tanggal,kode_wilayah,indikator,nilai,satuan,kode_varian,kode_sumber
2025-01-01,1708,curah_hujan_mm,9.3,mm,,BD-CUACA
2025-01-01,1708,suhu_rata_c,21.3,C,,BD-CUACA
2025-01-01,1709,curah_hujan_mm,17.6,mm,,BD-CUACA
2025-01-01,1709,suhu_rata_c,24.7,C,,BD-CUACA
2025-01-01,1771,curah_hujan_mm,23.6,mm,,BD-CUACA
2025-01-01,1771,suhu_rata_c,25.7,C,,BD-CUACA
2025-01-02,1708,curah_hujan_mm,1.1,mm,,BD-CUACA
2025-01-02,1708,suhu_rata_c,22.6,C,,BD-CUACA
2025-01-02,1709,curah_hujan_mm,0.7,mm,,BD-CUACA
2025-01-02,1709,suhu_rata_c,25.9,C,,BD-CUACA
2025-01-02,1771,curah_hujan_mm,1.0,mm,,BD-CUACA
2025-01-02,1771,suhu_rata_c,26.7,C,,BD-CUACA
2025-01-03,1708,curah_hujan_mm,2.1,mm,,BD-CUACA
2025-01-03,1708,suhu_rata_c,22.8,C,,BD-CUACA
2025-01-03,1709,curah_hujan_mm,0.1,mm,,BD-CUACA
2025-01-03,1709,suhu_rata_c,26.2,C,,BD-CUACA
2025-01-03,1771,curah_hujan_mm,0.0,mm,,BD-CUACA
2025-01-03,1771,suhu_rata_c,27.2,C,,BD-CUACA
2025-01-04,1708,curah_hujan_mm,3.7,mm,,BD-CUACA
2025-01-04,1708,suhu_rata_c,22.0,C,,BD-CUACA
2025-01-04,1709,curah_hujan_mm,16.6,mm,,BD-CUACA
2025-01-04,1709,suhu_rata_c,24.8,C,,BD-CUACA
2025-01-04,1771,curah_hujan_mm,9.6,mm,,BD-CUACA
2025-01-04,1771,suhu_rata_c,26.3,C,,BD-CUACA
2025-01-05,1708,curah_hujan_mm,3.0,mm,,BD-CUACA
2025-01-05,1708,suhu_rata_c,22.6,C,,BD-CUACA
2025-01-05,1709,curah_hujan_mm,0.2,mm,,BD-CUACA
2025-01-05,1709,suhu_rata_c,25.9,C,,BD-CUACA
2025-01-05,1771,curah_hujan_mm,0.6,mm,,BD-CUACA
2025-01-05,1771,suhu_rata_c,27.1,C,,BD-CUACA
2025-01-06,1708,curah_hujan_mm,6.4,mm,,BD-CUACA
2025-01-06,1708,suhu_rata_c,21.9,C,,BD-CUACA
2025-01-06,1709,curah_hujan_mm,32.7,mm,,BD-CUACA
2025-01-06,1709,suhu_rata_c,24.8,C,,BD-CUACA
2025-01-06,1771,curah_hujan_mm,19.2,mm,,BD-CUACA
2025-01-06,1771,suhu_rata_c,26.0,C,,BD-CUACA
2025-01-07,1708,curah_hujan_mm,22.4,mm,,BD-CUACA
2025-01-07,1708,suhu_rata_c,21.2,C,,BD-CUACA
2025-01-07,1709,curah_hujan_mm,16.4,mm,,BD-CUACA
2025-01-07,1709,suhu_rata_c,24.4,C,,BD-CUACA
2025-01-07,1771,curah_hujan_mm,23.1,mm,,BD-CUACA
2025-01-07,1771,suhu_rata_c,25.4,C,,BD-CUACA
2025-01-08,1708,curah_hujan_mm,11.9,mm,,BD-CUACA
2025-01-08,1708,suhu_rata_c,21.9,C,,BD-CUACA
2025-01-08,1709,curah_hujan_mm,9.8,mm,,BD-CUACA
2025-01-08,1709,suhu_rata_c,25.0,C,,BD-CUACA
2025-01-08,1771,curah_hujan_mm,8.5,mm,,BD-CUACA
2025-01-08,1771,suhu_rata_c,26.0,C,,BD-CUACA
2025-01-09,1708,curah_hujan_mm,10.5,mm,,BD-CUACA
2025-01-09,1708,suhu_rata_c,22.1,C,,BD-CUACA
2025-01-09,1709,curah_hujan_mm,5.4,mm,,BD-CUACA
2025-01-09,1709,suhu_rata_c,25.0,C,,BD-CUACA
2025-01-09,1771,curah_hujan_mm,8.4,mm,,BD-CUACA
2025-01-09,1771,suhu_rata_c,26.4,C,,BD-CUACA
2025-01-10,1708,curah_hujan_mm,17.2,mm,,BD-CUACA
2025-01-10,1708,suhu_rata_c,22.6,C,,BD-CUACA
2025-01-10,1709,curah_hujan_mm,6.7,mm,,BD-CUACA
2025-01-10,1709,suhu_rata_c,25.1,C,,BD-CUACA
2025-01-10,1771,curah_hujan_mm,10.1,mm,,BD-CUACA
2025-01-10,1771,suhu_rata_c,26.2,C,,BD-CUACA
2025-01-11,1708,curah_hujan_mm,14.6,mm,,BD-CUACA
2025-01-11,1708,suhu_rata_c,21.7,C,,BD-CUACA
2025-01-11,1709,curah_hujan_mm,15.7,mm,,BD-CUACA
2025-01-11,1709,suhu_rata_c,24.4,C,,BD-CUACA
2025-01-11,1771,curah_hujan_mm,8.5,mm,,BD-CUACA
2025-01-11,1771,suhu_rata_c,25.5,C,,BD-CUACA
2025-01-12,1708,curah_hujan_mm,10.5,mm,,BD-CUACA
2025-01-12,1708,suhu_rata_c,21.6,C,,BD-CUACA
2025-01-12,1709,curah_hujan_mm,16.8,mm,,BD-CUACA
2025-01-12,1709,suhu_rata_c,24.3,C,,BD-CUACA
2025-01-12,1771,curah_hujan_mm,18.2,mm,,BD-CUACA
2025-01-12,1771,suhu_rata_c,25.1,C,,BD-CUACA
2025-01-13,1708,curah_hujan_mm,3.4,mm,,BD-CUACA
2025-01-13,1708,suhu_rata_c,21.7,C,,BD-CUACA
2025-01-13,1709,curah_hujan_mm,12.0,mm,,BD-CUACA
2025-01-13,1709,suhu_rata_c,24.5,C,,BD-CUACA
2025-01-13,1771,curah_hujan_mm,25.2,mm,,BD-CUACA
2025-01-13,1771,suhu_rata_c,25.7,C,,BD-CUACA
2025-01-14,1708,curah_hujan_mm,5.7,mm,,BD-CUACA
2025-01-14,1708,suhu_rata_c,21.6,C,,BD-CUACA
2025-01-14,1709,curah_hujan_mm,42.0,mm,,BD-CUACA
2025-01-14,1709,suhu_rata_c,24.6,C,,BD-CUACA
2025-01-14,1771,curah_hujan_mm,19.9,mm,,BD-CUACA
2025-01-14,1771,suhu_rata_c,25.6,C,,BD-CUACA
2025-01-15,1708,curah_hujan_mm,18.1,mm,,BD-CUACA
2025-01-15,1708,suhu_rata_c,21.9,C,,BD-CUACA
2025-01-15,1709,curah_hujan_mm,7.3,mm,,BD-CUACA
2025-01-15,1709,suhu_rata_c,24.9,C,,BD-CUACA
2025-01-15,1771,curah_hujan_mm,7.0,mm,,BD-CUACA
2025-01-15,1771,suhu_rata_c,25.8,C,,BD-CUACA
2025-01-16,1708,curah_hujan_mm,13.2,mm,,BD-CUACA
2025-01-16,1708,suhu_rata_c,22.1,C,,BD-CUACA
2025-01-16,1709,curah_hujan_mm,10.8,mm,,BD-CUACA
2025-01-16,1709,suhu_rata_c,24.8,C,,BD-CUACA
2025-01-16,1771,curah_hujan_mm,8.3,mm,,BD-CUACA
2025-01-16,1771,suhu_rata_c,26.2,C,,BD-CUACA
2025-01-17,1708,curah_hujan_mm,33.0,mm,,BD-CUACA
2025-01-17,1708,suhu_rata_c,22.0,C,,BD-CUACA
2025-01-17,1709,curah_hujan_mm,40.9,mm,,BD-CUACA
2025-01-17,1709,suhu_rata_c,24.7,C,,BD-CUACA
2025-01-17,1771,curah_hujan_mm,42.2,mm,,BD-CUACA
2025-01-17,1771,suhu_rata_c,25.5,C,,BD-CUACA
2025-01-18,1708,curah_hujan_mm,17.7,mm,,BD-CUACA
2025-01-18,1708,suhu_rata_c,22.2,C,,BD-CUACA
2025-01-18,1709,curah_hujan_mm,5.2,mm,,BD-CUACA
2025-01-18,1709,suhu_rata_c,25.3,C,,BD-CUACA
2025-01-18,1771,curah_hujan_mm,5.1,mm,,BD-CUACA
2025-01-18,1771,suhu_rata_c,26.6,C,,BD-CUACA
2025-01-19,1708,curah_hujan_mm,30.8,mm,,BD-CUACA
2025-01-19,1708,suhu_rata_c,22.0,C,,BD-CUACA
2025-01-19,1709,curah_hujan_mm,15.1,mm,,BD-CUACA
2025-01-19,1709,suhu_rata_c,25.0,C,,BD-CUACA
2025-01-19,1771,curah_hujan_mm,7.4,mm,,BD-CUACA
2025-01-19,1771,suhu_rata_c,25.9,C,,BD-CUACA
2025-01-20,1708,curah_hujan_mm,13.3,mm,,BD-CUACA
2025-01-20,1708,suhu_rata_c,21.7,C,,BD-CUACA
2025-01-20,1709,curah_hujan_mm,17.9,mm,,BD-CUACA
2025-01-20,1709,suhu_rata_c,24.6,C,,BD-CUACA
2025-01-20,1771,curah_hujan_mm,24.3,mm,,BD-CUACA
2025-01-20,1771,suhu_rata_c,25.4,C,,BD-CUACA
2025-01-21,1708,curah_hujan_mm,14.2,mm,,BD-CUACA
2025-01-21,1708,suhu_rata_c,21.5,C,,BD-CUACA
2025-01-21,1709,curah_hujan_mm,27.6,mm,,BD-CUACA
2025-01-21,1709,suhu_rata_c,24.0,C,,BD-CUACA
2025-01-21,1771,curah_hujan_mm,18.5,mm,,BD-CUACA
2025-01-21,1771,suhu_rata_c,25.2,C,,BD-CUACA
2025-01-22,1708,curah_hujan_mm,5.3,mm,,BD-CUACA
2025-01-22,1708,suhu_rata_c,22.3,C,,BD-CUACA
2025-01-22,1709,curah_hujan_mm,1.4,mm,,BD-CUACA
2025-01-22,1709,suhu_rata_c,25.7,C,,BD-CUACA
2025-01-22,1771,curah_hujan_mm,0.3,mm,,BD-CUACA
2025-01-22,1771,suhu_rata_c,26.9,C,,BD-CUACA
2025-01-23,1708,curah_hujan_mm,13.9,mm,,BD-CUACA
2025-01-23,1708,suhu_rata_c,22.2,C,,BD-CUACA
2025-01-23,1709,curah_hujan_mm,23.8,mm,,BD-CUACA
2025-01-23,1709,suhu_rata_c,25.1,C,,BD-CUACA
2025-01-23,1771,curah_hujan_mm,25.3,mm,,BD-CUACA
2025-01-23,1771,suhu_rata_c,26.2,C,,BD-CUACA
2025-01-24,1708,curah_hujan_mm,2.3,mm,,BD-CUACA
2025-01-24,1708,suhu_rata_c,22.2,C,,BD-CUACA
2025-01-24,1709,curah_hujan_mm,7.1,mm,,BD-CUACA
2025-01-24,1709,suhu_rata_c,25.3,C,,BD-CUACA
2025-01-24,1771,curah_hujan_mm,8.3,mm,,BD-CUACA
2025-01-24,1771,suhu_rata_c,26.1,C,,BD-CUACA
2025-01-25,1708,curah_hujan_mm,4.4,mm,,BD-CUACA
2025-01-25,1708,suhu_rata_c,21.4,C,,BD-CUACA
2025-01-25,1709,curah_hujan_mm,34.5,mm,,BD-CUACA
2025-01-25,1709,suhu_rata_c,24.3,C,,BD-CUACA
2025-01-25,1771,curah_hujan_mm,27.0,mm,,BD-CUACA
2025-01-25,1771,suhu_rata_c,25.3,C,,BD-CUACA
2025-01-26,1708,curah_hujan_mm,3.4,mm,,BD-CUACA
2025-01-26,1708,suhu_rata_c,21.8,C,,BD-CUACA
2025-01-26,1709,curah_hujan_mm,4.3,mm,,BD-CUACA
2025-01-26,1709,suhu_rata_c,25.2,C,,BD-CUACA
2025-01-26,1771,curah_hujan_mm,6.3,mm,,BD-CUACA
2025-01-26,1771,suhu_rata_c,26.3,C,,BD-CUACA
2025-01-27,1708,curah_hujan_mm,8.5,mm,,BD-CUACA
2025-01-27,1708,suhu_rata_c,21.5,C,,BD-CUACA
2025-01-27,1709,curah_hujan_mm,24.6,mm,,BD-CUACA
2025-01-27,1709,suhu_rata_c,24.6,C,,BD-CUACA
2025-01-27,1771,curah_hujan_mm,15.1,mm,,BD-CUACA
2025-01-27,1771,suhu_rata_c,25.3,C,,BD-CUACA
2025-01-28,1708,curah_hujan_mm,14.5,mm,,BD-CUACA
2025-01-28,1708,suhu_rata_c,22.4,C,,BD-CUACA
2025-01-28,1709,curah_hujan_mm,8.1,mm,,BD-CUACA
2025-01-28,1709,suhu_rata_c,25.7,C,,BD-CUACA
2025-01-28,1771,curah_hujan_mm,2.9,mm,,BD-CUACA
2025-01-28,1771,suhu_rata_c,26.6,C,,BD-CUACA
2025-01-29,1708,curah_hujan_mm,5.8,mm,,BD-CUACA
2025-01-29,1708,suhu_rata_c,22.6,C,,BD-CUACA
2025-01-29,1709,curah_hujan_mm,1.0,mm,,BD-CUACA
2025-01-29,1709,suhu_rata_c,26.3,C,,BD-CUACA
2025-01-29,1771,curah_hujan_mm,0.8,mm,,BD-CUACA
2025-01-29,1771,suhu_rata_c,27.2,C,,BD-CUACA
2025-01-30,1708,curah_hujan_mm,4.4,mm,,BD-CUACA
2025-01-30,1708,suhu_rata_c,22.6,C,,BD-CUACA
2025-01-30,1709,curah_hujan_mm,2.5,mm,,BD-CUACA
2025-01-30,1709,suhu_rata_c,26.2,C,,BD-CUACA
2025-01-30,1771,curah_hujan_mm,11.2,mm,,BD-CUACA
2025-01-30,1771,suhu_rata_c,26.8,C,,BD-CUACA
2025-01-31,1708,curah_hujan_mm,0.0,mm,,BD-CUACA
2025-01-31,1708,suhu_rata_c,22.9,C,,BD-CUACA
2025-01-31,1709,curah_hujan_mm,0.0,mm,,BD-CUACA
2025-01-31,1709,suhu_rata_c,26.3,C,,BD-CUACA
2025-01-31,1771,curah_hujan_mm,0.0,mm,,BD-CUACA
2025-01-31,1771,suhu_rata_c,27.2,C,,BD-CUACA
2025-02-01,1708,curah_hujan_mm,0.0,mm,,BD-CUACA
2025-02-01,1708,suhu_rata_c,23.1,C,,BD-CUACA
2025-02-01,1709,curah_hujan_mm,0.0,mm,,BD-CUACA
2025-02-01,1709,suhu_rata_c,26.4,C,,BD-CUACA
2025-02-01,1771,curah_hujan_mm,0.0,mm,,BD-CUACA
2025-02-01,1771,suhu_rata_c,28.1,C,,BD-CUACA
2025-02-02,1708,curah_hujan_mm,0.2,mm,,BD-CUACA
2025-02-02,1708,suhu_rata_c,22.9,C,,BD-CUACA
2025-02-02,1709,curah_hujan_mm,0.7,mm,,BD-CUACA
2025-02-02,1709,suhu_rata_c,26.3,C,,BD-CUACA
2025-02-02,1771,curah_hujan_mm,0.0,mm,,BD-CUACA
2025-02-02,1771,suhu_rata_c,28.1,C,,BD-CUACA
2025-02-03,1708,curah_hujan_mm,3.7,mm,,BD-CUACA
2025-02-03,1708,suhu_rata_c,23.2,C,,BD-CUACA
2025-02-03,1709,curah_hujan_mm,2.4,mm,,BD-CUACA
2025-02-03,1709,suhu_rata_c,26.7,C,,BD-CUACA
2025-02-03,1771,curah_hujan_mm,0.0,mm,,BD-CUACA
2025-02-03,1771,suhu_rata_c,28.3,C,,BD-CUACA
2025-02-04,1708,curah_hujan_mm,4.3,mm,,BD-CUACA
2025-02-04,1708,suhu_rata_c,22.0,C,,BD-CUACA
2025-02-04,1709,curah_hujan_mm,36.5,mm,,BD-CUACA
2025-02-04,1709,suhu_rata_c,24.9,C,,BD-CUACA
2025-02-04,1771,curah_hujan_mm,18.1,mm,,BD-CUACA
2025-02-04,1771,suhu_rata_c,26.3,C,,BD-CUACA
2025-02-05,1708,curah_hujan_mm,11.6,mm,,BD-CUACA
2025-02-05,1708,suhu_rata_c,21.6,C,,BD-CUACA
2025-02-05,1709,curah_hujan_mm,18.8,mm,,BD-CUACA
2025-02-05,1709,suhu_rata_c,24.9,C,,BD-CUACA
2025-02-05,1771,curah_hujan_mm,18.6,mm,,BD-CUACA
2025-02-05,1771,suhu_rata_c,25.9,C,,BD-CUACA
2025-02-06,1708,curah_hujan_mm,5.4,mm,,BD-CUACA
2025-02-06,1708,suhu_rata_c,22.6,C,,BD-CUACA
2025-02-06,1709,curah_hujan_mm,5.9,mm,,BD-CUACA
2025-02-06,1709,suhu_rata_c,25.8,C,,BD-CUACA
2025-02-06,1771,curah_hujan_mm,33.4,mm,,BD-CUACA
2025-02-06,1771,suhu_rata_c,26.5,C,,BD-CUACA
2025-02-07,1708,curah_hujan_mm,7.0,mm,,BD-CUACA
2025-02-07,1708,suhu_rata_c,22.1,C,,BD-CUACA
2025-02-07,1709,curah_hujan_mm,2.8,mm,,BD-CUACA
2025-02-07,1709,suhu_rata_c,25.4,C,,BD-CUACA
2025-02-07,1771,curah_hujan_mm,5.4,mm,,BD-CUACA
2025-02-07,1771,suhu_rata_c,26.4,C,,BD-CUACA
2025-02-08,1708,curah_hujan_mm,4.9,mm,,BD-CUACA
2025-02-08,1708,suhu_rata_c,21.9,C,,BD-CUACA
2025-02-08,1709,curah_hujan_mm,3.1,mm,,BD-CUACA
2025-02-08,1709,suhu_rata_c,24.8,C,,BD-CUACA
2025-02-08,1771,curah_hujan_mm,21.9,mm,,BD-CUACA
2025-02-08,1771,suhu_rata_c,26.1,C,,BD-CUACA
2025-02-09,1708,curah_hujan_mm,3.8,mm,,BD-CUACA
2025-02-09,1708,suhu_rata_c,23.1,C,,BD-CUACA
2025-02-09,1709,curah_hujan_mm,12.8,mm,,BD-CUACA
2025-02-09,1709,suhu_rata_c,25.6,C,,BD-CUACA
2025-02-09,1771,curah_hujan_mm,2.2,mm,,BD-CUACA
2025-02-09,1771,suhu_rata_c,26.5,C,,BD-CUACA
2025-02-10,1708,curah_hujan_mm,1.2,mm,,BD-CUACA
2025-02-10,1708,suhu_rata_c,23.3,C,,BD-CUACA
2025-02-10,1709,curah_hujan_mm,0.7,mm,,BD-CUACA
2025-02-10,1709,suhu_rata_c,26.8,C,,BD-CUACA
2025-02-10,1771,curah_hujan_mm,0.1,mm,,BD-CUACA
2025-02-10,1771,suhu_rata_c,27.7,C,,BD-CUACA
2025-02-11,1708,curah_hujan_mm,0.6,mm,,BD-CUACA
2025-02-11,1708,suhu_rata_c,23.6,C,,BD-CUACA
2025-02-11,1709,curah_hujan_mm,0.0,mm,,BD-CUACA
2025-02-11,1709,suhu_rata_c,27.0,C,,BD-CUACA
2025-02-11,1771,curah_hujan_mm,0.0,mm,,BD-CUACA
2025-02-11,1771,suhu_rata_c,27.9,C,,BD-CUACA
2025-02-12,1708,curah_hujan_mm,0.0,mm,,BD-CUACA
2025-02-12,1708,suhu_rata_c,23.7,C,,BD-CUACA
2025-02-12,1709,curah_hujan_mm,0.0,mm,,BD-CUACA
2025-02-12,1709,suhu_rata_c,26.7,C,,BD-CUACA
2025-02-12,1771,curah_hujan_mm,0.0,mm,,BD-CUACA
2025-02-12,1771,suhu_rata_c,27.9,C,,BD-CUACA
2025-02-13,1708,curah_hujan_mm,2.1,mm,,BD-CUACA
2025-02-13,1708,suhu_rata_c,23.3,C,,BD-CUACA
2025-02-13,1709,curah_hujan_mm,0.7,mm,,BD-CUACA
2025-02-13,1709,suhu_rata_c,26.1,C,,BD-CUACA
2025-02-13,1771,curah_hujan_mm,1.0,mm,,BD-CUACA
2025-02-13,1771,suhu_rata_c,27.5,C,,BD-CUACA
2025-02-14,1708,curah_hujan_mm,2.8,mm,,BD-CUACA
2025-02-14,1708,suhu_rata_c,22.7,C,,BD-CUACA
2025-02-14,1709,curah_hujan_mm,5.3,mm,,BD-CUACA
2025-02-14,1709,suhu_rata_c,25.9,C,,BD-CUACA
2025-02-14,1771,curah_hujan_mm,3.2,mm,,BD-CUACA
2025-02-14,1771,suhu_rata_c,27.0,C,,BD-CUACA
2025-02-15,1708,curah_hujan_mm,2.3,mm,,BD-CUACA
2025-02-15,1708,suhu_rata_c,22.3,C,,BD-CUACA
2025-02-15,1709,curah_hujan_mm,1.6,mm,,BD-CUACA
2025-02-15,1709,suhu_rata_c,25.5,C,,BD-CUACA
2025-02-15,1771,curah_hujan_mm,4.9,mm,,BD-CUACA
2025-02-15,1771,suhu_rata_c,26.8,C,,BD-CUACA
2025-02-16,1708,curah_hujan_mm,13.1,mm,,BD-CUACA
2025-02-16,1708,suhu_rata_c,22.0,C,,BD-CUACA
2025-02-16,1709,curah_hujan_mm,10.2,mm,,BD-CUACA
2025-02-16,1709,suhu_rata_c,25.0,C,,BD-CUACA
2025-02-16,1771,curah_hujan_mm,3.5,mm,,BD-CUACA
2025-02-16,1771,suhu_rata_c,26.2,C,,BD-CUACA
2025-02-17,1708,curah_hujan_mm,2.5,mm,,BD-CUACA
2025-02-17,1708,suhu_rata_c,21.8,C,,BD-CUACA
2025-02-17,1709,curah_hujan_mm,9.0,mm,,BD-CUACA
2025-02-17,1709,suhu_rata_c,24.6,C,,BD-CUACA
2025-02-17,1771,curah_hujan_mm,26.7,mm,,BD-CUACA
2025-02-17,1771,suhu_rata_c,25.6,C,,BD-CUACA
2025-02-18,1708,curah_hujan_mm,12.2,mm,,BD-CUACA
2025-02-18,1708,suhu_rata_c,21.3,C,,BD-CUACA
2025-02-18,1709,curah_hujan_mm,24.1,mm,,BD-CUACA
2025-02-18,1709,suhu_rata_c,24.2,C,,BD-CUACA
2025-02-18,1771,curah_hujan_mm,31.2,mm,,BD-CUACA
2025-02-18,1771,suhu_rata_c,25.3,C,,BD-CUACA
2025-02-19,1708,curah_hujan_mm,9.7,mm,,BD-CUACA
2025-02-19,1708,suhu_rata_c,21.1,C,,BD-CUACA
2025-02-19,1709,curah_hujan_mm,13.2,mm,,BD-CUACA
2025-02-19,1709,suhu_rata_c,23.8,C,,BD-CUACA
2025-02-19,1771,curah_hujan_mm,5.3,mm,,BD-CUACA
2025-02-19,1771,suhu_rata_c,25.3,C,,BD-CUACA
2025-02-20,1708,curah_hujan_mm,12.9,mm,,BD-CUACA
2025-02-20,1708,suhu_rata_c,21.7,C,,BD-CUACA
2025-02-20,1709,curah_hujan_mm,11.4,mm,,BD-CUACA
2025-02-20,1709,suhu_rata_c,24.5,C,,BD-CUACA
2025-02-20,1771,curah_hujan_mm,17.5,mm,,BD-CUACA
2025-02-20,1771,suhu_rata_c,26.1,C,,BD-CUACA
2025-02-21,1708,curah_hujan_mm,7.5,mm,,BD-CUACA
2025-02-21,1708,suhu_rata_c,21.4,C,,BD-CUACA
2025-02-21,1709,curah_hujan_mm,2.1,mm,,BD-CUACA
2025-02-21,1709,suhu_rata_c,24.5,C,,BD-CUACA
2025-02-21,1771,curah_hujan_mm,10.2,mm,,BD-CUACA
2025-02-21,1771,suhu_rata_c,25.5,C,,BD-CUACA
2025-02-22,1708,curah_hujan_mm,14.0,mm,,BD-CUACA
2025-02-22,1708,suhu_rata_c,21.4,C,,BD-CUACA
2025-02-22,1709,curah_hujan_mm,21.5,mm,,BD-CUACA
2025-02-22,1709,suhu_rata_c,24.4,C,,BD-CUACA
2025-02-22,1771,curah_hujan_mm,22.0,mm,,BD-CUACA
2025-02-22,1771,suhu_rata_c,25.4,C,,BD-CUACA
2025-02-23,1708,curah_hujan_mm,18.7,mm,,BD-CUACA
2025-02-23,1708,suhu_rata_c,21.8,C,,BD-CUACA
2025-02-23,1709,curah_hujan_mm,4.7,mm,,BD-CUACA
2025-02-23,1709,suhu_rata_c,24.9,C,,BD-CUACA
2025-02-23,1771,curah_hujan_mm,8.2,mm,,BD-CUACA
2025-02-23,1771,suhu_rata_c,25.7,C,,BD-CUACA
2025-02-24,1708,curah_hujan_mm,25.3,mm,,BD-CUACA
2025-02-24,1708,suhu_rata_c,21.6,C,,BD-CUACA
2025-02-24,1709,curah_hujan_mm,14.7,mm,,BD-CUACA
2025-02-24,1709,suhu_rata_c,24.7,C,,BD-CUACA
2025-02-24,1771,curah_hujan_mm,18.4,mm,,BD-CUACA
2025-02-24,1771,suhu_rata_c,25.9,C,,BD-CUACA
2025-02-25,1708,curah_hujan_mm,12.9,mm,,BD-CUACA
2025-02-25,1708,suhu_rata_c,22.5,C,,BD-CUACA
2025-02-25,1709,curah_hujan_mm,18.0,mm,,BD-CUACA
2025-02-25,1709,suhu_rata_c,25.3,C,,BD-CUACA
2025-02-25,1771,curah_hujan_mm,4.0,mm,,BD-CUACA
2025-02-25,1771,suhu_rata_c,26.7,C,,BD-CUACA
2025-02-26,1708,curah_hujan_mm,13.9,mm,,BD-CUACA
2025-02-26,1708,suhu_rata_c,22.7,C,,BD-CUACA
2025-02-26,1709,curah_hujan_mm,11.9,mm,,BD-CUACA
2025-02-26,1709,suhu_rata_c,25.6,C,,BD-CUACA
2025-02-26,1771,curah_hujan_mm,21.9,mm,,BD-CUACA
2025-02-26,1771,suhu_rata_c,26.5,C,,BD-CUACA
2025-02-27,1708,curah_hujan_mm,24.4,mm,,BD-CUACA
2025-02-27,1708,suhu_rata_c,21.8,C,,BD-CUACA
2025-02-27,1709,curah_hujan_mm,27.7,mm,,BD-CUACA
2025-02-27,1709,suhu_rata_c,24.8,C,,BD-CUACA
2025-02-27,1771,curah_hujan_mm,19.4,mm,,BD-CUACA
2025-02-27,1771,suhu_rata_c,25.6,C,,BD-CUACA
2025-02-28,1708,curah_hujan_mm,19.3,mm,,BD-CUACA
2025-02-28,1708,suhu_rata_c,22.3,C,,BD-CUACA
2025-02-28,1709,curah_hujan_mm,7.6,mm,,BD-CUACA
2025-02-28,1709,suhu_rata_c,25.0,C,,BD-CUACA
2025-02-28,1771,curah_hujan_mm,1.4,mm,,BD-CUACA
2025-02-28,1771,suhu_rata_c,26.3,C,,BD-CUACA
2025-03-01,1708,curah_hujan_mm,16.2,mm,,BD-CUACA
2025-03-01,1708,suhu_rata_c,22.6,C,,BD-CUACA
2025-03-01,1709,curah_hujan_mm,11.3,mm,,BD-CUACA
2025-03-01,1709,suhu_rata_c,25.3,C,,BD-CUACA
2025-03-01,1771,curah_hujan_mm,0.5,mm,,BD-CUACA
2025-03-01,1771,suhu_rata_c,26.8,C,,BD-CUACA
2025-03-02,1708,curah_hujan_mm,18.2,mm,,BD-CUACA
2025-03-02,1708,suhu_rata_c,22.5,C,,BD-CUACA
2025-03-02,1709,curah_hujan_mm,18.7,mm,,BD-CUACA
2025-03-02,1709,suhu_rata_c,25.0,C,,BD-CUACA
2025-03-02,1771,curah_hujan_mm,9.1,mm,,BD-CUACA
2025-03-02,1771,suhu_rata_c,26.3,C,,BD-CUACA
2025-03-03,1708,curah_hujan_mm,20.2,mm,,BD-CUACA
2025-03-03,1708,suhu_rata_c,21.9,C,,BD-CUACA
2025-03-03,1709,curah_hujan_mm,15.2,mm,,BD-CUACA
2025-03-03,1709,suhu_rata_c,24.9,C,,BD-CUACA
2025-03-03,1771,curah_hujan_mm,16.9,mm,,BD-CUACA
2025-03-03,1771,suhu_rata_c,26.1,C,,BD-CUACA
2025-03-04,1708,curah_hujan_mm,5.1,mm,,BD-CUACA
2025-03-04,1708,suhu_rata_c,22.2,C,,BD-CUACA
2025-03-04,1709,curah_hujan_mm,12.8,mm,,BD-CUACA
2025-03-04,1709,suhu_rata_c,25.1,C,,BD-CUACA
2025-03-04,1771,curah_hujan_mm,7.3,mm,,BD-CUACA
2025-03-04,1771,suhu_rata_c,26.0,C,,BD-CUACA
2025-03-05,1708,curah_hujan_mm,36.0,mm,,BD-CUACA
2025-03-05,1708,suhu_rata_c,21.9,C,,BD-CUACA
2025-03-05,1709,curah_hujan_mm,47.7,mm,,BD-CUACA
2025-03-05,1709,suhu_rata_c,24.7,C,,BD-CUACA
2025-03-05,1771,curah_hujan_mm,39.9,mm,,BD-CUACA
2025-03-05,1771,suhu_rata_c,25.9,C,,BD-CUACA
2025-03-06,1708,curah_hujan_mm,11.1,mm,,BD-CUACA
2025-03-06,1708,suhu_rata_c,22.2,C,,BD-CUACA
2025-03-06,1709,curah_hujan_mm,16.7,mm,,BD-CUACA
2025-03-06,1709,suhu_rata_c,25.2,C,,BD-CUACA
2025-03-06,1771,curah_hujan_mm,12.9,mm,,BD-CUACA
2025-03-06,1771,suhu_rata_c,26.4,C,,BD-CUACA
2025-03-07,1708,curah_hujan_mm,0.7,mm,,BD-CUACA
2025-03-07,1708,suhu_rata_c,22.6,C,,BD-CUACA
2025-03-07,1709,curah_hujan_mm,1.0,mm,,BD-CUACA
2025-03-07,1709,suhu_rata_c,26.1,C,,BD-CUACA
2025-03-07,1771,curah_hujan_mm,0.1,mm,,BD-CUACA
2025-03-07,1771,suhu_rata_c,27.3,C,,BD-CUACA
2025-03-08,1708,curah_hujan_mm,12.1,mm,,BD-CUACA
2025-03-08,1708,suhu_rata_c,21.7,C,,BD-CUACA
2025-03-08,1709,curah_hujan_mm,40.0,mm,,BD-CUACA
2025-03-08,1709,suhu_rata_c,24.5,C,,BD-CUACA
2025-03-08,1771,curah_hujan_mm,10.9,mm,,BD-CUACA
2025-03-08,1771,suhu_rata_c,25.8,C,,BD-CUACA
2025-03-09,1708,curah_hujan_mm,9.2,mm,,BD-CUACA
2025-03-09,1708,suhu_rata_c,21.7,C,,BD-CUACA
2025-03-09,1709,curah_hujan_mm,13.9,mm,,BD-CUACA
2025-03-09,1709,suhu_rata_c,24.2,C,,BD-CUACA
2025-03-09,1771,curah_hujan_mm,22.5,mm,,BD-CUACA
2025-03-09,1771,suhu_rata_c,25.1,C,,BD-CUACA
2025-03-10,1708,curah_hujan_mm,14.4,mm,,BD-CUACA
2025-03-10,1708,suhu_rata_c,23.0,C,,BD-CUACA
2025-03-10,1709,curah_hujan_mm,12.9,mm,,BD-CUACA
2025-03-10,1709,suhu_rata_c,26.2,C,,BD-CUACA
2025-03-10,1771,curah_hujan_mm,0.8,mm,,BD-CUACA
2025-03-10,1771,suhu_rata_c,27.1,C,,BD-CUACA
2025-03-11,1708,curah_hujan_mm,32.1,mm,,BD-CUACA
2025-03-11,1708,suhu_rata_c,22.5,C,,BD-CUACA
2025-03-11,1709,curah_hujan_mm,23.2,mm,,BD-CUACA
2025-03-11,1709,suhu_rata_c,25.3,C,,BD-CUACA
2025-03-11,1771,curah_hujan_mm,12.7,mm,,BD-CUACA
2025-03-11,1771,suhu_rata_c,26.4,C,,BD-CUACA
2025-03-12,1708,curah_hujan_mm,11.7,mm,,BD-CUACA
2025-03-12,1708,suhu_rata_c,22.2,C,,BD-CUACA
2025-03-12,1709,curah_hujan_mm,27.7,mm,,BD-CUACA
2025-03-12,1709,suhu_rata_c,25.0,C,,BD-CUACA
2025-03-12,1771,curah_hujan_mm,36.7,mm,,BD-CUACA
2025-03-12,1771,suhu_rata_c,26.0,C,,BD-CUACA
2025-03-13,1708,curah_hujan_mm,2.0,mm,,BD-CUACA
2025-03-13,1708,suhu_rata_c,22.4,C,,BD-CUACA
2025-03-13,1709,curah_hujan_mm,1.1,mm,,BD-CUACA
2025-03-13,1709,suhu_rata_c,25.9,C,,BD-CUACA
2025-03-13,1771,curah_hujan_mm,2.4,mm,,BD-CUACA
2025-03-13,1771,suhu_rata_c,26.9,C,,BD-CUACA
2025-03-14,1708,curah_hujan_mm,3.7,mm,,BD-CUACA
2025-03-14,1708,suhu_rata_c,22.2,C,,BD-CUACA
2025-03-14,1709,curah_hujan_mm,3.4,mm,,BD-CUACA
2025-03-14,1709,suhu_rata_c,25.7,C,,BD-CUACA
2025-03-14,1771,curah_hujan_mm,11.2,mm,,BD-CUACA
2025-03-14,1771,suhu_rata_c,26.6,C,,BD-CUACA
2025-03-15,1708,curah_hujan_mm,0.8,mm,,BD-CUACA
2025-03-15,1708,suhu_rata_c,22.7,C,,BD-CUACA
2025-03-15,1709,curah_hujan_mm,3.6,mm,,BD-CUACA
2025-03-15,1709,suhu_rata_c,25.9,C,,BD-CUACA
2025-03-15,1771,curah_hujan_mm,3.6,mm,,BD-CUACA
2025-03-15,1771,suhu_rata_c,26.7,C,,BD-CUACA
2025-03-16,1708,curah_hujan_mm,2.8,mm,,BD-CUACA
2025-03-16,1708,suhu_rata_c,22.7,C,,BD-CUACA
2025-03-16,1709,curah_hujan_mm,6.8,mm,,BD-CUACA
2025-03-16,1709,suhu_rata_c,25.9,C,,BD-CUACA
2025-03-16,1771,curah_hujan_mm,6.0,mm,,BD-CUACA
2025-03-16,1771,suhu_rata_c,27.1,C,,BD-CUACA
2025-03-17,1708,curah_hujan_mm,33.5,mm,,BD-CUACA
2025-03-17,1708,suhu_rata_c,21.5,C,,BD-CUACA
2025-03-17,1709,curah_hujan_mm,13.5,mm,,BD-CUACA
2025-03-17,1709,suhu_rata_c,24.5,C,,BD-CUACA
2025-03-17,1771,curah_hujan_mm,27.6,mm,,BD-CUACA
2025-03-17,1771,suhu_rata_c,25.6,C,,BD-CUACA
2025-03-18,1708,curah_hujan_mm,33.1,mm,,BD-CUACA
2025-03-18,1708,suhu_rata_c,21.9,C,,BD-CUACA
2025-03-18,1709,curah_hujan_mm,50.8,mm,,BD-CUACA
2025-03-18,1709,suhu_rata_c,24.5,C,,BD-CUACA
2025-03-18,1771,curah_hujan_mm,18.6,mm,,BD-CUACA
2025-03-18,1771,suhu_rata_c,25.9,C,,BD-CUACA
2025-03-19,1708,curah_hujan_mm,5.3,mm,,BD-CUACA
2025-03-19,1708,suhu_rata_c,22.7,C,,BD-CUACA
2025-03-19,1709,curah_hujan_mm,1.1,mm,,BD-CUACA
2025-03-19,1709,suhu_rata_c,25.8,C,,BD-CUACA
2025-03-19,1771,curah_hujan_mm,1.1,mm,,BD-CUACA
2025-03-19,1771,suhu_rata_c,27.1,C,,BD-CUACA
2025-03-20,1708,curah_hujan_mm,2.2,mm,,BD-CUACA
2025-03-20,1708,suhu_rata_c,23.1,C,,BD-CUACA
2025-03-20,1709,curah_hujan_mm,3.8,mm,,BD-CUACA
2025-03-20,1709,suhu_rata_c,25.3,C,,BD-CUACA
2025-03-20,1771,curah_hujan_mm,2.5,mm,,BD-CUACA
2025-03-20,1771,suhu_rata_c,26.5,C,,BD-CUACA
2025-03-21,1708,curah_hujan_mm,9.5,mm,,BD-CUACA
2025-03-21,1708,suhu_rata_c,23.0,C,,BD-CUACA
2025-03-21,1709,curah_hujan_mm,5.6,mm,,BD-CUACA
2025-03-21,1709,suhu_rata_c,26.1,C,,BD-CUACA
2025-03-21,1771,curah_hujan_mm,4.2,mm,,BD-CUACA
2025-03-21,1771,suhu_rata_c,27.2,C,,BD-CUACA
2025-03-22,1708,curah_hujan_mm,9.4,mm,,BD-CUACA
2025-03-22,1708,suhu_rata_c,22.1,C,,BD-CUACA
2025-03-22,1709,curah_hujan_mm,22.4,mm,,BD-CUACA
2025-03-22,1709,suhu_rata_c,25.3,C,,BD-CUACA
2025-03-22,1771,curah_hujan_mm,14.2,mm,,BD-CUACA
2025-03-22,1771,suhu_rata_c,26.2,C,,BD-CUACA
2025-03-23,1708,curah_hujan_mm,3.2,mm,,BD-CUACA
2025-03-23,1708,suhu_rata_c,22.7,C,,BD-CUACA
2025-03-23,1709,curah_hujan_mm,9.9,mm,,BD-CUACA
2025-03-23,1709,suhu_rata_c,26.1,C,,BD-CUACA
2025-03-23,1771,curah_hujan_mm,4.7,mm,,BD-CUACA
2025-03-23,1771,suhu_rata_c,27.3,C,,BD-CUACA
2025-03-24,1708,curah_hujan_mm,6.2,mm,,BD-CUACA
2025-03-24,1708,suhu_rata_c,22.3,C,,BD-CUACA
2025-03-24,1709,curah_hujan_mm,14.3,mm,,BD-CUACA
2025-03-24,1709,suhu_rata_c,25.2,C,,BD-CUACA
2025-03-24,1771,curah_hujan_mm,15.6,mm,,BD-CUACA
2025-03-24,1771,suhu_rata_c,26.4,C,,BD-CUACA
2025-03-25,1708,curah_hujan_mm,1.9,mm,,BD-CUACA
2025-03-25,1708,suhu_rata_c,23.4,C,,BD-CUACA
2025-03-25,1709,curah_hujan_mm,3.1,mm,,BD-CUACA
2025-03-25,1709,suhu_rata_c,26.7,C,,BD-CUACA
2025-03-25,1771,curah_hujan_mm,0.0,mm,,BD-CUACA
2025-03-25,1771,suhu_rata_c,27.9,C,,BD-CUACA
2025-03-26,1708,curah_hujan_mm,0.6,mm,,BD-CUACA
2025-03-26,1708,suhu_rata_c,23.5,C,,BD-CUACA
2025-03-26,1709,curah_hujan_mm,0.2,mm,,BD-CUACA
2025-03-26,1709,suhu_rata_c,26.8,C,,BD-CUACA
2025-03-26,1771,curah_hujan_mm,0.3,mm,,BD-CUACA
2025-03-26,1771,suhu_rata_c,28.5,C,,BD-CUACA
2025-03-27,1708,curah_hujan_mm,5.1,mm,,BD-CUACA
2025-03-27,1708,suhu_rata_c,22.7,C,,BD-CUACA
2025-03-27,1709,curah_hujan_mm,5.7,mm,,BD-CUACA
2025-03-27,1709,suhu_rata_c,26.3,C,,BD-CUACA
2025-03-27,1771,curah_hujan_mm,3.3,mm,,BD-CUACA
2025-03-27,1771,suhu_rata_c,27.8,C,,BD-CUACA
2025-03-28,1708,curah_hujan_mm,3.7,mm,,BD-CUACA
2025-03-28,1708,suhu_rata_c,22.0,C,,BD-CUACA
2025-03-28,1709,curah_hujan_mm,14.3,mm,,BD-CUACA
2025-03-28,1709,suhu_rata_c,25.2,C,,BD-CUACA
2025-03-28,1771,curah_hujan_mm,14.2,mm,,BD-CUACA
2025-03-28,1771,suhu_rata_c,26.4,C,,BD-CUACA
2025-03-29,1708,curah_hujan_mm,3.4,mm,,BD-CUACA
2025-03-29,1708,suhu_rata_c,22.3,C,,BD-CUACA
2025-03-29,1709,curah_hujan_mm,3.2,mm,,BD-CUACA
2025-03-29,1709,suhu_rata_c,25.7,C,,BD-CUACA
2025-03-29,1771,curah_hujan_mm,6.8,mm,,BD-CUACA
2025-03-29,1771,suhu_rata_c,27.0,C,,BD-CUACA
2025-03-30,1708,curah_hujan_mm,3.3,mm,,BD-CUACA
2025-03-30,1708,suhu_rata_c,23.0,C,,BD-CUACA
2025-03-30,1709,curah_hujan_mm,3.5,mm,,BD-CUACA
2025-03-30,1709,suhu_rata_c,25.9,C,,BD-CUACA
2025-03-30,1771,curah_hujan_mm,10.7,mm,,BD-CUACA
2025-03-30,1771,suhu_rata_c,26.5,C,,BD-CUACA
2025-03-31,1708,curah_hujan_mm,4.3,mm,,BD-CUACA
2025-03-31,1708,suhu_rata_c,22.4,C,,BD-CUACA
2025-03-31,1709,curah_hujan_mm,5.9,mm,,BD-CUACA
2025-03-31,1709,suhu_rata_c,25.7,C,,BD-CUACA
2025-03-31,1771,curah_hujan_mm,11.5,mm,,BD-CUACA
2025-03-31,1771,suhu_rata_c,26.7,C,,BD-CUACA
2025-04-01,1708,curah_hujan_mm,9.7,mm,,BD-CUACA
2025-04-01,1708,suhu_rata_c,22.3,C,,BD-CUACA
2025-04-01,1709,curah_hujan_mm,10.9,mm,,BD-CUACA
2025-04-01,1709,suhu_rata_c,25.4,C,,BD-CUACA
2025-04-01,1771,curah_hujan_mm,8.2,mm,,BD-CUACA
2025-04-01,1771,suhu_rata_c,26.6,C,,BD-CUACA
2025-04-02,1708,curah_hujan_mm,2.3,mm,,BD-CUACA
2025-04-02,1708,suhu_rata_c,21.9,C,,BD-CUACA
2025-04-02,1709,curah_hujan_mm,8.7,mm,,BD-CUACA
2025-04-02,1709,suhu_rata_c,24.9,C,,BD-CUACA
2025-04-02,1771,curah_hujan_mm,5.7,mm,,BD-CUACA
2025-04-02,1771,suhu_rata_c,25.8,C,,BD-CUACA
2025-04-03,1708,curah_hujan_mm,1.3,mm,,BD-CUACA
2025-04-03,1708,suhu_rata_c,21.9,C,,BD-CUACA
2025-04-03,1709,curah_hujan_mm,0.0,mm,,BD-CUACA
2025-04-03,1709,suhu_rata_c,25.6,C,,BD-CUACA
2025-04-03,1771,curah_hujan_mm,0.2,mm,,BD-CUACA
2025-04-03,1771,suhu_rata_c,27.2,C,,BD-CUACA
2025-04-04,1708,curah_hujan_mm,12.9,mm,,BD-CUACA
2025-04-04,1708,suhu_rata_c,22.1,C,,BD-CUACA
2025-04-04,1709,curah_hujan_mm,17.3,mm,,BD-CUACA
2025-04-04,1709,suhu_rata_c,25.0,C,,BD-CUACA
2025-04-04,1771,curah_hujan_mm,8.5,mm,,BD-CUACA
2025-04-04,1771,suhu_rata_c,26.4,C,,BD-CUACA
2025-04-05,1708,curah_hujan_mm,13.5,mm,,BD-CUACA
2025-04-05,1708,suhu_rata_c,22.0,C,,BD-CUACA
2025-04-05,1709,curah_hujan_mm,11.6,mm,,BD-CUACA
2025-04-05,1709,suhu_rata_c,24.8,C,,BD-CUACA
2025-04-05,1771,curah_hujan_mm,9.8,mm,,BD-CUACA
2025-04-05,1771,suhu_rata_c,26.1,C,,BD-CUACA
2025-04-06,1708,curah_hujan_mm,20.4,mm,,BD-CUACA
2025-04-06,1708,suhu_rata_c,21.9,C,,BD-CUACA
2025-04-06,1709,curah_hujan_mm,18.9,mm,,BD-CUACA
2025-04-06,1709,suhu_rata_c,24.8,C,,BD-CUACA
2025-04-06,1771,curah_hujan_mm,11.1,mm,,BD-CUACA
2025-04-06,1771,suhu_rata_c,26.0,C,,BD-CUACA
2025-04-07,1708,curah_hujan_mm,22.3,mm,,BD-CUACA
2025-04-07,1708,suhu_rata_c,21.9,C,,BD-CUACA
2025-04-07,1709,curah_hujan_mm,22.8,mm,,BD-CUACA
2025-04-07,1709,suhu_rata_c,25.1,C,,BD-CUACA
2025-04-07,1771,curah_hujan_mm,20.0,mm,,BD-CUACA
2025-04-07,1771,suhu_rata_c,25.7,C,,BD-CUACA
2025-04-08,1708,curah_hujan_mm,9.0,mm,,BD-CUACA
2025-04-08,1708,suhu_rata_c,22.6,C,,BD-CUACA
2025-04-08,1709,curah_hujan_mm,13.9,mm,,BD-CUACA
2025-04-08,1709,suhu_rata_c,25.4,C,,BD-CUACA
2025-04-08,1771,curah_hujan_mm,16.4,mm,,BD-CUACA
2025-04-08,1771,suhu_rata_c,26.4,C,,BD-CUACA
2025-04-09,1708,curah_hujan_mm,23.5,mm,,BD-CUACA
2025-04-09,1708,suhu_rata_c,22.7,C,,BD-CUACA
2025-04-09,1709,curah_hujan_mm,10.1,mm,,BD-CUACA
2025-04-09,1709,suhu_rata_c,25.3,C,,BD-CUACA
2025-04-09,1771,curah_hujan_mm,6.7,mm,,BD-CUACA
2025-04-09,1771,suhu_rata_c,27.0,C,,BD-CUACA
2025-04-10,1708,curah_hujan_mm,21.2,mm,,BD-CUACA
2025-04-10,1708,suhu_rata_c,22.1,C,,BD-CUACA
2025-04-10,1709,curah_hujan_mm,12.9,mm,,BD-CUACA
2025-04-10,1709,suhu_rata_c,24.9,C,,BD-CUACA
2025-04-10,1771,curah_hujan_mm,12.7,mm,,BD-CUACA
2025-04-10,1771,suhu_rata_c,26.4,C,,BD-CUACA
2025-04-11,1708,curah_hujan_mm,16.8,mm,,BD-CUACA
2025-04-11,1708,suhu_rata_c,22.3,C,,BD-CUACA
2025-04-11,1709,curah_hujan_mm,2.1,mm,,BD-CUACA
2025-04-11,1709,suhu_rata_c,25.1,C,,BD-CUACA
2025-04-11,1771,curah_hujan_mm,6.3,mm,,BD-CUACA
2025-04-11,1771,suhu_rata_c,26.4,C,,BD-CUACA
2025-04-12,1708,curah_hujan_mm,23.9,mm,,BD-CUACA
2025-04-12,1708,suhu_rata_c,22.1,C,,BD-CUACA
2025-04-12,1709,curah_hujan_mm,33.0,mm,,BD-CUACA
2025-04-12,1709,suhu_rata_c,24.8,C,,BD-CUACA
2025-04-12,1771,curah_hujan_mm,26.3,mm,,BD-CUACA
2025-04-12,1771,suhu_rata_c,25.9,C,,BD-CUACA
2025-04-13,1708,curah_hujan_mm,8.4,mm,,BD-CUACA
2025-04-13,1708,suhu_rata_c,21.6,C,,BD-CUACA
2025-04-13,1709,curah_hujan_mm,45.2,mm,,BD-CUACA
2025-04-13,1709,suhu_rata_c,24.4,C,,BD-CUACA
2025-04-13,1771,curah_hujan_mm,25.7,mm,,BD-CUACA
2025-04-13,1771,suhu_rata_c,25.2,C,,BD-CUACA
2025-04-14,1708,curah_hujan_mm,0.6,mm,,BD-CUACA
2025-04-14,1708,suhu_rata_c,22.9,C,,BD-CUACA
2025-04-14,1709,curah_hujan_mm,1.0,mm,,BD-CUACA
2025-04-14,1709,suhu_rata_c,26.2,C,,BD-CUACA
2025-04-14,1771,curah_hujan_mm,4.0,mm,,BD-CUACA
2025-04-14,1771,suhu_rata_c,26.8,C,,BD-CUACA
2025-04-15,1708,curah_hujan_mm,6.5,mm,,BD-CUACA
2025-04-15,1708,suhu_rata_c,22.4,C,,BD-CUACA
2025-04-15,1709,curah_hujan_mm,6.9,mm,,BD-CUACA
2025-04-15,1709,suhu_rata_c,25.8,C,,BD-CUACA
2025-04-15,1771,curah_hujan_mm,7.5,mm,,BD-CUACA
2025-04-15,1771,suhu_rata_c,26.8,C,,BD-CUACA
2025-04-16,1708,curah_hujan_mm,13.9,mm,,BD-CUACA
2025-04-16,1708,suhu_rata_c,21.5,C,,BD-CUACA
2025-04-16,1709,curah_hujan_mm,50.9,mm,,BD-CUACA
2025-04-16,1709,suhu_rata_c,24.7,C,,BD-CUACA
2025-04-16,1771,curah_hujan_mm,22.9,mm,,BD-CUACA
2025-04-16,1771,suhu_rata_c,25.7,C,,BD-CUACA
2025-04-17,1708,curah_hujan_mm,2.5,mm,,BD-CUACA
2025-04-17,1708,suhu_rata_c,22.0,C,,BD-CUACA
2025-04-17,1709,curah_hujan_mm,5.3,mm,,BD-CUACA
2025-04-17,1709,suhu_rata_c,25.0,C,,BD-CUACA
2025-04-17,1771,curah_hujan_mm,15.7,mm,,BD-CUACA
2025-04-17,1771,suhu_rata_c,26.0,C,,BD-CUACA
2025-04-18,1708,curah_hujan_mm,13.5,mm,,BD-CUACA
2025-04-18,1708,suhu_rata_c,22.2,C,,BD-CUACA
2025-04-18,1709,curah_hujan_mm,3.5,mm,,BD-CUACA
2025-04-18,1709,suhu_rata_c,25.3,C,,BD-CUACA
2025-04-18,1771,curah_hujan_mm,0.4,mm,,BD-CUACA
2025-04-18,1771,suhu_rata_c,27.1,C,,BD-CUACA
2025-04-19,1708,curah_hujan_mm,12.8,mm,,BD-CUACA
2025-04-19,1708,suhu_rata_c,22.6,C,,BD-CUACA
2025-04-19,1709,curah_hujan_mm,16.8,mm,,BD-CUACA
2025-04-19,1709,suhu_rata_c,25.4,C,,BD-CUACA
2025-04-19,1771,curah_hujan_mm,17.4,mm,,BD-CUACA
2025-04-19,1771,suhu_rata_c,26.9,C,,BD-CUACA
2025-04-20,1708,curah_hujan_mm,11.7,mm,,BD-CUACA
2025-04-20,1708,suhu_rata_c,22.1,C,,BD-CUACA
2025-04-20,1709,curah_hujan_mm,0.5,mm,,BD-CUACA
2025-04-20,1709,suhu_rata_c,25.2,C,,BD-CUACA
2025-04-20,1771,curah_hujan_mm,13.6,mm,,BD-CUACA
2025-04-20,1771,suhu_rata_c,26.5,C,,BD-CUACA
2025-04-21,1708,curah_hujan_mm,4.7,mm,,BD-CUACA
2025-04-21,1708,suhu_rata_c,22.1,C,,BD-CUACA
2025-04-21,1709,curah_hujan_mm,2.6,mm,,BD-CUACA
2025-04-21,1709,suhu_rata_c,25.4,C,,BD-CUACA
2025-04-21,1771,curah_hujan_mm,0.8,mm,,BD-CUACA
2025-04-21,1771,suhu_rata_c,27.0,C,,BD-CUACA
2025-04-22,1708,curah_hujan_mm,1.2,mm,,BD-CUACA
2025-04-22,1708,suhu_rata_c,22.6,C,,BD-CUACA
2025-04-22,1709,curah_hujan_mm,0.6,mm,,BD-CUACA
2025-04-22,1709,suhu_rata_c,26.1,C,,BD-CUACA
2025-04-22,1771,curah_hujan_mm,2.6,mm,,BD-CUACA
2025-04-22,1771,suhu_rata_c,27.2,C,,BD-CUACA
2025-04-23,1708,curah_hujan_mm,1.8,mm,,BD-CUACA
2025-04-23,1708,suhu_rata_c,21.6,C,,BD-CUACA
2025-04-23,1709,curah_hujan_mm,6.6,mm,,BD-CUACA
2025-04-23,1709,suhu_rata_c,24.8,C,,BD-CUACA
2025-04-23,1771,curah_hujan_mm,11.1,mm,,BD-CUACA
2025-04-23,1771,suhu_rata_c,26.0,C,,BD-CUACA
2025-04-24,1708,curah_hujan_mm,4.2,mm,,BD-CUACA
2025-04-24,1708,suhu_rata_c,21.9,C,,BD-CUACA
2025-04-24,1709,curah_hujan_mm,11.5,mm,,BD-CUACA
2025-04-24,1709,suhu_rata_c,25.2,C,,BD-CUACA
2025-04-24,1771,curah_hujan_mm,2.3,mm,,BD-CUACA
2025-04-24,1771,suhu_rata_c,26.6,C,,BD-CUACA
2025-04-25,1708,curah_hujan_mm,3.8,mm,,BD-CUACA
2025-04-25,1708,suhu_rata_c,23.0,C,,BD-CUACA
2025-04-25,1709,curah_hujan_mm,1.0,mm,,BD-CUACA
2025-04-25,1709,suhu_rata_c,26.4,C,,BD-CUACA
2025-04-25,1771,curah_hujan_mm,1.7,mm,,BD-CUACA
2025-04-25,1771,suhu_rata_c,27.4,C,,BD-CUACA
2025-04-26,1708,curah_hujan_mm,10.6,mm,,BD-CUACA
2025-04-26,1708,suhu_rata_c,22.3,C,,BD-CUACA
2025-04-26,1709,curah_hujan_mm,20.0,mm,,BD-CUACA
2025-04-26,1709,suhu_rata_c,25.0,C,,BD-CUACA
2025-04-26,1771,curah_hujan_mm,28.2,mm,,BD-CUACA
2025-04-26,1771,suhu_rata_c,26.3,C,,BD-CUACA
2025-04-27,1708,curah_hujan_mm,18.4,mm,,BD-CUACA
2025-04-27,1708,suhu_rata_c,22.7,C,,BD-CUACA
2025-04-27,1709,curah_hujan_mm,15.3,mm,,BD-CUACA
2025-04-27,1709,suhu_rata_c,25.2,C,,BD-CUACA
2025-04-27,1771,curah_hujan_mm,3.0,mm,,BD-CUACA
2025-04-27,1771,suhu_rata_c,26.8,C,,BD-CUACA
2025-04-28,1708,curah_hujan_mm,12.5,mm,,BD-CUACA
2025-04-28,1708,suhu_rata_c,21.9,C,,BD-CUACA
2025-04-28,1709,curah_hujan_mm,20.7,mm,,BD-CUACA
2025-04-28,1709,suhu_rata_c,24.5,C,,BD-CUACA
2025-04-28,1771,curah_hujan_mm,38.3,mm,,BD-CUACA
2025-04-28,1771,suhu_rata_c,25.4,C,,BD-CUACA
2025-04-29,1708,curah_hujan_mm,2.0,mm,,BD-CUACA
2025-04-29,1708,suhu_rata_c,22.7,C,,BD-CUACA
2025-04-29,1709,curah_hujan_mm,1.5,mm,,BD-CUACA
2025-04-29,1709,suhu_rata_c,26.0,C,,BD-CUACA
2025-04-29,1771,curah_hujan_mm,1.6,mm,,BD-CUACA
2025-04-29,1771,suhu_rata_c,26.8,C,,BD-CUACA
2025-04-30,1708,curah_hujan_mm,13.8,mm,,BD-CUACA
2025-04-30,1708,suhu_rata_c,22.7,C,,BD-CUACA
2025-04-30,1709,curah_hujan_mm,11.3,mm,,BD-CUACA
2025-04-30,1709,suhu_rata_c,25.2,C,,BD-CUACA
2025-04-30,1771,curah_hujan_mm,11.5,mm,,BD-CUACA
2025-04-30,1771,suhu_rata_c,26.4,C,,BD-CUACA
2025-05-01,1708,curah_hujan_mm,10.8,mm,,BD-CUACA
2025-05-01,1708,suhu_rata_c,22.0,C,,BD-CUACA
2025-05-01,1709,curah_hujan_mm,7.0,mm,,BD-CUACA
2025-05-01,1709,suhu_rata_c,24.9,C,,BD-CUACA
2025-05-01,1771,curah_hujan_mm,13.9,mm,,BD-CUACA
2025-05-01,1771,suhu_rata_c,26.2,C,,BD-CUACA
2025-05-02,1708,curah_hujan_mm,4.5,mm,,BD-CUACA
2025-05-02,1708,suhu_rata_c,21.9,C,,BD-CUACA
2025-05-02,1709,curah_hujan_mm,20.6,mm,,BD-CUACA
2025-05-02,1709,suhu_rata_c,24.4,C,,BD-CUACA
2025-05-02,1771,curah_hujan_mm,15.4,mm,,BD-CUACA
2025-05-02,1771,suhu_rata_c,25.6,C,,BD-CUACA
2025-05-03,1708,curah_hujan_mm,1.9,mm,,BD-CUACA
2025-05-03,1708,suhu_rata_c,22.8,C,,BD-CUACA
2025-05-03,1709,curah_hujan_mm,2.9,mm,,BD-CUACA
2025-05-03,1709,suhu_rata_c,25.6,C,,BD-CUACA
2025-05-03,1771,curah_hujan_mm,0.5,mm,,BD-CUACA
2025-05-03,1771,suhu_rata_c,27.0,C,,BD-CUACA
2025-05-04,1708,curah_hujan_mm,1.4,mm,,BD-CUACA
2025-05-04,1708,suhu_rata_c,23.1,C,,BD-CUACA
2025-05-04,1709,curah_hujan_mm,1.1,mm,,BD-CUACA
2025-05-04,1709,suhu_rata_c,26.3,C,,BD-CUACA
2025-05-04,1771,curah_hujan_mm,1.0,mm,,BD-CUACA
2025-05-04,1771,suhu_rata_c,27.5,C,,BD-CUACA
2025-05-05,1708,curah_hujan_mm,0.3,mm,,BD-CUACA
2025-05-05,1708,suhu_rata_c,23.1,C,,BD-CUACA
2025-05-05,1709,curah_hujan_mm,0.3,mm,,BD-CUACA
2025-05-05,1709,suhu_rata_c,26.5,C,,BD-CUACA
2025-05-05,1771,curah_hujan_mm,0.0,mm,,BD-CUACA
2025-05-05,1771,suhu_rata_c,27.7,C,,BD-CUACA
2025-05-06,1708,curah_hujan_mm,1.0,mm,,BD-CUACA
2025-05-06,1708,suhu_rata_c,23.5,C,,BD-CUACA
2025-05-06,1709,curah_hujan_mm,1.0,mm,,BD-CUACA
2025-05-06,1709,suhu_rata_c,26.6,C,,BD-CUACA
2025-05-06,1771,curah_hujan_mm,0.1,mm,,BD-CUACA
2025-05-06,1771,suhu_rata_c,28.2,C,,BD-CUACA
2025-05-07,1708,curah_hujan_mm,2.6,mm,,BD-CUACA
2025-05-07,1708,suhu_rata_c,23.6,C,,BD-CUACA
2025-05-07,1709,curah_hujan_mm,1.0,mm,,BD-CUACA
2025-05-07,1709,suhu_rata_c,26.3,C,,BD-CUACA
2025-05-07,1771,curah_hujan_mm,3.9,mm,,BD-CUACA
2025-05-07,1771,suhu_rata_c,27.6,C,,BD-CUACA
2025-05-08,1708,curah_hujan_mm,14.5,mm,,BD-CUACA
2025-05-08,1708,suhu_rata_c,22.6,C,,BD-CUACA
2025-05-08,1709,curah_hujan_mm,16.0,mm,,BD-CUACA
2025-05-08,1709,suhu_rata_c,25.7,C,,BD-CUACA
2025-05-08,1771,curah_hujan_mm,16.3,mm,,BD-CUACA
2025-05-08,1771,suhu_rata_c,26.8,C,,BD-CUACA
2025-05-09,1708,curah_hujan_mm,0.4,mm,,BD-CUACA
2025-05-09,1708,suhu_rata_c,23.1,C,,BD-CUACA
2025-05-09,1709,curah_hujan_mm,7.9,mm,,BD-CUACA
2025-05-09,1709,suhu_rata_c,26.3,C,,BD-CUACA
2025-05-09,1771,curah_hujan_mm,16.7,mm,,BD-CUACA
2025-05-09,1771,suhu_rata_c,26.9,C,,BD-CUACA
2025-05-10,1708,curah_hujan_mm,6.5,mm,,BD-CUACA
2025-05-10,1708,suhu_rata_c,22.9,C,,BD-CUACA
2025-05-10,1709,curah_hujan_mm,17.5,mm,,BD-CUACA
2025-05-10,1709,suhu_rata_c,26.1,C,,BD-CUACA
2025-05-10,1771,curah_hujan_mm,28.4,mm,,BD-CUACA
2025-05-10,1771,suhu_rata_c,27.0,C,,BD-CUACA
2025-05-11,1708,curah_hujan_mm,2.9,mm,,BD-CUACA
2025-05-11,1708,suhu_rata_c,22.4,C,,BD-CUACA
2025-05-11,1709,curah_hujan_mm,19.9,mm,,BD-CUACA
2025-05-11,1709,suhu_rata_c,25.2,C,,BD-CUACA
2025-05-11,1771,curah_hujan_mm,16.3,mm,,BD-CUACA
2025-05-11,1771,suhu_rata_c,26.1,C,,BD-CUACA
2025-05-12,1708,curah_hujan_mm,1.0,mm,,BD-CUACA
2025-05-12,1708,suhu_rata_c,22.9,C,,BD-CUACA
2025-05-12,1709,curah_hujan_mm,1.5,mm,,BD-CUACA
2025-05-12,1709,suhu_rata_c,26.0,C,,BD-CUACA
2025-05-12,1771,curah_hujan_mm,1.9,mm,,BD-CUACA
2025-05-12,1771,suhu_rata_c,27.4,C,,BD-CUACA
2025-05-13,1708,curah_hujan_mm,9.9,mm,,BD-CUACA
2025-05-13,1708,suhu_rata_c,22.9,C,,BD-CUACA
2025-05-13,1709,curah_hujan_mm,11.2,mm,,BD-CUACA
2025-05-13,1709,suhu_rata_c,25.7,C,,BD-CUACA
2025-05-13,1771,curah_hujan_mm,13.9,mm,,BD-CUACA
2025-05-13,1771,suhu_rata_c,26.6,C,,BD-CUACA
2025-05-14,1708,curah_hujan_mm,4.3,mm,,BD-CUACA
2025-05-14,1708,suhu_rata_c,22.5,C,,BD-CUACA
2025-05-14,1709,curah_hujan_mm,14.5,mm,,BD-CUACA
2025-05-14,1709,suhu_rata_c,25.4,C,,BD-CUACA
2025-05-14,1771,curah_hujan_mm,17.6,mm,,BD-CUACA
2025-05-14,1771,suhu_rata_c,26.7,C,,BD-CUACA
2025-05-15,1708,curah_hujan_mm,0.4,mm,,BD-CUACA
2025-05-15,1708,suhu_rata_c,23.0,C,,BD-CUACA
2025-05-15,1709,curah_hujan_mm,0.1,mm,,BD-CUACA
2025-05-15,1709,suhu_rata_c,26.1,C,,BD-CUACA
2025-05-15,1771,curah_hujan_mm,9.4,mm,,BD-CUACA
2025-05-15,1771,suhu_rata_c,27.5,C,,BD-CUACA
2025-05-16,1708,curah_hujan_mm,12.2,mm,,BD-CUACA
2025-05-16,1708,suhu_rata_c,23.2,C,,BD-CUACA
2025-05-16,1709,curah_hujan_mm,1.7,mm,,BD-CUACA
2025-05-16,1709,suhu_rata_c,26.6,C,,BD-CUACA
2025-05-16,1771,curah_hujan_mm,0.0,mm,,BD-CUACA
2025-05-16,1771,suhu_rata_c,27.9,C,,BD-CUACA
2025-05-17,1708,curah_hujan_mm,1.1,mm,,BD-CUACA
2025-05-17,1708,suhu_rata_c,23.4,C,,BD-CUACA
2025-05-17,1709,curah_hujan_mm,0.1,mm,,BD-CUACA
2025-05-17,1709,suhu_rata_c,26.4,C,,BD-CUACA
2025-05-17,1771,curah_hujan_mm,0.1,mm,,BD-CUACA
2025-05-17,1771,suhu_rata_c,28.0,C,,BD-CUACA
2025-05-18,1708,curah_hujan_mm,0.5,mm,,BD-CUACA
2025-05-18,1708,suhu_rata_c,23.2,C,,BD-CUACA
2025-05-18,1709,curah_hujan_mm,0.8,mm,,BD-CUACA
2025-05-18,1709,suhu_rata_c,26.5,C,,BD-CUACA
2025-05-18,1771,curah_hujan_mm,0.7,mm,,BD-CUACA
2025-05-18,1771,suhu_rata_c,27.8,C,,BD-CUACA
2025-05-19,1708,curah_hujan_mm,1.3,mm,,BD-CUACA
2025-05-19,1708,suhu_rata_c,22.9,C,,BD-CUACA
2025-05-19,1709,curah_hujan_mm,0.3,mm,,BD-CUACA
2025-05-19,1709,suhu_rata_c,26.5,C,,BD-CUACA
2025-05-19,1771,curah_hujan_mm,0.0,mm,,BD-CUACA
2025-05-19,1771,suhu_rata_c,27.5,C,,BD-CUACA
2025-05-20,1708,curah_hujan_mm,0.0,mm,,BD-CUACA
2025-05-20,1708,suhu_rata_c,23.5,C,,BD-CUACA
2025-05-20,1709,curah_hujan_mm,0.0,mm,,BD-CUACA
2025-05-20,1709,suhu_rata_c,26.1,C,,BD-CUACA
2025-05-20,1771,curah_hujan_mm,0.0,mm,,BD-CUACA
2025-05-20,1771,suhu_rata_c,27.7,C,,BD-CUACA
2025-05-21,1708,curah_hujan_mm,0.0,mm,,BD-CUACA
2025-05-21,1708,suhu_rata_c,23.6,C,,BD-CUACA
2025-05-21,1709,curah_hujan_mm,1.2,mm,,BD-CUACA
2025-05-21,1709,suhu_rata_c,26.5,C,,BD-CUACA
2025-05-21,1771,curah_hujan_mm,0.2,mm,,BD-CUACA
2025-05-21,1771,suhu_rata_c,27.7,C,,BD-CUACA
2025-05-22,1708,curah_hujan_mm,2.1,mm,,BD-CUACA
2025-05-22,1708,suhu_rata_c,22.4,C,,BD-CUACA
2025-05-22,1709,curah_hujan_mm,3.7,mm,,BD-CUACA
2025-05-22,1709,suhu_rata_c,25.5,C,,BD-CUACA
2025-05-22,1771,curah_hujan_mm,19.5,mm,,BD-CUACA
2025-05-22,1771,suhu_rata_c,26.4,C,,BD-CUACA
2025-05-23,1708,curah_hujan_mm,3.7,mm,,BD-CUACA
2025-05-23,1708,suhu_rata_c,21.4,C,,BD-CUACA
2025-05-23,1709,curah_hujan_mm,9.0,mm,,BD-CUACA
2025-05-23,1709,suhu_rata_c,24.9,C,,BD-CUACA
2025-05-23,1771,curah_hujan_mm,34.1,mm,,BD-CUACA
2025-05-23,1771,suhu_rata_c,26.2,C,,BD-CUACA
2025-05-24,1708,curah_hujan_mm,8.3,mm,,BD-CUACA
2025-05-24,1708,suhu_rata_c,22.3,C,,BD-CUACA
2025-05-24,1709,curah_hujan_mm,10.6,mm,,BD-CUACA
2025-05-24,1709,suhu_rata_c,25.4,C,,BD-CUACA
2025-05-24,1771,curah_hujan_mm,9.0,mm,,BD-CUACA
2025-05-24,1771,suhu_rata_c,26.5,C,,BD-CUACA
2025-05-25,1708,curah_hujan_mm,3.3,mm,,BD-CUACA
2025-05-25,1708,suhu_rata_c,22.9,C,,BD-CUACA
2025-05-25,1709,curah_hujan_mm,7.6,mm,,BD-CUACA
2025-05-25,1709,suhu_rata_c,26.0,C,,BD-CUACA
2025-05-25,1771,curah_hujan_mm,8.2,mm,,BD-CUACA
2025-05-25,1771,suhu_rata_c,26.9,C,,BD-CUACA
2025-05-26,1708,curah_hujan_mm,1.0,mm,,BD-CUACA
2025-05-26,1708,suhu_rata_c,22.7,C,,BD-CUACA
2025-05-26,1709,curah_hujan_mm,0.0,mm,,BD-CUACA
2025-05-26,1709,suhu_rata_c,26.1,C,,BD-CUACA
2025-05-26,1771,curah_hujan_mm,0.4,mm,,BD-CUACA
2025-05-26,1771,suhu_rata_c,27.7,C,,BD-CUACA
2025-05-27,1708,curah_hujan_mm,0.1,mm,,BD-CUACA
2025-05-27,1708,suhu_rata_c,23.2,C,,BD-CUACA
2025-05-27,1709,curah_hujan_mm,0.2,mm,,BD-CUACA
2025-05-27,1709,suhu_rata_c,26.7,C,,BD-CUACA
2025-05-27,1771,curah_hujan_mm,0.4,mm,,BD-CUACA
2025-05-27,1771,suhu_rata_c,27.9,C,,BD-CUACA
2025-05-28,1708,curah_hujan_mm,6.3,mm,,BD-CUACA
2025-05-28,1708,suhu_rata_c,23.3,C,,BD-CUACA
2025-05-28,1709,curah_hujan_mm,0.3,mm,,BD-CUACA
2025-05-28,1709,suhu_rata_c,26.5,C,,BD-CUACA
2025-05-28,1771,curah_hujan_mm,0.4,mm,,BD-CUACA
2025-05-28,1771,suhu_rata_c,27.6,C,,BD-CUACA
2025-05-29,1708,curah_hujan_mm,0.2,mm,,BD-CUACA
2025-05-29,1708,suhu_rata_c,23.4,C,,BD-CUACA
2025-05-29,1709,curah_hujan_mm,0.1,mm,,BD-CUACA
2025-05-29,1709,suhu_rata_c,26.7,C,,BD-CUACA
2025-05-29,1771,curah_hujan_mm,0.0,mm,,BD-CUACA
2025-05-29,1771,suhu_rata_c,28.0,C,,BD-CUACA
2025-05-30,1708,curah_hujan_mm,1.9,mm,,BD-CUACA
2025-05-30,1708,suhu_rata_c,24.5,C,,BD-CUACA
2025-05-30,1709,curah_hujan_mm,0.7,mm,,BD-CUACA
2025-05-30,1709,suhu_rata_c,27.4,C,,BD-CUACA
2025-05-30,1771,curah_hujan_mm,0.5,mm,,BD-CUACA
2025-05-30,1771,suhu_rata_c,28.3,C,,BD-CUACA
2025-05-31,1708,curah_hujan_mm,1.8,mm,,BD-CUACA
2025-05-31,1708,suhu_rata_c,23.5,C,,BD-CUACA
2025-05-31,1709,curah_hujan_mm,3.4,mm,,BD-CUACA
2025-05-31,1709,suhu_rata_c,26.5,C,,BD-CUACA
2025-05-31,1771,curah_hujan_mm,1.1,mm,,BD-CUACA
2025-05-31,1771,suhu_rata_c,28.0,C,,BD-CUACA
2025-06-01,1708,curah_hujan_mm,0.6,mm,,BD-CUACA
2025-06-01,1708,suhu_rata_c,23.1,C,,BD-CUACA
2025-06-01,1709,curah_hujan_mm,0.2,mm,,BD-CUACA
2025-06-01,1709,suhu_rata_c,25.8,C,,BD-CUACA
2025-06-01,1771,curah_hujan_mm,0.1,mm,,BD-CUACA
2025-06-01,1771,suhu_rata_c,27.7,C,,BD-CUACA
2025-06-02,1708,curah_hujan_mm,1.2,mm,,BD-CUACA
2025-06-02,1708,suhu_rata_c,23.5,C,,BD-CUACA
2025-06-02,1709,curah_hujan_mm,2.2,mm,,BD-CUACA
2025-06-02,1709,suhu_rata_c,26.4,C,,BD-CUACA
2025-06-02,1771,curah_hujan_mm,1.8,mm,,BD-CUACA
2025-06-02,1771,suhu_rata_c,27.8,C,,BD-CUACA
2025-06-03,1708,curah_hujan_mm,0.4,mm,,BD-CUACA
2025-06-03,1708,suhu_rata_c,22.9,C,,BD-CUACA
2025-06-03,1709,curah_hujan_mm,0.9,mm,,BD-CUACA
2025-06-03,1709,suhu_rata_c,26.3,C,,BD-CUACA
2025-06-03,1771,curah_hujan_mm,0.5,mm,,BD-CUACA
2025-06-03,1771,suhu_rata_c,27.5,C,,BD-CUACA
2025-06-04,1708,curah_hujan_mm,2.1,mm,,BD-CUACA
2025-06-04,1708,suhu_rata_c,22.5,C,,BD-CUACA
2025-06-04,1709,curah_hujan_mm,8.5,mm,,BD-CUACA
2025-06-04,1709,suhu_rata_c,25.4,C,,BD-CUACA
2025-06-04,1771,curah_hujan_mm,3.5,mm,,BD-CUACA
2025-06-04,1771,suhu_rata_c,27.0,C,,BD-CUACA
2025-06-05,1708,curah_hujan_mm,3.0,mm,,BD-CUACA
2025-06-05,1708,suhu_rata_c,22.4,C,,BD-CUACA
2025-06-05,1709,curah_hujan_mm,8.4,mm,,BD-CUACA
2025-06-05,1709,suhu_rata_c,25.4,C,,BD-CUACA
2025-06-05,1771,curah_hujan_mm,10.2,mm,,BD-CUACA
2025-06-05,1771,suhu_rata_c,26.4,C,,BD-CUACA
2025-06-06,1708,curah_hujan_mm,14.6,mm,,BD-CUACA
2025-06-06,1708,suhu_rata_c,22.1,C,,BD-CUACA
2025-06-06,1709,curah_hujan_mm,9.3,mm,,BD-CUACA
2025-06-06,1709,suhu_rata_c,25.1,C,,BD-CUACA
2025-06-06,1771,curah_hujan_mm,32.9,mm,,BD-CUACA
2025-06-06,1771,suhu_rata_c,25.8,C,,BD-CUACA
2025-06-07,1708,curah_hujan_mm,1.5,mm,,BD-CUACA
2025-06-07,1708,suhu_rata_c,22.3,C,,BD-CUACA
2025-06-07,1709,curah_hujan_mm,1.7,mm,,BD-CUACA
2025-06-07,1709,suhu_rata_c,25.4,C,,BD-CUACA
2025-06-07,1771,curah_hujan_mm,8.5,mm,,BD-CUACA
2025-06-07,1771,suhu_rata_c,26.3,C,,BD-CUACA
2025-06-08,1708,curah_hujan_mm,1.7,mm,,BD-CUACA
2025-06-08,1708,suhu_rata_c,22.9,C,,BD-CUACA
2025-06-08,1709,curah_hujan_mm,0.1,mm,,BD-CUACA
2025-06-08,1709,suhu_rata_c,26.2,C,,BD-CUACA
2025-06-08,1771,curah_hujan_mm,0.4,mm,,BD-CUACA
2025-06-08,1771,suhu_rata_c,27.5,C,,BD-CUACA
2025-06-09,1708,curah_hujan_mm,4.0,mm,,BD-CUACA
2025-06-09,1708,suhu_rata_c,22.0,C,,BD-CUACA
2025-06-09,1709,curah_hujan_mm,2.5,mm,,BD-CUACA
2025-06-09,1709,suhu_rata_c,25.4,C,,BD-CUACA
2025-06-09,1771,curah_hujan_mm,4.5,mm,,BD-CUACA
2025-06-09,1771,suhu_rata_c,26.7,C,,BD-CUACA
2025-06-10,1708,curah_hujan_mm,2.4,mm,,BD-CUACA
2025-06-10,1708,suhu_rata_c,21.9,C,,BD-CUACA
2025-06-10,1709,curah_hujan_mm,3.2,mm,,BD-CUACA
2025-06-10,1709,suhu_rata_c,24.8,C,,BD-CUACA
2025-06-10,1771,curah_hujan_mm,2.6,mm,,BD-CUACA
2025-06-10,1771,suhu_rata_c,26.0,C,,BD-CUACA
2025-06-11,1708,curah_hujan_mm,2.1,mm,,BD-CUACA
2025-06-11,1708,suhu_rata_c,22.0,C,,BD-CUACA
2025-06-11,1709,curah_hujan_mm,0.7,mm,,BD-CUACA
2025-06-11,1709,suhu_rata_c,25.3,C,,BD-CUACA
2025-06-11,1771,curah_hujan_mm,0.0,mm,,BD-CUACA
2025-06-11,1771,suhu_rata_c,26.8,C,,BD-CUACA
2025-06-12,1708,curah_hujan_mm,2.0,mm,,BD-CUACA
2025-06-12,1708,suhu_rata_c,22.7,C,,BD-CUACA
2025-06-12,1709,curah_hujan_mm,12.1,mm,,BD-CUACA
2025-06-12,1709,suhu_rata_c,25.4,C,,BD-CUACA
2025-06-12,1771,curah_hujan_mm,6.5,mm,,BD-CUACA
2025-06-12,1771,suhu_rata_c,26.7,C,,BD-CUACA
2025-06-13,1708,curah_hujan_mm,0.3,mm,,BD-CUACA
2025-06-13,1708,suhu_rata_c,23.5,C,,BD-CUACA
2025-06-13,1709,curah_hujan_mm,3.2,mm,,BD-CUACA
2025-06-13,1709,suhu_rata_c,26.1,C,,BD-CUACA
2025-06-13,1771,curah_hujan_mm,0.1,mm,,BD-CUACA
2025-06-13,1771,suhu_rata_c,27.1,C,,BD-CUACA
2025-06-14,1708,curah_hujan_mm,0.2,mm,,BD-CUACA
2025-06-14,1708,suhu_rata_c,23.3,C,,BD-CUACA
2025-06-14,1709,curah_hujan_mm,0.0,mm,,BD-CUACA
2025-06-14,1709,suhu_rata_c,26.4,C,,BD-CUACA
2025-06-14,1771,curah_hujan_mm,0.1,mm,,BD-CUACA
2025-06-14,1771,suhu_rata_c,27.5,C,,BD-CUACA
2025-06-15,1708,curah_hujan_mm,0.2,mm,,BD-CUACA
2025-06-15,1708,suhu_rata_c,24.3,C,,BD-CUACA
2025-06-15,1709,curah_hujan_mm,0.9,mm,,BD-CUACA
2025-06-15,1709,suhu_rata_c,27.5,C,,BD-CUACA
2025-06-15,1771,curah_hujan_mm,0.1,mm,,BD-CUACA
2025-06-15,1771,suhu_rata_c,28.4,C,,BD-CUACA
2025-06-16,1708,curah_hujan_mm,3.3,mm,,BD-CUACA
2025-06-16,1708,suhu_rata_c,23.5,C,,BD-CUACA
2025-06-16,1709,curah_hujan_mm,19.3,mm,,BD-CUACA
2025-06-16,1709,suhu_rata_c,25.8,C,,BD-CUACA
2025-06-16,1771,curah_hujan_mm,6.4,mm,,BD-CUACA
2025-06-16,1771,suhu_rata_c,27.3,C,,BD-CUACA
2025-06-17,1708,curah_hujan_mm,34.6,mm,,BD-CUACA
2025-06-17,1708,suhu_rata_c,21.4,C,,BD-CUACA
2025-06-17,1709,curah_hujan_mm,31.6,mm,,BD-CUACA
2025-06-17,1709,suhu_rata_c,24.0,C,,BD-CUACA
2025-06-17,1771,curah_hujan_mm,57.7,mm,,BD-CUACA
2025-06-17,1771,suhu_rata_c,24.9,C,,BD-CUACA
2025-06-18,1708,curah_hujan_mm,4.7,mm,,BD-CUACA
2025-06-18,1708,suhu_rata_c,20.9,C,,BD-CUACA
2025-06-18,1709,curah_hujan_mm,10.8,mm,,BD-CUACA
2025-06-18,1709,suhu_rata_c,23.5,C,,BD-CUACA
2025-06-18,1771,curah_hujan_mm,34.6,mm,,BD-CUACA
2025-06-18,1771,suhu_rata_c,24.6,C,,BD-CUACA
2025-06-19,1708,curah_hujan_mm,2.1,mm,,BD-CUACA
2025-06-19,1708,suhu_rata_c,21.5,C,,BD-CUACA
2025-06-19,1709,curah_hujan_mm,18.6,mm,,BD-CUACA
2025-06-19,1709,suhu_rata_c,24.4,C,,BD-CUACA
2025-06-19,1771,curah_hujan_mm,5.7,mm,,BD-CUACA
2025-06-19,1771,suhu_rata_c,25.3,C,,BD-CUACA
2025-06-20,1708,curah_hujan_mm,14.0,mm,,BD-CUACA
2025-06-20,1708,suhu_rata_c,21.6,C,,BD-CUACA
2025-06-20,1709,curah_hujan_mm,4.7,mm,,BD-CUACA
2025-06-20,1709,suhu_rata_c,25.2,C,,BD-CUACA
2025-06-20,1771,curah_hujan_mm,5.5,mm,,BD-CUACA
2025-06-20,1771,suhu_rata_c,26.2,C,,BD-CUACA
2025-06-21,1708,curah_hujan_mm,3.2,mm,,BD-CUACA
2025-06-21,1708,suhu_rata_c,21.7,C,,BD-CUACA
2025-06-21,1709,curah_hujan_mm,3.1,mm,,BD-CUACA
2025-06-21,1709,suhu_rata_c,24.9,C,,BD-CUACA
2025-06-21,1771,curah_hujan_mm,6.3,mm,,BD-CUACA
2025-06-21,1771,suhu_rata_c,25.8,C,,BD-CUACA
2025-06-22,1708,curah_hujan_mm,2.9,mm,,BD-CUACA
2025-06-22,1708,suhu_rata_c,22.0,C,,BD-CUACA
2025-06-22,1709,curah_hujan_mm,0.3,mm,,BD-CUACA
2025-06-22,1709,suhu_rata_c,25.6,C,,BD-CUACA
2025-06-22,1771,curah_hujan_mm,0.4,mm,,BD-CUACA
2025-06-22,1771,suhu_rata_c,26.6,C,,BD-CUACA
2025-06-23,1708,curah_hujan_mm,15.1,mm,,BD-CUACA
2025-06-23,1708,suhu_rata_c,21.6,C,,BD-CUACA
2025-06-23,1709,curah_hujan_mm,27.0,mm,,BD-CUACA
2025-06-23,1709,suhu_rata_c,24.6,C,,BD-CUACA
2025-06-23,1771,curah_hujan_mm,3.7,mm,,BD-CUACA
2025-06-23,1771,suhu_rata_c,26.2,C,,BD-CUACA
2025-06-24,1708,curah_hujan_mm,1.8,mm,,BD-CUACA
2025-06-24,1708,suhu_rata_c,21.8,C,,BD-CUACA
2025-06-24,1709,curah_hujan_mm,0.2,mm,,BD-CUACA
2025-06-24,1709,suhu_rata_c,25.1,C,,BD-CUACA
2025-06-24,1771,curah_hujan_mm,0.0,mm,,BD-CUACA
2025-06-24,1771,suhu_rata_c,26.2,C,,BD-CUACA
2025-06-25,1708,curah_hujan_mm,0.0,mm,,BD-CUACA
2025-06-25,1708,suhu_rata_c,22.6,C,,BD-CUACA
2025-06-25,1709,curah_hujan_mm,0.0,mm,,BD-CUACA
2025-06-25,1709,suhu_rata_c,25.7,C,,BD-CUACA
2025-06-25,1771,curah_hujan_mm,0.3,mm,,BD-CUACA
2025-06-25,1771,suhu_rata_c,27.2,C,,BD-CUACA
2025-06-26,1708,curah_hujan_mm,0.5,mm,,BD-CUACA
2025-06-26,1708,suhu_rata_c,22.5,C,,BD-CUACA
2025-06-26,1709,curah_hujan_mm,0.0,mm,,BD-CUACA
2025-06-26,1709,suhu_rata_c,25.4,C,,BD-CUACA
2025-06-26,1771,curah_hujan_mm,0.0,mm,,BD-CUACA
2025-06-26,1771,suhu_rata_c,27.1,C,,BD-CUACA
2025-06-27,1708,curah_hujan_mm,3.2,mm,,BD-CUACA
2025-06-27,1708,suhu_rata_c,22.3,C,,BD-CUACA
2025-06-27,1709,curah_hujan_mm,7.2,mm,,BD-CUACA
2025-06-27,1709,suhu_rata_c,25.2,C,,BD-CUACA
2025-06-27,1771,curah_hujan_mm,2.6,mm,,BD-CUACA
2025-06-27,1771,suhu_rata_c,26.7,C,,BD-CUACA
2025-06-28,1708,curah_hujan_mm,6.2,mm,,BD-CUACA
2025-06-28,1708,suhu_rata_c,21.0,C,,BD-CUACA
2025-06-28,1709,curah_hujan_mm,8.1,mm,,BD-CUACA
2025-06-28,1709,suhu_rata_c,23.6,C,,BD-CUACA
2025-06-28,1771,curah_hujan_mm,14.5,mm,,BD-CUACA
2025-06-28,1771,suhu_rata_c,24.6,C,,BD-CUACA
2025-06-29,1708,curah_hujan_mm,0.3,mm,,BD-CUACA
2025-06-29,1708,suhu_rata_c,22.2,C,,BD-CUACA
2025-06-29,1709,curah_hujan_mm,0.1,mm,,BD-CUACA
2025-06-29,1709,suhu_rata_c,25.3,C,,BD-CUACA
2025-06-29,1771,curah_hujan_mm,0.3,mm,,BD-CUACA
2025-06-29,1771,suhu_rata_c,26.1,C,,BD-CUACA
2025-06-30,1708,curah_hujan_mm,3.2,mm,,BD-CUACA
2025-06-30,1708,suhu_rata_c,22.2,C,,BD-CUACA
2025-06-30,1709,curah_hujan_mm,9.2,mm,,BD-CUACA
2025-06-30,1709,suhu_rata_c,25.0,C,,BD-CUACA
2025-06-30,1771,curah_hujan_mm,4.5,mm,,BD-CUACA
2025-06-30,1771,suhu_rata_c,26.5,C,,BD-CUACA
2025-07-01,1708,curah_hujan_mm,1.5,mm,,BD-CUACA
2025-07-01,1708,suhu_rata_c,22.3,C,,BD-CUACA
2025-07-01,1709,curah_hujan_mm,0.6,mm,,BD-CUACA
2025-07-01,1709,suhu_rata_c,25.3,C,,BD-CUACA
2025-07-01,1771,curah_hujan_mm,0.5,mm,,BD-CUACA
2025-07-01,1771,suhu_rata_c,27.0,C,,BD-CUACA
2025-07-02,1708,curah_hujan_mm,0.2,mm,,BD-CUACA
2025-07-02,1708,suhu_rata_c,22.4,C,,BD-CUACA
2025-07-02,1709,curah_hujan_mm,0.2,mm,,BD-CUACA
2025-07-02,1709,suhu_rata_c,25.8,C,,BD-CUACA
2025-07-02,1771,curah_hujan_mm,1.2,mm,,BD-CUACA
2025-07-02,1771,suhu_rata_c,27.0,C,,BD-CUACA
2025-07-03,1708,curah_hujan_mm,2.2,mm,,BD-CUACA
2025-07-03,1708,suhu_rata_c,22.8,C,,BD-CUACA
2025-07-03,1709,curah_hujan_mm,0.3,mm,,BD-CUACA
2025-07-03,1709,suhu_rata_c,26.1,C,,BD-CUACA
2025-07-03,1771,curah_hujan_mm,0.1,mm,,BD-CUACA
2025-07-03,1771,suhu_rata_c,27.5,C,,BD-CUACA
2025-07-04,1708,curah_hujan_mm,12.0,mm,,BD-CUACA
2025-07-04,1708,suhu_rata_c,22.3,C,,BD-CUACA
2025-07-04,1709,curah_hujan_mm,8.0,mm,,BD-CUACA
2025-07-04,1709,suhu_rata_c,25.5,C,,BD-CUACA
2025-07-04,1771,curah_hujan_mm,10.7,mm,,BD-CUACA
2025-07-04,1771,suhu_rata_c,26.8,C,,BD-CUACA
2025-07-05,1708,curah_hujan_mm,1.7,mm,,BD-CUACA
2025-07-05,1708,suhu_rata_c,22.0,C,,BD-CUACA
2025-07-05,1709,curah_hujan_mm,6.0,mm,,BD-CUACA
2025-07-05,1709,suhu_rata_c,25.1,C,,BD-CUACA
2025-07-05,1771,curah_hujan_mm,7.0,mm,,BD-CUACA
2025-07-05,1771,suhu_rata_c,26.2,C,,BD-CUACA
2025-07-06,1708,curah_hujan_mm,1.9,mm,,BD-CUACA
2025-07-06,1708,suhu_rata_c,22.3,C,,BD-CUACA
2025-07-06,1709,curah_hujan_mm,2.8,mm,,BD-CUACA
2025-07-06,1709,suhu_rata_c,25.3,C,,BD-CUACA
2025-07-06,1771,curah_hujan_mm,1.4,mm,,BD-CUACA
2025-07-06,1771,suhu_rata_c,26.2,C,,BD-CUACA
2025-07-07,1708,curah_hujan_mm,0.2,mm,,BD-CUACA
2025-07-07,1708,suhu_rata_c,22.3,C,,BD-CUACA
2025-07-07,1709,curah_hujan_mm,1.3,mm,,BD-CUACA
2025-07-07,1709,suhu_rata_c,25.3,C,,BD-CUACA
2025-07-07,1771,curah_hujan_mm,1.1,mm,,BD-CUACA
2025-07-07,1771,suhu_rata_c,26.2,C,,BD-CUACA
2025-07-08,1708,curah_hujan_mm,1.1,mm,,BD-CUACA
2025-07-08,1708,suhu_rata_c,22.7,C,,BD-CUACA
2025-07-08,1709,curah_hujan_mm,0.9,mm,,BD-CUACA
2025-07-08,1709,suhu_rata_c,25.7,C,,BD-CUACA
2025-07-08,1771,curah_hujan_mm,0.4,mm,,BD-CUACA
2025-07-08,1771,suhu_rata_c,27.0,C,,BD-CUACA
2025-07-09,1708,curah_hujan_mm,4.3,mm,,BD-CUACA
2025-07-09,1708,suhu_rata_c,21.5,C,,BD-CUACA
2025-07-09,1709,curah_hujan_mm,9.7,mm,,BD-CUACA
2025-07-09,1709,suhu_rata_c,24.5,C,,BD-CUACA
2025-07-09,1771,curah_hujan_mm,12.6,mm,,BD-CUACA
2025-07-09,1771,suhu_rata_c,25.7,C,,BD-CUACA
2025-07-10,1708,curah_hujan_mm,4.7,mm,,BD-CUACA
2025-07-10,1708,suhu_rata_c,21.6,C,,BD-CUACA
2025-07-10,1709,curah_hujan_mm,3.1,mm,,BD-CUACA
2025-07-10,1709,suhu_rata_c,24.7,C,,BD-CUACA
2025-07-10,1771,curah_hujan_mm,13.0,mm,,BD-CUACA
2025-07-10,1771,suhu_rata_c,25.7,C,,BD-CUACA
2025-07-11,1708,curah_hujan_mm,6.5,mm,,BD-CUACA
2025-07-11,1708,suhu_rata_c,21.7,C,,BD-CUACA
2025-07-11,1709,curah_hujan_mm,8.7,mm,,BD-CUACA
2025-07-11,1709,suhu_rata_c,24.7,C,,BD-CUACA
2025-07-11,1771,curah_hujan_mm,5.8,mm,,BD-CUACA
2025-07-11,1771,suhu_rata_c,25.9,C,,BD-CUACA
2025-07-12,1708,curah_hujan_mm,2.6,mm,,BD-CUACA
2025-07-12,1708,suhu_rata_c,22.4,C,,BD-CUACA
2025-07-12,1709,curah_hujan_mm,1.2,mm,,BD-CUACA
2025-07-12,1709,suhu_rata_c,25.5,C,,BD-CUACA
2025-07-12,1771,curah_hujan_mm,0.0,mm,,BD-CUACA
2025-07-12,1771,suhu_rata_c,26.5,C,,BD-CUACA
2025-07-13,1708,curah_hujan_mm,34.2,mm,,BD-CUACA
2025-07-13,1708,suhu_rata_c,21.5,C,,BD-CUACA
2025-07-13,1709,curah_hujan_mm,42.0,mm,,BD-CUACA
2025-07-13,1709,suhu_rata_c,24.3,C,,BD-CUACA
2025-07-13,1771,curah_hujan_mm,17.0,mm,,BD-CUACA
2025-07-13,1771,suhu_rata_c,25.6,C,,BD-CUACA
2025-07-14,1708,curah_hujan_mm,8.5,mm,,BD-CUACA
2025-07-14,1708,suhu_rata_c,22.1,C,,BD-CUACA
2025-07-14,1709,curah_hujan_mm,12.7,mm,,BD-CUACA
2025-07-14,1709,suhu_rata_c,24.8,C,,BD-CUACA
2025-07-14,1771,curah_hujan_mm,4.7,mm,,BD-CUACA
2025-07-14,1771,suhu_rata_c,25.8,C,,BD-CUACA
2025-07-15,1708,curah_hujan_mm,0.0,mm,,BD-CUACA
2025-07-15,1708,suhu_rata_c,22.3,C,,BD-CUACA
2025-07-15,1709,curah_hujan_mm,0.2,mm,,BD-CUACA
2025-07-15,1709,suhu_rata_c,25.7,C,,BD-CUACA
2025-07-15,1771,curah_hujan_mm,0.3,mm,,BD-CUACA
2025-07-15,1771,suhu_rata_c,27.1,C,,BD-CUACA
2025-07-16,1708,curah_hujan_mm,2.4,mm,,BD-CUACA
2025-07-16,1708,suhu_rata_c,22.7,C,,BD-CUACA
2025-07-16,1709,curah_hujan_mm,1.4,mm,,BD-CUACA
2025-07-16,1709,suhu_rata_c,25.7,C,,BD-CUACA
2025-07-16,1771,curah_hujan_mm,1.3,mm,,BD-CUACA
2025-07-16,1771,suhu_rata_c,26.8,C,,BD-CUACA
2025-07-17,1708,curah_hujan_mm,1.0,mm,,BD-CUACA
2025-07-17,1708,suhu_rata_c,22.5,C,,BD-CUACA
2025-07-17,1709,curah_hujan_mm,0.5,mm,,BD-CUACA
2025-07-17,1709,suhu_rata_c,25.8,C,,BD-CUACA
2025-07-17,1771,curah_hujan_mm,1.2,mm,,BD-CUACA
2025-07-17,1771,suhu_rata_c,26.7,C,,BD-CUACA
2025-07-18,1708,curah_hujan_mm,1.8,mm,,BD-CUACA
2025-07-18,1708,suhu_rata_c,22.2,C,,BD-CUACA
2025-07-18,1709,curah_hujan_mm,0.5,mm,,BD-CUACA
2025-07-18,1709,suhu_rata_c,25.7,C,,BD-CUACA
2025-07-18,1771,curah_hujan_mm,0.7,mm,,BD-CUACA
2025-07-18,1771,suhu_rata_c,26.9,C,,BD-CUACA
2025-07-19,1708,curah_hujan_mm,1.6,mm,,BD-CUACA
2025-07-19,1708,suhu_rata_c,22.2,C,,BD-CUACA
2025-07-19,1709,curah_hujan_mm,0.9,mm,,BD-CUACA
2025-07-19,1709,suhu_rata_c,25.7,C,,BD-CUACA
2025-07-19,1771,curah_hujan_mm,1.1,mm,,BD-CUACA
2025-07-19,1771,suhu_rata_c,26.7,C,,BD-CUACA
2025-07-20,1708,curah_hujan_mm,3.6,mm,,BD-CUACA
2025-07-20,1708,suhu_rata_c,21.5,C,,BD-CUACA
2025-07-20,1709,curah_hujan_mm,2.8,mm,,BD-CUACA
2025-07-20,1709,suhu_rata_c,24.7,C,,BD-CUACA
2025-07-20,1771,curah_hujan_mm,6.7,mm,,BD-CUACA
2025-07-20,1771,suhu_rata_c,25.9,C,,BD-CUACA
2025-07-21,1708,curah_hujan_mm,1.6,mm,,BD-CUACA
2025-07-21,1708,suhu_rata_c,21.9,C,,BD-CUACA
2025-07-21,1709,curah_hujan_mm,3.3,mm,,BD-CUACA
2025-07-21,1709,suhu_rata_c,24.8,C,,BD-CUACA
2025-07-21,1771,curah_hujan_mm,3.2,mm,,BD-CUACA
2025-07-21,1771,suhu_rata_c,26.4,C,,BD-CUACA
2025-07-22,1708,curah_hujan_mm,1.5,mm,,BD-CUACA
2025-07-22,1708,suhu_rata_c,22.1,C,,BD-CUACA
2025-07-22,1709,curah_hujan_mm,0.2,mm,,BD-CUACA
2025-07-22,1709,suhu_rata_c,25.3,C,,BD-CUACA
2025-07-22,1771,curah_hujan_mm,3.6,mm,,BD-CUACA
2025-07-22,1771,suhu_rata_c,27.1,C,,BD-CUACA
2025-07-23,1708,curah_hujan_mm,0.5,mm,,BD-CUACA
2025-07-23,1708,suhu_rata_c,22.1,C,,BD-CUACA
2025-07-23,1709,curah_hujan_mm,2.0,mm,,BD-CUACA
2025-07-23,1709,suhu_rata_c,25.2,C,,BD-CUACA
2025-07-23,1771,curah_hujan_mm,2.4,mm,,BD-CUACA
2025-07-23,1771,suhu_rata_c,26.8,C,,BD-CUACA
2025-07-24,1708,curah_hujan_mm,5.8,mm,,BD-CUACA
2025-07-24,1708,suhu_rata_c,22.0,C,,BD-CUACA
2025-07-24,1709,curah_hujan_mm,3.0,mm,,BD-CUACA
2025-07-24,1709,suhu_rata_c,25.3,C,,BD-CUACA
2025-07-24,1771,curah_hujan_mm,3.3,mm,,BD-CUACA
2025-07-24,1771,suhu_rata_c,26.8,C,,BD-CUACA
2025-07-25,1708,curah_hujan_mm,7.6,mm,,BD-CUACA
2025-07-25,1708,suhu_rata_c,22.2,C,,BD-CUACA
2025-07-25,1709,curah_hujan_mm,13.5,mm,,BD-CUACA
2025-07-25,1709,suhu_rata_c,24.7,C,,BD-CUACA
2025-07-25,1771,curah_hujan_mm,6.2,mm,,BD-CUACA
2025-07-25,1771,suhu_rata_c,26.5,C,,BD-CUACA
2025-07-26,1708,curah_hujan_mm,5.2,mm,,BD-CUACA
2025-07-26,1708,suhu_rata_c,23.1,C,,BD-CUACA
2025-07-26,1709,curah_hujan_mm,6.5,mm,,BD-CUACA
2025-07-26,1709,suhu_rata_c,25.8,C,,BD-CUACA
2025-07-26,1771,curah_hujan_mm,14.4,mm,,BD-CUACA
2025-07-26,1771,suhu_rata_c,26.4,C,,BD-CUACA
2025-07-27,1708,curah_hujan_mm,6.9,mm,,BD-CUACA
2025-07-27,1708,suhu_rata_c,22.5,C,,BD-CUACA
2025-07-27,1709,curah_hujan_mm,1.6,mm,,BD-CUACA
2025-07-27,1709,suhu_rata_c,25.9,C,,BD-CUACA
2025-07-27,1771,curah_hujan_mm,1.6,mm,,BD-CUACA
2025-07-27,1771,suhu_rata_c,27.2,C,,BD-CUACA
2025-07-28,1708,curah_hujan_mm,5.8,mm,,BD-CUACA
2025-07-28,1708,suhu_rata_c,22.4,C,,BD-CUACA
2025-07-28,1709,curah_hujan_mm,3.1,mm,,BD-CUACA
2025-07-28,1709,suhu_rata_c,25.5,C,,BD-CUACA
2025-07-28,1771,curah_hujan_mm,2.0,mm,,BD-CUACA
2025-07-28,1771,suhu_rata_c,27.2,C,,BD-CUACA
2025-07-29,1708,curah_hujan_mm,9.2,mm,,BD-CUACA
2025-07-29,1708,suhu_rata_c,22.6,C,,BD-CUACA
2025-07-29,1709,curah_hujan_mm,5.5,mm,,BD-CUACA
2025-07-29,1709,suhu_rata_c,25.3,C,,BD-CUACA
2025-07-29,1771,curah_hujan_mm,1.3,mm,,BD-CUACA
2025-07-29,1771,suhu_rata_c,27.6,C,,BD-CUACA
2025-07-30,1708,curah_hujan_mm,45.8,mm,,BD-CUACA
2025-07-30,1708,suhu_rata_c,21.8,C,,BD-CUACA
2025-07-30,1709,curah_hujan_mm,26.2,mm,,BD-CUACA
2025-07-30,1709,suhu_rata_c,24.4,C,,BD-CUACA
2025-07-30,1771,curah_hujan_mm,32.4,mm,,BD-CUACA
2025-07-30,1771,suhu_rata_c,26.0,C,,BD-CUACA
2025-07-31,1708,curah_hujan_mm,13.1,mm,,BD-CUACA
2025-07-31,1708,suhu_rata_c,22.4,C,,BD-CUACA
2025-07-31,1709,curah_hujan_mm,2.0,mm,,BD-CUACA
2025-07-31,1709,suhu_rata_c,25.1,C,,BD-CUACA
2025-07-31,1771,curah_hujan_mm,3.8,mm,,BD-CUACA
2025-07-31,1771,suhu_rata_c,26.5,C,,BD-CUACA
2025-08-01,1708,curah_hujan_mm,17.3,mm,,BD-CUACA
2025-08-01,1708,suhu_rata_c,21.5,C,,BD-CUACA
2025-08-01,1709,curah_hujan_mm,7.3,mm,,BD-CUACA
2025-08-01,1709,suhu_rata_c,24.6,C,,BD-CUACA
2025-08-01,1771,curah_hujan_mm,3.1,mm,,BD-CUACA
2025-08-01,1771,suhu_rata_c,26.3,C,,BD-CUACA
2025-08-02,1708,curah_hujan_mm,16.0,mm,,BD-CUACA
2025-08-02,1708,suhu_rata_c,22.4,C,,BD-CUACA
2025-08-02,1709,curah_hujan_mm,21.5,mm,,BD-CUACA
2025-08-02,1709,suhu_rata_c,25.1,C,,BD-CUACA
2025-08-02,1771,curah_hujan_mm,2.9,mm,,BD-CUACA
2025-08-02,1771,suhu_rata_c,26.6,C,,BD-CUACA
2025-08-03,1708,curah_hujan_mm,12.3,mm,,BD-CUACA
2025-08-03,1708,suhu_rata_c,22.6,C,,BD-CUACA
2025-08-03,1709,curah_hujan_mm,0.3,mm,,BD-CUACA
2025-08-03,1709,suhu_rata_c,26.0,C,,BD-CUACA
2025-08-03,1771,curah_hujan_mm,0.0,mm,,BD-CUACA
2025-08-03,1771,suhu_rata_c,27.4,C,,BD-CUACA
2025-08-04,1708,curah_hujan_mm,11.2,mm,,BD-CUACA
2025-08-04,1708,suhu_rata_c,21.9,C,,BD-CUACA
2025-08-04,1709,curah_hujan_mm,14.5,mm,,BD-CUACA
2025-08-04,1709,suhu_rata_c,25.0,C,,BD-CUACA
2025-08-04,1771,curah_hujan_mm,18.7,mm,,BD-CUACA
2025-08-04,1771,suhu_rata_c,26.4,C,,BD-CUACA
2025-08-05,1708,curah_hujan_mm,1.9,mm,,BD-CUACA
2025-08-05,1708,suhu_rata_c,23.1,C,,BD-CUACA
2025-08-05,1709,curah_hujan_mm,10.5,mm,,BD-CUACA
2025-08-05,1709,suhu_rata_c,26.3,C,,BD-CUACA
2025-08-05,1771,curah_hujan_mm,0.5,mm,,BD-CUACA
2025-08-05,1771,suhu_rata_c,27.5,C,,BD-CUACA
2025-08-06,1708,curah_hujan_mm,3.5,mm,,BD-CUACA
2025-08-06,1708,suhu_rata_c,23.0,C,,BD-CUACA
2025-08-06,1709,curah_hujan_mm,2.3,mm,,BD-CUACA
2025-08-06,1709,suhu_rata_c,26.0,C,,BD-CUACA
2025-08-06,1771,curah_hujan_mm,1.9,mm,,BD-CUACA
2025-08-06,1771,suhu_rata_c,27.5,C,,BD-CUACA
2025-08-07,1708,curah_hujan_mm,3.1,mm,,BD-CUACA
2025-08-07,1708,suhu_rata_c,22.5,C,,BD-CUACA
2025-08-07,1709,curah_hujan_mm,5.8,mm,,BD-CUACA
2025-08-07,1709,suhu_rata_c,25.6,C,,BD-CUACA
2025-08-07,1771,curah_hujan_mm,5.8,mm,,BD-CUACA
2025-08-07,1771,suhu_rata_c,27.1,C,,BD-CUACA
2025-08-08,1708,curah_hujan_mm,14.6,mm,,BD-CUACA
2025-08-08,1708,suhu_rata_c,21.8,C,,BD-CUACA
2025-08-08,1709,curah_hujan_mm,14.0,mm,,BD-CUACA
2025-08-08,1709,suhu_rata_c,24.7,C,,BD-CUACA
2025-08-08,1771,curah_hujan_mm,6.4,mm,,BD-CUACA
2025-08-08,1771,suhu_rata_c,25.6,C,,BD-CUACA
2025-08-09,1708,curah_hujan_mm,2.4,mm,,BD-CUACA
2025-08-09,1708,suhu_rata_c,21.8,C,,BD-CUACA
2025-08-09,1709,curah_hujan_mm,7.7,mm,,BD-CUACA
2025-08-09,1709,suhu_rata_c,24.9,C,,BD-CUACA
2025-08-09,1771,curah_hujan_mm,15.2,mm,,BD-CUACA
2025-08-09,1771,suhu_rata_c,25.9,C,,BD-CUACA
2025-08-10,1708,curah_hujan_mm,5.4,mm,,BD-CUACA
2025-08-10,1708,suhu_rata_c,21.6,C,,BD-CUACA
2025-08-10,1709,curah_hujan_mm,27.2,mm,,BD-CUACA
2025-08-10,1709,suhu_rata_c,24.3,C,,BD-CUACA
2025-08-10,1771,curah_hujan_mm,35.8,mm,,BD-CUACA
2025-08-10,1771,suhu_rata_c,25.3,C,,BD-CUACA
2025-08-11,1708,curah_hujan_mm,4.8,mm,,BD-CUACA
2025-08-11,1708,suhu_rata_c,21.7,C,,BD-CUACA
2025-08-11,1709,curah_hujan_mm,20.4,mm,,BD-CUACA
2025-08-11,1709,suhu_rata_c,24.6,C,,BD-CUACA
2025-08-11,1771,curah_hujan_mm,42.4,mm,,BD-CUACA
2025-08-11,1771,suhu_rata_c,25.1,C,,BD-CUACA
2025-08-12,1708,curah_hujan_mm,6.6,mm,,BD-CUACA
2025-08-12,1708,suhu_rata_c,20.9,C,,BD-CUACA
2025-08-12,1709,curah_hujan_mm,21.2,mm,,BD-CUACA
2025-08-12,1709,suhu_rata_c,23.7,C,,BD-CUACA
2025-08-12,1771,curah_hujan_mm,26.8,mm,,BD-CUACA
2025-08-12,1771,suhu_rata_c,24.4,C,,BD-CUACA
2025-08-13,1708,curah_hujan_mm,19.7,mm,,BD-CUACA
2025-08-13,1708,suhu_rata_c,21.2,C,,BD-CUACA
2025-08-13,1709,curah_hujan_mm,7.1,mm,,BD-CUACA
2025-08-13,1709,suhu_rata_c,24.2,C,,BD-CUACA
2025-08-13,1771,curah_hujan_mm,7.3,mm,,BD-CUACA
2025-08-13,1771,suhu_rata_c,25.4,C,,BD-CUACA
2025-08-14,1708,curah_hujan_mm,18.5,mm,,BD-CUACA
2025-08-14,1708,suhu_rata_c,21.3,C,,BD-CUACA
2025-08-14,1709,curah_hujan_mm,4.0,mm,,BD-CUACA
2025-08-14,1709,suhu_rata_c,24.5,C,,BD-CUACA
2025-08-14,1771,curah_hujan_mm,1.8,mm,,BD-CUACA
2025-08-14,1771,suhu_rata_c,25.9,C,,BD-CUACA
2025-08-15,1708,curah_hujan_mm,22.6,mm,,BD-CUACA
2025-08-15,1708,suhu_rata_c,21.1,C,,BD-CUACA
2025-08-15,1709,curah_hujan_mm,29.4,mm,,BD-CUACA
2025-08-15,1709,suhu_rata_c,23.7,C,,BD-CUACA
2025-08-15,1771,curah_hujan_mm,13.4,mm,,BD-CUACA
2025-08-15,1771,suhu_rata_c,25.2,C,,BD-CUACA
2025-08-16,1708,curah_hujan_mm,13.1,mm,,BD-CUACA
2025-08-16,1708,suhu_rata_c,21.5,C,,BD-CUACA
2025-08-16,1709,curah_hujan_mm,4.7,mm,,BD-CUACA
2025-08-16,1709,suhu_rata_c,24.2,C,,BD-CUACA
2025-08-16,1771,curah_hujan_mm,1.3,mm,,BD-CUACA
2025-08-16,1771,suhu_rata_c,25.7,C,,BD-CUACA
2025-08-17,1708,curah_hujan_mm,2.1,mm,,BD-CUACA
2025-08-17,1708,suhu_rata_c,22.4,C,,BD-CUACA
2025-08-17,1709,curah_hujan_mm,4.9,mm,,BD-CUACA
2025-08-17,1709,suhu_rata_c,25.0,C,,BD-CUACA
2025-08-17,1771,curah_hujan_mm,14.9,mm,,BD-CUACA
2025-08-17,1771,suhu_rata_c,26.2,C,,BD-CUACA
2025-08-18,1708,curah_hujan_mm,11.3,mm,,BD-CUACA
2025-08-18,1708,suhu_rata_c,21.4,C,,BD-CUACA
2025-08-18,1709,curah_hujan_mm,24.9,mm,,BD-CUACA
2025-08-18,1709,suhu_rata_c,24.1,C,,BD-CUACA
2025-08-18,1771,curah_hujan_mm,9.4,mm,,BD-CUACA
2025-08-18,1771,suhu_rata_c,25.3,C,,BD-CUACA
2025-08-19,1708,curah_hujan_mm,3.2,mm,,BD-CUACA
2025-08-19,1708,suhu_rata_c,21.6,C,,BD-CUACA
2025-08-19,1709,curah_hujan_mm,2.3,mm,,BD-CUACA
2025-08-19,1709,suhu_rata_c,24.5,C,,BD-CUACA
2025-08-19,1771,curah_hujan_mm,7.3,mm,,BD-CUACA
2025-08-19,1771,suhu_rata_c,25.8,C,,BD-CUACA
2025-08-20,1708,curah_hujan_mm,3.9,mm,,BD-CUACA
2025-08-20,1708,suhu_rata_c,21.8,C,,BD-CUACA
2025-08-20,1709,curah_hujan_mm,4.0,mm,,BD-CUACA
2025-08-20,1709,suhu_rata_c,25.1,C,,BD-CUACA
2025-08-20,1771,curah_hujan_mm,4.2,mm,,BD-CUACA
2025-08-20,1771,suhu_rata_c,26.3,C,,BD-CUACA
2025-08-21,1708,curah_hujan_mm,0.8,mm,,BD-CUACA
2025-08-21,1708,suhu_rata_c,22.3,C,,BD-CUACA
2025-08-21,1709,curah_hujan_mm,1.0,mm,,BD-CUACA
2025-08-21,1709,suhu_rata_c,25.2,C,,BD-CUACA
2025-08-21,1771,curah_hujan_mm,1.5,mm,,BD-CUACA
2025-08-21,1771,suhu_rata_c,26.7,C,,BD-CUACA
2025-08-22,1708,curah_hujan_mm,5.1,mm,,BD-CUACA
2025-08-22,1708,suhu_rata_c,22.2,C,,BD-CUACA
2025-08-22,1709,curah_hujan_mm,9.1,mm,,BD-CUACA
2025-08-22,1709,suhu_rata_c,25.3,C,,BD-CUACA
2025-08-22,1771,curah_hujan_mm,1.8,mm,,BD-CUACA
2025-08-22,1771,suhu_rata_c,26.5,C,,BD-CUACA
2025-08-23,1708,curah_hujan_mm,4.6,mm,,BD-CUACA
2025-08-23,1708,suhu_rata_c,21.1,C,,BD-CUACA
2025-08-23,1709,curah_hujan_mm,16.4,mm,,BD-CUACA
2025-08-23,1709,suhu_rata_c,24.1,C,,BD-CUACA
2025-08-23,1771,curah_hujan_mm,16.4,mm,,BD-CUACA
2025-08-23,1771,suhu_rata_c,25.2,C,,BD-CUACA
2025-08-24,1708,curah_hujan_mm,9.2,mm,,BD-CUACA
2025-08-24,1708,suhu_rata_c,20.6,C,,BD-CUACA
2025-08-24,1709,curah_hujan_mm,13.1,mm,,BD-CUACA
2025-08-24,1709,suhu_rata_c,23.7,C,,BD-CUACA
2025-08-24,1771,curah_hujan_mm,12.7,mm,,BD-CUACA
2025-08-24,1771,suhu_rata_c,24.8,C,,BD-CUACA
2025-08-25,1708,curah_hujan_mm,1.9,mm,,BD-CUACA
2025-08-25,1708,suhu_rata_c,21.9,C,,BD-CUACA
2025-08-25,1709,curah_hujan_mm,2.1,mm,,BD-CUACA
2025-08-25,1709,suhu_rata_c,24.8,C,,BD-CUACA
2025-08-25,1771,curah_hujan_mm,0.9,mm,,BD-CUACA
2025-08-25,1771,suhu_rata_c,26.4,C,,BD-CUACA
2025-08-26,1708,curah_hujan_mm,4.9,mm,,BD-CUACA
2025-08-26,1708,suhu_rata_c,22.0,C,,BD-CUACA
2025-08-26,1709,curah_hujan_mm,5.9,mm,,BD-CUACA
2025-08-26,1709,suhu_rata_c,25.1,C,,BD-CUACA
2025-08-26,1771,curah_hujan_mm,2.2,mm,,BD-CUACA
2025-08-26,1771,suhu_rata_c,26.6,C,,BD-CUACA
2025-08-27,1708,curah_hujan_mm,0.7,mm,,BD-CUACA
2025-08-27,1708,suhu_rata_c,22.8,C,,BD-CUACA
2025-08-27,1709,curah_hujan_mm,0.5,mm,,BD-CUACA
2025-08-27,1709,suhu_rata_c,25.8,C,,BD-CUACA
2025-08-27,1771,curah_hujan_mm,0.0,mm,,BD-CUACA
2025-08-27,1771,suhu_rata_c,27.1,C,,BD-CUACA
2025-08-28,1708,curah_hujan_mm,1.8,mm,,BD-CUACA
2025-08-28,1708,suhu_rata_c,22.3,C,,BD-CUACA
2025-08-28,1709,curah_hujan_mm,2.2,mm,,BD-CUACA
2025-08-28,1709,suhu_rata_c,25.1,C,,BD-CUACA
2025-08-28,1771,curah_hujan_mm,1.6,mm,,BD-CUACA
2025-08-28,1771,suhu_rata_c,26.3,C,,BD-CUACA
2025-08-29,1708,curah_hujan_mm,8.4,mm,,BD-CUACA
2025-08-29,1708,suhu_rata_c,21.4,C,,BD-CUACA
2025-08-29,1709,curah_hujan_mm,11.9,mm,,BD-CUACA
2025-08-29,1709,suhu_rata_c,24.2,C,,BD-CUACA
2025-08-29,1771,curah_hujan_mm,22.2,mm,,BD-CUACA
2025-08-29,1771,suhu_rata_c,25.1,C,,BD-CUACA
2025-08-30,1708,curah_hujan_mm,6.2,mm,,BD-CUACA
2025-08-30,1708,suhu_rata_c,21.2,C,,BD-CUACA
2025-08-30,1709,curah_hujan_mm,14.4,mm,,BD-CUACA
2025-08-30,1709,suhu_rata_c,24.2,C,,BD-CUACA
2025-08-30,1771,curah_hujan_mm,37.4,mm,,BD-CUACA
2025-08-30,1771,suhu_rata_c,24.9,C,,BD-CUACA
2025-08-31,1708,curah_hujan_mm,9.3,mm,,BD-CUACA
2025-08-31,1708,suhu_rata_c,21.2,C,,BD-CUACA
2025-08-31,1709,curah_hujan_mm,49.4,mm,,BD-CUACA
2025-08-31,1709,suhu_rata_c,24.0,C,,BD-CUACA
2025-08-31,1771,curah_hujan_mm,52.3,mm,,BD-CUACA
2025-08-31,1771,suhu_rata_c,25.0,C,,BD-CUACA
2025-09-01,1708,curah_hujan_mm,3.5,mm,,BD-CUACA
2025-09-01,1708,suhu_rata_c,21.8,C,,BD-CUACA
2025-09-01,1709,curah_hujan_mm,8.2,mm,,BD-CUACA
2025-09-01,1709,suhu_rata_c,24.5,C,,BD-CUACA
2025-09-01,1771,curah_hujan_mm,7.0,mm,,BD-CUACA
2025-09-01,1771,suhu_rata_c,25.9,C,,BD-CUACA
2025-09-02,1708,curah_hujan_mm,14.5,mm,,BD-CUACA
2025-09-02,1708,suhu_rata_c,21.8,C,,BD-CUACA
2025-09-02,1709,curah_hujan_mm,5.9,mm,,BD-CUACA
2025-09-02,1709,suhu_rata_c,24.7,C,,BD-CUACA
2025-09-02,1771,curah_hujan_mm,1.1,mm,,BD-CUACA
2025-09-02,1771,suhu_rata_c,26.3,C,,BD-CUACA
2025-09-03,1708,curah_hujan_mm,2.9,mm,,BD-CUACA
2025-09-03,1708,suhu_rata_c,22.7,C,,BD-CUACA
2025-09-03,1709,curah_hujan_mm,15.1,mm,,BD-CUACA
2025-09-03,1709,suhu_rata_c,25.0,C,,BD-CUACA
2025-09-03,1771,curah_hujan_mm,1.2,mm,,BD-CUACA
2025-09-03,1771,suhu_rata_c,26.2,C,,BD-CUACA
2025-09-04,1708,curah_hujan_mm,7.0,mm,,BD-CUACA
2025-09-04,1708,suhu_rata_c,22.2,C,,BD-CUACA
2025-09-04,1709,curah_hujan_mm,23.3,mm,,BD-CUACA
2025-09-04,1709,suhu_rata_c,24.8,C,,BD-CUACA
2025-09-04,1771,curah_hujan_mm,28.4,mm,,BD-CUACA
2025-09-04,1771,suhu_rata_c,26.1,C,,BD-CUACA
2025-09-05,1708,curah_hujan_mm,5.9,mm,,BD-CUACA
2025-09-05,1708,suhu_rata_c,21.4,C,,BD-CUACA
2025-09-05,1709,curah_hujan_mm,20.0,mm,,BD-CUACA
2025-09-05,1709,suhu_rata_c,24.2,C,,BD-CUACA
2025-09-05,1771,curah_hujan_mm,15.6,mm,,BD-CUACA
2025-09-05,1771,suhu_rata_c,25.3,C,,BD-CUACA
2025-09-06,1708,curah_hujan_mm,3.2,mm,,BD-CUACA
2025-09-06,1708,suhu_rata_c,21.4,C,,BD-CUACA
2025-09-06,1709,curah_hujan_mm,5.8,mm,,BD-CUACA
2025-09-06,1709,suhu_rata_c,23.9,C,,BD-CUACA
2025-09-06,1771,curah_hujan_mm,28.6,mm,,BD-CUACA
2025-09-06,1771,suhu_rata_c,24.4,C,,BD-CUACA
2025-09-07,1708,curah_hujan_mm,3.2,mm,,BD-CUACA
2025-09-07,1708,suhu_rata_c,22.0,C,,BD-CUACA
2025-09-07,1709,curah_hujan_mm,8.2,mm,,BD-CUACA
2025-09-07,1709,suhu_rata_c,24.9,C,,BD-CUACA
2025-09-07,1771,curah_hujan_mm,11.4,mm,,BD-CUACA
2025-09-07,1771,suhu_rata_c,25.4,C,,BD-CUACA
2025-09-08,1708,curah_hujan_mm,3.0,mm,,BD-CUACA
2025-09-08,1708,suhu_rata_c,22.5,C,,BD-CUACA
2025-09-08,1709,curah_hujan_mm,1.0,mm,,BD-CUACA
2025-09-08,1709,suhu_rata_c,25.6,C,,BD-CUACA
2025-09-08,1771,curah_hujan_mm,4.5,mm,,BD-CUACA
2025-09-08,1771,suhu_rata_c,26.4,C,,BD-CUACA
2025-09-09,1708,curah_hujan_mm,27.5,mm,,BD-CUACA
2025-09-09,1708,suhu_rata_c,22.2,C,,BD-CUACA
2025-09-09,1709,curah_hujan_mm,5.2,mm,,BD-CUACA
2025-09-09,1709,suhu_rata_c,25.3,C,,BD-CUACA
2025-09-09,1771,curah_hujan_mm,16.5,mm,,BD-CUACA
2025-09-09,1771,suhu_rata_c,26.3,C,,BD-CUACA
2025-09-10,1708,curah_hujan_mm,30.1,mm,,BD-CUACA
2025-09-10,1708,suhu_rata_c,21.6,C,,BD-CUACA
2025-09-10,1709,curah_hujan_mm,44.2,mm,,BD-CUACA
2025-09-10,1709,suhu_rata_c,24.4,C,,BD-CUACA
2025-09-10,1771,curah_hujan_mm,44.3,mm,,BD-CUACA
2025-09-10,1771,suhu_rata_c,25.8,C,,BD-CUACA
2025-09-11,1708,curah_hujan_mm,12.6,mm,,BD-CUACA
2025-09-11,1708,suhu_rata_c,21.1,C,,BD-CUACA
2025-09-11,1709,curah_hujan_mm,13.2,mm,,BD-CUACA
2025-09-11,1709,suhu_rata_c,24.2,C,,BD-CUACA
2025-09-11,1771,curah_hujan_mm,47.2,mm,,BD-CUACA
2025-09-11,1771,suhu_rata_c,24.9,C,,BD-CUACA
2025-09-12,1708,curah_hujan_mm,6.1,mm,,BD-CUACA
2025-09-12,1708,suhu_rata_c,22.1,C,,BD-CUACA
2025-09-12,1709,curah_hujan_mm,4.1,mm,,BD-CUACA
2025-09-12,1709,suhu_rata_c,25.4,C,,BD-CUACA
2025-09-12,1771,curah_hujan_mm,7.3,mm,,BD-CUACA
2025-09-12,1771,suhu_rata_c,26.2,C,,BD-CUACA
2025-09-13,1708,curah_hujan_mm,11.5,mm,,BD-CUACA
2025-09-13,1708,suhu_rata_c,21.7,C,,BD-CUACA
2025-09-13,1709,curah_hujan_mm,35.7,mm,,BD-CUACA
2025-09-13,1709,suhu_rata_c,24.6,C,,BD-CUACA
2025-09-13,1771,curah_hujan_mm,29.8,mm,,BD-CUACA
2025-09-13,1771,suhu_rata_c,25.7,C,,BD-CUACA
2025-09-14,1708,curah_hujan_mm,2.5,mm,,BD-CUACA
2025-09-14,1708,suhu_rata_c,21.7,C,,BD-CUACA
2025-09-14,1709,curah_hujan_mm,1.2,mm,,BD-CUACA
2025-09-14,1709,suhu_rata_c,24.9,C,,BD-CUACA
2025-09-14,1771,curah_hujan_mm,4.7,mm,,BD-CUACA
2025-09-14,1771,suhu_rata_c,25.9,C,,BD-CUACA
2025-09-15,1708,curah_hujan_mm,9.7,mm,,BD-CUACA
2025-09-15,1708,suhu_rata_c,22.3,C,,BD-CUACA
2025-09-15,1709,curah_hujan_mm,3.4,mm,,BD-CUACA
2025-09-15,1709,suhu_rata_c,25.5,C,,BD-CUACA
2025-09-15,1771,curah_hujan_mm,10.3,mm,,BD-CUACA
2025-09-15,1771,suhu_rata_c,26.4,C,,BD-CUACA
2025-09-16,1708,curah_hujan_mm,5.1,mm,,BD-CUACA
2025-09-16,1708,suhu_rata_c,21.2,C,,BD-CUACA
2025-09-16,1709,curah_hujan_mm,15.2,mm,,BD-CUACA
2025-09-16,1709,suhu_rata_c,23.9,C,,BD-CUACA
2025-09-16,1771,curah_hujan_mm,15.6,mm,,BD-CUACA
2025-09-16,1771,suhu_rata_c,25.1,C,,BD-CUACA
2025-09-17,1708,curah_hujan_mm,11.5,mm,,BD-CUACA
2025-09-17,1708,suhu_rata_c,21.3,C,,BD-CUACA
2025-09-17,1709,curah_hujan_mm,9.2,mm,,BD-CUACA
2025-09-17,1709,suhu_rata_c,24.2,C,,BD-CUACA
2025-09-17,1771,curah_hujan_mm,6.1,mm,,BD-CUACA
2025-09-17,1771,suhu_rata_c,25.2,C,,BD-CUACA
2025-09-18,1708,curah_hujan_mm,12.8,mm,,BD-CUACA
2025-09-18,1708,suhu_rata_c,22.0,C,,BD-CUACA
2025-09-18,1709,curah_hujan_mm,15.3,mm,,BD-CUACA
2025-09-18,1709,suhu_rata_c,24.9,C,,BD-CUACA
2025-09-18,1771,curah_hujan_mm,6.0,mm,,BD-CUACA
2025-09-18,1771,suhu_rata_c,26.0,C,,BD-CUACA
2025-09-19,1708,curah_hujan_mm,42.4,mm,,BD-CUACA
2025-09-19,1708,suhu_rata_c,21.6,C,,BD-CUACA
2025-09-19,1709,curah_hujan_mm,10.7,mm,,BD-CUACA
2025-09-19,1709,suhu_rata_c,24.5,C,,BD-CUACA
2025-09-19,1771,curah_hujan_mm,7.2,mm,,BD-CUACA
2025-09-19,1771,suhu_rata_c,25.9,C,,BD-CUACA
2025-09-20,1708,curah_hujan_mm,33.4,mm,,BD-CUACA
2025-09-20,1708,suhu_rata_c,21.7,C,,BD-CUACA
2025-09-20,1709,curah_hujan_mm,19.3,mm,,BD-CUACA
2025-09-20,1709,suhu_rata_c,24.1,C,,BD-CUACA
2025-09-20,1771,curah_hujan_mm,7.8,mm,,BD-CUACA
2025-09-20,1771,suhu_rata_c,25.6,C,,BD-CUACA
2025-09-21,1708,curah_hujan_mm,7.0,mm,,BD-CUACA
2025-09-21,1708,suhu_rata_c,22.6,C,,BD-CUACA
2025-09-21,1709,curah_hujan_mm,8.4,mm,,BD-CUACA
2025-09-21,1709,suhu_rata_c,25.1,C,,BD-CUACA
2025-09-21,1771,curah_hujan_mm,12.2,mm,,BD-CUACA
2025-09-21,1771,suhu_rata_c,26.1,C,,BD-CUACA
2025-09-22,1708,curah_hujan_mm,5.5,mm,,BD-CUACA
2025-09-22,1708,suhu_rata_c,23.1,C,,BD-CUACA
2025-09-22,1709,curah_hujan_mm,14.1,mm,,BD-CUACA
2025-09-22,1709,suhu_rata_c,25.4,C,,BD-CUACA
2025-09-22,1771,curah_hujan_mm,1.4,mm,,BD-CUACA
2025-09-22,1771,suhu_rata_c,26.7,C,,BD-CUACA
2025-09-23,1708,curah_hujan_mm,11.3,mm,,BD-CUACA
2025-09-23,1708,suhu_rata_c,22.4,C,,BD-CUACA
2025-09-23,1709,curah_hujan_mm,18.0,mm,,BD-CUACA
2025-09-23,1709,suhu_rata_c,24.7,C,,BD-CUACA
2025-09-23,1771,curah_hujan_mm,4.5,mm,,BD-CUACA
2025-09-23,1771,suhu_rata_c,26.0,C,,BD-CUACA
2025-09-24,1708,curah_hujan_mm,7.1,mm,,BD-CUACA
2025-09-24,1708,suhu_rata_c,21.8,C,,BD-CUACA
2025-09-24,1709,curah_hujan_mm,3.6,mm,,BD-CUACA
2025-09-24,1709,suhu_rata_c,24.3,C,,BD-CUACA
2025-09-24,1771,curah_hujan_mm,3.5,mm,,BD-CUACA
2025-09-24,1771,suhu_rata_c,25.7,C,,BD-CUACA
2025-09-25,1708,curah_hujan_mm,18.2,mm,,BD-CUACA
2025-09-25,1708,suhu_rata_c,21.4,C,,BD-CUACA
2025-09-25,1709,curah_hujan_mm,28.3,mm,,BD-CUACA
2025-09-25,1709,suhu_rata_c,24.0,C,,BD-CUACA
2025-09-25,1771,curah_hujan_mm,20.9,mm,,BD-CUACA
2025-09-25,1771,suhu_rata_c,25.4,C,,BD-CUACA
2025-09-26,1708,curah_hujan_mm,9.5,mm,,BD-CUACA
2025-09-26,1708,suhu_rata_c,22.7,C,,BD-CUACA
2025-09-26,1709,curah_hujan_mm,15.3,mm,,BD-CUACA
2025-09-26,1709,suhu_rata_c,25.4,C,,BD-CUACA
2025-09-26,1771,curah_hujan_mm,0.9,mm,,BD-CUACA
2025-09-26,1771,suhu_rata_c,26.4,C,,BD-CUACA
2025-09-27,1708,curah_hujan_mm,7.5,mm,,BD-CUACA
2025-09-27,1708,suhu_rata_c,23.4,C,,BD-CUACA
2025-09-27,1709,curah_hujan_mm,9.5,mm,,BD-CUACA
2025-09-27,1709,suhu_rata_c,25.6,C,,BD-CUACA
2025-09-27,1771,curah_hujan_mm,16.0,mm,,BD-CUACA
2025-09-27,1771,suhu_rata_c,26.9,C,,BD-CUACA
2025-09-28,1708,curah_hujan_mm,34.5,mm,,BD-CUACA
2025-09-28,1708,suhu_rata_c,21.9,C,,BD-CUACA
2025-09-28,1709,curah_hujan_mm,38.3,mm,,BD-CUACA
2025-09-28,1709,suhu_rata_c,24.3,C,,BD-CUACA
2025-09-28,1771,curah_hujan_mm,40.7,mm,,BD-CUACA
2025-09-28,1771,suhu_rata_c,25.3,C,,BD-CUACA
2025-09-29,1708,curah_hujan_mm,6.4,mm,,BD-CUACA
2025-09-29,1708,suhu_rata_c,21.7,C,,BD-CUACA
2025-09-29,1709,curah_hujan_mm,5.4,mm,,BD-CUACA
2025-09-29,1709,suhu_rata_c,24.8,C,,BD-CUACA
2025-09-29,1771,curah_hujan_mm,5.5,mm,,BD-CUACA
2025-09-29,1771,suhu_rata_c,26.2,C,,BD-CUACA
2025-09-30,1708,curah_hujan_mm,20.9,mm,,BD-CUACA
2025-09-30,1708,suhu_rata_c,22.3,C,,BD-CUACA
2025-09-30,1709,curah_hujan_mm,4.5,mm,,BD-CUACA
2025-09-30,1709,suhu_rata_c,25.5,C,,BD-CUACA
2025-09-30,1771,curah_hujan_mm,0.6,mm,,BD-CUACA
2025-09-30,1771,suhu_rata_c,26.8,C,,BD-CUACA
2025-10-01,1708,curah_hujan_mm,58.1,mm,,BD-CUACA
2025-10-01,1708,suhu_rata_c,22.2,C,,BD-CUACA
2025-10-01,1709,curah_hujan_mm,37.9,mm,,BD-CUACA
2025-10-01,1709,suhu_rata_c,25.1,C,,BD-CUACA
2025-10-01,1771,curah_hujan_mm,29.4,mm,,BD-CUACA
2025-10-01,1771,suhu_rata_c,26.2,C,,BD-CUACA
2025-10-02,1708,curah_hujan_mm,44.8,mm,,BD-CUACA
2025-10-02,1708,suhu_rata_c,21.7,C,,BD-CUACA
2025-10-02,1709,curah_hujan_mm,43.5,mm,,BD-CUACA
2025-10-02,1709,suhu_rata_c,24.8,C,,BD-CUACA
2025-10-02,1771,curah_hujan_mm,34.5,mm,,BD-CUACA
2025-10-02,1771,suhu_rata_c,25.4,C,,BD-CUACA
2025-10-03,1708,curah_hujan_mm,0.0,mm,,BD-CUACA
2025-10-03,1708,suhu_rata_c,23.1,C,,BD-CUACA
2025-10-03,1709,curah_hujan_mm,0.0,mm,,BD-CUACA
2025-10-03,1709,suhu_rata_c,26.2,C,,BD-CUACA
2025-10-03,1771,curah_hujan_mm,0.0,mm,,BD-CUACA
2025-10-03,1771,suhu_rata_c,27.1,C,,BD-CUACA
2025-10-04,1708,curah_hujan_mm,0.2,mm,,BD-CUACA
2025-10-04,1708,suhu_rata_c,23.3,C,,BD-CUACA
2025-10-04,1709,curah_hujan_mm,0.0,mm,,BD-CUACA
2025-10-04,1709,suhu_rata_c,26.2,C,,BD-CUACA
2025-10-04,1771,curah_hujan_mm,0.0,mm,,BD-CUACA
2025-10-04,1771,suhu_rata_c,27.5,C,,BD-CUACA
2025-10-05,1708,curah_hujan_mm,1.6,mm,,BD-CUACA
2025-10-05,1708,suhu_rata_c,23.1,C,,BD-CUACA
2025-10-05,1709,curah_hujan_mm,0.3,mm,,BD-CUACA
2025-10-05,1709,suhu_rata_c,26.2,C,,BD-CUACA
2025-10-05,1771,curah_hujan_mm,0.0,mm,,BD-CUACA
2025-10-05,1771,suhu_rata_c,27.6,C,,BD-CUACA
2025-10-06,1708,curah_hujan_mm,19.9,mm,,BD-CUACA
2025-10-06,1708,suhu_rata_c,22.3,C,,BD-CUACA
2025-10-06,1709,curah_hujan_mm,25.5,mm,,BD-CUACA
2025-10-06,1709,suhu_rata_c,25.1,C,,BD-CUACA
2025-10-06,1771,curah_hujan_mm,9.4,mm,,BD-CUACA
2025-10-06,1771,suhu_rata_c,26.6,C,,BD-CUACA
2025-10-07,1708,curah_hujan_mm,12.2,mm,,BD-CUACA
2025-10-07,1708,suhu_rata_c,21.0,C,,BD-CUACA
2025-10-07,1709,curah_hujan_mm,15.9,mm,,BD-CUACA
2025-10-07,1709,suhu_rata_c,23.9,C,,BD-CUACA
2025-10-07,1771,curah_hujan_mm,6.6,mm,,BD-CUACA
2025-10-07,1771,suhu_rata_c,24.9,C,,BD-CUACA
2025-10-08,1708,curah_hujan_mm,12.2,mm,,BD-CUACA
2025-10-08,1708,suhu_rata_c,22.0,C,,BD-CUACA
2025-10-08,1709,curah_hujan_mm,5.8,mm,,BD-CUACA
2025-10-08,1709,suhu_rata_c,24.9,C,,BD-CUACA
2025-10-08,1771,curah_hujan_mm,4.9,mm,,BD-CUACA
2025-10-08,1771,suhu_rata_c,26.4,C,,BD-CUACA
2025-10-09,1708,curah_hujan_mm,17.9,mm,,BD-CUACA
2025-10-09,1708,suhu_rata_c,21.6,C,,BD-CUACA
2025-10-09,1709,curah_hujan_mm,39.2,mm,,BD-CUACA
2025-10-09,1709,suhu_rata_c,24.2,C,,BD-CUACA
2025-10-09,1771,curah_hujan_mm,12.8,mm,,BD-CUACA
2025-10-09,1771,suhu_rata_c,25.6,C,,BD-CUACA
2025-10-10,1708,curah_hujan_mm,15.1,mm,,BD-CUACA
2025-10-10,1708,suhu_rata_c,21.4,C,,BD-CUACA
2025-10-10,1709,curah_hujan_mm,8.4,mm,,BD-CUACA
2025-10-10,1709,suhu_rata_c,24.2,C,,BD-CUACA
2025-10-10,1771,curah_hujan_mm,7.3,mm,,BD-CUACA
2025-10-10,1771,suhu_rata_c,25.8,C,,BD-CUACA
2025-10-11,1708,curah_hujan_mm,4.8,mm,,BD-CUACA
2025-10-11,1708,suhu_rata_c,21.9,C,,BD-CUACA
2025-10-11,1709,curah_hujan_mm,16.0,mm,,BD-CUACA
2025-10-11,1709,suhu_rata_c,24.7,C,,BD-CUACA
2025-10-11,1771,curah_hujan_mm,2.2,mm,,BD-CUACA
2025-10-11,1771,suhu_rata_c,26.4,C,,BD-CUACA
2025-10-12,1708,curah_hujan_mm,9.1,mm,,BD-CUACA
2025-10-12,1708,suhu_rata_c,21.9,C,,BD-CUACA
2025-10-12,1709,curah_hujan_mm,30.9,mm,,BD-CUACA
2025-10-12,1709,suhu_rata_c,24.7,C,,BD-CUACA
2025-10-12,1771,curah_hujan_mm,16.8,mm,,BD-CUACA
2025-10-12,1771,suhu_rata_c,26.1,C,,BD-CUACA
2025-10-13,1708,curah_hujan_mm,14.1,mm,,BD-CUACA
2025-10-13,1708,suhu_rata_c,22.3,C,,BD-CUACA
2025-10-13,1709,curah_hujan_mm,9.4,mm,,BD-CUACA
2025-10-13,1709,suhu_rata_c,24.8,C,,BD-CUACA
2025-10-13,1771,curah_hujan_mm,3.8,mm,,BD-CUACA
2025-10-13,1771,suhu_rata_c,26.4,C,,BD-CUACA
2025-10-14,1708,curah_hujan_mm,2.1,mm,,BD-CUACA
2025-10-14,1708,suhu_rata_c,23.2,C,,BD-CUACA
2025-10-14,1709,curah_hujan_mm,27.4,mm,,BD-CUACA
2025-10-14,1709,suhu_rata_c,25.8,C,,BD-CUACA
2025-10-14,1771,curah_hujan_mm,5.2,mm,,BD-CUACA
2025-10-14,1771,suhu_rata_c,27.3,C,,BD-CUACA
2025-10-15,1708,curah_hujan_mm,0.0,mm,,BD-CUACA
2025-10-15,1708,suhu_rata_c,24.1,C,,BD-CUACA
2025-10-15,1709,curah_hujan_mm,0.0,mm,,BD-CUACA
2025-10-15,1709,suhu_rata_c,27.4,C,,BD-CUACA
2025-10-15,1771,curah_hujan_mm,0.0,mm,,BD-CUACA
2025-10-15,1771,suhu_rata_c,28.3,C,,BD-CUACA
2025-10-16,1708,curah_hujan_mm,5.3,mm,,BD-CUACA
2025-10-16,1708,suhu_rata_c,23.4,C,,BD-CUACA
2025-10-16,1709,curah_hujan_mm,22.3,mm,,BD-CUACA
2025-10-16,1709,suhu_rata_c,26.1,C,,BD-CUACA
2025-10-16,1771,curah_hujan_mm,13.3,mm,,BD-CUACA
2025-10-16,1771,suhu_rata_c,26.9,C,,BD-CUACA
2025-10-17,1708,curah_hujan_mm,28.6,mm,,BD-CUACA
2025-10-17,1708,suhu_rata_c,22.5,C,,BD-CUACA
2025-10-17,1709,curah_hujan_mm,15.8,mm,,BD-CUACA
2025-10-17,1709,suhu_rata_c,25.2,C,,BD-CUACA
2025-10-17,1771,curah_hujan_mm,10.1,mm,,BD-CUACA
2025-10-17,1771,suhu_rata_c,26.5,C,,BD-CUACA
2025-10-18,1708,curah_hujan_mm,9.8,mm,,BD-CUACA
2025-10-18,1708,suhu_rata_c,22.0,C,,BD-CUACA
2025-10-18,1709,curah_hujan_mm,24.8,mm,,BD-CUACA
2025-10-18,1709,suhu_rata_c,24.8,C,,BD-CUACA
2025-10-18,1771,curah_hujan_mm,23.0,mm,,BD-CUACA
2025-10-18,1771,suhu_rata_c,25.7,C,,BD-CUACA
2025-10-19,1708,curah_hujan_mm,15.9,mm,,BD-CUACA
2025-10-19,1708,suhu_rata_c,22.0,C,,BD-CUACA
2025-10-19,1709,curah_hujan_mm,25.4,mm,,BD-CUACA
2025-10-19,1709,suhu_rata_c,25.0,C,,BD-CUACA
2025-10-19,1771,curah_hujan_mm,17.4,mm,,BD-CUACA
2025-10-19,1771,suhu_rata_c,25.6,C,,BD-CUACA
2025-10-20,1708,curah_hujan_mm,3.5,mm,,BD-CUACA
2025-10-20,1708,suhu_rata_c,22.6,C,,BD-CUACA
2025-10-20,1709,curah_hujan_mm,0.6,mm,,BD-CUACA
2025-10-20,1709,suhu_rata_c,26.1,C,,BD-CUACA
2025-10-20,1771,curah_hujan_mm,4.3,mm,,BD-CUACA
2025-10-20,1771,suhu_rata_c,26.5,C,,BD-CUACA
2025-10-21,1708,curah_hujan_mm,24.5,mm,,BD-CUACA
2025-10-21,1708,suhu_rata_c,22.2,C,,BD-CUACA
2025-10-21,1709,curah_hujan_mm,21.2,mm,,BD-CUACA
2025-10-21,1709,suhu_rata_c,25.5,C,,BD-CUACA
2025-10-21,1771,curah_hujan_mm,12.0,mm,,BD-CUACA
2025-10-21,1771,suhu_rata_c,26.5,C,,BD-CUACA
2025-10-22,1708,curah_hujan_mm,16.2,mm,,BD-CUACA
2025-10-22,1708,suhu_rata_c,21.5,C,,BD-CUACA
2025-10-22,1709,curah_hujan_mm,18.1,mm,,BD-CUACA
2025-10-22,1709,suhu_rata_c,24.8,C,,BD-CUACA
2025-10-22,1771,curah_hujan_mm,21.2,mm,,BD-CUACA
2025-10-22,1771,suhu_rata_c,25.5,C,,BD-CUACA
2025-10-23,1708,curah_hujan_mm,0.3,mm,,BD-CUACA
2025-10-23,1708,suhu_rata_c,22.3,C,,BD-CUACA
2025-10-23,1709,curah_hujan_mm,0.6,mm,,BD-CUACA
2025-10-23,1709,suhu_rata_c,25.6,C,,BD-CUACA
2025-10-23,1771,curah_hujan_mm,3.5,mm,,BD-CUACA
2025-10-23,1771,suhu_rata_c,26.4,C,,BD-CUACA
2025-10-24,1708,curah_hujan_mm,7.1,mm,,BD-CUACA
2025-10-24,1708,suhu_rata_c,21.9,C,,BD-CUACA
2025-10-24,1709,curah_hujan_mm,8.3,mm,,BD-CUACA
2025-10-24,1709,suhu_rata_c,25.0,C,,BD-CUACA
2025-10-24,1771,curah_hujan_mm,15.7,mm,,BD-CUACA
2025-10-24,1771,suhu_rata_c,26.5,C,,BD-CUACA
2025-10-25,1708,curah_hujan_mm,0.0,mm,,BD-CUACA
2025-10-25,1708,suhu_rata_c,22.7,C,,BD-CUACA
2025-10-25,1709,curah_hujan_mm,0.2,mm,,BD-CUACA
2025-10-25,1709,suhu_rata_c,26.2,C,,BD-CUACA
2025-10-25,1771,curah_hujan_mm,0.0,mm,,BD-CUACA
2025-10-25,1771,suhu_rata_c,27.4,C,,BD-CUACA
2025-10-26,1708,curah_hujan_mm,1.9,mm,,BD-CUACA
2025-10-26,1708,suhu_rata_c,22.2,C,,BD-CUACA
2025-10-26,1709,curah_hujan_mm,0.7,mm,,BD-CUACA
2025-10-26,1709,suhu_rata_c,25.9,C,,BD-CUACA
2025-10-26,1771,curah_hujan_mm,1.5,mm,,BD-CUACA
2025-10-26,1771,suhu_rata_c,26.8,C,,BD-CUACA
2025-10-27,1708,curah_hujan_mm,1.3,mm,,BD-CUACA
2025-10-27,1708,suhu_rata_c,22.1,C,,BD-CUACA
2025-10-27,1709,curah_hujan_mm,2.3,mm,,BD-CUACA
2025-10-27,1709,suhu_rata_c,25.0,C,,BD-CUACA
2025-10-27,1771,curah_hujan_mm,4.0,mm,,BD-CUACA
2025-10-27,1771,suhu_rata_c,25.9,C,,BD-CUACA
2025-10-28,1708,curah_hujan_mm,4.2,mm,,BD-CUACA
2025-10-28,1708,suhu_rata_c,21.5,C,,BD-CUACA
2025-10-28,1709,curah_hujan_mm,4.2,mm,,BD-CUACA
2025-10-28,1709,suhu_rata_c,24.6,C,,BD-CUACA
2025-10-28,1771,curah_hujan_mm,4.1,mm,,BD-CUACA
2025-10-28,1771,suhu_rata_c,25.8,C,,BD-CUACA
2025-10-29,1708,curah_hujan_mm,7.7,mm,,BD-CUACA
2025-10-29,1708,suhu_rata_c,22.4,C,,BD-CUACA
2025-10-29,1709,curah_hujan_mm,4.3,mm,,BD-CUACA
2025-10-29,1709,suhu_rata_c,25.8,C,,BD-CUACA
2025-10-29,1771,curah_hujan_mm,3.7,mm,,BD-CUACA
2025-10-29,1771,suhu_rata_c,26.5,C,,BD-CUACA
2025-10-30,1708,curah_hujan_mm,1.7,mm,,BD-CUACA
2025-10-30,1708,suhu_rata_c,22.7,C,,BD-CUACA
2025-10-30,1709,curah_hujan_mm,3.3,mm,,BD-CUACA
2025-10-30,1709,suhu_rata_c,26.1,C,,BD-CUACA
2025-10-30,1771,curah_hujan_mm,1.2,mm,,BD-CUACA
2025-10-30,1771,suhu_rata_c,26.8,C,,BD-CUACA
2025-10-31,1708,curah_hujan_mm,0.0,mm,,BD-CUACA
2025-10-31,1708,suhu_rata_c,22.8,C,,BD-CUACA
2025-10-31,1709,curah_hujan_mm,0.3,mm,,BD-CUACA
2025-10-31,1709,suhu_rata_c,26.1,C,,BD-CUACA
2025-10-31,1771,curah_hujan_mm,0.5,mm,,BD-CUACA
2025-10-31,1771,suhu_rata_c,27.1,C,,BD-CUACA
2025-11-01,1708,curah_hujan_mm,1.6,mm,,BD-CUACA
2025-11-01,1708,suhu_rata_c,22.3,C,,BD-CUACA
2025-11-01,1709,curah_hujan_mm,0.0,mm,,BD-CUACA
2025-11-01,1709,suhu_rata_c,25.7,C,,BD-CUACA
2025-11-01,1771,curah_hujan_mm,0.0,mm,,BD-CUACA
2025-11-01,1771,suhu_rata_c,27.0,C,,BD-CUACA
2025-11-02,1708,curah_hujan_mm,1.4,mm,,BD-CUACA
2025-11-02,1708,suhu_rata_c,22.9,C,,BD-CUACA
2025-11-02,1709,curah_hujan_mm,1.9,mm,,BD-CUACA
2025-11-02,1709,suhu_rata_c,26.1,C,,BD-CUACA
2025-11-02,1771,curah_hujan_mm,1.1,mm,,BD-CUACA
2025-11-02,1771,suhu_rata_c,27.3,C,,BD-CUACA
2025-11-03,1708,curah_hujan_mm,2.3,mm,,BD-CUACA
2025-11-03,1708,suhu_rata_c,22.8,C,,BD-CUACA
2025-11-03,1709,curah_hujan_mm,5.0,mm,,BD-CUACA
2025-11-03,1709,suhu_rata_c,26.5,C,,BD-CUACA
2025-11-03,1771,curah_hujan_mm,5.1,mm,,BD-CUACA
2025-11-03,1771,suhu_rata_c,27.4,C,,BD-CUACA
2025-11-04,1708,curah_hujan_mm,9.4,mm,,BD-CUACA
2025-11-04,1708,suhu_rata_c,21.6,C,,BD-CUACA
2025-11-04,1709,curah_hujan_mm,17.7,mm,,BD-CUACA
2025-11-04,1709,suhu_rata_c,25.0,C,,BD-CUACA
2025-11-04,1771,curah_hujan_mm,8.1,mm,,BD-CUACA
2025-11-04,1771,suhu_rata_c,26.1,C,,BD-CUACA
2025-11-05,1708,curah_hujan_mm,8.7,mm,,BD-CUACA
2025-11-05,1708,suhu_rata_c,21.9,C,,BD-CUACA
2025-11-05,1709,curah_hujan_mm,27.6,mm,,BD-CUACA
2025-11-05,1709,suhu_rata_c,25.2,C,,BD-CUACA
2025-11-05,1771,curah_hujan_mm,28.9,mm,,BD-CUACA
2025-11-05,1771,suhu_rata_c,26.5,C,,BD-CUACA
2025-11-06,1708,curah_hujan_mm,11.1,mm,,BD-CUACA
2025-11-06,1708,suhu_rata_c,21.1,C,,BD-CUACA
2025-11-06,1709,curah_hujan_mm,26.1,mm,,BD-CUACA
2025-11-06,1709,suhu_rata_c,24.1,C,,BD-CUACA
2025-11-06,1771,curah_hujan_mm,29.0,mm,,BD-CUACA
2025-11-06,1771,suhu_rata_c,25.3,C,,BD-CUACA
2025-11-07,1708,curah_hujan_mm,10.3,mm,,BD-CUACA
2025-11-07,1708,suhu_rata_c,21.1,C,,BD-CUACA
2025-11-07,1709,curah_hujan_mm,11.9,mm,,BD-CUACA
2025-11-07,1709,suhu_rata_c,24.0,C,,BD-CUACA
2025-11-07,1771,curah_hujan_mm,20.2,mm,,BD-CUACA
2025-11-07,1771,suhu_rata_c,25.4,C,,BD-CUACA
2025-11-08,1708,curah_hujan_mm,15.4,mm,,BD-CUACA
2025-11-08,1708,suhu_rata_c,21.7,C,,BD-CUACA
2025-11-08,1709,curah_hujan_mm,10.0,mm,,BD-CUACA
2025-11-08,1709,suhu_rata_c,24.9,C,,BD-CUACA
2025-11-08,1771,curah_hujan_mm,24.5,mm,,BD-CUACA
2025-11-08,1771,suhu_rata_c,26.0,C,,BD-CUACA
2025-11-09,1708,curah_hujan_mm,4.8,mm,,BD-CUACA
2025-11-09,1708,suhu_rata_c,21.7,C,,BD-CUACA
2025-11-09,1709,curah_hujan_mm,30.0,mm,,BD-CUACA
2025-11-09,1709,suhu_rata_c,24.9,C,,BD-CUACA
2025-11-09,1771,curah_hujan_mm,34.3,mm,,BD-CUACA
2025-11-09,1771,suhu_rata_c,26.0,C,,BD-CUACA
2025-11-10,1708,curah_hujan_mm,8.6,mm,,BD-CUACA
2025-11-10,1708,suhu_rata_c,21.9,C,,BD-CUACA
2025-11-10,1709,curah_hujan_mm,8.9,mm,,BD-CUACA
2025-11-10,1709,suhu_rata_c,24.7,C,,BD-CUACA
2025-11-10,1771,curah_hujan_mm,9.1,mm,,BD-CUACA
2025-11-10,1771,suhu_rata_c,26.0,C,,BD-CUACA
2025-11-11,1708,curah_hujan_mm,26.4,mm,,BD-CUACA
2025-11-11,1708,suhu_rata_c,21.4,C,,BD-CUACA
2025-11-11,1709,curah_hujan_mm,48.7,mm,,BD-CUACA
2025-11-11,1709,suhu_rata_c,24.4,C,,BD-CUACA
2025-11-11,1771,curah_hujan_mm,61.1,mm,,BD-CUACA
2025-11-11,1771,suhu_rata_c,25.7,C,,BD-CUACA
2025-11-12,1708,curah_hujan_mm,22.2,mm,,BD-CUACA
2025-11-12,1708,suhu_rata_c,20.9,C,,BD-CUACA
2025-11-12,1709,curah_hujan_mm,33.6,mm,,BD-CUACA
2025-11-12,1709,suhu_rata_c,23.7,C,,BD-CUACA
2025-11-12,1771,curah_hujan_mm,49.1,mm,,BD-CUACA
2025-11-12,1771,suhu_rata_c,25.3,C,,BD-CUACA
2025-11-13,1708,curah_hujan_mm,9.5,mm,,BD-CUACA
2025-11-13,1708,suhu_rata_c,21.3,C,,BD-CUACA
2025-11-13,1709,curah_hujan_mm,42.1,mm,,BD-CUACA
2025-11-13,1709,suhu_rata_c,24.0,C,,BD-CUACA
2025-11-13,1771,curah_hujan_mm,18.5,mm,,BD-CUACA
2025-11-13,1771,suhu_rata_c,25.3,C,,BD-CUACA
2025-11-14,1708,curah_hujan_mm,0.8,mm,,BD-CUACA
2025-11-14,1708,suhu_rata_c,22.4,C,,BD-CUACA
2025-11-14,1709,curah_hujan_mm,1.2,mm,,BD-CUACA
2025-11-14,1709,suhu_rata_c,25.8,C,,BD-CUACA
2025-11-14,1771,curah_hujan_mm,3.6,mm,,BD-CUACA
2025-11-14,1771,suhu_rata_c,26.7,C,,BD-CUACA
2025-11-15,1708,curah_hujan_mm,1.5,mm,,BD-CUACA
2025-11-15,1708,suhu_rata_c,23.2,C,,BD-CUACA
2025-11-15,1709,curah_hujan_mm,3.7,mm,,BD-CUACA
2025-11-15,1709,suhu_rata_c,26.4,C,,BD-CUACA
2025-11-15,1771,curah_hujan_mm,0.7,mm,,BD-CUACA
2025-11-15,1771,suhu_rata_c,27.7,C,,BD-CUACA
2025-11-16,1708,curah_hujan_mm,24.9,mm,,BD-CUACA
2025-11-16,1708,suhu_rata_c,21.7,C,,BD-CUACA
2025-11-16,1709,curah_hujan_mm,44.9,mm,,BD-CUACA
2025-11-16,1709,suhu_rata_c,24.8,C,,BD-CUACA
2025-11-16,1771,curah_hujan_mm,19.8,mm,,BD-CUACA
2025-11-16,1771,suhu_rata_c,25.5,C,,BD-CUACA
2025-11-17,1708,curah_hujan_mm,8.1,mm,,BD-CUACA
2025-11-17,1708,suhu_rata_c,22.4,C,,BD-CUACA
2025-11-17,1709,curah_hujan_mm,10.4,mm,,BD-CUACA
2025-11-17,1709,suhu_rata_c,25.4,C,,BD-CUACA
2025-11-17,1771,curah_hujan_mm,24.2,mm,,BD-CUACA
2025-11-17,1771,suhu_rata_c,26.2,C,,BD-CUACA
2025-11-18,1708,curah_hujan_mm,6.3,mm,,BD-CUACA
2025-11-18,1708,suhu_rata_c,21.2,C,,BD-CUACA
2025-11-18,1709,curah_hujan_mm,15.2,mm,,BD-CUACA
2025-11-18,1709,suhu_rata_c,24.2,C,,BD-CUACA
2025-11-18,1771,curah_hujan_mm,11.9,mm,,BD-CUACA
2025-11-18,1771,suhu_rata_c,25.8,C,,BD-CUACA
2025-11-19,1708,curah_hujan_mm,4.8,mm,,BD-CUACA
2025-11-19,1708,suhu_rata_c,21.8,C,,BD-CUACA
2025-11-19,1709,curah_hujan_mm,6.2,mm,,BD-CUACA
2025-11-19,1709,suhu_rata_c,24.9,C,,BD-CUACA
2025-11-19,1771,curah_hujan_mm,7.9,mm,,BD-CUACA
2025-11-19,1771,suhu_rata_c,26.2,C,,BD-CUACA
2025-11-20,1708,curah_hujan_mm,5.5,mm,,BD-CUACA
2025-11-20,1708,suhu_rata_c,21.1,C,,BD-CUACA
2025-11-20,1709,curah_hujan_mm,7.8,mm,,BD-CUACA
2025-11-20,1709,suhu_rata_c,24.2,C,,BD-CUACA
2025-11-20,1771,curah_hujan_mm,25.2,mm,,BD-CUACA
2025-11-20,1771,suhu_rata_c,25.3,C,,BD-CUACA
2025-11-21,1708,curah_hujan_mm,20.8,mm,,BD-CUACA
2025-11-21,1708,suhu_rata_c,21.2,C,,BD-CUACA
2025-11-21,1709,curah_hujan_mm,23.9,mm,,BD-CUACA
2025-11-21,1709,suhu_rata_c,24.2,C,,BD-CUACA
2025-11-21,1771,curah_hujan_mm,28.0,mm,,BD-CUACA
2025-11-21,1771,suhu_rata_c,25.4,C,,BD-CUACA
2025-11-22,1708,curah_hujan_mm,17.2,mm,,BD-CUACA
2025-11-22,1708,suhu_rata_c,20.8,C,,BD-CUACA
2025-11-22,1709,curah_hujan_mm,25.3,mm,,BD-CUACA
2025-11-22,1709,suhu_rata_c,23.6,C,,BD-CUACA
2025-11-22,1771,curah_hujan_mm,33.4,mm,,BD-CUACA
2025-11-22,1771,suhu_rata_c,24.8,C,,BD-CUACA
2025-11-23,1708,curah_hujan_mm,20.3,mm,,BD-CUACA
2025-11-23,1708,suhu_rata_c,21.3,C,,BD-CUACA
2025-11-23,1709,curah_hujan_mm,43.0,mm,,BD-CUACA
2025-11-23,1709,suhu_rata_c,24.1,C,,BD-CUACA
2025-11-23,1771,curah_hujan_mm,33.5,mm,,BD-CUACA
2025-11-23,1771,suhu_rata_c,25.3,C,,BD-CUACA
2025-11-24,1708,curah_hujan_mm,7.8,mm,,BD-CUACA
2025-11-24,1708,suhu_rata_c,21.2,C,,BD-CUACA
2025-11-24,1709,curah_hujan_mm,8.3,mm,,BD-CUACA
2025-11-24,1709,suhu_rata_c,24.5,C,,BD-CUACA
2025-11-24,1771,curah_hujan_mm,6.0,mm,,BD-CUACA
2025-11-24,1771,suhu_rata_c,25.9,C,,BD-CUACA
2025-11-25,1708,curah_hujan_mm,8.4,mm,,BD-CUACA
2025-11-25,1708,suhu_rata_c,21.7,C,,BD-CUACA
2025-11-25,1709,curah_hujan_mm,3.7,mm,,BD-CUACA
2025-11-25,1709,suhu_rata_c,25.3,C,,BD-CUACA
2025-11-25,1771,curah_hujan_mm,4.1,mm,,BD-CUACA
2025-11-25,1771,suhu_rata_c,26.4,C,,BD-CUACA
2025-11-26,1708,curah_hujan_mm,13.9,mm,,BD-CUACA
2025-11-26,1708,suhu_rata_c,21.2,C,,BD-CUACA
2025-11-26,1709,curah_hujan_mm,8.9,mm,,BD-CUACA
2025-11-26,1709,suhu_rata_c,24.6,C,,BD-CUACA
2025-11-26,1771,curah_hujan_mm,10.7,mm,,BD-CUACA
2025-11-26,1771,suhu_rata_c,26.1,C,,BD-CUACA
2025-11-27,1708,curah_hujan_mm,28.7,mm,,BD-CUACA
2025-11-27,1708,suhu_rata_c,20.7,C,,BD-CUACA
2025-11-27,1709,curah_hujan_mm,24.8,mm,,BD-CUACA
2025-11-27,1709,suhu_rata_c,23.5,C,,BD-CUACA
2025-11-27,1771,curah_hujan_mm,34.8,mm,,BD-CUACA
2025-11-27,1771,suhu_rata_c,24.7,C,,BD-CUACA
2025-11-28,1708,curah_hujan_mm,9.9,mm,,BD-CUACA
2025-11-28,1708,suhu_rata_c,20.9,C,,BD-CUACA
2025-11-28,1709,curah_hujan_mm,7.1,mm,,BD-CUACA
2025-11-28,1709,suhu_rata_c,24.4,C,,BD-CUACA
2025-11-28,1771,curah_hujan_mm,5.6,mm,,BD-CUACA
2025-11-28,1771,suhu_rata_c,25.5,C,,BD-CUACA
2025-11-29,1708,curah_hujan_mm,3.6,mm,,BD-CUACA
2025-11-29,1708,suhu_rata_c,22.1,C,,BD-CUACA
2025-11-29,1709,curah_hujan_mm,1.8,mm,,BD-CUACA
2025-11-29,1709,suhu_rata_c,25.4,C,,BD-CUACA
2025-11-29,1771,curah_hujan_mm,2.1,mm,,BD-CUACA
2025-11-29,1771,suhu_rata_c,26.3,C,,BD-CUACA
2025-11-30,1708,curah_hujan_mm,0.9,mm,,BD-CUACA
2025-11-30,1708,suhu_rata_c,22.9,C,,BD-CUACA
2025-11-30,1709,curah_hujan_mm,0.0,mm,,BD-CUACA
2025-11-30,1709,suhu_rata_c,26.4,C,,BD-CUACA
2025-11-30,1771,curah_hujan_mm,0.2,mm,,BD-CUACA
2025-11-30,1771,suhu_rata_c,27.3,C,,BD-CUACA
2025-12-01,1708,curah_hujan_mm,4.8,mm,,BD-CUACA
2025-12-01,1708,suhu_rata_c,22.8,C,,BD-CUACA
2025-12-01,1709,curah_hujan_mm,10.3,mm,,BD-CUACA
2025-12-01,1709,suhu_rata_c,26.1,C,,BD-CUACA
2025-12-01,1771,curah_hujan_mm,2.7,mm,,BD-CUACA
2025-12-01,1771,suhu_rata_c,27.4,C,,BD-CUACA
2025-12-02,1708,curah_hujan_mm,3.7,mm,,BD-CUACA
2025-12-02,1708,suhu_rata_c,22.7,C,,BD-CUACA
2025-12-02,1709,curah_hujan_mm,13.9,mm,,BD-CUACA
2025-12-02,1709,suhu_rata_c,25.5,C,,BD-CUACA
2025-12-02,1771,curah_hujan_mm,3.7,mm,,BD-CUACA
2025-12-02,1771,suhu_rata_c,26.7,C,,BD-CUACA
2025-12-03,1708,curah_hujan_mm,21.4,mm,,BD-CUACA
2025-12-03,1708,suhu_rata_c,21.9,C,,BD-CUACA
2025-12-03,1709,curah_hujan_mm,15.0,mm,,BD-CUACA
2025-12-03,1709,suhu_rata_c,24.8,C,,BD-CUACA
2025-12-03,1771,curah_hujan_mm,29.5,mm,,BD-CUACA
2025-12-03,1771,suhu_rata_c,25.7,C,,BD-CUACA
2025-12-04,1708,curah_hujan_mm,7.8,mm,,BD-CUACA
2025-12-04,1708,suhu_rata_c,21.4,C,,BD-CUACA
2025-12-04,1709,curah_hujan_mm,26.3,mm,,BD-CUACA
2025-12-04,1709,suhu_rata_c,24.4,C,,BD-CUACA
2025-12-04,1771,curah_hujan_mm,34.8,mm,,BD-CUACA
2025-12-04,1771,suhu_rata_c,25.1,C,,BD-CUACA
2025-12-05,1708,curah_hujan_mm,1.5,mm,,BD-CUACA
2025-12-05,1708,suhu_rata_c,22.2,C,,BD-CUACA
2025-12-05,1709,curah_hujan_mm,3.0,mm,,BD-CUACA
2025-12-05,1709,suhu_rata_c,25.4,C,,BD-CUACA
2025-12-05,1771,curah_hujan_mm,0.3,mm,,BD-CUACA
2025-12-05,1771,suhu_rata_c,26.7,C,,BD-CUACA
2025-12-06,1708,curah_hujan_mm,1.7,mm,,BD-CUACA
2025-12-06,1708,suhu_rata_c,22.5,C,,BD-CUACA
2025-12-06,1709,curah_hujan_mm,0.9,mm,,BD-CUACA
2025-12-06,1709,suhu_rata_c,25.7,C,,BD-CUACA
2025-12-06,1771,curah_hujan_mm,0.2,mm,,BD-CUACA
2025-12-06,1771,suhu_rata_c,27.0,C,,BD-CUACA
2025-12-07,1708,curah_hujan_mm,13.1,mm,,BD-CUACA
2025-12-07,1708,suhu_rata_c,21.1,C,,BD-CUACA
2025-12-07,1709,curah_hujan_mm,16.1,mm,,BD-CUACA
2025-12-07,1709,suhu_rata_c,24.2,C,,BD-CUACA
2025-12-07,1771,curah_hujan_mm,20.3,mm,,BD-CUACA
2025-12-07,1771,suhu_rata_c,25.3,C,,BD-CUACA
2025-12-08,1708,curah_hujan_mm,16.6,mm,,BD-CUACA
2025-12-08,1708,suhu_rata_c,21.4,C,,BD-CUACA
2025-12-08,1709,curah_hujan_mm,40.7,mm,,BD-CUACA
2025-12-08,1709,suhu_rata_c,24.5,C,,BD-CUACA
2025-12-08,1771,curah_hujan_mm,30.8,mm,,BD-CUACA
2025-12-08,1771,suhu_rata_c,25.3,C,,BD-CUACA
2025-12-09,1708,curah_hujan_mm,7.2,mm,,BD-CUACA
2025-12-09,1708,suhu_rata_c,21.4,C,,BD-CUACA
2025-12-09,1709,curah_hujan_mm,12.0,mm,,BD-CUACA
2025-12-09,1709,suhu_rata_c,24.3,C,,BD-CUACA
2025-12-09,1771,curah_hujan_mm,20.8,mm,,BD-CUACA
2025-12-09,1771,suhu_rata_c,24.7,C,,BD-CUACA
2025-12-10,1708,curah_hujan_mm,13.0,mm,,BD-CUACA
2025-12-10,1708,suhu_rata_c,21.3,C,,BD-CUACA
2025-12-10,1709,curah_hujan_mm,10.5,mm,,BD-CUACA
2025-12-10,1709,suhu_rata_c,24.7,C,,BD-CUACA
2025-12-10,1771,curah_hujan_mm,9.4,mm,,BD-CUACA
2025-12-10,1771,suhu_rata_c,25.9,C,,BD-CUACA
2025-12-11,1708,curah_hujan_mm,0.5,mm,,BD-CUACA
2025-12-11,1708,suhu_rata_c,21.9,C,,BD-CUACA
2025-12-11,1709,curah_hujan_mm,0.0,mm,,BD-CUACA
2025-12-11,1709,suhu_rata_c,25.3,C,,BD-CUACA
2025-12-11,1771,curah_hujan_mm,3.9,mm,,BD-CUACA
2025-12-11,1771,suhu_rata_c,26.4,C,,BD-CUACA
2025-12-12,1708,curah_hujan_mm,1.7,mm,,BD-CUACA
2025-12-12,1708,suhu_rata_c,22.2,C,,BD-CUACA
2025-12-12,1709,curah_hujan_mm,6.1,mm,,BD-CUACA
2025-12-12,1709,suhu_rata_c,25.6,C,,BD-CUACA
2025-12-12,1771,curah_hujan_mm,6.4,mm,,BD-CUACA
2025-12-12,1771,suhu_rata_c,26.6,C,,BD-CUACA
2025-12-13,1708,curah_hujan_mm,8.7,mm,,BD-CUACA
2025-12-13,1708,suhu_rata_c,21.4,C,,BD-CUACA
2025-12-13,1709,curah_hujan_mm,19.0,mm,,BD-CUACA
2025-12-13,1709,suhu_rata_c,24.3,C,,BD-CUACA
2025-12-13,1771,curah_hujan_mm,16.3,mm,,BD-CUACA
2025-12-13,1771,suhu_rata_c,25.7,C,,BD-CUACA
2025-12-14,1708,curah_hujan_mm,12.6,mm,,BD-CUACA
2025-12-14,1708,suhu_rata_c,21.3,C,,BD-CUACA
2025-12-14,1709,curah_hujan_mm,23.4,mm,,BD-CUACA
2025-12-14,1709,suhu_rata_c,24.7,C,,BD-CUACA
2025-12-14,1771,curah_hujan_mm,29.6,mm,,BD-CUACA
2025-12-14,1771,suhu_rata_c,25.4,C,,BD-CUACA
2025-12-15,1708,curah_hujan_mm,12.8,mm,,BD-CUACA
2025-12-15,1708,suhu_rata_c,20.7,C,,BD-CUACA
2025-12-15,1709,curah_hujan_mm,10.7,mm,,BD-CUACA
2025-12-15,1709,suhu_rata_c,23.7,C,,BD-CUACA
2025-12-15,1771,curah_hujan_mm,14.7,mm,,BD-CUACA
2025-12-15,1771,suhu_rata_c,24.7,C,,BD-CUACA
2025-12-16,1708,curah_hujan_mm,18.1,mm,,BD-CUACA
2025-12-16,1708,suhu_rata_c,20.5,C,,BD-CUACA
2025-12-16,1709,curah_hujan_mm,21.0,mm,,BD-CUACA
2025-12-16,1709,suhu_rata_c,23.2,C,,BD-CUACA
2025-12-16,1771,curah_hujan_mm,33.4,mm,,BD-CUACA
2025-12-16,1771,suhu_rata_c,24.6,C,,BD-CUACA
2025-12-17,1708,curah_hujan_mm,13.0,mm,,BD-CUACA
2025-12-17,1708,suhu_rata_c,21.4,C,,BD-CUACA
2025-12-17,1709,curah_hujan_mm,39.7,mm,,BD-CUACA
2025-12-17,1709,suhu_rata_c,24.5,C,,BD-CUACA
2025-12-17,1771,curah_hujan_mm,21.8,mm,,BD-CUACA
2025-12-17,1771,suhu_rata_c,25.4,C,,BD-CUACA
2025-12-18,1708,curah_hujan_mm,10.2,mm,,BD-CUACA
2025-12-18,1708,suhu_rata_c,21.8,C,,BD-CUACA
2025-12-18,1709,curah_hujan_mm,37.8,mm,,BD-CUACA
2025-12-18,1709,suhu_rata_c,25.0,C,,BD-CUACA
2025-12-18,1771,curah_hujan_mm,24.9,mm,,BD-CUACA
2025-12-18,1771,suhu_rata_c,26.3,C,,BD-CUACA
2025-12-19,1708,curah_hujan_mm,13.2,mm,,BD-CUACA
2025-12-19,1708,suhu_rata_c,21.9,C,,BD-CUACA
2025-12-19,1709,curah_hujan_mm,11.1,mm,,BD-CUACA
2025-12-19,1709,suhu_rata_c,25.5,C,,BD-CUACA
2025-12-19,1771,curah_hujan_mm,24.8,mm,,BD-CUACA
2025-12-19,1771,suhu_rata_c,26.3,C,,BD-CUACA
2025-12-20,1708,curah_hujan_mm,14.4,mm,,BD-CUACA
2025-12-20,1708,suhu_rata_c,22.3,C,,BD-CUACA
2025-12-20,1709,curah_hujan_mm,10.5,mm,,BD-CUACA
2025-12-20,1709,suhu_rata_c,25.7,C,,BD-CUACA
2025-12-20,1771,curah_hujan_mm,18.0,mm,,BD-CUACA
2025-12-20,1771,suhu_rata_c,26.4,C,,BD-CUACA
2025-12-21,1708,curah_hujan_mm,6.9,mm,,BD-CUACA
2025-12-21,1708,suhu_rata_c,22.0,C,,BD-CUACA
2025-12-21,1709,curah_hujan_mm,13.0,mm,,BD-CUACA
2025-12-21,1709,suhu_rata_c,25.3,C,,BD-CUACA
2025-12-21,1771,curah_hujan_mm,15.4,mm,,BD-CUACA
2025-12-21,1771,suhu_rata_c,26.3,C,,BD-CUACA
2025-12-22,1708,curah_hujan_mm,7.4,mm,,BD-CUACA
2025-12-22,1708,suhu_rata_c,22.6,C,,BD-CUACA
2025-12-22,1709,curah_hujan_mm,3.9,mm,,BD-CUACA
2025-12-22,1709,suhu_rata_c,25.8,C,,BD-CUACA
2025-12-22,1771,curah_hujan_mm,0.5,mm,,BD-CUACA
2025-12-22,1771,suhu_rata_c,27.1,C,,BD-CUACA
2025-12-23,1708,curah_hujan_mm,15.6,mm,,BD-CUACA
2025-12-23,1708,suhu_rata_c,22.4,C,,BD-CUACA
2025-12-23,1709,curah_hujan_mm,14.1,mm,,BD-CUACA
2025-12-23,1709,suhu_rata_c,25.7,C,,BD-CUACA
2025-12-23,1771,curah_hujan_mm,4.5,mm,,BD-CUACA
2025-12-23,1771,suhu_rata_c,27.0,C,,BD-CUACA
2025-12-24,1708,curah_hujan_mm,15.7,mm,,BD-CUACA
2025-12-24,1708,suhu_rata_c,22.6,C,,BD-CUACA
2025-12-24,1709,curah_hujan_mm,18.5,mm,,BD-CUACA
2025-12-24,1709,suhu_rata_c,25.7,C,,BD-CUACA
2025-12-24,1771,curah_hujan_mm,0.8,mm,,BD-CUACA
2025-12-24,1771,suhu_rata_c,27.3,C,,BD-CUACA
2025-12-25,1708,curah_hujan_mm,5.7,mm,,BD-CUACA
2025-12-25,1708,suhu_rata_c,21.8,C,,BD-CUACA
2025-12-25,1709,curah_hujan_mm,17.2,mm,,BD-CUACA
2025-12-25,1709,suhu_rata_c,24.9,C,,BD-CUACA
2025-12-25,1771,curah_hujan_mm,9.5,mm,,BD-CUACA
2025-12-25,1771,suhu_rata_c,26.2,C,,BD-CUACA
2025-12-26,1708,curah_hujan_mm,18.6,mm,,BD-CUACA
2025-12-26,1708,suhu_rata_c,21.6,C,,BD-CUACA
2025-12-26,1709,curah_hujan_mm,24.2,mm,,BD-CUACA
2025-12-26,1709,suhu_rata_c,24.8,C,,BD-CUACA
2025-12-26,1771,curah_hujan_mm,25.0,mm,,BD-CUACA
2025-12-26,1771,suhu_rata_c,25.5,C,,BD-CUACA
2025-12-27,1708,curah_hujan_mm,4.1,mm,,BD-CUACA
2025-12-27,1708,suhu_rata_c,22.7,C,,BD-CUACA
2025-12-27,1709,curah_hujan_mm,5.6,mm,,BD-CUACA
2025-12-27,1709,suhu_rata_c,25.7,C,,BD-CUACA
2025-12-27,1771,curah_hujan_mm,5.2,mm,,BD-CUACA
2025-12-27,1771,suhu_rata_c,26.7,C,,BD-CUACA
2025-12-28,1708,curah_hujan_mm,14.4,mm,,BD-CUACA
2025-12-28,1708,suhu_rata_c,21.6,C,,BD-CUACA
2025-12-28,1709,curah_hujan_mm,29.7,mm,,BD-CUACA
2025-12-28,1709,suhu_rata_c,24.6,C,,BD-CUACA
2025-12-28,1771,curah_hujan_mm,22.8,mm,,BD-CUACA
2025-12-28,1771,suhu_rata_c,25.6,C,,BD-CUACA
2025-12-29,1708,curah_hujan_mm,5.3,mm,,BD-CUACA
2025-12-29,1708,suhu_rata_c,22.2,C,,BD-CUACA
2025-12-29,1709,curah_hujan_mm,9.9,mm,,BD-CUACA
2025-12-29,1709,suhu_rata_c,25.6,C,,BD-CUACA
2025-12-29,1771,curah_hujan_mm,28.8,mm,,BD-CUACA
2025-12-29,1771,suhu_rata_c,25.9,C,,BD-CUACA
2025-12-30,1708,curah_hujan_mm,3.5,mm,,BD-CUACA
2025-12-30,1708,suhu_rata_c,22.4,C,,BD-CUACA
2025-12-30,1709,curah_hujan_mm,4.3,mm,,BD-CUACA
2025-12-30,1709,suhu_rata_c,25.7,C,,BD-CUACA
2025-12-30,1771,curah_hujan_mm,2.3,mm,,BD-CUACA
2025-12-30,1771,suhu_rata_c,26.5,C,,BD-CUACA
2025-12-31,1708,curah_hujan_mm,7.2,mm,,BD-CUACA
2025-12-31,1708,suhu_rata_c,21.9,C,,BD-CUACA
2025-12-31,1709,curah_hujan_mm,14.2,mm,,BD-CUACA
2025-12-31,1709,suhu_rata_c,24.9,C,,BD-CUACA
2025-12-31,1771,curah_hujan_mm,14.6,mm,,BD-CUACA
2025-12-31,1771,suhu_rata_c,26.0,C,,BD-CUACA
