tanggal,kode_wilayah,indikator,nilai,satuan,kode_varian,kode_sumber
2022-01-01,1708,curah_hujan_mm,18.4,mm,,BD-CUACA
2022-01-01,1708,suhu_rata_c,21.2,C,,BD-CUACA
2022-01-01,1709,curah_hujan_mm,54.1,mm,,BD-CUACA
2022-01-01,1709,suhu_rata_c,23.8,C,,BD-CUACA
2022-01-01,1771,curah_hujan_mm,21.8,mm,,BD-CUACA
2022-01-01,1771,suhu_rata_c,24.7,C,,BD-CUACA
2022-01-02,1708,curah_hujan_mm,2.8,mm,,BD-CUACA
2022-01-02,1708,suhu_rata_c,21.4,C,,BD-CUACA
2022-01-02,1709,curah_hujan_mm,7.2,mm,,BD-CUACA
2022-01-02,1709,suhu_rata_c,24.5,C,,BD-CUACA
2022-01-02,1771,curah_hujan_mm,14.1,mm,,BD-CUACA
2022-01-02,1771,suhu_rata_c,25.1,C,,BD-CUACA
2022-01-03,1708,curah_hujan_mm,5.6,mm,,BD-CUACA
2022-01-03,1708,suhu_rata_c,21.7,C,,BD-CUACA
2022-01-03,1709,curah_hujan_mm,1.3,mm,,BD-CUACA
2022-01-03,1709,suhu_rata_c,24.6,C,,BD-CUACA
2022-01-03,1771,curah_hujan_mm,1.7,mm,,BD-CUACA
2022-01-03,1771,suhu_rata_c,25.4,C,,BD-CUACA
2022-01-04,1708,curah_hujan_mm,12.2,mm,,BD-CUACA
2022-01-04,1708,suhu_rata_c,21.9,C,,BD-CUACA
2022-01-04,1709,curah_hujan_mm,4.0,mm,,BD-CUACA
2022-01-04,1709,suhu_rata_c,24.8,C,,BD-CUACA
2022-01-04,1771,curah_hujan_mm,9.8,mm,,BD-CUACA
2022-01-04,1771,suhu_rata_c,25.6,C,,BD-CUACA
2022-01-05,1708,curah_hujan_mm,19.9,mm,,BD-CUACA
2022-01-05,1708,suhu_rata_c,22.1,C,,BD-CUACA
2022-01-05,1709,curah_hujan_mm,20.4,mm,,BD-CUACA
2022-01-05,1709,suhu_rata_c,25.0,C,,BD-CUACA
2022-01-05,1771,curah_hujan_mm,5.7,mm,,BD-CUACA
2022-01-05,1771,suhu_rata_c,25.8,C,,BD-CUACA
2022-01-06,1708,curah_hujan_mm,1.3,mm,,BD-CUACA
2022-01-06,1708,suhu_rata_c,22.3,C,,BD-CUACA
2022-01-06,1709,curah_hujan_mm,2.0,mm,,BD-CUACA
2022-01-06,1709,suhu_rata_c,25.3,C,,BD-CUACA
2022-01-06,1771,curah_hujan_mm,4.3,mm,,BD-CUACA
2022-01-06,1771,suhu_rata_c,26.5,C,,BD-CUACA
2022-01-07,1708,curah_hujan_mm,4.9,mm,,BD-CUACA
2022-01-07,1708,suhu_rata_c,22.6,C,,BD-CUACA
2022-01-07,1709,curah_hujan_mm,0.7,mm,,BD-CUACA
2022-01-07,1709,suhu_rata_c,25.6,C,,BD-CUACA
2022-01-07,1771,curah_hujan_mm,0.4,mm,,BD-CUACA
2022-01-07,1771,suhu_rata_c,26.6,C,,BD-CUACA
2022-01-08,1708,curah_hujan_mm,12.1,mm,,BD-CUACA
2022-01-08,1708,suhu_rata_c,22.9,C,,BD-CUACA
2022-01-08,1709,curah_hujan_mm,6.8,mm,,BD-CUACA
2022-01-08,1709,suhu_rata_c,25.7,C,,BD-CUACA
2022-01-08,1771,curah_hujan_mm,8.1,mm,,BD-CUACA
2022-01-08,1771,suhu_rata_c,26.5,C,,BD-CUACA
2022-01-09,1708,curah_hujan_mm,5.7,mm,,BD-CUACA
2022-01-09,1708,suhu_rata_c,22.3,C,,BD-CUACA
2022-01-09,1709,curah_hujan_mm,3.5,mm,,BD-CUACA
2022-01-09,1709,suhu_rata_c,25.2,C,,BD-CUACA
2022-01-09,1771,curah_hujan_mm,3.7,mm,,BD-CUACA
2022-01-09,1771,suhu_rata_c,26.1,C,,BD-CUACA
2022-01-10,1708,curah_hujan_mm,15.7,mm,,BD-CUACA
2022-01-10,1708,suhu_rata_c,21.2,C,,BD-CUACA
2022-01-10,1709,curah_hujan_mm,39.5,mm,,BD-CUACA
2022-01-10,1709,suhu_rata_c,24.0,C,,BD-CUACA
2022-01-10,1771,curah_hujan_mm,41.5,mm,,BD-CUACA
2022-01-10,1771,suhu_rata_c,24.7,C,,BD-CUACA
2022-01-11,1708,curah_hujan_mm,13.5,mm,,BD-CUACA
2022-01-11,1708,suhu_rata_c,21.6,C,,BD-CUACA
2022-01-11,1709,curah_hujan_mm,12.4,mm,,BD-CUACA
2022-01-11,1709,suhu_rata_c,24.3,C,,BD-CUACA
2022-01-11,1771,curah_hujan_mm,13.8,mm,,BD-CUACA
2022-01-11,1771,suhu_rata_c,25.3,C,,BD-CUACA
2022-01-12,1708,curah_hujan_mm,2.0,mm,,BD-CUACA
2022-01-12,1708,suhu_rata_c,22.1,C,,BD-CUACA
2022-01-12,1709,curah_hujan_mm,9.9,mm,,BD-CUACA
2022-01-12,1709,suhu_rata_c,24.9,C,,BD-CUACA
2022-01-12,1771,curah_hujan_mm,2.4,mm,,BD-CUACA
2022-01-12,1771,suhu_rata_c,25.8,C,,BD-CUACA
2022-01-13,1708,curah_hujan_mm,3.9,mm,,BD-CUACA
2022-01-13,1708,suhu_rata_c,22.2,C,,BD-CUACA
2022-01-13,1709,curah_hujan_mm,6.6,mm,,BD-CUACA
2022-01-13,1709,suhu_rata_c,25.0,C,,BD-CUACA
2022-01-13,1771,curah_hujan_mm,17.4,mm,,BD-CUACA
2022-01-13,1771,suhu_rata_c,25.8,C,,BD-CUACA
2022-01-14,1708,curah_hujan_mm,19.8,mm,,BD-CUACA
2022-01-14,1708,suhu_rata_c,22.0,C,,BD-CUACA
2022-01-14,1709,curah_hujan_mm,18.5,mm,,BD-CUACA
2022-01-14,1709,suhu_rata_c,24.4,C,,BD-CUACA
2022-01-14,1771,curah_hujan_mm,8.0,mm,,BD-CUACA
2022-01-14,1771,suhu_rata_c,25.3,C,,BD-CUACA
2022-01-15,1708,curah_hujan_mm,1.1,mm,,BD-CUACA
2022-01-15,1708,suhu_rata_c,22.7,C,,BD-CUACA
2022-01-15,1709,curah_hujan_mm,2.9,mm,,BD-CUACA
2022-01-15,1709,suhu_rata_c,25.7,C,,BD-CUACA
2022-01-15,1771,curah_hujan_mm,0.0,mm,,BD-CUACA
2022-01-15,1771,suhu_rata_c,26.7,C,,BD-CUACA
2022-01-16,1708,curah_hujan_mm,6.3,mm,,BD-CUACA
2022-01-16,1708,suhu_rata_c,22.5,C,,BD-CUACA
2022-01-16,1709,curah_hujan_mm,11.3,mm,,BD-CUACA
2022-01-16,1709,suhu_rata_c,25.4,C,,BD-CUACA
2022-01-16,1771,curah_hujan_mm,0.8,mm,,BD-CUACA
2022-01-16,1771,suhu_rata_c,26.5,C,,BD-CUACA
2022-01-17,1708,curah_hujan_mm,4.1,mm,,BD-CUACA
2022-01-17,1708,suhu_rata_c,22.0,C,,BD-CUACA
2022-01-17,1709,curah_hujan_mm,1.4,mm,,BD-CUACA
2022-01-17,1709,suhu_rata_c,24.8,C,,BD-CUACA
2022-01-17,1771,curah_hujan_mm,2.5,mm,,BD-CUACA
2022-01-17,1771,suhu_rata_c,26.2,C,,BD-CUACA
2022-01-18,1708,curah_hujan_mm,19.5,mm,,BD-CUACA
2022-01-18,1708,suhu_rata_c,22.0,C,,BD-CUACA
2022-01-18,1709,curah_hujan_mm,10.4,mm,,BD-CUACA
2022-01-18,1709,suhu_rata_c,24.6,C,,BD-CUACA
2022-01-18,1771,curah_hujan_mm,7.9,mm,,BD-CUACA
2022-01-18,1771,suhu_rata_c,25.4,C,,BD-CUACA
2022-01-19,1708,curah_hujan_mm,7.1,mm,,BD-CUACA
2022-01-19,1708,suhu_rata_c,21.1,C,,BD-CUACA
2022-01-19,1709,curah_hujan_mm,9.6,mm,,BD-CUACA
2022-01-19,1709,suhu_rata_c,23.8,C,,BD-CUACA
2022-01-19,1771,curah_hujan_mm,18.7,mm,,BD-CUACA
2022-01-19,1771,suhu_rata_c,24.9,C,,BD-CUACA
2022-01-20,1708,curah_hujan_mm,6.0,mm,,BD-CUACA
2022-01-20,1708,suhu_rata_c,21.8,C,,BD-CUACA
2022-01-20,1709,curah_hujan_mm,13.5,mm,,BD-CUACA
2022-01-20,1709,suhu_rata_c,25.0,C,,BD-CUACA
2022-01-20,1771,curah_hujan_mm,24.3,mm,,BD-CUACA
2022-01-20,1771,suhu_rata_c,25.7,C,,BD-CUACA
2022-01-21,1708,curah_hujan_mm,5.9,mm,,BD-CUACA
2022-01-21,1708,suhu_rata_c,21.5,C,,BD-CUACA
2022-01-21,1709,curah_hujan_mm,9.2,mm,,BD-CUACA
2022-01-21,1709,suhu_rata_c,24.5,C,,BD-CUACA
2022-01-21,1771,curah_hujan_mm,4.0,mm,,BD-CUACA
2022-01-21,1771,suhu_rata_c,25.4,C,,BD-CUACA
2022-01-22,1708,curah_hujan_mm,16.4,mm,,BD-CUACA
2022-01-22,1708,suhu_rata_c,21.5,C,,BD-CUACA
2022-01-22,1709,curah_hujan_mm,14.9,mm,,BD-CUACA
2022-01-22,1709,suhu_rata_c,24.3,C,,BD-CUACA
2022-01-22,1771,curah_hujan_mm,12.2,mm,,BD-CUACA
2022-01-22,1771,suhu_rata_c,25.3,C,,BD-CUACA
2022-01-23,1708,curah_hujan_mm,6.0,mm,,BD-CUACA
2022-01-23,1708,suhu_rata_c,21.5,C,,BD-CUACA
2022-01-23,1709,curah_hujan_mm,14.1,mm,,BD-CUACA
2022-01-23,1709,suhu_rata_c,24.0,C,,BD-CUACA
2022-01-23,1771,curah_hujan_mm,17.6,mm,,BD-CUACA
2022-01-23,1771,suhu_rata_c,25.0,C,,BD-CUACA
2022-01-24,1708,curah_hujan_mm,4.9,mm,,BD-CUACA
2022-01-24,1708,suhu_rata_c,22.2,C,,BD-CUACA
2022-01-24,1709,curah_hujan_mm,11.4,mm,,BD-CUACA
2022-01-24,1709,suhu_rata_c,25.4,C,,BD-CUACA
2022-01-24,1771,curah_hujan_mm,16.7,mm,,BD-CUACA
2022-01-24,1771,suhu_rata_c,26.2,C,,BD-CUACA
2022-01-25,1708,curah_hujan_mm,0.7,mm,,BD-CUACA
2022-01-25,1708,suhu_rata_c,22.6,C,,BD-CUACA
2022-01-25,1709,curah_hujan_mm,0.9,mm,,BD-CUACA
2022-01-25,1709,suhu_rata_c,25.6,C,,BD-CUACA
2022-01-25,1771,curah_hujan_mm,0.5,mm,,BD-CUACA
2022-01-25,1771,suhu_rata_c,26.5,C,,BD-CUACA
2022-01-26,1708,curah_hujan_mm,9.0,mm,,BD-CUACA
2022-01-26,1708,suhu_rata_c,22.4,C,,BD-CUACA
2022-01-26,1709,curah_hujan_mm,2.3,mm,,BD-CUACA
2022-01-26,1709,suhu_rata_c,25.6,C,,BD-CUACA
2022-01-26,1771,curah_hujan_mm,9.1,mm,,BD-CUACA
2022-01-26,1771,suhu_rata_c,27.0,C,,BD-CUACA
2022-01-27,1708,curah_hujan_mm,6.8,mm,,BD-CUACA
2022-01-27,1708,suhu_rata_c,22.8,C,,BD-CUACA
2022-01-27,1709,curah_hujan_mm,0.6,mm,,BD-CUACA
2022-01-27,1709,suhu_rata_c,26.1,C,,BD-CUACA
2022-01-27,1771,curah_hujan_mm,0.1,mm,,BD-CUACA
2022-01-27,1771,suhu_rata_c,27.1,C,,BD-CUACA
2022-01-28,1708,curah_hujan_mm,2.8,mm,,BD-CUACA
2022-01-28,1708,suhu_rata_c,22.4,C,,BD-CUACA
2022-01-28,1709,curah_hujan_mm,1.2,mm,,BD-CUACA
2022-01-28,1709,suhu_rata_c,25.4,C,,BD-CUACA
2022-01-28,1771,curah_hujan_mm,0.1,mm,,BD-CUACA
2022-01-28,1771,suhu_rata_c,26.9,C,,BD-CUACA
2022-01-29,1708,curah_hujan_mm,13.0,mm,,BD-CUACA
2022-01-29,1708,suhu_rata_c,22.9,C,,BD-CUACA
2022-01-29,1709,curah_hujan_mm,4.8,mm,,BD-CUACA
2022-01-29,1709,suhu_rata_c,26.2,C,,BD-CUACA
2022-01-29,1771,curah_hujan_mm,4.8,mm,,BD-CUACA
2022-01-29,1771,suhu_rata_c,26.7,C,,BD-CUACA
2022-01-30,1708,curah_hujan_mm,4.2,mm,,BD-CUACA
2022-01-30,1708,suhu_rata_c,22.0,C,,BD-CUACA
2022-01-30,1709,curah_hujan_mm,4.5,mm,,BD-CUACA
2022-01-30,1709,suhu_rata_c,25.0,C,,BD-CUACA
2022-01-30,1771,curah_hujan_mm,3.8,mm,,BD-CUACA
2022-01-30,1771,suhu_rata_c,26.3,C,,BD-CUACA
2022-01-31,1708,curah_hujan_mm,3.6,mm,,BD-CUACA
2022-01-31,1708,suhu_rata_c,22.4,C,,BD-CUACA
2022-01-31,1709,curah_hujan_mm,0.2,mm,,BD-CUACA
2022-01-31,1709,suhu_rata_c,25.5,C,,BD-CUACA
2022-01-31,1771,curah_hujan_mm,0.3,mm,,BD-CUACA
2022-01-31,1771,suhu_rata_c,26.4,C,,BD-CUACA
2022-02-01,1708,curah_hujan_mm,13.4,mm,,BD-CUACA
2022-02-01,1708,suhu_rata_c,22.0,C,,BD-CUACA
2022-02-01,1709,curah_hujan_mm,17.6,mm,,BD-CUACA
2022-02-01,1709,suhu_rata_c,24.8,C,,BD-CUACA
2022-02-01,1771,curah_hujan_mm,9.4,mm,,BD-CUACA
2022-02-01,1771,suhu_rata_c,26.2,C,,BD-CUACA
2022-02-02,1708,curah_hujan_mm,0.2,mm,,BD-CUACA
2022-02-02,1708,suhu_rata_c,22.2,C,,BD-CUACA
2022-02-02,1709,curah_hujan_mm,0.0,mm,,BD-CUACA
2022-02-02,1709,suhu_rata_c,25.1,C,,BD-CUACA
2022-02-02,1771,curah_hujan_mm,0.2,mm,,BD-CUACA
2022-02-02,1771,suhu_rata_c,26.3,C,,BD-CUACA
2022-02-03,1708,curah_hujan_mm,13.9,mm,,BD-CUACA
2022-02-03,1708,suhu_rata_c,22.5,C,,BD-CUACA
2022-02-03,1709,curah_hujan_mm,6.4,mm,,BD-CUACA
2022-02-03,1709,suhu_rata_c,25.3,C,,BD-CUACA
2022-02-03,1771,curah_hujan_mm,11.5,mm,,BD-CUACA
2022-02-03,1771,suhu_rata_c,26.0,C,,BD-CUACA
2022-02-04,1708,curah_hujan_mm,34.4,mm,,BD-CUACA
2022-02-04,1708,suhu_rata_c,21.4,C,,BD-CUACA
2022-02-04,1709,curah_hujan_mm,37.4,mm,,BD-CUACA
2022-02-04,1709,suhu_rata_c,24.1,C,,BD-CUACA
2022-02-04,1771,curah_hujan_mm,31.8,mm,,BD-CUACA
2022-02-04,1771,suhu_rata_c,25.1,C,,BD-CUACA
2022-02-05,1708,curah_hujan_mm,34.3,mm,,BD-CUACA
2022-02-05,1708,suhu_rata_c,21.2,C,,BD-CUACA
2022-02-05,1709,curah_hujan_mm,39.3,mm,,BD-CUACA
2022-02-05,1709,suhu_rata_c,24.0,C,,BD-CUACA
2022-02-05,1771,curah_hujan_mm,49.2,mm,,BD-CUACA
2022-02-05,1771,suhu_rata_c,24.9,C,,BD-CUACA
2022-02-06,1708,curah_hujan_mm,20.6,mm,,BD-CUACA
2022-02-06,1708,suhu_rata_c,21.1,C,,BD-CUACA
2022-02-06,1709,curah_hujan_mm,30.0,mm,,BD-CUACA
2022-02-06,1709,suhu_rata_c,23.9,C,,BD-CUACA
2022-02-06,1771,curah_hujan_mm,34.2,mm,,BD-CUACA
2022-02-06,1771,suhu_rata_c,25.0,C,,BD-CUACA
2022-02-07,1708,curah_hujan_mm,3.2,mm,,BD-CUACA
2022-02-07,1708,suhu_rata_c,22.0,C,,BD-CUACA
2022-02-07,1709,curah_hujan_mm,4.3,mm,,BD-CUACA
2022-02-07,1709,suhu_rata_c,25.1,C,,BD-CUACA
2022-02-07,1771,curah_hujan_mm,4.1,mm,,BD-CUACA
2022-02-07,1771,suhu_rata_c,26.8,C,,BD-CUACA
2022-02-08,1708,curah_hujan_mm,4.1,mm,,BD-CUACA
2022-02-08,1708,suhu_rata_c,22.5,C,,BD-CUACA
2022-02-08,1709,curah_hujan_mm,1.7,mm,,BD-CUACA
2022-02-08,1709,suhu_rata_c,25.9,C,,BD-CUACA
2022-02-08,1771,curah_hujan_mm,0.0,mm,,BD-CUACA
2022-02-08,1771,suhu_rata_c,27.3,C,,BD-CUACA
2022-02-09,1708,curah_hujan_mm,2.5,mm,,BD-CUACA
2022-02-09,1708,suhu_rata_c,21.6,C,,BD-CUACA
2022-02-09,1709,curah_hujan_mm,3.6,mm,,BD-CUACA
2022-02-09,1709,suhu_rata_c,24.5,C,,BD-CUACA
2022-02-09,1771,curah_hujan_mm,5.6,mm,,BD-CUACA
2022-02-09,1771,suhu_rata_c,26.0,C,,BD-CUACA
2022-02-10,1708,curah_hujan_mm,1.5,mm,,BD-CUACA
2022-02-10,1708,suhu_rata_c,22.2,C,,BD-CUACA
2022-02-10,1709,curah_hujan_mm,0.8,mm,,BD-CUACA
2022-02-10,1709,suhu_rata_c,25.3,C,,BD-CUACA
2022-02-10,1771,curah_hujan_mm,1.5,mm,,BD-CUACA
2022-02-10,1771,suhu_rata_c,26.1,C,,BD-CUACA
2022-02-11,1708,curah_hujan_mm,0.0,mm,,BD-CUACA
2022-02-11,1708,suhu_rata_c,22.6,C,,BD-CUACA
2022-02-11,1709,curah_hujan_mm,0.0,mm,,BD-CUACA
2022-02-11,1709,suhu_rata_c,25.3,C,,BD-CUACA
2022-02-11,1771,curah_hujan_mm,0.0,mm,,BD-CUACA
2022-02-11,1771,suhu_rata_c,26.2,C,,BD-CUACA
2022-02-12,1708,curah_hujan_mm,0.0,mm,,BD-CUACA
2022-02-12,1708,suhu_rata_c,23.2,C,,BD-CUACA
2022-02-12,1709,curah_hujan_mm,0.0,mm,,BD-CUACA
2022-02-12,1709,suhu_rata_c,26.4,C,,BD-CUACA
2022-02-12,1771,curah_hujan_mm,0.0,mm,,BD-CUACA
2022-02-12,1771,suhu_rata_c,26.9,C,,BD-CUACA
2022-02-13,1708,curah_hujan_mm,0.0,mm,,BD-CUACA
2022-02-13,1708,suhu_rata_c,22.4,C,,BD-CUACA
2022-02-13,1709,curah_hujan_mm,0.0,mm,,BD-CUACA
2022-02-13,1709,suhu_rata_c,25.9,C,,BD-CUACA
2022-02-13,1771,curah_hujan_mm,0.0,mm,,BD-CUACA
2022-02-13,1771,suhu_rata_c,26.7,C,,BD-CUACA
2022-02-14,1708,curah_hujan_mm,0.1,mm,,BD-CUACA
2022-02-14,1708,suhu_rata_c,23.1,C,,BD-CUACA
2022-02-14,1709,curah_hujan_mm,0.1,mm,,BD-CUACA
2022-02-14,1709,suhu_rata_c,26.1,C,,BD-CUACA
2022-02-14,1771,curah_hujan_mm,0.2,mm,,BD-CUACA
2022-02-14,1771,suhu_rata_c,27.0,C,,BD-CUACA
2022-02-15,1708,curah_hujan_mm,0.0,mm,,BD-CUACA
2022-02-15,1708,suhu_rata_c,22.9,C,,BD-CUACA
2022-02-15,1709,curah_hujan_mm,0.0,mm,,BD-CUACA
2022-02-15,1709,suhu_rata_c,25.8,C,,BD-CUACA
2022-02-15,1771,curah_hujan_mm,0.0,mm,,BD-CUACA
2022-02-15,1771,suhu_rata_c,27.1,C,,BD-CUACA
2022-02-16,1708,curah_hujan_mm,7.6,mm,,BD-CUACA
2022-02-16,1708,suhu_rata_c,22.5,C,,BD-CUACA
2022-02-16,1709,curah_hujan_mm,21.3,mm,,BD-CUACA
2022-02-16,1709,suhu_rata_c,25.0,C,,BD-CUACA
2022-02-16,1771,curah_hujan_mm,18.6,mm,,BD-CUACA
2022-02-16,1771,suhu_rata_c,25.8,C,,BD-CUACA
2022-02-17,1708,curah_hujan_mm,0.9,mm,,BD-CUACA
2022-02-17,1708,suhu_rata_c,22.0,C,,BD-CUACA
2022-02-17,1709,curah_hujan_mm,3.6,mm,,BD-CUACA
2022-02-17,1709,suhu_rata_c,25.1,C,,BD-CUACA
2022-02-17,1771,curah_hujan_mm,14.4,mm,,BD-CUACA
2022-02-17,1771,suhu_rata_c,25.5,C,,BD-CUACA
2022-02-18,1708,curah_hujan_mm,16.7,mm,,BD-CUACA
2022-02-18,1708,suhu_rata_c,21.5,C,,BD-CUACA
2022-02-18,1709,curah_hujan_mm,19.7,mm,,BD-CUACA
2022-02-18,1709,suhu_rata_c,24.3,C,,BD-CUACA
2022-02-18,1771,curah_hujan_mm,16.3,mm,,BD-CUACA
2022-02-18,1771,suhu_rata_c,25.2,C,,BD-CUACA
2022-02-19,1708,curah_hujan_mm,15.9,mm,,BD-CUACA
2022-02-19,1708,suhu_rata_c,21.6,C,,BD-CUACA
2022-02-19,1709,curah_hujan_mm,7.7,mm,,BD-CUACA
2022-02-19,1709,suhu_rata_c,25.0,C,,BD-CUACA
2022-02-19,1771,curah_hujan_mm,8.9,mm,,BD-CUACA
2022-02-19,1771,suhu_rata_c,26.0,C,,BD-CUACA
2022-02-20,1708,curah_hujan_mm,4.9,mm,,BD-CUACA
2022-02-20,1708,suhu_rata_c,22.6,C,,BD-CUACA
2022-02-20,1709,curah_hujan_mm,0.8,mm,,BD-CUACA
2022-02-20,1709,suhu_rata_c,25.8,C,,BD-CUACA
2022-02-20,1771,curah_hujan_mm,0.3,mm,,BD-CUACA
2022-02-20,1771,suhu_rata_c,26.7,C,,BD-CUACA
2022-02-21,1708,curah_hujan_mm,9.4,mm,,BD-CUACA
2022-02-21,1708,suhu_rata_c,22.5,C,,BD-CUACA
2022-02-21,1709,curah_hujan_mm,5.0,mm,,BD-CUACA
2022-02-21,1709,suhu_rata_c,25.6,C,,BD-CUACA
2022-02-21,1771,curah_hujan_mm,0.7,mm,,BD-CUACA
2022-02-21,1771,suhu_rata_c,26.7,C,,BD-CUACA
2022-02-22,1708,curah_hujan_mm,13.0,mm,,BD-CUACA
2022-02-22,1708,suhu_rata_c,22.2,C,,BD-CUACA
2022-02-22,1709,curah_hujan_mm,6.2,mm,,BD-CUACA
2022-02-22,1709,suhu_rata_c,25.3,C,,BD-CUACA
2022-02-22,1771,curah_hujan_mm,5.7,mm,,BD-CUACA
2022-02-22,1771,suhu_rata_c,26.3,C,,BD-CUACA
2022-02-23,1708,curah_hujan_mm,4.2,mm,,BD-CUACA
2022-02-23,1708,suhu_rata_c,22.2,C,,BD-CUACA
2022-02-23,1709,curah_hujan_mm,13.6,mm,,BD-CUACA
2022-02-23,1709,suhu_rata_c,25.1,C,,BD-CUACA
2022-02-23,1771,curah_hujan_mm,5.9,mm,,BD-CUACA
2022-02-23,1771,suhu_rata_c,26.6,C,,BD-CUACA
2022-02-24,1708,curah_hujan_mm,0.0,mm,,BD-CUACA
2022-02-24,1708,suhu_rata_c,22.8,C,,BD-CUACA
2022-02-24,1709,curah_hujan_mm,0.0,mm,,BD-CUACA
2022-02-24,1709,suhu_rata_c,25.9,C,,BD-CUACA
2022-02-24,1771,curah_hujan_mm,0.0,mm,,BD-CUACA
2022-02-24,1771,suhu_rata_c,27.0,C,,BD-CUACA
2022-02-25,1708,curah_hujan_mm,0.0,mm,,BD-CUACA
2022-02-25,1708,suhu_rata_c,22.3,C,,BD-CUACA
2022-02-25,1709,curah_hujan_mm,0.0,mm,,BD-CUACA
2022-02-25,1709,suhu_rata_c,25.4,C,,BD-CUACA
2022-02-25,1771,curah_hujan_mm,0.0,mm,,BD-CUACA
2022-02-25,1771,suhu_rata_c,26.5,C,,BD-CUACA
2022-02-26,1708,curah_hujan_mm,3.4,mm,,BD-CUACA
2022-02-26,1708,suhu_rata_c,22.6,C,,BD-CUACA
2022-02-26,1709,curah_hujan_mm,1.9,mm,,BD-CUACA
2022-02-26,1709,suhu_rata_c,26.0,C,,BD-CUACA
2022-02-26,1771,curah_hujan_mm,0.5,mm,,BD-CUACA
2022-02-26,1771,suhu_rata_c,26.7,C,,BD-CUACA
2022-02-27,1708,curah_hujan_mm,0.2,mm,,BD-CUACA
2022-02-27,1708,suhu_rata_c,23.1,C,,BD-CUACA
2022-02-27,1709,curah_hujan_mm,0.0,mm,,BD-CUACA
2022-02-27,1709,suhu_rata_c,26.3,C,,BD-CUACA
2022-02-27,1771,curah_hujan_mm,0.2,mm,,BD-CUACA
2022-02-27,1771,suhu_rata_c,27.1,C,,BD-CUACA
2022-02-28,1708,curah_hujan_mm,0.5,mm,,BD-CUACA
2022-02-28,1708,suhu_rata_c,23.4,C,,BD-CUACA
2022-02-28,1709,curah_hujan_mm,0.1,mm,,BD-CUACA
2022-02-28,1709,suhu_rata_c,26.8,C,,BD-CUACA
2022-02-28,1771,curah_hujan_mm,0.1,mm,,BD-CUACA
2022-02-28,1771,suhu_rata_c,27.3,C,,BD-CUACA
2022-03-01,1708,curah_hujan_mm,6.1,mm,,BD-CUACA
2022-03-01,1708,suhu_rata_c,22.6,C,,BD-CUACA
2022-03-01,1709,curah_hujan_mm,3.6,mm,,BD-CUACA
2022-03-01,1709,suhu_rata_c,25.9,C,,BD-CUACA
2022-03-01,1771,curah_hujan_mm,1.6,mm,,BD-CUACA
2022-03-01,1771,suhu_rata_c,26.8,C,,BD-CUACA
2022-03-02,1708,curah_hujan_mm,5.0,mm,,BD-CUACA
2022-03-02,1708,suhu_rata_c,22.5,C,,BD-CUACA
2022-03-02,1709,curah_hujan_mm,5.2,mm,,BD-CUACA
2022-03-02,1709,suhu_rata_c,25.6,C,,BD-CUACA
2022-03-02,1771,curah_hujan_mm,5.9,mm,,BD-CUACA
2022-03-02,1771,suhu_rata_c,26.5,C,,BD-CUACA
2022-03-03,1708,curah_hujan_mm,14.0,mm,,BD-CUACA
2022-03-03,1708,suhu_rata_c,21.2,C,,BD-CUACA
2022-03-03,1709,curah_hujan_mm,29.7,mm,,BD-CUACA
2022-03-03,1709,suhu_rata_c,24.2,C,,BD-CUACA
2022-03-03,1771,curah_hujan_mm,25.7,mm,,BD-CUACA
2022-03-03,1771,suhu_rata_c,25.4,C,,BD-CUACA
2022-03-04,1708,curah_hujan_mm,2.2,mm,,BD-CUACA
2022-03-04,1708,suhu_rata_c,22.3,C,,BD-CUACA
2022-03-04,1709,curah_hujan_mm,0.5,mm,,BD-CUACA
2022-03-04,1709,suhu_rata_c,25.6,C,,BD-CUACA
2022-03-04,1771,curah_hujan_mm,0.2,mm,,BD-CUACA
2022-03-04,1771,suhu_rata_c,26.8,C,,BD-CUACA
2022-03-05,1708,curah_hujan_mm,2.6,mm,,BD-CUACA
2022-03-05,1708,suhu_rata_c,22.4,C,,BD-CUACA
2022-03-05,1709,curah_hujan_mm,9.1,mm,,BD-CUACA
2022-03-05,1709,suhu_rata_c,25.5,C,,BD-CUACA
2022-03-05,1771,curah_hujan_mm,7.1,mm,,BD-CUACA
2022-03-05,1771,suhu_rata_c,26.7,C,,BD-CUACA
2022-03-06,1708,curah_hujan_mm,9.1,mm,,BD-CUACA
2022-03-06,1708,suhu_rata_c,21.3,C,,BD-CUACA
2022-03-06,1709,curah_hujan_mm,9.8,mm,,BD-CUACA
2022-03-06,1709,suhu_rata_c,24.3,C,,BD-CUACA
2022-03-06,1771,curah_hujan_mm,14.4,mm,,BD-CUACA
2022-03-06,1771,suhu_rata_c,25.3,C,,BD-CUACA
2022-03-07,1708,curah_hujan_mm,6.7,mm,,BD-CUACA
2022-03-07,1708,suhu_rata_c,22.1,C,,BD-CUACA
2022-03-07,1709,curah_hujan_mm,16.4,mm,,BD-CUACA
2022-03-07,1709,suhu_rata_c,24.9,C,,BD-CUACA
2022-03-07,1771,curah_hujan_mm,8.9,mm,,BD-CUACA
2022-03-07,1771,suhu_rata_c,25.7,C,,BD-CUACA
2022-03-08,1708,curah_hujan_mm,1.7,mm,,BD-CUACA
2022-03-08,1708,suhu_rata_c,22.3,C,,BD-CUACA
2022-03-08,1709,curah_hujan_mm,1.2,mm,,BD-CUACA
2022-03-08,1709,suhu_rata_c,25.4,C,,BD-CUACA
2022-03-08,1771,curah_hujan_mm,0.7,mm,,BD-CUACA
2022-03-08,1771,suhu_rata_c,26.2,C,,BD-CUACA
2022-03-09,1708,curah_hujan_mm,7.2,mm,,BD-CUACA
2022-03-09,1708,suhu_rata_c,21.6,C,,BD-CUACA
2022-03-09,1709,curah_hujan_mm,4.7,mm,,BD-CUACA
2022-03-09,1709,suhu_rata_c,24.6,C,,BD-CUACA
2022-03-09,1771,curah_hujan_mm,5.4,mm,,BD-CUACA
2022-03-09,1771,suhu_rata_c,25.5,C,,BD-CUACA
2022-03-10,1708,curah_hujan_mm,9.0,mm,,BD-CUACA
2022-03-10,1708,suhu_rata_c,21.5,C,,BD-CUACA
2022-03-10,1709,curah_hujan_mm,12.0,mm,,BD-CUACA
2022-03-10,1709,suhu_rata_c,24.5,C,,BD-CUACA
2022-03-10,1771,curah_hujan_mm,5.1,mm,,BD-CUACA
2022-03-10,1771,suhu_rata_c,25.5,C,,BD-CUACA
2022-03-11,1708,curah_hujan_mm,16.1,mm,,BD-CUACA
2022-03-11,1708,suhu_rata_c,21.6,C,,BD-CUACA
2022-03-11,1709,curah_hujan_mm,18.6,mm,,BD-CUACA
2022-03-11,1709,suhu_rata_c,24.7,C,,BD-CUACA
2022-03-11,1771,curah_hujan_mm,10.6,mm,,BD-CUACA
2022-03-11,1771,suhu_rata_c,25.9,C,,BD-CUACA
2022-03-12,1708,curah_hujan_mm,6.9,mm,,BD-CUACA
2022-03-12,1708,suhu_rata_c,22.0,C,,BD-CUACA
2022-03-12,1709,curah_hujan_mm,16.7,mm,,BD-CUACA
2022-03-12,1709,suhu_rata_c,25.2,C,,BD-CUACA
2022-03-12,1771,curah_hujan_mm,13.5,mm,,BD-CUACA
2022-03-12,1771,suhu_rata_c,26.5,C,,BD-CUACA
2022-03-13,1708,curah_hujan_mm,4.2,mm,,BD-CUACA
2022-03-13,1708,suhu_rata_c,22.5,C,,BD-CUACA
2022-03-13,1709,curah_hujan_mm,6.1,mm,,BD-CUACA
2022-03-13,1709,suhu_rata_c,25.5,C,,BD-CUACA
2022-03-13,1771,curah_hujan_mm,13.8,mm,,BD-CUACA
2022-03-13,1771,suhu_rata_c,26.4,C,,BD-CUACA
2022-03-14,1708,curah_hujan_mm,3.2,mm,,BD-CUACA
2022-03-14,1708,suhu_rata_c,22.3,C,,BD-CUACA
2022-03-14,1709,curah_hujan_mm,18.4,mm,,BD-CUACA
2022-03-14,1709,suhu_rata_c,25.4,C,,BD-CUACA
2022-03-14,1771,curah_hujan_mm,23.0,mm,,BD-CUACA
2022-03-14,1771,suhu_rata_c,26.2,C,,BD-CUACA
2022-03-15,1708,curah_hujan_mm,5.8,mm,,BD-CUACA
2022-03-15,1708,suhu_rata_c,22.5,C,,BD-CUACA
2022-03-15,1709,curah_hujan_mm,13.8,mm,,BD-CUACA
2022-03-15,1709,suhu_rata_c,25.2,C,,BD-CUACA
2022-03-15,1771,curah_hujan_mm,5.1,mm,,BD-CUACA
2022-03-15,1771,suhu_rata_c,26.2,C,,BD-CUACA
2022-03-16,1708,curah_hujan_mm,3.3,mm,,BD-CUACA
2022-03-16,1708,suhu_rata_c,23.0,C,,BD-CUACA
2022-03-16,1709,curah_hujan_mm,3.7,mm,,BD-CUACA
2022-03-16,1709,suhu_rata_c,26.0,C,,BD-CUACA
2022-03-16,1771,curah_hujan_mm,0.4,mm,,BD-CUACA
2022-03-16,1771,suhu_rata_c,27.3,C,,BD-CUACA
2022-03-17,1708,curah_hujan_mm,20.1,mm,,BD-CUACA
2022-03-17,1708,suhu_rata_c,22.5,C,,BD-CUACA
2022-03-17,1709,curah_hujan_mm,6.1,mm,,BD-CUACA
2022-03-17,1709,suhu_rata_c,25.1,C,,BD-CUACA
2022-03-17,1771,curah_hujan_mm,8.5,mm,,BD-CUACA
2022-03-17,1771,suhu_rata_c,26.5,C,,BD-CUACA
2022-03-18,1708,curah_hujan_mm,33.9,mm,,BD-CUACA
2022-03-18,1708,suhu_rata_c,21.7,C,,BD-CUACA
2022-03-18,1709,curah_hujan_mm,15.2,mm,,BD-CUACA
2022-03-18,1709,suhu_rata_c,24.6,C,,BD-CUACA
2022-03-18,1771,curah_hujan_mm,28.2,mm,,BD-CUACA
2022-03-18,1771,suhu_rata_c,25.7,C,,BD-CUACA
2022-03-19,1708,curah_hujan_mm,2.2,mm,,BD-CUACA
2022-03-19,1708,suhu_rata_c,21.8,C,,BD-CUACA
2022-03-19,1709,curah_hujan_mm,1.2,mm,,BD-CUACA
2022-03-19,1709,suhu_rata_c,24.8,C,,BD-CUACA
2022-03-19,1771,curah_hujan_mm,1.9,mm,,BD-CUACA
2022-03-19,1771,suhu_rata_c,26.3,C,,BD-CUACA
2022-03-20,1708,curah_hujan_mm,2.8,mm,,BD-CUACA
2022-03-20,1708,suhu_rata_c,22.2,C,,BD-CUACA
2022-03-20,1709,curah_hujan_mm,2.9,mm,,BD-CUACA
2022-03-20,1709,suhu_rata_c,25.1,C,,BD-CUACA
2022-03-20,1771,curah_hujan_mm,2.3,mm,,BD-CUACA
2022-03-20,1771,suhu_rata_c,26.4,C,,BD-CUACA
2022-03-21,1708,curah_hujan_mm,1.8,mm,,BD-CUACA
2022-03-21,1708,suhu_rata_c,22.8,C,,BD-CUACA
2022-03-21,1709,curah_hujan_mm,0.1,mm,,BD-CUACA
2022-03-21,1709,suhu_rata_c,25.7,C,,BD-CUACA
2022-03-21,1771,curah_hujan_mm,0.1,mm,,BD-CUACA
2022-03-21,1771,suhu_rata_c,26.7,C,,BD-CUACA
2022-03-22,1708,curah_hujan_mm,2.0,mm,,BD-CUACA
2022-03-22,1708,suhu_rata_c,23.1,C,,BD-CUACA
2022-03-22,1709,curah_hujan_mm,0.0,mm,,BD-CUACA
2022-03-22,1709,suhu_rata_c,26.3,C,,BD-CUACA
2022-03-22,1771,curah_hujan_mm,0.2,mm,,BD-CUACA
2022-03-22,1771,suhu_rata_c,27.0,C,,BD-CUACA
2022-03-23,1708,curah_hujan_mm,0.0,mm,,BD-CUACA
2022-03-23,1708,suhu_rata_c,23.1,C,,BD-CUACA
2022-03-23,1709,curah_hujan_mm,0.0,mm,,BD-CUACA
2022-03-23,1709,suhu_rata_c,26.2,C,,BD-CUACA
2022-03-23,1771,curah_hujan_mm,0.0,mm,,BD-CUACA
2022-03-23,1771,suhu_rata_c,27.2,C,,BD-CUACA
2022-03-24,1708,curah_hujan_mm,0.0,mm,,BD-CUACA
2022-03-24,1708,suhu_rata_c,22.5,C,,BD-CUACA
2022-03-24,1709,curah_hujan_mm,0.0,mm,,BD-CUACA
2022-03-24,1709,suhu_rata_c,25.8,C,,BD-CUACA
2022-03-24,1771,curah_hujan_mm,0.0,mm,,BD-CUACA
2022-03-24,1771,suhu_rata_c,26.5,C,,BD-CUACA
2022-03-25,1708,curah_hujan_mm,0.2,mm,,BD-CUACA
2022-03-25,1708,suhu_rata_c,22.9,C,,BD-CUACA
2022-03-25,1709,curah_hujan_mm,0.0,mm,,BD-CUACA
2022-03-25,1709,suhu_rata_c,25.8,C,,BD-CUACA
2022-03-25,1771,curah_hujan_mm,0.1,mm,,BD-CUACA
2022-03-25,1771,suhu_rata_c,27.0,C,,BD-CUACA
2022-03-26,1708,curah_hujan_mm,1.5,mm,,BD-CUACA
2022-03-26,1708,suhu_rata_c,23.7,C,,BD-CUACA
2022-03-26,1709,curah_hujan_mm,0.7,mm,,BD-CUACA
2022-03-26,1709,suhu_rata_c,26.8,C,,BD-CUACA
2022-03-26,1771,curah_hujan_mm,0.8,mm,,BD-CUACA
2022-03-26,1771,suhu_rata_c,27.4,C,,BD-CUACA
2022-03-27,1708,curah_hujan_mm,1.0,mm,,BD-CUACA
2022-03-27,1708,suhu_rata_c,23.2,C,,BD-CUACA
2022-03-27,1709,curah_hujan_mm,0.4,mm,,BD-CUACA
2022-03-27,1709,suhu_rata_c,26.3,C,,BD-CUACA
2022-03-27,1771,curah_hujan_mm,0.2,mm,,BD-CUACA
2022-03-27,1771,suhu_rata_c,27.6,C,,BD-CUACA
2022-03-28,1708,curah_hujan_mm,0.8,mm,,BD-CUACA
2022-03-28,1708,suhu_rata_c,22.3,C,,BD-CUACA
2022-03-28,1709,curah_hujan_mm,0.8,mm,,BD-CUACA
2022-03-28,1709,suhu_rata_c,25.6,C,,BD-CUACA
2022-03-28,1771,curah_hujan_mm,0.0,mm,,BD-CUACA
2022-03-28,1771,suhu_rata_c,27.1,C,,BD-CUACA
2022-03-29,1708,curah_hujan_mm,0.4,mm,,BD-CUACA
2022-03-29,1708,suhu_rata_c,22.9,C,,BD-CUACA
2022-03-29,1709,curah_hujan_mm,0.0,mm,,BD-CUACA
2022-03-29,1709,suhu_rata_c,25.7,C,,BD-CUACA
2022-03-29,1771,curah_hujan_mm,0.0,mm,,BD-CUACA
2022-03-29,1771,suhu_rata_c,26.9,C,,BD-CUACA
2022-03-30,1708,curah_hujan_mm,0.8,mm,,BD-CUACA
2022-03-30,1708,suhu_rata_c,23.1,C,,BD-CUACA
2022-03-30,1709,curah_hujan_mm,0.2,mm,,BD-CUACA
2022-03-30,1709,suhu_rata_c,26.3,C,,BD-CUACA
2022-03-30,1771,curah_hujan_mm,0.2,mm,,BD-CUACA
2022-03-30,1771,suhu_rata_c,27.0,C,,BD-CUACA
2022-03-31,1708,curah_hujan_mm,3.6,mm,,BD-CUACA
2022-03-31,1708,suhu_rata_c,22.3,C,,BD-CUACA
2022-03-31,1709,curah_hujan_mm,10.1,mm,,BD-CUACA
2022-03-31,1709,suhu_rata_c,25.4,C,,BD-CUACA
2022-03-31,1771,curah_hujan_mm,2.1,mm,,BD-CUACA
2022-03-31,1771,suhu_rata_c,26.7,C,,BD-CUACA
2022-04-01,1708,curah_hujan_mm,1.1,mm,,BD-CUACA
2022-04-01,1708,suhu_rata_c,22.3,C,,BD-CUACA
2022-04-01,1709,curah_hujan_mm,7.3,mm,,BD-CUACA
2022-04-01,1709,suhu_rata_c,25.1,C,,BD-CUACA
2022-04-01,1771,curah_hujan_mm,9.1,mm,,BD-CUACA
2022-04-01,1771,suhu_rata_c,26.4,C,,BD-CUACA
2022-04-02,1708,curah_hujan_mm,2.9,mm,,BD-CUACA
2022-04-02,1708,suhu_rata_c,22.6,C,,BD-CUACA
2022-04-02,1709,curah_hujan_mm,1.6,mm,,BD-CUACA
2022-04-02,1709,suhu_rata_c,25.6,C,,BD-CUACA
2022-04-02,1771,curah_hujan_mm,4.3,mm,,BD-CUACA
2022-04-02,1771,suhu_rata_c,26.6,C,,BD-CUACA
2022-04-03,1708,curah_hujan_mm,3.7,mm,,BD-CUACA
2022-04-03,1708,suhu_rata_c,22.4,C,,BD-CUACA
2022-04-03,1709,curah_hujan_mm,2.5,mm,,BD-CUACA
2022-04-03,1709,suhu_rata_c,26.1,C,,BD-CUACA
2022-04-03,1771,curah_hujan_mm,1.9,mm,,BD-CUACA
2022-04-03,1771,suhu_rata_c,26.8,C,,BD-CUACA
2022-04-04,1708,curah_hujan_mm,0.0,mm,,BD-CUACA
2022-04-04,1708,suhu_rata_c,22.3,C,,BD-CUACA
2022-04-04,1709,curah_hujan_mm,0.0,mm,,BD-CUACA
2022-04-04,1709,suhu_rata_c,25.9,C,,BD-CUACA
2022-04-04,1771,curah_hujan_mm,0.0,mm,,BD-CUACA
2022-04-04,1771,suhu_rata_c,27.0,C,,BD-CUACA
2022-04-05,1708,curah_hujan_mm,12.6,mm,,BD-CUACA
2022-04-05,1708,suhu_rata_c,22.0,C,,BD-CUACA
2022-04-05,1709,curah_hujan_mm,0.8,mm,,BD-CUACA
2022-04-05,1709,suhu_rata_c,25.7,C,,BD-CUACA
2022-04-05,1771,curah_hujan_mm,0.1,mm,,BD-CUACA
2022-04-05,1771,suhu_rata_c,26.9,C,,BD-CUACA
2022-04-06,1708,curah_hujan_mm,5.6,mm,,BD-CUACA
2022-04-06,1708,suhu_rata_c,21.9,C,,BD-CUACA
2022-04-06,1709,curah_hujan_mm,14.0,mm,,BD-CUACA
2022-04-06,1709,suhu_rata_c,25.0,C,,BD-CUACA
2022-04-06,1771,curah_hujan_mm,9.4,mm,,BD-CUACA
2022-04-06,1771,suhu_rata_c,26.3,C,,BD-CUACA
2022-04-07,1708,curah_hujan_mm,7.6,mm,,BD-CUACA
2022-04-07,1708,suhu_rata_c,21.4,C,,BD-CUACA
2022-04-07,1709,curah_hujan_mm,26.5,mm,,BD-CUACA
2022-04-07,1709,suhu_rata_c,24.3,C,,BD-CUACA
2022-04-07,1771,curah_hujan_mm,20.8,mm,,BD-CUACA
2022-04-07,1771,suhu_rata_c,25.4,C,,BD-CUACA
2022-04-08,1708,curah_hujan_mm,5.9,mm,,BD-CUACA
2022-04-08,1708,suhu_rata_c,21.9,C,,BD-CUACA
2022-04-08,1709,curah_hujan_mm,7.1,mm,,BD-CUACA
2022-04-08,1709,suhu_rata_c,24.5,C,,BD-CUACA
2022-04-08,1771,curah_hujan_mm,6.7,mm,,BD-CUACA
2022-04-08,1771,suhu_rata_c,25.7,C,,BD-CUACA
2022-04-09,1708,curah_hujan_mm,4.1,mm,,BD-CUACA
2022-04-09,1708,suhu_rata_c,21.7,C,,BD-CUACA
2022-04-09,1709,curah_hujan_mm,10.8,mm,,BD-CUACA
2022-04-09,1709,suhu_rata_c,24.6,C,,BD-CUACA
2022-04-09,1771,curah_hujan_mm,3.3,mm,,BD-CUACA
2022-04-09,1771,suhu_rata_c,25.9,C,,BD-CUACA
2022-04-10,1708,curah_hujan_mm,5.2,mm,,BD-CUACA
2022-04-10,1708,suhu_rata_c,22.5,C,,BD-CUACA
2022-04-10,1709,curah_hujan_mm,4.5,mm,,BD-CUACA
2022-04-10,1709,suhu_rata_c,25.3,C,,BD-CUACA
2022-04-10,1771,curah_hujan_mm,3.6,mm,,BD-CUACA
2022-04-10,1771,suhu_rata_c,26.6,C,,BD-CUACA
2022-04-11,1708,curah_hujan_mm,8.8,mm,,BD-CUACA
2022-04-11,1708,suhu_rata_c,22.2,C,,BD-CUACA
2022-04-11,1709,curah_hujan_mm,2.2,mm,,BD-CUACA
2022-04-11,1709,suhu_rata_c,25.2,C,,BD-CUACA
2022-04-11,1771,curah_hujan_mm,2.2,mm,,BD-CUACA
2022-04-11,1771,suhu_rata_c,26.5,C,,BD-CUACA
2022-04-12,1708,curah_hujan_mm,2.3,mm,,BD-CUACA
2022-04-12,1708,suhu_rata_c,22.3,C,,BD-CUACA
2022-04-12,1709,curah_hujan_mm,12.5,mm,,BD-CUACA
2022-04-12,1709,suhu_rata_c,25.2,C,,BD-CUACA
2022-04-12,1771,curah_hujan_mm,2.6,mm,,BD-CUACA
2022-04-12,1771,suhu_rata_c,26.4,C,,BD-CUACA
2022-04-13,1708,curah_hujan_mm,2.0,mm,,BD-CUACA
2022-04-13,1708,suhu_rata_c,22.3,C,,BD-CUACA
2022-04-13,1709,curah_hujan_mm,17.1,mm,,BD-CUACA
2022-04-13,1709,suhu_rata_c,25.3,C,,BD-CUACA
2022-04-13,1771,curah_hujan_mm,3.5,mm,,BD-CUACA
2022-04-13,1771,suhu_rata_c,26.4,C,,BD-CUACA
2022-04-14,1708,curah_hujan_mm,6.9,mm,,BD-CUACA
2022-04-14,1708,suhu_rata_c,22.3,C,,BD-CUACA
2022-04-14,1709,curah_hujan_mm,6.7,mm,,BD-CUACA
2022-04-14,1709,suhu_rata_c,24.9,C,,BD-CUACA
2022-04-14,1771,curah_hujan_mm,4.7,mm,,BD-CUACA
2022-04-14,1771,suhu_rata_c,26.4,C,,BD-CUACA
2022-04-15,1708,curah_hujan_mm,25.6,mm,,BD-CUACA
2022-04-15,1708,suhu_rata_c,22.2,C,,BD-CUACA
2022-04-15,1709,curah_hujan_mm,9.9,mm,,BD-CUACA
2022-04-15,1709,suhu_rata_c,25.1,C,,BD-CUACA
2022-04-15,1771,curah_hujan_mm,11.2,mm,,BD-CUACA
2022-04-15,1771,suhu_rata_c,25.9,C,,BD-CUACA
2022-04-16,1708,curah_hujan_mm,10.1,mm,,BD-CUACA
2022-04-16,1708,suhu_rata_c,22.5,C,,BD-CUACA
2022-04-16,1709,curah_hujan_mm,1.3,mm,,BD-CUACA
2022-04-16,1709,suhu_rata_c,25.4,C,,BD-CUACA
2022-04-16,1771,curah_hujan_mm,1.6,mm,,BD-CUACA
2022-04-16,1771,suhu_rata_c,26.7,C,,BD-CUACA
2022-04-17,1708,curah_hujan_mm,1.4,mm,,BD-CUACA
2022-04-17,1708,suhu_rata_c,23.1,C,,BD-CUACA
2022-04-17,1709,curah_hujan_mm,0.9,mm,,BD-CUACA
2022-04-17,1709,suhu_rata_c,25.7,C,,BD-CUACA
2022-04-17,1771,curah_hujan_mm,2.4,mm,,BD-CUACA
2022-04-17,1771,suhu_rata_c,26.9,C,,BD-CUACA
2022-04-18,1708,curah_hujan_mm,27.5,mm,,BD-CUACA
2022-04-18,1708,suhu_rata_c,22.5,C,,BD-CUACA
2022-04-18,1709,curah_hujan_mm,23.2,mm,,BD-CUACA
2022-04-18,1709,suhu_rata_c,25.3,C,,BD-CUACA
2022-04-18,1771,curah_hujan_mm,17.9,mm,,BD-CUACA
2022-04-18,1771,suhu_rata_c,26.2,C,,BD-CUACA
2022-04-19,1708,curah_hujan_mm,10.4,mm,,BD-CUACA
2022-04-19,1708,suhu_rata_c,21.9,C,,BD-CUACA
2022-04-19,1709,curah_hujan_mm,19.0,mm,,BD-CUACA
2022-04-19,1709,suhu_rata_c,24.7,C,,BD-CUACA
2022-04-19,1771,curah_hujan_mm,20.1,mm,,BD-CUACA
2022-04-19,1771,suhu_rata_c,25.8,C,,BD-CUACA
2022-04-20,1708,curah_hujan_mm,10.4,mm,,BD-CUACA
2022-04-20,1708,suhu_rata_c,21.5,C,,BD-CUACA
2022-04-20,1709,curah_hujan_mm,24.4,mm,,BD-CUACA
2022-04-20,1709,suhu_rata_c,24.1,C,,BD-CUACA
2022-04-20,1771,curah_hujan_mm,14.8,mm,,BD-CUACA
2022-04-20,1771,suhu_rata_c,25.3,C,,BD-CUACA
2022-04-21,1708,curah_hujan_mm,4.7,mm,,BD-CUACA
2022-04-21,1708,suhu_rata_c,22.3,C,,BD-CUACA
2022-04-21,1709,curah_hujan_mm,3.3,mm,,BD-CUACA
2022-04-21,1709,suhu_rata_c,25.6,C,,BD-CUACA
2022-04-21,1771,curah_hujan_mm,2.3,mm,,BD-CUACA
2022-04-21,1771,suhu_rata_c,26.9,C,,BD-CUACA
2022-04-22,1708,curah_hujan_mm,4.2,mm,,BD-CUACA
2022-04-22,1708,suhu_rata_c,22.8,C,,BD-CUACA
2022-04-22,1709,curah_hujan_mm,1.2,mm,,BD-CUACA
2022-04-22,1709,suhu_rata_c,26.1,C,,BD-CUACA
2022-04-22,1771,curah_hujan_mm,5.2,mm,,BD-CUACA
2022-04-22,1771,suhu_rata_c,26.8,C,,BD-CUACA
2022-04-23,1708,curah_hujan_mm,29.2,mm,,BD-CUACA
2022-04-23,1708,suhu_rata_c,22.1,C,,BD-CUACA
2022-04-23,1709,curah_hujan_mm,38.4,mm,,BD-CUACA
2022-04-23,1709,suhu_rata_c,24.9,C,,BD-CUACA
2022-04-23,1771,curah_hujan_mm,23.7,mm,,BD-CUACA
2022-04-23,1771,suhu_rata_c,25.9,C,,BD-CUACA
2022-04-24,1708,curah_hujan_mm,20.5,mm,,BD-CUACA
2022-04-24,1708,suhu_rata_c,22.1,C,,BD-CUACA
2022-04-24,1709,curah_hujan_mm,16.5,mm,,BD-CUACA
2022-04-24,1709,suhu_rata_c,24.7,C,,BD-CUACA
2022-04-24,1771,curah_hujan_mm,7.6,mm,,BD-CUACA
2022-04-24,1771,suhu_rata_c,25.6,C,,BD-CUACA
2022-04-25,1708,curah_hujan_mm,2.3,mm,,BD-CUACA
2022-04-25,1708,suhu_rata_c,22.1,C,,BD-CUACA
2022-04-25,1709,curah_hujan_mm,5.0,mm,,BD-CUACA
2022-04-25,1709,suhu_rata_c,25.3,C,,BD-CUACA
2022-04-25,1771,curah_hujan_mm,8.2,mm,,BD-CUACA
2022-04-25,1771,suhu_rata_c,26.2,C,,BD-CUACA
2022-04-26,1708,curah_hujan_mm,0.3,mm,,BD-CUACA
2022-04-26,1708,suhu_rata_c,23.2,C,,BD-CUACA
2022-04-26,1709,curah_hujan_mm,0.1,mm,,BD-CUACA
2022-04-26,1709,suhu_rata_c,26.6,C,,BD-CUACA
2022-04-26,1771,curah_hujan_mm,7.8,mm,,BD-CUACA
2022-04-26,1771,suhu_rata_c,27.3,C,,BD-CUACA
2022-04-27,1708,curah_hujan_mm,14.1,mm,,BD-CUACA
2022-04-27,1708,suhu_rata_c,23.0,C,,BD-CUACA
2022-04-27,1709,curah_hujan_mm,7.9,mm,,BD-CUACA
2022-04-27,1709,suhu_rata_c,25.9,C,,BD-CUACA
2022-04-27,1771,curah_hujan_mm,10.1,mm,,BD-CUACA
2022-04-27,1771,suhu_rata_c,27.0,C,,BD-CUACA
2022-04-28,1708,curah_hujan_mm,1.8,mm,,BD-CUACA
2022-04-28,1708,suhu_rata_c,22.8,C,,BD-CUACA
2022-04-28,1709,curah_hujan_mm,5.3,mm,,BD-CUACA
2022-04-28,1709,suhu_rata_c,25.3,C,,BD-CUACA
2022-04-28,1771,curah_hujan_mm,4.7,mm,,BD-CUACA
2022-04-28,1771,suhu_rata_c,26.0,C,,BD-CUACA
2022-04-29,1708,curah_hujan_mm,6.1,mm,,BD-CUACA
2022-04-29,1708,suhu_rata_c,22.3,C,,BD-CUACA
2022-04-29,1709,curah_hujan_mm,8.0,mm,,BD-CUACA
2022-04-29,1709,suhu_rata_c,25.3,C,,BD-CUACA
2022-04-29,1771,curah_hujan_mm,11.1,mm,,BD-CUACA
2022-04-29,1771,suhu_rata_c,26.3,C,,BD-CUACA
2022-04-30,1708,curah_hujan_mm,7.5,mm,,BD-CUACA
2022-04-30,1708,suhu_rata_c,22.2,C,,BD-CUACA
2022-04-30,1709,curah_hujan_mm,18.0,mm,,BD-CUACA
2022-04-30,1709,suhu_rata_c,25.1,C,,BD-CUACA
2022-04-30,1771,curah_hujan_mm,9.9,mm,,BD-CUACA
2022-04-30,1771,suhu_rata_c,26.1,C,,BD-CUACA
2022-05-01,1708,curah_hujan_mm,1.3,mm,,BD-CUACA
2022-05-01,1708,suhu_rata_c,22.3,C,,BD-CUACA
2022-05-01,1709,curah_hujan_mm,0.8,mm,,BD-CUACA
2022-05-01,1709,suhu_rata_c,25.4,C,,BD-CUACA
2022-05-01,1771,curah_hujan_mm,2.9,mm,,BD-CUACA
2022-05-01,1771,suhu_rata_c,26.2,C,,BD-CUACA
2022-05-02,1708,curah_hujan_mm,1.4,mm,,BD-CUACA
2022-05-02,1708,suhu_rata_c,22.5,C,,BD-CUACA
2022-05-02,1709,curah_hujan_mm,3.7,mm,,BD-CUACA
2022-05-02,1709,suhu_rata_c,25.4,C,,BD-CUACA
2022-05-02,1771,curah_hujan_mm,3.0,mm,,BD-CUACA
2022-05-02,1771,suhu_rata_c,26.6,C,,BD-CUACA
2022-05-03,1708,curah_hujan_mm,18.3,mm,,BD-CUACA
2022-05-03,1708,suhu_rata_c,22.5,C,,BD-CUACA
2022-05-03,1709,curah_hujan_mm,18.6,mm,,BD-CUACA
2022-05-03,1709,suhu_rata_c,25.1,C,,BD-CUACA
2022-05-03,1771,curah_hujan_mm,8.6,mm,,BD-CUACA
2022-05-03,1771,suhu_rata_c,26.4,C,,BD-CUACA
2022-05-04,1708,curah_hujan_mm,8.4,mm,,BD-CUACA
2022-05-04,1708,suhu_rata_c,22.2,C,,BD-CUACA
2022-05-04,1709,curah_hujan_mm,7.7,mm,,BD-CUACA
2022-05-04,1709,suhu_rata_c,25.2,C,,BD-CUACA
2022-05-04,1771,curah_hujan_mm,13.5,mm,,BD-CUACA
2022-05-04,1771,suhu_rata_c,25.9,C,,BD-CUACA
2022-05-05,1708,curah_hujan_mm,10.6,mm,,BD-CUACA
2022-05-05,1708,suhu_rata_c,22.7,C,,BD-CUACA
2022-05-05,1709,curah_hujan_mm,1.1,mm,,BD-CUACA
2022-05-05,1709,suhu_rata_c,26.0,C,,BD-CUACA
2022-05-05,1771,curah_hujan_mm,4.4,mm,,BD-CUACA
2022-05-05,1771,suhu_rata_c,26.9,C,,BD-CUACA
2022-05-06,1708,curah_hujan_mm,15.2,mm,,BD-CUACA
2022-05-06,1708,suhu_rata_c,22.4,C,,BD-CUACA
2022-05-06,1709,curah_hujan_mm,9.0,mm,,BD-CUACA
2022-05-06,1709,suhu_rata_c,25.3,C,,BD-CUACA
2022-05-06,1771,curah_hujan_mm,8.7,mm,,BD-CUACA
2022-05-06,1771,suhu_rata_c,26.3,C,,BD-CUACA
2022-05-07,1708,curah_hujan_mm,3.2,mm,,BD-CUACA
2022-05-07,1708,suhu_rata_c,22.5,C,,BD-CUACA
2022-05-07,1709,curah_hujan_mm,4.6,mm,,BD-CUACA
2022-05-07,1709,suhu_rata_c,25.8,C,,BD-CUACA
2022-05-07,1771,curah_hujan_mm,2.1,mm,,BD-CUACA
2022-05-07,1771,suhu_rata_c,27.1,C,,BD-CUACA
2022-05-08,1708,curah_hujan_mm,0.8,mm,,BD-CUACA
2022-05-08,1708,suhu_rata_c,23.2,C,,BD-CUACA
2022-05-08,1709,curah_hujan_mm,0.1,mm,,BD-CUACA
2022-05-08,1709,suhu_rata_c,26.4,C,,BD-CUACA
2022-05-08,1771,curah_hujan_mm,0.1,mm,,BD-CUACA
2022-05-08,1771,suhu_rata_c,27.6,C,,BD-CUACA
2022-05-09,1708,curah_hujan_mm,0.0,mm,,BD-CUACA
2022-05-09,1708,suhu_rata_c,24.6,C,,BD-CUACA
2022-05-09,1709,curah_hujan_mm,0.0,mm,,BD-CUACA
2022-05-09,1709,suhu_rata_c,27.9,C,,BD-CUACA
2022-05-09,1771,curah_hujan_mm,0.0,mm,,BD-CUACA
2022-05-09,1771,suhu_rata_c,28.3,C,,BD-CUACA
2022-05-10,1708,curah_hujan_mm,7.8,mm,,BD-CUACA
2022-05-10,1708,suhu_rata_c,24.3,C,,BD-CUACA
2022-05-10,1709,curah_hujan_mm,2.3,mm,,BD-CUACA
2022-05-10,1709,suhu_rata_c,27.6,C,,BD-CUACA
2022-05-10,1771,curah_hujan_mm,6.3,mm,,BD-CUACA
2022-05-10,1771,suhu_rata_c,27.8,C,,BD-CUACA
2022-05-11,1708,curah_hujan_mm,7.4,mm,,BD-CUACA
2022-05-11,1708,suhu_rata_c,23.7,C,,BD-CUACA
2022-05-11,1709,curah_hujan_mm,1.4,mm,,BD-CUACA
2022-05-11,1709,suhu_rata_c,26.9,C,,BD-CUACA
2022-05-11,1771,curah_hujan_mm,0.0,mm,,BD-CUACA
2022-05-11,1771,suhu_rata_c,27.7,C,,BD-CUACA
2022-05-12,1708,curah_hujan_mm,5.0,mm,,BD-CUACA
2022-05-12,1708,suhu_rata_c,22.5,C,,BD-CUACA
2022-05-12,1709,curah_hujan_mm,23.6,mm,,BD-CUACA
2022-05-12,1709,suhu_rata_c,25.7,C,,BD-CUACA
2022-05-12,1771,curah_hujan_mm,7.1,mm,,BD-CUACA
2022-05-12,1771,suhu_rata_c,27.3,C,,BD-CUACA
2022-05-13,1708,curah_hujan_mm,0.4,mm,,BD-CUACA
2022-05-13,1708,suhu_rata_c,23.1,C,,BD-CUACA
2022-05-13,1709,curah_hujan_mm,0.0,mm,,BD-CUACA
2022-05-13,1709,suhu_rata_c,26.5,C,,BD-CUACA
2022-05-13,1771,curah_hujan_mm,0.0,mm,,BD-CUACA
2022-05-13,1771,suhu_rata_c,27.2,C,,BD-CUACA
2022-05-14,1708,curah_hujan_mm,3.0,mm,,BD-CUACA
2022-05-14,1708,suhu_rata_c,23.7,C,,BD-CUACA
2022-05-14,1709,curah_hujan_mm,1.9,mm,,BD-CUACA
2022-05-14,1709,suhu_rata_c,26.2,C,,BD-CUACA
2022-05-14,1771,curah_hujan_mm,1.1,mm,,BD-CUACA
2022-05-14,1771,suhu_rata_c,27.0,C,,BD-CUACA
2022-05-15,1708,curah_hujan_mm,7.8,mm,,BD-CUACA
2022-05-15,1708,suhu_rata_c,22.8,C,,BD-CUACA
2022-05-15,1709,curah_hujan_mm,8.9,mm,,BD-CUACA
2022-05-15,1709,suhu_rata_c,25.7,C,,BD-CUACA
2022-05-15,1771,curah_hujan_mm,7.1,mm,,BD-CUACA
2022-05-15,1771,suhu_rata_c,26.8,C,,BD-CUACA
2022-05-16,1708,curah_hujan_mm,4.5,mm,,BD-CUACA
2022-05-16,1708,suhu_rata_c,22.8,C,,BD-CUACA
2022-05-16,1709,curah_hujan_mm,9.6,mm,,BD-CUACA
2022-05-16,1709,suhu_rata_c,25.5,C,,BD-CUACA
2022-05-16,1771,curah_hujan_mm,7.8,mm,,BD-CUACA
2022-05-16,1771,suhu_rata_c,26.2,C,,BD-CUACA
2022-05-17,1708,curah_hujan_mm,2.0,mm,,BD-CUACA
2022-05-17,1708,suhu_rata_c,23.3,C,,BD-CUACA
2022-05-17,1709,curah_hujan_mm,0.8,mm,,BD-CUACA
2022-05-17,1709,suhu_rata_c,26.2,C,,BD-CUACA
2022-05-17,1771,curah_hujan_mm,0.0,mm,,BD-CUACA
2022-05-17,1771,suhu_rata_c,27.1,C,,BD-CUACA
2022-05-18,1708,curah_hujan_mm,1.5,mm,,BD-CUACA
2022-05-18,1708,suhu_rata_c,23.2,C,,BD-CUACA
2022-05-18,1709,curah_hujan_mm,1.1,mm,,BD-CUACA
2022-05-18,1709,suhu_rata_c,26.3,C,,BD-CUACA
2022-05-18,1771,curah_hujan_mm,0.0,mm,,BD-CUACA
2022-05-18,1771,suhu_rata_c,27.2,C,,BD-CUACA
2022-05-19,1708,curah_hujan_mm,0.7,mm,,BD-CUACA
2022-05-19,1708,suhu_rata_c,23.3,C,,BD-CUACA
2022-05-19,1709,curah_hujan_mm,1.0,mm,,BD-CUACA
2022-05-19,1709,suhu_rata_c,26.0,C,,BD-CUACA
2022-05-19,1771,curah_hujan_mm,0.9,mm,,BD-CUACA
2022-05-19,1771,suhu_rata_c,27.3,C,,BD-CUACA
2022-05-20,1708,curah_hujan_mm,2.4,mm,,BD-CUACA
2022-05-20,1708,suhu_rata_c,22.9,C,,BD-CUACA
2022-05-20,1709,curah_hujan_mm,0.0,mm,,BD-CUACA
2022-05-20,1709,suhu_rata_c,26.1,C,,BD-CUACA
2022-05-20,1771,curah_hujan_mm,0.0,mm,,BD-CUACA
2022-05-20,1771,suhu_rata_c,27.1,C,,BD-CUACA
2022-05-21,1708,curah_hujan_mm,0.4,mm,,BD-CUACA
2022-05-21,1708,suhu_rata_c,23.1,C,,BD-CUACA
2022-05-21,1709,curah_hujan_mm,0.5,mm,,BD-CUACA
2022-05-21,1709,suhu_rata_c,26.2,C,,BD-CUACA
2022-05-21,1771,curah_hujan_mm,0.3,mm,,BD-CUACA
2022-05-21,1771,suhu_rata_c,27.2,C,,BD-CUACA
2022-05-22,1708,curah_hujan_mm,1.0,mm,,BD-CUACA
2022-05-22,1708,suhu_rata_c,22.9,C,,BD-CUACA
2022-05-22,1709,curah_hujan_mm,0.7,mm,,BD-CUACA
2022-05-22,1709,suhu_rata_c,26.4,C,,BD-CUACA
2022-05-22,1771,curah_hujan_mm,2.1,mm,,BD-CUACA
2022-05-22,1771,suhu_rata_c,27.0,C,,BD-CUACA
2022-05-23,1708,curah_hujan_mm,11.7,mm,,BD-CUACA
2022-05-23,1708,suhu_rata_c,22.3,C,,BD-CUACA
2022-05-23,1709,curah_hujan_mm,21.8,mm,,BD-CUACA
2022-05-23,1709,suhu_rata_c,25.5,C,,BD-CUACA
2022-05-23,1771,curah_hujan_mm,10.8,mm,,BD-CUACA
2022-05-23,1771,suhu_rata_c,26.4,C,,BD-CUACA
2022-05-24,1708,curah_hujan_mm,28.8,mm,,BD-CUACA
2022-05-24,1708,suhu_rata_c,22.5,C,,BD-CUACA
2022-05-24,1709,curah_hujan_mm,35.2,mm,,BD-CUACA
2022-05-24,1709,suhu_rata_c,25.1,C,,BD-CUACA
2022-05-24,1771,curah_hujan_mm,29.1,mm,,BD-CUACA
2022-05-24,1771,suhu_rata_c,26.0,C,,BD-CUACA
2022-05-25,1708,curah_hujan_mm,30.4,mm,,BD-CUACA
2022-05-25,1708,suhu_rata_c,21.5,C,,BD-CUACA
2022-05-25,1709,curah_hujan_mm,21.7,mm,,BD-CUACA
2022-05-25,1709,suhu_rata_c,24.0,C,,BD-CUACA
2022-05-25,1771,curah_hujan_mm,28.9,mm,,BD-CUACA
2022-05-25,1771,suhu_rata_c,24.9,C,,BD-CUACA
2022-05-26,1708,curah_hujan_mm,1.3,mm,,BD-CUACA
2022-05-26,1708,suhu_rata_c,22.2,C,,BD-CUACA
2022-05-26,1709,curah_hujan_mm,0.0,mm,,BD-CUACA
2022-05-26,1709,suhu_rata_c,25.4,C,,BD-CUACA
2022-05-26,1771,curah_hujan_mm,0.0,mm,,BD-CUACA
2022-05-26,1771,suhu_rata_c,26.3,C,,BD-CUACA
2022-05-27,1708,curah_hujan_mm,3.0,mm,,BD-CUACA
2022-05-27,1708,suhu_rata_c,22.1,C,,BD-CUACA
2022-05-27,1709,curah_hujan_mm,18.4,mm,,BD-CUACA
2022-05-27,1709,suhu_rata_c,24.9,C,,BD-CUACA
2022-05-27,1771,curah_hujan_mm,4.4,mm,,BD-CUACA
2022-05-27,1771,suhu_rata_c,26.2,C,,BD-CUACA
2022-05-28,1708,curah_hujan_mm,0.4,mm,,BD-CUACA
2022-05-28,1708,suhu_rata_c,21.7,C,,BD-CUACA
2022-05-28,1709,curah_hujan_mm,0.0,mm,,BD-CUACA
2022-05-28,1709,suhu_rata_c,25.0,C,,BD-CUACA
2022-05-28,1771,curah_hujan_mm,0.1,mm,,BD-CUACA
2022-05-28,1771,suhu_rata_c,26.3,C,,BD-CUACA
2022-05-29,1708,curah_hujan_mm,2.9,mm,,BD-CUACA
2022-05-29,1708,suhu_rata_c,22.3,C,,BD-CUACA
2022-05-29,1709,curah_hujan_mm,4.1,mm,,BD-CUACA
2022-05-29,1709,suhu_rata_c,25.3,C,,BD-CUACA
2022-05-29,1771,curah_hujan_mm,7.1,mm,,BD-CUACA
2022-05-29,1771,suhu_rata_c,26.7,C,,BD-CUACA
2022-05-30,1708,curah_hujan_mm,2.1,mm,,BD-CUACA
2022-05-30,1708,suhu_rata_c,22.2,C,,BD-CUACA
2022-05-30,1709,curah_hujan_mm,2.0,mm,,BD-CUACA
2022-05-30,1709,suhu_rata_c,25.2,C,,BD-CUACA
2022-05-30,1771,curah_hujan_mm,2.3,mm,,BD-CUACA
2022-05-30,1771,suhu_rata_c,26.4,C,,BD-CUACA
2022-05-31,1708,curah_hujan_mm,11.0,mm,,BD-CUACA
2022-05-31,1708,suhu_rata_c,21.7,C,,BD-CUACA
2022-05-31,1709,curah_hujan_mm,2.8,mm,,BD-CUACA
2022-05-31,1709,suhu_rata_c,24.6,C,,BD-CUACA
2022-05-31,1771,curah_hujan_mm,10.0,mm,,BD-CUACA
2022-05-31,1771,suhu_rata_c,25.6,C,,BD-CUACA
2022-06-01,1708,curah_hujan_mm,3.2,mm,,BD-CUACA
2022-06-01,1708,suhu_rata_c,22.1,C,,BD-CUACA
2022-06-01,1709,curah_hujan_mm,4.5,mm,,BD-CUACA
2022-06-01,1709,suhu_rata_c,25.1,C,,BD-CUACA
2022-06-01,1771,curah_hujan_mm,8.2,mm,,BD-CUACA
2022-06-01,1771,suhu_rata_c,25.9,C,,BD-CUACA
2022-06-02,1708,curah_hujan_mm,4.9,mm,,BD-CUACA
2022-06-02,1708,suhu_rata_c,21.8,C,,BD-CUACA
2022-06-02,1709,curah_hujan_mm,15.4,mm,,BD-CUACA
2022-06-02,1709,suhu_rata_c,24.6,C,,BD-CUACA
2022-06-02,1771,curah_hujan_mm,10.6,mm,,BD-CUACA
2022-06-02,1771,suhu_rata_c,25.5,C,,BD-CUACA
2022-06-03,1708,curah_hujan_mm,0.8,mm,,BD-CUACA
2022-06-03,1708,suhu_rata_c,21.8,C,,BD-CUACA
2022-06-03,1709,curah_hujan_mm,0.6,mm,,BD-CUACA
2022-06-03,1709,suhu_rata_c,24.9,C,,BD-CUACA
2022-06-03,1771,curah_hujan_mm,3.7,mm,,BD-CUACA
2022-06-03,1771,suhu_rata_c,26.0,C,,BD-CUACA
2022-06-04,1708,curah_hujan_mm,6.8,mm,,BD-CUACA
2022-06-04,1708,suhu_rata_c,22.1,C,,BD-CUACA
2022-06-04,1709,curah_hujan_mm,0.7,mm,,BD-CUACA
2022-06-04,1709,suhu_rata_c,25.5,C,,BD-CUACA
2022-06-04,1771,curah_hujan_mm,1.1,mm,,BD-CUACA
2022-06-04,1771,suhu_rata_c,26.6,C,,BD-CUACA
2022-06-05,1708,curah_hujan_mm,3.8,mm,,BD-CUACA
2022-06-05,1708,suhu_rata_c,21.9,C,,BD-CUACA
2022-06-05,1709,curah_hujan_mm,9.3,mm,,BD-CUACA
2022-06-05,1709,suhu_rata_c,25.4,C,,BD-CUACA
2022-06-05,1771,curah_hujan_mm,1.4,mm,,BD-CUACA
2022-06-05,1771,suhu_rata_c,26.6,C,,BD-CUACA
2022-06-06,1708,curah_hujan_mm,15.9,mm,,BD-CUACA
2022-06-06,1708,suhu_rata_c,22.0,C,,BD-CUACA
2022-06-06,1709,curah_hujan_mm,13.5,mm,,BD-CUACA
2022-06-06,1709,suhu_rata_c,25.1,C,,BD-CUACA
2022-06-06,1771,curah_hujan_mm,1.9,mm,,BD-CUACA
2022-06-06,1771,suhu_rata_c,26.5,C,,BD-CUACA
2022-06-07,1708,curah_hujan_mm,16.9,mm,,BD-CUACA
2022-06-07,1708,suhu_rata_c,21.7,C,,BD-CUACA
2022-06-07,1709,curah_hujan_mm,11.7,mm,,BD-CUACA
2022-06-07,1709,suhu_rata_c,24.4,C,,BD-CUACA
2022-06-07,1771,curah_hujan_mm,31.4,mm,,BD-CUACA
2022-06-07,1771,suhu_rata_c,25.6,C,,BD-CUACA
2022-06-08,1708,curah_hujan_mm,20.1,mm,,BD-CUACA
2022-06-08,1708,suhu_rata_c,21.2,C,,BD-CUACA
2022-06-08,1709,curah_hujan_mm,17.1,mm,,BD-CUACA
2022-06-08,1709,suhu_rata_c,23.9,C,,BD-CUACA
2022-06-08,1771,curah_hujan_mm,20.6,mm,,BD-CUACA
2022-06-08,1771,suhu_rata_c,25.0,C,,BD-CUACA
2022-06-09,1708,curah_hujan_mm,24.9,mm,,BD-CUACA
2022-06-09,1708,suhu_rata_c,20.7,C,,BD-CUACA
2022-06-09,1709,curah_hujan_mm,24.6,mm,,BD-CUACA
2022-06-09,1709,suhu_rata_c,23.3,C,,BD-CUACA
2022-06-09,1771,curah_hujan_mm,32.2,mm,,BD-CUACA
2022-06-09,1771,suhu_rata_c,24.6,C,,BD-CUACA
2022-06-10,1708,curah_hujan_mm,28.9,mm,,BD-CUACA
2022-06-10,1708,suhu_rata_c,21.9,C,,BD-CUACA
2022-06-10,1709,curah_hujan_mm,22.4,mm,,BD-CUACA
2022-06-10,1709,suhu_rata_c,24.6,C,,BD-CUACA
2022-06-10,1771,curah_hujan_mm,6.0,mm,,BD-CUACA
2022-06-10,1771,suhu_rata_c,25.5,C,,BD-CUACA
2022-06-11,1708,curah_hujan_mm,31.2,mm,,BD-CUACA
2022-06-11,1708,suhu_rata_c,21.5,C,,BD-CUACA
2022-06-11,1709,curah_hujan_mm,26.1,mm,,BD-CUACA
2022-06-11,1709,suhu_rata_c,24.1,C,,BD-CUACA
2022-06-11,1771,curah_hujan_mm,25.7,mm,,BD-CUACA
2022-06-11,1771,suhu_rata_c,25.3,C,,BD-CUACA
2022-06-12,1708,curah_hujan_mm,6.4,mm,,BD-CUACA
2022-06-12,1708,suhu_rata_c,21.6,C,,BD-CUACA
2022-06-12,1709,curah_hujan_mm,11.5,mm,,BD-CUACA
2022-06-12,1709,suhu_rata_c,24.6,C,,BD-CUACA
2022-06-12,1771,curah_hujan_mm,12.6,mm,,BD-CUACA
2022-06-12,1771,suhu_rata_c,25.6,C,,BD-CUACA
2022-06-13,1708,curah_hujan_mm,0.8,mm,,BD-CUACA
2022-06-13,1708,suhu_rata_c,22.3,C,,BD-CUACA
2022-06-13,1709,curah_hujan_mm,1.5,mm,,BD-CUACA
2022-06-13,1709,suhu_rata_c,25.5,C,,BD-CUACA
2022-06-13,1771,curah_hujan_mm,6.0,mm,,BD-CUACA
2022-06-13,1771,suhu_rata_c,26.4,C,,BD-CUACA
2022-06-14,1708,curah_hujan_mm,1.7,mm,,BD-CUACA
2022-06-14,1708,suhu_rata_c,22.3,C,,BD-CUACA
2022-06-14,1709,curah_hujan_mm,4.9,mm,,BD-CUACA
2022-06-14,1709,suhu_rata_c,25.2,C,,BD-CUACA
2022-06-14,1771,curah_hujan_mm,4.2,mm,,BD-CUACA
2022-06-14,1771,suhu_rata_c,26.2,C,,BD-CUACA
2022-06-15,1708,curah_hujan_mm,22.0,mm,,BD-CUACA
2022-06-15,1708,suhu_rata_c,21.7,C,,BD-CUACA
2022-06-15,1709,curah_hujan_mm,8.7,mm,,BD-CUACA
2022-06-15,1709,suhu_rata_c,24.3,C,,BD-CUACA
2022-06-15,1771,curah_hujan_mm,11.9,mm,,BD-CUACA
2022-06-15,1771,suhu_rata_c,25.1,C,,BD-CUACA
2022-06-16,1708,curah_hujan_mm,4.8,mm,,BD-CUACA
2022-06-16,1708,suhu_rata_c,21.4,C,,BD-CUACA
2022-06-16,1709,curah_hujan_mm,5.7,mm,,BD-CUACA
2022-06-16,1709,suhu_rata_c,24.4,C,,BD-CUACA
2022-06-16,1771,curah_hujan_mm,5.3,mm,,BD-CUACA
2022-06-16,1771,suhu_rata_c,25.4,C,,BD-CUACA
2022-06-17,1708,curah_hujan_mm,17.4,mm,,BD-CUACA
2022-06-17,1708,suhu_rata_c,22.0,C,,BD-CUACA
2022-06-17,1709,curah_hujan_mm,10.6,mm,,BD-CUACA
2022-06-17,1709,suhu_rata_c,24.9,C,,BD-CUACA
2022-06-17,1771,curah_hujan_mm,11.8,mm,,BD-CUACA
2022-06-17,1771,suhu_rata_c,26.0,C,,BD-CUACA
2022-06-18,1708,curah_hujan_mm,9.2,mm,,BD-CUACA
2022-06-18,1708,suhu_rata_c,21.6,C,,BD-CUACA
2022-06-18,1709,curah_hujan_mm,9.8,mm,,BD-CUACA
2022-06-18,1709,suhu_rata_c,24.3,C,,BD-CUACA
2022-06-18,1771,curah_hujan_mm,15.7,mm,,BD-CUACA
2022-06-18,1771,suhu_rata_c,25.1,C,,BD-CUACA
2022-06-19,1708,curah_hujan_mm,24.7,mm,,BD-CUACA
2022-06-19,1708,suhu_rata_c,21.4,C,,BD-CUACA
2022-06-19,1709,curah_hujan_mm,10.0,mm,,BD-CUACA
2022-06-19,1709,suhu_rata_c,24.0,C,,BD-CUACA
2022-06-19,1771,curah_hujan_mm,14.7,mm,,BD-CUACA
2022-06-19,1771,suhu_rata_c,25.1,C,,BD-CUACA
2022-06-20,1708,curah_hujan_mm,3.2,mm,,BD-CUACA
2022-06-20,1708,suhu_rata_c,22.2,C,,BD-CUACA
2022-06-20,1709,curah_hujan_mm,16.4,mm,,BD-CUACA
2022-06-20,1709,suhu_rata_c,24.7,C,,BD-CUACA
2022-06-20,1771,curah_hujan_mm,29.6,mm,,BD-CUACA
2022-06-20,1771,suhu_rata_c,25.4,C,,BD-CUACA
2022-06-21,1708,curah_hujan_mm,14.4,mm,,BD-CUACA
2022-06-21,1708,suhu_rata_c,21.5,C,,BD-CUACA
2022-06-21,1709,curah_hujan_mm,28.1,mm,,BD-CUACA
2022-06-21,1709,suhu_rata_c,24.0,C,,BD-CUACA
2022-06-21,1771,curah_hujan_mm,15.5,mm,,BD-CUACA
2022-06-21,1771,suhu_rata_c,24.9,C,,BD-CUACA
2022-06-22,1708,curah_hujan_mm,21.3,mm,,BD-CUACA
2022-06-22,1708,suhu_rata_c,21.8,C,,BD-CUACA
2022-06-22,1709,curah_hujan_mm,20.9,mm,,BD-CUACA
2022-06-22,1709,suhu_rata_c,24.0,C,,BD-CUACA
2022-06-22,1771,curah_hujan_mm,13.2,mm,,BD-CUACA
2022-06-22,1771,suhu_rata_c,25.2,C,,BD-CUACA
2022-06-23,1708,curah_hujan_mm,19.6,mm,,BD-CUACA
2022-06-23,1708,suhu_rata_c,21.2,C,,BD-CUACA
2022-06-23,1709,curah_hujan_mm,28.2,mm,,BD-CUACA
2022-06-23,1709,suhu_rata_c,23.6,C,,BD-CUACA
2022-06-23,1771,curah_hujan_mm,27.1,mm,,BD-CUACA
2022-06-23,1771,suhu_rata_c,24.9,C,,BD-CUACA
2022-06-24,1708,curah_hujan_mm,18.2,mm,,BD-CUACA
2022-06-24,1708,suhu_rata_c,21.1,C,,BD-CUACA
2022-06-24,1709,curah_hujan_mm,20.3,mm,,BD-CUACA
2022-06-24,1709,suhu_rata_c,24.1,C,,BD-CUACA
2022-06-24,1771,curah_hujan_mm,13.3,mm,,BD-CUACA
2022-06-24,1771,suhu_rata_c,25.1,C,,BD-CUACA
2022-06-25,1708,curah_hujan_mm,10.9,mm,,BD-CUACA
2022-06-25,1708,suhu_rata_c,21.1,C,,BD-CUACA
2022-06-25,1709,curah_hujan_mm,10.2,mm,,BD-CUACA
2022-06-25,1709,suhu_rata_c,24.3,C,,BD-CUACA
2022-06-25,1771,curah_hujan_mm,10.8,mm,,BD-CUACA
2022-06-25,1771,suhu_rata_c,25.4,C,,BD-CUACA
2022-06-26,1708,curah_hujan_mm,5.3,mm,,BD-CUACA
2022-06-26,1708,suhu_rata_c,22.0,C,,BD-CUACA
2022-06-26,1709,curah_hujan_mm,1.3,mm,,BD-CUACA
2022-06-26,1709,suhu_rata_c,24.8,C,,BD-CUACA
2022-06-26,1771,curah_hujan_mm,0.8,mm,,BD-CUACA
2022-06-26,1771,suhu_rata_c,26.2,C,,BD-CUACA
2022-06-27,1708,curah_hujan_mm,0.9,mm,,BD-CUACA
2022-06-27,1708,suhu_rata_c,22.3,C,,BD-CUACA
2022-06-27,1709,curah_hujan_mm,0.4,mm,,BD-CUACA
2022-06-27,1709,suhu_rata_c,25.3,C,,BD-CUACA
2022-06-27,1771,curah_hujan_mm,0.1,mm,,BD-CUACA
2022-06-27,1771,suhu_rata_c,26.5,C,,BD-CUACA
2022-06-28,1708,curah_hujan_mm,9.8,mm,,BD-CUACA
2022-06-28,1708,suhu_rata_c,21.5,C,,BD-CUACA
2022-06-28,1709,curah_hujan_mm,22.6,mm,,BD-CUACA
2022-06-28,1709,suhu_rata_c,24.4,C,,BD-CUACA
2022-06-28,1771,curah_hujan_mm,17.5,mm,,BD-CUACA
2022-06-28,1771,suhu_rata_c,25.3,C,,BD-CUACA
2022-06-29,1708,curah_hujan_mm,25.9,mm,,BD-CUACA
2022-06-29,1708,suhu_rata_c,20.5,C,,BD-CUACA
2022-06-29,1709,curah_hujan_mm,45.3,mm,,BD-CUACA
2022-06-29,1709,suhu_rata_c,23.1,C,,BD-CUACA
2022-06-29,1771,curah_hujan_mm,95.1,mm,,BD-CUACA
2022-06-29,1771,suhu_rata_c,24.4,C,,BD-CUACA
2022-06-30,1708,curah_hujan_mm,138.2,mm,,BD-CUACA
2022-06-30,1708,suhu_rata_c,19.5,C,,BD-CUACA
2022-06-30,1709,curah_hujan_mm,115.6,mm,,BD-CUACA
2022-06-30,1709,suhu_rata_c,22.5,C,,BD-CUACA
2022-06-30,1771,curah_hujan_mm,163.8,mm,,BD-CUACA
2022-06-30,1771,suhu_rata_c,23.7,C,,BD-CUACA
2022-07-01,1708,curah_hujan_mm,0.6,mm,,BD-CUACA
2022-07-01,1708,suhu_rata_c,21.1,C,,BD-CUACA
2022-07-01,1709,curah_hujan_mm,0.0,mm,,BD-CUACA
2022-07-01,1709,suhu_rata_c,24.1,C,,BD-CUACA
2022-07-01,1771,curah_hujan_mm,0.2,mm,,BD-CUACA
2022-07-01,1771,suhu_rata_c,24.7,C,,BD-CUACA
2022-07-02,1708,curah_hujan_mm,1.3,mm,,BD-CUACA
2022-07-02,1708,suhu_rata_c,21.5,C,,BD-CUACA
2022-07-02,1709,curah_hujan_mm,0.2,mm,,BD-CUACA
2022-07-02,1709,suhu_rata_c,24.6,C,,BD-CUACA
2022-07-02,1771,curah_hujan_mm,0.0,mm,,BD-CUACA
2022-07-02,1771,suhu_rata_c,25.4,C,,BD-CUACA
2022-07-03,1708,curah_hujan_mm,20.4,mm,,BD-CUACA
2022-07-03,1708,suhu_rata_c,22.2,C,,BD-CUACA
2022-07-03,1709,curah_hujan_mm,4.1,mm,,BD-CUACA
2022-07-03,1709,suhu_rata_c,25.2,C,,BD-CUACA
2022-07-03,1771,curah_hujan_mm,2.0,mm,,BD-CUACA
2022-07-03,1771,suhu_rata_c,26.1,C,,BD-CUACA
2022-07-04,1708,curah_hujan_mm,13.9,mm,,BD-CUACA
2022-07-04,1708,suhu_rata_c,21.8,C,,BD-CUACA
2022-07-04,1709,curah_hujan_mm,20.4,mm,,BD-CUACA
2022-07-04,1709,suhu_rata_c,24.4,C,,BD-CUACA
2022-07-04,1771,curah_hujan_mm,3.1,mm,,BD-CUACA
2022-07-04,1771,suhu_rata_c,25.7,C,,BD-CUACA
2022-07-05,1708,curah_hujan_mm,16.6,mm,,BD-CUACA
2022-07-05,1708,suhu_rata_c,22.0,C,,BD-CUACA
2022-07-05,1709,curah_hujan_mm,6.5,mm,,BD-CUACA
2022-07-05,1709,suhu_rata_c,24.9,C,,BD-CUACA
2022-07-05,1771,curah_hujan_mm,7.1,mm,,BD-CUACA
2022-07-05,1771,suhu_rata_c,26.2,C,,BD-CUACA
2022-07-06,1708,curah_hujan_mm,18.5,mm,,BD-CUACA
2022-07-06,1708,suhu_rata_c,22.1,C,,BD-CUACA
2022-07-06,1709,curah_hujan_mm,9.3,mm,,BD-CUACA
2022-07-06,1709,suhu_rata_c,24.7,C,,BD-CUACA
2022-07-06,1771,curah_hujan_mm,6.6,mm,,BD-CUACA
2022-07-06,1771,suhu_rata_c,26.0,C,,BD-CUACA
2022-07-07,1708,curah_hujan_mm,5.9,mm,,BD-CUACA
2022-07-07,1708,suhu_rata_c,22.5,C,,BD-CUACA
2022-07-07,1709,curah_hujan_mm,6.4,mm,,BD-CUACA
2022-07-07,1709,suhu_rata_c,25.4,C,,BD-CUACA
2022-07-07,1771,curah_hujan_mm,13.4,mm,,BD-CUACA
2022-07-07,1771,suhu_rata_c,26.1,C,,BD-CUACA
2022-07-08,1708,curah_hujan_mm,5.9,mm,,BD-CUACA
2022-07-08,1708,suhu_rata_c,21.7,C,,BD-CUACA
2022-07-08,1709,curah_hujan_mm,2.1,mm,,BD-CUACA
2022-07-08,1709,suhu_rata_c,24.6,C,,BD-CUACA
2022-07-08,1771,curah_hujan_mm,3.2,mm,,BD-CUACA
2022-07-08,1771,suhu_rata_c,25.5,C,,BD-CUACA
2022-07-09,1708,curah_hujan_mm,1.9,mm,,BD-CUACA
2022-07-09,1708,suhu_rata_c,21.3,C,,BD-CUACA
2022-07-09,1709,curah_hujan_mm,1.2,mm,,BD-CUACA
2022-07-09,1709,suhu_rata_c,24.4,C,,BD-CUACA
2022-07-09,1771,curah_hujan_mm,2.7,mm,,BD-CUACA
2022-07-09,1771,suhu_rata_c,25.3,C,,BD-CUACA
2022-07-10,1708,curah_hujan_mm,9.6,mm,,BD-CUACA
2022-07-10,1708,suhu_rata_c,21.3,C,,BD-CUACA
2022-07-10,1709,curah_hujan_mm,5.8,mm,,BD-CUACA
2022-07-10,1709,suhu_rata_c,24.2,C,,BD-CUACA
2022-07-10,1771,curah_hujan_mm,1.6,mm,,BD-CUACA
2022-07-10,1771,suhu_rata_c,25.2,C,,BD-CUACA
2022-07-11,1708,curah_hujan_mm,7.6,mm,,BD-CUACA
2022-07-11,1708,suhu_rata_c,22.0,C,,BD-CUACA
2022-07-11,1709,curah_hujan_mm,15.7,mm,,BD-CUACA
2022-07-11,1709,suhu_rata_c,24.6,C,,BD-CUACA
2022-07-11,1771,curah_hujan_mm,11.2,mm,,BD-CUACA
2022-07-11,1771,suhu_rata_c,25.6,C,,BD-CUACA
2022-07-12,1708,curah_hujan_mm,27.3,mm,,BD-CUACA
2022-07-12,1708,suhu_rata_c,21.5,C,,BD-CUACA
2022-07-12,1709,curah_hujan_mm,34.6,mm,,BD-CUACA
2022-07-12,1709,suhu_rata_c,24.1,C,,BD-CUACA
2022-07-12,1771,curah_hujan_mm,21.0,mm,,BD-CUACA
2022-07-12,1771,suhu_rata_c,25.3,C,,BD-CUACA
2022-07-13,1708,curah_hujan_mm,12.4,mm,,BD-CUACA
2022-07-13,1708,suhu_rata_c,21.5,C,,BD-CUACA
2022-07-13,1709,curah_hujan_mm,19.6,mm,,BD-CUACA
2022-07-13,1709,suhu_rata_c,24.1,C,,BD-CUACA
2022-07-13,1771,curah_hujan_mm,7.6,mm,,BD-CUACA
2022-07-13,1771,suhu_rata_c,25.7,C,,BD-CUACA
2022-07-14,1708,curah_hujan_mm,15.2,mm,,BD-CUACA
2022-07-14,1708,suhu_rata_c,22.2,C,,BD-CUACA
2022-07-14,1709,curah_hujan_mm,22.7,mm,,BD-CUACA
2022-07-14,1709,suhu_rata_c,24.5,C,,BD-CUACA
2022-07-14,1771,curah_hujan_mm,16.5,mm,,BD-CUACA
2022-07-14,1771,suhu_rata_c,25.7,C,,BD-CUACA
2022-07-15,1708,curah_hujan_mm,7.5,mm,,BD-CUACA
2022-07-15,1708,suhu_rata_c,22.2,C,,BD-CUACA
2022-07-15,1709,curah_hujan_mm,1.0,mm,,BD-CUACA
2022-07-15,1709,suhu_rata_c,25.3,C,,BD-CUACA
2022-07-15,1771,curah_hujan_mm,0.6,mm,,BD-CUACA
2022-07-15,1771,suhu_rata_c,26.1,C,,BD-CUACA
2022-07-16,1708,curah_hujan_mm,0.6,mm,,BD-CUACA
2022-07-16,1708,suhu_rata_c,22.7,C,,BD-CUACA
2022-07-16,1709,curah_hujan_mm,0.5,mm,,BD-CUACA
2022-07-16,1709,suhu_rata_c,25.6,C,,BD-CUACA
2022-07-16,1771,curah_hujan_mm,0.0,mm,,BD-CUACA
2022-07-16,1771,suhu_rata_c,26.4,C,,BD-CUACA
2022-07-17,1708,curah_hujan_mm,0.0,mm,,BD-CUACA
2022-07-17,1708,suhu_rata_c,23.4,C,,BD-CUACA
2022-07-17,1709,curah_hujan_mm,0.0,mm,,BD-CUACA
2022-07-17,1709,suhu_rata_c,25.7,C,,BD-CUACA
2022-07-17,1771,curah_hujan_mm,0.0,mm,,BD-CUACA
2022-07-17,1771,suhu_rata_c,26.3,C,,BD-CUACA
2022-07-18,1708,curah_hujan_mm,1.3,mm,,BD-CUACA
2022-07-18,1708,suhu_rata_c,22.5,C,,BD-CUACA
2022-07-18,1709,curah_hujan_mm,1.0,mm,,BD-CUACA
2022-07-18,1709,suhu_rata_c,25.4,C,,BD-CUACA
2022-07-18,1771,curah_hujan_mm,0.2,mm,,BD-CUACA
2022-07-18,1771,suhu_rata_c,26.5,C,,BD-CUACA
2022-07-19,1708,curah_hujan_mm,4.4,mm,,BD-CUACA
2022-07-19,1708,suhu_rata_c,22.4,C,,BD-CUACA
2022-07-19,1709,curah_hujan_mm,2.7,mm,,BD-CUACA
2022-07-19,1709,suhu_rata_c,25.5,C,,BD-CUACA
2022-07-19,1771,curah_hujan_mm,0.4,mm,,BD-CUACA
2022-07-19,1771,suhu_rata_c,26.6,C,,BD-CUACA
2022-07-20,1708,curah_hujan_mm,13.7,mm,,BD-CUACA
2022-07-20,1708,suhu_rata_c,22.3,C,,BD-CUACA
2022-07-20,1709,curah_hujan_mm,6.1,mm,,BD-CUACA
2022-07-20,1709,suhu_rata_c,25.1,C,,BD-CUACA
2022-07-20,1771,curah_hujan_mm,14.2,mm,,BD-CUACA
2022-07-20,1771,suhu_rata_c,26.2,C,,BD-CUACA
2022-07-21,1708,curah_hujan_mm,5.8,mm,,BD-CUACA
2022-07-21,1708,suhu_rata_c,22.1,C,,BD-CUACA
2022-07-21,1709,curah_hujan_mm,20.2,mm,,BD-CUACA
2022-07-21,1709,suhu_rata_c,24.8,C,,BD-CUACA
2022-07-21,1771,curah_hujan_mm,19.2,mm,,BD-CUACA
2022-07-21,1771,suhu_rata_c,25.6,C,,BD-CUACA
2022-07-22,1708,curah_hujan_mm,0.5,mm,,BD-CUACA
2022-07-22,1708,suhu_rata_c,22.8,C,,BD-CUACA
2022-07-22,1709,curah_hujan_mm,11.7,mm,,BD-CUACA
2022-07-22,1709,suhu_rata_c,24.9,C,,BD-CUACA
2022-07-22,1771,curah_hujan_mm,0.7,mm,,BD-CUACA
2022-07-22,1771,suhu_rata_c,26.5,C,,BD-CUACA
2022-07-23,1708,curah_hujan_mm,13.0,mm,,BD-CUACA
2022-07-23,1708,suhu_rata_c,22.9,C,,BD-CUACA
2022-07-23,1709,curah_hujan_mm,13.5,mm,,BD-CUACA
2022-07-23,1709,suhu_rata_c,25.2,C,,BD-CUACA
2022-07-23,1771,curah_hujan_mm,18.6,mm,,BD-CUACA
2022-07-23,1771,suhu_rata_c,26.3,C,,BD-CUACA
2022-07-24,1708,curah_hujan_mm,8.1,mm,,BD-CUACA
2022-07-24,1708,suhu_rata_c,22.2,C,,BD-CUACA
2022-07-24,1709,curah_hujan_mm,32.9,mm,,BD-CUACA
2022-07-24,1709,suhu_rata_c,24.3,C,,BD-CUACA
2022-07-24,1771,curah_hujan_mm,40.2,mm,,BD-CUACA
2022-07-24,1771,suhu_rata_c,25.4,C,,BD-CUACA
2022-07-25,1708,curah_hujan_mm,11.1,mm,,BD-CUACA
2022-07-25,1708,suhu_rata_c,21.1,C,,BD-CUACA
2022-07-25,1709,curah_hujan_mm,42.4,mm,,BD-CUACA
2022-07-25,1709,suhu_rata_c,23.4,C,,BD-CUACA
2022-07-25,1771,curah_hujan_mm,91.3,mm,,BD-CUACA
2022-07-25,1771,suhu_rata_c,24.3,C,,BD-CUACA
2022-07-26,1708,curah_hujan_mm,0.7,mm,,BD-CUACA
2022-07-26,1708,suhu_rata_c,21.9,C,,BD-CUACA
2022-07-26,1709,curah_hujan_mm,3.8,mm,,BD-CUACA
2022-07-26,1709,suhu_rata_c,24.9,C,,BD-CUACA
2022-07-26,1771,curah_hujan_mm,2.0,mm,,BD-CUACA
2022-07-26,1771,suhu_rata_c,25.5,C,,BD-CUACA
2022-07-27,1708,curah_hujan_mm,0.0,mm,,BD-CUACA
2022-07-27,1708,suhu_rata_c,22.7,C,,BD-CUACA
2022-07-27,1709,curah_hujan_mm,0.2,mm,,BD-CUACA
2022-07-27,1709,suhu_rata_c,25.2,C,,BD-CUACA
2022-07-27,1771,curah_hujan_mm,0.6,mm,,BD-CUACA
2022-07-27,1771,suhu_rata_c,26.4,C,,BD-CUACA
2022-07-28,1708,curah_hujan_mm,4.3,mm,,BD-CUACA
2022-07-28,1708,suhu_rata_c,22.9,C,,BD-CUACA
2022-07-28,1709,curah_hujan_mm,2.3,mm,,BD-CUACA
2022-07-28,1709,suhu_rata_c,25.8,C,,BD-CUACA
2022-07-28,1771,curah_hujan_mm,1.2,mm,,BD-CUACA
2022-07-28,1771,suhu_rata_c,26.3,C,,BD-CUACA
2022-07-29,1708,curah_hujan_mm,10.8,mm,,BD-CUACA
2022-07-29,1708,suhu_rata_c,22.1,C,,BD-CUACA
2022-07-29,1709,curah_hujan_mm,3.8,mm,,BD-CUACA
2022-07-29,1709,suhu_rata_c,25.3,C,,BD-CUACA
2022-07-29,1771,curah_hujan_mm,6.2,mm,,BD-CUACA
2022-07-29,1771,suhu_rata_c,26.1,C,,BD-CUACA
2022-07-30,1708,curah_hujan_mm,2.9,mm,,BD-CUACA
2022-07-30,1708,suhu_rata_c,22.4,C,,BD-CUACA
2022-07-30,1709,curah_hujan_mm,0.0,mm,,BD-CUACA
2022-07-30,1709,suhu_rata_c,25.1,C,,BD-CUACA
2022-07-30,1771,curah_hujan_mm,0.6,mm,,BD-CUACA
2022-07-30,1771,suhu_rata_c,26.2,C,,BD-CUACA
2022-07-31,1708,curah_hujan_mm,7.6,mm,,BD-CUACA
2022-07-31,1708,suhu_rata_c,22.5,C,,BD-CUACA
2022-07-31,1709,curah_hujan_mm,1.9,mm,,BD-CUACA
2022-07-31,1709,suhu_rata_c,25.3,C,,BD-CUACA
2022-07-31,1771,curah_hujan_mm,1.7,mm,,BD-CUACA
2022-07-31,1771,suhu_rata_c,26.6,C,,BD-CUACA
2022-08-01,1708,curah_hujan_mm,9.8,mm,,BD-CUACA
2022-08-01,1708,suhu_rata_c,22.5,C,,BD-CUACA
2022-08-01,1709,curah_hujan_mm,19.1,mm,,BD-CUACA
2022-08-01,1709,suhu_rata_c,25.1,C,,BD-CUACA
2022-08-01,1771,curah_hujan_mm,19.1,mm,,BD-CUACA
2022-08-01,1771,suhu_rata_c,26.1,C,,BD-CUACA
2022-08-02,1708,curah_hujan_mm,17.7,mm,,BD-CUACA
2022-08-02,1708,suhu_rata_c,21.8,C,,BD-CUACA
2022-08-02,1709,curah_hujan_mm,19.2,mm,,BD-CUACA
2022-08-02,1709,suhu_rata_c,24.5,C,,BD-CUACA
2022-08-02,1771,curah_hujan_mm,17.4,mm,,BD-CUACA
2022-08-02,1771,suhu_rata_c,25.6,C,,BD-CUACA
2022-08-03,1708,curah_hujan_mm,14.4,mm,,BD-CUACA
2022-08-03,1708,suhu_rata_c,20.9,C,,BD-CUACA
2022-08-03,1709,curah_hujan_mm,33.5,mm,,BD-CUACA
2022-08-03,1709,suhu_rata_c,23.6,C,,BD-CUACA
2022-08-03,1771,curah_hujan_mm,26.1,mm,,BD-CUACA
2022-08-03,1771,suhu_rata_c,24.7,C,,BD-CUACA
2022-08-04,1708,curah_hujan_mm,6.4,mm,,BD-CUACA
2022-08-04,1708,suhu_rata_c,21.0,C,,BD-CUACA
2022-08-04,1709,curah_hujan_mm,15.5,mm,,BD-CUACA
2022-08-04,1709,suhu_rata_c,23.8,C,,BD-CUACA
2022-08-04,1771,curah_hujan_mm,26.7,mm,,BD-CUACA
2022-08-04,1771,suhu_rata_c,24.7,C,,BD-CUACA
2022-08-05,1708,curah_hujan_mm,0.0,mm,,BD-CUACA
2022-08-05,1708,suhu_rata_c,21.9,C,,BD-CUACA
2022-08-05,1709,curah_hujan_mm,0.0,mm,,BD-CUACA
2022-08-05,1709,suhu_rata_c,24.9,C,,BD-CUACA
2022-08-05,1771,curah_hujan_mm,0.0,mm,,BD-CUACA
2022-08-05,1771,suhu_rata_c,25.9,C,,BD-CUACA
2022-08-06,1708,curah_hujan_mm,0.1,mm,,BD-CUACA
2022-08-06,1708,suhu_rata_c,22.0,C,,BD-CUACA
2022-08-06,1709,curah_hujan_mm,0.3,mm,,BD-CUACA
2022-08-06,1709,suhu_rata_c,25.2,C,,BD-CUACA
2022-08-06,1771,curah_hujan_mm,0.0,mm,,BD-CUACA
2022-08-06,1771,suhu_rata_c,26.1,C,,BD-CUACA
2022-08-07,1708,curah_hujan_mm,0.8,mm,,BD-CUACA
2022-08-07,1708,suhu_rata_c,22.1,C,,BD-CUACA
2022-08-07,1709,curah_hujan_mm,0.4,mm,,BD-CUACA
2022-08-07,1709,suhu_rata_c,25.1,C,,BD-CUACA
2022-08-07,1771,curah_hujan_mm,0.6,mm,,BD-CUACA
2022-08-07,1771,suhu_rata_c,26.4,C,,BD-CUACA
2022-08-08,1708,curah_hujan_mm,0.9,mm,,BD-CUACA
2022-08-08,1708,suhu_rata_c,22.0,C,,BD-CUACA
2022-08-08,1709,curah_hujan_mm,1.5,mm,,BD-CUACA
2022-08-08,1709,suhu_rata_c,24.7,C,,BD-CUACA
2022-08-08,1771,curah_hujan_mm,0.4,mm,,BD-CUACA
2022-08-08,1771,suhu_rata_c,26.2,C,,BD-CUACA
2022-08-09,1708,curah_hujan_mm,11.4,mm,,BD-CUACA
2022-08-09,1708,suhu_rata_c,22.1,C,,BD-CUACA
2022-08-09,1709,curah_hujan_mm,10.2,mm,,BD-CUACA
2022-08-09,1709,suhu_rata_c,24.8,C,,BD-CUACA
2022-08-09,1771,curah_hujan_mm,7.4,mm,,BD-CUACA
2022-08-09,1771,suhu_rata_c,26.0,C,,BD-CUACA
2022-08-10,1708,curah_hujan_mm,7.3,mm,,BD-CUACA
2022-08-10,1708,suhu_rata_c,21.8,C,,BD-CUACA
2022-08-10,1709,curah_hujan_mm,2.4,mm,,BD-CUACA
2022-08-10,1709,suhu_rata_c,24.4,C,,BD-CUACA
2022-08-10,1771,curah_hujan_mm,1.3,mm,,BD-CUACA
2022-08-10,1771,suhu_rata_c,25.7,C,,BD-CUACA
2022-08-11,1708,curah_hujan_mm,6.8,mm,,BD-CUACA
2022-08-11,1708,suhu_rata_c,22.1,C,,BD-CUACA
2022-08-11,1709,curah_hujan_mm,1.5,mm,,BD-CUACA
2022-08-11,1709,suhu_rata_c,24.8,C,,BD-CUACA
2022-08-11,1771,curah_hujan_mm,2.8,mm,,BD-CUACA
2022-08-11,1771,suhu_rata_c,26.1,C,,BD-CUACA
2022-08-12,1708,curah_hujan_mm,18.7,mm,,BD-CUACA
2022-08-12,1708,suhu_rata_c,21.8,C,,BD-CUACA
2022-08-12,1709,curah_hujan_mm,7.4,mm,,BD-CUACA
2022-08-12,1709,suhu_rata_c,24.6,C,,BD-CUACA
2022-08-12,1771,curah_hujan_mm,12.3,mm,,BD-CUACA
2022-08-12,1771,suhu_rata_c,25.4,C,,BD-CUACA
2022-08-13,1708,curah_hujan_mm,10.2,mm,,BD-CUACA
2022-08-13,1708,suhu_rata_c,21.7,C,,BD-CUACA
2022-08-13,1709,curah_hujan_mm,5.3,mm,,BD-CUACA
2022-08-13,1709,suhu_rata_c,24.6,C,,BD-CUACA
2022-08-13,1771,curah_hujan_mm,4.6,mm,,BD-CUACA
2022-08-13,1771,suhu_rata_c,25.8,C,,BD-CUACA
2022-08-14,1708,curah_hujan_mm,22.0,mm,,BD-CUACA
2022-08-14,1708,suhu_rata_c,21.9,C,,BD-CUACA
2022-08-14,1709,curah_hujan_mm,9.7,mm,,BD-CUACA
2022-08-14,1709,suhu_rata_c,24.7,C,,BD-CUACA
2022-08-14,1771,curah_hujan_mm,6.3,mm,,BD-CUACA
2022-08-14,1771,suhu_rata_c,25.6,C,,BD-CUACA
2022-08-15,1708,curah_hujan_mm,18.8,mm,,BD-CUACA
2022-08-15,1708,suhu_rata_c,21.5,C,,BD-CUACA
2022-08-15,1709,curah_hujan_mm,25.2,mm,,BD-CUACA
2022-08-15,1709,suhu_rata_c,24.4,C,,BD-CUACA
2022-08-15,1771,curah_hujan_mm,12.7,mm,,BD-CUACA
2022-08-15,1771,suhu_rata_c,25.8,C,,BD-CUACA
2022-08-16,1708,curah_hujan_mm,3.7,mm,,BD-CUACA
2022-08-16,1708,suhu_rata_c,21.6,C,,BD-CUACA
2022-08-16,1709,curah_hujan_mm,22.6,mm,,BD-CUACA
2022-08-16,1709,suhu_rata_c,24.4,C,,BD-CUACA
2022-08-16,1771,curah_hujan_mm,10.9,mm,,BD-CUACA
2022-08-16,1771,suhu_rata_c,25.6,C,,BD-CUACA
2022-08-17,1708,curah_hujan_mm,4.5,mm,,BD-CUACA
2022-08-17,1708,suhu_rata_c,22.3,C,,BD-CUACA
2022-08-17,1709,curah_hujan_mm,7.3,mm,,BD-CUACA
2022-08-17,1709,suhu_rata_c,24.8,C,,BD-CUACA
2022-08-17,1771,curah_hujan_mm,3.9,mm,,BD-CUACA
2022-08-17,1771,suhu_rata_c,26.2,C,,BD-CUACA
2022-08-18,1708,curah_hujan_mm,3.1,mm,,BD-CUACA
2022-08-18,1708,suhu_rata_c,23.3,C,,BD-CUACA
2022-08-18,1709,curah_hujan_mm,4.8,mm,,BD-CUACA
2022-08-18,1709,suhu_rata_c,25.7,C,,BD-CUACA
2022-08-18,1771,curah_hujan_mm,1.0,mm,,BD-CUACA
2022-08-18,1771,suhu_rata_c,26.4,C,,BD-CUACA
2022-08-19,1708,curah_hujan_mm,3.0,mm,,BD-CUACA
2022-08-19,1708,suhu_rata_c,23.4,C,,BD-CUACA
2022-08-19,1709,curah_hujan_mm,6.4,mm,,BD-CUACA
2022-08-19,1709,suhu_rata_c,26.2,C,,BD-CUACA
2022-08-19,1771,curah_hujan_mm,1.0,mm,,BD-CUACA
2022-08-19,1771,suhu_rata_c,26.6,C,,BD-CUACA
2022-08-20,1708,curah_hujan_mm,22.7,mm,,BD-CUACA
2022-08-20,1708,suhu_rata_c,22.3,C,,BD-CUACA
2022-08-20,1709,curah_hujan_mm,17.4,mm,,BD-CUACA
2022-08-20,1709,suhu_rata_c,24.5,C,,BD-CUACA
2022-08-20,1771,curah_hujan_mm,19.3,mm,,BD-CUACA
2022-08-20,1771,suhu_rata_c,25.4,C,,BD-CUACA
2022-08-21,1708,curah_hujan_mm,8.6,mm,,BD-CUACA
2022-08-21,1708,suhu_rata_c,21.0,C,,BD-CUACA
2022-08-21,1709,curah_hujan_mm,26.7,mm,,BD-CUACA
2022-08-21,1709,suhu_rata_c,23.6,C,,BD-CUACA
2022-08-21,1771,curah_hujan_mm,50.0,mm,,BD-CUACA
2022-08-21,1771,suhu_rata_c,24.2,C,,BD-CUACA
2022-08-22,1708,curah_hujan_mm,20.0,mm,,BD-CUACA
2022-08-22,1708,suhu_rata_c,21.9,C,,BD-CUACA
2022-08-22,1709,curah_hujan_mm,5.8,mm,,BD-CUACA
2022-08-22,1709,suhu_rata_c,24.7,C,,BD-CUACA
2022-08-22,1771,curah_hujan_mm,2.7,mm,,BD-CUACA
2022-08-22,1771,suhu_rata_c,25.7,C,,BD-CUACA
2022-08-23,1708,curah_hujan_mm,30.2,mm,,BD-CUACA
2022-08-23,1708,suhu_rata_c,22.4,C,,BD-CUACA
2022-08-23,1709,curah_hujan_mm,34.2,mm,,BD-CUACA
2022-08-23,1709,suhu_rata_c,25.0,C,,BD-CUACA
2022-08-23,1771,curah_hujan_mm,40.6,mm,,BD-CUACA
2022-08-23,1771,suhu_rata_c,25.5,C,,BD-CUACA
2022-08-24,1708,curah_hujan_mm,4.6,mm,,BD-CUACA
2022-08-24,1708,suhu_rata_c,21.1,C,,BD-CUACA
2022-08-24,1709,curah_hujan_mm,5.1,mm,,BD-CUACA
2022-08-24,1709,suhu_rata_c,24.1,C,,BD-CUACA
2022-08-24,1771,curah_hujan_mm,8.8,mm,,BD-CUACA
2022-08-24,1771,suhu_rata_c,25.0,C,,BD-CUACA
2022-08-25,1708,curah_hujan_mm,5.7,mm,,BD-CUACA
2022-08-25,1708,suhu_rata_c,20.7,C,,BD-CUACA
2022-08-25,1709,curah_hujan_mm,5.4,mm,,BD-CUACA
2022-08-25,1709,suhu_rata_c,23.6,C,,BD-CUACA
2022-08-25,1771,curah_hujan_mm,13.7,mm,,BD-CUACA
2022-08-25,1771,suhu_rata_c,24.8,C,,BD-CUACA
2022-08-26,1708,curah_hujan_mm,19.9,mm,,BD-CUACA
2022-08-26,1708,suhu_rata_c,21.0,C,,BD-CUACA
2022-08-26,1709,curah_hujan_mm,21.9,mm,,BD-CUACA
2022-08-26,1709,suhu_rata_c,23.8,C,,BD-CUACA
2022-08-26,1771,curah_hujan_mm,6.4,mm,,BD-CUACA
2022-08-26,1771,suhu_rata_c,25.0,C,,BD-CUACA
2022-08-27,1708,curah_hujan_mm,37.5,mm,,BD-CUACA
2022-08-27,1708,suhu_rata_c,21.6,C,,BD-CUACA
2022-08-27,1709,curah_hujan_mm,54.8,mm,,BD-CUACA
2022-08-27,1709,suhu_rata_c,23.7,C,,BD-CUACA
2022-08-27,1771,curah_hujan_mm,24.7,mm,,BD-CUACA
2022-08-27,1771,suhu_rata_c,24.9,C,,BD-CUACA
2022-08-28,1708,curah_hujan_mm,21.4,mm,,BD-CUACA
2022-08-28,1708,suhu_rata_c,21.2,C,,BD-CUACA
2022-08-28,1709,curah_hujan_mm,19.0,mm,,BD-CUACA
2022-08-28,1709,suhu_rata_c,24.1,C,,BD-CUACA
2022-08-28,1771,curah_hujan_mm,43.8,mm,,BD-CUACA
2022-08-28,1771,suhu_rata_c,24.7,C,,BD-CUACA
2022-08-29,1708,curah_hujan_mm,36.6,mm,,BD-CUACA
2022-08-29,1708,suhu_rata_c,20.9,C,,BD-CUACA
2022-08-29,1709,curah_hujan_mm,60.5,mm,,BD-CUACA
2022-08-29,1709,suhu_rata_c,23.8,C,,BD-CUACA
2022-08-29,1771,curah_hujan_mm,60.7,mm,,BD-CUACA
2022-08-29,1771,suhu_rata_c,24.7,C,,BD-CUACA
2022-08-30,1708,curah_hujan_mm,17.4,mm,,BD-CUACA
2022-08-30,1708,suhu_rata_c,21.4,C,,BD-CUACA
2022-08-30,1709,curah_hujan_mm,13.0,mm,,BD-CUACA
2022-08-30,1709,suhu_rata_c,24.4,C,,BD-CUACA
2022-08-30,1771,curah_hujan_mm,18.0,mm,,BD-CUACA
2022-08-30,1771,suhu_rata_c,25.3,C,,BD-CUACA
2022-08-31,1708,curah_hujan_mm,2.9,mm,,BD-CUACA
2022-08-31,1708,suhu_rata_c,21.3,C,,BD-CUACA
2022-08-31,1709,curah_hujan_mm,9.4,mm,,BD-CUACA
2022-08-31,1709,suhu_rata_c,24.6,C,,BD-CUACA
2022-08-31,1771,curah_hujan_mm,3.4,mm,,BD-CUACA
2022-08-31,1771,suhu_rata_c,25.7,C,,BD-CUACA
2022-09-01,1708,curah_hujan_mm,42.3,mm,,BD-CUACA
2022-09-01,1708,suhu_rata_c,21.1,C,,BD-CUACA
2022-09-01,1709,curah_hujan_mm,23.3,mm,,BD-CUACA
2022-09-01,1709,suhu_rata_c,23.8,C,,BD-CUACA
2022-09-01,1771,curah_hujan_mm,19.7,mm,,BD-CUACA
2022-09-01,1771,suhu_rata_c,24.8,C,,BD-CUACA
2022-09-02,1708,curah_hujan_mm,22.7,mm,,BD-CUACA
2022-09-02,1708,suhu_rata_c,21.2,C,,BD-CUACA
2022-09-02,1709,curah_hujan_mm,22.8,mm,,BD-CUACA
2022-09-02,1709,suhu_rata_c,23.7,C,,BD-CUACA
2022-09-02,1771,curah_hujan_mm,52.8,mm,,BD-CUACA
2022-09-02,1771,suhu_rata_c,24.5,C,,BD-CUACA
2022-09-03,1708,curah_hujan_mm,2.4,mm,,BD-CUACA
2022-09-03,1708,suhu_rata_c,21.5,C,,BD-CUACA
2022-09-03,1709,curah_hujan_mm,5.3,mm,,BD-CUACA
2022-09-03,1709,suhu_rata_c,24.3,C,,BD-CUACA
2022-09-03,1771,curah_hujan_mm,5.1,mm,,BD-CUACA
2022-09-03,1771,suhu_rata_c,25.5,C,,BD-CUACA
2022-09-04,1708,curah_hujan_mm,0.6,mm,,BD-CUACA
2022-09-04,1708,suhu_rata_c,22.3,C,,BD-CUACA
2022-09-04,1709,curah_hujan_mm,0.3,mm,,BD-CUACA
2022-09-04,1709,suhu_rata_c,25.5,C,,BD-CUACA
2022-09-04,1771,curah_hujan_mm,0.5,mm,,BD-CUACA
2022-09-04,1771,suhu_rata_c,26.4,C,,BD-CUACA
2022-09-05,1708,curah_hujan_mm,0.7,mm,,BD-CUACA
2022-09-05,1708,suhu_rata_c,22.1,C,,BD-CUACA
2022-09-05,1709,curah_hujan_mm,0.6,mm,,BD-CUACA
2022-09-05,1709,suhu_rata_c,25.4,C,,BD-CUACA
2022-09-05,1771,curah_hujan_mm,1.4,mm,,BD-CUACA
2022-09-05,1771,suhu_rata_c,26.4,C,,BD-CUACA
2022-09-06,1708,curah_hujan_mm,25.4,mm,,BD-CUACA
2022-09-06,1708,suhu_rata_c,21.6,C,,BD-CUACA
2022-09-06,1709,curah_hujan_mm,8.8,mm,,BD-CUACA
2022-09-06,1709,suhu_rata_c,24.6,C,,BD-CUACA
2022-09-06,1771,curah_hujan_mm,14.8,mm,,BD-CUACA
2022-09-06,1771,suhu_rata_c,25.8,C,,BD-CUACA
2022-09-07,1708,curah_hujan_mm,24.6,mm,,BD-CUACA
2022-09-07,1708,suhu_rata_c,20.9,C,,BD-CUACA
2022-09-07,1709,curah_hujan_mm,34.5,mm,,BD-CUACA
2022-09-07,1709,suhu_rata_c,23.8,C,,BD-CUACA
2022-09-07,1771,curah_hujan_mm,39.7,mm,,BD-CUACA
2022-09-07,1771,suhu_rata_c,24.7,C,,BD-CUACA
2022-09-08,1708,curah_hujan_mm,9.0,mm,,BD-CUACA
2022-09-08,1708,suhu_rata_c,21.5,C,,BD-CUACA
2022-09-08,1709,curah_hujan_mm,1.4,mm,,BD-CUACA
2022-09-08,1709,suhu_rata_c,24.7,C,,BD-CUACA
2022-09-08,1771,curah_hujan_mm,0.2,mm,,BD-CUACA
2022-09-08,1771,suhu_rata_c,25.7,C,,BD-CUACA
2022-09-09,1708,curah_hujan_mm,7.3,mm,,BD-CUACA
2022-09-09,1708,suhu_rata_c,21.3,C,,BD-CUACA
2022-09-09,1709,curah_hujan_mm,20.1,mm,,BD-CUACA
2022-09-09,1709,suhu_rata_c,24.5,C,,BD-CUACA
2022-09-09,1771,curah_hujan_mm,18.4,mm,,BD-CUACA
2022-09-09,1771,suhu_rata_c,25.4,C,,BD-CUACA
2022-09-10,1708,curah_hujan_mm,4.1,mm,,BD-CUACA
2022-09-10,1708,suhu_rata_c,21.4,C,,BD-CUACA
2022-09-10,1709,curah_hujan_mm,3.7,mm,,BD-CUACA
2022-09-10,1709,suhu_rata_c,24.7,C,,BD-CUACA
2022-09-10,1771,curah_hujan_mm,3.7,mm,,BD-CUACA
2022-09-10,1771,suhu_rata_c,25.5,C,,BD-CUACA
2022-09-11,1708,curah_hujan_mm,0.6,mm,,BD-CUACA
2022-09-11,1708,suhu_rata_c,22.2,C,,BD-CUACA
2022-09-11,1709,curah_hujan_mm,0.6,mm,,BD-CUACA
2022-09-11,1709,suhu_rata_c,25.2,C,,BD-CUACA
2022-09-11,1771,curah_hujan_mm,0.1,mm,,BD-CUACA
2022-09-11,1771,suhu_rata_c,26.0,C,,BD-CUACA
2022-09-12,1708,curah_hujan_mm,0.2,mm,,BD-CUACA
2022-09-12,1708,suhu_rata_c,22.0,C,,BD-CUACA
2022-09-12,1709,curah_hujan_mm,0.3,mm,,BD-CUACA
2022-09-12,1709,suhu_rata_c,25.4,C,,BD-CUACA
2022-09-12,1771,curah_hujan_mm,0.2,mm,,BD-CUACA
2022-09-12,1771,suhu_rata_c,26.6,C,,BD-CUACA
2022-09-13,1708,curah_hujan_mm,23.6,mm,,BD-CUACA
2022-09-13,1708,suhu_rata_c,21.0,C,,BD-CUACA
2022-09-13,1709,curah_hujan_mm,31.4,mm,,BD-CUACA
2022-09-13,1709,suhu_rata_c,23.8,C,,BD-CUACA
2022-09-13,1771,curah_hujan_mm,16.6,mm,,BD-CUACA
2022-09-13,1771,suhu_rata_c,24.8,C,,BD-CUACA
2022-09-14,1708,curah_hujan_mm,0.1,mm,,BD-CUACA
2022-09-14,1708,suhu_rata_c,22.3,C,,BD-CUACA
2022-09-14,1709,curah_hujan_mm,0.3,mm,,BD-CUACA
2022-09-14,1709,suhu_rata_c,25.1,C,,BD-CUACA
2022-09-14,1771,curah_hujan_mm,0.1,mm,,BD-CUACA
2022-09-14,1771,suhu_rata_c,26.0,C,,BD-CUACA
2022-09-15,1708,curah_hujan_mm,3.6,mm,,BD-CUACA
2022-09-15,1708,suhu_rata_c,22.7,C,,BD-CUACA
2022-09-15,1709,curah_hujan_mm,1.7,mm,,BD-CUACA
2022-09-15,1709,suhu_rata_c,25.3,C,,BD-CUACA
2022-09-15,1771,curah_hujan_mm,2.2,mm,,BD-CUACA
2022-09-15,1771,suhu_rata_c,26.2,C,,BD-CUACA
2022-09-16,1708,curah_hujan_mm,4.6,mm,,BD-CUACA
2022-09-16,1708,suhu_rata_c,22.0,C,,BD-CUACA
2022-09-16,1709,curah_hujan_mm,1.6,mm,,BD-CUACA
2022-09-16,1709,suhu_rata_c,24.8,C,,BD-CUACA
2022-09-16,1771,curah_hujan_mm,0.8,mm,,BD-CUACA
2022-09-16,1771,suhu_rata_c,26.0,C,,BD-CUACA
2022-09-17,1708,curah_hujan_mm,17.3,mm,,BD-CUACA
2022-09-17,1708,suhu_rata_c,21.6,C,,BD-CUACA
2022-09-17,1709,curah_hujan_mm,16.5,mm,,BD-CUACA
2022-09-17,1709,suhu_rata_c,24.5,C,,BD-CUACA
2022-09-17,1771,curah_hujan_mm,15.0,mm,,BD-CUACA
2022-09-17,1771,suhu_rata_c,25.4,C,,BD-CUACA
2022-09-18,1708,curah_hujan_mm,7.4,mm,,BD-CUACA
2022-09-18,1708,suhu_rata_c,21.6,C,,BD-CUACA
2022-09-18,1709,curah_hujan_mm,26.6,mm,,BD-CUACA
2022-09-18,1709,suhu_rata_c,24.3,C,,BD-CUACA
2022-09-18,1771,curah_hujan_mm,46.2,mm,,BD-CUACA
2022-09-18,1771,suhu_rata_c,24.9,C,,BD-CUACA
2022-09-19,1708,curah_hujan_mm,5.2,mm,,BD-CUACA
2022-09-19,1708,suhu_rata_c,21.1,C,,BD-CUACA
2022-09-19,1709,curah_hujan_mm,3.9,mm,,BD-CUACA
2022-09-19,1709,suhu_rata_c,23.8,C,,BD-CUACA
2022-09-19,1771,curah_hujan_mm,7.6,mm,,BD-CUACA
2022-09-19,1771,suhu_rata_c,24.8,C,,BD-CUACA
2022-09-20,1708,curah_hujan_mm,17.7,mm,,BD-CUACA
2022-09-20,1708,suhu_rata_c,22.2,C,,BD-CUACA
2022-09-20,1709,curah_hujan_mm,21.5,mm,,BD-CUACA
2022-09-20,1709,suhu_rata_c,24.6,C,,BD-CUACA
2022-09-20,1771,curah_hujan_mm,7.0,mm,,BD-CUACA
2022-09-20,1771,suhu_rata_c,25.4,C,,BD-CUACA
2022-09-21,1708,curah_hujan_mm,30.2,mm,,BD-CUACA
2022-09-21,1708,suhu_rata_c,20.8,C,,BD-CUACA
2022-09-21,1709,curah_hujan_mm,37.9,mm,,BD-CUACA
2022-09-21,1709,suhu_rata_c,23.4,C,,BD-CUACA
2022-09-21,1771,curah_hujan_mm,30.3,mm,,BD-CUACA
2022-09-21,1771,suhu_rata_c,24.6,C,,BD-CUACA
2022-09-22,1708,curah_hujan_mm,5.6,mm,,BD-CUACA
2022-09-22,1708,suhu_rata_c,21.7,C,,BD-CUACA
2022-09-22,1709,curah_hujan_mm,12.2,mm,,BD-CUACA
2022-09-22,1709,suhu_rata_c,24.4,C,,BD-CUACA
2022-09-22,1771,curah_hujan_mm,1.9,mm,,BD-CUACA
2022-09-22,1771,suhu_rata_c,25.2,C,,BD-CUACA
2022-09-23,1708,curah_hujan_mm,1.6,mm,,BD-CUACA
2022-09-23,1708,suhu_rata_c,22.3,C,,BD-CUACA
2022-09-23,1709,curah_hujan_mm,5.7,mm,,BD-CUACA
2022-09-23,1709,suhu_rata_c,25.0,C,,BD-CUACA
2022-09-23,1771,curah_hujan_mm,8.5,mm,,BD-CUACA
2022-09-23,1771,suhu_rata_c,25.7,C,,BD-CUACA
2022-09-24,1708,curah_hujan_mm,3.7,mm,,BD-CUACA
2022-09-24,1708,suhu_rata_c,21.2,C,,BD-CUACA
2022-09-24,1709,curah_hujan_mm,16.6,mm,,BD-CUACA
2022-09-24,1709,suhu_rata_c,24.0,C,,BD-CUACA
2022-09-24,1771,curah_hujan_mm,8.3,mm,,BD-CUACA
2022-09-24,1771,suhu_rata_c,24.8,C,,BD-CUACA
2022-09-25,1708,curah_hujan_mm,21.7,mm,,BD-CUACA
2022-09-25,1708,suhu_rata_c,21.5,C,,BD-CUACA
2022-09-25,1709,curah_hujan_mm,7.5,mm,,BD-CUACA
2022-09-25,1709,suhu_rata_c,24.4,C,,BD-CUACA
2022-09-25,1771,curah_hujan_mm,7.5,mm,,BD-CUACA
2022-09-25,1771,suhu_rata_c,25.5,C,,BD-CUACA
2022-09-26,1708,curah_hujan_mm,8.7,mm,,BD-CUACA
2022-09-26,1708,suhu_rata_c,22.1,C,,BD-CUACA
2022-09-26,1709,curah_hujan_mm,1.8,mm,,BD-CUACA
2022-09-26,1709,suhu_rata_c,24.9,C,,BD-CUACA
2022-09-26,1771,curah_hujan_mm,2.1,mm,,BD-CUACA
2022-09-26,1771,suhu_rata_c,25.9,C,,BD-CUACA
2022-09-27,1708,curah_hujan_mm,1.5,mm,,BD-CUACA
2022-09-27,1708,suhu_rata_c,21.9,C,,BD-CUACA
2022-09-27,1709,curah_hujan_mm,1.9,mm,,BD-CUACA
2022-09-27,1709,suhu_rata_c,24.3,C,,BD-CUACA
2022-09-27,1771,curah_hujan_mm,3.7,mm,,BD-CUACA
2022-09-27,1771,suhu_rata_c,26.1,C,,BD-CUACA
2022-09-28,1708,curah_hujan_mm,6.0,mm,,BD-CUACA
2022-09-28,1708,suhu_rata_c,21.2,C,,BD-CUACA
2022-09-28,1709,curah_hujan_mm,12.0,mm,,BD-CUACA
2022-09-28,1709,suhu_rata_c,24.1,C,,BD-CUACA
2022-09-28,1771,curah_hujan_mm,26.1,mm,,BD-CUACA
2022-09-28,1771,suhu_rata_c,24.9,C,,BD-CUACA
2022-09-29,1708,curah_hujan_mm,4.0,mm,,BD-CUACA
2022-09-29,1708,suhu_rata_c,21.9,C,,BD-CUACA
2022-09-29,1709,curah_hujan_mm,8.9,mm,,BD-CUACA
2022-09-29,1709,suhu_rata_c,24.4,C,,BD-CUACA
2022-09-29,1771,curah_hujan_mm,4.3,mm,,BD-CUACA
2022-09-29,1771,suhu_rata_c,25.2,C,,BD-CUACA
2022-09-30,1708,curah_hujan_mm,11.7,mm,,BD-CUACA
2022-09-30,1708,suhu_rata_c,22.2,C,,BD-CUACA
2022-09-30,1709,curah_hujan_mm,19.5,mm,,BD-CUACA
2022-09-30,1709,suhu_rata_c,24.2,C,,BD-CUACA
2022-09-30,1771,curah_hujan_mm,17.4,mm,,BD-CUACA
2022-09-30,1771,suhu_rata_c,25.5,C,,BD-CUACA
2022-10-01,1708,curah_hujan_mm,34.4,mm,,BD-CUACA
2022-10-01,1708,suhu_rata_c,21.6,C,,BD-CUACA
2022-10-01,1709,curah_hujan_mm,34.9,mm,,BD-CUACA
2022-10-01,1709,suhu_rata_c,24.0,C,,BD-CUACA
2022-10-01,1771,curah_hujan_mm,39.1,mm,,BD-CUACA
2022-10-01,1771,suhu_rata_c,24.9,C,,BD-CUACA
2022-10-02,1708,curah_hujan_mm,27.9,mm,,BD-CUACA
2022-10-02,1708,suhu_rata_c,21.7,C,,BD-CUACA
2022-10-02,1709,curah_hujan_mm,36.6,mm,,BD-CUACA
2022-10-02,1709,suhu_rata_c,24.0,C,,BD-CUACA
2022-10-02,1771,curah_hujan_mm,23.7,mm,,BD-CUACA
2022-10-02,1771,suhu_rata_c,24.9,C,,BD-CUACA
2022-10-03,1708,curah_hujan_mm,10.8,mm,,BD-CUACA
2022-10-03,1708,suhu_rata_c,21.7,C,,BD-CUACA
2022-10-03,1709,curah_hujan_mm,8.5,mm,,BD-CUACA
2022-10-03,1709,suhu_rata_c,24.6,C,,BD-CUACA
2022-10-03,1771,curah_hujan_mm,8.4,mm,,BD-CUACA
2022-10-03,1771,suhu_rata_c,25.3,C,,BD-CUACA
2022-10-04,1708,curah_hujan_mm,5.1,mm,,BD-CUACA
2022-10-04,1708,suhu_rata_c,21.4,C,,BD-CUACA
2022-10-04,1709,curah_hujan_mm,15.9,mm,,BD-CUACA
2022-10-04,1709,suhu_rata_c,24.5,C,,BD-CUACA
2022-10-04,1771,curah_hujan_mm,26.2,mm,,BD-CUACA
2022-10-04,1771,suhu_rata_c,25.2,C,,BD-CUACA
2022-10-05,1708,curah_hujan_mm,1.6,mm,,BD-CUACA
2022-10-05,1708,suhu_rata_c,22.1,C,,BD-CUACA
2022-10-05,1709,curah_hujan_mm,1.2,mm,,BD-CUACA
2022-10-05,1709,suhu_rata_c,25.1,C,,BD-CUACA
2022-10-05,1771,curah_hujan_mm,3.6,mm,,BD-CUACA
2022-10-05,1771,suhu_rata_c,25.9,C,,BD-CUACA
2022-10-06,1708,curah_hujan_mm,61.1,mm,,BD-CUACA
2022-10-06,1708,suhu_rata_c,21.3,C,,BD-CUACA
2022-10-06,1709,curah_hujan_mm,28.4,mm,,BD-CUACA
2022-10-06,1709,suhu_rata_c,24.1,C,,BD-CUACA
2022-10-06,1771,curah_hujan_mm,52.9,mm,,BD-CUACA
2022-10-06,1771,suhu_rata_c,25.2,C,,BD-CUACA
2022-10-07,1708,curah_hujan_mm,20.6,mm,,BD-CUACA
2022-10-07,1708,suhu_rata_c,21.2,C,,BD-CUACA
2022-10-07,1709,curah_hujan_mm,18.0,mm,,BD-CUACA
2022-10-07,1709,suhu_rata_c,23.8,C,,BD-CUACA
2022-10-07,1771,curah_hujan_mm,18.9,mm,,BD-CUACA
2022-10-07,1771,suhu_rata_c,25.0,C,,BD-CUACA
2022-10-08,1708,curah_hujan_mm,0.3,mm,,BD-CUACA
2022-10-08,1708,suhu_rata_c,22.3,C,,BD-CUACA
2022-10-08,1709,curah_hujan_mm,0.1,mm,,BD-CUACA
2022-10-08,1709,suhu_rata_c,24.9,C,,BD-CUACA
2022-10-08,1771,curah_hujan_mm,0.2,mm,,BD-CUACA
2022-10-08,1771,suhu_rata_c,25.5,C,,BD-CUACA
2022-10-09,1708,curah_hujan_mm,0.5,mm,,BD-CUACA
2022-10-09,1708,suhu_rata_c,22.2,C,,BD-CUACA
2022-10-09,1709,curah_hujan_mm,0.3,mm,,BD-CUACA
2022-10-09,1709,suhu_rata_c,24.9,C,,BD-CUACA
2022-10-09,1771,curah_hujan_mm,2.2,mm,,BD-CUACA
2022-10-09,1771,suhu_rata_c,25.8,C,,BD-CUACA
2022-10-10,1708,curah_hujan_mm,9.6,mm,,BD-CUACA
2022-10-10,1708,suhu_rata_c,21.9,C,,BD-CUACA
2022-10-10,1709,curah_hujan_mm,17.7,mm,,BD-CUACA
2022-10-10,1709,suhu_rata_c,24.8,C,,BD-CUACA
2022-10-10,1771,curah_hujan_mm,2.7,mm,,BD-CUACA
2022-10-10,1771,suhu_rata_c,25.8,C,,BD-CUACA
2022-10-11,1708,curah_hujan_mm,11.6,mm,,BD-CUACA
2022-10-11,1708,suhu_rata_c,20.9,C,,BD-CUACA
2022-10-11,1709,curah_hujan_mm,22.7,mm,,BD-CUACA
2022-10-11,1709,suhu_rata_c,23.5,C,,BD-CUACA
2022-10-11,1771,curah_hujan_mm,20.4,mm,,BD-CUACA
2022-10-11,1771,suhu_rata_c,24.4,C,,BD-CUACA
2022-10-12,1708,curah_hujan_mm,19.5,mm,,BD-CUACA
2022-10-12,1708,suhu_rata_c,21.2,C,,BD-CUACA
2022-10-12,1709,curah_hujan_mm,17.3,mm,,BD-CUACA
2022-10-12,1709,suhu_rata_c,23.7,C,,BD-CUACA
2022-10-12,1771,curah_hujan_mm,21.6,mm,,BD-CUACA
2022-10-12,1771,suhu_rata_c,24.6,C,,BD-CUACA
2022-10-13,1708,curah_hujan_mm,14.4,mm,,BD-CUACA
2022-10-13,1708,suhu_rata_c,21.1,C,,BD-CUACA
2022-10-13,1709,curah_hujan_mm,16.9,mm,,BD-CUACA
2022-10-13,1709,suhu_rata_c,23.9,C,,BD-CUACA
2022-10-13,1771,curah_hujan_mm,14.4,mm,,BD-CUACA
2022-10-13,1771,suhu_rata_c,24.6,C,,BD-CUACA
2022-10-14,1708,curah_hujan_mm,11.2,mm,,BD-CUACA
2022-10-14,1708,suhu_rata_c,21.2,C,,BD-CUACA
2022-10-14,1709,curah_hujan_mm,11.1,mm,,BD-CUACA
2022-10-14,1709,suhu_rata_c,24.1,C,,BD-CUACA
2022-10-14,1771,curah_hujan_mm,16.8,mm,,BD-CUACA
2022-10-14,1771,suhu_rata_c,24.9,C,,BD-CUACA
2022-10-15,1708,curah_hujan_mm,2.9,mm,,BD-CUACA
2022-10-15,1708,suhu_rata_c,21.3,C,,BD-CUACA
2022-10-15,1709,curah_hujan_mm,9.5,mm,,BD-CUACA
2022-10-15,1709,suhu_rata_c,24.1,C,,BD-CUACA
2022-10-15,1771,curah_hujan_mm,11.1,mm,,BD-CUACA
2022-10-15,1771,suhu_rata_c,25.2,C,,BD-CUACA
2022-10-16,1708,curah_hujan_mm,24.0,mm,,BD-CUACA
2022-10-16,1708,suhu_rata_c,21.6,C,,BD-CUACA
2022-10-16,1709,curah_hujan_mm,34.2,mm,,BD-CUACA
2022-10-16,1709,suhu_rata_c,24.6,C,,BD-CUACA
2022-10-16,1771,curah_hujan_mm,5.0,mm,,BD-CUACA
2022-10-16,1771,suhu_rata_c,25.4,C,,BD-CUACA
2022-10-17,1708,curah_hujan_mm,7.0,mm,,BD-CUACA
2022-10-17,1708,suhu_rata_c,21.5,C,,BD-CUACA
2022-10-17,1709,curah_hujan_mm,11.8,mm,,BD-CUACA
2022-10-17,1709,suhu_rata_c,24.4,C,,BD-CUACA
2022-10-17,1771,curah_hujan_mm,17.0,mm,,BD-CUACA
2022-10-17,1771,suhu_rata_c,25.1,C,,BD-CUACA
2022-10-18,1708,curah_hujan_mm,10.5,mm,,BD-CUACA
2022-10-18,1708,suhu_rata_c,21.5,C,,BD-CUACA
2022-10-18,1709,curah_hujan_mm,22.4,mm,,BD-CUACA
2022-10-18,1709,suhu_rata_c,24.5,C,,BD-CUACA
2022-10-18,1771,curah_hujan_mm,17.8,mm,,BD-CUACA
2022-10-18,1771,suhu_rata_c,25.3,C,,BD-CUACA
2022-10-19,1708,curah_hujan_mm,7.4,mm,,BD-CUACA
2022-10-19,1708,suhu_rata_c,21.2,C,,BD-CUACA
2022-10-19,1709,curah_hujan_mm,16.6,mm,,BD-CUACA
2022-10-19,1709,suhu_rata_c,24.1,C,,BD-CUACA
2022-10-19,1771,curah_hujan_mm,13.3,mm,,BD-CUACA
2022-10-19,1771,suhu_rata_c,25.2,C,,BD-CUACA
2022-10-20,1708,curah_hujan_mm,1.1,mm,,BD-CUACA
2022-10-20,1708,suhu_rata_c,21.5,C,,BD-CUACA
2022-10-20,1709,curah_hujan_mm,19.0,mm,,BD-CUACA
2022-10-20,1709,suhu_rata_c,24.9,C,,BD-CUACA
2022-10-20,1771,curah_hujan_mm,0.6,mm,,BD-CUACA
2022-10-20,1771,suhu_rata_c,26.1,C,,BD-CUACA
2022-10-21,1708,curah_hujan_mm,3.8,mm,,BD-CUACA
2022-10-21,1708,suhu_rata_c,21.1,C,,BD-CUACA
2022-10-21,1709,curah_hujan_mm,13.0,mm,,BD-CUACA
2022-10-21,1709,suhu_rata_c,23.9,C,,BD-CUACA
2022-10-21,1771,curah_hujan_mm,7.4,mm,,BD-CUACA
2022-10-21,1771,suhu_rata_c,25.5,C,,BD-CUACA
2022-10-22,1708,curah_hujan_mm,25.6,mm,,BD-CUACA
2022-10-22,1708,suhu_rata_c,22.0,C,,BD-CUACA
2022-10-22,1709,curah_hujan_mm,19.3,mm,,BD-CUACA
2022-10-22,1709,suhu_rata_c,24.8,C,,BD-CUACA
2022-10-22,1771,curah_hujan_mm,3.3,mm,,BD-CUACA
2022-10-22,1771,suhu_rata_c,25.6,C,,BD-CUACA
2022-10-23,1708,curah_hujan_mm,33.7,mm,,BD-CUACA
2022-10-23,1708,suhu_rata_c,21.7,C,,BD-CUACA
2022-10-23,1709,curah_hujan_mm,10.0,mm,,BD-CUACA
2022-10-23,1709,suhu_rata_c,24.6,C,,BD-CUACA
2022-10-23,1771,curah_hujan_mm,20.1,mm,,BD-CUACA
2022-10-23,1771,suhu_rata_c,25.5,C,,BD-CUACA
2022-10-24,1708,curah_hujan_mm,29.1,mm,,BD-CUACA
2022-10-24,1708,suhu_rata_c,21.7,C,,BD-CUACA
2022-10-24,1709,curah_hujan_mm,16.8,mm,,BD-CUACA
2022-10-24,1709,suhu_rata_c,24.4,C,,BD-CUACA
2022-10-24,1771,curah_hujan_mm,18.5,mm,,BD-CUACA
2022-10-24,1771,suhu_rata_c,25.3,C,,BD-CUACA
2022-10-25,1708,curah_hujan_mm,10.4,mm,,BD-CUACA
2022-10-25,1708,suhu_rata_c,21.3,C,,BD-CUACA
2022-10-25,1709,curah_hujan_mm,15.3,mm,,BD-CUACA
2022-10-25,1709,suhu_rata_c,23.9,C,,BD-CUACA
2022-10-25,1771,curah_hujan_mm,28.3,mm,,BD-CUACA
2022-10-25,1771,suhu_rata_c,24.7,C,,BD-CUACA
2022-10-26,1708,curah_hujan_mm,21.9,mm,,BD-CUACA
2022-10-26,1708,suhu_rata_c,21.1,C,,BD-CUACA
2022-10-26,1709,curah_hujan_mm,53.9,mm,,BD-CUACA
2022-10-26,1709,suhu_rata_c,23.8,C,,BD-CUACA
2022-10-26,1771,curah_hujan_mm,37.2,mm,,BD-CUACA
2022-10-26,1771,suhu_rata_c,24.7,C,,BD-CUACA
2022-10-27,1708,curah_hujan_mm,18.4,mm,,BD-CUACA
2022-10-27,1708,suhu_rata_c,20.8,C,,BD-CUACA
2022-10-27,1709,curah_hujan_mm,30.6,mm,,BD-CUACA
2022-10-27,1709,suhu_rata_c,23.6,C,,BD-CUACA
2022-10-27,1771,curah_hujan_mm,30.7,mm,,BD-CUACA
2022-10-27,1771,suhu_rata_c,24.6,C,,BD-CUACA
2022-10-28,1708,curah_hujan_mm,9.9,mm,,BD-CUACA
2022-10-28,1708,suhu_rata_c,20.6,C,,BD-CUACA
2022-10-28,1709,curah_hujan_mm,9.0,mm,,BD-CUACA
2022-10-28,1709,suhu_rata_c,23.6,C,,BD-CUACA
2022-10-28,1771,curah_hujan_mm,15.6,mm,,BD-CUACA
2022-10-28,1771,suhu_rata_c,24.4,C,,BD-CUACA
2022-10-29,1708,curah_hujan_mm,5.2,mm,,BD-CUACA
2022-10-29,1708,suhu_rata_c,21.4,C,,BD-CUACA
2022-10-29,1709,curah_hujan_mm,4.1,mm,,BD-CUACA
2022-10-29,1709,suhu_rata_c,24.9,C,,BD-CUACA
2022-10-29,1771,curah_hujan_mm,2.0,mm,,BD-CUACA
2022-10-29,1771,suhu_rata_c,25.7,C,,BD-CUACA
2022-10-30,1708,curah_hujan_mm,6.5,mm,,BD-CUACA
2022-10-30,1708,suhu_rata_c,21.7,C,,BD-CUACA
2022-10-30,1709,curah_hujan_mm,1.5,mm,,BD-CUACA
2022-10-30,1709,suhu_rata_c,24.9,C,,BD-CUACA
2022-10-30,1771,curah_hujan_mm,2.0,mm,,BD-CUACA
2022-10-30,1771,suhu_rata_c,25.9,C,,BD-CUACA
2022-10-31,1708,curah_hujan_mm,0.4,mm,,BD-CUACA
2022-10-31,1708,suhu_rata_c,22.4,C,,BD-CUACA
2022-10-31,1709,curah_hujan_mm,0.5,mm,,BD-CUACA
2022-10-31,1709,suhu_rata_c,25.5,C,,BD-CUACA
2022-10-31,1771,curah_hujan_mm,0.7,mm,,BD-CUACA
2022-10-31,1771,suhu_rata_c,26.0,C,,BD-CUACA
2022-11-01,1708,curah_hujan_mm,4.8,mm,,BD-CUACA
2022-11-01,1708,suhu_rata_c,21.6,C,,BD-CUACA
2022-11-01,1709,curah_hujan_mm,1.3,mm,,BD-CUACA
2022-11-01,1709,suhu_rata_c,24.6,C,,BD-CUACA
2022-11-01,1771,curah_hujan_mm,2.9,mm,,BD-CUACA
2022-11-01,1771,suhu_rata_c,25.6,C,,BD-CUACA
2022-11-02,1708,curah_hujan_mm,0.7,mm,,BD-CUACA
2022-11-02,1708,suhu_rata_c,22.8,C,,BD-CUACA
2022-11-02,1709,curah_hujan_mm,0.4,mm,,BD-CUACA
2022-11-02,1709,suhu_rata_c,26.1,C,,BD-CUACA
2022-11-02,1771,curah_hujan_mm,0.5,mm,,BD-CUACA
2022-11-02,1771,suhu_rata_c,26.8,C,,BD-CUACA
2022-11-03,1708,curah_hujan_mm,2.3,mm,,BD-CUACA
2022-11-03,1708,suhu_rata_c,22.3,C,,BD-CUACA
2022-11-03,1709,curah_hujan_mm,1.9,mm,,BD-CUACA
2022-11-03,1709,suhu_rata_c,25.5,C,,BD-CUACA
2022-11-03,1771,curah_hujan_mm,3.8,mm,,BD-CUACA
2022-11-03,1771,suhu_rata_c,26.2,C,,BD-CUACA
2022-11-04,1708,curah_hujan_mm,25.2,mm,,BD-CUACA
2022-11-04,1708,suhu_rata_c,21.6,C,,BD-CUACA
2022-11-04,1709,curah_hujan_mm,30.2,mm,,BD-CUACA
2022-11-04,1709,suhu_rata_c,24.4,C,,BD-CUACA
2022-11-04,1771,curah_hujan_mm,24.2,mm,,BD-CUACA
2022-11-04,1771,suhu_rata_c,25.5,C,,BD-CUACA
2022-11-05,1708,curah_hujan_mm,4.5,mm,,BD-CUACA
2022-11-05,1708,suhu_rata_c,21.6,C,,BD-CUACA
2022-11-05,1709,curah_hujan_mm,20.4,mm,,BD-CUACA
2022-11-05,1709,suhu_rata_c,24.2,C,,BD-CUACA
2022-11-05,1771,curah_hujan_mm,15.9,mm,,BD-CUACA
2022-11-05,1771,suhu_rata_c,25.3,C,,BD-CUACA
2022-11-06,1708,curah_hujan_mm,12.7,mm,,BD-CUACA
2022-11-06,1708,suhu_rata_c,21.8,C,,BD-CUACA
2022-11-06,1709,curah_hujan_mm,12.8,mm,,BD-CUACA
2022-11-06,1709,suhu_rata_c,24.7,C,,BD-CUACA
2022-11-06,1771,curah_hujan_mm,10.5,mm,,BD-CUACA
2022-11-06,1771,suhu_rata_c,25.5,C,,BD-CUACA
2022-11-07,1708,curah_hujan_mm,19.5,mm,,BD-CUACA
2022-11-07,1708,suhu_rata_c,21.1,C,,BD-CUACA
2022-11-07,1709,curah_hujan_mm,15.7,mm,,BD-CUACA
2022-11-07,1709,suhu_rata_c,24.2,C,,BD-CUACA
2022-11-07,1771,curah_hujan_mm,20.7,mm,,BD-CUACA
2022-11-07,1771,suhu_rata_c,25.0,C,,BD-CUACA
2022-11-08,1708,curah_hujan_mm,13.0,mm,,BD-CUACA
2022-11-08,1708,suhu_rata_c,21.5,C,,BD-CUACA
2022-11-08,1709,curah_hujan_mm,18.3,mm,,BD-CUACA
2022-11-08,1709,suhu_rata_c,24.5,C,,BD-CUACA
2022-11-08,1771,curah_hujan_mm,21.2,mm,,BD-CUACA
2022-11-08,1771,suhu_rata_c,25.5,C,,BD-CUACA
2022-11-09,1708,curah_hujan_mm,31.6,mm,,BD-CUACA
2022-11-09,1708,suhu_rata_c,21.5,C,,BD-CUACA
2022-11-09,1709,curah_hujan_mm,21.4,mm,,BD-CUACA
2022-11-09,1709,suhu_rata_c,24.1,C,,BD-CUACA
2022-11-09,1771,curah_hujan_mm,26.3,mm,,BD-CUACA
2022-11-09,1771,suhu_rata_c,25.0,C,,BD-CUACA
2022-11-10,1708,curah_hujan_mm,22.1,mm,,BD-CUACA
2022-11-10,1708,suhu_rata_c,21.1,C,,BD-CUACA
2022-11-10,1709,curah_hujan_mm,22.8,mm,,BD-CUACA
2022-11-10,1709,suhu_rata_c,23.7,C,,BD-CUACA
2022-11-10,1771,curah_hujan_mm,46.1,mm,,BD-CUACA
2022-11-10,1771,suhu_rata_c,24.4,C,,BD-CUACA
2022-11-11,1708,curah_hujan_mm,16.4,mm,,BD-CUACA
2022-11-11,1708,suhu_rata_c,21.1,C,,BD-CUACA
2022-11-11,1709,curah_hujan_mm,27.9,mm,,BD-CUACA
2022-11-11,1709,suhu_rata_c,24.0,C,,BD-CUACA
2022-11-11,1771,curah_hujan_mm,31.8,mm,,BD-CUACA
2022-11-11,1771,suhu_rata_c,24.8,C,,BD-CUACA
2022-11-12,1708,curah_hujan_mm,11.0,mm,,BD-CUACA
2022-11-12,1708,suhu_rata_c,21.2,C,,BD-CUACA
2022-11-12,1709,curah_hujan_mm,34.4,mm,,BD-CUACA
2022-11-12,1709,suhu_rata_c,24.2,C,,BD-CUACA
2022-11-12,1771,curah_hujan_mm,30.1,mm,,BD-CUACA
2022-11-12,1771,suhu_rata_c,25.0,C,,BD-CUACA
2022-11-13,1708,curah_hujan_mm,37.8,mm,,BD-CUACA
2022-11-13,1708,suhu_rata_c,20.8,C,,BD-CUACA
2022-11-13,1709,curah_hujan_mm,46.4,mm,,BD-CUACA
2022-11-13,1709,suhu_rata_c,23.3,C,,BD-CUACA
2022-11-13,1771,curah_hujan_mm,47.2,mm,,BD-CUACA
2022-11-13,1771,suhu_rata_c,24.1,C,,BD-CUACA
2022-11-14,1708,curah_hujan_mm,32.4,mm,,BD-CUACA
2022-11-14,1708,suhu_rata_c,20.7,C,,BD-CUACA
2022-11-14,1709,curah_hujan_mm,45.5,mm,,BD-CUACA
2022-11-14,1709,suhu_rata_c,23.3,C,,BD-CUACA
2022-11-14,1771,curah_hujan_mm,39.4,mm,,BD-CUACA
2022-11-14,1771,suhu_rata_c,24.5,C,,BD-CUACA
2022-11-15,1708,curah_hujan_mm,1.8,mm,,BD-CUACA
2022-11-15,1708,suhu_rata_c,21.9,C,,BD-CUACA
2022-11-15,1709,curah_hujan_mm,1.8,mm,,BD-CUACA
2022-11-15,1709,suhu_rata_c,24.8,C,,BD-CUACA
2022-11-15,1771,curah_hujan_mm,2.0,mm,,BD-CUACA
2022-11-15,1771,suhu_rata_c,25.7,C,,BD-CUACA
2022-11-16,1708,curah_hujan_mm,14.8,mm,,BD-CUACA
2022-11-16,1708,suhu_rata_c,21.7,C,,BD-CUACA
2022-11-16,1709,curah_hujan_mm,6.4,mm,,BD-CUACA
2022-11-16,1709,suhu_rata_c,24.8,C,,BD-CUACA
2022-11-16,1771,curah_hujan_mm,16.6,mm,,BD-CUACA
2022-11-16,1771,suhu_rata_c,25.9,C,,BD-CUACA
2022-11-17,1708,curah_hujan_mm,10.6,mm,,BD-CUACA
2022-11-17,1708,suhu_rata_c,20.5,C,,BD-CUACA
2022-11-17,1709,curah_hujan_mm,22.4,mm,,BD-CUACA
2022-11-17,1709,suhu_rata_c,23.4,C,,BD-CUACA
2022-11-17,1771,curah_hujan_mm,27.0,mm,,BD-CUACA
2022-11-17,1771,suhu_rata_c,24.4,C,,BD-CUACA
2022-11-18,1708,curah_hujan_mm,10.9,mm,,BD-CUACA
2022-11-18,1708,suhu_rata_c,21.3,C,,BD-CUACA
2022-11-18,1709,curah_hujan_mm,15.6,mm,,BD-CUACA
2022-11-18,1709,suhu_rata_c,24.5,C,,BD-CUACA
2022-11-18,1771,curah_hujan_mm,11.1,mm,,BD-CUACA
2022-11-18,1771,suhu_rata_c,25.8,C,,BD-CUACA
2022-11-19,1708,curah_hujan_mm,9.6,mm,,BD-CUACA
2022-11-19,1708,suhu_rata_c,21.2,C,,BD-CUACA
2022-11-19,1709,curah_hujan_mm,48.6,mm,,BD-CUACA
2022-11-19,1709,suhu_rata_c,23.9,C,,BD-CUACA
2022-11-19,1771,curah_hujan_mm,20.4,mm,,BD-CUACA
2022-11-19,1771,suhu_rata_c,25.3,C,,BD-CUACA
2022-11-20,1708,curah_hujan_mm,10.1,mm,,BD-CUACA
2022-11-20,1708,suhu_rata_c,21.0,C,,BD-CUACA
2022-11-20,1709,curah_hujan_mm,12.4,mm,,BD-CUACA
2022-11-20,1709,suhu_rata_c,23.9,C,,BD-CUACA
2022-11-20,1771,curah_hujan_mm,18.3,mm,,BD-CUACA
2022-11-20,1771,suhu_rata_c,25.1,C,,BD-CUACA
2022-11-21,1708,curah_hujan_mm,6.2,mm,,BD-CUACA
2022-11-21,1708,suhu_rata_c,21.2,C,,BD-CUACA
2022-11-21,1709,curah_hujan_mm,8.5,mm,,BD-CUACA
2022-11-21,1709,suhu_rata_c,24.4,C,,BD-CUACA
2022-11-21,1771,curah_hujan_mm,22.2,mm,,BD-CUACA
2022-11-21,1771,suhu_rata_c,25.3,C,,BD-CUACA
2022-11-22,1708,curah_hujan_mm,9.8,mm,,BD-CUACA
2022-11-22,1708,suhu_rata_c,21.7,C,,BD-CUACA
2022-11-22,1709,curah_hujan_mm,26.3,mm,,BD-CUACA
2022-11-22,1709,suhu_rata_c,24.2,C,,BD-CUACA
2022-11-22,1771,curah_hujan_mm,13.0,mm,,BD-CUACA
2022-11-22,1771,suhu_rata_c,25.3,C,,BD-CUACA
2022-11-23,1708,curah_hujan_mm,16.3,mm,,BD-CUACA
2022-11-23,1708,suhu_rata_c,20.7,C,,BD-CUACA
2022-11-23,1709,curah_hujan_mm,17.8,mm,,BD-CUACA
2022-11-23,1709,suhu_rata_c,23.4,C,,BD-CUACA
2022-11-23,1771,curah_hujan_mm,16.0,mm,,BD-CUACA
2022-11-23,1771,suhu_rata_c,24.7,C,,BD-CUACA
2022-11-24,1708,curah_hujan_mm,9.8,mm,,BD-CUACA
2022-11-24,1708,suhu_rata_c,21.2,C,,BD-CUACA
2022-11-24,1709,curah_hujan_mm,24.0,mm,,BD-CUACA
2022-11-24,1709,suhu_rata_c,23.9,C,,BD-CUACA
2022-11-24,1771,curah_hujan_mm,16.9,mm,,BD-CUACA
2022-11-24,1771,suhu_rata_c,25.3,C,,BD-CUACA
2022-11-25,1708,curah_hujan_mm,11.9,mm,,BD-CUACA
2022-11-25,1708,suhu_rata_c,21.1,C,,BD-CUACA
2022-11-25,1709,curah_hujan_mm,17.5,mm,,BD-CUACA
2022-11-25,1709,suhu_rata_c,23.7,C,,BD-CUACA
2022-11-25,1771,curah_hujan_mm,14.7,mm,,BD-CUACA
2022-11-25,1771,suhu_rata_c,24.8,C,,BD-CUACA
2022-11-26,1708,curah_hujan_mm,3.4,mm,,BD-CUACA
2022-11-26,1708,suhu_rata_c,21.8,C,,BD-CUACA
2022-11-26,1709,curah_hujan_mm,4.0,mm,,BD-CUACA
2022-11-26,1709,suhu_rata_c,24.9,C,,BD-CUACA
2022-11-26,1771,curah_hujan_mm,7.8,mm,,BD-CUACA
2022-11-26,1771,suhu_rata_c,25.7,C,,BD-CUACA
2022-11-27,1708,curah_hujan_mm,2.7,mm,,BD-CUACA
2022-11-27,1708,suhu_rata_c,22.4,C,,BD-CUACA
2022-11-27,1709,curah_hujan_mm,4.3,mm,,BD-CUACA
2022-11-27,1709,suhu_rata_c,25.3,C,,BD-CUACA
2022-11-27,1771,curah_hujan_mm,14.9,mm,,BD-CUACA
2022-11-27,1771,suhu_rata_c,25.5,C,,BD-CUACA
2022-11-28,1708,curah_hujan_mm,4.7,mm,,BD-CUACA
2022-11-28,1708,suhu_rata_c,21.9,C,,BD-CUACA
2022-11-28,1709,curah_hujan_mm,7.5,mm,,BD-CUACA
2022-11-28,1709,suhu_rata_c,24.8,C,,BD-CUACA
2022-11-28,1771,curah_hujan_mm,0.9,mm,,BD-CUACA
2022-11-28,1771,suhu_rata_c,26.1,C,,BD-CUACA
2022-11-29,1708,curah_hujan_mm,7.8,mm,,BD-CUACA
2022-11-29,1708,suhu_rata_c,21.6,C,,BD-CUACA
2022-11-29,1709,curah_hujan_mm,8.2,mm,,BD-CUACA
2022-11-29,1709,suhu_rata_c,24.2,C,,BD-CUACA
2022-11-29,1771,curah_hujan_mm,6.9,mm,,BD-CUACA
2022-11-29,1771,suhu_rata_c,25.4,C,,BD-CUACA
2022-11-30,1708,curah_hujan_mm,5.9,mm,,BD-CUACA
2022-11-30,1708,suhu_rata_c,21.6,C,,BD-CUACA
2022-11-30,1709,curah_hujan_mm,8.1,mm,,BD-CUACA
2022-11-30,1709,suhu_rata_c,24.5,C,,BD-CUACA
2022-11-30,1771,curah_hujan_mm,1.5,mm,,BD-CUACA
2022-11-30,1771,suhu_rata_c,25.7,C,,BD-CUACA
2022-12-01,1708,curah_hujan_mm,3.7,mm,,BD-CUACA
2022-12-01,1708,suhu_rata_c,21.2,C,,BD-CUACA
2022-12-01,1709,curah_hujan_mm,6.3,mm,,BD-CUACA
2022-12-01,1709,suhu_rata_c,24.6,C,,BD-CUACA
2022-12-01,1771,curah_hujan_mm,10.1,mm,,BD-CUACA
2022-12-01,1771,suhu_rata_c,25.9,C,,BD-CUACA
2022-12-02,1708,curah_hujan_mm,20.5,mm,,BD-CUACA
2022-12-02,1708,suhu_rata_c,20.3,C,,BD-CUACA
2022-12-02,1709,curah_hujan_mm,44.1,mm,,BD-CUACA
2022-12-02,1709,suhu_rata_c,22.6,C,,BD-CUACA
2022-12-02,1771,curah_hujan_mm,66.4,mm,,BD-CUACA
2022-12-02,1771,suhu_rata_c,23.7,C,,BD-CUACA
2022-12-03,1708,curah_hujan_mm,9.9,mm,,BD-CUACA
2022-12-03,1708,suhu_rata_c,20.4,C,,BD-CUACA
2022-12-03,1709,curah_hujan_mm,13.1,mm,,BD-CUACA
2022-12-03,1709,suhu_rata_c,23.0,C,,BD-CUACA
2022-12-03,1771,curah_hujan_mm,14.9,mm,,BD-CUACA
2022-12-03,1771,suhu_rata_c,23.9,C,,BD-CUACA
2022-12-04,1708,curah_hujan_mm,2.6,mm,,BD-CUACA
2022-12-04,1708,suhu_rata_c,21.0,C,,BD-CUACA
2022-12-04,1709,curah_hujan_mm,1.2,mm,,BD-CUACA
2022-12-04,1709,suhu_rata_c,24.2,C,,BD-CUACA
2022-12-04,1771,curah_hujan_mm,1.4,mm,,BD-CUACA
2022-12-04,1771,suhu_rata_c,25.1,C,,BD-CUACA
2022-12-05,1708,curah_hujan_mm,15.8,mm,,BD-CUACA
2022-12-05,1708,suhu_rata_c,21.6,C,,BD-CUACA
2022-12-05,1709,curah_hujan_mm,8.0,mm,,BD-CUACA
2022-12-05,1709,suhu_rata_c,24.4,C,,BD-CUACA
2022-12-05,1771,curah_hujan_mm,11.1,mm,,BD-CUACA
2022-12-05,1771,suhu_rata_c,25.3,C,,BD-CUACA
2022-12-06,1708,curah_hujan_mm,30.7,mm,,BD-CUACA
2022-12-06,1708,suhu_rata_c,21.5,C,,BD-CUACA
2022-12-06,1709,curah_hujan_mm,5.7,mm,,BD-CUACA
2022-12-06,1709,suhu_rata_c,24.7,C,,BD-CUACA
2022-12-06,1771,curah_hujan_mm,23.2,mm,,BD-CUACA
2022-12-06,1771,suhu_rata_c,25.3,C,,BD-CUACA
2022-12-07,1708,curah_hujan_mm,26.8,mm,,BD-CUACA
2022-12-07,1708,suhu_rata_c,21.1,C,,BD-CUACA
2022-12-07,1709,curah_hujan_mm,13.0,mm,,BD-CUACA
2022-12-07,1709,suhu_rata_c,24.0,C,,BD-CUACA
2022-12-07,1771,curah_hujan_mm,8.9,mm,,BD-CUACA
2022-12-07,1771,suhu_rata_c,25.1,C,,BD-CUACA
2022-12-08,1708,curah_hujan_mm,8.6,mm,,BD-CUACA
2022-12-08,1708,suhu_rata_c,21.1,C,,BD-CUACA
2022-12-08,1709,curah_hujan_mm,13.0,mm,,BD-CUACA
2022-12-08,1709,suhu_rata_c,24.2,C,,BD-CUACA
2022-12-08,1771,curah_hujan_mm,18.9,mm,,BD-CUACA
2022-12-08,1771,suhu_rata_c,25.2,C,,BD-CUACA
2022-12-09,1708,curah_hujan_mm,7.8,mm,,BD-CUACA
2022-12-09,1708,suhu_rata_c,20.9,C,,BD-CUACA
2022-12-09,1709,curah_hujan_mm,5.3,mm,,BD-CUACA
2022-12-09,1709,suhu_rata_c,24.1,C,,BD-CUACA
2022-12-09,1771,curah_hujan_mm,3.2,mm,,BD-CUACA
2022-12-09,1771,suhu_rata_c,25.4,C,,BD-CUACA
2022-12-10,1708,curah_hujan_mm,10.1,mm,,BD-CUACA
2022-12-10,1708,suhu_rata_c,21.4,C,,BD-CUACA
2022-12-10,1709,curah_hujan_mm,15.3,mm,,BD-CUACA
2022-12-10,1709,suhu_rata_c,24.3,C,,BD-CUACA
2022-12-10,1771,curah_hujan_mm,16.9,mm,,BD-CUACA
2022-12-10,1771,suhu_rata_c,25.4,C,,BD-CUACA
2022-12-11,1708,curah_hujan_mm,26.8,mm,,BD-CUACA
2022-12-11,1708,suhu_rata_c,20.3,C,,BD-CUACA
2022-12-11,1709,curah_hujan_mm,21.7,mm,,BD-CUACA
2022-12-11,1709,suhu_rata_c,22.9,C,,BD-CUACA
2022-12-11,1771,curah_hujan_mm,18.0,mm,,BD-CUACA
2022-12-11,1771,suhu_rata_c,24.4,C,,BD-CUACA
2022-12-12,1708,curah_hujan_mm,10.1,mm,,BD-CUACA
2022-12-12,1708,suhu_rata_c,20.8,C,,BD-CUACA
2022-12-12,1709,curah_hujan_mm,25.1,mm,,BD-CUACA
2022-12-12,1709,suhu_rata_c,23.9,C,,BD-CUACA
2022-12-12,1771,curah_hujan_mm,13.9,mm,,BD-CUACA
2022-12-12,1771,suhu_rata_c,25.2,C,,BD-CUACA
2022-12-13,1708,curah_hujan_mm,6.3,mm,,BD-CUACA
2022-12-13,1708,suhu_rata_c,20.7,C,,BD-CUACA
2022-12-13,1709,curah_hujan_mm,6.8,mm,,BD-CUACA
2022-12-13,1709,suhu_rata_c,23.4,C,,BD-CUACA
2022-12-13,1771,curah_hujan_mm,15.1,mm,,BD-CUACA
2022-12-13,1771,suhu_rata_c,24.5,C,,BD-CUACA
2022-12-14,1708,curah_hujan_mm,6.0,mm,,BD-CUACA
2022-12-14,1708,suhu_rata_c,21.3,C,,BD-CUACA
2022-12-14,1709,curah_hujan_mm,2.0,mm,,BD-CUACA
2022-12-14,1709,suhu_rata_c,24.7,C,,BD-CUACA
2022-12-14,1771,curah_hujan_mm,4.9,mm,,BD-CUACA
2022-12-14,1771,suhu_rata_c,25.6,C,,BD-CUACA
2022-12-15,1708,curah_hujan_mm,0.1,mm,,BD-CUACA
2022-12-15,1708,suhu_rata_c,21.8,C,,BD-CUACA
2022-12-15,1709,curah_hujan_mm,0.0,mm,,BD-CUACA
2022-12-15,1709,suhu_rata_c,25.1,C,,BD-CUACA
2022-12-15,1771,curah_hujan_mm,0.0,mm,,BD-CUACA
2022-12-15,1771,suhu_rata_c,25.9,C,,BD-CUACA
2022-12-16,1708,curah_hujan_mm,2.7,mm,,BD-CUACA
2022-12-16,1708,suhu_rata_c,23.0,C,,BD-CUACA
2022-12-16,1709,curah_hujan_mm,0.7,mm,,BD-CUACA
2022-12-16,1709,suhu_rata_c,26.3,C,,BD-CUACA
2022-12-16,1771,curah_hujan_mm,1.5,mm,,BD-CUACA
2022-12-16,1771,suhu_rata_c,26.8,C,,BD-CUACA
2022-12-17,1708,curah_hujan_mm,2.2,mm,,BD-CUACA
2022-12-17,1708,suhu_rata_c,22.5,C,,BD-CUACA
2022-12-17,1709,curah_hujan_mm,1.1,mm,,BD-CUACA
2022-12-17,1709,suhu_rata_c,26.1,C,,BD-CUACA
2022-12-17,1771,curah_hujan_mm,0.6,mm,,BD-CUACA
2022-12-17,1771,suhu_rata_c,26.8,C,,BD-CUACA
2022-12-18,1708,curah_hujan_mm,0.4,mm,,BD-CUACA
2022-12-18,1708,suhu_rata_c,22.5,C,,BD-CUACA
2022-12-18,1709,curah_hujan_mm,1.7,mm,,BD-CUACA
2022-12-18,1709,suhu_rata_c,25.7,C,,BD-CUACA
2022-12-18,1771,curah_hujan_mm,0.4,mm,,BD-CUACA
2022-12-18,1771,suhu_rata_c,26.6,C,,BD-CUACA
2022-12-19,1708,curah_hujan_mm,4.5,mm,,BD-CUACA
2022-12-19,1708,suhu_rata_c,23.0,C,,BD-CUACA
2022-12-19,1709,curah_hujan_mm,0.0,mm,,BD-CUACA
2022-12-19,1709,suhu_rata_c,26.3,C,,BD-CUACA
2022-12-19,1771,curah_hujan_mm,0.0,mm,,BD-CUACA
2022-12-19,1771,suhu_rata_c,26.7,C,,BD-CUACA
2022-12-20,1708,curah_hujan_mm,6.8,mm,,BD-CUACA
2022-12-20,1708,suhu_rata_c,22.9,C,,BD-CUACA
2022-12-20,1709,curah_hujan_mm,11.3,mm,,BD-CUACA
2022-12-20,1709,suhu_rata_c,26.0,C,,BD-CUACA
2022-12-20,1771,curah_hujan_mm,4.2,mm,,BD-CUACA
2022-12-20,1771,suhu_rata_c,26.8,C,,BD-CUACA
2022-12-21,1708,curah_hujan_mm,9.3,mm,,BD-CUACA
2022-12-21,1708,suhu_rata_c,22.2,C,,BD-CUACA
2022-12-21,1709,curah_hujan_mm,11.7,mm,,BD-CUACA
2022-12-21,1709,suhu_rata_c,25.4,C,,BD-CUACA
2022-12-21,1771,curah_hujan_mm,8.2,mm,,BD-CUACA
2022-12-21,1771,suhu_rata_c,26.6,C,,BD-CUACA
2022-12-22,1708,curah_hujan_mm,1.5,mm,,BD-CUACA
2022-12-22,1708,suhu_rata_c,22.1,C,,BD-CUACA
2022-12-22,1709,curah_hujan_mm,2.4,mm,,BD-CUACA
2022-12-22,1709,suhu_rata_c,25.7,C,,BD-CUACA
2022-12-22,1771,curah_hujan_mm,0.7,mm,,BD-CUACA
2022-12-22,1771,suhu_rata_c,27.2,C,,BD-CUACA
2022-12-23,1708,curah_hujan_mm,0.1,mm,,BD-CUACA
2022-12-23,1708,suhu_rata_c,22.4,C,,BD-CUACA
2022-12-23,1709,curah_hujan_mm,0.0,mm,,BD-CUACA
2022-12-23,1709,suhu_rata_c,25.8,C,,BD-CUACA
2022-12-23,1771,curah_hujan_mm,0.0,mm,,BD-CUACA
2022-12-23,1771,suhu_rata_c,26.8,C,,BD-CUACA
2022-12-24,1708,curah_hujan_mm,0.5,mm,,BD-CUACA
2022-12-24,1708,suhu_rata_c,22.7,C,,BD-CUACA
2022-12-24,1709,curah_hujan_mm,0.3,mm,,BD-CUACA
2022-12-24,1709,suhu_rata_c,26.2,C,,BD-CUACA
2022-12-24,1771,curah_hujan_mm,0.0,mm,,BD-CUACA
2022-12-24,1771,suhu_rata_c,27.0,C,,BD-CUACA
2022-12-25,1708,curah_hujan_mm,0.4,mm,,BD-CUACA
2022-12-25,1708,suhu_rata_c,22.5,C,,BD-CUACA
2022-12-25,1709,curah_hujan_mm,0.2,mm,,BD-CUACA
2022-12-25,1709,suhu_rata_c,25.7,C,,BD-CUACA
2022-12-25,1771,curah_hujan_mm,1.0,mm,,BD-CUACA
2022-12-25,1771,suhu_rata_c,26.7,C,,BD-CUACA
2022-12-26,1708,curah_hujan_mm,0.0,mm,,BD-CUACA
2022-12-26,1708,suhu_rata_c,23.0,C,,BD-CUACA
2022-12-26,1709,curah_hujan_mm,0.0,mm,,BD-CUACA
2022-12-26,1709,suhu_rata_c,25.7,C,,BD-CUACA
2022-12-26,1771,curah_hujan_mm,0.0,mm,,BD-CUACA
2022-12-26,1771,suhu_rata_c,26.9,C,,BD-CUACA
2022-12-27,1708,curah_hujan_mm,0.0,mm,,BD-CUACA
2022-12-27,1708,suhu_rata_c,22.4,C,,BD-CUACA
2022-12-27,1709,curah_hujan_mm,0.0,mm,,BD-CUACA
2022-12-27,1709,suhu_rata_c,25.4,C,,BD-CUACA
2022-12-27,1771,curah_hujan_mm,0.0,mm,,BD-CUACA
2022-12-27,1771,suhu_rata_c,26.4,C,,BD-CUACA
2022-12-28,1708,curah_hujan_mm,10.1,mm,,BD-CUACA
2022-12-28,1708,suhu_rata_c,21.3,C,,BD-CUACA
2022-12-28,1709,curah_hujan_mm,25.3,mm,,BD-CUACA
2022-12-28,1709,suhu_rata_c,24.2,C,,BD-CUACA
2022-12-28,1771,curah_hujan_mm,26.4,mm,,BD-CUACA
2022-12-28,1771,suhu_rata_c,25.3,C,,BD-CUACA
2022-12-29,1708,curah_hujan_mm,16.9,mm,,BD-CUACA
2022-12-29,1708,suhu_rata_c,20.2,C,,BD-CUACA
2022-12-29,1709,curah_hujan_mm,18.5,mm,,BD-CUACA
2022-12-29,1709,suhu_rata_c,23.1,C,,BD-CUACA
2022-12-29,1771,curah_hujan_mm,28.0,mm,,BD-CUACA
2022-12-29,1771,suhu_rata_c,24.2,C,,BD-CUACA
2022-12-30,1708,curah_hujan_mm,5.7,mm,,BD-CUACA
2022-12-30,1708,suhu_rata_c,20.9,C,,BD-CUACA
2022-12-30,1709,curah_hujan_mm,17.8,mm,,BD-CUACA
2022-12-30,1709,suhu_rata_c,23.8,C,,BD-CUACA
2022-12-30,1771,curah_hujan_mm,12.9,mm,,BD-CUACA
2022-12-30,1771,suhu_rata_c,25.2,C,,BD-CUACA
2022-12-31,1708,curah_hujan_mm,2.7,mm,,BD-CUACA
2022-12-31,1708,suhu_rata_c,21.4,C,,BD-CUACA
2022-12-31,1709,curah_hujan_mm,2.9,mm,,BD-CUACA
2022-12-31,1709,suhu_rata_c,24.8,C,,BD-CUACA
2022-12-31,1771,curah_hujan_mm,7.5,mm,,BD-CUACA
2022-12-31,1771,suhu_rata_c,26.3,C,,BD-CUACA
