tanggal,kode_wilayah,indikator,nilai,satuan,kode_varian,kode_sumber
2025-01-01,17,harga_pihps,14050.0,Rp,BRS01,BD-PIHPS
2025-01-01,17,harga_pihps,14950.0,Rp,BRS02,BD-PIHPS
2025-01-01,17,harga_pihps,15300.0,Rp,BRS03,BD-PIHPS
2025-01-01,17,harga_pihps,15400.0,Rp,BRS04,BD-PIHPS
2025-01-01,17,harga_pihps,15650.0,Rp,BRS05,BD-PIHPS
2025-01-01,17,harga_pihps,15600.0,Rp,BRS06,BD-PIHPS
2025-01-01,17,harga_pihps,41650.0,Rp,BWM01,BD-PIHPS
2025-01-01,17,harga_pihps,44250.0,Rp,BWP01,BD-PIHPS
2025-01-01,17,harga_pihps,49150.0,Rp,CMR01,BD-PIHPS
2025-01-01,17,harga_pihps,54150.0,Rp,CMR02,BD-PIHPS
2025-01-01,17,harga_pihps,47650.0,Rp,CRW01,BD-PIHPS
2025-01-01,17,harga_pihps,37950.0,Rp,CRW02,BD-PIHPS
2025-01-01,17,harga_pihps,38150.0,Rp,DAY01,BD-PIHPS
2025-01-01,17,harga_pihps,135650.0,Rp,DSP01,BD-PIHPS
2025-01-01,17,harga_pihps,135000.0,Rp,DSP02,BD-PIHPS
2025-01-01,17,harga_pihps,17450.0,Rp,GLP01,BD-PIHPS
2025-01-01,17,harga_pihps,19000.0,Rp,GLP02,BD-PIHPS
2025-01-01,17,harga_pihps,17950.0,Rp,MGR01,BD-PIHPS
2025-01-01,17,harga_pihps,20550.0,Rp,MGR02,BD-PIHPS
2025-01-01,17,harga_pihps,19650.0,Rp,MGR03,BD-PIHPS
2025-01-01,17,harga_pihps,29100.0,Rp,TLR01,BD-PIHPS
2025-01-02,17,harga_pihps,14050.0,Rp,BRS01,BD-PIHPS
2025-01-02,17,harga_pihps,14950.0,Rp,BRS02,BD-PIHPS
2025-01-02,17,harga_pihps,15300.0,Rp,BRS03,BD-PIHPS
2025-01-02,17,harga_pihps,15400.0,Rp,BRS04,BD-PIHPS
2025-01-02,17,harga_pihps,15650.0,Rp,BRS05,BD-PIHPS
2025-01-02,17,harga_pihps,15600.0,Rp,BRS06,BD-PIHPS
2025-01-02,17,harga_pihps,41150.0,Rp,BWM01,BD-PIHPS
2025-01-02,17,harga_pihps,43400.0,Rp,BWP01,BD-PIHPS
2025-01-02,17,harga_pihps,48400.0,Rp,CMR01,BD-PIHPS
2025-01-02,17,harga_pihps,53900.0,Rp,CMR02,BD-PIHPS
2025-01-02,17,harga_pihps,45750.0,Rp,CRW01,BD-PIHPS
2025-01-02,17,harga_pihps,37800.0,Rp,CRW02,BD-PIHPS
2025-01-02,17,harga_pihps,36650.0,Rp,DAY01,BD-PIHPS
2025-01-02,17,harga_pihps,135650.0,Rp,DSP01,BD-PIHPS
2025-01-02,17,harga_pihps,135000.0,Rp,DSP02,BD-PIHPS
2025-01-02,17,harga_pihps,17450.0,Rp,GLP01,BD-PIHPS
2025-01-02,17,harga_pihps,19000.0,Rp,GLP02,BD-PIHPS
2025-01-02,17,harga_pihps,17950.0,Rp,MGR01,BD-PIHPS
2025-01-02,17,harga_pihps,20550.0,Rp,MGR02,BD-PIHPS
2025-01-02,17,harga_pihps,19650.0,Rp,MGR03,BD-PIHPS
2025-01-02,17,harga_pihps,29100.0,Rp,TLR01,BD-PIHPS
2025-01-03,17,harga_pihps,14050.0,Rp,BRS01,BD-PIHPS
2025-01-03,17,harga_pihps,14950.0,Rp,BRS02,BD-PIHPS
2025-01-03,17,harga_pihps,15300.0,Rp,BRS03,BD-PIHPS
2025-01-03,17,harga_pihps,15400.0,Rp,BRS04,BD-PIHPS
2025-01-03,17,harga_pihps,15650.0,Rp,BRS05,BD-PIHPS
2025-01-03,17,harga_pihps,15600.0,Rp,BRS06,BD-PIHPS
2025-01-03,17,harga_pihps,41150.0,Rp,BWM01,BD-PIHPS
2025-01-03,17,harga_pihps,43400.0,Rp,BWP01,BD-PIHPS
2025-01-03,17,harga_pihps,46650.0,Rp,CMR01,BD-PIHPS
2025-01-03,17,harga_pihps,52250.0,Rp,CMR02,BD-PIHPS
2025-01-03,17,harga_pihps,44500.0,Rp,CRW01,BD-PIHPS
2025-01-03,17,harga_pihps,37300.0,Rp,CRW02,BD-PIHPS
2025-01-03,17,harga_pihps,36250.0,Rp,DAY01,BD-PIHPS
2025-01-03,17,harga_pihps,135650.0,Rp,DSP01,BD-PIHPS
2025-01-03,17,harga_pihps,135000.0,Rp,DSP02,BD-PIHPS
2025-01-03,17,harga_pihps,17450.0,Rp,GLP01,BD-PIHPS
2025-01-03,17,harga_pihps,19000.0,Rp,GLP02,BD-PIHPS
2025-01-03,17,harga_pihps,17950.0,Rp,MGR01,BD-PIHPS
2025-01-03,17,harga_pihps,20550.0,Rp,MGR02,BD-PIHPS
2025-01-03,17,harga_pihps,19650.0,Rp,MGR03,BD-PIHPS
2025-01-03,17,harga_pihps,29100.0,Rp,TLR01,BD-PIHPS
2025-01-06,17,harga_pihps,14050.0,Rp,BRS01,BD-PIHPS
2025-01-06,17,harga_pihps,14950.0,Rp,BRS02,BD-PIHPS
2025-01-06,17,harga_pihps,15300.0,Rp,BRS03,BD-PIHPS
2025-01-06,17,harga_pihps,15400.0,Rp,BRS04,BD-PIHPS
2025-01-06,17,harga_pihps,15650.0,Rp,BRS05,BD-PIHPS
2025-01-06,17,harga_pihps,15600.0,Rp,BRS06,BD-PIHPS
2025-01-06,17,harga_pihps,41150.0,Rp,BWM01,BD-PIHPS
2025-01-06,17,harga_pihps,43400.0,Rp,BWP01,BD-PIHPS
2025-01-06,17,harga_pihps,44500.0,Rp,CMR01,BD-PIHPS
2025-01-06,17,harga_pihps,49500.0,Rp,CMR02,BD-PIHPS
2025-01-06,17,harga_pihps,46500.0,Rp,CRW01,BD-PIHPS
2025-01-06,17,harga_pihps,38400.0,Rp,CRW02,BD-PIHPS
2025-01-06,17,harga_pihps,36250.0,Rp,DAY01,BD-PIHPS
2025-01-06,17,harga_pihps,135650.0,Rp,DSP01,BD-PIHPS
2025-01-06,17,harga_pihps,135000.0,Rp,DSP02,BD-PIHPS
2025-01-06,17,harga_pihps,17450.0,Rp,GLP01,BD-PIHPS
2025-01-06,17,harga_pihps,19000.0,Rp,GLP02,BD-PIHPS
2025-01-06,17,harga_pihps,18050.0,Rp,MGR01,BD-PIHPS
2025-01-06,17,harga_pihps,21400.0,Rp,MGR02,BD-PIHPS
2025-01-06,17,harga_pihps,20150.0,Rp,MGR03,BD-PIHPS
2025-01-06,17,harga_pihps,29100.0,Rp,TLR01,BD-PIHPS
2025-01-07,17,harga_pihps,14050.0,Rp,BRS01,BD-PIHPS
2025-01-07,17,harga_pihps,14950.0,Rp,BRS02,BD-PIHPS
2025-01-07,17,harga_pihps,15300.0,Rp,BRS03,BD-PIHPS
2025-01-07,17,harga_pihps,15400.0,Rp,BRS04,BD-PIHPS
2025-01-07,17,harga_pihps,15650.0,Rp,BRS05,BD-PIHPS
2025-01-07,17,harga_pihps,15600.0,Rp,BRS06,BD-PIHPS
2025-01-07,17,harga_pihps,41150.0,Rp,BWM01,BD-PIHPS
2025-01-07,17,harga_pihps,43400.0,Rp,BWP01,BD-PIHPS
2025-01-07,17,harga_pihps,42250.0,Rp,CMR01,BD-PIHPS
2025-01-07,17,harga_pihps,46250.0,Rp,CMR02,BD-PIHPS
2025-01-07,17,harga_pihps,48150.0,Rp,CRW01,BD-PIHPS
2025-01-07,17,harga_pihps,39450.0,Rp,CRW02,BD-PIHPS
2025-01-07,17,harga_pihps,36500.0,Rp,DAY01,BD-PIHPS
2025-01-07,17,harga_pihps,135650.0,Rp,DSP01,BD-PIHPS
2025-01-07,17,harga_pihps,135000.0,Rp,DSP02,BD-PIHPS
2025-01-07,17,harga_pihps,17900.0,Rp,GLP01,BD-PIHPS
2025-01-07,17,harga_pihps,19150.0,Rp,GLP02,BD-PIHPS
2025-01-07,17,harga_pihps,18050.0,Rp,MGR01,BD-PIHPS
2025-01-07,17,harga_pihps,21400.0,Rp,MGR02,BD-PIHPS
2025-01-07,17,harga_pihps,20150.0,Rp,MGR03,BD-PIHPS
2025-01-07,17,harga_pihps,29100.0,Rp,TLR01,BD-PIHPS
2025-01-08,17,harga_pihps,13900.0,Rp,BRS01,BD-PIHPS
2025-01-08,17,harga_pihps,14900.0,Rp,BRS02,BD-PIHPS
2025-01-08,17,harga_pihps,15050.0,Rp,BRS03,BD-PIHPS
2025-01-08,17,harga_pihps,15150.0,Rp,BRS04,BD-PIHPS
2025-01-08,17,harga_pihps,15500.0,Rp,BRS05,BD-PIHPS
2025-01-08,17,harga_pihps,15400.0,Rp,BRS06,BD-PIHPS
2025-01-08,17,harga_pihps,40000.0,Rp,BWM01,BD-PIHPS
2025-01-08,17,harga_pihps,43000.0,Rp,BWP01,BD-PIHPS
2025-01-08,17,harga_pihps,41350.0,Rp,CMR01,BD-PIHPS
2025-01-08,17,harga_pihps,44850.0,Rp,CMR02,BD-PIHPS
2025-01-08,17,harga_pihps,50000.0,Rp,CRW01,BD-PIHPS
2025-01-08,17,harga_pihps,41300.0,Rp,CRW02,BD-PIHPS
2025-01-08,17,harga_pihps,36650.0,Rp,DAY01,BD-PIHPS
2025-01-08,17,harga_pihps,134150.0,Rp,DSP01,BD-PIHPS
2025-01-08,17,harga_pihps,133350.0,Rp,DSP02,BD-PIHPS
2025-01-08,17,harga_pihps,18100.0,Rp,GLP01,BD-PIHPS
2025-01-08,17,harga_pihps,19350.0,Rp,GLP02,BD-PIHPS
2025-01-08,17,harga_pihps,17900.0,Rp,MGR01,BD-PIHPS
2025-01-08,17,harga_pihps,21500.0,Rp,MGR02,BD-PIHPS
2025-01-08,17,harga_pihps,20500.0,Rp,MGR03,BD-PIHPS
2025-01-08,17,harga_pihps,29450.0,Rp,TLR01,BD-PIHPS
2025-01-09,17,harga_pihps,14050.0,Rp,BRS01,BD-PIHPS
2025-01-09,17,harga_pihps,14950.0,Rp,BRS02,BD-PIHPS
2025-01-09,17,harga_pihps,15300.0,Rp,BRS03,BD-PIHPS
2025-01-09,17,harga_pihps,15400.0,Rp,BRS04,BD-PIHPS
2025-01-09,17,harga_pihps,15650.0,Rp,BRS05,BD-PIHPS
2025-01-09,17,harga_pihps,15600.0,Rp,BRS06,BD-PIHPS
2025-01-09,17,harga_pihps,41150.0,Rp,BWM01,BD-PIHPS
2025-01-09,17,harga_pihps,42750.0,Rp,BWP01,BD-PIHPS
2025-01-09,17,harga_pihps,39250.0,Rp,CMR01,BD-PIHPS
2025-01-09,17,harga_pihps,44000.0,Rp,CMR02,BD-PIHPS
2025-01-09,17,harga_pihps,51900.0,Rp,CRW01,BD-PIHPS
2025-01-09,17,harga_pihps,42500.0,Rp,CRW02,BD-PIHPS
2025-01-09,17,harga_pihps,36900.0,Rp,DAY01,BD-PIHPS
2025-01-09,17,harga_pihps,135650.0,Rp,DSP01,BD-PIHPS
2025-01-09,17,harga_pihps,135000.0,Rp,DSP02,BD-PIHPS
2025-01-09,17,harga_pihps,18150.0,Rp,GLP01,BD-PIHPS
2025-01-09,17,harga_pihps,19250.0,Rp,GLP02,BD-PIHPS
2025-01-09,17,harga_pihps,18050.0,Rp,MGR01,BD-PIHPS
2025-01-09,17,harga_pihps,21650.0,Rp,MGR02,BD-PIHPS
2025-01-09,17,harga_pihps,20650.0,Rp,MGR03,BD-PIHPS
2025-01-09,17,harga_pihps,29200.0,Rp,TLR01,BD-PIHPS
2025-01-10,17,harga_pihps,14050.0,Rp,BRS01,BD-PIHPS
2025-01-10,17,harga_pihps,14950.0,Rp,BRS02,BD-PIHPS
2025-01-10,17,harga_pihps,15300.0,Rp,BRS03,BD-PIHPS
2025-01-10,17,harga_pihps,15400.0,Rp,BRS04,BD-PIHPS
2025-01-10,17,harga_pihps,15650.0,Rp,BRS05,BD-PIHPS
2025-01-10,17,harga_pihps,15600.0,Rp,BRS06,BD-PIHPS
2025-01-10,17,harga_pihps,41150.0,Rp,BWM01,BD-PIHPS
2025-01-10,17,harga_pihps,43500.0,Rp,BWP01,BD-PIHPS
2025-01-10,17,harga_pihps,41750.0,Rp,CMR01,BD-PIHPS
2025-01-10,17,harga_pihps,46150.0,Rp,CMR02,BD-PIHPS
2025-01-10,17,harga_pihps,54750.0,Rp,CRW01,BD-PIHPS
2025-01-10,17,harga_pihps,46550.0,Rp,CRW02,BD-PIHPS
2025-01-10,17,harga_pihps,37650.0,Rp,DAY01,BD-PIHPS
2025-01-10,17,harga_pihps,135650.0,Rp,DSP01,BD-PIHPS
2025-01-10,17,harga_pihps,135000.0,Rp,DSP02,BD-PIHPS
2025-01-10,17,harga_pihps,18150.0,Rp,GLP01,BD-PIHPS
2025-01-10,17,harga_pihps,19250.0,Rp,GLP02,BD-PIHPS
2025-01-10,17,harga_pihps,18050.0,Rp,MGR01,BD-PIHPS
2025-01-10,17,harga_pihps,21650.0,Rp,MGR02,BD-PIHPS
2025-01-10,17,harga_pihps,20400.0,Rp,MGR03,BD-PIHPS
2025-01-10,17,harga_pihps,29200.0,Rp,TLR01,BD-PIHPS
2025-01-13,17,harga_pihps,14050.0,Rp,BRS01,BD-PIHPS
2025-01-13,17,harga_pihps,14950.0,Rp,BRS02,BD-PIHPS
2025-01-13,17,harga_pihps,15300.0,Rp,BRS03,BD-PIHPS
2025-01-13,17,harga_pihps,15400.0,Rp,BRS04,BD-PIHPS
2025-01-13,17,harga_pihps,15650.0,Rp,BRS05,BD-PIHPS
2025-01-13,17,harga_pihps,15600.0,Rp,BRS06,BD-PIHPS
2025-01-13,17,harga_pihps,40900.0,Rp,BWM01,BD-PIHPS
2025-01-13,17,harga_pihps,42250.0,Rp,BWP01,BD-PIHPS
2025-01-13,17,harga_pihps,42400.0,Rp,CMR01,BD-PIHPS
2025-01-13,17,harga_pihps,47650.0,Rp,CMR02,BD-PIHPS
2025-01-13,17,harga_pihps,52400.0,Rp,CRW01,BD-PIHPS
2025-01-13,17,harga_pihps,48550.0,Rp,CRW02,BD-PIHPS
2025-01-13,17,harga_pihps,38000.0,Rp,DAY01,BD-PIHPS
2025-01-13,17,harga_pihps,135650.0,Rp,DSP01,BD-PIHPS
2025-01-13,17,harga_pihps,135000.0,Rp,DSP02,BD-PIHPS
2025-01-13,17,harga_pihps,18200.0,Rp,GLP01,BD-PIHPS
2025-01-13,17,harga_pihps,19250.0,Rp,GLP02,BD-PIHPS
2025-01-13,17,harga_pihps,18050.0,Rp,MGR01,BD-PIHPS
2025-01-13,17,harga_pihps,21650.0,Rp,MGR02,BD-PIHPS
2025-01-13,17,harga_pihps,20400.0,Rp,MGR03,BD-PIHPS
2025-01-13,17,harga_pihps,29200.0,Rp,TLR01,BD-PIHPS
2025-01-14,17,harga_pihps,14050.0,Rp,BRS01,BD-PIHPS
2025-01-14,17,harga_pihps,14950.0,Rp,BRS02,BD-PIHPS
2025-01-14,17,harga_pihps,15300.0,Rp,BRS03,BD-PIHPS
2025-01-14,17,harga_pihps,15400.0,Rp,BRS04,BD-PIHPS
2025-01-14,17,harga_pihps,15650.0,Rp,BRS05,BD-PIHPS
2025-01-14,17,harga_pihps,15600.0,Rp,BRS06,BD-PIHPS
2025-01-14,17,harga_pihps,39750.0,Rp,BWM01,BD-PIHPS
2025-01-14,17,harga_pihps,41750.0,Rp,BWP01,BD-PIHPS
2025-01-14,17,harga_pihps,43750.0,Rp,CMR01,BD-PIHPS
2025-01-14,17,harga_pihps,50650.0,Rp,CMR02,BD-PIHPS
2025-01-14,17,harga_pihps,49400.0,Rp,CRW01,BD-PIHPS
2025-01-14,17,harga_pihps,50100.0,Rp,CRW02,BD-PIHPS
2025-01-14,17,harga_pihps,38000.0,Rp,DAY01,BD-PIHPS
2025-01-14,17,harga_pihps,135650.0,Rp,DSP01,BD-PIHPS
2025-01-14,17,harga_pihps,135000.0,Rp,DSP02,BD-PIHPS
2025-01-14,17,harga_pihps,18200.0,Rp,GLP01,BD-PIHPS
2025-01-14,17,harga_pihps,19250.0,Rp,GLP02,BD-PIHPS
2025-01-14,17,harga_pihps,18050.0,Rp,MGR01,BD-PIHPS
2025-01-14,17,harga_pihps,21650.0,Rp,MGR02,BD-PIHPS
2025-01-14,17,harga_pihps,20400.0,Rp,MGR03,BD-PIHPS
2025-01-14,17,harga_pihps,29300.0,Rp,TLR01,BD-PIHPS
2025-01-15,17,harga_pihps,14050.0,Rp,BRS01,BD-PIHPS
2025-01-15,17,harga_pihps,14950.0,Rp,BRS02,BD-PIHPS
2025-01-15,17,harga_pihps,15300.0,Rp,BRS03,BD-PIHPS
2025-01-15,17,harga_pihps,15400.0,Rp,BRS04,BD-PIHPS
2025-01-15,17,harga_pihps,15650.0,Rp,BRS05,BD-PIHPS
2025-01-15,17,harga_pihps,15550.0,Rp,BRS06,BD-PIHPS
2025-01-15,17,harga_pihps,40250.0,Rp,BWM01,BD-PIHPS
2025-01-15,17,harga_pihps,42150.0,Rp,BWP01,BD-PIHPS
2025-01-15,17,harga_pihps,47000.0,Rp,CMR01,BD-PIHPS
2025-01-15,17,harga_pihps,54500.0,Rp,CMR02,BD-PIHPS
2025-01-15,17,harga_pihps,50900.0,Rp,CRW01,BD-PIHPS
2025-01-15,17,harga_pihps,51300.0,Rp,CRW02,BD-PIHPS
2025-01-15,17,harga_pihps,37400.0,Rp,DAY01,BD-PIHPS
2025-01-15,17,harga_pihps,135650.0,Rp,DSP01,BD-PIHPS
2025-01-15,17,harga_pihps,135000.0,Rp,DSP02,BD-PIHPS
2025-01-15,17,harga_pihps,18200.0,Rp,GLP01,BD-PIHPS
2025-01-15,17,harga_pihps,19250.0,Rp,GLP02,BD-PIHPS
2025-01-15,17,harga_pihps,18050.0,Rp,MGR01,BD-PIHPS
2025-01-15,17,harga_pihps,21650.0,Rp,MGR02,BD-PIHPS
2025-01-15,17,harga_pihps,20400.0,Rp,MGR03,BD-PIHPS
2025-01-15,17,harga_pihps,29300.0,Rp,TLR01,BD-PIHPS
2025-01-16,17,harga_pihps,14050.0,Rp,BRS01,BD-PIHPS
2025-01-16,17,harga_pihps,14950.0,Rp,BRS02,BD-PIHPS
2025-01-16,17,harga_pihps,15300.0,Rp,BRS03,BD-PIHPS
2025-01-16,17,harga_pihps,15400.0,Rp,BRS04,BD-PIHPS
2025-01-16,17,harga_pihps,15650.0,Rp,BRS05,BD-PIHPS
2025-01-16,17,harga_pihps,15550.0,Rp,BRS06,BD-PIHPS
2025-01-16,17,harga_pihps,40650.0,Rp,BWM01,BD-PIHPS
2025-01-16,17,harga_pihps,42150.0,Rp,BWP01,BD-PIHPS
2025-01-16,17,harga_pihps,51400.0,Rp,CMR01,BD-PIHPS
2025-01-16,17,harga_pihps,58000.0,Rp,CMR02,BD-PIHPS
2025-01-16,17,harga_pihps,52900.0,Rp,CRW01,BD-PIHPS
2025-01-16,17,harga_pihps,52100.0,Rp,CRW02,BD-PIHPS
2025-01-16,17,harga_pihps,37400.0,Rp,DAY01,BD-PIHPS
2025-01-16,17,harga_pihps,135650.0,Rp,DSP01,BD-PIHPS
2025-01-16,17,harga_pihps,135000.0,Rp,DSP02,BD-PIHPS
2025-01-16,17,harga_pihps,18200.0,Rp,GLP01,BD-PIHPS
2025-01-16,17,harga_pihps,19250.0,Rp,GLP02,BD-PIHPS
2025-01-16,17,harga_pihps,18050.0,Rp,MGR01,BD-PIHPS
2025-01-16,17,harga_pihps,21650.0,Rp,MGR02,BD-PIHPS
2025-01-16,17,harga_pihps,20400.0,Rp,MGR03,BD-PIHPS
2025-01-16,17,harga_pihps,29300.0,Rp,TLR01,BD-PIHPS
2025-01-17,17,harga_pihps,14050.0,Rp,BRS01,BD-PIHPS
2025-01-17,17,harga_pihps,14950.0,Rp,BRS02,BD-PIHPS
2025-01-17,17,harga_pihps,15300.0,Rp,BRS03,BD-PIHPS
2025-01-17,17,harga_pihps,15400.0,Rp,BRS04,BD-PIHPS
2025-01-17,17,harga_pihps,15650.0,Rp,BRS05,BD-PIHPS
2025-01-17,17,harga_pihps,15550.0,Rp,BRS06,BD-PIHPS
2025-01-17,17,harga_pihps,40900.0,Rp,BWM01,BD-PIHPS
2025-01-17,17,harga_pihps,43250.0,Rp,BWP01,BD-PIHPS
2025-01-17,17,harga_pihps,53500.0,Rp,CMR01,BD-PIHPS
2025-01-17,17,harga_pihps,58000.0,Rp,CMR02,BD-PIHPS
2025-01-17,17,harga_pihps,59000.0,Rp,CRW01,BD-PIHPS
2025-01-17,17,harga_pihps,53800.0,Rp,CRW02,BD-PIHPS
2025-01-17,17,harga_pihps,37400.0,Rp,DAY01,BD-PIHPS
2025-01-17,17,harga_pihps,135650.0,Rp,DSP01,BD-PIHPS
2025-01-17,17,harga_pihps,135000.0,Rp,DSP02,BD-PIHPS
2025-01-17,17,harga_pihps,18200.0,Rp,GLP01,BD-PIHPS
2025-01-17,17,harga_pihps,19250.0,Rp,GLP02,BD-PIHPS
2025-01-17,17,harga_pihps,18050.0,Rp,MGR01,BD-PIHPS
2025-01-17,17,harga_pihps,21650.0,Rp,MGR02,BD-PIHPS
2025-01-17,17,harga_pihps,20400.0,Rp,MGR03,BD-PIHPS
2025-01-17,17,harga_pihps,29900.0,Rp,TLR01,BD-PIHPS
2025-01-20,17,harga_pihps,14050.0,Rp,BRS01,BD-PIHPS
2025-01-20,17,harga_pihps,14950.0,Rp,BRS02,BD-PIHPS
2025-01-20,17,harga_pihps,15300.0,Rp,BRS03,BD-PIHPS
2025-01-20,17,harga_pihps,15400.0,Rp,BRS04,BD-PIHPS
2025-01-20,17,harga_pihps,15650.0,Rp,BRS05,BD-PIHPS
2025-01-20,17,harga_pihps,15550.0,Rp,BRS06,BD-PIHPS
2025-01-20,17,harga_pihps,40000.0,Rp,BWM01,BD-PIHPS
2025-01-20,17,harga_pihps,43000.0,Rp,BWP01,BD-PIHPS
2025-01-20,17,harga_pihps,53900.0,Rp,CMR01,BD-PIHPS
2025-01-20,17,harga_pihps,57400.0,Rp,CMR02,BD-PIHPS
2025-01-20,17,harga_pihps,59650.0,Rp,CRW01,BD-PIHPS
2025-01-20,17,harga_pihps,53250.0,Rp,CRW02,BD-PIHPS
2025-01-20,17,harga_pihps,36250.0,Rp,DAY01,BD-PIHPS
2025-01-20,17,harga_pihps,135650.0,Rp,DSP01,BD-PIHPS
2025-01-20,17,harga_pihps,135000.0,Rp,DSP02,BD-PIHPS
2025-01-20,17,harga_pihps,18200.0,Rp,GLP01,BD-PIHPS
2025-01-20,17,harga_pihps,19250.0,Rp,GLP02,BD-PIHPS
2025-01-20,17,harga_pihps,18050.0,Rp,MGR01,BD-PIHPS
2025-01-20,17,harga_pihps,21650.0,Rp,MGR02,BD-PIHPS
2025-01-20,17,harga_pihps,20400.0,Rp,MGR03,BD-PIHPS
2025-01-20,17,harga_pihps,29900.0,Rp,TLR01,BD-PIHPS
2025-01-21,17,harga_pihps,14050.0,Rp,BRS01,BD-PIHPS
2025-01-21,17,harga_pihps,14950.0,Rp,BRS02,BD-PIHPS
2025-01-21,17,harga_pihps,15300.0,Rp,BRS03,BD-PIHPS
2025-01-21,17,harga_pihps,15400.0,Rp,BRS04,BD-PIHPS
2025-01-21,17,harga_pihps,15650.0,Rp,BRS05,BD-PIHPS
2025-01-21,17,harga_pihps,15550.0,Rp,BRS06,BD-PIHPS
2025-01-21,17,harga_pihps,40000.0,Rp,BWM01,BD-PIHPS
2025-01-21,17,harga_pihps,43000.0,Rp,BWP01,BD-PIHPS
2025-01-21,17,harga_pihps,53150.0,Rp,CMR01,BD-PIHPS
2025-01-21,17,harga_pihps,56900.0,Rp,CMR02,BD-PIHPS
2025-01-21,17,harga_pihps,58500.0,Rp,CRW01,BD-PIHPS
2025-01-21,17,harga_pihps,53200.0,Rp,CRW02,BD-PIHPS
2025-01-21,17,harga_pihps,36250.0,Rp,DAY01,BD-PIHPS
2025-01-21,17,harga_pihps,135650.0,Rp,DSP01,BD-PIHPS
2025-01-21,17,harga_pihps,135000.0,Rp,DSP02,BD-PIHPS
2025-01-21,17,harga_pihps,18200.0,Rp,GLP01,BD-PIHPS
2025-01-21,17,harga_pihps,19400.0,Rp,GLP02,BD-PIHPS
2025-01-21,17,harga_pihps,18050.0,Rp,MGR01,BD-PIHPS
2025-01-21,17,harga_pihps,21650.0,Rp,MGR02,BD-PIHPS
2025-01-21,17,harga_pihps,20400.0,Rp,MGR03,BD-PIHPS
2025-01-21,17,harga_pihps,29700.0,Rp,TLR01,BD-PIHPS
2025-01-22,17,harga_pihps,14050.0,Rp,BRS01,BD-PIHPS
2025-01-22,17,harga_pihps,14950.0,Rp,BRS02,BD-PIHPS
2025-01-22,17,harga_pihps,15300.0,Rp,BRS03,BD-PIHPS
2025-01-22,17,harga_pihps,15400.0,Rp,BRS04,BD-PIHPS
2025-01-22,17,harga_pihps,15650.0,Rp,BRS05,BD-PIHPS
2025-01-22,17,harga_pihps,15550.0,Rp,BRS06,BD-PIHPS
2025-01-22,17,harga_pihps,40750.0,Rp,BWM01,BD-PIHPS
2025-01-22,17,harga_pihps,43250.0,Rp,BWP01,BD-PIHPS
2025-01-22,17,harga_pihps,54250.0,Rp,CMR01,BD-PIHPS
2025-01-22,17,harga_pihps,58250.0,Rp,CMR02,BD-PIHPS
2025-01-22,17,harga_pihps,60150.0,Rp,CRW01,BD-PIHPS
2025-01-22,17,harga_pihps,53400.0,Rp,CRW02,BD-PIHPS
2025-01-22,17,harga_pihps,35500.0,Rp,DAY01,BD-PIHPS
2025-01-22,17,harga_pihps,135650.0,Rp,DSP01,BD-PIHPS
2025-01-22,17,harga_pihps,135000.0,Rp,DSP02,BD-PIHPS
2025-01-22,17,harga_pihps,18200.0,Rp,GLP01,BD-PIHPS
2025-01-22,17,harga_pihps,19400.0,Rp,GLP02,BD-PIHPS
2025-01-22,17,harga_pihps,18050.0,Rp,MGR01,BD-PIHPS
2025-01-22,17,harga_pihps,21650.0,Rp,MGR02,BD-PIHPS
2025-01-22,17,harga_pihps,20400.0,Rp,MGR03,BD-PIHPS
2025-01-22,17,harga_pihps,29700.0,Rp,TLR01,BD-PIHPS
2025-01-23,17,harga_pihps,14050.0,Rp,BRS01,BD-PIHPS
2025-01-23,17,harga_pihps,14950.0,Rp,BRS02,BD-PIHPS
2025-01-23,17,harga_pihps,15300.0,Rp,BRS03,BD-PIHPS
2025-01-23,17,harga_pihps,15400.0,Rp,BRS04,BD-PIHPS
2025-01-23,17,harga_pihps,15650.0,Rp,BRS05,BD-PIHPS
2025-01-23,17,harga_pihps,15550.0,Rp,BRS06,BD-PIHPS
2025-01-23,17,harga_pihps,41150.0,Rp,BWM01,BD-PIHPS
2025-01-23,17,harga_pihps,44400.0,Rp,BWP01,BD-PIHPS
2025-01-23,17,harga_pihps,55650.0,Rp,CMR01,BD-PIHPS
2025-01-23,17,harga_pihps,60000.0,Rp,CMR02,BD-PIHPS
2025-01-23,17,harga_pihps,61650.0,Rp,CRW01,BD-PIHPS
2025-01-23,17,harga_pihps,54300.0,Rp,CRW02,BD-PIHPS
2025-01-23,17,harga_pihps,35500.0,Rp,DAY01,BD-PIHPS
2025-01-23,17,harga_pihps,135650.0,Rp,DSP01,BD-PIHPS
2025-01-23,17,harga_pihps,135000.0,Rp,DSP02,BD-PIHPS
2025-01-23,17,harga_pihps,18200.0,Rp,GLP01,BD-PIHPS
2025-01-23,17,harga_pihps,19400.0,Rp,GLP02,BD-PIHPS
2025-01-23,17,harga_pihps,18050.0,Rp,MGR01,BD-PIHPS
2025-01-23,17,harga_pihps,21650.0,Rp,MGR02,BD-PIHPS
2025-01-23,17,harga_pihps,20400.0,Rp,MGR03,BD-PIHPS
2025-01-23,17,harga_pihps,29700.0,Rp,TLR01,BD-PIHPS
2025-01-24,17,harga_pihps,14050.0,Rp,BRS01,BD-PIHPS
2025-01-24,17,harga_pihps,14950.0,Rp,BRS02,BD-PIHPS
2025-01-24,17,harga_pihps,15300.0,Rp,BRS03,BD-PIHPS
2025-01-24,17,harga_pihps,15400.0,Rp,BRS04,BD-PIHPS
2025-01-24,17,harga_pihps,15650.0,Rp,BRS05,BD-PIHPS
2025-01-24,17,harga_pihps,15600.0,Rp,BRS06,BD-PIHPS
2025-01-24,17,harga_pihps,40150.0,Rp,BWM01,BD-PIHPS
2025-01-24,17,harga_pihps,42500.0,Rp,BWP01,BD-PIHPS
2025-01-24,17,harga_pihps,54500.0,Rp,CMR01,BD-PIHPS
2025-01-24,17,harga_pihps,58500.0,Rp,CMR02,BD-PIHPS
2025-01-24,17,harga_pihps,60000.0,Rp,CRW01,BD-PIHPS
2025-01-24,17,harga_pihps,51500.0,Rp,CRW02,BD-PIHPS
2025-01-24,17,harga_pihps,35500.0,Rp,DAY01,BD-PIHPS
2025-01-24,17,harga_pihps,135650.0,Rp,DSP01,BD-PIHPS
2025-01-24,17,harga_pihps,135000.0,Rp,DSP02,BD-PIHPS
2025-01-24,17,harga_pihps,18200.0,Rp,GLP01,BD-PIHPS
2025-01-24,17,harga_pihps,19400.0,Rp,GLP02,BD-PIHPS
2025-01-24,17,harga_pihps,18150.0,Rp,MGR01,BD-PIHPS
2025-01-24,17,harga_pihps,21650.0,Rp,MGR02,BD-PIHPS
2025-01-24,17,harga_pihps,20400.0,Rp,MGR03,BD-PIHPS
2025-01-24,17,harga_pihps,29600.0,Rp,TLR01,BD-PIHPS
2025-01-27,17,harga_pihps,14050.0,Rp,BRS01,BD-PIHPS
2025-01-27,17,harga_pihps,14950.0,Rp,BRS02,BD-PIHPS
2025-01-27,17,harga_pihps,15300.0,Rp,BRS03,BD-PIHPS
2025-01-27,17,harga_pihps,15400.0,Rp,BRS04,BD-PIHPS
2025-01-27,17,harga_pihps,15650.0,Rp,BRS05,BD-PIHPS
2025-01-27,17,harga_pihps,15600.0,Rp,BRS06,BD-PIHPS
2025-01-27,17,harga_pihps,40150.0,Rp,BWM01,BD-PIHPS
2025-01-27,17,harga_pihps,42500.0,Rp,BWP01,BD-PIHPS
2025-01-27,17,harga_pihps,54500.0,Rp,CMR01,BD-PIHPS
2025-01-27,17,harga_pihps,58500.0,Rp,CMR02,BD-PIHPS
2025-01-27,17,harga_pihps,60000.0,Rp,CRW01,BD-PIHPS
2025-01-27,17,harga_pihps,51500.0,Rp,CRW02,BD-PIHPS
2025-01-27,17,harga_pihps,35500.0,Rp,DAY01,BD-PIHPS
2025-01-27,17,harga_pihps,135650.0,Rp,DSP01,BD-PIHPS
2025-01-27,17,harga_pihps,135000.0,Rp,DSP02,BD-PIHPS
2025-01-27,17,harga_pihps,18200.0,Rp,GLP01,BD-PIHPS
2025-01-27,17,harga_pihps,19400.0,Rp,GLP02,BD-PIHPS
2025-01-27,17,harga_pihps,18150.0,Rp,MGR01,BD-PIHPS
2025-01-27,17,harga_pihps,21650.0,Rp,MGR02,BD-PIHPS
2025-01-27,17,harga_pihps,20400.0,Rp,MGR03,BD-PIHPS
2025-01-27,17,harga_pihps,29600.0,Rp,TLR01,BD-PIHPS
2025-01-28,17,harga_pihps,14050.0,Rp,BRS01,BD-PIHPS
2025-01-28,17,harga_pihps,14950.0,Rp,BRS02,BD-PIHPS
2025-01-28,17,harga_pihps,15300.0,Rp,BRS03,BD-PIHPS
2025-01-28,17,harga_pihps,15400.0,Rp,BRS04,BD-PIHPS
2025-01-28,17,harga_pihps,15650.0,Rp,BRS05,BD-PIHPS
2025-01-28,17,harga_pihps,15600.0,Rp,BRS06,BD-PIHPS
2025-01-28,17,harga_pihps,40150.0,Rp,BWM01,BD-PIHPS
2025-01-28,17,harga_pihps,42500.0,Rp,BWP01,BD-PIHPS
2025-01-28,17,harga_pihps,54500.0,Rp,CMR01,BD-PIHPS
2025-01-28,17,harga_pihps,58500.0,Rp,CMR02,BD-PIHPS
2025-01-28,17,harga_pihps,60000.0,Rp,CRW01,BD-PIHPS
2025-01-28,17,harga_pihps,51500.0,Rp,CRW02,BD-PIHPS
2025-01-28,17,harga_pihps,35500.0,Rp,DAY01,BD-PIHPS
2025-01-28,17,harga_pihps,135650.0,Rp,DSP01,BD-PIHPS
2025-01-28,17,harga_pihps,135000.0,Rp,DSP02,BD-PIHPS
2025-01-28,17,harga_pihps,18200.0,Rp,GLP01,BD-PIHPS
2025-01-28,17,harga_pihps,19400.0,Rp,GLP02,BD-PIHPS
2025-01-28,17,harga_pihps,18150.0,Rp,MGR01,BD-PIHPS
2025-01-28,17,harga_pihps,21650.0,Rp,MGR02,BD-PIHPS
2025-01-28,17,harga_pihps,20400.0,Rp,MGR03,BD-PIHPS
2025-01-28,17,harga_pihps,29600.0,Rp,TLR01,BD-PIHPS
2025-01-29,17,harga_pihps,14050.0,Rp,BRS01,BD-PIHPS
2025-01-29,17,harga_pihps,14950.0,Rp,BRS02,BD-PIHPS
2025-01-29,17,harga_pihps,15300.0,Rp,BRS03,BD-PIHPS
2025-01-29,17,harga_pihps,15400.0,Rp,BRS04,BD-PIHPS
2025-01-29,17,harga_pihps,15650.0,Rp,BRS05,BD-PIHPS
2025-01-29,17,harga_pihps,15600.0,Rp,BRS06,BD-PIHPS
2025-01-29,17,harga_pihps,40150.0,Rp,BWM01,BD-PIHPS
2025-01-29,17,harga_pihps,42500.0,Rp,BWP01,BD-PIHPS
2025-01-29,17,harga_pihps,54500.0,Rp,CMR01,BD-PIHPS
2025-01-29,17,harga_pihps,58500.0,Rp,CMR02,BD-PIHPS
2025-01-29,17,harga_pihps,60000.0,Rp,CRW01,BD-PIHPS
2025-01-29,17,harga_pihps,51500.0,Rp,CRW02,BD-PIHPS
2025-01-29,17,harga_pihps,35500.0,Rp,DAY01,BD-PIHPS
2025-01-29,17,harga_pihps,135650.0,Rp,DSP01,BD-PIHPS
2025-01-29,17,harga_pihps,135000.0,Rp,DSP02,BD-PIHPS
2025-01-29,17,harga_pihps,18200.0,Rp,GLP01,BD-PIHPS
2025-01-29,17,harga_pihps,19400.0,Rp,GLP02,BD-PIHPS
2025-01-29,17,harga_pihps,18150.0,Rp,MGR01,BD-PIHPS
2025-01-29,17,harga_pihps,21650.0,Rp,MGR02,BD-PIHPS
2025-01-29,17,harga_pihps,20400.0,Rp,MGR03,BD-PIHPS
2025-01-29,17,harga_pihps,29600.0,Rp,TLR01,BD-PIHPS
2025-01-30,17,harga_pihps,14050.0,Rp,BRS01,BD-PIHPS
2025-01-30,17,harga_pihps,14950.0,Rp,BRS02,BD-PIHPS
2025-01-30,17,harga_pihps,15300.0,Rp,BRS03,BD-PIHPS
2025-01-30,17,harga_pihps,15400.0,Rp,BRS04,BD-PIHPS
2025-01-30,17,harga_pihps,15650.0,Rp,BRS05,BD-PIHPS
2025-01-30,17,harga_pihps,15600.0,Rp,BRS06,BD-PIHPS
2025-01-30,17,harga_pihps,40500.0,Rp,BWM01,BD-PIHPS
2025-01-30,17,harga_pihps,42000.0,Rp,BWP01,BD-PIHPS
2025-01-30,17,harga_pihps,58250.0,Rp,CMR01,BD-PIHPS
2025-01-30,17,harga_pihps,56600.0,Rp,CMR02,BD-PIHPS
2025-01-30,17,harga_pihps,62650.0,Rp,CRW01,BD-PIHPS
2025-01-30,17,harga_pihps,40850.0,Rp,CRW02,BD-PIHPS
2025-01-30,17,harga_pihps,35500.0,Rp,DAY01,BD-PIHPS
2025-01-30,17,harga_pihps,135650.0,Rp,DSP01,BD-PIHPS
2025-01-30,17,harga_pihps,135000.0,Rp,DSP02,BD-PIHPS
2025-01-30,17,harga_pihps,18200.0,Rp,GLP01,BD-PIHPS
2025-01-30,17,harga_pihps,19400.0,Rp,GLP02,BD-PIHPS
2025-01-30,17,harga_pihps,18150.0,Rp,MGR01,BD-PIHPS
2025-01-30,17,harga_pihps,21500.0,Rp,MGR02,BD-PIHPS
2025-01-30,17,harga_pihps,20250.0,Rp,MGR03,BD-PIHPS
2025-01-30,17,harga_pihps,29600.0,Rp,TLR01,BD-PIHPS
2025-01-31,17,harga_pihps,14050.0,Rp,BRS01,BD-PIHPS
2025-01-31,17,harga_pihps,14950.0,Rp,BRS02,BD-PIHPS
2025-01-31,17,harga_pihps,15300.0,Rp,BRS03,BD-PIHPS
2025-01-31,17,harga_pihps,15400.0,Rp,BRS04,BD-PIHPS
2025-01-31,17,harga_pihps,15650.0,Rp,BRS05,BD-PIHPS
2025-01-31,17,harga_pihps,15600.0,Rp,BRS06,BD-PIHPS
2025-01-31,17,harga_pihps,40500.0,Rp,BWM01,BD-PIHPS
2025-01-31,17,harga_pihps,42000.0,Rp,BWP01,BD-PIHPS
2025-01-31,17,harga_pihps,51400.0,Rp,CMR01,BD-PIHPS
2025-01-31,17,harga_pihps,56250.0,Rp,CMR02,BD-PIHPS
2025-01-31,17,harga_pihps,60900.0,Rp,CRW01,BD-PIHPS
2025-01-31,17,harga_pihps,47550.0,Rp,CRW02,BD-PIHPS
2025-01-31,17,harga_pihps,35500.0,Rp,DAY01,BD-PIHPS
2025-01-31,17,harga_pihps,135650.0,Rp,DSP01,BD-PIHPS
2025-01-31,17,harga_pihps,135000.0,Rp,DSP02,BD-PIHPS
2025-01-31,17,harga_pihps,18200.0,Rp,GLP01,BD-PIHPS
2025-01-31,17,harga_pihps,19400.0,Rp,GLP02,BD-PIHPS
2025-01-31,17,harga_pihps,18150.0,Rp,MGR01,BD-PIHPS
2025-01-31,17,harga_pihps,21500.0,Rp,MGR02,BD-PIHPS
2025-01-31,17,harga_pihps,20250.0,Rp,MGR03,BD-PIHPS
2025-01-31,17,harga_pihps,29600.0,Rp,TLR01,BD-PIHPS
2025-02-03,17,harga_pihps,14050.0,Rp,BRS01,BD-PIHPS
2025-02-03,17,harga_pihps,14950.0,Rp,BRS02,BD-PIHPS
2025-02-03,17,harga_pihps,15300.0,Rp,BRS03,BD-PIHPS
2025-02-03,17,harga_pihps,15400.0,Rp,BRS04,BD-PIHPS
2025-02-03,17,harga_pihps,15650.0,Rp,BRS05,BD-PIHPS
2025-02-03,17,harga_pihps,15600.0,Rp,BRS06,BD-PIHPS
2025-02-03,17,harga_pihps,40500.0,Rp,BWM01,BD-PIHPS
2025-02-03,17,harga_pihps,42750.0,Rp,BWP01,BD-PIHPS
2025-02-03,17,harga_pihps,52400.0,Rp,CMR01,BD-PIHPS
2025-02-03,17,harga_pihps,57250.0,Rp,CMR02,BD-PIHPS
2025-02-03,17,harga_pihps,61650.0,Rp,CRW01,BD-PIHPS
2025-02-03,17,harga_pihps,48000.0,Rp,CRW02,BD-PIHPS
2025-02-03,17,harga_pihps,33400.0,Rp,DAY01,BD-PIHPS
2025-02-03,17,harga_pihps,135650.0,Rp,DSP01,BD-PIHPS
2025-02-03,17,harga_pihps,135000.0,Rp,DSP02,BD-PIHPS
2025-02-03,17,harga_pihps,18200.0,Rp,GLP01,BD-PIHPS
2025-02-03,17,harga_pihps,19400.0,Rp,GLP02,BD-PIHPS
2025-02-03,17,harga_pihps,18150.0,Rp,MGR01,BD-PIHPS
2025-02-03,17,harga_pihps,21500.0,Rp,MGR02,BD-PIHPS
2025-02-03,17,harga_pihps,20250.0,Rp,MGR03,BD-PIHPS
2025-02-03,17,harga_pihps,29600.0,Rp,TLR01,BD-PIHPS
2025-02-04,17,harga_pihps,14050.0,Rp,BRS01,BD-PIHPS
2025-02-04,17,harga_pihps,14950.0,Rp,BRS02,BD-PIHPS
2025-02-04,17,harga_pihps,15300.0,Rp,BRS03,BD-PIHPS
2025-02-04,17,harga_pihps,15400.0,Rp,BRS04,BD-PIHPS
2025-02-04,17,harga_pihps,15650.0,Rp,BRS05,BD-PIHPS
2025-02-04,17,harga_pihps,15600.0,Rp,BRS06,BD-PIHPS
2025-02-04,17,harga_pihps,40000.0,Rp,BWM01,BD-PIHPS
2025-02-04,17,harga_pihps,42500.0,Rp,BWP01,BD-PIHPS
2025-02-04,17,harga_pihps,55250.0,Rp,CMR01,BD-PIHPS
2025-02-04,17,harga_pihps,61150.0,Rp,CMR02,BD-PIHPS
2025-02-04,17,harga_pihps,64150.0,Rp,CRW01,BD-PIHPS
2025-02-04,17,harga_pihps,50150.0,Rp,CRW02,BD-PIHPS
2025-02-04,17,harga_pihps,33150.0,Rp,DAY01,BD-PIHPS
2025-02-04,17,harga_pihps,135650.0,Rp,DSP01,BD-PIHPS
2025-02-04,17,harga_pihps,135000.0,Rp,DSP02,BD-PIHPS
2025-02-04,17,harga_pihps,18200.0,Rp,GLP01,BD-PIHPS
2025-02-04,17,harga_pihps,19400.0,Rp,GLP02,BD-PIHPS
2025-02-04,17,harga_pihps,18150.0,Rp,MGR01,BD-PIHPS
2025-02-04,17,harga_pihps,21500.0,Rp,MGR02,BD-PIHPS
2025-02-04,17,harga_pihps,20250.0,Rp,MGR03,BD-PIHPS
2025-02-04,17,harga_pihps,29400.0,Rp,TLR01,BD-PIHPS
2025-02-05,17,harga_pihps,14050.0,Rp,BRS01,BD-PIHPS
2025-02-05,17,harga_pihps,14950.0,Rp,BRS02,BD-PIHPS
2025-02-05,17,harga_pihps,15300.0,Rp,BRS03,BD-PIHPS
2025-02-05,17,harga_pihps,15400.0,Rp,BRS04,BD-PIHPS
2025-02-05,17,harga_pihps,15650.0,Rp,BRS05,BD-PIHPS
2025-02-05,17,harga_pihps,15600.0,Rp,BRS06,BD-PIHPS
2025-02-05,17,harga_pihps,38900.0,Rp,BWM01,BD-PIHPS
2025-02-05,17,harga_pihps,42500.0,Rp,BWP01,BD-PIHPS
2025-02-05,17,harga_pihps,56150.0,Rp,CMR01,BD-PIHPS
2025-02-05,17,harga_pihps,62900.0,Rp,CMR02,BD-PIHPS
2025-02-05,17,harga_pihps,66000.0,Rp,CRW01,BD-PIHPS
2025-02-05,17,harga_pihps,52550.0,Rp,CRW02,BD-PIHPS
2025-02-05,17,harga_pihps,33150.0,Rp,DAY01,BD-PIHPS
2025-02-05,17,harga_pihps,135650.0,Rp,DSP01,BD-PIHPS
2025-02-05,17,harga_pihps,135000.0,Rp,DSP02,BD-PIHPS
2025-02-05,17,harga_pihps,18200.0,Rp,GLP01,BD-PIHPS
2025-02-05,17,harga_pihps,19400.0,Rp,GLP02,BD-PIHPS
2025-02-05,17,harga_pihps,18150.0,Rp,MGR01,BD-PIHPS
2025-02-05,17,harga_pihps,21500.0,Rp,MGR02,BD-PIHPS
2025-02-05,17,harga_pihps,20250.0,Rp,MGR03,BD-PIHPS
2025-02-05,17,harga_pihps,29400.0,Rp,TLR01,BD-PIHPS
2025-02-06,17,harga_pihps,14050.0,Rp,BRS01,BD-PIHPS
2025-02-06,17,harga_pihps,14950.0,Rp,BRS02,BD-PIHPS
2025-02-06,17,harga_pihps,15300.0,Rp,BRS03,BD-PIHPS
2025-02-06,17,harga_pihps,15400.0,Rp,BRS04,BD-PIHPS
2025-02-06,17,harga_pihps,15650.0,Rp,BRS05,BD-PIHPS
2025-02-06,17,harga_pihps,15600.0,Rp,BRS06,BD-PIHPS
2025-02-06,17,harga_pihps,38500.0,Rp,BWM01,BD-PIHPS
2025-02-06,17,harga_pihps,42750.0,Rp,BWP01,BD-PIHPS
2025-02-06,17,harga_pihps,59650.0,Rp,CMR01,BD-PIHPS
2025-02-06,17,harga_pihps,65400.0,Rp,CMR02,BD-PIHPS
2025-02-06,17,harga_pihps,72000.0,Rp,CRW01,BD-PIHPS
2025-02-06,17,harga_pihps,54200.0,Rp,CRW02,BD-PIHPS
2025-02-06,17,harga_pihps,33150.0,Rp,DAY01,BD-PIHPS
2025-02-06,17,harga_pihps,135650.0,Rp,DSP01,BD-PIHPS
2025-02-06,17,harga_pihps,135000.0,Rp,DSP02,BD-PIHPS
2025-02-06,17,harga_pihps,18200.0,Rp,GLP01,BD-PIHPS
2025-02-06,17,harga_pihps,19400.0,Rp,GLP02,BD-PIHPS
2025-02-06,17,harga_pihps,18150.0,Rp,MGR01,BD-PIHPS
2025-02-06,17,harga_pihps,21500.0,Rp,MGR02,BD-PIHPS
2025-02-06,17,harga_pihps,20250.0,Rp,MGR03,BD-PIHPS
2025-02-06,17,harga_pihps,29000.0,Rp,TLR01,BD-PIHPS
2025-02-07,17,harga_pihps,14050.0,Rp,BRS01,BD-PIHPS
2025-02-07,17,harga_pihps,14950.0,Rp,BRS02,BD-PIHPS
2025-02-07,17,harga_pihps,15300.0,Rp,BRS03,BD-PIHPS
2025-02-07,17,harga_pihps,15400.0,Rp,BRS04,BD-PIHPS
2025-02-07,17,harga_pihps,15650.0,Rp,BRS05,BD-PIHPS
2025-02-07,17,harga_pihps,15600.0,Rp,BRS06,BD-PIHPS
2025-02-07,17,harga_pihps,38500.0,Rp,BWM01,BD-PIHPS
2025-02-07,17,harga_pihps,42750.0,Rp,BWP01,BD-PIHPS
2025-02-07,17,harga_pihps,55650.0,Rp,CMR01,BD-PIHPS
2025-02-07,17,harga_pihps,60900.0,Rp,CMR02,BD-PIHPS
2025-02-07,17,harga_pihps,76500.0,Rp,CRW01,BD-PIHPS
2025-02-07,17,harga_pihps,54950.0,Rp,CRW02,BD-PIHPS
2025-02-07,17,harga_pihps,33150.0,Rp,DAY01,BD-PIHPS
2025-02-07,17,harga_pihps,135650.0,Rp,DSP01,BD-PIHPS
2025-02-07,17,harga_pihps,135000.0,Rp,DSP02,BD-PIHPS
2025-02-07,17,harga_pihps,18200.0,Rp,GLP01,BD-PIHPS
2025-02-07,17,harga_pihps,19400.0,Rp,GLP02,BD-PIHPS
2025-02-07,17,harga_pihps,18200.0,Rp,MGR01,BD-PIHPS
2025-02-07,17,harga_pihps,21650.0,Rp,MGR02,BD-PIHPS
2025-02-07,17,harga_pihps,20250.0,Rp,MGR03,BD-PIHPS
2025-02-07,17,harga_pihps,29000.0,Rp,TLR01,BD-PIHPS
2025-02-10,17,harga_pihps,14050.0,Rp,BRS01,BD-PIHPS
2025-02-10,17,harga_pihps,14950.0,Rp,BRS02,BD-PIHPS
2025-02-10,17,harga_pihps,15300.0,Rp,BRS03,BD-PIHPS
2025-02-10,17,harga_pihps,15400.0,Rp,BRS04,BD-PIHPS
2025-02-10,17,harga_pihps,15650.0,Rp,BRS05,BD-PIHPS
2025-02-10,17,harga_pihps,15600.0,Rp,BRS06,BD-PIHPS
2025-02-10,17,harga_pihps,38500.0,Rp,BWM01,BD-PIHPS
2025-02-10,17,harga_pihps,42750.0,Rp,BWP01,BD-PIHPS
2025-02-10,17,harga_pihps,51650.0,Rp,CMR01,BD-PIHPS
2025-02-10,17,harga_pihps,56650.0,Rp,CMR02,BD-PIHPS
2025-02-10,17,harga_pihps,77000.0,Rp,CRW01,BD-PIHPS
2025-02-10,17,harga_pihps,53950.0,Rp,CRW02,BD-PIHPS
2025-02-10,17,harga_pihps,33150.0,Rp,DAY01,BD-PIHPS
2025-02-10,17,harga_pihps,135650.0,Rp,DSP01,BD-PIHPS
2025-02-10,17,harga_pihps,135000.0,Rp,DSP02,BD-PIHPS
2025-02-10,17,harga_pihps,18250.0,Rp,GLP01,BD-PIHPS
2025-02-10,17,harga_pihps,19400.0,Rp,GLP02,BD-PIHPS
2025-02-10,17,harga_pihps,18200.0,Rp,MGR01,BD-PIHPS
2025-02-10,17,harga_pihps,21650.0,Rp,MGR02,BD-PIHPS
2025-02-10,17,harga_pihps,20250.0,Rp,MGR03,BD-PIHPS
2025-02-10,17,harga_pihps,29000.0,Rp,TLR01,BD-PIHPS
2025-02-11,17,harga_pihps,14050.0,Rp,BRS01,BD-PIHPS
2025-02-11,17,harga_pihps,14950.0,Rp,BRS02,BD-PIHPS
2025-02-11,17,harga_pihps,15300.0,Rp,BRS03,BD-PIHPS
2025-02-11,17,harga_pihps,15400.0,Rp,BRS04,BD-PIHPS
2025-02-11,17,harga_pihps,15650.0,Rp,BRS05,BD-PIHPS
2025-02-11,17,harga_pihps,15600.0,Rp,BRS06,BD-PIHPS
2025-02-11,17,harga_pihps,39150.0,Rp,BWM01,BD-PIHPS
2025-02-11,17,harga_pihps,42750.0,Rp,BWP01,BD-PIHPS
2025-02-11,17,harga_pihps,48750.0,Rp,CMR01,BD-PIHPS
2025-02-11,17,harga_pihps,53750.0,Rp,CMR02,BD-PIHPS
2025-02-11,17,harga_pihps,77650.0,Rp,CRW01,BD-PIHPS
2025-02-11,17,harga_pihps,53700.0,Rp,CRW02,BD-PIHPS
2025-02-11,17,harga_pihps,33150.0,Rp,DAY01,BD-PIHPS
2025-02-11,17,harga_pihps,135650.0,Rp,DSP01,BD-PIHPS
2025-02-11,17,harga_pihps,135000.0,Rp,DSP02,BD-PIHPS
2025-02-11,17,harga_pihps,18250.0,Rp,GLP01,BD-PIHPS
2025-02-11,17,harga_pihps,19400.0,Rp,GLP02,BD-PIHPS
2025-02-11,17,harga_pihps,18200.0,Rp,MGR01,BD-PIHPS
2025-02-11,17,harga_pihps,21650.0,Rp,MGR02,BD-PIHPS
2025-02-11,17,harga_pihps,20250.0,Rp,MGR03,BD-PIHPS
2025-02-11,17,harga_pihps,29000.0,Rp,TLR01,BD-PIHPS
2025-02-12,17,harga_pihps,14050.0,Rp,BRS01,BD-PIHPS
2025-02-12,17,harga_pihps,14950.0,Rp,BRS02,BD-PIHPS
2025-02-12,17,harga_pihps,15300.0,Rp,BRS03,BD-PIHPS
2025-02-12,17,harga_pihps,15400.0,Rp,BRS04,BD-PIHPS
2025-02-12,17,harga_pihps,15650.0,Rp,BRS05,BD-PIHPS
2025-02-12,17,harga_pihps,15600.0,Rp,BRS06,BD-PIHPS
2025-02-12,17,harga_pihps,39150.0,Rp,BWM01,BD-PIHPS
2025-02-12,17,harga_pihps,42750.0,Rp,BWP01,BD-PIHPS
2025-02-12,17,harga_pihps,48900.0,Rp,CMR01,BD-PIHPS
2025-02-12,17,harga_pihps,53750.0,Rp,CMR02,BD-PIHPS
2025-02-12,17,harga_pihps,77900.0,Rp,CRW01,BD-PIHPS
2025-02-12,17,harga_pihps,53800.0,Rp,CRW02,BD-PIHPS
2025-02-12,17,harga_pihps,32500.0,Rp,DAY01,BD-PIHPS
2025-02-12,17,harga_pihps,135650.0,Rp,DSP01,BD-PIHPS
2025-02-12,17,harga_pihps,135000.0,Rp,DSP02,BD-PIHPS
2025-02-12,17,harga_pihps,18300.0,Rp,GLP01,BD-PIHPS
2025-02-12,17,harga_pihps,19400.0,Rp,GLP02,BD-PIHPS
2025-02-12,17,harga_pihps,18200.0,Rp,MGR01,BD-PIHPS
2025-02-12,17,harga_pihps,21650.0,Rp,MGR02,BD-PIHPS
2025-02-12,17,harga_pihps,20250.0,Rp,MGR03,BD-PIHPS
2025-02-12,17,harga_pihps,29000.0,Rp,TLR01,BD-PIHPS
2025-02-13,17,harga_pihps,14050.0,Rp,BRS01,BD-PIHPS
2025-02-13,17,harga_pihps,14950.0,Rp,BRS02,BD-PIHPS
2025-02-13,17,harga_pihps,15300.0,Rp,BRS03,BD-PIHPS
2025-02-13,17,harga_pihps,15400.0,Rp,BRS04,BD-PIHPS
2025-02-13,17,harga_pihps,15650.0,Rp,BRS05,BD-PIHPS
2025-02-13,17,harga_pihps,15600.0,Rp,BRS06,BD-PIHPS
2025-02-13,17,harga_pihps,39150.0,Rp,BWM01,BD-PIHPS
2025-02-13,17,harga_pihps,42750.0,Rp,BWP01,BD-PIHPS
2025-02-13,17,harga_pihps,49150.0,Rp,CMR01,BD-PIHPS
2025-02-13,17,harga_pihps,52900.0,Rp,CMR02,BD-PIHPS
2025-02-13,17,harga_pihps,78650.0,Rp,CRW01,BD-PIHPS
2025-02-13,17,harga_pihps,52650.0,Rp,CRW02,BD-PIHPS
2025-02-13,17,harga_pihps,32400.0,Rp,DAY01,BD-PIHPS
2025-02-13,17,harga_pihps,135650.0,Rp,DSP01,BD-PIHPS
2025-02-13,17,harga_pihps,135000.0,Rp,DSP02,BD-PIHPS
2025-02-13,17,harga_pihps,18300.0,Rp,GLP01,BD-PIHPS
2025-02-13,17,harga_pihps,19400.0,Rp,GLP02,BD-PIHPS
2025-02-13,17,harga_pihps,18200.0,Rp,MGR01,BD-PIHPS
2025-02-13,17,harga_pihps,21650.0,Rp,MGR02,BD-PIHPS
2025-02-13,17,harga_pihps,20250.0,Rp,MGR03,BD-PIHPS
2025-02-13,17,harga_pihps,28350.0,Rp,TLR01,BD-PIHPS
2025-02-14,17,harga_pihps,14100.0,Rp,BRS01,BD-PIHPS
2025-02-14,17,harga_pihps,15000.0,Rp,BRS02,BD-PIHPS
2025-02-14,17,harga_pihps,15300.0,Rp,BRS03,BD-PIHPS
2025-02-14,17,harga_pihps,15500.0,Rp,BRS04,BD-PIHPS
2025-02-14,17,harga_pihps,15650.0,Rp,BRS05,BD-PIHPS
2025-02-14,17,harga_pihps,15650.0,Rp,BRS06,BD-PIHPS
2025-02-14,17,harga_pihps,38750.0,Rp,BWM01,BD-PIHPS
2025-02-14,17,harga_pihps,42750.0,Rp,BWP01,BD-PIHPS
2025-02-14,17,harga_pihps,49150.0,Rp,CMR01,BD-PIHPS
2025-02-14,17,harga_pihps,52900.0,Rp,CMR02,BD-PIHPS
2025-02-14,17,harga_pihps,78650.0,Rp,CRW01,BD-PIHPS
2025-02-14,17,harga_pihps,52650.0,Rp,CRW02,BD-PIHPS
2025-02-14,17,harga_pihps,32400.0,Rp,DAY01,BD-PIHPS
2025-02-14,17,harga_pihps,135650.0,Rp,DSP01,BD-PIHPS
2025-02-14,17,harga_pihps,135000.0,Rp,DSP02,BD-PIHPS
2025-02-14,17,harga_pihps,18300.0,Rp,GLP01,BD-PIHPS
2025-02-14,17,harga_pihps,19400.0,Rp,GLP02,BD-PIHPS
2025-02-14,17,harga_pihps,18200.0,Rp,MGR01,BD-PIHPS
2025-02-14,17,harga_pihps,21650.0,Rp,MGR02,BD-PIHPS
2025-02-14,17,harga_pihps,20250.0,Rp,MGR03,BD-PIHPS
2025-02-14,17,harga_pihps,28350.0,Rp,TLR01,BD-PIHPS
2025-02-17,17,harga_pihps,14100.0,Rp,BRS01,BD-PIHPS
2025-02-17,17,harga_pihps,15000.0,Rp,BRS02,BD-PIHPS
2025-02-17,17,harga_pihps,15300.0,Rp,BRS03,BD-PIHPS
2025-02-17,17,harga_pihps,15500.0,Rp,BRS04,BD-PIHPS
2025-02-17,17,harga_pihps,15650.0,Rp,BRS05,BD-PIHPS
2025-02-17,17,harga_pihps,15650.0,Rp,BRS06,BD-PIHPS
2025-02-17,17,harga_pihps,41150.0,Rp,BWM01,BD-PIHPS
2025-02-17,17,harga_pihps,43000.0,Rp,BWP01,BD-PIHPS
2025-02-17,17,harga_pihps,47650.0,Rp,CMR01,BD-PIHPS
2025-02-17,17,harga_pihps,52150.0,Rp,CMR02,BD-PIHPS
2025-02-17,17,harga_pihps,80000.0,Rp,CRW01,BD-PIHPS
2025-02-17,17,harga_pihps,54700.0,Rp,CRW02,BD-PIHPS
2025-02-17,17,harga_pihps,31400.0,Rp,DAY01,BD-PIHPS
2025-02-17,17,harga_pihps,135650.0,Rp,DSP01,BD-PIHPS
2025-02-17,17,harga_pihps,135000.0,Rp,DSP02,BD-PIHPS
2025-02-17,17,harga_pihps,18300.0,Rp,GLP01,BD-PIHPS
2025-02-17,17,harga_pihps,19400.0,Rp,GLP02,BD-PIHPS
2025-02-17,17,harga_pihps,18200.0,Rp,MGR01,BD-PIHPS
2025-02-17,17,harga_pihps,21650.0,Rp,MGR02,BD-PIHPS
2025-02-17,17,harga_pihps,20250.0,Rp,MGR03,BD-PIHPS
2025-02-17,17,harga_pihps,28350.0,Rp,TLR01,BD-PIHPS
2025-02-18,17,harga_pihps,14100.0,Rp,BRS01,BD-PIHPS
2025-02-18,17,harga_pihps,15000.0,Rp,BRS02,BD-PIHPS
2025-02-18,17,harga_pihps,15300.0,Rp,BRS03,BD-PIHPS
2025-02-18,17,harga_pihps,15500.0,Rp,BRS04,BD-PIHPS
2025-02-18,17,harga_pihps,15650.0,Rp,BRS05,BD-PIHPS
2025-02-18,17,harga_pihps,15650.0,Rp,BRS06,BD-PIHPS
2025-02-18,17,harga_pihps,42000.0,Rp,BWM01,BD-PIHPS
2025-02-18,17,harga_pihps,43250.0,Rp,BWP01,BD-PIHPS
2025-02-18,17,harga_pihps,45400.0,Rp,CMR01,BD-PIHPS
2025-02-18,17,harga_pihps,50650.0,Rp,CMR02,BD-PIHPS
2025-02-18,17,harga_pihps,81250.0,Rp,CRW01,BD-PIHPS
2025-02-18,17,harga_pihps,55500.0,Rp,CRW02,BD-PIHPS
2025-02-18,17,harga_pihps,31400.0,Rp,DAY01,BD-PIHPS
2025-02-18,17,harga_pihps,135650.0,Rp,DSP01,BD-PIHPS
2025-02-18,17,harga_pihps,135000.0,Rp,DSP02,BD-PIHPS
2025-02-18,17,harga_pihps,18300.0,Rp,GLP01,BD-PIHPS
2025-02-18,17,harga_pihps,19400.0,Rp,GLP02,BD-PIHPS
2025-02-18,17,harga_pihps,18200.0,Rp,MGR01,BD-PIHPS
2025-02-18,17,harga_pihps,21650.0,Rp,MGR02,BD-PIHPS
2025-02-18,17,harga_pihps,20400.0,Rp,MGR03,BD-PIHPS
2025-02-18,17,harga_pihps,28350.0,Rp,TLR01,BD-PIHPS
2025-02-19,17,harga_pihps,14100.0,Rp,BRS01,BD-PIHPS
2025-02-19,17,harga_pihps,15000.0,Rp,BRS02,BD-PIHPS
2025-02-19,17,harga_pihps,15300.0,Rp,BRS03,BD-PIHPS
2025-02-19,17,harga_pihps,15500.0,Rp,BRS04,BD-PIHPS
2025-02-19,17,harga_pihps,15650.0,Rp,BRS05,BD-PIHPS
2025-02-19,17,harga_pihps,15650.0,Rp,BRS06,BD-PIHPS
2025-02-19,17,harga_pihps,40000.0,Rp,BWM01,BD-PIHPS
2025-02-19,17,harga_pihps,43250.0,Rp,BWP01,BD-PIHPS
2025-02-19,17,harga_pihps,42250.0,Rp,CMR01,BD-PIHPS
2025-02-19,17,harga_pihps,48250.0,Rp,CMR02,BD-PIHPS
2025-02-19,17,harga_pihps,77250.0,Rp,CRW01,BD-PIHPS
2025-02-19,17,harga_pihps,53300.0,Rp,CRW02,BD-PIHPS
2025-02-19,17,harga_pihps,31400.0,Rp,DAY01,BD-PIHPS
2025-02-19,17,harga_pihps,135650.0,Rp,DSP01,BD-PIHPS
2025-02-19,17,harga_pihps,135000.0,Rp,DSP02,BD-PIHPS
2025-02-19,17,harga_pihps,18300.0,Rp,GLP01,BD-PIHPS
2025-02-19,17,harga_pihps,19400.0,Rp,GLP02,BD-PIHPS
2025-02-19,17,harga_pihps,18200.0,Rp,MGR01,BD-PIHPS
2025-02-19,17,harga_pihps,21650.0,Rp,MGR02,BD-PIHPS
2025-02-19,17,harga_pihps,20500.0,Rp,MGR03,BD-PIHPS
2025-02-19,17,harga_pihps,28350.0,Rp,TLR01,BD-PIHPS
2025-02-20,17,harga_pihps,14100.0,Rp,BRS01,BD-PIHPS
2025-02-20,17,harga_pihps,15000.0,Rp,BRS02,BD-PIHPS
2025-02-20,17,harga_pihps,15300.0,Rp,BRS03,BD-PIHPS
2025-02-20,17,harga_pihps,15500.0,Rp,BRS04,BD-PIHPS
2025-02-20,17,harga_pihps,15650.0,Rp,BRS05,BD-PIHPS
2025-02-20,17,harga_pihps,15650.0,Rp,BRS06,BD-PIHPS
2025-02-20,17,harga_pihps,38900.0,Rp,BWM01,BD-PIHPS
2025-02-20,17,harga_pihps,43500.0,Rp,BWP01,BD-PIHPS
2025-02-20,17,harga_pihps,39650.0,Rp,CMR01,BD-PIHPS
2025-02-20,17,harga_pihps,44150.0,Rp,CMR02,BD-PIHPS
2025-02-20,17,harga_pihps,73750.0,Rp,CRW01,BD-PIHPS
2025-02-20,17,harga_pihps,51000.0,Rp,CRW02,BD-PIHPS
2025-02-20,17,harga_pihps,31400.0,Rp,DAY01,BD-PIHPS
2025-02-20,17,harga_pihps,135650.0,Rp,DSP01,BD-PIHPS
2025-02-20,17,harga_pihps,135000.0,Rp,DSP02,BD-PIHPS
2025-02-20,17,harga_pihps,18300.0,Rp,GLP01,BD-PIHPS
2025-02-20,17,harga_pihps,19400.0,Rp,GLP02,BD-PIHPS
2025-02-20,17,harga_pihps,18200.0,Rp,MGR01,BD-PIHPS
2025-02-20,17,harga_pihps,21650.0,Rp,MGR02,BD-PIHPS
2025-02-20,17,harga_pihps,20500.0,Rp,MGR03,BD-PIHPS
2025-02-20,17,harga_pihps,28350.0,Rp,TLR01,BD-PIHPS
2025-02-21,17,harga_pihps,14100.0,Rp,BRS01,BD-PIHPS
2025-02-21,17,harga_pihps,15000.0,Rp,BRS02,BD-PIHPS
2025-02-21,17,harga_pihps,15300.0,Rp,BRS03,BD-PIHPS
2025-02-21,17,harga_pihps,15500.0,Rp,BRS04,BD-PIHPS
2025-02-21,17,harga_pihps,15650.0,Rp,BRS05,BD-PIHPS
2025-02-21,17,harga_pihps,15650.0,Rp,BRS06,BD-PIHPS
2025-02-21,17,harga_pihps,38900.0,Rp,BWM01,BD-PIHPS
2025-02-21,17,harga_pihps,44150.0,Rp,BWP01,BD-PIHPS
2025-02-21,17,harga_pihps,39250.0,Rp,CMR01,BD-PIHPS
2025-02-21,17,harga_pihps,43650.0,Rp,CMR02,BD-PIHPS
2025-02-21,17,harga_pihps,71000.0,Rp,CRW01,BD-PIHPS
2025-02-21,17,harga_pihps,50550.0,Rp,CRW02,BD-PIHPS
2025-02-21,17,harga_pihps,31400.0,Rp,DAY01,BD-PIHPS
2025-02-21,17,harga_pihps,135650.0,Rp,DSP01,BD-PIHPS
2025-02-21,17,harga_pihps,135000.0,Rp,DSP02,BD-PIHPS
2025-02-21,17,harga_pihps,18300.0,Rp,GLP01,BD-PIHPS
2025-02-21,17,harga_pihps,19400.0,Rp,GLP02,BD-PIHPS
2025-02-21,17,harga_pihps,18200.0,Rp,MGR01,BD-PIHPS
2025-02-21,17,harga_pihps,21650.0,Rp,MGR02,BD-PIHPS
2025-02-21,17,harga_pihps,20500.0,Rp,MGR03,BD-PIHPS
2025-02-21,17,harga_pihps,27900.0,Rp,TLR01,BD-PIHPS
2025-02-24,17,harga_pihps,14100.0,Rp,BRS01,BD-PIHPS
2025-02-24,17,harga_pihps,15000.0,Rp,BRS02,BD-PIHPS
2025-02-24,17,harga_pihps,15300.0,Rp,BRS03,BD-PIHPS
2025-02-24,17,harga_pihps,15500.0,Rp,BRS04,BD-PIHPS
2025-02-24,17,harga_pihps,15650.0,Rp,BRS05,BD-PIHPS
2025-02-24,17,harga_pihps,15650.0,Rp,BRS06,BD-PIHPS
2025-02-24,17,harga_pihps,40000.0,Rp,BWM01,BD-PIHPS
2025-02-24,17,harga_pihps,43650.0,Rp,BWP01,BD-PIHPS
2025-02-24,17,harga_pihps,43150.0,Rp,CMR01,BD-PIHPS
2025-02-24,17,harga_pihps,46250.0,Rp,CMR02,BD-PIHPS
2025-02-24,17,harga_pihps,68150.0,Rp,CRW01,BD-PIHPS
2025-02-24,17,harga_pihps,50900.0,Rp,CRW02,BD-PIHPS
2025-02-24,17,harga_pihps,31400.0,Rp,DAY01,BD-PIHPS
2025-02-24,17,harga_pihps,135650.0,Rp,DSP01,BD-PIHPS
2025-02-24,17,harga_pihps,135000.0,Rp,DSP02,BD-PIHPS
2025-02-24,17,harga_pihps,18300.0,Rp,GLP01,BD-PIHPS
2025-02-24,17,harga_pihps,19400.0,Rp,GLP02,BD-PIHPS
2025-02-24,17,harga_pihps,18200.0,Rp,MGR01,BD-PIHPS
2025-02-24,17,harga_pihps,21650.0,Rp,MGR02,BD-PIHPS
2025-02-24,17,harga_pihps,20500.0,Rp,MGR03,BD-PIHPS
2025-02-24,17,harga_pihps,27900.0,Rp,TLR01,BD-PIHPS
2025-02-25,17,harga_pihps,14100.0,Rp,BRS01,BD-PIHPS
2025-02-25,17,harga_pihps,15000.0,Rp,BRS02,BD-PIHPS
2025-02-25,17,harga_pihps,15300.0,Rp,BRS03,BD-PIHPS
2025-02-25,17,harga_pihps,15500.0,Rp,BRS04,BD-PIHPS
2025-02-25,17,harga_pihps,15650.0,Rp,BRS05,BD-PIHPS
2025-02-25,17,harga_pihps,15650.0,Rp,BRS06,BD-PIHPS
2025-02-25,17,harga_pihps,40250.0,Rp,BWM01,BD-PIHPS
2025-02-25,17,harga_pihps,43650.0,Rp,BWP01,BD-PIHPS
2025-02-25,17,harga_pihps,45400.0,Rp,CMR01,BD-PIHPS
2025-02-25,17,harga_pihps,48500.0,Rp,CMR02,BD-PIHPS
2025-02-25,17,harga_pihps,65650.0,Rp,CRW01,BD-PIHPS
2025-02-25,17,harga_pihps,51500.0,Rp,CRW02,BD-PIHPS
2025-02-25,17,harga_pihps,31400.0,Rp,DAY01,BD-PIHPS
2025-02-25,17,harga_pihps,135650.0,Rp,DSP01,BD-PIHPS
2025-02-25,17,harga_pihps,120400.0,Rp,DSP02,BD-PIHPS
2025-02-25,17,harga_pihps,18300.0,Rp,GLP01,BD-PIHPS
2025-02-25,17,harga_pihps,19400.0,Rp,GLP02,BD-PIHPS
2025-02-25,17,harga_pihps,18550.0,Rp,MGR01,BD-PIHPS
2025-02-25,17,harga_pihps,21650.0,Rp,MGR02,BD-PIHPS
2025-02-25,17,harga_pihps,20500.0,Rp,MGR03,BD-PIHPS
2025-02-25,17,harga_pihps,27900.0,Rp,TLR01,BD-PIHPS
2025-02-26,17,harga_pihps,14100.0,Rp,BRS01,BD-PIHPS
2025-02-26,17,harga_pihps,15000.0,Rp,BRS02,BD-PIHPS
2025-02-26,17,harga_pihps,15300.0,Rp,BRS03,BD-PIHPS
2025-02-26,17,harga_pihps,15500.0,Rp,BRS04,BD-PIHPS
2025-02-26,17,harga_pihps,15650.0,Rp,BRS05,BD-PIHPS
2025-02-26,17,harga_pihps,15650.0,Rp,BRS06,BD-PIHPS
2025-02-26,17,harga_pihps,41400.0,Rp,BWM01,BD-PIHPS
2025-02-26,17,harga_pihps,43650.0,Rp,BWP01,BD-PIHPS
2025-02-26,17,harga_pihps,45900.0,Rp,CMR01,BD-PIHPS
2025-02-26,17,harga_pihps,49650.0,Rp,CMR02,BD-PIHPS
2025-02-26,17,harga_pihps,66250.0,Rp,CRW01,BD-PIHPS
2025-02-26,17,harga_pihps,51000.0,Rp,CRW02,BD-PIHPS
2025-02-26,17,harga_pihps,32900.0,Rp,DAY01,BD-PIHPS
2025-02-26,17,harga_pihps,135650.0,Rp,DSP01,BD-PIHPS
2025-02-26,17,harga_pihps,135000.0,Rp,DSP02,BD-PIHPS
2025-02-26,17,harga_pihps,18300.0,Rp,GLP01,BD-PIHPS
2025-02-26,17,harga_pihps,19400.0,Rp,GLP02,BD-PIHPS
2025-02-26,17,harga_pihps,18550.0,Rp,MGR01,BD-PIHPS
2025-02-26,17,harga_pihps,21650.0,Rp,MGR02,BD-PIHPS
2025-02-26,17,harga_pihps,20500.0,Rp,MGR03,BD-PIHPS
2025-02-26,17,harga_pihps,28150.0,Rp,TLR01,BD-PIHPS
2025-02-27,17,harga_pihps,14150.0,Rp,BRS01,BD-PIHPS
2025-02-27,17,harga_pihps,15000.0,Rp,BRS02,BD-PIHPS
2025-02-27,17,harga_pihps,15300.0,Rp,BRS03,BD-PIHPS
2025-02-27,17,harga_pihps,15700.0,Rp,BRS04,BD-PIHPS
2025-02-27,17,harga_pihps,15650.0,Rp,BRS05,BD-PIHPS
2025-02-27,17,harga_pihps,15850.0,Rp,BRS06,BD-PIHPS
2025-02-27,17,harga_pihps,42400.0,Rp,BWM01,BD-PIHPS
2025-02-27,17,harga_pihps,43650.0,Rp,BWP01,BD-PIHPS
2025-02-27,17,harga_pihps,49500.0,Rp,CMR01,BD-PIHPS
2025-02-27,17,harga_pihps,55900.0,Rp,CMR02,BD-PIHPS
2025-02-27,17,harga_pihps,66000.0,Rp,CRW01,BD-PIHPS
2025-02-27,17,harga_pihps,54900.0,Rp,CRW02,BD-PIHPS
2025-02-27,17,harga_pihps,33900.0,Rp,DAY01,BD-PIHPS
2025-02-27,17,harga_pihps,137500.0,Rp,DSP01,BD-PIHPS
2025-02-27,17,harga_pihps,137500.0,Rp,DSP02,BD-PIHPS
2025-02-27,17,harga_pihps,18300.0,Rp,GLP01,BD-PIHPS
2025-02-27,17,harga_pihps,19250.0,Rp,GLP02,BD-PIHPS
2025-02-27,17,harga_pihps,18500.0,Rp,MGR01,BD-PIHPS
2025-02-27,17,harga_pihps,21650.0,Rp,MGR02,BD-PIHPS
2025-02-27,17,harga_pihps,20500.0,Rp,MGR03,BD-PIHPS
2025-02-27,17,harga_pihps,28150.0,Rp,TLR01,BD-PIHPS
2025-02-28,17,harga_pihps,14150.0,Rp,BRS01,BD-PIHPS
2025-02-28,17,harga_pihps,15000.0,Rp,BRS02,BD-PIHPS
2025-02-28,17,harga_pihps,15350.0,Rp,BRS03,BD-PIHPS
2025-02-28,17,harga_pihps,15700.0,Rp,BRS04,BD-PIHPS
2025-02-28,17,harga_pihps,15650.0,Rp,BRS05,BD-PIHPS
2025-02-28,17,harga_pihps,15850.0,Rp,BRS06,BD-PIHPS
2025-02-28,17,harga_pihps,43400.0,Rp,BWM01,BD-PIHPS
2025-02-28,17,harga_pihps,44650.0,Rp,BWP01,BD-PIHPS
2025-02-28,17,harga_pihps,51750.0,Rp,CMR01,BD-PIHPS
2025-02-28,17,harga_pihps,58900.0,Rp,CMR02,BD-PIHPS
2025-02-28,17,harga_pihps,66650.0,Rp,CRW01,BD-PIHPS
2025-02-28,17,harga_pihps,58050.0,Rp,CRW02,BD-PIHPS
2025-02-28,17,harga_pihps,35000.0,Rp,DAY01,BD-PIHPS
2025-02-28,17,harga_pihps,137500.0,Rp,DSP01,BD-PIHPS
2025-02-28,17,harga_pihps,137500.0,Rp,DSP02,BD-PIHPS
2025-02-28,17,harga_pihps,18300.0,Rp,GLP01,BD-PIHPS
2025-02-28,17,harga_pihps,19250.0,Rp,GLP02,BD-PIHPS
2025-02-28,17,harga_pihps,18500.0,Rp,MGR01,BD-PIHPS
2025-02-28,17,harga_pihps,21750.0,Rp,MGR02,BD-PIHPS
2025-02-28,17,harga_pihps,20650.0,Rp,MGR03,BD-PIHPS
2025-02-28,17,harga_pihps,28150.0,Rp,TLR01,BD-PIHPS
2025-03-03,17,harga_pihps,14150.0,Rp,BRS01,BD-PIHPS
2025-03-03,17,harga_pihps,15000.0,Rp,BRS02,BD-PIHPS
2025-03-03,17,harga_pihps,15350.0,Rp,BRS03,BD-PIHPS
2025-03-03,17,harga_pihps,15700.0,Rp,BRS04,BD-PIHPS
2025-03-03,17,harga_pihps,15650.0,Rp,BRS05,BD-PIHPS
2025-03-03,17,harga_pihps,15850.0,Rp,BRS06,BD-PIHPS
2025-03-03,17,harga_pihps,43500.0,Rp,BWM01,BD-PIHPS
2025-03-03,17,harga_pihps,45000.0,Rp,BWP01,BD-PIHPS
2025-03-03,17,harga_pihps,53250.0,Rp,CMR01,BD-PIHPS
2025-03-03,17,harga_pihps,59750.0,Rp,CMR02,BD-PIHPS
2025-03-03,17,harga_pihps,65400.0,Rp,CRW01,BD-PIHPS
2025-03-03,17,harga_pihps,59800.0,Rp,CRW02,BD-PIHPS
2025-03-03,17,harga_pihps,34000.0,Rp,DAY01,BD-PIHPS
2025-03-03,17,harga_pihps,135650.0,Rp,DSP01,BD-PIHPS
2025-03-03,17,harga_pihps,135000.0,Rp,DSP02,BD-PIHPS
2025-03-03,17,harga_pihps,18300.0,Rp,GLP01,BD-PIHPS
2025-03-03,17,harga_pihps,19250.0,Rp,GLP02,BD-PIHPS
2025-03-03,17,harga_pihps,18500.0,Rp,MGR01,BD-PIHPS
2025-03-03,17,harga_pihps,21750.0,Rp,MGR02,BD-PIHPS
2025-03-03,17,harga_pihps,20650.0,Rp,MGR03,BD-PIHPS
2025-03-03,17,harga_pihps,28150.0,Rp,TLR01,BD-PIHPS
2025-03-04,17,harga_pihps,14150.0,Rp,BRS01,BD-PIHPS
2025-03-04,17,harga_pihps,15000.0,Rp,BRS02,BD-PIHPS
2025-03-04,17,harga_pihps,15350.0,Rp,BRS03,BD-PIHPS
2025-03-04,17,harga_pihps,15700.0,Rp,BRS04,BD-PIHPS
2025-03-04,17,harga_pihps,15650.0,Rp,BRS05,BD-PIHPS
2025-03-04,17,harga_pihps,15850.0,Rp,BRS06,BD-PIHPS
2025-03-04,17,harga_pihps,44000.0,Rp,BWM01,BD-PIHPS
2025-03-04,17,harga_pihps,46150.0,Rp,BWP01,BD-PIHPS
2025-03-04,17,harga_pihps,55000.0,Rp,CMR01,BD-PIHPS
2025-03-04,17,harga_pihps,61150.0,Rp,CMR02,BD-PIHPS
2025-03-04,17,harga_pihps,64250.0,Rp,CRW01,BD-PIHPS
2025-03-04,17,harga_pihps,62350.0,Rp,CRW02,BD-PIHPS
2025-03-04,17,harga_pihps,34000.0,Rp,DAY01,BD-PIHPS
2025-03-04,17,harga_pihps,135650.0,Rp,DSP01,BD-PIHPS
2025-03-04,17,harga_pihps,135000.0,Rp,DSP02,BD-PIHPS
2025-03-04,17,harga_pihps,18300.0,Rp,GLP01,BD-PIHPS
2025-03-04,17,harga_pihps,19250.0,Rp,GLP02,BD-PIHPS
2025-03-04,17,harga_pihps,18500.0,Rp,MGR01,BD-PIHPS
2025-03-04,17,harga_pihps,21750.0,Rp,MGR02,BD-PIHPS
2025-03-04,17,harga_pihps,20650.0,Rp,MGR03,BD-PIHPS
2025-03-04,17,harga_pihps,28150.0,Rp,TLR01,BD-PIHPS
2025-03-05,17,harga_pihps,14150.0,Rp,BRS01,BD-PIHPS
2025-03-05,17,harga_pihps,15000.0,Rp,BRS02,BD-PIHPS
2025-03-05,17,harga_pihps,15350.0,Rp,BRS03,BD-PIHPS
2025-03-05,17,harga_pihps,15700.0,Rp,BRS04,BD-PIHPS
2025-03-05,17,harga_pihps,15650.0,Rp,BRS05,BD-PIHPS
2025-03-05,17,harga_pihps,15850.0,Rp,BRS06,BD-PIHPS
2025-03-05,17,harga_pihps,44000.0,Rp,BWM01,BD-PIHPS
2025-03-05,17,harga_pihps,46150.0,Rp,BWP01,BD-PIHPS
2025-03-05,17,harga_pihps,51500.0,Rp,CMR01,BD-PIHPS
2025-03-05,17,harga_pihps,57900.0,Rp,CMR02,BD-PIHPS
2025-03-05,17,harga_pihps,65400.0,Rp,CRW01,BD-PIHPS
2025-03-05,17,harga_pihps,62900.0,Rp,CRW02,BD-PIHPS
2025-03-05,17,harga_pihps,33900.0,Rp,DAY01,BD-PIHPS
2025-03-05,17,harga_pihps,135650.0,Rp,DSP01,BD-PIHPS
2025-03-05,17,harga_pihps,135000.0,Rp,DSP02,BD-PIHPS
2025-03-05,17,harga_pihps,18300.0,Rp,GLP01,BD-PIHPS
2025-03-05,17,harga_pihps,19250.0,Rp,GLP02,BD-PIHPS
2025-03-05,17,harga_pihps,18500.0,Rp,MGR01,BD-PIHPS
2025-03-05,17,harga_pihps,21750.0,Rp,MGR02,BD-PIHPS
2025-03-05,17,harga_pihps,20650.0,Rp,MGR03,BD-PIHPS
2025-03-05,17,harga_pihps,28150.0,Rp,TLR01,BD-PIHPS
2025-03-06,17,harga_pihps,14150.0,Rp,BRS01,BD-PIHPS
2025-03-06,17,harga_pihps,15000.0,Rp,BRS02,BD-PIHPS
2025-03-06,17,harga_pihps,15350.0,Rp,BRS03,BD-PIHPS
2025-03-06,17,harga_pihps,15700.0,Rp,BRS04,BD-PIHPS
2025-03-06,17,harga_pihps,15650.0,Rp,BRS05,BD-PIHPS
2025-03-06,17,harga_pihps,15850.0,Rp,BRS06,BD-PIHPS
2025-03-06,17,harga_pihps,44750.0,Rp,BWM01,BD-PIHPS
2025-03-06,17,harga_pihps,45750.0,Rp,BWP01,BD-PIHPS
2025-03-06,17,harga_pihps,47500.0,Rp,CMR01,BD-PIHPS
2025-03-06,17,harga_pihps,53750.0,Rp,CMR02,BD-PIHPS
2025-03-06,17,harga_pihps,67000.0,Rp,CRW01,BD-PIHPS
2025-03-06,17,harga_pihps,61600.0,Rp,CRW02,BD-PIHPS
2025-03-06,17,harga_pihps,33000.0,Rp,DAY01,BD-PIHPS
2025-03-06,17,harga_pihps,135650.0,Rp,DSP01,BD-PIHPS
2025-03-06,17,harga_pihps,135000.0,Rp,DSP02,BD-PIHPS
2025-03-06,17,harga_pihps,18300.0,Rp,GLP01,BD-PIHPS
2025-03-06,17,harga_pihps,19250.0,Rp,GLP02,BD-PIHPS
2025-03-06,17,harga_pihps,18500.0,Rp,MGR01,BD-PIHPS
2025-03-06,17,harga_pihps,21750.0,Rp,MGR02,BD-PIHPS
2025-03-06,17,harga_pihps,20650.0,Rp,MGR03,BD-PIHPS
2025-03-06,17,harga_pihps,28150.0,Rp,TLR01,BD-PIHPS
2025-03-07,17,harga_pihps,14150.0,Rp,BRS01,BD-PIHPS
2025-03-07,17,harga_pihps,15000.0,Rp,BRS02,BD-PIHPS
2025-03-07,17,harga_pihps,15350.0,Rp,BRS03,BD-PIHPS
2025-03-07,17,harga_pihps,15700.0,Rp,BRS04,BD-PIHPS
2025-03-07,17,harga_pihps,15650.0,Rp,BRS05,BD-PIHPS
2025-03-07,17,harga_pihps,15850.0,Rp,BRS06,BD-PIHPS
2025-03-07,17,harga_pihps,43900.0,Rp,BWM01,BD-PIHPS
2025-03-07,17,harga_pihps,45500.0,Rp,BWP01,BD-PIHPS
2025-03-07,17,harga_pihps,37000.0,Rp,CMR01,BD-PIHPS
2025-03-07,17,harga_pihps,41900.0,Rp,CMR02,BD-PIHPS
2025-03-07,17,harga_pihps,64900.0,Rp,CRW01,BD-PIHPS
2025-03-07,17,harga_pihps,58050.0,Rp,CRW02,BD-PIHPS
2025-03-07,17,harga_pihps,32750.0,Rp,DAY01,BD-PIHPS
2025-03-07,17,harga_pihps,135650.0,Rp,DSP01,BD-PIHPS
2025-03-07,17,harga_pihps,135000.0,Rp,DSP02,BD-PIHPS
2025-03-07,17,harga_pihps,18300.0,Rp,GLP01,BD-PIHPS
2025-03-07,17,harga_pihps,19250.0,Rp,GLP02,BD-PIHPS
2025-03-07,17,harga_pihps,18500.0,Rp,MGR01,BD-PIHPS
2025-03-07,17,harga_pihps,21750.0,Rp,MGR02,BD-PIHPS
2025-03-07,17,harga_pihps,20650.0,Rp,MGR03,BD-PIHPS
2025-03-07,17,harga_pihps,28150.0,Rp,TLR01,BD-PIHPS
2025-03-10,17,harga_pihps,14150.0,Rp,BRS01,BD-PIHPS
2025-03-10,17,harga_pihps,15000.0,Rp,BRS02,BD-PIHPS
2025-03-10,17,harga_pihps,15350.0,Rp,BRS03,BD-PIHPS
2025-03-10,17,harga_pihps,15700.0,Rp,BRS04,BD-PIHPS
2025-03-10,17,harga_pihps,15650.0,Rp,BRS05,BD-PIHPS
2025-03-10,17,harga_pihps,15850.0,Rp,BRS06,BD-PIHPS
2025-03-10,17,harga_pihps,43900.0,Rp,BWM01,BD-PIHPS
2025-03-10,17,harga_pihps,45500.0,Rp,BWP01,BD-PIHPS
2025-03-10,17,harga_pihps,38400.0,Rp,CMR01,BD-PIHPS
2025-03-10,17,harga_pihps,42900.0,Rp,CMR02,BD-PIHPS
2025-03-10,17,harga_pihps,60650.0,Rp,CRW01,BD-PIHPS
2025-03-10,17,harga_pihps,56550.0,Rp,CRW02,BD-PIHPS
2025-03-10,17,harga_pihps,32400.0,Rp,DAY01,BD-PIHPS
2025-03-10,17,harga_pihps,135650.0,Rp,DSP01,BD-PIHPS
2025-03-10,17,harga_pihps,135000.0,Rp,DSP02,BD-PIHPS
2025-03-10,17,harga_pihps,18300.0,Rp,GLP01,BD-PIHPS
2025-03-10,17,harga_pihps,19250.0,Rp,GLP02,BD-PIHPS
2025-03-10,17,harga_pihps,18500.0,Rp,MGR01,BD-PIHPS
2025-03-10,17,harga_pihps,21650.0,Rp,MGR02,BD-PIHPS
2025-03-10,17,harga_pihps,20650.0,Rp,MGR03,BD-PIHPS
2025-03-10,17,harga_pihps,28350.0,Rp,TLR01,BD-PIHPS
2025-03-11,17,harga_pihps,14150.0,Rp,BRS01,BD-PIHPS
2025-03-11,17,harga_pihps,15100.0,Rp,BRS02,BD-PIHPS
2025-03-11,17,harga_pihps,15300.0,Rp,BRS03,BD-PIHPS
2025-03-11,17,harga_pihps,15600.0,Rp,BRS04,BD-PIHPS
2025-03-11,17,harga_pihps,15650.0,Rp,BRS05,BD-PIHPS
2025-03-11,17,harga_pihps,15850.0,Rp,BRS06,BD-PIHPS
2025-03-11,17,harga_pihps,45400.0,Rp,BWM01,BD-PIHPS
2025-03-11,17,harga_pihps,46650.0,Rp,BWP01,BD-PIHPS
2025-03-11,17,harga_pihps,37500.0,Rp,CMR01,BD-PIHPS
2025-03-11,17,harga_pihps,42900.0,Rp,CMR02,BD-PIHPS
2025-03-11,17,harga_pihps,56500.0,Rp,CRW01,BD-PIHPS
2025-03-11,17,harga_pihps,56200.0,Rp,CRW02,BD-PIHPS
2025-03-11,17,harga_pihps,32400.0,Rp,DAY01,BD-PIHPS
2025-03-11,17,harga_pihps,135650.0,Rp,DSP01,BD-PIHPS
2025-03-11,17,harga_pihps,135000.0,Rp,DSP02,BD-PIHPS
2025-03-11,17,harga_pihps,18300.0,Rp,GLP01,BD-PIHPS
2025-03-11,17,harga_pihps,19250.0,Rp,GLP02,BD-PIHPS
2025-03-11,17,harga_pihps,18500.0,Rp,MGR01,BD-PIHPS
2025-03-11,17,harga_pihps,21500.0,Rp,MGR02,BD-PIHPS
2025-03-11,17,harga_pihps,20500.0,Rp,MGR03,BD-PIHPS
2025-03-11,17,harga_pihps,28350.0,Rp,TLR01,BD-PIHPS
2025-03-12,17,harga_pihps,14150.0,Rp,BRS01,BD-PIHPS
2025-03-12,17,harga_pihps,15100.0,Rp,BRS02,BD-PIHPS
2025-03-12,17,harga_pihps,15300.0,Rp,BRS03,BD-PIHPS
2025-03-12,17,harga_pihps,15600.0,Rp,BRS04,BD-PIHPS
2025-03-12,17,harga_pihps,15650.0,Rp,BRS05,BD-PIHPS
2025-03-12,17,harga_pihps,15850.0,Rp,BRS06,BD-PIHPS
2025-03-12,17,harga_pihps,45650.0,Rp,BWM01,BD-PIHPS
2025-03-12,17,harga_pihps,46650.0,Rp,BWP01,BD-PIHPS
2025-03-12,17,harga_pihps,35900.0,Rp,CMR01,BD-PIHPS
2025-03-12,17,harga_pihps,40650.0,Rp,CMR02,BD-PIHPS
2025-03-12,17,harga_pihps,58150.0,Rp,CRW01,BD-PIHPS
2025-03-12,17,harga_pihps,54750.0,Rp,CRW02,BD-PIHPS
2025-03-12,17,harga_pihps,32400.0,Rp,DAY01,BD-PIHPS
2025-03-12,17,harga_pihps,135650.0,Rp,DSP01,BD-PIHPS
2025-03-12,17,harga_pihps,135000.0,Rp,DSP02,BD-PIHPS
2025-03-12,17,harga_pihps,18300.0,Rp,GLP01,BD-PIHPS
2025-03-12,17,harga_pihps,19250.0,Rp,GLP02,BD-PIHPS
2025-03-12,17,harga_pihps,18500.0,Rp,MGR01,BD-PIHPS
2025-03-12,17,harga_pihps,21500.0,Rp,MGR02,BD-PIHPS
2025-03-12,17,harga_pihps,20500.0,Rp,MGR03,BD-PIHPS
2025-03-12,17,harga_pihps,28350.0,Rp,TLR01,BD-PIHPS
2025-03-13,17,harga_pihps,14150.0,Rp,BRS01,BD-PIHPS
2025-03-13,17,harga_pihps,15050.0,Rp,BRS02,BD-PIHPS
2025-03-13,17,harga_pihps,15300.0,Rp,BRS03,BD-PIHPS
2025-03-13,17,harga_pihps,15600.0,Rp,BRS04,BD-PIHPS
2025-03-13,17,harga_pihps,15650.0,Rp,BRS05,BD-PIHPS
2025-03-13,17,harga_pihps,15850.0,Rp,BRS06,BD-PIHPS
2025-03-13,17,harga_pihps,45650.0,Rp,BWM01,BD-PIHPS
2025-03-13,17,harga_pihps,46650.0,Rp,BWP01,BD-PIHPS
2025-03-13,17,harga_pihps,35150.0,Rp,CMR01,BD-PIHPS
2025-03-13,17,harga_pihps,39400.0,Rp,CMR02,BD-PIHPS
2025-03-13,17,harga_pihps,56900.0,Rp,CRW01,BD-PIHPS
2025-03-13,17,harga_pihps,52650.0,Rp,CRW02,BD-PIHPS
2025-03-13,17,harga_pihps,32400.0,Rp,DAY01,BD-PIHPS
2025-03-13,17,harga_pihps,135650.0,Rp,DSP01,BD-PIHPS
2025-03-13,17,harga_pihps,135000.0,Rp,DSP02,BD-PIHPS
2025-03-13,17,harga_pihps,18300.0,Rp,GLP01,BD-PIHPS
2025-03-13,17,harga_pihps,19250.0,Rp,GLP02,BD-PIHPS
2025-03-13,17,harga_pihps,18500.0,Rp,MGR01,BD-PIHPS
2025-03-13,17,harga_pihps,21250.0,Rp,MGR02,BD-PIHPS
2025-03-13,17,harga_pihps,20250.0,Rp,MGR03,BD-PIHPS
2025-03-13,17,harga_pihps,28350.0,Rp,TLR01,BD-PIHPS
2025-03-14,17,harga_pihps,14150.0,Rp,BRS01,BD-PIHPS
2025-03-14,17,harga_pihps,15050.0,Rp,BRS02,BD-PIHPS
2025-03-14,17,harga_pihps,15300.0,Rp,BRS03,BD-PIHPS
2025-03-14,17,harga_pihps,15600.0,Rp,BRS04,BD-PIHPS
2025-03-14,17,harga_pihps,15650.0,Rp,BRS05,BD-PIHPS
2025-03-14,17,harga_pihps,15850.0,Rp,BRS06,BD-PIHPS
2025-03-14,17,harga_pihps,45650.0,Rp,BWM01,BD-PIHPS
2025-03-14,17,harga_pihps,46400.0,Rp,BWP01,BD-PIHPS
2025-03-14,17,harga_pihps,32250.0,Rp,CMR01,BD-PIHPS
2025-03-14,17,harga_pihps,36750.0,Rp,CMR02,BD-PIHPS
2025-03-14,17,harga_pihps,51400.0,Rp,CRW01,BD-PIHPS
2025-03-14,17,harga_pihps,49050.0,Rp,CRW02,BD-PIHPS
2025-03-14,17,harga_pihps,31500.0,Rp,DAY01,BD-PIHPS
2025-03-14,17,harga_pihps,135650.0,Rp,DSP01,BD-PIHPS
2025-03-14,17,harga_pihps,135000.0,Rp,DSP02,BD-PIHPS
2025-03-14,17,harga_pihps,18300.0,Rp,GLP01,BD-PIHPS
2025-03-14,17,harga_pihps,19250.0,Rp,GLP02,BD-PIHPS
2025-03-14,17,harga_pihps,18500.0,Rp,MGR01,BD-PIHPS
2025-03-14,17,harga_pihps,21250.0,Rp,MGR02,BD-PIHPS
2025-03-14,17,harga_pihps,20250.0,Rp,MGR03,BD-PIHPS
2025-03-14,17,harga_pihps,28350.0,Rp,TLR01,BD-PIHPS
2025-03-17,17,harga_pihps,14150.0,Rp,BRS01,BD-PIHPS
2025-03-17,17,harga_pihps,15050.0,Rp,BRS02,BD-PIHPS
2025-03-17,17,harga_pihps,15300.0,Rp,BRS03,BD-PIHPS
2025-03-17,17,harga_pihps,15600.0,Rp,BRS04,BD-PIHPS
2025-03-17,17,harga_pihps,15650.0,Rp,BRS05,BD-PIHPS
2025-03-17,17,harga_pihps,15850.0,Rp,BRS06,BD-PIHPS
2025-03-17,17,harga_pihps,45750.0,Rp,BWM01,BD-PIHPS
2025-03-17,17,harga_pihps,46400.0,Rp,BWP01,BD-PIHPS
2025-03-17,17,harga_pihps,36250.0,Rp,CMR01,BD-PIHPS
2025-03-17,17,harga_pihps,40750.0,Rp,CMR02,BD-PIHPS
2025-03-17,17,harga_pihps,54650.0,Rp,CRW01,BD-PIHPS
2025-03-17,17,harga_pihps,51800.0,Rp,CRW02,BD-PIHPS
2025-03-17,17,harga_pihps,31500.0,Rp,DAY01,BD-PIHPS
2025-03-17,17,harga_pihps,135650.0,Rp,DSP01,BD-PIHPS
2025-03-17,17,harga_pihps,135000.0,Rp,DSP02,BD-PIHPS
2025-03-17,17,harga_pihps,18300.0,Rp,GLP01,BD-PIHPS
2025-03-17,17,harga_pihps,19250.0,Rp,GLP02,BD-PIHPS
2025-03-17,17,harga_pihps,18500.0,Rp,MGR01,BD-PIHPS
2025-03-17,17,harga_pihps,21250.0,Rp,MGR02,BD-PIHPS
2025-03-17,17,harga_pihps,20250.0,Rp,MGR03,BD-PIHPS
2025-03-17,17,harga_pihps,28350.0,Rp,TLR01,BD-PIHPS
2025-03-18,17,harga_pihps,14150.0,Rp,BRS01,BD-PIHPS
2025-03-18,17,harga_pihps,15050.0,Rp,BRS02,BD-PIHPS
2025-03-18,17,harga_pihps,15300.0,Rp,BRS03,BD-PIHPS
2025-03-18,17,harga_pihps,15600.0,Rp,BRS04,BD-PIHPS
2025-03-18,17,harga_pihps,15650.0,Rp,BRS05,BD-PIHPS
2025-03-18,17,harga_pihps,15850.0,Rp,BRS06,BD-PIHPS
2025-03-18,17,harga_pihps,45750.0,Rp,BWM01,BD-PIHPS
2025-03-18,17,harga_pihps,46900.0,Rp,BWP01,BD-PIHPS
2025-03-18,17,harga_pihps,39750.0,Rp,CMR01,BD-PIHPS
2025-03-18,17,harga_pihps,44500.0,Rp,CMR02,BD-PIHPS
2025-03-18,17,harga_pihps,58250.0,Rp,CRW01,BD-PIHPS
2025-03-18,17,harga_pihps,54750.0,Rp,CRW02,BD-PIHPS
2025-03-18,17,harga_pihps,31500.0,Rp,DAY01,BD-PIHPS
2025-03-18,17,harga_pihps,135650.0,Rp,DSP01,BD-PIHPS
2025-03-18,17,harga_pihps,135000.0,Rp,DSP02,BD-PIHPS
2025-03-18,17,harga_pihps,18300.0,Rp,GLP01,BD-PIHPS
2025-03-18,17,harga_pihps,19250.0,Rp,GLP02,BD-PIHPS
2025-03-18,17,harga_pihps,18500.0,Rp,MGR01,BD-PIHPS
2025-03-18,17,harga_pihps,21250.0,Rp,MGR02,BD-PIHPS
2025-03-18,17,harga_pihps,20250.0,Rp,MGR03,BD-PIHPS
2025-03-18,17,harga_pihps,28350.0,Rp,TLR01,BD-PIHPS
2025-03-19,17,harga_pihps,14150.0,Rp,BRS01,BD-PIHPS
2025-03-19,17,harga_pihps,15050.0,Rp,BRS02,BD-PIHPS
2025-03-19,17,harga_pihps,15300.0,Rp,BRS03,BD-PIHPS
2025-03-19,17,harga_pihps,15600.0,Rp,BRS04,BD-PIHPS
2025-03-19,17,harga_pihps,15650.0,Rp,BRS05,BD-PIHPS
2025-03-19,17,harga_pihps,15850.0,Rp,BRS06,BD-PIHPS
2025-03-19,17,harga_pihps,44900.0,Rp,BWM01,BD-PIHPS
2025-03-19,17,harga_pihps,46500.0,Rp,BWP01,BD-PIHPS
2025-03-19,17,harga_pihps,39250.0,Rp,CMR01,BD-PIHPS
2025-03-19,17,harga_pihps,42900.0,Rp,CMR02,BD-PIHPS
2025-03-19,17,harga_pihps,56900.0,Rp,CRW01,BD-PIHPS
2025-03-19,17,harga_pihps,55250.0,Rp,CRW02,BD-PIHPS
2025-03-19,17,harga_pihps,30900.0,Rp,DAY01,BD-PIHPS
2025-03-19,17,harga_pihps,135650.0,Rp,DSP01,BD-PIHPS
2025-03-19,17,harga_pihps,135000.0,Rp,DSP02,BD-PIHPS
2025-03-19,17,harga_pihps,18300.0,Rp,GLP01,BD-PIHPS
2025-03-19,17,harga_pihps,19250.0,Rp,GLP02,BD-PIHPS
2025-03-19,17,harga_pihps,18500.0,Rp,MGR01,BD-PIHPS
2025-03-19,17,harga_pihps,21250.0,Rp,MGR02,BD-PIHPS
2025-03-19,17,harga_pihps,20250.0,Rp,MGR03,BD-PIHPS
2025-03-19,17,harga_pihps,28350.0,Rp,TLR01,BD-PIHPS
2025-03-20,17,harga_pihps,14150.0,Rp,BRS01,BD-PIHPS
2025-03-20,17,harga_pihps,15050.0,Rp,BRS02,BD-PIHPS
2025-03-20,17,harga_pihps,15300.0,Rp,BRS03,BD-PIHPS
2025-03-20,17,harga_pihps,15600.0,Rp,BRS04,BD-PIHPS
2025-03-20,17,harga_pihps,15650.0,Rp,BRS05,BD-PIHPS
2025-03-20,17,harga_pihps,15850.0,Rp,BRS06,BD-PIHPS
2025-03-20,17,harga_pihps,44900.0,Rp,BWM01,BD-PIHPS
2025-03-20,17,harga_pihps,46150.0,Rp,BWP01,BD-PIHPS
2025-03-20,17,harga_pihps,37650.0,Rp,CMR01,BD-PIHPS
2025-03-20,17,harga_pihps,41250.0,Rp,CMR02,BD-PIHPS
2025-03-20,17,harga_pihps,56250.0,Rp,CRW01,BD-PIHPS
2025-03-20,17,harga_pihps,55450.0,Rp,CRW02,BD-PIHPS
2025-03-20,17,harga_pihps,30900.0,Rp,DAY01,BD-PIHPS
2025-03-20,17,harga_pihps,135650.0,Rp,DSP01,BD-PIHPS
2025-03-20,17,harga_pihps,135000.0,Rp,DSP02,BD-PIHPS
2025-03-20,17,harga_pihps,18300.0,Rp,GLP01,BD-PIHPS
2025-03-20,17,harga_pihps,19250.0,Rp,GLP02,BD-PIHPS
2025-03-20,17,harga_pihps,18500.0,Rp,MGR01,BD-PIHPS
2025-03-20,17,harga_pihps,21250.0,Rp,MGR02,BD-PIHPS
2025-03-20,17,harga_pihps,20250.0,Rp,MGR03,BD-PIHPS
2025-03-20,17,harga_pihps,28350.0,Rp,TLR01,BD-PIHPS
2025-03-21,17,harga_pihps,14150.0,Rp,BRS01,BD-PIHPS
2025-03-21,17,harga_pihps,15050.0,Rp,BRS02,BD-PIHPS
2025-03-21,17,harga_pihps,15300.0,Rp,BRS03,BD-PIHPS
2025-03-21,17,harga_pihps,15600.0,Rp,BRS04,BD-PIHPS
2025-03-21,17,harga_pihps,15650.0,Rp,BRS05,BD-PIHPS
2025-03-21,17,harga_pihps,15850.0,Rp,BRS06,BD-PIHPS
2025-03-21,17,harga_pihps,45900.0,Rp,BWM01,BD-PIHPS
2025-03-21,17,harga_pihps,46750.0,Rp,BWP01,BD-PIHPS
2025-03-21,17,harga_pihps,34000.0,Rp,CMR01,BD-PIHPS
2025-03-21,17,harga_pihps,38250.0,Rp,CMR02,BD-PIHPS
2025-03-21,17,harga_pihps,53650.0,Rp,CRW01,BD-PIHPS
2025-03-21,17,harga_pihps,55650.0,Rp,CRW02,BD-PIHPS
2025-03-21,17,harga_pihps,32500.0,Rp,DAY01,BD-PIHPS
2025-03-21,17,harga_pihps,135650.0,Rp,DSP01,BD-PIHPS
2025-03-21,17,harga_pihps,135000.0,Rp,DSP02,BD-PIHPS
2025-03-21,17,harga_pihps,18500.0,Rp,GLP01,BD-PIHPS
2025-03-21,17,harga_pihps,19250.0,Rp,GLP02,BD-PIHPS
2025-03-21,17,harga_pihps,18500.0,Rp,MGR01,BD-PIHPS
2025-03-21,17,harga_pihps,21250.0,Rp,MGR02,BD-PIHPS
2025-03-21,17,harga_pihps,20250.0,Rp,MGR03,BD-PIHPS
2025-03-21,17,harga_pihps,28350.0,Rp,TLR01,BD-PIHPS
2025-03-24,17,harga_pihps,14150.0,Rp,BRS01,BD-PIHPS
2025-03-24,17,harga_pihps,15050.0,Rp,BRS02,BD-PIHPS
2025-03-24,17,harga_pihps,15300.0,Rp,BRS03,BD-PIHPS
2025-03-24,17,harga_pihps,15600.0,Rp,BRS04,BD-PIHPS
2025-03-24,17,harga_pihps,15650.0,Rp,BRS05,BD-PIHPS
2025-03-24,17,harga_pihps,15850.0,Rp,BRS06,BD-PIHPS
2025-03-24,17,harga_pihps,46250.0,Rp,BWM01,BD-PIHPS
2025-03-24,17,harga_pihps,46750.0,Rp,BWP01,BD-PIHPS
2025-03-24,17,harga_pihps,34000.0,Rp,CMR01,BD-PIHPS
2025-03-24,17,harga_pihps,38500.0,Rp,CMR02,BD-PIHPS
2025-03-24,17,harga_pihps,54900.0,Rp,CRW01,BD-PIHPS
2025-03-24,17,harga_pihps,55300.0,Rp,CRW02,BD-PIHPS
2025-03-24,17,harga_pihps,31750.0,Rp,DAY01,BD-PIHPS
2025-03-24,17,harga_pihps,135650.0,Rp,DSP01,BD-PIHPS
2025-03-24,17,harga_pihps,135000.0,Rp,DSP02,BD-PIHPS
2025-03-24,17,harga_pihps,18500.0,Rp,GLP01,BD-PIHPS
2025-03-24,17,harga_pihps,19250.0,Rp,GLP02,BD-PIHPS
2025-03-24,17,harga_pihps,18500.0,Rp,MGR01,BD-PIHPS
2025-03-24,17,harga_pihps,21250.0,Rp,MGR02,BD-PIHPS
2025-03-24,17,harga_pihps,20250.0,Rp,MGR03,BD-PIHPS
2025-03-24,17,harga_pihps,28450.0,Rp,TLR01,BD-PIHPS
2025-03-25,17,harga_pihps,14150.0,Rp,BRS01,BD-PIHPS
2025-03-25,17,harga_pihps,15050.0,Rp,BRS02,BD-PIHPS
2025-03-25,17,harga_pihps,15300.0,Rp,BRS03,BD-PIHPS
2025-03-25,17,harga_pihps,15600.0,Rp,BRS04,BD-PIHPS
2025-03-25,17,harga_pihps,15650.0,Rp,BRS05,BD-PIHPS
2025-03-25,17,harga_pihps,15850.0,Rp,BRS06,BD-PIHPS
2025-03-25,17,harga_pihps,45400.0,Rp,BWM01,BD-PIHPS
2025-03-25,17,harga_pihps,46650.0,Rp,BWP01,BD-PIHPS
2025-03-25,17,harga_pihps,33750.0,Rp,CMR01,BD-PIHPS
2025-03-25,17,harga_pihps,34600.0,Rp,CMR02,BD-PIHPS
2025-03-25,17,harga_pihps,55750.0,Rp,CRW01,BD-PIHPS
2025-03-25,17,harga_pihps,47400.0,Rp,CRW02,BD-PIHPS
2025-03-25,17,harga_pihps,31650.0,Rp,DAY01,BD-PIHPS
2025-03-25,17,harga_pihps,135650.0,Rp,DSP01,BD-PIHPS
2025-03-25,17,harga_pihps,135000.0,Rp,DSP02,BD-PIHPS
2025-03-25,17,harga_pihps,18500.0,Rp,GLP01,BD-PIHPS
2025-03-25,17,harga_pihps,19250.0,Rp,GLP02,BD-PIHPS
2025-03-25,17,harga_pihps,18550.0,Rp,MGR01,BD-PIHPS
2025-03-25,17,harga_pihps,21400.0,Rp,MGR02,BD-PIHPS
2025-03-25,17,harga_pihps,20400.0,Rp,MGR03,BD-PIHPS
2025-03-25,17,harga_pihps,28450.0,Rp,TLR01,BD-PIHPS
2025-03-26,17,harga_pihps,14150.0,Rp,BRS01,BD-PIHPS
2025-03-26,17,harga_pihps,15050.0,Rp,BRS02,BD-PIHPS
2025-03-26,17,harga_pihps,15300.0,Rp,BRS03,BD-PIHPS
2025-03-26,17,harga_pihps,15600.0,Rp,BRS04,BD-PIHPS
2025-03-26,17,harga_pihps,15650.0,Rp,BRS05,BD-PIHPS
2025-03-26,17,harga_pihps,15850.0,Rp,BRS06,BD-PIHPS
2025-03-26,17,harga_pihps,45150.0,Rp,BWM01,BD-PIHPS
2025-03-26,17,harga_pihps,46250.0,Rp,BWP01,BD-PIHPS
2025-03-26,17,harga_pihps,37150.0,Rp,CMR01,BD-PIHPS
2025-03-26,17,harga_pihps,41650.0,Rp,CMR02,BD-PIHPS
2025-03-26,17,harga_pihps,58150.0,Rp,CRW01,BD-PIHPS
2025-03-26,17,harga_pihps,55450.0,Rp,CRW02,BD-PIHPS
2025-03-26,17,harga_pihps,32650.0,Rp,DAY01,BD-PIHPS
2025-03-26,17,harga_pihps,135650.0,Rp,DSP01,BD-PIHPS
2025-03-26,17,harga_pihps,135000.0,Rp,DSP02,BD-PIHPS
2025-03-26,17,harga_pihps,18500.0,Rp,GLP01,BD-PIHPS
2025-03-26,17,harga_pihps,19250.0,Rp,GLP02,BD-PIHPS
2025-03-26,17,harga_pihps,18550.0,Rp,MGR01,BD-PIHPS
2025-03-26,17,harga_pihps,21400.0,Rp,MGR02,BD-PIHPS
2025-03-26,17,harga_pihps,20400.0,Rp,MGR03,BD-PIHPS
2025-03-26,17,harga_pihps,28450.0,Rp,TLR01,BD-PIHPS
2025-03-27,17,harga_pihps,14150.0,Rp,BRS01,BD-PIHPS
2025-03-27,17,harga_pihps,15150.0,Rp,BRS02,BD-PIHPS
2025-03-27,17,harga_pihps,15300.0,Rp,BRS03,BD-PIHPS
2025-03-27,17,harga_pihps,15750.0,Rp,BRS04,BD-PIHPS
2025-03-27,17,harga_pihps,15650.0,Rp,BRS05,BD-PIHPS
2025-03-27,17,harga_pihps,15950.0,Rp,BRS06,BD-PIHPS
2025-03-27,17,harga_pihps,44900.0,Rp,BWM01,BD-PIHPS
2025-03-27,17,harga_pihps,45750.0,Rp,BWP01,BD-PIHPS
2025-03-27,17,harga_pihps,42250.0,Rp,CMR01,BD-PIHPS
2025-03-27,17,harga_pihps,47250.0,Rp,CMR02,BD-PIHPS
2025-03-27,17,harga_pihps,60000.0,Rp,CRW01,BD-PIHPS
2025-03-27,17,harga_pihps,56050.0,Rp,CRW02,BD-PIHPS
2025-03-27,17,harga_pihps,32650.0,Rp,DAY01,BD-PIHPS
2025-03-27,17,harga_pihps,135650.0,Rp,DSP01,BD-PIHPS
2025-03-27,17,harga_pihps,135000.0,Rp,DSP02,BD-PIHPS
2025-03-27,17,harga_pihps,18500.0,Rp,GLP01,BD-PIHPS
2025-03-27,17,harga_pihps,19250.0,Rp,GLP02,BD-PIHPS
2025-03-27,17,harga_pihps,18550.0,Rp,MGR01,BD-PIHPS
2025-03-27,17,harga_pihps,21400.0,Rp,MGR02,BD-PIHPS
2025-03-27,17,harga_pihps,20400.0,Rp,MGR03,BD-PIHPS
2025-03-27,17,harga_pihps,28450.0,Rp,TLR01,BD-PIHPS
2025-03-28,17,harga_pihps,14150.0,Rp,BRS01,BD-PIHPS
2025-03-28,17,harga_pihps,15150.0,Rp,BRS02,BD-PIHPS
2025-03-28,17,harga_pihps,15300.0,Rp,BRS03,BD-PIHPS
2025-03-28,17,harga_pihps,15750.0,Rp,BRS04,BD-PIHPS
2025-03-28,17,harga_pihps,15650.0,Rp,BRS05,BD-PIHPS
2025-03-28,17,harga_pihps,15950.0,Rp,BRS06,BD-PIHPS
2025-03-28,17,harga_pihps,44900.0,Rp,BWM01,BD-PIHPS
2025-03-28,17,harga_pihps,45750.0,Rp,BWP01,BD-PIHPS
2025-03-28,17,harga_pihps,42250.0,Rp,CMR01,BD-PIHPS
2025-03-28,17,harga_pihps,47250.0,Rp,CMR02,BD-PIHPS
2025-03-28,17,harga_pihps,60000.0,Rp,CRW01,BD-PIHPS
2025-03-28,17,harga_pihps,56050.0,Rp,CRW02,BD-PIHPS
2025-03-28,17,harga_pihps,32650.0,Rp,DAY01,BD-PIHPS
2025-03-28,17,harga_pihps,135650.0,Rp,DSP01,BD-PIHPS
2025-03-28,17,harga_pihps,135000.0,Rp,DSP02,BD-PIHPS
2025-03-28,17,harga_pihps,18500.0,Rp,GLP01,BD-PIHPS
2025-03-28,17,harga_pihps,19250.0,Rp,GLP02,BD-PIHPS
2025-03-28,17,harga_pihps,18550.0,Rp,MGR01,BD-PIHPS
2025-03-28,17,harga_pihps,21400.0,Rp,MGR02,BD-PIHPS
2025-03-28,17,harga_pihps,20400.0,Rp,MGR03,BD-PIHPS
2025-03-28,17,harga_pihps,28450.0,Rp,TLR01,BD-PIHPS
2025-03-31,17,harga_pihps,14150.0,Rp,BRS01,BD-PIHPS
2025-03-31,17,harga_pihps,15150.0,Rp,BRS02,BD-PIHPS
2025-03-31,17,harga_pihps,15300.0,Rp,BRS03,BD-PIHPS
2025-03-31,17,harga_pihps,15750.0,Rp,BRS04,BD-PIHPS
2025-03-31,17,harga_pihps,15650.0,Rp,BRS05,BD-PIHPS
2025-03-31,17,harga_pihps,15950.0,Rp,BRS06,BD-PIHPS
2025-03-31,17,harga_pihps,44900.0,Rp,BWM01,BD-PIHPS
2025-03-31,17,harga_pihps,45750.0,Rp,BWP01,BD-PIHPS
2025-03-31,17,harga_pihps,42250.0,Rp,CMR01,BD-PIHPS
2025-03-31,17,harga_pihps,47250.0,Rp,CMR02,BD-PIHPS
2025-03-31,17,harga_pihps,60000.0,Rp,CRW01,BD-PIHPS
2025-03-31,17,harga_pihps,56050.0,Rp,CRW02,BD-PIHPS
2025-03-31,17,harga_pihps,32650.0,Rp,DAY01,BD-PIHPS
2025-03-31,17,harga_pihps,135650.0,Rp,DSP01,BD-PIHPS
2025-03-31,17,harga_pihps,135000.0,Rp,DSP02,BD-PIHPS
2025-03-31,17,harga_pihps,18500.0,Rp,GLP01,BD-PIHPS
2025-03-31,17,harga_pihps,19250.0,Rp,GLP02,BD-PIHPS
2025-03-31,17,harga_pihps,18550.0,Rp,MGR01,BD-PIHPS
2025-03-31,17,harga_pihps,21400.0,Rp,MGR02,BD-PIHPS
2025-03-31,17,harga_pihps,20400.0,Rp,MGR03,BD-PIHPS
2025-03-31,17,harga_pihps,28450.0,Rp,TLR01,BD-PIHPS
2025-04-01,17,harga_pihps,14150.0,Rp,BRS01,BD-PIHPS
2025-04-01,17,harga_pihps,15150.0,Rp,BRS02,BD-PIHPS
2025-04-01,17,harga_pihps,15300.0,Rp,BRS03,BD-PIHPS
2025-04-01,17,harga_pihps,15750.0,Rp,BRS04,BD-PIHPS
2025-04-01,17,harga_pihps,15650.0,Rp,BRS05,BD-PIHPS
2025-04-01,17,harga_pihps,15950.0,Rp,BRS06,BD-PIHPS
2025-04-01,17,harga_pihps,44900.0,Rp,BWM01,BD-PIHPS
2025-04-01,17,harga_pihps,45750.0,Rp,BWP01,BD-PIHPS
2025-04-01,17,harga_pihps,42250.0,Rp,CMR01,BD-PIHPS
2025-04-01,17,harga_pihps,47250.0,Rp,CMR02,BD-PIHPS
2025-04-01,17,harga_pihps,60000.0,Rp,CRW01,BD-PIHPS
2025-04-01,17,harga_pihps,56050.0,Rp,CRW02,BD-PIHPS
2025-04-01,17,harga_pihps,32650.0,Rp,DAY01,BD-PIHPS
2025-04-01,17,harga_pihps,135650.0,Rp,DSP01,BD-PIHPS
2025-04-01,17,harga_pihps,135000.0,Rp,DSP02,BD-PIHPS
2025-04-01,17,harga_pihps,18500.0,Rp,GLP01,BD-PIHPS
2025-04-01,17,harga_pihps,19250.0,Rp,GLP02,BD-PIHPS
2025-04-01,17,harga_pihps,18550.0,Rp,MGR01,BD-PIHPS
2025-04-01,17,harga_pihps,21400.0,Rp,MGR02,BD-PIHPS
2025-04-01,17,harga_pihps,20400.0,Rp,MGR03,BD-PIHPS
2025-04-01,17,harga_pihps,28450.0,Rp,TLR01,BD-PIHPS
2025-04-02,17,harga_pihps,14150.0,Rp,BRS01,BD-PIHPS
2025-04-02,17,harga_pihps,15150.0,Rp,BRS02,BD-PIHPS
2025-04-02,17,harga_pihps,15300.0,Rp,BRS03,BD-PIHPS
2025-04-02,17,harga_pihps,15750.0,Rp,BRS04,BD-PIHPS
2025-04-02,17,harga_pihps,15650.0,Rp,BRS05,BD-PIHPS
2025-04-02,17,harga_pihps,15950.0,Rp,BRS06,BD-PIHPS
2025-04-02,17,harga_pihps,44900.0,Rp,BWM01,BD-PIHPS
2025-04-02,17,harga_pihps,45750.0,Rp,BWP01,BD-PIHPS
2025-04-02,17,harga_pihps,42250.0,Rp,CMR01,BD-PIHPS
2025-04-02,17,harga_pihps,47250.0,Rp,CMR02,BD-PIHPS
2025-04-02,17,harga_pihps,60000.0,Rp,CRW01,BD-PIHPS
2025-04-02,17,harga_pihps,56050.0,Rp,CRW02,BD-PIHPS
2025-04-02,17,harga_pihps,32650.0,Rp,DAY01,BD-PIHPS
2025-04-02,17,harga_pihps,135650.0,Rp,DSP01,BD-PIHPS
2025-04-02,17,harga_pihps,135000.0,Rp,DSP02,BD-PIHPS
2025-04-02,17,harga_pihps,18500.0,Rp,GLP01,BD-PIHPS
2025-04-02,17,harga_pihps,19250.0,Rp,GLP02,BD-PIHPS
2025-04-02,17,harga_pihps,18550.0,Rp,MGR01,BD-PIHPS
2025-04-02,17,harga_pihps,21400.0,Rp,MGR02,BD-PIHPS
2025-04-02,17,harga_pihps,20400.0,Rp,MGR03,BD-PIHPS
2025-04-02,17,harga_pihps,28450.0,Rp,TLR01,BD-PIHPS
2025-04-03,17,harga_pihps,14150.0,Rp,BRS01,BD-PIHPS
2025-04-03,17,harga_pihps,15150.0,Rp,BRS02,BD-PIHPS
2025-04-03,17,harga_pihps,15300.0,Rp,BRS03,BD-PIHPS
2025-04-03,17,harga_pihps,15750.0,Rp,BRS04,BD-PIHPS
2025-04-03,17,harga_pihps,15650.0,Rp,BRS05,BD-PIHPS
2025-04-03,17,harga_pihps,15950.0,Rp,BRS06,BD-PIHPS
2025-04-03,17,harga_pihps,44900.0,Rp,BWM01,BD-PIHPS
2025-04-03,17,harga_pihps,45750.0,Rp,BWP01,BD-PIHPS
2025-04-03,17,harga_pihps,42250.0,Rp,CMR01,BD-PIHPS
2025-04-03,17,harga_pihps,47250.0,Rp,CMR02,BD-PIHPS
2025-04-03,17,harga_pihps,60000.0,Rp,CRW01,BD-PIHPS
2025-04-03,17,harga_pihps,56050.0,Rp,CRW02,BD-PIHPS
2025-04-03,17,harga_pihps,32650.0,Rp,DAY01,BD-PIHPS
2025-04-03,17,harga_pihps,135650.0,Rp,DSP01,BD-PIHPS
2025-04-03,17,harga_pihps,135000.0,Rp,DSP02,BD-PIHPS
2025-04-03,17,harga_pihps,18500.0,Rp,GLP01,BD-PIHPS
2025-04-03,17,harga_pihps,19250.0,Rp,GLP02,BD-PIHPS
2025-04-03,17,harga_pihps,18550.0,Rp,MGR01,BD-PIHPS
2025-04-03,17,harga_pihps,21400.0,Rp,MGR02,BD-PIHPS
2025-04-03,17,harga_pihps,20400.0,Rp,MGR03,BD-PIHPS
2025-04-03,17,harga_pihps,28450.0,Rp,TLR01,BD-PIHPS
2025-04-04,17,harga_pihps,14150.0,Rp,BRS01,BD-PIHPS
2025-04-04,17,harga_pihps,15150.0,Rp,BRS02,BD-PIHPS
2025-04-04,17,harga_pihps,15300.0,Rp,BRS03,BD-PIHPS
2025-04-04,17,harga_pihps,15750.0,Rp,BRS04,BD-PIHPS
2025-04-04,17,harga_pihps,15650.0,Rp,BRS05,BD-PIHPS
2025-04-04,17,harga_pihps,15950.0,Rp,BRS06,BD-PIHPS
2025-04-04,17,harga_pihps,44900.0,Rp,BWM01,BD-PIHPS
2025-04-04,17,harga_pihps,45750.0,Rp,BWP01,BD-PIHPS
2025-04-04,17,harga_pihps,42250.0,Rp,CMR01,BD-PIHPS
2025-04-04,17,harga_pihps,47250.0,Rp,CMR02,BD-PIHPS
2025-04-04,17,harga_pihps,60000.0,Rp,CRW01,BD-PIHPS
2025-04-04,17,harga_pihps,56050.0,Rp,CRW02,BD-PIHPS
2025-04-04,17,harga_pihps,32650.0,Rp,DAY01,BD-PIHPS
2025-04-04,17,harga_pihps,135650.0,Rp,DSP01,BD-PIHPS
2025-04-04,17,harga_pihps,135000.0,Rp,DSP02,BD-PIHPS
2025-04-04,17,harga_pihps,18500.0,Rp,GLP01,BD-PIHPS
2025-04-04,17,harga_pihps,19250.0,Rp,GLP02,BD-PIHPS
2025-04-04,17,harga_pihps,18550.0,Rp,MGR01,BD-PIHPS
2025-04-04,17,harga_pihps,21400.0,Rp,MGR02,BD-PIHPS
2025-04-04,17,harga_pihps,20400.0,Rp,MGR03,BD-PIHPS
2025-04-04,17,harga_pihps,28450.0,Rp,TLR01,BD-PIHPS
2025-04-07,17,harga_pihps,14150.0,Rp,BRS01,BD-PIHPS
2025-04-07,17,harga_pihps,15150.0,Rp,BRS02,BD-PIHPS
2025-04-07,17,harga_pihps,15300.0,Rp,BRS03,BD-PIHPS
2025-04-07,17,harga_pihps,15750.0,Rp,BRS04,BD-PIHPS
2025-04-07,17,harga_pihps,15650.0,Rp,BRS05,BD-PIHPS
2025-04-07,17,harga_pihps,15950.0,Rp,BRS06,BD-PIHPS
2025-04-07,17,harga_pihps,44900.0,Rp,BWM01,BD-PIHPS
2025-04-07,17,harga_pihps,45750.0,Rp,BWP01,BD-PIHPS
2025-04-07,17,harga_pihps,42250.0,Rp,CMR01,BD-PIHPS
2025-04-07,17,harga_pihps,47250.0,Rp,CMR02,BD-PIHPS
2025-04-07,17,harga_pihps,60000.0,Rp,CRW01,BD-PIHPS
2025-04-07,17,harga_pihps,56050.0,Rp,CRW02,BD-PIHPS
2025-04-07,17,harga_pihps,32650.0,Rp,DAY01,BD-PIHPS
2025-04-07,17,harga_pihps,135650.0,Rp,DSP01,BD-PIHPS
2025-04-07,17,harga_pihps,135000.0,Rp,DSP02,BD-PIHPS
2025-04-07,17,harga_pihps,18500.0,Rp,GLP01,BD-PIHPS
2025-04-07,17,harga_pihps,19250.0,Rp,GLP02,BD-PIHPS
2025-04-07,17,harga_pihps,18550.0,Rp,MGR01,BD-PIHPS
2025-04-07,17,harga_pihps,21400.0,Rp,MGR02,BD-PIHPS
2025-04-07,17,harga_pihps,20400.0,Rp,MGR03,BD-PIHPS
2025-04-07,17,harga_pihps,28450.0,Rp,TLR01,BD-PIHPS
2025-04-08,17,harga_pihps,14150.0,Rp,BRS01,BD-PIHPS
2025-04-08,17,harga_pihps,15150.0,Rp,BRS02,BD-PIHPS
2025-04-08,17,harga_pihps,15300.0,Rp,BRS03,BD-PIHPS
2025-04-08,17,harga_pihps,15750.0,Rp,BRS04,BD-PIHPS
2025-04-08,17,harga_pihps,15650.0,Rp,BRS05,BD-PIHPS
2025-04-08,17,harga_pihps,15950.0,Rp,BRS06,BD-PIHPS
2025-04-08,17,harga_pihps,46500.0,Rp,BWM01,BD-PIHPS
2025-04-08,17,harga_pihps,46900.0,Rp,BWP01,BD-PIHPS
2025-04-08,17,harga_pihps,39750.0,Rp,CMR01,BD-PIHPS
2025-04-08,17,harga_pihps,43750.0,Rp,CMR02,BD-PIHPS
2025-04-08,17,harga_pihps,56250.0,Rp,CRW01,BD-PIHPS
2025-04-08,17,harga_pihps,51500.0,Rp,CRW02,BD-PIHPS
2025-04-08,17,harga_pihps,32400.0,Rp,DAY01,BD-PIHPS
2025-04-08,17,harga_pihps,135650.0,Rp,DSP01,BD-PIHPS
2025-04-08,17,harga_pihps,135000.0,Rp,DSP02,BD-PIHPS
2025-04-08,17,harga_pihps,18500.0,Rp,GLP01,BD-PIHPS
2025-04-08,17,harga_pihps,19250.0,Rp,GLP02,BD-PIHPS
2025-04-08,17,harga_pihps,18550.0,Rp,MGR01,BD-PIHPS
2025-04-08,17,harga_pihps,21400.0,Rp,MGR02,BD-PIHPS
2025-04-08,17,harga_pihps,20400.0,Rp,MGR03,BD-PIHPS
2025-04-08,17,harga_pihps,28450.0,Rp,TLR01,BD-PIHPS
2025-04-09,17,harga_pihps,14150.0,Rp,BRS01,BD-PIHPS
2025-04-09,17,harga_pihps,15150.0,Rp,BRS02,BD-PIHPS
2025-04-09,17,harga_pihps,15300.0,Rp,BRS03,BD-PIHPS
2025-04-09,17,harga_pihps,15750.0,Rp,BRS04,BD-PIHPS
2025-04-09,17,harga_pihps,15650.0,Rp,BRS05,BD-PIHPS
2025-04-09,17,harga_pihps,15950.0,Rp,BRS06,BD-PIHPS
2025-04-09,17,harga_pihps,47000.0,Rp,BWM01,BD-PIHPS
2025-04-09,17,harga_pihps,47400.0,Rp,BWP01,BD-PIHPS
2025-04-09,17,harga_pihps,37650.0,Rp,CMR01,BD-PIHPS
2025-04-09,17,harga_pihps,41650.0,Rp,CMR02,BD-PIHPS
2025-04-09,17,harga_pihps,50900.0,Rp,CRW01,BD-PIHPS
2025-04-09,17,harga_pihps,48550.0,Rp,CRW02,BD-PIHPS
2025-04-09,17,harga_pihps,32400.0,Rp,DAY01,BD-PIHPS
2025-04-09,17,harga_pihps,135650.0,Rp,DSP01,BD-PIHPS
2025-04-09,17,harga_pihps,135000.0,Rp,DSP02,BD-PIHPS
2025-04-09,17,harga_pihps,18500.0,Rp,GLP01,BD-PIHPS
2025-04-09,17,harga_pihps,19250.0,Rp,GLP02,BD-PIHPS
2025-04-09,17,harga_pihps,18550.0,Rp,MGR01,BD-PIHPS
2025-04-09,17,harga_pihps,21400.0,Rp,MGR02,BD-PIHPS
2025-04-09,17,harga_pihps,20400.0,Rp,MGR03,BD-PIHPS
2025-04-09,17,harga_pihps,28450.0,Rp,TLR01,BD-PIHPS
2025-04-10,17,harga_pihps,14150.0,Rp,BRS01,BD-PIHPS
2025-04-10,17,harga_pihps,15150.0,Rp,BRS02,BD-PIHPS
2025-04-10,17,harga_pihps,15300.0,Rp,BRS03,BD-PIHPS
2025-04-10,17,harga_pihps,15750.0,Rp,BRS04,BD-PIHPS
2025-04-10,17,harga_pihps,15650.0,Rp,BRS05,BD-PIHPS
2025-04-10,17,harga_pihps,15950.0,Rp,BRS06,BD-PIHPS
2025-04-10,17,harga_pihps,47500.0,Rp,BWM01,BD-PIHPS
2025-04-10,17,harga_pihps,47400.0,Rp,BWP01,BD-PIHPS
2025-04-10,17,harga_pihps,39750.0,Rp,CMR01,BD-PIHPS
2025-04-10,17,harga_pihps,43900.0,Rp,CMR02,BD-PIHPS
2025-04-10,17,harga_pihps,48750.0,Rp,CRW01,BD-PIHPS
2025-04-10,17,harga_pihps,45500.0,Rp,CRW02,BD-PIHPS
2025-04-10,17,harga_pihps,30400.0,Rp,DAY01,BD-PIHPS
2025-04-10,17,harga_pihps,135650.0,Rp,DSP01,BD-PIHPS
2025-04-10,17,harga_pihps,135000.0,Rp,DSP02,BD-PIHPS
2025-04-10,17,harga_pihps,18500.0,Rp,GLP01,BD-PIHPS
2025-04-10,17,harga_pihps,19250.0,Rp,GLP02,BD-PIHPS
2025-04-10,17,harga_pihps,18550.0,Rp,MGR01,BD-PIHPS
2025-04-10,17,harga_pihps,21400.0,Rp,MGR02,BD-PIHPS
2025-04-10,17,harga_pihps,20400.0,Rp,MGR03,BD-PIHPS
2025-04-10,17,harga_pihps,28200.0,Rp,TLR01,BD-PIHPS
2025-04-11,17,harga_pihps,14150.0,Rp,BRS01,BD-PIHPS
2025-04-11,17,harga_pihps,15150.0,Rp,BRS02,BD-PIHPS
2025-04-11,17,harga_pihps,15300.0,Rp,BRS03,BD-PIHPS
2025-04-11,17,harga_pihps,15750.0,Rp,BRS04,BD-PIHPS
2025-04-11,17,harga_pihps,15650.0,Rp,BRS05,BD-PIHPS
2025-04-11,17,harga_pihps,15950.0,Rp,BRS06,BD-PIHPS
2025-04-11,17,harga_pihps,49250.0,Rp,BWM01,BD-PIHPS
2025-04-11,17,harga_pihps,47400.0,Rp,BWP01,BD-PIHPS
2025-04-11,17,harga_pihps,41250.0,Rp,CMR01,BD-PIHPS
2025-04-11,17,harga_pihps,45000.0,Rp,CMR02,BD-PIHPS
2025-04-11,17,harga_pihps,47500.0,Rp,CRW01,BD-PIHPS
2025-04-11,17,harga_pihps,44000.0,Rp,CRW02,BD-PIHPS
2025-04-11,17,harga_pihps,30000.0,Rp,DAY01,BD-PIHPS
2025-04-11,17,harga_pihps,135650.0,Rp,DSP01,BD-PIHPS
2025-04-11,17,harga_pihps,135000.0,Rp,DSP02,BD-PIHPS
2025-04-11,17,harga_pihps,18500.0,Rp,GLP01,BD-PIHPS
2025-04-11,17,harga_pihps,19250.0,Rp,GLP02,BD-PIHPS
2025-04-11,17,harga_pihps,18550.0,Rp,MGR01,BD-PIHPS
2025-04-11,17,harga_pihps,21400.0,Rp,MGR02,BD-PIHPS
2025-04-11,17,harga_pihps,20400.0,Rp,MGR03,BD-PIHPS
2025-04-11,17,harga_pihps,28200.0,Rp,TLR01,BD-PIHPS
2025-04-14,17,harga_pihps,14150.0,Rp,BRS01,BD-PIHPS
2025-04-14,17,harga_pihps,15150.0,Rp,BRS02,BD-PIHPS
2025-04-14,17,harga_pihps,15300.0,Rp,BRS03,BD-PIHPS
2025-04-14,17,harga_pihps,15750.0,Rp,BRS04,BD-PIHPS
2025-04-14,17,harga_pihps,15650.0,Rp,BRS05,BD-PIHPS
2025-04-14,17,harga_pihps,15950.0,Rp,BRS06,BD-PIHPS
2025-04-14,17,harga_pihps,50150.0,Rp,BWM01,BD-PIHPS
2025-04-14,17,harga_pihps,47400.0,Rp,BWP01,BD-PIHPS
2025-04-14,17,harga_pihps,44400.0,Rp,CMR01,BD-PIHPS
2025-04-14,17,harga_pihps,47650.0,Rp,CMR02,BD-PIHPS
2025-04-14,17,harga_pihps,45150.0,Rp,CRW01,BD-PIHPS
2025-04-14,17,harga_pihps,46050.0,Rp,CRW02,BD-PIHPS
2025-04-14,17,harga_pihps,30000.0,Rp,DAY01,BD-PIHPS
2025-04-14,17,harga_pihps,135650.0,Rp,DSP01,BD-PIHPS
2025-04-14,17,harga_pihps,135000.0,Rp,DSP02,BD-PIHPS
2025-04-14,17,harga_pihps,18500.0,Rp,GLP01,BD-PIHPS
2025-04-14,17,harga_pihps,19250.0,Rp,GLP02,BD-PIHPS
2025-04-14,17,harga_pihps,18550.0,Rp,MGR01,BD-PIHPS
2025-04-14,17,harga_pihps,21400.0,Rp,MGR02,BD-PIHPS
2025-04-14,17,harga_pihps,20400.0,Rp,MGR03,BD-PIHPS
2025-04-14,17,harga_pihps,28200.0,Rp,TLR01,BD-PIHPS
2025-04-15,17,harga_pihps,14150.0,Rp,BRS01,BD-PIHPS
2025-04-15,17,harga_pihps,15150.0,Rp,BRS02,BD-PIHPS
2025-04-15,17,harga_pihps,15300.0,Rp,BRS03,BD-PIHPS
2025-04-15,17,harga_pihps,15750.0,Rp,BRS04,BD-PIHPS
2025-04-15,17,harga_pihps,15650.0,Rp,BRS05,BD-PIHPS
2025-04-15,17,harga_pihps,15950.0,Rp,BRS06,BD-PIHPS
2025-04-15,17,harga_pihps,51900.0,Rp,BWM01,BD-PIHPS
2025-04-15,17,harga_pihps,47400.0,Rp,BWP01,BD-PIHPS
2025-04-15,17,harga_pihps,48000.0,Rp,CMR01,BD-PIHPS
2025-04-15,17,harga_pihps,51650.0,Rp,CMR02,BD-PIHPS
2025-04-15,17,harga_pihps,43500.0,Rp,CRW01,BD-PIHPS
2025-04-15,17,harga_pihps,49100.0,Rp,CRW02,BD-PIHPS
2025-04-15,17,harga_pihps,30000.0,Rp,DAY01,BD-PIHPS
2025-04-15,17,harga_pihps,135650.0,Rp,DSP01,BD-PIHPS
2025-04-15,17,harga_pihps,135000.0,Rp,DSP02,BD-PIHPS
2025-04-15,17,harga_pihps,18500.0,Rp,GLP01,BD-PIHPS
2025-04-15,17,harga_pihps,19250.0,Rp,GLP02,BD-PIHPS
2025-04-15,17,harga_pihps,18550.0,Rp,MGR01,BD-PIHPS
2025-04-15,17,harga_pihps,21400.0,Rp,MGR02,BD-PIHPS
2025-04-15,17,harga_pihps,20400.0,Rp,MGR03,BD-PIHPS
2025-04-15,17,harga_pihps,28400.0,Rp,TLR01,BD-PIHPS
2025-04-16,17,harga_pihps,14150.0,Rp,BRS01,BD-PIHPS
2025-04-16,17,harga_pihps,15150.0,Rp,BRS02,BD-PIHPS
2025-04-16,17,harga_pihps,15300.0,Rp,BRS03,BD-PIHPS
2025-04-16,17,harga_pihps,15750.0,Rp,BRS04,BD-PIHPS
2025-04-16,17,harga_pihps,15650.0,Rp,BRS05,BD-PIHPS
2025-04-16,17,harga_pihps,15950.0,Rp,BRS06,BD-PIHPS
2025-04-16,17,harga_pihps,52400.0,Rp,BWM01,BD-PIHPS
2025-04-16,17,harga_pihps,47400.0,Rp,BWP01,BD-PIHPS
2025-04-16,17,harga_pihps,50750.0,Rp,CMR01,BD-PIHPS
2025-04-16,17,harga_pihps,54500.0,Rp,CMR02,BD-PIHPS
2025-04-16,17,harga_pihps,42500.0,Rp,CRW01,BD-PIHPS
2025-04-16,17,harga_pihps,50400.0,Rp,CRW02,BD-PIHPS
2025-04-16,17,harga_pihps,30900.0,Rp,DAY01,BD-PIHPS
2025-04-16,17,harga_pihps,135650.0,Rp,DSP01,BD-PIHPS
2025-04-16,17,harga_pihps,135000.0,Rp,DSP02,BD-PIHPS
2025-04-16,17,harga_pihps,18500.0,Rp,GLP01,BD-PIHPS
2025-04-16,17,harga_pihps,19250.0,Rp,GLP02,BD-PIHPS
2025-04-16,17,harga_pihps,18500.0,Rp,MGR01,BD-PIHPS
2025-04-16,17,harga_pihps,21400.0,Rp,MGR02,BD-PIHPS
2025-04-16,17,harga_pihps,20400.0,Rp,MGR03,BD-PIHPS
2025-04-16,17,harga_pihps,28400.0,Rp,TLR01,BD-PIHPS
2025-04-17,17,harga_pihps,14150.0,Rp,BRS01,BD-PIHPS
2025-04-17,17,harga_pihps,15150.0,Rp,BRS02,BD-PIHPS
2025-04-17,17,harga_pihps,15300.0,Rp,BRS03,BD-PIHPS
2025-04-17,17,harga_pihps,15750.0,Rp,BRS04,BD-PIHPS
2025-04-17,17,harga_pihps,15650.0,Rp,BRS05,BD-PIHPS
2025-04-17,17,harga_pihps,15950.0,Rp,BRS06,BD-PIHPS
2025-04-17,17,harga_pihps,51750.0,Rp,BWM01,BD-PIHPS
2025-04-17,17,harga_pihps,47900.0,Rp,BWP01,BD-PIHPS
2025-04-17,17,harga_pihps,53400.0,Rp,CMR01,BD-PIHPS
2025-04-17,17,harga_pihps,57650.0,Rp,CMR02,BD-PIHPS
2025-04-17,17,harga_pihps,37750.0,Rp,CRW01,BD-PIHPS
2025-04-17,17,harga_pihps,53050.0,Rp,CRW02,BD-PIHPS
2025-04-17,17,harga_pihps,30000.0,Rp,DAY01,BD-PIHPS
2025-04-17,17,harga_pihps,135650.0,Rp,DSP01,BD-PIHPS
2025-04-17,17,harga_pihps,135000.0,Rp,DSP02,BD-PIHPS
2025-04-17,17,harga_pihps,18500.0,Rp,GLP01,BD-PIHPS
2025-04-17,17,harga_pihps,19250.0,Rp,GLP02,BD-PIHPS
2025-04-17,17,harga_pihps,18500.0,Rp,MGR01,BD-PIHPS
2025-04-17,17,harga_pihps,21250.0,Rp,MGR02,BD-PIHPS
2025-04-17,17,harga_pihps,20400.0,Rp,MGR03,BD-PIHPS
2025-04-17,17,harga_pihps,28100.0,Rp,TLR01,BD-PIHPS
2025-04-18,17,harga_pihps,14150.0,Rp,BRS01,BD-PIHPS
2025-04-18,17,harga_pihps,15150.0,Rp,BRS02,BD-PIHPS
2025-04-18,17,harga_pihps,15300.0,Rp,BRS03,BD-PIHPS
2025-04-18,17,harga_pihps,15750.0,Rp,BRS04,BD-PIHPS
2025-04-18,17,harga_pihps,15650.0,Rp,BRS05,BD-PIHPS
2025-04-18,17,harga_pihps,15950.0,Rp,BRS06,BD-PIHPS
2025-04-18,17,harga_pihps,51750.0,Rp,BWM01,BD-PIHPS
2025-04-18,17,harga_pihps,47900.0,Rp,BWP01,BD-PIHPS
2025-04-18,17,harga_pihps,53400.0,Rp,CMR01,BD-PIHPS
2025-04-18,17,harga_pihps,57650.0,Rp,CMR02,BD-PIHPS
2025-04-18,17,harga_pihps,37750.0,Rp,CRW01,BD-PIHPS
2025-04-18,17,harga_pihps,53050.0,Rp,CRW02,BD-PIHPS
2025-04-18,17,harga_pihps,30000.0,Rp,DAY01,BD-PIHPS
2025-04-18,17,harga_pihps,135650.0,Rp,DSP01,BD-PIHPS
2025-04-18,17,harga_pihps,135000.0,Rp,DSP02,BD-PIHPS
2025-04-18,17,harga_pihps,18500.0,Rp,GLP01,BD-PIHPS
2025-04-18,17,harga_pihps,19250.0,Rp,GLP02,BD-PIHPS
2025-04-18,17,harga_pihps,18500.0,Rp,MGR01,BD-PIHPS
2025-04-18,17,harga_pihps,21250.0,Rp,MGR02,BD-PIHPS
2025-04-18,17,harga_pihps,20400.0,Rp,MGR03,BD-PIHPS
2025-04-18,17,harga_pihps,28100.0,Rp,TLR01,BD-PIHPS
2025-04-21,17,harga_pihps,14150.0,Rp,BRS01,BD-PIHPS
2025-04-21,17,harga_pihps,15150.0,Rp,BRS02,BD-PIHPS
2025-04-21,17,harga_pihps,15300.0,Rp,BRS03,BD-PIHPS
2025-04-21,17,harga_pihps,15750.0,Rp,BRS04,BD-PIHPS
2025-04-21,17,harga_pihps,15650.0,Rp,BRS05,BD-PIHPS
2025-04-21,17,harga_pihps,15950.0,Rp,BRS06,BD-PIHPS
2025-04-21,17,harga_pihps,50750.0,Rp,BWM01,BD-PIHPS
2025-04-21,17,harga_pihps,48400.0,Rp,BWP01,BD-PIHPS
2025-04-21,17,harga_pihps,53750.0,Rp,CMR01,BD-PIHPS
2025-04-21,17,harga_pihps,58250.0,Rp,CMR02,BD-PIHPS
2025-04-21,17,harga_pihps,37250.0,Rp,CRW01,BD-PIHPS
2025-04-21,17,harga_pihps,50400.0,Rp,CRW02,BD-PIHPS
2025-04-21,17,harga_pihps,28400.0,Rp,DAY01,BD-PIHPS
2025-04-21,17,harga_pihps,135650.0,Rp,DSP01,BD-PIHPS
2025-04-21,17,harga_pihps,135000.0,Rp,DSP02,BD-PIHPS
2025-04-21,17,harga_pihps,18500.0,Rp,GLP01,BD-PIHPS
2025-04-21,17,harga_pihps,19250.0,Rp,GLP02,BD-PIHPS
2025-04-21,17,harga_pihps,18500.0,Rp,MGR01,BD-PIHPS
2025-04-21,17,harga_pihps,21250.0,Rp,MGR02,BD-PIHPS
2025-04-21,17,harga_pihps,20400.0,Rp,MGR03,BD-PIHPS
2025-04-21,17,harga_pihps,28100.0,Rp,TLR01,BD-PIHPS
2025-04-22,17,harga_pihps,14150.0,Rp,BRS01,BD-PIHPS
2025-04-22,17,harga_pihps,15150.0,Rp,BRS02,BD-PIHPS
2025-04-22,17,harga_pihps,15300.0,Rp,BRS03,BD-PIHPS
2025-04-22,17,harga_pihps,15750.0,Rp,BRS04,BD-PIHPS
2025-04-22,17,harga_pihps,15650.0,Rp,BRS05,BD-PIHPS
2025-04-22,17,harga_pihps,15950.0,Rp,BRS06,BD-PIHPS
2025-04-22,17,harga_pihps,51900.0,Rp,BWM01,BD-PIHPS
2025-04-22,17,harga_pihps,48400.0,Rp,BWP01,BD-PIHPS
2025-04-22,17,harga_pihps,54400.0,Rp,CMR01,BD-PIHPS
2025-04-22,17,harga_pihps,58650.0,Rp,CMR02,BD-PIHPS
2025-04-22,17,harga_pihps,36650.0,Rp,CRW01,BD-PIHPS
2025-04-22,17,harga_pihps,51250.0,Rp,CRW02,BD-PIHPS
2025-04-22,17,harga_pihps,27750.0,Rp,DAY01,BD-PIHPS
2025-04-22,17,harga_pihps,135650.0,Rp,DSP01,BD-PIHPS
2025-04-22,17,harga_pihps,135000.0,Rp,DSP02,BD-PIHPS
2025-04-22,17,harga_pihps,18500.0,Rp,GLP01,BD-PIHPS
2025-04-22,17,harga_pihps,19250.0,Rp,GLP02,BD-PIHPS
2025-04-22,17,harga_pihps,18500.0,Rp,MGR01,BD-PIHPS
2025-04-22,17,harga_pihps,21250.0,Rp,MGR02,BD-PIHPS
2025-04-22,17,harga_pihps,20400.0,Rp,MGR03,BD-PIHPS
2025-04-22,17,harga_pihps,28100.0,Rp,TLR01,BD-PIHPS
2025-04-23,17,harga_pihps,14150.0,Rp,BRS01,BD-PIHPS
2025-04-23,17,harga_pihps,15150.0,Rp,BRS02,BD-PIHPS
2025-04-23,17,harga_pihps,15300.0,Rp,BRS03,BD-PIHPS
2025-04-23,17,harga_pihps,15750.0,Rp,BRS04,BD-PIHPS
2025-04-23,17,harga_pihps,15650.0,Rp,BRS05,BD-PIHPS
2025-04-23,17,harga_pihps,15950.0,Rp,BRS06,BD-PIHPS
2025-04-23,17,harga_pihps,51900.0,Rp,BWM01,BD-PIHPS
2025-04-23,17,harga_pihps,47900.0,Rp,BWP01,BD-PIHPS
2025-04-23,17,harga_pihps,51400.0,Rp,CMR01,BD-PIHPS
2025-04-23,17,harga_pihps,56750.0,Rp,CMR02,BD-PIHPS
2025-04-23,17,harga_pihps,35900.0,Rp,CRW01,BD-PIHPS
2025-04-23,17,harga_pihps,47700.0,Rp,CRW02,BD-PIHPS
2025-04-23,17,harga_pihps,27750.0,Rp,DAY01,BD-PIHPS
2025-04-23,17,harga_pihps,135650.0,Rp,DSP01,BD-PIHPS
2025-04-23,17,harga_pihps,135000.0,Rp,DSP02,BD-PIHPS
2025-04-23,17,harga_pihps,18500.0,Rp,GLP01,BD-PIHPS
2025-04-23,17,harga_pihps,19250.0,Rp,GLP02,BD-PIHPS
2025-04-23,17,harga_pihps,18500.0,Rp,MGR01,BD-PIHPS
2025-04-23,17,harga_pihps,21250.0,Rp,MGR02,BD-PIHPS
2025-04-23,17,harga_pihps,20400.0,Rp,MGR03,BD-PIHPS
2025-04-23,17,harga_pihps,28100.0,Rp,TLR01,BD-PIHPS
2025-04-24,17,harga_pihps,14150.0,Rp,BRS01,BD-PIHPS
2025-04-24,17,harga_pihps,15150.0,Rp,BRS02,BD-PIHPS
2025-04-24,17,harga_pihps,15300.0,Rp,BRS03,BD-PIHPS
2025-04-24,17,harga_pihps,15750.0,Rp,BRS04,BD-PIHPS
2025-04-24,17,harga_pihps,15650.0,Rp,BRS05,BD-PIHPS
2025-04-24,17,harga_pihps,15950.0,Rp,BRS06,BD-PIHPS
2025-04-24,17,harga_pihps,51900.0,Rp,BWM01,BD-PIHPS
2025-04-24,17,harga_pihps,47500.0,Rp,BWP01,BD-PIHPS
2025-04-24,17,harga_pihps,48500.0,Rp,CMR01,BD-PIHPS
2025-04-24,17,harga_pihps,54650.0,Rp,CMR02,BD-PIHPS
2025-04-24,17,harga_pihps,34650.0,Rp,CRW01,BD-PIHPS
2025-04-24,17,harga_pihps,43750.0,Rp,CRW02,BD-PIHPS
2025-04-24,17,harga_pihps,27250.0,Rp,DAY01,BD-PIHPS
2025-04-24,17,harga_pihps,135650.0,Rp,DSP01,BD-PIHPS
2025-04-24,17,harga_pihps,135000.0,Rp,DSP02,BD-PIHPS
2025-04-24,17,harga_pihps,18500.0,Rp,GLP01,BD-PIHPS
2025-04-24,17,harga_pihps,19250.0,Rp,GLP02,BD-PIHPS
2025-04-24,17,harga_pihps,18500.0,Rp,MGR01,BD-PIHPS
2025-04-24,17,harga_pihps,21250.0,Rp,MGR02,BD-PIHPS
2025-04-24,17,harga_pihps,20400.0,Rp,MGR03,BD-PIHPS
2025-04-24,17,harga_pihps,28100.0,Rp,TLR01,BD-PIHPS
2025-04-25,17,harga_pihps,14150.0,Rp,BRS01,BD-PIHPS
2025-04-25,17,harga_pihps,15150.0,Rp,BRS02,BD-PIHPS
2025-04-25,17,harga_pihps,15300.0,Rp,BRS03,BD-PIHPS
2025-04-25,17,harga_pihps,15750.0,Rp,BRS04,BD-PIHPS
2025-04-25,17,harga_pihps,15650.0,Rp,BRS05,BD-PIHPS
2025-04-25,17,harga_pihps,15950.0,Rp,BRS06,BD-PIHPS
2025-04-25,17,harga_pihps,49150.0,Rp,BWM01,BD-PIHPS
2025-04-25,17,harga_pihps,46400.0,Rp,BWP01,BD-PIHPS
2025-04-25,17,harga_pihps,46900.0,Rp,CMR01,BD-PIHPS
2025-04-25,17,harga_pihps,50500.0,Rp,CMR02,BD-PIHPS
2025-04-25,17,harga_pihps,32750.0,Rp,CRW01,BD-PIHPS
2025-04-25,17,harga_pihps,31100.0,Rp,CRW02,BD-PIHPS
2025-04-25,17,harga_pihps,27750.0,Rp,DAY01,BD-PIHPS
2025-04-25,17,harga_pihps,135650.0,Rp,DSP01,BD-PIHPS
2025-04-25,17,harga_pihps,135000.0,Rp,DSP02,BD-PIHPS
2025-04-25,17,harga_pihps,18500.0,Rp,GLP01,BD-PIHPS
2025-04-25,17,harga_pihps,19250.0,Rp,GLP02,BD-PIHPS
2025-04-25,17,harga_pihps,18500.0,Rp,MGR01,BD-PIHPS
2025-04-25,17,harga_pihps,21250.0,Rp,MGR02,BD-PIHPS
2025-04-25,17,harga_pihps,20400.0,Rp,MGR03,BD-PIHPS
2025-04-25,17,harga_pihps,28100.0,Rp,TLR01,BD-PIHPS
2025-04-28,17,harga_pihps,14150.0,Rp,BRS01,BD-PIHPS
2025-04-28,17,harga_pihps,15150.0,Rp,BRS02,BD-PIHPS
2025-04-28,17,harga_pihps,15300.0,Rp,BRS03,BD-PIHPS
2025-04-28,17,harga_pihps,15750.0,Rp,BRS04,BD-PIHPS
2025-04-28,17,harga_pihps,15650.0,Rp,BRS05,BD-PIHPS
2025-04-28,17,harga_pihps,15950.0,Rp,BRS06,BD-PIHPS
2025-04-28,17,harga_pihps,49150.0,Rp,BWM01,BD-PIHPS
2025-04-28,17,harga_pihps,46400.0,Rp,BWP01,BD-PIHPS
2025-04-28,17,harga_pihps,44250.0,Rp,CMR01,BD-PIHPS
2025-04-28,17,harga_pihps,50400.0,Rp,CMR02,BD-PIHPS
2025-04-28,17,harga_pihps,32750.0,Rp,CRW01,BD-PIHPS
2025-04-28,17,harga_pihps,37400.0,Rp,CRW02,BD-PIHPS
2025-04-28,17,harga_pihps,27750.0,Rp,DAY01,BD-PIHPS
2025-04-28,17,harga_pihps,135650.0,Rp,DSP01,BD-PIHPS
2025-04-28,17,harga_pihps,135000.0,Rp,DSP02,BD-PIHPS
2025-04-28,17,harga_pihps,18500.0,Rp,GLP01,BD-PIHPS
2025-04-28,17,harga_pihps,19250.0,Rp,GLP02,BD-PIHPS
2025-04-28,17,harga_pihps,18500.0,Rp,MGR01,BD-PIHPS
2025-04-28,17,harga_pihps,21250.0,Rp,MGR02,BD-PIHPS
2025-04-28,17,harga_pihps,20400.0,Rp,MGR03,BD-PIHPS
2025-04-28,17,harga_pihps,28100.0,Rp,TLR01,BD-PIHPS
2025-04-29,17,harga_pihps,14150.0,Rp,BRS01,BD-PIHPS
2025-04-29,17,harga_pihps,15150.0,Rp,BRS02,BD-PIHPS
2025-04-29,17,harga_pihps,15300.0,Rp,BRS03,BD-PIHPS
2025-04-29,17,harga_pihps,15750.0,Rp,BRS04,BD-PIHPS
2025-04-29,17,harga_pihps,15650.0,Rp,BRS05,BD-PIHPS
2025-04-29,17,harga_pihps,15950.0,Rp,BRS06,BD-PIHPS
2025-04-29,17,harga_pihps,49150.0,Rp,BWM01,BD-PIHPS
2025-04-29,17,harga_pihps,47000.0,Rp,BWP01,BD-PIHPS
2025-04-29,17,harga_pihps,41750.0,Rp,CMR01,BD-PIHPS
2025-04-29,17,harga_pihps,49000.0,Rp,CMR02,BD-PIHPS
2025-04-29,17,harga_pihps,32750.0,Rp,CRW01,BD-PIHPS
2025-04-29,17,harga_pihps,33950.0,Rp,CRW02,BD-PIHPS
2025-04-29,17,harga_pihps,28250.0,Rp,DAY01,BD-PIHPS
2025-04-29,17,harga_pihps,135650.0,Rp,DSP01,BD-PIHPS
2025-04-29,17,harga_pihps,135000.0,Rp,DSP02,BD-PIHPS
2025-04-29,17,harga_pihps,18500.0,Rp,GLP01,BD-PIHPS
2025-04-29,17,harga_pihps,19250.0,Rp,GLP02,BD-PIHPS
2025-04-29,17,harga_pihps,18500.0,Rp,MGR01,BD-PIHPS
2025-04-29,17,harga_pihps,21250.0,Rp,MGR02,BD-PIHPS
2025-04-29,17,harga_pihps,20400.0,Rp,MGR03,BD-PIHPS
2025-04-29,17,harga_pihps,28100.0,Rp,TLR01,BD-PIHPS
2025-04-30,17,harga_pihps,14150.0,Rp,BRS01,BD-PIHPS
2025-04-30,17,harga_pihps,15150.0,Rp,BRS02,BD-PIHPS
2025-04-30,17,harga_pihps,15300.0,Rp,BRS03,BD-PIHPS
2025-04-30,17,harga_pihps,15750.0,Rp,BRS04,BD-PIHPS
2025-04-30,17,harga_pihps,15650.0,Rp,BRS05,BD-PIHPS
2025-04-30,17,harga_pihps,15950.0,Rp,BRS06,BD-PIHPS
2025-04-30,17,harga_pihps,48750.0,Rp,BWM01,BD-PIHPS
2025-04-30,17,harga_pihps,47750.0,Rp,BWP01,BD-PIHPS
2025-04-30,17,harga_pihps,40250.0,Rp,CMR01,BD-PIHPS
2025-04-30,17,harga_pihps,46900.0,Rp,CMR02,BD-PIHPS
2025-04-30,17,harga_pihps,33000.0,Rp,CRW01,BD-PIHPS
2025-04-30,17,harga_pihps,31600.0,Rp,CRW02,BD-PIHPS
2025-04-30,17,harga_pihps,28250.0,Rp,DAY01,BD-PIHPS
2025-04-30,17,harga_pihps,135650.0,Rp,DSP01,BD-PIHPS
2025-04-30,17,harga_pihps,135000.0,Rp,DSP02,BD-PIHPS
2025-04-30,17,harga_pihps,18500.0,Rp,GLP01,BD-PIHPS
2025-04-30,17,harga_pihps,19250.0,Rp,GLP02,BD-PIHPS
2025-04-30,17,harga_pihps,18500.0,Rp,MGR01,BD-PIHPS
2025-04-30,17,harga_pihps,21250.0,Rp,MGR02,BD-PIHPS
2025-04-30,17,harga_pihps,20400.0,Rp,MGR03,BD-PIHPS
2025-04-30,17,harga_pihps,28100.0,Rp,TLR01,BD-PIHPS
2025-05-01,17,harga_pihps,14150.0,Rp,BRS01,BD-PIHPS
2025-05-01,17,harga_pihps,15150.0,Rp,BRS02,BD-PIHPS
2025-05-01,17,harga_pihps,15300.0,Rp,BRS03,BD-PIHPS
2025-05-01,17,harga_pihps,15750.0,Rp,BRS04,BD-PIHPS
2025-05-01,17,harga_pihps,15650.0,Rp,BRS05,BD-PIHPS
2025-05-01,17,harga_pihps,15950.0,Rp,BRS06,BD-PIHPS
2025-05-01,17,harga_pihps,48750.0,Rp,BWM01,BD-PIHPS
2025-05-01,17,harga_pihps,47750.0,Rp,BWP01,BD-PIHPS
2025-05-01,17,harga_pihps,40250.0,Rp,CMR01,BD-PIHPS
2025-05-01,17,harga_pihps,46900.0,Rp,CMR02,BD-PIHPS
2025-05-01,17,harga_pihps,33000.0,Rp,CRW01,BD-PIHPS
2025-05-01,17,harga_pihps,31600.0,Rp,CRW02,BD-PIHPS
2025-05-01,17,harga_pihps,28250.0,Rp,DAY01,BD-PIHPS
2025-05-01,17,harga_pihps,135650.0,Rp,DSP01,BD-PIHPS
2025-05-01,17,harga_pihps,135000.0,Rp,DSP02,BD-PIHPS
2025-05-01,17,harga_pihps,18500.0,Rp,GLP01,BD-PIHPS
2025-05-01,17,harga_pihps,19250.0,Rp,GLP02,BD-PIHPS
2025-05-01,17,harga_pihps,18500.0,Rp,MGR01,BD-PIHPS
2025-05-01,17,harga_pihps,21250.0,Rp,MGR02,BD-PIHPS
2025-05-01,17,harga_pihps,20400.0,Rp,MGR03,BD-PIHPS
2025-05-01,17,harga_pihps,28100.0,Rp,TLR01,BD-PIHPS
2025-05-02,17,harga_pihps,14150.0,Rp,BRS01,BD-PIHPS
2025-05-02,17,harga_pihps,15150.0,Rp,BRS02,BD-PIHPS
2025-05-02,17,harga_pihps,15300.0,Rp,BRS03,BD-PIHPS
2025-05-02,17,harga_pihps,15750.0,Rp,BRS04,BD-PIHPS
2025-05-02,17,harga_pihps,15650.0,Rp,BRS05,BD-PIHPS
2025-05-02,17,harga_pihps,15950.0,Rp,BRS06,BD-PIHPS
2025-05-02,17,harga_pihps,49400.0,Rp,BWM01,BD-PIHPS
2025-05-02,17,harga_pihps,48150.0,Rp,BWP01,BD-PIHPS
2025-05-02,17,harga_pihps,40250.0,Rp,CMR01,BD-PIHPS
2025-05-02,17,harga_pihps,45150.0,Rp,CMR02,BD-PIHPS
2025-05-02,17,harga_pihps,33650.0,Rp,CRW01,BD-PIHPS
2025-05-02,17,harga_pihps,31950.0,Rp,CRW02,BD-PIHPS
2025-05-02,17,harga_pihps,28250.0,Rp,DAY01,BD-PIHPS
2025-05-02,17,harga_pihps,135650.0,Rp,DSP01,BD-PIHPS
2025-05-02,17,harga_pihps,135000.0,Rp,DSP02,BD-PIHPS
2025-05-02,17,harga_pihps,18500.0,Rp,GLP01,BD-PIHPS
2025-05-02,17,harga_pihps,19250.0,Rp,GLP02,BD-PIHPS
2025-05-02,17,harga_pihps,18500.0,Rp,MGR01,BD-PIHPS
2025-05-02,17,harga_pihps,21250.0,Rp,MGR02,BD-PIHPS
2025-05-02,17,harga_pihps,20400.0,Rp,MGR03,BD-PIHPS
2025-05-02,17,harga_pihps,28300.0,Rp,TLR01,BD-PIHPS
2025-05-05,17,harga_pihps,14150.0,Rp,BRS01,BD-PIHPS
2025-05-05,17,harga_pihps,15150.0,Rp,BRS02,BD-PIHPS
2025-05-05,17,harga_pihps,15300.0,Rp,BRS03,BD-PIHPS
2025-05-05,17,harga_pihps,15750.0,Rp,BRS04,BD-PIHPS
2025-05-05,17,harga_pihps,15650.0,Rp,BRS05,BD-PIHPS
2025-05-05,17,harga_pihps,15950.0,Rp,BRS06,BD-PIHPS
2025-05-05,17,harga_pihps,47000.0,Rp,BWM01,BD-PIHPS
2025-05-05,17,harga_pihps,46250.0,Rp,BWP01,BD-PIHPS
2025-05-05,17,harga_pihps,38500.0,Rp,CMR01,BD-PIHPS
2025-05-05,17,harga_pihps,42750.0,Rp,CMR02,BD-PIHPS
2025-05-05,17,harga_pihps,34650.0,Rp,CRW01,BD-PIHPS
2025-05-05,17,harga_pihps,30550.0,Rp,CRW02,BD-PIHPS
2025-05-05,17,harga_pihps,28250.0,Rp,DAY01,BD-PIHPS
2025-05-05,17,harga_pihps,135650.0,Rp,DSP01,BD-PIHPS
2025-05-05,17,harga_pihps,135000.0,Rp,DSP02,BD-PIHPS
2025-05-05,17,harga_pihps,18500.0,Rp,GLP01,BD-PIHPS
2025-05-05,17,harga_pihps,19250.0,Rp,GLP02,BD-PIHPS
2025-05-05,17,harga_pihps,18500.0,Rp,MGR01,BD-PIHPS
2025-05-05,17,harga_pihps,21250.0,Rp,MGR02,BD-PIHPS
2025-05-05,17,harga_pihps,20400.0,Rp,MGR03,BD-PIHPS
2025-05-05,17,harga_pihps,28300.0,Rp,TLR01,BD-PIHPS
2025-05-06,17,harga_pihps,14150.0,Rp,BRS01,BD-PIHPS
2025-05-06,17,harga_pihps,15150.0,Rp,BRS02,BD-PIHPS
2025-05-06,17,harga_pihps,15300.0,Rp,BRS03,BD-PIHPS
2025-05-06,17,harga_pihps,15750.0,Rp,BRS04,BD-PIHPS
2025-05-06,17,harga_pihps,15650.0,Rp,BRS05,BD-PIHPS
2025-05-06,17,harga_pihps,15950.0,Rp,BRS06,BD-PIHPS
2025-05-06,17,harga_pihps,45750.0,Rp,BWM01,BD-PIHPS
2025-05-06,17,harga_pihps,44150.0,Rp,BWP01,BD-PIHPS
2025-05-06,17,harga_pihps,36400.0,Rp,CMR01,BD-PIHPS
2025-05-06,17,harga_pihps,40750.0,Rp,CMR02,BD-PIHPS
2025-05-06,17,harga_pihps,33900.0,Rp,CRW01,BD-PIHPS
2025-05-06,17,harga_pihps,29750.0,Rp,CRW02,BD-PIHPS
2025-05-06,17,harga_pihps,28500.0,Rp,DAY01,BD-PIHPS
2025-05-06,17,harga_pihps,135650.0,Rp,DSP01,BD-PIHPS
2025-05-06,17,harga_pihps,135000.0,Rp,DSP02,BD-PIHPS
2025-05-06,17,harga_pihps,18500.0,Rp,GLP01,BD-PIHPS
2025-05-06,17,harga_pihps,19250.0,Rp,GLP02,BD-PIHPS
2025-05-06,17,harga_pihps,18500.0,Rp,MGR01,BD-PIHPS
2025-05-06,17,harga_pihps,21250.0,Rp,MGR02,BD-PIHPS
2025-05-06,17,harga_pihps,20400.0,Rp,MGR03,BD-PIHPS
2025-05-06,17,harga_pihps,28300.0,Rp,TLR01,BD-PIHPS
2025-05-07,17,harga_pihps,14150.0,Rp,BRS01,BD-PIHPS
2025-05-07,17,harga_pihps,15150.0,Rp,BRS02,BD-PIHPS
2025-05-07,17,harga_pihps,15300.0,Rp,BRS03,BD-PIHPS
2025-05-07,17,harga_pihps,15750.0,Rp,BRS04,BD-PIHPS
2025-05-07,17,harga_pihps,15650.0,Rp,BRS05,BD-PIHPS
2025-05-07,17,harga_pihps,15950.0,Rp,BRS06,BD-PIHPS
2025-05-07,17,harga_pihps,46900.0,Rp,BWM01,BD-PIHPS
2025-05-07,17,harga_pihps,45400.0,Rp,BWP01,BD-PIHPS
2025-05-07,17,harga_pihps,38400.0,Rp,CMR01,BD-PIHPS
2025-05-07,17,harga_pihps,42150.0,Rp,CMR02,BD-PIHPS
2025-05-07,17,harga_pihps,34400.0,Rp,CRW01,BD-PIHPS
2025-05-07,17,harga_pihps,29750.0,Rp,CRW02,BD-PIHPS
2025-05-07,17,harga_pihps,28500.0,Rp,DAY01,BD-PIHPS
2025-05-07,17,harga_pihps,135650.0,Rp,DSP01,BD-PIHPS
2025-05-07,17,harga_pihps,135000.0,Rp,DSP02,BD-PIHPS
2025-05-07,17,harga_pihps,18500.0,Rp,GLP01,BD-PIHPS
2025-05-07,17,harga_pihps,19250.0,Rp,GLP02,BD-PIHPS
2025-05-07,17,harga_pihps,18500.0,Rp,MGR01,BD-PIHPS
2025-05-07,17,harga_pihps,21250.0,Rp,MGR02,BD-PIHPS
2025-05-07,17,harga_pihps,20400.0,Rp,MGR03,BD-PIHPS
2025-05-07,17,harga_pihps,28300.0,Rp,TLR01,BD-PIHPS
2025-05-08,17,harga_pihps,14150.0,Rp,BRS01,BD-PIHPS
2025-05-08,17,harga_pihps,15150.0,Rp,BRS02,BD-PIHPS
2025-05-08,17,harga_pihps,15300.0,Rp,BRS03,BD-PIHPS
2025-05-08,17,harga_pihps,15750.0,Rp,BRS04,BD-PIHPS
2025-05-08,17,harga_pihps,15650.0,Rp,BRS05,BD-PIHPS
2025-05-08,17,harga_pihps,15950.0,Rp,BRS06,BD-PIHPS
2025-05-08,17,harga_pihps,46750.0,Rp,BWM01,BD-PIHPS
2025-05-08,17,harga_pihps,45400.0,Rp,BWP01,BD-PIHPS
2025-05-08,17,harga_pihps,39400.0,Rp,CMR01,BD-PIHPS
2025-05-08,17,harga_pihps,43500.0,Rp,CMR02,BD-PIHPS
2025-05-08,17,harga_pihps,36250.0,Rp,CRW01,BD-PIHPS
2025-05-08,17,harga_pihps,29500.0,Rp,CRW02,BD-PIHPS
2025-05-08,17,harga_pihps,28500.0,Rp,DAY01,BD-PIHPS
2025-05-08,17,harga_pihps,135650.0,Rp,DSP01,BD-PIHPS
2025-05-08,17,harga_pihps,135000.0,Rp,DSP02,BD-PIHPS
2025-05-08,17,harga_pihps,18500.0,Rp,GLP01,BD-PIHPS
2025-05-08,17,harga_pihps,19250.0,Rp,GLP02,BD-PIHPS
2025-05-08,17,harga_pihps,18500.0,Rp,MGR01,BD-PIHPS
2025-05-08,17,harga_pihps,21250.0,Rp,MGR02,BD-PIHPS
2025-05-08,17,harga_pihps,20400.0,Rp,MGR03,BD-PIHPS
2025-05-08,17,harga_pihps,28300.0,Rp,TLR01,BD-PIHPS
2025-05-09,17,harga_pihps,14150.0,Rp,BRS01,BD-PIHPS
2025-05-09,17,harga_pihps,15150.0,Rp,BRS02,BD-PIHPS
2025-05-09,17,harga_pihps,15300.0,Rp,BRS03,BD-PIHPS
2025-05-09,17,harga_pihps,15750.0,Rp,BRS04,BD-PIHPS
2025-05-09,17,harga_pihps,15650.0,Rp,BRS05,BD-PIHPS
2025-05-09,17,harga_pihps,15950.0,Rp,BRS06,BD-PIHPS
2025-05-09,17,harga_pihps,46900.0,Rp,BWM01,BD-PIHPS
2025-05-09,17,harga_pihps,45500.0,Rp,BWP01,BD-PIHPS
2025-05-09,17,harga_pihps,40650.0,Rp,CMR01,BD-PIHPS
2025-05-09,17,harga_pihps,44750.0,Rp,CMR02,BD-PIHPS
2025-05-09,17,harga_pihps,38650.0,Rp,CRW01,BD-PIHPS
2025-05-09,17,harga_pihps,29500.0,Rp,CRW02,BD-PIHPS
2025-05-09,17,harga_pihps,29150.0,Rp,DAY01,BD-PIHPS
2025-05-09,17,harga_pihps,135650.0,Rp,DSP01,BD-PIHPS
2025-05-09,17,harga_pihps,135000.0,Rp,DSP02,BD-PIHPS
2025-05-09,17,harga_pihps,18500.0,Rp,GLP01,BD-PIHPS
2025-05-09,17,harga_pihps,19250.0,Rp,GLP02,BD-PIHPS
2025-05-09,17,harga_pihps,18500.0,Rp,MGR01,BD-PIHPS
2025-05-09,17,harga_pihps,21250.0,Rp,MGR02,BD-PIHPS
2025-05-09,17,harga_pihps,20400.0,Rp,MGR03,BD-PIHPS
2025-05-09,17,harga_pihps,28300.0,Rp,TLR01,BD-PIHPS
2025-05-12,17,harga_pihps,14150.0,Rp,BRS01,BD-PIHPS
2025-05-12,17,harga_pihps,15150.0,Rp,BRS02,BD-PIHPS
2025-05-12,17,harga_pihps,15300.0,Rp,BRS03,BD-PIHPS
2025-05-12,17,harga_pihps,15750.0,Rp,BRS04,BD-PIHPS
2025-05-12,17,harga_pihps,15650.0,Rp,BRS05,BD-PIHPS
2025-05-12,17,harga_pihps,15950.0,Rp,BRS06,BD-PIHPS
2025-05-12,17,harga_pihps,46150.0,Rp,BWM01,BD-PIHPS
2025-05-12,17,harga_pihps,45400.0,Rp,BWP01,BD-PIHPS
2025-05-12,17,harga_pihps,40650.0,Rp,CMR01,BD-PIHPS
2025-05-12,17,harga_pihps,44750.0,Rp,CMR02,BD-PIHPS
2025-05-12,17,harga_pihps,38650.0,Rp,CRW01,BD-PIHPS
2025-05-12,17,harga_pihps,29500.0,Rp,CRW02,BD-PIHPS
2025-05-12,17,harga_pihps,29150.0,Rp,DAY01,BD-PIHPS
2025-05-12,17,harga_pihps,135650.0,Rp,DSP01,BD-PIHPS
2025-05-12,17,harga_pihps,119250.0,Rp,DSP02,BD-PIHPS
2025-05-12,17,harga_pihps,18500.0,Rp,GLP01,BD-PIHPS
2025-05-12,17,harga_pihps,19250.0,Rp,GLP02,BD-PIHPS
2025-05-12,17,harga_pihps,18500.0,Rp,MGR01,BD-PIHPS
2025-05-12,17,harga_pihps,21250.0,Rp,MGR02,BD-PIHPS
2025-05-12,17,harga_pihps,20400.0,Rp,MGR03,BD-PIHPS
2025-05-12,17,harga_pihps,28300.0,Rp,TLR01,BD-PIHPS
2025-05-13,17,harga_pihps,14150.0,Rp,BRS01,BD-PIHPS
2025-05-13,17,harga_pihps,15150.0,Rp,BRS02,BD-PIHPS
2025-05-13,17,harga_pihps,15300.0,Rp,BRS03,BD-PIHPS
2025-05-13,17,harga_pihps,15750.0,Rp,BRS04,BD-PIHPS
2025-05-13,17,harga_pihps,15650.0,Rp,BRS05,BD-PIHPS
2025-05-13,17,harga_pihps,15950.0,Rp,BRS06,BD-PIHPS
2025-05-13,17,harga_pihps,46150.0,Rp,BWM01,BD-PIHPS
2025-05-13,17,harga_pihps,45400.0,Rp,BWP01,BD-PIHPS
2025-05-13,17,harga_pihps,40650.0,Rp,CMR01,BD-PIHPS
2025-05-13,17,harga_pihps,44750.0,Rp,CMR02,BD-PIHPS
2025-05-13,17,harga_pihps,38650.0,Rp,CRW01,BD-PIHPS
2025-05-13,17,harga_pihps,29500.0,Rp,CRW02,BD-PIHPS
2025-05-13,17,harga_pihps,29150.0,Rp,DAY01,BD-PIHPS
2025-05-13,17,harga_pihps,135650.0,Rp,DSP01,BD-PIHPS
2025-05-13,17,harga_pihps,135000.0,Rp,DSP02,BD-PIHPS
2025-05-13,17,harga_pihps,18500.0,Rp,GLP01,BD-PIHPS
2025-05-13,17,harga_pihps,19250.0,Rp,GLP02,BD-PIHPS
2025-05-13,17,harga_pihps,18500.0,Rp,MGR01,BD-PIHPS
2025-05-13,17,harga_pihps,21250.0,Rp,MGR02,BD-PIHPS
2025-05-13,17,harga_pihps,20400.0,Rp,MGR03,BD-PIHPS
2025-05-13,17,harga_pihps,28300.0,Rp,TLR01,BD-PIHPS
2025-05-14,17,harga_pihps,14150.0,Rp,BRS01,BD-PIHPS
2025-05-14,17,harga_pihps,15150.0,Rp,BRS02,BD-PIHPS
2025-05-14,17,harga_pihps,15300.0,Rp,BRS03,BD-PIHPS
2025-05-14,17,harga_pihps,15750.0,Rp,BRS04,BD-PIHPS
2025-05-14,17,harga_pihps,15650.0,Rp,BRS05,BD-PIHPS
2025-05-14,17,harga_pihps,15950.0,Rp,BRS06,BD-PIHPS
2025-05-14,17,harga_pihps,45900.0,Rp,BWM01,BD-PIHPS
2025-05-14,17,harga_pihps,42400.0,Rp,BWP01,BD-PIHPS
2025-05-14,17,harga_pihps,38500.0,Rp,CMR01,BD-PIHPS
2025-05-14,17,harga_pihps,41750.0,Rp,CMR02,BD-PIHPS
2025-05-14,17,harga_pihps,36900.0,Rp,CRW01,BD-PIHPS
2025-05-14,17,harga_pihps,29500.0,Rp,CRW02,BD-PIHPS
2025-05-14,17,harga_pihps,32000.0,Rp,DAY01,BD-PIHPS
2025-05-14,17,harga_pihps,135650.0,Rp,DSP01,BD-PIHPS
2025-05-14,17,harga_pihps,135000.0,Rp,DSP02,BD-PIHPS
2025-05-14,17,harga_pihps,18500.0,Rp,GLP01,BD-PIHPS
2025-05-14,17,harga_pihps,19250.0,Rp,GLP02,BD-PIHPS
2025-05-14,17,harga_pihps,18500.0,Rp,MGR01,BD-PIHPS
2025-05-14,17,harga_pihps,21250.0,Rp,MGR02,BD-PIHPS
2025-05-14,17,harga_pihps,20400.0,Rp,MGR03,BD-PIHPS
2025-05-14,17,harga_pihps,28300.0,Rp,TLR01,BD-PIHPS
2025-05-15,17,harga_pihps,14150.0,Rp,BRS01,BD-PIHPS
2025-05-15,17,harga_pihps,15150.0,Rp,BRS02,BD-PIHPS
2025-05-15,17,harga_pihps,15300.0,Rp,BRS03,BD-PIHPS
2025-05-15,17,harga_pihps,15750.0,Rp,BRS04,BD-PIHPS
2025-05-15,17,harga_pihps,15650.0,Rp,BRS05,BD-PIHPS
2025-05-15,17,harga_pihps,15950.0,Rp,BRS06,BD-PIHPS
2025-05-15,17,harga_pihps,44650.0,Rp,BWM01,BD-PIHPS
2025-05-15,17,harga_pihps,41000.0,Rp,BWP01,BD-PIHPS
2025-05-15,17,harga_pihps,35750.0,Rp,CMR01,BD-PIHPS
2025-05-15,17,harga_pihps,39500.0,Rp,CMR02,BD-PIHPS
2025-05-15,17,harga_pihps,35900.0,Rp,CRW01,BD-PIHPS
2025-05-15,17,harga_pihps,28600.0,Rp,CRW02,BD-PIHPS
2025-05-15,17,harga_pihps,33150.0,Rp,DAY01,BD-PIHPS
2025-05-15,17,harga_pihps,135650.0,Rp,DSP01,BD-PIHPS
2025-05-15,17,harga_pihps,135000.0,Rp,DSP02,BD-PIHPS
2025-05-15,17,harga_pihps,18500.0,Rp,GLP01,BD-PIHPS
2025-05-15,17,harga_pihps,19250.0,Rp,GLP02,BD-PIHPS
2025-05-15,17,harga_pihps,18500.0,Rp,MGR01,BD-PIHPS
2025-05-15,17,harga_pihps,21250.0,Rp,MGR02,BD-PIHPS
2025-05-15,17,harga_pihps,20400.0,Rp,MGR03,BD-PIHPS
2025-05-15,17,harga_pihps,28300.0,Rp,TLR01,BD-PIHPS
2025-05-16,17,harga_pihps,14150.0,Rp,BRS01,BD-PIHPS
2025-05-16,17,harga_pihps,15150.0,Rp,BRS02,BD-PIHPS
2025-05-16,17,harga_pihps,15300.0,Rp,BRS03,BD-PIHPS
2025-05-16,17,harga_pihps,15750.0,Rp,BRS04,BD-PIHPS
2025-05-16,17,harga_pihps,15650.0,Rp,BRS05,BD-PIHPS
2025-05-16,17,harga_pihps,15950.0,Rp,BRS06,BD-PIHPS
2025-05-16,17,harga_pihps,44650.0,Rp,BWM01,BD-PIHPS
2025-05-16,17,harga_pihps,42150.0,Rp,BWP01,BD-PIHPS
2025-05-16,17,harga_pihps,35400.0,Rp,CMR01,BD-PIHPS
2025-05-16,17,harga_pihps,39500.0,Rp,CMR02,BD-PIHPS
2025-05-16,17,harga_pihps,36500.0,Rp,CRW01,BD-PIHPS
2025-05-16,17,harga_pihps,29300.0,Rp,CRW02,BD-PIHPS
2025-05-16,17,harga_pihps,33150.0,Rp,DAY01,BD-PIHPS
2025-05-16,17,harga_pihps,135650.0,Rp,DSP01,BD-PIHPS
2025-05-16,17,harga_pihps,135000.0,Rp,DSP02,BD-PIHPS
2025-05-16,17,harga_pihps,18500.0,Rp,GLP01,BD-PIHPS
2025-05-16,17,harga_pihps,19250.0,Rp,GLP02,BD-PIHPS
2025-05-16,17,harga_pihps,18500.0,Rp,MGR01,BD-PIHPS
2025-05-16,17,harga_pihps,21250.0,Rp,MGR02,BD-PIHPS
2025-05-16,17,harga_pihps,20400.0,Rp,MGR03,BD-PIHPS
2025-05-16,17,harga_pihps,28300.0,Rp,TLR01,BD-PIHPS
2025-05-19,17,harga_pihps,14150.0,Rp,BRS01,BD-PIHPS
2025-05-19,17,harga_pihps,15150.0,Rp,BRS02,BD-PIHPS
2025-05-19,17,harga_pihps,15300.0,Rp,BRS03,BD-PIHPS
2025-05-19,17,harga_pihps,15750.0,Rp,BRS04,BD-PIHPS
2025-05-19,17,harga_pihps,15650.0,Rp,BRS05,BD-PIHPS
2025-05-19,17,harga_pihps,15950.0,Rp,BRS06,BD-PIHPS
2025-05-19,17,harga_pihps,44650.0,Rp,BWM01,BD-PIHPS
2025-05-19,17,harga_pihps,42150.0,Rp,BWP01,BD-PIHPS
2025-05-19,17,harga_pihps,34750.0,Rp,CMR01,BD-PIHPS
2025-05-19,17,harga_pihps,38900.0,Rp,CMR02,BD-PIHPS
2025-05-19,17,harga_pihps,35900.0,Rp,CRW01,BD-PIHPS
2025-05-19,17,harga_pihps,27700.0,Rp,CRW02,BD-PIHPS
2025-05-19,17,harga_pihps,34250.0,Rp,DAY01,BD-PIHPS
2025-05-19,17,harga_pihps,135650.0,Rp,DSP01,BD-PIHPS
2025-05-19,17,harga_pihps,135000.0,Rp,DSP02,BD-PIHPS
2025-05-19,17,harga_pihps,18500.0,Rp,GLP01,BD-PIHPS
2025-05-19,17,harga_pihps,19250.0,Rp,GLP02,BD-PIHPS
2025-05-19,17,harga_pihps,18500.0,Rp,MGR01,BD-PIHPS
2025-05-19,17,harga_pihps,21250.0,Rp,MGR02,BD-PIHPS
2025-05-19,17,harga_pihps,20400.0,Rp,MGR03,BD-PIHPS
2025-05-19,17,harga_pihps,28300.0,Rp,TLR01,BD-PIHPS
2025-05-20,17,harga_pihps,14150.0,Rp,BRS01,BD-PIHPS
2025-05-20,17,harga_pihps,15150.0,Rp,BRS02,BD-PIHPS
2025-05-20,17,harga_pihps,15300.0,Rp,BRS03,BD-PIHPS
2025-05-20,17,harga_pihps,15750.0,Rp,BRS04,BD-PIHPS
2025-05-20,17,harga_pihps,15650.0,Rp,BRS05,BD-PIHPS
2025-05-20,17,harga_pihps,15950.0,Rp,BRS06,BD-PIHPS
2025-05-20,17,harga_pihps,45500.0,Rp,BWM01,BD-PIHPS
2025-05-20,17,harga_pihps,41900.0,Rp,BWP01,BD-PIHPS
2025-05-20,17,harga_pihps,34750.0,Rp,CMR01,BD-PIHPS
2025-05-20,17,harga_pihps,38150.0,Rp,CMR02,BD-PIHPS
2025-05-20,17,harga_pihps,35250.0,Rp,CRW01,BD-PIHPS
2025-05-20,17,harga_pihps,26250.0,Rp,CRW02,BD-PIHPS
2025-05-20,17,harga_pihps,34250.0,Rp,DAY01,BD-PIHPS
2025-05-20,17,harga_pihps,135650.0,Rp,DSP01,BD-PIHPS
2025-05-20,17,harga_pihps,135000.0,Rp,DSP02,BD-PIHPS
2025-05-20,17,harga_pihps,18500.0,Rp,GLP01,BD-PIHPS
2025-05-20,17,harga_pihps,19250.0,Rp,GLP02,BD-PIHPS
2025-05-20,17,harga_pihps,18500.0,Rp,MGR01,BD-PIHPS
2025-05-20,17,harga_pihps,21250.0,Rp,MGR02,BD-PIHPS
2025-05-20,17,harga_pihps,20400.0,Rp,MGR03,BD-PIHPS
2025-05-20,17,harga_pihps,28300.0,Rp,TLR01,BD-PIHPS
2025-05-21,17,harga_pihps,14150.0,Rp,BRS01,BD-PIHPS
2025-05-21,17,harga_pihps,15150.0,Rp,BRS02,BD-PIHPS
2025-05-21,17,harga_pihps,15300.0,Rp,BRS03,BD-PIHPS
2025-05-21,17,harga_pihps,15750.0,Rp,BRS04,BD-PIHPS
2025-05-21,17,harga_pihps,15650.0,Rp,BRS05,BD-PIHPS
2025-05-21,17,harga_pihps,15950.0,Rp,BRS06,BD-PIHPS
2025-05-21,17,harga_pihps,45500.0,Rp,BWM01,BD-PIHPS
2025-05-21,17,harga_pihps,42650.0,Rp,BWP01,BD-PIHPS
2025-05-21,17,harga_pihps,34750.0,Rp,CMR01,BD-PIHPS
2025-05-21,17,harga_pihps,39500.0,Rp,CMR02,BD-PIHPS
2025-05-21,17,harga_pihps,35000.0,Rp,CRW01,BD-PIHPS
2025-05-21,17,harga_pihps,25750.0,Rp,CRW02,BD-PIHPS
2025-05-21,17,harga_pihps,34400.0,Rp,DAY01,BD-PIHPS
2025-05-21,17,harga_pihps,135000.0,Rp,DSP01,BD-PIHPS
2025-05-21,17,harga_pihps,134400.0,Rp,DSP02,BD-PIHPS
2025-05-21,17,harga_pihps,18500.0,Rp,GLP01,BD-PIHPS
2025-05-21,17,harga_pihps,19250.0,Rp,GLP02,BD-PIHPS
2025-05-21,17,harga_pihps,18500.0,Rp,MGR01,BD-PIHPS
2025-05-21,17,harga_pihps,21250.0,Rp,MGR02,BD-PIHPS
2025-05-21,17,harga_pihps,20400.0,Rp,MGR03,BD-PIHPS
2025-05-21,17,harga_pihps,28300.0,Rp,TLR01,BD-PIHPS
2025-05-22,17,harga_pihps,14150.0,Rp,BRS01,BD-PIHPS
2025-05-22,17,harga_pihps,15150.0,Rp,BRS02,BD-PIHPS
2025-05-22,17,harga_pihps,15300.0,Rp,BRS03,BD-PIHPS
2025-05-22,17,harga_pihps,15750.0,Rp,BRS04,BD-PIHPS
2025-05-22,17,harga_pihps,15650.0,Rp,BRS05,BD-PIHPS
2025-05-22,17,harga_pihps,15950.0,Rp,BRS06,BD-PIHPS
2025-05-22,17,harga_pihps,45900.0,Rp,BWM01,BD-PIHPS
2025-05-22,17,harga_pihps,43500.0,Rp,BWP01,BD-PIHPS
2025-05-22,17,harga_pihps,35650.0,Rp,CMR01,BD-PIHPS
2025-05-22,17,harga_pihps,40250.0,Rp,CMR02,BD-PIHPS
2025-05-22,17,harga_pihps,35250.0,Rp,CRW01,BD-PIHPS
2025-05-22,17,harga_pihps,26400.0,Rp,CRW02,BD-PIHPS
2025-05-22,17,harga_pihps,34400.0,Rp,DAY01,BD-PIHPS
2025-05-22,17,harga_pihps,135000.0,Rp,DSP01,BD-PIHPS
2025-05-22,17,harga_pihps,134400.0,Rp,DSP02,BD-PIHPS
2025-05-22,17,harga_pihps,18500.0,Rp,GLP01,BD-PIHPS
2025-05-22,17,harga_pihps,19250.0,Rp,GLP02,BD-PIHPS
2025-05-22,17,harga_pihps,18500.0,Rp,MGR01,BD-PIHPS
2025-05-22,17,harga_pihps,21250.0,Rp,MGR02,BD-PIHPS
2025-05-22,17,harga_pihps,20400.0,Rp,MGR03,BD-PIHPS
2025-05-22,17,harga_pihps,28300.0,Rp,TLR01,BD-PIHPS
2025-05-23,17,harga_pihps,14150.0,Rp,BRS01,BD-PIHPS
2025-05-23,17,harga_pihps,15150.0,Rp,BRS02,BD-PIHPS
2025-05-23,17,harga_pihps,15300.0,Rp,BRS03,BD-PIHPS
2025-05-23,17,harga_pihps,15750.0,Rp,BRS04,BD-PIHPS
2025-05-23,17,harga_pihps,15650.0,Rp,BRS05,BD-PIHPS
2025-05-23,17,harga_pihps,15950.0,Rp,BRS06,BD-PIHPS
2025-05-23,17,harga_pihps,45150.0,Rp,BWM01,BD-PIHPS
2025-05-23,17,harga_pihps,43250.0,Rp,BWP01,BD-PIHPS
2025-05-23,17,harga_pihps,32750.0,Rp,CMR01,BD-PIHPS
2025-05-23,17,harga_pihps,36650.0,Rp,CMR02,BD-PIHPS
2025-05-23,17,harga_pihps,35400.0,Rp,CRW01,BD-PIHPS
2025-05-23,17,harga_pihps,26550.0,Rp,CRW02,BD-PIHPS
2025-05-23,17,harga_pihps,34650.0,Rp,DAY01,BD-PIHPS
2025-05-23,17,harga_pihps,135000.0,Rp,DSP01,BD-PIHPS
2025-05-23,17,harga_pihps,134400.0,Rp,DSP02,BD-PIHPS
2025-05-23,17,harga_pihps,18500.0,Rp,GLP01,BD-PIHPS
2025-05-23,17,harga_pihps,19250.0,Rp,GLP02,BD-PIHPS
2025-05-23,17,harga_pihps,18500.0,Rp,MGR01,BD-PIHPS
2025-05-23,17,harga_pihps,21250.0,Rp,MGR02,BD-PIHPS
2025-05-23,17,harga_pihps,20400.0,Rp,MGR03,BD-PIHPS
2025-05-23,17,harga_pihps,28300.0,Rp,TLR01,BD-PIHPS
2025-05-26,17,harga_pihps,14150.0,Rp,BRS01,BD-PIHPS
2025-05-26,17,harga_pihps,15150.0,Rp,BRS02,BD-PIHPS
2025-05-26,17,harga_pihps,15300.0,Rp,BRS03,BD-PIHPS
2025-05-26,17,harga_pihps,15750.0,Rp,BRS04,BD-PIHPS
2025-05-26,17,harga_pihps,15650.0,Rp,BRS05,BD-PIHPS
2025-05-26,17,harga_pihps,15950.0,Rp,BRS06,BD-PIHPS
2025-05-26,17,harga_pihps,45150.0,Rp,BWM01,BD-PIHPS
2025-05-26,17,harga_pihps,43250.0,Rp,BWP01,BD-PIHPS
2025-05-26,17,harga_pihps,35750.0,Rp,CMR01,BD-PIHPS
2025-05-26,17,harga_pihps,35700.0,Rp,CMR02,BD-PIHPS
2025-05-26,17,harga_pihps,36900.0,Rp,CRW01,BD-PIHPS
2025-05-26,17,harga_pihps,25700.0,Rp,CRW02,BD-PIHPS
2025-05-26,17,harga_pihps,34150.0,Rp,DAY01,BD-PIHPS
2025-05-26,17,harga_pihps,135000.0,Rp,DSP01,BD-PIHPS
2025-05-26,17,harga_pihps,134400.0,Rp,DSP02,BD-PIHPS
2025-05-26,17,harga_pihps,18500.0,Rp,GLP01,BD-PIHPS
2025-05-26,17,harga_pihps,19250.0,Rp,GLP02,BD-PIHPS
2025-05-26,17,harga_pihps,18500.0,Rp,MGR01,BD-PIHPS
2025-05-26,17,harga_pihps,21250.0,Rp,MGR02,BD-PIHPS
2025-05-26,17,harga_pihps,20400.0,Rp,MGR03,BD-PIHPS
2025-05-26,17,harga_pihps,28300.0,Rp,TLR01,BD-PIHPS
2025-05-27,17,harga_pihps,14150.0,Rp,BRS01,BD-PIHPS
2025-05-27,17,harga_pihps,15150.0,Rp,BRS02,BD-PIHPS
2025-05-27,17,harga_pihps,15300.0,Rp,BRS03,BD-PIHPS
2025-05-27,17,harga_pihps,15750.0,Rp,BRS04,BD-PIHPS
2025-05-27,17,harga_pihps,15650.0,Rp,BRS05,BD-PIHPS
2025-05-27,17,harga_pihps,15950.0,Rp,BRS06,BD-PIHPS
2025-05-27,17,harga_pihps,45650.0,Rp,BWM01,BD-PIHPS
2025-05-27,17,harga_pihps,43650.0,Rp,BWP01,BD-PIHPS
2025-05-27,17,harga_pihps,34150.0,Rp,CMR01,BD-PIHPS
2025-05-27,17,harga_pihps,38400.0,Rp,CMR02,BD-PIHPS
2025-05-27,17,harga_pihps,35000.0,Rp,CRW01,BD-PIHPS
2025-05-27,17,harga_pihps,26550.0,Rp,CRW02,BD-PIHPS
2025-05-27,17,harga_pihps,34150.0,Rp,DAY01,BD-PIHPS
2025-05-27,17,harga_pihps,135000.0,Rp,DSP01,BD-PIHPS
2025-05-27,17,harga_pihps,134400.0,Rp,DSP02,BD-PIHPS
2025-05-27,17,harga_pihps,18500.0,Rp,GLP01,BD-PIHPS
2025-05-27,17,harga_pihps,19250.0,Rp,GLP02,BD-PIHPS
2025-05-27,17,harga_pihps,18300.0,Rp,MGR01,BD-PIHPS
2025-05-27,17,harga_pihps,21250.0,Rp,MGR02,BD-PIHPS
2025-05-27,17,harga_pihps,20400.0,Rp,MGR03,BD-PIHPS
2025-05-27,17,harga_pihps,28300.0,Rp,TLR01,BD-PIHPS
2025-05-28,17,harga_pihps,14150.0,Rp,BRS01,BD-PIHPS
2025-05-28,17,harga_pihps,15150.0,Rp,BRS02,BD-PIHPS
2025-05-28,17,harga_pihps,15300.0,Rp,BRS03,BD-PIHPS
2025-05-28,17,harga_pihps,15750.0,Rp,BRS04,BD-PIHPS
2025-05-28,17,harga_pihps,15650.0,Rp,BRS05,BD-PIHPS
2025-05-28,17,harga_pihps,15950.0,Rp,BRS06,BD-PIHPS
2025-05-28,17,harga_pihps,46000.0,Rp,BWM01,BD-PIHPS
2025-05-28,17,harga_pihps,43650.0,Rp,BWP01,BD-PIHPS
2025-05-28,17,harga_pihps,32400.0,Rp,CMR01,BD-PIHPS
2025-05-28,17,harga_pihps,36500.0,Rp,CMR02,BD-PIHPS
2025-05-28,17,harga_pihps,34750.0,Rp,CRW01,BD-PIHPS
2025-05-28,17,harga_pihps,26300.0,Rp,CRW02,BD-PIHPS
2025-05-28,17,harga_pihps,34150.0,Rp,DAY01,BD-PIHPS
2025-05-28,17,harga_pihps,135000.0,Rp,DSP01,BD-PIHPS
2025-05-28,17,harga_pihps,134400.0,Rp,DSP02,BD-PIHPS
2025-05-28,17,harga_pihps,18500.0,Rp,GLP01,BD-PIHPS
2025-05-28,17,harga_pihps,19250.0,Rp,GLP02,BD-PIHPS
2025-05-28,17,harga_pihps,18300.0,Rp,MGR01,BD-PIHPS
2025-05-28,17,harga_pihps,21250.0,Rp,MGR02,BD-PIHPS
2025-05-28,17,harga_pihps,20400.0,Rp,MGR03,BD-PIHPS
2025-05-28,17,harga_pihps,28300.0,Rp,TLR01,BD-PIHPS
2025-05-29,17,harga_pihps,14150.0,Rp,BRS01,BD-PIHPS
2025-05-29,17,harga_pihps,15150.0,Rp,BRS02,BD-PIHPS
2025-05-29,17,harga_pihps,15300.0,Rp,BRS03,BD-PIHPS
2025-05-29,17,harga_pihps,15750.0,Rp,BRS04,BD-PIHPS
2025-05-29,17,harga_pihps,15650.0,Rp,BRS05,BD-PIHPS
2025-05-29,17,harga_pihps,15950.0,Rp,BRS06,BD-PIHPS
2025-05-29,17,harga_pihps,46000.0,Rp,BWM01,BD-PIHPS
2025-05-29,17,harga_pihps,43650.0,Rp,BWP01,BD-PIHPS
2025-05-29,17,harga_pihps,31400.0,Rp,CMR01,BD-PIHPS
2025-05-29,17,harga_pihps,36500.0,Rp,CMR02,BD-PIHPS
2025-05-29,17,harga_pihps,34750.0,Rp,CRW01,BD-PIHPS
2025-05-29,17,harga_pihps,26300.0,Rp,CRW02,BD-PIHPS
2025-05-29,17,harga_pihps,34150.0,Rp,DAY01,BD-PIHPS
2025-05-29,17,harga_pihps,135000.0,Rp,DSP01,BD-PIHPS
2025-05-29,17,harga_pihps,134400.0,Rp,DSP02,BD-PIHPS
2025-05-29,17,harga_pihps,18500.0,Rp,GLP01,BD-PIHPS
2025-05-29,17,harga_pihps,19250.0,Rp,GLP02,BD-PIHPS
2025-05-29,17,harga_pihps,18200.0,Rp,MGR01,BD-PIHPS
2025-05-29,17,harga_pihps,21250.0,Rp,MGR02,BD-PIHPS
2025-05-29,17,harga_pihps,20400.0,Rp,MGR03,BD-PIHPS
2025-05-29,17,harga_pihps,28300.0,Rp,TLR01,BD-PIHPS
2025-05-30,17,harga_pihps,14150.0,Rp,BRS01,BD-PIHPS
2025-05-30,17,harga_pihps,15150.0,Rp,BRS02,BD-PIHPS
2025-05-30,17,harga_pihps,15300.0,Rp,BRS03,BD-PIHPS
2025-05-30,17,harga_pihps,15750.0,Rp,BRS04,BD-PIHPS
2025-05-30,17,harga_pihps,15650.0,Rp,BRS05,BD-PIHPS
2025-05-30,17,harga_pihps,15950.0,Rp,BRS06,BD-PIHPS
2025-05-30,17,harga_pihps,46000.0,Rp,BWM01,BD-PIHPS
2025-05-30,17,harga_pihps,43650.0,Rp,BWP01,BD-PIHPS
2025-05-30,17,harga_pihps,31400.0,Rp,CMR01,BD-PIHPS
2025-05-30,17,harga_pihps,36500.0,Rp,CMR02,BD-PIHPS
2025-05-30,17,harga_pihps,34750.0,Rp,CRW01,BD-PIHPS
2025-05-30,17,harga_pihps,26300.0,Rp,CRW02,BD-PIHPS
2025-05-30,17,harga_pihps,34150.0,Rp,DAY01,BD-PIHPS
2025-05-30,17,harga_pihps,135000.0,Rp,DSP01,BD-PIHPS
2025-05-30,17,harga_pihps,134400.0,Rp,DSP02,BD-PIHPS
2025-05-30,17,harga_pihps,18500.0,Rp,GLP01,BD-PIHPS
2025-05-30,17,harga_pihps,19250.0,Rp,GLP02,BD-PIHPS
2025-05-30,17,harga_pihps,18200.0,Rp,MGR01,BD-PIHPS
2025-05-30,17,harga_pihps,21250.0,Rp,MGR02,BD-PIHPS
2025-05-30,17,harga_pihps,20400.0,Rp,MGR03,BD-PIHPS
2025-05-30,17,harga_pihps,28300.0,Rp,TLR01,BD-PIHPS
2025-06-02,17,harga_pihps,14150.0,Rp,BRS01,BD-PIHPS
2025-06-02,17,harga_pihps,15150.0,Rp,BRS02,BD-PIHPS
2025-06-02,17,harga_pihps,15300.0,Rp,BRS03,BD-PIHPS
2025-06-02,17,harga_pihps,15750.0,Rp,BRS04,BD-PIHPS
2025-06-02,17,harga_pihps,15650.0,Rp,BRS05,BD-PIHPS
2025-06-02,17,harga_pihps,15950.0,Rp,BRS06,BD-PIHPS
2025-06-02,17,harga_pihps,45250.0,Rp,BWM01,BD-PIHPS
2025-06-02,17,harga_pihps,43400.0,Rp,BWP01,BD-PIHPS
2025-06-02,17,harga_pihps,31000.0,Rp,CMR01,BD-PIHPS
2025-06-02,17,harga_pihps,35500.0,Rp,CMR02,BD-PIHPS
2025-06-02,17,harga_pihps,35150.0,Rp,CRW01,BD-PIHPS
2025-06-02,17,harga_pihps,27250.0,Rp,CRW02,BD-PIHPS
2025-06-02,17,harga_pihps,35000.0,Rp,DAY01,BD-PIHPS
2025-06-02,17,harga_pihps,135000.0,Rp,DSP01,BD-PIHPS
2025-06-02,17,harga_pihps,134400.0,Rp,DSP02,BD-PIHPS
2025-06-02,17,harga_pihps,18500.0,Rp,GLP01,BD-PIHPS
2025-06-02,17,harga_pihps,19250.0,Rp,GLP02,BD-PIHPS
2025-06-02,17,harga_pihps,18200.0,Rp,MGR01,BD-PIHPS
2025-06-02,17,harga_pihps,21250.0,Rp,MGR02,BD-PIHPS
2025-06-02,17,harga_pihps,20400.0,Rp,MGR03,BD-PIHPS
2025-06-02,17,harga_pihps,28300.0,Rp,TLR01,BD-PIHPS
2025-06-03,17,harga_pihps,14150.0,Rp,BRS01,BD-PIHPS
2025-06-03,17,harga_pihps,15150.0,Rp,BRS02,BD-PIHPS
2025-06-03,17,harga_pihps,15300.0,Rp,BRS03,BD-PIHPS
2025-06-03,17,harga_pihps,15800.0,Rp,BRS04,BD-PIHPS
2025-06-03,17,harga_pihps,15650.0,Rp,BRS05,BD-PIHPS
2025-06-03,17,harga_pihps,16050.0,Rp,BRS06,BD-PIHPS
2025-06-03,17,harga_pihps,45150.0,Rp,BWM01,BD-PIHPS
2025-06-03,17,harga_pihps,43650.0,Rp,BWP01,BD-PIHPS
2025-06-03,17,harga_pihps,31500.0,Rp,CMR01,BD-PIHPS
2025-06-03,17,harga_pihps,35400.0,Rp,CMR02,BD-PIHPS
2025-06-03,17,harga_pihps,35500.0,Rp,CRW01,BD-PIHPS
2025-06-03,17,harga_pihps,27600.0,Rp,CRW02,BD-PIHPS
2025-06-03,17,harga_pihps,35000.0,Rp,DAY01,BD-PIHPS
2025-06-03,17,harga_pihps,135000.0,Rp,DSP01,BD-PIHPS
2025-06-03,17,harga_pihps,134400.0,Rp,DSP02,BD-PIHPS
2025-06-03,17,harga_pihps,18500.0,Rp,GLP01,BD-PIHPS
2025-06-03,17,harga_pihps,19250.0,Rp,GLP02,BD-PIHPS
2025-06-03,17,harga_pihps,18200.0,Rp,MGR01,BD-PIHPS
2025-06-03,17,harga_pihps,21250.0,Rp,MGR02,BD-PIHPS
2025-06-03,17,harga_pihps,20400.0,Rp,MGR03,BD-PIHPS
2025-06-03,17,harga_pihps,28300.0,Rp,TLR01,BD-PIHPS
2025-06-04,17,harga_pihps,14150.0,Rp,BRS01,BD-PIHPS
2025-06-04,17,harga_pihps,15150.0,Rp,BRS02,BD-PIHPS
2025-06-04,17,harga_pihps,15300.0,Rp,BRS03,BD-PIHPS
2025-06-04,17,harga_pihps,15900.0,Rp,BRS04,BD-PIHPS
2025-06-04,17,harga_pihps,15650.0,Rp,BRS05,BD-PIHPS
2025-06-04,17,harga_pihps,16050.0,Rp,BRS06,BD-PIHPS
2025-06-04,17,harga_pihps,45500.0,Rp,BWM01,BD-PIHPS
2025-06-04,17,harga_pihps,43750.0,Rp,BWP01,BD-PIHPS
2025-06-04,17,harga_pihps,34150.0,Rp,CMR01,BD-PIHPS
2025-06-04,17,harga_pihps,37900.0,Rp,CMR02,BD-PIHPS
2025-06-04,17,harga_pihps,37750.0,Rp,CRW01,BD-PIHPS
2025-06-04,17,harga_pihps,27800.0,Rp,CRW02,BD-PIHPS
2025-06-04,17,harga_pihps,35400.0,Rp,DAY01,BD-PIHPS
2025-06-04,17,harga_pihps,135000.0,Rp,DSP01,BD-PIHPS
2025-06-04,17,harga_pihps,134400.0,Rp,DSP02,BD-PIHPS
2025-06-04,17,harga_pihps,18500.0,Rp,GLP01,BD-PIHPS
2025-06-04,17,harga_pihps,19250.0,Rp,GLP02,BD-PIHPS
2025-06-04,17,harga_pihps,18200.0,Rp,MGR01,BD-PIHPS
2025-06-04,17,harga_pihps,21250.0,Rp,MGR02,BD-PIHPS
2025-06-04,17,harga_pihps,20400.0,Rp,MGR03,BD-PIHPS
2025-06-04,17,harga_pihps,28300.0,Rp,TLR01,BD-PIHPS
2025-06-05,17,harga_pihps,14150.0,Rp,BRS01,BD-PIHPS
2025-06-05,17,harga_pihps,15150.0,Rp,BRS02,BD-PIHPS
2025-06-05,17,harga_pihps,15300.0,Rp,BRS03,BD-PIHPS
2025-06-05,17,harga_pihps,15900.0,Rp,BRS04,BD-PIHPS
2025-06-05,17,harga_pihps,15650.0,Rp,BRS05,BD-PIHPS
2025-06-05,17,harga_pihps,16050.0,Rp,BRS06,BD-PIHPS
2025-06-05,17,harga_pihps,45500.0,Rp,BWM01,BD-PIHPS
2025-06-05,17,harga_pihps,44500.0,Rp,BWP01,BD-PIHPS
2025-06-05,17,harga_pihps,35750.0,Rp,CMR01,BD-PIHPS
2025-06-05,17,harga_pihps,40500.0,Rp,CMR02,BD-PIHPS
2025-06-05,17,harga_pihps,40150.0,Rp,CRW01,BD-PIHPS
2025-06-05,17,harga_pihps,30150.0,Rp,CRW02,BD-PIHPS
2025-06-05,17,harga_pihps,36000.0,Rp,DAY01,BD-PIHPS
2025-06-05,17,harga_pihps,135000.0,Rp,DSP01,BD-PIHPS
2025-06-05,17,harga_pihps,134400.0,Rp,DSP02,BD-PIHPS
2025-06-05,17,harga_pihps,18500.0,Rp,GLP01,BD-PIHPS
2025-06-05,17,harga_pihps,19250.0,Rp,GLP02,BD-PIHPS
2025-06-05,17,harga_pihps,18200.0,Rp,MGR01,BD-PIHPS
2025-06-05,17,harga_pihps,21250.0,Rp,MGR02,BD-PIHPS
2025-06-05,17,harga_pihps,20400.0,Rp,MGR03,BD-PIHPS
2025-06-05,17,harga_pihps,28300.0,Rp,TLR01,BD-PIHPS
2025-06-06,17,harga_pihps,14150.0,Rp,BRS01,BD-PIHPS
2025-06-06,17,harga_pihps,15150.0,Rp,BRS02,BD-PIHPS
2025-06-06,17,harga_pihps,15300.0,Rp,BRS03,BD-PIHPS
2025-06-06,17,harga_pihps,15900.0,Rp,BRS04,BD-PIHPS
2025-06-06,17,harga_pihps,15650.0,Rp,BRS05,BD-PIHPS
2025-06-06,17,harga_pihps,16050.0,Rp,BRS06,BD-PIHPS
2025-06-06,17,harga_pihps,45500.0,Rp,BWM01,BD-PIHPS
2025-06-06,17,harga_pihps,44500.0,Rp,BWP01,BD-PIHPS
2025-06-06,17,harga_pihps,35750.0,Rp,CMR01,BD-PIHPS
2025-06-06,17,harga_pihps,40500.0,Rp,CMR02,BD-PIHPS
2025-06-06,17,harga_pihps,40150.0,Rp,CRW01,BD-PIHPS
2025-06-06,17,harga_pihps,30150.0,Rp,CRW02,BD-PIHPS
2025-06-06,17,harga_pihps,36000.0,Rp,DAY01,BD-PIHPS
2025-06-06,17,harga_pihps,135000.0,Rp,DSP01,BD-PIHPS
2025-06-06,17,harga_pihps,134400.0,Rp,DSP02,BD-PIHPS
2025-06-06,17,harga_pihps,18500.0,Rp,GLP01,BD-PIHPS
2025-06-06,17,harga_pihps,19250.0,Rp,GLP02,BD-PIHPS
2025-06-06,17,harga_pihps,18200.0,Rp,MGR01,BD-PIHPS
2025-06-06,17,harga_pihps,21250.0,Rp,MGR02,BD-PIHPS
2025-06-06,17,harga_pihps,20400.0,Rp,MGR03,BD-PIHPS
2025-06-06,17,harga_pihps,28300.0,Rp,TLR01,BD-PIHPS
2025-06-09,17,harga_pihps,14150.0,Rp,BRS01,BD-PIHPS
2025-06-09,17,harga_pihps,15150.0,Rp,BRS02,BD-PIHPS
2025-06-09,17,harga_pihps,15300.0,Rp,BRS03,BD-PIHPS
2025-06-09,17,harga_pihps,15900.0,Rp,BRS04,BD-PIHPS
2025-06-09,17,harga_pihps,15650.0,Rp,BRS05,BD-PIHPS
2025-06-09,17,harga_pihps,16050.0,Rp,BRS06,BD-PIHPS
2025-06-09,17,harga_pihps,45500.0,Rp,BWM01,BD-PIHPS
2025-06-09,17,harga_pihps,44500.0,Rp,BWP01,BD-PIHPS
2025-06-09,17,harga_pihps,35750.0,Rp,CMR01,BD-PIHPS
2025-06-09,17,harga_pihps,40500.0,Rp,CMR02,BD-PIHPS
2025-06-09,17,harga_pihps,40150.0,Rp,CRW01,BD-PIHPS
2025-06-09,17,harga_pihps,30150.0,Rp,CRW02,BD-PIHPS
2025-06-09,17,harga_pihps,36000.0,Rp,DAY01,BD-PIHPS
2025-06-09,17,harga_pihps,135000.0,Rp,DSP01,BD-PIHPS
2025-06-09,17,harga_pihps,134400.0,Rp,DSP02,BD-PIHPS
2025-06-09,17,harga_pihps,18500.0,Rp,GLP01,BD-PIHPS
2025-06-09,17,harga_pihps,19250.0,Rp,GLP02,BD-PIHPS
2025-06-09,17,harga_pihps,18200.0,Rp,MGR01,BD-PIHPS
2025-06-09,17,harga_pihps,21250.0,Rp,MGR02,BD-PIHPS
2025-06-09,17,harga_pihps,20400.0,Rp,MGR03,BD-PIHPS
2025-06-09,17,harga_pihps,28300.0,Rp,TLR01,BD-PIHPS
2025-06-10,17,harga_pihps,14150.0,Rp,BRS01,BD-PIHPS
2025-06-10,17,harga_pihps,15150.0,Rp,BRS02,BD-PIHPS
2025-06-10,17,harga_pihps,15300.0,Rp,BRS03,BD-PIHPS
2025-06-10,17,harga_pihps,15900.0,Rp,BRS04,BD-PIHPS
2025-06-10,17,harga_pihps,15650.0,Rp,BRS05,BD-PIHPS
2025-06-10,17,harga_pihps,16050.0,Rp,BRS06,BD-PIHPS
2025-06-10,17,harga_pihps,42750.0,Rp,BWM01,BD-PIHPS
2025-06-10,17,harga_pihps,41400.0,Rp,BWP01,BD-PIHPS
2025-06-10,17,harga_pihps,32650.0,Rp,CMR01,BD-PIHPS
2025-06-10,17,harga_pihps,37500.0,Rp,CMR02,BD-PIHPS
2025-06-10,17,harga_pihps,40150.0,Rp,CRW01,BD-PIHPS
2025-06-10,17,harga_pihps,29250.0,Rp,CRW02,BD-PIHPS
2025-06-10,17,harga_pihps,33900.0,Rp,DAY01,BD-PIHPS
2025-06-10,17,harga_pihps,135000.0,Rp,DSP01,BD-PIHPS
2025-06-10,17,harga_pihps,134400.0,Rp,DSP02,BD-PIHPS
2025-06-10,17,harga_pihps,18500.0,Rp,GLP01,BD-PIHPS
2025-06-10,17,harga_pihps,19250.0,Rp,GLP02,BD-PIHPS
2025-06-10,17,harga_pihps,18200.0,Rp,MGR01,BD-PIHPS
2025-06-10,17,harga_pihps,21250.0,Rp,MGR02,BD-PIHPS
2025-06-10,17,harga_pihps,20400.0,Rp,MGR03,BD-PIHPS
2025-06-10,17,harga_pihps,28300.0,Rp,TLR01,BD-PIHPS
2025-06-11,17,harga_pihps,14150.0,Rp,BRS01,BD-PIHPS
2025-06-11,17,harga_pihps,15200.0,Rp,BRS02,BD-PIHPS
2025-06-11,17,harga_pihps,15300.0,Rp,BRS03,BD-PIHPS
2025-06-11,17,harga_pihps,16000.0,Rp,BRS04,BD-PIHPS
2025-06-11,17,harga_pihps,15650.0,Rp,BRS05,BD-PIHPS
2025-06-11,17,harga_pihps,16150.0,Rp,BRS06,BD-PIHPS
2025-06-11,17,harga_pihps,41500.0,Rp,BWM01,BD-PIHPS
2025-06-11,17,harga_pihps,38150.0,Rp,BWP01,BD-PIHPS
2025-06-11,17,harga_pihps,31900.0,Rp,CMR01,BD-PIHPS
2025-06-11,17,harga_pihps,36250.0,Rp,CMR02,BD-PIHPS
2025-06-11,17,harga_pihps,40500.0,Rp,CRW01,BD-PIHPS
2025-06-11,17,harga_pihps,29500.0,Rp,CRW02,BD-PIHPS
2025-06-11,17,harga_pihps,33900.0,Rp,DAY01,BD-PIHPS
2025-06-11,17,harga_pihps,135000.0,Rp,DSP01,BD-PIHPS
2025-06-11,17,harga_pihps,134400.0,Rp,DSP02,BD-PIHPS
2025-06-11,17,harga_pihps,18500.0,Rp,GLP01,BD-PIHPS
2025-06-11,17,harga_pihps,19250.0,Rp,GLP02,BD-PIHPS
2025-06-11,17,harga_pihps,18200.0,Rp,MGR01,BD-PIHPS
2025-06-11,17,harga_pihps,21250.0,Rp,MGR02,BD-PIHPS
2025-06-11,17,harga_pihps,20400.0,Rp,MGR03,BD-PIHPS
2025-06-11,17,harga_pihps,28300.0,Rp,TLR01,BD-PIHPS
2025-06-12,17,harga_pihps,14150.0,Rp,BRS01,BD-PIHPS
2025-06-12,17,harga_pihps,15200.0,Rp,BRS02,BD-PIHPS
2025-06-12,17,harga_pihps,15300.0,Rp,BRS03,BD-PIHPS
2025-06-12,17,harga_pihps,16000.0,Rp,BRS04,BD-PIHPS
2025-06-12,17,harga_pihps,15650.0,Rp,BRS05,BD-PIHPS
2025-06-12,17,harga_pihps,16250.0,Rp,BRS06,BD-PIHPS
2025-06-12,17,harga_pihps,41150.0,Rp,BWM01,BD-PIHPS
2025-06-12,17,harga_pihps,37900.0,Rp,BWP01,BD-PIHPS
2025-06-12,17,harga_pihps,31650.0,Rp,CMR01,BD-PIHPS
2025-06-12,17,harga_pihps,36150.0,Rp,CMR02,BD-PIHPS
2025-06-12,17,harga_pihps,39650.0,Rp,CRW01,BD-PIHPS
2025-06-12,17,harga_pihps,29350.0,Rp,CRW02,BD-PIHPS
2025-06-12,17,harga_pihps,33900.0,Rp,DAY01,BD-PIHPS
2025-06-12,17,harga_pihps,135000.0,Rp,DSP01,BD-PIHPS
2025-06-12,17,harga_pihps,134400.0,Rp,DSP02,BD-PIHPS
2025-06-12,17,harga_pihps,18500.0,Rp,GLP01,BD-PIHPS
2025-06-12,17,harga_pihps,19250.0,Rp,GLP02,BD-PIHPS
2025-06-12,17,harga_pihps,18200.0,Rp,MGR01,BD-PIHPS
2025-06-12,17,harga_pihps,21250.0,Rp,MGR02,BD-PIHPS
2025-06-12,17,harga_pihps,20400.0,Rp,MGR03,BD-PIHPS
2025-06-12,17,harga_pihps,28300.0,Rp,TLR01,BD-PIHPS
2025-06-13,17,harga_pihps,14150.0,Rp,BRS01,BD-PIHPS
2025-06-13,17,harga_pihps,15200.0,Rp,BRS02,BD-PIHPS
2025-06-13,17,harga_pihps,15300.0,Rp,BRS03,BD-PIHPS
2025-06-13,17,harga_pihps,16050.0,Rp,BRS04,BD-PIHPS
2025-06-13,17,harga_pihps,15650.0,Rp,BRS05,BD-PIHPS
2025-06-13,17,harga_pihps,16300.0,Rp,BRS06,BD-PIHPS
2025-06-13,17,harga_pihps,41150.0,Rp,BWM01,BD-PIHPS
2025-06-13,17,harga_pihps,37400.0,Rp,BWP01,BD-PIHPS
2025-06-13,17,harga_pihps,30750.0,Rp,CMR01,BD-PIHPS
2025-06-13,17,harga_pihps,35250.0,Rp,CMR02,BD-PIHPS
2025-06-13,17,harga_pihps,39150.0,Rp,CRW01,BD-PIHPS
2025-06-13,17,harga_pihps,29350.0,Rp,CRW02,BD-PIHPS
2025-06-13,17,harga_pihps,33900.0,Rp,DAY01,BD-PIHPS
2025-06-13,17,harga_pihps,135000.0,Rp,DSP01,BD-PIHPS
2025-06-13,17,harga_pihps,135000.0,Rp,DSP02,BD-PIHPS
2025-06-13,17,harga_pihps,18500.0,Rp,GLP01,BD-PIHPS
2025-06-13,17,harga_pihps,19250.0,Rp,GLP02,BD-PIHPS
2025-06-13,17,harga_pihps,18200.0,Rp,MGR01,BD-PIHPS
2025-06-13,17,harga_pihps,21250.0,Rp,MGR02,BD-PIHPS
2025-06-13,17,harga_pihps,20400.0,Rp,MGR03,BD-PIHPS
2025-06-13,17,harga_pihps,28300.0,Rp,TLR01,BD-PIHPS
2025-06-16,17,harga_pihps,14150.0,Rp,BRS01,BD-PIHPS
2025-06-16,17,harga_pihps,15200.0,Rp,BRS02,BD-PIHPS
2025-06-16,17,harga_pihps,15300.0,Rp,BRS03,BD-PIHPS
2025-06-16,17,harga_pihps,16050.0,Rp,BRS04,BD-PIHPS
2025-06-16,17,harga_pihps,15650.0,Rp,BRS05,BD-PIHPS
2025-06-16,17,harga_pihps,16300.0,Rp,BRS06,BD-PIHPS
2025-06-16,17,harga_pihps,41150.0,Rp,BWM01,BD-PIHPS
2025-06-16,17,harga_pihps,37400.0,Rp,BWP01,BD-PIHPS
2025-06-16,17,harga_pihps,30400.0,Rp,CMR01,BD-PIHPS
2025-06-16,17,harga_pihps,34900.0,Rp,CMR02,BD-PIHPS
2025-06-16,17,harga_pihps,36900.0,Rp,CRW01,BD-PIHPS
2025-06-16,17,harga_pihps,29200.0,Rp,CRW02,BD-PIHPS
2025-06-16,17,harga_pihps,31750.0,Rp,DAY01,BD-PIHPS
2025-06-16,17,harga_pihps,135000.0,Rp,DSP01,BD-PIHPS
2025-06-16,17,harga_pihps,135000.0,Rp,DSP02,BD-PIHPS
2025-06-16,17,harga_pihps,18500.0,Rp,GLP01,BD-PIHPS
2025-06-16,17,harga_pihps,19250.0,Rp,GLP02,BD-PIHPS
2025-06-16,17,harga_pihps,18200.0,Rp,MGR01,BD-PIHPS
2025-06-16,17,harga_pihps,21250.0,Rp,MGR02,BD-PIHPS
2025-06-16,17,harga_pihps,20400.0,Rp,MGR03,BD-PIHPS
2025-06-16,17,harga_pihps,27800.0,Rp,TLR01,BD-PIHPS
2025-06-17,17,harga_pihps,14150.0,Rp,BRS01,BD-PIHPS
2025-06-17,17,harga_pihps,15200.0,Rp,BRS02,BD-PIHPS
2025-06-17,17,harga_pihps,15300.0,Rp,BRS03,BD-PIHPS
2025-06-17,17,harga_pihps,16050.0,Rp,BRS04,BD-PIHPS
2025-06-17,17,harga_pihps,15650.0,Rp,BRS05,BD-PIHPS
2025-06-17,17,harga_pihps,16300.0,Rp,BRS06,BD-PIHPS
2025-06-17,17,harga_pihps,40750.0,Rp,BWM01,BD-PIHPS
2025-06-17,17,harga_pihps,36750.0,Rp,BWP01,BD-PIHPS
2025-06-17,17,harga_pihps,30400.0,Rp,CMR01,BD-PIHPS
2025-06-17,17,harga_pihps,34900.0,Rp,CMR02,BD-PIHPS
2025-06-17,17,harga_pihps,36500.0,Rp,CRW01,BD-PIHPS
2025-06-17,17,harga_pihps,28200.0,Rp,CRW02,BD-PIHPS
2025-06-17,17,harga_pihps,30750.0,Rp,DAY01,BD-PIHPS
2025-06-17,17,harga_pihps,135000.0,Rp,DSP01,BD-PIHPS
2025-06-17,17,harga_pihps,135000.0,Rp,DSP02,BD-PIHPS
2025-06-17,17,harga_pihps,18500.0,Rp,GLP01,BD-PIHPS
2025-06-17,17,harga_pihps,19250.0,Rp,GLP02,BD-PIHPS
2025-06-17,17,harga_pihps,18200.0,Rp,MGR01,BD-PIHPS
2025-06-17,17,harga_pihps,21250.0,Rp,MGR02,BD-PIHPS
2025-06-17,17,harga_pihps,20400.0,Rp,MGR03,BD-PIHPS
2025-06-17,17,harga_pihps,27800.0,Rp,TLR01,BD-PIHPS
2025-06-18,17,harga_pihps,14150.0,Rp,BRS01,BD-PIHPS
2025-06-18,17,harga_pihps,15200.0,Rp,BRS02,BD-PIHPS
2025-06-18,17,harga_pihps,15300.0,Rp,BRS03,BD-PIHPS
2025-06-18,17,harga_pihps,16050.0,Rp,BRS04,BD-PIHPS
2025-06-18,17,harga_pihps,15650.0,Rp,BRS05,BD-PIHPS
2025-06-18,17,harga_pihps,16300.0,Rp,BRS06,BD-PIHPS
2025-06-18,17,harga_pihps,42000.0,Rp,BWM01,BD-PIHPS
2025-06-18,17,harga_pihps,36650.0,Rp,BWP01,BD-PIHPS
2025-06-18,17,harga_pihps,28500.0,Rp,CMR01,BD-PIHPS
2025-06-18,17,harga_pihps,32400.0,Rp,CMR02,BD-PIHPS
2025-06-18,17,harga_pihps,35400.0,Rp,CRW01,BD-PIHPS
2025-06-18,17,harga_pihps,28000.0,Rp,CRW02,BD-PIHPS
2025-06-18,17,harga_pihps,30900.0,Rp,DAY01,BD-PIHPS
2025-06-18,17,harga_pihps,135000.0,Rp,DSP01,BD-PIHPS
2025-06-18,17,harga_pihps,135000.0,Rp,DSP02,BD-PIHPS
2025-06-18,17,harga_pihps,18400.0,Rp,GLP01,BD-PIHPS
2025-06-18,17,harga_pihps,19250.0,Rp,GLP02,BD-PIHPS
2025-06-18,17,harga_pihps,18200.0,Rp,MGR01,BD-PIHPS
2025-06-18,17,harga_pihps,21250.0,Rp,MGR02,BD-PIHPS
2025-06-18,17,harga_pihps,20400.0,Rp,MGR03,BD-PIHPS
2025-06-18,17,harga_pihps,27800.0,Rp,TLR01,BD-PIHPS
2025-06-19,17,harga_pihps,14150.0,Rp,BRS01,BD-PIHPS
2025-06-19,17,harga_pihps,15200.0,Rp,BRS02,BD-PIHPS
2025-06-19,17,harga_pihps,15300.0,Rp,BRS03,BD-PIHPS
2025-06-19,17,harga_pihps,16050.0,Rp,BRS04,BD-PIHPS
2025-06-19,17,harga_pihps,15650.0,Rp,BRS05,BD-PIHPS
2025-06-19,17,harga_pihps,16300.0,Rp,BRS06,BD-PIHPS
2025-06-19,17,harga_pihps,43250.0,Rp,BWM01,BD-PIHPS
2025-06-19,17,harga_pihps,36750.0,Rp,BWP01,BD-PIHPS
2025-06-19,17,harga_pihps,27250.0,Rp,CMR01,BD-PIHPS
2025-06-19,17,harga_pihps,31150.0,Rp,CMR02,BD-PIHPS
2025-06-19,17,harga_pihps,35000.0,Rp,CRW01,BD-PIHPS
2025-06-19,17,harga_pihps,27600.0,Rp,CRW02,BD-PIHPS
2025-06-19,17,harga_pihps,30900.0,Rp,DAY01,BD-PIHPS
2025-06-19,17,harga_pihps,135000.0,Rp,DSP01,BD-PIHPS
2025-06-19,17,harga_pihps,135000.0,Rp,DSP02,BD-PIHPS
2025-06-19,17,harga_pihps,18250.0,Rp,GLP01,BD-PIHPS
2025-06-19,17,harga_pihps,19150.0,Rp,GLP02,BD-PIHPS
2025-06-19,17,harga_pihps,18150.0,Rp,MGR01,BD-PIHPS
2025-06-19,17,harga_pihps,21250.0,Rp,MGR02,BD-PIHPS
2025-06-19,17,harga_pihps,20400.0,Rp,MGR03,BD-PIHPS
2025-06-19,17,harga_pihps,27700.0,Rp,TLR01,BD-PIHPS
2025-06-20,17,harga_pihps,14150.0,Rp,BRS01,BD-PIHPS
2025-06-20,17,harga_pihps,15200.0,Rp,BRS02,BD-PIHPS
2025-06-20,17,harga_pihps,15300.0,Rp,BRS03,BD-PIHPS
2025-06-20,17,harga_pihps,16050.0,Rp,BRS04,BD-PIHPS
2025-06-20,17,harga_pihps,15650.0,Rp,BRS05,BD-PIHPS
2025-06-20,17,harga_pihps,16300.0,Rp,BRS06,BD-PIHPS
2025-06-20,17,harga_pihps,43650.0,Rp,BWM01,BD-PIHPS
2025-06-20,17,harga_pihps,37650.0,Rp,BWP01,BD-PIHPS
2025-06-20,17,harga_pihps,28000.0,Rp,CMR01,BD-PIHPS
2025-06-20,17,harga_pihps,31500.0,Rp,CMR02,BD-PIHPS
2025-06-20,17,harga_pihps,34000.0,Rp,CRW01,BD-PIHPS
2025-06-20,17,harga_pihps,27650.0,Rp,CRW02,BD-PIHPS
2025-06-20,17,harga_pihps,31650.0,Rp,DAY01,BD-PIHPS
2025-06-20,17,harga_pihps,135000.0,Rp,DSP01,BD-PIHPS
2025-06-20,17,harga_pihps,135000.0,Rp,DSP02,BD-PIHPS
2025-06-20,17,harga_pihps,18250.0,Rp,GLP01,BD-PIHPS
2025-06-20,17,harga_pihps,19150.0,Rp,GLP02,BD-PIHPS
2025-06-20,17,harga_pihps,18150.0,Rp,MGR01,BD-PIHPS
2025-06-20,17,harga_pihps,21250.0,Rp,MGR02,BD-PIHPS
2025-06-20,17,harga_pihps,20400.0,Rp,MGR03,BD-PIHPS
2025-06-20,17,harga_pihps,27700.0,Rp,TLR01,BD-PIHPS
2025-06-23,17,harga_pihps,14150.0,Rp,BRS01,BD-PIHPS
2025-06-23,17,harga_pihps,15200.0,Rp,BRS02,BD-PIHPS
2025-06-23,17,harga_pihps,15300.0,Rp,BRS03,BD-PIHPS
2025-06-23,17,harga_pihps,16050.0,Rp,BRS04,BD-PIHPS
2025-06-23,17,harga_pihps,15650.0,Rp,BRS05,BD-PIHPS
2025-06-23,17,harga_pihps,16300.0,Rp,BRS06,BD-PIHPS
2025-06-23,17,harga_pihps,44000.0,Rp,BWM01,BD-PIHPS
2025-06-23,17,harga_pihps,37650.0,Rp,BWP01,BD-PIHPS
2025-06-23,17,harga_pihps,30650.0,Rp,CMR01,BD-PIHPS
2025-06-23,17,harga_pihps,34250.0,Rp,CMR02,BD-PIHPS
2025-06-23,17,harga_pihps,36650.0,Rp,CRW01,BD-PIHPS
2025-06-23,17,harga_pihps,29000.0,Rp,CRW02,BD-PIHPS
2025-06-23,17,harga_pihps,31650.0,Rp,DAY01,BD-PIHPS
2025-06-23,17,harga_pihps,135000.0,Rp,DSP01,BD-PIHPS
2025-06-23,17,harga_pihps,135000.0,Rp,DSP02,BD-PIHPS
2025-06-23,17,harga_pihps,18250.0,Rp,GLP01,BD-PIHPS
2025-06-23,17,harga_pihps,19150.0,Rp,GLP02,BD-PIHPS
2025-06-23,17,harga_pihps,18150.0,Rp,MGR01,BD-PIHPS
2025-06-23,17,harga_pihps,21250.0,Rp,MGR02,BD-PIHPS
2025-06-23,17,harga_pihps,20400.0,Rp,MGR03,BD-PIHPS
2025-06-23,17,harga_pihps,27700.0,Rp,TLR01,BD-PIHPS
2025-06-24,17,harga_pihps,14150.0,Rp,BRS01,BD-PIHPS
2025-06-24,17,harga_pihps,15200.0,Rp,BRS02,BD-PIHPS
2025-06-24,17,harga_pihps,15300.0,Rp,BRS03,BD-PIHPS
2025-06-24,17,harga_pihps,16050.0,Rp,BRS04,BD-PIHPS
2025-06-24,17,harga_pihps,15650.0,Rp,BRS05,BD-PIHPS
2025-06-24,17,harga_pihps,16300.0,Rp,BRS06,BD-PIHPS
2025-06-24,17,harga_pihps,44500.0,Rp,BWM01,BD-PIHPS
2025-06-24,17,harga_pihps,39000.0,Rp,BWP01,BD-PIHPS
2025-06-24,17,harga_pihps,31650.0,Rp,CMR01,BD-PIHPS
2025-06-24,17,harga_pihps,35900.0,Rp,CMR02,BD-PIHPS
2025-06-24,17,harga_pihps,39250.0,Rp,CRW01,BD-PIHPS
2025-06-24,17,harga_pihps,29000.0,Rp,CRW02,BD-PIHPS
2025-06-24,17,harga_pihps,32650.0,Rp,DAY01,BD-PIHPS
2025-06-24,17,harga_pihps,135000.0,Rp,DSP01,BD-PIHPS
2025-06-24,17,harga_pihps,135000.0,Rp,DSP02,BD-PIHPS
2025-06-24,17,harga_pihps,18250.0,Rp,GLP01,BD-PIHPS
2025-06-24,17,harga_pihps,19150.0,Rp,GLP02,BD-PIHPS
2025-06-24,17,harga_pihps,18150.0,Rp,MGR01,BD-PIHPS
2025-06-24,17,harga_pihps,21250.0,Rp,MGR02,BD-PIHPS
2025-06-24,17,harga_pihps,20400.0,Rp,MGR03,BD-PIHPS
2025-06-24,17,harga_pihps,27700.0,Rp,TLR01,BD-PIHPS
2025-06-25,17,harga_pihps,14150.0,Rp,BRS01,BD-PIHPS
2025-06-25,17,harga_pihps,15200.0,Rp,BRS02,BD-PIHPS
2025-06-25,17,harga_pihps,15300.0,Rp,BRS03,BD-PIHPS
2025-06-25,17,harga_pihps,16050.0,Rp,BRS04,BD-PIHPS
2025-06-25,17,harga_pihps,15650.0,Rp,BRS05,BD-PIHPS
2025-06-25,17,harga_pihps,16300.0,Rp,BRS06,BD-PIHPS
2025-06-25,17,harga_pihps,44250.0,Rp,BWM01,BD-PIHPS
2025-06-25,17,harga_pihps,39500.0,Rp,BWP01,BD-PIHPS
2025-06-25,17,harga_pihps,30750.0,Rp,CMR01,BD-PIHPS
2025-06-25,17,harga_pihps,35650.0,Rp,CMR02,BD-PIHPS
2025-06-25,17,harga_pihps,39250.0,Rp,CRW01,BD-PIHPS
2025-06-25,17,harga_pihps,29600.0,Rp,CRW02,BD-PIHPS
2025-06-25,17,harga_pihps,32500.0,Rp,DAY01,BD-PIHPS
2025-06-25,17,harga_pihps,135000.0,Rp,DSP01,BD-PIHPS
2025-06-25,17,harga_pihps,135000.0,Rp,DSP02,BD-PIHPS
2025-06-25,17,harga_pihps,18250.0,Rp,GLP01,BD-PIHPS
2025-06-25,17,harga_pihps,19150.0,Rp,GLP02,BD-PIHPS
2025-06-25,17,harga_pihps,18150.0,Rp,MGR01,BD-PIHPS
2025-06-25,17,harga_pihps,21250.0,Rp,MGR02,BD-PIHPS
2025-06-25,17,harga_pihps,20400.0,Rp,MGR03,BD-PIHPS
2025-06-25,17,harga_pihps,27700.0,Rp,TLR01,BD-PIHPS
2025-06-26,17,harga_pihps,14300.0,Rp,BRS01,BD-PIHPS
2025-06-26,17,harga_pihps,15400.0,Rp,BRS02,BD-PIHPS
2025-06-26,17,harga_pihps,15300.0,Rp,BRS03,BD-PIHPS
2025-06-26,17,harga_pihps,16100.0,Rp,BRS04,BD-PIHPS
2025-06-26,17,harga_pihps,15650.0,Rp,BRS05,BD-PIHPS
2025-06-26,17,harga_pihps,16400.0,Rp,BRS06,BD-PIHPS
2025-06-26,17,harga_pihps,43750.0,Rp,BWM01,BD-PIHPS
2025-06-26,17,harga_pihps,39250.0,Rp,BWP01,BD-PIHPS
2025-06-26,17,harga_pihps,30750.0,Rp,CMR01,BD-PIHPS
2025-06-26,17,harga_pihps,35250.0,Rp,CMR02,BD-PIHPS
2025-06-26,17,harga_pihps,39250.0,Rp,CRW01,BD-PIHPS
2025-06-26,17,harga_pihps,29600.0,Rp,CRW02,BD-PIHPS
2025-06-26,17,harga_pihps,31250.0,Rp,DAY01,BD-PIHPS
2025-06-26,17,harga_pihps,135000.0,Rp,DSP01,BD-PIHPS
2025-06-26,17,harga_pihps,134400.0,Rp,DSP02,BD-PIHPS
2025-06-26,17,harga_pihps,18250.0,Rp,GLP01,BD-PIHPS
2025-06-26,17,harga_pihps,19150.0,Rp,GLP02,BD-PIHPS
2025-06-26,17,harga_pihps,18150.0,Rp,MGR01,BD-PIHPS
2025-06-26,17,harga_pihps,21250.0,Rp,MGR02,BD-PIHPS
2025-06-26,17,harga_pihps,20400.0,Rp,MGR03,BD-PIHPS
2025-06-26,17,harga_pihps,27700.0,Rp,TLR01,BD-PIHPS
2025-06-27,17,harga_pihps,14300.0,Rp,BRS01,BD-PIHPS
2025-06-27,17,harga_pihps,15400.0,Rp,BRS02,BD-PIHPS
2025-06-27,17,harga_pihps,15300.0,Rp,BRS03,BD-PIHPS
2025-06-27,17,harga_pihps,16100.0,Rp,BRS04,BD-PIHPS
2025-06-27,17,harga_pihps,15650.0,Rp,BRS05,BD-PIHPS
2025-06-27,17,harga_pihps,16400.0,Rp,BRS06,BD-PIHPS
2025-06-27,17,harga_pihps,43750.0,Rp,BWM01,BD-PIHPS
2025-06-27,17,harga_pihps,39250.0,Rp,BWP01,BD-PIHPS
2025-06-27,17,harga_pihps,30750.0,Rp,CMR01,BD-PIHPS
2025-06-27,17,harga_pihps,35250.0,Rp,CMR02,BD-PIHPS
2025-06-27,17,harga_pihps,39250.0,Rp,CRW01,BD-PIHPS
2025-06-27,17,harga_pihps,29600.0,Rp,CRW02,BD-PIHPS
2025-06-27,17,harga_pihps,31250.0,Rp,DAY01,BD-PIHPS
2025-06-27,17,harga_pihps,135000.0,Rp,DSP01,BD-PIHPS
2025-06-27,17,harga_pihps,134400.0,Rp,DSP02,BD-PIHPS
2025-06-27,17,harga_pihps,18250.0,Rp,GLP01,BD-PIHPS
2025-06-27,17,harga_pihps,19150.0,Rp,GLP02,BD-PIHPS
2025-06-27,17,harga_pihps,18150.0,Rp,MGR01,BD-PIHPS
2025-06-27,17,harga_pihps,21250.0,Rp,MGR02,BD-PIHPS
2025-06-27,17,harga_pihps,20400.0,Rp,MGR03,BD-PIHPS
2025-06-27,17,harga_pihps,27700.0,Rp,TLR01,BD-PIHPS
2025-06-30,17,harga_pihps,14300.0,Rp,BRS01,BD-PIHPS
2025-06-30,17,harga_pihps,15400.0,Rp,BRS02,BD-PIHPS
2025-06-30,17,harga_pihps,15300.0,Rp,BRS03,BD-PIHPS
2025-06-30,17,harga_pihps,16100.0,Rp,BRS04,BD-PIHPS
2025-06-30,17,harga_pihps,15650.0,Rp,BRS05,BD-PIHPS
2025-06-30,17,harga_pihps,16400.0,Rp,BRS06,BD-PIHPS
2025-06-30,17,harga_pihps,45650.0,Rp,BWM01,BD-PIHPS
2025-06-30,17,harga_pihps,38900.0,Rp,BWP01,BD-PIHPS
2025-06-30,17,harga_pihps,30500.0,Rp,CMR01,BD-PIHPS
2025-06-30,17,harga_pihps,34250.0,Rp,CMR02,BD-PIHPS
2025-06-30,17,harga_pihps,38250.0,Rp,CRW01,BD-PIHPS
2025-06-30,17,harga_pihps,30050.0,Rp,CRW02,BD-PIHPS
2025-06-30,17,harga_pihps,31750.0,Rp,DAY01,BD-PIHPS
2025-06-30,17,harga_pihps,135000.0,Rp,DSP01,BD-PIHPS
2025-06-30,17,harga_pihps,134400.0,Rp,DSP02,BD-PIHPS
2025-06-30,17,harga_pihps,18150.0,Rp,GLP01,BD-PIHPS
2025-06-30,17,harga_pihps,19150.0,Rp,GLP02,BD-PIHPS
2025-06-30,17,harga_pihps,17750.0,Rp,MGR01,BD-PIHPS
2025-06-30,17,harga_pihps,21400.0,Rp,MGR02,BD-PIHPS
2025-06-30,17,harga_pihps,20500.0,Rp,MGR03,BD-PIHPS
2025-06-30,17,harga_pihps,27700.0,Rp,TLR01,BD-PIHPS
2025-07-01,17,harga_pihps,14300.0,Rp,BRS01,BD-PIHPS
2025-07-01,17,harga_pihps,15150.0,Rp,BRS02,BD-PIHPS
2025-07-01,17,harga_pihps,15300.0,Rp,BRS03,BD-PIHPS
2025-07-01,17,harga_pihps,16100.0,Rp,BRS04,BD-PIHPS
2025-07-01,17,harga_pihps,15650.0,Rp,BRS05,BD-PIHPS
2025-07-01,17,harga_pihps,16400.0,Rp,BRS06,BD-PIHPS
2025-07-01,17,harga_pihps,46150.0,Rp,BWM01,BD-PIHPS
2025-07-01,17,harga_pihps,38650.0,Rp,BWP01,BD-PIHPS
2025-07-01,17,harga_pihps,28900.0,Rp,CMR01,BD-PIHPS
2025-07-01,17,harga_pihps,32650.0,Rp,CMR02,BD-PIHPS
2025-07-01,17,harga_pihps,37000.0,Rp,CRW01,BD-PIHPS
2025-07-01,17,harga_pihps,30950.0,Rp,CRW02,BD-PIHPS
2025-07-01,17,harga_pihps,32250.0,Rp,DAY01,BD-PIHPS
2025-07-01,17,harga_pihps,135000.0,Rp,DSP01,BD-PIHPS
2025-07-01,17,harga_pihps,134400.0,Rp,DSP02,BD-PIHPS
2025-07-01,17,harga_pihps,17900.0,Rp,GLP01,BD-PIHPS
2025-07-01,17,harga_pihps,19150.0,Rp,GLP02,BD-PIHPS
2025-07-01,17,harga_pihps,17500.0,Rp,MGR01,BD-PIHPS
2025-07-01,17,harga_pihps,21400.0,Rp,MGR02,BD-PIHPS
2025-07-01,17,harga_pihps,20500.0,Rp,MGR03,BD-PIHPS
2025-07-01,17,harga_pihps,27700.0,Rp,TLR01,BD-PIHPS
2025-07-02,17,harga_pihps,14300.0,Rp,BRS01,BD-PIHPS
2025-07-02,17,harga_pihps,15150.0,Rp,BRS02,BD-PIHPS
2025-07-02,17,harga_pihps,15300.0,Rp,BRS03,BD-PIHPS
2025-07-02,17,harga_pihps,16100.0,Rp,BRS04,BD-PIHPS
2025-07-02,17,harga_pihps,15650.0,Rp,BRS05,BD-PIHPS
2025-07-02,17,harga_pihps,16400.0,Rp,BRS06,BD-PIHPS
2025-07-02,17,harga_pihps,46150.0,Rp,BWM01,BD-PIHPS
2025-07-02,17,harga_pihps,38900.0,Rp,BWP01,BD-PIHPS
2025-07-02,17,harga_pihps,27750.0,Rp,CMR01,BD-PIHPS
2025-07-02,17,harga_pihps,31750.0,Rp,CMR02,BD-PIHPS
2025-07-02,17,harga_pihps,34650.0,Rp,CRW01,BD-PIHPS
2025-07-02,17,harga_pihps,32850.0,Rp,CRW02,BD-PIHPS
2025-07-02,17,harga_pihps,32250.0,Rp,DAY01,BD-PIHPS
2025-07-02,17,harga_pihps,135000.0,Rp,DSP01,BD-PIHPS
2025-07-02,17,harga_pihps,134400.0,Rp,DSP02,BD-PIHPS
2025-07-02,17,harga_pihps,17900.0,Rp,GLP01,BD-PIHPS
2025-07-02,17,harga_pihps,19150.0,Rp,GLP02,BD-PIHPS
2025-07-02,17,harga_pihps,17500.0,Rp,MGR01,BD-PIHPS
2025-07-02,17,harga_pihps,21400.0,Rp,MGR02,BD-PIHPS
2025-07-02,17,harga_pihps,20500.0,Rp,MGR03,BD-PIHPS
2025-07-02,17,harga_pihps,27700.0,Rp,TLR01,BD-PIHPS
2025-07-03,17,harga_pihps,14300.0,Rp,BRS01,BD-PIHPS
2025-07-03,17,harga_pihps,15150.0,Rp,BRS02,BD-PIHPS
2025-07-03,17,harga_pihps,15300.0,Rp,BRS03,BD-PIHPS
2025-07-03,17,harga_pihps,16150.0,Rp,BRS04,BD-PIHPS
2025-07-03,17,harga_pihps,15750.0,Rp,BRS05,BD-PIHPS
2025-07-03,17,harga_pihps,16450.0,Rp,BRS06,BD-PIHPS
2025-07-03,17,harga_pihps,46150.0,Rp,BWM01,BD-PIHPS
2025-07-03,17,harga_pihps,38900.0,Rp,BWP01,BD-PIHPS
2025-07-03,17,harga_pihps,27500.0,Rp,CMR01,BD-PIHPS
2025-07-03,17,harga_pihps,31650.0,Rp,CMR02,BD-PIHPS
2025-07-03,17,harga_pihps,34150.0,Rp,CRW01,BD-PIHPS
2025-07-03,17,harga_pihps,33450.0,Rp,CRW02,BD-PIHPS
2025-07-03,17,harga_pihps,32250.0,Rp,DAY01,BD-PIHPS
2025-07-03,17,harga_pihps,135000.0,Rp,DSP01,BD-PIHPS
2025-07-03,17,harga_pihps,134400.0,Rp,DSP02,BD-PIHPS
2025-07-03,17,harga_pihps,17900.0,Rp,GLP01,BD-PIHPS
2025-07-03,17,harga_pihps,19150.0,Rp,GLP02,BD-PIHPS
2025-07-03,17,harga_pihps,17500.0,Rp,MGR01,BD-PIHPS
2025-07-03,17,harga_pihps,21400.0,Rp,MGR02,BD-PIHPS
2025-07-03,17,harga_pihps,20500.0,Rp,MGR03,BD-PIHPS
2025-07-03,17,harga_pihps,27700.0,Rp,TLR01,BD-PIHPS
2025-07-04,17,harga_pihps,14300.0,Rp,BRS01,BD-PIHPS
2025-07-04,17,harga_pihps,15150.0,Rp,BRS02,BD-PIHPS
2025-07-04,17,harga_pihps,15300.0,Rp,BRS03,BD-PIHPS
2025-07-04,17,harga_pihps,16150.0,Rp,BRS04,BD-PIHPS
2025-07-04,17,harga_pihps,15750.0,Rp,BRS05,BD-PIHPS
2025-07-04,17,harga_pihps,16450.0,Rp,BRS06,BD-PIHPS
2025-07-04,17,harga_pihps,47000.0,Rp,BWM01,BD-PIHPS
2025-07-04,17,harga_pihps,39250.0,Rp,BWP01,BD-PIHPS
2025-07-04,17,harga_pihps,29400.0,Rp,CMR01,BD-PIHPS
2025-07-04,17,harga_pihps,33750.0,Rp,CMR02,BD-PIHPS
2025-07-04,17,harga_pihps,37400.0,Rp,CRW01,BD-PIHPS
2025-07-04,17,harga_pihps,34050.0,Rp,CRW02,BD-PIHPS
2025-07-04,17,harga_pihps,32250.0,Rp,DAY01,BD-PIHPS
2025-07-04,17,harga_pihps,135000.0,Rp,DSP01,BD-PIHPS
2025-07-04,17,harga_pihps,134400.0,Rp,DSP02,BD-PIHPS
2025-07-04,17,harga_pihps,17900.0,Rp,GLP01,BD-PIHPS
2025-07-04,17,harga_pihps,19150.0,Rp,GLP02,BD-PIHPS
2025-07-04,17,harga_pihps,17500.0,Rp,MGR01,BD-PIHPS
2025-07-04,17,harga_pihps,21400.0,Rp,MGR02,BD-PIHPS
2025-07-04,17,harga_pihps,20500.0,Rp,MGR03,BD-PIHPS
2025-07-04,17,harga_pihps,27700.0,Rp,TLR01,BD-PIHPS
2025-07-07,17,harga_pihps,14300.0,Rp,BRS01,BD-PIHPS
2025-07-07,17,harga_pihps,15150.0,Rp,BRS02,BD-PIHPS
2025-07-07,17,harga_pihps,15300.0,Rp,BRS03,BD-PIHPS
2025-07-07,17,harga_pihps,16150.0,Rp,BRS04,BD-PIHPS
2025-07-07,17,harga_pihps,15750.0,Rp,BRS05,BD-PIHPS
2025-07-07,17,harga_pihps,16450.0,Rp,BRS06,BD-PIHPS
2025-07-07,17,harga_pihps,46000.0,Rp,BWM01,BD-PIHPS
2025-07-07,17,harga_pihps,38250.0,Rp,BWP01,BD-PIHPS
2025-07-07,17,harga_pihps,30650.0,Rp,CMR01,BD-PIHPS
2025-07-07,17,harga_pihps,35250.0,Rp,CMR02,BD-PIHPS
2025-07-07,17,harga_pihps,38150.0,Rp,CRW01,BD-PIHPS
2025-07-07,17,harga_pihps,35300.0,Rp,CRW02,BD-PIHPS
2025-07-07,17,harga_pihps,35250.0,Rp,DAY01,BD-PIHPS
2025-07-07,17,harga_pihps,135000.0,Rp,DSP01,BD-PIHPS
2025-07-07,17,harga_pihps,134400.0,Rp,DSP02,BD-PIHPS
2025-07-07,17,harga_pihps,17900.0,Rp,GLP01,BD-PIHPS
2025-07-07,17,harga_pihps,19150.0,Rp,GLP02,BD-PIHPS
2025-07-07,17,harga_pihps,17500.0,Rp,MGR01,BD-PIHPS
2025-07-07,17,harga_pihps,21400.0,Rp,MGR02,BD-PIHPS
2025-07-07,17,harga_pihps,20500.0,Rp,MGR03,BD-PIHPS
2025-07-07,17,harga_pihps,27700.0,Rp,TLR01,BD-PIHPS
2025-07-08,17,harga_pihps,14300.0,Rp,BRS01,BD-PIHPS
2025-07-08,17,harga_pihps,15550.0,Rp,BRS02,BD-PIHPS
2025-07-08,17,harga_pihps,15300.0,Rp,BRS03,BD-PIHPS
2025-07-08,17,harga_pihps,16150.0,Rp,BRS04,BD-PIHPS
2025-07-08,17,harga_pihps,15750.0,Rp,BRS05,BD-PIHPS
2025-07-08,17,harga_pihps,16450.0,Rp,BRS06,BD-PIHPS
2025-07-08,17,harga_pihps,46650.0,Rp,BWM01,BD-PIHPS
2025-07-08,17,harga_pihps,37400.0,Rp,BWP01,BD-PIHPS
2025-07-08,17,harga_pihps,30750.0,Rp,CMR01,BD-PIHPS
2025-07-08,17,harga_pihps,35500.0,Rp,CMR02,BD-PIHPS
2025-07-08,17,harga_pihps,39150.0,Rp,CRW01,BD-PIHPS
2025-07-08,17,harga_pihps,36650.0,Rp,CRW02,BD-PIHPS
2025-07-08,17,harga_pihps,35750.0,Rp,DAY01,BD-PIHPS
2025-07-08,17,harga_pihps,135000.0,Rp,DSP01,BD-PIHPS
2025-07-08,17,harga_pihps,134400.0,Rp,DSP02,BD-PIHPS
2025-07-08,17,harga_pihps,17900.0,Rp,GLP01,BD-PIHPS
2025-07-08,17,harga_pihps,19150.0,Rp,GLP02,BD-PIHPS
2025-07-08,17,harga_pihps,17500.0,Rp,MGR01,BD-PIHPS
2025-07-08,17,harga_pihps,21400.0,Rp,MGR02,BD-PIHPS
2025-07-08,17,harga_pihps,20500.0,Rp,MGR03,BD-PIHPS
2025-07-08,17,harga_pihps,27700.0,Rp,TLR01,BD-PIHPS
2025-07-09,17,harga_pihps,14300.0,Rp,BRS01,BD-PIHPS
2025-07-09,17,harga_pihps,15550.0,Rp,BRS02,BD-PIHPS
2025-07-09,17,harga_pihps,15300.0,Rp,BRS03,BD-PIHPS
2025-07-09,17,harga_pihps,16150.0,Rp,BRS04,BD-PIHPS
2025-07-09,17,harga_pihps,15750.0,Rp,BRS05,BD-PIHPS
2025-07-09,17,harga_pihps,16450.0,Rp,BRS06,BD-PIHPS
2025-07-09,17,harga_pihps,46900.0,Rp,BWM01,BD-PIHPS
2025-07-09,17,harga_pihps,37650.0,Rp,BWP01,BD-PIHPS
2025-07-09,17,harga_pihps,31250.0,Rp,CMR01,BD-PIHPS
2025-07-09,17,harga_pihps,35500.0,Rp,CMR02,BD-PIHPS
2025-07-09,17,harga_pihps,40000.0,Rp,CRW01,BD-PIHPS
2025-07-09,17,harga_pihps,36650.0,Rp,CRW02,BD-PIHPS
2025-07-09,17,harga_pihps,35750.0,Rp,DAY01,BD-PIHPS
2025-07-09,17,harga_pihps,135000.0,Rp,DSP01,BD-PIHPS
2025-07-09,17,harga_pihps,134400.0,Rp,DSP02,BD-PIHPS
2025-07-09,17,harga_pihps,17900.0,Rp,GLP01,BD-PIHPS
2025-07-09,17,harga_pihps,19150.0,Rp,GLP02,BD-PIHPS
2025-07-09,17,harga_pihps,17500.0,Rp,MGR01,BD-PIHPS
2025-07-09,17,harga_pihps,21400.0,Rp,MGR02,BD-PIHPS
2025-07-09,17,harga_pihps,20500.0,Rp,MGR03,BD-PIHPS
2025-07-09,17,harga_pihps,28200.0,Rp,TLR01,BD-PIHPS
2025-07-10,17,harga_pihps,14300.0,Rp,BRS01,BD-PIHPS
2025-07-10,17,harga_pihps,15550.0,Rp,BRS02,BD-PIHPS
2025-07-10,17,harga_pihps,15300.0,Rp,BRS03,BD-PIHPS
2025-07-10,17,harga_pihps,16200.0,Rp,BRS04,BD-PIHPS
2025-07-10,17,harga_pihps,15750.0,Rp,BRS05,BD-PIHPS
2025-07-10,17,harga_pihps,16450.0,Rp,BRS06,BD-PIHPS
2025-07-10,17,harga_pihps,47250.0,Rp,BWM01,BD-PIHPS
2025-07-10,17,harga_pihps,39250.0,Rp,BWP01,BD-PIHPS
2025-07-10,17,harga_pihps,31500.0,Rp,CMR01,BD-PIHPS
2025-07-10,17,harga_pihps,35500.0,Rp,CMR02,BD-PIHPS
2025-07-10,17,harga_pihps,40400.0,Rp,CRW01,BD-PIHPS
2025-07-10,17,harga_pihps,36650.0,Rp,CRW02,BD-PIHPS
2025-07-10,17,harga_pihps,36400.0,Rp,DAY01,BD-PIHPS
2025-07-10,17,harga_pihps,135000.0,Rp,DSP01,BD-PIHPS
2025-07-10,17,harga_pihps,134400.0,Rp,DSP02,BD-PIHPS
2025-07-10,17,harga_pihps,17900.0,Rp,GLP01,BD-PIHPS
2025-07-10,17,harga_pihps,19150.0,Rp,GLP02,BD-PIHPS
2025-07-10,17,harga_pihps,17500.0,Rp,MGR01,BD-PIHPS
2025-07-10,17,harga_pihps,21400.0,Rp,MGR02,BD-PIHPS
2025-07-10,17,harga_pihps,20500.0,Rp,MGR03,BD-PIHPS
2025-07-10,17,harga_pihps,28200.0,Rp,TLR01,BD-PIHPS
2025-07-11,17,harga_pihps,14300.0,Rp,BRS01,BD-PIHPS
2025-07-11,17,harga_pihps,15550.0,Rp,BRS02,BD-PIHPS
2025-07-11,17,harga_pihps,15300.0,Rp,BRS03,BD-PIHPS
2025-07-11,17,harga_pihps,16250.0,Rp,BRS04,BD-PIHPS
2025-07-11,17,harga_pihps,15750.0,Rp,BRS05,BD-PIHPS
2025-07-11,17,harga_pihps,16500.0,Rp,BRS06,BD-PIHPS
2025-07-11,17,harga_pihps,46900.0,Rp,BWM01,BD-PIHPS
2025-07-11,17,harga_pihps,39250.0,Rp,BWP01,BD-PIHPS
2025-07-11,17,harga_pihps,31250.0,Rp,CMR01,BD-PIHPS
2025-07-11,17,harga_pihps,35500.0,Rp,CMR02,BD-PIHPS
2025-07-11,17,harga_pihps,41000.0,Rp,CRW01,BD-PIHPS
2025-07-11,17,harga_pihps,36650.0,Rp,CRW02,BD-PIHPS
2025-07-11,17,harga_pihps,36400.0,Rp,DAY01,BD-PIHPS
2025-07-11,17,harga_pihps,135000.0,Rp,DSP01,BD-PIHPS
2025-07-11,17,harga_pihps,134400.0,Rp,DSP02,BD-PIHPS
2025-07-11,17,harga_pihps,17900.0,Rp,GLP01,BD-PIHPS
2025-07-11,17,harga_pihps,19150.0,Rp,GLP02,BD-PIHPS
2025-07-11,17,harga_pihps,17500.0,Rp,MGR01,BD-PIHPS
2025-07-11,17,harga_pihps,21400.0,Rp,MGR02,BD-PIHPS
2025-07-11,17,harga_pihps,20500.0,Rp,MGR03,BD-PIHPS
2025-07-11,17,harga_pihps,28600.0,Rp,TLR01,BD-PIHPS
2025-07-14,17,harga_pihps,14300.0,Rp,BRS01,BD-PIHPS
2025-07-14,17,harga_pihps,15550.0,Rp,BRS02,BD-PIHPS
2025-07-14,17,harga_pihps,15300.0,Rp,BRS03,BD-PIHPS
2025-07-14,17,harga_pihps,16250.0,Rp,BRS04,BD-PIHPS
2025-07-14,17,harga_pihps,15750.0,Rp,BRS05,BD-PIHPS
2025-07-14,17,harga_pihps,16500.0,Rp,BRS06,BD-PIHPS
2025-07-14,17,harga_pihps,49750.0,Rp,BWM01,BD-PIHPS
2025-07-14,17,harga_pihps,38750.0,Rp,BWP01,BD-PIHPS
2025-07-14,17,harga_pihps,29200.0,Rp,CMR01,BD-PIHPS
2025-07-14,17,harga_pihps,37500.0,Rp,CMR02,BD-PIHPS
2025-07-14,17,harga_pihps,39000.0,Rp,CRW01,BD-PIHPS
2025-07-14,17,harga_pihps,37100.0,Rp,CRW02,BD-PIHPS
2025-07-14,17,harga_pihps,36400.0,Rp,DAY01,BD-PIHPS
2025-07-14,17,harga_pihps,135000.0,Rp,DSP01,BD-PIHPS
2025-07-14,17,harga_pihps,134400.0,Rp,DSP02,BD-PIHPS
2025-07-14,17,harga_pihps,17900.0,Rp,GLP01,BD-PIHPS
2025-07-14,17,harga_pihps,19150.0,Rp,GLP02,BD-PIHPS
2025-07-14,17,harga_pihps,17500.0,Rp,MGR01,BD-PIHPS
2025-07-14,17,harga_pihps,21400.0,Rp,MGR02,BD-PIHPS
2025-07-14,17,harga_pihps,20500.0,Rp,MGR03,BD-PIHPS
2025-07-14,17,harga_pihps,28500.0,Rp,TLR01,BD-PIHPS
2025-07-15,17,harga_pihps,14300.0,Rp,BRS01,BD-PIHPS
2025-07-15,17,harga_pihps,15550.0,Rp,BRS02,BD-PIHPS
2025-07-15,17,harga_pihps,15300.0,Rp,BRS03,BD-PIHPS
2025-07-15,17,harga_pihps,16250.0,Rp,BRS04,BD-PIHPS
2025-07-15,17,harga_pihps,15750.0,Rp,BRS05,BD-PIHPS
2025-07-15,17,harga_pihps,16500.0,Rp,BRS06,BD-PIHPS
2025-07-15,17,harga_pihps,50900.0,Rp,BWM01,BD-PIHPS
2025-07-15,17,harga_pihps,38650.0,Rp,BWP01,BD-PIHPS
2025-07-15,17,harga_pihps,31650.0,Rp,CMR01,BD-PIHPS
2025-07-15,17,harga_pihps,37500.0,Rp,CMR02,BD-PIHPS
2025-07-15,17,harga_pihps,43750.0,Rp,CRW01,BD-PIHPS
2025-07-15,17,harga_pihps,36950.0,Rp,CRW02,BD-PIHPS
2025-07-15,17,harga_pihps,36500.0,Rp,DAY01,BD-PIHPS
2025-07-15,17,harga_pihps,135000.0,Rp,DSP01,BD-PIHPS
2025-07-15,17,harga_pihps,134400.0,Rp,DSP02,BD-PIHPS
2025-07-15,17,harga_pihps,17900.0,Rp,GLP01,BD-PIHPS
2025-07-15,17,harga_pihps,19150.0,Rp,GLP02,BD-PIHPS
2025-07-15,17,harga_pihps,17500.0,Rp,MGR01,BD-PIHPS
2025-07-15,17,harga_pihps,21400.0,Rp,MGR02,BD-PIHPS
2025-07-15,17,harga_pihps,20500.0,Rp,MGR03,BD-PIHPS
2025-07-15,17,harga_pihps,28600.0,Rp,TLR01,BD-PIHPS
2025-07-16,17,harga_pihps,14350.0,Rp,BRS01,BD-PIHPS
2025-07-16,17,harga_pihps,15550.0,Rp,BRS02,BD-PIHPS
2025-07-16,17,harga_pihps,15300.0,Rp,BRS03,BD-PIHPS
2025-07-16,17,harga_pihps,16250.0,Rp,BRS04,BD-PIHPS
2025-07-16,17,harga_pihps,15750.0,Rp,BRS05,BD-PIHPS
2025-07-16,17,harga_pihps,16500.0,Rp,BRS06,BD-PIHPS
2025-07-16,17,harga_pihps,50900.0,Rp,BWM01,BD-PIHPS
2025-07-16,17,harga_pihps,40250.0,Rp,BWP01,BD-PIHPS
2025-07-16,17,harga_pihps,32500.0,Rp,CMR01,BD-PIHPS
2025-07-16,17,harga_pihps,36900.0,Rp,CMR02,BD-PIHPS
2025-07-16,17,harga_pihps,44150.0,Rp,CRW01,BD-PIHPS
2025-07-16,17,harga_pihps,37200.0,Rp,CRW02,BD-PIHPS
2025-07-16,17,harga_pihps,36500.0,Rp,DAY01,BD-PIHPS
2025-07-16,17,harga_pihps,135000.0,Rp,DSP01,BD-PIHPS
2025-07-16,17,harga_pihps,134400.0,Rp,DSP02,BD-PIHPS
2025-07-16,17,harga_pihps,17900.0,Rp,GLP01,BD-PIHPS
2025-07-16,17,harga_pihps,19150.0,Rp,GLP02,BD-PIHPS
2025-07-16,17,harga_pihps,17500.0,Rp,MGR01,BD-PIHPS
2025-07-16,17,harga_pihps,21400.0,Rp,MGR02,BD-PIHPS
2025-07-16,17,harga_pihps,20500.0,Rp,MGR03,BD-PIHPS
2025-07-16,17,harga_pihps,28600.0,Rp,TLR01,BD-PIHPS
2025-07-17,17,harga_pihps,14350.0,Rp,BRS01,BD-PIHPS
2025-07-17,17,harga_pihps,15550.0,Rp,BRS02,BD-PIHPS
2025-07-17,17,harga_pihps,15300.0,Rp,BRS03,BD-PIHPS
2025-07-17,17,harga_pihps,16250.0,Rp,BRS04,BD-PIHPS
2025-07-17,17,harga_pihps,15750.0,Rp,BRS05,BD-PIHPS
2025-07-17,17,harga_pihps,16500.0,Rp,BRS06,BD-PIHPS
2025-07-17,17,harga_pihps,50900.0,Rp,BWM01,BD-PIHPS
2025-07-17,17,harga_pihps,40150.0,Rp,BWP01,BD-PIHPS
2025-07-17,17,harga_pihps,31400.0,Rp,CMR01,BD-PIHPS
2025-07-17,17,harga_pihps,37500.0,Rp,CMR02,BD-PIHPS
2025-07-17,17,harga_pihps,43500.0,Rp,CRW01,BD-PIHPS
2025-07-17,17,harga_pihps,37650.0,Rp,CRW02,BD-PIHPS
2025-07-17,17,harga_pihps,38750.0,Rp,DAY01,BD-PIHPS
2025-07-17,17,harga_pihps,135000.0,Rp,DSP01,BD-PIHPS
2025-07-17,17,harga_pihps,134400.0,Rp,DSP02,BD-PIHPS
2025-07-17,17,harga_pihps,17900.0,Rp,GLP01,BD-PIHPS
2025-07-17,17,harga_pihps,19150.0,Rp,GLP02,BD-PIHPS
2025-07-17,17,harga_pihps,17500.0,Rp,MGR01,BD-PIHPS
2025-07-17,17,harga_pihps,21400.0,Rp,MGR02,BD-PIHPS
2025-07-17,17,harga_pihps,20500.0,Rp,MGR03,BD-PIHPS
2025-07-17,17,harga_pihps,28600.0,Rp,TLR01,BD-PIHPS
2025-07-18,17,harga_pihps,14350.0,Rp,BRS01,BD-PIHPS
2025-07-18,17,harga_pihps,15500.0,Rp,BRS02,BD-PIHPS
2025-07-18,17,harga_pihps,15300.0,Rp,BRS03,BD-PIHPS
2025-07-18,17,harga_pihps,16250.0,Rp,BRS04,BD-PIHPS
2025-07-18,17,harga_pihps,15750.0,Rp,BRS05,BD-PIHPS
2025-07-18,17,harga_pihps,16500.0,Rp,BRS06,BD-PIHPS
2025-07-18,17,harga_pihps,50900.0,Rp,BWM01,BD-PIHPS
2025-07-18,17,harga_pihps,39900.0,Rp,BWP01,BD-PIHPS
2025-07-18,17,harga_pihps,31400.0,Rp,CMR01,BD-PIHPS
2025-07-18,17,harga_pihps,37250.0,Rp,CMR02,BD-PIHPS
2025-07-18,17,harga_pihps,44250.0,Rp,CRW01,BD-PIHPS
2025-07-18,17,harga_pihps,38750.0,Rp,CRW02,BD-PIHPS
2025-07-18,17,harga_pihps,38750.0,Rp,DAY01,BD-PIHPS
2025-07-18,17,harga_pihps,135000.0,Rp,DSP01,BD-PIHPS
2025-07-18,17,harga_pihps,134400.0,Rp,DSP02,BD-PIHPS
2025-07-18,17,harga_pihps,17900.0,Rp,GLP01,BD-PIHPS
2025-07-18,17,harga_pihps,19150.0,Rp,GLP02,BD-PIHPS
2025-07-18,17,harga_pihps,17500.0,Rp,MGR01,BD-PIHPS
2025-07-18,17,harga_pihps,21400.0,Rp,MGR02,BD-PIHPS
2025-07-18,17,harga_pihps,20500.0,Rp,MGR03,BD-PIHPS
2025-07-18,17,harga_pihps,28600.0,Rp,TLR01,BD-PIHPS
2025-07-21,17,harga_pihps,14350.0,Rp,BRS01,BD-PIHPS
2025-07-21,17,harga_pihps,13750.0,Rp,BRS02,BD-PIHPS
2025-07-21,17,harga_pihps,15300.0,Rp,BRS03,BD-PIHPS
2025-07-21,17,harga_pihps,16250.0,Rp,BRS04,BD-PIHPS
2025-07-21,17,harga_pihps,15750.0,Rp,BRS05,BD-PIHPS
2025-07-21,17,harga_pihps,16500.0,Rp,BRS06,BD-PIHPS
2025-07-21,17,harga_pihps,50900.0,Rp,BWM01,BD-PIHPS
2025-07-21,17,harga_pihps,39000.0,Rp,BWP01,BD-PIHPS
2025-07-21,17,harga_pihps,31750.0,Rp,CMR01,BD-PIHPS
2025-07-21,17,harga_pihps,36650.0,Rp,CMR02,BD-PIHPS
2025-07-21,17,harga_pihps,43400.0,Rp,CRW01,BD-PIHPS
2025-07-21,17,harga_pihps,36950.0,Rp,CRW02,BD-PIHPS
2025-07-21,17,harga_pihps,38750.0,Rp,DAY01,BD-PIHPS
2025-07-21,17,harga_pihps,135000.0,Rp,DSP01,BD-PIHPS
2025-07-21,17,harga_pihps,134400.0,Rp,DSP02,BD-PIHPS
2025-07-21,17,harga_pihps,17800.0,Rp,GLP01,BD-PIHPS
2025-07-21,17,harga_pihps,19150.0,Rp,GLP02,BD-PIHPS
2025-07-21,17,harga_pihps,17500.0,Rp,MGR01,BD-PIHPS
2025-07-21,17,harga_pihps,21400.0,Rp,MGR02,BD-PIHPS
2025-07-21,17,harga_pihps,20500.0,Rp,MGR03,BD-PIHPS
2025-07-21,17,harga_pihps,28600.0,Rp,TLR01,BD-PIHPS
2025-07-22,17,harga_pihps,14350.0,Rp,BRS01,BD-PIHPS
2025-07-22,17,harga_pihps,15500.0,Rp,BRS02,BD-PIHPS
2025-07-22,17,harga_pihps,15300.0,Rp,BRS03,BD-PIHPS
2025-07-22,17,harga_pihps,16250.0,Rp,BRS04,BD-PIHPS
2025-07-22,17,harga_pihps,15750.0,Rp,BRS05,BD-PIHPS
2025-07-22,17,harga_pihps,16500.0,Rp,BRS06,BD-PIHPS
2025-07-22,17,harga_pihps,50750.0,Rp,BWM01,BD-PIHPS
2025-07-22,17,harga_pihps,38150.0,Rp,BWP01,BD-PIHPS
2025-07-22,17,harga_pihps,31500.0,Rp,CMR01,BD-PIHPS
2025-07-22,17,harga_pihps,35750.0,Rp,CMR02,BD-PIHPS
2025-07-22,17,harga_pihps,44150.0,Rp,CRW01,BD-PIHPS
2025-07-22,17,harga_pihps,35450.0,Rp,CRW02,BD-PIHPS
2025-07-22,17,harga_pihps,38750.0,Rp,DAY01,BD-PIHPS
2025-07-22,17,harga_pihps,135000.0,Rp,DSP01,BD-PIHPS
2025-07-22,17,harga_pihps,134400.0,Rp,DSP02,BD-PIHPS
2025-07-22,17,harga_pihps,17800.0,Rp,GLP01,BD-PIHPS
2025-07-22,17,harga_pihps,19150.0,Rp,GLP02,BD-PIHPS
2025-07-22,17,harga_pihps,17500.0,Rp,MGR01,BD-PIHPS
2025-07-22,17,harga_pihps,21400.0,Rp,MGR02,BD-PIHPS
2025-07-22,17,harga_pihps,20500.0,Rp,MGR03,BD-PIHPS
2025-07-22,17,harga_pihps,28600.0,Rp,TLR01,BD-PIHPS
2025-07-23,17,harga_pihps,14350.0,Rp,BRS01,BD-PIHPS
2025-07-23,17,harga_pihps,15500.0,Rp,BRS02,BD-PIHPS
2025-07-23,17,harga_pihps,15300.0,Rp,BRS03,BD-PIHPS
2025-07-23,17,harga_pihps,16250.0,Rp,BRS04,BD-PIHPS
2025-07-23,17,harga_pihps,15750.0,Rp,BRS05,BD-PIHPS
2025-07-23,17,harga_pihps,16500.0,Rp,BRS06,BD-PIHPS
2025-07-23,17,harga_pihps,54900.0,Rp,BWM01,BD-PIHPS
2025-07-23,17,harga_pihps,38150.0,Rp,BWP01,BD-PIHPS
2025-07-23,17,harga_pihps,32750.0,Rp,CMR01,BD-PIHPS
2025-07-23,17,harga_pihps,36900.0,Rp,CMR02,BD-PIHPS
2025-07-23,17,harga_pihps,44150.0,Rp,CRW01,BD-PIHPS
2025-07-23,17,harga_pihps,35450.0,Rp,CRW02,BD-PIHPS
2025-07-23,17,harga_pihps,38750.0,Rp,DAY01,BD-PIHPS
2025-07-23,17,harga_pihps,135000.0,Rp,DSP01,BD-PIHPS
2025-07-23,17,harga_pihps,134400.0,Rp,DSP02,BD-PIHPS
2025-07-23,17,harga_pihps,17700.0,Rp,GLP01,BD-PIHPS
2025-07-23,17,harga_pihps,19150.0,Rp,GLP02,BD-PIHPS
2025-07-23,17,harga_pihps,17500.0,Rp,MGR01,BD-PIHPS
2025-07-23,17,harga_pihps,21400.0,Rp,MGR02,BD-PIHPS
2025-07-23,17,harga_pihps,20500.0,Rp,MGR03,BD-PIHPS
2025-07-23,17,harga_pihps,28600.0,Rp,TLR01,BD-PIHPS
2025-07-24,17,harga_pihps,14350.0,Rp,BRS01,BD-PIHPS
2025-07-24,17,harga_pihps,15500.0,Rp,BRS02,BD-PIHPS
2025-07-24,17,harga_pihps,15300.0,Rp,BRS03,BD-PIHPS
2025-07-24,17,harga_pihps,16250.0,Rp,BRS04,BD-PIHPS
2025-07-24,17,harga_pihps,15750.0,Rp,BRS05,BD-PIHPS
2025-07-24,17,harga_pihps,16500.0,Rp,BRS06,BD-PIHPS
2025-07-24,17,harga_pihps,55500.0,Rp,BWM01,BD-PIHPS
2025-07-24,17,harga_pihps,38500.0,Rp,BWP01,BD-PIHPS
2025-07-24,17,harga_pihps,32750.0,Rp,CMR01,BD-PIHPS
2025-07-24,17,harga_pihps,38000.0,Rp,CMR02,BD-PIHPS
2025-07-24,17,harga_pihps,43750.0,Rp,CRW01,BD-PIHPS
2025-07-24,17,harga_pihps,35850.0,Rp,CRW02,BD-PIHPS
2025-07-24,17,harga_pihps,38750.0,Rp,DAY01,BD-PIHPS
2025-07-24,17,harga_pihps,135000.0,Rp,DSP01,BD-PIHPS
2025-07-24,17,harga_pihps,134400.0,Rp,DSP02,BD-PIHPS
2025-07-24,17,harga_pihps,17700.0,Rp,GLP01,BD-PIHPS
2025-07-24,17,harga_pihps,19150.0,Rp,GLP02,BD-PIHPS
2025-07-24,17,harga_pihps,17500.0,Rp,MGR01,BD-PIHPS
2025-07-24,17,harga_pihps,21400.0,Rp,MGR02,BD-PIHPS
2025-07-24,17,harga_pihps,20500.0,Rp,MGR03,BD-PIHPS
2025-07-24,17,harga_pihps,28600.0,Rp,TLR01,BD-PIHPS
2025-07-25,17,harga_pihps,14350.0,Rp,BRS01,BD-PIHPS
2025-07-25,17,harga_pihps,15500.0,Rp,BRS02,BD-PIHPS
2025-07-25,17,harga_pihps,15300.0,Rp,BRS03,BD-PIHPS
2025-07-25,17,harga_pihps,16250.0,Rp,BRS04,BD-PIHPS
2025-07-25,17,harga_pihps,15750.0,Rp,BRS05,BD-PIHPS
2025-07-25,17,harga_pihps,16500.0,Rp,BRS06,BD-PIHPS
2025-07-25,17,harga_pihps,57400.0,Rp,BWM01,BD-PIHPS
2025-07-25,17,harga_pihps,40400.0,Rp,BWP01,BD-PIHPS
2025-07-25,17,harga_pihps,31900.0,Rp,CMR01,BD-PIHPS
2025-07-25,17,harga_pihps,36400.0,Rp,CMR02,BD-PIHPS
2025-07-25,17,harga_pihps,44150.0,Rp,CRW01,BD-PIHPS
2025-07-25,17,harga_pihps,35500.0,Rp,CRW02,BD-PIHPS
2025-07-25,17,harga_pihps,38750.0,Rp,DAY01,BD-PIHPS
2025-07-25,17,harga_pihps,135000.0,Rp,DSP01,BD-PIHPS
2025-07-25,17,harga_pihps,134400.0,Rp,DSP02,BD-PIHPS
2025-07-25,17,harga_pihps,17700.0,Rp,GLP01,BD-PIHPS
2025-07-25,17,harga_pihps,19150.0,Rp,GLP02,BD-PIHPS
2025-07-25,17,harga_pihps,17500.0,Rp,MGR01,BD-PIHPS
2025-07-25,17,harga_pihps,21400.0,Rp,MGR02,BD-PIHPS
2025-07-25,17,harga_pihps,20500.0,Rp,MGR03,BD-PIHPS
2025-07-25,17,harga_pihps,28600.0,Rp,TLR01,BD-PIHPS
2025-07-28,17,harga_pihps,14350.0,Rp,BRS01,BD-PIHPS
2025-07-28,17,harga_pihps,15500.0,Rp,BRS02,BD-PIHPS
2025-07-28,17,harga_pihps,15300.0,Rp,BRS03,BD-PIHPS
2025-07-28,17,harga_pihps,16250.0,Rp,BRS04,BD-PIHPS
2025-07-28,17,harga_pihps,15750.0,Rp,BRS05,BD-PIHPS
2025-07-28,17,harga_pihps,16450.0,Rp,BRS06,BD-PIHPS
2025-07-28,17,harga_pihps,58750.0,Rp,BWM01,BD-PIHPS
2025-07-28,17,harga_pihps,40150.0,Rp,BWP01,BD-PIHPS
2025-07-28,17,harga_pihps,30650.0,Rp,CMR01,BD-PIHPS
2025-07-28,17,harga_pihps,35250.0,Rp,CMR02,BD-PIHPS
2025-07-28,17,harga_pihps,42750.0,Rp,CRW01,BD-PIHPS
2025-07-28,17,harga_pihps,34600.0,Rp,CRW02,BD-PIHPS
2025-07-28,17,harga_pihps,36900.0,Rp,DAY01,BD-PIHPS
2025-07-28,17,harga_pihps,135000.0,Rp,DSP01,BD-PIHPS
2025-07-28,17,harga_pihps,134400.0,Rp,DSP02,BD-PIHPS
2025-07-28,17,harga_pihps,17700.0,Rp,GLP01,BD-PIHPS
2025-07-28,17,harga_pihps,18900.0,Rp,GLP02,BD-PIHPS
2025-07-28,17,harga_pihps,17500.0,Rp,MGR01,BD-PIHPS
2025-07-28,17,harga_pihps,21400.0,Rp,MGR02,BD-PIHPS
2025-07-28,17,harga_pihps,20500.0,Rp,MGR03,BD-PIHPS
2025-07-28,17,harga_pihps,28500.0,Rp,TLR01,BD-PIHPS
2025-07-29,17,harga_pihps,14350.0,Rp,BRS01,BD-PIHPS
2025-07-29,17,harga_pihps,15500.0,Rp,BRS02,BD-PIHPS
2025-07-29,17,harga_pihps,15300.0,Rp,BRS03,BD-PIHPS
2025-07-29,17,harga_pihps,16250.0,Rp,BRS04,BD-PIHPS
2025-07-29,17,harga_pihps,15900.0,Rp,BRS05,BD-PIHPS
2025-07-29,17,harga_pihps,16550.0,Rp,BRS06,BD-PIHPS
2025-07-29,17,harga_pihps,59000.0,Rp,BWM01,BD-PIHPS
2025-07-29,17,harga_pihps,40150.0,Rp,BWP01,BD-PIHPS
2025-07-29,17,harga_pihps,30000.0,Rp,CMR01,BD-PIHPS
2025-07-29,17,harga_pihps,34750.0,Rp,CMR02,BD-PIHPS
2025-07-29,17,harga_pihps,42250.0,Rp,CRW01,BD-PIHPS
2025-07-29,17,harga_pihps,34600.0,Rp,CRW02,BD-PIHPS
2025-07-29,17,harga_pihps,36400.0,Rp,DAY01,BD-PIHPS
2025-07-29,17,harga_pihps,135000.0,Rp,DSP01,BD-PIHPS
2025-07-29,17,harga_pihps,134400.0,Rp,DSP02,BD-PIHPS
2025-07-29,17,harga_pihps,17700.0,Rp,GLP01,BD-PIHPS
2025-07-29,17,harga_pihps,18900.0,Rp,GLP02,BD-PIHPS
2025-07-29,17,harga_pihps,17500.0,Rp,MGR01,BD-PIHPS
2025-07-29,17,harga_pihps,21400.0,Rp,MGR02,BD-PIHPS
2025-07-29,17,harga_pihps,20500.0,Rp,MGR03,BD-PIHPS
2025-07-29,17,harga_pihps,28500.0,Rp,TLR01,BD-PIHPS
2025-07-30,17,harga_pihps,14350.0,Rp,BRS01,BD-PIHPS
2025-07-30,17,harga_pihps,15500.0,Rp,BRS02,BD-PIHPS
2025-07-30,17,harga_pihps,15300.0,Rp,BRS03,BD-PIHPS
2025-07-30,17,harga_pihps,16250.0,Rp,BRS04,BD-PIHPS
2025-07-30,17,harga_pihps,15900.0,Rp,BRS05,BD-PIHPS
2025-07-30,17,harga_pihps,16550.0,Rp,BRS06,BD-PIHPS
2025-07-30,17,harga_pihps,60150.0,Rp,BWM01,BD-PIHPS
2025-07-30,17,harga_pihps,39750.0,Rp,BWP01,BD-PIHPS
2025-07-30,17,harga_pihps,30650.0,Rp,CMR01,BD-PIHPS
2025-07-30,17,harga_pihps,35500.0,Rp,CMR02,BD-PIHPS
2025-07-30,17,harga_pihps,42900.0,Rp,CRW01,BD-PIHPS
2025-07-30,17,harga_pihps,34300.0,Rp,CRW02,BD-PIHPS
2025-07-30,17,harga_pihps,36000.0,Rp,DAY01,BD-PIHPS
2025-07-30,17,harga_pihps,135000.0,Rp,DSP01,BD-PIHPS
2025-07-30,17,harga_pihps,134400.0,Rp,DSP02,BD-PIHPS
2025-07-30,17,harga_pihps,17700.0,Rp,GLP01,BD-PIHPS
2025-07-30,17,harga_pihps,18900.0,Rp,GLP02,BD-PIHPS
2025-07-30,17,harga_pihps,17500.0,Rp,MGR01,BD-PIHPS
2025-07-30,17,harga_pihps,21400.0,Rp,MGR02,BD-PIHPS
2025-07-30,17,harga_pihps,20500.0,Rp,MGR03,BD-PIHPS
2025-07-30,17,harga_pihps,28500.0,Rp,TLR01,BD-PIHPS
2025-07-31,17,harga_pihps,14350.0,Rp,BRS01,BD-PIHPS
2025-07-31,17,harga_pihps,15500.0,Rp,BRS02,BD-PIHPS
2025-07-31,17,harga_pihps,15300.0,Rp,BRS03,BD-PIHPS
2025-07-31,17,harga_pihps,16250.0,Rp,BRS04,BD-PIHPS
2025-07-31,17,harga_pihps,15900.0,Rp,BRS05,BD-PIHPS
2025-07-31,17,harga_pihps,16550.0,Rp,BRS06,BD-PIHPS
2025-07-31,17,harga_pihps,61250.0,Rp,BWM01,BD-PIHPS
2025-07-31,17,harga_pihps,39750.0,Rp,BWP01,BD-PIHPS
2025-07-31,17,harga_pihps,31150.0,Rp,CMR01,BD-PIHPS
2025-07-31,17,harga_pihps,35750.0,Rp,CMR02,BD-PIHPS
2025-07-31,17,harga_pihps,43400.0,Rp,CRW01,BD-PIHPS
2025-07-31,17,harga_pihps,34400.0,Rp,CRW02,BD-PIHPS
2025-07-31,17,harga_pihps,35500.0,Rp,DAY01,BD-PIHPS
2025-07-31,17,harga_pihps,135000.0,Rp,DSP01,BD-PIHPS
2025-07-31,17,harga_pihps,134400.0,Rp,DSP02,BD-PIHPS
2025-07-31,17,harga_pihps,17700.0,Rp,GLP01,BD-PIHPS
2025-07-31,17,harga_pihps,18900.0,Rp,GLP02,BD-PIHPS
2025-07-31,17,harga_pihps,17500.0,Rp,MGR01,BD-PIHPS
2025-07-31,17,harga_pihps,21400.0,Rp,MGR02,BD-PIHPS
2025-07-31,17,harga_pihps,20500.0,Rp,MGR03,BD-PIHPS
2025-07-31,17,harga_pihps,28500.0,Rp,TLR01,BD-PIHPS
2025-08-01,17,harga_pihps,14350.0,Rp,BRS01,BD-PIHPS
2025-08-01,17,harga_pihps,15500.0,Rp,BRS02,BD-PIHPS
2025-08-01,17,harga_pihps,15300.0,Rp,BRS03,BD-PIHPS
2025-08-01,17,harga_pihps,16250.0,Rp,BRS04,BD-PIHPS
2025-08-01,17,harga_pihps,15900.0,Rp,BRS05,BD-PIHPS
2025-08-01,17,harga_pihps,16550.0,Rp,BRS06,BD-PIHPS
2025-08-01,17,harga_pihps,61250.0,Rp,BWM01,BD-PIHPS
2025-08-01,17,harga_pihps,39750.0,Rp,BWP01,BD-PIHPS
2025-08-01,17,harga_pihps,33900.0,Rp,CMR01,BD-PIHPS
2025-08-01,17,harga_pihps,38400.0,Rp,CMR02,BD-PIHPS
2025-08-01,17,harga_pihps,43400.0,Rp,CRW01,BD-PIHPS
2025-08-01,17,harga_pihps,34150.0,Rp,CRW02,BD-PIHPS
2025-08-01,17,harga_pihps,35500.0,Rp,DAY01,BD-PIHPS
2025-08-01,17,harga_pihps,135000.0,Rp,DSP01,BD-PIHPS
2025-08-01,17,harga_pihps,134400.0,Rp,DSP02,BD-PIHPS
2025-08-01,17,harga_pihps,17700.0,Rp,GLP01,BD-PIHPS
2025-08-01,17,harga_pihps,18750.0,Rp,GLP02,BD-PIHPS
2025-08-01,17,harga_pihps,17500.0,Rp,MGR01,BD-PIHPS
2025-08-01,17,harga_pihps,21400.0,Rp,MGR02,BD-PIHPS
2025-08-01,17,harga_pihps,20500.0,Rp,MGR03,BD-PIHPS
2025-08-01,17,harga_pihps,28600.0,Rp,TLR01,BD-PIHPS
2025-08-04,17,harga_pihps,14350.0,Rp,BRS01,BD-PIHPS
2025-08-04,17,harga_pihps,15500.0,Rp,BRS02,BD-PIHPS
2025-08-04,17,harga_pihps,15300.0,Rp,BRS03,BD-PIHPS
2025-08-04,17,harga_pihps,16250.0,Rp,BRS04,BD-PIHPS
2025-08-04,17,harga_pihps,15900.0,Rp,BRS05,BD-PIHPS
2025-08-04,17,harga_pihps,16550.0,Rp,BRS06,BD-PIHPS
2025-08-04,17,harga_pihps,59400.0,Rp,BWM01,BD-PIHPS
2025-08-04,17,harga_pihps,39150.0,Rp,BWP01,BD-PIHPS
2025-08-04,17,harga_pihps,35500.0,Rp,CMR01,BD-PIHPS
2025-08-04,17,harga_pihps,41150.0,Rp,CMR02,BD-PIHPS
2025-08-04,17,harga_pihps,42150.0,Rp,CRW01,BD-PIHPS
2025-08-04,17,harga_pihps,31950.0,Rp,CRW02,BD-PIHPS
2025-08-04,17,harga_pihps,35150.0,Rp,DAY01,BD-PIHPS
2025-08-04,17,harga_pihps,135000.0,Rp,DSP01,BD-PIHPS
2025-08-04,17,harga_pihps,134400.0,Rp,DSP02,BD-PIHPS
2025-08-04,17,harga_pihps,17700.0,Rp,GLP01,BD-PIHPS
2025-08-04,17,harga_pihps,18750.0,Rp,GLP02,BD-PIHPS
2025-08-04,17,harga_pihps,17500.0,Rp,MGR01,BD-PIHPS
2025-08-04,17,harga_pihps,21400.0,Rp,MGR02,BD-PIHPS
2025-08-04,17,harga_pihps,20500.0,Rp,MGR03,BD-PIHPS
2025-08-04,17,harga_pihps,28600.0,Rp,TLR01,BD-PIHPS
2025-08-05,17,harga_pihps,14350.0,Rp,BRS01,BD-PIHPS
2025-08-05,17,harga_pihps,15500.0,Rp,BRS02,BD-PIHPS
2025-08-05,17,harga_pihps,15300.0,Rp,BRS03,BD-PIHPS
2025-08-05,17,harga_pihps,16250.0,Rp,BRS04,BD-PIHPS
2025-08-05,17,harga_pihps,15900.0,Rp,BRS05,BD-PIHPS
2025-08-05,17,harga_pihps,16550.0,Rp,BRS06,BD-PIHPS
2025-08-05,17,harga_pihps,58900.0,Rp,BWM01,BD-PIHPS
2025-08-05,17,harga_pihps,40500.0,Rp,BWP01,BD-PIHPS
2025-08-05,17,harga_pihps,35900.0,Rp,CMR01,BD-PIHPS
2025-08-05,17,harga_pihps,43150.0,Rp,CMR02,BD-PIHPS
2025-08-05,17,harga_pihps,40400.0,Rp,CRW01,BD-PIHPS
2025-08-05,17,harga_pihps,29700.0,Rp,CRW02,BD-PIHPS
2025-08-05,17,harga_pihps,35150.0,Rp,DAY01,BD-PIHPS
2025-08-05,17,harga_pihps,135000.0,Rp,DSP01,BD-PIHPS
2025-08-05,17,harga_pihps,134400.0,Rp,DSP02,BD-PIHPS
2025-08-05,17,harga_pihps,17700.0,Rp,GLP01,BD-PIHPS
2025-08-05,17,harga_pihps,18750.0,Rp,GLP02,BD-PIHPS
2025-08-05,17,harga_pihps,17500.0,Rp,MGR01,BD-PIHPS
2025-08-05,17,harga_pihps,21400.0,Rp,MGR02,BD-PIHPS
2025-08-05,17,harga_pihps,20500.0,Rp,MGR03,BD-PIHPS
2025-08-05,17,harga_pihps,28600.0,Rp,TLR01,BD-PIHPS
2025-08-06,17,harga_pihps,14350.0,Rp,BRS01,BD-PIHPS
2025-08-06,17,harga_pihps,15500.0,Rp,BRS02,BD-PIHPS
2025-08-06,17,harga_pihps,15300.0,Rp,BRS03,BD-PIHPS
2025-08-06,17,harga_pihps,16250.0,Rp,BRS04,BD-PIHPS
2025-08-06,17,harga_pihps,15900.0,Rp,BRS05,BD-PIHPS
2025-08-06,17,harga_pihps,16550.0,Rp,BRS06,BD-PIHPS
2025-08-06,17,harga_pihps,58650.0,Rp,BWM01,BD-PIHPS
2025-08-06,17,harga_pihps,40500.0,Rp,BWP01,BD-PIHPS
2025-08-06,17,harga_pihps,38150.0,Rp,CMR01,BD-PIHPS
2025-08-06,17,harga_pihps,43650.0,Rp,CMR02,BD-PIHPS
2025-08-06,17,harga_pihps,41150.0,Rp,CRW01,BD-PIHPS
2025-08-06,17,harga_pihps,30000.0,Rp,CRW02,BD-PIHPS
2025-08-06,17,harga_pihps,35150.0,Rp,DAY01,BD-PIHPS
2025-08-06,17,harga_pihps,135000.0,Rp,DSP01,BD-PIHPS
2025-08-06,17,harga_pihps,134400.0,Rp,DSP02,BD-PIHPS
2025-08-06,17,harga_pihps,17700.0,Rp,GLP01,BD-PIHPS
2025-08-06,17,harga_pihps,18750.0,Rp,GLP02,BD-PIHPS
2025-08-06,17,harga_pihps,17500.0,Rp,MGR01,BD-PIHPS
2025-08-06,17,harga_pihps,21400.0,Rp,MGR02,BD-PIHPS
2025-08-06,17,harga_pihps,20500.0,Rp,MGR03,BD-PIHPS
2025-08-06,17,harga_pihps,28600.0,Rp,TLR01,BD-PIHPS
2025-08-07,17,harga_pihps,14350.0,Rp,BRS01,BD-PIHPS
2025-08-07,17,harga_pihps,15500.0,Rp,BRS02,BD-PIHPS
2025-08-07,17,harga_pihps,15300.0,Rp,BRS03,BD-PIHPS
2025-08-07,17,harga_pihps,16250.0,Rp,BRS04,BD-PIHPS
2025-08-07,17,harga_pihps,15900.0,Rp,BRS05,BD-PIHPS
2025-08-07,17,harga_pihps,16550.0,Rp,BRS06,BD-PIHPS
2025-08-07,17,harga_pihps,59150.0,Rp,BWM01,BD-PIHPS
2025-08-07,17,harga_pihps,40150.0,Rp,BWP01,BD-PIHPS
2025-08-07,17,harga_pihps,38650.0,Rp,CMR01,BD-PIHPS
2025-08-07,17,harga_pihps,44250.0,Rp,CMR02,BD-PIHPS
2025-08-07,17,harga_pihps,40900.0,Rp,CRW01,BD-PIHPS
2025-08-07,17,harga_pihps,30000.0,Rp,CRW02,BD-PIHPS
2025-08-07,17,harga_pihps,34500.0,Rp,DAY01,BD-PIHPS
2025-08-07,17,harga_pihps,135000.0,Rp,DSP01,BD-PIHPS
2025-08-07,17,harga_pihps,134400.0,Rp,DSP02,BD-PIHPS
2025-08-07,17,harga_pihps,17700.0,Rp,GLP01,BD-PIHPS
2025-08-07,17,harga_pihps,18750.0,Rp,GLP02,BD-PIHPS
2025-08-07,17,harga_pihps,17500.0,Rp,MGR01,BD-PIHPS
2025-08-07,17,harga_pihps,21400.0,Rp,MGR02,BD-PIHPS
2025-08-07,17,harga_pihps,20500.0,Rp,MGR03,BD-PIHPS
2025-08-07,17,harga_pihps,28600.0,Rp,TLR01,BD-PIHPS
2025-08-08,17,harga_pihps,14350.0,Rp,BRS01,BD-PIHPS
2025-08-08,17,harga_pihps,15500.0,Rp,BRS02,BD-PIHPS
2025-08-08,17,harga_pihps,15300.0,Rp,BRS03,BD-PIHPS
2025-08-08,17,harga_pihps,16100.0,Rp,BRS04,BD-PIHPS
2025-08-08,17,harga_pihps,15900.0,Rp,BRS05,BD-PIHPS
2025-08-08,17,harga_pihps,16500.0,Rp,BRS06,BD-PIHPS
2025-08-08,17,harga_pihps,58750.0,Rp,BWM01,BD-PIHPS
2025-08-08,17,harga_pihps,40150.0,Rp,BWP01,BD-PIHPS
2025-08-08,17,harga_pihps,38400.0,Rp,CMR01,BD-PIHPS
2025-08-08,17,harga_pihps,43650.0,Rp,CMR02,BD-PIHPS
2025-08-08,17,harga_pihps,40900.0,Rp,CRW01,BD-PIHPS
2025-08-08,17,harga_pihps,30000.0,Rp,CRW02,BD-PIHPS
2025-08-08,17,harga_pihps,33000.0,Rp,DAY01,BD-PIHPS
2025-08-08,17,harga_pihps,135000.0,Rp,DSP01,BD-PIHPS
2025-08-08,17,harga_pihps,134400.0,Rp,DSP02,BD-PIHPS
2025-08-08,17,harga_pihps,17700.0,Rp,GLP01,BD-PIHPS
2025-08-08,17,harga_pihps,18750.0,Rp,GLP02,BD-PIHPS
2025-08-08,17,harga_pihps,17500.0,Rp,MGR01,BD-PIHPS
2025-08-08,17,harga_pihps,21400.0,Rp,MGR02,BD-PIHPS
2025-08-08,17,harga_pihps,20500.0,Rp,MGR03,BD-PIHPS
2025-08-08,17,harga_pihps,28600.0,Rp,TLR01,BD-PIHPS
2025-08-11,17,harga_pihps,14350.0,Rp,BRS01,BD-PIHPS
2025-08-11,17,harga_pihps,15500.0,Rp,BRS02,BD-PIHPS
2025-08-11,17,harga_pihps,15300.0,Rp,BRS03,BD-PIHPS
2025-08-11,17,harga_pihps,16100.0,Rp,BRS04,BD-PIHPS
2025-08-11,17,harga_pihps,15900.0,Rp,BRS05,BD-PIHPS
2025-08-11,17,harga_pihps,16500.0,Rp,BRS06,BD-PIHPS
2025-08-11,17,harga_pihps,61250.0,Rp,BWM01,BD-PIHPS
2025-08-11,17,harga_pihps,39900.0,Rp,BWP01,BD-PIHPS
2025-08-11,17,harga_pihps,37900.0,Rp,CMR01,BD-PIHPS
2025-08-11,17,harga_pihps,42250.0,Rp,CMR02,BD-PIHPS
2025-08-11,17,harga_pihps,41500.0,Rp,CRW01,BD-PIHPS
2025-08-11,17,harga_pihps,29700.0,Rp,CRW02,BD-PIHPS
2025-08-11,17,harga_pihps,32900.0,Rp,DAY01,BD-PIHPS
2025-08-11,17,harga_pihps,135000.0,Rp,DSP01,BD-PIHPS
2025-08-11,17,harga_pihps,134400.0,Rp,DSP02,BD-PIHPS
2025-08-11,17,harga_pihps,17700.0,Rp,GLP01,BD-PIHPS
2025-08-11,17,harga_pihps,18750.0,Rp,GLP02,BD-PIHPS
2025-08-11,17,harga_pihps,17500.0,Rp,MGR01,BD-PIHPS
2025-08-11,17,harga_pihps,21400.0,Rp,MGR02,BD-PIHPS
2025-08-11,17,harga_pihps,20500.0,Rp,MGR03,BD-PIHPS
2025-08-11,17,harga_pihps,28600.0,Rp,TLR01,BD-PIHPS
2025-08-12,17,harga_pihps,14350.0,Rp,BRS01,BD-PIHPS
2025-08-12,17,harga_pihps,15500.0,Rp,BRS02,BD-PIHPS
2025-08-12,17,harga_pihps,15300.0,Rp,BRS03,BD-PIHPS
2025-08-12,17,harga_pihps,16150.0,Rp,BRS04,BD-PIHPS
2025-08-12,17,harga_pihps,15900.0,Rp,BRS05,BD-PIHPS
2025-08-12,17,harga_pihps,16550.0,Rp,BRS06,BD-PIHPS
2025-08-12,17,harga_pihps,61250.0,Rp,BWM01,BD-PIHPS
2025-08-12,17,harga_pihps,39900.0,Rp,BWP01,BD-PIHPS
2025-08-12,17,harga_pihps,36650.0,Rp,CMR01,BD-PIHPS
2025-08-12,17,harga_pihps,40750.0,Rp,CMR02,BD-PIHPS
2025-08-12,17,harga_pihps,40900.0,Rp,CRW01,BD-PIHPS
2025-08-12,17,harga_pihps,29450.0,Rp,CRW02,BD-PIHPS
2025-08-12,17,harga_pihps,32900.0,Rp,DAY01,BD-PIHPS
2025-08-12,17,harga_pihps,135000.0,Rp,DSP01,BD-PIHPS
2025-08-12,17,harga_pihps,134400.0,Rp,DSP02,BD-PIHPS
2025-08-12,17,harga_pihps,17400.0,Rp,GLP01,BD-PIHPS
2025-08-12,17,harga_pihps,18750.0,Rp,GLP02,BD-PIHPS
2025-08-12,17,harga_pihps,17500.0,Rp,MGR01,BD-PIHPS
2025-08-12,17,harga_pihps,21400.0,Rp,MGR02,BD-PIHPS
2025-08-12,17,harga_pihps,20500.0,Rp,MGR03,BD-PIHPS
2025-08-12,17,harga_pihps,28600.0,Rp,TLR01,BD-PIHPS
2025-08-13,17,harga_pihps,14350.0,Rp,BRS01,BD-PIHPS
2025-08-13,17,harga_pihps,15500.0,Rp,BRS02,BD-PIHPS
2025-08-13,17,harga_pihps,15400.0,Rp,BRS03,BD-PIHPS
2025-08-13,17,harga_pihps,16150.0,Rp,BRS04,BD-PIHPS
2025-08-13,17,harga_pihps,15900.0,Rp,BRS05,BD-PIHPS
2025-08-13,17,harga_pihps,16550.0,Rp,BRS06,BD-PIHPS
2025-08-13,17,harga_pihps,59750.0,Rp,BWM01,BD-PIHPS
2025-08-13,17,harga_pihps,39900.0,Rp,BWP01,BD-PIHPS
2025-08-13,17,harga_pihps,35250.0,Rp,CMR01,BD-PIHPS
2025-08-13,17,harga_pihps,39750.0,Rp,CMR02,BD-PIHPS
2025-08-13,17,harga_pihps,39400.0,Rp,CRW01,BD-PIHPS
2025-08-13,17,harga_pihps,27850.0,Rp,CRW02,BD-PIHPS
2025-08-13,17,harga_pihps,33150.0,Rp,DAY01,BD-PIHPS
2025-08-13,17,harga_pihps,135000.0,Rp,DSP01,BD-PIHPS
2025-08-13,17,harga_pihps,134400.0,Rp,DSP02,BD-PIHPS
2025-08-13,17,harga_pihps,17400.0,Rp,GLP01,BD-PIHPS
2025-08-13,17,harga_pihps,18750.0,Rp,GLP02,BD-PIHPS
2025-08-13,17,harga_pihps,17500.0,Rp,MGR01,BD-PIHPS
2025-08-13,17,harga_pihps,21400.0,Rp,MGR02,BD-PIHPS
2025-08-13,17,harga_pihps,20500.0,Rp,MGR03,BD-PIHPS
2025-08-13,17,harga_pihps,28600.0,Rp,TLR01,BD-PIHPS
2025-08-14,17,harga_pihps,14300.0,Rp,BRS01,BD-PIHPS
2025-08-14,17,harga_pihps,15500.0,Rp,BRS02,BD-PIHPS
2025-08-14,17,harga_pihps,15400.0,Rp,BRS03,BD-PIHPS
2025-08-14,17,harga_pihps,16200.0,Rp,BRS04,BD-PIHPS
2025-08-14,17,harga_pihps,15900.0,Rp,BRS05,BD-PIHPS
2025-08-14,17,harga_pihps,16550.0,Rp,BRS06,BD-PIHPS
2025-08-14,17,harga_pihps,57900.0,Rp,BWM01,BD-PIHPS
2025-08-14,17,harga_pihps,40150.0,Rp,BWP01,BD-PIHPS
2025-08-14,17,harga_pihps,35250.0,Rp,CMR01,BD-PIHPS
2025-08-14,17,harga_pihps,38650.0,Rp,CMR02,BD-PIHPS
2025-08-14,17,harga_pihps,38500.0,Rp,CRW01,BD-PIHPS
2025-08-14,17,harga_pihps,27100.0,Rp,CRW02,BD-PIHPS
2025-08-14,17,harga_pihps,32750.0,Rp,DAY01,BD-PIHPS
2025-08-14,17,harga_pihps,135000.0,Rp,DSP01,BD-PIHPS
2025-08-14,17,harga_pihps,134400.0,Rp,DSP02,BD-PIHPS
2025-08-14,17,harga_pihps,17400.0,Rp,GLP01,BD-PIHPS
2025-08-14,17,harga_pihps,18750.0,Rp,GLP02,BD-PIHPS
2025-08-14,17,harga_pihps,17500.0,Rp,MGR01,BD-PIHPS
2025-08-14,17,harga_pihps,21400.0,Rp,MGR02,BD-PIHPS
2025-08-14,17,harga_pihps,20300.0,Rp,MGR03,BD-PIHPS
2025-08-14,17,harga_pihps,28600.0,Rp,TLR01,BD-PIHPS
2025-08-15,17,harga_pihps,14300.0,Rp,BRS01,BD-PIHPS
2025-08-15,17,harga_pihps,15500.0,Rp,BRS02,BD-PIHPS
2025-08-15,17,harga_pihps,15400.0,Rp,BRS03,BD-PIHPS
2025-08-15,17,harga_pihps,16200.0,Rp,BRS04,BD-PIHPS
2025-08-15,17,harga_pihps,15900.0,Rp,BRS05,BD-PIHPS
2025-08-15,17,harga_pihps,16550.0,Rp,BRS06,BD-PIHPS
2025-08-15,17,harga_pihps,57500.0,Rp,BWM01,BD-PIHPS
2025-08-15,17,harga_pihps,38500.0,Rp,BWP01,BD-PIHPS
2025-08-15,17,harga_pihps,33400.0,Rp,CMR01,BD-PIHPS
2025-08-15,17,harga_pihps,38000.0,Rp,CMR02,BD-PIHPS
2025-08-15,17,harga_pihps,38400.0,Rp,CRW01,BD-PIHPS
2025-08-15,17,harga_pihps,26450.0,Rp,CRW02,BD-PIHPS
2025-08-15,17,harga_pihps,33400.0,Rp,DAY01,BD-PIHPS
2025-08-15,17,harga_pihps,135000.0,Rp,DSP01,BD-PIHPS
2025-08-15,17,harga_pihps,134400.0,Rp,DSP02,BD-PIHPS
2025-08-15,17,harga_pihps,17400.0,Rp,GLP01,BD-PIHPS
2025-08-15,17,harga_pihps,18750.0,Rp,GLP02,BD-PIHPS
2025-08-15,17,harga_pihps,17500.0,Rp,MGR01,BD-PIHPS
2025-08-15,17,harga_pihps,21400.0,Rp,MGR02,BD-PIHPS
2025-08-15,17,harga_pihps,20300.0,Rp,MGR03,BD-PIHPS
2025-08-15,17,harga_pihps,28600.0,Rp,TLR01,BD-PIHPS
2025-08-18,17,harga_pihps,14300.0,Rp,BRS01,BD-PIHPS
2025-08-18,17,harga_pihps,15500.0,Rp,BRS02,BD-PIHPS
2025-08-18,17,harga_pihps,15400.0,Rp,BRS03,BD-PIHPS
2025-08-18,17,harga_pihps,16200.0,Rp,BRS04,BD-PIHPS
2025-08-18,17,harga_pihps,15900.0,Rp,BRS05,BD-PIHPS
2025-08-18,17,harga_pihps,16550.0,Rp,BRS06,BD-PIHPS
2025-08-18,17,harga_pihps,57500.0,Rp,BWM01,BD-PIHPS
2025-08-18,17,harga_pihps,38500.0,Rp,BWP01,BD-PIHPS
2025-08-18,17,harga_pihps,33400.0,Rp,CMR01,BD-PIHPS
2025-08-18,17,harga_pihps,38000.0,Rp,CMR02,BD-PIHPS
2025-08-18,17,harga_pihps,38400.0,Rp,CRW01,BD-PIHPS
2025-08-18,17,harga_pihps,26450.0,Rp,CRW02,BD-PIHPS
2025-08-18,17,harga_pihps,33400.0,Rp,DAY01,BD-PIHPS
2025-08-18,17,harga_pihps,135000.0,Rp,DSP01,BD-PIHPS
2025-08-18,17,harga_pihps,134400.0,Rp,DSP02,BD-PIHPS
2025-08-18,17,harga_pihps,17400.0,Rp,GLP01,BD-PIHPS
2025-08-18,17,harga_pihps,18750.0,Rp,GLP02,BD-PIHPS
2025-08-18,17,harga_pihps,17450.0,Rp,MGR01,BD-PIHPS
2025-08-18,17,harga_pihps,21400.0,Rp,MGR02,BD-PIHPS
2025-08-18,17,harga_pihps,20300.0,Rp,MGR03,BD-PIHPS
2025-08-18,17,harga_pihps,28600.0,Rp,TLR01,BD-PIHPS
2025-08-19,17,harga_pihps,14300.0,Rp,BRS01,BD-PIHPS
2025-08-19,17,harga_pihps,15500.0,Rp,BRS02,BD-PIHPS
2025-08-19,17,harga_pihps,15400.0,Rp,BRS03,BD-PIHPS
2025-08-19,17,harga_pihps,16200.0,Rp,BRS04,BD-PIHPS
2025-08-19,17,harga_pihps,15900.0,Rp,BRS05,BD-PIHPS
2025-08-19,17,harga_pihps,16550.0,Rp,BRS06,BD-PIHPS
2025-08-19,17,harga_pihps,54150.0,Rp,BWM01,BD-PIHPS
2025-08-19,17,harga_pihps,38250.0,Rp,BWP01,BD-PIHPS
2025-08-19,17,harga_pihps,36400.0,Rp,CMR01,BD-PIHPS
2025-08-19,17,harga_pihps,40250.0,Rp,CMR02,BD-PIHPS
2025-08-19,17,harga_pihps,39750.0,Rp,CRW01,BD-PIHPS
2025-08-19,17,harga_pihps,27050.0,Rp,CRW02,BD-PIHPS
2025-08-19,17,harga_pihps,33400.0,Rp,DAY01,BD-PIHPS
2025-08-19,17,harga_pihps,135000.0,Rp,DSP01,BD-PIHPS
2025-08-19,17,harga_pihps,134400.0,Rp,DSP02,BD-PIHPS
2025-08-19,17,harga_pihps,17400.0,Rp,GLP01,BD-PIHPS
2025-08-19,17,harga_pihps,18750.0,Rp,GLP02,BD-PIHPS
2025-08-19,17,harga_pihps,17500.0,Rp,MGR01,BD-PIHPS
2025-08-19,17,harga_pihps,21400.0,Rp,MGR02,BD-PIHPS
2025-08-19,17,harga_pihps,20300.0,Rp,MGR03,BD-PIHPS
2025-08-19,17,harga_pihps,28600.0,Rp,TLR01,BD-PIHPS
2025-08-20,17,harga_pihps,14300.0,Rp,BRS01,BD-PIHPS
2025-08-20,17,harga_pihps,15500.0,Rp,BRS02,BD-PIHPS
2025-08-20,17,harga_pihps,15400.0,Rp,BRS03,BD-PIHPS
2025-08-20,17,harga_pihps,16200.0,Rp,BRS04,BD-PIHPS
2025-08-20,17,harga_pihps,15900.0,Rp,BRS05,BD-PIHPS
2025-08-20,17,harga_pihps,16550.0,Rp,BRS06,BD-PIHPS
2025-08-20,17,harga_pihps,53500.0,Rp,BWM01,BD-PIHPS
2025-08-20,17,harga_pihps,37500.0,Rp,BWP01,BD-PIHPS
2025-08-20,17,harga_pihps,38400.0,Rp,CMR01,BD-PIHPS
2025-08-20,17,harga_pihps,41750.0,Rp,CMR02,BD-PIHPS
2025-08-20,17,harga_pihps,40250.0,Rp,CRW01,BD-PIHPS
2025-08-20,17,harga_pihps,27050.0,Rp,CRW02,BD-PIHPS
2025-08-20,17,harga_pihps,33150.0,Rp,DAY01,BD-PIHPS
2025-08-20,17,harga_pihps,135000.0,Rp,DSP01,BD-PIHPS
2025-08-20,17,harga_pihps,134400.0,Rp,DSP02,BD-PIHPS
2025-08-20,17,harga_pihps,17400.0,Rp,GLP01,BD-PIHPS
2025-08-20,17,harga_pihps,18750.0,Rp,GLP02,BD-PIHPS
2025-08-20,17,harga_pihps,17500.0,Rp,MGR01,BD-PIHPS
2025-08-20,17,harga_pihps,21400.0,Rp,MGR02,BD-PIHPS
2025-08-20,17,harga_pihps,20300.0,Rp,MGR03,BD-PIHPS
2025-08-20,17,harga_pihps,28600.0,Rp,TLR01,BD-PIHPS
2025-08-21,17,harga_pihps,14300.0,Rp,BRS01,BD-PIHPS
2025-08-21,17,harga_pihps,15500.0,Rp,BRS02,BD-PIHPS
2025-08-21,17,harga_pihps,15400.0,Rp,BRS03,BD-PIHPS
2025-08-21,17,harga_pihps,16200.0,Rp,BRS04,BD-PIHPS
2025-08-21,17,harga_pihps,15900.0,Rp,BRS05,BD-PIHPS
2025-08-21,17,harga_pihps,16550.0,Rp,BRS06,BD-PIHPS
2025-08-21,17,harga_pihps,51150.0,Rp,BWM01,BD-PIHPS
2025-08-21,17,harga_pihps,37750.0,Rp,BWP01,BD-PIHPS
2025-08-21,17,harga_pihps,36750.0,Rp,CMR01,BD-PIHPS
2025-08-21,17,harga_pihps,39400.0,Rp,CMR02,BD-PIHPS
2025-08-21,17,harga_pihps,39250.0,Rp,CRW01,BD-PIHPS
2025-08-21,17,harga_pihps,25000.0,Rp,CRW02,BD-PIHPS
2025-08-21,17,harga_pihps,33150.0,Rp,DAY01,BD-PIHPS
2025-08-21,17,harga_pihps,135000.0,Rp,DSP01,BD-PIHPS
2025-08-21,17,harga_pihps,134400.0,Rp,DSP02,BD-PIHPS
2025-08-21,17,harga_pihps,17400.0,Rp,GLP01,BD-PIHPS
2025-08-21,17,harga_pihps,18750.0,Rp,GLP02,BD-PIHPS
2025-08-21,17,harga_pihps,17500.0,Rp,MGR01,BD-PIHPS
2025-08-21,17,harga_pihps,21400.0,Rp,MGR02,BD-PIHPS
2025-08-21,17,harga_pihps,20300.0,Rp,MGR03,BD-PIHPS
2025-08-21,17,harga_pihps,28600.0,Rp,TLR01,BD-PIHPS
2025-08-22,17,harga_pihps,14300.0,Rp,BRS01,BD-PIHPS
2025-08-22,17,harga_pihps,15500.0,Rp,BRS02,BD-PIHPS
2025-08-22,17,harga_pihps,15400.0,Rp,BRS03,BD-PIHPS
2025-08-22,17,harga_pihps,16200.0,Rp,BRS04,BD-PIHPS
2025-08-22,17,harga_pihps,15900.0,Rp,BRS05,BD-PIHPS
2025-08-22,17,harga_pihps,16550.0,Rp,BRS06,BD-PIHPS
2025-08-22,17,harga_pihps,49000.0,Rp,BWM01,BD-PIHPS
2025-08-22,17,harga_pihps,37750.0,Rp,BWP01,BD-PIHPS
2025-08-22,17,harga_pihps,33900.0,Rp,CMR01,BD-PIHPS
2025-08-22,17,harga_pihps,37900.0,Rp,CMR02,BD-PIHPS
2025-08-22,17,harga_pihps,37400.0,Rp,CRW01,BD-PIHPS
2025-08-22,17,harga_pihps,23800.0,Rp,CRW02,BD-PIHPS
2025-08-22,17,harga_pihps,33150.0,Rp,DAY01,BD-PIHPS
2025-08-22,17,harga_pihps,135000.0,Rp,DSP01,BD-PIHPS
2025-08-22,17,harga_pihps,134400.0,Rp,DSP02,BD-PIHPS
2025-08-22,17,harga_pihps,17400.0,Rp,GLP01,BD-PIHPS
2025-08-22,17,harga_pihps,18750.0,Rp,GLP02,BD-PIHPS
2025-08-22,17,harga_pihps,17500.0,Rp,MGR01,BD-PIHPS
2025-08-22,17,harga_pihps,21400.0,Rp,MGR02,BD-PIHPS
2025-08-22,17,harga_pihps,20300.0,Rp,MGR03,BD-PIHPS
2025-08-22,17,harga_pihps,28600.0,Rp,TLR01,BD-PIHPS
2025-08-25,17,harga_pihps,14300.0,Rp,BRS01,BD-PIHPS
2025-08-25,17,harga_pihps,15500.0,Rp,BRS02,BD-PIHPS
2025-08-25,17,harga_pihps,15400.0,Rp,BRS03,BD-PIHPS
2025-08-25,17,harga_pihps,16200.0,Rp,BRS04,BD-PIHPS
2025-08-25,17,harga_pihps,15900.0,Rp,BRS05,BD-PIHPS
2025-08-25,17,harga_pihps,16550.0,Rp,BRS06,BD-PIHPS
2025-08-25,17,harga_pihps,45250.0,Rp,BWM01,BD-PIHPS
2025-08-25,17,harga_pihps,37400.0,Rp,BWP01,BD-PIHPS
2025-08-25,17,harga_pihps,33400.0,Rp,CMR01,BD-PIHPS
2025-08-25,17,harga_pihps,37900.0,Rp,CMR02,BD-PIHPS
2025-08-25,17,harga_pihps,39250.0,Rp,CRW01,BD-PIHPS
2025-08-25,17,harga_pihps,25300.0,Rp,CRW02,BD-PIHPS
2025-08-25,17,harga_pihps,33900.0,Rp,DAY01,BD-PIHPS
2025-08-25,17,harga_pihps,135000.0,Rp,DSP01,BD-PIHPS
2025-08-25,17,harga_pihps,134400.0,Rp,DSP02,BD-PIHPS
2025-08-25,17,harga_pihps,17400.0,Rp,GLP01,BD-PIHPS
2025-08-25,17,harga_pihps,18750.0,Rp,GLP02,BD-PIHPS
2025-08-25,17,harga_pihps,17500.0,Rp,MGR01,BD-PIHPS
2025-08-25,17,harga_pihps,21400.0,Rp,MGR02,BD-PIHPS
2025-08-25,17,harga_pihps,20300.0,Rp,MGR03,BD-PIHPS
2025-08-25,17,harga_pihps,28600.0,Rp,TLR01,BD-PIHPS
2025-08-26,17,harga_pihps,14300.0,Rp,BRS01,BD-PIHPS
2025-08-26,17,harga_pihps,15500.0,Rp,BRS02,BD-PIHPS
2025-08-26,17,harga_pihps,15400.0,Rp,BRS03,BD-PIHPS
2025-08-26,17,harga_pihps,16200.0,Rp,BRS04,BD-PIHPS
2025-08-26,17,harga_pihps,15900.0,Rp,BRS05,BD-PIHPS
2025-08-26,17,harga_pihps,16550.0,Rp,BRS06,BD-PIHPS
2025-08-26,17,harga_pihps,43750.0,Rp,BWM01,BD-PIHPS
2025-08-26,17,harga_pihps,37150.0,Rp,BWP01,BD-PIHPS
2025-08-26,17,harga_pihps,32650.0,Rp,CMR01,BD-PIHPS
2025-08-26,17,harga_pihps,38250.0,Rp,CMR02,BD-PIHPS
2025-08-26,17,harga_pihps,40650.0,Rp,CRW01,BD-PIHPS
2025-08-26,17,harga_pihps,26950.0,Rp,CRW02,BD-PIHPS
2025-08-26,17,harga_pihps,33900.0,Rp,DAY01,BD-PIHPS
2025-08-26,17,harga_pihps,135000.0,Rp,DSP01,BD-PIHPS
2025-08-26,17,harga_pihps,134400.0,Rp,DSP02,BD-PIHPS
2025-08-26,17,harga_pihps,17400.0,Rp,GLP01,BD-PIHPS
2025-08-26,17,harga_pihps,18750.0,Rp,GLP02,BD-PIHPS
2025-08-26,17,harga_pihps,17500.0,Rp,MGR01,BD-PIHPS
2025-08-26,17,harga_pihps,21400.0,Rp,MGR02,BD-PIHPS
2025-08-26,17,harga_pihps,20300.0,Rp,MGR03,BD-PIHPS
2025-08-26,17,harga_pihps,28600.0,Rp,TLR01,BD-PIHPS
2025-08-27,17,harga_pihps,14300.0,Rp,BRS01,BD-PIHPS
2025-08-27,17,harga_pihps,15500.0,Rp,BRS02,BD-PIHPS
2025-08-27,17,harga_pihps,15400.0,Rp,BRS03,BD-PIHPS
2025-08-27,17,harga_pihps,16200.0,Rp,BRS04,BD-PIHPS
2025-08-27,17,harga_pihps,15900.0,Rp,BRS05,BD-PIHPS
2025-08-27,17,harga_pihps,16550.0,Rp,BRS06,BD-PIHPS
2025-08-27,17,harga_pihps,45250.0,Rp,BWM01,BD-PIHPS
2025-08-27,17,harga_pihps,38400.0,Rp,BWP01,BD-PIHPS
2025-08-27,17,harga_pihps,34000.0,Rp,CMR01,BD-PIHPS
2025-08-27,17,harga_pihps,40150.0,Rp,CMR02,BD-PIHPS
2025-08-27,17,harga_pihps,41250.0,Rp,CRW01,BD-PIHPS
2025-08-27,17,harga_pihps,27600.0,Rp,CRW02,BD-PIHPS
2025-08-27,17,harga_pihps,33900.0,Rp,DAY01,BD-PIHPS
2025-08-27,17,harga_pihps,135000.0,Rp,DSP01,BD-PIHPS
2025-08-27,17,harga_pihps,134400.0,Rp,DSP02,BD-PIHPS
2025-08-27,17,harga_pihps,17400.0,Rp,GLP01,BD-PIHPS
2025-08-27,17,harga_pihps,18750.0,Rp,GLP02,BD-PIHPS
2025-08-27,17,harga_pihps,17500.0,Rp,MGR01,BD-PIHPS
2025-08-27,17,harga_pihps,21400.0,Rp,MGR02,BD-PIHPS
2025-08-27,17,harga_pihps,20300.0,Rp,MGR03,BD-PIHPS
2025-08-27,17,harga_pihps,28900.0,Rp,TLR01,BD-PIHPS
2025-08-28,17,harga_pihps,14300.0,Rp,BRS01,BD-PIHPS
2025-08-28,17,harga_pihps,15500.0,Rp,BRS02,BD-PIHPS
2025-08-28,17,harga_pihps,15400.0,Rp,BRS03,BD-PIHPS
2025-08-28,17,harga_pihps,16200.0,Rp,BRS04,BD-PIHPS
2025-08-28,17,harga_pihps,15900.0,Rp,BRS05,BD-PIHPS
2025-08-28,17,harga_pihps,16550.0,Rp,BRS06,BD-PIHPS
2025-08-28,17,harga_pihps,46000.0,Rp,BWM01,BD-PIHPS
2025-08-28,17,harga_pihps,38650.0,Rp,BWP01,BD-PIHPS
2025-08-28,17,harga_pihps,35250.0,Rp,CMR01,BD-PIHPS
2025-08-28,17,harga_pihps,40400.0,Rp,CMR02,BD-PIHPS
2025-08-28,17,harga_pihps,41900.0,Rp,CRW01,BD-PIHPS
2025-08-28,17,harga_pihps,28750.0,Rp,CRW02,BD-PIHPS
2025-08-28,17,harga_pihps,33900.0,Rp,DAY01,BD-PIHPS
2025-08-28,17,harga_pihps,135000.0,Rp,DSP01,BD-PIHPS
2025-08-28,17,harga_pihps,134400.0,Rp,DSP02,BD-PIHPS
2025-08-28,17,harga_pihps,17400.0,Rp,GLP01,BD-PIHPS
2025-08-28,17,harga_pihps,18750.0,Rp,GLP02,BD-PIHPS
2025-08-28,17,harga_pihps,17500.0,Rp,MGR01,BD-PIHPS
2025-08-28,17,harga_pihps,21400.0,Rp,MGR02,BD-PIHPS
2025-08-28,17,harga_pihps,20300.0,Rp,MGR03,BD-PIHPS
2025-08-28,17,harga_pihps,28900.0,Rp,TLR01,BD-PIHPS
2025-08-29,17,harga_pihps,14300.0,Rp,BRS01,BD-PIHPS
2025-08-29,17,harga_pihps,15500.0,Rp,BRS02,BD-PIHPS
2025-08-29,17,harga_pihps,15400.0,Rp,BRS03,BD-PIHPS
2025-08-29,17,harga_pihps,16200.0,Rp,BRS04,BD-PIHPS
2025-08-29,17,harga_pihps,15900.0,Rp,BRS05,BD-PIHPS
2025-08-29,17,harga_pihps,16550.0,Rp,BRS06,BD-PIHPS
2025-08-29,17,harga_pihps,45750.0,Rp,BWM01,BD-PIHPS
2025-08-29,17,harga_pihps,38750.0,Rp,BWP01,BD-PIHPS
2025-08-29,17,harga_pihps,34500.0,Rp,CMR01,BD-PIHPS
2025-08-29,17,harga_pihps,38000.0,Rp,CMR02,BD-PIHPS
2025-08-29,17,harga_pihps,42250.0,Rp,CRW01,BD-PIHPS
2025-08-29,17,harga_pihps,28050.0,Rp,CRW02,BD-PIHPS
2025-08-29,17,harga_pihps,34250.0,Rp,DAY01,BD-PIHPS
2025-08-29,17,harga_pihps,135000.0,Rp,DSP01,BD-PIHPS
2025-08-29,17,harga_pihps,134400.0,Rp,DSP02,BD-PIHPS
2025-08-29,17,harga_pihps,17400.0,Rp,GLP01,BD-PIHPS
2025-08-29,17,harga_pihps,18900.0,Rp,GLP02,BD-PIHPS
2025-08-29,17,harga_pihps,15550.0,Rp,MGR01,BD-PIHPS
2025-08-29,17,harga_pihps,21400.0,Rp,MGR02,BD-PIHPS
2025-08-29,17,harga_pihps,20300.0,Rp,MGR03,BD-PIHPS
2025-08-29,17,harga_pihps,28900.0,Rp,TLR01,BD-PIHPS
2025-09-01,17,harga_pihps,14300.0,Rp,BRS01,BD-PIHPS
2025-09-01,17,harga_pihps,15500.0,Rp,BRS02,BD-PIHPS
2025-09-01,17,harga_pihps,15400.0,Rp,BRS03,BD-PIHPS
2025-09-01,17,harga_pihps,16200.0,Rp,BRS04,BD-PIHPS
2025-09-01,17,harga_pihps,15900.0,Rp,BRS05,BD-PIHPS
2025-09-01,17,harga_pihps,16550.0,Rp,BRS06,BD-PIHPS
2025-09-01,17,harga_pihps,44400.0,Rp,BWM01,BD-PIHPS
2025-09-01,17,harga_pihps,38400.0,Rp,BWP01,BD-PIHPS
2025-09-01,17,harga_pihps,41000.0,Rp,CMR01,BD-PIHPS
2025-09-01,17,harga_pihps,46650.0,Rp,CMR02,BD-PIHPS
2025-09-01,17,harga_pihps,43500.0,Rp,CRW01,BD-PIHPS
2025-09-01,17,harga_pihps,27100.0,Rp,CRW02,BD-PIHPS
2025-09-01,17,harga_pihps,34750.0,Rp,DAY01,BD-PIHPS
2025-09-01,17,harga_pihps,135000.0,Rp,DSP01,BD-PIHPS
2025-09-01,17,harga_pihps,134400.0,Rp,DSP02,BD-PIHPS
2025-09-01,17,harga_pihps,17400.0,Rp,GLP01,BD-PIHPS
2025-09-01,17,harga_pihps,18900.0,Rp,GLP02,BD-PIHPS
2025-09-01,17,harga_pihps,17450.0,Rp,MGR01,BD-PIHPS
2025-09-01,17,harga_pihps,21400.0,Rp,MGR02,BD-PIHPS
2025-09-01,17,harga_pihps,20300.0,Rp,MGR03,BD-PIHPS
2025-09-01,17,harga_pihps,28900.0,Rp,TLR01,BD-PIHPS
2025-09-02,17,harga_pihps,14300.0,Rp,BRS01,BD-PIHPS
2025-09-02,17,harga_pihps,15500.0,Rp,BRS02,BD-PIHPS
2025-09-02,17,harga_pihps,15400.0,Rp,BRS03,BD-PIHPS
2025-09-02,17,harga_pihps,16200.0,Rp,BRS04,BD-PIHPS
2025-09-02,17,harga_pihps,15900.0,Rp,BRS05,BD-PIHPS
2025-09-02,17,harga_pihps,16550.0,Rp,BRS06,BD-PIHPS
2025-09-02,17,harga_pihps,43250.0,Rp,BWM01,BD-PIHPS
2025-09-02,17,harga_pihps,38500.0,Rp,BWP01,BD-PIHPS
2025-09-02,17,harga_pihps,46400.0,Rp,CMR01,BD-PIHPS
2025-09-02,17,harga_pihps,50900.0,Rp,CMR02,BD-PIHPS
2025-09-02,17,harga_pihps,44500.0,Rp,CRW01,BD-PIHPS
2025-09-02,17,harga_pihps,26700.0,Rp,CRW02,BD-PIHPS
2025-09-02,17,harga_pihps,34750.0,Rp,DAY01,BD-PIHPS
2025-09-02,17,harga_pihps,135000.0,Rp,DSP01,BD-PIHPS
2025-09-02,17,harga_pihps,134400.0,Rp,DSP02,BD-PIHPS
2025-09-02,17,harga_pihps,17400.0,Rp,GLP01,BD-PIHPS
2025-09-02,17,harga_pihps,18900.0,Rp,GLP02,BD-PIHPS
2025-09-02,17,harga_pihps,17450.0,Rp,MGR01,BD-PIHPS
2025-09-02,17,harga_pihps,21400.0,Rp,MGR02,BD-PIHPS
2025-09-02,17,harga_pihps,20300.0,Rp,MGR03,BD-PIHPS
2025-09-02,17,harga_pihps,29100.0,Rp,TLR01,BD-PIHPS
2025-09-03,17,harga_pihps,14300.0,Rp,BRS01,BD-PIHPS
2025-09-03,17,harga_pihps,15500.0,Rp,BRS02,BD-PIHPS
2025-09-03,17,harga_pihps,15400.0,Rp,BRS03,BD-PIHPS
2025-09-03,17,harga_pihps,16200.0,Rp,BRS04,BD-PIHPS
2025-09-03,17,harga_pihps,15900.0,Rp,BRS05,BD-PIHPS
2025-09-03,17,harga_pihps,16550.0,Rp,BRS06,BD-PIHPS
2025-09-03,17,harga_pihps,44750.0,Rp,BWM01,BD-PIHPS
2025-09-03,17,harga_pihps,39400.0,Rp,BWP01,BD-PIHPS
2025-09-03,17,harga_pihps,49150.0,Rp,CMR01,BD-PIHPS
2025-09-03,17,harga_pihps,53150.0,Rp,CMR02,BD-PIHPS
2025-09-03,17,harga_pihps,44750.0,Rp,CRW01,BD-PIHPS
2025-09-03,17,harga_pihps,28200.0,Rp,CRW02,BD-PIHPS
2025-09-03,17,harga_pihps,34750.0,Rp,DAY01,BD-PIHPS
2025-09-03,17,harga_pihps,135000.0,Rp,DSP01,BD-PIHPS
2025-09-03,17,harga_pihps,134400.0,Rp,DSP02,BD-PIHPS
2025-09-03,17,harga_pihps,17400.0,Rp,GLP01,BD-PIHPS
2025-09-03,17,harga_pihps,18900.0,Rp,GLP02,BD-PIHPS
2025-09-03,17,harga_pihps,17450.0,Rp,MGR01,BD-PIHPS
2025-09-03,17,harga_pihps,21400.0,Rp,MGR02,BD-PIHPS
2025-09-03,17,harga_pihps,20300.0,Rp,MGR03,BD-PIHPS
2025-09-03,17,harga_pihps,29100.0,Rp,TLR01,BD-PIHPS
2025-09-04,17,harga_pihps,14300.0,Rp,BRS01,BD-PIHPS
2025-09-04,17,harga_pihps,15500.0,Rp,BRS02,BD-PIHPS
2025-09-04,17,harga_pihps,15400.0,Rp,BRS03,BD-PIHPS
2025-09-04,17,harga_pihps,16100.0,Rp,BRS04,BD-PIHPS
2025-09-04,17,harga_pihps,15900.0,Rp,BRS05,BD-PIHPS
2025-09-04,17,harga_pihps,16350.0,Rp,BRS06,BD-PIHPS
2025-09-04,17,harga_pihps,44500.0,Rp,BWM01,BD-PIHPS
2025-09-04,17,harga_pihps,40650.0,Rp,BWP01,BD-PIHPS
2025-09-04,17,harga_pihps,47500.0,Rp,CMR01,BD-PIHPS
2025-09-04,17,harga_pihps,51150.0,Rp,CMR02,BD-PIHPS
2025-09-04,17,harga_pihps,44750.0,Rp,CRW01,BD-PIHPS
2025-09-04,17,harga_pihps,27850.0,Rp,CRW02,BD-PIHPS
2025-09-04,17,harga_pihps,35000.0,Rp,DAY01,BD-PIHPS
2025-09-04,17,harga_pihps,135000.0,Rp,DSP01,BD-PIHPS
2025-09-04,17,harga_pihps,134400.0,Rp,DSP02,BD-PIHPS
2025-09-04,17,harga_pihps,17300.0,Rp,GLP01,BD-PIHPS
2025-09-04,17,harga_pihps,18900.0,Rp,GLP02,BD-PIHPS
2025-09-04,17,harga_pihps,17450.0,Rp,MGR01,BD-PIHPS
2025-09-04,17,harga_pihps,21150.0,Rp,MGR02,BD-PIHPS
2025-09-04,17,harga_pihps,20300.0,Rp,MGR03,BD-PIHPS
2025-09-04,17,harga_pihps,29100.0,Rp,TLR01,BD-PIHPS
2025-09-05,17,harga_pihps,14300.0,Rp,BRS01,BD-PIHPS
2025-09-05,17,harga_pihps,15500.0,Rp,BRS02,BD-PIHPS
2025-09-05,17,harga_pihps,15400.0,Rp,BRS03,BD-PIHPS
2025-09-05,17,harga_pihps,16100.0,Rp,BRS04,BD-PIHPS
2025-09-05,17,harga_pihps,15900.0,Rp,BRS05,BD-PIHPS
2025-09-05,17,harga_pihps,16350.0,Rp,BRS06,BD-PIHPS
2025-09-05,17,harga_pihps,44500.0,Rp,BWM01,BD-PIHPS
2025-09-05,17,harga_pihps,40650.0,Rp,BWP01,BD-PIHPS
2025-09-05,17,harga_pihps,47500.0,Rp,CMR01,BD-PIHPS
2025-09-05,17,harga_pihps,51150.0,Rp,CMR02,BD-PIHPS
2025-09-05,17,harga_pihps,44750.0,Rp,CRW01,BD-PIHPS
2025-09-05,17,harga_pihps,27850.0,Rp,CRW02,BD-PIHPS
2025-09-05,17,harga_pihps,35000.0,Rp,DAY01,BD-PIHPS
2025-09-05,17,harga_pihps,135000.0,Rp,DSP01,BD-PIHPS
2025-09-05,17,harga_pihps,134400.0,Rp,DSP02,BD-PIHPS
2025-09-05,17,harga_pihps,17300.0,Rp,GLP01,BD-PIHPS
2025-09-05,17,harga_pihps,18900.0,Rp,GLP02,BD-PIHPS
2025-09-05,17,harga_pihps,17450.0,Rp,MGR01,BD-PIHPS
2025-09-05,17,harga_pihps,21150.0,Rp,MGR02,BD-PIHPS
2025-09-05,17,harga_pihps,20300.0,Rp,MGR03,BD-PIHPS
2025-09-05,17,harga_pihps,29100.0,Rp,TLR01,BD-PIHPS
2025-09-08,17,harga_pihps,14300.0,Rp,BRS01,BD-PIHPS
2025-09-08,17,harga_pihps,15500.0,Rp,BRS02,BD-PIHPS
2025-09-08,17,harga_pihps,15400.0,Rp,BRS03,BD-PIHPS
2025-09-08,17,harga_pihps,16100.0,Rp,BRS04,BD-PIHPS
2025-09-08,17,harga_pihps,15900.0,Rp,BRS05,BD-PIHPS
2025-09-08,17,harga_pihps,16350.0,Rp,BRS06,BD-PIHPS
2025-09-08,17,harga_pihps,43250.0,Rp,BWM01,BD-PIHPS
2025-09-08,17,harga_pihps,39750.0,Rp,BWP01,BD-PIHPS
2025-09-08,17,harga_pihps,56900.0,Rp,CMR01,BD-PIHPS
2025-09-08,17,harga_pihps,62150.0,Rp,CMR02,BD-PIHPS
2025-09-08,17,harga_pihps,44000.0,Rp,CRW01,BD-PIHPS
2025-09-08,17,harga_pihps,27500.0,Rp,CRW02,BD-PIHPS
2025-09-08,17,harga_pihps,37150.0,Rp,DAY01,BD-PIHPS
2025-09-08,17,harga_pihps,135000.0,Rp,DSP01,BD-PIHPS
2025-09-08,17,harga_pihps,134400.0,Rp,DSP02,BD-PIHPS
2025-09-08,17,harga_pihps,17300.0,Rp,GLP01,BD-PIHPS
2025-09-08,17,harga_pihps,18900.0,Rp,GLP02,BD-PIHPS
2025-09-08,17,harga_pihps,17450.0,Rp,MGR01,BD-PIHPS
2025-09-08,17,harga_pihps,21150.0,Rp,MGR02,BD-PIHPS
2025-09-08,17,harga_pihps,20300.0,Rp,MGR03,BD-PIHPS
2025-09-08,17,harga_pihps,29100.0,Rp,TLR01,BD-PIHPS
2025-09-09,17,harga_pihps,14300.0,Rp,BRS01,BD-PIHPS
2025-09-09,17,harga_pihps,15500.0,Rp,BRS02,BD-PIHPS
2025-09-09,17,harga_pihps,15400.0,Rp,BRS03,BD-PIHPS
2025-09-09,17,harga_pihps,16000.0,Rp,BRS04,BD-PIHPS
2025-09-09,17,harga_pihps,15900.0,Rp,BRS05,BD-PIHPS
2025-09-09,17,harga_pihps,16200.0,Rp,BRS06,BD-PIHPS
2025-09-09,17,harga_pihps,42650.0,Rp,BWM01,BD-PIHPS
2025-09-09,17,harga_pihps,38900.0,Rp,BWP01,BD-PIHPS
2025-09-09,17,harga_pihps,61150.0,Rp,CMR01,BD-PIHPS
2025-09-09,17,harga_pihps,66000.0,Rp,CMR02,BD-PIHPS
2025-09-09,17,harga_pihps,43250.0,Rp,CRW01,BD-PIHPS
2025-09-09,17,harga_pihps,26250.0,Rp,CRW02,BD-PIHPS
2025-09-09,17,harga_pihps,37150.0,Rp,DAY01,BD-PIHPS
2025-09-09,17,harga_pihps,135000.0,Rp,DSP01,BD-PIHPS
2025-09-09,17,harga_pihps,134400.0,Rp,DSP02,BD-PIHPS
2025-09-09,17,harga_pihps,17300.0,Rp,GLP01,BD-PIHPS
2025-09-09,17,harga_pihps,18900.0,Rp,GLP02,BD-PIHPS
2025-09-09,17,harga_pihps,17450.0,Rp,MGR01,BD-PIHPS
2025-09-09,17,harga_pihps,21150.0,Rp,MGR02,BD-PIHPS
2025-09-09,17,harga_pihps,20300.0,Rp,MGR03,BD-PIHPS
2025-09-09,17,harga_pihps,29100.0,Rp,TLR01,BD-PIHPS
2025-09-10,17,harga_pihps,14300.0,Rp,BRS01,BD-PIHPS
2025-09-10,17,harga_pihps,15500.0,Rp,BRS02,BD-PIHPS
2025-09-10,17,harga_pihps,15400.0,Rp,BRS03,BD-PIHPS
2025-09-10,17,harga_pihps,16000.0,Rp,BRS04,BD-PIHPS
2025-09-10,17,harga_pihps,15900.0,Rp,BRS05,BD-PIHPS
2025-09-10,17,harga_pihps,16200.0,Rp,BRS06,BD-PIHPS
2025-09-10,17,harga_pihps,42650.0,Rp,BWM01,BD-PIHPS
2025-09-10,17,harga_pihps,38900.0,Rp,BWP01,BD-PIHPS
2025-09-10,17,harga_pihps,61500.0,Rp,CMR01,BD-PIHPS
2025-09-10,17,harga_pihps,66400.0,Rp,CMR02,BD-PIHPS
2025-09-10,17,harga_pihps,42650.0,Rp,CRW01,BD-PIHPS
2025-09-10,17,harga_pihps,27650.0,Rp,CRW02,BD-PIHPS
2025-09-10,17,harga_pihps,40000.0,Rp,DAY01,BD-PIHPS
2025-09-10,17,harga_pihps,135000.0,Rp,DSP01,BD-PIHPS
2025-09-10,17,harga_pihps,134400.0,Rp,DSP02,BD-PIHPS
2025-09-10,17,harga_pihps,17250.0,Rp,GLP01,BD-PIHPS
2025-09-10,17,harga_pihps,18900.0,Rp,GLP02,BD-PIHPS
2025-09-10,17,harga_pihps,17450.0,Rp,MGR01,BD-PIHPS
2025-09-10,17,harga_pihps,21150.0,Rp,MGR02,BD-PIHPS
2025-09-10,17,harga_pihps,20300.0,Rp,MGR03,BD-PIHPS
2025-09-10,17,harga_pihps,29100.0,Rp,TLR01,BD-PIHPS
2025-09-11,17,harga_pihps,14250.0,Rp,BRS01,BD-PIHPS
2025-09-11,17,harga_pihps,15500.0,Rp,BRS02,BD-PIHPS
2025-09-11,17,harga_pihps,15400.0,Rp,BRS03,BD-PIHPS
2025-09-11,17,harga_pihps,15900.0,Rp,BRS04,BD-PIHPS
2025-09-11,17,harga_pihps,15900.0,Rp,BRS05,BD-PIHPS
2025-09-11,17,harga_pihps,16150.0,Rp,BRS06,BD-PIHPS
2025-09-11,17,harga_pihps,42650.0,Rp,BWM01,BD-PIHPS
2025-09-11,17,harga_pihps,38900.0,Rp,BWP01,BD-PIHPS
2025-09-11,17,harga_pihps,62000.0,Rp,CMR01,BD-PIHPS
2025-09-11,17,harga_pihps,67150.0,Rp,CMR02,BD-PIHPS
2025-09-11,17,harga_pihps,43500.0,Rp,CRW01,BD-PIHPS
2025-09-11,17,harga_pihps,29400.0,Rp,CRW02,BD-PIHPS
2025-09-11,17,harga_pihps,40000.0,Rp,DAY01,BD-PIHPS
2025-09-11,17,harga_pihps,135000.0,Rp,DSP01,BD-PIHPS
2025-09-11,17,harga_pihps,134400.0,Rp,DSP02,BD-PIHPS
2025-09-11,17,harga_pihps,17250.0,Rp,GLP01,BD-PIHPS
2025-09-11,17,harga_pihps,18900.0,Rp,GLP02,BD-PIHPS
2025-09-11,17,harga_pihps,17450.0,Rp,MGR01,BD-PIHPS
2025-09-11,17,harga_pihps,21150.0,Rp,MGR02,BD-PIHPS
2025-09-11,17,harga_pihps,20300.0,Rp,MGR03,BD-PIHPS
2025-09-11,17,harga_pihps,29100.0,Rp,TLR01,BD-PIHPS
2025-09-12,17,harga_pihps,14250.0,Rp,BRS01,BD-PIHPS
2025-09-12,17,harga_pihps,15500.0,Rp,BRS02,BD-PIHPS
2025-09-12,17,harga_pihps,15400.0,Rp,BRS03,BD-PIHPS
2025-09-12,17,harga_pihps,15900.0,Rp,BRS04,BD-PIHPS
2025-09-12,17,harga_pihps,15900.0,Rp,BRS05,BD-PIHPS
2025-09-12,17,harga_pihps,16150.0,Rp,BRS06,BD-PIHPS
2025-09-12,17,harga_pihps,43150.0,Rp,BWM01,BD-PIHPS
2025-09-12,17,harga_pihps,40750.0,Rp,BWP01,BD-PIHPS
2025-09-12,17,harga_pihps,57650.0,Rp,CMR01,BD-PIHPS
2025-09-12,17,harga_pihps,63150.0,Rp,CMR02,BD-PIHPS
2025-09-12,17,harga_pihps,44250.0,Rp,CRW01,BD-PIHPS
2025-09-12,17,harga_pihps,28700.0,Rp,CRW02,BD-PIHPS
2025-09-12,17,harga_pihps,40000.0,Rp,DAY01,BD-PIHPS
2025-09-12,17,harga_pihps,135000.0,Rp,DSP01,BD-PIHPS
2025-09-12,17,harga_pihps,134400.0,Rp,DSP02,BD-PIHPS
2025-09-12,17,harga_pihps,17250.0,Rp,GLP01,BD-PIHPS
2025-09-12,17,harga_pihps,18900.0,Rp,GLP02,BD-PIHPS
2025-09-12,17,harga_pihps,17450.0,Rp,MGR01,BD-PIHPS
2025-09-12,17,harga_pihps,21150.0,Rp,MGR02,BD-PIHPS
2025-09-12,17,harga_pihps,20300.0,Rp,MGR03,BD-PIHPS
2025-09-12,17,harga_pihps,29100.0,Rp,TLR01,BD-PIHPS
2025-09-15,17,harga_pihps,14250.0,Rp,BRS01,BD-PIHPS
2025-09-15,17,harga_pihps,15500.0,Rp,BRS02,BD-PIHPS
2025-09-15,17,harga_pihps,15400.0,Rp,BRS03,BD-PIHPS
2025-09-15,17,harga_pihps,15900.0,Rp,BRS04,BD-PIHPS
2025-09-15,17,harga_pihps,15900.0,Rp,BRS05,BD-PIHPS
2025-09-15,17,harga_pihps,16150.0,Rp,BRS06,BD-PIHPS
2025-09-15,17,harga_pihps,43750.0,Rp,BWM01,BD-PIHPS
2025-09-15,17,harga_pihps,40750.0,Rp,BWP01,BD-PIHPS
2025-09-15,17,harga_pihps,59500.0,Rp,CMR01,BD-PIHPS
2025-09-15,17,harga_pihps,64000.0,Rp,CMR02,BD-PIHPS
2025-09-15,17,harga_pihps,44250.0,Rp,CRW01,BD-PIHPS
2025-09-15,17,harga_pihps,28950.0,Rp,CRW02,BD-PIHPS
2025-09-15,17,harga_pihps,38400.0,Rp,DAY01,BD-PIHPS
2025-09-15,17,harga_pihps,135000.0,Rp,DSP01,BD-PIHPS
2025-09-15,17,harga_pihps,134400.0,Rp,DSP02,BD-PIHPS
2025-09-15,17,harga_pihps,17250.0,Rp,GLP01,BD-PIHPS
2025-09-15,17,harga_pihps,18900.0,Rp,GLP02,BD-PIHPS
2025-09-15,17,harga_pihps,17450.0,Rp,MGR01,BD-PIHPS
2025-09-15,17,harga_pihps,21150.0,Rp,MGR02,BD-PIHPS
2025-09-15,17,harga_pihps,20300.0,Rp,MGR03,BD-PIHPS
2025-09-15,17,harga_pihps,29100.0,Rp,TLR01,BD-PIHPS
2025-09-16,17,harga_pihps,14250.0,Rp,BRS01,BD-PIHPS
2025-09-16,17,harga_pihps,15500.0,Rp,BRS02,BD-PIHPS
2025-09-16,17,harga_pihps,15400.0,Rp,BRS03,BD-PIHPS
2025-09-16,17,harga_pihps,15900.0,Rp,BRS04,BD-PIHPS
2025-09-16,17,harga_pihps,15900.0,Rp,BRS05,BD-PIHPS
2025-09-16,17,harga_pihps,16150.0,Rp,BRS06,BD-PIHPS
2025-09-16,17,harga_pihps,41500.0,Rp,BWM01,BD-PIHPS
2025-09-16,17,harga_pihps,40400.0,Rp,BWP01,BD-PIHPS
2025-09-16,17,harga_pihps,62250.0,Rp,CMR01,BD-PIHPS
2025-09-16,17,harga_pihps,66500.0,Rp,CMR02,BD-PIHPS
2025-09-16,17,harga_pihps,42250.0,Rp,CRW01,BD-PIHPS
2025-09-16,17,harga_pihps,29150.0,Rp,CRW02,BD-PIHPS
2025-09-16,17,harga_pihps,38400.0,Rp,DAY01,BD-PIHPS
2025-09-16,17,harga_pihps,135000.0,Rp,DSP01,BD-PIHPS
2025-09-16,17,harga_pihps,134400.0,Rp,DSP02,BD-PIHPS
2025-09-16,17,harga_pihps,17250.0,Rp,GLP01,BD-PIHPS
2025-09-16,17,harga_pihps,18900.0,Rp,GLP02,BD-PIHPS
2025-09-16,17,harga_pihps,17450.0,Rp,MGR01,BD-PIHPS
2025-09-16,17,harga_pihps,21150.0,Rp,MGR02,BD-PIHPS
2025-09-16,17,harga_pihps,20300.0,Rp,MGR03,BD-PIHPS
2025-09-16,17,harga_pihps,29000.0,Rp,TLR01,BD-PIHPS
2025-09-17,17,harga_pihps,14250.0,Rp,BRS01,BD-PIHPS
2025-09-17,17,harga_pihps,15500.0,Rp,BRS02,BD-PIHPS
2025-09-17,17,harga_pihps,15400.0,Rp,BRS03,BD-PIHPS
2025-09-17,17,harga_pihps,15900.0,Rp,BRS04,BD-PIHPS
2025-09-17,17,harga_pihps,15900.0,Rp,BRS05,BD-PIHPS
2025-09-17,17,harga_pihps,16150.0,Rp,BRS06,BD-PIHPS
2025-09-17,17,harga_pihps,39500.0,Rp,BWM01,BD-PIHPS
2025-09-17,17,harga_pihps,40400.0,Rp,BWP01,BD-PIHPS
2025-09-17,17,harga_pihps,63900.0,Rp,CMR01,BD-PIHPS
2025-09-17,17,harga_pihps,68400.0,Rp,CMR02,BD-PIHPS
2025-09-17,17,harga_pihps,41000.0,Rp,CRW01,BD-PIHPS
2025-09-17,17,harga_pihps,29000.0,Rp,CRW02,BD-PIHPS
2025-09-17,17,harga_pihps,39750.0,Rp,DAY01,BD-PIHPS
2025-09-17,17,harga_pihps,135000.0,Rp,DSP01,BD-PIHPS
2025-09-17,17,harga_pihps,134400.0,Rp,DSP02,BD-PIHPS
2025-09-17,17,harga_pihps,17250.0,Rp,GLP01,BD-PIHPS
2025-09-17,17,harga_pihps,18900.0,Rp,GLP02,BD-PIHPS
2025-09-17,17,harga_pihps,17450.0,Rp,MGR01,BD-PIHPS
2025-09-17,17,harga_pihps,21150.0,Rp,MGR02,BD-PIHPS
2025-09-17,17,harga_pihps,20300.0,Rp,MGR03,BD-PIHPS
2025-09-17,17,harga_pihps,29450.0,Rp,TLR01,BD-PIHPS
2025-09-18,17,harga_pihps,14250.0,Rp,BRS01,BD-PIHPS
2025-09-18,17,harga_pihps,15500.0,Rp,BRS02,BD-PIHPS
2025-09-18,17,harga_pihps,15400.0,Rp,BRS03,BD-PIHPS
2025-09-18,17,harga_pihps,15900.0,Rp,BRS04,BD-PIHPS
2025-09-18,17,harga_pihps,15900.0,Rp,BRS05,BD-PIHPS
2025-09-18,17,harga_pihps,16150.0,Rp,BRS06,BD-PIHPS
2025-09-18,17,harga_pihps,38250.0,Rp,BWM01,BD-PIHPS
2025-09-18,17,harga_pihps,39650.0,Rp,BWP01,BD-PIHPS
2025-09-18,17,harga_pihps,64500.0,Rp,CMR01,BD-PIHPS
2025-09-18,17,harga_pihps,70400.0,Rp,CMR02,BD-PIHPS
2025-09-18,17,harga_pihps,42250.0,Rp,CRW01,BD-PIHPS
2025-09-18,17,harga_pihps,30650.0,Rp,CRW02,BD-PIHPS
2025-09-18,17,harga_pihps,40650.0,Rp,DAY01,BD-PIHPS
2025-09-18,17,harga_pihps,135000.0,Rp,DSP01,BD-PIHPS
2025-09-18,17,harga_pihps,134400.0,Rp,DSP02,BD-PIHPS
2025-09-18,17,harga_pihps,17250.0,Rp,GLP01,BD-PIHPS
2025-09-18,17,harga_pihps,18900.0,Rp,GLP02,BD-PIHPS
2025-09-18,17,harga_pihps,17450.0,Rp,MGR01,BD-PIHPS
2025-09-18,17,harga_pihps,21150.0,Rp,MGR02,BD-PIHPS
2025-09-18,17,harga_pihps,20300.0,Rp,MGR03,BD-PIHPS
2025-09-18,17,harga_pihps,29450.0,Rp,TLR01,BD-PIHPS
2025-09-19,17,harga_pihps,14250.0,Rp,BRS01,BD-PIHPS
2025-09-19,17,harga_pihps,15500.0,Rp,BRS02,BD-PIHPS
2025-09-19,17,harga_pihps,15400.0,Rp,BRS03,BD-PIHPS
2025-09-19,17,harga_pihps,15900.0,Rp,BRS04,BD-PIHPS
2025-09-19,17,harga_pihps,15900.0,Rp,BRS05,BD-PIHPS
2025-09-19,17,harga_pihps,16150.0,Rp,BRS06,BD-PIHPS
2025-09-19,17,harga_pihps,38900.0,Rp,BWM01,BD-PIHPS
2025-09-19,17,harga_pihps,39400.0,Rp,BWP01,BD-PIHPS
2025-09-19,17,harga_pihps,65250.0,Rp,CMR01,BD-PIHPS
2025-09-19,17,harga_pihps,71250.0,Rp,CMR02,BD-PIHPS
2025-09-19,17,harga_pihps,43650.0,Rp,CRW01,BD-PIHPS
2025-09-19,17,harga_pihps,32900.0,Rp,CRW02,BD-PIHPS
2025-09-19,17,harga_pihps,40650.0,Rp,DAY01,BD-PIHPS
2025-09-19,17,harga_pihps,135000.0,Rp,DSP01,BD-PIHPS
2025-09-19,17,harga_pihps,134400.0,Rp,DSP02,BD-PIHPS
2025-09-19,17,harga_pihps,17250.0,Rp,GLP01,BD-PIHPS
2025-09-19,17,harga_pihps,19000.0,Rp,GLP02,BD-PIHPS
2025-09-19,17,harga_pihps,17300.0,Rp,MGR01,BD-PIHPS
2025-09-19,17,harga_pihps,21150.0,Rp,MGR02,BD-PIHPS
2025-09-19,17,harga_pihps,20300.0,Rp,MGR03,BD-PIHPS
2025-09-19,17,harga_pihps,29450.0,Rp,TLR01,BD-PIHPS
2025-09-22,17,harga_pihps,14250.0,Rp,BRS01,BD-PIHPS
2025-09-22,17,harga_pihps,15500.0,Rp,BRS02,BD-PIHPS
2025-09-22,17,harga_pihps,15400.0,Rp,BRS03,BD-PIHPS
2025-09-22,17,harga_pihps,15900.0,Rp,BRS04,BD-PIHPS
2025-09-22,17,harga_pihps,15900.0,Rp,BRS05,BD-PIHPS
2025-09-22,17,harga_pihps,16150.0,Rp,BRS06,BD-PIHPS
2025-09-22,17,harga_pihps,38400.0,Rp,BWM01,BD-PIHPS
2025-09-22,17,harga_pihps,39400.0,Rp,BWP01,BD-PIHPS
2025-09-22,17,harga_pihps,65000.0,Rp,CMR01,BD-PIHPS
2025-09-22,17,harga_pihps,68900.0,Rp,CMR02,BD-PIHPS
2025-09-22,17,harga_pihps,43650.0,Rp,CRW01,BD-PIHPS
2025-09-22,17,harga_pihps,31700.0,Rp,CRW02,BD-PIHPS
2025-09-22,17,harga_pihps,40650.0,Rp,DAY01,BD-PIHPS
2025-09-22,17,harga_pihps,135000.0,Rp,DSP01,BD-PIHPS
2025-09-22,17,harga_pihps,134400.0,Rp,DSP02,BD-PIHPS
2025-09-22,17,harga_pihps,17250.0,Rp,GLP01,BD-PIHPS
2025-09-22,17,harga_pihps,19000.0,Rp,GLP02,BD-PIHPS
2025-09-22,17,harga_pihps,17300.0,Rp,MGR01,BD-PIHPS
2025-09-22,17,harga_pihps,21150.0,Rp,MGR02,BD-PIHPS
2025-09-22,17,harga_pihps,20300.0,Rp,MGR03,BD-PIHPS
2025-09-22,17,harga_pihps,29150.0,Rp,TLR01,BD-PIHPS
2025-09-23,17,harga_pihps,14250.0,Rp,BRS01,BD-PIHPS
2025-09-23,17,harga_pihps,15500.0,Rp,BRS02,BD-PIHPS
2025-09-23,17,harga_pihps,15400.0,Rp,BRS03,BD-PIHPS
2025-09-23,17,harga_pihps,15900.0,Rp,BRS04,BD-PIHPS
2025-09-23,17,harga_pihps,15900.0,Rp,BRS05,BD-PIHPS
2025-09-23,17,harga_pihps,16150.0,Rp,BRS06,BD-PIHPS
2025-09-23,17,harga_pihps,38400.0,Rp,BWM01,BD-PIHPS
2025-09-23,17,harga_pihps,39400.0,Rp,BWP01,BD-PIHPS
2025-09-23,17,harga_pihps,66400.0,Rp,CMR01,BD-PIHPS
2025-09-23,17,harga_pihps,70400.0,Rp,CMR02,BD-PIHPS
2025-09-23,17,harga_pihps,43650.0,Rp,CRW01,BD-PIHPS
2025-09-23,17,harga_pihps,30850.0,Rp,CRW02,BD-PIHPS
2025-09-23,17,harga_pihps,40650.0,Rp,DAY01,BD-PIHPS
2025-09-23,17,harga_pihps,135000.0,Rp,DSP01,BD-PIHPS
2025-09-23,17,harga_pihps,134400.0,Rp,DSP02,BD-PIHPS
2025-09-23,17,harga_pihps,17250.0,Rp,GLP01,BD-PIHPS
2025-09-23,17,harga_pihps,19000.0,Rp,GLP02,BD-PIHPS
2025-09-23,17,harga_pihps,17300.0,Rp,MGR01,BD-PIHPS
2025-09-23,17,harga_pihps,21150.0,Rp,MGR02,BD-PIHPS
2025-09-23,17,harga_pihps,20300.0,Rp,MGR03,BD-PIHPS
2025-09-23,17,harga_pihps,29450.0,Rp,TLR01,BD-PIHPS
2025-09-24,17,harga_pihps,14250.0,Rp,BRS01,BD-PIHPS
2025-09-24,17,harga_pihps,15500.0,Rp,BRS02,BD-PIHPS
2025-09-24,17,harga_pihps,15400.0,Rp,BRS03,BD-PIHPS
2025-09-24,17,harga_pihps,15900.0,Rp,BRS04,BD-PIHPS
2025-09-24,17,harga_pihps,15900.0,Rp,BRS05,BD-PIHPS
2025-09-24,17,harga_pihps,16150.0,Rp,BRS06,BD-PIHPS
2025-09-24,17,harga_pihps,38000.0,Rp,BWM01,BD-PIHPS
2025-09-24,17,harga_pihps,38250.0,Rp,BWP01,BD-PIHPS
2025-09-24,17,harga_pihps,63900.0,Rp,CMR01,BD-PIHPS
2025-09-24,17,harga_pihps,67650.0,Rp,CMR02,BD-PIHPS
2025-09-24,17,harga_pihps,42400.0,Rp,CRW01,BD-PIHPS
2025-09-24,17,harga_pihps,30800.0,Rp,CRW02,BD-PIHPS
2025-09-24,17,harga_pihps,40650.0,Rp,DAY01,BD-PIHPS
2025-09-24,17,harga_pihps,135000.0,Rp,DSP01,BD-PIHPS
2025-09-24,17,harga_pihps,134400.0,Rp,DSP02,BD-PIHPS
2025-09-24,17,harga_pihps,17250.0,Rp,GLP01,BD-PIHPS
2025-09-24,17,harga_pihps,19000.0,Rp,GLP02,BD-PIHPS
2025-09-24,17,harga_pihps,17300.0,Rp,MGR01,BD-PIHPS
2025-09-24,17,harga_pihps,21150.0,Rp,MGR02,BD-PIHPS
2025-09-24,17,harga_pihps,20300.0,Rp,MGR03,BD-PIHPS
2025-09-24,17,harga_pihps,29450.0,Rp,TLR01,BD-PIHPS
2025-09-25,17,harga_pihps,14250.0,Rp,BRS01,BD-PIHPS
2025-09-25,17,harga_pihps,15500.0,Rp,BRS02,BD-PIHPS
2025-09-25,17,harga_pihps,15400.0,Rp,BRS03,BD-PIHPS
2025-09-25,17,harga_pihps,15900.0,Rp,BRS04,BD-PIHPS
2025-09-25,17,harga_pihps,15900.0,Rp,BRS05,BD-PIHPS
2025-09-25,17,harga_pihps,16150.0,Rp,BRS06,BD-PIHPS
2025-09-25,17,harga_pihps,39750.0,Rp,BWM01,BD-PIHPS
2025-09-25,17,harga_pihps,38250.0,Rp,BWP01,BD-PIHPS
2025-09-25,17,harga_pihps,62500.0,Rp,CMR01,BD-PIHPS
2025-09-25,17,harga_pihps,66250.0,Rp,CMR02,BD-PIHPS
2025-09-25,17,harga_pihps,41750.0,Rp,CRW01,BD-PIHPS
2025-09-25,17,harga_pihps,32500.0,Rp,CRW02,BD-PIHPS
2025-09-25,17,harga_pihps,40650.0,Rp,DAY01,BD-PIHPS
2025-09-25,17,harga_pihps,135000.0,Rp,DSP01,BD-PIHPS
2025-09-25,17,harga_pihps,134400.0,Rp,DSP02,BD-PIHPS
2025-09-25,17,harga_pihps,17250.0,Rp,GLP01,BD-PIHPS
2025-09-25,17,harga_pihps,19000.0,Rp,GLP02,BD-PIHPS
2025-09-25,17,harga_pihps,17300.0,Rp,MGR01,BD-PIHPS
2025-09-25,17,harga_pihps,21150.0,Rp,MGR02,BD-PIHPS
2025-09-25,17,harga_pihps,20300.0,Rp,MGR03,BD-PIHPS
2025-09-25,17,harga_pihps,29450.0,Rp,TLR01,BD-PIHPS
2025-09-26,17,harga_pihps,14250.0,Rp,BRS01,BD-PIHPS
2025-09-26,17,harga_pihps,15500.0,Rp,BRS02,BD-PIHPS
2025-09-26,17,harga_pihps,15400.0,Rp,BRS03,BD-PIHPS
2025-09-26,17,harga_pihps,15900.0,Rp,BRS04,BD-PIHPS
2025-09-26,17,harga_pihps,15900.0,Rp,BRS05,BD-PIHPS
2025-09-26,17,harga_pihps,16150.0,Rp,BRS06,BD-PIHPS
2025-09-26,17,harga_pihps,40250.0,Rp,BWM01,BD-PIHPS
2025-09-26,17,harga_pihps,38250.0,Rp,BWP01,BD-PIHPS
2025-09-26,17,harga_pihps,62250.0,Rp,CMR01,BD-PIHPS
2025-09-26,17,harga_pihps,66000.0,Rp,CMR02,BD-PIHPS
2025-09-26,17,harga_pihps,39500.0,Rp,CRW01,BD-PIHPS
2025-09-26,17,harga_pihps,31300.0,Rp,CRW02,BD-PIHPS
2025-09-26,17,harga_pihps,40650.0,Rp,DAY01,BD-PIHPS
2025-09-26,17,harga_pihps,135000.0,Rp,DSP01,BD-PIHPS
2025-09-26,17,harga_pihps,134400.0,Rp,DSP02,BD-PIHPS
2025-09-26,17,harga_pihps,17250.0,Rp,GLP01,BD-PIHPS
2025-09-26,17,harga_pihps,19000.0,Rp,GLP02,BD-PIHPS
2025-09-26,17,harga_pihps,17300.0,Rp,MGR01,BD-PIHPS
2025-09-26,17,harga_pihps,21150.0,Rp,MGR02,BD-PIHPS
2025-09-26,17,harga_pihps,20300.0,Rp,MGR03,BD-PIHPS
2025-09-26,17,harga_pihps,29450.0,Rp,TLR01,BD-PIHPS
2025-09-29,17,harga_pihps,14250.0,Rp,BRS01,BD-PIHPS
2025-09-29,17,harga_pihps,15500.0,Rp,BRS02,BD-PIHPS
2025-09-29,17,harga_pihps,15400.0,Rp,BRS03,BD-PIHPS
2025-09-29,17,harga_pihps,15900.0,Rp,BRS04,BD-PIHPS
2025-09-29,17,harga_pihps,15900.0,Rp,BRS05,BD-PIHPS
2025-09-29,17,harga_pihps,16150.0,Rp,BRS06,BD-PIHPS
2025-09-29,17,harga_pihps,40250.0,Rp,BWM01,BD-PIHPS
2025-09-29,17,harga_pihps,38250.0,Rp,BWP01,BD-PIHPS
2025-09-29,17,harga_pihps,59150.0,Rp,CMR01,BD-PIHPS
2025-09-29,17,harga_pihps,63150.0,Rp,CMR02,BD-PIHPS
2025-09-29,17,harga_pihps,39750.0,Rp,CRW01,BD-PIHPS
2025-09-29,17,harga_pihps,30600.0,Rp,CRW02,BD-PIHPS
2025-09-29,17,harga_pihps,38750.0,Rp,DAY01,BD-PIHPS
2025-09-29,17,harga_pihps,135000.0,Rp,DSP01,BD-PIHPS
2025-09-29,17,harga_pihps,134400.0,Rp,DSP02,BD-PIHPS
2025-09-29,17,harga_pihps,17250.0,Rp,GLP01,BD-PIHPS
2025-09-29,17,harga_pihps,19000.0,Rp,GLP02,BD-PIHPS
2025-09-29,17,harga_pihps,17300.0,Rp,MGR01,BD-PIHPS
2025-09-29,17,harga_pihps,21150.0,Rp,MGR02,BD-PIHPS
2025-09-29,17,harga_pihps,20300.0,Rp,MGR03,BD-PIHPS
2025-09-29,17,harga_pihps,29450.0,Rp,TLR01,BD-PIHPS
2025-09-30,17,harga_pihps,14250.0,Rp,BRS01,BD-PIHPS
2025-09-30,17,harga_pihps,15500.0,Rp,BRS02,BD-PIHPS
2025-09-30,17,harga_pihps,15400.0,Rp,BRS03,BD-PIHPS
2025-09-30,17,harga_pihps,15900.0,Rp,BRS04,BD-PIHPS
2025-09-30,17,harga_pihps,15900.0,Rp,BRS05,BD-PIHPS
2025-09-30,17,harga_pihps,16150.0,Rp,BRS06,BD-PIHPS
2025-09-30,17,harga_pihps,39650.0,Rp,BWM01,BD-PIHPS
2025-09-30,17,harga_pihps,38250.0,Rp,BWP01,BD-PIHPS
2025-09-30,17,harga_pihps,56250.0,Rp,CMR01,BD-PIHPS
2025-09-30,17,harga_pihps,60150.0,Rp,CMR02,BD-PIHPS
2025-09-30,17,harga_pihps,39650.0,Rp,CRW01,BD-PIHPS
2025-09-30,17,harga_pihps,29000.0,Rp,CRW02,BD-PIHPS
2025-09-30,17,harga_pihps,38250.0,Rp,DAY01,BD-PIHPS
2025-09-30,17,harga_pihps,135000.0,Rp,DSP01,BD-PIHPS
2025-09-30,17,harga_pihps,134400.0,Rp,DSP02,BD-PIHPS
2025-09-30,17,harga_pihps,17250.0,Rp,GLP01,BD-PIHPS
2025-09-30,17,harga_pihps,19000.0,Rp,GLP02,BD-PIHPS
2025-09-30,17,harga_pihps,17300.0,Rp,MGR01,BD-PIHPS
2025-09-30,17,harga_pihps,21150.0,Rp,MGR02,BD-PIHPS
2025-09-30,17,harga_pihps,20300.0,Rp,MGR03,BD-PIHPS
2025-09-30,17,harga_pihps,29450.0,Rp,TLR01,BD-PIHPS
2025-10-01,17,harga_pihps,14250.0,Rp,BRS01,BD-PIHPS
2025-10-01,17,harga_pihps,15500.0,Rp,BRS02,BD-PIHPS
2025-10-01,17,harga_pihps,15400.0,Rp,BRS03,BD-PIHPS
2025-10-01,17,harga_pihps,15900.0,Rp,BRS04,BD-PIHPS
2025-10-01,17,harga_pihps,15900.0,Rp,BRS05,BD-PIHPS
2025-10-01,17,harga_pihps,16150.0,Rp,BRS06,BD-PIHPS
2025-10-01,17,harga_pihps,40500.0,Rp,BWM01,BD-PIHPS
2025-10-01,17,harga_pihps,39650.0,Rp,BWP01,BD-PIHPS
2025-10-01,17,harga_pihps,57150.0,Rp,CMR01,BD-PIHPS
2025-10-01,17,harga_pihps,61750.0,Rp,CMR02,BD-PIHPS
2025-10-01,17,harga_pihps,39650.0,Rp,CRW01,BD-PIHPS
2025-10-01,17,harga_pihps,31650.0,Rp,CRW02,BD-PIHPS
2025-10-01,17,harga_pihps,38650.0,Rp,DAY01,BD-PIHPS
2025-10-01,17,harga_pihps,135000.0,Rp,DSP01,BD-PIHPS
2025-10-01,17,harga_pihps,134400.0,Rp,DSP02,BD-PIHPS
2025-10-01,17,harga_pihps,17250.0,Rp,GLP01,BD-PIHPS
2025-10-01,17,harga_pihps,19000.0,Rp,GLP02,BD-PIHPS
2025-10-01,17,harga_pihps,17300.0,Rp,MGR01,BD-PIHPS
2025-10-01,17,harga_pihps,21150.0,Rp,MGR02,BD-PIHPS
2025-10-01,17,harga_pihps,20300.0,Rp,MGR03,BD-PIHPS
2025-10-01,17,harga_pihps,29450.0,Rp,TLR01,BD-PIHPS
2025-10-02,17,harga_pihps,14250.0,Rp,BRS01,BD-PIHPS
2025-10-02,17,harga_pihps,15500.0,Rp,BRS02,BD-PIHPS
2025-10-02,17,harga_pihps,15400.0,Rp,BRS03,BD-PIHPS
2025-10-02,17,harga_pihps,15900.0,Rp,BRS04,BD-PIHPS
2025-10-02,17,harga_pihps,15900.0,Rp,BRS05,BD-PIHPS
2025-10-02,17,harga_pihps,16150.0,Rp,BRS06,BD-PIHPS
2025-10-02,17,harga_pihps,40250.0,Rp,BWM01,BD-PIHPS
2025-10-02,17,harga_pihps,39650.0,Rp,BWP01,BD-PIHPS
2025-10-02,17,harga_pihps,54400.0,Rp,CMR01,BD-PIHPS
2025-10-02,17,harga_pihps,59000.0,Rp,CMR02,BD-PIHPS
2025-10-02,17,harga_pihps,38500.0,Rp,CRW01,BD-PIHPS
2025-10-02,17,harga_pihps,30350.0,Rp,CRW02,BD-PIHPS
2025-10-02,17,harga_pihps,38000.0,Rp,DAY01,BD-PIHPS
2025-10-02,17,harga_pihps,135000.0,Rp,DSP01,BD-PIHPS
2025-10-02,17,harga_pihps,134400.0,Rp,DSP02,BD-PIHPS
2025-10-02,17,harga_pihps,17150.0,Rp,GLP01,BD-PIHPS
2025-10-02,17,harga_pihps,19150.0,Rp,GLP02,BD-PIHPS
2025-10-02,17,harga_pihps,17250.0,Rp,MGR01,BD-PIHPS
2025-10-02,17,harga_pihps,21150.0,Rp,MGR02,BD-PIHPS
2025-10-02,17,harga_pihps,20300.0,Rp,MGR03,BD-PIHPS
2025-10-02,17,harga_pihps,29450.0,Rp,TLR01,BD-PIHPS
2025-10-03,17,harga_pihps,14350.0,Rp,BRS01,BD-PIHPS
2025-10-03,17,harga_pihps,15550.0,Rp,BRS02,BD-PIHPS
2025-10-03,17,harga_pihps,15400.0,Rp,BRS03,BD-PIHPS
2025-10-03,17,harga_pihps,16100.0,Rp,BRS04,BD-PIHPS
2025-10-03,17,harga_pihps,15900.0,Rp,BRS05,BD-PIHPS
2025-10-03,17,harga_pihps,16350.0,Rp,BRS06,BD-PIHPS
2025-10-03,17,harga_pihps,40000.0,Rp,BWM01,BD-PIHPS
2025-10-03,17,harga_pihps,39500.0,Rp,BWP01,BD-PIHPS
2025-10-03,17,harga_pihps,51650.0,Rp,CMR01,BD-PIHPS
2025-10-03,17,harga_pihps,56400.0,Rp,CMR02,BD-PIHPS
2025-10-03,17,harga_pihps,37000.0,Rp,CRW01,BD-PIHPS
2025-10-03,17,harga_pihps,29650.0,Rp,CRW02,BD-PIHPS
2025-10-03,17,harga_pihps,38000.0,Rp,DAY01,BD-PIHPS
2025-10-03,17,harga_pihps,135000.0,Rp,DSP01,BD-PIHPS
2025-10-03,17,harga_pihps,134400.0,Rp,DSP02,BD-PIHPS
2025-10-03,17,harga_pihps,17150.0,Rp,GLP01,BD-PIHPS
2025-10-03,17,harga_pihps,19150.0,Rp,GLP02,BD-PIHPS
2025-10-03,17,harga_pihps,17250.0,Rp,MGR01,BD-PIHPS
2025-10-03,17,harga_pihps,21050.0,Rp,MGR02,BD-PIHPS
2025-10-03,17,harga_pihps,20300.0,Rp,MGR03,BD-PIHPS
2025-10-03,17,harga_pihps,29450.0,Rp,TLR01,BD-PIHPS
2025-10-06,17,harga_pihps,14350.0,Rp,BRS01,BD-PIHPS
2025-10-06,17,harga_pihps,15550.0,Rp,BRS02,BD-PIHPS
2025-10-06,17,harga_pihps,15400.0,Rp,BRS03,BD-PIHPS
2025-10-06,17,harga_pihps,16100.0,Rp,BRS04,BD-PIHPS
2025-10-06,17,harga_pihps,15900.0,Rp,BRS05,BD-PIHPS
2025-10-06,17,harga_pihps,16350.0,Rp,BRS06,BD-PIHPS
2025-10-06,17,harga_pihps,40000.0,Rp,BWM01,BD-PIHPS
2025-10-06,17,harga_pihps,39500.0,Rp,BWP01,BD-PIHPS
2025-10-06,17,harga_pihps,58000.0,Rp,CMR01,BD-PIHPS
2025-10-06,17,harga_pihps,63150.0,Rp,CMR02,BD-PIHPS
2025-10-06,17,harga_pihps,36150.0,Rp,CRW01,BD-PIHPS
2025-10-06,17,harga_pihps,29400.0,Rp,CRW02,BD-PIHPS
2025-10-06,17,harga_pihps,38650.0,Rp,DAY01,BD-PIHPS
2025-10-06,17,harga_pihps,135000.0,Rp,DSP01,BD-PIHPS
2025-10-06,17,harga_pihps,134400.0,Rp,DSP02,BD-PIHPS
2025-10-06,17,harga_pihps,17150.0,Rp,GLP01,BD-PIHPS
2025-10-06,17,harga_pihps,19150.0,Rp,GLP02,BD-PIHPS
2025-10-06,17,harga_pihps,17250.0,Rp,MGR01,BD-PIHPS
2025-10-06,17,harga_pihps,21050.0,Rp,MGR02,BD-PIHPS
2025-10-06,17,harga_pihps,20300.0,Rp,MGR03,BD-PIHPS
2025-10-06,17,harga_pihps,29450.0,Rp,TLR01,BD-PIHPS
2025-10-07,17,harga_pihps,14350.0,Rp,BRS01,BD-PIHPS
2025-10-07,17,harga_pihps,15550.0,Rp,BRS02,BD-PIHPS
2025-10-07,17,harga_pihps,15400.0,Rp,BRS03,BD-PIHPS
2025-10-07,17,harga_pihps,16100.0,Rp,BRS04,BD-PIHPS
2025-10-07,17,harga_pihps,15900.0,Rp,BRS05,BD-PIHPS
2025-10-07,17,harga_pihps,16350.0,Rp,BRS06,BD-PIHPS
2025-10-07,17,harga_pihps,40250.0,Rp,BWM01,BD-PIHPS
2025-10-07,17,harga_pihps,39650.0,Rp,BWP01,BD-PIHPS
2025-10-07,17,harga_pihps,62150.0,Rp,CMR01,BD-PIHPS
2025-10-07,17,harga_pihps,67750.0,Rp,CMR02,BD-PIHPS
2025-10-07,17,harga_pihps,37150.0,Rp,CRW01,BD-PIHPS
2025-10-07,17,harga_pihps,29900.0,Rp,CRW02,BD-PIHPS
2025-10-07,17,harga_pihps,38650.0,Rp,DAY01,BD-PIHPS
2025-10-07,17,harga_pihps,135000.0,Rp,DSP01,BD-PIHPS
2025-10-07,17,harga_pihps,134400.0,Rp,DSP02,BD-PIHPS
2025-10-07,17,harga_pihps,17150.0,Rp,GLP01,BD-PIHPS
2025-10-07,17,harga_pihps,19150.0,Rp,GLP02,BD-PIHPS
2025-10-07,17,harga_pihps,17250.0,Rp,MGR01,BD-PIHPS
2025-10-07,17,harga_pihps,21050.0,Rp,MGR02,BD-PIHPS
2025-10-07,17,harga_pihps,20300.0,Rp,MGR03,BD-PIHPS
2025-10-07,17,harga_pihps,29450.0,Rp,TLR01,BD-PIHPS
2025-10-08,17,harga_pihps,14350.0,Rp,BRS01,BD-PIHPS
2025-10-08,17,harga_pihps,15550.0,Rp,BRS02,BD-PIHPS
2025-10-08,17,harga_pihps,15400.0,Rp,BRS03,BD-PIHPS
2025-10-08,17,harga_pihps,16100.0,Rp,BRS04,BD-PIHPS
2025-10-08,17,harga_pihps,15900.0,Rp,BRS05,BD-PIHPS
2025-10-08,17,harga_pihps,16350.0,Rp,BRS06,BD-PIHPS
2025-10-08,17,harga_pihps,40000.0,Rp,BWM01,BD-PIHPS
2025-10-08,17,harga_pihps,39650.0,Rp,BWP01,BD-PIHPS
2025-10-08,17,harga_pihps,61900.0,Rp,CMR01,BD-PIHPS
2025-10-08,17,harga_pihps,67150.0,Rp,CMR02,BD-PIHPS
2025-10-08,17,harga_pihps,37150.0,Rp,CRW01,BD-PIHPS
2025-10-08,17,harga_pihps,29100.0,Rp,CRW02,BD-PIHPS
2025-10-08,17,harga_pihps,36650.0,Rp,DAY01,BD-PIHPS
2025-10-08,17,harga_pihps,135000.0,Rp,DSP01,BD-PIHPS
2025-10-08,17,harga_pihps,134400.0,Rp,DSP02,BD-PIHPS
2025-10-08,17,harga_pihps,17200.0,Rp,GLP01,BD-PIHPS
2025-10-08,17,harga_pihps,19150.0,Rp,GLP02,BD-PIHPS
2025-10-08,17,harga_pihps,17250.0,Rp,MGR01,BD-PIHPS
2025-10-08,17,harga_pihps,21050.0,Rp,MGR02,BD-PIHPS
2025-10-08,17,harga_pihps,20200.0,Rp,MGR03,BD-PIHPS
2025-10-08,17,harga_pihps,28900.0,Rp,TLR01,BD-PIHPS
2025-10-09,17,harga_pihps,14150.0,Rp,BRS01,BD-PIHPS
2025-10-09,17,harga_pihps,15550.0,Rp,BRS02,BD-PIHPS
2025-10-09,17,harga_pihps,15400.0,Rp,BRS03,BD-PIHPS
2025-10-09,17,harga_pihps,15900.0,Rp,BRS04,BD-PIHPS
2025-10-09,17,harga_pihps,15900.0,Rp,BRS05,BD-PIHPS
2025-10-09,17,harga_pihps,16150.0,Rp,BRS06,BD-PIHPS
2025-10-09,17,harga_pihps,40150.0,Rp,BWM01,BD-PIHPS
2025-10-09,17,harga_pihps,39650.0,Rp,BWP01,BD-PIHPS
2025-10-09,17,harga_pihps,62500.0,Rp,CMR01,BD-PIHPS
2025-10-09,17,harga_pihps,67500.0,Rp,CMR02,BD-PIHPS
2025-10-09,17,harga_pihps,37650.0,Rp,CRW01,BD-PIHPS
2025-10-09,17,harga_pihps,28850.0,Rp,CRW02,BD-PIHPS
2025-10-09,17,harga_pihps,36650.0,Rp,DAY01,BD-PIHPS
2025-10-09,17,harga_pihps,135000.0,Rp,DSP01,BD-PIHPS
2025-10-09,17,harga_pihps,134400.0,Rp,DSP02,BD-PIHPS
2025-10-09,17,harga_pihps,17200.0,Rp,GLP01,BD-PIHPS
2025-10-09,17,harga_pihps,19150.0,Rp,GLP02,BD-PIHPS
2025-10-09,17,harga_pihps,17250.0,Rp,MGR01,BD-PIHPS
2025-10-09,17,harga_pihps,21050.0,Rp,MGR02,BD-PIHPS
2025-10-09,17,harga_pihps,20200.0,Rp,MGR03,BD-PIHPS
2025-10-09,17,harga_pihps,28900.0,Rp,TLR01,BD-PIHPS
2025-10-10,17,harga_pihps,14150.0,Rp,BRS01,BD-PIHPS
2025-10-10,17,harga_pihps,15550.0,Rp,BRS02,BD-PIHPS
2025-10-10,17,harga_pihps,15400.0,Rp,BRS03,BD-PIHPS
2025-10-10,17,harga_pihps,15900.0,Rp,BRS04,BD-PIHPS
2025-10-10,17,harga_pihps,15900.0,Rp,BRS05,BD-PIHPS
2025-10-10,17,harga_pihps,16150.0,Rp,BRS06,BD-PIHPS
2025-10-10,17,harga_pihps,40900.0,Rp,BWM01,BD-PIHPS
2025-10-10,17,harga_pihps,39000.0,Rp,BWP01,BD-PIHPS
2025-10-10,17,harga_pihps,63500.0,Rp,CMR01,BD-PIHPS
2025-10-10,17,harga_pihps,68150.0,Rp,CMR02,BD-PIHPS
2025-10-10,17,harga_pihps,37400.0,Rp,CRW01,BD-PIHPS
2025-10-10,17,harga_pihps,29550.0,Rp,CRW02,BD-PIHPS
2025-10-10,17,harga_pihps,36150.0,Rp,DAY01,BD-PIHPS
2025-10-10,17,harga_pihps,135000.0,Rp,DSP01,BD-PIHPS
2025-10-10,17,harga_pihps,134400.0,Rp,DSP02,BD-PIHPS
2025-10-10,17,harga_pihps,17200.0,Rp,GLP01,BD-PIHPS
2025-10-10,17,harga_pihps,19150.0,Rp,GLP02,BD-PIHPS
2025-10-10,17,harga_pihps,17250.0,Rp,MGR01,BD-PIHPS
2025-10-10,17,harga_pihps,21050.0,Rp,MGR02,BD-PIHPS
2025-10-10,17,harga_pihps,20200.0,Rp,MGR03,BD-PIHPS
2025-10-10,17,harga_pihps,28900.0,Rp,TLR01,BD-PIHPS
2025-10-13,17,harga_pihps,14150.0,Rp,BRS01,BD-PIHPS
2025-10-13,17,harga_pihps,15550.0,Rp,BRS02,BD-PIHPS
2025-10-13,17,harga_pihps,15400.0,Rp,BRS03,BD-PIHPS
2025-10-13,17,harga_pihps,15900.0,Rp,BRS04,BD-PIHPS
2025-10-13,17,harga_pihps,15900.0,Rp,BRS05,BD-PIHPS
2025-10-13,17,harga_pihps,16150.0,Rp,BRS06,BD-PIHPS
2025-10-13,17,harga_pihps,42000.0,Rp,BWM01,BD-PIHPS
2025-10-13,17,harga_pihps,39150.0,Rp,BWP01,BD-PIHPS
2025-10-13,17,harga_pihps,59750.0,Rp,CMR01,BD-PIHPS
2025-10-13,17,harga_pihps,64150.0,Rp,CMR02,BD-PIHPS
2025-10-13,17,harga_pihps,36500.0,Rp,CRW01,BD-PIHPS
2025-10-13,17,harga_pihps,29750.0,Rp,CRW02,BD-PIHPS
2025-10-13,17,harga_pihps,38900.0,Rp,DAY01,BD-PIHPS
2025-10-13,17,harga_pihps,135000.0,Rp,DSP01,BD-PIHPS
2025-10-13,17,harga_pihps,134400.0,Rp,DSP02,BD-PIHPS
2025-10-13,17,harga_pihps,17400.0,Rp,GLP01,BD-PIHPS
2025-10-13,17,harga_pihps,19150.0,Rp,GLP02,BD-PIHPS
2025-10-13,17,harga_pihps,17250.0,Rp,MGR01,BD-PIHPS
2025-10-13,17,harga_pihps,21050.0,Rp,MGR02,BD-PIHPS
2025-10-13,17,harga_pihps,20200.0,Rp,MGR03,BD-PIHPS
2025-10-13,17,harga_pihps,28900.0,Rp,TLR01,BD-PIHPS
2025-10-14,17,harga_pihps,14150.0,Rp,BRS01,BD-PIHPS
2025-10-14,17,harga_pihps,15550.0,Rp,BRS02,BD-PIHPS
2025-10-14,17,harga_pihps,15400.0,Rp,BRS03,BD-PIHPS
2025-10-14,17,harga_pihps,15900.0,Rp,BRS04,BD-PIHPS
2025-10-14,17,harga_pihps,15900.0,Rp,BRS05,BD-PIHPS
2025-10-14,17,harga_pihps,16150.0,Rp,BRS06,BD-PIHPS
2025-10-14,17,harga_pihps,41650.0,Rp,BWM01,BD-PIHPS
2025-10-14,17,harga_pihps,38900.0,Rp,BWP01,BD-PIHPS
2025-10-14,17,harga_pihps,55500.0,Rp,CMR01,BD-PIHPS
2025-10-14,17,harga_pihps,60000.0,Rp,CMR02,BD-PIHPS
2025-10-14,17,harga_pihps,35750.0,Rp,CRW01,BD-PIHPS
2025-10-14,17,harga_pihps,29550.0,Rp,CRW02,BD-PIHPS
2025-10-14,17,harga_pihps,39250.0,Rp,DAY01,BD-PIHPS
2025-10-14,17,harga_pihps,135000.0,Rp,DSP01,BD-PIHPS
2025-10-14,17,harga_pihps,134400.0,Rp,DSP02,BD-PIHPS
2025-10-14,17,harga_pihps,17400.0,Rp,GLP01,BD-PIHPS
2025-10-14,17,harga_pihps,19150.0,Rp,GLP02,BD-PIHPS
2025-10-14,17,harga_pihps,17250.0,Rp,MGR01,BD-PIHPS
2025-10-14,17,harga_pihps,21050.0,Rp,MGR02,BD-PIHPS
2025-10-14,17,harga_pihps,20200.0,Rp,MGR03,BD-PIHPS
2025-10-14,17,harga_pihps,30050.0,Rp,TLR01,BD-PIHPS
2025-10-15,17,harga_pihps,14150.0,Rp,BRS01,BD-PIHPS
2025-10-15,17,harga_pihps,15550.0,Rp,BRS02,BD-PIHPS
2025-10-15,17,harga_pihps,15400.0,Rp,BRS03,BD-PIHPS
2025-10-15,17,harga_pihps,15900.0,Rp,BRS04,BD-PIHPS
2025-10-15,17,harga_pihps,15900.0,Rp,BRS05,BD-PIHPS
2025-10-15,17,harga_pihps,16150.0,Rp,BRS06,BD-PIHPS
2025-10-15,17,harga_pihps,41650.0,Rp,BWM01,BD-PIHPS
2025-10-15,17,harga_pihps,39000.0,Rp,BWP01,BD-PIHPS
2025-10-15,17,harga_pihps,53650.0,Rp,CMR01,BD-PIHPS
2025-10-15,17,harga_pihps,58000.0,Rp,CMR02,BD-PIHPS
2025-10-15,17,harga_pihps,35900.0,Rp,CRW01,BD-PIHPS
2025-10-15,17,harga_pihps,29550.0,Rp,CRW02,BD-PIHPS
2025-10-15,17,harga_pihps,39750.0,Rp,DAY01,BD-PIHPS
2025-10-15,17,harga_pihps,135000.0,Rp,DSP01,BD-PIHPS
2025-10-15,17,harga_pihps,134400.0,Rp,DSP02,BD-PIHPS
2025-10-15,17,harga_pihps,17400.0,Rp,GLP01,BD-PIHPS
2025-10-15,17,harga_pihps,19150.0,Rp,GLP02,BD-PIHPS
2025-10-15,17,harga_pihps,17250.0,Rp,MGR01,BD-PIHPS
2025-10-15,17,harga_pihps,21050.0,Rp,MGR02,BD-PIHPS
2025-10-15,17,harga_pihps,20200.0,Rp,MGR03,BD-PIHPS
2025-10-15,17,harga_pihps,30400.0,Rp,TLR01,BD-PIHPS
2025-10-16,17,harga_pihps,14150.0,Rp,BRS01,BD-PIHPS
2025-10-16,17,harga_pihps,15550.0,Rp,BRS02,BD-PIHPS
2025-10-16,17,harga_pihps,15400.0,Rp,BRS03,BD-PIHPS
2025-10-16,17,harga_pihps,15900.0,Rp,BRS04,BD-PIHPS
2025-10-16,17,harga_pihps,15900.0,Rp,BRS05,BD-PIHPS
2025-10-16,17,harga_pihps,16150.0,Rp,BRS06,BD-PIHPS
2025-10-16,17,harga_pihps,40650.0,Rp,BWM01,BD-PIHPS
2025-10-16,17,harga_pihps,38750.0,Rp,BWP01,BD-PIHPS
2025-10-16,17,harga_pihps,52500.0,Rp,CMR01,BD-PIHPS
2025-10-16,17,harga_pihps,57000.0,Rp,CMR02,BD-PIHPS
2025-10-16,17,harga_pihps,34900.0,Rp,CRW01,BD-PIHPS
2025-10-16,17,harga_pihps,29750.0,Rp,CRW02,BD-PIHPS
2025-10-16,17,harga_pihps,40750.0,Rp,DAY01,BD-PIHPS
2025-10-16,17,harga_pihps,135000.0,Rp,DSP01,BD-PIHPS
2025-10-16,17,harga_pihps,134400.0,Rp,DSP02,BD-PIHPS
2025-10-16,17,harga_pihps,17400.0,Rp,GLP01,BD-PIHPS
2025-10-16,17,harga_pihps,19150.0,Rp,GLP02,BD-PIHPS
2025-10-16,17,harga_pihps,17250.0,Rp,MGR01,BD-PIHPS
2025-10-16,17,harga_pihps,21050.0,Rp,MGR02,BD-PIHPS
2025-10-16,17,harga_pihps,20200.0,Rp,MGR03,BD-PIHPS
2025-10-16,17,harga_pihps,30400.0,Rp,TLR01,BD-PIHPS
2025-10-17,17,harga_pihps,14150.0,Rp,BRS01,BD-PIHPS
2025-10-17,17,harga_pihps,15550.0,Rp,BRS02,BD-PIHPS
2025-10-17,17,harga_pihps,15400.0,Rp,BRS03,BD-PIHPS
2025-10-17,17,harga_pihps,15900.0,Rp,BRS04,BD-PIHPS
2025-10-17,17,harga_pihps,15900.0,Rp,BRS05,BD-PIHPS
2025-10-17,17,harga_pihps,16150.0,Rp,BRS06,BD-PIHPS
2025-10-17,17,harga_pihps,42400.0,Rp,BWM01,BD-PIHPS
2025-10-17,17,harga_pihps,38900.0,Rp,BWP01,BD-PIHPS
2025-10-17,17,harga_pihps,54900.0,Rp,CMR01,BD-PIHPS
2025-10-17,17,harga_pihps,59000.0,Rp,CMR02,BD-PIHPS
2025-10-17,17,harga_pihps,38650.0,Rp,CRW01,BD-PIHPS
2025-10-17,17,harga_pihps,31100.0,Rp,CRW02,BD-PIHPS
2025-10-17,17,harga_pihps,40750.0,Rp,DAY01,BD-PIHPS
2025-10-17,17,harga_pihps,135000.0,Rp,DSP01,BD-PIHPS
2025-10-17,17,harga_pihps,134400.0,Rp,DSP02,BD-PIHPS
2025-10-17,17,harga_pihps,17400.0,Rp,GLP01,BD-PIHPS
2025-10-17,17,harga_pihps,19150.0,Rp,GLP02,BD-PIHPS
2025-10-17,17,harga_pihps,17250.0,Rp,MGR01,BD-PIHPS
2025-10-17,17,harga_pihps,21050.0,Rp,MGR02,BD-PIHPS
2025-10-17,17,harga_pihps,20200.0,Rp,MGR03,BD-PIHPS
2025-10-17,17,harga_pihps,30400.0,Rp,TLR01,BD-PIHPS
2025-10-20,17,harga_pihps,14150.0,Rp,BRS01,BD-PIHPS
2025-10-20,17,harga_pihps,15550.0,Rp,BRS02,BD-PIHPS
2025-10-20,17,harga_pihps,15400.0,Rp,BRS03,BD-PIHPS
2025-10-20,17,harga_pihps,15900.0,Rp,BRS04,BD-PIHPS
2025-10-20,17,harga_pihps,15900.0,Rp,BRS05,BD-PIHPS
2025-10-20,17,harga_pihps,16150.0,Rp,BRS06,BD-PIHPS
2025-10-20,17,harga_pihps,41400.0,Rp,BWM01,BD-PIHPS
2025-10-20,17,harga_pihps,39250.0,Rp,BWP01,BD-PIHPS
2025-10-20,17,harga_pihps,55150.0,Rp,CMR01,BD-PIHPS
2025-10-20,17,harga_pihps,61150.0,Rp,CMR02,BD-PIHPS
2025-10-20,17,harga_pihps,35650.0,Rp,CRW01,BD-PIHPS
2025-10-20,17,harga_pihps,28800.0,Rp,CRW02,BD-PIHPS
2025-10-20,17,harga_pihps,39750.0,Rp,DAY01,BD-PIHPS
2025-10-20,17,harga_pihps,135000.0,Rp,DSP01,BD-PIHPS
2025-10-20,17,harga_pihps,134400.0,Rp,DSP02,BD-PIHPS
2025-10-20,17,harga_pihps,17300.0,Rp,GLP01,BD-PIHPS
2025-10-20,17,harga_pihps,19150.0,Rp,GLP02,BD-PIHPS
2025-10-20,17,harga_pihps,17250.0,Rp,MGR01,BD-PIHPS
2025-10-20,17,harga_pihps,21050.0,Rp,MGR02,BD-PIHPS
2025-10-20,17,harga_pihps,20200.0,Rp,MGR03,BD-PIHPS
2025-10-20,17,harga_pihps,30400.0,Rp,TLR01,BD-PIHPS
2025-10-21,17,harga_pihps,14150.0,Rp,BRS01,BD-PIHPS
2025-10-21,17,harga_pihps,15550.0,Rp,BRS02,BD-PIHPS
2025-10-21,17,harga_pihps,15400.0,Rp,BRS03,BD-PIHPS
2025-10-21,17,harga_pihps,15900.0,Rp,BRS04,BD-PIHPS
2025-10-21,17,harga_pihps,15900.0,Rp,BRS05,BD-PIHPS
2025-10-21,17,harga_pihps,16150.0,Rp,BRS06,BD-PIHPS
2025-10-21,17,harga_pihps,41400.0,Rp,BWM01,BD-PIHPS
2025-10-21,17,harga_pihps,39250.0,Rp,BWP01,BD-PIHPS
2025-10-21,17,harga_pihps,56150.0,Rp,CMR01,BD-PIHPS
2025-10-21,17,harga_pihps,61750.0,Rp,CMR02,BD-PIHPS
2025-10-21,17,harga_pihps,33900.0,Rp,CRW01,BD-PIHPS
2025-10-21,17,harga_pihps,27450.0,Rp,CRW02,BD-PIHPS
2025-10-21,17,harga_pihps,39000.0,Rp,DAY01,BD-PIHPS
2025-10-21,17,harga_pihps,135000.0,Rp,DSP01,BD-PIHPS
2025-10-21,17,harga_pihps,134400.0,Rp,DSP02,BD-PIHPS
2025-10-21,17,harga_pihps,17300.0,Rp,GLP01,BD-PIHPS
2025-10-21,17,harga_pihps,19150.0,Rp,GLP02,BD-PIHPS
2025-10-21,17,harga_pihps,17250.0,Rp,MGR01,BD-PIHPS
2025-10-21,17,harga_pihps,21050.0,Rp,MGR02,BD-PIHPS
2025-10-21,17,harga_pihps,20200.0,Rp,MGR03,BD-PIHPS
2025-10-21,17,harga_pihps,29100.0,Rp,TLR01,BD-PIHPS
2025-10-22,17,harga_pihps,14150.0,Rp,BRS01,BD-PIHPS
2025-10-22,17,harga_pihps,15550.0,Rp,BRS02,BD-PIHPS
2025-10-22,17,harga_pihps,15400.0,Rp,BRS03,BD-PIHPS
2025-10-22,17,harga_pihps,15900.0,Rp,BRS04,BD-PIHPS
2025-10-22,17,harga_pihps,15900.0,Rp,BRS05,BD-PIHPS
2025-10-22,17,harga_pihps,16150.0,Rp,BRS06,BD-PIHPS
2025-10-22,17,harga_pihps,40150.0,Rp,BWM01,BD-PIHPS
2025-10-22,17,harga_pihps,38500.0,Rp,BWP01,BD-PIHPS
2025-10-22,17,harga_pihps,55000.0,Rp,CMR01,BD-PIHPS
2025-10-22,17,harga_pihps,60400.0,Rp,CMR02,BD-PIHPS
2025-10-22,17,harga_pihps,33000.0,Rp,CRW01,BD-PIHPS
2025-10-22,17,harga_pihps,27550.0,Rp,CRW02,BD-PIHPS
2025-10-22,17,harga_pihps,38150.0,Rp,DAY01,BD-PIHPS
2025-10-22,17,harga_pihps,135000.0,Rp,DSP01,BD-PIHPS
2025-10-22,17,harga_pihps,134400.0,Rp,DSP02,BD-PIHPS
2025-10-22,17,harga_pihps,17300.0,Rp,GLP01,BD-PIHPS
2025-10-22,17,harga_pihps,19150.0,Rp,GLP02,BD-PIHPS
2025-10-22,17,harga_pihps,17250.0,Rp,MGR01,BD-PIHPS
2025-10-22,17,harga_pihps,20950.0,Rp,MGR02,BD-PIHPS
2025-10-22,17,harga_pihps,20200.0,Rp,MGR03,BD-PIHPS
2025-10-22,17,harga_pihps,29100.0,Rp,TLR01,BD-PIHPS
2025-10-23,17,harga_pihps,14150.0,Rp,BRS01,BD-PIHPS
2025-10-23,17,harga_pihps,15550.0,Rp,BRS02,BD-PIHPS
2025-10-23,17,harga_pihps,15400.0,Rp,BRS03,BD-PIHPS
2025-10-23,17,harga_pihps,15900.0,Rp,BRS04,BD-PIHPS
2025-10-23,17,harga_pihps,15900.0,Rp,BRS05,BD-PIHPS
2025-10-23,17,harga_pihps,16150.0,Rp,BRS06,BD-PIHPS
2025-10-23,17,harga_pihps,39900.0,Rp,BWM01,BD-PIHPS
2025-10-23,17,harga_pihps,38250.0,Rp,BWP01,BD-PIHPS
2025-10-23,17,harga_pihps,56250.0,Rp,CMR01,BD-PIHPS
2025-10-23,17,harga_pihps,60900.0,Rp,CMR02,BD-PIHPS
2025-10-23,17,harga_pihps,33250.0,Rp,CRW01,BD-PIHPS
2025-10-23,17,harga_pihps,26650.0,Rp,CRW02,BD-PIHPS
2025-10-23,17,harga_pihps,38150.0,Rp,DAY01,BD-PIHPS
2025-10-23,17,harga_pihps,135000.0,Rp,DSP01,BD-PIHPS
2025-10-23,17,harga_pihps,134400.0,Rp,DSP02,BD-PIHPS
2025-10-23,17,harga_pihps,17450.0,Rp,GLP01,BD-PIHPS
2025-10-23,17,harga_pihps,19150.0,Rp,GLP02,BD-PIHPS
2025-10-23,17,harga_pihps,17250.0,Rp,MGR01,BD-PIHPS
2025-10-23,17,harga_pihps,20950.0,Rp,MGR02,BD-PIHPS
2025-10-23,17,harga_pihps,20200.0,Rp,MGR03,BD-PIHPS
2025-10-23,17,harga_pihps,29100.0,Rp,TLR01,BD-PIHPS
2025-10-24,17,harga_pihps,14150.0,Rp,BRS01,BD-PIHPS
2025-10-24,17,harga_pihps,15550.0,Rp,BRS02,BD-PIHPS
2025-10-24,17,harga_pihps,15400.0,Rp,BRS03,BD-PIHPS
2025-10-24,17,harga_pihps,15900.0,Rp,BRS04,BD-PIHPS
2025-10-24,17,harga_pihps,15900.0,Rp,BRS05,BD-PIHPS
2025-10-24,17,harga_pihps,16150.0,Rp,BRS06,BD-PIHPS
2025-10-24,17,harga_pihps,41150.0,Rp,BWM01,BD-PIHPS
2025-10-24,17,harga_pihps,37750.0,Rp,BWP01,BD-PIHPS
2025-10-24,17,harga_pihps,58150.0,Rp,CMR01,BD-PIHPS
2025-10-24,17,harga_pihps,62500.0,Rp,CMR02,BD-PIHPS
2025-10-24,17,harga_pihps,35400.0,Rp,CRW01,BD-PIHPS
2025-10-24,17,harga_pihps,27600.0,Rp,CRW02,BD-PIHPS
2025-10-24,17,harga_pihps,38150.0,Rp,DAY01,BD-PIHPS
2025-10-24,17,harga_pihps,135000.0,Rp,DSP01,BD-PIHPS
2025-10-24,17,harga_pihps,134400.0,Rp,DSP02,BD-PIHPS
2025-10-24,17,harga_pihps,17450.0,Rp,GLP01,BD-PIHPS
2025-10-24,17,harga_pihps,19150.0,Rp,GLP02,BD-PIHPS
2025-10-24,17,harga_pihps,17200.0,Rp,MGR01,BD-PIHPS
2025-10-24,17,harga_pihps,20950.0,Rp,MGR02,BD-PIHPS
2025-10-24,17,harga_pihps,20200.0,Rp,MGR03,BD-PIHPS
2025-10-24,17,harga_pihps,29100.0,Rp,TLR01,BD-PIHPS
2025-10-27,17,harga_pihps,14150.0,Rp,BRS01,BD-PIHPS
2025-10-27,17,harga_pihps,15550.0,Rp,BRS02,BD-PIHPS
2025-10-27,17,harga_pihps,15400.0,Rp,BRS03,BD-PIHPS
2025-10-27,17,harga_pihps,15900.0,Rp,BRS04,BD-PIHPS
2025-10-27,17,harga_pihps,15900.0,Rp,BRS05,BD-PIHPS
2025-10-27,17,harga_pihps,16150.0,Rp,BRS06,BD-PIHPS
2025-10-27,17,harga_pihps,40900.0,Rp,BWM01,BD-PIHPS
2025-10-27,17,harga_pihps,37000.0,Rp,BWP01,BD-PIHPS
2025-10-27,17,harga_pihps,59000.0,Rp,CMR01,BD-PIHPS
2025-10-27,17,harga_pihps,64150.0,Rp,CMR02,BD-PIHPS
2025-10-27,17,harga_pihps,34900.0,Rp,CRW01,BD-PIHPS
2025-10-27,17,harga_pihps,26150.0,Rp,CRW02,BD-PIHPS
2025-10-27,17,harga_pihps,37900.0,Rp,DAY01,BD-PIHPS
2025-10-27,17,harga_pihps,135000.0,Rp,DSP01,BD-PIHPS
2025-10-27,17,harga_pihps,134400.0,Rp,DSP02,BD-PIHPS
2025-10-27,17,harga_pihps,17450.0,Rp,GLP01,BD-PIHPS
2025-10-27,17,harga_pihps,19150.0,Rp,GLP02,BD-PIHPS
2025-10-27,17,harga_pihps,17200.0,Rp,MGR01,BD-PIHPS
2025-10-27,17,harga_pihps,20950.0,Rp,MGR02,BD-PIHPS
2025-10-27,17,harga_pihps,20200.0,Rp,MGR03,BD-PIHPS
2025-10-27,17,harga_pihps,29100.0,Rp,TLR01,BD-PIHPS
2025-10-28,17,harga_pihps,14150.0,Rp,BRS01,BD-PIHPS
2025-10-28,17,harga_pihps,15550.0,Rp,BRS02,BD-PIHPS
2025-10-28,17,harga_pihps,15400.0,Rp,BRS03,BD-PIHPS
2025-10-28,17,harga_pihps,15900.0,Rp,BRS04,BD-PIHPS
2025-10-28,17,harga_pihps,15900.0,Rp,BRS05,BD-PIHPS
2025-10-28,17,harga_pihps,16150.0,Rp,BRS06,BD-PIHPS
2025-10-28,17,harga_pihps,40900.0,Rp,BWM01,BD-PIHPS
2025-10-28,17,harga_pihps,37000.0,Rp,BWP01,BD-PIHPS
2025-10-28,17,harga_pihps,59000.0,Rp,CMR01,BD-PIHPS
2025-10-28,17,harga_pihps,64150.0,Rp,CMR02,BD-PIHPS
2025-10-28,17,harga_pihps,32900.0,Rp,CRW01,BD-PIHPS
2025-10-28,17,harga_pihps,24550.0,Rp,CRW02,BD-PIHPS
2025-10-28,17,harga_pihps,36900.0,Rp,DAY01,BD-PIHPS
2025-10-28,17,harga_pihps,135000.0,Rp,DSP01,BD-PIHPS
2025-10-28,17,harga_pihps,134400.0,Rp,DSP02,BD-PIHPS
2025-10-28,17,harga_pihps,17450.0,Rp,GLP01,BD-PIHPS
2025-10-28,17,harga_pihps,19150.0,Rp,GLP02,BD-PIHPS
2025-10-28,17,harga_pihps,17200.0,Rp,MGR01,BD-PIHPS
2025-10-28,17,harga_pihps,20950.0,Rp,MGR02,BD-PIHPS
2025-10-28,17,harga_pihps,20200.0,Rp,MGR03,BD-PIHPS
2025-10-28,17,harga_pihps,29100.0,Rp,TLR01,BD-PIHPS
2025-10-29,17,harga_pihps,14150.0,Rp,BRS01,BD-PIHPS
2025-10-29,17,harga_pihps,15550.0,Rp,BRS02,BD-PIHPS
2025-10-29,17,harga_pihps,15400.0,Rp,BRS03,BD-PIHPS
2025-10-29,17,harga_pihps,15900.0,Rp,BRS04,BD-PIHPS
2025-10-29,17,harga_pihps,15900.0,Rp,BRS05,BD-PIHPS
2025-10-29,17,harga_pihps,16150.0,Rp,BRS06,BD-PIHPS
2025-10-29,17,harga_pihps,40500.0,Rp,BWM01,BD-PIHPS
2025-10-29,17,harga_pihps,37000.0,Rp,BWP01,BD-PIHPS
2025-10-29,17,harga_pihps,57500.0,Rp,CMR01,BD-PIHPS
2025-10-29,17,harga_pihps,62900.0,Rp,CMR02,BD-PIHPS
2025-10-29,17,harga_pihps,32150.0,Rp,CRW01,BD-PIHPS
2025-10-29,17,harga_pihps,23700.0,Rp,CRW02,BD-PIHPS
2025-10-29,17,harga_pihps,36900.0,Rp,DAY01,BD-PIHPS
2025-10-29,17,harga_pihps,135000.0,Rp,DSP01,BD-PIHPS
2025-10-29,17,harga_pihps,134400.0,Rp,DSP02,BD-PIHPS
2025-10-29,17,harga_pihps,17400.0,Rp,GLP01,BD-PIHPS
2025-10-29,17,harga_pihps,19000.0,Rp,GLP02,BD-PIHPS
2025-10-29,17,harga_pihps,17200.0,Rp,MGR01,BD-PIHPS
2025-10-29,17,harga_pihps,20950.0,Rp,MGR02,BD-PIHPS
2025-10-29,17,harga_pihps,20200.0,Rp,MGR03,BD-PIHPS
2025-10-29,17,harga_pihps,29100.0,Rp,TLR01,BD-PIHPS
2025-10-30,17,harga_pihps,14200.0,Rp,BRS01,BD-PIHPS
2025-10-30,17,harga_pihps,15550.0,Rp,BRS02,BD-PIHPS
2025-10-30,17,harga_pihps,15400.0,Rp,BRS03,BD-PIHPS
2025-10-30,17,harga_pihps,15900.0,Rp,BRS04,BD-PIHPS
2025-10-30,17,harga_pihps,15900.0,Rp,BRS05,BD-PIHPS
2025-10-30,17,harga_pihps,16100.0,Rp,BRS06,BD-PIHPS
2025-10-30,17,harga_pihps,40650.0,Rp,BWM01,BD-PIHPS
2025-10-30,17,harga_pihps,36900.0,Rp,BWP01,BD-PIHPS
2025-10-30,17,harga_pihps,57750.0,Rp,CMR01,BD-PIHPS
2025-10-30,17,harga_pihps,62750.0,Rp,CMR02,BD-PIHPS
2025-10-30,17,harga_pihps,33250.0,Rp,CRW01,BD-PIHPS
2025-10-30,17,harga_pihps,24600.0,Rp,CRW02,BD-PIHPS
2025-10-30,17,harga_pihps,36900.0,Rp,DAY01,BD-PIHPS
2025-10-30,17,harga_pihps,135000.0,Rp,DSP01,BD-PIHPS
2025-10-30,17,harga_pihps,134400.0,Rp,DSP02,BD-PIHPS
2025-10-30,17,harga_pihps,17200.0,Rp,GLP01,BD-PIHPS
2025-10-30,17,harga_pihps,19000.0,Rp,GLP02,BD-PIHPS
2025-10-30,17,harga_pihps,17200.0,Rp,MGR01,BD-PIHPS
2025-10-30,17,harga_pihps,20950.0,Rp,MGR02,BD-PIHPS
2025-10-30,17,harga_pihps,20200.0,Rp,MGR03,BD-PIHPS
2025-10-30,17,harga_pihps,29100.0,Rp,TLR01,BD-PIHPS
2025-10-31,17,harga_pihps,14200.0,Rp,BRS01,BD-PIHPS
2025-10-31,17,harga_pihps,15550.0,Rp,BRS02,BD-PIHPS
2025-10-31,17,harga_pihps,15400.0,Rp,BRS03,BD-PIHPS
2025-10-31,17,harga_pihps,15900.0,Rp,BRS04,BD-PIHPS
2025-10-31,17,harga_pihps,15900.0,Rp,BRS05,BD-PIHPS
2025-10-31,17,harga_pihps,16100.0,Rp,BRS06,BD-PIHPS
2025-10-31,17,harga_pihps,39250.0,Rp,BWM01,BD-PIHPS
2025-10-31,17,harga_pihps,36250.0,Rp,BWP01,BD-PIHPS
2025-10-31,17,harga_pihps,54900.0,Rp,CMR01,BD-PIHPS
2025-10-31,17,harga_pihps,60250.0,Rp,CMR02,BD-PIHPS
2025-10-31,17,harga_pihps,32150.0,Rp,CRW01,BD-PIHPS
2025-10-31,17,harga_pihps,24050.0,Rp,CRW02,BD-PIHPS
2025-10-31,17,harga_pihps,36750.0,Rp,DAY01,BD-PIHPS
2025-10-31,17,harga_pihps,135000.0,Rp,DSP01,BD-PIHPS
2025-10-31,17,harga_pihps,134400.0,Rp,DSP02,BD-PIHPS
2025-10-31,17,harga_pihps,17200.0,Rp,GLP01,BD-PIHPS
2025-10-31,17,harga_pihps,19000.0,Rp,GLP02,BD-PIHPS
2025-10-31,17,harga_pihps,17200.0,Rp,MGR01,BD-PIHPS
2025-10-31,17,harga_pihps,20950.0,Rp,MGR02,BD-PIHPS
2025-10-31,17,harga_pihps,20200.0,Rp,MGR03,BD-PIHPS
2025-10-31,17,harga_pihps,29100.0,Rp,TLR01,BD-PIHPS
2025-11-03,17,harga_pihps,14200.0,Rp,BRS01,BD-PIHPS
2025-11-03,17,harga_pihps,15550.0,Rp,BRS02,BD-PIHPS
2025-11-03,17,harga_pihps,15400.0,Rp,BRS03,BD-PIHPS
2025-11-03,17,harga_pihps,15900.0,Rp,BRS04,BD-PIHPS
2025-11-03,17,harga_pihps,15900.0,Rp,BRS05,BD-PIHPS
2025-11-03,17,harga_pihps,16100.0,Rp,BRS06,BD-PIHPS
2025-11-03,17,harga_pihps,38900.0,Rp,BWM01,BD-PIHPS
2025-11-03,17,harga_pihps,36900.0,Rp,BWP01,BD-PIHPS
2025-11-03,17,harga_pihps,57000.0,Rp,CMR01,BD-PIHPS
2025-11-03,17,harga_pihps,61750.0,Rp,CMR02,BD-PIHPS
2025-11-03,17,harga_pihps,34000.0,Rp,CRW01,BD-PIHPS
2025-11-03,17,harga_pihps,24950.0,Rp,CRW02,BD-PIHPS
2025-11-03,17,harga_pihps,36750.0,Rp,DAY01,BD-PIHPS
2025-11-03,17,harga_pihps,135000.0,Rp,DSP01,BD-PIHPS
2025-11-03,17,harga_pihps,134400.0,Rp,DSP02,BD-PIHPS
2025-11-03,17,harga_pihps,17200.0,Rp,GLP01,BD-PIHPS
2025-11-03,17,harga_pihps,19000.0,Rp,GLP02,BD-PIHPS
2025-11-03,17,harga_pihps,17200.0,Rp,MGR01,BD-PIHPS
2025-11-03,17,harga_pihps,20950.0,Rp,MGR02,BD-PIHPS
2025-11-03,17,harga_pihps,20200.0,Rp,MGR03,BD-PIHPS
2025-11-03,17,harga_pihps,29100.0,Rp,TLR01,BD-PIHPS
2025-11-04,17,harga_pihps,14200.0,Rp,BRS01,BD-PIHPS
2025-11-04,17,harga_pihps,15550.0,Rp,BRS02,BD-PIHPS
2025-11-04,17,harga_pihps,15400.0,Rp,BRS03,BD-PIHPS
2025-11-04,17,harga_pihps,15900.0,Rp,BRS04,BD-PIHPS
2025-11-04,17,harga_pihps,15900.0,Rp,BRS05,BD-PIHPS
2025-11-04,17,harga_pihps,16100.0,Rp,BRS06,BD-PIHPS
2025-11-04,17,harga_pihps,38900.0,Rp,BWM01,BD-PIHPS
2025-11-04,17,harga_pihps,36900.0,Rp,BWP01,BD-PIHPS
2025-11-04,17,harga_pihps,58500.0,Rp,CMR01,BD-PIHPS
2025-11-04,17,harga_pihps,62650.0,Rp,CMR02,BD-PIHPS
2025-11-04,17,harga_pihps,35000.0,Rp,CRW01,BD-PIHPS
2025-11-04,17,harga_pihps,25900.0,Rp,CRW02,BD-PIHPS
2025-11-04,17,harga_pihps,36150.0,Rp,DAY01,BD-PIHPS
2025-11-04,17,harga_pihps,135000.0,Rp,DSP01,BD-PIHPS
2025-11-04,17,harga_pihps,134400.0,Rp,DSP02,BD-PIHPS
2025-11-04,17,harga_pihps,17200.0,Rp,GLP01,BD-PIHPS
2025-11-04,17,harga_pihps,19000.0,Rp,GLP02,BD-PIHPS
2025-11-04,17,harga_pihps,17200.0,Rp,MGR01,BD-PIHPS
2025-11-04,17,harga_pihps,20950.0,Rp,MGR02,BD-PIHPS
2025-11-04,17,harga_pihps,20200.0,Rp,MGR03,BD-PIHPS
2025-11-04,17,harga_pihps,29100.0,Rp,TLR01,BD-PIHPS
2025-11-05,17,harga_pihps,14200.0,Rp,BRS01,BD-PIHPS
2025-11-05,17,harga_pihps,15550.0,Rp,BRS02,BD-PIHPS
2025-11-05,17,harga_pihps,15400.0,Rp,BRS03,BD-PIHPS
2025-11-05,17,harga_pihps,15900.0,Rp,BRS04,BD-PIHPS
2025-11-05,17,harga_pihps,15900.0,Rp,BRS05,BD-PIHPS
2025-11-05,17,harga_pihps,16100.0,Rp,BRS06,BD-PIHPS
2025-11-05,17,harga_pihps,39150.0,Rp,BWM01,BD-PIHPS
2025-11-05,17,harga_pihps,36900.0,Rp,BWP01,BD-PIHPS
2025-11-05,17,harga_pihps,55400.0,Rp,CMR01,BD-PIHPS
2025-11-05,17,harga_pihps,60400.0,Rp,CMR02,BD-PIHPS
2025-11-05,17,harga_pihps,35000.0,Rp,CRW01,BD-PIHPS
2025-11-05,17,harga_pihps,25450.0,Rp,CRW02,BD-PIHPS
2025-11-05,17,harga_pihps,35750.0,Rp,DAY01,BD-PIHPS
2025-11-05,17,harga_pihps,135000.0,Rp,DSP01,BD-PIHPS
2025-11-05,17,harga_pihps,134400.0,Rp,DSP02,BD-PIHPS
2025-11-05,17,harga_pihps,17200.0,Rp,GLP01,BD-PIHPS
2025-11-05,17,harga_pihps,19000.0,Rp,GLP02,BD-PIHPS
2025-11-05,17,harga_pihps,17200.0,Rp,MGR01,BD-PIHPS
2025-11-05,17,harga_pihps,20950.0,Rp,MGR02,BD-PIHPS
2025-11-05,17,harga_pihps,20200.0,Rp,MGR03,BD-PIHPS
2025-11-05,17,harga_pihps,29100.0,Rp,TLR01,BD-PIHPS
2025-11-06,17,harga_pihps,14200.0,Rp,BRS01,BD-PIHPS
2025-11-06,17,harga_pihps,15550.0,Rp,BRS02,BD-PIHPS
2025-11-06,17,harga_pihps,15400.0,Rp,BRS03,BD-PIHPS
2025-11-06,17,harga_pihps,15900.0,Rp,BRS04,BD-PIHPS
2025-11-06,17,harga_pihps,15900.0,Rp,BRS05,BD-PIHPS
2025-11-06,17,harga_pihps,16100.0,Rp,BRS06,BD-PIHPS
2025-11-06,17,harga_pihps,39150.0,Rp,BWM01,BD-PIHPS
2025-11-06,17,harga_pihps,36900.0,Rp,BWP01,BD-PIHPS
2025-11-06,17,harga_pihps,53400.0,Rp,CMR01,BD-PIHPS
2025-11-06,17,harga_pihps,58500.0,Rp,CMR02,BD-PIHPS
2025-11-06,17,harga_pihps,34400.0,Rp,CRW01,BD-PIHPS
2025-11-06,17,harga_pihps,25450.0,Rp,CRW02,BD-PIHPS
2025-11-06,17,harga_pihps,35750.0,Rp,DAY01,BD-PIHPS
2025-11-06,17,harga_pihps,135000.0,Rp,DSP01,BD-PIHPS
2025-11-06,17,harga_pihps,134400.0,Rp,DSP02,BD-PIHPS
2025-11-06,17,harga_pihps,17200.0,Rp,GLP01,BD-PIHPS
2025-11-06,17,harga_pihps,19000.0,Rp,GLP02,BD-PIHPS
2025-11-06,17,harga_pihps,17200.0,Rp,MGR01,BD-PIHPS
2025-11-06,17,harga_pihps,20950.0,Rp,MGR02,BD-PIHPS
2025-11-06,17,harga_pihps,20200.0,Rp,MGR03,BD-PIHPS
2025-11-06,17,harga_pihps,29100.0,Rp,TLR01,BD-PIHPS
2025-11-07,17,harga_pihps,14200.0,Rp,BRS01,BD-PIHPS
2025-11-07,17,harga_pihps,15550.0,Rp,BRS02,BD-PIHPS
2025-11-07,17,harga_pihps,15400.0,Rp,BRS03,BD-PIHPS
2025-11-07,17,harga_pihps,15900.0,Rp,BRS04,BD-PIHPS
2025-11-07,17,harga_pihps,15900.0,Rp,BRS05,BD-PIHPS
2025-11-07,17,harga_pihps,16100.0,Rp,BRS06,BD-PIHPS
2025-11-07,17,harga_pihps,40400.0,Rp,BWM01,BD-PIHPS
2025-11-07,17,harga_pihps,37400.0,Rp,BWP01,BD-PIHPS
2025-11-07,17,harga_pihps,56900.0,Rp,CMR01,BD-PIHPS
2025-11-07,17,harga_pihps,61400.0,Rp,CMR02,BD-PIHPS
2025-11-07,17,harga_pihps,37900.0,Rp,CRW01,BD-PIHPS
2025-11-07,17,harga_pihps,27450.0,Rp,CRW02,BD-PIHPS
2025-11-07,17,harga_pihps,35750.0,Rp,DAY01,BD-PIHPS
2025-11-07,17,harga_pihps,135000.0,Rp,DSP01,BD-PIHPS
2025-11-07,17,harga_pihps,134400.0,Rp,DSP02,BD-PIHPS
2025-11-07,17,harga_pihps,17200.0,Rp,GLP01,BD-PIHPS
2025-11-07,17,harga_pihps,19000.0,Rp,GLP02,BD-PIHPS
2025-11-07,17,harga_pihps,17200.0,Rp,MGR01,BD-PIHPS
2025-11-07,17,harga_pihps,20950.0,Rp,MGR02,BD-PIHPS
2025-11-07,17,harga_pihps,20200.0,Rp,MGR03,BD-PIHPS
2025-11-07,17,harga_pihps,29100.0,Rp,TLR01,BD-PIHPS
2025-11-10,17,harga_pihps,14200.0,Rp,BRS01,BD-PIHPS
2025-11-10,17,harga_pihps,15550.0,Rp,BRS02,BD-PIHPS
2025-11-10,17,harga_pihps,15400.0,Rp,BRS03,BD-PIHPS
2025-11-10,17,harga_pihps,15900.0,Rp,BRS04,BD-PIHPS
2025-11-10,17,harga_pihps,15900.0,Rp,BRS05,BD-PIHPS
2025-11-10,17,harga_pihps,16100.0,Rp,BRS06,BD-PIHPS
2025-11-10,17,harga_pihps,40750.0,Rp,BWM01,BD-PIHPS
2025-11-10,17,harga_pihps,37000.0,Rp,BWP01,BD-PIHPS
2025-11-10,17,harga_pihps,58750.0,Rp,CMR01,BD-PIHPS
2025-11-10,17,harga_pihps,63250.0,Rp,CMR02,BD-PIHPS
2025-11-10,17,harga_pihps,37000.0,Rp,CRW01,BD-PIHPS
2025-11-10,17,harga_pihps,26200.0,Rp,CRW02,BD-PIHPS
2025-11-10,17,harga_pihps,35650.0,Rp,DAY01,BD-PIHPS
2025-11-10,17,harga_pihps,135000.0,Rp,DSP01,BD-PIHPS
2025-11-10,17,harga_pihps,134400.0,Rp,DSP02,BD-PIHPS
2025-11-10,17,harga_pihps,17200.0,Rp,GLP01,BD-PIHPS
2025-11-10,17,harga_pihps,19000.0,Rp,GLP02,BD-PIHPS
2025-11-10,17,harga_pihps,17200.0,Rp,MGR01,BD-PIHPS
2025-11-10,17,harga_pihps,20950.0,Rp,MGR02,BD-PIHPS
2025-11-10,17,harga_pihps,20200.0,Rp,MGR03,BD-PIHPS
2025-11-10,17,harga_pihps,29100.0,Rp,TLR01,BD-PIHPS
2025-11-11,17,harga_pihps,14200.0,Rp,BRS01,BD-PIHPS
2025-11-11,17,harga_pihps,14300.0,Rp,BRS02,BD-PIHPS
2025-11-11,17,harga_pihps,15400.0,Rp,BRS03,BD-PIHPS
2025-11-11,17,harga_pihps,15900.0,Rp,BRS04,BD-PIHPS
2025-11-11,17,harga_pihps,15900.0,Rp,BRS05,BD-PIHPS
2025-11-11,17,harga_pihps,16100.0,Rp,BRS06,BD-PIHPS
2025-11-11,17,harga_pihps,39750.0,Rp,BWM01,BD-PIHPS
2025-11-11,17,harga_pihps,36150.0,Rp,BWP01,BD-PIHPS
2025-11-11,17,harga_pihps,60250.0,Rp,CMR01,BD-PIHPS
2025-11-11,17,harga_pihps,65400.0,Rp,CMR02,BD-PIHPS
2025-11-11,17,harga_pihps,35150.0,Rp,CRW01,BD-PIHPS
2025-11-11,17,harga_pihps,25600.0,Rp,CRW02,BD-PIHPS
2025-11-11,17,harga_pihps,35650.0,Rp,DAY01,BD-PIHPS
2025-11-11,17,harga_pihps,135000.0,Rp,DSP01,BD-PIHPS
2025-11-11,17,harga_pihps,134400.0,Rp,DSP02,BD-PIHPS
2025-11-11,17,harga_pihps,17200.0,Rp,GLP01,BD-PIHPS
2025-11-11,17,harga_pihps,19000.0,Rp,GLP02,BD-PIHPS
2025-11-11,17,harga_pihps,17200.0,Rp,MGR01,BD-PIHPS
2025-11-11,17,harga_pihps,20950.0,Rp,MGR02,BD-PIHPS
2025-11-11,17,harga_pihps,20200.0,Rp,MGR03,BD-PIHPS
2025-11-11,17,harga_pihps,29100.0,Rp,TLR01,BD-PIHPS
2025-11-12,17,harga_pihps,14200.0,Rp,BRS01,BD-PIHPS
2025-11-12,17,harga_pihps,15550.0,Rp,BRS02,BD-PIHPS
2025-11-12,17,harga_pihps,15400.0,Rp,BRS03,BD-PIHPS
2025-11-12,17,harga_pihps,15900.0,Rp,BRS04,BD-PIHPS
2025-11-12,17,harga_pihps,15900.0,Rp,BRS05,BD-PIHPS
2025-11-12,17,harga_pihps,16100.0,Rp,BRS06,BD-PIHPS
2025-11-12,17,harga_pihps,40000.0,Rp,BWM01,BD-PIHPS
2025-11-12,17,harga_pihps,36500.0,Rp,BWP01,BD-PIHPS
2025-11-12,17,harga_pihps,60750.0,Rp,CMR01,BD-PIHPS
2025-11-12,17,harga_pihps,65150.0,Rp,CMR02,BD-PIHPS
2025-11-12,17,harga_pihps,37250.0,Rp,CRW01,BD-PIHPS
2025-11-12,17,harga_pihps,27350.0,Rp,CRW02,BD-PIHPS
2025-11-12,17,harga_pihps,35650.0,Rp,DAY01,BD-PIHPS
2025-11-12,17,harga_pihps,135000.0,Rp,DSP01,BD-PIHPS
2025-11-12,17,harga_pihps,134400.0,Rp,DSP02,BD-PIHPS
2025-11-12,17,harga_pihps,17200.0,Rp,GLP01,BD-PIHPS
2025-11-12,17,harga_pihps,19000.0,Rp,GLP02,BD-PIHPS
2025-11-12,17,harga_pihps,17200.0,Rp,MGR01,BD-PIHPS
2025-11-12,17,harga_pihps,20950.0,Rp,MGR02,BD-PIHPS
2025-11-12,17,harga_pihps,20200.0,Rp,MGR03,BD-PIHPS
2025-11-12,17,harga_pihps,29100.0,Rp,TLR01,BD-PIHPS
2025-11-13,17,harga_pihps,14200.0,Rp,BRS01,BD-PIHPS
2025-11-13,17,harga_pihps,15550.0,Rp,BRS02,BD-PIHPS
2025-11-13,17,harga_pihps,15400.0,Rp,BRS03,BD-PIHPS
2025-11-13,17,harga_pihps,15900.0,Rp,BRS04,BD-PIHPS
2025-11-13,17,harga_pihps,15900.0,Rp,BRS05,BD-PIHPS
2025-11-13,17,harga_pihps,16100.0,Rp,BRS06,BD-PIHPS
2025-11-13,17,harga_pihps,40900.0,Rp,BWM01,BD-PIHPS
2025-11-13,17,harga_pihps,37500.0,Rp,BWP01,BD-PIHPS
2025-11-13,17,harga_pihps,60400.0,Rp,CMR01,BD-PIHPS
2025-11-13,17,harga_pihps,64900.0,Rp,CMR02,BD-PIHPS
2025-11-13,17,harga_pihps,38250.0,Rp,CRW01,BD-PIHPS
2025-11-13,17,harga_pihps,29050.0,Rp,CRW02,BD-PIHPS
2025-11-13,17,harga_pihps,35500.0,Rp,DAY01,BD-PIHPS
2025-11-13,17,harga_pihps,135000.0,Rp,DSP01,BD-PIHPS
2025-11-13,17,harga_pihps,134400.0,Rp,DSP02,BD-PIHPS
2025-11-13,17,harga_pihps,17200.0,Rp,GLP01,BD-PIHPS
2025-11-13,17,harga_pihps,19000.0,Rp,GLP02,BD-PIHPS
2025-11-13,17,harga_pihps,17200.0,Rp,MGR01,BD-PIHPS
2025-11-13,17,harga_pihps,20950.0,Rp,MGR02,BD-PIHPS
2025-11-13,17,harga_pihps,20200.0,Rp,MGR03,BD-PIHPS
2025-11-13,17,harga_pihps,29100.0,Rp,TLR01,BD-PIHPS
2025-11-14,17,harga_pihps,14200.0,Rp,BRS01,BD-PIHPS
2025-11-14,17,harga_pihps,14300.0,Rp,BRS02,BD-PIHPS
2025-11-14,17,harga_pihps,15400.0,Rp,BRS03,BD-PIHPS
2025-11-14,17,harga_pihps,15900.0,Rp,BRS04,BD-PIHPS
2025-11-14,17,harga_pihps,15900.0,Rp,BRS05,BD-PIHPS
2025-11-14,17,harga_pihps,16100.0,Rp,BRS06,BD-PIHPS
2025-11-14,17,harga_pihps,40250.0,Rp,BWM01,BD-PIHPS
2025-11-14,17,harga_pihps,37000.0,Rp,BWP01,BD-PIHPS
2025-11-14,17,harga_pihps,59750.0,Rp,CMR01,BD-PIHPS
2025-11-14,17,harga_pihps,65250.0,Rp,CMR02,BD-PIHPS
2025-11-14,17,harga_pihps,35650.0,Rp,CRW01,BD-PIHPS
2025-11-14,17,harga_pihps,26850.0,Rp,CRW02,BD-PIHPS
2025-11-14,17,harga_pihps,37900.0,Rp,DAY01,BD-PIHPS
2025-11-14,17,harga_pihps,135000.0,Rp,DSP01,BD-PIHPS
2025-11-14,17,harga_pihps,134400.0,Rp,DSP02,BD-PIHPS
2025-11-14,17,harga_pihps,17300.0,Rp,GLP01,BD-PIHPS
2025-11-14,17,harga_pihps,19000.0,Rp,GLP02,BD-PIHPS
2025-11-14,17,harga_pihps,17200.0,Rp,MGR01,BD-PIHPS
2025-11-14,17,harga_pihps,20950.0,Rp,MGR02,BD-PIHPS
2025-11-14,17,harga_pihps,20200.0,Rp,MGR03,BD-PIHPS
2025-11-14,17,harga_pihps,29100.0,Rp,TLR01,BD-PIHPS
2025-11-17,17,harga_pihps,14200.0,Rp,BRS01,BD-PIHPS
2025-11-17,17,harga_pihps,15550.0,Rp,BRS02,BD-PIHPS
2025-11-17,17,harga_pihps,15400.0,Rp,BRS03,BD-PIHPS
2025-11-17,17,harga_pihps,15900.0,Rp,BRS04,BD-PIHPS
2025-11-17,17,harga_pihps,15900.0,Rp,BRS05,BD-PIHPS
2025-11-17,17,harga_pihps,16100.0,Rp,BRS06,BD-PIHPS
2025-11-17,17,harga_pihps,41900.0,Rp,BWM01,BD-PIHPS
2025-11-17,17,harga_pihps,37250.0,Rp,BWP01,BD-PIHPS
2025-11-17,17,harga_pihps,60150.0,Rp,CMR01,BD-PIHPS
2025-11-17,17,harga_pihps,65500.0,Rp,CMR02,BD-PIHPS
2025-11-17,17,harga_pihps,36150.0,Rp,CRW01,BD-PIHPS
2025-11-17,17,harga_pihps,27300.0,Rp,CRW02,BD-PIHPS
2025-11-17,17,harga_pihps,38500.0,Rp,DAY01,BD-PIHPS
2025-11-17,17,harga_pihps,135000.0,Rp,DSP01,BD-PIHPS
2025-11-17,17,harga_pihps,134400.0,Rp,DSP02,BD-PIHPS
2025-11-17,17,harga_pihps,17300.0,Rp,GLP01,BD-PIHPS
2025-11-17,17,harga_pihps,19000.0,Rp,GLP02,BD-PIHPS
2025-11-17,17,harga_pihps,17200.0,Rp,MGR01,BD-PIHPS
2025-11-17,17,harga_pihps,20950.0,Rp,MGR02,BD-PIHPS
2025-11-17,17,harga_pihps,20200.0,Rp,MGR03,BD-PIHPS
2025-11-17,17,harga_pihps,29200.0,Rp,TLR01,BD-PIHPS
2025-11-18,17,harga_pihps,14200.0,Rp,BRS01,BD-PIHPS
2025-11-18,17,harga_pihps,15550.0,Rp,BRS02,BD-PIHPS
2025-11-18,17,harga_pihps,15400.0,Rp,BRS03,BD-PIHPS
2025-11-18,17,harga_pihps,15900.0,Rp,BRS04,BD-PIHPS
2025-11-18,17,harga_pihps,15900.0,Rp,BRS05,BD-PIHPS
2025-11-18,17,harga_pihps,16100.0,Rp,BRS06,BD-PIHPS
2025-11-18,17,harga_pihps,42250.0,Rp,BWM01,BD-PIHPS
2025-11-18,17,harga_pihps,37650.0,Rp,BWP01,BD-PIHPS
2025-11-18,17,harga_pihps,62000.0,Rp,CMR01,BD-PIHPS
2025-11-18,17,harga_pihps,66150.0,Rp,CMR02,BD-PIHPS
2025-11-18,17,harga_pihps,37000.0,Rp,CRW01,BD-PIHPS
2025-11-18,17,harga_pihps,28000.0,Rp,CRW02,BD-PIHPS
2025-11-18,17,harga_pihps,38500.0,Rp,DAY01,BD-PIHPS
2025-11-18,17,harga_pihps,135000.0,Rp,DSP01,BD-PIHPS
2025-11-18,17,harga_pihps,134400.0,Rp,DSP02,BD-PIHPS
2025-11-18,17,harga_pihps,17300.0,Rp,GLP01,BD-PIHPS
2025-11-18,17,harga_pihps,19000.0,Rp,GLP02,BD-PIHPS
2025-11-18,17,harga_pihps,17200.0,Rp,MGR01,BD-PIHPS
2025-11-18,17,harga_pihps,20950.0,Rp,MGR02,BD-PIHPS
2025-11-18,17,harga_pihps,20200.0,Rp,MGR03,BD-PIHPS
2025-11-18,17,harga_pihps,29200.0,Rp,TLR01,BD-PIHPS
2025-11-19,17,harga_pihps,14200.0,Rp,BRS01,BD-PIHPS
2025-11-19,17,harga_pihps,15300.0,Rp,BRS02,BD-PIHPS
2025-11-19,17,harga_pihps,15400.0,Rp,BRS03,BD-PIHPS
2025-11-19,17,harga_pihps,15900.0,Rp,BRS04,BD-PIHPS
2025-11-19,17,harga_pihps,15900.0,Rp,BRS05,BD-PIHPS
2025-11-19,17,harga_pihps,16100.0,Rp,BRS06,BD-PIHPS
2025-11-19,17,harga_pihps,42500.0,Rp,BWM01,BD-PIHPS
2025-11-19,17,harga_pihps,38500.0,Rp,BWP01,BD-PIHPS
2025-11-19,17,harga_pihps,57650.0,Rp,CMR01,BD-PIHPS
2025-11-19,17,harga_pihps,61900.0,Rp,CMR02,BD-PIHPS
2025-11-19,17,harga_pihps,34900.0,Rp,CRW01,BD-PIHPS
2025-11-19,17,harga_pihps,28900.0,Rp,CRW02,BD-PIHPS
2025-11-19,17,harga_pihps,39900.0,Rp,DAY01,BD-PIHPS
2025-11-19,17,harga_pihps,135000.0,Rp,DSP01,BD-PIHPS
2025-11-19,17,harga_pihps,134400.0,Rp,DSP02,BD-PIHPS
2025-11-19,17,harga_pihps,17300.0,Rp,GLP01,BD-PIHPS
2025-11-19,17,harga_pihps,19000.0,Rp,GLP02,BD-PIHPS
2025-11-19,17,harga_pihps,17300.0,Rp,MGR01,BD-PIHPS
2025-11-19,17,harga_pihps,20950.0,Rp,MGR02,BD-PIHPS
2025-11-19,17,harga_pihps,20200.0,Rp,MGR03,BD-PIHPS
2025-11-19,17,harga_pihps,29200.0,Rp,TLR01,BD-PIHPS
2025-11-20,17,harga_pihps,14200.0,Rp,BRS01,BD-PIHPS
2025-11-20,17,harga_pihps,15300.0,Rp,BRS02,BD-PIHPS
2025-11-20,17,harga_pihps,15400.0,Rp,BRS03,BD-PIHPS
2025-11-20,17,harga_pihps,15900.0,Rp,BRS04,BD-PIHPS
2025-11-20,17,harga_pihps,15900.0,Rp,BRS05,BD-PIHPS
2025-11-20,17,harga_pihps,16100.0,Rp,BRS06,BD-PIHPS
2025-11-20,17,harga_pihps,42750.0,Rp,BWM01,BD-PIHPS
2025-11-20,17,harga_pihps,38900.0,Rp,BWP01,BD-PIHPS
2025-11-20,17,harga_pihps,54900.0,Rp,CMR01,BD-PIHPS
2025-11-20,17,harga_pihps,58750.0,Rp,CMR02,BD-PIHPS
2025-11-20,17,harga_pihps,32900.0,Rp,CRW01,BD-PIHPS
2025-11-20,17,harga_pihps,29650.0,Rp,CRW02,BD-PIHPS
2025-11-20,17,harga_pihps,40250.0,Rp,DAY01,BD-PIHPS
2025-11-20,17,harga_pihps,135000.0,Rp,DSP01,BD-PIHPS
2025-11-20,17,harga_pihps,134400.0,Rp,DSP02,BD-PIHPS
2025-11-20,17,harga_pihps,17400.0,Rp,GLP01,BD-PIHPS
2025-11-20,17,harga_pihps,19250.0,Rp,GLP02,BD-PIHPS
2025-11-20,17,harga_pihps,17400.0,Rp,MGR01,BD-PIHPS
2025-11-20,17,harga_pihps,20950.0,Rp,MGR02,BD-PIHPS
2025-11-20,17,harga_pihps,20200.0,Rp,MGR03,BD-PIHPS
2025-11-20,17,harga_pihps,29200.0,Rp,TLR01,BD-PIHPS
2025-11-21,17,harga_pihps,14200.0,Rp,BRS01,BD-PIHPS
2025-11-21,17,harga_pihps,15300.0,Rp,BRS02,BD-PIHPS
2025-11-21,17,harga_pihps,15400.0,Rp,BRS03,BD-PIHPS
2025-11-21,17,harga_pihps,15900.0,Rp,BRS04,BD-PIHPS
2025-11-21,17,harga_pihps,15900.0,Rp,BRS05,BD-PIHPS
2025-11-21,17,harga_pihps,16100.0,Rp,BRS06,BD-PIHPS
2025-11-21,17,harga_pihps,43750.0,Rp,BWM01,BD-PIHPS
2025-11-21,17,harga_pihps,39500.0,Rp,BWP01,BD-PIHPS
2025-11-21,17,harga_pihps,58500.0,Rp,CMR01,BD-PIHPS
2025-11-21,17,harga_pihps,63650.0,Rp,CMR02,BD-PIHPS
2025-11-21,17,harga_pihps,36650.0,Rp,CRW01,BD-PIHPS
2025-11-21,17,harga_pihps,30550.0,Rp,CRW02,BD-PIHPS
2025-11-21,17,harga_pihps,40000.0,Rp,DAY01,BD-PIHPS
2025-11-21,17,harga_pihps,135000.0,Rp,DSP01,BD-PIHPS
2025-11-21,17,harga_pihps,134400.0,Rp,DSP02,BD-PIHPS
2025-11-21,17,harga_pihps,17300.0,Rp,GLP01,BD-PIHPS
2025-11-21,17,harga_pihps,19000.0,Rp,GLP02,BD-PIHPS
2025-11-21,17,harga_pihps,17400.0,Rp,MGR01,BD-PIHPS
2025-11-21,17,harga_pihps,20950.0,Rp,MGR02,BD-PIHPS
2025-11-21,17,harga_pihps,20200.0,Rp,MGR03,BD-PIHPS
2025-11-21,17,harga_pihps,29300.0,Rp,TLR01,BD-PIHPS
2025-11-24,17,harga_pihps,14200.0,Rp,BRS01,BD-PIHPS
2025-11-24,17,harga_pihps,15300.0,Rp,BRS02,BD-PIHPS
2025-11-24,17,harga_pihps,15400.0,Rp,BRS03,BD-PIHPS
2025-11-24,17,harga_pihps,15900.0,Rp,BRS04,BD-PIHPS
2025-11-24,17,harga_pihps,15900.0,Rp,BRS05,BD-PIHPS
2025-11-24,17,harga_pihps,16100.0,Rp,BRS06,BD-PIHPS
2025-11-24,17,harga_pihps,44400.0,Rp,BWM01,BD-PIHPS
2025-11-24,17,harga_pihps,40000.0,Rp,BWP01,BD-PIHPS
2025-11-24,17,harga_pihps,61250.0,Rp,CMR01,BD-PIHPS
2025-11-24,17,harga_pihps,66400.0,Rp,CMR02,BD-PIHPS
2025-11-24,17,harga_pihps,37400.0,Rp,CRW01,BD-PIHPS
2025-11-24,17,harga_pihps,31450.0,Rp,CRW02,BD-PIHPS
2025-11-24,17,harga_pihps,40250.0,Rp,DAY01,BD-PIHPS
2025-11-24,17,harga_pihps,135000.0,Rp,DSP01,BD-PIHPS
2025-11-24,17,harga_pihps,134400.0,Rp,DSP02,BD-PIHPS
2025-11-24,17,harga_pihps,17300.0,Rp,GLP01,BD-PIHPS
2025-11-24,17,harga_pihps,19000.0,Rp,GLP02,BD-PIHPS
2025-11-24,17,harga_pihps,17400.0,Rp,MGR01,BD-PIHPS
2025-11-24,17,harga_pihps,20950.0,Rp,MGR02,BD-PIHPS
2025-11-24,17,harga_pihps,20200.0,Rp,MGR03,BD-PIHPS
2025-11-24,17,harga_pihps,29300.0,Rp,TLR01,BD-PIHPS
2025-11-25,17,harga_pihps,14200.0,Rp,BRS01,BD-PIHPS
2025-11-25,17,harga_pihps,15300.0,Rp,BRS02,BD-PIHPS
2025-11-25,17,harga_pihps,15400.0,Rp,BRS03,BD-PIHPS
2025-11-25,17,harga_pihps,15900.0,Rp,BRS04,BD-PIHPS
2025-11-25,17,harga_pihps,15900.0,Rp,BRS05,BD-PIHPS
2025-11-25,17,harga_pihps,16100.0,Rp,BRS06,BD-PIHPS
2025-11-25,17,harga_pihps,44650.0,Rp,BWM01,BD-PIHPS
2025-11-25,17,harga_pihps,40650.0,Rp,BWP01,BD-PIHPS
2025-11-25,17,harga_pihps,64250.0,Rp,CMR01,BD-PIHPS
2025-11-25,17,harga_pihps,68500.0,Rp,CMR02,BD-PIHPS
2025-11-25,17,harga_pihps,37900.0,Rp,CRW01,BD-PIHPS
2025-11-25,17,harga_pihps,32400.0,Rp,CRW02,BD-PIHPS
2025-11-25,17,harga_pihps,40250.0,Rp,DAY01,BD-PIHPS
2025-11-25,17,harga_pihps,135000.0,Rp,DSP01,BD-PIHPS
2025-11-25,17,harga_pihps,134400.0,Rp,DSP02,BD-PIHPS
2025-11-25,17,harga_pihps,17300.0,Rp,GLP01,BD-PIHPS
2025-11-25,17,harga_pihps,19000.0,Rp,GLP02,BD-PIHPS
2025-11-25,17,harga_pihps,17400.0,Rp,MGR01,BD-PIHPS
2025-11-25,17,harga_pihps,20950.0,Rp,MGR02,BD-PIHPS
2025-11-25,17,harga_pihps,20200.0,Rp,MGR03,BD-PIHPS
2025-11-25,17,harga_pihps,29300.0,Rp,TLR01,BD-PIHPS
2025-11-26,17,harga_pihps,14200.0,Rp,BRS01,BD-PIHPS
2025-11-26,17,harga_pihps,15300.0,Rp,BRS02,BD-PIHPS
2025-11-26,17,harga_pihps,15400.0,Rp,BRS03,BD-PIHPS
2025-11-26,17,harga_pihps,15900.0,Rp,BRS04,BD-PIHPS
2025-11-26,17,harga_pihps,15900.0,Rp,BRS05,BD-PIHPS
2025-11-26,17,harga_pihps,16100.0,Rp,BRS06,BD-PIHPS
2025-11-26,17,harga_pihps,44900.0,Rp,BWM01,BD-PIHPS
2025-11-26,17,harga_pihps,41000.0,Rp,BWP01,BD-PIHPS
2025-11-26,17,harga_pihps,63500.0,Rp,CMR01,BD-PIHPS
2025-11-26,17,harga_pihps,67900.0,Rp,CMR02,BD-PIHPS
2025-11-26,17,harga_pihps,37900.0,Rp,CRW01,BD-PIHPS
2025-11-26,17,harga_pihps,32550.0,Rp,CRW02,BD-PIHPS
2025-11-26,17,harga_pihps,41900.0,Rp,DAY01,BD-PIHPS
2025-11-26,17,harga_pihps,135000.0,Rp,DSP01,BD-PIHPS
2025-11-26,17,harga_pihps,134400.0,Rp,DSP02,BD-PIHPS
2025-11-26,17,harga_pihps,17300.0,Rp,GLP01,BD-PIHPS
2025-11-26,17,harga_pihps,19000.0,Rp,GLP02,BD-PIHPS
2025-11-26,17,harga_pihps,17500.0,Rp,MGR01,BD-PIHPS
2025-11-26,17,harga_pihps,20950.0,Rp,MGR02,BD-PIHPS
2025-11-26,17,harga_pihps,20200.0,Rp,MGR03,BD-PIHPS
2025-11-26,17,harga_pihps,29300.0,Rp,TLR01,BD-PIHPS
2025-11-27,17,harga_pihps,14200.0,Rp,BRS01,BD-PIHPS
2025-11-27,17,harga_pihps,15300.0,Rp,BRS02,BD-PIHPS
2025-11-27,17,harga_pihps,15400.0,Rp,BRS03,BD-PIHPS
2025-11-27,17,harga_pihps,15900.0,Rp,BRS04,BD-PIHPS
2025-11-27,17,harga_pihps,15900.0,Rp,BRS05,BD-PIHPS
2025-11-27,17,harga_pihps,16100.0,Rp,BRS06,BD-PIHPS
2025-11-27,17,harga_pihps,44650.0,Rp,BWM01,BD-PIHPS
2025-11-27,17,harga_pihps,40250.0,Rp,BWP01,BD-PIHPS
2025-11-27,17,harga_pihps,61400.0,Rp,CMR01,BD-PIHPS
2025-11-27,17,harga_pihps,64900.0,Rp,CMR02,BD-PIHPS
2025-11-27,17,harga_pihps,35900.0,Rp,CRW01,BD-PIHPS
2025-11-27,17,harga_pihps,31350.0,Rp,CRW02,BD-PIHPS
2025-11-27,17,harga_pihps,42150.0,Rp,DAY01,BD-PIHPS
2025-11-27,17,harga_pihps,135000.0,Rp,DSP01,BD-PIHPS
2025-11-27,17,harga_pihps,134400.0,Rp,DSP02,BD-PIHPS
2025-11-27,17,harga_pihps,17300.0,Rp,GLP01,BD-PIHPS
2025-11-27,17,harga_pihps,19000.0,Rp,GLP02,BD-PIHPS
2025-11-27,17,harga_pihps,17500.0,Rp,MGR01,BD-PIHPS
2025-11-27,17,harga_pihps,20950.0,Rp,MGR02,BD-PIHPS
2025-11-27,17,harga_pihps,20200.0,Rp,MGR03,BD-PIHPS
2025-11-27,17,harga_pihps,29300.0,Rp,TLR01,BD-PIHPS
2025-11-28,17,harga_pihps,14350.0,Rp,BRS01,BD-PIHPS
2025-11-28,17,harga_pihps,15300.0,Rp,BRS02,BD-PIHPS
2025-11-28,17,harga_pihps,15400.0,Rp,BRS03,BD-PIHPS
2025-11-28,17,harga_pihps,15950.0,Rp,BRS04,BD-PIHPS
2025-11-28,17,harga_pihps,15900.0,Rp,BRS05,BD-PIHPS
2025-11-28,17,harga_pihps,16200.0,Rp,BRS06,BD-PIHPS
2025-11-28,17,harga_pihps,44400.0,Rp,BWM01,BD-PIHPS
2025-11-28,17,harga_pihps,40250.0,Rp,BWP01,BD-PIHPS
2025-11-28,17,harga_pihps,61400.0,Rp,CMR01,BD-PIHPS
2025-11-28,17,harga_pihps,63750.0,Rp,CMR02,BD-PIHPS
2025-11-28,17,harga_pihps,35900.0,Rp,CRW01,BD-PIHPS
2025-11-28,17,harga_pihps,31350.0,Rp,CRW02,BD-PIHPS
2025-11-28,17,harga_pihps,41150.0,Rp,DAY01,BD-PIHPS
2025-11-28,17,harga_pihps,135000.0,Rp,DSP01,BD-PIHPS
2025-11-28,17,harga_pihps,134400.0,Rp,DSP02,BD-PIHPS
2025-11-28,17,harga_pihps,17300.0,Rp,GLP01,BD-PIHPS
2025-11-28,17,harga_pihps,19000.0,Rp,GLP02,BD-PIHPS
2025-11-28,17,harga_pihps,17700.0,Rp,MGR01,BD-PIHPS
2025-11-28,17,harga_pihps,20950.0,Rp,MGR02,BD-PIHPS
2025-11-28,17,harga_pihps,20200.0,Rp,MGR03,BD-PIHPS
2025-11-28,17,harga_pihps,29300.0,Rp,TLR01,BD-PIHPS
2025-12-01,17,harga_pihps,14350.0,Rp,BRS01,BD-PIHPS
2025-12-01,17,harga_pihps,15300.0,Rp,BRS02,BD-PIHPS
2025-12-01,17,harga_pihps,15400.0,Rp,BRS03,BD-PIHPS
2025-12-01,17,harga_pihps,15950.0,Rp,BRS04,BD-PIHPS
2025-12-01,17,harga_pihps,15900.0,Rp,BRS05,BD-PIHPS
2025-12-01,17,harga_pihps,16200.0,Rp,BRS06,BD-PIHPS
2025-12-01,17,harga_pihps,44650.0,Rp,BWM01,BD-PIHPS
2025-12-01,17,harga_pihps,40250.0,Rp,BWP01,BD-PIHPS
2025-12-01,17,harga_pihps,67750.0,Rp,CMR01,BD-PIHPS
2025-12-01,17,harga_pihps,70900.0,Rp,CMR02,BD-PIHPS
2025-12-01,17,harga_pihps,39500.0,Rp,CRW01,BD-PIHPS
2025-12-01,17,harga_pihps,34650.0,Rp,CRW02,BD-PIHPS
2025-12-01,17,harga_pihps,42750.0,Rp,DAY01,BD-PIHPS
2025-12-01,17,harga_pihps,135000.0,Rp,DSP01,BD-PIHPS
2025-12-01,17,harga_pihps,134400.0,Rp,DSP02,BD-PIHPS
2025-12-01,17,harga_pihps,17300.0,Rp,GLP01,BD-PIHPS
2025-12-01,17,harga_pihps,19000.0,Rp,GLP02,BD-PIHPS
2025-12-01,17,harga_pihps,17700.0,Rp,MGR01,BD-PIHPS
2025-12-01,17,harga_pihps,20950.0,Rp,MGR02,BD-PIHPS
2025-12-01,17,harga_pihps,20200.0,Rp,MGR03,BD-PIHPS
2025-12-01,17,harga_pihps,29300.0,Rp,TLR01,BD-PIHPS
2025-12-02,17,harga_pihps,14350.0,Rp,BRS01,BD-PIHPS
2025-12-02,17,harga_pihps,15300.0,Rp,BRS02,BD-PIHPS
2025-12-02,17,harga_pihps,15400.0,Rp,BRS03,BD-PIHPS
2025-12-02,17,harga_pihps,15950.0,Rp,BRS04,BD-PIHPS
2025-12-02,17,harga_pihps,15900.0,Rp,BRS05,BD-PIHPS
2025-12-02,17,harga_pihps,16250.0,Rp,BRS06,BD-PIHPS
2025-12-02,17,harga_pihps,44900.0,Rp,BWM01,BD-PIHPS
2025-12-02,17,harga_pihps,40000.0,Rp,BWP01,BD-PIHPS
2025-12-02,17,harga_pihps,72500.0,Rp,CMR01,BD-PIHPS
2025-12-02,17,harga_pihps,76650.0,Rp,CMR02,BD-PIHPS
2025-12-02,17,harga_pihps,41750.0,Rp,CRW01,BD-PIHPS
2025-12-02,17,harga_pihps,37850.0,Rp,CRW02,BD-PIHPS
2025-12-02,17,harga_pihps,43150.0,Rp,DAY01,BD-PIHPS
2025-12-02,17,harga_pihps,135000.0,Rp,DSP01,BD-PIHPS
2025-12-02,17,harga_pihps,134400.0,Rp,DSP02,BD-PIHPS
2025-12-02,17,harga_pihps,17300.0,Rp,GLP01,BD-PIHPS
2025-12-02,17,harga_pihps,19000.0,Rp,GLP02,BD-PIHPS
2025-12-02,17,harga_pihps,17700.0,Rp,MGR01,BD-PIHPS
2025-12-02,17,harga_pihps,20950.0,Rp,MGR02,BD-PIHPS
2025-12-02,17,harga_pihps,20200.0,Rp,MGR03,BD-PIHPS
2025-12-02,17,harga_pihps,29300.0,Rp,TLR01,BD-PIHPS
2025-12-03,17,harga_pihps,14350.0,Rp,BRS01,BD-PIHPS
2025-12-03,17,harga_pihps,15300.0,Rp,BRS02,BD-PIHPS
2025-12-03,17,harga_pihps,15400.0,Rp,BRS03,BD-PIHPS
2025-12-03,17,harga_pihps,15950.0,Rp,BRS04,BD-PIHPS
2025-12-03,17,harga_pihps,15900.0,Rp,BRS05,BD-PIHPS
2025-12-03,17,harga_pihps,16250.0,Rp,BRS06,BD-PIHPS
2025-12-03,17,harga_pihps,45250.0,Rp,BWM01,BD-PIHPS
2025-12-03,17,harga_pihps,40250.0,Rp,BWP01,BD-PIHPS
2025-12-03,17,harga_pihps,67500.0,Rp,CMR01,BD-PIHPS
2025-12-03,17,harga_pihps,72150.0,Rp,CMR02,BD-PIHPS
2025-12-03,17,harga_pihps,50500.0,Rp,CRW01,BD-PIHPS
2025-12-03,17,harga_pihps,43000.0,Rp,CRW02,BD-PIHPS
2025-12-03,17,harga_pihps,43400.0,Rp,DAY01,BD-PIHPS
2025-12-03,17,harga_pihps,136250.0,Rp,DSP01,BD-PIHPS
2025-12-03,17,harga_pihps,135650.0,Rp,DSP02,BD-PIHPS
2025-12-03,17,harga_pihps,17250.0,Rp,GLP01,BD-PIHPS
2025-12-03,17,harga_pihps,18900.0,Rp,GLP02,BD-PIHPS
2025-12-03,17,harga_pihps,17700.0,Rp,MGR01,BD-PIHPS
2025-12-03,17,harga_pihps,20950.0,Rp,MGR02,BD-PIHPS
2025-12-03,17,harga_pihps,20150.0,Rp,MGR03,BD-PIHPS
2025-12-03,17,harga_pihps,29700.0,Rp,TLR01,BD-PIHPS
2025-12-04,17,harga_pihps,14350.0,Rp,BRS01,BD-PIHPS
2025-12-04,17,harga_pihps,15300.0,Rp,BRS02,BD-PIHPS
2025-12-04,17,harga_pihps,15400.0,Rp,BRS03,BD-PIHPS
2025-12-04,17,harga_pihps,16000.0,Rp,BRS04,BD-PIHPS
2025-12-04,17,harga_pihps,15900.0,Rp,BRS05,BD-PIHPS
2025-12-04,17,harga_pihps,16200.0,Rp,BRS06,BD-PIHPS
2025-12-04,17,harga_pihps,46250.0,Rp,BWM01,BD-PIHPS
2025-12-04,17,harga_pihps,40250.0,Rp,BWP01,BD-PIHPS
2025-12-04,17,harga_pihps,64750.0,Rp,CMR01,BD-PIHPS
2025-12-04,17,harga_pihps,69900.0,Rp,CMR02,BD-PIHPS
2025-12-04,17,harga_pihps,54500.0,Rp,CRW01,BD-PIHPS
2025-12-04,17,harga_pihps,45800.0,Rp,CRW02,BD-PIHPS
2025-12-04,17,harga_pihps,43400.0,Rp,DAY01,BD-PIHPS
2025-12-04,17,harga_pihps,136250.0,Rp,DSP01,BD-PIHPS
2025-12-04,17,harga_pihps,135650.0,Rp,DSP02,BD-PIHPS
2025-12-04,17,harga_pihps,17250.0,Rp,GLP01,BD-PIHPS
2025-12-04,17,harga_pihps,18900.0,Rp,GLP02,BD-PIHPS
2025-12-04,17,harga_pihps,17700.0,Rp,MGR01,BD-PIHPS
2025-12-04,17,harga_pihps,20950.0,Rp,MGR02,BD-PIHPS
2025-12-04,17,harga_pihps,20150.0,Rp,MGR03,BD-PIHPS
2025-12-04,17,harga_pihps,29900.0,Rp,TLR01,BD-PIHPS
2025-12-05,17,harga_pihps,14350.0,Rp,BRS01,BD-PIHPS
2025-12-05,17,harga_pihps,15300.0,Rp,BRS02,BD-PIHPS
2025-12-05,17,harga_pihps,15350.0,Rp,BRS03,BD-PIHPS
2025-12-05,17,harga_pihps,15850.0,Rp,BRS04,BD-PIHPS
2025-12-05,17,harga_pihps,15950.0,Rp,BRS05,BD-PIHPS
2025-12-05,17,harga_pihps,16150.0,Rp,BRS06,BD-PIHPS
2025-12-05,17,harga_pihps,49650.0,Rp,BWM01,BD-PIHPS
2025-12-05,17,harga_pihps,41150.0,Rp,BWP01,BD-PIHPS
2025-12-05,17,harga_pihps,68000.0,Rp,CMR01,BD-PIHPS
2025-12-05,17,harga_pihps,73500.0,Rp,CMR02,BD-PIHPS
2025-12-05,17,harga_pihps,56900.0,Rp,CRW01,BD-PIHPS
2025-12-05,17,harga_pihps,49200.0,Rp,CRW02,BD-PIHPS
2025-12-05,17,harga_pihps,43150.0,Rp,DAY01,BD-PIHPS
2025-12-05,17,harga_pihps,136250.0,Rp,DSP01,BD-PIHPS
2025-12-05,17,harga_pihps,135650.0,Rp,DSP02,BD-PIHPS
2025-12-05,17,harga_pihps,17400.0,Rp,GLP01,BD-PIHPS
2025-12-05,17,harga_pihps,18900.0,Rp,GLP02,BD-PIHPS
2025-12-05,17,harga_pihps,18000.0,Rp,MGR01,BD-PIHPS
2025-12-05,17,harga_pihps,20950.0,Rp,MGR02,BD-PIHPS
2025-12-05,17,harga_pihps,20300.0,Rp,MGR03,BD-PIHPS
2025-12-05,17,harga_pihps,29900.0,Rp,TLR01,BD-PIHPS
2025-12-08,17,harga_pihps,14350.0,Rp,BRS01,BD-PIHPS
2025-12-08,17,harga_pihps,15300.0,Rp,BRS02,BD-PIHPS
2025-12-08,17,harga_pihps,15350.0,Rp,BRS03,BD-PIHPS
2025-12-08,17,harga_pihps,15850.0,Rp,BRS04,BD-PIHPS
2025-12-08,17,harga_pihps,15950.0,Rp,BRS05,BD-PIHPS
2025-12-08,17,harga_pihps,16150.0,Rp,BRS06,BD-PIHPS
2025-12-08,17,harga_pihps,50500.0,Rp,BWM01,BD-PIHPS
2025-12-08,17,harga_pihps,41650.0,Rp,BWP01,BD-PIHPS
2025-12-08,17,harga_pihps,64500.0,Rp,CMR01,BD-PIHPS
2025-12-08,17,harga_pihps,71400.0,Rp,CMR02,BD-PIHPS
2025-12-08,17,harga_pihps,56900.0,Rp,CRW01,BD-PIHPS
2025-12-08,17,harga_pihps,48800.0,Rp,CRW02,BD-PIHPS
2025-12-08,17,harga_pihps,43150.0,Rp,DAY01,BD-PIHPS
2025-12-08,17,harga_pihps,136250.0,Rp,DSP01,BD-PIHPS
2025-12-08,17,harga_pihps,135650.0,Rp,DSP02,BD-PIHPS
2025-12-08,17,harga_pihps,17400.0,Rp,GLP01,BD-PIHPS
2025-12-08,17,harga_pihps,18900.0,Rp,GLP02,BD-PIHPS
2025-12-08,17,harga_pihps,18000.0,Rp,MGR01,BD-PIHPS
2025-12-08,17,harga_pihps,20950.0,Rp,MGR02,BD-PIHPS
2025-12-08,17,harga_pihps,20300.0,Rp,MGR03,BD-PIHPS
2025-12-08,17,harga_pihps,29900.0,Rp,TLR01,BD-PIHPS
2025-12-09,17,harga_pihps,14350.0,Rp,BRS01,BD-PIHPS
2025-12-09,17,harga_pihps,15300.0,Rp,BRS02,BD-PIHPS
2025-12-09,17,harga_pihps,15350.0,Rp,BRS03,BD-PIHPS
2025-12-09,17,harga_pihps,15850.0,Rp,BRS04,BD-PIHPS
2025-12-09,17,harga_pihps,15950.0,Rp,BRS05,BD-PIHPS
2025-12-09,17,harga_pihps,16150.0,Rp,BRS06,BD-PIHPS
2025-12-09,17,harga_pihps,51750.0,Rp,BWM01,BD-PIHPS
2025-12-09,17,harga_pihps,41400.0,Rp,BWP01,BD-PIHPS
2025-12-09,17,harga_pihps,61250.0,Rp,CMR01,BD-PIHPS
2025-12-09,17,harga_pihps,67650.0,Rp,CMR02,BD-PIHPS
2025-12-09,17,harga_pihps,55400.0,Rp,CRW01,BD-PIHPS
2025-12-09,17,harga_pihps,49150.0,Rp,CRW02,BD-PIHPS
2025-12-09,17,harga_pihps,43150.0,Rp,DAY01,BD-PIHPS
2025-12-09,17,harga_pihps,136250.0,Rp,DSP01,BD-PIHPS
2025-12-09,17,harga_pihps,135650.0,Rp,DSP02,BD-PIHPS
2025-12-09,17,harga_pihps,17400.0,Rp,GLP01,BD-PIHPS
2025-12-09,17,harga_pihps,18900.0,Rp,GLP02,BD-PIHPS
2025-12-09,17,harga_pihps,18000.0,Rp,MGR01,BD-PIHPS
2025-12-09,17,harga_pihps,20950.0,Rp,MGR02,BD-PIHPS
2025-12-09,17,harga_pihps,20300.0,Rp,MGR03,BD-PIHPS
2025-12-09,17,harga_pihps,29900.0,Rp,TLR01,BD-PIHPS
2025-12-10,17,harga_pihps,14350.0,Rp,BRS01,BD-PIHPS
2025-12-10,17,harga_pihps,15300.0,Rp,BRS02,BD-PIHPS
2025-12-10,17,harga_pihps,15350.0,Rp,BRS03,BD-PIHPS
2025-12-10,17,harga_pihps,15850.0,Rp,BRS04,BD-PIHPS
2025-12-10,17,harga_pihps,15950.0,Rp,BRS05,BD-PIHPS
2025-12-10,17,harga_pihps,16150.0,Rp,BRS06,BD-PIHPS
2025-12-10,17,harga_pihps,50250.0,Rp,BWM01,BD-PIHPS
2025-12-10,17,harga_pihps,41150.0,Rp,BWP01,BD-PIHPS
2025-12-10,17,harga_pihps,62650.0,Rp,CMR01,BD-PIHPS
2025-12-10,17,harga_pihps,69150.0,Rp,CMR02,BD-PIHPS
2025-12-10,17,harga_pihps,54750.0,Rp,CRW01,BD-PIHPS
2025-12-10,17,harga_pihps,49050.0,Rp,CRW02,BD-PIHPS
2025-12-10,17,harga_pihps,43000.0,Rp,DAY01,BD-PIHPS
2025-12-10,17,harga_pihps,136250.0,Rp,DSP01,BD-PIHPS
2025-12-10,17,harga_pihps,135650.0,Rp,DSP02,BD-PIHPS
2025-12-10,17,harga_pihps,17400.0,Rp,GLP01,BD-PIHPS
2025-12-10,17,harga_pihps,18900.0,Rp,GLP02,BD-PIHPS
2025-12-10,17,harga_pihps,18000.0,Rp,MGR01,BD-PIHPS
2025-12-10,17,harga_pihps,20950.0,Rp,MGR02,BD-PIHPS
2025-12-10,17,harga_pihps,20300.0,Rp,MGR03,BD-PIHPS
2025-12-10,17,harga_pihps,29900.0,Rp,TLR01,BD-PIHPS
2025-12-11,17,harga_pihps,14350.0,Rp,BRS01,BD-PIHPS
2025-12-11,17,harga_pihps,15300.0,Rp,BRS02,BD-PIHPS
2025-12-11,17,harga_pihps,15350.0,Rp,BRS03,BD-PIHPS
2025-12-11,17,harga_pihps,15850.0,Rp,BRS04,BD-PIHPS
2025-12-11,17,harga_pihps,15950.0,Rp,BRS05,BD-PIHPS
2025-12-11,17,harga_pihps,16150.0,Rp,BRS06,BD-PIHPS
2025-12-11,17,harga_pihps,50500.0,Rp,BWM01,BD-PIHPS
2025-12-11,17,harga_pihps,41400.0,Rp,BWP01,BD-PIHPS
2025-12-11,17,harga_pihps,64250.0,Rp,CMR01,BD-PIHPS
2025-12-11,17,harga_pihps,71500.0,Rp,CMR02,BD-PIHPS
2025-12-11,17,harga_pihps,55150.0,Rp,CRW01,BD-PIHPS
2025-12-11,17,harga_pihps,49300.0,Rp,CRW02,BD-PIHPS
2025-12-11,17,harga_pihps,43000.0,Rp,DAY01,BD-PIHPS
2025-12-11,17,harga_pihps,136250.0,Rp,DSP01,BD-PIHPS
2025-12-11,17,harga_pihps,135650.0,Rp,DSP02,BD-PIHPS
2025-12-11,17,harga_pihps,17400.0,Rp,GLP01,BD-PIHPS
2025-12-11,17,harga_pihps,18900.0,Rp,GLP02,BD-PIHPS
2025-12-11,17,harga_pihps,18000.0,Rp,MGR01,BD-PIHPS
2025-12-11,17,harga_pihps,20950.0,Rp,MGR02,BD-PIHPS
2025-12-11,17,harga_pihps,20300.0,Rp,MGR03,BD-PIHPS
2025-12-11,17,harga_pihps,29900.0,Rp,TLR01,BD-PIHPS
2025-12-12,17,harga_pihps,14350.0,Rp,BRS01,BD-PIHPS
2025-12-12,17,harga_pihps,15300.0,Rp,BRS02,BD-PIHPS
2025-12-12,17,harga_pihps,15350.0,Rp,BRS03,BD-PIHPS
2025-12-12,17,harga_pihps,15850.0,Rp,BRS04,BD-PIHPS
2025-12-12,17,harga_pihps,15950.0,Rp,BRS05,BD-PIHPS
2025-12-12,17,harga_pihps,16150.0,Rp,BRS06,BD-PIHPS
2025-12-12,17,harga_pihps,50500.0,Rp,BWM01,BD-PIHPS
2025-12-12,17,harga_pihps,41400.0,Rp,BWP01,BD-PIHPS
2025-12-12,17,harga_pihps,68500.0,Rp,CMR01,BD-PIHPS
2025-12-12,17,harga_pihps,74750.0,Rp,CMR02,BD-PIHPS
2025-12-12,17,harga_pihps,51000.0,Rp,CRW01,BD-PIHPS
2025-12-12,17,harga_pihps,48600.0,Rp,CRW02,BD-PIHPS
2025-12-12,17,harga_pihps,41000.0,Rp,DAY01,BD-PIHPS
2025-12-12,17,harga_pihps,136250.0,Rp,DSP01,BD-PIHPS
2025-12-12,17,harga_pihps,135650.0,Rp,DSP02,BD-PIHPS
2025-12-12,17,harga_pihps,17400.0,Rp,GLP01,BD-PIHPS
2025-12-12,17,harga_pihps,18900.0,Rp,GLP02,BD-PIHPS
2025-12-12,17,harga_pihps,18000.0,Rp,MGR01,BD-PIHPS
2025-12-12,17,harga_pihps,21050.0,Rp,MGR02,BD-PIHPS
2025-12-12,17,harga_pihps,20500.0,Rp,MGR03,BD-PIHPS
2025-12-12,17,harga_pihps,29900.0,Rp,TLR01,BD-PIHPS
2025-12-15,17,harga_pihps,14350.0,Rp,BRS01,BD-PIHPS
2025-12-15,17,harga_pihps,15300.0,Rp,BRS02,BD-PIHPS
2025-12-15,17,harga_pihps,15350.0,Rp,BRS03,BD-PIHPS
2025-12-15,17,harga_pihps,15850.0,Rp,BRS04,BD-PIHPS
2025-12-15,17,harga_pihps,15950.0,Rp,BRS05,BD-PIHPS
2025-12-15,17,harga_pihps,16150.0,Rp,BRS06,BD-PIHPS
2025-12-15,17,harga_pihps,49900.0,Rp,BWM01,BD-PIHPS
2025-12-15,17,harga_pihps,41650.0,Rp,BWP01,BD-PIHPS
2025-12-15,17,harga_pihps,69500.0,Rp,CMR01,BD-PIHPS
2025-12-15,17,harga_pihps,75400.0,Rp,CMR02,BD-PIHPS
2025-12-15,17,harga_pihps,52750.0,Rp,CRW01,BD-PIHPS
2025-12-15,17,harga_pihps,50250.0,Rp,CRW02,BD-PIHPS
2025-12-15,17,harga_pihps,41000.0,Rp,DAY01,BD-PIHPS
2025-12-15,17,harga_pihps,136250.0,Rp,DSP01,BD-PIHPS
2025-12-15,17,harga_pihps,135650.0,Rp,DSP02,BD-PIHPS
2025-12-15,17,harga_pihps,17400.0,Rp,GLP01,BD-PIHPS
2025-12-15,17,harga_pihps,18900.0,Rp,GLP02,BD-PIHPS
2025-12-15,17,harga_pihps,18000.0,Rp,MGR01,BD-PIHPS
2025-12-15,17,harga_pihps,21050.0,Rp,MGR02,BD-PIHPS
2025-12-15,17,harga_pihps,20500.0,Rp,MGR03,BD-PIHPS
2025-12-15,17,harga_pihps,29900.0,Rp,TLR01,BD-PIHPS
2025-12-16,17,harga_pihps,14350.0,Rp,BRS01,BD-PIHPS
2025-12-16,17,harga_pihps,15300.0,Rp,BRS02,BD-PIHPS
2025-12-16,17,harga_pihps,15350.0,Rp,BRS03,BD-PIHPS
2025-12-16,17,harga_pihps,15850.0,Rp,BRS04,BD-PIHPS
2025-12-16,17,harga_pihps,15950.0,Rp,BRS05,BD-PIHPS
2025-12-16,17,harga_pihps,16150.0,Rp,BRS06,BD-PIHPS
2025-12-16,17,harga_pihps,48900.0,Rp,BWM01,BD-PIHPS
2025-12-16,17,harga_pihps,42000.0,Rp,BWP01,BD-PIHPS
2025-12-16,17,harga_pihps,70750.0,Rp,CMR01,BD-PIHPS
2025-12-16,17,harga_pihps,76400.0,Rp,CMR02,BD-PIHPS
2025-12-16,17,harga_pihps,58150.0,Rp,CRW01,BD-PIHPS
2025-12-16,17,harga_pihps,51350.0,Rp,CRW02,BD-PIHPS
2025-12-16,17,harga_pihps,41500.0,Rp,DAY01,BD-PIHPS
2025-12-16,17,harga_pihps,136250.0,Rp,DSP01,BD-PIHPS
2025-12-16,17,harga_pihps,135650.0,Rp,DSP02,BD-PIHPS
2025-12-16,17,harga_pihps,17400.0,Rp,GLP01,BD-PIHPS
2025-12-16,17,harga_pihps,18900.0,Rp,GLP02,BD-PIHPS
2025-12-16,17,harga_pihps,18000.0,Rp,MGR01,BD-PIHPS
2025-12-16,17,harga_pihps,21050.0,Rp,MGR02,BD-PIHPS
2025-12-16,17,harga_pihps,20500.0,Rp,MGR03,BD-PIHPS
2025-12-16,17,harga_pihps,30300.0,Rp,TLR01,BD-PIHPS
2025-12-17,17,harga_pihps,14350.0,Rp,BRS01,BD-PIHPS
2025-12-17,17,harga_pihps,15300.0,Rp,BRS02,BD-PIHPS
2025-12-17,17,harga_pihps,15350.0,Rp,BRS03,BD-PIHPS
2025-12-17,17,harga_pihps,15850.0,Rp,BRS04,BD-PIHPS
2025-12-17,17,harga_pihps,15950.0,Rp,BRS05,BD-PIHPS
2025-12-17,17,harga_pihps,16150.0,Rp,BRS06,BD-PIHPS
2025-12-17,17,harga_pihps,48650.0,Rp,BWM01,BD-PIHPS
2025-12-17,17,harga_pihps,42000.0,Rp,BWP01,BD-PIHPS
2025-12-17,17,harga_pihps,68150.0,Rp,CMR01,BD-PIHPS
2025-12-17,17,harga_pihps,72900.0,Rp,CMR02,BD-PIHPS
2025-12-17,17,harga_pihps,57900.0,Rp,CRW01,BD-PIHPS
2025-12-17,17,harga_pihps,49800.0,Rp,CRW02,BD-PIHPS
2025-12-17,17,harga_pihps,41500.0,Rp,DAY01,BD-PIHPS
2025-12-17,17,harga_pihps,136250.0,Rp,DSP01,BD-PIHPS
2025-12-17,17,harga_pihps,135650.0,Rp,DSP02,BD-PIHPS
2025-12-17,17,harga_pihps,17400.0,Rp,GLP01,BD-PIHPS
2025-12-17,17,harga_pihps,18900.0,Rp,GLP02,BD-PIHPS
2025-12-17,17,harga_pihps,18000.0,Rp,MGR01,BD-PIHPS
2025-12-17,17,harga_pihps,21050.0,Rp,MGR02,BD-PIHPS
2025-12-17,17,harga_pihps,20500.0,Rp,MGR03,BD-PIHPS
2025-12-17,17,harga_pihps,30300.0,Rp,TLR01,BD-PIHPS
2025-12-18,17,harga_pihps,14350.0,Rp,BRS01,BD-PIHPS
2025-12-18,17,harga_pihps,15300.0,Rp,BRS02,BD-PIHPS
2025-12-18,17,harga_pihps,15350.0,Rp,BRS03,BD-PIHPS
2025-12-18,17,harga_pihps,15850.0,Rp,BRS04,BD-PIHPS
2025-12-18,17,harga_pihps,15950.0,Rp,BRS05,BD-PIHPS
2025-12-18,17,harga_pihps,16150.0,Rp,BRS06,BD-PIHPS
2025-12-18,17,harga_pihps,47400.0,Rp,BWM01,BD-PIHPS
2025-12-18,17,harga_pihps,42250.0,Rp,BWP01,BD-PIHPS
2025-12-18,17,harga_pihps,66250.0,Rp,CMR01,BD-PIHPS
2025-12-18,17,harga_pihps,71000.0,Rp,CMR02,BD-PIHPS
2025-12-18,17,harga_pihps,58150.0,Rp,CRW01,BD-PIHPS
2025-12-18,17,harga_pihps,50600.0,Rp,CRW02,BD-PIHPS
2025-12-18,17,harga_pihps,41650.0,Rp,DAY01,BD-PIHPS
2025-12-18,17,harga_pihps,136250.0,Rp,DSP01,BD-PIHPS
2025-12-18,17,harga_pihps,135650.0,Rp,DSP02,BD-PIHPS
2025-12-18,17,harga_pihps,17450.0,Rp,GLP01,BD-PIHPS
2025-12-18,17,harga_pihps,18900.0,Rp,GLP02,BD-PIHPS
2025-12-18,17,harga_pihps,18150.0,Rp,MGR01,BD-PIHPS
2025-12-18,17,harga_pihps,21200.0,Rp,MGR02,BD-PIHPS
2025-12-18,17,harga_pihps,20650.0,Rp,MGR03,BD-PIHPS
2025-12-18,17,harga_pihps,31500.0,Rp,TLR01,BD-PIHPS
2025-12-19,17,harga_pihps,14350.0,Rp,BRS01,BD-PIHPS
2025-12-19,17,harga_pihps,15300.0,Rp,BRS02,BD-PIHPS
2025-12-19,17,harga_pihps,15350.0,Rp,BRS03,BD-PIHPS
2025-12-19,17,harga_pihps,15850.0,Rp,BRS04,BD-PIHPS
2025-12-19,17,harga_pihps,15950.0,Rp,BRS05,BD-PIHPS
2025-12-19,17,harga_pihps,16150.0,Rp,BRS06,BD-PIHPS
2025-12-19,17,harga_pihps,46400.0,Rp,BWM01,BD-PIHPS
2025-12-19,17,harga_pihps,41750.0,Rp,BWP01,BD-PIHPS
2025-12-19,17,harga_pihps,63250.0,Rp,CMR01,BD-PIHPS
2025-12-19,17,harga_pihps,68000.0,Rp,CMR02,BD-PIHPS
2025-12-19,17,harga_pihps,57150.0,Rp,CRW01,BD-PIHPS
2025-12-19,17,harga_pihps,51600.0,Rp,CRW02,BD-PIHPS
2025-12-19,17,harga_pihps,41400.0,Rp,DAY01,BD-PIHPS
2025-12-19,17,harga_pihps,136250.0,Rp,DSP01,BD-PIHPS
2025-12-19,17,harga_pihps,135650.0,Rp,DSP02,BD-PIHPS
2025-12-19,17,harga_pihps,17550.0,Rp,GLP01,BD-PIHPS
2025-12-19,17,harga_pihps,18900.0,Rp,GLP02,BD-PIHPS
2025-12-19,17,harga_pihps,18150.0,Rp,MGR01,BD-PIHPS
2025-12-19,17,harga_pihps,21200.0,Rp,MGR02,BD-PIHPS
2025-12-19,17,harga_pihps,20650.0,Rp,MGR03,BD-PIHPS
2025-12-19,17,harga_pihps,31500.0,Rp,TLR01,BD-PIHPS
2025-12-22,17,harga_pihps,14350.0,Rp,BRS01,BD-PIHPS
2025-12-22,17,harga_pihps,15300.0,Rp,BRS02,BD-PIHPS
2025-12-22,17,harga_pihps,15350.0,Rp,BRS03,BD-PIHPS
2025-12-22,17,harga_pihps,15850.0,Rp,BRS04,BD-PIHPS
2025-12-22,17,harga_pihps,15950.0,Rp,BRS05,BD-PIHPS
2025-12-22,17,harga_pihps,16150.0,Rp,BRS06,BD-PIHPS
2025-12-22,17,harga_pihps,46000.0,Rp,BWM01,BD-PIHPS
2025-12-22,17,harga_pihps,41400.0,Rp,BWP01,BD-PIHPS
2025-12-22,17,harga_pihps,56400.0,Rp,CMR01,BD-PIHPS
2025-12-22,17,harga_pihps,61000.0,Rp,CMR02,BD-PIHPS
2025-12-22,17,harga_pihps,58750.0,Rp,CRW01,BD-PIHPS
2025-12-22,17,harga_pihps,51050.0,Rp,CRW02,BD-PIHPS
2025-12-22,17,harga_pihps,40900.0,Rp,DAY01,BD-PIHPS
2025-12-22,17,harga_pihps,136250.0,Rp,DSP01,BD-PIHPS
2025-12-22,17,harga_pihps,135650.0,Rp,DSP02,BD-PIHPS
2025-12-22,17,harga_pihps,17550.0,Rp,GLP01,BD-PIHPS
2025-12-22,17,harga_pihps,18900.0,Rp,GLP02,BD-PIHPS
2025-12-22,17,harga_pihps,18150.0,Rp,MGR01,BD-PIHPS
2025-12-22,17,harga_pihps,21200.0,Rp,MGR02,BD-PIHPS
2025-12-22,17,harga_pihps,20650.0,Rp,MGR03,BD-PIHPS
2025-12-22,17,harga_pihps,31500.0,Rp,TLR01,BD-PIHPS
2025-12-23,17,harga_pihps,14350.0,Rp,BRS01,BD-PIHPS
2025-12-23,17,harga_pihps,15300.0,Rp,BRS02,BD-PIHPS
2025-12-23,17,harga_pihps,15350.0,Rp,BRS03,BD-PIHPS
2025-12-23,17,harga_pihps,15850.0,Rp,BRS04,BD-PIHPS
2025-12-23,17,harga_pihps,15950.0,Rp,BRS05,BD-PIHPS
2025-12-23,17,harga_pihps,16150.0,Rp,BRS06,BD-PIHPS
2025-12-23,17,harga_pihps,45500.0,Rp,BWM01,BD-PIHPS
2025-12-23,17,harga_pihps,40750.0,Rp,BWP01,BD-PIHPS
2025-12-23,17,harga_pihps,51400.0,Rp,CMR01,BD-PIHPS
2025-12-23,17,harga_pihps,56000.0,Rp,CMR02,BD-PIHPS
2025-12-23,17,harga_pihps,58650.0,Rp,CRW01,BD-PIHPS
2025-12-23,17,harga_pihps,50050.0,Rp,CRW02,BD-PIHPS
2025-12-23,17,harga_pihps,40250.0,Rp,DAY01,BD-PIHPS
2025-12-23,17,harga_pihps,136250.0,Rp,DSP01,BD-PIHPS
2025-12-23,17,harga_pihps,135650.0,Rp,DSP02,BD-PIHPS
2025-12-23,17,harga_pihps,17550.0,Rp,GLP01,BD-PIHPS
2025-12-23,17,harga_pihps,18900.0,Rp,GLP02,BD-PIHPS
2025-12-23,17,harga_pihps,18150.0,Rp,MGR01,BD-PIHPS
2025-12-23,17,harga_pihps,21200.0,Rp,MGR02,BD-PIHPS
2025-12-23,17,harga_pihps,20650.0,Rp,MGR03,BD-PIHPS
2025-12-23,17,harga_pihps,31500.0,Rp,TLR01,BD-PIHPS
2025-12-24,17,harga_pihps,14350.0,Rp,BRS01,BD-PIHPS
2025-12-24,17,harga_pihps,15300.0,Rp,BRS02,BD-PIHPS
2025-12-24,17,harga_pihps,15350.0,Rp,BRS03,BD-PIHPS
2025-12-24,17,harga_pihps,15850.0,Rp,BRS04,BD-PIHPS
2025-12-24,17,harga_pihps,15950.0,Rp,BRS05,BD-PIHPS
2025-12-24,17,harga_pihps,16150.0,Rp,BRS06,BD-PIHPS
2025-12-24,17,harga_pihps,45500.0,Rp,BWM01,BD-PIHPS
2025-12-24,17,harga_pihps,40500.0,Rp,BWP01,BD-PIHPS
2025-12-24,17,harga_pihps,55250.0,Rp,CMR01,BD-PIHPS
2025-12-24,17,harga_pihps,60900.0,Rp,CMR02,BD-PIHPS
2025-12-24,17,harga_pihps,60400.0,Rp,CRW01,BD-PIHPS
2025-12-24,17,harga_pihps,50500.0,Rp,CRW02,BD-PIHPS
2025-12-24,17,harga_pihps,40500.0,Rp,DAY01,BD-PIHPS
2025-12-24,17,harga_pihps,136250.0,Rp,DSP01,BD-PIHPS
2025-12-24,17,harga_pihps,135650.0,Rp,DSP02,BD-PIHPS
2025-12-24,17,harga_pihps,17550.0,Rp,GLP01,BD-PIHPS
2025-12-24,17,harga_pihps,18900.0,Rp,GLP02,BD-PIHPS
2025-12-24,17,harga_pihps,18150.0,Rp,MGR01,BD-PIHPS
2025-12-24,17,harga_pihps,21400.0,Rp,MGR02,BD-PIHPS
2025-12-24,17,harga_pihps,20650.0,Rp,MGR03,BD-PIHPS
2025-12-24,17,harga_pihps,31800.0,Rp,TLR01,BD-PIHPS
2025-12-25,17,harga_pihps,14350.0,Rp,BRS01,BD-PIHPS
2025-12-25,17,harga_pihps,15300.0,Rp,BRS02,BD-PIHPS
2025-12-25,17,harga_pihps,15350.0,Rp,BRS03,BD-PIHPS
2025-12-25,17,harga_pihps,15850.0,Rp,BRS04,BD-PIHPS
2025-12-25,17,harga_pihps,15950.0,Rp,BRS05,BD-PIHPS
2025-12-25,17,harga_pihps,16150.0,Rp,BRS06,BD-PIHPS
2025-12-25,17,harga_pihps,45500.0,Rp,BWM01,BD-PIHPS
2025-12-25,17,harga_pihps,40500.0,Rp,BWP01,BD-PIHPS
2025-12-25,17,harga_pihps,55250.0,Rp,CMR01,BD-PIHPS
2025-12-25,17,harga_pihps,60900.0,Rp,CMR02,BD-PIHPS
2025-12-25,17,harga_pihps,60400.0,Rp,CRW01,BD-PIHPS
2025-12-25,17,harga_pihps,50500.0,Rp,CRW02,BD-PIHPS
2025-12-25,17,harga_pihps,40500.0,Rp,DAY01,BD-PIHPS
2025-12-25,17,harga_pihps,136250.0,Rp,DSP01,BD-PIHPS
2025-12-25,17,harga_pihps,135650.0,Rp,DSP02,BD-PIHPS
2025-12-25,17,harga_pihps,17550.0,Rp,GLP01,BD-PIHPS
2025-12-25,17,harga_pihps,18900.0,Rp,GLP02,BD-PIHPS
2025-12-25,17,harga_pihps,18150.0,Rp,MGR01,BD-PIHPS
2025-12-25,17,harga_pihps,21400.0,Rp,MGR02,BD-PIHPS
2025-12-25,17,harga_pihps,20650.0,Rp,MGR03,BD-PIHPS
2025-12-25,17,harga_pihps,31800.0,Rp,TLR01,BD-PIHPS
2025-12-26,17,harga_pihps,14350.0,Rp,BRS01,BD-PIHPS
2025-12-26,17,harga_pihps,15300.0,Rp,BRS02,BD-PIHPS
2025-12-26,17,harga_pihps,15350.0,Rp,BRS03,BD-PIHPS
2025-12-26,17,harga_pihps,15850.0,Rp,BRS04,BD-PIHPS
2025-12-26,17,harga_pihps,15950.0,Rp,BRS05,BD-PIHPS
2025-12-26,17,harga_pihps,16150.0,Rp,BRS06,BD-PIHPS
2025-12-26,17,harga_pihps,45500.0,Rp,BWM01,BD-PIHPS
2025-12-26,17,harga_pihps,40500.0,Rp,BWP01,BD-PIHPS
2025-12-26,17,harga_pihps,55250.0,Rp,CMR01,BD-PIHPS
2025-12-26,17,harga_pihps,60900.0,Rp,CMR02,BD-PIHPS
2025-12-26,17,harga_pihps,60400.0,Rp,CRW01,BD-PIHPS
2025-12-26,17,harga_pihps,50500.0,Rp,CRW02,BD-PIHPS
2025-12-26,17,harga_pihps,40500.0,Rp,DAY01,BD-PIHPS
2025-12-26,17,harga_pihps,136250.0,Rp,DSP01,BD-PIHPS
2025-12-26,17,harga_pihps,135650.0,Rp,DSP02,BD-PIHPS
2025-12-26,17,harga_pihps,17550.0,Rp,GLP01,BD-PIHPS
2025-12-26,17,harga_pihps,18900.0,Rp,GLP02,BD-PIHPS
2025-12-26,17,harga_pihps,18150.0,Rp,MGR01,BD-PIHPS
2025-12-26,17,harga_pihps,21400.0,Rp,MGR02,BD-PIHPS
2025-12-26,17,harga_pihps,20650.0,Rp,MGR03,BD-PIHPS
2025-12-26,17,harga_pihps,31800.0,Rp,TLR01,BD-PIHPS
2025-12-29,17,harga_pihps,14350.0,Rp,BRS01,BD-PIHPS
2025-12-29,17,harga_pihps,15300.0,Rp,BRS02,BD-PIHPS
2025-12-29,17,harga_pihps,15350.0,Rp,BRS03,BD-PIHPS
2025-12-29,17,harga_pihps,15850.0,Rp,BRS04,BD-PIHPS
2025-12-29,17,harga_pihps,15950.0,Rp,BRS05,BD-PIHPS
2025-12-29,17,harga_pihps,16150.0,Rp,BRS06,BD-PIHPS
2025-12-29,17,harga_pihps,45500.0,Rp,BWM01,BD-PIHPS
2025-12-29,17,harga_pihps,40500.0,Rp,BWP01,BD-PIHPS
2025-12-29,17,harga_pihps,51250.0,Rp,CMR01,BD-PIHPS
2025-12-29,17,harga_pihps,56650.0,Rp,CMR02,BD-PIHPS
2025-12-29,17,harga_pihps,62000.0,Rp,CRW01,BD-PIHPS
2025-12-29,17,harga_pihps,50150.0,Rp,CRW02,BD-PIHPS
2025-12-29,17,harga_pihps,40500.0,Rp,DAY01,BD-PIHPS
2025-12-29,17,harga_pihps,136250.0,Rp,DSP01,BD-PIHPS
2025-12-29,17,harga_pihps,135650.0,Rp,DSP02,BD-PIHPS
2025-12-29,17,harga_pihps,17550.0,Rp,GLP01,BD-PIHPS
2025-12-29,17,harga_pihps,18900.0,Rp,GLP02,BD-PIHPS
2025-12-29,17,harga_pihps,18150.0,Rp,MGR01,BD-PIHPS
2025-12-29,17,harga_pihps,21400.0,Rp,MGR02,BD-PIHPS
2025-12-29,17,harga_pihps,20650.0,Rp,MGR03,BD-PIHPS
2025-12-29,17,harga_pihps,31800.0,Rp,TLR01,BD-PIHPS
2025-12-30,17,harga_pihps,14350.0,Rp,BRS01,BD-PIHPS
2025-12-30,17,harga_pihps,15300.0,Rp,BRS02,BD-PIHPS
2025-12-30,17,harga_pihps,15350.0,Rp,BRS03,BD-PIHPS
2025-12-30,17,harga_pihps,15850.0,Rp,BRS04,BD-PIHPS
2025-12-30,17,harga_pihps,15950.0,Rp,BRS05,BD-PIHPS
2025-12-30,17,harga_pihps,16150.0,Rp,BRS06,BD-PIHPS
2025-12-30,17,harga_pihps,45500.0,Rp,BWM01,BD-PIHPS
2025-12-30,17,harga_pihps,40650.0,Rp,BWP01,BD-PIHPS
2025-12-30,17,harga_pihps,47250.0,Rp,CMR01,BD-PIHPS
2025-12-30,17,harga_pihps,52650.0,Rp,CMR02,BD-PIHPS
2025-12-30,17,harga_pihps,63400.0,Rp,CRW01,BD-PIHPS
2025-12-30,17,harga_pihps,51400.0,Rp,CRW02,BD-PIHPS
2025-12-30,17,harga_pihps,40500.0,Rp,DAY01,BD-PIHPS
2025-12-30,17,harga_pihps,136250.0,Rp,DSP01,BD-PIHPS
2025-12-30,17,harga_pihps,135650.0,Rp,DSP02,BD-PIHPS
2025-12-30,17,harga_pihps,17550.0,Rp,GLP01,BD-PIHPS
2025-12-30,17,harga_pihps,18900.0,Rp,GLP02,BD-PIHPS
2025-12-30,17,harga_pihps,18150.0,Rp,MGR01,BD-PIHPS
2025-12-30,17,harga_pihps,21450.0,Rp,MGR02,BD-PIHPS
2025-12-30,17,harga_pihps,20700.0,Rp,MGR03,BD-PIHPS
2025-12-30,17,harga_pihps,31800.0,Rp,TLR01,BD-PIHPS
2025-12-31,17,harga_pihps,14350.0,Rp,BRS01,BD-PIHPS
2025-12-31,17,harga_pihps,15300.0,Rp,BRS02,BD-PIHPS
2025-12-31,17,harga_pihps,15350.0,Rp,BRS03,BD-PIHPS
2025-12-31,17,harga_pihps,15850.0,Rp,BRS04,BD-PIHPS
2025-12-31,17,harga_pihps,15950.0,Rp,BRS05,BD-PIHPS
2025-12-31,17,harga_pihps,16150.0,Rp,BRS06,BD-PIHPS
2025-12-31,17,harga_pihps,44750.0,Rp,BWM01,BD-PIHPS
2025-12-31,17,harga_pihps,41650.0,Rp,BWP01,BD-PIHPS
2025-12-31,17,harga_pihps,43650.0,Rp,CMR01,BD-PIHPS
2025-12-31,17,harga_pihps,49900.0,Rp,CMR02,BD-PIHPS
2025-12-31,17,harga_pihps,65900.0,Rp,CRW01,BD-PIHPS
2025-12-31,17,harga_pihps,50800.0,Rp,CRW02,BD-PIHPS
2025-12-31,17,harga_pihps,40500.0,Rp,DAY01,BD-PIHPS
2025-12-31,17,harga_pihps,136250.0,Rp,DSP01,BD-PIHPS
2025-12-31,17,harga_pihps,135650.0,Rp,DSP02,BD-PIHPS
2025-12-31,17,harga_pihps,17550.0,Rp,GLP01,BD-PIHPS
2025-12-31,17,harga_pihps,18900.0,Rp,GLP02,BD-PIHPS
2025-12-31,17,harga_pihps,18150.0,Rp,MGR01,BD-PIHPS
2025-12-31,17,harga_pihps,21450.0,Rp,MGR02,BD-PIHPS
2025-12-31,17,harga_pihps,20700.0,Rp,MGR03,BD-PIHPS
2025-12-31,17,harga_pihps,31800.0,Rp,TLR01,BD-PIHPS
