tanggal,kode_wilayah,indikator,nilai,satuan,kode_varian,kode_sumber
2021-10-06,1771,harga_pihps,9650.0,Rp,BRS01,BD-PIHPS
2021-10-06,1771,harga_pihps,11150.0,Rp,BRS02,BD-PIHPS
2021-10-06,1771,harga_pihps,11650.0,Rp,BRS03,BD-PIHPS
2021-10-06,1771,harga_pihps,11400.0,Rp,BRS04,BD-PIHPS
2021-10-06,1771,harga_pihps,12100.0,Rp,BRS05,BD-PIHPS
2021-10-06,1771,harga_pihps,12100.0,Rp,BRS06,BD-PIHPS
2021-10-06,1771,harga_pihps,27000.0,Rp,BWM01,BD-PIHPS
2021-10-06,1771,harga_pihps,25750.0,Rp,BWP01,BD-PIHPS
2021-10-06,1771,harga_pihps,27900.0,Rp,CMR01,BD-PIHPS
2021-10-06,1771,harga_pihps,32400.0,Rp,CMR02,BD-PIHPS
2021-10-06,1771,harga_pihps,36150.0,Rp,CRW01,BD-PIHPS
2021-10-06,1771,harga_pihps,24250.0,Rp,CRW02,BD-PIHPS
2021-10-06,1771,harga_pihps,33900.0,Rp,DAY01,BD-PIHPS
2021-10-06,1771,harga_pihps,123750.0,Rp,DSP01,BD-PIHPS
2021-10-06,1771,harga_pihps,123750.0,Rp,DSP02,BD-PIHPS
2021-10-06,1771,harga_pihps,12300.0,Rp,GLP01,BD-PIHPS
2021-10-06,1771,harga_pihps,13050.0,Rp,GLP02,BD-PIHPS
2021-10-06,1771,harga_pihps,15650.0,Rp,MGR01,BD-PIHPS
2021-10-06,1771,harga_pihps,15550.0,Rp,MGR02,BD-PIHPS
2021-10-06,1771,harga_pihps,15300.0,Rp,MGR03,BD-PIHPS
2021-10-06,1771,harga_pihps,22100.0,Rp,TLR01,BD-PIHPS
2021-10-06,1771,harga_pihps_grosir,9400.0,Rp,BRS01,BD-PIHPS
2021-10-06,1771,harga_pihps_grosir,10650.0,Rp,BRS02,BD-PIHPS
2021-10-06,1771,harga_pihps_grosir,11400.0,Rp,BRS03,BD-PIHPS
2021-10-06,1771,harga_pihps_grosir,11000.0,Rp,BRS04,BD-PIHPS
2021-10-06,1771,harga_pihps_grosir,11550.0,Rp,BRS05,BD-PIHPS
2021-10-06,1771,harga_pihps_grosir,11550.0,Rp,BRS06,BD-PIHPS
2021-10-06,1771,harga_pihps_grosir,21500.0,Rp,BWM01,BD-PIHPS
2021-10-06,1771,harga_pihps_grosir,21500.0,Rp,BWP01,BD-PIHPS
2021-10-06,1771,harga_pihps_grosir,19000.0,Rp,CMR01,BD-PIHPS
2021-10-06,1771,harga_pihps_grosir,22000.0,Rp,CMR02,BD-PIHPS
2021-10-06,1771,harga_pihps_grosir,30000.0,Rp,CRW01,BD-PIHPS
2021-10-06,1771,harga_pihps_grosir,21350.0,Rp,CRW02,BD-PIHPS
2021-10-06,1771,harga_pihps_grosir,29750.0,Rp,DAY01,BD-PIHPS
2021-10-06,1771,harga_pihps_grosir,120000.0,Rp,DSP01,BD-PIHPS
2021-10-06,1771,harga_pihps_grosir,120000.0,Rp,DSP02,BD-PIHPS
2021-10-06,1771,harga_pihps_grosir,12200.0,Rp,GLP01,BD-PIHPS
2021-10-06,1771,harga_pihps_grosir,14900.0,Rp,MGR01,BD-PIHPS
2021-10-06,1771,harga_pihps_grosir,14500.0,Rp,MGR02,BD-PIHPS
2021-10-06,1771,harga_pihps_grosir,14900.0,Rp,MGR03,BD-PIHPS
2021-10-06,1771,harga_pihps_grosir,20750.0,Rp,TLR01,BD-PIHPS
2021-10-06,1771,harga_pihps_modern,11100.0,Rp,BRS01,BD-PIHPS
2021-10-06,1771,harga_pihps_modern,12300.0,Rp,BRS02,BD-PIHPS
2021-10-06,1771,harga_pihps_modern,12600.0,Rp,BRS03,BD-PIHPS
2021-10-06,1771,harga_pihps_modern,12350.0,Rp,BRS04,BD-PIHPS
2021-10-06,1771,harga_pihps_modern,13450.0,Rp,BRS05,BD-PIHPS
2021-10-06,1771,harga_pihps_modern,15350.0,Rp,BRS06,BD-PIHPS
2021-10-06,1771,harga_pihps_modern,40450.0,Rp,BWM01,BD-PIHPS
2021-10-06,1771,harga_pihps_modern,36450.0,Rp,BWP01,BD-PIHPS
2021-10-06,1771,harga_pihps_modern,52450.0,Rp,CMR01,BD-PIHPS
2021-10-06,1771,harga_pihps_modern,44950.0,Rp,CMR02,BD-PIHPS
2021-10-06,1771,harga_pihps_modern,57450.0,Rp,CRW01,BD-PIHPS
2021-10-06,1771,harga_pihps_modern,69950.0,Rp,CRW02,BD-PIHPS
2021-10-06,1771,harga_pihps_modern,38700.0,Rp,DAY01,BD-PIHPS
2021-10-06,1771,harga_pihps_modern,124750.0,Rp,DSP01,BD-PIHPS
2021-10-06,1771,harga_pihps_modern,124000.0,Rp,DSP02,BD-PIHPS
2021-10-06,1771,harga_pihps_modern,13200.0,Rp,GLP01,BD-PIHPS
2021-10-06,1771,harga_pihps_modern,14250.0,Rp,GLP02,BD-PIHPS
2021-10-06,1771,harga_pihps_modern,16450.0,Rp,MGR02,BD-PIHPS
2021-10-06,1771,harga_pihps_modern,18750.0,Rp,MGR03,BD-PIHPS
2021-10-06,1771,harga_pihps_modern,30150.0,Rp,TLR01,BD-PIHPS
2021-10-06,1771,harga_pihps_produsen,8350.0,Rp,BRS01,BD-PIHPS
2021-10-06,1771,harga_pihps_produsen,7500.0,Rp,BRS02,BD-PIHPS
2021-10-06,1771,harga_pihps_produsen,8800.0,Rp,BRS03,BD-PIHPS
2021-10-06,1771,harga_pihps_produsen,9500.0,Rp,BRS04,BD-PIHPS
2021-10-06,1771,harga_pihps_produsen,9650.0,Rp,BRS05,BD-PIHPS
2021-10-06,1771,harga_pihps_produsen,10000.0,Rp,BRS06,BD-PIHPS
2021-10-06,1771,harga_pihps_produsen,12000.0,Rp,CMR01,BD-PIHPS
2021-10-06,1771,harga_pihps_produsen,16500.0,Rp,CMR02,BD-PIHPS
2021-10-06,1771,harga_pihps_produsen,24000.0,Rp,CRW01,BD-PIHPS
2021-10-06,1771,harga_pihps_produsen,18000.0,Rp,CRW02,BD-PIHPS
2021-10-06,1771,harga_pihps_produsen,20150.0,Rp,DAY01,BD-PIHPS
2021-10-06,1771,harga_pihps_produsen,1200000.0,Rp,DSP01,BD-PIHPS
2021-10-06,1771,harga_pihps_produsen,12000000.0,Rp,DSP02,BD-PIHPS
2021-10-06,1771,harga_pihps_produsen,17550.0,Rp,TLR01,BD-PIHPS
2021-10-07,1771,harga_pihps,9650.0,Rp,BRS01,BD-PIHPS
2021-10-07,1771,harga_pihps,11150.0,Rp,BRS02,BD-PIHPS
2021-10-07,1771,harga_pihps,11650.0,Rp,BRS03,BD-PIHPS
2021-10-07,1771,harga_pihps,11400.0,Rp,BRS04,BD-PIHPS
2021-10-07,1771,harga_pihps,12100.0,Rp,BRS05,BD-PIHPS
2021-10-07,1771,harga_pihps,12100.0,Rp,BRS06,BD-PIHPS
2021-10-07,1771,harga_pihps,27000.0,Rp,BWM01,BD-PIHPS
2021-10-07,1771,harga_pihps,25650.0,Rp,BWP01,BD-PIHPS
2021-10-07,1771,harga_pihps,29650.0,Rp,CMR01,BD-PIHPS
2021-10-07,1771,harga_pihps,34000.0,Rp,CMR02,BD-PIHPS
2021-10-07,1771,harga_pihps,35400.0,Rp,CRW01,BD-PIHPS
2021-10-07,1771,harga_pihps,24750.0,Rp,CRW02,BD-PIHPS
2021-10-07,1771,harga_pihps,33900.0,Rp,DAY01,BD-PIHPS
2021-10-07,1771,harga_pihps,123750.0,Rp,DSP01,BD-PIHPS
2021-10-07,1771,harga_pihps,123750.0,Rp,DSP02,BD-PIHPS
2021-10-07,1771,harga_pihps,12300.0,Rp,GLP01,BD-PIHPS
2021-10-07,1771,harga_pihps,13050.0,Rp,GLP02,BD-PIHPS
2021-10-07,1771,harga_pihps,15650.0,Rp,MGR01,BD-PIHPS
2021-10-07,1771,harga_pihps,15550.0,Rp,MGR02,BD-PIHPS
2021-10-07,1771,harga_pihps,15300.0,Rp,MGR03,BD-PIHPS
2021-10-07,1771,harga_pihps,22100.0,Rp,TLR01,BD-PIHPS
2021-10-07,1771,harga_pihps_grosir,9400.0,Rp,BRS01,BD-PIHPS
2021-10-07,1771,harga_pihps_grosir,10650.0,Rp,BRS02,BD-PIHPS
2021-10-07,1771,harga_pihps_grosir,11400.0,Rp,BRS03,BD-PIHPS
2021-10-07,1771,harga_pihps_grosir,11000.0,Rp,BRS04,BD-PIHPS
2021-10-07,1771,harga_pihps_grosir,11550.0,Rp,BRS05,BD-PIHPS
2021-10-07,1771,harga_pihps_grosir,11550.0,Rp,BRS06,BD-PIHPS
2021-10-07,1771,harga_pihps_grosir,21500.0,Rp,BWM01,BD-PIHPS
2021-10-07,1771,harga_pihps_grosir,21500.0,Rp,BWP01,BD-PIHPS
2021-10-07,1771,harga_pihps_grosir,19000.0,Rp,CMR01,BD-PIHPS
2021-10-07,1771,harga_pihps_grosir,22000.0,Rp,CMR02,BD-PIHPS
2021-10-07,1771,harga_pihps_grosir,30000.0,Rp,CRW01,BD-PIHPS
2021-10-07,1771,harga_pihps_grosir,21350.0,Rp,CRW02,BD-PIHPS
2021-10-07,1771,harga_pihps_grosir,29750.0,Rp,DAY01,BD-PIHPS
2021-10-07,1771,harga_pihps_grosir,120000.0,Rp,DSP01,BD-PIHPS
2021-10-07,1771,harga_pihps_grosir,120000.0,Rp,DSP02,BD-PIHPS
2021-10-07,1771,harga_pihps_grosir,12200.0,Rp,GLP01,BD-PIHPS
2021-10-07,1771,harga_pihps_grosir,14900.0,Rp,MGR01,BD-PIHPS
2021-10-07,1771,harga_pihps_grosir,14500.0,Rp,MGR02,BD-PIHPS
2021-10-07,1771,harga_pihps_grosir,14900.0,Rp,MGR03,BD-PIHPS
2021-10-07,1771,harga_pihps_grosir,20750.0,Rp,TLR01,BD-PIHPS
2021-10-07,1771,harga_pihps_modern,11100.0,Rp,BRS01,BD-PIHPS
2021-10-07,1771,harga_pihps_modern,12300.0,Rp,BRS02,BD-PIHPS
2021-10-07,1771,harga_pihps_modern,12600.0,Rp,BRS03,BD-PIHPS
2021-10-07,1771,harga_pihps_modern,12350.0,Rp,BRS04,BD-PIHPS
2021-10-07,1771,harga_pihps_modern,13450.0,Rp,BRS05,BD-PIHPS
2021-10-07,1771,harga_pihps_modern,15350.0,Rp,BRS06,BD-PIHPS
2021-10-07,1771,harga_pihps_modern,40450.0,Rp,BWM01,BD-PIHPS
2021-10-07,1771,harga_pihps_modern,36450.0,Rp,BWP01,BD-PIHPS
2021-10-07,1771,harga_pihps_modern,52450.0,Rp,CMR01,BD-PIHPS
2021-10-07,1771,harga_pihps_modern,44950.0,Rp,CMR02,BD-PIHPS
2021-10-07,1771,harga_pihps_modern,57450.0,Rp,CRW01,BD-PIHPS
2021-10-07,1771,harga_pihps_modern,69950.0,Rp,CRW02,BD-PIHPS
2021-10-07,1771,harga_pihps_modern,38700.0,Rp,DAY01,BD-PIHPS
2021-10-07,1771,harga_pihps_modern,124750.0,Rp,DSP01,BD-PIHPS
2021-10-07,1771,harga_pihps_modern,124000.0,Rp,DSP02,BD-PIHPS
2021-10-07,1771,harga_pihps_modern,13200.0,Rp,GLP01,BD-PIHPS
2021-10-07,1771,harga_pihps_modern,14250.0,Rp,GLP02,BD-PIHPS
2021-10-07,1771,harga_pihps_modern,16450.0,Rp,MGR02,BD-PIHPS
2021-10-07,1771,harga_pihps_modern,18750.0,Rp,MGR03,BD-PIHPS
2021-10-07,1771,harga_pihps_modern,30150.0,Rp,TLR01,BD-PIHPS
2021-10-07,1771,harga_pihps_produsen,8350.0,Rp,BRS01,BD-PIHPS
2021-10-07,1771,harga_pihps_produsen,7500.0,Rp,BRS02,BD-PIHPS
2021-10-07,1771,harga_pihps_produsen,8800.0,Rp,BRS03,BD-PIHPS
2021-10-07,1771,harga_pihps_produsen,9500.0,Rp,BRS04,BD-PIHPS
2021-10-07,1771,harga_pihps_produsen,9650.0,Rp,BRS05,BD-PIHPS
2021-10-07,1771,harga_pihps_produsen,10000.0,Rp,BRS06,BD-PIHPS
2021-10-07,1771,harga_pihps_produsen,12000.0,Rp,CMR01,BD-PIHPS
2021-10-07,1771,harga_pihps_produsen,16500.0,Rp,CMR02,BD-PIHPS
2021-10-07,1771,harga_pihps_produsen,24000.0,Rp,CRW01,BD-PIHPS
2021-10-07,1771,harga_pihps_produsen,18000.0,Rp,CRW02,BD-PIHPS
2021-10-07,1771,harga_pihps_produsen,20150.0,Rp,DAY01,BD-PIHPS
2021-10-07,1771,harga_pihps_produsen,1200000.0,Rp,DSP01,BD-PIHPS
2021-10-07,1771,harga_pihps_produsen,12000000.0,Rp,DSP02,BD-PIHPS
2021-10-07,1771,harga_pihps_produsen,17550.0,Rp,TLR01,BD-PIHPS
2021-10-08,1771,harga_pihps,9650.0,Rp,BRS01,BD-PIHPS
2021-10-08,1771,harga_pihps,11150.0,Rp,BRS02,BD-PIHPS
2021-10-08,1771,harga_pihps,11650.0,Rp,BRS03,BD-PIHPS
2021-10-08,1771,harga_pihps,11400.0,Rp,BRS04,BD-PIHPS
2021-10-08,1771,harga_pihps,12100.0,Rp,BRS05,BD-PIHPS
2021-10-08,1771,harga_pihps,12100.0,Rp,BRS06,BD-PIHPS
2021-10-08,1771,harga_pihps,27000.0,Rp,BWM01,BD-PIHPS
2021-10-08,1771,harga_pihps,25650.0,Rp,BWP01,BD-PIHPS
2021-10-08,1771,harga_pihps,29000.0,Rp,CMR01,BD-PIHPS
2021-10-08,1771,harga_pihps,34000.0,Rp,CMR02,BD-PIHPS
2021-10-08,1771,harga_pihps,35150.0,Rp,CRW01,BD-PIHPS
2021-10-08,1771,harga_pihps,24750.0,Rp,CRW02,BD-PIHPS
2021-10-08,1771,harga_pihps,34750.0,Rp,DAY01,BD-PIHPS
2021-10-08,1771,harga_pihps,123750.0,Rp,DSP01,BD-PIHPS
2021-10-08,1771,harga_pihps,123750.0,Rp,DSP02,BD-PIHPS
2021-10-08,1771,harga_pihps,12300.0,Rp,GLP01,BD-PIHPS
2021-10-08,1771,harga_pihps,13050.0,Rp,GLP02,BD-PIHPS
2021-10-08,1771,harga_pihps,15650.0,Rp,MGR01,BD-PIHPS
2021-10-08,1771,harga_pihps,15550.0,Rp,MGR02,BD-PIHPS
2021-10-08,1771,harga_pihps,15300.0,Rp,MGR03,BD-PIHPS
2021-10-08,1771,harga_pihps,22100.0,Rp,TLR01,BD-PIHPS
2021-10-08,1771,harga_pihps_grosir,9400.0,Rp,BRS01,BD-PIHPS
2021-10-08,1771,harga_pihps_grosir,10650.0,Rp,BRS02,BD-PIHPS
2021-10-08,1771,harga_pihps_grosir,11400.0,Rp,BRS03,BD-PIHPS
2021-10-08,1771,harga_pihps_grosir,11000.0,Rp,BRS04,BD-PIHPS
2021-10-08,1771,harga_pihps_grosir,11550.0,Rp,BRS05,BD-PIHPS
2021-10-08,1771,harga_pihps_grosir,11550.0,Rp,BRS06,BD-PIHPS
2021-10-08,1771,harga_pihps_grosir,21500.0,Rp,BWM01,BD-PIHPS
2021-10-08,1771,harga_pihps_grosir,21500.0,Rp,BWP01,BD-PIHPS
2021-10-08,1771,harga_pihps_grosir,19000.0,Rp,CMR01,BD-PIHPS
2021-10-08,1771,harga_pihps_grosir,22000.0,Rp,CMR02,BD-PIHPS
2021-10-08,1771,harga_pihps_grosir,30000.0,Rp,CRW01,BD-PIHPS
2021-10-08,1771,harga_pihps_grosir,21350.0,Rp,CRW02,BD-PIHPS
2021-10-08,1771,harga_pihps_grosir,29750.0,Rp,DAY01,BD-PIHPS
2021-10-08,1771,harga_pihps_grosir,120000.0,Rp,DSP01,BD-PIHPS
2021-10-08,1771,harga_pihps_grosir,120000.0,Rp,DSP02,BD-PIHPS
2021-10-08,1771,harga_pihps_grosir,12200.0,Rp,GLP01,BD-PIHPS
2021-10-08,1771,harga_pihps_grosir,14900.0,Rp,MGR01,BD-PIHPS
2021-10-08,1771,harga_pihps_grosir,14500.0,Rp,MGR02,BD-PIHPS
2021-10-08,1771,harga_pihps_grosir,14900.0,Rp,MGR03,BD-PIHPS
2021-10-08,1771,harga_pihps_grosir,20750.0,Rp,TLR01,BD-PIHPS
2021-10-08,1771,harga_pihps_modern,11100.0,Rp,BRS01,BD-PIHPS
2021-10-08,1771,harga_pihps_modern,12300.0,Rp,BRS02,BD-PIHPS
2021-10-08,1771,harga_pihps_modern,12600.0,Rp,BRS03,BD-PIHPS
2021-10-08,1771,harga_pihps_modern,12350.0,Rp,BRS04,BD-PIHPS
2021-10-08,1771,harga_pihps_modern,13450.0,Rp,BRS05,BD-PIHPS
2021-10-08,1771,harga_pihps_modern,15350.0,Rp,BRS06,BD-PIHPS
2021-10-08,1771,harga_pihps_modern,40450.0,Rp,BWM01,BD-PIHPS
2021-10-08,1771,harga_pihps_modern,36450.0,Rp,BWP01,BD-PIHPS
2021-10-08,1771,harga_pihps_modern,52450.0,Rp,CMR01,BD-PIHPS
2021-10-08,1771,harga_pihps_modern,44950.0,Rp,CMR02,BD-PIHPS
2021-10-08,1771,harga_pihps_modern,57450.0,Rp,CRW01,BD-PIHPS
2021-10-08,1771,harga_pihps_modern,69950.0,Rp,CRW02,BD-PIHPS
2021-10-08,1771,harga_pihps_modern,38700.0,Rp,DAY01,BD-PIHPS
2021-10-08,1771,harga_pihps_modern,124750.0,Rp,DSP01,BD-PIHPS
2021-10-08,1771,harga_pihps_modern,124000.0,Rp,DSP02,BD-PIHPS
2021-10-08,1771,harga_pihps_modern,13200.0,Rp,GLP01,BD-PIHPS
2021-10-08,1771,harga_pihps_modern,14250.0,Rp,GLP02,BD-PIHPS
2021-10-08,1771,harga_pihps_modern,16450.0,Rp,MGR02,BD-PIHPS
2021-10-08,1771,harga_pihps_modern,18750.0,Rp,MGR03,BD-PIHPS
2021-10-08,1771,harga_pihps_modern,30150.0,Rp,TLR01,BD-PIHPS
2021-10-08,1771,harga_pihps_produsen,8350.0,Rp,BRS01,BD-PIHPS
2021-10-08,1771,harga_pihps_produsen,7500.0,Rp,BRS02,BD-PIHPS
2021-10-08,1771,harga_pihps_produsen,8800.0,Rp,BRS03,BD-PIHPS
2021-10-08,1771,harga_pihps_produsen,9500.0,Rp,BRS04,BD-PIHPS
2021-10-08,1771,harga_pihps_produsen,9650.0,Rp,BRS05,BD-PIHPS
2021-10-08,1771,harga_pihps_produsen,10000.0,Rp,BRS06,BD-PIHPS
2021-10-08,1771,harga_pihps_produsen,12000.0,Rp,CMR01,BD-PIHPS
2021-10-08,1771,harga_pihps_produsen,16500.0,Rp,CMR02,BD-PIHPS
2021-10-08,1771,harga_pihps_produsen,24000.0,Rp,CRW01,BD-PIHPS
2021-10-08,1771,harga_pihps_produsen,18000.0,Rp,CRW02,BD-PIHPS
2021-10-08,1771,harga_pihps_produsen,20150.0,Rp,DAY01,BD-PIHPS
2021-10-08,1771,harga_pihps_produsen,1200000.0,Rp,DSP01,BD-PIHPS
2021-10-08,1771,harga_pihps_produsen,12000000.0,Rp,DSP02,BD-PIHPS
2021-10-08,1771,harga_pihps_produsen,17550.0,Rp,TLR01,BD-PIHPS
2021-10-11,1771,harga_pihps,9650.0,Rp,BRS01,BD-PIHPS
2021-10-11,1771,harga_pihps,11150.0,Rp,BRS02,BD-PIHPS
2021-10-11,1771,harga_pihps,11650.0,Rp,BRS03,BD-PIHPS
2021-10-11,1771,harga_pihps,11400.0,Rp,BRS04,BD-PIHPS
2021-10-11,1771,harga_pihps,12100.0,Rp,BRS05,BD-PIHPS
2021-10-11,1771,harga_pihps,12100.0,Rp,BRS06,BD-PIHPS
2021-10-11,1771,harga_pihps,27000.0,Rp,BWM01,BD-PIHPS
2021-10-11,1771,harga_pihps,25650.0,Rp,BWP01,BD-PIHPS
2021-10-11,1771,harga_pihps,28150.0,Rp,CMR01,BD-PIHPS
2021-10-11,1771,harga_pihps,32250.0,Rp,CMR02,BD-PIHPS
2021-10-11,1771,harga_pihps,34650.0,Rp,CRW01,BD-PIHPS
2021-10-11,1771,harga_pihps,24750.0,Rp,CRW02,BD-PIHPS
2021-10-11,1771,harga_pihps,33250.0,Rp,DAY01,BD-PIHPS
2021-10-11,1771,harga_pihps,123750.0,Rp,DSP01,BD-PIHPS
2021-10-11,1771,harga_pihps,123750.0,Rp,DSP02,BD-PIHPS
2021-10-11,1771,harga_pihps,12300.0,Rp,GLP01,BD-PIHPS
2021-10-11,1771,harga_pihps,13050.0,Rp,GLP02,BD-PIHPS
2021-10-11,1771,harga_pihps,15650.0,Rp,MGR01,BD-PIHPS
2021-10-11,1771,harga_pihps,15550.0,Rp,MGR02,BD-PIHPS
2021-10-11,1771,harga_pihps,15300.0,Rp,MGR03,BD-PIHPS
2021-10-11,1771,harga_pihps,22100.0,Rp,TLR01,BD-PIHPS
2021-10-11,1771,harga_pihps_grosir,9400.0,Rp,BRS01,BD-PIHPS
2021-10-11,1771,harga_pihps_grosir,10650.0,Rp,BRS02,BD-PIHPS
2021-10-11,1771,harga_pihps_grosir,11400.0,Rp,BRS03,BD-PIHPS
2021-10-11,1771,harga_pihps_grosir,11000.0,Rp,BRS04,BD-PIHPS
2021-10-11,1771,harga_pihps_grosir,11550.0,Rp,BRS05,BD-PIHPS
2021-10-11,1771,harga_pihps_grosir,11550.0,Rp,BRS06,BD-PIHPS
2021-10-11,1771,harga_pihps_grosir,21500.0,Rp,BWM01,BD-PIHPS
2021-10-11,1771,harga_pihps_grosir,21500.0,Rp,BWP01,BD-PIHPS
2021-10-11,1771,harga_pihps_grosir,19000.0,Rp,CMR01,BD-PIHPS
2021-10-11,1771,harga_pihps_grosir,22000.0,Rp,CMR02,BD-PIHPS
2021-10-11,1771,harga_pihps_grosir,30000.0,Rp,CRW01,BD-PIHPS
2021-10-11,1771,harga_pihps_grosir,21350.0,Rp,CRW02,BD-PIHPS
2021-10-11,1771,harga_pihps_grosir,29750.0,Rp,DAY01,BD-PIHPS
2021-10-11,1771,harga_pihps_grosir,120000.0,Rp,DSP01,BD-PIHPS
2021-10-11,1771,harga_pihps_grosir,120000.0,Rp,DSP02,BD-PIHPS
2021-10-11,1771,harga_pihps_grosir,12200.0,Rp,GLP01,BD-PIHPS
2021-10-11,1771,harga_pihps_grosir,14900.0,Rp,MGR01,BD-PIHPS
2021-10-11,1771,harga_pihps_grosir,14500.0,Rp,MGR02,BD-PIHPS
2021-10-11,1771,harga_pihps_grosir,14900.0,Rp,MGR03,BD-PIHPS
2021-10-11,1771,harga_pihps_grosir,20750.0,Rp,TLR01,BD-PIHPS
2021-10-11,1771,harga_pihps_modern,11100.0,Rp,BRS01,BD-PIHPS
2021-10-11,1771,harga_pihps_modern,12300.0,Rp,BRS02,BD-PIHPS
2021-10-11,1771,harga_pihps_modern,12600.0,Rp,BRS03,BD-PIHPS
2021-10-11,1771,harga_pihps_modern,12350.0,Rp,BRS04,BD-PIHPS
2021-10-11,1771,harga_pihps_modern,13450.0,Rp,BRS05,BD-PIHPS
2021-10-11,1771,harga_pihps_modern,15350.0,Rp,BRS06,BD-PIHPS
2021-10-11,1771,harga_pihps_modern,40450.0,Rp,BWM01,BD-PIHPS
2021-10-11,1771,harga_pihps_modern,36450.0,Rp,BWP01,BD-PIHPS
2021-10-11,1771,harga_pihps_modern,52450.0,Rp,CMR01,BD-PIHPS
2021-10-11,1771,harga_pihps_modern,44950.0,Rp,CMR02,BD-PIHPS
2021-10-11,1771,harga_pihps_modern,57450.0,Rp,CRW01,BD-PIHPS
2021-10-11,1771,harga_pihps_modern,69950.0,Rp,CRW02,BD-PIHPS
2021-10-11,1771,harga_pihps_modern,38700.0,Rp,DAY01,BD-PIHPS
2021-10-11,1771,harga_pihps_modern,124750.0,Rp,DSP01,BD-PIHPS
2021-10-11,1771,harga_pihps_modern,124000.0,Rp,DSP02,BD-PIHPS
2021-10-11,1771,harga_pihps_modern,13200.0,Rp,GLP01,BD-PIHPS
2021-10-11,1771,harga_pihps_modern,14250.0,Rp,GLP02,BD-PIHPS
2021-10-11,1771,harga_pihps_modern,16450.0,Rp,MGR02,BD-PIHPS
2021-10-11,1771,harga_pihps_modern,18750.0,Rp,MGR03,BD-PIHPS
2021-10-11,1771,harga_pihps_modern,30150.0,Rp,TLR01,BD-PIHPS
2021-10-11,1771,harga_pihps_produsen,8350.0,Rp,BRS01,BD-PIHPS
2021-10-11,1771,harga_pihps_produsen,7500.0,Rp,BRS02,BD-PIHPS
2021-10-11,1771,harga_pihps_produsen,8800.0,Rp,BRS03,BD-PIHPS
2021-10-11,1771,harga_pihps_produsen,9500.0,Rp,BRS04,BD-PIHPS
2021-10-11,1771,harga_pihps_produsen,9650.0,Rp,BRS05,BD-PIHPS
2021-10-11,1771,harga_pihps_produsen,10000.0,Rp,BRS06,BD-PIHPS
2021-10-11,1771,harga_pihps_produsen,12000.0,Rp,CMR01,BD-PIHPS
2021-10-11,1771,harga_pihps_produsen,16500.0,Rp,CMR02,BD-PIHPS
2021-10-11,1771,harga_pihps_produsen,24000.0,Rp,CRW01,BD-PIHPS
2021-10-11,1771,harga_pihps_produsen,18000.0,Rp,CRW02,BD-PIHPS
2021-10-11,1771,harga_pihps_produsen,20150.0,Rp,DAY01,BD-PIHPS
2021-10-11,1771,harga_pihps_produsen,1200000.0,Rp,DSP01,BD-PIHPS
2021-10-11,1771,harga_pihps_produsen,12000000.0,Rp,DSP02,BD-PIHPS
2021-10-11,1771,harga_pihps_produsen,17550.0,Rp,TLR01,BD-PIHPS
2021-10-12,1771,harga_pihps,9650.0,Rp,BRS01,BD-PIHPS
2021-10-12,1771,harga_pihps,11150.0,Rp,BRS02,BD-PIHPS
2021-10-12,1771,harga_pihps,11650.0,Rp,BRS03,BD-PIHPS
2021-10-12,1771,harga_pihps,11400.0,Rp,BRS04,BD-PIHPS
2021-10-12,1771,harga_pihps,12100.0,Rp,BRS05,BD-PIHPS
2021-10-12,1771,harga_pihps,12100.0,Rp,BRS06,BD-PIHPS
2021-10-12,1771,harga_pihps,27000.0,Rp,BWM01,BD-PIHPS
2021-10-12,1771,harga_pihps,25650.0,Rp,BWP01,BD-PIHPS
2021-10-12,1771,harga_pihps,27400.0,Rp,CMR01,BD-PIHPS
2021-10-12,1771,harga_pihps,31750.0,Rp,CMR02,BD-PIHPS
2021-10-12,1771,harga_pihps,34500.0,Rp,CRW01,BD-PIHPS
2021-10-12,1771,harga_pihps,25350.0,Rp,CRW02,BD-PIHPS
2021-10-12,1771,harga_pihps,33250.0,Rp,DAY01,BD-PIHPS
2021-10-12,1771,harga_pihps,123750.0,Rp,DSP01,BD-PIHPS
2021-10-12,1771,harga_pihps,123750.0,Rp,DSP02,BD-PIHPS
2021-10-12,1771,harga_pihps,12300.0,Rp,GLP01,BD-PIHPS
2021-10-12,1771,harga_pihps,13050.0,Rp,GLP02,BD-PIHPS
2021-10-12,1771,harga_pihps,15650.0,Rp,MGR01,BD-PIHPS
2021-10-12,1771,harga_pihps,15550.0,Rp,MGR02,BD-PIHPS
2021-10-12,1771,harga_pihps,15300.0,Rp,MGR03,BD-PIHPS
2021-10-12,1771,harga_pihps,22100.0,Rp,TLR01,BD-PIHPS
2021-10-12,1771,harga_pihps_grosir,9400.0,Rp,BRS01,BD-PIHPS
2021-10-12,1771,harga_pihps_grosir,10650.0,Rp,BRS02,BD-PIHPS
2021-10-12,1771,harga_pihps_grosir,11400.0,Rp,BRS03,BD-PIHPS
2021-10-12,1771,harga_pihps_grosir,11000.0,Rp,BRS04,BD-PIHPS
2021-10-12,1771,harga_pihps_grosir,11550.0,Rp,BRS05,BD-PIHPS
2021-10-12,1771,harga_pihps_grosir,11550.0,Rp,BRS06,BD-PIHPS
2021-10-12,1771,harga_pihps_grosir,20750.0,Rp,BWM01,BD-PIHPS
2021-10-12,1771,harga_pihps_grosir,21500.0,Rp,BWP01,BD-PIHPS
2021-10-12,1771,harga_pihps_grosir,21000.0,Rp,CMR01,BD-PIHPS
2021-10-12,1771,harga_pihps_grosir,25000.0,Rp,CMR02,BD-PIHPS
2021-10-12,1771,harga_pihps_grosir,31500.0,Rp,CRW01,BD-PIHPS
2021-10-12,1771,harga_pihps_grosir,24500.0,Rp,CRW02,BD-PIHPS
2021-10-12,1771,harga_pihps_grosir,28500.0,Rp,DAY01,BD-PIHPS
2021-10-12,1771,harga_pihps_grosir,120000.0,Rp,DSP01,BD-PIHPS
2021-10-12,1771,harga_pihps_grosir,120000.0,Rp,DSP02,BD-PIHPS
2021-10-12,1771,harga_pihps_grosir,12200.0,Rp,GLP01,BD-PIHPS
2021-10-12,1771,harga_pihps_grosir,14900.0,Rp,MGR01,BD-PIHPS
2021-10-12,1771,harga_pihps_grosir,14500.0,Rp,MGR02,BD-PIHPS
2021-10-12,1771,harga_pihps_grosir,14900.0,Rp,MGR03,BD-PIHPS
2021-10-12,1771,harga_pihps_grosir,20750.0,Rp,TLR01,BD-PIHPS
2021-10-12,1771,harga_pihps_modern,11100.0,Rp,BRS01,BD-PIHPS
2021-10-12,1771,harga_pihps_modern,12300.0,Rp,BRS02,BD-PIHPS
2021-10-12,1771,harga_pihps_modern,12600.0,Rp,BRS03,BD-PIHPS
2021-10-12,1771,harga_pihps_modern,12350.0,Rp,BRS04,BD-PIHPS
2021-10-12,1771,harga_pihps_modern,13450.0,Rp,BRS05,BD-PIHPS
2021-10-12,1771,harga_pihps_modern,15350.0,Rp,BRS06,BD-PIHPS
2021-10-12,1771,harga_pihps_modern,39450.0,Rp,BWM01,BD-PIHPS
2021-10-12,1771,harga_pihps_modern,35450.0,Rp,BWP01,BD-PIHPS
2021-10-12,1771,harga_pihps_modern,54950.0,Rp,CMR01,BD-PIHPS
2021-10-12,1771,harga_pihps_modern,44950.0,Rp,CMR02,BD-PIHPS
2021-10-12,1771,harga_pihps_modern,57450.0,Rp,CRW01,BD-PIHPS
2021-10-12,1771,harga_pihps_modern,69950.0,Rp,CRW02,BD-PIHPS
2021-10-12,1771,harga_pihps_modern,38700.0,Rp,DAY01,BD-PIHPS
2021-10-12,1771,harga_pihps_modern,124750.0,Rp,DSP01,BD-PIHPS
2021-10-12,1771,harga_pihps_modern,127450.0,Rp,DSP02,BD-PIHPS
2021-10-12,1771,harga_pihps_modern,12950.0,Rp,GLP01,BD-PIHPS
2021-10-12,1771,harga_pihps_modern,14250.0,Rp,GLP02,BD-PIHPS
2021-10-12,1771,harga_pihps_modern,17100.0,Rp,MGR02,BD-PIHPS
2021-10-12,1771,harga_pihps_modern,18250.0,Rp,MGR03,BD-PIHPS
2021-10-12,1771,harga_pihps_modern,31250.0,Rp,TLR01,BD-PIHPS
2021-10-12,1771,harga_pihps_produsen,8350.0,Rp,BRS01,BD-PIHPS
2021-10-12,1771,harga_pihps_produsen,7500.0,Rp,BRS02,BD-PIHPS
2021-10-12,1771,harga_pihps_produsen,8800.0,Rp,BRS03,BD-PIHPS
2021-10-12,1771,harga_pihps_produsen,9500.0,Rp,BRS04,BD-PIHPS
2021-10-12,1771,harga_pihps_produsen,9650.0,Rp,BRS05,BD-PIHPS
2021-10-12,1771,harga_pihps_produsen,10000.0,Rp,BRS06,BD-PIHPS
2021-10-12,1771,harga_pihps_produsen,12000.0,Rp,CMR01,BD-PIHPS
2021-10-12,1771,harga_pihps_produsen,16500.0,Rp,CMR02,BD-PIHPS
2021-10-12,1771,harga_pihps_produsen,24000.0,Rp,CRW01,BD-PIHPS
2021-10-12,1771,harga_pihps_produsen,18000.0,Rp,CRW02,BD-PIHPS
2021-10-12,1771,harga_pihps_produsen,20150.0,Rp,DAY01,BD-PIHPS
2021-10-12,1771,harga_pihps_produsen,1200000.0,Rp,DSP01,BD-PIHPS
2021-10-12,1771,harga_pihps_produsen,12000000.0,Rp,DSP02,BD-PIHPS
2021-10-12,1771,harga_pihps_produsen,17550.0,Rp,TLR01,BD-PIHPS
2021-10-13,1771,harga_pihps,9650.0,Rp,BRS01,BD-PIHPS
2021-10-13,1771,harga_pihps,11150.0,Rp,BRS02,BD-PIHPS
2021-10-13,1771,harga_pihps,11650.0,Rp,BRS03,BD-PIHPS
2021-10-13,1771,harga_pihps,11400.0,Rp,BRS04,BD-PIHPS
2021-10-13,1771,harga_pihps,12050.0,Rp,BRS05,BD-PIHPS
2021-10-13,1771,harga_pihps,12050.0,Rp,BRS06,BD-PIHPS
2021-10-13,1771,harga_pihps,27150.0,Rp,BWM01,BD-PIHPS
2021-10-13,1771,harga_pihps,25900.0,Rp,BWP01,BD-PIHPS
2021-10-13,1771,harga_pihps,27150.0,Rp,CMR01,BD-PIHPS
2021-10-13,1771,harga_pihps,31000.0,Rp,CMR02,BD-PIHPS
2021-10-13,1771,harga_pihps,33750.0,Rp,CRW01,BD-PIHPS
2021-10-13,1771,harga_pihps,25350.0,Rp,CRW02,BD-PIHPS
2021-10-13,1771,harga_pihps,34150.0,Rp,DAY01,BD-PIHPS
2021-10-13,1771,harga_pihps,123750.0,Rp,DSP01,BD-PIHPS
2021-10-13,1771,harga_pihps,123750.0,Rp,DSP02,BD-PIHPS
2021-10-13,1771,harga_pihps,12300.0,Rp,GLP01,BD-PIHPS
2021-10-13,1771,harga_pihps,13200.0,Rp,GLP02,BD-PIHPS
2021-10-13,1771,harga_pihps,15900.0,Rp,MGR01,BD-PIHPS
2021-10-13,1771,harga_pihps,15800.0,Rp,MGR02,BD-PIHPS
2021-10-13,1771,harga_pihps,15500.0,Rp,MGR03,BD-PIHPS
2021-10-13,1771,harga_pihps,22100.0,Rp,TLR01,BD-PIHPS
2021-10-13,1771,harga_pihps_grosir,9400.0,Rp,BRS01,BD-PIHPS
2021-10-13,1771,harga_pihps_grosir,10650.0,Rp,BRS02,BD-PIHPS
2021-10-13,1771,harga_pihps_grosir,11400.0,Rp,BRS03,BD-PIHPS
2021-10-13,1771,harga_pihps_grosir,11000.0,Rp,BRS04,BD-PIHPS
2021-10-13,1771,harga_pihps_grosir,11550.0,Rp,BRS05,BD-PIHPS
2021-10-13,1771,harga_pihps_grosir,11550.0,Rp,BRS06,BD-PIHPS
2021-10-13,1771,harga_pihps_grosir,20750.0,Rp,BWM01,BD-PIHPS
2021-10-13,1771,harga_pihps_grosir,21500.0,Rp,BWP01,BD-PIHPS
2021-10-13,1771,harga_pihps_grosir,21000.0,Rp,CMR01,BD-PIHPS
2021-10-13,1771,harga_pihps_grosir,25000.0,Rp,CMR02,BD-PIHPS
2021-10-13,1771,harga_pihps_grosir,31500.0,Rp,CRW01,BD-PIHPS
2021-10-13,1771,harga_pihps_grosir,24500.0,Rp,CRW02,BD-PIHPS
2021-10-13,1771,harga_pihps_grosir,28500.0,Rp,DAY01,BD-PIHPS
2021-10-13,1771,harga_pihps_grosir,120000.0,Rp,DSP01,BD-PIHPS
2021-10-13,1771,harga_pihps_grosir,120000.0,Rp,DSP02,BD-PIHPS
2021-10-13,1771,harga_pihps_grosir,12200.0,Rp,GLP01,BD-PIHPS
2021-10-13,1771,harga_pihps_grosir,14900.0,Rp,MGR01,BD-PIHPS
2021-10-13,1771,harga_pihps_grosir,14500.0,Rp,MGR02,BD-PIHPS
2021-10-13,1771,harga_pihps_grosir,14900.0,Rp,MGR03,BD-PIHPS
2021-10-13,1771,harga_pihps_grosir,20750.0,Rp,TLR01,BD-PIHPS
2021-10-13,1771,harga_pihps_modern,11100.0,Rp,BRS01,BD-PIHPS
2021-10-13,1771,harga_pihps_modern,12300.0,Rp,BRS02,BD-PIHPS
2021-10-13,1771,harga_pihps_modern,12600.0,Rp,BRS03,BD-PIHPS
2021-10-13,1771,harga_pihps_modern,12350.0,Rp,BRS04,BD-PIHPS
2021-10-13,1771,harga_pihps_modern,13450.0,Rp,BRS05,BD-PIHPS
2021-10-13,1771,harga_pihps_modern,15350.0,Rp,BRS06,BD-PIHPS
2021-10-13,1771,harga_pihps_modern,39450.0,Rp,BWM01,BD-PIHPS
2021-10-13,1771,harga_pihps_modern,35450.0,Rp,BWP01,BD-PIHPS
2021-10-13,1771,harga_pihps_modern,54950.0,Rp,CMR01,BD-PIHPS
2021-10-13,1771,harga_pihps_modern,44950.0,Rp,CMR02,BD-PIHPS
2021-10-13,1771,harga_pihps_modern,57450.0,Rp,CRW01,BD-PIHPS
2021-10-13,1771,harga_pihps_modern,69950.0,Rp,CRW02,BD-PIHPS
2021-10-13,1771,harga_pihps_modern,38700.0,Rp,DAY01,BD-PIHPS
2021-10-13,1771,harga_pihps_modern,124750.0,Rp,DSP01,BD-PIHPS
2021-10-13,1771,harga_pihps_modern,127450.0,Rp,DSP02,BD-PIHPS
2021-10-13,1771,harga_pihps_modern,12950.0,Rp,GLP01,BD-PIHPS
2021-10-13,1771,harga_pihps_modern,14250.0,Rp,GLP02,BD-PIHPS
2021-10-13,1771,harga_pihps_modern,17100.0,Rp,MGR02,BD-PIHPS
2021-10-13,1771,harga_pihps_modern,18250.0,Rp,MGR03,BD-PIHPS
2021-10-13,1771,harga_pihps_modern,31250.0,Rp,TLR01,BD-PIHPS
2021-10-13,1771,harga_pihps_produsen,8350.0,Rp,BRS01,BD-PIHPS
2021-10-13,1771,harga_pihps_produsen,7500.0,Rp,BRS02,BD-PIHPS
2021-10-13,1771,harga_pihps_produsen,8800.0,Rp,BRS03,BD-PIHPS
2021-10-13,1771,harga_pihps_produsen,9500.0,Rp,BRS04,BD-PIHPS
2021-10-13,1771,harga_pihps_produsen,9650.0,Rp,BRS05,BD-PIHPS
2021-10-13,1771,harga_pihps_produsen,10000.0,Rp,BRS06,BD-PIHPS
2021-10-13,1771,harga_pihps_produsen,12000.0,Rp,CMR01,BD-PIHPS
2021-10-13,1771,harga_pihps_produsen,16500.0,Rp,CMR02,BD-PIHPS
2021-10-13,1771,harga_pihps_produsen,24000.0,Rp,CRW01,BD-PIHPS
2021-10-13,1771,harga_pihps_produsen,18000.0,Rp,CRW02,BD-PIHPS
2021-10-13,1771,harga_pihps_produsen,20150.0,Rp,DAY01,BD-PIHPS
2021-10-13,1771,harga_pihps_produsen,1200000.0,Rp,DSP01,BD-PIHPS
2021-10-13,1771,harga_pihps_produsen,12000000.0,Rp,DSP02,BD-PIHPS
2021-10-13,1771,harga_pihps_produsen,17550.0,Rp,TLR01,BD-PIHPS
2021-10-14,1771,harga_pihps,9650.0,Rp,BRS01,BD-PIHPS
2021-10-14,1771,harga_pihps,11150.0,Rp,BRS02,BD-PIHPS
2021-10-14,1771,harga_pihps,11650.0,Rp,BRS03,BD-PIHPS
2021-10-14,1771,harga_pihps,11400.0,Rp,BRS04,BD-PIHPS
2021-10-14,1771,harga_pihps,12050.0,Rp,BRS05,BD-PIHPS
2021-10-14,1771,harga_pihps,12050.0,Rp,BRS06,BD-PIHPS
2021-10-14,1771,harga_pihps,27250.0,Rp,BWM01,BD-PIHPS
2021-10-14,1771,harga_pihps,25900.0,Rp,BWP01,BD-PIHPS
2021-10-14,1771,harga_pihps,27150.0,Rp,CMR01,BD-PIHPS
2021-10-14,1771,harga_pihps,30750.0,Rp,CMR02,BD-PIHPS
2021-10-14,1771,harga_pihps,32900.0,Rp,CRW01,BD-PIHPS
2021-10-14,1771,harga_pihps,25650.0,Rp,CRW02,BD-PIHPS
2021-10-14,1771,harga_pihps,34150.0,Rp,DAY01,BD-PIHPS
2021-10-14,1771,harga_pihps,123750.0,Rp,DSP01,BD-PIHPS
2021-10-14,1771,harga_pihps,123750.0,Rp,DSP02,BD-PIHPS
2021-10-14,1771,harga_pihps,12300.0,Rp,GLP01,BD-PIHPS
2021-10-14,1771,harga_pihps,13200.0,Rp,GLP02,BD-PIHPS
2021-10-14,1771,harga_pihps,16000.0,Rp,MGR01,BD-PIHPS
2021-10-14,1771,harga_pihps,16000.0,Rp,MGR02,BD-PIHPS
2021-10-14,1771,harga_pihps,15650.0,Rp,MGR03,BD-PIHPS
2021-10-14,1771,harga_pihps,22200.0,Rp,TLR01,BD-PIHPS
2021-10-14,1771,harga_pihps_grosir,9400.0,Rp,BRS01,BD-PIHPS
2021-10-14,1771,harga_pihps_grosir,10650.0,Rp,BRS02,BD-PIHPS
2021-10-14,1771,harga_pihps_grosir,11400.0,Rp,BRS03,BD-PIHPS
2021-10-14,1771,harga_pihps_grosir,11000.0,Rp,BRS04,BD-PIHPS
2021-10-14,1771,harga_pihps_grosir,11550.0,Rp,BRS05,BD-PIHPS
2021-10-14,1771,harga_pihps_grosir,11550.0,Rp,BRS06,BD-PIHPS
2021-10-14,1771,harga_pihps_grosir,20750.0,Rp,BWM01,BD-PIHPS
2021-10-14,1771,harga_pihps_grosir,21500.0,Rp,BWP01,BD-PIHPS
2021-10-14,1771,harga_pihps_grosir,21000.0,Rp,CMR01,BD-PIHPS
2021-10-14,1771,harga_pihps_grosir,25000.0,Rp,CMR02,BD-PIHPS
2021-10-14,1771,harga_pihps_grosir,31500.0,Rp,CRW01,BD-PIHPS
2021-10-14,1771,harga_pihps_grosir,24500.0,Rp,CRW02,BD-PIHPS
2021-10-14,1771,harga_pihps_grosir,28500.0,Rp,DAY01,BD-PIHPS
2021-10-14,1771,harga_pihps_grosir,120000.0,Rp,DSP01,BD-PIHPS
2021-10-14,1771,harga_pihps_grosir,120000.0,Rp,DSP02,BD-PIHPS
2021-10-14,1771,harga_pihps_grosir,12200.0,Rp,GLP01,BD-PIHPS
2021-10-14,1771,harga_pihps_grosir,14900.0,Rp,MGR01,BD-PIHPS
2021-10-14,1771,harga_pihps_grosir,14500.0,Rp,MGR02,BD-PIHPS
2021-10-14,1771,harga_pihps_grosir,14900.0,Rp,MGR03,BD-PIHPS
2021-10-14,1771,harga_pihps_grosir,20750.0,Rp,TLR01,BD-PIHPS
2021-10-14,1771,harga_pihps_modern,11100.0,Rp,BRS01,BD-PIHPS
2021-10-14,1771,harga_pihps_modern,12300.0,Rp,BRS02,BD-PIHPS
2021-10-14,1771,harga_pihps_modern,12600.0,Rp,BRS03,BD-PIHPS
2021-10-14,1771,harga_pihps_modern,12350.0,Rp,BRS04,BD-PIHPS
2021-10-14,1771,harga_pihps_modern,13450.0,Rp,BRS05,BD-PIHPS
2021-10-14,1771,harga_pihps_modern,15350.0,Rp,BRS06,BD-PIHPS
2021-10-14,1771,harga_pihps_modern,39450.0,Rp,BWM01,BD-PIHPS
2021-10-14,1771,harga_pihps_modern,35450.0,Rp,BWP01,BD-PIHPS
2021-10-14,1771,harga_pihps_modern,54950.0,Rp,CMR01,BD-PIHPS
2021-10-14,1771,harga_pihps_modern,44950.0,Rp,CMR02,BD-PIHPS
2021-10-14,1771,harga_pihps_modern,57450.0,Rp,CRW01,BD-PIHPS
2021-10-14,1771,harga_pihps_modern,69950.0,Rp,CRW02,BD-PIHPS
2021-10-14,1771,harga_pihps_modern,38700.0,Rp,DAY01,BD-PIHPS
2021-10-14,1771,harga_pihps_modern,124750.0,Rp,DSP01,BD-PIHPS
2021-10-14,1771,harga_pihps_modern,127450.0,Rp,DSP02,BD-PIHPS
2021-10-14,1771,harga_pihps_modern,12950.0,Rp,GLP01,BD-PIHPS
2021-10-14,1771,harga_pihps_modern,14250.0,Rp,GLP02,BD-PIHPS
2021-10-14,1771,harga_pihps_modern,17100.0,Rp,MGR02,BD-PIHPS
2021-10-14,1771,harga_pihps_modern,18250.0,Rp,MGR03,BD-PIHPS
2021-10-14,1771,harga_pihps_modern,31250.0,Rp,TLR01,BD-PIHPS
2021-10-14,1771,harga_pihps_produsen,8350.0,Rp,BRS01,BD-PIHPS
2021-10-14,1771,harga_pihps_produsen,7500.0,Rp,BRS02,BD-PIHPS
2021-10-14,1771,harga_pihps_produsen,8800.0,Rp,BRS03,BD-PIHPS
2021-10-14,1771,harga_pihps_produsen,9500.0,Rp,BRS04,BD-PIHPS
2021-10-14,1771,harga_pihps_produsen,9650.0,Rp,BRS05,BD-PIHPS
2021-10-14,1771,harga_pihps_produsen,10000.0,Rp,BRS06,BD-PIHPS
2021-10-14,1771,harga_pihps_produsen,12000.0,Rp,CMR01,BD-PIHPS
2021-10-14,1771,harga_pihps_produsen,16500.0,Rp,CMR02,BD-PIHPS
2021-10-14,1771,harga_pihps_produsen,24000.0,Rp,CRW01,BD-PIHPS
2021-10-14,1771,harga_pihps_produsen,18000.0,Rp,CRW02,BD-PIHPS
2021-10-14,1771,harga_pihps_produsen,20150.0,Rp,DAY01,BD-PIHPS
2021-10-14,1771,harga_pihps_produsen,1200000.0,Rp,DSP01,BD-PIHPS
2021-10-14,1771,harga_pihps_produsen,12000000.0,Rp,DSP02,BD-PIHPS
2021-10-14,1771,harga_pihps_produsen,17550.0,Rp,TLR01,BD-PIHPS
2021-10-15,1771,harga_pihps,9650.0,Rp,BRS01,BD-PIHPS
2021-10-15,1771,harga_pihps,11150.0,Rp,BRS02,BD-PIHPS
2021-10-15,1771,harga_pihps,11650.0,Rp,BRS03,BD-PIHPS
2021-10-15,1771,harga_pihps,11400.0,Rp,BRS04,BD-PIHPS
2021-10-15,1771,harga_pihps,12050.0,Rp,BRS05,BD-PIHPS
2021-10-15,1771,harga_pihps,12050.0,Rp,BRS06,BD-PIHPS
2021-10-15,1771,harga_pihps,27400.0,Rp,BWM01,BD-PIHPS
2021-10-15,1771,harga_pihps,26150.0,Rp,BWP01,BD-PIHPS
2021-10-15,1771,harga_pihps,27750.0,Rp,CMR01,BD-PIHPS
2021-10-15,1771,harga_pihps,31900.0,Rp,CMR02,BD-PIHPS
2021-10-15,1771,harga_pihps,33400.0,Rp,CRW01,BD-PIHPS
2021-10-15,1771,harga_pihps,26150.0,Rp,CRW02,BD-PIHPS
2021-10-15,1771,harga_pihps,33900.0,Rp,DAY01,BD-PIHPS
2021-10-15,1771,harga_pihps,123750.0,Rp,DSP01,BD-PIHPS
2021-10-15,1771,harga_pihps,123750.0,Rp,DSP02,BD-PIHPS
2021-10-15,1771,harga_pihps,12300.0,Rp,GLP01,BD-PIHPS
2021-10-15,1771,harga_pihps,13200.0,Rp,GLP02,BD-PIHPS
2021-10-15,1771,harga_pihps,16000.0,Rp,MGR01,BD-PIHPS
2021-10-15,1771,harga_pihps,16000.0,Rp,MGR02,BD-PIHPS
2021-10-15,1771,harga_pihps,15650.0,Rp,MGR03,BD-PIHPS
2021-10-15,1771,harga_pihps,22200.0,Rp,TLR01,BD-PIHPS
2021-10-15,1771,harga_pihps_grosir,9400.0,Rp,BRS01,BD-PIHPS
2021-10-15,1771,harga_pihps_grosir,10650.0,Rp,BRS02,BD-PIHPS
2021-10-15,1771,harga_pihps_grosir,11400.0,Rp,BRS03,BD-PIHPS
2021-10-15,1771,harga_pihps_grosir,11000.0,Rp,BRS04,BD-PIHPS
2021-10-15,1771,harga_pihps_grosir,11550.0,Rp,BRS05,BD-PIHPS
2021-10-15,1771,harga_pihps_grosir,11550.0,Rp,BRS06,BD-PIHPS
2021-10-15,1771,harga_pihps_grosir,20750.0,Rp,BWM01,BD-PIHPS
2021-10-15,1771,harga_pihps_grosir,21500.0,Rp,BWP01,BD-PIHPS
2021-10-15,1771,harga_pihps_grosir,21000.0,Rp,CMR01,BD-PIHPS
2021-10-15,1771,harga_pihps_grosir,25000.0,Rp,CMR02,BD-PIHPS
2021-10-15,1771,harga_pihps_grosir,31500.0,Rp,CRW01,BD-PIHPS
2021-10-15,1771,harga_pihps_grosir,24500.0,Rp,CRW02,BD-PIHPS
2021-10-15,1771,harga_pihps_grosir,28500.0,Rp,DAY01,BD-PIHPS
2021-10-15,1771,harga_pihps_grosir,120000.0,Rp,DSP01,BD-PIHPS
2021-10-15,1771,harga_pihps_grosir,120000.0,Rp,DSP02,BD-PIHPS
2021-10-15,1771,harga_pihps_grosir,12200.0,Rp,GLP01,BD-PIHPS
2021-10-15,1771,harga_pihps_grosir,14900.0,Rp,MGR01,BD-PIHPS
2021-10-15,1771,harga_pihps_grosir,14500.0,Rp,MGR02,BD-PIHPS
2021-10-15,1771,harga_pihps_grosir,14900.0,Rp,MGR03,BD-PIHPS
2021-10-15,1771,harga_pihps_grosir,20750.0,Rp,TLR01,BD-PIHPS
2021-10-15,1771,harga_pihps_modern,11100.0,Rp,BRS01,BD-PIHPS
2021-10-15,1771,harga_pihps_modern,12300.0,Rp,BRS02,BD-PIHPS
2021-10-15,1771,harga_pihps_modern,12600.0,Rp,BRS03,BD-PIHPS
2021-10-15,1771,harga_pihps_modern,12350.0,Rp,BRS04,BD-PIHPS
2021-10-15,1771,harga_pihps_modern,13450.0,Rp,BRS05,BD-PIHPS
2021-10-15,1771,harga_pihps_modern,15350.0,Rp,BRS06,BD-PIHPS
2021-10-15,1771,harga_pihps_modern,39450.0,Rp,BWM01,BD-PIHPS
2021-10-15,1771,harga_pihps_modern,35450.0,Rp,BWP01,BD-PIHPS
2021-10-15,1771,harga_pihps_modern,54950.0,Rp,CMR01,BD-PIHPS
2021-10-15,1771,harga_pihps_modern,44950.0,Rp,CMR02,BD-PIHPS
2021-10-15,1771,harga_pihps_modern,57450.0,Rp,CRW01,BD-PIHPS
2021-10-15,1771,harga_pihps_modern,69950.0,Rp,CRW02,BD-PIHPS
2021-10-15,1771,harga_pihps_modern,38700.0,Rp,DAY01,BD-PIHPS
2021-10-15,1771,harga_pihps_modern,124750.0,Rp,DSP01,BD-PIHPS
2021-10-15,1771,harga_pihps_modern,127450.0,Rp,DSP02,BD-PIHPS
2021-10-15,1771,harga_pihps_modern,12950.0,Rp,GLP01,BD-PIHPS
2021-10-15,1771,harga_pihps_modern,14250.0,Rp,GLP02,BD-PIHPS
2021-10-15,1771,harga_pihps_modern,17100.0,Rp,MGR02,BD-PIHPS
2021-10-15,1771,harga_pihps_modern,18250.0,Rp,MGR03,BD-PIHPS
2021-10-15,1771,harga_pihps_modern,31250.0,Rp,TLR01,BD-PIHPS
2021-10-15,1771,harga_pihps_produsen,8350.0,Rp,BRS01,BD-PIHPS
2021-10-15,1771,harga_pihps_produsen,7500.0,Rp,BRS02,BD-PIHPS
2021-10-15,1771,harga_pihps_produsen,8800.0,Rp,BRS03,BD-PIHPS
2021-10-15,1771,harga_pihps_produsen,9500.0,Rp,BRS04,BD-PIHPS
2021-10-15,1771,harga_pihps_produsen,9650.0,Rp,BRS05,BD-PIHPS
2021-10-15,1771,harga_pihps_produsen,10000.0,Rp,BRS06,BD-PIHPS
2021-10-15,1771,harga_pihps_produsen,12000.0,Rp,CMR01,BD-PIHPS
2021-10-15,1771,harga_pihps_produsen,16500.0,Rp,CMR02,BD-PIHPS
2021-10-15,1771,harga_pihps_produsen,24000.0,Rp,CRW01,BD-PIHPS
2021-10-15,1771,harga_pihps_produsen,18000.0,Rp,CRW02,BD-PIHPS
2021-10-15,1771,harga_pihps_produsen,20150.0,Rp,DAY01,BD-PIHPS
2021-10-15,1771,harga_pihps_produsen,1200000.0,Rp,DSP01,BD-PIHPS
2021-10-15,1771,harga_pihps_produsen,12000000.0,Rp,DSP02,BD-PIHPS
2021-10-15,1771,harga_pihps_produsen,16700.0,Rp,TLR01,BD-PIHPS
2021-10-18,1771,harga_pihps,9650.0,Rp,BRS01,BD-PIHPS
2021-10-18,1771,harga_pihps,11150.0,Rp,BRS02,BD-PIHPS
2021-10-18,1771,harga_pihps,11650.0,Rp,BRS03,BD-PIHPS
2021-10-18,1771,harga_pihps,11400.0,Rp,BRS04,BD-PIHPS
2021-10-18,1771,harga_pihps,12050.0,Rp,BRS05,BD-PIHPS
2021-10-18,1771,harga_pihps,12050.0,Rp,BRS06,BD-PIHPS
2021-10-18,1771,harga_pihps,27500.0,Rp,BWM01,BD-PIHPS
2021-10-18,1771,harga_pihps,26000.0,Rp,BWP01,BD-PIHPS
2021-10-18,1771,harga_pihps,26400.0,Rp,CMR01,BD-PIHPS
2021-10-18,1771,harga_pihps,31500.0,Rp,CMR02,BD-PIHPS
2021-10-18,1771,harga_pihps,32000.0,Rp,CRW01,BD-PIHPS
2021-10-18,1771,harga_pihps,24950.0,Rp,CRW02,BD-PIHPS
2021-10-18,1771,harga_pihps,33400.0,Rp,DAY01,BD-PIHPS
2021-10-18,1771,harga_pihps,123750.0,Rp,DSP01,BD-PIHPS
2021-10-18,1771,harga_pihps,123750.0,Rp,DSP02,BD-PIHPS
2021-10-18,1771,harga_pihps,12300.0,Rp,GLP01,BD-PIHPS
2021-10-18,1771,harga_pihps,13200.0,Rp,GLP02,BD-PIHPS
2021-10-18,1771,harga_pihps,16000.0,Rp,MGR01,BD-PIHPS
2021-10-18,1771,harga_pihps,16000.0,Rp,MGR02,BD-PIHPS
2021-10-18,1771,harga_pihps,15650.0,Rp,MGR03,BD-PIHPS
2021-10-18,1771,harga_pihps,22200.0,Rp,TLR01,BD-PIHPS
2021-10-18,1771,harga_pihps_grosir,9400.0,Rp,BRS01,BD-PIHPS
2021-10-18,1771,harga_pihps_grosir,10650.0,Rp,BRS02,BD-PIHPS
2021-10-18,1771,harga_pihps_grosir,11400.0,Rp,BRS03,BD-PIHPS
2021-10-18,1771,harga_pihps_grosir,11000.0,Rp,BRS04,BD-PIHPS
2021-10-18,1771,harga_pihps_grosir,11550.0,Rp,BRS05,BD-PIHPS
2021-10-18,1771,harga_pihps_grosir,11550.0,Rp,BRS06,BD-PIHPS
2021-10-18,1771,harga_pihps_grosir,20750.0,Rp,BWM01,BD-PIHPS
2021-10-18,1771,harga_pihps_grosir,21500.0,Rp,BWP01,BD-PIHPS
2021-10-18,1771,harga_pihps_grosir,21000.0,Rp,CMR01,BD-PIHPS
2021-10-18,1771,harga_pihps_grosir,25000.0,Rp,CMR02,BD-PIHPS
2021-10-18,1771,harga_pihps_grosir,31500.0,Rp,CRW01,BD-PIHPS
2021-10-18,1771,harga_pihps_grosir,24500.0,Rp,CRW02,BD-PIHPS
2021-10-18,1771,harga_pihps_grosir,28500.0,Rp,DAY01,BD-PIHPS
2021-10-18,1771,harga_pihps_grosir,120000.0,Rp,DSP01,BD-PIHPS
2021-10-18,1771,harga_pihps_grosir,120000.0,Rp,DSP02,BD-PIHPS
2021-10-18,1771,harga_pihps_grosir,12200.0,Rp,GLP01,BD-PIHPS
2021-10-18,1771,harga_pihps_grosir,14900.0,Rp,MGR01,BD-PIHPS
2021-10-18,1771,harga_pihps_grosir,14500.0,Rp,MGR02,BD-PIHPS
2021-10-18,1771,harga_pihps_grosir,14900.0,Rp,MGR03,BD-PIHPS
2021-10-18,1771,harga_pihps_grosir,20750.0,Rp,TLR01,BD-PIHPS
2021-10-18,1771,harga_pihps_modern,11100.0,Rp,BRS01,BD-PIHPS
2021-10-18,1771,harga_pihps_modern,12300.0,Rp,BRS02,BD-PIHPS
2021-10-18,1771,harga_pihps_modern,12600.0,Rp,BRS03,BD-PIHPS
2021-10-18,1771,harga_pihps_modern,12350.0,Rp,BRS04,BD-PIHPS
2021-10-18,1771,harga_pihps_modern,13450.0,Rp,BRS05,BD-PIHPS
2021-10-18,1771,harga_pihps_modern,15350.0,Rp,BRS06,BD-PIHPS
2021-10-18,1771,harga_pihps_modern,39450.0,Rp,BWM01,BD-PIHPS
2021-10-18,1771,harga_pihps_modern,35450.0,Rp,BWP01,BD-PIHPS
2021-10-18,1771,harga_pihps_modern,54950.0,Rp,CMR01,BD-PIHPS
2021-10-18,1771,harga_pihps_modern,44950.0,Rp,CMR02,BD-PIHPS
2021-10-18,1771,harga_pihps_modern,57450.0,Rp,CRW01,BD-PIHPS
2021-10-18,1771,harga_pihps_modern,69950.0,Rp,CRW02,BD-PIHPS
2021-10-18,1771,harga_pihps_modern,38700.0,Rp,DAY01,BD-PIHPS
2021-10-18,1771,harga_pihps_modern,124750.0,Rp,DSP01,BD-PIHPS
2021-10-18,1771,harga_pihps_modern,127450.0,Rp,DSP02,BD-PIHPS
2021-10-18,1771,harga_pihps_modern,12950.0,Rp,GLP01,BD-PIHPS
2021-10-18,1771,harga_pihps_modern,14250.0,Rp,GLP02,BD-PIHPS
2021-10-18,1771,harga_pihps_modern,17100.0,Rp,MGR02,BD-PIHPS
2021-10-18,1771,harga_pihps_modern,18250.0,Rp,MGR03,BD-PIHPS
2021-10-18,1771,harga_pihps_modern,31250.0,Rp,TLR01,BD-PIHPS
2021-10-18,1771,harga_pihps_produsen,8350.0,Rp,BRS01,BD-PIHPS
2021-10-18,1771,harga_pihps_produsen,7500.0,Rp,BRS02,BD-PIHPS
2021-10-18,1771,harga_pihps_produsen,8800.0,Rp,BRS03,BD-PIHPS
2021-10-18,1771,harga_pihps_produsen,9500.0,Rp,BRS04,BD-PIHPS
2021-10-18,1771,harga_pihps_produsen,9650.0,Rp,BRS05,BD-PIHPS
2021-10-18,1771,harga_pihps_produsen,10000.0,Rp,BRS06,BD-PIHPS
2021-10-18,1771,harga_pihps_produsen,14350.0,Rp,CMR01,BD-PIHPS
2021-10-18,1771,harga_pihps_produsen,25500.0,Rp,CMR02,BD-PIHPS
2021-10-18,1771,harga_pihps_produsen,24000.0,Rp,CRW01,BD-PIHPS
2021-10-18,1771,harga_pihps_produsen,24000.0,Rp,CRW02,BD-PIHPS
2021-10-18,1771,harga_pihps_produsen,18850.0,Rp,DAY01,BD-PIHPS
2021-10-18,1771,harga_pihps_produsen,1200000.0,Rp,DSP01,BD-PIHPS
2021-10-18,1771,harga_pihps_produsen,12000000.0,Rp,DSP02,BD-PIHPS
2021-10-18,1771,harga_pihps_produsen,16450.0,Rp,TLR01,BD-PIHPS
2021-10-19,1771,harga_pihps,9650.0,Rp,BRS01,BD-PIHPS
2021-10-19,1771,harga_pihps,11150.0,Rp,BRS02,BD-PIHPS
2021-10-19,1771,harga_pihps,11650.0,Rp,BRS03,BD-PIHPS
2021-10-19,1771,harga_pihps,11400.0,Rp,BRS04,BD-PIHPS
2021-10-19,1771,harga_pihps,12050.0,Rp,BRS05,BD-PIHPS
2021-10-19,1771,harga_pihps,12050.0,Rp,BRS06,BD-PIHPS
2021-10-19,1771,harga_pihps,27400.0,Rp,BWM01,BD-PIHPS
2021-10-19,1771,harga_pihps,26000.0,Rp,BWP01,BD-PIHPS
2021-10-19,1771,harga_pihps,25900.0,Rp,CMR01,BD-PIHPS
2021-10-19,1771,harga_pihps,31750.0,Rp,CMR02,BD-PIHPS
2021-10-19,1771,harga_pihps,31900.0,Rp,CRW01,BD-PIHPS
2021-10-19,1771,harga_pihps,24300.0,Rp,CRW02,BD-PIHPS
2021-10-19,1771,harga_pihps,33500.0,Rp,DAY01,BD-PIHPS
2021-10-19,1771,harga_pihps,123750.0,Rp,DSP01,BD-PIHPS
2021-10-19,1771,harga_pihps,123750.0,Rp,DSP02,BD-PIHPS
2021-10-19,1771,harga_pihps,12300.0,Rp,GLP01,BD-PIHPS
2021-10-19,1771,harga_pihps,13200.0,Rp,GLP02,BD-PIHPS
2021-10-19,1771,harga_pihps,16000.0,Rp,MGR01,BD-PIHPS
2021-10-19,1771,harga_pihps,16000.0,Rp,MGR02,BD-PIHPS
2021-10-19,1771,harga_pihps,15650.0,Rp,MGR03,BD-PIHPS
2021-10-19,1771,harga_pihps,22200.0,Rp,TLR01,BD-PIHPS
2021-10-19,1771,harga_pihps_grosir,9400.0,Rp,BRS01,BD-PIHPS
2021-10-19,1771,harga_pihps_grosir,10650.0,Rp,BRS02,BD-PIHPS
2021-10-19,1771,harga_pihps_grosir,11400.0,Rp,BRS03,BD-PIHPS
2021-10-19,1771,harga_pihps_grosir,11000.0,Rp,BRS04,BD-PIHPS
2021-10-19,1771,harga_pihps_grosir,11550.0,Rp,BRS05,BD-PIHPS
2021-10-19,1771,harga_pihps_grosir,11550.0,Rp,BRS06,BD-PIHPS
2021-10-19,1771,harga_pihps_grosir,20750.0,Rp,BWM01,BD-PIHPS
2021-10-19,1771,harga_pihps_grosir,21500.0,Rp,BWP01,BD-PIHPS
2021-10-19,1771,harga_pihps_grosir,24500.0,Rp,CMR01,BD-PIHPS
2021-10-19,1771,harga_pihps_grosir,27500.0,Rp,CMR02,BD-PIHPS
2021-10-19,1771,harga_pihps_grosir,32500.0,Rp,CRW01,BD-PIHPS
2021-10-19,1771,harga_pihps_grosir,27600.0,Rp,CRW02,BD-PIHPS
2021-10-19,1771,harga_pihps_grosir,29250.0,Rp,DAY01,BD-PIHPS
2021-10-19,1771,harga_pihps_grosir,120000.0,Rp,DSP01,BD-PIHPS
2021-10-19,1771,harga_pihps_grosir,120000.0,Rp,DSP02,BD-PIHPS
2021-10-19,1771,harga_pihps_grosir,12200.0,Rp,GLP01,BD-PIHPS
2021-10-19,1771,harga_pihps_grosir,14900.0,Rp,MGR01,BD-PIHPS
2021-10-19,1771,harga_pihps_grosir,14650.0,Rp,MGR02,BD-PIHPS
2021-10-19,1771,harga_pihps_grosir,14900.0,Rp,MGR03,BD-PIHPS
2021-10-19,1771,harga_pihps_grosir,20750.0,Rp,TLR01,BD-PIHPS
2021-10-19,1771,harga_pihps_modern,11100.0,Rp,BRS01,BD-PIHPS
2021-10-19,1771,harga_pihps_modern,12300.0,Rp,BRS02,BD-PIHPS
2021-10-19,1771,harga_pihps_modern,12600.0,Rp,BRS03,BD-PIHPS
2021-10-19,1771,harga_pihps_modern,12350.0,Rp,BRS04,BD-PIHPS
2021-10-19,1771,harga_pihps_modern,13450.0,Rp,BRS05,BD-PIHPS
2021-10-19,1771,harga_pihps_modern,15350.0,Rp,BRS06,BD-PIHPS
2021-10-19,1771,harga_pihps_modern,37950.0,Rp,BWM01,BD-PIHPS
2021-10-19,1771,harga_pihps_modern,33450.0,Rp,BWP01,BD-PIHPS
2021-10-19,1771,harga_pihps_modern,54950.0,Rp,CMR01,BD-PIHPS
2021-10-19,1771,harga_pihps_modern,43950.0,Rp,CMR02,BD-PIHPS
2021-10-19,1771,harga_pihps_modern,57450.0,Rp,CRW01,BD-PIHPS
2021-10-19,1771,harga_pihps_modern,69950.0,Rp,CRW02,BD-PIHPS
2021-10-19,1771,harga_pihps_modern,37700.0,Rp,DAY01,BD-PIHPS
2021-10-19,1771,harga_pihps_modern,122500.0,Rp,DSP01,BD-PIHPS
2021-10-19,1771,harga_pihps_modern,125950.0,Rp,DSP02,BD-PIHPS
2021-10-19,1771,harga_pihps_modern,12950.0,Rp,GLP01,BD-PIHPS
2021-10-19,1771,harga_pihps_modern,14250.0,Rp,GLP02,BD-PIHPS
2021-10-19,1771,harga_pihps_modern,17100.0,Rp,MGR02,BD-PIHPS
2021-10-19,1771,harga_pihps_modern,18250.0,Rp,MGR03,BD-PIHPS
2021-10-19,1771,harga_pihps_modern,31250.0,Rp,TLR01,BD-PIHPS
2021-10-19,1771,harga_pihps_produsen,8350.0,Rp,BRS01,BD-PIHPS
2021-10-19,1771,harga_pihps_produsen,7500.0,Rp,BRS02,BD-PIHPS
2021-10-19,1771,harga_pihps_produsen,8800.0,Rp,BRS03,BD-PIHPS
2021-10-19,1771,harga_pihps_produsen,9500.0,Rp,BRS04,BD-PIHPS
2021-10-19,1771,harga_pihps_produsen,9650.0,Rp,BRS05,BD-PIHPS
2021-10-19,1771,harga_pihps_produsen,10000.0,Rp,BRS06,BD-PIHPS
2021-10-19,1771,harga_pihps_produsen,14350.0,Rp,CMR01,BD-PIHPS
2021-10-19,1771,harga_pihps_produsen,25500.0,Rp,CMR02,BD-PIHPS
2021-10-19,1771,harga_pihps_produsen,24000.0,Rp,CRW01,BD-PIHPS
2021-10-19,1771,harga_pihps_produsen,24000.0,Rp,CRW02,BD-PIHPS
2021-10-19,1771,harga_pihps_produsen,19100.0,Rp,DAY01,BD-PIHPS
2021-10-19,1771,harga_pihps_produsen,1200000.0,Rp,DSP01,BD-PIHPS
2021-10-19,1771,harga_pihps_produsen,12000000.0,Rp,DSP02,BD-PIHPS
2021-10-19,1771,harga_pihps_produsen,16500.0,Rp,TLR01,BD-PIHPS
2021-10-20,1771,harga_pihps_grosir,9400.0,Rp,BRS01,BD-PIHPS
2021-10-20,1771,harga_pihps_grosir,10650.0,Rp,BRS02,BD-PIHPS
2021-10-20,1771,harga_pihps_grosir,11400.0,Rp,BRS03,BD-PIHPS
2021-10-20,1771,harga_pihps_grosir,11000.0,Rp,BRS04,BD-PIHPS
2021-10-20,1771,harga_pihps_grosir,11550.0,Rp,BRS05,BD-PIHPS
2021-10-20,1771,harga_pihps_grosir,11550.0,Rp,BRS06,BD-PIHPS
2021-10-20,1771,harga_pihps_grosir,20750.0,Rp,BWM01,BD-PIHPS
2021-10-20,1771,harga_pihps_grosir,21500.0,Rp,BWP01,BD-PIHPS
2021-10-20,1771,harga_pihps_grosir,24500.0,Rp,CMR01,BD-PIHPS
2021-10-20,1771,harga_pihps_grosir,27500.0,Rp,CMR02,BD-PIHPS
2021-10-20,1771,harga_pihps_grosir,32500.0,Rp,CRW01,BD-PIHPS
2021-10-20,1771,harga_pihps_grosir,27600.0,Rp,CRW02,BD-PIHPS
2021-10-20,1771,harga_pihps_grosir,29250.0,Rp,DAY01,BD-PIHPS
2021-10-20,1771,harga_pihps_grosir,120000.0,Rp,DSP01,BD-PIHPS
2021-10-20,1771,harga_pihps_grosir,120000.0,Rp,DSP02,BD-PIHPS
2021-10-20,1771,harga_pihps_grosir,12200.0,Rp,GLP01,BD-PIHPS
2021-10-20,1771,harga_pihps_grosir,14900.0,Rp,MGR01,BD-PIHPS
2021-10-20,1771,harga_pihps_grosir,14650.0,Rp,MGR02,BD-PIHPS
2021-10-20,1771,harga_pihps_grosir,14900.0,Rp,MGR03,BD-PIHPS
2021-10-20,1771,harga_pihps_grosir,20750.0,Rp,TLR01,BD-PIHPS
2021-10-20,1771,harga_pihps_modern,11100.0,Rp,BRS01,BD-PIHPS
2021-10-20,1771,harga_pihps_modern,12300.0,Rp,BRS02,BD-PIHPS
2021-10-20,1771,harga_pihps_modern,12600.0,Rp,BRS03,BD-PIHPS
2021-10-20,1771,harga_pihps_modern,12350.0,Rp,BRS04,BD-PIHPS
2021-10-20,1771,harga_pihps_modern,13450.0,Rp,BRS05,BD-PIHPS
2021-10-20,1771,harga_pihps_modern,15350.0,Rp,BRS06,BD-PIHPS
2021-10-20,1771,harga_pihps_modern,37950.0,Rp,BWM01,BD-PIHPS
2021-10-20,1771,harga_pihps_modern,33450.0,Rp,BWP01,BD-PIHPS
2021-10-20,1771,harga_pihps_modern,54950.0,Rp,CMR01,BD-PIHPS
2021-10-20,1771,harga_pihps_modern,43950.0,Rp,CMR02,BD-PIHPS
2021-10-20,1771,harga_pihps_modern,57450.0,Rp,CRW01,BD-PIHPS
2021-10-20,1771,harga_pihps_modern,69950.0,Rp,CRW02,BD-PIHPS
2021-10-20,1771,harga_pihps_modern,37700.0,Rp,DAY01,BD-PIHPS
2021-10-20,1771,harga_pihps_modern,122500.0,Rp,DSP01,BD-PIHPS
2021-10-20,1771,harga_pihps_modern,125950.0,Rp,DSP02,BD-PIHPS
2021-10-20,1771,harga_pihps_modern,12950.0,Rp,GLP01,BD-PIHPS
2021-10-20,1771,harga_pihps_modern,14250.0,Rp,GLP02,BD-PIHPS
2021-10-20,1771,harga_pihps_modern,17100.0,Rp,MGR02,BD-PIHPS
2021-10-20,1771,harga_pihps_modern,18250.0,Rp,MGR03,BD-PIHPS
2021-10-20,1771,harga_pihps_modern,31250.0,Rp,TLR01,BD-PIHPS
2021-10-20,1771,harga_pihps_produsen,8500.0,Rp,BRS01,BD-PIHPS
2021-10-20,1771,harga_pihps_produsen,8800.0,Rp,BRS03,BD-PIHPS
2021-10-20,1771,harga_pihps_produsen,9500.0,Rp,BRS04,BD-PIHPS
2021-10-20,1771,harga_pihps_produsen,11000.0,Rp,BRS05,BD-PIHPS
2021-10-20,1771,harga_pihps_produsen,16500.0,Rp,CMR01,BD-PIHPS
2021-10-20,1771,harga_pihps_produsen,25500.0,Rp,CMR02,BD-PIHPS
2021-10-20,1771,harga_pihps_produsen,28000.0,Rp,CRW02,BD-PIHPS
2021-10-20,1771,harga_pihps_produsen,19100.0,Rp,DAY01,BD-PIHPS
2021-10-20,1771,harga_pihps_produsen,120000.0,Rp,DSP01,BD-PIHPS
2021-10-20,1771,harga_pihps_produsen,120000.0,Rp,DSP02,BD-PIHPS
2021-10-20,1771,harga_pihps_produsen,16500.0,Rp,TLR01,BD-PIHPS
2021-10-21,1771,harga_pihps,9650.0,Rp,BRS01,BD-PIHPS
2021-10-21,1771,harga_pihps,11150.0,Rp,BRS02,BD-PIHPS
2021-10-21,1771,harga_pihps,11650.0,Rp,BRS03,BD-PIHPS
2021-10-21,1771,harga_pihps,11400.0,Rp,BRS04,BD-PIHPS
2021-10-21,1771,harga_pihps,12050.0,Rp,BRS05,BD-PIHPS
2021-10-21,1771,harga_pihps,12050.0,Rp,BRS06,BD-PIHPS
2021-10-21,1771,harga_pihps,27650.0,Rp,BWM01,BD-PIHPS
2021-10-21,1771,harga_pihps,26000.0,Rp,BWP01,BD-PIHPS
2021-10-21,1771,harga_pihps,28000.0,Rp,CMR01,BD-PIHPS
2021-10-21,1771,harga_pihps,33650.0,Rp,CMR02,BD-PIHPS
2021-10-21,1771,harga_pihps,33650.0,Rp,CRW01,BD-PIHPS
2021-10-21,1771,harga_pihps,24750.0,Rp,CRW02,BD-PIHPS
2021-10-21,1771,harga_pihps,34750.0,Rp,DAY01,BD-PIHPS
2021-10-21,1771,harga_pihps,123750.0,Rp,DSP01,BD-PIHPS
2021-10-21,1771,harga_pihps,123750.0,Rp,DSP02,BD-PIHPS
2021-10-21,1771,harga_pihps,12300.0,Rp,GLP01,BD-PIHPS
2021-10-21,1771,harga_pihps,13200.0,Rp,GLP02,BD-PIHPS
2021-10-21,1771,harga_pihps,16000.0,Rp,MGR01,BD-PIHPS
2021-10-21,1771,harga_pihps,16000.0,Rp,MGR02,BD-PIHPS
2021-10-21,1771,harga_pihps,15650.0,Rp,MGR03,BD-PIHPS
2021-10-21,1771,harga_pihps,22200.0,Rp,TLR01,BD-PIHPS
2021-10-21,1771,harga_pihps_grosir,9400.0,Rp,BRS01,BD-PIHPS
2021-10-21,1771,harga_pihps_grosir,10650.0,Rp,BRS02,BD-PIHPS
2021-10-21,1771,harga_pihps_grosir,11400.0,Rp,BRS03,BD-PIHPS
2021-10-21,1771,harga_pihps_grosir,11000.0,Rp,BRS04,BD-PIHPS
2021-10-21,1771,harga_pihps_grosir,11550.0,Rp,BRS05,BD-PIHPS
2021-10-21,1771,harga_pihps_grosir,11550.0,Rp,BRS06,BD-PIHPS
2021-10-21,1771,harga_pihps_grosir,20750.0,Rp,BWM01,BD-PIHPS
2021-10-21,1771,harga_pihps_grosir,21500.0,Rp,BWP01,BD-PIHPS
2021-10-21,1771,harga_pihps_grosir,24500.0,Rp,CMR01,BD-PIHPS
2021-10-21,1771,harga_pihps_grosir,27500.0,Rp,CMR02,BD-PIHPS
2021-10-21,1771,harga_pihps_grosir,32500.0,Rp,CRW01,BD-PIHPS
2021-10-21,1771,harga_pihps_grosir,27600.0,Rp,CRW02,BD-PIHPS
2021-10-21,1771,harga_pihps_grosir,29250.0,Rp,DAY01,BD-PIHPS
2021-10-21,1771,harga_pihps_grosir,120000.0,Rp,DSP01,BD-PIHPS
2021-10-21,1771,harga_pihps_grosir,120000.0,Rp,DSP02,BD-PIHPS
2021-10-21,1771,harga_pihps_grosir,12200.0,Rp,GLP01,BD-PIHPS
2021-10-21,1771,harga_pihps_grosir,14900.0,Rp,MGR01,BD-PIHPS
2021-10-21,1771,harga_pihps_grosir,14650.0,Rp,MGR02,BD-PIHPS
2021-10-21,1771,harga_pihps_grosir,14900.0,Rp,MGR03,BD-PIHPS
2021-10-21,1771,harga_pihps_grosir,20750.0,Rp,TLR01,BD-PIHPS
2021-10-21,1771,harga_pihps_modern,11100.0,Rp,BRS01,BD-PIHPS
2021-10-21,1771,harga_pihps_modern,12300.0,Rp,BRS02,BD-PIHPS
2021-10-21,1771,harga_pihps_modern,12600.0,Rp,BRS03,BD-PIHPS
2021-10-21,1771,harga_pihps_modern,12350.0,Rp,BRS04,BD-PIHPS
2021-10-21,1771,harga_pihps_modern,13450.0,Rp,BRS05,BD-PIHPS
2021-10-21,1771,harga_pihps_modern,15350.0,Rp,BRS06,BD-PIHPS
2021-10-21,1771,harga_pihps_modern,37950.0,Rp,BWM01,BD-PIHPS
2021-10-21,1771,harga_pihps_modern,33450.0,Rp,BWP01,BD-PIHPS
2021-10-21,1771,harga_pihps_modern,54950.0,Rp,CMR01,BD-PIHPS
2021-10-21,1771,harga_pihps_modern,43950.0,Rp,CMR02,BD-PIHPS
2021-10-21,1771,harga_pihps_modern,57450.0,Rp,CRW01,BD-PIHPS
2021-10-21,1771,harga_pihps_modern,69950.0,Rp,CRW02,BD-PIHPS
2021-10-21,1771,harga_pihps_modern,37700.0,Rp,DAY01,BD-PIHPS
2021-10-21,1771,harga_pihps_modern,122500.0,Rp,DSP01,BD-PIHPS
2021-10-21,1771,harga_pihps_modern,125950.0,Rp,DSP02,BD-PIHPS
2021-10-21,1771,harga_pihps_modern,12950.0,Rp,GLP01,BD-PIHPS
2021-10-21,1771,harga_pihps_modern,14250.0,Rp,GLP02,BD-PIHPS
2021-10-21,1771,harga_pihps_modern,17100.0,Rp,MGR02,BD-PIHPS
2021-10-21,1771,harga_pihps_modern,18250.0,Rp,MGR03,BD-PIHPS
2021-10-21,1771,harga_pihps_modern,31250.0,Rp,TLR01,BD-PIHPS
2021-10-21,1771,harga_pihps_produsen,8500.0,Rp,BRS01,BD-PIHPS
2021-10-21,1771,harga_pihps_produsen,8800.0,Rp,BRS03,BD-PIHPS
2021-10-21,1771,harga_pihps_produsen,9500.0,Rp,BRS04,BD-PIHPS
2021-10-21,1771,harga_pihps_produsen,11000.0,Rp,BRS05,BD-PIHPS
2021-10-21,1771,harga_pihps_produsen,16500.0,Rp,CMR01,BD-PIHPS
2021-10-21,1771,harga_pihps_produsen,25500.0,Rp,CMR02,BD-PIHPS
2021-10-21,1771,harga_pihps_produsen,28000.0,Rp,CRW02,BD-PIHPS
2021-10-21,1771,harga_pihps_produsen,19100.0,Rp,DAY01,BD-PIHPS
2021-10-21,1771,harga_pihps_produsen,120000.0,Rp,DSP01,BD-PIHPS
2021-10-21,1771,harga_pihps_produsen,120000.0,Rp,DSP02,BD-PIHPS
2021-10-21,1771,harga_pihps_produsen,16500.0,Rp,TLR01,BD-PIHPS
2021-10-22,1771,harga_pihps,9650.0,Rp,BRS01,BD-PIHPS
2021-10-22,1771,harga_pihps,11150.0,Rp,BRS02,BD-PIHPS
2021-10-22,1771,harga_pihps,11650.0,Rp,BRS03,BD-PIHPS
2021-10-22,1771,harga_pihps,11400.0,Rp,BRS04,BD-PIHPS
2021-10-22,1771,harga_pihps,12050.0,Rp,BRS05,BD-PIHPS
2021-10-22,1771,harga_pihps,12050.0,Rp,BRS06,BD-PIHPS
2021-10-22,1771,harga_pihps,27650.0,Rp,BWM01,BD-PIHPS
2021-10-22,1771,harga_pihps,26000.0,Rp,BWP01,BD-PIHPS
2021-10-22,1771,harga_pihps,28500.0,Rp,CMR01,BD-PIHPS
2021-10-22,1771,harga_pihps,35000.0,Rp,CMR02,BD-PIHPS
2021-10-22,1771,harga_pihps,34500.0,Rp,CRW01,BD-PIHPS
2021-10-22,1771,harga_pihps,25400.0,Rp,CRW02,BD-PIHPS
2021-10-22,1771,harga_pihps,34750.0,Rp,DAY01,BD-PIHPS
2021-10-22,1771,harga_pihps,123750.0,Rp,DSP01,BD-PIHPS
2021-10-22,1771,harga_pihps,123750.0,Rp,DSP02,BD-PIHPS
2021-10-22,1771,harga_pihps,12300.0,Rp,GLP01,BD-PIHPS
2021-10-22,1771,harga_pihps,13200.0,Rp,GLP02,BD-PIHPS
2021-10-22,1771,harga_pihps,16000.0,Rp,MGR01,BD-PIHPS
2021-10-22,1771,harga_pihps,16000.0,Rp,MGR02,BD-PIHPS
2021-10-22,1771,harga_pihps,15650.0,Rp,MGR03,BD-PIHPS
2021-10-22,1771,harga_pihps,22200.0,Rp,TLR01,BD-PIHPS
2021-10-22,1771,harga_pihps_grosir,9400.0,Rp,BRS01,BD-PIHPS
2021-10-22,1771,harga_pihps_grosir,10650.0,Rp,BRS02,BD-PIHPS
2021-10-22,1771,harga_pihps_grosir,11400.0,Rp,BRS03,BD-PIHPS
2021-10-22,1771,harga_pihps_grosir,11000.0,Rp,BRS04,BD-PIHPS
2021-10-22,1771,harga_pihps_grosir,11550.0,Rp,BRS05,BD-PIHPS
2021-10-22,1771,harga_pihps_grosir,11550.0,Rp,BRS06,BD-PIHPS
2021-10-22,1771,harga_pihps_grosir,20750.0,Rp,BWM01,BD-PIHPS
2021-10-22,1771,harga_pihps_grosir,21500.0,Rp,BWP01,BD-PIHPS
2021-10-22,1771,harga_pihps_grosir,24500.0,Rp,CMR01,BD-PIHPS
2021-10-22,1771,harga_pihps_grosir,27500.0,Rp,CMR02,BD-PIHPS
2021-10-22,1771,harga_pihps_grosir,32500.0,Rp,CRW01,BD-PIHPS
2021-10-22,1771,harga_pihps_grosir,27600.0,Rp,CRW02,BD-PIHPS
2021-10-22,1771,harga_pihps_grosir,29250.0,Rp,DAY01,BD-PIHPS
2021-10-22,1771,harga_pihps_grosir,120000.0,Rp,DSP01,BD-PIHPS
2021-10-22,1771,harga_pihps_grosir,120000.0,Rp,DSP02,BD-PIHPS
2021-10-22,1771,harga_pihps_grosir,12200.0,Rp,GLP01,BD-PIHPS
2021-10-22,1771,harga_pihps_grosir,14900.0,Rp,MGR01,BD-PIHPS
2021-10-22,1771,harga_pihps_grosir,14650.0,Rp,MGR02,BD-PIHPS
2021-10-22,1771,harga_pihps_grosir,14900.0,Rp,MGR03,BD-PIHPS
2021-10-22,1771,harga_pihps_grosir,20750.0,Rp,TLR01,BD-PIHPS
2021-10-22,1771,harga_pihps_modern,11100.0,Rp,BRS01,BD-PIHPS
2021-10-22,1771,harga_pihps_modern,12300.0,Rp,BRS02,BD-PIHPS
2021-10-22,1771,harga_pihps_modern,12600.0,Rp,BRS03,BD-PIHPS
2021-10-22,1771,harga_pihps_modern,12350.0,Rp,BRS04,BD-PIHPS
2021-10-22,1771,harga_pihps_modern,13450.0,Rp,BRS05,BD-PIHPS
2021-10-22,1771,harga_pihps_modern,15350.0,Rp,BRS06,BD-PIHPS
2021-10-22,1771,harga_pihps_modern,37950.0,Rp,BWM01,BD-PIHPS
2021-10-22,1771,harga_pihps_modern,33450.0,Rp,BWP01,BD-PIHPS
2021-10-22,1771,harga_pihps_modern,54950.0,Rp,CMR01,BD-PIHPS
2021-10-22,1771,harga_pihps_modern,43950.0,Rp,CMR02,BD-PIHPS
2021-10-22,1771,harga_pihps_modern,57450.0,Rp,CRW01,BD-PIHPS
2021-10-22,1771,harga_pihps_modern,69950.0,Rp,CRW02,BD-PIHPS
2021-10-22,1771,harga_pihps_modern,37700.0,Rp,DAY01,BD-PIHPS
2021-10-22,1771,harga_pihps_modern,122500.0,Rp,DSP01,BD-PIHPS
2021-10-22,1771,harga_pihps_modern,125950.0,Rp,DSP02,BD-PIHPS
2021-10-22,1771,harga_pihps_modern,12950.0,Rp,GLP01,BD-PIHPS
2021-10-22,1771,harga_pihps_modern,14250.0,Rp,GLP02,BD-PIHPS
2021-10-22,1771,harga_pihps_modern,17100.0,Rp,MGR02,BD-PIHPS
2021-10-22,1771,harga_pihps_modern,18250.0,Rp,MGR03,BD-PIHPS
2021-10-22,1771,harga_pihps_modern,31250.0,Rp,TLR01,BD-PIHPS
2021-10-22,1771,harga_pihps_produsen,8500.0,Rp,BRS01,BD-PIHPS
2021-10-22,1771,harga_pihps_produsen,8800.0,Rp,BRS03,BD-PIHPS
2021-10-22,1771,harga_pihps_produsen,9500.0,Rp,BRS04,BD-PIHPS
2021-10-22,1771,harga_pihps_produsen,11000.0,Rp,BRS05,BD-PIHPS
2021-10-22,1771,harga_pihps_produsen,16500.0,Rp,CMR01,BD-PIHPS
2021-10-22,1771,harga_pihps_produsen,25500.0,Rp,CMR02,BD-PIHPS
2021-10-22,1771,harga_pihps_produsen,28000.0,Rp,CRW02,BD-PIHPS
2021-10-22,1771,harga_pihps_produsen,19100.0,Rp,DAY01,BD-PIHPS
2021-10-22,1771,harga_pihps_produsen,120000.0,Rp,DSP01,BD-PIHPS
2021-10-22,1771,harga_pihps_produsen,120000.0,Rp,DSP02,BD-PIHPS
2021-10-22,1771,harga_pihps_produsen,16500.0,Rp,TLR01,BD-PIHPS
2021-10-25,1771,harga_pihps,9650.0,Rp,BRS01,BD-PIHPS
2021-10-25,1771,harga_pihps,11150.0,Rp,BRS02,BD-PIHPS
2021-10-25,1771,harga_pihps,11650.0,Rp,BRS03,BD-PIHPS
2021-10-25,1771,harga_pihps,11400.0,Rp,BRS04,BD-PIHPS
2021-10-25,1771,harga_pihps,12050.0,Rp,BRS05,BD-PIHPS
2021-10-25,1771,harga_pihps,12050.0,Rp,BRS06,BD-PIHPS
2021-10-25,1771,harga_pihps,27650.0,Rp,BWM01,BD-PIHPS
2021-10-25,1771,harga_pihps,26150.0,Rp,BWP01,BD-PIHPS
2021-10-25,1771,harga_pihps,29900.0,Rp,CMR01,BD-PIHPS
2021-10-25,1771,harga_pihps,36500.0,Rp,CMR02,BD-PIHPS
2021-10-25,1771,harga_pihps,35150.0,Rp,CRW01,BD-PIHPS
2021-10-25,1771,harga_pihps,26600.0,Rp,CRW02,BD-PIHPS
2021-10-25,1771,harga_pihps,33250.0,Rp,DAY01,BD-PIHPS
2021-10-25,1771,harga_pihps,123750.0,Rp,DSP01,BD-PIHPS
2021-10-25,1771,harga_pihps,123750.0,Rp,DSP02,BD-PIHPS
2021-10-25,1771,harga_pihps,12300.0,Rp,GLP01,BD-PIHPS
2021-10-25,1771,harga_pihps,13200.0,Rp,GLP02,BD-PIHPS
2021-10-25,1771,harga_pihps,16000.0,Rp,MGR01,BD-PIHPS
2021-10-25,1771,harga_pihps,16000.0,Rp,MGR02,BD-PIHPS
2021-10-25,1771,harga_pihps,15650.0,Rp,MGR03,BD-PIHPS
2021-10-25,1771,harga_pihps,22200.0,Rp,TLR01,BD-PIHPS
2021-10-25,1771,harga_pihps_grosir,9400.0,Rp,BRS01,BD-PIHPS
2021-10-25,1771,harga_pihps_grosir,10650.0,Rp,BRS02,BD-PIHPS
2021-10-25,1771,harga_pihps_grosir,11400.0,Rp,BRS03,BD-PIHPS
2021-10-25,1771,harga_pihps_grosir,11000.0,Rp,BRS04,BD-PIHPS
2021-10-25,1771,harga_pihps_grosir,11550.0,Rp,BRS05,BD-PIHPS
2021-10-25,1771,harga_pihps_grosir,11550.0,Rp,BRS06,BD-PIHPS
2021-10-25,1771,harga_pihps_grosir,20750.0,Rp,BWM01,BD-PIHPS
2021-10-25,1771,harga_pihps_grosir,21500.0,Rp,BWP01,BD-PIHPS
2021-10-25,1771,harga_pihps_grosir,24500.0,Rp,CMR01,BD-PIHPS
2021-10-25,1771,harga_pihps_grosir,27500.0,Rp,CMR02,BD-PIHPS
2021-10-25,1771,harga_pihps_grosir,32500.0,Rp,CRW01,BD-PIHPS
2021-10-25,1771,harga_pihps_grosir,27600.0,Rp,CRW02,BD-PIHPS
2021-10-25,1771,harga_pihps_grosir,29250.0,Rp,DAY01,BD-PIHPS
2021-10-25,1771,harga_pihps_grosir,120000.0,Rp,DSP01,BD-PIHPS
2021-10-25,1771,harga_pihps_grosir,120000.0,Rp,DSP02,BD-PIHPS
2021-10-25,1771,harga_pihps_grosir,12200.0,Rp,GLP01,BD-PIHPS
2021-10-25,1771,harga_pihps_grosir,14900.0,Rp,MGR01,BD-PIHPS
2021-10-25,1771,harga_pihps_grosir,14650.0,Rp,MGR02,BD-PIHPS
2021-10-25,1771,harga_pihps_grosir,14900.0,Rp,MGR03,BD-PIHPS
2021-10-25,1771,harga_pihps_grosir,20750.0,Rp,TLR01,BD-PIHPS
2021-10-25,1771,harga_pihps_modern,11100.0,Rp,BRS01,BD-PIHPS
2021-10-25,1771,harga_pihps_modern,12300.0,Rp,BRS02,BD-PIHPS
2021-10-25,1771,harga_pihps_modern,12600.0,Rp,BRS03,BD-PIHPS
2021-10-25,1771,harga_pihps_modern,12350.0,Rp,BRS04,BD-PIHPS
2021-10-25,1771,harga_pihps_modern,13450.0,Rp,BRS05,BD-PIHPS
2021-10-25,1771,harga_pihps_modern,15350.0,Rp,BRS06,BD-PIHPS
2021-10-25,1771,harga_pihps_modern,37950.0,Rp,BWM01,BD-PIHPS
2021-10-25,1771,harga_pihps_modern,33450.0,Rp,BWP01,BD-PIHPS
2021-10-25,1771,harga_pihps_modern,54950.0,Rp,CMR01,BD-PIHPS
2021-10-25,1771,harga_pihps_modern,43950.0,Rp,CMR02,BD-PIHPS
2021-10-25,1771,harga_pihps_modern,57450.0,Rp,CRW01,BD-PIHPS
2021-10-25,1771,harga_pihps_modern,69950.0,Rp,CRW02,BD-PIHPS
2021-10-25,1771,harga_pihps_modern,37700.0,Rp,DAY01,BD-PIHPS
2021-10-25,1771,harga_pihps_modern,122500.0,Rp,DSP01,BD-PIHPS
2021-10-25,1771,harga_pihps_modern,125950.0,Rp,DSP02,BD-PIHPS
2021-10-25,1771,harga_pihps_modern,12950.0,Rp,GLP01,BD-PIHPS
2021-10-25,1771,harga_pihps_modern,14250.0,Rp,GLP02,BD-PIHPS
2021-10-25,1771,harga_pihps_modern,17100.0,Rp,MGR02,BD-PIHPS
2021-10-25,1771,harga_pihps_modern,18250.0,Rp,MGR03,BD-PIHPS
2021-10-25,1771,harga_pihps_modern,31250.0,Rp,TLR01,BD-PIHPS
2021-10-25,1771,harga_pihps_produsen,8500.0,Rp,BRS01,BD-PIHPS
2021-10-25,1771,harga_pihps_produsen,8800.0,Rp,BRS03,BD-PIHPS
2021-10-25,1771,harga_pihps_produsen,9500.0,Rp,BRS04,BD-PIHPS
2021-10-25,1771,harga_pihps_produsen,11000.0,Rp,BRS05,BD-PIHPS
2021-10-25,1771,harga_pihps_produsen,16500.0,Rp,CMR01,BD-PIHPS
2021-10-25,1771,harga_pihps_produsen,24350.0,Rp,CMR02,BD-PIHPS
2021-10-25,1771,harga_pihps_produsen,18000.0,Rp,CRW01,BD-PIHPS
2021-10-25,1771,harga_pihps_produsen,22000.0,Rp,CRW02,BD-PIHPS
2021-10-25,1771,harga_pihps_produsen,19100.0,Rp,DAY01,BD-PIHPS
2021-10-25,1771,harga_pihps_produsen,120000.0,Rp,DSP01,BD-PIHPS
2021-10-25,1771,harga_pihps_produsen,120000.0,Rp,DSP02,BD-PIHPS
2021-10-25,1771,harga_pihps_produsen,16500.0,Rp,TLR01,BD-PIHPS
2021-10-26,1771,harga_pihps,9650.0,Rp,BRS01,BD-PIHPS
2021-10-26,1771,harga_pihps,11150.0,Rp,BRS02,BD-PIHPS
2021-10-26,1771,harga_pihps,11650.0,Rp,BRS03,BD-PIHPS
2021-10-26,1771,harga_pihps,11400.0,Rp,BRS04,BD-PIHPS
2021-10-26,1771,harga_pihps,12050.0,Rp,BRS05,BD-PIHPS
2021-10-26,1771,harga_pihps,12050.0,Rp,BRS06,BD-PIHPS
2021-10-26,1771,harga_pihps,27400.0,Rp,BWM01,BD-PIHPS
2021-10-26,1771,harga_pihps,26150.0,Rp,BWP01,BD-PIHPS
2021-10-26,1771,harga_pihps,30750.0,Rp,CMR01,BD-PIHPS
2021-10-26,1771,harga_pihps,37500.0,Rp,CMR02,BD-PIHPS
2021-10-26,1771,harga_pihps,35250.0,Rp,CRW01,BD-PIHPS
2021-10-26,1771,harga_pihps,27600.0,Rp,CRW02,BD-PIHPS
2021-10-26,1771,harga_pihps,32900.0,Rp,DAY01,BD-PIHPS
2021-10-26,1771,harga_pihps,123750.0,Rp,DSP01,BD-PIHPS
2021-10-26,1771,harga_pihps,123750.0,Rp,DSP02,BD-PIHPS
2021-10-26,1771,harga_pihps,12450.0,Rp,GLP01,BD-PIHPS
2021-10-26,1771,harga_pihps,13400.0,Rp,GLP02,BD-PIHPS
2021-10-26,1771,harga_pihps,16200.0,Rp,MGR01,BD-PIHPS
2021-10-26,1771,harga_pihps,16250.0,Rp,MGR02,BD-PIHPS
2021-10-26,1771,harga_pihps,15800.0,Rp,MGR03,BD-PIHPS
2021-10-26,1771,harga_pihps,22200.0,Rp,TLR01,BD-PIHPS
2021-10-26,1771,harga_pihps_grosir,9150.0,Rp,BRS01,BD-PIHPS
2021-10-26,1771,harga_pihps_grosir,10400.0,Rp,BRS02,BD-PIHPS
2021-10-26,1771,harga_pihps_grosir,11150.0,Rp,BRS03,BD-PIHPS
2021-10-26,1771,harga_pihps_grosir,11000.0,Rp,BRS04,BD-PIHPS
2021-10-26,1771,harga_pihps_grosir,11350.0,Rp,BRS05,BD-PIHPS
2021-10-26,1771,harga_pihps_grosir,11350.0,Rp,BRS06,BD-PIHPS
2021-10-26,1771,harga_pihps_grosir,20750.0,Rp,BWM01,BD-PIHPS
2021-10-26,1771,harga_pihps_grosir,21500.0,Rp,BWP01,BD-PIHPS
2021-10-26,1771,harga_pihps_grosir,27500.0,Rp,CMR01,BD-PIHPS
2021-10-26,1771,harga_pihps_grosir,30000.0,Rp,CMR02,BD-PIHPS
2021-10-26,1771,harga_pihps_grosir,30000.0,Rp,CRW01,BD-PIHPS
2021-10-26,1771,harga_pihps_grosir,26900.0,Rp,CRW02,BD-PIHPS
2021-10-26,1771,harga_pihps_grosir,27000.0,Rp,DAY01,BD-PIHPS
2021-10-26,1771,harga_pihps_grosir,120000.0,Rp,DSP01,BD-PIHPS
2021-10-26,1771,harga_pihps_grosir,120000.0,Rp,DSP02,BD-PIHPS
2021-10-26,1771,harga_pihps_grosir,12200.0,Rp,GLP01,BD-PIHPS
2021-10-26,1771,harga_pihps_grosir,15150.0,Rp,MGR01,BD-PIHPS
2021-10-26,1771,harga_pihps_grosir,14900.0,Rp,MGR02,BD-PIHPS
2021-10-26,1771,harga_pihps_grosir,14900.0,Rp,MGR03,BD-PIHPS
2021-10-26,1771,harga_pihps_grosir,19600.0,Rp,TLR01,BD-PIHPS
2021-10-26,1771,harga_pihps_modern,11100.0,Rp,BRS01,BD-PIHPS
2021-10-26,1771,harga_pihps_modern,12300.0,Rp,BRS02,BD-PIHPS
2021-10-26,1771,harga_pihps_modern,12600.0,Rp,BRS03,BD-PIHPS
2021-10-26,1771,harga_pihps_modern,12350.0,Rp,BRS04,BD-PIHPS
2021-10-26,1771,harga_pihps_modern,13450.0,Rp,BRS05,BD-PIHPS
2021-10-26,1771,harga_pihps_modern,15350.0,Rp,BRS06,BD-PIHPS
2021-10-26,1771,harga_pihps_modern,36950.0,Rp,BWM01,BD-PIHPS
2021-10-26,1771,harga_pihps_modern,32450.0,Rp,BWP01,BD-PIHPS
2021-10-26,1771,harga_pihps_modern,56450.0,Rp,CMR01,BD-PIHPS
2021-10-26,1771,harga_pihps_modern,44950.0,Rp,CMR02,BD-PIHPS
2021-10-26,1771,harga_pihps_modern,59950.0,Rp,CRW01,BD-PIHPS
2021-10-26,1771,harga_pihps_modern,69950.0,Rp,CRW02,BD-PIHPS
2021-10-26,1771,harga_pihps_modern,37700.0,Rp,DAY01,BD-PIHPS
2021-10-26,1771,harga_pihps_modern,122500.0,Rp,DSP01,BD-PIHPS
2021-10-26,1771,harga_pihps_modern,122450.0,Rp,DSP02,BD-PIHPS
2021-10-26,1771,harga_pihps_modern,12950.0,Rp,GLP01,BD-PIHPS
2021-10-26,1771,harga_pihps_modern,14250.0,Rp,GLP02,BD-PIHPS
2021-10-26,1771,harga_pihps_modern,17500.0,Rp,MGR02,BD-PIHPS
2021-10-26,1771,harga_pihps_modern,18850.0,Rp,MGR03,BD-PIHPS
2021-10-26,1771,harga_pihps_modern,31250.0,Rp,TLR01,BD-PIHPS
2021-10-26,1771,harga_pihps_produsen,8500.0,Rp,BRS01,BD-PIHPS
2021-10-26,1771,harga_pihps_produsen,8800.0,Rp,BRS03,BD-PIHPS
2021-10-26,1771,harga_pihps_produsen,9500.0,Rp,BRS04,BD-PIHPS
2021-10-26,1771,harga_pihps_produsen,11000.0,Rp,BRS05,BD-PIHPS
2021-10-26,1771,harga_pihps_produsen,16500.0,Rp,CMR01,BD-PIHPS
2021-10-26,1771,harga_pihps_produsen,24350.0,Rp,CMR02,BD-PIHPS
2021-10-26,1771,harga_pihps_produsen,18000.0,Rp,CRW01,BD-PIHPS
2021-10-26,1771,harga_pihps_produsen,22000.0,Rp,CRW02,BD-PIHPS
2021-10-26,1771,harga_pihps_produsen,19100.0,Rp,DAY01,BD-PIHPS
2021-10-26,1771,harga_pihps_produsen,120000.0,Rp,DSP01,BD-PIHPS
2021-10-26,1771,harga_pihps_produsen,120000.0,Rp,DSP02,BD-PIHPS
2021-10-26,1771,harga_pihps_produsen,16500.0,Rp,TLR01,BD-PIHPS
2021-10-27,1771,harga_pihps,9650.0,Rp,BRS01,BD-PIHPS
2021-10-27,1771,harga_pihps,11150.0,Rp,BRS02,BD-PIHPS
2021-10-27,1771,harga_pihps,11650.0,Rp,BRS03,BD-PIHPS
2021-10-27,1771,harga_pihps,11400.0,Rp,BRS04,BD-PIHPS
2021-10-27,1771,harga_pihps,12050.0,Rp,BRS05,BD-PIHPS
2021-10-27,1771,harga_pihps,12050.0,Rp,BRS06,BD-PIHPS
2021-10-27,1771,harga_pihps,27150.0,Rp,BWM01,BD-PIHPS
2021-10-27,1771,harga_pihps,26150.0,Rp,BWP01,BD-PIHPS
2021-10-27,1771,harga_pihps,31500.0,Rp,CMR01,BD-PIHPS
2021-10-27,1771,harga_pihps,38400.0,Rp,CMR02,BD-PIHPS
2021-10-27,1771,harga_pihps,34250.0,Rp,CRW01,BD-PIHPS
2021-10-27,1771,harga_pihps,27400.0,Rp,CRW02,BD-PIHPS
2021-10-27,1771,harga_pihps,33500.0,Rp,DAY01,BD-PIHPS
2021-10-27,1771,harga_pihps,123750.0,Rp,DSP01,BD-PIHPS
2021-10-27,1771,harga_pihps,123750.0,Rp,DSP02,BD-PIHPS
2021-10-27,1771,harga_pihps,12450.0,Rp,GLP01,BD-PIHPS
2021-10-27,1771,harga_pihps,13400.0,Rp,GLP02,BD-PIHPS
2021-10-27,1771,harga_pihps,16200.0,Rp,MGR01,BD-PIHPS
2021-10-27,1771,harga_pihps,16250.0,Rp,MGR02,BD-PIHPS
2021-10-27,1771,harga_pihps,15800.0,Rp,MGR03,BD-PIHPS
2021-10-27,1771,harga_pihps,22200.0,Rp,TLR01,BD-PIHPS
2021-10-27,1771,harga_pihps_grosir,9150.0,Rp,BRS01,BD-PIHPS
2021-10-27,1771,harga_pihps_grosir,10400.0,Rp,BRS02,BD-PIHPS
2021-10-27,1771,harga_pihps_grosir,11150.0,Rp,BRS03,BD-PIHPS
2021-10-27,1771,harga_pihps_grosir,11000.0,Rp,BRS04,BD-PIHPS
2021-10-27,1771,harga_pihps_grosir,11350.0,Rp,BRS05,BD-PIHPS
2021-10-27,1771,harga_pihps_grosir,11350.0,Rp,BRS06,BD-PIHPS
2021-10-27,1771,harga_pihps_grosir,20750.0,Rp,BWM01,BD-PIHPS
2021-10-27,1771,harga_pihps_grosir,21500.0,Rp,BWP01,BD-PIHPS
2021-10-27,1771,harga_pihps_grosir,27500.0,Rp,CMR01,BD-PIHPS
2021-10-27,1771,harga_pihps_grosir,30000.0,Rp,CMR02,BD-PIHPS
2021-10-27,1771,harga_pihps_grosir,30000.0,Rp,CRW01,BD-PIHPS
2021-10-27,1771,harga_pihps_grosir,26900.0,Rp,CRW02,BD-PIHPS
2021-10-27,1771,harga_pihps_grosir,27000.0,Rp,DAY01,BD-PIHPS
2021-10-27,1771,harga_pihps_grosir,120000.0,Rp,DSP01,BD-PIHPS
2021-10-27,1771,harga_pihps_grosir,120000.0,Rp,DSP02,BD-PIHPS
2021-10-27,1771,harga_pihps_grosir,12200.0,Rp,GLP01,BD-PIHPS
2021-10-27,1771,harga_pihps_grosir,15150.0,Rp,MGR01,BD-PIHPS
2021-10-27,1771,harga_pihps_grosir,14900.0,Rp,MGR02,BD-PIHPS
2021-10-27,1771,harga_pihps_grosir,14900.0,Rp,MGR03,BD-PIHPS
2021-10-27,1771,harga_pihps_grosir,19600.0,Rp,TLR01,BD-PIHPS
2021-10-27,1771,harga_pihps_modern,11100.0,Rp,BRS01,BD-PIHPS
2021-10-27,1771,harga_pihps_modern,12300.0,Rp,BRS02,BD-PIHPS
2021-10-27,1771,harga_pihps_modern,12600.0,Rp,BRS03,BD-PIHPS
2021-10-27,1771,harga_pihps_modern,12350.0,Rp,BRS04,BD-PIHPS
2021-10-27,1771,harga_pihps_modern,13450.0,Rp,BRS05,BD-PIHPS
2021-10-27,1771,harga_pihps_modern,15350.0,Rp,BRS06,BD-PIHPS
2021-10-27,1771,harga_pihps_modern,36950.0,Rp,BWM01,BD-PIHPS
2021-10-27,1771,harga_pihps_modern,32450.0,Rp,BWP01,BD-PIHPS
2021-10-27,1771,harga_pihps_modern,56450.0,Rp,CMR01,BD-PIHPS
2021-10-27,1771,harga_pihps_modern,44950.0,Rp,CMR02,BD-PIHPS
2021-10-27,1771,harga_pihps_modern,59950.0,Rp,CRW01,BD-PIHPS
2021-10-27,1771,harga_pihps_modern,69950.0,Rp,CRW02,BD-PIHPS
2021-10-27,1771,harga_pihps_modern,37700.0,Rp,DAY01,BD-PIHPS
2021-10-27,1771,harga_pihps_modern,122500.0,Rp,DSP01,BD-PIHPS
2021-10-27,1771,harga_pihps_modern,122450.0,Rp,DSP02,BD-PIHPS
2021-10-27,1771,harga_pihps_modern,12950.0,Rp,GLP01,BD-PIHPS
2021-10-27,1771,harga_pihps_modern,14250.0,Rp,GLP02,BD-PIHPS
2021-10-27,1771,harga_pihps_modern,17500.0,Rp,MGR02,BD-PIHPS
2021-10-27,1771,harga_pihps_modern,18850.0,Rp,MGR03,BD-PIHPS
2021-10-27,1771,harga_pihps_modern,31250.0,Rp,TLR01,BD-PIHPS
2021-10-27,1771,harga_pihps_produsen,8500.0,Rp,BRS01,BD-PIHPS
2021-10-27,1771,harga_pihps_produsen,8800.0,Rp,BRS03,BD-PIHPS
2021-10-27,1771,harga_pihps_produsen,9500.0,Rp,BRS04,BD-PIHPS
2021-10-27,1771,harga_pihps_produsen,11000.0,Rp,BRS05,BD-PIHPS
2021-10-27,1771,harga_pihps_produsen,16500.0,Rp,CMR01,BD-PIHPS
2021-10-27,1771,harga_pihps_produsen,24350.0,Rp,CMR02,BD-PIHPS
2021-10-27,1771,harga_pihps_produsen,18000.0,Rp,CRW01,BD-PIHPS
2021-10-27,1771,harga_pihps_produsen,22000.0,Rp,CRW02,BD-PIHPS
2021-10-27,1771,harga_pihps_produsen,19100.0,Rp,DAY01,BD-PIHPS
2021-10-27,1771,harga_pihps_produsen,120000.0,Rp,DSP01,BD-PIHPS
2021-10-27,1771,harga_pihps_produsen,120000.0,Rp,DSP02,BD-PIHPS
2021-10-27,1771,harga_pihps_produsen,16500.0,Rp,TLR01,BD-PIHPS
2021-10-28,1771,harga_pihps,9650.0,Rp,BRS01,BD-PIHPS
2021-10-28,1771,harga_pihps,11150.0,Rp,BRS02,BD-PIHPS
2021-10-28,1771,harga_pihps,11600.0,Rp,BRS03,BD-PIHPS
2021-10-28,1771,harga_pihps,11400.0,Rp,BRS04,BD-PIHPS
2021-10-28,1771,harga_pihps,12050.0,Rp,BRS05,BD-PIHPS
2021-10-28,1771,harga_pihps,12050.0,Rp,BRS06,BD-PIHPS
2021-10-28,1771,harga_pihps,27150.0,Rp,BWM01,BD-PIHPS
2021-10-28,1771,harga_pihps,26150.0,Rp,BWP01,BD-PIHPS
2021-10-28,1771,harga_pihps,32400.0,Rp,CMR01,BD-PIHPS
2021-10-28,1771,harga_pihps,38750.0,Rp,CMR02,BD-PIHPS
2021-10-28,1771,harga_pihps,33250.0,Rp,CRW01,BD-PIHPS
2021-10-28,1771,harga_pihps,27600.0,Rp,CRW02,BD-PIHPS
2021-10-28,1771,harga_pihps,33650.0,Rp,DAY01,BD-PIHPS
2021-10-28,1771,harga_pihps,123750.0,Rp,DSP01,BD-PIHPS
2021-10-28,1771,harga_pihps,123750.0,Rp,DSP02,BD-PIHPS
2021-10-28,1771,harga_pihps,12450.0,Rp,GLP01,BD-PIHPS
2021-10-28,1771,harga_pihps,13400.0,Rp,GLP02,BD-PIHPS
2021-10-28,1771,harga_pihps,16200.0,Rp,MGR01,BD-PIHPS
2021-10-28,1771,harga_pihps,16250.0,Rp,MGR02,BD-PIHPS
2021-10-28,1771,harga_pihps,15800.0,Rp,MGR03,BD-PIHPS
2021-10-28,1771,harga_pihps,22200.0,Rp,TLR01,BD-PIHPS
2021-10-28,1771,harga_pihps_grosir,9150.0,Rp,BRS01,BD-PIHPS
2021-10-28,1771,harga_pihps_grosir,10400.0,Rp,BRS02,BD-PIHPS
2021-10-28,1771,harga_pihps_grosir,11150.0,Rp,BRS03,BD-PIHPS
2021-10-28,1771,harga_pihps_grosir,11000.0,Rp,BRS04,BD-PIHPS
2021-10-28,1771,harga_pihps_grosir,11350.0,Rp,BRS05,BD-PIHPS
2021-10-28,1771,harga_pihps_grosir,11350.0,Rp,BRS06,BD-PIHPS
2021-10-28,1771,harga_pihps_grosir,20750.0,Rp,BWM01,BD-PIHPS
2021-10-28,1771,harga_pihps_grosir,21500.0,Rp,BWP01,BD-PIHPS
2021-10-28,1771,harga_pihps_grosir,27500.0,Rp,CMR01,BD-PIHPS
2021-10-28,1771,harga_pihps_grosir,30000.0,Rp,CMR02,BD-PIHPS
2021-10-28,1771,harga_pihps_grosir,30000.0,Rp,CRW01,BD-PIHPS
2021-10-28,1771,harga_pihps_grosir,26900.0,Rp,CRW02,BD-PIHPS
2021-10-28,1771,harga_pihps_grosir,27000.0,Rp,DAY01,BD-PIHPS
2021-10-28,1771,harga_pihps_grosir,120000.0,Rp,DSP01,BD-PIHPS
2021-10-28,1771,harga_pihps_grosir,120000.0,Rp,DSP02,BD-PIHPS
2021-10-28,1771,harga_pihps_grosir,12200.0,Rp,GLP01,BD-PIHPS
2021-10-28,1771,harga_pihps_grosir,15150.0,Rp,MGR01,BD-PIHPS
2021-10-28,1771,harga_pihps_grosir,14900.0,Rp,MGR02,BD-PIHPS
2021-10-28,1771,harga_pihps_grosir,14900.0,Rp,MGR03,BD-PIHPS
2021-10-28,1771,harga_pihps_grosir,19600.0,Rp,TLR01,BD-PIHPS
2021-10-28,1771,harga_pihps_modern,11100.0,Rp,BRS01,BD-PIHPS
2021-10-28,1771,harga_pihps_modern,12300.0,Rp,BRS02,BD-PIHPS
2021-10-28,1771,harga_pihps_modern,12600.0,Rp,BRS03,BD-PIHPS
2021-10-28,1771,harga_pihps_modern,12350.0,Rp,BRS04,BD-PIHPS
2021-10-28,1771,harga_pihps_modern,13450.0,Rp,BRS05,BD-PIHPS
2021-10-28,1771,harga_pihps_modern,15350.0,Rp,BRS06,BD-PIHPS
2021-10-28,1771,harga_pihps_modern,36950.0,Rp,BWM01,BD-PIHPS
2021-10-28,1771,harga_pihps_modern,32450.0,Rp,BWP01,BD-PIHPS
2021-10-28,1771,harga_pihps_modern,56450.0,Rp,CMR01,BD-PIHPS
2021-10-28,1771,harga_pihps_modern,44950.0,Rp,CMR02,BD-PIHPS
2021-10-28,1771,harga_pihps_modern,59950.0,Rp,CRW01,BD-PIHPS
2021-10-28,1771,harga_pihps_modern,69950.0,Rp,CRW02,BD-PIHPS
2021-10-28,1771,harga_pihps_modern,37700.0,Rp,DAY01,BD-PIHPS
2021-10-28,1771,harga_pihps_modern,122500.0,Rp,DSP01,BD-PIHPS
2021-10-28,1771,harga_pihps_modern,122450.0,Rp,DSP02,BD-PIHPS
2021-10-28,1771,harga_pihps_modern,12950.0,Rp,GLP01,BD-PIHPS
2021-10-28,1771,harga_pihps_modern,14250.0,Rp,GLP02,BD-PIHPS
2021-10-28,1771,harga_pihps_modern,17500.0,Rp,MGR02,BD-PIHPS
2021-10-28,1771,harga_pihps_modern,18850.0,Rp,MGR03,BD-PIHPS
2021-10-28,1771,harga_pihps_modern,31250.0,Rp,TLR01,BD-PIHPS
2021-10-28,1771,harga_pihps_produsen,8500.0,Rp,BRS01,BD-PIHPS
2021-10-28,1771,harga_pihps_produsen,8800.0,Rp,BRS03,BD-PIHPS
2021-10-28,1771,harga_pihps_produsen,9500.0,Rp,BRS04,BD-PIHPS
2021-10-28,1771,harga_pihps_produsen,11000.0,Rp,BRS05,BD-PIHPS
2021-10-28,1771,harga_pihps_produsen,16500.0,Rp,CMR01,BD-PIHPS
2021-10-28,1771,harga_pihps_produsen,24350.0,Rp,CMR02,BD-PIHPS
2021-10-28,1771,harga_pihps_produsen,18000.0,Rp,CRW01,BD-PIHPS
2021-10-28,1771,harga_pihps_produsen,22000.0,Rp,CRW02,BD-PIHPS
2021-10-28,1771,harga_pihps_produsen,19100.0,Rp,DAY01,BD-PIHPS
2021-10-28,1771,harga_pihps_produsen,120000.0,Rp,DSP01,BD-PIHPS
2021-10-28,1771,harga_pihps_produsen,120000.0,Rp,DSP02,BD-PIHPS
2021-10-28,1771,harga_pihps_produsen,16500.0,Rp,TLR01,BD-PIHPS
2021-10-29,1771,harga_pihps,9650.0,Rp,BRS01,BD-PIHPS
2021-10-29,1771,harga_pihps,11150.0,Rp,BRS02,BD-PIHPS
2021-10-29,1771,harga_pihps,11600.0,Rp,BRS03,BD-PIHPS
2021-10-29,1771,harga_pihps,11400.0,Rp,BRS04,BD-PIHPS
2021-10-29,1771,harga_pihps,12050.0,Rp,BRS05,BD-PIHPS
2021-10-29,1771,harga_pihps,12050.0,Rp,BRS06,BD-PIHPS
2021-10-29,1771,harga_pihps,27150.0,Rp,BWM01,BD-PIHPS
2021-10-29,1771,harga_pihps,26150.0,Rp,BWP01,BD-PIHPS
2021-10-29,1771,harga_pihps,32000.0,Rp,CMR01,BD-PIHPS
2021-10-29,1771,harga_pihps,37650.0,Rp,CMR02,BD-PIHPS
2021-10-29,1771,harga_pihps,33400.0,Rp,CRW01,BD-PIHPS
2021-10-29,1771,harga_pihps,26300.0,Rp,CRW02,BD-PIHPS
2021-10-29,1771,harga_pihps,34150.0,Rp,DAY01,BD-PIHPS
2021-10-29,1771,harga_pihps,123750.0,Rp,DSP01,BD-PIHPS
2021-10-29,1771,harga_pihps,123750.0,Rp,DSP02,BD-PIHPS
2021-10-29,1771,harga_pihps,12450.0,Rp,GLP01,BD-PIHPS
2021-10-29,1771,harga_pihps,13400.0,Rp,GLP02,BD-PIHPS
2021-10-29,1771,harga_pihps,16200.0,Rp,MGR01,BD-PIHPS
2021-10-29,1771,harga_pihps,16250.0,Rp,MGR02,BD-PIHPS
2021-10-29,1771,harga_pihps,15800.0,Rp,MGR03,BD-PIHPS
2021-10-29,1771,harga_pihps,22200.0,Rp,TLR01,BD-PIHPS
2021-10-29,1771,harga_pihps_grosir,9150.0,Rp,BRS01,BD-PIHPS
2021-10-29,1771,harga_pihps_grosir,10400.0,Rp,BRS02,BD-PIHPS
2021-10-29,1771,harga_pihps_grosir,11150.0,Rp,BRS03,BD-PIHPS
2021-10-29,1771,harga_pihps_grosir,11000.0,Rp,BRS04,BD-PIHPS
2021-10-29,1771,harga_pihps_grosir,11350.0,Rp,BRS05,BD-PIHPS
2021-10-29,1771,harga_pihps_grosir,11350.0,Rp,BRS06,BD-PIHPS
2021-10-29,1771,harga_pihps_grosir,20750.0,Rp,BWM01,BD-PIHPS
2021-10-29,1771,harga_pihps_grosir,21500.0,Rp,BWP01,BD-PIHPS
2021-10-29,1771,harga_pihps_grosir,27500.0,Rp,CMR01,BD-PIHPS
2021-10-29,1771,harga_pihps_grosir,30000.0,Rp,CMR02,BD-PIHPS
2021-10-29,1771,harga_pihps_grosir,30000.0,Rp,CRW01,BD-PIHPS
2021-10-29,1771,harga_pihps_grosir,26900.0,Rp,CRW02,BD-PIHPS
2021-10-29,1771,harga_pihps_grosir,27000.0,Rp,DAY01,BD-PIHPS
2021-10-29,1771,harga_pihps_grosir,120000.0,Rp,DSP01,BD-PIHPS
2021-10-29,1771,harga_pihps_grosir,120000.0,Rp,DSP02,BD-PIHPS
2021-10-29,1771,harga_pihps_grosir,12200.0,Rp,GLP01,BD-PIHPS
2021-10-29,1771,harga_pihps_grosir,15150.0,Rp,MGR01,BD-PIHPS
2021-10-29,1771,harga_pihps_grosir,14900.0,Rp,MGR02,BD-PIHPS
2021-10-29,1771,harga_pihps_grosir,14900.0,Rp,MGR03,BD-PIHPS
2021-10-29,1771,harga_pihps_grosir,19600.0,Rp,TLR01,BD-PIHPS
2021-10-29,1771,harga_pihps_modern,11100.0,Rp,BRS01,BD-PIHPS
2021-10-29,1771,harga_pihps_modern,12300.0,Rp,BRS02,BD-PIHPS
2021-10-29,1771,harga_pihps_modern,12600.0,Rp,BRS03,BD-PIHPS
2021-10-29,1771,harga_pihps_modern,12350.0,Rp,BRS04,BD-PIHPS
2021-10-29,1771,harga_pihps_modern,13450.0,Rp,BRS05,BD-PIHPS
2021-10-29,1771,harga_pihps_modern,15350.0,Rp,BRS06,BD-PIHPS
2021-10-29,1771,harga_pihps_modern,36950.0,Rp,BWM01,BD-PIHPS
2021-10-29,1771,harga_pihps_modern,32450.0,Rp,BWP01,BD-PIHPS
2021-10-29,1771,harga_pihps_modern,56450.0,Rp,CMR01,BD-PIHPS
2021-10-29,1771,harga_pihps_modern,44950.0,Rp,CMR02,BD-PIHPS
2021-10-29,1771,harga_pihps_modern,59950.0,Rp,CRW01,BD-PIHPS
2021-10-29,1771,harga_pihps_modern,69950.0,Rp,CRW02,BD-PIHPS
2021-10-29,1771,harga_pihps_modern,37700.0,Rp,DAY01,BD-PIHPS
2021-10-29,1771,harga_pihps_modern,122500.0,Rp,DSP01,BD-PIHPS
2021-10-29,1771,harga_pihps_modern,122450.0,Rp,DSP02,BD-PIHPS
2021-10-29,1771,harga_pihps_modern,12950.0,Rp,GLP01,BD-PIHPS
2021-10-29,1771,harga_pihps_modern,14250.0,Rp,GLP02,BD-PIHPS
2021-10-29,1771,harga_pihps_modern,17500.0,Rp,MGR02,BD-PIHPS
2021-10-29,1771,harga_pihps_modern,18850.0,Rp,MGR03,BD-PIHPS
2021-10-29,1771,harga_pihps_modern,31250.0,Rp,TLR01,BD-PIHPS
2021-10-29,1771,harga_pihps_produsen,8500.0,Rp,BRS01,BD-PIHPS
2021-10-29,1771,harga_pihps_produsen,8800.0,Rp,BRS03,BD-PIHPS
2021-10-29,1771,harga_pihps_produsen,9500.0,Rp,BRS04,BD-PIHPS
2021-10-29,1771,harga_pihps_produsen,11000.0,Rp,BRS05,BD-PIHPS
2021-10-29,1771,harga_pihps_produsen,16500.0,Rp,CMR01,BD-PIHPS
2021-10-29,1771,harga_pihps_produsen,24350.0,Rp,CMR02,BD-PIHPS
2021-10-29,1771,harga_pihps_produsen,18000.0,Rp,CRW01,BD-PIHPS
2021-10-29,1771,harga_pihps_produsen,22000.0,Rp,CRW02,BD-PIHPS
2021-10-29,1771,harga_pihps_produsen,19100.0,Rp,DAY01,BD-PIHPS
2021-10-29,1771,harga_pihps_produsen,120000.0,Rp,DSP01,BD-PIHPS
2021-10-29,1771,harga_pihps_produsen,120000.0,Rp,DSP02,BD-PIHPS
2021-10-29,1771,harga_pihps_produsen,16500.0,Rp,TLR01,BD-PIHPS
2021-11-01,1771,harga_pihps,9650.0,Rp,BRS01,BD-PIHPS
2021-11-01,1771,harga_pihps,11150.0,Rp,BRS02,BD-PIHPS
2021-11-01,1771,harga_pihps,11600.0,Rp,BRS03,BD-PIHPS
2021-11-01,1771,harga_pihps,11400.0,Rp,BRS04,BD-PIHPS
2021-11-01,1771,harga_pihps,12050.0,Rp,BRS05,BD-PIHPS
2021-11-01,1771,harga_pihps,12050.0,Rp,BRS06,BD-PIHPS
2021-11-01,1771,harga_pihps,26900.0,Rp,BWM01,BD-PIHPS
2021-11-01,1771,harga_pihps,26250.0,Rp,BWP01,BD-PIHPS
2021-11-01,1771,harga_pihps,32650.0,Rp,CMR01,BD-PIHPS
2021-11-01,1771,harga_pihps,39000.0,Rp,CMR02,BD-PIHPS
2021-11-01,1771,harga_pihps,31750.0,Rp,CRW01,BD-PIHPS
2021-11-01,1771,harga_pihps,25650.0,Rp,CRW02,BD-PIHPS
2021-11-01,1771,harga_pihps,34150.0,Rp,DAY01,BD-PIHPS
2021-11-01,1771,harga_pihps,123750.0,Rp,DSP01,BD-PIHPS
2021-11-01,1771,harga_pihps,123750.0,Rp,DSP02,BD-PIHPS
2021-11-01,1771,harga_pihps,12450.0,Rp,GLP01,BD-PIHPS
2021-11-01,1771,harga_pihps,13400.0,Rp,GLP02,BD-PIHPS
2021-11-01,1771,harga_pihps,17300.0,Rp,MGR01,BD-PIHPS
2021-11-01,1771,harga_pihps,16900.0,Rp,MGR02,BD-PIHPS
2021-11-01,1771,harga_pihps,16300.0,Rp,MGR03,BD-PIHPS
2021-11-01,1771,harga_pihps,22200.0,Rp,TLR01,BD-PIHPS
2021-11-01,1771,harga_pihps_grosir,9150.0,Rp,BRS01,BD-PIHPS
2021-11-01,1771,harga_pihps_grosir,10400.0,Rp,BRS02,BD-PIHPS
2021-11-01,1771,harga_pihps_grosir,11150.0,Rp,BRS03,BD-PIHPS
2021-11-01,1771,harga_pihps_grosir,11000.0,Rp,BRS04,BD-PIHPS
2021-11-01,1771,harga_pihps_grosir,11350.0,Rp,BRS05,BD-PIHPS
2021-11-01,1771,harga_pihps_grosir,11350.0,Rp,BRS06,BD-PIHPS
2021-11-01,1771,harga_pihps_grosir,20750.0,Rp,BWM01,BD-PIHPS
2021-11-01,1771,harga_pihps_grosir,21500.0,Rp,BWP01,BD-PIHPS
2021-11-01,1771,harga_pihps_grosir,27500.0,Rp,CMR01,BD-PIHPS
2021-11-01,1771,harga_pihps_grosir,30000.0,Rp,CMR02,BD-PIHPS
2021-11-01,1771,harga_pihps_grosir,30000.0,Rp,CRW01,BD-PIHPS
2021-11-01,1771,harga_pihps_grosir,26900.0,Rp,CRW02,BD-PIHPS
2021-11-01,1771,harga_pihps_grosir,27000.0,Rp,DAY01,BD-PIHPS
2021-11-01,1771,harga_pihps_grosir,120000.0,Rp,DSP01,BD-PIHPS
2021-11-01,1771,harga_pihps_grosir,120000.0,Rp,DSP02,BD-PIHPS
2021-11-01,1771,harga_pihps_grosir,12200.0,Rp,GLP01,BD-PIHPS
2021-11-01,1771,harga_pihps_grosir,15150.0,Rp,MGR01,BD-PIHPS
2021-11-01,1771,harga_pihps_grosir,14900.0,Rp,MGR02,BD-PIHPS
2021-11-01,1771,harga_pihps_grosir,14900.0,Rp,MGR03,BD-PIHPS
2021-11-01,1771,harga_pihps_grosir,19600.0,Rp,TLR01,BD-PIHPS
2021-11-01,1771,harga_pihps_modern,11100.0,Rp,BRS01,BD-PIHPS
2021-11-01,1771,harga_pihps_modern,12300.0,Rp,BRS02,BD-PIHPS
2021-11-01,1771,harga_pihps_modern,12600.0,Rp,BRS03,BD-PIHPS
2021-11-01,1771,harga_pihps_modern,12350.0,Rp,BRS04,BD-PIHPS
2021-11-01,1771,harga_pihps_modern,13450.0,Rp,BRS05,BD-PIHPS
2021-11-01,1771,harga_pihps_modern,15350.0,Rp,BRS06,BD-PIHPS
2021-11-01,1771,harga_pihps_modern,36950.0,Rp,BWM01,BD-PIHPS
2021-11-01,1771,harga_pihps_modern,32450.0,Rp,BWP01,BD-PIHPS
2021-11-01,1771,harga_pihps_modern,56450.0,Rp,CMR01,BD-PIHPS
2021-11-01,1771,harga_pihps_modern,44950.0,Rp,CMR02,BD-PIHPS
2021-11-01,1771,harga_pihps_modern,59950.0,Rp,CRW01,BD-PIHPS
2021-11-01,1771,harga_pihps_modern,69950.0,Rp,CRW02,BD-PIHPS
2021-11-01,1771,harga_pihps_modern,37700.0,Rp,DAY01,BD-PIHPS
2021-11-01,1771,harga_pihps_modern,122500.0,Rp,DSP01,BD-PIHPS
2021-11-01,1771,harga_pihps_modern,122450.0,Rp,DSP02,BD-PIHPS
2021-11-01,1771,harga_pihps_modern,12950.0,Rp,GLP01,BD-PIHPS
2021-11-01,1771,harga_pihps_modern,14250.0,Rp,GLP02,BD-PIHPS
2021-11-01,1771,harga_pihps_modern,17500.0,Rp,MGR02,BD-PIHPS
2021-11-01,1771,harga_pihps_modern,18850.0,Rp,MGR03,BD-PIHPS
2021-11-01,1771,harga_pihps_modern,31250.0,Rp,TLR01,BD-PIHPS
2021-11-01,1771,harga_pihps_produsen,8500.0,Rp,BRS01,BD-PIHPS
2021-11-01,1771,harga_pihps_produsen,8800.0,Rp,BRS03,BD-PIHPS
2021-11-01,1771,harga_pihps_produsen,9500.0,Rp,BRS04,BD-PIHPS
2021-11-01,1771,harga_pihps_produsen,11000.0,Rp,BRS05,BD-PIHPS
2021-11-01,1771,harga_pihps_produsen,16500.0,Rp,CMR01,BD-PIHPS
2021-11-01,1771,harga_pihps_produsen,24350.0,Rp,CMR02,BD-PIHPS
2021-11-01,1771,harga_pihps_produsen,18000.0,Rp,CRW01,BD-PIHPS
2021-11-01,1771,harga_pihps_produsen,22000.0,Rp,CRW02,BD-PIHPS
2021-11-01,1771,harga_pihps_produsen,19100.0,Rp,DAY01,BD-PIHPS
2021-11-01,1771,harga_pihps_produsen,120000.0,Rp,DSP01,BD-PIHPS
2021-11-01,1771,harga_pihps_produsen,120000.0,Rp,DSP02,BD-PIHPS
2021-11-01,1771,harga_pihps_produsen,16500.0,Rp,TLR01,BD-PIHPS
2021-11-02,1771,harga_pihps,9650.0,Rp,BRS01,BD-PIHPS
2021-11-02,1771,harga_pihps,11150.0,Rp,BRS02,BD-PIHPS
2021-11-02,1771,harga_pihps,11600.0,Rp,BRS03,BD-PIHPS
2021-11-02,1771,harga_pihps,11400.0,Rp,BRS04,BD-PIHPS
2021-11-02,1771,harga_pihps,12050.0,Rp,BRS05,BD-PIHPS
2021-11-02,1771,harga_pihps,12050.0,Rp,BRS06,BD-PIHPS
2021-11-02,1771,harga_pihps,26900.0,Rp,BWM01,BD-PIHPS
2021-11-02,1771,harga_pihps,26250.0,Rp,BWP01,BD-PIHPS
2021-11-02,1771,harga_pihps,33150.0,Rp,CMR01,BD-PIHPS
2021-11-02,1771,harga_pihps,39650.0,Rp,CMR02,BD-PIHPS
2021-11-02,1771,harga_pihps,29500.0,Rp,CRW01,BD-PIHPS
2021-11-02,1771,harga_pihps,25600.0,Rp,CRW02,BD-PIHPS
2021-11-02,1771,harga_pihps,34150.0,Rp,DAY01,BD-PIHPS
2021-11-02,1771,harga_pihps,123750.0,Rp,DSP01,BD-PIHPS
2021-11-02,1771,harga_pihps,123750.0,Rp,DSP02,BD-PIHPS
2021-11-02,1771,harga_pihps,12450.0,Rp,GLP01,BD-PIHPS
2021-11-02,1771,harga_pihps,13400.0,Rp,GLP02,BD-PIHPS
2021-11-02,1771,harga_pihps,17400.0,Rp,MGR01,BD-PIHPS
2021-11-02,1771,harga_pihps,16900.0,Rp,MGR02,BD-PIHPS
2021-11-02,1771,harga_pihps,16300.0,Rp,MGR03,BD-PIHPS
2021-11-02,1771,harga_pihps,22200.0,Rp,TLR01,BD-PIHPS
2021-11-02,1771,harga_pihps_grosir,9150.0,Rp,BRS01,BD-PIHPS
2021-11-02,1771,harga_pihps_grosir,10400.0,Rp,BRS02,BD-PIHPS
2021-11-02,1771,harga_pihps_grosir,11150.0,Rp,BRS03,BD-PIHPS
2021-11-02,1771,harga_pihps_grosir,11000.0,Rp,BRS04,BD-PIHPS
2021-11-02,1771,harga_pihps_grosir,11350.0,Rp,BRS05,BD-PIHPS
2021-11-02,1771,harga_pihps_grosir,11350.0,Rp,BRS06,BD-PIHPS
2021-11-02,1771,harga_pihps_grosir,20750.0,Rp,BWM01,BD-PIHPS
2021-11-02,1771,harga_pihps_grosir,21500.0,Rp,BWP01,BD-PIHPS
2021-11-02,1771,harga_pihps_grosir,29500.0,Rp,CMR01,BD-PIHPS
2021-11-02,1771,harga_pihps_grosir,33500.0,Rp,CMR02,BD-PIHPS
2021-11-02,1771,harga_pihps_grosir,29000.0,Rp,CRW01,BD-PIHPS
2021-11-02,1771,harga_pihps_grosir,25850.0,Rp,CRW02,BD-PIHPS
2021-11-02,1771,harga_pihps_grosir,27000.0,Rp,DAY01,BD-PIHPS
2021-11-02,1771,harga_pihps_grosir,120000.0,Rp,DSP01,BD-PIHPS
2021-11-02,1771,harga_pihps_grosir,120000.0,Rp,DSP02,BD-PIHPS
2021-11-02,1771,harga_pihps_grosir,12200.0,Rp,GLP01,BD-PIHPS
2021-11-02,1771,harga_pihps_grosir,15750.0,Rp,MGR01,BD-PIHPS
2021-11-02,1771,harga_pihps_grosir,15500.0,Rp,MGR02,BD-PIHPS
2021-11-02,1771,harga_pihps_grosir,15650.0,Rp,MGR03,BD-PIHPS
2021-11-02,1771,harga_pihps_grosir,19600.0,Rp,TLR01,BD-PIHPS
2021-11-02,1771,harga_pihps_modern,11100.0,Rp,BRS01,BD-PIHPS
2021-11-02,1771,harga_pihps_modern,12300.0,Rp,BRS02,BD-PIHPS
2021-11-02,1771,harga_pihps_modern,12600.0,Rp,BRS03,BD-PIHPS
2021-11-02,1771,harga_pihps_modern,12350.0,Rp,BRS04,BD-PIHPS
2021-11-02,1771,harga_pihps_modern,13450.0,Rp,BRS05,BD-PIHPS
2021-11-02,1771,harga_pihps_modern,15350.0,Rp,BRS06,BD-PIHPS
2021-11-02,1771,harga_pihps_modern,37950.0,Rp,BWM01,BD-PIHPS
2021-11-02,1771,harga_pihps_modern,32450.0,Rp,BWP01,BD-PIHPS
2021-11-02,1771,harga_pihps_modern,57450.0,Rp,CMR01,BD-PIHPS
2021-11-02,1771,harga_pihps_modern,47450.0,Rp,CMR02,BD-PIHPS
2021-11-02,1771,harga_pihps_modern,60950.0,Rp,CRW01,BD-PIHPS
2021-11-02,1771,harga_pihps_modern,71450.0,Rp,CRW02,BD-PIHPS
2021-11-02,1771,harga_pihps_modern,38700.0,Rp,DAY01,BD-PIHPS
2021-11-02,1771,harga_pihps_modern,122500.0,Rp,DSP01,BD-PIHPS
2021-11-02,1771,harga_pihps_modern,124950.0,Rp,DSP02,BD-PIHPS
2021-11-02,1771,harga_pihps_modern,12950.0,Rp,GLP01,BD-PIHPS
2021-11-02,1771,harga_pihps_modern,14250.0,Rp,GLP02,BD-PIHPS
2021-11-02,1771,harga_pihps_modern,17100.0,Rp,MGR02,BD-PIHPS
2021-11-02,1771,harga_pihps_modern,18250.0,Rp,MGR03,BD-PIHPS
2021-11-02,1771,harga_pihps_modern,31250.0,Rp,TLR01,BD-PIHPS
2021-11-02,1771,harga_pihps_produsen,8500.0,Rp,BRS01,BD-PIHPS
2021-11-02,1771,harga_pihps_produsen,8800.0,Rp,BRS03,BD-PIHPS
2021-11-02,1771,harga_pihps_produsen,9500.0,Rp,BRS04,BD-PIHPS
2021-11-02,1771,harga_pihps_produsen,11000.0,Rp,BRS05,BD-PIHPS
2021-11-02,1771,harga_pihps_produsen,16500.0,Rp,CMR01,BD-PIHPS
2021-11-02,1771,harga_pihps_produsen,24350.0,Rp,CMR02,BD-PIHPS
2021-11-02,1771,harga_pihps_produsen,18000.0,Rp,CRW01,BD-PIHPS
2021-11-02,1771,harga_pihps_produsen,22000.0,Rp,CRW02,BD-PIHPS
2021-11-02,1771,harga_pihps_produsen,19100.0,Rp,DAY01,BD-PIHPS
2021-11-02,1771,harga_pihps_produsen,120000.0,Rp,DSP01,BD-PIHPS
2021-11-02,1771,harga_pihps_produsen,120000.0,Rp,DSP02,BD-PIHPS
2021-11-02,1771,harga_pihps_produsen,16500.0,Rp,TLR01,BD-PIHPS
2021-11-03,1771,harga_pihps,9650.0,Rp,BRS01,BD-PIHPS
2021-11-03,1771,harga_pihps,11150.0,Rp,BRS02,BD-PIHPS
2021-11-03,1771,harga_pihps,11600.0,Rp,BRS03,BD-PIHPS
2021-11-03,1771,harga_pihps,11400.0,Rp,BRS04,BD-PIHPS
2021-11-03,1771,harga_pihps,12050.0,Rp,BRS05,BD-PIHPS
2021-11-03,1771,harga_pihps,12050.0,Rp,BRS06,BD-PIHPS
2021-11-03,1771,harga_pihps,27400.0,Rp,BWM01,BD-PIHPS
2021-11-03,1771,harga_pihps,25750.0,Rp,BWP01,BD-PIHPS
2021-11-03,1771,harga_pihps,34500.0,Rp,CMR01,BD-PIHPS
2021-11-03,1771,harga_pihps,40000.0,Rp,CMR02,BD-PIHPS
2021-11-03,1771,harga_pihps,28750.0,Rp,CRW01,BD-PIHPS
2021-11-03,1771,harga_pihps,25850.0,Rp,CRW02,BD-PIHPS
2021-11-03,1771,harga_pihps,33500.0,Rp,DAY01,BD-PIHPS
2021-11-03,1771,harga_pihps,123750.0,Rp,DSP01,BD-PIHPS
2021-11-03,1771,harga_pihps,123750.0,Rp,DSP02,BD-PIHPS
2021-11-03,1771,harga_pihps,12450.0,Rp,GLP01,BD-PIHPS
2021-11-03,1771,harga_pihps,13400.0,Rp,GLP02,BD-PIHPS
2021-11-03,1771,harga_pihps,17400.0,Rp,MGR01,BD-PIHPS
2021-11-03,1771,harga_pihps,16900.0,Rp,MGR02,BD-PIHPS
2021-11-03,1771,harga_pihps,16300.0,Rp,MGR03,BD-PIHPS
2021-11-03,1771,harga_pihps,22200.0,Rp,TLR01,BD-PIHPS
2021-11-03,1771,harga_pihps_grosir,9150.0,Rp,BRS01,BD-PIHPS
2021-11-03,1771,harga_pihps_grosir,10400.0,Rp,BRS02,BD-PIHPS
2021-11-03,1771,harga_pihps_grosir,11150.0,Rp,BRS03,BD-PIHPS
2021-11-03,1771,harga_pihps_grosir,11000.0,Rp,BRS04,BD-PIHPS
2021-11-03,1771,harga_pihps_grosir,11350.0,Rp,BRS05,BD-PIHPS
2021-11-03,1771,harga_pihps_grosir,11350.0,Rp,BRS06,BD-PIHPS
2021-11-03,1771,harga_pihps_grosir,20750.0,Rp,BWM01,BD-PIHPS
2021-11-03,1771,harga_pihps_grosir,21500.0,Rp,BWP01,BD-PIHPS
2021-11-03,1771,harga_pihps_grosir,29500.0,Rp,CMR01,BD-PIHPS
2021-11-03,1771,harga_pihps_grosir,33500.0,Rp,CMR02,BD-PIHPS
2021-11-03,1771,harga_pihps_grosir,29000.0,Rp,CRW01,BD-PIHPS
2021-11-03,1771,harga_pihps_grosir,25850.0,Rp,CRW02,BD-PIHPS
2021-11-03,1771,harga_pihps_grosir,27000.0,Rp,DAY01,BD-PIHPS
2021-11-03,1771,harga_pihps_grosir,120000.0,Rp,DSP01,BD-PIHPS
2021-11-03,1771,harga_pihps_grosir,120000.0,Rp,DSP02,BD-PIHPS
2021-11-03,1771,harga_pihps_grosir,12200.0,Rp,GLP01,BD-PIHPS
2021-11-03,1771,harga_pihps_grosir,15750.0,Rp,MGR01,BD-PIHPS
2021-11-03,1771,harga_pihps_grosir,15500.0,Rp,MGR02,BD-PIHPS
2021-11-03,1771,harga_pihps_grosir,15650.0,Rp,MGR03,BD-PIHPS
2021-11-03,1771,harga_pihps_grosir,19600.0,Rp,TLR01,BD-PIHPS
2021-11-03,1771,harga_pihps_modern,11100.0,Rp,BRS01,BD-PIHPS
2021-11-03,1771,harga_pihps_modern,12300.0,Rp,BRS02,BD-PIHPS
2021-11-03,1771,harga_pihps_modern,12600.0,Rp,BRS03,BD-PIHPS
2021-11-03,1771,harga_pihps_modern,12350.0,Rp,BRS04,BD-PIHPS
2021-11-03,1771,harga_pihps_modern,13450.0,Rp,BRS05,BD-PIHPS
2021-11-03,1771,harga_pihps_modern,15350.0,Rp,BRS06,BD-PIHPS
2021-11-03,1771,harga_pihps_modern,37950.0,Rp,BWM01,BD-PIHPS
2021-11-03,1771,harga_pihps_modern,32450.0,Rp,BWP01,BD-PIHPS
2021-11-03,1771,harga_pihps_modern,57450.0,Rp,CMR01,BD-PIHPS
2021-11-03,1771,harga_pihps_modern,47450.0,Rp,CMR02,BD-PIHPS
2021-11-03,1771,harga_pihps_modern,60950.0,Rp,CRW01,BD-PIHPS
2021-11-03,1771,harga_pihps_modern,71450.0,Rp,CRW02,BD-PIHPS
2021-11-03,1771,harga_pihps_modern,38700.0,Rp,DAY01,BD-PIHPS
2021-11-03,1771,harga_pihps_modern,122500.0,Rp,DSP01,BD-PIHPS
2021-11-03,1771,harga_pihps_modern,124950.0,Rp,DSP02,BD-PIHPS
2021-11-03,1771,harga_pihps_modern,12950.0,Rp,GLP01,BD-PIHPS
2021-11-03,1771,harga_pihps_modern,14250.0,Rp,GLP02,BD-PIHPS
2021-11-03,1771,harga_pihps_modern,17100.0,Rp,MGR02,BD-PIHPS
2021-11-03,1771,harga_pihps_modern,18250.0,Rp,MGR03,BD-PIHPS
2021-11-03,1771,harga_pihps_modern,31250.0,Rp,TLR01,BD-PIHPS
2021-11-03,1771,harga_pihps_produsen,8500.0,Rp,BRS01,BD-PIHPS
2021-11-03,1771,harga_pihps_produsen,8800.0,Rp,BRS03,BD-PIHPS
2021-11-03,1771,harga_pihps_produsen,9500.0,Rp,BRS04,BD-PIHPS
2021-11-03,1771,harga_pihps_produsen,11000.0,Rp,BRS05,BD-PIHPS
2021-11-03,1771,harga_pihps_produsen,16500.0,Rp,CMR01,BD-PIHPS
2021-11-03,1771,harga_pihps_produsen,24350.0,Rp,CMR02,BD-PIHPS
2021-11-03,1771,harga_pihps_produsen,18000.0,Rp,CRW01,BD-PIHPS
2021-11-03,1771,harga_pihps_produsen,22000.0,Rp,CRW02,BD-PIHPS
2021-11-03,1771,harga_pihps_produsen,19100.0,Rp,DAY01,BD-PIHPS
2021-11-03,1771,harga_pihps_produsen,120000.0,Rp,DSP01,BD-PIHPS
2021-11-03,1771,harga_pihps_produsen,120000.0,Rp,DSP02,BD-PIHPS
2021-11-03,1771,harga_pihps_produsen,16500.0,Rp,TLR01,BD-PIHPS
2021-11-04,1771,harga_pihps,9650.0,Rp,BRS01,BD-PIHPS
2021-11-04,1771,harga_pihps,11150.0,Rp,BRS02,BD-PIHPS
2021-11-04,1771,harga_pihps,11600.0,Rp,BRS03,BD-PIHPS
2021-11-04,1771,harga_pihps,11400.0,Rp,BRS04,BD-PIHPS
2021-11-04,1771,harga_pihps,12050.0,Rp,BRS05,BD-PIHPS
2021-11-04,1771,harga_pihps,12050.0,Rp,BRS06,BD-PIHPS
2021-11-04,1771,harga_pihps,27650.0,Rp,BWM01,BD-PIHPS
2021-11-04,1771,harga_pihps,25750.0,Rp,BWP01,BD-PIHPS
2021-11-04,1771,harga_pihps,35900.0,Rp,CMR01,BD-PIHPS
2021-11-04,1771,harga_pihps,40650.0,Rp,CMR02,BD-PIHPS
2021-11-04,1771,harga_pihps,27900.0,Rp,CRW01,BD-PIHPS
2021-11-04,1771,harga_pihps,26500.0,Rp,CRW02,BD-PIHPS
2021-11-04,1771,harga_pihps,33500.0,Rp,DAY01,BD-PIHPS
2021-11-04,1771,harga_pihps,123750.0,Rp,DSP01,BD-PIHPS
2021-11-04,1771,harga_pihps,123750.0,Rp,DSP02,BD-PIHPS
2021-11-04,1771,harga_pihps,12450.0,Rp,GLP01,BD-PIHPS
2021-11-04,1771,harga_pihps,13400.0,Rp,GLP02,BD-PIHPS
2021-11-04,1771,harga_pihps,17400.0,Rp,MGR01,BD-PIHPS
2021-11-04,1771,harga_pihps,16900.0,Rp,MGR02,BD-PIHPS
2021-11-04,1771,harga_pihps,16300.0,Rp,MGR03,BD-PIHPS
2021-11-04,1771,harga_pihps,22200.0,Rp,TLR01,BD-PIHPS
2021-11-04,1771,harga_pihps_grosir,9150.0,Rp,BRS01,BD-PIHPS
2021-11-04,1771,harga_pihps_grosir,10400.0,Rp,BRS02,BD-PIHPS
2021-11-04,1771,harga_pihps_grosir,11150.0,Rp,BRS03,BD-PIHPS
2021-11-04,1771,harga_pihps_grosir,11000.0,Rp,BRS04,BD-PIHPS
2021-11-04,1771,harga_pihps_grosir,11350.0,Rp,BRS05,BD-PIHPS
2021-11-04,1771,harga_pihps_grosir,11350.0,Rp,BRS06,BD-PIHPS
2021-11-04,1771,harga_pihps_grosir,20750.0,Rp,BWM01,BD-PIHPS
2021-11-04,1771,harga_pihps_grosir,21500.0,Rp,BWP01,BD-PIHPS
2021-11-04,1771,harga_pihps_grosir,29500.0,Rp,CMR01,BD-PIHPS
2021-11-04,1771,harga_pihps_grosir,33500.0,Rp,CMR02,BD-PIHPS
2021-11-04,1771,harga_pihps_grosir,29000.0,Rp,CRW01,BD-PIHPS
2021-11-04,1771,harga_pihps_grosir,25850.0,Rp,CRW02,BD-PIHPS
2021-11-04,1771,harga_pihps_grosir,27000.0,Rp,DAY01,BD-PIHPS
2021-11-04,1771,harga_pihps_grosir,120000.0,Rp,DSP01,BD-PIHPS
2021-11-04,1771,harga_pihps_grosir,120000.0,Rp,DSP02,BD-PIHPS
2021-11-04,1771,harga_pihps_grosir,12200.0,Rp,GLP01,BD-PIHPS
2021-11-04,1771,harga_pihps_grosir,15750.0,Rp,MGR01,BD-PIHPS
2021-11-04,1771,harga_pihps_grosir,15500.0,Rp,MGR02,BD-PIHPS
2021-11-04,1771,harga_pihps_grosir,15650.0,Rp,MGR03,BD-PIHPS
2021-11-04,1771,harga_pihps_grosir,19600.0,Rp,TLR01,BD-PIHPS
2021-11-04,1771,harga_pihps_modern,11100.0,Rp,BRS01,BD-PIHPS
2021-11-04,1771,harga_pihps_modern,12300.0,Rp,BRS02,BD-PIHPS
2021-11-04,1771,harga_pihps_modern,12600.0,Rp,BRS03,BD-PIHPS
2021-11-04,1771,harga_pihps_modern,12350.0,Rp,BRS04,BD-PIHPS
2021-11-04,1771,harga_pihps_modern,13450.0,Rp,BRS05,BD-PIHPS
2021-11-04,1771,harga_pihps_modern,15350.0,Rp,BRS06,BD-PIHPS
2021-11-04,1771,harga_pihps_modern,37950.0,Rp,BWM01,BD-PIHPS
2021-11-04,1771,harga_pihps_modern,32450.0,Rp,BWP01,BD-PIHPS
2021-11-04,1771,harga_pihps_modern,57450.0,Rp,CMR01,BD-PIHPS
2021-11-04,1771,harga_pihps_modern,47450.0,Rp,CMR02,BD-PIHPS
2021-11-04,1771,harga_pihps_modern,60950.0,Rp,CRW01,BD-PIHPS
2021-11-04,1771,harga_pihps_modern,71450.0,Rp,CRW02,BD-PIHPS
2021-11-04,1771,harga_pihps_modern,38700.0,Rp,DAY01,BD-PIHPS
2021-11-04,1771,harga_pihps_modern,122500.0,Rp,DSP01,BD-PIHPS
2021-11-04,1771,harga_pihps_modern,124950.0,Rp,DSP02,BD-PIHPS
2021-11-04,1771,harga_pihps_modern,12950.0,Rp,GLP01,BD-PIHPS
2021-11-04,1771,harga_pihps_modern,14250.0,Rp,GLP02,BD-PIHPS
2021-11-04,1771,harga_pihps_modern,17100.0,Rp,MGR02,BD-PIHPS
2021-11-04,1771,harga_pihps_modern,18250.0,Rp,MGR03,BD-PIHPS
2021-11-04,1771,harga_pihps_modern,31250.0,Rp,TLR01,BD-PIHPS
2021-11-04,1771,harga_pihps_produsen,8500.0,Rp,BRS01,BD-PIHPS
2021-11-04,1771,harga_pihps_produsen,8800.0,Rp,BRS03,BD-PIHPS
2021-11-04,1771,harga_pihps_produsen,9500.0,Rp,BRS04,BD-PIHPS
2021-11-04,1771,harga_pihps_produsen,11000.0,Rp,BRS05,BD-PIHPS
2021-11-04,1771,harga_pihps_produsen,16500.0,Rp,CMR01,BD-PIHPS
2021-11-04,1771,harga_pihps_produsen,24350.0,Rp,CMR02,BD-PIHPS
2021-11-04,1771,harga_pihps_produsen,18000.0,Rp,CRW01,BD-PIHPS
2021-11-04,1771,harga_pihps_produsen,22000.0,Rp,CRW02,BD-PIHPS
2021-11-04,1771,harga_pihps_produsen,19100.0,Rp,DAY01,BD-PIHPS
2021-11-04,1771,harga_pihps_produsen,120000.0,Rp,DSP01,BD-PIHPS
2021-11-04,1771,harga_pihps_produsen,120000.0,Rp,DSP02,BD-PIHPS
2021-11-04,1771,harga_pihps_produsen,16500.0,Rp,TLR01,BD-PIHPS
2021-11-05,1771,harga_pihps,9650.0,Rp,BRS01,BD-PIHPS
2021-11-05,1771,harga_pihps,11150.0,Rp,BRS02,BD-PIHPS
2021-11-05,1771,harga_pihps,11600.0,Rp,BRS03,BD-PIHPS
2021-11-05,1771,harga_pihps,11300.0,Rp,BRS04,BD-PIHPS
2021-11-05,1771,harga_pihps,11950.0,Rp,BRS05,BD-PIHPS
2021-11-05,1771,harga_pihps,12000.0,Rp,BRS06,BD-PIHPS
2021-11-05,1771,harga_pihps,27400.0,Rp,BWM01,BD-PIHPS
2021-11-05,1771,harga_pihps,26000.0,Rp,BWP01,BD-PIHPS
2021-11-05,1771,harga_pihps,39400.0,Rp,CMR01,BD-PIHPS
2021-11-05,1771,harga_pihps,44750.0,Rp,CMR02,BD-PIHPS
2021-11-05,1771,harga_pihps,28500.0,Rp,CRW01,BD-PIHPS
2021-11-05,1771,harga_pihps,25600.0,Rp,CRW02,BD-PIHPS
2021-11-05,1771,harga_pihps,33500.0,Rp,DAY01,BD-PIHPS
2021-11-05,1771,harga_pihps,123750.0,Rp,DSP01,BD-PIHPS
2021-11-05,1771,harga_pihps,123750.0,Rp,DSP02,BD-PIHPS
2021-11-05,1771,harga_pihps,12450.0,Rp,GLP01,BD-PIHPS
2021-11-05,1771,harga_pihps,13400.0,Rp,GLP02,BD-PIHPS
2021-11-05,1771,harga_pihps,17450.0,Rp,MGR01,BD-PIHPS
2021-11-05,1771,harga_pihps,16950.0,Rp,MGR02,BD-PIHPS
2021-11-05,1771,harga_pihps,16400.0,Rp,MGR03,BD-PIHPS
2021-11-05,1771,harga_pihps,22200.0,Rp,TLR01,BD-PIHPS
2021-11-05,1771,harga_pihps_grosir,9150.0,Rp,BRS01,BD-PIHPS
2021-11-05,1771,harga_pihps_grosir,10400.0,Rp,BRS02,BD-PIHPS
2021-11-05,1771,harga_pihps_grosir,11150.0,Rp,BRS03,BD-PIHPS
2021-11-05,1771,harga_pihps_grosir,11000.0,Rp,BRS04,BD-PIHPS
2021-11-05,1771,harga_pihps_grosir,11350.0,Rp,BRS05,BD-PIHPS
2021-11-05,1771,harga_pihps_grosir,11350.0,Rp,BRS06,BD-PIHPS
2021-11-05,1771,harga_pihps_grosir,20750.0,Rp,BWM01,BD-PIHPS
2021-11-05,1771,harga_pihps_grosir,21500.0,Rp,BWP01,BD-PIHPS
2021-11-05,1771,harga_pihps_grosir,29500.0,Rp,CMR01,BD-PIHPS
2021-11-05,1771,harga_pihps_grosir,33500.0,Rp,CMR02,BD-PIHPS
2021-11-05,1771,harga_pihps_grosir,29000.0,Rp,CRW01,BD-PIHPS
2021-11-05,1771,harga_pihps_grosir,25850.0,Rp,CRW02,BD-PIHPS
2021-11-05,1771,harga_pihps_grosir,27000.0,Rp,DAY01,BD-PIHPS
2021-11-05,1771,harga_pihps_grosir,120000.0,Rp,DSP01,BD-PIHPS
2021-11-05,1771,harga_pihps_grosir,120000.0,Rp,DSP02,BD-PIHPS
2021-11-05,1771,harga_pihps_grosir,12200.0,Rp,GLP01,BD-PIHPS
2021-11-05,1771,harga_pihps_grosir,15750.0,Rp,MGR01,BD-PIHPS
2021-11-05,1771,harga_pihps_grosir,15500.0,Rp,MGR02,BD-PIHPS
2021-11-05,1771,harga_pihps_grosir,15650.0,Rp,MGR03,BD-PIHPS
2021-11-05,1771,harga_pihps_grosir,19600.0,Rp,TLR01,BD-PIHPS
2021-11-05,1771,harga_pihps_modern,11100.0,Rp,BRS01,BD-PIHPS
2021-11-05,1771,harga_pihps_modern,12300.0,Rp,BRS02,BD-PIHPS
2021-11-05,1771,harga_pihps_modern,12600.0,Rp,BRS03,BD-PIHPS
2021-11-05,1771,harga_pihps_modern,12350.0,Rp,BRS04,BD-PIHPS
2021-11-05,1771,harga_pihps_modern,13450.0,Rp,BRS05,BD-PIHPS
2021-11-05,1771,harga_pihps_modern,15350.0,Rp,BRS06,BD-PIHPS
2021-11-05,1771,harga_pihps_modern,37950.0,Rp,BWM01,BD-PIHPS
2021-11-05,1771,harga_pihps_modern,32450.0,Rp,BWP01,BD-PIHPS
2021-11-05,1771,harga_pihps_modern,57450.0,Rp,CMR01,BD-PIHPS
2021-11-05,1771,harga_pihps_modern,47450.0,Rp,CMR02,BD-PIHPS
2021-11-05,1771,harga_pihps_modern,60950.0,Rp,CRW01,BD-PIHPS
2021-11-05,1771,harga_pihps_modern,71450.0,Rp,CRW02,BD-PIHPS
2021-11-05,1771,harga_pihps_modern,38700.0,Rp,DAY01,BD-PIHPS
2021-11-05,1771,harga_pihps_modern,122500.0,Rp,DSP01,BD-PIHPS
2021-11-05,1771,harga_pihps_modern,124950.0,Rp,DSP02,BD-PIHPS
2021-11-05,1771,harga_pihps_modern,12950.0,Rp,GLP01,BD-PIHPS
2021-11-05,1771,harga_pihps_modern,14250.0,Rp,GLP02,BD-PIHPS
2021-11-05,1771,harga_pihps_modern,17100.0,Rp,MGR02,BD-PIHPS
2021-11-05,1771,harga_pihps_modern,18250.0,Rp,MGR03,BD-PIHPS
2021-11-05,1771,harga_pihps_modern,31250.0,Rp,TLR01,BD-PIHPS
2021-11-05,1771,harga_pihps_produsen,8500.0,Rp,BRS01,BD-PIHPS
2021-11-05,1771,harga_pihps_produsen,8800.0,Rp,BRS03,BD-PIHPS
2021-11-05,1771,harga_pihps_produsen,9500.0,Rp,BRS04,BD-PIHPS
2021-11-05,1771,harga_pihps_produsen,11000.0,Rp,BRS05,BD-PIHPS
2021-11-05,1771,harga_pihps_produsen,16500.0,Rp,CMR01,BD-PIHPS
2021-11-05,1771,harga_pihps_produsen,24350.0,Rp,CMR02,BD-PIHPS
2021-11-05,1771,harga_pihps_produsen,18000.0,Rp,CRW01,BD-PIHPS
2021-11-05,1771,harga_pihps_produsen,22000.0,Rp,CRW02,BD-PIHPS
2021-11-05,1771,harga_pihps_produsen,19100.0,Rp,DAY01,BD-PIHPS
2021-11-05,1771,harga_pihps_produsen,120000.0,Rp,DSP01,BD-PIHPS
2021-11-05,1771,harga_pihps_produsen,120000.0,Rp,DSP02,BD-PIHPS
2021-11-05,1771,harga_pihps_produsen,16500.0,Rp,TLR01,BD-PIHPS
2021-11-08,1771,harga_pihps,9650.0,Rp,BRS01,BD-PIHPS
2021-11-08,1771,harga_pihps,11150.0,Rp,BRS02,BD-PIHPS
2021-11-08,1771,harga_pihps,11600.0,Rp,BRS03,BD-PIHPS
2021-11-08,1771,harga_pihps,11300.0,Rp,BRS04,BD-PIHPS
2021-11-08,1771,harga_pihps,11950.0,Rp,BRS05,BD-PIHPS
2021-11-08,1771,harga_pihps,12000.0,Rp,BRS06,BD-PIHPS
2021-11-08,1771,harga_pihps,27000.0,Rp,BWM01,BD-PIHPS
2021-11-08,1771,harga_pihps,26000.0,Rp,BWP01,BD-PIHPS
2021-11-08,1771,harga_pihps,43750.0,Rp,CMR01,BD-PIHPS
2021-11-08,1771,harga_pihps,49750.0,Rp,CMR02,BD-PIHPS
2021-11-08,1771,harga_pihps,28900.0,Rp,CRW01,BD-PIHPS
2021-11-08,1771,harga_pihps,26050.0,Rp,CRW02,BD-PIHPS
2021-11-08,1771,harga_pihps,33150.0,Rp,DAY01,BD-PIHPS
2021-11-08,1771,harga_pihps,123750.0,Rp,DSP01,BD-PIHPS
2021-11-08,1771,harga_pihps,123750.0,Rp,DSP02,BD-PIHPS
2021-11-08,1771,harga_pihps,12450.0,Rp,GLP01,BD-PIHPS
2021-11-08,1771,harga_pihps,13400.0,Rp,GLP02,BD-PIHPS
2021-11-08,1771,harga_pihps,17450.0,Rp,MGR01,BD-PIHPS
2021-11-08,1771,harga_pihps,16950.0,Rp,MGR02,BD-PIHPS
2021-11-08,1771,harga_pihps,16400.0,Rp,MGR03,BD-PIHPS
2021-11-08,1771,harga_pihps,22200.0,Rp,TLR01,BD-PIHPS
2021-11-08,1771,harga_pihps_grosir,9150.0,Rp,BRS01,BD-PIHPS
2021-11-08,1771,harga_pihps_grosir,10400.0,Rp,BRS02,BD-PIHPS
2021-11-08,1771,harga_pihps_grosir,11150.0,Rp,BRS03,BD-PIHPS
2021-11-08,1771,harga_pihps_grosir,11000.0,Rp,BRS04,BD-PIHPS
2021-11-08,1771,harga_pihps_grosir,11350.0,Rp,BRS05,BD-PIHPS
2021-11-08,1771,harga_pihps_grosir,11350.0,Rp,BRS06,BD-PIHPS
2021-11-08,1771,harga_pihps_grosir,20750.0,Rp,BWM01,BD-PIHPS
2021-11-08,1771,harga_pihps_grosir,21500.0,Rp,BWP01,BD-PIHPS
2021-11-08,1771,harga_pihps_grosir,29500.0,Rp,CMR01,BD-PIHPS
2021-11-08,1771,harga_pihps_grosir,33500.0,Rp,CMR02,BD-PIHPS
2021-11-08,1771,harga_pihps_grosir,29000.0,Rp,CRW01,BD-PIHPS
2021-11-08,1771,harga_pihps_grosir,25850.0,Rp,CRW02,BD-PIHPS
2021-11-08,1771,harga_pihps_grosir,27000.0,Rp,DAY01,BD-PIHPS
2021-11-08,1771,harga_pihps_grosir,120000.0,Rp,DSP01,BD-PIHPS
2021-11-08,1771,harga_pihps_grosir,120000.0,Rp,DSP02,BD-PIHPS
2021-11-08,1771,harga_pihps_grosir,12200.0,Rp,GLP01,BD-PIHPS
2021-11-08,1771,harga_pihps_grosir,15750.0,Rp,MGR01,BD-PIHPS
2021-11-08,1771,harga_pihps_grosir,15500.0,Rp,MGR02,BD-PIHPS
2021-11-08,1771,harga_pihps_grosir,15650.0,Rp,MGR03,BD-PIHPS
2021-11-08,1771,harga_pihps_grosir,19600.0,Rp,TLR01,BD-PIHPS
2021-11-08,1771,harga_pihps_modern,11100.0,Rp,BRS01,BD-PIHPS
2021-11-08,1771,harga_pihps_modern,12300.0,Rp,BRS02,BD-PIHPS
2021-11-08,1771,harga_pihps_modern,12600.0,Rp,BRS03,BD-PIHPS
2021-11-08,1771,harga_pihps_modern,12350.0,Rp,BRS04,BD-PIHPS
2021-11-08,1771,harga_pihps_modern,13450.0,Rp,BRS05,BD-PIHPS
2021-11-08,1771,harga_pihps_modern,15350.0,Rp,BRS06,BD-PIHPS
2021-11-08,1771,harga_pihps_modern,37950.0,Rp,BWM01,BD-PIHPS
2021-11-08,1771,harga_pihps_modern,32450.0,Rp,BWP01,BD-PIHPS
2021-11-08,1771,harga_pihps_modern,57450.0,Rp,CMR01,BD-PIHPS
2021-11-08,1771,harga_pihps_modern,47450.0,Rp,CMR02,BD-PIHPS
2021-11-08,1771,harga_pihps_modern,60950.0,Rp,CRW01,BD-PIHPS
2021-11-08,1771,harga_pihps_modern,71450.0,Rp,CRW02,BD-PIHPS
2021-11-08,1771,harga_pihps_modern,38700.0,Rp,DAY01,BD-PIHPS
2021-11-08,1771,harga_pihps_modern,122500.0,Rp,DSP01,BD-PIHPS
2021-11-08,1771,harga_pihps_modern,124950.0,Rp,DSP02,BD-PIHPS
2021-11-08,1771,harga_pihps_modern,12950.0,Rp,GLP01,BD-PIHPS
2021-11-08,1771,harga_pihps_modern,14250.0,Rp,GLP02,BD-PIHPS
2021-11-08,1771,harga_pihps_modern,17100.0,Rp,MGR02,BD-PIHPS
2021-11-08,1771,harga_pihps_modern,18250.0,Rp,MGR03,BD-PIHPS
2021-11-08,1771,harga_pihps_modern,31250.0,Rp,TLR01,BD-PIHPS
2021-11-08,1771,harga_pihps_produsen,8500.0,Rp,BRS01,BD-PIHPS
2021-11-08,1771,harga_pihps_produsen,8800.0,Rp,BRS03,BD-PIHPS
2021-11-08,1771,harga_pihps_produsen,9500.0,Rp,BRS04,BD-PIHPS
2021-11-08,1771,harga_pihps_produsen,11000.0,Rp,BRS05,BD-PIHPS
2021-11-08,1771,harga_pihps_produsen,16500.0,Rp,CMR01,BD-PIHPS
2021-11-08,1771,harga_pihps_produsen,24350.0,Rp,CMR02,BD-PIHPS
2021-11-08,1771,harga_pihps_produsen,18000.0,Rp,CRW01,BD-PIHPS
2021-11-08,1771,harga_pihps_produsen,22000.0,Rp,CRW02,BD-PIHPS
2021-11-08,1771,harga_pihps_produsen,19100.0,Rp,DAY01,BD-PIHPS
2021-11-08,1771,harga_pihps_produsen,120000.0,Rp,DSP01,BD-PIHPS
2021-11-08,1771,harga_pihps_produsen,120000.0,Rp,DSP02,BD-PIHPS
2021-11-08,1771,harga_pihps_produsen,16500.0,Rp,TLR01,BD-PIHPS
2021-11-09,1771,harga_pihps,9650.0,Rp,BRS01,BD-PIHPS
2021-11-09,1771,harga_pihps,11150.0,Rp,BRS02,BD-PIHPS
2021-11-09,1771,harga_pihps,11600.0,Rp,BRS03,BD-PIHPS
2021-11-09,1771,harga_pihps,11300.0,Rp,BRS04,BD-PIHPS
2021-11-09,1771,harga_pihps,11950.0,Rp,BRS05,BD-PIHPS
2021-11-09,1771,harga_pihps,12000.0,Rp,BRS06,BD-PIHPS
2021-11-09,1771,harga_pihps,26900.0,Rp,BWM01,BD-PIHPS
2021-11-09,1771,harga_pihps,26000.0,Rp,BWP01,BD-PIHPS
2021-11-09,1771,harga_pihps,47000.0,Rp,CMR01,BD-PIHPS
2021-11-09,1771,harga_pihps,51900.0,Rp,CMR02,BD-PIHPS
2021-11-09,1771,harga_pihps,29650.0,Rp,CRW01,BD-PIHPS
2021-11-09,1771,harga_pihps,26050.0,Rp,CRW02,BD-PIHPS
2021-11-09,1771,harga_pihps,33150.0,Rp,DAY01,BD-PIHPS
2021-11-09,1771,harga_pihps,123750.0,Rp,DSP01,BD-PIHPS
2021-11-09,1771,harga_pihps,123750.0,Rp,DSP02,BD-PIHPS
2021-11-09,1771,harga_pihps,12450.0,Rp,GLP01,BD-PIHPS
2021-11-09,1771,harga_pihps,13400.0,Rp,GLP02,BD-PIHPS
2021-11-09,1771,harga_pihps,17450.0,Rp,MGR01,BD-PIHPS
2021-11-09,1771,harga_pihps,16950.0,Rp,MGR02,BD-PIHPS
2021-11-09,1771,harga_pihps,16400.0,Rp,MGR03,BD-PIHPS
2021-11-09,1771,harga_pihps,22200.0,Rp,TLR01,BD-PIHPS
2021-11-09,1771,harga_pihps_grosir,9150.0,Rp,BRS01,BD-PIHPS
2021-11-09,1771,harga_pihps_grosir,10400.0,Rp,BRS02,BD-PIHPS
2021-11-09,1771,harga_pihps_grosir,11150.0,Rp,BRS03,BD-PIHPS
2021-11-09,1771,harga_pihps_grosir,10900.0,Rp,BRS04,BD-PIHPS
2021-11-09,1771,harga_pihps_grosir,11350.0,Rp,BRS05,BD-PIHPS
2021-11-09,1771,harga_pihps_grosir,11350.0,Rp,BRS06,BD-PIHPS
2021-11-09,1771,harga_pihps_grosir,20750.0,Rp,BWM01,BD-PIHPS
2021-11-09,1771,harga_pihps_grosir,22000.0,Rp,BWP01,BD-PIHPS
2021-11-09,1771,harga_pihps_grosir,36500.0,Rp,CMR01,BD-PIHPS
2021-11-09,1771,harga_pihps_grosir,42000.0,Rp,CMR02,BD-PIHPS
2021-11-09,1771,harga_pihps_grosir,31000.0,Rp,CRW01,BD-PIHPS
2021-11-09,1771,harga_pihps_grosir,27350.0,Rp,CRW02,BD-PIHPS
2021-11-09,1771,harga_pihps_grosir,28000.0,Rp,DAY01,BD-PIHPS
2021-11-09,1771,harga_pihps_grosir,120000.0,Rp,DSP01,BD-PIHPS
2021-11-09,1771,harga_pihps_grosir,120000.0,Rp,DSP02,BD-PIHPS
2021-11-09,1771,harga_pihps_grosir,12200.0,Rp,GLP01,BD-PIHPS
2021-11-09,1771,harga_pihps_grosir,16250.0,Rp,MGR01,BD-PIHPS
2021-11-09,1771,harga_pihps_grosir,16250.0,Rp,MGR02,BD-PIHPS
2021-11-09,1771,harga_pihps_grosir,16150.0,Rp,MGR03,BD-PIHPS
2021-11-09,1771,harga_pihps_grosir,19600.0,Rp,TLR01,BD-PIHPS
2021-11-09,1771,harga_pihps_modern,11100.0,Rp,BRS01,BD-PIHPS
2021-11-09,1771,harga_pihps_modern,12300.0,Rp,BRS02,BD-PIHPS
2021-11-09,1771,harga_pihps_modern,12600.0,Rp,BRS03,BD-PIHPS
2021-11-09,1771,harga_pihps_modern,12350.0,Rp,BRS04,BD-PIHPS
2021-11-09,1771,harga_pihps_modern,13450.0,Rp,BRS05,BD-PIHPS
2021-11-09,1771,harga_pihps_modern,15350.0,Rp,BRS06,BD-PIHPS
2021-11-09,1771,harga_pihps_modern,37950.0,Rp,BWM01,BD-PIHPS
2021-11-09,1771,harga_pihps_modern,32450.0,Rp,BWP01,BD-PIHPS
2021-11-09,1771,harga_pihps_modern,57450.0,Rp,CMR01,BD-PIHPS
2021-11-09,1771,harga_pihps_modern,47450.0,Rp,CMR02,BD-PIHPS
2021-11-09,1771,harga_pihps_modern,60950.0,Rp,CRW01,BD-PIHPS
2021-11-09,1771,harga_pihps_modern,71450.0,Rp,CRW02,BD-PIHPS
2021-11-09,1771,harga_pihps_modern,38700.0,Rp,DAY01,BD-PIHPS
2021-11-09,1771,harga_pihps_modern,122500.0,Rp,DSP01,BD-PIHPS
2021-11-09,1771,harga_pihps_modern,123950.0,Rp,DSP02,BD-PIHPS
2021-11-09,1771,harga_pihps_modern,12950.0,Rp,GLP01,BD-PIHPS
2021-11-09,1771,harga_pihps_modern,14250.0,Rp,GLP02,BD-PIHPS
2021-11-09,1771,harga_pihps_modern,17100.0,Rp,MGR02,BD-PIHPS
2021-11-09,1771,harga_pihps_modern,18250.0,Rp,MGR03,BD-PIHPS
2021-11-09,1771,harga_pihps_modern,31250.0,Rp,TLR01,BD-PIHPS
2021-11-09,1771,harga_pihps_produsen,8500.0,Rp,BRS01,BD-PIHPS
2021-11-09,1771,harga_pihps_produsen,8800.0,Rp,BRS03,BD-PIHPS
2021-11-09,1771,harga_pihps_produsen,9500.0,Rp,BRS04,BD-PIHPS
2021-11-09,1771,harga_pihps_produsen,11000.0,Rp,BRS05,BD-PIHPS
2021-11-09,1771,harga_pihps_produsen,16500.0,Rp,CMR01,BD-PIHPS
2021-11-09,1771,harga_pihps_produsen,24350.0,Rp,CMR02,BD-PIHPS
2021-11-09,1771,harga_pihps_produsen,18000.0,Rp,CRW01,BD-PIHPS
2021-11-09,1771,harga_pihps_produsen,22000.0,Rp,CRW02,BD-PIHPS
2021-11-09,1771,harga_pihps_produsen,19100.0,Rp,DAY01,BD-PIHPS
2021-11-09,1771,harga_pihps_produsen,120000.0,Rp,DSP01,BD-PIHPS
2021-11-09,1771,harga_pihps_produsen,120000.0,Rp,DSP02,BD-PIHPS
2021-11-09,1771,harga_pihps_produsen,16500.0,Rp,TLR01,BD-PIHPS
2021-11-10,1771,harga_pihps,9650.0,Rp,BRS01,BD-PIHPS
2021-11-10,1771,harga_pihps,11150.0,Rp,BRS02,BD-PIHPS
2021-11-10,1771,harga_pihps,11600.0,Rp,BRS03,BD-PIHPS
2021-11-10,1771,harga_pihps,11300.0,Rp,BRS04,BD-PIHPS
2021-11-10,1771,harga_pihps,11950.0,Rp,BRS05,BD-PIHPS
2021-11-10,1771,harga_pihps,12000.0,Rp,BRS06,BD-PIHPS
2021-11-10,1771,harga_pihps,27500.0,Rp,BWM01,BD-PIHPS
2021-11-10,1771,harga_pihps,26650.0,Rp,BWP01,BD-PIHPS
2021-11-10,1771,harga_pihps,48650.0,Rp,CMR01,BD-PIHPS
2021-11-10,1771,harga_pihps,53900.0,Rp,CMR02,BD-PIHPS
2021-11-10,1771,harga_pihps,29900.0,Rp,CRW01,BD-PIHPS
2021-11-10,1771,harga_pihps,26400.0,Rp,CRW02,BD-PIHPS
2021-11-10,1771,harga_pihps,32400.0,Rp,DAY01,BD-PIHPS
2021-11-10,1771,harga_pihps,123750.0,Rp,DSP01,BD-PIHPS
2021-11-10,1771,harga_pihps,123750.0,Rp,DSP02,BD-PIHPS
2021-11-10,1771,harga_pihps,12450.0,Rp,GLP01,BD-PIHPS
2021-11-10,1771,harga_pihps,13400.0,Rp,GLP02,BD-PIHPS
2021-11-10,1771,harga_pihps,17450.0,Rp,MGR01,BD-PIHPS
2021-11-10,1771,harga_pihps,16950.0,Rp,MGR02,BD-PIHPS
2021-11-10,1771,harga_pihps,16400.0,Rp,MGR03,BD-PIHPS
2021-11-10,1771,harga_pihps,22500.0,Rp,TLR01,BD-PIHPS
2021-11-10,1771,harga_pihps_grosir,9150.0,Rp,BRS01,BD-PIHPS
2021-11-10,1771,harga_pihps_grosir,10400.0,Rp,BRS02,BD-PIHPS
2021-11-10,1771,harga_pihps_grosir,11150.0,Rp,BRS03,BD-PIHPS
2021-11-10,1771,harga_pihps_grosir,10900.0,Rp,BRS04,BD-PIHPS
2021-11-10,1771,harga_pihps_grosir,11350.0,Rp,BRS05,BD-PIHPS
2021-11-10,1771,harga_pihps_grosir,11350.0,Rp,BRS06,BD-PIHPS
2021-11-10,1771,harga_pihps_grosir,20750.0,Rp,BWM01,BD-PIHPS
2021-11-10,1771,harga_pihps_grosir,22000.0,Rp,BWP01,BD-PIHPS
2021-11-10,1771,harga_pihps_grosir,36500.0,Rp,CMR01,BD-PIHPS
2021-11-10,1771,harga_pihps_grosir,42000.0,Rp,CMR02,BD-PIHPS
2021-11-10,1771,harga_pihps_grosir,31000.0,Rp,CRW01,BD-PIHPS
2021-11-10,1771,harga_pihps_grosir,27350.0,Rp,CRW02,BD-PIHPS
2021-11-10,1771,harga_pihps_grosir,28000.0,Rp,DAY01,BD-PIHPS
2021-11-10,1771,harga_pihps_grosir,120000.0,Rp,DSP01,BD-PIHPS
2021-11-10,1771,harga_pihps_grosir,120000.0,Rp,DSP02,BD-PIHPS
2021-11-10,1771,harga_pihps_grosir,12200.0,Rp,GLP01,BD-PIHPS
2021-11-10,1771,harga_pihps_grosir,16250.0,Rp,MGR01,BD-PIHPS
2021-11-10,1771,harga_pihps_grosir,16250.0,Rp,MGR02,BD-PIHPS
2021-11-10,1771,harga_pihps_grosir,16150.0,Rp,MGR03,BD-PIHPS
2021-11-10,1771,harga_pihps_grosir,19600.0,Rp,TLR01,BD-PIHPS
2021-11-10,1771,harga_pihps_modern,11100.0,Rp,BRS01,BD-PIHPS
2021-11-10,1771,harga_pihps_modern,12300.0,Rp,BRS02,BD-PIHPS
2021-11-10,1771,harga_pihps_modern,12600.0,Rp,BRS03,BD-PIHPS
2021-11-10,1771,harga_pihps_modern,12350.0,Rp,BRS04,BD-PIHPS
2021-11-10,1771,harga_pihps_modern,13450.0,Rp,BRS05,BD-PIHPS
2021-11-10,1771,harga_pihps_modern,15350.0,Rp,BRS06,BD-PIHPS
2021-11-10,1771,harga_pihps_modern,37950.0,Rp,BWM01,BD-PIHPS
2021-11-10,1771,harga_pihps_modern,32450.0,Rp,BWP01,BD-PIHPS
2021-11-10,1771,harga_pihps_modern,57450.0,Rp,CMR01,BD-PIHPS
2021-11-10,1771,harga_pihps_modern,47450.0,Rp,CMR02,BD-PIHPS
2021-11-10,1771,harga_pihps_modern,60950.0,Rp,CRW01,BD-PIHPS
2021-11-10,1771,harga_pihps_modern,71450.0,Rp,CRW02,BD-PIHPS
2021-11-10,1771,harga_pihps_modern,38700.0,Rp,DAY01,BD-PIHPS
2021-11-10,1771,harga_pihps_modern,122500.0,Rp,DSP01,BD-PIHPS
2021-11-10,1771,harga_pihps_modern,123950.0,Rp,DSP02,BD-PIHPS
2021-11-10,1771,harga_pihps_modern,12950.0,Rp,GLP01,BD-PIHPS
2021-11-10,1771,harga_pihps_modern,14250.0,Rp,GLP02,BD-PIHPS
2021-11-10,1771,harga_pihps_modern,17100.0,Rp,MGR02,BD-PIHPS
2021-11-10,1771,harga_pihps_modern,18250.0,Rp,MGR03,BD-PIHPS
2021-11-10,1771,harga_pihps_modern,31250.0,Rp,TLR01,BD-PIHPS
2021-11-10,1771,harga_pihps_produsen,8500.0,Rp,BRS01,BD-PIHPS
2021-11-10,1771,harga_pihps_produsen,8800.0,Rp,BRS03,BD-PIHPS
2021-11-10,1771,harga_pihps_produsen,9500.0,Rp,BRS04,BD-PIHPS
2021-11-10,1771,harga_pihps_produsen,11000.0,Rp,BRS05,BD-PIHPS
2021-11-10,1771,harga_pihps_produsen,16500.0,Rp,CMR01,BD-PIHPS
2021-11-10,1771,harga_pihps_produsen,24350.0,Rp,CMR02,BD-PIHPS
2021-11-10,1771,harga_pihps_produsen,18000.0,Rp,CRW01,BD-PIHPS
2021-11-10,1771,harga_pihps_produsen,22000.0,Rp,CRW02,BD-PIHPS
2021-11-10,1771,harga_pihps_produsen,19100.0,Rp,DAY01,BD-PIHPS
2021-11-10,1771,harga_pihps_produsen,120000.0,Rp,DSP01,BD-PIHPS
2021-11-10,1771,harga_pihps_produsen,120000.0,Rp,DSP02,BD-PIHPS
2021-11-10,1771,harga_pihps_produsen,16500.0,Rp,TLR01,BD-PIHPS
2021-11-11,1771,harga_pihps,9650.0,Rp,BRS01,BD-PIHPS
2021-11-11,1771,harga_pihps,11150.0,Rp,BRS02,BD-PIHPS
2021-11-11,1771,harga_pihps,11600.0,Rp,BRS03,BD-PIHPS
2021-11-11,1771,harga_pihps,11300.0,Rp,BRS04,BD-PIHPS
2021-11-11,1771,harga_pihps,11950.0,Rp,BRS05,BD-PIHPS
2021-11-11,1771,harga_pihps,12000.0,Rp,BRS06,BD-PIHPS
2021-11-11,1771,harga_pihps,27500.0,Rp,BWM01,BD-PIHPS
2021-11-11,1771,harga_pihps,26650.0,Rp,BWP01,BD-PIHPS
2021-11-11,1771,harga_pihps,50000.0,Rp,CMR01,BD-PIHPS
2021-11-11,1771,harga_pihps,56650.0,Rp,CMR02,BD-PIHPS
2021-11-11,1771,harga_pihps,30400.0,Rp,CRW01,BD-PIHPS
2021-11-11,1771,harga_pihps,26600.0,Rp,CRW02,BD-PIHPS
2021-11-11,1771,harga_pihps,32400.0,Rp,DAY01,BD-PIHPS
2021-11-11,1771,harga_pihps,123750.0,Rp,DSP01,BD-PIHPS
2021-11-11,1771,harga_pihps,123750.0,Rp,DSP02,BD-PIHPS
2021-11-11,1771,harga_pihps,12450.0,Rp,GLP01,BD-PIHPS
2021-11-11,1771,harga_pihps,13400.0,Rp,GLP02,BD-PIHPS
2021-11-11,1771,harga_pihps,17550.0,Rp,MGR01,BD-PIHPS
2021-11-11,1771,harga_pihps,17500.0,Rp,MGR02,BD-PIHPS
2021-11-11,1771,harga_pihps,17050.0,Rp,MGR03,BD-PIHPS
2021-11-11,1771,harga_pihps,22600.0,Rp,TLR01,BD-PIHPS
2021-11-11,1771,harga_pihps_grosir,9150.0,Rp,BRS01,BD-PIHPS
2021-11-11,1771,harga_pihps_grosir,10400.0,Rp,BRS02,BD-PIHPS
2021-11-11,1771,harga_pihps_grosir,11150.0,Rp,BRS03,BD-PIHPS
2021-11-11,1771,harga_pihps_grosir,10900.0,Rp,BRS04,BD-PIHPS
2021-11-11,1771,harga_pihps_grosir,11350.0,Rp,BRS05,BD-PIHPS
2021-11-11,1771,harga_pihps_grosir,11350.0,Rp,BRS06,BD-PIHPS
2021-11-11,1771,harga_pihps_grosir,20750.0,Rp,BWM01,BD-PIHPS
2021-11-11,1771,harga_pihps_grosir,22000.0,Rp,BWP01,BD-PIHPS
2021-11-11,1771,harga_pihps_grosir,36500.0,Rp,CMR01,BD-PIHPS
2021-11-11,1771,harga_pihps_grosir,42000.0,Rp,CMR02,BD-PIHPS
2021-11-11,1771,harga_pihps_grosir,31000.0,Rp,CRW01,BD-PIHPS
2021-11-11,1771,harga_pihps_grosir,27350.0,Rp,CRW02,BD-PIHPS
2021-11-11,1771,harga_pihps_grosir,28000.0,Rp,DAY01,BD-PIHPS
2021-11-11,1771,harga_pihps_grosir,120000.0,Rp,DSP01,BD-PIHPS
2021-11-11,1771,harga_pihps_grosir,120000.0,Rp,DSP02,BD-PIHPS
2021-11-11,1771,harga_pihps_grosir,12200.0,Rp,GLP01,BD-PIHPS
2021-11-11,1771,harga_pihps_grosir,16250.0,Rp,MGR01,BD-PIHPS
2021-11-11,1771,harga_pihps_grosir,16250.0,Rp,MGR02,BD-PIHPS
2021-11-11,1771,harga_pihps_grosir,16150.0,Rp,MGR03,BD-PIHPS
2021-11-11,1771,harga_pihps_grosir,19600.0,Rp,TLR01,BD-PIHPS
2021-11-11,1771,harga_pihps_modern,11100.0,Rp,BRS01,BD-PIHPS
2021-11-11,1771,harga_pihps_modern,12300.0,Rp,BRS02,BD-PIHPS
2021-11-11,1771,harga_pihps_modern,12600.0,Rp,BRS03,BD-PIHPS
2021-11-11,1771,harga_pihps_modern,12350.0,Rp,BRS04,BD-PIHPS
2021-11-11,1771,harga_pihps_modern,13450.0,Rp,BRS05,BD-PIHPS
2021-11-11,1771,harga_pihps_modern,15350.0,Rp,BRS06,BD-PIHPS
2021-11-11,1771,harga_pihps_modern,37950.0,Rp,BWM01,BD-PIHPS
2021-11-11,1771,harga_pihps_modern,32450.0,Rp,BWP01,BD-PIHPS
2021-11-11,1771,harga_pihps_modern,57450.0,Rp,CMR01,BD-PIHPS
2021-11-11,1771,harga_pihps_modern,47450.0,Rp,CMR02,BD-PIHPS
2021-11-11,1771,harga_pihps_modern,60950.0,Rp,CRW01,BD-PIHPS
2021-11-11,1771,harga_pihps_modern,71450.0,Rp,CRW02,BD-PIHPS
2021-11-11,1771,harga_pihps_modern,38700.0,Rp,DAY01,BD-PIHPS
2021-11-11,1771,harga_pihps_modern,122500.0,Rp,DSP01,BD-PIHPS
2021-11-11,1771,harga_pihps_modern,123950.0,Rp,DSP02,BD-PIHPS
2021-11-11,1771,harga_pihps_modern,12950.0,Rp,GLP01,BD-PIHPS
2021-11-11,1771,harga_pihps_modern,14250.0,Rp,GLP02,BD-PIHPS
2021-11-11,1771,harga_pihps_modern,17100.0,Rp,MGR02,BD-PIHPS
2021-11-11,1771,harga_pihps_modern,18250.0,Rp,MGR03,BD-PIHPS
2021-11-11,1771,harga_pihps_modern,31250.0,Rp,TLR01,BD-PIHPS
2021-11-11,1771,harga_pihps_produsen,8500.0,Rp,BRS01,BD-PIHPS
2021-11-11,1771,harga_pihps_produsen,8800.0,Rp,BRS03,BD-PIHPS
2021-11-11,1771,harga_pihps_produsen,9500.0,Rp,BRS04,BD-PIHPS
2021-11-11,1771,harga_pihps_produsen,11000.0,Rp,BRS05,BD-PIHPS
2021-11-11,1771,harga_pihps_produsen,16500.0,Rp,CMR01,BD-PIHPS
2021-11-11,1771,harga_pihps_produsen,24350.0,Rp,CMR02,BD-PIHPS
2021-11-11,1771,harga_pihps_produsen,18000.0,Rp,CRW01,BD-PIHPS
2021-11-11,1771,harga_pihps_produsen,22000.0,Rp,CRW02,BD-PIHPS
2021-11-11,1771,harga_pihps_produsen,19100.0,Rp,DAY01,BD-PIHPS
2021-11-11,1771,harga_pihps_produsen,120000.0,Rp,DSP01,BD-PIHPS
2021-11-11,1771,harga_pihps_produsen,120000.0,Rp,DSP02,BD-PIHPS
2021-11-11,1771,harga_pihps_produsen,16500.0,Rp,TLR01,BD-PIHPS
2021-11-12,1771,harga_pihps,9650.0,Rp,BRS01,BD-PIHPS
2021-11-12,1771,harga_pihps,11150.0,Rp,BRS02,BD-PIHPS
2021-11-12,1771,harga_pihps,11600.0,Rp,BRS03,BD-PIHPS
2021-11-12,1771,harga_pihps,11300.0,Rp,BRS04,BD-PIHPS
2021-11-12,1771,harga_pihps,11950.0,Rp,BRS05,BD-PIHPS
2021-11-12,1771,harga_pihps,12000.0,Rp,BRS06,BD-PIHPS
2021-11-12,1771,harga_pihps,27500.0,Rp,BWM01,BD-PIHPS
2021-11-12,1771,harga_pihps,26650.0,Rp,BWP01,BD-PIHPS
2021-11-12,1771,harga_pihps,49500.0,Rp,CMR01,BD-PIHPS
2021-11-12,1771,harga_pihps,55150.0,Rp,CMR02,BD-PIHPS
2021-11-12,1771,harga_pihps,30150.0,Rp,CRW01,BD-PIHPS
2021-11-12,1771,harga_pihps,26300.0,Rp,CRW02,BD-PIHPS
2021-11-12,1771,harga_pihps,32900.0,Rp,DAY01,BD-PIHPS
2021-11-12,1771,harga_pihps,123750.0,Rp,DSP01,BD-PIHPS
2021-11-12,1771,harga_pihps,123750.0,Rp,DSP02,BD-PIHPS
2021-11-12,1771,harga_pihps,12450.0,Rp,GLP01,BD-PIHPS
2021-11-12,1771,harga_pihps,13400.0,Rp,GLP02,BD-PIHPS
2021-11-12,1771,harga_pihps,17750.0,Rp,MGR01,BD-PIHPS
2021-11-12,1771,harga_pihps,17500.0,Rp,MGR02,BD-PIHPS
2021-11-12,1771,harga_pihps,17400.0,Rp,MGR03,BD-PIHPS
2021-11-12,1771,harga_pihps,23100.0,Rp,TLR01,BD-PIHPS
2021-11-12,1771,harga_pihps_grosir,9150.0,Rp,BRS01,BD-PIHPS
2021-11-12,1771,harga_pihps_grosir,10400.0,Rp,BRS02,BD-PIHPS
2021-11-12,1771,harga_pihps_grosir,11150.0,Rp,BRS03,BD-PIHPS
2021-11-12,1771,harga_pihps_grosir,10900.0,Rp,BRS04,BD-PIHPS
2021-11-12,1771,harga_pihps_grosir,11350.0,Rp,BRS05,BD-PIHPS
2021-11-12,1771,harga_pihps_grosir,11350.0,Rp,BRS06,BD-PIHPS
2021-11-12,1771,harga_pihps_grosir,20750.0,Rp,BWM01,BD-PIHPS
2021-11-12,1771,harga_pihps_grosir,22000.0,Rp,BWP01,BD-PIHPS
2021-11-12,1771,harga_pihps_grosir,36500.0,Rp,CMR01,BD-PIHPS
2021-11-12,1771,harga_pihps_grosir,42000.0,Rp,CMR02,BD-PIHPS
2021-11-12,1771,harga_pihps_grosir,31000.0,Rp,CRW01,BD-PIHPS
2021-11-12,1771,harga_pihps_grosir,27350.0,Rp,CRW02,BD-PIHPS
2021-11-12,1771,harga_pihps_grosir,28000.0,Rp,DAY01,BD-PIHPS
2021-11-12,1771,harga_pihps_grosir,120000.0,Rp,DSP01,BD-PIHPS
2021-11-12,1771,harga_pihps_grosir,120000.0,Rp,DSP02,BD-PIHPS
2021-11-12,1771,harga_pihps_grosir,12200.0,Rp,GLP01,BD-PIHPS
2021-11-12,1771,harga_pihps_grosir,16250.0,Rp,MGR01,BD-PIHPS
2021-11-12,1771,harga_pihps_grosir,16250.0,Rp,MGR02,BD-PIHPS
2021-11-12,1771,harga_pihps_grosir,16150.0,Rp,MGR03,BD-PIHPS
2021-11-12,1771,harga_pihps_grosir,19600.0,Rp,TLR01,BD-PIHPS
2021-11-12,1771,harga_pihps_modern,11100.0,Rp,BRS01,BD-PIHPS
2021-11-12,1771,harga_pihps_modern,12300.0,Rp,BRS02,BD-PIHPS
2021-11-12,1771,harga_pihps_modern,12600.0,Rp,BRS03,BD-PIHPS
2021-11-12,1771,harga_pihps_modern,12350.0,Rp,BRS04,BD-PIHPS
2021-11-12,1771,harga_pihps_modern,13450.0,Rp,BRS05,BD-PIHPS
2021-11-12,1771,harga_pihps_modern,15350.0,Rp,BRS06,BD-PIHPS
2021-11-12,1771,harga_pihps_modern,37950.0,Rp,BWM01,BD-PIHPS
2021-11-12,1771,harga_pihps_modern,32450.0,Rp,BWP01,BD-PIHPS
2021-11-12,1771,harga_pihps_modern,57450.0,Rp,CMR01,BD-PIHPS
2021-11-12,1771,harga_pihps_modern,47450.0,Rp,CMR02,BD-PIHPS
2021-11-12,1771,harga_pihps_modern,60950.0,Rp,CRW01,BD-PIHPS
2021-11-12,1771,harga_pihps_modern,71450.0,Rp,CRW02,BD-PIHPS
2021-11-12,1771,harga_pihps_modern,38700.0,Rp,DAY01,BD-PIHPS
2021-11-12,1771,harga_pihps_modern,122500.0,Rp,DSP01,BD-PIHPS
2021-11-12,1771,harga_pihps_modern,123950.0,Rp,DSP02,BD-PIHPS
2021-11-12,1771,harga_pihps_modern,12950.0,Rp,GLP01,BD-PIHPS
2021-11-12,1771,harga_pihps_modern,14250.0,Rp,GLP02,BD-PIHPS
2021-11-12,1771,harga_pihps_modern,17100.0,Rp,MGR02,BD-PIHPS
2021-11-12,1771,harga_pihps_modern,18250.0,Rp,MGR03,BD-PIHPS
2021-11-12,1771,harga_pihps_modern,31250.0,Rp,TLR01,BD-PIHPS
2021-11-12,1771,harga_pihps_produsen,8500.0,Rp,BRS01,BD-PIHPS
2021-11-12,1771,harga_pihps_produsen,8800.0,Rp,BRS03,BD-PIHPS
2021-11-12,1771,harga_pihps_produsen,9500.0,Rp,BRS04,BD-PIHPS
2021-11-12,1771,harga_pihps_produsen,11000.0,Rp,BRS05,BD-PIHPS
2021-11-12,1771,harga_pihps_produsen,16500.0,Rp,CMR01,BD-PIHPS
2021-11-12,1771,harga_pihps_produsen,24350.0,Rp,CMR02,BD-PIHPS
2021-11-12,1771,harga_pihps_produsen,18000.0,Rp,CRW01,BD-PIHPS
2021-11-12,1771,harga_pihps_produsen,22000.0,Rp,CRW02,BD-PIHPS
2021-11-12,1771,harga_pihps_produsen,19100.0,Rp,DAY01,BD-PIHPS
2021-11-12,1771,harga_pihps_produsen,120000.0,Rp,DSP01,BD-PIHPS
2021-11-12,1771,harga_pihps_produsen,120000.0,Rp,DSP02,BD-PIHPS
2021-11-12,1771,harga_pihps_produsen,16500.0,Rp,TLR01,BD-PIHPS
2021-11-15,1771,harga_pihps,9650.0,Rp,BRS01,BD-PIHPS
2021-11-15,1771,harga_pihps,11150.0,Rp,BRS02,BD-PIHPS
2021-11-15,1771,harga_pihps,11600.0,Rp,BRS03,BD-PIHPS
2021-11-15,1771,harga_pihps,11300.0,Rp,BRS04,BD-PIHPS
2021-11-15,1771,harga_pihps,11950.0,Rp,BRS05,BD-PIHPS
2021-11-15,1771,harga_pihps,12000.0,Rp,BRS06,BD-PIHPS
2021-11-15,1771,harga_pihps,27400.0,Rp,BWM01,BD-PIHPS
2021-11-15,1771,harga_pihps,26500.0,Rp,BWP01,BD-PIHPS
2021-11-15,1771,harga_pihps,50400.0,Rp,CMR01,BD-PIHPS
2021-11-15,1771,harga_pihps,56750.0,Rp,CMR02,BD-PIHPS
2021-11-15,1771,harga_pihps,31900.0,Rp,CRW01,BD-PIHPS
2021-11-15,1771,harga_pihps,27750.0,Rp,CRW02,BD-PIHPS
2021-11-15,1771,harga_pihps,31650.0,Rp,DAY01,BD-PIHPS
2021-11-15,1771,harga_pihps,123750.0,Rp,DSP01,BD-PIHPS
2021-11-15,1771,harga_pihps,123750.0,Rp,DSP02,BD-PIHPS
2021-11-15,1771,harga_pihps,12450.0,Rp,GLP01,BD-PIHPS
2021-11-15,1771,harga_pihps,13400.0,Rp,GLP02,BD-PIHPS
2021-11-15,1771,harga_pihps,17750.0,Rp,MGR01,BD-PIHPS
2021-11-15,1771,harga_pihps,17500.0,Rp,MGR02,BD-PIHPS
2021-11-15,1771,harga_pihps,17400.0,Rp,MGR03,BD-PIHPS
2021-11-15,1771,harga_pihps,23100.0,Rp,TLR01,BD-PIHPS
2021-11-15,1771,harga_pihps_grosir,9150.0,Rp,BRS01,BD-PIHPS
2021-11-15,1771,harga_pihps_grosir,10400.0,Rp,BRS02,BD-PIHPS
2021-11-15,1771,harga_pihps_grosir,11150.0,Rp,BRS03,BD-PIHPS
2021-11-15,1771,harga_pihps_grosir,10900.0,Rp,BRS04,BD-PIHPS
2021-11-15,1771,harga_pihps_grosir,11350.0,Rp,BRS05,BD-PIHPS
2021-11-15,1771,harga_pihps_grosir,11350.0,Rp,BRS06,BD-PIHPS
2021-11-15,1771,harga_pihps_grosir,20750.0,Rp,BWM01,BD-PIHPS
2021-11-15,1771,harga_pihps_grosir,22000.0,Rp,BWP01,BD-PIHPS
2021-11-15,1771,harga_pihps_grosir,36500.0,Rp,CMR01,BD-PIHPS
2021-11-15,1771,harga_pihps_grosir,42000.0,Rp,CMR02,BD-PIHPS
2021-11-15,1771,harga_pihps_grosir,31000.0,Rp,CRW01,BD-PIHPS
2021-11-15,1771,harga_pihps_grosir,27350.0,Rp,CRW02,BD-PIHPS
2021-11-15,1771,harga_pihps_grosir,28000.0,Rp,DAY01,BD-PIHPS
2021-11-15,1771,harga_pihps_grosir,120000.0,Rp,DSP01,BD-PIHPS
2021-11-15,1771,harga_pihps_grosir,120000.0,Rp,DSP02,BD-PIHPS
2021-11-15,1771,harga_pihps_grosir,12200.0,Rp,GLP01,BD-PIHPS
2021-11-15,1771,harga_pihps_grosir,16250.0,Rp,MGR01,BD-PIHPS
2021-11-15,1771,harga_pihps_grosir,16250.0,Rp,MGR02,BD-PIHPS
2021-11-15,1771,harga_pihps_grosir,16150.0,Rp,MGR03,BD-PIHPS
2021-11-15,1771,harga_pihps_grosir,19600.0,Rp,TLR01,BD-PIHPS
2021-11-15,1771,harga_pihps_modern,11100.0,Rp,BRS01,BD-PIHPS
2021-11-15,1771,harga_pihps_modern,12300.0,Rp,BRS02,BD-PIHPS
2021-11-15,1771,harga_pihps_modern,12600.0,Rp,BRS03,BD-PIHPS
2021-11-15,1771,harga_pihps_modern,12350.0,Rp,BRS04,BD-PIHPS
2021-11-15,1771,harga_pihps_modern,13450.0,Rp,BRS05,BD-PIHPS
2021-11-15,1771,harga_pihps_modern,15350.0,Rp,BRS06,BD-PIHPS
2021-11-15,1771,harga_pihps_modern,37950.0,Rp,BWM01,BD-PIHPS
2021-11-15,1771,harga_pihps_modern,32450.0,Rp,BWP01,BD-PIHPS
2021-11-15,1771,harga_pihps_modern,57450.0,Rp,CMR01,BD-PIHPS
2021-11-15,1771,harga_pihps_modern,47450.0,Rp,CMR02,BD-PIHPS
2021-11-15,1771,harga_pihps_modern,60950.0,Rp,CRW01,BD-PIHPS
2021-11-15,1771,harga_pihps_modern,71450.0,Rp,CRW02,BD-PIHPS
2021-11-15,1771,harga_pihps_modern,38700.0,Rp,DAY01,BD-PIHPS
2021-11-15,1771,harga_pihps_modern,122500.0,Rp,DSP01,BD-PIHPS
2021-11-15,1771,harga_pihps_modern,123950.0,Rp,DSP02,BD-PIHPS
2021-11-15,1771,harga_pihps_modern,12950.0,Rp,GLP01,BD-PIHPS
2021-11-15,1771,harga_pihps_modern,14250.0,Rp,GLP02,BD-PIHPS
2021-11-15,1771,harga_pihps_modern,17100.0,Rp,MGR02,BD-PIHPS
2021-11-15,1771,harga_pihps_modern,18250.0,Rp,MGR03,BD-PIHPS
2021-11-15,1771,harga_pihps_modern,31250.0,Rp,TLR01,BD-PIHPS
2021-11-15,1771,harga_pihps_produsen,8500.0,Rp,BRS01,BD-PIHPS
2021-11-15,1771,harga_pihps_produsen,8800.0,Rp,BRS03,BD-PIHPS
2021-11-15,1771,harga_pihps_produsen,9500.0,Rp,BRS04,BD-PIHPS
2021-11-15,1771,harga_pihps_produsen,11000.0,Rp,BRS05,BD-PIHPS
2021-11-15,1771,harga_pihps_produsen,16500.0,Rp,CMR01,BD-PIHPS
2021-11-15,1771,harga_pihps_produsen,24350.0,Rp,CMR02,BD-PIHPS
2021-11-15,1771,harga_pihps_produsen,20000.0,Rp,CRW01,BD-PIHPS
2021-11-15,1771,harga_pihps_produsen,23000.0,Rp,CRW02,BD-PIHPS
2021-11-15,1771,harga_pihps_produsen,19250.0,Rp,DAY01,BD-PIHPS
2021-11-15,1771,harga_pihps_produsen,120000.0,Rp,DSP01,BD-PIHPS
2021-11-15,1771,harga_pihps_produsen,120000.0,Rp,DSP02,BD-PIHPS
2021-11-15,1771,harga_pihps_produsen,16500.0,Rp,TLR01,BD-PIHPS
2021-11-16,1771,harga_pihps,9650.0,Rp,BRS01,BD-PIHPS
2021-11-16,1771,harga_pihps,11150.0,Rp,BRS02,BD-PIHPS
2021-11-16,1771,harga_pihps,11550.0,Rp,BRS03,BD-PIHPS
2021-11-16,1771,harga_pihps,11250.0,Rp,BRS04,BD-PIHPS
2021-11-16,1771,harga_pihps,11950.0,Rp,BRS05,BD-PIHPS
2021-11-16,1771,harga_pihps,12000.0,Rp,BRS06,BD-PIHPS
2021-11-16,1771,harga_pihps,27400.0,Rp,BWM01,BD-PIHPS
2021-11-16,1771,harga_pihps,26750.0,Rp,BWP01,BD-PIHPS
2021-11-16,1771,harga_pihps,49900.0,Rp,CMR01,BD-PIHPS
2021-11-16,1771,harga_pihps,55750.0,Rp,CMR02,BD-PIHPS
2021-11-16,1771,harga_pihps,32400.0,Rp,CRW01,BD-PIHPS
2021-11-16,1771,harga_pihps,27750.0,Rp,CRW02,BD-PIHPS
2021-11-16,1771,harga_pihps,31650.0,Rp,DAY01,BD-PIHPS
2021-11-16,1771,harga_pihps,123750.0,Rp,DSP01,BD-PIHPS
2021-11-16,1771,harga_pihps,123750.0,Rp,DSP02,BD-PIHPS
2021-11-16,1771,harga_pihps,12450.0,Rp,GLP01,BD-PIHPS
2021-11-16,1771,harga_pihps,13400.0,Rp,GLP02,BD-PIHPS
2021-11-16,1771,harga_pihps,17750.0,Rp,MGR01,BD-PIHPS
2021-11-16,1771,harga_pihps,17500.0,Rp,MGR02,BD-PIHPS
2021-11-16,1771,harga_pihps,17400.0,Rp,MGR03,BD-PIHPS
2021-11-16,1771,harga_pihps,23200.0,Rp,TLR01,BD-PIHPS
2021-11-16,1771,harga_pihps_grosir,9150.0,Rp,BRS01,BD-PIHPS
2021-11-16,1771,harga_pihps_grosir,10400.0,Rp,BRS02,BD-PIHPS
2021-11-16,1771,harga_pihps_grosir,11150.0,Rp,BRS03,BD-PIHPS
2021-11-16,1771,harga_pihps_grosir,10900.0,Rp,BRS04,BD-PIHPS
2021-11-16,1771,harga_pihps_grosir,11350.0,Rp,BRS05,BD-PIHPS
2021-11-16,1771,harga_pihps_grosir,11350.0,Rp,BRS06,BD-PIHPS
2021-11-16,1771,harga_pihps_grosir,20750.0,Rp,BWM01,BD-PIHPS
2021-11-16,1771,harga_pihps_grosir,22000.0,Rp,BWP01,BD-PIHPS
2021-11-16,1771,harga_pihps_grosir,38500.0,Rp,CMR01,BD-PIHPS
2021-11-16,1771,harga_pihps_grosir,45000.0,Rp,CMR02,BD-PIHPS
2021-11-16,1771,harga_pihps_grosir,31000.0,Rp,CRW01,BD-PIHPS
2021-11-16,1771,harga_pihps_grosir,27700.0,Rp,CRW02,BD-PIHPS
2021-11-16,1771,harga_pihps_grosir,28000.0,Rp,DAY01,BD-PIHPS
2021-11-16,1771,harga_pihps_grosir,120000.0,Rp,DSP01,BD-PIHPS
2021-11-16,1771,harga_pihps_grosir,120000.0,Rp,DSP02,BD-PIHPS
2021-11-16,1771,harga_pihps_grosir,12200.0,Rp,GLP01,BD-PIHPS
2021-11-16,1771,harga_pihps_grosir,16650.0,Rp,MGR01,BD-PIHPS
2021-11-16,1771,harga_pihps_grosir,16650.0,Rp,MGR02,BD-PIHPS
2021-11-16,1771,harga_pihps_grosir,16500.0,Rp,MGR03,BD-PIHPS
2021-11-16,1771,harga_pihps_grosir,19600.0,Rp,TLR01,BD-PIHPS
2021-11-16,1771,harga_pihps_modern,11100.0,Rp,BRS01,BD-PIHPS
2021-11-16,1771,harga_pihps_modern,12300.0,Rp,BRS02,BD-PIHPS
2021-11-16,1771,harga_pihps_modern,12600.0,Rp,BRS03,BD-PIHPS
2021-11-16,1771,harga_pihps_modern,12350.0,Rp,BRS04,BD-PIHPS
2021-11-16,1771,harga_pihps_modern,13450.0,Rp,BRS05,BD-PIHPS
2021-11-16,1771,harga_pihps_modern,15350.0,Rp,BRS06,BD-PIHPS
2021-11-16,1771,harga_pihps_modern,37950.0,Rp,BWM01,BD-PIHPS
2021-11-16,1771,harga_pihps_modern,32450.0,Rp,BWP01,BD-PIHPS
2021-11-16,1771,harga_pihps_modern,59950.0,Rp,CMR01,BD-PIHPS
2021-11-16,1771,harga_pihps_modern,51450.0,Rp,CMR02,BD-PIHPS
2021-11-16,1771,harga_pihps_modern,60950.0,Rp,CRW01,BD-PIHPS
2021-11-16,1771,harga_pihps_modern,72450.0,Rp,CRW02,BD-PIHPS
2021-11-16,1771,harga_pihps_modern,40200.0,Rp,DAY01,BD-PIHPS
2021-11-16,1771,harga_pihps_modern,127000.0,Rp,DSP01,BD-PIHPS
2021-11-16,1771,harga_pihps_modern,125950.0,Rp,DSP02,BD-PIHPS
2021-11-16,1771,harga_pihps_modern,12950.0,Rp,GLP01,BD-PIHPS
2021-11-16,1771,harga_pihps_modern,14250.0,Rp,GLP02,BD-PIHPS
2021-11-16,1771,harga_pihps_modern,17100.0,Rp,MGR02,BD-PIHPS
2021-11-16,1771,harga_pihps_modern,18250.0,Rp,MGR03,BD-PIHPS
2021-11-16,1771,harga_pihps_modern,31250.0,Rp,TLR01,BD-PIHPS
2021-11-16,1771,harga_pihps_produsen,8500.0,Rp,BRS01,BD-PIHPS
2021-11-16,1771,harga_pihps_produsen,8800.0,Rp,BRS03,BD-PIHPS
2021-11-16,1771,harga_pihps_produsen,9500.0,Rp,BRS04,BD-PIHPS
2021-11-16,1771,harga_pihps_produsen,11000.0,Rp,BRS05,BD-PIHPS
2021-11-16,1771,harga_pihps_produsen,16500.0,Rp,CMR01,BD-PIHPS
2021-11-16,1771,harga_pihps_produsen,28650.0,Rp,CMR02,BD-PIHPS
2021-11-16,1771,harga_pihps_produsen,20000.0,Rp,CRW01,BD-PIHPS
2021-11-16,1771,harga_pihps_produsen,23000.0,Rp,CRW02,BD-PIHPS
2021-11-16,1771,harga_pihps_produsen,19450.0,Rp,DAY01,BD-PIHPS
2021-11-16,1771,harga_pihps_produsen,120000.0,Rp,DSP01,BD-PIHPS
2021-11-16,1771,harga_pihps_produsen,120000.0,Rp,DSP02,BD-PIHPS
2021-11-16,1771,harga_pihps_produsen,16550.0,Rp,TLR01,BD-PIHPS
2021-11-17,1771,harga_pihps,9650.0,Rp,BRS01,BD-PIHPS
2021-11-17,1771,harga_pihps,11150.0,Rp,BRS02,BD-PIHPS
2021-11-17,1771,harga_pihps,11550.0,Rp,BRS03,BD-PIHPS
2021-11-17,1771,harga_pihps,11250.0,Rp,BRS04,BD-PIHPS
2021-11-17,1771,harga_pihps,11950.0,Rp,BRS05,BD-PIHPS
2021-11-17,1771,harga_pihps,12000.0,Rp,BRS06,BD-PIHPS
2021-11-17,1771,harga_pihps,26900.0,Rp,BWM01,BD-PIHPS
2021-11-17,1771,harga_pihps,26400.0,Rp,BWP01,BD-PIHPS
2021-11-17,1771,harga_pihps,48150.0,Rp,CMR01,BD-PIHPS
2021-11-17,1771,harga_pihps,55150.0,Rp,CMR02,BD-PIHPS
2021-11-17,1771,harga_pihps,31400.0,Rp,CRW01,BD-PIHPS
2021-11-17,1771,harga_pihps,27750.0,Rp,CRW02,BD-PIHPS
2021-11-17,1771,harga_pihps,31150.0,Rp,DAY01,BD-PIHPS
2021-11-17,1771,harga_pihps,123750.0,Rp,DSP01,BD-PIHPS
2021-11-17,1771,harga_pihps,123750.0,Rp,DSP02,BD-PIHPS
2021-11-17,1771,harga_pihps,12450.0,Rp,GLP01,BD-PIHPS
2021-11-17,1771,harga_pihps,13400.0,Rp,GLP02,BD-PIHPS
2021-11-17,1771,harga_pihps,17750.0,Rp,MGR01,BD-PIHPS
2021-11-17,1771,harga_pihps,17500.0,Rp,MGR02,BD-PIHPS
2021-11-17,1771,harga_pihps,17400.0,Rp,MGR03,BD-PIHPS
2021-11-17,1771,harga_pihps,23200.0,Rp,TLR01,BD-PIHPS
2021-11-17,1771,harga_pihps_grosir,9150.0,Rp,BRS01,BD-PIHPS
2021-11-17,1771,harga_pihps_grosir,10400.0,Rp,BRS02,BD-PIHPS
2021-11-17,1771,harga_pihps_grosir,11150.0,Rp,BRS03,BD-PIHPS
2021-11-17,1771,harga_pihps_grosir,10900.0,Rp,BRS04,BD-PIHPS
2021-11-17,1771,harga_pihps_grosir,11350.0,Rp,BRS05,BD-PIHPS
2021-11-17,1771,harga_pihps_grosir,11350.0,Rp,BRS06,BD-PIHPS
2021-11-17,1771,harga_pihps_grosir,20750.0,Rp,BWM01,BD-PIHPS
2021-11-17,1771,harga_pihps_grosir,22000.0,Rp,BWP01,BD-PIHPS
2021-11-17,1771,harga_pihps_grosir,38500.0,Rp,CMR01,BD-PIHPS
2021-11-17,1771,harga_pihps_grosir,45000.0,Rp,CMR02,BD-PIHPS
2021-11-17,1771,harga_pihps_grosir,31000.0,Rp,CRW01,BD-PIHPS
2021-11-17,1771,harga_pihps_grosir,27700.0,Rp,CRW02,BD-PIHPS
2021-11-17,1771,harga_pihps_grosir,28000.0,Rp,DAY01,BD-PIHPS
2021-11-17,1771,harga_pihps_grosir,120000.0,Rp,DSP01,BD-PIHPS
2021-11-17,1771,harga_pihps_grosir,120000.0,Rp,DSP02,BD-PIHPS
2021-11-17,1771,harga_pihps_grosir,12200.0,Rp,GLP01,BD-PIHPS
2021-11-17,1771,harga_pihps_grosir,16650.0,Rp,MGR01,BD-PIHPS
2021-11-17,1771,harga_pihps_grosir,16650.0,Rp,MGR02,BD-PIHPS
2021-11-17,1771,harga_pihps_grosir,16500.0,Rp,MGR03,BD-PIHPS
2021-11-17,1771,harga_pihps_grosir,19600.0,Rp,TLR01,BD-PIHPS
2021-11-17,1771,harga_pihps_modern,11100.0,Rp,BRS01,BD-PIHPS
2021-11-17,1771,harga_pihps_modern,12300.0,Rp,BRS02,BD-PIHPS
2021-11-17,1771,harga_pihps_modern,12600.0,Rp,BRS03,BD-PIHPS
2021-11-17,1771,harga_pihps_modern,12350.0,Rp,BRS04,BD-PIHPS
2021-11-17,1771,harga_pihps_modern,13450.0,Rp,BRS05,BD-PIHPS
2021-11-17,1771,harga_pihps_modern,15350.0,Rp,BRS06,BD-PIHPS
2021-11-17,1771,harga_pihps_modern,37950.0,Rp,BWM01,BD-PIHPS
2021-11-17,1771,harga_pihps_modern,32450.0,Rp,BWP01,BD-PIHPS
2021-11-17,1771,harga_pihps_modern,59950.0,Rp,CMR01,BD-PIHPS
2021-11-17,1771,harga_pihps_modern,51450.0,Rp,CMR02,BD-PIHPS
2021-11-17,1771,harga_pihps_modern,60950.0,Rp,CRW01,BD-PIHPS
2021-11-17,1771,harga_pihps_modern,72450.0,Rp,CRW02,BD-PIHPS
2021-11-17,1771,harga_pihps_modern,40200.0,Rp,DAY01,BD-PIHPS
2021-11-17,1771,harga_pihps_modern,127000.0,Rp,DSP01,BD-PIHPS
2021-11-17,1771,harga_pihps_modern,125950.0,Rp,DSP02,BD-PIHPS
2021-11-17,1771,harga_pihps_modern,12950.0,Rp,GLP01,BD-PIHPS
2021-11-17,1771,harga_pihps_modern,14250.0,Rp,GLP02,BD-PIHPS
2021-11-17,1771,harga_pihps_modern,17100.0,Rp,MGR02,BD-PIHPS
2021-11-17,1771,harga_pihps_modern,18250.0,Rp,MGR03,BD-PIHPS
2021-11-17,1771,harga_pihps_modern,31250.0,Rp,TLR01,BD-PIHPS
2021-11-17,1771,harga_pihps_produsen,8500.0,Rp,BRS01,BD-PIHPS
2021-11-17,1771,harga_pihps_produsen,8800.0,Rp,BRS03,BD-PIHPS
2021-11-17,1771,harga_pihps_produsen,9500.0,Rp,BRS04,BD-PIHPS
2021-11-17,1771,harga_pihps_produsen,11000.0,Rp,BRS05,BD-PIHPS
2021-11-17,1771,harga_pihps_produsen,16500.0,Rp,CMR01,BD-PIHPS
2021-11-17,1771,harga_pihps_produsen,28650.0,Rp,CMR02,BD-PIHPS
2021-11-17,1771,harga_pihps_produsen,20000.0,Rp,CRW01,BD-PIHPS
2021-11-17,1771,harga_pihps_produsen,23000.0,Rp,CRW02,BD-PIHPS
2021-11-17,1771,harga_pihps_produsen,19450.0,Rp,DAY01,BD-PIHPS
2021-11-17,1771,harga_pihps_produsen,120000.0,Rp,DSP01,BD-PIHPS
2021-11-17,1771,harga_pihps_produsen,120000.0,Rp,DSP02,BD-PIHPS
2021-11-17,1771,harga_pihps_produsen,17900.0,Rp,TLR01,BD-PIHPS
2021-11-18,1771,harga_pihps,9650.0,Rp,BRS01,BD-PIHPS
2021-11-18,1771,harga_pihps,11150.0,Rp,BRS02,BD-PIHPS
2021-11-18,1771,harga_pihps,11550.0,Rp,BRS03,BD-PIHPS
2021-11-18,1771,harga_pihps,11250.0,Rp,BRS04,BD-PIHPS
2021-11-18,1771,harga_pihps,11950.0,Rp,BRS05,BD-PIHPS
2021-11-18,1771,harga_pihps,12000.0,Rp,BRS06,BD-PIHPS
2021-11-18,1771,harga_pihps,26400.0,Rp,BWM01,BD-PIHPS
2021-11-18,1771,harga_pihps,26400.0,Rp,BWP01,BD-PIHPS
2021-11-18,1771,harga_pihps,46500.0,Rp,CMR01,BD-PIHPS
2021-11-18,1771,harga_pihps,52500.0,Rp,CMR02,BD-PIHPS
2021-11-18,1771,harga_pihps,31900.0,Rp,CRW01,BD-PIHPS
2021-11-18,1771,harga_pihps,28000.0,Rp,CRW02,BD-PIHPS
2021-11-18,1771,harga_pihps,31650.0,Rp,DAY01,BD-PIHPS
2021-11-18,1771,harga_pihps,123750.0,Rp,DSP01,BD-PIHPS
2021-11-18,1771,harga_pihps,123750.0,Rp,DSP02,BD-PIHPS
2021-11-18,1771,harga_pihps,12450.0,Rp,GLP01,BD-PIHPS
2021-11-18,1771,harga_pihps,13400.0,Rp,GLP02,BD-PIHPS
2021-11-18,1771,harga_pihps,17750.0,Rp,MGR01,BD-PIHPS
2021-11-18,1771,harga_pihps,17500.0,Rp,MGR02,BD-PIHPS
2021-11-18,1771,harga_pihps,17400.0,Rp,MGR03,BD-PIHPS
2021-11-18,1771,harga_pihps,23200.0,Rp,TLR01,BD-PIHPS
2021-11-18,1771,harga_pihps_grosir,9150.0,Rp,BRS01,BD-PIHPS
2021-11-18,1771,harga_pihps_grosir,10400.0,Rp,BRS02,BD-PIHPS
2021-11-18,1771,harga_pihps_grosir,11150.0,Rp,BRS03,BD-PIHPS
2021-11-18,1771,harga_pihps_grosir,10900.0,Rp,BRS04,BD-PIHPS
2021-11-18,1771,harga_pihps_grosir,11350.0,Rp,BRS05,BD-PIHPS
2021-11-18,1771,harga_pihps_grosir,11350.0,Rp,BRS06,BD-PIHPS
2021-11-18,1771,harga_pihps_grosir,20750.0,Rp,BWM01,BD-PIHPS
2021-11-18,1771,harga_pihps_grosir,22000.0,Rp,BWP01,BD-PIHPS
2021-11-18,1771,harga_pihps_grosir,38500.0,Rp,CMR01,BD-PIHPS
2021-11-18,1771,harga_pihps_grosir,45000.0,Rp,CMR02,BD-PIHPS
2021-11-18,1771,harga_pihps_grosir,31000.0,Rp,CRW01,BD-PIHPS
2021-11-18,1771,harga_pihps_grosir,27700.0,Rp,CRW02,BD-PIHPS
2021-11-18,1771,harga_pihps_grosir,28000.0,Rp,DAY01,BD-PIHPS
2021-11-18,1771,harga_pihps_grosir,120000.0,Rp,DSP01,BD-PIHPS
2021-11-18,1771,harga_pihps_grosir,120000.0,Rp,DSP02,BD-PIHPS
2021-11-18,1771,harga_pihps_grosir,12200.0,Rp,GLP01,BD-PIHPS
2021-11-18,1771,harga_pihps_grosir,16650.0,Rp,MGR01,BD-PIHPS
2021-11-18,1771,harga_pihps_grosir,16650.0,Rp,MGR02,BD-PIHPS
2021-11-18,1771,harga_pihps_grosir,16500.0,Rp,MGR03,BD-PIHPS
2021-11-18,1771,harga_pihps_grosir,19600.0,Rp,TLR01,BD-PIHPS
2021-11-18,1771,harga_pihps_modern,11100.0,Rp,BRS01,BD-PIHPS
2021-11-18,1771,harga_pihps_modern,12300.0,Rp,BRS02,BD-PIHPS
2021-11-18,1771,harga_pihps_modern,12600.0,Rp,BRS03,BD-PIHPS
2021-11-18,1771,harga_pihps_modern,12350.0,Rp,BRS04,BD-PIHPS
2021-11-18,1771,harga_pihps_modern,13450.0,Rp,BRS05,BD-PIHPS
2021-11-18,1771,harga_pihps_modern,15350.0,Rp,BRS06,BD-PIHPS
2021-11-18,1771,harga_pihps_modern,37950.0,Rp,BWM01,BD-PIHPS
2021-11-18,1771,harga_pihps_modern,32450.0,Rp,BWP01,BD-PIHPS
2021-11-18,1771,harga_pihps_modern,59950.0,Rp,CMR01,BD-PIHPS
2021-11-18,1771,harga_pihps_modern,51450.0,Rp,CMR02,BD-PIHPS
2021-11-18,1771,harga_pihps_modern,60950.0,Rp,CRW01,BD-PIHPS
2021-11-18,1771,harga_pihps_modern,72450.0,Rp,CRW02,BD-PIHPS
2021-11-18,1771,harga_pihps_modern,40200.0,Rp,DAY01,BD-PIHPS
2021-11-18,1771,harga_pihps_modern,127000.0,Rp,DSP01,BD-PIHPS
2021-11-18,1771,harga_pihps_modern,125950.0,Rp,DSP02,BD-PIHPS
2021-11-18,1771,harga_pihps_modern,12950.0,Rp,GLP01,BD-PIHPS
2021-11-18,1771,harga_pihps_modern,14250.0,Rp,GLP02,BD-PIHPS
2021-11-18,1771,harga_pihps_modern,17100.0,Rp,MGR02,BD-PIHPS
2021-11-18,1771,harga_pihps_modern,18250.0,Rp,MGR03,BD-PIHPS
2021-11-18,1771,harga_pihps_modern,31250.0,Rp,TLR01,BD-PIHPS
2021-11-18,1771,harga_pihps_produsen,8500.0,Rp,BRS01,BD-PIHPS
2021-11-18,1771,harga_pihps_produsen,8650.0,Rp,BRS03,BD-PIHPS
2021-11-18,1771,harga_pihps_produsen,9500.0,Rp,BRS04,BD-PIHPS
2021-11-18,1771,harga_pihps_produsen,11000.0,Rp,BRS05,BD-PIHPS
2021-11-18,1771,harga_pihps_produsen,16500.0,Rp,CMR01,BD-PIHPS
2021-11-18,1771,harga_pihps_produsen,29500.0,Rp,CMR02,BD-PIHPS
2021-11-18,1771,harga_pihps_produsen,20000.0,Rp,CRW01,BD-PIHPS
2021-11-18,1771,harga_pihps_produsen,23000.0,Rp,CRW02,BD-PIHPS
2021-11-18,1771,harga_pihps_produsen,19450.0,Rp,DAY01,BD-PIHPS
2021-11-18,1771,harga_pihps_produsen,120000.0,Rp,DSP01,BD-PIHPS
2021-11-18,1771,harga_pihps_produsen,120000.0,Rp,DSP02,BD-PIHPS
2021-11-18,1771,harga_pihps_produsen,17900.0,Rp,TLR01,BD-PIHPS
2021-11-19,1771,harga_pihps,9650.0,Rp,BRS01,BD-PIHPS
2021-11-19,1771,harga_pihps,11150.0,Rp,BRS02,BD-PIHPS
2021-11-19,1771,harga_pihps,11550.0,Rp,BRS03,BD-PIHPS
2021-11-19,1771,harga_pihps,11250.0,Rp,BRS04,BD-PIHPS
2021-11-19,1771,harga_pihps,11950.0,Rp,BRS05,BD-PIHPS
2021-11-19,1771,harga_pihps,12000.0,Rp,BRS06,BD-PIHPS
2021-11-19,1771,harga_pihps,26400.0,Rp,BWM01,BD-PIHPS
2021-11-19,1771,harga_pihps,26400.0,Rp,BWP01,BD-PIHPS
2021-11-19,1771,harga_pihps,41750.0,Rp,CMR01,BD-PIHPS
2021-11-19,1771,harga_pihps,48900.0,Rp,CMR02,BD-PIHPS
2021-11-19,1771,harga_pihps,31500.0,Rp,CRW01,BD-PIHPS
2021-11-19,1771,harga_pihps,27750.0,Rp,CRW02,BD-PIHPS
2021-11-19,1771,harga_pihps,31650.0,Rp,DAY01,BD-PIHPS
2021-11-19,1771,harga_pihps,123750.0,Rp,DSP01,BD-PIHPS
2021-11-19,1771,harga_pihps,123750.0,Rp,DSP02,BD-PIHPS
2021-11-19,1771,harga_pihps,12450.0,Rp,GLP01,BD-PIHPS
2021-11-19,1771,harga_pihps,13400.0,Rp,GLP02,BD-PIHPS
2021-11-19,1771,harga_pihps,17750.0,Rp,MGR01,BD-PIHPS
2021-11-19,1771,harga_pihps,17500.0,Rp,MGR02,BD-PIHPS
2021-11-19,1771,harga_pihps,17400.0,Rp,MGR03,BD-PIHPS
2021-11-19,1771,harga_pihps,23200.0,Rp,TLR01,BD-PIHPS
2021-11-19,1771,harga_pihps_grosir,9150.0,Rp,BRS01,BD-PIHPS
2021-11-19,1771,harga_pihps_grosir,10400.0,Rp,BRS02,BD-PIHPS
2021-11-19,1771,harga_pihps_grosir,11150.0,Rp,BRS03,BD-PIHPS
2021-11-19,1771,harga_pihps_grosir,10900.0,Rp,BRS04,BD-PIHPS
2021-11-19,1771,harga_pihps_grosir,11350.0,Rp,BRS05,BD-PIHPS
2021-11-19,1771,harga_pihps_grosir,11350.0,Rp,BRS06,BD-PIHPS
2021-11-19,1771,harga_pihps_grosir,20750.0,Rp,BWM01,BD-PIHPS
2021-11-19,1771,harga_pihps_grosir,22000.0,Rp,BWP01,BD-PIHPS
2021-11-19,1771,harga_pihps_grosir,38500.0,Rp,CMR01,BD-PIHPS
2021-11-19,1771,harga_pihps_grosir,45000.0,Rp,CMR02,BD-PIHPS
2021-11-19,1771,harga_pihps_grosir,31000.0,Rp,CRW01,BD-PIHPS
2021-11-19,1771,harga_pihps_grosir,27700.0,Rp,CRW02,BD-PIHPS
2021-11-19,1771,harga_pihps_grosir,28000.0,Rp,DAY01,BD-PIHPS
2021-11-19,1771,harga_pihps_grosir,120000.0,Rp,DSP01,BD-PIHPS
2021-11-19,1771,harga_pihps_grosir,120000.0,Rp,DSP02,BD-PIHPS
2021-11-19,1771,harga_pihps_grosir,12200.0,Rp,GLP01,BD-PIHPS
2021-11-19,1771,harga_pihps_grosir,16650.0,Rp,MGR01,BD-PIHPS
2021-11-19,1771,harga_pihps_grosir,16650.0,Rp,MGR02,BD-PIHPS
2021-11-19,1771,harga_pihps_grosir,16500.0,Rp,MGR03,BD-PIHPS
2021-11-19,1771,harga_pihps_grosir,19600.0,Rp,TLR01,BD-PIHPS
2021-11-19,1771,harga_pihps_modern,11100.0,Rp,BRS01,BD-PIHPS
2021-11-19,1771,harga_pihps_modern,12300.0,Rp,BRS02,BD-PIHPS
2021-11-19,1771,harga_pihps_modern,12600.0,Rp,BRS03,BD-PIHPS
2021-11-19,1771,harga_pihps_modern,12350.0,Rp,BRS04,BD-PIHPS
2021-11-19,1771,harga_pihps_modern,13450.0,Rp,BRS05,BD-PIHPS
2021-11-19,1771,harga_pihps_modern,15350.0,Rp,BRS06,BD-PIHPS
2021-11-19,1771,harga_pihps_modern,37950.0,Rp,BWM01,BD-PIHPS
2021-11-19,1771,harga_pihps_modern,32450.0,Rp,BWP01,BD-PIHPS
2021-11-19,1771,harga_pihps_modern,59950.0,Rp,CMR01,BD-PIHPS
2021-11-19,1771,harga_pihps_modern,51450.0,Rp,CMR02,BD-PIHPS
2021-11-19,1771,harga_pihps_modern,60950.0,Rp,CRW01,BD-PIHPS
2021-11-19,1771,harga_pihps_modern,72450.0,Rp,CRW02,BD-PIHPS
2021-11-19,1771,harga_pihps_modern,40200.0,Rp,DAY01,BD-PIHPS
2021-11-19,1771,harga_pihps_modern,127000.0,Rp,DSP01,BD-PIHPS
2021-11-19,1771,harga_pihps_modern,125950.0,Rp,DSP02,BD-PIHPS
2021-11-19,1771,harga_pihps_modern,12950.0,Rp,GLP01,BD-PIHPS
2021-11-19,1771,harga_pihps_modern,14250.0,Rp,GLP02,BD-PIHPS
2021-11-19,1771,harga_pihps_modern,17100.0,Rp,MGR02,BD-PIHPS
2021-11-19,1771,harga_pihps_modern,18250.0,Rp,MGR03,BD-PIHPS
2021-11-19,1771,harga_pihps_modern,31250.0,Rp,TLR01,BD-PIHPS
2021-11-19,1771,harga_pihps_produsen,9500.0,Rp,BRS01,BD-PIHPS
2021-11-19,1771,harga_pihps_produsen,8200.0,Rp,BRS03,BD-PIHPS
2021-11-19,1771,harga_pihps_produsen,8200.0,Rp,BRS04,BD-PIHPS
2021-11-19,1771,harga_pihps_produsen,11000.0,Rp,BRS05,BD-PIHPS
2021-11-19,1771,harga_pihps_produsen,8750.0,Rp,BRS06,BD-PIHPS
2021-11-19,1771,harga_pihps_produsen,33500.0,Rp,CMR02,BD-PIHPS
2021-11-19,1771,harga_pihps_produsen,20000.0,Rp,CRW01,BD-PIHPS
2021-11-19,1771,harga_pihps_produsen,19000.0,Rp,CRW02,BD-PIHPS
2021-11-19,1771,harga_pihps_produsen,19200.0,Rp,DAY01,BD-PIHPS
2021-11-19,1771,harga_pihps_produsen,120000.0,Rp,DSP01,BD-PIHPS
2021-11-19,1771,harga_pihps_produsen,120000.0,Rp,DSP02,BD-PIHPS
2021-11-19,1771,harga_pihps_produsen,19950.0,Rp,TLR01,BD-PIHPS
2021-11-22,1771,harga_pihps,9650.0,Rp,BRS01,BD-PIHPS
2021-11-22,1771,harga_pihps,11150.0,Rp,BRS02,BD-PIHPS
2021-11-22,1771,harga_pihps,11550.0,Rp,BRS03,BD-PIHPS
2021-11-22,1771,harga_pihps,11250.0,Rp,BRS04,BD-PIHPS
2021-11-22,1771,harga_pihps,11950.0,Rp,BRS05,BD-PIHPS
2021-11-22,1771,harga_pihps,12000.0,Rp,BRS06,BD-PIHPS
2021-11-22,1771,harga_pihps,26400.0,Rp,BWM01,BD-PIHPS
2021-11-22,1771,harga_pihps,26150.0,Rp,BWP01,BD-PIHPS
2021-11-22,1771,harga_pihps,39250.0,Rp,CMR01,BD-PIHPS
2021-11-22,1771,harga_pihps,46250.0,Rp,CMR02,BD-PIHPS
2021-11-22,1771,harga_pihps,32900.0,Rp,CRW01,BD-PIHPS
2021-11-22,1771,harga_pihps,28300.0,Rp,CRW02,BD-PIHPS
2021-11-22,1771,harga_pihps,32500.0,Rp,DAY01,BD-PIHPS
2021-11-22,1771,harga_pihps,123750.0,Rp,DSP01,BD-PIHPS
2021-11-22,1771,harga_pihps,123750.0,Rp,DSP02,BD-PIHPS
2021-11-22,1771,harga_pihps,12450.0,Rp,GLP01,BD-PIHPS
2021-11-22,1771,harga_pihps,13400.0,Rp,GLP02,BD-PIHPS
2021-11-22,1771,harga_pihps,17750.0,Rp,MGR01,BD-PIHPS
2021-11-22,1771,harga_pihps,17500.0,Rp,MGR02,BD-PIHPS
2021-11-22,1771,harga_pihps,17400.0,Rp,MGR03,BD-PIHPS
2021-11-22,1771,harga_pihps,23200.0,Rp,TLR01,BD-PIHPS
2021-11-22,1771,harga_pihps_grosir,9150.0,Rp,BRS01,BD-PIHPS
2021-11-22,1771,harga_pihps_grosir,10400.0,Rp,BRS02,BD-PIHPS
2021-11-22,1771,harga_pihps_grosir,11150.0,Rp,BRS03,BD-PIHPS
2021-11-22,1771,harga_pihps_grosir,10900.0,Rp,BRS04,BD-PIHPS
2021-11-22,1771,harga_pihps_grosir,11350.0,Rp,BRS05,BD-PIHPS
2021-11-22,1771,harga_pihps_grosir,11350.0,Rp,BRS06,BD-PIHPS
2021-11-22,1771,harga_pihps_grosir,20750.0,Rp,BWM01,BD-PIHPS
2021-11-22,1771,harga_pihps_grosir,22000.0,Rp,BWP01,BD-PIHPS
2021-11-22,1771,harga_pihps_grosir,38500.0,Rp,CMR01,BD-PIHPS
2021-11-22,1771,harga_pihps_grosir,45000.0,Rp,CMR02,BD-PIHPS
2021-11-22,1771,harga_pihps_grosir,31000.0,Rp,CRW01,BD-PIHPS
2021-11-22,1771,harga_pihps_grosir,27700.0,Rp,CRW02,BD-PIHPS
2021-11-22,1771,harga_pihps_grosir,28000.0,Rp,DAY01,BD-PIHPS
2021-11-22,1771,harga_pihps_grosir,120000.0,Rp,DSP01,BD-PIHPS
2021-11-22,1771,harga_pihps_grosir,120000.0,Rp,DSP02,BD-PIHPS
2021-11-22,1771,harga_pihps_grosir,12200.0,Rp,GLP01,BD-PIHPS
2021-11-22,1771,harga_pihps_grosir,16650.0,Rp,MGR01,BD-PIHPS
2021-11-22,1771,harga_pihps_grosir,16650.0,Rp,MGR02,BD-PIHPS
2021-11-22,1771,harga_pihps_grosir,16500.0,Rp,MGR03,BD-PIHPS
2021-11-22,1771,harga_pihps_grosir,19600.0,Rp,TLR01,BD-PIHPS
2021-11-22,1771,harga_pihps_modern,11100.0,Rp,BRS01,BD-PIHPS
2021-11-22,1771,harga_pihps_modern,12300.0,Rp,BRS02,BD-PIHPS
2021-11-22,1771,harga_pihps_modern,12600.0,Rp,BRS03,BD-PIHPS
2021-11-22,1771,harga_pihps_modern,12350.0,Rp,BRS04,BD-PIHPS
2021-11-22,1771,harga_pihps_modern,13450.0,Rp,BRS05,BD-PIHPS
2021-11-22,1771,harga_pihps_modern,15350.0,Rp,BRS06,BD-PIHPS
2021-11-22,1771,harga_pihps_modern,37950.0,Rp,BWM01,BD-PIHPS
2021-11-22,1771,harga_pihps_modern,32450.0,Rp,BWP01,BD-PIHPS
2021-11-22,1771,harga_pihps_modern,59950.0,Rp,CMR01,BD-PIHPS
2021-11-22,1771,harga_pihps_modern,51450.0,Rp,CMR02,BD-PIHPS
2021-11-22,1771,harga_pihps_modern,60950.0,Rp,CRW01,BD-PIHPS
2021-11-22,1771,harga_pihps_modern,72450.0,Rp,CRW02,BD-PIHPS
2021-11-22,1771,harga_pihps_modern,40200.0,Rp,DAY01,BD-PIHPS
2021-11-22,1771,harga_pihps_modern,127000.0,Rp,DSP01,BD-PIHPS
2021-11-22,1771,harga_pihps_modern,125950.0,Rp,DSP02,BD-PIHPS
2021-11-22,1771,harga_pihps_modern,12950.0,Rp,GLP01,BD-PIHPS
2021-11-22,1771,harga_pihps_modern,14250.0,Rp,GLP02,BD-PIHPS
2021-11-22,1771,harga_pihps_modern,17100.0,Rp,MGR02,BD-PIHPS
2021-11-22,1771,harga_pihps_modern,18250.0,Rp,MGR03,BD-PIHPS
2021-11-22,1771,harga_pihps_modern,31250.0,Rp,TLR01,BD-PIHPS
2021-11-22,1771,harga_pihps_produsen,9500.0,Rp,BRS01,BD-PIHPS
2021-11-22,1771,harga_pihps_produsen,8200.0,Rp,BRS03,BD-PIHPS
2021-11-22,1771,harga_pihps_produsen,8200.0,Rp,BRS04,BD-PIHPS
2021-11-22,1771,harga_pihps_produsen,9750.0,Rp,BRS05,BD-PIHPS
2021-11-22,1771,harga_pihps_produsen,8750.0,Rp,BRS06,BD-PIHPS
2021-11-22,1771,harga_pihps_produsen,25000.0,Rp,CMR01,BD-PIHPS
2021-11-22,1771,harga_pihps_produsen,32350.0,Rp,CMR02,BD-PIHPS
2021-11-22,1771,harga_pihps_produsen,20000.0,Rp,CRW01,BD-PIHPS
2021-11-22,1771,harga_pihps_produsen,21250.0,Rp,CRW02,BD-PIHPS
2021-11-22,1771,harga_pihps_produsen,19200.0,Rp,DAY01,BD-PIHPS
2021-11-22,1771,harga_pihps_produsen,120000.0,Rp,DSP01,BD-PIHPS
2021-11-22,1771,harga_pihps_produsen,120000.0,Rp,DSP02,BD-PIHPS
2021-11-22,1771,harga_pihps_produsen,19950.0,Rp,TLR01,BD-PIHPS
2021-11-23,1771,harga_pihps,9650.0,Rp,BRS01,BD-PIHPS
2021-11-23,1771,harga_pihps,11150.0,Rp,BRS02,BD-PIHPS
2021-11-23,1771,harga_pihps,11550.0,Rp,BRS03,BD-PIHPS
2021-11-23,1771,harga_pihps,11250.0,Rp,BRS04,BD-PIHPS
2021-11-23,1771,harga_pihps,11950.0,Rp,BRS05,BD-PIHPS
2021-11-23,1771,harga_pihps,12000.0,Rp,BRS06,BD-PIHPS
2021-11-23,1771,harga_pihps,26000.0,Rp,BWM01,BD-PIHPS
2021-11-23,1771,harga_pihps,25650.0,Rp,BWP01,BD-PIHPS
2021-11-23,1771,harga_pihps,37400.0,Rp,CMR01,BD-PIHPS
2021-11-23,1771,harga_pihps,44500.0,Rp,CMR02,BD-PIHPS
2021-11-23,1771,harga_pihps,33500.0,Rp,CRW01,BD-PIHPS
2021-11-23,1771,harga_pihps,28900.0,Rp,CRW02,BD-PIHPS
2021-11-23,1771,harga_pihps,32500.0,Rp,DAY01,BD-PIHPS
2021-11-23,1771,harga_pihps,123750.0,Rp,DSP01,BD-PIHPS
2021-11-23,1771,harga_pihps,123750.0,Rp,DSP02,BD-PIHPS
2021-11-23,1771,harga_pihps,12450.0,Rp,GLP01,BD-PIHPS
2021-11-23,1771,harga_pihps,13400.0,Rp,GLP02,BD-PIHPS
2021-11-23,1771,harga_pihps,17750.0,Rp,MGR01,BD-PIHPS
2021-11-23,1771,harga_pihps,17500.0,Rp,MGR02,BD-PIHPS
2021-11-23,1771,harga_pihps,17400.0,Rp,MGR03,BD-PIHPS
2021-11-23,1771,harga_pihps,23200.0,Rp,TLR01,BD-PIHPS
2021-11-23,1771,harga_pihps_grosir,9150.0,Rp,BRS01,BD-PIHPS
2021-11-23,1771,harga_pihps_grosir,10400.0,Rp,BRS02,BD-PIHPS
2021-11-23,1771,harga_pihps_grosir,11150.0,Rp,BRS03,BD-PIHPS
2021-11-23,1771,harga_pihps_grosir,10900.0,Rp,BRS04,BD-PIHPS
2021-11-23,1771,harga_pihps_grosir,11350.0,Rp,BRS05,BD-PIHPS
2021-11-23,1771,harga_pihps_grosir,11350.0,Rp,BRS06,BD-PIHPS
2021-11-23,1771,harga_pihps_grosir,20800.0,Rp,BWM01,BD-PIHPS
2021-11-23,1771,harga_pihps_grosir,22250.0,Rp,BWP01,BD-PIHPS
2021-11-23,1771,harga_pihps_grosir,35500.0,Rp,CMR01,BD-PIHPS
2021-11-23,1771,harga_pihps_grosir,43000.0,Rp,CMR02,BD-PIHPS
2021-11-23,1771,harga_pihps_grosir,33000.0,Rp,CRW01,BD-PIHPS
2021-11-23,1771,harga_pihps_grosir,29300.0,Rp,CRW02,BD-PIHPS
2021-11-23,1771,harga_pihps_grosir,28000.0,Rp,DAY01,BD-PIHPS
2021-11-23,1771,harga_pihps_grosir,120000.0,Rp,DSP01,BD-PIHPS
2021-11-23,1771,harga_pihps_grosir,120000.0,Rp,DSP02,BD-PIHPS
2021-11-23,1771,harga_pihps_grosir,12200.0,Rp,GLP01,BD-PIHPS
2021-11-23,1771,harga_pihps_grosir,16650.0,Rp,MGR01,BD-PIHPS
2021-11-23,1771,harga_pihps_grosir,16650.0,Rp,MGR02,BD-PIHPS
2021-11-23,1771,harga_pihps_grosir,16500.0,Rp,MGR03,BD-PIHPS
2021-11-23,1771,harga_pihps_grosir,19600.0,Rp,TLR01,BD-PIHPS
2021-11-23,1771,harga_pihps_modern,11100.0,Rp,BRS01,BD-PIHPS
2021-11-23,1771,harga_pihps_modern,12300.0,Rp,BRS02,BD-PIHPS
2021-11-23,1771,harga_pihps_modern,12600.0,Rp,BRS03,BD-PIHPS
2021-11-23,1771,harga_pihps_modern,12350.0,Rp,BRS04,BD-PIHPS
2021-11-23,1771,harga_pihps_modern,13450.0,Rp,BRS05,BD-PIHPS
2021-11-23,1771,harga_pihps_modern,15350.0,Rp,BRS06,BD-PIHPS
2021-11-23,1771,harga_pihps_modern,37950.0,Rp,BWM01,BD-PIHPS
2021-11-23,1771,harga_pihps_modern,32450.0,Rp,BWP01,BD-PIHPS
2021-11-23,1771,harga_pihps_modern,59950.0,Rp,CMR01,BD-PIHPS
2021-11-23,1771,harga_pihps_modern,65450.0,Rp,CMR02,BD-PIHPS
2021-11-23,1771,harga_pihps_modern,60950.0,Rp,CRW01,BD-PIHPS
2021-11-23,1771,harga_pihps_modern,72450.0,Rp,CRW02,BD-PIHPS
2021-11-23,1771,harga_pihps_modern,40200.0,Rp,DAY01,BD-PIHPS
2021-11-23,1771,harga_pihps_modern,127000.0,Rp,DSP01,BD-PIHPS
2021-11-23,1771,harga_pihps_modern,143000.0,Rp,DSP02,BD-PIHPS
2021-11-23,1771,harga_pihps_modern,12950.0,Rp,GLP01,BD-PIHPS
2021-11-23,1771,harga_pihps_modern,14250.0,Rp,GLP02,BD-PIHPS
2021-11-23,1771,harga_pihps_modern,17100.0,Rp,MGR02,BD-PIHPS
2021-11-23,1771,harga_pihps_modern,18250.0,Rp,MGR03,BD-PIHPS
2021-11-23,1771,harga_pihps_modern,31250.0,Rp,TLR01,BD-PIHPS
2021-11-23,1771,harga_pihps_produsen,9500.0,Rp,BRS01,BD-PIHPS
2021-11-23,1771,harga_pihps_produsen,8200.0,Rp,BRS03,BD-PIHPS
2021-11-23,1771,harga_pihps_produsen,8200.0,Rp,BRS04,BD-PIHPS
2021-11-23,1771,harga_pihps_produsen,9750.0,Rp,BRS05,BD-PIHPS
2021-11-23,1771,harga_pihps_produsen,8750.0,Rp,BRS06,BD-PIHPS
2021-11-23,1771,harga_pihps_produsen,25000.0,Rp,CMR01,BD-PIHPS
2021-11-23,1771,harga_pihps_produsen,32350.0,Rp,CMR02,BD-PIHPS
2021-11-23,1771,harga_pihps_produsen,20000.0,Rp,CRW01,BD-PIHPS
2021-11-23,1771,harga_pihps_produsen,21250.0,Rp,CRW02,BD-PIHPS
2021-11-23,1771,harga_pihps_produsen,19200.0,Rp,DAY01,BD-PIHPS
2021-11-23,1771,harga_pihps_produsen,120000.0,Rp,DSP01,BD-PIHPS
2021-11-23,1771,harga_pihps_produsen,120000.0,Rp,DSP02,BD-PIHPS
2021-11-23,1771,harga_pihps_produsen,20000.0,Rp,TLR01,BD-PIHPS
2021-11-24,1771,harga_pihps,9650.0,Rp,BRS01,BD-PIHPS
2021-11-24,1771,harga_pihps,11150.0,Rp,BRS02,BD-PIHPS
2021-11-24,1771,harga_pihps,11550.0,Rp,BRS03,BD-PIHPS
2021-11-24,1771,harga_pihps,11250.0,Rp,BRS04,BD-PIHPS
2021-11-24,1771,harga_pihps,11950.0,Rp,BRS05,BD-PIHPS
2021-11-24,1771,harga_pihps,12000.0,Rp,BRS06,BD-PIHPS
2021-11-24,1771,harga_pihps,25150.0,Rp,BWM01,BD-PIHPS
2021-11-24,1771,harga_pihps,25250.0,Rp,BWP01,BD-PIHPS
2021-11-24,1771,harga_pihps,36750.0,Rp,CMR01,BD-PIHPS
2021-11-24,1771,harga_pihps,43150.0,Rp,CMR02,BD-PIHPS
2021-11-24,1771,harga_pihps,35150.0,Rp,CRW01,BD-PIHPS
2021-11-24,1771,harga_pihps,28900.0,Rp,CRW02,BD-PIHPS
2021-11-24,1771,harga_pihps,33250.0,Rp,DAY01,BD-PIHPS
2021-11-24,1771,harga_pihps,123750.0,Rp,DSP01,BD-PIHPS
2021-11-24,1771,harga_pihps,123750.0,Rp,DSP02,BD-PIHPS
2021-11-24,1771,harga_pihps,12550.0,Rp,GLP01,BD-PIHPS
2021-11-24,1771,harga_pihps,13400.0,Rp,GLP02,BD-PIHPS
2021-11-24,1771,harga_pihps,17900.0,Rp,MGR01,BD-PIHPS
2021-11-24,1771,harga_pihps,17700.0,Rp,MGR02,BD-PIHPS
2021-11-24,1771,harga_pihps,17500.0,Rp,MGR03,BD-PIHPS
2021-11-24,1771,harga_pihps,23200.0,Rp,TLR01,BD-PIHPS
2021-11-24,1771,harga_pihps_grosir,9150.0,Rp,BRS01,BD-PIHPS
2021-11-24,1771,harga_pihps_grosir,10400.0,Rp,BRS02,BD-PIHPS
2021-11-24,1771,harga_pihps_grosir,11150.0,Rp,BRS03,BD-PIHPS
2021-11-24,1771,harga_pihps_grosir,10900.0,Rp,BRS04,BD-PIHPS
2021-11-24,1771,harga_pihps_grosir,11350.0,Rp,BRS05,BD-PIHPS
2021-11-24,1771,harga_pihps_grosir,11350.0,Rp,BRS06,BD-PIHPS
2021-11-24,1771,harga_pihps_grosir,20800.0,Rp,BWM01,BD-PIHPS
2021-11-24,1771,harga_pihps_grosir,22250.0,Rp,BWP01,BD-PIHPS
2021-11-24,1771,harga_pihps_grosir,35500.0,Rp,CMR01,BD-PIHPS
2021-11-24,1771,harga_pihps_grosir,43000.0,Rp,CMR02,BD-PIHPS
2021-11-24,1771,harga_pihps_grosir,33000.0,Rp,CRW01,BD-PIHPS
2021-11-24,1771,harga_pihps_grosir,29300.0,Rp,CRW02,BD-PIHPS
2021-11-24,1771,harga_pihps_grosir,28000.0,Rp,DAY01,BD-PIHPS
2021-11-24,1771,harga_pihps_grosir,120000.0,Rp,DSP01,BD-PIHPS
2021-11-24,1771,harga_pihps_grosir,120000.0,Rp,DSP02,BD-PIHPS
2021-11-24,1771,harga_pihps_grosir,12200.0,Rp,GLP01,BD-PIHPS
2021-11-24,1771,harga_pihps_grosir,16650.0,Rp,MGR01,BD-PIHPS
2021-11-24,1771,harga_pihps_grosir,16650.0,Rp,MGR02,BD-PIHPS
2021-11-24,1771,harga_pihps_grosir,16500.0,Rp,MGR03,BD-PIHPS
2021-11-24,1771,harga_pihps_grosir,19600.0,Rp,TLR01,BD-PIHPS
2021-11-24,1771,harga_pihps_modern,11100.0,Rp,BRS01,BD-PIHPS
2021-11-24,1771,harga_pihps_modern,12300.0,Rp,BRS02,BD-PIHPS
2021-11-24,1771,harga_pihps_modern,12600.0,Rp,BRS03,BD-PIHPS
2021-11-24,1771,harga_pihps_modern,12350.0,Rp,BRS04,BD-PIHPS
2021-11-24,1771,harga_pihps_modern,13450.0,Rp,BRS05,BD-PIHPS
2021-11-24,1771,harga_pihps_modern,15350.0,Rp,BRS06,BD-PIHPS
2021-11-24,1771,harga_pihps_modern,37950.0,Rp,BWM01,BD-PIHPS
2021-11-24,1771,harga_pihps_modern,32450.0,Rp,BWP01,BD-PIHPS
2021-11-24,1771,harga_pihps_modern,59950.0,Rp,CMR01,BD-PIHPS
2021-11-24,1771,harga_pihps_modern,65450.0,Rp,CMR02,BD-PIHPS
2021-11-24,1771,harga_pihps_modern,60950.0,Rp,CRW01,BD-PIHPS
2021-11-24,1771,harga_pihps_modern,72450.0,Rp,CRW02,BD-PIHPS
2021-11-24,1771,harga_pihps_modern,40200.0,Rp,DAY01,BD-PIHPS
2021-11-24,1771,harga_pihps_modern,127000.0,Rp,DSP01,BD-PIHPS
2021-11-24,1771,harga_pihps_modern,143000.0,Rp,DSP02,BD-PIHPS
2021-11-24,1771,harga_pihps_modern,12950.0,Rp,GLP01,BD-PIHPS
2021-11-24,1771,harga_pihps_modern,14250.0,Rp,GLP02,BD-PIHPS
2021-11-24,1771,harga_pihps_modern,17100.0,Rp,MGR02,BD-PIHPS
2021-11-24,1771,harga_pihps_modern,18250.0,Rp,MGR03,BD-PIHPS
2021-11-24,1771,harga_pihps_modern,31250.0,Rp,TLR01,BD-PIHPS
2021-11-24,1771,harga_pihps_produsen,9500.0,Rp,BRS01,BD-PIHPS
2021-11-24,1771,harga_pihps_produsen,8200.0,Rp,BRS03,BD-PIHPS
2021-11-24,1771,harga_pihps_produsen,8200.0,Rp,BRS04,BD-PIHPS
2021-11-24,1771,harga_pihps_produsen,9750.0,Rp,BRS05,BD-PIHPS
2021-11-24,1771,harga_pihps_produsen,8750.0,Rp,BRS06,BD-PIHPS
2021-11-24,1771,harga_pihps_produsen,25000.0,Rp,CMR01,BD-PIHPS
2021-11-24,1771,harga_pihps_produsen,32350.0,Rp,CMR02,BD-PIHPS
2021-11-24,1771,harga_pihps_produsen,20000.0,Rp,CRW01,BD-PIHPS
2021-11-24,1771,harga_pihps_produsen,20000.0,Rp,CRW02,BD-PIHPS
2021-11-24,1771,harga_pihps_produsen,19200.0,Rp,DAY01,BD-PIHPS
2021-11-24,1771,harga_pihps_produsen,120000.0,Rp,DSP01,BD-PIHPS
2021-11-24,1771,harga_pihps_produsen,120000.0,Rp,DSP02,BD-PIHPS
2021-11-24,1771,harga_pihps_produsen,20000.0,Rp,TLR01,BD-PIHPS
2021-11-25,1771,harga_pihps,9650.0,Rp,BRS01,BD-PIHPS
2021-11-25,1771,harga_pihps,11150.0,Rp,BRS02,BD-PIHPS
2021-11-25,1771,harga_pihps,11550.0,Rp,BRS03,BD-PIHPS
2021-11-25,1771,harga_pihps,11250.0,Rp,BRS04,BD-PIHPS
2021-11-25,1771,harga_pihps,11950.0,Rp,BRS05,BD-PIHPS
2021-11-25,1771,harga_pihps,12000.0,Rp,BRS06,BD-PIHPS
2021-11-25,1771,harga_pihps,25000.0,Rp,BWM01,BD-PIHPS
2021-11-25,1771,harga_pihps,25500.0,Rp,BWP01,BD-PIHPS
2021-11-25,1771,harga_pihps,36750.0,Rp,CMR01,BD-PIHPS
2021-11-25,1771,harga_pihps,42500.0,Rp,CMR02,BD-PIHPS
2021-11-25,1771,harga_pihps,36750.0,Rp,CRW01,BD-PIHPS
2021-11-25,1771,harga_pihps,28900.0,Rp,CRW02,BD-PIHPS
2021-11-25,1771,harga_pihps,33900.0,Rp,DAY01,BD-PIHPS
2021-11-25,1771,harga_pihps,123750.0,Rp,DSP01,BD-PIHPS
2021-11-25,1771,harga_pihps,123750.0,Rp,DSP02,BD-PIHPS
2021-11-25,1771,harga_pihps,12550.0,Rp,GLP01,BD-PIHPS
2021-11-25,1771,harga_pihps,13400.0,Rp,GLP02,BD-PIHPS
2021-11-25,1771,harga_pihps,17900.0,Rp,MGR01,BD-PIHPS
2021-11-25,1771,harga_pihps,17700.0,Rp,MGR02,BD-PIHPS
2021-11-25,1771,harga_pihps,17500.0,Rp,MGR03,BD-PIHPS
2021-11-25,1771,harga_pihps,23200.0,Rp,TLR01,BD-PIHPS
2021-11-25,1771,harga_pihps_grosir,9150.0,Rp,BRS01,BD-PIHPS
2021-11-25,1771,harga_pihps_grosir,10400.0,Rp,BRS02,BD-PIHPS
2021-11-25,1771,harga_pihps_grosir,11150.0,Rp,BRS03,BD-PIHPS
2021-11-25,1771,harga_pihps_grosir,10900.0,Rp,BRS04,BD-PIHPS
2021-11-25,1771,harga_pihps_grosir,11350.0,Rp,BRS05,BD-PIHPS
2021-11-25,1771,harga_pihps_grosir,11350.0,Rp,BRS06,BD-PIHPS
2021-11-25,1771,harga_pihps_grosir,20800.0,Rp,BWM01,BD-PIHPS
2021-11-25,1771,harga_pihps_grosir,22250.0,Rp,BWP01,BD-PIHPS
2021-11-25,1771,harga_pihps_grosir,35500.0,Rp,CMR01,BD-PIHPS
2021-11-25,1771,harga_pihps_grosir,43000.0,Rp,CMR02,BD-PIHPS
2021-11-25,1771,harga_pihps_grosir,33000.0,Rp,CRW01,BD-PIHPS
2021-11-25,1771,harga_pihps_grosir,29300.0,Rp,CRW02,BD-PIHPS
2021-11-25,1771,harga_pihps_grosir,28000.0,Rp,DAY01,BD-PIHPS
2021-11-25,1771,harga_pihps_grosir,120000.0,Rp,DSP01,BD-PIHPS
2021-11-25,1771,harga_pihps_grosir,120000.0,Rp,DSP02,BD-PIHPS
2021-11-25,1771,harga_pihps_grosir,12200.0,Rp,GLP01,BD-PIHPS
2021-11-25,1771,harga_pihps_grosir,16650.0,Rp,MGR01,BD-PIHPS
2021-11-25,1771,harga_pihps_grosir,16650.0,Rp,MGR02,BD-PIHPS
2021-11-25,1771,harga_pihps_grosir,16500.0,Rp,MGR03,BD-PIHPS
2021-11-25,1771,harga_pihps_grosir,19600.0,Rp,TLR01,BD-PIHPS
2021-11-25,1771,harga_pihps_modern,11100.0,Rp,BRS01,BD-PIHPS
2021-11-25,1771,harga_pihps_modern,12300.0,Rp,BRS02,BD-PIHPS
2021-11-25,1771,harga_pihps_modern,12600.0,Rp,BRS03,BD-PIHPS
2021-11-25,1771,harga_pihps_modern,12350.0,Rp,BRS04,BD-PIHPS
2021-11-25,1771,harga_pihps_modern,13450.0,Rp,BRS05,BD-PIHPS
2021-11-25,1771,harga_pihps_modern,15350.0,Rp,BRS06,BD-PIHPS
2021-11-25,1771,harga_pihps_modern,37950.0,Rp,BWM01,BD-PIHPS
2021-11-25,1771,harga_pihps_modern,32450.0,Rp,BWP01,BD-PIHPS
2021-11-25,1771,harga_pihps_modern,59950.0,Rp,CMR01,BD-PIHPS
2021-11-25,1771,harga_pihps_modern,65450.0,Rp,CMR02,BD-PIHPS
2021-11-25,1771,harga_pihps_modern,60950.0,Rp,CRW01,BD-PIHPS
2021-11-25,1771,harga_pihps_modern,72450.0,Rp,CRW02,BD-PIHPS
2021-11-25,1771,harga_pihps_modern,40200.0,Rp,DAY01,BD-PIHPS
2021-11-25,1771,harga_pihps_modern,127000.0,Rp,DSP01,BD-PIHPS
2021-11-25,1771,harga_pihps_modern,143000.0,Rp,DSP02,BD-PIHPS
2021-11-25,1771,harga_pihps_modern,12950.0,Rp,GLP01,BD-PIHPS
2021-11-25,1771,harga_pihps_modern,14250.0,Rp,GLP02,BD-PIHPS
2021-11-25,1771,harga_pihps_modern,17100.0,Rp,MGR02,BD-PIHPS
2021-11-25,1771,harga_pihps_modern,18250.0,Rp,MGR03,BD-PIHPS
2021-11-25,1771,harga_pihps_modern,31250.0,Rp,TLR01,BD-PIHPS
2021-11-25,1771,harga_pihps_produsen,9500.0,Rp,BRS01,BD-PIHPS
2021-11-25,1771,harga_pihps_produsen,8200.0,Rp,BRS03,BD-PIHPS
2021-11-25,1771,harga_pihps_produsen,8200.0,Rp,BRS04,BD-PIHPS
2021-11-25,1771,harga_pihps_produsen,9750.0,Rp,BRS05,BD-PIHPS
2021-11-25,1771,harga_pihps_produsen,8750.0,Rp,BRS06,BD-PIHPS
2021-11-25,1771,harga_pihps_produsen,25000.0,Rp,CMR01,BD-PIHPS
2021-11-25,1771,harga_pihps_produsen,32350.0,Rp,CMR02,BD-PIHPS
2021-11-25,1771,harga_pihps_produsen,20000.0,Rp,CRW01,BD-PIHPS
2021-11-25,1771,harga_pihps_produsen,20000.0,Rp,CRW02,BD-PIHPS
2021-11-25,1771,harga_pihps_produsen,19200.0,Rp,DAY01,BD-PIHPS
2021-11-25,1771,harga_pihps_produsen,120000.0,Rp,DSP01,BD-PIHPS
2021-11-25,1771,harga_pihps_produsen,120000.0,Rp,DSP02,BD-PIHPS
2021-11-25,1771,harga_pihps_produsen,20000.0,Rp,TLR01,BD-PIHPS
2021-11-26,1771,harga_pihps,9650.0,Rp,BRS01,BD-PIHPS
2021-11-26,1771,harga_pihps,11150.0,Rp,BRS02,BD-PIHPS
2021-11-26,1771,harga_pihps,11550.0,Rp,BRS03,BD-PIHPS
2021-11-26,1771,harga_pihps,11250.0,Rp,BRS04,BD-PIHPS
2021-11-26,1771,harga_pihps,11950.0,Rp,BRS05,BD-PIHPS
2021-11-26,1771,harga_pihps,12000.0,Rp,BRS06,BD-PIHPS
2021-11-26,1771,harga_pihps,24500.0,Rp,BWM01,BD-PIHPS
2021-11-26,1771,harga_pihps,25400.0,Rp,BWP01,BD-PIHPS
2021-11-26,1771,harga_pihps,35150.0,Rp,CMR01,BD-PIHPS
2021-11-26,1771,harga_pihps,40150.0,Rp,CMR02,BD-PIHPS
2021-11-26,1771,harga_pihps,37000.0,Rp,CRW01,BD-PIHPS
2021-11-26,1771,harga_pihps,30100.0,Rp,CRW02,BD-PIHPS
2021-11-26,1771,harga_pihps,34500.0,Rp,DAY01,BD-PIHPS
2021-11-26,1771,harga_pihps,123750.0,Rp,DSP01,BD-PIHPS
2021-11-26,1771,harga_pihps,123750.0,Rp,DSP02,BD-PIHPS
2021-11-26,1771,harga_pihps,12550.0,Rp,GLP01,BD-PIHPS
2021-11-26,1771,harga_pihps,13400.0,Rp,GLP02,BD-PIHPS
2021-11-26,1771,harga_pihps,17900.0,Rp,MGR01,BD-PIHPS
2021-11-26,1771,harga_pihps,17800.0,Rp,MGR02,BD-PIHPS
2021-11-26,1771,harga_pihps,17800.0,Rp,MGR03,BD-PIHPS
2021-11-26,1771,harga_pihps,23200.0,Rp,TLR01,BD-PIHPS
2021-11-26,1771,harga_pihps_grosir,9150.0,Rp,BRS01,BD-PIHPS
2021-11-26,1771,harga_pihps_grosir,10400.0,Rp,BRS02,BD-PIHPS
2021-11-26,1771,harga_pihps_grosir,11150.0,Rp,BRS03,BD-PIHPS
2021-11-26,1771,harga_pihps_grosir,10900.0,Rp,BRS04,BD-PIHPS
2021-11-26,1771,harga_pihps_grosir,11350.0,Rp,BRS05,BD-PIHPS
2021-11-26,1771,harga_pihps_grosir,11350.0,Rp,BRS06,BD-PIHPS
2021-11-26,1771,harga_pihps_grosir,20800.0,Rp,BWM01,BD-PIHPS
2021-11-26,1771,harga_pihps_grosir,22250.0,Rp,BWP01,BD-PIHPS
2021-11-26,1771,harga_pihps_grosir,35500.0,Rp,CMR01,BD-PIHPS
2021-11-26,1771,harga_pihps_grosir,43000.0,Rp,CMR02,BD-PIHPS
2021-11-26,1771,harga_pihps_grosir,33000.0,Rp,CRW01,BD-PIHPS
2021-11-26,1771,harga_pihps_grosir,29300.0,Rp,CRW02,BD-PIHPS
2021-11-26,1771,harga_pihps_grosir,28000.0,Rp,DAY01,BD-PIHPS
2021-11-26,1771,harga_pihps_grosir,120000.0,Rp,DSP01,BD-PIHPS
2021-11-26,1771,harga_pihps_grosir,120000.0,Rp,DSP02,BD-PIHPS
2021-11-26,1771,harga_pihps_grosir,12200.0,Rp,GLP01,BD-PIHPS
2021-11-26,1771,harga_pihps_grosir,16650.0,Rp,MGR01,BD-PIHPS
2021-11-26,1771,harga_pihps_grosir,16650.0,Rp,MGR02,BD-PIHPS
2021-11-26,1771,harga_pihps_grosir,16500.0,Rp,MGR03,BD-PIHPS
2021-11-26,1771,harga_pihps_grosir,19600.0,Rp,TLR01,BD-PIHPS
2021-11-26,1771,harga_pihps_modern,11100.0,Rp,BRS01,BD-PIHPS
2021-11-26,1771,harga_pihps_modern,12300.0,Rp,BRS02,BD-PIHPS
2021-11-26,1771,harga_pihps_modern,12600.0,Rp,BRS03,BD-PIHPS
2021-11-26,1771,harga_pihps_modern,12350.0,Rp,BRS04,BD-PIHPS
2021-11-26,1771,harga_pihps_modern,13450.0,Rp,BRS05,BD-PIHPS
2021-11-26,1771,harga_pihps_modern,15350.0,Rp,BRS06,BD-PIHPS
2021-11-26,1771,harga_pihps_modern,37950.0,Rp,BWM01,BD-PIHPS
2021-11-26,1771,harga_pihps_modern,32450.0,Rp,BWP01,BD-PIHPS
2021-11-26,1771,harga_pihps_modern,59950.0,Rp,CMR01,BD-PIHPS
2021-11-26,1771,harga_pihps_modern,65450.0,Rp,CMR02,BD-PIHPS
2021-11-26,1771,harga_pihps_modern,60950.0,Rp,CRW01,BD-PIHPS
2021-11-26,1771,harga_pihps_modern,72450.0,Rp,CRW02,BD-PIHPS
2021-11-26,1771,harga_pihps_modern,40200.0,Rp,DAY01,BD-PIHPS
2021-11-26,1771,harga_pihps_modern,127000.0,Rp,DSP01,BD-PIHPS
2021-11-26,1771,harga_pihps_modern,143000.0,Rp,DSP02,BD-PIHPS
2021-11-26,1771,harga_pihps_modern,12950.0,Rp,GLP01,BD-PIHPS
2021-11-26,1771,harga_pihps_modern,14250.0,Rp,GLP02,BD-PIHPS
2021-11-26,1771,harga_pihps_modern,17100.0,Rp,MGR02,BD-PIHPS
2021-11-26,1771,harga_pihps_modern,18250.0,Rp,MGR03,BD-PIHPS
2021-11-26,1771,harga_pihps_modern,31250.0,Rp,TLR01,BD-PIHPS
2021-11-26,1771,harga_pihps_produsen,9500.0,Rp,BRS01,BD-PIHPS
2021-11-26,1771,harga_pihps_produsen,8200.0,Rp,BRS03,BD-PIHPS
2021-11-26,1771,harga_pihps_produsen,8200.0,Rp,BRS04,BD-PIHPS
2021-11-26,1771,harga_pihps_produsen,9750.0,Rp,BRS05,BD-PIHPS
2021-11-26,1771,harga_pihps_produsen,8750.0,Rp,BRS06,BD-PIHPS
2021-11-26,1771,harga_pihps_produsen,25000.0,Rp,CMR01,BD-PIHPS
2021-11-26,1771,harga_pihps_produsen,32350.0,Rp,CMR02,BD-PIHPS
2021-11-26,1771,harga_pihps_produsen,20000.0,Rp,CRW01,BD-PIHPS
2021-11-26,1771,harga_pihps_produsen,20000.0,Rp,CRW02,BD-PIHPS
2021-11-26,1771,harga_pihps_produsen,19200.0,Rp,DAY01,BD-PIHPS
2021-11-26,1771,harga_pihps_produsen,120000.0,Rp,DSP01,BD-PIHPS
2021-11-26,1771,harga_pihps_produsen,120000.0,Rp,DSP02,BD-PIHPS
2021-11-26,1771,harga_pihps_produsen,20000.0,Rp,TLR01,BD-PIHPS
2021-11-29,1771,harga_pihps,9650.0,Rp,BRS01,BD-PIHPS
2021-11-29,1771,harga_pihps,11150.0,Rp,BRS02,BD-PIHPS
2021-11-29,1771,harga_pihps,11550.0,Rp,BRS03,BD-PIHPS
2021-11-29,1771,harga_pihps,11250.0,Rp,BRS04,BD-PIHPS
2021-11-29,1771,harga_pihps,11950.0,Rp,BRS05,BD-PIHPS
2021-11-29,1771,harga_pihps,12000.0,Rp,BRS06,BD-PIHPS
2021-11-29,1771,harga_pihps,23650.0,Rp,BWM01,BD-PIHPS
2021-11-29,1771,harga_pihps,25250.0,Rp,BWP01,BD-PIHPS
2021-11-29,1771,harga_pihps,33400.0,Rp,CMR01,BD-PIHPS
2021-11-29,1771,harga_pihps,38150.0,Rp,CMR02,BD-PIHPS
2021-11-29,1771,harga_pihps,36500.0,Rp,CRW01,BD-PIHPS
2021-11-29,1771,harga_pihps,29150.0,Rp,CRW02,BD-PIHPS
2021-11-29,1771,harga_pihps,35150.0,Rp,DAY01,BD-PIHPS
2021-11-29,1771,harga_pihps,123750.0,Rp,DSP01,BD-PIHPS
2021-11-29,1771,harga_pihps,123750.0,Rp,DSP02,BD-PIHPS
2021-11-29,1771,harga_pihps,12550.0,Rp,GLP01,BD-PIHPS
2021-11-29,1771,harga_pihps,13400.0,Rp,GLP02,BD-PIHPS
2021-11-29,1771,harga_pihps,17900.0,Rp,MGR01,BD-PIHPS
2021-11-29,1771,harga_pihps,17800.0,Rp,MGR02,BD-PIHPS
2021-11-29,1771,harga_pihps,17800.0,Rp,MGR03,BD-PIHPS
2021-11-29,1771,harga_pihps,23200.0,Rp,TLR01,BD-PIHPS
2021-11-29,1771,harga_pihps_grosir,9150.0,Rp,BRS01,BD-PIHPS
2021-11-29,1771,harga_pihps_grosir,10400.0,Rp,BRS02,BD-PIHPS
2021-11-29,1771,harga_pihps_grosir,11150.0,Rp,BRS03,BD-PIHPS
2021-11-29,1771,harga_pihps_grosir,10900.0,Rp,BRS04,BD-PIHPS
2021-11-29,1771,harga_pihps_grosir,11350.0,Rp,BRS05,BD-PIHPS
2021-11-29,1771,harga_pihps_grosir,11350.0,Rp,BRS06,BD-PIHPS
2021-11-29,1771,harga_pihps_grosir,20800.0,Rp,BWM01,BD-PIHPS
2021-11-29,1771,harga_pihps_grosir,22250.0,Rp,BWP01,BD-PIHPS
2021-11-29,1771,harga_pihps_grosir,35500.0,Rp,CMR01,BD-PIHPS
2021-11-29,1771,harga_pihps_grosir,43000.0,Rp,CMR02,BD-PIHPS
2021-11-29,1771,harga_pihps_grosir,33000.0,Rp,CRW01,BD-PIHPS
2021-11-29,1771,harga_pihps_grosir,29300.0,Rp,CRW02,BD-PIHPS
2021-11-29,1771,harga_pihps_grosir,28000.0,Rp,DAY01,BD-PIHPS
2021-11-29,1771,harga_pihps_grosir,120000.0,Rp,DSP01,BD-PIHPS
2021-11-29,1771,harga_pihps_grosir,120000.0,Rp,DSP02,BD-PIHPS
2021-11-29,1771,harga_pihps_grosir,12200.0,Rp,GLP01,BD-PIHPS
2021-11-29,1771,harga_pihps_grosir,16650.0,Rp,MGR01,BD-PIHPS
2021-11-29,1771,harga_pihps_grosir,16650.0,Rp,MGR02,BD-PIHPS
2021-11-29,1771,harga_pihps_grosir,16500.0,Rp,MGR03,BD-PIHPS
2021-11-29,1771,harga_pihps_grosir,19600.0,Rp,TLR01,BD-PIHPS
2021-11-29,1771,harga_pihps_modern,11100.0,Rp,BRS01,BD-PIHPS
2021-11-29,1771,harga_pihps_modern,12300.0,Rp,BRS02,BD-PIHPS
2021-11-29,1771,harga_pihps_modern,12600.0,Rp,BRS03,BD-PIHPS
2021-11-29,1771,harga_pihps_modern,12350.0,Rp,BRS04,BD-PIHPS
2021-11-29,1771,harga_pihps_modern,13450.0,Rp,BRS05,BD-PIHPS
2021-11-29,1771,harga_pihps_modern,15350.0,Rp,BRS06,BD-PIHPS
2021-11-29,1771,harga_pihps_modern,37950.0,Rp,BWM01,BD-PIHPS
2021-11-29,1771,harga_pihps_modern,32450.0,Rp,BWP01,BD-PIHPS
2021-11-29,1771,harga_pihps_modern,59950.0,Rp,CMR01,BD-PIHPS
2021-11-29,1771,harga_pihps_modern,65450.0,Rp,CMR02,BD-PIHPS
2021-11-29,1771,harga_pihps_modern,60950.0,Rp,CRW01,BD-PIHPS
2021-11-29,1771,harga_pihps_modern,72450.0,Rp,CRW02,BD-PIHPS
2021-11-29,1771,harga_pihps_modern,40200.0,Rp,DAY01,BD-PIHPS
2021-11-29,1771,harga_pihps_modern,127000.0,Rp,DSP01,BD-PIHPS
2021-11-29,1771,harga_pihps_modern,143000.0,Rp,DSP02,BD-PIHPS
2021-11-29,1771,harga_pihps_modern,12950.0,Rp,GLP01,BD-PIHPS
2021-11-29,1771,harga_pihps_modern,14250.0,Rp,GLP02,BD-PIHPS
2021-11-29,1771,harga_pihps_modern,17100.0,Rp,MGR02,BD-PIHPS
2021-11-29,1771,harga_pihps_modern,18250.0,Rp,MGR03,BD-PIHPS
2021-11-29,1771,harga_pihps_modern,31250.0,Rp,TLR01,BD-PIHPS
2021-11-29,1771,harga_pihps_produsen,9500.0,Rp,BRS01,BD-PIHPS
2021-11-29,1771,harga_pihps_produsen,8200.0,Rp,BRS03,BD-PIHPS
2021-11-29,1771,harga_pihps_produsen,8200.0,Rp,BRS04,BD-PIHPS
2021-11-29,1771,harga_pihps_produsen,9750.0,Rp,BRS05,BD-PIHPS
2021-11-29,1771,harga_pihps_produsen,8750.0,Rp,BRS06,BD-PIHPS
2021-11-29,1771,harga_pihps_produsen,25000.0,Rp,CMR01,BD-PIHPS
2021-11-29,1771,harga_pihps_produsen,32350.0,Rp,CMR02,BD-PIHPS
2021-11-29,1771,harga_pihps_produsen,20000.0,Rp,CRW01,BD-PIHPS
2021-11-29,1771,harga_pihps_produsen,20000.0,Rp,CRW02,BD-PIHPS
2021-11-29,1771,harga_pihps_produsen,19200.0,Rp,DAY01,BD-PIHPS
2021-11-29,1771,harga_pihps_produsen,120000.0,Rp,DSP01,BD-PIHPS
2021-11-29,1771,harga_pihps_produsen,120000.0,Rp,DSP02,BD-PIHPS
2021-11-29,1771,harga_pihps_produsen,20000.0,Rp,TLR01,BD-PIHPS
2021-11-30,1771,harga_pihps,9650.0,Rp,BRS01,BD-PIHPS
2021-11-30,1771,harga_pihps,11150.0,Rp,BRS02,BD-PIHPS
2021-11-30,1771,harga_pihps,11550.0,Rp,BRS03,BD-PIHPS
2021-11-30,1771,harga_pihps,11250.0,Rp,BRS04,BD-PIHPS
2021-11-30,1771,harga_pihps,12000.0,Rp,BRS05,BD-PIHPS
2021-11-30,1771,harga_pihps,12000.0,Rp,BRS06,BD-PIHPS
2021-11-30,1771,harga_pihps,23000.0,Rp,BWM01,BD-PIHPS
2021-11-30,1771,harga_pihps,25000.0,Rp,BWP01,BD-PIHPS
2021-11-30,1771,harga_pihps,31650.0,Rp,CMR01,BD-PIHPS
2021-11-30,1771,harga_pihps,36250.0,Rp,CMR02,BD-PIHPS
2021-11-30,1771,harga_pihps,36000.0,Rp,CRW01,BD-PIHPS
2021-11-30,1771,harga_pihps,27750.0,Rp,CRW02,BD-PIHPS
2021-11-30,1771,harga_pihps,35150.0,Rp,DAY01,BD-PIHPS
2021-11-30,1771,harga_pihps,123750.0,Rp,DSP01,BD-PIHPS
2021-11-30,1771,harga_pihps,123750.0,Rp,DSP02,BD-PIHPS
2021-11-30,1771,harga_pihps,12550.0,Rp,GLP01,BD-PIHPS
2021-11-30,1771,harga_pihps,13400.0,Rp,GLP02,BD-PIHPS
2021-11-30,1771,harga_pihps,17900.0,Rp,MGR01,BD-PIHPS
2021-11-30,1771,harga_pihps,17800.0,Rp,MGR02,BD-PIHPS
2021-11-30,1771,harga_pihps,17800.0,Rp,MGR03,BD-PIHPS
2021-11-30,1771,harga_pihps,23200.0,Rp,TLR01,BD-PIHPS
2021-11-30,1771,harga_pihps_grosir,9150.0,Rp,BRS01,BD-PIHPS
2021-11-30,1771,harga_pihps_grosir,10400.0,Rp,BRS02,BD-PIHPS
2021-11-30,1771,harga_pihps_grosir,11150.0,Rp,BRS03,BD-PIHPS
2021-11-30,1771,harga_pihps_grosir,10950.0,Rp,BRS04,BD-PIHPS
2021-11-30,1771,harga_pihps_grosir,11400.0,Rp,BRS05,BD-PIHPS
2021-11-30,1771,harga_pihps_grosir,11350.0,Rp,BRS06,BD-PIHPS
2021-11-30,1771,harga_pihps_grosir,19500.0,Rp,BWM01,BD-PIHPS
2021-11-30,1771,harga_pihps_grosir,21500.0,Rp,BWP01,BD-PIHPS
2021-11-30,1771,harga_pihps_grosir,32000.0,Rp,CMR01,BD-PIHPS
2021-11-30,1771,harga_pihps_grosir,36000.0,Rp,CMR02,BD-PIHPS
2021-11-30,1771,harga_pihps_grosir,32000.0,Rp,CRW01,BD-PIHPS
2021-11-30,1771,harga_pihps_grosir,28250.0,Rp,CRW02,BD-PIHPS
2021-11-30,1771,harga_pihps_grosir,29000.0,Rp,DAY01,BD-PIHPS
2021-11-30,1771,harga_pihps_grosir,120000.0,Rp,DSP01,BD-PIHPS
2021-11-30,1771,harga_pihps_grosir,120000.0,Rp,DSP02,BD-PIHPS
2021-11-30,1771,harga_pihps_grosir,12200.0,Rp,GLP01,BD-PIHPS
2021-11-30,1771,harga_pihps_grosir,17000.0,Rp,MGR01,BD-PIHPS
2021-11-30,1771,harga_pihps_grosir,16650.0,Rp,MGR02,BD-PIHPS
2021-11-30,1771,harga_pihps_grosir,16650.0,Rp,MGR03,BD-PIHPS
2021-11-30,1771,harga_pihps_grosir,20400.0,Rp,TLR01,BD-PIHPS
2021-11-30,1771,harga_pihps_modern,11100.0,Rp,BRS01,BD-PIHPS
2021-11-30,1771,harga_pihps_modern,12300.0,Rp,BRS02,BD-PIHPS
2021-11-30,1771,harga_pihps_modern,12600.0,Rp,BRS03,BD-PIHPS
2021-11-30,1771,harga_pihps_modern,12350.0,Rp,BRS04,BD-PIHPS
2021-11-30,1771,harga_pihps_modern,13450.0,Rp,BRS05,BD-PIHPS
2021-11-30,1771,harga_pihps_modern,15350.0,Rp,BRS06,BD-PIHPS
2021-11-30,1771,harga_pihps_modern,37950.0,Rp,BWM01,BD-PIHPS
2021-11-30,1771,harga_pihps_modern,32450.0,Rp,BWP01,BD-PIHPS
2021-11-30,1771,harga_pihps_modern,59950.0,Rp,CMR01,BD-PIHPS
2021-11-30,1771,harga_pihps_modern,65450.0,Rp,CMR02,BD-PIHPS
2021-11-30,1771,harga_pihps_modern,60950.0,Rp,CRW01,BD-PIHPS
2021-11-30,1771,harga_pihps_modern,72450.0,Rp,CRW02,BD-PIHPS
2021-11-30,1771,harga_pihps_modern,40200.0,Rp,DAY01,BD-PIHPS
2021-11-30,1771,harga_pihps_modern,127000.0,Rp,DSP01,BD-PIHPS
2021-11-30,1771,harga_pihps_modern,143000.0,Rp,DSP02,BD-PIHPS
2021-11-30,1771,harga_pihps_modern,12950.0,Rp,GLP01,BD-PIHPS
2021-11-30,1771,harga_pihps_modern,14250.0,Rp,GLP02,BD-PIHPS
2021-11-30,1771,harga_pihps_modern,18300.0,Rp,MGR02,BD-PIHPS
2021-11-30,1771,harga_pihps_modern,18250.0,Rp,MGR03,BD-PIHPS
2021-11-30,1771,harga_pihps_modern,31250.0,Rp,TLR01,BD-PIHPS
2021-11-30,1771,harga_pihps_produsen,9500.0,Rp,BRS01,BD-PIHPS
2021-11-30,1771,harga_pihps_produsen,8200.0,Rp,BRS03,BD-PIHPS
2021-11-30,1771,harga_pihps_produsen,8200.0,Rp,BRS04,BD-PIHPS
2021-11-30,1771,harga_pihps_produsen,9750.0,Rp,BRS05,BD-PIHPS
2021-11-30,1771,harga_pihps_produsen,8750.0,Rp,BRS06,BD-PIHPS
2021-11-30,1771,harga_pihps_produsen,25000.0,Rp,CMR01,BD-PIHPS
2021-11-30,1771,harga_pihps_produsen,32350.0,Rp,CMR02,BD-PIHPS
2021-11-30,1771,harga_pihps_produsen,20000.0,Rp,CRW01,BD-PIHPS
2021-11-30,1771,harga_pihps_produsen,20000.0,Rp,CRW02,BD-PIHPS
2021-11-30,1771,harga_pihps_produsen,19200.0,Rp,DAY01,BD-PIHPS
2021-11-30,1771,harga_pihps_produsen,120000.0,Rp,DSP01,BD-PIHPS
2021-11-30,1771,harga_pihps_produsen,120000.0,Rp,DSP02,BD-PIHPS
2021-11-30,1771,harga_pihps_produsen,20000.0,Rp,TLR01,BD-PIHPS
2021-12-01,1771,harga_pihps,9650.0,Rp,BRS01,BD-PIHPS
2021-12-01,1771,harga_pihps,11150.0,Rp,BRS02,BD-PIHPS
2021-12-01,1771,harga_pihps,11550.0,Rp,BRS03,BD-PIHPS
2021-12-01,1771,harga_pihps,11250.0,Rp,BRS04,BD-PIHPS
2021-12-01,1771,harga_pihps,12000.0,Rp,BRS05,BD-PIHPS
2021-12-01,1771,harga_pihps,12000.0,Rp,BRS06,BD-PIHPS
2021-12-01,1771,harga_pihps,22500.0,Rp,BWM01,BD-PIHPS
2021-12-01,1771,harga_pihps,25150.0,Rp,BWP01,BD-PIHPS
2021-12-01,1771,harga_pihps,31150.0,Rp,CMR01,BD-PIHPS
2021-12-01,1771,harga_pihps,35900.0,Rp,CMR02,BD-PIHPS
2021-12-01,1771,harga_pihps,35650.0,Rp,CRW01,BD-PIHPS
2021-12-01,1771,harga_pihps,27750.0,Rp,CRW02,BD-PIHPS
2021-12-01,1771,harga_pihps,35250.0,Rp,DAY01,BD-PIHPS
2021-12-01,1771,harga_pihps,123750.0,Rp,DSP01,BD-PIHPS
2021-12-01,1771,harga_pihps,123750.0,Rp,DSP02,BD-PIHPS
2021-12-01,1771,harga_pihps,12550.0,Rp,GLP01,BD-PIHPS
2021-12-01,1771,harga_pihps,13400.0,Rp,GLP02,BD-PIHPS
2021-12-01,1771,harga_pihps,17900.0,Rp,MGR01,BD-PIHPS
2021-12-01,1771,harga_pihps,17800.0,Rp,MGR02,BD-PIHPS
2021-12-01,1771,harga_pihps,17800.0,Rp,MGR03,BD-PIHPS
2021-12-01,1771,harga_pihps,23100.0,Rp,TLR01,BD-PIHPS
2021-12-01,1771,harga_pihps_grosir,9150.0,Rp,BRS01,BD-PIHPS
2021-12-01,1771,harga_pihps_grosir,10400.0,Rp,BRS02,BD-PIHPS
2021-12-01,1771,harga_pihps_grosir,11150.0,Rp,BRS03,BD-PIHPS
2021-12-01,1771,harga_pihps_grosir,10950.0,Rp,BRS04,BD-PIHPS
2021-12-01,1771,harga_pihps_grosir,11400.0,Rp,BRS05,BD-PIHPS
2021-12-01,1771,harga_pihps_grosir,11350.0,Rp,BRS06,BD-PIHPS
2021-12-01,1771,harga_pihps_grosir,19500.0,Rp,BWM01,BD-PIHPS
2021-12-01,1771,harga_pihps_grosir,21500.0,Rp,BWP01,BD-PIHPS
2021-12-01,1771,harga_pihps_grosir,32000.0,Rp,CMR01,BD-PIHPS
2021-12-01,1771,harga_pihps_grosir,36000.0,Rp,CMR02,BD-PIHPS
2021-12-01,1771,harga_pihps_grosir,32000.0,Rp,CRW01,BD-PIHPS
2021-12-01,1771,harga_pihps_grosir,28250.0,Rp,CRW02,BD-PIHPS
2021-12-01,1771,harga_pihps_grosir,29000.0,Rp,DAY01,BD-PIHPS
2021-12-01,1771,harga_pihps_grosir,120000.0,Rp,DSP01,BD-PIHPS
2021-12-01,1771,harga_pihps_grosir,120000.0,Rp,DSP02,BD-PIHPS
2021-12-01,1771,harga_pihps_grosir,12200.0,Rp,GLP01,BD-PIHPS
2021-12-01,1771,harga_pihps_grosir,17000.0,Rp,MGR01,BD-PIHPS
2021-12-01,1771,harga_pihps_grosir,16650.0,Rp,MGR02,BD-PIHPS
2021-12-01,1771,harga_pihps_grosir,16650.0,Rp,MGR03,BD-PIHPS
2021-12-01,1771,harga_pihps_grosir,20400.0,Rp,TLR01,BD-PIHPS
2021-12-01,1771,harga_pihps_modern,11100.0,Rp,BRS01,BD-PIHPS
2021-12-01,1771,harga_pihps_modern,12300.0,Rp,BRS02,BD-PIHPS
2021-12-01,1771,harga_pihps_modern,12600.0,Rp,BRS03,BD-PIHPS
2021-12-01,1771,harga_pihps_modern,12350.0,Rp,BRS04,BD-PIHPS
2021-12-01,1771,harga_pihps_modern,13450.0,Rp,BRS05,BD-PIHPS
2021-12-01,1771,harga_pihps_modern,15350.0,Rp,BRS06,BD-PIHPS
2021-12-01,1771,harga_pihps_modern,37950.0,Rp,BWM01,BD-PIHPS
2021-12-01,1771,harga_pihps_modern,32450.0,Rp,BWP01,BD-PIHPS
2021-12-01,1771,harga_pihps_modern,59950.0,Rp,CMR01,BD-PIHPS
2021-12-01,1771,harga_pihps_modern,65450.0,Rp,CMR02,BD-PIHPS
2021-12-01,1771,harga_pihps_modern,60950.0,Rp,CRW01,BD-PIHPS
2021-12-01,1771,harga_pihps_modern,72450.0,Rp,CRW02,BD-PIHPS
2021-12-01,1771,harga_pihps_modern,40200.0,Rp,DAY01,BD-PIHPS
2021-12-01,1771,harga_pihps_modern,127000.0,Rp,DSP01,BD-PIHPS
2021-12-01,1771,harga_pihps_modern,143000.0,Rp,DSP02,BD-PIHPS
2021-12-01,1771,harga_pihps_modern,12950.0,Rp,GLP01,BD-PIHPS
2021-12-01,1771,harga_pihps_modern,14250.0,Rp,GLP02,BD-PIHPS
2021-12-01,1771,harga_pihps_modern,18300.0,Rp,MGR02,BD-PIHPS
2021-12-01,1771,harga_pihps_modern,18250.0,Rp,MGR03,BD-PIHPS
2021-12-01,1771,harga_pihps_modern,31250.0,Rp,TLR01,BD-PIHPS
2021-12-01,1771,harga_pihps_produsen,9500.0,Rp,BRS01,BD-PIHPS
2021-12-01,1771,harga_pihps_produsen,8200.0,Rp,BRS03,BD-PIHPS
2021-12-01,1771,harga_pihps_produsen,8200.0,Rp,BRS04,BD-PIHPS
2021-12-01,1771,harga_pihps_produsen,9750.0,Rp,BRS05,BD-PIHPS
2021-12-01,1771,harga_pihps_produsen,8750.0,Rp,BRS06,BD-PIHPS
2021-12-01,1771,harga_pihps_produsen,25000.0,Rp,CMR01,BD-PIHPS
2021-12-01,1771,harga_pihps_produsen,32350.0,Rp,CMR02,BD-PIHPS
2021-12-01,1771,harga_pihps_produsen,20000.0,Rp,CRW01,BD-PIHPS
2021-12-01,1771,harga_pihps_produsen,20000.0,Rp,CRW02,BD-PIHPS
2021-12-01,1771,harga_pihps_produsen,19200.0,Rp,DAY01,BD-PIHPS
2021-12-01,1771,harga_pihps_produsen,120000.0,Rp,DSP01,BD-PIHPS
2021-12-01,1771,harga_pihps_produsen,120000.0,Rp,DSP02,BD-PIHPS
2021-12-01,1771,harga_pihps_produsen,20000.0,Rp,TLR01,BD-PIHPS
2021-12-02,1771,harga_pihps,9650.0,Rp,BRS01,BD-PIHPS
2021-12-02,1771,harga_pihps,11150.0,Rp,BRS02,BD-PIHPS
2021-12-02,1771,harga_pihps,11550.0,Rp,BRS03,BD-PIHPS
2021-12-02,1771,harga_pihps,11250.0,Rp,BRS04,BD-PIHPS
2021-12-02,1771,harga_pihps,12000.0,Rp,BRS05,BD-PIHPS
2021-12-02,1771,harga_pihps,12000.0,Rp,BRS06,BD-PIHPS
2021-12-02,1771,harga_pihps,22000.0,Rp,BWM01,BD-PIHPS
2021-12-02,1771,harga_pihps,25150.0,Rp,BWP01,BD-PIHPS
2021-12-02,1771,harga_pihps,30750.0,Rp,CMR01,BD-PIHPS
2021-12-02,1771,harga_pihps,36500.0,Rp,CMR02,BD-PIHPS
2021-12-02,1771,harga_pihps,36900.0,Rp,CRW01,BD-PIHPS
2021-12-02,1771,harga_pihps,27900.0,Rp,CRW02,BD-PIHPS
2021-12-02,1771,harga_pihps,35250.0,Rp,DAY01,BD-PIHPS
2021-12-02,1771,harga_pihps,123750.0,Rp,DSP01,BD-PIHPS
2021-12-02,1771,harga_pihps,123750.0,Rp,DSP02,BD-PIHPS
2021-12-02,1771,harga_pihps,12550.0,Rp,GLP01,BD-PIHPS
2021-12-02,1771,harga_pihps,13400.0,Rp,GLP02,BD-PIHPS
2021-12-02,1771,harga_pihps,17900.0,Rp,MGR01,BD-PIHPS
2021-12-02,1771,harga_pihps,17800.0,Rp,MGR02,BD-PIHPS
2021-12-02,1771,harga_pihps,17800.0,Rp,MGR03,BD-PIHPS
2021-12-02,1771,harga_pihps,23100.0,Rp,TLR01,BD-PIHPS
2021-12-02,1771,harga_pihps_grosir,9150.0,Rp,BRS01,BD-PIHPS
2021-12-02,1771,harga_pihps_grosir,10400.0,Rp,BRS02,BD-PIHPS
2021-12-02,1771,harga_pihps_grosir,11150.0,Rp,BRS03,BD-PIHPS
2021-12-02,1771,harga_pihps_grosir,10950.0,Rp,BRS04,BD-PIHPS
2021-12-02,1771,harga_pihps_grosir,11400.0,Rp,BRS05,BD-PIHPS
2021-12-02,1771,harga_pihps_grosir,11350.0,Rp,BRS06,BD-PIHPS
2021-12-02,1771,harga_pihps_grosir,19500.0,Rp,BWM01,BD-PIHPS
2021-12-02,1771,harga_pihps_grosir,21500.0,Rp,BWP01,BD-PIHPS
2021-12-02,1771,harga_pihps_grosir,32000.0,Rp,CMR01,BD-PIHPS
2021-12-02,1771,harga_pihps_grosir,36000.0,Rp,CMR02,BD-PIHPS
2021-12-02,1771,harga_pihps_grosir,32000.0,Rp,CRW01,BD-PIHPS
2021-12-02,1771,harga_pihps_grosir,28250.0,Rp,CRW02,BD-PIHPS
2021-12-02,1771,harga_pihps_grosir,29000.0,Rp,DAY01,BD-PIHPS
2021-12-02,1771,harga_pihps_grosir,120000.0,Rp,DSP01,BD-PIHPS
2021-12-02,1771,harga_pihps_grosir,120000.0,Rp,DSP02,BD-PIHPS
2021-12-02,1771,harga_pihps_grosir,12200.0,Rp,GLP01,BD-PIHPS
2021-12-02,1771,harga_pihps_grosir,17000.0,Rp,MGR01,BD-PIHPS
2021-12-02,1771,harga_pihps_grosir,16650.0,Rp,MGR02,BD-PIHPS
2021-12-02,1771,harga_pihps_grosir,16650.0,Rp,MGR03,BD-PIHPS
2021-12-02,1771,harga_pihps_grosir,20400.0,Rp,TLR01,BD-PIHPS
2021-12-02,1771,harga_pihps_modern,11100.0,Rp,BRS01,BD-PIHPS
2021-12-02,1771,harga_pihps_modern,12300.0,Rp,BRS02,BD-PIHPS
2021-12-02,1771,harga_pihps_modern,12600.0,Rp,BRS03,BD-PIHPS
2021-12-02,1771,harga_pihps_modern,12350.0,Rp,BRS04,BD-PIHPS
2021-12-02,1771,harga_pihps_modern,13450.0,Rp,BRS05,BD-PIHPS
2021-12-02,1771,harga_pihps_modern,15350.0,Rp,BRS06,BD-PIHPS
2021-12-02,1771,harga_pihps_modern,37950.0,Rp,BWM01,BD-PIHPS
2021-12-02,1771,harga_pihps_modern,32450.0,Rp,BWP01,BD-PIHPS
2021-12-02,1771,harga_pihps_modern,59950.0,Rp,CMR01,BD-PIHPS
2021-12-02,1771,harga_pihps_modern,65450.0,Rp,CMR02,BD-PIHPS
2021-12-02,1771,harga_pihps_modern,60950.0,Rp,CRW01,BD-PIHPS
2021-12-02,1771,harga_pihps_modern,72450.0,Rp,CRW02,BD-PIHPS
2021-12-02,1771,harga_pihps_modern,40200.0,Rp,DAY01,BD-PIHPS
2021-12-02,1771,harga_pihps_modern,127000.0,Rp,DSP01,BD-PIHPS
2021-12-02,1771,harga_pihps_modern,143000.0,Rp,DSP02,BD-PIHPS
2021-12-02,1771,harga_pihps_modern,12950.0,Rp,GLP01,BD-PIHPS
2021-12-02,1771,harga_pihps_modern,14250.0,Rp,GLP02,BD-PIHPS
2021-12-02,1771,harga_pihps_modern,18300.0,Rp,MGR02,BD-PIHPS
2021-12-02,1771,harga_pihps_modern,18250.0,Rp,MGR03,BD-PIHPS
2021-12-02,1771,harga_pihps_modern,31250.0,Rp,TLR01,BD-PIHPS
2021-12-02,1771,harga_pihps_produsen,9500.0,Rp,BRS01,BD-PIHPS
2021-12-02,1771,harga_pihps_produsen,8200.0,Rp,BRS03,BD-PIHPS
2021-12-02,1771,harga_pihps_produsen,8200.0,Rp,BRS04,BD-PIHPS
2021-12-02,1771,harga_pihps_produsen,9750.0,Rp,BRS05,BD-PIHPS
2021-12-02,1771,harga_pihps_produsen,8750.0,Rp,BRS06,BD-PIHPS
2021-12-02,1771,harga_pihps_produsen,25000.0,Rp,CMR01,BD-PIHPS
2021-12-02,1771,harga_pihps_produsen,32350.0,Rp,CMR02,BD-PIHPS
2021-12-02,1771,harga_pihps_produsen,20000.0,Rp,CRW01,BD-PIHPS
2021-12-02,1771,harga_pihps_produsen,20000.0,Rp,CRW02,BD-PIHPS
2021-12-02,1771,harga_pihps_produsen,19200.0,Rp,DAY01,BD-PIHPS
2021-12-02,1771,harga_pihps_produsen,120000.0,Rp,DSP01,BD-PIHPS
2021-12-02,1771,harga_pihps_produsen,120000.0,Rp,DSP02,BD-PIHPS
2021-12-02,1771,harga_pihps_produsen,20000.0,Rp,TLR01,BD-PIHPS
2021-12-03,1771,harga_pihps,9650.0,Rp,BRS01,BD-PIHPS
2021-12-03,1771,harga_pihps,11100.0,Rp,BRS02,BD-PIHPS
2021-12-03,1771,harga_pihps,11500.0,Rp,BRS03,BD-PIHPS
2021-12-03,1771,harga_pihps,11250.0,Rp,BRS04,BD-PIHPS
2021-12-03,1771,harga_pihps,12000.0,Rp,BRS05,BD-PIHPS
2021-12-03,1771,harga_pihps,12000.0,Rp,BRS06,BD-PIHPS
2021-12-03,1771,harga_pihps,23000.0,Rp,BWM01,BD-PIHPS
2021-12-03,1771,harga_pihps,25150.0,Rp,BWP01,BD-PIHPS
2021-12-03,1771,harga_pihps,30750.0,Rp,CMR01,BD-PIHPS
2021-12-03,1771,harga_pihps,35750.0,Rp,CMR02,BD-PIHPS
2021-12-03,1771,harga_pihps,37000.0,Rp,CRW01,BD-PIHPS
2021-12-03,1771,harga_pihps,28250.0,Rp,CRW02,BD-PIHPS
2021-12-03,1771,harga_pihps,35250.0,Rp,DAY01,BD-PIHPS
2021-12-03,1771,harga_pihps,123750.0,Rp,DSP01,BD-PIHPS
2021-12-03,1771,harga_pihps,123750.0,Rp,DSP02,BD-PIHPS
2021-12-03,1771,harga_pihps,12550.0,Rp,GLP01,BD-PIHPS
2021-12-03,1771,harga_pihps,13400.0,Rp,GLP02,BD-PIHPS
2021-12-03,1771,harga_pihps,17900.0,Rp,MGR01,BD-PIHPS
2021-12-03,1771,harga_pihps,17800.0,Rp,MGR02,BD-PIHPS
2021-12-03,1771,harga_pihps,17800.0,Rp,MGR03,BD-PIHPS
2021-12-03,1771,harga_pihps,23100.0,Rp,TLR01,BD-PIHPS
2021-12-03,1771,harga_pihps_grosir,9150.0,Rp,BRS01,BD-PIHPS
2021-12-03,1771,harga_pihps_grosir,10400.0,Rp,BRS02,BD-PIHPS
2021-12-03,1771,harga_pihps_grosir,11150.0,Rp,BRS03,BD-PIHPS
2021-12-03,1771,harga_pihps_grosir,10950.0,Rp,BRS04,BD-PIHPS
2021-12-03,1771,harga_pihps_grosir,11400.0,Rp,BRS05,BD-PIHPS
2021-12-03,1771,harga_pihps_grosir,11350.0,Rp,BRS06,BD-PIHPS
2021-12-03,1771,harga_pihps_grosir,19500.0,Rp,BWM01,BD-PIHPS
2021-12-03,1771,harga_pihps_grosir,21500.0,Rp,BWP01,BD-PIHPS
2021-12-03,1771,harga_pihps_grosir,32000.0,Rp,CMR01,BD-PIHPS
2021-12-03,1771,harga_pihps_grosir,36000.0,Rp,CMR02,BD-PIHPS
2021-12-03,1771,harga_pihps_grosir,32000.0,Rp,CRW01,BD-PIHPS
2021-12-03,1771,harga_pihps_grosir,28250.0,Rp,CRW02,BD-PIHPS
2021-12-03,1771,harga_pihps_grosir,29000.0,Rp,DAY01,BD-PIHPS
2021-12-03,1771,harga_pihps_grosir,120000.0,Rp,DSP01,BD-PIHPS
2021-12-03,1771,harga_pihps_grosir,120000.0,Rp,DSP02,BD-PIHPS
2021-12-03,1771,harga_pihps_grosir,12200.0,Rp,GLP01,BD-PIHPS
2021-12-03,1771,harga_pihps_grosir,17000.0,Rp,MGR01,BD-PIHPS
2021-12-03,1771,harga_pihps_grosir,16650.0,Rp,MGR02,BD-PIHPS
2021-12-03,1771,harga_pihps_grosir,16650.0,Rp,MGR03,BD-PIHPS
2021-12-03,1771,harga_pihps_grosir,20400.0,Rp,TLR01,BD-PIHPS
2021-12-03,1771,harga_pihps_modern,11100.0,Rp,BRS01,BD-PIHPS
2021-12-03,1771,harga_pihps_modern,12300.0,Rp,BRS02,BD-PIHPS
2021-12-03,1771,harga_pihps_modern,12600.0,Rp,BRS03,BD-PIHPS
2021-12-03,1771,harga_pihps_modern,12350.0,Rp,BRS04,BD-PIHPS
2021-12-03,1771,harga_pihps_modern,13450.0,Rp,BRS05,BD-PIHPS
2021-12-03,1771,harga_pihps_modern,15350.0,Rp,BRS06,BD-PIHPS
2021-12-03,1771,harga_pihps_modern,37950.0,Rp,BWM01,BD-PIHPS
2021-12-03,1771,harga_pihps_modern,32450.0,Rp,BWP01,BD-PIHPS
2021-12-03,1771,harga_pihps_modern,59950.0,Rp,CMR01,BD-PIHPS
2021-12-03,1771,harga_pihps_modern,65450.0,Rp,CMR02,BD-PIHPS
2021-12-03,1771,harga_pihps_modern,60950.0,Rp,CRW01,BD-PIHPS
2021-12-03,1771,harga_pihps_modern,72450.0,Rp,CRW02,BD-PIHPS
2021-12-03,1771,harga_pihps_modern,40200.0,Rp,DAY01,BD-PIHPS
2021-12-03,1771,harga_pihps_modern,127000.0,Rp,DSP01,BD-PIHPS
2021-12-03,1771,harga_pihps_modern,143000.0,Rp,DSP02,BD-PIHPS
2021-12-03,1771,harga_pihps_modern,12950.0,Rp,GLP01,BD-PIHPS
2021-12-03,1771,harga_pihps_modern,14250.0,Rp,GLP02,BD-PIHPS
2021-12-03,1771,harga_pihps_modern,18300.0,Rp,MGR02,BD-PIHPS
2021-12-03,1771,harga_pihps_modern,18250.0,Rp,MGR03,BD-PIHPS
2021-12-03,1771,harga_pihps_modern,31250.0,Rp,TLR01,BD-PIHPS
2021-12-03,1771,harga_pihps_produsen,9500.0,Rp,BRS01,BD-PIHPS
2021-12-03,1771,harga_pihps_produsen,8200.0,Rp,BRS03,BD-PIHPS
2021-12-03,1771,harga_pihps_produsen,8200.0,Rp,BRS04,BD-PIHPS
2021-12-03,1771,harga_pihps_produsen,9750.0,Rp,BRS05,BD-PIHPS
2021-12-03,1771,harga_pihps_produsen,8750.0,Rp,BRS06,BD-PIHPS
2021-12-03,1771,harga_pihps_produsen,25000.0,Rp,CMR01,BD-PIHPS
2021-12-03,1771,harga_pihps_produsen,32350.0,Rp,CMR02,BD-PIHPS
2021-12-03,1771,harga_pihps_produsen,20000.0,Rp,CRW01,BD-PIHPS
2021-12-03,1771,harga_pihps_produsen,20000.0,Rp,CRW02,BD-PIHPS
2021-12-03,1771,harga_pihps_produsen,19200.0,Rp,DAY01,BD-PIHPS
2021-12-03,1771,harga_pihps_produsen,120000.0,Rp,DSP01,BD-PIHPS
2021-12-03,1771,harga_pihps_produsen,120000.0,Rp,DSP02,BD-PIHPS
2021-12-03,1771,harga_pihps_produsen,20000.0,Rp,TLR01,BD-PIHPS
2021-12-06,1771,harga_pihps,9650.0,Rp,BRS01,BD-PIHPS
2021-12-06,1771,harga_pihps,11100.0,Rp,BRS02,BD-PIHPS
2021-12-06,1771,harga_pihps,11500.0,Rp,BRS03,BD-PIHPS
2021-12-06,1771,harga_pihps,11250.0,Rp,BRS04,BD-PIHPS
2021-12-06,1771,harga_pihps,12000.0,Rp,BRS05,BD-PIHPS
2021-12-06,1771,harga_pihps,12000.0,Rp,BRS06,BD-PIHPS
2021-12-06,1771,harga_pihps,23750.0,Rp,BWM01,BD-PIHPS
2021-12-06,1771,harga_pihps,25150.0,Rp,BWP01,BD-PIHPS
2021-12-06,1771,harga_pihps,30500.0,Rp,CMR01,BD-PIHPS
2021-12-06,1771,harga_pihps,35500.0,Rp,CMR02,BD-PIHPS
2021-12-06,1771,harga_pihps,38750.0,Rp,CRW01,BD-PIHPS
2021-12-06,1771,harga_pihps,30300.0,Rp,CRW02,BD-PIHPS
2021-12-06,1771,harga_pihps,35150.0,Rp,DAY01,BD-PIHPS
2021-12-06,1771,harga_pihps,123750.0,Rp,DSP01,BD-PIHPS
2021-12-06,1771,harga_pihps,123750.0,Rp,DSP02,BD-PIHPS
2021-12-06,1771,harga_pihps,12650.0,Rp,GLP01,BD-PIHPS
2021-12-06,1771,harga_pihps,13400.0,Rp,GLP02,BD-PIHPS
2021-12-06,1771,harga_pihps,18250.0,Rp,MGR01,BD-PIHPS
2021-12-06,1771,harga_pihps,18450.0,Rp,MGR02,BD-PIHPS
2021-12-06,1771,harga_pihps,18200.0,Rp,MGR03,BD-PIHPS
2021-12-06,1771,harga_pihps,23100.0,Rp,TLR01,BD-PIHPS
2021-12-06,1771,harga_pihps_grosir,9150.0,Rp,BRS01,BD-PIHPS
2021-12-06,1771,harga_pihps_grosir,10400.0,Rp,BRS02,BD-PIHPS
2021-12-06,1771,harga_pihps_grosir,11150.0,Rp,BRS03,BD-PIHPS
2021-12-06,1771,harga_pihps_grosir,10950.0,Rp,BRS04,BD-PIHPS
2021-12-06,1771,harga_pihps_grosir,11400.0,Rp,BRS05,BD-PIHPS
2021-12-06,1771,harga_pihps_grosir,11350.0,Rp,BRS06,BD-PIHPS
2021-12-06,1771,harga_pihps_grosir,19500.0,Rp,BWM01,BD-PIHPS
2021-12-06,1771,harga_pihps_grosir,21500.0,Rp,BWP01,BD-PIHPS
2021-12-06,1771,harga_pihps_grosir,32000.0,Rp,CMR01,BD-PIHPS
2021-12-06,1771,harga_pihps_grosir,36000.0,Rp,CMR02,BD-PIHPS
2021-12-06,1771,harga_pihps_grosir,32000.0,Rp,CRW01,BD-PIHPS
2021-12-06,1771,harga_pihps_grosir,28250.0,Rp,CRW02,BD-PIHPS
2021-12-06,1771,harga_pihps_grosir,29000.0,Rp,DAY01,BD-PIHPS
2021-12-06,1771,harga_pihps_grosir,120000.0,Rp,DSP01,BD-PIHPS
2021-12-06,1771,harga_pihps_grosir,120000.0,Rp,DSP02,BD-PIHPS
2021-12-06,1771,harga_pihps_grosir,12200.0,Rp,GLP01,BD-PIHPS
2021-12-06,1771,harga_pihps_grosir,17000.0,Rp,MGR01,BD-PIHPS
2021-12-06,1771,harga_pihps_grosir,16650.0,Rp,MGR02,BD-PIHPS
2021-12-06,1771,harga_pihps_grosir,16650.0,Rp,MGR03,BD-PIHPS
2021-12-06,1771,harga_pihps_grosir,20400.0,Rp,TLR01,BD-PIHPS
2021-12-06,1771,harga_pihps_modern,11100.0,Rp,BRS01,BD-PIHPS
2021-12-06,1771,harga_pihps_modern,12300.0,Rp,BRS02,BD-PIHPS
2021-12-06,1771,harga_pihps_modern,12600.0,Rp,BRS03,BD-PIHPS
2021-12-06,1771,harga_pihps_modern,12350.0,Rp,BRS04,BD-PIHPS
2021-12-06,1771,harga_pihps_modern,13450.0,Rp,BRS05,BD-PIHPS
2021-12-06,1771,harga_pihps_modern,15350.0,Rp,BRS06,BD-PIHPS
2021-12-06,1771,harga_pihps_modern,37950.0,Rp,BWM01,BD-PIHPS
2021-12-06,1771,harga_pihps_modern,32450.0,Rp,BWP01,BD-PIHPS
2021-12-06,1771,harga_pihps_modern,59950.0,Rp,CMR01,BD-PIHPS
2021-12-06,1771,harga_pihps_modern,65450.0,Rp,CMR02,BD-PIHPS
2021-12-06,1771,harga_pihps_modern,60950.0,Rp,CRW01,BD-PIHPS
2021-12-06,1771,harga_pihps_modern,72450.0,Rp,CRW02,BD-PIHPS
2021-12-06,1771,harga_pihps_modern,40200.0,Rp,DAY01,BD-PIHPS
2021-12-06,1771,harga_pihps_modern,127000.0,Rp,DSP01,BD-PIHPS
2021-12-06,1771,harga_pihps_modern,143000.0,Rp,DSP02,BD-PIHPS
2021-12-06,1771,harga_pihps_modern,12950.0,Rp,GLP01,BD-PIHPS
2021-12-06,1771,harga_pihps_modern,14250.0,Rp,GLP02,BD-PIHPS
2021-12-06,1771,harga_pihps_modern,18300.0,Rp,MGR02,BD-PIHPS
2021-12-06,1771,harga_pihps_modern,18250.0,Rp,MGR03,BD-PIHPS
2021-12-06,1771,harga_pihps_modern,31250.0,Rp,TLR01,BD-PIHPS
2021-12-06,1771,harga_pihps_produsen,9500.0,Rp,BRS01,BD-PIHPS
2021-12-06,1771,harga_pihps_produsen,8200.0,Rp,BRS03,BD-PIHPS
2021-12-06,1771,harga_pihps_produsen,8200.0,Rp,BRS04,BD-PIHPS
2021-12-06,1771,harga_pihps_produsen,9750.0,Rp,BRS05,BD-PIHPS
2021-12-06,1771,harga_pihps_produsen,8750.0,Rp,BRS06,BD-PIHPS
2021-12-06,1771,harga_pihps_produsen,25000.0,Rp,CMR01,BD-PIHPS
2021-12-06,1771,harga_pihps_produsen,32350.0,Rp,CMR02,BD-PIHPS
2021-12-06,1771,harga_pihps_produsen,20000.0,Rp,CRW01,BD-PIHPS
2021-12-06,1771,harga_pihps_produsen,20000.0,Rp,CRW02,BD-PIHPS
2021-12-06,1771,harga_pihps_produsen,19200.0,Rp,DAY01,BD-PIHPS
2021-12-06,1771,harga_pihps_produsen,120000.0,Rp,DSP01,BD-PIHPS
2021-12-06,1771,harga_pihps_produsen,120000.0,Rp,DSP02,BD-PIHPS
2021-12-06,1771,harga_pihps_produsen,20000.0,Rp,TLR01,BD-PIHPS
2021-12-07,1771,harga_pihps,9650.0,Rp,BRS01,BD-PIHPS
2021-12-07,1771,harga_pihps,11100.0,Rp,BRS02,BD-PIHPS
2021-12-07,1771,harga_pihps,11500.0,Rp,BRS03,BD-PIHPS
2021-12-07,1771,harga_pihps,11250.0,Rp,BRS04,BD-PIHPS
2021-12-07,1771,harga_pihps,12000.0,Rp,BRS05,BD-PIHPS
2021-12-07,1771,harga_pihps,12000.0,Rp,BRS06,BD-PIHPS
2021-12-07,1771,harga_pihps,25650.0,Rp,BWM01,BD-PIHPS
2021-12-07,1771,harga_pihps,25500.0,Rp,BWP01,BD-PIHPS
2021-12-07,1771,harga_pihps,29150.0,Rp,CMR01,BD-PIHPS
2021-12-07,1771,harga_pihps,34250.0,Rp,CMR02,BD-PIHPS
2021-12-07,1771,harga_pihps,39900.0,Rp,CRW01,BD-PIHPS
2021-12-07,1771,harga_pihps,31600.0,Rp,CRW02,BD-PIHPS
2021-12-07,1771,harga_pihps,35150.0,Rp,DAY01,BD-PIHPS
2021-12-07,1771,harga_pihps,123750.0,Rp,DSP01,BD-PIHPS
2021-12-07,1771,harga_pihps,123750.0,Rp,DSP02,BD-PIHPS
2021-12-07,1771,harga_pihps,12650.0,Rp,GLP01,BD-PIHPS
2021-12-07,1771,harga_pihps,13400.0,Rp,GLP02,BD-PIHPS
2021-12-07,1771,harga_pihps,18300.0,Rp,MGR01,BD-PIHPS
2021-12-07,1771,harga_pihps,18550.0,Rp,MGR02,BD-PIHPS
2021-12-07,1771,harga_pihps,18200.0,Rp,MGR03,BD-PIHPS
2021-12-07,1771,harga_pihps,23100.0,Rp,TLR01,BD-PIHPS
2021-12-07,1771,harga_pihps_grosir,9150.0,Rp,BRS01,BD-PIHPS
2021-12-07,1771,harga_pihps_grosir,10400.0,Rp,BRS02,BD-PIHPS
2021-12-07,1771,harga_pihps_grosir,11150.0,Rp,BRS03,BD-PIHPS
2021-12-07,1771,harga_pihps_grosir,10950.0,Rp,BRS04,BD-PIHPS
2021-12-07,1771,harga_pihps_grosir,11400.0,Rp,BRS05,BD-PIHPS
2021-12-07,1771,harga_pihps_grosir,11350.0,Rp,BRS06,BD-PIHPS
2021-12-07,1771,harga_pihps_grosir,19500.0,Rp,BWM01,BD-PIHPS
2021-12-07,1771,harga_pihps_grosir,21500.0,Rp,BWP01,BD-PIHPS
2021-12-07,1771,harga_pihps_grosir,30000.0,Rp,CMR01,BD-PIHPS
2021-12-07,1771,harga_pihps_grosir,33000.0,Rp,CMR02,BD-PIHPS
2021-12-07,1771,harga_pihps_grosir,36000.0,Rp,CRW01,BD-PIHPS
2021-12-07,1771,harga_pihps_grosir,31100.0,Rp,CRW02,BD-PIHPS
2021-12-07,1771,harga_pihps_grosir,27750.0,Rp,DAY01,BD-PIHPS
2021-12-07,1771,harga_pihps_grosir,120000.0,Rp,DSP01,BD-PIHPS
2021-12-07,1771,harga_pihps_grosir,120000.0,Rp,DSP02,BD-PIHPS
2021-12-07,1771,harga_pihps_grosir,12200.0,Rp,GLP01,BD-PIHPS
2021-12-07,1771,harga_pihps_grosir,17000.0,Rp,MGR01,BD-PIHPS
2021-12-07,1771,harga_pihps_grosir,16650.0,Rp,MGR02,BD-PIHPS
2021-12-07,1771,harga_pihps_grosir,16650.0,Rp,MGR03,BD-PIHPS
2021-12-07,1771,harga_pihps_grosir,20400.0,Rp,TLR01,BD-PIHPS
2021-12-07,1771,harga_pihps_modern,11100.0,Rp,BRS01,BD-PIHPS
2021-12-07,1771,harga_pihps_modern,12550.0,Rp,BRS02,BD-PIHPS
2021-12-07,1771,harga_pihps_modern,12350.0,Rp,BRS03,BD-PIHPS
2021-12-07,1771,harga_pihps_modern,12350.0,Rp,BRS04,BD-PIHPS
2021-12-07,1771,harga_pihps_modern,13450.0,Rp,BRS05,BD-PIHPS
2021-12-07,1771,harga_pihps_modern,15350.0,Rp,BRS06,BD-PIHPS
2021-12-07,1771,harga_pihps_modern,35450.0,Rp,BWM01,BD-PIHPS
2021-12-07,1771,harga_pihps_modern,31450.0,Rp,BWP01,BD-PIHPS
2021-12-07,1771,harga_pihps_modern,59950.0,Rp,CMR01,BD-PIHPS
2021-12-07,1771,harga_pihps_modern,53950.0,Rp,CMR02,BD-PIHPS
2021-12-07,1771,harga_pihps_modern,59950.0,Rp,CRW01,BD-PIHPS
2021-12-07,1771,harga_pihps_modern,69950.0,Rp,CRW02,BD-PIHPS
2021-12-07,1771,harga_pihps_modern,40200.0,Rp,DAY01,BD-PIHPS
2021-12-07,1771,harga_pihps_modern,129750.0,Rp,DSP01,BD-PIHPS
2021-12-07,1771,harga_pihps_modern,144500.0,Rp,DSP02,BD-PIHPS
2021-12-07,1771,harga_pihps_modern,12950.0,Rp,GLP01,BD-PIHPS
2021-12-07,1771,harga_pihps_modern,14250.0,Rp,GLP02,BD-PIHPS
2021-12-07,1771,harga_pihps_modern,19200.0,Rp,MGR02,BD-PIHPS
2021-12-07,1771,harga_pihps_modern,21150.0,Rp,MGR03,BD-PIHPS
2021-12-07,1771,harga_pihps_modern,31250.0,Rp,TLR01,BD-PIHPS
2021-12-07,1771,harga_pihps_produsen,9500.0,Rp,BRS01,BD-PIHPS
2021-12-07,1771,harga_pihps_produsen,8200.0,Rp,BRS03,BD-PIHPS
2021-12-07,1771,harga_pihps_produsen,8200.0,Rp,BRS04,BD-PIHPS
2021-12-07,1771,harga_pihps_produsen,9750.0,Rp,BRS05,BD-PIHPS
2021-12-07,1771,harga_pihps_produsen,8750.0,Rp,BRS06,BD-PIHPS
2021-12-07,1771,harga_pihps_produsen,25000.0,Rp,CMR01,BD-PIHPS
2021-12-07,1771,harga_pihps_produsen,32350.0,Rp,CMR02,BD-PIHPS
2021-12-07,1771,harga_pihps_produsen,20000.0,Rp,CRW01,BD-PIHPS
2021-12-07,1771,harga_pihps_produsen,20000.0,Rp,CRW02,BD-PIHPS
2021-12-07,1771,harga_pihps_produsen,19200.0,Rp,DAY01,BD-PIHPS
2021-12-07,1771,harga_pihps_produsen,120000.0,Rp,DSP01,BD-PIHPS
2021-12-07,1771,harga_pihps_produsen,120000.0,Rp,DSP02,BD-PIHPS
2021-12-07,1771,harga_pihps_produsen,20000.0,Rp,TLR01,BD-PIHPS
2021-12-08,1771,harga_pihps,9650.0,Rp,BRS01,BD-PIHPS
2021-12-08,1771,harga_pihps,11100.0,Rp,BRS02,BD-PIHPS
2021-12-08,1771,harga_pihps,11500.0,Rp,BRS03,BD-PIHPS
2021-12-08,1771,harga_pihps,11250.0,Rp,BRS04,BD-PIHPS
2021-12-08,1771,harga_pihps,12000.0,Rp,BRS05,BD-PIHPS
2021-12-08,1771,harga_pihps,12000.0,Rp,BRS06,BD-PIHPS
2021-12-08,1771,harga_pihps,26250.0,Rp,BWM01,BD-PIHPS
2021-12-08,1771,harga_pihps,25900.0,Rp,BWP01,BD-PIHPS
2021-12-08,1771,harga_pihps,31900.0,Rp,CMR01,BD-PIHPS
2021-12-08,1771,harga_pihps,36650.0,Rp,CMR02,BD-PIHPS
2021-12-08,1771,harga_pihps,40400.0,Rp,CRW01,BD-PIHPS
2021-12-08,1771,harga_pihps,32200.0,Rp,CRW02,BD-PIHPS
2021-12-08,1771,harga_pihps,35150.0,Rp,DAY01,BD-PIHPS
2021-12-08,1771,harga_pihps,123750.0,Rp,DSP01,BD-PIHPS
2021-12-08,1771,harga_pihps,123750.0,Rp,DSP02,BD-PIHPS
2021-12-08,1771,harga_pihps,12700.0,Rp,GLP01,BD-PIHPS
2021-12-08,1771,harga_pihps,13450.0,Rp,GLP02,BD-PIHPS
2021-12-08,1771,harga_pihps,18300.0,Rp,MGR01,BD-PIHPS
2021-12-08,1771,harga_pihps,18800.0,Rp,MGR02,BD-PIHPS
2021-12-08,1771,harga_pihps,18550.0,Rp,MGR03,BD-PIHPS
2021-12-08,1771,harga_pihps,23100.0,Rp,TLR01,BD-PIHPS
2021-12-08,1771,harga_pihps_grosir,9150.0,Rp,BRS01,BD-PIHPS
2021-12-08,1771,harga_pihps_grosir,10400.0,Rp,BRS02,BD-PIHPS
2021-12-08,1771,harga_pihps_grosir,11150.0,Rp,BRS03,BD-PIHPS
2021-12-08,1771,harga_pihps_grosir,10950.0,Rp,BRS04,BD-PIHPS
2021-12-08,1771,harga_pihps_grosir,11400.0,Rp,BRS05,BD-PIHPS
2021-12-08,1771,harga_pihps_grosir,11350.0,Rp,BRS06,BD-PIHPS
2021-12-08,1771,harga_pihps_grosir,19500.0,Rp,BWM01,BD-PIHPS
2021-12-08,1771,harga_pihps_grosir,21500.0,Rp,BWP01,BD-PIHPS
2021-12-08,1771,harga_pihps_grosir,30000.0,Rp,CMR01,BD-PIHPS
2021-12-08,1771,harga_pihps_grosir,33000.0,Rp,CMR02,BD-PIHPS
2021-12-08,1771,harga_pihps_grosir,36000.0,Rp,CRW01,BD-PIHPS
2021-12-08,1771,harga_pihps_grosir,31100.0,Rp,CRW02,BD-PIHPS
2021-12-08,1771,harga_pihps_grosir,27750.0,Rp,DAY01,BD-PIHPS
2021-12-08,1771,harga_pihps_grosir,120000.0,Rp,DSP01,BD-PIHPS
2021-12-08,1771,harga_pihps_grosir,120000.0,Rp,DSP02,BD-PIHPS
2021-12-08,1771,harga_pihps_grosir,12200.0,Rp,GLP01,BD-PIHPS
2021-12-08,1771,harga_pihps_grosir,17000.0,Rp,MGR01,BD-PIHPS
2021-12-08,1771,harga_pihps_grosir,16650.0,Rp,MGR02,BD-PIHPS
2021-12-08,1771,harga_pihps_grosir,16650.0,Rp,MGR03,BD-PIHPS
2021-12-08,1771,harga_pihps_grosir,20400.0,Rp,TLR01,BD-PIHPS
2021-12-08,1771,harga_pihps_modern,11100.0,Rp,BRS01,BD-PIHPS
2021-12-08,1771,harga_pihps_modern,12550.0,Rp,BRS02,BD-PIHPS
2021-12-08,1771,harga_pihps_modern,12350.0,Rp,BRS03,BD-PIHPS
2021-12-08,1771,harga_pihps_modern,12350.0,Rp,BRS04,BD-PIHPS
2021-12-08,1771,harga_pihps_modern,13450.0,Rp,BRS05,BD-PIHPS
2021-12-08,1771,harga_pihps_modern,15350.0,Rp,BRS06,BD-PIHPS
2021-12-08,1771,harga_pihps_modern,35450.0,Rp,BWM01,BD-PIHPS
2021-12-08,1771,harga_pihps_modern,31450.0,Rp,BWP01,BD-PIHPS
2021-12-08,1771,harga_pihps_modern,59950.0,Rp,CMR01,BD-PIHPS
2021-12-08,1771,harga_pihps_modern,53950.0,Rp,CMR02,BD-PIHPS
2021-12-08,1771,harga_pihps_modern,59950.0,Rp,CRW01,BD-PIHPS
2021-12-08,1771,harga_pihps_modern,69950.0,Rp,CRW02,BD-PIHPS
2021-12-08,1771,harga_pihps_modern,40200.0,Rp,DAY01,BD-PIHPS
2021-12-08,1771,harga_pihps_modern,129750.0,Rp,DSP01,BD-PIHPS
2021-12-08,1771,harga_pihps_modern,144500.0,Rp,DSP02,BD-PIHPS
2021-12-08,1771,harga_pihps_modern,12950.0,Rp,GLP01,BD-PIHPS
2021-12-08,1771,harga_pihps_modern,14250.0,Rp,GLP02,BD-PIHPS
2021-12-08,1771,harga_pihps_modern,19200.0,Rp,MGR02,BD-PIHPS
2021-12-08,1771,harga_pihps_modern,21150.0,Rp,MGR03,BD-PIHPS
2021-12-08,1771,harga_pihps_modern,31250.0,Rp,TLR01,BD-PIHPS
2021-12-08,1771,harga_pihps_produsen,9500.0,Rp,BRS01,BD-PIHPS
2021-12-08,1771,harga_pihps_produsen,8200.0,Rp,BRS03,BD-PIHPS
2021-12-08,1771,harga_pihps_produsen,8200.0,Rp,BRS04,BD-PIHPS
2021-12-08,1771,harga_pihps_produsen,9750.0,Rp,BRS05,BD-PIHPS
2021-12-08,1771,harga_pihps_produsen,8750.0,Rp,BRS06,BD-PIHPS
2021-12-08,1771,harga_pihps_produsen,25000.0,Rp,CMR01,BD-PIHPS
2021-12-08,1771,harga_pihps_produsen,32350.0,Rp,CMR02,BD-PIHPS
2021-12-08,1771,harga_pihps_produsen,20000.0,Rp,CRW01,BD-PIHPS
2021-12-08,1771,harga_pihps_produsen,20000.0,Rp,CRW02,BD-PIHPS
2021-12-08,1771,harga_pihps_produsen,19200.0,Rp,DAY01,BD-PIHPS
2021-12-08,1771,harga_pihps_produsen,120000.0,Rp,DSP01,BD-PIHPS
2021-12-08,1771,harga_pihps_produsen,120000.0,Rp,DSP02,BD-PIHPS
2021-12-08,1771,harga_pihps_produsen,20000.0,Rp,TLR01,BD-PIHPS
2021-12-09,1771,harga_pihps,9650.0,Rp,BRS01,BD-PIHPS
2021-12-09,1771,harga_pihps,11100.0,Rp,BRS02,BD-PIHPS
2021-12-09,1771,harga_pihps,11500.0,Rp,BRS03,BD-PIHPS
2021-12-09,1771,harga_pihps,11250.0,Rp,BRS04,BD-PIHPS
2021-12-09,1771,harga_pihps,12000.0,Rp,BRS05,BD-PIHPS
2021-12-09,1771,harga_pihps,12000.0,Rp,BRS06,BD-PIHPS
2021-12-09,1771,harga_pihps,26500.0,Rp,BWM01,BD-PIHPS
2021-12-09,1771,harga_pihps,26150.0,Rp,BWP01,BD-PIHPS
2021-12-09,1771,harga_pihps,34150.0,Rp,CMR01,BD-PIHPS
2021-12-09,1771,harga_pihps,38400.0,Rp,CMR02,BD-PIHPS
2021-12-09,1771,harga_pihps,40400.0,Rp,CRW01,BD-PIHPS
2021-12-09,1771,harga_pihps,32350.0,Rp,CRW02,BD-PIHPS
2021-12-09,1771,harga_pihps,35150.0,Rp,DAY01,BD-PIHPS
2021-12-09,1771,harga_pihps,123750.0,Rp,DSP01,BD-PIHPS
2021-12-09,1771,harga_pihps,123750.0,Rp,DSP02,BD-PIHPS
2021-12-09,1771,harga_pihps,12750.0,Rp,GLP01,BD-PIHPS
2021-12-09,1771,harga_pihps,13500.0,Rp,GLP02,BD-PIHPS
2021-12-09,1771,harga_pihps,18300.0,Rp,MGR01,BD-PIHPS
2021-12-09,1771,harga_pihps,19050.0,Rp,MGR02,BD-PIHPS
2021-12-09,1771,harga_pihps,18550.0,Rp,MGR03,BD-PIHPS
2021-12-09,1771,harga_pihps,23100.0,Rp,TLR01,BD-PIHPS
2021-12-09,1771,harga_pihps_grosir,9150.0,Rp,BRS01,BD-PIHPS
2021-12-09,1771,harga_pihps_grosir,10400.0,Rp,BRS02,BD-PIHPS
2021-12-09,1771,harga_pihps_grosir,11150.0,Rp,BRS03,BD-PIHPS
2021-12-09,1771,harga_pihps_grosir,10950.0,Rp,BRS04,BD-PIHPS
2021-12-09,1771,harga_pihps_grosir,11400.0,Rp,BRS05,BD-PIHPS
2021-12-09,1771,harga_pihps_grosir,11350.0,Rp,BRS06,BD-PIHPS
2021-12-09,1771,harga_pihps_grosir,19500.0,Rp,BWM01,BD-PIHPS
2021-12-09,1771,harga_pihps_grosir,21500.0,Rp,BWP01,BD-PIHPS
2021-12-09,1771,harga_pihps_grosir,30000.0,Rp,CMR01,BD-PIHPS
2021-12-09,1771,harga_pihps_grosir,33000.0,Rp,CMR02,BD-PIHPS
2021-12-09,1771,harga_pihps_grosir,36000.0,Rp,CRW01,BD-PIHPS
2021-12-09,1771,harga_pihps_grosir,31100.0,Rp,CRW02,BD-PIHPS
2021-12-09,1771,harga_pihps_grosir,27750.0,Rp,DAY01,BD-PIHPS
2021-12-09,1771,harga_pihps_grosir,120000.0,Rp,DSP01,BD-PIHPS
2021-12-09,1771,harga_pihps_grosir,120000.0,Rp,DSP02,BD-PIHPS
2021-12-09,1771,harga_pihps_grosir,12200.0,Rp,GLP01,BD-PIHPS
2021-12-09,1771,harga_pihps_grosir,17000.0,Rp,MGR01,BD-PIHPS
2021-12-09,1771,harga_pihps_grosir,16650.0,Rp,MGR02,BD-PIHPS
2021-12-09,1771,harga_pihps_grosir,16650.0,Rp,MGR03,BD-PIHPS
2021-12-09,1771,harga_pihps_grosir,20400.0,Rp,TLR01,BD-PIHPS
2021-12-09,1771,harga_pihps_modern,11100.0,Rp,BRS01,BD-PIHPS
2021-12-09,1771,harga_pihps_modern,12550.0,Rp,BRS02,BD-PIHPS
2021-12-09,1771,harga_pihps_modern,12350.0,Rp,BRS03,BD-PIHPS
2021-12-09,1771,harga_pihps_modern,12350.0,Rp,BRS04,BD-PIHPS
2021-12-09,1771,harga_pihps_modern,13450.0,Rp,BRS05,BD-PIHPS
2021-12-09,1771,harga_pihps_modern,15350.0,Rp,BRS06,BD-PIHPS
2021-12-09,1771,harga_pihps_modern,35450.0,Rp,BWM01,BD-PIHPS
2021-12-09,1771,harga_pihps_modern,31450.0,Rp,BWP01,BD-PIHPS
2021-12-09,1771,harga_pihps_modern,59950.0,Rp,CMR01,BD-PIHPS
2021-12-09,1771,harga_pihps_modern,53950.0,Rp,CMR02,BD-PIHPS
2021-12-09,1771,harga_pihps_modern,59950.0,Rp,CRW01,BD-PIHPS
2021-12-09,1771,harga_pihps_modern,69950.0,Rp,CRW02,BD-PIHPS
2021-12-09,1771,harga_pihps_modern,40200.0,Rp,DAY01,BD-PIHPS
2021-12-09,1771,harga_pihps_modern,129750.0,Rp,DSP01,BD-PIHPS
2021-12-09,1771,harga_pihps_modern,144500.0,Rp,DSP02,BD-PIHPS
2021-12-09,1771,harga_pihps_modern,12950.0,Rp,GLP01,BD-PIHPS
2021-12-09,1771,harga_pihps_modern,14250.0,Rp,GLP02,BD-PIHPS
2021-12-09,1771,harga_pihps_modern,19200.0,Rp,MGR02,BD-PIHPS
2021-12-09,1771,harga_pihps_modern,21150.0,Rp,MGR03,BD-PIHPS
2021-12-09,1771,harga_pihps_modern,31250.0,Rp,TLR01,BD-PIHPS
2021-12-09,1771,harga_pihps_produsen,9500.0,Rp,BRS01,BD-PIHPS
2021-12-09,1771,harga_pihps_produsen,8200.0,Rp,BRS03,BD-PIHPS
2021-12-09,1771,harga_pihps_produsen,8200.0,Rp,BRS04,BD-PIHPS
2021-12-09,1771,harga_pihps_produsen,9750.0,Rp,BRS05,BD-PIHPS
2021-12-09,1771,harga_pihps_produsen,8750.0,Rp,BRS06,BD-PIHPS
2021-12-09,1771,harga_pihps_produsen,25000.0,Rp,CMR01,BD-PIHPS
2021-12-09,1771,harga_pihps_produsen,32350.0,Rp,CMR02,BD-PIHPS
2021-12-09,1771,harga_pihps_produsen,20000.0,Rp,CRW01,BD-PIHPS
2021-12-09,1771,harga_pihps_produsen,20000.0,Rp,CRW02,BD-PIHPS
2021-12-09,1771,harga_pihps_produsen,19200.0,Rp,DAY01,BD-PIHPS
2021-12-09,1771,harga_pihps_produsen,120000.0,Rp,DSP01,BD-PIHPS
2021-12-09,1771,harga_pihps_produsen,120000.0,Rp,DSP02,BD-PIHPS
2021-12-09,1771,harga_pihps_produsen,20000.0,Rp,TLR01,BD-PIHPS
2021-12-10,1771,harga_pihps,9650.0,Rp,BRS01,BD-PIHPS
2021-12-10,1771,harga_pihps,11100.0,Rp,BRS02,BD-PIHPS
2021-12-10,1771,harga_pihps,11500.0,Rp,BRS03,BD-PIHPS
2021-12-10,1771,harga_pihps,11250.0,Rp,BRS04,BD-PIHPS
2021-12-10,1771,harga_pihps,12000.0,Rp,BRS05,BD-PIHPS
2021-12-10,1771,harga_pihps,12000.0,Rp,BRS06,BD-PIHPS
2021-12-10,1771,harga_pihps,27400.0,Rp,BWM01,BD-PIHPS
2021-12-10,1771,harga_pihps,26500.0,Rp,BWP01,BD-PIHPS
2021-12-10,1771,harga_pihps,37650.0,Rp,CMR01,BD-PIHPS
2021-12-10,1771,harga_pihps,41150.0,Rp,CMR02,BD-PIHPS
2021-12-10,1771,harga_pihps,42250.0,Rp,CRW01,BD-PIHPS
2021-12-10,1771,harga_pihps,34800.0,Rp,CRW02,BD-PIHPS
2021-12-10,1771,harga_pihps,35900.0,Rp,DAY01,BD-PIHPS
2021-12-10,1771,harga_pihps,123750.0,Rp,DSP01,BD-PIHPS
2021-12-10,1771,harga_pihps,123750.0,Rp,DSP02,BD-PIHPS
2021-12-10,1771,harga_pihps,12750.0,Rp,GLP01,BD-PIHPS
2021-12-10,1771,harga_pihps,13500.0,Rp,GLP02,BD-PIHPS
2021-12-10,1771,harga_pihps,18300.0,Rp,MGR01,BD-PIHPS
2021-12-10,1771,harga_pihps,19050.0,Rp,MGR02,BD-PIHPS
2021-12-10,1771,harga_pihps,18550.0,Rp,MGR03,BD-PIHPS
2021-12-10,1771,harga_pihps,23100.0,Rp,TLR01,BD-PIHPS
2021-12-10,1771,harga_pihps_grosir,9150.0,Rp,BRS01,BD-PIHPS
2021-12-10,1771,harga_pihps_grosir,10400.0,Rp,BRS02,BD-PIHPS
2021-12-10,1771,harga_pihps_grosir,11150.0,Rp,BRS03,BD-PIHPS
2021-12-10,1771,harga_pihps_grosir,10950.0,Rp,BRS04,BD-PIHPS
2021-12-10,1771,harga_pihps_grosir,11400.0,Rp,BRS05,BD-PIHPS
2021-12-10,1771,harga_pihps_grosir,11350.0,Rp,BRS06,BD-PIHPS
2021-12-10,1771,harga_pihps_grosir,19500.0,Rp,BWM01,BD-PIHPS
2021-12-10,1771,harga_pihps_grosir,21500.0,Rp,BWP01,BD-PIHPS
2021-12-10,1771,harga_pihps_grosir,30000.0,Rp,CMR01,BD-PIHPS
2021-12-10,1771,harga_pihps_grosir,33000.0,Rp,CMR02,BD-PIHPS
2021-12-10,1771,harga_pihps_grosir,36000.0,Rp,CRW01,BD-PIHPS
2021-12-10,1771,harga_pihps_grosir,31100.0,Rp,CRW02,BD-PIHPS
2021-12-10,1771,harga_pihps_grosir,27750.0,Rp,DAY01,BD-PIHPS
2021-12-10,1771,harga_pihps_grosir,120000.0,Rp,DSP01,BD-PIHPS
2021-12-10,1771,harga_pihps_grosir,120000.0,Rp,DSP02,BD-PIHPS
2021-12-10,1771,harga_pihps_grosir,12200.0,Rp,GLP01,BD-PIHPS
2021-12-10,1771,harga_pihps_grosir,17000.0,Rp,MGR01,BD-PIHPS
2021-12-10,1771,harga_pihps_grosir,16650.0,Rp,MGR02,BD-PIHPS
2021-12-10,1771,harga_pihps_grosir,16650.0,Rp,MGR03,BD-PIHPS
2021-12-10,1771,harga_pihps_grosir,20400.0,Rp,TLR01,BD-PIHPS
2021-12-10,1771,harga_pihps_modern,11100.0,Rp,BRS01,BD-PIHPS
2021-12-10,1771,harga_pihps_modern,12550.0,Rp,BRS02,BD-PIHPS
2021-12-10,1771,harga_pihps_modern,12350.0,Rp,BRS03,BD-PIHPS
2021-12-10,1771,harga_pihps_modern,12350.0,Rp,BRS04,BD-PIHPS
2021-12-10,1771,harga_pihps_modern,13450.0,Rp,BRS05,BD-PIHPS
2021-12-10,1771,harga_pihps_modern,15350.0,Rp,BRS06,BD-PIHPS
2021-12-10,1771,harga_pihps_modern,35450.0,Rp,BWM01,BD-PIHPS
2021-12-10,1771,harga_pihps_modern,31450.0,Rp,BWP01,BD-PIHPS
2021-12-10,1771,harga_pihps_modern,59950.0,Rp,CMR01,BD-PIHPS
2021-12-10,1771,harga_pihps_modern,53950.0,Rp,CMR02,BD-PIHPS
2021-12-10,1771,harga_pihps_modern,59950.0,Rp,CRW01,BD-PIHPS
2021-12-10,1771,harga_pihps_modern,69950.0,Rp,CRW02,BD-PIHPS
2021-12-10,1771,harga_pihps_modern,40200.0,Rp,DAY01,BD-PIHPS
2021-12-10,1771,harga_pihps_modern,129750.0,Rp,DSP01,BD-PIHPS
2021-12-10,1771,harga_pihps_modern,144500.0,Rp,DSP02,BD-PIHPS
2021-12-10,1771,harga_pihps_modern,12950.0,Rp,GLP01,BD-PIHPS
2021-12-10,1771,harga_pihps_modern,14250.0,Rp,GLP02,BD-PIHPS
2021-12-10,1771,harga_pihps_modern,19200.0,Rp,MGR02,BD-PIHPS
2021-12-10,1771,harga_pihps_modern,21150.0,Rp,MGR03,BD-PIHPS
2021-12-10,1771,harga_pihps_modern,31250.0,Rp,TLR01,BD-PIHPS
2021-12-10,1771,harga_pihps_produsen,9500.0,Rp,BRS01,BD-PIHPS
2021-12-10,1771,harga_pihps_produsen,8200.0,Rp,BRS03,BD-PIHPS
2021-12-10,1771,harga_pihps_produsen,8200.0,Rp,BRS04,BD-PIHPS
2021-12-10,1771,harga_pihps_produsen,9750.0,Rp,BRS05,BD-PIHPS
2021-12-10,1771,harga_pihps_produsen,8750.0,Rp,BRS06,BD-PIHPS
2021-12-10,1771,harga_pihps_produsen,25000.0,Rp,CMR01,BD-PIHPS
2021-12-10,1771,harga_pihps_produsen,32350.0,Rp,CMR02,BD-PIHPS
2021-12-10,1771,harga_pihps_produsen,20000.0,Rp,CRW01,BD-PIHPS
2021-12-10,1771,harga_pihps_produsen,20000.0,Rp,CRW02,BD-PIHPS
2021-12-10,1771,harga_pihps_produsen,19200.0,Rp,DAY01,BD-PIHPS
2021-12-10,1771,harga_pihps_produsen,120000.0,Rp,DSP01,BD-PIHPS
2021-12-10,1771,harga_pihps_produsen,120000.0,Rp,DSP02,BD-PIHPS
2021-12-10,1771,harga_pihps_produsen,20000.0,Rp,TLR01,BD-PIHPS
2021-12-13,1771,harga_pihps,9650.0,Rp,BRS01,BD-PIHPS
2021-12-13,1771,harga_pihps,11100.0,Rp,BRS02,BD-PIHPS
2021-12-13,1771,harga_pihps,11500.0,Rp,BRS03,BD-PIHPS
2021-12-13,1771,harga_pihps,11250.0,Rp,BRS04,BD-PIHPS
2021-12-13,1771,harga_pihps,12000.0,Rp,BRS05,BD-PIHPS
2021-12-13,1771,harga_pihps,12000.0,Rp,BRS06,BD-PIHPS
2021-12-13,1771,harga_pihps,26900.0,Rp,BWM01,BD-PIHPS
2021-12-13,1771,harga_pihps,26250.0,Rp,BWP01,BD-PIHPS
2021-12-13,1771,harga_pihps,37250.0,Rp,CMR01,BD-PIHPS
2021-12-13,1771,harga_pihps,40900.0,Rp,CMR02,BD-PIHPS
2021-12-13,1771,harga_pihps,41250.0,Rp,CRW01,BD-PIHPS
2021-12-13,1771,harga_pihps,37400.0,Rp,CRW02,BD-PIHPS
2021-12-13,1771,harga_pihps,35150.0,Rp,DAY01,BD-PIHPS
2021-12-13,1771,harga_pihps,123750.0,Rp,DSP01,BD-PIHPS
2021-12-13,1771,harga_pihps,123750.0,Rp,DSP02,BD-PIHPS
2021-12-13,1771,harga_pihps,12750.0,Rp,GLP01,BD-PIHPS
2021-12-13,1771,harga_pihps,13500.0,Rp,GLP02,BD-PIHPS
2021-12-13,1771,harga_pihps,18300.0,Rp,MGR01,BD-PIHPS
2021-12-13,1771,harga_pihps,19050.0,Rp,MGR02,BD-PIHPS
2021-12-13,1771,harga_pihps,18550.0,Rp,MGR03,BD-PIHPS
2021-12-13,1771,harga_pihps,23100.0,Rp,TLR01,BD-PIHPS
2021-12-13,1771,harga_pihps_grosir,9150.0,Rp,BRS01,BD-PIHPS
2021-12-13,1771,harga_pihps_grosir,10400.0,Rp,BRS02,BD-PIHPS
2021-12-13,1771,harga_pihps_grosir,11150.0,Rp,BRS03,BD-PIHPS
2021-12-13,1771,harga_pihps_grosir,10950.0,Rp,BRS04,BD-PIHPS
2021-12-13,1771,harga_pihps_grosir,11400.0,Rp,BRS05,BD-PIHPS
2021-12-13,1771,harga_pihps_grosir,11350.0,Rp,BRS06,BD-PIHPS
2021-12-13,1771,harga_pihps_grosir,19500.0,Rp,BWM01,BD-PIHPS
2021-12-13,1771,harga_pihps_grosir,21500.0,Rp,BWP01,BD-PIHPS
2021-12-13,1771,harga_pihps_grosir,30000.0,Rp,CMR01,BD-PIHPS
2021-12-13,1771,harga_pihps_grosir,33000.0,Rp,CMR02,BD-PIHPS
2021-12-13,1771,harga_pihps_grosir,36000.0,Rp,CRW01,BD-PIHPS
2021-12-13,1771,harga_pihps_grosir,31100.0,Rp,CRW02,BD-PIHPS
2021-12-13,1771,harga_pihps_grosir,27750.0,Rp,DAY01,BD-PIHPS
2021-12-13,1771,harga_pihps_grosir,120000.0,Rp,DSP01,BD-PIHPS
2021-12-13,1771,harga_pihps_grosir,120000.0,Rp,DSP02,BD-PIHPS
2021-12-13,1771,harga_pihps_grosir,12200.0,Rp,GLP01,BD-PIHPS
2021-12-13,1771,harga_pihps_grosir,17000.0,Rp,MGR01,BD-PIHPS
2021-12-13,1771,harga_pihps_grosir,16650.0,Rp,MGR02,BD-PIHPS
2021-12-13,1771,harga_pihps_grosir,16650.0,Rp,MGR03,BD-PIHPS
2021-12-13,1771,harga_pihps_grosir,20400.0,Rp,TLR01,BD-PIHPS
2021-12-13,1771,harga_pihps_modern,11100.0,Rp,BRS01,BD-PIHPS
2021-12-13,1771,harga_pihps_modern,12550.0,Rp,BRS02,BD-PIHPS
2021-12-13,1771,harga_pihps_modern,12350.0,Rp,BRS03,BD-PIHPS
2021-12-13,1771,harga_pihps_modern,12350.0,Rp,BRS04,BD-PIHPS
2021-12-13,1771,harga_pihps_modern,13450.0,Rp,BRS05,BD-PIHPS
2021-12-13,1771,harga_pihps_modern,15350.0,Rp,BRS06,BD-PIHPS
2021-12-13,1771,harga_pihps_modern,35450.0,Rp,BWM01,BD-PIHPS
2021-12-13,1771,harga_pihps_modern,31450.0,Rp,BWP01,BD-PIHPS
2021-12-13,1771,harga_pihps_modern,59950.0,Rp,CMR01,BD-PIHPS
2021-12-13,1771,harga_pihps_modern,53950.0,Rp,CMR02,BD-PIHPS
2021-12-13,1771,harga_pihps_modern,59950.0,Rp,CRW01,BD-PIHPS
2021-12-13,1771,harga_pihps_modern,69950.0,Rp,CRW02,BD-PIHPS
2021-12-13,1771,harga_pihps_modern,40200.0,Rp,DAY01,BD-PIHPS
2021-12-13,1771,harga_pihps_modern,129750.0,Rp,DSP01,BD-PIHPS
2021-12-13,1771,harga_pihps_modern,144500.0,Rp,DSP02,BD-PIHPS
2021-12-13,1771,harga_pihps_modern,12950.0,Rp,GLP01,BD-PIHPS
2021-12-13,1771,harga_pihps_modern,14250.0,Rp,GLP02,BD-PIHPS
2021-12-13,1771,harga_pihps_modern,19200.0,Rp,MGR02,BD-PIHPS
2021-12-13,1771,harga_pihps_modern,21150.0,Rp,MGR03,BD-PIHPS
2021-12-13,1771,harga_pihps_modern,31250.0,Rp,TLR01,BD-PIHPS
2021-12-13,1771,harga_pihps_produsen,9500.0,Rp,BRS01,BD-PIHPS
2021-12-13,1771,harga_pihps_produsen,8200.0,Rp,BRS03,BD-PIHPS
2021-12-13,1771,harga_pihps_produsen,8200.0,Rp,BRS04,BD-PIHPS
2021-12-13,1771,harga_pihps_produsen,9750.0,Rp,BRS05,BD-PIHPS
2021-12-13,1771,harga_pihps_produsen,8750.0,Rp,BRS06,BD-PIHPS
2021-12-13,1771,harga_pihps_produsen,25000.0,Rp,CMR01,BD-PIHPS
2021-12-13,1771,harga_pihps_produsen,32350.0,Rp,CMR02,BD-PIHPS
2021-12-13,1771,harga_pihps_produsen,20000.0,Rp,CRW01,BD-PIHPS
2021-12-13,1771,harga_pihps_produsen,20000.0,Rp,CRW02,BD-PIHPS
2021-12-13,1771,harga_pihps_produsen,19200.0,Rp,DAY01,BD-PIHPS
2021-12-13,1771,harga_pihps_produsen,120000.0,Rp,DSP01,BD-PIHPS
2021-12-13,1771,harga_pihps_produsen,120000.0,Rp,DSP02,BD-PIHPS
2021-12-13,1771,harga_pihps_produsen,20000.0,Rp,TLR01,BD-PIHPS
2021-12-14,1771,harga_pihps,9650.0,Rp,BRS01,BD-PIHPS
2021-12-14,1771,harga_pihps,11100.0,Rp,BRS02,BD-PIHPS
2021-12-14,1771,harga_pihps,11550.0,Rp,BRS03,BD-PIHPS
2021-12-14,1771,harga_pihps,11350.0,Rp,BRS04,BD-PIHPS
2021-12-14,1771,harga_pihps,12000.0,Rp,BRS05,BD-PIHPS
2021-12-14,1771,harga_pihps,12050.0,Rp,BRS06,BD-PIHPS
2021-12-14,1771,harga_pihps,28000.0,Rp,BWM01,BD-PIHPS
2021-12-14,1771,harga_pihps,27400.0,Rp,BWP01,BD-PIHPS
2021-12-14,1771,harga_pihps,35900.0,Rp,CMR01,BD-PIHPS
2021-12-14,1771,harga_pihps,39750.0,Rp,CMR02,BD-PIHPS
2021-12-14,1771,harga_pihps,40500.0,Rp,CRW01,BD-PIHPS
2021-12-14,1771,harga_pihps,39250.0,Rp,CRW02,BD-PIHPS
2021-12-14,1771,harga_pihps,34500.0,Rp,DAY01,BD-PIHPS
2021-12-14,1771,harga_pihps,123750.0,Rp,DSP01,BD-PIHPS
2021-12-14,1771,harga_pihps,123750.0,Rp,DSP02,BD-PIHPS
2021-12-14,1771,harga_pihps,12750.0,Rp,GLP01,BD-PIHPS
2021-12-14,1771,harga_pihps,13500.0,Rp,GLP02,BD-PIHPS
2021-12-14,1771,harga_pihps,18300.0,Rp,MGR01,BD-PIHPS
2021-12-14,1771,harga_pihps,19050.0,Rp,MGR02,BD-PIHPS
2021-12-14,1771,harga_pihps,18550.0,Rp,MGR03,BD-PIHPS
2021-12-14,1771,harga_pihps,23100.0,Rp,TLR01,BD-PIHPS
2021-12-14,1771,harga_pihps_grosir,9150.0,Rp,BRS01,BD-PIHPS
2021-12-14,1771,harga_pihps_grosir,10500.0,Rp,BRS02,BD-PIHPS
2021-12-14,1771,harga_pihps_grosir,11300.0,Rp,BRS03,BD-PIHPS
2021-12-14,1771,harga_pihps_grosir,11150.0,Rp,BRS04,BD-PIHPS
2021-12-14,1771,harga_pihps_grosir,11600.0,Rp,BRS05,BD-PIHPS
2021-12-14,1771,harga_pihps_grosir,11600.0,Rp,BRS06,BD-PIHPS
2021-12-14,1771,harga_pihps_grosir,22750.0,Rp,BWM01,BD-PIHPS
2021-12-14,1771,harga_pihps_grosir,21000.0,Rp,BWP01,BD-PIHPS
2021-12-14,1771,harga_pihps_grosir,33500.0,Rp,CMR01,BD-PIHPS
2021-12-14,1771,harga_pihps_grosir,37500.0,Rp,CMR02,BD-PIHPS
2021-12-14,1771,harga_pihps_grosir,38000.0,Rp,CRW01,BD-PIHPS
2021-12-14,1771,harga_pihps_grosir,35400.0,Rp,CRW02,BD-PIHPS
2021-12-14,1771,harga_pihps_grosir,27750.0,Rp,DAY01,BD-PIHPS
2021-12-14,1771,harga_pihps_grosir,120000.0,Rp,DSP01,BD-PIHPS
2021-12-14,1771,harga_pihps_grosir,120000.0,Rp,DSP02,BD-PIHPS
2021-12-14,1771,harga_pihps_grosir,12450.0,Rp,GLP01,BD-PIHPS
2021-12-14,1771,harga_pihps_grosir,17250.0,Rp,MGR01,BD-PIHPS
2021-12-14,1771,harga_pihps_grosir,17150.0,Rp,MGR02,BD-PIHPS
2021-12-14,1771,harga_pihps_grosir,17400.0,Rp,MGR03,BD-PIHPS
2021-12-14,1771,harga_pihps_grosir,20400.0,Rp,TLR01,BD-PIHPS
2021-12-14,1771,harga_pihps_modern,11100.0,Rp,BRS01,BD-PIHPS
2021-12-14,1771,harga_pihps_modern,12550.0,Rp,BRS02,BD-PIHPS
2021-12-14,1771,harga_pihps_modern,12350.0,Rp,BRS03,BD-PIHPS
2021-12-14,1771,harga_pihps_modern,12350.0,Rp,BRS04,BD-PIHPS
2021-12-14,1771,harga_pihps_modern,13450.0,Rp,BRS05,BD-PIHPS
2021-12-14,1771,harga_pihps_modern,15350.0,Rp,BRS06,BD-PIHPS
2021-12-14,1771,harga_pihps_modern,36950.0,Rp,BWM01,BD-PIHPS
2021-12-14,1771,harga_pihps_modern,32450.0,Rp,BWP01,BD-PIHPS
2021-12-14,1771,harga_pihps_modern,62450.0,Rp,CMR01,BD-PIHPS
2021-12-14,1771,harga_pihps_modern,56450.0,Rp,CMR02,BD-PIHPS
2021-12-14,1771,harga_pihps_modern,59950.0,Rp,CRW01,BD-PIHPS
2021-12-14,1771,harga_pihps_modern,69950.0,Rp,CRW02,BD-PIHPS
2021-12-14,1771,harga_pihps_modern,40200.0,Rp,DAY01,BD-PIHPS
2021-12-14,1771,harga_pihps_modern,129750.0,Rp,DSP01,BD-PIHPS
2021-12-14,1771,harga_pihps_modern,144500.0,Rp,DSP02,BD-PIHPS
2021-12-14,1771,harga_pihps_modern,12950.0,Rp,GLP01,BD-PIHPS
2021-12-14,1771,harga_pihps_modern,14250.0,Rp,GLP02,BD-PIHPS
2021-12-14,1771,harga_pihps_modern,19200.0,Rp,MGR02,BD-PIHPS
2021-12-14,1771,harga_pihps_modern,21150.0,Rp,MGR03,BD-PIHPS
2021-12-14,1771,harga_pihps_modern,31250.0,Rp,TLR01,BD-PIHPS
2021-12-14,1771,harga_pihps_produsen,9500.0,Rp,BRS01,BD-PIHPS
2021-12-14,1771,harga_pihps_produsen,8200.0,Rp,BRS03,BD-PIHPS
2021-12-14,1771,harga_pihps_produsen,8200.0,Rp,BRS04,BD-PIHPS
2021-12-14,1771,harga_pihps_produsen,9750.0,Rp,BRS05,BD-PIHPS
2021-12-14,1771,harga_pihps_produsen,8750.0,Rp,BRS06,BD-PIHPS
2021-12-14,1771,harga_pihps_produsen,25000.0,Rp,CMR01,BD-PIHPS
2021-12-14,1771,harga_pihps_produsen,32350.0,Rp,CMR02,BD-PIHPS
2021-12-14,1771,harga_pihps_produsen,20000.0,Rp,CRW01,BD-PIHPS
2021-12-14,1771,harga_pihps_produsen,20000.0,Rp,CRW02,BD-PIHPS
2021-12-14,1771,harga_pihps_produsen,19200.0,Rp,DAY01,BD-PIHPS
2021-12-14,1771,harga_pihps_produsen,120000.0,Rp,DSP01,BD-PIHPS
2021-12-14,1771,harga_pihps_produsen,120000.0,Rp,DSP02,BD-PIHPS
2021-12-14,1771,harga_pihps_produsen,20000.0,Rp,TLR01,BD-PIHPS
2021-12-15,1771,harga_pihps,9650.0,Rp,BRS01,BD-PIHPS
2021-12-15,1771,harga_pihps,11100.0,Rp,BRS02,BD-PIHPS
2021-12-15,1771,harga_pihps,11550.0,Rp,BRS03,BD-PIHPS
2021-12-15,1771,harga_pihps,11350.0,Rp,BRS04,BD-PIHPS
2021-12-15,1771,harga_pihps,12000.0,Rp,BRS05,BD-PIHPS
2021-12-15,1771,harga_pihps,12050.0,Rp,BRS06,BD-PIHPS
2021-12-15,1771,harga_pihps,29000.0,Rp,BWM01,BD-PIHPS
2021-12-15,1771,harga_pihps,27650.0,Rp,BWP01,BD-PIHPS
2021-12-15,1771,harga_pihps,38150.0,Rp,CMR01,BD-PIHPS
2021-12-15,1771,harga_pihps,40900.0,Rp,CMR02,BD-PIHPS
2021-12-15,1771,harga_pihps,42000.0,Rp,CRW01,BD-PIHPS
2021-12-15,1771,harga_pihps,38850.0,Rp,CRW02,BD-PIHPS
2021-12-15,1771,harga_pihps,35150.0,Rp,DAY01,BD-PIHPS
2021-12-15,1771,harga_pihps,123750.0,Rp,DSP01,BD-PIHPS
2021-12-15,1771,harga_pihps,123750.0,Rp,DSP02,BD-PIHPS
2021-12-15,1771,harga_pihps,12750.0,Rp,GLP01,BD-PIHPS
2021-12-15,1771,harga_pihps,13500.0,Rp,GLP02,BD-PIHPS
2021-12-15,1771,harga_pihps,18300.0,Rp,MGR01,BD-PIHPS
2021-12-15,1771,harga_pihps,19050.0,Rp,MGR02,BD-PIHPS
2021-12-15,1771,harga_pihps,18750.0,Rp,MGR03,BD-PIHPS
2021-12-15,1771,harga_pihps,23300.0,Rp,TLR01,BD-PIHPS
2021-12-15,1771,harga_pihps_grosir,9150.0,Rp,BRS01,BD-PIHPS
2021-12-15,1771,harga_pihps_grosir,10500.0,Rp,BRS02,BD-PIHPS
2021-12-15,1771,harga_pihps_grosir,11300.0,Rp,BRS03,BD-PIHPS
2021-12-15,1771,harga_pihps_grosir,11150.0,Rp,BRS04,BD-PIHPS
2021-12-15,1771,harga_pihps_grosir,11600.0,Rp,BRS05,BD-PIHPS
2021-12-15,1771,harga_pihps_grosir,11600.0,Rp,BRS06,BD-PIHPS
2021-12-15,1771,harga_pihps_grosir,22750.0,Rp,BWM01,BD-PIHPS
2021-12-15,1771,harga_pihps_grosir,21000.0,Rp,BWP01,BD-PIHPS
2021-12-15,1771,harga_pihps_grosir,33500.0,Rp,CMR01,BD-PIHPS
2021-12-15,1771,harga_pihps_grosir,37500.0,Rp,CMR02,BD-PIHPS
2021-12-15,1771,harga_pihps_grosir,38000.0,Rp,CRW01,BD-PIHPS
2021-12-15,1771,harga_pihps_grosir,35400.0,Rp,CRW02,BD-PIHPS
2021-12-15,1771,harga_pihps_grosir,27750.0,Rp,DAY01,BD-PIHPS
2021-12-15,1771,harga_pihps_grosir,120000.0,Rp,DSP01,BD-PIHPS
2021-12-15,1771,harga_pihps_grosir,120000.0,Rp,DSP02,BD-PIHPS
2021-12-15,1771,harga_pihps_grosir,12450.0,Rp,GLP01,BD-PIHPS
2021-12-15,1771,harga_pihps_grosir,17250.0,Rp,MGR01,BD-PIHPS
2021-12-15,1771,harga_pihps_grosir,17150.0,Rp,MGR02,BD-PIHPS
2021-12-15,1771,harga_pihps_grosir,17400.0,Rp,MGR03,BD-PIHPS
2021-12-15,1771,harga_pihps_grosir,20400.0,Rp,TLR01,BD-PIHPS
2021-12-15,1771,harga_pihps_modern,11100.0,Rp,BRS01,BD-PIHPS
2021-12-15,1771,harga_pihps_modern,12550.0,Rp,BRS02,BD-PIHPS
2021-12-15,1771,harga_pihps_modern,12350.0,Rp,BRS03,BD-PIHPS
2021-12-15,1771,harga_pihps_modern,12350.0,Rp,BRS04,BD-PIHPS
2021-12-15,1771,harga_pihps_modern,13450.0,Rp,BRS05,BD-PIHPS
2021-12-15,1771,harga_pihps_modern,15350.0,Rp,BRS06,BD-PIHPS
2021-12-15,1771,harga_pihps_modern,36950.0,Rp,BWM01,BD-PIHPS
2021-12-15,1771,harga_pihps_modern,32450.0,Rp,BWP01,BD-PIHPS
2021-12-15,1771,harga_pihps_modern,62450.0,Rp,CMR01,BD-PIHPS
2021-12-15,1771,harga_pihps_modern,56450.0,Rp,CMR02,BD-PIHPS
2021-12-15,1771,harga_pihps_modern,59950.0,Rp,CRW01,BD-PIHPS
2021-12-15,1771,harga_pihps_modern,69950.0,Rp,CRW02,BD-PIHPS
2021-12-15,1771,harga_pihps_modern,40200.0,Rp,DAY01,BD-PIHPS
2021-12-15,1771,harga_pihps_modern,129750.0,Rp,DSP01,BD-PIHPS
2021-12-15,1771,harga_pihps_modern,144500.0,Rp,DSP02,BD-PIHPS
2021-12-15,1771,harga_pihps_modern,12950.0,Rp,GLP01,BD-PIHPS
2021-12-15,1771,harga_pihps_modern,14250.0,Rp,GLP02,BD-PIHPS
2021-12-15,1771,harga_pihps_modern,19200.0,Rp,MGR02,BD-PIHPS
2021-12-15,1771,harga_pihps_modern,21150.0,Rp,MGR03,BD-PIHPS
2021-12-15,1771,harga_pihps_modern,31250.0,Rp,TLR01,BD-PIHPS
2021-12-15,1771,harga_pihps_produsen,9500.0,Rp,BRS01,BD-PIHPS
2021-12-15,1771,harga_pihps_produsen,8200.0,Rp,BRS03,BD-PIHPS
2021-12-15,1771,harga_pihps_produsen,8200.0,Rp,BRS04,BD-PIHPS
2021-12-15,1771,harga_pihps_produsen,9750.0,Rp,BRS05,BD-PIHPS
2021-12-15,1771,harga_pihps_produsen,8750.0,Rp,BRS06,BD-PIHPS
2021-12-15,1771,harga_pihps_produsen,25000.0,Rp,CMR01,BD-PIHPS
2021-12-15,1771,harga_pihps_produsen,32350.0,Rp,CMR02,BD-PIHPS
2021-12-15,1771,harga_pihps_produsen,20000.0,Rp,CRW01,BD-PIHPS
2021-12-15,1771,harga_pihps_produsen,20000.0,Rp,CRW02,BD-PIHPS
2021-12-15,1771,harga_pihps_produsen,19200.0,Rp,DAY01,BD-PIHPS
2021-12-15,1771,harga_pihps_produsen,120000.0,Rp,DSP01,BD-PIHPS
2021-12-15,1771,harga_pihps_produsen,120000.0,Rp,DSP02,BD-PIHPS
2021-12-15,1771,harga_pihps_produsen,20000.0,Rp,TLR01,BD-PIHPS
2021-12-16,1771,harga_pihps,9650.0,Rp,BRS01,BD-PIHPS
2021-12-16,1771,harga_pihps,11100.0,Rp,BRS02,BD-PIHPS
2021-12-16,1771,harga_pihps,11550.0,Rp,BRS03,BD-PIHPS
2021-12-16,1771,harga_pihps,11350.0,Rp,BRS04,BD-PIHPS
2021-12-16,1771,harga_pihps,12000.0,Rp,BRS05,BD-PIHPS
2021-12-16,1771,harga_pihps,12050.0,Rp,BRS06,BD-PIHPS
2021-12-16,1771,harga_pihps,29250.0,Rp,BWM01,BD-PIHPS
2021-12-16,1771,harga_pihps,28150.0,Rp,BWP01,BD-PIHPS
2021-12-16,1771,harga_pihps,39250.0,Rp,CMR01,BD-PIHPS
2021-12-16,1771,harga_pihps,41900.0,Rp,CMR02,BD-PIHPS
2021-12-16,1771,harga_pihps,42250.0,Rp,CRW01,BD-PIHPS
2021-12-16,1771,harga_pihps,39900.0,Rp,CRW02,BD-PIHPS
2021-12-16,1771,harga_pihps,35150.0,Rp,DAY01,BD-PIHPS
2021-12-16,1771,harga_pihps,123750.0,Rp,DSP01,BD-PIHPS
2021-12-16,1771,harga_pihps,123750.0,Rp,DSP02,BD-PIHPS
2021-12-16,1771,harga_pihps,12750.0,Rp,GLP01,BD-PIHPS
2021-12-16,1771,harga_pihps,13500.0,Rp,GLP02,BD-PIHPS
2021-12-16,1771,harga_pihps,18500.0,Rp,MGR01,BD-PIHPS
2021-12-16,1771,harga_pihps,19050.0,Rp,MGR02,BD-PIHPS
2021-12-16,1771,harga_pihps,18950.0,Rp,MGR03,BD-PIHPS
2021-12-16,1771,harga_pihps,23400.0,Rp,TLR01,BD-PIHPS
2021-12-16,1771,harga_pihps_grosir,9150.0,Rp,BRS01,BD-PIHPS
2021-12-16,1771,harga_pihps_grosir,10500.0,Rp,BRS02,BD-PIHPS
2021-12-16,1771,harga_pihps_grosir,11300.0,Rp,BRS03,BD-PIHPS
2021-12-16,1771,harga_pihps_grosir,11150.0,Rp,BRS04,BD-PIHPS
2021-12-16,1771,harga_pihps_grosir,11600.0,Rp,BRS05,BD-PIHPS
2021-12-16,1771,harga_pihps_grosir,11600.0,Rp,BRS06,BD-PIHPS
2021-12-16,1771,harga_pihps_grosir,22750.0,Rp,BWM01,BD-PIHPS
2021-12-16,1771,harga_pihps_grosir,21000.0,Rp,BWP01,BD-PIHPS
2021-12-16,1771,harga_pihps_grosir,33500.0,Rp,CMR01,BD-PIHPS
2021-12-16,1771,harga_pihps_grosir,37500.0,Rp,CMR02,BD-PIHPS
2021-12-16,1771,harga_pihps_grosir,38000.0,Rp,CRW01,BD-PIHPS
2021-12-16,1771,harga_pihps_grosir,35400.0,Rp,CRW02,BD-PIHPS
2021-12-16,1771,harga_pihps_grosir,27750.0,Rp,DAY01,BD-PIHPS
2021-12-16,1771,harga_pihps_grosir,120000.0,Rp,DSP01,BD-PIHPS
2021-12-16,1771,harga_pihps_grosir,120000.0,Rp,DSP02,BD-PIHPS
2021-12-16,1771,harga_pihps_grosir,12450.0,Rp,GLP01,BD-PIHPS
2021-12-16,1771,harga_pihps_grosir,17250.0,Rp,MGR01,BD-PIHPS
2021-12-16,1771,harga_pihps_grosir,17150.0,Rp,MGR02,BD-PIHPS
2021-12-16,1771,harga_pihps_grosir,17400.0,Rp,MGR03,BD-PIHPS
2021-12-16,1771,harga_pihps_grosir,20400.0,Rp,TLR01,BD-PIHPS
2021-12-16,1771,harga_pihps_modern,11100.0,Rp,BRS01,BD-PIHPS
2021-12-16,1771,harga_pihps_modern,12550.0,Rp,BRS02,BD-PIHPS
2021-12-16,1771,harga_pihps_modern,12350.0,Rp,BRS03,BD-PIHPS
2021-12-16,1771,harga_pihps_modern,12350.0,Rp,BRS04,BD-PIHPS
2021-12-16,1771,harga_pihps_modern,13450.0,Rp,BRS05,BD-PIHPS
2021-12-16,1771,harga_pihps_modern,15350.0,Rp,BRS06,BD-PIHPS
2021-12-16,1771,harga_pihps_modern,36950.0,Rp,BWM01,BD-PIHPS
2021-12-16,1771,harga_pihps_modern,32450.0,Rp,BWP01,BD-PIHPS
2021-12-16,1771,harga_pihps_modern,62450.0,Rp,CMR01,BD-PIHPS
2021-12-16,1771,harga_pihps_modern,56450.0,Rp,CMR02,BD-PIHPS
2021-12-16,1771,harga_pihps_modern,59950.0,Rp,CRW01,BD-PIHPS
2021-12-16,1771,harga_pihps_modern,69950.0,Rp,CRW02,BD-PIHPS
2021-12-16,1771,harga_pihps_modern,40200.0,Rp,DAY01,BD-PIHPS
2021-12-16,1771,harga_pihps_modern,129750.0,Rp,DSP01,BD-PIHPS
2021-12-16,1771,harga_pihps_modern,144500.0,Rp,DSP02,BD-PIHPS
2021-12-16,1771,harga_pihps_modern,12950.0,Rp,GLP01,BD-PIHPS
2021-12-16,1771,harga_pihps_modern,14250.0,Rp,GLP02,BD-PIHPS
2021-12-16,1771,harga_pihps_modern,19200.0,Rp,MGR02,BD-PIHPS
2021-12-16,1771,harga_pihps_modern,21150.0,Rp,MGR03,BD-PIHPS
2021-12-16,1771,harga_pihps_modern,31250.0,Rp,TLR01,BD-PIHPS
2021-12-16,1771,harga_pihps_produsen,9500.0,Rp,BRS01,BD-PIHPS
2021-12-16,1771,harga_pihps_produsen,8200.0,Rp,BRS03,BD-PIHPS
2021-12-16,1771,harga_pihps_produsen,8200.0,Rp,BRS04,BD-PIHPS
2021-12-16,1771,harga_pihps_produsen,9750.0,Rp,BRS05,BD-PIHPS
2021-12-16,1771,harga_pihps_produsen,8750.0,Rp,BRS06,BD-PIHPS
2021-12-16,1771,harga_pihps_produsen,25000.0,Rp,CMR01,BD-PIHPS
2021-12-16,1771,harga_pihps_produsen,32350.0,Rp,CMR02,BD-PIHPS
2021-12-16,1771,harga_pihps_produsen,20000.0,Rp,CRW01,BD-PIHPS
2021-12-16,1771,harga_pihps_produsen,20000.0,Rp,CRW02,BD-PIHPS
2021-12-16,1771,harga_pihps_produsen,19200.0,Rp,DAY01,BD-PIHPS
2021-12-16,1771,harga_pihps_produsen,120000.0,Rp,DSP01,BD-PIHPS
2021-12-16,1771,harga_pihps_produsen,120000.0,Rp,DSP02,BD-PIHPS
2021-12-16,1771,harga_pihps_produsen,20000.0,Rp,TLR01,BD-PIHPS
2021-12-17,1771,harga_pihps,9650.0,Rp,BRS01,BD-PIHPS
2021-12-17,1771,harga_pihps,11100.0,Rp,BRS02,BD-PIHPS
2021-12-17,1771,harga_pihps,11550.0,Rp,BRS03,BD-PIHPS
2021-12-17,1771,harga_pihps,11350.0,Rp,BRS04,BD-PIHPS
2021-12-17,1771,harga_pihps,12000.0,Rp,BRS05,BD-PIHPS
2021-12-17,1771,harga_pihps,12050.0,Rp,BRS06,BD-PIHPS
2021-12-17,1771,harga_pihps,29250.0,Rp,BWM01,BD-PIHPS
2021-12-17,1771,harga_pihps,27500.0,Rp,BWP01,BD-PIHPS
2021-12-17,1771,harga_pihps,37500.0,Rp,CMR01,BD-PIHPS
2021-12-17,1771,harga_pihps,40650.0,Rp,CMR02,BD-PIHPS
2021-12-17,1771,harga_pihps,43400.0,Rp,CRW01,BD-PIHPS
2021-12-17,1771,harga_pihps,42000.0,Rp,CRW02,BD-PIHPS
2021-12-17,1771,harga_pihps,36000.0,Rp,DAY01,BD-PIHPS
2021-12-17,1771,harga_pihps,123750.0,Rp,DSP01,BD-PIHPS
2021-12-17,1771,harga_pihps,123750.0,Rp,DSP02,BD-PIHPS
2021-12-17,1771,harga_pihps,12700.0,Rp,GLP01,BD-PIHPS
2021-12-17,1771,harga_pihps,13500.0,Rp,GLP02,BD-PIHPS
2021-12-17,1771,harga_pihps,18500.0,Rp,MGR01,BD-PIHPS
2021-12-17,1771,harga_pihps,19050.0,Rp,MGR02,BD-PIHPS
2021-12-17,1771,harga_pihps,18950.0,Rp,MGR03,BD-PIHPS
2021-12-17,1771,harga_pihps,23400.0,Rp,TLR01,BD-PIHPS
2021-12-17,1771,harga_pihps_grosir,9150.0,Rp,BRS01,BD-PIHPS
2021-12-17,1771,harga_pihps_grosir,10500.0,Rp,BRS02,BD-PIHPS
2021-12-17,1771,harga_pihps_grosir,11300.0,Rp,BRS03,BD-PIHPS
2021-12-17,1771,harga_pihps_grosir,11150.0,Rp,BRS04,BD-PIHPS
2021-12-17,1771,harga_pihps_grosir,11600.0,Rp,BRS05,BD-PIHPS
2021-12-17,1771,harga_pihps_grosir,11600.0,Rp,BRS06,BD-PIHPS
2021-12-17,1771,harga_pihps_grosir,22750.0,Rp,BWM01,BD-PIHPS
2021-12-17,1771,harga_pihps_grosir,21000.0,Rp,BWP01,BD-PIHPS
2021-12-17,1771,harga_pihps_grosir,33500.0,Rp,CMR01,BD-PIHPS
2021-12-17,1771,harga_pihps_grosir,37500.0,Rp,CMR02,BD-PIHPS
2021-12-17,1771,harga_pihps_grosir,38000.0,Rp,CRW01,BD-PIHPS
2021-12-17,1771,harga_pihps_grosir,35400.0,Rp,CRW02,BD-PIHPS
2021-12-17,1771,harga_pihps_grosir,27750.0,Rp,DAY01,BD-PIHPS
2021-12-17,1771,harga_pihps_grosir,120000.0,Rp,DSP01,BD-PIHPS
2021-12-17,1771,harga_pihps_grosir,120000.0,Rp,DSP02,BD-PIHPS
2021-12-17,1771,harga_pihps_grosir,12450.0,Rp,GLP01,BD-PIHPS
2021-12-17,1771,harga_pihps_grosir,17250.0,Rp,MGR01,BD-PIHPS
2021-12-17,1771,harga_pihps_grosir,17150.0,Rp,MGR02,BD-PIHPS
2021-12-17,1771,harga_pihps_grosir,17400.0,Rp,MGR03,BD-PIHPS
2021-12-17,1771,harga_pihps_grosir,20400.0,Rp,TLR01,BD-PIHPS
2021-12-17,1771,harga_pihps_modern,11100.0,Rp,BRS01,BD-PIHPS
2021-12-17,1771,harga_pihps_modern,12550.0,Rp,BRS02,BD-PIHPS
2021-12-17,1771,harga_pihps_modern,12350.0,Rp,BRS03,BD-PIHPS
2021-12-17,1771,harga_pihps_modern,12350.0,Rp,BRS04,BD-PIHPS
2021-12-17,1771,harga_pihps_modern,13450.0,Rp,BRS05,BD-PIHPS
2021-12-17,1771,harga_pihps_modern,15350.0,Rp,BRS06,BD-PIHPS
2021-12-17,1771,harga_pihps_modern,36950.0,Rp,BWM01,BD-PIHPS
2021-12-17,1771,harga_pihps_modern,32450.0,Rp,BWP01,BD-PIHPS
2021-12-17,1771,harga_pihps_modern,62450.0,Rp,CMR01,BD-PIHPS
2021-12-17,1771,harga_pihps_modern,56450.0,Rp,CMR02,BD-PIHPS
2021-12-17,1771,harga_pihps_modern,59950.0,Rp,CRW01,BD-PIHPS
2021-12-17,1771,harga_pihps_modern,69950.0,Rp,CRW02,BD-PIHPS
2021-12-17,1771,harga_pihps_modern,40200.0,Rp,DAY01,BD-PIHPS
2021-12-17,1771,harga_pihps_modern,129750.0,Rp,DSP01,BD-PIHPS
2021-12-17,1771,harga_pihps_modern,144500.0,Rp,DSP02,BD-PIHPS
2021-12-17,1771,harga_pihps_modern,12950.0,Rp,GLP01,BD-PIHPS
2021-12-17,1771,harga_pihps_modern,14250.0,Rp,GLP02,BD-PIHPS
2021-12-17,1771,harga_pihps_modern,19200.0,Rp,MGR02,BD-PIHPS
2021-12-17,1771,harga_pihps_modern,21150.0,Rp,MGR03,BD-PIHPS
2021-12-17,1771,harga_pihps_modern,31250.0,Rp,TLR01,BD-PIHPS
2021-12-17,1771,harga_pihps_produsen,9500.0,Rp,BRS01,BD-PIHPS
2021-12-17,1771,harga_pihps_produsen,8200.0,Rp,BRS03,BD-PIHPS
2021-12-17,1771,harga_pihps_produsen,8200.0,Rp,BRS04,BD-PIHPS
2021-12-17,1771,harga_pihps_produsen,9750.0,Rp,BRS05,BD-PIHPS
2021-12-17,1771,harga_pihps_produsen,8750.0,Rp,BRS06,BD-PIHPS
2021-12-17,1771,harga_pihps_produsen,25000.0,Rp,CMR01,BD-PIHPS
2021-12-17,1771,harga_pihps_produsen,32350.0,Rp,CMR02,BD-PIHPS
2021-12-17,1771,harga_pihps_produsen,20000.0,Rp,CRW01,BD-PIHPS
2021-12-17,1771,harga_pihps_produsen,20000.0,Rp,CRW02,BD-PIHPS
2021-12-17,1771,harga_pihps_produsen,20900.0,Rp,DAY01,BD-PIHPS
2021-12-17,1771,harga_pihps_produsen,120000.0,Rp,DSP01,BD-PIHPS
2021-12-17,1771,harga_pihps_produsen,120000.0,Rp,DSP02,BD-PIHPS
2021-12-17,1771,harga_pihps_produsen,20000.0,Rp,TLR01,BD-PIHPS
2021-12-20,1771,harga_pihps,9650.0,Rp,BRS01,BD-PIHPS
2021-12-20,1771,harga_pihps,11100.0,Rp,BRS02,BD-PIHPS
2021-12-20,1771,harga_pihps,11550.0,Rp,BRS03,BD-PIHPS
2021-12-20,1771,harga_pihps,11350.0,Rp,BRS04,BD-PIHPS
2021-12-20,1771,harga_pihps,12000.0,Rp,BRS05,BD-PIHPS
2021-12-20,1771,harga_pihps,12050.0,Rp,BRS06,BD-PIHPS
2021-12-20,1771,harga_pihps,29750.0,Rp,BWM01,BD-PIHPS
2021-12-20,1771,harga_pihps,27900.0,Rp,BWP01,BD-PIHPS
2021-12-20,1771,harga_pihps,35150.0,Rp,CMR01,BD-PIHPS
2021-12-20,1771,harga_pihps,39150.0,Rp,CMR02,BD-PIHPS
2021-12-20,1771,harga_pihps,43750.0,Rp,CRW01,BD-PIHPS
2021-12-20,1771,harga_pihps,41500.0,Rp,CRW02,BD-PIHPS
2021-12-20,1771,harga_pihps,36250.0,Rp,DAY01,BD-PIHPS
2021-12-20,1771,harga_pihps,123750.0,Rp,DSP01,BD-PIHPS
2021-12-20,1771,harga_pihps,110250.0,Rp,DSP02,BD-PIHPS
2021-12-20,1771,harga_pihps,12750.0,Rp,GLP01,BD-PIHPS
2021-12-20,1771,harga_pihps,13400.0,Rp,GLP02,BD-PIHPS
2021-12-20,1771,harga_pihps,18500.0,Rp,MGR01,BD-PIHPS
2021-12-20,1771,harga_pihps,19150.0,Rp,MGR02,BD-PIHPS
2021-12-20,1771,harga_pihps,18950.0,Rp,MGR03,BD-PIHPS
2021-12-20,1771,harga_pihps,24250.0,Rp,TLR01,BD-PIHPS
2021-12-20,1771,harga_pihps_grosir,9150.0,Rp,BRS01,BD-PIHPS
2021-12-20,1771,harga_pihps_grosir,10500.0,Rp,BRS02,BD-PIHPS
2021-12-20,1771,harga_pihps_grosir,11300.0,Rp,BRS03,BD-PIHPS
2021-12-20,1771,harga_pihps_grosir,11150.0,Rp,BRS04,BD-PIHPS
2021-12-20,1771,harga_pihps_grosir,11600.0,Rp,BRS05,BD-PIHPS
2021-12-20,1771,harga_pihps_grosir,11600.0,Rp,BRS06,BD-PIHPS
2021-12-20,1771,harga_pihps_grosir,22750.0,Rp,BWM01,BD-PIHPS
2021-12-20,1771,harga_pihps_grosir,21000.0,Rp,BWP01,BD-PIHPS
2021-12-20,1771,harga_pihps_grosir,33500.0,Rp,CMR01,BD-PIHPS
2021-12-20,1771,harga_pihps_grosir,37500.0,Rp,CMR02,BD-PIHPS
2021-12-20,1771,harga_pihps_grosir,38000.0,Rp,CRW01,BD-PIHPS
2021-12-20,1771,harga_pihps_grosir,35400.0,Rp,CRW02,BD-PIHPS
2021-12-20,1771,harga_pihps_grosir,27750.0,Rp,DAY01,BD-PIHPS
2021-12-20,1771,harga_pihps_grosir,120000.0,Rp,DSP01,BD-PIHPS
2021-12-20,1771,harga_pihps_grosir,120000.0,Rp,DSP02,BD-PIHPS
2021-12-20,1771,harga_pihps_grosir,12450.0,Rp,GLP01,BD-PIHPS
2021-12-20,1771,harga_pihps_grosir,17250.0,Rp,MGR01,BD-PIHPS
2021-12-20,1771,harga_pihps_grosir,17150.0,Rp,MGR02,BD-PIHPS
2021-12-20,1771,harga_pihps_grosir,17400.0,Rp,MGR03,BD-PIHPS
2021-12-20,1771,harga_pihps_grosir,20400.0,Rp,TLR01,BD-PIHPS
2021-12-20,1771,harga_pihps_modern,11100.0,Rp,BRS01,BD-PIHPS
2021-12-20,1771,harga_pihps_modern,12550.0,Rp,BRS02,BD-PIHPS
2021-12-20,1771,harga_pihps_modern,12350.0,Rp,BRS03,BD-PIHPS
2021-12-20,1771,harga_pihps_modern,12350.0,Rp,BRS04,BD-PIHPS
2021-12-20,1771,harga_pihps_modern,13450.0,Rp,BRS05,BD-PIHPS
2021-12-20,1771,harga_pihps_modern,15350.0,Rp,BRS06,BD-PIHPS
2021-12-20,1771,harga_pihps_modern,36950.0,Rp,BWM01,BD-PIHPS
2021-12-20,1771,harga_pihps_modern,32450.0,Rp,BWP01,BD-PIHPS
2021-12-20,1771,harga_pihps_modern,62450.0,Rp,CMR01,BD-PIHPS
2021-12-20,1771,harga_pihps_modern,56450.0,Rp,CMR02,BD-PIHPS
2021-12-20,1771,harga_pihps_modern,59950.0,Rp,CRW01,BD-PIHPS
2021-12-20,1771,harga_pihps_modern,69950.0,Rp,CRW02,BD-PIHPS
2021-12-20,1771,harga_pihps_modern,40200.0,Rp,DAY01,BD-PIHPS
2021-12-20,1771,harga_pihps_modern,129750.0,Rp,DSP01,BD-PIHPS
2021-12-20,1771,harga_pihps_modern,144500.0,Rp,DSP02,BD-PIHPS
2021-12-20,1771,harga_pihps_modern,12950.0,Rp,GLP01,BD-PIHPS
2021-12-20,1771,harga_pihps_modern,14250.0,Rp,GLP02,BD-PIHPS
2021-12-20,1771,harga_pihps_modern,19200.0,Rp,MGR02,BD-PIHPS
2021-12-20,1771,harga_pihps_modern,21150.0,Rp,MGR03,BD-PIHPS
2021-12-20,1771,harga_pihps_modern,31250.0,Rp,TLR01,BD-PIHPS
2021-12-20,1771,harga_pihps_produsen,9500.0,Rp,BRS01,BD-PIHPS
2021-12-20,1771,harga_pihps_produsen,8600.0,Rp,BRS03,BD-PIHPS
2021-12-20,1771,harga_pihps_produsen,8500.0,Rp,BRS04,BD-PIHPS
2021-12-20,1771,harga_pihps_produsen,9750.0,Rp,BRS05,BD-PIHPS
2021-12-20,1771,harga_pihps_produsen,9000.0,Rp,BRS06,BD-PIHPS
2021-12-20,1771,harga_pihps_produsen,26500.0,Rp,CMR01,BD-PIHPS
2021-12-20,1771,harga_pihps_produsen,34650.0,Rp,CMR02,BD-PIHPS
2021-12-20,1771,harga_pihps_produsen,20000.0,Rp,CRW01,BD-PIHPS
2021-12-20,1771,harga_pihps_produsen,20000.0,Rp,CRW02,BD-PIHPS
2021-12-20,1771,harga_pihps_produsen,21700.0,Rp,DAY01,BD-PIHPS
2021-12-20,1771,harga_pihps_produsen,120000.0,Rp,DSP01,BD-PIHPS
2021-12-20,1771,harga_pihps_produsen,120000.0,Rp,DSP02,BD-PIHPS
2021-12-20,1771,harga_pihps_produsen,20850.0,Rp,TLR01,BD-PIHPS
2021-12-21,1771,harga_pihps,9650.0,Rp,BRS01,BD-PIHPS
2021-12-21,1771,harga_pihps,11150.0,Rp,BRS02,BD-PIHPS
2021-12-21,1771,harga_pihps,11550.0,Rp,BRS03,BD-PIHPS
2021-12-21,1771,harga_pihps,11350.0,Rp,BRS04,BD-PIHPS
2021-12-21,1771,harga_pihps,12000.0,Rp,BRS05,BD-PIHPS
2021-12-21,1771,harga_pihps,12050.0,Rp,BRS06,BD-PIHPS
2021-12-21,1771,harga_pihps,29900.0,Rp,BWM01,BD-PIHPS
2021-12-21,1771,harga_pihps,28150.0,Rp,BWP01,BD-PIHPS
2021-12-21,1771,harga_pihps,32500.0,Rp,CMR01,BD-PIHPS
2021-12-21,1771,harga_pihps,37000.0,Rp,CMR02,BD-PIHPS
2021-12-21,1771,harga_pihps,43250.0,Rp,CRW01,BD-PIHPS
2021-12-21,1771,harga_pihps,41150.0,Rp,CRW02,BD-PIHPS
2021-12-21,1771,harga_pihps,36250.0,Rp,DAY01,BD-PIHPS
2021-12-21,1771,harga_pihps,123750.0,Rp,DSP01,BD-PIHPS
2021-12-21,1771,harga_pihps,123750.0,Rp,DSP02,BD-PIHPS
2021-12-21,1771,harga_pihps,12650.0,Rp,GLP01,BD-PIHPS
2021-12-21,1771,harga_pihps,13500.0,Rp,GLP02,BD-PIHPS
2021-12-21,1771,harga_pihps,18500.0,Rp,MGR01,BD-PIHPS
2021-12-21,1771,harga_pihps,19150.0,Rp,MGR02,BD-PIHPS
2021-12-21,1771,harga_pihps,18950.0,Rp,MGR03,BD-PIHPS
2021-12-21,1771,harga_pihps,24250.0,Rp,TLR01,BD-PIHPS
2021-12-21,1771,harga_pihps_grosir,9150.0,Rp,BRS01,BD-PIHPS
2021-12-21,1771,harga_pihps_grosir,10500.0,Rp,BRS02,BD-PIHPS
2021-12-21,1771,harga_pihps_grosir,11300.0,Rp,BRS03,BD-PIHPS
2021-12-21,1771,harga_pihps_grosir,11150.0,Rp,BRS04,BD-PIHPS
2021-12-21,1771,harga_pihps_grosir,11600.0,Rp,BRS05,BD-PIHPS
2021-12-21,1771,harga_pihps_grosir,11600.0,Rp,BRS06,BD-PIHPS
2021-12-21,1771,harga_pihps_grosir,22750.0,Rp,BWM01,BD-PIHPS
2021-12-21,1771,harga_pihps_grosir,21000.0,Rp,BWP01,BD-PIHPS
2021-12-21,1771,harga_pihps_grosir,31000.0,Rp,CMR01,BD-PIHPS
2021-12-21,1771,harga_pihps_grosir,36000.0,Rp,CMR02,BD-PIHPS
2021-12-21,1771,harga_pihps_grosir,39500.0,Rp,CRW01,BD-PIHPS
2021-12-21,1771,harga_pihps_grosir,39050.0,Rp,CRW02,BD-PIHPS
2021-12-21,1771,harga_pihps_grosir,29750.0,Rp,DAY01,BD-PIHPS
2021-12-21,1771,harga_pihps_grosir,120000.0,Rp,DSP01,BD-PIHPS
2021-12-21,1771,harga_pihps_grosir,120000.0,Rp,DSP02,BD-PIHPS
2021-12-21,1771,harga_pihps_grosir,12450.0,Rp,GLP01,BD-PIHPS
2021-12-21,1771,harga_pihps_grosir,17250.0,Rp,MGR01,BD-PIHPS
2021-12-21,1771,harga_pihps_grosir,17150.0,Rp,MGR02,BD-PIHPS
2021-12-21,1771,harga_pihps_grosir,17400.0,Rp,MGR03,BD-PIHPS
2021-12-21,1771,harga_pihps_grosir,22400.0,Rp,TLR01,BD-PIHPS
2021-12-21,1771,harga_pihps_modern,11100.0,Rp,BRS01,BD-PIHPS
2021-12-21,1771,harga_pihps_modern,12550.0,Rp,BRS02,BD-PIHPS
2021-12-21,1771,harga_pihps_modern,12350.0,Rp,BRS03,BD-PIHPS
2021-12-21,1771,harga_pihps_modern,12350.0,Rp,BRS04,BD-PIHPS
2021-12-21,1771,harga_pihps_modern,13450.0,Rp,BRS05,BD-PIHPS
2021-12-21,1771,harga_pihps_modern,15350.0,Rp,BRS06,BD-PIHPS
2021-12-21,1771,harga_pihps_modern,40450.0,Rp,BWM01,BD-PIHPS
2021-12-21,1771,harga_pihps_modern,36450.0,Rp,BWP01,BD-PIHPS
2021-12-21,1771,harga_pihps_modern,63950.0,Rp,CMR01,BD-PIHPS
2021-12-21,1771,harga_pihps_modern,61450.0,Rp,CMR02,BD-PIHPS
2021-12-21,1771,harga_pihps_modern,63950.0,Rp,CRW01,BD-PIHPS
2021-12-21,1771,harga_pihps_modern,73450.0,Rp,CRW02,BD-PIHPS
2021-12-21,1771,harga_pihps_modern,40200.0,Rp,DAY01,BD-PIHPS
2021-12-21,1771,harga_pihps_modern,129750.0,Rp,DSP01,BD-PIHPS
2021-12-21,1771,harga_pihps_modern,127450.0,Rp,DSP02,BD-PIHPS
2021-12-21,1771,harga_pihps_modern,12950.0,Rp,GLP01,BD-PIHPS
2021-12-21,1771,harga_pihps_modern,14250.0,Rp,GLP02,BD-PIHPS
2021-12-21,1771,harga_pihps_modern,19200.0,Rp,MGR02,BD-PIHPS
2021-12-21,1771,harga_pihps_modern,21150.0,Rp,MGR03,BD-PIHPS
2021-12-21,1771,harga_pihps_modern,31250.0,Rp,TLR01,BD-PIHPS
2021-12-21,1771,harga_pihps_produsen,9500.0,Rp,BRS01,BD-PIHPS
2021-12-21,1771,harga_pihps_produsen,8600.0,Rp,BRS03,BD-PIHPS
2021-12-21,1771,harga_pihps_produsen,8500.0,Rp,BRS04,BD-PIHPS
2021-12-21,1771,harga_pihps_produsen,9750.0,Rp,BRS05,BD-PIHPS
2021-12-21,1771,harga_pihps_produsen,9000.0,Rp,BRS06,BD-PIHPS
2021-12-21,1771,harga_pihps_produsen,26500.0,Rp,CMR01,BD-PIHPS
2021-12-21,1771,harga_pihps_produsen,34650.0,Rp,CMR02,BD-PIHPS
2021-12-21,1771,harga_pihps_produsen,20000.0,Rp,CRW01,BD-PIHPS
2021-12-21,1771,harga_pihps_produsen,20000.0,Rp,CRW02,BD-PIHPS
2021-12-21,1771,harga_pihps_produsen,21700.0,Rp,DAY01,BD-PIHPS
2021-12-21,1771,harga_pihps_produsen,120000.0,Rp,DSP01,BD-PIHPS
2021-12-21,1771,harga_pihps_produsen,120000.0,Rp,DSP02,BD-PIHPS
2021-12-21,1771,harga_pihps_produsen,20850.0,Rp,TLR01,BD-PIHPS
2021-12-22,1771,harga_pihps,9650.0,Rp,BRS01,BD-PIHPS
2021-12-22,1771,harga_pihps,11150.0,Rp,BRS02,BD-PIHPS
2021-12-22,1771,harga_pihps,11550.0,Rp,BRS03,BD-PIHPS
2021-12-22,1771,harga_pihps,11350.0,Rp,BRS04,BD-PIHPS
2021-12-22,1771,harga_pihps,12000.0,Rp,BRS05,BD-PIHPS
2021-12-22,1771,harga_pihps,12050.0,Rp,BRS06,BD-PIHPS
2021-12-22,1771,harga_pihps,30000.0,Rp,BWM01,BD-PIHPS
2021-12-22,1771,harga_pihps,28000.0,Rp,BWP01,BD-PIHPS
2021-12-22,1771,harga_pihps,31650.0,Rp,CMR01,BD-PIHPS
2021-12-22,1771,harga_pihps,36250.0,Rp,CMR02,BD-PIHPS
2021-12-22,1771,harga_pihps,44650.0,Rp,CRW01,BD-PIHPS
2021-12-22,1771,harga_pihps,42600.0,Rp,CRW02,BD-PIHPS
2021-12-22,1771,harga_pihps,36250.0,Rp,DAY01,BD-PIHPS
2021-12-22,1771,harga_pihps,123750.0,Rp,DSP01,BD-PIHPS
2021-12-22,1771,harga_pihps,123750.0,Rp,DSP02,BD-PIHPS
2021-12-22,1771,harga_pihps,12750.0,Rp,GLP01,BD-PIHPS
2021-12-22,1771,harga_pihps,13400.0,Rp,GLP02,BD-PIHPS
2021-12-22,1771,harga_pihps,18500.0,Rp,MGR01,BD-PIHPS
2021-12-22,1771,harga_pihps,19150.0,Rp,MGR02,BD-PIHPS
2021-12-22,1771,harga_pihps,18950.0,Rp,MGR03,BD-PIHPS
2021-12-22,1771,harga_pihps,24700.0,Rp,TLR01,BD-PIHPS
2021-12-22,1771,harga_pihps_grosir,9150.0,Rp,BRS01,BD-PIHPS
2021-12-22,1771,harga_pihps_grosir,10500.0,Rp,BRS02,BD-PIHPS
2021-12-22,1771,harga_pihps_grosir,11300.0,Rp,BRS03,BD-PIHPS
2021-12-22,1771,harga_pihps_grosir,11150.0,Rp,BRS04,BD-PIHPS
2021-12-22,1771,harga_pihps_grosir,11600.0,Rp,BRS05,BD-PIHPS
2021-12-22,1771,harga_pihps_grosir,11600.0,Rp,BRS06,BD-PIHPS
2021-12-22,1771,harga_pihps_grosir,22750.0,Rp,BWM01,BD-PIHPS
2021-12-22,1771,harga_pihps_grosir,21000.0,Rp,BWP01,BD-PIHPS
2021-12-22,1771,harga_pihps_grosir,31000.0,Rp,CMR01,BD-PIHPS
2021-12-22,1771,harga_pihps_grosir,36000.0,Rp,CMR02,BD-PIHPS
2021-12-22,1771,harga_pihps_grosir,39500.0,Rp,CRW01,BD-PIHPS
2021-12-22,1771,harga_pihps_grosir,39050.0,Rp,CRW02,BD-PIHPS
2021-12-22,1771,harga_pihps_grosir,29750.0,Rp,DAY01,BD-PIHPS
2021-12-22,1771,harga_pihps_grosir,120000.0,Rp,DSP01,BD-PIHPS
2021-12-22,1771,harga_pihps_grosir,120000.0,Rp,DSP02,BD-PIHPS
2021-12-22,1771,harga_pihps_grosir,12450.0,Rp,GLP01,BD-PIHPS
2021-12-22,1771,harga_pihps_grosir,17250.0,Rp,MGR01,BD-PIHPS
2021-12-22,1771,harga_pihps_grosir,17150.0,Rp,MGR02,BD-PIHPS
2021-12-22,1771,harga_pihps_grosir,17400.0,Rp,MGR03,BD-PIHPS
2021-12-22,1771,harga_pihps_grosir,22400.0,Rp,TLR01,BD-PIHPS
2021-12-22,1771,harga_pihps_modern,11100.0,Rp,BRS01,BD-PIHPS
2021-12-22,1771,harga_pihps_modern,12550.0,Rp,BRS02,BD-PIHPS
2021-12-22,1771,harga_pihps_modern,12350.0,Rp,BRS03,BD-PIHPS
2021-12-22,1771,harga_pihps_modern,12350.0,Rp,BRS04,BD-PIHPS
2021-12-22,1771,harga_pihps_modern,13450.0,Rp,BRS05,BD-PIHPS
2021-12-22,1771,harga_pihps_modern,15350.0,Rp,BRS06,BD-PIHPS
2021-12-22,1771,harga_pihps_modern,40450.0,Rp,BWM01,BD-PIHPS
2021-12-22,1771,harga_pihps_modern,36450.0,Rp,BWP01,BD-PIHPS
2021-12-22,1771,harga_pihps_modern,63950.0,Rp,CMR01,BD-PIHPS
2021-12-22,1771,harga_pihps_modern,61450.0,Rp,CMR02,BD-PIHPS
2021-12-22,1771,harga_pihps_modern,63950.0,Rp,CRW01,BD-PIHPS
2021-12-22,1771,harga_pihps_modern,73450.0,Rp,CRW02,BD-PIHPS
2021-12-22,1771,harga_pihps_modern,40200.0,Rp,DAY01,BD-PIHPS
2021-12-22,1771,harga_pihps_modern,129750.0,Rp,DSP01,BD-PIHPS
2021-12-22,1771,harga_pihps_modern,127450.0,Rp,DSP02,BD-PIHPS
2021-12-22,1771,harga_pihps_modern,12950.0,Rp,GLP01,BD-PIHPS
2021-12-22,1771,harga_pihps_modern,14250.0,Rp,GLP02,BD-PIHPS
2021-12-22,1771,harga_pihps_modern,19200.0,Rp,MGR02,BD-PIHPS
2021-12-22,1771,harga_pihps_modern,21150.0,Rp,MGR03,BD-PIHPS
2021-12-22,1771,harga_pihps_modern,31250.0,Rp,TLR01,BD-PIHPS
2021-12-22,1771,harga_pihps_produsen,9500.0,Rp,BRS01,BD-PIHPS
2021-12-22,1771,harga_pihps_produsen,8600.0,Rp,BRS03,BD-PIHPS
2021-12-22,1771,harga_pihps_produsen,8500.0,Rp,BRS04,BD-PIHPS
2021-12-22,1771,harga_pihps_produsen,11000.0,Rp,BRS05,BD-PIHPS
2021-12-22,1771,harga_pihps_produsen,9000.0,Rp,BRS06,BD-PIHPS
2021-12-22,1771,harga_pihps_produsen,28000.0,Rp,CMR01,BD-PIHPS
2021-12-22,1771,harga_pihps_produsen,34650.0,Rp,CMR02,BD-PIHPS
2021-12-22,1771,harga_pihps_produsen,20000.0,Rp,CRW01,BD-PIHPS
2021-12-22,1771,harga_pihps_produsen,16000.0,Rp,CRW02,BD-PIHPS
2021-12-22,1771,harga_pihps_produsen,21700.0,Rp,DAY01,BD-PIHPS
2021-12-22,1771,harga_pihps_produsen,120000.0,Rp,DSP01,BD-PIHPS
2021-12-22,1771,harga_pihps_produsen,120000.0,Rp,DSP02,BD-PIHPS
2021-12-22,1771,harga_pihps_produsen,20850.0,Rp,TLR01,BD-PIHPS
2021-12-23,1771,harga_pihps,9650.0,Rp,BRS01,BD-PIHPS
2021-12-23,1771,harga_pihps,11150.0,Rp,BRS02,BD-PIHPS
2021-12-23,1771,harga_pihps,11550.0,Rp,BRS03,BD-PIHPS
2021-12-23,1771,harga_pihps,11350.0,Rp,BRS04,BD-PIHPS
2021-12-23,1771,harga_pihps,12000.0,Rp,BRS05,BD-PIHPS
2021-12-23,1771,harga_pihps,12050.0,Rp,BRS06,BD-PIHPS
2021-12-23,1771,harga_pihps,29750.0,Rp,BWM01,BD-PIHPS
2021-12-23,1771,harga_pihps,29000.0,Rp,BWP01,BD-PIHPS
2021-12-23,1771,harga_pihps,30650.0,Rp,CMR01,BD-PIHPS
2021-12-23,1771,harga_pihps,35000.0,Rp,CMR02,BD-PIHPS
2021-12-23,1771,harga_pihps,43000.0,Rp,CRW01,BD-PIHPS
2021-12-23,1771,harga_pihps,44250.0,Rp,CRW02,BD-PIHPS
2021-12-23,1771,harga_pihps,36250.0,Rp,DAY01,BD-PIHPS
2021-12-23,1771,harga_pihps,123750.0,Rp,DSP01,BD-PIHPS
2021-12-23,1771,harga_pihps,123750.0,Rp,DSP02,BD-PIHPS
2021-12-23,1771,harga_pihps,12700.0,Rp,GLP01,BD-PIHPS
2021-12-23,1771,harga_pihps,13450.0,Rp,GLP02,BD-PIHPS
2021-12-23,1771,harga_pihps,18500.0,Rp,MGR01,BD-PIHPS
2021-12-23,1771,harga_pihps,19150.0,Rp,MGR02,BD-PIHPS
2021-12-23,1771,harga_pihps,18950.0,Rp,MGR03,BD-PIHPS
2021-12-23,1771,harga_pihps,25000.0,Rp,TLR01,BD-PIHPS
2021-12-23,1771,harga_pihps_grosir,9150.0,Rp,BRS01,BD-PIHPS
2021-12-23,1771,harga_pihps_grosir,10500.0,Rp,BRS02,BD-PIHPS
2021-12-23,1771,harga_pihps_grosir,11300.0,Rp,BRS03,BD-PIHPS
2021-12-23,1771,harga_pihps_grosir,11150.0,Rp,BRS04,BD-PIHPS
2021-12-23,1771,harga_pihps_grosir,11600.0,Rp,BRS05,BD-PIHPS
2021-12-23,1771,harga_pihps_grosir,11600.0,Rp,BRS06,BD-PIHPS
2021-12-23,1771,harga_pihps_grosir,22750.0,Rp,BWM01,BD-PIHPS
2021-12-23,1771,harga_pihps_grosir,21000.0,Rp,BWP01,BD-PIHPS
2021-12-23,1771,harga_pihps_grosir,31000.0,Rp,CMR01,BD-PIHPS
2021-12-23,1771,harga_pihps_grosir,36000.0,Rp,CMR02,BD-PIHPS
2021-12-23,1771,harga_pihps_grosir,39500.0,Rp,CRW01,BD-PIHPS
2021-12-23,1771,harga_pihps_grosir,39050.0,Rp,CRW02,BD-PIHPS
2021-12-23,1771,harga_pihps_grosir,29750.0,Rp,DAY01,BD-PIHPS
2021-12-23,1771,harga_pihps_grosir,120000.0,Rp,DSP01,BD-PIHPS
2021-12-23,1771,harga_pihps_grosir,120000.0,Rp,DSP02,BD-PIHPS
2021-12-23,1771,harga_pihps_grosir,12450.0,Rp,GLP01,BD-PIHPS
2021-12-23,1771,harga_pihps_grosir,17250.0,Rp,MGR01,BD-PIHPS
2021-12-23,1771,harga_pihps_grosir,17150.0,Rp,MGR02,BD-PIHPS
2021-12-23,1771,harga_pihps_grosir,17400.0,Rp,MGR03,BD-PIHPS
2021-12-23,1771,harga_pihps_grosir,22400.0,Rp,TLR01,BD-PIHPS
2021-12-23,1771,harga_pihps_modern,11100.0,Rp,BRS01,BD-PIHPS
2021-12-23,1771,harga_pihps_modern,12550.0,Rp,BRS02,BD-PIHPS
2021-12-23,1771,harga_pihps_modern,12350.0,Rp,BRS03,BD-PIHPS
2021-12-23,1771,harga_pihps_modern,12350.0,Rp,BRS04,BD-PIHPS
2021-12-23,1771,harga_pihps_modern,13450.0,Rp,BRS05,BD-PIHPS
2021-12-23,1771,harga_pihps_modern,15350.0,Rp,BRS06,BD-PIHPS
2021-12-23,1771,harga_pihps_modern,40450.0,Rp,BWM01,BD-PIHPS
2021-12-23,1771,harga_pihps_modern,36450.0,Rp,BWP01,BD-PIHPS
2021-12-23,1771,harga_pihps_modern,63950.0,Rp,CMR01,BD-PIHPS
2021-12-23,1771,harga_pihps_modern,61450.0,Rp,CMR02,BD-PIHPS
2021-12-23,1771,harga_pihps_modern,63950.0,Rp,CRW01,BD-PIHPS
2021-12-23,1771,harga_pihps_modern,73450.0,Rp,CRW02,BD-PIHPS
2021-12-23,1771,harga_pihps_modern,40200.0,Rp,DAY01,BD-PIHPS
2021-12-23,1771,harga_pihps_modern,129750.0,Rp,DSP01,BD-PIHPS
2021-12-23,1771,harga_pihps_modern,127450.0,Rp,DSP02,BD-PIHPS
2021-12-23,1771,harga_pihps_modern,12950.0,Rp,GLP01,BD-PIHPS
2021-12-23,1771,harga_pihps_modern,14250.0,Rp,GLP02,BD-PIHPS
2021-12-23,1771,harga_pihps_modern,19200.0,Rp,MGR02,BD-PIHPS
2021-12-23,1771,harga_pihps_modern,21150.0,Rp,MGR03,BD-PIHPS
2021-12-23,1771,harga_pihps_modern,31250.0,Rp,TLR01,BD-PIHPS
2021-12-23,1771,harga_pihps_produsen,9500.0,Rp,BRS01,BD-PIHPS
2021-12-23,1771,harga_pihps_produsen,8600.0,Rp,BRS03,BD-PIHPS
2021-12-23,1771,harga_pihps_produsen,8500.0,Rp,BRS04,BD-PIHPS
2021-12-23,1771,harga_pihps_produsen,11000.0,Rp,BRS05,BD-PIHPS
2021-12-23,1771,harga_pihps_produsen,9000.0,Rp,BRS06,BD-PIHPS
2021-12-23,1771,harga_pihps_produsen,28000.0,Rp,CMR01,BD-PIHPS
2021-12-23,1771,harga_pihps_produsen,34650.0,Rp,CMR02,BD-PIHPS
2021-12-23,1771,harga_pihps_produsen,20000.0,Rp,CRW01,BD-PIHPS
2021-12-23,1771,harga_pihps_produsen,16000.0,Rp,CRW02,BD-PIHPS
2021-12-23,1771,harga_pihps_produsen,21700.0,Rp,DAY01,BD-PIHPS
2021-12-23,1771,harga_pihps_produsen,120000.0,Rp,DSP01,BD-PIHPS
2021-12-23,1771,harga_pihps_produsen,120000.0,Rp,DSP02,BD-PIHPS
2021-12-23,1771,harga_pihps_produsen,20850.0,Rp,TLR01,BD-PIHPS
2021-12-24,1771,harga_pihps,9650.0,Rp,BRS01,BD-PIHPS
2021-12-24,1771,harga_pihps,11150.0,Rp,BRS02,BD-PIHPS
2021-12-24,1771,harga_pihps,11550.0,Rp,BRS03,BD-PIHPS
2021-12-24,1771,harga_pihps,11350.0,Rp,BRS04,BD-PIHPS
2021-12-24,1771,harga_pihps,12000.0,Rp,BRS05,BD-PIHPS
2021-12-24,1771,harga_pihps,12050.0,Rp,BRS06,BD-PIHPS
2021-12-24,1771,harga_pihps,29750.0,Rp,BWM01,BD-PIHPS
2021-12-24,1771,harga_pihps,27500.0,Rp,BWP01,BD-PIHPS
2021-12-24,1771,harga_pihps,29250.0,Rp,CMR01,BD-PIHPS
2021-12-24,1771,harga_pihps,33250.0,Rp,CMR02,BD-PIHPS
2021-12-24,1771,harga_pihps,46900.0,Rp,CRW01,BD-PIHPS
2021-12-24,1771,harga_pihps,44800.0,Rp,CRW02,BD-PIHPS
2021-12-24,1771,harga_pihps,35750.0,Rp,DAY01,BD-PIHPS
2021-12-24,1771,harga_pihps,123750.0,Rp,DSP01,BD-PIHPS
2021-12-24,1771,harga_pihps,123750.0,Rp,DSP02,BD-PIHPS
2021-12-24,1771,harga_pihps,12650.0,Rp,GLP01,BD-PIHPS
2021-12-24,1771,harga_pihps,13500.0,Rp,GLP02,BD-PIHPS
2021-12-24,1771,harga_pihps,18550.0,Rp,MGR01,BD-PIHPS
2021-12-24,1771,harga_pihps,19150.0,Rp,MGR02,BD-PIHPS
2021-12-24,1771,harga_pihps,18950.0,Rp,MGR03,BD-PIHPS
2021-12-24,1771,harga_pihps,25000.0,Rp,TLR01,BD-PIHPS
2021-12-24,1771,harga_pihps_grosir,9150.0,Rp,BRS01,BD-PIHPS
2021-12-24,1771,harga_pihps_grosir,10500.0,Rp,BRS02,BD-PIHPS
2021-12-24,1771,harga_pihps_grosir,11300.0,Rp,BRS03,BD-PIHPS
2021-12-24,1771,harga_pihps_grosir,11150.0,Rp,BRS04,BD-PIHPS
2021-12-24,1771,harga_pihps_grosir,11600.0,Rp,BRS05,BD-PIHPS
2021-12-24,1771,harga_pihps_grosir,11600.0,Rp,BRS06,BD-PIHPS
2021-12-24,1771,harga_pihps_grosir,22750.0,Rp,BWM01,BD-PIHPS
2021-12-24,1771,harga_pihps_grosir,21000.0,Rp,BWP01,BD-PIHPS
2021-12-24,1771,harga_pihps_grosir,31000.0,Rp,CMR01,BD-PIHPS
2021-12-24,1771,harga_pihps_grosir,36000.0,Rp,CMR02,BD-PIHPS
2021-12-24,1771,harga_pihps_grosir,39500.0,Rp,CRW01,BD-PIHPS
2021-12-24,1771,harga_pihps_grosir,39050.0,Rp,CRW02,BD-PIHPS
2021-12-24,1771,harga_pihps_grosir,29750.0,Rp,DAY01,BD-PIHPS
2021-12-24,1771,harga_pihps_grosir,120000.0,Rp,DSP01,BD-PIHPS
2021-12-24,1771,harga_pihps_grosir,120000.0,Rp,DSP02,BD-PIHPS
2021-12-24,1771,harga_pihps_grosir,12450.0,Rp,GLP01,BD-PIHPS
2021-12-24,1771,harga_pihps_grosir,17250.0,Rp,MGR01,BD-PIHPS
2021-12-24,1771,harga_pihps_grosir,17150.0,Rp,MGR02,BD-PIHPS
2021-12-24,1771,harga_pihps_grosir,17400.0,Rp,MGR03,BD-PIHPS
2021-12-24,1771,harga_pihps_grosir,22400.0,Rp,TLR01,BD-PIHPS
2021-12-24,1771,harga_pihps_modern,11100.0,Rp,BRS01,BD-PIHPS
2021-12-24,1771,harga_pihps_modern,12550.0,Rp,BRS02,BD-PIHPS
2021-12-24,1771,harga_pihps_modern,12350.0,Rp,BRS03,BD-PIHPS
2021-12-24,1771,harga_pihps_modern,12350.0,Rp,BRS04,BD-PIHPS
2021-12-24,1771,harga_pihps_modern,13450.0,Rp,BRS05,BD-PIHPS
2021-12-24,1771,harga_pihps_modern,15350.0,Rp,BRS06,BD-PIHPS
2021-12-24,1771,harga_pihps_modern,40450.0,Rp,BWM01,BD-PIHPS
2021-12-24,1771,harga_pihps_modern,36450.0,Rp,BWP01,BD-PIHPS
2021-12-24,1771,harga_pihps_modern,63950.0,Rp,CMR01,BD-PIHPS
2021-12-24,1771,harga_pihps_modern,61450.0,Rp,CMR02,BD-PIHPS
2021-12-24,1771,harga_pihps_modern,63950.0,Rp,CRW01,BD-PIHPS
2021-12-24,1771,harga_pihps_modern,73450.0,Rp,CRW02,BD-PIHPS
2021-12-24,1771,harga_pihps_modern,40200.0,Rp,DAY01,BD-PIHPS
2021-12-24,1771,harga_pihps_modern,129750.0,Rp,DSP01,BD-PIHPS
2021-12-24,1771,harga_pihps_modern,127450.0,Rp,DSP02,BD-PIHPS
2021-12-24,1771,harga_pihps_modern,12950.0,Rp,GLP01,BD-PIHPS
2021-12-24,1771,harga_pihps_modern,14250.0,Rp,GLP02,BD-PIHPS
2021-12-24,1771,harga_pihps_modern,19200.0,Rp,MGR02,BD-PIHPS
2021-12-24,1771,harga_pihps_modern,21150.0,Rp,MGR03,BD-PIHPS
2021-12-24,1771,harga_pihps_modern,31250.0,Rp,TLR01,BD-PIHPS
2021-12-24,1771,harga_pihps_produsen,9500.0,Rp,BRS01,BD-PIHPS
2021-12-24,1771,harga_pihps_produsen,8600.0,Rp,BRS03,BD-PIHPS
2021-12-24,1771,harga_pihps_produsen,8500.0,Rp,BRS04,BD-PIHPS
2021-12-24,1771,harga_pihps_produsen,11000.0,Rp,BRS05,BD-PIHPS
2021-12-24,1771,harga_pihps_produsen,9000.0,Rp,BRS06,BD-PIHPS
2021-12-24,1771,harga_pihps_produsen,28000.0,Rp,CMR01,BD-PIHPS
2021-12-24,1771,harga_pihps_produsen,34650.0,Rp,CMR02,BD-PIHPS
2021-12-24,1771,harga_pihps_produsen,20000.0,Rp,CRW01,BD-PIHPS
2021-12-24,1771,harga_pihps_produsen,16000.0,Rp,CRW02,BD-PIHPS
2021-12-24,1771,harga_pihps_produsen,21700.0,Rp,DAY01,BD-PIHPS
2021-12-24,1771,harga_pihps_produsen,120000.0,Rp,DSP01,BD-PIHPS
2021-12-24,1771,harga_pihps_produsen,120000.0,Rp,DSP02,BD-PIHPS
2021-12-24,1771,harga_pihps_produsen,20850.0,Rp,TLR01,BD-PIHPS
2021-12-27,1771,harga_pihps,9850.0,Rp,BRS01,BD-PIHPS
2021-12-27,1771,harga_pihps,11200.0,Rp,BRS02,BD-PIHPS
2021-12-27,1771,harga_pihps,11500.0,Rp,BRS03,BD-PIHPS
2021-12-27,1771,harga_pihps,11450.0,Rp,BRS04,BD-PIHPS
2021-12-27,1771,harga_pihps,12000.0,Rp,BRS05,BD-PIHPS
2021-12-27,1771,harga_pihps,11900.0,Rp,BRS06,BD-PIHPS
2021-12-27,1771,harga_pihps,29250.0,Rp,BWM01,BD-PIHPS
2021-12-27,1771,harga_pihps,28000.0,Rp,BWP01,BD-PIHPS
2021-12-27,1771,harga_pihps,31000.0,Rp,CMR01,BD-PIHPS
2021-12-27,1771,harga_pihps,33450.0,Rp,CMR02,BD-PIHPS
2021-12-27,1771,harga_pihps,45900.0,Rp,CRW01,BD-PIHPS
2021-12-27,1771,harga_pihps,44350.0,Rp,CRW02,BD-PIHPS
2021-12-27,1771,harga_pihps,36250.0,Rp,DAY01,BD-PIHPS
2021-12-27,1771,harga_pihps,123750.0,Rp,DSP01,BD-PIHPS
2021-12-27,1771,harga_pihps,110250.0,Rp,DSP02,BD-PIHPS
2021-12-27,1771,harga_pihps,12950.0,Rp,GLP01,BD-PIHPS
2021-12-27,1771,harga_pihps,13200.0,Rp,GLP02,BD-PIHPS
2021-12-27,1771,harga_pihps,18500.0,Rp,MGR01,BD-PIHPS
2021-12-27,1771,harga_pihps,19150.0,Rp,MGR02,BD-PIHPS
2021-12-27,1771,harga_pihps,18950.0,Rp,MGR03,BD-PIHPS
2021-12-27,1771,harga_pihps,25000.0,Rp,TLR01,BD-PIHPS
2021-12-27,1771,harga_pihps_grosir,9150.0,Rp,BRS01,BD-PIHPS
2021-12-27,1771,harga_pihps_grosir,10500.0,Rp,BRS02,BD-PIHPS
2021-12-27,1771,harga_pihps_grosir,11300.0,Rp,BRS03,BD-PIHPS
2021-12-27,1771,harga_pihps_grosir,11150.0,Rp,BRS04,BD-PIHPS
2021-12-27,1771,harga_pihps_grosir,11600.0,Rp,BRS05,BD-PIHPS
2021-12-27,1771,harga_pihps_grosir,11600.0,Rp,BRS06,BD-PIHPS
2021-12-27,1771,harga_pihps_grosir,22750.0,Rp,BWM01,BD-PIHPS
2021-12-27,1771,harga_pihps_grosir,21000.0,Rp,BWP01,BD-PIHPS
2021-12-27,1771,harga_pihps_grosir,31000.0,Rp,CMR01,BD-PIHPS
2021-12-27,1771,harga_pihps_grosir,36000.0,Rp,CMR02,BD-PIHPS
2021-12-27,1771,harga_pihps_grosir,39500.0,Rp,CRW01,BD-PIHPS
2021-12-27,1771,harga_pihps_grosir,39050.0,Rp,CRW02,BD-PIHPS
2021-12-27,1771,harga_pihps_grosir,29750.0,Rp,DAY01,BD-PIHPS
2021-12-27,1771,harga_pihps_grosir,120000.0,Rp,DSP01,BD-PIHPS
2021-12-27,1771,harga_pihps_grosir,120000.0,Rp,DSP02,BD-PIHPS
2021-12-27,1771,harga_pihps_grosir,12450.0,Rp,GLP01,BD-PIHPS
2021-12-27,1771,harga_pihps_grosir,17250.0,Rp,MGR01,BD-PIHPS
2021-12-27,1771,harga_pihps_grosir,17150.0,Rp,MGR02,BD-PIHPS
2021-12-27,1771,harga_pihps_grosir,17400.0,Rp,MGR03,BD-PIHPS
2021-12-27,1771,harga_pihps_grosir,22400.0,Rp,TLR01,BD-PIHPS
2021-12-27,1771,harga_pihps_modern,11100.0,Rp,BRS01,BD-PIHPS
2021-12-27,1771,harga_pihps_modern,12550.0,Rp,BRS02,BD-PIHPS
2021-12-27,1771,harga_pihps_modern,12350.0,Rp,BRS03,BD-PIHPS
2021-12-27,1771,harga_pihps_modern,12350.0,Rp,BRS04,BD-PIHPS
2021-12-27,1771,harga_pihps_modern,13450.0,Rp,BRS05,BD-PIHPS
2021-12-27,1771,harga_pihps_modern,15350.0,Rp,BRS06,BD-PIHPS
2021-12-27,1771,harga_pihps_modern,40450.0,Rp,BWM01,BD-PIHPS
2021-12-27,1771,harga_pihps_modern,36450.0,Rp,BWP01,BD-PIHPS
2021-12-27,1771,harga_pihps_modern,63950.0,Rp,CMR01,BD-PIHPS
2021-12-27,1771,harga_pihps_modern,61450.0,Rp,CMR02,BD-PIHPS
2021-12-27,1771,harga_pihps_modern,63950.0,Rp,CRW01,BD-PIHPS
2021-12-27,1771,harga_pihps_modern,73450.0,Rp,CRW02,BD-PIHPS
2021-12-27,1771,harga_pihps_modern,40200.0,Rp,DAY01,BD-PIHPS
2021-12-27,1771,harga_pihps_modern,129750.0,Rp,DSP01,BD-PIHPS
2021-12-27,1771,harga_pihps_modern,127450.0,Rp,DSP02,BD-PIHPS
2021-12-27,1771,harga_pihps_modern,12950.0,Rp,GLP01,BD-PIHPS
2021-12-27,1771,harga_pihps_modern,14250.0,Rp,GLP02,BD-PIHPS
2021-12-27,1771,harga_pihps_modern,19200.0,Rp,MGR02,BD-PIHPS
2021-12-27,1771,harga_pihps_modern,21150.0,Rp,MGR03,BD-PIHPS
2021-12-27,1771,harga_pihps_modern,31250.0,Rp,TLR01,BD-PIHPS
2021-12-27,1771,harga_pihps_produsen,9500.0,Rp,BRS01,BD-PIHPS
2021-12-27,1771,harga_pihps_produsen,8600.0,Rp,BRS03,BD-PIHPS
2021-12-27,1771,harga_pihps_produsen,8500.0,Rp,BRS04,BD-PIHPS
2021-12-27,1771,harga_pihps_produsen,11000.0,Rp,BRS05,BD-PIHPS
2021-12-27,1771,harga_pihps_produsen,9000.0,Rp,BRS06,BD-PIHPS
2021-12-27,1771,harga_pihps_produsen,28000.0,Rp,CMR01,BD-PIHPS
2021-12-27,1771,harga_pihps_produsen,37000.0,Rp,CMR02,BD-PIHPS
2021-12-27,1771,harga_pihps_produsen,21700.0,Rp,DAY01,BD-PIHPS
2021-12-27,1771,harga_pihps_produsen,120000.0,Rp,DSP01,BD-PIHPS
2021-12-27,1771,harga_pihps_produsen,120000.0,Rp,DSP02,BD-PIHPS
2021-12-27,1771,harga_pihps_produsen,20850.0,Rp,TLR01,BD-PIHPS
2021-12-28,1771,harga_pihps,9650.0,Rp,BRS01,BD-PIHPS
2021-12-28,1771,harga_pihps,11150.0,Rp,BRS02,BD-PIHPS
2021-12-28,1771,harga_pihps,11550.0,Rp,BRS03,BD-PIHPS
2021-12-28,1771,harga_pihps,11350.0,Rp,BRS04,BD-PIHPS
2021-12-28,1771,harga_pihps,12000.0,Rp,BRS05,BD-PIHPS
2021-12-28,1771,harga_pihps,12050.0,Rp,BRS06,BD-PIHPS
2021-12-28,1771,harga_pihps,29500.0,Rp,BWM01,BD-PIHPS
2021-12-28,1771,harga_pihps,27900.0,Rp,BWP01,BD-PIHPS
2021-12-28,1771,harga_pihps,28150.0,Rp,CMR01,BD-PIHPS
2021-12-28,1771,harga_pihps,31900.0,Rp,CMR02,BD-PIHPS
2021-12-28,1771,harga_pihps,49650.0,Rp,CRW01,BD-PIHPS
2021-12-28,1771,harga_pihps,47500.0,Rp,CRW02,BD-PIHPS
2021-12-28,1771,harga_pihps,36250.0,Rp,DAY01,BD-PIHPS
2021-12-28,1771,harga_pihps,123750.0,Rp,DSP01,BD-PIHPS
2021-12-28,1771,harga_pihps,123750.0,Rp,DSP02,BD-PIHPS
2021-12-28,1771,harga_pihps,12650.0,Rp,GLP01,BD-PIHPS
2021-12-28,1771,harga_pihps,13500.0,Rp,GLP02,BD-PIHPS
2021-12-28,1771,harga_pihps,18500.0,Rp,MGR01,BD-PIHPS
2021-12-28,1771,harga_pihps,19050.0,Rp,MGR02,BD-PIHPS
2021-12-28,1771,harga_pihps,18950.0,Rp,MGR03,BD-PIHPS
2021-12-28,1771,harga_pihps,25450.0,Rp,TLR01,BD-PIHPS
2021-12-28,1771,harga_pihps_grosir,9150.0,Rp,BRS01,BD-PIHPS
2021-12-28,1771,harga_pihps_grosir,10500.0,Rp,BRS02,BD-PIHPS
2021-12-28,1771,harga_pihps_grosir,11300.0,Rp,BRS03,BD-PIHPS
2021-12-28,1771,harga_pihps_grosir,11150.0,Rp,BRS04,BD-PIHPS
2021-12-28,1771,harga_pihps_grosir,11600.0,Rp,BRS05,BD-PIHPS
2021-12-28,1771,harga_pihps_grosir,11600.0,Rp,BRS06,BD-PIHPS
2021-12-28,1771,harga_pihps_grosir,22750.0,Rp,BWM01,BD-PIHPS
2021-12-28,1771,harga_pihps_grosir,21000.0,Rp,BWP01,BD-PIHPS
2021-12-28,1771,harga_pihps_grosir,26000.0,Rp,CMR01,BD-PIHPS
2021-12-28,1771,harga_pihps_grosir,28500.0,Rp,CMR02,BD-PIHPS
2021-12-28,1771,harga_pihps_grosir,42500.0,Rp,CRW01,BD-PIHPS
2021-12-28,1771,harga_pihps_grosir,41950.0,Rp,CRW02,BD-PIHPS
2021-12-28,1771,harga_pihps_grosir,30500.0,Rp,DAY01,BD-PIHPS
2021-12-28,1771,harga_pihps_grosir,120000.0,Rp,DSP01,BD-PIHPS
2021-12-28,1771,harga_pihps_grosir,120000.0,Rp,DSP02,BD-PIHPS
2021-12-28,1771,harga_pihps_grosir,12450.0,Rp,GLP01,BD-PIHPS
2021-12-28,1771,harga_pihps_grosir,17250.0,Rp,MGR01,BD-PIHPS
2021-12-28,1771,harga_pihps_grosir,17150.0,Rp,MGR02,BD-PIHPS
2021-12-28,1771,harga_pihps_grosir,17400.0,Rp,MGR03,BD-PIHPS
2021-12-28,1771,harga_pihps_grosir,23800.0,Rp,TLR01,BD-PIHPS
2021-12-28,1771,harga_pihps_modern,11100.0,Rp,BRS01,BD-PIHPS
2021-12-28,1771,harga_pihps_modern,12550.0,Rp,BRS02,BD-PIHPS
2021-12-28,1771,harga_pihps_modern,12350.0,Rp,BRS03,BD-PIHPS
2021-12-28,1771,harga_pihps_modern,12350.0,Rp,BRS04,BD-PIHPS
2021-12-28,1771,harga_pihps_modern,13450.0,Rp,BRS05,BD-PIHPS
2021-12-28,1771,harga_pihps_modern,15350.0,Rp,BRS06,BD-PIHPS
2021-12-28,1771,harga_pihps_modern,40450.0,Rp,BWM01,BD-PIHPS
2021-12-28,1771,harga_pihps_modern,36450.0,Rp,BWP01,BD-PIHPS
2021-12-28,1771,harga_pihps_modern,73950.0,Rp,CMR01,BD-PIHPS
2021-12-28,1771,harga_pihps_modern,61450.0,Rp,CMR02,BD-PIHPS
2021-12-28,1771,harga_pihps_modern,63950.0,Rp,CRW01,BD-PIHPS
2021-12-28,1771,harga_pihps_modern,78450.0,Rp,CRW02,BD-PIHPS
2021-12-28,1771,harga_pihps_modern,40200.0,Rp,DAY01,BD-PIHPS
2021-12-28,1771,harga_pihps_modern,132250.0,Rp,DSP01,BD-PIHPS
2021-12-28,1771,harga_pihps_modern,143950.0,Rp,DSP02,BD-PIHPS
2021-12-28,1771,harga_pihps_modern,12950.0,Rp,GLP01,BD-PIHPS
2021-12-28,1771,harga_pihps_modern,14250.0,Rp,GLP02,BD-PIHPS
2021-12-28,1771,harga_pihps_modern,19200.0,Rp,MGR02,BD-PIHPS
2021-12-28,1771,harga_pihps_modern,20750.0,Rp,MGR03,BD-PIHPS
2021-12-28,1771,harga_pihps_modern,31750.0,Rp,TLR01,BD-PIHPS
2021-12-28,1771,harga_pihps_produsen,9500.0,Rp,BRS01,BD-PIHPS
2021-12-28,1771,harga_pihps_produsen,8600.0,Rp,BRS03,BD-PIHPS
2021-12-28,1771,harga_pihps_produsen,8500.0,Rp,BRS04,BD-PIHPS
2021-12-28,1771,harga_pihps_produsen,11000.0,Rp,BRS05,BD-PIHPS
2021-12-28,1771,harga_pihps_produsen,9000.0,Rp,BRS06,BD-PIHPS
2021-12-28,1771,harga_pihps_produsen,28000.0,Rp,CMR01,BD-PIHPS
2021-12-28,1771,harga_pihps_produsen,37000.0,Rp,CMR02,BD-PIHPS
2021-12-28,1771,harga_pihps_produsen,21700.0,Rp,DAY01,BD-PIHPS
2021-12-28,1771,harga_pihps_produsen,120000.0,Rp,DSP01,BD-PIHPS
2021-12-28,1771,harga_pihps_produsen,120000.0,Rp,DSP02,BD-PIHPS
2021-12-28,1771,harga_pihps_produsen,20850.0,Rp,TLR01,BD-PIHPS
2021-12-29,1771,harga_pihps,9650.0,Rp,BRS01,BD-PIHPS
2021-12-29,1771,harga_pihps,11150.0,Rp,BRS02,BD-PIHPS
2021-12-29,1771,harga_pihps,11550.0,Rp,BRS03,BD-PIHPS
2021-12-29,1771,harga_pihps,11350.0,Rp,BRS04,BD-PIHPS
2021-12-29,1771,harga_pihps,12000.0,Rp,BRS05,BD-PIHPS
2021-12-29,1771,harga_pihps,12050.0,Rp,BRS06,BD-PIHPS
2021-12-29,1771,harga_pihps,29500.0,Rp,BWM01,BD-PIHPS
2021-12-29,1771,harga_pihps,27900.0,Rp,BWP01,BD-PIHPS
2021-12-29,1771,harga_pihps,26900.0,Rp,CMR01,BD-PIHPS
2021-12-29,1771,harga_pihps,30000.0,Rp,CMR02,BD-PIHPS
2021-12-29,1771,harga_pihps,48900.0,Rp,CRW01,BD-PIHPS
2021-12-29,1771,harga_pihps,47950.0,Rp,CRW02,BD-PIHPS
2021-12-29,1771,harga_pihps,37900.0,Rp,DAY01,BD-PIHPS
2021-12-29,1771,harga_pihps,123750.0,Rp,DSP01,BD-PIHPS
2021-12-29,1771,harga_pihps,123750.0,Rp,DSP02,BD-PIHPS
2021-12-29,1771,harga_pihps,12650.0,Rp,GLP01,BD-PIHPS
2021-12-29,1771,harga_pihps,13500.0,Rp,GLP02,BD-PIHPS
2021-12-29,1771,harga_pihps,18500.0,Rp,MGR01,BD-PIHPS
2021-12-29,1771,harga_pihps,19050.0,Rp,MGR02,BD-PIHPS
2021-12-29,1771,harga_pihps,18950.0,Rp,MGR03,BD-PIHPS
2021-12-29,1771,harga_pihps,25650.0,Rp,TLR01,BD-PIHPS
2021-12-29,1771,harga_pihps_grosir,9150.0,Rp,BRS01,BD-PIHPS
2021-12-29,1771,harga_pihps_grosir,10500.0,Rp,BRS02,BD-PIHPS
2021-12-29,1771,harga_pihps_grosir,11300.0,Rp,BRS03,BD-PIHPS
2021-12-29,1771,harga_pihps_grosir,11150.0,Rp,BRS04,BD-PIHPS
2021-12-29,1771,harga_pihps_grosir,11600.0,Rp,BRS05,BD-PIHPS
2021-12-29,1771,harga_pihps_grosir,11600.0,Rp,BRS06,BD-PIHPS
2021-12-29,1771,harga_pihps_grosir,22750.0,Rp,BWM01,BD-PIHPS
2021-12-29,1771,harga_pihps_grosir,21000.0,Rp,BWP01,BD-PIHPS
2021-12-29,1771,harga_pihps_grosir,26000.0,Rp,CMR01,BD-PIHPS
2021-12-29,1771,harga_pihps_grosir,28500.0,Rp,CMR02,BD-PIHPS
2021-12-29,1771,harga_pihps_grosir,42500.0,Rp,CRW01,BD-PIHPS
2021-12-29,1771,harga_pihps_grosir,41950.0,Rp,CRW02,BD-PIHPS
2021-12-29,1771,harga_pihps_grosir,30500.0,Rp,DAY01,BD-PIHPS
2021-12-29,1771,harga_pihps_grosir,120000.0,Rp,DSP01,BD-PIHPS
2021-12-29,1771,harga_pihps_grosir,120000.0,Rp,DSP02,BD-PIHPS
2021-12-29,1771,harga_pihps_grosir,12450.0,Rp,GLP01,BD-PIHPS
2021-12-29,1771,harga_pihps_grosir,17250.0,Rp,MGR01,BD-PIHPS
2021-12-29,1771,harga_pihps_grosir,17150.0,Rp,MGR02,BD-PIHPS
2021-12-29,1771,harga_pihps_grosir,17400.0,Rp,MGR03,BD-PIHPS
2021-12-29,1771,harga_pihps_grosir,23800.0,Rp,TLR01,BD-PIHPS
2021-12-29,1771,harga_pihps_modern,11100.0,Rp,BRS01,BD-PIHPS
2021-12-29,1771,harga_pihps_modern,12550.0,Rp,BRS02,BD-PIHPS
2021-12-29,1771,harga_pihps_modern,12350.0,Rp,BRS03,BD-PIHPS
2021-12-29,1771,harga_pihps_modern,12350.0,Rp,BRS04,BD-PIHPS
2021-12-29,1771,harga_pihps_modern,13450.0,Rp,BRS05,BD-PIHPS
2021-12-29,1771,harga_pihps_modern,15350.0,Rp,BRS06,BD-PIHPS
2021-12-29,1771,harga_pihps_modern,40450.0,Rp,BWM01,BD-PIHPS
2021-12-29,1771,harga_pihps_modern,36450.0,Rp,BWP01,BD-PIHPS
2021-12-29,1771,harga_pihps_modern,73950.0,Rp,CMR01,BD-PIHPS
2021-12-29,1771,harga_pihps_modern,61450.0,Rp,CMR02,BD-PIHPS
2021-12-29,1771,harga_pihps_modern,63950.0,Rp,CRW01,BD-PIHPS
2021-12-29,1771,harga_pihps_modern,78450.0,Rp,CRW02,BD-PIHPS
2021-12-29,1771,harga_pihps_modern,40200.0,Rp,DAY01,BD-PIHPS
2021-12-29,1771,harga_pihps_modern,132250.0,Rp,DSP01,BD-PIHPS
2021-12-29,1771,harga_pihps_modern,143950.0,Rp,DSP02,BD-PIHPS
2021-12-29,1771,harga_pihps_modern,12950.0,Rp,GLP01,BD-PIHPS
2021-12-29,1771,harga_pihps_modern,14250.0,Rp,GLP02,BD-PIHPS
2021-12-29,1771,harga_pihps_modern,19200.0,Rp,MGR02,BD-PIHPS
2021-12-29,1771,harga_pihps_modern,20750.0,Rp,MGR03,BD-PIHPS
2021-12-29,1771,harga_pihps_modern,31750.0,Rp,TLR01,BD-PIHPS
2021-12-29,1771,harga_pihps_produsen,9500.0,Rp,BRS01,BD-PIHPS
2021-12-29,1771,harga_pihps_produsen,8600.0,Rp,BRS03,BD-PIHPS
2021-12-29,1771,harga_pihps_produsen,8500.0,Rp,BRS04,BD-PIHPS
2021-12-29,1771,harga_pihps_produsen,11000.0,Rp,BRS05,BD-PIHPS
2021-12-29,1771,harga_pihps_produsen,9000.0,Rp,BRS06,BD-PIHPS
2021-12-29,1771,harga_pihps_produsen,28000.0,Rp,CMR01,BD-PIHPS
2021-12-29,1771,harga_pihps_produsen,37000.0,Rp,CMR02,BD-PIHPS
2021-12-29,1771,harga_pihps_produsen,21700.0,Rp,DAY01,BD-PIHPS
2021-12-29,1771,harga_pihps_produsen,120000.0,Rp,DSP01,BD-PIHPS
2021-12-29,1771,harga_pihps_produsen,120000.0,Rp,DSP02,BD-PIHPS
2021-12-29,1771,harga_pihps_produsen,20850.0,Rp,TLR01,BD-PIHPS
2021-12-30,1771,harga_pihps,9650.0,Rp,BRS01,BD-PIHPS
2021-12-30,1771,harga_pihps,11150.0,Rp,BRS02,BD-PIHPS
2021-12-30,1771,harga_pihps,11550.0,Rp,BRS03,BD-PIHPS
2021-12-30,1771,harga_pihps,11350.0,Rp,BRS04,BD-PIHPS
2021-12-30,1771,harga_pihps,12000.0,Rp,BRS05,BD-PIHPS
2021-12-30,1771,harga_pihps,12050.0,Rp,BRS06,BD-PIHPS
2021-12-30,1771,harga_pihps,29500.0,Rp,BWM01,BD-PIHPS
2021-12-30,1771,harga_pihps,27900.0,Rp,BWP01,BD-PIHPS
2021-12-30,1771,harga_pihps,26250.0,Rp,CMR01,BD-PIHPS
2021-12-30,1771,harga_pihps,30000.0,Rp,CMR02,BD-PIHPS
2021-12-30,1771,harga_pihps,48500.0,Rp,CRW01,BD-PIHPS
2021-12-30,1771,harga_pihps,48050.0,Rp,CRW02,BD-PIHPS
2021-12-30,1771,harga_pihps,38250.0,Rp,DAY01,BD-PIHPS
2021-12-30,1771,harga_pihps,123750.0,Rp,DSP01,BD-PIHPS
2021-12-30,1771,harga_pihps,123750.0,Rp,DSP02,BD-PIHPS
2021-12-30,1771,harga_pihps,12650.0,Rp,GLP01,BD-PIHPS
2021-12-30,1771,harga_pihps,13500.0,Rp,GLP02,BD-PIHPS
2021-12-30,1771,harga_pihps,18500.0,Rp,MGR01,BD-PIHPS
2021-12-30,1771,harga_pihps,19050.0,Rp,MGR02,BD-PIHPS
2021-12-30,1771,harga_pihps,18950.0,Rp,MGR03,BD-PIHPS
2021-12-30,1771,harga_pihps,25650.0,Rp,TLR01,BD-PIHPS
2021-12-30,1771,harga_pihps_grosir,9150.0,Rp,BRS01,BD-PIHPS
2021-12-30,1771,harga_pihps_grosir,10500.0,Rp,BRS02,BD-PIHPS
2021-12-30,1771,harga_pihps_grosir,11300.0,Rp,BRS03,BD-PIHPS
2021-12-30,1771,harga_pihps_grosir,11150.0,Rp,BRS04,BD-PIHPS
2021-12-30,1771,harga_pihps_grosir,11600.0,Rp,BRS05,BD-PIHPS
2021-12-30,1771,harga_pihps_grosir,11600.0,Rp,BRS06,BD-PIHPS
2021-12-30,1771,harga_pihps_grosir,22750.0,Rp,BWM01,BD-PIHPS
2021-12-30,1771,harga_pihps_grosir,21000.0,Rp,BWP01,BD-PIHPS
2021-12-30,1771,harga_pihps_grosir,26000.0,Rp,CMR01,BD-PIHPS
2021-12-30,1771,harga_pihps_grosir,28500.0,Rp,CMR02,BD-PIHPS
2021-12-30,1771,harga_pihps_grosir,42500.0,Rp,CRW01,BD-PIHPS
2021-12-30,1771,harga_pihps_grosir,41950.0,Rp,CRW02,BD-PIHPS
2021-12-30,1771,harga_pihps_grosir,30500.0,Rp,DAY01,BD-PIHPS
2021-12-30,1771,harga_pihps_grosir,120000.0,Rp,DSP01,BD-PIHPS
2021-12-30,1771,harga_pihps_grosir,120000.0,Rp,DSP02,BD-PIHPS
2021-12-30,1771,harga_pihps_grosir,12450.0,Rp,GLP01,BD-PIHPS
2021-12-30,1771,harga_pihps_grosir,17250.0,Rp,MGR01,BD-PIHPS
2021-12-30,1771,harga_pihps_grosir,17150.0,Rp,MGR02,BD-PIHPS
2021-12-30,1771,harga_pihps_grosir,17400.0,Rp,MGR03,BD-PIHPS
2021-12-30,1771,harga_pihps_grosir,23800.0,Rp,TLR01,BD-PIHPS
2021-12-30,1771,harga_pihps_modern,11100.0,Rp,BRS01,BD-PIHPS
2021-12-30,1771,harga_pihps_modern,12550.0,Rp,BRS02,BD-PIHPS
2021-12-30,1771,harga_pihps_modern,12350.0,Rp,BRS03,BD-PIHPS
2021-12-30,1771,harga_pihps_modern,12350.0,Rp,BRS04,BD-PIHPS
2021-12-30,1771,harga_pihps_modern,13450.0,Rp,BRS05,BD-PIHPS
2021-12-30,1771,harga_pihps_modern,15350.0,Rp,BRS06,BD-PIHPS
2021-12-30,1771,harga_pihps_modern,40450.0,Rp,BWM01,BD-PIHPS
2021-12-30,1771,harga_pihps_modern,36450.0,Rp,BWP01,BD-PIHPS
2021-12-30,1771,harga_pihps_modern,73950.0,Rp,CMR01,BD-PIHPS
2021-12-30,1771,harga_pihps_modern,61450.0,Rp,CMR02,BD-PIHPS
2021-12-30,1771,harga_pihps_modern,63950.0,Rp,CRW01,BD-PIHPS
2021-12-30,1771,harga_pihps_modern,78450.0,Rp,CRW02,BD-PIHPS
2021-12-30,1771,harga_pihps_modern,40200.0,Rp,DAY01,BD-PIHPS
2021-12-30,1771,harga_pihps_modern,132250.0,Rp,DSP01,BD-PIHPS
2021-12-30,1771,harga_pihps_modern,143950.0,Rp,DSP02,BD-PIHPS
2021-12-30,1771,harga_pihps_modern,12950.0,Rp,GLP01,BD-PIHPS
2021-12-30,1771,harga_pihps_modern,14250.0,Rp,GLP02,BD-PIHPS
2021-12-30,1771,harga_pihps_modern,19200.0,Rp,MGR02,BD-PIHPS
2021-12-30,1771,harga_pihps_modern,20750.0,Rp,MGR03,BD-PIHPS
2021-12-30,1771,harga_pihps_modern,31750.0,Rp,TLR01,BD-PIHPS
2021-12-30,1771,harga_pihps_produsen,9500.0,Rp,BRS01,BD-PIHPS
2021-12-30,1771,harga_pihps_produsen,8600.0,Rp,BRS03,BD-PIHPS
2021-12-30,1771,harga_pihps_produsen,8500.0,Rp,BRS04,BD-PIHPS
2021-12-30,1771,harga_pihps_produsen,11000.0,Rp,BRS05,BD-PIHPS
2021-12-30,1771,harga_pihps_produsen,9000.0,Rp,BRS06,BD-PIHPS
2021-12-30,1771,harga_pihps_produsen,28000.0,Rp,CMR01,BD-PIHPS
2021-12-30,1771,harga_pihps_produsen,37000.0,Rp,CMR02,BD-PIHPS
2021-12-30,1771,harga_pihps_produsen,21700.0,Rp,DAY01,BD-PIHPS
2021-12-30,1771,harga_pihps_produsen,120000.0,Rp,DSP01,BD-PIHPS
2021-12-30,1771,harga_pihps_produsen,120000.0,Rp,DSP02,BD-PIHPS
2021-12-30,1771,harga_pihps_produsen,20850.0,Rp,TLR01,BD-PIHPS
2021-12-31,1771,harga_pihps,9650.0,Rp,BRS01,BD-PIHPS
2021-12-31,1771,harga_pihps,11150.0,Rp,BRS02,BD-PIHPS
2021-12-31,1771,harga_pihps,11550.0,Rp,BRS03,BD-PIHPS
2021-12-31,1771,harga_pihps,11350.0,Rp,BRS04,BD-PIHPS
2021-12-31,1771,harga_pihps,12000.0,Rp,BRS05,BD-PIHPS
2021-12-31,1771,harga_pihps,12050.0,Rp,BRS06,BD-PIHPS
2021-12-31,1771,harga_pihps,30000.0,Rp,BWM01,BD-PIHPS
2021-12-31,1771,harga_pihps,28400.0,Rp,BWP01,BD-PIHPS
2021-12-31,1771,harga_pihps,26500.0,Rp,CMR01,BD-PIHPS
2021-12-31,1771,harga_pihps,30900.0,Rp,CMR02,BD-PIHPS
2021-12-31,1771,harga_pihps,48750.0,Rp,CRW01,BD-PIHPS
2021-12-31,1771,harga_pihps,47750.0,Rp,CRW02,BD-PIHPS
2021-12-31,1771,harga_pihps,39750.0,Rp,DAY01,BD-PIHPS
2021-12-31,1771,harga_pihps,123750.0,Rp,DSP01,BD-PIHPS
2021-12-31,1771,harga_pihps,123750.0,Rp,DSP02,BD-PIHPS
2021-12-31,1771,harga_pihps,12650.0,Rp,GLP01,BD-PIHPS
2021-12-31,1771,harga_pihps,13500.0,Rp,GLP02,BD-PIHPS
2021-12-31,1771,harga_pihps,18500.0,Rp,MGR01,BD-PIHPS
2021-12-31,1771,harga_pihps,19050.0,Rp,MGR02,BD-PIHPS
2021-12-31,1771,harga_pihps,18950.0,Rp,MGR03,BD-PIHPS
2021-12-31,1771,harga_pihps,25650.0,Rp,TLR01,BD-PIHPS
2021-12-31,1771,harga_pihps_grosir,9150.0,Rp,BRS01,BD-PIHPS
2021-12-31,1771,harga_pihps_grosir,10500.0,Rp,BRS02,BD-PIHPS
2021-12-31,1771,harga_pihps_grosir,11300.0,Rp,BRS03,BD-PIHPS
2021-12-31,1771,harga_pihps_grosir,11150.0,Rp,BRS04,BD-PIHPS
2021-12-31,1771,harga_pihps_grosir,11600.0,Rp,BRS05,BD-PIHPS
2021-12-31,1771,harga_pihps_grosir,11600.0,Rp,BRS06,BD-PIHPS
2021-12-31,1771,harga_pihps_grosir,22750.0,Rp,BWM01,BD-PIHPS
2021-12-31,1771,harga_pihps_grosir,21000.0,Rp,BWP01,BD-PIHPS
2021-12-31,1771,harga_pihps_grosir,26000.0,Rp,CMR01,BD-PIHPS
2021-12-31,1771,harga_pihps_grosir,28500.0,Rp,CMR02,BD-PIHPS
2021-12-31,1771,harga_pihps_grosir,42500.0,Rp,CRW01,BD-PIHPS
2021-12-31,1771,harga_pihps_grosir,41950.0,Rp,CRW02,BD-PIHPS
2021-12-31,1771,harga_pihps_grosir,30500.0,Rp,DAY01,BD-PIHPS
2021-12-31,1771,harga_pihps_grosir,120000.0,Rp,DSP01,BD-PIHPS
2021-12-31,1771,harga_pihps_grosir,120000.0,Rp,DSP02,BD-PIHPS
2021-12-31,1771,harga_pihps_grosir,12450.0,Rp,GLP01,BD-PIHPS
2021-12-31,1771,harga_pihps_grosir,17250.0,Rp,MGR01,BD-PIHPS
2021-12-31,1771,harga_pihps_grosir,17150.0,Rp,MGR02,BD-PIHPS
2021-12-31,1771,harga_pihps_grosir,17400.0,Rp,MGR03,BD-PIHPS
2021-12-31,1771,harga_pihps_grosir,23800.0,Rp,TLR01,BD-PIHPS
2021-12-31,1771,harga_pihps_modern,11100.0,Rp,BRS01,BD-PIHPS
2021-12-31,1771,harga_pihps_modern,12550.0,Rp,BRS02,BD-PIHPS
2021-12-31,1771,harga_pihps_modern,12350.0,Rp,BRS03,BD-PIHPS
2021-12-31,1771,harga_pihps_modern,12350.0,Rp,BRS04,BD-PIHPS
2021-12-31,1771,harga_pihps_modern,13450.0,Rp,BRS05,BD-PIHPS
2021-12-31,1771,harga_pihps_modern,15350.0,Rp,BRS06,BD-PIHPS
2021-12-31,1771,harga_pihps_modern,40450.0,Rp,BWM01,BD-PIHPS
2021-12-31,1771,harga_pihps_modern,36450.0,Rp,BWP01,BD-PIHPS
2021-12-31,1771,harga_pihps_modern,73950.0,Rp,CMR01,BD-PIHPS
2021-12-31,1771,harga_pihps_modern,61450.0,Rp,CMR02,BD-PIHPS
2021-12-31,1771,harga_pihps_modern,63950.0,Rp,CRW01,BD-PIHPS
2021-12-31,1771,harga_pihps_modern,78450.0,Rp,CRW02,BD-PIHPS
2021-12-31,1771,harga_pihps_modern,40200.0,Rp,DAY01,BD-PIHPS
2021-12-31,1771,harga_pihps_modern,132250.0,Rp,DSP01,BD-PIHPS
2021-12-31,1771,harga_pihps_modern,143950.0,Rp,DSP02,BD-PIHPS
2021-12-31,1771,harga_pihps_modern,12950.0,Rp,GLP01,BD-PIHPS
2021-12-31,1771,harga_pihps_modern,14250.0,Rp,GLP02,BD-PIHPS
2021-12-31,1771,harga_pihps_modern,19200.0,Rp,MGR02,BD-PIHPS
2021-12-31,1771,harga_pihps_modern,20750.0,Rp,MGR03,BD-PIHPS
2021-12-31,1771,harga_pihps_modern,31750.0,Rp,TLR01,BD-PIHPS
2021-12-31,1771,harga_pihps_produsen,9500.0,Rp,BRS01,BD-PIHPS
2021-12-31,1771,harga_pihps_produsen,8600.0,Rp,BRS03,BD-PIHPS
2021-12-31,1771,harga_pihps_produsen,8500.0,Rp,BRS04,BD-PIHPS
2021-12-31,1771,harga_pihps_produsen,11000.0,Rp,BRS05,BD-PIHPS
2021-12-31,1771,harga_pihps_produsen,9000.0,Rp,BRS06,BD-PIHPS
2021-12-31,1771,harga_pihps_produsen,28000.0,Rp,CMR01,BD-PIHPS
2021-12-31,1771,harga_pihps_produsen,30650.0,Rp,CMR02,BD-PIHPS
2021-12-31,1771,harga_pihps_produsen,30000.0,Rp,CRW01,BD-PIHPS
2021-12-31,1771,harga_pihps_produsen,21500.0,Rp,CRW02,BD-PIHPS
2021-12-31,1771,harga_pihps_produsen,21700.0,Rp,DAY01,BD-PIHPS
2021-12-31,1771,harga_pihps_produsen,120000.0,Rp,DSP01,BD-PIHPS
2021-12-31,1771,harga_pihps_produsen,120000.0,Rp,DSP02,BD-PIHPS
2021-12-31,1771,harga_pihps_produsen,20850.0,Rp,TLR01,BD-PIHPS
