tanggal,kode_wilayah,indikator,nilai,satuan,kode_varian,kode_sumber
2026-01-01,1771,harga_pihps,14350.0,Rp,BRS01,BD-PIHPS
2026-01-01,1771,harga_pihps,15300.0,Rp,BRS02,BD-PIHPS
2026-01-01,1771,harga_pihps,15350.0,Rp,BRS03,BD-PIHPS
2026-01-01,1771,harga_pihps,15850.0,Rp,BRS04,BD-PIHPS
2026-01-01,1771,harga_pihps,15950.0,Rp,BRS05,BD-PIHPS
2026-01-01,1771,harga_pihps,16150.0,Rp,BRS06,BD-PIHPS
2026-01-01,1771,harga_pihps,44750.0,Rp,BWM01,BD-PIHPS
2026-01-01,1771,harga_pihps,41650.0,Rp,BWP01,BD-PIHPS
2026-01-01,1771,harga_pihps,43650.0,Rp,CMR01,BD-PIHPS
2026-01-01,1771,harga_pihps,49900.0,Rp,CMR02,BD-PIHPS
2026-01-01,1771,harga_pihps,65900.0,Rp,CRW01,BD-PIHPS
2026-01-01,1771,harga_pihps,50800.0,Rp,CRW02,BD-PIHPS
2026-01-01,1771,harga_pihps,40500.0,Rp,DAY01,BD-PIHPS
2026-01-01,1771,harga_pihps,136250.0,Rp,DSP01,BD-PIHPS
2026-01-01,1771,harga_pihps,135650.0,Rp,DSP02,BD-PIHPS
2026-01-01,1771,harga_pihps,17550.0,Rp,GLP01,BD-PIHPS
2026-01-01,1771,harga_pihps,18900.0,Rp,GLP02,BD-PIHPS
2026-01-01,1771,harga_pihps,18150.0,Rp,MGR01,BD-PIHPS
2026-01-01,1771,harga_pihps,21450.0,Rp,MGR02,BD-PIHPS
2026-01-01,1771,harga_pihps,20700.0,Rp,MGR03,BD-PIHPS
2026-01-01,1771,harga_pihps,31800.0,Rp,TLR01,BD-PIHPS
2026-01-01,1771,harga_pihps_grosir,13650.0,Rp,BRS01,BD-PIHPS
2026-01-01,1771,harga_pihps_grosir,15000.0,Rp,BRS02,BD-PIHPS
2026-01-01,1771,harga_pihps_grosir,14900.0,Rp,BRS03,BD-PIHPS
2026-01-01,1771,harga_pihps_grosir,15300.0,Rp,BRS04,BD-PIHPS
2026-01-01,1771,harga_pihps_grosir,15100.0,Rp,BRS05,BD-PIHPS
2026-01-01,1771,harga_pihps_grosir,15600.0,Rp,BRS06,BD-PIHPS
2026-01-01,1771,harga_pihps_grosir,39500.0,Rp,BWM01,BD-PIHPS
2026-01-01,1771,harga_pihps_grosir,36000.0,Rp,BWP01,BD-PIHPS
2026-01-01,1771,harga_pihps_grosir,50000.0,Rp,CMR01,BD-PIHPS
2026-01-01,1771,harga_pihps_grosir,56000.0,Rp,CMR02,BD-PIHPS
2026-01-01,1771,harga_pihps_grosir,58000.0,Rp,CRW01,BD-PIHPS
2026-01-01,1771,harga_pihps_grosir,52450.0,Rp,CRW02,BD-PIHPS
2026-01-01,1771,harga_pihps_grosir,39250.0,Rp,DAY01,BD-PIHPS
2026-01-01,1771,harga_pihps_grosir,127500.0,Rp,DSP01,BD-PIHPS
2026-01-01,1771,harga_pihps_grosir,127500.0,Rp,DSP02,BD-PIHPS
2026-01-01,1771,harga_pihps_grosir,17500.0,Rp,GLP01,BD-PIHPS
2026-01-01,1771,harga_pihps_grosir,17500.0,Rp,MGR01,BD-PIHPS
2026-01-01,1771,harga_pihps_grosir,20000.0,Rp,MGR02,BD-PIHPS
2026-01-01,1771,harga_pihps_grosir,20000.0,Rp,MGR03,BD-PIHPS
2026-01-01,1771,harga_pihps_grosir,30200.0,Rp,TLR01,BD-PIHPS
2026-01-01,1771,harga_pihps_modern,15450.0,Rp,BRS01,BD-PIHPS
2026-01-01,1771,harga_pihps_modern,15100.0,Rp,BRS02,BD-PIHPS
2026-01-01,1771,harga_pihps_modern,16250.0,Rp,BRS03,BD-PIHPS
2026-01-01,1771,harga_pihps_modern,15900.0,Rp,BRS04,BD-PIHPS
2026-01-01,1771,harga_pihps_modern,15050.0,Rp,BRS05,BD-PIHPS
2026-01-01,1771,harga_pihps_modern,17350.0,Rp,BRS06,BD-PIHPS
2026-01-01,1771,harga_pihps_modern,64450.0,Rp,BWM01,BD-PIHPS
2026-01-01,1771,harga_pihps_modern,56450.0,Rp,BWP01,BD-PIHPS
2026-01-01,1771,harga_pihps_modern,95450.0,Rp,CMR01,BD-PIHPS
2026-01-01,1771,harga_pihps_modern,84950.0,Rp,CMR02,BD-PIHPS
2026-01-01,1771,harga_pihps_modern,87450.0,Rp,CRW01,BD-PIHPS
2026-01-01,1771,harga_pihps_modern,84950.0,Rp,CRW02,BD-PIHPS
2026-01-01,1771,harga_pihps_modern,47200.0,Rp,DAY01,BD-PIHPS
2026-01-01,1771,harga_pihps_modern,156950.0,Rp,DSP01,BD-PIHPS
2026-01-01,1771,harga_pihps_modern,164950.0,Rp,DSP02,BD-PIHPS
2026-01-01,1771,harga_pihps_modern,16850.0,Rp,GLP01,BD-PIHPS
2026-01-01,1771,harga_pihps_modern,17000.0,Rp,GLP02,BD-PIHPS
2026-01-01,1771,harga_pihps_modern,22750.0,Rp,MGR02,BD-PIHPS
2026-01-01,1771,harga_pihps_modern,24800.0,Rp,MGR03,BD-PIHPS
2026-01-01,1771,harga_pihps_modern,30050.0,Rp,TLR01,BD-PIHPS
2026-01-01,1771,harga_pihps_produsen,14000.0,Rp,BRS01,BD-PIHPS
2026-01-01,1771,harga_pihps_produsen,13050.0,Rp,BRS03,BD-PIHPS
2026-01-01,1771,harga_pihps_produsen,13000.0,Rp,BRS04,BD-PIHPS
2026-01-01,1771,harga_pihps_produsen,16000.0,Rp,BRS05,BD-PIHPS
2026-01-01,1771,harga_pihps_produsen,13250.0,Rp,BRS06,BD-PIHPS
2026-01-01,1771,harga_pihps_produsen,57500.0,Rp,CMR01,BD-PIHPS
2026-01-01,1771,harga_pihps_produsen,52500.0,Rp,CMR02,BD-PIHPS
2026-01-01,1771,harga_pihps_produsen,35000.0,Rp,CRW01,BD-PIHPS
2026-01-01,1771,harga_pihps_produsen,39000.0,Rp,CRW02,BD-PIHPS
2026-01-01,1771,harga_pihps_produsen,25000.0,Rp,DAY01,BD-PIHPS
2026-01-01,1771,harga_pihps_produsen,130000.0,Rp,DSP01,BD-PIHPS
2026-01-01,1771,harga_pihps_produsen,130000.0,Rp,DSP02,BD-PIHPS
2026-01-01,1771,harga_pihps_produsen,27150.0,Rp,TLR01,BD-PIHPS
2026-01-02,1771,harga_pihps,14350.0,Rp,BRS01,BD-PIHPS
2026-01-02,1771,harga_pihps,15300.0,Rp,BRS02,BD-PIHPS
2026-01-02,1771,harga_pihps,15350.0,Rp,BRS03,BD-PIHPS
2026-01-02,1771,harga_pihps,15850.0,Rp,BRS04,BD-PIHPS
2026-01-02,1771,harga_pihps,15950.0,Rp,BRS05,BD-PIHPS
2026-01-02,1771,harga_pihps,16150.0,Rp,BRS06,BD-PIHPS
2026-01-02,1771,harga_pihps,43400.0,Rp,BWM01,BD-PIHPS
2026-01-02,1771,harga_pihps,41400.0,Rp,BWP01,BD-PIHPS
2026-01-02,1771,harga_pihps,45750.0,Rp,CMR01,BD-PIHPS
2026-01-02,1771,harga_pihps,51150.0,Rp,CMR02,BD-PIHPS
2026-01-02,1771,harga_pihps,65500.0,Rp,CRW01,BD-PIHPS
2026-01-02,1771,harga_pihps,48300.0,Rp,CRW02,BD-PIHPS
2026-01-02,1771,harga_pihps,40500.0,Rp,DAY01,BD-PIHPS
2026-01-02,1771,harga_pihps,136250.0,Rp,DSP01,BD-PIHPS
2026-01-02,1771,harga_pihps,135650.0,Rp,DSP02,BD-PIHPS
2026-01-02,1771,harga_pihps,17550.0,Rp,GLP01,BD-PIHPS
2026-01-02,1771,harga_pihps,18900.0,Rp,GLP02,BD-PIHPS
2026-01-02,1771,harga_pihps,18150.0,Rp,MGR01,BD-PIHPS
2026-01-02,1771,harga_pihps,21450.0,Rp,MGR02,BD-PIHPS
2026-01-02,1771,harga_pihps,20700.0,Rp,MGR03,BD-PIHPS
2026-01-02,1771,harga_pihps,31800.0,Rp,TLR01,BD-PIHPS
2026-01-02,1771,harga_pihps_grosir,13650.0,Rp,BRS01,BD-PIHPS
2026-01-02,1771,harga_pihps_grosir,15000.0,Rp,BRS02,BD-PIHPS
2026-01-02,1771,harga_pihps_grosir,14900.0,Rp,BRS03,BD-PIHPS
2026-01-02,1771,harga_pihps_grosir,15300.0,Rp,BRS04,BD-PIHPS
2026-01-02,1771,harga_pihps_grosir,15100.0,Rp,BRS05,BD-PIHPS
2026-01-02,1771,harga_pihps_grosir,15600.0,Rp,BRS06,BD-PIHPS
2026-01-02,1771,harga_pihps_grosir,39500.0,Rp,BWM01,BD-PIHPS
2026-01-02,1771,harga_pihps_grosir,36000.0,Rp,BWP01,BD-PIHPS
2026-01-02,1771,harga_pihps_grosir,50000.0,Rp,CMR01,BD-PIHPS
2026-01-02,1771,harga_pihps_grosir,56000.0,Rp,CMR02,BD-PIHPS
2026-01-02,1771,harga_pihps_grosir,58000.0,Rp,CRW01,BD-PIHPS
2026-01-02,1771,harga_pihps_grosir,52450.0,Rp,CRW02,BD-PIHPS
2026-01-02,1771,harga_pihps_grosir,39250.0,Rp,DAY01,BD-PIHPS
2026-01-02,1771,harga_pihps_grosir,127500.0,Rp,DSP01,BD-PIHPS
2026-01-02,1771,harga_pihps_grosir,127500.0,Rp,DSP02,BD-PIHPS
2026-01-02,1771,harga_pihps_grosir,17500.0,Rp,GLP01,BD-PIHPS
2026-01-02,1771,harga_pihps_grosir,17500.0,Rp,MGR01,BD-PIHPS
2026-01-02,1771,harga_pihps_grosir,20000.0,Rp,MGR02,BD-PIHPS
2026-01-02,1771,harga_pihps_grosir,20000.0,Rp,MGR03,BD-PIHPS
2026-01-02,1771,harga_pihps_grosir,30200.0,Rp,TLR01,BD-PIHPS
2026-01-02,1771,harga_pihps_modern,15450.0,Rp,BRS01,BD-PIHPS
2026-01-02,1771,harga_pihps_modern,15100.0,Rp,BRS02,BD-PIHPS
2026-01-02,1771,harga_pihps_modern,16250.0,Rp,BRS03,BD-PIHPS
2026-01-02,1771,harga_pihps_modern,15900.0,Rp,BRS04,BD-PIHPS
2026-01-02,1771,harga_pihps_modern,15050.0,Rp,BRS05,BD-PIHPS
2026-01-02,1771,harga_pihps_modern,17350.0,Rp,BRS06,BD-PIHPS
2026-01-02,1771,harga_pihps_modern,64450.0,Rp,BWM01,BD-PIHPS
2026-01-02,1771,harga_pihps_modern,56450.0,Rp,BWP01,BD-PIHPS
2026-01-02,1771,harga_pihps_modern,95450.0,Rp,CMR01,BD-PIHPS
2026-01-02,1771,harga_pihps_modern,84950.0,Rp,CMR02,BD-PIHPS
2026-01-02,1771,harga_pihps_modern,87450.0,Rp,CRW01,BD-PIHPS
2026-01-02,1771,harga_pihps_modern,84950.0,Rp,CRW02,BD-PIHPS
2026-01-02,1771,harga_pihps_modern,47200.0,Rp,DAY01,BD-PIHPS
2026-01-02,1771,harga_pihps_modern,156950.0,Rp,DSP01,BD-PIHPS
2026-01-02,1771,harga_pihps_modern,164950.0,Rp,DSP02,BD-PIHPS
2026-01-02,1771,harga_pihps_modern,16850.0,Rp,GLP01,BD-PIHPS
2026-01-02,1771,harga_pihps_modern,17000.0,Rp,GLP02,BD-PIHPS
2026-01-02,1771,harga_pihps_modern,22750.0,Rp,MGR02,BD-PIHPS
2026-01-02,1771,harga_pihps_modern,24800.0,Rp,MGR03,BD-PIHPS
2026-01-02,1771,harga_pihps_modern,30050.0,Rp,TLR01,BD-PIHPS
2026-01-02,1771,harga_pihps_produsen,14000.0,Rp,BRS01,BD-PIHPS
2026-01-02,1771,harga_pihps_produsen,13050.0,Rp,BRS03,BD-PIHPS
2026-01-02,1771,harga_pihps_produsen,13000.0,Rp,BRS04,BD-PIHPS
2026-01-02,1771,harga_pihps_produsen,16000.0,Rp,BRS05,BD-PIHPS
2026-01-02,1771,harga_pihps_produsen,13250.0,Rp,BRS06,BD-PIHPS
2026-01-02,1771,harga_pihps_produsen,57500.0,Rp,CMR01,BD-PIHPS
2026-01-02,1771,harga_pihps_produsen,52500.0,Rp,CMR02,BD-PIHPS
2026-01-02,1771,harga_pihps_produsen,35000.0,Rp,CRW01,BD-PIHPS
2026-01-02,1771,harga_pihps_produsen,39000.0,Rp,CRW02,BD-PIHPS
2026-01-02,1771,harga_pihps_produsen,25000.0,Rp,DAY01,BD-PIHPS
2026-01-02,1771,harga_pihps_produsen,130000.0,Rp,DSP01,BD-PIHPS
2026-01-02,1771,harga_pihps_produsen,130000.0,Rp,DSP02,BD-PIHPS
2026-01-02,1771,harga_pihps_produsen,27150.0,Rp,TLR01,BD-PIHPS
2026-01-05,1771,harga_pihps,14350.0,Rp,BRS01,BD-PIHPS
2026-01-05,1771,harga_pihps,15300.0,Rp,BRS02,BD-PIHPS
2026-01-05,1771,harga_pihps,15350.0,Rp,BRS03,BD-PIHPS
2026-01-05,1771,harga_pihps,15850.0,Rp,BRS04,BD-PIHPS
2026-01-05,1771,harga_pihps,15950.0,Rp,BRS05,BD-PIHPS
2026-01-05,1771,harga_pihps,16150.0,Rp,BRS06,BD-PIHPS
2026-01-05,1771,harga_pihps,43150.0,Rp,BWM01,BD-PIHPS
2026-01-05,1771,harga_pihps,41400.0,Rp,BWP01,BD-PIHPS
2026-01-05,1771,harga_pihps,41650.0,Rp,CMR01,BD-PIHPS
2026-01-05,1771,harga_pihps,46500.0,Rp,CMR02,BD-PIHPS
2026-01-05,1771,harga_pihps,64400.0,Rp,CRW01,BD-PIHPS
2026-01-05,1771,harga_pihps,47850.0,Rp,CRW02,BD-PIHPS
2026-01-05,1771,harga_pihps,40400.0,Rp,DAY01,BD-PIHPS
2026-01-05,1771,harga_pihps,136250.0,Rp,DSP01,BD-PIHPS
2026-01-05,1771,harga_pihps,135650.0,Rp,DSP02,BD-PIHPS
2026-01-05,1771,harga_pihps,17650.0,Rp,GLP01,BD-PIHPS
2026-01-05,1771,harga_pihps,18800.0,Rp,GLP02,BD-PIHPS
2026-01-05,1771,harga_pihps,18150.0,Rp,MGR01,BD-PIHPS
2026-01-05,1771,harga_pihps,21450.0,Rp,MGR02,BD-PIHPS
2026-01-05,1771,harga_pihps,20700.0,Rp,MGR03,BD-PIHPS
2026-01-05,1771,harga_pihps,31800.0,Rp,TLR01,BD-PIHPS
2026-01-05,1771,harga_pihps_grosir,13650.0,Rp,BRS01,BD-PIHPS
2026-01-05,1771,harga_pihps_grosir,15000.0,Rp,BRS02,BD-PIHPS
2026-01-05,1771,harga_pihps_grosir,14900.0,Rp,BRS03,BD-PIHPS
2026-01-05,1771,harga_pihps_grosir,15300.0,Rp,BRS04,BD-PIHPS
2026-01-05,1771,harga_pihps_grosir,15100.0,Rp,BRS05,BD-PIHPS
2026-01-05,1771,harga_pihps_grosir,15600.0,Rp,BRS06,BD-PIHPS
2026-01-05,1771,harga_pihps_grosir,39500.0,Rp,BWM01,BD-PIHPS
2026-01-05,1771,harga_pihps_grosir,36000.0,Rp,BWP01,BD-PIHPS
2026-01-05,1771,harga_pihps_grosir,50000.0,Rp,CMR01,BD-PIHPS
2026-01-05,1771,harga_pihps_grosir,56000.0,Rp,CMR02,BD-PIHPS
2026-01-05,1771,harga_pihps_grosir,58000.0,Rp,CRW01,BD-PIHPS
2026-01-05,1771,harga_pihps_grosir,52450.0,Rp,CRW02,BD-PIHPS
2026-01-05,1771,harga_pihps_grosir,39250.0,Rp,DAY01,BD-PIHPS
2026-01-05,1771,harga_pihps_grosir,127500.0,Rp,DSP01,BD-PIHPS
2026-01-05,1771,harga_pihps_grosir,127500.0,Rp,DSP02,BD-PIHPS
2026-01-05,1771,harga_pihps_grosir,17500.0,Rp,GLP01,BD-PIHPS
2026-01-05,1771,harga_pihps_grosir,17500.0,Rp,MGR01,BD-PIHPS
2026-01-05,1771,harga_pihps_grosir,20000.0,Rp,MGR02,BD-PIHPS
2026-01-05,1771,harga_pihps_grosir,20000.0,Rp,MGR03,BD-PIHPS
2026-01-05,1771,harga_pihps_grosir,30200.0,Rp,TLR01,BD-PIHPS
2026-01-05,1771,harga_pihps_modern,15450.0,Rp,BRS01,BD-PIHPS
2026-01-05,1771,harga_pihps_modern,15100.0,Rp,BRS02,BD-PIHPS
2026-01-05,1771,harga_pihps_modern,16250.0,Rp,BRS03,BD-PIHPS
2026-01-05,1771,harga_pihps_modern,15900.0,Rp,BRS04,BD-PIHPS
2026-01-05,1771,harga_pihps_modern,15050.0,Rp,BRS05,BD-PIHPS
2026-01-05,1771,harga_pihps_modern,17350.0,Rp,BRS06,BD-PIHPS
2026-01-05,1771,harga_pihps_modern,64450.0,Rp,BWM01,BD-PIHPS
2026-01-05,1771,harga_pihps_modern,56450.0,Rp,BWP01,BD-PIHPS
2026-01-05,1771,harga_pihps_modern,95450.0,Rp,CMR01,BD-PIHPS
2026-01-05,1771,harga_pihps_modern,84950.0,Rp,CMR02,BD-PIHPS
2026-01-05,1771,harga_pihps_modern,87450.0,Rp,CRW01,BD-PIHPS
2026-01-05,1771,harga_pihps_modern,84950.0,Rp,CRW02,BD-PIHPS
2026-01-05,1771,harga_pihps_modern,47200.0,Rp,DAY01,BD-PIHPS
2026-01-05,1771,harga_pihps_modern,156950.0,Rp,DSP01,BD-PIHPS
2026-01-05,1771,harga_pihps_modern,164950.0,Rp,DSP02,BD-PIHPS
2026-01-05,1771,harga_pihps_modern,16850.0,Rp,GLP01,BD-PIHPS
2026-01-05,1771,harga_pihps_modern,17000.0,Rp,GLP02,BD-PIHPS
2026-01-05,1771,harga_pihps_modern,22750.0,Rp,MGR02,BD-PIHPS
2026-01-05,1771,harga_pihps_modern,24800.0,Rp,MGR03,BD-PIHPS
2026-01-05,1771,harga_pihps_modern,30050.0,Rp,TLR01,BD-PIHPS
2026-01-05,1771,harga_pihps_produsen,14000.0,Rp,BRS01,BD-PIHPS
2026-01-05,1771,harga_pihps_produsen,13050.0,Rp,BRS03,BD-PIHPS
2026-01-05,1771,harga_pihps_produsen,13000.0,Rp,BRS04,BD-PIHPS
2026-01-05,1771,harga_pihps_produsen,16000.0,Rp,BRS05,BD-PIHPS
2026-01-05,1771,harga_pihps_produsen,13250.0,Rp,BRS06,BD-PIHPS
2026-01-05,1771,harga_pihps_produsen,57500.0,Rp,CMR01,BD-PIHPS
2026-01-05,1771,harga_pihps_produsen,52500.0,Rp,CMR02,BD-PIHPS
2026-01-05,1771,harga_pihps_produsen,35000.0,Rp,CRW01,BD-PIHPS
2026-01-05,1771,harga_pihps_produsen,39000.0,Rp,CRW02,BD-PIHPS
2026-01-05,1771,harga_pihps_produsen,25000.0,Rp,DAY01,BD-PIHPS
2026-01-05,1771,harga_pihps_produsen,130000.0,Rp,DSP01,BD-PIHPS
2026-01-05,1771,harga_pihps_produsen,130000.0,Rp,DSP02,BD-PIHPS
2026-01-05,1771,harga_pihps_produsen,27150.0,Rp,TLR01,BD-PIHPS
2026-01-06,1771,harga_pihps,14350.0,Rp,BRS01,BD-PIHPS
2026-01-06,1771,harga_pihps,15300.0,Rp,BRS02,BD-PIHPS
2026-01-06,1771,harga_pihps,15350.0,Rp,BRS03,BD-PIHPS
2026-01-06,1771,harga_pihps,15850.0,Rp,BRS04,BD-PIHPS
2026-01-06,1771,harga_pihps,15950.0,Rp,BRS05,BD-PIHPS
2026-01-06,1771,harga_pihps,16150.0,Rp,BRS06,BD-PIHPS
2026-01-06,1771,harga_pihps,42500.0,Rp,BWM01,BD-PIHPS
2026-01-06,1771,harga_pihps,41000.0,Rp,BWP01,BD-PIHPS
2026-01-06,1771,harga_pihps,37250.0,Rp,CMR01,BD-PIHPS
2026-01-06,1771,harga_pihps,41500.0,Rp,CMR02,BD-PIHPS
2026-01-06,1771,harga_pihps,66750.0,Rp,CRW01,BD-PIHPS
2026-01-06,1771,harga_pihps,48950.0,Rp,CRW02,BD-PIHPS
2026-01-06,1771,harga_pihps,40250.0,Rp,DAY01,BD-PIHPS
2026-01-06,1771,harga_pihps,136250.0,Rp,DSP01,BD-PIHPS
2026-01-06,1771,harga_pihps,135650.0,Rp,DSP02,BD-PIHPS
2026-01-06,1771,harga_pihps,17700.0,Rp,GLP01,BD-PIHPS
2026-01-06,1771,harga_pihps,18800.0,Rp,GLP02,BD-PIHPS
2026-01-06,1771,harga_pihps,18150.0,Rp,MGR01,BD-PIHPS
2026-01-06,1771,harga_pihps,21450.0,Rp,MGR02,BD-PIHPS
2026-01-06,1771,harga_pihps,20550.0,Rp,MGR03,BD-PIHPS
2026-01-06,1771,harga_pihps,31300.0,Rp,TLR01,BD-PIHPS
2026-01-06,1771,harga_pihps_grosir,13650.0,Rp,BRS01,BD-PIHPS
2026-01-06,1771,harga_pihps_grosir,15000.0,Rp,BRS02,BD-PIHPS
2026-01-06,1771,harga_pihps_grosir,14900.0,Rp,BRS03,BD-PIHPS
2026-01-06,1771,harga_pihps_grosir,15300.0,Rp,BRS04,BD-PIHPS
2026-01-06,1771,harga_pihps_grosir,15100.0,Rp,BRS05,BD-PIHPS
2026-01-06,1771,harga_pihps_grosir,15600.0,Rp,BRS06,BD-PIHPS
2026-01-06,1771,harga_pihps_grosir,39500.0,Rp,BWM01,BD-PIHPS
2026-01-06,1771,harga_pihps_grosir,36000.0,Rp,BWP01,BD-PIHPS
2026-01-06,1771,harga_pihps_grosir,50000.0,Rp,CMR01,BD-PIHPS
2026-01-06,1771,harga_pihps_grosir,56000.0,Rp,CMR02,BD-PIHPS
2026-01-06,1771,harga_pihps_grosir,58000.0,Rp,CRW01,BD-PIHPS
2026-01-06,1771,harga_pihps_grosir,52450.0,Rp,CRW02,BD-PIHPS
2026-01-06,1771,harga_pihps_grosir,39250.0,Rp,DAY01,BD-PIHPS
2026-01-06,1771,harga_pihps_grosir,127500.0,Rp,DSP01,BD-PIHPS
2026-01-06,1771,harga_pihps_grosir,127500.0,Rp,DSP02,BD-PIHPS
2026-01-06,1771,harga_pihps_grosir,17500.0,Rp,GLP01,BD-PIHPS
2026-01-06,1771,harga_pihps_grosir,17500.0,Rp,MGR01,BD-PIHPS
2026-01-06,1771,harga_pihps_grosir,20000.0,Rp,MGR02,BD-PIHPS
2026-01-06,1771,harga_pihps_grosir,20000.0,Rp,MGR03,BD-PIHPS
2026-01-06,1771,harga_pihps_grosir,30200.0,Rp,TLR01,BD-PIHPS
2026-01-06,1771,harga_pihps_modern,15450.0,Rp,BRS01,BD-PIHPS
2026-01-06,1771,harga_pihps_modern,15100.0,Rp,BRS02,BD-PIHPS
2026-01-06,1771,harga_pihps_modern,16250.0,Rp,BRS03,BD-PIHPS
2026-01-06,1771,harga_pihps_modern,15900.0,Rp,BRS04,BD-PIHPS
2026-01-06,1771,harga_pihps_modern,15050.0,Rp,BRS05,BD-PIHPS
2026-01-06,1771,harga_pihps_modern,17350.0,Rp,BRS06,BD-PIHPS
2026-01-06,1771,harga_pihps_modern,64450.0,Rp,BWM01,BD-PIHPS
2026-01-06,1771,harga_pihps_modern,56450.0,Rp,BWP01,BD-PIHPS
2026-01-06,1771,harga_pihps_modern,92950.0,Rp,CMR01,BD-PIHPS
2026-01-06,1771,harga_pihps_modern,74950.0,Rp,CMR02,BD-PIHPS
2026-01-06,1771,harga_pihps_modern,84950.0,Rp,CRW01,BD-PIHPS
2026-01-06,1771,harga_pihps_modern,82450.0,Rp,CRW02,BD-PIHPS
2026-01-06,1771,harga_pihps_modern,46300.0,Rp,DAY01,BD-PIHPS
2026-01-06,1771,harga_pihps_modern,162800.0,Rp,DSP01,BD-PIHPS
2026-01-06,1771,harga_pihps_modern,175450.0,Rp,DSP02,BD-PIHPS
2026-01-06,1771,harga_pihps_modern,16850.0,Rp,GLP01,BD-PIHPS
2026-01-06,1771,harga_pihps_modern,17000.0,Rp,GLP02,BD-PIHPS
2026-01-06,1771,harga_pihps_modern,22750.0,Rp,MGR02,BD-PIHPS
2026-01-06,1771,harga_pihps_modern,24800.0,Rp,MGR03,BD-PIHPS
2026-01-06,1771,harga_pihps_modern,30050.0,Rp,TLR01,BD-PIHPS
2026-01-06,1771,harga_pihps_produsen,14000.0,Rp,BRS01,BD-PIHPS
2026-01-06,1771,harga_pihps_produsen,13050.0,Rp,BRS03,BD-PIHPS
2026-01-06,1771,harga_pihps_produsen,13000.0,Rp,BRS04,BD-PIHPS
2026-01-06,1771,harga_pihps_produsen,16000.0,Rp,BRS05,BD-PIHPS
2026-01-06,1771,harga_pihps_produsen,13250.0,Rp,BRS06,BD-PIHPS
2026-01-06,1771,harga_pihps_produsen,57500.0,Rp,CMR01,BD-PIHPS
2026-01-06,1771,harga_pihps_produsen,52500.0,Rp,CMR02,BD-PIHPS
2026-01-06,1771,harga_pihps_produsen,35000.0,Rp,CRW01,BD-PIHPS
2026-01-06,1771,harga_pihps_produsen,39000.0,Rp,CRW02,BD-PIHPS
2026-01-06,1771,harga_pihps_produsen,25000.0,Rp,DAY01,BD-PIHPS
2026-01-06,1771,harga_pihps_produsen,130000.0,Rp,DSP01,BD-PIHPS
2026-01-06,1771,harga_pihps_produsen,130000.0,Rp,DSP02,BD-PIHPS
2026-01-06,1771,harga_pihps_produsen,27150.0,Rp,TLR01,BD-PIHPS
2026-01-07,1771,harga_pihps,14350.0,Rp,BRS01,BD-PIHPS
2026-01-07,1771,harga_pihps,15300.0,Rp,BRS02,BD-PIHPS
2026-01-07,1771,harga_pihps,15350.0,Rp,BRS03,BD-PIHPS
2026-01-07,1771,harga_pihps,15850.0,Rp,BRS04,BD-PIHPS
2026-01-07,1771,harga_pihps,15950.0,Rp,BRS05,BD-PIHPS
2026-01-07,1771,harga_pihps,16150.0,Rp,BRS06,BD-PIHPS
2026-01-07,1771,harga_pihps,42150.0,Rp,BWM01,BD-PIHPS
2026-01-07,1771,harga_pihps,41000.0,Rp,BWP01,BD-PIHPS
2026-01-07,1771,harga_pihps,35250.0,Rp,CMR01,BD-PIHPS
2026-01-07,1771,harga_pihps,39900.0,Rp,CMR02,BD-PIHPS
2026-01-07,1771,harga_pihps,70500.0,Rp,CRW01,BD-PIHPS
2026-01-07,1771,harga_pihps,47550.0,Rp,CRW02,BD-PIHPS
2026-01-07,1771,harga_pihps,39650.0,Rp,DAY01,BD-PIHPS
2026-01-07,1771,harga_pihps,136250.0,Rp,DSP01,BD-PIHPS
2026-01-07,1771,harga_pihps,135650.0,Rp,DSP02,BD-PIHPS
2026-01-07,1771,harga_pihps,17700.0,Rp,GLP01,BD-PIHPS
2026-01-07,1771,harga_pihps,18800.0,Rp,GLP02,BD-PIHPS
2026-01-07,1771,harga_pihps,18150.0,Rp,MGR01,BD-PIHPS
2026-01-07,1771,harga_pihps,21450.0,Rp,MGR02,BD-PIHPS
2026-01-07,1771,harga_pihps,20550.0,Rp,MGR03,BD-PIHPS
2026-01-07,1771,harga_pihps,31300.0,Rp,TLR01,BD-PIHPS
2026-01-07,1771,harga_pihps_grosir,13650.0,Rp,BRS01,BD-PIHPS
2026-01-07,1771,harga_pihps_grosir,15000.0,Rp,BRS02,BD-PIHPS
2026-01-07,1771,harga_pihps_grosir,14900.0,Rp,BRS03,BD-PIHPS
2026-01-07,1771,harga_pihps_grosir,15300.0,Rp,BRS04,BD-PIHPS
2026-01-07,1771,harga_pihps_grosir,15100.0,Rp,BRS05,BD-PIHPS
2026-01-07,1771,harga_pihps_grosir,15600.0,Rp,BRS06,BD-PIHPS
2026-01-07,1771,harga_pihps_grosir,39500.0,Rp,BWM01,BD-PIHPS
2026-01-07,1771,harga_pihps_grosir,36000.0,Rp,BWP01,BD-PIHPS
2026-01-07,1771,harga_pihps_grosir,50000.0,Rp,CMR01,BD-PIHPS
2026-01-07,1771,harga_pihps_grosir,56000.0,Rp,CMR02,BD-PIHPS
2026-01-07,1771,harga_pihps_grosir,58000.0,Rp,CRW01,BD-PIHPS
2026-01-07,1771,harga_pihps_grosir,52450.0,Rp,CRW02,BD-PIHPS
2026-01-07,1771,harga_pihps_grosir,39250.0,Rp,DAY01,BD-PIHPS
2026-01-07,1771,harga_pihps_grosir,127500.0,Rp,DSP01,BD-PIHPS
2026-01-07,1771,harga_pihps_grosir,127500.0,Rp,DSP02,BD-PIHPS
2026-01-07,1771,harga_pihps_grosir,17500.0,Rp,GLP01,BD-PIHPS
2026-01-07,1771,harga_pihps_grosir,17500.0,Rp,MGR01,BD-PIHPS
2026-01-07,1771,harga_pihps_grosir,20000.0,Rp,MGR02,BD-PIHPS
2026-01-07,1771,harga_pihps_grosir,20000.0,Rp,MGR03,BD-PIHPS
2026-01-07,1771,harga_pihps_grosir,30200.0,Rp,TLR01,BD-PIHPS
2026-01-07,1771,harga_pihps_modern,15450.0,Rp,BRS01,BD-PIHPS
2026-01-07,1771,harga_pihps_modern,15100.0,Rp,BRS02,BD-PIHPS
2026-01-07,1771,harga_pihps_modern,16250.0,Rp,BRS03,BD-PIHPS
2026-01-07,1771,harga_pihps_modern,15900.0,Rp,BRS04,BD-PIHPS
2026-01-07,1771,harga_pihps_modern,15050.0,Rp,BRS05,BD-PIHPS
2026-01-07,1771,harga_pihps_modern,17350.0,Rp,BRS06,BD-PIHPS
2026-01-07,1771,harga_pihps_modern,64450.0,Rp,BWM01,BD-PIHPS
2026-01-07,1771,harga_pihps_modern,56450.0,Rp,BWP01,BD-PIHPS
2026-01-07,1771,harga_pihps_modern,92950.0,Rp,CMR01,BD-PIHPS
2026-01-07,1771,harga_pihps_modern,74950.0,Rp,CMR02,BD-PIHPS
2026-01-07,1771,harga_pihps_modern,84950.0,Rp,CRW01,BD-PIHPS
2026-01-07,1771,harga_pihps_modern,82450.0,Rp,CRW02,BD-PIHPS
2026-01-07,1771,harga_pihps_modern,46300.0,Rp,DAY01,BD-PIHPS
2026-01-07,1771,harga_pihps_modern,162800.0,Rp,DSP01,BD-PIHPS
2026-01-07,1771,harga_pihps_modern,175450.0,Rp,DSP02,BD-PIHPS
2026-01-07,1771,harga_pihps_modern,16850.0,Rp,GLP01,BD-PIHPS
2026-01-07,1771,harga_pihps_modern,17000.0,Rp,GLP02,BD-PIHPS
2026-01-07,1771,harga_pihps_modern,22750.0,Rp,MGR02,BD-PIHPS
2026-01-07,1771,harga_pihps_modern,24800.0,Rp,MGR03,BD-PIHPS
2026-01-07,1771,harga_pihps_modern,30050.0,Rp,TLR01,BD-PIHPS
2026-01-07,1771,harga_pihps_produsen,14000.0,Rp,BRS01,BD-PIHPS
2026-01-07,1771,harga_pihps_produsen,13050.0,Rp,BRS03,BD-PIHPS
2026-01-07,1771,harga_pihps_produsen,13000.0,Rp,BRS04,BD-PIHPS
2026-01-07,1771,harga_pihps_produsen,16000.0,Rp,BRS05,BD-PIHPS
2026-01-07,1771,harga_pihps_produsen,13250.0,Rp,BRS06,BD-PIHPS
2026-01-07,1771,harga_pihps_produsen,57500.0,Rp,CMR01,BD-PIHPS
2026-01-07,1771,harga_pihps_produsen,52500.0,Rp,CMR02,BD-PIHPS
2026-01-07,1771,harga_pihps_produsen,35000.0,Rp,CRW01,BD-PIHPS
2026-01-07,1771,harga_pihps_produsen,39000.0,Rp,CRW02,BD-PIHPS
2026-01-07,1771,harga_pihps_produsen,25000.0,Rp,DAY01,BD-PIHPS
2026-01-07,1771,harga_pihps_produsen,130000.0,Rp,DSP01,BD-PIHPS
2026-01-07,1771,harga_pihps_produsen,130000.0,Rp,DSP02,BD-PIHPS
2026-01-07,1771,harga_pihps_produsen,27150.0,Rp,TLR01,BD-PIHPS
2026-01-08,1771,harga_pihps,14350.0,Rp,BRS01,BD-PIHPS
2026-01-08,1771,harga_pihps,15300.0,Rp,BRS02,BD-PIHPS
2026-01-08,1771,harga_pihps,15350.0,Rp,BRS03,BD-PIHPS
2026-01-08,1771,harga_pihps,15850.0,Rp,BRS04,BD-PIHPS
2026-01-08,1771,harga_pihps,15950.0,Rp,BRS05,BD-PIHPS
2026-01-08,1771,harga_pihps,16150.0,Rp,BRS06,BD-PIHPS
2026-01-08,1771,harga_pihps,41500.0,Rp,BWM01,BD-PIHPS
2026-01-08,1771,harga_pihps,40250.0,Rp,BWP01,BD-PIHPS
2026-01-08,1771,harga_pihps,34900.0,Rp,CMR01,BD-PIHPS
2026-01-08,1771,harga_pihps,39400.0,Rp,CMR02,BD-PIHPS
2026-01-08,1771,harga_pihps,70900.0,Rp,CRW01,BD-PIHPS
2026-01-08,1771,harga_pihps,46300.0,Rp,CRW02,BD-PIHPS
2026-01-08,1771,harga_pihps,39250.0,Rp,DAY01,BD-PIHPS
2026-01-08,1771,harga_pihps,136250.0,Rp,DSP01,BD-PIHPS
2026-01-08,1771,harga_pihps,135650.0,Rp,DSP02,BD-PIHPS
2026-01-08,1771,harga_pihps,17700.0,Rp,GLP01,BD-PIHPS
2026-01-08,1771,harga_pihps,18900.0,Rp,GLP02,BD-PIHPS
2026-01-08,1771,harga_pihps,18150.0,Rp,MGR01,BD-PIHPS
2026-01-08,1771,harga_pihps,21300.0,Rp,MGR02,BD-PIHPS
2026-01-08,1771,harga_pihps,20500.0,Rp,MGR03,BD-PIHPS
2026-01-08,1771,harga_pihps,31100.0,Rp,TLR01,BD-PIHPS
2026-01-08,1771,harga_pihps_grosir,13650.0,Rp,BRS01,BD-PIHPS
2026-01-08,1771,harga_pihps_grosir,15000.0,Rp,BRS02,BD-PIHPS
2026-01-08,1771,harga_pihps_grosir,14900.0,Rp,BRS03,BD-PIHPS
2026-01-08,1771,harga_pihps_grosir,15300.0,Rp,BRS04,BD-PIHPS
2026-01-08,1771,harga_pihps_grosir,15100.0,Rp,BRS05,BD-PIHPS
2026-01-08,1771,harga_pihps_grosir,15600.0,Rp,BRS06,BD-PIHPS
2026-01-08,1771,harga_pihps_grosir,39500.0,Rp,BWM01,BD-PIHPS
2026-01-08,1771,harga_pihps_grosir,36000.0,Rp,BWP01,BD-PIHPS
2026-01-08,1771,harga_pihps_grosir,36000.0,Rp,CMR01,BD-PIHPS
2026-01-08,1771,harga_pihps_grosir,40000.0,Rp,CMR02,BD-PIHPS
2026-01-08,1771,harga_pihps_grosir,70000.0,Rp,CRW01,BD-PIHPS
2026-01-08,1771,harga_pihps_grosir,45700.0,Rp,CRW02,BD-PIHPS
2026-01-08,1771,harga_pihps_grosir,38750.0,Rp,DAY01,BD-PIHPS
2026-01-08,1771,harga_pihps_grosir,127500.0,Rp,DSP01,BD-PIHPS
2026-01-08,1771,harga_pihps_grosir,127500.0,Rp,DSP02,BD-PIHPS
2026-01-08,1771,harga_pihps_grosir,17500.0,Rp,GLP01,BD-PIHPS
2026-01-08,1771,harga_pihps_grosir,17500.0,Rp,MGR01,BD-PIHPS
2026-01-08,1771,harga_pihps_grosir,20000.0,Rp,MGR02,BD-PIHPS
2026-01-08,1771,harga_pihps_grosir,20000.0,Rp,MGR03,BD-PIHPS
2026-01-08,1771,harga_pihps_grosir,30800.0,Rp,TLR01,BD-PIHPS
2026-01-08,1771,harga_pihps_modern,15450.0,Rp,BRS01,BD-PIHPS
2026-01-08,1771,harga_pihps_modern,15100.0,Rp,BRS02,BD-PIHPS
2026-01-08,1771,harga_pihps_modern,16250.0,Rp,BRS03,BD-PIHPS
2026-01-08,1771,harga_pihps_modern,15900.0,Rp,BRS04,BD-PIHPS
2026-01-08,1771,harga_pihps_modern,15050.0,Rp,BRS05,BD-PIHPS
2026-01-08,1771,harga_pihps_modern,17350.0,Rp,BRS06,BD-PIHPS
2026-01-08,1771,harga_pihps_modern,64450.0,Rp,BWM01,BD-PIHPS
2026-01-08,1771,harga_pihps_modern,56450.0,Rp,BWP01,BD-PIHPS
2026-01-08,1771,harga_pihps_modern,92950.0,Rp,CMR01,BD-PIHPS
2026-01-08,1771,harga_pihps_modern,74950.0,Rp,CMR02,BD-PIHPS
2026-01-08,1771,harga_pihps_modern,84950.0,Rp,CRW01,BD-PIHPS
2026-01-08,1771,harga_pihps_modern,82450.0,Rp,CRW02,BD-PIHPS
2026-01-08,1771,harga_pihps_modern,46300.0,Rp,DAY01,BD-PIHPS
2026-01-08,1771,harga_pihps_modern,162800.0,Rp,DSP01,BD-PIHPS
2026-01-08,1771,harga_pihps_modern,175450.0,Rp,DSP02,BD-PIHPS
2026-01-08,1771,harga_pihps_modern,16850.0,Rp,GLP01,BD-PIHPS
2026-01-08,1771,harga_pihps_modern,17000.0,Rp,GLP02,BD-PIHPS
2026-01-08,1771,harga_pihps_modern,22750.0,Rp,MGR02,BD-PIHPS
2026-01-08,1771,harga_pihps_modern,24800.0,Rp,MGR03,BD-PIHPS
2026-01-08,1771,harga_pihps_modern,30050.0,Rp,TLR01,BD-PIHPS
2026-01-08,1771,harga_pihps_produsen,14000.0,Rp,BRS01,BD-PIHPS
2026-01-08,1771,harga_pihps_produsen,13050.0,Rp,BRS03,BD-PIHPS
2026-01-08,1771,harga_pihps_produsen,13000.0,Rp,BRS04,BD-PIHPS
2026-01-08,1771,harga_pihps_produsen,16000.0,Rp,BRS05,BD-PIHPS
2026-01-08,1771,harga_pihps_produsen,13250.0,Rp,BRS06,BD-PIHPS
2026-01-08,1771,harga_pihps_produsen,57500.0,Rp,CMR01,BD-PIHPS
2026-01-08,1771,harga_pihps_produsen,52500.0,Rp,CMR02,BD-PIHPS
2026-01-08,1771,harga_pihps_produsen,35000.0,Rp,CRW01,BD-PIHPS
2026-01-08,1771,harga_pihps_produsen,39000.0,Rp,CRW02,BD-PIHPS
2026-01-08,1771,harga_pihps_produsen,25000.0,Rp,DAY01,BD-PIHPS
2026-01-08,1771,harga_pihps_produsen,130000.0,Rp,DSP01,BD-PIHPS
2026-01-08,1771,harga_pihps_produsen,130000.0,Rp,DSP02,BD-PIHPS
2026-01-08,1771,harga_pihps_produsen,27150.0,Rp,TLR01,BD-PIHPS
2026-01-09,1771,harga_pihps,14350.0,Rp,BRS01,BD-PIHPS
2026-01-09,1771,harga_pihps,15300.0,Rp,BRS02,BD-PIHPS
2026-01-09,1771,harga_pihps,15350.0,Rp,BRS03,BD-PIHPS
2026-01-09,1771,harga_pihps,15850.0,Rp,BRS04,BD-PIHPS
2026-01-09,1771,harga_pihps,15950.0,Rp,BRS05,BD-PIHPS
2026-01-09,1771,harga_pihps,16150.0,Rp,BRS06,BD-PIHPS
2026-01-09,1771,harga_pihps,41250.0,Rp,BWM01,BD-PIHPS
2026-01-09,1771,harga_pihps,38400.0,Rp,BWP01,BD-PIHPS
2026-01-09,1771,harga_pihps,34750.0,Rp,CMR01,BD-PIHPS
2026-01-09,1771,harga_pihps,39400.0,Rp,CMR02,BD-PIHPS
2026-01-09,1771,harga_pihps,69900.0,Rp,CRW01,BD-PIHPS
2026-01-09,1771,harga_pihps,46950.0,Rp,CRW02,BD-PIHPS
2026-01-09,1771,harga_pihps,39000.0,Rp,DAY01,BD-PIHPS
2026-01-09,1771,harga_pihps,136250.0,Rp,DSP01,BD-PIHPS
2026-01-09,1771,harga_pihps,135650.0,Rp,DSP02,BD-PIHPS
2026-01-09,1771,harga_pihps,17700.0,Rp,GLP01,BD-PIHPS
2026-01-09,1771,harga_pihps,18900.0,Rp,GLP02,BD-PIHPS
2026-01-09,1771,harga_pihps,18150.0,Rp,MGR01,BD-PIHPS
2026-01-09,1771,harga_pihps,21300.0,Rp,MGR02,BD-PIHPS
2026-01-09,1771,harga_pihps,20500.0,Rp,MGR03,BD-PIHPS
2026-01-09,1771,harga_pihps,31100.0,Rp,TLR01,BD-PIHPS
2026-01-09,1771,harga_pihps_grosir,13650.0,Rp,BRS01,BD-PIHPS
2026-01-09,1771,harga_pihps_grosir,15000.0,Rp,BRS02,BD-PIHPS
2026-01-09,1771,harga_pihps_grosir,14900.0,Rp,BRS03,BD-PIHPS
2026-01-09,1771,harga_pihps_grosir,15300.0,Rp,BRS04,BD-PIHPS
2026-01-09,1771,harga_pihps_grosir,15100.0,Rp,BRS05,BD-PIHPS
2026-01-09,1771,harga_pihps_grosir,15600.0,Rp,BRS06,BD-PIHPS
2026-01-09,1771,harga_pihps_grosir,39500.0,Rp,BWM01,BD-PIHPS
2026-01-09,1771,harga_pihps_grosir,36000.0,Rp,BWP01,BD-PIHPS
2026-01-09,1771,harga_pihps_grosir,36000.0,Rp,CMR01,BD-PIHPS
2026-01-09,1771,harga_pihps_grosir,40000.0,Rp,CMR02,BD-PIHPS
2026-01-09,1771,harga_pihps_grosir,70000.0,Rp,CRW01,BD-PIHPS
2026-01-09,1771,harga_pihps_grosir,45700.0,Rp,CRW02,BD-PIHPS
2026-01-09,1771,harga_pihps_grosir,38750.0,Rp,DAY01,BD-PIHPS
2026-01-09,1771,harga_pihps_grosir,127500.0,Rp,DSP01,BD-PIHPS
2026-01-09,1771,harga_pihps_grosir,127500.0,Rp,DSP02,BD-PIHPS
2026-01-09,1771,harga_pihps_grosir,17500.0,Rp,GLP01,BD-PIHPS
2026-01-09,1771,harga_pihps_grosir,17500.0,Rp,MGR01,BD-PIHPS
2026-01-09,1771,harga_pihps_grosir,20000.0,Rp,MGR02,BD-PIHPS
2026-01-09,1771,harga_pihps_grosir,20000.0,Rp,MGR03,BD-PIHPS
2026-01-09,1771,harga_pihps_grosir,30800.0,Rp,TLR01,BD-PIHPS
2026-01-09,1771,harga_pihps_modern,15450.0,Rp,BRS01,BD-PIHPS
2026-01-09,1771,harga_pihps_modern,15100.0,Rp,BRS02,BD-PIHPS
2026-01-09,1771,harga_pihps_modern,16250.0,Rp,BRS03,BD-PIHPS
2026-01-09,1771,harga_pihps_modern,15900.0,Rp,BRS04,BD-PIHPS
2026-01-09,1771,harga_pihps_modern,15050.0,Rp,BRS05,BD-PIHPS
2026-01-09,1771,harga_pihps_modern,17350.0,Rp,BRS06,BD-PIHPS
2026-01-09,1771,harga_pihps_modern,64450.0,Rp,BWM01,BD-PIHPS
2026-01-09,1771,harga_pihps_modern,56450.0,Rp,BWP01,BD-PIHPS
2026-01-09,1771,harga_pihps_modern,92950.0,Rp,CMR01,BD-PIHPS
2026-01-09,1771,harga_pihps_modern,74950.0,Rp,CMR02,BD-PIHPS
2026-01-09,1771,harga_pihps_modern,84950.0,Rp,CRW01,BD-PIHPS
2026-01-09,1771,harga_pihps_modern,82450.0,Rp,CRW02,BD-PIHPS
2026-01-09,1771,harga_pihps_modern,46300.0,Rp,DAY01,BD-PIHPS
2026-01-09,1771,harga_pihps_modern,162800.0,Rp,DSP01,BD-PIHPS
2026-01-09,1771,harga_pihps_modern,175450.0,Rp,DSP02,BD-PIHPS
2026-01-09,1771,harga_pihps_modern,16850.0,Rp,GLP01,BD-PIHPS
2026-01-09,1771,harga_pihps_modern,17000.0,Rp,GLP02,BD-PIHPS
2026-01-09,1771,harga_pihps_modern,22750.0,Rp,MGR02,BD-PIHPS
2026-01-09,1771,harga_pihps_modern,24800.0,Rp,MGR03,BD-PIHPS
2026-01-09,1771,harga_pihps_modern,30050.0,Rp,TLR01,BD-PIHPS
2026-01-09,1771,harga_pihps_produsen,14000.0,Rp,BRS01,BD-PIHPS
2026-01-09,1771,harga_pihps_produsen,13050.0,Rp,BRS03,BD-PIHPS
2026-01-09,1771,harga_pihps_produsen,13000.0,Rp,BRS04,BD-PIHPS
2026-01-09,1771,harga_pihps_produsen,16000.0,Rp,BRS05,BD-PIHPS
2026-01-09,1771,harga_pihps_produsen,13250.0,Rp,BRS06,BD-PIHPS
2026-01-09,1771,harga_pihps_produsen,57500.0,Rp,CMR01,BD-PIHPS
2026-01-09,1771,harga_pihps_produsen,52500.0,Rp,CMR02,BD-PIHPS
2026-01-09,1771,harga_pihps_produsen,35000.0,Rp,CRW01,BD-PIHPS
2026-01-09,1771,harga_pihps_produsen,39000.0,Rp,CRW02,BD-PIHPS
2026-01-09,1771,harga_pihps_produsen,25000.0,Rp,DAY01,BD-PIHPS
2026-01-09,1771,harga_pihps_produsen,130000.0,Rp,DSP01,BD-PIHPS
2026-01-09,1771,harga_pihps_produsen,130000.0,Rp,DSP02,BD-PIHPS
2026-01-09,1771,harga_pihps_produsen,27150.0,Rp,TLR01,BD-PIHPS
2026-01-12,1771,harga_pihps,14350.0,Rp,BRS01,BD-PIHPS
2026-01-12,1771,harga_pihps,15550.0,Rp,BRS02,BD-PIHPS
2026-01-12,1771,harga_pihps,15350.0,Rp,BRS03,BD-PIHPS
2026-01-12,1771,harga_pihps,15800.0,Rp,BRS04,BD-PIHPS
2026-01-12,1771,harga_pihps,15950.0,Rp,BRS05,BD-PIHPS
2026-01-12,1771,harga_pihps,16100.0,Rp,BRS06,BD-PIHPS
2026-01-12,1771,harga_pihps,42000.0,Rp,BWM01,BD-PIHPS
2026-01-12,1771,harga_pihps,38650.0,Rp,BWP01,BD-PIHPS
2026-01-12,1771,harga_pihps,34500.0,Rp,CMR01,BD-PIHPS
2026-01-12,1771,harga_pihps,38900.0,Rp,CMR02,BD-PIHPS
2026-01-12,1771,harga_pihps,70500.0,Rp,CRW01,BD-PIHPS
2026-01-12,1771,harga_pihps,47350.0,Rp,CRW02,BD-PIHPS
2026-01-12,1771,harga_pihps,39150.0,Rp,DAY01,BD-PIHPS
2026-01-12,1771,harga_pihps,136250.0,Rp,DSP01,BD-PIHPS
2026-01-12,1771,harga_pihps,135650.0,Rp,DSP02,BD-PIHPS
2026-01-12,1771,harga_pihps,17700.0,Rp,GLP01,BD-PIHPS
2026-01-12,1771,harga_pihps,18900.0,Rp,GLP02,BD-PIHPS
2026-01-12,1771,harga_pihps,18150.0,Rp,MGR01,BD-PIHPS
2026-01-12,1771,harga_pihps,21300.0,Rp,MGR02,BD-PIHPS
2026-01-12,1771,harga_pihps,20500.0,Rp,MGR03,BD-PIHPS
2026-01-12,1771,harga_pihps,31100.0,Rp,TLR01,BD-PIHPS
2026-01-12,1771,harga_pihps_grosir,13650.0,Rp,BRS01,BD-PIHPS
2026-01-12,1771,harga_pihps_grosir,15000.0,Rp,BRS02,BD-PIHPS
2026-01-12,1771,harga_pihps_grosir,14900.0,Rp,BRS03,BD-PIHPS
2026-01-12,1771,harga_pihps_grosir,15300.0,Rp,BRS04,BD-PIHPS
2026-01-12,1771,harga_pihps_grosir,15100.0,Rp,BRS05,BD-PIHPS
2026-01-12,1771,harga_pihps_grosir,15600.0,Rp,BRS06,BD-PIHPS
2026-01-12,1771,harga_pihps_grosir,39500.0,Rp,BWM01,BD-PIHPS
2026-01-12,1771,harga_pihps_grosir,36000.0,Rp,BWP01,BD-PIHPS
2026-01-12,1771,harga_pihps_grosir,36000.0,Rp,CMR01,BD-PIHPS
2026-01-12,1771,harga_pihps_grosir,40000.0,Rp,CMR02,BD-PIHPS
2026-01-12,1771,harga_pihps_grosir,70000.0,Rp,CRW01,BD-PIHPS
2026-01-12,1771,harga_pihps_grosir,45700.0,Rp,CRW02,BD-PIHPS
2026-01-12,1771,harga_pihps_grosir,38750.0,Rp,DAY01,BD-PIHPS
2026-01-12,1771,harga_pihps_grosir,127500.0,Rp,DSP01,BD-PIHPS
2026-01-12,1771,harga_pihps_grosir,127500.0,Rp,DSP02,BD-PIHPS
2026-01-12,1771,harga_pihps_grosir,17500.0,Rp,GLP01,BD-PIHPS
2026-01-12,1771,harga_pihps_grosir,17500.0,Rp,MGR01,BD-PIHPS
2026-01-12,1771,harga_pihps_grosir,20000.0,Rp,MGR02,BD-PIHPS
2026-01-12,1771,harga_pihps_grosir,20000.0,Rp,MGR03,BD-PIHPS
2026-01-12,1771,harga_pihps_grosir,30800.0,Rp,TLR01,BD-PIHPS
2026-01-12,1771,harga_pihps_modern,15450.0,Rp,BRS01,BD-PIHPS
2026-01-12,1771,harga_pihps_modern,15100.0,Rp,BRS02,BD-PIHPS
2026-01-12,1771,harga_pihps_modern,16250.0,Rp,BRS03,BD-PIHPS
2026-01-12,1771,harga_pihps_modern,15900.0,Rp,BRS04,BD-PIHPS
2026-01-12,1771,harga_pihps_modern,15050.0,Rp,BRS05,BD-PIHPS
2026-01-12,1771,harga_pihps_modern,17350.0,Rp,BRS06,BD-PIHPS
2026-01-12,1771,harga_pihps_modern,64450.0,Rp,BWM01,BD-PIHPS
2026-01-12,1771,harga_pihps_modern,56450.0,Rp,BWP01,BD-PIHPS
2026-01-12,1771,harga_pihps_modern,92950.0,Rp,CMR01,BD-PIHPS
2026-01-12,1771,harga_pihps_modern,74950.0,Rp,CMR02,BD-PIHPS
2026-01-12,1771,harga_pihps_modern,84950.0,Rp,CRW01,BD-PIHPS
2026-01-12,1771,harga_pihps_modern,82450.0,Rp,CRW02,BD-PIHPS
2026-01-12,1771,harga_pihps_modern,46300.0,Rp,DAY01,BD-PIHPS
2026-01-12,1771,harga_pihps_modern,162800.0,Rp,DSP01,BD-PIHPS
2026-01-12,1771,harga_pihps_modern,175450.0,Rp,DSP02,BD-PIHPS
2026-01-12,1771,harga_pihps_modern,16850.0,Rp,GLP01,BD-PIHPS
2026-01-12,1771,harga_pihps_modern,17000.0,Rp,GLP02,BD-PIHPS
2026-01-12,1771,harga_pihps_modern,22750.0,Rp,MGR02,BD-PIHPS
2026-01-12,1771,harga_pihps_modern,24800.0,Rp,MGR03,BD-PIHPS
2026-01-12,1771,harga_pihps_modern,30050.0,Rp,TLR01,BD-PIHPS
2026-01-12,1771,harga_pihps_produsen,14000.0,Rp,BRS01,BD-PIHPS
2026-01-12,1771,harga_pihps_produsen,13050.0,Rp,BRS03,BD-PIHPS
2026-01-12,1771,harga_pihps_produsen,13000.0,Rp,BRS04,BD-PIHPS
2026-01-12,1771,harga_pihps_produsen,16000.0,Rp,BRS05,BD-PIHPS
2026-01-12,1771,harga_pihps_produsen,13250.0,Rp,BRS06,BD-PIHPS
2026-01-12,1771,harga_pihps_produsen,57500.0,Rp,CMR01,BD-PIHPS
2026-01-12,1771,harga_pihps_produsen,52500.0,Rp,CMR02,BD-PIHPS
2026-01-12,1771,harga_pihps_produsen,35000.0,Rp,CRW01,BD-PIHPS
2026-01-12,1771,harga_pihps_produsen,39000.0,Rp,CRW02,BD-PIHPS
2026-01-12,1771,harga_pihps_produsen,25000.0,Rp,DAY01,BD-PIHPS
2026-01-12,1771,harga_pihps_produsen,130000.0,Rp,DSP01,BD-PIHPS
2026-01-12,1771,harga_pihps_produsen,130000.0,Rp,DSP02,BD-PIHPS
2026-01-12,1771,harga_pihps_produsen,27150.0,Rp,TLR01,BD-PIHPS
2026-01-13,1771,harga_pihps,14350.0,Rp,BRS01,BD-PIHPS
2026-01-13,1771,harga_pihps,15600.0,Rp,BRS02,BD-PIHPS
2026-01-13,1771,harga_pihps,15350.0,Rp,BRS03,BD-PIHPS
2026-01-13,1771,harga_pihps,15750.0,Rp,BRS04,BD-PIHPS
2026-01-13,1771,harga_pihps,15950.0,Rp,BRS05,BD-PIHPS
2026-01-13,1771,harga_pihps,16100.0,Rp,BRS06,BD-PIHPS
2026-01-13,1771,harga_pihps,43400.0,Rp,BWM01,BD-PIHPS
2026-01-13,1771,harga_pihps,39750.0,Rp,BWP01,BD-PIHPS
2026-01-13,1771,harga_pihps,34250.0,Rp,CMR01,BD-PIHPS
2026-01-13,1771,harga_pihps,38250.0,Rp,CMR02,BD-PIHPS
2026-01-13,1771,harga_pihps,70150.0,Rp,CRW01,BD-PIHPS
2026-01-13,1771,harga_pihps,46550.0,Rp,CRW02,BD-PIHPS
2026-01-13,1771,harga_pihps,39500.0,Rp,DAY01,BD-PIHPS
2026-01-13,1771,harga_pihps,136250.0,Rp,DSP01,BD-PIHPS
2026-01-13,1771,harga_pihps,135650.0,Rp,DSP02,BD-PIHPS
2026-01-13,1771,harga_pihps,17700.0,Rp,GLP01,BD-PIHPS
2026-01-13,1771,harga_pihps,18900.0,Rp,GLP02,BD-PIHPS
2026-01-13,1771,harga_pihps,18150.0,Rp,MGR01,BD-PIHPS
2026-01-13,1771,harga_pihps,21300.0,Rp,MGR02,BD-PIHPS
2026-01-13,1771,harga_pihps,20500.0,Rp,MGR03,BD-PIHPS
2026-01-13,1771,harga_pihps,30500.0,Rp,TLR01,BD-PIHPS
2026-01-13,1771,harga_pihps_grosir,13650.0,Rp,BRS01,BD-PIHPS
2026-01-13,1771,harga_pihps_grosir,15000.0,Rp,BRS02,BD-PIHPS
2026-01-13,1771,harga_pihps_grosir,14900.0,Rp,BRS03,BD-PIHPS
2026-01-13,1771,harga_pihps_grosir,15300.0,Rp,BRS04,BD-PIHPS
2026-01-13,1771,harga_pihps_grosir,15100.0,Rp,BRS05,BD-PIHPS
2026-01-13,1771,harga_pihps_grosir,15600.0,Rp,BRS06,BD-PIHPS
2026-01-13,1771,harga_pihps_grosir,39500.0,Rp,BWM01,BD-PIHPS
2026-01-13,1771,harga_pihps_grosir,36000.0,Rp,BWP01,BD-PIHPS
2026-01-13,1771,harga_pihps_grosir,36000.0,Rp,CMR01,BD-PIHPS
2026-01-13,1771,harga_pihps_grosir,40000.0,Rp,CMR02,BD-PIHPS
2026-01-13,1771,harga_pihps_grosir,70000.0,Rp,CRW01,BD-PIHPS
2026-01-13,1771,harga_pihps_grosir,45700.0,Rp,CRW02,BD-PIHPS
2026-01-13,1771,harga_pihps_grosir,38750.0,Rp,DAY01,BD-PIHPS
2026-01-13,1771,harga_pihps_grosir,127500.0,Rp,DSP01,BD-PIHPS
2026-01-13,1771,harga_pihps_grosir,127500.0,Rp,DSP02,BD-PIHPS
2026-01-13,1771,harga_pihps_grosir,17500.0,Rp,GLP01,BD-PIHPS
2026-01-13,1771,harga_pihps_grosir,17500.0,Rp,MGR01,BD-PIHPS
2026-01-13,1771,harga_pihps_grosir,20000.0,Rp,MGR02,BD-PIHPS
2026-01-13,1771,harga_pihps_grosir,20000.0,Rp,MGR03,BD-PIHPS
2026-01-13,1771,harga_pihps_grosir,30800.0,Rp,TLR01,BD-PIHPS
2026-01-13,1771,harga_pihps_modern,15450.0,Rp,BRS01,BD-PIHPS
2026-01-13,1771,harga_pihps_modern,15100.0,Rp,BRS02,BD-PIHPS
2026-01-13,1771,harga_pihps_modern,16250.0,Rp,BRS03,BD-PIHPS
2026-01-13,1771,harga_pihps_modern,15900.0,Rp,BRS04,BD-PIHPS
2026-01-13,1771,harga_pihps_modern,15050.0,Rp,BRS05,BD-PIHPS
2026-01-13,1771,harga_pihps_modern,17350.0,Rp,BRS06,BD-PIHPS
2026-01-13,1771,harga_pihps_modern,64450.0,Rp,BWM01,BD-PIHPS
2026-01-13,1771,harga_pihps_modern,56450.0,Rp,BWP01,BD-PIHPS
2026-01-13,1771,harga_pihps_modern,87950.0,Rp,CMR01,BD-PIHPS
2026-01-13,1771,harga_pihps_modern,69950.0,Rp,CMR02,BD-PIHPS
2026-01-13,1771,harga_pihps_modern,84950.0,Rp,CRW01,BD-PIHPS
2026-01-13,1771,harga_pihps_modern,82450.0,Rp,CRW02,BD-PIHPS
2026-01-13,1771,harga_pihps_modern,46300.0,Rp,DAY01,BD-PIHPS
2026-01-13,1771,harga_pihps_modern,162800.0,Rp,DSP01,BD-PIHPS
2026-01-13,1771,harga_pihps_modern,175450.0,Rp,DSP02,BD-PIHPS
2026-01-13,1771,harga_pihps_modern,16900.0,Rp,GLP01,BD-PIHPS
2026-01-13,1771,harga_pihps_modern,17000.0,Rp,GLP02,BD-PIHPS
2026-01-13,1771,harga_pihps_modern,22750.0,Rp,MGR02,BD-PIHPS
2026-01-13,1771,harga_pihps_modern,24800.0,Rp,MGR03,BD-PIHPS
2026-01-13,1771,harga_pihps_modern,30050.0,Rp,TLR01,BD-PIHPS
2026-01-13,1771,harga_pihps_produsen,14000.0,Rp,BRS01,BD-PIHPS
2026-01-13,1771,harga_pihps_produsen,13050.0,Rp,BRS03,BD-PIHPS
2026-01-13,1771,harga_pihps_produsen,13000.0,Rp,BRS04,BD-PIHPS
2026-01-13,1771,harga_pihps_produsen,16000.0,Rp,BRS05,BD-PIHPS
2026-01-13,1771,harga_pihps_produsen,13250.0,Rp,BRS06,BD-PIHPS
2026-01-13,1771,harga_pihps_produsen,57500.0,Rp,CMR01,BD-PIHPS
2026-01-13,1771,harga_pihps_produsen,52500.0,Rp,CMR02,BD-PIHPS
2026-01-13,1771,harga_pihps_produsen,35000.0,Rp,CRW01,BD-PIHPS
2026-01-13,1771,harga_pihps_produsen,39000.0,Rp,CRW02,BD-PIHPS
2026-01-13,1771,harga_pihps_produsen,25000.0,Rp,DAY01,BD-PIHPS
2026-01-13,1771,harga_pihps_produsen,130000.0,Rp,DSP01,BD-PIHPS
2026-01-13,1771,harga_pihps_produsen,130000.0,Rp,DSP02,BD-PIHPS
2026-01-13,1771,harga_pihps_produsen,27150.0,Rp,TLR01,BD-PIHPS
2026-01-14,1771,harga_pihps,14300.0,Rp,BRS01,BD-PIHPS
2026-01-14,1771,harga_pihps,15600.0,Rp,BRS02,BD-PIHPS
2026-01-14,1771,harga_pihps,15350.0,Rp,BRS03,BD-PIHPS
2026-01-14,1771,harga_pihps,15700.0,Rp,BRS04,BD-PIHPS
2026-01-14,1771,harga_pihps,15950.0,Rp,BRS05,BD-PIHPS
2026-01-14,1771,harga_pihps,16050.0,Rp,BRS06,BD-PIHPS
2026-01-14,1771,harga_pihps,43400.0,Rp,BWM01,BD-PIHPS
2026-01-14,1771,harga_pihps,40400.0,Rp,BWP01,BD-PIHPS
2026-01-14,1771,harga_pihps,32750.0,Rp,CMR01,BD-PIHPS
2026-01-14,1771,harga_pihps,37500.0,Rp,CMR02,BD-PIHPS
2026-01-14,1771,harga_pihps,64250.0,Rp,CRW01,BD-PIHPS
2026-01-14,1771,harga_pihps,42200.0,Rp,CRW02,BD-PIHPS
2026-01-14,1771,harga_pihps,40650.0,Rp,DAY01,BD-PIHPS
2026-01-14,1771,harga_pihps,136250.0,Rp,DSP01,BD-PIHPS
2026-01-14,1771,harga_pihps,135000.0,Rp,DSP02,BD-PIHPS
2026-01-14,1771,harga_pihps,17700.0,Rp,GLP01,BD-PIHPS
2026-01-14,1771,harga_pihps,18900.0,Rp,GLP02,BD-PIHPS
2026-01-14,1771,harga_pihps,18150.0,Rp,MGR01,BD-PIHPS
2026-01-14,1771,harga_pihps,21300.0,Rp,MGR02,BD-PIHPS
2026-01-14,1771,harga_pihps,20500.0,Rp,MGR03,BD-PIHPS
2026-01-14,1771,harga_pihps,30500.0,Rp,TLR01,BD-PIHPS
2026-01-14,1771,harga_pihps_grosir,13650.0,Rp,BRS01,BD-PIHPS
2026-01-14,1771,harga_pihps_grosir,15000.0,Rp,BRS02,BD-PIHPS
2026-01-14,1771,harga_pihps_grosir,14900.0,Rp,BRS03,BD-PIHPS
2026-01-14,1771,harga_pihps_grosir,15300.0,Rp,BRS04,BD-PIHPS
2026-01-14,1771,harga_pihps_grosir,15100.0,Rp,BRS05,BD-PIHPS
2026-01-14,1771,harga_pihps_grosir,15600.0,Rp,BRS06,BD-PIHPS
2026-01-14,1771,harga_pihps_grosir,39500.0,Rp,BWM01,BD-PIHPS
2026-01-14,1771,harga_pihps_grosir,36000.0,Rp,BWP01,BD-PIHPS
2026-01-14,1771,harga_pihps_grosir,36000.0,Rp,CMR01,BD-PIHPS
2026-01-14,1771,harga_pihps_grosir,40000.0,Rp,CMR02,BD-PIHPS
2026-01-14,1771,harga_pihps_grosir,70000.0,Rp,CRW01,BD-PIHPS
2026-01-14,1771,harga_pihps_grosir,45700.0,Rp,CRW02,BD-PIHPS
2026-01-14,1771,harga_pihps_grosir,38750.0,Rp,DAY01,BD-PIHPS
2026-01-14,1771,harga_pihps_grosir,127500.0,Rp,DSP01,BD-PIHPS
2026-01-14,1771,harga_pihps_grosir,127500.0,Rp,DSP02,BD-PIHPS
2026-01-14,1771,harga_pihps_grosir,17500.0,Rp,GLP01,BD-PIHPS
2026-01-14,1771,harga_pihps_grosir,17500.0,Rp,MGR01,BD-PIHPS
2026-01-14,1771,harga_pihps_grosir,20000.0,Rp,MGR02,BD-PIHPS
2026-01-14,1771,harga_pihps_grosir,20000.0,Rp,MGR03,BD-PIHPS
2026-01-14,1771,harga_pihps_grosir,30800.0,Rp,TLR01,BD-PIHPS
2026-01-14,1771,harga_pihps_modern,15450.0,Rp,BRS01,BD-PIHPS
2026-01-14,1771,harga_pihps_modern,15100.0,Rp,BRS02,BD-PIHPS
2026-01-14,1771,harga_pihps_modern,16250.0,Rp,BRS03,BD-PIHPS
2026-01-14,1771,harga_pihps_modern,15900.0,Rp,BRS04,BD-PIHPS
2026-01-14,1771,harga_pihps_modern,15050.0,Rp,BRS05,BD-PIHPS
2026-01-14,1771,harga_pihps_modern,17350.0,Rp,BRS06,BD-PIHPS
2026-01-14,1771,harga_pihps_modern,64450.0,Rp,BWM01,BD-PIHPS
2026-01-14,1771,harga_pihps_modern,56450.0,Rp,BWP01,BD-PIHPS
2026-01-14,1771,harga_pihps_modern,87950.0,Rp,CMR01,BD-PIHPS
2026-01-14,1771,harga_pihps_modern,69950.0,Rp,CMR02,BD-PIHPS
2026-01-14,1771,harga_pihps_modern,84950.0,Rp,CRW01,BD-PIHPS
2026-01-14,1771,harga_pihps_modern,82450.0,Rp,CRW02,BD-PIHPS
2026-01-14,1771,harga_pihps_modern,46300.0,Rp,DAY01,BD-PIHPS
2026-01-14,1771,harga_pihps_modern,162800.0,Rp,DSP01,BD-PIHPS
2026-01-14,1771,harga_pihps_modern,175450.0,Rp,DSP02,BD-PIHPS
2026-01-14,1771,harga_pihps_modern,16900.0,Rp,GLP01,BD-PIHPS
2026-01-14,1771,harga_pihps_modern,17000.0,Rp,GLP02,BD-PIHPS
2026-01-14,1771,harga_pihps_modern,22750.0,Rp,MGR02,BD-PIHPS
2026-01-14,1771,harga_pihps_modern,24800.0,Rp,MGR03,BD-PIHPS
2026-01-14,1771,harga_pihps_modern,30050.0,Rp,TLR01,BD-PIHPS
2026-01-14,1771,harga_pihps_produsen,14000.0,Rp,BRS01,BD-PIHPS
2026-01-14,1771,harga_pihps_produsen,13050.0,Rp,BRS03,BD-PIHPS
2026-01-14,1771,harga_pihps_produsen,13000.0,Rp,BRS04,BD-PIHPS
2026-01-14,1771,harga_pihps_produsen,16000.0,Rp,BRS05,BD-PIHPS
2026-01-14,1771,harga_pihps_produsen,13250.0,Rp,BRS06,BD-PIHPS
2026-01-14,1771,harga_pihps_produsen,57500.0,Rp,CMR01,BD-PIHPS
2026-01-14,1771,harga_pihps_produsen,52500.0,Rp,CMR02,BD-PIHPS
2026-01-14,1771,harga_pihps_produsen,35000.0,Rp,CRW01,BD-PIHPS
2026-01-14,1771,harga_pihps_produsen,39000.0,Rp,CRW02,BD-PIHPS
2026-01-14,1771,harga_pihps_produsen,25000.0,Rp,DAY01,BD-PIHPS
2026-01-14,1771,harga_pihps_produsen,130000.0,Rp,DSP01,BD-PIHPS
2026-01-14,1771,harga_pihps_produsen,130000.0,Rp,DSP02,BD-PIHPS
2026-01-14,1771,harga_pihps_produsen,27150.0,Rp,TLR01,BD-PIHPS
2026-01-15,1771,harga_pihps,14300.0,Rp,BRS01,BD-PIHPS
2026-01-15,1771,harga_pihps,15600.0,Rp,BRS02,BD-PIHPS
2026-01-15,1771,harga_pihps,15350.0,Rp,BRS03,BD-PIHPS
2026-01-15,1771,harga_pihps,15700.0,Rp,BRS04,BD-PIHPS
2026-01-15,1771,harga_pihps,15950.0,Rp,BRS05,BD-PIHPS
2026-01-15,1771,harga_pihps,16050.0,Rp,BRS06,BD-PIHPS
2026-01-15,1771,harga_pihps,44000.0,Rp,BWM01,BD-PIHPS
2026-01-15,1771,harga_pihps,41250.0,Rp,BWP01,BD-PIHPS
2026-01-15,1771,harga_pihps,33650.0,Rp,CMR01,BD-PIHPS
2026-01-15,1771,harga_pihps,38150.0,Rp,CMR02,BD-PIHPS
2026-01-15,1771,harga_pihps,58750.0,Rp,CRW01,BD-PIHPS
2026-01-15,1771,harga_pihps,38750.0,Rp,CRW02,BD-PIHPS
2026-01-15,1771,harga_pihps,40650.0,Rp,DAY01,BD-PIHPS
2026-01-15,1771,harga_pihps,136250.0,Rp,DSP01,BD-PIHPS
2026-01-15,1771,harga_pihps,135000.0,Rp,DSP02,BD-PIHPS
2026-01-15,1771,harga_pihps,17700.0,Rp,GLP01,BD-PIHPS
2026-01-15,1771,harga_pihps,18900.0,Rp,GLP02,BD-PIHPS
2026-01-15,1771,harga_pihps,18150.0,Rp,MGR01,BD-PIHPS
2026-01-15,1771,harga_pihps,21450.0,Rp,MGR02,BD-PIHPS
2026-01-15,1771,harga_pihps,20500.0,Rp,MGR03,BD-PIHPS
2026-01-15,1771,harga_pihps,30300.0,Rp,TLR01,BD-PIHPS
2026-01-15,1771,harga_pihps_grosir,13650.0,Rp,BRS01,BD-PIHPS
2026-01-15,1771,harga_pihps_grosir,15000.0,Rp,BRS02,BD-PIHPS
2026-01-15,1771,harga_pihps_grosir,14900.0,Rp,BRS03,BD-PIHPS
2026-01-15,1771,harga_pihps_grosir,15300.0,Rp,BRS04,BD-PIHPS
2026-01-15,1771,harga_pihps_grosir,15100.0,Rp,BRS05,BD-PIHPS
2026-01-15,1771,harga_pihps_grosir,15600.0,Rp,BRS06,BD-PIHPS
2026-01-15,1771,harga_pihps_grosir,39500.0,Rp,BWM01,BD-PIHPS
2026-01-15,1771,harga_pihps_grosir,36000.0,Rp,BWP01,BD-PIHPS
2026-01-15,1771,harga_pihps_grosir,29500.0,Rp,CMR01,BD-PIHPS
2026-01-15,1771,harga_pihps_grosir,34000.0,Rp,CMR02,BD-PIHPS
2026-01-15,1771,harga_pihps_grosir,71500.0,Rp,CRW01,BD-PIHPS
2026-01-15,1771,harga_pihps_grosir,44000.0,Rp,CRW02,BD-PIHPS
2026-01-15,1771,harga_pihps_grosir,39250.0,Rp,DAY01,BD-PIHPS
2026-01-15,1771,harga_pihps_grosir,127500.0,Rp,DSP01,BD-PIHPS
2026-01-15,1771,harga_pihps_grosir,127500.0,Rp,DSP02,BD-PIHPS
2026-01-15,1771,harga_pihps_grosir,17500.0,Rp,GLP01,BD-PIHPS
2026-01-15,1771,harga_pihps_grosir,17500.0,Rp,MGR01,BD-PIHPS
2026-01-15,1771,harga_pihps_grosir,20000.0,Rp,MGR02,BD-PIHPS
2026-01-15,1771,harga_pihps_grosir,20000.0,Rp,MGR03,BD-PIHPS
2026-01-15,1771,harga_pihps_grosir,30800.0,Rp,TLR01,BD-PIHPS
2026-01-15,1771,harga_pihps_modern,15450.0,Rp,BRS01,BD-PIHPS
2026-01-15,1771,harga_pihps_modern,15100.0,Rp,BRS02,BD-PIHPS
2026-01-15,1771,harga_pihps_modern,16250.0,Rp,BRS03,BD-PIHPS
2026-01-15,1771,harga_pihps_modern,15900.0,Rp,BRS04,BD-PIHPS
2026-01-15,1771,harga_pihps_modern,15050.0,Rp,BRS05,BD-PIHPS
2026-01-15,1771,harga_pihps_modern,17350.0,Rp,BRS06,BD-PIHPS
2026-01-15,1771,harga_pihps_modern,64450.0,Rp,BWM01,BD-PIHPS
2026-01-15,1771,harga_pihps_modern,56450.0,Rp,BWP01,BD-PIHPS
2026-01-15,1771,harga_pihps_modern,87950.0,Rp,CMR01,BD-PIHPS
2026-01-15,1771,harga_pihps_modern,69950.0,Rp,CMR02,BD-PIHPS
2026-01-15,1771,harga_pihps_modern,84950.0,Rp,CRW01,BD-PIHPS
2026-01-15,1771,harga_pihps_modern,82450.0,Rp,CRW02,BD-PIHPS
2026-01-15,1771,harga_pihps_modern,46300.0,Rp,DAY01,BD-PIHPS
2026-01-15,1771,harga_pihps_modern,162800.0,Rp,DSP01,BD-PIHPS
2026-01-15,1771,harga_pihps_modern,175450.0,Rp,DSP02,BD-PIHPS
2026-01-15,1771,harga_pihps_modern,16900.0,Rp,GLP01,BD-PIHPS
2026-01-15,1771,harga_pihps_modern,17000.0,Rp,GLP02,BD-PIHPS
2026-01-15,1771,harga_pihps_modern,22750.0,Rp,MGR02,BD-PIHPS
2026-01-15,1771,harga_pihps_modern,24800.0,Rp,MGR03,BD-PIHPS
2026-01-15,1771,harga_pihps_modern,30050.0,Rp,TLR01,BD-PIHPS
2026-01-15,1771,harga_pihps_produsen,14000.0,Rp,BRS01,BD-PIHPS
2026-01-15,1771,harga_pihps_produsen,13050.0,Rp,BRS03,BD-PIHPS
2026-01-15,1771,harga_pihps_produsen,13000.0,Rp,BRS04,BD-PIHPS
2026-01-15,1771,harga_pihps_produsen,16000.0,Rp,BRS05,BD-PIHPS
2026-01-15,1771,harga_pihps_produsen,13250.0,Rp,BRS06,BD-PIHPS
2026-01-15,1771,harga_pihps_produsen,57500.0,Rp,CMR01,BD-PIHPS
2026-01-15,1771,harga_pihps_produsen,52500.0,Rp,CMR02,BD-PIHPS
2026-01-15,1771,harga_pihps_produsen,35000.0,Rp,CRW01,BD-PIHPS
2026-01-15,1771,harga_pihps_produsen,39000.0,Rp,CRW02,BD-PIHPS
2026-01-15,1771,harga_pihps_produsen,25000.0,Rp,DAY01,BD-PIHPS
2026-01-15,1771,harga_pihps_produsen,130000.0,Rp,DSP01,BD-PIHPS
2026-01-15,1771,harga_pihps_produsen,130000.0,Rp,DSP02,BD-PIHPS
2026-01-15,1771,harga_pihps_produsen,27150.0,Rp,TLR01,BD-PIHPS
2026-01-16,1771,harga_pihps,14300.0,Rp,BRS01,BD-PIHPS
2026-01-16,1771,harga_pihps,15600.0,Rp,BRS02,BD-PIHPS
2026-01-16,1771,harga_pihps,15350.0,Rp,BRS03,BD-PIHPS
2026-01-16,1771,harga_pihps,15700.0,Rp,BRS04,BD-PIHPS
2026-01-16,1771,harga_pihps,15950.0,Rp,BRS05,BD-PIHPS
2026-01-16,1771,harga_pihps,16050.0,Rp,BRS06,BD-PIHPS
2026-01-16,1771,harga_pihps,44000.0,Rp,BWM01,BD-PIHPS
2026-01-16,1771,harga_pihps,41250.0,Rp,BWP01,BD-PIHPS
2026-01-16,1771,harga_pihps,33650.0,Rp,CMR01,BD-PIHPS
2026-01-16,1771,harga_pihps,38150.0,Rp,CMR02,BD-PIHPS
2026-01-16,1771,harga_pihps,58750.0,Rp,CRW01,BD-PIHPS
2026-01-16,1771,harga_pihps,38750.0,Rp,CRW02,BD-PIHPS
2026-01-16,1771,harga_pihps,40650.0,Rp,DAY01,BD-PIHPS
2026-01-16,1771,harga_pihps,136250.0,Rp,DSP01,BD-PIHPS
2026-01-16,1771,harga_pihps,135000.0,Rp,DSP02,BD-PIHPS
2026-01-16,1771,harga_pihps,17700.0,Rp,GLP01,BD-PIHPS
2026-01-16,1771,harga_pihps,18900.0,Rp,GLP02,BD-PIHPS
2026-01-16,1771,harga_pihps,18150.0,Rp,MGR01,BD-PIHPS
2026-01-16,1771,harga_pihps,21450.0,Rp,MGR02,BD-PIHPS
2026-01-16,1771,harga_pihps,20500.0,Rp,MGR03,BD-PIHPS
2026-01-16,1771,harga_pihps,30300.0,Rp,TLR01,BD-PIHPS
2026-01-16,1771,harga_pihps_grosir,13650.0,Rp,BRS01,BD-PIHPS
2026-01-16,1771,harga_pihps_grosir,15000.0,Rp,BRS02,BD-PIHPS
2026-01-16,1771,harga_pihps_grosir,14900.0,Rp,BRS03,BD-PIHPS
2026-01-16,1771,harga_pihps_grosir,15300.0,Rp,BRS04,BD-PIHPS
2026-01-16,1771,harga_pihps_grosir,15100.0,Rp,BRS05,BD-PIHPS
2026-01-16,1771,harga_pihps_grosir,15600.0,Rp,BRS06,BD-PIHPS
2026-01-16,1771,harga_pihps_grosir,39500.0,Rp,BWM01,BD-PIHPS
2026-01-16,1771,harga_pihps_grosir,36000.0,Rp,BWP01,BD-PIHPS
2026-01-16,1771,harga_pihps_grosir,29500.0,Rp,CMR01,BD-PIHPS
2026-01-16,1771,harga_pihps_grosir,34000.0,Rp,CMR02,BD-PIHPS
2026-01-16,1771,harga_pihps_grosir,71500.0,Rp,CRW01,BD-PIHPS
2026-01-16,1771,harga_pihps_grosir,44000.0,Rp,CRW02,BD-PIHPS
2026-01-16,1771,harga_pihps_grosir,39250.0,Rp,DAY01,BD-PIHPS
2026-01-16,1771,harga_pihps_grosir,127500.0,Rp,DSP01,BD-PIHPS
2026-01-16,1771,harga_pihps_grosir,127500.0,Rp,DSP02,BD-PIHPS
2026-01-16,1771,harga_pihps_grosir,17500.0,Rp,GLP01,BD-PIHPS
2026-01-16,1771,harga_pihps_grosir,17500.0,Rp,MGR01,BD-PIHPS
2026-01-16,1771,harga_pihps_grosir,20000.0,Rp,MGR02,BD-PIHPS
2026-01-16,1771,harga_pihps_grosir,20000.0,Rp,MGR03,BD-PIHPS
2026-01-16,1771,harga_pihps_grosir,30800.0,Rp,TLR01,BD-PIHPS
2026-01-16,1771,harga_pihps_modern,15450.0,Rp,BRS01,BD-PIHPS
2026-01-16,1771,harga_pihps_modern,15100.0,Rp,BRS02,BD-PIHPS
2026-01-16,1771,harga_pihps_modern,16250.0,Rp,BRS03,BD-PIHPS
2026-01-16,1771,harga_pihps_modern,15900.0,Rp,BRS04,BD-PIHPS
2026-01-16,1771,harga_pihps_modern,15050.0,Rp,BRS05,BD-PIHPS
2026-01-16,1771,harga_pihps_modern,17350.0,Rp,BRS06,BD-PIHPS
2026-01-16,1771,harga_pihps_modern,64450.0,Rp,BWM01,BD-PIHPS
2026-01-16,1771,harga_pihps_modern,56450.0,Rp,BWP01,BD-PIHPS
2026-01-16,1771,harga_pihps_modern,87950.0,Rp,CMR01,BD-PIHPS
2026-01-16,1771,harga_pihps_modern,69950.0,Rp,CMR02,BD-PIHPS
2026-01-16,1771,harga_pihps_modern,84950.0,Rp,CRW01,BD-PIHPS
2026-01-16,1771,harga_pihps_modern,82450.0,Rp,CRW02,BD-PIHPS
2026-01-16,1771,harga_pihps_modern,46300.0,Rp,DAY01,BD-PIHPS
2026-01-16,1771,harga_pihps_modern,162800.0,Rp,DSP01,BD-PIHPS
2026-01-16,1771,harga_pihps_modern,175450.0,Rp,DSP02,BD-PIHPS
2026-01-16,1771,harga_pihps_modern,16900.0,Rp,GLP01,BD-PIHPS
2026-01-16,1771,harga_pihps_modern,17000.0,Rp,GLP02,BD-PIHPS
2026-01-16,1771,harga_pihps_modern,22750.0,Rp,MGR02,BD-PIHPS
2026-01-16,1771,harga_pihps_modern,24800.0,Rp,MGR03,BD-PIHPS
2026-01-16,1771,harga_pihps_modern,30050.0,Rp,TLR01,BD-PIHPS
2026-01-16,1771,harga_pihps_produsen,14000.0,Rp,BRS01,BD-PIHPS
2026-01-16,1771,harga_pihps_produsen,13050.0,Rp,BRS03,BD-PIHPS
2026-01-16,1771,harga_pihps_produsen,13000.0,Rp,BRS04,BD-PIHPS
2026-01-16,1771,harga_pihps_produsen,16000.0,Rp,BRS05,BD-PIHPS
2026-01-16,1771,harga_pihps_produsen,13250.0,Rp,BRS06,BD-PIHPS
2026-01-16,1771,harga_pihps_produsen,57500.0,Rp,CMR01,BD-PIHPS
2026-01-16,1771,harga_pihps_produsen,52500.0,Rp,CMR02,BD-PIHPS
2026-01-16,1771,harga_pihps_produsen,35000.0,Rp,CRW01,BD-PIHPS
2026-01-16,1771,harga_pihps_produsen,39000.0,Rp,CRW02,BD-PIHPS
2026-01-16,1771,harga_pihps_produsen,25000.0,Rp,DAY01,BD-PIHPS
2026-01-16,1771,harga_pihps_produsen,130000.0,Rp,DSP01,BD-PIHPS
2026-01-16,1771,harga_pihps_produsen,130000.0,Rp,DSP02,BD-PIHPS
2026-01-16,1771,harga_pihps_produsen,27150.0,Rp,TLR01,BD-PIHPS
2026-01-19,1771,harga_pihps,14300.0,Rp,BRS01,BD-PIHPS
2026-01-19,1771,harga_pihps,15600.0,Rp,BRS02,BD-PIHPS
2026-01-19,1771,harga_pihps,15350.0,Rp,BRS03,BD-PIHPS
2026-01-19,1771,harga_pihps,15700.0,Rp,BRS04,BD-PIHPS
2026-01-19,1771,harga_pihps,15950.0,Rp,BRS05,BD-PIHPS
2026-01-19,1771,harga_pihps,16050.0,Rp,BRS06,BD-PIHPS
2026-01-19,1771,harga_pihps,41150.0,Rp,BWM01,BD-PIHPS
2026-01-19,1771,harga_pihps,39900.0,Rp,BWP01,BD-PIHPS
2026-01-19,1771,harga_pihps,33000.0,Rp,CMR01,BD-PIHPS
2026-01-19,1771,harga_pihps,36000.0,Rp,CMR02,BD-PIHPS
2026-01-19,1771,harga_pihps,59000.0,Rp,CRW01,BD-PIHPS
2026-01-19,1771,harga_pihps,38150.0,Rp,CRW02,BD-PIHPS
2026-01-19,1771,harga_pihps,40000.0,Rp,DAY01,BD-PIHPS
2026-01-19,1771,harga_pihps,136250.0,Rp,DSP01,BD-PIHPS
2026-01-19,1771,harga_pihps,135000.0,Rp,DSP02,BD-PIHPS
2026-01-19,1771,harga_pihps,17700.0,Rp,GLP01,BD-PIHPS
2026-01-19,1771,harga_pihps,18900.0,Rp,GLP02,BD-PIHPS
2026-01-19,1771,harga_pihps,18150.0,Rp,MGR01,BD-PIHPS
2026-01-19,1771,harga_pihps,21450.0,Rp,MGR02,BD-PIHPS
2026-01-19,1771,harga_pihps,20500.0,Rp,MGR03,BD-PIHPS
2026-01-19,1771,harga_pihps,30300.0,Rp,TLR01,BD-PIHPS
2026-01-19,1771,harga_pihps_grosir,13650.0,Rp,BRS01,BD-PIHPS
2026-01-19,1771,harga_pihps_grosir,15000.0,Rp,BRS02,BD-PIHPS
2026-01-19,1771,harga_pihps_grosir,14900.0,Rp,BRS03,BD-PIHPS
2026-01-19,1771,harga_pihps_grosir,15300.0,Rp,BRS04,BD-PIHPS
2026-01-19,1771,harga_pihps_grosir,15100.0,Rp,BRS05,BD-PIHPS
2026-01-19,1771,harga_pihps_grosir,15600.0,Rp,BRS06,BD-PIHPS
2026-01-19,1771,harga_pihps_grosir,39500.0,Rp,BWM01,BD-PIHPS
2026-01-19,1771,harga_pihps_grosir,36000.0,Rp,BWP01,BD-PIHPS
2026-01-19,1771,harga_pihps_grosir,29500.0,Rp,CMR01,BD-PIHPS
2026-01-19,1771,harga_pihps_grosir,34000.0,Rp,CMR02,BD-PIHPS
2026-01-19,1771,harga_pihps_grosir,71500.0,Rp,CRW01,BD-PIHPS
2026-01-19,1771,harga_pihps_grosir,44000.0,Rp,CRW02,BD-PIHPS
2026-01-19,1771,harga_pihps_grosir,39250.0,Rp,DAY01,BD-PIHPS
2026-01-19,1771,harga_pihps_grosir,127500.0,Rp,DSP01,BD-PIHPS
2026-01-19,1771,harga_pihps_grosir,127500.0,Rp,DSP02,BD-PIHPS
2026-01-19,1771,harga_pihps_grosir,17500.0,Rp,GLP01,BD-PIHPS
2026-01-19,1771,harga_pihps_grosir,17500.0,Rp,MGR01,BD-PIHPS
2026-01-19,1771,harga_pihps_grosir,20000.0,Rp,MGR02,BD-PIHPS
2026-01-19,1771,harga_pihps_grosir,20000.0,Rp,MGR03,BD-PIHPS
2026-01-19,1771,harga_pihps_grosir,30800.0,Rp,TLR01,BD-PIHPS
2026-01-19,1771,harga_pihps_modern,15450.0,Rp,BRS01,BD-PIHPS
2026-01-19,1771,harga_pihps_modern,15100.0,Rp,BRS02,BD-PIHPS
2026-01-19,1771,harga_pihps_modern,16250.0,Rp,BRS03,BD-PIHPS
2026-01-19,1771,harga_pihps_modern,15900.0,Rp,BRS04,BD-PIHPS
2026-01-19,1771,harga_pihps_modern,15050.0,Rp,BRS05,BD-PIHPS
2026-01-19,1771,harga_pihps_modern,17350.0,Rp,BRS06,BD-PIHPS
2026-01-19,1771,harga_pihps_modern,64450.0,Rp,BWM01,BD-PIHPS
2026-01-19,1771,harga_pihps_modern,56450.0,Rp,BWP01,BD-PIHPS
2026-01-19,1771,harga_pihps_modern,87950.0,Rp,CMR01,BD-PIHPS
2026-01-19,1771,harga_pihps_modern,69950.0,Rp,CMR02,BD-PIHPS
2026-01-19,1771,harga_pihps_modern,84950.0,Rp,CRW01,BD-PIHPS
2026-01-19,1771,harga_pihps_modern,82450.0,Rp,CRW02,BD-PIHPS
2026-01-19,1771,harga_pihps_modern,46300.0,Rp,DAY01,BD-PIHPS
2026-01-19,1771,harga_pihps_modern,162800.0,Rp,DSP01,BD-PIHPS
2026-01-19,1771,harga_pihps_modern,175450.0,Rp,DSP02,BD-PIHPS
2026-01-19,1771,harga_pihps_modern,16900.0,Rp,GLP01,BD-PIHPS
2026-01-19,1771,harga_pihps_modern,17000.0,Rp,GLP02,BD-PIHPS
2026-01-19,1771,harga_pihps_modern,22750.0,Rp,MGR02,BD-PIHPS
2026-01-19,1771,harga_pihps_modern,24800.0,Rp,MGR03,BD-PIHPS
2026-01-19,1771,harga_pihps_modern,30050.0,Rp,TLR01,BD-PIHPS
2026-01-19,1771,harga_pihps_produsen,14000.0,Rp,BRS01,BD-PIHPS
2026-01-19,1771,harga_pihps_produsen,13050.0,Rp,BRS03,BD-PIHPS
2026-01-19,1771,harga_pihps_produsen,13000.0,Rp,BRS04,BD-PIHPS
2026-01-19,1771,harga_pihps_produsen,16000.0,Rp,BRS05,BD-PIHPS
2026-01-19,1771,harga_pihps_produsen,13250.0,Rp,BRS06,BD-PIHPS
2026-01-19,1771,harga_pihps_produsen,57500.0,Rp,CMR01,BD-PIHPS
2026-01-19,1771,harga_pihps_produsen,52500.0,Rp,CMR02,BD-PIHPS
2026-01-19,1771,harga_pihps_produsen,35000.0,Rp,CRW01,BD-PIHPS
2026-01-19,1771,harga_pihps_produsen,39000.0,Rp,CRW02,BD-PIHPS
2026-01-19,1771,harga_pihps_produsen,25000.0,Rp,DAY01,BD-PIHPS
2026-01-19,1771,harga_pihps_produsen,130000.0,Rp,DSP01,BD-PIHPS
2026-01-19,1771,harga_pihps_produsen,130000.0,Rp,DSP02,BD-PIHPS
2026-01-19,1771,harga_pihps_produsen,27150.0,Rp,TLR01,BD-PIHPS
2026-01-20,1771,harga_pihps,14300.0,Rp,BRS01,BD-PIHPS
2026-01-20,1771,harga_pihps,15600.0,Rp,BRS02,BD-PIHPS
2026-01-20,1771,harga_pihps,15350.0,Rp,BRS03,BD-PIHPS
2026-01-20,1771,harga_pihps,15700.0,Rp,BRS04,BD-PIHPS
2026-01-20,1771,harga_pihps,15950.0,Rp,BRS05,BD-PIHPS
2026-01-20,1771,harga_pihps,16050.0,Rp,BRS06,BD-PIHPS
2026-01-20,1771,harga_pihps,39750.0,Rp,BWM01,BD-PIHPS
2026-01-20,1771,harga_pihps,39150.0,Rp,BWP01,BD-PIHPS
2026-01-20,1771,harga_pihps,31250.0,Rp,CMR01,BD-PIHPS
2026-01-20,1771,harga_pihps,35250.0,Rp,CMR02,BD-PIHPS
2026-01-20,1771,harga_pihps,59150.0,Rp,CRW01,BD-PIHPS
2026-01-20,1771,harga_pihps,37550.0,Rp,CRW02,BD-PIHPS
2026-01-20,1771,harga_pihps,40250.0,Rp,DAY01,BD-PIHPS
2026-01-20,1771,harga_pihps,136250.0,Rp,DSP01,BD-PIHPS
2026-01-20,1771,harga_pihps,135000.0,Rp,DSP02,BD-PIHPS
2026-01-20,1771,harga_pihps,17700.0,Rp,GLP01,BD-PIHPS
2026-01-20,1771,harga_pihps,18900.0,Rp,GLP02,BD-PIHPS
2026-01-20,1771,harga_pihps,18150.0,Rp,MGR01,BD-PIHPS
2026-01-20,1771,harga_pihps,21450.0,Rp,MGR02,BD-PIHPS
2026-01-20,1771,harga_pihps,20500.0,Rp,MGR03,BD-PIHPS
2026-01-20,1771,harga_pihps,30300.0,Rp,TLR01,BD-PIHPS
2026-01-20,1771,harga_pihps_grosir,13650.0,Rp,BRS01,BD-PIHPS
2026-01-20,1771,harga_pihps_grosir,15000.0,Rp,BRS02,BD-PIHPS
2026-01-20,1771,harga_pihps_grosir,14900.0,Rp,BRS03,BD-PIHPS
2026-01-20,1771,harga_pihps_grosir,15300.0,Rp,BRS04,BD-PIHPS
2026-01-20,1771,harga_pihps_grosir,15100.0,Rp,BRS05,BD-PIHPS
2026-01-20,1771,harga_pihps_grosir,15600.0,Rp,BRS06,BD-PIHPS
2026-01-20,1771,harga_pihps_grosir,39500.0,Rp,BWM01,BD-PIHPS
2026-01-20,1771,harga_pihps_grosir,36000.0,Rp,BWP01,BD-PIHPS
2026-01-20,1771,harga_pihps_grosir,29500.0,Rp,CMR01,BD-PIHPS
2026-01-20,1771,harga_pihps_grosir,34000.0,Rp,CMR02,BD-PIHPS
2026-01-20,1771,harga_pihps_grosir,71500.0,Rp,CRW01,BD-PIHPS
2026-01-20,1771,harga_pihps_grosir,44000.0,Rp,CRW02,BD-PIHPS
2026-01-20,1771,harga_pihps_grosir,39250.0,Rp,DAY01,BD-PIHPS
2026-01-20,1771,harga_pihps_grosir,127500.0,Rp,DSP01,BD-PIHPS
2026-01-20,1771,harga_pihps_grosir,127500.0,Rp,DSP02,BD-PIHPS
2026-01-20,1771,harga_pihps_grosir,17500.0,Rp,GLP01,BD-PIHPS
2026-01-20,1771,harga_pihps_grosir,17500.0,Rp,MGR01,BD-PIHPS
2026-01-20,1771,harga_pihps_grosir,20000.0,Rp,MGR02,BD-PIHPS
2026-01-20,1771,harga_pihps_grosir,20000.0,Rp,MGR03,BD-PIHPS
2026-01-20,1771,harga_pihps_grosir,30800.0,Rp,TLR01,BD-PIHPS
2026-01-20,1771,harga_pihps_modern,15450.0,Rp,BRS01,BD-PIHPS
2026-01-20,1771,harga_pihps_modern,15100.0,Rp,BRS02,BD-PIHPS
2026-01-20,1771,harga_pihps_modern,16250.0,Rp,BRS03,BD-PIHPS
2026-01-20,1771,harga_pihps_modern,15900.0,Rp,BRS04,BD-PIHPS
2026-01-20,1771,harga_pihps_modern,15050.0,Rp,BRS05,BD-PIHPS
2026-01-20,1771,harga_pihps_modern,17350.0,Rp,BRS06,BD-PIHPS
2026-01-20,1771,harga_pihps_modern,60950.0,Rp,BWM01,BD-PIHPS
2026-01-20,1771,harga_pihps_modern,56450.0,Rp,BWP01,BD-PIHPS
2026-01-20,1771,harga_pihps_modern,87950.0,Rp,CMR01,BD-PIHPS
2026-01-20,1771,harga_pihps_modern,70450.0,Rp,CMR02,BD-PIHPS
2026-01-20,1771,harga_pihps_modern,77950.0,Rp,CRW01,BD-PIHPS
2026-01-20,1771,harga_pihps_modern,79950.0,Rp,CRW02,BD-PIHPS
2026-01-20,1771,harga_pihps_modern,47450.0,Rp,DAY01,BD-PIHPS
2026-01-20,1771,harga_pihps_modern,160300.0,Rp,DSP01,BD-PIHPS
2026-01-20,1771,harga_pihps_modern,175450.0,Rp,DSP02,BD-PIHPS
2026-01-20,1771,harga_pihps_modern,16900.0,Rp,GLP01,BD-PIHPS
2026-01-20,1771,harga_pihps_modern,17000.0,Rp,GLP02,BD-PIHPS
2026-01-20,1771,harga_pihps_modern,22750.0,Rp,MGR02,BD-PIHPS
2026-01-20,1771,harga_pihps_modern,25300.0,Rp,MGR03,BD-PIHPS
2026-01-20,1771,harga_pihps_modern,28550.0,Rp,TLR01,BD-PIHPS
2026-01-20,1771,harga_pihps_produsen,14000.0,Rp,BRS01,BD-PIHPS
2026-01-20,1771,harga_pihps_produsen,13050.0,Rp,BRS03,BD-PIHPS
2026-01-20,1771,harga_pihps_produsen,13000.0,Rp,BRS04,BD-PIHPS
2026-01-20,1771,harga_pihps_produsen,16000.0,Rp,BRS05,BD-PIHPS
2026-01-20,1771,harga_pihps_produsen,13250.0,Rp,BRS06,BD-PIHPS
2026-01-20,1771,harga_pihps_produsen,57500.0,Rp,CMR01,BD-PIHPS
2026-01-20,1771,harga_pihps_produsen,52500.0,Rp,CMR02,BD-PIHPS
2026-01-20,1771,harga_pihps_produsen,35000.0,Rp,CRW01,BD-PIHPS
2026-01-20,1771,harga_pihps_produsen,39000.0,Rp,CRW02,BD-PIHPS
2026-01-20,1771,harga_pihps_produsen,25000.0,Rp,DAY01,BD-PIHPS
2026-01-20,1771,harga_pihps_produsen,130000.0,Rp,DSP01,BD-PIHPS
2026-01-20,1771,harga_pihps_produsen,130000.0,Rp,DSP02,BD-PIHPS
2026-01-20,1771,harga_pihps_produsen,27150.0,Rp,TLR01,BD-PIHPS
2026-01-21,1771,harga_pihps,14300.0,Rp,BRS01,BD-PIHPS
2026-01-21,1771,harga_pihps,15600.0,Rp,BRS02,BD-PIHPS
2026-01-21,1771,harga_pihps,15350.0,Rp,BRS03,BD-PIHPS
2026-01-21,1771,harga_pihps,15700.0,Rp,BRS04,BD-PIHPS
2026-01-21,1771,harga_pihps,15950.0,Rp,BRS05,BD-PIHPS
2026-01-21,1771,harga_pihps,16050.0,Rp,BRS06,BD-PIHPS
2026-01-21,1771,harga_pihps,40000.0,Rp,BWM01,BD-PIHPS
2026-01-21,1771,harga_pihps,40000.0,Rp,BWP01,BD-PIHPS
2026-01-21,1771,harga_pihps,31900.0,Rp,CMR01,BD-PIHPS
2026-01-21,1771,harga_pihps,36400.0,Rp,CMR02,BD-PIHPS
2026-01-21,1771,harga_pihps,60150.0,Rp,CRW01,BD-PIHPS
2026-01-21,1771,harga_pihps,38450.0,Rp,CRW02,BD-PIHPS
2026-01-21,1771,harga_pihps,39650.0,Rp,DAY01,BD-PIHPS
2026-01-21,1771,harga_pihps,136250.0,Rp,DSP01,BD-PIHPS
2026-01-21,1771,harga_pihps,135000.0,Rp,DSP02,BD-PIHPS
2026-01-21,1771,harga_pihps,17700.0,Rp,GLP01,BD-PIHPS
2026-01-21,1771,harga_pihps,18900.0,Rp,GLP02,BD-PIHPS
2026-01-21,1771,harga_pihps,18150.0,Rp,MGR01,BD-PIHPS
2026-01-21,1771,harga_pihps,21450.0,Rp,MGR02,BD-PIHPS
2026-01-21,1771,harga_pihps,20500.0,Rp,MGR03,BD-PIHPS
2026-01-21,1771,harga_pihps,30300.0,Rp,TLR01,BD-PIHPS
2026-01-21,1771,harga_pihps_grosir,13650.0,Rp,BRS01,BD-PIHPS
2026-01-21,1771,harga_pihps_grosir,15000.0,Rp,BRS02,BD-PIHPS
2026-01-21,1771,harga_pihps_grosir,14900.0,Rp,BRS03,BD-PIHPS
2026-01-21,1771,harga_pihps_grosir,15300.0,Rp,BRS04,BD-PIHPS
2026-01-21,1771,harga_pihps_grosir,15100.0,Rp,BRS05,BD-PIHPS
2026-01-21,1771,harga_pihps_grosir,15600.0,Rp,BRS06,BD-PIHPS
2026-01-21,1771,harga_pihps_grosir,39500.0,Rp,BWM01,BD-PIHPS
2026-01-21,1771,harga_pihps_grosir,36000.0,Rp,BWP01,BD-PIHPS
2026-01-21,1771,harga_pihps_grosir,29500.0,Rp,CMR01,BD-PIHPS
2026-01-21,1771,harga_pihps_grosir,34000.0,Rp,CMR02,BD-PIHPS
2026-01-21,1771,harga_pihps_grosir,71500.0,Rp,CRW01,BD-PIHPS
2026-01-21,1771,harga_pihps_grosir,44000.0,Rp,CRW02,BD-PIHPS
2026-01-21,1771,harga_pihps_grosir,39250.0,Rp,DAY01,BD-PIHPS
2026-01-21,1771,harga_pihps_grosir,127500.0,Rp,DSP01,BD-PIHPS
2026-01-21,1771,harga_pihps_grosir,127500.0,Rp,DSP02,BD-PIHPS
2026-01-21,1771,harga_pihps_grosir,17500.0,Rp,GLP01,BD-PIHPS
2026-01-21,1771,harga_pihps_grosir,17500.0,Rp,MGR01,BD-PIHPS
2026-01-21,1771,harga_pihps_grosir,20000.0,Rp,MGR02,BD-PIHPS
2026-01-21,1771,harga_pihps_grosir,20000.0,Rp,MGR03,BD-PIHPS
2026-01-21,1771,harga_pihps_grosir,30800.0,Rp,TLR01,BD-PIHPS
2026-01-21,1771,harga_pihps_modern,15450.0,Rp,BRS01,BD-PIHPS
2026-01-21,1771,harga_pihps_modern,15100.0,Rp,BRS02,BD-PIHPS
2026-01-21,1771,harga_pihps_modern,16250.0,Rp,BRS03,BD-PIHPS
2026-01-21,1771,harga_pihps_modern,15900.0,Rp,BRS04,BD-PIHPS
2026-01-21,1771,harga_pihps_modern,15050.0,Rp,BRS05,BD-PIHPS
2026-01-21,1771,harga_pihps_modern,17350.0,Rp,BRS06,BD-PIHPS
2026-01-21,1771,harga_pihps_modern,60950.0,Rp,BWM01,BD-PIHPS
2026-01-21,1771,harga_pihps_modern,56450.0,Rp,BWP01,BD-PIHPS
2026-01-21,1771,harga_pihps_modern,87950.0,Rp,CMR01,BD-PIHPS
2026-01-21,1771,harga_pihps_modern,70450.0,Rp,CMR02,BD-PIHPS
2026-01-21,1771,harga_pihps_modern,77950.0,Rp,CRW01,BD-PIHPS
2026-01-21,1771,harga_pihps_modern,79950.0,Rp,CRW02,BD-PIHPS
2026-01-21,1771,harga_pihps_modern,47450.0,Rp,DAY01,BD-PIHPS
2026-01-21,1771,harga_pihps_modern,160300.0,Rp,DSP01,BD-PIHPS
2026-01-21,1771,harga_pihps_modern,175450.0,Rp,DSP02,BD-PIHPS
2026-01-21,1771,harga_pihps_modern,16900.0,Rp,GLP01,BD-PIHPS
2026-01-21,1771,harga_pihps_modern,17000.0,Rp,GLP02,BD-PIHPS
2026-01-21,1771,harga_pihps_modern,22750.0,Rp,MGR02,BD-PIHPS
2026-01-21,1771,harga_pihps_modern,25300.0,Rp,MGR03,BD-PIHPS
2026-01-21,1771,harga_pihps_modern,28550.0,Rp,TLR01,BD-PIHPS
2026-01-21,1771,harga_pihps_produsen,14000.0,Rp,BRS01,BD-PIHPS
2026-01-21,1771,harga_pihps_produsen,13050.0,Rp,BRS03,BD-PIHPS
2026-01-21,1771,harga_pihps_produsen,13000.0,Rp,BRS04,BD-PIHPS
2026-01-21,1771,harga_pihps_produsen,16000.0,Rp,BRS05,BD-PIHPS
2026-01-21,1771,harga_pihps_produsen,13250.0,Rp,BRS06,BD-PIHPS
2026-01-21,1771,harga_pihps_produsen,50000.0,Rp,CMR01,BD-PIHPS
2026-01-21,1771,harga_pihps_produsen,51650.0,Rp,CMR02,BD-PIHPS
2026-01-21,1771,harga_pihps_produsen,35000.0,Rp,CRW01,BD-PIHPS
2026-01-21,1771,harga_pihps_produsen,34250.0,Rp,CRW02,BD-PIHPS
2026-01-21,1771,harga_pihps_produsen,25000.0,Rp,DAY01,BD-PIHPS
2026-01-21,1771,harga_pihps_produsen,130000.0,Rp,DSP01,BD-PIHPS
2026-01-21,1771,harga_pihps_produsen,130000.0,Rp,DSP02,BD-PIHPS
2026-01-21,1771,harga_pihps_produsen,27150.0,Rp,TLR01,BD-PIHPS
2026-01-22,1771,harga_pihps,14300.0,Rp,BRS01,BD-PIHPS
2026-01-22,1771,harga_pihps,15600.0,Rp,BRS02,BD-PIHPS
2026-01-22,1771,harga_pihps,15350.0,Rp,BRS03,BD-PIHPS
2026-01-22,1771,harga_pihps,15700.0,Rp,BRS04,BD-PIHPS
2026-01-22,1771,harga_pihps,15950.0,Rp,BRS05,BD-PIHPS
2026-01-22,1771,harga_pihps,16050.0,Rp,BRS06,BD-PIHPS
2026-01-22,1771,harga_pihps,40750.0,Rp,BWM01,BD-PIHPS
2026-01-22,1771,harga_pihps,40150.0,Rp,BWP01,BD-PIHPS
2026-01-22,1771,harga_pihps,32500.0,Rp,CMR01,BD-PIHPS
2026-01-22,1771,harga_pihps,36400.0,Rp,CMR02,BD-PIHPS
2026-01-22,1771,harga_pihps,60500.0,Rp,CRW01,BD-PIHPS
2026-01-22,1771,harga_pihps,39600.0,Rp,CRW02,BD-PIHPS
2026-01-22,1771,harga_pihps,39500.0,Rp,DAY01,BD-PIHPS
2026-01-22,1771,harga_pihps,136250.0,Rp,DSP01,BD-PIHPS
2026-01-22,1771,harga_pihps,135000.0,Rp,DSP02,BD-PIHPS
2026-01-22,1771,harga_pihps,17700.0,Rp,GLP01,BD-PIHPS
2026-01-22,1771,harga_pihps,18900.0,Rp,GLP02,BD-PIHPS
2026-01-22,1771,harga_pihps,18150.0,Rp,MGR01,BD-PIHPS
2026-01-22,1771,harga_pihps,21450.0,Rp,MGR02,BD-PIHPS
2026-01-22,1771,harga_pihps,20500.0,Rp,MGR03,BD-PIHPS
2026-01-22,1771,harga_pihps,30000.0,Rp,TLR01,BD-PIHPS
2026-01-22,1771,harga_pihps_grosir,13650.0,Rp,BRS01,BD-PIHPS
2026-01-22,1771,harga_pihps_grosir,15000.0,Rp,BRS02,BD-PIHPS
2026-01-22,1771,harga_pihps_grosir,14900.0,Rp,BRS03,BD-PIHPS
2026-01-22,1771,harga_pihps_grosir,15300.0,Rp,BRS04,BD-PIHPS
2026-01-22,1771,harga_pihps_grosir,15100.0,Rp,BRS05,BD-PIHPS
2026-01-22,1771,harga_pihps_grosir,15600.0,Rp,BRS06,BD-PIHPS
2026-01-22,1771,harga_pihps_grosir,37500.0,Rp,BWM01,BD-PIHPS
2026-01-22,1771,harga_pihps_grosir,35000.0,Rp,BWP01,BD-PIHPS
2026-01-22,1771,harga_pihps_grosir,27000.0,Rp,CMR01,BD-PIHPS
2026-01-22,1771,harga_pihps_grosir,31500.0,Rp,CMR02,BD-PIHPS
2026-01-22,1771,harga_pihps_grosir,61500.0,Rp,CRW01,BD-PIHPS
2026-01-22,1771,harga_pihps_grosir,40550.0,Rp,CRW02,BD-PIHPS
2026-01-22,1771,harga_pihps_grosir,39750.0,Rp,DAY01,BD-PIHPS
2026-01-22,1771,harga_pihps_grosir,127500.0,Rp,DSP01,BD-PIHPS
2026-01-22,1771,harga_pihps_grosir,127500.0,Rp,DSP02,BD-PIHPS
2026-01-22,1771,harga_pihps_grosir,17500.0,Rp,GLP01,BD-PIHPS
2026-01-22,1771,harga_pihps_grosir,17500.0,Rp,MGR01,BD-PIHPS
2026-01-22,1771,harga_pihps_grosir,20000.0,Rp,MGR02,BD-PIHPS
2026-01-22,1771,harga_pihps_grosir,20000.0,Rp,MGR03,BD-PIHPS
2026-01-22,1771,harga_pihps_grosir,30800.0,Rp,TLR01,BD-PIHPS
2026-01-22,1771,harga_pihps_modern,15450.0,Rp,BRS01,BD-PIHPS
2026-01-22,1771,harga_pihps_modern,15100.0,Rp,BRS02,BD-PIHPS
2026-01-22,1771,harga_pihps_modern,16250.0,Rp,BRS03,BD-PIHPS
2026-01-22,1771,harga_pihps_modern,15900.0,Rp,BRS04,BD-PIHPS
2026-01-22,1771,harga_pihps_modern,15050.0,Rp,BRS05,BD-PIHPS
2026-01-22,1771,harga_pihps_modern,17350.0,Rp,BRS06,BD-PIHPS
2026-01-22,1771,harga_pihps_modern,60950.0,Rp,BWM01,BD-PIHPS
2026-01-22,1771,harga_pihps_modern,56450.0,Rp,BWP01,BD-PIHPS
2026-01-22,1771,harga_pihps_modern,87950.0,Rp,CMR01,BD-PIHPS
2026-01-22,1771,harga_pihps_modern,70450.0,Rp,CMR02,BD-PIHPS
2026-01-22,1771,harga_pihps_modern,77950.0,Rp,CRW01,BD-PIHPS
2026-01-22,1771,harga_pihps_modern,79950.0,Rp,CRW02,BD-PIHPS
2026-01-22,1771,harga_pihps_modern,47450.0,Rp,DAY01,BD-PIHPS
2026-01-22,1771,harga_pihps_modern,160300.0,Rp,DSP01,BD-PIHPS
2026-01-22,1771,harga_pihps_modern,175450.0,Rp,DSP02,BD-PIHPS
2026-01-22,1771,harga_pihps_modern,16900.0,Rp,GLP01,BD-PIHPS
2026-01-22,1771,harga_pihps_modern,17000.0,Rp,GLP02,BD-PIHPS
2026-01-22,1771,harga_pihps_modern,22750.0,Rp,MGR02,BD-PIHPS
2026-01-22,1771,harga_pihps_modern,25300.0,Rp,MGR03,BD-PIHPS
2026-01-22,1771,harga_pihps_modern,28550.0,Rp,TLR01,BD-PIHPS
2026-01-22,1771,harga_pihps_produsen,14000.0,Rp,BRS01,BD-PIHPS
2026-01-22,1771,harga_pihps_produsen,13050.0,Rp,BRS03,BD-PIHPS
2026-01-22,1771,harga_pihps_produsen,13000.0,Rp,BRS04,BD-PIHPS
2026-01-22,1771,harga_pihps_produsen,16000.0,Rp,BRS05,BD-PIHPS
2026-01-22,1771,harga_pihps_produsen,13250.0,Rp,BRS06,BD-PIHPS
2026-01-22,1771,harga_pihps_produsen,50000.0,Rp,CMR01,BD-PIHPS
2026-01-22,1771,harga_pihps_produsen,51650.0,Rp,CMR02,BD-PIHPS
2026-01-22,1771,harga_pihps_produsen,35000.0,Rp,CRW01,BD-PIHPS
2026-01-22,1771,harga_pihps_produsen,34250.0,Rp,CRW02,BD-PIHPS
2026-01-22,1771,harga_pihps_produsen,25000.0,Rp,DAY01,BD-PIHPS
2026-01-22,1771,harga_pihps_produsen,130000.0,Rp,DSP01,BD-PIHPS
2026-01-22,1771,harga_pihps_produsen,130000.0,Rp,DSP02,BD-PIHPS
2026-01-22,1771,harga_pihps_produsen,27150.0,Rp,TLR01,BD-PIHPS
2026-01-23,1771,harga_pihps,14300.0,Rp,BRS01,BD-PIHPS
2026-01-23,1771,harga_pihps,15600.0,Rp,BRS02,BD-PIHPS
2026-01-23,1771,harga_pihps,15350.0,Rp,BRS03,BD-PIHPS
2026-01-23,1771,harga_pihps,15700.0,Rp,BRS04,BD-PIHPS
2026-01-23,1771,harga_pihps,15950.0,Rp,BRS05,BD-PIHPS
2026-01-23,1771,harga_pihps,16050.0,Rp,BRS06,BD-PIHPS
2026-01-23,1771,harga_pihps,40750.0,Rp,BWM01,BD-PIHPS
2026-01-23,1771,harga_pihps,39900.0,Rp,BWP01,BD-PIHPS
2026-01-23,1771,harga_pihps,31150.0,Rp,CMR01,BD-PIHPS
2026-01-23,1771,harga_pihps,36000.0,Rp,CMR02,BD-PIHPS
2026-01-23,1771,harga_pihps,60000.0,Rp,CRW01,BD-PIHPS
2026-01-23,1771,harga_pihps,39600.0,Rp,CRW02,BD-PIHPS
2026-01-23,1771,harga_pihps,39500.0,Rp,DAY01,BD-PIHPS
2026-01-23,1771,harga_pihps,136250.0,Rp,DSP01,BD-PIHPS
2026-01-23,1771,harga_pihps,135000.0,Rp,DSP02,BD-PIHPS
2026-01-23,1771,harga_pihps,17700.0,Rp,GLP01,BD-PIHPS
2026-01-23,1771,harga_pihps,18900.0,Rp,GLP02,BD-PIHPS
2026-01-23,1771,harga_pihps,18150.0,Rp,MGR01,BD-PIHPS
2026-01-23,1771,harga_pihps,21450.0,Rp,MGR02,BD-PIHPS
2026-01-23,1771,harga_pihps,20400.0,Rp,MGR03,BD-PIHPS
2026-01-23,1771,harga_pihps,29900.0,Rp,TLR01,BD-PIHPS
2026-01-23,1771,harga_pihps_grosir,13650.0,Rp,BRS01,BD-PIHPS
2026-01-23,1771,harga_pihps_grosir,15000.0,Rp,BRS02,BD-PIHPS
2026-01-23,1771,harga_pihps_grosir,14900.0,Rp,BRS03,BD-PIHPS
2026-01-23,1771,harga_pihps_grosir,15300.0,Rp,BRS04,BD-PIHPS
2026-01-23,1771,harga_pihps_grosir,15100.0,Rp,BRS05,BD-PIHPS
2026-01-23,1771,harga_pihps_grosir,15600.0,Rp,BRS06,BD-PIHPS
2026-01-23,1771,harga_pihps_grosir,37500.0,Rp,BWM01,BD-PIHPS
2026-01-23,1771,harga_pihps_grosir,35000.0,Rp,BWP01,BD-PIHPS
2026-01-23,1771,harga_pihps_grosir,27000.0,Rp,CMR01,BD-PIHPS
2026-01-23,1771,harga_pihps_grosir,31500.0,Rp,CMR02,BD-PIHPS
2026-01-23,1771,harga_pihps_grosir,61500.0,Rp,CRW01,BD-PIHPS
2026-01-23,1771,harga_pihps_grosir,40550.0,Rp,CRW02,BD-PIHPS
2026-01-23,1771,harga_pihps_grosir,39750.0,Rp,DAY01,BD-PIHPS
2026-01-23,1771,harga_pihps_grosir,127500.0,Rp,DSP01,BD-PIHPS
2026-01-23,1771,harga_pihps_grosir,127500.0,Rp,DSP02,BD-PIHPS
2026-01-23,1771,harga_pihps_grosir,17500.0,Rp,GLP01,BD-PIHPS
2026-01-23,1771,harga_pihps_grosir,17500.0,Rp,MGR01,BD-PIHPS
2026-01-23,1771,harga_pihps_grosir,20000.0,Rp,MGR02,BD-PIHPS
2026-01-23,1771,harga_pihps_grosir,20000.0,Rp,MGR03,BD-PIHPS
2026-01-23,1771,harga_pihps_grosir,30800.0,Rp,TLR01,BD-PIHPS
2026-01-23,1771,harga_pihps_modern,15450.0,Rp,BRS01,BD-PIHPS
2026-01-23,1771,harga_pihps_modern,15100.0,Rp,BRS02,BD-PIHPS
2026-01-23,1771,harga_pihps_modern,16250.0,Rp,BRS03,BD-PIHPS
2026-01-23,1771,harga_pihps_modern,15900.0,Rp,BRS04,BD-PIHPS
2026-01-23,1771,harga_pihps_modern,15050.0,Rp,BRS05,BD-PIHPS
2026-01-23,1771,harga_pihps_modern,17350.0,Rp,BRS06,BD-PIHPS
2026-01-23,1771,harga_pihps_modern,60950.0,Rp,BWM01,BD-PIHPS
2026-01-23,1771,harga_pihps_modern,56450.0,Rp,BWP01,BD-PIHPS
2026-01-23,1771,harga_pihps_modern,87950.0,Rp,CMR01,BD-PIHPS
2026-01-23,1771,harga_pihps_modern,70450.0,Rp,CMR02,BD-PIHPS
2026-01-23,1771,harga_pihps_modern,77950.0,Rp,CRW01,BD-PIHPS
2026-01-23,1771,harga_pihps_modern,79950.0,Rp,CRW02,BD-PIHPS
2026-01-23,1771,harga_pihps_modern,47450.0,Rp,DAY01,BD-PIHPS
2026-01-23,1771,harga_pihps_modern,160300.0,Rp,DSP01,BD-PIHPS
2026-01-23,1771,harga_pihps_modern,175450.0,Rp,DSP02,BD-PIHPS
2026-01-23,1771,harga_pihps_modern,16900.0,Rp,GLP01,BD-PIHPS
2026-01-23,1771,harga_pihps_modern,17000.0,Rp,GLP02,BD-PIHPS
2026-01-23,1771,harga_pihps_modern,22750.0,Rp,MGR02,BD-PIHPS
2026-01-23,1771,harga_pihps_modern,25300.0,Rp,MGR03,BD-PIHPS
2026-01-23,1771,harga_pihps_modern,28550.0,Rp,TLR01,BD-PIHPS
2026-01-23,1771,harga_pihps_produsen,14000.0,Rp,BRS01,BD-PIHPS
2026-01-23,1771,harga_pihps_produsen,12450.0,Rp,BRS03,BD-PIHPS
2026-01-23,1771,harga_pihps_produsen,12550.0,Rp,BRS04,BD-PIHPS
2026-01-23,1771,harga_pihps_produsen,16000.0,Rp,BRS05,BD-PIHPS
2026-01-23,1771,harga_pihps_produsen,12600.0,Rp,BRS06,BD-PIHPS
2026-01-23,1771,harga_pihps_produsen,40000.0,Rp,CMR01,BD-PIHPS
2026-01-23,1771,harga_pihps_produsen,46750.0,Rp,CMR02,BD-PIHPS
2026-01-23,1771,harga_pihps_produsen,50000.0,Rp,CRW01,BD-PIHPS
2026-01-23,1771,harga_pihps_produsen,41400.0,Rp,CRW02,BD-PIHPS
2026-01-23,1771,harga_pihps_produsen,23850.0,Rp,DAY01,BD-PIHPS
2026-01-23,1771,harga_pihps_produsen,130000.0,Rp,DSP01,BD-PIHPS
2026-01-23,1771,harga_pihps_produsen,130000.0,Rp,DSP02,BD-PIHPS
2026-01-23,1771,harga_pihps_produsen,27700.0,Rp,TLR01,BD-PIHPS
2026-01-26,1771,harga_pihps,14300.0,Rp,BRS01,BD-PIHPS
2026-01-26,1771,harga_pihps,15600.0,Rp,BRS02,BD-PIHPS
2026-01-26,1771,harga_pihps,15350.0,Rp,BRS03,BD-PIHPS
2026-01-26,1771,harga_pihps,15700.0,Rp,BRS04,BD-PIHPS
2026-01-26,1771,harga_pihps,15950.0,Rp,BRS05,BD-PIHPS
2026-01-26,1771,harga_pihps,16050.0,Rp,BRS06,BD-PIHPS
2026-01-26,1771,harga_pihps,40750.0,Rp,BWM01,BD-PIHPS
2026-01-26,1771,harga_pihps,39750.0,Rp,BWP01,BD-PIHPS
2026-01-26,1771,harga_pihps,30750.0,Rp,CMR01,BD-PIHPS
2026-01-26,1771,harga_pihps,33650.0,Rp,CMR02,BD-PIHPS
2026-01-26,1771,harga_pihps,61000.0,Rp,CRW01,BD-PIHPS
2026-01-26,1771,harga_pihps,39600.0,Rp,CRW02,BD-PIHPS
2026-01-26,1771,harga_pihps,39500.0,Rp,DAY01,BD-PIHPS
2026-01-26,1771,harga_pihps,136250.0,Rp,DSP01,BD-PIHPS
2026-01-26,1771,harga_pihps,135000.0,Rp,DSP02,BD-PIHPS
2026-01-26,1771,harga_pihps,17700.0,Rp,GLP01,BD-PIHPS
2026-01-26,1771,harga_pihps,18900.0,Rp,GLP02,BD-PIHPS
2026-01-26,1771,harga_pihps,18150.0,Rp,MGR01,BD-PIHPS
2026-01-26,1771,harga_pihps,21450.0,Rp,MGR02,BD-PIHPS
2026-01-26,1771,harga_pihps,20400.0,Rp,MGR03,BD-PIHPS
2026-01-26,1771,harga_pihps,29800.0,Rp,TLR01,BD-PIHPS
2026-01-26,1771,harga_pihps_grosir,13650.0,Rp,BRS01,BD-PIHPS
2026-01-26,1771,harga_pihps_grosir,15000.0,Rp,BRS02,BD-PIHPS
2026-01-26,1771,harga_pihps_grosir,14900.0,Rp,BRS03,BD-PIHPS
2026-01-26,1771,harga_pihps_grosir,15300.0,Rp,BRS04,BD-PIHPS
2026-01-26,1771,harga_pihps_grosir,15100.0,Rp,BRS05,BD-PIHPS
2026-01-26,1771,harga_pihps_grosir,15600.0,Rp,BRS06,BD-PIHPS
2026-01-26,1771,harga_pihps_grosir,37500.0,Rp,BWM01,BD-PIHPS
2026-01-26,1771,harga_pihps_grosir,35000.0,Rp,BWP01,BD-PIHPS
2026-01-26,1771,harga_pihps_grosir,27000.0,Rp,CMR01,BD-PIHPS
2026-01-26,1771,harga_pihps_grosir,31500.0,Rp,CMR02,BD-PIHPS
2026-01-26,1771,harga_pihps_grosir,61500.0,Rp,CRW01,BD-PIHPS
2026-01-26,1771,harga_pihps_grosir,40550.0,Rp,CRW02,BD-PIHPS
2026-01-26,1771,harga_pihps_grosir,39750.0,Rp,DAY01,BD-PIHPS
2026-01-26,1771,harga_pihps_grosir,127500.0,Rp,DSP01,BD-PIHPS
2026-01-26,1771,harga_pihps_grosir,127500.0,Rp,DSP02,BD-PIHPS
2026-01-26,1771,harga_pihps_grosir,17500.0,Rp,GLP01,BD-PIHPS
2026-01-26,1771,harga_pihps_grosir,17500.0,Rp,MGR01,BD-PIHPS
2026-01-26,1771,harga_pihps_grosir,20000.0,Rp,MGR02,BD-PIHPS
2026-01-26,1771,harga_pihps_grosir,20000.0,Rp,MGR03,BD-PIHPS
2026-01-26,1771,harga_pihps_grosir,30800.0,Rp,TLR01,BD-PIHPS
2026-01-26,1771,harga_pihps_modern,15450.0,Rp,BRS01,BD-PIHPS
2026-01-26,1771,harga_pihps_modern,15100.0,Rp,BRS02,BD-PIHPS
2026-01-26,1771,harga_pihps_modern,16250.0,Rp,BRS03,BD-PIHPS
2026-01-26,1771,harga_pihps_modern,15900.0,Rp,BRS04,BD-PIHPS
2026-01-26,1771,harga_pihps_modern,15050.0,Rp,BRS05,BD-PIHPS
2026-01-26,1771,harga_pihps_modern,17350.0,Rp,BRS06,BD-PIHPS
2026-01-26,1771,harga_pihps_modern,60950.0,Rp,BWM01,BD-PIHPS
2026-01-26,1771,harga_pihps_modern,56450.0,Rp,BWP01,BD-PIHPS
2026-01-26,1771,harga_pihps_modern,87950.0,Rp,CMR01,BD-PIHPS
2026-01-26,1771,harga_pihps_modern,70450.0,Rp,CMR02,BD-PIHPS
2026-01-26,1771,harga_pihps_modern,77950.0,Rp,CRW01,BD-PIHPS
2026-01-26,1771,harga_pihps_modern,79950.0,Rp,CRW02,BD-PIHPS
2026-01-26,1771,harga_pihps_modern,47450.0,Rp,DAY01,BD-PIHPS
2026-01-26,1771,harga_pihps_modern,160300.0,Rp,DSP01,BD-PIHPS
2026-01-26,1771,harga_pihps_modern,175450.0,Rp,DSP02,BD-PIHPS
2026-01-26,1771,harga_pihps_modern,16900.0,Rp,GLP01,BD-PIHPS
2026-01-26,1771,harga_pihps_modern,17000.0,Rp,GLP02,BD-PIHPS
2026-01-26,1771,harga_pihps_modern,22750.0,Rp,MGR02,BD-PIHPS
2026-01-26,1771,harga_pihps_modern,25300.0,Rp,MGR03,BD-PIHPS
2026-01-26,1771,harga_pihps_modern,28550.0,Rp,TLR01,BD-PIHPS
2026-01-26,1771,harga_pihps_produsen,14000.0,Rp,BRS01,BD-PIHPS
2026-01-26,1771,harga_pihps_produsen,12450.0,Rp,BRS03,BD-PIHPS
2026-01-26,1771,harga_pihps_produsen,12550.0,Rp,BRS04,BD-PIHPS
2026-01-26,1771,harga_pihps_produsen,16000.0,Rp,BRS05,BD-PIHPS
2026-01-26,1771,harga_pihps_produsen,12600.0,Rp,BRS06,BD-PIHPS
2026-01-26,1771,harga_pihps_produsen,40000.0,Rp,CMR01,BD-PIHPS
2026-01-26,1771,harga_pihps_produsen,46750.0,Rp,CMR02,BD-PIHPS
2026-01-26,1771,harga_pihps_produsen,50000.0,Rp,CRW01,BD-PIHPS
2026-01-26,1771,harga_pihps_produsen,41400.0,Rp,CRW02,BD-PIHPS
2026-01-26,1771,harga_pihps_produsen,23850.0,Rp,DAY01,BD-PIHPS
2026-01-26,1771,harga_pihps_produsen,130000.0,Rp,DSP01,BD-PIHPS
2026-01-26,1771,harga_pihps_produsen,130000.0,Rp,DSP02,BD-PIHPS
2026-01-26,1771,harga_pihps_produsen,27700.0,Rp,TLR01,BD-PIHPS
2026-01-27,1771,harga_pihps,14300.0,Rp,BRS01,BD-PIHPS
2026-01-27,1771,harga_pihps,15600.0,Rp,BRS02,BD-PIHPS
2026-01-27,1771,harga_pihps,15350.0,Rp,BRS03,BD-PIHPS
2026-01-27,1771,harga_pihps,15700.0,Rp,BRS04,BD-PIHPS
2026-01-27,1771,harga_pihps,15950.0,Rp,BRS05,BD-PIHPS
2026-01-27,1771,harga_pihps,16050.0,Rp,BRS06,BD-PIHPS
2026-01-27,1771,harga_pihps,41250.0,Rp,BWM01,BD-PIHPS
2026-01-27,1771,harga_pihps,40000.0,Rp,BWP01,BD-PIHPS
2026-01-27,1771,harga_pihps,31250.0,Rp,CMR01,BD-PIHPS
2026-01-27,1771,harga_pihps,34250.0,Rp,CMR02,BD-PIHPS
2026-01-27,1771,harga_pihps,59750.0,Rp,CRW01,BD-PIHPS
2026-01-27,1771,harga_pihps,38500.0,Rp,CRW02,BD-PIHPS
2026-01-27,1771,harga_pihps,39500.0,Rp,DAY01,BD-PIHPS
2026-01-27,1771,harga_pihps,136250.0,Rp,DSP01,BD-PIHPS
2026-01-27,1771,harga_pihps,135000.0,Rp,DSP02,BD-PIHPS
2026-01-27,1771,harga_pihps,17700.0,Rp,GLP01,BD-PIHPS
2026-01-27,1771,harga_pihps,18900.0,Rp,GLP02,BD-PIHPS
2026-01-27,1771,harga_pihps,18150.0,Rp,MGR01,BD-PIHPS
2026-01-27,1771,harga_pihps,21450.0,Rp,MGR02,BD-PIHPS
2026-01-27,1771,harga_pihps,20400.0,Rp,MGR03,BD-PIHPS
2026-01-27,1771,harga_pihps,29800.0,Rp,TLR01,BD-PIHPS
2026-01-27,1771,harga_pihps_grosir,13650.0,Rp,BRS01,BD-PIHPS
2026-01-27,1771,harga_pihps_grosir,15000.0,Rp,BRS02,BD-PIHPS
2026-01-27,1771,harga_pihps_grosir,14900.0,Rp,BRS03,BD-PIHPS
2026-01-27,1771,harga_pihps_grosir,15300.0,Rp,BRS04,BD-PIHPS
2026-01-27,1771,harga_pihps_grosir,15100.0,Rp,BRS05,BD-PIHPS
2026-01-27,1771,harga_pihps_grosir,15600.0,Rp,BRS06,BD-PIHPS
2026-01-27,1771,harga_pihps_grosir,37500.0,Rp,BWM01,BD-PIHPS
2026-01-27,1771,harga_pihps_grosir,35000.0,Rp,BWP01,BD-PIHPS
2026-01-27,1771,harga_pihps_grosir,27000.0,Rp,CMR01,BD-PIHPS
2026-01-27,1771,harga_pihps_grosir,31500.0,Rp,CMR02,BD-PIHPS
2026-01-27,1771,harga_pihps_grosir,61500.0,Rp,CRW01,BD-PIHPS
2026-01-27,1771,harga_pihps_grosir,40550.0,Rp,CRW02,BD-PIHPS
2026-01-27,1771,harga_pihps_grosir,39750.0,Rp,DAY01,BD-PIHPS
2026-01-27,1771,harga_pihps_grosir,127500.0,Rp,DSP01,BD-PIHPS
2026-01-27,1771,harga_pihps_grosir,127500.0,Rp,DSP02,BD-PIHPS
2026-01-27,1771,harga_pihps_grosir,17500.0,Rp,GLP01,BD-PIHPS
2026-01-27,1771,harga_pihps_grosir,17500.0,Rp,MGR01,BD-PIHPS
2026-01-27,1771,harga_pihps_grosir,20000.0,Rp,MGR02,BD-PIHPS
2026-01-27,1771,harga_pihps_grosir,20000.0,Rp,MGR03,BD-PIHPS
2026-01-27,1771,harga_pihps_grosir,30800.0,Rp,TLR01,BD-PIHPS
2026-01-27,1771,harga_pihps_modern,15450.0,Rp,BRS01,BD-PIHPS
2026-01-27,1771,harga_pihps_modern,15100.0,Rp,BRS02,BD-PIHPS
2026-01-27,1771,harga_pihps_modern,16250.0,Rp,BRS03,BD-PIHPS
2026-01-27,1771,harga_pihps_modern,15900.0,Rp,BRS04,BD-PIHPS
2026-01-27,1771,harga_pihps_modern,15050.0,Rp,BRS05,BD-PIHPS
2026-01-27,1771,harga_pihps_modern,17350.0,Rp,BRS06,BD-PIHPS
2026-01-27,1771,harga_pihps_modern,60950.0,Rp,BWM01,BD-PIHPS
2026-01-27,1771,harga_pihps_modern,56450.0,Rp,BWP01,BD-PIHPS
2026-01-27,1771,harga_pihps_modern,87950.0,Rp,CMR01,BD-PIHPS
2026-01-27,1771,harga_pihps_modern,70450.0,Rp,CMR02,BD-PIHPS
2026-01-27,1771,harga_pihps_modern,77950.0,Rp,CRW01,BD-PIHPS
2026-01-27,1771,harga_pihps_modern,79950.0,Rp,CRW02,BD-PIHPS
2026-01-27,1771,harga_pihps_modern,47450.0,Rp,DAY01,BD-PIHPS
2026-01-27,1771,harga_pihps_modern,161300.0,Rp,DSP01,BD-PIHPS
2026-01-27,1771,harga_pihps_modern,167450.0,Rp,DSP02,BD-PIHPS
2026-01-27,1771,harga_pihps_modern,17050.0,Rp,GLP01,BD-PIHPS
2026-01-27,1771,harga_pihps_modern,17000.0,Rp,GLP02,BD-PIHPS
2026-01-27,1771,harga_pihps_modern,22750.0,Rp,MGR02,BD-PIHPS
2026-01-27,1771,harga_pihps_modern,25300.0,Rp,MGR03,BD-PIHPS
2026-01-27,1771,harga_pihps_modern,28550.0,Rp,TLR01,BD-PIHPS
2026-01-27,1771,harga_pihps_produsen,14000.0,Rp,BRS01,BD-PIHPS
2026-01-27,1771,harga_pihps_produsen,12450.0,Rp,BRS03,BD-PIHPS
2026-01-27,1771,harga_pihps_produsen,12550.0,Rp,BRS04,BD-PIHPS
2026-01-27,1771,harga_pihps_produsen,16000.0,Rp,BRS05,BD-PIHPS
2026-01-27,1771,harga_pihps_produsen,12600.0,Rp,BRS06,BD-PIHPS
2026-01-27,1771,harga_pihps_produsen,40000.0,Rp,CMR01,BD-PIHPS
2026-01-27,1771,harga_pihps_produsen,46750.0,Rp,CMR02,BD-PIHPS
2026-01-27,1771,harga_pihps_produsen,50000.0,Rp,CRW01,BD-PIHPS
2026-01-27,1771,harga_pihps_produsen,41400.0,Rp,CRW02,BD-PIHPS
2026-01-27,1771,harga_pihps_produsen,23850.0,Rp,DAY01,BD-PIHPS
2026-01-27,1771,harga_pihps_produsen,130000.0,Rp,DSP01,BD-PIHPS
2026-01-27,1771,harga_pihps_produsen,130000.0,Rp,DSP02,BD-PIHPS
2026-01-27,1771,harga_pihps_produsen,27700.0,Rp,TLR01,BD-PIHPS
2026-01-28,1771,harga_pihps,14300.0,Rp,BRS01,BD-PIHPS
2026-01-28,1771,harga_pihps,15600.0,Rp,BRS02,BD-PIHPS
2026-01-28,1771,harga_pihps,15350.0,Rp,BRS03,BD-PIHPS
2026-01-28,1771,harga_pihps,15700.0,Rp,BRS04,BD-PIHPS
2026-01-28,1771,harga_pihps,15950.0,Rp,BRS05,BD-PIHPS
2026-01-28,1771,harga_pihps,16050.0,Rp,BRS06,BD-PIHPS
2026-01-28,1771,harga_pihps,41250.0,Rp,BWM01,BD-PIHPS
2026-01-28,1771,harga_pihps,39900.0,Rp,BWP01,BD-PIHPS
2026-01-28,1771,harga_pihps,31150.0,Rp,CMR01,BD-PIHPS
2026-01-28,1771,harga_pihps,35900.0,Rp,CMR02,BD-PIHPS
2026-01-28,1771,harga_pihps,54750.0,Rp,CRW01,BD-PIHPS
2026-01-28,1771,harga_pihps,38850.0,Rp,CRW02,BD-PIHPS
2026-01-28,1771,harga_pihps,39400.0,Rp,DAY01,BD-PIHPS
2026-01-28,1771,harga_pihps,136250.0,Rp,DSP01,BD-PIHPS
2026-01-28,1771,harga_pihps,135000.0,Rp,DSP02,BD-PIHPS
2026-01-28,1771,harga_pihps,17700.0,Rp,GLP01,BD-PIHPS
2026-01-28,1771,harga_pihps,18900.0,Rp,GLP02,BD-PIHPS
2026-01-28,1771,harga_pihps,18150.0,Rp,MGR01,BD-PIHPS
2026-01-28,1771,harga_pihps,21450.0,Rp,MGR02,BD-PIHPS
2026-01-28,1771,harga_pihps,20400.0,Rp,MGR03,BD-PIHPS
2026-01-28,1771,harga_pihps,29800.0,Rp,TLR01,BD-PIHPS
2026-01-28,1771,harga_pihps_grosir,13650.0,Rp,BRS01,BD-PIHPS
2026-01-28,1771,harga_pihps_grosir,15000.0,Rp,BRS02,BD-PIHPS
2026-01-28,1771,harga_pihps_grosir,14900.0,Rp,BRS03,BD-PIHPS
2026-01-28,1771,harga_pihps_grosir,15300.0,Rp,BRS04,BD-PIHPS
2026-01-28,1771,harga_pihps_grosir,15100.0,Rp,BRS05,BD-PIHPS
2026-01-28,1771,harga_pihps_grosir,15600.0,Rp,BRS06,BD-PIHPS
2026-01-28,1771,harga_pihps_grosir,37500.0,Rp,BWM01,BD-PIHPS
2026-01-28,1771,harga_pihps_grosir,35000.0,Rp,BWP01,BD-PIHPS
2026-01-28,1771,harga_pihps_grosir,27000.0,Rp,CMR01,BD-PIHPS
2026-01-28,1771,harga_pihps_grosir,31500.0,Rp,CMR02,BD-PIHPS
2026-01-28,1771,harga_pihps_grosir,61500.0,Rp,CRW01,BD-PIHPS
2026-01-28,1771,harga_pihps_grosir,40550.0,Rp,CRW02,BD-PIHPS
2026-01-28,1771,harga_pihps_grosir,39750.0,Rp,DAY01,BD-PIHPS
2026-01-28,1771,harga_pihps_grosir,127500.0,Rp,DSP01,BD-PIHPS
2026-01-28,1771,harga_pihps_grosir,127500.0,Rp,DSP02,BD-PIHPS
2026-01-28,1771,harga_pihps_grosir,17500.0,Rp,GLP01,BD-PIHPS
2026-01-28,1771,harga_pihps_grosir,17500.0,Rp,MGR01,BD-PIHPS
2026-01-28,1771,harga_pihps_grosir,20000.0,Rp,MGR02,BD-PIHPS
2026-01-28,1771,harga_pihps_grosir,20000.0,Rp,MGR03,BD-PIHPS
2026-01-28,1771,harga_pihps_grosir,30800.0,Rp,TLR01,BD-PIHPS
2026-01-28,1771,harga_pihps_modern,15450.0,Rp,BRS01,BD-PIHPS
2026-01-28,1771,harga_pihps_modern,15100.0,Rp,BRS02,BD-PIHPS
2026-01-28,1771,harga_pihps_modern,16250.0,Rp,BRS03,BD-PIHPS
2026-01-28,1771,harga_pihps_modern,15900.0,Rp,BRS04,BD-PIHPS
2026-01-28,1771,harga_pihps_modern,15050.0,Rp,BRS05,BD-PIHPS
2026-01-28,1771,harga_pihps_modern,17350.0,Rp,BRS06,BD-PIHPS
2026-01-28,1771,harga_pihps_modern,60950.0,Rp,BWM01,BD-PIHPS
2026-01-28,1771,harga_pihps_modern,56450.0,Rp,BWP01,BD-PIHPS
2026-01-28,1771,harga_pihps_modern,87950.0,Rp,CMR01,BD-PIHPS
2026-01-28,1771,harga_pihps_modern,70450.0,Rp,CMR02,BD-PIHPS
2026-01-28,1771,harga_pihps_modern,77950.0,Rp,CRW01,BD-PIHPS
2026-01-28,1771,harga_pihps_modern,79950.0,Rp,CRW02,BD-PIHPS
2026-01-28,1771,harga_pihps_modern,47450.0,Rp,DAY01,BD-PIHPS
2026-01-28,1771,harga_pihps_modern,161300.0,Rp,DSP01,BD-PIHPS
2026-01-28,1771,harga_pihps_modern,167450.0,Rp,DSP02,BD-PIHPS
2026-01-28,1771,harga_pihps_modern,17050.0,Rp,GLP01,BD-PIHPS
2026-01-28,1771,harga_pihps_modern,17000.0,Rp,GLP02,BD-PIHPS
2026-01-28,1771,harga_pihps_modern,22750.0,Rp,MGR02,BD-PIHPS
2026-01-28,1771,harga_pihps_modern,25300.0,Rp,MGR03,BD-PIHPS
2026-01-28,1771,harga_pihps_modern,28550.0,Rp,TLR01,BD-PIHPS
2026-01-28,1771,harga_pihps_produsen,14000.0,Rp,BRS01,BD-PIHPS
2026-01-28,1771,harga_pihps_produsen,12450.0,Rp,BRS03,BD-PIHPS
2026-01-28,1771,harga_pihps_produsen,12550.0,Rp,BRS04,BD-PIHPS
2026-01-28,1771,harga_pihps_produsen,16000.0,Rp,BRS05,BD-PIHPS
2026-01-28,1771,harga_pihps_produsen,12600.0,Rp,BRS06,BD-PIHPS
2026-01-28,1771,harga_pihps_produsen,40000.0,Rp,CMR01,BD-PIHPS
2026-01-28,1771,harga_pihps_produsen,46750.0,Rp,CMR02,BD-PIHPS
2026-01-28,1771,harga_pihps_produsen,50000.0,Rp,CRW01,BD-PIHPS
2026-01-28,1771,harga_pihps_produsen,41400.0,Rp,CRW02,BD-PIHPS
2026-01-28,1771,harga_pihps_produsen,23850.0,Rp,DAY01,BD-PIHPS
2026-01-28,1771,harga_pihps_produsen,130000.0,Rp,DSP01,BD-PIHPS
2026-01-28,1771,harga_pihps_produsen,130000.0,Rp,DSP02,BD-PIHPS
2026-01-28,1771,harga_pihps_produsen,27700.0,Rp,TLR01,BD-PIHPS
2026-01-29,1771,harga_pihps,14300.0,Rp,BRS01,BD-PIHPS
2026-01-29,1771,harga_pihps,15600.0,Rp,BRS02,BD-PIHPS
2026-01-29,1771,harga_pihps,15350.0,Rp,BRS03,BD-PIHPS
2026-01-29,1771,harga_pihps,15700.0,Rp,BRS04,BD-PIHPS
2026-01-29,1771,harga_pihps,15950.0,Rp,BRS05,BD-PIHPS
2026-01-29,1771,harga_pihps,16050.0,Rp,BRS06,BD-PIHPS
2026-01-29,1771,harga_pihps,40500.0,Rp,BWM01,BD-PIHPS
2026-01-29,1771,harga_pihps,39650.0,Rp,BWP01,BD-PIHPS
2026-01-29,1771,harga_pihps,31000.0,Rp,CMR01,BD-PIHPS
2026-01-29,1771,harga_pihps,35650.0,Rp,CMR02,BD-PIHPS
2026-01-29,1771,harga_pihps,50000.0,Rp,CRW01,BD-PIHPS
2026-01-29,1771,harga_pihps,38200.0,Rp,CRW02,BD-PIHPS
2026-01-29,1771,harga_pihps,38900.0,Rp,DAY01,BD-PIHPS
2026-01-29,1771,harga_pihps,136250.0,Rp,DSP01,BD-PIHPS
2026-01-29,1771,harga_pihps,135000.0,Rp,DSP02,BD-PIHPS
2026-01-29,1771,harga_pihps,17700.0,Rp,GLP01,BD-PIHPS
2026-01-29,1771,harga_pihps,18900.0,Rp,GLP02,BD-PIHPS
2026-01-29,1771,harga_pihps,18150.0,Rp,MGR01,BD-PIHPS
2026-01-29,1771,harga_pihps,21450.0,Rp,MGR02,BD-PIHPS
2026-01-29,1771,harga_pihps,20400.0,Rp,MGR03,BD-PIHPS
2026-01-29,1771,harga_pihps,29800.0,Rp,TLR01,BD-PIHPS
2026-01-29,1771,harga_pihps_grosir,13650.0,Rp,BRS01,BD-PIHPS
2026-01-29,1771,harga_pihps_grosir,15000.0,Rp,BRS02,BD-PIHPS
2026-01-29,1771,harga_pihps_grosir,14900.0,Rp,BRS03,BD-PIHPS
2026-01-29,1771,harga_pihps_grosir,15300.0,Rp,BRS04,BD-PIHPS
2026-01-29,1771,harga_pihps_grosir,15100.0,Rp,BRS05,BD-PIHPS
2026-01-29,1771,harga_pihps_grosir,15600.0,Rp,BRS06,BD-PIHPS
2026-01-29,1771,harga_pihps_grosir,37500.0,Rp,BWM01,BD-PIHPS
2026-01-29,1771,harga_pihps_grosir,35000.0,Rp,BWP01,BD-PIHPS
2026-01-29,1771,harga_pihps_grosir,29500.0,Rp,CMR01,BD-PIHPS
2026-01-29,1771,harga_pihps_grosir,34000.0,Rp,CMR02,BD-PIHPS
2026-01-29,1771,harga_pihps_grosir,59000.0,Rp,CRW01,BD-PIHPS
2026-01-29,1771,harga_pihps_grosir,43800.0,Rp,CRW02,BD-PIHPS
2026-01-29,1771,harga_pihps_grosir,39250.0,Rp,DAY01,BD-PIHPS
2026-01-29,1771,harga_pihps_grosir,127500.0,Rp,DSP01,BD-PIHPS
2026-01-29,1771,harga_pihps_grosir,127500.0,Rp,DSP02,BD-PIHPS
2026-01-29,1771,harga_pihps_grosir,17500.0,Rp,GLP01,BD-PIHPS
2026-01-29,1771,harga_pihps_grosir,17500.0,Rp,MGR01,BD-PIHPS
2026-01-29,1771,harga_pihps_grosir,20000.0,Rp,MGR02,BD-PIHPS
2026-01-29,1771,harga_pihps_grosir,20000.0,Rp,MGR03,BD-PIHPS
2026-01-29,1771,harga_pihps_grosir,30000.0,Rp,TLR01,BD-PIHPS
2026-01-29,1771,harga_pihps_modern,15450.0,Rp,BRS01,BD-PIHPS
2026-01-29,1771,harga_pihps_modern,15100.0,Rp,BRS02,BD-PIHPS
2026-01-29,1771,harga_pihps_modern,16250.0,Rp,BRS03,BD-PIHPS
2026-01-29,1771,harga_pihps_modern,15900.0,Rp,BRS04,BD-PIHPS
2026-01-29,1771,harga_pihps_modern,15050.0,Rp,BRS05,BD-PIHPS
2026-01-29,1771,harga_pihps_modern,17350.0,Rp,BRS06,BD-PIHPS
2026-01-29,1771,harga_pihps_modern,60950.0,Rp,BWM01,BD-PIHPS
2026-01-29,1771,harga_pihps_modern,56450.0,Rp,BWP01,BD-PIHPS
2026-01-29,1771,harga_pihps_modern,87950.0,Rp,CMR01,BD-PIHPS
2026-01-29,1771,harga_pihps_modern,70450.0,Rp,CMR02,BD-PIHPS
2026-01-29,1771,harga_pihps_modern,77950.0,Rp,CRW01,BD-PIHPS
2026-01-29,1771,harga_pihps_modern,79950.0,Rp,CRW02,BD-PIHPS
2026-01-29,1771,harga_pihps_modern,47450.0,Rp,DAY01,BD-PIHPS
2026-01-29,1771,harga_pihps_modern,161300.0,Rp,DSP01,BD-PIHPS
2026-01-29,1771,harga_pihps_modern,167450.0,Rp,DSP02,BD-PIHPS
2026-01-29,1771,harga_pihps_modern,17050.0,Rp,GLP01,BD-PIHPS
2026-01-29,1771,harga_pihps_modern,17000.0,Rp,GLP02,BD-PIHPS
2026-01-29,1771,harga_pihps_modern,22750.0,Rp,MGR02,BD-PIHPS
2026-01-29,1771,harga_pihps_modern,25300.0,Rp,MGR03,BD-PIHPS
2026-01-29,1771,harga_pihps_modern,28550.0,Rp,TLR01,BD-PIHPS
2026-01-29,1771,harga_pihps_produsen,14000.0,Rp,BRS01,BD-PIHPS
2026-01-29,1771,harga_pihps_produsen,12450.0,Rp,BRS03,BD-PIHPS
2026-01-29,1771,harga_pihps_produsen,12550.0,Rp,BRS04,BD-PIHPS
2026-01-29,1771,harga_pihps_produsen,16000.0,Rp,BRS05,BD-PIHPS
2026-01-29,1771,harga_pihps_produsen,12600.0,Rp,BRS06,BD-PIHPS
2026-01-29,1771,harga_pihps_produsen,40000.0,Rp,CMR01,BD-PIHPS
2026-01-29,1771,harga_pihps_produsen,46750.0,Rp,CMR02,BD-PIHPS
2026-01-29,1771,harga_pihps_produsen,50000.0,Rp,CRW01,BD-PIHPS
2026-01-29,1771,harga_pihps_produsen,41400.0,Rp,CRW02,BD-PIHPS
2026-01-29,1771,harga_pihps_produsen,23850.0,Rp,DAY01,BD-PIHPS
2026-01-29,1771,harga_pihps_produsen,130000.0,Rp,DSP01,BD-PIHPS
2026-01-29,1771,harga_pihps_produsen,130000.0,Rp,DSP02,BD-PIHPS
2026-01-29,1771,harga_pihps_produsen,27700.0,Rp,TLR01,BD-PIHPS
2026-01-30,1771,harga_pihps,14300.0,Rp,BRS01,BD-PIHPS
2026-01-30,1771,harga_pihps,15600.0,Rp,BRS02,BD-PIHPS
2026-01-30,1771,harga_pihps,15350.0,Rp,BRS03,BD-PIHPS
2026-01-30,1771,harga_pihps,15700.0,Rp,BRS04,BD-PIHPS
2026-01-30,1771,harga_pihps,15950.0,Rp,BRS05,BD-PIHPS
2026-01-30,1771,harga_pihps,16050.0,Rp,BRS06,BD-PIHPS
2026-01-30,1771,harga_pihps,41150.0,Rp,BWM01,BD-PIHPS
2026-01-30,1771,harga_pihps,39250.0,Rp,BWP01,BD-PIHPS
2026-01-30,1771,harga_pihps,32000.0,Rp,CMR01,BD-PIHPS
2026-01-30,1771,harga_pihps,35750.0,Rp,CMR02,BD-PIHPS
2026-01-30,1771,harga_pihps,50650.0,Rp,CRW01,BD-PIHPS
2026-01-30,1771,harga_pihps,38350.0,Rp,CRW02,BD-PIHPS
2026-01-30,1771,harga_pihps,38650.0,Rp,DAY01,BD-PIHPS
2026-01-30,1771,harga_pihps,136250.0,Rp,DSP01,BD-PIHPS
2026-01-30,1771,harga_pihps,135000.0,Rp,DSP02,BD-PIHPS
2026-01-30,1771,harga_pihps,17700.0,Rp,GLP01,BD-PIHPS
2026-01-30,1771,harga_pihps,18900.0,Rp,GLP02,BD-PIHPS
2026-01-30,1771,harga_pihps,18150.0,Rp,MGR01,BD-PIHPS
2026-01-30,1771,harga_pihps,21450.0,Rp,MGR02,BD-PIHPS
2026-01-30,1771,harga_pihps,20400.0,Rp,MGR03,BD-PIHPS
2026-01-30,1771,harga_pihps,29800.0,Rp,TLR01,BD-PIHPS
2026-01-30,1771,harga_pihps_grosir,13650.0,Rp,BRS01,BD-PIHPS
2026-01-30,1771,harga_pihps_grosir,15000.0,Rp,BRS02,BD-PIHPS
2026-01-30,1771,harga_pihps_grosir,14900.0,Rp,BRS03,BD-PIHPS
2026-01-30,1771,harga_pihps_grosir,15300.0,Rp,BRS04,BD-PIHPS
2026-01-30,1771,harga_pihps_grosir,15100.0,Rp,BRS05,BD-PIHPS
2026-01-30,1771,harga_pihps_grosir,15600.0,Rp,BRS06,BD-PIHPS
2026-01-30,1771,harga_pihps_grosir,37500.0,Rp,BWM01,BD-PIHPS
2026-01-30,1771,harga_pihps_grosir,35000.0,Rp,BWP01,BD-PIHPS
2026-01-30,1771,harga_pihps_grosir,29500.0,Rp,CMR01,BD-PIHPS
2026-01-30,1771,harga_pihps_grosir,34000.0,Rp,CMR02,BD-PIHPS
2026-01-30,1771,harga_pihps_grosir,59000.0,Rp,CRW01,BD-PIHPS
2026-01-30,1771,harga_pihps_grosir,43800.0,Rp,CRW02,BD-PIHPS
2026-01-30,1771,harga_pihps_grosir,39250.0,Rp,DAY01,BD-PIHPS
2026-01-30,1771,harga_pihps_grosir,127500.0,Rp,DSP01,BD-PIHPS
2026-01-30,1771,harga_pihps_grosir,127500.0,Rp,DSP02,BD-PIHPS
2026-01-30,1771,harga_pihps_grosir,17500.0,Rp,GLP01,BD-PIHPS
2026-01-30,1771,harga_pihps_grosir,17500.0,Rp,MGR01,BD-PIHPS
2026-01-30,1771,harga_pihps_grosir,20000.0,Rp,MGR02,BD-PIHPS
2026-01-30,1771,harga_pihps_grosir,20000.0,Rp,MGR03,BD-PIHPS
2026-01-30,1771,harga_pihps_grosir,30000.0,Rp,TLR01,BD-PIHPS
2026-01-30,1771,harga_pihps_modern,15450.0,Rp,BRS01,BD-PIHPS
2026-01-30,1771,harga_pihps_modern,15100.0,Rp,BRS02,BD-PIHPS
2026-01-30,1771,harga_pihps_modern,16250.0,Rp,BRS03,BD-PIHPS
2026-01-30,1771,harga_pihps_modern,15900.0,Rp,BRS04,BD-PIHPS
2026-01-30,1771,harga_pihps_modern,15050.0,Rp,BRS05,BD-PIHPS
2026-01-30,1771,harga_pihps_modern,17350.0,Rp,BRS06,BD-PIHPS
2026-01-30,1771,harga_pihps_modern,60950.0,Rp,BWM01,BD-PIHPS
2026-01-30,1771,harga_pihps_modern,56450.0,Rp,BWP01,BD-PIHPS
2026-01-30,1771,harga_pihps_modern,87950.0,Rp,CMR01,BD-PIHPS
2026-01-30,1771,harga_pihps_modern,70450.0,Rp,CMR02,BD-PIHPS
2026-01-30,1771,harga_pihps_modern,77950.0,Rp,CRW01,BD-PIHPS
2026-01-30,1771,harga_pihps_modern,79950.0,Rp,CRW02,BD-PIHPS
2026-01-30,1771,harga_pihps_modern,47450.0,Rp,DAY01,BD-PIHPS
2026-01-30,1771,harga_pihps_modern,161300.0,Rp,DSP01,BD-PIHPS
2026-01-30,1771,harga_pihps_modern,167450.0,Rp,DSP02,BD-PIHPS
2026-01-30,1771,harga_pihps_modern,17050.0,Rp,GLP01,BD-PIHPS
2026-01-30,1771,harga_pihps_modern,17000.0,Rp,GLP02,BD-PIHPS
2026-01-30,1771,harga_pihps_modern,22750.0,Rp,MGR02,BD-PIHPS
2026-01-30,1771,harga_pihps_modern,25300.0,Rp,MGR03,BD-PIHPS
2026-01-30,1771,harga_pihps_modern,28550.0,Rp,TLR01,BD-PIHPS
2026-01-30,1771,harga_pihps_produsen,14000.0,Rp,BRS01,BD-PIHPS
2026-01-30,1771,harga_pihps_produsen,12450.0,Rp,BRS03,BD-PIHPS
2026-01-30,1771,harga_pihps_produsen,12550.0,Rp,BRS04,BD-PIHPS
2026-01-30,1771,harga_pihps_produsen,16000.0,Rp,BRS05,BD-PIHPS
2026-01-30,1771,harga_pihps_produsen,12600.0,Rp,BRS06,BD-PIHPS
2026-01-30,1771,harga_pihps_produsen,40000.0,Rp,CMR01,BD-PIHPS
2026-01-30,1771,harga_pihps_produsen,32000.0,Rp,CMR02,BD-PIHPS
2026-01-30,1771,harga_pihps_produsen,50000.0,Rp,CRW01,BD-PIHPS
2026-01-30,1771,harga_pihps_produsen,41400.0,Rp,CRW02,BD-PIHPS
2026-01-30,1771,harga_pihps_produsen,23850.0,Rp,DAY01,BD-PIHPS
2026-01-30,1771,harga_pihps_produsen,130000.0,Rp,DSP01,BD-PIHPS
2026-01-30,1771,harga_pihps_produsen,130000.0,Rp,DSP02,BD-PIHPS
2026-01-30,1771,harga_pihps_produsen,27700.0,Rp,TLR01,BD-PIHPS
2026-02-02,1771,harga_pihps,14300.0,Rp,BRS01,BD-PIHPS
2026-02-02,1771,harga_pihps,15600.0,Rp,BRS02,BD-PIHPS
2026-02-02,1771,harga_pihps,15350.0,Rp,BRS03,BD-PIHPS
2026-02-02,1771,harga_pihps,15700.0,Rp,BRS04,BD-PIHPS
2026-02-02,1771,harga_pihps,15950.0,Rp,BRS05,BD-PIHPS
2026-02-02,1771,harga_pihps,16050.0,Rp,BRS06,BD-PIHPS
2026-02-02,1771,harga_pihps,40900.0,Rp,BWM01,BD-PIHPS
2026-02-02,1771,harga_pihps,39500.0,Rp,BWP01,BD-PIHPS
2026-02-02,1771,harga_pihps,35500.0,Rp,CMR01,BD-PIHPS
2026-02-02,1771,harga_pihps,40000.0,Rp,CMR02,BD-PIHPS
2026-02-02,1771,harga_pihps,57500.0,Rp,CRW01,BD-PIHPS
2026-02-02,1771,harga_pihps,42950.0,Rp,CRW02,BD-PIHPS
2026-02-02,1771,harga_pihps,37000.0,Rp,DAY01,BD-PIHPS
2026-02-02,1771,harga_pihps,136250.0,Rp,DSP01,BD-PIHPS
2026-02-02,1771,harga_pihps,135000.0,Rp,DSP02,BD-PIHPS
2026-02-02,1771,harga_pihps,17700.0,Rp,GLP01,BD-PIHPS
2026-02-02,1771,harga_pihps,18900.0,Rp,GLP02,BD-PIHPS
2026-02-02,1771,harga_pihps,18150.0,Rp,MGR01,BD-PIHPS
2026-02-02,1771,harga_pihps,21450.0,Rp,MGR02,BD-PIHPS
2026-02-02,1771,harga_pihps,20500.0,Rp,MGR03,BD-PIHPS
2026-02-02,1771,harga_pihps,29800.0,Rp,TLR01,BD-PIHPS
2026-02-02,1771,harga_pihps_grosir,13650.0,Rp,BRS01,BD-PIHPS
2026-02-02,1771,harga_pihps_grosir,15000.0,Rp,BRS02,BD-PIHPS
2026-02-02,1771,harga_pihps_grosir,14900.0,Rp,BRS03,BD-PIHPS
2026-02-02,1771,harga_pihps_grosir,15300.0,Rp,BRS04,BD-PIHPS
2026-02-02,1771,harga_pihps_grosir,15100.0,Rp,BRS05,BD-PIHPS
2026-02-02,1771,harga_pihps_grosir,15600.0,Rp,BRS06,BD-PIHPS
2026-02-02,1771,harga_pihps_grosir,37500.0,Rp,BWM01,BD-PIHPS
2026-02-02,1771,harga_pihps_grosir,35000.0,Rp,BWP01,BD-PIHPS
2026-02-02,1771,harga_pihps_grosir,29500.0,Rp,CMR01,BD-PIHPS
2026-02-02,1771,harga_pihps_grosir,34000.0,Rp,CMR02,BD-PIHPS
2026-02-02,1771,harga_pihps_grosir,59000.0,Rp,CRW01,BD-PIHPS
2026-02-02,1771,harga_pihps_grosir,43800.0,Rp,CRW02,BD-PIHPS
2026-02-02,1771,harga_pihps_grosir,39250.0,Rp,DAY01,BD-PIHPS
2026-02-02,1771,harga_pihps_grosir,127500.0,Rp,DSP01,BD-PIHPS
2026-02-02,1771,harga_pihps_grosir,127500.0,Rp,DSP02,BD-PIHPS
2026-02-02,1771,harga_pihps_grosir,17500.0,Rp,GLP01,BD-PIHPS
2026-02-02,1771,harga_pihps_grosir,17500.0,Rp,MGR01,BD-PIHPS
2026-02-02,1771,harga_pihps_grosir,20000.0,Rp,MGR02,BD-PIHPS
2026-02-02,1771,harga_pihps_grosir,20000.0,Rp,MGR03,BD-PIHPS
2026-02-02,1771,harga_pihps_grosir,30000.0,Rp,TLR01,BD-PIHPS
2026-02-02,1771,harga_pihps_modern,15450.0,Rp,BRS01,BD-PIHPS
2026-02-02,1771,harga_pihps_modern,15100.0,Rp,BRS02,BD-PIHPS
2026-02-02,1771,harga_pihps_modern,16250.0,Rp,BRS03,BD-PIHPS
2026-02-02,1771,harga_pihps_modern,15900.0,Rp,BRS04,BD-PIHPS
2026-02-02,1771,harga_pihps_modern,15050.0,Rp,BRS05,BD-PIHPS
2026-02-02,1771,harga_pihps_modern,17350.0,Rp,BRS06,BD-PIHPS
2026-02-02,1771,harga_pihps_modern,60950.0,Rp,BWM01,BD-PIHPS
2026-02-02,1771,harga_pihps_modern,56450.0,Rp,BWP01,BD-PIHPS
2026-02-02,1771,harga_pihps_modern,87950.0,Rp,CMR01,BD-PIHPS
2026-02-02,1771,harga_pihps_modern,70450.0,Rp,CMR02,BD-PIHPS
2026-02-02,1771,harga_pihps_modern,77950.0,Rp,CRW01,BD-PIHPS
2026-02-02,1771,harga_pihps_modern,79950.0,Rp,CRW02,BD-PIHPS
2026-02-02,1771,harga_pihps_modern,47450.0,Rp,DAY01,BD-PIHPS
2026-02-02,1771,harga_pihps_modern,161300.0,Rp,DSP01,BD-PIHPS
2026-02-02,1771,harga_pihps_modern,167450.0,Rp,DSP02,BD-PIHPS
2026-02-02,1771,harga_pihps_modern,17050.0,Rp,GLP01,BD-PIHPS
2026-02-02,1771,harga_pihps_modern,17000.0,Rp,GLP02,BD-PIHPS
2026-02-02,1771,harga_pihps_modern,22750.0,Rp,MGR02,BD-PIHPS
2026-02-02,1771,harga_pihps_modern,25300.0,Rp,MGR03,BD-PIHPS
2026-02-02,1771,harga_pihps_modern,28550.0,Rp,TLR01,BD-PIHPS
2026-02-02,1771,harga_pihps_produsen,14000.0,Rp,BRS01,BD-PIHPS
2026-02-02,1771,harga_pihps_produsen,12450.0,Rp,BRS03,BD-PIHPS
2026-02-02,1771,harga_pihps_produsen,12550.0,Rp,BRS04,BD-PIHPS
2026-02-02,1771,harga_pihps_produsen,16000.0,Rp,BRS05,BD-PIHPS
2026-02-02,1771,harga_pihps_produsen,12600.0,Rp,BRS06,BD-PIHPS
2026-02-02,1771,harga_pihps_produsen,40000.0,Rp,CMR01,BD-PIHPS
2026-02-02,1771,harga_pihps_produsen,32000.0,Rp,CMR02,BD-PIHPS
2026-02-02,1771,harga_pihps_produsen,50000.0,Rp,CRW01,BD-PIHPS
2026-02-02,1771,harga_pihps_produsen,41400.0,Rp,CRW02,BD-PIHPS
2026-02-02,1771,harga_pihps_produsen,23850.0,Rp,DAY01,BD-PIHPS
2026-02-02,1771,harga_pihps_produsen,130000.0,Rp,DSP01,BD-PIHPS
2026-02-02,1771,harga_pihps_produsen,130000.0,Rp,DSP02,BD-PIHPS
2026-02-02,1771,harga_pihps_produsen,27700.0,Rp,TLR01,BD-PIHPS
2026-02-03,1771,harga_pihps,14250.0,Rp,BRS01,BD-PIHPS
2026-02-03,1771,harga_pihps,15600.0,Rp,BRS02,BD-PIHPS
2026-02-03,1771,harga_pihps,15350.0,Rp,BRS03,BD-PIHPS
2026-02-03,1771,harga_pihps,15650.0,Rp,BRS04,BD-PIHPS
2026-02-03,1771,harga_pihps,15850.0,Rp,BRS05,BD-PIHPS
2026-02-03,1771,harga_pihps,16000.0,Rp,BRS06,BD-PIHPS
2026-02-03,1771,harga_pihps,40900.0,Rp,BWM01,BD-PIHPS
2026-02-03,1771,harga_pihps,39250.0,Rp,BWP01,BD-PIHPS
2026-02-03,1771,harga_pihps,37500.0,Rp,CMR01,BD-PIHPS
2026-02-03,1771,harga_pihps,41650.0,Rp,CMR02,BD-PIHPS
2026-02-03,1771,harga_pihps,61000.0,Rp,CRW01,BD-PIHPS
2026-02-03,1771,harga_pihps,45050.0,Rp,CRW02,BD-PIHPS
2026-02-03,1771,harga_pihps,37750.0,Rp,DAY01,BD-PIHPS
2026-02-03,1771,harga_pihps,136250.0,Rp,DSP01,BD-PIHPS
2026-02-03,1771,harga_pihps,135000.0,Rp,DSP02,BD-PIHPS
2026-02-03,1771,harga_pihps,17750.0,Rp,GLP01,BD-PIHPS
2026-02-03,1771,harga_pihps,18900.0,Rp,GLP02,BD-PIHPS
2026-02-03,1771,harga_pihps,18150.0,Rp,MGR01,BD-PIHPS
2026-02-03,1771,harga_pihps,21450.0,Rp,MGR02,BD-PIHPS
2026-02-03,1771,harga_pihps,20650.0,Rp,MGR03,BD-PIHPS
2026-02-03,1771,harga_pihps,29800.0,Rp,TLR01,BD-PIHPS
2026-02-03,1771,harga_pihps_grosir,13650.0,Rp,BRS01,BD-PIHPS
2026-02-03,1771,harga_pihps_grosir,15000.0,Rp,BRS02,BD-PIHPS
2026-02-03,1771,harga_pihps_grosir,14900.0,Rp,BRS03,BD-PIHPS
2026-02-03,1771,harga_pihps_grosir,15300.0,Rp,BRS04,BD-PIHPS
2026-02-03,1771,harga_pihps_grosir,15100.0,Rp,BRS05,BD-PIHPS
2026-02-03,1771,harga_pihps_grosir,15600.0,Rp,BRS06,BD-PIHPS
2026-02-03,1771,harga_pihps_grosir,37500.0,Rp,BWM01,BD-PIHPS
2026-02-03,1771,harga_pihps_grosir,35000.0,Rp,BWP01,BD-PIHPS
2026-02-03,1771,harga_pihps_grosir,29500.0,Rp,CMR01,BD-PIHPS
2026-02-03,1771,harga_pihps_grosir,34000.0,Rp,CMR02,BD-PIHPS
2026-02-03,1771,harga_pihps_grosir,59000.0,Rp,CRW01,BD-PIHPS
2026-02-03,1771,harga_pihps_grosir,43800.0,Rp,CRW02,BD-PIHPS
2026-02-03,1771,harga_pihps_grosir,39250.0,Rp,DAY01,BD-PIHPS
2026-02-03,1771,harga_pihps_grosir,127500.0,Rp,DSP01,BD-PIHPS
2026-02-03,1771,harga_pihps_grosir,127500.0,Rp,DSP02,BD-PIHPS
2026-02-03,1771,harga_pihps_grosir,17500.0,Rp,GLP01,BD-PIHPS
2026-02-03,1771,harga_pihps_grosir,17500.0,Rp,MGR01,BD-PIHPS
2026-02-03,1771,harga_pihps_grosir,20000.0,Rp,MGR02,BD-PIHPS
2026-02-03,1771,harga_pihps_grosir,20000.0,Rp,MGR03,BD-PIHPS
2026-02-03,1771,harga_pihps_grosir,30000.0,Rp,TLR01,BD-PIHPS
2026-02-03,1771,harga_pihps_modern,15450.0,Rp,BRS01,BD-PIHPS
2026-02-03,1771,harga_pihps_modern,15100.0,Rp,BRS02,BD-PIHPS
2026-02-03,1771,harga_pihps_modern,16250.0,Rp,BRS03,BD-PIHPS
2026-02-03,1771,harga_pihps_modern,15900.0,Rp,BRS04,BD-PIHPS
2026-02-03,1771,harga_pihps_modern,15050.0,Rp,BRS05,BD-PIHPS
2026-02-03,1771,harga_pihps_modern,17350.0,Rp,BRS06,BD-PIHPS
2026-02-03,1771,harga_pihps_modern,60950.0,Rp,BWM01,BD-PIHPS
2026-02-03,1771,harga_pihps_modern,56450.0,Rp,BWP01,BD-PIHPS
2026-02-03,1771,harga_pihps_modern,87950.0,Rp,CMR01,BD-PIHPS
2026-02-03,1771,harga_pihps_modern,54950.0,Rp,CMR02,BD-PIHPS
2026-02-03,1771,harga_pihps_modern,77950.0,Rp,CRW01,BD-PIHPS
2026-02-03,1771,harga_pihps_modern,77450.0,Rp,CRW02,BD-PIHPS
2026-02-03,1771,harga_pihps_modern,48050.0,Rp,DAY01,BD-PIHPS
2026-02-03,1771,harga_pihps_modern,161300.0,Rp,DSP01,BD-PIHPS
2026-02-03,1771,harga_pihps_modern,167450.0,Rp,DSP02,BD-PIHPS
2026-02-03,1771,harga_pihps_modern,17000.0,Rp,GLP01,BD-PIHPS
2026-02-03,1771,harga_pihps_modern,17000.0,Rp,GLP02,BD-PIHPS
2026-02-03,1771,harga_pihps_modern,22750.0,Rp,MGR02,BD-PIHPS
2026-02-03,1771,harga_pihps_modern,24800.0,Rp,MGR03,BD-PIHPS
2026-02-03,1771,harga_pihps_modern,28550.0,Rp,TLR01,BD-PIHPS
2026-02-03,1771,harga_pihps_produsen,14000.0,Rp,BRS01,BD-PIHPS
2026-02-03,1771,harga_pihps_produsen,12450.0,Rp,BRS03,BD-PIHPS
2026-02-03,1771,harga_pihps_produsen,12550.0,Rp,BRS04,BD-PIHPS
2026-02-03,1771,harga_pihps_produsen,16000.0,Rp,BRS05,BD-PIHPS
2026-02-03,1771,harga_pihps_produsen,12600.0,Rp,BRS06,BD-PIHPS
2026-02-03,1771,harga_pihps_produsen,40000.0,Rp,CMR01,BD-PIHPS
2026-02-03,1771,harga_pihps_produsen,32000.0,Rp,CMR02,BD-PIHPS
2026-02-03,1771,harga_pihps_produsen,50000.0,Rp,CRW01,BD-PIHPS
2026-02-03,1771,harga_pihps_produsen,41400.0,Rp,CRW02,BD-PIHPS
2026-02-03,1771,harga_pihps_produsen,23850.0,Rp,DAY01,BD-PIHPS
2026-02-03,1771,harga_pihps_produsen,130000.0,Rp,DSP01,BD-PIHPS
2026-02-03,1771,harga_pihps_produsen,130000.0,Rp,DSP02,BD-PIHPS
2026-02-03,1771,harga_pihps_produsen,27700.0,Rp,TLR01,BD-PIHPS
2026-02-04,1771,harga_pihps,14250.0,Rp,BRS01,BD-PIHPS
2026-02-04,1771,harga_pihps,15600.0,Rp,BRS02,BD-PIHPS
2026-02-04,1771,harga_pihps,15350.0,Rp,BRS03,BD-PIHPS
2026-02-04,1771,harga_pihps,15650.0,Rp,BRS04,BD-PIHPS
2026-02-04,1771,harga_pihps,15850.0,Rp,BRS05,BD-PIHPS
2026-02-04,1771,harga_pihps,16000.0,Rp,BRS06,BD-PIHPS
2026-02-04,1771,harga_pihps,40650.0,Rp,BWM01,BD-PIHPS
2026-02-04,1771,harga_pihps,39500.0,Rp,BWP01,BD-PIHPS
2026-02-04,1771,harga_pihps,39750.0,Rp,CMR01,BD-PIHPS
2026-02-04,1771,harga_pihps,44250.0,Rp,CMR02,BD-PIHPS
2026-02-04,1771,harga_pihps,60400.0,Rp,CRW01,BD-PIHPS
2026-02-04,1771,harga_pihps,46800.0,Rp,CRW02,BD-PIHPS
2026-02-04,1771,harga_pihps,38750.0,Rp,DAY01,BD-PIHPS
2026-02-04,1771,harga_pihps,137500.0,Rp,DSP01,BD-PIHPS
2026-02-04,1771,harga_pihps,136250.0,Rp,DSP02,BD-PIHPS
2026-02-04,1771,harga_pihps,17750.0,Rp,GLP01,BD-PIHPS
2026-02-04,1771,harga_pihps,18900.0,Rp,GLP02,BD-PIHPS
2026-02-04,1771,harga_pihps,18150.0,Rp,MGR01,BD-PIHPS
2026-02-04,1771,harga_pihps,21450.0,Rp,MGR02,BD-PIHPS
2026-02-04,1771,harga_pihps,20750.0,Rp,MGR03,BD-PIHPS
2026-02-04,1771,harga_pihps,29800.0,Rp,TLR01,BD-PIHPS
2026-02-04,1771,harga_pihps_grosir,13650.0,Rp,BRS01,BD-PIHPS
2026-02-04,1771,harga_pihps_grosir,15000.0,Rp,BRS02,BD-PIHPS
2026-02-04,1771,harga_pihps_grosir,14900.0,Rp,BRS03,BD-PIHPS
2026-02-04,1771,harga_pihps_grosir,15300.0,Rp,BRS04,BD-PIHPS
2026-02-04,1771,harga_pihps_grosir,15100.0,Rp,BRS05,BD-PIHPS
2026-02-04,1771,harga_pihps_grosir,15600.0,Rp,BRS06,BD-PIHPS
2026-02-04,1771,harga_pihps_grosir,37500.0,Rp,BWM01,BD-PIHPS
2026-02-04,1771,harga_pihps_grosir,35000.0,Rp,BWP01,BD-PIHPS
2026-02-04,1771,harga_pihps_grosir,29500.0,Rp,CMR01,BD-PIHPS
2026-02-04,1771,harga_pihps_grosir,34000.0,Rp,CMR02,BD-PIHPS
2026-02-04,1771,harga_pihps_grosir,59000.0,Rp,CRW01,BD-PIHPS
2026-02-04,1771,harga_pihps_grosir,43800.0,Rp,CRW02,BD-PIHPS
2026-02-04,1771,harga_pihps_grosir,39250.0,Rp,DAY01,BD-PIHPS
2026-02-04,1771,harga_pihps_grosir,127500.0,Rp,DSP01,BD-PIHPS
2026-02-04,1771,harga_pihps_grosir,127500.0,Rp,DSP02,BD-PIHPS
2026-02-04,1771,harga_pihps_grosir,17500.0,Rp,GLP01,BD-PIHPS
2026-02-04,1771,harga_pihps_grosir,17500.0,Rp,MGR01,BD-PIHPS
2026-02-04,1771,harga_pihps_grosir,20000.0,Rp,MGR02,BD-PIHPS
2026-02-04,1771,harga_pihps_grosir,20000.0,Rp,MGR03,BD-PIHPS
2026-02-04,1771,harga_pihps_grosir,30000.0,Rp,TLR01,BD-PIHPS
2026-02-04,1771,harga_pihps_modern,15450.0,Rp,BRS01,BD-PIHPS
2026-02-04,1771,harga_pihps_modern,15100.0,Rp,BRS02,BD-PIHPS
2026-02-04,1771,harga_pihps_modern,16250.0,Rp,BRS03,BD-PIHPS
2026-02-04,1771,harga_pihps_modern,15900.0,Rp,BRS04,BD-PIHPS
2026-02-04,1771,harga_pihps_modern,15050.0,Rp,BRS05,BD-PIHPS
2026-02-04,1771,harga_pihps_modern,17350.0,Rp,BRS06,BD-PIHPS
2026-02-04,1771,harga_pihps_modern,60950.0,Rp,BWM01,BD-PIHPS
2026-02-04,1771,harga_pihps_modern,56450.0,Rp,BWP01,BD-PIHPS
2026-02-04,1771,harga_pihps_modern,87950.0,Rp,CMR01,BD-PIHPS
2026-02-04,1771,harga_pihps_modern,54950.0,Rp,CMR02,BD-PIHPS
2026-02-04,1771,harga_pihps_modern,77950.0,Rp,CRW01,BD-PIHPS
2026-02-04,1771,harga_pihps_modern,77450.0,Rp,CRW02,BD-PIHPS
2026-02-04,1771,harga_pihps_modern,48050.0,Rp,DAY01,BD-PIHPS
2026-02-04,1771,harga_pihps_modern,161300.0,Rp,DSP01,BD-PIHPS
2026-02-04,1771,harga_pihps_modern,167450.0,Rp,DSP02,BD-PIHPS
2026-02-04,1771,harga_pihps_modern,17000.0,Rp,GLP01,BD-PIHPS
2026-02-04,1771,harga_pihps_modern,17000.0,Rp,GLP02,BD-PIHPS
2026-02-04,1771,harga_pihps_modern,22750.0,Rp,MGR02,BD-PIHPS
2026-02-04,1771,harga_pihps_modern,24800.0,Rp,MGR03,BD-PIHPS
2026-02-04,1771,harga_pihps_modern,28550.0,Rp,TLR01,BD-PIHPS
2026-02-04,1771,harga_pihps_produsen,14000.0,Rp,BRS01,BD-PIHPS
2026-02-04,1771,harga_pihps_produsen,12450.0,Rp,BRS03,BD-PIHPS
2026-02-04,1771,harga_pihps_produsen,12550.0,Rp,BRS04,BD-PIHPS
2026-02-04,1771,harga_pihps_produsen,16000.0,Rp,BRS05,BD-PIHPS
2026-02-04,1771,harga_pihps_produsen,12600.0,Rp,BRS06,BD-PIHPS
2026-02-04,1771,harga_pihps_produsen,40000.0,Rp,CMR01,BD-PIHPS
2026-02-04,1771,harga_pihps_produsen,32000.0,Rp,CMR02,BD-PIHPS
2026-02-04,1771,harga_pihps_produsen,50000.0,Rp,CRW01,BD-PIHPS
2026-02-04,1771,harga_pihps_produsen,41400.0,Rp,CRW02,BD-PIHPS
2026-02-04,1771,harga_pihps_produsen,23850.0,Rp,DAY01,BD-PIHPS
2026-02-04,1771,harga_pihps_produsen,130000.0,Rp,DSP01,BD-PIHPS
2026-02-04,1771,harga_pihps_produsen,130000.0,Rp,DSP02,BD-PIHPS
2026-02-04,1771,harga_pihps_produsen,27700.0,Rp,TLR01,BD-PIHPS
2026-02-05,1771,harga_pihps,14250.0,Rp,BRS01,BD-PIHPS
2026-02-05,1771,harga_pihps,15600.0,Rp,BRS02,BD-PIHPS
2026-02-05,1771,harga_pihps,15350.0,Rp,BRS03,BD-PIHPS
2026-02-05,1771,harga_pihps,15650.0,Rp,BRS04,BD-PIHPS
2026-02-05,1771,harga_pihps,15850.0,Rp,BRS05,BD-PIHPS
2026-02-05,1771,harga_pihps,15850.0,Rp,BRS06,BD-PIHPS
2026-02-05,1771,harga_pihps,40400.0,Rp,BWM01,BD-PIHPS
2026-02-05,1771,harga_pihps,39500.0,Rp,BWP01,BD-PIHPS
2026-02-05,1771,harga_pihps,44150.0,Rp,CMR01,BD-PIHPS
2026-02-05,1771,harga_pihps,49000.0,Rp,CMR02,BD-PIHPS
2026-02-05,1771,harga_pihps,60500.0,Rp,CRW01,BD-PIHPS
2026-02-05,1771,harga_pihps,48750.0,Rp,CRW02,BD-PIHPS
2026-02-05,1771,harga_pihps,38750.0,Rp,DAY01,BD-PIHPS
2026-02-05,1771,harga_pihps,137500.0,Rp,DSP01,BD-PIHPS
2026-02-05,1771,harga_pihps,136250.0,Rp,DSP02,BD-PIHPS
2026-02-05,1771,harga_pihps,17750.0,Rp,GLP01,BD-PIHPS
2026-02-05,1771,harga_pihps,18900.0,Rp,GLP02,BD-PIHPS
2026-02-05,1771,harga_pihps,18150.0,Rp,MGR01,BD-PIHPS
2026-02-05,1771,harga_pihps,21450.0,Rp,MGR02,BD-PIHPS
2026-02-05,1771,harga_pihps,20750.0,Rp,MGR03,BD-PIHPS
2026-02-05,1771,harga_pihps,29800.0,Rp,TLR01,BD-PIHPS
2026-02-05,1771,harga_pihps_grosir,13650.0,Rp,BRS01,BD-PIHPS
2026-02-05,1771,harga_pihps_grosir,15000.0,Rp,BRS02,BD-PIHPS
2026-02-05,1771,harga_pihps_grosir,14900.0,Rp,BRS03,BD-PIHPS
2026-02-05,1771,harga_pihps_grosir,15300.0,Rp,BRS04,BD-PIHPS
2026-02-05,1771,harga_pihps_grosir,15100.0,Rp,BRS05,BD-PIHPS
2026-02-05,1771,harga_pihps_grosir,15600.0,Rp,BRS06,BD-PIHPS
2026-02-05,1771,harga_pihps_grosir,37000.0,Rp,BWM01,BD-PIHPS
2026-02-05,1771,harga_pihps_grosir,35000.0,Rp,BWP01,BD-PIHPS
2026-02-05,1771,harga_pihps_grosir,33500.0,Rp,CMR01,BD-PIHPS
2026-02-05,1771,harga_pihps_grosir,37500.0,Rp,CMR02,BD-PIHPS
2026-02-05,1771,harga_pihps_grosir,55000.0,Rp,CRW01,BD-PIHPS
2026-02-05,1771,harga_pihps_grosir,45400.0,Rp,CRW02,BD-PIHPS
2026-02-05,1771,harga_pihps_grosir,36500.0,Rp,DAY01,BD-PIHPS
2026-02-05,1771,harga_pihps_grosir,127500.0,Rp,DSP01,BD-PIHPS
2026-02-05,1771,harga_pihps_grosir,127500.0,Rp,DSP02,BD-PIHPS
2026-02-05,1771,harga_pihps_grosir,17500.0,Rp,GLP01,BD-PIHPS
2026-02-05,1771,harga_pihps_grosir,17500.0,Rp,MGR01,BD-PIHPS
2026-02-05,1771,harga_pihps_grosir,20000.0,Rp,MGR02,BD-PIHPS
2026-02-05,1771,harga_pihps_grosir,20000.0,Rp,MGR03,BD-PIHPS
2026-02-05,1771,harga_pihps_grosir,30000.0,Rp,TLR01,BD-PIHPS
2026-02-05,1771,harga_pihps_modern,15450.0,Rp,BRS01,BD-PIHPS
2026-02-05,1771,harga_pihps_modern,15100.0,Rp,BRS02,BD-PIHPS
2026-02-05,1771,harga_pihps_modern,16250.0,Rp,BRS03,BD-PIHPS
2026-02-05,1771,harga_pihps_modern,15900.0,Rp,BRS04,BD-PIHPS
2026-02-05,1771,harga_pihps_modern,15050.0,Rp,BRS05,BD-PIHPS
2026-02-05,1771,harga_pihps_modern,17350.0,Rp,BRS06,BD-PIHPS
2026-02-05,1771,harga_pihps_modern,60950.0,Rp,BWM01,BD-PIHPS
2026-02-05,1771,harga_pihps_modern,56450.0,Rp,BWP01,BD-PIHPS
2026-02-05,1771,harga_pihps_modern,87950.0,Rp,CMR01,BD-PIHPS
2026-02-05,1771,harga_pihps_modern,54950.0,Rp,CMR02,BD-PIHPS
2026-02-05,1771,harga_pihps_modern,77950.0,Rp,CRW01,BD-PIHPS
2026-02-05,1771,harga_pihps_modern,77450.0,Rp,CRW02,BD-PIHPS
2026-02-05,1771,harga_pihps_modern,48050.0,Rp,DAY01,BD-PIHPS
2026-02-05,1771,harga_pihps_modern,161300.0,Rp,DSP01,BD-PIHPS
2026-02-05,1771,harga_pihps_modern,167450.0,Rp,DSP02,BD-PIHPS
2026-02-05,1771,harga_pihps_modern,17000.0,Rp,GLP01,BD-PIHPS
2026-02-05,1771,harga_pihps_modern,17000.0,Rp,GLP02,BD-PIHPS
2026-02-05,1771,harga_pihps_modern,22750.0,Rp,MGR02,BD-PIHPS
2026-02-05,1771,harga_pihps_modern,24800.0,Rp,MGR03,BD-PIHPS
2026-02-05,1771,harga_pihps_modern,28550.0,Rp,TLR01,BD-PIHPS
2026-02-05,1771,harga_pihps_produsen,14000.0,Rp,BRS01,BD-PIHPS
2026-02-05,1771,harga_pihps_produsen,12450.0,Rp,BRS03,BD-PIHPS
2026-02-05,1771,harga_pihps_produsen,12550.0,Rp,BRS04,BD-PIHPS
2026-02-05,1771,harga_pihps_produsen,16000.0,Rp,BRS05,BD-PIHPS
2026-02-05,1771,harga_pihps_produsen,12600.0,Rp,BRS06,BD-PIHPS
2026-02-05,1771,harga_pihps_produsen,40000.0,Rp,CMR01,BD-PIHPS
2026-02-05,1771,harga_pihps_produsen,32000.0,Rp,CMR02,BD-PIHPS
2026-02-05,1771,harga_pihps_produsen,50000.0,Rp,CRW01,BD-PIHPS
2026-02-05,1771,harga_pihps_produsen,41400.0,Rp,CRW02,BD-PIHPS
2026-02-05,1771,harga_pihps_produsen,23850.0,Rp,DAY01,BD-PIHPS
2026-02-05,1771,harga_pihps_produsen,130000.0,Rp,DSP01,BD-PIHPS
2026-02-05,1771,harga_pihps_produsen,130000.0,Rp,DSP02,BD-PIHPS
2026-02-05,1771,harga_pihps_produsen,27700.0,Rp,TLR01,BD-PIHPS
2026-02-06,1771,harga_pihps,14250.0,Rp,BRS01,BD-PIHPS
2026-02-06,1771,harga_pihps,15600.0,Rp,BRS02,BD-PIHPS
2026-02-06,1771,harga_pihps,15350.0,Rp,BRS03,BD-PIHPS
2026-02-06,1771,harga_pihps,15650.0,Rp,BRS04,BD-PIHPS
2026-02-06,1771,harga_pihps,15850.0,Rp,BRS05,BD-PIHPS
2026-02-06,1771,harga_pihps,15850.0,Rp,BRS06,BD-PIHPS
2026-02-06,1771,harga_pihps,41150.0,Rp,BWM01,BD-PIHPS
2026-02-06,1771,harga_pihps,40000.0,Rp,BWP01,BD-PIHPS
2026-02-06,1771,harga_pihps,47150.0,Rp,CMR01,BD-PIHPS
2026-02-06,1771,harga_pihps,51900.0,Rp,CMR02,BD-PIHPS
2026-02-06,1771,harga_pihps,62250.0,Rp,CRW01,BD-PIHPS
2026-02-06,1771,harga_pihps,51000.0,Rp,CRW02,BD-PIHPS
2026-02-06,1771,harga_pihps,38750.0,Rp,DAY01,BD-PIHPS
2026-02-06,1771,harga_pihps,137500.0,Rp,DSP01,BD-PIHPS
2026-02-06,1771,harga_pihps,136250.0,Rp,DSP02,BD-PIHPS
2026-02-06,1771,harga_pihps,17750.0,Rp,GLP01,BD-PIHPS
2026-02-06,1771,harga_pihps,18900.0,Rp,GLP02,BD-PIHPS
2026-02-06,1771,harga_pihps,18150.0,Rp,MGR01,BD-PIHPS
2026-02-06,1771,harga_pihps,21450.0,Rp,MGR02,BD-PIHPS
2026-02-06,1771,harga_pihps,20750.0,Rp,MGR03,BD-PIHPS
2026-02-06,1771,harga_pihps,29400.0,Rp,TLR01,BD-PIHPS
2026-02-06,1771,harga_pihps_grosir,13650.0,Rp,BRS01,BD-PIHPS
2026-02-06,1771,harga_pihps_grosir,15000.0,Rp,BRS02,BD-PIHPS
2026-02-06,1771,harga_pihps_grosir,14900.0,Rp,BRS03,BD-PIHPS
2026-02-06,1771,harga_pihps_grosir,15300.0,Rp,BRS04,BD-PIHPS
2026-02-06,1771,harga_pihps_grosir,15100.0,Rp,BRS05,BD-PIHPS
2026-02-06,1771,harga_pihps_grosir,15600.0,Rp,BRS06,BD-PIHPS
2026-02-06,1771,harga_pihps_grosir,37000.0,Rp,BWM01,BD-PIHPS
2026-02-06,1771,harga_pihps_grosir,35000.0,Rp,BWP01,BD-PIHPS
2026-02-06,1771,harga_pihps_grosir,33500.0,Rp,CMR01,BD-PIHPS
2026-02-06,1771,harga_pihps_grosir,37500.0,Rp,CMR02,BD-PIHPS
2026-02-06,1771,harga_pihps_grosir,55000.0,Rp,CRW01,BD-PIHPS
2026-02-06,1771,harga_pihps_grosir,45400.0,Rp,CRW02,BD-PIHPS
2026-02-06,1771,harga_pihps_grosir,36500.0,Rp,DAY01,BD-PIHPS
2026-02-06,1771,harga_pihps_grosir,127500.0,Rp,DSP01,BD-PIHPS
2026-02-06,1771,harga_pihps_grosir,127500.0,Rp,DSP02,BD-PIHPS
2026-02-06,1771,harga_pihps_grosir,17500.0,Rp,GLP01,BD-PIHPS
2026-02-06,1771,harga_pihps_grosir,17500.0,Rp,MGR01,BD-PIHPS
2026-02-06,1771,harga_pihps_grosir,20000.0,Rp,MGR02,BD-PIHPS
2026-02-06,1771,harga_pihps_grosir,20000.0,Rp,MGR03,BD-PIHPS
2026-02-06,1771,harga_pihps_grosir,30000.0,Rp,TLR01,BD-PIHPS
2026-02-06,1771,harga_pihps_modern,15450.0,Rp,BRS01,BD-PIHPS
2026-02-06,1771,harga_pihps_modern,15100.0,Rp,BRS02,BD-PIHPS
2026-02-06,1771,harga_pihps_modern,16250.0,Rp,BRS03,BD-PIHPS
2026-02-06,1771,harga_pihps_modern,15900.0,Rp,BRS04,BD-PIHPS
2026-02-06,1771,harga_pihps_modern,15050.0,Rp,BRS05,BD-PIHPS
2026-02-06,1771,harga_pihps_modern,17350.0,Rp,BRS06,BD-PIHPS
2026-02-06,1771,harga_pihps_modern,60950.0,Rp,BWM01,BD-PIHPS
2026-02-06,1771,harga_pihps_modern,56450.0,Rp,BWP01,BD-PIHPS
2026-02-06,1771,harga_pihps_modern,87950.0,Rp,CMR01,BD-PIHPS
2026-02-06,1771,harga_pihps_modern,54950.0,Rp,CMR02,BD-PIHPS
2026-02-06,1771,harga_pihps_modern,77950.0,Rp,CRW01,BD-PIHPS
2026-02-06,1771,harga_pihps_modern,77450.0,Rp,CRW02,BD-PIHPS
2026-02-06,1771,harga_pihps_modern,48050.0,Rp,DAY01,BD-PIHPS
2026-02-06,1771,harga_pihps_modern,161300.0,Rp,DSP01,BD-PIHPS
2026-02-06,1771,harga_pihps_modern,167450.0,Rp,DSP02,BD-PIHPS
2026-02-06,1771,harga_pihps_modern,17000.0,Rp,GLP01,BD-PIHPS
2026-02-06,1771,harga_pihps_modern,17000.0,Rp,GLP02,BD-PIHPS
2026-02-06,1771,harga_pihps_modern,22750.0,Rp,MGR02,BD-PIHPS
2026-02-06,1771,harga_pihps_modern,24800.0,Rp,MGR03,BD-PIHPS
2026-02-06,1771,harga_pihps_modern,28550.0,Rp,TLR01,BD-PIHPS
2026-02-06,1771,harga_pihps_produsen,14000.0,Rp,BRS01,BD-PIHPS
2026-02-06,1771,harga_pihps_produsen,12450.0,Rp,BRS03,BD-PIHPS
2026-02-06,1771,harga_pihps_produsen,12550.0,Rp,BRS04,BD-PIHPS
2026-02-06,1771,harga_pihps_produsen,16000.0,Rp,BRS05,BD-PIHPS
2026-02-06,1771,harga_pihps_produsen,12600.0,Rp,BRS06,BD-PIHPS
2026-02-06,1771,harga_pihps_produsen,40000.0,Rp,CMR01,BD-PIHPS
2026-02-06,1771,harga_pihps_produsen,32000.0,Rp,CMR02,BD-PIHPS
2026-02-06,1771,harga_pihps_produsen,50000.0,Rp,CRW01,BD-PIHPS
2026-02-06,1771,harga_pihps_produsen,41400.0,Rp,CRW02,BD-PIHPS
2026-02-06,1771,harga_pihps_produsen,23850.0,Rp,DAY01,BD-PIHPS
2026-02-06,1771,harga_pihps_produsen,130000.0,Rp,DSP01,BD-PIHPS
2026-02-06,1771,harga_pihps_produsen,130000.0,Rp,DSP02,BD-PIHPS
2026-02-06,1771,harga_pihps_produsen,27700.0,Rp,TLR01,BD-PIHPS
2026-02-09,1771,harga_pihps,14250.0,Rp,BRS01,BD-PIHPS
2026-02-09,1771,harga_pihps,15600.0,Rp,BRS02,BD-PIHPS
2026-02-09,1771,harga_pihps,15350.0,Rp,BRS03,BD-PIHPS
2026-02-09,1771,harga_pihps,15650.0,Rp,BRS04,BD-PIHPS
2026-02-09,1771,harga_pihps,15850.0,Rp,BRS05,BD-PIHPS
2026-02-09,1771,harga_pihps,15850.0,Rp,BRS06,BD-PIHPS
2026-02-09,1771,harga_pihps,41250.0,Rp,BWM01,BD-PIHPS
2026-02-09,1771,harga_pihps,39150.0,Rp,BWP01,BD-PIHPS
2026-02-09,1771,harga_pihps,44000.0,Rp,CMR01,BD-PIHPS
2026-02-09,1771,harga_pihps,49650.0,Rp,CMR02,BD-PIHPS
2026-02-09,1771,harga_pihps,59150.0,Rp,CRW01,BD-PIHPS
2026-02-09,1771,harga_pihps,54150.0,Rp,CRW02,BD-PIHPS
2026-02-09,1771,harga_pihps,41750.0,Rp,DAY01,BD-PIHPS
2026-02-09,1771,harga_pihps,137500.0,Rp,DSP01,BD-PIHPS
2026-02-09,1771,harga_pihps,136250.0,Rp,DSP02,BD-PIHPS
2026-02-09,1771,harga_pihps,17750.0,Rp,GLP01,BD-PIHPS
2026-02-09,1771,harga_pihps,18900.0,Rp,GLP02,BD-PIHPS
2026-02-09,1771,harga_pihps,18150.0,Rp,MGR01,BD-PIHPS
2026-02-09,1771,harga_pihps,21450.0,Rp,MGR02,BD-PIHPS
2026-02-09,1771,harga_pihps,20750.0,Rp,MGR03,BD-PIHPS
2026-02-09,1771,harga_pihps,29400.0,Rp,TLR01,BD-PIHPS
2026-02-09,1771,harga_pihps_grosir,13650.0,Rp,BRS01,BD-PIHPS
2026-02-09,1771,harga_pihps_grosir,15000.0,Rp,BRS02,BD-PIHPS
2026-02-09,1771,harga_pihps_grosir,14900.0,Rp,BRS03,BD-PIHPS
2026-02-09,1771,harga_pihps_grosir,15300.0,Rp,BRS04,BD-PIHPS
2026-02-09,1771,harga_pihps_grosir,15100.0,Rp,BRS05,BD-PIHPS
2026-02-09,1771,harga_pihps_grosir,15600.0,Rp,BRS06,BD-PIHPS
2026-02-09,1771,harga_pihps_grosir,37000.0,Rp,BWM01,BD-PIHPS
2026-02-09,1771,harga_pihps_grosir,35000.0,Rp,BWP01,BD-PIHPS
2026-02-09,1771,harga_pihps_grosir,33500.0,Rp,CMR01,BD-PIHPS
2026-02-09,1771,harga_pihps_grosir,37500.0,Rp,CMR02,BD-PIHPS
2026-02-09,1771,harga_pihps_grosir,55000.0,Rp,CRW01,BD-PIHPS
2026-02-09,1771,harga_pihps_grosir,45400.0,Rp,CRW02,BD-PIHPS
2026-02-09,1771,harga_pihps_grosir,36500.0,Rp,DAY01,BD-PIHPS
2026-02-09,1771,harga_pihps_grosir,127500.0,Rp,DSP01,BD-PIHPS
2026-02-09,1771,harga_pihps_grosir,127500.0,Rp,DSP02,BD-PIHPS
2026-02-09,1771,harga_pihps_grosir,17500.0,Rp,GLP01,BD-PIHPS
2026-02-09,1771,harga_pihps_grosir,17500.0,Rp,MGR01,BD-PIHPS
2026-02-09,1771,harga_pihps_grosir,20000.0,Rp,MGR02,BD-PIHPS
2026-02-09,1771,harga_pihps_grosir,20000.0,Rp,MGR03,BD-PIHPS
2026-02-09,1771,harga_pihps_grosir,30000.0,Rp,TLR01,BD-PIHPS
2026-02-09,1771,harga_pihps_modern,15450.0,Rp,BRS01,BD-PIHPS
2026-02-09,1771,harga_pihps_modern,15100.0,Rp,BRS02,BD-PIHPS
2026-02-09,1771,harga_pihps_modern,16250.0,Rp,BRS03,BD-PIHPS
2026-02-09,1771,harga_pihps_modern,15900.0,Rp,BRS04,BD-PIHPS
2026-02-09,1771,harga_pihps_modern,15050.0,Rp,BRS05,BD-PIHPS
2026-02-09,1771,harga_pihps_modern,17350.0,Rp,BRS06,BD-PIHPS
2026-02-09,1771,harga_pihps_modern,60950.0,Rp,BWM01,BD-PIHPS
2026-02-09,1771,harga_pihps_modern,56450.0,Rp,BWP01,BD-PIHPS
2026-02-09,1771,harga_pihps_modern,87950.0,Rp,CMR01,BD-PIHPS
2026-02-09,1771,harga_pihps_modern,54950.0,Rp,CMR02,BD-PIHPS
2026-02-09,1771,harga_pihps_modern,77950.0,Rp,CRW01,BD-PIHPS
2026-02-09,1771,harga_pihps_modern,77450.0,Rp,CRW02,BD-PIHPS
2026-02-09,1771,harga_pihps_modern,48050.0,Rp,DAY01,BD-PIHPS
2026-02-09,1771,harga_pihps_modern,161300.0,Rp,DSP01,BD-PIHPS
2026-02-09,1771,harga_pihps_modern,167450.0,Rp,DSP02,BD-PIHPS
2026-02-09,1771,harga_pihps_modern,17000.0,Rp,GLP01,BD-PIHPS
2026-02-09,1771,harga_pihps_modern,17000.0,Rp,GLP02,BD-PIHPS
2026-02-09,1771,harga_pihps_modern,22750.0,Rp,MGR02,BD-PIHPS
2026-02-09,1771,harga_pihps_modern,24800.0,Rp,MGR03,BD-PIHPS
2026-02-09,1771,harga_pihps_modern,28550.0,Rp,TLR01,BD-PIHPS
2026-02-09,1771,harga_pihps_produsen,14000.0,Rp,BRS01,BD-PIHPS
2026-02-09,1771,harga_pihps_produsen,12450.0,Rp,BRS03,BD-PIHPS
2026-02-09,1771,harga_pihps_produsen,12550.0,Rp,BRS04,BD-PIHPS
2026-02-09,1771,harga_pihps_produsen,16000.0,Rp,BRS05,BD-PIHPS
2026-02-09,1771,harga_pihps_produsen,12600.0,Rp,BRS06,BD-PIHPS
2026-02-09,1771,harga_pihps_produsen,40000.0,Rp,CMR01,BD-PIHPS
2026-02-09,1771,harga_pihps_produsen,32000.0,Rp,CMR02,BD-PIHPS
2026-02-09,1771,harga_pihps_produsen,50000.0,Rp,CRW01,BD-PIHPS
2026-02-09,1771,harga_pihps_produsen,41400.0,Rp,CRW02,BD-PIHPS
2026-02-09,1771,harga_pihps_produsen,23850.0,Rp,DAY01,BD-PIHPS
2026-02-09,1771,harga_pihps_produsen,130000.0,Rp,DSP01,BD-PIHPS
2026-02-09,1771,harga_pihps_produsen,130000.0,Rp,DSP02,BD-PIHPS
2026-02-09,1771,harga_pihps_produsen,27700.0,Rp,TLR01,BD-PIHPS
2026-02-10,1771,harga_pihps,14250.0,Rp,BRS01,BD-PIHPS
2026-02-10,1771,harga_pihps,15600.0,Rp,BRS02,BD-PIHPS
2026-02-10,1771,harga_pihps,15350.0,Rp,BRS03,BD-PIHPS
2026-02-10,1771,harga_pihps,15650.0,Rp,BRS04,BD-PIHPS
2026-02-10,1771,harga_pihps,15850.0,Rp,BRS05,BD-PIHPS
2026-02-10,1771,harga_pihps,15850.0,Rp,BRS06,BD-PIHPS
2026-02-10,1771,harga_pihps,40650.0,Rp,BWM01,BD-PIHPS
2026-02-10,1771,harga_pihps,39750.0,Rp,BWP01,BD-PIHPS
2026-02-10,1771,harga_pihps,43150.0,Rp,CMR01,BD-PIHPS
2026-02-10,1771,harga_pihps,48000.0,Rp,CMR02,BD-PIHPS
2026-02-10,1771,harga_pihps,56400.0,Rp,CRW01,BD-PIHPS
2026-02-10,1771,harga_pihps,56600.0,Rp,CRW02,BD-PIHPS
2026-02-10,1771,harga_pihps,41650.0,Rp,DAY01,BD-PIHPS
2026-02-10,1771,harga_pihps,137500.0,Rp,DSP01,BD-PIHPS
2026-02-10,1771,harga_pihps,136250.0,Rp,DSP02,BD-PIHPS
2026-02-10,1771,harga_pihps,17750.0,Rp,GLP01,BD-PIHPS
2026-02-10,1771,harga_pihps,18900.0,Rp,GLP02,BD-PIHPS
2026-02-10,1771,harga_pihps,18150.0,Rp,MGR01,BD-PIHPS
2026-02-10,1771,harga_pihps,21450.0,Rp,MGR02,BD-PIHPS
2026-02-10,1771,harga_pihps,20750.0,Rp,MGR03,BD-PIHPS
2026-02-10,1771,harga_pihps,29500.0,Rp,TLR01,BD-PIHPS
2026-02-10,1771,harga_pihps_grosir,13650.0,Rp,BRS01,BD-PIHPS
2026-02-10,1771,harga_pihps_grosir,15000.0,Rp,BRS02,BD-PIHPS
2026-02-10,1771,harga_pihps_grosir,14900.0,Rp,BRS03,BD-PIHPS
2026-02-10,1771,harga_pihps_grosir,15300.0,Rp,BRS04,BD-PIHPS
2026-02-10,1771,harga_pihps_grosir,15100.0,Rp,BRS05,BD-PIHPS
2026-02-10,1771,harga_pihps_grosir,15600.0,Rp,BRS06,BD-PIHPS
2026-02-10,1771,harga_pihps_grosir,37000.0,Rp,BWM01,BD-PIHPS
2026-02-10,1771,harga_pihps_grosir,35000.0,Rp,BWP01,BD-PIHPS
2026-02-10,1771,harga_pihps_grosir,33500.0,Rp,CMR01,BD-PIHPS
2026-02-10,1771,harga_pihps_grosir,37500.0,Rp,CMR02,BD-PIHPS
2026-02-10,1771,harga_pihps_grosir,55000.0,Rp,CRW01,BD-PIHPS
2026-02-10,1771,harga_pihps_grosir,45400.0,Rp,CRW02,BD-PIHPS
2026-02-10,1771,harga_pihps_grosir,36500.0,Rp,DAY01,BD-PIHPS
2026-02-10,1771,harga_pihps_grosir,127500.0,Rp,DSP01,BD-PIHPS
2026-02-10,1771,harga_pihps_grosir,127500.0,Rp,DSP02,BD-PIHPS
2026-02-10,1771,harga_pihps_grosir,17500.0,Rp,GLP01,BD-PIHPS
2026-02-10,1771,harga_pihps_grosir,17500.0,Rp,MGR01,BD-PIHPS
2026-02-10,1771,harga_pihps_grosir,20000.0,Rp,MGR02,BD-PIHPS
2026-02-10,1771,harga_pihps_grosir,20000.0,Rp,MGR03,BD-PIHPS
2026-02-10,1771,harga_pihps_grosir,30000.0,Rp,TLR01,BD-PIHPS
2026-02-10,1771,harga_pihps_modern,15450.0,Rp,BRS01,BD-PIHPS
2026-02-10,1771,harga_pihps_modern,15100.0,Rp,BRS02,BD-PIHPS
2026-02-10,1771,harga_pihps_modern,16250.0,Rp,BRS03,BD-PIHPS
2026-02-10,1771,harga_pihps_modern,15900.0,Rp,BRS04,BD-PIHPS
2026-02-10,1771,harga_pihps_modern,15050.0,Rp,BRS05,BD-PIHPS
2026-02-10,1771,harga_pihps_modern,17350.0,Rp,BRS06,BD-PIHPS
2026-02-10,1771,harga_pihps_modern,61950.0,Rp,BWM01,BD-PIHPS
2026-02-10,1771,harga_pihps_modern,52950.0,Rp,BWP01,BD-PIHPS
2026-02-10,1771,harga_pihps_modern,90450.0,Rp,CMR01,BD-PIHPS
2026-02-10,1771,harga_pihps_modern,59950.0,Rp,CMR02,BD-PIHPS
2026-02-10,1771,harga_pihps_modern,80450.0,Rp,CRW01,BD-PIHPS
2026-02-10,1771,harga_pihps_modern,79950.0,Rp,CRW02,BD-PIHPS
2026-02-10,1771,harga_pihps_modern,48050.0,Rp,DAY01,BD-PIHPS
2026-02-10,1771,harga_pihps_modern,161300.0,Rp,DSP01,BD-PIHPS
2026-02-10,1771,harga_pihps_modern,167450.0,Rp,DSP02,BD-PIHPS
2026-02-10,1771,harga_pihps_modern,17000.0,Rp,GLP01,BD-PIHPS
2026-02-10,1771,harga_pihps_modern,17000.0,Rp,GLP02,BD-PIHPS
2026-02-10,1771,harga_pihps_modern,22750.0,Rp,MGR02,BD-PIHPS
2026-02-10,1771,harga_pihps_modern,24800.0,Rp,MGR03,BD-PIHPS
2026-02-10,1771,harga_pihps_modern,28550.0,Rp,TLR01,BD-PIHPS
2026-02-10,1771,harga_pihps_produsen,14000.0,Rp,BRS01,BD-PIHPS
2026-02-10,1771,harga_pihps_produsen,12450.0,Rp,BRS03,BD-PIHPS
2026-02-10,1771,harga_pihps_produsen,12550.0,Rp,BRS04,BD-PIHPS
2026-02-10,1771,harga_pihps_produsen,16000.0,Rp,BRS05,BD-PIHPS
2026-02-10,1771,harga_pihps_produsen,12600.0,Rp,BRS06,BD-PIHPS
2026-02-10,1771,harga_pihps_produsen,40000.0,Rp,CMR01,BD-PIHPS
2026-02-10,1771,harga_pihps_produsen,32000.0,Rp,CMR02,BD-PIHPS
2026-02-10,1771,harga_pihps_produsen,50000.0,Rp,CRW01,BD-PIHPS
2026-02-10,1771,harga_pihps_produsen,41400.0,Rp,CRW02,BD-PIHPS
2026-02-10,1771,harga_pihps_produsen,23850.0,Rp,DAY01,BD-PIHPS
2026-02-10,1771,harga_pihps_produsen,130000.0,Rp,DSP01,BD-PIHPS
2026-02-10,1771,harga_pihps_produsen,130000.0,Rp,DSP02,BD-PIHPS
2026-02-10,1771,harga_pihps_produsen,27700.0,Rp,TLR01,BD-PIHPS
2026-02-11,1771,harga_pihps,14250.0,Rp,BRS01,BD-PIHPS
2026-02-11,1771,harga_pihps,15600.0,Rp,BRS02,BD-PIHPS
2026-02-11,1771,harga_pihps,15350.0,Rp,BRS03,BD-PIHPS
2026-02-11,1771,harga_pihps,15650.0,Rp,BRS04,BD-PIHPS
2026-02-11,1771,harga_pihps,15850.0,Rp,BRS05,BD-PIHPS
2026-02-11,1771,harga_pihps,15850.0,Rp,BRS06,BD-PIHPS
2026-02-11,1771,harga_pihps,40650.0,Rp,BWM01,BD-PIHPS
2026-02-11,1771,harga_pihps,39750.0,Rp,BWP01,BD-PIHPS
2026-02-11,1771,harga_pihps,41650.0,Rp,CMR01,BD-PIHPS
2026-02-11,1771,harga_pihps,45750.0,Rp,CMR02,BD-PIHPS
2026-02-11,1771,harga_pihps,55500.0,Rp,CRW01,BD-PIHPS
2026-02-11,1771,harga_pihps,54800.0,Rp,CRW02,BD-PIHPS
2026-02-11,1771,harga_pihps,41650.0,Rp,DAY01,BD-PIHPS
2026-02-11,1771,harga_pihps,137500.0,Rp,DSP01,BD-PIHPS
2026-02-11,1771,harga_pihps,136250.0,Rp,DSP02,BD-PIHPS
2026-02-11,1771,harga_pihps,17750.0,Rp,GLP01,BD-PIHPS
2026-02-11,1771,harga_pihps,18900.0,Rp,GLP02,BD-PIHPS
2026-02-11,1771,harga_pihps,18150.0,Rp,MGR01,BD-PIHPS
2026-02-11,1771,harga_pihps,21550.0,Rp,MGR02,BD-PIHPS
2026-02-11,1771,harga_pihps,20750.0,Rp,MGR03,BD-PIHPS
2026-02-11,1771,harga_pihps,29500.0,Rp,TLR01,BD-PIHPS
2026-02-11,1771,harga_pihps_grosir,13650.0,Rp,BRS01,BD-PIHPS
2026-02-11,1771,harga_pihps_grosir,15000.0,Rp,BRS02,BD-PIHPS
2026-02-11,1771,harga_pihps_grosir,14900.0,Rp,BRS03,BD-PIHPS
2026-02-11,1771,harga_pihps_grosir,15300.0,Rp,BRS04,BD-PIHPS
2026-02-11,1771,harga_pihps_grosir,15100.0,Rp,BRS05,BD-PIHPS
2026-02-11,1771,harga_pihps_grosir,15600.0,Rp,BRS06,BD-PIHPS
2026-02-11,1771,harga_pihps_grosir,37000.0,Rp,BWM01,BD-PIHPS
2026-02-11,1771,harga_pihps_grosir,35000.0,Rp,BWP01,BD-PIHPS
2026-02-11,1771,harga_pihps_grosir,33500.0,Rp,CMR01,BD-PIHPS
2026-02-11,1771,harga_pihps_grosir,37500.0,Rp,CMR02,BD-PIHPS
2026-02-11,1771,harga_pihps_grosir,55000.0,Rp,CRW01,BD-PIHPS
2026-02-11,1771,harga_pihps_grosir,45400.0,Rp,CRW02,BD-PIHPS
2026-02-11,1771,harga_pihps_grosir,36500.0,Rp,DAY01,BD-PIHPS
2026-02-11,1771,harga_pihps_grosir,127500.0,Rp,DSP01,BD-PIHPS
2026-02-11,1771,harga_pihps_grosir,127500.0,Rp,DSP02,BD-PIHPS
2026-02-11,1771,harga_pihps_grosir,17500.0,Rp,GLP01,BD-PIHPS
2026-02-11,1771,harga_pihps_grosir,17500.0,Rp,MGR01,BD-PIHPS
2026-02-11,1771,harga_pihps_grosir,20000.0,Rp,MGR02,BD-PIHPS
2026-02-11,1771,harga_pihps_grosir,20000.0,Rp,MGR03,BD-PIHPS
2026-02-11,1771,harga_pihps_grosir,30000.0,Rp,TLR01,BD-PIHPS
2026-02-11,1771,harga_pihps_modern,15450.0,Rp,BRS01,BD-PIHPS
2026-02-11,1771,harga_pihps_modern,15100.0,Rp,BRS02,BD-PIHPS
2026-02-11,1771,harga_pihps_modern,16250.0,Rp,BRS03,BD-PIHPS
2026-02-11,1771,harga_pihps_modern,15900.0,Rp,BRS04,BD-PIHPS
2026-02-11,1771,harga_pihps_modern,15050.0,Rp,BRS05,BD-PIHPS
2026-02-11,1771,harga_pihps_modern,17350.0,Rp,BRS06,BD-PIHPS
2026-02-11,1771,harga_pihps_modern,61950.0,Rp,BWM01,BD-PIHPS
2026-02-11,1771,harga_pihps_modern,52950.0,Rp,BWP01,BD-PIHPS
2026-02-11,1771,harga_pihps_modern,90450.0,Rp,CMR01,BD-PIHPS
2026-02-11,1771,harga_pihps_modern,59950.0,Rp,CMR02,BD-PIHPS
2026-02-11,1771,harga_pihps_modern,80450.0,Rp,CRW01,BD-PIHPS
2026-02-11,1771,harga_pihps_modern,79950.0,Rp,CRW02,BD-PIHPS
2026-02-11,1771,harga_pihps_modern,48050.0,Rp,DAY01,BD-PIHPS
2026-02-11,1771,harga_pihps_modern,161300.0,Rp,DSP01,BD-PIHPS
2026-02-11,1771,harga_pihps_modern,167450.0,Rp,DSP02,BD-PIHPS
2026-02-11,1771,harga_pihps_modern,17000.0,Rp,GLP01,BD-PIHPS
2026-02-11,1771,harga_pihps_modern,17000.0,Rp,GLP02,BD-PIHPS
2026-02-11,1771,harga_pihps_modern,22750.0,Rp,MGR02,BD-PIHPS
2026-02-11,1771,harga_pihps_modern,24800.0,Rp,MGR03,BD-PIHPS
2026-02-11,1771,harga_pihps_modern,28550.0,Rp,TLR01,BD-PIHPS
2026-02-11,1771,harga_pihps_produsen,14000.0,Rp,BRS01,BD-PIHPS
2026-02-11,1771,harga_pihps_produsen,12450.0,Rp,BRS03,BD-PIHPS
2026-02-11,1771,harga_pihps_produsen,12550.0,Rp,BRS04,BD-PIHPS
2026-02-11,1771,harga_pihps_produsen,16000.0,Rp,BRS05,BD-PIHPS
2026-02-11,1771,harga_pihps_produsen,12600.0,Rp,BRS06,BD-PIHPS
2026-02-11,1771,harga_pihps_produsen,40000.0,Rp,CMR01,BD-PIHPS
2026-02-11,1771,harga_pihps_produsen,32000.0,Rp,CMR02,BD-PIHPS
2026-02-11,1771,harga_pihps_produsen,50000.0,Rp,CRW01,BD-PIHPS
2026-02-11,1771,harga_pihps_produsen,41400.0,Rp,CRW02,BD-PIHPS
2026-02-11,1771,harga_pihps_produsen,23850.0,Rp,DAY01,BD-PIHPS
2026-02-11,1771,harga_pihps_produsen,130000.0,Rp,DSP01,BD-PIHPS
2026-02-11,1771,harga_pihps_produsen,130000.0,Rp,DSP02,BD-PIHPS
2026-02-11,1771,harga_pihps_produsen,27700.0,Rp,TLR01,BD-PIHPS
2026-02-12,1771,harga_pihps,14250.0,Rp,BRS01,BD-PIHPS
2026-02-12,1771,harga_pihps,15600.0,Rp,BRS02,BD-PIHPS
2026-02-12,1771,harga_pihps,15350.0,Rp,BRS03,BD-PIHPS
2026-02-12,1771,harga_pihps,15650.0,Rp,BRS04,BD-PIHPS
2026-02-12,1771,harga_pihps,15850.0,Rp,BRS05,BD-PIHPS
2026-02-12,1771,harga_pihps,15850.0,Rp,BRS06,BD-PIHPS
2026-02-12,1771,harga_pihps,40650.0,Rp,BWM01,BD-PIHPS
2026-02-12,1771,harga_pihps,39650.0,Rp,BWP01,BD-PIHPS
2026-02-12,1771,harga_pihps,40000.0,Rp,CMR01,BD-PIHPS
2026-02-12,1771,harga_pihps,44150.0,Rp,CMR02,BD-PIHPS
2026-02-12,1771,harga_pihps,54650.0,Rp,CRW01,BD-PIHPS
2026-02-12,1771,harga_pihps,53300.0,Rp,CRW02,BD-PIHPS
2026-02-12,1771,harga_pihps,41650.0,Rp,DAY01,BD-PIHPS
2026-02-12,1771,harga_pihps,137500.0,Rp,DSP01,BD-PIHPS
2026-02-12,1771,harga_pihps,136250.0,Rp,DSP02,BD-PIHPS
2026-02-12,1771,harga_pihps,17750.0,Rp,GLP01,BD-PIHPS
2026-02-12,1771,harga_pihps,18900.0,Rp,GLP02,BD-PIHPS
2026-02-12,1771,harga_pihps,18150.0,Rp,MGR01,BD-PIHPS
2026-02-12,1771,harga_pihps,21550.0,Rp,MGR02,BD-PIHPS
2026-02-12,1771,harga_pihps,20750.0,Rp,MGR03,BD-PIHPS
2026-02-12,1771,harga_pihps,29400.0,Rp,TLR01,BD-PIHPS
2026-02-12,1771,harga_pihps_grosir,13650.0,Rp,BRS01,BD-PIHPS
2026-02-12,1771,harga_pihps_grosir,15000.0,Rp,BRS02,BD-PIHPS
2026-02-12,1771,harga_pihps_grosir,14900.0,Rp,BRS03,BD-PIHPS
2026-02-12,1771,harga_pihps_grosir,15250.0,Rp,BRS04,BD-PIHPS
2026-02-12,1771,harga_pihps_grosir,15100.0,Rp,BRS05,BD-PIHPS
2026-02-12,1771,harga_pihps_grosir,15450.0,Rp,BRS06,BD-PIHPS
2026-02-12,1771,harga_pihps_grosir,35000.0,Rp,BWM01,BD-PIHPS
2026-02-12,1771,harga_pihps_grosir,34500.0,Rp,BWP01,BD-PIHPS
2026-02-12,1771,harga_pihps_grosir,39000.0,Rp,CMR01,BD-PIHPS
2026-02-12,1771,harga_pihps_grosir,43500.0,Rp,CMR02,BD-PIHPS
2026-02-12,1771,harga_pihps_grosir,56000.0,Rp,CRW01,BD-PIHPS
2026-02-12,1771,harga_pihps_grosir,54700.0,Rp,CRW02,BD-PIHPS
2026-02-12,1771,harga_pihps_grosir,39250.0,Rp,DAY01,BD-PIHPS
2026-02-12,1771,harga_pihps_grosir,127500.0,Rp,DSP01,BD-PIHPS
2026-02-12,1771,harga_pihps_grosir,127500.0,Rp,DSP02,BD-PIHPS
2026-02-12,1771,harga_pihps_grosir,17500.0,Rp,GLP01,BD-PIHPS
2026-02-12,1771,harga_pihps_grosir,17500.0,Rp,MGR01,BD-PIHPS
2026-02-12,1771,harga_pihps_grosir,20000.0,Rp,MGR02,BD-PIHPS
2026-02-12,1771,harga_pihps_grosir,20000.0,Rp,MGR03,BD-PIHPS
2026-02-12,1771,harga_pihps_grosir,28550.0,Rp,TLR01,BD-PIHPS
2026-02-12,1771,harga_pihps_modern,15450.0,Rp,BRS01,BD-PIHPS
2026-02-12,1771,harga_pihps_modern,15100.0,Rp,BRS02,BD-PIHPS
2026-02-12,1771,harga_pihps_modern,16250.0,Rp,BRS03,BD-PIHPS
2026-02-12,1771,harga_pihps_modern,15900.0,Rp,BRS04,BD-PIHPS
2026-02-12,1771,harga_pihps_modern,15050.0,Rp,BRS05,BD-PIHPS
2026-02-12,1771,harga_pihps_modern,17350.0,Rp,BRS06,BD-PIHPS
2026-02-12,1771,harga_pihps_modern,61950.0,Rp,BWM01,BD-PIHPS
2026-02-12,1771,harga_pihps_modern,52950.0,Rp,BWP01,BD-PIHPS
2026-02-12,1771,harga_pihps_modern,90450.0,Rp,CMR01,BD-PIHPS
2026-02-12,1771,harga_pihps_modern,59950.0,Rp,CMR02,BD-PIHPS
2026-02-12,1771,harga_pihps_modern,80450.0,Rp,CRW01,BD-PIHPS
2026-02-12,1771,harga_pihps_modern,79950.0,Rp,CRW02,BD-PIHPS
2026-02-12,1771,harga_pihps_modern,48050.0,Rp,DAY01,BD-PIHPS
2026-02-12,1771,harga_pihps_modern,161300.0,Rp,DSP01,BD-PIHPS
2026-02-12,1771,harga_pihps_modern,167450.0,Rp,DSP02,BD-PIHPS
2026-02-12,1771,harga_pihps_modern,17000.0,Rp,GLP01,BD-PIHPS
2026-02-12,1771,harga_pihps_modern,17000.0,Rp,GLP02,BD-PIHPS
2026-02-12,1771,harga_pihps_modern,22750.0,Rp,MGR02,BD-PIHPS
2026-02-12,1771,harga_pihps_modern,24800.0,Rp,MGR03,BD-PIHPS
2026-02-12,1771,harga_pihps_modern,28550.0,Rp,TLR01,BD-PIHPS
2026-02-12,1771,harga_pihps_produsen,14000.0,Rp,BRS01,BD-PIHPS
2026-02-12,1771,harga_pihps_produsen,12450.0,Rp,BRS03,BD-PIHPS
2026-02-12,1771,harga_pihps_produsen,12550.0,Rp,BRS04,BD-PIHPS
2026-02-12,1771,harga_pihps_produsen,16000.0,Rp,BRS05,BD-PIHPS
2026-02-12,1771,harga_pihps_produsen,12600.0,Rp,BRS06,BD-PIHPS
2026-02-12,1771,harga_pihps_produsen,40000.0,Rp,CMR01,BD-PIHPS
2026-02-12,1771,harga_pihps_produsen,32000.0,Rp,CMR02,BD-PIHPS
2026-02-12,1771,harga_pihps_produsen,50000.0,Rp,CRW01,BD-PIHPS
2026-02-12,1771,harga_pihps_produsen,41400.0,Rp,CRW02,BD-PIHPS
2026-02-12,1771,harga_pihps_produsen,23850.0,Rp,DAY01,BD-PIHPS
2026-02-12,1771,harga_pihps_produsen,130000.0,Rp,DSP01,BD-PIHPS
2026-02-12,1771,harga_pihps_produsen,130000.0,Rp,DSP02,BD-PIHPS
2026-02-12,1771,harga_pihps_produsen,27700.0,Rp,TLR01,BD-PIHPS
2026-02-13,1771,harga_pihps,14250.0,Rp,BRS01,BD-PIHPS
2026-02-13,1771,harga_pihps,15600.0,Rp,BRS02,BD-PIHPS
2026-02-13,1771,harga_pihps,15350.0,Rp,BRS03,BD-PIHPS
2026-02-13,1771,harga_pihps,15650.0,Rp,BRS04,BD-PIHPS
2026-02-13,1771,harga_pihps,15850.0,Rp,BRS05,BD-PIHPS
2026-02-13,1771,harga_pihps,15850.0,Rp,BRS06,BD-PIHPS
2026-02-13,1771,harga_pihps,41250.0,Rp,BWM01,BD-PIHPS
2026-02-13,1771,harga_pihps,40150.0,Rp,BWP01,BD-PIHPS
2026-02-13,1771,harga_pihps,40900.0,Rp,CMR01,BD-PIHPS
2026-02-13,1771,harga_pihps,44900.0,Rp,CMR02,BD-PIHPS
2026-02-13,1771,harga_pihps,59000.0,Rp,CRW01,BD-PIHPS
2026-02-13,1771,harga_pihps,56350.0,Rp,CRW02,BD-PIHPS
2026-02-13,1771,harga_pihps,41650.0,Rp,DAY01,BD-PIHPS
2026-02-13,1771,harga_pihps,137500.0,Rp,DSP01,BD-PIHPS
2026-02-13,1771,harga_pihps,136250.0,Rp,DSP02,BD-PIHPS
2026-02-13,1771,harga_pihps,17750.0,Rp,GLP01,BD-PIHPS
2026-02-13,1771,harga_pihps,18900.0,Rp,GLP02,BD-PIHPS
2026-02-13,1771,harga_pihps,18150.0,Rp,MGR01,BD-PIHPS
2026-02-13,1771,harga_pihps,21550.0,Rp,MGR02,BD-PIHPS
2026-02-13,1771,harga_pihps,20750.0,Rp,MGR03,BD-PIHPS
2026-02-13,1771,harga_pihps,29400.0,Rp,TLR01,BD-PIHPS
2026-02-13,1771,harga_pihps_grosir,13650.0,Rp,BRS01,BD-PIHPS
2026-02-13,1771,harga_pihps_grosir,15000.0,Rp,BRS02,BD-PIHPS
2026-02-13,1771,harga_pihps_grosir,14900.0,Rp,BRS03,BD-PIHPS
2026-02-13,1771,harga_pihps_grosir,15250.0,Rp,BRS04,BD-PIHPS
2026-02-13,1771,harga_pihps_grosir,15100.0,Rp,BRS05,BD-PIHPS
2026-02-13,1771,harga_pihps_grosir,15450.0,Rp,BRS06,BD-PIHPS
2026-02-13,1771,harga_pihps_grosir,35000.0,Rp,BWM01,BD-PIHPS
2026-02-13,1771,harga_pihps_grosir,34500.0,Rp,BWP01,BD-PIHPS
2026-02-13,1771,harga_pihps_grosir,39000.0,Rp,CMR01,BD-PIHPS
2026-02-13,1771,harga_pihps_grosir,43500.0,Rp,CMR02,BD-PIHPS
2026-02-13,1771,harga_pihps_grosir,56000.0,Rp,CRW01,BD-PIHPS
2026-02-13,1771,harga_pihps_grosir,54700.0,Rp,CRW02,BD-PIHPS
2026-02-13,1771,harga_pihps_grosir,39250.0,Rp,DAY01,BD-PIHPS
2026-02-13,1771,harga_pihps_grosir,127500.0,Rp,DSP01,BD-PIHPS
2026-02-13,1771,harga_pihps_grosir,127500.0,Rp,DSP02,BD-PIHPS
2026-02-13,1771,harga_pihps_grosir,17500.0,Rp,GLP01,BD-PIHPS
2026-02-13,1771,harga_pihps_grosir,17500.0,Rp,MGR01,BD-PIHPS
2026-02-13,1771,harga_pihps_grosir,20000.0,Rp,MGR02,BD-PIHPS
2026-02-13,1771,harga_pihps_grosir,20000.0,Rp,MGR03,BD-PIHPS
2026-02-13,1771,harga_pihps_grosir,28550.0,Rp,TLR01,BD-PIHPS
2026-02-13,1771,harga_pihps_modern,15450.0,Rp,BRS01,BD-PIHPS
2026-02-13,1771,harga_pihps_modern,15100.0,Rp,BRS02,BD-PIHPS
2026-02-13,1771,harga_pihps_modern,16250.0,Rp,BRS03,BD-PIHPS
2026-02-13,1771,harga_pihps_modern,15900.0,Rp,BRS04,BD-PIHPS
2026-02-13,1771,harga_pihps_modern,15050.0,Rp,BRS05,BD-PIHPS
2026-02-13,1771,harga_pihps_modern,17350.0,Rp,BRS06,BD-PIHPS
2026-02-13,1771,harga_pihps_modern,61950.0,Rp,BWM01,BD-PIHPS
2026-02-13,1771,harga_pihps_modern,52950.0,Rp,BWP01,BD-PIHPS
2026-02-13,1771,harga_pihps_modern,90450.0,Rp,CMR01,BD-PIHPS
2026-02-13,1771,harga_pihps_modern,59950.0,Rp,CMR02,BD-PIHPS
2026-02-13,1771,harga_pihps_modern,80450.0,Rp,CRW01,BD-PIHPS
2026-02-13,1771,harga_pihps_modern,79950.0,Rp,CRW02,BD-PIHPS
2026-02-13,1771,harga_pihps_modern,48050.0,Rp,DAY01,BD-PIHPS
2026-02-13,1771,harga_pihps_modern,161300.0,Rp,DSP01,BD-PIHPS
2026-02-13,1771,harga_pihps_modern,167450.0,Rp,DSP02,BD-PIHPS
2026-02-13,1771,harga_pihps_modern,17000.0,Rp,GLP01,BD-PIHPS
2026-02-13,1771,harga_pihps_modern,17000.0,Rp,GLP02,BD-PIHPS
2026-02-13,1771,harga_pihps_modern,22750.0,Rp,MGR02,BD-PIHPS
2026-02-13,1771,harga_pihps_modern,24800.0,Rp,MGR03,BD-PIHPS
2026-02-13,1771,harga_pihps_modern,28550.0,Rp,TLR01,BD-PIHPS
2026-02-13,1771,harga_pihps_produsen,14000.0,Rp,BRS01,BD-PIHPS
2026-02-13,1771,harga_pihps_produsen,12450.0,Rp,BRS03,BD-PIHPS
2026-02-13,1771,harga_pihps_produsen,12550.0,Rp,BRS04,BD-PIHPS
2026-02-13,1771,harga_pihps_produsen,16000.0,Rp,BRS05,BD-PIHPS
2026-02-13,1771,harga_pihps_produsen,12600.0,Rp,BRS06,BD-PIHPS
2026-02-13,1771,harga_pihps_produsen,40000.0,Rp,CMR01,BD-PIHPS
2026-02-13,1771,harga_pihps_produsen,32000.0,Rp,CMR02,BD-PIHPS
2026-02-13,1771,harga_pihps_produsen,50000.0,Rp,CRW01,BD-PIHPS
2026-02-13,1771,harga_pihps_produsen,41400.0,Rp,CRW02,BD-PIHPS
2026-02-13,1771,harga_pihps_produsen,23850.0,Rp,DAY01,BD-PIHPS
2026-02-13,1771,harga_pihps_produsen,130000.0,Rp,DSP01,BD-PIHPS
2026-02-13,1771,harga_pihps_produsen,130000.0,Rp,DSP02,BD-PIHPS
2026-02-13,1771,harga_pihps_produsen,27700.0,Rp,TLR01,BD-PIHPS
2026-02-16,1771,harga_pihps,14250.0,Rp,BRS01,BD-PIHPS
2026-02-16,1771,harga_pihps,15600.0,Rp,BRS02,BD-PIHPS
2026-02-16,1771,harga_pihps,15350.0,Rp,BRS03,BD-PIHPS
2026-02-16,1771,harga_pihps,15650.0,Rp,BRS04,BD-PIHPS
2026-02-16,1771,harga_pihps,15850.0,Rp,BRS05,BD-PIHPS
2026-02-16,1771,harga_pihps,15850.0,Rp,BRS06,BD-PIHPS
2026-02-16,1771,harga_pihps,41250.0,Rp,BWM01,BD-PIHPS
2026-02-16,1771,harga_pihps,40150.0,Rp,BWP01,BD-PIHPS
2026-02-16,1771,harga_pihps,40900.0,Rp,CMR01,BD-PIHPS
2026-02-16,1771,harga_pihps,44900.0,Rp,CMR02,BD-PIHPS
2026-02-16,1771,harga_pihps,59000.0,Rp,CRW01,BD-PIHPS
2026-02-16,1771,harga_pihps,56350.0,Rp,CRW02,BD-PIHPS
2026-02-16,1771,harga_pihps,41650.0,Rp,DAY01,BD-PIHPS
2026-02-16,1771,harga_pihps,137500.0,Rp,DSP01,BD-PIHPS
2026-02-16,1771,harga_pihps,136250.0,Rp,DSP02,BD-PIHPS
2026-02-16,1771,harga_pihps,17750.0,Rp,GLP01,BD-PIHPS
2026-02-16,1771,harga_pihps,18900.0,Rp,GLP02,BD-PIHPS
2026-02-16,1771,harga_pihps,18150.0,Rp,MGR01,BD-PIHPS
2026-02-16,1771,harga_pihps,21550.0,Rp,MGR02,BD-PIHPS
2026-02-16,1771,harga_pihps,20750.0,Rp,MGR03,BD-PIHPS
2026-02-16,1771,harga_pihps,29400.0,Rp,TLR01,BD-PIHPS
2026-02-16,1771,harga_pihps_grosir,13650.0,Rp,BRS01,BD-PIHPS
2026-02-16,1771,harga_pihps_grosir,15000.0,Rp,BRS02,BD-PIHPS
2026-02-16,1771,harga_pihps_grosir,14900.0,Rp,BRS03,BD-PIHPS
2026-02-16,1771,harga_pihps_grosir,15250.0,Rp,BRS04,BD-PIHPS
2026-02-16,1771,harga_pihps_grosir,15100.0,Rp,BRS05,BD-PIHPS
2026-02-16,1771,harga_pihps_grosir,15450.0,Rp,BRS06,BD-PIHPS
2026-02-16,1771,harga_pihps_grosir,35000.0,Rp,BWM01,BD-PIHPS
2026-02-16,1771,harga_pihps_grosir,34500.0,Rp,BWP01,BD-PIHPS
2026-02-16,1771,harga_pihps_grosir,39000.0,Rp,CMR01,BD-PIHPS
2026-02-16,1771,harga_pihps_grosir,43500.0,Rp,CMR02,BD-PIHPS
2026-02-16,1771,harga_pihps_grosir,56000.0,Rp,CRW01,BD-PIHPS
2026-02-16,1771,harga_pihps_grosir,54700.0,Rp,CRW02,BD-PIHPS
2026-02-16,1771,harga_pihps_grosir,39250.0,Rp,DAY01,BD-PIHPS
2026-02-16,1771,harga_pihps_grosir,127500.0,Rp,DSP01,BD-PIHPS
2026-02-16,1771,harga_pihps_grosir,127500.0,Rp,DSP02,BD-PIHPS
2026-02-16,1771,harga_pihps_grosir,17500.0,Rp,GLP01,BD-PIHPS
2026-02-16,1771,harga_pihps_grosir,17500.0,Rp,MGR01,BD-PIHPS
2026-02-16,1771,harga_pihps_grosir,20000.0,Rp,MGR02,BD-PIHPS
2026-02-16,1771,harga_pihps_grosir,20000.0,Rp,MGR03,BD-PIHPS
2026-02-16,1771,harga_pihps_grosir,28550.0,Rp,TLR01,BD-PIHPS
2026-02-16,1771,harga_pihps_modern,15450.0,Rp,BRS01,BD-PIHPS
2026-02-16,1771,harga_pihps_modern,15100.0,Rp,BRS02,BD-PIHPS
2026-02-16,1771,harga_pihps_modern,16250.0,Rp,BRS03,BD-PIHPS
2026-02-16,1771,harga_pihps_modern,15900.0,Rp,BRS04,BD-PIHPS
2026-02-16,1771,harga_pihps_modern,15050.0,Rp,BRS05,BD-PIHPS
2026-02-16,1771,harga_pihps_modern,17350.0,Rp,BRS06,BD-PIHPS
2026-02-16,1771,harga_pihps_modern,61950.0,Rp,BWM01,BD-PIHPS
2026-02-16,1771,harga_pihps_modern,52950.0,Rp,BWP01,BD-PIHPS
2026-02-16,1771,harga_pihps_modern,90450.0,Rp,CMR01,BD-PIHPS
2026-02-16,1771,harga_pihps_modern,59950.0,Rp,CMR02,BD-PIHPS
2026-02-16,1771,harga_pihps_modern,80450.0,Rp,CRW01,BD-PIHPS
2026-02-16,1771,harga_pihps_modern,79950.0,Rp,CRW02,BD-PIHPS
2026-02-16,1771,harga_pihps_modern,48050.0,Rp,DAY01,BD-PIHPS
2026-02-16,1771,harga_pihps_modern,161300.0,Rp,DSP01,BD-PIHPS
2026-02-16,1771,harga_pihps_modern,167450.0,Rp,DSP02,BD-PIHPS
2026-02-16,1771,harga_pihps_modern,17000.0,Rp,GLP01,BD-PIHPS
2026-02-16,1771,harga_pihps_modern,17000.0,Rp,GLP02,BD-PIHPS
2026-02-16,1771,harga_pihps_modern,22750.0,Rp,MGR02,BD-PIHPS
2026-02-16,1771,harga_pihps_modern,24800.0,Rp,MGR03,BD-PIHPS
2026-02-16,1771,harga_pihps_modern,28550.0,Rp,TLR01,BD-PIHPS
2026-02-16,1771,harga_pihps_produsen,14000.0,Rp,BRS01,BD-PIHPS
2026-02-16,1771,harga_pihps_produsen,12450.0,Rp,BRS03,BD-PIHPS
2026-02-16,1771,harga_pihps_produsen,12550.0,Rp,BRS04,BD-PIHPS
2026-02-16,1771,harga_pihps_produsen,16000.0,Rp,BRS05,BD-PIHPS
2026-02-16,1771,harga_pihps_produsen,12600.0,Rp,BRS06,BD-PIHPS
2026-02-16,1771,harga_pihps_produsen,40000.0,Rp,CMR01,BD-PIHPS
2026-02-16,1771,harga_pihps_produsen,32000.0,Rp,CMR02,BD-PIHPS
2026-02-16,1771,harga_pihps_produsen,50000.0,Rp,CRW01,BD-PIHPS
2026-02-16,1771,harga_pihps_produsen,41400.0,Rp,CRW02,BD-PIHPS
2026-02-16,1771,harga_pihps_produsen,23850.0,Rp,DAY01,BD-PIHPS
2026-02-16,1771,harga_pihps_produsen,130000.0,Rp,DSP01,BD-PIHPS
2026-02-16,1771,harga_pihps_produsen,130000.0,Rp,DSP02,BD-PIHPS
2026-02-16,1771,harga_pihps_produsen,27700.0,Rp,TLR01,BD-PIHPS
2026-02-17,1771,harga_pihps,14250.0,Rp,BRS01,BD-PIHPS
2026-02-17,1771,harga_pihps,15600.0,Rp,BRS02,BD-PIHPS
2026-02-17,1771,harga_pihps,15350.0,Rp,BRS03,BD-PIHPS
2026-02-17,1771,harga_pihps,15650.0,Rp,BRS04,BD-PIHPS
2026-02-17,1771,harga_pihps,15850.0,Rp,BRS05,BD-PIHPS
2026-02-17,1771,harga_pihps,15850.0,Rp,BRS06,BD-PIHPS
2026-02-17,1771,harga_pihps,41250.0,Rp,BWM01,BD-PIHPS
2026-02-17,1771,harga_pihps,40150.0,Rp,BWP01,BD-PIHPS
2026-02-17,1771,harga_pihps,40900.0,Rp,CMR01,BD-PIHPS
2026-02-17,1771,harga_pihps,44900.0,Rp,CMR02,BD-PIHPS
2026-02-17,1771,harga_pihps,59000.0,Rp,CRW01,BD-PIHPS
2026-02-17,1771,harga_pihps,56350.0,Rp,CRW02,BD-PIHPS
2026-02-17,1771,harga_pihps,41650.0,Rp,DAY01,BD-PIHPS
2026-02-17,1771,harga_pihps,137500.0,Rp,DSP01,BD-PIHPS
2026-02-17,1771,harga_pihps,136250.0,Rp,DSP02,BD-PIHPS
2026-02-17,1771,harga_pihps,17750.0,Rp,GLP01,BD-PIHPS
2026-02-17,1771,harga_pihps,18900.0,Rp,GLP02,BD-PIHPS
2026-02-17,1771,harga_pihps,18150.0,Rp,MGR01,BD-PIHPS
2026-02-17,1771,harga_pihps,21550.0,Rp,MGR02,BD-PIHPS
2026-02-17,1771,harga_pihps,20750.0,Rp,MGR03,BD-PIHPS
2026-02-17,1771,harga_pihps,29400.0,Rp,TLR01,BD-PIHPS
2026-02-17,1771,harga_pihps_grosir,13650.0,Rp,BRS01,BD-PIHPS
2026-02-17,1771,harga_pihps_grosir,15000.0,Rp,BRS02,BD-PIHPS
2026-02-17,1771,harga_pihps_grosir,14900.0,Rp,BRS03,BD-PIHPS
2026-02-17,1771,harga_pihps_grosir,15250.0,Rp,BRS04,BD-PIHPS
2026-02-17,1771,harga_pihps_grosir,15100.0,Rp,BRS05,BD-PIHPS
2026-02-17,1771,harga_pihps_grosir,15450.0,Rp,BRS06,BD-PIHPS
2026-02-17,1771,harga_pihps_grosir,35000.0,Rp,BWM01,BD-PIHPS
2026-02-17,1771,harga_pihps_grosir,34500.0,Rp,BWP01,BD-PIHPS
2026-02-17,1771,harga_pihps_grosir,39000.0,Rp,CMR01,BD-PIHPS
2026-02-17,1771,harga_pihps_grosir,43500.0,Rp,CMR02,BD-PIHPS
2026-02-17,1771,harga_pihps_grosir,56000.0,Rp,CRW01,BD-PIHPS
2026-02-17,1771,harga_pihps_grosir,54700.0,Rp,CRW02,BD-PIHPS
2026-02-17,1771,harga_pihps_grosir,39250.0,Rp,DAY01,BD-PIHPS
2026-02-17,1771,harga_pihps_grosir,127500.0,Rp,DSP01,BD-PIHPS
2026-02-17,1771,harga_pihps_grosir,127500.0,Rp,DSP02,BD-PIHPS
2026-02-17,1771,harga_pihps_grosir,17500.0,Rp,GLP01,BD-PIHPS
2026-02-17,1771,harga_pihps_grosir,17500.0,Rp,MGR01,BD-PIHPS
2026-02-17,1771,harga_pihps_grosir,20000.0,Rp,MGR02,BD-PIHPS
2026-02-17,1771,harga_pihps_grosir,20000.0,Rp,MGR03,BD-PIHPS
2026-02-17,1771,harga_pihps_grosir,28550.0,Rp,TLR01,BD-PIHPS
2026-02-17,1771,harga_pihps_modern,15450.0,Rp,BRS01,BD-PIHPS
2026-02-17,1771,harga_pihps_modern,15100.0,Rp,BRS02,BD-PIHPS
2026-02-17,1771,harga_pihps_modern,16250.0,Rp,BRS03,BD-PIHPS
2026-02-17,1771,harga_pihps_modern,15900.0,Rp,BRS04,BD-PIHPS
2026-02-17,1771,harga_pihps_modern,15050.0,Rp,BRS05,BD-PIHPS
2026-02-17,1771,harga_pihps_modern,17350.0,Rp,BRS06,BD-PIHPS
2026-02-17,1771,harga_pihps_modern,63450.0,Rp,BWM01,BD-PIHPS
2026-02-17,1771,harga_pihps_modern,52950.0,Rp,BWP01,BD-PIHPS
2026-02-17,1771,harga_pihps_modern,90450.0,Rp,CMR01,BD-PIHPS
2026-02-17,1771,harga_pihps_modern,77950.0,Rp,CMR02,BD-PIHPS
2026-02-17,1771,harga_pihps_modern,82950.0,Rp,CRW01,BD-PIHPS
2026-02-17,1771,harga_pihps_modern,81450.0,Rp,CRW02,BD-PIHPS
2026-02-17,1771,harga_pihps_modern,45300.0,Rp,DAY01,BD-PIHPS
2026-02-17,1771,harga_pihps_modern,172950.0,Rp,DSP01,BD-PIHPS
2026-02-17,1771,harga_pihps_modern,167450.0,Rp,DSP02,BD-PIHPS
2026-02-17,1771,harga_pihps_modern,17000.0,Rp,GLP01,BD-PIHPS
2026-02-17,1771,harga_pihps_modern,17000.0,Rp,GLP02,BD-PIHPS
2026-02-17,1771,harga_pihps_modern,22750.0,Rp,MGR02,BD-PIHPS
2026-02-17,1771,harga_pihps_modern,24800.0,Rp,MGR03,BD-PIHPS
2026-02-17,1771,harga_pihps_modern,28550.0,Rp,TLR01,BD-PIHPS
2026-02-17,1771,harga_pihps_produsen,14000.0,Rp,BRS01,BD-PIHPS
2026-02-17,1771,harga_pihps_produsen,12450.0,Rp,BRS03,BD-PIHPS
2026-02-17,1771,harga_pihps_produsen,12550.0,Rp,BRS04,BD-PIHPS
2026-02-17,1771,harga_pihps_produsen,16000.0,Rp,BRS05,BD-PIHPS
2026-02-17,1771,harga_pihps_produsen,12600.0,Rp,BRS06,BD-PIHPS
2026-02-17,1771,harga_pihps_produsen,40000.0,Rp,CMR01,BD-PIHPS
2026-02-17,1771,harga_pihps_produsen,32000.0,Rp,CMR02,BD-PIHPS
2026-02-17,1771,harga_pihps_produsen,50000.0,Rp,CRW01,BD-PIHPS
2026-02-17,1771,harga_pihps_produsen,41400.0,Rp,CRW02,BD-PIHPS
2026-02-17,1771,harga_pihps_produsen,23850.0,Rp,DAY01,BD-PIHPS
2026-02-17,1771,harga_pihps_produsen,130000.0,Rp,DSP01,BD-PIHPS
2026-02-17,1771,harga_pihps_produsen,130000.0,Rp,DSP02,BD-PIHPS
2026-02-17,1771,harga_pihps_produsen,27700.0,Rp,TLR01,BD-PIHPS
2026-02-18,1771,harga_pihps,14250.0,Rp,BRS01,BD-PIHPS
2026-02-18,1771,harga_pihps,15600.0,Rp,BRS02,BD-PIHPS
2026-02-18,1771,harga_pihps,15350.0,Rp,BRS03,BD-PIHPS
2026-02-18,1771,harga_pihps,15650.0,Rp,BRS04,BD-PIHPS
2026-02-18,1771,harga_pihps,15850.0,Rp,BRS05,BD-PIHPS
2026-02-18,1771,harga_pihps,15850.0,Rp,BRS06,BD-PIHPS
2026-02-18,1771,harga_pihps,41500.0,Rp,BWM01,BD-PIHPS
2026-02-18,1771,harga_pihps,40650.0,Rp,BWP01,BD-PIHPS
2026-02-18,1771,harga_pihps,44900.0,Rp,CMR01,BD-PIHPS
2026-02-18,1771,harga_pihps,49000.0,Rp,CMR02,BD-PIHPS
2026-02-18,1771,harga_pihps,63500.0,Rp,CRW01,BD-PIHPS
2026-02-18,1771,harga_pihps,58300.0,Rp,CRW02,BD-PIHPS
2026-02-18,1771,harga_pihps,44400.0,Rp,DAY01,BD-PIHPS
2026-02-18,1771,harga_pihps,137500.0,Rp,DSP01,BD-PIHPS
2026-02-18,1771,harga_pihps,136250.0,Rp,DSP02,BD-PIHPS
2026-02-18,1771,harga_pihps,17750.0,Rp,GLP01,BD-PIHPS
2026-02-18,1771,harga_pihps,18900.0,Rp,GLP02,BD-PIHPS
2026-02-18,1771,harga_pihps,18150.0,Rp,MGR01,BD-PIHPS
2026-02-18,1771,harga_pihps,21550.0,Rp,MGR02,BD-PIHPS
2026-02-18,1771,harga_pihps,20750.0,Rp,MGR03,BD-PIHPS
2026-02-18,1771,harga_pihps,29400.0,Rp,TLR01,BD-PIHPS
2026-02-18,1771,harga_pihps_grosir,13650.0,Rp,BRS01,BD-PIHPS
2026-02-18,1771,harga_pihps_grosir,15000.0,Rp,BRS02,BD-PIHPS
2026-02-18,1771,harga_pihps_grosir,14900.0,Rp,BRS03,BD-PIHPS
2026-02-18,1771,harga_pihps_grosir,15250.0,Rp,BRS04,BD-PIHPS
2026-02-18,1771,harga_pihps_grosir,15100.0,Rp,BRS05,BD-PIHPS
2026-02-18,1771,harga_pihps_grosir,15450.0,Rp,BRS06,BD-PIHPS
2026-02-18,1771,harga_pihps_grosir,35000.0,Rp,BWM01,BD-PIHPS
2026-02-18,1771,harga_pihps_grosir,34500.0,Rp,BWP01,BD-PIHPS
2026-02-18,1771,harga_pihps_grosir,39000.0,Rp,CMR01,BD-PIHPS
2026-02-18,1771,harga_pihps_grosir,43500.0,Rp,CMR02,BD-PIHPS
2026-02-18,1771,harga_pihps_grosir,56000.0,Rp,CRW01,BD-PIHPS
2026-02-18,1771,harga_pihps_grosir,54700.0,Rp,CRW02,BD-PIHPS
2026-02-18,1771,harga_pihps_grosir,39250.0,Rp,DAY01,BD-PIHPS
2026-02-18,1771,harga_pihps_grosir,127500.0,Rp,DSP01,BD-PIHPS
2026-02-18,1771,harga_pihps_grosir,127500.0,Rp,DSP02,BD-PIHPS
2026-02-18,1771,harga_pihps_grosir,17500.0,Rp,GLP01,BD-PIHPS
2026-02-18,1771,harga_pihps_grosir,17500.0,Rp,MGR01,BD-PIHPS
2026-02-18,1771,harga_pihps_grosir,20000.0,Rp,MGR02,BD-PIHPS
2026-02-18,1771,harga_pihps_grosir,20000.0,Rp,MGR03,BD-PIHPS
2026-02-18,1771,harga_pihps_grosir,28550.0,Rp,TLR01,BD-PIHPS
2026-02-18,1771,harga_pihps_modern,15450.0,Rp,BRS01,BD-PIHPS
2026-02-18,1771,harga_pihps_modern,15100.0,Rp,BRS02,BD-PIHPS
2026-02-18,1771,harga_pihps_modern,16250.0,Rp,BRS03,BD-PIHPS
2026-02-18,1771,harga_pihps_modern,15900.0,Rp,BRS04,BD-PIHPS
2026-02-18,1771,harga_pihps_modern,15050.0,Rp,BRS05,BD-PIHPS
2026-02-18,1771,harga_pihps_modern,17350.0,Rp,BRS06,BD-PIHPS
2026-02-18,1771,harga_pihps_modern,63450.0,Rp,BWM01,BD-PIHPS
2026-02-18,1771,harga_pihps_modern,52950.0,Rp,BWP01,BD-PIHPS
2026-02-18,1771,harga_pihps_modern,90450.0,Rp,CMR01,BD-PIHPS
2026-02-18,1771,harga_pihps_modern,77950.0,Rp,CMR02,BD-PIHPS
2026-02-18,1771,harga_pihps_modern,82950.0,Rp,CRW01,BD-PIHPS
2026-02-18,1771,harga_pihps_modern,81450.0,Rp,CRW02,BD-PIHPS
2026-02-18,1771,harga_pihps_modern,45300.0,Rp,DAY01,BD-PIHPS
2026-02-18,1771,harga_pihps_modern,172950.0,Rp,DSP01,BD-PIHPS
2026-02-18,1771,harga_pihps_modern,167450.0,Rp,DSP02,BD-PIHPS
2026-02-18,1771,harga_pihps_modern,17000.0,Rp,GLP01,BD-PIHPS
2026-02-18,1771,harga_pihps_modern,17000.0,Rp,GLP02,BD-PIHPS
2026-02-18,1771,harga_pihps_modern,22750.0,Rp,MGR02,BD-PIHPS
2026-02-18,1771,harga_pihps_modern,24800.0,Rp,MGR03,BD-PIHPS
2026-02-18,1771,harga_pihps_modern,28550.0,Rp,TLR01,BD-PIHPS
2026-02-18,1771,harga_pihps_produsen,14000.0,Rp,BRS01,BD-PIHPS
2026-02-18,1771,harga_pihps_produsen,12450.0,Rp,BRS03,BD-PIHPS
2026-02-18,1771,harga_pihps_produsen,12550.0,Rp,BRS04,BD-PIHPS
2026-02-18,1771,harga_pihps_produsen,16000.0,Rp,BRS05,BD-PIHPS
2026-02-18,1771,harga_pihps_produsen,12600.0,Rp,BRS06,BD-PIHPS
2026-02-18,1771,harga_pihps_produsen,40000.0,Rp,CMR01,BD-PIHPS
2026-02-18,1771,harga_pihps_produsen,32000.0,Rp,CMR02,BD-PIHPS
2026-02-18,1771,harga_pihps_produsen,50000.0,Rp,CRW01,BD-PIHPS
2026-02-18,1771,harga_pihps_produsen,41400.0,Rp,CRW02,BD-PIHPS
2026-02-18,1771,harga_pihps_produsen,23850.0,Rp,DAY01,BD-PIHPS
2026-02-18,1771,harga_pihps_produsen,130000.0,Rp,DSP01,BD-PIHPS
2026-02-18,1771,harga_pihps_produsen,130000.0,Rp,DSP02,BD-PIHPS
2026-02-18,1771,harga_pihps_produsen,27700.0,Rp,TLR01,BD-PIHPS
2026-02-19,1771,harga_pihps,14250.0,Rp,BRS01,BD-PIHPS
2026-02-19,1771,harga_pihps,15600.0,Rp,BRS02,BD-PIHPS
2026-02-19,1771,harga_pihps,15350.0,Rp,BRS03,BD-PIHPS
2026-02-19,1771,harga_pihps,15650.0,Rp,BRS04,BD-PIHPS
2026-02-19,1771,harga_pihps,15850.0,Rp,BRS05,BD-PIHPS
2026-02-19,1771,harga_pihps,15850.0,Rp,BRS06,BD-PIHPS
2026-02-19,1771,harga_pihps,41400.0,Rp,BWM01,BD-PIHPS
2026-02-19,1771,harga_pihps,40650.0,Rp,BWP01,BD-PIHPS
2026-02-19,1771,harga_pihps,43650.0,Rp,CMR01,BD-PIHPS
2026-02-19,1771,harga_pihps,48500.0,Rp,CMR02,BD-PIHPS
2026-02-19,1771,harga_pihps,61900.0,Rp,CRW01,BD-PIHPS
2026-02-19,1771,harga_pihps,57000.0,Rp,CRW02,BD-PIHPS
2026-02-19,1771,harga_pihps,44650.0,Rp,DAY01,BD-PIHPS
2026-02-19,1771,harga_pihps,137500.0,Rp,DSP01,BD-PIHPS
2026-02-19,1771,harga_pihps,136250.0,Rp,DSP02,BD-PIHPS
2026-02-19,1771,harga_pihps,17950.0,Rp,GLP01,BD-PIHPS
2026-02-19,1771,harga_pihps,18900.0,Rp,GLP02,BD-PIHPS
2026-02-19,1771,harga_pihps,18150.0,Rp,MGR01,BD-PIHPS
2026-02-19,1771,harga_pihps,21550.0,Rp,MGR02,BD-PIHPS
2026-02-19,1771,harga_pihps,20800.0,Rp,MGR03,BD-PIHPS
2026-02-19,1771,harga_pihps,29400.0,Rp,TLR01,BD-PIHPS
2026-02-19,1771,harga_pihps_grosir,13650.0,Rp,BRS01,BD-PIHPS
2026-02-19,1771,harga_pihps_grosir,15000.0,Rp,BRS02,BD-PIHPS
2026-02-19,1771,harga_pihps_grosir,14900.0,Rp,BRS03,BD-PIHPS
2026-02-19,1771,harga_pihps_grosir,15250.0,Rp,BRS04,BD-PIHPS
2026-02-19,1771,harga_pihps_grosir,15100.0,Rp,BRS05,BD-PIHPS
2026-02-19,1771,harga_pihps_grosir,15450.0,Rp,BRS06,BD-PIHPS
2026-02-19,1771,harga_pihps_grosir,35000.0,Rp,BWM01,BD-PIHPS
2026-02-19,1771,harga_pihps_grosir,34500.0,Rp,BWP01,BD-PIHPS
2026-02-19,1771,harga_pihps_grosir,43000.0,Rp,CMR01,BD-PIHPS
2026-02-19,1771,harga_pihps_grosir,46000.0,Rp,CMR02,BD-PIHPS
2026-02-19,1771,harga_pihps_grosir,58500.0,Rp,CRW01,BD-PIHPS
2026-02-19,1771,harga_pihps_grosir,59600.0,Rp,CRW02,BD-PIHPS
2026-02-19,1771,harga_pihps_grosir,41250.0,Rp,DAY01,BD-PIHPS
2026-02-19,1771,harga_pihps_grosir,127500.0,Rp,DSP01,BD-PIHPS
2026-02-19,1771,harga_pihps_grosir,127500.0,Rp,DSP02,BD-PIHPS
2026-02-19,1771,harga_pihps_grosir,17500.0,Rp,GLP01,BD-PIHPS
2026-02-19,1771,harga_pihps_grosir,17500.0,Rp,MGR01,BD-PIHPS
2026-02-19,1771,harga_pihps_grosir,20000.0,Rp,MGR02,BD-PIHPS
2026-02-19,1771,harga_pihps_grosir,20000.0,Rp,MGR03,BD-PIHPS
2026-02-19,1771,harga_pihps_grosir,29150.0,Rp,TLR01,BD-PIHPS
2026-02-19,1771,harga_pihps_modern,15450.0,Rp,BRS01,BD-PIHPS
2026-02-19,1771,harga_pihps_modern,15100.0,Rp,BRS02,BD-PIHPS
2026-02-19,1771,harga_pihps_modern,16250.0,Rp,BRS03,BD-PIHPS
2026-02-19,1771,harga_pihps_modern,15900.0,Rp,BRS04,BD-PIHPS
2026-02-19,1771,harga_pihps_modern,15050.0,Rp,BRS05,BD-PIHPS
2026-02-19,1771,harga_pihps_modern,17350.0,Rp,BRS06,BD-PIHPS
2026-02-19,1771,harga_pihps_modern,63450.0,Rp,BWM01,BD-PIHPS
2026-02-19,1771,harga_pihps_modern,52950.0,Rp,BWP01,BD-PIHPS
2026-02-19,1771,harga_pihps_modern,90450.0,Rp,CMR01,BD-PIHPS
2026-02-19,1771,harga_pihps_modern,77950.0,Rp,CMR02,BD-PIHPS
2026-02-19,1771,harga_pihps_modern,82950.0,Rp,CRW01,BD-PIHPS
2026-02-19,1771,harga_pihps_modern,81450.0,Rp,CRW02,BD-PIHPS
2026-02-19,1771,harga_pihps_modern,45300.0,Rp,DAY01,BD-PIHPS
2026-02-19,1771,harga_pihps_modern,172950.0,Rp,DSP01,BD-PIHPS
2026-02-19,1771,harga_pihps_modern,167450.0,Rp,DSP02,BD-PIHPS
2026-02-19,1771,harga_pihps_modern,17000.0,Rp,GLP01,BD-PIHPS
2026-02-19,1771,harga_pihps_modern,17000.0,Rp,GLP02,BD-PIHPS
2026-02-19,1771,harga_pihps_modern,22750.0,Rp,MGR02,BD-PIHPS
2026-02-19,1771,harga_pihps_modern,24800.0,Rp,MGR03,BD-PIHPS
2026-02-19,1771,harga_pihps_modern,28550.0,Rp,TLR01,BD-PIHPS
2026-02-19,1771,harga_pihps_produsen,14000.0,Rp,BRS01,BD-PIHPS
2026-02-19,1771,harga_pihps_produsen,12450.0,Rp,BRS03,BD-PIHPS
2026-02-19,1771,harga_pihps_produsen,12550.0,Rp,BRS04,BD-PIHPS
2026-02-19,1771,harga_pihps_produsen,16000.0,Rp,BRS05,BD-PIHPS
2026-02-19,1771,harga_pihps_produsen,12600.0,Rp,BRS06,BD-PIHPS
2026-02-19,1771,harga_pihps_produsen,40000.0,Rp,CMR01,BD-PIHPS
2026-02-19,1771,harga_pihps_produsen,32000.0,Rp,CMR02,BD-PIHPS
2026-02-19,1771,harga_pihps_produsen,50000.0,Rp,CRW01,BD-PIHPS
2026-02-19,1771,harga_pihps_produsen,41400.0,Rp,CRW02,BD-PIHPS
2026-02-19,1771,harga_pihps_produsen,23850.0,Rp,DAY01,BD-PIHPS
2026-02-19,1771,harga_pihps_produsen,130000.0,Rp,DSP01,BD-PIHPS
2026-02-19,1771,harga_pihps_produsen,130000.0,Rp,DSP02,BD-PIHPS
2026-02-19,1771,harga_pihps_produsen,27700.0,Rp,TLR01,BD-PIHPS
2026-02-20,1771,harga_pihps,14250.0,Rp,BRS01,BD-PIHPS
2026-02-20,1771,harga_pihps,15600.0,Rp,BRS02,BD-PIHPS
2026-02-20,1771,harga_pihps,15350.0,Rp,BRS03,BD-PIHPS
2026-02-20,1771,harga_pihps,15650.0,Rp,BRS04,BD-PIHPS
2026-02-20,1771,harga_pihps,15850.0,Rp,BRS05,BD-PIHPS
2026-02-20,1771,harga_pihps,15850.0,Rp,BRS06,BD-PIHPS
2026-02-20,1771,harga_pihps,41250.0,Rp,BWM01,BD-PIHPS
2026-02-20,1771,harga_pihps,40650.0,Rp,BWP01,BD-PIHPS
2026-02-20,1771,harga_pihps,43000.0,Rp,CMR01,BD-PIHPS
2026-02-20,1771,harga_pihps,47250.0,Rp,CMR02,BD-PIHPS
2026-02-20,1771,harga_pihps,59400.0,Rp,CRW01,BD-PIHPS
2026-02-20,1771,harga_pihps,54900.0,Rp,CRW02,BD-PIHPS
2026-02-20,1771,harga_pihps,44650.0,Rp,DAY01,BD-PIHPS
2026-02-20,1771,harga_pihps,137500.0,Rp,DSP01,BD-PIHPS
2026-02-20,1771,harga_pihps,136250.0,Rp,DSP02,BD-PIHPS
2026-02-20,1771,harga_pihps,17950.0,Rp,GLP01,BD-PIHPS
2026-02-20,1771,harga_pihps,18900.0,Rp,GLP02,BD-PIHPS
2026-02-20,1771,harga_pihps,18150.0,Rp,MGR01,BD-PIHPS
2026-02-20,1771,harga_pihps,21700.0,Rp,MGR02,BD-PIHPS
2026-02-20,1771,harga_pihps,20800.0,Rp,MGR03,BD-PIHPS
2026-02-20,1771,harga_pihps,29350.0,Rp,TLR01,BD-PIHPS
2026-02-20,1771,harga_pihps_grosir,13650.0,Rp,BRS01,BD-PIHPS
2026-02-20,1771,harga_pihps_grosir,15000.0,Rp,BRS02,BD-PIHPS
2026-02-20,1771,harga_pihps_grosir,14900.0,Rp,BRS03,BD-PIHPS
2026-02-20,1771,harga_pihps_grosir,15250.0,Rp,BRS04,BD-PIHPS
2026-02-20,1771,harga_pihps_grosir,15100.0,Rp,BRS05,BD-PIHPS
2026-02-20,1771,harga_pihps_grosir,15450.0,Rp,BRS06,BD-PIHPS
2026-02-20,1771,harga_pihps_grosir,35000.0,Rp,BWM01,BD-PIHPS
2026-02-20,1771,harga_pihps_grosir,34500.0,Rp,BWP01,BD-PIHPS
2026-02-20,1771,harga_pihps_grosir,43000.0,Rp,CMR01,BD-PIHPS
2026-02-20,1771,harga_pihps_grosir,46000.0,Rp,CMR02,BD-PIHPS
2026-02-20,1771,harga_pihps_grosir,58500.0,Rp,CRW01,BD-PIHPS
2026-02-20,1771,harga_pihps_grosir,59600.0,Rp,CRW02,BD-PIHPS
2026-02-20,1771,harga_pihps_grosir,41250.0,Rp,DAY01,BD-PIHPS
2026-02-20,1771,harga_pihps_grosir,127500.0,Rp,DSP01,BD-PIHPS
2026-02-20,1771,harga_pihps_grosir,127500.0,Rp,DSP02,BD-PIHPS
2026-02-20,1771,harga_pihps_grosir,17500.0,Rp,GLP01,BD-PIHPS
2026-02-20,1771,harga_pihps_grosir,17500.0,Rp,MGR01,BD-PIHPS
2026-02-20,1771,harga_pihps_grosir,20000.0,Rp,MGR02,BD-PIHPS
2026-02-20,1771,harga_pihps_grosir,20000.0,Rp,MGR03,BD-PIHPS
2026-02-20,1771,harga_pihps_grosir,29150.0,Rp,TLR01,BD-PIHPS
2026-02-20,1771,harga_pihps_modern,15450.0,Rp,BRS01,BD-PIHPS
2026-02-20,1771,harga_pihps_modern,15100.0,Rp,BRS02,BD-PIHPS
2026-02-20,1771,harga_pihps_modern,16250.0,Rp,BRS03,BD-PIHPS
2026-02-20,1771,harga_pihps_modern,15900.0,Rp,BRS04,BD-PIHPS
2026-02-20,1771,harga_pihps_modern,15050.0,Rp,BRS05,BD-PIHPS
2026-02-20,1771,harga_pihps_modern,17350.0,Rp,BRS06,BD-PIHPS
2026-02-20,1771,harga_pihps_modern,63450.0,Rp,BWM01,BD-PIHPS
2026-02-20,1771,harga_pihps_modern,52950.0,Rp,BWP01,BD-PIHPS
2026-02-20,1771,harga_pihps_modern,90450.0,Rp,CMR01,BD-PIHPS
2026-02-20,1771,harga_pihps_modern,77950.0,Rp,CMR02,BD-PIHPS
2026-02-20,1771,harga_pihps_modern,82950.0,Rp,CRW01,BD-PIHPS
2026-02-20,1771,harga_pihps_modern,81450.0,Rp,CRW02,BD-PIHPS
2026-02-20,1771,harga_pihps_modern,45300.0,Rp,DAY01,BD-PIHPS
2026-02-20,1771,harga_pihps_modern,172950.0,Rp,DSP01,BD-PIHPS
2026-02-20,1771,harga_pihps_modern,167450.0,Rp,DSP02,BD-PIHPS
2026-02-20,1771,harga_pihps_modern,17000.0,Rp,GLP01,BD-PIHPS
2026-02-20,1771,harga_pihps_modern,17000.0,Rp,GLP02,BD-PIHPS
2026-02-20,1771,harga_pihps_modern,22750.0,Rp,MGR02,BD-PIHPS
2026-02-20,1771,harga_pihps_modern,24800.0,Rp,MGR03,BD-PIHPS
2026-02-20,1771,harga_pihps_modern,28550.0,Rp,TLR01,BD-PIHPS
2026-02-20,1771,harga_pihps_produsen,14000.0,Rp,BRS01,BD-PIHPS
2026-02-20,1771,harga_pihps_produsen,12450.0,Rp,BRS03,BD-PIHPS
2026-02-20,1771,harga_pihps_produsen,12550.0,Rp,BRS04,BD-PIHPS
2026-02-20,1771,harga_pihps_produsen,16000.0,Rp,BRS05,BD-PIHPS
2026-02-20,1771,harga_pihps_produsen,12600.0,Rp,BRS06,BD-PIHPS
2026-02-20,1771,harga_pihps_produsen,40000.0,Rp,CMR01,BD-PIHPS
2026-02-20,1771,harga_pihps_produsen,32000.0,Rp,CMR02,BD-PIHPS
2026-02-20,1771,harga_pihps_produsen,50000.0,Rp,CRW01,BD-PIHPS
2026-02-20,1771,harga_pihps_produsen,41400.0,Rp,CRW02,BD-PIHPS
2026-02-20,1771,harga_pihps_produsen,23850.0,Rp,DAY01,BD-PIHPS
2026-02-20,1771,harga_pihps_produsen,130000.0,Rp,DSP01,BD-PIHPS
2026-02-20,1771,harga_pihps_produsen,130000.0,Rp,DSP02,BD-PIHPS
2026-02-20,1771,harga_pihps_produsen,27700.0,Rp,TLR01,BD-PIHPS
2026-02-23,1771,harga_pihps,14250.0,Rp,BRS01,BD-PIHPS
2026-02-23,1771,harga_pihps,15600.0,Rp,BRS02,BD-PIHPS
2026-02-23,1771,harga_pihps,15350.0,Rp,BRS03,BD-PIHPS
2026-02-23,1771,harga_pihps,15650.0,Rp,BRS04,BD-PIHPS
2026-02-23,1771,harga_pihps,15850.0,Rp,BRS05,BD-PIHPS
2026-02-23,1771,harga_pihps,15850.0,Rp,BRS06,BD-PIHPS
2026-02-23,1771,harga_pihps,41400.0,Rp,BWM01,BD-PIHPS
2026-02-23,1771,harga_pihps,40000.0,Rp,BWP01,BD-PIHPS
2026-02-23,1771,harga_pihps,42000.0,Rp,CMR01,BD-PIHPS
2026-02-23,1771,harga_pihps,47000.0,Rp,CMR02,BD-PIHPS
2026-02-23,1771,harga_pihps,57000.0,Rp,CRW01,BD-PIHPS
2026-02-23,1771,harga_pihps,54600.0,Rp,CRW02,BD-PIHPS
2026-02-23,1771,harga_pihps,43750.0,Rp,DAY01,BD-PIHPS
2026-02-23,1771,harga_pihps,137500.0,Rp,DSP01,BD-PIHPS
2026-02-23,1771,harga_pihps,136250.0,Rp,DSP02,BD-PIHPS
2026-02-23,1771,harga_pihps,17950.0,Rp,GLP01,BD-PIHPS
2026-02-23,1771,harga_pihps,18900.0,Rp,GLP02,BD-PIHPS
2026-02-23,1771,harga_pihps,18150.0,Rp,MGR01,BD-PIHPS
2026-02-23,1771,harga_pihps,21550.0,Rp,MGR02,BD-PIHPS
2026-02-23,1771,harga_pihps,20800.0,Rp,MGR03,BD-PIHPS
2026-02-23,1771,harga_pihps,29350.0,Rp,TLR01,BD-PIHPS
2026-02-23,1771,harga_pihps_grosir,13650.0,Rp,BRS01,BD-PIHPS
2026-02-23,1771,harga_pihps_grosir,15000.0,Rp,BRS02,BD-PIHPS
2026-02-23,1771,harga_pihps_grosir,14900.0,Rp,BRS03,BD-PIHPS
2026-02-23,1771,harga_pihps_grosir,15250.0,Rp,BRS04,BD-PIHPS
2026-02-23,1771,harga_pihps_grosir,15100.0,Rp,BRS05,BD-PIHPS
2026-02-23,1771,harga_pihps_grosir,15450.0,Rp,BRS06,BD-PIHPS
2026-02-23,1771,harga_pihps_grosir,35000.0,Rp,BWM01,BD-PIHPS
2026-02-23,1771,harga_pihps_grosir,34500.0,Rp,BWP01,BD-PIHPS
2026-02-23,1771,harga_pihps_grosir,43000.0,Rp,CMR01,BD-PIHPS
2026-02-23,1771,harga_pihps_grosir,46000.0,Rp,CMR02,BD-PIHPS
2026-02-23,1771,harga_pihps_grosir,58500.0,Rp,CRW01,BD-PIHPS
2026-02-23,1771,harga_pihps_grosir,59600.0,Rp,CRW02,BD-PIHPS
2026-02-23,1771,harga_pihps_grosir,41250.0,Rp,DAY01,BD-PIHPS
2026-02-23,1771,harga_pihps_grosir,127500.0,Rp,DSP01,BD-PIHPS
2026-02-23,1771,harga_pihps_grosir,127500.0,Rp,DSP02,BD-PIHPS
2026-02-23,1771,harga_pihps_grosir,17500.0,Rp,GLP01,BD-PIHPS
2026-02-23,1771,harga_pihps_grosir,17500.0,Rp,MGR01,BD-PIHPS
2026-02-23,1771,harga_pihps_grosir,20000.0,Rp,MGR02,BD-PIHPS
2026-02-23,1771,harga_pihps_grosir,20000.0,Rp,MGR03,BD-PIHPS
2026-02-23,1771,harga_pihps_grosir,29150.0,Rp,TLR01,BD-PIHPS
2026-02-23,1771,harga_pihps_modern,15450.0,Rp,BRS01,BD-PIHPS
2026-02-23,1771,harga_pihps_modern,15100.0,Rp,BRS02,BD-PIHPS
2026-02-23,1771,harga_pihps_modern,16250.0,Rp,BRS03,BD-PIHPS
2026-02-23,1771,harga_pihps_modern,15900.0,Rp,BRS04,BD-PIHPS
2026-02-23,1771,harga_pihps_modern,15050.0,Rp,BRS05,BD-PIHPS
2026-02-23,1771,harga_pihps_modern,17350.0,Rp,BRS06,BD-PIHPS
2026-02-23,1771,harga_pihps_modern,63450.0,Rp,BWM01,BD-PIHPS
2026-02-23,1771,harga_pihps_modern,52950.0,Rp,BWP01,BD-PIHPS
2026-02-23,1771,harga_pihps_modern,90450.0,Rp,CMR01,BD-PIHPS
2026-02-23,1771,harga_pihps_modern,77950.0,Rp,CMR02,BD-PIHPS
2026-02-23,1771,harga_pihps_modern,82950.0,Rp,CRW01,BD-PIHPS
2026-02-23,1771,harga_pihps_modern,81450.0,Rp,CRW02,BD-PIHPS
2026-02-23,1771,harga_pihps_modern,45300.0,Rp,DAY01,BD-PIHPS
2026-02-23,1771,harga_pihps_modern,172950.0,Rp,DSP01,BD-PIHPS
2026-02-23,1771,harga_pihps_modern,167450.0,Rp,DSP02,BD-PIHPS
2026-02-23,1771,harga_pihps_modern,17000.0,Rp,GLP01,BD-PIHPS
2026-02-23,1771,harga_pihps_modern,17000.0,Rp,GLP02,BD-PIHPS
2026-02-23,1771,harga_pihps_modern,22750.0,Rp,MGR02,BD-PIHPS
2026-02-23,1771,harga_pihps_modern,24800.0,Rp,MGR03,BD-PIHPS
2026-02-23,1771,harga_pihps_modern,28550.0,Rp,TLR01,BD-PIHPS
2026-02-23,1771,harga_pihps_produsen,14000.0,Rp,BRS01,BD-PIHPS
2026-02-23,1771,harga_pihps_produsen,12450.0,Rp,BRS03,BD-PIHPS
2026-02-23,1771,harga_pihps_produsen,12550.0,Rp,BRS04,BD-PIHPS
2026-02-23,1771,harga_pihps_produsen,16000.0,Rp,BRS05,BD-PIHPS
2026-02-23,1771,harga_pihps_produsen,12600.0,Rp,BRS06,BD-PIHPS
2026-02-23,1771,harga_pihps_produsen,40000.0,Rp,CMR01,BD-PIHPS
2026-02-23,1771,harga_pihps_produsen,32000.0,Rp,CMR02,BD-PIHPS
2026-02-23,1771,harga_pihps_produsen,50000.0,Rp,CRW01,BD-PIHPS
2026-02-23,1771,harga_pihps_produsen,41400.0,Rp,CRW02,BD-PIHPS
2026-02-23,1771,harga_pihps_produsen,23850.0,Rp,DAY01,BD-PIHPS
2026-02-23,1771,harga_pihps_produsen,130000.0,Rp,DSP01,BD-PIHPS
2026-02-23,1771,harga_pihps_produsen,130000.0,Rp,DSP02,BD-PIHPS
2026-02-23,1771,harga_pihps_produsen,27700.0,Rp,TLR01,BD-PIHPS
2026-02-24,1771,harga_pihps,14250.0,Rp,BRS01,BD-PIHPS
2026-02-24,1771,harga_pihps,15600.0,Rp,BRS02,BD-PIHPS
2026-02-24,1771,harga_pihps,15350.0,Rp,BRS03,BD-PIHPS
2026-02-24,1771,harga_pihps,15650.0,Rp,BRS04,BD-PIHPS
2026-02-24,1771,harga_pihps,15850.0,Rp,BRS05,BD-PIHPS
2026-02-24,1771,harga_pihps,15850.0,Rp,BRS06,BD-PIHPS
2026-02-24,1771,harga_pihps,41400.0,Rp,BWM01,BD-PIHPS
2026-02-24,1771,harga_pihps,39500.0,Rp,BWP01,BD-PIHPS
2026-02-24,1771,harga_pihps,41750.0,Rp,CMR01,BD-PIHPS
2026-02-24,1771,harga_pihps,46650.0,Rp,CMR02,BD-PIHPS
2026-02-24,1771,harga_pihps,54750.0,Rp,CRW01,BD-PIHPS
2026-02-24,1771,harga_pihps,53250.0,Rp,CRW02,BD-PIHPS
2026-02-24,1771,harga_pihps,43400.0,Rp,DAY01,BD-PIHPS
2026-02-24,1771,harga_pihps,137500.0,Rp,DSP01,BD-PIHPS
2026-02-24,1771,harga_pihps,136250.0,Rp,DSP02,BD-PIHPS
2026-02-24,1771,harga_pihps,17950.0,Rp,GLP01,BD-PIHPS
2026-02-24,1771,harga_pihps,18900.0,Rp,GLP02,BD-PIHPS
2026-02-24,1771,harga_pihps,18150.0,Rp,MGR01,BD-PIHPS
2026-02-24,1771,harga_pihps,21550.0,Rp,MGR02,BD-PIHPS
2026-02-24,1771,harga_pihps,20800.0,Rp,MGR03,BD-PIHPS
2026-02-24,1771,harga_pihps,29350.0,Rp,TLR01,BD-PIHPS
2026-02-24,1771,harga_pihps_grosir,13650.0,Rp,BRS01,BD-PIHPS
2026-02-24,1771,harga_pihps_grosir,15000.0,Rp,BRS02,BD-PIHPS
2026-02-24,1771,harga_pihps_grosir,14900.0,Rp,BRS03,BD-PIHPS
2026-02-24,1771,harga_pihps_grosir,15250.0,Rp,BRS04,BD-PIHPS
2026-02-24,1771,harga_pihps_grosir,15100.0,Rp,BRS05,BD-PIHPS
2026-02-24,1771,harga_pihps_grosir,15450.0,Rp,BRS06,BD-PIHPS
2026-02-24,1771,harga_pihps_grosir,35000.0,Rp,BWM01,BD-PIHPS
2026-02-24,1771,harga_pihps_grosir,34500.0,Rp,BWP01,BD-PIHPS
2026-02-24,1771,harga_pihps_grosir,43000.0,Rp,CMR01,BD-PIHPS
2026-02-24,1771,harga_pihps_grosir,46000.0,Rp,CMR02,BD-PIHPS
2026-02-24,1771,harga_pihps_grosir,58500.0,Rp,CRW01,BD-PIHPS
2026-02-24,1771,harga_pihps_grosir,59600.0,Rp,CRW02,BD-PIHPS
2026-02-24,1771,harga_pihps_grosir,41250.0,Rp,DAY01,BD-PIHPS
2026-02-24,1771,harga_pihps_grosir,127500.0,Rp,DSP01,BD-PIHPS
2026-02-24,1771,harga_pihps_grosir,127500.0,Rp,DSP02,BD-PIHPS
2026-02-24,1771,harga_pihps_grosir,17500.0,Rp,GLP01,BD-PIHPS
2026-02-24,1771,harga_pihps_grosir,17500.0,Rp,MGR01,BD-PIHPS
2026-02-24,1771,harga_pihps_grosir,20000.0,Rp,MGR02,BD-PIHPS
2026-02-24,1771,harga_pihps_grosir,20000.0,Rp,MGR03,BD-PIHPS
2026-02-24,1771,harga_pihps_grosir,29150.0,Rp,TLR01,BD-PIHPS
2026-02-24,1771,harga_pihps_modern,15450.0,Rp,BRS01,BD-PIHPS
2026-02-24,1771,harga_pihps_modern,15100.0,Rp,BRS02,BD-PIHPS
2026-02-24,1771,harga_pihps_modern,16250.0,Rp,BRS03,BD-PIHPS
2026-02-24,1771,harga_pihps_modern,15900.0,Rp,BRS04,BD-PIHPS
2026-02-24,1771,harga_pihps_modern,15050.0,Rp,BRS05,BD-PIHPS
2026-02-24,1771,harga_pihps_modern,17350.0,Rp,BRS06,BD-PIHPS
2026-02-24,1771,harga_pihps_modern,59450.0,Rp,BWM01,BD-PIHPS
2026-02-24,1771,harga_pihps_modern,49450.0,Rp,BWP01,BD-PIHPS
2026-02-24,1771,harga_pihps_modern,92950.0,Rp,CMR01,BD-PIHPS
2026-02-24,1771,harga_pihps_modern,79450.0,Rp,CMR02,BD-PIHPS
2026-02-24,1771,harga_pihps_modern,85450.0,Rp,CRW01,BD-PIHPS
2026-02-24,1771,harga_pihps_modern,81450.0,Rp,CRW02,BD-PIHPS
2026-02-24,1771,harga_pihps_modern,48450.0,Rp,DAY01,BD-PIHPS
2026-02-24,1771,harga_pihps_modern,159950.0,Rp,DSP01,BD-PIHPS
2026-02-24,1771,harga_pihps_modern,167450.0,Rp,DSP02,BD-PIHPS
2026-02-24,1771,harga_pihps_modern,17150.0,Rp,GLP01,BD-PIHPS
2026-02-24,1771,harga_pihps_modern,17000.0,Rp,GLP02,BD-PIHPS
2026-02-24,1771,harga_pihps_modern,22750.0,Rp,MGR02,BD-PIHPS
2026-02-24,1771,harga_pihps_modern,24800.0,Rp,MGR03,BD-PIHPS
2026-02-24,1771,harga_pihps_modern,28550.0,Rp,TLR01,BD-PIHPS
2026-02-25,1771,harga_pihps,14250.0,Rp,BRS01,BD-PIHPS
2026-02-25,1771,harga_pihps,15600.0,Rp,BRS02,BD-PIHPS
2026-02-25,1771,harga_pihps,15350.0,Rp,BRS03,BD-PIHPS
2026-02-25,1771,harga_pihps,15650.0,Rp,BRS04,BD-PIHPS
2026-02-25,1771,harga_pihps,15850.0,Rp,BRS05,BD-PIHPS
2026-02-25,1771,harga_pihps,15850.0,Rp,BRS06,BD-PIHPS
2026-02-25,1771,harga_pihps,41400.0,Rp,BWM01,BD-PIHPS
2026-02-25,1771,harga_pihps,39250.0,Rp,BWP01,BD-PIHPS
2026-02-25,1771,harga_pihps,37500.0,Rp,CMR01,BD-PIHPS
2026-02-25,1771,harga_pihps,42000.0,Rp,CMR02,BD-PIHPS
2026-02-25,1771,harga_pihps,52750.0,Rp,CRW01,BD-PIHPS
2026-02-25,1771,harga_pihps,50200.0,Rp,CRW02,BD-PIHPS
2026-02-25,1771,harga_pihps,42900.0,Rp,DAY01,BD-PIHPS
2026-02-25,1771,harga_pihps,137500.0,Rp,DSP01,BD-PIHPS
2026-02-25,1771,harga_pihps,137500.0,Rp,DSP02,BD-PIHPS
2026-02-25,1771,harga_pihps,17950.0,Rp,GLP01,BD-PIHPS
2026-02-25,1771,harga_pihps,18900.0,Rp,GLP02,BD-PIHPS
2026-02-25,1771,harga_pihps,18150.0,Rp,MGR01,BD-PIHPS
2026-02-25,1771,harga_pihps,21550.0,Rp,MGR02,BD-PIHPS
2026-02-25,1771,harga_pihps,20800.0,Rp,MGR03,BD-PIHPS
2026-02-25,1771,harga_pihps,29350.0,Rp,TLR01,BD-PIHPS
2026-02-25,1771,harga_pihps_grosir,13650.0,Rp,BRS01,BD-PIHPS
2026-02-25,1771,harga_pihps_grosir,15000.0,Rp,BRS02,BD-PIHPS
2026-02-25,1771,harga_pihps_grosir,14900.0,Rp,BRS03,BD-PIHPS
2026-02-25,1771,harga_pihps_grosir,15250.0,Rp,BRS04,BD-PIHPS
2026-02-25,1771,harga_pihps_grosir,15100.0,Rp,BRS05,BD-PIHPS
2026-02-25,1771,harga_pihps_grosir,15450.0,Rp,BRS06,BD-PIHPS
2026-02-25,1771,harga_pihps_grosir,35000.0,Rp,BWM01,BD-PIHPS
2026-02-25,1771,harga_pihps_grosir,34500.0,Rp,BWP01,BD-PIHPS
2026-02-25,1771,harga_pihps_grosir,43000.0,Rp,CMR01,BD-PIHPS
2026-02-25,1771,harga_pihps_grosir,46000.0,Rp,CMR02,BD-PIHPS
2026-02-25,1771,harga_pihps_grosir,58500.0,Rp,CRW01,BD-PIHPS
2026-02-25,1771,harga_pihps_grosir,59600.0,Rp,CRW02,BD-PIHPS
2026-02-25,1771,harga_pihps_grosir,41250.0,Rp,DAY01,BD-PIHPS
2026-02-25,1771,harga_pihps_grosir,127500.0,Rp,DSP01,BD-PIHPS
2026-02-25,1771,harga_pihps_grosir,127500.0,Rp,DSP02,BD-PIHPS
2026-02-25,1771,harga_pihps_grosir,17500.0,Rp,GLP01,BD-PIHPS
2026-02-25,1771,harga_pihps_grosir,17500.0,Rp,MGR01,BD-PIHPS
2026-02-25,1771,harga_pihps_grosir,20000.0,Rp,MGR02,BD-PIHPS
2026-02-25,1771,harga_pihps_grosir,20000.0,Rp,MGR03,BD-PIHPS
2026-02-25,1771,harga_pihps_grosir,29150.0,Rp,TLR01,BD-PIHPS
2026-02-25,1771,harga_pihps_modern,15450.0,Rp,BRS01,BD-PIHPS
2026-02-25,1771,harga_pihps_modern,15100.0,Rp,BRS02,BD-PIHPS
2026-02-25,1771,harga_pihps_modern,16250.0,Rp,BRS03,BD-PIHPS
2026-02-25,1771,harga_pihps_modern,15900.0,Rp,BRS04,BD-PIHPS
2026-02-25,1771,harga_pihps_modern,15050.0,Rp,BRS05,BD-PIHPS
2026-02-25,1771,harga_pihps_modern,17350.0,Rp,BRS06,BD-PIHPS
2026-02-25,1771,harga_pihps_modern,59450.0,Rp,BWM01,BD-PIHPS
2026-02-25,1771,harga_pihps_modern,49450.0,Rp,BWP01,BD-PIHPS
2026-02-25,1771,harga_pihps_modern,92950.0,Rp,CMR01,BD-PIHPS
2026-02-25,1771,harga_pihps_modern,79450.0,Rp,CMR02,BD-PIHPS
2026-02-25,1771,harga_pihps_modern,85450.0,Rp,CRW01,BD-PIHPS
2026-02-25,1771,harga_pihps_modern,81450.0,Rp,CRW02,BD-PIHPS
2026-02-25,1771,harga_pihps_modern,48450.0,Rp,DAY01,BD-PIHPS
2026-02-25,1771,harga_pihps_modern,159950.0,Rp,DSP01,BD-PIHPS
2026-02-25,1771,harga_pihps_modern,167450.0,Rp,DSP02,BD-PIHPS
2026-02-25,1771,harga_pihps_modern,17150.0,Rp,GLP01,BD-PIHPS
2026-02-25,1771,harga_pihps_modern,17000.0,Rp,GLP02,BD-PIHPS
2026-02-25,1771,harga_pihps_modern,22750.0,Rp,MGR02,BD-PIHPS
2026-02-25,1771,harga_pihps_modern,24800.0,Rp,MGR03,BD-PIHPS
2026-02-25,1771,harga_pihps_modern,28550.0,Rp,TLR01,BD-PIHPS
2026-02-25,1771,harga_pihps_produsen,14000.0,Rp,BRS01,BD-PIHPS
2026-02-25,1771,harga_pihps_produsen,13500.0,Rp,BRS03,BD-PIHPS
2026-02-25,1771,harga_pihps_produsen,13300.0,Rp,BRS04,BD-PIHPS
2026-02-25,1771,harga_pihps_produsen,16000.0,Rp,BRS05,BD-PIHPS
2026-02-25,1771,harga_pihps_produsen,13600.0,Rp,BRS06,BD-PIHPS
2026-02-25,1771,harga_pihps_produsen,32500.0,Rp,CMR01,BD-PIHPS
2026-02-25,1771,harga_pihps_produsen,36000.0,Rp,CMR02,BD-PIHPS
2026-02-25,1771,harga_pihps_produsen,42650.0,Rp,CRW02,BD-PIHPS
2026-02-25,1771,harga_pihps_produsen,26850.0,Rp,DAY01,BD-PIHPS
2026-02-25,1771,harga_pihps_produsen,140000.0,Rp,DSP01,BD-PIHPS
2026-02-25,1771,harga_pihps_produsen,130000.0,Rp,DSP02,BD-PIHPS
2026-02-25,1771,harga_pihps_produsen,25800.0,Rp,TLR01,BD-PIHPS
2026-02-26,1771,harga_pihps,14250.0,Rp,BRS01,BD-PIHPS
2026-02-26,1771,harga_pihps,15600.0,Rp,BRS02,BD-PIHPS
2026-02-26,1771,harga_pihps,15350.0,Rp,BRS03,BD-PIHPS
2026-02-26,1771,harga_pihps,15650.0,Rp,BRS04,BD-PIHPS
2026-02-26,1771,harga_pihps,15850.0,Rp,BRS05,BD-PIHPS
2026-02-26,1771,harga_pihps,15800.0,Rp,BRS06,BD-PIHPS
2026-02-26,1771,harga_pihps,41400.0,Rp,BWM01,BD-PIHPS
2026-02-26,1771,harga_pihps,39000.0,Rp,BWP01,BD-PIHPS
2026-02-26,1771,harga_pihps,33500.0,Rp,CMR01,BD-PIHPS
2026-02-26,1771,harga_pihps,37750.0,Rp,CMR02,BD-PIHPS
2026-02-26,1771,harga_pihps,50250.0,Rp,CRW01,BD-PIHPS
2026-02-26,1771,harga_pihps,47100.0,Rp,CRW02,BD-PIHPS
2026-02-26,1771,harga_pihps,42900.0,Rp,DAY01,BD-PIHPS
2026-02-26,1771,harga_pihps,137500.0,Rp,DSP01,BD-PIHPS
2026-02-26,1771,harga_pihps,137500.0,Rp,DSP02,BD-PIHPS
2026-02-26,1771,harga_pihps,17950.0,Rp,GLP01,BD-PIHPS
2026-02-26,1771,harga_pihps,18900.0,Rp,GLP02,BD-PIHPS
2026-02-26,1771,harga_pihps,18150.0,Rp,MGR01,BD-PIHPS
2026-02-26,1771,harga_pihps,21550.0,Rp,MGR02,BD-PIHPS
2026-02-26,1771,harga_pihps,20800.0,Rp,MGR03,BD-PIHPS
2026-02-26,1771,harga_pihps,29350.0,Rp,TLR01,BD-PIHPS
2026-02-26,1771,harga_pihps_grosir,13650.0,Rp,BRS01,BD-PIHPS
2026-02-26,1771,harga_pihps_grosir,15000.0,Rp,BRS02,BD-PIHPS
2026-02-26,1771,harga_pihps_grosir,14900.0,Rp,BRS03,BD-PIHPS
2026-02-26,1771,harga_pihps_grosir,15250.0,Rp,BRS04,BD-PIHPS
2026-02-26,1771,harga_pihps_grosir,15100.0,Rp,BRS05,BD-PIHPS
2026-02-26,1771,harga_pihps_grosir,15450.0,Rp,BRS06,BD-PIHPS
2026-02-26,1771,harga_pihps_grosir,35500.0,Rp,BWM01,BD-PIHPS
2026-02-26,1771,harga_pihps_grosir,34500.0,Rp,BWP01,BD-PIHPS
2026-02-26,1771,harga_pihps_grosir,41000.0,Rp,CMR01,BD-PIHPS
2026-02-26,1771,harga_pihps_grosir,44000.0,Rp,CMR02,BD-PIHPS
2026-02-26,1771,harga_pihps_grosir,54000.0,Rp,CRW01,BD-PIHPS
2026-02-26,1771,harga_pihps_grosir,61300.0,Rp,CRW02,BD-PIHPS
2026-02-26,1771,harga_pihps_grosir,41750.0,Rp,DAY01,BD-PIHPS
2026-02-26,1771,harga_pihps_grosir,127500.0,Rp,DSP01,BD-PIHPS
2026-02-26,1771,harga_pihps_grosir,127500.0,Rp,DSP02,BD-PIHPS
2026-02-26,1771,harga_pihps_grosir,17500.0,Rp,GLP01,BD-PIHPS
2026-02-26,1771,harga_pihps_grosir,17500.0,Rp,MGR01,BD-PIHPS
2026-02-26,1771,harga_pihps_grosir,20000.0,Rp,MGR02,BD-PIHPS
2026-02-26,1771,harga_pihps_grosir,20000.0,Rp,MGR03,BD-PIHPS
2026-02-26,1771,harga_pihps_grosir,29200.0,Rp,TLR01,BD-PIHPS
2026-02-26,1771,harga_pihps_modern,15450.0,Rp,BRS01,BD-PIHPS
2026-02-26,1771,harga_pihps_modern,15100.0,Rp,BRS02,BD-PIHPS
2026-02-26,1771,harga_pihps_modern,16250.0,Rp,BRS03,BD-PIHPS
2026-02-26,1771,harga_pihps_modern,15900.0,Rp,BRS04,BD-PIHPS
2026-02-26,1771,harga_pihps_modern,15050.0,Rp,BRS05,BD-PIHPS
2026-02-26,1771,harga_pihps_modern,17350.0,Rp,BRS06,BD-PIHPS
2026-02-26,1771,harga_pihps_modern,59450.0,Rp,BWM01,BD-PIHPS
2026-02-26,1771,harga_pihps_modern,49450.0,Rp,BWP01,BD-PIHPS
2026-02-26,1771,harga_pihps_modern,92950.0,Rp,CMR01,BD-PIHPS
2026-02-26,1771,harga_pihps_modern,79450.0,Rp,CMR02,BD-PIHPS
2026-02-26,1771,harga_pihps_modern,85450.0,Rp,CRW01,BD-PIHPS
2026-02-26,1771,harga_pihps_modern,81450.0,Rp,CRW02,BD-PIHPS
2026-02-26,1771,harga_pihps_modern,48450.0,Rp,DAY01,BD-PIHPS
2026-02-26,1771,harga_pihps_modern,159950.0,Rp,DSP01,BD-PIHPS
2026-02-26,1771,harga_pihps_modern,167450.0,Rp,DSP02,BD-PIHPS
2026-02-26,1771,harga_pihps_modern,17150.0,Rp,GLP01,BD-PIHPS
2026-02-26,1771,harga_pihps_modern,17000.0,Rp,GLP02,BD-PIHPS
2026-02-26,1771,harga_pihps_modern,22750.0,Rp,MGR02,BD-PIHPS
2026-02-26,1771,harga_pihps_modern,24800.0,Rp,MGR03,BD-PIHPS
2026-02-26,1771,harga_pihps_modern,28550.0,Rp,TLR01,BD-PIHPS
2026-02-26,1771,harga_pihps_produsen,14000.0,Rp,BRS01,BD-PIHPS
2026-02-26,1771,harga_pihps_produsen,13500.0,Rp,BRS03,BD-PIHPS
2026-02-26,1771,harga_pihps_produsen,13300.0,Rp,BRS04,BD-PIHPS
2026-02-26,1771,harga_pihps_produsen,16000.0,Rp,BRS05,BD-PIHPS
2026-02-26,1771,harga_pihps_produsen,13600.0,Rp,BRS06,BD-PIHPS
2026-02-26,1771,harga_pihps_produsen,32500.0,Rp,CMR01,BD-PIHPS
2026-02-26,1771,harga_pihps_produsen,36000.0,Rp,CMR02,BD-PIHPS
2026-02-26,1771,harga_pihps_produsen,42650.0,Rp,CRW02,BD-PIHPS
2026-02-26,1771,harga_pihps_produsen,26850.0,Rp,DAY01,BD-PIHPS
2026-02-26,1771,harga_pihps_produsen,140000.0,Rp,DSP01,BD-PIHPS
2026-02-26,1771,harga_pihps_produsen,130000.0,Rp,DSP02,BD-PIHPS
2026-02-26,1771,harga_pihps_produsen,25800.0,Rp,TLR01,BD-PIHPS
2026-02-27,1771,harga_pihps,14250.0,Rp,BRS01,BD-PIHPS
2026-02-27,1771,harga_pihps,15600.0,Rp,BRS02,BD-PIHPS
2026-02-27,1771,harga_pihps,15350.0,Rp,BRS03,BD-PIHPS
2026-02-27,1771,harga_pihps,15600.0,Rp,BRS04,BD-PIHPS
2026-02-27,1771,harga_pihps,15800.0,Rp,BRS05,BD-PIHPS
2026-02-27,1771,harga_pihps,15800.0,Rp,BRS06,BD-PIHPS
2026-02-27,1771,harga_pihps,41400.0,Rp,BWM01,BD-PIHPS
2026-02-27,1771,harga_pihps,38650.0,Rp,BWP01,BD-PIHPS
2026-02-27,1771,harga_pihps,32250.0,Rp,CMR01,BD-PIHPS
2026-02-27,1771,harga_pihps,36750.0,Rp,CMR02,BD-PIHPS
2026-02-27,1771,harga_pihps,52400.0,Rp,CRW01,BD-PIHPS
2026-02-27,1771,harga_pihps,48450.0,Rp,CRW02,BD-PIHPS
2026-02-27,1771,harga_pihps,42400.0,Rp,DAY01,BD-PIHPS
2026-02-27,1771,harga_pihps,137500.0,Rp,DSP01,BD-PIHPS
2026-02-27,1771,harga_pihps,137500.0,Rp,DSP02,BD-PIHPS
2026-02-27,1771,harga_pihps,17950.0,Rp,GLP01,BD-PIHPS
2026-02-27,1771,harga_pihps,18900.0,Rp,GLP02,BD-PIHPS
2026-02-27,1771,harga_pihps,18150.0,Rp,MGR01,BD-PIHPS
2026-02-27,1771,harga_pihps,21700.0,Rp,MGR02,BD-PIHPS
2026-02-27,1771,harga_pihps,20950.0,Rp,MGR03,BD-PIHPS
2026-02-27,1771,harga_pihps,29550.0,Rp,TLR01,BD-PIHPS
2026-02-27,1771,harga_pihps_grosir,13650.0,Rp,BRS01,BD-PIHPS
2026-02-27,1771,harga_pihps_grosir,15000.0,Rp,BRS02,BD-PIHPS
2026-02-27,1771,harga_pihps_grosir,14900.0,Rp,BRS03,BD-PIHPS
2026-02-27,1771,harga_pihps_grosir,15250.0,Rp,BRS04,BD-PIHPS
2026-02-27,1771,harga_pihps_grosir,15100.0,Rp,BRS05,BD-PIHPS
2026-02-27,1771,harga_pihps_grosir,15450.0,Rp,BRS06,BD-PIHPS
2026-02-27,1771,harga_pihps_grosir,35500.0,Rp,BWM01,BD-PIHPS
2026-02-27,1771,harga_pihps_grosir,34500.0,Rp,BWP01,BD-PIHPS
2026-02-27,1771,harga_pihps_grosir,41000.0,Rp,CMR01,BD-PIHPS
2026-02-27,1771,harga_pihps_grosir,44000.0,Rp,CMR02,BD-PIHPS
2026-02-27,1771,harga_pihps_grosir,54000.0,Rp,CRW01,BD-PIHPS
2026-02-27,1771,harga_pihps_grosir,61300.0,Rp,CRW02,BD-PIHPS
2026-02-27,1771,harga_pihps_grosir,41750.0,Rp,DAY01,BD-PIHPS
2026-02-27,1771,harga_pihps_grosir,127500.0,Rp,DSP01,BD-PIHPS
2026-02-27,1771,harga_pihps_grosir,127500.0,Rp,DSP02,BD-PIHPS
2026-02-27,1771,harga_pihps_grosir,17500.0,Rp,GLP01,BD-PIHPS
2026-02-27,1771,harga_pihps_grosir,17500.0,Rp,MGR01,BD-PIHPS
2026-02-27,1771,harga_pihps_grosir,20000.0,Rp,MGR02,BD-PIHPS
2026-02-27,1771,harga_pihps_grosir,20000.0,Rp,MGR03,BD-PIHPS
2026-02-27,1771,harga_pihps_grosir,29200.0,Rp,TLR01,BD-PIHPS
2026-02-27,1771,harga_pihps_modern,15450.0,Rp,BRS01,BD-PIHPS
2026-02-27,1771,harga_pihps_modern,15100.0,Rp,BRS02,BD-PIHPS
2026-02-27,1771,harga_pihps_modern,16250.0,Rp,BRS03,BD-PIHPS
2026-02-27,1771,harga_pihps_modern,15900.0,Rp,BRS04,BD-PIHPS
2026-02-27,1771,harga_pihps_modern,15050.0,Rp,BRS05,BD-PIHPS
2026-02-27,1771,harga_pihps_modern,17350.0,Rp,BRS06,BD-PIHPS
2026-02-27,1771,harga_pihps_modern,59450.0,Rp,BWM01,BD-PIHPS
2026-02-27,1771,harga_pihps_modern,49450.0,Rp,BWP01,BD-PIHPS
2026-02-27,1771,harga_pihps_modern,92950.0,Rp,CMR01,BD-PIHPS
2026-02-27,1771,harga_pihps_modern,79450.0,Rp,CMR02,BD-PIHPS
2026-02-27,1771,harga_pihps_modern,85450.0,Rp,CRW01,BD-PIHPS
2026-02-27,1771,harga_pihps_modern,81450.0,Rp,CRW02,BD-PIHPS
2026-02-27,1771,harga_pihps_modern,48450.0,Rp,DAY01,BD-PIHPS
2026-02-27,1771,harga_pihps_modern,159950.0,Rp,DSP01,BD-PIHPS
2026-02-27,1771,harga_pihps_modern,167450.0,Rp,DSP02,BD-PIHPS
2026-02-27,1771,harga_pihps_modern,17150.0,Rp,GLP01,BD-PIHPS
2026-02-27,1771,harga_pihps_modern,17000.0,Rp,GLP02,BD-PIHPS
2026-02-27,1771,harga_pihps_modern,22750.0,Rp,MGR02,BD-PIHPS
2026-02-27,1771,harga_pihps_modern,24800.0,Rp,MGR03,BD-PIHPS
2026-02-27,1771,harga_pihps_modern,28550.0,Rp,TLR01,BD-PIHPS
2026-02-27,1771,harga_pihps_produsen,14000.0,Rp,BRS01,BD-PIHPS
2026-02-27,1771,harga_pihps_produsen,13500.0,Rp,BRS03,BD-PIHPS
2026-02-27,1771,harga_pihps_produsen,13300.0,Rp,BRS04,BD-PIHPS
2026-02-27,1771,harga_pihps_produsen,16000.0,Rp,BRS05,BD-PIHPS
2026-02-27,1771,harga_pihps_produsen,13600.0,Rp,BRS06,BD-PIHPS
2026-02-27,1771,harga_pihps_produsen,32500.0,Rp,CMR01,BD-PIHPS
2026-02-27,1771,harga_pihps_produsen,36000.0,Rp,CMR02,BD-PIHPS
2026-02-27,1771,harga_pihps_produsen,42650.0,Rp,CRW02,BD-PIHPS
2026-02-27,1771,harga_pihps_produsen,26850.0,Rp,DAY01,BD-PIHPS
2026-02-27,1771,harga_pihps_produsen,140000.0,Rp,DSP01,BD-PIHPS
2026-02-27,1771,harga_pihps_produsen,130000.0,Rp,DSP02,BD-PIHPS
2026-02-27,1771,harga_pihps_produsen,25800.0,Rp,TLR01,BD-PIHPS
2026-03-02,1771,harga_pihps,14250.0,Rp,BRS01,BD-PIHPS
2026-03-02,1771,harga_pihps,15600.0,Rp,BRS02,BD-PIHPS
2026-03-02,1771,harga_pihps,15350.0,Rp,BRS03,BD-PIHPS
2026-03-02,1771,harga_pihps,15600.0,Rp,BRS04,BD-PIHPS
2026-03-02,1771,harga_pihps,15800.0,Rp,BRS05,BD-PIHPS
2026-03-02,1771,harga_pihps,15800.0,Rp,BRS06,BD-PIHPS
2026-03-02,1771,harga_pihps,40000.0,Rp,BWM01,BD-PIHPS
2026-03-02,1771,harga_pihps,37900.0,Rp,BWP01,BD-PIHPS
2026-03-02,1771,harga_pihps,32000.0,Rp,CMR01,BD-PIHPS
2026-03-02,1771,harga_pihps,36400.0,Rp,CMR02,BD-PIHPS
2026-03-02,1771,harga_pihps,49500.0,Rp,CRW01,BD-PIHPS
2026-03-02,1771,harga_pihps,43000.0,Rp,CRW02,BD-PIHPS
2026-03-02,1771,harga_pihps,41400.0,Rp,DAY01,BD-PIHPS
2026-03-02,1771,harga_pihps,137500.0,Rp,DSP01,BD-PIHPS
2026-03-02,1771,harga_pihps,137500.0,Rp,DSP02,BD-PIHPS
2026-03-02,1771,harga_pihps,17950.0,Rp,GLP01,BD-PIHPS
2026-03-02,1771,harga_pihps,18900.0,Rp,GLP02,BD-PIHPS
2026-03-02,1771,harga_pihps,18150.0,Rp,MGR01,BD-PIHPS
2026-03-02,1771,harga_pihps,21700.0,Rp,MGR02,BD-PIHPS
2026-03-02,1771,harga_pihps,20950.0,Rp,MGR03,BD-PIHPS
2026-03-02,1771,harga_pihps,29250.0,Rp,TLR01,BD-PIHPS
2026-03-02,1771,harga_pihps_grosir,13650.0,Rp,BRS01,BD-PIHPS
2026-03-02,1771,harga_pihps_grosir,15000.0,Rp,BRS02,BD-PIHPS
2026-03-02,1771,harga_pihps_grosir,14900.0,Rp,BRS03,BD-PIHPS
2026-03-02,1771,harga_pihps_grosir,15250.0,Rp,BRS04,BD-PIHPS
2026-03-02,1771,harga_pihps_grosir,15100.0,Rp,BRS05,BD-PIHPS
2026-03-02,1771,harga_pihps_grosir,15450.0,Rp,BRS06,BD-PIHPS
2026-03-02,1771,harga_pihps_grosir,35500.0,Rp,BWM01,BD-PIHPS
2026-03-02,1771,harga_pihps_grosir,34500.0,Rp,BWP01,BD-PIHPS
2026-03-02,1771,harga_pihps_grosir,41000.0,Rp,CMR01,BD-PIHPS
2026-03-02,1771,harga_pihps_grosir,44000.0,Rp,CMR02,BD-PIHPS
2026-03-02,1771,harga_pihps_grosir,54000.0,Rp,CRW01,BD-PIHPS
2026-03-02,1771,harga_pihps_grosir,61300.0,Rp,CRW02,BD-PIHPS
2026-03-02,1771,harga_pihps_grosir,41750.0,Rp,DAY01,BD-PIHPS
2026-03-02,1771,harga_pihps_grosir,127500.0,Rp,DSP01,BD-PIHPS
2026-03-02,1771,harga_pihps_grosir,127500.0,Rp,DSP02,BD-PIHPS
2026-03-02,1771,harga_pihps_grosir,17500.0,Rp,GLP01,BD-PIHPS
2026-03-02,1771,harga_pihps_grosir,17500.0,Rp,MGR01,BD-PIHPS
2026-03-02,1771,harga_pihps_grosir,20000.0,Rp,MGR02,BD-PIHPS
2026-03-02,1771,harga_pihps_grosir,20000.0,Rp,MGR03,BD-PIHPS
2026-03-02,1771,harga_pihps_grosir,29200.0,Rp,TLR01,BD-PIHPS
2026-03-02,1771,harga_pihps_modern,15450.0,Rp,BRS01,BD-PIHPS
2026-03-02,1771,harga_pihps_modern,15100.0,Rp,BRS02,BD-PIHPS
2026-03-02,1771,harga_pihps_modern,16250.0,Rp,BRS03,BD-PIHPS
2026-03-02,1771,harga_pihps_modern,15900.0,Rp,BRS04,BD-PIHPS
2026-03-02,1771,harga_pihps_modern,15050.0,Rp,BRS05,BD-PIHPS
2026-03-02,1771,harga_pihps_modern,17350.0,Rp,BRS06,BD-PIHPS
2026-03-02,1771,harga_pihps_modern,59450.0,Rp,BWM01,BD-PIHPS
2026-03-02,1771,harga_pihps_modern,49450.0,Rp,BWP01,BD-PIHPS
2026-03-02,1771,harga_pihps_modern,92950.0,Rp,CMR01,BD-PIHPS
2026-03-02,1771,harga_pihps_modern,79450.0,Rp,CMR02,BD-PIHPS
2026-03-02,1771,harga_pihps_modern,85450.0,Rp,CRW01,BD-PIHPS
2026-03-02,1771,harga_pihps_modern,81450.0,Rp,CRW02,BD-PIHPS
2026-03-02,1771,harga_pihps_modern,48450.0,Rp,DAY01,BD-PIHPS
2026-03-02,1771,harga_pihps_modern,159950.0,Rp,DSP01,BD-PIHPS
2026-03-02,1771,harga_pihps_modern,167450.0,Rp,DSP02,BD-PIHPS
2026-03-02,1771,harga_pihps_modern,17150.0,Rp,GLP01,BD-PIHPS
2026-03-02,1771,harga_pihps_modern,17000.0,Rp,GLP02,BD-PIHPS
2026-03-02,1771,harga_pihps_modern,22750.0,Rp,MGR02,BD-PIHPS
2026-03-02,1771,harga_pihps_modern,24800.0,Rp,MGR03,BD-PIHPS
2026-03-02,1771,harga_pihps_modern,28550.0,Rp,TLR01,BD-PIHPS
2026-03-02,1771,harga_pihps_produsen,14000.0,Rp,BRS01,BD-PIHPS
2026-03-02,1771,harga_pihps_produsen,13500.0,Rp,BRS03,BD-PIHPS
2026-03-02,1771,harga_pihps_produsen,13300.0,Rp,BRS04,BD-PIHPS
2026-03-02,1771,harga_pihps_produsen,16000.0,Rp,BRS05,BD-PIHPS
2026-03-02,1771,harga_pihps_produsen,13600.0,Rp,BRS06,BD-PIHPS
2026-03-02,1771,harga_pihps_produsen,32500.0,Rp,CMR01,BD-PIHPS
2026-03-02,1771,harga_pihps_produsen,36000.0,Rp,CMR02,BD-PIHPS
2026-03-02,1771,harga_pihps_produsen,42650.0,Rp,CRW02,BD-PIHPS
2026-03-02,1771,harga_pihps_produsen,26850.0,Rp,DAY01,BD-PIHPS
2026-03-02,1771,harga_pihps_produsen,140000.0,Rp,DSP01,BD-PIHPS
2026-03-02,1771,harga_pihps_produsen,130000.0,Rp,DSP02,BD-PIHPS
2026-03-02,1771,harga_pihps_produsen,25800.0,Rp,TLR01,BD-PIHPS
2026-03-03,1771,harga_pihps,14250.0,Rp,BRS01,BD-PIHPS
2026-03-03,1771,harga_pihps,15600.0,Rp,BRS02,BD-PIHPS
2026-03-03,1771,harga_pihps,15350.0,Rp,BRS03,BD-PIHPS
2026-03-03,1771,harga_pihps,15600.0,Rp,BRS04,BD-PIHPS
2026-03-03,1771,harga_pihps,15800.0,Rp,BRS05,BD-PIHPS
2026-03-03,1771,harga_pihps,15800.0,Rp,BRS06,BD-PIHPS
2026-03-03,1771,harga_pihps,39750.0,Rp,BWM01,BD-PIHPS
2026-03-03,1771,harga_pihps,37900.0,Rp,BWP01,BD-PIHPS
2026-03-03,1771,harga_pihps,30650.0,Rp,CMR01,BD-PIHPS
2026-03-03,1771,harga_pihps,35000.0,Rp,CMR02,BD-PIHPS
2026-03-03,1771,harga_pihps,45750.0,Rp,CRW01,BD-PIHPS
2026-03-03,1771,harga_pihps,39800.0,Rp,CRW02,BD-PIHPS
2026-03-03,1771,harga_pihps,41400.0,Rp,DAY01,BD-PIHPS
2026-03-03,1771,harga_pihps,137500.0,Rp,DSP01,BD-PIHPS
2026-03-03,1771,harga_pihps,137500.0,Rp,DSP02,BD-PIHPS
2026-03-03,1771,harga_pihps,17950.0,Rp,GLP01,BD-PIHPS
2026-03-03,1771,harga_pihps,18900.0,Rp,GLP02,BD-PIHPS
2026-03-03,1771,harga_pihps,18150.0,Rp,MGR01,BD-PIHPS
2026-03-03,1771,harga_pihps,21700.0,Rp,MGR02,BD-PIHPS
2026-03-03,1771,harga_pihps,20950.0,Rp,MGR03,BD-PIHPS
2026-03-03,1771,harga_pihps,29250.0,Rp,TLR01,BD-PIHPS
2026-03-03,1771,harga_pihps_grosir,13650.0,Rp,BRS01,BD-PIHPS
2026-03-03,1771,harga_pihps_grosir,15000.0,Rp,BRS02,BD-PIHPS
2026-03-03,1771,harga_pihps_grosir,14900.0,Rp,BRS03,BD-PIHPS
2026-03-03,1771,harga_pihps_grosir,15250.0,Rp,BRS04,BD-PIHPS
2026-03-03,1771,harga_pihps_grosir,15100.0,Rp,BRS05,BD-PIHPS
2026-03-03,1771,harga_pihps_grosir,15450.0,Rp,BRS06,BD-PIHPS
2026-03-03,1771,harga_pihps_grosir,35500.0,Rp,BWM01,BD-PIHPS
2026-03-03,1771,harga_pihps_grosir,34500.0,Rp,BWP01,BD-PIHPS
2026-03-03,1771,harga_pihps_grosir,41000.0,Rp,CMR01,BD-PIHPS
2026-03-03,1771,harga_pihps_grosir,44000.0,Rp,CMR02,BD-PIHPS
2026-03-03,1771,harga_pihps_grosir,54000.0,Rp,CRW01,BD-PIHPS
2026-03-03,1771,harga_pihps_grosir,61300.0,Rp,CRW02,BD-PIHPS
2026-03-03,1771,harga_pihps_grosir,41750.0,Rp,DAY01,BD-PIHPS
2026-03-03,1771,harga_pihps_grosir,127500.0,Rp,DSP01,BD-PIHPS
2026-03-03,1771,harga_pihps_grosir,127500.0,Rp,DSP02,BD-PIHPS
2026-03-03,1771,harga_pihps_grosir,17500.0,Rp,GLP01,BD-PIHPS
2026-03-03,1771,harga_pihps_grosir,17500.0,Rp,MGR01,BD-PIHPS
2026-03-03,1771,harga_pihps_grosir,20000.0,Rp,MGR02,BD-PIHPS
2026-03-03,1771,harga_pihps_grosir,20000.0,Rp,MGR03,BD-PIHPS
2026-03-03,1771,harga_pihps_grosir,29200.0,Rp,TLR01,BD-PIHPS
2026-03-03,1771,harga_pihps_modern,15450.0,Rp,BRS01,BD-PIHPS
2026-03-03,1771,harga_pihps_modern,15100.0,Rp,BRS02,BD-PIHPS
2026-03-03,1771,harga_pihps_modern,16250.0,Rp,BRS03,BD-PIHPS
2026-03-03,1771,harga_pihps_modern,15900.0,Rp,BRS04,BD-PIHPS
2026-03-03,1771,harga_pihps_modern,15050.0,Rp,BRS05,BD-PIHPS
2026-03-03,1771,harga_pihps_modern,17350.0,Rp,BRS06,BD-PIHPS
2026-03-03,1771,harga_pihps_modern,59450.0,Rp,BWM01,BD-PIHPS
2026-03-03,1771,harga_pihps_modern,49450.0,Rp,BWP01,BD-PIHPS
2026-03-03,1771,harga_pihps_modern,92950.0,Rp,CMR01,BD-PIHPS
2026-03-03,1771,harga_pihps_modern,64950.0,Rp,CMR02,BD-PIHPS
2026-03-03,1771,harga_pihps_modern,80450.0,Rp,CRW01,BD-PIHPS
2026-03-03,1771,harga_pihps_modern,79950.0,Rp,CRW02,BD-PIHPS
2026-03-03,1771,harga_pihps_modern,48450.0,Rp,DAY01,BD-PIHPS
2026-03-03,1771,harga_pihps_modern,154950.0,Rp,DSP01,BD-PIHPS
2026-03-03,1771,harga_pihps_modern,167450.0,Rp,DSP02,BD-PIHPS
2026-03-03,1771,harga_pihps_modern,17300.0,Rp,GLP01,BD-PIHPS
2026-03-03,1771,harga_pihps_modern,17000.0,Rp,GLP02,BD-PIHPS
2026-03-03,1771,harga_pihps_modern,22750.0,Rp,MGR02,BD-PIHPS
2026-03-03,1771,harga_pihps_modern,24800.0,Rp,MGR03,BD-PIHPS
2026-03-03,1771,harga_pihps_modern,28550.0,Rp,TLR01,BD-PIHPS
2026-03-03,1771,harga_pihps_produsen,14000.0,Rp,BRS01,BD-PIHPS
2026-03-03,1771,harga_pihps_produsen,13500.0,Rp,BRS03,BD-PIHPS
2026-03-03,1771,harga_pihps_produsen,13300.0,Rp,BRS04,BD-PIHPS
2026-03-03,1771,harga_pihps_produsen,16000.0,Rp,BRS05,BD-PIHPS
2026-03-03,1771,harga_pihps_produsen,13600.0,Rp,BRS06,BD-PIHPS
2026-03-03,1771,harga_pihps_produsen,32500.0,Rp,CMR01,BD-PIHPS
2026-03-03,1771,harga_pihps_produsen,36000.0,Rp,CMR02,BD-PIHPS
2026-03-03,1771,harga_pihps_produsen,42650.0,Rp,CRW02,BD-PIHPS
2026-03-03,1771,harga_pihps_produsen,26850.0,Rp,DAY01,BD-PIHPS
2026-03-03,1771,harga_pihps_produsen,140000.0,Rp,DSP01,BD-PIHPS
2026-03-03,1771,harga_pihps_produsen,130000.0,Rp,DSP02,BD-PIHPS
2026-03-03,1771,harga_pihps_produsen,25800.0,Rp,TLR01,BD-PIHPS
2026-03-04,1771,harga_pihps,14250.0,Rp,BRS01,BD-PIHPS
2026-03-04,1771,harga_pihps,15600.0,Rp,BRS02,BD-PIHPS
2026-03-04,1771,harga_pihps,15350.0,Rp,BRS03,BD-PIHPS
2026-03-04,1771,harga_pihps,15600.0,Rp,BRS04,BD-PIHPS
2026-03-04,1771,harga_pihps,15800.0,Rp,BRS05,BD-PIHPS
2026-03-04,1771,harga_pihps,15800.0,Rp,BRS06,BD-PIHPS
2026-03-04,1771,harga_pihps,39500.0,Rp,BWM01,BD-PIHPS
2026-03-04,1771,harga_pihps,37900.0,Rp,BWP01,BD-PIHPS
2026-03-04,1771,harga_pihps,29500.0,Rp,CMR01,BD-PIHPS
2026-03-04,1771,harga_pihps,34000.0,Rp,CMR02,BD-PIHPS
2026-03-04,1771,harga_pihps,44650.0,Rp,CRW01,BD-PIHPS
2026-03-04,1771,harga_pihps,38100.0,Rp,CRW02,BD-PIHPS
2026-03-04,1771,harga_pihps,40500.0,Rp,DAY01,BD-PIHPS
2026-03-04,1771,harga_pihps,137500.0,Rp,DSP01,BD-PIHPS
2026-03-04,1771,harga_pihps,137500.0,Rp,DSP02,BD-PIHPS
2026-03-04,1771,harga_pihps,17950.0,Rp,GLP01,BD-PIHPS
2026-03-04,1771,harga_pihps,18900.0,Rp,GLP02,BD-PIHPS
2026-03-04,1771,harga_pihps,18150.0,Rp,MGR01,BD-PIHPS
2026-03-04,1771,harga_pihps,21700.0,Rp,MGR02,BD-PIHPS
2026-03-04,1771,harga_pihps,20950.0,Rp,MGR03,BD-PIHPS
2026-03-04,1771,harga_pihps,29250.0,Rp,TLR01,BD-PIHPS
2026-03-04,1771,harga_pihps_grosir,13650.0,Rp,BRS01,BD-PIHPS
2026-03-04,1771,harga_pihps_grosir,15000.0,Rp,BRS02,BD-PIHPS
2026-03-04,1771,harga_pihps_grosir,14900.0,Rp,BRS03,BD-PIHPS
2026-03-04,1771,harga_pihps_grosir,15250.0,Rp,BRS04,BD-PIHPS
2026-03-04,1771,harga_pihps_grosir,15100.0,Rp,BRS05,BD-PIHPS
2026-03-04,1771,harga_pihps_grosir,15450.0,Rp,BRS06,BD-PIHPS
2026-03-04,1771,harga_pihps_grosir,35500.0,Rp,BWM01,BD-PIHPS
2026-03-04,1771,harga_pihps_grosir,34500.0,Rp,BWP01,BD-PIHPS
2026-03-04,1771,harga_pihps_grosir,41000.0,Rp,CMR01,BD-PIHPS
2026-03-04,1771,harga_pihps_grosir,44000.0,Rp,CMR02,BD-PIHPS
2026-03-04,1771,harga_pihps_grosir,54000.0,Rp,CRW01,BD-PIHPS
2026-03-04,1771,harga_pihps_grosir,61300.0,Rp,CRW02,BD-PIHPS
2026-03-04,1771,harga_pihps_grosir,41750.0,Rp,DAY01,BD-PIHPS
2026-03-04,1771,harga_pihps_grosir,127500.0,Rp,DSP01,BD-PIHPS
2026-03-04,1771,harga_pihps_grosir,127500.0,Rp,DSP02,BD-PIHPS
2026-03-04,1771,harga_pihps_grosir,17500.0,Rp,GLP01,BD-PIHPS
2026-03-04,1771,harga_pihps_grosir,17500.0,Rp,MGR01,BD-PIHPS
2026-03-04,1771,harga_pihps_grosir,20000.0,Rp,MGR02,BD-PIHPS
2026-03-04,1771,harga_pihps_grosir,20000.0,Rp,MGR03,BD-PIHPS
2026-03-04,1771,harga_pihps_grosir,29200.0,Rp,TLR01,BD-PIHPS
2026-03-04,1771,harga_pihps_modern,15450.0,Rp,BRS01,BD-PIHPS
2026-03-04,1771,harga_pihps_modern,15100.0,Rp,BRS02,BD-PIHPS
2026-03-04,1771,harga_pihps_modern,16250.0,Rp,BRS03,BD-PIHPS
2026-03-04,1771,harga_pihps_modern,15900.0,Rp,BRS04,BD-PIHPS
2026-03-04,1771,harga_pihps_modern,15050.0,Rp,BRS05,BD-PIHPS
2026-03-04,1771,harga_pihps_modern,17350.0,Rp,BRS06,BD-PIHPS
2026-03-04,1771,harga_pihps_modern,59450.0,Rp,BWM01,BD-PIHPS
2026-03-04,1771,harga_pihps_modern,49450.0,Rp,BWP01,BD-PIHPS
2026-03-04,1771,harga_pihps_modern,92950.0,Rp,CMR01,BD-PIHPS
2026-03-04,1771,harga_pihps_modern,64950.0,Rp,CMR02,BD-PIHPS
2026-03-04,1771,harga_pihps_modern,80450.0,Rp,CRW01,BD-PIHPS
2026-03-04,1771,harga_pihps_modern,79950.0,Rp,CRW02,BD-PIHPS
2026-03-04,1771,harga_pihps_modern,48450.0,Rp,DAY01,BD-PIHPS
2026-03-04,1771,harga_pihps_modern,154950.0,Rp,DSP01,BD-PIHPS
2026-03-04,1771,harga_pihps_modern,167450.0,Rp,DSP02,BD-PIHPS
2026-03-04,1771,harga_pihps_modern,17300.0,Rp,GLP01,BD-PIHPS
2026-03-04,1771,harga_pihps_modern,17000.0,Rp,GLP02,BD-PIHPS
2026-03-04,1771,harga_pihps_modern,22750.0,Rp,MGR02,BD-PIHPS
2026-03-04,1771,harga_pihps_modern,24800.0,Rp,MGR03,BD-PIHPS
2026-03-04,1771,harga_pihps_modern,28550.0,Rp,TLR01,BD-PIHPS
2026-03-04,1771,harga_pihps_produsen,14000.0,Rp,BRS01,BD-PIHPS
2026-03-04,1771,harga_pihps_produsen,13500.0,Rp,BRS03,BD-PIHPS
2026-03-04,1771,harga_pihps_produsen,13300.0,Rp,BRS04,BD-PIHPS
2026-03-04,1771,harga_pihps_produsen,16000.0,Rp,BRS05,BD-PIHPS
2026-03-04,1771,harga_pihps_produsen,13600.0,Rp,BRS06,BD-PIHPS
2026-03-04,1771,harga_pihps_produsen,32500.0,Rp,CMR01,BD-PIHPS
2026-03-04,1771,harga_pihps_produsen,36000.0,Rp,CMR02,BD-PIHPS
2026-03-04,1771,harga_pihps_produsen,42650.0,Rp,CRW02,BD-PIHPS
2026-03-04,1771,harga_pihps_produsen,26850.0,Rp,DAY01,BD-PIHPS
2026-03-04,1771,harga_pihps_produsen,140000.0,Rp,DSP01,BD-PIHPS
2026-03-04,1771,harga_pihps_produsen,130000.0,Rp,DSP02,BD-PIHPS
2026-03-04,1771,harga_pihps_produsen,25800.0,Rp,TLR01,BD-PIHPS
2026-03-05,1771,harga_pihps,14250.0,Rp,BRS01,BD-PIHPS
2026-03-05,1771,harga_pihps,15600.0,Rp,BRS02,BD-PIHPS
2026-03-05,1771,harga_pihps,15350.0,Rp,BRS03,BD-PIHPS
2026-03-05,1771,harga_pihps,15600.0,Rp,BRS04,BD-PIHPS
2026-03-05,1771,harga_pihps,15800.0,Rp,BRS05,BD-PIHPS
2026-03-05,1771,harga_pihps,15800.0,Rp,BRS06,BD-PIHPS
2026-03-05,1771,harga_pihps,39250.0,Rp,BWM01,BD-PIHPS
2026-03-05,1771,harga_pihps,37900.0,Rp,BWP01,BD-PIHPS
2026-03-05,1771,harga_pihps,28900.0,Rp,CMR01,BD-PIHPS
2026-03-05,1771,harga_pihps,33500.0,Rp,CMR02,BD-PIHPS
2026-03-05,1771,harga_pihps,43250.0,Rp,CRW01,BD-PIHPS
2026-03-05,1771,harga_pihps,36750.0,Rp,CRW02,BD-PIHPS
2026-03-05,1771,harga_pihps,40400.0,Rp,DAY01,BD-PIHPS
2026-03-05,1771,harga_pihps,137500.0,Rp,DSP01,BD-PIHPS
2026-03-05,1771,harga_pihps,137500.0,Rp,DSP02,BD-PIHPS
2026-03-05,1771,harga_pihps,17950.0,Rp,GLP01,BD-PIHPS
2026-03-05,1771,harga_pihps,18900.0,Rp,GLP02,BD-PIHPS
2026-03-05,1771,harga_pihps,18150.0,Rp,MGR01,BD-PIHPS
2026-03-05,1771,harga_pihps,21700.0,Rp,MGR02,BD-PIHPS
2026-03-05,1771,harga_pihps,20950.0,Rp,MGR03,BD-PIHPS
2026-03-05,1771,harga_pihps,29250.0,Rp,TLR01,BD-PIHPS
2026-03-05,1771,harga_pihps_grosir,13650.0,Rp,BRS01,BD-PIHPS
2026-03-05,1771,harga_pihps_grosir,15000.0,Rp,BRS02,BD-PIHPS
2026-03-05,1771,harga_pihps_grosir,14900.0,Rp,BRS03,BD-PIHPS
2026-03-05,1771,harga_pihps_grosir,15250.0,Rp,BRS04,BD-PIHPS
2026-03-05,1771,harga_pihps_grosir,15100.0,Rp,BRS05,BD-PIHPS
2026-03-05,1771,harga_pihps_grosir,15450.0,Rp,BRS06,BD-PIHPS
2026-03-05,1771,harga_pihps_grosir,34500.0,Rp,BWM01,BD-PIHPS
2026-03-05,1771,harga_pihps_grosir,34000.0,Rp,BWP01,BD-PIHPS
2026-03-05,1771,harga_pihps_grosir,30500.0,Rp,CMR01,BD-PIHPS
2026-03-05,1771,harga_pihps_grosir,33500.0,Rp,CMR02,BD-PIHPS
2026-03-05,1771,harga_pihps_grosir,43500.0,Rp,CRW01,BD-PIHPS
2026-03-05,1771,harga_pihps_grosir,47150.0,Rp,CRW02,BD-PIHPS
2026-03-05,1771,harga_pihps_grosir,39750.0,Rp,DAY01,BD-PIHPS
2026-03-05,1771,harga_pihps_grosir,127500.0,Rp,DSP01,BD-PIHPS
2026-03-05,1771,harga_pihps_grosir,127500.0,Rp,DSP02,BD-PIHPS
2026-03-05,1771,harga_pihps_grosir,17750.0,Rp,GLP01,BD-PIHPS
2026-03-05,1771,harga_pihps_grosir,17500.0,Rp,MGR01,BD-PIHPS
2026-03-05,1771,harga_pihps_grosir,20000.0,Rp,MGR02,BD-PIHPS
2026-03-05,1771,harga_pihps_grosir,20000.0,Rp,MGR03,BD-PIHPS
2026-03-05,1771,harga_pihps_grosir,29200.0,Rp,TLR01,BD-PIHPS
2026-03-05,1771,harga_pihps_modern,15450.0,Rp,BRS01,BD-PIHPS
2026-03-05,1771,harga_pihps_modern,15100.0,Rp,BRS02,BD-PIHPS
2026-03-05,1771,harga_pihps_modern,16250.0,Rp,BRS03,BD-PIHPS
2026-03-05,1771,harga_pihps_modern,15900.0,Rp,BRS04,BD-PIHPS
2026-03-05,1771,harga_pihps_modern,15050.0,Rp,BRS05,BD-PIHPS
2026-03-05,1771,harga_pihps_modern,17350.0,Rp,BRS06,BD-PIHPS
2026-03-05,1771,harga_pihps_modern,59450.0,Rp,BWM01,BD-PIHPS
2026-03-05,1771,harga_pihps_modern,49450.0,Rp,BWP01,BD-PIHPS
2026-03-05,1771,harga_pihps_modern,92950.0,Rp,CMR01,BD-PIHPS
2026-03-05,1771,harga_pihps_modern,64950.0,Rp,CMR02,BD-PIHPS
2026-03-05,1771,harga_pihps_modern,80450.0,Rp,CRW01,BD-PIHPS
2026-03-05,1771,harga_pihps_modern,79950.0,Rp,CRW02,BD-PIHPS
2026-03-05,1771,harga_pihps_modern,48450.0,Rp,DAY01,BD-PIHPS
2026-03-05,1771,harga_pihps_modern,154950.0,Rp,DSP01,BD-PIHPS
2026-03-05,1771,harga_pihps_modern,167450.0,Rp,DSP02,BD-PIHPS
2026-03-05,1771,harga_pihps_modern,17300.0,Rp,GLP01,BD-PIHPS
2026-03-05,1771,harga_pihps_modern,17000.0,Rp,GLP02,BD-PIHPS
2026-03-05,1771,harga_pihps_modern,22750.0,Rp,MGR02,BD-PIHPS
2026-03-05,1771,harga_pihps_modern,24800.0,Rp,MGR03,BD-PIHPS
2026-03-05,1771,harga_pihps_modern,28550.0,Rp,TLR01,BD-PIHPS
2026-03-05,1771,harga_pihps_produsen,14000.0,Rp,BRS01,BD-PIHPS
2026-03-05,1771,harga_pihps_produsen,13500.0,Rp,BRS03,BD-PIHPS
2026-03-05,1771,harga_pihps_produsen,13300.0,Rp,BRS04,BD-PIHPS
2026-03-05,1771,harga_pihps_produsen,16000.0,Rp,BRS05,BD-PIHPS
2026-03-05,1771,harga_pihps_produsen,13600.0,Rp,BRS06,BD-PIHPS
2026-03-05,1771,harga_pihps_produsen,32500.0,Rp,CMR01,BD-PIHPS
2026-03-05,1771,harga_pihps_produsen,36000.0,Rp,CMR02,BD-PIHPS
2026-03-05,1771,harga_pihps_produsen,42650.0,Rp,CRW02,BD-PIHPS
2026-03-05,1771,harga_pihps_produsen,26850.0,Rp,DAY01,BD-PIHPS
2026-03-05,1771,harga_pihps_produsen,140000.0,Rp,DSP01,BD-PIHPS
2026-03-05,1771,harga_pihps_produsen,130000.0,Rp,DSP02,BD-PIHPS
2026-03-05,1771,harga_pihps_produsen,25800.0,Rp,TLR01,BD-PIHPS
2026-03-06,1771,harga_pihps,14250.0,Rp,BRS01,BD-PIHPS
2026-03-06,1771,harga_pihps,15600.0,Rp,BRS02,BD-PIHPS
2026-03-06,1771,harga_pihps,15350.0,Rp,BRS03,BD-PIHPS
2026-03-06,1771,harga_pihps,15600.0,Rp,BRS04,BD-PIHPS
2026-03-06,1771,harga_pihps,15800.0,Rp,BRS05,BD-PIHPS
2026-03-06,1771,harga_pihps,15800.0,Rp,BRS06,BD-PIHPS
2026-03-06,1771,harga_pihps,39250.0,Rp,BWM01,BD-PIHPS
2026-03-06,1771,harga_pihps,37750.0,Rp,BWP01,BD-PIHPS
2026-03-06,1771,harga_pihps,28150.0,Rp,CMR01,BD-PIHPS
2026-03-06,1771,harga_pihps,32900.0,Rp,CMR02,BD-PIHPS
2026-03-06,1771,harga_pihps,42650.0,Rp,CRW01,BD-PIHPS
2026-03-06,1771,harga_pihps,36750.0,Rp,CRW02,BD-PIHPS
2026-03-06,1771,harga_pihps,40400.0,Rp,DAY01,BD-PIHPS
2026-03-06,1771,harga_pihps,137500.0,Rp,DSP01,BD-PIHPS
2026-03-06,1771,harga_pihps,137500.0,Rp,DSP02,BD-PIHPS
2026-03-06,1771,harga_pihps,17950.0,Rp,GLP01,BD-PIHPS
2026-03-06,1771,harga_pihps,18900.0,Rp,GLP02,BD-PIHPS
2026-03-06,1771,harga_pihps,18150.0,Rp,MGR01,BD-PIHPS
2026-03-06,1771,harga_pihps,21750.0,Rp,MGR02,BD-PIHPS
2026-03-06,1771,harga_pihps,20950.0,Rp,MGR03,BD-PIHPS
2026-03-06,1771,harga_pihps,29250.0,Rp,TLR01,BD-PIHPS
2026-03-06,1771,harga_pihps_grosir,13650.0,Rp,BRS01,BD-PIHPS
2026-03-06,1771,harga_pihps_grosir,15000.0,Rp,BRS02,BD-PIHPS
2026-03-06,1771,harga_pihps_grosir,14900.0,Rp,BRS03,BD-PIHPS
2026-03-06,1771,harga_pihps_grosir,15250.0,Rp,BRS04,BD-PIHPS
2026-03-06,1771,harga_pihps_grosir,15100.0,Rp,BRS05,BD-PIHPS
2026-03-06,1771,harga_pihps_grosir,15450.0,Rp,BRS06,BD-PIHPS
2026-03-06,1771,harga_pihps_grosir,34500.0,Rp,BWM01,BD-PIHPS
2026-03-06,1771,harga_pihps_grosir,34000.0,Rp,BWP01,BD-PIHPS
2026-03-06,1771,harga_pihps_grosir,30500.0,Rp,CMR01,BD-PIHPS
2026-03-06,1771,harga_pihps_grosir,33500.0,Rp,CMR02,BD-PIHPS
2026-03-06,1771,harga_pihps_grosir,43500.0,Rp,CRW01,BD-PIHPS
2026-03-06,1771,harga_pihps_grosir,47150.0,Rp,CRW02,BD-PIHPS
2026-03-06,1771,harga_pihps_grosir,39750.0,Rp,DAY01,BD-PIHPS
2026-03-06,1771,harga_pihps_grosir,127500.0,Rp,DSP01,BD-PIHPS
2026-03-06,1771,harga_pihps_grosir,127500.0,Rp,DSP02,BD-PIHPS
2026-03-06,1771,harga_pihps_grosir,17750.0,Rp,GLP01,BD-PIHPS
2026-03-06,1771,harga_pihps_grosir,17500.0,Rp,MGR01,BD-PIHPS
2026-03-06,1771,harga_pihps_grosir,20000.0,Rp,MGR02,BD-PIHPS
2026-03-06,1771,harga_pihps_grosir,20000.0,Rp,MGR03,BD-PIHPS
2026-03-06,1771,harga_pihps_grosir,29200.0,Rp,TLR01,BD-PIHPS
2026-03-06,1771,harga_pihps_modern,15450.0,Rp,BRS01,BD-PIHPS
2026-03-06,1771,harga_pihps_modern,15100.0,Rp,BRS02,BD-PIHPS
2026-03-06,1771,harga_pihps_modern,16250.0,Rp,BRS03,BD-PIHPS
2026-03-06,1771,harga_pihps_modern,15900.0,Rp,BRS04,BD-PIHPS
2026-03-06,1771,harga_pihps_modern,15050.0,Rp,BRS05,BD-PIHPS
2026-03-06,1771,harga_pihps_modern,17350.0,Rp,BRS06,BD-PIHPS
2026-03-06,1771,harga_pihps_modern,59450.0,Rp,BWM01,BD-PIHPS
2026-03-06,1771,harga_pihps_modern,49450.0,Rp,BWP01,BD-PIHPS
2026-03-06,1771,harga_pihps_modern,92950.0,Rp,CMR01,BD-PIHPS
2026-03-06,1771,harga_pihps_modern,64950.0,Rp,CMR02,BD-PIHPS
2026-03-06,1771,harga_pihps_modern,80450.0,Rp,CRW01,BD-PIHPS
2026-03-06,1771,harga_pihps_modern,79950.0,Rp,CRW02,BD-PIHPS
2026-03-06,1771,harga_pihps_modern,48450.0,Rp,DAY01,BD-PIHPS
2026-03-06,1771,harga_pihps_modern,154950.0,Rp,DSP01,BD-PIHPS
2026-03-06,1771,harga_pihps_modern,167450.0,Rp,DSP02,BD-PIHPS
2026-03-06,1771,harga_pihps_modern,17300.0,Rp,GLP01,BD-PIHPS
2026-03-06,1771,harga_pihps_modern,17000.0,Rp,GLP02,BD-PIHPS
2026-03-06,1771,harga_pihps_modern,22750.0,Rp,MGR02,BD-PIHPS
2026-03-06,1771,harga_pihps_modern,24800.0,Rp,MGR03,BD-PIHPS
2026-03-06,1771,harga_pihps_modern,28550.0,Rp,TLR01,BD-PIHPS
2026-03-06,1771,harga_pihps_produsen,14000.0,Rp,BRS01,BD-PIHPS
2026-03-06,1771,harga_pihps_produsen,13500.0,Rp,BRS03,BD-PIHPS
2026-03-06,1771,harga_pihps_produsen,13300.0,Rp,BRS04,BD-PIHPS
2026-03-06,1771,harga_pihps_produsen,16000.0,Rp,BRS05,BD-PIHPS
2026-03-06,1771,harga_pihps_produsen,13600.0,Rp,BRS06,BD-PIHPS
2026-03-06,1771,harga_pihps_produsen,32500.0,Rp,CMR01,BD-PIHPS
2026-03-06,1771,harga_pihps_produsen,36000.0,Rp,CMR02,BD-PIHPS
2026-03-06,1771,harga_pihps_produsen,42650.0,Rp,CRW02,BD-PIHPS
2026-03-06,1771,harga_pihps_produsen,26850.0,Rp,DAY01,BD-PIHPS
2026-03-06,1771,harga_pihps_produsen,140000.0,Rp,DSP01,BD-PIHPS
2026-03-06,1771,harga_pihps_produsen,130000.0,Rp,DSP02,BD-PIHPS
2026-03-06,1771,harga_pihps_produsen,25800.0,Rp,TLR01,BD-PIHPS
2026-03-09,1771,harga_pihps,14250.0,Rp,BRS01,BD-PIHPS
2026-03-09,1771,harga_pihps,15600.0,Rp,BRS02,BD-PIHPS
2026-03-09,1771,harga_pihps,15350.0,Rp,BRS03,BD-PIHPS
2026-03-09,1771,harga_pihps,15600.0,Rp,BRS04,BD-PIHPS
2026-03-09,1771,harga_pihps,15800.0,Rp,BRS05,BD-PIHPS
2026-03-09,1771,harga_pihps,15800.0,Rp,BRS06,BD-PIHPS
2026-03-09,1771,harga_pihps,38650.0,Rp,BWM01,BD-PIHPS
2026-03-09,1771,harga_pihps,37750.0,Rp,BWP01,BD-PIHPS
2026-03-09,1771,harga_pihps,29150.0,Rp,CMR01,BD-PIHPS
2026-03-09,1771,harga_pihps,33250.0,Rp,CMR02,BD-PIHPS
2026-03-09,1771,harga_pihps,43400.0,Rp,CRW01,BD-PIHPS
2026-03-09,1771,harga_pihps,43100.0,Rp,CRW02,BD-PIHPS
2026-03-09,1771,harga_pihps,41750.0,Rp,DAY01,BD-PIHPS
2026-03-09,1771,harga_pihps,138750.0,Rp,DSP01,BD-PIHPS
2026-03-09,1771,harga_pihps,137500.0,Rp,DSP02,BD-PIHPS
2026-03-09,1771,harga_pihps,18300.0,Rp,GLP01,BD-PIHPS
2026-03-09,1771,harga_pihps,19000.0,Rp,GLP02,BD-PIHPS
2026-03-09,1771,harga_pihps,17950.0,Rp,MGR01,BD-PIHPS
2026-03-09,1771,harga_pihps,21500.0,Rp,MGR02,BD-PIHPS
2026-03-09,1771,harga_pihps,20950.0,Rp,MGR03,BD-PIHPS
2026-03-09,1771,harga_pihps,29250.0,Rp,TLR01,BD-PIHPS
2026-03-09,1771,harga_pihps_grosir,13650.0,Rp,BRS01,BD-PIHPS
2026-03-09,1771,harga_pihps_grosir,15000.0,Rp,BRS02,BD-PIHPS
2026-03-09,1771,harga_pihps_grosir,14900.0,Rp,BRS03,BD-PIHPS
2026-03-09,1771,harga_pihps_grosir,15250.0,Rp,BRS04,BD-PIHPS
2026-03-09,1771,harga_pihps_grosir,15100.0,Rp,BRS05,BD-PIHPS
2026-03-09,1771,harga_pihps_grosir,15450.0,Rp,BRS06,BD-PIHPS
2026-03-09,1771,harga_pihps_grosir,34500.0,Rp,BWM01,BD-PIHPS
2026-03-09,1771,harga_pihps_grosir,34000.0,Rp,BWP01,BD-PIHPS
2026-03-09,1771,harga_pihps_grosir,30500.0,Rp,CMR01,BD-PIHPS
2026-03-09,1771,harga_pihps_grosir,33500.0,Rp,CMR02,BD-PIHPS
2026-03-09,1771,harga_pihps_grosir,43500.0,Rp,CRW01,BD-PIHPS
2026-03-09,1771,harga_pihps_grosir,47150.0,Rp,CRW02,BD-PIHPS
2026-03-09,1771,harga_pihps_grosir,39750.0,Rp,DAY01,BD-PIHPS
2026-03-09,1771,harga_pihps_grosir,127500.0,Rp,DSP01,BD-PIHPS
2026-03-09,1771,harga_pihps_grosir,127500.0,Rp,DSP02,BD-PIHPS
2026-03-09,1771,harga_pihps_grosir,17750.0,Rp,GLP01,BD-PIHPS
2026-03-09,1771,harga_pihps_grosir,17500.0,Rp,MGR01,BD-PIHPS
2026-03-09,1771,harga_pihps_grosir,20000.0,Rp,MGR02,BD-PIHPS
2026-03-09,1771,harga_pihps_grosir,20000.0,Rp,MGR03,BD-PIHPS
2026-03-09,1771,harga_pihps_grosir,29200.0,Rp,TLR01,BD-PIHPS
2026-03-09,1771,harga_pihps_modern,15450.0,Rp,BRS01,BD-PIHPS
2026-03-09,1771,harga_pihps_modern,15100.0,Rp,BRS02,BD-PIHPS
2026-03-09,1771,harga_pihps_modern,16250.0,Rp,BRS03,BD-PIHPS
2026-03-09,1771,harga_pihps_modern,15900.0,Rp,BRS04,BD-PIHPS
2026-03-09,1771,harga_pihps_modern,15050.0,Rp,BRS05,BD-PIHPS
2026-03-09,1771,harga_pihps_modern,17350.0,Rp,BRS06,BD-PIHPS
2026-03-09,1771,harga_pihps_modern,59450.0,Rp,BWM01,BD-PIHPS
2026-03-09,1771,harga_pihps_modern,49450.0,Rp,BWP01,BD-PIHPS
2026-03-09,1771,harga_pihps_modern,92950.0,Rp,CMR01,BD-PIHPS
2026-03-09,1771,harga_pihps_modern,64950.0,Rp,CMR02,BD-PIHPS
2026-03-09,1771,harga_pihps_modern,80450.0,Rp,CRW01,BD-PIHPS
2026-03-09,1771,harga_pihps_modern,79950.0,Rp,CRW02,BD-PIHPS
2026-03-09,1771,harga_pihps_modern,48450.0,Rp,DAY01,BD-PIHPS
2026-03-09,1771,harga_pihps_modern,154950.0,Rp,DSP01,BD-PIHPS
2026-03-09,1771,harga_pihps_modern,167450.0,Rp,DSP02,BD-PIHPS
2026-03-09,1771,harga_pihps_modern,17300.0,Rp,GLP01,BD-PIHPS
2026-03-09,1771,harga_pihps_modern,17000.0,Rp,GLP02,BD-PIHPS
2026-03-09,1771,harga_pihps_modern,22750.0,Rp,MGR02,BD-PIHPS
2026-03-09,1771,harga_pihps_modern,24800.0,Rp,MGR03,BD-PIHPS
2026-03-09,1771,harga_pihps_modern,28550.0,Rp,TLR01,BD-PIHPS
2026-03-09,1771,harga_pihps_produsen,14000.0,Rp,BRS01,BD-PIHPS
2026-03-09,1771,harga_pihps_produsen,13500.0,Rp,BRS03,BD-PIHPS
2026-03-09,1771,harga_pihps_produsen,13300.0,Rp,BRS04,BD-PIHPS
2026-03-09,1771,harga_pihps_produsen,16000.0,Rp,BRS05,BD-PIHPS
2026-03-09,1771,harga_pihps_produsen,13600.0,Rp,BRS06,BD-PIHPS
2026-03-09,1771,harga_pihps_produsen,32500.0,Rp,CMR01,BD-PIHPS
2026-03-09,1771,harga_pihps_produsen,36000.0,Rp,CMR02,BD-PIHPS
2026-03-09,1771,harga_pihps_produsen,42650.0,Rp,CRW02,BD-PIHPS
2026-03-09,1771,harga_pihps_produsen,26850.0,Rp,DAY01,BD-PIHPS
2026-03-09,1771,harga_pihps_produsen,140000.0,Rp,DSP01,BD-PIHPS
2026-03-09,1771,harga_pihps_produsen,130000.0,Rp,DSP02,BD-PIHPS
2026-03-09,1771,harga_pihps_produsen,25800.0,Rp,TLR01,BD-PIHPS
2026-03-10,1771,harga_pihps,14250.0,Rp,BRS01,BD-PIHPS
2026-03-10,1771,harga_pihps,15600.0,Rp,BRS02,BD-PIHPS
2026-03-10,1771,harga_pihps,15350.0,Rp,BRS03,BD-PIHPS
2026-03-10,1771,harga_pihps,15600.0,Rp,BRS04,BD-PIHPS
2026-03-10,1771,harga_pihps,15800.0,Rp,BRS05,BD-PIHPS
2026-03-10,1771,harga_pihps,15800.0,Rp,BRS06,BD-PIHPS
2026-03-10,1771,harga_pihps,37400.0,Rp,BWM01,BD-PIHPS
2026-03-10,1771,harga_pihps,37000.0,Rp,BWP01,BD-PIHPS
2026-03-10,1771,harga_pihps,29750.0,Rp,CMR01,BD-PIHPS
2026-03-10,1771,harga_pihps,34250.0,Rp,CMR02,BD-PIHPS
2026-03-10,1771,harga_pihps,45650.0,Rp,CRW01,BD-PIHPS
2026-03-10,1771,harga_pihps,46900.0,Rp,CRW02,BD-PIHPS
2026-03-10,1771,harga_pihps,42900.0,Rp,DAY01,BD-PIHPS
2026-03-10,1771,harga_pihps,138750.0,Rp,DSP01,BD-PIHPS
2026-03-10,1771,harga_pihps,137500.0,Rp,DSP02,BD-PIHPS
2026-03-10,1771,harga_pihps,18500.0,Rp,GLP01,BD-PIHPS
2026-03-10,1771,harga_pihps,19000.0,Rp,GLP02,BD-PIHPS
2026-03-10,1771,harga_pihps,17950.0,Rp,MGR01,BD-PIHPS
2026-03-10,1771,harga_pihps,21650.0,Rp,MGR02,BD-PIHPS
2026-03-10,1771,harga_pihps,20950.0,Rp,MGR03,BD-PIHPS
2026-03-10,1771,harga_pihps,29650.0,Rp,TLR01,BD-PIHPS
2026-03-10,1771,harga_pihps_grosir,13650.0,Rp,BRS01,BD-PIHPS
2026-03-10,1771,harga_pihps_grosir,15000.0,Rp,BRS02,BD-PIHPS
2026-03-10,1771,harga_pihps_grosir,14900.0,Rp,BRS03,BD-PIHPS
2026-03-10,1771,harga_pihps_grosir,15250.0,Rp,BRS04,BD-PIHPS
2026-03-10,1771,harga_pihps_grosir,15100.0,Rp,BRS05,BD-PIHPS
2026-03-10,1771,harga_pihps_grosir,15450.0,Rp,BRS06,BD-PIHPS
2026-03-10,1771,harga_pihps_grosir,34500.0,Rp,BWM01,BD-PIHPS
2026-03-10,1771,harga_pihps_grosir,34000.0,Rp,BWP01,BD-PIHPS
2026-03-10,1771,harga_pihps_grosir,30500.0,Rp,CMR01,BD-PIHPS
2026-03-10,1771,harga_pihps_grosir,33500.0,Rp,CMR02,BD-PIHPS
2026-03-10,1771,harga_pihps_grosir,43500.0,Rp,CRW01,BD-PIHPS
2026-03-10,1771,harga_pihps_grosir,47150.0,Rp,CRW02,BD-PIHPS
2026-03-10,1771,harga_pihps_grosir,39750.0,Rp,DAY01,BD-PIHPS
2026-03-10,1771,harga_pihps_grosir,127500.0,Rp,DSP01,BD-PIHPS
2026-03-10,1771,harga_pihps_grosir,127500.0,Rp,DSP02,BD-PIHPS
2026-03-10,1771,harga_pihps_grosir,17750.0,Rp,GLP01,BD-PIHPS
2026-03-10,1771,harga_pihps_grosir,17500.0,Rp,MGR01,BD-PIHPS
2026-03-10,1771,harga_pihps_grosir,20000.0,Rp,MGR02,BD-PIHPS
2026-03-10,1771,harga_pihps_grosir,20000.0,Rp,MGR03,BD-PIHPS
2026-03-10,1771,harga_pihps_grosir,29200.0,Rp,TLR01,BD-PIHPS
2026-03-10,1771,harga_pihps_modern,15450.0,Rp,BRS01,BD-PIHPS
2026-03-10,1771,harga_pihps_modern,15100.0,Rp,BRS02,BD-PIHPS
2026-03-10,1771,harga_pihps_modern,16250.0,Rp,BRS03,BD-PIHPS
2026-03-10,1771,harga_pihps_modern,15900.0,Rp,BRS04,BD-PIHPS
2026-03-10,1771,harga_pihps_modern,15050.0,Rp,BRS05,BD-PIHPS
2026-03-10,1771,harga_pihps_modern,17350.0,Rp,BRS06,BD-PIHPS
2026-03-10,1771,harga_pihps_modern,59450.0,Rp,BWM01,BD-PIHPS
2026-03-10,1771,harga_pihps_modern,49450.0,Rp,BWP01,BD-PIHPS
2026-03-10,1771,harga_pihps_modern,95450.0,Rp,CMR01,BD-PIHPS
2026-03-10,1771,harga_pihps_modern,62450.0,Rp,CMR02,BD-PIHPS
2026-03-10,1771,harga_pihps_modern,77950.0,Rp,CRW01,BD-PIHPS
2026-03-10,1771,harga_pihps_modern,77450.0,Rp,CRW02,BD-PIHPS
2026-03-10,1771,harga_pihps_modern,47450.0,Rp,DAY01,BD-PIHPS
2026-03-10,1771,harga_pihps_modern,157450.0,Rp,DSP01,BD-PIHPS
2026-03-10,1771,harga_pihps_modern,164950.0,Rp,DSP02,BD-PIHPS
2026-03-10,1771,harga_pihps_modern,17300.0,Rp,GLP01,BD-PIHPS
2026-03-10,1771,harga_pihps_modern,17000.0,Rp,GLP02,BD-PIHPS
2026-03-10,1771,harga_pihps_modern,22750.0,Rp,MGR02,BD-PIHPS
2026-03-10,1771,harga_pihps_modern,24800.0,Rp,MGR03,BD-PIHPS
2026-03-10,1771,harga_pihps_modern,28550.0,Rp,TLR01,BD-PIHPS
2026-03-10,1771,harga_pihps_produsen,14000.0,Rp,BRS01,BD-PIHPS
2026-03-10,1771,harga_pihps_produsen,13500.0,Rp,BRS03,BD-PIHPS
2026-03-10,1771,harga_pihps_produsen,13300.0,Rp,BRS04,BD-PIHPS
2026-03-10,1771,harga_pihps_produsen,16000.0,Rp,BRS05,BD-PIHPS
2026-03-10,1771,harga_pihps_produsen,13600.0,Rp,BRS06,BD-PIHPS
2026-03-10,1771,harga_pihps_produsen,32500.0,Rp,CMR01,BD-PIHPS
2026-03-10,1771,harga_pihps_produsen,36000.0,Rp,CMR02,BD-PIHPS
2026-03-10,1771,harga_pihps_produsen,42650.0,Rp,CRW02,BD-PIHPS
2026-03-10,1771,harga_pihps_produsen,26850.0,Rp,DAY01,BD-PIHPS
2026-03-10,1771,harga_pihps_produsen,140000.0,Rp,DSP01,BD-PIHPS
2026-03-10,1771,harga_pihps_produsen,130000.0,Rp,DSP02,BD-PIHPS
2026-03-10,1771,harga_pihps_produsen,25800.0,Rp,TLR01,BD-PIHPS
2026-03-11,1771,harga_pihps,14250.0,Rp,BRS01,BD-PIHPS
2026-03-11,1771,harga_pihps,15600.0,Rp,BRS02,BD-PIHPS
2026-03-11,1771,harga_pihps,15350.0,Rp,BRS03,BD-PIHPS
2026-03-11,1771,harga_pihps,15600.0,Rp,BRS04,BD-PIHPS
2026-03-11,1771,harga_pihps,15800.0,Rp,BRS05,BD-PIHPS
2026-03-11,1771,harga_pihps,15800.0,Rp,BRS06,BD-PIHPS
2026-03-11,1771,harga_pihps,37650.0,Rp,BWM01,BD-PIHPS
2026-03-11,1771,harga_pihps,36900.0,Rp,BWP01,BD-PIHPS
2026-03-11,1771,harga_pihps,30000.0,Rp,CMR01,BD-PIHPS
2026-03-11,1771,harga_pihps,34650.0,Rp,CMR02,BD-PIHPS
2026-03-11,1771,harga_pihps,44400.0,Rp,CRW01,BD-PIHPS
2026-03-11,1771,harga_pihps,45550.0,Rp,CRW02,BD-PIHPS
2026-03-11,1771,harga_pihps,42900.0,Rp,DAY01,BD-PIHPS
2026-03-11,1771,harga_pihps,138750.0,Rp,DSP01,BD-PIHPS
2026-03-11,1771,harga_pihps,137500.0,Rp,DSP02,BD-PIHPS
2026-03-11,1771,harga_pihps,18500.0,Rp,GLP01,BD-PIHPS
2026-03-11,1771,harga_pihps,19000.0,Rp,GLP02,BD-PIHPS
2026-03-11,1771,harga_pihps,17950.0,Rp,MGR01,BD-PIHPS
2026-03-11,1771,harga_pihps,21400.0,Rp,MGR02,BD-PIHPS
2026-03-11,1771,harga_pihps,20700.0,Rp,MGR03,BD-PIHPS
2026-03-11,1771,harga_pihps,29650.0,Rp,TLR01,BD-PIHPS
2026-03-11,1771,harga_pihps_grosir,13650.0,Rp,BRS01,BD-PIHPS
2026-03-11,1771,harga_pihps_grosir,15000.0,Rp,BRS02,BD-PIHPS
2026-03-11,1771,harga_pihps_grosir,14900.0,Rp,BRS03,BD-PIHPS
2026-03-11,1771,harga_pihps_grosir,15250.0,Rp,BRS04,BD-PIHPS
2026-03-11,1771,harga_pihps_grosir,15100.0,Rp,BRS05,BD-PIHPS
2026-03-11,1771,harga_pihps_grosir,15450.0,Rp,BRS06,BD-PIHPS
2026-03-11,1771,harga_pihps_grosir,34500.0,Rp,BWM01,BD-PIHPS
2026-03-11,1771,harga_pihps_grosir,34000.0,Rp,BWP01,BD-PIHPS
2026-03-11,1771,harga_pihps_grosir,30500.0,Rp,CMR01,BD-PIHPS
2026-03-11,1771,harga_pihps_grosir,33500.0,Rp,CMR02,BD-PIHPS
2026-03-11,1771,harga_pihps_grosir,43500.0,Rp,CRW01,BD-PIHPS
2026-03-11,1771,harga_pihps_grosir,47150.0,Rp,CRW02,BD-PIHPS
2026-03-11,1771,harga_pihps_grosir,39750.0,Rp,DAY01,BD-PIHPS
2026-03-11,1771,harga_pihps_grosir,127500.0,Rp,DSP01,BD-PIHPS
2026-03-11,1771,harga_pihps_grosir,127500.0,Rp,DSP02,BD-PIHPS
2026-03-11,1771,harga_pihps_grosir,17750.0,Rp,GLP01,BD-PIHPS
2026-03-11,1771,harga_pihps_grosir,17500.0,Rp,MGR01,BD-PIHPS
2026-03-11,1771,harga_pihps_grosir,20000.0,Rp,MGR02,BD-PIHPS
2026-03-11,1771,harga_pihps_grosir,20000.0,Rp,MGR03,BD-PIHPS
2026-03-11,1771,harga_pihps_grosir,29200.0,Rp,TLR01,BD-PIHPS
2026-03-11,1771,harga_pihps_modern,15450.0,Rp,BRS01,BD-PIHPS
2026-03-11,1771,harga_pihps_modern,15100.0,Rp,BRS02,BD-PIHPS
2026-03-11,1771,harga_pihps_modern,16250.0,Rp,BRS03,BD-PIHPS
2026-03-11,1771,harga_pihps_modern,15900.0,Rp,BRS04,BD-PIHPS
2026-03-11,1771,harga_pihps_modern,15050.0,Rp,BRS05,BD-PIHPS
2026-03-11,1771,harga_pihps_modern,17350.0,Rp,BRS06,BD-PIHPS
2026-03-11,1771,harga_pihps_modern,59450.0,Rp,BWM01,BD-PIHPS
2026-03-11,1771,harga_pihps_modern,49450.0,Rp,BWP01,BD-PIHPS
2026-03-11,1771,harga_pihps_modern,95450.0,Rp,CMR01,BD-PIHPS
2026-03-11,1771,harga_pihps_modern,62450.0,Rp,CMR02,BD-PIHPS
2026-03-11,1771,harga_pihps_modern,77950.0,Rp,CRW01,BD-PIHPS
2026-03-11,1771,harga_pihps_modern,77450.0,Rp,CRW02,BD-PIHPS
2026-03-11,1771,harga_pihps_modern,47450.0,Rp,DAY01,BD-PIHPS
2026-03-11,1771,harga_pihps_modern,157450.0,Rp,DSP01,BD-PIHPS
2026-03-11,1771,harga_pihps_modern,164950.0,Rp,DSP02,BD-PIHPS
2026-03-11,1771,harga_pihps_modern,17300.0,Rp,GLP01,BD-PIHPS
2026-03-11,1771,harga_pihps_modern,17000.0,Rp,GLP02,BD-PIHPS
2026-03-11,1771,harga_pihps_modern,22750.0,Rp,MGR02,BD-PIHPS
2026-03-11,1771,harga_pihps_modern,24800.0,Rp,MGR03,BD-PIHPS
2026-03-11,1771,harga_pihps_modern,28550.0,Rp,TLR01,BD-PIHPS
2026-03-11,1771,harga_pihps_produsen,14000.0,Rp,BRS01,BD-PIHPS
2026-03-11,1771,harga_pihps_produsen,13500.0,Rp,BRS03,BD-PIHPS
2026-03-11,1771,harga_pihps_produsen,13300.0,Rp,BRS04,BD-PIHPS
2026-03-11,1771,harga_pihps_produsen,16000.0,Rp,BRS05,BD-PIHPS
2026-03-11,1771,harga_pihps_produsen,13600.0,Rp,BRS06,BD-PIHPS
2026-03-11,1771,harga_pihps_produsen,32500.0,Rp,CMR01,BD-PIHPS
2026-03-11,1771,harga_pihps_produsen,36000.0,Rp,CMR02,BD-PIHPS
2026-03-11,1771,harga_pihps_produsen,42650.0,Rp,CRW02,BD-PIHPS
2026-03-11,1771,harga_pihps_produsen,26850.0,Rp,DAY01,BD-PIHPS
2026-03-11,1771,harga_pihps_produsen,140000.0,Rp,DSP01,BD-PIHPS
2026-03-11,1771,harga_pihps_produsen,130000.0,Rp,DSP02,BD-PIHPS
2026-03-11,1771,harga_pihps_produsen,25800.0,Rp,TLR01,BD-PIHPS
2026-03-12,1771,harga_pihps,14250.0,Rp,BRS01,BD-PIHPS
2026-03-12,1771,harga_pihps,15600.0,Rp,BRS02,BD-PIHPS
2026-03-12,1771,harga_pihps,15350.0,Rp,BRS03,BD-PIHPS
2026-03-12,1771,harga_pihps,15600.0,Rp,BRS04,BD-PIHPS
2026-03-12,1771,harga_pihps,15800.0,Rp,BRS05,BD-PIHPS
2026-03-12,1771,harga_pihps,15800.0,Rp,BRS06,BD-PIHPS
2026-03-12,1771,harga_pihps,38000.0,Rp,BWM01,BD-PIHPS
2026-03-12,1771,harga_pihps,36900.0,Rp,BWP01,BD-PIHPS
2026-03-12,1771,harga_pihps,30000.0,Rp,CMR01,BD-PIHPS
2026-03-12,1771,harga_pihps,34650.0,Rp,CMR02,BD-PIHPS
2026-03-12,1771,harga_pihps,42900.0,Rp,CRW01,BD-PIHPS
2026-03-12,1771,harga_pihps,45500.0,Rp,CRW02,BD-PIHPS
2026-03-12,1771,harga_pihps,43150.0,Rp,DAY01,BD-PIHPS
2026-03-12,1771,harga_pihps,138750.0,Rp,DSP01,BD-PIHPS
2026-03-12,1771,harga_pihps,137500.0,Rp,DSP02,BD-PIHPS
2026-03-12,1771,harga_pihps,18500.0,Rp,GLP01,BD-PIHPS
2026-03-12,1771,harga_pihps,19000.0,Rp,GLP02,BD-PIHPS
2026-03-12,1771,harga_pihps,17950.0,Rp,MGR01,BD-PIHPS
2026-03-12,1771,harga_pihps,21400.0,Rp,MGR02,BD-PIHPS
2026-03-12,1771,harga_pihps,20700.0,Rp,MGR03,BD-PIHPS
2026-03-12,1771,harga_pihps,29750.0,Rp,TLR01,BD-PIHPS
2026-03-12,1771,harga_pihps_grosir,13650.0,Rp,BRS01,BD-PIHPS
2026-03-12,1771,harga_pihps_grosir,15000.0,Rp,BRS02,BD-PIHPS
2026-03-12,1771,harga_pihps_grosir,14900.0,Rp,BRS03,BD-PIHPS
2026-03-12,1771,harga_pihps_grosir,15250.0,Rp,BRS04,BD-PIHPS
2026-03-12,1771,harga_pihps_grosir,15100.0,Rp,BRS05,BD-PIHPS
2026-03-12,1771,harga_pihps_grosir,15450.0,Rp,BRS06,BD-PIHPS
2026-03-12,1771,harga_pihps_grosir,34500.0,Rp,BWM01,BD-PIHPS
2026-03-12,1771,harga_pihps_grosir,34000.0,Rp,BWP01,BD-PIHPS
2026-03-12,1771,harga_pihps_grosir,29000.0,Rp,CMR01,BD-PIHPS
2026-03-12,1771,harga_pihps_grosir,33500.0,Rp,CMR02,BD-PIHPS
2026-03-12,1771,harga_pihps_grosir,41000.0,Rp,CRW01,BD-PIHPS
2026-03-12,1771,harga_pihps_grosir,46100.0,Rp,CRW02,BD-PIHPS
2026-03-12,1771,harga_pihps_grosir,40500.0,Rp,DAY01,BD-PIHPS
2026-03-12,1771,harga_pihps_grosir,127500.0,Rp,DSP01,BD-PIHPS
2026-03-12,1771,harga_pihps_grosir,127500.0,Rp,DSP02,BD-PIHPS
2026-03-12,1771,harga_pihps_grosir,17750.0,Rp,GLP01,BD-PIHPS
2026-03-12,1771,harga_pihps_grosir,17500.0,Rp,MGR01,BD-PIHPS
2026-03-12,1771,harga_pihps_grosir,20000.0,Rp,MGR02,BD-PIHPS
2026-03-12,1771,harga_pihps_grosir,20000.0,Rp,MGR03,BD-PIHPS
2026-03-12,1771,harga_pihps_grosir,29350.0,Rp,TLR01,BD-PIHPS
2026-03-12,1771,harga_pihps_modern,15450.0,Rp,BRS01,BD-PIHPS
2026-03-12,1771,harga_pihps_modern,15100.0,Rp,BRS02,BD-PIHPS
2026-03-12,1771,harga_pihps_modern,16250.0,Rp,BRS03,BD-PIHPS
2026-03-12,1771,harga_pihps_modern,15900.0,Rp,BRS04,BD-PIHPS
2026-03-12,1771,harga_pihps_modern,15050.0,Rp,BRS05,BD-PIHPS
2026-03-12,1771,harga_pihps_modern,17350.0,Rp,BRS06,BD-PIHPS
2026-03-12,1771,harga_pihps_modern,59450.0,Rp,BWM01,BD-PIHPS
2026-03-12,1771,harga_pihps_modern,49450.0,Rp,BWP01,BD-PIHPS
2026-03-12,1771,harga_pihps_modern,95450.0,Rp,CMR01,BD-PIHPS
2026-03-12,1771,harga_pihps_modern,62450.0,Rp,CMR02,BD-PIHPS
2026-03-12,1771,harga_pihps_modern,77950.0,Rp,CRW01,BD-PIHPS
2026-03-12,1771,harga_pihps_modern,77450.0,Rp,CRW02,BD-PIHPS
2026-03-12,1771,harga_pihps_modern,47450.0,Rp,DAY01,BD-PIHPS
2026-03-12,1771,harga_pihps_modern,157450.0,Rp,DSP01,BD-PIHPS
2026-03-12,1771,harga_pihps_modern,164950.0,Rp,DSP02,BD-PIHPS
2026-03-12,1771,harga_pihps_modern,17300.0,Rp,GLP01,BD-PIHPS
2026-03-12,1771,harga_pihps_modern,17000.0,Rp,GLP02,BD-PIHPS
2026-03-12,1771,harga_pihps_modern,22750.0,Rp,MGR02,BD-PIHPS
2026-03-12,1771,harga_pihps_modern,24800.0,Rp,MGR03,BD-PIHPS
2026-03-12,1771,harga_pihps_modern,28550.0,Rp,TLR01,BD-PIHPS
2026-03-12,1771,harga_pihps_produsen,14000.0,Rp,BRS01,BD-PIHPS
2026-03-12,1771,harga_pihps_produsen,13500.0,Rp,BRS03,BD-PIHPS
2026-03-12,1771,harga_pihps_produsen,13300.0,Rp,BRS04,BD-PIHPS
2026-03-12,1771,harga_pihps_produsen,16000.0,Rp,BRS05,BD-PIHPS
2026-03-12,1771,harga_pihps_produsen,13600.0,Rp,BRS06,BD-PIHPS
2026-03-12,1771,harga_pihps_produsen,32500.0,Rp,CMR01,BD-PIHPS
2026-03-12,1771,harga_pihps_produsen,36000.0,Rp,CMR02,BD-PIHPS
2026-03-12,1771,harga_pihps_produsen,42650.0,Rp,CRW02,BD-PIHPS
2026-03-12,1771,harga_pihps_produsen,26850.0,Rp,DAY01,BD-PIHPS
2026-03-12,1771,harga_pihps_produsen,140000.0,Rp,DSP01,BD-PIHPS
2026-03-12,1771,harga_pihps_produsen,130000.0,Rp,DSP02,BD-PIHPS
2026-03-12,1771,harga_pihps_produsen,25800.0,Rp,TLR01,BD-PIHPS
2026-03-13,1771,harga_pihps,14250.0,Rp,BRS01,BD-PIHPS
2026-03-13,1771,harga_pihps,15600.0,Rp,BRS02,BD-PIHPS
2026-03-13,1771,harga_pihps,15350.0,Rp,BRS03,BD-PIHPS
2026-03-13,1771,harga_pihps,15600.0,Rp,BRS04,BD-PIHPS
2026-03-13,1771,harga_pihps,15800.0,Rp,BRS05,BD-PIHPS
2026-03-13,1771,harga_pihps,15800.0,Rp,BRS06,BD-PIHPS
2026-03-13,1771,harga_pihps,39500.0,Rp,BWM01,BD-PIHPS
2026-03-13,1771,harga_pihps,37000.0,Rp,BWP01,BD-PIHPS
2026-03-13,1771,harga_pihps,37900.0,Rp,CMR01,BD-PIHPS
2026-03-13,1771,harga_pihps,43000.0,Rp,CMR02,BD-PIHPS
2026-03-13,1771,harga_pihps,45000.0,Rp,CRW01,BD-PIHPS
2026-03-13,1771,harga_pihps,47500.0,Rp,CRW02,BD-PIHPS
2026-03-13,1771,harga_pihps,43250.0,Rp,DAY01,BD-PIHPS
2026-03-13,1771,harga_pihps,138750.0,Rp,DSP01,BD-PIHPS
2026-03-13,1771,harga_pihps,137500.0,Rp,DSP02,BD-PIHPS
2026-03-13,1771,harga_pihps,18500.0,Rp,GLP01,BD-PIHPS
2026-03-13,1771,harga_pihps,19000.0,Rp,GLP02,BD-PIHPS
2026-03-13,1771,harga_pihps,17950.0,Rp,MGR01,BD-PIHPS
2026-03-13,1771,harga_pihps,21400.0,Rp,MGR02,BD-PIHPS
2026-03-13,1771,harga_pihps,20700.0,Rp,MGR03,BD-PIHPS
2026-03-13,1771,harga_pihps,29750.0,Rp,TLR01,BD-PIHPS
2026-03-13,1771,harga_pihps_grosir,13650.0,Rp,BRS01,BD-PIHPS
2026-03-13,1771,harga_pihps_grosir,15000.0,Rp,BRS02,BD-PIHPS
2026-03-13,1771,harga_pihps_grosir,14900.0,Rp,BRS03,BD-PIHPS
2026-03-13,1771,harga_pihps_grosir,15250.0,Rp,BRS04,BD-PIHPS
2026-03-13,1771,harga_pihps_grosir,15100.0,Rp,BRS05,BD-PIHPS
2026-03-13,1771,harga_pihps_grosir,15450.0,Rp,BRS06,BD-PIHPS
2026-03-13,1771,harga_pihps_grosir,34500.0,Rp,BWM01,BD-PIHPS
2026-03-13,1771,harga_pihps_grosir,34000.0,Rp,BWP01,BD-PIHPS
2026-03-13,1771,harga_pihps_grosir,29000.0,Rp,CMR01,BD-PIHPS
2026-03-13,1771,harga_pihps_grosir,33500.0,Rp,CMR02,BD-PIHPS
2026-03-13,1771,harga_pihps_grosir,41000.0,Rp,CRW01,BD-PIHPS
2026-03-13,1771,harga_pihps_grosir,46100.0,Rp,CRW02,BD-PIHPS
2026-03-13,1771,harga_pihps_grosir,40500.0,Rp,DAY01,BD-PIHPS
2026-03-13,1771,harga_pihps_grosir,127500.0,Rp,DSP01,BD-PIHPS
2026-03-13,1771,harga_pihps_grosir,127500.0,Rp,DSP02,BD-PIHPS
2026-03-13,1771,harga_pihps_grosir,17750.0,Rp,GLP01,BD-PIHPS
2026-03-13,1771,harga_pihps_grosir,17500.0,Rp,MGR01,BD-PIHPS
2026-03-13,1771,harga_pihps_grosir,20000.0,Rp,MGR02,BD-PIHPS
2026-03-13,1771,harga_pihps_grosir,20000.0,Rp,MGR03,BD-PIHPS
2026-03-13,1771,harga_pihps_grosir,29350.0,Rp,TLR01,BD-PIHPS
2026-03-13,1771,harga_pihps_modern,15450.0,Rp,BRS01,BD-PIHPS
2026-03-13,1771,harga_pihps_modern,15100.0,Rp,BRS02,BD-PIHPS
2026-03-13,1771,harga_pihps_modern,16250.0,Rp,BRS03,BD-PIHPS
2026-03-13,1771,harga_pihps_modern,15900.0,Rp,BRS04,BD-PIHPS
2026-03-13,1771,harga_pihps_modern,15050.0,Rp,BRS05,BD-PIHPS
2026-03-13,1771,harga_pihps_modern,17350.0,Rp,BRS06,BD-PIHPS
2026-03-13,1771,harga_pihps_modern,59450.0,Rp,BWM01,BD-PIHPS
2026-03-13,1771,harga_pihps_modern,49450.0,Rp,BWP01,BD-PIHPS
2026-03-13,1771,harga_pihps_modern,95450.0,Rp,CMR01,BD-PIHPS
2026-03-13,1771,harga_pihps_modern,62450.0,Rp,CMR02,BD-PIHPS
2026-03-13,1771,harga_pihps_modern,77950.0,Rp,CRW01,BD-PIHPS
2026-03-13,1771,harga_pihps_modern,77450.0,Rp,CRW02,BD-PIHPS
2026-03-13,1771,harga_pihps_modern,47450.0,Rp,DAY01,BD-PIHPS
2026-03-13,1771,harga_pihps_modern,157450.0,Rp,DSP01,BD-PIHPS
2026-03-13,1771,harga_pihps_modern,164950.0,Rp,DSP02,BD-PIHPS
2026-03-13,1771,harga_pihps_modern,17300.0,Rp,GLP01,BD-PIHPS
2026-03-13,1771,harga_pihps_modern,17000.0,Rp,GLP02,BD-PIHPS
2026-03-13,1771,harga_pihps_modern,22750.0,Rp,MGR02,BD-PIHPS
2026-03-13,1771,harga_pihps_modern,24800.0,Rp,MGR03,BD-PIHPS
2026-03-13,1771,harga_pihps_modern,28550.0,Rp,TLR01,BD-PIHPS
2026-03-13,1771,harga_pihps_produsen,14000.0,Rp,BRS01,BD-PIHPS
2026-03-13,1771,harga_pihps_produsen,13500.0,Rp,BRS03,BD-PIHPS
2026-03-13,1771,harga_pihps_produsen,13300.0,Rp,BRS04,BD-PIHPS
2026-03-13,1771,harga_pihps_produsen,16000.0,Rp,BRS05,BD-PIHPS
2026-03-13,1771,harga_pihps_produsen,13600.0,Rp,BRS06,BD-PIHPS
2026-03-13,1771,harga_pihps_produsen,32500.0,Rp,CMR01,BD-PIHPS
2026-03-13,1771,harga_pihps_produsen,36000.0,Rp,CMR02,BD-PIHPS
2026-03-13,1771,harga_pihps_produsen,42650.0,Rp,CRW02,BD-PIHPS
2026-03-13,1771,harga_pihps_produsen,26850.0,Rp,DAY01,BD-PIHPS
2026-03-13,1771,harga_pihps_produsen,140000.0,Rp,DSP01,BD-PIHPS
2026-03-13,1771,harga_pihps_produsen,130000.0,Rp,DSP02,BD-PIHPS
2026-03-13,1771,harga_pihps_produsen,25800.0,Rp,TLR01,BD-PIHPS
2026-03-16,1771,harga_pihps,14250.0,Rp,BRS01,BD-PIHPS
2026-03-16,1771,harga_pihps,15600.0,Rp,BRS02,BD-PIHPS
2026-03-16,1771,harga_pihps,15350.0,Rp,BRS03,BD-PIHPS
2026-03-16,1771,harga_pihps,15600.0,Rp,BRS04,BD-PIHPS
2026-03-16,1771,harga_pihps,15800.0,Rp,BRS05,BD-PIHPS
2026-03-16,1771,harga_pihps,15800.0,Rp,BRS06,BD-PIHPS
2026-03-16,1771,harga_pihps,39500.0,Rp,BWM01,BD-PIHPS
2026-03-16,1771,harga_pihps,37000.0,Rp,BWP01,BD-PIHPS
2026-03-16,1771,harga_pihps,39500.0,Rp,CMR01,BD-PIHPS
2026-03-16,1771,harga_pihps,45000.0,Rp,CMR02,BD-PIHPS
2026-03-16,1771,harga_pihps,46400.0,Rp,CRW01,BD-PIHPS
2026-03-16,1771,harga_pihps,48200.0,Rp,CRW02,BD-PIHPS
2026-03-16,1771,harga_pihps,43250.0,Rp,DAY01,BD-PIHPS
2026-03-16,1771,harga_pihps,146250.0,Rp,DSP01,BD-PIHPS
2026-03-16,1771,harga_pihps,145000.0,Rp,DSP02,BD-PIHPS
2026-03-16,1771,harga_pihps,18500.0,Rp,GLP01,BD-PIHPS
2026-03-16,1771,harga_pihps,19000.0,Rp,GLP02,BD-PIHPS
2026-03-16,1771,harga_pihps,18150.0,Rp,MGR01,BD-PIHPS
2026-03-16,1771,harga_pihps,21650.0,Rp,MGR02,BD-PIHPS
2026-03-16,1771,harga_pihps,20800.0,Rp,MGR03,BD-PIHPS
2026-03-16,1771,harga_pihps,29750.0,Rp,TLR01,BD-PIHPS
2026-03-16,1771,harga_pihps_grosir,13650.0,Rp,BRS01,BD-PIHPS
2026-03-16,1771,harga_pihps_grosir,15000.0,Rp,BRS02,BD-PIHPS
2026-03-16,1771,harga_pihps_grosir,14900.0,Rp,BRS03,BD-PIHPS
2026-03-16,1771,harga_pihps_grosir,15250.0,Rp,BRS04,BD-PIHPS
2026-03-16,1771,harga_pihps_grosir,15100.0,Rp,BRS05,BD-PIHPS
2026-03-16,1771,harga_pihps_grosir,15450.0,Rp,BRS06,BD-PIHPS
2026-03-16,1771,harga_pihps_grosir,34500.0,Rp,BWM01,BD-PIHPS
2026-03-16,1771,harga_pihps_grosir,34000.0,Rp,BWP01,BD-PIHPS
2026-03-16,1771,harga_pihps_grosir,29000.0,Rp,CMR01,BD-PIHPS
2026-03-16,1771,harga_pihps_grosir,33500.0,Rp,CMR02,BD-PIHPS
2026-03-16,1771,harga_pihps_grosir,41000.0,Rp,CRW01,BD-PIHPS
2026-03-16,1771,harga_pihps_grosir,46100.0,Rp,CRW02,BD-PIHPS
2026-03-16,1771,harga_pihps_grosir,40500.0,Rp,DAY01,BD-PIHPS
2026-03-16,1771,harga_pihps_grosir,127500.0,Rp,DSP01,BD-PIHPS
2026-03-16,1771,harga_pihps_grosir,127500.0,Rp,DSP02,BD-PIHPS
2026-03-16,1771,harga_pihps_grosir,17750.0,Rp,GLP01,BD-PIHPS
2026-03-16,1771,harga_pihps_grosir,17500.0,Rp,MGR01,BD-PIHPS
2026-03-16,1771,harga_pihps_grosir,20000.0,Rp,MGR02,BD-PIHPS
2026-03-16,1771,harga_pihps_grosir,20000.0,Rp,MGR03,BD-PIHPS
2026-03-16,1771,harga_pihps_grosir,29350.0,Rp,TLR01,BD-PIHPS
2026-03-16,1771,harga_pihps_modern,15450.0,Rp,BRS01,BD-PIHPS
2026-03-16,1771,harga_pihps_modern,15100.0,Rp,BRS02,BD-PIHPS
2026-03-16,1771,harga_pihps_modern,16250.0,Rp,BRS03,BD-PIHPS
2026-03-16,1771,harga_pihps_modern,15900.0,Rp,BRS04,BD-PIHPS
2026-03-16,1771,harga_pihps_modern,15050.0,Rp,BRS05,BD-PIHPS
2026-03-16,1771,harga_pihps_modern,17350.0,Rp,BRS06,BD-PIHPS
2026-03-16,1771,harga_pihps_modern,59450.0,Rp,BWM01,BD-PIHPS
2026-03-16,1771,harga_pihps_modern,49450.0,Rp,BWP01,BD-PIHPS
2026-03-16,1771,harga_pihps_modern,95450.0,Rp,CMR01,BD-PIHPS
2026-03-16,1771,harga_pihps_modern,62450.0,Rp,CMR02,BD-PIHPS
2026-03-16,1771,harga_pihps_modern,77950.0,Rp,CRW01,BD-PIHPS
2026-03-16,1771,harga_pihps_modern,77450.0,Rp,CRW02,BD-PIHPS
2026-03-16,1771,harga_pihps_modern,47450.0,Rp,DAY01,BD-PIHPS
2026-03-16,1771,harga_pihps_modern,157450.0,Rp,DSP01,BD-PIHPS
2026-03-16,1771,harga_pihps_modern,164950.0,Rp,DSP02,BD-PIHPS
2026-03-16,1771,harga_pihps_modern,17300.0,Rp,GLP01,BD-PIHPS
2026-03-16,1771,harga_pihps_modern,17000.0,Rp,GLP02,BD-PIHPS
2026-03-16,1771,harga_pihps_modern,22750.0,Rp,MGR02,BD-PIHPS
2026-03-16,1771,harga_pihps_modern,24800.0,Rp,MGR03,BD-PIHPS
2026-03-16,1771,harga_pihps_modern,28550.0,Rp,TLR01,BD-PIHPS
2026-03-16,1771,harga_pihps_produsen,14000.0,Rp,BRS01,BD-PIHPS
2026-03-16,1771,harga_pihps_produsen,13500.0,Rp,BRS03,BD-PIHPS
2026-03-16,1771,harga_pihps_produsen,13300.0,Rp,BRS04,BD-PIHPS
2026-03-16,1771,harga_pihps_produsen,16000.0,Rp,BRS05,BD-PIHPS
2026-03-16,1771,harga_pihps_produsen,13600.0,Rp,BRS06,BD-PIHPS
2026-03-16,1771,harga_pihps_produsen,32500.0,Rp,CMR01,BD-PIHPS
2026-03-16,1771,harga_pihps_produsen,36000.0,Rp,CMR02,BD-PIHPS
2026-03-16,1771,harga_pihps_produsen,42650.0,Rp,CRW02,BD-PIHPS
2026-03-16,1771,harga_pihps_produsen,26850.0,Rp,DAY01,BD-PIHPS
2026-03-16,1771,harga_pihps_produsen,140000.0,Rp,DSP01,BD-PIHPS
2026-03-16,1771,harga_pihps_produsen,130000.0,Rp,DSP02,BD-PIHPS
2026-03-16,1771,harga_pihps_produsen,25800.0,Rp,TLR01,BD-PIHPS
2026-03-17,1771,harga_pihps,14250.0,Rp,BRS01,BD-PIHPS
2026-03-17,1771,harga_pihps,15600.0,Rp,BRS02,BD-PIHPS
2026-03-17,1771,harga_pihps,15350.0,Rp,BRS03,BD-PIHPS
2026-03-17,1771,harga_pihps,15600.0,Rp,BRS04,BD-PIHPS
2026-03-17,1771,harga_pihps,15800.0,Rp,BRS05,BD-PIHPS
2026-03-17,1771,harga_pihps,15800.0,Rp,BRS06,BD-PIHPS
2026-03-17,1771,harga_pihps,40400.0,Rp,BWM01,BD-PIHPS
2026-03-17,1771,harga_pihps,37650.0,Rp,BWP01,BD-PIHPS
2026-03-17,1771,harga_pihps,41150.0,Rp,CMR01,BD-PIHPS
2026-03-17,1771,harga_pihps,45250.0,Rp,CMR02,BD-PIHPS
2026-03-17,1771,harga_pihps,48750.0,Rp,CRW01,BD-PIHPS
2026-03-17,1771,harga_pihps,48200.0,Rp,CRW02,BD-PIHPS
2026-03-17,1771,harga_pihps,43750.0,Rp,DAY01,BD-PIHPS
2026-03-17,1771,harga_pihps,146250.0,Rp,DSP01,BD-PIHPS
2026-03-17,1771,harga_pihps,145000.0,Rp,DSP02,BD-PIHPS
2026-03-17,1771,harga_pihps,18800.0,Rp,GLP01,BD-PIHPS
2026-03-17,1771,harga_pihps,19050.0,Rp,GLP02,BD-PIHPS
2026-03-17,1771,harga_pihps,18150.0,Rp,MGR01,BD-PIHPS
2026-03-17,1771,harga_pihps,21750.0,Rp,MGR02,BD-PIHPS
2026-03-17,1771,harga_pihps,20800.0,Rp,MGR03,BD-PIHPS
2026-03-17,1771,harga_pihps,29750.0,Rp,TLR01,BD-PIHPS
2026-03-17,1771,harga_pihps_grosir,13650.0,Rp,BRS01,BD-PIHPS
2026-03-17,1771,harga_pihps_grosir,15000.0,Rp,BRS02,BD-PIHPS
2026-03-17,1771,harga_pihps_grosir,14900.0,Rp,BRS03,BD-PIHPS
2026-03-17,1771,harga_pihps_grosir,15250.0,Rp,BRS04,BD-PIHPS
2026-03-17,1771,harga_pihps_grosir,15100.0,Rp,BRS05,BD-PIHPS
2026-03-17,1771,harga_pihps_grosir,15450.0,Rp,BRS06,BD-PIHPS
2026-03-17,1771,harga_pihps_grosir,34500.0,Rp,BWM01,BD-PIHPS
2026-03-17,1771,harga_pihps_grosir,34000.0,Rp,BWP01,BD-PIHPS
2026-03-17,1771,harga_pihps_grosir,29000.0,Rp,CMR01,BD-PIHPS
2026-03-17,1771,harga_pihps_grosir,33500.0,Rp,CMR02,BD-PIHPS
2026-03-17,1771,harga_pihps_grosir,41000.0,Rp,CRW01,BD-PIHPS
2026-03-17,1771,harga_pihps_grosir,46100.0,Rp,CRW02,BD-PIHPS
2026-03-17,1771,harga_pihps_grosir,40500.0,Rp,DAY01,BD-PIHPS
2026-03-17,1771,harga_pihps_grosir,127500.0,Rp,DSP01,BD-PIHPS
2026-03-17,1771,harga_pihps_grosir,127500.0,Rp,DSP02,BD-PIHPS
2026-03-17,1771,harga_pihps_grosir,17750.0,Rp,GLP01,BD-PIHPS
2026-03-17,1771,harga_pihps_grosir,17500.0,Rp,MGR01,BD-PIHPS
2026-03-17,1771,harga_pihps_grosir,20000.0,Rp,MGR02,BD-PIHPS
2026-03-17,1771,harga_pihps_grosir,20000.0,Rp,MGR03,BD-PIHPS
2026-03-17,1771,harga_pihps_grosir,29350.0,Rp,TLR01,BD-PIHPS
2026-03-17,1771,harga_pihps_modern,15450.0,Rp,BRS01,BD-PIHPS
2026-03-17,1771,harga_pihps_modern,15100.0,Rp,BRS02,BD-PIHPS
2026-03-17,1771,harga_pihps_modern,16250.0,Rp,BRS03,BD-PIHPS
2026-03-17,1771,harga_pihps_modern,15900.0,Rp,BRS04,BD-PIHPS
2026-03-17,1771,harga_pihps_modern,15050.0,Rp,BRS05,BD-PIHPS
2026-03-17,1771,harga_pihps_modern,17350.0,Rp,BRS06,BD-PIHPS
2026-03-17,1771,harga_pihps_modern,59450.0,Rp,BWM01,BD-PIHPS
2026-03-17,1771,harga_pihps_modern,49450.0,Rp,BWP01,BD-PIHPS
2026-03-17,1771,harga_pihps_modern,95450.0,Rp,CMR01,BD-PIHPS
2026-03-17,1771,harga_pihps_modern,62450.0,Rp,CMR02,BD-PIHPS
2026-03-17,1771,harga_pihps_modern,77950.0,Rp,CRW01,BD-PIHPS
2026-03-17,1771,harga_pihps_modern,77450.0,Rp,CRW02,BD-PIHPS
2026-03-17,1771,harga_pihps_modern,47450.0,Rp,DAY01,BD-PIHPS
2026-03-17,1771,harga_pihps_modern,157450.0,Rp,DSP01,BD-PIHPS
2026-03-17,1771,harga_pihps_modern,164950.0,Rp,DSP02,BD-PIHPS
2026-03-17,1771,harga_pihps_modern,17300.0,Rp,GLP01,BD-PIHPS
2026-03-17,1771,harga_pihps_modern,17000.0,Rp,GLP02,BD-PIHPS
2026-03-17,1771,harga_pihps_modern,22750.0,Rp,MGR02,BD-PIHPS
2026-03-17,1771,harga_pihps_modern,24800.0,Rp,MGR03,BD-PIHPS
2026-03-17,1771,harga_pihps_modern,28550.0,Rp,TLR01,BD-PIHPS
2026-03-17,1771,harga_pihps_produsen,14000.0,Rp,BRS01,BD-PIHPS
2026-03-17,1771,harga_pihps_produsen,13500.0,Rp,BRS03,BD-PIHPS
2026-03-17,1771,harga_pihps_produsen,13300.0,Rp,BRS04,BD-PIHPS
2026-03-17,1771,harga_pihps_produsen,16000.0,Rp,BRS05,BD-PIHPS
2026-03-17,1771,harga_pihps_produsen,13600.0,Rp,BRS06,BD-PIHPS
2026-03-17,1771,harga_pihps_produsen,32500.0,Rp,CMR01,BD-PIHPS
2026-03-17,1771,harga_pihps_produsen,36000.0,Rp,CMR02,BD-PIHPS
2026-03-17,1771,harga_pihps_produsen,42650.0,Rp,CRW02,BD-PIHPS
2026-03-17,1771,harga_pihps_produsen,26850.0,Rp,DAY01,BD-PIHPS
2026-03-17,1771,harga_pihps_produsen,140000.0,Rp,DSP01,BD-PIHPS
2026-03-17,1771,harga_pihps_produsen,130000.0,Rp,DSP02,BD-PIHPS
2026-03-17,1771,harga_pihps_produsen,25800.0,Rp,TLR01,BD-PIHPS
2026-03-18,1771,harga_pihps,14250.0,Rp,BRS01,BD-PIHPS
2026-03-18,1771,harga_pihps,15600.0,Rp,BRS02,BD-PIHPS
2026-03-18,1771,harga_pihps,15350.0,Rp,BRS03,BD-PIHPS
2026-03-18,1771,harga_pihps,15600.0,Rp,BRS04,BD-PIHPS
2026-03-18,1771,harga_pihps,15800.0,Rp,BRS05,BD-PIHPS
2026-03-18,1771,harga_pihps,15800.0,Rp,BRS06,BD-PIHPS
2026-03-18,1771,harga_pihps,40400.0,Rp,BWM01,BD-PIHPS
2026-03-18,1771,harga_pihps,37650.0,Rp,BWP01,BD-PIHPS
2026-03-18,1771,harga_pihps,41150.0,Rp,CMR01,BD-PIHPS
2026-03-18,1771,harga_pihps,45250.0,Rp,CMR02,BD-PIHPS
2026-03-18,1771,harga_pihps,48750.0,Rp,CRW01,BD-PIHPS
2026-03-18,1771,harga_pihps,48200.0,Rp,CRW02,BD-PIHPS
2026-03-18,1771,harga_pihps,43750.0,Rp,DAY01,BD-PIHPS
2026-03-18,1771,harga_pihps,146250.0,Rp,DSP01,BD-PIHPS
2026-03-18,1771,harga_pihps,145000.0,Rp,DSP02,BD-PIHPS
2026-03-18,1771,harga_pihps,18800.0,Rp,GLP01,BD-PIHPS
2026-03-18,1771,harga_pihps,19050.0,Rp,GLP02,BD-PIHPS
2026-03-18,1771,harga_pihps,18150.0,Rp,MGR01,BD-PIHPS
2026-03-18,1771,harga_pihps,21750.0,Rp,MGR02,BD-PIHPS
2026-03-18,1771,harga_pihps,20800.0,Rp,MGR03,BD-PIHPS
2026-03-18,1771,harga_pihps,29750.0,Rp,TLR01,BD-PIHPS
2026-03-18,1771,harga_pihps_grosir,13650.0,Rp,BRS01,BD-PIHPS
2026-03-18,1771,harga_pihps_grosir,15000.0,Rp,BRS02,BD-PIHPS
2026-03-18,1771,harga_pihps_grosir,14900.0,Rp,BRS03,BD-PIHPS
2026-03-18,1771,harga_pihps_grosir,15250.0,Rp,BRS04,BD-PIHPS
2026-03-18,1771,harga_pihps_grosir,15100.0,Rp,BRS05,BD-PIHPS
2026-03-18,1771,harga_pihps_grosir,15450.0,Rp,BRS06,BD-PIHPS
2026-03-18,1771,harga_pihps_grosir,34500.0,Rp,BWM01,BD-PIHPS
2026-03-18,1771,harga_pihps_grosir,34000.0,Rp,BWP01,BD-PIHPS
2026-03-18,1771,harga_pihps_grosir,29000.0,Rp,CMR01,BD-PIHPS
2026-03-18,1771,harga_pihps_grosir,33500.0,Rp,CMR02,BD-PIHPS
2026-03-18,1771,harga_pihps_grosir,41000.0,Rp,CRW01,BD-PIHPS
2026-03-18,1771,harga_pihps_grosir,46100.0,Rp,CRW02,BD-PIHPS
2026-03-18,1771,harga_pihps_grosir,40500.0,Rp,DAY01,BD-PIHPS
2026-03-18,1771,harga_pihps_grosir,127500.0,Rp,DSP01,BD-PIHPS
2026-03-18,1771,harga_pihps_grosir,127500.0,Rp,DSP02,BD-PIHPS
2026-03-18,1771,harga_pihps_grosir,17750.0,Rp,GLP01,BD-PIHPS
2026-03-18,1771,harga_pihps_grosir,17500.0,Rp,MGR01,BD-PIHPS
2026-03-18,1771,harga_pihps_grosir,20000.0,Rp,MGR02,BD-PIHPS
2026-03-18,1771,harga_pihps_grosir,20000.0,Rp,MGR03,BD-PIHPS
2026-03-18,1771,harga_pihps_grosir,29350.0,Rp,TLR01,BD-PIHPS
2026-03-18,1771,harga_pihps_modern,15450.0,Rp,BRS01,BD-PIHPS
2026-03-18,1771,harga_pihps_modern,15100.0,Rp,BRS02,BD-PIHPS
2026-03-18,1771,harga_pihps_modern,16250.0,Rp,BRS03,BD-PIHPS
2026-03-18,1771,harga_pihps_modern,15900.0,Rp,BRS04,BD-PIHPS
2026-03-18,1771,harga_pihps_modern,15050.0,Rp,BRS05,BD-PIHPS
2026-03-18,1771,harga_pihps_modern,17350.0,Rp,BRS06,BD-PIHPS
2026-03-18,1771,harga_pihps_modern,59450.0,Rp,BWM01,BD-PIHPS
2026-03-18,1771,harga_pihps_modern,49450.0,Rp,BWP01,BD-PIHPS
2026-03-18,1771,harga_pihps_modern,95450.0,Rp,CMR01,BD-PIHPS
2026-03-18,1771,harga_pihps_modern,62450.0,Rp,CMR02,BD-PIHPS
2026-03-18,1771,harga_pihps_modern,77950.0,Rp,CRW01,BD-PIHPS
2026-03-18,1771,harga_pihps_modern,77450.0,Rp,CRW02,BD-PIHPS
2026-03-18,1771,harga_pihps_modern,47450.0,Rp,DAY01,BD-PIHPS
2026-03-18,1771,harga_pihps_modern,157450.0,Rp,DSP01,BD-PIHPS
2026-03-18,1771,harga_pihps_modern,164950.0,Rp,DSP02,BD-PIHPS
2026-03-18,1771,harga_pihps_modern,17300.0,Rp,GLP01,BD-PIHPS
2026-03-18,1771,harga_pihps_modern,17000.0,Rp,GLP02,BD-PIHPS
2026-03-18,1771,harga_pihps_modern,22750.0,Rp,MGR02,BD-PIHPS
2026-03-18,1771,harga_pihps_modern,24800.0,Rp,MGR03,BD-PIHPS
2026-03-18,1771,harga_pihps_modern,28550.0,Rp,TLR01,BD-PIHPS
2026-03-18,1771,harga_pihps_produsen,14000.0,Rp,BRS01,BD-PIHPS
2026-03-18,1771,harga_pihps_produsen,13500.0,Rp,BRS03,BD-PIHPS
2026-03-18,1771,harga_pihps_produsen,13300.0,Rp,BRS04,BD-PIHPS
2026-03-18,1771,harga_pihps_produsen,16000.0,Rp,BRS05,BD-PIHPS
2026-03-18,1771,harga_pihps_produsen,13600.0,Rp,BRS06,BD-PIHPS
2026-03-18,1771,harga_pihps_produsen,32500.0,Rp,CMR01,BD-PIHPS
2026-03-18,1771,harga_pihps_produsen,36000.0,Rp,CMR02,BD-PIHPS
2026-03-18,1771,harga_pihps_produsen,42650.0,Rp,CRW02,BD-PIHPS
2026-03-18,1771,harga_pihps_produsen,26850.0,Rp,DAY01,BD-PIHPS
2026-03-18,1771,harga_pihps_produsen,140000.0,Rp,DSP01,BD-PIHPS
2026-03-18,1771,harga_pihps_produsen,130000.0,Rp,DSP02,BD-PIHPS
2026-03-18,1771,harga_pihps_produsen,25800.0,Rp,TLR01,BD-PIHPS
2026-03-19,1771,harga_pihps,14250.0,Rp,BRS01,BD-PIHPS
2026-03-19,1771,harga_pihps,15600.0,Rp,BRS02,BD-PIHPS
2026-03-19,1771,harga_pihps,15350.0,Rp,BRS03,BD-PIHPS
2026-03-19,1771,harga_pihps,15600.0,Rp,BRS04,BD-PIHPS
2026-03-19,1771,harga_pihps,15800.0,Rp,BRS05,BD-PIHPS
2026-03-19,1771,harga_pihps,15800.0,Rp,BRS06,BD-PIHPS
2026-03-19,1771,harga_pihps,40400.0,Rp,BWM01,BD-PIHPS
2026-03-19,1771,harga_pihps,37650.0,Rp,BWP01,BD-PIHPS
2026-03-19,1771,harga_pihps,41150.0,Rp,CMR01,BD-PIHPS
2026-03-19,1771,harga_pihps,45250.0,Rp,CMR02,BD-PIHPS
2026-03-19,1771,harga_pihps,48750.0,Rp,CRW01,BD-PIHPS
2026-03-19,1771,harga_pihps,48200.0,Rp,CRW02,BD-PIHPS
2026-03-19,1771,harga_pihps,43750.0,Rp,DAY01,BD-PIHPS
2026-03-19,1771,harga_pihps,146250.0,Rp,DSP01,BD-PIHPS
2026-03-19,1771,harga_pihps,145000.0,Rp,DSP02,BD-PIHPS
2026-03-19,1771,harga_pihps,18800.0,Rp,GLP01,BD-PIHPS
2026-03-19,1771,harga_pihps,19050.0,Rp,GLP02,BD-PIHPS
2026-03-19,1771,harga_pihps,18150.0,Rp,MGR01,BD-PIHPS
2026-03-19,1771,harga_pihps,21750.0,Rp,MGR02,BD-PIHPS
2026-03-19,1771,harga_pihps,20800.0,Rp,MGR03,BD-PIHPS
2026-03-19,1771,harga_pihps,29750.0,Rp,TLR01,BD-PIHPS
2026-03-19,1771,harga_pihps_grosir,13650.0,Rp,BRS01,BD-PIHPS
2026-03-19,1771,harga_pihps_grosir,15000.0,Rp,BRS02,BD-PIHPS
2026-03-19,1771,harga_pihps_grosir,14900.0,Rp,BRS03,BD-PIHPS
2026-03-19,1771,harga_pihps_grosir,15250.0,Rp,BRS04,BD-PIHPS
2026-03-19,1771,harga_pihps_grosir,15100.0,Rp,BRS05,BD-PIHPS
2026-03-19,1771,harga_pihps_grosir,15450.0,Rp,BRS06,BD-PIHPS
2026-03-19,1771,harga_pihps_grosir,34500.0,Rp,BWM01,BD-PIHPS
2026-03-19,1771,harga_pihps_grosir,34000.0,Rp,BWP01,BD-PIHPS
2026-03-19,1771,harga_pihps_grosir,29000.0,Rp,CMR01,BD-PIHPS
2026-03-19,1771,harga_pihps_grosir,33500.0,Rp,CMR02,BD-PIHPS
2026-03-19,1771,harga_pihps_grosir,41000.0,Rp,CRW01,BD-PIHPS
2026-03-19,1771,harga_pihps_grosir,46100.0,Rp,CRW02,BD-PIHPS
2026-03-19,1771,harga_pihps_grosir,40500.0,Rp,DAY01,BD-PIHPS
2026-03-19,1771,harga_pihps_grosir,127500.0,Rp,DSP01,BD-PIHPS
2026-03-19,1771,harga_pihps_grosir,127500.0,Rp,DSP02,BD-PIHPS
2026-03-19,1771,harga_pihps_grosir,17750.0,Rp,GLP01,BD-PIHPS
2026-03-19,1771,harga_pihps_grosir,17500.0,Rp,MGR01,BD-PIHPS
2026-03-19,1771,harga_pihps_grosir,20000.0,Rp,MGR02,BD-PIHPS
2026-03-19,1771,harga_pihps_grosir,20000.0,Rp,MGR03,BD-PIHPS
2026-03-19,1771,harga_pihps_grosir,29350.0,Rp,TLR01,BD-PIHPS
2026-03-19,1771,harga_pihps_modern,15450.0,Rp,BRS01,BD-PIHPS
2026-03-19,1771,harga_pihps_modern,15100.0,Rp,BRS02,BD-PIHPS
2026-03-19,1771,harga_pihps_modern,16250.0,Rp,BRS03,BD-PIHPS
2026-03-19,1771,harga_pihps_modern,15900.0,Rp,BRS04,BD-PIHPS
2026-03-19,1771,harga_pihps_modern,15050.0,Rp,BRS05,BD-PIHPS
2026-03-19,1771,harga_pihps_modern,17350.0,Rp,BRS06,BD-PIHPS
2026-03-19,1771,harga_pihps_modern,59450.0,Rp,BWM01,BD-PIHPS
2026-03-19,1771,harga_pihps_modern,49450.0,Rp,BWP01,BD-PIHPS
2026-03-19,1771,harga_pihps_modern,95450.0,Rp,CMR01,BD-PIHPS
2026-03-19,1771,harga_pihps_modern,62450.0,Rp,CMR02,BD-PIHPS
2026-03-19,1771,harga_pihps_modern,77950.0,Rp,CRW01,BD-PIHPS
2026-03-19,1771,harga_pihps_modern,77450.0,Rp,CRW02,BD-PIHPS
2026-03-19,1771,harga_pihps_modern,47450.0,Rp,DAY01,BD-PIHPS
2026-03-19,1771,harga_pihps_modern,157450.0,Rp,DSP01,BD-PIHPS
2026-03-19,1771,harga_pihps_modern,164950.0,Rp,DSP02,BD-PIHPS
2026-03-19,1771,harga_pihps_modern,17300.0,Rp,GLP01,BD-PIHPS
2026-03-19,1771,harga_pihps_modern,17000.0,Rp,GLP02,BD-PIHPS
2026-03-19,1771,harga_pihps_modern,22750.0,Rp,MGR02,BD-PIHPS
2026-03-19,1771,harga_pihps_modern,24800.0,Rp,MGR03,BD-PIHPS
2026-03-19,1771,harga_pihps_modern,28550.0,Rp,TLR01,BD-PIHPS
2026-03-19,1771,harga_pihps_produsen,14000.0,Rp,BRS01,BD-PIHPS
2026-03-19,1771,harga_pihps_produsen,13500.0,Rp,BRS03,BD-PIHPS
2026-03-19,1771,harga_pihps_produsen,13300.0,Rp,BRS04,BD-PIHPS
2026-03-19,1771,harga_pihps_produsen,16000.0,Rp,BRS05,BD-PIHPS
2026-03-19,1771,harga_pihps_produsen,13600.0,Rp,BRS06,BD-PIHPS
2026-03-19,1771,harga_pihps_produsen,32500.0,Rp,CMR01,BD-PIHPS
2026-03-19,1771,harga_pihps_produsen,36000.0,Rp,CMR02,BD-PIHPS
2026-03-19,1771,harga_pihps_produsen,42650.0,Rp,CRW02,BD-PIHPS
2026-03-19,1771,harga_pihps_produsen,26850.0,Rp,DAY01,BD-PIHPS
2026-03-19,1771,harga_pihps_produsen,140000.0,Rp,DSP01,BD-PIHPS
2026-03-19,1771,harga_pihps_produsen,130000.0,Rp,DSP02,BD-PIHPS
2026-03-19,1771,harga_pihps_produsen,25800.0,Rp,TLR01,BD-PIHPS
2026-03-20,1771,harga_pihps,14250.0,Rp,BRS01,BD-PIHPS
2026-03-20,1771,harga_pihps,15600.0,Rp,BRS02,BD-PIHPS
2026-03-20,1771,harga_pihps,15350.0,Rp,BRS03,BD-PIHPS
2026-03-20,1771,harga_pihps,15600.0,Rp,BRS04,BD-PIHPS
2026-03-20,1771,harga_pihps,15800.0,Rp,BRS05,BD-PIHPS
2026-03-20,1771,harga_pihps,15800.0,Rp,BRS06,BD-PIHPS
2026-03-20,1771,harga_pihps,40400.0,Rp,BWM01,BD-PIHPS
2026-03-20,1771,harga_pihps,37650.0,Rp,BWP01,BD-PIHPS
2026-03-20,1771,harga_pihps,41150.0,Rp,CMR01,BD-PIHPS
2026-03-20,1771,harga_pihps,45250.0,Rp,CMR02,BD-PIHPS
2026-03-20,1771,harga_pihps,48750.0,Rp,CRW01,BD-PIHPS
2026-03-20,1771,harga_pihps,48200.0,Rp,CRW02,BD-PIHPS
2026-03-20,1771,harga_pihps,43750.0,Rp,DAY01,BD-PIHPS
2026-03-20,1771,harga_pihps,146250.0,Rp,DSP01,BD-PIHPS
2026-03-20,1771,harga_pihps,145000.0,Rp,DSP02,BD-PIHPS
2026-03-20,1771,harga_pihps,18800.0,Rp,GLP01,BD-PIHPS
2026-03-20,1771,harga_pihps,19050.0,Rp,GLP02,BD-PIHPS
2026-03-20,1771,harga_pihps,18150.0,Rp,MGR01,BD-PIHPS
2026-03-20,1771,harga_pihps,21750.0,Rp,MGR02,BD-PIHPS
2026-03-20,1771,harga_pihps,20800.0,Rp,MGR03,BD-PIHPS
2026-03-20,1771,harga_pihps,29750.0,Rp,TLR01,BD-PIHPS
2026-03-20,1771,harga_pihps_grosir,13650.0,Rp,BRS01,BD-PIHPS
2026-03-20,1771,harga_pihps_grosir,15000.0,Rp,BRS02,BD-PIHPS
2026-03-20,1771,harga_pihps_grosir,14900.0,Rp,BRS03,BD-PIHPS
2026-03-20,1771,harga_pihps_grosir,15250.0,Rp,BRS04,BD-PIHPS
2026-03-20,1771,harga_pihps_grosir,15100.0,Rp,BRS05,BD-PIHPS
2026-03-20,1771,harga_pihps_grosir,15450.0,Rp,BRS06,BD-PIHPS
2026-03-20,1771,harga_pihps_grosir,34500.0,Rp,BWM01,BD-PIHPS
2026-03-20,1771,harga_pihps_grosir,34000.0,Rp,BWP01,BD-PIHPS
2026-03-20,1771,harga_pihps_grosir,29000.0,Rp,CMR01,BD-PIHPS
2026-03-20,1771,harga_pihps_grosir,33500.0,Rp,CMR02,BD-PIHPS
2026-03-20,1771,harga_pihps_grosir,41000.0,Rp,CRW01,BD-PIHPS
2026-03-20,1771,harga_pihps_grosir,46100.0,Rp,CRW02,BD-PIHPS
2026-03-20,1771,harga_pihps_grosir,40500.0,Rp,DAY01,BD-PIHPS
2026-03-20,1771,harga_pihps_grosir,127500.0,Rp,DSP01,BD-PIHPS
2026-03-20,1771,harga_pihps_grosir,127500.0,Rp,DSP02,BD-PIHPS
2026-03-20,1771,harga_pihps_grosir,17750.0,Rp,GLP01,BD-PIHPS
2026-03-20,1771,harga_pihps_grosir,17500.0,Rp,MGR01,BD-PIHPS
2026-03-20,1771,harga_pihps_grosir,20000.0,Rp,MGR02,BD-PIHPS
2026-03-20,1771,harga_pihps_grosir,20000.0,Rp,MGR03,BD-PIHPS
2026-03-20,1771,harga_pihps_grosir,29350.0,Rp,TLR01,BD-PIHPS
2026-03-20,1771,harga_pihps_modern,15450.0,Rp,BRS01,BD-PIHPS
2026-03-20,1771,harga_pihps_modern,15100.0,Rp,BRS02,BD-PIHPS
2026-03-20,1771,harga_pihps_modern,16250.0,Rp,BRS03,BD-PIHPS
2026-03-20,1771,harga_pihps_modern,15900.0,Rp,BRS04,BD-PIHPS
2026-03-20,1771,harga_pihps_modern,15050.0,Rp,BRS05,BD-PIHPS
2026-03-20,1771,harga_pihps_modern,17350.0,Rp,BRS06,BD-PIHPS
2026-03-20,1771,harga_pihps_modern,59450.0,Rp,BWM01,BD-PIHPS
2026-03-20,1771,harga_pihps_modern,49450.0,Rp,BWP01,BD-PIHPS
2026-03-20,1771,harga_pihps_modern,95450.0,Rp,CMR01,BD-PIHPS
2026-03-20,1771,harga_pihps_modern,62450.0,Rp,CMR02,BD-PIHPS
2026-03-20,1771,harga_pihps_modern,77950.0,Rp,CRW01,BD-PIHPS
2026-03-20,1771,harga_pihps_modern,77450.0,Rp,CRW02,BD-PIHPS
2026-03-20,1771,harga_pihps_modern,47450.0,Rp,DAY01,BD-PIHPS
2026-03-20,1771,harga_pihps_modern,157450.0,Rp,DSP01,BD-PIHPS
2026-03-20,1771,harga_pihps_modern,164950.0,Rp,DSP02,BD-PIHPS
2026-03-20,1771,harga_pihps_modern,17300.0,Rp,GLP01,BD-PIHPS
2026-03-20,1771,harga_pihps_modern,17000.0,Rp,GLP02,BD-PIHPS
2026-03-20,1771,harga_pihps_modern,22750.0,Rp,MGR02,BD-PIHPS
2026-03-20,1771,harga_pihps_modern,24800.0,Rp,MGR03,BD-PIHPS
2026-03-20,1771,harga_pihps_modern,28550.0,Rp,TLR01,BD-PIHPS
2026-03-20,1771,harga_pihps_produsen,14000.0,Rp,BRS01,BD-PIHPS
2026-03-20,1771,harga_pihps_produsen,13500.0,Rp,BRS03,BD-PIHPS
2026-03-20,1771,harga_pihps_produsen,13300.0,Rp,BRS04,BD-PIHPS
2026-03-20,1771,harga_pihps_produsen,16000.0,Rp,BRS05,BD-PIHPS
2026-03-20,1771,harga_pihps_produsen,13600.0,Rp,BRS06,BD-PIHPS
2026-03-20,1771,harga_pihps_produsen,32500.0,Rp,CMR01,BD-PIHPS
2026-03-20,1771,harga_pihps_produsen,36000.0,Rp,CMR02,BD-PIHPS
2026-03-20,1771,harga_pihps_produsen,42650.0,Rp,CRW02,BD-PIHPS
2026-03-20,1771,harga_pihps_produsen,26850.0,Rp,DAY01,BD-PIHPS
2026-03-20,1771,harga_pihps_produsen,140000.0,Rp,DSP01,BD-PIHPS
2026-03-20,1771,harga_pihps_produsen,130000.0,Rp,DSP02,BD-PIHPS
2026-03-20,1771,harga_pihps_produsen,25800.0,Rp,TLR01,BD-PIHPS
2026-03-23,1771,harga_pihps,14250.0,Rp,BRS01,BD-PIHPS
2026-03-23,1771,harga_pihps,15600.0,Rp,BRS02,BD-PIHPS
2026-03-23,1771,harga_pihps,15350.0,Rp,BRS03,BD-PIHPS
2026-03-23,1771,harga_pihps,15600.0,Rp,BRS04,BD-PIHPS
2026-03-23,1771,harga_pihps,15800.0,Rp,BRS05,BD-PIHPS
2026-03-23,1771,harga_pihps,15800.0,Rp,BRS06,BD-PIHPS
2026-03-23,1771,harga_pihps,40400.0,Rp,BWM01,BD-PIHPS
2026-03-23,1771,harga_pihps,37650.0,Rp,BWP01,BD-PIHPS
2026-03-23,1771,harga_pihps,41150.0,Rp,CMR01,BD-PIHPS
2026-03-23,1771,harga_pihps,45250.0,Rp,CMR02,BD-PIHPS
2026-03-23,1771,harga_pihps,48750.0,Rp,CRW01,BD-PIHPS
2026-03-23,1771,harga_pihps,48200.0,Rp,CRW02,BD-PIHPS
2026-03-23,1771,harga_pihps,43750.0,Rp,DAY01,BD-PIHPS
2026-03-23,1771,harga_pihps,146250.0,Rp,DSP01,BD-PIHPS
2026-03-23,1771,harga_pihps,145000.0,Rp,DSP02,BD-PIHPS
2026-03-23,1771,harga_pihps,18800.0,Rp,GLP01,BD-PIHPS
2026-03-23,1771,harga_pihps,19050.0,Rp,GLP02,BD-PIHPS
2026-03-23,1771,harga_pihps,18150.0,Rp,MGR01,BD-PIHPS
2026-03-23,1771,harga_pihps,21750.0,Rp,MGR02,BD-PIHPS
2026-03-23,1771,harga_pihps,20800.0,Rp,MGR03,BD-PIHPS
2026-03-23,1771,harga_pihps,29750.0,Rp,TLR01,BD-PIHPS
2026-03-23,1771,harga_pihps_grosir,13650.0,Rp,BRS01,BD-PIHPS
2026-03-23,1771,harga_pihps_grosir,15000.0,Rp,BRS02,BD-PIHPS
2026-03-23,1771,harga_pihps_grosir,14900.0,Rp,BRS03,BD-PIHPS
2026-03-23,1771,harga_pihps_grosir,15250.0,Rp,BRS04,BD-PIHPS
2026-03-23,1771,harga_pihps_grosir,15100.0,Rp,BRS05,BD-PIHPS
2026-03-23,1771,harga_pihps_grosir,15450.0,Rp,BRS06,BD-PIHPS
2026-03-23,1771,harga_pihps_grosir,34500.0,Rp,BWM01,BD-PIHPS
2026-03-23,1771,harga_pihps_grosir,34000.0,Rp,BWP01,BD-PIHPS
2026-03-23,1771,harga_pihps_grosir,29000.0,Rp,CMR01,BD-PIHPS
2026-03-23,1771,harga_pihps_grosir,33500.0,Rp,CMR02,BD-PIHPS
2026-03-23,1771,harga_pihps_grosir,41000.0,Rp,CRW01,BD-PIHPS
2026-03-23,1771,harga_pihps_grosir,46100.0,Rp,CRW02,BD-PIHPS
2026-03-23,1771,harga_pihps_grosir,40500.0,Rp,DAY01,BD-PIHPS
2026-03-23,1771,harga_pihps_grosir,127500.0,Rp,DSP01,BD-PIHPS
2026-03-23,1771,harga_pihps_grosir,127500.0,Rp,DSP02,BD-PIHPS
2026-03-23,1771,harga_pihps_grosir,17750.0,Rp,GLP01,BD-PIHPS
2026-03-23,1771,harga_pihps_grosir,17500.0,Rp,MGR01,BD-PIHPS
2026-03-23,1771,harga_pihps_grosir,20000.0,Rp,MGR02,BD-PIHPS
2026-03-23,1771,harga_pihps_grosir,20000.0,Rp,MGR03,BD-PIHPS
2026-03-23,1771,harga_pihps_grosir,29350.0,Rp,TLR01,BD-PIHPS
2026-03-23,1771,harga_pihps_modern,15450.0,Rp,BRS01,BD-PIHPS
2026-03-23,1771,harga_pihps_modern,15100.0,Rp,BRS02,BD-PIHPS
2026-03-23,1771,harga_pihps_modern,16250.0,Rp,BRS03,BD-PIHPS
2026-03-23,1771,harga_pihps_modern,15900.0,Rp,BRS04,BD-PIHPS
2026-03-23,1771,harga_pihps_modern,15050.0,Rp,BRS05,BD-PIHPS
2026-03-23,1771,harga_pihps_modern,17350.0,Rp,BRS06,BD-PIHPS
2026-03-23,1771,harga_pihps_modern,59450.0,Rp,BWM01,BD-PIHPS
2026-03-23,1771,harga_pihps_modern,49450.0,Rp,BWP01,BD-PIHPS
2026-03-23,1771,harga_pihps_modern,95450.0,Rp,CMR01,BD-PIHPS
2026-03-23,1771,harga_pihps_modern,62450.0,Rp,CMR02,BD-PIHPS
2026-03-23,1771,harga_pihps_modern,77950.0,Rp,CRW01,BD-PIHPS
2026-03-23,1771,harga_pihps_modern,77450.0,Rp,CRW02,BD-PIHPS
2026-03-23,1771,harga_pihps_modern,47450.0,Rp,DAY01,BD-PIHPS
2026-03-23,1771,harga_pihps_modern,157450.0,Rp,DSP01,BD-PIHPS
2026-03-23,1771,harga_pihps_modern,164950.0,Rp,DSP02,BD-PIHPS
2026-03-23,1771,harga_pihps_modern,17300.0,Rp,GLP01,BD-PIHPS
2026-03-23,1771,harga_pihps_modern,17000.0,Rp,GLP02,BD-PIHPS
2026-03-23,1771,harga_pihps_modern,22750.0,Rp,MGR02,BD-PIHPS
2026-03-23,1771,harga_pihps_modern,24800.0,Rp,MGR03,BD-PIHPS
2026-03-23,1771,harga_pihps_modern,28550.0,Rp,TLR01,BD-PIHPS
2026-03-23,1771,harga_pihps_produsen,14000.0,Rp,BRS01,BD-PIHPS
2026-03-23,1771,harga_pihps_produsen,13500.0,Rp,BRS03,BD-PIHPS
2026-03-23,1771,harga_pihps_produsen,13300.0,Rp,BRS04,BD-PIHPS
2026-03-23,1771,harga_pihps_produsen,16000.0,Rp,BRS05,BD-PIHPS
2026-03-23,1771,harga_pihps_produsen,13600.0,Rp,BRS06,BD-PIHPS
2026-03-23,1771,harga_pihps_produsen,32500.0,Rp,CMR01,BD-PIHPS
2026-03-23,1771,harga_pihps_produsen,36000.0,Rp,CMR02,BD-PIHPS
2026-03-23,1771,harga_pihps_produsen,42650.0,Rp,CRW02,BD-PIHPS
2026-03-23,1771,harga_pihps_produsen,26850.0,Rp,DAY01,BD-PIHPS
2026-03-23,1771,harga_pihps_produsen,140000.0,Rp,DSP01,BD-PIHPS
2026-03-23,1771,harga_pihps_produsen,130000.0,Rp,DSP02,BD-PIHPS
2026-03-23,1771,harga_pihps_produsen,25800.0,Rp,TLR01,BD-PIHPS
2026-03-24,1771,harga_pihps,14250.0,Rp,BRS01,BD-PIHPS
2026-03-24,1771,harga_pihps,15600.0,Rp,BRS02,BD-PIHPS
2026-03-24,1771,harga_pihps,15350.0,Rp,BRS03,BD-PIHPS
2026-03-24,1771,harga_pihps,15600.0,Rp,BRS04,BD-PIHPS
2026-03-24,1771,harga_pihps,15800.0,Rp,BRS05,BD-PIHPS
2026-03-24,1771,harga_pihps,15800.0,Rp,BRS06,BD-PIHPS
2026-03-24,1771,harga_pihps,40400.0,Rp,BWM01,BD-PIHPS
2026-03-24,1771,harga_pihps,37650.0,Rp,BWP01,BD-PIHPS
2026-03-24,1771,harga_pihps,41150.0,Rp,CMR01,BD-PIHPS
2026-03-24,1771,harga_pihps,45250.0,Rp,CMR02,BD-PIHPS
2026-03-24,1771,harga_pihps,48750.0,Rp,CRW01,BD-PIHPS
2026-03-24,1771,harga_pihps,48200.0,Rp,CRW02,BD-PIHPS
2026-03-24,1771,harga_pihps,43750.0,Rp,DAY01,BD-PIHPS
2026-03-24,1771,harga_pihps,146250.0,Rp,DSP01,BD-PIHPS
2026-03-24,1771,harga_pihps,145000.0,Rp,DSP02,BD-PIHPS
2026-03-24,1771,harga_pihps,18800.0,Rp,GLP01,BD-PIHPS
2026-03-24,1771,harga_pihps,19050.0,Rp,GLP02,BD-PIHPS
2026-03-24,1771,harga_pihps,18150.0,Rp,MGR01,BD-PIHPS
2026-03-24,1771,harga_pihps,21750.0,Rp,MGR02,BD-PIHPS
2026-03-24,1771,harga_pihps,20800.0,Rp,MGR03,BD-PIHPS
2026-03-24,1771,harga_pihps,29750.0,Rp,TLR01,BD-PIHPS
2026-03-24,1771,harga_pihps_grosir,13650.0,Rp,BRS01,BD-PIHPS
2026-03-24,1771,harga_pihps_grosir,15000.0,Rp,BRS02,BD-PIHPS
2026-03-24,1771,harga_pihps_grosir,14900.0,Rp,BRS03,BD-PIHPS
2026-03-24,1771,harga_pihps_grosir,15250.0,Rp,BRS04,BD-PIHPS
2026-03-24,1771,harga_pihps_grosir,15100.0,Rp,BRS05,BD-PIHPS
2026-03-24,1771,harga_pihps_grosir,15450.0,Rp,BRS06,BD-PIHPS
2026-03-24,1771,harga_pihps_grosir,34500.0,Rp,BWM01,BD-PIHPS
2026-03-24,1771,harga_pihps_grosir,34000.0,Rp,BWP01,BD-PIHPS
2026-03-24,1771,harga_pihps_grosir,29000.0,Rp,CMR01,BD-PIHPS
2026-03-24,1771,harga_pihps_grosir,33500.0,Rp,CMR02,BD-PIHPS
2026-03-24,1771,harga_pihps_grosir,41000.0,Rp,CRW01,BD-PIHPS
2026-03-24,1771,harga_pihps_grosir,46100.0,Rp,CRW02,BD-PIHPS
2026-03-24,1771,harga_pihps_grosir,40500.0,Rp,DAY01,BD-PIHPS
2026-03-24,1771,harga_pihps_grosir,127500.0,Rp,DSP01,BD-PIHPS
2026-03-24,1771,harga_pihps_grosir,127500.0,Rp,DSP02,BD-PIHPS
2026-03-24,1771,harga_pihps_grosir,17750.0,Rp,GLP01,BD-PIHPS
2026-03-24,1771,harga_pihps_grosir,17500.0,Rp,MGR01,BD-PIHPS
2026-03-24,1771,harga_pihps_grosir,20000.0,Rp,MGR02,BD-PIHPS
2026-03-24,1771,harga_pihps_grosir,20000.0,Rp,MGR03,BD-PIHPS
2026-03-24,1771,harga_pihps_grosir,29350.0,Rp,TLR01,BD-PIHPS
2026-03-24,1771,harga_pihps_modern,15450.0,Rp,BRS01,BD-PIHPS
2026-03-24,1771,harga_pihps_modern,15100.0,Rp,BRS02,BD-PIHPS
2026-03-24,1771,harga_pihps_modern,16250.0,Rp,BRS03,BD-PIHPS
2026-03-24,1771,harga_pihps_modern,15900.0,Rp,BRS04,BD-PIHPS
2026-03-24,1771,harga_pihps_modern,15050.0,Rp,BRS05,BD-PIHPS
2026-03-24,1771,harga_pihps_modern,17350.0,Rp,BRS06,BD-PIHPS
2026-03-24,1771,harga_pihps_modern,59450.0,Rp,BWM01,BD-PIHPS
2026-03-24,1771,harga_pihps_modern,49450.0,Rp,BWP01,BD-PIHPS
2026-03-24,1771,harga_pihps_modern,95450.0,Rp,CMR01,BD-PIHPS
2026-03-24,1771,harga_pihps_modern,62450.0,Rp,CMR02,BD-PIHPS
2026-03-24,1771,harga_pihps_modern,77950.0,Rp,CRW01,BD-PIHPS
2026-03-24,1771,harga_pihps_modern,77450.0,Rp,CRW02,BD-PIHPS
2026-03-24,1771,harga_pihps_modern,47450.0,Rp,DAY01,BD-PIHPS
2026-03-24,1771,harga_pihps_modern,157450.0,Rp,DSP01,BD-PIHPS
2026-03-24,1771,harga_pihps_modern,164950.0,Rp,DSP02,BD-PIHPS
2026-03-24,1771,harga_pihps_modern,17300.0,Rp,GLP01,BD-PIHPS
2026-03-24,1771,harga_pihps_modern,17000.0,Rp,GLP02,BD-PIHPS
2026-03-24,1771,harga_pihps_modern,22750.0,Rp,MGR02,BD-PIHPS
2026-03-24,1771,harga_pihps_modern,24800.0,Rp,MGR03,BD-PIHPS
2026-03-24,1771,harga_pihps_modern,28550.0,Rp,TLR01,BD-PIHPS
2026-03-24,1771,harga_pihps_produsen,14000.0,Rp,BRS01,BD-PIHPS
2026-03-24,1771,harga_pihps_produsen,13500.0,Rp,BRS03,BD-PIHPS
2026-03-24,1771,harga_pihps_produsen,13300.0,Rp,BRS04,BD-PIHPS
2026-03-24,1771,harga_pihps_produsen,16000.0,Rp,BRS05,BD-PIHPS
2026-03-24,1771,harga_pihps_produsen,13600.0,Rp,BRS06,BD-PIHPS
2026-03-24,1771,harga_pihps_produsen,32500.0,Rp,CMR01,BD-PIHPS
2026-03-24,1771,harga_pihps_produsen,36000.0,Rp,CMR02,BD-PIHPS
2026-03-24,1771,harga_pihps_produsen,42650.0,Rp,CRW02,BD-PIHPS
2026-03-24,1771,harga_pihps_produsen,26850.0,Rp,DAY01,BD-PIHPS
2026-03-24,1771,harga_pihps_produsen,140000.0,Rp,DSP01,BD-PIHPS
2026-03-24,1771,harga_pihps_produsen,130000.0,Rp,DSP02,BD-PIHPS
2026-03-24,1771,harga_pihps_produsen,25800.0,Rp,TLR01,BD-PIHPS
2026-03-25,1771,harga_pihps,14250.0,Rp,BRS01,BD-PIHPS
2026-03-25,1771,harga_pihps,15600.0,Rp,BRS02,BD-PIHPS
2026-03-25,1771,harga_pihps,15350.0,Rp,BRS03,BD-PIHPS
2026-03-25,1771,harga_pihps,15600.0,Rp,BRS04,BD-PIHPS
2026-03-25,1771,harga_pihps,15800.0,Rp,BRS05,BD-PIHPS
2026-03-25,1771,harga_pihps,15800.0,Rp,BRS06,BD-PIHPS
2026-03-25,1771,harga_pihps,42650.0,Rp,BWM01,BD-PIHPS
2026-03-25,1771,harga_pihps,38900.0,Rp,BWP01,BD-PIHPS
2026-03-25,1771,harga_pihps,38150.0,Rp,CMR01,BD-PIHPS
2026-03-25,1771,harga_pihps,43500.0,Rp,CMR02,BD-PIHPS
2026-03-25,1771,harga_pihps,54750.0,Rp,CRW01,BD-PIHPS
2026-03-25,1771,harga_pihps,48750.0,Rp,CRW02,BD-PIHPS
2026-03-25,1771,harga_pihps,43750.0,Rp,DAY01,BD-PIHPS
2026-03-25,1771,harga_pihps,146250.0,Rp,DSP01,BD-PIHPS
2026-03-25,1771,harga_pihps,146250.0,Rp,DSP02,BD-PIHPS
2026-03-25,1771,harga_pihps,18800.0,Rp,GLP01,BD-PIHPS
2026-03-25,1771,harga_pihps,19050.0,Rp,GLP02,BD-PIHPS
2026-03-25,1771,harga_pihps,18150.0,Rp,MGR01,BD-PIHPS
2026-03-25,1771,harga_pihps,21750.0,Rp,MGR02,BD-PIHPS
2026-03-25,1771,harga_pihps,20800.0,Rp,MGR03,BD-PIHPS
2026-03-25,1771,harga_pihps,29750.0,Rp,TLR01,BD-PIHPS
2026-03-25,1771,harga_pihps_grosir,13650.0,Rp,BRS01,BD-PIHPS
2026-03-25,1771,harga_pihps_grosir,15000.0,Rp,BRS02,BD-PIHPS
2026-03-25,1771,harga_pihps_grosir,14900.0,Rp,BRS03,BD-PIHPS
2026-03-25,1771,harga_pihps_grosir,15250.0,Rp,BRS04,BD-PIHPS
2026-03-25,1771,harga_pihps_grosir,15100.0,Rp,BRS05,BD-PIHPS
2026-03-25,1771,harga_pihps_grosir,15450.0,Rp,BRS06,BD-PIHPS
2026-03-25,1771,harga_pihps_grosir,34500.0,Rp,BWM01,BD-PIHPS
2026-03-25,1771,harga_pihps_grosir,34000.0,Rp,BWP01,BD-PIHPS
2026-03-25,1771,harga_pihps_grosir,29000.0,Rp,CMR01,BD-PIHPS
2026-03-25,1771,harga_pihps_grosir,33500.0,Rp,CMR02,BD-PIHPS
2026-03-25,1771,harga_pihps_grosir,41000.0,Rp,CRW01,BD-PIHPS
2026-03-25,1771,harga_pihps_grosir,46100.0,Rp,CRW02,BD-PIHPS
2026-03-25,1771,harga_pihps_grosir,40500.0,Rp,DAY01,BD-PIHPS
2026-03-25,1771,harga_pihps_grosir,127500.0,Rp,DSP01,BD-PIHPS
2026-03-25,1771,harga_pihps_grosir,127500.0,Rp,DSP02,BD-PIHPS
2026-03-25,1771,harga_pihps_grosir,17750.0,Rp,GLP01,BD-PIHPS
2026-03-25,1771,harga_pihps_grosir,17500.0,Rp,MGR01,BD-PIHPS
2026-03-25,1771,harga_pihps_grosir,20000.0,Rp,MGR02,BD-PIHPS
2026-03-25,1771,harga_pihps_grosir,20000.0,Rp,MGR03,BD-PIHPS
2026-03-25,1771,harga_pihps_grosir,29350.0,Rp,TLR01,BD-PIHPS
2026-03-25,1771,harga_pihps_modern,15450.0,Rp,BRS01,BD-PIHPS
2026-03-25,1771,harga_pihps_modern,15100.0,Rp,BRS02,BD-PIHPS
2026-03-25,1771,harga_pihps_modern,16250.0,Rp,BRS03,BD-PIHPS
2026-03-25,1771,harga_pihps_modern,15900.0,Rp,BRS04,BD-PIHPS
2026-03-25,1771,harga_pihps_modern,15050.0,Rp,BRS05,BD-PIHPS
2026-03-25,1771,harga_pihps_modern,17350.0,Rp,BRS06,BD-PIHPS
2026-03-25,1771,harga_pihps_modern,59450.0,Rp,BWM01,BD-PIHPS
2026-03-25,1771,harga_pihps_modern,49450.0,Rp,BWP01,BD-PIHPS
2026-03-25,1771,harga_pihps_modern,95450.0,Rp,CMR01,BD-PIHPS
2026-03-25,1771,harga_pihps_modern,62450.0,Rp,CMR02,BD-PIHPS
2026-03-25,1771,harga_pihps_modern,77950.0,Rp,CRW01,BD-PIHPS
2026-03-25,1771,harga_pihps_modern,77450.0,Rp,CRW02,BD-PIHPS
2026-03-25,1771,harga_pihps_modern,47450.0,Rp,DAY01,BD-PIHPS
2026-03-25,1771,harga_pihps_modern,157450.0,Rp,DSP01,BD-PIHPS
2026-03-25,1771,harga_pihps_modern,164950.0,Rp,DSP02,BD-PIHPS
2026-03-25,1771,harga_pihps_modern,17300.0,Rp,GLP01,BD-PIHPS
2026-03-25,1771,harga_pihps_modern,17000.0,Rp,GLP02,BD-PIHPS
2026-03-25,1771,harga_pihps_modern,22750.0,Rp,MGR02,BD-PIHPS
2026-03-25,1771,harga_pihps_modern,24800.0,Rp,MGR03,BD-PIHPS
2026-03-25,1771,harga_pihps_modern,28550.0,Rp,TLR01,BD-PIHPS
2026-03-25,1771,harga_pihps_produsen,14000.0,Rp,BRS01,BD-PIHPS
2026-03-25,1771,harga_pihps_produsen,13500.0,Rp,BRS03,BD-PIHPS
2026-03-25,1771,harga_pihps_produsen,13350.0,Rp,BRS04,BD-PIHPS
2026-03-25,1771,harga_pihps_produsen,16000.0,Rp,BRS05,BD-PIHPS
2026-03-25,1771,harga_pihps_produsen,13500.0,Rp,BRS06,BD-PIHPS
2026-03-25,1771,harga_pihps_produsen,25500.0,Rp,CMR01,BD-PIHPS
2026-03-25,1771,harga_pihps_produsen,27650.0,Rp,CMR02,BD-PIHPS
2026-03-25,1771,harga_pihps_produsen,31350.0,Rp,CRW02,BD-PIHPS
2026-03-25,1771,harga_pihps_produsen,26000.0,Rp,DAY01,BD-PIHPS
2026-03-25,1771,harga_pihps_produsen,140000.0,Rp,DSP01,BD-PIHPS
2026-03-25,1771,harga_pihps_produsen,130000.0,Rp,DSP02,BD-PIHPS
2026-03-25,1771,harga_pihps_produsen,26500.0,Rp,TLR01,BD-PIHPS
2026-03-26,1771,harga_pihps,14250.0,Rp,BRS01,BD-PIHPS
2026-03-26,1771,harga_pihps,15600.0,Rp,BRS02,BD-PIHPS
2026-03-26,1771,harga_pihps,15350.0,Rp,BRS03,BD-PIHPS
2026-03-26,1771,harga_pihps,15600.0,Rp,BRS04,BD-PIHPS
2026-03-26,1771,harga_pihps,15800.0,Rp,BRS05,BD-PIHPS
2026-03-26,1771,harga_pihps,15800.0,Rp,BRS06,BD-PIHPS
2026-03-26,1771,harga_pihps,42400.0,Rp,BWM01,BD-PIHPS
2026-03-26,1771,harga_pihps,38400.0,Rp,BWP01,BD-PIHPS
2026-03-26,1771,harga_pihps,32650.0,Rp,CMR01,BD-PIHPS
2026-03-26,1771,harga_pihps,37250.0,Rp,CMR02,BD-PIHPS
2026-03-26,1771,harga_pihps,57750.0,Rp,CRW01,BD-PIHPS
2026-03-26,1771,harga_pihps,43650.0,Rp,CRW02,BD-PIHPS
2026-03-26,1771,harga_pihps,46000.0,Rp,DAY01,BD-PIHPS
2026-03-26,1771,harga_pihps,147500.0,Rp,DSP01,BD-PIHPS
2026-03-26,1771,harga_pihps,147500.0,Rp,DSP02,BD-PIHPS
2026-03-26,1771,harga_pihps,18800.0,Rp,GLP01,BD-PIHPS
2026-03-26,1771,harga_pihps,19050.0,Rp,GLP02,BD-PIHPS
2026-03-26,1771,harga_pihps,18150.0,Rp,MGR01,BD-PIHPS
2026-03-26,1771,harga_pihps,21750.0,Rp,MGR02,BD-PIHPS
2026-03-26,1771,harga_pihps,20800.0,Rp,MGR03,BD-PIHPS
2026-03-26,1771,harga_pihps,29750.0,Rp,TLR01,BD-PIHPS
2026-03-26,1771,harga_pihps_grosir,13650.0,Rp,BRS01,BD-PIHPS
2026-03-26,1771,harga_pihps_grosir,15000.0,Rp,BRS02,BD-PIHPS
2026-03-26,1771,harga_pihps_grosir,14900.0,Rp,BRS03,BD-PIHPS
2026-03-26,1771,harga_pihps_grosir,15250.0,Rp,BRS04,BD-PIHPS
2026-03-26,1771,harga_pihps_grosir,15100.0,Rp,BRS05,BD-PIHPS
2026-03-26,1771,harga_pihps_grosir,15450.0,Rp,BRS06,BD-PIHPS
2026-03-26,1771,harga_pihps_grosir,40000.0,Rp,BWM01,BD-PIHPS
2026-03-26,1771,harga_pihps_grosir,37500.0,Rp,BWP01,BD-PIHPS
2026-03-26,1771,harga_pihps_grosir,46000.0,Rp,CMR01,BD-PIHPS
2026-03-26,1771,harga_pihps_grosir,50000.0,Rp,CMR02,BD-PIHPS
2026-03-26,1771,harga_pihps_grosir,48500.0,Rp,CRW01,BD-PIHPS
2026-03-26,1771,harga_pihps_grosir,49400.0,Rp,CRW02,BD-PIHPS
2026-03-26,1771,harga_pihps_grosir,42000.0,Rp,DAY01,BD-PIHPS
2026-03-26,1771,harga_pihps_grosir,132500.0,Rp,DSP01,BD-PIHPS
2026-03-26,1771,harga_pihps_grosir,132500.0,Rp,DSP02,BD-PIHPS
2026-03-26,1771,harga_pihps_grosir,17750.0,Rp,GLP01,BD-PIHPS
2026-03-26,1771,harga_pihps_grosir,17500.0,Rp,MGR01,BD-PIHPS
2026-03-26,1771,harga_pihps_grosir,20000.0,Rp,MGR02,BD-PIHPS
2026-03-26,1771,harga_pihps_grosir,20000.0,Rp,MGR03,BD-PIHPS
2026-03-26,1771,harga_pihps_grosir,29350.0,Rp,TLR01,BD-PIHPS
2026-03-26,1771,harga_pihps_modern,15450.0,Rp,BRS01,BD-PIHPS
2026-03-26,1771,harga_pihps_modern,15100.0,Rp,BRS02,BD-PIHPS
2026-03-26,1771,harga_pihps_modern,16250.0,Rp,BRS03,BD-PIHPS
2026-03-26,1771,harga_pihps_modern,15900.0,Rp,BRS04,BD-PIHPS
2026-03-26,1771,harga_pihps_modern,15050.0,Rp,BRS05,BD-PIHPS
2026-03-26,1771,harga_pihps_modern,17350.0,Rp,BRS06,BD-PIHPS
2026-03-26,1771,harga_pihps_modern,59450.0,Rp,BWM01,BD-PIHPS
2026-03-26,1771,harga_pihps_modern,49450.0,Rp,BWP01,BD-PIHPS
2026-03-26,1771,harga_pihps_modern,95450.0,Rp,CMR01,BD-PIHPS
2026-03-26,1771,harga_pihps_modern,62450.0,Rp,CMR02,BD-PIHPS
2026-03-26,1771,harga_pihps_modern,77950.0,Rp,CRW01,BD-PIHPS
2026-03-26,1771,harga_pihps_modern,77450.0,Rp,CRW02,BD-PIHPS
2026-03-26,1771,harga_pihps_modern,47450.0,Rp,DAY01,BD-PIHPS
2026-03-26,1771,harga_pihps_modern,157450.0,Rp,DSP01,BD-PIHPS
2026-03-26,1771,harga_pihps_modern,164950.0,Rp,DSP02,BD-PIHPS
2026-03-26,1771,harga_pihps_modern,17300.0,Rp,GLP01,BD-PIHPS
2026-03-26,1771,harga_pihps_modern,17000.0,Rp,GLP02,BD-PIHPS
2026-03-26,1771,harga_pihps_modern,22750.0,Rp,MGR02,BD-PIHPS
2026-03-26,1771,harga_pihps_modern,24800.0,Rp,MGR03,BD-PIHPS
2026-03-26,1771,harga_pihps_modern,28550.0,Rp,TLR01,BD-PIHPS
2026-03-26,1771,harga_pihps_produsen,14000.0,Rp,BRS01,BD-PIHPS
2026-03-26,1771,harga_pihps_produsen,13500.0,Rp,BRS03,BD-PIHPS
2026-03-26,1771,harga_pihps_produsen,13350.0,Rp,BRS04,BD-PIHPS
2026-03-26,1771,harga_pihps_produsen,16000.0,Rp,BRS05,BD-PIHPS
2026-03-26,1771,harga_pihps_produsen,13500.0,Rp,BRS06,BD-PIHPS
2026-03-26,1771,harga_pihps_produsen,25500.0,Rp,CMR01,BD-PIHPS
2026-03-26,1771,harga_pihps_produsen,27650.0,Rp,CMR02,BD-PIHPS
2026-03-26,1771,harga_pihps_produsen,31350.0,Rp,CRW02,BD-PIHPS
2026-03-26,1771,harga_pihps_produsen,26000.0,Rp,DAY01,BD-PIHPS
2026-03-26,1771,harga_pihps_produsen,140000.0,Rp,DSP01,BD-PIHPS
2026-03-26,1771,harga_pihps_produsen,130000.0,Rp,DSP02,BD-PIHPS
2026-03-26,1771,harga_pihps_produsen,26500.0,Rp,TLR01,BD-PIHPS
2026-03-27,1771,harga_pihps,14250.0,Rp,BRS01,BD-PIHPS
2026-03-27,1771,harga_pihps,15600.0,Rp,BRS02,BD-PIHPS
2026-03-27,1771,harga_pihps,15350.0,Rp,BRS03,BD-PIHPS
2026-03-27,1771,harga_pihps,15600.0,Rp,BRS04,BD-PIHPS
2026-03-27,1771,harga_pihps,15800.0,Rp,BRS05,BD-PIHPS
2026-03-27,1771,harga_pihps,15800.0,Rp,BRS06,BD-PIHPS
2026-03-27,1771,harga_pihps,42750.0,Rp,BWM01,BD-PIHPS
2026-03-27,1771,harga_pihps,38000.0,Rp,BWP01,BD-PIHPS
2026-03-27,1771,harga_pihps,27000.0,Rp,CMR01,BD-PIHPS
2026-03-27,1771,harga_pihps,30400.0,Rp,CMR02,BD-PIHPS
2026-03-27,1771,harga_pihps,61000.0,Rp,CRW01,BD-PIHPS
2026-03-27,1771,harga_pihps,41150.0,Rp,CRW02,BD-PIHPS
2026-03-27,1771,harga_pihps,46150.0,Rp,DAY01,BD-PIHPS
2026-03-27,1771,harga_pihps,147500.0,Rp,DSP01,BD-PIHPS
2026-03-27,1771,harga_pihps,147500.0,Rp,DSP02,BD-PIHPS
2026-03-27,1771,harga_pihps,18800.0,Rp,GLP01,BD-PIHPS
2026-03-27,1771,harga_pihps,19050.0,Rp,GLP02,BD-PIHPS
2026-03-27,1771,harga_pihps,18150.0,Rp,MGR01,BD-PIHPS
2026-03-27,1771,harga_pihps,21750.0,Rp,MGR02,BD-PIHPS
2026-03-27,1771,harga_pihps,20800.0,Rp,MGR03,BD-PIHPS
2026-03-27,1771,harga_pihps,29750.0,Rp,TLR01,BD-PIHPS
2026-03-27,1771,harga_pihps_grosir,13650.0,Rp,BRS01,BD-PIHPS
2026-03-27,1771,harga_pihps_grosir,15000.0,Rp,BRS02,BD-PIHPS
2026-03-27,1771,harga_pihps_grosir,14900.0,Rp,BRS03,BD-PIHPS
2026-03-27,1771,harga_pihps_grosir,15250.0,Rp,BRS04,BD-PIHPS
2026-03-27,1771,harga_pihps_grosir,15100.0,Rp,BRS05,BD-PIHPS
2026-03-27,1771,harga_pihps_grosir,15450.0,Rp,BRS06,BD-PIHPS
2026-03-27,1771,harga_pihps_grosir,40000.0,Rp,BWM01,BD-PIHPS
2026-03-27,1771,harga_pihps_grosir,37500.0,Rp,BWP01,BD-PIHPS
2026-03-27,1771,harga_pihps_grosir,46000.0,Rp,CMR01,BD-PIHPS
2026-03-27,1771,harga_pihps_grosir,50000.0,Rp,CMR02,BD-PIHPS
2026-03-27,1771,harga_pihps_grosir,48500.0,Rp,CRW01,BD-PIHPS
2026-03-27,1771,harga_pihps_grosir,49400.0,Rp,CRW02,BD-PIHPS
2026-03-27,1771,harga_pihps_grosir,42000.0,Rp,DAY01,BD-PIHPS
2026-03-27,1771,harga_pihps_grosir,132500.0,Rp,DSP01,BD-PIHPS
2026-03-27,1771,harga_pihps_grosir,132500.0,Rp,DSP02,BD-PIHPS
2026-03-27,1771,harga_pihps_grosir,17750.0,Rp,GLP01,BD-PIHPS
2026-03-27,1771,harga_pihps_grosir,17500.0,Rp,MGR01,BD-PIHPS
2026-03-27,1771,harga_pihps_grosir,20000.0,Rp,MGR02,BD-PIHPS
2026-03-27,1771,harga_pihps_grosir,20000.0,Rp,MGR03,BD-PIHPS
2026-03-27,1771,harga_pihps_grosir,29350.0,Rp,TLR01,BD-PIHPS
2026-03-27,1771,harga_pihps_modern,15450.0,Rp,BRS01,BD-PIHPS
2026-03-27,1771,harga_pihps_modern,15100.0,Rp,BRS02,BD-PIHPS
2026-03-27,1771,harga_pihps_modern,16250.0,Rp,BRS03,BD-PIHPS
2026-03-27,1771,harga_pihps_modern,15900.0,Rp,BRS04,BD-PIHPS
2026-03-27,1771,harga_pihps_modern,15050.0,Rp,BRS05,BD-PIHPS
2026-03-27,1771,harga_pihps_modern,17350.0,Rp,BRS06,BD-PIHPS
2026-03-27,1771,harga_pihps_modern,59450.0,Rp,BWM01,BD-PIHPS
2026-03-27,1771,harga_pihps_modern,49450.0,Rp,BWP01,BD-PIHPS
2026-03-27,1771,harga_pihps_modern,95450.0,Rp,CMR01,BD-PIHPS
2026-03-27,1771,harga_pihps_modern,62450.0,Rp,CMR02,BD-PIHPS
2026-03-27,1771,harga_pihps_modern,77950.0,Rp,CRW01,BD-PIHPS
2026-03-27,1771,harga_pihps_modern,77450.0,Rp,CRW02,BD-PIHPS
2026-03-27,1771,harga_pihps_modern,47450.0,Rp,DAY01,BD-PIHPS
2026-03-27,1771,harga_pihps_modern,157450.0,Rp,DSP01,BD-PIHPS
2026-03-27,1771,harga_pihps_modern,164950.0,Rp,DSP02,BD-PIHPS
2026-03-27,1771,harga_pihps_modern,17300.0,Rp,GLP01,BD-PIHPS
2026-03-27,1771,harga_pihps_modern,17000.0,Rp,GLP02,BD-PIHPS
2026-03-27,1771,harga_pihps_modern,22750.0,Rp,MGR02,BD-PIHPS
2026-03-27,1771,harga_pihps_modern,24800.0,Rp,MGR03,BD-PIHPS
2026-03-27,1771,harga_pihps_modern,28550.0,Rp,TLR01,BD-PIHPS
2026-03-27,1771,harga_pihps_produsen,14000.0,Rp,BRS01,BD-PIHPS
2026-03-27,1771,harga_pihps_produsen,13500.0,Rp,BRS03,BD-PIHPS
2026-03-27,1771,harga_pihps_produsen,13350.0,Rp,BRS04,BD-PIHPS
2026-03-27,1771,harga_pihps_produsen,16000.0,Rp,BRS05,BD-PIHPS
2026-03-27,1771,harga_pihps_produsen,13500.0,Rp,BRS06,BD-PIHPS
2026-03-27,1771,harga_pihps_produsen,25500.0,Rp,CMR01,BD-PIHPS
2026-03-27,1771,harga_pihps_produsen,27650.0,Rp,CMR02,BD-PIHPS
2026-03-27,1771,harga_pihps_produsen,31350.0,Rp,CRW02,BD-PIHPS
2026-03-27,1771,harga_pihps_produsen,26000.0,Rp,DAY01,BD-PIHPS
2026-03-27,1771,harga_pihps_produsen,140000.0,Rp,DSP01,BD-PIHPS
2026-03-27,1771,harga_pihps_produsen,130000.0,Rp,DSP02,BD-PIHPS
2026-03-27,1771,harga_pihps_produsen,26500.0,Rp,TLR01,BD-PIHPS
2026-03-30,1771,harga_pihps,14250.0,Rp,BRS01,BD-PIHPS
2026-03-30,1771,harga_pihps,15600.0,Rp,BRS02,BD-PIHPS
2026-03-30,1771,harga_pihps,15350.0,Rp,BRS03,BD-PIHPS
2026-03-30,1771,harga_pihps,15600.0,Rp,BRS04,BD-PIHPS
2026-03-30,1771,harga_pihps,15800.0,Rp,BRS05,BD-PIHPS
2026-03-30,1771,harga_pihps,15800.0,Rp,BRS06,BD-PIHPS
2026-03-30,1771,harga_pihps,44150.0,Rp,BWM01,BD-PIHPS
2026-03-30,1771,harga_pihps,38900.0,Rp,BWP01,BD-PIHPS
2026-03-30,1771,harga_pihps,29500.0,Rp,CMR01,BD-PIHPS
2026-03-30,1771,harga_pihps,33000.0,Rp,CMR02,BD-PIHPS
2026-03-30,1771,harga_pihps,54650.0,Rp,CRW01,BD-PIHPS
2026-03-30,1771,harga_pihps,37300.0,Rp,CRW02,BD-PIHPS
2026-03-30,1771,harga_pihps,43400.0,Rp,DAY01,BD-PIHPS
2026-03-30,1771,harga_pihps,147500.0,Rp,DSP01,BD-PIHPS
2026-03-30,1771,harga_pihps,147500.0,Rp,DSP02,BD-PIHPS
2026-03-30,1771,harga_pihps,18800.0,Rp,GLP01,BD-PIHPS
2026-03-30,1771,harga_pihps,19050.0,Rp,GLP02,BD-PIHPS
2026-03-30,1771,harga_pihps,18150.0,Rp,MGR01,BD-PIHPS
2026-03-30,1771,harga_pihps,21750.0,Rp,MGR02,BD-PIHPS
2026-03-30,1771,harga_pihps,20800.0,Rp,MGR03,BD-PIHPS
2026-03-30,1771,harga_pihps,29750.0,Rp,TLR01,BD-PIHPS
2026-03-30,1771,harga_pihps_grosir,13650.0,Rp,BRS01,BD-PIHPS
2026-03-30,1771,harga_pihps_grosir,15000.0,Rp,BRS02,BD-PIHPS
2026-03-30,1771,harga_pihps_grosir,14900.0,Rp,BRS03,BD-PIHPS
2026-03-30,1771,harga_pihps_grosir,15250.0,Rp,BRS04,BD-PIHPS
2026-03-30,1771,harga_pihps_grosir,15100.0,Rp,BRS05,BD-PIHPS
2026-03-30,1771,harga_pihps_grosir,15450.0,Rp,BRS06,BD-PIHPS
2026-03-30,1771,harga_pihps_grosir,40000.0,Rp,BWM01,BD-PIHPS
2026-03-30,1771,harga_pihps_grosir,37500.0,Rp,BWP01,BD-PIHPS
2026-03-30,1771,harga_pihps_grosir,46000.0,Rp,CMR01,BD-PIHPS
2026-03-30,1771,harga_pihps_grosir,50000.0,Rp,CMR02,BD-PIHPS
2026-03-30,1771,harga_pihps_grosir,48500.0,Rp,CRW01,BD-PIHPS
2026-03-30,1771,harga_pihps_grosir,49400.0,Rp,CRW02,BD-PIHPS
2026-03-30,1771,harga_pihps_grosir,42000.0,Rp,DAY01,BD-PIHPS
2026-03-30,1771,harga_pihps_grosir,132500.0,Rp,DSP01,BD-PIHPS
2026-03-30,1771,harga_pihps_grosir,132500.0,Rp,DSP02,BD-PIHPS
2026-03-30,1771,harga_pihps_grosir,17750.0,Rp,GLP01,BD-PIHPS
2026-03-30,1771,harga_pihps_grosir,17500.0,Rp,MGR01,BD-PIHPS
2026-03-30,1771,harga_pihps_grosir,20000.0,Rp,MGR02,BD-PIHPS
2026-03-30,1771,harga_pihps_grosir,20000.0,Rp,MGR03,BD-PIHPS
2026-03-30,1771,harga_pihps_grosir,29350.0,Rp,TLR01,BD-PIHPS
2026-03-30,1771,harga_pihps_modern,15450.0,Rp,BRS01,BD-PIHPS
2026-03-30,1771,harga_pihps_modern,15100.0,Rp,BRS02,BD-PIHPS
2026-03-30,1771,harga_pihps_modern,16250.0,Rp,BRS03,BD-PIHPS
2026-03-30,1771,harga_pihps_modern,15900.0,Rp,BRS04,BD-PIHPS
2026-03-30,1771,harga_pihps_modern,15050.0,Rp,BRS05,BD-PIHPS
2026-03-30,1771,harga_pihps_modern,17350.0,Rp,BRS06,BD-PIHPS
2026-03-30,1771,harga_pihps_modern,59450.0,Rp,BWM01,BD-PIHPS
2026-03-30,1771,harga_pihps_modern,49450.0,Rp,BWP01,BD-PIHPS
2026-03-30,1771,harga_pihps_modern,95450.0,Rp,CMR01,BD-PIHPS
2026-03-30,1771,harga_pihps_modern,62450.0,Rp,CMR02,BD-PIHPS
2026-03-30,1771,harga_pihps_modern,77950.0,Rp,CRW01,BD-PIHPS
2026-03-30,1771,harga_pihps_modern,77450.0,Rp,CRW02,BD-PIHPS
2026-03-30,1771,harga_pihps_modern,47450.0,Rp,DAY01,BD-PIHPS
2026-03-30,1771,harga_pihps_modern,157450.0,Rp,DSP01,BD-PIHPS
2026-03-30,1771,harga_pihps_modern,164950.0,Rp,DSP02,BD-PIHPS
2026-03-30,1771,harga_pihps_modern,17300.0,Rp,GLP01,BD-PIHPS
2026-03-30,1771,harga_pihps_modern,17000.0,Rp,GLP02,BD-PIHPS
2026-03-30,1771,harga_pihps_modern,22750.0,Rp,MGR02,BD-PIHPS
2026-03-30,1771,harga_pihps_modern,24800.0,Rp,MGR03,BD-PIHPS
2026-03-30,1771,harga_pihps_modern,28550.0,Rp,TLR01,BD-PIHPS
2026-03-30,1771,harga_pihps_produsen,13500.0,Rp,BRS03,BD-PIHPS
2026-03-30,1771,harga_pihps_produsen,13350.0,Rp,BRS04,BD-PIHPS
2026-03-30,1771,harga_pihps_produsen,16000.0,Rp,BRS05,BD-PIHPS
2026-03-30,1771,harga_pihps_produsen,13500.0,Rp,BRS06,BD-PIHPS
2026-03-30,1771,harga_pihps_produsen,25500.0,Rp,CMR01,BD-PIHPS
2026-03-30,1771,harga_pihps_produsen,27650.0,Rp,CMR02,BD-PIHPS
2026-03-30,1771,harga_pihps_produsen,31350.0,Rp,CRW02,BD-PIHPS
2026-03-30,1771,harga_pihps_produsen,26000.0,Rp,DAY01,BD-PIHPS
2026-03-30,1771,harga_pihps_produsen,140000.0,Rp,DSP01,BD-PIHPS
2026-03-30,1771,harga_pihps_produsen,130000.0,Rp,DSP02,BD-PIHPS
2026-03-30,1771,harga_pihps_produsen,26500.0,Rp,TLR01,BD-PIHPS
2026-03-31,1771,harga_pihps,14250.0,Rp,BRS01,BD-PIHPS
2026-03-31,1771,harga_pihps,15600.0,Rp,BRS02,BD-PIHPS
2026-03-31,1771,harga_pihps,15350.0,Rp,BRS03,BD-PIHPS
2026-03-31,1771,harga_pihps,15600.0,Rp,BRS04,BD-PIHPS
2026-03-31,1771,harga_pihps,15800.0,Rp,BRS05,BD-PIHPS
2026-03-31,1771,harga_pihps,15800.0,Rp,BRS06,BD-PIHPS
2026-03-31,1771,harga_pihps,44150.0,Rp,BWM01,BD-PIHPS
2026-03-31,1771,harga_pihps,38900.0,Rp,BWP01,BD-PIHPS
2026-03-31,1771,harga_pihps,30000.0,Rp,CMR01,BD-PIHPS
2026-03-31,1771,harga_pihps,33500.0,Rp,CMR02,BD-PIHPS
2026-03-31,1771,harga_pihps,48750.0,Rp,CRW01,BD-PIHPS
2026-03-31,1771,harga_pihps,35450.0,Rp,CRW02,BD-PIHPS
2026-03-31,1771,harga_pihps,42250.0,Rp,DAY01,BD-PIHPS
2026-03-31,1771,harga_pihps,147500.0,Rp,DSP01,BD-PIHPS
2026-03-31,1771,harga_pihps,147500.0,Rp,DSP02,BD-PIHPS
2026-03-31,1771,harga_pihps,18800.0,Rp,GLP01,BD-PIHPS
2026-03-31,1771,harga_pihps,19200.0,Rp,GLP02,BD-PIHPS
2026-03-31,1771,harga_pihps,18150.0,Rp,MGR01,BD-PIHPS
2026-03-31,1771,harga_pihps,21750.0,Rp,MGR02,BD-PIHPS
2026-03-31,1771,harga_pihps,20800.0,Rp,MGR03,BD-PIHPS
2026-03-31,1771,harga_pihps,29750.0,Rp,TLR01,BD-PIHPS
2026-03-31,1771,harga_pihps_grosir,13650.0,Rp,BRS01,BD-PIHPS
2026-03-31,1771,harga_pihps_grosir,15000.0,Rp,BRS02,BD-PIHPS
2026-03-31,1771,harga_pihps_grosir,14900.0,Rp,BRS03,BD-PIHPS
2026-03-31,1771,harga_pihps_grosir,15250.0,Rp,BRS04,BD-PIHPS
2026-03-31,1771,harga_pihps_grosir,15100.0,Rp,BRS05,BD-PIHPS
2026-03-31,1771,harga_pihps_grosir,15450.0,Rp,BRS06,BD-PIHPS
2026-03-31,1771,harga_pihps_grosir,40000.0,Rp,BWM01,BD-PIHPS
2026-03-31,1771,harga_pihps_grosir,37500.0,Rp,BWP01,BD-PIHPS
2026-03-31,1771,harga_pihps_grosir,46000.0,Rp,CMR01,BD-PIHPS
2026-03-31,1771,harga_pihps_grosir,50000.0,Rp,CMR02,BD-PIHPS
2026-03-31,1771,harga_pihps_grosir,48500.0,Rp,CRW01,BD-PIHPS
2026-03-31,1771,harga_pihps_grosir,49400.0,Rp,CRW02,BD-PIHPS
2026-03-31,1771,harga_pihps_grosir,42000.0,Rp,DAY01,BD-PIHPS
2026-03-31,1771,harga_pihps_grosir,132500.0,Rp,DSP01,BD-PIHPS
2026-03-31,1771,harga_pihps_grosir,132500.0,Rp,DSP02,BD-PIHPS
2026-03-31,1771,harga_pihps_grosir,17750.0,Rp,GLP01,BD-PIHPS
2026-03-31,1771,harga_pihps_grosir,17500.0,Rp,MGR01,BD-PIHPS
2026-03-31,1771,harga_pihps_grosir,20000.0,Rp,MGR02,BD-PIHPS
2026-03-31,1771,harga_pihps_grosir,20000.0,Rp,MGR03,BD-PIHPS
2026-03-31,1771,harga_pihps_grosir,29350.0,Rp,TLR01,BD-PIHPS
2026-03-31,1771,harga_pihps_modern,15450.0,Rp,BRS01,BD-PIHPS
2026-03-31,1771,harga_pihps_modern,15100.0,Rp,BRS02,BD-PIHPS
2026-03-31,1771,harga_pihps_modern,16250.0,Rp,BRS03,BD-PIHPS
2026-03-31,1771,harga_pihps_modern,15900.0,Rp,BRS04,BD-PIHPS
2026-03-31,1771,harga_pihps_modern,15050.0,Rp,BRS05,BD-PIHPS
2026-03-31,1771,harga_pihps_modern,17350.0,Rp,BRS06,BD-PIHPS
2026-03-31,1771,harga_pihps_modern,56950.0,Rp,BWM01,BD-PIHPS
2026-03-31,1771,harga_pihps_modern,47950.0,Rp,BWP01,BD-PIHPS
2026-03-31,1771,harga_pihps_modern,92950.0,Rp,CMR01,BD-PIHPS
2026-03-31,1771,harga_pihps_modern,67950.0,Rp,CMR02,BD-PIHPS
2026-03-31,1771,harga_pihps_modern,75450.0,Rp,CRW01,BD-PIHPS
2026-03-31,1771,harga_pihps_modern,74950.0,Rp,CRW02,BD-PIHPS
2026-03-31,1771,harga_pihps_modern,47450.0,Rp,DAY01,BD-PIHPS
2026-03-31,1771,harga_pihps_modern,154950.0,Rp,DSP01,BD-PIHPS
2026-03-31,1771,harga_pihps_modern,163950.0,Rp,DSP02,BD-PIHPS
2026-03-31,1771,harga_pihps_modern,17300.0,Rp,GLP01,BD-PIHPS
2026-03-31,1771,harga_pihps_modern,17000.0,Rp,GLP02,BD-PIHPS
2026-03-31,1771,harga_pihps_modern,22750.0,Rp,MGR02,BD-PIHPS
2026-03-31,1771,harga_pihps_modern,24800.0,Rp,MGR03,BD-PIHPS
2026-03-31,1771,harga_pihps_modern,28550.0,Rp,TLR01,BD-PIHPS
2026-03-31,1771,harga_pihps_produsen,13500.0,Rp,BRS03,BD-PIHPS
2026-03-31,1771,harga_pihps_produsen,13350.0,Rp,BRS04,BD-PIHPS
2026-03-31,1771,harga_pihps_produsen,16000.0,Rp,BRS05,BD-PIHPS
2026-03-31,1771,harga_pihps_produsen,13500.0,Rp,BRS06,BD-PIHPS
2026-03-31,1771,harga_pihps_produsen,25500.0,Rp,CMR01,BD-PIHPS
2026-03-31,1771,harga_pihps_produsen,27650.0,Rp,CMR02,BD-PIHPS
2026-03-31,1771,harga_pihps_produsen,31350.0,Rp,CRW02,BD-PIHPS
2026-03-31,1771,harga_pihps_produsen,26000.0,Rp,DAY01,BD-PIHPS
2026-03-31,1771,harga_pihps_produsen,140000.0,Rp,DSP01,BD-PIHPS
2026-03-31,1771,harga_pihps_produsen,130000.0,Rp,DSP02,BD-PIHPS
2026-03-31,1771,harga_pihps_produsen,26500.0,Rp,TLR01,BD-PIHPS
2026-04-01,1771,harga_pihps,14250.0,Rp,BRS01,BD-PIHPS
2026-04-01,1771,harga_pihps,15600.0,Rp,BRS02,BD-PIHPS
2026-04-01,1771,harga_pihps,15350.0,Rp,BRS03,BD-PIHPS
2026-04-01,1771,harga_pihps,15600.0,Rp,BRS04,BD-PIHPS
2026-04-01,1771,harga_pihps,15800.0,Rp,BRS05,BD-PIHPS
2026-04-01,1771,harga_pihps,15800.0,Rp,BRS06,BD-PIHPS
2026-04-01,1771,harga_pihps,44500.0,Rp,BWM01,BD-PIHPS
2026-04-01,1771,harga_pihps,39150.0,Rp,BWP01,BD-PIHPS
2026-04-01,1771,harga_pihps,29000.0,Rp,CMR01,BD-PIHPS
2026-04-01,1771,harga_pihps,33000.0,Rp,CMR02,BD-PIHPS
2026-04-01,1771,harga_pihps,44150.0,Rp,CRW01,BD-PIHPS
2026-04-01,1771,harga_pihps,33050.0,Rp,CRW02,BD-PIHPS
2026-04-01,1771,harga_pihps,43150.0,Rp,DAY01,BD-PIHPS
2026-04-01,1771,harga_pihps,147500.0,Rp,DSP01,BD-PIHPS
2026-04-01,1771,harga_pihps,147500.0,Rp,DSP02,BD-PIHPS
2026-04-01,1771,harga_pihps,18900.0,Rp,GLP01,BD-PIHPS
2026-04-01,1771,harga_pihps,19200.0,Rp,GLP02,BD-PIHPS
2026-04-01,1771,harga_pihps,18150.0,Rp,MGR01,BD-PIHPS
2026-04-01,1771,harga_pihps,21750.0,Rp,MGR02,BD-PIHPS
2026-04-01,1771,harga_pihps,21050.0,Rp,MGR03,BD-PIHPS
2026-04-01,1771,harga_pihps,29750.0,Rp,TLR01,BD-PIHPS
2026-04-01,1771,harga_pihps_grosir,13650.0,Rp,BRS01,BD-PIHPS
2026-04-01,1771,harga_pihps_grosir,15000.0,Rp,BRS02,BD-PIHPS
2026-04-01,1771,harga_pihps_grosir,14900.0,Rp,BRS03,BD-PIHPS
2026-04-01,1771,harga_pihps_grosir,15250.0,Rp,BRS04,BD-PIHPS
2026-04-01,1771,harga_pihps_grosir,15100.0,Rp,BRS05,BD-PIHPS
2026-04-01,1771,harga_pihps_grosir,15450.0,Rp,BRS06,BD-PIHPS
2026-04-01,1771,harga_pihps_grosir,40000.0,Rp,BWM01,BD-PIHPS
2026-04-01,1771,harga_pihps_grosir,37500.0,Rp,BWP01,BD-PIHPS
2026-04-01,1771,harga_pihps_grosir,46000.0,Rp,CMR01,BD-PIHPS
2026-04-01,1771,harga_pihps_grosir,50000.0,Rp,CMR02,BD-PIHPS
2026-04-01,1771,harga_pihps_grosir,48500.0,Rp,CRW01,BD-PIHPS
2026-04-01,1771,harga_pihps_grosir,49400.0,Rp,CRW02,BD-PIHPS
2026-04-01,1771,harga_pihps_grosir,42000.0,Rp,DAY01,BD-PIHPS
2026-04-01,1771,harga_pihps_grosir,132500.0,Rp,DSP01,BD-PIHPS
2026-04-01,1771,harga_pihps_grosir,132500.0,Rp,DSP02,BD-PIHPS
2026-04-01,1771,harga_pihps_grosir,17750.0,Rp,GLP01,BD-PIHPS
2026-04-01,1771,harga_pihps_grosir,17500.0,Rp,MGR01,BD-PIHPS
2026-04-01,1771,harga_pihps_grosir,20000.0,Rp,MGR02,BD-PIHPS
2026-04-01,1771,harga_pihps_grosir,20000.0,Rp,MGR03,BD-PIHPS
2026-04-01,1771,harga_pihps_grosir,29350.0,Rp,TLR01,BD-PIHPS
2026-04-01,1771,harga_pihps_modern,15450.0,Rp,BRS01,BD-PIHPS
2026-04-01,1771,harga_pihps_modern,15100.0,Rp,BRS02,BD-PIHPS
2026-04-01,1771,harga_pihps_modern,16250.0,Rp,BRS03,BD-PIHPS
2026-04-01,1771,harga_pihps_modern,15900.0,Rp,BRS04,BD-PIHPS
2026-04-01,1771,harga_pihps_modern,15050.0,Rp,BRS05,BD-PIHPS
2026-04-01,1771,harga_pihps_modern,17350.0,Rp,BRS06,BD-PIHPS
2026-04-01,1771,harga_pihps_modern,56950.0,Rp,BWM01,BD-PIHPS
2026-04-01,1771,harga_pihps_modern,47950.0,Rp,BWP01,BD-PIHPS
2026-04-01,1771,harga_pihps_modern,92950.0,Rp,CMR01,BD-PIHPS
2026-04-01,1771,harga_pihps_modern,67950.0,Rp,CMR02,BD-PIHPS
2026-04-01,1771,harga_pihps_modern,75450.0,Rp,CRW01,BD-PIHPS
2026-04-01,1771,harga_pihps_modern,74950.0,Rp,CRW02,BD-PIHPS
2026-04-01,1771,harga_pihps_modern,47450.0,Rp,DAY01,BD-PIHPS
2026-04-01,1771,harga_pihps_modern,154950.0,Rp,DSP01,BD-PIHPS
2026-04-01,1771,harga_pihps_modern,163950.0,Rp,DSP02,BD-PIHPS
2026-04-01,1771,harga_pihps_modern,17300.0,Rp,GLP01,BD-PIHPS
2026-04-01,1771,harga_pihps_modern,17000.0,Rp,GLP02,BD-PIHPS
2026-04-01,1771,harga_pihps_modern,22750.0,Rp,MGR02,BD-PIHPS
2026-04-01,1771,harga_pihps_modern,24800.0,Rp,MGR03,BD-PIHPS
2026-04-01,1771,harga_pihps_modern,28550.0,Rp,TLR01,BD-PIHPS
2026-04-01,1771,harga_pihps_produsen,13500.0,Rp,BRS03,BD-PIHPS
2026-04-01,1771,harga_pihps_produsen,13350.0,Rp,BRS04,BD-PIHPS
2026-04-01,1771,harga_pihps_produsen,16000.0,Rp,BRS05,BD-PIHPS
2026-04-01,1771,harga_pihps_produsen,13500.0,Rp,BRS06,BD-PIHPS
2026-04-01,1771,harga_pihps_produsen,25500.0,Rp,CMR01,BD-PIHPS
2026-04-01,1771,harga_pihps_produsen,27650.0,Rp,CMR02,BD-PIHPS
2026-04-01,1771,harga_pihps_produsen,31350.0,Rp,CRW02,BD-PIHPS
2026-04-01,1771,harga_pihps_produsen,26000.0,Rp,DAY01,BD-PIHPS
2026-04-01,1771,harga_pihps_produsen,140000.0,Rp,DSP01,BD-PIHPS
2026-04-01,1771,harga_pihps_produsen,130000.0,Rp,DSP02,BD-PIHPS
2026-04-01,1771,harga_pihps_produsen,26500.0,Rp,TLR01,BD-PIHPS
2026-04-02,1771,harga_pihps,14250.0,Rp,BRS01,BD-PIHPS
2026-04-02,1771,harga_pihps,15600.0,Rp,BRS02,BD-PIHPS
2026-04-02,1771,harga_pihps,15350.0,Rp,BRS03,BD-PIHPS
2026-04-02,1771,harga_pihps,15600.0,Rp,BRS04,BD-PIHPS
2026-04-02,1771,harga_pihps,15800.0,Rp,BRS05,BD-PIHPS
2026-04-02,1771,harga_pihps,15800.0,Rp,BRS06,BD-PIHPS
2026-04-02,1771,harga_pihps,44250.0,Rp,BWM01,BD-PIHPS
2026-04-02,1771,harga_pihps,39400.0,Rp,BWP01,BD-PIHPS
2026-04-02,1771,harga_pihps,28000.0,Rp,CMR01,BD-PIHPS
2026-04-02,1771,harga_pihps,31400.0,Rp,CMR02,BD-PIHPS
2026-04-02,1771,harga_pihps,41900.0,Rp,CRW01,BD-PIHPS
2026-04-02,1771,harga_pihps,31750.0,Rp,CRW02,BD-PIHPS
2026-04-02,1771,harga_pihps,43750.0,Rp,DAY01,BD-PIHPS
2026-04-02,1771,harga_pihps,147500.0,Rp,DSP01,BD-PIHPS
2026-04-02,1771,harga_pihps,147500.0,Rp,DSP02,BD-PIHPS
2026-04-02,1771,harga_pihps,18900.0,Rp,GLP01,BD-PIHPS
2026-04-02,1771,harga_pihps,19200.0,Rp,GLP02,BD-PIHPS
2026-04-02,1771,harga_pihps,18150.0,Rp,MGR01,BD-PIHPS
2026-04-02,1771,harga_pihps,21750.0,Rp,MGR02,BD-PIHPS
2026-04-02,1771,harga_pihps,21200.0,Rp,MGR03,BD-PIHPS
2026-04-02,1771,harga_pihps,29500.0,Rp,TLR01,BD-PIHPS
2026-04-02,1771,harga_pihps_grosir,13650.0,Rp,BRS01,BD-PIHPS
2026-04-02,1771,harga_pihps_grosir,15000.0,Rp,BRS02,BD-PIHPS
2026-04-02,1771,harga_pihps_grosir,14900.0,Rp,BRS03,BD-PIHPS
2026-04-02,1771,harga_pihps_grosir,15250.0,Rp,BRS04,BD-PIHPS
2026-04-02,1771,harga_pihps_grosir,15100.0,Rp,BRS05,BD-PIHPS
2026-04-02,1771,harga_pihps_grosir,15450.0,Rp,BRS06,BD-PIHPS
2026-04-02,1771,harga_pihps_grosir,41000.0,Rp,BWM01,BD-PIHPS
2026-04-02,1771,harga_pihps_grosir,37500.0,Rp,BWP01,BD-PIHPS
2026-04-02,1771,harga_pihps_grosir,23500.0,Rp,CMR01,BD-PIHPS
2026-04-02,1771,harga_pihps_grosir,27500.0,Rp,CMR02,BD-PIHPS
2026-04-02,1771,harga_pihps_grosir,29500.0,Rp,CRW01,BD-PIHPS
2026-04-02,1771,harga_pihps_grosir,37800.0,Rp,CRW02,BD-PIHPS
2026-04-02,1771,harga_pihps_grosir,40250.0,Rp,DAY01,BD-PIHPS
2026-04-02,1771,harga_pihps_grosir,132500.0,Rp,DSP01,BD-PIHPS
2026-04-02,1771,harga_pihps_grosir,132500.0,Rp,DSP02,BD-PIHPS
2026-04-02,1771,harga_pihps_grosir,17750.0,Rp,GLP01,BD-PIHPS
2026-04-02,1771,harga_pihps_grosir,17500.0,Rp,MGR01,BD-PIHPS
2026-04-02,1771,harga_pihps_grosir,20000.0,Rp,MGR02,BD-PIHPS
2026-04-02,1771,harga_pihps_grosir,20000.0,Rp,MGR03,BD-PIHPS
2026-04-02,1771,harga_pihps_grosir,29350.0,Rp,TLR01,BD-PIHPS
2026-04-02,1771,harga_pihps_modern,15450.0,Rp,BRS01,BD-PIHPS
2026-04-02,1771,harga_pihps_modern,15100.0,Rp,BRS02,BD-PIHPS
2026-04-02,1771,harga_pihps_modern,16250.0,Rp,BRS03,BD-PIHPS
2026-04-02,1771,harga_pihps_modern,15900.0,Rp,BRS04,BD-PIHPS
2026-04-02,1771,harga_pihps_modern,15050.0,Rp,BRS05,BD-PIHPS
2026-04-02,1771,harga_pihps_modern,17350.0,Rp,BRS06,BD-PIHPS
2026-04-02,1771,harga_pihps_modern,56950.0,Rp,BWM01,BD-PIHPS
2026-04-02,1771,harga_pihps_modern,47950.0,Rp,BWP01,BD-PIHPS
2026-04-02,1771,harga_pihps_modern,92950.0,Rp,CMR01,BD-PIHPS
2026-04-02,1771,harga_pihps_modern,67950.0,Rp,CMR02,BD-PIHPS
2026-04-02,1771,harga_pihps_modern,75450.0,Rp,CRW01,BD-PIHPS
2026-04-02,1771,harga_pihps_modern,74950.0,Rp,CRW02,BD-PIHPS
2026-04-02,1771,harga_pihps_modern,47450.0,Rp,DAY01,BD-PIHPS
2026-04-02,1771,harga_pihps_modern,154950.0,Rp,DSP01,BD-PIHPS
2026-04-02,1771,harga_pihps_modern,163950.0,Rp,DSP02,BD-PIHPS
2026-04-02,1771,harga_pihps_modern,17300.0,Rp,GLP01,BD-PIHPS
2026-04-02,1771,harga_pihps_modern,17000.0,Rp,GLP02,BD-PIHPS
2026-04-02,1771,harga_pihps_modern,22750.0,Rp,MGR02,BD-PIHPS
2026-04-02,1771,harga_pihps_modern,24800.0,Rp,MGR03,BD-PIHPS
2026-04-02,1771,harga_pihps_modern,28550.0,Rp,TLR01,BD-PIHPS
2026-04-02,1771,harga_pihps_produsen,13500.0,Rp,BRS03,BD-PIHPS
2026-04-02,1771,harga_pihps_produsen,13350.0,Rp,BRS04,BD-PIHPS
2026-04-02,1771,harga_pihps_produsen,16000.0,Rp,BRS05,BD-PIHPS
2026-04-02,1771,harga_pihps_produsen,13500.0,Rp,BRS06,BD-PIHPS
2026-04-02,1771,harga_pihps_produsen,25500.0,Rp,CMR01,BD-PIHPS
2026-04-02,1771,harga_pihps_produsen,27650.0,Rp,CMR02,BD-PIHPS
2026-04-02,1771,harga_pihps_produsen,31350.0,Rp,CRW02,BD-PIHPS
2026-04-02,1771,harga_pihps_produsen,26000.0,Rp,DAY01,BD-PIHPS
2026-04-02,1771,harga_pihps_produsen,140000.0,Rp,DSP01,BD-PIHPS
2026-04-02,1771,harga_pihps_produsen,130000.0,Rp,DSP02,BD-PIHPS
2026-04-02,1771,harga_pihps_produsen,26500.0,Rp,TLR01,BD-PIHPS
2026-04-03,1771,harga_pihps,14250.0,Rp,BRS01,BD-PIHPS
2026-04-03,1771,harga_pihps,15600.0,Rp,BRS02,BD-PIHPS
2026-04-03,1771,harga_pihps,15350.0,Rp,BRS03,BD-PIHPS
2026-04-03,1771,harga_pihps,15600.0,Rp,BRS04,BD-PIHPS
2026-04-03,1771,harga_pihps,15800.0,Rp,BRS05,BD-PIHPS
2026-04-03,1771,harga_pihps,15800.0,Rp,BRS06,BD-PIHPS
2026-04-03,1771,harga_pihps,44250.0,Rp,BWM01,BD-PIHPS
2026-04-03,1771,harga_pihps,39400.0,Rp,BWP01,BD-PIHPS
2026-04-03,1771,harga_pihps,28000.0,Rp,CMR01,BD-PIHPS
2026-04-03,1771,harga_pihps,31400.0,Rp,CMR02,BD-PIHPS
2026-04-03,1771,harga_pihps,41900.0,Rp,CRW01,BD-PIHPS
2026-04-03,1771,harga_pihps,31750.0,Rp,CRW02,BD-PIHPS
2026-04-03,1771,harga_pihps,43750.0,Rp,DAY01,BD-PIHPS
2026-04-03,1771,harga_pihps,147500.0,Rp,DSP01,BD-PIHPS
2026-04-03,1771,harga_pihps,147500.0,Rp,DSP02,BD-PIHPS
2026-04-03,1771,harga_pihps,18900.0,Rp,GLP01,BD-PIHPS
2026-04-03,1771,harga_pihps,19200.0,Rp,GLP02,BD-PIHPS
2026-04-03,1771,harga_pihps,18150.0,Rp,MGR01,BD-PIHPS
2026-04-03,1771,harga_pihps,21750.0,Rp,MGR02,BD-PIHPS
2026-04-03,1771,harga_pihps,21200.0,Rp,MGR03,BD-PIHPS
2026-04-03,1771,harga_pihps,29500.0,Rp,TLR01,BD-PIHPS
2026-04-03,1771,harga_pihps_grosir,13650.0,Rp,BRS01,BD-PIHPS
2026-04-03,1771,harga_pihps_grosir,15000.0,Rp,BRS02,BD-PIHPS
2026-04-03,1771,harga_pihps_grosir,14900.0,Rp,BRS03,BD-PIHPS
2026-04-03,1771,harga_pihps_grosir,15250.0,Rp,BRS04,BD-PIHPS
2026-04-03,1771,harga_pihps_grosir,15100.0,Rp,BRS05,BD-PIHPS
2026-04-03,1771,harga_pihps_grosir,15450.0,Rp,BRS06,BD-PIHPS
2026-04-03,1771,harga_pihps_grosir,41000.0,Rp,BWM01,BD-PIHPS
2026-04-03,1771,harga_pihps_grosir,37500.0,Rp,BWP01,BD-PIHPS
2026-04-03,1771,harga_pihps_grosir,23500.0,Rp,CMR01,BD-PIHPS
2026-04-03,1771,harga_pihps_grosir,27500.0,Rp,CMR02,BD-PIHPS
2026-04-03,1771,harga_pihps_grosir,29500.0,Rp,CRW01,BD-PIHPS
2026-04-03,1771,harga_pihps_grosir,37800.0,Rp,CRW02,BD-PIHPS
2026-04-03,1771,harga_pihps_grosir,40250.0,Rp,DAY01,BD-PIHPS
2026-04-03,1771,harga_pihps_grosir,132500.0,Rp,DSP01,BD-PIHPS
2026-04-03,1771,harga_pihps_grosir,132500.0,Rp,DSP02,BD-PIHPS
2026-04-03,1771,harga_pihps_grosir,17750.0,Rp,GLP01,BD-PIHPS
2026-04-03,1771,harga_pihps_grosir,17500.0,Rp,MGR01,BD-PIHPS
2026-04-03,1771,harga_pihps_grosir,20000.0,Rp,MGR02,BD-PIHPS
2026-04-03,1771,harga_pihps_grosir,20000.0,Rp,MGR03,BD-PIHPS
2026-04-03,1771,harga_pihps_grosir,29350.0,Rp,TLR01,BD-PIHPS
2026-04-03,1771,harga_pihps_modern,15450.0,Rp,BRS01,BD-PIHPS
2026-04-03,1771,harga_pihps_modern,15100.0,Rp,BRS02,BD-PIHPS
2026-04-03,1771,harga_pihps_modern,16250.0,Rp,BRS03,BD-PIHPS
2026-04-03,1771,harga_pihps_modern,15900.0,Rp,BRS04,BD-PIHPS
2026-04-03,1771,harga_pihps_modern,15050.0,Rp,BRS05,BD-PIHPS
2026-04-03,1771,harga_pihps_modern,17350.0,Rp,BRS06,BD-PIHPS
2026-04-03,1771,harga_pihps_modern,56950.0,Rp,BWM01,BD-PIHPS
2026-04-03,1771,harga_pihps_modern,47950.0,Rp,BWP01,BD-PIHPS
2026-04-03,1771,harga_pihps_modern,92950.0,Rp,CMR01,BD-PIHPS
2026-04-03,1771,harga_pihps_modern,67950.0,Rp,CMR02,BD-PIHPS
2026-04-03,1771,harga_pihps_modern,75450.0,Rp,CRW01,BD-PIHPS
2026-04-03,1771,harga_pihps_modern,74950.0,Rp,CRW02,BD-PIHPS
2026-04-03,1771,harga_pihps_modern,47450.0,Rp,DAY01,BD-PIHPS
2026-04-03,1771,harga_pihps_modern,154950.0,Rp,DSP01,BD-PIHPS
2026-04-03,1771,harga_pihps_modern,163950.0,Rp,DSP02,BD-PIHPS
2026-04-03,1771,harga_pihps_modern,17300.0,Rp,GLP01,BD-PIHPS
2026-04-03,1771,harga_pihps_modern,17000.0,Rp,GLP02,BD-PIHPS
2026-04-03,1771,harga_pihps_modern,22750.0,Rp,MGR02,BD-PIHPS
2026-04-03,1771,harga_pihps_modern,24800.0,Rp,MGR03,BD-PIHPS
2026-04-03,1771,harga_pihps_modern,28550.0,Rp,TLR01,BD-PIHPS
2026-04-03,1771,harga_pihps_produsen,13500.0,Rp,BRS03,BD-PIHPS
2026-04-03,1771,harga_pihps_produsen,13350.0,Rp,BRS04,BD-PIHPS
2026-04-03,1771,harga_pihps_produsen,16000.0,Rp,BRS05,BD-PIHPS
2026-04-03,1771,harga_pihps_produsen,13500.0,Rp,BRS06,BD-PIHPS
2026-04-03,1771,harga_pihps_produsen,25500.0,Rp,CMR01,BD-PIHPS
2026-04-03,1771,harga_pihps_produsen,27650.0,Rp,CMR02,BD-PIHPS
2026-04-03,1771,harga_pihps_produsen,31350.0,Rp,CRW02,BD-PIHPS
2026-04-03,1771,harga_pihps_produsen,26000.0,Rp,DAY01,BD-PIHPS
2026-04-03,1771,harga_pihps_produsen,140000.0,Rp,DSP01,BD-PIHPS
2026-04-03,1771,harga_pihps_produsen,130000.0,Rp,DSP02,BD-PIHPS
2026-04-03,1771,harga_pihps_produsen,26500.0,Rp,TLR01,BD-PIHPS
2026-04-06,1771,harga_pihps,14250.0,Rp,BRS01,BD-PIHPS
2026-04-06,1771,harga_pihps,15600.0,Rp,BRS02,BD-PIHPS
2026-04-06,1771,harga_pihps,15350.0,Rp,BRS03,BD-PIHPS
2026-04-06,1771,harga_pihps,15600.0,Rp,BRS04,BD-PIHPS
2026-04-06,1771,harga_pihps,15800.0,Rp,BRS05,BD-PIHPS
2026-04-06,1771,harga_pihps,15800.0,Rp,BRS06,BD-PIHPS
2026-04-06,1771,harga_pihps,44900.0,Rp,BWM01,BD-PIHPS
2026-04-06,1771,harga_pihps,39500.0,Rp,BWP01,BD-PIHPS
2026-04-06,1771,harga_pihps,28000.0,Rp,CMR01,BD-PIHPS
2026-04-06,1771,harga_pihps,32150.0,Rp,CMR02,BD-PIHPS
2026-04-06,1771,harga_pihps,42900.0,Rp,CRW01,BD-PIHPS
2026-04-06,1771,harga_pihps,33700.0,Rp,CRW02,BD-PIHPS
2026-04-06,1771,harga_pihps,41750.0,Rp,DAY01,BD-PIHPS
2026-04-06,1771,harga_pihps,147500.0,Rp,DSP01,BD-PIHPS
2026-04-06,1771,harga_pihps,147500.0,Rp,DSP02,BD-PIHPS
2026-04-06,1771,harga_pihps,18900.0,Rp,GLP01,BD-PIHPS
2026-04-06,1771,harga_pihps,19200.0,Rp,GLP02,BD-PIHPS
2026-04-06,1771,harga_pihps,18150.0,Rp,MGR01,BD-PIHPS
2026-04-06,1771,harga_pihps,21900.0,Rp,MGR02,BD-PIHPS
2026-04-06,1771,harga_pihps,21900.0,Rp,MGR03,BD-PIHPS
2026-04-06,1771,harga_pihps,29100.0,Rp,TLR01,BD-PIHPS
2026-04-06,1771,harga_pihps_grosir,13650.0,Rp,BRS01,BD-PIHPS
2026-04-06,1771,harga_pihps_grosir,15000.0,Rp,BRS02,BD-PIHPS
2026-04-06,1771,harga_pihps_grosir,14900.0,Rp,BRS03,BD-PIHPS
2026-04-06,1771,harga_pihps_grosir,15250.0,Rp,BRS04,BD-PIHPS
2026-04-06,1771,harga_pihps_grosir,15100.0,Rp,BRS05,BD-PIHPS
2026-04-06,1771,harga_pihps_grosir,15450.0,Rp,BRS06,BD-PIHPS
2026-04-06,1771,harga_pihps_grosir,41000.0,Rp,BWM01,BD-PIHPS
2026-04-06,1771,harga_pihps_grosir,37500.0,Rp,BWP01,BD-PIHPS
2026-04-06,1771,harga_pihps_grosir,23500.0,Rp,CMR01,BD-PIHPS
2026-04-06,1771,harga_pihps_grosir,27500.0,Rp,CMR02,BD-PIHPS
2026-04-06,1771,harga_pihps_grosir,29500.0,Rp,CRW01,BD-PIHPS
2026-04-06,1771,harga_pihps_grosir,37800.0,Rp,CRW02,BD-PIHPS
2026-04-06,1771,harga_pihps_grosir,40250.0,Rp,DAY01,BD-PIHPS
2026-04-06,1771,harga_pihps_grosir,132500.0,Rp,DSP01,BD-PIHPS
2026-04-06,1771,harga_pihps_grosir,132500.0,Rp,DSP02,BD-PIHPS
2026-04-06,1771,harga_pihps_grosir,17750.0,Rp,GLP01,BD-PIHPS
2026-04-06,1771,harga_pihps_grosir,17500.0,Rp,MGR01,BD-PIHPS
2026-04-06,1771,harga_pihps_grosir,20000.0,Rp,MGR02,BD-PIHPS
2026-04-06,1771,harga_pihps_grosir,20000.0,Rp,MGR03,BD-PIHPS
2026-04-06,1771,harga_pihps_grosir,29350.0,Rp,TLR01,BD-PIHPS
2026-04-06,1771,harga_pihps_modern,15450.0,Rp,BRS01,BD-PIHPS
2026-04-06,1771,harga_pihps_modern,15100.0,Rp,BRS02,BD-PIHPS
2026-04-06,1771,harga_pihps_modern,16250.0,Rp,BRS03,BD-PIHPS
2026-04-06,1771,harga_pihps_modern,15900.0,Rp,BRS04,BD-PIHPS
2026-04-06,1771,harga_pihps_modern,15050.0,Rp,BRS05,BD-PIHPS
2026-04-06,1771,harga_pihps_modern,17350.0,Rp,BRS06,BD-PIHPS
2026-04-06,1771,harga_pihps_modern,56950.0,Rp,BWM01,BD-PIHPS
2026-04-06,1771,harga_pihps_modern,47950.0,Rp,BWP01,BD-PIHPS
2026-04-06,1771,harga_pihps_modern,92950.0,Rp,CMR01,BD-PIHPS
2026-04-06,1771,harga_pihps_modern,67950.0,Rp,CMR02,BD-PIHPS
2026-04-06,1771,harga_pihps_modern,75450.0,Rp,CRW01,BD-PIHPS
2026-04-06,1771,harga_pihps_modern,74950.0,Rp,CRW02,BD-PIHPS
2026-04-06,1771,harga_pihps_modern,47450.0,Rp,DAY01,BD-PIHPS
2026-04-06,1771,harga_pihps_modern,154950.0,Rp,DSP01,BD-PIHPS
2026-04-06,1771,harga_pihps_modern,163950.0,Rp,DSP02,BD-PIHPS
2026-04-06,1771,harga_pihps_modern,17300.0,Rp,GLP01,BD-PIHPS
2026-04-06,1771,harga_pihps_modern,17000.0,Rp,GLP02,BD-PIHPS
2026-04-06,1771,harga_pihps_modern,22750.0,Rp,MGR02,BD-PIHPS
2026-04-06,1771,harga_pihps_modern,24800.0,Rp,MGR03,BD-PIHPS
2026-04-06,1771,harga_pihps_modern,28550.0,Rp,TLR01,BD-PIHPS
2026-04-06,1771,harga_pihps_produsen,13500.0,Rp,BRS03,BD-PIHPS
2026-04-06,1771,harga_pihps_produsen,13350.0,Rp,BRS04,BD-PIHPS
2026-04-06,1771,harga_pihps_produsen,16000.0,Rp,BRS05,BD-PIHPS
2026-04-06,1771,harga_pihps_produsen,13500.0,Rp,BRS06,BD-PIHPS
2026-04-06,1771,harga_pihps_produsen,25500.0,Rp,CMR01,BD-PIHPS
2026-04-06,1771,harga_pihps_produsen,27650.0,Rp,CMR02,BD-PIHPS
2026-04-06,1771,harga_pihps_produsen,31350.0,Rp,CRW02,BD-PIHPS
2026-04-06,1771,harga_pihps_produsen,26000.0,Rp,DAY01,BD-PIHPS
2026-04-06,1771,harga_pihps_produsen,140000.0,Rp,DSP01,BD-PIHPS
2026-04-06,1771,harga_pihps_produsen,130000.0,Rp,DSP02,BD-PIHPS
2026-04-06,1771,harga_pihps_produsen,26500.0,Rp,TLR01,BD-PIHPS
2026-04-07,1771,harga_pihps,14250.0,Rp,BRS01,BD-PIHPS
2026-04-07,1771,harga_pihps,15600.0,Rp,BRS02,BD-PIHPS
2026-04-07,1771,harga_pihps,15350.0,Rp,BRS03,BD-PIHPS
2026-04-07,1771,harga_pihps,15600.0,Rp,BRS04,BD-PIHPS
2026-04-07,1771,harga_pihps,15800.0,Rp,BRS05,BD-PIHPS
2026-04-07,1771,harga_pihps,15800.0,Rp,BRS06,BD-PIHPS
2026-04-07,1771,harga_pihps,44900.0,Rp,BWM01,BD-PIHPS
2026-04-07,1771,harga_pihps,39500.0,Rp,BWP01,BD-PIHPS
2026-04-07,1771,harga_pihps,27650.0,Rp,CMR01,BD-PIHPS
2026-04-07,1771,harga_pihps,31900.0,Rp,CMR02,BD-PIHPS
2026-04-07,1771,harga_pihps,42900.0,Rp,CRW01,BD-PIHPS
2026-04-07,1771,harga_pihps,34400.0,Rp,CRW02,BD-PIHPS
2026-04-07,1771,harga_pihps,41650.0,Rp,DAY01,BD-PIHPS
2026-04-07,1771,harga_pihps,147500.0,Rp,DSP01,BD-PIHPS
2026-04-07,1771,harga_pihps,147500.0,Rp,DSP02,BD-PIHPS
2026-04-07,1771,harga_pihps,18900.0,Rp,GLP01,BD-PIHPS
2026-04-07,1771,harga_pihps,19200.0,Rp,GLP02,BD-PIHPS
2026-04-07,1771,harga_pihps,18150.0,Rp,MGR01,BD-PIHPS
2026-04-07,1771,harga_pihps,21900.0,Rp,MGR02,BD-PIHPS
2026-04-07,1771,harga_pihps,21900.0,Rp,MGR03,BD-PIHPS
2026-04-07,1771,harga_pihps,29100.0,Rp,TLR01,BD-PIHPS
2026-04-07,1771,harga_pihps_grosir,13650.0,Rp,BRS01,BD-PIHPS
2026-04-07,1771,harga_pihps_grosir,15000.0,Rp,BRS02,BD-PIHPS
2026-04-07,1771,harga_pihps_grosir,14900.0,Rp,BRS03,BD-PIHPS
2026-04-07,1771,harga_pihps_grosir,15250.0,Rp,BRS04,BD-PIHPS
2026-04-07,1771,harga_pihps_grosir,15100.0,Rp,BRS05,BD-PIHPS
2026-04-07,1771,harga_pihps_grosir,15450.0,Rp,BRS06,BD-PIHPS
2026-04-07,1771,harga_pihps_grosir,41000.0,Rp,BWM01,BD-PIHPS
2026-04-07,1771,harga_pihps_grosir,37500.0,Rp,BWP01,BD-PIHPS
2026-04-07,1771,harga_pihps_grosir,23500.0,Rp,CMR01,BD-PIHPS
2026-04-07,1771,harga_pihps_grosir,27500.0,Rp,CMR02,BD-PIHPS
2026-04-07,1771,harga_pihps_grosir,29500.0,Rp,CRW01,BD-PIHPS
2026-04-07,1771,harga_pihps_grosir,37800.0,Rp,CRW02,BD-PIHPS
2026-04-07,1771,harga_pihps_grosir,40250.0,Rp,DAY01,BD-PIHPS
2026-04-07,1771,harga_pihps_grosir,132500.0,Rp,DSP01,BD-PIHPS
2026-04-07,1771,harga_pihps_grosir,132500.0,Rp,DSP02,BD-PIHPS
2026-04-07,1771,harga_pihps_grosir,17750.0,Rp,GLP01,BD-PIHPS
2026-04-07,1771,harga_pihps_grosir,17500.0,Rp,MGR01,BD-PIHPS
2026-04-07,1771,harga_pihps_grosir,20000.0,Rp,MGR02,BD-PIHPS
2026-04-07,1771,harga_pihps_grosir,20000.0,Rp,MGR03,BD-PIHPS
2026-04-07,1771,harga_pihps_grosir,29350.0,Rp,TLR01,BD-PIHPS
2026-04-07,1771,harga_pihps_modern,15450.0,Rp,BRS01,BD-PIHPS
2026-04-07,1771,harga_pihps_modern,15100.0,Rp,BRS02,BD-PIHPS
2026-04-07,1771,harga_pihps_modern,16350.0,Rp,BRS03,BD-PIHPS
2026-04-07,1771,harga_pihps_modern,15950.0,Rp,BRS04,BD-PIHPS
2026-04-07,1771,harga_pihps_modern,15050.0,Rp,BRS05,BD-PIHPS
2026-04-07,1771,harga_pihps_modern,17400.0,Rp,BRS06,BD-PIHPS
2026-04-07,1771,harga_pihps_modern,56950.0,Rp,BWM01,BD-PIHPS
2026-04-07,1771,harga_pihps_modern,47950.0,Rp,BWP01,BD-PIHPS
2026-04-07,1771,harga_pihps_modern,90450.0,Rp,CMR01,BD-PIHPS
2026-04-07,1771,harga_pihps_modern,67950.0,Rp,CMR02,BD-PIHPS
2026-04-07,1771,harga_pihps_modern,75450.0,Rp,CRW01,BD-PIHPS
2026-04-07,1771,harga_pihps_modern,74950.0,Rp,CRW02,BD-PIHPS
2026-04-07,1771,harga_pihps_modern,47450.0,Rp,DAY01,BD-PIHPS
2026-04-07,1771,harga_pihps_modern,152450.0,Rp,DSP01,BD-PIHPS
2026-04-07,1771,harga_pihps_modern,159950.0,Rp,DSP02,BD-PIHPS
2026-04-07,1771,harga_pihps_modern,17400.0,Rp,GLP01,BD-PIHPS
2026-04-07,1771,harga_pihps_modern,17000.0,Rp,GLP02,BD-PIHPS
2026-04-07,1771,harga_pihps_modern,22750.0,Rp,MGR02,BD-PIHPS
2026-04-07,1771,harga_pihps_modern,24800.0,Rp,MGR03,BD-PIHPS
2026-04-07,1771,harga_pihps_modern,28550.0,Rp,TLR01,BD-PIHPS
2026-04-07,1771,harga_pihps_produsen,13500.0,Rp,BRS03,BD-PIHPS
2026-04-07,1771,harga_pihps_produsen,13350.0,Rp,BRS04,BD-PIHPS
2026-04-07,1771,harga_pihps_produsen,16000.0,Rp,BRS05,BD-PIHPS
2026-04-07,1771,harga_pihps_produsen,13500.0,Rp,BRS06,BD-PIHPS
2026-04-07,1771,harga_pihps_produsen,25500.0,Rp,CMR01,BD-PIHPS
2026-04-07,1771,harga_pihps_produsen,27650.0,Rp,CMR02,BD-PIHPS
2026-04-07,1771,harga_pihps_produsen,31350.0,Rp,CRW02,BD-PIHPS
2026-04-07,1771,harga_pihps_produsen,26000.0,Rp,DAY01,BD-PIHPS
2026-04-07,1771,harga_pihps_produsen,140000.0,Rp,DSP01,BD-PIHPS
2026-04-07,1771,harga_pihps_produsen,130000.0,Rp,DSP02,BD-PIHPS
2026-04-07,1771,harga_pihps_produsen,26500.0,Rp,TLR01,BD-PIHPS
2026-04-08,1771,harga_pihps,14250.0,Rp,BRS01,BD-PIHPS
2026-04-08,1771,harga_pihps,15650.0,Rp,BRS02,BD-PIHPS
2026-04-08,1771,harga_pihps,15350.0,Rp,BRS03,BD-PIHPS
2026-04-08,1771,harga_pihps,15650.0,Rp,BRS04,BD-PIHPS
2026-04-08,1771,harga_pihps,15800.0,Rp,BRS05,BD-PIHPS
2026-04-08,1771,harga_pihps,15900.0,Rp,BRS06,BD-PIHPS
2026-04-08,1771,harga_pihps,45650.0,Rp,BWM01,BD-PIHPS
2026-04-08,1771,harga_pihps,39650.0,Rp,BWP01,BD-PIHPS
2026-04-08,1771,harga_pihps,28750.0,Rp,CMR01,BD-PIHPS
2026-04-08,1771,harga_pihps,32650.0,Rp,CMR02,BD-PIHPS
2026-04-08,1771,harga_pihps,43000.0,Rp,CRW01,BD-PIHPS
2026-04-08,1771,harga_pihps,38550.0,Rp,CRW02,BD-PIHPS
2026-04-08,1771,harga_pihps,41000.0,Rp,DAY01,BD-PIHPS
2026-04-08,1771,harga_pihps,147500.0,Rp,DSP01,BD-PIHPS
2026-04-08,1771,harga_pihps,147500.0,Rp,DSP02,BD-PIHPS
2026-04-08,1771,harga_pihps,18900.0,Rp,GLP01,BD-PIHPS
2026-04-08,1771,harga_pihps,19200.0,Rp,GLP02,BD-PIHPS
2026-04-08,1771,harga_pihps,18150.0,Rp,MGR01,BD-PIHPS
2026-04-08,1771,harga_pihps,21900.0,Rp,MGR02,BD-PIHPS
2026-04-08,1771,harga_pihps,21900.0,Rp,MGR03,BD-PIHPS
2026-04-08,1771,harga_pihps,29100.0,Rp,TLR01,BD-PIHPS
2026-04-08,1771,harga_pihps_grosir,13650.0,Rp,BRS01,BD-PIHPS
2026-04-08,1771,harga_pihps_grosir,15000.0,Rp,BRS02,BD-PIHPS
2026-04-08,1771,harga_pihps_grosir,14900.0,Rp,BRS03,BD-PIHPS
2026-04-08,1771,harga_pihps_grosir,15250.0,Rp,BRS04,BD-PIHPS
2026-04-08,1771,harga_pihps_grosir,15100.0,Rp,BRS05,BD-PIHPS
2026-04-08,1771,harga_pihps_grosir,15450.0,Rp,BRS06,BD-PIHPS
2026-04-08,1771,harga_pihps_grosir,41000.0,Rp,BWM01,BD-PIHPS
2026-04-08,1771,harga_pihps_grosir,37500.0,Rp,BWP01,BD-PIHPS
2026-04-08,1771,harga_pihps_grosir,23500.0,Rp,CMR01,BD-PIHPS
2026-04-08,1771,harga_pihps_grosir,27500.0,Rp,CMR02,BD-PIHPS
2026-04-08,1771,harga_pihps_grosir,29500.0,Rp,CRW01,BD-PIHPS
2026-04-08,1771,harga_pihps_grosir,37800.0,Rp,CRW02,BD-PIHPS
2026-04-08,1771,harga_pihps_grosir,40250.0,Rp,DAY01,BD-PIHPS
2026-04-08,1771,harga_pihps_grosir,132500.0,Rp,DSP01,BD-PIHPS
2026-04-08,1771,harga_pihps_grosir,132500.0,Rp,DSP02,BD-PIHPS
2026-04-08,1771,harga_pihps_grosir,17750.0,Rp,GLP01,BD-PIHPS
2026-04-08,1771,harga_pihps_grosir,17500.0,Rp,MGR01,BD-PIHPS
2026-04-08,1771,harga_pihps_grosir,20000.0,Rp,MGR02,BD-PIHPS
2026-04-08,1771,harga_pihps_grosir,20000.0,Rp,MGR03,BD-PIHPS
2026-04-08,1771,harga_pihps_grosir,29350.0,Rp,TLR01,BD-PIHPS
2026-04-08,1771,harga_pihps_modern,15450.0,Rp,BRS01,BD-PIHPS
2026-04-08,1771,harga_pihps_modern,15100.0,Rp,BRS02,BD-PIHPS
2026-04-08,1771,harga_pihps_modern,16350.0,Rp,BRS03,BD-PIHPS
2026-04-08,1771,harga_pihps_modern,15950.0,Rp,BRS04,BD-PIHPS
2026-04-08,1771,harga_pihps_modern,15050.0,Rp,BRS05,BD-PIHPS
2026-04-08,1771,harga_pihps_modern,17400.0,Rp,BRS06,BD-PIHPS
2026-04-08,1771,harga_pihps_modern,56950.0,Rp,BWM01,BD-PIHPS
2026-04-08,1771,harga_pihps_modern,47950.0,Rp,BWP01,BD-PIHPS
2026-04-08,1771,harga_pihps_modern,90450.0,Rp,CMR01,BD-PIHPS
2026-04-08,1771,harga_pihps_modern,67950.0,Rp,CMR02,BD-PIHPS
2026-04-08,1771,harga_pihps_modern,75450.0,Rp,CRW01,BD-PIHPS
2026-04-08,1771,harga_pihps_modern,74950.0,Rp,CRW02,BD-PIHPS
2026-04-08,1771,harga_pihps_modern,47450.0,Rp,DAY01,BD-PIHPS
2026-04-08,1771,harga_pihps_modern,152450.0,Rp,DSP01,BD-PIHPS
2026-04-08,1771,harga_pihps_modern,159950.0,Rp,DSP02,BD-PIHPS
2026-04-08,1771,harga_pihps_modern,17400.0,Rp,GLP01,BD-PIHPS
2026-04-08,1771,harga_pihps_modern,17000.0,Rp,GLP02,BD-PIHPS
2026-04-08,1771,harga_pihps_modern,22750.0,Rp,MGR02,BD-PIHPS
2026-04-08,1771,harga_pihps_modern,24800.0,Rp,MGR03,BD-PIHPS
2026-04-08,1771,harga_pihps_modern,28550.0,Rp,TLR01,BD-PIHPS
2026-04-08,1771,harga_pihps_produsen,13500.0,Rp,BRS03,BD-PIHPS
2026-04-08,1771,harga_pihps_produsen,13350.0,Rp,BRS04,BD-PIHPS
2026-04-08,1771,harga_pihps_produsen,16000.0,Rp,BRS05,BD-PIHPS
2026-04-08,1771,harga_pihps_produsen,13500.0,Rp,BRS06,BD-PIHPS
2026-04-08,1771,harga_pihps_produsen,25500.0,Rp,CMR01,BD-PIHPS
2026-04-08,1771,harga_pihps_produsen,27650.0,Rp,CMR02,BD-PIHPS
2026-04-08,1771,harga_pihps_produsen,31350.0,Rp,CRW02,BD-PIHPS
2026-04-08,1771,harga_pihps_produsen,26000.0,Rp,DAY01,BD-PIHPS
2026-04-08,1771,harga_pihps_produsen,140000.0,Rp,DSP01,BD-PIHPS
2026-04-08,1771,harga_pihps_produsen,130000.0,Rp,DSP02,BD-PIHPS
2026-04-08,1771,harga_pihps_produsen,26500.0,Rp,TLR01,BD-PIHPS
2026-04-09,1771,harga_pihps,14250.0,Rp,BRS01,BD-PIHPS
2026-04-09,1771,harga_pihps,15650.0,Rp,BRS02,BD-PIHPS
2026-04-09,1771,harga_pihps,15350.0,Rp,BRS03,BD-PIHPS
2026-04-09,1771,harga_pihps,15650.0,Rp,BRS04,BD-PIHPS
2026-04-09,1771,harga_pihps,15800.0,Rp,BRS05,BD-PIHPS
2026-04-09,1771,harga_pihps,15900.0,Rp,BRS06,BD-PIHPS
2026-04-09,1771,harga_pihps,45900.0,Rp,BWM01,BD-PIHPS
2026-04-09,1771,harga_pihps,40150.0,Rp,BWP01,BD-PIHPS
2026-04-09,1771,harga_pihps,30400.0,Rp,CMR01,BD-PIHPS
2026-04-09,1771,harga_pihps,34400.0,Rp,CMR02,BD-PIHPS
2026-04-09,1771,harga_pihps,40750.0,Rp,CRW01,BD-PIHPS
2026-04-09,1771,harga_pihps,40300.0,Rp,CRW02,BD-PIHPS
2026-04-09,1771,harga_pihps,41000.0,Rp,DAY01,BD-PIHPS
2026-04-09,1771,harga_pihps,147500.0,Rp,DSP01,BD-PIHPS
2026-04-09,1771,harga_pihps,147500.0,Rp,DSP02,BD-PIHPS
2026-04-09,1771,harga_pihps,18900.0,Rp,GLP01,BD-PIHPS
2026-04-09,1771,harga_pihps,19200.0,Rp,GLP02,BD-PIHPS
2026-04-09,1771,harga_pihps,18150.0,Rp,MGR01,BD-PIHPS
2026-04-09,1771,harga_pihps,21900.0,Rp,MGR02,BD-PIHPS
2026-04-09,1771,harga_pihps,21900.0,Rp,MGR03,BD-PIHPS
2026-04-09,1771,harga_pihps,29100.0,Rp,TLR01,BD-PIHPS
2026-04-09,1771,harga_pihps_grosir,13650.0,Rp,BRS01,BD-PIHPS
2026-04-09,1771,harga_pihps_grosir,15000.0,Rp,BRS02,BD-PIHPS
2026-04-09,1771,harga_pihps_grosir,14900.0,Rp,BRS03,BD-PIHPS
2026-04-09,1771,harga_pihps_grosir,15250.0,Rp,BRS04,BD-PIHPS
2026-04-09,1771,harga_pihps_grosir,15100.0,Rp,BRS05,BD-PIHPS
2026-04-09,1771,harga_pihps_grosir,15450.0,Rp,BRS06,BD-PIHPS
2026-04-09,1771,harga_pihps_grosir,40000.0,Rp,BWM01,BD-PIHPS
2026-04-09,1771,harga_pihps_grosir,34000.0,Rp,BWP01,BD-PIHPS
2026-04-09,1771,harga_pihps_grosir,22500.0,Rp,CMR01,BD-PIHPS
2026-04-09,1771,harga_pihps_grosir,26500.0,Rp,CMR02,BD-PIHPS
2026-04-09,1771,harga_pihps_grosir,35000.0,Rp,CRW01,BD-PIHPS
2026-04-09,1771,harga_pihps_grosir,43700.0,Rp,CRW02,BD-PIHPS
2026-04-09,1771,harga_pihps_grosir,39500.0,Rp,DAY01,BD-PIHPS
2026-04-09,1771,harga_pihps_grosir,132500.0,Rp,DSP01,BD-PIHPS
2026-04-09,1771,harga_pihps_grosir,132500.0,Rp,DSP02,BD-PIHPS
2026-04-09,1771,harga_pihps_grosir,17750.0,Rp,GLP01,BD-PIHPS
2026-04-09,1771,harga_pihps_grosir,17500.0,Rp,MGR01,BD-PIHPS
2026-04-09,1771,harga_pihps_grosir,20000.0,Rp,MGR02,BD-PIHPS
2026-04-09,1771,harga_pihps_grosir,20000.0,Rp,MGR03,BD-PIHPS
2026-04-09,1771,harga_pihps_grosir,28950.0,Rp,TLR01,BD-PIHPS
2026-04-09,1771,harga_pihps_modern,15450.0,Rp,BRS01,BD-PIHPS
2026-04-09,1771,harga_pihps_modern,15100.0,Rp,BRS02,BD-PIHPS
2026-04-09,1771,harga_pihps_modern,16350.0,Rp,BRS03,BD-PIHPS
2026-04-09,1771,harga_pihps_modern,15950.0,Rp,BRS04,BD-PIHPS
2026-04-09,1771,harga_pihps_modern,15050.0,Rp,BRS05,BD-PIHPS
2026-04-09,1771,harga_pihps_modern,17400.0,Rp,BRS06,BD-PIHPS
2026-04-09,1771,harga_pihps_modern,56950.0,Rp,BWM01,BD-PIHPS
2026-04-09,1771,harga_pihps_modern,47950.0,Rp,BWP01,BD-PIHPS
2026-04-09,1771,harga_pihps_modern,90450.0,Rp,CMR01,BD-PIHPS
2026-04-09,1771,harga_pihps_modern,67950.0,Rp,CMR02,BD-PIHPS
2026-04-09,1771,harga_pihps_modern,75450.0,Rp,CRW01,BD-PIHPS
2026-04-09,1771,harga_pihps_modern,74950.0,Rp,CRW02,BD-PIHPS
2026-04-09,1771,harga_pihps_modern,47450.0,Rp,DAY01,BD-PIHPS
2026-04-09,1771,harga_pihps_modern,152450.0,Rp,DSP01,BD-PIHPS
2026-04-09,1771,harga_pihps_modern,159950.0,Rp,DSP02,BD-PIHPS
2026-04-09,1771,harga_pihps_modern,17400.0,Rp,GLP01,BD-PIHPS
2026-04-09,1771,harga_pihps_modern,17000.0,Rp,GLP02,BD-PIHPS
2026-04-09,1771,harga_pihps_modern,22750.0,Rp,MGR02,BD-PIHPS
2026-04-09,1771,harga_pihps_modern,24800.0,Rp,MGR03,BD-PIHPS
2026-04-09,1771,harga_pihps_modern,28550.0,Rp,TLR01,BD-PIHPS
2026-04-09,1771,harga_pihps_produsen,13500.0,Rp,BRS03,BD-PIHPS
2026-04-09,1771,harga_pihps_produsen,13350.0,Rp,BRS04,BD-PIHPS
2026-04-09,1771,harga_pihps_produsen,16000.0,Rp,BRS05,BD-PIHPS
2026-04-09,1771,harga_pihps_produsen,13500.0,Rp,BRS06,BD-PIHPS
2026-04-09,1771,harga_pihps_produsen,25500.0,Rp,CMR01,BD-PIHPS
2026-04-09,1771,harga_pihps_produsen,27650.0,Rp,CMR02,BD-PIHPS
2026-04-09,1771,harga_pihps_produsen,31350.0,Rp,CRW02,BD-PIHPS
2026-04-09,1771,harga_pihps_produsen,26000.0,Rp,DAY01,BD-PIHPS
2026-04-09,1771,harga_pihps_produsen,140000.0,Rp,DSP01,BD-PIHPS
2026-04-09,1771,harga_pihps_produsen,130000.0,Rp,DSP02,BD-PIHPS
2026-04-09,1771,harga_pihps_produsen,26500.0,Rp,TLR01,BD-PIHPS
2026-04-10,1771,harga_pihps,14300.0,Rp,BRS01,BD-PIHPS
2026-04-10,1771,harga_pihps,15650.0,Rp,BRS02,BD-PIHPS
2026-04-10,1771,harga_pihps,15350.0,Rp,BRS03,BD-PIHPS
2026-04-10,1771,harga_pihps,15650.0,Rp,BRS04,BD-PIHPS
2026-04-10,1771,harga_pihps,15800.0,Rp,BRS05,BD-PIHPS
2026-04-10,1771,harga_pihps,15900.0,Rp,BRS06,BD-PIHPS
2026-04-10,1771,harga_pihps,45650.0,Rp,BWM01,BD-PIHPS
2026-04-10,1771,harga_pihps,39650.0,Rp,BWP01,BD-PIHPS
2026-04-10,1771,harga_pihps,29250.0,Rp,CMR01,BD-PIHPS
2026-04-10,1771,harga_pihps,33900.0,Rp,CMR02,BD-PIHPS
2026-04-10,1771,harga_pihps,42400.0,Rp,CRW01,BD-PIHPS
2026-04-10,1771,harga_pihps,41050.0,Rp,CRW02,BD-PIHPS
2026-04-10,1771,harga_pihps,40400.0,Rp,DAY01,BD-PIHPS
2026-04-10,1771,harga_pihps,146250.0,Rp,DSP01,BD-PIHPS
2026-04-10,1771,harga_pihps,145000.0,Rp,DSP02,BD-PIHPS
2026-04-10,1771,harga_pihps,19000.0,Rp,GLP01,BD-PIHPS
2026-04-10,1771,harga_pihps,19200.0,Rp,GLP02,BD-PIHPS
2026-04-10,1771,harga_pihps,18400.0,Rp,MGR01,BD-PIHPS
2026-04-10,1771,harga_pihps,22500.0,Rp,MGR02,BD-PIHPS
2026-04-10,1771,harga_pihps,22550.0,Rp,MGR03,BD-PIHPS
2026-04-10,1771,harga_pihps,29300.0,Rp,TLR01,BD-PIHPS
2026-04-10,1771,harga_pihps_grosir,13650.0,Rp,BRS01,BD-PIHPS
2026-04-10,1771,harga_pihps_grosir,15000.0,Rp,BRS02,BD-PIHPS
2026-04-10,1771,harga_pihps_grosir,14900.0,Rp,BRS03,BD-PIHPS
2026-04-10,1771,harga_pihps_grosir,15250.0,Rp,BRS04,BD-PIHPS
2026-04-10,1771,harga_pihps_grosir,15100.0,Rp,BRS05,BD-PIHPS
2026-04-10,1771,harga_pihps_grosir,15450.0,Rp,BRS06,BD-PIHPS
2026-04-10,1771,harga_pihps_grosir,40000.0,Rp,BWM01,BD-PIHPS
2026-04-10,1771,harga_pihps_grosir,34000.0,Rp,BWP01,BD-PIHPS
2026-04-10,1771,harga_pihps_grosir,22500.0,Rp,CMR01,BD-PIHPS
2026-04-10,1771,harga_pihps_grosir,26500.0,Rp,CMR02,BD-PIHPS
2026-04-10,1771,harga_pihps_grosir,35000.0,Rp,CRW01,BD-PIHPS
2026-04-10,1771,harga_pihps_grosir,43700.0,Rp,CRW02,BD-PIHPS
2026-04-10,1771,harga_pihps_grosir,39500.0,Rp,DAY01,BD-PIHPS
2026-04-10,1771,harga_pihps_grosir,132500.0,Rp,DSP01,BD-PIHPS
2026-04-10,1771,harga_pihps_grosir,132500.0,Rp,DSP02,BD-PIHPS
2026-04-10,1771,harga_pihps_grosir,17750.0,Rp,GLP01,BD-PIHPS
2026-04-10,1771,harga_pihps_grosir,17500.0,Rp,MGR01,BD-PIHPS
2026-04-10,1771,harga_pihps_grosir,20000.0,Rp,MGR02,BD-PIHPS
2026-04-10,1771,harga_pihps_grosir,20000.0,Rp,MGR03,BD-PIHPS
2026-04-10,1771,harga_pihps_grosir,28950.0,Rp,TLR01,BD-PIHPS
2026-04-10,1771,harga_pihps_modern,15450.0,Rp,BRS01,BD-PIHPS
2026-04-10,1771,harga_pihps_modern,15100.0,Rp,BRS02,BD-PIHPS
2026-04-10,1771,harga_pihps_modern,16350.0,Rp,BRS03,BD-PIHPS
2026-04-10,1771,harga_pihps_modern,15950.0,Rp,BRS04,BD-PIHPS
2026-04-10,1771,harga_pihps_modern,15050.0,Rp,BRS05,BD-PIHPS
2026-04-10,1771,harga_pihps_modern,17400.0,Rp,BRS06,BD-PIHPS
2026-04-10,1771,harga_pihps_modern,56950.0,Rp,BWM01,BD-PIHPS
2026-04-10,1771,harga_pihps_modern,47950.0,Rp,BWP01,BD-PIHPS
2026-04-10,1771,harga_pihps_modern,90450.0,Rp,CMR01,BD-PIHPS
2026-04-10,1771,harga_pihps_modern,67950.0,Rp,CMR02,BD-PIHPS
2026-04-10,1771,harga_pihps_modern,75450.0,Rp,CRW01,BD-PIHPS
2026-04-10,1771,harga_pihps_modern,74950.0,Rp,CRW02,BD-PIHPS
2026-04-10,1771,harga_pihps_modern,47450.0,Rp,DAY01,BD-PIHPS
2026-04-10,1771,harga_pihps_modern,152450.0,Rp,DSP01,BD-PIHPS
2026-04-10,1771,harga_pihps_modern,159950.0,Rp,DSP02,BD-PIHPS
2026-04-10,1771,harga_pihps_modern,17400.0,Rp,GLP01,BD-PIHPS
2026-04-10,1771,harga_pihps_modern,17000.0,Rp,GLP02,BD-PIHPS
2026-04-10,1771,harga_pihps_modern,22750.0,Rp,MGR02,BD-PIHPS
2026-04-10,1771,harga_pihps_modern,24800.0,Rp,MGR03,BD-PIHPS
2026-04-10,1771,harga_pihps_modern,28550.0,Rp,TLR01,BD-PIHPS
2026-04-10,1771,harga_pihps_produsen,13500.0,Rp,BRS03,BD-PIHPS
2026-04-10,1771,harga_pihps_produsen,13350.0,Rp,BRS04,BD-PIHPS
2026-04-10,1771,harga_pihps_produsen,16000.0,Rp,BRS05,BD-PIHPS
2026-04-10,1771,harga_pihps_produsen,13500.0,Rp,BRS06,BD-PIHPS
2026-04-10,1771,harga_pihps_produsen,25500.0,Rp,CMR01,BD-PIHPS
2026-04-10,1771,harga_pihps_produsen,27650.0,Rp,CMR02,BD-PIHPS
2026-04-10,1771,harga_pihps_produsen,31350.0,Rp,CRW02,BD-PIHPS
2026-04-10,1771,harga_pihps_produsen,26000.0,Rp,DAY01,BD-PIHPS
2026-04-10,1771,harga_pihps_produsen,140000.0,Rp,DSP01,BD-PIHPS
2026-04-10,1771,harga_pihps_produsen,130000.0,Rp,DSP02,BD-PIHPS
2026-04-10,1771,harga_pihps_produsen,26500.0,Rp,TLR01,BD-PIHPS
2026-04-13,1771,harga_pihps,14300.0,Rp,BRS01,BD-PIHPS
2026-04-13,1771,harga_pihps,15650.0,Rp,BRS02,BD-PIHPS
2026-04-13,1771,harga_pihps,15350.0,Rp,BRS03,BD-PIHPS
2026-04-13,1771,harga_pihps,15700.0,Rp,BRS04,BD-PIHPS
2026-04-13,1771,harga_pihps,15800.0,Rp,BRS05,BD-PIHPS
2026-04-13,1771,harga_pihps,15900.0,Rp,BRS06,BD-PIHPS
2026-04-13,1771,harga_pihps,45250.0,Rp,BWM01,BD-PIHPS
2026-04-13,1771,harga_pihps,39400.0,Rp,BWP01,BD-PIHPS
2026-04-13,1771,harga_pihps,30500.0,Rp,CMR01,BD-PIHPS
2026-04-13,1771,harga_pihps,35000.0,Rp,CMR02,BD-PIHPS
2026-04-13,1771,harga_pihps,43750.0,Rp,CRW01,BD-PIHPS
2026-04-13,1771,harga_pihps,41600.0,Rp,CRW02,BD-PIHPS
2026-04-13,1771,harga_pihps,38900.0,Rp,DAY01,BD-PIHPS
2026-04-13,1771,harga_pihps,146250.0,Rp,DSP01,BD-PIHPS
2026-04-13,1771,harga_pihps,145000.0,Rp,DSP02,BD-PIHPS
2026-04-13,1771,harga_pihps,19000.0,Rp,GLP01,BD-PIHPS
2026-04-13,1771,harga_pihps,19200.0,Rp,GLP02,BD-PIHPS
2026-04-13,1771,harga_pihps,18400.0,Rp,MGR01,BD-PIHPS
2026-04-13,1771,harga_pihps,22500.0,Rp,MGR02,BD-PIHPS
2026-04-13,1771,harga_pihps,22650.0,Rp,MGR03,BD-PIHPS
2026-04-13,1771,harga_pihps,29300.0,Rp,TLR01,BD-PIHPS
2026-04-13,1771,harga_pihps_grosir,13650.0,Rp,BRS01,BD-PIHPS
2026-04-13,1771,harga_pihps_grosir,15000.0,Rp,BRS02,BD-PIHPS
2026-04-13,1771,harga_pihps_grosir,14900.0,Rp,BRS03,BD-PIHPS
2026-04-13,1771,harga_pihps_grosir,15250.0,Rp,BRS04,BD-PIHPS
2026-04-13,1771,harga_pihps_grosir,15100.0,Rp,BRS05,BD-PIHPS
2026-04-13,1771,harga_pihps_grosir,15450.0,Rp,BRS06,BD-PIHPS
2026-04-13,1771,harga_pihps_grosir,40000.0,Rp,BWM01,BD-PIHPS
2026-04-13,1771,harga_pihps_grosir,34000.0,Rp,BWP01,BD-PIHPS
2026-04-13,1771,harga_pihps_grosir,22500.0,Rp,CMR01,BD-PIHPS
2026-04-13,1771,harga_pihps_grosir,26500.0,Rp,CMR02,BD-PIHPS
2026-04-13,1771,harga_pihps_grosir,35000.0,Rp,CRW01,BD-PIHPS
2026-04-13,1771,harga_pihps_grosir,43700.0,Rp,CRW02,BD-PIHPS
2026-04-13,1771,harga_pihps_grosir,39500.0,Rp,DAY01,BD-PIHPS
2026-04-13,1771,harga_pihps_grosir,132500.0,Rp,DSP01,BD-PIHPS
2026-04-13,1771,harga_pihps_grosir,132500.0,Rp,DSP02,BD-PIHPS
2026-04-13,1771,harga_pihps_grosir,17750.0,Rp,GLP01,BD-PIHPS
2026-04-13,1771,harga_pihps_grosir,17500.0,Rp,MGR01,BD-PIHPS
2026-04-13,1771,harga_pihps_grosir,20000.0,Rp,MGR02,BD-PIHPS
2026-04-13,1771,harga_pihps_grosir,20000.0,Rp,MGR03,BD-PIHPS
2026-04-13,1771,harga_pihps_grosir,28950.0,Rp,TLR01,BD-PIHPS
2026-04-13,1771,harga_pihps_modern,15450.0,Rp,BRS01,BD-PIHPS
2026-04-13,1771,harga_pihps_modern,15100.0,Rp,BRS02,BD-PIHPS
2026-04-13,1771,harga_pihps_modern,16350.0,Rp,BRS03,BD-PIHPS
2026-04-13,1771,harga_pihps_modern,15950.0,Rp,BRS04,BD-PIHPS
2026-04-13,1771,harga_pihps_modern,15050.0,Rp,BRS05,BD-PIHPS
2026-04-13,1771,harga_pihps_modern,17400.0,Rp,BRS06,BD-PIHPS
2026-04-13,1771,harga_pihps_modern,56950.0,Rp,BWM01,BD-PIHPS
2026-04-13,1771,harga_pihps_modern,47950.0,Rp,BWP01,BD-PIHPS
2026-04-13,1771,harga_pihps_modern,90450.0,Rp,CMR01,BD-PIHPS
2026-04-13,1771,harga_pihps_modern,67950.0,Rp,CMR02,BD-PIHPS
2026-04-13,1771,harga_pihps_modern,75450.0,Rp,CRW01,BD-PIHPS
2026-04-13,1771,harga_pihps_modern,74950.0,Rp,CRW02,BD-PIHPS
2026-04-13,1771,harga_pihps_modern,47450.0,Rp,DAY01,BD-PIHPS
2026-04-13,1771,harga_pihps_modern,152450.0,Rp,DSP01,BD-PIHPS
2026-04-13,1771,harga_pihps_modern,159950.0,Rp,DSP02,BD-PIHPS
2026-04-13,1771,harga_pihps_modern,17400.0,Rp,GLP01,BD-PIHPS
2026-04-13,1771,harga_pihps_modern,17000.0,Rp,GLP02,BD-PIHPS
2026-04-13,1771,harga_pihps_modern,22750.0,Rp,MGR02,BD-PIHPS
2026-04-13,1771,harga_pihps_modern,24800.0,Rp,MGR03,BD-PIHPS
2026-04-13,1771,harga_pihps_modern,28550.0,Rp,TLR01,BD-PIHPS
2026-04-13,1771,harga_pihps_produsen,13500.0,Rp,BRS03,BD-PIHPS
2026-04-13,1771,harga_pihps_produsen,13350.0,Rp,BRS04,BD-PIHPS
2026-04-13,1771,harga_pihps_produsen,16000.0,Rp,BRS05,BD-PIHPS
2026-04-13,1771,harga_pihps_produsen,13500.0,Rp,BRS06,BD-PIHPS
2026-04-13,1771,harga_pihps_produsen,25500.0,Rp,CMR01,BD-PIHPS
2026-04-13,1771,harga_pihps_produsen,27650.0,Rp,CMR02,BD-PIHPS
2026-04-13,1771,harga_pihps_produsen,31350.0,Rp,CRW02,BD-PIHPS
2026-04-13,1771,harga_pihps_produsen,26000.0,Rp,DAY01,BD-PIHPS
2026-04-13,1771,harga_pihps_produsen,140000.0,Rp,DSP01,BD-PIHPS
2026-04-13,1771,harga_pihps_produsen,130000.0,Rp,DSP02,BD-PIHPS
2026-04-13,1771,harga_pihps_produsen,26500.0,Rp,TLR01,BD-PIHPS
2026-04-14,1771,harga_pihps,14300.0,Rp,BRS01,BD-PIHPS
2026-04-14,1771,harga_pihps,15650.0,Rp,BRS02,BD-PIHPS
2026-04-14,1771,harga_pihps,15350.0,Rp,BRS03,BD-PIHPS
2026-04-14,1771,harga_pihps,15700.0,Rp,BRS04,BD-PIHPS
2026-04-14,1771,harga_pihps,15800.0,Rp,BRS05,BD-PIHPS
2026-04-14,1771,harga_pihps,15900.0,Rp,BRS06,BD-PIHPS
2026-04-14,1771,harga_pihps,45250.0,Rp,BWM01,BD-PIHPS
2026-04-14,1771,harga_pihps,39400.0,Rp,BWP01,BD-PIHPS
2026-04-14,1771,harga_pihps,30750.0,Rp,CMR01,BD-PIHPS
2026-04-14,1771,harga_pihps,35400.0,Rp,CMR02,BD-PIHPS
2026-04-14,1771,harga_pihps,43750.0,Rp,CRW01,BD-PIHPS
2026-04-14,1771,harga_pihps,42200.0,Rp,CRW02,BD-PIHPS
2026-04-14,1771,harga_pihps,38750.0,Rp,DAY01,BD-PIHPS
2026-04-14,1771,harga_pihps,146250.0,Rp,DSP01,BD-PIHPS
2026-04-14,1771,harga_pihps,145000.0,Rp,DSP02,BD-PIHPS
2026-04-14,1771,harga_pihps,19000.0,Rp,GLP01,BD-PIHPS
2026-04-14,1771,harga_pihps,19300.0,Rp,GLP02,BD-PIHPS
2026-04-14,1771,harga_pihps,18400.0,Rp,MGR01,BD-PIHPS
2026-04-14,1771,harga_pihps,22500.0,Rp,MGR02,BD-PIHPS
2026-04-14,1771,harga_pihps,22650.0,Rp,MGR03,BD-PIHPS
2026-04-14,1771,harga_pihps,29300.0,Rp,TLR01,BD-PIHPS
2026-04-14,1771,harga_pihps_grosir,13650.0,Rp,BRS01,BD-PIHPS
2026-04-14,1771,harga_pihps_grosir,15000.0,Rp,BRS02,BD-PIHPS
2026-04-14,1771,harga_pihps_grosir,14900.0,Rp,BRS03,BD-PIHPS
2026-04-14,1771,harga_pihps_grosir,15250.0,Rp,BRS04,BD-PIHPS
2026-04-14,1771,harga_pihps_grosir,15100.0,Rp,BRS05,BD-PIHPS
2026-04-14,1771,harga_pihps_grosir,15450.0,Rp,BRS06,BD-PIHPS
2026-04-14,1771,harga_pihps_grosir,40000.0,Rp,BWM01,BD-PIHPS
2026-04-14,1771,harga_pihps_grosir,34000.0,Rp,BWP01,BD-PIHPS
2026-04-14,1771,harga_pihps_grosir,22500.0,Rp,CMR01,BD-PIHPS
2026-04-14,1771,harga_pihps_grosir,26500.0,Rp,CMR02,BD-PIHPS
2026-04-14,1771,harga_pihps_grosir,35000.0,Rp,CRW01,BD-PIHPS
2026-04-14,1771,harga_pihps_grosir,43700.0,Rp,CRW02,BD-PIHPS
2026-04-14,1771,harga_pihps_grosir,39500.0,Rp,DAY01,BD-PIHPS
2026-04-14,1771,harga_pihps_grosir,132500.0,Rp,DSP01,BD-PIHPS
2026-04-14,1771,harga_pihps_grosir,132500.0,Rp,DSP02,BD-PIHPS
2026-04-14,1771,harga_pihps_grosir,17750.0,Rp,GLP01,BD-PIHPS
2026-04-14,1771,harga_pihps_grosir,17500.0,Rp,MGR01,BD-PIHPS
2026-04-14,1771,harga_pihps_grosir,20000.0,Rp,MGR02,BD-PIHPS
2026-04-14,1771,harga_pihps_grosir,20000.0,Rp,MGR03,BD-PIHPS
2026-04-14,1771,harga_pihps_grosir,28950.0,Rp,TLR01,BD-PIHPS
2026-04-14,1771,harga_pihps_modern,15450.0,Rp,BRS01,BD-PIHPS
2026-04-14,1771,harga_pihps_modern,15100.0,Rp,BRS02,BD-PIHPS
2026-04-14,1771,harga_pihps_modern,16350.0,Rp,BRS03,BD-PIHPS
2026-04-14,1771,harga_pihps_modern,15950.0,Rp,BRS04,BD-PIHPS
2026-04-14,1771,harga_pihps_modern,15050.0,Rp,BRS05,BD-PIHPS
2026-04-14,1771,harga_pihps_modern,17400.0,Rp,BRS06,BD-PIHPS
2026-04-14,1771,harga_pihps_modern,56950.0,Rp,BWM01,BD-PIHPS
2026-04-14,1771,harga_pihps_modern,47950.0,Rp,BWP01,BD-PIHPS
2026-04-14,1771,harga_pihps_modern,90450.0,Rp,CMR01,BD-PIHPS
2026-04-14,1771,harga_pihps_modern,67950.0,Rp,CMR02,BD-PIHPS
2026-04-14,1771,harga_pihps_modern,75450.0,Rp,CRW01,BD-PIHPS
2026-04-14,1771,harga_pihps_modern,74950.0,Rp,CRW02,BD-PIHPS
2026-04-14,1771,harga_pihps_modern,47450.0,Rp,DAY01,BD-PIHPS
2026-04-14,1771,harga_pihps_modern,152450.0,Rp,DSP01,BD-PIHPS
2026-04-14,1771,harga_pihps_modern,159950.0,Rp,DSP02,BD-PIHPS
2026-04-14,1771,harga_pihps_modern,17400.0,Rp,GLP01,BD-PIHPS
2026-04-14,1771,harga_pihps_modern,17000.0,Rp,GLP02,BD-PIHPS
2026-04-14,1771,harga_pihps_modern,22750.0,Rp,MGR02,BD-PIHPS
2026-04-14,1771,harga_pihps_modern,24800.0,Rp,MGR03,BD-PIHPS
2026-04-14,1771,harga_pihps_modern,28550.0,Rp,TLR01,BD-PIHPS
2026-04-14,1771,harga_pihps_produsen,13500.0,Rp,BRS03,BD-PIHPS
2026-04-14,1771,harga_pihps_produsen,13350.0,Rp,BRS04,BD-PIHPS
2026-04-14,1771,harga_pihps_produsen,16000.0,Rp,BRS05,BD-PIHPS
2026-04-14,1771,harga_pihps_produsen,13500.0,Rp,BRS06,BD-PIHPS
2026-04-14,1771,harga_pihps_produsen,25500.0,Rp,CMR01,BD-PIHPS
2026-04-14,1771,harga_pihps_produsen,27650.0,Rp,CMR02,BD-PIHPS
2026-04-14,1771,harga_pihps_produsen,31350.0,Rp,CRW02,BD-PIHPS
2026-04-14,1771,harga_pihps_produsen,26000.0,Rp,DAY01,BD-PIHPS
2026-04-14,1771,harga_pihps_produsen,140000.0,Rp,DSP01,BD-PIHPS
2026-04-14,1771,harga_pihps_produsen,130000.0,Rp,DSP02,BD-PIHPS
2026-04-14,1771,harga_pihps_produsen,26500.0,Rp,TLR01,BD-PIHPS
2026-04-15,1771,harga_pihps,14300.0,Rp,BRS01,BD-PIHPS
2026-04-15,1771,harga_pihps,15650.0,Rp,BRS02,BD-PIHPS
2026-04-15,1771,harga_pihps,15350.0,Rp,BRS03,BD-PIHPS
2026-04-15,1771,harga_pihps,15700.0,Rp,BRS04,BD-PIHPS
2026-04-15,1771,harga_pihps,15800.0,Rp,BRS05,BD-PIHPS
2026-04-15,1771,harga_pihps,15900.0,Rp,BRS06,BD-PIHPS
2026-04-15,1771,harga_pihps,45250.0,Rp,BWM01,BD-PIHPS
2026-04-15,1771,harga_pihps,39750.0,Rp,BWP01,BD-PIHPS
2026-04-15,1771,harga_pihps,29900.0,Rp,CMR01,BD-PIHPS
2026-04-15,1771,harga_pihps,34250.0,Rp,CMR02,BD-PIHPS
2026-04-15,1771,harga_pihps,42900.0,Rp,CRW01,BD-PIHPS
2026-04-15,1771,harga_pihps,43400.0,Rp,CRW02,BD-PIHPS
2026-04-15,1771,harga_pihps,38750.0,Rp,DAY01,BD-PIHPS
2026-04-15,1771,harga_pihps,146250.0,Rp,DSP01,BD-PIHPS
2026-04-15,1771,harga_pihps,145000.0,Rp,DSP02,BD-PIHPS
2026-04-15,1771,harga_pihps,19000.0,Rp,GLP01,BD-PIHPS
2026-04-15,1771,harga_pihps,19300.0,Rp,GLP02,BD-PIHPS
2026-04-15,1771,harga_pihps,18400.0,Rp,MGR01,BD-PIHPS
2026-04-15,1771,harga_pihps,22500.0,Rp,MGR02,BD-PIHPS
2026-04-15,1771,harga_pihps,22650.0,Rp,MGR03,BD-PIHPS
2026-04-15,1771,harga_pihps,29300.0,Rp,TLR01,BD-PIHPS
2026-04-15,1771,harga_pihps_grosir,13650.0,Rp,BRS01,BD-PIHPS
2026-04-15,1771,harga_pihps_grosir,15000.0,Rp,BRS02,BD-PIHPS
2026-04-15,1771,harga_pihps_grosir,14900.0,Rp,BRS03,BD-PIHPS
2026-04-15,1771,harga_pihps_grosir,15250.0,Rp,BRS04,BD-PIHPS
2026-04-15,1771,harga_pihps_grosir,15100.0,Rp,BRS05,BD-PIHPS
2026-04-15,1771,harga_pihps_grosir,15450.0,Rp,BRS06,BD-PIHPS
2026-04-15,1771,harga_pihps_grosir,40000.0,Rp,BWM01,BD-PIHPS
2026-04-15,1771,harga_pihps_grosir,34000.0,Rp,BWP01,BD-PIHPS
2026-04-15,1771,harga_pihps_grosir,22500.0,Rp,CMR01,BD-PIHPS
2026-04-15,1771,harga_pihps_grosir,26500.0,Rp,CMR02,BD-PIHPS
2026-04-15,1771,harga_pihps_grosir,35000.0,Rp,CRW01,BD-PIHPS
2026-04-15,1771,harga_pihps_grosir,43700.0,Rp,CRW02,BD-PIHPS
2026-04-15,1771,harga_pihps_grosir,39500.0,Rp,DAY01,BD-PIHPS
2026-04-15,1771,harga_pihps_grosir,132500.0,Rp,DSP01,BD-PIHPS
2026-04-15,1771,harga_pihps_grosir,132500.0,Rp,DSP02,BD-PIHPS
2026-04-15,1771,harga_pihps_grosir,17750.0,Rp,GLP01,BD-PIHPS
2026-04-15,1771,harga_pihps_grosir,17500.0,Rp,MGR01,BD-PIHPS
2026-04-15,1771,harga_pihps_grosir,20000.0,Rp,MGR02,BD-PIHPS
2026-04-15,1771,harga_pihps_grosir,20000.0,Rp,MGR03,BD-PIHPS
2026-04-15,1771,harga_pihps_grosir,28950.0,Rp,TLR01,BD-PIHPS
2026-04-15,1771,harga_pihps_modern,15450.0,Rp,BRS01,BD-PIHPS
2026-04-15,1771,harga_pihps_modern,15100.0,Rp,BRS02,BD-PIHPS
2026-04-15,1771,harga_pihps_modern,16350.0,Rp,BRS03,BD-PIHPS
2026-04-15,1771,harga_pihps_modern,15950.0,Rp,BRS04,BD-PIHPS
2026-04-15,1771,harga_pihps_modern,15050.0,Rp,BRS05,BD-PIHPS
2026-04-15,1771,harga_pihps_modern,17400.0,Rp,BRS06,BD-PIHPS
2026-04-15,1771,harga_pihps_modern,56950.0,Rp,BWM01,BD-PIHPS
2026-04-15,1771,harga_pihps_modern,47950.0,Rp,BWP01,BD-PIHPS
2026-04-15,1771,harga_pihps_modern,90450.0,Rp,CMR01,BD-PIHPS
2026-04-15,1771,harga_pihps_modern,67950.0,Rp,CMR02,BD-PIHPS
2026-04-15,1771,harga_pihps_modern,75450.0,Rp,CRW01,BD-PIHPS
2026-04-15,1771,harga_pihps_modern,74950.0,Rp,CRW02,BD-PIHPS
2026-04-15,1771,harga_pihps_modern,47450.0,Rp,DAY01,BD-PIHPS
2026-04-15,1771,harga_pihps_modern,152450.0,Rp,DSP01,BD-PIHPS
2026-04-15,1771,harga_pihps_modern,159950.0,Rp,DSP02,BD-PIHPS
2026-04-15,1771,harga_pihps_modern,17400.0,Rp,GLP01,BD-PIHPS
2026-04-15,1771,harga_pihps_modern,17000.0,Rp,GLP02,BD-PIHPS
2026-04-15,1771,harga_pihps_modern,22750.0,Rp,MGR02,BD-PIHPS
2026-04-15,1771,harga_pihps_modern,24800.0,Rp,MGR03,BD-PIHPS
2026-04-15,1771,harga_pihps_modern,28550.0,Rp,TLR01,BD-PIHPS
2026-04-15,1771,harga_pihps_produsen,13500.0,Rp,BRS03,BD-PIHPS
2026-04-15,1771,harga_pihps_produsen,13350.0,Rp,BRS04,BD-PIHPS
2026-04-15,1771,harga_pihps_produsen,16000.0,Rp,BRS05,BD-PIHPS
2026-04-15,1771,harga_pihps_produsen,13500.0,Rp,BRS06,BD-PIHPS
2026-04-15,1771,harga_pihps_produsen,25500.0,Rp,CMR01,BD-PIHPS
2026-04-15,1771,harga_pihps_produsen,27650.0,Rp,CMR02,BD-PIHPS
2026-04-15,1771,harga_pihps_produsen,31350.0,Rp,CRW02,BD-PIHPS
2026-04-15,1771,harga_pihps_produsen,26000.0,Rp,DAY01,BD-PIHPS
2026-04-15,1771,harga_pihps_produsen,140000.0,Rp,DSP01,BD-PIHPS
2026-04-15,1771,harga_pihps_produsen,130000.0,Rp,DSP02,BD-PIHPS
2026-04-15,1771,harga_pihps_produsen,26500.0,Rp,TLR01,BD-PIHPS
2026-04-16,1771,harga_pihps,14350.0,Rp,BRS01,BD-PIHPS
2026-04-16,1771,harga_pihps,15700.0,Rp,BRS02,BD-PIHPS
2026-04-16,1771,harga_pihps,15350.0,Rp,BRS03,BD-PIHPS
2026-04-16,1771,harga_pihps,15800.0,Rp,BRS04,BD-PIHPS
2026-04-16,1771,harga_pihps,15800.0,Rp,BRS05,BD-PIHPS
2026-04-16,1771,harga_pihps,16000.0,Rp,BRS06,BD-PIHPS
2026-04-16,1771,harga_pihps,44650.0,Rp,BWM01,BD-PIHPS
2026-04-16,1771,harga_pihps,39250.0,Rp,BWP01,BD-PIHPS
2026-04-16,1771,harga_pihps,27650.0,Rp,CMR01,BD-PIHPS
2026-04-16,1771,harga_pihps,32900.0,Rp,CMR02,BD-PIHPS
2026-04-16,1771,harga_pihps,42150.0,Rp,CRW01,BD-PIHPS
2026-04-16,1771,harga_pihps,40100.0,Rp,CRW02,BD-PIHPS
2026-04-16,1771,harga_pihps,38750.0,Rp,DAY01,BD-PIHPS
2026-04-16,1771,harga_pihps,146250.0,Rp,DSP01,BD-PIHPS
2026-04-16,1771,harga_pihps,145000.0,Rp,DSP02,BD-PIHPS
2026-04-16,1771,harga_pihps,19000.0,Rp,GLP01,BD-PIHPS
2026-04-16,1771,harga_pihps,19300.0,Rp,GLP02,BD-PIHPS
2026-04-16,1771,harga_pihps,18400.0,Rp,MGR01,BD-PIHPS
2026-04-16,1771,harga_pihps,22500.0,Rp,MGR02,BD-PIHPS
2026-04-16,1771,harga_pihps,22650.0,Rp,MGR03,BD-PIHPS
2026-04-16,1771,harga_pihps,29300.0,Rp,TLR01,BD-PIHPS
2026-04-16,1771,harga_pihps_grosir,13650.0,Rp,BRS01,BD-PIHPS
2026-04-16,1771,harga_pihps_grosir,15000.0,Rp,BRS02,BD-PIHPS
2026-04-16,1771,harga_pihps_grosir,14900.0,Rp,BRS03,BD-PIHPS
2026-04-16,1771,harga_pihps_grosir,15300.0,Rp,BRS04,BD-PIHPS
2026-04-16,1771,harga_pihps_grosir,15100.0,Rp,BRS05,BD-PIHPS
2026-04-16,1771,harga_pihps_grosir,15450.0,Rp,BRS06,BD-PIHPS
2026-04-16,1771,harga_pihps_grosir,40000.0,Rp,BWM01,BD-PIHPS
2026-04-16,1771,harga_pihps_grosir,34000.0,Rp,BWP01,BD-PIHPS
2026-04-16,1771,harga_pihps_grosir,27500.0,Rp,CMR01,BD-PIHPS
2026-04-16,1771,harga_pihps_grosir,31250.0,Rp,CMR02,BD-PIHPS
2026-04-16,1771,harga_pihps_grosir,37500.0,Rp,CRW01,BD-PIHPS
2026-04-16,1771,harga_pihps_grosir,44700.0,Rp,CRW02,BD-PIHPS
2026-04-16,1771,harga_pihps_grosir,38250.0,Rp,DAY01,BD-PIHPS
2026-04-16,1771,harga_pihps_grosir,132500.0,Rp,DSP01,BD-PIHPS
2026-04-16,1771,harga_pihps_grosir,132500.0,Rp,DSP02,BD-PIHPS
2026-04-16,1771,harga_pihps_grosir,17750.0,Rp,GLP01,BD-PIHPS
2026-04-16,1771,harga_pihps_grosir,17500.0,Rp,MGR01,BD-PIHPS
2026-04-16,1771,harga_pihps_grosir,21250.0,Rp,MGR02,BD-PIHPS
2026-04-16,1771,harga_pihps_grosir,21000.0,Rp,MGR03,BD-PIHPS
2026-04-16,1771,harga_pihps_grosir,28950.0,Rp,TLR01,BD-PIHPS
2026-04-16,1771,harga_pihps_modern,15450.0,Rp,BRS01,BD-PIHPS
2026-04-16,1771,harga_pihps_modern,15100.0,Rp,BRS02,BD-PIHPS
2026-04-16,1771,harga_pihps_modern,16350.0,Rp,BRS03,BD-PIHPS
2026-04-16,1771,harga_pihps_modern,15950.0,Rp,BRS04,BD-PIHPS
2026-04-16,1771,harga_pihps_modern,15050.0,Rp,BRS05,BD-PIHPS
2026-04-16,1771,harga_pihps_modern,17400.0,Rp,BRS06,BD-PIHPS
2026-04-16,1771,harga_pihps_modern,56950.0,Rp,BWM01,BD-PIHPS
2026-04-16,1771,harga_pihps_modern,47950.0,Rp,BWP01,BD-PIHPS
2026-04-16,1771,harga_pihps_modern,90450.0,Rp,CMR01,BD-PIHPS
2026-04-16,1771,harga_pihps_modern,67950.0,Rp,CMR02,BD-PIHPS
2026-04-16,1771,harga_pihps_modern,75450.0,Rp,CRW01,BD-PIHPS
2026-04-16,1771,harga_pihps_modern,74950.0,Rp,CRW02,BD-PIHPS
2026-04-16,1771,harga_pihps_modern,47450.0,Rp,DAY01,BD-PIHPS
2026-04-16,1771,harga_pihps_modern,152450.0,Rp,DSP01,BD-PIHPS
2026-04-16,1771,harga_pihps_modern,159950.0,Rp,DSP02,BD-PIHPS
2026-04-16,1771,harga_pihps_modern,17400.0,Rp,GLP01,BD-PIHPS
2026-04-16,1771,harga_pihps_modern,17000.0,Rp,GLP02,BD-PIHPS
2026-04-16,1771,harga_pihps_modern,22750.0,Rp,MGR02,BD-PIHPS
2026-04-16,1771,harga_pihps_modern,24800.0,Rp,MGR03,BD-PIHPS
2026-04-16,1771,harga_pihps_modern,28550.0,Rp,TLR01,BD-PIHPS
2026-04-16,1771,harga_pihps_produsen,13500.0,Rp,BRS03,BD-PIHPS
2026-04-16,1771,harga_pihps_produsen,13350.0,Rp,BRS04,BD-PIHPS
2026-04-16,1771,harga_pihps_produsen,16000.0,Rp,BRS05,BD-PIHPS
2026-04-16,1771,harga_pihps_produsen,13500.0,Rp,BRS06,BD-PIHPS
2026-04-16,1771,harga_pihps_produsen,25500.0,Rp,CMR01,BD-PIHPS
2026-04-16,1771,harga_pihps_produsen,27650.0,Rp,CMR02,BD-PIHPS
2026-04-16,1771,harga_pihps_produsen,31350.0,Rp,CRW02,BD-PIHPS
2026-04-16,1771,harga_pihps_produsen,26000.0,Rp,DAY01,BD-PIHPS
2026-04-16,1771,harga_pihps_produsen,140000.0,Rp,DSP01,BD-PIHPS
2026-04-16,1771,harga_pihps_produsen,130000.0,Rp,DSP02,BD-PIHPS
2026-04-16,1771,harga_pihps_produsen,26500.0,Rp,TLR01,BD-PIHPS
2026-04-17,1771,harga_pihps,14350.0,Rp,BRS01,BD-PIHPS
2026-04-17,1771,harga_pihps,15700.0,Rp,BRS02,BD-PIHPS
2026-04-17,1771,harga_pihps,15350.0,Rp,BRS03,BD-PIHPS
2026-04-17,1771,harga_pihps,15800.0,Rp,BRS04,BD-PIHPS
2026-04-17,1771,harga_pihps,15800.0,Rp,BRS05,BD-PIHPS
2026-04-17,1771,harga_pihps,16000.0,Rp,BRS06,BD-PIHPS
2026-04-17,1771,harga_pihps,44650.0,Rp,BWM01,BD-PIHPS
2026-04-17,1771,harga_pihps,39150.0,Rp,BWP01,BD-PIHPS
2026-04-17,1771,harga_pihps,28650.0,Rp,CMR01,BD-PIHPS
2026-04-17,1771,harga_pihps,32900.0,Rp,CMR02,BD-PIHPS
2026-04-17,1771,harga_pihps,41900.0,Rp,CRW01,BD-PIHPS
2026-04-17,1771,harga_pihps,41000.0,Rp,CRW02,BD-PIHPS
2026-04-17,1771,harga_pihps,38750.0,Rp,DAY01,BD-PIHPS
2026-04-17,1771,harga_pihps,146250.0,Rp,DSP01,BD-PIHPS
2026-04-17,1771,harga_pihps,145000.0,Rp,DSP02,BD-PIHPS
2026-04-17,1771,harga_pihps,19000.0,Rp,GLP01,BD-PIHPS
2026-04-17,1771,harga_pihps,19300.0,Rp,GLP02,BD-PIHPS
2026-04-17,1771,harga_pihps,18400.0,Rp,MGR01,BD-PIHPS
2026-04-17,1771,harga_pihps,22650.0,Rp,MGR02,BD-PIHPS
2026-04-17,1771,harga_pihps,22650.0,Rp,MGR03,BD-PIHPS
2026-04-17,1771,harga_pihps,29300.0,Rp,TLR01,BD-PIHPS
2026-04-17,1771,harga_pihps_grosir,13650.0,Rp,BRS01,BD-PIHPS
2026-04-17,1771,harga_pihps_grosir,15000.0,Rp,BRS02,BD-PIHPS
2026-04-17,1771,harga_pihps_grosir,14900.0,Rp,BRS03,BD-PIHPS
2026-04-17,1771,harga_pihps_grosir,15300.0,Rp,BRS04,BD-PIHPS
2026-04-17,1771,harga_pihps_grosir,15100.0,Rp,BRS05,BD-PIHPS
2026-04-17,1771,harga_pihps_grosir,15450.0,Rp,BRS06,BD-PIHPS
2026-04-17,1771,harga_pihps_grosir,40000.0,Rp,BWM01,BD-PIHPS
2026-04-17,1771,harga_pihps_grosir,34000.0,Rp,BWP01,BD-PIHPS
2026-04-17,1771,harga_pihps_grosir,27500.0,Rp,CMR01,BD-PIHPS
2026-04-17,1771,harga_pihps_grosir,31250.0,Rp,CMR02,BD-PIHPS
2026-04-17,1771,harga_pihps_grosir,37500.0,Rp,CRW01,BD-PIHPS
2026-04-17,1771,harga_pihps_grosir,44700.0,Rp,CRW02,BD-PIHPS
2026-04-17,1771,harga_pihps_grosir,38250.0,Rp,DAY01,BD-PIHPS
2026-04-17,1771,harga_pihps_grosir,132500.0,Rp,DSP01,BD-PIHPS
2026-04-17,1771,harga_pihps_grosir,132500.0,Rp,DSP02,BD-PIHPS
2026-04-17,1771,harga_pihps_grosir,17750.0,Rp,GLP01,BD-PIHPS
2026-04-17,1771,harga_pihps_grosir,17500.0,Rp,MGR01,BD-PIHPS
2026-04-17,1771,harga_pihps_grosir,21250.0,Rp,MGR02,BD-PIHPS
2026-04-17,1771,harga_pihps_grosir,21000.0,Rp,MGR03,BD-PIHPS
2026-04-17,1771,harga_pihps_grosir,28950.0,Rp,TLR01,BD-PIHPS
2026-04-17,1771,harga_pihps_modern,15450.0,Rp,BRS01,BD-PIHPS
2026-04-17,1771,harga_pihps_modern,15100.0,Rp,BRS02,BD-PIHPS
2026-04-17,1771,harga_pihps_modern,16350.0,Rp,BRS03,BD-PIHPS
2026-04-17,1771,harga_pihps_modern,15950.0,Rp,BRS04,BD-PIHPS
2026-04-17,1771,harga_pihps_modern,15050.0,Rp,BRS05,BD-PIHPS
2026-04-17,1771,harga_pihps_modern,17400.0,Rp,BRS06,BD-PIHPS
2026-04-17,1771,harga_pihps_modern,56950.0,Rp,BWM01,BD-PIHPS
2026-04-17,1771,harga_pihps_modern,47950.0,Rp,BWP01,BD-PIHPS
2026-04-17,1771,harga_pihps_modern,90450.0,Rp,CMR01,BD-PIHPS
2026-04-17,1771,harga_pihps_modern,67950.0,Rp,CMR02,BD-PIHPS
2026-04-17,1771,harga_pihps_modern,75450.0,Rp,CRW01,BD-PIHPS
2026-04-17,1771,harga_pihps_modern,74950.0,Rp,CRW02,BD-PIHPS
2026-04-17,1771,harga_pihps_modern,47450.0,Rp,DAY01,BD-PIHPS
2026-04-17,1771,harga_pihps_modern,152450.0,Rp,DSP01,BD-PIHPS
2026-04-17,1771,harga_pihps_modern,159950.0,Rp,DSP02,BD-PIHPS
2026-04-17,1771,harga_pihps_modern,17400.0,Rp,GLP01,BD-PIHPS
2026-04-17,1771,harga_pihps_modern,17000.0,Rp,GLP02,BD-PIHPS
2026-04-17,1771,harga_pihps_modern,22750.0,Rp,MGR02,BD-PIHPS
2026-04-17,1771,harga_pihps_modern,24800.0,Rp,MGR03,BD-PIHPS
2026-04-17,1771,harga_pihps_modern,28550.0,Rp,TLR01,BD-PIHPS
2026-04-17,1771,harga_pihps_produsen,13500.0,Rp,BRS03,BD-PIHPS
2026-04-17,1771,harga_pihps_produsen,13350.0,Rp,BRS04,BD-PIHPS
2026-04-17,1771,harga_pihps_produsen,16000.0,Rp,BRS05,BD-PIHPS
2026-04-17,1771,harga_pihps_produsen,13500.0,Rp,BRS06,BD-PIHPS
2026-04-17,1771,harga_pihps_produsen,25500.0,Rp,CMR01,BD-PIHPS
2026-04-17,1771,harga_pihps_produsen,27650.0,Rp,CMR02,BD-PIHPS
2026-04-17,1771,harga_pihps_produsen,31350.0,Rp,CRW02,BD-PIHPS
2026-04-17,1771,harga_pihps_produsen,26000.0,Rp,DAY01,BD-PIHPS
2026-04-17,1771,harga_pihps_produsen,140000.0,Rp,DSP01,BD-PIHPS
2026-04-17,1771,harga_pihps_produsen,130000.0,Rp,DSP02,BD-PIHPS
2026-04-17,1771,harga_pihps_produsen,26500.0,Rp,TLR01,BD-PIHPS
2026-04-20,1771,harga_pihps,14350.0,Rp,BRS01,BD-PIHPS
2026-04-20,1771,harga_pihps,15700.0,Rp,BRS02,BD-PIHPS
2026-04-20,1771,harga_pihps,15350.0,Rp,BRS03,BD-PIHPS
2026-04-20,1771,harga_pihps,15800.0,Rp,BRS04,BD-PIHPS
2026-04-20,1771,harga_pihps,15800.0,Rp,BRS05,BD-PIHPS
2026-04-20,1771,harga_pihps,16000.0,Rp,BRS06,BD-PIHPS
2026-04-20,1771,harga_pihps,44500.0,Rp,BWM01,BD-PIHPS
2026-04-20,1771,harga_pihps,38650.0,Rp,BWP01,BD-PIHPS
2026-04-20,1771,harga_pihps,32750.0,Rp,CMR01,BD-PIHPS
2026-04-20,1771,harga_pihps,37400.0,Rp,CMR02,BD-PIHPS
2026-04-20,1771,harga_pihps,40500.0,Rp,CRW01,BD-PIHPS
2026-04-20,1771,harga_pihps,40000.0,Rp,CRW02,BD-PIHPS
2026-04-20,1771,harga_pihps,37500.0,Rp,DAY01,BD-PIHPS
2026-04-20,1771,harga_pihps,146250.0,Rp,DSP01,BD-PIHPS
2026-04-20,1771,harga_pihps,145000.0,Rp,DSP02,BD-PIHPS
2026-04-20,1771,harga_pihps,19000.0,Rp,GLP01,BD-PIHPS
2026-04-20,1771,harga_pihps,19300.0,Rp,GLP02,BD-PIHPS
2026-04-20,1771,harga_pihps,18400.0,Rp,MGR01,BD-PIHPS
2026-04-20,1771,harga_pihps,22950.0,Rp,MGR02,BD-PIHPS
2026-04-20,1771,harga_pihps,23000.0,Rp,MGR03,BD-PIHPS
2026-04-20,1771,harga_pihps,29300.0,Rp,TLR01,BD-PIHPS
2026-04-20,1771,harga_pihps_grosir,13650.0,Rp,BRS01,BD-PIHPS
2026-04-20,1771,harga_pihps_grosir,15000.0,Rp,BRS02,BD-PIHPS
2026-04-20,1771,harga_pihps_grosir,14900.0,Rp,BRS03,BD-PIHPS
2026-04-20,1771,harga_pihps_grosir,15300.0,Rp,BRS04,BD-PIHPS
2026-04-20,1771,harga_pihps_grosir,15100.0,Rp,BRS05,BD-PIHPS
2026-04-20,1771,harga_pihps_grosir,15450.0,Rp,BRS06,BD-PIHPS
2026-04-20,1771,harga_pihps_grosir,40000.0,Rp,BWM01,BD-PIHPS
2026-04-20,1771,harga_pihps_grosir,34000.0,Rp,BWP01,BD-PIHPS
2026-04-20,1771,harga_pihps_grosir,27500.0,Rp,CMR01,BD-PIHPS
2026-04-20,1771,harga_pihps_grosir,31250.0,Rp,CMR02,BD-PIHPS
2026-04-20,1771,harga_pihps_grosir,37500.0,Rp,CRW01,BD-PIHPS
2026-04-20,1771,harga_pihps_grosir,44700.0,Rp,CRW02,BD-PIHPS
2026-04-20,1771,harga_pihps_grosir,38250.0,Rp,DAY01,BD-PIHPS
2026-04-20,1771,harga_pihps_grosir,132500.0,Rp,DSP01,BD-PIHPS
2026-04-20,1771,harga_pihps_grosir,132500.0,Rp,DSP02,BD-PIHPS
2026-04-20,1771,harga_pihps_grosir,17750.0,Rp,GLP01,BD-PIHPS
2026-04-20,1771,harga_pihps_grosir,17500.0,Rp,MGR01,BD-PIHPS
2026-04-20,1771,harga_pihps_grosir,21250.0,Rp,MGR02,BD-PIHPS
2026-04-20,1771,harga_pihps_grosir,21000.0,Rp,MGR03,BD-PIHPS
2026-04-20,1771,harga_pihps_grosir,28950.0,Rp,TLR01,BD-PIHPS
2026-04-20,1771,harga_pihps_modern,15450.0,Rp,BRS01,BD-PIHPS
2026-04-20,1771,harga_pihps_modern,15100.0,Rp,BRS02,BD-PIHPS
2026-04-20,1771,harga_pihps_modern,16350.0,Rp,BRS03,BD-PIHPS
2026-04-20,1771,harga_pihps_modern,15950.0,Rp,BRS04,BD-PIHPS
2026-04-20,1771,harga_pihps_modern,15050.0,Rp,BRS05,BD-PIHPS
2026-04-20,1771,harga_pihps_modern,17400.0,Rp,BRS06,BD-PIHPS
2026-04-20,1771,harga_pihps_modern,56950.0,Rp,BWM01,BD-PIHPS
2026-04-20,1771,harga_pihps_modern,47950.0,Rp,BWP01,BD-PIHPS
2026-04-20,1771,harga_pihps_modern,90450.0,Rp,CMR01,BD-PIHPS
2026-04-20,1771,harga_pihps_modern,67950.0,Rp,CMR02,BD-PIHPS
2026-04-20,1771,harga_pihps_modern,75450.0,Rp,CRW01,BD-PIHPS
2026-04-20,1771,harga_pihps_modern,74950.0,Rp,CRW02,BD-PIHPS
2026-04-20,1771,harga_pihps_modern,47450.0,Rp,DAY01,BD-PIHPS
2026-04-20,1771,harga_pihps_modern,152450.0,Rp,DSP01,BD-PIHPS
2026-04-20,1771,harga_pihps_modern,159950.0,Rp,DSP02,BD-PIHPS
2026-04-20,1771,harga_pihps_modern,17400.0,Rp,GLP01,BD-PIHPS
2026-04-20,1771,harga_pihps_modern,17000.0,Rp,GLP02,BD-PIHPS
2026-04-20,1771,harga_pihps_modern,22750.0,Rp,MGR02,BD-PIHPS
2026-04-20,1771,harga_pihps_modern,24800.0,Rp,MGR03,BD-PIHPS
2026-04-20,1771,harga_pihps_modern,28550.0,Rp,TLR01,BD-PIHPS
2026-04-20,1771,harga_pihps_produsen,13500.0,Rp,BRS03,BD-PIHPS
2026-04-20,1771,harga_pihps_produsen,13350.0,Rp,BRS04,BD-PIHPS
2026-04-20,1771,harga_pihps_produsen,16000.0,Rp,BRS05,BD-PIHPS
2026-04-20,1771,harga_pihps_produsen,13500.0,Rp,BRS06,BD-PIHPS
2026-04-20,1771,harga_pihps_produsen,25500.0,Rp,CMR01,BD-PIHPS
2026-04-20,1771,harga_pihps_produsen,27650.0,Rp,CMR02,BD-PIHPS
2026-04-20,1771,harga_pihps_produsen,31350.0,Rp,CRW02,BD-PIHPS
2026-04-20,1771,harga_pihps_produsen,26000.0,Rp,DAY01,BD-PIHPS
2026-04-20,1771,harga_pihps_produsen,140000.0,Rp,DSP01,BD-PIHPS
2026-04-20,1771,harga_pihps_produsen,130000.0,Rp,DSP02,BD-PIHPS
2026-04-20,1771,harga_pihps_produsen,26500.0,Rp,TLR01,BD-PIHPS
2026-04-21,1771,harga_pihps,14350.0,Rp,BRS01,BD-PIHPS
2026-04-21,1771,harga_pihps,15700.0,Rp,BRS02,BD-PIHPS
2026-04-21,1771,harga_pihps,15400.0,Rp,BRS03,BD-PIHPS
2026-04-21,1771,harga_pihps,15950.0,Rp,BRS04,BD-PIHPS
2026-04-21,1771,harga_pihps,15800.0,Rp,BRS05,BD-PIHPS
2026-04-21,1771,harga_pihps,16200.0,Rp,BRS06,BD-PIHPS
2026-04-21,1771,harga_pihps,44500.0,Rp,BWM01,BD-PIHPS
2026-04-21,1771,harga_pihps,38650.0,Rp,BWP01,BD-PIHPS
2026-04-21,1771,harga_pihps,35750.0,Rp,CMR01,BD-PIHPS
2026-04-21,1771,harga_pihps,41000.0,Rp,CMR02,BD-PIHPS
2026-04-21,1771,harga_pihps,39650.0,Rp,CRW01,BD-PIHPS
2026-04-21,1771,harga_pihps,38600.0,Rp,CRW02,BD-PIHPS
2026-04-21,1771,harga_pihps,37250.0,Rp,DAY01,BD-PIHPS
2026-04-21,1771,harga_pihps,146250.0,Rp,DSP01,BD-PIHPS
2026-04-21,1771,harga_pihps,145000.0,Rp,DSP02,BD-PIHPS
2026-04-21,1771,harga_pihps,19000.0,Rp,GLP01,BD-PIHPS
2026-04-21,1771,harga_pihps,19300.0,Rp,GLP02,BD-PIHPS
2026-04-21,1771,harga_pihps,18400.0,Rp,MGR01,BD-PIHPS
2026-04-21,1771,harga_pihps,22950.0,Rp,MGR02,BD-PIHPS
2026-04-21,1771,harga_pihps,23000.0,Rp,MGR03,BD-PIHPS
2026-04-21,1771,harga_pihps,29300.0,Rp,TLR01,BD-PIHPS
2026-04-21,1771,harga_pihps_grosir,13650.0,Rp,BRS01,BD-PIHPS
2026-04-21,1771,harga_pihps_grosir,15000.0,Rp,BRS02,BD-PIHPS
2026-04-21,1771,harga_pihps_grosir,14900.0,Rp,BRS03,BD-PIHPS
2026-04-21,1771,harga_pihps_grosir,15300.0,Rp,BRS04,BD-PIHPS
2026-04-21,1771,harga_pihps_grosir,15100.0,Rp,BRS05,BD-PIHPS
2026-04-21,1771,harga_pihps_grosir,15450.0,Rp,BRS06,BD-PIHPS
2026-04-21,1771,harga_pihps_grosir,40000.0,Rp,BWM01,BD-PIHPS
2026-04-21,1771,harga_pihps_grosir,34000.0,Rp,BWP01,BD-PIHPS
2026-04-21,1771,harga_pihps_grosir,27500.0,Rp,CMR01,BD-PIHPS
2026-04-21,1771,harga_pihps_grosir,31250.0,Rp,CMR02,BD-PIHPS
2026-04-21,1771,harga_pihps_grosir,37500.0,Rp,CRW01,BD-PIHPS
2026-04-21,1771,harga_pihps_grosir,44700.0,Rp,CRW02,BD-PIHPS
2026-04-21,1771,harga_pihps_grosir,38250.0,Rp,DAY01,BD-PIHPS
2026-04-21,1771,harga_pihps_grosir,132500.0,Rp,DSP01,BD-PIHPS
2026-04-21,1771,harga_pihps_grosir,132500.0,Rp,DSP02,BD-PIHPS
2026-04-21,1771,harga_pihps_grosir,17750.0,Rp,GLP01,BD-PIHPS
2026-04-21,1771,harga_pihps_grosir,17500.0,Rp,MGR01,BD-PIHPS
2026-04-21,1771,harga_pihps_grosir,21250.0,Rp,MGR02,BD-PIHPS
2026-04-21,1771,harga_pihps_grosir,21000.0,Rp,MGR03,BD-PIHPS
2026-04-21,1771,harga_pihps_grosir,28950.0,Rp,TLR01,BD-PIHPS
2026-04-21,1771,harga_pihps_modern,15450.0,Rp,BRS01,BD-PIHPS
2026-04-21,1771,harga_pihps_modern,15100.0,Rp,BRS02,BD-PIHPS
2026-04-21,1771,harga_pihps_modern,16350.0,Rp,BRS03,BD-PIHPS
2026-04-21,1771,harga_pihps_modern,15950.0,Rp,BRS04,BD-PIHPS
2026-04-21,1771,harga_pihps_modern,15050.0,Rp,BRS05,BD-PIHPS
2026-04-21,1771,harga_pihps_modern,17400.0,Rp,BRS06,BD-PIHPS
2026-04-21,1771,harga_pihps_modern,58450.0,Rp,BWM01,BD-PIHPS
2026-04-21,1771,harga_pihps_modern,47950.0,Rp,BWP01,BD-PIHPS
2026-04-21,1771,harga_pihps_modern,92950.0,Rp,CMR01,BD-PIHPS
2026-04-21,1771,harga_pihps_modern,69450.0,Rp,CMR02,BD-PIHPS
2026-04-21,1771,harga_pihps_modern,77950.0,Rp,CRW01,BD-PIHPS
2026-04-21,1771,harga_pihps_modern,77450.0,Rp,CRW02,BD-PIHPS
2026-04-21,1771,harga_pihps_modern,44400.0,Rp,DAY01,BD-PIHPS
2026-04-21,1771,harga_pihps_modern,134950.0,Rp,DSP01,BD-PIHPS
2026-04-21,1771,harga_pihps_modern,154950.0,Rp,DSP02,BD-PIHPS
2026-04-21,1771,harga_pihps_modern,17400.0,Rp,GLP01,BD-PIHPS
2026-04-21,1771,harga_pihps_modern,17000.0,Rp,GLP02,BD-PIHPS
2026-04-21,1771,harga_pihps_modern,22750.0,Rp,MGR02,BD-PIHPS
2026-04-21,1771,harga_pihps_modern,24800.0,Rp,MGR03,BD-PIHPS
2026-04-21,1771,harga_pihps_modern,28550.0,Rp,TLR01,BD-PIHPS
2026-04-21,1771,harga_pihps_produsen,13500.0,Rp,BRS03,BD-PIHPS
2026-04-21,1771,harga_pihps_produsen,13350.0,Rp,BRS04,BD-PIHPS
2026-04-21,1771,harga_pihps_produsen,16000.0,Rp,BRS05,BD-PIHPS
2026-04-21,1771,harga_pihps_produsen,13500.0,Rp,BRS06,BD-PIHPS
2026-04-21,1771,harga_pihps_produsen,25500.0,Rp,CMR01,BD-PIHPS
2026-04-21,1771,harga_pihps_produsen,27650.0,Rp,CMR02,BD-PIHPS
2026-04-21,1771,harga_pihps_produsen,31350.0,Rp,CRW02,BD-PIHPS
2026-04-21,1771,harga_pihps_produsen,26000.0,Rp,DAY01,BD-PIHPS
2026-04-21,1771,harga_pihps_produsen,140000.0,Rp,DSP01,BD-PIHPS
2026-04-21,1771,harga_pihps_produsen,130000.0,Rp,DSP02,BD-PIHPS
2026-04-21,1771,harga_pihps_produsen,26500.0,Rp,TLR01,BD-PIHPS
2026-04-22,1771,harga_pihps,14350.0,Rp,BRS01,BD-PIHPS
2026-04-22,1771,harga_pihps,15700.0,Rp,BRS02,BD-PIHPS
2026-04-22,1771,harga_pihps,15400.0,Rp,BRS03,BD-PIHPS
2026-04-22,1771,harga_pihps,15950.0,Rp,BRS04,BD-PIHPS
2026-04-22,1771,harga_pihps,15800.0,Rp,BRS05,BD-PIHPS
2026-04-22,1771,harga_pihps,16200.0,Rp,BRS06,BD-PIHPS
2026-04-22,1771,harga_pihps,44250.0,Rp,BWM01,BD-PIHPS
2026-04-22,1771,harga_pihps,38900.0,Rp,BWP01,BD-PIHPS
2026-04-22,1771,harga_pihps,37400.0,Rp,CMR01,BD-PIHPS
2026-04-22,1771,harga_pihps,42900.0,Rp,CMR02,BD-PIHPS
2026-04-22,1771,harga_pihps,41400.0,Rp,CRW01,BD-PIHPS
2026-04-22,1771,harga_pihps,38600.0,Rp,CRW02,BD-PIHPS
2026-04-22,1771,harga_pihps,35900.0,Rp,DAY01,BD-PIHPS
2026-04-22,1771,harga_pihps,146250.0,Rp,DSP01,BD-PIHPS
2026-04-22,1771,harga_pihps,145000.0,Rp,DSP02,BD-PIHPS
2026-04-22,1771,harga_pihps,19000.0,Rp,GLP01,BD-PIHPS
2026-04-22,1771,harga_pihps,19300.0,Rp,GLP02,BD-PIHPS
2026-04-22,1771,harga_pihps,18400.0,Rp,MGR01,BD-PIHPS
2026-04-22,1771,harga_pihps,23050.0,Rp,MGR02,BD-PIHPS
2026-04-22,1771,harga_pihps,23250.0,Rp,MGR03,BD-PIHPS
2026-04-22,1771,harga_pihps,29300.0,Rp,TLR01,BD-PIHPS
2026-04-22,1771,harga_pihps_grosir,13650.0,Rp,BRS01,BD-PIHPS
2026-04-22,1771,harga_pihps_grosir,15000.0,Rp,BRS02,BD-PIHPS
2026-04-22,1771,harga_pihps_grosir,14900.0,Rp,BRS03,BD-PIHPS
2026-04-22,1771,harga_pihps_grosir,15300.0,Rp,BRS04,BD-PIHPS
2026-04-22,1771,harga_pihps_grosir,15100.0,Rp,BRS05,BD-PIHPS
2026-04-22,1771,harga_pihps_grosir,15450.0,Rp,BRS06,BD-PIHPS
2026-04-22,1771,harga_pihps_grosir,40000.0,Rp,BWM01,BD-PIHPS
2026-04-22,1771,harga_pihps_grosir,34000.0,Rp,BWP01,BD-PIHPS
2026-04-22,1771,harga_pihps_grosir,27500.0,Rp,CMR01,BD-PIHPS
2026-04-22,1771,harga_pihps_grosir,31250.0,Rp,CMR02,BD-PIHPS
2026-04-22,1771,harga_pihps_grosir,37500.0,Rp,CRW01,BD-PIHPS
2026-04-22,1771,harga_pihps_grosir,44700.0,Rp,CRW02,BD-PIHPS
2026-04-22,1771,harga_pihps_grosir,38250.0,Rp,DAY01,BD-PIHPS
2026-04-22,1771,harga_pihps_grosir,132500.0,Rp,DSP01,BD-PIHPS
2026-04-22,1771,harga_pihps_grosir,132500.0,Rp,DSP02,BD-PIHPS
2026-04-22,1771,harga_pihps_grosir,17750.0,Rp,GLP01,BD-PIHPS
2026-04-22,1771,harga_pihps_grosir,17500.0,Rp,MGR01,BD-PIHPS
2026-04-22,1771,harga_pihps_grosir,21250.0,Rp,MGR02,BD-PIHPS
2026-04-22,1771,harga_pihps_grosir,21000.0,Rp,MGR03,BD-PIHPS
2026-04-22,1771,harga_pihps_grosir,28950.0,Rp,TLR01,BD-PIHPS
2026-04-22,1771,harga_pihps_modern,15450.0,Rp,BRS01,BD-PIHPS
2026-04-22,1771,harga_pihps_modern,15100.0,Rp,BRS02,BD-PIHPS
2026-04-22,1771,harga_pihps_modern,16350.0,Rp,BRS03,BD-PIHPS
2026-04-22,1771,harga_pihps_modern,15950.0,Rp,BRS04,BD-PIHPS
2026-04-22,1771,harga_pihps_modern,15050.0,Rp,BRS05,BD-PIHPS
2026-04-22,1771,harga_pihps_modern,17400.0,Rp,BRS06,BD-PIHPS
2026-04-22,1771,harga_pihps_modern,58450.0,Rp,BWM01,BD-PIHPS
2026-04-22,1771,harga_pihps_modern,47950.0,Rp,BWP01,BD-PIHPS
2026-04-22,1771,harga_pihps_modern,92950.0,Rp,CMR01,BD-PIHPS
2026-04-22,1771,harga_pihps_modern,69450.0,Rp,CMR02,BD-PIHPS
2026-04-22,1771,harga_pihps_modern,77950.0,Rp,CRW01,BD-PIHPS
2026-04-22,1771,harga_pihps_modern,77450.0,Rp,CRW02,BD-PIHPS
2026-04-22,1771,harga_pihps_modern,44400.0,Rp,DAY01,BD-PIHPS
2026-04-22,1771,harga_pihps_modern,134950.0,Rp,DSP01,BD-PIHPS
2026-04-22,1771,harga_pihps_modern,154950.0,Rp,DSP02,BD-PIHPS
2026-04-22,1771,harga_pihps_modern,17400.0,Rp,GLP01,BD-PIHPS
2026-04-22,1771,harga_pihps_modern,17000.0,Rp,GLP02,BD-PIHPS
2026-04-22,1771,harga_pihps_modern,22750.0,Rp,MGR02,BD-PIHPS
2026-04-22,1771,harga_pihps_modern,24800.0,Rp,MGR03,BD-PIHPS
2026-04-22,1771,harga_pihps_modern,28550.0,Rp,TLR01,BD-PIHPS
2026-04-22,1771,harga_pihps_produsen,13500.0,Rp,BRS03,BD-PIHPS
2026-04-22,1771,harga_pihps_produsen,13350.0,Rp,BRS04,BD-PIHPS
2026-04-22,1771,harga_pihps_produsen,16000.0,Rp,BRS05,BD-PIHPS
2026-04-22,1771,harga_pihps_produsen,13500.0,Rp,BRS06,BD-PIHPS
2026-04-22,1771,harga_pihps_produsen,25500.0,Rp,CMR01,BD-PIHPS
2026-04-22,1771,harga_pihps_produsen,27650.0,Rp,CMR02,BD-PIHPS
2026-04-22,1771,harga_pihps_produsen,31350.0,Rp,CRW02,BD-PIHPS
2026-04-22,1771,harga_pihps_produsen,26000.0,Rp,DAY01,BD-PIHPS
2026-04-22,1771,harga_pihps_produsen,140000.0,Rp,DSP01,BD-PIHPS
2026-04-22,1771,harga_pihps_produsen,130000.0,Rp,DSP02,BD-PIHPS
2026-04-22,1771,harga_pihps_produsen,26500.0,Rp,TLR01,BD-PIHPS
2026-04-23,1771,harga_pihps,14350.0,Rp,BRS01,BD-PIHPS
2026-04-23,1771,harga_pihps,15700.0,Rp,BRS02,BD-PIHPS
2026-04-23,1771,harga_pihps,15400.0,Rp,BRS03,BD-PIHPS
2026-04-23,1771,harga_pihps,15950.0,Rp,BRS04,BD-PIHPS
2026-04-23,1771,harga_pihps,15800.0,Rp,BRS05,BD-PIHPS
2026-04-23,1771,harga_pihps,16200.0,Rp,BRS06,BD-PIHPS
2026-04-23,1771,harga_pihps,44250.0,Rp,BWM01,BD-PIHPS
2026-04-23,1771,harga_pihps,38750.0,Rp,BWP01,BD-PIHPS
2026-04-23,1771,harga_pihps,37900.0,Rp,CMR01,BD-PIHPS
2026-04-23,1771,harga_pihps,44000.0,Rp,CMR02,BD-PIHPS
2026-04-23,1771,harga_pihps,42400.0,Rp,CRW01,BD-PIHPS
2026-04-23,1771,harga_pihps,38750.0,Rp,CRW02,BD-PIHPS
2026-04-23,1771,harga_pihps,35650.0,Rp,DAY01,BD-PIHPS
2026-04-23,1771,harga_pihps,146250.0,Rp,DSP01,BD-PIHPS
2026-04-23,1771,harga_pihps,145000.0,Rp,DSP02,BD-PIHPS
2026-04-23,1771,harga_pihps,19000.0,Rp,GLP01,BD-PIHPS
2026-04-23,1771,harga_pihps,19300.0,Rp,GLP02,BD-PIHPS
2026-04-23,1771,harga_pihps,18400.0,Rp,MGR01,BD-PIHPS
2026-04-23,1771,harga_pihps,23300.0,Rp,MGR02,BD-PIHPS
2026-04-23,1771,harga_pihps,23400.0,Rp,MGR03,BD-PIHPS
2026-04-23,1771,harga_pihps,29300.0,Rp,TLR01,BD-PIHPS
2026-04-23,1771,harga_pihps_grosir,13900.0,Rp,BRS01,BD-PIHPS
2026-04-23,1771,harga_pihps_grosir,15150.0,Rp,BRS02,BD-PIHPS
2026-04-23,1771,harga_pihps_grosir,15150.0,Rp,BRS03,BD-PIHPS
2026-04-23,1771,harga_pihps_grosir,15300.0,Rp,BRS04,BD-PIHPS
2026-04-23,1771,harga_pihps_grosir,15100.0,Rp,BRS05,BD-PIHPS
2026-04-23,1771,harga_pihps_grosir,15600.0,Rp,BRS06,BD-PIHPS
2026-04-23,1771,harga_pihps_grosir,40000.0,Rp,BWM01,BD-PIHPS
2026-04-23,1771,harga_pihps_grosir,34000.0,Rp,BWP01,BD-PIHPS
2026-04-23,1771,harga_pihps_grosir,33500.0,Rp,CMR01,BD-PIHPS
2026-04-23,1771,harga_pihps_grosir,36500.0,Rp,CMR02,BD-PIHPS
2026-04-23,1771,harga_pihps_grosir,37000.0,Rp,CRW01,BD-PIHPS
2026-04-23,1771,harga_pihps_grosir,45400.0,Rp,CRW02,BD-PIHPS
2026-04-23,1771,harga_pihps_grosir,35500.0,Rp,DAY01,BD-PIHPS
2026-04-23,1771,harga_pihps_grosir,132500.0,Rp,DSP01,BD-PIHPS
2026-04-23,1771,harga_pihps_grosir,132500.0,Rp,DSP02,BD-PIHPS
2026-04-23,1771,harga_pihps_grosir,17750.0,Rp,GLP01,BD-PIHPS
2026-04-23,1771,harga_pihps_grosir,17500.0,Rp,MGR01,BD-PIHPS
2026-04-23,1771,harga_pihps_grosir,21750.0,Rp,MGR02,BD-PIHPS
2026-04-23,1771,harga_pihps_grosir,21500.0,Rp,MGR03,BD-PIHPS
2026-04-23,1771,harga_pihps_grosir,28800.0,Rp,TLR01,BD-PIHPS
2026-04-23,1771,harga_pihps_modern,15450.0,Rp,BRS01,BD-PIHPS
2026-04-23,1771,harga_pihps_modern,15100.0,Rp,BRS02,BD-PIHPS
2026-04-23,1771,harga_pihps_modern,16350.0,Rp,BRS03,BD-PIHPS
2026-04-23,1771,harga_pihps_modern,15950.0,Rp,BRS04,BD-PIHPS
2026-04-23,1771,harga_pihps_modern,15050.0,Rp,BRS05,BD-PIHPS
2026-04-23,1771,harga_pihps_modern,17400.0,Rp,BRS06,BD-PIHPS
2026-04-23,1771,harga_pihps_modern,58450.0,Rp,BWM01,BD-PIHPS
2026-04-23,1771,harga_pihps_modern,47950.0,Rp,BWP01,BD-PIHPS
2026-04-23,1771,harga_pihps_modern,92950.0,Rp,CMR01,BD-PIHPS
2026-04-23,1771,harga_pihps_modern,69450.0,Rp,CMR02,BD-PIHPS
2026-04-23,1771,harga_pihps_modern,77950.0,Rp,CRW01,BD-PIHPS
2026-04-23,1771,harga_pihps_modern,77450.0,Rp,CRW02,BD-PIHPS
2026-04-23,1771,harga_pihps_modern,44400.0,Rp,DAY01,BD-PIHPS
2026-04-23,1771,harga_pihps_modern,134950.0,Rp,DSP01,BD-PIHPS
2026-04-23,1771,harga_pihps_modern,154950.0,Rp,DSP02,BD-PIHPS
2026-04-23,1771,harga_pihps_modern,17400.0,Rp,GLP01,BD-PIHPS
2026-04-23,1771,harga_pihps_modern,17000.0,Rp,GLP02,BD-PIHPS
2026-04-23,1771,harga_pihps_modern,22750.0,Rp,MGR02,BD-PIHPS
2026-04-23,1771,harga_pihps_modern,24800.0,Rp,MGR03,BD-PIHPS
2026-04-23,1771,harga_pihps_modern,28550.0,Rp,TLR01,BD-PIHPS
2026-04-23,1771,harga_pihps_produsen,13500.0,Rp,BRS03,BD-PIHPS
2026-04-23,1771,harga_pihps_produsen,13350.0,Rp,BRS04,BD-PIHPS
2026-04-23,1771,harga_pihps_produsen,16000.0,Rp,BRS05,BD-PIHPS
2026-04-23,1771,harga_pihps_produsen,13500.0,Rp,BRS06,BD-PIHPS
2026-04-23,1771,harga_pihps_produsen,25500.0,Rp,CMR01,BD-PIHPS
2026-04-23,1771,harga_pihps_produsen,27650.0,Rp,CMR02,BD-PIHPS
2026-04-23,1771,harga_pihps_produsen,31350.0,Rp,CRW02,BD-PIHPS
2026-04-23,1771,harga_pihps_produsen,26000.0,Rp,DAY01,BD-PIHPS
2026-04-23,1771,harga_pihps_produsen,140000.0,Rp,DSP01,BD-PIHPS
2026-04-23,1771,harga_pihps_produsen,130000.0,Rp,DSP02,BD-PIHPS
2026-04-23,1771,harga_pihps_produsen,26500.0,Rp,TLR01,BD-PIHPS
2026-04-24,1771,harga_pihps,14350.0,Rp,BRS01,BD-PIHPS
2026-04-24,1771,harga_pihps,15700.0,Rp,BRS02,BD-PIHPS
2026-04-24,1771,harga_pihps,15400.0,Rp,BRS03,BD-PIHPS
2026-04-24,1771,harga_pihps,15950.0,Rp,BRS04,BD-PIHPS
2026-04-24,1771,harga_pihps,15800.0,Rp,BRS05,BD-PIHPS
2026-04-24,1771,harga_pihps,16200.0,Rp,BRS06,BD-PIHPS
2026-04-24,1771,harga_pihps,44250.0,Rp,BWM01,BD-PIHPS
2026-04-24,1771,harga_pihps,38900.0,Rp,BWP01,BD-PIHPS
2026-04-24,1771,harga_pihps,38000.0,Rp,CMR01,BD-PIHPS
2026-04-24,1771,harga_pihps,43150.0,Rp,CMR02,BD-PIHPS
2026-04-24,1771,harga_pihps,42000.0,Rp,CRW01,BD-PIHPS
2026-04-24,1771,harga_pihps,40100.0,Rp,CRW02,BD-PIHPS
2026-04-24,1771,harga_pihps,35900.0,Rp,DAY01,BD-PIHPS
2026-04-24,1771,harga_pihps,146250.0,Rp,DSP01,BD-PIHPS
2026-04-24,1771,harga_pihps,145000.0,Rp,DSP02,BD-PIHPS
2026-04-24,1771,harga_pihps,19000.0,Rp,GLP01,BD-PIHPS
2026-04-24,1771,harga_pihps,19300.0,Rp,GLP02,BD-PIHPS
2026-04-24,1771,harga_pihps,18400.0,Rp,MGR01,BD-PIHPS
2026-04-24,1771,harga_pihps,23300.0,Rp,MGR02,BD-PIHPS
2026-04-24,1771,harga_pihps,23400.0,Rp,MGR03,BD-PIHPS
2026-04-24,1771,harga_pihps,29300.0,Rp,TLR01,BD-PIHPS
2026-04-24,1771,harga_pihps_grosir,13900.0,Rp,BRS01,BD-PIHPS
2026-04-24,1771,harga_pihps_grosir,15150.0,Rp,BRS02,BD-PIHPS
2026-04-24,1771,harga_pihps_grosir,15150.0,Rp,BRS03,BD-PIHPS
2026-04-24,1771,harga_pihps_grosir,15300.0,Rp,BRS04,BD-PIHPS
2026-04-24,1771,harga_pihps_grosir,15100.0,Rp,BRS05,BD-PIHPS
2026-04-24,1771,harga_pihps_grosir,15600.0,Rp,BRS06,BD-PIHPS
2026-04-24,1771,harga_pihps_grosir,40000.0,Rp,BWM01,BD-PIHPS
2026-04-24,1771,harga_pihps_grosir,34000.0,Rp,BWP01,BD-PIHPS
2026-04-24,1771,harga_pihps_grosir,33500.0,Rp,CMR01,BD-PIHPS
2026-04-24,1771,harga_pihps_grosir,36500.0,Rp,CMR02,BD-PIHPS
2026-04-24,1771,harga_pihps_grosir,37000.0,Rp,CRW01,BD-PIHPS
2026-04-24,1771,harga_pihps_grosir,45400.0,Rp,CRW02,BD-PIHPS
2026-04-24,1771,harga_pihps_grosir,35500.0,Rp,DAY01,BD-PIHPS
2026-04-24,1771,harga_pihps_grosir,132500.0,Rp,DSP01,BD-PIHPS
2026-04-24,1771,harga_pihps_grosir,132500.0,Rp,DSP02,BD-PIHPS
2026-04-24,1771,harga_pihps_grosir,17750.0,Rp,GLP01,BD-PIHPS
2026-04-24,1771,harga_pihps_grosir,17500.0,Rp,MGR01,BD-PIHPS
2026-04-24,1771,harga_pihps_grosir,21750.0,Rp,MGR02,BD-PIHPS
2026-04-24,1771,harga_pihps_grosir,21500.0,Rp,MGR03,BD-PIHPS
2026-04-24,1771,harga_pihps_grosir,28800.0,Rp,TLR01,BD-PIHPS
2026-04-24,1771,harga_pihps_modern,15450.0,Rp,BRS01,BD-PIHPS
2026-04-24,1771,harga_pihps_modern,15100.0,Rp,BRS02,BD-PIHPS
2026-04-24,1771,harga_pihps_modern,16350.0,Rp,BRS03,BD-PIHPS
2026-04-24,1771,harga_pihps_modern,15950.0,Rp,BRS04,BD-PIHPS
2026-04-24,1771,harga_pihps_modern,15050.0,Rp,BRS05,BD-PIHPS
2026-04-24,1771,harga_pihps_modern,17400.0,Rp,BRS06,BD-PIHPS
2026-04-24,1771,harga_pihps_modern,58450.0,Rp,BWM01,BD-PIHPS
2026-04-24,1771,harga_pihps_modern,47950.0,Rp,BWP01,BD-PIHPS
2026-04-24,1771,harga_pihps_modern,92950.0,Rp,CMR01,BD-PIHPS
2026-04-24,1771,harga_pihps_modern,69450.0,Rp,CMR02,BD-PIHPS
2026-04-24,1771,harga_pihps_modern,77950.0,Rp,CRW01,BD-PIHPS
2026-04-24,1771,harga_pihps_modern,77450.0,Rp,CRW02,BD-PIHPS
2026-04-24,1771,harga_pihps_modern,44400.0,Rp,DAY01,BD-PIHPS
2026-04-24,1771,harga_pihps_modern,134950.0,Rp,DSP01,BD-PIHPS
2026-04-24,1771,harga_pihps_modern,154950.0,Rp,DSP02,BD-PIHPS
2026-04-24,1771,harga_pihps_modern,17400.0,Rp,GLP01,BD-PIHPS
2026-04-24,1771,harga_pihps_modern,17000.0,Rp,GLP02,BD-PIHPS
2026-04-24,1771,harga_pihps_modern,22750.0,Rp,MGR02,BD-PIHPS
2026-04-24,1771,harga_pihps_modern,24800.0,Rp,MGR03,BD-PIHPS
2026-04-24,1771,harga_pihps_modern,28550.0,Rp,TLR01,BD-PIHPS
2026-04-24,1771,harga_pihps_produsen,13500.0,Rp,BRS03,BD-PIHPS
2026-04-24,1771,harga_pihps_produsen,13350.0,Rp,BRS04,BD-PIHPS
2026-04-24,1771,harga_pihps_produsen,16000.0,Rp,BRS05,BD-PIHPS
2026-04-24,1771,harga_pihps_produsen,13500.0,Rp,BRS06,BD-PIHPS
2026-04-24,1771,harga_pihps_produsen,25500.0,Rp,CMR01,BD-PIHPS
2026-04-24,1771,harga_pihps_produsen,27650.0,Rp,CMR02,BD-PIHPS
2026-04-24,1771,harga_pihps_produsen,31350.0,Rp,CRW02,BD-PIHPS
2026-04-24,1771,harga_pihps_produsen,26000.0,Rp,DAY01,BD-PIHPS
2026-04-24,1771,harga_pihps_produsen,140000.0,Rp,DSP01,BD-PIHPS
2026-04-24,1771,harga_pihps_produsen,130000.0,Rp,DSP02,BD-PIHPS
2026-04-24,1771,harga_pihps_produsen,26500.0,Rp,TLR01,BD-PIHPS
2026-04-27,1771,harga_pihps,14350.0,Rp,BRS01,BD-PIHPS
2026-04-27,1771,harga_pihps,15700.0,Rp,BRS02,BD-PIHPS
2026-04-27,1771,harga_pihps,15400.0,Rp,BRS03,BD-PIHPS
2026-04-27,1771,harga_pihps,15950.0,Rp,BRS04,BD-PIHPS
2026-04-27,1771,harga_pihps,15800.0,Rp,BRS05,BD-PIHPS
2026-04-27,1771,harga_pihps,16200.0,Rp,BRS06,BD-PIHPS
2026-04-27,1771,harga_pihps,45900.0,Rp,BWM01,BD-PIHPS
2026-04-27,1771,harga_pihps,38650.0,Rp,BWP01,BD-PIHPS
2026-04-27,1771,harga_pihps,40400.0,Rp,CMR01,BD-PIHPS
2026-04-27,1771,harga_pihps,44900.0,Rp,CMR02,BD-PIHPS
2026-04-27,1771,harga_pihps,42250.0,Rp,CRW01,BD-PIHPS
2026-04-27,1771,harga_pihps,40000.0,Rp,CRW02,BD-PIHPS
2026-04-27,1771,harga_pihps,36400.0,Rp,DAY01,BD-PIHPS
2026-04-27,1771,harga_pihps,146250.0,Rp,DSP01,BD-PIHPS
2026-04-27,1771,harga_pihps,145000.0,Rp,DSP02,BD-PIHPS
2026-04-27,1771,harga_pihps,19150.0,Rp,GLP01,BD-PIHPS
2026-04-27,1771,harga_pihps,19300.0,Rp,GLP02,BD-PIHPS
2026-04-27,1771,harga_pihps,18650.0,Rp,MGR01,BD-PIHPS
2026-04-27,1771,harga_pihps,23500.0,Rp,MGR02,BD-PIHPS
2026-04-27,1771,harga_pihps,23400.0,Rp,MGR03,BD-PIHPS
2026-04-27,1771,harga_pihps,29300.0,Rp,TLR01,BD-PIHPS
2026-04-27,1771,harga_pihps_grosir,13900.0,Rp,BRS01,BD-PIHPS
2026-04-27,1771,harga_pihps_grosir,15150.0,Rp,BRS02,BD-PIHPS
2026-04-27,1771,harga_pihps_grosir,15150.0,Rp,BRS03,BD-PIHPS
2026-04-27,1771,harga_pihps_grosir,15300.0,Rp,BRS04,BD-PIHPS
2026-04-27,1771,harga_pihps_grosir,15100.0,Rp,BRS05,BD-PIHPS
2026-04-27,1771,harga_pihps_grosir,15600.0,Rp,BRS06,BD-PIHPS
2026-04-27,1771,harga_pihps_grosir,40000.0,Rp,BWM01,BD-PIHPS
2026-04-27,1771,harga_pihps_grosir,34000.0,Rp,BWP01,BD-PIHPS
2026-04-27,1771,harga_pihps_grosir,33500.0,Rp,CMR01,BD-PIHPS
2026-04-27,1771,harga_pihps_grosir,36500.0,Rp,CMR02,BD-PIHPS
2026-04-27,1771,harga_pihps_grosir,37000.0,Rp,CRW01,BD-PIHPS
2026-04-27,1771,harga_pihps_grosir,45400.0,Rp,CRW02,BD-PIHPS
2026-04-27,1771,harga_pihps_grosir,35500.0,Rp,DAY01,BD-PIHPS
2026-04-27,1771,harga_pihps_grosir,132500.0,Rp,DSP01,BD-PIHPS
2026-04-27,1771,harga_pihps_grosir,132500.0,Rp,DSP02,BD-PIHPS
2026-04-27,1771,harga_pihps_grosir,17750.0,Rp,GLP01,BD-PIHPS
2026-04-27,1771,harga_pihps_grosir,17500.0,Rp,MGR01,BD-PIHPS
2026-04-27,1771,harga_pihps_grosir,21750.0,Rp,MGR02,BD-PIHPS
2026-04-27,1771,harga_pihps_grosir,21500.0,Rp,MGR03,BD-PIHPS
2026-04-27,1771,harga_pihps_grosir,28800.0,Rp,TLR01,BD-PIHPS
2026-04-27,1771,harga_pihps_modern,15450.0,Rp,BRS01,BD-PIHPS
2026-04-27,1771,harga_pihps_modern,15100.0,Rp,BRS02,BD-PIHPS
2026-04-27,1771,harga_pihps_modern,16350.0,Rp,BRS03,BD-PIHPS
2026-04-27,1771,harga_pihps_modern,15950.0,Rp,BRS04,BD-PIHPS
2026-04-27,1771,harga_pihps_modern,15050.0,Rp,BRS05,BD-PIHPS
2026-04-27,1771,harga_pihps_modern,17400.0,Rp,BRS06,BD-PIHPS
2026-04-27,1771,harga_pihps_modern,58450.0,Rp,BWM01,BD-PIHPS
2026-04-27,1771,harga_pihps_modern,47950.0,Rp,BWP01,BD-PIHPS
2026-04-27,1771,harga_pihps_modern,92950.0,Rp,CMR01,BD-PIHPS
2026-04-27,1771,harga_pihps_modern,69450.0,Rp,CMR02,BD-PIHPS
2026-04-27,1771,harga_pihps_modern,77950.0,Rp,CRW01,BD-PIHPS
2026-04-27,1771,harga_pihps_modern,77450.0,Rp,CRW02,BD-PIHPS
2026-04-27,1771,harga_pihps_modern,44400.0,Rp,DAY01,BD-PIHPS
2026-04-27,1771,harga_pihps_modern,134950.0,Rp,DSP01,BD-PIHPS
2026-04-27,1771,harga_pihps_modern,154950.0,Rp,DSP02,BD-PIHPS
2026-04-27,1771,harga_pihps_modern,17400.0,Rp,GLP01,BD-PIHPS
2026-04-27,1771,harga_pihps_modern,17000.0,Rp,GLP02,BD-PIHPS
2026-04-27,1771,harga_pihps_modern,22750.0,Rp,MGR02,BD-PIHPS
2026-04-27,1771,harga_pihps_modern,24800.0,Rp,MGR03,BD-PIHPS
2026-04-27,1771,harga_pihps_modern,28550.0,Rp,TLR01,BD-PIHPS
2026-04-28,1771,harga_pihps,14350.0,Rp,BRS01,BD-PIHPS
2026-04-28,1771,harga_pihps,15700.0,Rp,BRS02,BD-PIHPS
2026-04-28,1771,harga_pihps,15400.0,Rp,BRS03,BD-PIHPS
2026-04-28,1771,harga_pihps,15950.0,Rp,BRS04,BD-PIHPS
2026-04-28,1771,harga_pihps,15800.0,Rp,BRS05,BD-PIHPS
2026-04-28,1771,harga_pihps,16200.0,Rp,BRS06,BD-PIHPS
2026-04-28,1771,harga_pihps,46250.0,Rp,BWM01,BD-PIHPS
2026-04-28,1771,harga_pihps,37900.0,Rp,BWP01,BD-PIHPS
2026-04-28,1771,harga_pihps,41400.0,Rp,CMR01,BD-PIHPS
2026-04-28,1771,harga_pihps,45750.0,Rp,CMR02,BD-PIHPS
2026-04-28,1771,harga_pihps,42900.0,Rp,CRW01,BD-PIHPS
2026-04-28,1771,harga_pihps,39300.0,Rp,CRW02,BD-PIHPS
2026-04-28,1771,harga_pihps,35900.0,Rp,DAY01,BD-PIHPS
2026-04-28,1771,harga_pihps,146250.0,Rp,DSP01,BD-PIHPS
2026-04-28,1771,harga_pihps,145000.0,Rp,DSP02,BD-PIHPS
2026-04-28,1771,harga_pihps,19150.0,Rp,GLP01,BD-PIHPS
2026-04-28,1771,harga_pihps,19450.0,Rp,GLP02,BD-PIHPS
2026-04-28,1771,harga_pihps,18750.0,Rp,MGR01,BD-PIHPS
2026-04-28,1771,harga_pihps,23500.0,Rp,MGR02,BD-PIHPS
2026-04-28,1771,harga_pihps,23400.0,Rp,MGR03,BD-PIHPS
2026-04-28,1771,harga_pihps,29550.0,Rp,TLR01,BD-PIHPS
2026-04-28,1771,harga_pihps_grosir,13900.0,Rp,BRS01,BD-PIHPS
2026-04-28,1771,harga_pihps_grosir,15150.0,Rp,BRS02,BD-PIHPS
2026-04-28,1771,harga_pihps_grosir,15150.0,Rp,BRS03,BD-PIHPS
2026-04-28,1771,harga_pihps_grosir,15300.0,Rp,BRS04,BD-PIHPS
2026-04-28,1771,harga_pihps_grosir,15100.0,Rp,BRS05,BD-PIHPS
2026-04-28,1771,harga_pihps_grosir,15600.0,Rp,BRS06,BD-PIHPS
2026-04-28,1771,harga_pihps_grosir,40000.0,Rp,BWM01,BD-PIHPS
2026-04-28,1771,harga_pihps_grosir,34000.0,Rp,BWP01,BD-PIHPS
2026-04-28,1771,harga_pihps_grosir,33500.0,Rp,CMR01,BD-PIHPS
2026-04-28,1771,harga_pihps_grosir,36500.0,Rp,CMR02,BD-PIHPS
2026-04-28,1771,harga_pihps_grosir,37000.0,Rp,CRW01,BD-PIHPS
2026-04-28,1771,harga_pihps_grosir,45400.0,Rp,CRW02,BD-PIHPS
2026-04-28,1771,harga_pihps_grosir,35500.0,Rp,DAY01,BD-PIHPS
2026-04-28,1771,harga_pihps_grosir,132500.0,Rp,DSP01,BD-PIHPS
2026-04-28,1771,harga_pihps_grosir,132500.0,Rp,DSP02,BD-PIHPS
2026-04-28,1771,harga_pihps_grosir,17750.0,Rp,GLP01,BD-PIHPS
2026-04-28,1771,harga_pihps_grosir,17500.0,Rp,MGR01,BD-PIHPS
2026-04-28,1771,harga_pihps_grosir,21750.0,Rp,MGR02,BD-PIHPS
2026-04-28,1771,harga_pihps_grosir,21500.0,Rp,MGR03,BD-PIHPS
2026-04-28,1771,harga_pihps_grosir,28800.0,Rp,TLR01,BD-PIHPS
2026-04-28,1771,harga_pihps_modern,15450.0,Rp,BRS01,BD-PIHPS
2026-04-28,1771,harga_pihps_modern,15100.0,Rp,BRS02,BD-PIHPS
2026-04-28,1771,harga_pihps_modern,16350.0,Rp,BRS03,BD-PIHPS
2026-04-28,1771,harga_pihps_modern,15950.0,Rp,BRS04,BD-PIHPS
2026-04-28,1771,harga_pihps_modern,15050.0,Rp,BRS05,BD-PIHPS
2026-04-28,1771,harga_pihps_modern,17400.0,Rp,BRS06,BD-PIHPS
2026-04-28,1771,harga_pihps_modern,58450.0,Rp,BWM01,BD-PIHPS
2026-04-28,1771,harga_pihps_modern,47950.0,Rp,BWP01,BD-PIHPS
2026-04-28,1771,harga_pihps_modern,92950.0,Rp,CMR01,BD-PIHPS
2026-04-28,1771,harga_pihps_modern,69450.0,Rp,CMR02,BD-PIHPS
2026-04-28,1771,harga_pihps_modern,77950.0,Rp,CRW01,BD-PIHPS
2026-04-28,1771,harga_pihps_modern,77450.0,Rp,CRW02,BD-PIHPS
2026-04-28,1771,harga_pihps_modern,44400.0,Rp,DAY01,BD-PIHPS
2026-04-28,1771,harga_pihps_modern,134950.0,Rp,DSP01,BD-PIHPS
2026-04-28,1771,harga_pihps_modern,154950.0,Rp,DSP02,BD-PIHPS
2026-04-28,1771,harga_pihps_modern,17400.0,Rp,GLP01,BD-PIHPS
2026-04-28,1771,harga_pihps_modern,17000.0,Rp,GLP02,BD-PIHPS
2026-04-28,1771,harga_pihps_modern,22750.0,Rp,MGR02,BD-PIHPS
2026-04-28,1771,harga_pihps_modern,24800.0,Rp,MGR03,BD-PIHPS
2026-04-28,1771,harga_pihps_modern,28550.0,Rp,TLR01,BD-PIHPS
2026-04-28,1771,harga_pihps_produsen,13500.0,Rp,BRS03,BD-PIHPS
2026-04-28,1771,harga_pihps_produsen,13350.0,Rp,BRS04,BD-PIHPS
2026-04-28,1771,harga_pihps_produsen,16000.0,Rp,BRS05,BD-PIHPS
2026-04-28,1771,harga_pihps_produsen,13550.0,Rp,BRS06,BD-PIHPS
2026-04-28,1771,harga_pihps_produsen,25000.0,Rp,CMR01,BD-PIHPS
2026-04-28,1771,harga_pihps_produsen,23500.0,Rp,CMR02,BD-PIHPS
2026-04-28,1771,harga_pihps_produsen,32000.0,Rp,CRW02,BD-PIHPS
2026-04-28,1771,harga_pihps_produsen,19000.0,Rp,DAY01,BD-PIHPS
2026-04-28,1771,harga_pihps_produsen,145000.0,Rp,DSP01,BD-PIHPS
2026-04-28,1771,harga_pihps_produsen,130000.0,Rp,DSP02,BD-PIHPS
2026-04-28,1771,harga_pihps_produsen,24500.0,Rp,TLR01,BD-PIHPS
2026-04-29,1771,harga_pihps,14400.0,Rp,BRS01,BD-PIHPS
2026-04-29,1771,harga_pihps,15650.0,Rp,BRS02,BD-PIHPS
2026-04-29,1771,harga_pihps,15400.0,Rp,BRS03,BD-PIHPS
2026-04-29,1771,harga_pihps,15950.0,Rp,BRS04,BD-PIHPS
2026-04-29,1771,harga_pihps,15800.0,Rp,BRS05,BD-PIHPS
2026-04-29,1771,harga_pihps,16150.0,Rp,BRS06,BD-PIHPS
2026-04-29,1771,harga_pihps,46500.0,Rp,BWM01,BD-PIHPS
2026-04-29,1771,harga_pihps,37900.0,Rp,BWP01,BD-PIHPS
2026-04-29,1771,harga_pihps,41400.0,Rp,CMR01,BD-PIHPS
2026-04-29,1771,harga_pihps,45900.0,Rp,CMR02,BD-PIHPS
2026-04-29,1771,harga_pihps,43000.0,Rp,CRW01,BD-PIHPS
2026-04-29,1771,harga_pihps,38450.0,Rp,CRW02,BD-PIHPS
2026-04-29,1771,harga_pihps,35900.0,Rp,DAY01,BD-PIHPS
2026-04-29,1771,harga_pihps,146250.0,Rp,DSP01,BD-PIHPS
2026-04-29,1771,harga_pihps,145000.0,Rp,DSP02,BD-PIHPS
2026-04-29,1771,harga_pihps,19150.0,Rp,GLP01,BD-PIHPS
2026-04-29,1771,harga_pihps,19450.0,Rp,GLP02,BD-PIHPS
2026-04-29,1771,harga_pihps,18750.0,Rp,MGR01,BD-PIHPS
2026-04-29,1771,harga_pihps,23500.0,Rp,MGR02,BD-PIHPS
2026-04-29,1771,harga_pihps,23400.0,Rp,MGR03,BD-PIHPS
2026-04-29,1771,harga_pihps,29550.0,Rp,TLR01,BD-PIHPS
2026-04-29,1771,harga_pihps_grosir,13900.0,Rp,BRS01,BD-PIHPS
2026-04-29,1771,harga_pihps_grosir,15150.0,Rp,BRS02,BD-PIHPS
2026-04-29,1771,harga_pihps_grosir,15150.0,Rp,BRS03,BD-PIHPS
2026-04-29,1771,harga_pihps_grosir,15300.0,Rp,BRS04,BD-PIHPS
2026-04-29,1771,harga_pihps_grosir,15100.0,Rp,BRS05,BD-PIHPS
2026-04-29,1771,harga_pihps_grosir,15600.0,Rp,BRS06,BD-PIHPS
2026-04-29,1771,harga_pihps_grosir,40000.0,Rp,BWM01,BD-PIHPS
2026-04-29,1771,harga_pihps_grosir,34000.0,Rp,BWP01,BD-PIHPS
2026-04-29,1771,harga_pihps_grosir,33500.0,Rp,CMR01,BD-PIHPS
2026-04-29,1771,harga_pihps_grosir,36500.0,Rp,CMR02,BD-PIHPS
2026-04-29,1771,harga_pihps_grosir,37000.0,Rp,CRW01,BD-PIHPS
2026-04-29,1771,harga_pihps_grosir,45400.0,Rp,CRW02,BD-PIHPS
2026-04-29,1771,harga_pihps_grosir,35500.0,Rp,DAY01,BD-PIHPS
2026-04-29,1771,harga_pihps_grosir,132500.0,Rp,DSP01,BD-PIHPS
2026-04-29,1771,harga_pihps_grosir,132500.0,Rp,DSP02,BD-PIHPS
2026-04-29,1771,harga_pihps_grosir,17750.0,Rp,GLP01,BD-PIHPS
2026-04-29,1771,harga_pihps_grosir,17500.0,Rp,MGR01,BD-PIHPS
2026-04-29,1771,harga_pihps_grosir,21750.0,Rp,MGR02,BD-PIHPS
2026-04-29,1771,harga_pihps_grosir,21500.0,Rp,MGR03,BD-PIHPS
2026-04-29,1771,harga_pihps_grosir,28800.0,Rp,TLR01,BD-PIHPS
2026-04-29,1771,harga_pihps_modern,15450.0,Rp,BRS01,BD-PIHPS
2026-04-29,1771,harga_pihps_modern,15100.0,Rp,BRS02,BD-PIHPS
2026-04-29,1771,harga_pihps_modern,16350.0,Rp,BRS03,BD-PIHPS
2026-04-29,1771,harga_pihps_modern,16050.0,Rp,BRS04,BD-PIHPS
2026-04-29,1771,harga_pihps_modern,15050.0,Rp,BRS05,BD-PIHPS
2026-04-29,1771,harga_pihps_modern,17550.0,Rp,BRS06,BD-PIHPS
2026-04-29,1771,harga_pihps_modern,61950.0,Rp,BWM01,BD-PIHPS
2026-04-29,1771,harga_pihps_modern,47950.0,Rp,BWP01,BD-PIHPS
2026-04-29,1771,harga_pihps_modern,92950.0,Rp,CMR01,BD-PIHPS
2026-04-29,1771,harga_pihps_modern,72950.0,Rp,CMR02,BD-PIHPS
2026-04-29,1771,harga_pihps_modern,82950.0,Rp,CRW01,BD-PIHPS
2026-04-29,1771,harga_pihps_modern,82450.0,Rp,CRW02,BD-PIHPS
2026-04-29,1771,harga_pihps_modern,45550.0,Rp,DAY01,BD-PIHPS
2026-04-29,1771,harga_pihps_modern,134950.0,Rp,DSP01,BD-PIHPS
2026-04-29,1771,harga_pihps_modern,154950.0,Rp,DSP02,BD-PIHPS
2026-04-29,1771,harga_pihps_modern,17550.0,Rp,GLP01,BD-PIHPS
2026-04-29,1771,harga_pihps_modern,17450.0,Rp,GLP02,BD-PIHPS
2026-04-29,1771,harga_pihps_modern,22750.0,Rp,MGR02,BD-PIHPS
2026-04-29,1771,harga_pihps_modern,24800.0,Rp,MGR03,BD-PIHPS
2026-04-29,1771,harga_pihps_modern,28550.0,Rp,TLR01,BD-PIHPS
2026-04-29,1771,harga_pihps_produsen,13500.0,Rp,BRS03,BD-PIHPS
2026-04-29,1771,harga_pihps_produsen,13350.0,Rp,BRS04,BD-PIHPS
2026-04-29,1771,harga_pihps_produsen,16000.0,Rp,BRS05,BD-PIHPS
2026-04-29,1771,harga_pihps_produsen,13550.0,Rp,BRS06,BD-PIHPS
2026-04-29,1771,harga_pihps_produsen,25000.0,Rp,CMR01,BD-PIHPS
2026-04-29,1771,harga_pihps_produsen,23500.0,Rp,CMR02,BD-PIHPS
2026-04-29,1771,harga_pihps_produsen,32000.0,Rp,CRW02,BD-PIHPS
2026-04-29,1771,harga_pihps_produsen,19000.0,Rp,DAY01,BD-PIHPS
2026-04-29,1771,harga_pihps_produsen,145000.0,Rp,DSP01,BD-PIHPS
2026-04-29,1771,harga_pihps_produsen,130000.0,Rp,DSP02,BD-PIHPS
2026-04-29,1771,harga_pihps_produsen,24500.0,Rp,TLR01,BD-PIHPS
2026-04-30,1771,harga_pihps,14400.0,Rp,BRS01,BD-PIHPS
2026-04-30,1771,harga_pihps,15650.0,Rp,BRS02,BD-PIHPS
2026-04-30,1771,harga_pihps,15400.0,Rp,BRS03,BD-PIHPS
2026-04-30,1771,harga_pihps,15950.0,Rp,BRS04,BD-PIHPS
2026-04-30,1771,harga_pihps,15800.0,Rp,BRS05,BD-PIHPS
2026-04-30,1771,harga_pihps,16150.0,Rp,BRS06,BD-PIHPS
2026-04-30,1771,harga_pihps,46500.0,Rp,BWM01,BD-PIHPS
2026-04-30,1771,harga_pihps,37750.0,Rp,BWP01,BD-PIHPS
2026-04-30,1771,harga_pihps,41250.0,Rp,CMR01,BD-PIHPS
2026-04-30,1771,harga_pihps,45150.0,Rp,CMR02,BD-PIHPS
2026-04-30,1771,harga_pihps,44150.0,Rp,CRW01,BD-PIHPS
2026-04-30,1771,harga_pihps,38350.0,Rp,CRW02,BD-PIHPS
2026-04-30,1771,harga_pihps,36500.0,Rp,DAY01,BD-PIHPS
2026-04-30,1771,harga_pihps,146250.0,Rp,DSP01,BD-PIHPS
2026-04-30,1771,harga_pihps,145000.0,Rp,DSP02,BD-PIHPS
2026-04-30,1771,harga_pihps,19150.0,Rp,GLP01,BD-PIHPS
2026-04-30,1771,harga_pihps,19450.0,Rp,GLP02,BD-PIHPS
2026-04-30,1771,harga_pihps,18900.0,Rp,MGR01,BD-PIHPS
2026-04-30,1771,harga_pihps,23500.0,Rp,MGR02,BD-PIHPS
2026-04-30,1771,harga_pihps,23400.0,Rp,MGR03,BD-PIHPS
2026-04-30,1771,harga_pihps,29550.0,Rp,TLR01,BD-PIHPS
2026-04-30,1771,harga_pihps_grosir,14000.0,Rp,BRS01,BD-PIHPS
2026-04-30,1771,harga_pihps_grosir,15200.0,Rp,BRS02,BD-PIHPS
2026-04-30,1771,harga_pihps_grosir,15150.0,Rp,BRS03,BD-PIHPS
2026-04-30,1771,harga_pihps_grosir,15350.0,Rp,BRS04,BD-PIHPS
2026-04-30,1771,harga_pihps_grosir,15100.0,Rp,BRS05,BD-PIHPS
2026-04-30,1771,harga_pihps_grosir,15800.0,Rp,BRS06,BD-PIHPS
2026-04-30,1771,harga_pihps_grosir,37500.0,Rp,BWM01,BD-PIHPS
2026-04-30,1771,harga_pihps_grosir,27500.0,Rp,BWP01,BD-PIHPS
2026-04-30,1771,harga_pihps_grosir,35000.0,Rp,CMR01,BD-PIHPS
2026-04-30,1771,harga_pihps_grosir,38000.0,Rp,CMR02,BD-PIHPS
2026-04-30,1771,harga_pihps_grosir,36000.0,Rp,CRW01,BD-PIHPS
2026-04-30,1771,harga_pihps_grosir,44700.0,Rp,CRW02,BD-PIHPS
2026-04-30,1771,harga_pihps_grosir,34750.0,Rp,DAY01,BD-PIHPS
2026-04-30,1771,harga_pihps_grosir,132500.0,Rp,DSP01,BD-PIHPS
2026-04-30,1771,harga_pihps_grosir,132500.0,Rp,DSP02,BD-PIHPS
2026-04-30,1771,harga_pihps_grosir,17750.0,Rp,GLP01,BD-PIHPS
2026-04-30,1771,harga_pihps_grosir,18000.0,Rp,MGR01,BD-PIHPS
2026-04-30,1771,harga_pihps_grosir,22250.0,Rp,MGR02,BD-PIHPS
2026-04-30,1771,harga_pihps_grosir,22250.0,Rp,MGR03,BD-PIHPS
2026-04-30,1771,harga_pihps_grosir,29350.0,Rp,TLR01,BD-PIHPS
2026-04-30,1771,harga_pihps_modern,15450.0,Rp,BRS01,BD-PIHPS
2026-04-30,1771,harga_pihps_modern,15100.0,Rp,BRS02,BD-PIHPS
2026-04-30,1771,harga_pihps_modern,16350.0,Rp,BRS03,BD-PIHPS
2026-04-30,1771,harga_pihps_modern,16050.0,Rp,BRS04,BD-PIHPS
2026-04-30,1771,harga_pihps_modern,15050.0,Rp,BRS05,BD-PIHPS
2026-04-30,1771,harga_pihps_modern,17550.0,Rp,BRS06,BD-PIHPS
2026-04-30,1771,harga_pihps_modern,61950.0,Rp,BWM01,BD-PIHPS
2026-04-30,1771,harga_pihps_modern,47950.0,Rp,BWP01,BD-PIHPS
2026-04-30,1771,harga_pihps_modern,92950.0,Rp,CMR01,BD-PIHPS
2026-04-30,1771,harga_pihps_modern,72950.0,Rp,CMR02,BD-PIHPS
2026-04-30,1771,harga_pihps_modern,82950.0,Rp,CRW01,BD-PIHPS
2026-04-30,1771,harga_pihps_modern,82450.0,Rp,CRW02,BD-PIHPS
2026-04-30,1771,harga_pihps_modern,45550.0,Rp,DAY01,BD-PIHPS
2026-04-30,1771,harga_pihps_modern,134950.0,Rp,DSP01,BD-PIHPS
2026-04-30,1771,harga_pihps_modern,154950.0,Rp,DSP02,BD-PIHPS
2026-04-30,1771,harga_pihps_modern,17550.0,Rp,GLP01,BD-PIHPS
2026-04-30,1771,harga_pihps_modern,17450.0,Rp,GLP02,BD-PIHPS
2026-04-30,1771,harga_pihps_modern,22750.0,Rp,MGR02,BD-PIHPS
2026-04-30,1771,harga_pihps_modern,24800.0,Rp,MGR03,BD-PIHPS
2026-04-30,1771,harga_pihps_modern,28550.0,Rp,TLR01,BD-PIHPS
2026-04-30,1771,harga_pihps_produsen,13500.0,Rp,BRS03,BD-PIHPS
2026-04-30,1771,harga_pihps_produsen,13350.0,Rp,BRS04,BD-PIHPS
2026-04-30,1771,harga_pihps_produsen,16000.0,Rp,BRS05,BD-PIHPS
2026-04-30,1771,harga_pihps_produsen,13550.0,Rp,BRS06,BD-PIHPS
2026-04-30,1771,harga_pihps_produsen,25000.0,Rp,CMR01,BD-PIHPS
2026-04-30,1771,harga_pihps_produsen,23500.0,Rp,CMR02,BD-PIHPS
2026-04-30,1771,harga_pihps_produsen,32000.0,Rp,CRW02,BD-PIHPS
2026-04-30,1771,harga_pihps_produsen,19000.0,Rp,DAY01,BD-PIHPS
2026-04-30,1771,harga_pihps_produsen,145000.0,Rp,DSP01,BD-PIHPS
2026-04-30,1771,harga_pihps_produsen,130000.0,Rp,DSP02,BD-PIHPS
2026-04-30,1771,harga_pihps_produsen,24500.0,Rp,TLR01,BD-PIHPS
2026-05-01,1771,harga_pihps,14450.0,Rp,BRS01,BD-PIHPS
2026-05-01,1771,harga_pihps,15650.0,Rp,BRS02,BD-PIHPS
2026-05-01,1771,harga_pihps,15550.0,Rp,BRS03,BD-PIHPS
2026-05-01,1771,harga_pihps,16100.0,Rp,BRS04,BD-PIHPS
2026-05-01,1771,harga_pihps,16100.0,Rp,BRS05,BD-PIHPS
2026-05-01,1771,harga_pihps,16200.0,Rp,BRS06,BD-PIHPS
2026-05-01,1771,harga_pihps,47500.0,Rp,BWM01,BD-PIHPS
2026-05-01,1771,harga_pihps,40000.0,Rp,BWP01,BD-PIHPS
2026-05-01,1771,harga_pihps,42000.0,Rp,CMR01,BD-PIHPS
2026-05-01,1771,harga_pihps,46000.0,Rp,CMR02,BD-PIHPS
2026-05-01,1771,harga_pihps,44500.0,Rp,CRW01,BD-PIHPS
2026-05-01,1771,harga_pihps,54750.0,Rp,CRW02,BD-PIHPS
2026-05-01,1771,harga_pihps,36750.0,Rp,DAY01,BD-PIHPS
2026-05-01,1771,harga_pihps,150000.0,Rp,DSP01,BD-PIHPS
2026-05-01,1771,harga_pihps,150000.0,Rp,DSP02,BD-PIHPS
2026-05-01,1771,harga_pihps,19250.0,Rp,GLP01,BD-PIHPS
2026-05-01,1771,harga_pihps,19500.0,Rp,GLP02,BD-PIHPS
2026-05-01,1771,harga_pihps,19000.0,Rp,MGR01,BD-PIHPS
2026-05-01,1771,harga_pihps,24000.0,Rp,MGR02,BD-PIHPS
2026-05-01,1771,harga_pihps,23500.0,Rp,MGR03,BD-PIHPS
2026-05-01,1771,harga_pihps,29600.0,Rp,TLR01,BD-PIHPS
2026-05-01,1771,harga_pihps_grosir,14000.0,Rp,BRS01,BD-PIHPS
2026-05-01,1771,harga_pihps_grosir,15200.0,Rp,BRS02,BD-PIHPS
2026-05-01,1771,harga_pihps_grosir,15150.0,Rp,BRS03,BD-PIHPS
2026-05-01,1771,harga_pihps_grosir,15350.0,Rp,BRS04,BD-PIHPS
2026-05-01,1771,harga_pihps_grosir,15100.0,Rp,BRS05,BD-PIHPS
2026-05-01,1771,harga_pihps_grosir,15800.0,Rp,BRS06,BD-PIHPS
2026-05-01,1771,harga_pihps_grosir,37500.0,Rp,BWM01,BD-PIHPS
2026-05-01,1771,harga_pihps_grosir,27500.0,Rp,BWP01,BD-PIHPS
2026-05-01,1771,harga_pihps_grosir,35000.0,Rp,CMR01,BD-PIHPS
2026-05-01,1771,harga_pihps_grosir,38000.0,Rp,CMR02,BD-PIHPS
2026-05-01,1771,harga_pihps_grosir,36000.0,Rp,CRW01,BD-PIHPS
2026-05-01,1771,harga_pihps_grosir,44700.0,Rp,CRW02,BD-PIHPS
2026-05-01,1771,harga_pihps_grosir,34750.0,Rp,DAY01,BD-PIHPS
2026-05-01,1771,harga_pihps_grosir,132500.0,Rp,DSP01,BD-PIHPS
2026-05-01,1771,harga_pihps_grosir,132500.0,Rp,DSP02,BD-PIHPS
2026-05-01,1771,harga_pihps_grosir,17750.0,Rp,GLP01,BD-PIHPS
2026-05-01,1771,harga_pihps_grosir,18000.0,Rp,MGR01,BD-PIHPS
2026-05-01,1771,harga_pihps_grosir,22250.0,Rp,MGR02,BD-PIHPS
2026-05-01,1771,harga_pihps_grosir,22250.0,Rp,MGR03,BD-PIHPS
2026-05-01,1771,harga_pihps_grosir,29350.0,Rp,TLR01,BD-PIHPS
2026-05-01,1771,harga_pihps_modern,15450.0,Rp,BRS01,BD-PIHPS
2026-05-01,1771,harga_pihps_modern,15100.0,Rp,BRS02,BD-PIHPS
2026-05-01,1771,harga_pihps_modern,16350.0,Rp,BRS03,BD-PIHPS
2026-05-01,1771,harga_pihps_modern,16050.0,Rp,BRS04,BD-PIHPS
2026-05-01,1771,harga_pihps_modern,15050.0,Rp,BRS05,BD-PIHPS
2026-05-01,1771,harga_pihps_modern,17550.0,Rp,BRS06,BD-PIHPS
2026-05-01,1771,harga_pihps_modern,61950.0,Rp,BWM01,BD-PIHPS
2026-05-01,1771,harga_pihps_modern,47950.0,Rp,BWP01,BD-PIHPS
2026-05-01,1771,harga_pihps_modern,92950.0,Rp,CMR01,BD-PIHPS
2026-05-01,1771,harga_pihps_modern,72950.0,Rp,CMR02,BD-PIHPS
2026-05-01,1771,harga_pihps_modern,82950.0,Rp,CRW01,BD-PIHPS
2026-05-01,1771,harga_pihps_modern,82450.0,Rp,CRW02,BD-PIHPS
2026-05-01,1771,harga_pihps_modern,45550.0,Rp,DAY01,BD-PIHPS
2026-05-01,1771,harga_pihps_modern,134950.0,Rp,DSP01,BD-PIHPS
2026-05-01,1771,harga_pihps_modern,154950.0,Rp,DSP02,BD-PIHPS
2026-05-01,1771,harga_pihps_modern,17550.0,Rp,GLP01,BD-PIHPS
2026-05-01,1771,harga_pihps_modern,17450.0,Rp,GLP02,BD-PIHPS
2026-05-01,1771,harga_pihps_modern,22750.0,Rp,MGR02,BD-PIHPS
2026-05-01,1771,harga_pihps_modern,24800.0,Rp,MGR03,BD-PIHPS
2026-05-01,1771,harga_pihps_modern,28550.0,Rp,TLR01,BD-PIHPS
2026-05-01,1771,harga_pihps_produsen,13500.0,Rp,BRS03,BD-PIHPS
2026-05-01,1771,harga_pihps_produsen,13350.0,Rp,BRS04,BD-PIHPS
2026-05-01,1771,harga_pihps_produsen,16000.0,Rp,BRS05,BD-PIHPS
2026-05-01,1771,harga_pihps_produsen,13550.0,Rp,BRS06,BD-PIHPS
2026-05-01,1771,harga_pihps_produsen,25000.0,Rp,CMR01,BD-PIHPS
2026-05-01,1771,harga_pihps_produsen,23500.0,Rp,CMR02,BD-PIHPS
2026-05-01,1771,harga_pihps_produsen,32000.0,Rp,CRW02,BD-PIHPS
2026-05-01,1771,harga_pihps_produsen,19000.0,Rp,DAY01,BD-PIHPS
2026-05-01,1771,harga_pihps_produsen,145000.0,Rp,DSP01,BD-PIHPS
2026-05-01,1771,harga_pihps_produsen,130000.0,Rp,DSP02,BD-PIHPS
2026-05-01,1771,harga_pihps_produsen,24500.0,Rp,TLR01,BD-PIHPS
2026-05-04,1771,harga_pihps,14800.0,Rp,BRS01,BD-PIHPS
2026-05-04,1771,harga_pihps,15900.0,Rp,BRS02,BD-PIHPS
2026-05-04,1771,harga_pihps,15950.0,Rp,BRS03,BD-PIHPS
2026-05-04,1771,harga_pihps,16350.0,Rp,BRS04,BD-PIHPS
2026-05-04,1771,harga_pihps,16100.0,Rp,BRS05,BD-PIHPS
2026-05-04,1771,harga_pihps,16400.0,Rp,BRS06,BD-PIHPS
2026-05-04,1771,harga_pihps,50000.0,Rp,BWM01,BD-PIHPS
2026-05-04,1771,harga_pihps,41250.0,Rp,BWP01,BD-PIHPS
2026-05-04,1771,harga_pihps,42250.0,Rp,CMR01,BD-PIHPS
2026-05-04,1771,harga_pihps,46250.0,Rp,CMR02,BD-PIHPS
2026-05-04,1771,harga_pihps,44500.0,Rp,CRW01,BD-PIHPS
2026-05-04,1771,harga_pihps,60500.0,Rp,CRW02,BD-PIHPS
2026-05-04,1771,harga_pihps,37500.0,Rp,DAY01,BD-PIHPS
2026-05-04,1771,harga_pihps,155000.0,Rp,DSP01,BD-PIHPS
2026-05-04,1771,harga_pihps,140000.0,Rp,DSP02,BD-PIHPS
2026-05-04,1771,harga_pihps,19400.0,Rp,GLP01,BD-PIHPS
2026-05-04,1771,harga_pihps,19400.0,Rp,GLP02,BD-PIHPS
2026-05-04,1771,harga_pihps,19500.0,Rp,MGR01,BD-PIHPS
2026-05-04,1771,harga_pihps,24000.0,Rp,MGR02,BD-PIHPS
2026-05-04,1771,harga_pihps,23900.0,Rp,MGR03,BD-PIHPS
2026-05-04,1771,harga_pihps,29800.0,Rp,TLR01,BD-PIHPS
2026-05-04,1771,harga_pihps_grosir,14000.0,Rp,BRS01,BD-PIHPS
2026-05-04,1771,harga_pihps_grosir,15200.0,Rp,BRS02,BD-PIHPS
2026-05-04,1771,harga_pihps_grosir,15150.0,Rp,BRS03,BD-PIHPS
2026-05-04,1771,harga_pihps_grosir,15350.0,Rp,BRS04,BD-PIHPS
2026-05-04,1771,harga_pihps_grosir,15100.0,Rp,BRS05,BD-PIHPS
2026-05-04,1771,harga_pihps_grosir,15800.0,Rp,BRS06,BD-PIHPS
2026-05-04,1771,harga_pihps_grosir,37500.0,Rp,BWM01,BD-PIHPS
2026-05-04,1771,harga_pihps_grosir,27500.0,Rp,BWP01,BD-PIHPS
2026-05-04,1771,harga_pihps_grosir,35000.0,Rp,CMR01,BD-PIHPS
2026-05-04,1771,harga_pihps_grosir,38000.0,Rp,CMR02,BD-PIHPS
2026-05-04,1771,harga_pihps_grosir,36000.0,Rp,CRW01,BD-PIHPS
2026-05-04,1771,harga_pihps_grosir,44700.0,Rp,CRW02,BD-PIHPS
2026-05-04,1771,harga_pihps_grosir,34750.0,Rp,DAY01,BD-PIHPS
2026-05-04,1771,harga_pihps_grosir,132500.0,Rp,DSP01,BD-PIHPS
2026-05-04,1771,harga_pihps_grosir,132500.0,Rp,DSP02,BD-PIHPS
2026-05-04,1771,harga_pihps_grosir,17750.0,Rp,GLP01,BD-PIHPS
2026-05-04,1771,harga_pihps_grosir,18000.0,Rp,MGR01,BD-PIHPS
2026-05-04,1771,harga_pihps_grosir,22250.0,Rp,MGR02,BD-PIHPS
2026-05-04,1771,harga_pihps_grosir,22250.0,Rp,MGR03,BD-PIHPS
2026-05-04,1771,harga_pihps_grosir,29350.0,Rp,TLR01,BD-PIHPS
2026-05-04,1771,harga_pihps_modern,15450.0,Rp,BRS01,BD-PIHPS
2026-05-04,1771,harga_pihps_modern,15100.0,Rp,BRS02,BD-PIHPS
2026-05-04,1771,harga_pihps_modern,16350.0,Rp,BRS03,BD-PIHPS
2026-05-04,1771,harga_pihps_modern,16050.0,Rp,BRS04,BD-PIHPS
2026-05-04,1771,harga_pihps_modern,15050.0,Rp,BRS05,BD-PIHPS
2026-05-04,1771,harga_pihps_modern,17550.0,Rp,BRS06,BD-PIHPS
2026-05-04,1771,harga_pihps_modern,61950.0,Rp,BWM01,BD-PIHPS
2026-05-04,1771,harga_pihps_modern,47950.0,Rp,BWP01,BD-PIHPS
2026-05-04,1771,harga_pihps_modern,92950.0,Rp,CMR01,BD-PIHPS
2026-05-04,1771,harga_pihps_modern,72950.0,Rp,CMR02,BD-PIHPS
2026-05-04,1771,harga_pihps_modern,82950.0,Rp,CRW01,BD-PIHPS
2026-05-04,1771,harga_pihps_modern,82450.0,Rp,CRW02,BD-PIHPS
2026-05-04,1771,harga_pihps_modern,45550.0,Rp,DAY01,BD-PIHPS
2026-05-04,1771,harga_pihps_modern,134950.0,Rp,DSP01,BD-PIHPS
2026-05-04,1771,harga_pihps_modern,154950.0,Rp,DSP02,BD-PIHPS
2026-05-04,1771,harga_pihps_modern,17550.0,Rp,GLP01,BD-PIHPS
2026-05-04,1771,harga_pihps_modern,17450.0,Rp,GLP02,BD-PIHPS
2026-05-04,1771,harga_pihps_modern,22750.0,Rp,MGR02,BD-PIHPS
2026-05-04,1771,harga_pihps_modern,24800.0,Rp,MGR03,BD-PIHPS
2026-05-04,1771,harga_pihps_modern,28550.0,Rp,TLR01,BD-PIHPS
2026-05-04,1771,harga_pihps_produsen,13500.0,Rp,BRS03,BD-PIHPS
2026-05-04,1771,harga_pihps_produsen,13350.0,Rp,BRS04,BD-PIHPS
2026-05-04,1771,harga_pihps_produsen,16000.0,Rp,BRS05,BD-PIHPS
2026-05-04,1771,harga_pihps_produsen,13550.0,Rp,BRS06,BD-PIHPS
2026-05-04,1771,harga_pihps_produsen,25000.0,Rp,CMR01,BD-PIHPS
2026-05-04,1771,harga_pihps_produsen,23500.0,Rp,CMR02,BD-PIHPS
2026-05-04,1771,harga_pihps_produsen,32000.0,Rp,CRW02,BD-PIHPS
2026-05-04,1771,harga_pihps_produsen,19000.0,Rp,DAY01,BD-PIHPS
2026-05-04,1771,harga_pihps_produsen,145000.0,Rp,DSP01,BD-PIHPS
2026-05-04,1771,harga_pihps_produsen,130000.0,Rp,DSP02,BD-PIHPS
2026-05-04,1771,harga_pihps_produsen,24500.0,Rp,TLR01,BD-PIHPS
2026-05-05,1771,harga_pihps,14800.0,Rp,BRS01,BD-PIHPS
2026-05-05,1771,harga_pihps,15900.0,Rp,BRS02,BD-PIHPS
2026-05-05,1771,harga_pihps,15950.0,Rp,BRS03,BD-PIHPS
2026-05-05,1771,harga_pihps,16350.0,Rp,BRS04,BD-PIHPS
2026-05-05,1771,harga_pihps,16100.0,Rp,BRS05,BD-PIHPS
2026-05-05,1771,harga_pihps,16400.0,Rp,BRS06,BD-PIHPS
2026-05-05,1771,harga_pihps,49750.0,Rp,BWM01,BD-PIHPS
2026-05-05,1771,harga_pihps,41250.0,Rp,BWP01,BD-PIHPS
2026-05-05,1771,harga_pihps,41750.0,Rp,CMR01,BD-PIHPS
2026-05-05,1771,harga_pihps,45250.0,Rp,CMR02,BD-PIHPS
2026-05-05,1771,harga_pihps,44500.0,Rp,CRW01,BD-PIHPS
2026-05-05,1771,harga_pihps,60500.0,Rp,CRW02,BD-PIHPS
2026-05-05,1771,harga_pihps,37500.0,Rp,DAY01,BD-PIHPS
2026-05-05,1771,harga_pihps,155000.0,Rp,DSP01,BD-PIHPS
2026-05-05,1771,harga_pihps,140000.0,Rp,DSP02,BD-PIHPS
2026-05-05,1771,harga_pihps,19400.0,Rp,GLP01,BD-PIHPS
2026-05-05,1771,harga_pihps,19400.0,Rp,GLP02,BD-PIHPS
2026-05-05,1771,harga_pihps,19500.0,Rp,MGR01,BD-PIHPS
2026-05-05,1771,harga_pihps,24000.0,Rp,MGR02,BD-PIHPS
2026-05-05,1771,harga_pihps,23900.0,Rp,MGR03,BD-PIHPS
2026-05-05,1771,harga_pihps,29600.0,Rp,TLR01,BD-PIHPS
2026-05-05,1771,harga_pihps_grosir,14000.0,Rp,BRS01,BD-PIHPS
2026-05-05,1771,harga_pihps_grosir,15200.0,Rp,BRS02,BD-PIHPS
2026-05-05,1771,harga_pihps_grosir,15150.0,Rp,BRS03,BD-PIHPS
2026-05-05,1771,harga_pihps_grosir,15350.0,Rp,BRS04,BD-PIHPS
2026-05-05,1771,harga_pihps_grosir,15100.0,Rp,BRS05,BD-PIHPS
2026-05-05,1771,harga_pihps_grosir,15800.0,Rp,BRS06,BD-PIHPS
2026-05-05,1771,harga_pihps_grosir,37500.0,Rp,BWM01,BD-PIHPS
2026-05-05,1771,harga_pihps_grosir,27500.0,Rp,BWP01,BD-PIHPS
2026-05-05,1771,harga_pihps_grosir,35000.0,Rp,CMR01,BD-PIHPS
2026-05-05,1771,harga_pihps_grosir,38000.0,Rp,CMR02,BD-PIHPS
2026-05-05,1771,harga_pihps_grosir,36000.0,Rp,CRW01,BD-PIHPS
2026-05-05,1771,harga_pihps_grosir,44700.0,Rp,CRW02,BD-PIHPS
2026-05-05,1771,harga_pihps_grosir,34750.0,Rp,DAY01,BD-PIHPS
2026-05-05,1771,harga_pihps_grosir,132500.0,Rp,DSP01,BD-PIHPS
2026-05-05,1771,harga_pihps_grosir,132500.0,Rp,DSP02,BD-PIHPS
2026-05-05,1771,harga_pihps_grosir,17750.0,Rp,GLP01,BD-PIHPS
2026-05-05,1771,harga_pihps_grosir,18000.0,Rp,MGR01,BD-PIHPS
2026-05-05,1771,harga_pihps_grosir,22250.0,Rp,MGR02,BD-PIHPS
2026-05-05,1771,harga_pihps_grosir,22250.0,Rp,MGR03,BD-PIHPS
2026-05-05,1771,harga_pihps_grosir,29350.0,Rp,TLR01,BD-PIHPS
2026-05-05,1771,harga_pihps_modern,15450.0,Rp,BRS01,BD-PIHPS
2026-05-05,1771,harga_pihps_modern,15100.0,Rp,BRS02,BD-PIHPS
2026-05-05,1771,harga_pihps_modern,16350.0,Rp,BRS03,BD-PIHPS
2026-05-05,1771,harga_pihps_modern,16050.0,Rp,BRS04,BD-PIHPS
2026-05-05,1771,harga_pihps_modern,15250.0,Rp,BRS05,BD-PIHPS
2026-05-05,1771,harga_pihps_modern,17550.0,Rp,BRS06,BD-PIHPS
2026-05-05,1771,harga_pihps_modern,61950.0,Rp,BWM01,BD-PIHPS
2026-05-05,1771,harga_pihps_modern,47950.0,Rp,BWP01,BD-PIHPS
2026-05-05,1771,harga_pihps_modern,92950.0,Rp,CMR01,BD-PIHPS
2026-05-05,1771,harga_pihps_modern,57450.0,Rp,CMR02,BD-PIHPS
2026-05-05,1771,harga_pihps_modern,74950.0,Rp,CRW01,BD-PIHPS
2026-05-05,1771,harga_pihps_modern,82450.0,Rp,CRW02,BD-PIHPS
2026-05-05,1771,harga_pihps_modern,47050.0,Rp,DAY01,BD-PIHPS
2026-05-05,1771,harga_pihps_modern,134950.0,Rp,DSP01,BD-PIHPS
2026-05-05,1771,harga_pihps_modern,152450.0,Rp,DSP02,BD-PIHPS
2026-05-05,1771,harga_pihps_modern,17550.0,Rp,GLP01,BD-PIHPS
2026-05-05,1771,harga_pihps_modern,17450.0,Rp,GLP02,BD-PIHPS
2026-05-05,1771,harga_pihps_modern,22750.0,Rp,MGR02,BD-PIHPS
2026-05-05,1771,harga_pihps_modern,24800.0,Rp,MGR03,BD-PIHPS
2026-05-05,1771,harga_pihps_modern,28550.0,Rp,TLR01,BD-PIHPS
2026-05-05,1771,harga_pihps_produsen,13500.0,Rp,BRS03,BD-PIHPS
2026-05-05,1771,harga_pihps_produsen,13350.0,Rp,BRS04,BD-PIHPS
2026-05-05,1771,harga_pihps_produsen,16000.0,Rp,BRS05,BD-PIHPS
2026-05-05,1771,harga_pihps_produsen,13550.0,Rp,BRS06,BD-PIHPS
2026-05-05,1771,harga_pihps_produsen,25000.0,Rp,CMR01,BD-PIHPS
2026-05-05,1771,harga_pihps_produsen,23500.0,Rp,CMR02,BD-PIHPS
2026-05-05,1771,harga_pihps_produsen,32000.0,Rp,CRW02,BD-PIHPS
2026-05-05,1771,harga_pihps_produsen,19000.0,Rp,DAY01,BD-PIHPS
2026-05-05,1771,harga_pihps_produsen,145000.0,Rp,DSP01,BD-PIHPS
2026-05-05,1771,harga_pihps_produsen,130000.0,Rp,DSP02,BD-PIHPS
2026-05-05,1771,harga_pihps_produsen,24500.0,Rp,TLR01,BD-PIHPS
2026-05-06,1771,harga_pihps,14800.0,Rp,BRS01,BD-PIHPS
2026-05-06,1771,harga_pihps,15900.0,Rp,BRS02,BD-PIHPS
2026-05-06,1771,harga_pihps,15950.0,Rp,BRS03,BD-PIHPS
2026-05-06,1771,harga_pihps,16350.0,Rp,BRS04,BD-PIHPS
2026-05-06,1771,harga_pihps,16100.0,Rp,BRS05,BD-PIHPS
2026-05-06,1771,harga_pihps,16400.0,Rp,BRS06,BD-PIHPS
2026-05-06,1771,harga_pihps,49000.0,Rp,BWM01,BD-PIHPS
2026-05-06,1771,harga_pihps,40000.0,Rp,BWP01,BD-PIHPS
2026-05-06,1771,harga_pihps,41750.0,Rp,CMR01,BD-PIHPS
2026-05-06,1771,harga_pihps,47250.0,Rp,CMR02,BD-PIHPS
2026-05-06,1771,harga_pihps,45750.0,Rp,CRW01,BD-PIHPS
2026-05-06,1771,harga_pihps,60750.0,Rp,CRW02,BD-PIHPS
2026-05-06,1771,harga_pihps,38500.0,Rp,DAY01,BD-PIHPS
2026-05-06,1771,harga_pihps,155000.0,Rp,DSP01,BD-PIHPS
2026-05-06,1771,harga_pihps,140000.0,Rp,DSP02,BD-PIHPS
2026-05-06,1771,harga_pihps,19400.0,Rp,GLP01,BD-PIHPS
2026-05-06,1771,harga_pihps,19400.0,Rp,GLP02,BD-PIHPS
2026-05-06,1771,harga_pihps,19500.0,Rp,MGR01,BD-PIHPS
2026-05-06,1771,harga_pihps,24000.0,Rp,MGR02,BD-PIHPS
2026-05-06,1771,harga_pihps,23900.0,Rp,MGR03,BD-PIHPS
2026-05-06,1771,harga_pihps,29600.0,Rp,TLR01,BD-PIHPS
2026-05-06,1771,harga_pihps_grosir,14000.0,Rp,BRS01,BD-PIHPS
2026-05-06,1771,harga_pihps_grosir,15200.0,Rp,BRS02,BD-PIHPS
2026-05-06,1771,harga_pihps_grosir,15150.0,Rp,BRS03,BD-PIHPS
2026-05-06,1771,harga_pihps_grosir,15350.0,Rp,BRS04,BD-PIHPS
2026-05-06,1771,harga_pihps_grosir,15100.0,Rp,BRS05,BD-PIHPS
2026-05-06,1771,harga_pihps_grosir,15800.0,Rp,BRS06,BD-PIHPS
2026-05-06,1771,harga_pihps_grosir,37500.0,Rp,BWM01,BD-PIHPS
2026-05-06,1771,harga_pihps_grosir,27500.0,Rp,BWP01,BD-PIHPS
2026-05-06,1771,harga_pihps_grosir,35000.0,Rp,CMR01,BD-PIHPS
2026-05-06,1771,harga_pihps_grosir,38000.0,Rp,CMR02,BD-PIHPS
2026-05-06,1771,harga_pihps_grosir,36000.0,Rp,CRW01,BD-PIHPS
2026-05-06,1771,harga_pihps_grosir,44700.0,Rp,CRW02,BD-PIHPS
2026-05-06,1771,harga_pihps_grosir,34750.0,Rp,DAY01,BD-PIHPS
2026-05-06,1771,harga_pihps_grosir,132500.0,Rp,DSP01,BD-PIHPS
2026-05-06,1771,harga_pihps_grosir,132500.0,Rp,DSP02,BD-PIHPS
2026-05-06,1771,harga_pihps_grosir,17750.0,Rp,GLP01,BD-PIHPS
2026-05-06,1771,harga_pihps_grosir,18000.0,Rp,MGR01,BD-PIHPS
2026-05-06,1771,harga_pihps_grosir,22250.0,Rp,MGR02,BD-PIHPS
2026-05-06,1771,harga_pihps_grosir,22250.0,Rp,MGR03,BD-PIHPS
2026-05-06,1771,harga_pihps_grosir,29350.0,Rp,TLR01,BD-PIHPS
2026-05-06,1771,harga_pihps_modern,15450.0,Rp,BRS01,BD-PIHPS
2026-05-06,1771,harga_pihps_modern,15100.0,Rp,BRS02,BD-PIHPS
2026-05-06,1771,harga_pihps_modern,16350.0,Rp,BRS03,BD-PIHPS
2026-05-06,1771,harga_pihps_modern,16050.0,Rp,BRS04,BD-PIHPS
2026-05-06,1771,harga_pihps_modern,15250.0,Rp,BRS05,BD-PIHPS
2026-05-06,1771,harga_pihps_modern,17550.0,Rp,BRS06,BD-PIHPS
2026-05-06,1771,harga_pihps_modern,61950.0,Rp,BWM01,BD-PIHPS
2026-05-06,1771,harga_pihps_modern,47950.0,Rp,BWP01,BD-PIHPS
2026-05-06,1771,harga_pihps_modern,92950.0,Rp,CMR01,BD-PIHPS
2026-05-06,1771,harga_pihps_modern,57450.0,Rp,CMR02,BD-PIHPS
2026-05-06,1771,harga_pihps_modern,74950.0,Rp,CRW01,BD-PIHPS
2026-05-06,1771,harga_pihps_modern,82450.0,Rp,CRW02,BD-PIHPS
2026-05-06,1771,harga_pihps_modern,47050.0,Rp,DAY01,BD-PIHPS
2026-05-06,1771,harga_pihps_modern,134950.0,Rp,DSP01,BD-PIHPS
2026-05-06,1771,harga_pihps_modern,152450.0,Rp,DSP02,BD-PIHPS
2026-05-06,1771,harga_pihps_modern,17550.0,Rp,GLP01,BD-PIHPS
2026-05-06,1771,harga_pihps_modern,17450.0,Rp,GLP02,BD-PIHPS
2026-05-06,1771,harga_pihps_modern,22750.0,Rp,MGR02,BD-PIHPS
2026-05-06,1771,harga_pihps_modern,24800.0,Rp,MGR03,BD-PIHPS
2026-05-06,1771,harga_pihps_modern,28550.0,Rp,TLR01,BD-PIHPS
2026-05-06,1771,harga_pihps_produsen,13500.0,Rp,BRS03,BD-PIHPS
2026-05-06,1771,harga_pihps_produsen,13350.0,Rp,BRS04,BD-PIHPS
2026-05-06,1771,harga_pihps_produsen,16000.0,Rp,BRS05,BD-PIHPS
2026-05-06,1771,harga_pihps_produsen,13550.0,Rp,BRS06,BD-PIHPS
2026-05-06,1771,harga_pihps_produsen,25000.0,Rp,CMR01,BD-PIHPS
2026-05-06,1771,harga_pihps_produsen,23500.0,Rp,CMR02,BD-PIHPS
2026-05-06,1771,harga_pihps_produsen,32000.0,Rp,CRW02,BD-PIHPS
2026-05-06,1771,harga_pihps_produsen,19000.0,Rp,DAY01,BD-PIHPS
2026-05-06,1771,harga_pihps_produsen,145000.0,Rp,DSP01,BD-PIHPS
2026-05-06,1771,harga_pihps_produsen,130000.0,Rp,DSP02,BD-PIHPS
2026-05-06,1771,harga_pihps_produsen,24500.0,Rp,TLR01,BD-PIHPS
2026-05-07,1771,harga_pihps,14800.0,Rp,BRS01,BD-PIHPS
2026-05-07,1771,harga_pihps,15900.0,Rp,BRS02,BD-PIHPS
2026-05-07,1771,harga_pihps,15950.0,Rp,BRS03,BD-PIHPS
2026-05-07,1771,harga_pihps,16350.0,Rp,BRS04,BD-PIHPS
2026-05-07,1771,harga_pihps,16100.0,Rp,BRS05,BD-PIHPS
2026-05-07,1771,harga_pihps,16400.0,Rp,BRS06,BD-PIHPS
2026-05-07,1771,harga_pihps,49000.0,Rp,BWM01,BD-PIHPS
2026-05-07,1771,harga_pihps,40000.0,Rp,BWP01,BD-PIHPS
2026-05-07,1771,harga_pihps,44750.0,Rp,CMR01,BD-PIHPS
2026-05-07,1771,harga_pihps,50500.0,Rp,CMR02,BD-PIHPS
2026-05-07,1771,harga_pihps,46250.0,Rp,CRW01,BD-PIHPS
2026-05-07,1771,harga_pihps,66750.0,Rp,CRW02,BD-PIHPS
2026-05-07,1771,harga_pihps,40250.0,Rp,DAY01,BD-PIHPS
2026-05-07,1771,harga_pihps,155000.0,Rp,DSP01,BD-PIHPS
2026-05-07,1771,harga_pihps,140000.0,Rp,DSP02,BD-PIHPS
2026-05-07,1771,harga_pihps,19400.0,Rp,GLP01,BD-PIHPS
2026-05-07,1771,harga_pihps,19400.0,Rp,GLP02,BD-PIHPS
2026-05-07,1771,harga_pihps,19500.0,Rp,MGR01,BD-PIHPS
2026-05-07,1771,harga_pihps,24000.0,Rp,MGR02,BD-PIHPS
2026-05-07,1771,harga_pihps,23900.0,Rp,MGR03,BD-PIHPS
2026-05-07,1771,harga_pihps,29600.0,Rp,TLR01,BD-PIHPS
2026-05-07,1771,harga_pihps_grosir,14000.0,Rp,BRS01,BD-PIHPS
2026-05-07,1771,harga_pihps_grosir,15200.0,Rp,BRS02,BD-PIHPS
2026-05-07,1771,harga_pihps_grosir,15150.0,Rp,BRS03,BD-PIHPS
2026-05-07,1771,harga_pihps_grosir,15350.0,Rp,BRS04,BD-PIHPS
2026-05-07,1771,harga_pihps_grosir,15100.0,Rp,BRS05,BD-PIHPS
2026-05-07,1771,harga_pihps_grosir,15800.0,Rp,BRS06,BD-PIHPS
2026-05-07,1771,harga_pihps_grosir,39000.0,Rp,BWM01,BD-PIHPS
2026-05-07,1771,harga_pihps_grosir,26000.0,Rp,BWP01,BD-PIHPS
2026-05-07,1771,harga_pihps_grosir,35500.0,Rp,CMR01,BD-PIHPS
2026-05-07,1771,harga_pihps_grosir,39000.0,Rp,CMR02,BD-PIHPS
2026-05-07,1771,harga_pihps_grosir,36000.0,Rp,CRW01,BD-PIHPS
2026-05-07,1771,harga_pihps_grosir,55000.0,Rp,CRW02,BD-PIHPS
2026-05-07,1771,harga_pihps_grosir,35500.0,Rp,DAY01,BD-PIHPS
2026-05-07,1771,harga_pihps_grosir,130000.0,Rp,DSP01,BD-PIHPS
2026-05-07,1771,harga_pihps_grosir,110000.0,Rp,DSP02,BD-PIHPS
2026-05-07,1771,harga_pihps_grosir,17750.0,Rp,GLP01,BD-PIHPS
2026-05-07,1771,harga_pihps_grosir,18000.0,Rp,MGR01,BD-PIHPS
2026-05-07,1771,harga_pihps_grosir,22250.0,Rp,MGR02,BD-PIHPS
2026-05-07,1771,harga_pihps_grosir,22250.0,Rp,MGR03,BD-PIHPS
2026-05-07,1771,harga_pihps_grosir,28550.0,Rp,TLR01,BD-PIHPS
2026-05-07,1771,harga_pihps_modern,15450.0,Rp,BRS01,BD-PIHPS
2026-05-07,1771,harga_pihps_modern,15100.0,Rp,BRS02,BD-PIHPS
2026-05-07,1771,harga_pihps_modern,16350.0,Rp,BRS03,BD-PIHPS
2026-05-07,1771,harga_pihps_modern,16050.0,Rp,BRS04,BD-PIHPS
2026-05-07,1771,harga_pihps_modern,15250.0,Rp,BRS05,BD-PIHPS
2026-05-07,1771,harga_pihps_modern,17550.0,Rp,BRS06,BD-PIHPS
2026-05-07,1771,harga_pihps_modern,61950.0,Rp,BWM01,BD-PIHPS
2026-05-07,1771,harga_pihps_modern,47950.0,Rp,BWP01,BD-PIHPS
2026-05-07,1771,harga_pihps_modern,92950.0,Rp,CMR01,BD-PIHPS
2026-05-07,1771,harga_pihps_modern,57450.0,Rp,CMR02,BD-PIHPS
2026-05-07,1771,harga_pihps_modern,74950.0,Rp,CRW01,BD-PIHPS
2026-05-07,1771,harga_pihps_modern,82450.0,Rp,CRW02,BD-PIHPS
2026-05-07,1771,harga_pihps_modern,47050.0,Rp,DAY01,BD-PIHPS
2026-05-07,1771,harga_pihps_modern,134950.0,Rp,DSP01,BD-PIHPS
2026-05-07,1771,harga_pihps_modern,152450.0,Rp,DSP02,BD-PIHPS
2026-05-07,1771,harga_pihps_modern,17550.0,Rp,GLP01,BD-PIHPS
2026-05-07,1771,harga_pihps_modern,17450.0,Rp,GLP02,BD-PIHPS
2026-05-07,1771,harga_pihps_modern,22750.0,Rp,MGR02,BD-PIHPS
2026-05-07,1771,harga_pihps_modern,24800.0,Rp,MGR03,BD-PIHPS
2026-05-07,1771,harga_pihps_modern,28550.0,Rp,TLR01,BD-PIHPS
2026-05-07,1771,harga_pihps_produsen,13500.0,Rp,BRS03,BD-PIHPS
2026-05-07,1771,harga_pihps_produsen,13350.0,Rp,BRS04,BD-PIHPS
2026-05-07,1771,harga_pihps_produsen,16000.0,Rp,BRS05,BD-PIHPS
2026-05-07,1771,harga_pihps_produsen,13550.0,Rp,BRS06,BD-PIHPS
2026-05-07,1771,harga_pihps_produsen,25000.0,Rp,CMR01,BD-PIHPS
2026-05-07,1771,harga_pihps_produsen,23500.0,Rp,CMR02,BD-PIHPS
2026-05-07,1771,harga_pihps_produsen,32000.0,Rp,CRW02,BD-PIHPS
2026-05-07,1771,harga_pihps_produsen,19000.0,Rp,DAY01,BD-PIHPS
2026-05-07,1771,harga_pihps_produsen,145000.0,Rp,DSP01,BD-PIHPS
2026-05-07,1771,harga_pihps_produsen,130000.0,Rp,DSP02,BD-PIHPS
2026-05-07,1771,harga_pihps_produsen,24500.0,Rp,TLR01,BD-PIHPS
2026-05-08,1771,harga_pihps,14800.0,Rp,BRS01,BD-PIHPS
2026-05-08,1771,harga_pihps,15900.0,Rp,BRS02,BD-PIHPS
2026-05-08,1771,harga_pihps,15950.0,Rp,BRS03,BD-PIHPS
2026-05-08,1771,harga_pihps,16350.0,Rp,BRS04,BD-PIHPS
2026-05-08,1771,harga_pihps,16100.0,Rp,BRS05,BD-PIHPS
2026-05-08,1771,harga_pihps,16400.0,Rp,BRS06,BD-PIHPS
2026-05-08,1771,harga_pihps,49000.0,Rp,BWM01,BD-PIHPS
2026-05-08,1771,harga_pihps,38750.0,Rp,BWP01,BD-PIHPS
2026-05-08,1771,harga_pihps,49000.0,Rp,CMR01,BD-PIHPS
2026-05-08,1771,harga_pihps,58250.0,Rp,CMR02,BD-PIHPS
2026-05-08,1771,harga_pihps,51500.0,Rp,CRW01,BD-PIHPS
2026-05-08,1771,harga_pihps,72000.0,Rp,CRW02,BD-PIHPS
2026-05-08,1771,harga_pihps,38250.0,Rp,DAY01,BD-PIHPS
2026-05-08,1771,harga_pihps,155000.0,Rp,DSP01,BD-PIHPS
2026-05-08,1771,harga_pihps,140000.0,Rp,DSP02,BD-PIHPS
2026-05-08,1771,harga_pihps,19400.0,Rp,GLP01,BD-PIHPS
2026-05-08,1771,harga_pihps,19400.0,Rp,GLP02,BD-PIHPS
2026-05-08,1771,harga_pihps,19500.0,Rp,MGR01,BD-PIHPS
2026-05-08,1771,harga_pihps,24000.0,Rp,MGR02,BD-PIHPS
2026-05-08,1771,harga_pihps,23900.0,Rp,MGR03,BD-PIHPS
2026-05-08,1771,harga_pihps,29600.0,Rp,TLR01,BD-PIHPS
2026-05-08,1771,harga_pihps_grosir,14000.0,Rp,BRS01,BD-PIHPS
2026-05-08,1771,harga_pihps_grosir,15200.0,Rp,BRS02,BD-PIHPS
2026-05-08,1771,harga_pihps_grosir,15150.0,Rp,BRS03,BD-PIHPS
2026-05-08,1771,harga_pihps_grosir,15350.0,Rp,BRS04,BD-PIHPS
2026-05-08,1771,harga_pihps_grosir,15100.0,Rp,BRS05,BD-PIHPS
2026-05-08,1771,harga_pihps_grosir,15800.0,Rp,BRS06,BD-PIHPS
2026-05-08,1771,harga_pihps_grosir,39000.0,Rp,BWM01,BD-PIHPS
2026-05-08,1771,harga_pihps_grosir,26000.0,Rp,BWP01,BD-PIHPS
2026-05-08,1771,harga_pihps_grosir,35500.0,Rp,CMR01,BD-PIHPS
2026-05-08,1771,harga_pihps_grosir,39000.0,Rp,CMR02,BD-PIHPS
2026-05-08,1771,harga_pihps_grosir,36000.0,Rp,CRW01,BD-PIHPS
2026-05-08,1771,harga_pihps_grosir,55000.0,Rp,CRW02,BD-PIHPS
2026-05-08,1771,harga_pihps_grosir,35500.0,Rp,DAY01,BD-PIHPS
2026-05-08,1771,harga_pihps_grosir,130000.0,Rp,DSP01,BD-PIHPS
2026-05-08,1771,harga_pihps_grosir,110000.0,Rp,DSP02,BD-PIHPS
2026-05-08,1771,harga_pihps_grosir,17750.0,Rp,GLP01,BD-PIHPS
2026-05-08,1771,harga_pihps_grosir,18000.0,Rp,MGR01,BD-PIHPS
2026-05-08,1771,harga_pihps_grosir,22250.0,Rp,MGR02,BD-PIHPS
2026-05-08,1771,harga_pihps_grosir,22250.0,Rp,MGR03,BD-PIHPS
2026-05-08,1771,harga_pihps_grosir,28550.0,Rp,TLR01,BD-PIHPS
2026-05-08,1771,harga_pihps_modern,15450.0,Rp,BRS01,BD-PIHPS
2026-05-08,1771,harga_pihps_modern,15100.0,Rp,BRS02,BD-PIHPS
2026-05-08,1771,harga_pihps_modern,16350.0,Rp,BRS03,BD-PIHPS
2026-05-08,1771,harga_pihps_modern,16050.0,Rp,BRS04,BD-PIHPS
2026-05-08,1771,harga_pihps_modern,15250.0,Rp,BRS05,BD-PIHPS
2026-05-08,1771,harga_pihps_modern,17550.0,Rp,BRS06,BD-PIHPS
2026-05-08,1771,harga_pihps_modern,61950.0,Rp,BWM01,BD-PIHPS
2026-05-08,1771,harga_pihps_modern,47950.0,Rp,BWP01,BD-PIHPS
2026-05-08,1771,harga_pihps_modern,92950.0,Rp,CMR01,BD-PIHPS
2026-05-08,1771,harga_pihps_modern,57450.0,Rp,CMR02,BD-PIHPS
2026-05-08,1771,harga_pihps_modern,74950.0,Rp,CRW01,BD-PIHPS
2026-05-08,1771,harga_pihps_modern,82450.0,Rp,CRW02,BD-PIHPS
2026-05-08,1771,harga_pihps_modern,47050.0,Rp,DAY01,BD-PIHPS
2026-05-08,1771,harga_pihps_modern,134950.0,Rp,DSP01,BD-PIHPS
2026-05-08,1771,harga_pihps_modern,152450.0,Rp,DSP02,BD-PIHPS
2026-05-08,1771,harga_pihps_modern,17550.0,Rp,GLP01,BD-PIHPS
2026-05-08,1771,harga_pihps_modern,17450.0,Rp,GLP02,BD-PIHPS
2026-05-08,1771,harga_pihps_modern,22750.0,Rp,MGR02,BD-PIHPS
2026-05-08,1771,harga_pihps_modern,24800.0,Rp,MGR03,BD-PIHPS
2026-05-08,1771,harga_pihps_modern,28550.0,Rp,TLR01,BD-PIHPS
2026-05-08,1771,harga_pihps_produsen,13500.0,Rp,BRS03,BD-PIHPS
2026-05-08,1771,harga_pihps_produsen,13350.0,Rp,BRS04,BD-PIHPS
2026-05-08,1771,harga_pihps_produsen,16000.0,Rp,BRS05,BD-PIHPS
2026-05-08,1771,harga_pihps_produsen,13550.0,Rp,BRS06,BD-PIHPS
2026-05-08,1771,harga_pihps_produsen,25000.0,Rp,CMR01,BD-PIHPS
2026-05-08,1771,harga_pihps_produsen,23500.0,Rp,CMR02,BD-PIHPS
2026-05-08,1771,harga_pihps_produsen,32000.0,Rp,CRW02,BD-PIHPS
2026-05-08,1771,harga_pihps_produsen,19000.0,Rp,DAY01,BD-PIHPS
2026-05-08,1771,harga_pihps_produsen,145000.0,Rp,DSP01,BD-PIHPS
2026-05-08,1771,harga_pihps_produsen,130000.0,Rp,DSP02,BD-PIHPS
2026-05-08,1771,harga_pihps_produsen,24500.0,Rp,TLR01,BD-PIHPS
2026-05-11,1771,harga_pihps,14800.0,Rp,BRS01,BD-PIHPS
2026-05-11,1771,harga_pihps,15900.0,Rp,BRS02,BD-PIHPS
2026-05-11,1771,harga_pihps,15950.0,Rp,BRS03,BD-PIHPS
2026-05-11,1771,harga_pihps,16350.0,Rp,BRS04,BD-PIHPS
2026-05-11,1771,harga_pihps,16100.0,Rp,BRS05,BD-PIHPS
2026-05-11,1771,harga_pihps,16400.0,Rp,BRS06,BD-PIHPS
2026-05-11,1771,harga_pihps,51250.0,Rp,BWM01,BD-PIHPS
2026-05-11,1771,harga_pihps,40750.0,Rp,BWP01,BD-PIHPS
2026-05-11,1771,harga_pihps,49000.0,Rp,CMR01,BD-PIHPS
2026-05-11,1771,harga_pihps,58250.0,Rp,CMR02,BD-PIHPS
2026-05-11,1771,harga_pihps,56750.0,Rp,CRW01,BD-PIHPS
2026-05-11,1771,harga_pihps,79500.0,Rp,CRW02,BD-PIHPS
2026-05-11,1771,harga_pihps,36750.0,Rp,DAY01,BD-PIHPS
2026-05-11,1771,harga_pihps,155000.0,Rp,DSP01,BD-PIHPS
2026-05-11,1771,harga_pihps,140000.0,Rp,DSP02,BD-PIHPS
2026-05-11,1771,harga_pihps,19400.0,Rp,GLP01,BD-PIHPS
2026-05-11,1771,harga_pihps,19400.0,Rp,GLP02,BD-PIHPS
2026-05-11,1771,harga_pihps,19500.0,Rp,MGR01,BD-PIHPS
2026-05-11,1771,harga_pihps,24000.0,Rp,MGR02,BD-PIHPS
2026-05-11,1771,harga_pihps,23900.0,Rp,MGR03,BD-PIHPS
2026-05-11,1771,harga_pihps,29600.0,Rp,TLR01,BD-PIHPS
2026-05-11,1771,harga_pihps_grosir,14000.0,Rp,BRS01,BD-PIHPS
2026-05-11,1771,harga_pihps_grosir,15200.0,Rp,BRS02,BD-PIHPS
2026-05-11,1771,harga_pihps_grosir,15150.0,Rp,BRS03,BD-PIHPS
2026-05-11,1771,harga_pihps_grosir,15350.0,Rp,BRS04,BD-PIHPS
2026-05-11,1771,harga_pihps_grosir,15100.0,Rp,BRS05,BD-PIHPS
2026-05-11,1771,harga_pihps_grosir,15800.0,Rp,BRS06,BD-PIHPS
2026-05-11,1771,harga_pihps_grosir,39000.0,Rp,BWM01,BD-PIHPS
2026-05-11,1771,harga_pihps_grosir,26000.0,Rp,BWP01,BD-PIHPS
2026-05-11,1771,harga_pihps_grosir,35500.0,Rp,CMR01,BD-PIHPS
2026-05-11,1771,harga_pihps_grosir,39000.0,Rp,CMR02,BD-PIHPS
2026-05-11,1771,harga_pihps_grosir,36000.0,Rp,CRW01,BD-PIHPS
2026-05-11,1771,harga_pihps_grosir,55000.0,Rp,CRW02,BD-PIHPS
2026-05-11,1771,harga_pihps_grosir,35500.0,Rp,DAY01,BD-PIHPS
2026-05-11,1771,harga_pihps_grosir,130000.0,Rp,DSP01,BD-PIHPS
2026-05-11,1771,harga_pihps_grosir,110000.0,Rp,DSP02,BD-PIHPS
2026-05-11,1771,harga_pihps_grosir,17750.0,Rp,GLP01,BD-PIHPS
2026-05-11,1771,harga_pihps_grosir,18000.0,Rp,MGR01,BD-PIHPS
2026-05-11,1771,harga_pihps_grosir,22250.0,Rp,MGR02,BD-PIHPS
2026-05-11,1771,harga_pihps_grosir,22250.0,Rp,MGR03,BD-PIHPS
2026-05-11,1771,harga_pihps_grosir,28550.0,Rp,TLR01,BD-PIHPS
2026-05-11,1771,harga_pihps_modern,15450.0,Rp,BRS01,BD-PIHPS
2026-05-11,1771,harga_pihps_modern,15100.0,Rp,BRS02,BD-PIHPS
2026-05-11,1771,harga_pihps_modern,16350.0,Rp,BRS03,BD-PIHPS
2026-05-11,1771,harga_pihps_modern,16050.0,Rp,BRS04,BD-PIHPS
2026-05-11,1771,harga_pihps_modern,15250.0,Rp,BRS05,BD-PIHPS
2026-05-11,1771,harga_pihps_modern,17550.0,Rp,BRS06,BD-PIHPS
2026-05-11,1771,harga_pihps_modern,61950.0,Rp,BWM01,BD-PIHPS
2026-05-11,1771,harga_pihps_modern,47950.0,Rp,BWP01,BD-PIHPS
2026-05-11,1771,harga_pihps_modern,92950.0,Rp,CMR01,BD-PIHPS
2026-05-11,1771,harga_pihps_modern,57450.0,Rp,CMR02,BD-PIHPS
2026-05-11,1771,harga_pihps_modern,74950.0,Rp,CRW01,BD-PIHPS
2026-05-11,1771,harga_pihps_modern,82450.0,Rp,CRW02,BD-PIHPS
2026-05-11,1771,harga_pihps_modern,47050.0,Rp,DAY01,BD-PIHPS
2026-05-11,1771,harga_pihps_modern,134950.0,Rp,DSP01,BD-PIHPS
2026-05-11,1771,harga_pihps_modern,152450.0,Rp,DSP02,BD-PIHPS
2026-05-11,1771,harga_pihps_modern,17550.0,Rp,GLP01,BD-PIHPS
2026-05-11,1771,harga_pihps_modern,17450.0,Rp,GLP02,BD-PIHPS
2026-05-11,1771,harga_pihps_modern,22750.0,Rp,MGR02,BD-PIHPS
2026-05-11,1771,harga_pihps_modern,24800.0,Rp,MGR03,BD-PIHPS
2026-05-11,1771,harga_pihps_modern,28550.0,Rp,TLR01,BD-PIHPS
2026-05-11,1771,harga_pihps_produsen,13500.0,Rp,BRS03,BD-PIHPS
2026-05-11,1771,harga_pihps_produsen,13350.0,Rp,BRS04,BD-PIHPS
2026-05-11,1771,harga_pihps_produsen,16000.0,Rp,BRS05,BD-PIHPS
2026-05-11,1771,harga_pihps_produsen,13550.0,Rp,BRS06,BD-PIHPS
2026-05-11,1771,harga_pihps_produsen,25000.0,Rp,CMR01,BD-PIHPS
2026-05-11,1771,harga_pihps_produsen,23500.0,Rp,CMR02,BD-PIHPS
2026-05-11,1771,harga_pihps_produsen,32000.0,Rp,CRW02,BD-PIHPS
2026-05-11,1771,harga_pihps_produsen,19000.0,Rp,DAY01,BD-PIHPS
2026-05-11,1771,harga_pihps_produsen,145000.0,Rp,DSP01,BD-PIHPS
2026-05-11,1771,harga_pihps_produsen,130000.0,Rp,DSP02,BD-PIHPS
2026-05-11,1771,harga_pihps_produsen,24500.0,Rp,TLR01,BD-PIHPS
2026-05-12,1771,harga_pihps,14800.0,Rp,BRS01,BD-PIHPS
2026-05-12,1771,harga_pihps,15900.0,Rp,BRS02,BD-PIHPS
2026-05-12,1771,harga_pihps,15950.0,Rp,BRS03,BD-PIHPS
2026-05-12,1771,harga_pihps,16350.0,Rp,BRS04,BD-PIHPS
2026-05-12,1771,harga_pihps,16100.0,Rp,BRS05,BD-PIHPS
2026-05-12,1771,harga_pihps,16400.0,Rp,BRS06,BD-PIHPS
2026-05-12,1771,harga_pihps,51250.0,Rp,BWM01,BD-PIHPS
2026-05-12,1771,harga_pihps,41750.0,Rp,BWP01,BD-PIHPS
2026-05-12,1771,harga_pihps,54250.0,Rp,CMR01,BD-PIHPS
2026-05-12,1771,harga_pihps,58250.0,Rp,CMR02,BD-PIHPS
2026-05-12,1771,harga_pihps,56750.0,Rp,CRW01,BD-PIHPS
2026-05-12,1771,harga_pihps,79500.0,Rp,CRW02,BD-PIHPS
2026-05-12,1771,harga_pihps,36750.0,Rp,DAY01,BD-PIHPS
2026-05-12,1771,harga_pihps,155000.0,Rp,DSP01,BD-PIHPS
2026-05-12,1771,harga_pihps,140000.0,Rp,DSP02,BD-PIHPS
2026-05-12,1771,harga_pihps,19400.0,Rp,GLP01,BD-PIHPS
2026-05-12,1771,harga_pihps,19400.0,Rp,GLP02,BD-PIHPS
2026-05-12,1771,harga_pihps,19500.0,Rp,MGR01,BD-PIHPS
2026-05-12,1771,harga_pihps,24000.0,Rp,MGR02,BD-PIHPS
2026-05-12,1771,harga_pihps,23900.0,Rp,MGR03,BD-PIHPS
2026-05-12,1771,harga_pihps,29600.0,Rp,TLR01,BD-PIHPS
2026-05-12,1771,harga_pihps_grosir,14000.0,Rp,BRS01,BD-PIHPS
2026-05-12,1771,harga_pihps_grosir,15200.0,Rp,BRS02,BD-PIHPS
2026-05-12,1771,harga_pihps_grosir,15150.0,Rp,BRS03,BD-PIHPS
2026-05-12,1771,harga_pihps_grosir,15350.0,Rp,BRS04,BD-PIHPS
2026-05-12,1771,harga_pihps_grosir,15100.0,Rp,BRS05,BD-PIHPS
2026-05-12,1771,harga_pihps_grosir,15800.0,Rp,BRS06,BD-PIHPS
2026-05-12,1771,harga_pihps_grosir,39000.0,Rp,BWM01,BD-PIHPS
2026-05-12,1771,harga_pihps_grosir,26000.0,Rp,BWP01,BD-PIHPS
2026-05-12,1771,harga_pihps_grosir,35500.0,Rp,CMR01,BD-PIHPS
2026-05-12,1771,harga_pihps_grosir,39000.0,Rp,CMR02,BD-PIHPS
2026-05-12,1771,harga_pihps_grosir,36000.0,Rp,CRW01,BD-PIHPS
2026-05-12,1771,harga_pihps_grosir,55000.0,Rp,CRW02,BD-PIHPS
2026-05-12,1771,harga_pihps_grosir,35500.0,Rp,DAY01,BD-PIHPS
2026-05-12,1771,harga_pihps_grosir,130000.0,Rp,DSP01,BD-PIHPS
2026-05-12,1771,harga_pihps_grosir,110000.0,Rp,DSP02,BD-PIHPS
2026-05-12,1771,harga_pihps_grosir,17750.0,Rp,GLP01,BD-PIHPS
2026-05-12,1771,harga_pihps_grosir,18000.0,Rp,MGR01,BD-PIHPS
2026-05-12,1771,harga_pihps_grosir,22250.0,Rp,MGR02,BD-PIHPS
2026-05-12,1771,harga_pihps_grosir,22250.0,Rp,MGR03,BD-PIHPS
2026-05-12,1771,harga_pihps_grosir,28550.0,Rp,TLR01,BD-PIHPS
2026-05-12,1771,harga_pihps_modern,15450.0,Rp,BRS01,BD-PIHPS
2026-05-12,1771,harga_pihps_modern,15100.0,Rp,BRS02,BD-PIHPS
2026-05-12,1771,harga_pihps_modern,16350.0,Rp,BRS03,BD-PIHPS
2026-05-12,1771,harga_pihps_modern,16050.0,Rp,BRS04,BD-PIHPS
2026-05-12,1771,harga_pihps_modern,15250.0,Rp,BRS05,BD-PIHPS
2026-05-12,1771,harga_pihps_modern,17550.0,Rp,BRS06,BD-PIHPS
2026-05-12,1771,harga_pihps_modern,61950.0,Rp,BWM01,BD-PIHPS
2026-05-12,1771,harga_pihps_modern,47950.0,Rp,BWP01,BD-PIHPS
2026-05-12,1771,harga_pihps_modern,92950.0,Rp,CMR01,BD-PIHPS
2026-05-12,1771,harga_pihps_modern,57450.0,Rp,CMR02,BD-PIHPS
2026-05-12,1771,harga_pihps_modern,74950.0,Rp,CRW01,BD-PIHPS
2026-05-12,1771,harga_pihps_modern,82450.0,Rp,CRW02,BD-PIHPS
2026-05-12,1771,harga_pihps_modern,48050.0,Rp,DAY01,BD-PIHPS
2026-05-12,1771,harga_pihps_modern,164950.0,Rp,DSP01,BD-PIHPS
2026-05-12,1771,harga_pihps_modern,154950.0,Rp,DSP02,BD-PIHPS
2026-05-12,1771,harga_pihps_modern,17450.0,Rp,GLP01,BD-PIHPS
2026-05-12,1771,harga_pihps_modern,17450.0,Rp,GLP02,BD-PIHPS
2026-05-12,1771,harga_pihps_modern,22750.0,Rp,MGR02,BD-PIHPS
2026-05-12,1771,harga_pihps_modern,24800.0,Rp,MGR03,BD-PIHPS
2026-05-12,1771,harga_pihps_modern,28550.0,Rp,TLR01,BD-PIHPS
2026-05-12,1771,harga_pihps_produsen,13500.0,Rp,BRS03,BD-PIHPS
2026-05-12,1771,harga_pihps_produsen,13350.0,Rp,BRS04,BD-PIHPS
2026-05-12,1771,harga_pihps_produsen,16000.0,Rp,BRS05,BD-PIHPS
2026-05-12,1771,harga_pihps_produsen,13550.0,Rp,BRS06,BD-PIHPS
2026-05-12,1771,harga_pihps_produsen,25000.0,Rp,CMR01,BD-PIHPS
2026-05-12,1771,harga_pihps_produsen,23500.0,Rp,CMR02,BD-PIHPS
2026-05-12,1771,harga_pihps_produsen,32000.0,Rp,CRW02,BD-PIHPS
2026-05-12,1771,harga_pihps_produsen,19000.0,Rp,DAY01,BD-PIHPS
2026-05-12,1771,harga_pihps_produsen,145000.0,Rp,DSP01,BD-PIHPS
2026-05-12,1771,harga_pihps_produsen,130000.0,Rp,DSP02,BD-PIHPS
2026-05-12,1771,harga_pihps_produsen,24500.0,Rp,TLR01,BD-PIHPS
2026-05-13,1771,harga_pihps,14800.0,Rp,BRS01,BD-PIHPS
2026-05-13,1771,harga_pihps,15900.0,Rp,BRS02,BD-PIHPS
2026-05-13,1771,harga_pihps,15950.0,Rp,BRS03,BD-PIHPS
2026-05-13,1771,harga_pihps,16350.0,Rp,BRS04,BD-PIHPS
2026-05-13,1771,harga_pihps,16100.0,Rp,BRS05,BD-PIHPS
2026-05-13,1771,harga_pihps,16400.0,Rp,BRS06,BD-PIHPS
2026-05-13,1771,harga_pihps,52250.0,Rp,BWM01,BD-PIHPS
2026-05-13,1771,harga_pihps,43000.0,Rp,BWP01,BD-PIHPS
2026-05-13,1771,harga_pihps,51000.0,Rp,CMR01,BD-PIHPS
2026-05-13,1771,harga_pihps,58250.0,Rp,CMR02,BD-PIHPS
2026-05-13,1771,harga_pihps,59500.0,Rp,CRW01,BD-PIHPS
2026-05-13,1771,harga_pihps,79500.0,Rp,CRW02,BD-PIHPS
2026-05-13,1771,harga_pihps,36750.0,Rp,DAY01,BD-PIHPS
2026-05-13,1771,harga_pihps,155000.0,Rp,DSP01,BD-PIHPS
2026-05-13,1771,harga_pihps,140000.0,Rp,DSP02,BD-PIHPS
2026-05-13,1771,harga_pihps,19400.0,Rp,GLP01,BD-PIHPS
2026-05-13,1771,harga_pihps,19400.0,Rp,GLP02,BD-PIHPS
2026-05-13,1771,harga_pihps,19500.0,Rp,MGR01,BD-PIHPS
2026-05-13,1771,harga_pihps,24000.0,Rp,MGR02,BD-PIHPS
2026-05-13,1771,harga_pihps,23900.0,Rp,MGR03,BD-PIHPS
2026-05-13,1771,harga_pihps,29600.0,Rp,TLR01,BD-PIHPS
2026-05-13,1771,harga_pihps_grosir,14000.0,Rp,BRS01,BD-PIHPS
2026-05-13,1771,harga_pihps_grosir,15200.0,Rp,BRS02,BD-PIHPS
2026-05-13,1771,harga_pihps_grosir,15150.0,Rp,BRS03,BD-PIHPS
2026-05-13,1771,harga_pihps_grosir,15350.0,Rp,BRS04,BD-PIHPS
2026-05-13,1771,harga_pihps_grosir,15100.0,Rp,BRS05,BD-PIHPS
2026-05-13,1771,harga_pihps_grosir,15800.0,Rp,BRS06,BD-PIHPS
2026-05-13,1771,harga_pihps_grosir,39000.0,Rp,BWM01,BD-PIHPS
2026-05-13,1771,harga_pihps_grosir,26000.0,Rp,BWP01,BD-PIHPS
2026-05-13,1771,harga_pihps_grosir,35500.0,Rp,CMR01,BD-PIHPS
2026-05-13,1771,harga_pihps_grosir,39000.0,Rp,CMR02,BD-PIHPS
2026-05-13,1771,harga_pihps_grosir,36000.0,Rp,CRW01,BD-PIHPS
2026-05-13,1771,harga_pihps_grosir,55000.0,Rp,CRW02,BD-PIHPS
2026-05-13,1771,harga_pihps_grosir,35500.0,Rp,DAY01,BD-PIHPS
2026-05-13,1771,harga_pihps_grosir,130000.0,Rp,DSP01,BD-PIHPS
2026-05-13,1771,harga_pihps_grosir,110000.0,Rp,DSP02,BD-PIHPS
2026-05-13,1771,harga_pihps_grosir,17750.0,Rp,GLP01,BD-PIHPS
2026-05-13,1771,harga_pihps_grosir,18000.0,Rp,MGR01,BD-PIHPS
2026-05-13,1771,harga_pihps_grosir,22250.0,Rp,MGR02,BD-PIHPS
2026-05-13,1771,harga_pihps_grosir,22250.0,Rp,MGR03,BD-PIHPS
2026-05-13,1771,harga_pihps_grosir,28550.0,Rp,TLR01,BD-PIHPS
2026-05-13,1771,harga_pihps_modern,15450.0,Rp,BRS01,BD-PIHPS
2026-05-13,1771,harga_pihps_modern,15100.0,Rp,BRS02,BD-PIHPS
2026-05-13,1771,harga_pihps_modern,16350.0,Rp,BRS03,BD-PIHPS
2026-05-13,1771,harga_pihps_modern,16050.0,Rp,BRS04,BD-PIHPS
2026-05-13,1771,harga_pihps_modern,15250.0,Rp,BRS05,BD-PIHPS
2026-05-13,1771,harga_pihps_modern,17550.0,Rp,BRS06,BD-PIHPS
2026-05-13,1771,harga_pihps_modern,61950.0,Rp,BWM01,BD-PIHPS
2026-05-13,1771,harga_pihps_modern,47950.0,Rp,BWP01,BD-PIHPS
2026-05-13,1771,harga_pihps_modern,92950.0,Rp,CMR01,BD-PIHPS
2026-05-13,1771,harga_pihps_modern,57450.0,Rp,CMR02,BD-PIHPS
2026-05-13,1771,harga_pihps_modern,74950.0,Rp,CRW01,BD-PIHPS
2026-05-13,1771,harga_pihps_modern,82450.0,Rp,CRW02,BD-PIHPS
2026-05-13,1771,harga_pihps_modern,48050.0,Rp,DAY01,BD-PIHPS
2026-05-13,1771,harga_pihps_modern,164950.0,Rp,DSP01,BD-PIHPS
2026-05-13,1771,harga_pihps_modern,154950.0,Rp,DSP02,BD-PIHPS
2026-05-13,1771,harga_pihps_modern,17450.0,Rp,GLP01,BD-PIHPS
2026-05-13,1771,harga_pihps_modern,17450.0,Rp,GLP02,BD-PIHPS
2026-05-13,1771,harga_pihps_modern,22750.0,Rp,MGR02,BD-PIHPS
2026-05-13,1771,harga_pihps_modern,24800.0,Rp,MGR03,BD-PIHPS
2026-05-13,1771,harga_pihps_modern,28550.0,Rp,TLR01,BD-PIHPS
2026-05-13,1771,harga_pihps_produsen,13500.0,Rp,BRS03,BD-PIHPS
2026-05-13,1771,harga_pihps_produsen,13350.0,Rp,BRS04,BD-PIHPS
2026-05-13,1771,harga_pihps_produsen,16000.0,Rp,BRS05,BD-PIHPS
2026-05-13,1771,harga_pihps_produsen,13550.0,Rp,BRS06,BD-PIHPS
2026-05-13,1771,harga_pihps_produsen,25000.0,Rp,CMR01,BD-PIHPS
2026-05-13,1771,harga_pihps_produsen,23500.0,Rp,CMR02,BD-PIHPS
2026-05-13,1771,harga_pihps_produsen,32000.0,Rp,CRW02,BD-PIHPS
2026-05-13,1771,harga_pihps_produsen,19000.0,Rp,DAY01,BD-PIHPS
2026-05-13,1771,harga_pihps_produsen,145000.0,Rp,DSP01,BD-PIHPS
2026-05-13,1771,harga_pihps_produsen,130000.0,Rp,DSP02,BD-PIHPS
2026-05-13,1771,harga_pihps_produsen,24500.0,Rp,TLR01,BD-PIHPS
2026-05-14,1771,harga_pihps,14800.0,Rp,BRS01,BD-PIHPS
2026-05-14,1771,harga_pihps,15900.0,Rp,BRS02,BD-PIHPS
2026-05-14,1771,harga_pihps,15950.0,Rp,BRS03,BD-PIHPS
2026-05-14,1771,harga_pihps,16350.0,Rp,BRS04,BD-PIHPS
2026-05-14,1771,harga_pihps,16100.0,Rp,BRS05,BD-PIHPS
2026-05-14,1771,harga_pihps,16400.0,Rp,BRS06,BD-PIHPS
2026-05-14,1771,harga_pihps,52250.0,Rp,BWM01,BD-PIHPS
2026-05-14,1771,harga_pihps,43000.0,Rp,BWP01,BD-PIHPS
2026-05-14,1771,harga_pihps,51000.0,Rp,CMR01,BD-PIHPS
2026-05-14,1771,harga_pihps,58250.0,Rp,CMR02,BD-PIHPS
2026-05-14,1771,harga_pihps,59500.0,Rp,CRW01,BD-PIHPS
2026-05-14,1771,harga_pihps,79500.0,Rp,CRW02,BD-PIHPS
2026-05-14,1771,harga_pihps,36750.0,Rp,DAY01,BD-PIHPS
2026-05-14,1771,harga_pihps,155000.0,Rp,DSP01,BD-PIHPS
2026-05-14,1771,harga_pihps,140000.0,Rp,DSP02,BD-PIHPS
2026-05-14,1771,harga_pihps,19400.0,Rp,GLP01,BD-PIHPS
2026-05-14,1771,harga_pihps,19400.0,Rp,GLP02,BD-PIHPS
2026-05-14,1771,harga_pihps,19500.0,Rp,MGR01,BD-PIHPS
2026-05-14,1771,harga_pihps,24000.0,Rp,MGR02,BD-PIHPS
2026-05-14,1771,harga_pihps,23900.0,Rp,MGR03,BD-PIHPS
2026-05-14,1771,harga_pihps,29600.0,Rp,TLR01,BD-PIHPS
2026-05-14,1771,harga_pihps_grosir,14000.0,Rp,BRS01,BD-PIHPS
2026-05-14,1771,harga_pihps_grosir,15550.0,Rp,BRS02,BD-PIHPS
2026-05-14,1771,harga_pihps_grosir,15150.0,Rp,BRS03,BD-PIHPS
2026-05-14,1771,harga_pihps_grosir,15550.0,Rp,BRS04,BD-PIHPS
2026-05-14,1771,harga_pihps_grosir,15200.0,Rp,BRS05,BD-PIHPS
2026-05-14,1771,harga_pihps_grosir,15800.0,Rp,BRS06,BD-PIHPS
2026-05-14,1771,harga_pihps_grosir,43500.0,Rp,BWM01,BD-PIHPS
2026-05-14,1771,harga_pihps_grosir,27500.0,Rp,BWP01,BD-PIHPS
2026-05-14,1771,harga_pihps_grosir,51000.0,Rp,CMR01,BD-PIHPS
2026-05-14,1771,harga_pihps_grosir,53500.0,Rp,CMR02,BD-PIHPS
2026-05-14,1771,harga_pihps_grosir,44000.0,Rp,CRW01,BD-PIHPS
2026-05-14,1771,harga_pihps_grosir,63500.0,Rp,CRW02,BD-PIHPS
2026-05-14,1771,harga_pihps_grosir,32000.0,Rp,DAY01,BD-PIHPS
2026-05-14,1771,harga_pihps_grosir,137500.0,Rp,DSP01,BD-PIHPS
2026-05-14,1771,harga_pihps_grosir,105000.0,Rp,DSP02,BD-PIHPS
2026-05-14,1771,harga_pihps_grosir,17250.0,Rp,GLP01,BD-PIHPS
2026-05-14,1771,harga_pihps_grosir,17500.0,Rp,MGR01,BD-PIHPS
2026-05-14,1771,harga_pihps_grosir,22750.0,Rp,MGR02,BD-PIHPS
2026-05-14,1771,harga_pihps_grosir,22250.0,Rp,MGR03,BD-PIHPS
2026-05-14,1771,harga_pihps_grosir,25850.0,Rp,TLR01,BD-PIHPS
2026-05-14,1771,harga_pihps_modern,15450.0,Rp,BRS01,BD-PIHPS
2026-05-14,1771,harga_pihps_modern,15100.0,Rp,BRS02,BD-PIHPS
2026-05-14,1771,harga_pihps_modern,16350.0,Rp,BRS03,BD-PIHPS
2026-05-14,1771,harga_pihps_modern,16050.0,Rp,BRS04,BD-PIHPS
2026-05-14,1771,harga_pihps_modern,15250.0,Rp,BRS05,BD-PIHPS
2026-05-14,1771,harga_pihps_modern,17550.0,Rp,BRS06,BD-PIHPS
2026-05-14,1771,harga_pihps_modern,61950.0,Rp,BWM01,BD-PIHPS
2026-05-14,1771,harga_pihps_modern,47950.0,Rp,BWP01,BD-PIHPS
2026-05-14,1771,harga_pihps_modern,92950.0,Rp,CMR01,BD-PIHPS
2026-05-14,1771,harga_pihps_modern,57450.0,Rp,CMR02,BD-PIHPS
2026-05-14,1771,harga_pihps_modern,74950.0,Rp,CRW01,BD-PIHPS
2026-05-14,1771,harga_pihps_modern,82450.0,Rp,CRW02,BD-PIHPS
2026-05-14,1771,harga_pihps_modern,48050.0,Rp,DAY01,BD-PIHPS
2026-05-14,1771,harga_pihps_modern,164950.0,Rp,DSP01,BD-PIHPS
2026-05-14,1771,harga_pihps_modern,154950.0,Rp,DSP02,BD-PIHPS
2026-05-14,1771,harga_pihps_modern,17450.0,Rp,GLP01,BD-PIHPS
2026-05-14,1771,harga_pihps_modern,17450.0,Rp,GLP02,BD-PIHPS
2026-05-14,1771,harga_pihps_modern,22750.0,Rp,MGR02,BD-PIHPS
2026-05-14,1771,harga_pihps_modern,24800.0,Rp,MGR03,BD-PIHPS
2026-05-14,1771,harga_pihps_modern,28550.0,Rp,TLR01,BD-PIHPS
2026-05-14,1771,harga_pihps_produsen,13500.0,Rp,BRS03,BD-PIHPS
2026-05-14,1771,harga_pihps_produsen,13350.0,Rp,BRS04,BD-PIHPS
2026-05-14,1771,harga_pihps_produsen,16000.0,Rp,BRS05,BD-PIHPS
2026-05-14,1771,harga_pihps_produsen,13550.0,Rp,BRS06,BD-PIHPS
2026-05-14,1771,harga_pihps_produsen,25000.0,Rp,CMR01,BD-PIHPS
2026-05-14,1771,harga_pihps_produsen,23500.0,Rp,CMR02,BD-PIHPS
2026-05-14,1771,harga_pihps_produsen,32000.0,Rp,CRW02,BD-PIHPS
2026-05-14,1771,harga_pihps_produsen,19000.0,Rp,DAY01,BD-PIHPS
2026-05-14,1771,harga_pihps_produsen,145000.0,Rp,DSP01,BD-PIHPS
2026-05-14,1771,harga_pihps_produsen,130000.0,Rp,DSP02,BD-PIHPS
2026-05-14,1771,harga_pihps_produsen,24500.0,Rp,TLR01,BD-PIHPS
2026-05-15,1771,harga_pihps,14800.0,Rp,BRS01,BD-PIHPS
2026-05-15,1771,harga_pihps,15900.0,Rp,BRS02,BD-PIHPS
2026-05-15,1771,harga_pihps,15950.0,Rp,BRS03,BD-PIHPS
2026-05-15,1771,harga_pihps,16350.0,Rp,BRS04,BD-PIHPS
2026-05-15,1771,harga_pihps,16100.0,Rp,BRS05,BD-PIHPS
2026-05-15,1771,harga_pihps,16400.0,Rp,BRS06,BD-PIHPS
2026-05-15,1771,harga_pihps,52250.0,Rp,BWM01,BD-PIHPS
2026-05-15,1771,harga_pihps,43000.0,Rp,BWP01,BD-PIHPS
2026-05-15,1771,harga_pihps,51000.0,Rp,CMR01,BD-PIHPS
2026-05-15,1771,harga_pihps,58250.0,Rp,CMR02,BD-PIHPS
2026-05-15,1771,harga_pihps,59500.0,Rp,CRW01,BD-PIHPS
2026-05-15,1771,harga_pihps,79500.0,Rp,CRW02,BD-PIHPS
2026-05-15,1771,harga_pihps,36750.0,Rp,DAY01,BD-PIHPS
2026-05-15,1771,harga_pihps,155000.0,Rp,DSP01,BD-PIHPS
2026-05-15,1771,harga_pihps,140000.0,Rp,DSP02,BD-PIHPS
2026-05-15,1771,harga_pihps,19400.0,Rp,GLP01,BD-PIHPS
2026-05-15,1771,harga_pihps,19400.0,Rp,GLP02,BD-PIHPS
2026-05-15,1771,harga_pihps,19500.0,Rp,MGR01,BD-PIHPS
2026-05-15,1771,harga_pihps,24000.0,Rp,MGR02,BD-PIHPS
2026-05-15,1771,harga_pihps,23900.0,Rp,MGR03,BD-PIHPS
2026-05-15,1771,harga_pihps,29600.0,Rp,TLR01,BD-PIHPS
2026-05-15,1771,harga_pihps_grosir,14000.0,Rp,BRS01,BD-PIHPS
2026-05-15,1771,harga_pihps_grosir,15550.0,Rp,BRS02,BD-PIHPS
2026-05-15,1771,harga_pihps_grosir,15150.0,Rp,BRS03,BD-PIHPS
2026-05-15,1771,harga_pihps_grosir,15550.0,Rp,BRS04,BD-PIHPS
2026-05-15,1771,harga_pihps_grosir,15200.0,Rp,BRS05,BD-PIHPS
2026-05-15,1771,harga_pihps_grosir,15800.0,Rp,BRS06,BD-PIHPS
2026-05-15,1771,harga_pihps_grosir,43500.0,Rp,BWM01,BD-PIHPS
2026-05-15,1771,harga_pihps_grosir,27500.0,Rp,BWP01,BD-PIHPS
2026-05-15,1771,harga_pihps_grosir,51000.0,Rp,CMR01,BD-PIHPS
2026-05-15,1771,harga_pihps_grosir,53500.0,Rp,CMR02,BD-PIHPS
2026-05-15,1771,harga_pihps_grosir,44000.0,Rp,CRW01,BD-PIHPS
2026-05-15,1771,harga_pihps_grosir,63500.0,Rp,CRW02,BD-PIHPS
2026-05-15,1771,harga_pihps_grosir,32000.0,Rp,DAY01,BD-PIHPS
2026-05-15,1771,harga_pihps_grosir,137500.0,Rp,DSP01,BD-PIHPS
2026-05-15,1771,harga_pihps_grosir,105000.0,Rp,DSP02,BD-PIHPS
2026-05-15,1771,harga_pihps_grosir,17250.0,Rp,GLP01,BD-PIHPS
2026-05-15,1771,harga_pihps_grosir,17500.0,Rp,MGR01,BD-PIHPS
2026-05-15,1771,harga_pihps_grosir,22750.0,Rp,MGR02,BD-PIHPS
2026-05-15,1771,harga_pihps_grosir,22250.0,Rp,MGR03,BD-PIHPS
2026-05-15,1771,harga_pihps_grosir,25850.0,Rp,TLR01,BD-PIHPS
2026-05-15,1771,harga_pihps_modern,15450.0,Rp,BRS01,BD-PIHPS
2026-05-15,1771,harga_pihps_modern,15100.0,Rp,BRS02,BD-PIHPS
2026-05-15,1771,harga_pihps_modern,16350.0,Rp,BRS03,BD-PIHPS
2026-05-15,1771,harga_pihps_modern,16050.0,Rp,BRS04,BD-PIHPS
2026-05-15,1771,harga_pihps_modern,15250.0,Rp,BRS05,BD-PIHPS
2026-05-15,1771,harga_pihps_modern,17550.0,Rp,BRS06,BD-PIHPS
2026-05-15,1771,harga_pihps_modern,61950.0,Rp,BWM01,BD-PIHPS
2026-05-15,1771,harga_pihps_modern,47950.0,Rp,BWP01,BD-PIHPS
2026-05-15,1771,harga_pihps_modern,92950.0,Rp,CMR01,BD-PIHPS
2026-05-15,1771,harga_pihps_modern,57450.0,Rp,CMR02,BD-PIHPS
2026-05-15,1771,harga_pihps_modern,74950.0,Rp,CRW01,BD-PIHPS
2026-05-15,1771,harga_pihps_modern,82450.0,Rp,CRW02,BD-PIHPS
2026-05-15,1771,harga_pihps_modern,48050.0,Rp,DAY01,BD-PIHPS
2026-05-15,1771,harga_pihps_modern,164950.0,Rp,DSP01,BD-PIHPS
2026-05-15,1771,harga_pihps_modern,154950.0,Rp,DSP02,BD-PIHPS
2026-05-15,1771,harga_pihps_modern,17450.0,Rp,GLP01,BD-PIHPS
2026-05-15,1771,harga_pihps_modern,17450.0,Rp,GLP02,BD-PIHPS
2026-05-15,1771,harga_pihps_modern,22750.0,Rp,MGR02,BD-PIHPS
2026-05-15,1771,harga_pihps_modern,24800.0,Rp,MGR03,BD-PIHPS
2026-05-15,1771,harga_pihps_modern,28550.0,Rp,TLR01,BD-PIHPS
2026-05-15,1771,harga_pihps_produsen,13500.0,Rp,BRS03,BD-PIHPS
2026-05-15,1771,harga_pihps_produsen,13350.0,Rp,BRS04,BD-PIHPS
2026-05-15,1771,harga_pihps_produsen,16000.0,Rp,BRS05,BD-PIHPS
2026-05-15,1771,harga_pihps_produsen,13550.0,Rp,BRS06,BD-PIHPS
2026-05-15,1771,harga_pihps_produsen,25000.0,Rp,CMR01,BD-PIHPS
2026-05-15,1771,harga_pihps_produsen,23500.0,Rp,CMR02,BD-PIHPS
2026-05-15,1771,harga_pihps_produsen,32000.0,Rp,CRW02,BD-PIHPS
2026-05-15,1771,harga_pihps_produsen,19000.0,Rp,DAY01,BD-PIHPS
2026-05-15,1771,harga_pihps_produsen,145000.0,Rp,DSP01,BD-PIHPS
2026-05-15,1771,harga_pihps_produsen,130000.0,Rp,DSP02,BD-PIHPS
2026-05-15,1771,harga_pihps_produsen,24500.0,Rp,TLR01,BD-PIHPS
2026-05-18,1771,harga_pihps,14800.0,Rp,BRS01,BD-PIHPS
2026-05-18,1771,harga_pihps,15900.0,Rp,BRS02,BD-PIHPS
2026-05-18,1771,harga_pihps,15950.0,Rp,BRS03,BD-PIHPS
2026-05-18,1771,harga_pihps,16350.0,Rp,BRS04,BD-PIHPS
2026-05-18,1771,harga_pihps,16100.0,Rp,BRS05,BD-PIHPS
2026-05-18,1771,harga_pihps,16400.0,Rp,BRS06,BD-PIHPS
2026-05-18,1771,harga_pihps,52500.0,Rp,BWM01,BD-PIHPS
2026-05-18,1771,harga_pihps,43000.0,Rp,BWP01,BD-PIHPS
2026-05-18,1771,harga_pihps,52500.0,Rp,CMR01,BD-PIHPS
2026-05-18,1771,harga_pihps,55000.0,Rp,CMR02,BD-PIHPS
2026-05-18,1771,harga_pihps,63250.0,Rp,CRW01,BD-PIHPS
2026-05-18,1771,harga_pihps,83500.0,Rp,CRW02,BD-PIHPS
2026-05-18,1771,harga_pihps,37500.0,Rp,DAY01,BD-PIHPS
2026-05-18,1771,harga_pihps,155000.0,Rp,DSP01,BD-PIHPS
2026-05-18,1771,harga_pihps,140000.0,Rp,DSP02,BD-PIHPS
2026-05-18,1771,harga_pihps,18900.0,Rp,GLP01,BD-PIHPS
2026-05-18,1771,harga_pihps,19400.0,Rp,GLP02,BD-PIHPS
2026-05-18,1771,harga_pihps,19500.0,Rp,MGR01,BD-PIHPS
2026-05-18,1771,harga_pihps,24000.0,Rp,MGR02,BD-PIHPS
2026-05-18,1771,harga_pihps,23900.0,Rp,MGR03,BD-PIHPS
2026-05-18,1771,harga_pihps,29200.0,Rp,TLR01,BD-PIHPS
2026-05-18,1771,harga_pihps_grosir,14000.0,Rp,BRS01,BD-PIHPS
2026-05-18,1771,harga_pihps_grosir,15550.0,Rp,BRS02,BD-PIHPS
2026-05-18,1771,harga_pihps_grosir,15150.0,Rp,BRS03,BD-PIHPS
2026-05-18,1771,harga_pihps_grosir,15550.0,Rp,BRS04,BD-PIHPS
2026-05-18,1771,harga_pihps_grosir,15200.0,Rp,BRS05,BD-PIHPS
2026-05-18,1771,harga_pihps_grosir,15800.0,Rp,BRS06,BD-PIHPS
2026-05-18,1771,harga_pihps_grosir,43500.0,Rp,BWM01,BD-PIHPS
2026-05-18,1771,harga_pihps_grosir,27500.0,Rp,BWP01,BD-PIHPS
2026-05-18,1771,harga_pihps_grosir,51000.0,Rp,CMR01,BD-PIHPS
2026-05-18,1771,harga_pihps_grosir,53500.0,Rp,CMR02,BD-PIHPS
2026-05-18,1771,harga_pihps_grosir,44000.0,Rp,CRW01,BD-PIHPS
2026-05-18,1771,harga_pihps_grosir,63500.0,Rp,CRW02,BD-PIHPS
2026-05-18,1771,harga_pihps_grosir,32000.0,Rp,DAY01,BD-PIHPS
2026-05-18,1771,harga_pihps_grosir,137500.0,Rp,DSP01,BD-PIHPS
2026-05-18,1771,harga_pihps_grosir,105000.0,Rp,DSP02,BD-PIHPS
2026-05-18,1771,harga_pihps_grosir,17250.0,Rp,GLP01,BD-PIHPS
2026-05-18,1771,harga_pihps_grosir,17500.0,Rp,MGR01,BD-PIHPS
2026-05-18,1771,harga_pihps_grosir,22750.0,Rp,MGR02,BD-PIHPS
2026-05-18,1771,harga_pihps_grosir,22250.0,Rp,MGR03,BD-PIHPS
2026-05-18,1771,harga_pihps_grosir,25850.0,Rp,TLR01,BD-PIHPS
2026-05-18,1771,harga_pihps_modern,15450.0,Rp,BRS01,BD-PIHPS
2026-05-18,1771,harga_pihps_modern,15100.0,Rp,BRS02,BD-PIHPS
2026-05-18,1771,harga_pihps_modern,16350.0,Rp,BRS03,BD-PIHPS
2026-05-18,1771,harga_pihps_modern,16050.0,Rp,BRS04,BD-PIHPS
2026-05-18,1771,harga_pihps_modern,15250.0,Rp,BRS05,BD-PIHPS
2026-05-18,1771,harga_pihps_modern,17550.0,Rp,BRS06,BD-PIHPS
2026-05-18,1771,harga_pihps_modern,61950.0,Rp,BWM01,BD-PIHPS
2026-05-18,1771,harga_pihps_modern,47950.0,Rp,BWP01,BD-PIHPS
2026-05-18,1771,harga_pihps_modern,92950.0,Rp,CMR01,BD-PIHPS
2026-05-18,1771,harga_pihps_modern,57450.0,Rp,CMR02,BD-PIHPS
2026-05-18,1771,harga_pihps_modern,74950.0,Rp,CRW01,BD-PIHPS
2026-05-18,1771,harga_pihps_modern,82450.0,Rp,CRW02,BD-PIHPS
2026-05-18,1771,harga_pihps_modern,48050.0,Rp,DAY01,BD-PIHPS
2026-05-18,1771,harga_pihps_modern,164950.0,Rp,DSP01,BD-PIHPS
2026-05-18,1771,harga_pihps_modern,154950.0,Rp,DSP02,BD-PIHPS
2026-05-18,1771,harga_pihps_modern,17450.0,Rp,GLP01,BD-PIHPS
2026-05-18,1771,harga_pihps_modern,17450.0,Rp,GLP02,BD-PIHPS
2026-05-18,1771,harga_pihps_modern,22750.0,Rp,MGR02,BD-PIHPS
2026-05-18,1771,harga_pihps_modern,24800.0,Rp,MGR03,BD-PIHPS
2026-05-18,1771,harga_pihps_modern,28550.0,Rp,TLR01,BD-PIHPS
2026-05-18,1771,harga_pihps_produsen,13500.0,Rp,BRS03,BD-PIHPS
2026-05-18,1771,harga_pihps_produsen,13350.0,Rp,BRS04,BD-PIHPS
2026-05-18,1771,harga_pihps_produsen,16000.0,Rp,BRS05,BD-PIHPS
2026-05-18,1771,harga_pihps_produsen,13550.0,Rp,BRS06,BD-PIHPS
2026-05-18,1771,harga_pihps_produsen,25000.0,Rp,CMR01,BD-PIHPS
2026-05-18,1771,harga_pihps_produsen,23500.0,Rp,CMR02,BD-PIHPS
2026-05-18,1771,harga_pihps_produsen,32000.0,Rp,CRW02,BD-PIHPS
2026-05-18,1771,harga_pihps_produsen,19000.0,Rp,DAY01,BD-PIHPS
2026-05-18,1771,harga_pihps_produsen,145000.0,Rp,DSP01,BD-PIHPS
2026-05-18,1771,harga_pihps_produsen,130000.0,Rp,DSP02,BD-PIHPS
2026-05-18,1771,harga_pihps_produsen,24500.0,Rp,TLR01,BD-PIHPS
2026-05-19,1771,harga_pihps,14800.0,Rp,BRS01,BD-PIHPS
2026-05-19,1771,harga_pihps,15900.0,Rp,BRS02,BD-PIHPS
2026-05-19,1771,harga_pihps,15950.0,Rp,BRS03,BD-PIHPS
2026-05-19,1771,harga_pihps,16350.0,Rp,BRS04,BD-PIHPS
2026-05-19,1771,harga_pihps,16100.0,Rp,BRS05,BD-PIHPS
2026-05-19,1771,harga_pihps,16400.0,Rp,BRS06,BD-PIHPS
2026-05-19,1771,harga_pihps,52500.0,Rp,BWM01,BD-PIHPS
2026-05-19,1771,harga_pihps,41750.0,Rp,BWP01,BD-PIHPS
2026-05-19,1771,harga_pihps,55000.0,Rp,CMR01,BD-PIHPS
2026-05-19,1771,harga_pihps,61250.0,Rp,CMR02,BD-PIHPS
2026-05-19,1771,harga_pihps,61250.0,Rp,CRW01,BD-PIHPS
2026-05-19,1771,harga_pihps,81250.0,Rp,CRW02,BD-PIHPS
2026-05-19,1771,harga_pihps,36250.0,Rp,DAY01,BD-PIHPS
2026-05-19,1771,harga_pihps,155000.0,Rp,DSP01,BD-PIHPS
2026-05-19,1771,harga_pihps,140000.0,Rp,DSP02,BD-PIHPS
2026-05-19,1771,harga_pihps,18900.0,Rp,GLP01,BD-PIHPS
2026-05-19,1771,harga_pihps,19400.0,Rp,GLP02,BD-PIHPS
2026-05-19,1771,harga_pihps,20500.0,Rp,MGR01,BD-PIHPS
2026-05-19,1771,harga_pihps,24000.0,Rp,MGR02,BD-PIHPS
2026-05-19,1771,harga_pihps,23900.0,Rp,MGR03,BD-PIHPS
2026-05-19,1771,harga_pihps,28800.0,Rp,TLR01,BD-PIHPS
2026-05-19,1771,harga_pihps_grosir,14000.0,Rp,BRS01,BD-PIHPS
2026-05-19,1771,harga_pihps_grosir,15550.0,Rp,BRS02,BD-PIHPS
2026-05-19,1771,harga_pihps_grosir,15150.0,Rp,BRS03,BD-PIHPS
2026-05-19,1771,harga_pihps_grosir,15550.0,Rp,BRS04,BD-PIHPS
2026-05-19,1771,harga_pihps_grosir,15200.0,Rp,BRS05,BD-PIHPS
2026-05-19,1771,harga_pihps_grosir,15800.0,Rp,BRS06,BD-PIHPS
2026-05-19,1771,harga_pihps_grosir,43500.0,Rp,BWM01,BD-PIHPS
2026-05-19,1771,harga_pihps_grosir,27500.0,Rp,BWP01,BD-PIHPS
2026-05-19,1771,harga_pihps_grosir,51000.0,Rp,CMR01,BD-PIHPS
2026-05-19,1771,harga_pihps_grosir,53500.0,Rp,CMR02,BD-PIHPS
2026-05-19,1771,harga_pihps_grosir,44000.0,Rp,CRW01,BD-PIHPS
2026-05-19,1771,harga_pihps_grosir,63500.0,Rp,CRW02,BD-PIHPS
2026-05-19,1771,harga_pihps_grosir,32000.0,Rp,DAY01,BD-PIHPS
2026-05-19,1771,harga_pihps_grosir,137500.0,Rp,DSP01,BD-PIHPS
2026-05-19,1771,harga_pihps_grosir,105000.0,Rp,DSP02,BD-PIHPS
2026-05-19,1771,harga_pihps_grosir,17250.0,Rp,GLP01,BD-PIHPS
2026-05-19,1771,harga_pihps_grosir,17500.0,Rp,MGR01,BD-PIHPS
2026-05-19,1771,harga_pihps_grosir,22750.0,Rp,MGR02,BD-PIHPS
2026-05-19,1771,harga_pihps_grosir,22250.0,Rp,MGR03,BD-PIHPS
2026-05-19,1771,harga_pihps_grosir,25850.0,Rp,TLR01,BD-PIHPS
2026-05-19,1771,harga_pihps_modern,15450.0,Rp,BRS01,BD-PIHPS
2026-05-19,1771,harga_pihps_modern,15100.0,Rp,BRS02,BD-PIHPS
2026-05-19,1771,harga_pihps_modern,16350.0,Rp,BRS03,BD-PIHPS
2026-05-19,1771,harga_pihps_modern,16050.0,Rp,BRS04,BD-PIHPS
2026-05-19,1771,harga_pihps_modern,15250.0,Rp,BRS05,BD-PIHPS
2026-05-19,1771,harga_pihps_modern,17550.0,Rp,BRS06,BD-PIHPS
2026-05-19,1771,harga_pihps_modern,61950.0,Rp,BWM01,BD-PIHPS
2026-05-19,1771,harga_pihps_modern,47950.0,Rp,BWP01,BD-PIHPS
2026-05-19,1771,harga_pihps_modern,92950.0,Rp,CMR01,BD-PIHPS
2026-05-19,1771,harga_pihps_modern,57450.0,Rp,CMR02,BD-PIHPS
2026-05-19,1771,harga_pihps_modern,74950.0,Rp,CRW01,BD-PIHPS
2026-05-19,1771,harga_pihps_modern,82450.0,Rp,CRW02,BD-PIHPS
2026-05-19,1771,harga_pihps_modern,47050.0,Rp,DAY01,BD-PIHPS
2026-05-19,1771,harga_pihps_modern,164950.0,Rp,DSP01,BD-PIHPS
2026-05-19,1771,harga_pihps_modern,154950.0,Rp,DSP02,BD-PIHPS
2026-05-19,1771,harga_pihps_modern,17450.0,Rp,GLP01,BD-PIHPS
2026-05-19,1771,harga_pihps_modern,17450.0,Rp,GLP02,BD-PIHPS
2026-05-19,1771,harga_pihps_modern,22750.0,Rp,MGR02,BD-PIHPS
2026-05-19,1771,harga_pihps_modern,24800.0,Rp,MGR03,BD-PIHPS
2026-05-19,1771,harga_pihps_modern,28550.0,Rp,TLR01,BD-PIHPS
2026-05-19,1771,harga_pihps_produsen,13500.0,Rp,BRS03,BD-PIHPS
2026-05-19,1771,harga_pihps_produsen,13350.0,Rp,BRS04,BD-PIHPS
2026-05-19,1771,harga_pihps_produsen,16000.0,Rp,BRS05,BD-PIHPS
2026-05-19,1771,harga_pihps_produsen,13550.0,Rp,BRS06,BD-PIHPS
2026-05-19,1771,harga_pihps_produsen,25000.0,Rp,CMR01,BD-PIHPS
2026-05-19,1771,harga_pihps_produsen,23500.0,Rp,CMR02,BD-PIHPS
2026-05-19,1771,harga_pihps_produsen,32000.0,Rp,CRW02,BD-PIHPS
2026-05-19,1771,harga_pihps_produsen,19000.0,Rp,DAY01,BD-PIHPS
2026-05-19,1771,harga_pihps_produsen,145000.0,Rp,DSP01,BD-PIHPS
2026-05-19,1771,harga_pihps_produsen,130000.0,Rp,DSP02,BD-PIHPS
2026-05-19,1771,harga_pihps_produsen,24500.0,Rp,TLR01,BD-PIHPS
2026-05-20,1771,harga_pihps,15200.0,Rp,BRS01,BD-PIHPS
2026-05-20,1771,harga_pihps,12450.0,Rp,BRS02,BD-PIHPS
2026-05-20,1771,harga_pihps,16050.0,Rp,BRS03,BD-PIHPS
2026-05-20,1771,harga_pihps,16150.0,Rp,BRS04,BD-PIHPS
2026-05-20,1771,harga_pihps,17200.0,Rp,BRS05,BD-PIHPS
2026-05-20,1771,harga_pihps,16450.0,Rp,BRS06,BD-PIHPS
2026-05-20,1771,harga_pihps,51250.0,Rp,BWM01,BD-PIHPS
2026-05-20,1771,harga_pihps,41250.0,Rp,BWP01,BD-PIHPS
2026-05-20,1771,harga_pihps,53750.0,Rp,CMR01,BD-PIHPS
2026-05-20,1771,harga_pihps,61250.0,Rp,CMR02,BD-PIHPS
2026-05-20,1771,harga_pihps,61250.0,Rp,CRW01,BD-PIHPS
2026-05-20,1771,harga_pihps,81250.0,Rp,CRW02,BD-PIHPS
2026-05-20,1771,harga_pihps,36250.0,Rp,DAY01,BD-PIHPS
2026-05-20,1771,harga_pihps,155000.0,Rp,DSP01,BD-PIHPS
2026-05-20,1771,harga_pihps,140000.0,Rp,DSP02,BD-PIHPS
2026-05-20,1771,harga_pihps,18650.0,Rp,GLP01,BD-PIHPS
2026-05-20,1771,harga_pihps,19400.0,Rp,GLP02,BD-PIHPS
2026-05-20,1771,harga_pihps,20500.0,Rp,MGR01,BD-PIHPS
2026-05-20,1771,harga_pihps,24000.0,Rp,MGR02,BD-PIHPS
2026-05-20,1771,harga_pihps,23900.0,Rp,MGR03,BD-PIHPS
2026-05-20,1771,harga_pihps,28800.0,Rp,TLR01,BD-PIHPS
2026-05-20,1771,harga_pihps_grosir,14000.0,Rp,BRS01,BD-PIHPS
2026-05-20,1771,harga_pihps_grosir,15550.0,Rp,BRS02,BD-PIHPS
2026-05-20,1771,harga_pihps_grosir,15150.0,Rp,BRS03,BD-PIHPS
2026-05-20,1771,harga_pihps_grosir,15550.0,Rp,BRS04,BD-PIHPS
2026-05-20,1771,harga_pihps_grosir,15200.0,Rp,BRS05,BD-PIHPS
2026-05-20,1771,harga_pihps_grosir,15800.0,Rp,BRS06,BD-PIHPS
2026-05-20,1771,harga_pihps_grosir,43500.0,Rp,BWM01,BD-PIHPS
2026-05-20,1771,harga_pihps_grosir,27500.0,Rp,BWP01,BD-PIHPS
2026-05-20,1771,harga_pihps_grosir,51000.0,Rp,CMR01,BD-PIHPS
2026-05-20,1771,harga_pihps_grosir,53500.0,Rp,CMR02,BD-PIHPS
2026-05-20,1771,harga_pihps_grosir,44000.0,Rp,CRW01,BD-PIHPS
2026-05-20,1771,harga_pihps_grosir,63500.0,Rp,CRW02,BD-PIHPS
2026-05-20,1771,harga_pihps_grosir,32000.0,Rp,DAY01,BD-PIHPS
2026-05-20,1771,harga_pihps_grosir,137500.0,Rp,DSP01,BD-PIHPS
2026-05-20,1771,harga_pihps_grosir,105000.0,Rp,DSP02,BD-PIHPS
2026-05-20,1771,harga_pihps_grosir,17250.0,Rp,GLP01,BD-PIHPS
2026-05-20,1771,harga_pihps_grosir,17500.0,Rp,MGR01,BD-PIHPS
2026-05-20,1771,harga_pihps_grosir,22750.0,Rp,MGR02,BD-PIHPS
2026-05-20,1771,harga_pihps_grosir,22250.0,Rp,MGR03,BD-PIHPS
2026-05-20,1771,harga_pihps_grosir,25850.0,Rp,TLR01,BD-PIHPS
2026-05-20,1771,harga_pihps_modern,15450.0,Rp,BRS01,BD-PIHPS
2026-05-20,1771,harga_pihps_modern,15100.0,Rp,BRS02,BD-PIHPS
2026-05-20,1771,harga_pihps_modern,16350.0,Rp,BRS03,BD-PIHPS
2026-05-20,1771,harga_pihps_modern,16050.0,Rp,BRS04,BD-PIHPS
2026-05-20,1771,harga_pihps_modern,15250.0,Rp,BRS05,BD-PIHPS
2026-05-20,1771,harga_pihps_modern,17550.0,Rp,BRS06,BD-PIHPS
2026-05-20,1771,harga_pihps_modern,61950.0,Rp,BWM01,BD-PIHPS
2026-05-20,1771,harga_pihps_modern,47950.0,Rp,BWP01,BD-PIHPS
2026-05-20,1771,harga_pihps_modern,92950.0,Rp,CMR01,BD-PIHPS
2026-05-20,1771,harga_pihps_modern,57450.0,Rp,CMR02,BD-PIHPS
2026-05-20,1771,harga_pihps_modern,74950.0,Rp,CRW01,BD-PIHPS
2026-05-20,1771,harga_pihps_modern,82450.0,Rp,CRW02,BD-PIHPS
2026-05-20,1771,harga_pihps_modern,47050.0,Rp,DAY01,BD-PIHPS
2026-05-20,1771,harga_pihps_modern,164950.0,Rp,DSP01,BD-PIHPS
2026-05-20,1771,harga_pihps_modern,154950.0,Rp,DSP02,BD-PIHPS
2026-05-20,1771,harga_pihps_modern,17450.0,Rp,GLP01,BD-PIHPS
2026-05-20,1771,harga_pihps_modern,17450.0,Rp,GLP02,BD-PIHPS
2026-05-20,1771,harga_pihps_modern,22750.0,Rp,MGR02,BD-PIHPS
2026-05-20,1771,harga_pihps_modern,24800.0,Rp,MGR03,BD-PIHPS
2026-05-20,1771,harga_pihps_modern,28550.0,Rp,TLR01,BD-PIHPS
2026-05-20,1771,harga_pihps_produsen,13500.0,Rp,BRS03,BD-PIHPS
2026-05-20,1771,harga_pihps_produsen,13350.0,Rp,BRS04,BD-PIHPS
2026-05-20,1771,harga_pihps_produsen,16000.0,Rp,BRS05,BD-PIHPS
2026-05-20,1771,harga_pihps_produsen,13550.0,Rp,BRS06,BD-PIHPS
2026-05-20,1771,harga_pihps_produsen,25000.0,Rp,CMR01,BD-PIHPS
2026-05-20,1771,harga_pihps_produsen,23500.0,Rp,CMR02,BD-PIHPS
2026-05-20,1771,harga_pihps_produsen,32000.0,Rp,CRW02,BD-PIHPS
2026-05-20,1771,harga_pihps_produsen,19000.0,Rp,DAY01,BD-PIHPS
2026-05-20,1771,harga_pihps_produsen,145000.0,Rp,DSP01,BD-PIHPS
2026-05-20,1771,harga_pihps_produsen,130000.0,Rp,DSP02,BD-PIHPS
2026-05-20,1771,harga_pihps_produsen,24500.0,Rp,TLR01,BD-PIHPS
2026-05-21,1771,harga_pihps,15200.0,Rp,BRS01,BD-PIHPS
2026-05-21,1771,harga_pihps,12450.0,Rp,BRS02,BD-PIHPS
2026-05-21,1771,harga_pihps,16100.0,Rp,BRS03,BD-PIHPS
2026-05-21,1771,harga_pihps,15950.0,Rp,BRS04,BD-PIHPS
2026-05-21,1771,harga_pihps,17200.0,Rp,BRS05,BD-PIHPS
2026-05-21,1771,harga_pihps,16450.0,Rp,BRS06,BD-PIHPS
2026-05-21,1771,harga_pihps,55000.0,Rp,BWM01,BD-PIHPS
2026-05-21,1771,harga_pihps,42500.0,Rp,BWP01,BD-PIHPS
2026-05-21,1771,harga_pihps,52000.0,Rp,CMR01,BD-PIHPS
2026-05-21,1771,harga_pihps,60000.0,Rp,CMR02,BD-PIHPS
2026-05-21,1771,harga_pihps,61250.0,Rp,CRW01,BD-PIHPS
2026-05-21,1771,harga_pihps,80000.0,Rp,CRW02,BD-PIHPS
2026-05-21,1771,harga_pihps,36250.0,Rp,DAY01,BD-PIHPS
2026-05-21,1771,harga_pihps,155000.0,Rp,DSP01,BD-PIHPS
2026-05-21,1771,harga_pihps,140000.0,Rp,DSP02,BD-PIHPS
2026-05-21,1771,harga_pihps,18650.0,Rp,GLP01,BD-PIHPS
2026-05-21,1771,harga_pihps,19400.0,Rp,GLP02,BD-PIHPS
2026-05-21,1771,harga_pihps,20500.0,Rp,MGR01,BD-PIHPS
2026-05-21,1771,harga_pihps,24000.0,Rp,MGR02,BD-PIHPS
2026-05-21,1771,harga_pihps,23900.0,Rp,MGR03,BD-PIHPS
2026-05-21,1771,harga_pihps,28800.0,Rp,TLR01,BD-PIHPS
2026-05-21,1771,harga_pihps_grosir,14000.0,Rp,BRS01,BD-PIHPS
2026-05-21,1771,harga_pihps_grosir,15550.0,Rp,BRS02,BD-PIHPS
2026-05-21,1771,harga_pihps_grosir,15150.0,Rp,BRS03,BD-PIHPS
2026-05-21,1771,harga_pihps_grosir,15550.0,Rp,BRS04,BD-PIHPS
2026-05-21,1771,harga_pihps_grosir,15200.0,Rp,BRS05,BD-PIHPS
2026-05-21,1771,harga_pihps_grosir,15800.0,Rp,BRS06,BD-PIHPS
2026-05-21,1771,harga_pihps_grosir,45500.0,Rp,BWM01,BD-PIHPS
2026-05-21,1771,harga_pihps_grosir,29000.0,Rp,BWP01,BD-PIHPS
2026-05-21,1771,harga_pihps_grosir,40000.0,Rp,CMR01,BD-PIHPS
2026-05-21,1771,harga_pihps_grosir,43000.0,Rp,CMR02,BD-PIHPS
2026-05-21,1771,harga_pihps_grosir,47500.0,Rp,CRW01,BD-PIHPS
2026-05-21,1771,harga_pihps_grosir,67500.0,Rp,CRW02,BD-PIHPS
2026-05-21,1771,harga_pihps_grosir,36000.0,Rp,DAY01,BD-PIHPS
2026-05-21,1771,harga_pihps_grosir,137500.0,Rp,DSP01,BD-PIHPS
2026-05-21,1771,harga_pihps_grosir,105000.0,Rp,DSP02,BD-PIHPS
2026-05-21,1771,harga_pihps_grosir,17250.0,Rp,GLP01,BD-PIHPS
2026-05-21,1771,harga_pihps_grosir,17500.0,Rp,MGR01,BD-PIHPS
2026-05-21,1771,harga_pihps_grosir,22750.0,Rp,MGR02,BD-PIHPS
2026-05-21,1771,harga_pihps_grosir,22250.0,Rp,MGR03,BD-PIHPS
2026-05-21,1771,harga_pihps_grosir,25850.0,Rp,TLR01,BD-PIHPS
2026-05-21,1771,harga_pihps_modern,15450.0,Rp,BRS01,BD-PIHPS
2026-05-21,1771,harga_pihps_modern,15100.0,Rp,BRS02,BD-PIHPS
2026-05-21,1771,harga_pihps_modern,16350.0,Rp,BRS03,BD-PIHPS
2026-05-21,1771,harga_pihps_modern,16050.0,Rp,BRS04,BD-PIHPS
2026-05-21,1771,harga_pihps_modern,15250.0,Rp,BRS05,BD-PIHPS
2026-05-21,1771,harga_pihps_modern,17550.0,Rp,BRS06,BD-PIHPS
2026-05-21,1771,harga_pihps_modern,61950.0,Rp,BWM01,BD-PIHPS
2026-05-21,1771,harga_pihps_modern,47950.0,Rp,BWP01,BD-PIHPS
2026-05-21,1771,harga_pihps_modern,92950.0,Rp,CMR01,BD-PIHPS
2026-05-21,1771,harga_pihps_modern,57450.0,Rp,CMR02,BD-PIHPS
2026-05-21,1771,harga_pihps_modern,74950.0,Rp,CRW01,BD-PIHPS
2026-05-21,1771,harga_pihps_modern,82450.0,Rp,CRW02,BD-PIHPS
2026-05-21,1771,harga_pihps_modern,47050.0,Rp,DAY01,BD-PIHPS
2026-05-21,1771,harga_pihps_modern,164950.0,Rp,DSP01,BD-PIHPS
2026-05-21,1771,harga_pihps_modern,154950.0,Rp,DSP02,BD-PIHPS
2026-05-21,1771,harga_pihps_modern,17450.0,Rp,GLP01,BD-PIHPS
2026-05-21,1771,harga_pihps_modern,17450.0,Rp,GLP02,BD-PIHPS
2026-05-21,1771,harga_pihps_modern,22750.0,Rp,MGR02,BD-PIHPS
2026-05-21,1771,harga_pihps_modern,24800.0,Rp,MGR03,BD-PIHPS
2026-05-21,1771,harga_pihps_modern,28550.0,Rp,TLR01,BD-PIHPS
2026-05-21,1771,harga_pihps_produsen,13500.0,Rp,BRS03,BD-PIHPS
2026-05-21,1771,harga_pihps_produsen,13350.0,Rp,BRS04,BD-PIHPS
2026-05-21,1771,harga_pihps_produsen,16000.0,Rp,BRS05,BD-PIHPS
2026-05-21,1771,harga_pihps_produsen,13550.0,Rp,BRS06,BD-PIHPS
2026-05-21,1771,harga_pihps_produsen,25000.0,Rp,CMR01,BD-PIHPS
2026-05-21,1771,harga_pihps_produsen,23500.0,Rp,CMR02,BD-PIHPS
2026-05-21,1771,harga_pihps_produsen,32000.0,Rp,CRW02,BD-PIHPS
2026-05-21,1771,harga_pihps_produsen,19000.0,Rp,DAY01,BD-PIHPS
2026-05-21,1771,harga_pihps_produsen,145000.0,Rp,DSP01,BD-PIHPS
2026-05-21,1771,harga_pihps_produsen,130000.0,Rp,DSP02,BD-PIHPS
2026-05-21,1771,harga_pihps_produsen,24500.0,Rp,TLR01,BD-PIHPS
2026-05-22,1771,harga_pihps,15200.0,Rp,BRS01,BD-PIHPS
2026-05-22,1771,harga_pihps,12450.0,Rp,BRS02,BD-PIHPS
2026-05-22,1771,harga_pihps,16100.0,Rp,BRS03,BD-PIHPS
2026-05-22,1771,harga_pihps,15950.0,Rp,BRS04,BD-PIHPS
2026-05-22,1771,harga_pihps,17200.0,Rp,BRS05,BD-PIHPS
2026-05-22,1771,harga_pihps,16450.0,Rp,BRS06,BD-PIHPS
2026-05-22,1771,harga_pihps,51250.0,Rp,BWM01,BD-PIHPS
2026-05-22,1771,harga_pihps,41250.0,Rp,BWP01,BD-PIHPS
2026-05-22,1771,harga_pihps,52500.0,Rp,CMR01,BD-PIHPS
2026-05-22,1771,harga_pihps,61250.0,Rp,CMR02,BD-PIHPS
2026-05-22,1771,harga_pihps,63750.0,Rp,CRW01,BD-PIHPS
2026-05-22,1771,harga_pihps,82500.0,Rp,CRW02,BD-PIHPS
2026-05-22,1771,harga_pihps,36500.0,Rp,DAY01,BD-PIHPS
2026-05-22,1771,harga_pihps,155000.0,Rp,DSP01,BD-PIHPS
2026-05-22,1771,harga_pihps,140000.0,Rp,DSP02,BD-PIHPS
2026-05-22,1771,harga_pihps,18650.0,Rp,GLP01,BD-PIHPS
2026-05-22,1771,harga_pihps,19400.0,Rp,GLP02,BD-PIHPS
2026-05-22,1771,harga_pihps,20500.0,Rp,MGR01,BD-PIHPS
2026-05-22,1771,harga_pihps,24000.0,Rp,MGR02,BD-PIHPS
2026-05-22,1771,harga_pihps,23900.0,Rp,MGR03,BD-PIHPS
2026-05-22,1771,harga_pihps,28800.0,Rp,TLR01,BD-PIHPS
2026-05-22,1771,harga_pihps_grosir,14000.0,Rp,BRS01,BD-PIHPS
2026-05-22,1771,harga_pihps_grosir,15550.0,Rp,BRS02,BD-PIHPS
2026-05-22,1771,harga_pihps_grosir,15150.0,Rp,BRS03,BD-PIHPS
2026-05-22,1771,harga_pihps_grosir,15550.0,Rp,BRS04,BD-PIHPS
2026-05-22,1771,harga_pihps_grosir,15200.0,Rp,BRS05,BD-PIHPS
2026-05-22,1771,harga_pihps_grosir,15800.0,Rp,BRS06,BD-PIHPS
2026-05-22,1771,harga_pihps_grosir,45500.0,Rp,BWM01,BD-PIHPS
2026-05-22,1771,harga_pihps_grosir,29000.0,Rp,BWP01,BD-PIHPS
2026-05-22,1771,harga_pihps_grosir,40000.0,Rp,CMR01,BD-PIHPS
2026-05-22,1771,harga_pihps_grosir,43000.0,Rp,CMR02,BD-PIHPS
2026-05-22,1771,harga_pihps_grosir,47500.0,Rp,CRW01,BD-PIHPS
2026-05-22,1771,harga_pihps_grosir,67500.0,Rp,CRW02,BD-PIHPS
2026-05-22,1771,harga_pihps_grosir,36000.0,Rp,DAY01,BD-PIHPS
2026-05-22,1771,harga_pihps_grosir,137500.0,Rp,DSP01,BD-PIHPS
2026-05-22,1771,harga_pihps_grosir,105000.0,Rp,DSP02,BD-PIHPS
2026-05-22,1771,harga_pihps_grosir,17250.0,Rp,GLP01,BD-PIHPS
2026-05-22,1771,harga_pihps_grosir,17500.0,Rp,MGR01,BD-PIHPS
2026-05-22,1771,harga_pihps_grosir,22750.0,Rp,MGR02,BD-PIHPS
2026-05-22,1771,harga_pihps_grosir,22250.0,Rp,MGR03,BD-PIHPS
2026-05-22,1771,harga_pihps_grosir,25850.0,Rp,TLR01,BD-PIHPS
2026-05-22,1771,harga_pihps_modern,15450.0,Rp,BRS01,BD-PIHPS
2026-05-22,1771,harga_pihps_modern,15100.0,Rp,BRS02,BD-PIHPS
2026-05-22,1771,harga_pihps_modern,16350.0,Rp,BRS03,BD-PIHPS
2026-05-22,1771,harga_pihps_modern,16050.0,Rp,BRS04,BD-PIHPS
2026-05-22,1771,harga_pihps_modern,15250.0,Rp,BRS05,BD-PIHPS
2026-05-22,1771,harga_pihps_modern,17550.0,Rp,BRS06,BD-PIHPS
2026-05-22,1771,harga_pihps_modern,61950.0,Rp,BWM01,BD-PIHPS
2026-05-22,1771,harga_pihps_modern,47950.0,Rp,BWP01,BD-PIHPS
2026-05-22,1771,harga_pihps_modern,92950.0,Rp,CMR01,BD-PIHPS
2026-05-22,1771,harga_pihps_modern,57450.0,Rp,CMR02,BD-PIHPS
2026-05-22,1771,harga_pihps_modern,74950.0,Rp,CRW01,BD-PIHPS
2026-05-22,1771,harga_pihps_modern,82450.0,Rp,CRW02,BD-PIHPS
2026-05-22,1771,harga_pihps_modern,47050.0,Rp,DAY01,BD-PIHPS
2026-05-22,1771,harga_pihps_modern,164950.0,Rp,DSP01,BD-PIHPS
2026-05-22,1771,harga_pihps_modern,154950.0,Rp,DSP02,BD-PIHPS
2026-05-22,1771,harga_pihps_modern,17450.0,Rp,GLP01,BD-PIHPS
2026-05-22,1771,harga_pihps_modern,17450.0,Rp,GLP02,BD-PIHPS
2026-05-22,1771,harga_pihps_modern,22750.0,Rp,MGR02,BD-PIHPS
2026-05-22,1771,harga_pihps_modern,24800.0,Rp,MGR03,BD-PIHPS
2026-05-22,1771,harga_pihps_modern,28550.0,Rp,TLR01,BD-PIHPS
2026-05-22,1771,harga_pihps_produsen,13500.0,Rp,BRS03,BD-PIHPS
2026-05-22,1771,harga_pihps_produsen,13350.0,Rp,BRS04,BD-PIHPS
2026-05-22,1771,harga_pihps_produsen,16000.0,Rp,BRS05,BD-PIHPS
2026-05-22,1771,harga_pihps_produsen,13550.0,Rp,BRS06,BD-PIHPS
2026-05-22,1771,harga_pihps_produsen,25000.0,Rp,CMR01,BD-PIHPS
2026-05-22,1771,harga_pihps_produsen,23500.0,Rp,CMR02,BD-PIHPS
2026-05-22,1771,harga_pihps_produsen,32000.0,Rp,CRW02,BD-PIHPS
2026-05-22,1771,harga_pihps_produsen,19000.0,Rp,DAY01,BD-PIHPS
2026-05-22,1771,harga_pihps_produsen,145000.0,Rp,DSP01,BD-PIHPS
2026-05-22,1771,harga_pihps_produsen,130000.0,Rp,DSP02,BD-PIHPS
2026-05-22,1771,harga_pihps_produsen,24500.0,Rp,TLR01,BD-PIHPS
2026-05-25,1771,harga_pihps,15200.0,Rp,BRS01,BD-PIHPS
2026-05-25,1771,harga_pihps,12450.0,Rp,BRS02,BD-PIHPS
2026-05-25,1771,harga_pihps,16100.0,Rp,BRS03,BD-PIHPS
2026-05-25,1771,harga_pihps,15950.0,Rp,BRS04,BD-PIHPS
2026-05-25,1771,harga_pihps,17200.0,Rp,BRS05,BD-PIHPS
2026-05-25,1771,harga_pihps,16450.0,Rp,BRS06,BD-PIHPS
2026-05-25,1771,harga_pihps,55000.0,Rp,BWM01,BD-PIHPS
2026-05-25,1771,harga_pihps,41750.0,Rp,BWP01,BD-PIHPS
2026-05-25,1771,harga_pihps,64500.0,Rp,CMR01,BD-PIHPS
2026-05-25,1771,harga_pihps,63750.0,Rp,CMR02,BD-PIHPS
2026-05-25,1771,harga_pihps,67500.0,Rp,CRW01,BD-PIHPS
2026-05-25,1771,harga_pihps,86250.0,Rp,CRW02,BD-PIHPS
2026-05-25,1771,harga_pihps,38500.0,Rp,DAY01,BD-PIHPS
2026-05-25,1771,harga_pihps,155000.0,Rp,DSP01,BD-PIHPS
2026-05-25,1771,harga_pihps,140000.0,Rp,DSP02,BD-PIHPS
2026-05-25,1771,harga_pihps,18650.0,Rp,GLP01,BD-PIHPS
2026-05-25,1771,harga_pihps,19400.0,Rp,GLP02,BD-PIHPS
2026-05-25,1771,harga_pihps,20500.0,Rp,MGR01,BD-PIHPS
2026-05-25,1771,harga_pihps,24000.0,Rp,MGR02,BD-PIHPS
2026-05-25,1771,harga_pihps,23900.0,Rp,MGR03,BD-PIHPS
2026-05-25,1771,harga_pihps,28800.0,Rp,TLR01,BD-PIHPS
2026-05-25,1771,harga_pihps_grosir,14000.0,Rp,BRS01,BD-PIHPS
2026-05-25,1771,harga_pihps_grosir,15550.0,Rp,BRS02,BD-PIHPS
2026-05-25,1771,harga_pihps_grosir,15150.0,Rp,BRS03,BD-PIHPS
2026-05-25,1771,harga_pihps_grosir,15550.0,Rp,BRS04,BD-PIHPS
2026-05-25,1771,harga_pihps_grosir,15200.0,Rp,BRS05,BD-PIHPS
2026-05-25,1771,harga_pihps_grosir,15800.0,Rp,BRS06,BD-PIHPS
2026-05-25,1771,harga_pihps_grosir,45500.0,Rp,BWM01,BD-PIHPS
2026-05-25,1771,harga_pihps_grosir,29000.0,Rp,BWP01,BD-PIHPS
2026-05-25,1771,harga_pihps_grosir,40000.0,Rp,CMR01,BD-PIHPS
2026-05-25,1771,harga_pihps_grosir,43000.0,Rp,CMR02,BD-PIHPS
2026-05-25,1771,harga_pihps_grosir,47500.0,Rp,CRW01,BD-PIHPS
2026-05-25,1771,harga_pihps_grosir,67500.0,Rp,CRW02,BD-PIHPS
2026-05-25,1771,harga_pihps_grosir,36000.0,Rp,DAY01,BD-PIHPS
2026-05-25,1771,harga_pihps_grosir,137500.0,Rp,DSP01,BD-PIHPS
2026-05-25,1771,harga_pihps_grosir,105000.0,Rp,DSP02,BD-PIHPS
2026-05-25,1771,harga_pihps_grosir,17250.0,Rp,GLP01,BD-PIHPS
2026-05-25,1771,harga_pihps_grosir,17500.0,Rp,MGR01,BD-PIHPS
2026-05-25,1771,harga_pihps_grosir,22750.0,Rp,MGR02,BD-PIHPS
2026-05-25,1771,harga_pihps_grosir,22250.0,Rp,MGR03,BD-PIHPS
2026-05-25,1771,harga_pihps_grosir,25850.0,Rp,TLR01,BD-PIHPS
2026-05-25,1771,harga_pihps_modern,15450.0,Rp,BRS01,BD-PIHPS
2026-05-25,1771,harga_pihps_modern,15100.0,Rp,BRS02,BD-PIHPS
2026-05-25,1771,harga_pihps_modern,16350.0,Rp,BRS03,BD-PIHPS
2026-05-25,1771,harga_pihps_modern,16050.0,Rp,BRS04,BD-PIHPS
2026-05-25,1771,harga_pihps_modern,15250.0,Rp,BRS05,BD-PIHPS
2026-05-25,1771,harga_pihps_modern,17550.0,Rp,BRS06,BD-PIHPS
2026-05-25,1771,harga_pihps_modern,61950.0,Rp,BWM01,BD-PIHPS
2026-05-25,1771,harga_pihps_modern,47950.0,Rp,BWP01,BD-PIHPS
2026-05-25,1771,harga_pihps_modern,92950.0,Rp,CMR01,BD-PIHPS
2026-05-25,1771,harga_pihps_modern,57450.0,Rp,CMR02,BD-PIHPS
2026-05-25,1771,harga_pihps_modern,74950.0,Rp,CRW01,BD-PIHPS
2026-05-25,1771,harga_pihps_modern,82450.0,Rp,CRW02,BD-PIHPS
2026-05-25,1771,harga_pihps_modern,47050.0,Rp,DAY01,BD-PIHPS
2026-05-25,1771,harga_pihps_modern,164950.0,Rp,DSP01,BD-PIHPS
2026-05-25,1771,harga_pihps_modern,154950.0,Rp,DSP02,BD-PIHPS
2026-05-25,1771,harga_pihps_modern,17450.0,Rp,GLP01,BD-PIHPS
2026-05-25,1771,harga_pihps_modern,17450.0,Rp,GLP02,BD-PIHPS
2026-05-25,1771,harga_pihps_modern,22750.0,Rp,MGR02,BD-PIHPS
2026-05-25,1771,harga_pihps_modern,24800.0,Rp,MGR03,BD-PIHPS
2026-05-25,1771,harga_pihps_modern,28550.0,Rp,TLR01,BD-PIHPS
2026-05-25,1771,harga_pihps_produsen,13500.0,Rp,BRS03,BD-PIHPS
2026-05-25,1771,harga_pihps_produsen,13300.0,Rp,BRS04,BD-PIHPS
2026-05-25,1771,harga_pihps_produsen,16000.0,Rp,BRS05,BD-PIHPS
2026-05-25,1771,harga_pihps_produsen,13500.0,Rp,BRS06,BD-PIHPS
2026-05-25,1771,harga_pihps_produsen,35000.0,Rp,CMR01,BD-PIHPS
2026-05-25,1771,harga_pihps_produsen,35000.0,Rp,CMR02,BD-PIHPS
2026-05-25,1771,harga_pihps_produsen,38650.0,Rp,CRW02,BD-PIHPS
2026-05-25,1771,harga_pihps_produsen,20500.0,Rp,DAY01,BD-PIHPS
2026-05-25,1771,harga_pihps_produsen,150000.0,Rp,DSP01,BD-PIHPS
2026-05-25,1771,harga_pihps_produsen,150000.0,Rp,DSP02,BD-PIHPS
2026-05-25,1771,harga_pihps_produsen,24400.0,Rp,TLR01,BD-PIHPS
2026-05-26,1771,harga_pihps,15200.0,Rp,BRS01,BD-PIHPS
2026-05-26,1771,harga_pihps,12450.0,Rp,BRS02,BD-PIHPS
2026-05-26,1771,harga_pihps,16100.0,Rp,BRS03,BD-PIHPS
2026-05-26,1771,harga_pihps,15950.0,Rp,BRS04,BD-PIHPS
2026-05-26,1771,harga_pihps,17200.0,Rp,BRS05,BD-PIHPS
2026-05-26,1771,harga_pihps,16450.0,Rp,BRS06,BD-PIHPS
2026-05-26,1771,harga_pihps,55000.0,Rp,BWM01,BD-PIHPS
2026-05-26,1771,harga_pihps,41750.0,Rp,BWP01,BD-PIHPS
2026-05-26,1771,harga_pihps,64500.0,Rp,CMR01,BD-PIHPS
2026-05-26,1771,harga_pihps,63750.0,Rp,CMR02,BD-PIHPS
2026-05-26,1771,harga_pihps,70000.0,Rp,CRW01,BD-PIHPS
2026-05-26,1771,harga_pihps,88750.0,Rp,CRW02,BD-PIHPS
2026-05-26,1771,harga_pihps,40000.0,Rp,DAY01,BD-PIHPS
2026-05-26,1771,harga_pihps,157500.0,Rp,DSP01,BD-PIHPS
2026-05-26,1771,harga_pihps,142500.0,Rp,DSP02,BD-PIHPS
2026-05-26,1771,harga_pihps,18650.0,Rp,GLP01,BD-PIHPS
2026-05-26,1771,harga_pihps,19400.0,Rp,GLP02,BD-PIHPS
2026-05-26,1771,harga_pihps,20500.0,Rp,MGR01,BD-PIHPS
2026-05-26,1771,harga_pihps,24000.0,Rp,MGR02,BD-PIHPS
2026-05-26,1771,harga_pihps,23900.0,Rp,MGR03,BD-PIHPS
2026-05-26,1771,harga_pihps,28800.0,Rp,TLR01,BD-PIHPS
2026-05-26,1771,harga_pihps_grosir,14000.0,Rp,BRS01,BD-PIHPS
2026-05-26,1771,harga_pihps_grosir,15550.0,Rp,BRS02,BD-PIHPS
2026-05-26,1771,harga_pihps_grosir,15150.0,Rp,BRS03,BD-PIHPS
2026-05-26,1771,harga_pihps_grosir,15550.0,Rp,BRS04,BD-PIHPS
2026-05-26,1771,harga_pihps_grosir,15200.0,Rp,BRS05,BD-PIHPS
2026-05-26,1771,harga_pihps_grosir,15800.0,Rp,BRS06,BD-PIHPS
2026-05-26,1771,harga_pihps_grosir,45500.0,Rp,BWM01,BD-PIHPS
2026-05-26,1771,harga_pihps_grosir,29000.0,Rp,BWP01,BD-PIHPS
2026-05-26,1771,harga_pihps_grosir,40000.0,Rp,CMR01,BD-PIHPS
2026-05-26,1771,harga_pihps_grosir,43000.0,Rp,CMR02,BD-PIHPS
2026-05-26,1771,harga_pihps_grosir,47500.0,Rp,CRW01,BD-PIHPS
2026-05-26,1771,harga_pihps_grosir,67500.0,Rp,CRW02,BD-PIHPS
2026-05-26,1771,harga_pihps_grosir,36000.0,Rp,DAY01,BD-PIHPS
2026-05-26,1771,harga_pihps_grosir,137500.0,Rp,DSP01,BD-PIHPS
2026-05-26,1771,harga_pihps_grosir,105000.0,Rp,DSP02,BD-PIHPS
2026-05-26,1771,harga_pihps_grosir,17250.0,Rp,GLP01,BD-PIHPS
2026-05-26,1771,harga_pihps_grosir,17500.0,Rp,MGR01,BD-PIHPS
2026-05-26,1771,harga_pihps_grosir,22750.0,Rp,MGR02,BD-PIHPS
2026-05-26,1771,harga_pihps_grosir,22250.0,Rp,MGR03,BD-PIHPS
2026-05-26,1771,harga_pihps_grosir,25850.0,Rp,TLR01,BD-PIHPS
2026-05-26,1771,harga_pihps_modern,15450.0,Rp,BRS01,BD-PIHPS
2026-05-26,1771,harga_pihps_modern,15100.0,Rp,BRS02,BD-PIHPS
2026-05-26,1771,harga_pihps_modern,16350.0,Rp,BRS03,BD-PIHPS
2026-05-26,1771,harga_pihps_modern,16050.0,Rp,BRS04,BD-PIHPS
2026-05-26,1771,harga_pihps_modern,15250.0,Rp,BRS05,BD-PIHPS
2026-05-26,1771,harga_pihps_modern,17550.0,Rp,BRS06,BD-PIHPS
2026-05-26,1771,harga_pihps_modern,61950.0,Rp,BWM01,BD-PIHPS
2026-05-26,1771,harga_pihps_modern,47950.0,Rp,BWP01,BD-PIHPS
2026-05-26,1771,harga_pihps_modern,92950.0,Rp,CMR01,BD-PIHPS
2026-05-26,1771,harga_pihps_modern,57450.0,Rp,CMR02,BD-PIHPS
2026-05-26,1771,harga_pihps_modern,74950.0,Rp,CRW01,BD-PIHPS
2026-05-26,1771,harga_pihps_modern,84950.0,Rp,CRW02,BD-PIHPS
2026-05-26,1771,harga_pihps_modern,47050.0,Rp,DAY01,BD-PIHPS
2026-05-26,1771,harga_pihps_modern,165950.0,Rp,DSP01,BD-PIHPS
2026-05-26,1771,harga_pihps_modern,156450.0,Rp,DSP02,BD-PIHPS
2026-05-26,1771,harga_pihps_modern,17450.0,Rp,GLP01,BD-PIHPS
2026-05-26,1771,harga_pihps_modern,17450.0,Rp,GLP02,BD-PIHPS
2026-05-26,1771,harga_pihps_modern,22750.0,Rp,MGR02,BD-PIHPS
2026-05-26,1771,harga_pihps_modern,24800.0,Rp,MGR03,BD-PIHPS
2026-05-26,1771,harga_pihps_modern,28550.0,Rp,TLR01,BD-PIHPS
2026-05-26,1771,harga_pihps_produsen,13500.0,Rp,BRS03,BD-PIHPS
2026-05-26,1771,harga_pihps_produsen,13300.0,Rp,BRS04,BD-PIHPS
2026-05-26,1771,harga_pihps_produsen,16000.0,Rp,BRS05,BD-PIHPS
2026-05-26,1771,harga_pihps_produsen,13500.0,Rp,BRS06,BD-PIHPS
2026-05-26,1771,harga_pihps_produsen,35000.0,Rp,CMR01,BD-PIHPS
2026-05-26,1771,harga_pihps_produsen,35000.0,Rp,CMR02,BD-PIHPS
2026-05-26,1771,harga_pihps_produsen,38650.0,Rp,CRW02,BD-PIHPS
2026-05-26,1771,harga_pihps_produsen,20500.0,Rp,DAY01,BD-PIHPS
2026-05-26,1771,harga_pihps_produsen,150000.0,Rp,DSP01,BD-PIHPS
2026-05-26,1771,harga_pihps_produsen,150000.0,Rp,DSP02,BD-PIHPS
2026-05-26,1771,harga_pihps_produsen,24400.0,Rp,TLR01,BD-PIHPS
2026-05-27,1771,harga_pihps,15200.0,Rp,BRS01,BD-PIHPS
2026-05-27,1771,harga_pihps,12450.0,Rp,BRS02,BD-PIHPS
2026-05-27,1771,harga_pihps,16100.0,Rp,BRS03,BD-PIHPS
2026-05-27,1771,harga_pihps,15950.0,Rp,BRS04,BD-PIHPS
2026-05-27,1771,harga_pihps,17200.0,Rp,BRS05,BD-PIHPS
2026-05-27,1771,harga_pihps,16450.0,Rp,BRS06,BD-PIHPS
2026-05-27,1771,harga_pihps,55000.0,Rp,BWM01,BD-PIHPS
2026-05-27,1771,harga_pihps,41750.0,Rp,BWP01,BD-PIHPS
2026-05-27,1771,harga_pihps,64500.0,Rp,CMR01,BD-PIHPS
2026-05-27,1771,harga_pihps,63750.0,Rp,CMR02,BD-PIHPS
2026-05-27,1771,harga_pihps,70000.0,Rp,CRW01,BD-PIHPS
2026-05-27,1771,harga_pihps,88750.0,Rp,CRW02,BD-PIHPS
2026-05-27,1771,harga_pihps,40000.0,Rp,DAY01,BD-PIHPS
2026-05-27,1771,harga_pihps,157500.0,Rp,DSP01,BD-PIHPS
2026-05-27,1771,harga_pihps,142500.0,Rp,DSP02,BD-PIHPS
2026-05-27,1771,harga_pihps,18650.0,Rp,GLP01,BD-PIHPS
2026-05-27,1771,harga_pihps,19400.0,Rp,GLP02,BD-PIHPS
2026-05-27,1771,harga_pihps,20500.0,Rp,MGR01,BD-PIHPS
2026-05-27,1771,harga_pihps,24000.0,Rp,MGR02,BD-PIHPS
2026-05-27,1771,harga_pihps,23900.0,Rp,MGR03,BD-PIHPS
2026-05-27,1771,harga_pihps,28800.0,Rp,TLR01,BD-PIHPS
2026-05-27,1771,harga_pihps_grosir,14000.0,Rp,BRS01,BD-PIHPS
2026-05-27,1771,harga_pihps_grosir,15550.0,Rp,BRS02,BD-PIHPS
2026-05-27,1771,harga_pihps_grosir,15150.0,Rp,BRS03,BD-PIHPS
2026-05-27,1771,harga_pihps_grosir,15550.0,Rp,BRS04,BD-PIHPS
2026-05-27,1771,harga_pihps_grosir,15200.0,Rp,BRS05,BD-PIHPS
2026-05-27,1771,harga_pihps_grosir,15800.0,Rp,BRS06,BD-PIHPS
2026-05-27,1771,harga_pihps_grosir,45500.0,Rp,BWM01,BD-PIHPS
2026-05-27,1771,harga_pihps_grosir,29000.0,Rp,BWP01,BD-PIHPS
2026-05-27,1771,harga_pihps_grosir,40000.0,Rp,CMR01,BD-PIHPS
2026-05-27,1771,harga_pihps_grosir,43000.0,Rp,CMR02,BD-PIHPS
2026-05-27,1771,harga_pihps_grosir,47500.0,Rp,CRW01,BD-PIHPS
2026-05-27,1771,harga_pihps_grosir,67500.0,Rp,CRW02,BD-PIHPS
2026-05-27,1771,harga_pihps_grosir,36000.0,Rp,DAY01,BD-PIHPS
2026-05-27,1771,harga_pihps_grosir,137500.0,Rp,DSP01,BD-PIHPS
2026-05-27,1771,harga_pihps_grosir,105000.0,Rp,DSP02,BD-PIHPS
2026-05-27,1771,harga_pihps_grosir,17250.0,Rp,GLP01,BD-PIHPS
2026-05-27,1771,harga_pihps_grosir,17500.0,Rp,MGR01,BD-PIHPS
2026-05-27,1771,harga_pihps_grosir,22750.0,Rp,MGR02,BD-PIHPS
2026-05-27,1771,harga_pihps_grosir,22250.0,Rp,MGR03,BD-PIHPS
2026-05-27,1771,harga_pihps_grosir,25850.0,Rp,TLR01,BD-PIHPS
2026-05-27,1771,harga_pihps_modern,15450.0,Rp,BRS01,BD-PIHPS
2026-05-27,1771,harga_pihps_modern,15100.0,Rp,BRS02,BD-PIHPS
2026-05-27,1771,harga_pihps_modern,16350.0,Rp,BRS03,BD-PIHPS
2026-05-27,1771,harga_pihps_modern,16050.0,Rp,BRS04,BD-PIHPS
2026-05-27,1771,harga_pihps_modern,15250.0,Rp,BRS05,BD-PIHPS
2026-05-27,1771,harga_pihps_modern,17550.0,Rp,BRS06,BD-PIHPS
2026-05-27,1771,harga_pihps_modern,61950.0,Rp,BWM01,BD-PIHPS
2026-05-27,1771,harga_pihps_modern,47950.0,Rp,BWP01,BD-PIHPS
2026-05-27,1771,harga_pihps_modern,92950.0,Rp,CMR01,BD-PIHPS
2026-05-27,1771,harga_pihps_modern,57450.0,Rp,CMR02,BD-PIHPS
2026-05-27,1771,harga_pihps_modern,74950.0,Rp,CRW01,BD-PIHPS
2026-05-27,1771,harga_pihps_modern,84950.0,Rp,CRW02,BD-PIHPS
2026-05-27,1771,harga_pihps_modern,47050.0,Rp,DAY01,BD-PIHPS
2026-05-27,1771,harga_pihps_modern,165950.0,Rp,DSP01,BD-PIHPS
2026-05-27,1771,harga_pihps_modern,156450.0,Rp,DSP02,BD-PIHPS
2026-05-27,1771,harga_pihps_modern,17450.0,Rp,GLP01,BD-PIHPS
2026-05-27,1771,harga_pihps_modern,17450.0,Rp,GLP02,BD-PIHPS
2026-05-27,1771,harga_pihps_modern,22750.0,Rp,MGR02,BD-PIHPS
2026-05-27,1771,harga_pihps_modern,24800.0,Rp,MGR03,BD-PIHPS
2026-05-27,1771,harga_pihps_modern,28550.0,Rp,TLR01,BD-PIHPS
2026-05-27,1771,harga_pihps_produsen,13500.0,Rp,BRS03,BD-PIHPS
2026-05-27,1771,harga_pihps_produsen,13300.0,Rp,BRS04,BD-PIHPS
2026-05-27,1771,harga_pihps_produsen,16000.0,Rp,BRS05,BD-PIHPS
2026-05-27,1771,harga_pihps_produsen,13500.0,Rp,BRS06,BD-PIHPS
2026-05-27,1771,harga_pihps_produsen,35000.0,Rp,CMR01,BD-PIHPS
2026-05-27,1771,harga_pihps_produsen,35000.0,Rp,CMR02,BD-PIHPS
2026-05-27,1771,harga_pihps_produsen,38650.0,Rp,CRW02,BD-PIHPS
2026-05-27,1771,harga_pihps_produsen,20500.0,Rp,DAY01,BD-PIHPS
2026-05-27,1771,harga_pihps_produsen,150000.0,Rp,DSP01,BD-PIHPS
2026-05-27,1771,harga_pihps_produsen,150000.0,Rp,DSP02,BD-PIHPS
2026-05-27,1771,harga_pihps_produsen,24400.0,Rp,TLR01,BD-PIHPS
2026-05-28,1771,harga_pihps,15200.0,Rp,BRS01,BD-PIHPS
2026-05-28,1771,harga_pihps,12450.0,Rp,BRS02,BD-PIHPS
2026-05-28,1771,harga_pihps,16100.0,Rp,BRS03,BD-PIHPS
2026-05-28,1771,harga_pihps,15950.0,Rp,BRS04,BD-PIHPS
2026-05-28,1771,harga_pihps,17200.0,Rp,BRS05,BD-PIHPS
2026-05-28,1771,harga_pihps,16450.0,Rp,BRS06,BD-PIHPS
2026-05-28,1771,harga_pihps,55000.0,Rp,BWM01,BD-PIHPS
2026-05-28,1771,harga_pihps,41750.0,Rp,BWP01,BD-PIHPS
2026-05-28,1771,harga_pihps,64500.0,Rp,CMR01,BD-PIHPS
2026-05-28,1771,harga_pihps,63750.0,Rp,CMR02,BD-PIHPS
2026-05-28,1771,harga_pihps,70000.0,Rp,CRW01,BD-PIHPS
2026-05-28,1771,harga_pihps,88750.0,Rp,CRW02,BD-PIHPS
2026-05-28,1771,harga_pihps,40000.0,Rp,DAY01,BD-PIHPS
2026-05-28,1771,harga_pihps,157500.0,Rp,DSP01,BD-PIHPS
2026-05-28,1771,harga_pihps,142500.0,Rp,DSP02,BD-PIHPS
2026-05-28,1771,harga_pihps,18650.0,Rp,GLP01,BD-PIHPS
2026-05-28,1771,harga_pihps,19400.0,Rp,GLP02,BD-PIHPS
2026-05-28,1771,harga_pihps,20500.0,Rp,MGR01,BD-PIHPS
2026-05-28,1771,harga_pihps,24000.0,Rp,MGR02,BD-PIHPS
2026-05-28,1771,harga_pihps,23900.0,Rp,MGR03,BD-PIHPS
2026-05-28,1771,harga_pihps,28800.0,Rp,TLR01,BD-PIHPS
2026-05-28,1771,harga_pihps_grosir,14000.0,Rp,BRS01,BD-PIHPS
2026-05-28,1771,harga_pihps_grosir,15550.0,Rp,BRS02,BD-PIHPS
2026-05-28,1771,harga_pihps_grosir,15150.0,Rp,BRS03,BD-PIHPS
2026-05-28,1771,harga_pihps_grosir,15550.0,Rp,BRS04,BD-PIHPS
2026-05-28,1771,harga_pihps_grosir,15200.0,Rp,BRS05,BD-PIHPS
2026-05-28,1771,harga_pihps_grosir,15800.0,Rp,BRS06,BD-PIHPS
2026-05-28,1771,harga_pihps_grosir,44000.0,Rp,BWM01,BD-PIHPS
2026-05-28,1771,harga_pihps_grosir,30500.0,Rp,BWP01,BD-PIHPS
2026-05-28,1771,harga_pihps_grosir,48000.0,Rp,CMR01,BD-PIHPS
2026-05-28,1771,harga_pihps_grosir,52000.0,Rp,CMR02,BD-PIHPS
2026-05-28,1771,harga_pihps_grosir,49000.0,Rp,CRW01,BD-PIHPS
2026-05-28,1771,harga_pihps_grosir,67500.0,Rp,CRW02,BD-PIHPS
2026-05-28,1771,harga_pihps_grosir,37000.0,Rp,DAY01,BD-PIHPS
2026-05-28,1771,harga_pihps_grosir,137500.0,Rp,DSP01,BD-PIHPS
2026-05-28,1771,harga_pihps_grosir,105000.0,Rp,DSP02,BD-PIHPS
2026-05-28,1771,harga_pihps_grosir,17250.0,Rp,GLP01,BD-PIHPS
2026-05-28,1771,harga_pihps_grosir,17500.0,Rp,MGR01,BD-PIHPS
2026-05-28,1771,harga_pihps_grosir,22750.0,Rp,MGR02,BD-PIHPS
2026-05-28,1771,harga_pihps_grosir,22250.0,Rp,MGR03,BD-PIHPS
2026-05-28,1771,harga_pihps_grosir,26250.0,Rp,TLR01,BD-PIHPS
2026-05-28,1771,harga_pihps_modern,15450.0,Rp,BRS01,BD-PIHPS
2026-05-28,1771,harga_pihps_modern,15100.0,Rp,BRS02,BD-PIHPS
2026-05-28,1771,harga_pihps_modern,16350.0,Rp,BRS03,BD-PIHPS
2026-05-28,1771,harga_pihps_modern,16050.0,Rp,BRS04,BD-PIHPS
2026-05-28,1771,harga_pihps_modern,15250.0,Rp,BRS05,BD-PIHPS
2026-05-28,1771,harga_pihps_modern,17550.0,Rp,BRS06,BD-PIHPS
2026-05-28,1771,harga_pihps_modern,61950.0,Rp,BWM01,BD-PIHPS
2026-05-28,1771,harga_pihps_modern,47950.0,Rp,BWP01,BD-PIHPS
2026-05-28,1771,harga_pihps_modern,92950.0,Rp,CMR01,BD-PIHPS
2026-05-28,1771,harga_pihps_modern,57450.0,Rp,CMR02,BD-PIHPS
2026-05-28,1771,harga_pihps_modern,74950.0,Rp,CRW01,BD-PIHPS
2026-05-28,1771,harga_pihps_modern,84950.0,Rp,CRW02,BD-PIHPS
2026-05-28,1771,harga_pihps_modern,47050.0,Rp,DAY01,BD-PIHPS
2026-05-28,1771,harga_pihps_modern,165950.0,Rp,DSP01,BD-PIHPS
2026-05-28,1771,harga_pihps_modern,156450.0,Rp,DSP02,BD-PIHPS
2026-05-28,1771,harga_pihps_modern,17450.0,Rp,GLP01,BD-PIHPS
2026-05-28,1771,harga_pihps_modern,17450.0,Rp,GLP02,BD-PIHPS
2026-05-28,1771,harga_pihps_modern,22750.0,Rp,MGR02,BD-PIHPS
2026-05-28,1771,harga_pihps_modern,24800.0,Rp,MGR03,BD-PIHPS
2026-05-28,1771,harga_pihps_modern,28550.0,Rp,TLR01,BD-PIHPS
2026-05-28,1771,harga_pihps_produsen,13500.0,Rp,BRS03,BD-PIHPS
2026-05-28,1771,harga_pihps_produsen,13300.0,Rp,BRS04,BD-PIHPS
2026-05-28,1771,harga_pihps_produsen,16000.0,Rp,BRS05,BD-PIHPS
2026-05-28,1771,harga_pihps_produsen,13500.0,Rp,BRS06,BD-PIHPS
2026-05-28,1771,harga_pihps_produsen,35000.0,Rp,CMR01,BD-PIHPS
2026-05-28,1771,harga_pihps_produsen,35000.0,Rp,CMR02,BD-PIHPS
2026-05-28,1771,harga_pihps_produsen,38650.0,Rp,CRW02,BD-PIHPS
2026-05-28,1771,harga_pihps_produsen,20500.0,Rp,DAY01,BD-PIHPS
2026-05-28,1771,harga_pihps_produsen,150000.0,Rp,DSP01,BD-PIHPS
2026-05-28,1771,harga_pihps_produsen,150000.0,Rp,DSP02,BD-PIHPS
2026-05-28,1771,harga_pihps_produsen,24400.0,Rp,TLR01,BD-PIHPS
2026-05-29,1771,harga_pihps,15200.0,Rp,BRS01,BD-PIHPS
2026-05-29,1771,harga_pihps,12450.0,Rp,BRS02,BD-PIHPS
2026-05-29,1771,harga_pihps,16100.0,Rp,BRS03,BD-PIHPS
2026-05-29,1771,harga_pihps,15950.0,Rp,BRS04,BD-PIHPS
2026-05-29,1771,harga_pihps,17200.0,Rp,BRS05,BD-PIHPS
2026-05-29,1771,harga_pihps,16450.0,Rp,BRS06,BD-PIHPS
2026-05-29,1771,harga_pihps,55000.0,Rp,BWM01,BD-PIHPS
2026-05-29,1771,harga_pihps,41750.0,Rp,BWP01,BD-PIHPS
2026-05-29,1771,harga_pihps,67500.0,Rp,CMR01,BD-PIHPS
2026-05-29,1771,harga_pihps,67500.0,Rp,CMR02,BD-PIHPS
2026-05-29,1771,harga_pihps,73750.0,Rp,CRW01,BD-PIHPS
2026-05-29,1771,harga_pihps,88750.0,Rp,CRW02,BD-PIHPS
2026-05-29,1771,harga_pihps,40000.0,Rp,DAY01,BD-PIHPS
2026-05-29,1771,harga_pihps,155000.0,Rp,DSP01,BD-PIHPS
2026-05-29,1771,harga_pihps,140000.0,Rp,DSP02,BD-PIHPS
2026-05-29,1771,harga_pihps,18650.0,Rp,GLP01,BD-PIHPS
2026-05-29,1771,harga_pihps,19400.0,Rp,GLP02,BD-PIHPS
2026-05-29,1771,harga_pihps,20500.0,Rp,MGR01,BD-PIHPS
2026-05-29,1771,harga_pihps,24000.0,Rp,MGR02,BD-PIHPS
2026-05-29,1771,harga_pihps,23900.0,Rp,MGR03,BD-PIHPS
2026-05-29,1771,harga_pihps,28800.0,Rp,TLR01,BD-PIHPS
2026-05-29,1771,harga_pihps_grosir,14000.0,Rp,BRS01,BD-PIHPS
2026-05-29,1771,harga_pihps_grosir,15550.0,Rp,BRS02,BD-PIHPS
2026-05-29,1771,harga_pihps_grosir,15150.0,Rp,BRS03,BD-PIHPS
2026-05-29,1771,harga_pihps_grosir,15550.0,Rp,BRS04,BD-PIHPS
2026-05-29,1771,harga_pihps_grosir,15200.0,Rp,BRS05,BD-PIHPS
2026-05-29,1771,harga_pihps_grosir,15800.0,Rp,BRS06,BD-PIHPS
2026-05-29,1771,harga_pihps_grosir,44000.0,Rp,BWM01,BD-PIHPS
2026-05-29,1771,harga_pihps_grosir,30500.0,Rp,BWP01,BD-PIHPS
2026-05-29,1771,harga_pihps_grosir,48000.0,Rp,CMR01,BD-PIHPS
2026-05-29,1771,harga_pihps_grosir,52000.0,Rp,CMR02,BD-PIHPS
2026-05-29,1771,harga_pihps_grosir,49000.0,Rp,CRW01,BD-PIHPS
2026-05-29,1771,harga_pihps_grosir,67500.0,Rp,CRW02,BD-PIHPS
2026-05-29,1771,harga_pihps_grosir,37000.0,Rp,DAY01,BD-PIHPS
2026-05-29,1771,harga_pihps_grosir,137500.0,Rp,DSP01,BD-PIHPS
2026-05-29,1771,harga_pihps_grosir,105000.0,Rp,DSP02,BD-PIHPS
2026-05-29,1771,harga_pihps_grosir,17250.0,Rp,GLP01,BD-PIHPS
2026-05-29,1771,harga_pihps_grosir,17500.0,Rp,MGR01,BD-PIHPS
2026-05-29,1771,harga_pihps_grosir,22750.0,Rp,MGR02,BD-PIHPS
2026-05-29,1771,harga_pihps_grosir,22250.0,Rp,MGR03,BD-PIHPS
2026-05-29,1771,harga_pihps_grosir,26250.0,Rp,TLR01,BD-PIHPS
2026-05-29,1771,harga_pihps_modern,15450.0,Rp,BRS01,BD-PIHPS
2026-05-29,1771,harga_pihps_modern,15100.0,Rp,BRS02,BD-PIHPS
2026-05-29,1771,harga_pihps_modern,16350.0,Rp,BRS03,BD-PIHPS
2026-05-29,1771,harga_pihps_modern,16050.0,Rp,BRS04,BD-PIHPS
2026-05-29,1771,harga_pihps_modern,15250.0,Rp,BRS05,BD-PIHPS
2026-05-29,1771,harga_pihps_modern,17550.0,Rp,BRS06,BD-PIHPS
2026-05-29,1771,harga_pihps_modern,61950.0,Rp,BWM01,BD-PIHPS
2026-05-29,1771,harga_pihps_modern,47950.0,Rp,BWP01,BD-PIHPS
2026-05-29,1771,harga_pihps_modern,92950.0,Rp,CMR01,BD-PIHPS
2026-05-29,1771,harga_pihps_modern,57450.0,Rp,CMR02,BD-PIHPS
2026-05-29,1771,harga_pihps_modern,74950.0,Rp,CRW01,BD-PIHPS
2026-05-29,1771,harga_pihps_modern,84950.0,Rp,CRW02,BD-PIHPS
2026-05-29,1771,harga_pihps_modern,47050.0,Rp,DAY01,BD-PIHPS
2026-05-29,1771,harga_pihps_modern,165950.0,Rp,DSP01,BD-PIHPS
2026-05-29,1771,harga_pihps_modern,156450.0,Rp,DSP02,BD-PIHPS
2026-05-29,1771,harga_pihps_modern,17450.0,Rp,GLP01,BD-PIHPS
2026-05-29,1771,harga_pihps_modern,17450.0,Rp,GLP02,BD-PIHPS
2026-05-29,1771,harga_pihps_modern,22750.0,Rp,MGR02,BD-PIHPS
2026-05-29,1771,harga_pihps_modern,24800.0,Rp,MGR03,BD-PIHPS
2026-05-29,1771,harga_pihps_modern,28550.0,Rp,TLR01,BD-PIHPS
2026-05-29,1771,harga_pihps_produsen,13500.0,Rp,BRS03,BD-PIHPS
2026-05-29,1771,harga_pihps_produsen,13300.0,Rp,BRS04,BD-PIHPS
2026-05-29,1771,harga_pihps_produsen,16000.0,Rp,BRS05,BD-PIHPS
2026-05-29,1771,harga_pihps_produsen,13500.0,Rp,BRS06,BD-PIHPS
2026-05-29,1771,harga_pihps_produsen,35000.0,Rp,CMR01,BD-PIHPS
2026-05-29,1771,harga_pihps_produsen,35000.0,Rp,CMR02,BD-PIHPS
2026-05-29,1771,harga_pihps_produsen,38650.0,Rp,CRW02,BD-PIHPS
2026-05-29,1771,harga_pihps_produsen,20500.0,Rp,DAY01,BD-PIHPS
2026-05-29,1771,harga_pihps_produsen,150000.0,Rp,DSP01,BD-PIHPS
2026-05-29,1771,harga_pihps_produsen,150000.0,Rp,DSP02,BD-PIHPS
2026-05-29,1771,harga_pihps_produsen,24400.0,Rp,TLR01,BD-PIHPS
2026-06-01,1771,harga_pihps,15200.0,Rp,BRS01,BD-PIHPS
2026-06-01,1771,harga_pihps,12450.0,Rp,BRS02,BD-PIHPS
2026-06-01,1771,harga_pihps,16100.0,Rp,BRS03,BD-PIHPS
2026-06-01,1771,harga_pihps,15950.0,Rp,BRS04,BD-PIHPS
2026-06-01,1771,harga_pihps,17200.0,Rp,BRS05,BD-PIHPS
2026-06-01,1771,harga_pihps,16450.0,Rp,BRS06,BD-PIHPS
2026-06-01,1771,harga_pihps,55000.0,Rp,BWM01,BD-PIHPS
2026-06-01,1771,harga_pihps,41750.0,Rp,BWP01,BD-PIHPS
2026-06-01,1771,harga_pihps,67500.0,Rp,CMR01,BD-PIHPS
2026-06-01,1771,harga_pihps,67500.0,Rp,CMR02,BD-PIHPS
2026-06-01,1771,harga_pihps,73750.0,Rp,CRW01,BD-PIHPS
2026-06-01,1771,harga_pihps,88750.0,Rp,CRW02,BD-PIHPS
2026-06-01,1771,harga_pihps,40000.0,Rp,DAY01,BD-PIHPS
2026-06-01,1771,harga_pihps,155000.0,Rp,DSP01,BD-PIHPS
2026-06-01,1771,harga_pihps,140000.0,Rp,DSP02,BD-PIHPS
2026-06-01,1771,harga_pihps,18650.0,Rp,GLP01,BD-PIHPS
2026-06-01,1771,harga_pihps,19400.0,Rp,GLP02,BD-PIHPS
2026-06-01,1771,harga_pihps,20500.0,Rp,MGR01,BD-PIHPS
2026-06-01,1771,harga_pihps,24000.0,Rp,MGR02,BD-PIHPS
2026-06-01,1771,harga_pihps,23900.0,Rp,MGR03,BD-PIHPS
2026-06-01,1771,harga_pihps,28800.0,Rp,TLR01,BD-PIHPS
2026-06-01,1771,harga_pihps_grosir,14000.0,Rp,BRS01,BD-PIHPS
2026-06-01,1771,harga_pihps_grosir,15550.0,Rp,BRS02,BD-PIHPS
2026-06-01,1771,harga_pihps_grosir,15150.0,Rp,BRS03,BD-PIHPS
2026-06-01,1771,harga_pihps_grosir,15550.0,Rp,BRS04,BD-PIHPS
2026-06-01,1771,harga_pihps_grosir,15200.0,Rp,BRS05,BD-PIHPS
2026-06-01,1771,harga_pihps_grosir,15800.0,Rp,BRS06,BD-PIHPS
2026-06-01,1771,harga_pihps_grosir,44000.0,Rp,BWM01,BD-PIHPS
2026-06-01,1771,harga_pihps_grosir,30500.0,Rp,BWP01,BD-PIHPS
2026-06-01,1771,harga_pihps_grosir,48000.0,Rp,CMR01,BD-PIHPS
2026-06-01,1771,harga_pihps_grosir,52000.0,Rp,CMR02,BD-PIHPS
2026-06-01,1771,harga_pihps_grosir,49000.0,Rp,CRW01,BD-PIHPS
2026-06-01,1771,harga_pihps_grosir,67500.0,Rp,CRW02,BD-PIHPS
2026-06-01,1771,harga_pihps_grosir,37000.0,Rp,DAY01,BD-PIHPS
2026-06-01,1771,harga_pihps_grosir,137500.0,Rp,DSP01,BD-PIHPS
2026-06-01,1771,harga_pihps_grosir,105000.0,Rp,DSP02,BD-PIHPS
2026-06-01,1771,harga_pihps_grosir,17250.0,Rp,GLP01,BD-PIHPS
2026-06-01,1771,harga_pihps_grosir,17500.0,Rp,MGR01,BD-PIHPS
2026-06-01,1771,harga_pihps_grosir,22750.0,Rp,MGR02,BD-PIHPS
2026-06-01,1771,harga_pihps_grosir,22250.0,Rp,MGR03,BD-PIHPS
2026-06-01,1771,harga_pihps_grosir,26250.0,Rp,TLR01,BD-PIHPS
2026-06-01,1771,harga_pihps_modern,15450.0,Rp,BRS01,BD-PIHPS
2026-06-01,1771,harga_pihps_modern,15100.0,Rp,BRS02,BD-PIHPS
2026-06-01,1771,harga_pihps_modern,16350.0,Rp,BRS03,BD-PIHPS
2026-06-01,1771,harga_pihps_modern,16050.0,Rp,BRS04,BD-PIHPS
2026-06-01,1771,harga_pihps_modern,15250.0,Rp,BRS05,BD-PIHPS
2026-06-01,1771,harga_pihps_modern,17550.0,Rp,BRS06,BD-PIHPS
2026-06-01,1771,harga_pihps_modern,61950.0,Rp,BWM01,BD-PIHPS
2026-06-01,1771,harga_pihps_modern,47950.0,Rp,BWP01,BD-PIHPS
2026-06-01,1771,harga_pihps_modern,92950.0,Rp,CMR01,BD-PIHPS
2026-06-01,1771,harga_pihps_modern,57450.0,Rp,CMR02,BD-PIHPS
2026-06-01,1771,harga_pihps_modern,74950.0,Rp,CRW01,BD-PIHPS
2026-06-01,1771,harga_pihps_modern,84950.0,Rp,CRW02,BD-PIHPS
2026-06-01,1771,harga_pihps_modern,47050.0,Rp,DAY01,BD-PIHPS
2026-06-01,1771,harga_pihps_modern,165950.0,Rp,DSP01,BD-PIHPS
2026-06-01,1771,harga_pihps_modern,156450.0,Rp,DSP02,BD-PIHPS
2026-06-01,1771,harga_pihps_modern,17450.0,Rp,GLP01,BD-PIHPS
2026-06-01,1771,harga_pihps_modern,17450.0,Rp,GLP02,BD-PIHPS
2026-06-01,1771,harga_pihps_modern,22750.0,Rp,MGR02,BD-PIHPS
2026-06-01,1771,harga_pihps_modern,24800.0,Rp,MGR03,BD-PIHPS
2026-06-01,1771,harga_pihps_modern,28550.0,Rp,TLR01,BD-PIHPS
2026-06-01,1771,harga_pihps_produsen,13500.0,Rp,BRS03,BD-PIHPS
2026-06-01,1771,harga_pihps_produsen,13300.0,Rp,BRS04,BD-PIHPS
2026-06-01,1771,harga_pihps_produsen,16000.0,Rp,BRS05,BD-PIHPS
2026-06-01,1771,harga_pihps_produsen,13500.0,Rp,BRS06,BD-PIHPS
2026-06-01,1771,harga_pihps_produsen,35000.0,Rp,CMR01,BD-PIHPS
2026-06-01,1771,harga_pihps_produsen,35000.0,Rp,CMR02,BD-PIHPS
2026-06-01,1771,harga_pihps_produsen,38650.0,Rp,CRW02,BD-PIHPS
2026-06-01,1771,harga_pihps_produsen,20500.0,Rp,DAY01,BD-PIHPS
2026-06-01,1771,harga_pihps_produsen,150000.0,Rp,DSP01,BD-PIHPS
2026-06-01,1771,harga_pihps_produsen,150000.0,Rp,DSP02,BD-PIHPS
2026-06-01,1771,harga_pihps_produsen,24400.0,Rp,TLR01,BD-PIHPS
2026-06-02,1771,harga_pihps,15200.0,Rp,BRS01,BD-PIHPS
2026-06-02,1771,harga_pihps,12450.0,Rp,BRS02,BD-PIHPS
2026-06-02,1771,harga_pihps,16100.0,Rp,BRS03,BD-PIHPS
2026-06-02,1771,harga_pihps,15950.0,Rp,BRS04,BD-PIHPS
2026-06-02,1771,harga_pihps,17200.0,Rp,BRS05,BD-PIHPS
2026-06-02,1771,harga_pihps,16450.0,Rp,BRS06,BD-PIHPS
2026-06-02,1771,harga_pihps,55000.0,Rp,BWM01,BD-PIHPS
2026-06-02,1771,harga_pihps,41750.0,Rp,BWP01,BD-PIHPS
2026-06-02,1771,harga_pihps,47500.0,Rp,CMR01,BD-PIHPS
2026-06-02,1771,harga_pihps,55000.0,Rp,CMR02,BD-PIHPS
2026-06-02,1771,harga_pihps,68750.0,Rp,CRW01,BD-PIHPS
2026-06-02,1771,harga_pihps,76250.0,Rp,CRW02,BD-PIHPS
2026-06-02,1771,harga_pihps,37500.0,Rp,DAY01,BD-PIHPS
2026-06-02,1771,harga_pihps,155000.0,Rp,DSP01,BD-PIHPS
2026-06-02,1771,harga_pihps,140000.0,Rp,DSP02,BD-PIHPS
2026-06-02,1771,harga_pihps,18650.0,Rp,GLP01,BD-PIHPS
2026-06-02,1771,harga_pihps,19400.0,Rp,GLP02,BD-PIHPS
2026-06-02,1771,harga_pihps,20500.0,Rp,MGR01,BD-PIHPS
2026-06-02,1771,harga_pihps,24000.0,Rp,MGR02,BD-PIHPS
2026-06-02,1771,harga_pihps,23900.0,Rp,MGR03,BD-PIHPS
2026-06-02,1771,harga_pihps,28800.0,Rp,TLR01,BD-PIHPS
2026-06-02,1771,harga_pihps_grosir,14000.0,Rp,BRS01,BD-PIHPS
2026-06-02,1771,harga_pihps_grosir,15550.0,Rp,BRS02,BD-PIHPS
2026-06-02,1771,harga_pihps_grosir,15150.0,Rp,BRS03,BD-PIHPS
2026-06-02,1771,harga_pihps_grosir,15550.0,Rp,BRS04,BD-PIHPS
2026-06-02,1771,harga_pihps_grosir,15200.0,Rp,BRS05,BD-PIHPS
2026-06-02,1771,harga_pihps_grosir,15800.0,Rp,BRS06,BD-PIHPS
2026-06-02,1771,harga_pihps_grosir,44000.0,Rp,BWM01,BD-PIHPS
2026-06-02,1771,harga_pihps_grosir,30500.0,Rp,BWP01,BD-PIHPS
2026-06-02,1771,harga_pihps_grosir,48000.0,Rp,CMR01,BD-PIHPS
2026-06-02,1771,harga_pihps_grosir,52000.0,Rp,CMR02,BD-PIHPS
2026-06-02,1771,harga_pihps_grosir,49000.0,Rp,CRW01,BD-PIHPS
2026-06-02,1771,harga_pihps_grosir,67500.0,Rp,CRW02,BD-PIHPS
2026-06-02,1771,harga_pihps_grosir,37000.0,Rp,DAY01,BD-PIHPS
2026-06-02,1771,harga_pihps_grosir,137500.0,Rp,DSP01,BD-PIHPS
2026-06-02,1771,harga_pihps_grosir,105000.0,Rp,DSP02,BD-PIHPS
2026-06-02,1771,harga_pihps_grosir,17250.0,Rp,GLP01,BD-PIHPS
2026-06-02,1771,harga_pihps_grosir,17500.0,Rp,MGR01,BD-PIHPS
2026-06-02,1771,harga_pihps_grosir,22750.0,Rp,MGR02,BD-PIHPS
2026-06-02,1771,harga_pihps_grosir,22250.0,Rp,MGR03,BD-PIHPS
2026-06-02,1771,harga_pihps_grosir,26250.0,Rp,TLR01,BD-PIHPS
2026-06-02,1771,harga_pihps_modern,15450.0,Rp,BRS01,BD-PIHPS
2026-06-02,1771,harga_pihps_modern,15100.0,Rp,BRS02,BD-PIHPS
2026-06-02,1771,harga_pihps_modern,16350.0,Rp,BRS03,BD-PIHPS
2026-06-02,1771,harga_pihps_modern,16050.0,Rp,BRS04,BD-PIHPS
2026-06-02,1771,harga_pihps_modern,15250.0,Rp,BRS05,BD-PIHPS
2026-06-02,1771,harga_pihps_modern,17550.0,Rp,BRS06,BD-PIHPS
2026-06-02,1771,harga_pihps_modern,56950.0,Rp,BWM01,BD-PIHPS
2026-06-02,1771,harga_pihps_modern,45450.0,Rp,BWP01,BD-PIHPS
2026-06-02,1771,harga_pihps_modern,95450.0,Rp,CMR01,BD-PIHPS
2026-06-02,1771,harga_pihps_modern,64950.0,Rp,CMR02,BD-PIHPS
2026-06-02,1771,harga_pihps_modern,74950.0,Rp,CRW01,BD-PIHPS
2026-06-02,1771,harga_pihps_modern,87450.0,Rp,CRW02,BD-PIHPS
2026-06-02,1771,harga_pihps_modern,47050.0,Rp,DAY01,BD-PIHPS
2026-06-02,1771,harga_pihps_modern,165950.0,Rp,DSP01,BD-PIHPS
2026-06-02,1771,harga_pihps_modern,156450.0,Rp,DSP02,BD-PIHPS
2026-06-02,1771,harga_pihps_modern,17350.0,Rp,GLP01,BD-PIHPS
2026-06-02,1771,harga_pihps_modern,17450.0,Rp,GLP02,BD-PIHPS
2026-06-02,1771,harga_pihps_modern,22750.0,Rp,MGR02,BD-PIHPS
2026-06-02,1771,harga_pihps_modern,24800.0,Rp,MGR03,BD-PIHPS
2026-06-02,1771,harga_pihps_modern,28550.0,Rp,TLR01,BD-PIHPS
2026-06-02,1771,harga_pihps_produsen,13500.0,Rp,BRS03,BD-PIHPS
2026-06-02,1771,harga_pihps_produsen,13300.0,Rp,BRS04,BD-PIHPS
2026-06-02,1771,harga_pihps_produsen,16000.0,Rp,BRS05,BD-PIHPS
2026-06-02,1771,harga_pihps_produsen,13500.0,Rp,BRS06,BD-PIHPS
2026-06-02,1771,harga_pihps_produsen,35000.0,Rp,CMR01,BD-PIHPS
2026-06-02,1771,harga_pihps_produsen,35000.0,Rp,CMR02,BD-PIHPS
2026-06-02,1771,harga_pihps_produsen,38650.0,Rp,CRW02,BD-PIHPS
2026-06-02,1771,harga_pihps_produsen,20500.0,Rp,DAY01,BD-PIHPS
2026-06-02,1771,harga_pihps_produsen,150000.0,Rp,DSP01,BD-PIHPS
2026-06-02,1771,harga_pihps_produsen,150000.0,Rp,DSP02,BD-PIHPS
2026-06-02,1771,harga_pihps_produsen,24400.0,Rp,TLR01,BD-PIHPS
2026-06-03,1771,harga_pihps,15200.0,Rp,BRS01,BD-PIHPS
2026-06-03,1771,harga_pihps,12450.0,Rp,BRS02,BD-PIHPS
2026-06-03,1771,harga_pihps,16100.0,Rp,BRS03,BD-PIHPS
2026-06-03,1771,harga_pihps,15950.0,Rp,BRS04,BD-PIHPS
2026-06-03,1771,harga_pihps,17200.0,Rp,BRS05,BD-PIHPS
2026-06-03,1771,harga_pihps,16450.0,Rp,BRS06,BD-PIHPS
2026-06-03,1771,harga_pihps,55000.0,Rp,BWM01,BD-PIHPS
2026-06-03,1771,harga_pihps,41750.0,Rp,BWP01,BD-PIHPS
2026-06-03,1771,harga_pihps,43750.0,Rp,CMR01,BD-PIHPS
2026-06-03,1771,harga_pihps,53750.0,Rp,CMR02,BD-PIHPS
2026-06-03,1771,harga_pihps,67500.0,Rp,CRW01,BD-PIHPS
2026-06-03,1771,harga_pihps,80000.0,Rp,CRW02,BD-PIHPS
2026-06-03,1771,harga_pihps,37250.0,Rp,DAY01,BD-PIHPS
2026-06-03,1771,harga_pihps,155000.0,Rp,DSP01,BD-PIHPS
2026-06-03,1771,harga_pihps,140000.0,Rp,DSP02,BD-PIHPS
2026-06-03,1771,harga_pihps,18650.0,Rp,GLP01,BD-PIHPS
2026-06-03,1771,harga_pihps,19400.0,Rp,GLP02,BD-PIHPS
2026-06-03,1771,harga_pihps,20500.0,Rp,MGR01,BD-PIHPS
2026-06-03,1771,harga_pihps,24000.0,Rp,MGR02,BD-PIHPS
2026-06-03,1771,harga_pihps,23900.0,Rp,MGR03,BD-PIHPS
2026-06-03,1771,harga_pihps,28800.0,Rp,TLR01,BD-PIHPS
2026-06-03,1771,harga_pihps_grosir,14000.0,Rp,BRS01,BD-PIHPS
2026-06-03,1771,harga_pihps_grosir,15550.0,Rp,BRS02,BD-PIHPS
2026-06-03,1771,harga_pihps_grosir,15150.0,Rp,BRS03,BD-PIHPS
2026-06-03,1771,harga_pihps_grosir,15550.0,Rp,BRS04,BD-PIHPS
2026-06-03,1771,harga_pihps_grosir,15200.0,Rp,BRS05,BD-PIHPS
2026-06-03,1771,harga_pihps_grosir,15800.0,Rp,BRS06,BD-PIHPS
2026-06-03,1771,harga_pihps_grosir,44000.0,Rp,BWM01,BD-PIHPS
2026-06-03,1771,harga_pihps_grosir,30500.0,Rp,BWP01,BD-PIHPS
2026-06-03,1771,harga_pihps_grosir,48000.0,Rp,CMR01,BD-PIHPS
2026-06-03,1771,harga_pihps_grosir,52000.0,Rp,CMR02,BD-PIHPS
2026-06-03,1771,harga_pihps_grosir,49000.0,Rp,CRW01,BD-PIHPS
2026-06-03,1771,harga_pihps_grosir,67500.0,Rp,CRW02,BD-PIHPS
2026-06-03,1771,harga_pihps_grosir,37000.0,Rp,DAY01,BD-PIHPS
2026-06-03,1771,harga_pihps_grosir,137500.0,Rp,DSP01,BD-PIHPS
2026-06-03,1771,harga_pihps_grosir,105000.0,Rp,DSP02,BD-PIHPS
2026-06-03,1771,harga_pihps_grosir,17250.0,Rp,GLP01,BD-PIHPS
2026-06-03,1771,harga_pihps_grosir,17500.0,Rp,MGR01,BD-PIHPS
2026-06-03,1771,harga_pihps_grosir,22750.0,Rp,MGR02,BD-PIHPS
2026-06-03,1771,harga_pihps_grosir,22250.0,Rp,MGR03,BD-PIHPS
2026-06-03,1771,harga_pihps_grosir,26250.0,Rp,TLR01,BD-PIHPS
2026-06-03,1771,harga_pihps_modern,15450.0,Rp,BRS01,BD-PIHPS
2026-06-03,1771,harga_pihps_modern,15100.0,Rp,BRS02,BD-PIHPS
2026-06-03,1771,harga_pihps_modern,16350.0,Rp,BRS03,BD-PIHPS
2026-06-03,1771,harga_pihps_modern,16050.0,Rp,BRS04,BD-PIHPS
2026-06-03,1771,harga_pihps_modern,15250.0,Rp,BRS05,BD-PIHPS
2026-06-03,1771,harga_pihps_modern,17550.0,Rp,BRS06,BD-PIHPS
2026-06-03,1771,harga_pihps_modern,56950.0,Rp,BWM01,BD-PIHPS
2026-06-03,1771,harga_pihps_modern,45450.0,Rp,BWP01,BD-PIHPS
2026-06-03,1771,harga_pihps_modern,95450.0,Rp,CMR01,BD-PIHPS
2026-06-03,1771,harga_pihps_modern,64950.0,Rp,CMR02,BD-PIHPS
2026-06-03,1771,harga_pihps_modern,74950.0,Rp,CRW01,BD-PIHPS
2026-06-03,1771,harga_pihps_modern,87450.0,Rp,CRW02,BD-PIHPS
2026-06-03,1771,harga_pihps_modern,47050.0,Rp,DAY01,BD-PIHPS
2026-06-03,1771,harga_pihps_modern,165950.0,Rp,DSP01,BD-PIHPS
2026-06-03,1771,harga_pihps_modern,156450.0,Rp,DSP02,BD-PIHPS
2026-06-03,1771,harga_pihps_modern,17350.0,Rp,GLP01,BD-PIHPS
2026-06-03,1771,harga_pihps_modern,17450.0,Rp,GLP02,BD-PIHPS
2026-06-03,1771,harga_pihps_modern,22750.0,Rp,MGR02,BD-PIHPS
2026-06-03,1771,harga_pihps_modern,24800.0,Rp,MGR03,BD-PIHPS
2026-06-03,1771,harga_pihps_modern,28550.0,Rp,TLR01,BD-PIHPS
2026-06-03,1771,harga_pihps_produsen,13500.0,Rp,BRS03,BD-PIHPS
2026-06-03,1771,harga_pihps_produsen,13300.0,Rp,BRS04,BD-PIHPS
2026-06-03,1771,harga_pihps_produsen,16000.0,Rp,BRS05,BD-PIHPS
2026-06-03,1771,harga_pihps_produsen,13500.0,Rp,BRS06,BD-PIHPS
2026-06-03,1771,harga_pihps_produsen,35000.0,Rp,CMR01,BD-PIHPS
2026-06-03,1771,harga_pihps_produsen,35000.0,Rp,CMR02,BD-PIHPS
2026-06-03,1771,harga_pihps_produsen,38650.0,Rp,CRW02,BD-PIHPS
2026-06-03,1771,harga_pihps_produsen,20500.0,Rp,DAY01,BD-PIHPS
2026-06-03,1771,harga_pihps_produsen,150000.0,Rp,DSP01,BD-PIHPS
2026-06-03,1771,harga_pihps_produsen,150000.0,Rp,DSP02,BD-PIHPS
2026-06-03,1771,harga_pihps_produsen,24400.0,Rp,TLR01,BD-PIHPS
2026-06-04,1771,harga_pihps,15200.0,Rp,BRS01,BD-PIHPS
2026-06-04,1771,harga_pihps,12450.0,Rp,BRS02,BD-PIHPS
2026-06-04,1771,harga_pihps,16100.0,Rp,BRS03,BD-PIHPS
2026-06-04,1771,harga_pihps,15950.0,Rp,BRS04,BD-PIHPS
2026-06-04,1771,harga_pihps,17200.0,Rp,BRS05,BD-PIHPS
2026-06-04,1771,harga_pihps,16450.0,Rp,BRS06,BD-PIHPS
2026-06-04,1771,harga_pihps,56250.0,Rp,BWM01,BD-PIHPS
2026-06-04,1771,harga_pihps,41750.0,Rp,BWP01,BD-PIHPS
2026-06-04,1771,harga_pihps,48750.0,Rp,CMR01,BD-PIHPS
2026-06-04,1771,harga_pihps,53750.0,Rp,CMR02,BD-PIHPS
2026-06-04,1771,harga_pihps,71250.0,Rp,CRW01,BD-PIHPS
2026-06-04,1771,harga_pihps,81250.0,Rp,CRW02,BD-PIHPS
2026-06-04,1771,harga_pihps,37250.0,Rp,DAY01,BD-PIHPS
2026-06-04,1771,harga_pihps,155000.0,Rp,DSP01,BD-PIHPS
2026-06-04,1771,harga_pihps,140000.0,Rp,DSP02,BD-PIHPS
2026-06-04,1771,harga_pihps,18650.0,Rp,GLP01,BD-PIHPS
2026-06-04,1771,harga_pihps,19400.0,Rp,GLP02,BD-PIHPS
2026-06-04,1771,harga_pihps,20500.0,Rp,MGR01,BD-PIHPS
2026-06-04,1771,harga_pihps,24000.0,Rp,MGR02,BD-PIHPS
2026-06-04,1771,harga_pihps,23900.0,Rp,MGR03,BD-PIHPS
2026-06-04,1771,harga_pihps,28800.0,Rp,TLR01,BD-PIHPS
2026-06-04,1771,harga_pihps_grosir,14000.0,Rp,BRS01,BD-PIHPS
2026-06-04,1771,harga_pihps_grosir,15700.0,Rp,BRS02,BD-PIHPS
2026-06-04,1771,harga_pihps_grosir,15450.0,Rp,BRS03,BD-PIHPS
2026-06-04,1771,harga_pihps_grosir,15700.0,Rp,BRS04,BD-PIHPS
2026-06-04,1771,harga_pihps_grosir,15250.0,Rp,BRS05,BD-PIHPS
2026-06-04,1771,harga_pihps_grosir,15850.0,Rp,BRS06,BD-PIHPS
2026-06-04,1771,harga_pihps_grosir,44000.0,Rp,BWM01,BD-PIHPS
2026-06-04,1771,harga_pihps_grosir,30500.0,Rp,BWP01,BD-PIHPS
2026-06-04,1771,harga_pihps_grosir,54000.0,Rp,CMR01,BD-PIHPS
2026-06-04,1771,harga_pihps_grosir,59000.0,Rp,CMR02,BD-PIHPS
2026-06-04,1771,harga_pihps_grosir,49000.0,Rp,CRW01,BD-PIHPS
2026-06-04,1771,harga_pihps_grosir,67500.0,Rp,CRW02,BD-PIHPS
2026-06-04,1771,harga_pihps_grosir,37000.0,Rp,DAY01,BD-PIHPS
2026-06-04,1771,harga_pihps_grosir,137500.0,Rp,DSP01,BD-PIHPS
2026-06-04,1771,harga_pihps_grosir,105000.0,Rp,DSP02,BD-PIHPS
2026-06-04,1771,harga_pihps_grosir,17250.0,Rp,GLP01,BD-PIHPS
2026-06-04,1771,harga_pihps_grosir,17500.0,Rp,MGR01,BD-PIHPS
2026-06-04,1771,harga_pihps_grosir,22750.0,Rp,MGR02,BD-PIHPS
2026-06-04,1771,harga_pihps_grosir,22250.0,Rp,MGR03,BD-PIHPS
2026-06-04,1771,harga_pihps_grosir,26000.0,Rp,TLR01,BD-PIHPS
2026-06-04,1771,harga_pihps_modern,15450.0,Rp,BRS01,BD-PIHPS
2026-06-04,1771,harga_pihps_modern,15100.0,Rp,BRS02,BD-PIHPS
2026-06-04,1771,harga_pihps_modern,16350.0,Rp,BRS03,BD-PIHPS
2026-06-04,1771,harga_pihps_modern,16050.0,Rp,BRS04,BD-PIHPS
2026-06-04,1771,harga_pihps_modern,15250.0,Rp,BRS05,BD-PIHPS
2026-06-04,1771,harga_pihps_modern,17550.0,Rp,BRS06,BD-PIHPS
2026-06-04,1771,harga_pihps_modern,56950.0,Rp,BWM01,BD-PIHPS
2026-06-04,1771,harga_pihps_modern,45450.0,Rp,BWP01,BD-PIHPS
2026-06-04,1771,harga_pihps_modern,95450.0,Rp,CMR01,BD-PIHPS
2026-06-04,1771,harga_pihps_modern,64950.0,Rp,CMR02,BD-PIHPS
2026-06-04,1771,harga_pihps_modern,74950.0,Rp,CRW01,BD-PIHPS
2026-06-04,1771,harga_pihps_modern,87450.0,Rp,CRW02,BD-PIHPS
2026-06-04,1771,harga_pihps_modern,47050.0,Rp,DAY01,BD-PIHPS
2026-06-04,1771,harga_pihps_modern,165950.0,Rp,DSP01,BD-PIHPS
2026-06-04,1771,harga_pihps_modern,156450.0,Rp,DSP02,BD-PIHPS
2026-06-04,1771,harga_pihps_modern,17350.0,Rp,GLP01,BD-PIHPS
2026-06-04,1771,harga_pihps_modern,17450.0,Rp,GLP02,BD-PIHPS
2026-06-04,1771,harga_pihps_modern,22750.0,Rp,MGR02,BD-PIHPS
2026-06-04,1771,harga_pihps_modern,24800.0,Rp,MGR03,BD-PIHPS
2026-06-04,1771,harga_pihps_modern,28550.0,Rp,TLR01,BD-PIHPS
2026-06-04,1771,harga_pihps_produsen,13500.0,Rp,BRS03,BD-PIHPS
2026-06-04,1771,harga_pihps_produsen,13300.0,Rp,BRS04,BD-PIHPS
2026-06-04,1771,harga_pihps_produsen,16000.0,Rp,BRS05,BD-PIHPS
2026-06-04,1771,harga_pihps_produsen,13500.0,Rp,BRS06,BD-PIHPS
2026-06-04,1771,harga_pihps_produsen,35000.0,Rp,CMR01,BD-PIHPS
2026-06-04,1771,harga_pihps_produsen,35000.0,Rp,CMR02,BD-PIHPS
2026-06-04,1771,harga_pihps_produsen,38650.0,Rp,CRW02,BD-PIHPS
2026-06-04,1771,harga_pihps_produsen,20500.0,Rp,DAY01,BD-PIHPS
2026-06-04,1771,harga_pihps_produsen,150000.0,Rp,DSP01,BD-PIHPS
2026-06-04,1771,harga_pihps_produsen,150000.0,Rp,DSP02,BD-PIHPS
2026-06-04,1771,harga_pihps_produsen,24400.0,Rp,TLR01,BD-PIHPS
2026-06-05,1771,harga_pihps,15200.0,Rp,BRS01,BD-PIHPS
2026-06-05,1771,harga_pihps,12450.0,Rp,BRS02,BD-PIHPS
2026-06-05,1771,harga_pihps,16100.0,Rp,BRS03,BD-PIHPS
2026-06-05,1771,harga_pihps,15950.0,Rp,BRS04,BD-PIHPS
2026-06-05,1771,harga_pihps,17200.0,Rp,BRS05,BD-PIHPS
2026-06-05,1771,harga_pihps,16450.0,Rp,BRS06,BD-PIHPS
2026-06-05,1771,harga_pihps,58750.0,Rp,BWM01,BD-PIHPS
2026-06-05,1771,harga_pihps,41750.0,Rp,BWP01,BD-PIHPS
2026-06-05,1771,harga_pihps,57500.0,Rp,CMR01,BD-PIHPS
2026-06-05,1771,harga_pihps,62500.0,Rp,CMR02,BD-PIHPS
2026-06-05,1771,harga_pihps,68750.0,Rp,CRW01,BD-PIHPS
2026-06-05,1771,harga_pihps,82500.0,Rp,CRW02,BD-PIHPS
2026-06-05,1771,harga_pihps,37000.0,Rp,DAY01,BD-PIHPS
2026-06-05,1771,harga_pihps,155000.0,Rp,DSP01,BD-PIHPS
2026-06-05,1771,harga_pihps,140000.0,Rp,DSP02,BD-PIHPS
2026-06-05,1771,harga_pihps,18650.0,Rp,GLP01,BD-PIHPS
2026-06-05,1771,harga_pihps,19400.0,Rp,GLP02,BD-PIHPS
2026-06-05,1771,harga_pihps,20500.0,Rp,MGR01,BD-PIHPS
2026-06-05,1771,harga_pihps,24000.0,Rp,MGR02,BD-PIHPS
2026-06-05,1771,harga_pihps,23900.0,Rp,MGR03,BD-PIHPS
2026-06-05,1771,harga_pihps,28800.0,Rp,TLR01,BD-PIHPS
2026-06-05,1771,harga_pihps_grosir,14000.0,Rp,BRS01,BD-PIHPS
2026-06-05,1771,harga_pihps_grosir,15700.0,Rp,BRS02,BD-PIHPS
2026-06-05,1771,harga_pihps_grosir,15450.0,Rp,BRS03,BD-PIHPS
2026-06-05,1771,harga_pihps_grosir,15700.0,Rp,BRS04,BD-PIHPS
2026-06-05,1771,harga_pihps_grosir,15250.0,Rp,BRS05,BD-PIHPS
2026-06-05,1771,harga_pihps_grosir,15850.0,Rp,BRS06,BD-PIHPS
2026-06-05,1771,harga_pihps_grosir,44000.0,Rp,BWM01,BD-PIHPS
2026-06-05,1771,harga_pihps_grosir,30500.0,Rp,BWP01,BD-PIHPS
2026-06-05,1771,harga_pihps_grosir,54000.0,Rp,CMR01,BD-PIHPS
2026-06-05,1771,harga_pihps_grosir,59000.0,Rp,CMR02,BD-PIHPS
2026-06-05,1771,harga_pihps_grosir,49000.0,Rp,CRW01,BD-PIHPS
2026-06-05,1771,harga_pihps_grosir,67500.0,Rp,CRW02,BD-PIHPS
2026-06-05,1771,harga_pihps_grosir,37000.0,Rp,DAY01,BD-PIHPS
2026-06-05,1771,harga_pihps_grosir,137500.0,Rp,DSP01,BD-PIHPS
2026-06-05,1771,harga_pihps_grosir,105000.0,Rp,DSP02,BD-PIHPS
2026-06-05,1771,harga_pihps_grosir,17250.0,Rp,GLP01,BD-PIHPS
2026-06-05,1771,harga_pihps_grosir,17500.0,Rp,MGR01,BD-PIHPS
2026-06-05,1771,harga_pihps_grosir,22750.0,Rp,MGR02,BD-PIHPS
2026-06-05,1771,harga_pihps_grosir,22250.0,Rp,MGR03,BD-PIHPS
2026-06-05,1771,harga_pihps_grosir,26000.0,Rp,TLR01,BD-PIHPS
2026-06-05,1771,harga_pihps_modern,15450.0,Rp,BRS01,BD-PIHPS
2026-06-05,1771,harga_pihps_modern,15100.0,Rp,BRS02,BD-PIHPS
2026-06-05,1771,harga_pihps_modern,16350.0,Rp,BRS03,BD-PIHPS
2026-06-05,1771,harga_pihps_modern,16050.0,Rp,BRS04,BD-PIHPS
2026-06-05,1771,harga_pihps_modern,15250.0,Rp,BRS05,BD-PIHPS
2026-06-05,1771,harga_pihps_modern,17550.0,Rp,BRS06,BD-PIHPS
2026-06-05,1771,harga_pihps_modern,56950.0,Rp,BWM01,BD-PIHPS
2026-06-05,1771,harga_pihps_modern,45450.0,Rp,BWP01,BD-PIHPS
2026-06-05,1771,harga_pihps_modern,95450.0,Rp,CMR01,BD-PIHPS
2026-06-05,1771,harga_pihps_modern,64950.0,Rp,CMR02,BD-PIHPS
2026-06-05,1771,harga_pihps_modern,74950.0,Rp,CRW01,BD-PIHPS
2026-06-05,1771,harga_pihps_modern,87450.0,Rp,CRW02,BD-PIHPS
2026-06-05,1771,harga_pihps_modern,47050.0,Rp,DAY01,BD-PIHPS
2026-06-05,1771,harga_pihps_modern,165950.0,Rp,DSP01,BD-PIHPS
2026-06-05,1771,harga_pihps_modern,156450.0,Rp,DSP02,BD-PIHPS
2026-06-05,1771,harga_pihps_modern,17350.0,Rp,GLP01,BD-PIHPS
2026-06-05,1771,harga_pihps_modern,17450.0,Rp,GLP02,BD-PIHPS
2026-06-05,1771,harga_pihps_modern,22750.0,Rp,MGR02,BD-PIHPS
2026-06-05,1771,harga_pihps_modern,24800.0,Rp,MGR03,BD-PIHPS
2026-06-05,1771,harga_pihps_modern,28550.0,Rp,TLR01,BD-PIHPS
2026-06-05,1771,harga_pihps_produsen,13500.0,Rp,BRS03,BD-PIHPS
2026-06-05,1771,harga_pihps_produsen,13300.0,Rp,BRS04,BD-PIHPS
2026-06-05,1771,harga_pihps_produsen,16000.0,Rp,BRS05,BD-PIHPS
2026-06-05,1771,harga_pihps_produsen,13500.0,Rp,BRS06,BD-PIHPS
2026-06-05,1771,harga_pihps_produsen,35000.0,Rp,CMR01,BD-PIHPS
2026-06-05,1771,harga_pihps_produsen,35000.0,Rp,CMR02,BD-PIHPS
2026-06-05,1771,harga_pihps_produsen,38650.0,Rp,CRW02,BD-PIHPS
2026-06-05,1771,harga_pihps_produsen,20500.0,Rp,DAY01,BD-PIHPS
2026-06-05,1771,harga_pihps_produsen,150000.0,Rp,DSP01,BD-PIHPS
2026-06-05,1771,harga_pihps_produsen,150000.0,Rp,DSP02,BD-PIHPS
2026-06-05,1771,harga_pihps_produsen,24400.0,Rp,TLR01,BD-PIHPS
2026-06-08,1771,harga_pihps,15200.0,Rp,BRS01,BD-PIHPS
2026-06-08,1771,harga_pihps,12450.0,Rp,BRS02,BD-PIHPS
2026-06-08,1771,harga_pihps,16100.0,Rp,BRS03,BD-PIHPS
2026-06-08,1771,harga_pihps,15950.0,Rp,BRS04,BD-PIHPS
2026-06-08,1771,harga_pihps,17200.0,Rp,BRS05,BD-PIHPS
2026-06-08,1771,harga_pihps,16450.0,Rp,BRS06,BD-PIHPS
2026-06-08,1771,harga_pihps,57500.0,Rp,BWM01,BD-PIHPS
2026-06-08,1771,harga_pihps,45000.0,Rp,BWP01,BD-PIHPS
2026-06-08,1771,harga_pihps,53750.0,Rp,CMR01,BD-PIHPS
2026-06-08,1771,harga_pihps,60000.0,Rp,CMR02,BD-PIHPS
2026-06-08,1771,harga_pihps,65000.0,Rp,CRW01,BD-PIHPS
2026-06-08,1771,harga_pihps,82500.0,Rp,CRW02,BD-PIHPS
2026-06-08,1771,harga_pihps,37250.0,Rp,DAY01,BD-PIHPS
2026-06-08,1771,harga_pihps,155000.0,Rp,DSP01,BD-PIHPS
2026-06-08,1771,harga_pihps,140000.0,Rp,DSP02,BD-PIHPS
2026-06-08,1771,harga_pihps,18650.0,Rp,GLP01,BD-PIHPS
2026-06-08,1771,harga_pihps,19400.0,Rp,GLP02,BD-PIHPS
2026-06-08,1771,harga_pihps,20500.0,Rp,MGR01,BD-PIHPS
2026-06-08,1771,harga_pihps,24000.0,Rp,MGR02,BD-PIHPS
2026-06-08,1771,harga_pihps,23900.0,Rp,MGR03,BD-PIHPS
2026-06-08,1771,harga_pihps,28800.0,Rp,TLR01,BD-PIHPS
2026-06-08,1771,harga_pihps_grosir,14000.0,Rp,BRS01,BD-PIHPS
2026-06-08,1771,harga_pihps_grosir,15700.0,Rp,BRS02,BD-PIHPS
2026-06-08,1771,harga_pihps_grosir,15450.0,Rp,BRS03,BD-PIHPS
2026-06-08,1771,harga_pihps_grosir,15700.0,Rp,BRS04,BD-PIHPS
2026-06-08,1771,harga_pihps_grosir,15250.0,Rp,BRS05,BD-PIHPS
2026-06-08,1771,harga_pihps_grosir,15850.0,Rp,BRS06,BD-PIHPS
2026-06-08,1771,harga_pihps_grosir,44000.0,Rp,BWM01,BD-PIHPS
2026-06-08,1771,harga_pihps_grosir,30500.0,Rp,BWP01,BD-PIHPS
2026-06-08,1771,harga_pihps_grosir,54000.0,Rp,CMR01,BD-PIHPS
2026-06-08,1771,harga_pihps_grosir,59000.0,Rp,CMR02,BD-PIHPS
2026-06-08,1771,harga_pihps_grosir,49000.0,Rp,CRW01,BD-PIHPS
2026-06-08,1771,harga_pihps_grosir,67500.0,Rp,CRW02,BD-PIHPS
2026-06-08,1771,harga_pihps_grosir,37000.0,Rp,DAY01,BD-PIHPS
2026-06-08,1771,harga_pihps_grosir,137500.0,Rp,DSP01,BD-PIHPS
2026-06-08,1771,harga_pihps_grosir,105000.0,Rp,DSP02,BD-PIHPS
2026-06-08,1771,harga_pihps_grosir,17250.0,Rp,GLP01,BD-PIHPS
2026-06-08,1771,harga_pihps_grosir,17500.0,Rp,MGR01,BD-PIHPS
2026-06-08,1771,harga_pihps_grosir,22750.0,Rp,MGR02,BD-PIHPS
2026-06-08,1771,harga_pihps_grosir,22250.0,Rp,MGR03,BD-PIHPS
2026-06-08,1771,harga_pihps_grosir,26000.0,Rp,TLR01,BD-PIHPS
2026-06-08,1771,harga_pihps_modern,15450.0,Rp,BRS01,BD-PIHPS
2026-06-08,1771,harga_pihps_modern,15100.0,Rp,BRS02,BD-PIHPS
2026-06-08,1771,harga_pihps_modern,16350.0,Rp,BRS03,BD-PIHPS
2026-06-08,1771,harga_pihps_modern,16050.0,Rp,BRS04,BD-PIHPS
2026-06-08,1771,harga_pihps_modern,15250.0,Rp,BRS05,BD-PIHPS
2026-06-08,1771,harga_pihps_modern,17550.0,Rp,BRS06,BD-PIHPS
2026-06-08,1771,harga_pihps_modern,56950.0,Rp,BWM01,BD-PIHPS
2026-06-08,1771,harga_pihps_modern,45450.0,Rp,BWP01,BD-PIHPS
2026-06-08,1771,harga_pihps_modern,95450.0,Rp,CMR01,BD-PIHPS
2026-06-08,1771,harga_pihps_modern,64950.0,Rp,CMR02,BD-PIHPS
2026-06-08,1771,harga_pihps_modern,74950.0,Rp,CRW01,BD-PIHPS
2026-06-08,1771,harga_pihps_modern,87450.0,Rp,CRW02,BD-PIHPS
2026-06-08,1771,harga_pihps_modern,47050.0,Rp,DAY01,BD-PIHPS
2026-06-08,1771,harga_pihps_modern,165950.0,Rp,DSP01,BD-PIHPS
2026-06-08,1771,harga_pihps_modern,156450.0,Rp,DSP02,BD-PIHPS
2026-06-08,1771,harga_pihps_modern,17350.0,Rp,GLP01,BD-PIHPS
2026-06-08,1771,harga_pihps_modern,17450.0,Rp,GLP02,BD-PIHPS
2026-06-08,1771,harga_pihps_modern,22750.0,Rp,MGR02,BD-PIHPS
2026-06-08,1771,harga_pihps_modern,24800.0,Rp,MGR03,BD-PIHPS
2026-06-08,1771,harga_pihps_modern,28550.0,Rp,TLR01,BD-PIHPS
2026-06-08,1771,harga_pihps_produsen,13500.0,Rp,BRS03,BD-PIHPS
2026-06-08,1771,harga_pihps_produsen,13300.0,Rp,BRS04,BD-PIHPS
2026-06-08,1771,harga_pihps_produsen,16000.0,Rp,BRS05,BD-PIHPS
2026-06-08,1771,harga_pihps_produsen,13500.0,Rp,BRS06,BD-PIHPS
2026-06-08,1771,harga_pihps_produsen,35000.0,Rp,CMR01,BD-PIHPS
2026-06-08,1771,harga_pihps_produsen,35000.0,Rp,CMR02,BD-PIHPS
2026-06-08,1771,harga_pihps_produsen,38650.0,Rp,CRW02,BD-PIHPS
2026-06-08,1771,harga_pihps_produsen,20500.0,Rp,DAY01,BD-PIHPS
2026-06-08,1771,harga_pihps_produsen,150000.0,Rp,DSP01,BD-PIHPS
2026-06-08,1771,harga_pihps_produsen,150000.0,Rp,DSP02,BD-PIHPS
2026-06-08,1771,harga_pihps_produsen,24400.0,Rp,TLR01,BD-PIHPS
2026-06-09,1771,harga_pihps,15200.0,Rp,BRS01,BD-PIHPS
2026-06-09,1771,harga_pihps,12450.0,Rp,BRS02,BD-PIHPS
2026-06-09,1771,harga_pihps,16100.0,Rp,BRS03,BD-PIHPS
2026-06-09,1771,harga_pihps,15950.0,Rp,BRS04,BD-PIHPS
2026-06-09,1771,harga_pihps,17200.0,Rp,BRS05,BD-PIHPS
2026-06-09,1771,harga_pihps,16450.0,Rp,BRS06,BD-PIHPS
2026-06-09,1771,harga_pihps,57500.0,Rp,BWM01,BD-PIHPS
2026-06-09,1771,harga_pihps,45750.0,Rp,BWP01,BD-PIHPS
2026-06-09,1771,harga_pihps,50000.0,Rp,CMR01,BD-PIHPS
2026-06-09,1771,harga_pihps,58750.0,Rp,CMR02,BD-PIHPS
2026-06-09,1771,harga_pihps,61500.0,Rp,CRW01,BD-PIHPS
2026-06-09,1771,harga_pihps,75500.0,Rp,CRW02,BD-PIHPS
2026-06-09,1771,harga_pihps,37250.0,Rp,DAY01,BD-PIHPS
2026-06-09,1771,harga_pihps,155000.0,Rp,DSP01,BD-PIHPS
2026-06-09,1771,harga_pihps,140000.0,Rp,DSP02,BD-PIHPS
2026-06-09,1771,harga_pihps,18650.0,Rp,GLP01,BD-PIHPS
2026-06-09,1771,harga_pihps,19400.0,Rp,GLP02,BD-PIHPS
2026-06-09,1771,harga_pihps,20500.0,Rp,MGR01,BD-PIHPS
2026-06-09,1771,harga_pihps,24000.0,Rp,MGR02,BD-PIHPS
2026-06-09,1771,harga_pihps,23900.0,Rp,MGR03,BD-PIHPS
2026-06-09,1771,harga_pihps,28800.0,Rp,TLR01,BD-PIHPS
2026-06-09,1771,harga_pihps_grosir,14000.0,Rp,BRS01,BD-PIHPS
2026-06-09,1771,harga_pihps_grosir,15700.0,Rp,BRS02,BD-PIHPS
2026-06-09,1771,harga_pihps_grosir,15450.0,Rp,BRS03,BD-PIHPS
2026-06-09,1771,harga_pihps_grosir,15700.0,Rp,BRS04,BD-PIHPS
2026-06-09,1771,harga_pihps_grosir,15250.0,Rp,BRS05,BD-PIHPS
2026-06-09,1771,harga_pihps_grosir,15850.0,Rp,BRS06,BD-PIHPS
2026-06-09,1771,harga_pihps_grosir,44000.0,Rp,BWM01,BD-PIHPS
2026-06-09,1771,harga_pihps_grosir,30500.0,Rp,BWP01,BD-PIHPS
2026-06-09,1771,harga_pihps_grosir,54000.0,Rp,CMR01,BD-PIHPS
2026-06-09,1771,harga_pihps_grosir,59000.0,Rp,CMR02,BD-PIHPS
2026-06-09,1771,harga_pihps_grosir,49000.0,Rp,CRW01,BD-PIHPS
2026-06-09,1771,harga_pihps_grosir,67500.0,Rp,CRW02,BD-PIHPS
2026-06-09,1771,harga_pihps_grosir,37000.0,Rp,DAY01,BD-PIHPS
2026-06-09,1771,harga_pihps_grosir,137500.0,Rp,DSP01,BD-PIHPS
2026-06-09,1771,harga_pihps_grosir,105000.0,Rp,DSP02,BD-PIHPS
2026-06-09,1771,harga_pihps_grosir,17250.0,Rp,GLP01,BD-PIHPS
2026-06-09,1771,harga_pihps_grosir,17500.0,Rp,MGR01,BD-PIHPS
2026-06-09,1771,harga_pihps_grosir,22750.0,Rp,MGR02,BD-PIHPS
2026-06-09,1771,harga_pihps_grosir,22250.0,Rp,MGR03,BD-PIHPS
2026-06-09,1771,harga_pihps_grosir,26000.0,Rp,TLR01,BD-PIHPS
2026-06-09,1771,harga_pihps_modern,15450.0,Rp,BRS01,BD-PIHPS
2026-06-09,1771,harga_pihps_modern,15100.0,Rp,BRS02,BD-PIHPS
2026-06-09,1771,harga_pihps_modern,16350.0,Rp,BRS03,BD-PIHPS
2026-06-09,1771,harga_pihps_modern,16050.0,Rp,BRS04,BD-PIHPS
2026-06-09,1771,harga_pihps_modern,15250.0,Rp,BRS05,BD-PIHPS
2026-06-09,1771,harga_pihps_modern,17550.0,Rp,BRS06,BD-PIHPS
2026-06-09,1771,harga_pihps_modern,55950.0,Rp,BWM01,BD-PIHPS
2026-06-09,1771,harga_pihps_modern,45450.0,Rp,BWP01,BD-PIHPS
2026-06-09,1771,harga_pihps_modern,92950.0,Rp,CMR01,BD-PIHPS
2026-06-09,1771,harga_pihps_modern,67450.0,Rp,CMR02,BD-PIHPS
2026-06-09,1771,harga_pihps_modern,69950.0,Rp,CRW01,BD-PIHPS
2026-06-09,1771,harga_pihps_modern,87950.0,Rp,CRW02,BD-PIHPS
2026-06-09,1771,harga_pihps_modern,47050.0,Rp,DAY01,BD-PIHPS
2026-06-09,1771,harga_pihps_modern,163450.0,Rp,DSP01,BD-PIHPS
2026-06-09,1771,harga_pihps_modern,154950.0,Rp,DSP02,BD-PIHPS
2026-06-09,1771,harga_pihps_modern,17350.0,Rp,GLP01,BD-PIHPS
2026-06-09,1771,harga_pihps_modern,17200.0,Rp,GLP02,BD-PIHPS
2026-06-09,1771,harga_pihps_modern,22750.0,Rp,MGR02,BD-PIHPS
2026-06-09,1771,harga_pihps_modern,24800.0,Rp,MGR03,BD-PIHPS
2026-06-09,1771,harga_pihps_modern,28550.0,Rp,TLR01,BD-PIHPS
2026-06-09,1771,harga_pihps_produsen,13500.0,Rp,BRS03,BD-PIHPS
2026-06-09,1771,harga_pihps_produsen,13300.0,Rp,BRS04,BD-PIHPS
2026-06-09,1771,harga_pihps_produsen,16000.0,Rp,BRS05,BD-PIHPS
2026-06-09,1771,harga_pihps_produsen,13500.0,Rp,BRS06,BD-PIHPS
2026-06-09,1771,harga_pihps_produsen,35000.0,Rp,CMR01,BD-PIHPS
2026-06-09,1771,harga_pihps_produsen,35000.0,Rp,CMR02,BD-PIHPS
2026-06-09,1771,harga_pihps_produsen,38650.0,Rp,CRW02,BD-PIHPS
2026-06-09,1771,harga_pihps_produsen,20500.0,Rp,DAY01,BD-PIHPS
2026-06-09,1771,harga_pihps_produsen,150000.0,Rp,DSP01,BD-PIHPS
2026-06-09,1771,harga_pihps_produsen,150000.0,Rp,DSP02,BD-PIHPS
2026-06-09,1771,harga_pihps_produsen,24400.0,Rp,TLR01,BD-PIHPS
2026-06-10,1771,harga_pihps,15200.0,Rp,BRS01,BD-PIHPS
2026-06-10,1771,harga_pihps,12450.0,Rp,BRS02,BD-PIHPS
2026-06-10,1771,harga_pihps,16100.0,Rp,BRS03,BD-PIHPS
2026-06-10,1771,harga_pihps,15950.0,Rp,BRS04,BD-PIHPS
2026-06-10,1771,harga_pihps,17200.0,Rp,BRS05,BD-PIHPS
2026-06-10,1771,harga_pihps,16450.0,Rp,BRS06,BD-PIHPS
2026-06-10,1771,harga_pihps,57500.0,Rp,BWM01,BD-PIHPS
2026-06-10,1771,harga_pihps,45750.0,Rp,BWP01,BD-PIHPS
2026-06-10,1771,harga_pihps,48750.0,Rp,CMR01,BD-PIHPS
2026-06-10,1771,harga_pihps,57500.0,Rp,CMR02,BD-PIHPS
2026-06-10,1771,harga_pihps,61500.0,Rp,CRW01,BD-PIHPS
2026-06-10,1771,harga_pihps,78000.0,Rp,CRW02,BD-PIHPS
2026-06-10,1771,harga_pihps,37250.0,Rp,DAY01,BD-PIHPS
2026-06-10,1771,harga_pihps,155000.0,Rp,DSP01,BD-PIHPS
2026-06-10,1771,harga_pihps,140000.0,Rp,DSP02,BD-PIHPS
2026-06-10,1771,harga_pihps,18650.0,Rp,GLP01,BD-PIHPS
2026-06-10,1771,harga_pihps,19400.0,Rp,GLP02,BD-PIHPS
2026-06-10,1771,harga_pihps,20500.0,Rp,MGR01,BD-PIHPS
2026-06-10,1771,harga_pihps,24000.0,Rp,MGR02,BD-PIHPS
2026-06-10,1771,harga_pihps,23900.0,Rp,MGR03,BD-PIHPS
2026-06-10,1771,harga_pihps,28800.0,Rp,TLR01,BD-PIHPS
2026-06-10,1771,harga_pihps_grosir,14000.0,Rp,BRS01,BD-PIHPS
2026-06-10,1771,harga_pihps_grosir,15700.0,Rp,BRS02,BD-PIHPS
2026-06-10,1771,harga_pihps_grosir,15450.0,Rp,BRS03,BD-PIHPS
2026-06-10,1771,harga_pihps_grosir,15700.0,Rp,BRS04,BD-PIHPS
2026-06-10,1771,harga_pihps_grosir,15250.0,Rp,BRS05,BD-PIHPS
2026-06-10,1771,harga_pihps_grosir,15850.0,Rp,BRS06,BD-PIHPS
2026-06-10,1771,harga_pihps_grosir,44000.0,Rp,BWM01,BD-PIHPS
2026-06-10,1771,harga_pihps_grosir,30500.0,Rp,BWP01,BD-PIHPS
2026-06-10,1771,harga_pihps_grosir,54000.0,Rp,CMR01,BD-PIHPS
2026-06-10,1771,harga_pihps_grosir,59000.0,Rp,CMR02,BD-PIHPS
2026-06-10,1771,harga_pihps_grosir,49000.0,Rp,CRW01,BD-PIHPS
2026-06-10,1771,harga_pihps_grosir,67500.0,Rp,CRW02,BD-PIHPS
2026-06-10,1771,harga_pihps_grosir,37000.0,Rp,DAY01,BD-PIHPS
2026-06-10,1771,harga_pihps_grosir,137500.0,Rp,DSP01,BD-PIHPS
2026-06-10,1771,harga_pihps_grosir,105000.0,Rp,DSP02,BD-PIHPS
2026-06-10,1771,harga_pihps_grosir,17250.0,Rp,GLP01,BD-PIHPS
2026-06-10,1771,harga_pihps_grosir,17500.0,Rp,MGR01,BD-PIHPS
2026-06-10,1771,harga_pihps_grosir,22750.0,Rp,MGR02,BD-PIHPS
2026-06-10,1771,harga_pihps_grosir,22250.0,Rp,MGR03,BD-PIHPS
2026-06-10,1771,harga_pihps_grosir,26000.0,Rp,TLR01,BD-PIHPS
2026-06-10,1771,harga_pihps_modern,15450.0,Rp,BRS01,BD-PIHPS
2026-06-10,1771,harga_pihps_modern,15100.0,Rp,BRS02,BD-PIHPS
2026-06-10,1771,harga_pihps_modern,16350.0,Rp,BRS03,BD-PIHPS
2026-06-10,1771,harga_pihps_modern,16050.0,Rp,BRS04,BD-PIHPS
2026-06-10,1771,harga_pihps_modern,15250.0,Rp,BRS05,BD-PIHPS
2026-06-10,1771,harga_pihps_modern,17550.0,Rp,BRS06,BD-PIHPS
2026-06-10,1771,harga_pihps_modern,55950.0,Rp,BWM01,BD-PIHPS
2026-06-10,1771,harga_pihps_modern,45450.0,Rp,BWP01,BD-PIHPS
2026-06-10,1771,harga_pihps_modern,92950.0,Rp,CMR01,BD-PIHPS
2026-06-10,1771,harga_pihps_modern,67450.0,Rp,CMR02,BD-PIHPS
2026-06-10,1771,harga_pihps_modern,69950.0,Rp,CRW01,BD-PIHPS
2026-06-10,1771,harga_pihps_modern,87950.0,Rp,CRW02,BD-PIHPS
2026-06-10,1771,harga_pihps_modern,47050.0,Rp,DAY01,BD-PIHPS
2026-06-10,1771,harga_pihps_modern,163450.0,Rp,DSP01,BD-PIHPS
2026-06-10,1771,harga_pihps_modern,154950.0,Rp,DSP02,BD-PIHPS
2026-06-10,1771,harga_pihps_modern,17350.0,Rp,GLP01,BD-PIHPS
2026-06-10,1771,harga_pihps_modern,17200.0,Rp,GLP02,BD-PIHPS
2026-06-10,1771,harga_pihps_modern,22750.0,Rp,MGR02,BD-PIHPS
2026-06-10,1771,harga_pihps_modern,24800.0,Rp,MGR03,BD-PIHPS
2026-06-10,1771,harga_pihps_modern,28550.0,Rp,TLR01,BD-PIHPS
2026-06-10,1771,harga_pihps_produsen,13500.0,Rp,BRS03,BD-PIHPS
2026-06-10,1771,harga_pihps_produsen,13300.0,Rp,BRS04,BD-PIHPS
2026-06-10,1771,harga_pihps_produsen,16000.0,Rp,BRS05,BD-PIHPS
2026-06-10,1771,harga_pihps_produsen,13500.0,Rp,BRS06,BD-PIHPS
2026-06-10,1771,harga_pihps_produsen,35000.0,Rp,CMR01,BD-PIHPS
2026-06-10,1771,harga_pihps_produsen,35000.0,Rp,CMR02,BD-PIHPS
2026-06-10,1771,harga_pihps_produsen,38650.0,Rp,CRW02,BD-PIHPS
2026-06-10,1771,harga_pihps_produsen,20500.0,Rp,DAY01,BD-PIHPS
2026-06-10,1771,harga_pihps_produsen,150000.0,Rp,DSP01,BD-PIHPS
2026-06-10,1771,harga_pihps_produsen,150000.0,Rp,DSP02,BD-PIHPS
2026-06-10,1771,harga_pihps_produsen,24400.0,Rp,TLR01,BD-PIHPS
2026-06-11,1771,harga_pihps,15200.0,Rp,BRS01,BD-PIHPS
2026-06-11,1771,harga_pihps,12450.0,Rp,BRS02,BD-PIHPS
2026-06-11,1771,harga_pihps,16100.0,Rp,BRS03,BD-PIHPS
2026-06-11,1771,harga_pihps,15950.0,Rp,BRS04,BD-PIHPS
2026-06-11,1771,harga_pihps,17200.0,Rp,BRS05,BD-PIHPS
2026-06-11,1771,harga_pihps,16450.0,Rp,BRS06,BD-PIHPS
2026-06-11,1771,harga_pihps,57500.0,Rp,BWM01,BD-PIHPS
2026-06-11,1771,harga_pihps,45750.0,Rp,BWP01,BD-PIHPS
2026-06-11,1771,harga_pihps,55000.0,Rp,CMR01,BD-PIHPS
2026-06-11,1771,harga_pihps,58750.0,Rp,CMR02,BD-PIHPS
2026-06-11,1771,harga_pihps,57500.0,Rp,CRW01,BD-PIHPS
2026-06-11,1771,harga_pihps,80000.0,Rp,CRW02,BD-PIHPS
2026-06-11,1771,harga_pihps,37250.0,Rp,DAY01,BD-PIHPS
2026-06-11,1771,harga_pihps,155000.0,Rp,DSP01,BD-PIHPS
2026-06-11,1771,harga_pihps,140000.0,Rp,DSP02,BD-PIHPS
2026-06-11,1771,harga_pihps,18650.0,Rp,GLP01,BD-PIHPS
2026-06-11,1771,harga_pihps,19400.0,Rp,GLP02,BD-PIHPS
2026-06-11,1771,harga_pihps,20500.0,Rp,MGR01,BD-PIHPS
2026-06-11,1771,harga_pihps,24000.0,Rp,MGR02,BD-PIHPS
2026-06-11,1771,harga_pihps,23900.0,Rp,MGR03,BD-PIHPS
2026-06-11,1771,harga_pihps,28800.0,Rp,TLR01,BD-PIHPS
2026-06-11,1771,harga_pihps_grosir,14150.0,Rp,BRS01,BD-PIHPS
2026-06-11,1771,harga_pihps_grosir,13350.0,Rp,BRS02,BD-PIHPS
2026-06-11,1771,harga_pihps_grosir,15500.0,Rp,BRS03,BD-PIHPS
2026-06-11,1771,harga_pihps_grosir,15350.0,Rp,BRS04,BD-PIHPS
2026-06-11,1771,harga_pihps_grosir,15650.0,Rp,BRS05,BD-PIHPS
2026-06-11,1771,harga_pihps_grosir,15650.0,Rp,BRS06,BD-PIHPS
2026-06-11,1771,harga_pihps_grosir,44000.0,Rp,BWM01,BD-PIHPS
2026-06-11,1771,harga_pihps_grosir,31000.0,Rp,BWP01,BD-PIHPS
2026-06-11,1771,harga_pihps_grosir,40000.0,Rp,CMR01,BD-PIHPS
2026-06-11,1771,harga_pihps_grosir,43000.0,Rp,CMR02,BD-PIHPS
2026-06-11,1771,harga_pihps_grosir,54000.0,Rp,CRW01,BD-PIHPS
2026-06-11,1771,harga_pihps_grosir,74000.0,Rp,CRW02,BD-PIHPS
2026-06-11,1771,harga_pihps_grosir,38000.0,Rp,DAY01,BD-PIHPS
2026-06-11,1771,harga_pihps_grosir,137500.0,Rp,DSP01,BD-PIHPS
2026-06-11,1771,harga_pihps_grosir,105000.0,Rp,DSP02,BD-PIHPS
2026-06-11,1771,harga_pihps_grosir,17250.0,Rp,GLP01,BD-PIHPS
2026-06-11,1771,harga_pihps_grosir,17500.0,Rp,MGR01,BD-PIHPS
2026-06-11,1771,harga_pihps_grosir,22750.0,Rp,MGR02,BD-PIHPS
2026-06-11,1771,harga_pihps_grosir,22250.0,Rp,MGR03,BD-PIHPS
2026-06-11,1771,harga_pihps_grosir,26000.0,Rp,TLR01,BD-PIHPS
2026-06-11,1771,harga_pihps_modern,15450.0,Rp,BRS01,BD-PIHPS
2026-06-11,1771,harga_pihps_modern,15100.0,Rp,BRS02,BD-PIHPS
2026-06-11,1771,harga_pihps_modern,16350.0,Rp,BRS03,BD-PIHPS
2026-06-11,1771,harga_pihps_modern,16050.0,Rp,BRS04,BD-PIHPS
2026-06-11,1771,harga_pihps_modern,15250.0,Rp,BRS05,BD-PIHPS
2026-06-11,1771,harga_pihps_modern,17550.0,Rp,BRS06,BD-PIHPS
2026-06-11,1771,harga_pihps_modern,55950.0,Rp,BWM01,BD-PIHPS
2026-06-11,1771,harga_pihps_modern,45450.0,Rp,BWP01,BD-PIHPS
2026-06-11,1771,harga_pihps_modern,92950.0,Rp,CMR01,BD-PIHPS
2026-06-11,1771,harga_pihps_modern,67450.0,Rp,CMR02,BD-PIHPS
2026-06-11,1771,harga_pihps_modern,69950.0,Rp,CRW01,BD-PIHPS
2026-06-11,1771,harga_pihps_modern,87950.0,Rp,CRW02,BD-PIHPS
2026-06-11,1771,harga_pihps_modern,47050.0,Rp,DAY01,BD-PIHPS
2026-06-11,1771,harga_pihps_modern,163450.0,Rp,DSP01,BD-PIHPS
2026-06-11,1771,harga_pihps_modern,154950.0,Rp,DSP02,BD-PIHPS
2026-06-11,1771,harga_pihps_modern,17350.0,Rp,GLP01,BD-PIHPS
2026-06-11,1771,harga_pihps_modern,17200.0,Rp,GLP02,BD-PIHPS
2026-06-11,1771,harga_pihps_modern,22750.0,Rp,MGR02,BD-PIHPS
2026-06-11,1771,harga_pihps_modern,24800.0,Rp,MGR03,BD-PIHPS
2026-06-11,1771,harga_pihps_modern,28550.0,Rp,TLR01,BD-PIHPS
2026-06-11,1771,harga_pihps_produsen,13500.0,Rp,BRS03,BD-PIHPS
2026-06-11,1771,harga_pihps_produsen,13300.0,Rp,BRS04,BD-PIHPS
2026-06-11,1771,harga_pihps_produsen,16000.0,Rp,BRS05,BD-PIHPS
2026-06-11,1771,harga_pihps_produsen,13500.0,Rp,BRS06,BD-PIHPS
2026-06-11,1771,harga_pihps_produsen,35000.0,Rp,CMR01,BD-PIHPS
2026-06-11,1771,harga_pihps_produsen,35000.0,Rp,CMR02,BD-PIHPS
2026-06-11,1771,harga_pihps_produsen,38650.0,Rp,CRW02,BD-PIHPS
2026-06-11,1771,harga_pihps_produsen,20500.0,Rp,DAY01,BD-PIHPS
2026-06-11,1771,harga_pihps_produsen,150000.0,Rp,DSP01,BD-PIHPS
2026-06-11,1771,harga_pihps_produsen,150000.0,Rp,DSP02,BD-PIHPS
2026-06-11,1771,harga_pihps_produsen,24400.0,Rp,TLR01,BD-PIHPS
2026-06-12,1771,harga_pihps,15200.0,Rp,BRS01,BD-PIHPS
2026-06-12,1771,harga_pihps,12450.0,Rp,BRS02,BD-PIHPS
2026-06-12,1771,harga_pihps,16100.0,Rp,BRS03,BD-PIHPS
2026-06-12,1771,harga_pihps,15950.0,Rp,BRS04,BD-PIHPS
2026-06-12,1771,harga_pihps,17200.0,Rp,BRS05,BD-PIHPS
2026-06-12,1771,harga_pihps,16450.0,Rp,BRS06,BD-PIHPS
2026-06-12,1771,harga_pihps,56250.0,Rp,BWM01,BD-PIHPS
2026-06-12,1771,harga_pihps,45750.0,Rp,BWP01,BD-PIHPS
2026-06-12,1771,harga_pihps,55000.0,Rp,CMR01,BD-PIHPS
2026-06-12,1771,harga_pihps,57500.0,Rp,CMR02,BD-PIHPS
2026-06-12,1771,harga_pihps,58750.0,Rp,CRW01,BD-PIHPS
2026-06-12,1771,harga_pihps,77500.0,Rp,CRW02,BD-PIHPS
2026-06-12,1771,harga_pihps,37000.0,Rp,DAY01,BD-PIHPS
2026-06-12,1771,harga_pihps,155000.0,Rp,DSP01,BD-PIHPS
2026-06-12,1771,harga_pihps,140000.0,Rp,DSP02,BD-PIHPS
2026-06-12,1771,harga_pihps,18650.0,Rp,GLP01,BD-PIHPS
2026-06-12,1771,harga_pihps,19400.0,Rp,GLP02,BD-PIHPS
2026-06-12,1771,harga_pihps,20500.0,Rp,MGR01,BD-PIHPS
2026-06-12,1771,harga_pihps,24000.0,Rp,MGR02,BD-PIHPS
2026-06-12,1771,harga_pihps,23900.0,Rp,MGR03,BD-PIHPS
2026-06-12,1771,harga_pihps,28800.0,Rp,TLR01,BD-PIHPS
2026-06-12,1771,harga_pihps_grosir,14150.0,Rp,BRS01,BD-PIHPS
2026-06-12,1771,harga_pihps_grosir,13350.0,Rp,BRS02,BD-PIHPS
2026-06-12,1771,harga_pihps_grosir,15500.0,Rp,BRS03,BD-PIHPS
2026-06-12,1771,harga_pihps_grosir,15350.0,Rp,BRS04,BD-PIHPS
2026-06-12,1771,harga_pihps_grosir,15650.0,Rp,BRS05,BD-PIHPS
2026-06-12,1771,harga_pihps_grosir,15650.0,Rp,BRS06,BD-PIHPS
2026-06-12,1771,harga_pihps_grosir,44000.0,Rp,BWM01,BD-PIHPS
2026-06-12,1771,harga_pihps_grosir,31000.0,Rp,BWP01,BD-PIHPS
2026-06-12,1771,harga_pihps_grosir,40000.0,Rp,CMR01,BD-PIHPS
2026-06-12,1771,harga_pihps_grosir,43000.0,Rp,CMR02,BD-PIHPS
2026-06-12,1771,harga_pihps_grosir,54000.0,Rp,CRW01,BD-PIHPS
2026-06-12,1771,harga_pihps_grosir,74000.0,Rp,CRW02,BD-PIHPS
2026-06-12,1771,harga_pihps_grosir,38000.0,Rp,DAY01,BD-PIHPS
2026-06-12,1771,harga_pihps_grosir,137500.0,Rp,DSP01,BD-PIHPS
2026-06-12,1771,harga_pihps_grosir,105000.0,Rp,DSP02,BD-PIHPS
2026-06-12,1771,harga_pihps_grosir,17250.0,Rp,GLP01,BD-PIHPS
2026-06-12,1771,harga_pihps_grosir,17500.0,Rp,MGR01,BD-PIHPS
2026-06-12,1771,harga_pihps_grosir,22750.0,Rp,MGR02,BD-PIHPS
2026-06-12,1771,harga_pihps_grosir,22250.0,Rp,MGR03,BD-PIHPS
2026-06-12,1771,harga_pihps_grosir,26000.0,Rp,TLR01,BD-PIHPS
2026-06-12,1771,harga_pihps_modern,15450.0,Rp,BRS01,BD-PIHPS
2026-06-12,1771,harga_pihps_modern,15100.0,Rp,BRS02,BD-PIHPS
2026-06-12,1771,harga_pihps_modern,16350.0,Rp,BRS03,BD-PIHPS
2026-06-12,1771,harga_pihps_modern,16050.0,Rp,BRS04,BD-PIHPS
2026-06-12,1771,harga_pihps_modern,15250.0,Rp,BRS05,BD-PIHPS
2026-06-12,1771,harga_pihps_modern,17550.0,Rp,BRS06,BD-PIHPS
2026-06-12,1771,harga_pihps_modern,55950.0,Rp,BWM01,BD-PIHPS
2026-06-12,1771,harga_pihps_modern,45450.0,Rp,BWP01,BD-PIHPS
2026-06-12,1771,harga_pihps_modern,92950.0,Rp,CMR01,BD-PIHPS
2026-06-12,1771,harga_pihps_modern,67450.0,Rp,CMR02,BD-PIHPS
2026-06-12,1771,harga_pihps_modern,69950.0,Rp,CRW01,BD-PIHPS
2026-06-12,1771,harga_pihps_modern,87950.0,Rp,CRW02,BD-PIHPS
2026-06-12,1771,harga_pihps_modern,47050.0,Rp,DAY01,BD-PIHPS
2026-06-12,1771,harga_pihps_modern,163450.0,Rp,DSP01,BD-PIHPS
2026-06-12,1771,harga_pihps_modern,154950.0,Rp,DSP02,BD-PIHPS
2026-06-12,1771,harga_pihps_modern,17350.0,Rp,GLP01,BD-PIHPS
2026-06-12,1771,harga_pihps_modern,17200.0,Rp,GLP02,BD-PIHPS
2026-06-12,1771,harga_pihps_modern,22750.0,Rp,MGR02,BD-PIHPS
2026-06-12,1771,harga_pihps_modern,24800.0,Rp,MGR03,BD-PIHPS
2026-06-12,1771,harga_pihps_modern,28550.0,Rp,TLR01,BD-PIHPS
2026-06-12,1771,harga_pihps_produsen,13500.0,Rp,BRS03,BD-PIHPS
2026-06-12,1771,harga_pihps_produsen,13300.0,Rp,BRS04,BD-PIHPS
2026-06-12,1771,harga_pihps_produsen,16000.0,Rp,BRS05,BD-PIHPS
2026-06-12,1771,harga_pihps_produsen,13500.0,Rp,BRS06,BD-PIHPS
2026-06-12,1771,harga_pihps_produsen,35000.0,Rp,CMR01,BD-PIHPS
2026-06-12,1771,harga_pihps_produsen,35000.0,Rp,CMR02,BD-PIHPS
2026-06-12,1771,harga_pihps_produsen,38650.0,Rp,CRW02,BD-PIHPS
2026-06-12,1771,harga_pihps_produsen,20500.0,Rp,DAY01,BD-PIHPS
2026-06-12,1771,harga_pihps_produsen,150000.0,Rp,DSP01,BD-PIHPS
2026-06-12,1771,harga_pihps_produsen,150000.0,Rp,DSP02,BD-PIHPS
2026-06-12,1771,harga_pihps_produsen,24400.0,Rp,TLR01,BD-PIHPS
2026-06-15,1771,harga_pihps,15200.0,Rp,BRS01,BD-PIHPS
2026-06-15,1771,harga_pihps,12450.0,Rp,BRS02,BD-PIHPS
2026-06-15,1771,harga_pihps,16100.0,Rp,BRS03,BD-PIHPS
2026-06-15,1771,harga_pihps,15950.0,Rp,BRS04,BD-PIHPS
2026-06-15,1771,harga_pihps,17200.0,Rp,BRS05,BD-PIHPS
2026-06-15,1771,harga_pihps,16450.0,Rp,BRS06,BD-PIHPS
2026-06-15,1771,harga_pihps,52500.0,Rp,BWM01,BD-PIHPS
2026-06-15,1771,harga_pihps,45750.0,Rp,BWP01,BD-PIHPS
2026-06-15,1771,harga_pihps,50000.0,Rp,CMR01,BD-PIHPS
2026-06-15,1771,harga_pihps,56250.0,Rp,CMR02,BD-PIHPS
2026-06-15,1771,harga_pihps,53750.0,Rp,CRW01,BD-PIHPS
2026-06-15,1771,harga_pihps,80000.0,Rp,CRW02,BD-PIHPS
2026-06-15,1771,harga_pihps,37250.0,Rp,DAY01,BD-PIHPS
2026-06-15,1771,harga_pihps,155000.0,Rp,DSP01,BD-PIHPS
2026-06-15,1771,harga_pihps,140000.0,Rp,DSP02,BD-PIHPS
2026-06-15,1771,harga_pihps,18500.0,Rp,GLP01,BD-PIHPS
2026-06-15,1771,harga_pihps,19400.0,Rp,GLP02,BD-PIHPS
2026-06-15,1771,harga_pihps,20500.0,Rp,MGR01,BD-PIHPS
2026-06-15,1771,harga_pihps,24000.0,Rp,MGR02,BD-PIHPS
2026-06-15,1771,harga_pihps,23900.0,Rp,MGR03,BD-PIHPS
2026-06-15,1771,harga_pihps,28800.0,Rp,TLR01,BD-PIHPS
2026-06-15,1771,harga_pihps_grosir,14150.0,Rp,BRS01,BD-PIHPS
2026-06-15,1771,harga_pihps_grosir,13350.0,Rp,BRS02,BD-PIHPS
2026-06-15,1771,harga_pihps_grosir,15500.0,Rp,BRS03,BD-PIHPS
2026-06-15,1771,harga_pihps_grosir,15350.0,Rp,BRS04,BD-PIHPS
2026-06-15,1771,harga_pihps_grosir,15650.0,Rp,BRS05,BD-PIHPS
2026-06-15,1771,harga_pihps_grosir,15650.0,Rp,BRS06,BD-PIHPS
2026-06-15,1771,harga_pihps_grosir,44000.0,Rp,BWM01,BD-PIHPS
2026-06-15,1771,harga_pihps_grosir,31000.0,Rp,BWP01,BD-PIHPS
2026-06-15,1771,harga_pihps_grosir,40000.0,Rp,CMR01,BD-PIHPS
2026-06-15,1771,harga_pihps_grosir,43000.0,Rp,CMR02,BD-PIHPS
2026-06-15,1771,harga_pihps_grosir,54000.0,Rp,CRW01,BD-PIHPS
2026-06-15,1771,harga_pihps_grosir,74000.0,Rp,CRW02,BD-PIHPS
2026-06-15,1771,harga_pihps_grosir,38000.0,Rp,DAY01,BD-PIHPS
2026-06-15,1771,harga_pihps_grosir,137500.0,Rp,DSP01,BD-PIHPS
2026-06-15,1771,harga_pihps_grosir,105000.0,Rp,DSP02,BD-PIHPS
2026-06-15,1771,harga_pihps_grosir,17250.0,Rp,GLP01,BD-PIHPS
2026-06-15,1771,harga_pihps_grosir,17500.0,Rp,MGR01,BD-PIHPS
2026-06-15,1771,harga_pihps_grosir,22750.0,Rp,MGR02,BD-PIHPS
2026-06-15,1771,harga_pihps_grosir,22250.0,Rp,MGR03,BD-PIHPS
2026-06-15,1771,harga_pihps_grosir,26000.0,Rp,TLR01,BD-PIHPS
2026-06-15,1771,harga_pihps_modern,15450.0,Rp,BRS01,BD-PIHPS
2026-06-15,1771,harga_pihps_modern,15100.0,Rp,BRS02,BD-PIHPS
2026-06-15,1771,harga_pihps_modern,16350.0,Rp,BRS03,BD-PIHPS
2026-06-15,1771,harga_pihps_modern,16050.0,Rp,BRS04,BD-PIHPS
2026-06-15,1771,harga_pihps_modern,15250.0,Rp,BRS05,BD-PIHPS
2026-06-15,1771,harga_pihps_modern,17550.0,Rp,BRS06,BD-PIHPS
2026-06-15,1771,harga_pihps_modern,55950.0,Rp,BWM01,BD-PIHPS
2026-06-15,1771,harga_pihps_modern,45450.0,Rp,BWP01,BD-PIHPS
2026-06-15,1771,harga_pihps_modern,92950.0,Rp,CMR01,BD-PIHPS
2026-06-15,1771,harga_pihps_modern,67450.0,Rp,CMR02,BD-PIHPS
2026-06-15,1771,harga_pihps_modern,69950.0,Rp,CRW01,BD-PIHPS
2026-06-15,1771,harga_pihps_modern,87950.0,Rp,CRW02,BD-PIHPS
2026-06-15,1771,harga_pihps_modern,47050.0,Rp,DAY01,BD-PIHPS
2026-06-15,1771,harga_pihps_modern,163450.0,Rp,DSP01,BD-PIHPS
2026-06-15,1771,harga_pihps_modern,154950.0,Rp,DSP02,BD-PIHPS
2026-06-15,1771,harga_pihps_modern,17350.0,Rp,GLP01,BD-PIHPS
2026-06-15,1771,harga_pihps_modern,17200.0,Rp,GLP02,BD-PIHPS
2026-06-15,1771,harga_pihps_modern,22750.0,Rp,MGR02,BD-PIHPS
2026-06-15,1771,harga_pihps_modern,24800.0,Rp,MGR03,BD-PIHPS
2026-06-15,1771,harga_pihps_modern,28550.0,Rp,TLR01,BD-PIHPS
2026-06-15,1771,harga_pihps_produsen,13500.0,Rp,BRS03,BD-PIHPS
2026-06-15,1771,harga_pihps_produsen,13300.0,Rp,BRS04,BD-PIHPS
2026-06-15,1771,harga_pihps_produsen,16000.0,Rp,BRS05,BD-PIHPS
2026-06-15,1771,harga_pihps_produsen,13500.0,Rp,BRS06,BD-PIHPS
2026-06-15,1771,harga_pihps_produsen,35000.0,Rp,CMR01,BD-PIHPS
2026-06-15,1771,harga_pihps_produsen,35000.0,Rp,CMR02,BD-PIHPS
2026-06-15,1771,harga_pihps_produsen,38650.0,Rp,CRW02,BD-PIHPS
2026-06-15,1771,harga_pihps_produsen,20500.0,Rp,DAY01,BD-PIHPS
2026-06-15,1771,harga_pihps_produsen,150000.0,Rp,DSP01,BD-PIHPS
2026-06-15,1771,harga_pihps_produsen,150000.0,Rp,DSP02,BD-PIHPS
2026-06-15,1771,harga_pihps_produsen,24400.0,Rp,TLR01,BD-PIHPS
2026-06-16,1771,harga_pihps,15200.0,Rp,BRS01,BD-PIHPS
2026-06-16,1771,harga_pihps,12450.0,Rp,BRS02,BD-PIHPS
2026-06-16,1771,harga_pihps,16100.0,Rp,BRS03,BD-PIHPS
2026-06-16,1771,harga_pihps,15950.0,Rp,BRS04,BD-PIHPS
2026-06-16,1771,harga_pihps,17200.0,Rp,BRS05,BD-PIHPS
2026-06-16,1771,harga_pihps,16450.0,Rp,BRS06,BD-PIHPS
2026-06-16,1771,harga_pihps,52500.0,Rp,BWM01,BD-PIHPS
2026-06-16,1771,harga_pihps,45750.0,Rp,BWP01,BD-PIHPS
2026-06-16,1771,harga_pihps,50000.0,Rp,CMR01,BD-PIHPS
2026-06-16,1771,harga_pihps,56250.0,Rp,CMR02,BD-PIHPS
2026-06-16,1771,harga_pihps,53750.0,Rp,CRW01,BD-PIHPS
2026-06-16,1771,harga_pihps,80000.0,Rp,CRW02,BD-PIHPS
2026-06-16,1771,harga_pihps,37250.0,Rp,DAY01,BD-PIHPS
2026-06-16,1771,harga_pihps,155000.0,Rp,DSP01,BD-PIHPS
2026-06-16,1771,harga_pihps,140000.0,Rp,DSP02,BD-PIHPS
2026-06-16,1771,harga_pihps,18500.0,Rp,GLP01,BD-PIHPS
2026-06-16,1771,harga_pihps,19400.0,Rp,GLP02,BD-PIHPS
2026-06-16,1771,harga_pihps,20500.0,Rp,MGR01,BD-PIHPS
2026-06-16,1771,harga_pihps,24000.0,Rp,MGR02,BD-PIHPS
2026-06-16,1771,harga_pihps,23900.0,Rp,MGR03,BD-PIHPS
2026-06-16,1771,harga_pihps,28800.0,Rp,TLR01,BD-PIHPS
2026-06-16,1771,harga_pihps_grosir,14150.0,Rp,BRS01,BD-PIHPS
2026-06-16,1771,harga_pihps_grosir,13350.0,Rp,BRS02,BD-PIHPS
2026-06-16,1771,harga_pihps_grosir,15500.0,Rp,BRS03,BD-PIHPS
2026-06-16,1771,harga_pihps_grosir,15350.0,Rp,BRS04,BD-PIHPS
2026-06-16,1771,harga_pihps_grosir,15650.0,Rp,BRS05,BD-PIHPS
2026-06-16,1771,harga_pihps_grosir,15650.0,Rp,BRS06,BD-PIHPS
2026-06-16,1771,harga_pihps_grosir,44000.0,Rp,BWM01,BD-PIHPS
2026-06-16,1771,harga_pihps_grosir,31000.0,Rp,BWP01,BD-PIHPS
2026-06-16,1771,harga_pihps_grosir,40000.0,Rp,CMR01,BD-PIHPS
2026-06-16,1771,harga_pihps_grosir,43000.0,Rp,CMR02,BD-PIHPS
2026-06-16,1771,harga_pihps_grosir,54000.0,Rp,CRW01,BD-PIHPS
2026-06-16,1771,harga_pihps_grosir,74000.0,Rp,CRW02,BD-PIHPS
2026-06-16,1771,harga_pihps_grosir,38000.0,Rp,DAY01,BD-PIHPS
2026-06-16,1771,harga_pihps_grosir,137500.0,Rp,DSP01,BD-PIHPS
2026-06-16,1771,harga_pihps_grosir,105000.0,Rp,DSP02,BD-PIHPS
2026-06-16,1771,harga_pihps_grosir,17250.0,Rp,GLP01,BD-PIHPS
2026-06-16,1771,harga_pihps_grosir,17500.0,Rp,MGR01,BD-PIHPS
2026-06-16,1771,harga_pihps_grosir,22750.0,Rp,MGR02,BD-PIHPS
2026-06-16,1771,harga_pihps_grosir,22250.0,Rp,MGR03,BD-PIHPS
2026-06-16,1771,harga_pihps_grosir,26000.0,Rp,TLR01,BD-PIHPS
2026-06-16,1771,harga_pihps_modern,15450.0,Rp,BRS01,BD-PIHPS
2026-06-16,1771,harga_pihps_modern,15100.0,Rp,BRS02,BD-PIHPS
2026-06-16,1771,harga_pihps_modern,16350.0,Rp,BRS03,BD-PIHPS
2026-06-16,1771,harga_pihps_modern,16050.0,Rp,BRS04,BD-PIHPS
2026-06-16,1771,harga_pihps_modern,15250.0,Rp,BRS05,BD-PIHPS
2026-06-16,1771,harga_pihps_modern,17550.0,Rp,BRS06,BD-PIHPS
2026-06-16,1771,harga_pihps_modern,55950.0,Rp,BWM01,BD-PIHPS
2026-06-16,1771,harga_pihps_modern,45450.0,Rp,BWP01,BD-PIHPS
2026-06-16,1771,harga_pihps_modern,92950.0,Rp,CMR01,BD-PIHPS
2026-06-16,1771,harga_pihps_modern,67450.0,Rp,CMR02,BD-PIHPS
2026-06-16,1771,harga_pihps_modern,69950.0,Rp,CRW01,BD-PIHPS
2026-06-16,1771,harga_pihps_modern,87950.0,Rp,CRW02,BD-PIHPS
2026-06-16,1771,harga_pihps_modern,47050.0,Rp,DAY01,BD-PIHPS
2026-06-16,1771,harga_pihps_modern,163450.0,Rp,DSP01,BD-PIHPS
2026-06-16,1771,harga_pihps_modern,154950.0,Rp,DSP02,BD-PIHPS
2026-06-16,1771,harga_pihps_modern,17350.0,Rp,GLP01,BD-PIHPS
2026-06-16,1771,harga_pihps_modern,17200.0,Rp,GLP02,BD-PIHPS
2026-06-16,1771,harga_pihps_modern,22750.0,Rp,MGR02,BD-PIHPS
2026-06-16,1771,harga_pihps_modern,24800.0,Rp,MGR03,BD-PIHPS
2026-06-16,1771,harga_pihps_modern,28550.0,Rp,TLR01,BD-PIHPS
2026-06-16,1771,harga_pihps_produsen,13500.0,Rp,BRS03,BD-PIHPS
2026-06-16,1771,harga_pihps_produsen,13300.0,Rp,BRS04,BD-PIHPS
2026-06-16,1771,harga_pihps_produsen,16000.0,Rp,BRS05,BD-PIHPS
2026-06-16,1771,harga_pihps_produsen,13500.0,Rp,BRS06,BD-PIHPS
2026-06-16,1771,harga_pihps_produsen,35000.0,Rp,CMR01,BD-PIHPS
2026-06-16,1771,harga_pihps_produsen,35000.0,Rp,CMR02,BD-PIHPS
2026-06-16,1771,harga_pihps_produsen,38650.0,Rp,CRW02,BD-PIHPS
2026-06-16,1771,harga_pihps_produsen,20500.0,Rp,DAY01,BD-PIHPS
2026-06-16,1771,harga_pihps_produsen,150000.0,Rp,DSP01,BD-PIHPS
2026-06-16,1771,harga_pihps_produsen,150000.0,Rp,DSP02,BD-PIHPS
2026-06-16,1771,harga_pihps_produsen,24400.0,Rp,TLR01,BD-PIHPS
2026-06-17,1771,harga_pihps,15200.0,Rp,BRS01,BD-PIHPS
2026-06-17,1771,harga_pihps,12450.0,Rp,BRS02,BD-PIHPS
2026-06-17,1771,harga_pihps,16100.0,Rp,BRS03,BD-PIHPS
2026-06-17,1771,harga_pihps,15950.0,Rp,BRS04,BD-PIHPS
2026-06-17,1771,harga_pihps,17200.0,Rp,BRS05,BD-PIHPS
2026-06-17,1771,harga_pihps,16450.0,Rp,BRS06,BD-PIHPS
2026-06-17,1771,harga_pihps,52500.0,Rp,BWM01,BD-PIHPS
2026-06-17,1771,harga_pihps,45750.0,Rp,BWP01,BD-PIHPS
2026-06-17,1771,harga_pihps,52500.0,Rp,CMR01,BD-PIHPS
2026-06-17,1771,harga_pihps,60000.0,Rp,CMR02,BD-PIHPS
2026-06-17,1771,harga_pihps,51250.0,Rp,CRW01,BD-PIHPS
2026-06-17,1771,harga_pihps,77500.0,Rp,CRW02,BD-PIHPS
2026-06-17,1771,harga_pihps,38000.0,Rp,DAY01,BD-PIHPS
2026-06-17,1771,harga_pihps,155000.0,Rp,DSP01,BD-PIHPS
2026-06-17,1771,harga_pihps,140000.0,Rp,DSP02,BD-PIHPS
2026-06-17,1771,harga_pihps,18500.0,Rp,GLP01,BD-PIHPS
2026-06-17,1771,harga_pihps,19400.0,Rp,GLP02,BD-PIHPS
2026-06-17,1771,harga_pihps,20500.0,Rp,MGR01,BD-PIHPS
2026-06-17,1771,harga_pihps,24000.0,Rp,MGR02,BD-PIHPS
2026-06-17,1771,harga_pihps,23900.0,Rp,MGR03,BD-PIHPS
2026-06-17,1771,harga_pihps,28800.0,Rp,TLR01,BD-PIHPS
2026-06-17,1771,harga_pihps_grosir,14150.0,Rp,BRS01,BD-PIHPS
2026-06-17,1771,harga_pihps_grosir,13350.0,Rp,BRS02,BD-PIHPS
2026-06-17,1771,harga_pihps_grosir,15500.0,Rp,BRS03,BD-PIHPS
2026-06-17,1771,harga_pihps_grosir,15350.0,Rp,BRS04,BD-PIHPS
2026-06-17,1771,harga_pihps_grosir,15650.0,Rp,BRS05,BD-PIHPS
2026-06-17,1771,harga_pihps_grosir,15650.0,Rp,BRS06,BD-PIHPS
2026-06-17,1771,harga_pihps_grosir,44000.0,Rp,BWM01,BD-PIHPS
2026-06-17,1771,harga_pihps_grosir,31000.0,Rp,BWP01,BD-PIHPS
2026-06-17,1771,harga_pihps_grosir,40000.0,Rp,CMR01,BD-PIHPS
2026-06-17,1771,harga_pihps_grosir,43000.0,Rp,CMR02,BD-PIHPS
2026-06-17,1771,harga_pihps_grosir,54000.0,Rp,CRW01,BD-PIHPS
2026-06-17,1771,harga_pihps_grosir,74000.0,Rp,CRW02,BD-PIHPS
2026-06-17,1771,harga_pihps_grosir,38000.0,Rp,DAY01,BD-PIHPS
2026-06-17,1771,harga_pihps_grosir,137500.0,Rp,DSP01,BD-PIHPS
2026-06-17,1771,harga_pihps_grosir,105000.0,Rp,DSP02,BD-PIHPS
2026-06-17,1771,harga_pihps_grosir,17250.0,Rp,GLP01,BD-PIHPS
2026-06-17,1771,harga_pihps_grosir,17500.0,Rp,MGR01,BD-PIHPS
2026-06-17,1771,harga_pihps_grosir,22750.0,Rp,MGR02,BD-PIHPS
2026-06-17,1771,harga_pihps_grosir,22250.0,Rp,MGR03,BD-PIHPS
2026-06-17,1771,harga_pihps_grosir,26000.0,Rp,TLR01,BD-PIHPS
2026-06-17,1771,harga_pihps_modern,15450.0,Rp,BRS01,BD-PIHPS
2026-06-17,1771,harga_pihps_modern,15100.0,Rp,BRS02,BD-PIHPS
2026-06-17,1771,harga_pihps_modern,16350.0,Rp,BRS03,BD-PIHPS
2026-06-17,1771,harga_pihps_modern,16050.0,Rp,BRS04,BD-PIHPS
2026-06-17,1771,harga_pihps_modern,15250.0,Rp,BRS05,BD-PIHPS
2026-06-17,1771,harga_pihps_modern,17550.0,Rp,BRS06,BD-PIHPS
2026-06-17,1771,harga_pihps_modern,55950.0,Rp,BWM01,BD-PIHPS
2026-06-17,1771,harga_pihps_modern,45450.0,Rp,BWP01,BD-PIHPS
2026-06-17,1771,harga_pihps_modern,92950.0,Rp,CMR01,BD-PIHPS
2026-06-17,1771,harga_pihps_modern,67450.0,Rp,CMR02,BD-PIHPS
2026-06-17,1771,harga_pihps_modern,69950.0,Rp,CRW01,BD-PIHPS
2026-06-17,1771,harga_pihps_modern,87950.0,Rp,CRW02,BD-PIHPS
2026-06-17,1771,harga_pihps_modern,47050.0,Rp,DAY01,BD-PIHPS
2026-06-17,1771,harga_pihps_modern,163450.0,Rp,DSP01,BD-PIHPS
2026-06-17,1771,harga_pihps_modern,154950.0,Rp,DSP02,BD-PIHPS
2026-06-17,1771,harga_pihps_modern,17350.0,Rp,GLP01,BD-PIHPS
2026-06-17,1771,harga_pihps_modern,17200.0,Rp,GLP02,BD-PIHPS
2026-06-17,1771,harga_pihps_modern,22750.0,Rp,MGR02,BD-PIHPS
2026-06-17,1771,harga_pihps_modern,24800.0,Rp,MGR03,BD-PIHPS
2026-06-17,1771,harga_pihps_modern,28550.0,Rp,TLR01,BD-PIHPS
2026-06-17,1771,harga_pihps_produsen,13500.0,Rp,BRS03,BD-PIHPS
2026-06-17,1771,harga_pihps_produsen,13300.0,Rp,BRS04,BD-PIHPS
2026-06-17,1771,harga_pihps_produsen,16000.0,Rp,BRS05,BD-PIHPS
2026-06-17,1771,harga_pihps_produsen,13500.0,Rp,BRS06,BD-PIHPS
2026-06-17,1771,harga_pihps_produsen,35000.0,Rp,CMR01,BD-PIHPS
2026-06-17,1771,harga_pihps_produsen,35000.0,Rp,CMR02,BD-PIHPS
2026-06-17,1771,harga_pihps_produsen,38650.0,Rp,CRW02,BD-PIHPS
2026-06-17,1771,harga_pihps_produsen,20500.0,Rp,DAY01,BD-PIHPS
2026-06-17,1771,harga_pihps_produsen,150000.0,Rp,DSP01,BD-PIHPS
2026-06-17,1771,harga_pihps_produsen,150000.0,Rp,DSP02,BD-PIHPS
2026-06-17,1771,harga_pihps_produsen,24400.0,Rp,TLR01,BD-PIHPS
2026-06-18,1771,harga_pihps,15200.0,Rp,BRS01,BD-PIHPS
2026-06-18,1771,harga_pihps,12450.0,Rp,BRS02,BD-PIHPS
2026-06-18,1771,harga_pihps,16100.0,Rp,BRS03,BD-PIHPS
2026-06-18,1771,harga_pihps,15950.0,Rp,BRS04,BD-PIHPS
2026-06-18,1771,harga_pihps,17200.0,Rp,BRS05,BD-PIHPS
2026-06-18,1771,harga_pihps,16450.0,Rp,BRS06,BD-PIHPS
2026-06-18,1771,harga_pihps,52500.0,Rp,BWM01,BD-PIHPS
2026-06-18,1771,harga_pihps,45750.0,Rp,BWP01,BD-PIHPS
2026-06-18,1771,harga_pihps,52000.0,Rp,CMR01,BD-PIHPS
2026-06-18,1771,harga_pihps,58750.0,Rp,CMR02,BD-PIHPS
2026-06-18,1771,harga_pihps,51250.0,Rp,CRW01,BD-PIHPS
2026-06-18,1771,harga_pihps,77500.0,Rp,CRW02,BD-PIHPS
2026-06-18,1771,harga_pihps,38000.0,Rp,DAY01,BD-PIHPS
2026-06-18,1771,harga_pihps,155000.0,Rp,DSP01,BD-PIHPS
2026-06-18,1771,harga_pihps,140000.0,Rp,DSP02,BD-PIHPS
2026-06-18,1771,harga_pihps,18500.0,Rp,GLP01,BD-PIHPS
2026-06-18,1771,harga_pihps,19400.0,Rp,GLP02,BD-PIHPS
2026-06-18,1771,harga_pihps,20500.0,Rp,MGR01,BD-PIHPS
2026-06-18,1771,harga_pihps,24000.0,Rp,MGR02,BD-PIHPS
2026-06-18,1771,harga_pihps,23900.0,Rp,MGR03,BD-PIHPS
2026-06-18,1771,harga_pihps,28800.0,Rp,TLR01,BD-PIHPS
2026-06-18,1771,harga_pihps_grosir,14150.0,Rp,BRS01,BD-PIHPS
2026-06-18,1771,harga_pihps_grosir,15450.0,Rp,BRS02,BD-PIHPS
2026-06-18,1771,harga_pihps_grosir,15500.0,Rp,BRS03,BD-PIHPS
2026-06-18,1771,harga_pihps_grosir,15700.0,Rp,BRS04,BD-PIHPS
2026-06-18,1771,harga_pihps_grosir,15650.0,Rp,BRS05,BD-PIHPS
2026-06-18,1771,harga_pihps_grosir,15800.0,Rp,BRS06,BD-PIHPS
2026-06-18,1771,harga_pihps_grosir,44000.0,Rp,BWM01,BD-PIHPS
2026-06-18,1771,harga_pihps_grosir,31000.0,Rp,BWP01,BD-PIHPS
2026-06-18,1771,harga_pihps_grosir,44000.0,Rp,CMR01,BD-PIHPS
2026-06-18,1771,harga_pihps_grosir,48000.0,Rp,CMR02,BD-PIHPS
2026-06-18,1771,harga_pihps_grosir,42500.0,Rp,CRW01,BD-PIHPS
2026-06-18,1771,harga_pihps_grosir,72500.0,Rp,CRW02,BD-PIHPS
2026-06-18,1771,harga_pihps_grosir,38000.0,Rp,DAY01,BD-PIHPS
2026-06-18,1771,harga_pihps_grosir,137500.0,Rp,DSP01,BD-PIHPS
2026-06-18,1771,harga_pihps_grosir,105000.0,Rp,DSP02,BD-PIHPS
2026-06-18,1771,harga_pihps_grosir,17250.0,Rp,GLP01,BD-PIHPS
2026-06-18,1771,harga_pihps_grosir,17500.0,Rp,MGR01,BD-PIHPS
2026-06-18,1771,harga_pihps_grosir,22750.0,Rp,MGR02,BD-PIHPS
2026-06-18,1771,harga_pihps_grosir,22250.0,Rp,MGR03,BD-PIHPS
2026-06-18,1771,harga_pihps_grosir,25600.0,Rp,TLR01,BD-PIHPS
2026-06-18,1771,harga_pihps_modern,15450.0,Rp,BRS01,BD-PIHPS
2026-06-18,1771,harga_pihps_modern,15100.0,Rp,BRS02,BD-PIHPS
2026-06-18,1771,harga_pihps_modern,16350.0,Rp,BRS03,BD-PIHPS
2026-06-18,1771,harga_pihps_modern,16050.0,Rp,BRS04,BD-PIHPS
2026-06-18,1771,harga_pihps_modern,15250.0,Rp,BRS05,BD-PIHPS
2026-06-18,1771,harga_pihps_modern,17550.0,Rp,BRS06,BD-PIHPS
2026-06-18,1771,harga_pihps_modern,55950.0,Rp,BWM01,BD-PIHPS
2026-06-18,1771,harga_pihps_modern,45450.0,Rp,BWP01,BD-PIHPS
2026-06-18,1771,harga_pihps_modern,92950.0,Rp,CMR01,BD-PIHPS
2026-06-18,1771,harga_pihps_modern,67450.0,Rp,CMR02,BD-PIHPS
2026-06-18,1771,harga_pihps_modern,69950.0,Rp,CRW01,BD-PIHPS
2026-06-18,1771,harga_pihps_modern,87950.0,Rp,CRW02,BD-PIHPS
2026-06-18,1771,harga_pihps_modern,47050.0,Rp,DAY01,BD-PIHPS
2026-06-18,1771,harga_pihps_modern,163450.0,Rp,DSP01,BD-PIHPS
2026-06-18,1771,harga_pihps_modern,154950.0,Rp,DSP02,BD-PIHPS
2026-06-18,1771,harga_pihps_modern,17350.0,Rp,GLP01,BD-PIHPS
2026-06-18,1771,harga_pihps_modern,17200.0,Rp,GLP02,BD-PIHPS
2026-06-18,1771,harga_pihps_modern,22750.0,Rp,MGR02,BD-PIHPS
2026-06-18,1771,harga_pihps_modern,24800.0,Rp,MGR03,BD-PIHPS
2026-06-18,1771,harga_pihps_modern,28550.0,Rp,TLR01,BD-PIHPS
2026-06-18,1771,harga_pihps_produsen,13500.0,Rp,BRS03,BD-PIHPS
2026-06-18,1771,harga_pihps_produsen,13300.0,Rp,BRS04,BD-PIHPS
2026-06-18,1771,harga_pihps_produsen,16000.0,Rp,BRS05,BD-PIHPS
2026-06-18,1771,harga_pihps_produsen,13500.0,Rp,BRS06,BD-PIHPS
2026-06-18,1771,harga_pihps_produsen,35000.0,Rp,CMR01,BD-PIHPS
2026-06-18,1771,harga_pihps_produsen,35000.0,Rp,CMR02,BD-PIHPS
2026-06-18,1771,harga_pihps_produsen,38650.0,Rp,CRW02,BD-PIHPS
2026-06-18,1771,harga_pihps_produsen,20500.0,Rp,DAY01,BD-PIHPS
2026-06-18,1771,harga_pihps_produsen,150000.0,Rp,DSP01,BD-PIHPS
2026-06-18,1771,harga_pihps_produsen,150000.0,Rp,DSP02,BD-PIHPS
2026-06-18,1771,harga_pihps_produsen,24400.0,Rp,TLR01,BD-PIHPS
2026-06-19,1771,harga_pihps,15200.0,Rp,BRS01,BD-PIHPS
2026-06-19,1771,harga_pihps,12450.0,Rp,BRS02,BD-PIHPS
2026-06-19,1771,harga_pihps,16100.0,Rp,BRS03,BD-PIHPS
2026-06-19,1771,harga_pihps,15950.0,Rp,BRS04,BD-PIHPS
2026-06-19,1771,harga_pihps,17200.0,Rp,BRS05,BD-PIHPS
2026-06-19,1771,harga_pihps,16450.0,Rp,BRS06,BD-PIHPS
2026-06-19,1771,harga_pihps,52500.0,Rp,BWM01,BD-PIHPS
2026-06-19,1771,harga_pihps,46250.0,Rp,BWP01,BD-PIHPS
2026-06-19,1771,harga_pihps,52500.0,Rp,CMR01,BD-PIHPS
2026-06-19,1771,harga_pihps,60000.0,Rp,CMR02,BD-PIHPS
2026-06-19,1771,harga_pihps,52500.0,Rp,CRW01,BD-PIHPS
2026-06-19,1771,harga_pihps,76250.0,Rp,CRW02,BD-PIHPS
2026-06-19,1771,harga_pihps,38000.0,Rp,DAY01,BD-PIHPS
2026-06-19,1771,harga_pihps,155000.0,Rp,DSP01,BD-PIHPS
2026-06-19,1771,harga_pihps,140000.0,Rp,DSP02,BD-PIHPS
2026-06-19,1771,harga_pihps,18500.0,Rp,GLP01,BD-PIHPS
2026-06-19,1771,harga_pihps,19400.0,Rp,GLP02,BD-PIHPS
2026-06-19,1771,harga_pihps,20500.0,Rp,MGR01,BD-PIHPS
2026-06-19,1771,harga_pihps,24000.0,Rp,MGR02,BD-PIHPS
2026-06-19,1771,harga_pihps,23900.0,Rp,MGR03,BD-PIHPS
2026-06-19,1771,harga_pihps,28800.0,Rp,TLR01,BD-PIHPS
2026-06-19,1771,harga_pihps_grosir,14150.0,Rp,BRS01,BD-PIHPS
2026-06-19,1771,harga_pihps_grosir,15450.0,Rp,BRS02,BD-PIHPS
2026-06-19,1771,harga_pihps_grosir,15500.0,Rp,BRS03,BD-PIHPS
2026-06-19,1771,harga_pihps_grosir,15700.0,Rp,BRS04,BD-PIHPS
2026-06-19,1771,harga_pihps_grosir,15650.0,Rp,BRS05,BD-PIHPS
2026-06-19,1771,harga_pihps_grosir,15800.0,Rp,BRS06,BD-PIHPS
2026-06-19,1771,harga_pihps_grosir,44000.0,Rp,BWM01,BD-PIHPS
2026-06-19,1771,harga_pihps_grosir,31000.0,Rp,BWP01,BD-PIHPS
2026-06-19,1771,harga_pihps_grosir,44000.0,Rp,CMR01,BD-PIHPS
2026-06-19,1771,harga_pihps_grosir,48000.0,Rp,CMR02,BD-PIHPS
2026-06-19,1771,harga_pihps_grosir,42500.0,Rp,CRW01,BD-PIHPS
2026-06-19,1771,harga_pihps_grosir,72500.0,Rp,CRW02,BD-PIHPS
2026-06-19,1771,harga_pihps_grosir,38000.0,Rp,DAY01,BD-PIHPS
2026-06-19,1771,harga_pihps_grosir,137500.0,Rp,DSP01,BD-PIHPS
2026-06-19,1771,harga_pihps_grosir,105000.0,Rp,DSP02,BD-PIHPS
2026-06-19,1771,harga_pihps_grosir,17250.0,Rp,GLP01,BD-PIHPS
2026-06-19,1771,harga_pihps_grosir,17500.0,Rp,MGR01,BD-PIHPS
2026-06-19,1771,harga_pihps_grosir,22750.0,Rp,MGR02,BD-PIHPS
2026-06-19,1771,harga_pihps_grosir,22250.0,Rp,MGR03,BD-PIHPS
2026-06-19,1771,harga_pihps_grosir,25600.0,Rp,TLR01,BD-PIHPS
2026-06-19,1771,harga_pihps_modern,15450.0,Rp,BRS01,BD-PIHPS
2026-06-19,1771,harga_pihps_modern,15100.0,Rp,BRS02,BD-PIHPS
2026-06-19,1771,harga_pihps_modern,16350.0,Rp,BRS03,BD-PIHPS
2026-06-19,1771,harga_pihps_modern,16050.0,Rp,BRS04,BD-PIHPS
2026-06-19,1771,harga_pihps_modern,15250.0,Rp,BRS05,BD-PIHPS
2026-06-19,1771,harga_pihps_modern,17550.0,Rp,BRS06,BD-PIHPS
2026-06-19,1771,harga_pihps_modern,55950.0,Rp,BWM01,BD-PIHPS
2026-06-19,1771,harga_pihps_modern,45450.0,Rp,BWP01,BD-PIHPS
2026-06-19,1771,harga_pihps_modern,92950.0,Rp,CMR01,BD-PIHPS
2026-06-19,1771,harga_pihps_modern,67450.0,Rp,CMR02,BD-PIHPS
2026-06-19,1771,harga_pihps_modern,69950.0,Rp,CRW01,BD-PIHPS
2026-06-19,1771,harga_pihps_modern,87950.0,Rp,CRW02,BD-PIHPS
2026-06-19,1771,harga_pihps_modern,47050.0,Rp,DAY01,BD-PIHPS
2026-06-19,1771,harga_pihps_modern,163450.0,Rp,DSP01,BD-PIHPS
2026-06-19,1771,harga_pihps_modern,154950.0,Rp,DSP02,BD-PIHPS
2026-06-19,1771,harga_pihps_modern,17350.0,Rp,GLP01,BD-PIHPS
2026-06-19,1771,harga_pihps_modern,17200.0,Rp,GLP02,BD-PIHPS
2026-06-19,1771,harga_pihps_modern,22750.0,Rp,MGR02,BD-PIHPS
2026-06-19,1771,harga_pihps_modern,24800.0,Rp,MGR03,BD-PIHPS
2026-06-19,1771,harga_pihps_modern,28550.0,Rp,TLR01,BD-PIHPS
2026-06-19,1771,harga_pihps_produsen,13500.0,Rp,BRS03,BD-PIHPS
2026-06-19,1771,harga_pihps_produsen,13300.0,Rp,BRS04,BD-PIHPS
2026-06-19,1771,harga_pihps_produsen,16000.0,Rp,BRS05,BD-PIHPS
2026-06-19,1771,harga_pihps_produsen,13500.0,Rp,BRS06,BD-PIHPS
2026-06-19,1771,harga_pihps_produsen,35000.0,Rp,CMR01,BD-PIHPS
2026-06-19,1771,harga_pihps_produsen,35000.0,Rp,CMR02,BD-PIHPS
2026-06-19,1771,harga_pihps_produsen,38650.0,Rp,CRW02,BD-PIHPS
2026-06-19,1771,harga_pihps_produsen,20500.0,Rp,DAY01,BD-PIHPS
2026-06-19,1771,harga_pihps_produsen,150000.0,Rp,DSP01,BD-PIHPS
2026-06-19,1771,harga_pihps_produsen,150000.0,Rp,DSP02,BD-PIHPS
2026-06-19,1771,harga_pihps_produsen,24400.0,Rp,TLR01,BD-PIHPS
2026-06-22,1771,harga_pihps,15200.0,Rp,BRS01,BD-PIHPS
2026-06-22,1771,harga_pihps,12450.0,Rp,BRS02,BD-PIHPS
2026-06-22,1771,harga_pihps,16100.0,Rp,BRS03,BD-PIHPS
2026-06-22,1771,harga_pihps,15850.0,Rp,BRS04,BD-PIHPS
2026-06-22,1771,harga_pihps,17200.0,Rp,BRS05,BD-PIHPS
2026-06-22,1771,harga_pihps,16450.0,Rp,BRS06,BD-PIHPS
2026-06-22,1771,harga_pihps,51250.0,Rp,BWM01,BD-PIHPS
2026-06-22,1771,harga_pihps,46250.0,Rp,BWP01,BD-PIHPS
2026-06-22,1771,harga_pihps,52500.0,Rp,CMR01,BD-PIHPS
2026-06-22,1771,harga_pihps,58750.0,Rp,CMR02,BD-PIHPS
2026-06-22,1771,harga_pihps,50000.0,Rp,CRW01,BD-PIHPS
2026-06-22,1771,harga_pihps,70000.0,Rp,CRW02,BD-PIHPS
2026-06-22,1771,harga_pihps,37250.0,Rp,DAY01,BD-PIHPS
2026-06-22,1771,harga_pihps,155000.0,Rp,DSP01,BD-PIHPS
2026-06-22,1771,harga_pihps,140000.0,Rp,DSP02,BD-PIHPS
2026-06-22,1771,harga_pihps,18500.0,Rp,GLP01,BD-PIHPS
2026-06-22,1771,harga_pihps,19400.0,Rp,GLP02,BD-PIHPS
2026-06-22,1771,harga_pihps,20500.0,Rp,MGR01,BD-PIHPS
2026-06-22,1771,harga_pihps,24000.0,Rp,MGR02,BD-PIHPS
2026-06-22,1771,harga_pihps,23900.0,Rp,MGR03,BD-PIHPS
2026-06-22,1771,harga_pihps,28400.0,Rp,TLR01,BD-PIHPS
2026-06-22,1771,harga_pihps_grosir,14150.0,Rp,BRS01,BD-PIHPS
2026-06-22,1771,harga_pihps_grosir,15450.0,Rp,BRS02,BD-PIHPS
2026-06-22,1771,harga_pihps_grosir,15500.0,Rp,BRS03,BD-PIHPS
2026-06-22,1771,harga_pihps_grosir,15700.0,Rp,BRS04,BD-PIHPS
2026-06-22,1771,harga_pihps_grosir,15650.0,Rp,BRS05,BD-PIHPS
2026-06-22,1771,harga_pihps_grosir,15800.0,Rp,BRS06,BD-PIHPS
2026-06-22,1771,harga_pihps_grosir,44000.0,Rp,BWM01,BD-PIHPS
2026-06-22,1771,harga_pihps_grosir,31000.0,Rp,BWP01,BD-PIHPS
2026-06-22,1771,harga_pihps_grosir,44000.0,Rp,CMR01,BD-PIHPS
2026-06-22,1771,harga_pihps_grosir,48000.0,Rp,CMR02,BD-PIHPS
2026-06-22,1771,harga_pihps_grosir,42500.0,Rp,CRW01,BD-PIHPS
2026-06-22,1771,harga_pihps_grosir,72500.0,Rp,CRW02,BD-PIHPS
2026-06-22,1771,harga_pihps_grosir,38000.0,Rp,DAY01,BD-PIHPS
2026-06-22,1771,harga_pihps_grosir,137500.0,Rp,DSP01,BD-PIHPS
2026-06-22,1771,harga_pihps_grosir,105000.0,Rp,DSP02,BD-PIHPS
2026-06-22,1771,harga_pihps_grosir,17250.0,Rp,GLP01,BD-PIHPS
2026-06-22,1771,harga_pihps_grosir,17500.0,Rp,MGR01,BD-PIHPS
2026-06-22,1771,harga_pihps_grosir,22750.0,Rp,MGR02,BD-PIHPS
2026-06-22,1771,harga_pihps_grosir,22250.0,Rp,MGR03,BD-PIHPS
2026-06-22,1771,harga_pihps_grosir,25600.0,Rp,TLR01,BD-PIHPS
2026-06-22,1771,harga_pihps_modern,15450.0,Rp,BRS01,BD-PIHPS
2026-06-22,1771,harga_pihps_modern,15100.0,Rp,BRS02,BD-PIHPS
2026-06-22,1771,harga_pihps_modern,16350.0,Rp,BRS03,BD-PIHPS
2026-06-22,1771,harga_pihps_modern,16050.0,Rp,BRS04,BD-PIHPS
2026-06-22,1771,harga_pihps_modern,15250.0,Rp,BRS05,BD-PIHPS
2026-06-22,1771,harga_pihps_modern,17550.0,Rp,BRS06,BD-PIHPS
2026-06-22,1771,harga_pihps_modern,55950.0,Rp,BWM01,BD-PIHPS
2026-06-22,1771,harga_pihps_modern,45450.0,Rp,BWP01,BD-PIHPS
2026-06-22,1771,harga_pihps_modern,92950.0,Rp,CMR01,BD-PIHPS
2026-06-22,1771,harga_pihps_modern,67450.0,Rp,CMR02,BD-PIHPS
2026-06-22,1771,harga_pihps_modern,69950.0,Rp,CRW01,BD-PIHPS
2026-06-22,1771,harga_pihps_modern,87950.0,Rp,CRW02,BD-PIHPS
2026-06-22,1771,harga_pihps_modern,47050.0,Rp,DAY01,BD-PIHPS
2026-06-22,1771,harga_pihps_modern,163450.0,Rp,DSP01,BD-PIHPS
2026-06-22,1771,harga_pihps_modern,154950.0,Rp,DSP02,BD-PIHPS
2026-06-22,1771,harga_pihps_modern,17350.0,Rp,GLP01,BD-PIHPS
2026-06-22,1771,harga_pihps_modern,17200.0,Rp,GLP02,BD-PIHPS
2026-06-22,1771,harga_pihps_modern,22750.0,Rp,MGR02,BD-PIHPS
2026-06-22,1771,harga_pihps_modern,24800.0,Rp,MGR03,BD-PIHPS
2026-06-22,1771,harga_pihps_modern,28550.0,Rp,TLR01,BD-PIHPS
2026-06-22,1771,harga_pihps_produsen,13500.0,Rp,BRS03,BD-PIHPS
2026-06-22,1771,harga_pihps_produsen,13300.0,Rp,BRS04,BD-PIHPS
2026-06-22,1771,harga_pihps_produsen,16000.0,Rp,BRS05,BD-PIHPS
2026-06-22,1771,harga_pihps_produsen,13500.0,Rp,BRS06,BD-PIHPS
2026-06-22,1771,harga_pihps_produsen,35000.0,Rp,CMR01,BD-PIHPS
2026-06-22,1771,harga_pihps_produsen,35000.0,Rp,CMR02,BD-PIHPS
2026-06-22,1771,harga_pihps_produsen,38650.0,Rp,CRW02,BD-PIHPS
2026-06-22,1771,harga_pihps_produsen,20500.0,Rp,DAY01,BD-PIHPS
2026-06-22,1771,harga_pihps_produsen,150000.0,Rp,DSP01,BD-PIHPS
2026-06-22,1771,harga_pihps_produsen,150000.0,Rp,DSP02,BD-PIHPS
2026-06-22,1771,harga_pihps_produsen,24400.0,Rp,TLR01,BD-PIHPS
2026-06-23,1771,harga_pihps,15200.0,Rp,BRS01,BD-PIHPS
2026-06-23,1771,harga_pihps,12450.0,Rp,BRS02,BD-PIHPS
2026-06-23,1771,harga_pihps,16100.0,Rp,BRS03,BD-PIHPS
2026-06-23,1771,harga_pihps,16000.0,Rp,BRS04,BD-PIHPS
2026-06-23,1771,harga_pihps,17250.0,Rp,BRS05,BD-PIHPS
2026-06-23,1771,harga_pihps,16500.0,Rp,BRS06,BD-PIHPS
2026-06-23,1771,harga_pihps,51250.0,Rp,BWM01,BD-PIHPS
2026-06-23,1771,harga_pihps,46250.0,Rp,BWP01,BD-PIHPS
2026-06-23,1771,harga_pihps,51250.0,Rp,CMR01,BD-PIHPS
2026-06-23,1771,harga_pihps,57500.0,Rp,CMR02,BD-PIHPS
2026-06-23,1771,harga_pihps,49250.0,Rp,CRW01,BD-PIHPS
2026-06-23,1771,harga_pihps,66250.0,Rp,CRW02,BD-PIHPS
2026-06-23,1771,harga_pihps,37250.0,Rp,DAY01,BD-PIHPS
2026-06-23,1771,harga_pihps,155000.0,Rp,DSP01,BD-PIHPS
2026-06-23,1771,harga_pihps,140000.0,Rp,DSP02,BD-PIHPS
2026-06-23,1771,harga_pihps,18500.0,Rp,GLP01,BD-PIHPS
2026-06-23,1771,harga_pihps,19400.0,Rp,GLP02,BD-PIHPS
2026-06-23,1771,harga_pihps,20250.0,Rp,MGR01,BD-PIHPS
2026-06-23,1771,harga_pihps,24000.0,Rp,MGR02,BD-PIHPS
2026-06-23,1771,harga_pihps,23900.0,Rp,MGR03,BD-PIHPS
2026-06-23,1771,harga_pihps,28600.0,Rp,TLR01,BD-PIHPS
2026-06-23,1771,harga_pihps_grosir,14150.0,Rp,BRS01,BD-PIHPS
2026-06-23,1771,harga_pihps_grosir,15450.0,Rp,BRS02,BD-PIHPS
2026-06-23,1771,harga_pihps_grosir,15500.0,Rp,BRS03,BD-PIHPS
2026-06-23,1771,harga_pihps_grosir,15700.0,Rp,BRS04,BD-PIHPS
2026-06-23,1771,harga_pihps_grosir,15650.0,Rp,BRS05,BD-PIHPS
2026-06-23,1771,harga_pihps_grosir,15800.0,Rp,BRS06,BD-PIHPS
2026-06-23,1771,harga_pihps_grosir,44000.0,Rp,BWM01,BD-PIHPS
2026-06-23,1771,harga_pihps_grosir,31000.0,Rp,BWP01,BD-PIHPS
2026-06-23,1771,harga_pihps_grosir,44000.0,Rp,CMR01,BD-PIHPS
2026-06-23,1771,harga_pihps_grosir,48000.0,Rp,CMR02,BD-PIHPS
2026-06-23,1771,harga_pihps_grosir,42500.0,Rp,CRW01,BD-PIHPS
2026-06-23,1771,harga_pihps_grosir,72500.0,Rp,CRW02,BD-PIHPS
2026-06-23,1771,harga_pihps_grosir,38000.0,Rp,DAY01,BD-PIHPS
2026-06-23,1771,harga_pihps_grosir,137500.0,Rp,DSP01,BD-PIHPS
2026-06-23,1771,harga_pihps_grosir,105000.0,Rp,DSP02,BD-PIHPS
2026-06-23,1771,harga_pihps_grosir,17250.0,Rp,GLP01,BD-PIHPS
2026-06-23,1771,harga_pihps_grosir,17500.0,Rp,MGR01,BD-PIHPS
2026-06-23,1771,harga_pihps_grosir,22750.0,Rp,MGR02,BD-PIHPS
2026-06-23,1771,harga_pihps_grosir,22250.0,Rp,MGR03,BD-PIHPS
2026-06-23,1771,harga_pihps_grosir,25600.0,Rp,TLR01,BD-PIHPS
2026-06-23,1771,harga_pihps_modern,15450.0,Rp,BRS01,BD-PIHPS
2026-06-23,1771,harga_pihps_modern,15100.0,Rp,BRS02,BD-PIHPS
2026-06-23,1771,harga_pihps_modern,16350.0,Rp,BRS03,BD-PIHPS
2026-06-23,1771,harga_pihps_modern,16250.0,Rp,BRS04,BD-PIHPS
2026-06-23,1771,harga_pihps_modern,15250.0,Rp,BRS05,BD-PIHPS
2026-06-23,1771,harga_pihps_modern,17700.0,Rp,BRS06,BD-PIHPS
2026-06-23,1771,harga_pihps_modern,63950.0,Rp,BWM01,BD-PIHPS
2026-06-23,1771,harga_pihps_modern,47950.0,Rp,BWP01,BD-PIHPS
2026-06-23,1771,harga_pihps_modern,95450.0,Rp,CMR01,BD-PIHPS
2026-06-23,1771,harga_pihps_modern,69950.0,Rp,CMR02,BD-PIHPS
2026-06-23,1771,harga_pihps_modern,69950.0,Rp,CRW01,BD-PIHPS
2026-06-23,1771,harga_pihps_modern,87950.0,Rp,CRW02,BD-PIHPS
2026-06-23,1771,harga_pihps_modern,48050.0,Rp,DAY01,BD-PIHPS
2026-06-23,1771,harga_pihps_modern,161950.0,Rp,DSP01,BD-PIHPS
2026-06-23,1771,harga_pihps_modern,152450.0,Rp,DSP02,BD-PIHPS
2026-06-23,1771,harga_pihps_modern,17350.0,Rp,GLP01,BD-PIHPS
2026-06-23,1771,harga_pihps_modern,17350.0,Rp,GLP02,BD-PIHPS
2026-06-23,1771,harga_pihps_modern,22750.0,Rp,MGR02,BD-PIHPS
2026-06-23,1771,harga_pihps_modern,24800.0,Rp,MGR03,BD-PIHPS
2026-06-23,1771,harga_pihps_modern,28550.0,Rp,TLR01,BD-PIHPS
2026-06-23,1771,harga_pihps_produsen,13500.0,Rp,BRS03,BD-PIHPS
2026-06-23,1771,harga_pihps_produsen,13300.0,Rp,BRS04,BD-PIHPS
2026-06-23,1771,harga_pihps_produsen,16000.0,Rp,BRS05,BD-PIHPS
2026-06-23,1771,harga_pihps_produsen,13500.0,Rp,BRS06,BD-PIHPS
2026-06-23,1771,harga_pihps_produsen,35000.0,Rp,CMR01,BD-PIHPS
2026-06-23,1771,harga_pihps_produsen,35000.0,Rp,CMR02,BD-PIHPS
2026-06-23,1771,harga_pihps_produsen,38650.0,Rp,CRW02,BD-PIHPS
2026-06-23,1771,harga_pihps_produsen,20500.0,Rp,DAY01,BD-PIHPS
2026-06-23,1771,harga_pihps_produsen,150000.0,Rp,DSP01,BD-PIHPS
2026-06-23,1771,harga_pihps_produsen,150000.0,Rp,DSP02,BD-PIHPS
2026-06-23,1771,harga_pihps_produsen,24400.0,Rp,TLR01,BD-PIHPS
2026-06-24,1771,harga_pihps,15200.0,Rp,BRS01,BD-PIHPS
2026-06-24,1771,harga_pihps,12450.0,Rp,BRS02,BD-PIHPS
2026-06-24,1771,harga_pihps,16100.0,Rp,BRS03,BD-PIHPS
2026-06-24,1771,harga_pihps,15900.0,Rp,BRS04,BD-PIHPS
2026-06-24,1771,harga_pihps,17250.0,Rp,BRS05,BD-PIHPS
2026-06-24,1771,harga_pihps,16500.0,Rp,BRS06,BD-PIHPS
2026-06-24,1771,harga_pihps,51250.0,Rp,BWM01,BD-PIHPS
2026-06-24,1771,harga_pihps,46250.0,Rp,BWP01,BD-PIHPS
2026-06-24,1771,harga_pihps,53000.0,Rp,CMR01,BD-PIHPS
2026-06-24,1771,harga_pihps,58750.0,Rp,CMR02,BD-PIHPS
2026-06-24,1771,harga_pihps,49250.0,Rp,CRW01,BD-PIHPS
2026-06-24,1771,harga_pihps,67500.0,Rp,CRW02,BD-PIHPS
2026-06-24,1771,harga_pihps,37250.0,Rp,DAY01,BD-PIHPS
2026-06-24,1771,harga_pihps,155000.0,Rp,DSP01,BD-PIHPS
2026-06-24,1771,harga_pihps,140000.0,Rp,DSP02,BD-PIHPS
2026-06-24,1771,harga_pihps,18500.0,Rp,GLP01,BD-PIHPS
2026-06-24,1771,harga_pihps,19400.0,Rp,GLP02,BD-PIHPS
2026-06-24,1771,harga_pihps,20000.0,Rp,MGR01,BD-PIHPS
2026-06-24,1771,harga_pihps,24000.0,Rp,MGR02,BD-PIHPS
2026-06-24,1771,harga_pihps,23900.0,Rp,MGR03,BD-PIHPS
2026-06-24,1771,harga_pihps,28400.0,Rp,TLR01,BD-PIHPS
2026-06-24,1771,harga_pihps_grosir,14150.0,Rp,BRS01,BD-PIHPS
2026-06-24,1771,harga_pihps_grosir,15450.0,Rp,BRS02,BD-PIHPS
2026-06-24,1771,harga_pihps_grosir,15500.0,Rp,BRS03,BD-PIHPS
2026-06-24,1771,harga_pihps_grosir,15700.0,Rp,BRS04,BD-PIHPS
2026-06-24,1771,harga_pihps_grosir,15650.0,Rp,BRS05,BD-PIHPS
2026-06-24,1771,harga_pihps_grosir,15800.0,Rp,BRS06,BD-PIHPS
2026-06-24,1771,harga_pihps_grosir,44000.0,Rp,BWM01,BD-PIHPS
2026-06-24,1771,harga_pihps_grosir,31000.0,Rp,BWP01,BD-PIHPS
2026-06-24,1771,harga_pihps_grosir,44000.0,Rp,CMR01,BD-PIHPS
2026-06-24,1771,harga_pihps_grosir,48000.0,Rp,CMR02,BD-PIHPS
2026-06-24,1771,harga_pihps_grosir,42500.0,Rp,CRW01,BD-PIHPS
2026-06-24,1771,harga_pihps_grosir,72500.0,Rp,CRW02,BD-PIHPS
2026-06-24,1771,harga_pihps_grosir,38000.0,Rp,DAY01,BD-PIHPS
2026-06-24,1771,harga_pihps_grosir,137500.0,Rp,DSP01,BD-PIHPS
2026-06-24,1771,harga_pihps_grosir,105000.0,Rp,DSP02,BD-PIHPS
2026-06-24,1771,harga_pihps_grosir,17250.0,Rp,GLP01,BD-PIHPS
2026-06-24,1771,harga_pihps_grosir,17500.0,Rp,MGR01,BD-PIHPS
2026-06-24,1771,harga_pihps_grosir,22750.0,Rp,MGR02,BD-PIHPS
2026-06-24,1771,harga_pihps_grosir,22250.0,Rp,MGR03,BD-PIHPS
2026-06-24,1771,harga_pihps_grosir,25600.0,Rp,TLR01,BD-PIHPS
2026-06-24,1771,harga_pihps_modern,15450.0,Rp,BRS01,BD-PIHPS
2026-06-24,1771,harga_pihps_modern,15100.0,Rp,BRS02,BD-PIHPS
2026-06-24,1771,harga_pihps_modern,16350.0,Rp,BRS03,BD-PIHPS
2026-06-24,1771,harga_pihps_modern,16250.0,Rp,BRS04,BD-PIHPS
2026-06-24,1771,harga_pihps_modern,15250.0,Rp,BRS05,BD-PIHPS
2026-06-24,1771,harga_pihps_modern,17700.0,Rp,BRS06,BD-PIHPS
2026-06-24,1771,harga_pihps_modern,63950.0,Rp,BWM01,BD-PIHPS
2026-06-24,1771,harga_pihps_modern,47950.0,Rp,BWP01,BD-PIHPS
2026-06-24,1771,harga_pihps_modern,95450.0,Rp,CMR01,BD-PIHPS
2026-06-24,1771,harga_pihps_modern,69950.0,Rp,CMR02,BD-PIHPS
2026-06-24,1771,harga_pihps_modern,69950.0,Rp,CRW01,BD-PIHPS
2026-06-24,1771,harga_pihps_modern,87950.0,Rp,CRW02,BD-PIHPS
2026-06-24,1771,harga_pihps_modern,48050.0,Rp,DAY01,BD-PIHPS
2026-06-24,1771,harga_pihps_modern,161950.0,Rp,DSP01,BD-PIHPS
2026-06-24,1771,harga_pihps_modern,152450.0,Rp,DSP02,BD-PIHPS
2026-06-24,1771,harga_pihps_modern,17350.0,Rp,GLP01,BD-PIHPS
2026-06-24,1771,harga_pihps_modern,17350.0,Rp,GLP02,BD-PIHPS
2026-06-24,1771,harga_pihps_modern,22750.0,Rp,MGR02,BD-PIHPS
2026-06-24,1771,harga_pihps_modern,24800.0,Rp,MGR03,BD-PIHPS
2026-06-24,1771,harga_pihps_modern,28550.0,Rp,TLR01,BD-PIHPS
2026-06-24,1771,harga_pihps_produsen,13500.0,Rp,BRS03,BD-PIHPS
2026-06-24,1771,harga_pihps_produsen,13300.0,Rp,BRS04,BD-PIHPS
2026-06-24,1771,harga_pihps_produsen,16000.0,Rp,BRS05,BD-PIHPS
2026-06-24,1771,harga_pihps_produsen,13500.0,Rp,BRS06,BD-PIHPS
2026-06-24,1771,harga_pihps_produsen,35000.0,Rp,CMR01,BD-PIHPS
2026-06-24,1771,harga_pihps_produsen,35000.0,Rp,CMR02,BD-PIHPS
2026-06-24,1771,harga_pihps_produsen,38650.0,Rp,CRW02,BD-PIHPS
2026-06-24,1771,harga_pihps_produsen,20500.0,Rp,DAY01,BD-PIHPS
2026-06-24,1771,harga_pihps_produsen,150000.0,Rp,DSP01,BD-PIHPS
2026-06-24,1771,harga_pihps_produsen,150000.0,Rp,DSP02,BD-PIHPS
2026-06-24,1771,harga_pihps_produsen,24400.0,Rp,TLR01,BD-PIHPS
2026-06-25,1771,harga_pihps,15200.0,Rp,BRS01,BD-PIHPS
2026-06-25,1771,harga_pihps,12450.0,Rp,BRS02,BD-PIHPS
2026-06-25,1771,harga_pihps,16100.0,Rp,BRS03,BD-PIHPS
2026-06-25,1771,harga_pihps,15900.0,Rp,BRS04,BD-PIHPS
2026-06-25,1771,harga_pihps,17250.0,Rp,BRS05,BD-PIHPS
2026-06-25,1771,harga_pihps,16500.0,Rp,BRS06,BD-PIHPS
2026-06-25,1771,harga_pihps,51250.0,Rp,BWM01,BD-PIHPS
2026-06-25,1771,harga_pihps,46250.0,Rp,BWP01,BD-PIHPS
2026-06-25,1771,harga_pihps,53000.0,Rp,CMR01,BD-PIHPS
2026-06-25,1771,harga_pihps,58750.0,Rp,CMR02,BD-PIHPS
2026-06-25,1771,harga_pihps,48000.0,Rp,CRW01,BD-PIHPS
2026-06-25,1771,harga_pihps,63750.0,Rp,CRW02,BD-PIHPS
2026-06-25,1771,harga_pihps,37250.0,Rp,DAY01,BD-PIHPS
2026-06-25,1771,harga_pihps,155000.0,Rp,DSP01,BD-PIHPS
2026-06-25,1771,harga_pihps,140000.0,Rp,DSP02,BD-PIHPS
2026-06-25,1771,harga_pihps,18500.0,Rp,GLP01,BD-PIHPS
2026-06-25,1771,harga_pihps,19400.0,Rp,GLP02,BD-PIHPS
2026-06-25,1771,harga_pihps,20000.0,Rp,MGR01,BD-PIHPS
2026-06-25,1771,harga_pihps,24000.0,Rp,MGR02,BD-PIHPS
2026-06-25,1771,harga_pihps,23900.0,Rp,MGR03,BD-PIHPS
2026-06-25,1771,harga_pihps,28400.0,Rp,TLR01,BD-PIHPS
2026-06-25,1771,harga_pihps_grosir,14150.0,Rp,BRS01,BD-PIHPS
2026-06-25,1771,harga_pihps_grosir,15600.0,Rp,BRS02,BD-PIHPS
2026-06-25,1771,harga_pihps_grosir,15500.0,Rp,BRS03,BD-PIHPS
2026-06-25,1771,harga_pihps_grosir,15900.0,Rp,BRS04,BD-PIHPS
2026-06-25,1771,harga_pihps_grosir,15650.0,Rp,BRS05,BD-PIHPS
2026-06-25,1771,harga_pihps_grosir,15900.0,Rp,BRS06,BD-PIHPS
2026-06-25,1771,harga_pihps_grosir,44500.0,Rp,BWM01,BD-PIHPS
2026-06-25,1771,harga_pihps_grosir,34500.0,Rp,BWP01,BD-PIHPS
2026-06-25,1771,harga_pihps_grosir,44000.0,Rp,CMR01,BD-PIHPS
2026-06-25,1771,harga_pihps_grosir,47000.0,Rp,CMR02,BD-PIHPS
2026-06-25,1771,harga_pihps_grosir,31000.0,Rp,CRW01,BD-PIHPS
2026-06-25,1771,harga_pihps_grosir,55000.0,Rp,CRW02,BD-PIHPS
2026-06-25,1771,harga_pihps_grosir,38000.0,Rp,DAY01,BD-PIHPS
2026-06-25,1771,harga_pihps_grosir,137500.0,Rp,DSP01,BD-PIHPS
2026-06-25,1771,harga_pihps_grosir,105000.0,Rp,DSP02,BD-PIHPS
2026-06-25,1771,harga_pihps_grosir,17250.0,Rp,GLP01,BD-PIHPS
2026-06-25,1771,harga_pihps_grosir,17500.0,Rp,MGR01,BD-PIHPS
2026-06-25,1771,harga_pihps_grosir,22750.0,Rp,MGR02,BD-PIHPS
2026-06-25,1771,harga_pihps_grosir,22250.0,Rp,MGR03,BD-PIHPS
2026-06-25,1771,harga_pihps_grosir,24300.0,Rp,TLR01,BD-PIHPS
2026-06-25,1771,harga_pihps_modern,15450.0,Rp,BRS01,BD-PIHPS
2026-06-25,1771,harga_pihps_modern,15100.0,Rp,BRS02,BD-PIHPS
2026-06-25,1771,harga_pihps_modern,16350.0,Rp,BRS03,BD-PIHPS
2026-06-25,1771,harga_pihps_modern,16250.0,Rp,BRS04,BD-PIHPS
2026-06-25,1771,harga_pihps_modern,15250.0,Rp,BRS05,BD-PIHPS
2026-06-25,1771,harga_pihps_modern,17700.0,Rp,BRS06,BD-PIHPS
2026-06-25,1771,harga_pihps_modern,63950.0,Rp,BWM01,BD-PIHPS
2026-06-25,1771,harga_pihps_modern,47950.0,Rp,BWP01,BD-PIHPS
2026-06-25,1771,harga_pihps_modern,95450.0,Rp,CMR01,BD-PIHPS
2026-06-25,1771,harga_pihps_modern,69950.0,Rp,CMR02,BD-PIHPS
2026-06-25,1771,harga_pihps_modern,69950.0,Rp,CRW01,BD-PIHPS
2026-06-25,1771,harga_pihps_modern,87950.0,Rp,CRW02,BD-PIHPS
2026-06-25,1771,harga_pihps_modern,48050.0,Rp,DAY01,BD-PIHPS
2026-06-25,1771,harga_pihps_modern,161950.0,Rp,DSP01,BD-PIHPS
2026-06-25,1771,harga_pihps_modern,152450.0,Rp,DSP02,BD-PIHPS
2026-06-25,1771,harga_pihps_modern,17350.0,Rp,GLP01,BD-PIHPS
2026-06-25,1771,harga_pihps_modern,17350.0,Rp,GLP02,BD-PIHPS
2026-06-25,1771,harga_pihps_modern,22750.0,Rp,MGR02,BD-PIHPS
2026-06-25,1771,harga_pihps_modern,24800.0,Rp,MGR03,BD-PIHPS
2026-06-25,1771,harga_pihps_modern,28550.0,Rp,TLR01,BD-PIHPS
2026-06-25,1771,harga_pihps_produsen,13550.0,Rp,BRS03,BD-PIHPS
2026-06-25,1771,harga_pihps_produsen,13400.0,Rp,BRS04,BD-PIHPS
2026-06-25,1771,harga_pihps_produsen,16000.0,Rp,BRS05,BD-PIHPS
2026-06-25,1771,harga_pihps_produsen,13500.0,Rp,BRS06,BD-PIHPS
2026-06-25,1771,harga_pihps_produsen,33500.0,Rp,CMR01,BD-PIHPS
2026-06-25,1771,harga_pihps_produsen,36000.0,Rp,CMR02,BD-PIHPS
2026-06-25,1771,harga_pihps_produsen,36150.0,Rp,CRW02,BD-PIHPS
2026-06-25,1771,harga_pihps_produsen,21000.0,Rp,DAY01,BD-PIHPS
2026-06-25,1771,harga_pihps_produsen,150000.0,Rp,DSP01,BD-PIHPS
2026-06-25,1771,harga_pihps_produsen,150000.0,Rp,DSP02,BD-PIHPS
2026-06-25,1771,harga_pihps_produsen,23600.0,Rp,TLR01,BD-PIHPS
2026-06-26,1771,harga_pihps,15200.0,Rp,BRS01,BD-PIHPS
2026-06-26,1771,harga_pihps,12450.0,Rp,BRS02,BD-PIHPS
2026-06-26,1771,harga_pihps,16100.0,Rp,BRS03,BD-PIHPS
2026-06-26,1771,harga_pihps,15900.0,Rp,BRS04,BD-PIHPS
2026-06-26,1771,harga_pihps,17250.0,Rp,BRS05,BD-PIHPS
2026-06-26,1771,harga_pihps,16500.0,Rp,BRS06,BD-PIHPS
2026-06-26,1771,harga_pihps,51250.0,Rp,BWM01,BD-PIHPS
2026-06-26,1771,harga_pihps,46250.0,Rp,BWP01,BD-PIHPS
2026-06-26,1771,harga_pihps,52500.0,Rp,CMR01,BD-PIHPS
2026-06-26,1771,harga_pihps,58250.0,Rp,CMR02,BD-PIHPS
2026-06-26,1771,harga_pihps,46250.0,Rp,CRW01,BD-PIHPS
2026-06-26,1771,harga_pihps,66250.0,Rp,CRW02,BD-PIHPS
2026-06-26,1771,harga_pihps,37250.0,Rp,DAY01,BD-PIHPS
2026-06-26,1771,harga_pihps,155000.0,Rp,DSP01,BD-PIHPS
2026-06-26,1771,harga_pihps,140000.0,Rp,DSP02,BD-PIHPS
2026-06-26,1771,harga_pihps,18500.0,Rp,GLP01,BD-PIHPS
2026-06-26,1771,harga_pihps,19400.0,Rp,GLP02,BD-PIHPS
2026-06-26,1771,harga_pihps,20000.0,Rp,MGR01,BD-PIHPS
2026-06-26,1771,harga_pihps,24000.0,Rp,MGR02,BD-PIHPS
2026-06-26,1771,harga_pihps,23900.0,Rp,MGR03,BD-PIHPS
2026-06-26,1771,harga_pihps,28400.0,Rp,TLR01,BD-PIHPS
2026-06-26,1771,harga_pihps_grosir,14150.0,Rp,BRS01,BD-PIHPS
2026-06-26,1771,harga_pihps_grosir,15600.0,Rp,BRS02,BD-PIHPS
2026-06-26,1771,harga_pihps_grosir,15500.0,Rp,BRS03,BD-PIHPS
2026-06-26,1771,harga_pihps_grosir,15900.0,Rp,BRS04,BD-PIHPS
2026-06-26,1771,harga_pihps_grosir,15650.0,Rp,BRS05,BD-PIHPS
2026-06-26,1771,harga_pihps_grosir,15900.0,Rp,BRS06,BD-PIHPS
2026-06-26,1771,harga_pihps_grosir,44500.0,Rp,BWM01,BD-PIHPS
2026-06-26,1771,harga_pihps_grosir,34500.0,Rp,BWP01,BD-PIHPS
2026-06-26,1771,harga_pihps_grosir,44000.0,Rp,CMR01,BD-PIHPS
2026-06-26,1771,harga_pihps_grosir,48000.0,Rp,CMR02,BD-PIHPS
2026-06-26,1771,harga_pihps_grosir,31000.0,Rp,CRW01,BD-PIHPS
2026-06-26,1771,harga_pihps_grosir,55000.0,Rp,CRW02,BD-PIHPS
2026-06-26,1771,harga_pihps_grosir,38000.0,Rp,DAY01,BD-PIHPS
2026-06-26,1771,harga_pihps_grosir,137500.0,Rp,DSP01,BD-PIHPS
2026-06-26,1771,harga_pihps_grosir,105000.0,Rp,DSP02,BD-PIHPS
2026-06-26,1771,harga_pihps_grosir,17250.0,Rp,GLP01,BD-PIHPS
2026-06-26,1771,harga_pihps_grosir,17500.0,Rp,MGR01,BD-PIHPS
2026-06-26,1771,harga_pihps_grosir,22750.0,Rp,MGR02,BD-PIHPS
2026-06-26,1771,harga_pihps_grosir,22250.0,Rp,MGR03,BD-PIHPS
2026-06-26,1771,harga_pihps_grosir,24300.0,Rp,TLR01,BD-PIHPS
2026-06-26,1771,harga_pihps_modern,15450.0,Rp,BRS01,BD-PIHPS
2026-06-26,1771,harga_pihps_modern,15100.0,Rp,BRS02,BD-PIHPS
2026-06-26,1771,harga_pihps_modern,16350.0,Rp,BRS03,BD-PIHPS
2026-06-26,1771,harga_pihps_modern,16250.0,Rp,BRS04,BD-PIHPS
2026-06-26,1771,harga_pihps_modern,15250.0,Rp,BRS05,BD-PIHPS
2026-06-26,1771,harga_pihps_modern,17700.0,Rp,BRS06,BD-PIHPS
2026-06-26,1771,harga_pihps_modern,63950.0,Rp,BWM01,BD-PIHPS
2026-06-26,1771,harga_pihps_modern,47950.0,Rp,BWP01,BD-PIHPS
2026-06-26,1771,harga_pihps_modern,95450.0,Rp,CMR01,BD-PIHPS
2026-06-26,1771,harga_pihps_modern,69950.0,Rp,CMR02,BD-PIHPS
2026-06-26,1771,harga_pihps_modern,69950.0,Rp,CRW01,BD-PIHPS
2026-06-26,1771,harga_pihps_modern,87950.0,Rp,CRW02,BD-PIHPS
2026-06-26,1771,harga_pihps_modern,48050.0,Rp,DAY01,BD-PIHPS
2026-06-26,1771,harga_pihps_modern,161950.0,Rp,DSP01,BD-PIHPS
2026-06-26,1771,harga_pihps_modern,152450.0,Rp,DSP02,BD-PIHPS
2026-06-26,1771,harga_pihps_modern,17350.0,Rp,GLP01,BD-PIHPS
2026-06-26,1771,harga_pihps_modern,17350.0,Rp,GLP02,BD-PIHPS
2026-06-26,1771,harga_pihps_modern,22750.0,Rp,MGR02,BD-PIHPS
2026-06-26,1771,harga_pihps_modern,24800.0,Rp,MGR03,BD-PIHPS
2026-06-26,1771,harga_pihps_modern,28550.0,Rp,TLR01,BD-PIHPS
2026-06-26,1771,harga_pihps_produsen,13550.0,Rp,BRS03,BD-PIHPS
2026-06-26,1771,harga_pihps_produsen,13400.0,Rp,BRS04,BD-PIHPS
2026-06-26,1771,harga_pihps_produsen,16000.0,Rp,BRS05,BD-PIHPS
2026-06-26,1771,harga_pihps_produsen,13500.0,Rp,BRS06,BD-PIHPS
2026-06-26,1771,harga_pihps_produsen,33500.0,Rp,CMR01,BD-PIHPS
2026-06-26,1771,harga_pihps_produsen,36000.0,Rp,CMR02,BD-PIHPS
2026-06-26,1771,harga_pihps_produsen,36150.0,Rp,CRW02,BD-PIHPS
2026-06-26,1771,harga_pihps_produsen,21000.0,Rp,DAY01,BD-PIHPS
2026-06-26,1771,harga_pihps_produsen,150000.0,Rp,DSP01,BD-PIHPS
2026-06-26,1771,harga_pihps_produsen,150000.0,Rp,DSP02,BD-PIHPS
2026-06-26,1771,harga_pihps_produsen,23600.0,Rp,TLR01,BD-PIHPS
2026-06-29,1771,harga_pihps,15200.0,Rp,BRS01,BD-PIHPS
2026-06-29,1771,harga_pihps,12450.0,Rp,BRS02,BD-PIHPS
2026-06-29,1771,harga_pihps,16100.0,Rp,BRS03,BD-PIHPS
2026-06-29,1771,harga_pihps,15900.0,Rp,BRS04,BD-PIHPS
2026-06-29,1771,harga_pihps,17250.0,Rp,BRS05,BD-PIHPS
2026-06-29,1771,harga_pihps,16500.0,Rp,BRS06,BD-PIHPS
2026-06-29,1771,harga_pihps,50000.0,Rp,BWM01,BD-PIHPS
2026-06-29,1771,harga_pihps,46250.0,Rp,BWP01,BD-PIHPS
2026-06-29,1771,harga_pihps,46250.0,Rp,CMR01,BD-PIHPS
2026-06-29,1771,harga_pihps,55000.0,Rp,CMR02,BD-PIHPS
2026-06-29,1771,harga_pihps,46250.0,Rp,CRW01,BD-PIHPS
2026-06-29,1771,harga_pihps,63750.0,Rp,CRW02,BD-PIHPS
2026-06-29,1771,harga_pihps,36750.0,Rp,DAY01,BD-PIHPS
2026-06-29,1771,harga_pihps,155000.0,Rp,DSP01,BD-PIHPS
2026-06-29,1771,harga_pihps,140000.0,Rp,DSP02,BD-PIHPS
2026-06-29,1771,harga_pihps,18500.0,Rp,GLP01,BD-PIHPS
2026-06-29,1771,harga_pihps,19400.0,Rp,GLP02,BD-PIHPS
2026-06-29,1771,harga_pihps,20000.0,Rp,MGR01,BD-PIHPS
2026-06-29,1771,harga_pihps,24000.0,Rp,MGR02,BD-PIHPS
2026-06-29,1771,harga_pihps,23900.0,Rp,MGR03,BD-PIHPS
2026-06-29,1771,harga_pihps,28000.0,Rp,TLR01,BD-PIHPS
2026-06-29,1771,harga_pihps_grosir,14150.0,Rp,BRS01,BD-PIHPS
2026-06-29,1771,harga_pihps_grosir,15600.0,Rp,BRS02,BD-PIHPS
2026-06-29,1771,harga_pihps_grosir,15500.0,Rp,BRS03,BD-PIHPS
2026-06-29,1771,harga_pihps_grosir,15900.0,Rp,BRS04,BD-PIHPS
2026-06-29,1771,harga_pihps_grosir,15650.0,Rp,BRS05,BD-PIHPS
2026-06-29,1771,harga_pihps_grosir,15900.0,Rp,BRS06,BD-PIHPS
2026-06-29,1771,harga_pihps_grosir,44500.0,Rp,BWM01,BD-PIHPS
2026-06-29,1771,harga_pihps_grosir,34500.0,Rp,BWP01,BD-PIHPS
2026-06-29,1771,harga_pihps_grosir,44000.0,Rp,CMR01,BD-PIHPS
2026-06-29,1771,harga_pihps_grosir,48000.0,Rp,CMR02,BD-PIHPS
2026-06-29,1771,harga_pihps_grosir,31000.0,Rp,CRW01,BD-PIHPS
2026-06-29,1771,harga_pihps_grosir,55000.0,Rp,CRW02,BD-PIHPS
2026-06-29,1771,harga_pihps_grosir,38000.0,Rp,DAY01,BD-PIHPS
2026-06-29,1771,harga_pihps_grosir,137500.0,Rp,DSP01,BD-PIHPS
2026-06-29,1771,harga_pihps_grosir,105000.0,Rp,DSP02,BD-PIHPS
2026-06-29,1771,harga_pihps_grosir,17250.0,Rp,GLP01,BD-PIHPS
2026-06-29,1771,harga_pihps_grosir,17500.0,Rp,MGR01,BD-PIHPS
2026-06-29,1771,harga_pihps_grosir,22750.0,Rp,MGR02,BD-PIHPS
2026-06-29,1771,harga_pihps_grosir,22250.0,Rp,MGR03,BD-PIHPS
2026-06-29,1771,harga_pihps_grosir,24300.0,Rp,TLR01,BD-PIHPS
2026-06-29,1771,harga_pihps_modern,15450.0,Rp,BRS01,BD-PIHPS
2026-06-29,1771,harga_pihps_modern,15100.0,Rp,BRS02,BD-PIHPS
2026-06-29,1771,harga_pihps_modern,16350.0,Rp,BRS03,BD-PIHPS
2026-06-29,1771,harga_pihps_modern,16250.0,Rp,BRS04,BD-PIHPS
2026-06-29,1771,harga_pihps_modern,15250.0,Rp,BRS05,BD-PIHPS
2026-06-29,1771,harga_pihps_modern,17700.0,Rp,BRS06,BD-PIHPS
2026-06-29,1771,harga_pihps_modern,63950.0,Rp,BWM01,BD-PIHPS
2026-06-29,1771,harga_pihps_modern,47950.0,Rp,BWP01,BD-PIHPS
2026-06-29,1771,harga_pihps_modern,95450.0,Rp,CMR01,BD-PIHPS
2026-06-29,1771,harga_pihps_modern,69950.0,Rp,CMR02,BD-PIHPS
2026-06-29,1771,harga_pihps_modern,69950.0,Rp,CRW01,BD-PIHPS
2026-06-29,1771,harga_pihps_modern,87950.0,Rp,CRW02,BD-PIHPS
2026-06-29,1771,harga_pihps_modern,48050.0,Rp,DAY01,BD-PIHPS
2026-06-29,1771,harga_pihps_modern,161950.0,Rp,DSP01,BD-PIHPS
2026-06-29,1771,harga_pihps_modern,152450.0,Rp,DSP02,BD-PIHPS
2026-06-29,1771,harga_pihps_modern,17350.0,Rp,GLP01,BD-PIHPS
2026-06-29,1771,harga_pihps_modern,17350.0,Rp,GLP02,BD-PIHPS
2026-06-29,1771,harga_pihps_modern,22750.0,Rp,MGR02,BD-PIHPS
2026-06-29,1771,harga_pihps_modern,24800.0,Rp,MGR03,BD-PIHPS
2026-06-29,1771,harga_pihps_modern,28550.0,Rp,TLR01,BD-PIHPS
2026-06-29,1771,harga_pihps_produsen,13550.0,Rp,BRS03,BD-PIHPS
2026-06-29,1771,harga_pihps_produsen,13400.0,Rp,BRS04,BD-PIHPS
2026-06-29,1771,harga_pihps_produsen,16000.0,Rp,BRS05,BD-PIHPS
2026-06-29,1771,harga_pihps_produsen,13500.0,Rp,BRS06,BD-PIHPS
2026-06-29,1771,harga_pihps_produsen,33500.0,Rp,CMR01,BD-PIHPS
2026-06-29,1771,harga_pihps_produsen,36000.0,Rp,CMR02,BD-PIHPS
2026-06-29,1771,harga_pihps_produsen,36150.0,Rp,CRW02,BD-PIHPS
2026-06-29,1771,harga_pihps_produsen,21000.0,Rp,DAY01,BD-PIHPS
2026-06-29,1771,harga_pihps_produsen,150000.0,Rp,DSP01,BD-PIHPS
2026-06-29,1771,harga_pihps_produsen,150000.0,Rp,DSP02,BD-PIHPS
2026-06-29,1771,harga_pihps_produsen,23600.0,Rp,TLR01,BD-PIHPS
2026-06-30,1771,harga_pihps,15200.0,Rp,BRS01,BD-PIHPS
2026-06-30,1771,harga_pihps,12450.0,Rp,BRS02,BD-PIHPS
2026-06-30,1771,harga_pihps,16100.0,Rp,BRS03,BD-PIHPS
2026-06-30,1771,harga_pihps,15900.0,Rp,BRS04,BD-PIHPS
2026-06-30,1771,harga_pihps,17250.0,Rp,BRS05,BD-PIHPS
2026-06-30,1771,harga_pihps,16500.0,Rp,BRS06,BD-PIHPS
2026-06-30,1771,harga_pihps,50000.0,Rp,BWM01,BD-PIHPS
2026-06-30,1771,harga_pihps,46250.0,Rp,BWP01,BD-PIHPS
2026-06-30,1771,harga_pihps,45000.0,Rp,CMR01,BD-PIHPS
2026-06-30,1771,harga_pihps,55000.0,Rp,CMR02,BD-PIHPS
2026-06-30,1771,harga_pihps,47500.0,Rp,CRW01,BD-PIHPS
2026-06-30,1771,harga_pihps,60000.0,Rp,CRW02,BD-PIHPS
2026-06-30,1771,harga_pihps,36500.0,Rp,DAY01,BD-PIHPS
2026-06-30,1771,harga_pihps,155000.0,Rp,DSP01,BD-PIHPS
2026-06-30,1771,harga_pihps,140000.0,Rp,DSP02,BD-PIHPS
2026-06-30,1771,harga_pihps,18500.0,Rp,GLP01,BD-PIHPS
2026-06-30,1771,harga_pihps,19400.0,Rp,GLP02,BD-PIHPS
2026-06-30,1771,harga_pihps,20000.0,Rp,MGR01,BD-PIHPS
2026-06-30,1771,harga_pihps,24000.0,Rp,MGR02,BD-PIHPS
2026-06-30,1771,harga_pihps,23900.0,Rp,MGR03,BD-PIHPS
2026-06-30,1771,harga_pihps,28000.0,Rp,TLR01,BD-PIHPS
2026-06-30,1771,harga_pihps_grosir,14150.0,Rp,BRS01,BD-PIHPS
2026-06-30,1771,harga_pihps_grosir,15600.0,Rp,BRS02,BD-PIHPS
2026-06-30,1771,harga_pihps_grosir,15500.0,Rp,BRS03,BD-PIHPS
2026-06-30,1771,harga_pihps_grosir,15900.0,Rp,BRS04,BD-PIHPS
2026-06-30,1771,harga_pihps_grosir,15650.0,Rp,BRS05,BD-PIHPS
2026-06-30,1771,harga_pihps_grosir,15900.0,Rp,BRS06,BD-PIHPS
2026-06-30,1771,harga_pihps_grosir,44500.0,Rp,BWM01,BD-PIHPS
2026-06-30,1771,harga_pihps_grosir,34500.0,Rp,BWP01,BD-PIHPS
2026-06-30,1771,harga_pihps_grosir,44000.0,Rp,CMR01,BD-PIHPS
2026-06-30,1771,harga_pihps_grosir,48000.0,Rp,CMR02,BD-PIHPS
2026-06-30,1771,harga_pihps_grosir,31000.0,Rp,CRW01,BD-PIHPS
2026-06-30,1771,harga_pihps_grosir,55000.0,Rp,CRW02,BD-PIHPS
2026-06-30,1771,harga_pihps_grosir,38000.0,Rp,DAY01,BD-PIHPS
2026-06-30,1771,harga_pihps_grosir,137500.0,Rp,DSP01,BD-PIHPS
2026-06-30,1771,harga_pihps_grosir,105000.0,Rp,DSP02,BD-PIHPS
2026-06-30,1771,harga_pihps_grosir,17250.0,Rp,GLP01,BD-PIHPS
2026-06-30,1771,harga_pihps_grosir,17500.0,Rp,MGR01,BD-PIHPS
2026-06-30,1771,harga_pihps_grosir,22750.0,Rp,MGR02,BD-PIHPS
2026-06-30,1771,harga_pihps_grosir,22250.0,Rp,MGR03,BD-PIHPS
2026-06-30,1771,harga_pihps_grosir,24300.0,Rp,TLR01,BD-PIHPS
2026-06-30,1771,harga_pihps_modern,15450.0,Rp,BRS01,BD-PIHPS
2026-06-30,1771,harga_pihps_modern,15100.0,Rp,BRS02,BD-PIHPS
2026-06-30,1771,harga_pihps_modern,16350.0,Rp,BRS03,BD-PIHPS
2026-06-30,1771,harga_pihps_modern,16250.0,Rp,BRS04,BD-PIHPS
2026-06-30,1771,harga_pihps_modern,15250.0,Rp,BRS05,BD-PIHPS
2026-06-30,1771,harga_pihps_modern,17700.0,Rp,BRS06,BD-PIHPS
2026-06-30,1771,harga_pihps_modern,62450.0,Rp,BWM01,BD-PIHPS
2026-06-30,1771,harga_pihps_modern,47950.0,Rp,BWP01,BD-PIHPS
2026-06-30,1771,harga_pihps_modern,92950.0,Rp,CMR01,BD-PIHPS
2026-06-30,1771,harga_pihps_modern,67450.0,Rp,CMR02,BD-PIHPS
2026-06-30,1771,harga_pihps_modern,67450.0,Rp,CRW01,BD-PIHPS
2026-06-30,1771,harga_pihps_modern,82950.0,Rp,CRW02,BD-PIHPS
2026-06-30,1771,harga_pihps_modern,46050.0,Rp,DAY01,BD-PIHPS
2026-06-30,1771,harga_pihps_modern,164450.0,Rp,DSP01,BD-PIHPS
2026-06-30,1771,harga_pihps_modern,154950.0,Rp,DSP02,BD-PIHPS
2026-06-30,1771,harga_pihps_modern,17350.0,Rp,GLP01,BD-PIHPS
2026-06-30,1771,harga_pihps_modern,17350.0,Rp,GLP02,BD-PIHPS
2026-06-30,1771,harga_pihps_modern,22750.0,Rp,MGR02,BD-PIHPS
2026-06-30,1771,harga_pihps_modern,24800.0,Rp,MGR03,BD-PIHPS
2026-06-30,1771,harga_pihps_modern,28550.0,Rp,TLR01,BD-PIHPS
2026-06-30,1771,harga_pihps_produsen,13550.0,Rp,BRS03,BD-PIHPS
2026-06-30,1771,harga_pihps_produsen,13400.0,Rp,BRS04,BD-PIHPS
2026-06-30,1771,harga_pihps_produsen,16000.0,Rp,BRS05,BD-PIHPS
2026-06-30,1771,harga_pihps_produsen,13500.0,Rp,BRS06,BD-PIHPS
2026-06-30,1771,harga_pihps_produsen,33500.0,Rp,CMR01,BD-PIHPS
2026-06-30,1771,harga_pihps_produsen,36000.0,Rp,CMR02,BD-PIHPS
2026-06-30,1771,harga_pihps_produsen,36150.0,Rp,CRW02,BD-PIHPS
2026-06-30,1771,harga_pihps_produsen,21000.0,Rp,DAY01,BD-PIHPS
2026-06-30,1771,harga_pihps_produsen,150000.0,Rp,DSP01,BD-PIHPS
2026-06-30,1771,harga_pihps_produsen,150000.0,Rp,DSP02,BD-PIHPS
2026-06-30,1771,harga_pihps_produsen,23600.0,Rp,TLR01,BD-PIHPS
2026-07-01,1771,harga_pihps,15200.0,Rp,BRS01,BD-PIHPS
2026-07-01,1771,harga_pihps,12450.0,Rp,BRS02,BD-PIHPS
2026-07-01,1771,harga_pihps,16100.0,Rp,BRS03,BD-PIHPS
2026-07-01,1771,harga_pihps,15900.0,Rp,BRS04,BD-PIHPS
2026-07-01,1771,harga_pihps,17250.0,Rp,BRS05,BD-PIHPS
2026-07-01,1771,harga_pihps,16500.0,Rp,BRS06,BD-PIHPS
2026-07-01,1771,harga_pihps,50000.0,Rp,BWM01,BD-PIHPS
2026-07-01,1771,harga_pihps,46250.0,Rp,BWP01,BD-PIHPS
2026-07-01,1771,harga_pihps,46250.0,Rp,CMR01,BD-PIHPS
2026-07-01,1771,harga_pihps,56250.0,Rp,CMR02,BD-PIHPS
2026-07-01,1771,harga_pihps,46250.0,Rp,CRW01,BD-PIHPS
2026-07-01,1771,harga_pihps,61250.0,Rp,CRW02,BD-PIHPS
2026-07-01,1771,harga_pihps,36000.0,Rp,DAY01,BD-PIHPS
2026-07-01,1771,harga_pihps,155000.0,Rp,DSP01,BD-PIHPS
2026-07-01,1771,harga_pihps,140000.0,Rp,DSP02,BD-PIHPS
2026-07-01,1771,harga_pihps,18500.0,Rp,GLP01,BD-PIHPS
2026-07-01,1771,harga_pihps,19400.0,Rp,GLP02,BD-PIHPS
2026-07-01,1771,harga_pihps,20000.0,Rp,MGR01,BD-PIHPS
2026-07-01,1771,harga_pihps,24000.0,Rp,MGR02,BD-PIHPS
2026-07-01,1771,harga_pihps,23900.0,Rp,MGR03,BD-PIHPS
2026-07-01,1771,harga_pihps,28000.0,Rp,TLR01,BD-PIHPS
2026-07-01,1771,harga_pihps_grosir,14150.0,Rp,BRS01,BD-PIHPS
2026-07-01,1771,harga_pihps_grosir,15600.0,Rp,BRS02,BD-PIHPS
2026-07-01,1771,harga_pihps_grosir,15500.0,Rp,BRS03,BD-PIHPS
2026-07-01,1771,harga_pihps_grosir,15900.0,Rp,BRS04,BD-PIHPS
2026-07-01,1771,harga_pihps_grosir,15650.0,Rp,BRS05,BD-PIHPS
2026-07-01,1771,harga_pihps_grosir,15900.0,Rp,BRS06,BD-PIHPS
2026-07-01,1771,harga_pihps_grosir,44500.0,Rp,BWM01,BD-PIHPS
2026-07-01,1771,harga_pihps_grosir,34500.0,Rp,BWP01,BD-PIHPS
2026-07-01,1771,harga_pihps_grosir,44000.0,Rp,CMR01,BD-PIHPS
2026-07-01,1771,harga_pihps_grosir,48000.0,Rp,CMR02,BD-PIHPS
2026-07-01,1771,harga_pihps_grosir,31000.0,Rp,CRW01,BD-PIHPS
2026-07-01,1771,harga_pihps_grosir,55000.0,Rp,CRW02,BD-PIHPS
2026-07-01,1771,harga_pihps_grosir,38000.0,Rp,DAY01,BD-PIHPS
2026-07-01,1771,harga_pihps_grosir,137500.0,Rp,DSP01,BD-PIHPS
2026-07-01,1771,harga_pihps_grosir,105000.0,Rp,DSP02,BD-PIHPS
2026-07-01,1771,harga_pihps_grosir,17250.0,Rp,GLP01,BD-PIHPS
2026-07-01,1771,harga_pihps_grosir,17500.0,Rp,MGR01,BD-PIHPS
2026-07-01,1771,harga_pihps_grosir,22750.0,Rp,MGR02,BD-PIHPS
2026-07-01,1771,harga_pihps_grosir,22250.0,Rp,MGR03,BD-PIHPS
2026-07-01,1771,harga_pihps_grosir,24300.0,Rp,TLR01,BD-PIHPS
2026-07-01,1771,harga_pihps_modern,15450.0,Rp,BRS01,BD-PIHPS
2026-07-01,1771,harga_pihps_modern,15100.0,Rp,BRS02,BD-PIHPS
2026-07-01,1771,harga_pihps_modern,16350.0,Rp,BRS03,BD-PIHPS
2026-07-01,1771,harga_pihps_modern,16250.0,Rp,BRS04,BD-PIHPS
2026-07-01,1771,harga_pihps_modern,15250.0,Rp,BRS05,BD-PIHPS
2026-07-01,1771,harga_pihps_modern,17700.0,Rp,BRS06,BD-PIHPS
2026-07-01,1771,harga_pihps_modern,62450.0,Rp,BWM01,BD-PIHPS
2026-07-01,1771,harga_pihps_modern,47950.0,Rp,BWP01,BD-PIHPS
2026-07-01,1771,harga_pihps_modern,92950.0,Rp,CMR01,BD-PIHPS
2026-07-01,1771,harga_pihps_modern,67450.0,Rp,CMR02,BD-PIHPS
2026-07-01,1771,harga_pihps_modern,67450.0,Rp,CRW01,BD-PIHPS
2026-07-01,1771,harga_pihps_modern,82950.0,Rp,CRW02,BD-PIHPS
2026-07-01,1771,harga_pihps_modern,46050.0,Rp,DAY01,BD-PIHPS
2026-07-01,1771,harga_pihps_modern,164450.0,Rp,DSP01,BD-PIHPS
2026-07-01,1771,harga_pihps_modern,154950.0,Rp,DSP02,BD-PIHPS
2026-07-01,1771,harga_pihps_modern,17350.0,Rp,GLP01,BD-PIHPS
2026-07-01,1771,harga_pihps_modern,17350.0,Rp,GLP02,BD-PIHPS
2026-07-01,1771,harga_pihps_modern,22750.0,Rp,MGR02,BD-PIHPS
2026-07-01,1771,harga_pihps_modern,24800.0,Rp,MGR03,BD-PIHPS
2026-07-01,1771,harga_pihps_modern,28550.0,Rp,TLR01,BD-PIHPS
2026-07-01,1771,harga_pihps_produsen,13550.0,Rp,BRS03,BD-PIHPS
2026-07-01,1771,harga_pihps_produsen,13400.0,Rp,BRS04,BD-PIHPS
2026-07-01,1771,harga_pihps_produsen,16000.0,Rp,BRS05,BD-PIHPS
2026-07-01,1771,harga_pihps_produsen,13500.0,Rp,BRS06,BD-PIHPS
2026-07-01,1771,harga_pihps_produsen,33500.0,Rp,CMR01,BD-PIHPS
2026-07-01,1771,harga_pihps_produsen,36000.0,Rp,CMR02,BD-PIHPS
2026-07-01,1771,harga_pihps_produsen,36150.0,Rp,CRW02,BD-PIHPS
2026-07-01,1771,harga_pihps_produsen,21000.0,Rp,DAY01,BD-PIHPS
2026-07-01,1771,harga_pihps_produsen,150000.0,Rp,DSP01,BD-PIHPS
2026-07-01,1771,harga_pihps_produsen,150000.0,Rp,DSP02,BD-PIHPS
2026-07-01,1771,harga_pihps_produsen,23600.0,Rp,TLR01,BD-PIHPS
2026-07-02,1771,harga_pihps,15200.0,Rp,BRS01,BD-PIHPS
2026-07-02,1771,harga_pihps,12450.0,Rp,BRS02,BD-PIHPS
2026-07-02,1771,harga_pihps,16100.0,Rp,BRS03,BD-PIHPS
2026-07-02,1771,harga_pihps,15900.0,Rp,BRS04,BD-PIHPS
2026-07-02,1771,harga_pihps,17250.0,Rp,BRS05,BD-PIHPS
2026-07-02,1771,harga_pihps,16500.0,Rp,BRS06,BD-PIHPS
2026-07-02,1771,harga_pihps,50000.0,Rp,BWM01,BD-PIHPS
2026-07-02,1771,harga_pihps,46250.0,Rp,BWP01,BD-PIHPS
2026-07-02,1771,harga_pihps,45000.0,Rp,CMR01,BD-PIHPS
2026-07-02,1771,harga_pihps,55000.0,Rp,CMR02,BD-PIHPS
2026-07-02,1771,harga_pihps,48750.0,Rp,CRW01,BD-PIHPS
2026-07-02,1771,harga_pihps,62500.0,Rp,CRW02,BD-PIHPS
2026-07-02,1771,harga_pihps,36000.0,Rp,DAY01,BD-PIHPS
2026-07-02,1771,harga_pihps,155000.0,Rp,DSP01,BD-PIHPS
2026-07-02,1771,harga_pihps,140000.0,Rp,DSP02,BD-PIHPS
2026-07-02,1771,harga_pihps,18500.0,Rp,GLP01,BD-PIHPS
2026-07-02,1771,harga_pihps,19400.0,Rp,GLP02,BD-PIHPS
2026-07-02,1771,harga_pihps,20000.0,Rp,MGR01,BD-PIHPS
2026-07-02,1771,harga_pihps,24000.0,Rp,MGR02,BD-PIHPS
2026-07-02,1771,harga_pihps,23900.0,Rp,MGR03,BD-PIHPS
2026-07-02,1771,harga_pihps,28000.0,Rp,TLR01,BD-PIHPS
2026-07-02,1771,harga_pihps_grosir,14150.0,Rp,BRS01,BD-PIHPS
2026-07-02,1771,harga_pihps_grosir,15600.0,Rp,BRS02,BD-PIHPS
2026-07-02,1771,harga_pihps_grosir,15500.0,Rp,BRS03,BD-PIHPS
2026-07-02,1771,harga_pihps_grosir,15900.0,Rp,BRS04,BD-PIHPS
2026-07-02,1771,harga_pihps_grosir,15650.0,Rp,BRS05,BD-PIHPS
2026-07-02,1771,harga_pihps_grosir,15900.0,Rp,BRS06,BD-PIHPS
2026-07-02,1771,harga_pihps_grosir,44500.0,Rp,BWM01,BD-PIHPS
2026-07-02,1771,harga_pihps_grosir,34500.0,Rp,BWP01,BD-PIHPS
2026-07-02,1771,harga_pihps_grosir,41500.0,Rp,CMR01,BD-PIHPS
2026-07-02,1771,harga_pihps_grosir,44500.0,Rp,CMR02,BD-PIHPS
2026-07-02,1771,harga_pihps_grosir,33500.0,Rp,CRW01,BD-PIHPS
2026-07-02,1771,harga_pihps_grosir,60000.0,Rp,CRW02,BD-PIHPS
2026-07-02,1771,harga_pihps_grosir,38000.0,Rp,DAY01,BD-PIHPS
2026-07-02,1771,harga_pihps_grosir,137500.0,Rp,DSP01,BD-PIHPS
2026-07-02,1771,harga_pihps_grosir,105000.0,Rp,DSP02,BD-PIHPS
2026-07-02,1771,harga_pihps_grosir,17250.0,Rp,GLP01,BD-PIHPS
2026-07-02,1771,harga_pihps_grosir,17500.0,Rp,MGR01,BD-PIHPS
2026-07-02,1771,harga_pihps_grosir,22750.0,Rp,MGR02,BD-PIHPS
2026-07-02,1771,harga_pihps_grosir,22250.0,Rp,MGR03,BD-PIHPS
2026-07-02,1771,harga_pihps_grosir,25350.0,Rp,TLR01,BD-PIHPS
2026-07-02,1771,harga_pihps_modern,15450.0,Rp,BRS01,BD-PIHPS
2026-07-02,1771,harga_pihps_modern,15100.0,Rp,BRS02,BD-PIHPS
2026-07-02,1771,harga_pihps_modern,16350.0,Rp,BRS03,BD-PIHPS
2026-07-02,1771,harga_pihps_modern,16250.0,Rp,BRS04,BD-PIHPS
2026-07-02,1771,harga_pihps_modern,15250.0,Rp,BRS05,BD-PIHPS
2026-07-02,1771,harga_pihps_modern,17700.0,Rp,BRS06,BD-PIHPS
2026-07-02,1771,harga_pihps_modern,62450.0,Rp,BWM01,BD-PIHPS
2026-07-02,1771,harga_pihps_modern,47950.0,Rp,BWP01,BD-PIHPS
2026-07-02,1771,harga_pihps_modern,92950.0,Rp,CMR01,BD-PIHPS
2026-07-02,1771,harga_pihps_modern,67450.0,Rp,CMR02,BD-PIHPS
2026-07-02,1771,harga_pihps_modern,67450.0,Rp,CRW01,BD-PIHPS
2026-07-02,1771,harga_pihps_modern,82950.0,Rp,CRW02,BD-PIHPS
2026-07-02,1771,harga_pihps_modern,46050.0,Rp,DAY01,BD-PIHPS
2026-07-02,1771,harga_pihps_modern,164450.0,Rp,DSP01,BD-PIHPS
2026-07-02,1771,harga_pihps_modern,154950.0,Rp,DSP02,BD-PIHPS
2026-07-02,1771,harga_pihps_modern,17350.0,Rp,GLP01,BD-PIHPS
2026-07-02,1771,harga_pihps_modern,17350.0,Rp,GLP02,BD-PIHPS
2026-07-02,1771,harga_pihps_modern,22750.0,Rp,MGR02,BD-PIHPS
2026-07-02,1771,harga_pihps_modern,24800.0,Rp,MGR03,BD-PIHPS
2026-07-02,1771,harga_pihps_modern,28550.0,Rp,TLR01,BD-PIHPS
2026-07-02,1771,harga_pihps_produsen,13550.0,Rp,BRS03,BD-PIHPS
2026-07-02,1771,harga_pihps_produsen,13400.0,Rp,BRS04,BD-PIHPS
2026-07-02,1771,harga_pihps_produsen,16000.0,Rp,BRS05,BD-PIHPS
2026-07-02,1771,harga_pihps_produsen,13500.0,Rp,BRS06,BD-PIHPS
2026-07-02,1771,harga_pihps_produsen,33500.0,Rp,CMR01,BD-PIHPS
2026-07-02,1771,harga_pihps_produsen,36000.0,Rp,CMR02,BD-PIHPS
2026-07-02,1771,harga_pihps_produsen,36150.0,Rp,CRW02,BD-PIHPS
2026-07-02,1771,harga_pihps_produsen,21000.0,Rp,DAY01,BD-PIHPS
2026-07-02,1771,harga_pihps_produsen,150000.0,Rp,DSP01,BD-PIHPS
2026-07-02,1771,harga_pihps_produsen,150000.0,Rp,DSP02,BD-PIHPS
2026-07-02,1771,harga_pihps_produsen,23600.0,Rp,TLR01,BD-PIHPS
2026-07-03,1771,harga_pihps,15200.0,Rp,BRS01,BD-PIHPS
2026-07-03,1771,harga_pihps,12450.0,Rp,BRS02,BD-PIHPS
2026-07-03,1771,harga_pihps,16100.0,Rp,BRS03,BD-PIHPS
2026-07-03,1771,harga_pihps,15900.0,Rp,BRS04,BD-PIHPS
2026-07-03,1771,harga_pihps,17400.0,Rp,BRS05,BD-PIHPS
2026-07-03,1771,harga_pihps,16700.0,Rp,BRS06,BD-PIHPS
2026-07-03,1771,harga_pihps,48750.0,Rp,BWM01,BD-PIHPS
2026-07-03,1771,harga_pihps,46250.0,Rp,BWP01,BD-PIHPS
2026-07-03,1771,harga_pihps,43750.0,Rp,CMR01,BD-PIHPS
2026-07-03,1771,harga_pihps,53750.0,Rp,CMR02,BD-PIHPS
2026-07-03,1771,harga_pihps,48750.0,Rp,CRW01,BD-PIHPS
2026-07-03,1771,harga_pihps,53250.0,Rp,CRW02,BD-PIHPS
2026-07-03,1771,harga_pihps,36000.0,Rp,DAY01,BD-PIHPS
2026-07-03,1771,harga_pihps,155000.0,Rp,DSP01,BD-PIHPS
2026-07-03,1771,harga_pihps,140000.0,Rp,DSP02,BD-PIHPS
2026-07-03,1771,harga_pihps,18500.0,Rp,GLP01,BD-PIHPS
2026-07-03,1771,harga_pihps,19400.0,Rp,GLP02,BD-PIHPS
2026-07-03,1771,harga_pihps,20000.0,Rp,MGR01,BD-PIHPS
2026-07-03,1771,harga_pihps,24000.0,Rp,MGR02,BD-PIHPS
2026-07-03,1771,harga_pihps,23900.0,Rp,MGR03,BD-PIHPS
2026-07-03,1771,harga_pihps,28000.0,Rp,TLR01,BD-PIHPS
2026-07-03,1771,harga_pihps_grosir,14150.0,Rp,BRS01,BD-PIHPS
2026-07-03,1771,harga_pihps_grosir,15600.0,Rp,BRS02,BD-PIHPS
2026-07-03,1771,harga_pihps_grosir,15500.0,Rp,BRS03,BD-PIHPS
2026-07-03,1771,harga_pihps_grosir,15900.0,Rp,BRS04,BD-PIHPS
2026-07-03,1771,harga_pihps_grosir,15650.0,Rp,BRS05,BD-PIHPS
2026-07-03,1771,harga_pihps_grosir,15900.0,Rp,BRS06,BD-PIHPS
2026-07-03,1771,harga_pihps_grosir,44500.0,Rp,BWM01,BD-PIHPS
2026-07-03,1771,harga_pihps_grosir,34500.0,Rp,BWP01,BD-PIHPS
2026-07-03,1771,harga_pihps_grosir,41500.0,Rp,CMR01,BD-PIHPS
2026-07-03,1771,harga_pihps_grosir,44500.0,Rp,CMR02,BD-PIHPS
2026-07-03,1771,harga_pihps_grosir,33500.0,Rp,CRW01,BD-PIHPS
2026-07-03,1771,harga_pihps_grosir,60000.0,Rp,CRW02,BD-PIHPS
2026-07-03,1771,harga_pihps_grosir,38000.0,Rp,DAY01,BD-PIHPS
2026-07-03,1771,harga_pihps_grosir,137500.0,Rp,DSP01,BD-PIHPS
2026-07-03,1771,harga_pihps_grosir,105000.0,Rp,DSP02,BD-PIHPS
2026-07-03,1771,harga_pihps_grosir,17250.0,Rp,GLP01,BD-PIHPS
2026-07-03,1771,harga_pihps_grosir,17500.0,Rp,MGR01,BD-PIHPS
2026-07-03,1771,harga_pihps_grosir,22750.0,Rp,MGR02,BD-PIHPS
2026-07-03,1771,harga_pihps_grosir,22250.0,Rp,MGR03,BD-PIHPS
2026-07-03,1771,harga_pihps_grosir,25350.0,Rp,TLR01,BD-PIHPS
2026-07-03,1771,harga_pihps_modern,15450.0,Rp,BRS01,BD-PIHPS
2026-07-03,1771,harga_pihps_modern,15100.0,Rp,BRS02,BD-PIHPS
2026-07-03,1771,harga_pihps_modern,16350.0,Rp,BRS03,BD-PIHPS
2026-07-03,1771,harga_pihps_modern,16250.0,Rp,BRS04,BD-PIHPS
2026-07-03,1771,harga_pihps_modern,15250.0,Rp,BRS05,BD-PIHPS
2026-07-03,1771,harga_pihps_modern,17700.0,Rp,BRS06,BD-PIHPS
2026-07-03,1771,harga_pihps_modern,62450.0,Rp,BWM01,BD-PIHPS
2026-07-03,1771,harga_pihps_modern,47950.0,Rp,BWP01,BD-PIHPS
2026-07-03,1771,harga_pihps_modern,92950.0,Rp,CMR01,BD-PIHPS
2026-07-03,1771,harga_pihps_modern,67450.0,Rp,CMR02,BD-PIHPS
2026-07-03,1771,harga_pihps_modern,67450.0,Rp,CRW01,BD-PIHPS
2026-07-03,1771,harga_pihps_modern,82950.0,Rp,CRW02,BD-PIHPS
2026-07-03,1771,harga_pihps_modern,46050.0,Rp,DAY01,BD-PIHPS
2026-07-03,1771,harga_pihps_modern,164450.0,Rp,DSP01,BD-PIHPS
2026-07-03,1771,harga_pihps_modern,154950.0,Rp,DSP02,BD-PIHPS
2026-07-03,1771,harga_pihps_modern,17350.0,Rp,GLP01,BD-PIHPS
2026-07-03,1771,harga_pihps_modern,17350.0,Rp,GLP02,BD-PIHPS
2026-07-03,1771,harga_pihps_modern,22750.0,Rp,MGR02,BD-PIHPS
2026-07-03,1771,harga_pihps_modern,24800.0,Rp,MGR03,BD-PIHPS
2026-07-03,1771,harga_pihps_modern,28550.0,Rp,TLR01,BD-PIHPS
2026-07-03,1771,harga_pihps_produsen,13550.0,Rp,BRS03,BD-PIHPS
2026-07-03,1771,harga_pihps_produsen,13400.0,Rp,BRS04,BD-PIHPS
2026-07-03,1771,harga_pihps_produsen,16000.0,Rp,BRS05,BD-PIHPS
2026-07-03,1771,harga_pihps_produsen,13500.0,Rp,BRS06,BD-PIHPS
2026-07-03,1771,harga_pihps_produsen,33500.0,Rp,CMR01,BD-PIHPS
2026-07-03,1771,harga_pihps_produsen,36000.0,Rp,CMR02,BD-PIHPS
2026-07-03,1771,harga_pihps_produsen,36150.0,Rp,CRW02,BD-PIHPS
2026-07-03,1771,harga_pihps_produsen,21000.0,Rp,DAY01,BD-PIHPS
2026-07-03,1771,harga_pihps_produsen,150000.0,Rp,DSP01,BD-PIHPS
2026-07-03,1771,harga_pihps_produsen,150000.0,Rp,DSP02,BD-PIHPS
2026-07-03,1771,harga_pihps_produsen,23600.0,Rp,TLR01,BD-PIHPS
2026-07-06,1771,harga_pihps,15200.0,Rp,BRS01,BD-PIHPS
2026-07-06,1771,harga_pihps,12450.0,Rp,BRS02,BD-PIHPS
2026-07-06,1771,harga_pihps,16100.0,Rp,BRS03,BD-PIHPS
2026-07-06,1771,harga_pihps,15900.0,Rp,BRS04,BD-PIHPS
2026-07-06,1771,harga_pihps,17400.0,Rp,BRS05,BD-PIHPS
2026-07-06,1771,harga_pihps,16700.0,Rp,BRS06,BD-PIHPS
2026-07-06,1771,harga_pihps,50000.0,Rp,BWM01,BD-PIHPS
2026-07-06,1771,harga_pihps,46250.0,Rp,BWP01,BD-PIHPS
2026-07-06,1771,harga_pihps,43750.0,Rp,CMR01,BD-PIHPS
2026-07-06,1771,harga_pihps,55000.0,Rp,CMR02,BD-PIHPS
2026-07-06,1771,harga_pihps,47000.0,Rp,CRW01,BD-PIHPS
2026-07-06,1771,harga_pihps,60000.0,Rp,CRW02,BD-PIHPS
2026-07-06,1771,harga_pihps,34500.0,Rp,DAY01,BD-PIHPS
2026-07-06,1771,harga_pihps,155000.0,Rp,DSP01,BD-PIHPS
2026-07-06,1771,harga_pihps,140000.0,Rp,DSP02,BD-PIHPS
2026-07-06,1771,harga_pihps,18500.0,Rp,GLP01,BD-PIHPS
2026-07-06,1771,harga_pihps,19400.0,Rp,GLP02,BD-PIHPS
2026-07-06,1771,harga_pihps,20000.0,Rp,MGR01,BD-PIHPS
2026-07-06,1771,harga_pihps,24000.0,Rp,MGR02,BD-PIHPS
2026-07-06,1771,harga_pihps,23900.0,Rp,MGR03,BD-PIHPS
2026-07-06,1771,harga_pihps,28000.0,Rp,TLR01,BD-PIHPS
2026-07-06,1771,harga_pihps_grosir,14150.0,Rp,BRS01,BD-PIHPS
2026-07-06,1771,harga_pihps_grosir,15600.0,Rp,BRS02,BD-PIHPS
2026-07-06,1771,harga_pihps_grosir,15500.0,Rp,BRS03,BD-PIHPS
2026-07-06,1771,harga_pihps_grosir,15900.0,Rp,BRS04,BD-PIHPS
2026-07-06,1771,harga_pihps_grosir,15650.0,Rp,BRS05,BD-PIHPS
2026-07-06,1771,harga_pihps_grosir,15900.0,Rp,BRS06,BD-PIHPS
2026-07-06,1771,harga_pihps_grosir,44500.0,Rp,BWM01,BD-PIHPS
2026-07-06,1771,harga_pihps_grosir,34500.0,Rp,BWP01,BD-PIHPS
2026-07-06,1771,harga_pihps_grosir,41500.0,Rp,CMR01,BD-PIHPS
2026-07-06,1771,harga_pihps_grosir,44500.0,Rp,CMR02,BD-PIHPS
2026-07-06,1771,harga_pihps_grosir,33500.0,Rp,CRW01,BD-PIHPS
2026-07-06,1771,harga_pihps_grosir,60000.0,Rp,CRW02,BD-PIHPS
2026-07-06,1771,harga_pihps_grosir,38000.0,Rp,DAY01,BD-PIHPS
2026-07-06,1771,harga_pihps_grosir,137500.0,Rp,DSP01,BD-PIHPS
2026-07-06,1771,harga_pihps_grosir,105000.0,Rp,DSP02,BD-PIHPS
2026-07-06,1771,harga_pihps_grosir,17250.0,Rp,GLP01,BD-PIHPS
2026-07-06,1771,harga_pihps_grosir,17500.0,Rp,MGR01,BD-PIHPS
2026-07-06,1771,harga_pihps_grosir,22750.0,Rp,MGR02,BD-PIHPS
2026-07-06,1771,harga_pihps_grosir,22250.0,Rp,MGR03,BD-PIHPS
2026-07-06,1771,harga_pihps_grosir,25350.0,Rp,TLR01,BD-PIHPS
2026-07-06,1771,harga_pihps_modern,15450.0,Rp,BRS01,BD-PIHPS
2026-07-06,1771,harga_pihps_modern,15100.0,Rp,BRS02,BD-PIHPS
2026-07-06,1771,harga_pihps_modern,16350.0,Rp,BRS03,BD-PIHPS
2026-07-06,1771,harga_pihps_modern,16250.0,Rp,BRS04,BD-PIHPS
2026-07-06,1771,harga_pihps_modern,15250.0,Rp,BRS05,BD-PIHPS
2026-07-06,1771,harga_pihps_modern,17700.0,Rp,BRS06,BD-PIHPS
2026-07-06,1771,harga_pihps_modern,62450.0,Rp,BWM01,BD-PIHPS
2026-07-06,1771,harga_pihps_modern,47950.0,Rp,BWP01,BD-PIHPS
2026-07-06,1771,harga_pihps_modern,92950.0,Rp,CMR01,BD-PIHPS
2026-07-06,1771,harga_pihps_modern,67450.0,Rp,CMR02,BD-PIHPS
2026-07-06,1771,harga_pihps_modern,67450.0,Rp,CRW01,BD-PIHPS
2026-07-06,1771,harga_pihps_modern,82950.0,Rp,CRW02,BD-PIHPS
2026-07-06,1771,harga_pihps_modern,46050.0,Rp,DAY01,BD-PIHPS
2026-07-06,1771,harga_pihps_modern,164450.0,Rp,DSP01,BD-PIHPS
2026-07-06,1771,harga_pihps_modern,154950.0,Rp,DSP02,BD-PIHPS
2026-07-06,1771,harga_pihps_modern,17350.0,Rp,GLP01,BD-PIHPS
2026-07-06,1771,harga_pihps_modern,17350.0,Rp,GLP02,BD-PIHPS
2026-07-06,1771,harga_pihps_modern,22750.0,Rp,MGR02,BD-PIHPS
2026-07-06,1771,harga_pihps_modern,24800.0,Rp,MGR03,BD-PIHPS
2026-07-06,1771,harga_pihps_modern,28550.0,Rp,TLR01,BD-PIHPS
2026-07-06,1771,harga_pihps_produsen,13550.0,Rp,BRS03,BD-PIHPS
2026-07-06,1771,harga_pihps_produsen,13400.0,Rp,BRS04,BD-PIHPS
2026-07-06,1771,harga_pihps_produsen,16000.0,Rp,BRS05,BD-PIHPS
2026-07-06,1771,harga_pihps_produsen,13500.0,Rp,BRS06,BD-PIHPS
2026-07-06,1771,harga_pihps_produsen,33500.0,Rp,CMR01,BD-PIHPS
2026-07-06,1771,harga_pihps_produsen,36000.0,Rp,CMR02,BD-PIHPS
2026-07-06,1771,harga_pihps_produsen,36150.0,Rp,CRW02,BD-PIHPS
2026-07-06,1771,harga_pihps_produsen,21000.0,Rp,DAY01,BD-PIHPS
2026-07-06,1771,harga_pihps_produsen,150000.0,Rp,DSP01,BD-PIHPS
2026-07-06,1771,harga_pihps_produsen,150000.0,Rp,DSP02,BD-PIHPS
2026-07-06,1771,harga_pihps_produsen,23600.0,Rp,TLR01,BD-PIHPS
2026-07-07,1771,harga_pihps,15200.0,Rp,BRS01,BD-PIHPS
2026-07-07,1771,harga_pihps,12450.0,Rp,BRS02,BD-PIHPS
2026-07-07,1771,harga_pihps,16100.0,Rp,BRS03,BD-PIHPS
2026-07-07,1771,harga_pihps,15900.0,Rp,BRS04,BD-PIHPS
2026-07-07,1771,harga_pihps,17400.0,Rp,BRS05,BD-PIHPS
2026-07-07,1771,harga_pihps,16700.0,Rp,BRS06,BD-PIHPS
2026-07-07,1771,harga_pihps,47500.0,Rp,BWM01,BD-PIHPS
2026-07-07,1771,harga_pihps,46250.0,Rp,BWP01,BD-PIHPS
2026-07-07,1771,harga_pihps,42500.0,Rp,CMR01,BD-PIHPS
2026-07-07,1771,harga_pihps,55000.0,Rp,CMR02,BD-PIHPS
2026-07-07,1771,harga_pihps,47500.0,Rp,CRW01,BD-PIHPS
2026-07-07,1771,harga_pihps,58750.0,Rp,CRW02,BD-PIHPS
2026-07-07,1771,harga_pihps,34500.0,Rp,DAY01,BD-PIHPS
2026-07-07,1771,harga_pihps,155000.0,Rp,DSP01,BD-PIHPS
2026-07-07,1771,harga_pihps,140000.0,Rp,DSP02,BD-PIHPS
2026-07-07,1771,harga_pihps,18500.0,Rp,GLP01,BD-PIHPS
2026-07-07,1771,harga_pihps,19400.0,Rp,GLP02,BD-PIHPS
2026-07-07,1771,harga_pihps,20000.0,Rp,MGR01,BD-PIHPS
2026-07-07,1771,harga_pihps,24000.0,Rp,MGR02,BD-PIHPS
2026-07-07,1771,harga_pihps,23900.0,Rp,MGR03,BD-PIHPS
2026-07-07,1771,harga_pihps,28000.0,Rp,TLR01,BD-PIHPS
2026-07-07,1771,harga_pihps_grosir,14150.0,Rp,BRS01,BD-PIHPS
2026-07-07,1771,harga_pihps_grosir,15600.0,Rp,BRS02,BD-PIHPS
2026-07-07,1771,harga_pihps_grosir,15500.0,Rp,BRS03,BD-PIHPS
2026-07-07,1771,harga_pihps_grosir,15900.0,Rp,BRS04,BD-PIHPS
2026-07-07,1771,harga_pihps_grosir,15650.0,Rp,BRS05,BD-PIHPS
2026-07-07,1771,harga_pihps_grosir,15900.0,Rp,BRS06,BD-PIHPS
2026-07-07,1771,harga_pihps_grosir,44500.0,Rp,BWM01,BD-PIHPS
2026-07-07,1771,harga_pihps_grosir,34500.0,Rp,BWP01,BD-PIHPS
2026-07-07,1771,harga_pihps_grosir,41500.0,Rp,CMR01,BD-PIHPS
2026-07-07,1771,harga_pihps_grosir,44500.0,Rp,CMR02,BD-PIHPS
2026-07-07,1771,harga_pihps_grosir,33500.0,Rp,CRW01,BD-PIHPS
2026-07-07,1771,harga_pihps_grosir,60000.0,Rp,CRW02,BD-PIHPS
2026-07-07,1771,harga_pihps_grosir,38000.0,Rp,DAY01,BD-PIHPS
2026-07-07,1771,harga_pihps_grosir,137500.0,Rp,DSP01,BD-PIHPS
2026-07-07,1771,harga_pihps_grosir,105000.0,Rp,DSP02,BD-PIHPS
2026-07-07,1771,harga_pihps_grosir,17250.0,Rp,GLP01,BD-PIHPS
2026-07-07,1771,harga_pihps_grosir,17500.0,Rp,MGR01,BD-PIHPS
2026-07-07,1771,harga_pihps_grosir,22750.0,Rp,MGR02,BD-PIHPS
2026-07-07,1771,harga_pihps_grosir,22250.0,Rp,MGR03,BD-PIHPS
2026-07-07,1771,harga_pihps_grosir,25350.0,Rp,TLR01,BD-PIHPS
2026-07-07,1771,harga_pihps_modern,15450.0,Rp,BRS01,BD-PIHPS
2026-07-07,1771,harga_pihps_modern,15100.0,Rp,BRS02,BD-PIHPS
2026-07-07,1771,harga_pihps_modern,16350.0,Rp,BRS03,BD-PIHPS
2026-07-07,1771,harga_pihps_modern,16250.0,Rp,BRS04,BD-PIHPS
2026-07-07,1771,harga_pihps_modern,15250.0,Rp,BRS05,BD-PIHPS
2026-07-07,1771,harga_pihps_modern,17700.0,Rp,BRS06,BD-PIHPS
2026-07-07,1771,harga_pihps_modern,59950.0,Rp,BWM01,BD-PIHPS
2026-07-07,1771,harga_pihps_modern,47950.0,Rp,BWP01,BD-PIHPS
2026-07-07,1771,harga_pihps_modern,92950.0,Rp,CMR01,BD-PIHPS
2026-07-07,1771,harga_pihps_modern,62450.0,Rp,CMR02,BD-PIHPS
2026-07-07,1771,harga_pihps_modern,69950.0,Rp,CRW01,BD-PIHPS
2026-07-07,1771,harga_pihps_modern,82450.0,Rp,CRW02,BD-PIHPS
2026-07-07,1771,harga_pihps_modern,45050.0,Rp,DAY01,BD-PIHPS
2026-07-07,1771,harga_pihps_modern,162450.0,Rp,DSP01,BD-PIHPS
2026-07-07,1771,harga_pihps_modern,152450.0,Rp,DSP02,BD-PIHPS
2026-07-07,1771,harga_pihps_modern,17350.0,Rp,GLP01,BD-PIHPS
2026-07-07,1771,harga_pihps_modern,17350.0,Rp,GLP02,BD-PIHPS
2026-07-07,1771,harga_pihps_modern,22750.0,Rp,MGR02,BD-PIHPS
2026-07-07,1771,harga_pihps_modern,24800.0,Rp,MGR03,BD-PIHPS
2026-07-07,1771,harga_pihps_modern,28550.0,Rp,TLR01,BD-PIHPS
2026-07-07,1771,harga_pihps_produsen,13550.0,Rp,BRS03,BD-PIHPS
2026-07-07,1771,harga_pihps_produsen,13400.0,Rp,BRS04,BD-PIHPS
2026-07-07,1771,harga_pihps_produsen,16000.0,Rp,BRS05,BD-PIHPS
2026-07-07,1771,harga_pihps_produsen,13500.0,Rp,BRS06,BD-PIHPS
2026-07-07,1771,harga_pihps_produsen,33500.0,Rp,CMR01,BD-PIHPS
2026-07-07,1771,harga_pihps_produsen,36000.0,Rp,CMR02,BD-PIHPS
2026-07-07,1771,harga_pihps_produsen,36150.0,Rp,CRW02,BD-PIHPS
2026-07-07,1771,harga_pihps_produsen,21000.0,Rp,DAY01,BD-PIHPS
2026-07-07,1771,harga_pihps_produsen,150000.0,Rp,DSP01,BD-PIHPS
2026-07-07,1771,harga_pihps_produsen,150000.0,Rp,DSP02,BD-PIHPS
2026-07-07,1771,harga_pihps_produsen,23600.0,Rp,TLR01,BD-PIHPS
2026-07-08,1771,harga_pihps,15200.0,Rp,BRS01,BD-PIHPS
2026-07-08,1771,harga_pihps,12450.0,Rp,BRS02,BD-PIHPS
2026-07-08,1771,harga_pihps,16100.0,Rp,BRS03,BD-PIHPS
2026-07-08,1771,harga_pihps,15900.0,Rp,BRS04,BD-PIHPS
2026-07-08,1771,harga_pihps,17400.0,Rp,BRS05,BD-PIHPS
2026-07-08,1771,harga_pihps,16700.0,Rp,BRS06,BD-PIHPS
2026-07-08,1771,harga_pihps,46250.0,Rp,BWM01,BD-PIHPS
2026-07-08,1771,harga_pihps,46250.0,Rp,BWP01,BD-PIHPS
2026-07-08,1771,harga_pihps,44500.0,Rp,CMR01,BD-PIHPS
2026-07-08,1771,harga_pihps,50000.0,Rp,CMR02,BD-PIHPS
2026-07-08,1771,harga_pihps,46250.0,Rp,CRW01,BD-PIHPS
2026-07-08,1771,harga_pihps,58750.0,Rp,CRW02,BD-PIHPS
2026-07-08,1771,harga_pihps,33500.0,Rp,DAY01,BD-PIHPS
2026-07-08,1771,harga_pihps,155000.0,Rp,DSP01,BD-PIHPS
2026-07-08,1771,harga_pihps,140000.0,Rp,DSP02,BD-PIHPS
2026-07-08,1771,harga_pihps,18750.0,Rp,GLP01,BD-PIHPS
2026-07-08,1771,harga_pihps,19750.0,Rp,GLP02,BD-PIHPS
2026-07-08,1771,harga_pihps,20000.0,Rp,MGR01,BD-PIHPS
2026-07-08,1771,harga_pihps,24000.0,Rp,MGR02,BD-PIHPS
2026-07-08,1771,harga_pihps,23900.0,Rp,MGR03,BD-PIHPS
2026-07-08,1771,harga_pihps,28000.0,Rp,TLR01,BD-PIHPS
2026-07-08,1771,harga_pihps_grosir,14150.0,Rp,BRS01,BD-PIHPS
2026-07-08,1771,harga_pihps_grosir,15600.0,Rp,BRS02,BD-PIHPS
2026-07-08,1771,harga_pihps_grosir,15500.0,Rp,BRS03,BD-PIHPS
2026-07-08,1771,harga_pihps_grosir,15900.0,Rp,BRS04,BD-PIHPS
2026-07-08,1771,harga_pihps_grosir,15650.0,Rp,BRS05,BD-PIHPS
2026-07-08,1771,harga_pihps_grosir,15900.0,Rp,BRS06,BD-PIHPS
2026-07-08,1771,harga_pihps_grosir,44500.0,Rp,BWM01,BD-PIHPS
2026-07-08,1771,harga_pihps_grosir,34500.0,Rp,BWP01,BD-PIHPS
2026-07-08,1771,harga_pihps_grosir,41500.0,Rp,CMR01,BD-PIHPS
2026-07-08,1771,harga_pihps_grosir,44500.0,Rp,CMR02,BD-PIHPS
2026-07-08,1771,harga_pihps_grosir,33500.0,Rp,CRW01,BD-PIHPS
2026-07-08,1771,harga_pihps_grosir,60000.0,Rp,CRW02,BD-PIHPS
2026-07-08,1771,harga_pihps_grosir,38000.0,Rp,DAY01,BD-PIHPS
2026-07-08,1771,harga_pihps_grosir,137500.0,Rp,DSP01,BD-PIHPS
2026-07-08,1771,harga_pihps_grosir,105000.0,Rp,DSP02,BD-PIHPS
2026-07-08,1771,harga_pihps_grosir,17250.0,Rp,GLP01,BD-PIHPS
2026-07-08,1771,harga_pihps_grosir,17500.0,Rp,MGR01,BD-PIHPS
2026-07-08,1771,harga_pihps_grosir,22750.0,Rp,MGR02,BD-PIHPS
2026-07-08,1771,harga_pihps_grosir,22250.0,Rp,MGR03,BD-PIHPS
2026-07-08,1771,harga_pihps_grosir,25350.0,Rp,TLR01,BD-PIHPS
2026-07-08,1771,harga_pihps_modern,15450.0,Rp,BRS01,BD-PIHPS
2026-07-08,1771,harga_pihps_modern,15100.0,Rp,BRS02,BD-PIHPS
2026-07-08,1771,harga_pihps_modern,16350.0,Rp,BRS03,BD-PIHPS
2026-07-08,1771,harga_pihps_modern,16250.0,Rp,BRS04,BD-PIHPS
2026-07-08,1771,harga_pihps_modern,15250.0,Rp,BRS05,BD-PIHPS
2026-07-08,1771,harga_pihps_modern,17700.0,Rp,BRS06,BD-PIHPS
2026-07-08,1771,harga_pihps_modern,59950.0,Rp,BWM01,BD-PIHPS
2026-07-08,1771,harga_pihps_modern,47950.0,Rp,BWP01,BD-PIHPS
2026-07-08,1771,harga_pihps_modern,92950.0,Rp,CMR01,BD-PIHPS
2026-07-08,1771,harga_pihps_modern,62450.0,Rp,CMR02,BD-PIHPS
2026-07-08,1771,harga_pihps_modern,69950.0,Rp,CRW01,BD-PIHPS
2026-07-08,1771,harga_pihps_modern,82450.0,Rp,CRW02,BD-PIHPS
2026-07-08,1771,harga_pihps_modern,45050.0,Rp,DAY01,BD-PIHPS
2026-07-08,1771,harga_pihps_modern,162450.0,Rp,DSP01,BD-PIHPS
2026-07-08,1771,harga_pihps_modern,152450.0,Rp,DSP02,BD-PIHPS
2026-07-08,1771,harga_pihps_modern,17350.0,Rp,GLP01,BD-PIHPS
2026-07-08,1771,harga_pihps_modern,17350.0,Rp,GLP02,BD-PIHPS
2026-07-08,1771,harga_pihps_modern,22750.0,Rp,MGR02,BD-PIHPS
2026-07-08,1771,harga_pihps_modern,24800.0,Rp,MGR03,BD-PIHPS
2026-07-08,1771,harga_pihps_modern,28550.0,Rp,TLR01,BD-PIHPS
2026-07-08,1771,harga_pihps_produsen,13550.0,Rp,BRS03,BD-PIHPS
2026-07-08,1771,harga_pihps_produsen,13400.0,Rp,BRS04,BD-PIHPS
2026-07-08,1771,harga_pihps_produsen,16000.0,Rp,BRS05,BD-PIHPS
2026-07-08,1771,harga_pihps_produsen,13500.0,Rp,BRS06,BD-PIHPS
2026-07-08,1771,harga_pihps_produsen,33500.0,Rp,CMR01,BD-PIHPS
2026-07-08,1771,harga_pihps_produsen,36000.0,Rp,CMR02,BD-PIHPS
2026-07-08,1771,harga_pihps_produsen,36150.0,Rp,CRW02,BD-PIHPS
2026-07-08,1771,harga_pihps_produsen,21000.0,Rp,DAY01,BD-PIHPS
2026-07-08,1771,harga_pihps_produsen,150000.0,Rp,DSP01,BD-PIHPS
2026-07-08,1771,harga_pihps_produsen,150000.0,Rp,DSP02,BD-PIHPS
2026-07-08,1771,harga_pihps_produsen,23600.0,Rp,TLR01,BD-PIHPS
2026-07-09,1771,harga_pihps,15300.0,Rp,BRS01,BD-PIHPS
2026-07-09,1771,harga_pihps,12600.0,Rp,BRS02,BD-PIHPS
2026-07-09,1771,harga_pihps,16100.0,Rp,BRS03,BD-PIHPS
2026-07-09,1771,harga_pihps,15900.0,Rp,BRS04,BD-PIHPS
2026-07-09,1771,harga_pihps,17500.0,Rp,BRS05,BD-PIHPS
2026-07-09,1771,harga_pihps,16900.0,Rp,BRS06,BD-PIHPS
2026-07-09,1771,harga_pihps,47500.0,Rp,BWM01,BD-PIHPS
2026-07-09,1771,harga_pihps,46250.0,Rp,BWP01,BD-PIHPS
2026-07-09,1771,harga_pihps,43750.0,Rp,CMR01,BD-PIHPS
2026-07-09,1771,harga_pihps,50000.0,Rp,CMR02,BD-PIHPS
2026-07-09,1771,harga_pihps,46250.0,Rp,CRW01,BD-PIHPS
2026-07-09,1771,harga_pihps,60000.0,Rp,CRW02,BD-PIHPS
2026-07-09,1771,harga_pihps,33250.0,Rp,DAY01,BD-PIHPS
2026-07-09,1771,harga_pihps,155000.0,Rp,DSP01,BD-PIHPS
2026-07-09,1771,harga_pihps,140000.0,Rp,DSP02,BD-PIHPS
2026-07-09,1771,harga_pihps,18750.0,Rp,GLP01,BD-PIHPS
2026-07-09,1771,harga_pihps,19750.0,Rp,GLP02,BD-PIHPS
2026-07-09,1771,harga_pihps,20000.0,Rp,MGR01,BD-PIHPS
2026-07-09,1771,harga_pihps,24000.0,Rp,MGR02,BD-PIHPS
2026-07-09,1771,harga_pihps,23900.0,Rp,MGR03,BD-PIHPS
2026-07-09,1771,harga_pihps,28000.0,Rp,TLR01,BD-PIHPS
2026-07-09,1771,harga_pihps_grosir,14150.0,Rp,BRS01,BD-PIHPS
2026-07-09,1771,harga_pihps_grosir,15600.0,Rp,BRS02,BD-PIHPS
2026-07-09,1771,harga_pihps_grosir,15500.0,Rp,BRS03,BD-PIHPS
2026-07-09,1771,harga_pihps_grosir,15900.0,Rp,BRS04,BD-PIHPS
2026-07-09,1771,harga_pihps_grosir,15650.0,Rp,BRS05,BD-PIHPS
2026-07-09,1771,harga_pihps_grosir,15900.0,Rp,BRS06,BD-PIHPS
2026-07-09,1771,harga_pihps_grosir,45000.0,Rp,BWM01,BD-PIHPS
2026-07-09,1771,harga_pihps_grosir,35500.0,Rp,BWP01,BD-PIHPS
2026-07-09,1771,harga_pihps_grosir,34500.0,Rp,CMR01,BD-PIHPS
2026-07-09,1771,harga_pihps_grosir,37500.0,Rp,CMR02,BD-PIHPS
2026-07-09,1771,harga_pihps_grosir,39500.0,Rp,CRW01,BD-PIHPS
2026-07-09,1771,harga_pihps_grosir,49500.0,Rp,CRW02,BD-PIHPS
2026-07-09,1771,harga_pihps_grosir,38000.0,Rp,DAY01,BD-PIHPS
2026-07-09,1771,harga_pihps_grosir,137500.0,Rp,DSP01,BD-PIHPS
2026-07-09,1771,harga_pihps_grosir,105000.0,Rp,DSP02,BD-PIHPS
2026-07-09,1771,harga_pihps_grosir,17250.0,Rp,GLP01,BD-PIHPS
2026-07-09,1771,harga_pihps_grosir,17500.0,Rp,MGR01,BD-PIHPS
2026-07-09,1771,harga_pihps_grosir,22750.0,Rp,MGR02,BD-PIHPS
2026-07-09,1771,harga_pihps_grosir,22250.0,Rp,MGR03,BD-PIHPS
2026-07-09,1771,harga_pihps_grosir,25050.0,Rp,TLR01,BD-PIHPS
2026-07-09,1771,harga_pihps_modern,15450.0,Rp,BRS01,BD-PIHPS
2026-07-09,1771,harga_pihps_modern,15100.0,Rp,BRS02,BD-PIHPS
2026-07-09,1771,harga_pihps_modern,16350.0,Rp,BRS03,BD-PIHPS
2026-07-09,1771,harga_pihps_modern,16250.0,Rp,BRS04,BD-PIHPS
2026-07-09,1771,harga_pihps_modern,15250.0,Rp,BRS05,BD-PIHPS
2026-07-09,1771,harga_pihps_modern,17700.0,Rp,BRS06,BD-PIHPS
2026-07-09,1771,harga_pihps_modern,59950.0,Rp,BWM01,BD-PIHPS
2026-07-09,1771,harga_pihps_modern,47950.0,Rp,BWP01,BD-PIHPS
2026-07-09,1771,harga_pihps_modern,92950.0,Rp,CMR01,BD-PIHPS
2026-07-09,1771,harga_pihps_modern,62450.0,Rp,CMR02,BD-PIHPS
2026-07-09,1771,harga_pihps_modern,69950.0,Rp,CRW01,BD-PIHPS
2026-07-09,1771,harga_pihps_modern,82450.0,Rp,CRW02,BD-PIHPS
2026-07-09,1771,harga_pihps_modern,45050.0,Rp,DAY01,BD-PIHPS
2026-07-09,1771,harga_pihps_modern,162450.0,Rp,DSP01,BD-PIHPS
2026-07-09,1771,harga_pihps_modern,152450.0,Rp,DSP02,BD-PIHPS
2026-07-09,1771,harga_pihps_modern,17350.0,Rp,GLP01,BD-PIHPS
2026-07-09,1771,harga_pihps_modern,17350.0,Rp,GLP02,BD-PIHPS
2026-07-09,1771,harga_pihps_modern,22750.0,Rp,MGR02,BD-PIHPS
2026-07-09,1771,harga_pihps_modern,24800.0,Rp,MGR03,BD-PIHPS
2026-07-09,1771,harga_pihps_modern,28550.0,Rp,TLR01,BD-PIHPS
2026-07-09,1771,harga_pihps_produsen,13550.0,Rp,BRS03,BD-PIHPS
2026-07-09,1771,harga_pihps_produsen,13400.0,Rp,BRS04,BD-PIHPS
2026-07-09,1771,harga_pihps_produsen,16000.0,Rp,BRS05,BD-PIHPS
2026-07-09,1771,harga_pihps_produsen,13500.0,Rp,BRS06,BD-PIHPS
2026-07-09,1771,harga_pihps_produsen,33500.0,Rp,CMR01,BD-PIHPS
2026-07-09,1771,harga_pihps_produsen,36000.0,Rp,CMR02,BD-PIHPS
2026-07-09,1771,harga_pihps_produsen,36150.0,Rp,CRW02,BD-PIHPS
2026-07-09,1771,harga_pihps_produsen,21000.0,Rp,DAY01,BD-PIHPS
2026-07-09,1771,harga_pihps_produsen,150000.0,Rp,DSP01,BD-PIHPS
2026-07-09,1771,harga_pihps_produsen,150000.0,Rp,DSP02,BD-PIHPS
2026-07-09,1771,harga_pihps_produsen,23600.0,Rp,TLR01,BD-PIHPS
2026-07-10,1771,harga_pihps,15300.0,Rp,BRS01,BD-PIHPS
2026-07-10,1771,harga_pihps,12600.0,Rp,BRS02,BD-PIHPS
2026-07-10,1771,harga_pihps,16100.0,Rp,BRS03,BD-PIHPS
2026-07-10,1771,harga_pihps,15900.0,Rp,BRS04,BD-PIHPS
2026-07-10,1771,harga_pihps,17500.0,Rp,BRS05,BD-PIHPS
2026-07-10,1771,harga_pihps,16900.0,Rp,BRS06,BD-PIHPS
2026-07-10,1771,harga_pihps,47500.0,Rp,BWM01,BD-PIHPS
2026-07-10,1771,harga_pihps,46250.0,Rp,BWP01,BD-PIHPS
2026-07-10,1771,harga_pihps,43750.0,Rp,CMR01,BD-PIHPS
2026-07-10,1771,harga_pihps,48750.0,Rp,CMR02,BD-PIHPS
2026-07-10,1771,harga_pihps,47500.0,Rp,CRW01,BD-PIHPS
2026-07-10,1771,harga_pihps,60000.0,Rp,CRW02,BD-PIHPS
2026-07-10,1771,harga_pihps,33000.0,Rp,DAY01,BD-PIHPS
2026-07-10,1771,harga_pihps,157500.0,Rp,DSP01,BD-PIHPS
2026-07-10,1771,harga_pihps,147500.0,Rp,DSP02,BD-PIHPS
2026-07-10,1771,harga_pihps,18750.0,Rp,GLP01,BD-PIHPS
2026-07-10,1771,harga_pihps,19750.0,Rp,GLP02,BD-PIHPS
2026-07-10,1771,harga_pihps,20000.0,Rp,MGR01,BD-PIHPS
2026-07-10,1771,harga_pihps,24000.0,Rp,MGR02,BD-PIHPS
2026-07-10,1771,harga_pihps,23900.0,Rp,MGR03,BD-PIHPS
2026-07-10,1771,harga_pihps,28000.0,Rp,TLR01,BD-PIHPS
2026-07-10,1771,harga_pihps_grosir,14150.0,Rp,BRS01,BD-PIHPS
2026-07-10,1771,harga_pihps_grosir,15600.0,Rp,BRS02,BD-PIHPS
2026-07-10,1771,harga_pihps_grosir,15500.0,Rp,BRS03,BD-PIHPS
2026-07-10,1771,harga_pihps_grosir,15900.0,Rp,BRS04,BD-PIHPS
2026-07-10,1771,harga_pihps_grosir,15650.0,Rp,BRS05,BD-PIHPS
2026-07-10,1771,harga_pihps_grosir,15900.0,Rp,BRS06,BD-PIHPS
2026-07-10,1771,harga_pihps_grosir,45000.0,Rp,BWM01,BD-PIHPS
2026-07-10,1771,harga_pihps_grosir,35500.0,Rp,BWP01,BD-PIHPS
2026-07-10,1771,harga_pihps_grosir,34500.0,Rp,CMR01,BD-PIHPS
2026-07-10,1771,harga_pihps_grosir,37500.0,Rp,CMR02,BD-PIHPS
2026-07-10,1771,harga_pihps_grosir,39500.0,Rp,CRW01,BD-PIHPS
2026-07-10,1771,harga_pihps_grosir,49500.0,Rp,CRW02,BD-PIHPS
2026-07-10,1771,harga_pihps_grosir,38000.0,Rp,DAY01,BD-PIHPS
2026-07-10,1771,harga_pihps_grosir,137500.0,Rp,DSP01,BD-PIHPS
2026-07-10,1771,harga_pihps_grosir,105000.0,Rp,DSP02,BD-PIHPS
2026-07-10,1771,harga_pihps_grosir,17250.0,Rp,GLP01,BD-PIHPS
2026-07-10,1771,harga_pihps_grosir,17500.0,Rp,MGR01,BD-PIHPS
2026-07-10,1771,harga_pihps_grosir,22750.0,Rp,MGR02,BD-PIHPS
2026-07-10,1771,harga_pihps_grosir,22250.0,Rp,MGR03,BD-PIHPS
2026-07-10,1771,harga_pihps_grosir,25050.0,Rp,TLR01,BD-PIHPS
2026-07-10,1771,harga_pihps_modern,15450.0,Rp,BRS01,BD-PIHPS
2026-07-10,1771,harga_pihps_modern,15100.0,Rp,BRS02,BD-PIHPS
2026-07-10,1771,harga_pihps_modern,16350.0,Rp,BRS03,BD-PIHPS
2026-07-10,1771,harga_pihps_modern,16250.0,Rp,BRS04,BD-PIHPS
2026-07-10,1771,harga_pihps_modern,15250.0,Rp,BRS05,BD-PIHPS
2026-07-10,1771,harga_pihps_modern,17700.0,Rp,BRS06,BD-PIHPS
2026-07-10,1771,harga_pihps_modern,59950.0,Rp,BWM01,BD-PIHPS
2026-07-10,1771,harga_pihps_modern,47950.0,Rp,BWP01,BD-PIHPS
2026-07-10,1771,harga_pihps_modern,92950.0,Rp,CMR01,BD-PIHPS
2026-07-10,1771,harga_pihps_modern,62450.0,Rp,CMR02,BD-PIHPS
2026-07-10,1771,harga_pihps_modern,69950.0,Rp,CRW01,BD-PIHPS
2026-07-10,1771,harga_pihps_modern,82450.0,Rp,CRW02,BD-PIHPS
2026-07-10,1771,harga_pihps_modern,45050.0,Rp,DAY01,BD-PIHPS
2026-07-10,1771,harga_pihps_modern,162450.0,Rp,DSP01,BD-PIHPS
2026-07-10,1771,harga_pihps_modern,152450.0,Rp,DSP02,BD-PIHPS
2026-07-10,1771,harga_pihps_modern,17350.0,Rp,GLP01,BD-PIHPS
2026-07-10,1771,harga_pihps_modern,17350.0,Rp,GLP02,BD-PIHPS
2026-07-10,1771,harga_pihps_modern,22750.0,Rp,MGR02,BD-PIHPS
2026-07-10,1771,harga_pihps_modern,24800.0,Rp,MGR03,BD-PIHPS
2026-07-10,1771,harga_pihps_modern,28550.0,Rp,TLR01,BD-PIHPS
2026-07-10,1771,harga_pihps_produsen,13550.0,Rp,BRS03,BD-PIHPS
2026-07-10,1771,harga_pihps_produsen,13400.0,Rp,BRS04,BD-PIHPS
2026-07-10,1771,harga_pihps_produsen,16000.0,Rp,BRS05,BD-PIHPS
2026-07-10,1771,harga_pihps_produsen,13500.0,Rp,BRS06,BD-PIHPS
2026-07-10,1771,harga_pihps_produsen,33500.0,Rp,CMR01,BD-PIHPS
2026-07-10,1771,harga_pihps_produsen,36000.0,Rp,CMR02,BD-PIHPS
2026-07-10,1771,harga_pihps_produsen,36150.0,Rp,CRW02,BD-PIHPS
2026-07-10,1771,harga_pihps_produsen,21000.0,Rp,DAY01,BD-PIHPS
2026-07-10,1771,harga_pihps_produsen,150000.0,Rp,DSP01,BD-PIHPS
2026-07-10,1771,harga_pihps_produsen,150000.0,Rp,DSP02,BD-PIHPS
2026-07-10,1771,harga_pihps_produsen,23600.0,Rp,TLR01,BD-PIHPS
2026-07-13,1771,harga_pihps,15300.0,Rp,BRS01,BD-PIHPS
2026-07-13,1771,harga_pihps,12600.0,Rp,BRS02,BD-PIHPS
2026-07-13,1771,harga_pihps,16100.0,Rp,BRS03,BD-PIHPS
2026-07-13,1771,harga_pihps,15900.0,Rp,BRS04,BD-PIHPS
2026-07-13,1771,harga_pihps,17500.0,Rp,BRS05,BD-PIHPS
2026-07-13,1771,harga_pihps,16900.0,Rp,BRS06,BD-PIHPS
2026-07-13,1771,harga_pihps,46250.0,Rp,BWM01,BD-PIHPS
2026-07-13,1771,harga_pihps,46250.0,Rp,BWP01,BD-PIHPS
2026-07-13,1771,harga_pihps,44500.0,Rp,CMR01,BD-PIHPS
2026-07-13,1771,harga_pihps,50750.0,Rp,CMR02,BD-PIHPS
2026-07-13,1771,harga_pihps,56250.0,Rp,CRW01,BD-PIHPS
2026-07-13,1771,harga_pihps,61250.0,Rp,CRW02,BD-PIHPS
2026-07-13,1771,harga_pihps,37500.0,Rp,DAY01,BD-PIHPS
2026-07-13,1771,harga_pihps,157500.0,Rp,DSP01,BD-PIHPS
2026-07-13,1771,harga_pihps,147500.0,Rp,DSP02,BD-PIHPS
2026-07-13,1771,harga_pihps,18650.0,Rp,GLP01,BD-PIHPS
2026-07-13,1771,harga_pihps,19750.0,Rp,GLP02,BD-PIHPS
2026-07-13,1771,harga_pihps,20000.0,Rp,MGR01,BD-PIHPS
2026-07-13,1771,harga_pihps,24000.0,Rp,MGR02,BD-PIHPS
2026-07-13,1771,harga_pihps,23900.0,Rp,MGR03,BD-PIHPS
2026-07-13,1771,harga_pihps,28000.0,Rp,TLR01,BD-PIHPS
2026-07-13,1771,harga_pihps_grosir,14150.0,Rp,BRS01,BD-PIHPS
2026-07-13,1771,harga_pihps_grosir,15600.0,Rp,BRS02,BD-PIHPS
2026-07-13,1771,harga_pihps_grosir,15500.0,Rp,BRS03,BD-PIHPS
2026-07-13,1771,harga_pihps_grosir,15900.0,Rp,BRS04,BD-PIHPS
2026-07-13,1771,harga_pihps_grosir,15650.0,Rp,BRS05,BD-PIHPS
2026-07-13,1771,harga_pihps_grosir,15900.0,Rp,BRS06,BD-PIHPS
2026-07-13,1771,harga_pihps_grosir,45000.0,Rp,BWM01,BD-PIHPS
2026-07-13,1771,harga_pihps_grosir,35500.0,Rp,BWP01,BD-PIHPS
2026-07-13,1771,harga_pihps_grosir,34500.0,Rp,CMR01,BD-PIHPS
2026-07-13,1771,harga_pihps_grosir,37500.0,Rp,CMR02,BD-PIHPS
2026-07-13,1771,harga_pihps_grosir,39500.0,Rp,CRW01,BD-PIHPS
2026-07-13,1771,harga_pihps_grosir,49500.0,Rp,CRW02,BD-PIHPS
2026-07-13,1771,harga_pihps_grosir,38000.0,Rp,DAY01,BD-PIHPS
2026-07-13,1771,harga_pihps_grosir,137500.0,Rp,DSP01,BD-PIHPS
2026-07-13,1771,harga_pihps_grosir,105000.0,Rp,DSP02,BD-PIHPS
2026-07-13,1771,harga_pihps_grosir,17250.0,Rp,GLP01,BD-PIHPS
2026-07-13,1771,harga_pihps_grosir,17500.0,Rp,MGR01,BD-PIHPS
2026-07-13,1771,harga_pihps_grosir,22750.0,Rp,MGR02,BD-PIHPS
2026-07-13,1771,harga_pihps_grosir,22250.0,Rp,MGR03,BD-PIHPS
2026-07-13,1771,harga_pihps_grosir,25050.0,Rp,TLR01,BD-PIHPS
2026-07-13,1771,harga_pihps_modern,15450.0,Rp,BRS01,BD-PIHPS
2026-07-13,1771,harga_pihps_modern,15100.0,Rp,BRS02,BD-PIHPS
2026-07-13,1771,harga_pihps_modern,16350.0,Rp,BRS03,BD-PIHPS
2026-07-13,1771,harga_pihps_modern,16250.0,Rp,BRS04,BD-PIHPS
2026-07-13,1771,harga_pihps_modern,15250.0,Rp,BRS05,BD-PIHPS
2026-07-13,1771,harga_pihps_modern,17700.0,Rp,BRS06,BD-PIHPS
2026-07-13,1771,harga_pihps_modern,59950.0,Rp,BWM01,BD-PIHPS
2026-07-13,1771,harga_pihps_modern,47950.0,Rp,BWP01,BD-PIHPS
2026-07-13,1771,harga_pihps_modern,92950.0,Rp,CMR01,BD-PIHPS
2026-07-13,1771,harga_pihps_modern,62450.0,Rp,CMR02,BD-PIHPS
2026-07-13,1771,harga_pihps_modern,69950.0,Rp,CRW01,BD-PIHPS
2026-07-13,1771,harga_pihps_modern,82450.0,Rp,CRW02,BD-PIHPS
2026-07-13,1771,harga_pihps_modern,45050.0,Rp,DAY01,BD-PIHPS
2026-07-13,1771,harga_pihps_modern,162450.0,Rp,DSP01,BD-PIHPS
2026-07-13,1771,harga_pihps_modern,152450.0,Rp,DSP02,BD-PIHPS
2026-07-13,1771,harga_pihps_modern,17350.0,Rp,GLP01,BD-PIHPS
2026-07-13,1771,harga_pihps_modern,17350.0,Rp,GLP02,BD-PIHPS
2026-07-13,1771,harga_pihps_modern,22750.0,Rp,MGR02,BD-PIHPS
2026-07-13,1771,harga_pihps_modern,24800.0,Rp,MGR03,BD-PIHPS
2026-07-13,1771,harga_pihps_modern,28550.0,Rp,TLR01,BD-PIHPS
2026-07-13,1771,harga_pihps_produsen,13550.0,Rp,BRS03,BD-PIHPS
2026-07-13,1771,harga_pihps_produsen,13400.0,Rp,BRS04,BD-PIHPS
2026-07-13,1771,harga_pihps_produsen,16000.0,Rp,BRS05,BD-PIHPS
2026-07-13,1771,harga_pihps_produsen,13500.0,Rp,BRS06,BD-PIHPS
2026-07-13,1771,harga_pihps_produsen,33500.0,Rp,CMR01,BD-PIHPS
2026-07-13,1771,harga_pihps_produsen,36000.0,Rp,CMR02,BD-PIHPS
2026-07-13,1771,harga_pihps_produsen,36150.0,Rp,CRW02,BD-PIHPS
2026-07-13,1771,harga_pihps_produsen,21000.0,Rp,DAY01,BD-PIHPS
2026-07-13,1771,harga_pihps_produsen,150000.0,Rp,DSP01,BD-PIHPS
2026-07-13,1771,harga_pihps_produsen,150000.0,Rp,DSP02,BD-PIHPS
2026-07-13,1771,harga_pihps_produsen,23600.0,Rp,TLR01,BD-PIHPS
2026-07-14,1771,harga_pihps,15300.0,Rp,BRS01,BD-PIHPS
2026-07-14,1771,harga_pihps,12600.0,Rp,BRS02,BD-PIHPS
2026-07-14,1771,harga_pihps,16100.0,Rp,BRS03,BD-PIHPS
2026-07-14,1771,harga_pihps,15900.0,Rp,BRS04,BD-PIHPS
2026-07-14,1771,harga_pihps,17500.0,Rp,BRS05,BD-PIHPS
2026-07-14,1771,harga_pihps,16900.0,Rp,BRS06,BD-PIHPS
2026-07-14,1771,harga_pihps,46250.0,Rp,BWM01,BD-PIHPS
2026-07-14,1771,harga_pihps,46250.0,Rp,BWP01,BD-PIHPS
2026-07-14,1771,harga_pihps,45000.0,Rp,CMR01,BD-PIHPS
2026-07-14,1771,harga_pihps,51250.0,Rp,CMR02,BD-PIHPS
2026-07-14,1771,harga_pihps,58750.0,Rp,CRW01,BD-PIHPS
2026-07-14,1771,harga_pihps,62500.0,Rp,CRW02,BD-PIHPS
2026-07-14,1771,harga_pihps,38500.0,Rp,DAY01,BD-PIHPS
2026-07-14,1771,harga_pihps,157500.0,Rp,DSP01,BD-PIHPS
2026-07-14,1771,harga_pihps,147500.0,Rp,DSP02,BD-PIHPS
2026-07-14,1771,harga_pihps,18650.0,Rp,GLP01,BD-PIHPS
2026-07-14,1771,harga_pihps,19750.0,Rp,GLP02,BD-PIHPS
2026-07-14,1771,harga_pihps,20000.0,Rp,MGR01,BD-PIHPS
2026-07-14,1771,harga_pihps,24000.0,Rp,MGR02,BD-PIHPS
2026-07-14,1771,harga_pihps,23900.0,Rp,MGR03,BD-PIHPS
2026-07-14,1771,harga_pihps,28000.0,Rp,TLR01,BD-PIHPS
2026-07-14,1771,harga_pihps_grosir,14150.0,Rp,BRS01,BD-PIHPS
2026-07-14,1771,harga_pihps_grosir,15600.0,Rp,BRS02,BD-PIHPS
2026-07-14,1771,harga_pihps_grosir,15500.0,Rp,BRS03,BD-PIHPS
2026-07-14,1771,harga_pihps_grosir,15900.0,Rp,BRS04,BD-PIHPS
2026-07-14,1771,harga_pihps_grosir,15650.0,Rp,BRS05,BD-PIHPS
2026-07-14,1771,harga_pihps_grosir,15900.0,Rp,BRS06,BD-PIHPS
2026-07-14,1771,harga_pihps_grosir,45000.0,Rp,BWM01,BD-PIHPS
2026-07-14,1771,harga_pihps_grosir,35500.0,Rp,BWP01,BD-PIHPS
2026-07-14,1771,harga_pihps_grosir,34500.0,Rp,CMR01,BD-PIHPS
2026-07-14,1771,harga_pihps_grosir,37500.0,Rp,CMR02,BD-PIHPS
2026-07-14,1771,harga_pihps_grosir,39500.0,Rp,CRW01,BD-PIHPS
2026-07-14,1771,harga_pihps_grosir,49500.0,Rp,CRW02,BD-PIHPS
2026-07-14,1771,harga_pihps_grosir,38000.0,Rp,DAY01,BD-PIHPS
2026-07-14,1771,harga_pihps_grosir,137500.0,Rp,DSP01,BD-PIHPS
2026-07-14,1771,harga_pihps_grosir,105000.0,Rp,DSP02,BD-PIHPS
2026-07-14,1771,harga_pihps_grosir,17250.0,Rp,GLP01,BD-PIHPS
2026-07-14,1771,harga_pihps_grosir,17500.0,Rp,MGR01,BD-PIHPS
2026-07-14,1771,harga_pihps_grosir,22750.0,Rp,MGR02,BD-PIHPS
2026-07-14,1771,harga_pihps_grosir,22250.0,Rp,MGR03,BD-PIHPS
2026-07-14,1771,harga_pihps_grosir,25050.0,Rp,TLR01,BD-PIHPS
2026-07-14,1771,harga_pihps_modern,15450.0,Rp,BRS01,BD-PIHPS
2026-07-14,1771,harga_pihps_modern,15100.0,Rp,BRS02,BD-PIHPS
2026-07-14,1771,harga_pihps_modern,16350.0,Rp,BRS03,BD-PIHPS
2026-07-14,1771,harga_pihps_modern,16250.0,Rp,BRS04,BD-PIHPS
2026-07-14,1771,harga_pihps_modern,15250.0,Rp,BRS05,BD-PIHPS
2026-07-14,1771,harga_pihps_modern,17700.0,Rp,BRS06,BD-PIHPS
2026-07-14,1771,harga_pihps_modern,59950.0,Rp,BWM01,BD-PIHPS
2026-07-14,1771,harga_pihps_modern,47950.0,Rp,BWP01,BD-PIHPS
2026-07-14,1771,harga_pihps_modern,92950.0,Rp,CMR01,BD-PIHPS
2026-07-14,1771,harga_pihps_modern,62450.0,Rp,CMR02,BD-PIHPS
2026-07-14,1771,harga_pihps_modern,69950.0,Rp,CRW01,BD-PIHPS
2026-07-14,1771,harga_pihps_modern,82450.0,Rp,CRW02,BD-PIHPS
2026-07-14,1771,harga_pihps_modern,45050.0,Rp,DAY01,BD-PIHPS
2026-07-14,1771,harga_pihps_modern,162450.0,Rp,DSP01,BD-PIHPS
2026-07-14,1771,harga_pihps_modern,152450.0,Rp,DSP02,BD-PIHPS
2026-07-14,1771,harga_pihps_modern,17350.0,Rp,GLP01,BD-PIHPS
2026-07-14,1771,harga_pihps_modern,17350.0,Rp,GLP02,BD-PIHPS
2026-07-14,1771,harga_pihps_modern,22750.0,Rp,MGR02,BD-PIHPS
2026-07-14,1771,harga_pihps_modern,24800.0,Rp,MGR03,BD-PIHPS
2026-07-14,1771,harga_pihps_modern,28550.0,Rp,TLR01,BD-PIHPS
2026-07-14,1771,harga_pihps_produsen,13550.0,Rp,BRS03,BD-PIHPS
2026-07-14,1771,harga_pihps_produsen,13400.0,Rp,BRS04,BD-PIHPS
2026-07-14,1771,harga_pihps_produsen,16000.0,Rp,BRS05,BD-PIHPS
2026-07-14,1771,harga_pihps_produsen,13500.0,Rp,BRS06,BD-PIHPS
2026-07-14,1771,harga_pihps_produsen,33500.0,Rp,CMR01,BD-PIHPS
2026-07-14,1771,harga_pihps_produsen,36000.0,Rp,CMR02,BD-PIHPS
2026-07-14,1771,harga_pihps_produsen,36150.0,Rp,CRW02,BD-PIHPS
2026-07-14,1771,harga_pihps_produsen,21000.0,Rp,DAY01,BD-PIHPS
2026-07-14,1771,harga_pihps_produsen,150000.0,Rp,DSP01,BD-PIHPS
2026-07-14,1771,harga_pihps_produsen,150000.0,Rp,DSP02,BD-PIHPS
2026-07-14,1771,harga_pihps_produsen,23600.0,Rp,TLR01,BD-PIHPS
2026-07-15,1771,harga_pihps_grosir,14150.0,Rp,BRS01,BD-PIHPS
2026-07-15,1771,harga_pihps_grosir,15600.0,Rp,BRS02,BD-PIHPS
2026-07-15,1771,harga_pihps_grosir,15500.0,Rp,BRS03,BD-PIHPS
2026-07-15,1771,harga_pihps_grosir,15900.0,Rp,BRS04,BD-PIHPS
2026-07-15,1771,harga_pihps_grosir,15650.0,Rp,BRS05,BD-PIHPS
2026-07-15,1771,harga_pihps_grosir,15900.0,Rp,BRS06,BD-PIHPS
2026-07-15,1771,harga_pihps_grosir,45000.0,Rp,BWM01,BD-PIHPS
2026-07-15,1771,harga_pihps_grosir,35500.0,Rp,BWP01,BD-PIHPS
2026-07-15,1771,harga_pihps_grosir,34500.0,Rp,CMR01,BD-PIHPS
2026-07-15,1771,harga_pihps_grosir,37500.0,Rp,CMR02,BD-PIHPS
2026-07-15,1771,harga_pihps_grosir,39500.0,Rp,CRW01,BD-PIHPS
2026-07-15,1771,harga_pihps_grosir,49500.0,Rp,CRW02,BD-PIHPS
2026-07-15,1771,harga_pihps_grosir,38000.0,Rp,DAY01,BD-PIHPS
2026-07-15,1771,harga_pihps_grosir,137500.0,Rp,DSP01,BD-PIHPS
2026-07-15,1771,harga_pihps_grosir,105000.0,Rp,DSP02,BD-PIHPS
2026-07-15,1771,harga_pihps_grosir,17250.0,Rp,GLP01,BD-PIHPS
2026-07-15,1771,harga_pihps_grosir,17500.0,Rp,MGR01,BD-PIHPS
2026-07-15,1771,harga_pihps_grosir,22750.0,Rp,MGR02,BD-PIHPS
2026-07-15,1771,harga_pihps_grosir,22250.0,Rp,MGR03,BD-PIHPS
2026-07-15,1771,harga_pihps_grosir,25050.0,Rp,TLR01,BD-PIHPS
2026-07-15,1771,harga_pihps_produsen,13550.0,Rp,BRS03,BD-PIHPS
2026-07-15,1771,harga_pihps_produsen,13400.0,Rp,BRS04,BD-PIHPS
2026-07-15,1771,harga_pihps_produsen,16000.0,Rp,BRS05,BD-PIHPS
2026-07-15,1771,harga_pihps_produsen,13500.0,Rp,BRS06,BD-PIHPS
2026-07-15,1771,harga_pihps_produsen,33500.0,Rp,CMR01,BD-PIHPS
2026-07-15,1771,harga_pihps_produsen,36000.0,Rp,CMR02,BD-PIHPS
2026-07-15,1771,harga_pihps_produsen,36150.0,Rp,CRW02,BD-PIHPS
2026-07-15,1771,harga_pihps_produsen,21000.0,Rp,DAY01,BD-PIHPS
2026-07-15,1771,harga_pihps_produsen,150000.0,Rp,DSP01,BD-PIHPS
2026-07-15,1771,harga_pihps_produsen,150000.0,Rp,DSP02,BD-PIHPS
2026-07-15,1771,harga_pihps_produsen,23600.0,Rp,TLR01,BD-PIHPS
2026-07-16,1771,harga_pihps,15300.0,Rp,BRS01,BD-PIHPS
2026-07-16,1771,harga_pihps,12600.0,Rp,BRS02,BD-PIHPS
2026-07-16,1771,harga_pihps,16150.0,Rp,BRS03,BD-PIHPS
2026-07-16,1771,harga_pihps,16000.0,Rp,BRS04,BD-PIHPS
2026-07-16,1771,harga_pihps,17600.0,Rp,BRS05,BD-PIHPS
2026-07-16,1771,harga_pihps,16900.0,Rp,BRS06,BD-PIHPS
2026-07-16,1771,harga_pihps,45000.0,Rp,BWM01,BD-PIHPS
2026-07-16,1771,harga_pihps,46250.0,Rp,BWP01,BD-PIHPS
2026-07-16,1771,harga_pihps,43750.0,Rp,CMR01,BD-PIHPS
2026-07-16,1771,harga_pihps,51250.0,Rp,CMR02,BD-PIHPS
2026-07-16,1771,harga_pihps,57500.0,Rp,CRW01,BD-PIHPS
2026-07-16,1771,harga_pihps,57500.0,Rp,CRW02,BD-PIHPS
2026-07-16,1771,harga_pihps,39000.0,Rp,DAY01,BD-PIHPS
2026-07-16,1771,harga_pihps,157500.0,Rp,DSP01,BD-PIHPS
2026-07-16,1771,harga_pihps,147500.0,Rp,DSP02,BD-PIHPS
2026-07-16,1771,harga_pihps,18650.0,Rp,GLP01,BD-PIHPS
2026-07-16,1771,harga_pihps,19750.0,Rp,GLP02,BD-PIHPS
2026-07-16,1771,harga_pihps,20000.0,Rp,MGR01,BD-PIHPS
2026-07-16,1771,harga_pihps,24000.0,Rp,MGR02,BD-PIHPS
2026-07-16,1771,harga_pihps,23900.0,Rp,MGR03,BD-PIHPS
2026-07-16,1771,harga_pihps,28400.0,Rp,TLR01,BD-PIHPS
2026-07-16,1771,harga_pihps_grosir,14200.0,Rp,BRS01,BD-PIHPS
2026-07-16,1771,harga_pihps_grosir,15600.0,Rp,BRS02,BD-PIHPS
2026-07-16,1771,harga_pihps_grosir,15500.0,Rp,BRS03,BD-PIHPS
2026-07-16,1771,harga_pihps_grosir,15900.0,Rp,BRS04,BD-PIHPS
2026-07-16,1771,harga_pihps_grosir,15650.0,Rp,BRS05,BD-PIHPS
2026-07-16,1771,harga_pihps_grosir,15900.0,Rp,BRS06,BD-PIHPS
2026-07-16,1771,harga_pihps_grosir,33000.0,Rp,BWM01,BD-PIHPS
2026-07-16,1771,harga_pihps_grosir,29500.0,Rp,BWP01,BD-PIHPS
2026-07-16,1771,harga_pihps_grosir,38000.0,Rp,CMR01,BD-PIHPS
2026-07-16,1771,harga_pihps_grosir,43000.0,Rp,CMR02,BD-PIHPS
2026-07-16,1771,harga_pihps_grosir,47000.0,Rp,CRW01,BD-PIHPS
2026-07-16,1771,harga_pihps_grosir,52500.0,Rp,CRW02,BD-PIHPS
2026-07-16,1771,harga_pihps_grosir,38000.0,Rp,DAY01,BD-PIHPS
2026-07-16,1771,harga_pihps_grosir,137500.0,Rp,DSP01,BD-PIHPS
2026-07-16,1771,harga_pihps_grosir,105000.0,Rp,DSP02,BD-PIHPS
2026-07-16,1771,harga_pihps_grosir,17250.0,Rp,GLP01,BD-PIHPS
2026-07-16,1771,harga_pihps_grosir,17500.0,Rp,MGR01,BD-PIHPS
2026-07-16,1771,harga_pihps_grosir,23000.0,Rp,MGR02,BD-PIHPS
2026-07-16,1771,harga_pihps_grosir,22500.0,Rp,MGR03,BD-PIHPS
2026-07-16,1771,harga_pihps_grosir,25050.0,Rp,TLR01,BD-PIHPS
2026-07-16,1771,harga_pihps_modern,15450.0,Rp,BRS01,BD-PIHPS
2026-07-16,1771,harga_pihps_modern,15100.0,Rp,BRS02,BD-PIHPS
2026-07-16,1771,harga_pihps_modern,16350.0,Rp,BRS03,BD-PIHPS
2026-07-16,1771,harga_pihps_modern,16250.0,Rp,BRS04,BD-PIHPS
2026-07-16,1771,harga_pihps_modern,15250.0,Rp,BRS05,BD-PIHPS
2026-07-16,1771,harga_pihps_modern,17700.0,Rp,BRS06,BD-PIHPS
2026-07-16,1771,harga_pihps_modern,59950.0,Rp,BWM01,BD-PIHPS
2026-07-16,1771,harga_pihps_modern,47950.0,Rp,BWP01,BD-PIHPS
2026-07-16,1771,harga_pihps_modern,92950.0,Rp,CMR01,BD-PIHPS
2026-07-16,1771,harga_pihps_modern,59950.0,Rp,CMR02,BD-PIHPS
2026-07-16,1771,harga_pihps_modern,72450.0,Rp,CRW01,BD-PIHPS
2026-07-16,1771,harga_pihps_modern,84950.0,Rp,CRW02,BD-PIHPS
2026-07-16,1771,harga_pihps_modern,44050.0,Rp,DAY01,BD-PIHPS
2026-07-16,1771,harga_pihps_modern,163450.0,Rp,DSP01,BD-PIHPS
2026-07-16,1771,harga_pihps_modern,155950.0,Rp,DSP02,BD-PIHPS
2026-07-16,1771,harga_pihps_modern,17350.0,Rp,GLP01,BD-PIHPS
2026-07-16,1771,harga_pihps_modern,17850.0,Rp,GLP02,BD-PIHPS
2026-07-16,1771,harga_pihps_modern,22750.0,Rp,MGR02,BD-PIHPS
2026-07-16,1771,harga_pihps_modern,24800.0,Rp,MGR03,BD-PIHPS
2026-07-16,1771,harga_pihps_modern,28550.0,Rp,TLR01,BD-PIHPS
2026-07-16,1771,harga_pihps_produsen,13550.0,Rp,BRS03,BD-PIHPS
2026-07-16,1771,harga_pihps_produsen,13400.0,Rp,BRS04,BD-PIHPS
2026-07-16,1771,harga_pihps_produsen,16000.0,Rp,BRS05,BD-PIHPS
2026-07-16,1771,harga_pihps_produsen,13500.0,Rp,BRS06,BD-PIHPS
2026-07-16,1771,harga_pihps_produsen,33500.0,Rp,CMR01,BD-PIHPS
2026-07-16,1771,harga_pihps_produsen,36000.0,Rp,CMR02,BD-PIHPS
2026-07-16,1771,harga_pihps_produsen,36150.0,Rp,CRW02,BD-PIHPS
2026-07-16,1771,harga_pihps_produsen,21000.0,Rp,DAY01,BD-PIHPS
2026-07-16,1771,harga_pihps_produsen,150000.0,Rp,DSP01,BD-PIHPS
2026-07-16,1771,harga_pihps_produsen,150000.0,Rp,DSP02,BD-PIHPS
2026-07-16,1771,harga_pihps_produsen,23600.0,Rp,TLR01,BD-PIHPS
2026-07-17,1771,harga_pihps,15300.0,Rp,BRS01,BD-PIHPS
2026-07-17,1771,harga_pihps,12600.0,Rp,BRS02,BD-PIHPS
2026-07-17,1771,harga_pihps,16150.0,Rp,BRS03,BD-PIHPS
2026-07-17,1771,harga_pihps,16000.0,Rp,BRS04,BD-PIHPS
2026-07-17,1771,harga_pihps,17600.0,Rp,BRS05,BD-PIHPS
2026-07-17,1771,harga_pihps,16900.0,Rp,BRS06,BD-PIHPS
2026-07-17,1771,harga_pihps,45000.0,Rp,BWM01,BD-PIHPS
2026-07-17,1771,harga_pihps,45000.0,Rp,BWP01,BD-PIHPS
2026-07-17,1771,harga_pihps,42500.0,Rp,CMR01,BD-PIHPS
2026-07-17,1771,harga_pihps,50000.0,Rp,CMR02,BD-PIHPS
2026-07-17,1771,harga_pihps,57500.0,Rp,CRW01,BD-PIHPS
2026-07-17,1771,harga_pihps,60000.0,Rp,CRW02,BD-PIHPS
2026-07-17,1771,harga_pihps,39000.0,Rp,DAY01,BD-PIHPS
2026-07-17,1771,harga_pihps,157500.0,Rp,DSP01,BD-PIHPS
2026-07-17,1771,harga_pihps,142500.0,Rp,DSP02,BD-PIHPS
2026-07-17,1771,harga_pihps,18650.0,Rp,GLP01,BD-PIHPS
2026-07-17,1771,harga_pihps,19750.0,Rp,GLP02,BD-PIHPS
2026-07-17,1771,harga_pihps,20000.0,Rp,MGR01,BD-PIHPS
2026-07-17,1771,harga_pihps,24000.0,Rp,MGR02,BD-PIHPS
2026-07-17,1771,harga_pihps,23900.0,Rp,MGR03,BD-PIHPS
2026-07-17,1771,harga_pihps,28400.0,Rp,TLR01,BD-PIHPS
2026-07-17,1771,harga_pihps_grosir,14200.0,Rp,BRS01,BD-PIHPS
2026-07-17,1771,harga_pihps_grosir,15600.0,Rp,BRS02,BD-PIHPS
2026-07-17,1771,harga_pihps_grosir,15500.0,Rp,BRS03,BD-PIHPS
2026-07-17,1771,harga_pihps_grosir,15900.0,Rp,BRS04,BD-PIHPS
2026-07-17,1771,harga_pihps_grosir,15650.0,Rp,BRS05,BD-PIHPS
2026-07-17,1771,harga_pihps_grosir,15900.0,Rp,BRS06,BD-PIHPS
2026-07-17,1771,harga_pihps_grosir,33000.0,Rp,BWM01,BD-PIHPS
2026-07-17,1771,harga_pihps_grosir,29500.0,Rp,BWP01,BD-PIHPS
2026-07-17,1771,harga_pihps_grosir,38000.0,Rp,CMR01,BD-PIHPS
2026-07-17,1771,harga_pihps_grosir,43000.0,Rp,CMR02,BD-PIHPS
2026-07-17,1771,harga_pihps_grosir,47000.0,Rp,CRW01,BD-PIHPS
2026-07-17,1771,harga_pihps_grosir,52500.0,Rp,CRW02,BD-PIHPS
2026-07-17,1771,harga_pihps_grosir,38000.0,Rp,DAY01,BD-PIHPS
2026-07-17,1771,harga_pihps_grosir,137500.0,Rp,DSP01,BD-PIHPS
2026-07-17,1771,harga_pihps_grosir,105000.0,Rp,DSP02,BD-PIHPS
2026-07-17,1771,harga_pihps_grosir,17250.0,Rp,GLP01,BD-PIHPS
2026-07-17,1771,harga_pihps_grosir,17500.0,Rp,MGR01,BD-PIHPS
2026-07-17,1771,harga_pihps_grosir,23000.0,Rp,MGR02,BD-PIHPS
2026-07-17,1771,harga_pihps_grosir,22500.0,Rp,MGR03,BD-PIHPS
2026-07-17,1771,harga_pihps_grosir,25050.0,Rp,TLR01,BD-PIHPS
2026-07-17,1771,harga_pihps_modern,15450.0,Rp,BRS01,BD-PIHPS
2026-07-17,1771,harga_pihps_modern,15100.0,Rp,BRS02,BD-PIHPS
2026-07-17,1771,harga_pihps_modern,16350.0,Rp,BRS03,BD-PIHPS
2026-07-17,1771,harga_pihps_modern,16250.0,Rp,BRS04,BD-PIHPS
2026-07-17,1771,harga_pihps_modern,15250.0,Rp,BRS05,BD-PIHPS
2026-07-17,1771,harga_pihps_modern,17700.0,Rp,BRS06,BD-PIHPS
2026-07-17,1771,harga_pihps_modern,59950.0,Rp,BWM01,BD-PIHPS
2026-07-17,1771,harga_pihps_modern,47950.0,Rp,BWP01,BD-PIHPS
2026-07-17,1771,harga_pihps_modern,92950.0,Rp,CMR01,BD-PIHPS
2026-07-17,1771,harga_pihps_modern,59950.0,Rp,CMR02,BD-PIHPS
2026-07-17,1771,harga_pihps_modern,72450.0,Rp,CRW01,BD-PIHPS
2026-07-17,1771,harga_pihps_modern,84950.0,Rp,CRW02,BD-PIHPS
2026-07-17,1771,harga_pihps_modern,44050.0,Rp,DAY01,BD-PIHPS
2026-07-17,1771,harga_pihps_modern,163450.0,Rp,DSP01,BD-PIHPS
2026-07-17,1771,harga_pihps_modern,155950.0,Rp,DSP02,BD-PIHPS
2026-07-17,1771,harga_pihps_modern,17350.0,Rp,GLP01,BD-PIHPS
2026-07-17,1771,harga_pihps_modern,17850.0,Rp,GLP02,BD-PIHPS
2026-07-17,1771,harga_pihps_modern,22750.0,Rp,MGR02,BD-PIHPS
2026-07-17,1771,harga_pihps_modern,24800.0,Rp,MGR03,BD-PIHPS
2026-07-17,1771,harga_pihps_modern,28550.0,Rp,TLR01,BD-PIHPS
2026-07-17,1771,harga_pihps_produsen,13550.0,Rp,BRS03,BD-PIHPS
2026-07-17,1771,harga_pihps_produsen,13400.0,Rp,BRS04,BD-PIHPS
2026-07-17,1771,harga_pihps_produsen,16000.0,Rp,BRS05,BD-PIHPS
2026-07-17,1771,harga_pihps_produsen,13500.0,Rp,BRS06,BD-PIHPS
2026-07-17,1771,harga_pihps_produsen,33500.0,Rp,CMR01,BD-PIHPS
2026-07-17,1771,harga_pihps_produsen,36000.0,Rp,CMR02,BD-PIHPS
2026-07-17,1771,harga_pihps_produsen,36150.0,Rp,CRW02,BD-PIHPS
2026-07-17,1771,harga_pihps_produsen,21000.0,Rp,DAY01,BD-PIHPS
2026-07-17,1771,harga_pihps_produsen,150000.0,Rp,DSP01,BD-PIHPS
2026-07-17,1771,harga_pihps_produsen,150000.0,Rp,DSP02,BD-PIHPS
2026-07-17,1771,harga_pihps_produsen,23600.0,Rp,TLR01,BD-PIHPS
2026-07-20,1771,harga_pihps,15450.0,Rp,BRS01,BD-PIHPS
2026-07-20,1771,harga_pihps,12600.0,Rp,BRS02,BD-PIHPS
2026-07-20,1771,harga_pihps,16150.0,Rp,BRS03,BD-PIHPS
2026-07-20,1771,harga_pihps,16050.0,Rp,BRS04,BD-PIHPS
2026-07-20,1771,harga_pihps,17600.0,Rp,BRS05,BD-PIHPS
2026-07-20,1771,harga_pihps,16900.0,Rp,BRS06,BD-PIHPS
2026-07-20,1771,harga_pihps,41250.0,Rp,BWM01,BD-PIHPS
2026-07-20,1771,harga_pihps,45000.0,Rp,BWP01,BD-PIHPS
2026-07-20,1771,harga_pihps,42500.0,Rp,CMR01,BD-PIHPS
2026-07-20,1771,harga_pihps,50000.0,Rp,CMR02,BD-PIHPS
2026-07-20,1771,harga_pihps,61250.0,Rp,CRW01,BD-PIHPS
2026-07-20,1771,harga_pihps,53750.0,Rp,CRW02,BD-PIHPS
2026-07-20,1771,harga_pihps,39500.0,Rp,DAY01,BD-PIHPS
2026-07-20,1771,harga_pihps,157500.0,Rp,DSP01,BD-PIHPS
2026-07-20,1771,harga_pihps,145000.0,Rp,DSP02,BD-PIHPS
2026-07-20,1771,harga_pihps,18650.0,Rp,GLP01,BD-PIHPS
2026-07-20,1771,harga_pihps,19750.0,Rp,GLP02,BD-PIHPS
2026-07-20,1771,harga_pihps,20000.0,Rp,MGR01,BD-PIHPS
2026-07-20,1771,harga_pihps,24000.0,Rp,MGR02,BD-PIHPS
2026-07-20,1771,harga_pihps,23900.0,Rp,MGR03,BD-PIHPS
2026-07-20,1771,harga_pihps,28800.0,Rp,TLR01,BD-PIHPS
2026-07-20,1771,harga_pihps_grosir,14200.0,Rp,BRS01,BD-PIHPS
2026-07-20,1771,harga_pihps_grosir,15600.0,Rp,BRS02,BD-PIHPS
2026-07-20,1771,harga_pihps_grosir,15500.0,Rp,BRS03,BD-PIHPS
2026-07-20,1771,harga_pihps_grosir,15900.0,Rp,BRS04,BD-PIHPS
2026-07-20,1771,harga_pihps_grosir,15650.0,Rp,BRS05,BD-PIHPS
2026-07-20,1771,harga_pihps_grosir,15900.0,Rp,BRS06,BD-PIHPS
2026-07-20,1771,harga_pihps_grosir,33000.0,Rp,BWM01,BD-PIHPS
2026-07-20,1771,harga_pihps_grosir,29500.0,Rp,BWP01,BD-PIHPS
2026-07-20,1771,harga_pihps_grosir,38000.0,Rp,CMR01,BD-PIHPS
2026-07-20,1771,harga_pihps_grosir,43000.0,Rp,CMR02,BD-PIHPS
2026-07-20,1771,harga_pihps_grosir,47000.0,Rp,CRW01,BD-PIHPS
2026-07-20,1771,harga_pihps_grosir,52500.0,Rp,CRW02,BD-PIHPS
2026-07-20,1771,harga_pihps_grosir,38000.0,Rp,DAY01,BD-PIHPS
2026-07-20,1771,harga_pihps_grosir,137500.0,Rp,DSP01,BD-PIHPS
2026-07-20,1771,harga_pihps_grosir,105000.0,Rp,DSP02,BD-PIHPS
2026-07-20,1771,harga_pihps_grosir,17250.0,Rp,GLP01,BD-PIHPS
2026-07-20,1771,harga_pihps_grosir,17500.0,Rp,MGR01,BD-PIHPS
2026-07-20,1771,harga_pihps_grosir,23000.0,Rp,MGR02,BD-PIHPS
2026-07-20,1771,harga_pihps_grosir,22500.0,Rp,MGR03,BD-PIHPS
2026-07-20,1771,harga_pihps_grosir,25050.0,Rp,TLR01,BD-PIHPS
2026-07-20,1771,harga_pihps_modern,15450.0,Rp,BRS01,BD-PIHPS
2026-07-20,1771,harga_pihps_modern,15100.0,Rp,BRS02,BD-PIHPS
2026-07-20,1771,harga_pihps_modern,16350.0,Rp,BRS03,BD-PIHPS
2026-07-20,1771,harga_pihps_modern,16250.0,Rp,BRS04,BD-PIHPS
2026-07-20,1771,harga_pihps_modern,15250.0,Rp,BRS05,BD-PIHPS
2026-07-20,1771,harga_pihps_modern,17700.0,Rp,BRS06,BD-PIHPS
2026-07-20,1771,harga_pihps_modern,59950.0,Rp,BWM01,BD-PIHPS
2026-07-20,1771,harga_pihps_modern,47950.0,Rp,BWP01,BD-PIHPS
2026-07-20,1771,harga_pihps_modern,92950.0,Rp,CMR01,BD-PIHPS
2026-07-20,1771,harga_pihps_modern,59950.0,Rp,CMR02,BD-PIHPS
2026-07-20,1771,harga_pihps_modern,72450.0,Rp,CRW01,BD-PIHPS
2026-07-20,1771,harga_pihps_modern,84950.0,Rp,CRW02,BD-PIHPS
2026-07-20,1771,harga_pihps_modern,44050.0,Rp,DAY01,BD-PIHPS
2026-07-20,1771,harga_pihps_modern,163450.0,Rp,DSP01,BD-PIHPS
2026-07-20,1771,harga_pihps_modern,155950.0,Rp,DSP02,BD-PIHPS
2026-07-20,1771,harga_pihps_modern,17350.0,Rp,GLP01,BD-PIHPS
2026-07-20,1771,harga_pihps_modern,17850.0,Rp,GLP02,BD-PIHPS
2026-07-20,1771,harga_pihps_modern,22750.0,Rp,MGR02,BD-PIHPS
2026-07-20,1771,harga_pihps_modern,24800.0,Rp,MGR03,BD-PIHPS
2026-07-20,1771,harga_pihps_modern,28550.0,Rp,TLR01,BD-PIHPS
2026-07-20,1771,harga_pihps_produsen,13550.0,Rp,BRS03,BD-PIHPS
2026-07-20,1771,harga_pihps_produsen,13400.0,Rp,BRS04,BD-PIHPS
2026-07-20,1771,harga_pihps_produsen,16000.0,Rp,BRS05,BD-PIHPS
2026-07-20,1771,harga_pihps_produsen,13500.0,Rp,BRS06,BD-PIHPS
2026-07-20,1771,harga_pihps_produsen,33500.0,Rp,CMR01,BD-PIHPS
2026-07-20,1771,harga_pihps_produsen,36000.0,Rp,CMR02,BD-PIHPS
2026-07-20,1771,harga_pihps_produsen,36150.0,Rp,CRW02,BD-PIHPS
2026-07-20,1771,harga_pihps_produsen,21000.0,Rp,DAY01,BD-PIHPS
2026-07-20,1771,harga_pihps_produsen,150000.0,Rp,DSP01,BD-PIHPS
2026-07-20,1771,harga_pihps_produsen,150000.0,Rp,DSP02,BD-PIHPS
2026-07-20,1771,harga_pihps_produsen,23600.0,Rp,TLR01,BD-PIHPS
2026-07-21,1771,harga_pihps_grosir,14200.0,Rp,BRS01,BD-PIHPS
2026-07-21,1771,harga_pihps_grosir,15600.0,Rp,BRS02,BD-PIHPS
2026-07-21,1771,harga_pihps_grosir,15500.0,Rp,BRS03,BD-PIHPS
2026-07-21,1771,harga_pihps_grosir,15900.0,Rp,BRS04,BD-PIHPS
2026-07-21,1771,harga_pihps_grosir,15650.0,Rp,BRS05,BD-PIHPS
2026-07-21,1771,harga_pihps_grosir,15900.0,Rp,BRS06,BD-PIHPS
2026-07-21,1771,harga_pihps_grosir,33000.0,Rp,BWM01,BD-PIHPS
2026-07-21,1771,harga_pihps_grosir,29500.0,Rp,BWP01,BD-PIHPS
2026-07-21,1771,harga_pihps_grosir,38000.0,Rp,CMR01,BD-PIHPS
2026-07-21,1771,harga_pihps_grosir,43000.0,Rp,CMR02,BD-PIHPS
2026-07-21,1771,harga_pihps_grosir,47000.0,Rp,CRW01,BD-PIHPS
2026-07-21,1771,harga_pihps_grosir,52500.0,Rp,CRW02,BD-PIHPS
2026-07-21,1771,harga_pihps_grosir,38000.0,Rp,DAY01,BD-PIHPS
2026-07-21,1771,harga_pihps_grosir,137500.0,Rp,DSP01,BD-PIHPS
2026-07-21,1771,harga_pihps_grosir,105000.0,Rp,DSP02,BD-PIHPS
2026-07-21,1771,harga_pihps_grosir,17250.0,Rp,GLP01,BD-PIHPS
2026-07-21,1771,harga_pihps_grosir,17500.0,Rp,MGR01,BD-PIHPS
2026-07-21,1771,harga_pihps_grosir,23000.0,Rp,MGR02,BD-PIHPS
2026-07-21,1771,harga_pihps_grosir,22500.0,Rp,MGR03,BD-PIHPS
2026-07-21,1771,harga_pihps_grosir,25050.0,Rp,TLR01,BD-PIHPS
2026-07-21,1771,harga_pihps_modern,15450.0,Rp,BRS01,BD-PIHPS
2026-07-21,1771,harga_pihps_modern,15100.0,Rp,BRS02,BD-PIHPS
2026-07-21,1771,harga_pihps_modern,16350.0,Rp,BRS03,BD-PIHPS
2026-07-21,1771,harga_pihps_modern,16250.0,Rp,BRS04,BD-PIHPS
2026-07-21,1771,harga_pihps_modern,15250.0,Rp,BRS05,BD-PIHPS
2026-07-21,1771,harga_pihps_modern,17700.0,Rp,BRS06,BD-PIHPS
2026-07-21,1771,harga_pihps_modern,59950.0,Rp,BWM01,BD-PIHPS
2026-07-21,1771,harga_pihps_modern,47950.0,Rp,BWP01,BD-PIHPS
2026-07-21,1771,harga_pihps_modern,92950.0,Rp,CMR01,BD-PIHPS
2026-07-21,1771,harga_pihps_modern,59950.0,Rp,CMR02,BD-PIHPS
2026-07-21,1771,harga_pihps_modern,72450.0,Rp,CRW01,BD-PIHPS
2026-07-21,1771,harga_pihps_modern,84950.0,Rp,CRW02,BD-PIHPS
2026-07-21,1771,harga_pihps_modern,44050.0,Rp,DAY01,BD-PIHPS
2026-07-21,1771,harga_pihps_modern,163450.0,Rp,DSP01,BD-PIHPS
2026-07-21,1771,harga_pihps_modern,155950.0,Rp,DSP02,BD-PIHPS
2026-07-21,1771,harga_pihps_modern,17350.0,Rp,GLP01,BD-PIHPS
2026-07-21,1771,harga_pihps_modern,17850.0,Rp,GLP02,BD-PIHPS
2026-07-21,1771,harga_pihps_modern,22750.0,Rp,MGR02,BD-PIHPS
2026-07-21,1771,harga_pihps_modern,24800.0,Rp,MGR03,BD-PIHPS
2026-07-21,1771,harga_pihps_modern,28550.0,Rp,TLR01,BD-PIHPS
2026-07-21,1771,harga_pihps_produsen,13550.0,Rp,BRS03,BD-PIHPS
2026-07-21,1771,harga_pihps_produsen,13400.0,Rp,BRS04,BD-PIHPS
2026-07-21,1771,harga_pihps_produsen,16000.0,Rp,BRS05,BD-PIHPS
2026-07-21,1771,harga_pihps_produsen,13500.0,Rp,BRS06,BD-PIHPS
2026-07-21,1771,harga_pihps_produsen,33500.0,Rp,CMR01,BD-PIHPS
2026-07-21,1771,harga_pihps_produsen,36000.0,Rp,CMR02,BD-PIHPS
2026-07-21,1771,harga_pihps_produsen,36150.0,Rp,CRW02,BD-PIHPS
2026-07-21,1771,harga_pihps_produsen,21000.0,Rp,DAY01,BD-PIHPS
2026-07-21,1771,harga_pihps_produsen,150000.0,Rp,DSP01,BD-PIHPS
2026-07-21,1771,harga_pihps_produsen,150000.0,Rp,DSP02,BD-PIHPS
2026-07-21,1771,harga_pihps_produsen,23600.0,Rp,TLR01,BD-PIHPS
2026-07-22,1771,harga_pihps,15450.0,Rp,BRS01,BD-PIHPS
2026-07-22,1771,harga_pihps,12600.0,Rp,BRS02,BD-PIHPS
2026-07-22,1771,harga_pihps,16150.0,Rp,BRS03,BD-PIHPS
2026-07-22,1771,harga_pihps,16050.0,Rp,BRS04,BD-PIHPS
2026-07-22,1771,harga_pihps,17600.0,Rp,BRS05,BD-PIHPS
2026-07-22,1771,harga_pihps,16900.0,Rp,BRS06,BD-PIHPS
2026-07-22,1771,harga_pihps,41250.0,Rp,BWM01,BD-PIHPS
2026-07-22,1771,harga_pihps,45000.0,Rp,BWP01,BD-PIHPS
2026-07-22,1771,harga_pihps,41250.0,Rp,CMR01,BD-PIHPS
2026-07-22,1771,harga_pihps,47500.0,Rp,CMR02,BD-PIHPS
2026-07-22,1771,harga_pihps,57500.0,Rp,CRW01,BD-PIHPS
2026-07-22,1771,harga_pihps,56250.0,Rp,CRW02,BD-PIHPS
2026-07-22,1771,harga_pihps,39500.0,Rp,DAY01,BD-PIHPS
2026-07-22,1771,harga_pihps,160000.0,Rp,DSP01,BD-PIHPS
2026-07-22,1771,harga_pihps,150000.0,Rp,DSP02,BD-PIHPS
2026-07-22,1771,harga_pihps,18650.0,Rp,GLP01,BD-PIHPS
2026-07-22,1771,harga_pihps,19750.0,Rp,GLP02,BD-PIHPS
2026-07-22,1771,harga_pihps,20000.0,Rp,MGR01,BD-PIHPS
2026-07-22,1771,harga_pihps,24000.0,Rp,MGR02,BD-PIHPS
2026-07-22,1771,harga_pihps,23900.0,Rp,MGR03,BD-PIHPS
2026-07-22,1771,harga_pihps,29000.0,Rp,TLR01,BD-PIHPS
2026-07-22,1771,harga_pihps_grosir,14200.0,Rp,BRS01,BD-PIHPS
2026-07-22,1771,harga_pihps_grosir,15600.0,Rp,BRS02,BD-PIHPS
2026-07-22,1771,harga_pihps_grosir,15500.0,Rp,BRS03,BD-PIHPS
2026-07-22,1771,harga_pihps_grosir,15900.0,Rp,BRS04,BD-PIHPS
2026-07-22,1771,harga_pihps_grosir,15650.0,Rp,BRS05,BD-PIHPS
2026-07-22,1771,harga_pihps_grosir,15900.0,Rp,BRS06,BD-PIHPS
2026-07-22,1771,harga_pihps_grosir,33000.0,Rp,BWM01,BD-PIHPS
2026-07-22,1771,harga_pihps_grosir,29500.0,Rp,BWP01,BD-PIHPS
2026-07-22,1771,harga_pihps_grosir,38000.0,Rp,CMR01,BD-PIHPS
2026-07-22,1771,harga_pihps_grosir,43000.0,Rp,CMR02,BD-PIHPS
2026-07-22,1771,harga_pihps_grosir,47000.0,Rp,CRW01,BD-PIHPS
2026-07-22,1771,harga_pihps_grosir,52500.0,Rp,CRW02,BD-PIHPS
2026-07-22,1771,harga_pihps_grosir,38000.0,Rp,DAY01,BD-PIHPS
2026-07-22,1771,harga_pihps_grosir,137500.0,Rp,DSP01,BD-PIHPS
2026-07-22,1771,harga_pihps_grosir,105000.0,Rp,DSP02,BD-PIHPS
2026-07-22,1771,harga_pihps_grosir,17250.0,Rp,GLP01,BD-PIHPS
2026-07-22,1771,harga_pihps_grosir,17500.0,Rp,MGR01,BD-PIHPS
2026-07-22,1771,harga_pihps_grosir,23000.0,Rp,MGR02,BD-PIHPS
2026-07-22,1771,harga_pihps_grosir,22500.0,Rp,MGR03,BD-PIHPS
2026-07-22,1771,harga_pihps_grosir,25050.0,Rp,TLR01,BD-PIHPS
2026-07-22,1771,harga_pihps_modern,15450.0,Rp,BRS01,BD-PIHPS
2026-07-22,1771,harga_pihps_modern,15100.0,Rp,BRS02,BD-PIHPS
2026-07-22,1771,harga_pihps_modern,16350.0,Rp,BRS03,BD-PIHPS
2026-07-22,1771,harga_pihps_modern,16250.0,Rp,BRS04,BD-PIHPS
2026-07-22,1771,harga_pihps_modern,15250.0,Rp,BRS05,BD-PIHPS
2026-07-22,1771,harga_pihps_modern,17700.0,Rp,BRS06,BD-PIHPS
2026-07-22,1771,harga_pihps_modern,59950.0,Rp,BWM01,BD-PIHPS
2026-07-22,1771,harga_pihps_modern,47950.0,Rp,BWP01,BD-PIHPS
2026-07-22,1771,harga_pihps_modern,92950.0,Rp,CMR01,BD-PIHPS
2026-07-22,1771,harga_pihps_modern,59950.0,Rp,CMR02,BD-PIHPS
2026-07-22,1771,harga_pihps_modern,72450.0,Rp,CRW01,BD-PIHPS
2026-07-22,1771,harga_pihps_modern,84950.0,Rp,CRW02,BD-PIHPS
2026-07-22,1771,harga_pihps_modern,44050.0,Rp,DAY01,BD-PIHPS
2026-07-22,1771,harga_pihps_modern,163450.0,Rp,DSP01,BD-PIHPS
2026-07-22,1771,harga_pihps_modern,155950.0,Rp,DSP02,BD-PIHPS
2026-07-22,1771,harga_pihps_modern,17350.0,Rp,GLP01,BD-PIHPS
2026-07-22,1771,harga_pihps_modern,17850.0,Rp,GLP02,BD-PIHPS
2026-07-22,1771,harga_pihps_modern,22750.0,Rp,MGR02,BD-PIHPS
2026-07-22,1771,harga_pihps_modern,24800.0,Rp,MGR03,BD-PIHPS
2026-07-22,1771,harga_pihps_modern,28550.0,Rp,TLR01,BD-PIHPS
2026-07-22,1771,harga_pihps_produsen,13550.0,Rp,BRS03,BD-PIHPS
2026-07-22,1771,harga_pihps_produsen,13400.0,Rp,BRS04,BD-PIHPS
2026-07-22,1771,harga_pihps_produsen,16000.0,Rp,BRS05,BD-PIHPS
2026-07-22,1771,harga_pihps_produsen,13500.0,Rp,BRS06,BD-PIHPS
2026-07-22,1771,harga_pihps_produsen,33500.0,Rp,CMR01,BD-PIHPS
2026-07-22,1771,harga_pihps_produsen,36000.0,Rp,CMR02,BD-PIHPS
2026-07-22,1771,harga_pihps_produsen,36150.0,Rp,CRW02,BD-PIHPS
2026-07-22,1771,harga_pihps_produsen,21000.0,Rp,DAY01,BD-PIHPS
2026-07-22,1771,harga_pihps_produsen,150000.0,Rp,DSP01,BD-PIHPS
2026-07-22,1771,harga_pihps_produsen,150000.0,Rp,DSP02,BD-PIHPS
2026-07-22,1771,harga_pihps_produsen,23600.0,Rp,TLR01,BD-PIHPS
2026-07-23,1771,harga_pihps,15450.0,Rp,BRS01,BD-PIHPS
2026-07-23,1771,harga_pihps,12600.0,Rp,BRS02,BD-PIHPS
2026-07-23,1771,harga_pihps,16150.0,Rp,BRS03,BD-PIHPS
2026-07-23,1771,harga_pihps,16050.0,Rp,BRS04,BD-PIHPS
2026-07-23,1771,harga_pihps,17600.0,Rp,BRS05,BD-PIHPS
2026-07-23,1771,harga_pihps,16900.0,Rp,BRS06,BD-PIHPS
2026-07-23,1771,harga_pihps,41250.0,Rp,BWM01,BD-PIHPS
2026-07-23,1771,harga_pihps,45000.0,Rp,BWP01,BD-PIHPS
2026-07-23,1771,harga_pihps,42000.0,Rp,CMR01,BD-PIHPS
2026-07-23,1771,harga_pihps,48750.0,Rp,CMR02,BD-PIHPS
2026-07-23,1771,harga_pihps,57500.0,Rp,CRW01,BD-PIHPS
2026-07-23,1771,harga_pihps,55000.0,Rp,CRW02,BD-PIHPS
2026-07-23,1771,harga_pihps,40500.0,Rp,DAY01,BD-PIHPS
2026-07-23,1771,harga_pihps,160000.0,Rp,DSP01,BD-PIHPS
2026-07-23,1771,harga_pihps,150000.0,Rp,DSP02,BD-PIHPS
2026-07-23,1771,harga_pihps,18650.0,Rp,GLP01,BD-PIHPS
2026-07-23,1771,harga_pihps,19750.0,Rp,GLP02,BD-PIHPS
2026-07-23,1771,harga_pihps,20000.0,Rp,MGR01,BD-PIHPS
2026-07-23,1771,harga_pihps,24000.0,Rp,MGR02,BD-PIHPS
2026-07-23,1771,harga_pihps,23900.0,Rp,MGR03,BD-PIHPS
2026-07-23,1771,harga_pihps,29000.0,Rp,TLR01,BD-PIHPS
2026-07-23,1771,harga_pihps_grosir,14200.0,Rp,BRS01,BD-PIHPS
2026-07-23,1771,harga_pihps_grosir,15600.0,Rp,BRS02,BD-PIHPS
2026-07-23,1771,harga_pihps_grosir,15500.0,Rp,BRS03,BD-PIHPS
2026-07-23,1771,harga_pihps_grosir,15950.0,Rp,BRS04,BD-PIHPS
2026-07-23,1771,harga_pihps_grosir,15650.0,Rp,BRS05,BD-PIHPS
2026-07-23,1771,harga_pihps_grosir,15950.0,Rp,BRS06,BD-PIHPS
2026-07-23,1771,harga_pihps_grosir,33000.0,Rp,BWM01,BD-PIHPS
2026-07-23,1771,harga_pihps_grosir,29500.0,Rp,BWP01,BD-PIHPS
2026-07-23,1771,harga_pihps_grosir,35000.0,Rp,CMR01,BD-PIHPS
2026-07-23,1771,harga_pihps_grosir,38500.0,Rp,CMR02,BD-PIHPS
2026-07-23,1771,harga_pihps_grosir,47000.0,Rp,CRW01,BD-PIHPS
2026-07-23,1771,harga_pihps_grosir,50000.0,Rp,CRW02,BD-PIHPS
2026-07-23,1771,harga_pihps_grosir,35700.0,Rp,DAY01,BD-PIHPS
2026-07-23,1771,harga_pihps_grosir,137500.0,Rp,DSP01,BD-PIHPS
2026-07-23,1771,harga_pihps_grosir,97500.0,Rp,DSP02,BD-PIHPS
2026-07-23,1771,harga_pihps_grosir,17250.0,Rp,GLP01,BD-PIHPS
2026-07-23,1771,harga_pihps_grosir,17500.0,Rp,MGR01,BD-PIHPS
2026-07-23,1771,harga_pihps_grosir,23000.0,Rp,MGR02,BD-PIHPS
2026-07-23,1771,harga_pihps_grosir,22500.0,Rp,MGR03,BD-PIHPS
2026-07-23,1771,harga_pihps_grosir,25850.0,Rp,TLR01,BD-PIHPS
2026-07-23,1771,harga_pihps_modern,15450.0,Rp,BRS01,BD-PIHPS
2026-07-23,1771,harga_pihps_modern,15100.0,Rp,BRS02,BD-PIHPS
2026-07-23,1771,harga_pihps_modern,16350.0,Rp,BRS03,BD-PIHPS
2026-07-23,1771,harga_pihps_modern,16250.0,Rp,BRS04,BD-PIHPS
2026-07-23,1771,harga_pihps_modern,15250.0,Rp,BRS05,BD-PIHPS
2026-07-23,1771,harga_pihps_modern,17700.0,Rp,BRS06,BD-PIHPS
2026-07-23,1771,harga_pihps_modern,59950.0,Rp,BWM01,BD-PIHPS
2026-07-23,1771,harga_pihps_modern,47950.0,Rp,BWP01,BD-PIHPS
2026-07-23,1771,harga_pihps_modern,92950.0,Rp,CMR01,BD-PIHPS
2026-07-23,1771,harga_pihps_modern,59950.0,Rp,CMR02,BD-PIHPS
2026-07-23,1771,harga_pihps_modern,72450.0,Rp,CRW01,BD-PIHPS
2026-07-23,1771,harga_pihps_modern,84950.0,Rp,CRW02,BD-PIHPS
2026-07-23,1771,harga_pihps_modern,44050.0,Rp,DAY01,BD-PIHPS
2026-07-23,1771,harga_pihps_modern,163450.0,Rp,DSP01,BD-PIHPS
2026-07-23,1771,harga_pihps_modern,155950.0,Rp,DSP02,BD-PIHPS
2026-07-23,1771,harga_pihps_modern,17350.0,Rp,GLP01,BD-PIHPS
2026-07-23,1771,harga_pihps_modern,17850.0,Rp,GLP02,BD-PIHPS
2026-07-23,1771,harga_pihps_modern,22750.0,Rp,MGR02,BD-PIHPS
2026-07-23,1771,harga_pihps_modern,24800.0,Rp,MGR03,BD-PIHPS
2026-07-23,1771,harga_pihps_modern,28550.0,Rp,TLR01,BD-PIHPS
2026-07-23,1771,harga_pihps_produsen,13550.0,Rp,BRS03,BD-PIHPS
2026-07-23,1771,harga_pihps_produsen,13400.0,Rp,BRS04,BD-PIHPS
2026-07-23,1771,harga_pihps_produsen,16000.0,Rp,BRS05,BD-PIHPS
2026-07-23,1771,harga_pihps_produsen,13500.0,Rp,BRS06,BD-PIHPS
2026-07-23,1771,harga_pihps_produsen,33500.0,Rp,CMR01,BD-PIHPS
2026-07-23,1771,harga_pihps_produsen,36000.0,Rp,CMR02,BD-PIHPS
2026-07-23,1771,harga_pihps_produsen,36150.0,Rp,CRW02,BD-PIHPS
2026-07-23,1771,harga_pihps_produsen,21000.0,Rp,DAY01,BD-PIHPS
2026-07-23,1771,harga_pihps_produsen,150000.0,Rp,DSP01,BD-PIHPS
2026-07-23,1771,harga_pihps_produsen,150000.0,Rp,DSP02,BD-PIHPS
2026-07-23,1771,harga_pihps_produsen,23600.0,Rp,TLR01,BD-PIHPS
2026-07-24,1771,harga_pihps,15450.0,Rp,BRS01,BD-PIHPS
2026-07-24,1771,harga_pihps,12600.0,Rp,BRS02,BD-PIHPS
2026-07-24,1771,harga_pihps,16150.0,Rp,BRS03,BD-PIHPS
2026-07-24,1771,harga_pihps,16050.0,Rp,BRS04,BD-PIHPS
2026-07-24,1771,harga_pihps,17600.0,Rp,BRS05,BD-PIHPS
2026-07-24,1771,harga_pihps,16900.0,Rp,BRS06,BD-PIHPS
2026-07-24,1771,harga_pihps,41250.0,Rp,BWM01,BD-PIHPS
2026-07-24,1771,harga_pihps,45000.0,Rp,BWP01,BD-PIHPS
2026-07-24,1771,harga_pihps,41250.0,Rp,CMR01,BD-PIHPS
2026-07-24,1771,harga_pihps,48750.0,Rp,CMR02,BD-PIHPS
2026-07-24,1771,harga_pihps,57500.0,Rp,CRW01,BD-PIHPS
2026-07-24,1771,harga_pihps,56250.0,Rp,CRW02,BD-PIHPS
2026-07-24,1771,harga_pihps,41000.0,Rp,DAY01,BD-PIHPS
2026-07-24,1771,harga_pihps,160000.0,Rp,DSP01,BD-PIHPS
2026-07-24,1771,harga_pihps,150000.0,Rp,DSP02,BD-PIHPS
2026-07-24,1771,harga_pihps,18650.0,Rp,GLP01,BD-PIHPS
2026-07-24,1771,harga_pihps,19750.0,Rp,GLP02,BD-PIHPS
2026-07-24,1771,harga_pihps,20000.0,Rp,MGR01,BD-PIHPS
2026-07-24,1771,harga_pihps,24000.0,Rp,MGR02,BD-PIHPS
2026-07-24,1771,harga_pihps,23900.0,Rp,MGR03,BD-PIHPS
2026-07-24,1771,harga_pihps,29000.0,Rp,TLR01,BD-PIHPS
2026-07-24,1771,harga_pihps_grosir,14200.0,Rp,BRS01,BD-PIHPS
2026-07-24,1771,harga_pihps_grosir,15600.0,Rp,BRS02,BD-PIHPS
2026-07-24,1771,harga_pihps_grosir,15500.0,Rp,BRS03,BD-PIHPS
2026-07-24,1771,harga_pihps_grosir,15950.0,Rp,BRS04,BD-PIHPS
2026-07-24,1771,harga_pihps_grosir,15650.0,Rp,BRS05,BD-PIHPS
2026-07-24,1771,harga_pihps_grosir,15950.0,Rp,BRS06,BD-PIHPS
2026-07-24,1771,harga_pihps_grosir,33000.0,Rp,BWM01,BD-PIHPS
2026-07-24,1771,harga_pihps_grosir,29500.0,Rp,BWP01,BD-PIHPS
2026-07-24,1771,harga_pihps_grosir,35000.0,Rp,CMR01,BD-PIHPS
2026-07-24,1771,harga_pihps_grosir,38500.0,Rp,CMR02,BD-PIHPS
2026-07-24,1771,harga_pihps_grosir,47000.0,Rp,CRW01,BD-PIHPS
2026-07-24,1771,harga_pihps_grosir,50000.0,Rp,CRW02,BD-PIHPS
2026-07-24,1771,harga_pihps_grosir,35700.0,Rp,DAY01,BD-PIHPS
2026-07-24,1771,harga_pihps_grosir,137500.0,Rp,DSP01,BD-PIHPS
2026-07-24,1771,harga_pihps_grosir,97500.0,Rp,DSP02,BD-PIHPS
2026-07-24,1771,harga_pihps_grosir,17250.0,Rp,GLP01,BD-PIHPS
2026-07-24,1771,harga_pihps_grosir,17500.0,Rp,MGR01,BD-PIHPS
2026-07-24,1771,harga_pihps_grosir,23000.0,Rp,MGR02,BD-PIHPS
2026-07-24,1771,harga_pihps_grosir,22500.0,Rp,MGR03,BD-PIHPS
2026-07-24,1771,harga_pihps_grosir,25850.0,Rp,TLR01,BD-PIHPS
2026-07-24,1771,harga_pihps_modern,15450.0,Rp,BRS01,BD-PIHPS
2026-07-24,1771,harga_pihps_modern,15100.0,Rp,BRS02,BD-PIHPS
2026-07-24,1771,harga_pihps_modern,16350.0,Rp,BRS03,BD-PIHPS
2026-07-24,1771,harga_pihps_modern,16250.0,Rp,BRS04,BD-PIHPS
2026-07-24,1771,harga_pihps_modern,15250.0,Rp,BRS05,BD-PIHPS
2026-07-24,1771,harga_pihps_modern,17700.0,Rp,BRS06,BD-PIHPS
2026-07-24,1771,harga_pihps_modern,59950.0,Rp,BWM01,BD-PIHPS
2026-07-24,1771,harga_pihps_modern,47950.0,Rp,BWP01,BD-PIHPS
2026-07-24,1771,harga_pihps_modern,92950.0,Rp,CMR01,BD-PIHPS
2026-07-24,1771,harga_pihps_modern,59950.0,Rp,CMR02,BD-PIHPS
2026-07-24,1771,harga_pihps_modern,72450.0,Rp,CRW01,BD-PIHPS
2026-07-24,1771,harga_pihps_modern,84950.0,Rp,CRW02,BD-PIHPS
2026-07-24,1771,harga_pihps_modern,44050.0,Rp,DAY01,BD-PIHPS
2026-07-24,1771,harga_pihps_modern,163450.0,Rp,DSP01,BD-PIHPS
2026-07-24,1771,harga_pihps_modern,155950.0,Rp,DSP02,BD-PIHPS
2026-07-24,1771,harga_pihps_modern,17350.0,Rp,GLP01,BD-PIHPS
2026-07-24,1771,harga_pihps_modern,17850.0,Rp,GLP02,BD-PIHPS
2026-07-24,1771,harga_pihps_modern,22750.0,Rp,MGR02,BD-PIHPS
2026-07-24,1771,harga_pihps_modern,24800.0,Rp,MGR03,BD-PIHPS
2026-07-24,1771,harga_pihps_modern,28550.0,Rp,TLR01,BD-PIHPS
2026-07-24,1771,harga_pihps_produsen,13550.0,Rp,BRS03,BD-PIHPS
2026-07-24,1771,harga_pihps_produsen,13400.0,Rp,BRS04,BD-PIHPS
2026-07-24,1771,harga_pihps_produsen,16000.0,Rp,BRS05,BD-PIHPS
2026-07-24,1771,harga_pihps_produsen,13500.0,Rp,BRS06,BD-PIHPS
2026-07-24,1771,harga_pihps_produsen,33500.0,Rp,CMR01,BD-PIHPS
2026-07-24,1771,harga_pihps_produsen,36000.0,Rp,CMR02,BD-PIHPS
2026-07-24,1771,harga_pihps_produsen,36150.0,Rp,CRW02,BD-PIHPS
2026-07-24,1771,harga_pihps_produsen,21000.0,Rp,DAY01,BD-PIHPS
2026-07-24,1771,harga_pihps_produsen,150000.0,Rp,DSP01,BD-PIHPS
2026-07-24,1771,harga_pihps_produsen,150000.0,Rp,DSP02,BD-PIHPS
2026-07-24,1771,harga_pihps_produsen,23600.0,Rp,TLR01,BD-PIHPS
2026-07-27,1771,harga_pihps,15450.0,Rp,BRS01,BD-PIHPS
2026-07-27,1771,harga_pihps,12600.0,Rp,BRS02,BD-PIHPS
2026-07-27,1771,harga_pihps,16150.0,Rp,BRS03,BD-PIHPS
2026-07-27,1771,harga_pihps,16050.0,Rp,BRS04,BD-PIHPS
2026-07-27,1771,harga_pihps,17600.0,Rp,BRS05,BD-PIHPS
2026-07-27,1771,harga_pihps,16900.0,Rp,BRS06,BD-PIHPS
2026-07-27,1771,harga_pihps,41250.0,Rp,BWM01,BD-PIHPS
2026-07-27,1771,harga_pihps,43750.0,Rp,BWP01,BD-PIHPS
2026-07-27,1771,harga_pihps,47000.0,Rp,CMR01,BD-PIHPS
2026-07-27,1771,harga_pihps,53750.0,Rp,CMR02,BD-PIHPS
2026-07-27,1771,harga_pihps,56250.0,Rp,CRW01,BD-PIHPS
2026-07-27,1771,harga_pihps,55000.0,Rp,CRW02,BD-PIHPS
2026-07-27,1771,harga_pihps,44500.0,Rp,DAY01,BD-PIHPS
2026-07-27,1771,harga_pihps,160000.0,Rp,DSP01,BD-PIHPS
2026-07-27,1771,harga_pihps,150000.0,Rp,DSP02,BD-PIHPS
2026-07-27,1771,harga_pihps,18650.0,Rp,GLP01,BD-PIHPS
2026-07-27,1771,harga_pihps,19750.0,Rp,GLP02,BD-PIHPS
2026-07-27,1771,harga_pihps,20000.0,Rp,MGR01,BD-PIHPS
2026-07-27,1771,harga_pihps,24000.0,Rp,MGR02,BD-PIHPS
2026-07-27,1771,harga_pihps,23900.0,Rp,MGR03,BD-PIHPS
2026-07-27,1771,harga_pihps,29000.0,Rp,TLR01,BD-PIHPS
2026-07-27,1771,harga_pihps_grosir,14200.0,Rp,BRS01,BD-PIHPS
2026-07-27,1771,harga_pihps_grosir,15600.0,Rp,BRS02,BD-PIHPS
2026-07-27,1771,harga_pihps_grosir,15500.0,Rp,BRS03,BD-PIHPS
2026-07-27,1771,harga_pihps_grosir,15950.0,Rp,BRS04,BD-PIHPS
2026-07-27,1771,harga_pihps_grosir,15650.0,Rp,BRS05,BD-PIHPS
2026-07-27,1771,harga_pihps_grosir,15950.0,Rp,BRS06,BD-PIHPS
2026-07-27,1771,harga_pihps_grosir,33000.0,Rp,BWM01,BD-PIHPS
2026-07-27,1771,harga_pihps_grosir,29500.0,Rp,BWP01,BD-PIHPS
2026-07-27,1771,harga_pihps_grosir,35000.0,Rp,CMR01,BD-PIHPS
2026-07-27,1771,harga_pihps_grosir,38500.0,Rp,CMR02,BD-PIHPS
2026-07-27,1771,harga_pihps_grosir,47000.0,Rp,CRW01,BD-PIHPS
2026-07-27,1771,harga_pihps_grosir,50000.0,Rp,CRW02,BD-PIHPS
2026-07-27,1771,harga_pihps_grosir,35700.0,Rp,DAY01,BD-PIHPS
2026-07-27,1771,harga_pihps_grosir,137500.0,Rp,DSP01,BD-PIHPS
2026-07-27,1771,harga_pihps_grosir,97500.0,Rp,DSP02,BD-PIHPS
2026-07-27,1771,harga_pihps_grosir,17250.0,Rp,GLP01,BD-PIHPS
2026-07-27,1771,harga_pihps_grosir,17500.0,Rp,MGR01,BD-PIHPS
2026-07-27,1771,harga_pihps_grosir,23000.0,Rp,MGR02,BD-PIHPS
2026-07-27,1771,harga_pihps_grosir,22500.0,Rp,MGR03,BD-PIHPS
2026-07-27,1771,harga_pihps_grosir,25850.0,Rp,TLR01,BD-PIHPS
2026-07-27,1771,harga_pihps_modern,15450.0,Rp,BRS01,BD-PIHPS
2026-07-27,1771,harga_pihps_modern,15100.0,Rp,BRS02,BD-PIHPS
2026-07-27,1771,harga_pihps_modern,16350.0,Rp,BRS03,BD-PIHPS
2026-07-27,1771,harga_pihps_modern,16250.0,Rp,BRS04,BD-PIHPS
2026-07-27,1771,harga_pihps_modern,15250.0,Rp,BRS05,BD-PIHPS
2026-07-27,1771,harga_pihps_modern,17700.0,Rp,BRS06,BD-PIHPS
2026-07-27,1771,harga_pihps_modern,59950.0,Rp,BWM01,BD-PIHPS
2026-07-27,1771,harga_pihps_modern,47950.0,Rp,BWP01,BD-PIHPS
2026-07-27,1771,harga_pihps_modern,92950.0,Rp,CMR01,BD-PIHPS
2026-07-27,1771,harga_pihps_modern,59950.0,Rp,CMR02,BD-PIHPS
2026-07-27,1771,harga_pihps_modern,72450.0,Rp,CRW01,BD-PIHPS
2026-07-27,1771,harga_pihps_modern,84950.0,Rp,CRW02,BD-PIHPS
2026-07-27,1771,harga_pihps_modern,44050.0,Rp,DAY01,BD-PIHPS
2026-07-27,1771,harga_pihps_modern,163450.0,Rp,DSP01,BD-PIHPS
2026-07-27,1771,harga_pihps_modern,155950.0,Rp,DSP02,BD-PIHPS
2026-07-27,1771,harga_pihps_modern,17350.0,Rp,GLP01,BD-PIHPS
2026-07-27,1771,harga_pihps_modern,17850.0,Rp,GLP02,BD-PIHPS
2026-07-27,1771,harga_pihps_modern,22750.0,Rp,MGR02,BD-PIHPS
2026-07-27,1771,harga_pihps_modern,24800.0,Rp,MGR03,BD-PIHPS
2026-07-27,1771,harga_pihps_modern,28550.0,Rp,TLR01,BD-PIHPS
2026-07-27,1771,harga_pihps_produsen,13600.0,Rp,BRS03,BD-PIHPS
2026-07-27,1771,harga_pihps_produsen,13400.0,Rp,BRS04,BD-PIHPS
2026-07-27,1771,harga_pihps_produsen,16000.0,Rp,BRS05,BD-PIHPS
2026-07-27,1771,harga_pihps_produsen,13600.0,Rp,BRS06,BD-PIHPS
2026-07-27,1771,harga_pihps_produsen,32500.0,Rp,CMR01,BD-PIHPS
2026-07-27,1771,harga_pihps_produsen,35000.0,Rp,CMR02,BD-PIHPS
2026-07-27,1771,harga_pihps_produsen,35000.0,Rp,CRW01,BD-PIHPS
2026-07-27,1771,harga_pihps_produsen,40500.0,Rp,CRW02,BD-PIHPS
2026-07-27,1771,harga_pihps_produsen,24150.0,Rp,DAY01,BD-PIHPS
2026-07-27,1771,harga_pihps_produsen,150000.0,Rp,DSP01,BD-PIHPS
2026-07-27,1771,harga_pihps_produsen,150000.0,Rp,DSP02,BD-PIHPS
2026-07-27,1771,harga_pihps_produsen,22700.0,Rp,TLR01,BD-PIHPS
2026-07-28,1771,harga_pihps,15450.0,Rp,BRS01,BD-PIHPS
2026-07-28,1771,harga_pihps,12600.0,Rp,BRS02,BD-PIHPS
2026-07-28,1771,harga_pihps,16150.0,Rp,BRS03,BD-PIHPS
2026-07-28,1771,harga_pihps,16050.0,Rp,BRS04,BD-PIHPS
2026-07-28,1771,harga_pihps,17600.0,Rp,BRS05,BD-PIHPS
2026-07-28,1771,harga_pihps,16900.0,Rp,BRS06,BD-PIHPS
2026-07-28,1771,harga_pihps,40750.0,Rp,BWM01,BD-PIHPS
2026-07-28,1771,harga_pihps,43250.0,Rp,BWP01,BD-PIHPS
2026-07-28,1771,harga_pihps,46250.0,Rp,CMR01,BD-PIHPS
2026-07-28,1771,harga_pihps,52500.0,Rp,CMR02,BD-PIHPS
2026-07-28,1771,harga_pihps,55000.0,Rp,CRW01,BD-PIHPS
2026-07-28,1771,harga_pihps,55000.0,Rp,CRW02,BD-PIHPS
2026-07-28,1771,harga_pihps,44500.0,Rp,DAY01,BD-PIHPS
2026-07-28,1771,harga_pihps,160000.0,Rp,DSP01,BD-PIHPS
2026-07-28,1771,harga_pihps,150000.0,Rp,DSP02,BD-PIHPS
2026-07-28,1771,harga_pihps,18650.0,Rp,GLP01,BD-PIHPS
2026-07-28,1771,harga_pihps,19750.0,Rp,GLP02,BD-PIHPS
2026-07-28,1771,harga_pihps,20000.0,Rp,MGR01,BD-PIHPS
2026-07-28,1771,harga_pihps,24000.0,Rp,MGR02,BD-PIHPS
2026-07-28,1771,harga_pihps,23650.0,Rp,MGR03,BD-PIHPS
2026-07-28,1771,harga_pihps,29600.0,Rp,TLR01,BD-PIHPS
2026-07-28,1771,harga_pihps_grosir,14200.0,Rp,BRS01,BD-PIHPS
2026-07-28,1771,harga_pihps_grosir,15600.0,Rp,BRS02,BD-PIHPS
2026-07-28,1771,harga_pihps_grosir,15500.0,Rp,BRS03,BD-PIHPS
2026-07-28,1771,harga_pihps_grosir,15950.0,Rp,BRS04,BD-PIHPS
2026-07-28,1771,harga_pihps_grosir,15650.0,Rp,BRS05,BD-PIHPS
2026-07-28,1771,harga_pihps_grosir,15950.0,Rp,BRS06,BD-PIHPS
2026-07-28,1771,harga_pihps_grosir,33000.0,Rp,BWM01,BD-PIHPS
2026-07-28,1771,harga_pihps_grosir,29500.0,Rp,BWP01,BD-PIHPS
2026-07-28,1771,harga_pihps_grosir,35000.0,Rp,CMR01,BD-PIHPS
2026-07-28,1771,harga_pihps_grosir,38500.0,Rp,CMR02,BD-PIHPS
2026-07-28,1771,harga_pihps_grosir,47000.0,Rp,CRW01,BD-PIHPS
2026-07-28,1771,harga_pihps_grosir,50000.0,Rp,CRW02,BD-PIHPS
2026-07-28,1771,harga_pihps_grosir,35700.0,Rp,DAY01,BD-PIHPS
2026-07-28,1771,harga_pihps_grosir,137500.0,Rp,DSP01,BD-PIHPS
2026-07-28,1771,harga_pihps_grosir,97500.0,Rp,DSP02,BD-PIHPS
2026-07-28,1771,harga_pihps_grosir,17250.0,Rp,GLP01,BD-PIHPS
2026-07-28,1771,harga_pihps_grosir,17500.0,Rp,MGR01,BD-PIHPS
2026-07-28,1771,harga_pihps_grosir,23000.0,Rp,MGR02,BD-PIHPS
2026-07-28,1771,harga_pihps_grosir,22500.0,Rp,MGR03,BD-PIHPS
2026-07-28,1771,harga_pihps_grosir,25850.0,Rp,TLR01,BD-PIHPS
2026-07-28,1771,harga_pihps_modern,15450.0,Rp,BRS01,BD-PIHPS
2026-07-28,1771,harga_pihps_modern,15100.0,Rp,BRS02,BD-PIHPS
2026-07-28,1771,harga_pihps_modern,16350.0,Rp,BRS03,BD-PIHPS
2026-07-28,1771,harga_pihps_modern,16250.0,Rp,BRS04,BD-PIHPS
2026-07-28,1771,harga_pihps_modern,15250.0,Rp,BRS05,BD-PIHPS
2026-07-28,1771,harga_pihps_modern,17700.0,Rp,BRS06,BD-PIHPS
2026-07-28,1771,harga_pihps_modern,59950.0,Rp,BWM01,BD-PIHPS
2026-07-28,1771,harga_pihps_modern,47950.0,Rp,BWP01,BD-PIHPS
2026-07-28,1771,harga_pihps_modern,92950.0,Rp,CMR01,BD-PIHPS
2026-07-28,1771,harga_pihps_modern,59950.0,Rp,CMR02,BD-PIHPS
2026-07-28,1771,harga_pihps_modern,72450.0,Rp,CRW01,BD-PIHPS
2026-07-28,1771,harga_pihps_modern,84950.0,Rp,CRW02,BD-PIHPS
2026-07-28,1771,harga_pihps_modern,44050.0,Rp,DAY01,BD-PIHPS
2026-07-28,1771,harga_pihps_modern,163450.0,Rp,DSP01,BD-PIHPS
2026-07-28,1771,harga_pihps_modern,155950.0,Rp,DSP02,BD-PIHPS
2026-07-28,1771,harga_pihps_modern,17350.0,Rp,GLP01,BD-PIHPS
2026-07-28,1771,harga_pihps_modern,17850.0,Rp,GLP02,BD-PIHPS
2026-07-28,1771,harga_pihps_modern,22750.0,Rp,MGR02,BD-PIHPS
2026-07-28,1771,harga_pihps_modern,24800.0,Rp,MGR03,BD-PIHPS
2026-07-28,1771,harga_pihps_modern,28550.0,Rp,TLR01,BD-PIHPS
2026-07-28,1771,harga_pihps_produsen,13600.0,Rp,BRS03,BD-PIHPS
2026-07-28,1771,harga_pihps_produsen,13400.0,Rp,BRS04,BD-PIHPS
2026-07-28,1771,harga_pihps_produsen,16000.0,Rp,BRS05,BD-PIHPS
2026-07-28,1771,harga_pihps_produsen,13600.0,Rp,BRS06,BD-PIHPS
2026-07-28,1771,harga_pihps_produsen,32500.0,Rp,CMR01,BD-PIHPS
2026-07-28,1771,harga_pihps_produsen,35000.0,Rp,CMR02,BD-PIHPS
2026-07-28,1771,harga_pihps_produsen,35000.0,Rp,CRW01,BD-PIHPS
2026-07-28,1771,harga_pihps_produsen,40500.0,Rp,CRW02,BD-PIHPS
2026-07-28,1771,harga_pihps_produsen,24150.0,Rp,DAY01,BD-PIHPS
2026-07-28,1771,harga_pihps_produsen,150000.0,Rp,DSP01,BD-PIHPS
2026-07-28,1771,harga_pihps_produsen,150000.0,Rp,DSP02,BD-PIHPS
2026-07-28,1771,harga_pihps_produsen,22700.0,Rp,TLR01,BD-PIHPS
2026-07-29,1771,harga_pihps,15450.0,Rp,BRS01,BD-PIHPS
2026-07-29,1771,harga_pihps,12600.0,Rp,BRS02,BD-PIHPS
2026-07-29,1771,harga_pihps,16150.0,Rp,BRS03,BD-PIHPS
2026-07-29,1771,harga_pihps,16050.0,Rp,BRS04,BD-PIHPS
2026-07-29,1771,harga_pihps,17600.0,Rp,BRS05,BD-PIHPS
2026-07-29,1771,harga_pihps,16900.0,Rp,BRS06,BD-PIHPS
2026-07-29,1771,harga_pihps,40750.0,Rp,BWM01,BD-PIHPS
2026-07-29,1771,harga_pihps,42000.0,Rp,BWP01,BD-PIHPS
2026-07-29,1771,harga_pihps,47500.0,Rp,CMR01,BD-PIHPS
2026-07-29,1771,harga_pihps,53250.0,Rp,CMR02,BD-PIHPS
2026-07-29,1771,harga_pihps,55000.0,Rp,CRW01,BD-PIHPS
2026-07-29,1771,harga_pihps,61250.0,Rp,CRW02,BD-PIHPS
2026-07-29,1771,harga_pihps,44500.0,Rp,DAY01,BD-PIHPS
2026-07-29,1771,harga_pihps,160000.0,Rp,DSP01,BD-PIHPS
2026-07-29,1771,harga_pihps,150000.0,Rp,DSP02,BD-PIHPS
2026-07-29,1771,harga_pihps,18650.0,Rp,GLP01,BD-PIHPS
2026-07-29,1771,harga_pihps,19750.0,Rp,GLP02,BD-PIHPS
2026-07-29,1771,harga_pihps,20000.0,Rp,MGR01,BD-PIHPS
2026-07-29,1771,harga_pihps,24000.0,Rp,MGR02,BD-PIHPS
2026-07-29,1771,harga_pihps,23650.0,Rp,MGR03,BD-PIHPS
2026-07-29,1771,harga_pihps,29600.0,Rp,TLR01,BD-PIHPS
2026-07-29,1771,harga_pihps_grosir,14200.0,Rp,BRS01,BD-PIHPS
2026-07-29,1771,harga_pihps_grosir,15600.0,Rp,BRS02,BD-PIHPS
2026-07-29,1771,harga_pihps_grosir,15500.0,Rp,BRS03,BD-PIHPS
2026-07-29,1771,harga_pihps_grosir,15950.0,Rp,BRS04,BD-PIHPS
2026-07-29,1771,harga_pihps_grosir,15650.0,Rp,BRS05,BD-PIHPS
2026-07-29,1771,harga_pihps_grosir,15950.0,Rp,BRS06,BD-PIHPS
2026-07-29,1771,harga_pihps_grosir,33000.0,Rp,BWM01,BD-PIHPS
2026-07-29,1771,harga_pihps_grosir,29500.0,Rp,BWP01,BD-PIHPS
2026-07-29,1771,harga_pihps_grosir,35000.0,Rp,CMR01,BD-PIHPS
2026-07-29,1771,harga_pihps_grosir,38500.0,Rp,CMR02,BD-PIHPS
2026-07-29,1771,harga_pihps_grosir,47000.0,Rp,CRW01,BD-PIHPS
2026-07-29,1771,harga_pihps_grosir,50000.0,Rp,CRW02,BD-PIHPS
2026-07-29,1771,harga_pihps_grosir,35700.0,Rp,DAY01,BD-PIHPS
2026-07-29,1771,harga_pihps_grosir,137500.0,Rp,DSP01,BD-PIHPS
2026-07-29,1771,harga_pihps_grosir,97500.0,Rp,DSP02,BD-PIHPS
2026-07-29,1771,harga_pihps_grosir,17250.0,Rp,GLP01,BD-PIHPS
2026-07-29,1771,harga_pihps_grosir,17500.0,Rp,MGR01,BD-PIHPS
2026-07-29,1771,harga_pihps_grosir,23000.0,Rp,MGR02,BD-PIHPS
2026-07-29,1771,harga_pihps_grosir,22500.0,Rp,MGR03,BD-PIHPS
2026-07-29,1771,harga_pihps_grosir,25850.0,Rp,TLR01,BD-PIHPS
2026-07-29,1771,harga_pihps_modern,15450.0,Rp,BRS01,BD-PIHPS
2026-07-29,1771,harga_pihps_modern,15100.0,Rp,BRS02,BD-PIHPS
2026-07-29,1771,harga_pihps_modern,16350.0,Rp,BRS03,BD-PIHPS
2026-07-29,1771,harga_pihps_modern,16250.0,Rp,BRS04,BD-PIHPS
2026-07-29,1771,harga_pihps_modern,15250.0,Rp,BRS05,BD-PIHPS
2026-07-29,1771,harga_pihps_modern,17700.0,Rp,BRS06,BD-PIHPS
2026-07-29,1771,harga_pihps_modern,59950.0,Rp,BWM01,BD-PIHPS
2026-07-29,1771,harga_pihps_modern,47950.0,Rp,BWP01,BD-PIHPS
2026-07-29,1771,harga_pihps_modern,90450.0,Rp,CMR01,BD-PIHPS
2026-07-29,1771,harga_pihps_modern,64950.0,Rp,CMR02,BD-PIHPS
2026-07-29,1771,harga_pihps_modern,69950.0,Rp,CRW01,BD-PIHPS
2026-07-29,1771,harga_pihps_modern,82950.0,Rp,CRW02,BD-PIHPS
2026-07-29,1771,harga_pihps_modern,44050.0,Rp,DAY01,BD-PIHPS
2026-07-29,1771,harga_pihps_modern,159950.0,Rp,DSP01,BD-PIHPS
2026-07-29,1771,harga_pihps_modern,155950.0,Rp,DSP02,BD-PIHPS
2026-07-29,1771,harga_pihps_modern,17350.0,Rp,GLP01,BD-PIHPS
2026-07-29,1771,harga_pihps_modern,17850.0,Rp,GLP02,BD-PIHPS
2026-07-29,1771,harga_pihps_modern,21350.0,Rp,MGR02,BD-PIHPS
2026-07-29,1771,harga_pihps_modern,24800.0,Rp,MGR03,BD-PIHPS
2026-07-29,1771,harga_pihps_modern,28550.0,Rp,TLR01,BD-PIHPS
2026-07-29,1771,harga_pihps_produsen,13600.0,Rp,BRS03,BD-PIHPS
2026-07-29,1771,harga_pihps_produsen,13400.0,Rp,BRS04,BD-PIHPS
2026-07-29,1771,harga_pihps_produsen,16000.0,Rp,BRS05,BD-PIHPS
2026-07-29,1771,harga_pihps_produsen,13600.0,Rp,BRS06,BD-PIHPS
2026-07-29,1771,harga_pihps_produsen,32500.0,Rp,CMR01,BD-PIHPS
2026-07-29,1771,harga_pihps_produsen,35000.0,Rp,CMR02,BD-PIHPS
2026-07-29,1771,harga_pihps_produsen,35000.0,Rp,CRW01,BD-PIHPS
2026-07-29,1771,harga_pihps_produsen,40500.0,Rp,CRW02,BD-PIHPS
2026-07-29,1771,harga_pihps_produsen,24150.0,Rp,DAY01,BD-PIHPS
2026-07-29,1771,harga_pihps_produsen,150000.0,Rp,DSP01,BD-PIHPS
2026-07-29,1771,harga_pihps_produsen,150000.0,Rp,DSP02,BD-PIHPS
2026-07-29,1771,harga_pihps_produsen,22700.0,Rp,TLR01,BD-PIHPS
2026-07-30,1771,harga_pihps,15450.0,Rp,BRS01,BD-PIHPS
2026-07-30,1771,harga_pihps,12600.0,Rp,BRS02,BD-PIHPS
2026-07-30,1771,harga_pihps,16150.0,Rp,BRS03,BD-PIHPS
2026-07-30,1771,harga_pihps,16050.0,Rp,BRS04,BD-PIHPS
2026-07-30,1771,harga_pihps,17600.0,Rp,BRS05,BD-PIHPS
2026-07-30,1771,harga_pihps,16900.0,Rp,BRS06,BD-PIHPS
2026-07-30,1771,harga_pihps,40750.0,Rp,BWM01,BD-PIHPS
2026-07-30,1771,harga_pihps,42000.0,Rp,BWP01,BD-PIHPS
2026-07-30,1771,harga_pihps,47500.0,Rp,CMR01,BD-PIHPS
2026-07-30,1771,harga_pihps,53250.0,Rp,CMR02,BD-PIHPS
2026-07-30,1771,harga_pihps,56250.0,Rp,CRW01,BD-PIHPS
2026-07-30,1771,harga_pihps,57500.0,Rp,CRW02,BD-PIHPS
2026-07-30,1771,harga_pihps,45750.0,Rp,DAY01,BD-PIHPS
2026-07-30,1771,harga_pihps,160000.0,Rp,DSP01,BD-PIHPS
2026-07-30,1771,harga_pihps,150000.0,Rp,DSP02,BD-PIHPS
2026-07-30,1771,harga_pihps,18250.0,Rp,GLP01,BD-PIHPS
2026-07-30,1771,harga_pihps,19750.0,Rp,GLP02,BD-PIHPS
2026-07-30,1771,harga_pihps,20000.0,Rp,MGR01,BD-PIHPS
2026-07-30,1771,harga_pihps,24000.0,Rp,MGR02,BD-PIHPS
2026-07-30,1771,harga_pihps,23500.0,Rp,MGR03,BD-PIHPS
2026-07-30,1771,harga_pihps,29600.0,Rp,TLR01,BD-PIHPS
2026-07-30,1771,harga_pihps_grosir,14200.0,Rp,BRS01,BD-PIHPS
2026-07-30,1771,harga_pihps_grosir,15600.0,Rp,BRS02,BD-PIHPS
2026-07-30,1771,harga_pihps_grosir,15500.0,Rp,BRS03,BD-PIHPS
2026-07-30,1771,harga_pihps_grosir,15950.0,Rp,BRS04,BD-PIHPS
2026-07-30,1771,harga_pihps_grosir,15650.0,Rp,BRS05,BD-PIHPS
2026-07-30,1771,harga_pihps_grosir,15950.0,Rp,BRS06,BD-PIHPS
2026-07-30,1771,harga_pihps_grosir,28500.0,Rp,BWM01,BD-PIHPS
2026-07-30,1771,harga_pihps_grosir,28000.0,Rp,BWP01,BD-PIHPS
2026-07-30,1771,harga_pihps_grosir,41500.0,Rp,CMR01,BD-PIHPS
2026-07-30,1771,harga_pihps_grosir,44500.0,Rp,CMR02,BD-PIHPS
2026-07-30,1771,harga_pihps_grosir,49000.0,Rp,CRW01,BD-PIHPS
2026-07-30,1771,harga_pihps_grosir,50000.0,Rp,CRW02,BD-PIHPS
2026-07-30,1771,harga_pihps_grosir,37000.0,Rp,DAY01,BD-PIHPS
2026-07-30,1771,harga_pihps_grosir,142500.0,Rp,DSP01,BD-PIHPS
2026-07-30,1771,harga_pihps_grosir,102500.0,Rp,DSP02,BD-PIHPS
2026-07-30,1771,harga_pihps_grosir,17250.0,Rp,GLP01,BD-PIHPS
2026-07-30,1771,harga_pihps_grosir,17500.0,Rp,MGR01,BD-PIHPS
2026-07-30,1771,harga_pihps_grosir,23000.0,Rp,MGR02,BD-PIHPS
2026-07-30,1771,harga_pihps_grosir,22500.0,Rp,MGR03,BD-PIHPS
2026-07-30,1771,harga_pihps_grosir,26350.0,Rp,TLR01,BD-PIHPS
2026-07-30,1771,harga_pihps_modern,15450.0,Rp,BRS01,BD-PIHPS
2026-07-30,1771,harga_pihps_modern,15100.0,Rp,BRS02,BD-PIHPS
2026-07-30,1771,harga_pihps_modern,16350.0,Rp,BRS03,BD-PIHPS
2026-07-30,1771,harga_pihps_modern,16250.0,Rp,BRS04,BD-PIHPS
2026-07-30,1771,harga_pihps_modern,15250.0,Rp,BRS05,BD-PIHPS
2026-07-30,1771,harga_pihps_modern,17700.0,Rp,BRS06,BD-PIHPS
2026-07-30,1771,harga_pihps_modern,59950.0,Rp,BWM01,BD-PIHPS
2026-07-30,1771,harga_pihps_modern,47950.0,Rp,BWP01,BD-PIHPS
2026-07-30,1771,harga_pihps_modern,90450.0,Rp,CMR01,BD-PIHPS
2026-07-30,1771,harga_pihps_modern,64950.0,Rp,CMR02,BD-PIHPS
2026-07-30,1771,harga_pihps_modern,69950.0,Rp,CRW01,BD-PIHPS
2026-07-30,1771,harga_pihps_modern,82950.0,Rp,CRW02,BD-PIHPS
2026-07-30,1771,harga_pihps_modern,44050.0,Rp,DAY01,BD-PIHPS
2026-07-30,1771,harga_pihps_modern,159950.0,Rp,DSP01,BD-PIHPS
2026-07-30,1771,harga_pihps_modern,155950.0,Rp,DSP02,BD-PIHPS
2026-07-30,1771,harga_pihps_modern,17350.0,Rp,GLP01,BD-PIHPS
2026-07-30,1771,harga_pihps_modern,17850.0,Rp,GLP02,BD-PIHPS
2026-07-30,1771,harga_pihps_modern,21350.0,Rp,MGR02,BD-PIHPS
2026-07-30,1771,harga_pihps_modern,24800.0,Rp,MGR03,BD-PIHPS
2026-07-30,1771,harga_pihps_modern,28550.0,Rp,TLR01,BD-PIHPS
2026-07-30,1771,harga_pihps_produsen,13600.0,Rp,BRS03,BD-PIHPS
2026-07-30,1771,harga_pihps_produsen,13400.0,Rp,BRS04,BD-PIHPS
2026-07-30,1771,harga_pihps_produsen,16000.0,Rp,BRS05,BD-PIHPS
2026-07-30,1771,harga_pihps_produsen,13600.0,Rp,BRS06,BD-PIHPS
2026-07-30,1771,harga_pihps_produsen,32500.0,Rp,CMR01,BD-PIHPS
2026-07-30,1771,harga_pihps_produsen,35000.0,Rp,CMR02,BD-PIHPS
2026-07-30,1771,harga_pihps_produsen,35000.0,Rp,CRW01,BD-PIHPS
2026-07-30,1771,harga_pihps_produsen,40500.0,Rp,CRW02,BD-PIHPS
2026-07-30,1771,harga_pihps_produsen,24150.0,Rp,DAY01,BD-PIHPS
2026-07-30,1771,harga_pihps_produsen,150000.0,Rp,DSP01,BD-PIHPS
2026-07-30,1771,harga_pihps_produsen,150000.0,Rp,DSP02,BD-PIHPS
2026-07-30,1771,harga_pihps_produsen,22700.0,Rp,TLR01,BD-PIHPS
2026-07-31,1771,harga_pihps,15450.0,Rp,BRS01,BD-PIHPS
2026-07-31,1771,harga_pihps,12600.0,Rp,BRS02,BD-PIHPS
2026-07-31,1771,harga_pihps,16150.0,Rp,BRS03,BD-PIHPS
2026-07-31,1771,harga_pihps,16050.0,Rp,BRS04,BD-PIHPS
2026-07-31,1771,harga_pihps,17600.0,Rp,BRS05,BD-PIHPS
2026-07-31,1771,harga_pihps,16900.0,Rp,BRS06,BD-PIHPS
2026-07-31,1771,harga_pihps,40750.0,Rp,BWM01,BD-PIHPS
2026-07-31,1771,harga_pihps,43250.0,Rp,BWP01,BD-PIHPS
2026-07-31,1771,harga_pihps,48750.0,Rp,CMR01,BD-PIHPS
2026-07-31,1771,harga_pihps,52000.0,Rp,CMR02,BD-PIHPS
2026-07-31,1771,harga_pihps,57500.0,Rp,CRW01,BD-PIHPS
2026-07-31,1771,harga_pihps,57500.0,Rp,CRW02,BD-PIHPS
2026-07-31,1771,harga_pihps,45750.0,Rp,DAY01,BD-PIHPS
2026-07-31,1771,harga_pihps,160000.0,Rp,DSP01,BD-PIHPS
2026-07-31,1771,harga_pihps,150000.0,Rp,DSP02,BD-PIHPS
2026-07-31,1771,harga_pihps,18250.0,Rp,GLP01,BD-PIHPS
2026-07-31,1771,harga_pihps,19750.0,Rp,GLP02,BD-PIHPS
2026-07-31,1771,harga_pihps,20000.0,Rp,MGR01,BD-PIHPS
2026-07-31,1771,harga_pihps,24000.0,Rp,MGR02,BD-PIHPS
2026-07-31,1771,harga_pihps,23500.0,Rp,MGR03,BD-PIHPS
2026-07-31,1771,harga_pihps,29600.0,Rp,TLR01,BD-PIHPS
2026-07-31,1771,harga_pihps_grosir,14200.0,Rp,BRS01,BD-PIHPS
2026-07-31,1771,harga_pihps_grosir,15600.0,Rp,BRS02,BD-PIHPS
2026-07-31,1771,harga_pihps_grosir,15500.0,Rp,BRS03,BD-PIHPS
2026-07-31,1771,harga_pihps_grosir,15950.0,Rp,BRS04,BD-PIHPS
2026-07-31,1771,harga_pihps_grosir,15650.0,Rp,BRS05,BD-PIHPS
2026-07-31,1771,harga_pihps_grosir,15950.0,Rp,BRS06,BD-PIHPS
2026-07-31,1771,harga_pihps_grosir,28500.0,Rp,BWM01,BD-PIHPS
2026-07-31,1771,harga_pihps_grosir,28000.0,Rp,BWP01,BD-PIHPS
2026-07-31,1771,harga_pihps_grosir,41500.0,Rp,CMR01,BD-PIHPS
2026-07-31,1771,harga_pihps_grosir,44500.0,Rp,CMR02,BD-PIHPS
2026-07-31,1771,harga_pihps_grosir,49000.0,Rp,CRW01,BD-PIHPS
2026-07-31,1771,harga_pihps_grosir,50000.0,Rp,CRW02,BD-PIHPS
2026-07-31,1771,harga_pihps_grosir,37000.0,Rp,DAY01,BD-PIHPS
2026-07-31,1771,harga_pihps_grosir,142500.0,Rp,DSP01,BD-PIHPS
2026-07-31,1771,harga_pihps_grosir,102500.0,Rp,DSP02,BD-PIHPS
2026-07-31,1771,harga_pihps_grosir,17250.0,Rp,GLP01,BD-PIHPS
2026-07-31,1771,harga_pihps_grosir,17500.0,Rp,MGR01,BD-PIHPS
2026-07-31,1771,harga_pihps_grosir,23000.0,Rp,MGR02,BD-PIHPS
2026-07-31,1771,harga_pihps_grosir,22500.0,Rp,MGR03,BD-PIHPS
2026-07-31,1771,harga_pihps_grosir,26350.0,Rp,TLR01,BD-PIHPS
2026-07-31,1771,harga_pihps_modern,15450.0,Rp,BRS01,BD-PIHPS
2026-07-31,1771,harga_pihps_modern,15100.0,Rp,BRS02,BD-PIHPS
2026-07-31,1771,harga_pihps_modern,16350.0,Rp,BRS03,BD-PIHPS
2026-07-31,1771,harga_pihps_modern,16250.0,Rp,BRS04,BD-PIHPS
2026-07-31,1771,harga_pihps_modern,15250.0,Rp,BRS05,BD-PIHPS
2026-07-31,1771,harga_pihps_modern,17700.0,Rp,BRS06,BD-PIHPS
2026-07-31,1771,harga_pihps_modern,59950.0,Rp,BWM01,BD-PIHPS
2026-07-31,1771,harga_pihps_modern,47950.0,Rp,BWP01,BD-PIHPS
2026-07-31,1771,harga_pihps_modern,90450.0,Rp,CMR01,BD-PIHPS
2026-07-31,1771,harga_pihps_modern,64950.0,Rp,CMR02,BD-PIHPS
2026-07-31,1771,harga_pihps_modern,69950.0,Rp,CRW01,BD-PIHPS
2026-07-31,1771,harga_pihps_modern,82950.0,Rp,CRW02,BD-PIHPS
2026-07-31,1771,harga_pihps_modern,44050.0,Rp,DAY01,BD-PIHPS
2026-07-31,1771,harga_pihps_modern,159950.0,Rp,DSP01,BD-PIHPS
2026-07-31,1771,harga_pihps_modern,155950.0,Rp,DSP02,BD-PIHPS
2026-07-31,1771,harga_pihps_modern,17350.0,Rp,GLP01,BD-PIHPS
2026-07-31,1771,harga_pihps_modern,17850.0,Rp,GLP02,BD-PIHPS
2026-07-31,1771,harga_pihps_modern,21350.0,Rp,MGR02,BD-PIHPS
2026-07-31,1771,harga_pihps_modern,24800.0,Rp,MGR03,BD-PIHPS
2026-07-31,1771,harga_pihps_modern,28550.0,Rp,TLR01,BD-PIHPS
2026-07-31,1771,harga_pihps_produsen,13600.0,Rp,BRS03,BD-PIHPS
2026-07-31,1771,harga_pihps_produsen,13400.0,Rp,BRS04,BD-PIHPS
2026-07-31,1771,harga_pihps_produsen,16000.0,Rp,BRS05,BD-PIHPS
2026-07-31,1771,harga_pihps_produsen,13600.0,Rp,BRS06,BD-PIHPS
2026-07-31,1771,harga_pihps_produsen,32500.0,Rp,CMR01,BD-PIHPS
2026-07-31,1771,harga_pihps_produsen,35000.0,Rp,CMR02,BD-PIHPS
2026-07-31,1771,harga_pihps_produsen,35000.0,Rp,CRW01,BD-PIHPS
2026-07-31,1771,harga_pihps_produsen,40500.0,Rp,CRW02,BD-PIHPS
2026-07-31,1771,harga_pihps_produsen,24150.0,Rp,DAY01,BD-PIHPS
2026-07-31,1771,harga_pihps_produsen,150000.0,Rp,DSP01,BD-PIHPS
2026-07-31,1771,harga_pihps_produsen,150000.0,Rp,DSP02,BD-PIHPS
2026-07-31,1771,harga_pihps_produsen,22700.0,Rp,TLR01,BD-PIHPS
2026-08-03,1771,harga_pihps,15450.0,Rp,BRS01,BD-PIHPS
2026-08-03,1771,harga_pihps,12600.0,Rp,BRS02,BD-PIHPS
2026-08-03,1771,harga_pihps,16150.0,Rp,BRS03,BD-PIHPS
2026-08-03,1771,harga_pihps,16050.0,Rp,BRS04,BD-PIHPS
2026-08-03,1771,harga_pihps,17600.0,Rp,BRS05,BD-PIHPS
2026-08-03,1771,harga_pihps,16900.0,Rp,BRS06,BD-PIHPS
2026-08-03,1771,harga_pihps,42000.0,Rp,BWM01,BD-PIHPS
2026-08-03,1771,harga_pihps,42000.0,Rp,BWP01,BD-PIHPS
2026-08-03,1771,harga_pihps,50000.0,Rp,CMR01,BD-PIHPS
2026-08-03,1771,harga_pihps,55750.0,Rp,CMR02,BD-PIHPS
2026-08-03,1771,harga_pihps,57500.0,Rp,CRW01,BD-PIHPS
2026-08-03,1771,harga_pihps,57500.0,Rp,CRW02,BD-PIHPS
2026-08-03,1771,harga_pihps,45000.0,Rp,DAY01,BD-PIHPS
2026-08-03,1771,harga_pihps,160000.0,Rp,DSP01,BD-PIHPS
2026-08-03,1771,harga_pihps,150000.0,Rp,DSP02,BD-PIHPS
2026-08-03,1771,harga_pihps,18250.0,Rp,GLP01,BD-PIHPS
2026-08-03,1771,harga_pihps,19750.0,Rp,GLP02,BD-PIHPS
2026-08-03,1771,harga_pihps,20000.0,Rp,MGR01,BD-PIHPS
2026-08-03,1771,harga_pihps,24000.0,Rp,MGR02,BD-PIHPS
2026-08-03,1771,harga_pihps,23500.0,Rp,MGR03,BD-PIHPS
2026-08-03,1771,harga_pihps,29600.0,Rp,TLR01,BD-PIHPS
2026-08-03,1771,harga_pihps_grosir,14200.0,Rp,BRS01,BD-PIHPS
2026-08-03,1771,harga_pihps_grosir,15600.0,Rp,BRS02,BD-PIHPS
2026-08-03,1771,harga_pihps_grosir,15500.0,Rp,BRS03,BD-PIHPS
2026-08-03,1771,harga_pihps_grosir,15950.0,Rp,BRS04,BD-PIHPS
2026-08-03,1771,harga_pihps_grosir,15650.0,Rp,BRS05,BD-PIHPS
2026-08-03,1771,harga_pihps_grosir,15950.0,Rp,BRS06,BD-PIHPS
2026-08-03,1771,harga_pihps_grosir,28500.0,Rp,BWM01,BD-PIHPS
2026-08-03,1771,harga_pihps_grosir,28000.0,Rp,BWP01,BD-PIHPS
2026-08-03,1771,harga_pihps_grosir,41500.0,Rp,CMR01,BD-PIHPS
2026-08-03,1771,harga_pihps_grosir,44500.0,Rp,CMR02,BD-PIHPS
2026-08-03,1771,harga_pihps_grosir,49000.0,Rp,CRW01,BD-PIHPS
2026-08-03,1771,harga_pihps_grosir,50000.0,Rp,CRW02,BD-PIHPS
2026-08-03,1771,harga_pihps_grosir,37000.0,Rp,DAY01,BD-PIHPS
2026-08-03,1771,harga_pihps_grosir,142500.0,Rp,DSP01,BD-PIHPS
2026-08-03,1771,harga_pihps_grosir,102500.0,Rp,DSP02,BD-PIHPS
2026-08-03,1771,harga_pihps_grosir,17250.0,Rp,GLP01,BD-PIHPS
2026-08-03,1771,harga_pihps_grosir,17500.0,Rp,MGR01,BD-PIHPS
2026-08-03,1771,harga_pihps_grosir,23000.0,Rp,MGR02,BD-PIHPS
2026-08-03,1771,harga_pihps_grosir,22500.0,Rp,MGR03,BD-PIHPS
2026-08-03,1771,harga_pihps_grosir,26350.0,Rp,TLR01,BD-PIHPS
2026-08-03,1771,harga_pihps_modern,15450.0,Rp,BRS01,BD-PIHPS
2026-08-03,1771,harga_pihps_modern,15100.0,Rp,BRS02,BD-PIHPS
2026-08-03,1771,harga_pihps_modern,16350.0,Rp,BRS03,BD-PIHPS
2026-08-03,1771,harga_pihps_modern,16250.0,Rp,BRS04,BD-PIHPS
2026-08-03,1771,harga_pihps_modern,15250.0,Rp,BRS05,BD-PIHPS
2026-08-03,1771,harga_pihps_modern,17700.0,Rp,BRS06,BD-PIHPS
2026-08-03,1771,harga_pihps_modern,59950.0,Rp,BWM01,BD-PIHPS
2026-08-03,1771,harga_pihps_modern,47950.0,Rp,BWP01,BD-PIHPS
2026-08-03,1771,harga_pihps_modern,90450.0,Rp,CMR01,BD-PIHPS
2026-08-03,1771,harga_pihps_modern,64950.0,Rp,CMR02,BD-PIHPS
2026-08-03,1771,harga_pihps_modern,69950.0,Rp,CRW01,BD-PIHPS
2026-08-03,1771,harga_pihps_modern,82950.0,Rp,CRW02,BD-PIHPS
2026-08-03,1771,harga_pihps_modern,44050.0,Rp,DAY01,BD-PIHPS
2026-08-03,1771,harga_pihps_modern,159950.0,Rp,DSP01,BD-PIHPS
2026-08-03,1771,harga_pihps_modern,155950.0,Rp,DSP02,BD-PIHPS
2026-08-03,1771,harga_pihps_modern,17350.0,Rp,GLP01,BD-PIHPS
2026-08-03,1771,harga_pihps_modern,17850.0,Rp,GLP02,BD-PIHPS
2026-08-03,1771,harga_pihps_modern,21350.0,Rp,MGR02,BD-PIHPS
2026-08-03,1771,harga_pihps_modern,24800.0,Rp,MGR03,BD-PIHPS
2026-08-03,1771,harga_pihps_modern,28550.0,Rp,TLR01,BD-PIHPS
2026-08-03,1771,harga_pihps_produsen,13600.0,Rp,BRS03,BD-PIHPS
2026-08-03,1771,harga_pihps_produsen,13400.0,Rp,BRS04,BD-PIHPS
2026-08-03,1771,harga_pihps_produsen,16000.0,Rp,BRS05,BD-PIHPS
2026-08-03,1771,harga_pihps_produsen,13600.0,Rp,BRS06,BD-PIHPS
2026-08-03,1771,harga_pihps_produsen,32500.0,Rp,CMR01,BD-PIHPS
2026-08-03,1771,harga_pihps_produsen,35000.0,Rp,CMR02,BD-PIHPS
2026-08-03,1771,harga_pihps_produsen,35000.0,Rp,CRW01,BD-PIHPS
2026-08-03,1771,harga_pihps_produsen,40500.0,Rp,CRW02,BD-PIHPS
2026-08-03,1771,harga_pihps_produsen,24150.0,Rp,DAY01,BD-PIHPS
2026-08-03,1771,harga_pihps_produsen,150000.0,Rp,DSP01,BD-PIHPS
2026-08-03,1771,harga_pihps_produsen,150000.0,Rp,DSP02,BD-PIHPS
2026-08-03,1771,harga_pihps_produsen,22700.0,Rp,TLR01,BD-PIHPS
2026-08-04,1771,harga_pihps,15450.0,Rp,BRS01,BD-PIHPS
2026-08-04,1771,harga_pihps,12600.0,Rp,BRS02,BD-PIHPS
2026-08-04,1771,harga_pihps,16250.0,Rp,BRS03,BD-PIHPS
2026-08-04,1771,harga_pihps,16150.0,Rp,BRS04,BD-PIHPS
2026-08-04,1771,harga_pihps,17600.0,Rp,BRS05,BD-PIHPS
2026-08-04,1771,harga_pihps,16900.0,Rp,BRS06,BD-PIHPS
2026-08-04,1771,harga_pihps,44500.0,Rp,BWM01,BD-PIHPS
2026-08-04,1771,harga_pihps,43250.0,Rp,BWP01,BD-PIHPS
2026-08-04,1771,harga_pihps,48750.0,Rp,CMR01,BD-PIHPS
2026-08-04,1771,harga_pihps,54500.0,Rp,CMR02,BD-PIHPS
2026-08-04,1771,harga_pihps,56250.0,Rp,CRW01,BD-PIHPS
2026-08-04,1771,harga_pihps,60000.0,Rp,CRW02,BD-PIHPS
2026-08-04,1771,harga_pihps,45000.0,Rp,DAY01,BD-PIHPS
2026-08-04,1771,harga_pihps,160000.0,Rp,DSP01,BD-PIHPS
2026-08-04,1771,harga_pihps,150000.0,Rp,DSP02,BD-PIHPS
2026-08-04,1771,harga_pihps,18250.0,Rp,GLP01,BD-PIHPS
2026-08-04,1771,harga_pihps,19750.0,Rp,GLP02,BD-PIHPS
2026-08-04,1771,harga_pihps,20000.0,Rp,MGR01,BD-PIHPS
2026-08-04,1771,harga_pihps,24000.0,Rp,MGR02,BD-PIHPS
2026-08-04,1771,harga_pihps,23500.0,Rp,MGR03,BD-PIHPS
2026-08-04,1771,harga_pihps,29600.0,Rp,TLR01,BD-PIHPS
2026-08-04,1771,harga_pihps_grosir,14200.0,Rp,BRS01,BD-PIHPS
2026-08-04,1771,harga_pihps_grosir,15600.0,Rp,BRS02,BD-PIHPS
2026-08-04,1771,harga_pihps_grosir,15500.0,Rp,BRS03,BD-PIHPS
2026-08-04,1771,harga_pihps_grosir,15950.0,Rp,BRS04,BD-PIHPS
2026-08-04,1771,harga_pihps_grosir,15650.0,Rp,BRS05,BD-PIHPS
2026-08-04,1771,harga_pihps_grosir,15950.0,Rp,BRS06,BD-PIHPS
2026-08-04,1771,harga_pihps_grosir,28500.0,Rp,BWM01,BD-PIHPS
2026-08-04,1771,harga_pihps_grosir,28000.0,Rp,BWP01,BD-PIHPS
2026-08-04,1771,harga_pihps_grosir,41500.0,Rp,CMR01,BD-PIHPS
2026-08-04,1771,harga_pihps_grosir,44500.0,Rp,CMR02,BD-PIHPS
2026-08-04,1771,harga_pihps_grosir,49000.0,Rp,CRW01,BD-PIHPS
2026-08-04,1771,harga_pihps_grosir,50000.0,Rp,CRW02,BD-PIHPS
2026-08-04,1771,harga_pihps_grosir,37000.0,Rp,DAY01,BD-PIHPS
2026-08-04,1771,harga_pihps_grosir,142500.0,Rp,DSP01,BD-PIHPS
2026-08-04,1771,harga_pihps_grosir,102500.0,Rp,DSP02,BD-PIHPS
2026-08-04,1771,harga_pihps_grosir,17250.0,Rp,GLP01,BD-PIHPS
2026-08-04,1771,harga_pihps_grosir,17500.0,Rp,MGR01,BD-PIHPS
2026-08-04,1771,harga_pihps_grosir,23000.0,Rp,MGR02,BD-PIHPS
2026-08-04,1771,harga_pihps_grosir,22500.0,Rp,MGR03,BD-PIHPS
2026-08-04,1771,harga_pihps_grosir,26350.0,Rp,TLR01,BD-PIHPS
2026-08-04,1771,harga_pihps_modern,15450.0,Rp,BRS01,BD-PIHPS
2026-08-04,1771,harga_pihps_modern,15100.0,Rp,BRS02,BD-PIHPS
2026-08-04,1771,harga_pihps_modern,16350.0,Rp,BRS03,BD-PIHPS
2026-08-04,1771,harga_pihps_modern,16250.0,Rp,BRS04,BD-PIHPS
2026-08-04,1771,harga_pihps_modern,15250.0,Rp,BRS05,BD-PIHPS
2026-08-04,1771,harga_pihps_modern,17700.0,Rp,BRS06,BD-PIHPS
2026-08-04,1771,harga_pihps_modern,59950.0,Rp,BWM01,BD-PIHPS
2026-08-04,1771,harga_pihps_modern,47950.0,Rp,BWP01,BD-PIHPS
2026-08-04,1771,harga_pihps_modern,90450.0,Rp,CMR01,BD-PIHPS
2026-08-04,1771,harga_pihps_modern,64950.0,Rp,CMR02,BD-PIHPS
2026-08-04,1771,harga_pihps_modern,69950.0,Rp,CRW01,BD-PIHPS
2026-08-04,1771,harga_pihps_modern,82950.0,Rp,CRW02,BD-PIHPS
2026-08-04,1771,harga_pihps_modern,44300.0,Rp,DAY01,BD-PIHPS
2026-08-04,1771,harga_pihps_modern,163450.0,Rp,DSP01,BD-PIHPS
2026-08-04,1771,harga_pihps_modern,155950.0,Rp,DSP02,BD-PIHPS
2026-08-04,1771,harga_pihps_modern,17350.0,Rp,GLP01,BD-PIHPS
2026-08-04,1771,harga_pihps_modern,17850.0,Rp,GLP02,BD-PIHPS
2026-08-04,1771,harga_pihps_modern,21350.0,Rp,MGR02,BD-PIHPS
2026-08-04,1771,harga_pihps_modern,24800.0,Rp,MGR03,BD-PIHPS
2026-08-04,1771,harga_pihps_modern,28550.0,Rp,TLR01,BD-PIHPS
2026-08-04,1771,harga_pihps_produsen,13600.0,Rp,BRS03,BD-PIHPS
2026-08-04,1771,harga_pihps_produsen,13400.0,Rp,BRS04,BD-PIHPS
2026-08-04,1771,harga_pihps_produsen,16000.0,Rp,BRS05,BD-PIHPS
2026-08-04,1771,harga_pihps_produsen,13600.0,Rp,BRS06,BD-PIHPS
2026-08-04,1771,harga_pihps_produsen,32500.0,Rp,CMR01,BD-PIHPS
2026-08-04,1771,harga_pihps_produsen,35000.0,Rp,CMR02,BD-PIHPS
2026-08-04,1771,harga_pihps_produsen,35000.0,Rp,CRW01,BD-PIHPS
2026-08-04,1771,harga_pihps_produsen,40500.0,Rp,CRW02,BD-PIHPS
2026-08-04,1771,harga_pihps_produsen,24150.0,Rp,DAY01,BD-PIHPS
2026-08-04,1771,harga_pihps_produsen,150000.0,Rp,DSP01,BD-PIHPS
2026-08-04,1771,harga_pihps_produsen,150000.0,Rp,DSP02,BD-PIHPS
2026-08-04,1771,harga_pihps_produsen,22700.0,Rp,TLR01,BD-PIHPS
2026-08-05,1771,harga_pihps,15450.0,Rp,BRS01,BD-PIHPS
2026-08-05,1771,harga_pihps,12600.0,Rp,BRS02,BD-PIHPS
2026-08-05,1771,harga_pihps,16250.0,Rp,BRS03,BD-PIHPS
2026-08-05,1771,harga_pihps,16150.0,Rp,BRS04,BD-PIHPS
2026-08-05,1771,harga_pihps,17700.0,Rp,BRS05,BD-PIHPS
2026-08-05,1771,harga_pihps,17000.0,Rp,BRS06,BD-PIHPS
2026-08-05,1771,harga_pihps,44500.0,Rp,BWM01,BD-PIHPS
2026-08-05,1771,harga_pihps,43250.0,Rp,BWP01,BD-PIHPS
2026-08-05,1771,harga_pihps,47000.0,Rp,CMR01,BD-PIHPS
2026-08-05,1771,harga_pihps,51250.0,Rp,CMR02,BD-PIHPS
2026-08-05,1771,harga_pihps,55000.0,Rp,CRW01,BD-PIHPS
2026-08-05,1771,harga_pihps,60000.0,Rp,CRW02,BD-PIHPS
2026-08-05,1771,harga_pihps,45000.0,Rp,DAY01,BD-PIHPS
2026-08-05,1771,harga_pihps,160000.0,Rp,DSP01,BD-PIHPS
2026-08-05,1771,harga_pihps,150000.0,Rp,DSP02,BD-PIHPS
2026-08-05,1771,harga_pihps,18250.0,Rp,GLP01,BD-PIHPS
2026-08-05,1771,harga_pihps,19750.0,Rp,GLP02,BD-PIHPS
2026-08-05,1771,harga_pihps,20000.0,Rp,MGR01,BD-PIHPS
2026-08-05,1771,harga_pihps,24000.0,Rp,MGR02,BD-PIHPS
2026-08-05,1771,harga_pihps,23500.0,Rp,MGR03,BD-PIHPS
2026-08-05,1771,harga_pihps,29600.0,Rp,TLR01,BD-PIHPS
2026-08-05,1771,harga_pihps_grosir,14200.0,Rp,BRS01,BD-PIHPS
2026-08-05,1771,harga_pihps_grosir,15600.0,Rp,BRS02,BD-PIHPS
2026-08-05,1771,harga_pihps_grosir,15500.0,Rp,BRS03,BD-PIHPS
2026-08-05,1771,harga_pihps_grosir,15950.0,Rp,BRS04,BD-PIHPS
2026-08-05,1771,harga_pihps_grosir,15650.0,Rp,BRS05,BD-PIHPS
2026-08-05,1771,harga_pihps_grosir,15950.0,Rp,BRS06,BD-PIHPS
2026-08-05,1771,harga_pihps_grosir,28500.0,Rp,BWM01,BD-PIHPS
2026-08-05,1771,harga_pihps_grosir,28000.0,Rp,BWP01,BD-PIHPS
2026-08-05,1771,harga_pihps_grosir,41500.0,Rp,CMR01,BD-PIHPS
2026-08-05,1771,harga_pihps_grosir,44500.0,Rp,CMR02,BD-PIHPS
2026-08-05,1771,harga_pihps_grosir,49000.0,Rp,CRW01,BD-PIHPS
2026-08-05,1771,harga_pihps_grosir,50000.0,Rp,CRW02,BD-PIHPS
2026-08-05,1771,harga_pihps_grosir,37000.0,Rp,DAY01,BD-PIHPS
2026-08-05,1771,harga_pihps_grosir,142500.0,Rp,DSP01,BD-PIHPS
2026-08-05,1771,harga_pihps_grosir,102500.0,Rp,DSP02,BD-PIHPS
2026-08-05,1771,harga_pihps_grosir,17250.0,Rp,GLP01,BD-PIHPS
2026-08-05,1771,harga_pihps_grosir,17500.0,Rp,MGR01,BD-PIHPS
2026-08-05,1771,harga_pihps_grosir,23000.0,Rp,MGR02,BD-PIHPS
2026-08-05,1771,harga_pihps_grosir,22500.0,Rp,MGR03,BD-PIHPS
2026-08-05,1771,harga_pihps_grosir,26350.0,Rp,TLR01,BD-PIHPS
2026-08-05,1771,harga_pihps_modern,15450.0,Rp,BRS01,BD-PIHPS
2026-08-05,1771,harga_pihps_modern,15100.0,Rp,BRS02,BD-PIHPS
2026-08-05,1771,harga_pihps_modern,16350.0,Rp,BRS03,BD-PIHPS
2026-08-05,1771,harga_pihps_modern,16250.0,Rp,BRS04,BD-PIHPS
2026-08-05,1771,harga_pihps_modern,15250.0,Rp,BRS05,BD-PIHPS
2026-08-05,1771,harga_pihps_modern,17700.0,Rp,BRS06,BD-PIHPS
2026-08-05,1771,harga_pihps_modern,59950.0,Rp,BWM01,BD-PIHPS
2026-08-05,1771,harga_pihps_modern,47950.0,Rp,BWP01,BD-PIHPS
2026-08-05,1771,harga_pihps_modern,90450.0,Rp,CMR01,BD-PIHPS
2026-08-05,1771,harga_pihps_modern,64950.0,Rp,CMR02,BD-PIHPS
2026-08-05,1771,harga_pihps_modern,69950.0,Rp,CRW01,BD-PIHPS
2026-08-05,1771,harga_pihps_modern,82950.0,Rp,CRW02,BD-PIHPS
2026-08-05,1771,harga_pihps_modern,44300.0,Rp,DAY01,BD-PIHPS
2026-08-05,1771,harga_pihps_modern,163450.0,Rp,DSP01,BD-PIHPS
2026-08-05,1771,harga_pihps_modern,155950.0,Rp,DSP02,BD-PIHPS
2026-08-05,1771,harga_pihps_modern,17350.0,Rp,GLP01,BD-PIHPS
2026-08-05,1771,harga_pihps_modern,17850.0,Rp,GLP02,BD-PIHPS
2026-08-05,1771,harga_pihps_modern,21350.0,Rp,MGR02,BD-PIHPS
2026-08-05,1771,harga_pihps_modern,24800.0,Rp,MGR03,BD-PIHPS
2026-08-05,1771,harga_pihps_modern,28550.0,Rp,TLR01,BD-PIHPS
2026-08-05,1771,harga_pihps_produsen,13600.0,Rp,BRS03,BD-PIHPS
2026-08-05,1771,harga_pihps_produsen,13400.0,Rp,BRS04,BD-PIHPS
2026-08-05,1771,harga_pihps_produsen,16000.0,Rp,BRS05,BD-PIHPS
2026-08-05,1771,harga_pihps_produsen,13600.0,Rp,BRS06,BD-PIHPS
2026-08-05,1771,harga_pihps_produsen,32500.0,Rp,CMR01,BD-PIHPS
2026-08-05,1771,harga_pihps_produsen,35000.0,Rp,CMR02,BD-PIHPS
2026-08-05,1771,harga_pihps_produsen,35000.0,Rp,CRW01,BD-PIHPS
2026-08-05,1771,harga_pihps_produsen,40500.0,Rp,CRW02,BD-PIHPS
2026-08-05,1771,harga_pihps_produsen,24150.0,Rp,DAY01,BD-PIHPS
2026-08-05,1771,harga_pihps_produsen,150000.0,Rp,DSP01,BD-PIHPS
2026-08-05,1771,harga_pihps_produsen,150000.0,Rp,DSP02,BD-PIHPS
2026-08-05,1771,harga_pihps_produsen,22700.0,Rp,TLR01,BD-PIHPS
2026-08-06,1771,harga_pihps,15450.0,Rp,BRS01,BD-PIHPS
2026-08-06,1771,harga_pihps,12600.0,Rp,BRS02,BD-PIHPS
2026-08-06,1771,harga_pihps,16250.0,Rp,BRS03,BD-PIHPS
2026-08-06,1771,harga_pihps,16150.0,Rp,BRS04,BD-PIHPS
2026-08-06,1771,harga_pihps,17700.0,Rp,BRS05,BD-PIHPS
2026-08-06,1771,harga_pihps,17000.0,Rp,BRS06,BD-PIHPS
2026-08-06,1771,harga_pihps,44500.0,Rp,BWM01,BD-PIHPS
2026-08-06,1771,harga_pihps,43250.0,Rp,BWP01,BD-PIHPS
2026-08-06,1771,harga_pihps,47500.0,Rp,CMR01,BD-PIHPS
2026-08-06,1771,harga_pihps,51750.0,Rp,CMR02,BD-PIHPS
2026-08-06,1771,harga_pihps,57500.0,Rp,CRW01,BD-PIHPS
2026-08-06,1771,harga_pihps,61250.0,Rp,CRW02,BD-PIHPS
2026-08-06,1771,harga_pihps,45000.0,Rp,DAY01,BD-PIHPS
2026-08-06,1771,harga_pihps,160000.0,Rp,DSP01,BD-PIHPS
2026-08-06,1771,harga_pihps,150000.0,Rp,DSP02,BD-PIHPS
2026-08-06,1771,harga_pihps,18250.0,Rp,GLP01,BD-PIHPS
2026-08-06,1771,harga_pihps,19750.0,Rp,GLP02,BD-PIHPS
2026-08-06,1771,harga_pihps,20000.0,Rp,MGR01,BD-PIHPS
2026-08-06,1771,harga_pihps,24000.0,Rp,MGR02,BD-PIHPS
2026-08-06,1771,harga_pihps,23500.0,Rp,MGR03,BD-PIHPS
2026-08-06,1771,harga_pihps,29200.0,Rp,TLR01,BD-PIHPS
2026-08-06,1771,harga_pihps_grosir,14200.0,Rp,BRS01,BD-PIHPS
2026-08-06,1771,harga_pihps_grosir,15600.0,Rp,BRS02,BD-PIHPS
2026-08-06,1771,harga_pihps_grosir,15500.0,Rp,BRS03,BD-PIHPS
2026-08-06,1771,harga_pihps_grosir,15850.0,Rp,BRS04,BD-PIHPS
2026-08-06,1771,harga_pihps_grosir,15650.0,Rp,BRS05,BD-PIHPS
2026-08-06,1771,harga_pihps_grosir,15850.0,Rp,BRS06,BD-PIHPS
2026-08-06,1771,harga_pihps_grosir,26000.0,Rp,BWM01,BD-PIHPS
2026-08-06,1771,harga_pihps_grosir,26500.0,Rp,BWP01,BD-PIHPS
2026-08-06,1771,harga_pihps_grosir,41500.0,Rp,CMR01,BD-PIHPS
2026-08-06,1771,harga_pihps_grosir,45500.0,Rp,CMR02,BD-PIHPS
2026-08-06,1771,harga_pihps_grosir,51000.0,Rp,CRW01,BD-PIHPS
2026-08-06,1771,harga_pihps_grosir,53500.0,Rp,CRW02,BD-PIHPS
2026-08-06,1771,harga_pihps_grosir,38500.0,Rp,DAY01,BD-PIHPS
2026-08-06,1771,harga_pihps_grosir,142500.0,Rp,DSP01,BD-PIHPS
2026-08-06,1771,harga_pihps_grosir,102500.0,Rp,DSP02,BD-PIHPS
2026-08-06,1771,harga_pihps_grosir,17250.0,Rp,GLP01,BD-PIHPS
2026-08-06,1771,harga_pihps_grosir,17500.0,Rp,MGR01,BD-PIHPS
2026-08-06,1771,harga_pihps_grosir,23000.0,Rp,MGR02,BD-PIHPS
2026-08-06,1771,harga_pihps_grosir,22500.0,Rp,MGR03,BD-PIHPS
2026-08-06,1771,harga_pihps_grosir,26350.0,Rp,TLR01,BD-PIHPS
2026-08-06,1771,harga_pihps_modern,15450.0,Rp,BRS01,BD-PIHPS
2026-08-06,1771,harga_pihps_modern,15100.0,Rp,BRS02,BD-PIHPS
2026-08-06,1771,harga_pihps_modern,16350.0,Rp,BRS03,BD-PIHPS
2026-08-06,1771,harga_pihps_modern,16250.0,Rp,BRS04,BD-PIHPS
2026-08-06,1771,harga_pihps_modern,15250.0,Rp,BRS05,BD-PIHPS
2026-08-06,1771,harga_pihps_modern,17700.0,Rp,BRS06,BD-PIHPS
2026-08-06,1771,harga_pihps_modern,59950.0,Rp,BWM01,BD-PIHPS
2026-08-06,1771,harga_pihps_modern,47950.0,Rp,BWP01,BD-PIHPS
2026-08-06,1771,harga_pihps_modern,90450.0,Rp,CMR01,BD-PIHPS
2026-08-06,1771,harga_pihps_modern,64950.0,Rp,CMR02,BD-PIHPS
2026-08-06,1771,harga_pihps_modern,69950.0,Rp,CRW01,BD-PIHPS
2026-08-06,1771,harga_pihps_modern,82950.0,Rp,CRW02,BD-PIHPS
2026-08-06,1771,harga_pihps_modern,44300.0,Rp,DAY01,BD-PIHPS
2026-08-06,1771,harga_pihps_modern,163450.0,Rp,DSP01,BD-PIHPS
2026-08-06,1771,harga_pihps_modern,155950.0,Rp,DSP02,BD-PIHPS
2026-08-06,1771,harga_pihps_modern,17350.0,Rp,GLP01,BD-PIHPS
2026-08-06,1771,harga_pihps_modern,17850.0,Rp,GLP02,BD-PIHPS
2026-08-06,1771,harga_pihps_modern,21350.0,Rp,MGR02,BD-PIHPS
2026-08-06,1771,harga_pihps_modern,24800.0,Rp,MGR03,BD-PIHPS
2026-08-06,1771,harga_pihps_modern,28550.0,Rp,TLR01,BD-PIHPS
2026-08-06,1771,harga_pihps_produsen,13600.0,Rp,BRS03,BD-PIHPS
2026-08-06,1771,harga_pihps_produsen,13400.0,Rp,BRS04,BD-PIHPS
2026-08-06,1771,harga_pihps_produsen,16000.0,Rp,BRS05,BD-PIHPS
2026-08-06,1771,harga_pihps_produsen,13600.0,Rp,BRS06,BD-PIHPS
2026-08-06,1771,harga_pihps_produsen,32500.0,Rp,CMR01,BD-PIHPS
2026-08-06,1771,harga_pihps_produsen,35000.0,Rp,CMR02,BD-PIHPS
2026-08-06,1771,harga_pihps_produsen,35000.0,Rp,CRW01,BD-PIHPS
2026-08-06,1771,harga_pihps_produsen,40500.0,Rp,CRW02,BD-PIHPS
2026-08-06,1771,harga_pihps_produsen,24150.0,Rp,DAY01,BD-PIHPS
2026-08-06,1771,harga_pihps_produsen,150000.0,Rp,DSP01,BD-PIHPS
2026-08-06,1771,harga_pihps_produsen,150000.0,Rp,DSP02,BD-PIHPS
2026-08-06,1771,harga_pihps_produsen,22700.0,Rp,TLR01,BD-PIHPS
2026-08-07,1771,harga_pihps,15450.0,Rp,BRS01,BD-PIHPS
2026-08-07,1771,harga_pihps,12650.0,Rp,BRS02,BD-PIHPS
2026-08-07,1771,harga_pihps,16250.0,Rp,BRS03,BD-PIHPS
2026-08-07,1771,harga_pihps,16150.0,Rp,BRS04,BD-PIHPS
2026-08-07,1771,harga_pihps,17700.0,Rp,BRS05,BD-PIHPS
2026-08-07,1771,harga_pihps,17000.0,Rp,BRS06,BD-PIHPS
2026-08-07,1771,harga_pihps,43250.0,Rp,BWM01,BD-PIHPS
2026-08-07,1771,harga_pihps,42000.0,Rp,BWP01,BD-PIHPS
2026-08-07,1771,harga_pihps,48250.0,Rp,CMR01,BD-PIHPS
2026-08-07,1771,harga_pihps,52500.0,Rp,CMR02,BD-PIHPS
2026-08-07,1771,harga_pihps,61250.0,Rp,CRW01,BD-PIHPS
2026-08-07,1771,harga_pihps,61250.0,Rp,CRW02,BD-PIHPS
2026-08-07,1771,harga_pihps,45000.0,Rp,DAY01,BD-PIHPS
2026-08-07,1771,harga_pihps,160000.0,Rp,DSP01,BD-PIHPS
2026-08-07,1771,harga_pihps,150000.0,Rp,DSP02,BD-PIHPS
2026-08-07,1771,harga_pihps,18250.0,Rp,GLP01,BD-PIHPS
2026-08-07,1771,harga_pihps,19750.0,Rp,GLP02,BD-PIHPS
2026-08-07,1771,harga_pihps,20000.0,Rp,MGR01,BD-PIHPS
2026-08-07,1771,harga_pihps,24000.0,Rp,MGR02,BD-PIHPS
2026-08-07,1771,harga_pihps,23500.0,Rp,MGR03,BD-PIHPS
2026-08-07,1771,harga_pihps,29200.0,Rp,TLR01,BD-PIHPS
2026-08-07,1771,harga_pihps_grosir,14200.0,Rp,BRS01,BD-PIHPS
2026-08-07,1771,harga_pihps_grosir,15600.0,Rp,BRS02,BD-PIHPS
2026-08-07,1771,harga_pihps_grosir,15500.0,Rp,BRS03,BD-PIHPS
2026-08-07,1771,harga_pihps_grosir,15850.0,Rp,BRS04,BD-PIHPS
2026-08-07,1771,harga_pihps_grosir,15650.0,Rp,BRS05,BD-PIHPS
2026-08-07,1771,harga_pihps_grosir,15850.0,Rp,BRS06,BD-PIHPS
2026-08-07,1771,harga_pihps_grosir,26000.0,Rp,BWM01,BD-PIHPS
2026-08-07,1771,harga_pihps_grosir,26500.0,Rp,BWP01,BD-PIHPS
2026-08-07,1771,harga_pihps_grosir,41500.0,Rp,CMR01,BD-PIHPS
2026-08-07,1771,harga_pihps_grosir,45500.0,Rp,CMR02,BD-PIHPS
2026-08-07,1771,harga_pihps_grosir,51000.0,Rp,CRW01,BD-PIHPS
2026-08-07,1771,harga_pihps_grosir,53500.0,Rp,CRW02,BD-PIHPS
2026-08-07,1771,harga_pihps_grosir,38500.0,Rp,DAY01,BD-PIHPS
2026-08-07,1771,harga_pihps_grosir,142500.0,Rp,DSP01,BD-PIHPS
2026-08-07,1771,harga_pihps_grosir,102500.0,Rp,DSP02,BD-PIHPS
2026-08-07,1771,harga_pihps_grosir,17250.0,Rp,GLP01,BD-PIHPS
2026-08-07,1771,harga_pihps_grosir,17500.0,Rp,MGR01,BD-PIHPS
2026-08-07,1771,harga_pihps_grosir,23000.0,Rp,MGR02,BD-PIHPS
2026-08-07,1771,harga_pihps_grosir,22500.0,Rp,MGR03,BD-PIHPS
2026-08-07,1771,harga_pihps_grosir,26350.0,Rp,TLR01,BD-PIHPS
2026-08-07,1771,harga_pihps_modern,15450.0,Rp,BRS01,BD-PIHPS
2026-08-07,1771,harga_pihps_modern,15100.0,Rp,BRS02,BD-PIHPS
2026-08-07,1771,harga_pihps_modern,16350.0,Rp,BRS03,BD-PIHPS
2026-08-07,1771,harga_pihps_modern,16250.0,Rp,BRS04,BD-PIHPS
2026-08-07,1771,harga_pihps_modern,15250.0,Rp,BRS05,BD-PIHPS
2026-08-07,1771,harga_pihps_modern,17700.0,Rp,BRS06,BD-PIHPS
2026-08-07,1771,harga_pihps_modern,59950.0,Rp,BWM01,BD-PIHPS
2026-08-07,1771,harga_pihps_modern,47950.0,Rp,BWP01,BD-PIHPS
2026-08-07,1771,harga_pihps_modern,90450.0,Rp,CMR01,BD-PIHPS
2026-08-07,1771,harga_pihps_modern,64950.0,Rp,CMR02,BD-PIHPS
2026-08-07,1771,harga_pihps_modern,69950.0,Rp,CRW01,BD-PIHPS
2026-08-07,1771,harga_pihps_modern,82950.0,Rp,CRW02,BD-PIHPS
2026-08-07,1771,harga_pihps_modern,44300.0,Rp,DAY01,BD-PIHPS
2026-08-07,1771,harga_pihps_modern,163450.0,Rp,DSP01,BD-PIHPS
2026-08-07,1771,harga_pihps_modern,155950.0,Rp,DSP02,BD-PIHPS
2026-08-07,1771,harga_pihps_modern,17350.0,Rp,GLP01,BD-PIHPS
2026-08-07,1771,harga_pihps_modern,17850.0,Rp,GLP02,BD-PIHPS
2026-08-07,1771,harga_pihps_modern,21350.0,Rp,MGR02,BD-PIHPS
2026-08-07,1771,harga_pihps_modern,24800.0,Rp,MGR03,BD-PIHPS
2026-08-07,1771,harga_pihps_modern,28550.0,Rp,TLR01,BD-PIHPS
2026-08-07,1771,harga_pihps_produsen,13600.0,Rp,BRS03,BD-PIHPS
2026-08-07,1771,harga_pihps_produsen,13400.0,Rp,BRS04,BD-PIHPS
2026-08-07,1771,harga_pihps_produsen,16000.0,Rp,BRS05,BD-PIHPS
2026-08-07,1771,harga_pihps_produsen,13600.0,Rp,BRS06,BD-PIHPS
2026-08-07,1771,harga_pihps_produsen,32500.0,Rp,CMR01,BD-PIHPS
2026-08-07,1771,harga_pihps_produsen,35000.0,Rp,CMR02,BD-PIHPS
2026-08-07,1771,harga_pihps_produsen,35000.0,Rp,CRW01,BD-PIHPS
2026-08-07,1771,harga_pihps_produsen,40500.0,Rp,CRW02,BD-PIHPS
2026-08-07,1771,harga_pihps_produsen,24150.0,Rp,DAY01,BD-PIHPS
2026-08-07,1771,harga_pihps_produsen,150000.0,Rp,DSP01,BD-PIHPS
2026-08-07,1771,harga_pihps_produsen,150000.0,Rp,DSP02,BD-PIHPS
2026-08-07,1771,harga_pihps_produsen,22700.0,Rp,TLR01,BD-PIHPS
2026-08-10,1771,harga_pihps,15450.0,Rp,BRS01,BD-PIHPS
2026-08-10,1771,harga_pihps,12650.0,Rp,BRS02,BD-PIHPS
2026-08-10,1771,harga_pihps,16250.0,Rp,BRS03,BD-PIHPS
2026-08-10,1771,harga_pihps,16150.0,Rp,BRS04,BD-PIHPS
2026-08-10,1771,harga_pihps,17700.0,Rp,BRS05,BD-PIHPS
2026-08-10,1771,harga_pihps,17000.0,Rp,BRS06,BD-PIHPS
2026-08-10,1771,harga_pihps,42000.0,Rp,BWM01,BD-PIHPS
2026-08-10,1771,harga_pihps,42000.0,Rp,BWP01,BD-PIHPS
2026-08-10,1771,harga_pihps,45250.0,Rp,CMR01,BD-PIHPS
2026-08-10,1771,harga_pihps,52500.0,Rp,CMR02,BD-PIHPS
2026-08-10,1771,harga_pihps,58750.0,Rp,CRW01,BD-PIHPS
2026-08-10,1771,harga_pihps,60000.0,Rp,CRW02,BD-PIHPS
2026-08-10,1771,harga_pihps,45000.0,Rp,DAY01,BD-PIHPS
2026-08-10,1771,harga_pihps,160000.0,Rp,DSP01,BD-PIHPS
2026-08-10,1771,harga_pihps,150000.0,Rp,DSP02,BD-PIHPS
2026-08-10,1771,harga_pihps,18250.0,Rp,GLP01,BD-PIHPS
2026-08-10,1771,harga_pihps,19750.0,Rp,GLP02,BD-PIHPS
2026-08-10,1771,harga_pihps,20000.0,Rp,MGR01,BD-PIHPS
2026-08-10,1771,harga_pihps,24000.0,Rp,MGR02,BD-PIHPS
2026-08-10,1771,harga_pihps,23500.0,Rp,MGR03,BD-PIHPS
2026-08-10,1771,harga_pihps,28800.0,Rp,TLR01,BD-PIHPS
2026-08-10,1771,harga_pihps_grosir,14200.0,Rp,BRS01,BD-PIHPS
2026-08-10,1771,harga_pihps_grosir,15600.0,Rp,BRS02,BD-PIHPS
2026-08-10,1771,harga_pihps_grosir,15500.0,Rp,BRS03,BD-PIHPS
2026-08-10,1771,harga_pihps_grosir,15850.0,Rp,BRS04,BD-PIHPS
2026-08-10,1771,harga_pihps_grosir,15650.0,Rp,BRS05,BD-PIHPS
2026-08-10,1771,harga_pihps_grosir,15850.0,Rp,BRS06,BD-PIHPS
2026-08-10,1771,harga_pihps_grosir,26000.0,Rp,BWM01,BD-PIHPS
2026-08-10,1771,harga_pihps_grosir,26500.0,Rp,BWP01,BD-PIHPS
2026-08-10,1771,harga_pihps_grosir,41500.0,Rp,CMR01,BD-PIHPS
2026-08-10,1771,harga_pihps_grosir,45500.0,Rp,CMR02,BD-PIHPS
2026-08-10,1771,harga_pihps_grosir,51000.0,Rp,CRW01,BD-PIHPS
2026-08-10,1771,harga_pihps_grosir,53500.0,Rp,CRW02,BD-PIHPS
2026-08-10,1771,harga_pihps_grosir,38500.0,Rp,DAY01,BD-PIHPS
2026-08-10,1771,harga_pihps_grosir,142500.0,Rp,DSP01,BD-PIHPS
2026-08-10,1771,harga_pihps_grosir,102500.0,Rp,DSP02,BD-PIHPS
2026-08-10,1771,harga_pihps_grosir,17250.0,Rp,GLP01,BD-PIHPS
2026-08-10,1771,harga_pihps_grosir,17500.0,Rp,MGR01,BD-PIHPS
2026-08-10,1771,harga_pihps_grosir,23000.0,Rp,MGR02,BD-PIHPS
2026-08-10,1771,harga_pihps_grosir,22500.0,Rp,MGR03,BD-PIHPS
2026-08-10,1771,harga_pihps_grosir,26350.0,Rp,TLR01,BD-PIHPS
2026-08-10,1771,harga_pihps_modern,15450.0,Rp,BRS01,BD-PIHPS
2026-08-10,1771,harga_pihps_modern,15100.0,Rp,BRS02,BD-PIHPS
2026-08-10,1771,harga_pihps_modern,16350.0,Rp,BRS03,BD-PIHPS
2026-08-10,1771,harga_pihps_modern,16250.0,Rp,BRS04,BD-PIHPS
2026-08-10,1771,harga_pihps_modern,15250.0,Rp,BRS05,BD-PIHPS
2026-08-10,1771,harga_pihps_modern,17700.0,Rp,BRS06,BD-PIHPS
2026-08-10,1771,harga_pihps_modern,59950.0,Rp,BWM01,BD-PIHPS
2026-08-10,1771,harga_pihps_modern,47950.0,Rp,BWP01,BD-PIHPS
2026-08-10,1771,harga_pihps_modern,90450.0,Rp,CMR01,BD-PIHPS
2026-08-10,1771,harga_pihps_modern,64950.0,Rp,CMR02,BD-PIHPS
2026-08-10,1771,harga_pihps_modern,69950.0,Rp,CRW01,BD-PIHPS
2026-08-10,1771,harga_pihps_modern,82950.0,Rp,CRW02,BD-PIHPS
2026-08-10,1771,harga_pihps_modern,44300.0,Rp,DAY01,BD-PIHPS
2026-08-10,1771,harga_pihps_modern,163450.0,Rp,DSP01,BD-PIHPS
2026-08-10,1771,harga_pihps_modern,155950.0,Rp,DSP02,BD-PIHPS
2026-08-10,1771,harga_pihps_modern,17350.0,Rp,GLP01,BD-PIHPS
2026-08-10,1771,harga_pihps_modern,17850.0,Rp,GLP02,BD-PIHPS
2026-08-10,1771,harga_pihps_modern,21350.0,Rp,MGR02,BD-PIHPS
2026-08-10,1771,harga_pihps_modern,24800.0,Rp,MGR03,BD-PIHPS
2026-08-10,1771,harga_pihps_modern,28550.0,Rp,TLR01,BD-PIHPS
2026-08-10,1771,harga_pihps_produsen,13600.0,Rp,BRS03,BD-PIHPS
2026-08-10,1771,harga_pihps_produsen,13400.0,Rp,BRS04,BD-PIHPS
2026-08-10,1771,harga_pihps_produsen,16000.0,Rp,BRS05,BD-PIHPS
2026-08-10,1771,harga_pihps_produsen,13600.0,Rp,BRS06,BD-PIHPS
2026-08-10,1771,harga_pihps_produsen,32500.0,Rp,CMR01,BD-PIHPS
2026-08-10,1771,harga_pihps_produsen,35000.0,Rp,CMR02,BD-PIHPS
2026-08-10,1771,harga_pihps_produsen,35000.0,Rp,CRW01,BD-PIHPS
2026-08-10,1771,harga_pihps_produsen,40500.0,Rp,CRW02,BD-PIHPS
2026-08-10,1771,harga_pihps_produsen,24150.0,Rp,DAY01,BD-PIHPS
2026-08-10,1771,harga_pihps_produsen,150000.0,Rp,DSP01,BD-PIHPS
2026-08-10,1771,harga_pihps_produsen,150000.0,Rp,DSP02,BD-PIHPS
2026-08-10,1771,harga_pihps_produsen,22700.0,Rp,TLR01,BD-PIHPS
2026-08-11,1771,harga_pihps,15450.0,Rp,BRS01,BD-PIHPS
2026-08-11,1771,harga_pihps,12650.0,Rp,BRS02,BD-PIHPS
2026-08-11,1771,harga_pihps,16250.0,Rp,BRS03,BD-PIHPS
2026-08-11,1771,harga_pihps,16250.0,Rp,BRS04,BD-PIHPS
2026-08-11,1771,harga_pihps,17700.0,Rp,BRS05,BD-PIHPS
2026-08-11,1771,harga_pihps,17000.0,Rp,BRS06,BD-PIHPS
2026-08-11,1771,harga_pihps,42000.0,Rp,BWM01,BD-PIHPS
2026-08-11,1771,harga_pihps,42000.0,Rp,BWP01,BD-PIHPS
2026-08-11,1771,harga_pihps,43750.0,Rp,CMR01,BD-PIHPS
2026-08-11,1771,harga_pihps,52000.0,Rp,CMR02,BD-PIHPS
2026-08-11,1771,harga_pihps,57500.0,Rp,CRW01,BD-PIHPS
2026-08-11,1771,harga_pihps,60000.0,Rp,CRW02,BD-PIHPS
2026-08-11,1771,harga_pihps,45750.0,Rp,DAY01,BD-PIHPS
2026-08-11,1771,harga_pihps,160000.0,Rp,DSP01,BD-PIHPS
2026-08-11,1771,harga_pihps,150000.0,Rp,DSP02,BD-PIHPS
2026-08-11,1771,harga_pihps,18250.0,Rp,GLP01,BD-PIHPS
2026-08-11,1771,harga_pihps,19750.0,Rp,GLP02,BD-PIHPS
2026-08-11,1771,harga_pihps,20000.0,Rp,MGR01,BD-PIHPS
2026-08-11,1771,harga_pihps,24000.0,Rp,MGR02,BD-PIHPS
2026-08-11,1771,harga_pihps,23500.0,Rp,MGR03,BD-PIHPS
2026-08-11,1771,harga_pihps,28400.0,Rp,TLR01,BD-PIHPS
2026-08-11,1771,harga_pihps_grosir,14200.0,Rp,BRS01,BD-PIHPS
2026-08-11,1771,harga_pihps_grosir,15600.0,Rp,BRS02,BD-PIHPS
2026-08-11,1771,harga_pihps_grosir,15500.0,Rp,BRS03,BD-PIHPS
2026-08-11,1771,harga_pihps_grosir,15850.0,Rp,BRS04,BD-PIHPS
2026-08-11,1771,harga_pihps_grosir,15650.0,Rp,BRS05,BD-PIHPS
2026-08-11,1771,harga_pihps_grosir,15850.0,Rp,BRS06,BD-PIHPS
2026-08-11,1771,harga_pihps_grosir,26000.0,Rp,BWM01,BD-PIHPS
2026-08-11,1771,harga_pihps_grosir,26500.0,Rp,BWP01,BD-PIHPS
2026-08-11,1771,harga_pihps_grosir,41500.0,Rp,CMR01,BD-PIHPS
2026-08-11,1771,harga_pihps_grosir,45500.0,Rp,CMR02,BD-PIHPS
2026-08-11,1771,harga_pihps_grosir,51000.0,Rp,CRW01,BD-PIHPS
2026-08-11,1771,harga_pihps_grosir,53500.0,Rp,CRW02,BD-PIHPS
2026-08-11,1771,harga_pihps_grosir,38500.0,Rp,DAY01,BD-PIHPS
2026-08-11,1771,harga_pihps_grosir,142500.0,Rp,DSP01,BD-PIHPS
2026-08-11,1771,harga_pihps_grosir,102500.0,Rp,DSP02,BD-PIHPS
2026-08-11,1771,harga_pihps_grosir,17250.0,Rp,GLP01,BD-PIHPS
2026-08-11,1771,harga_pihps_grosir,17500.0,Rp,MGR01,BD-PIHPS
2026-08-11,1771,harga_pihps_grosir,23000.0,Rp,MGR02,BD-PIHPS
2026-08-11,1771,harga_pihps_grosir,22500.0,Rp,MGR03,BD-PIHPS
2026-08-11,1771,harga_pihps_grosir,26350.0,Rp,TLR01,BD-PIHPS
2026-08-11,1771,harga_pihps_modern,15450.0,Rp,BRS01,BD-PIHPS
2026-08-11,1771,harga_pihps_modern,15100.0,Rp,BRS02,BD-PIHPS
2026-08-11,1771,harga_pihps_modern,16350.0,Rp,BRS03,BD-PIHPS
2026-08-11,1771,harga_pihps_modern,16250.0,Rp,BRS04,BD-PIHPS
2026-08-11,1771,harga_pihps_modern,15250.0,Rp,BRS05,BD-PIHPS
2026-08-11,1771,harga_pihps_modern,17700.0,Rp,BRS06,BD-PIHPS
2026-08-11,1771,harga_pihps_modern,59950.0,Rp,BWM01,BD-PIHPS
2026-08-11,1771,harga_pihps_modern,47950.0,Rp,BWP01,BD-PIHPS
2026-08-11,1771,harga_pihps_modern,90450.0,Rp,CMR01,BD-PIHPS
2026-08-11,1771,harga_pihps_modern,64950.0,Rp,CMR02,BD-PIHPS
2026-08-11,1771,harga_pihps_modern,69950.0,Rp,CRW01,BD-PIHPS
2026-08-11,1771,harga_pihps_modern,82950.0,Rp,CRW02,BD-PIHPS
2026-08-11,1771,harga_pihps_modern,46800.0,Rp,DAY01,BD-PIHPS
2026-08-11,1771,harga_pihps_modern,165950.0,Rp,DSP01,BD-PIHPS
2026-08-11,1771,harga_pihps_modern,157450.0,Rp,DSP02,BD-PIHPS
2026-08-11,1771,harga_pihps_modern,17350.0,Rp,GLP01,BD-PIHPS
2026-08-11,1771,harga_pihps_modern,17850.0,Rp,GLP02,BD-PIHPS
2026-08-11,1771,harga_pihps_modern,21350.0,Rp,MGR02,BD-PIHPS
2026-08-11,1771,harga_pihps_modern,24800.0,Rp,MGR03,BD-PIHPS
2026-08-11,1771,harga_pihps_modern,28550.0,Rp,TLR01,BD-PIHPS
2026-08-11,1771,harga_pihps_produsen,13600.0,Rp,BRS03,BD-PIHPS
2026-08-11,1771,harga_pihps_produsen,13400.0,Rp,BRS04,BD-PIHPS
2026-08-11,1771,harga_pihps_produsen,16000.0,Rp,BRS05,BD-PIHPS
2026-08-11,1771,harga_pihps_produsen,13600.0,Rp,BRS06,BD-PIHPS
2026-08-11,1771,harga_pihps_produsen,32500.0,Rp,CMR01,BD-PIHPS
2026-08-11,1771,harga_pihps_produsen,35000.0,Rp,CMR02,BD-PIHPS
2026-08-11,1771,harga_pihps_produsen,35000.0,Rp,CRW01,BD-PIHPS
2026-08-11,1771,harga_pihps_produsen,40500.0,Rp,CRW02,BD-PIHPS
2026-08-11,1771,harga_pihps_produsen,24150.0,Rp,DAY01,BD-PIHPS
2026-08-11,1771,harga_pihps_produsen,150000.0,Rp,DSP01,BD-PIHPS
2026-08-11,1771,harga_pihps_produsen,150000.0,Rp,DSP02,BD-PIHPS
2026-08-11,1771,harga_pihps_produsen,22700.0,Rp,TLR01,BD-PIHPS
2026-08-12,1771,harga_pihps,15450.0,Rp,BRS01,BD-PIHPS
2026-08-12,1771,harga_pihps,12650.0,Rp,BRS02,BD-PIHPS
2026-08-12,1771,harga_pihps,16250.0,Rp,BRS03,BD-PIHPS
2026-08-12,1771,harga_pihps,16250.0,Rp,BRS04,BD-PIHPS
2026-08-12,1771,harga_pihps,17700.0,Rp,BRS05,BD-PIHPS
2026-08-12,1771,harga_pihps,17000.0,Rp,BRS06,BD-PIHPS
2026-08-12,1771,harga_pihps,42000.0,Rp,BWM01,BD-PIHPS
2026-08-12,1771,harga_pihps,42000.0,Rp,BWP01,BD-PIHPS
2026-08-12,1771,harga_pihps,42500.0,Rp,CMR01,BD-PIHPS
2026-08-12,1771,harga_pihps,50000.0,Rp,CMR02,BD-PIHPS
2026-08-12,1771,harga_pihps,61250.0,Rp,CRW01,BD-PIHPS
2026-08-12,1771,harga_pihps,62500.0,Rp,CRW02,BD-PIHPS
2026-08-12,1771,harga_pihps,46500.0,Rp,DAY01,BD-PIHPS
2026-08-12,1771,harga_pihps,160000.0,Rp,DSP01,BD-PIHPS
2026-08-12,1771,harga_pihps,150000.0,Rp,DSP02,BD-PIHPS
2026-08-12,1771,harga_pihps,18250.0,Rp,GLP01,BD-PIHPS
2026-08-12,1771,harga_pihps,19750.0,Rp,GLP02,BD-PIHPS
2026-08-12,1771,harga_pihps,20000.0,Rp,MGR01,BD-PIHPS
2026-08-12,1771,harga_pihps,24000.0,Rp,MGR02,BD-PIHPS
2026-08-12,1771,harga_pihps,23500.0,Rp,MGR03,BD-PIHPS
2026-08-12,1771,harga_pihps,28400.0,Rp,TLR01,BD-PIHPS
2026-08-12,1771,harga_pihps_grosir,14200.0,Rp,BRS01,BD-PIHPS
2026-08-12,1771,harga_pihps_grosir,15600.0,Rp,BRS02,BD-PIHPS
2026-08-12,1771,harga_pihps_grosir,15500.0,Rp,BRS03,BD-PIHPS
2026-08-12,1771,harga_pihps_grosir,15850.0,Rp,BRS04,BD-PIHPS
2026-08-12,1771,harga_pihps_grosir,15650.0,Rp,BRS05,BD-PIHPS
2026-08-12,1771,harga_pihps_grosir,15850.0,Rp,BRS06,BD-PIHPS
2026-08-12,1771,harga_pihps_grosir,26000.0,Rp,BWM01,BD-PIHPS
2026-08-12,1771,harga_pihps_grosir,26500.0,Rp,BWP01,BD-PIHPS
2026-08-12,1771,harga_pihps_grosir,41500.0,Rp,CMR01,BD-PIHPS
2026-08-12,1771,harga_pihps_grosir,45500.0,Rp,CMR02,BD-PIHPS
2026-08-12,1771,harga_pihps_grosir,51000.0,Rp,CRW01,BD-PIHPS
2026-08-12,1771,harga_pihps_grosir,53500.0,Rp,CRW02,BD-PIHPS
2026-08-12,1771,harga_pihps_grosir,38500.0,Rp,DAY01,BD-PIHPS
2026-08-12,1771,harga_pihps_grosir,142500.0,Rp,DSP01,BD-PIHPS
2026-08-12,1771,harga_pihps_grosir,102500.0,Rp,DSP02,BD-PIHPS
2026-08-12,1771,harga_pihps_grosir,17250.0,Rp,GLP01,BD-PIHPS
2026-08-12,1771,harga_pihps_grosir,17500.0,Rp,MGR01,BD-PIHPS
2026-08-12,1771,harga_pihps_grosir,23000.0,Rp,MGR02,BD-PIHPS
2026-08-12,1771,harga_pihps_grosir,22500.0,Rp,MGR03,BD-PIHPS
2026-08-12,1771,harga_pihps_grosir,26350.0,Rp,TLR01,BD-PIHPS
2026-08-12,1771,harga_pihps_modern,15450.0,Rp,BRS01,BD-PIHPS
2026-08-12,1771,harga_pihps_modern,15100.0,Rp,BRS02,BD-PIHPS
2026-08-12,1771,harga_pihps_modern,16350.0,Rp,BRS03,BD-PIHPS
2026-08-12,1771,harga_pihps_modern,16250.0,Rp,BRS04,BD-PIHPS
2026-08-12,1771,harga_pihps_modern,15250.0,Rp,BRS05,BD-PIHPS
2026-08-12,1771,harga_pihps_modern,17700.0,Rp,BRS06,BD-PIHPS
2026-08-12,1771,harga_pihps_modern,59950.0,Rp,BWM01,BD-PIHPS
2026-08-12,1771,harga_pihps_modern,47950.0,Rp,BWP01,BD-PIHPS
2026-08-12,1771,harga_pihps_modern,90450.0,Rp,CMR01,BD-PIHPS
2026-08-12,1771,harga_pihps_modern,64950.0,Rp,CMR02,BD-PIHPS
2026-08-12,1771,harga_pihps_modern,69950.0,Rp,CRW01,BD-PIHPS
2026-08-12,1771,harga_pihps_modern,82950.0,Rp,CRW02,BD-PIHPS
2026-08-12,1771,harga_pihps_modern,46800.0,Rp,DAY01,BD-PIHPS
2026-08-12,1771,harga_pihps_modern,165950.0,Rp,DSP01,BD-PIHPS
2026-08-12,1771,harga_pihps_modern,157450.0,Rp,DSP02,BD-PIHPS
2026-08-12,1771,harga_pihps_modern,17350.0,Rp,GLP01,BD-PIHPS
2026-08-12,1771,harga_pihps_modern,17850.0,Rp,GLP02,BD-PIHPS
2026-08-12,1771,harga_pihps_modern,21350.0,Rp,MGR02,BD-PIHPS
2026-08-12,1771,harga_pihps_modern,24800.0,Rp,MGR03,BD-PIHPS
2026-08-12,1771,harga_pihps_modern,28550.0,Rp,TLR01,BD-PIHPS
2026-08-12,1771,harga_pihps_produsen,13600.0,Rp,BRS03,BD-PIHPS
2026-08-12,1771,harga_pihps_produsen,13400.0,Rp,BRS04,BD-PIHPS
2026-08-12,1771,harga_pihps_produsen,16000.0,Rp,BRS05,BD-PIHPS
2026-08-12,1771,harga_pihps_produsen,13600.0,Rp,BRS06,BD-PIHPS
2026-08-12,1771,harga_pihps_produsen,32500.0,Rp,CMR01,BD-PIHPS
2026-08-12,1771,harga_pihps_produsen,35000.0,Rp,CMR02,BD-PIHPS
2026-08-12,1771,harga_pihps_produsen,35000.0,Rp,CRW01,BD-PIHPS
2026-08-12,1771,harga_pihps_produsen,40500.0,Rp,CRW02,BD-PIHPS
2026-08-12,1771,harga_pihps_produsen,24150.0,Rp,DAY01,BD-PIHPS
2026-08-12,1771,harga_pihps_produsen,150000.0,Rp,DSP01,BD-PIHPS
2026-08-12,1771,harga_pihps_produsen,150000.0,Rp,DSP02,BD-PIHPS
2026-08-12,1771,harga_pihps_produsen,22700.0,Rp,TLR01,BD-PIHPS
2026-08-13,1771,harga_pihps,15500.0,Rp,BRS01,BD-PIHPS
2026-08-13,1771,harga_pihps,12650.0,Rp,BRS02,BD-PIHPS
2026-08-13,1771,harga_pihps,16250.0,Rp,BRS03,BD-PIHPS
2026-08-13,1771,harga_pihps,16350.0,Rp,BRS04,BD-PIHPS
2026-08-13,1771,harga_pihps,17700.0,Rp,BRS05,BD-PIHPS
2026-08-13,1771,harga_pihps,17000.0,Rp,BRS06,BD-PIHPS
2026-08-13,1771,harga_pihps,40750.0,Rp,BWM01,BD-PIHPS
2026-08-13,1771,harga_pihps,40750.0,Rp,BWP01,BD-PIHPS
2026-08-13,1771,harga_pihps,42500.0,Rp,CMR01,BD-PIHPS
2026-08-13,1771,harga_pihps,51250.0,Rp,CMR02,BD-PIHPS
2026-08-13,1771,harga_pihps,58750.0,Rp,CRW01,BD-PIHPS
2026-08-13,1771,harga_pihps,62500.0,Rp,CRW02,BD-PIHPS
2026-08-13,1771,harga_pihps,47250.0,Rp,DAY01,BD-PIHPS
2026-08-13,1771,harga_pihps,160000.0,Rp,DSP01,BD-PIHPS
2026-08-13,1771,harga_pihps,150000.0,Rp,DSP02,BD-PIHPS
2026-08-13,1771,harga_pihps,18250.0,Rp,GLP01,BD-PIHPS
2026-08-13,1771,harga_pihps,19750.0,Rp,GLP02,BD-PIHPS
2026-08-13,1771,harga_pihps,20000.0,Rp,MGR01,BD-PIHPS
2026-08-13,1771,harga_pihps,24000.0,Rp,MGR02,BD-PIHPS
2026-08-13,1771,harga_pihps,23500.0,Rp,MGR03,BD-PIHPS
2026-08-13,1771,harga_pihps,28400.0,Rp,TLR01,BD-PIHPS
2026-08-13,1771,harga_pihps_grosir,14200.0,Rp,BRS01,BD-PIHPS
2026-08-13,1771,harga_pihps_grosir,15600.0,Rp,BRS02,BD-PIHPS
2026-08-13,1771,harga_pihps_grosir,15500.0,Rp,BRS03,BD-PIHPS
2026-08-13,1771,harga_pihps_grosir,15850.0,Rp,BRS04,BD-PIHPS
2026-08-13,1771,harga_pihps_grosir,15650.0,Rp,BRS05,BD-PIHPS
2026-08-13,1771,harga_pihps_grosir,15850.0,Rp,BRS06,BD-PIHPS
2026-08-13,1771,harga_pihps_grosir,26000.0,Rp,BWM01,BD-PIHPS
2026-08-13,1771,harga_pihps_grosir,26500.0,Rp,BWP01,BD-PIHPS
2026-08-13,1771,harga_pihps_grosir,40000.0,Rp,CMR01,BD-PIHPS
2026-08-13,1771,harga_pihps_grosir,43000.0,Rp,CMR02,BD-PIHPS
2026-08-13,1771,harga_pihps_grosir,53500.0,Rp,CRW01,BD-PIHPS
2026-08-13,1771,harga_pihps_grosir,56000.0,Rp,CRW02,BD-PIHPS
2026-08-13,1771,harga_pihps_grosir,41250.0,Rp,DAY01,BD-PIHPS
2026-08-13,1771,harga_pihps_grosir,142500.0,Rp,DSP01,BD-PIHPS
2026-08-13,1771,harga_pihps_grosir,102500.0,Rp,DSP02,BD-PIHPS
2026-08-13,1771,harga_pihps_grosir,17250.0,Rp,GLP01,BD-PIHPS
2026-08-13,1771,harga_pihps_grosir,17500.0,Rp,MGR01,BD-PIHPS
2026-08-13,1771,harga_pihps_grosir,23000.0,Rp,MGR02,BD-PIHPS
2026-08-13,1771,harga_pihps_grosir,22500.0,Rp,MGR03,BD-PIHPS
2026-08-13,1771,harga_pihps_grosir,25550.0,Rp,TLR01,BD-PIHPS
2026-08-13,1771,harga_pihps_modern,15450.0,Rp,BRS01,BD-PIHPS
2026-08-13,1771,harga_pihps_modern,15100.0,Rp,BRS02,BD-PIHPS
2026-08-13,1771,harga_pihps_modern,16350.0,Rp,BRS03,BD-PIHPS
2026-08-13,1771,harga_pihps_modern,16250.0,Rp,BRS04,BD-PIHPS
2026-08-13,1771,harga_pihps_modern,15250.0,Rp,BRS05,BD-PIHPS
2026-08-13,1771,harga_pihps_modern,17700.0,Rp,BRS06,BD-PIHPS
2026-08-13,1771,harga_pihps_modern,59950.0,Rp,BWM01,BD-PIHPS
2026-08-13,1771,harga_pihps_modern,47950.0,Rp,BWP01,BD-PIHPS
2026-08-13,1771,harga_pihps_modern,90450.0,Rp,CMR01,BD-PIHPS
2026-08-13,1771,harga_pihps_modern,64950.0,Rp,CMR02,BD-PIHPS
2026-08-13,1771,harga_pihps_modern,69950.0,Rp,CRW01,BD-PIHPS
2026-08-13,1771,harga_pihps_modern,82950.0,Rp,CRW02,BD-PIHPS
2026-08-13,1771,harga_pihps_modern,46800.0,Rp,DAY01,BD-PIHPS
2026-08-13,1771,harga_pihps_modern,165950.0,Rp,DSP01,BD-PIHPS
2026-08-13,1771,harga_pihps_modern,157450.0,Rp,DSP02,BD-PIHPS
2026-08-13,1771,harga_pihps_modern,17350.0,Rp,GLP01,BD-PIHPS
2026-08-13,1771,harga_pihps_modern,17850.0,Rp,GLP02,BD-PIHPS
2026-08-13,1771,harga_pihps_modern,21350.0,Rp,MGR02,BD-PIHPS
2026-08-13,1771,harga_pihps_modern,24800.0,Rp,MGR03,BD-PIHPS
2026-08-13,1771,harga_pihps_modern,28550.0,Rp,TLR01,BD-PIHPS
2026-08-13,1771,harga_pihps_produsen,13600.0,Rp,BRS03,BD-PIHPS
2026-08-13,1771,harga_pihps_produsen,13400.0,Rp,BRS04,BD-PIHPS
2026-08-13,1771,harga_pihps_produsen,16000.0,Rp,BRS05,BD-PIHPS
2026-08-13,1771,harga_pihps_produsen,13600.0,Rp,BRS06,BD-PIHPS
2026-08-13,1771,harga_pihps_produsen,32500.0,Rp,CMR01,BD-PIHPS
2026-08-13,1771,harga_pihps_produsen,35000.0,Rp,CMR02,BD-PIHPS
2026-08-13,1771,harga_pihps_produsen,35000.0,Rp,CRW01,BD-PIHPS
2026-08-13,1771,harga_pihps_produsen,40500.0,Rp,CRW02,BD-PIHPS
2026-08-13,1771,harga_pihps_produsen,24150.0,Rp,DAY01,BD-PIHPS
2026-08-13,1771,harga_pihps_produsen,150000.0,Rp,DSP01,BD-PIHPS
2026-08-13,1771,harga_pihps_produsen,150000.0,Rp,DSP02,BD-PIHPS
2026-08-13,1771,harga_pihps_produsen,22700.0,Rp,TLR01,BD-PIHPS
2026-08-14,1771,harga_pihps,15500.0,Rp,BRS01,BD-PIHPS
2026-08-14,1771,harga_pihps,12650.0,Rp,BRS02,BD-PIHPS
2026-08-14,1771,harga_pihps,16250.0,Rp,BRS03,BD-PIHPS
2026-08-14,1771,harga_pihps,16350.0,Rp,BRS04,BD-PIHPS
2026-08-14,1771,harga_pihps,17700.0,Rp,BRS05,BD-PIHPS
2026-08-14,1771,harga_pihps,17000.0,Rp,BRS06,BD-PIHPS
2026-08-14,1771,harga_pihps,40750.0,Rp,BWM01,BD-PIHPS
2026-08-14,1771,harga_pihps,40750.0,Rp,BWP01,BD-PIHPS
2026-08-14,1771,harga_pihps,40000.0,Rp,CMR01,BD-PIHPS
2026-08-14,1771,harga_pihps,51250.0,Rp,CMR02,BD-PIHPS
2026-08-14,1771,harga_pihps,56250.0,Rp,CRW01,BD-PIHPS
2026-08-14,1771,harga_pihps,61250.0,Rp,CRW02,BD-PIHPS
2026-08-14,1771,harga_pihps,47000.0,Rp,DAY01,BD-PIHPS
2026-08-14,1771,harga_pihps,160000.0,Rp,DSP01,BD-PIHPS
2026-08-14,1771,harga_pihps,150000.0,Rp,DSP02,BD-PIHPS
2026-08-14,1771,harga_pihps,18250.0,Rp,GLP01,BD-PIHPS
2026-08-14,1771,harga_pihps,19750.0,Rp,GLP02,BD-PIHPS
2026-08-14,1771,harga_pihps,20000.0,Rp,MGR01,BD-PIHPS
2026-08-14,1771,harga_pihps,24000.0,Rp,MGR02,BD-PIHPS
2026-08-14,1771,harga_pihps,23500.0,Rp,MGR03,BD-PIHPS
2026-08-14,1771,harga_pihps,28400.0,Rp,TLR01,BD-PIHPS
2026-08-14,1771,harga_pihps_grosir,14200.0,Rp,BRS01,BD-PIHPS
2026-08-14,1771,harga_pihps_grosir,15600.0,Rp,BRS02,BD-PIHPS
2026-08-14,1771,harga_pihps_grosir,15500.0,Rp,BRS03,BD-PIHPS
2026-08-14,1771,harga_pihps_grosir,15850.0,Rp,BRS04,BD-PIHPS
2026-08-14,1771,harga_pihps_grosir,15650.0,Rp,BRS05,BD-PIHPS
2026-08-14,1771,harga_pihps_grosir,15850.0,Rp,BRS06,BD-PIHPS
2026-08-14,1771,harga_pihps_grosir,26000.0,Rp,BWM01,BD-PIHPS
2026-08-14,1771,harga_pihps_grosir,26500.0,Rp,BWP01,BD-PIHPS
2026-08-14,1771,harga_pihps_grosir,40000.0,Rp,CMR01,BD-PIHPS
2026-08-14,1771,harga_pihps_grosir,43000.0,Rp,CMR02,BD-PIHPS
2026-08-14,1771,harga_pihps_grosir,53500.0,Rp,CRW01,BD-PIHPS
2026-08-14,1771,harga_pihps_grosir,56000.0,Rp,CRW02,BD-PIHPS
2026-08-14,1771,harga_pihps_grosir,41250.0,Rp,DAY01,BD-PIHPS
2026-08-14,1771,harga_pihps_grosir,142500.0,Rp,DSP01,BD-PIHPS
2026-08-14,1771,harga_pihps_grosir,102500.0,Rp,DSP02,BD-PIHPS
2026-08-14,1771,harga_pihps_grosir,17250.0,Rp,GLP01,BD-PIHPS
2026-08-14,1771,harga_pihps_grosir,17500.0,Rp,MGR01,BD-PIHPS
2026-08-14,1771,harga_pihps_grosir,23000.0,Rp,MGR02,BD-PIHPS
2026-08-14,1771,harga_pihps_grosir,22500.0,Rp,MGR03,BD-PIHPS
2026-08-14,1771,harga_pihps_grosir,25550.0,Rp,TLR01,BD-PIHPS
2026-08-14,1771,harga_pihps_modern,15450.0,Rp,BRS01,BD-PIHPS
2026-08-14,1771,harga_pihps_modern,15100.0,Rp,BRS02,BD-PIHPS
2026-08-14,1771,harga_pihps_modern,16350.0,Rp,BRS03,BD-PIHPS
2026-08-14,1771,harga_pihps_modern,16250.0,Rp,BRS04,BD-PIHPS
2026-08-14,1771,harga_pihps_modern,15250.0,Rp,BRS05,BD-PIHPS
2026-08-14,1771,harga_pihps_modern,17700.0,Rp,BRS06,BD-PIHPS
2026-08-14,1771,harga_pihps_modern,59950.0,Rp,BWM01,BD-PIHPS
2026-08-14,1771,harga_pihps_modern,47950.0,Rp,BWP01,BD-PIHPS
2026-08-14,1771,harga_pihps_modern,90450.0,Rp,CMR01,BD-PIHPS
2026-08-14,1771,harga_pihps_modern,64950.0,Rp,CMR02,BD-PIHPS
2026-08-14,1771,harga_pihps_modern,69950.0,Rp,CRW01,BD-PIHPS
2026-08-14,1771,harga_pihps_modern,82950.0,Rp,CRW02,BD-PIHPS
2026-08-14,1771,harga_pihps_modern,46800.0,Rp,DAY01,BD-PIHPS
2026-08-14,1771,harga_pihps_modern,165950.0,Rp,DSP01,BD-PIHPS
2026-08-14,1771,harga_pihps_modern,157450.0,Rp,DSP02,BD-PIHPS
2026-08-14,1771,harga_pihps_modern,17350.0,Rp,GLP01,BD-PIHPS
2026-08-14,1771,harga_pihps_modern,17850.0,Rp,GLP02,BD-PIHPS
2026-08-14,1771,harga_pihps_modern,21350.0,Rp,MGR02,BD-PIHPS
2026-08-14,1771,harga_pihps_modern,24800.0,Rp,MGR03,BD-PIHPS
2026-08-14,1771,harga_pihps_modern,28550.0,Rp,TLR01,BD-PIHPS
2026-08-14,1771,harga_pihps_produsen,13600.0,Rp,BRS03,BD-PIHPS
2026-08-14,1771,harga_pihps_produsen,13400.0,Rp,BRS04,BD-PIHPS
2026-08-14,1771,harga_pihps_produsen,16000.0,Rp,BRS05,BD-PIHPS
2026-08-14,1771,harga_pihps_produsen,13600.0,Rp,BRS06,BD-PIHPS
2026-08-14,1771,harga_pihps_produsen,32500.0,Rp,CMR01,BD-PIHPS
2026-08-14,1771,harga_pihps_produsen,35000.0,Rp,CMR02,BD-PIHPS
2026-08-14,1771,harga_pihps_produsen,35000.0,Rp,CRW01,BD-PIHPS
2026-08-14,1771,harga_pihps_produsen,40500.0,Rp,CRW02,BD-PIHPS
2026-08-14,1771,harga_pihps_produsen,24150.0,Rp,DAY01,BD-PIHPS
2026-08-14,1771,harga_pihps_produsen,150000.0,Rp,DSP01,BD-PIHPS
2026-08-14,1771,harga_pihps_produsen,150000.0,Rp,DSP02,BD-PIHPS
2026-08-14,1771,harga_pihps_produsen,22700.0,Rp,TLR01,BD-PIHPS
2026-08-17,1771,harga_pihps,15500.0,Rp,BRS01,BD-PIHPS
2026-08-17,1771,harga_pihps,12650.0,Rp,BRS02,BD-PIHPS
2026-08-17,1771,harga_pihps,16250.0,Rp,BRS03,BD-PIHPS
2026-08-17,1771,harga_pihps,16350.0,Rp,BRS04,BD-PIHPS
2026-08-17,1771,harga_pihps,17700.0,Rp,BRS05,BD-PIHPS
2026-08-17,1771,harga_pihps,17000.0,Rp,BRS06,BD-PIHPS
2026-08-17,1771,harga_pihps,40750.0,Rp,BWM01,BD-PIHPS
2026-08-17,1771,harga_pihps,40750.0,Rp,BWP01,BD-PIHPS
2026-08-17,1771,harga_pihps,40000.0,Rp,CMR01,BD-PIHPS
2026-08-17,1771,harga_pihps,51250.0,Rp,CMR02,BD-PIHPS
2026-08-17,1771,harga_pihps,56250.0,Rp,CRW01,BD-PIHPS
2026-08-17,1771,harga_pihps,61250.0,Rp,CRW02,BD-PIHPS
2026-08-17,1771,harga_pihps,47000.0,Rp,DAY01,BD-PIHPS
2026-08-17,1771,harga_pihps,160000.0,Rp,DSP01,BD-PIHPS
2026-08-17,1771,harga_pihps,150000.0,Rp,DSP02,BD-PIHPS
2026-08-17,1771,harga_pihps,18250.0,Rp,GLP01,BD-PIHPS
2026-08-17,1771,harga_pihps,19750.0,Rp,GLP02,BD-PIHPS
2026-08-17,1771,harga_pihps,20000.0,Rp,MGR01,BD-PIHPS
2026-08-17,1771,harga_pihps,24000.0,Rp,MGR02,BD-PIHPS
2026-08-17,1771,harga_pihps,23500.0,Rp,MGR03,BD-PIHPS
2026-08-17,1771,harga_pihps,28400.0,Rp,TLR01,BD-PIHPS
2026-08-17,1771,harga_pihps_grosir,14200.0,Rp,BRS01,BD-PIHPS
2026-08-17,1771,harga_pihps_grosir,15600.0,Rp,BRS02,BD-PIHPS
2026-08-17,1771,harga_pihps_grosir,15500.0,Rp,BRS03,BD-PIHPS
2026-08-17,1771,harga_pihps_grosir,15850.0,Rp,BRS04,BD-PIHPS
2026-08-17,1771,harga_pihps_grosir,15650.0,Rp,BRS05,BD-PIHPS
2026-08-17,1771,harga_pihps_grosir,15850.0,Rp,BRS06,BD-PIHPS
2026-08-17,1771,harga_pihps_grosir,26000.0,Rp,BWM01,BD-PIHPS
2026-08-17,1771,harga_pihps_grosir,26500.0,Rp,BWP01,BD-PIHPS
2026-08-17,1771,harga_pihps_grosir,40000.0,Rp,CMR01,BD-PIHPS
2026-08-17,1771,harga_pihps_grosir,43000.0,Rp,CMR02,BD-PIHPS
2026-08-17,1771,harga_pihps_grosir,53500.0,Rp,CRW01,BD-PIHPS
2026-08-17,1771,harga_pihps_grosir,56000.0,Rp,CRW02,BD-PIHPS
2026-08-17,1771,harga_pihps_grosir,41250.0,Rp,DAY01,BD-PIHPS
2026-08-17,1771,harga_pihps_grosir,142500.0,Rp,DSP01,BD-PIHPS
2026-08-17,1771,harga_pihps_grosir,102500.0,Rp,DSP02,BD-PIHPS
2026-08-17,1771,harga_pihps_grosir,17250.0,Rp,GLP01,BD-PIHPS
2026-08-17,1771,harga_pihps_grosir,17500.0,Rp,MGR01,BD-PIHPS
2026-08-17,1771,harga_pihps_grosir,23000.0,Rp,MGR02,BD-PIHPS
2026-08-17,1771,harga_pihps_grosir,22500.0,Rp,MGR03,BD-PIHPS
2026-08-17,1771,harga_pihps_grosir,25550.0,Rp,TLR01,BD-PIHPS
2026-08-17,1771,harga_pihps_modern,15450.0,Rp,BRS01,BD-PIHPS
2026-08-17,1771,harga_pihps_modern,15100.0,Rp,BRS02,BD-PIHPS
2026-08-17,1771,harga_pihps_modern,16350.0,Rp,BRS03,BD-PIHPS
2026-08-17,1771,harga_pihps_modern,16250.0,Rp,BRS04,BD-PIHPS
2026-08-17,1771,harga_pihps_modern,15250.0,Rp,BRS05,BD-PIHPS
2026-08-17,1771,harga_pihps_modern,17700.0,Rp,BRS06,BD-PIHPS
2026-08-17,1771,harga_pihps_modern,59950.0,Rp,BWM01,BD-PIHPS
2026-08-17,1771,harga_pihps_modern,47950.0,Rp,BWP01,BD-PIHPS
2026-08-17,1771,harga_pihps_modern,90450.0,Rp,CMR01,BD-PIHPS
2026-08-17,1771,harga_pihps_modern,64950.0,Rp,CMR02,BD-PIHPS
2026-08-17,1771,harga_pihps_modern,69950.0,Rp,CRW01,BD-PIHPS
2026-08-17,1771,harga_pihps_modern,82950.0,Rp,CRW02,BD-PIHPS
2026-08-17,1771,harga_pihps_modern,46800.0,Rp,DAY01,BD-PIHPS
2026-08-17,1771,harga_pihps_modern,165950.0,Rp,DSP01,BD-PIHPS
2026-08-17,1771,harga_pihps_modern,157450.0,Rp,DSP02,BD-PIHPS
2026-08-17,1771,harga_pihps_modern,17350.0,Rp,GLP01,BD-PIHPS
2026-08-17,1771,harga_pihps_modern,17850.0,Rp,GLP02,BD-PIHPS
2026-08-17,1771,harga_pihps_modern,21350.0,Rp,MGR02,BD-PIHPS
2026-08-17,1771,harga_pihps_modern,24800.0,Rp,MGR03,BD-PIHPS
2026-08-17,1771,harga_pihps_modern,28550.0,Rp,TLR01,BD-PIHPS
2026-08-17,1771,harga_pihps_produsen,13600.0,Rp,BRS03,BD-PIHPS
2026-08-17,1771,harga_pihps_produsen,13400.0,Rp,BRS04,BD-PIHPS
2026-08-17,1771,harga_pihps_produsen,16000.0,Rp,BRS05,BD-PIHPS
2026-08-17,1771,harga_pihps_produsen,13600.0,Rp,BRS06,BD-PIHPS
2026-08-17,1771,harga_pihps_produsen,32500.0,Rp,CMR01,BD-PIHPS
2026-08-17,1771,harga_pihps_produsen,35000.0,Rp,CMR02,BD-PIHPS
2026-08-17,1771,harga_pihps_produsen,35000.0,Rp,CRW01,BD-PIHPS
2026-08-17,1771,harga_pihps_produsen,40500.0,Rp,CRW02,BD-PIHPS
2026-08-17,1771,harga_pihps_produsen,24150.0,Rp,DAY01,BD-PIHPS
2026-08-17,1771,harga_pihps_produsen,150000.0,Rp,DSP01,BD-PIHPS
2026-08-17,1771,harga_pihps_produsen,150000.0,Rp,DSP02,BD-PIHPS
2026-08-17,1771,harga_pihps_produsen,22700.0,Rp,TLR01,BD-PIHPS
2026-08-18,1771,harga_pihps,15500.0,Rp,BRS01,BD-PIHPS
2026-08-18,1771,harga_pihps,12650.0,Rp,BRS02,BD-PIHPS
2026-08-18,1771,harga_pihps,16250.0,Rp,BRS03,BD-PIHPS
2026-08-18,1771,harga_pihps,16350.0,Rp,BRS04,BD-PIHPS
2026-08-18,1771,harga_pihps,17700.0,Rp,BRS05,BD-PIHPS
2026-08-18,1771,harga_pihps,17000.0,Rp,BRS06,BD-PIHPS
2026-08-18,1771,harga_pihps,39250.0,Rp,BWM01,BD-PIHPS
2026-08-18,1771,harga_pihps,40000.0,Rp,BWP01,BD-PIHPS
2026-08-18,1771,harga_pihps,37500.0,Rp,CMR01,BD-PIHPS
2026-08-18,1771,harga_pihps,50000.0,Rp,CMR02,BD-PIHPS
2026-08-18,1771,harga_pihps,58750.0,Rp,CRW01,BD-PIHPS
2026-08-18,1771,harga_pihps,61250.0,Rp,CRW02,BD-PIHPS
2026-08-18,1771,harga_pihps,48000.0,Rp,DAY01,BD-PIHPS
2026-08-18,1771,harga_pihps,160000.0,Rp,DSP01,BD-PIHPS
2026-08-18,1771,harga_pihps,150000.0,Rp,DSP02,BD-PIHPS
2026-08-18,1771,harga_pihps,18250.0,Rp,GLP01,BD-PIHPS
2026-08-18,1771,harga_pihps,19750.0,Rp,GLP02,BD-PIHPS
2026-08-18,1771,harga_pihps,20000.0,Rp,MGR01,BD-PIHPS
2026-08-18,1771,harga_pihps,24000.0,Rp,MGR02,BD-PIHPS
2026-08-18,1771,harga_pihps,23500.0,Rp,MGR03,BD-PIHPS
2026-08-18,1771,harga_pihps,28400.0,Rp,TLR01,BD-PIHPS
2026-08-18,1771,harga_pihps_grosir,14200.0,Rp,BRS01,BD-PIHPS
2026-08-18,1771,harga_pihps_grosir,15600.0,Rp,BRS02,BD-PIHPS
2026-08-18,1771,harga_pihps_grosir,15500.0,Rp,BRS03,BD-PIHPS
2026-08-18,1771,harga_pihps_grosir,15850.0,Rp,BRS04,BD-PIHPS
2026-08-18,1771,harga_pihps_grosir,15650.0,Rp,BRS05,BD-PIHPS
2026-08-18,1771,harga_pihps_grosir,15850.0,Rp,BRS06,BD-PIHPS
2026-08-18,1771,harga_pihps_grosir,26000.0,Rp,BWM01,BD-PIHPS
2026-08-18,1771,harga_pihps_grosir,26500.0,Rp,BWP01,BD-PIHPS
2026-08-18,1771,harga_pihps_grosir,40000.0,Rp,CMR01,BD-PIHPS
2026-08-18,1771,harga_pihps_grosir,43000.0,Rp,CMR02,BD-PIHPS
2026-08-18,1771,harga_pihps_grosir,53500.0,Rp,CRW01,BD-PIHPS
2026-08-18,1771,harga_pihps_grosir,56000.0,Rp,CRW02,BD-PIHPS
2026-08-18,1771,harga_pihps_grosir,41250.0,Rp,DAY01,BD-PIHPS
2026-08-18,1771,harga_pihps_grosir,142500.0,Rp,DSP01,BD-PIHPS
2026-08-18,1771,harga_pihps_grosir,102500.0,Rp,DSP02,BD-PIHPS
2026-08-18,1771,harga_pihps_grosir,17250.0,Rp,GLP01,BD-PIHPS
2026-08-18,1771,harga_pihps_grosir,17500.0,Rp,MGR01,BD-PIHPS
2026-08-18,1771,harga_pihps_grosir,23000.0,Rp,MGR02,BD-PIHPS
2026-08-18,1771,harga_pihps_grosir,22500.0,Rp,MGR03,BD-PIHPS
2026-08-18,1771,harga_pihps_grosir,25550.0,Rp,TLR01,BD-PIHPS
2026-08-18,1771,harga_pihps_modern,15450.0,Rp,BRS01,BD-PIHPS
2026-08-18,1771,harga_pihps_modern,15100.0,Rp,BRS02,BD-PIHPS
2026-08-18,1771,harga_pihps_modern,16350.0,Rp,BRS03,BD-PIHPS
2026-08-18,1771,harga_pihps_modern,16250.0,Rp,BRS04,BD-PIHPS
2026-08-18,1771,harga_pihps_modern,15250.0,Rp,BRS05,BD-PIHPS
2026-08-18,1771,harga_pihps_modern,17700.0,Rp,BRS06,BD-PIHPS
2026-08-18,1771,harga_pihps_modern,59950.0,Rp,BWM01,BD-PIHPS
2026-08-18,1771,harga_pihps_modern,47950.0,Rp,BWP01,BD-PIHPS
2026-08-18,1771,harga_pihps_modern,90450.0,Rp,CMR01,BD-PIHPS
2026-08-18,1771,harga_pihps_modern,64950.0,Rp,CMR02,BD-PIHPS
2026-08-18,1771,harga_pihps_modern,69950.0,Rp,CRW01,BD-PIHPS
2026-08-18,1771,harga_pihps_modern,82950.0,Rp,CRW02,BD-PIHPS
2026-08-18,1771,harga_pihps_modern,46800.0,Rp,DAY01,BD-PIHPS
2026-08-18,1771,harga_pihps_modern,165950.0,Rp,DSP01,BD-PIHPS
2026-08-18,1771,harga_pihps_modern,157450.0,Rp,DSP02,BD-PIHPS
2026-08-18,1771,harga_pihps_modern,17350.0,Rp,GLP01,BD-PIHPS
2026-08-18,1771,harga_pihps_modern,17850.0,Rp,GLP02,BD-PIHPS
2026-08-18,1771,harga_pihps_modern,21350.0,Rp,MGR02,BD-PIHPS
2026-08-18,1771,harga_pihps_modern,24800.0,Rp,MGR03,BD-PIHPS
2026-08-18,1771,harga_pihps_modern,28550.0,Rp,TLR01,BD-PIHPS
2026-08-18,1771,harga_pihps_produsen,13600.0,Rp,BRS03,BD-PIHPS
2026-08-18,1771,harga_pihps_produsen,13400.0,Rp,BRS04,BD-PIHPS
2026-08-18,1771,harga_pihps_produsen,16000.0,Rp,BRS05,BD-PIHPS
2026-08-18,1771,harga_pihps_produsen,13600.0,Rp,BRS06,BD-PIHPS
2026-08-18,1771,harga_pihps_produsen,32500.0,Rp,CMR01,BD-PIHPS
2026-08-18,1771,harga_pihps_produsen,35000.0,Rp,CMR02,BD-PIHPS
2026-08-18,1771,harga_pihps_produsen,35000.0,Rp,CRW01,BD-PIHPS
2026-08-18,1771,harga_pihps_produsen,40500.0,Rp,CRW02,BD-PIHPS
2026-08-18,1771,harga_pihps_produsen,24150.0,Rp,DAY01,BD-PIHPS
2026-08-18,1771,harga_pihps_produsen,150000.0,Rp,DSP01,BD-PIHPS
2026-08-18,1771,harga_pihps_produsen,150000.0,Rp,DSP02,BD-PIHPS
2026-08-18,1771,harga_pihps_produsen,22700.0,Rp,TLR01,BD-PIHPS
2026-08-19,1771,harga_pihps,15500.0,Rp,BRS01,BD-PIHPS
2026-08-19,1771,harga_pihps,12650.0,Rp,BRS02,BD-PIHPS
2026-08-19,1771,harga_pihps,16250.0,Rp,BRS03,BD-PIHPS
2026-08-19,1771,harga_pihps,16350.0,Rp,BRS04,BD-PIHPS
2026-08-19,1771,harga_pihps,17700.0,Rp,BRS05,BD-PIHPS
2026-08-19,1771,harga_pihps,17000.0,Rp,BRS06,BD-PIHPS
2026-08-19,1771,harga_pihps,39250.0,Rp,BWM01,BD-PIHPS
2026-08-19,1771,harga_pihps,40000.0,Rp,BWP01,BD-PIHPS
2026-08-19,1771,harga_pihps,37500.0,Rp,CMR01,BD-PIHPS
2026-08-19,1771,harga_pihps,48750.0,Rp,CMR02,BD-PIHPS
2026-08-19,1771,harga_pihps,57500.0,Rp,CRW01,BD-PIHPS
2026-08-19,1771,harga_pihps,61250.0,Rp,CRW02,BD-PIHPS
2026-08-19,1771,harga_pihps,48000.0,Rp,DAY01,BD-PIHPS
2026-08-19,1771,harga_pihps,160000.0,Rp,DSP01,BD-PIHPS
2026-08-19,1771,harga_pihps,150000.0,Rp,DSP02,BD-PIHPS
2026-08-19,1771,harga_pihps,18250.0,Rp,GLP01,BD-PIHPS
2026-08-19,1771,harga_pihps,19750.0,Rp,GLP02,BD-PIHPS
2026-08-19,1771,harga_pihps,20000.0,Rp,MGR01,BD-PIHPS
2026-08-19,1771,harga_pihps,24000.0,Rp,MGR02,BD-PIHPS
2026-08-19,1771,harga_pihps,23250.0,Rp,MGR03,BD-PIHPS
2026-08-19,1771,harga_pihps,27600.0,Rp,TLR01,BD-PIHPS
2026-08-19,1771,harga_pihps_grosir,14200.0,Rp,BRS01,BD-PIHPS
2026-08-19,1771,harga_pihps_grosir,15600.0,Rp,BRS02,BD-PIHPS
2026-08-19,1771,harga_pihps_grosir,15500.0,Rp,BRS03,BD-PIHPS
2026-08-19,1771,harga_pihps_grosir,15850.0,Rp,BRS04,BD-PIHPS
2026-08-19,1771,harga_pihps_grosir,15650.0,Rp,BRS05,BD-PIHPS
2026-08-19,1771,harga_pihps_grosir,15850.0,Rp,BRS06,BD-PIHPS
2026-08-19,1771,harga_pihps_grosir,26000.0,Rp,BWM01,BD-PIHPS
2026-08-19,1771,harga_pihps_grosir,26500.0,Rp,BWP01,BD-PIHPS
2026-08-19,1771,harga_pihps_grosir,40000.0,Rp,CMR01,BD-PIHPS
2026-08-19,1771,harga_pihps_grosir,43000.0,Rp,CMR02,BD-PIHPS
2026-08-19,1771,harga_pihps_grosir,53500.0,Rp,CRW01,BD-PIHPS
2026-08-19,1771,harga_pihps_grosir,56000.0,Rp,CRW02,BD-PIHPS
2026-08-19,1771,harga_pihps_grosir,41250.0,Rp,DAY01,BD-PIHPS
2026-08-19,1771,harga_pihps_grosir,142500.0,Rp,DSP01,BD-PIHPS
2026-08-19,1771,harga_pihps_grosir,102500.0,Rp,DSP02,BD-PIHPS
2026-08-19,1771,harga_pihps_grosir,17250.0,Rp,GLP01,BD-PIHPS
2026-08-19,1771,harga_pihps_grosir,17500.0,Rp,MGR01,BD-PIHPS
2026-08-19,1771,harga_pihps_grosir,23000.0,Rp,MGR02,BD-PIHPS
2026-08-19,1771,harga_pihps_grosir,22500.0,Rp,MGR03,BD-PIHPS
2026-08-19,1771,harga_pihps_grosir,25550.0,Rp,TLR01,BD-PIHPS
2026-08-19,1771,harga_pihps_modern,15450.0,Rp,BRS01,BD-PIHPS
2026-08-19,1771,harga_pihps_modern,15100.0,Rp,BRS02,BD-PIHPS
2026-08-19,1771,harga_pihps_modern,16350.0,Rp,BRS03,BD-PIHPS
2026-08-19,1771,harga_pihps_modern,16250.0,Rp,BRS04,BD-PIHPS
2026-08-19,1771,harga_pihps_modern,15250.0,Rp,BRS05,BD-PIHPS
2026-08-19,1771,harga_pihps_modern,17700.0,Rp,BRS06,BD-PIHPS
2026-08-19,1771,harga_pihps_modern,59950.0,Rp,BWM01,BD-PIHPS
2026-08-19,1771,harga_pihps_modern,47950.0,Rp,BWP01,BD-PIHPS
2026-08-19,1771,harga_pihps_modern,90450.0,Rp,CMR01,BD-PIHPS
2026-08-19,1771,harga_pihps_modern,64950.0,Rp,CMR02,BD-PIHPS
2026-08-19,1771,harga_pihps_modern,69950.0,Rp,CRW01,BD-PIHPS
2026-08-19,1771,harga_pihps_modern,82950.0,Rp,CRW02,BD-PIHPS
2026-08-19,1771,harga_pihps_modern,46800.0,Rp,DAY01,BD-PIHPS
2026-08-19,1771,harga_pihps_modern,165950.0,Rp,DSP01,BD-PIHPS
2026-08-19,1771,harga_pihps_modern,157450.0,Rp,DSP02,BD-PIHPS
2026-08-19,1771,harga_pihps_modern,17350.0,Rp,GLP01,BD-PIHPS
2026-08-19,1771,harga_pihps_modern,17850.0,Rp,GLP02,BD-PIHPS
2026-08-19,1771,harga_pihps_modern,21350.0,Rp,MGR02,BD-PIHPS
2026-08-19,1771,harga_pihps_modern,24800.0,Rp,MGR03,BD-PIHPS
2026-08-19,1771,harga_pihps_modern,28550.0,Rp,TLR01,BD-PIHPS
2026-08-19,1771,harga_pihps_produsen,13600.0,Rp,BRS03,BD-PIHPS
2026-08-19,1771,harga_pihps_produsen,13400.0,Rp,BRS04,BD-PIHPS
2026-08-19,1771,harga_pihps_produsen,16000.0,Rp,BRS05,BD-PIHPS
2026-08-19,1771,harga_pihps_produsen,13600.0,Rp,BRS06,BD-PIHPS
2026-08-19,1771,harga_pihps_produsen,32500.0,Rp,CMR01,BD-PIHPS
2026-08-19,1771,harga_pihps_produsen,35000.0,Rp,CMR02,BD-PIHPS
2026-08-19,1771,harga_pihps_produsen,35000.0,Rp,CRW01,BD-PIHPS
2026-08-19,1771,harga_pihps_produsen,40500.0,Rp,CRW02,BD-PIHPS
2026-08-19,1771,harga_pihps_produsen,24150.0,Rp,DAY01,BD-PIHPS
2026-08-19,1771,harga_pihps_produsen,150000.0,Rp,DSP01,BD-PIHPS
2026-08-19,1771,harga_pihps_produsen,150000.0,Rp,DSP02,BD-PIHPS
2026-08-19,1771,harga_pihps_produsen,22700.0,Rp,TLR01,BD-PIHPS
2026-08-20,1771,harga_pihps,15500.0,Rp,BRS01,BD-PIHPS
2026-08-20,1771,harga_pihps,12650.0,Rp,BRS02,BD-PIHPS
2026-08-20,1771,harga_pihps,16250.0,Rp,BRS03,BD-PIHPS
2026-08-20,1771,harga_pihps,16350.0,Rp,BRS04,BD-PIHPS
2026-08-20,1771,harga_pihps,17700.0,Rp,BRS05,BD-PIHPS
2026-08-20,1771,harga_pihps,17000.0,Rp,BRS06,BD-PIHPS
2026-08-20,1771,harga_pihps,39250.0,Rp,BWM01,BD-PIHPS
2026-08-20,1771,harga_pihps,40000.0,Rp,BWP01,BD-PIHPS
2026-08-20,1771,harga_pihps,36250.0,Rp,CMR01,BD-PIHPS
2026-08-20,1771,harga_pihps,46250.0,Rp,CMR02,BD-PIHPS
2026-08-20,1771,harga_pihps,58750.0,Rp,CRW01,BD-PIHPS
2026-08-20,1771,harga_pihps,62500.0,Rp,CRW02,BD-PIHPS
2026-08-20,1771,harga_pihps,48000.0,Rp,DAY01,BD-PIHPS
2026-08-20,1771,harga_pihps,160000.0,Rp,DSP01,BD-PIHPS
2026-08-20,1771,harga_pihps,150000.0,Rp,DSP02,BD-PIHPS
2026-08-20,1771,harga_pihps,18250.0,Rp,GLP01,BD-PIHPS
2026-08-20,1771,harga_pihps,19750.0,Rp,GLP02,BD-PIHPS
2026-08-20,1771,harga_pihps,20000.0,Rp,MGR01,BD-PIHPS
2026-08-20,1771,harga_pihps,24000.0,Rp,MGR02,BD-PIHPS
2026-08-20,1771,harga_pihps,23250.0,Rp,MGR03,BD-PIHPS
2026-08-20,1771,harga_pihps,27600.0,Rp,TLR01,BD-PIHPS
2026-08-20,1771,harga_pihps_grosir,14200.0,Rp,BRS01,BD-PIHPS
2026-08-20,1771,harga_pihps_grosir,15600.0,Rp,BRS02,BD-PIHPS
2026-08-20,1771,harga_pihps_grosir,15500.0,Rp,BRS03,BD-PIHPS
2026-08-20,1771,harga_pihps_grosir,15850.0,Rp,BRS04,BD-PIHPS
2026-08-20,1771,harga_pihps_grosir,15800.0,Rp,BRS05,BD-PIHPS
2026-08-20,1771,harga_pihps_grosir,15950.0,Rp,BRS06,BD-PIHPS
2026-08-20,1771,harga_pihps_grosir,27000.0,Rp,BWM01,BD-PIHPS
2026-08-20,1771,harga_pihps_grosir,27500.0,Rp,BWP01,BD-PIHPS
2026-08-20,1771,harga_pihps_grosir,30000.0,Rp,CMR01,BD-PIHPS
2026-08-20,1771,harga_pihps_grosir,34000.0,Rp,CMR02,BD-PIHPS
2026-08-20,1771,harga_pihps_grosir,54000.0,Rp,CRW01,BD-PIHPS
2026-08-20,1771,harga_pihps_grosir,55000.0,Rp,CRW02,BD-PIHPS
2026-08-20,1771,harga_pihps_grosir,41250.0,Rp,DAY01,BD-PIHPS
2026-08-20,1771,harga_pihps_grosir,142500.0,Rp,DSP01,BD-PIHPS
2026-08-20,1771,harga_pihps_grosir,102500.0,Rp,DSP02,BD-PIHPS
2026-08-20,1771,harga_pihps_grosir,17250.0,Rp,GLP01,BD-PIHPS
2026-08-20,1771,harga_pihps_grosir,17500.0,Rp,MGR01,BD-PIHPS
2026-08-20,1771,harga_pihps_grosir,23000.0,Rp,MGR02,BD-PIHPS
2026-08-20,1771,harga_pihps_grosir,22500.0,Rp,MGR03,BD-PIHPS
2026-08-20,1771,harga_pihps_grosir,25550.0,Rp,TLR01,BD-PIHPS
2026-08-20,1771,harga_pihps_modern,15450.0,Rp,BRS01,BD-PIHPS
2026-08-20,1771,harga_pihps_modern,15100.0,Rp,BRS02,BD-PIHPS
2026-08-20,1771,harga_pihps_modern,16350.0,Rp,BRS03,BD-PIHPS
2026-08-20,1771,harga_pihps_modern,16250.0,Rp,BRS04,BD-PIHPS
2026-08-20,1771,harga_pihps_modern,15250.0,Rp,BRS05,BD-PIHPS
2026-08-20,1771,harga_pihps_modern,17700.0,Rp,BRS06,BD-PIHPS
2026-08-20,1771,harga_pihps_modern,59950.0,Rp,BWM01,BD-PIHPS
2026-08-20,1771,harga_pihps_modern,47950.0,Rp,BWP01,BD-PIHPS
2026-08-20,1771,harga_pihps_modern,90450.0,Rp,CMR01,BD-PIHPS
2026-08-20,1771,harga_pihps_modern,64950.0,Rp,CMR02,BD-PIHPS
2026-08-20,1771,harga_pihps_modern,69950.0,Rp,CRW01,BD-PIHPS
2026-08-20,1771,harga_pihps_modern,82950.0,Rp,CRW02,BD-PIHPS
2026-08-20,1771,harga_pihps_modern,46800.0,Rp,DAY01,BD-PIHPS
2026-08-20,1771,harga_pihps_modern,165950.0,Rp,DSP01,BD-PIHPS
2026-08-20,1771,harga_pihps_modern,157450.0,Rp,DSP02,BD-PIHPS
2026-08-20,1771,harga_pihps_modern,17350.0,Rp,GLP01,BD-PIHPS
2026-08-20,1771,harga_pihps_modern,17850.0,Rp,GLP02,BD-PIHPS
2026-08-20,1771,harga_pihps_modern,21350.0,Rp,MGR02,BD-PIHPS
2026-08-20,1771,harga_pihps_modern,24800.0,Rp,MGR03,BD-PIHPS
2026-08-20,1771,harga_pihps_modern,28550.0,Rp,TLR01,BD-PIHPS
2026-08-20,1771,harga_pihps_produsen,13600.0,Rp,BRS03,BD-PIHPS
2026-08-20,1771,harga_pihps_produsen,13400.0,Rp,BRS04,BD-PIHPS
2026-08-20,1771,harga_pihps_produsen,16000.0,Rp,BRS05,BD-PIHPS
2026-08-20,1771,harga_pihps_produsen,13600.0,Rp,BRS06,BD-PIHPS
2026-08-20,1771,harga_pihps_produsen,32500.0,Rp,CMR01,BD-PIHPS
2026-08-20,1771,harga_pihps_produsen,35000.0,Rp,CMR02,BD-PIHPS
2026-08-20,1771,harga_pihps_produsen,35000.0,Rp,CRW01,BD-PIHPS
2026-08-20,1771,harga_pihps_produsen,40500.0,Rp,CRW02,BD-PIHPS
2026-08-20,1771,harga_pihps_produsen,24150.0,Rp,DAY01,BD-PIHPS
2026-08-20,1771,harga_pihps_produsen,150000.0,Rp,DSP01,BD-PIHPS
2026-08-20,1771,harga_pihps_produsen,150000.0,Rp,DSP02,BD-PIHPS
2026-08-20,1771,harga_pihps_produsen,22700.0,Rp,TLR01,BD-PIHPS
2026-08-21,1771,harga_pihps,15500.0,Rp,BRS01,BD-PIHPS
2026-08-21,1771,harga_pihps,12650.0,Rp,BRS02,BD-PIHPS
2026-08-21,1771,harga_pihps,16250.0,Rp,BRS03,BD-PIHPS
2026-08-21,1771,harga_pihps,16350.0,Rp,BRS04,BD-PIHPS
2026-08-21,1771,harga_pihps,17700.0,Rp,BRS05,BD-PIHPS
2026-08-21,1771,harga_pihps,17000.0,Rp,BRS06,BD-PIHPS
2026-08-21,1771,harga_pihps,38250.0,Rp,BWM01,BD-PIHPS
2026-08-21,1771,harga_pihps,40000.0,Rp,BWP01,BD-PIHPS
2026-08-21,1771,harga_pihps,36250.0,Rp,CMR01,BD-PIHPS
2026-08-21,1771,harga_pihps,45000.0,Rp,CMR02,BD-PIHPS
2026-08-21,1771,harga_pihps,57500.0,Rp,CRW01,BD-PIHPS
2026-08-21,1771,harga_pihps,61250.0,Rp,CRW02,BD-PIHPS
2026-08-21,1771,harga_pihps,48000.0,Rp,DAY01,BD-PIHPS
2026-08-21,1771,harga_pihps,160000.0,Rp,DSP01,BD-PIHPS
2026-08-21,1771,harga_pihps,150000.0,Rp,DSP02,BD-PIHPS
2026-08-21,1771,harga_pihps,18250.0,Rp,GLP01,BD-PIHPS
2026-08-21,1771,harga_pihps,19750.0,Rp,GLP02,BD-PIHPS
2026-08-21,1771,harga_pihps,20000.0,Rp,MGR01,BD-PIHPS
2026-08-21,1771,harga_pihps,24000.0,Rp,MGR02,BD-PIHPS
2026-08-21,1771,harga_pihps,23250.0,Rp,MGR03,BD-PIHPS
2026-08-21,1771,harga_pihps,27600.0,Rp,TLR01,BD-PIHPS
2026-08-21,1771,harga_pihps_grosir,14200.0,Rp,BRS01,BD-PIHPS
2026-08-21,1771,harga_pihps_grosir,15600.0,Rp,BRS02,BD-PIHPS
2026-08-21,1771,harga_pihps_grosir,15500.0,Rp,BRS03,BD-PIHPS
2026-08-21,1771,harga_pihps_grosir,15850.0,Rp,BRS04,BD-PIHPS
2026-08-21,1771,harga_pihps_grosir,15800.0,Rp,BRS05,BD-PIHPS
2026-08-21,1771,harga_pihps_grosir,15950.0,Rp,BRS06,BD-PIHPS
2026-08-21,1771,harga_pihps_grosir,27000.0,Rp,BWM01,BD-PIHPS
2026-08-21,1771,harga_pihps_grosir,27500.0,Rp,BWP01,BD-PIHPS
2026-08-21,1771,harga_pihps_grosir,30000.0,Rp,CMR01,BD-PIHPS
2026-08-21,1771,harga_pihps_grosir,34000.0,Rp,CMR02,BD-PIHPS
2026-08-21,1771,harga_pihps_grosir,54000.0,Rp,CRW01,BD-PIHPS
2026-08-21,1771,harga_pihps_grosir,55000.0,Rp,CRW02,BD-PIHPS
2026-08-21,1771,harga_pihps_grosir,41250.0,Rp,DAY01,BD-PIHPS
2026-08-21,1771,harga_pihps_grosir,142500.0,Rp,DSP01,BD-PIHPS
2026-08-21,1771,harga_pihps_grosir,102500.0,Rp,DSP02,BD-PIHPS
2026-08-21,1771,harga_pihps_grosir,17250.0,Rp,GLP01,BD-PIHPS
2026-08-21,1771,harga_pihps_grosir,17500.0,Rp,MGR01,BD-PIHPS
2026-08-21,1771,harga_pihps_grosir,23000.0,Rp,MGR02,BD-PIHPS
2026-08-21,1771,harga_pihps_grosir,22500.0,Rp,MGR03,BD-PIHPS
2026-08-21,1771,harga_pihps_grosir,25550.0,Rp,TLR01,BD-PIHPS
2026-08-21,1771,harga_pihps_modern,15450.0,Rp,BRS01,BD-PIHPS
2026-08-21,1771,harga_pihps_modern,15100.0,Rp,BRS02,BD-PIHPS
2026-08-21,1771,harga_pihps_modern,16350.0,Rp,BRS03,BD-PIHPS
2026-08-21,1771,harga_pihps_modern,16250.0,Rp,BRS04,BD-PIHPS
2026-08-21,1771,harga_pihps_modern,15250.0,Rp,BRS05,BD-PIHPS
2026-08-21,1771,harga_pihps_modern,17700.0,Rp,BRS06,BD-PIHPS
2026-08-21,1771,harga_pihps_modern,59950.0,Rp,BWM01,BD-PIHPS
2026-08-21,1771,harga_pihps_modern,47950.0,Rp,BWP01,BD-PIHPS
2026-08-21,1771,harga_pihps_modern,90450.0,Rp,CMR01,BD-PIHPS
2026-08-21,1771,harga_pihps_modern,64950.0,Rp,CMR02,BD-PIHPS
2026-08-21,1771,harga_pihps_modern,69950.0,Rp,CRW01,BD-PIHPS
2026-08-21,1771,harga_pihps_modern,82950.0,Rp,CRW02,BD-PIHPS
2026-08-21,1771,harga_pihps_modern,46800.0,Rp,DAY01,BD-PIHPS
2026-08-21,1771,harga_pihps_modern,165950.0,Rp,DSP01,BD-PIHPS
2026-08-21,1771,harga_pihps_modern,157450.0,Rp,DSP02,BD-PIHPS
2026-08-21,1771,harga_pihps_modern,17350.0,Rp,GLP01,BD-PIHPS
2026-08-21,1771,harga_pihps_modern,17850.0,Rp,GLP02,BD-PIHPS
2026-08-21,1771,harga_pihps_modern,21350.0,Rp,MGR02,BD-PIHPS
2026-08-21,1771,harga_pihps_modern,24800.0,Rp,MGR03,BD-PIHPS
2026-08-21,1771,harga_pihps_modern,28550.0,Rp,TLR01,BD-PIHPS
2026-08-21,1771,harga_pihps_produsen,13600.0,Rp,BRS03,BD-PIHPS
2026-08-21,1771,harga_pihps_produsen,13400.0,Rp,BRS04,BD-PIHPS
2026-08-21,1771,harga_pihps_produsen,16000.0,Rp,BRS05,BD-PIHPS
2026-08-21,1771,harga_pihps_produsen,13600.0,Rp,BRS06,BD-PIHPS
2026-08-21,1771,harga_pihps_produsen,32500.0,Rp,CMR01,BD-PIHPS
2026-08-21,1771,harga_pihps_produsen,35000.0,Rp,CMR02,BD-PIHPS
2026-08-21,1771,harga_pihps_produsen,35000.0,Rp,CRW01,BD-PIHPS
2026-08-21,1771,harga_pihps_produsen,40500.0,Rp,CRW02,BD-PIHPS
2026-08-21,1771,harga_pihps_produsen,24150.0,Rp,DAY01,BD-PIHPS
2026-08-21,1771,harga_pihps_produsen,150000.0,Rp,DSP01,BD-PIHPS
2026-08-21,1771,harga_pihps_produsen,150000.0,Rp,DSP02,BD-PIHPS
2026-08-21,1771,harga_pihps_produsen,22700.0,Rp,TLR01,BD-PIHPS
2026-08-24,1771,harga_pihps,15500.0,Rp,BRS01,BD-PIHPS
2026-08-24,1771,harga_pihps,12650.0,Rp,BRS02,BD-PIHPS
2026-08-24,1771,harga_pihps,16250.0,Rp,BRS03,BD-PIHPS
2026-08-24,1771,harga_pihps,16350.0,Rp,BRS04,BD-PIHPS
2026-08-24,1771,harga_pihps,17700.0,Rp,BRS05,BD-PIHPS
2026-08-24,1771,harga_pihps,17000.0,Rp,BRS06,BD-PIHPS
2026-08-24,1771,harga_pihps,38250.0,Rp,BWM01,BD-PIHPS
2026-08-24,1771,harga_pihps,39000.0,Rp,BWP01,BD-PIHPS
2026-08-24,1771,harga_pihps,36250.0,Rp,CMR01,BD-PIHPS
2026-08-24,1771,harga_pihps,46250.0,Rp,CMR02,BD-PIHPS
2026-08-24,1771,harga_pihps,60000.0,Rp,CRW01,BD-PIHPS
2026-08-24,1771,harga_pihps,65000.0,Rp,CRW02,BD-PIHPS
2026-08-24,1771,harga_pihps,48000.0,Rp,DAY01,BD-PIHPS
2026-08-24,1771,harga_pihps,160000.0,Rp,DSP01,BD-PIHPS
2026-08-24,1771,harga_pihps,150000.0,Rp,DSP02,BD-PIHPS
2026-08-24,1771,harga_pihps,18250.0,Rp,GLP01,BD-PIHPS
2026-08-24,1771,harga_pihps,19750.0,Rp,GLP02,BD-PIHPS
2026-08-24,1771,harga_pihps,20000.0,Rp,MGR01,BD-PIHPS
2026-08-24,1771,harga_pihps,24000.0,Rp,MGR02,BD-PIHPS
2026-08-24,1771,harga_pihps,23250.0,Rp,MGR03,BD-PIHPS
2026-08-24,1771,harga_pihps,27600.0,Rp,TLR01,BD-PIHPS
2026-08-24,1771,harga_pihps_grosir,14200.0,Rp,BRS01,BD-PIHPS
2026-08-24,1771,harga_pihps_grosir,15600.0,Rp,BRS02,BD-PIHPS
2026-08-24,1771,harga_pihps_grosir,15500.0,Rp,BRS03,BD-PIHPS
2026-08-24,1771,harga_pihps_grosir,15850.0,Rp,BRS04,BD-PIHPS
2026-08-24,1771,harga_pihps_grosir,15800.0,Rp,BRS05,BD-PIHPS
2026-08-24,1771,harga_pihps_grosir,15950.0,Rp,BRS06,BD-PIHPS
2026-08-24,1771,harga_pihps_grosir,27000.0,Rp,BWM01,BD-PIHPS
2026-08-24,1771,harga_pihps_grosir,27500.0,Rp,BWP01,BD-PIHPS
2026-08-24,1771,harga_pihps_grosir,30000.0,Rp,CMR01,BD-PIHPS
2026-08-24,1771,harga_pihps_grosir,34000.0,Rp,CMR02,BD-PIHPS
2026-08-24,1771,harga_pihps_grosir,54000.0,Rp,CRW01,BD-PIHPS
2026-08-24,1771,harga_pihps_grosir,55000.0,Rp,CRW02,BD-PIHPS
2026-08-24,1771,harga_pihps_grosir,41250.0,Rp,DAY01,BD-PIHPS
2026-08-24,1771,harga_pihps_grosir,142500.0,Rp,DSP01,BD-PIHPS
2026-08-24,1771,harga_pihps_grosir,102500.0,Rp,DSP02,BD-PIHPS
2026-08-24,1771,harga_pihps_grosir,17250.0,Rp,GLP01,BD-PIHPS
2026-08-24,1771,harga_pihps_grosir,17500.0,Rp,MGR01,BD-PIHPS
2026-08-24,1771,harga_pihps_grosir,23000.0,Rp,MGR02,BD-PIHPS
2026-08-24,1771,harga_pihps_grosir,22500.0,Rp,MGR03,BD-PIHPS
2026-08-24,1771,harga_pihps_grosir,25550.0,Rp,TLR01,BD-PIHPS
2026-08-24,1771,harga_pihps_modern,15450.0,Rp,BRS01,BD-PIHPS
2026-08-24,1771,harga_pihps_modern,15100.0,Rp,BRS02,BD-PIHPS
2026-08-24,1771,harga_pihps_modern,16350.0,Rp,BRS03,BD-PIHPS
2026-08-24,1771,harga_pihps_modern,16250.0,Rp,BRS04,BD-PIHPS
2026-08-24,1771,harga_pihps_modern,15250.0,Rp,BRS05,BD-PIHPS
2026-08-24,1771,harga_pihps_modern,17700.0,Rp,BRS06,BD-PIHPS
2026-08-24,1771,harga_pihps_modern,59950.0,Rp,BWM01,BD-PIHPS
2026-08-24,1771,harga_pihps_modern,47950.0,Rp,BWP01,BD-PIHPS
2026-08-24,1771,harga_pihps_modern,90450.0,Rp,CMR01,BD-PIHPS
2026-08-24,1771,harga_pihps_modern,64950.0,Rp,CMR02,BD-PIHPS
2026-08-24,1771,harga_pihps_modern,69950.0,Rp,CRW01,BD-PIHPS
2026-08-24,1771,harga_pihps_modern,82950.0,Rp,CRW02,BD-PIHPS
2026-08-24,1771,harga_pihps_modern,46800.0,Rp,DAY01,BD-PIHPS
2026-08-24,1771,harga_pihps_modern,165950.0,Rp,DSP01,BD-PIHPS
2026-08-24,1771,harga_pihps_modern,157450.0,Rp,DSP02,BD-PIHPS
2026-08-24,1771,harga_pihps_modern,17350.0,Rp,GLP01,BD-PIHPS
2026-08-24,1771,harga_pihps_modern,17850.0,Rp,GLP02,BD-PIHPS
2026-08-24,1771,harga_pihps_modern,21350.0,Rp,MGR02,BD-PIHPS
2026-08-24,1771,harga_pihps_modern,24800.0,Rp,MGR03,BD-PIHPS
2026-08-24,1771,harga_pihps_modern,28550.0,Rp,TLR01,BD-PIHPS
2026-08-24,1771,harga_pihps_produsen,13600.0,Rp,BRS03,BD-PIHPS
2026-08-24,1771,harga_pihps_produsen,13400.0,Rp,BRS04,BD-PIHPS
2026-08-24,1771,harga_pihps_produsen,16000.0,Rp,BRS05,BD-PIHPS
2026-08-24,1771,harga_pihps_produsen,13600.0,Rp,BRS06,BD-PIHPS
2026-08-24,1771,harga_pihps_produsen,32500.0,Rp,CMR01,BD-PIHPS
2026-08-24,1771,harga_pihps_produsen,35000.0,Rp,CMR02,BD-PIHPS
2026-08-24,1771,harga_pihps_produsen,35000.0,Rp,CRW01,BD-PIHPS
2026-08-24,1771,harga_pihps_produsen,40500.0,Rp,CRW02,BD-PIHPS
2026-08-24,1771,harga_pihps_produsen,24150.0,Rp,DAY01,BD-PIHPS
2026-08-24,1771,harga_pihps_produsen,150000.0,Rp,DSP01,BD-PIHPS
2026-08-24,1771,harga_pihps_produsen,150000.0,Rp,DSP02,BD-PIHPS
2026-08-24,1771,harga_pihps_produsen,22700.0,Rp,TLR01,BD-PIHPS
2026-08-25,1771,harga_pihps,15500.0,Rp,BRS01,BD-PIHPS
2026-08-25,1771,harga_pihps,12650.0,Rp,BRS02,BD-PIHPS
2026-08-25,1771,harga_pihps,16250.0,Rp,BRS03,BD-PIHPS
2026-08-25,1771,harga_pihps,16350.0,Rp,BRS04,BD-PIHPS
2026-08-25,1771,harga_pihps,17700.0,Rp,BRS05,BD-PIHPS
2026-08-25,1771,harga_pihps,17000.0,Rp,BRS06,BD-PIHPS
2026-08-25,1771,harga_pihps,38250.0,Rp,BWM01,BD-PIHPS
2026-08-25,1771,harga_pihps,39000.0,Rp,BWP01,BD-PIHPS
2026-08-25,1771,harga_pihps,36250.0,Rp,CMR01,BD-PIHPS
2026-08-25,1771,harga_pihps,46250.0,Rp,CMR02,BD-PIHPS
2026-08-25,1771,harga_pihps,60000.0,Rp,CRW01,BD-PIHPS
2026-08-25,1771,harga_pihps,65000.0,Rp,CRW02,BD-PIHPS
2026-08-25,1771,harga_pihps,48000.0,Rp,DAY01,BD-PIHPS
2026-08-25,1771,harga_pihps,160000.0,Rp,DSP01,BD-PIHPS
2026-08-25,1771,harga_pihps,150000.0,Rp,DSP02,BD-PIHPS
2026-08-25,1771,harga_pihps,18250.0,Rp,GLP01,BD-PIHPS
2026-08-25,1771,harga_pihps,19750.0,Rp,GLP02,BD-PIHPS
2026-08-25,1771,harga_pihps,20000.0,Rp,MGR01,BD-PIHPS
2026-08-25,1771,harga_pihps,24000.0,Rp,MGR02,BD-PIHPS
2026-08-25,1771,harga_pihps,23250.0,Rp,MGR03,BD-PIHPS
2026-08-25,1771,harga_pihps,27600.0,Rp,TLR01,BD-PIHPS
2026-08-25,1771,harga_pihps_grosir,14200.0,Rp,BRS01,BD-PIHPS
2026-08-25,1771,harga_pihps_grosir,15600.0,Rp,BRS02,BD-PIHPS
2026-08-25,1771,harga_pihps_grosir,15500.0,Rp,BRS03,BD-PIHPS
2026-08-25,1771,harga_pihps_grosir,15850.0,Rp,BRS04,BD-PIHPS
2026-08-25,1771,harga_pihps_grosir,15800.0,Rp,BRS05,BD-PIHPS
2026-08-25,1771,harga_pihps_grosir,15950.0,Rp,BRS06,BD-PIHPS
2026-08-25,1771,harga_pihps_grosir,27000.0,Rp,BWM01,BD-PIHPS
2026-08-25,1771,harga_pihps_grosir,27500.0,Rp,BWP01,BD-PIHPS
2026-08-25,1771,harga_pihps_grosir,30000.0,Rp,CMR01,BD-PIHPS
2026-08-25,1771,harga_pihps_grosir,34000.0,Rp,CMR02,BD-PIHPS
2026-08-25,1771,harga_pihps_grosir,54000.0,Rp,CRW01,BD-PIHPS
2026-08-25,1771,harga_pihps_grosir,55000.0,Rp,CRW02,BD-PIHPS
2026-08-25,1771,harga_pihps_grosir,41250.0,Rp,DAY01,BD-PIHPS
2026-08-25,1771,harga_pihps_grosir,142500.0,Rp,DSP01,BD-PIHPS
2026-08-25,1771,harga_pihps_grosir,102500.0,Rp,DSP02,BD-PIHPS
2026-08-25,1771,harga_pihps_grosir,17250.0,Rp,GLP01,BD-PIHPS
2026-08-25,1771,harga_pihps_grosir,17500.0,Rp,MGR01,BD-PIHPS
2026-08-25,1771,harga_pihps_grosir,23000.0,Rp,MGR02,BD-PIHPS
2026-08-25,1771,harga_pihps_grosir,22500.0,Rp,MGR03,BD-PIHPS
2026-08-25,1771,harga_pihps_grosir,25550.0,Rp,TLR01,BD-PIHPS
2026-08-25,1771,harga_pihps_modern,15450.0,Rp,BRS01,BD-PIHPS
2026-08-25,1771,harga_pihps_modern,15100.0,Rp,BRS02,BD-PIHPS
2026-08-25,1771,harga_pihps_modern,16350.0,Rp,BRS03,BD-PIHPS
2026-08-25,1771,harga_pihps_modern,16250.0,Rp,BRS04,BD-PIHPS
2026-08-25,1771,harga_pihps_modern,15250.0,Rp,BRS05,BD-PIHPS
2026-08-25,1771,harga_pihps_modern,17700.0,Rp,BRS06,BD-PIHPS
2026-08-25,1771,harga_pihps_modern,59950.0,Rp,BWM01,BD-PIHPS
2026-08-25,1771,harga_pihps_modern,47950.0,Rp,BWP01,BD-PIHPS
2026-08-25,1771,harga_pihps_modern,90450.0,Rp,CMR01,BD-PIHPS
2026-08-25,1771,harga_pihps_modern,64950.0,Rp,CMR02,BD-PIHPS
2026-08-25,1771,harga_pihps_modern,72450.0,Rp,CRW01,BD-PIHPS
2026-08-25,1771,harga_pihps_modern,85450.0,Rp,CRW02,BD-PIHPS
2026-08-25,1771,harga_pihps_modern,49300.0,Rp,DAY01,BD-PIHPS
2026-08-25,1771,harga_pihps_modern,170950.0,Rp,DSP01,BD-PIHPS
2026-08-25,1771,harga_pihps_modern,159950.0,Rp,DSP02,BD-PIHPS
2026-08-25,1771,harga_pihps_modern,17400.0,Rp,GLP01,BD-PIHPS
2026-08-25,1771,harga_pihps_modern,17850.0,Rp,GLP02,BD-PIHPS
2026-08-25,1771,harga_pihps_modern,21350.0,Rp,MGR02,BD-PIHPS
2026-08-25,1771,harga_pihps_modern,24800.0,Rp,MGR03,BD-PIHPS
2026-08-25,1771,harga_pihps_modern,28550.0,Rp,TLR01,BD-PIHPS
2026-08-25,1771,harga_pihps_produsen,13800.0,Rp,BRS03,BD-PIHPS
2026-08-25,1771,harga_pihps_produsen,13600.0,Rp,BRS04,BD-PIHPS
2026-08-25,1771,harga_pihps_produsen,16250.0,Rp,BRS05,BD-PIHPS
2026-08-25,1771,harga_pihps_produsen,13800.0,Rp,BRS06,BD-PIHPS
2026-08-25,1771,harga_pihps_produsen,31500.0,Rp,CMR01,BD-PIHPS
2026-08-25,1771,harga_pihps_produsen,30650.0,Rp,CMR02,BD-PIHPS
2026-08-25,1771,harga_pihps_produsen,45000.0,Rp,CRW01,BD-PIHPS
2026-08-25,1771,harga_pihps_produsen,39650.0,Rp,CRW02,BD-PIHPS
2026-08-25,1771,harga_pihps_produsen,28000.0,Rp,DAY01,BD-PIHPS
2026-08-25,1771,harga_pihps_produsen,150000.0,Rp,DSP01,BD-PIHPS
2026-08-25,1771,harga_pihps_produsen,150000.0,Rp,DSP02,BD-PIHPS
2026-08-25,1771,harga_pihps_produsen,21500.0,Rp,TLR01,BD-PIHPS
2026-08-26,1771,harga_pihps,15500.0,Rp,BRS01,BD-PIHPS
2026-08-26,1771,harga_pihps,12650.0,Rp,BRS02,BD-PIHPS
2026-08-26,1771,harga_pihps,16250.0,Rp,BRS03,BD-PIHPS
2026-08-26,1771,harga_pihps,16350.0,Rp,BRS04,BD-PIHPS
2026-08-26,1771,harga_pihps,17700.0,Rp,BRS05,BD-PIHPS
2026-08-26,1771,harga_pihps,17000.0,Rp,BRS06,BD-PIHPS
2026-08-26,1771,harga_pihps,38500.0,Rp,BWM01,BD-PIHPS
2026-08-26,1771,harga_pihps,38500.0,Rp,BWP01,BD-PIHPS
2026-08-26,1771,harga_pihps,37500.0,Rp,CMR01,BD-PIHPS
2026-08-26,1771,harga_pihps,48250.0,Rp,CMR02,BD-PIHPS
2026-08-26,1771,harga_pihps,60000.0,Rp,CRW01,BD-PIHPS
2026-08-26,1771,harga_pihps,63750.0,Rp,CRW02,BD-PIHPS
2026-08-26,1771,harga_pihps,48000.0,Rp,DAY01,BD-PIHPS
2026-08-26,1771,harga_pihps,160000.0,Rp,DSP01,BD-PIHPS
2026-08-26,1771,harga_pihps,150000.0,Rp,DSP02,BD-PIHPS
2026-08-26,1771,harga_pihps,18500.0,Rp,GLP01,BD-PIHPS
2026-08-26,1771,harga_pihps,19750.0,Rp,GLP02,BD-PIHPS
2026-08-26,1771,harga_pihps,20000.0,Rp,MGR01,BD-PIHPS
2026-08-26,1771,harga_pihps,24000.0,Rp,MGR02,BD-PIHPS
2026-08-26,1771,harga_pihps,23250.0,Rp,MGR03,BD-PIHPS
2026-08-26,1771,harga_pihps,27600.0,Rp,TLR01,BD-PIHPS
2026-08-26,1771,harga_pihps_grosir,14200.0,Rp,BRS01,BD-PIHPS
2026-08-26,1771,harga_pihps_grosir,15600.0,Rp,BRS02,BD-PIHPS
2026-08-26,1771,harga_pihps_grosir,15500.0,Rp,BRS03,BD-PIHPS
2026-08-26,1771,harga_pihps_grosir,15850.0,Rp,BRS04,BD-PIHPS
2026-08-26,1771,harga_pihps_grosir,15800.0,Rp,BRS05,BD-PIHPS
2026-08-26,1771,harga_pihps_grosir,15950.0,Rp,BRS06,BD-PIHPS
2026-08-26,1771,harga_pihps_grosir,27000.0,Rp,BWM01,BD-PIHPS
2026-08-26,1771,harga_pihps_grosir,27500.0,Rp,BWP01,BD-PIHPS
2026-08-26,1771,harga_pihps_grosir,30000.0,Rp,CMR01,BD-PIHPS
2026-08-26,1771,harga_pihps_grosir,34000.0,Rp,CMR02,BD-PIHPS
2026-08-26,1771,harga_pihps_grosir,54000.0,Rp,CRW01,BD-PIHPS
2026-08-26,1771,harga_pihps_grosir,55000.0,Rp,CRW02,BD-PIHPS
2026-08-26,1771,harga_pihps_grosir,41250.0,Rp,DAY01,BD-PIHPS
2026-08-26,1771,harga_pihps_grosir,142500.0,Rp,DSP01,BD-PIHPS
2026-08-26,1771,harga_pihps_grosir,102500.0,Rp,DSP02,BD-PIHPS
2026-08-26,1771,harga_pihps_grosir,17250.0,Rp,GLP01,BD-PIHPS
2026-08-26,1771,harga_pihps_grosir,17500.0,Rp,MGR01,BD-PIHPS
2026-08-26,1771,harga_pihps_grosir,23000.0,Rp,MGR02,BD-PIHPS
2026-08-26,1771,harga_pihps_grosir,22500.0,Rp,MGR03,BD-PIHPS
2026-08-26,1771,harga_pihps_grosir,25550.0,Rp,TLR01,BD-PIHPS
2026-08-26,1771,harga_pihps_modern,15450.0,Rp,BRS01,BD-PIHPS
2026-08-26,1771,harga_pihps_modern,15100.0,Rp,BRS02,BD-PIHPS
2026-08-26,1771,harga_pihps_modern,16350.0,Rp,BRS03,BD-PIHPS
2026-08-26,1771,harga_pihps_modern,16250.0,Rp,BRS04,BD-PIHPS
2026-08-26,1771,harga_pihps_modern,15250.0,Rp,BRS05,BD-PIHPS
2026-08-26,1771,harga_pihps_modern,17700.0,Rp,BRS06,BD-PIHPS
2026-08-26,1771,harga_pihps_modern,59950.0,Rp,BWM01,BD-PIHPS
2026-08-26,1771,harga_pihps_modern,47950.0,Rp,BWP01,BD-PIHPS
2026-08-26,1771,harga_pihps_modern,90450.0,Rp,CMR01,BD-PIHPS
2026-08-26,1771,harga_pihps_modern,64950.0,Rp,CMR02,BD-PIHPS
2026-08-26,1771,harga_pihps_modern,72450.0,Rp,CRW01,BD-PIHPS
2026-08-26,1771,harga_pihps_modern,85450.0,Rp,CRW02,BD-PIHPS
2026-08-26,1771,harga_pihps_modern,49300.0,Rp,DAY01,BD-PIHPS
2026-08-26,1771,harga_pihps_modern,170950.0,Rp,DSP01,BD-PIHPS
2026-08-26,1771,harga_pihps_modern,159950.0,Rp,DSP02,BD-PIHPS
2026-08-26,1771,harga_pihps_modern,17400.0,Rp,GLP01,BD-PIHPS
2026-08-26,1771,harga_pihps_modern,17850.0,Rp,GLP02,BD-PIHPS
2026-08-26,1771,harga_pihps_modern,21350.0,Rp,MGR02,BD-PIHPS
2026-08-26,1771,harga_pihps_modern,24800.0,Rp,MGR03,BD-PIHPS
2026-08-26,1771,harga_pihps_modern,28550.0,Rp,TLR01,BD-PIHPS
2026-08-26,1771,harga_pihps_produsen,13800.0,Rp,BRS03,BD-PIHPS
2026-08-26,1771,harga_pihps_produsen,13600.0,Rp,BRS04,BD-PIHPS
2026-08-26,1771,harga_pihps_produsen,16250.0,Rp,BRS05,BD-PIHPS
2026-08-26,1771,harga_pihps_produsen,13800.0,Rp,BRS06,BD-PIHPS
2026-08-26,1771,harga_pihps_produsen,31500.0,Rp,CMR01,BD-PIHPS
2026-08-26,1771,harga_pihps_produsen,28500.0,Rp,CMR02,BD-PIHPS
2026-08-26,1771,harga_pihps_produsen,45000.0,Rp,CRW01,BD-PIHPS
2026-08-26,1771,harga_pihps_produsen,39650.0,Rp,CRW02,BD-PIHPS
2026-08-26,1771,harga_pihps_produsen,28000.0,Rp,DAY01,BD-PIHPS
2026-08-26,1771,harga_pihps_produsen,150000.0,Rp,DSP01,BD-PIHPS
2026-08-26,1771,harga_pihps_produsen,150000.0,Rp,DSP02,BD-PIHPS
2026-08-26,1771,harga_pihps_produsen,21500.0,Rp,TLR01,BD-PIHPS
2026-08-27,1771,harga_pihps,15500.0,Rp,BRS01,BD-PIHPS
2026-08-27,1771,harga_pihps,12650.0,Rp,BRS02,BD-PIHPS
2026-08-27,1771,harga_pihps,16250.0,Rp,BRS03,BD-PIHPS
2026-08-27,1771,harga_pihps,16350.0,Rp,BRS04,BD-PIHPS
2026-08-27,1771,harga_pihps,17700.0,Rp,BRS05,BD-PIHPS
2026-08-27,1771,harga_pihps,17000.0,Rp,BRS06,BD-PIHPS
2026-08-27,1771,harga_pihps,38500.0,Rp,BWM01,BD-PIHPS
2026-08-27,1771,harga_pihps,38500.0,Rp,BWP01,BD-PIHPS
2026-08-27,1771,harga_pihps,38750.0,Rp,CMR01,BD-PIHPS
2026-08-27,1771,harga_pihps,44500.0,Rp,CMR02,BD-PIHPS
2026-08-27,1771,harga_pihps,60000.0,Rp,CRW01,BD-PIHPS
2026-08-27,1771,harga_pihps,63750.0,Rp,CRW02,BD-PIHPS
2026-08-27,1771,harga_pihps,48000.0,Rp,DAY01,BD-PIHPS
2026-08-27,1771,harga_pihps,160000.0,Rp,DSP01,BD-PIHPS
2026-08-27,1771,harga_pihps,150000.0,Rp,DSP02,BD-PIHPS
2026-08-27,1771,harga_pihps,18500.0,Rp,GLP01,BD-PIHPS
2026-08-27,1771,harga_pihps,19750.0,Rp,GLP02,BD-PIHPS
2026-08-27,1771,harga_pihps,20000.0,Rp,MGR01,BD-PIHPS
2026-08-27,1771,harga_pihps,24000.0,Rp,MGR02,BD-PIHPS
2026-08-27,1771,harga_pihps,23250.0,Rp,MGR03,BD-PIHPS
2026-08-27,1771,harga_pihps,28400.0,Rp,TLR01,BD-PIHPS
2026-08-27,1771,harga_pihps_grosir,14200.0,Rp,BRS01,BD-PIHPS
2026-08-27,1771,harga_pihps_grosir,15600.0,Rp,BRS02,BD-PIHPS
2026-08-27,1771,harga_pihps_grosir,15500.0,Rp,BRS03,BD-PIHPS
2026-08-27,1771,harga_pihps_grosir,15850.0,Rp,BRS04,BD-PIHPS
2026-08-27,1771,harga_pihps_grosir,15800.0,Rp,BRS05,BD-PIHPS
2026-08-27,1771,harga_pihps_grosir,15950.0,Rp,BRS06,BD-PIHPS
2026-08-27,1771,harga_pihps_grosir,27000.0,Rp,BWM01,BD-PIHPS
2026-08-27,1771,harga_pihps_grosir,27000.0,Rp,BWP01,BD-PIHPS
2026-08-27,1771,harga_pihps_grosir,29000.0,Rp,CMR01,BD-PIHPS
2026-08-27,1771,harga_pihps_grosir,35000.0,Rp,CMR02,BD-PIHPS
2026-08-27,1771,harga_pihps_grosir,52500.0,Rp,CRW01,BD-PIHPS
2026-08-27,1771,harga_pihps_grosir,57500.0,Rp,CRW02,BD-PIHPS
2026-08-27,1771,harga_pihps_grosir,44250.0,Rp,DAY01,BD-PIHPS
2026-08-27,1771,harga_pihps_grosir,142500.0,Rp,DSP01,BD-PIHPS
2026-08-27,1771,harga_pihps_grosir,102500.0,Rp,DSP02,BD-PIHPS
2026-08-27,1771,harga_pihps_grosir,17250.0,Rp,GLP01,BD-PIHPS
2026-08-27,1771,harga_pihps_grosir,17500.0,Rp,MGR01,BD-PIHPS
2026-08-27,1771,harga_pihps_grosir,23000.0,Rp,MGR02,BD-PIHPS
2026-08-27,1771,harga_pihps_grosir,22500.0,Rp,MGR03,BD-PIHPS
2026-08-27,1771,harga_pihps_grosir,24250.0,Rp,TLR01,BD-PIHPS
2026-08-27,1771,harga_pihps_modern,15450.0,Rp,BRS01,BD-PIHPS
2026-08-27,1771,harga_pihps_modern,15100.0,Rp,BRS02,BD-PIHPS
2026-08-27,1771,harga_pihps_modern,16350.0,Rp,BRS03,BD-PIHPS
2026-08-27,1771,harga_pihps_modern,16250.0,Rp,BRS04,BD-PIHPS
2026-08-27,1771,harga_pihps_modern,15250.0,Rp,BRS05,BD-PIHPS
2026-08-27,1771,harga_pihps_modern,17700.0,Rp,BRS06,BD-PIHPS
2026-08-27,1771,harga_pihps_modern,59950.0,Rp,BWM01,BD-PIHPS
2026-08-27,1771,harga_pihps_modern,47950.0,Rp,BWP01,BD-PIHPS
2026-08-27,1771,harga_pihps_modern,90450.0,Rp,CMR01,BD-PIHPS
2026-08-27,1771,harga_pihps_modern,64950.0,Rp,CMR02,BD-PIHPS
2026-08-27,1771,harga_pihps_modern,72450.0,Rp,CRW01,BD-PIHPS
2026-08-27,1771,harga_pihps_modern,85450.0,Rp,CRW02,BD-PIHPS
2026-08-27,1771,harga_pihps_modern,49300.0,Rp,DAY01,BD-PIHPS
2026-08-27,1771,harga_pihps_modern,170950.0,Rp,DSP01,BD-PIHPS
2026-08-27,1771,harga_pihps_modern,159950.0,Rp,DSP02,BD-PIHPS
2026-08-27,1771,harga_pihps_modern,17400.0,Rp,GLP01,BD-PIHPS
2026-08-27,1771,harga_pihps_modern,17850.0,Rp,GLP02,BD-PIHPS
2026-08-27,1771,harga_pihps_modern,21350.0,Rp,MGR02,BD-PIHPS
2026-08-27,1771,harga_pihps_modern,24800.0,Rp,MGR03,BD-PIHPS
2026-08-27,1771,harga_pihps_modern,28550.0,Rp,TLR01,BD-PIHPS
2026-08-27,1771,harga_pihps_produsen,13800.0,Rp,BRS03,BD-PIHPS
2026-08-27,1771,harga_pihps_produsen,13600.0,Rp,BRS04,BD-PIHPS
2026-08-27,1771,harga_pihps_produsen,16250.0,Rp,BRS05,BD-PIHPS
2026-08-27,1771,harga_pihps_produsen,13800.0,Rp,BRS06,BD-PIHPS
2026-08-27,1771,harga_pihps_produsen,31500.0,Rp,CMR01,BD-PIHPS
2026-08-27,1771,harga_pihps_produsen,28500.0,Rp,CMR02,BD-PIHPS
2026-08-27,1771,harga_pihps_produsen,45000.0,Rp,CRW01,BD-PIHPS
2026-08-27,1771,harga_pihps_produsen,39650.0,Rp,CRW02,BD-PIHPS
2026-08-27,1771,harga_pihps_produsen,28000.0,Rp,DAY01,BD-PIHPS
2026-08-27,1771,harga_pihps_produsen,150000.0,Rp,DSP01,BD-PIHPS
2026-08-27,1771,harga_pihps_produsen,150000.0,Rp,DSP02,BD-PIHPS
2026-08-27,1771,harga_pihps_produsen,21500.0,Rp,TLR01,BD-PIHPS
2026-08-28,1771,harga_pihps,15500.0,Rp,BRS01,BD-PIHPS
2026-08-28,1771,harga_pihps,12650.0,Rp,BRS02,BD-PIHPS
2026-08-28,1771,harga_pihps,16250.0,Rp,BRS03,BD-PIHPS
2026-08-28,1771,harga_pihps,16350.0,Rp,BRS04,BD-PIHPS
2026-08-28,1771,harga_pihps,17700.0,Rp,BRS05,BD-PIHPS
2026-08-28,1771,harga_pihps,17000.0,Rp,BRS06,BD-PIHPS
2026-08-28,1771,harga_pihps,39000.0,Rp,BWM01,BD-PIHPS
2026-08-28,1771,harga_pihps,39000.0,Rp,BWP01,BD-PIHPS
2026-08-28,1771,harga_pihps,39500.0,Rp,CMR01,BD-PIHPS
2026-08-28,1771,harga_pihps,43250.0,Rp,CMR02,BD-PIHPS
2026-08-28,1771,harga_pihps,56250.0,Rp,CRW01,BD-PIHPS
2026-08-28,1771,harga_pihps,63750.0,Rp,CRW02,BD-PIHPS
2026-08-28,1771,harga_pihps,48000.0,Rp,DAY01,BD-PIHPS
2026-08-28,1771,harga_pihps,160000.0,Rp,DSP01,BD-PIHPS
2026-08-28,1771,harga_pihps,150000.0,Rp,DSP02,BD-PIHPS
2026-08-28,1771,harga_pihps,18750.0,Rp,GLP01,BD-PIHPS
2026-08-28,1771,harga_pihps,19750.0,Rp,GLP02,BD-PIHPS
2026-08-28,1771,harga_pihps,20000.0,Rp,MGR01,BD-PIHPS
2026-08-28,1771,harga_pihps,24000.0,Rp,MGR02,BD-PIHPS
2026-08-28,1771,harga_pihps,23250.0,Rp,MGR03,BD-PIHPS
2026-08-28,1771,harga_pihps,28800.0,Rp,TLR01,BD-PIHPS
2026-08-28,1771,harga_pihps_grosir,14200.0,Rp,BRS01,BD-PIHPS
2026-08-28,1771,harga_pihps_grosir,15600.0,Rp,BRS02,BD-PIHPS
2026-08-28,1771,harga_pihps_grosir,15500.0,Rp,BRS03,BD-PIHPS
2026-08-28,1771,harga_pihps_grosir,15850.0,Rp,BRS04,BD-PIHPS
2026-08-28,1771,harga_pihps_grosir,15800.0,Rp,BRS05,BD-PIHPS
2026-08-28,1771,harga_pihps_grosir,15950.0,Rp,BRS06,BD-PIHPS
2026-08-28,1771,harga_pihps_grosir,27000.0,Rp,BWM01,BD-PIHPS
2026-08-28,1771,harga_pihps_grosir,27000.0,Rp,BWP01,BD-PIHPS
2026-08-28,1771,harga_pihps_grosir,29000.0,Rp,CMR01,BD-PIHPS
2026-08-28,1771,harga_pihps_grosir,35000.0,Rp,CMR02,BD-PIHPS
2026-08-28,1771,harga_pihps_grosir,52500.0,Rp,CRW01,BD-PIHPS
2026-08-28,1771,harga_pihps_grosir,57500.0,Rp,CRW02,BD-PIHPS
2026-08-28,1771,harga_pihps_grosir,44250.0,Rp,DAY01,BD-PIHPS
2026-08-28,1771,harga_pihps_grosir,142500.0,Rp,DSP01,BD-PIHPS
2026-08-28,1771,harga_pihps_grosir,102500.0,Rp,DSP02,BD-PIHPS
2026-08-28,1771,harga_pihps_grosir,17250.0,Rp,GLP01,BD-PIHPS
2026-08-28,1771,harga_pihps_grosir,17500.0,Rp,MGR01,BD-PIHPS
2026-08-28,1771,harga_pihps_grosir,23000.0,Rp,MGR02,BD-PIHPS
2026-08-28,1771,harga_pihps_grosir,22500.0,Rp,MGR03,BD-PIHPS
2026-08-28,1771,harga_pihps_grosir,24250.0,Rp,TLR01,BD-PIHPS
2026-08-28,1771,harga_pihps_modern,15450.0,Rp,BRS01,BD-PIHPS
2026-08-28,1771,harga_pihps_modern,15100.0,Rp,BRS02,BD-PIHPS
2026-08-28,1771,harga_pihps_modern,16350.0,Rp,BRS03,BD-PIHPS
2026-08-28,1771,harga_pihps_modern,16250.0,Rp,BRS04,BD-PIHPS
2026-08-28,1771,harga_pihps_modern,15250.0,Rp,BRS05,BD-PIHPS
2026-08-28,1771,harga_pihps_modern,17700.0,Rp,BRS06,BD-PIHPS
2026-08-28,1771,harga_pihps_modern,59950.0,Rp,BWM01,BD-PIHPS
2026-08-28,1771,harga_pihps_modern,47950.0,Rp,BWP01,BD-PIHPS
2026-08-28,1771,harga_pihps_modern,90450.0,Rp,CMR01,BD-PIHPS
2026-08-28,1771,harga_pihps_modern,64950.0,Rp,CMR02,BD-PIHPS
2026-08-28,1771,harga_pihps_modern,72450.0,Rp,CRW01,BD-PIHPS
2026-08-28,1771,harga_pihps_modern,85450.0,Rp,CRW02,BD-PIHPS
2026-08-28,1771,harga_pihps_modern,49300.0,Rp,DAY01,BD-PIHPS
2026-08-28,1771,harga_pihps_modern,170950.0,Rp,DSP01,BD-PIHPS
2026-08-28,1771,harga_pihps_modern,159950.0,Rp,DSP02,BD-PIHPS
2026-08-28,1771,harga_pihps_modern,17400.0,Rp,GLP01,BD-PIHPS
2026-08-28,1771,harga_pihps_modern,17850.0,Rp,GLP02,BD-PIHPS
2026-08-28,1771,harga_pihps_modern,21350.0,Rp,MGR02,BD-PIHPS
2026-08-28,1771,harga_pihps_modern,24800.0,Rp,MGR03,BD-PIHPS
2026-08-28,1771,harga_pihps_modern,28550.0,Rp,TLR01,BD-PIHPS
2026-08-28,1771,harga_pihps_produsen,13800.0,Rp,BRS03,BD-PIHPS
2026-08-28,1771,harga_pihps_produsen,13600.0,Rp,BRS04,BD-PIHPS
2026-08-28,1771,harga_pihps_produsen,16250.0,Rp,BRS05,BD-PIHPS
2026-08-28,1771,harga_pihps_produsen,13800.0,Rp,BRS06,BD-PIHPS
2026-08-28,1771,harga_pihps_produsen,31500.0,Rp,CMR01,BD-PIHPS
2026-08-28,1771,harga_pihps_produsen,28500.0,Rp,CMR02,BD-PIHPS
2026-08-28,1771,harga_pihps_produsen,45000.0,Rp,CRW01,BD-PIHPS
2026-08-28,1771,harga_pihps_produsen,39650.0,Rp,CRW02,BD-PIHPS
2026-08-28,1771,harga_pihps_produsen,28000.0,Rp,DAY01,BD-PIHPS
2026-08-28,1771,harga_pihps_produsen,150000.0,Rp,DSP01,BD-PIHPS
2026-08-28,1771,harga_pihps_produsen,150000.0,Rp,DSP02,BD-PIHPS
2026-08-28,1771,harga_pihps_produsen,21500.0,Rp,TLR01,BD-PIHPS
2026-08-31,1771,harga_pihps,15500.0,Rp,BRS01,BD-PIHPS
2026-08-31,1771,harga_pihps,12650.0,Rp,BRS02,BD-PIHPS
2026-08-31,1771,harga_pihps,16250.0,Rp,BRS03,BD-PIHPS
2026-08-31,1771,harga_pihps,16350.0,Rp,BRS04,BD-PIHPS
2026-08-31,1771,harga_pihps,17700.0,Rp,BRS05,BD-PIHPS
2026-08-31,1771,harga_pihps,17000.0,Rp,BRS06,BD-PIHPS
2026-08-31,1771,harga_pihps,40000.0,Rp,BWM01,BD-PIHPS
2026-08-31,1771,harga_pihps,39500.0,Rp,BWP01,BD-PIHPS
2026-08-31,1771,harga_pihps,40000.0,Rp,CMR01,BD-PIHPS
2026-08-31,1771,harga_pihps,43750.0,Rp,CMR02,BD-PIHPS
2026-08-31,1771,harga_pihps,53750.0,Rp,CRW01,BD-PIHPS
2026-08-31,1771,harga_pihps,66250.0,Rp,CRW02,BD-PIHPS
2026-08-31,1771,harga_pihps,48000.0,Rp,DAY01,BD-PIHPS
2026-08-31,1771,harga_pihps,160000.0,Rp,DSP01,BD-PIHPS
2026-08-31,1771,harga_pihps,150000.0,Rp,DSP02,BD-PIHPS
2026-08-31,1771,harga_pihps,19000.0,Rp,GLP01,BD-PIHPS
2026-08-31,1771,harga_pihps,19750.0,Rp,GLP02,BD-PIHPS
2026-08-31,1771,harga_pihps,20000.0,Rp,MGR01,BD-PIHPS
2026-08-31,1771,harga_pihps,24000.0,Rp,MGR02,BD-PIHPS
2026-08-31,1771,harga_pihps,23250.0,Rp,MGR03,BD-PIHPS
2026-08-31,1771,harga_pihps,28800.0,Rp,TLR01,BD-PIHPS
2026-08-31,1771,harga_pihps_grosir,14200.0,Rp,BRS01,BD-PIHPS
2026-08-31,1771,harga_pihps_grosir,15600.0,Rp,BRS02,BD-PIHPS
2026-08-31,1771,harga_pihps_grosir,15500.0,Rp,BRS03,BD-PIHPS
2026-08-31,1771,harga_pihps_grosir,15850.0,Rp,BRS04,BD-PIHPS
2026-08-31,1771,harga_pihps_grosir,15800.0,Rp,BRS05,BD-PIHPS
2026-08-31,1771,harga_pihps_grosir,15950.0,Rp,BRS06,BD-PIHPS
2026-08-31,1771,harga_pihps_grosir,27000.0,Rp,BWM01,BD-PIHPS
2026-08-31,1771,harga_pihps_grosir,27000.0,Rp,BWP01,BD-PIHPS
2026-08-31,1771,harga_pihps_grosir,29000.0,Rp,CMR01,BD-PIHPS
2026-08-31,1771,harga_pihps_grosir,35000.0,Rp,CMR02,BD-PIHPS
2026-08-31,1771,harga_pihps_grosir,52500.0,Rp,CRW01,BD-PIHPS
2026-08-31,1771,harga_pihps_grosir,57500.0,Rp,CRW02,BD-PIHPS
2026-08-31,1771,harga_pihps_grosir,44250.0,Rp,DAY01,BD-PIHPS
2026-08-31,1771,harga_pihps_grosir,142500.0,Rp,DSP01,BD-PIHPS
2026-08-31,1771,harga_pihps_grosir,102500.0,Rp,DSP02,BD-PIHPS
2026-08-31,1771,harga_pihps_grosir,17250.0,Rp,GLP01,BD-PIHPS
2026-08-31,1771,harga_pihps_grosir,17500.0,Rp,MGR01,BD-PIHPS
2026-08-31,1771,harga_pihps_grosir,23000.0,Rp,MGR02,BD-PIHPS
2026-08-31,1771,harga_pihps_grosir,22500.0,Rp,MGR03,BD-PIHPS
2026-08-31,1771,harga_pihps_grosir,24250.0,Rp,TLR01,BD-PIHPS
2026-08-31,1771,harga_pihps_modern,15450.0,Rp,BRS01,BD-PIHPS
2026-08-31,1771,harga_pihps_modern,15100.0,Rp,BRS02,BD-PIHPS
2026-08-31,1771,harga_pihps_modern,16350.0,Rp,BRS03,BD-PIHPS
2026-08-31,1771,harga_pihps_modern,16250.0,Rp,BRS04,BD-PIHPS
2026-08-31,1771,harga_pihps_modern,15250.0,Rp,BRS05,BD-PIHPS
2026-08-31,1771,harga_pihps_modern,17700.0,Rp,BRS06,BD-PIHPS
2026-08-31,1771,harga_pihps_modern,59950.0,Rp,BWM01,BD-PIHPS
2026-08-31,1771,harga_pihps_modern,47950.0,Rp,BWP01,BD-PIHPS
2026-08-31,1771,harga_pihps_modern,90450.0,Rp,CMR01,BD-PIHPS
2026-08-31,1771,harga_pihps_modern,64950.0,Rp,CMR02,BD-PIHPS
2026-08-31,1771,harga_pihps_modern,72450.0,Rp,CRW01,BD-PIHPS
2026-08-31,1771,harga_pihps_modern,85450.0,Rp,CRW02,BD-PIHPS
2026-08-31,1771,harga_pihps_modern,49300.0,Rp,DAY01,BD-PIHPS
2026-08-31,1771,harga_pihps_modern,170950.0,Rp,DSP01,BD-PIHPS
2026-08-31,1771,harga_pihps_modern,159950.0,Rp,DSP02,BD-PIHPS
2026-08-31,1771,harga_pihps_modern,17400.0,Rp,GLP01,BD-PIHPS
2026-08-31,1771,harga_pihps_modern,17850.0,Rp,GLP02,BD-PIHPS
2026-08-31,1771,harga_pihps_modern,21350.0,Rp,MGR02,BD-PIHPS
2026-08-31,1771,harga_pihps_modern,24800.0,Rp,MGR03,BD-PIHPS
2026-08-31,1771,harga_pihps_modern,28550.0,Rp,TLR01,BD-PIHPS
2026-08-31,1771,harga_pihps_produsen,13800.0,Rp,BRS03,BD-PIHPS
2026-08-31,1771,harga_pihps_produsen,13600.0,Rp,BRS04,BD-PIHPS
2026-08-31,1771,harga_pihps_produsen,16250.0,Rp,BRS05,BD-PIHPS
2026-08-31,1771,harga_pihps_produsen,13800.0,Rp,BRS06,BD-PIHPS
2026-08-31,1771,harga_pihps_produsen,31500.0,Rp,CMR01,BD-PIHPS
2026-08-31,1771,harga_pihps_produsen,28500.0,Rp,CMR02,BD-PIHPS
2026-08-31,1771,harga_pihps_produsen,45000.0,Rp,CRW01,BD-PIHPS
2026-08-31,1771,harga_pihps_produsen,39650.0,Rp,CRW02,BD-PIHPS
2026-08-31,1771,harga_pihps_produsen,28000.0,Rp,DAY01,BD-PIHPS
2026-08-31,1771,harga_pihps_produsen,150000.0,Rp,DSP01,BD-PIHPS
2026-08-31,1771,harga_pihps_produsen,150000.0,Rp,DSP02,BD-PIHPS
2026-08-31,1771,harga_pihps_produsen,21500.0,Rp,TLR01,BD-PIHPS
2026-09-01,1771,harga_pihps,15500.0,Rp,BRS01,BD-PIHPS
2026-09-01,1771,harga_pihps,12650.0,Rp,BRS02,BD-PIHPS
2026-09-01,1771,harga_pihps,16250.0,Rp,BRS03,BD-PIHPS
2026-09-01,1771,harga_pihps,16350.0,Rp,BRS04,BD-PIHPS
2026-09-01,1771,harga_pihps,17700.0,Rp,BRS05,BD-PIHPS
2026-09-01,1771,harga_pihps,17000.0,Rp,BRS06,BD-PIHPS
2026-09-01,1771,harga_pihps,40000.0,Rp,BWM01,BD-PIHPS
2026-09-01,1771,harga_pihps,39500.0,Rp,BWP01,BD-PIHPS
2026-09-01,1771,harga_pihps,43750.0,Rp,CMR01,BD-PIHPS
2026-09-01,1771,harga_pihps,47500.0,Rp,CMR02,BD-PIHPS
2026-09-01,1771,harga_pihps,52500.0,Rp,CRW01,BD-PIHPS
2026-09-01,1771,harga_pihps,66250.0,Rp,CRW02,BD-PIHPS
2026-09-01,1771,harga_pihps,48000.0,Rp,DAY01,BD-PIHPS
2026-09-01,1771,harga_pihps,160000.0,Rp,DSP01,BD-PIHPS
2026-09-01,1771,harga_pihps,150000.0,Rp,DSP02,BD-PIHPS
2026-09-01,1771,harga_pihps,19000.0,Rp,GLP01,BD-PIHPS
2026-09-01,1771,harga_pihps,19750.0,Rp,GLP02,BD-PIHPS
2026-09-01,1771,harga_pihps,20000.0,Rp,MGR01,BD-PIHPS
2026-09-01,1771,harga_pihps,24000.0,Rp,MGR02,BD-PIHPS
2026-09-01,1771,harga_pihps,23250.0,Rp,MGR03,BD-PIHPS
2026-09-01,1771,harga_pihps,28800.0,Rp,TLR01,BD-PIHPS
2026-09-01,1771,harga_pihps_grosir,14200.0,Rp,BRS01,BD-PIHPS
2026-09-01,1771,harga_pihps_grosir,15600.0,Rp,BRS02,BD-PIHPS
2026-09-01,1771,harga_pihps_grosir,15500.0,Rp,BRS03,BD-PIHPS
2026-09-01,1771,harga_pihps_grosir,15850.0,Rp,BRS04,BD-PIHPS
2026-09-01,1771,harga_pihps_grosir,15800.0,Rp,BRS05,BD-PIHPS
2026-09-01,1771,harga_pihps_grosir,15950.0,Rp,BRS06,BD-PIHPS
2026-09-01,1771,harga_pihps_grosir,27000.0,Rp,BWM01,BD-PIHPS
2026-09-01,1771,harga_pihps_grosir,27000.0,Rp,BWP01,BD-PIHPS
2026-09-01,1771,harga_pihps_grosir,29000.0,Rp,CMR01,BD-PIHPS
2026-09-01,1771,harga_pihps_grosir,35000.0,Rp,CMR02,BD-PIHPS
2026-09-01,1771,harga_pihps_grosir,52500.0,Rp,CRW01,BD-PIHPS
2026-09-01,1771,harga_pihps_grosir,57500.0,Rp,CRW02,BD-PIHPS
2026-09-01,1771,harga_pihps_grosir,44250.0,Rp,DAY01,BD-PIHPS
2026-09-01,1771,harga_pihps_grosir,142500.0,Rp,DSP01,BD-PIHPS
2026-09-01,1771,harga_pihps_grosir,102500.0,Rp,DSP02,BD-PIHPS
2026-09-01,1771,harga_pihps_grosir,17250.0,Rp,GLP01,BD-PIHPS
2026-09-01,1771,harga_pihps_grosir,17500.0,Rp,MGR01,BD-PIHPS
2026-09-01,1771,harga_pihps_grosir,23000.0,Rp,MGR02,BD-PIHPS
2026-09-01,1771,harga_pihps_grosir,22500.0,Rp,MGR03,BD-PIHPS
2026-09-01,1771,harga_pihps_grosir,24250.0,Rp,TLR01,BD-PIHPS
2026-09-01,1771,harga_pihps_modern,15450.0,Rp,BRS01,BD-PIHPS
2026-09-01,1771,harga_pihps_modern,15100.0,Rp,BRS02,BD-PIHPS
2026-09-01,1771,harga_pihps_modern,16350.0,Rp,BRS03,BD-PIHPS
2026-09-01,1771,harga_pihps_modern,16250.0,Rp,BRS04,BD-PIHPS
2026-09-01,1771,harga_pihps_modern,15250.0,Rp,BRS05,BD-PIHPS
2026-09-01,1771,harga_pihps_modern,17700.0,Rp,BRS06,BD-PIHPS
2026-09-01,1771,harga_pihps_modern,57450.0,Rp,BWM01,BD-PIHPS
2026-09-01,1771,harga_pihps_modern,46950.0,Rp,BWP01,BD-PIHPS
2026-09-01,1771,harga_pihps_modern,90450.0,Rp,CMR01,BD-PIHPS
2026-09-01,1771,harga_pihps_modern,64950.0,Rp,CMR02,BD-PIHPS
2026-09-01,1771,harga_pihps_modern,74950.0,Rp,CRW01,BD-PIHPS
2026-09-01,1771,harga_pihps_modern,82950.0,Rp,CRW02,BD-PIHPS
2026-09-01,1771,harga_pihps_modern,49950.0,Rp,DAY01,BD-PIHPS
2026-09-01,1771,harga_pihps_modern,168450.0,Rp,DSP01,BD-PIHPS
2026-09-01,1771,harga_pihps_modern,158450.0,Rp,DSP02,BD-PIHPS
2026-09-01,1771,harga_pihps_modern,17400.0,Rp,GLP01,BD-PIHPS
2026-09-01,1771,harga_pihps_modern,17850.0,Rp,GLP02,BD-PIHPS
2026-09-01,1771,harga_pihps_modern,21350.0,Rp,MGR02,BD-PIHPS
2026-09-01,1771,harga_pihps_modern,24800.0,Rp,MGR03,BD-PIHPS
2026-09-01,1771,harga_pihps_modern,28550.0,Rp,TLR01,BD-PIHPS
2026-09-01,1771,harga_pihps_produsen,13800.0,Rp,BRS03,BD-PIHPS
2026-09-01,1771,harga_pihps_produsen,13600.0,Rp,BRS04,BD-PIHPS
2026-09-01,1771,harga_pihps_produsen,16250.0,Rp,BRS05,BD-PIHPS
2026-09-01,1771,harga_pihps_produsen,13800.0,Rp,BRS06,BD-PIHPS
2026-09-01,1771,harga_pihps_produsen,31500.0,Rp,CMR01,BD-PIHPS
2026-09-01,1771,harga_pihps_produsen,28500.0,Rp,CMR02,BD-PIHPS
2026-09-01,1771,harga_pihps_produsen,45000.0,Rp,CRW01,BD-PIHPS
2026-09-01,1771,harga_pihps_produsen,39650.0,Rp,CRW02,BD-PIHPS
2026-09-01,1771,harga_pihps_produsen,28000.0,Rp,DAY01,BD-PIHPS
2026-09-01,1771,harga_pihps_produsen,150000.0,Rp,DSP01,BD-PIHPS
2026-09-01,1771,harga_pihps_produsen,150000.0,Rp,DSP02,BD-PIHPS
2026-09-01,1771,harga_pihps_produsen,21500.0,Rp,TLR01,BD-PIHPS
2026-09-02,1771,harga_pihps,15500.0,Rp,BRS01,BD-PIHPS
2026-09-02,1771,harga_pihps,12650.0,Rp,BRS02,BD-PIHPS
2026-09-02,1771,harga_pihps,16250.0,Rp,BRS03,BD-PIHPS
2026-09-02,1771,harga_pihps,16350.0,Rp,BRS04,BD-PIHPS
2026-09-02,1771,harga_pihps,17700.0,Rp,BRS05,BD-PIHPS
2026-09-02,1771,harga_pihps,17000.0,Rp,BRS06,BD-PIHPS
2026-09-02,1771,harga_pihps,40000.0,Rp,BWM01,BD-PIHPS
2026-09-02,1771,harga_pihps,39500.0,Rp,BWP01,BD-PIHPS
2026-09-02,1771,harga_pihps,43750.0,Rp,CMR01,BD-PIHPS
2026-09-02,1771,harga_pihps,50000.0,Rp,CMR02,BD-PIHPS
2026-09-02,1771,harga_pihps,56250.0,Rp,CRW01,BD-PIHPS
2026-09-02,1771,harga_pihps,65000.0,Rp,CRW02,BD-PIHPS
2026-09-02,1771,harga_pihps,47750.0,Rp,DAY01,BD-PIHPS
2026-09-02,1771,harga_pihps,160000.0,Rp,DSP01,BD-PIHPS
2026-09-02,1771,harga_pihps,150000.0,Rp,DSP02,BD-PIHPS
2026-09-02,1771,harga_pihps,19000.0,Rp,GLP01,BD-PIHPS
2026-09-02,1771,harga_pihps,19750.0,Rp,GLP02,BD-PIHPS
2026-09-02,1771,harga_pihps,20000.0,Rp,MGR01,BD-PIHPS
2026-09-02,1771,harga_pihps,24000.0,Rp,MGR02,BD-PIHPS
2026-09-02,1771,harga_pihps,23250.0,Rp,MGR03,BD-PIHPS
2026-09-02,1771,harga_pihps,28800.0,Rp,TLR01,BD-PIHPS
2026-09-02,1771,harga_pihps_grosir,14200.0,Rp,BRS01,BD-PIHPS
2026-09-02,1771,harga_pihps_grosir,15600.0,Rp,BRS02,BD-PIHPS
2026-09-02,1771,harga_pihps_grosir,15500.0,Rp,BRS03,BD-PIHPS
2026-09-02,1771,harga_pihps_grosir,15850.0,Rp,BRS04,BD-PIHPS
2026-09-02,1771,harga_pihps_grosir,15800.0,Rp,BRS05,BD-PIHPS
2026-09-02,1771,harga_pihps_grosir,15950.0,Rp,BRS06,BD-PIHPS
2026-09-02,1771,harga_pihps_grosir,27000.0,Rp,BWM01,BD-PIHPS
2026-09-02,1771,harga_pihps_grosir,27000.0,Rp,BWP01,BD-PIHPS
2026-09-02,1771,harga_pihps_grosir,29000.0,Rp,CMR01,BD-PIHPS
2026-09-02,1771,harga_pihps_grosir,35000.0,Rp,CMR02,BD-PIHPS
2026-09-02,1771,harga_pihps_grosir,52500.0,Rp,CRW01,BD-PIHPS
2026-09-02,1771,harga_pihps_grosir,57500.0,Rp,CRW02,BD-PIHPS
2026-09-02,1771,harga_pihps_grosir,44250.0,Rp,DAY01,BD-PIHPS
2026-09-02,1771,harga_pihps_grosir,142500.0,Rp,DSP01,BD-PIHPS
2026-09-02,1771,harga_pihps_grosir,102500.0,Rp,DSP02,BD-PIHPS
2026-09-02,1771,harga_pihps_grosir,17250.0,Rp,GLP01,BD-PIHPS
2026-09-02,1771,harga_pihps_grosir,17500.0,Rp,MGR01,BD-PIHPS
2026-09-02,1771,harga_pihps_grosir,23000.0,Rp,MGR02,BD-PIHPS
2026-09-02,1771,harga_pihps_grosir,22500.0,Rp,MGR03,BD-PIHPS
2026-09-02,1771,harga_pihps_grosir,24250.0,Rp,TLR01,BD-PIHPS
2026-09-02,1771,harga_pihps_modern,15450.0,Rp,BRS01,BD-PIHPS
2026-09-02,1771,harga_pihps_modern,15100.0,Rp,BRS02,BD-PIHPS
2026-09-02,1771,harga_pihps_modern,16350.0,Rp,BRS03,BD-PIHPS
2026-09-02,1771,harga_pihps_modern,16250.0,Rp,BRS04,BD-PIHPS
2026-09-02,1771,harga_pihps_modern,15250.0,Rp,BRS05,BD-PIHPS
2026-09-02,1771,harga_pihps_modern,17700.0,Rp,BRS06,BD-PIHPS
2026-09-02,1771,harga_pihps_modern,57450.0,Rp,BWM01,BD-PIHPS
2026-09-02,1771,harga_pihps_modern,46950.0,Rp,BWP01,BD-PIHPS
2026-09-02,1771,harga_pihps_modern,90450.0,Rp,CMR01,BD-PIHPS
2026-09-02,1771,harga_pihps_modern,64950.0,Rp,CMR02,BD-PIHPS
2026-09-02,1771,harga_pihps_modern,74950.0,Rp,CRW01,BD-PIHPS
2026-09-02,1771,harga_pihps_modern,82950.0,Rp,CRW02,BD-PIHPS
2026-09-02,1771,harga_pihps_modern,49950.0,Rp,DAY01,BD-PIHPS
2026-09-02,1771,harga_pihps_modern,168450.0,Rp,DSP01,BD-PIHPS
2026-09-02,1771,harga_pihps_modern,158450.0,Rp,DSP02,BD-PIHPS
2026-09-02,1771,harga_pihps_modern,17400.0,Rp,GLP01,BD-PIHPS
2026-09-02,1771,harga_pihps_modern,17850.0,Rp,GLP02,BD-PIHPS
2026-09-02,1771,harga_pihps_modern,21350.0,Rp,MGR02,BD-PIHPS
2026-09-02,1771,harga_pihps_modern,24800.0,Rp,MGR03,BD-PIHPS
2026-09-02,1771,harga_pihps_modern,28550.0,Rp,TLR01,BD-PIHPS
2026-09-02,1771,harga_pihps_produsen,13800.0,Rp,BRS03,BD-PIHPS
2026-09-02,1771,harga_pihps_produsen,13600.0,Rp,BRS04,BD-PIHPS
2026-09-02,1771,harga_pihps_produsen,16250.0,Rp,BRS05,BD-PIHPS
2026-09-02,1771,harga_pihps_produsen,13800.0,Rp,BRS06,BD-PIHPS
2026-09-02,1771,harga_pihps_produsen,31500.0,Rp,CMR01,BD-PIHPS
2026-09-02,1771,harga_pihps_produsen,28500.0,Rp,CMR02,BD-PIHPS
2026-09-02,1771,harga_pihps_produsen,45000.0,Rp,CRW01,BD-PIHPS
2026-09-02,1771,harga_pihps_produsen,39650.0,Rp,CRW02,BD-PIHPS
2026-09-02,1771,harga_pihps_produsen,28000.0,Rp,DAY01,BD-PIHPS
2026-09-02,1771,harga_pihps_produsen,150000.0,Rp,DSP01,BD-PIHPS
2026-09-02,1771,harga_pihps_produsen,150000.0,Rp,DSP02,BD-PIHPS
2026-09-02,1771,harga_pihps_produsen,21500.0,Rp,TLR01,BD-PIHPS
2026-09-03,1771,harga_pihps,15500.0,Rp,BRS01,BD-PIHPS
2026-09-03,1771,harga_pihps,12650.0,Rp,BRS02,BD-PIHPS
2026-09-03,1771,harga_pihps,16250.0,Rp,BRS03,BD-PIHPS
2026-09-03,1771,harga_pihps,16350.0,Rp,BRS04,BD-PIHPS
2026-09-03,1771,harga_pihps,17700.0,Rp,BRS05,BD-PIHPS
2026-09-03,1771,harga_pihps,17000.0,Rp,BRS06,BD-PIHPS
2026-09-03,1771,harga_pihps,40000.0,Rp,BWM01,BD-PIHPS
2026-09-03,1771,harga_pihps,39500.0,Rp,BWP01,BD-PIHPS
2026-09-03,1771,harga_pihps,43750.0,Rp,CMR01,BD-PIHPS
2026-09-03,1771,harga_pihps,52500.0,Rp,CMR02,BD-PIHPS
2026-09-03,1771,harga_pihps,57500.0,Rp,CRW01,BD-PIHPS
2026-09-03,1771,harga_pihps,65000.0,Rp,CRW02,BD-PIHPS
2026-09-03,1771,harga_pihps,47750.0,Rp,DAY01,BD-PIHPS
2026-09-03,1771,harga_pihps,160000.0,Rp,DSP01,BD-PIHPS
2026-09-03,1771,harga_pihps,150000.0,Rp,DSP02,BD-PIHPS
2026-09-03,1771,harga_pihps,19000.0,Rp,GLP01,BD-PIHPS
2026-09-03,1771,harga_pihps,19750.0,Rp,GLP02,BD-PIHPS
2026-09-03,1771,harga_pihps,20000.0,Rp,MGR01,BD-PIHPS
2026-09-03,1771,harga_pihps,24000.0,Rp,MGR02,BD-PIHPS
2026-09-03,1771,harga_pihps,23250.0,Rp,MGR03,BD-PIHPS
2026-09-03,1771,harga_pihps,28800.0,Rp,TLR01,BD-PIHPS
2026-09-03,1771,harga_pihps_grosir,14200.0,Rp,BRS01,BD-PIHPS
2026-09-03,1771,harga_pihps_grosir,15600.0,Rp,BRS02,BD-PIHPS
2026-09-03,1771,harga_pihps_grosir,15500.0,Rp,BRS03,BD-PIHPS
2026-09-03,1771,harga_pihps_grosir,15850.0,Rp,BRS04,BD-PIHPS
2026-09-03,1771,harga_pihps_grosir,15800.0,Rp,BRS05,BD-PIHPS
2026-09-03,1771,harga_pihps_grosir,15950.0,Rp,BRS06,BD-PIHPS
2026-09-03,1771,harga_pihps_grosir,28000.0,Rp,BWM01,BD-PIHPS
2026-09-03,1771,harga_pihps_grosir,27000.0,Rp,BWP01,BD-PIHPS
2026-09-03,1771,harga_pihps_grosir,36500.0,Rp,CMR01,BD-PIHPS
2026-09-03,1771,harga_pihps_grosir,44000.0,Rp,CMR02,BD-PIHPS
2026-09-03,1771,harga_pihps_grosir,40000.0,Rp,CRW01,BD-PIHPS
2026-09-03,1771,harga_pihps_grosir,54000.0,Rp,CRW02,BD-PIHPS
2026-09-03,1771,harga_pihps_grosir,44250.0,Rp,DAY01,BD-PIHPS
2026-09-03,1771,harga_pihps_grosir,142500.0,Rp,DSP01,BD-PIHPS
2026-09-03,1771,harga_pihps_grosir,102500.0,Rp,DSP02,BD-PIHPS
2026-09-03,1771,harga_pihps_grosir,17250.0,Rp,GLP01,BD-PIHPS
2026-09-03,1771,harga_pihps_grosir,17500.0,Rp,MGR01,BD-PIHPS
2026-09-03,1771,harga_pihps_grosir,23000.0,Rp,MGR02,BD-PIHPS
2026-09-03,1771,harga_pihps_grosir,22500.0,Rp,MGR03,BD-PIHPS
2026-09-03,1771,harga_pihps_grosir,25600.0,Rp,TLR01,BD-PIHPS
2026-09-03,1771,harga_pihps_modern,15450.0,Rp,BRS01,BD-PIHPS
2026-09-03,1771,harga_pihps_modern,15100.0,Rp,BRS02,BD-PIHPS
2026-09-03,1771,harga_pihps_modern,16350.0,Rp,BRS03,BD-PIHPS
2026-09-03,1771,harga_pihps_modern,16250.0,Rp,BRS04,BD-PIHPS
2026-09-03,1771,harga_pihps_modern,15250.0,Rp,BRS05,BD-PIHPS
2026-09-03,1771,harga_pihps_modern,17700.0,Rp,BRS06,BD-PIHPS
2026-09-03,1771,harga_pihps_modern,57450.0,Rp,BWM01,BD-PIHPS
2026-09-03,1771,harga_pihps_modern,46950.0,Rp,BWP01,BD-PIHPS
2026-09-03,1771,harga_pihps_modern,90450.0,Rp,CMR01,BD-PIHPS
2026-09-03,1771,harga_pihps_modern,64950.0,Rp,CMR02,BD-PIHPS
2026-09-03,1771,harga_pihps_modern,74950.0,Rp,CRW01,BD-PIHPS
2026-09-03,1771,harga_pihps_modern,82950.0,Rp,CRW02,BD-PIHPS
2026-09-03,1771,harga_pihps_modern,49950.0,Rp,DAY01,BD-PIHPS
2026-09-03,1771,harga_pihps_modern,168450.0,Rp,DSP01,BD-PIHPS
2026-09-03,1771,harga_pihps_modern,158450.0,Rp,DSP02,BD-PIHPS
2026-09-03,1771,harga_pihps_modern,17400.0,Rp,GLP01,BD-PIHPS
2026-09-03,1771,harga_pihps_modern,17850.0,Rp,GLP02,BD-PIHPS
2026-09-03,1771,harga_pihps_modern,21350.0,Rp,MGR02,BD-PIHPS
2026-09-03,1771,harga_pihps_modern,24800.0,Rp,MGR03,BD-PIHPS
2026-09-03,1771,harga_pihps_modern,28550.0,Rp,TLR01,BD-PIHPS
2026-09-03,1771,harga_pihps_produsen,13800.0,Rp,BRS03,BD-PIHPS
2026-09-03,1771,harga_pihps_produsen,13600.0,Rp,BRS04,BD-PIHPS
2026-09-03,1771,harga_pihps_produsen,16250.0,Rp,BRS05,BD-PIHPS
2026-09-03,1771,harga_pihps_produsen,13800.0,Rp,BRS06,BD-PIHPS
2026-09-03,1771,harga_pihps_produsen,31500.0,Rp,CMR01,BD-PIHPS
2026-09-03,1771,harga_pihps_produsen,28500.0,Rp,CMR02,BD-PIHPS
2026-09-03,1771,harga_pihps_produsen,45000.0,Rp,CRW01,BD-PIHPS
2026-09-03,1771,harga_pihps_produsen,39650.0,Rp,CRW02,BD-PIHPS
2026-09-03,1771,harga_pihps_produsen,28000.0,Rp,DAY01,BD-PIHPS
2026-09-03,1771,harga_pihps_produsen,150000.0,Rp,DSP01,BD-PIHPS
2026-09-03,1771,harga_pihps_produsen,150000.0,Rp,DSP02,BD-PIHPS
2026-09-03,1771,harga_pihps_produsen,21500.0,Rp,TLR01,BD-PIHPS
2026-09-04,1771,harga_pihps,15500.0,Rp,BRS01,BD-PIHPS
2026-09-04,1771,harga_pihps,12650.0,Rp,BRS02,BD-PIHPS
2026-09-04,1771,harga_pihps,16250.0,Rp,BRS03,BD-PIHPS
2026-09-04,1771,harga_pihps,16350.0,Rp,BRS04,BD-PIHPS
2026-09-04,1771,harga_pihps,17700.0,Rp,BRS05,BD-PIHPS
2026-09-04,1771,harga_pihps,17000.0,Rp,BRS06,BD-PIHPS
2026-09-04,1771,harga_pihps,40000.0,Rp,BWM01,BD-PIHPS
2026-09-04,1771,harga_pihps,39500.0,Rp,BWP01,BD-PIHPS
2026-09-04,1771,harga_pihps,47500.0,Rp,CMR01,BD-PIHPS
2026-09-04,1771,harga_pihps,53750.0,Rp,CMR02,BD-PIHPS
2026-09-04,1771,harga_pihps,53750.0,Rp,CRW01,BD-PIHPS
2026-09-04,1771,harga_pihps,66250.0,Rp,CRW02,BD-PIHPS
2026-09-04,1771,harga_pihps,47500.0,Rp,DAY01,BD-PIHPS
2026-09-04,1771,harga_pihps,160000.0,Rp,DSP01,BD-PIHPS
2026-09-04,1771,harga_pihps,150000.0,Rp,DSP02,BD-PIHPS
2026-09-04,1771,harga_pihps,19000.0,Rp,GLP01,BD-PIHPS
2026-09-04,1771,harga_pihps,19750.0,Rp,GLP02,BD-PIHPS
2026-09-04,1771,harga_pihps,20000.0,Rp,MGR01,BD-PIHPS
2026-09-04,1771,harga_pihps,24000.0,Rp,MGR02,BD-PIHPS
2026-09-04,1771,harga_pihps,23250.0,Rp,MGR03,BD-PIHPS
2026-09-04,1771,harga_pihps,28800.0,Rp,TLR01,BD-PIHPS
2026-09-04,1771,harga_pihps_grosir,14200.0,Rp,BRS01,BD-PIHPS
2026-09-04,1771,harga_pihps_grosir,15600.0,Rp,BRS02,BD-PIHPS
2026-09-04,1771,harga_pihps_grosir,15500.0,Rp,BRS03,BD-PIHPS
2026-09-04,1771,harga_pihps_grosir,15850.0,Rp,BRS04,BD-PIHPS
2026-09-04,1771,harga_pihps_grosir,15800.0,Rp,BRS05,BD-PIHPS
2026-09-04,1771,harga_pihps_grosir,15950.0,Rp,BRS06,BD-PIHPS
2026-09-04,1771,harga_pihps_grosir,28000.0,Rp,BWM01,BD-PIHPS
2026-09-04,1771,harga_pihps_grosir,27000.0,Rp,BWP01,BD-PIHPS
2026-09-04,1771,harga_pihps_grosir,36500.0,Rp,CMR01,BD-PIHPS
2026-09-04,1771,harga_pihps_grosir,44000.0,Rp,CMR02,BD-PIHPS
2026-09-04,1771,harga_pihps_grosir,40000.0,Rp,CRW01,BD-PIHPS
2026-09-04,1771,harga_pihps_grosir,54000.0,Rp,CRW02,BD-PIHPS
2026-09-04,1771,harga_pihps_grosir,44250.0,Rp,DAY01,BD-PIHPS
2026-09-04,1771,harga_pihps_grosir,142500.0,Rp,DSP01,BD-PIHPS
2026-09-04,1771,harga_pihps_grosir,102500.0,Rp,DSP02,BD-PIHPS
2026-09-04,1771,harga_pihps_grosir,17250.0,Rp,GLP01,BD-PIHPS
2026-09-04,1771,harga_pihps_grosir,17500.0,Rp,MGR01,BD-PIHPS
2026-09-04,1771,harga_pihps_grosir,23000.0,Rp,MGR02,BD-PIHPS
2026-09-04,1771,harga_pihps_grosir,22500.0,Rp,MGR03,BD-PIHPS
2026-09-04,1771,harga_pihps_grosir,25600.0,Rp,TLR01,BD-PIHPS
2026-09-04,1771,harga_pihps_modern,15450.0,Rp,BRS01,BD-PIHPS
2026-09-04,1771,harga_pihps_modern,15100.0,Rp,BRS02,BD-PIHPS
2026-09-04,1771,harga_pihps_modern,16350.0,Rp,BRS03,BD-PIHPS
2026-09-04,1771,harga_pihps_modern,16250.0,Rp,BRS04,BD-PIHPS
2026-09-04,1771,harga_pihps_modern,15250.0,Rp,BRS05,BD-PIHPS
2026-09-04,1771,harga_pihps_modern,17700.0,Rp,BRS06,BD-PIHPS
2026-09-04,1771,harga_pihps_modern,57450.0,Rp,BWM01,BD-PIHPS
2026-09-04,1771,harga_pihps_modern,46950.0,Rp,BWP01,BD-PIHPS
2026-09-04,1771,harga_pihps_modern,90450.0,Rp,CMR01,BD-PIHPS
2026-09-04,1771,harga_pihps_modern,64950.0,Rp,CMR02,BD-PIHPS
2026-09-04,1771,harga_pihps_modern,74950.0,Rp,CRW01,BD-PIHPS
2026-09-04,1771,harga_pihps_modern,82950.0,Rp,CRW02,BD-PIHPS
2026-09-04,1771,harga_pihps_modern,49950.0,Rp,DAY01,BD-PIHPS
2026-09-04,1771,harga_pihps_modern,168450.0,Rp,DSP01,BD-PIHPS
2026-09-04,1771,harga_pihps_modern,158450.0,Rp,DSP02,BD-PIHPS
2026-09-04,1771,harga_pihps_modern,17400.0,Rp,GLP01,BD-PIHPS
2026-09-04,1771,harga_pihps_modern,17850.0,Rp,GLP02,BD-PIHPS
2026-09-04,1771,harga_pihps_modern,21350.0,Rp,MGR02,BD-PIHPS
2026-09-04,1771,harga_pihps_modern,24800.0,Rp,MGR03,BD-PIHPS
2026-09-04,1771,harga_pihps_modern,28550.0,Rp,TLR01,BD-PIHPS
2026-09-04,1771,harga_pihps_produsen,13800.0,Rp,BRS03,BD-PIHPS
2026-09-04,1771,harga_pihps_produsen,13600.0,Rp,BRS04,BD-PIHPS
2026-09-04,1771,harga_pihps_produsen,16250.0,Rp,BRS05,BD-PIHPS
2026-09-04,1771,harga_pihps_produsen,13800.0,Rp,BRS06,BD-PIHPS
2026-09-04,1771,harga_pihps_produsen,31500.0,Rp,CMR01,BD-PIHPS
2026-09-04,1771,harga_pihps_produsen,28500.0,Rp,CMR02,BD-PIHPS
2026-09-04,1771,harga_pihps_produsen,45000.0,Rp,CRW01,BD-PIHPS
2026-09-04,1771,harga_pihps_produsen,39650.0,Rp,CRW02,BD-PIHPS
2026-09-04,1771,harga_pihps_produsen,28000.0,Rp,DAY01,BD-PIHPS
2026-09-04,1771,harga_pihps_produsen,150000.0,Rp,DSP01,BD-PIHPS
2026-09-04,1771,harga_pihps_produsen,150000.0,Rp,DSP02,BD-PIHPS
2026-09-04,1771,harga_pihps_produsen,21500.0,Rp,TLR01,BD-PIHPS
2026-09-07,1771,harga_pihps,15550.0,Rp,BRS01,BD-PIHPS
2026-09-07,1771,harga_pihps,12650.0,Rp,BRS02,BD-PIHPS
2026-09-07,1771,harga_pihps,16250.0,Rp,BRS03,BD-PIHPS
2026-09-07,1771,harga_pihps,16350.0,Rp,BRS04,BD-PIHPS
2026-09-07,1771,harga_pihps,17700.0,Rp,BRS05,BD-PIHPS
2026-09-07,1771,harga_pihps,17000.0,Rp,BRS06,BD-PIHPS
2026-09-07,1771,harga_pihps,38750.0,Rp,BWM01,BD-PIHPS
2026-09-07,1771,harga_pihps,38750.0,Rp,BWP01,BD-PIHPS
2026-09-07,1771,harga_pihps,51250.0,Rp,CMR01,BD-PIHPS
2026-09-07,1771,harga_pihps,57500.0,Rp,CMR02,BD-PIHPS
2026-09-07,1771,harga_pihps,55000.0,Rp,CRW01,BD-PIHPS
2026-09-07,1771,harga_pihps,73750.0,Rp,CRW02,BD-PIHPS
2026-09-07,1771,harga_pihps,47500.0,Rp,DAY01,BD-PIHPS
2026-09-07,1771,harga_pihps,160000.0,Rp,DSP01,BD-PIHPS
2026-09-07,1771,harga_pihps,150000.0,Rp,DSP02,BD-PIHPS
2026-09-07,1771,harga_pihps,19000.0,Rp,GLP01,BD-PIHPS
2026-09-07,1771,harga_pihps,19750.0,Rp,GLP02,BD-PIHPS
2026-09-07,1771,harga_pihps,20000.0,Rp,MGR01,BD-PIHPS
2026-09-07,1771,harga_pihps,24000.0,Rp,MGR02,BD-PIHPS
2026-09-07,1771,harga_pihps,23250.0,Rp,MGR03,BD-PIHPS
2026-09-07,1771,harga_pihps,28800.0,Rp,TLR01,BD-PIHPS
2026-09-07,1771,harga_pihps_grosir,14200.0,Rp,BRS01,BD-PIHPS
2026-09-07,1771,harga_pihps_grosir,15600.0,Rp,BRS02,BD-PIHPS
2026-09-07,1771,harga_pihps_grosir,15500.0,Rp,BRS03,BD-PIHPS
2026-09-07,1771,harga_pihps_grosir,15850.0,Rp,BRS04,BD-PIHPS
2026-09-07,1771,harga_pihps_grosir,15800.0,Rp,BRS05,BD-PIHPS
2026-09-07,1771,harga_pihps_grosir,15950.0,Rp,BRS06,BD-PIHPS
2026-09-07,1771,harga_pihps_grosir,28000.0,Rp,BWM01,BD-PIHPS
2026-09-07,1771,harga_pihps_grosir,27000.0,Rp,BWP01,BD-PIHPS
2026-09-07,1771,harga_pihps_grosir,36500.0,Rp,CMR01,BD-PIHPS
2026-09-07,1771,harga_pihps_grosir,44000.0,Rp,CMR02,BD-PIHPS
2026-09-07,1771,harga_pihps_grosir,40000.0,Rp,CRW01,BD-PIHPS
2026-09-07,1771,harga_pihps_grosir,54000.0,Rp,CRW02,BD-PIHPS
2026-09-07,1771,harga_pihps_grosir,44250.0,Rp,DAY01,BD-PIHPS
2026-09-07,1771,harga_pihps_grosir,142500.0,Rp,DSP01,BD-PIHPS
2026-09-07,1771,harga_pihps_grosir,102500.0,Rp,DSP02,BD-PIHPS
2026-09-07,1771,harga_pihps_grosir,17250.0,Rp,GLP01,BD-PIHPS
2026-09-07,1771,harga_pihps_grosir,17500.0,Rp,MGR01,BD-PIHPS
2026-09-07,1771,harga_pihps_grosir,23000.0,Rp,MGR02,BD-PIHPS
2026-09-07,1771,harga_pihps_grosir,22500.0,Rp,MGR03,BD-PIHPS
2026-09-07,1771,harga_pihps_grosir,25600.0,Rp,TLR01,BD-PIHPS
2026-09-07,1771,harga_pihps_modern,15450.0,Rp,BRS01,BD-PIHPS
2026-09-07,1771,harga_pihps_modern,15100.0,Rp,BRS02,BD-PIHPS
2026-09-07,1771,harga_pihps_modern,16350.0,Rp,BRS03,BD-PIHPS
2026-09-07,1771,harga_pihps_modern,16250.0,Rp,BRS04,BD-PIHPS
2026-09-07,1771,harga_pihps_modern,15250.0,Rp,BRS05,BD-PIHPS
2026-09-07,1771,harga_pihps_modern,17700.0,Rp,BRS06,BD-PIHPS
2026-09-07,1771,harga_pihps_modern,57450.0,Rp,BWM01,BD-PIHPS
2026-09-07,1771,harga_pihps_modern,46950.0,Rp,BWP01,BD-PIHPS
2026-09-07,1771,harga_pihps_modern,90450.0,Rp,CMR01,BD-PIHPS
2026-09-07,1771,harga_pihps_modern,64950.0,Rp,CMR02,BD-PIHPS
2026-09-07,1771,harga_pihps_modern,74950.0,Rp,CRW01,BD-PIHPS
2026-09-07,1771,harga_pihps_modern,82950.0,Rp,CRW02,BD-PIHPS
2026-09-07,1771,harga_pihps_modern,49950.0,Rp,DAY01,BD-PIHPS
2026-09-07,1771,harga_pihps_modern,168450.0,Rp,DSP01,BD-PIHPS
2026-09-07,1771,harga_pihps_modern,158450.0,Rp,DSP02,BD-PIHPS
2026-09-07,1771,harga_pihps_modern,17400.0,Rp,GLP01,BD-PIHPS
2026-09-07,1771,harga_pihps_modern,17850.0,Rp,GLP02,BD-PIHPS
2026-09-07,1771,harga_pihps_modern,21350.0,Rp,MGR02,BD-PIHPS
2026-09-07,1771,harga_pihps_modern,24800.0,Rp,MGR03,BD-PIHPS
2026-09-07,1771,harga_pihps_modern,28550.0,Rp,TLR01,BD-PIHPS
2026-09-07,1771,harga_pihps_produsen,13800.0,Rp,BRS03,BD-PIHPS
2026-09-07,1771,harga_pihps_produsen,13600.0,Rp,BRS04,BD-PIHPS
2026-09-07,1771,harga_pihps_produsen,16250.0,Rp,BRS05,BD-PIHPS
2026-09-07,1771,harga_pihps_produsen,13800.0,Rp,BRS06,BD-PIHPS
2026-09-07,1771,harga_pihps_produsen,31500.0,Rp,CMR01,BD-PIHPS
2026-09-07,1771,harga_pihps_produsen,28500.0,Rp,CMR02,BD-PIHPS
2026-09-07,1771,harga_pihps_produsen,45000.0,Rp,CRW01,BD-PIHPS
2026-09-07,1771,harga_pihps_produsen,39650.0,Rp,CRW02,BD-PIHPS
2026-09-07,1771,harga_pihps_produsen,28000.0,Rp,DAY01,BD-PIHPS
2026-09-07,1771,harga_pihps_produsen,150000.0,Rp,DSP01,BD-PIHPS
2026-09-07,1771,harga_pihps_produsen,150000.0,Rp,DSP02,BD-PIHPS
2026-09-07,1771,harga_pihps_produsen,21500.0,Rp,TLR01,BD-PIHPS
2026-09-08,1771,harga_pihps,15550.0,Rp,BRS01,BD-PIHPS
2026-09-08,1771,harga_pihps,12650.0,Rp,BRS02,BD-PIHPS
2026-09-08,1771,harga_pihps,16250.0,Rp,BRS03,BD-PIHPS
2026-09-08,1771,harga_pihps,16350.0,Rp,BRS04,BD-PIHPS
2026-09-08,1771,harga_pihps,17700.0,Rp,BRS05,BD-PIHPS
2026-09-08,1771,harga_pihps,17000.0,Rp,BRS06,BD-PIHPS
2026-09-08,1771,harga_pihps,38750.0,Rp,BWM01,BD-PIHPS
2026-09-08,1771,harga_pihps,38750.0,Rp,BWP01,BD-PIHPS
2026-09-08,1771,harga_pihps,52500.0,Rp,CMR01,BD-PIHPS
2026-09-08,1771,harga_pihps,58750.0,Rp,CMR02,BD-PIHPS
2026-09-08,1771,harga_pihps,55000.0,Rp,CRW01,BD-PIHPS
2026-09-08,1771,harga_pihps,76250.0,Rp,CRW02,BD-PIHPS
2026-09-08,1771,harga_pihps,46250.0,Rp,DAY01,BD-PIHPS
2026-09-08,1771,harga_pihps,160000.0,Rp,DSP01,BD-PIHPS
2026-09-08,1771,harga_pihps,150000.0,Rp,DSP02,BD-PIHPS
2026-09-08,1771,harga_pihps,19000.0,Rp,GLP01,BD-PIHPS
2026-09-08,1771,harga_pihps,19750.0,Rp,GLP02,BD-PIHPS
2026-09-08,1771,harga_pihps,20000.0,Rp,MGR01,BD-PIHPS
2026-09-08,1771,harga_pihps,24000.0,Rp,MGR02,BD-PIHPS
2026-09-08,1771,harga_pihps,23250.0,Rp,MGR03,BD-PIHPS
2026-09-08,1771,harga_pihps,28800.0,Rp,TLR01,BD-PIHPS
2026-09-08,1771,harga_pihps_grosir,14200.0,Rp,BRS01,BD-PIHPS
2026-09-08,1771,harga_pihps_grosir,15600.0,Rp,BRS02,BD-PIHPS
2026-09-08,1771,harga_pihps_grosir,15500.0,Rp,BRS03,BD-PIHPS
2026-09-08,1771,harga_pihps_grosir,15850.0,Rp,BRS04,BD-PIHPS
2026-09-08,1771,harga_pihps_grosir,15800.0,Rp,BRS05,BD-PIHPS
2026-09-08,1771,harga_pihps_grosir,15950.0,Rp,BRS06,BD-PIHPS
2026-09-08,1771,harga_pihps_grosir,28000.0,Rp,BWM01,BD-PIHPS
2026-09-08,1771,harga_pihps_grosir,27000.0,Rp,BWP01,BD-PIHPS
2026-09-08,1771,harga_pihps_grosir,36500.0,Rp,CMR01,BD-PIHPS
2026-09-08,1771,harga_pihps_grosir,44000.0,Rp,CMR02,BD-PIHPS
2026-09-08,1771,harga_pihps_grosir,40000.0,Rp,CRW01,BD-PIHPS
2026-09-08,1771,harga_pihps_grosir,54000.0,Rp,CRW02,BD-PIHPS
2026-09-08,1771,harga_pihps_grosir,44250.0,Rp,DAY01,BD-PIHPS
2026-09-08,1771,harga_pihps_grosir,142500.0,Rp,DSP01,BD-PIHPS
2026-09-08,1771,harga_pihps_grosir,102500.0,Rp,DSP02,BD-PIHPS
2026-09-08,1771,harga_pihps_grosir,17250.0,Rp,GLP01,BD-PIHPS
2026-09-08,1771,harga_pihps_grosir,17500.0,Rp,MGR01,BD-PIHPS
2026-09-08,1771,harga_pihps_grosir,23000.0,Rp,MGR02,BD-PIHPS
2026-09-08,1771,harga_pihps_grosir,22500.0,Rp,MGR03,BD-PIHPS
2026-09-08,1771,harga_pihps_grosir,25600.0,Rp,TLR01,BD-PIHPS
2026-09-08,1771,harga_pihps_modern,15450.0,Rp,BRS01,BD-PIHPS
2026-09-08,1771,harga_pihps_modern,15100.0,Rp,BRS02,BD-PIHPS
2026-09-08,1771,harga_pihps_modern,16350.0,Rp,BRS03,BD-PIHPS
2026-09-08,1771,harga_pihps_modern,16250.0,Rp,BRS04,BD-PIHPS
2026-09-08,1771,harga_pihps_modern,15250.0,Rp,BRS05,BD-PIHPS
2026-09-08,1771,harga_pihps_modern,17700.0,Rp,BRS06,BD-PIHPS
2026-09-08,1771,harga_pihps_modern,57450.0,Rp,BWM01,BD-PIHPS
2026-09-08,1771,harga_pihps_modern,46950.0,Rp,BWP01,BD-PIHPS
2026-09-08,1771,harga_pihps_modern,90450.0,Rp,CMR01,BD-PIHPS
2026-09-08,1771,harga_pihps_modern,64950.0,Rp,CMR02,BD-PIHPS
2026-09-08,1771,harga_pihps_modern,69950.0,Rp,CRW01,BD-PIHPS
2026-09-08,1771,harga_pihps_modern,82950.0,Rp,CRW02,BD-PIHPS
2026-09-08,1771,harga_pihps_modern,49950.0,Rp,DAY01,BD-PIHPS
2026-09-08,1771,harga_pihps_modern,163450.0,Rp,DSP01,BD-PIHPS
2026-09-08,1771,harga_pihps_modern,156450.0,Rp,DSP02,BD-PIHPS
2026-09-08,1771,harga_pihps_modern,17400.0,Rp,GLP01,BD-PIHPS
2026-09-08,1771,harga_pihps_modern,17850.0,Rp,GLP02,BD-PIHPS
2026-09-08,1771,harga_pihps_modern,21350.0,Rp,MGR02,BD-PIHPS
2026-09-08,1771,harga_pihps_modern,24800.0,Rp,MGR03,BD-PIHPS
2026-09-08,1771,harga_pihps_modern,28550.0,Rp,TLR01,BD-PIHPS
2026-09-08,1771,harga_pihps_produsen,13800.0,Rp,BRS03,BD-PIHPS
2026-09-08,1771,harga_pihps_produsen,13600.0,Rp,BRS04,BD-PIHPS
2026-09-08,1771,harga_pihps_produsen,16250.0,Rp,BRS05,BD-PIHPS
2026-09-08,1771,harga_pihps_produsen,13800.0,Rp,BRS06,BD-PIHPS
2026-09-08,1771,harga_pihps_produsen,31500.0,Rp,CMR01,BD-PIHPS
2026-09-08,1771,harga_pihps_produsen,28500.0,Rp,CMR02,BD-PIHPS
2026-09-08,1771,harga_pihps_produsen,45000.0,Rp,CRW01,BD-PIHPS
2026-09-08,1771,harga_pihps_produsen,39650.0,Rp,CRW02,BD-PIHPS
2026-09-08,1771,harga_pihps_produsen,28000.0,Rp,DAY01,BD-PIHPS
2026-09-08,1771,harga_pihps_produsen,150000.0,Rp,DSP01,BD-PIHPS
2026-09-08,1771,harga_pihps_produsen,150000.0,Rp,DSP02,BD-PIHPS
2026-09-08,1771,harga_pihps_produsen,21500.0,Rp,TLR01,BD-PIHPS
2026-09-09,1771,harga_pihps,15550.0,Rp,BRS01,BD-PIHPS
2026-09-09,1771,harga_pihps,12650.0,Rp,BRS02,BD-PIHPS
2026-09-09,1771,harga_pihps,16250.0,Rp,BRS03,BD-PIHPS
2026-09-09,1771,harga_pihps,16350.0,Rp,BRS04,BD-PIHPS
2026-09-09,1771,harga_pihps,17700.0,Rp,BRS05,BD-PIHPS
2026-09-09,1771,harga_pihps,17000.0,Rp,BRS06,BD-PIHPS
2026-09-09,1771,harga_pihps,38000.0,Rp,BWM01,BD-PIHPS
2026-09-09,1771,harga_pihps,38750.0,Rp,BWP01,BD-PIHPS
2026-09-09,1771,harga_pihps,52500.0,Rp,CMR01,BD-PIHPS
2026-09-09,1771,harga_pihps,58750.0,Rp,CMR02,BD-PIHPS
2026-09-09,1771,harga_pihps,55000.0,Rp,CRW01,BD-PIHPS
2026-09-09,1771,harga_pihps,77500.0,Rp,CRW02,BD-PIHPS
2026-09-09,1771,harga_pihps,46250.0,Rp,DAY01,BD-PIHPS
2026-09-09,1771,harga_pihps,160000.0,Rp,DSP01,BD-PIHPS
2026-09-09,1771,harga_pihps,150000.0,Rp,DSP02,BD-PIHPS
2026-09-09,1771,harga_pihps,19000.0,Rp,GLP01,BD-PIHPS
2026-09-09,1771,harga_pihps,19750.0,Rp,GLP02,BD-PIHPS
2026-09-09,1771,harga_pihps,20000.0,Rp,MGR01,BD-PIHPS
2026-09-09,1771,harga_pihps,24000.0,Rp,MGR02,BD-PIHPS
2026-09-09,1771,harga_pihps,23250.0,Rp,MGR03,BD-PIHPS
2026-09-09,1771,harga_pihps,28800.0,Rp,TLR01,BD-PIHPS
2026-09-09,1771,harga_pihps_grosir,14200.0,Rp,BRS01,BD-PIHPS
2026-09-09,1771,harga_pihps_grosir,15600.0,Rp,BRS02,BD-PIHPS
2026-09-09,1771,harga_pihps_grosir,15500.0,Rp,BRS03,BD-PIHPS
2026-09-09,1771,harga_pihps_grosir,15850.0,Rp,BRS04,BD-PIHPS
2026-09-09,1771,harga_pihps_grosir,15800.0,Rp,BRS05,BD-PIHPS
2026-09-09,1771,harga_pihps_grosir,15950.0,Rp,BRS06,BD-PIHPS
2026-09-09,1771,harga_pihps_grosir,28000.0,Rp,BWM01,BD-PIHPS
2026-09-09,1771,harga_pihps_grosir,27000.0,Rp,BWP01,BD-PIHPS
2026-09-09,1771,harga_pihps_grosir,36500.0,Rp,CMR01,BD-PIHPS
2026-09-09,1771,harga_pihps_grosir,44000.0,Rp,CMR02,BD-PIHPS
2026-09-09,1771,harga_pihps_grosir,40000.0,Rp,CRW01,BD-PIHPS
2026-09-09,1771,harga_pihps_grosir,54000.0,Rp,CRW02,BD-PIHPS
2026-09-09,1771,harga_pihps_grosir,44250.0,Rp,DAY01,BD-PIHPS
2026-09-09,1771,harga_pihps_grosir,142500.0,Rp,DSP01,BD-PIHPS
2026-09-09,1771,harga_pihps_grosir,102500.0,Rp,DSP02,BD-PIHPS
2026-09-09,1771,harga_pihps_grosir,17250.0,Rp,GLP01,BD-PIHPS
2026-09-09,1771,harga_pihps_grosir,17500.0,Rp,MGR01,BD-PIHPS
2026-09-09,1771,harga_pihps_grosir,23000.0,Rp,MGR02,BD-PIHPS
2026-09-09,1771,harga_pihps_grosir,22500.0,Rp,MGR03,BD-PIHPS
2026-09-09,1771,harga_pihps_grosir,25600.0,Rp,TLR01,BD-PIHPS
2026-09-09,1771,harga_pihps_modern,15450.0,Rp,BRS01,BD-PIHPS
2026-09-09,1771,harga_pihps_modern,15100.0,Rp,BRS02,BD-PIHPS
2026-09-09,1771,harga_pihps_modern,16350.0,Rp,BRS03,BD-PIHPS
2026-09-09,1771,harga_pihps_modern,16250.0,Rp,BRS04,BD-PIHPS
2026-09-09,1771,harga_pihps_modern,15250.0,Rp,BRS05,BD-PIHPS
2026-09-09,1771,harga_pihps_modern,17700.0,Rp,BRS06,BD-PIHPS
2026-09-09,1771,harga_pihps_modern,57450.0,Rp,BWM01,BD-PIHPS
2026-09-09,1771,harga_pihps_modern,46950.0,Rp,BWP01,BD-PIHPS
2026-09-09,1771,harga_pihps_modern,90450.0,Rp,CMR01,BD-PIHPS
2026-09-09,1771,harga_pihps_modern,64950.0,Rp,CMR02,BD-PIHPS
2026-09-09,1771,harga_pihps_modern,69950.0,Rp,CRW01,BD-PIHPS
2026-09-09,1771,harga_pihps_modern,82950.0,Rp,CRW02,BD-PIHPS
2026-09-09,1771,harga_pihps_modern,49950.0,Rp,DAY01,BD-PIHPS
2026-09-09,1771,harga_pihps_modern,163450.0,Rp,DSP01,BD-PIHPS
2026-09-09,1771,harga_pihps_modern,156450.0,Rp,DSP02,BD-PIHPS
2026-09-09,1771,harga_pihps_modern,17400.0,Rp,GLP01,BD-PIHPS
2026-09-09,1771,harga_pihps_modern,17850.0,Rp,GLP02,BD-PIHPS
2026-09-09,1771,harga_pihps_modern,21350.0,Rp,MGR02,BD-PIHPS
2026-09-09,1771,harga_pihps_modern,24800.0,Rp,MGR03,BD-PIHPS
2026-09-09,1771,harga_pihps_modern,28550.0,Rp,TLR01,BD-PIHPS
2026-09-09,1771,harga_pihps_produsen,13800.0,Rp,BRS03,BD-PIHPS
2026-09-09,1771,harga_pihps_produsen,13600.0,Rp,BRS04,BD-PIHPS
2026-09-09,1771,harga_pihps_produsen,16250.0,Rp,BRS05,BD-PIHPS
2026-09-09,1771,harga_pihps_produsen,13800.0,Rp,BRS06,BD-PIHPS
2026-09-09,1771,harga_pihps_produsen,31500.0,Rp,CMR01,BD-PIHPS
2026-09-09,1771,harga_pihps_produsen,28500.0,Rp,CMR02,BD-PIHPS
2026-09-09,1771,harga_pihps_produsen,45000.0,Rp,CRW01,BD-PIHPS
2026-09-09,1771,harga_pihps_produsen,39650.0,Rp,CRW02,BD-PIHPS
2026-09-09,1771,harga_pihps_produsen,28000.0,Rp,DAY01,BD-PIHPS
2026-09-09,1771,harga_pihps_produsen,150000.0,Rp,DSP01,BD-PIHPS
2026-09-09,1771,harga_pihps_produsen,150000.0,Rp,DSP02,BD-PIHPS
2026-09-09,1771,harga_pihps_produsen,21500.0,Rp,TLR01,BD-PIHPS
2026-09-10,1771,harga_pihps,15550.0,Rp,BRS01,BD-PIHPS
2026-09-10,1771,harga_pihps,12650.0,Rp,BRS02,BD-PIHPS
2026-09-10,1771,harga_pihps,16250.0,Rp,BRS03,BD-PIHPS
2026-09-10,1771,harga_pihps,16350.0,Rp,BRS04,BD-PIHPS
2026-09-10,1771,harga_pihps,17700.0,Rp,BRS05,BD-PIHPS
2026-09-10,1771,harga_pihps,17000.0,Rp,BRS06,BD-PIHPS
2026-09-10,1771,harga_pihps,36750.0,Rp,BWM01,BD-PIHPS
2026-09-10,1771,harga_pihps,38750.0,Rp,BWP01,BD-PIHPS
2026-09-10,1771,harga_pihps,52500.0,Rp,CMR01,BD-PIHPS
2026-09-10,1771,harga_pihps,56500.0,Rp,CMR02,BD-PIHPS
2026-09-10,1771,harga_pihps,53750.0,Rp,CRW01,BD-PIHPS
2026-09-10,1771,harga_pihps,76250.0,Rp,CRW02,BD-PIHPS
2026-09-10,1771,harga_pihps,46250.0,Rp,DAY01,BD-PIHPS
2026-09-10,1771,harga_pihps,160000.0,Rp,DSP01,BD-PIHPS
2026-09-10,1771,harga_pihps,150000.0,Rp,DSP02,BD-PIHPS
2026-09-10,1771,harga_pihps,19000.0,Rp,GLP01,BD-PIHPS
2026-09-10,1771,harga_pihps,19750.0,Rp,GLP02,BD-PIHPS
2026-09-10,1771,harga_pihps,20000.0,Rp,MGR01,BD-PIHPS
2026-09-10,1771,harga_pihps,24000.0,Rp,MGR02,BD-PIHPS
2026-09-10,1771,harga_pihps,23250.0,Rp,MGR03,BD-PIHPS
2026-09-10,1771,harga_pihps,28800.0,Rp,TLR01,BD-PIHPS
2026-09-10,1771,harga_pihps_grosir,14200.0,Rp,BRS01,BD-PIHPS
2026-09-10,1771,harga_pihps_grosir,15600.0,Rp,BRS02,BD-PIHPS
2026-09-10,1771,harga_pihps_grosir,15500.0,Rp,BRS03,BD-PIHPS
2026-09-10,1771,harga_pihps_grosir,15850.0,Rp,BRS04,BD-PIHPS
2026-09-10,1771,harga_pihps_grosir,15800.0,Rp,BRS05,BD-PIHPS
2026-09-10,1771,harga_pihps_grosir,15950.0,Rp,BRS06,BD-PIHPS
2026-09-10,1771,harga_pihps_grosir,29500.0,Rp,BWM01,BD-PIHPS
2026-09-10,1771,harga_pihps_grosir,28000.0,Rp,BWP01,BD-PIHPS
2026-09-10,1771,harga_pihps_grosir,46500.0,Rp,CMR01,BD-PIHPS
2026-09-10,1771,harga_pihps_grosir,51500.0,Rp,CMR02,BD-PIHPS
2026-09-10,1771,harga_pihps_grosir,42000.0,Rp,CRW01,BD-PIHPS
2026-09-10,1771,harga_pihps_grosir,65000.0,Rp,CRW02,BD-PIHPS
2026-09-10,1771,harga_pihps_grosir,44250.0,Rp,DAY01,BD-PIHPS
2026-09-10,1771,harga_pihps_grosir,142500.0,Rp,DSP01,BD-PIHPS
2026-09-10,1771,harga_pihps_grosir,102500.0,Rp,DSP02,BD-PIHPS
2026-09-10,1771,harga_pihps_grosir,17250.0,Rp,GLP01,BD-PIHPS
2026-09-10,1771,harga_pihps_grosir,17500.0,Rp,MGR01,BD-PIHPS
2026-09-10,1771,harga_pihps_grosir,23000.0,Rp,MGR02,BD-PIHPS
2026-09-10,1771,harga_pihps_grosir,22500.0,Rp,MGR03,BD-PIHPS
2026-09-10,1771,harga_pihps_grosir,25400.0,Rp,TLR01,BD-PIHPS
2026-09-10,1771,harga_pihps_modern,15450.0,Rp,BRS01,BD-PIHPS
2026-09-10,1771,harga_pihps_modern,15100.0,Rp,BRS02,BD-PIHPS
2026-09-10,1771,harga_pihps_modern,16350.0,Rp,BRS03,BD-PIHPS
2026-09-10,1771,harga_pihps_modern,16250.0,Rp,BRS04,BD-PIHPS
2026-09-10,1771,harga_pihps_modern,15250.0,Rp,BRS05,BD-PIHPS
2026-09-10,1771,harga_pihps_modern,17700.0,Rp,BRS06,BD-PIHPS
2026-09-10,1771,harga_pihps_modern,57450.0,Rp,BWM01,BD-PIHPS
2026-09-10,1771,harga_pihps_modern,46950.0,Rp,BWP01,BD-PIHPS
2026-09-10,1771,harga_pihps_modern,90450.0,Rp,CMR01,BD-PIHPS
2026-09-10,1771,harga_pihps_modern,64950.0,Rp,CMR02,BD-PIHPS
2026-09-10,1771,harga_pihps_modern,69950.0,Rp,CRW01,BD-PIHPS
2026-09-10,1771,harga_pihps_modern,82950.0,Rp,CRW02,BD-PIHPS
2026-09-10,1771,harga_pihps_modern,49950.0,Rp,DAY01,BD-PIHPS
2026-09-10,1771,harga_pihps_modern,163450.0,Rp,DSP01,BD-PIHPS
2026-09-10,1771,harga_pihps_modern,156450.0,Rp,DSP02,BD-PIHPS
2026-09-10,1771,harga_pihps_modern,17400.0,Rp,GLP01,BD-PIHPS
2026-09-10,1771,harga_pihps_modern,17850.0,Rp,GLP02,BD-PIHPS
2026-09-10,1771,harga_pihps_modern,21350.0,Rp,MGR02,BD-PIHPS
2026-09-10,1771,harga_pihps_modern,24800.0,Rp,MGR03,BD-PIHPS
2026-09-10,1771,harga_pihps_modern,28550.0,Rp,TLR01,BD-PIHPS
2026-09-10,1771,harga_pihps_produsen,13800.0,Rp,BRS03,BD-PIHPS
2026-09-10,1771,harga_pihps_produsen,13600.0,Rp,BRS04,BD-PIHPS
2026-09-10,1771,harga_pihps_produsen,16250.0,Rp,BRS05,BD-PIHPS
2026-09-10,1771,harga_pihps_produsen,13800.0,Rp,BRS06,BD-PIHPS
2026-09-10,1771,harga_pihps_produsen,31500.0,Rp,CMR01,BD-PIHPS
2026-09-10,1771,harga_pihps_produsen,28500.0,Rp,CMR02,BD-PIHPS
2026-09-10,1771,harga_pihps_produsen,45000.0,Rp,CRW01,BD-PIHPS
2026-09-10,1771,harga_pihps_produsen,39650.0,Rp,CRW02,BD-PIHPS
2026-09-10,1771,harga_pihps_produsen,28000.0,Rp,DAY01,BD-PIHPS
2026-09-10,1771,harga_pihps_produsen,150000.0,Rp,DSP01,BD-PIHPS
2026-09-10,1771,harga_pihps_produsen,150000.0,Rp,DSP02,BD-PIHPS
2026-09-10,1771,harga_pihps_produsen,21500.0,Rp,TLR01,BD-PIHPS
2026-09-11,1771,harga_pihps,15550.0,Rp,BRS01,BD-PIHPS
2026-09-11,1771,harga_pihps,12650.0,Rp,BRS02,BD-PIHPS
2026-09-11,1771,harga_pihps,16250.0,Rp,BRS03,BD-PIHPS
2026-09-11,1771,harga_pihps,16350.0,Rp,BRS04,BD-PIHPS
2026-09-11,1771,harga_pihps,17700.0,Rp,BRS05,BD-PIHPS
2026-09-11,1771,harga_pihps,17000.0,Rp,BRS06,BD-PIHPS
2026-09-11,1771,harga_pihps,36750.0,Rp,BWM01,BD-PIHPS
2026-09-11,1771,harga_pihps,38750.0,Rp,BWP01,BD-PIHPS
2026-09-11,1771,harga_pihps,50000.0,Rp,CMR01,BD-PIHPS
2026-09-11,1771,harga_pihps,56250.0,Rp,CMR02,BD-PIHPS
2026-09-11,1771,harga_pihps,56250.0,Rp,CRW01,BD-PIHPS
2026-09-11,1771,harga_pihps,76250.0,Rp,CRW02,BD-PIHPS
2026-09-11,1771,harga_pihps,46250.0,Rp,DAY01,BD-PIHPS
2026-09-11,1771,harga_pihps,160000.0,Rp,DSP01,BD-PIHPS
2026-09-11,1771,harga_pihps,150000.0,Rp,DSP02,BD-PIHPS
2026-09-11,1771,harga_pihps,19000.0,Rp,GLP01,BD-PIHPS
2026-09-11,1771,harga_pihps,19750.0,Rp,GLP02,BD-PIHPS
2026-09-11,1771,harga_pihps,20000.0,Rp,MGR01,BD-PIHPS
2026-09-11,1771,harga_pihps,24000.0,Rp,MGR02,BD-PIHPS
2026-09-11,1771,harga_pihps,23250.0,Rp,MGR03,BD-PIHPS
2026-09-11,1771,harga_pihps,28800.0,Rp,TLR01,BD-PIHPS
2026-09-11,1771,harga_pihps_grosir,14200.0,Rp,BRS01,BD-PIHPS
2026-09-11,1771,harga_pihps_grosir,15600.0,Rp,BRS02,BD-PIHPS
2026-09-11,1771,harga_pihps_grosir,15500.0,Rp,BRS03,BD-PIHPS
2026-09-11,1771,harga_pihps_grosir,15850.0,Rp,BRS04,BD-PIHPS
2026-09-11,1771,harga_pihps_grosir,15800.0,Rp,BRS05,BD-PIHPS
2026-09-11,1771,harga_pihps_grosir,15950.0,Rp,BRS06,BD-PIHPS
2026-09-11,1771,harga_pihps_grosir,29500.0,Rp,BWM01,BD-PIHPS
2026-09-11,1771,harga_pihps_grosir,28000.0,Rp,BWP01,BD-PIHPS
2026-09-11,1771,harga_pihps_grosir,46500.0,Rp,CMR01,BD-PIHPS
2026-09-11,1771,harga_pihps_grosir,51500.0,Rp,CMR02,BD-PIHPS
2026-09-11,1771,harga_pihps_grosir,42000.0,Rp,CRW01,BD-PIHPS
2026-09-11,1771,harga_pihps_grosir,65000.0,Rp,CRW02,BD-PIHPS
2026-09-11,1771,harga_pihps_grosir,44250.0,Rp,DAY01,BD-PIHPS
2026-09-11,1771,harga_pihps_grosir,142500.0,Rp,DSP01,BD-PIHPS
2026-09-11,1771,harga_pihps_grosir,102500.0,Rp,DSP02,BD-PIHPS
2026-09-11,1771,harga_pihps_grosir,17250.0,Rp,GLP01,BD-PIHPS
2026-09-11,1771,harga_pihps_grosir,17500.0,Rp,MGR01,BD-PIHPS
2026-09-11,1771,harga_pihps_grosir,23000.0,Rp,MGR02,BD-PIHPS
2026-09-11,1771,harga_pihps_grosir,22500.0,Rp,MGR03,BD-PIHPS
2026-09-11,1771,harga_pihps_grosir,25400.0,Rp,TLR01,BD-PIHPS
2026-09-11,1771,harga_pihps_modern,15450.0,Rp,BRS01,BD-PIHPS
2026-09-11,1771,harga_pihps_modern,15100.0,Rp,BRS02,BD-PIHPS
2026-09-11,1771,harga_pihps_modern,16350.0,Rp,BRS03,BD-PIHPS
2026-09-11,1771,harga_pihps_modern,16250.0,Rp,BRS04,BD-PIHPS
2026-09-11,1771,harga_pihps_modern,15250.0,Rp,BRS05,BD-PIHPS
2026-09-11,1771,harga_pihps_modern,17700.0,Rp,BRS06,BD-PIHPS
2026-09-11,1771,harga_pihps_modern,57450.0,Rp,BWM01,BD-PIHPS
2026-09-11,1771,harga_pihps_modern,46950.0,Rp,BWP01,BD-PIHPS
2026-09-11,1771,harga_pihps_modern,90450.0,Rp,CMR01,BD-PIHPS
2026-09-11,1771,harga_pihps_modern,64950.0,Rp,CMR02,BD-PIHPS
2026-09-11,1771,harga_pihps_modern,69950.0,Rp,CRW01,BD-PIHPS
2026-09-11,1771,harga_pihps_modern,82950.0,Rp,CRW02,BD-PIHPS
2026-09-11,1771,harga_pihps_modern,49950.0,Rp,DAY01,BD-PIHPS
2026-09-11,1771,harga_pihps_modern,163450.0,Rp,DSP01,BD-PIHPS
2026-09-11,1771,harga_pihps_modern,156450.0,Rp,DSP02,BD-PIHPS
2026-09-11,1771,harga_pihps_modern,17400.0,Rp,GLP01,BD-PIHPS
2026-09-11,1771,harga_pihps_modern,17850.0,Rp,GLP02,BD-PIHPS
2026-09-11,1771,harga_pihps_modern,21350.0,Rp,MGR02,BD-PIHPS
2026-09-11,1771,harga_pihps_modern,24800.0,Rp,MGR03,BD-PIHPS
2026-09-11,1771,harga_pihps_modern,28550.0,Rp,TLR01,BD-PIHPS
2026-09-11,1771,harga_pihps_produsen,13800.0,Rp,BRS03,BD-PIHPS
2026-09-11,1771,harga_pihps_produsen,13600.0,Rp,BRS04,BD-PIHPS
2026-09-11,1771,harga_pihps_produsen,16250.0,Rp,BRS05,BD-PIHPS
2026-09-11,1771,harga_pihps_produsen,13800.0,Rp,BRS06,BD-PIHPS
2026-09-11,1771,harga_pihps_produsen,31500.0,Rp,CMR01,BD-PIHPS
2026-09-11,1771,harga_pihps_produsen,28500.0,Rp,CMR02,BD-PIHPS
2026-09-11,1771,harga_pihps_produsen,45000.0,Rp,CRW01,BD-PIHPS
2026-09-11,1771,harga_pihps_produsen,39650.0,Rp,CRW02,BD-PIHPS
2026-09-11,1771,harga_pihps_produsen,28000.0,Rp,DAY01,BD-PIHPS
2026-09-11,1771,harga_pihps_produsen,150000.0,Rp,DSP01,BD-PIHPS
2026-09-11,1771,harga_pihps_produsen,150000.0,Rp,DSP02,BD-PIHPS
2026-09-11,1771,harga_pihps_produsen,21500.0,Rp,TLR01,BD-PIHPS
2026-09-14,1771,harga_pihps,15550.0,Rp,BRS01,BD-PIHPS
2026-09-14,1771,harga_pihps,12650.0,Rp,BRS02,BD-PIHPS
2026-09-14,1771,harga_pihps,16250.0,Rp,BRS03,BD-PIHPS
2026-09-14,1771,harga_pihps,16350.0,Rp,BRS04,BD-PIHPS
2026-09-14,1771,harga_pihps,17700.0,Rp,BRS05,BD-PIHPS
2026-09-14,1771,harga_pihps,17000.0,Rp,BRS06,BD-PIHPS
2026-09-14,1771,harga_pihps,36750.0,Rp,BWM01,BD-PIHPS
2026-09-14,1771,harga_pihps,38750.0,Rp,BWP01,BD-PIHPS
2026-09-14,1771,harga_pihps,53750.0,Rp,CMR01,BD-PIHPS
2026-09-14,1771,harga_pihps,58750.0,Rp,CMR02,BD-PIHPS
2026-09-14,1771,harga_pihps,57500.0,Rp,CRW01,BD-PIHPS
2026-09-14,1771,harga_pihps,75000.0,Rp,CRW02,BD-PIHPS
2026-09-14,1771,harga_pihps,46250.0,Rp,DAY01,BD-PIHPS
2026-09-14,1771,harga_pihps,160000.0,Rp,DSP01,BD-PIHPS
2026-09-14,1771,harga_pihps,150000.0,Rp,DSP02,BD-PIHPS
2026-09-14,1771,harga_pihps,19000.0,Rp,GLP01,BD-PIHPS
2026-09-14,1771,harga_pihps,19750.0,Rp,GLP02,BD-PIHPS
2026-09-14,1771,harga_pihps,20000.0,Rp,MGR01,BD-PIHPS
2026-09-14,1771,harga_pihps,24000.0,Rp,MGR02,BD-PIHPS
2026-09-14,1771,harga_pihps,23250.0,Rp,MGR03,BD-PIHPS
2026-09-14,1771,harga_pihps,28800.0,Rp,TLR01,BD-PIHPS
2026-09-14,1771,harga_pihps_grosir,14200.0,Rp,BRS01,BD-PIHPS
2026-09-14,1771,harga_pihps_grosir,15600.0,Rp,BRS02,BD-PIHPS
2026-09-14,1771,harga_pihps_grosir,15500.0,Rp,BRS03,BD-PIHPS
2026-09-14,1771,harga_pihps_grosir,15850.0,Rp,BRS04,BD-PIHPS
2026-09-14,1771,harga_pihps_grosir,15800.0,Rp,BRS05,BD-PIHPS
2026-09-14,1771,harga_pihps_grosir,15950.0,Rp,BRS06,BD-PIHPS
2026-09-14,1771,harga_pihps_grosir,29500.0,Rp,BWM01,BD-PIHPS
2026-09-14,1771,harga_pihps_grosir,28000.0,Rp,BWP01,BD-PIHPS
2026-09-14,1771,harga_pihps_grosir,46500.0,Rp,CMR01,BD-PIHPS
2026-09-14,1771,harga_pihps_grosir,51500.0,Rp,CMR02,BD-PIHPS
2026-09-14,1771,harga_pihps_grosir,42000.0,Rp,CRW01,BD-PIHPS
2026-09-14,1771,harga_pihps_grosir,65000.0,Rp,CRW02,BD-PIHPS
2026-09-14,1771,harga_pihps_grosir,44250.0,Rp,DAY01,BD-PIHPS
2026-09-14,1771,harga_pihps_grosir,142500.0,Rp,DSP01,BD-PIHPS
2026-09-14,1771,harga_pihps_grosir,102500.0,Rp,DSP02,BD-PIHPS
2026-09-14,1771,harga_pihps_grosir,17250.0,Rp,GLP01,BD-PIHPS
2026-09-14,1771,harga_pihps_grosir,17500.0,Rp,MGR01,BD-PIHPS
2026-09-14,1771,harga_pihps_grosir,23000.0,Rp,MGR02,BD-PIHPS
2026-09-14,1771,harga_pihps_grosir,22500.0,Rp,MGR03,BD-PIHPS
2026-09-14,1771,harga_pihps_grosir,25400.0,Rp,TLR01,BD-PIHPS
2026-09-14,1771,harga_pihps_modern,15450.0,Rp,BRS01,BD-PIHPS
2026-09-14,1771,harga_pihps_modern,15100.0,Rp,BRS02,BD-PIHPS
2026-09-14,1771,harga_pihps_modern,16350.0,Rp,BRS03,BD-PIHPS
2026-09-14,1771,harga_pihps_modern,16250.0,Rp,BRS04,BD-PIHPS
2026-09-14,1771,harga_pihps_modern,15250.0,Rp,BRS05,BD-PIHPS
2026-09-14,1771,harga_pihps_modern,17700.0,Rp,BRS06,BD-PIHPS
2026-09-14,1771,harga_pihps_modern,57450.0,Rp,BWM01,BD-PIHPS
2026-09-14,1771,harga_pihps_modern,46950.0,Rp,BWP01,BD-PIHPS
2026-09-14,1771,harga_pihps_modern,90450.0,Rp,CMR01,BD-PIHPS
2026-09-14,1771,harga_pihps_modern,64950.0,Rp,CMR02,BD-PIHPS
2026-09-14,1771,harga_pihps_modern,69950.0,Rp,CRW01,BD-PIHPS
2026-09-14,1771,harga_pihps_modern,82950.0,Rp,CRW02,BD-PIHPS
2026-09-14,1771,harga_pihps_modern,49950.0,Rp,DAY01,BD-PIHPS
2026-09-14,1771,harga_pihps_modern,163450.0,Rp,DSP01,BD-PIHPS
2026-09-14,1771,harga_pihps_modern,156450.0,Rp,DSP02,BD-PIHPS
2026-09-14,1771,harga_pihps_modern,17400.0,Rp,GLP01,BD-PIHPS
2026-09-14,1771,harga_pihps_modern,17850.0,Rp,GLP02,BD-PIHPS
2026-09-14,1771,harga_pihps_modern,21350.0,Rp,MGR02,BD-PIHPS
2026-09-14,1771,harga_pihps_modern,24800.0,Rp,MGR03,BD-PIHPS
2026-09-14,1771,harga_pihps_modern,28550.0,Rp,TLR01,BD-PIHPS
2026-09-14,1771,harga_pihps_produsen,13800.0,Rp,BRS03,BD-PIHPS
2026-09-14,1771,harga_pihps_produsen,13600.0,Rp,BRS04,BD-PIHPS
2026-09-14,1771,harga_pihps_produsen,16250.0,Rp,BRS05,BD-PIHPS
2026-09-14,1771,harga_pihps_produsen,13800.0,Rp,BRS06,BD-PIHPS
2026-09-14,1771,harga_pihps_produsen,31500.0,Rp,CMR01,BD-PIHPS
2026-09-14,1771,harga_pihps_produsen,28500.0,Rp,CMR02,BD-PIHPS
2026-09-14,1771,harga_pihps_produsen,45000.0,Rp,CRW01,BD-PIHPS
2026-09-14,1771,harga_pihps_produsen,39650.0,Rp,CRW02,BD-PIHPS
2026-09-14,1771,harga_pihps_produsen,28000.0,Rp,DAY01,BD-PIHPS
2026-09-14,1771,harga_pihps_produsen,150000.0,Rp,DSP01,BD-PIHPS
2026-09-14,1771,harga_pihps_produsen,150000.0,Rp,DSP02,BD-PIHPS
2026-09-14,1771,harga_pihps_produsen,21500.0,Rp,TLR01,BD-PIHPS
2026-09-15,1771,harga_pihps,15700.0,Rp,BRS01,BD-PIHPS
2026-09-15,1771,harga_pihps,12650.0,Rp,BRS02,BD-PIHPS
2026-09-15,1771,harga_pihps,16300.0,Rp,BRS03,BD-PIHPS
2026-09-15,1771,harga_pihps,16400.0,Rp,BRS04,BD-PIHPS
2026-09-15,1771,harga_pihps,17750.0,Rp,BRS05,BD-PIHPS
2026-09-15,1771,harga_pihps,17000.0,Rp,BRS06,BD-PIHPS
2026-09-15,1771,harga_pihps,36750.0,Rp,BWM01,BD-PIHPS
2026-09-15,1771,harga_pihps,38750.0,Rp,BWP01,BD-PIHPS
2026-09-15,1771,harga_pihps,53250.0,Rp,CMR01,BD-PIHPS
2026-09-15,1771,harga_pihps,60000.0,Rp,CMR02,BD-PIHPS
2026-09-15,1771,harga_pihps,56250.0,Rp,CRW01,BD-PIHPS
2026-09-15,1771,harga_pihps,75000.0,Rp,CRW02,BD-PIHPS
2026-09-15,1771,harga_pihps,46000.0,Rp,DAY01,BD-PIHPS
2026-09-15,1771,harga_pihps,160000.0,Rp,DSP01,BD-PIHPS
2026-09-15,1771,harga_pihps,150000.0,Rp,DSP02,BD-PIHPS
2026-09-15,1771,harga_pihps,19000.0,Rp,GLP01,BD-PIHPS
2026-09-15,1771,harga_pihps,19750.0,Rp,GLP02,BD-PIHPS
2026-09-15,1771,harga_pihps,20000.0,Rp,MGR01,BD-PIHPS
2026-09-15,1771,harga_pihps,24000.0,Rp,MGR02,BD-PIHPS
2026-09-15,1771,harga_pihps,23250.0,Rp,MGR03,BD-PIHPS
2026-09-15,1771,harga_pihps,28800.0,Rp,TLR01,BD-PIHPS
2026-09-15,1771,harga_pihps_grosir,14200.0,Rp,BRS01,BD-PIHPS
2026-09-15,1771,harga_pihps_grosir,15600.0,Rp,BRS02,BD-PIHPS
2026-09-15,1771,harga_pihps_grosir,15500.0,Rp,BRS03,BD-PIHPS
2026-09-15,1771,harga_pihps_grosir,15850.0,Rp,BRS04,BD-PIHPS
2026-09-15,1771,harga_pihps_grosir,15800.0,Rp,BRS05,BD-PIHPS
2026-09-15,1771,harga_pihps_grosir,15950.0,Rp,BRS06,BD-PIHPS
2026-09-15,1771,harga_pihps_grosir,29500.0,Rp,BWM01,BD-PIHPS
2026-09-15,1771,harga_pihps_grosir,28000.0,Rp,BWP01,BD-PIHPS
2026-09-15,1771,harga_pihps_grosir,46500.0,Rp,CMR01,BD-PIHPS
2026-09-15,1771,harga_pihps_grosir,51500.0,Rp,CMR02,BD-PIHPS
2026-09-15,1771,harga_pihps_grosir,42000.0,Rp,CRW01,BD-PIHPS
2026-09-15,1771,harga_pihps_grosir,65000.0,Rp,CRW02,BD-PIHPS
2026-09-15,1771,harga_pihps_grosir,44250.0,Rp,DAY01,BD-PIHPS
2026-09-15,1771,harga_pihps_grosir,142500.0,Rp,DSP01,BD-PIHPS
2026-09-15,1771,harga_pihps_grosir,102500.0,Rp,DSP02,BD-PIHPS
2026-09-15,1771,harga_pihps_grosir,17250.0,Rp,GLP01,BD-PIHPS
2026-09-15,1771,harga_pihps_grosir,17500.0,Rp,MGR01,BD-PIHPS
2026-09-15,1771,harga_pihps_grosir,23000.0,Rp,MGR02,BD-PIHPS
2026-09-15,1771,harga_pihps_grosir,22500.0,Rp,MGR03,BD-PIHPS
2026-09-15,1771,harga_pihps_grosir,25400.0,Rp,TLR01,BD-PIHPS
2026-09-15,1771,harga_pihps_modern,15450.0,Rp,BRS01,BD-PIHPS
2026-09-15,1771,harga_pihps_modern,15100.0,Rp,BRS02,BD-PIHPS
2026-09-15,1771,harga_pihps_modern,16350.0,Rp,BRS03,BD-PIHPS
2026-09-15,1771,harga_pihps_modern,16250.0,Rp,BRS04,BD-PIHPS
2026-09-15,1771,harga_pihps_modern,15250.0,Rp,BRS05,BD-PIHPS
2026-09-15,1771,harga_pihps_modern,17700.0,Rp,BRS06,BD-PIHPS
2026-09-15,1771,harga_pihps_modern,57450.0,Rp,BWM01,BD-PIHPS
2026-09-15,1771,harga_pihps_modern,46950.0,Rp,BWP01,BD-PIHPS
2026-09-15,1771,harga_pihps_modern,90450.0,Rp,CMR01,BD-PIHPS
2026-09-15,1771,harga_pihps_modern,64950.0,Rp,CMR02,BD-PIHPS
2026-09-15,1771,harga_pihps_modern,74950.0,Rp,CRW01,BD-PIHPS
2026-09-15,1771,harga_pihps_modern,82950.0,Rp,CRW02,BD-PIHPS
2026-09-15,1771,harga_pihps_modern,49950.0,Rp,DAY01,BD-PIHPS
2026-09-15,1771,harga_pihps_modern,168450.0,Rp,DSP01,BD-PIHPS
2026-09-15,1771,harga_pihps_modern,158450.0,Rp,DSP02,BD-PIHPS
2026-09-15,1771,harga_pihps_modern,17400.0,Rp,GLP01,BD-PIHPS
2026-09-15,1771,harga_pihps_modern,17850.0,Rp,GLP02,BD-PIHPS
2026-09-15,1771,harga_pihps_modern,21350.0,Rp,MGR02,BD-PIHPS
2026-09-15,1771,harga_pihps_modern,24800.0,Rp,MGR03,BD-PIHPS
2026-09-15,1771,harga_pihps_modern,28550.0,Rp,TLR01,BD-PIHPS
2026-09-15,1771,harga_pihps_produsen,13800.0,Rp,BRS03,BD-PIHPS
2026-09-15,1771,harga_pihps_produsen,13600.0,Rp,BRS04,BD-PIHPS
2026-09-15,1771,harga_pihps_produsen,16250.0,Rp,BRS05,BD-PIHPS
2026-09-15,1771,harga_pihps_produsen,13800.0,Rp,BRS06,BD-PIHPS
2026-09-15,1771,harga_pihps_produsen,31500.0,Rp,CMR01,BD-PIHPS
2026-09-15,1771,harga_pihps_produsen,28500.0,Rp,CMR02,BD-PIHPS
2026-09-15,1771,harga_pihps_produsen,45000.0,Rp,CRW01,BD-PIHPS
2026-09-15,1771,harga_pihps_produsen,39650.0,Rp,CRW02,BD-PIHPS
2026-09-15,1771,harga_pihps_produsen,28000.0,Rp,DAY01,BD-PIHPS
2026-09-15,1771,harga_pihps_produsen,150000.0,Rp,DSP01,BD-PIHPS
2026-09-15,1771,harga_pihps_produsen,150000.0,Rp,DSP02,BD-PIHPS
2026-09-15,1771,harga_pihps_produsen,21500.0,Rp,TLR01,BD-PIHPS
2026-09-16,1771,harga_pihps,15700.0,Rp,BRS01,BD-PIHPS
2026-09-16,1771,harga_pihps,12650.0,Rp,BRS02,BD-PIHPS
2026-09-16,1771,harga_pihps,16300.0,Rp,BRS03,BD-PIHPS
2026-09-16,1771,harga_pihps,16400.0,Rp,BRS04,BD-PIHPS
2026-09-16,1771,harga_pihps,17750.0,Rp,BRS05,BD-PIHPS
2026-09-16,1771,harga_pihps,17000.0,Rp,BRS06,BD-PIHPS
2026-09-16,1771,harga_pihps,36750.0,Rp,BWM01,BD-PIHPS
2026-09-16,1771,harga_pihps,38000.0,Rp,BWP01,BD-PIHPS
2026-09-16,1771,harga_pihps,55750.0,Rp,CMR01,BD-PIHPS
2026-09-16,1771,harga_pihps,62000.0,Rp,CMR02,BD-PIHPS
2026-09-16,1771,harga_pihps,58750.0,Rp,CRW01,BD-PIHPS
2026-09-16,1771,harga_pihps,76250.0,Rp,CRW02,BD-PIHPS
2026-09-16,1771,harga_pihps,45750.0,Rp,DAY01,BD-PIHPS
2026-09-16,1771,harga_pihps,160000.0,Rp,DSP01,BD-PIHPS
2026-09-16,1771,harga_pihps,150000.0,Rp,DSP02,BD-PIHPS
2026-09-16,1771,harga_pihps,19000.0,Rp,GLP01,BD-PIHPS
2026-09-16,1771,harga_pihps,19750.0,Rp,GLP02,BD-PIHPS
2026-09-16,1771,harga_pihps,20000.0,Rp,MGR01,BD-PIHPS
2026-09-16,1771,harga_pihps,24000.0,Rp,MGR02,BD-PIHPS
2026-09-16,1771,harga_pihps,23250.0,Rp,MGR03,BD-PIHPS
2026-09-16,1771,harga_pihps,28800.0,Rp,TLR01,BD-PIHPS
2026-09-16,1771,harga_pihps_grosir,14200.0,Rp,BRS01,BD-PIHPS
2026-09-16,1771,harga_pihps_grosir,15600.0,Rp,BRS02,BD-PIHPS
2026-09-16,1771,harga_pihps_grosir,15500.0,Rp,BRS03,BD-PIHPS
2026-09-16,1771,harga_pihps_grosir,15850.0,Rp,BRS04,BD-PIHPS
2026-09-16,1771,harga_pihps_grosir,15800.0,Rp,BRS05,BD-PIHPS
2026-09-16,1771,harga_pihps_grosir,15950.0,Rp,BRS06,BD-PIHPS
2026-09-16,1771,harga_pihps_grosir,29500.0,Rp,BWM01,BD-PIHPS
2026-09-16,1771,harga_pihps_grosir,28000.0,Rp,BWP01,BD-PIHPS
2026-09-16,1771,harga_pihps_grosir,46500.0,Rp,CMR01,BD-PIHPS
2026-09-16,1771,harga_pihps_grosir,51500.0,Rp,CMR02,BD-PIHPS
2026-09-16,1771,harga_pihps_grosir,42000.0,Rp,CRW01,BD-PIHPS
2026-09-16,1771,harga_pihps_grosir,65000.0,Rp,CRW02,BD-PIHPS
2026-09-16,1771,harga_pihps_grosir,44250.0,Rp,DAY01,BD-PIHPS
2026-09-16,1771,harga_pihps_grosir,142500.0,Rp,DSP01,BD-PIHPS
2026-09-16,1771,harga_pihps_grosir,102500.0,Rp,DSP02,BD-PIHPS
2026-09-16,1771,harga_pihps_grosir,17250.0,Rp,GLP01,BD-PIHPS
2026-09-16,1771,harga_pihps_grosir,17500.0,Rp,MGR01,BD-PIHPS
2026-09-16,1771,harga_pihps_grosir,23000.0,Rp,MGR02,BD-PIHPS
2026-09-16,1771,harga_pihps_grosir,22500.0,Rp,MGR03,BD-PIHPS
2026-09-16,1771,harga_pihps_grosir,25400.0,Rp,TLR01,BD-PIHPS
2026-09-16,1771,harga_pihps_modern,15450.0,Rp,BRS01,BD-PIHPS
2026-09-16,1771,harga_pihps_modern,15100.0,Rp,BRS02,BD-PIHPS
2026-09-16,1771,harga_pihps_modern,16350.0,Rp,BRS03,BD-PIHPS
2026-09-16,1771,harga_pihps_modern,16250.0,Rp,BRS04,BD-PIHPS
2026-09-16,1771,harga_pihps_modern,15250.0,Rp,BRS05,BD-PIHPS
2026-09-16,1771,harga_pihps_modern,17700.0,Rp,BRS06,BD-PIHPS
2026-09-16,1771,harga_pihps_modern,57450.0,Rp,BWM01,BD-PIHPS
2026-09-16,1771,harga_pihps_modern,46950.0,Rp,BWP01,BD-PIHPS
2026-09-16,1771,harga_pihps_modern,90450.0,Rp,CMR01,BD-PIHPS
2026-09-16,1771,harga_pihps_modern,64950.0,Rp,CMR02,BD-PIHPS
2026-09-16,1771,harga_pihps_modern,74950.0,Rp,CRW01,BD-PIHPS
2026-09-16,1771,harga_pihps_modern,82950.0,Rp,CRW02,BD-PIHPS
2026-09-16,1771,harga_pihps_modern,49950.0,Rp,DAY01,BD-PIHPS
2026-09-16,1771,harga_pihps_modern,168450.0,Rp,DSP01,BD-PIHPS
2026-09-16,1771,harga_pihps_modern,158450.0,Rp,DSP02,BD-PIHPS
2026-09-16,1771,harga_pihps_modern,17400.0,Rp,GLP01,BD-PIHPS
2026-09-16,1771,harga_pihps_modern,17850.0,Rp,GLP02,BD-PIHPS
2026-09-16,1771,harga_pihps_modern,21350.0,Rp,MGR02,BD-PIHPS
2026-09-16,1771,harga_pihps_modern,24800.0,Rp,MGR03,BD-PIHPS
2026-09-16,1771,harga_pihps_modern,28550.0,Rp,TLR01,BD-PIHPS
2026-09-16,1771,harga_pihps_produsen,13800.0,Rp,BRS03,BD-PIHPS
2026-09-16,1771,harga_pihps_produsen,13600.0,Rp,BRS04,BD-PIHPS
2026-09-16,1771,harga_pihps_produsen,16250.0,Rp,BRS05,BD-PIHPS
2026-09-16,1771,harga_pihps_produsen,13800.0,Rp,BRS06,BD-PIHPS
2026-09-16,1771,harga_pihps_produsen,31500.0,Rp,CMR01,BD-PIHPS
2026-09-16,1771,harga_pihps_produsen,28500.0,Rp,CMR02,BD-PIHPS
2026-09-16,1771,harga_pihps_produsen,45000.0,Rp,CRW01,BD-PIHPS
2026-09-16,1771,harga_pihps_produsen,39650.0,Rp,CRW02,BD-PIHPS
2026-09-16,1771,harga_pihps_produsen,28000.0,Rp,DAY01,BD-PIHPS
2026-09-16,1771,harga_pihps_produsen,150000.0,Rp,DSP01,BD-PIHPS
2026-09-16,1771,harga_pihps_produsen,150000.0,Rp,DSP02,BD-PIHPS
2026-09-16,1771,harga_pihps_produsen,21500.0,Rp,TLR01,BD-PIHPS
2026-09-17,1771,harga_pihps,15700.0,Rp,BRS01,BD-PIHPS
2026-09-17,1771,harga_pihps,12650.0,Rp,BRS02,BD-PIHPS
2026-09-17,1771,harga_pihps,16300.0,Rp,BRS03,BD-PIHPS
2026-09-17,1771,harga_pihps,16400.0,Rp,BRS04,BD-PIHPS
2026-09-17,1771,harga_pihps,17750.0,Rp,BRS05,BD-PIHPS
2026-09-17,1771,harga_pihps,17000.0,Rp,BRS06,BD-PIHPS
2026-09-17,1771,harga_pihps,36250.0,Rp,BWM01,BD-PIHPS
2026-09-17,1771,harga_pihps,38000.0,Rp,BWP01,BD-PIHPS
2026-09-17,1771,harga_pihps,56500.0,Rp,CMR01,BD-PIHPS
2026-09-17,1771,harga_pihps,63750.0,Rp,CMR02,BD-PIHPS
2026-09-17,1771,harga_pihps,61250.0,Rp,CRW01,BD-PIHPS
2026-09-17,1771,harga_pihps,74500.0,Rp,CRW02,BD-PIHPS
2026-09-17,1771,harga_pihps,45500.0,Rp,DAY01,BD-PIHPS
2026-09-17,1771,harga_pihps,160000.0,Rp,DSP01,BD-PIHPS
2026-09-17,1771,harga_pihps,150000.0,Rp,DSP02,BD-PIHPS
2026-09-17,1771,harga_pihps,19000.0,Rp,GLP01,BD-PIHPS
2026-09-17,1771,harga_pihps,19750.0,Rp,GLP02,BD-PIHPS
2026-09-17,1771,harga_pihps,20000.0,Rp,MGR01,BD-PIHPS
2026-09-17,1771,harga_pihps,24000.0,Rp,MGR02,BD-PIHPS
2026-09-17,1771,harga_pihps,23250.0,Rp,MGR03,BD-PIHPS
2026-09-17,1771,harga_pihps,28800.0,Rp,TLR01,BD-PIHPS
2026-09-17,1771,harga_pihps_grosir,14200.0,Rp,BRS01,BD-PIHPS
2026-09-17,1771,harga_pihps_grosir,15600.0,Rp,BRS02,BD-PIHPS
2026-09-17,1771,harga_pihps_grosir,15500.0,Rp,BRS03,BD-PIHPS
2026-09-17,1771,harga_pihps_grosir,15850.0,Rp,BRS04,BD-PIHPS
2026-09-17,1771,harga_pihps_grosir,15800.0,Rp,BRS05,BD-PIHPS
2026-09-17,1771,harga_pihps_grosir,15950.0,Rp,BRS06,BD-PIHPS
2026-09-17,1771,harga_pihps_grosir,28500.0,Rp,BWM01,BD-PIHPS
2026-09-17,1771,harga_pihps_grosir,27500.0,Rp,BWP01,BD-PIHPS
2026-09-17,1771,harga_pihps_grosir,51000.0,Rp,CMR01,BD-PIHPS
2026-09-17,1771,harga_pihps_grosir,55000.0,Rp,CMR02,BD-PIHPS
2026-09-17,1771,harga_pihps_grosir,49000.0,Rp,CRW01,BD-PIHPS
2026-09-17,1771,harga_pihps_grosir,69000.0,Rp,CRW02,BD-PIHPS
2026-09-17,1771,harga_pihps_grosir,44250.0,Rp,DAY01,BD-PIHPS
2026-09-17,1771,harga_pihps_grosir,142500.0,Rp,DSP01,BD-PIHPS
2026-09-17,1771,harga_pihps_grosir,102500.0,Rp,DSP02,BD-PIHPS
2026-09-17,1771,harga_pihps_grosir,17750.0,Rp,GLP01,BD-PIHPS
2026-09-17,1771,harga_pihps_grosir,17500.0,Rp,MGR01,BD-PIHPS
2026-09-17,1771,harga_pihps_grosir,23000.0,Rp,MGR02,BD-PIHPS
2026-09-17,1771,harga_pihps_grosir,22500.0,Rp,MGR03,BD-PIHPS
2026-09-17,1771,harga_pihps_grosir,25000.0,Rp,TLR01,BD-PIHPS
2026-09-17,1771,harga_pihps_modern,15450.0,Rp,BRS01,BD-PIHPS
2026-09-17,1771,harga_pihps_modern,15100.0,Rp,BRS02,BD-PIHPS
2026-09-17,1771,harga_pihps_modern,16350.0,Rp,BRS03,BD-PIHPS
2026-09-17,1771,harga_pihps_modern,16250.0,Rp,BRS04,BD-PIHPS
2026-09-17,1771,harga_pihps_modern,15250.0,Rp,BRS05,BD-PIHPS
2026-09-17,1771,harga_pihps_modern,17700.0,Rp,BRS06,BD-PIHPS
2026-09-17,1771,harga_pihps_modern,57450.0,Rp,BWM01,BD-PIHPS
2026-09-17,1771,harga_pihps_modern,46950.0,Rp,BWP01,BD-PIHPS
2026-09-17,1771,harga_pihps_modern,90450.0,Rp,CMR01,BD-PIHPS
2026-09-17,1771,harga_pihps_modern,64950.0,Rp,CMR02,BD-PIHPS
2026-09-17,1771,harga_pihps_modern,74950.0,Rp,CRW01,BD-PIHPS
2026-09-17,1771,harga_pihps_modern,82950.0,Rp,CRW02,BD-PIHPS
2026-09-17,1771,harga_pihps_modern,49950.0,Rp,DAY01,BD-PIHPS
2026-09-17,1771,harga_pihps_modern,168450.0,Rp,DSP01,BD-PIHPS
2026-09-17,1771,harga_pihps_modern,158450.0,Rp,DSP02,BD-PIHPS
2026-09-17,1771,harga_pihps_modern,17400.0,Rp,GLP01,BD-PIHPS
2026-09-17,1771,harga_pihps_modern,17850.0,Rp,GLP02,BD-PIHPS
2026-09-17,1771,harga_pihps_modern,21350.0,Rp,MGR02,BD-PIHPS
2026-09-17,1771,harga_pihps_modern,24800.0,Rp,MGR03,BD-PIHPS
2026-09-17,1771,harga_pihps_modern,28550.0,Rp,TLR01,BD-PIHPS
2026-09-17,1771,harga_pihps_produsen,13800.0,Rp,BRS03,BD-PIHPS
2026-09-17,1771,harga_pihps_produsen,13600.0,Rp,BRS04,BD-PIHPS
2026-09-17,1771,harga_pihps_produsen,16250.0,Rp,BRS05,BD-PIHPS
2026-09-17,1771,harga_pihps_produsen,13800.0,Rp,BRS06,BD-PIHPS
2026-09-17,1771,harga_pihps_produsen,31500.0,Rp,CMR01,BD-PIHPS
2026-09-17,1771,harga_pihps_produsen,28500.0,Rp,CMR02,BD-PIHPS
2026-09-17,1771,harga_pihps_produsen,45000.0,Rp,CRW01,BD-PIHPS
2026-09-17,1771,harga_pihps_produsen,39650.0,Rp,CRW02,BD-PIHPS
2026-09-17,1771,harga_pihps_produsen,28000.0,Rp,DAY01,BD-PIHPS
2026-09-17,1771,harga_pihps_produsen,150000.0,Rp,DSP01,BD-PIHPS
2026-09-17,1771,harga_pihps_produsen,150000.0,Rp,DSP02,BD-PIHPS
2026-09-17,1771,harga_pihps_produsen,21500.0,Rp,TLR01,BD-PIHPS
2026-09-18,1771,harga_pihps,15700.0,Rp,BRS01,BD-PIHPS
2026-09-18,1771,harga_pihps,12650.0,Rp,BRS02,BD-PIHPS
2026-09-18,1771,harga_pihps,16300.0,Rp,BRS03,BD-PIHPS
2026-09-18,1771,harga_pihps,16400.0,Rp,BRS04,BD-PIHPS
2026-09-18,1771,harga_pihps,17750.0,Rp,BRS05,BD-PIHPS
2026-09-18,1771,harga_pihps,17000.0,Rp,BRS06,BD-PIHPS
2026-09-18,1771,harga_pihps,36250.0,Rp,BWM01,BD-PIHPS
2026-09-18,1771,harga_pihps,38000.0,Rp,BWP01,BD-PIHPS
2026-09-18,1771,harga_pihps,60750.0,Rp,CMR01,BD-PIHPS
2026-09-18,1771,harga_pihps,67500.0,Rp,CMR02,BD-PIHPS
2026-09-18,1771,harga_pihps,61250.0,Rp,CRW01,BD-PIHPS
2026-09-18,1771,harga_pihps,75000.0,Rp,CRW02,BD-PIHPS
2026-09-18,1771,harga_pihps,45250.0,Rp,DAY01,BD-PIHPS
2026-09-18,1771,harga_pihps,160000.0,Rp,DSP01,BD-PIHPS
2026-09-18,1771,harga_pihps,150000.0,Rp,DSP02,BD-PIHPS
2026-09-18,1771,harga_pihps,19000.0,Rp,GLP01,BD-PIHPS
2026-09-18,1771,harga_pihps,19750.0,Rp,GLP02,BD-PIHPS
2026-09-18,1771,harga_pihps,20000.0,Rp,MGR01,BD-PIHPS
2026-09-18,1771,harga_pihps,24000.0,Rp,MGR02,BD-PIHPS
2026-09-18,1771,harga_pihps,23250.0,Rp,MGR03,BD-PIHPS
2026-09-18,1771,harga_pihps,28800.0,Rp,TLR01,BD-PIHPS
2026-09-18,1771,harga_pihps_grosir,14200.0,Rp,BRS01,BD-PIHPS
2026-09-18,1771,harga_pihps_grosir,15600.0,Rp,BRS02,BD-PIHPS
2026-09-18,1771,harga_pihps_grosir,15500.0,Rp,BRS03,BD-PIHPS
2026-09-18,1771,harga_pihps_grosir,15850.0,Rp,BRS04,BD-PIHPS
2026-09-18,1771,harga_pihps_grosir,15800.0,Rp,BRS05,BD-PIHPS
2026-09-18,1771,harga_pihps_grosir,15950.0,Rp,BRS06,BD-PIHPS
2026-09-18,1771,harga_pihps_grosir,28500.0,Rp,BWM01,BD-PIHPS
2026-09-18,1771,harga_pihps_grosir,27500.0,Rp,BWP01,BD-PIHPS
2026-09-18,1771,harga_pihps_grosir,51000.0,Rp,CMR01,BD-PIHPS
2026-09-18,1771,harga_pihps_grosir,55000.0,Rp,CMR02,BD-PIHPS
2026-09-18,1771,harga_pihps_grosir,49000.0,Rp,CRW01,BD-PIHPS
2026-09-18,1771,harga_pihps_grosir,69000.0,Rp,CRW02,BD-PIHPS
2026-09-18,1771,harga_pihps_grosir,44250.0,Rp,DAY01,BD-PIHPS
2026-09-18,1771,harga_pihps_grosir,142500.0,Rp,DSP01,BD-PIHPS
2026-09-18,1771,harga_pihps_grosir,102500.0,Rp,DSP02,BD-PIHPS
2026-09-18,1771,harga_pihps_grosir,17750.0,Rp,GLP01,BD-PIHPS
2026-09-18,1771,harga_pihps_grosir,17500.0,Rp,MGR01,BD-PIHPS
2026-09-18,1771,harga_pihps_grosir,23000.0,Rp,MGR02,BD-PIHPS
2026-09-18,1771,harga_pihps_grosir,22500.0,Rp,MGR03,BD-PIHPS
2026-09-18,1771,harga_pihps_grosir,25000.0,Rp,TLR01,BD-PIHPS
2026-09-18,1771,harga_pihps_modern,15450.0,Rp,BRS01,BD-PIHPS
2026-09-18,1771,harga_pihps_modern,15100.0,Rp,BRS02,BD-PIHPS
2026-09-18,1771,harga_pihps_modern,16350.0,Rp,BRS03,BD-PIHPS
2026-09-18,1771,harga_pihps_modern,16250.0,Rp,BRS04,BD-PIHPS
2026-09-18,1771,harga_pihps_modern,15250.0,Rp,BRS05,BD-PIHPS
2026-09-18,1771,harga_pihps_modern,17700.0,Rp,BRS06,BD-PIHPS
2026-09-18,1771,harga_pihps_modern,57450.0,Rp,BWM01,BD-PIHPS
2026-09-18,1771,harga_pihps_modern,46950.0,Rp,BWP01,BD-PIHPS
2026-09-18,1771,harga_pihps_modern,90450.0,Rp,CMR01,BD-PIHPS
2026-09-18,1771,harga_pihps_modern,64950.0,Rp,CMR02,BD-PIHPS
2026-09-18,1771,harga_pihps_modern,74950.0,Rp,CRW01,BD-PIHPS
2026-09-18,1771,harga_pihps_modern,82950.0,Rp,CRW02,BD-PIHPS
2026-09-18,1771,harga_pihps_modern,49950.0,Rp,DAY01,BD-PIHPS
2026-09-18,1771,harga_pihps_modern,168450.0,Rp,DSP01,BD-PIHPS
2026-09-18,1771,harga_pihps_modern,158450.0,Rp,DSP02,BD-PIHPS
2026-09-18,1771,harga_pihps_modern,17400.0,Rp,GLP01,BD-PIHPS
2026-09-18,1771,harga_pihps_modern,17850.0,Rp,GLP02,BD-PIHPS
2026-09-18,1771,harga_pihps_modern,21350.0,Rp,MGR02,BD-PIHPS
2026-09-18,1771,harga_pihps_modern,24800.0,Rp,MGR03,BD-PIHPS
2026-09-18,1771,harga_pihps_modern,28550.0,Rp,TLR01,BD-PIHPS
2026-09-18,1771,harga_pihps_produsen,13800.0,Rp,BRS03,BD-PIHPS
2026-09-18,1771,harga_pihps_produsen,13600.0,Rp,BRS04,BD-PIHPS
2026-09-18,1771,harga_pihps_produsen,16250.0,Rp,BRS05,BD-PIHPS
2026-09-18,1771,harga_pihps_produsen,13800.0,Rp,BRS06,BD-PIHPS
2026-09-18,1771,harga_pihps_produsen,31500.0,Rp,CMR01,BD-PIHPS
2026-09-18,1771,harga_pihps_produsen,28500.0,Rp,CMR02,BD-PIHPS
2026-09-18,1771,harga_pihps_produsen,45000.0,Rp,CRW01,BD-PIHPS
2026-09-18,1771,harga_pihps_produsen,39650.0,Rp,CRW02,BD-PIHPS
2026-09-18,1771,harga_pihps_produsen,28000.0,Rp,DAY01,BD-PIHPS
2026-09-18,1771,harga_pihps_produsen,150000.0,Rp,DSP01,BD-PIHPS
2026-09-18,1771,harga_pihps_produsen,150000.0,Rp,DSP02,BD-PIHPS
2026-09-18,1771,harga_pihps_produsen,21500.0,Rp,TLR01,BD-PIHPS
2026-09-21,1771,harga_pihps,15700.0,Rp,BRS01,BD-PIHPS
2026-09-21,1771,harga_pihps,12650.0,Rp,BRS02,BD-PIHPS
2026-09-21,1771,harga_pihps,16300.0,Rp,BRS03,BD-PIHPS
2026-09-21,1771,harga_pihps,16400.0,Rp,BRS04,BD-PIHPS
2026-09-21,1771,harga_pihps,17750.0,Rp,BRS05,BD-PIHPS
2026-09-21,1771,harga_pihps,17000.0,Rp,BRS06,BD-PIHPS
2026-09-21,1771,harga_pihps,36250.0,Rp,BWM01,BD-PIHPS
2026-09-21,1771,harga_pihps,38000.0,Rp,BWP01,BD-PIHPS
2026-09-21,1771,harga_pihps,66250.0,Rp,CMR01,BD-PIHPS
2026-09-21,1771,harga_pihps,72500.0,Rp,CMR02,BD-PIHPS
2026-09-21,1771,harga_pihps,60000.0,Rp,CRW01,BD-PIHPS
2026-09-21,1771,harga_pihps,77500.0,Rp,CRW02,BD-PIHPS
2026-09-21,1771,harga_pihps,45500.0,Rp,DAY01,BD-PIHPS
2026-09-21,1771,harga_pihps,160000.0,Rp,DSP01,BD-PIHPS
2026-09-21,1771,harga_pihps,150000.0,Rp,DSP02,BD-PIHPS
2026-09-21,1771,harga_pihps,19000.0,Rp,GLP01,BD-PIHPS
2026-09-21,1771,harga_pihps,19750.0,Rp,GLP02,BD-PIHPS
2026-09-21,1771,harga_pihps,20000.0,Rp,MGR01,BD-PIHPS
2026-09-21,1771,harga_pihps,24000.0,Rp,MGR02,BD-PIHPS
2026-09-21,1771,harga_pihps,23250.0,Rp,MGR03,BD-PIHPS
2026-09-21,1771,harga_pihps,28800.0,Rp,TLR01,BD-PIHPS
2026-09-21,1771,harga_pihps_grosir,14200.0,Rp,BRS01,BD-PIHPS
2026-09-21,1771,harga_pihps_grosir,15600.0,Rp,BRS02,BD-PIHPS
2026-09-21,1771,harga_pihps_grosir,15500.0,Rp,BRS03,BD-PIHPS
2026-09-21,1771,harga_pihps_grosir,15850.0,Rp,BRS04,BD-PIHPS
2026-09-21,1771,harga_pihps_grosir,15800.0,Rp,BRS05,BD-PIHPS
2026-09-21,1771,harga_pihps_grosir,15950.0,Rp,BRS06,BD-PIHPS
2026-09-21,1771,harga_pihps_grosir,28500.0,Rp,BWM01,BD-PIHPS
2026-09-21,1771,harga_pihps_grosir,27500.0,Rp,BWP01,BD-PIHPS
2026-09-21,1771,harga_pihps_grosir,51000.0,Rp,CMR01,BD-PIHPS
2026-09-21,1771,harga_pihps_grosir,55000.0,Rp,CMR02,BD-PIHPS
2026-09-21,1771,harga_pihps_grosir,49000.0,Rp,CRW01,BD-PIHPS
2026-09-21,1771,harga_pihps_grosir,69000.0,Rp,CRW02,BD-PIHPS
2026-09-21,1771,harga_pihps_grosir,44250.0,Rp,DAY01,BD-PIHPS
2026-09-21,1771,harga_pihps_grosir,142500.0,Rp,DSP01,BD-PIHPS
2026-09-21,1771,harga_pihps_grosir,102500.0,Rp,DSP02,BD-PIHPS
2026-09-21,1771,harga_pihps_grosir,17750.0,Rp,GLP01,BD-PIHPS
2026-09-21,1771,harga_pihps_grosir,17500.0,Rp,MGR01,BD-PIHPS
2026-09-21,1771,harga_pihps_grosir,23000.0,Rp,MGR02,BD-PIHPS
2026-09-21,1771,harga_pihps_grosir,22500.0,Rp,MGR03,BD-PIHPS
2026-09-21,1771,harga_pihps_grosir,25000.0,Rp,TLR01,BD-PIHPS
2026-09-21,1771,harga_pihps_modern,15450.0,Rp,BRS01,BD-PIHPS
2026-09-21,1771,harga_pihps_modern,15100.0,Rp,BRS02,BD-PIHPS
2026-09-21,1771,harga_pihps_modern,16350.0,Rp,BRS03,BD-PIHPS
2026-09-21,1771,harga_pihps_modern,16250.0,Rp,BRS04,BD-PIHPS
2026-09-21,1771,harga_pihps_modern,15250.0,Rp,BRS05,BD-PIHPS
2026-09-21,1771,harga_pihps_modern,17700.0,Rp,BRS06,BD-PIHPS
2026-09-21,1771,harga_pihps_modern,57450.0,Rp,BWM01,BD-PIHPS
2026-09-21,1771,harga_pihps_modern,46950.0,Rp,BWP01,BD-PIHPS
2026-09-21,1771,harga_pihps_modern,90450.0,Rp,CMR01,BD-PIHPS
2026-09-21,1771,harga_pihps_modern,64950.0,Rp,CMR02,BD-PIHPS
2026-09-21,1771,harga_pihps_modern,74950.0,Rp,CRW01,BD-PIHPS
2026-09-21,1771,harga_pihps_modern,82950.0,Rp,CRW02,BD-PIHPS
2026-09-21,1771,harga_pihps_modern,49950.0,Rp,DAY01,BD-PIHPS
2026-09-21,1771,harga_pihps_modern,168450.0,Rp,DSP01,BD-PIHPS
2026-09-21,1771,harga_pihps_modern,158450.0,Rp,DSP02,BD-PIHPS
2026-09-21,1771,harga_pihps_modern,17400.0,Rp,GLP01,BD-PIHPS
2026-09-21,1771,harga_pihps_modern,17850.0,Rp,GLP02,BD-PIHPS
2026-09-21,1771,harga_pihps_modern,21350.0,Rp,MGR02,BD-PIHPS
2026-09-21,1771,harga_pihps_modern,24800.0,Rp,MGR03,BD-PIHPS
2026-09-21,1771,harga_pihps_modern,28550.0,Rp,TLR01,BD-PIHPS
2026-09-21,1771,harga_pihps_produsen,13800.0,Rp,BRS03,BD-PIHPS
2026-09-21,1771,harga_pihps_produsen,13600.0,Rp,BRS04,BD-PIHPS
2026-09-21,1771,harga_pihps_produsen,16250.0,Rp,BRS05,BD-PIHPS
2026-09-21,1771,harga_pihps_produsen,13800.0,Rp,BRS06,BD-PIHPS
2026-09-21,1771,harga_pihps_produsen,31500.0,Rp,CMR01,BD-PIHPS
2026-09-21,1771,harga_pihps_produsen,28500.0,Rp,CMR02,BD-PIHPS
2026-09-21,1771,harga_pihps_produsen,45000.0,Rp,CRW01,BD-PIHPS
2026-09-21,1771,harga_pihps_produsen,39650.0,Rp,CRW02,BD-PIHPS
2026-09-21,1771,harga_pihps_produsen,28000.0,Rp,DAY01,BD-PIHPS
2026-09-21,1771,harga_pihps_produsen,150000.0,Rp,DSP01,BD-PIHPS
2026-09-21,1771,harga_pihps_produsen,150000.0,Rp,DSP02,BD-PIHPS
2026-09-21,1771,harga_pihps_produsen,21500.0,Rp,TLR01,BD-PIHPS
2026-09-22,1771,harga_pihps,15700.0,Rp,BRS01,BD-PIHPS
2026-09-22,1771,harga_pihps,12650.0,Rp,BRS02,BD-PIHPS
2026-09-22,1771,harga_pihps,16300.0,Rp,BRS03,BD-PIHPS
2026-09-22,1771,harga_pihps,16400.0,Rp,BRS04,BD-PIHPS
2026-09-22,1771,harga_pihps,17750.0,Rp,BRS05,BD-PIHPS
2026-09-22,1771,harga_pihps,17000.0,Rp,BRS06,BD-PIHPS
2026-09-22,1771,harga_pihps,36250.0,Rp,BWM01,BD-PIHPS
2026-09-22,1771,harga_pihps,38000.0,Rp,BWP01,BD-PIHPS
2026-09-22,1771,harga_pihps,55000.0,Rp,CMR01,BD-PIHPS
2026-09-22,1771,harga_pihps,60000.0,Rp,CMR02,BD-PIHPS
2026-09-22,1771,harga_pihps,61250.0,Rp,CRW01,BD-PIHPS
2026-09-22,1771,harga_pihps,77500.0,Rp,CRW02,BD-PIHPS
2026-09-22,1771,harga_pihps,45500.0,Rp,DAY01,BD-PIHPS
2026-09-22,1771,harga_pihps,160000.0,Rp,DSP01,BD-PIHPS
2026-09-22,1771,harga_pihps,150000.0,Rp,DSP02,BD-PIHPS
2026-09-22,1771,harga_pihps,19000.0,Rp,GLP01,BD-PIHPS
2026-09-22,1771,harga_pihps,19750.0,Rp,GLP02,BD-PIHPS
2026-09-22,1771,harga_pihps,20000.0,Rp,MGR01,BD-PIHPS
2026-09-22,1771,harga_pihps,24000.0,Rp,MGR02,BD-PIHPS
2026-09-22,1771,harga_pihps,23250.0,Rp,MGR03,BD-PIHPS
2026-09-22,1771,harga_pihps,28800.0,Rp,TLR01,BD-PIHPS
2026-09-22,1771,harga_pihps_grosir,14200.0,Rp,BRS01,BD-PIHPS
2026-09-22,1771,harga_pihps_grosir,15600.0,Rp,BRS02,BD-PIHPS
2026-09-22,1771,harga_pihps_grosir,15500.0,Rp,BRS03,BD-PIHPS
2026-09-22,1771,harga_pihps_grosir,15850.0,Rp,BRS04,BD-PIHPS
2026-09-22,1771,harga_pihps_grosir,15800.0,Rp,BRS05,BD-PIHPS
2026-09-22,1771,harga_pihps_grosir,15950.0,Rp,BRS06,BD-PIHPS
2026-09-22,1771,harga_pihps_grosir,28500.0,Rp,BWM01,BD-PIHPS
2026-09-22,1771,harga_pihps_grosir,27500.0,Rp,BWP01,BD-PIHPS
2026-09-22,1771,harga_pihps_grosir,51000.0,Rp,CMR01,BD-PIHPS
2026-09-22,1771,harga_pihps_grosir,55000.0,Rp,CMR02,BD-PIHPS
2026-09-22,1771,harga_pihps_grosir,49000.0,Rp,CRW01,BD-PIHPS
2026-09-22,1771,harga_pihps_grosir,69000.0,Rp,CRW02,BD-PIHPS
2026-09-22,1771,harga_pihps_grosir,44250.0,Rp,DAY01,BD-PIHPS
2026-09-22,1771,harga_pihps_grosir,142500.0,Rp,DSP01,BD-PIHPS
2026-09-22,1771,harga_pihps_grosir,102500.0,Rp,DSP02,BD-PIHPS
2026-09-22,1771,harga_pihps_grosir,17750.0,Rp,GLP01,BD-PIHPS
2026-09-22,1771,harga_pihps_grosir,17500.0,Rp,MGR01,BD-PIHPS
2026-09-22,1771,harga_pihps_grosir,23000.0,Rp,MGR02,BD-PIHPS
2026-09-22,1771,harga_pihps_grosir,22500.0,Rp,MGR03,BD-PIHPS
2026-09-22,1771,harga_pihps_grosir,25000.0,Rp,TLR01,BD-PIHPS
2026-09-22,1771,harga_pihps_modern,15450.0,Rp,BRS01,BD-PIHPS
2026-09-22,1771,harga_pihps_modern,15100.0,Rp,BRS02,BD-PIHPS
2026-09-22,1771,harga_pihps_modern,16350.0,Rp,BRS03,BD-PIHPS
2026-09-22,1771,harga_pihps_modern,16250.0,Rp,BRS04,BD-PIHPS
2026-09-22,1771,harga_pihps_modern,15250.0,Rp,BRS05,BD-PIHPS
2026-09-22,1771,harga_pihps_modern,17700.0,Rp,BRS06,BD-PIHPS
2026-09-22,1771,harga_pihps_modern,57450.0,Rp,BWM01,BD-PIHPS
2026-09-22,1771,harga_pihps_modern,46950.0,Rp,BWP01,BD-PIHPS
2026-09-22,1771,harga_pihps_modern,90450.0,Rp,CMR01,BD-PIHPS
2026-09-22,1771,harga_pihps_modern,64950.0,Rp,CMR02,BD-PIHPS
2026-09-22,1771,harga_pihps_modern,74950.0,Rp,CRW01,BD-PIHPS
2026-09-22,1771,harga_pihps_modern,82950.0,Rp,CRW02,BD-PIHPS
2026-09-22,1771,harga_pihps_modern,49950.0,Rp,DAY01,BD-PIHPS
2026-09-22,1771,harga_pihps_modern,168450.0,Rp,DSP01,BD-PIHPS
2026-09-22,1771,harga_pihps_modern,158450.0,Rp,DSP02,BD-PIHPS
2026-09-22,1771,harga_pihps_modern,17400.0,Rp,GLP01,BD-PIHPS
2026-09-22,1771,harga_pihps_modern,17850.0,Rp,GLP02,BD-PIHPS
2026-09-22,1771,harga_pihps_modern,21350.0,Rp,MGR02,BD-PIHPS
2026-09-22,1771,harga_pihps_modern,24800.0,Rp,MGR03,BD-PIHPS
2026-09-22,1771,harga_pihps_modern,28550.0,Rp,TLR01,BD-PIHPS
2026-09-22,1771,harga_pihps_produsen,13800.0,Rp,BRS03,BD-PIHPS
2026-09-22,1771,harga_pihps_produsen,13600.0,Rp,BRS04,BD-PIHPS
2026-09-22,1771,harga_pihps_produsen,16250.0,Rp,BRS05,BD-PIHPS
2026-09-22,1771,harga_pihps_produsen,13800.0,Rp,BRS06,BD-PIHPS
2026-09-22,1771,harga_pihps_produsen,31500.0,Rp,CMR01,BD-PIHPS
2026-09-22,1771,harga_pihps_produsen,28500.0,Rp,CMR02,BD-PIHPS
2026-09-22,1771,harga_pihps_produsen,45000.0,Rp,CRW01,BD-PIHPS
2026-09-22,1771,harga_pihps_produsen,39650.0,Rp,CRW02,BD-PIHPS
2026-09-22,1771,harga_pihps_produsen,28000.0,Rp,DAY01,BD-PIHPS
2026-09-22,1771,harga_pihps_produsen,150000.0,Rp,DSP01,BD-PIHPS
2026-09-22,1771,harga_pihps_produsen,150000.0,Rp,DSP02,BD-PIHPS
2026-09-22,1771,harga_pihps_produsen,21500.0,Rp,TLR01,BD-PIHPS
2026-09-23,1771,harga_pihps,15700.0,Rp,BRS01,BD-PIHPS
2026-09-23,1771,harga_pihps,12650.0,Rp,BRS02,BD-PIHPS
2026-09-23,1771,harga_pihps,16300.0,Rp,BRS03,BD-PIHPS
2026-09-23,1771,harga_pihps,16400.0,Rp,BRS04,BD-PIHPS
2026-09-23,1771,harga_pihps,17750.0,Rp,BRS05,BD-PIHPS
2026-09-23,1771,harga_pihps,17000.0,Rp,BRS06,BD-PIHPS
2026-09-23,1771,harga_pihps,36250.0,Rp,BWM01,BD-PIHPS
2026-09-23,1771,harga_pihps,38000.0,Rp,BWP01,BD-PIHPS
2026-09-23,1771,harga_pihps,53750.0,Rp,CMR01,BD-PIHPS
2026-09-23,1771,harga_pihps,58750.0,Rp,CMR02,BD-PIHPS
2026-09-23,1771,harga_pihps,60000.0,Rp,CRW01,BD-PIHPS
2026-09-23,1771,harga_pihps,76250.0,Rp,CRW02,BD-PIHPS
2026-09-23,1771,harga_pihps,45500.0,Rp,DAY01,BD-PIHPS
2026-09-23,1771,harga_pihps,160000.0,Rp,DSP01,BD-PIHPS
2026-09-23,1771,harga_pihps,150000.0,Rp,DSP02,BD-PIHPS
2026-09-23,1771,harga_pihps,19000.0,Rp,GLP01,BD-PIHPS
2026-09-23,1771,harga_pihps,19750.0,Rp,GLP02,BD-PIHPS
2026-09-23,1771,harga_pihps,20000.0,Rp,MGR01,BD-PIHPS
2026-09-23,1771,harga_pihps,24000.0,Rp,MGR02,BD-PIHPS
2026-09-23,1771,harga_pihps,23250.0,Rp,MGR03,BD-PIHPS
2026-09-23,1771,harga_pihps,28800.0,Rp,TLR01,BD-PIHPS
2026-09-23,1771,harga_pihps_grosir,14200.0,Rp,BRS01,BD-PIHPS
2026-09-23,1771,harga_pihps_grosir,15600.0,Rp,BRS02,BD-PIHPS
2026-09-23,1771,harga_pihps_grosir,15500.0,Rp,BRS03,BD-PIHPS
2026-09-23,1771,harga_pihps_grosir,15850.0,Rp,BRS04,BD-PIHPS
2026-09-23,1771,harga_pihps_grosir,15800.0,Rp,BRS05,BD-PIHPS
2026-09-23,1771,harga_pihps_grosir,15950.0,Rp,BRS06,BD-PIHPS
2026-09-23,1771,harga_pihps_grosir,28500.0,Rp,BWM01,BD-PIHPS
2026-09-23,1771,harga_pihps_grosir,27500.0,Rp,BWP01,BD-PIHPS
2026-09-23,1771,harga_pihps_grosir,51000.0,Rp,CMR01,BD-PIHPS
2026-09-23,1771,harga_pihps_grosir,55000.0,Rp,CMR02,BD-PIHPS
2026-09-23,1771,harga_pihps_grosir,49000.0,Rp,CRW01,BD-PIHPS
2026-09-23,1771,harga_pihps_grosir,69000.0,Rp,CRW02,BD-PIHPS
2026-09-23,1771,harga_pihps_grosir,44250.0,Rp,DAY01,BD-PIHPS
2026-09-23,1771,harga_pihps_grosir,142500.0,Rp,DSP01,BD-PIHPS
2026-09-23,1771,harga_pihps_grosir,102500.0,Rp,DSP02,BD-PIHPS
2026-09-23,1771,harga_pihps_grosir,17750.0,Rp,GLP01,BD-PIHPS
2026-09-23,1771,harga_pihps_grosir,17500.0,Rp,MGR01,BD-PIHPS
2026-09-23,1771,harga_pihps_grosir,23000.0,Rp,MGR02,BD-PIHPS
2026-09-23,1771,harga_pihps_grosir,22500.0,Rp,MGR03,BD-PIHPS
2026-09-23,1771,harga_pihps_grosir,25000.0,Rp,TLR01,BD-PIHPS
2026-09-23,1771,harga_pihps_modern,15450.0,Rp,BRS01,BD-PIHPS
2026-09-23,1771,harga_pihps_modern,15100.0,Rp,BRS02,BD-PIHPS
2026-09-23,1771,harga_pihps_modern,16350.0,Rp,BRS03,BD-PIHPS
2026-09-23,1771,harga_pihps_modern,16250.0,Rp,BRS04,BD-PIHPS
2026-09-23,1771,harga_pihps_modern,15250.0,Rp,BRS05,BD-PIHPS
2026-09-23,1771,harga_pihps_modern,17700.0,Rp,BRS06,BD-PIHPS
2026-09-23,1771,harga_pihps_modern,57450.0,Rp,BWM01,BD-PIHPS
2026-09-23,1771,harga_pihps_modern,46950.0,Rp,BWP01,BD-PIHPS
2026-09-23,1771,harga_pihps_modern,90450.0,Rp,CMR01,BD-PIHPS
2026-09-23,1771,harga_pihps_modern,64950.0,Rp,CMR02,BD-PIHPS
2026-09-23,1771,harga_pihps_modern,69950.0,Rp,CRW01,BD-PIHPS
2026-09-23,1771,harga_pihps_modern,82950.0,Rp,CRW02,BD-PIHPS
2026-09-23,1771,harga_pihps_modern,47450.0,Rp,DAY01,BD-PIHPS
2026-09-23,1771,harga_pihps_modern,162450.0,Rp,DSP01,BD-PIHPS
2026-09-23,1771,harga_pihps_modern,154950.0,Rp,DSP02,BD-PIHPS
2026-09-23,1771,harga_pihps_modern,17350.0,Rp,GLP01,BD-PIHPS
2026-09-23,1771,harga_pihps_modern,17850.0,Rp,GLP02,BD-PIHPS
2026-09-23,1771,harga_pihps_modern,21350.0,Rp,MGR02,BD-PIHPS
2026-09-23,1771,harga_pihps_modern,24800.0,Rp,MGR03,BD-PIHPS
2026-09-23,1771,harga_pihps_modern,28550.0,Rp,TLR01,BD-PIHPS
2026-09-23,1771,harga_pihps_produsen,13800.0,Rp,BRS03,BD-PIHPS
2026-09-23,1771,harga_pihps_produsen,13600.0,Rp,BRS04,BD-PIHPS
2026-09-23,1771,harga_pihps_produsen,16250.0,Rp,BRS05,BD-PIHPS
2026-09-23,1771,harga_pihps_produsen,13800.0,Rp,BRS06,BD-PIHPS
2026-09-23,1771,harga_pihps_produsen,31500.0,Rp,CMR01,BD-PIHPS
2026-09-23,1771,harga_pihps_produsen,28500.0,Rp,CMR02,BD-PIHPS
2026-09-23,1771,harga_pihps_produsen,45000.0,Rp,CRW01,BD-PIHPS
2026-09-23,1771,harga_pihps_produsen,39650.0,Rp,CRW02,BD-PIHPS
2026-09-23,1771,harga_pihps_produsen,28000.0,Rp,DAY01,BD-PIHPS
2026-09-23,1771,harga_pihps_produsen,150000.0,Rp,DSP01,BD-PIHPS
2026-09-23,1771,harga_pihps_produsen,150000.0,Rp,DSP02,BD-PIHPS
2026-09-23,1771,harga_pihps_produsen,21500.0,Rp,TLR01,BD-PIHPS
2026-09-24,1771,harga_pihps,15700.0,Rp,BRS01,BD-PIHPS
2026-09-24,1771,harga_pihps,12650.0,Rp,BRS02,BD-PIHPS
2026-09-24,1771,harga_pihps,16300.0,Rp,BRS03,BD-PIHPS
2026-09-24,1771,harga_pihps,16400.0,Rp,BRS04,BD-PIHPS
2026-09-24,1771,harga_pihps,17750.0,Rp,BRS05,BD-PIHPS
2026-09-24,1771,harga_pihps,17000.0,Rp,BRS06,BD-PIHPS
2026-09-24,1771,harga_pihps,36750.0,Rp,BWM01,BD-PIHPS
2026-09-24,1771,harga_pihps,38000.0,Rp,BWP01,BD-PIHPS
2026-09-24,1771,harga_pihps,53750.0,Rp,CMR01,BD-PIHPS
2026-09-24,1771,harga_pihps,58750.0,Rp,CMR02,BD-PIHPS
2026-09-24,1771,harga_pihps,61250.0,Rp,CRW01,BD-PIHPS
2026-09-24,1771,harga_pihps,77500.0,Rp,CRW02,BD-PIHPS
2026-09-24,1771,harga_pihps,45000.0,Rp,DAY01,BD-PIHPS
2026-09-24,1771,harga_pihps,160000.0,Rp,DSP01,BD-PIHPS
2026-09-24,1771,harga_pihps,150000.0,Rp,DSP02,BD-PIHPS
2026-09-24,1771,harga_pihps,19000.0,Rp,GLP01,BD-PIHPS
2026-09-24,1771,harga_pihps,19750.0,Rp,GLP02,BD-PIHPS
2026-09-24,1771,harga_pihps,20000.0,Rp,MGR01,BD-PIHPS
2026-09-24,1771,harga_pihps,24000.0,Rp,MGR02,BD-PIHPS
2026-09-24,1771,harga_pihps,23250.0,Rp,MGR03,BD-PIHPS
2026-09-24,1771,harga_pihps,28800.0,Rp,TLR01,BD-PIHPS
2026-09-24,1771,harga_pihps_grosir,14200.0,Rp,BRS01,BD-PIHPS
2026-09-24,1771,harga_pihps_grosir,15600.0,Rp,BRS02,BD-PIHPS
2026-09-24,1771,harga_pihps_grosir,15500.0,Rp,BRS03,BD-PIHPS
2026-09-24,1771,harga_pihps_grosir,15850.0,Rp,BRS04,BD-PIHPS
2026-09-24,1771,harga_pihps_grosir,16050.0,Rp,BRS05,BD-PIHPS
2026-09-24,1771,harga_pihps_grosir,16050.0,Rp,BRS06,BD-PIHPS
2026-09-24,1771,harga_pihps_grosir,28500.0,Rp,BWM01,BD-PIHPS
2026-09-24,1771,harga_pihps_grosir,27500.0,Rp,BWP01,BD-PIHPS
2026-09-24,1771,harga_pihps_grosir,51000.0,Rp,CMR01,BD-PIHPS
2026-09-24,1771,harga_pihps_grosir,57500.0,Rp,CMR02,BD-PIHPS
2026-09-24,1771,harga_pihps_grosir,51500.0,Rp,CRW01,BD-PIHPS
2026-09-24,1771,harga_pihps_grosir,71000.0,Rp,CRW02,BD-PIHPS
2026-09-24,1771,harga_pihps_grosir,41000.0,Rp,DAY01,BD-PIHPS
2026-09-24,1771,harga_pihps_grosir,142500.0,Rp,DSP01,BD-PIHPS
2026-09-24,1771,harga_pihps_grosir,102500.0,Rp,DSP02,BD-PIHPS
2026-09-24,1771,harga_pihps_grosir,18750.0,Rp,GLP01,BD-PIHPS
2026-09-24,1771,harga_pihps_grosir,19000.0,Rp,MGR01,BD-PIHPS
2026-09-24,1771,harga_pihps_grosir,22750.0,Rp,MGR02,BD-PIHPS
2026-09-24,1771,harga_pihps_grosir,22500.0,Rp,MGR03,BD-PIHPS
2026-09-24,1771,harga_pihps_grosir,25650.0,Rp,TLR01,BD-PIHPS
2026-09-24,1771,harga_pihps_modern,15450.0,Rp,BRS01,BD-PIHPS
2026-09-24,1771,harga_pihps_modern,15100.0,Rp,BRS02,BD-PIHPS
2026-09-24,1771,harga_pihps_modern,16350.0,Rp,BRS03,BD-PIHPS
2026-09-24,1771,harga_pihps_modern,16250.0,Rp,BRS04,BD-PIHPS
2026-09-24,1771,harga_pihps_modern,15250.0,Rp,BRS05,BD-PIHPS
2026-09-24,1771,harga_pihps_modern,17700.0,Rp,BRS06,BD-PIHPS
2026-09-24,1771,harga_pihps_modern,57450.0,Rp,BWM01,BD-PIHPS
2026-09-24,1771,harga_pihps_modern,46950.0,Rp,BWP01,BD-PIHPS
2026-09-24,1771,harga_pihps_modern,90450.0,Rp,CMR01,BD-PIHPS
2026-09-24,1771,harga_pihps_modern,64950.0,Rp,CMR02,BD-PIHPS
2026-09-24,1771,harga_pihps_modern,69950.0,Rp,CRW01,BD-PIHPS
2026-09-24,1771,harga_pihps_modern,82950.0,Rp,CRW02,BD-PIHPS
2026-09-24,1771,harga_pihps_modern,47450.0,Rp,DAY01,BD-PIHPS
2026-09-24,1771,harga_pihps_modern,162450.0,Rp,DSP01,BD-PIHPS
2026-09-24,1771,harga_pihps_modern,154950.0,Rp,DSP02,BD-PIHPS
2026-09-24,1771,harga_pihps_modern,17350.0,Rp,GLP01,BD-PIHPS
2026-09-24,1771,harga_pihps_modern,17850.0,Rp,GLP02,BD-PIHPS
2026-09-24,1771,harga_pihps_modern,21350.0,Rp,MGR02,BD-PIHPS
2026-09-24,1771,harga_pihps_modern,24800.0,Rp,MGR03,BD-PIHPS
2026-09-24,1771,harga_pihps_modern,28550.0,Rp,TLR01,BD-PIHPS
2026-09-24,1771,harga_pihps_produsen,13800.0,Rp,BRS03,BD-PIHPS
2026-09-24,1771,harga_pihps_produsen,13600.0,Rp,BRS04,BD-PIHPS
2026-09-24,1771,harga_pihps_produsen,16250.0,Rp,BRS05,BD-PIHPS
2026-09-24,1771,harga_pihps_produsen,13800.0,Rp,BRS06,BD-PIHPS
2026-09-24,1771,harga_pihps_produsen,31500.0,Rp,CMR01,BD-PIHPS
2026-09-24,1771,harga_pihps_produsen,28500.0,Rp,CMR02,BD-PIHPS
2026-09-24,1771,harga_pihps_produsen,45000.0,Rp,CRW01,BD-PIHPS
2026-09-24,1771,harga_pihps_produsen,39650.0,Rp,CRW02,BD-PIHPS
2026-09-24,1771,harga_pihps_produsen,28000.0,Rp,DAY01,BD-PIHPS
2026-09-24,1771,harga_pihps_produsen,150000.0,Rp,DSP01,BD-PIHPS
2026-09-24,1771,harga_pihps_produsen,150000.0,Rp,DSP02,BD-PIHPS
2026-09-24,1771,harga_pihps_produsen,21500.0,Rp,TLR01,BD-PIHPS
2026-09-25,1771,harga_pihps,15700.0,Rp,BRS01,BD-PIHPS
2026-09-25,1771,harga_pihps,12650.0,Rp,BRS02,BD-PIHPS
2026-09-25,1771,harga_pihps,16300.0,Rp,BRS03,BD-PIHPS
2026-09-25,1771,harga_pihps,16400.0,Rp,BRS04,BD-PIHPS
2026-09-25,1771,harga_pihps,17750.0,Rp,BRS05,BD-PIHPS
2026-09-25,1771,harga_pihps,17000.0,Rp,BRS06,BD-PIHPS
2026-09-25,1771,harga_pihps,36750.0,Rp,BWM01,BD-PIHPS
2026-09-25,1771,harga_pihps,38000.0,Rp,BWP01,BD-PIHPS
2026-09-25,1771,harga_pihps,53750.0,Rp,CMR01,BD-PIHPS
2026-09-25,1771,harga_pihps,60000.0,Rp,CMR02,BD-PIHPS
2026-09-25,1771,harga_pihps,61250.0,Rp,CRW01,BD-PIHPS
2026-09-25,1771,harga_pihps,77500.0,Rp,CRW02,BD-PIHPS
2026-09-25,1771,harga_pihps,45000.0,Rp,DAY01,BD-PIHPS
2026-09-25,1771,harga_pihps,160000.0,Rp,DSP01,BD-PIHPS
2026-09-25,1771,harga_pihps,150000.0,Rp,DSP02,BD-PIHPS
2026-09-25,1771,harga_pihps,19000.0,Rp,GLP01,BD-PIHPS
2026-09-25,1771,harga_pihps,19750.0,Rp,GLP02,BD-PIHPS
2026-09-25,1771,harga_pihps,20000.0,Rp,MGR01,BD-PIHPS
2026-09-25,1771,harga_pihps,24000.0,Rp,MGR02,BD-PIHPS
2026-09-25,1771,harga_pihps,23250.0,Rp,MGR03,BD-PIHPS
2026-09-25,1771,harga_pihps,28800.0,Rp,TLR01,BD-PIHPS
2026-09-25,1771,harga_pihps_grosir,14200.0,Rp,BRS01,BD-PIHPS
2026-09-25,1771,harga_pihps_grosir,15600.0,Rp,BRS02,BD-PIHPS
2026-09-25,1771,harga_pihps_grosir,15500.0,Rp,BRS03,BD-PIHPS
2026-09-25,1771,harga_pihps_grosir,15850.0,Rp,BRS04,BD-PIHPS
2026-09-25,1771,harga_pihps_grosir,16050.0,Rp,BRS05,BD-PIHPS
2026-09-25,1771,harga_pihps_grosir,16050.0,Rp,BRS06,BD-PIHPS
2026-09-25,1771,harga_pihps_grosir,28500.0,Rp,BWM01,BD-PIHPS
2026-09-25,1771,harga_pihps_grosir,27500.0,Rp,BWP01,BD-PIHPS
2026-09-25,1771,harga_pihps_grosir,51000.0,Rp,CMR01,BD-PIHPS
2026-09-25,1771,harga_pihps_grosir,57500.0,Rp,CMR02,BD-PIHPS
2026-09-25,1771,harga_pihps_grosir,51500.0,Rp,CRW01,BD-PIHPS
2026-09-25,1771,harga_pihps_grosir,71000.0,Rp,CRW02,BD-PIHPS
2026-09-25,1771,harga_pihps_grosir,41000.0,Rp,DAY01,BD-PIHPS
2026-09-25,1771,harga_pihps_grosir,142500.0,Rp,DSP01,BD-PIHPS
2026-09-25,1771,harga_pihps_grosir,102500.0,Rp,DSP02,BD-PIHPS
2026-09-25,1771,harga_pihps_grosir,18750.0,Rp,GLP01,BD-PIHPS
2026-09-25,1771,harga_pihps_grosir,19000.0,Rp,MGR01,BD-PIHPS
2026-09-25,1771,harga_pihps_grosir,22750.0,Rp,MGR02,BD-PIHPS
2026-09-25,1771,harga_pihps_grosir,22500.0,Rp,MGR03,BD-PIHPS
2026-09-25,1771,harga_pihps_grosir,25650.0,Rp,TLR01,BD-PIHPS
2026-09-25,1771,harga_pihps_modern,15450.0,Rp,BRS01,BD-PIHPS
2026-09-25,1771,harga_pihps_modern,15100.0,Rp,BRS02,BD-PIHPS
2026-09-25,1771,harga_pihps_modern,16350.0,Rp,BRS03,BD-PIHPS
2026-09-25,1771,harga_pihps_modern,16250.0,Rp,BRS04,BD-PIHPS
2026-09-25,1771,harga_pihps_modern,15250.0,Rp,BRS05,BD-PIHPS
2026-09-25,1771,harga_pihps_modern,17700.0,Rp,BRS06,BD-PIHPS
2026-09-25,1771,harga_pihps_modern,57450.0,Rp,BWM01,BD-PIHPS
2026-09-25,1771,harga_pihps_modern,46950.0,Rp,BWP01,BD-PIHPS
2026-09-25,1771,harga_pihps_modern,90450.0,Rp,CMR01,BD-PIHPS
2026-09-25,1771,harga_pihps_modern,64950.0,Rp,CMR02,BD-PIHPS
2026-09-25,1771,harga_pihps_modern,69950.0,Rp,CRW01,BD-PIHPS
2026-09-25,1771,harga_pihps_modern,82950.0,Rp,CRW02,BD-PIHPS
2026-09-25,1771,harga_pihps_modern,47450.0,Rp,DAY01,BD-PIHPS
2026-09-25,1771,harga_pihps_modern,162450.0,Rp,DSP01,BD-PIHPS
2026-09-25,1771,harga_pihps_modern,154950.0,Rp,DSP02,BD-PIHPS
2026-09-25,1771,harga_pihps_modern,17350.0,Rp,GLP01,BD-PIHPS
2026-09-25,1771,harga_pihps_modern,17850.0,Rp,GLP02,BD-PIHPS
2026-09-25,1771,harga_pihps_modern,21350.0,Rp,MGR02,BD-PIHPS
2026-09-25,1771,harga_pihps_modern,24800.0,Rp,MGR03,BD-PIHPS
2026-09-25,1771,harga_pihps_modern,28550.0,Rp,TLR01,BD-PIHPS
2026-09-25,1771,harga_pihps_produsen,13800.0,Rp,BRS03,BD-PIHPS
2026-09-25,1771,harga_pihps_produsen,13600.0,Rp,BRS04,BD-PIHPS
2026-09-25,1771,harga_pihps_produsen,16250.0,Rp,BRS05,BD-PIHPS
2026-09-25,1771,harga_pihps_produsen,13800.0,Rp,BRS06,BD-PIHPS
2026-09-25,1771,harga_pihps_produsen,31500.0,Rp,CMR01,BD-PIHPS
2026-09-25,1771,harga_pihps_produsen,28500.0,Rp,CMR02,BD-PIHPS
2026-09-25,1771,harga_pihps_produsen,45000.0,Rp,CRW01,BD-PIHPS
2026-09-25,1771,harga_pihps_produsen,39650.0,Rp,CRW02,BD-PIHPS
2026-09-25,1771,harga_pihps_produsen,28000.0,Rp,DAY01,BD-PIHPS
2026-09-25,1771,harga_pihps_produsen,150000.0,Rp,DSP01,BD-PIHPS
2026-09-25,1771,harga_pihps_produsen,150000.0,Rp,DSP02,BD-PIHPS
2026-09-25,1771,harga_pihps_produsen,21500.0,Rp,TLR01,BD-PIHPS
2026-09-28,1771,harga_pihps,15700.0,Rp,BRS01,BD-PIHPS
2026-09-28,1771,harga_pihps,12650.0,Rp,BRS02,BD-PIHPS
2026-09-28,1771,harga_pihps,16300.0,Rp,BRS03,BD-PIHPS
2026-09-28,1771,harga_pihps,16400.0,Rp,BRS04,BD-PIHPS
2026-09-28,1771,harga_pihps,17750.0,Rp,BRS05,BD-PIHPS
2026-09-28,1771,harga_pihps,17000.0,Rp,BRS06,BD-PIHPS
2026-09-28,1771,harga_pihps,37500.0,Rp,BWM01,BD-PIHPS
2026-09-28,1771,harga_pihps,38000.0,Rp,BWP01,BD-PIHPS
2026-09-28,1771,harga_pihps,61250.0,Rp,CMR01,BD-PIHPS
2026-09-28,1771,harga_pihps,66250.0,Rp,CMR02,BD-PIHPS
2026-09-28,1771,harga_pihps,62500.0,Rp,CRW01,BD-PIHPS
2026-09-28,1771,harga_pihps,78750.0,Rp,CRW02,BD-PIHPS
2026-09-28,1771,harga_pihps,43500.0,Rp,DAY01,BD-PIHPS
2026-09-28,1771,harga_pihps,160000.0,Rp,DSP01,BD-PIHPS
2026-09-28,1771,harga_pihps,150000.0,Rp,DSP02,BD-PIHPS
2026-09-28,1771,harga_pihps,19000.0,Rp,GLP01,BD-PIHPS
2026-09-28,1771,harga_pihps,19750.0,Rp,GLP02,BD-PIHPS
2026-09-28,1771,harga_pihps,20000.0,Rp,MGR01,BD-PIHPS
2026-09-28,1771,harga_pihps,24000.0,Rp,MGR02,BD-PIHPS
2026-09-28,1771,harga_pihps,23250.0,Rp,MGR03,BD-PIHPS
2026-09-28,1771,harga_pihps,29000.0,Rp,TLR01,BD-PIHPS
2026-09-28,1771,harga_pihps_grosir,14200.0,Rp,BRS01,BD-PIHPS
2026-09-28,1771,harga_pihps_grosir,15600.0,Rp,BRS02,BD-PIHPS
2026-09-28,1771,harga_pihps_grosir,15500.0,Rp,BRS03,BD-PIHPS
2026-09-28,1771,harga_pihps_grosir,15850.0,Rp,BRS04,BD-PIHPS
2026-09-28,1771,harga_pihps_grosir,16050.0,Rp,BRS05,BD-PIHPS
2026-09-28,1771,harga_pihps_grosir,16050.0,Rp,BRS06,BD-PIHPS
2026-09-28,1771,harga_pihps_grosir,28500.0,Rp,BWM01,BD-PIHPS
2026-09-28,1771,harga_pihps_grosir,27500.0,Rp,BWP01,BD-PIHPS
2026-09-28,1771,harga_pihps_grosir,51000.0,Rp,CMR01,BD-PIHPS
2026-09-28,1771,harga_pihps_grosir,57500.0,Rp,CMR02,BD-PIHPS
2026-09-28,1771,harga_pihps_grosir,51500.0,Rp,CRW01,BD-PIHPS
2026-09-28,1771,harga_pihps_grosir,71000.0,Rp,CRW02,BD-PIHPS
2026-09-28,1771,harga_pihps_grosir,41000.0,Rp,DAY01,BD-PIHPS
2026-09-28,1771,harga_pihps_grosir,142500.0,Rp,DSP01,BD-PIHPS
2026-09-28,1771,harga_pihps_grosir,102500.0,Rp,DSP02,BD-PIHPS
2026-09-28,1771,harga_pihps_grosir,18750.0,Rp,GLP01,BD-PIHPS
2026-09-28,1771,harga_pihps_grosir,19000.0,Rp,MGR01,BD-PIHPS
2026-09-28,1771,harga_pihps_grosir,22750.0,Rp,MGR02,BD-PIHPS
2026-09-28,1771,harga_pihps_grosir,22500.0,Rp,MGR03,BD-PIHPS
2026-09-28,1771,harga_pihps_grosir,25650.0,Rp,TLR01,BD-PIHPS
2026-09-28,1771,harga_pihps_modern,15450.0,Rp,BRS01,BD-PIHPS
2026-09-28,1771,harga_pihps_modern,15100.0,Rp,BRS02,BD-PIHPS
2026-09-28,1771,harga_pihps_modern,16350.0,Rp,BRS03,BD-PIHPS
2026-09-28,1771,harga_pihps_modern,16250.0,Rp,BRS04,BD-PIHPS
2026-09-28,1771,harga_pihps_modern,15250.0,Rp,BRS05,BD-PIHPS
2026-09-28,1771,harga_pihps_modern,17700.0,Rp,BRS06,BD-PIHPS
2026-09-28,1771,harga_pihps_modern,57450.0,Rp,BWM01,BD-PIHPS
2026-09-28,1771,harga_pihps_modern,46950.0,Rp,BWP01,BD-PIHPS
2026-09-28,1771,harga_pihps_modern,90450.0,Rp,CMR01,BD-PIHPS
2026-09-28,1771,harga_pihps_modern,64950.0,Rp,CMR02,BD-PIHPS
2026-09-28,1771,harga_pihps_modern,69950.0,Rp,CRW01,BD-PIHPS
2026-09-28,1771,harga_pihps_modern,82950.0,Rp,CRW02,BD-PIHPS
2026-09-28,1771,harga_pihps_modern,47450.0,Rp,DAY01,BD-PIHPS
2026-09-28,1771,harga_pihps_modern,162450.0,Rp,DSP01,BD-PIHPS
2026-09-28,1771,harga_pihps_modern,154950.0,Rp,DSP02,BD-PIHPS
2026-09-28,1771,harga_pihps_modern,17350.0,Rp,GLP01,BD-PIHPS
2026-09-28,1771,harga_pihps_modern,17850.0,Rp,GLP02,BD-PIHPS
2026-09-28,1771,harga_pihps_modern,21350.0,Rp,MGR02,BD-PIHPS
2026-09-28,1771,harga_pihps_modern,24800.0,Rp,MGR03,BD-PIHPS
2026-09-28,1771,harga_pihps_modern,28550.0,Rp,TLR01,BD-PIHPS
2026-09-28,1771,harga_pihps_produsen,14000.0,Rp,BRS02,BD-PIHPS
2026-09-28,1771,harga_pihps_produsen,14400.0,Rp,BRS03,BD-PIHPS
2026-09-28,1771,harga_pihps_produsen,15650.0,Rp,BRS04,BD-PIHPS
2026-09-28,1771,harga_pihps_produsen,16500.0,Rp,BRS06,BD-PIHPS
2026-09-28,1771,harga_pihps_produsen,45000.0,Rp,CMR01,BD-PIHPS
2026-09-28,1771,harga_pihps_produsen,43350.0,Rp,CMR02,BD-PIHPS
2026-09-28,1771,harga_pihps_produsen,40000.0,Rp,CRW01,BD-PIHPS
2026-09-28,1771,harga_pihps_produsen,41000.0,Rp,CRW02,BD-PIHPS
2026-09-28,1771,harga_pihps_produsen,25850.0,Rp,DAY01,BD-PIHPS
2026-09-28,1771,harga_pihps_produsen,150000.0,Rp,DSP01,BD-PIHPS
2026-09-28,1771,harga_pihps_produsen,150000.0,Rp,DSP02,BD-PIHPS
2026-09-28,1771,harga_pihps_produsen,25750.0,Rp,TLR01,BD-PIHPS
2026-09-29,1771,harga_pihps,15700.0,Rp,BRS01,BD-PIHPS
2026-09-29,1771,harga_pihps,12650.0,Rp,BRS02,BD-PIHPS
2026-09-29,1771,harga_pihps,16300.0,Rp,BRS03,BD-PIHPS
2026-09-29,1771,harga_pihps,16400.0,Rp,BRS04,BD-PIHPS
2026-09-29,1771,harga_pihps,17750.0,Rp,BRS05,BD-PIHPS
2026-09-29,1771,harga_pihps,17000.0,Rp,BRS06,BD-PIHPS
2026-09-29,1771,harga_pihps,37500.0,Rp,BWM01,BD-PIHPS
2026-09-29,1771,harga_pihps,38000.0,Rp,BWP01,BD-PIHPS
2026-09-29,1771,harga_pihps,66250.0,Rp,CMR01,BD-PIHPS
2026-09-29,1771,harga_pihps,70000.0,Rp,CMR02,BD-PIHPS
2026-09-29,1771,harga_pihps,62500.0,Rp,CRW01,BD-PIHPS
2026-09-29,1771,harga_pihps,81250.0,Rp,CRW02,BD-PIHPS
2026-09-29,1771,harga_pihps,43500.0,Rp,DAY01,BD-PIHPS
2026-09-29,1771,harga_pihps,160000.0,Rp,DSP01,BD-PIHPS
2026-09-29,1771,harga_pihps,150000.0,Rp,DSP02,BD-PIHPS
2026-09-29,1771,harga_pihps,19000.0,Rp,GLP01,BD-PIHPS
2026-09-29,1771,harga_pihps,19750.0,Rp,GLP02,BD-PIHPS
2026-09-29,1771,harga_pihps,20000.0,Rp,MGR01,BD-PIHPS
2026-09-29,1771,harga_pihps,24000.0,Rp,MGR02,BD-PIHPS
2026-09-29,1771,harga_pihps,23250.0,Rp,MGR03,BD-PIHPS
2026-09-29,1771,harga_pihps,29000.0,Rp,TLR01,BD-PIHPS
2026-09-29,1771,harga_pihps_grosir,14200.0,Rp,BRS01,BD-PIHPS
2026-09-29,1771,harga_pihps_grosir,15600.0,Rp,BRS02,BD-PIHPS
2026-09-29,1771,harga_pihps_grosir,15500.0,Rp,BRS03,BD-PIHPS
2026-09-29,1771,harga_pihps_grosir,15850.0,Rp,BRS04,BD-PIHPS
2026-09-29,1771,harga_pihps_grosir,16050.0,Rp,BRS05,BD-PIHPS
2026-09-29,1771,harga_pihps_grosir,16050.0,Rp,BRS06,BD-PIHPS
2026-09-29,1771,harga_pihps_grosir,28500.0,Rp,BWM01,BD-PIHPS
2026-09-29,1771,harga_pihps_grosir,27500.0,Rp,BWP01,BD-PIHPS
2026-09-29,1771,harga_pihps_grosir,51000.0,Rp,CMR01,BD-PIHPS
2026-09-29,1771,harga_pihps_grosir,57500.0,Rp,CMR02,BD-PIHPS
2026-09-29,1771,harga_pihps_grosir,51500.0,Rp,CRW01,BD-PIHPS
2026-09-29,1771,harga_pihps_grosir,71000.0,Rp,CRW02,BD-PIHPS
2026-09-29,1771,harga_pihps_grosir,41000.0,Rp,DAY01,BD-PIHPS
2026-09-29,1771,harga_pihps_grosir,142500.0,Rp,DSP01,BD-PIHPS
2026-09-29,1771,harga_pihps_grosir,102500.0,Rp,DSP02,BD-PIHPS
2026-09-29,1771,harga_pihps_grosir,18750.0,Rp,GLP01,BD-PIHPS
2026-09-29,1771,harga_pihps_grosir,19000.0,Rp,MGR01,BD-PIHPS
2026-09-29,1771,harga_pihps_grosir,22750.0,Rp,MGR02,BD-PIHPS
2026-09-29,1771,harga_pihps_grosir,22500.0,Rp,MGR03,BD-PIHPS
2026-09-29,1771,harga_pihps_grosir,25650.0,Rp,TLR01,BD-PIHPS
2026-09-29,1771,harga_pihps_modern,15450.0,Rp,BRS01,BD-PIHPS
2026-09-29,1771,harga_pihps_modern,15100.0,Rp,BRS02,BD-PIHPS
2026-09-29,1771,harga_pihps_modern,16350.0,Rp,BRS03,BD-PIHPS
2026-09-29,1771,harga_pihps_modern,16250.0,Rp,BRS04,BD-PIHPS
2026-09-29,1771,harga_pihps_modern,15250.0,Rp,BRS05,BD-PIHPS
2026-09-29,1771,harga_pihps_modern,17700.0,Rp,BRS06,BD-PIHPS
2026-09-29,1771,harga_pihps_modern,57450.0,Rp,BWM01,BD-PIHPS
2026-09-29,1771,harga_pihps_modern,46950.0,Rp,BWP01,BD-PIHPS
2026-09-29,1771,harga_pihps_modern,90450.0,Rp,CMR01,BD-PIHPS
2026-09-29,1771,harga_pihps_modern,64950.0,Rp,CMR02,BD-PIHPS
2026-09-29,1771,harga_pihps_modern,69950.0,Rp,CRW01,BD-PIHPS
2026-09-29,1771,harga_pihps_modern,82950.0,Rp,CRW02,BD-PIHPS
2026-09-29,1771,harga_pihps_modern,47450.0,Rp,DAY01,BD-PIHPS
2026-09-29,1771,harga_pihps_modern,162450.0,Rp,DSP01,BD-PIHPS
2026-09-29,1771,harga_pihps_modern,154950.0,Rp,DSP02,BD-PIHPS
2026-09-29,1771,harga_pihps_modern,17350.0,Rp,GLP01,BD-PIHPS
2026-09-29,1771,harga_pihps_modern,17850.0,Rp,GLP02,BD-PIHPS
2026-09-29,1771,harga_pihps_modern,21350.0,Rp,MGR02,BD-PIHPS
2026-09-29,1771,harga_pihps_modern,24800.0,Rp,MGR03,BD-PIHPS
2026-09-29,1771,harga_pihps_modern,28550.0,Rp,TLR01,BD-PIHPS
2026-09-29,1771,harga_pihps_produsen,14000.0,Rp,BRS02,BD-PIHPS
2026-09-29,1771,harga_pihps_produsen,14400.0,Rp,BRS03,BD-PIHPS
2026-09-29,1771,harga_pihps_produsen,15650.0,Rp,BRS04,BD-PIHPS
2026-09-29,1771,harga_pihps_produsen,16500.0,Rp,BRS06,BD-PIHPS
2026-09-29,1771,harga_pihps_produsen,45000.0,Rp,CMR01,BD-PIHPS
2026-09-29,1771,harga_pihps_produsen,43350.0,Rp,CMR02,BD-PIHPS
2026-09-29,1771,harga_pihps_produsen,40000.0,Rp,CRW01,BD-PIHPS
2026-09-29,1771,harga_pihps_produsen,41000.0,Rp,CRW02,BD-PIHPS
2026-09-29,1771,harga_pihps_produsen,25850.0,Rp,DAY01,BD-PIHPS
2026-09-29,1771,harga_pihps_produsen,150000.0,Rp,DSP01,BD-PIHPS
2026-09-29,1771,harga_pihps_produsen,150000.0,Rp,DSP02,BD-PIHPS
2026-09-29,1771,harga_pihps_produsen,25750.0,Rp,TLR01,BD-PIHPS
2026-09-30,1771,harga_pihps,15700.0,Rp,BRS01,BD-PIHPS
2026-09-30,1771,harga_pihps,12650.0,Rp,BRS02,BD-PIHPS
2026-09-30,1771,harga_pihps,16300.0,Rp,BRS03,BD-PIHPS
2026-09-30,1771,harga_pihps,16400.0,Rp,BRS04,BD-PIHPS
2026-09-30,1771,harga_pihps,17750.0,Rp,BRS05,BD-PIHPS
2026-09-30,1771,harga_pihps,17000.0,Rp,BRS06,BD-PIHPS
2026-09-30,1771,harga_pihps,38750.0,Rp,BWM01,BD-PIHPS
2026-09-30,1771,harga_pihps,38750.0,Rp,BWP01,BD-PIHPS
2026-09-30,1771,harga_pihps,65750.0,Rp,CMR01,BD-PIHPS
2026-09-30,1771,harga_pihps,68750.0,Rp,CMR02,BD-PIHPS
2026-09-30,1771,harga_pihps,62500.0,Rp,CRW01,BD-PIHPS
2026-09-30,1771,harga_pihps,81250.0,Rp,CRW02,BD-PIHPS
2026-09-30,1771,harga_pihps,43000.0,Rp,DAY01,BD-PIHPS
2026-09-30,1771,harga_pihps,160000.0,Rp,DSP01,BD-PIHPS
2026-09-30,1771,harga_pihps,150000.0,Rp,DSP02,BD-PIHPS
2026-09-30,1771,harga_pihps,19000.0,Rp,GLP01,BD-PIHPS
2026-09-30,1771,harga_pihps,19750.0,Rp,GLP02,BD-PIHPS
2026-09-30,1771,harga_pihps,20000.0,Rp,MGR01,BD-PIHPS
2026-09-30,1771,harga_pihps,24000.0,Rp,MGR02,BD-PIHPS
2026-09-30,1771,harga_pihps,23250.0,Rp,MGR03,BD-PIHPS
2026-09-30,1771,harga_pihps,29000.0,Rp,TLR01,BD-PIHPS
2026-09-30,1771,harga_pihps_grosir,14200.0,Rp,BRS01,BD-PIHPS
2026-09-30,1771,harga_pihps_grosir,15600.0,Rp,BRS02,BD-PIHPS
2026-09-30,1771,harga_pihps_grosir,15500.0,Rp,BRS03,BD-PIHPS
2026-09-30,1771,harga_pihps_grosir,15850.0,Rp,BRS04,BD-PIHPS
2026-09-30,1771,harga_pihps_grosir,16050.0,Rp,BRS05,BD-PIHPS
2026-09-30,1771,harga_pihps_grosir,16050.0,Rp,BRS06,BD-PIHPS
2026-09-30,1771,harga_pihps_grosir,28500.0,Rp,BWM01,BD-PIHPS
2026-09-30,1771,harga_pihps_grosir,27500.0,Rp,BWP01,BD-PIHPS
2026-09-30,1771,harga_pihps_grosir,51000.0,Rp,CMR01,BD-PIHPS
2026-09-30,1771,harga_pihps_grosir,57500.0,Rp,CMR02,BD-PIHPS
2026-09-30,1771,harga_pihps_grosir,51500.0,Rp,CRW01,BD-PIHPS
2026-09-30,1771,harga_pihps_grosir,71000.0,Rp,CRW02,BD-PIHPS
2026-09-30,1771,harga_pihps_grosir,41000.0,Rp,DAY01,BD-PIHPS
2026-09-30,1771,harga_pihps_grosir,142500.0,Rp,DSP01,BD-PIHPS
2026-09-30,1771,harga_pihps_grosir,102500.0,Rp,DSP02,BD-PIHPS
2026-09-30,1771,harga_pihps_grosir,18750.0,Rp,GLP01,BD-PIHPS
2026-09-30,1771,harga_pihps_grosir,19000.0,Rp,MGR01,BD-PIHPS
2026-09-30,1771,harga_pihps_grosir,22750.0,Rp,MGR02,BD-PIHPS
2026-09-30,1771,harga_pihps_grosir,22500.0,Rp,MGR03,BD-PIHPS
2026-09-30,1771,harga_pihps_grosir,25650.0,Rp,TLR01,BD-PIHPS
2026-09-30,1771,harga_pihps_produsen,14000.0,Rp,BRS02,BD-PIHPS
2026-09-30,1771,harga_pihps_produsen,14400.0,Rp,BRS03,BD-PIHPS
2026-09-30,1771,harga_pihps_produsen,15650.0,Rp,BRS04,BD-PIHPS
2026-09-30,1771,harga_pihps_produsen,16500.0,Rp,BRS06,BD-PIHPS
2026-09-30,1771,harga_pihps_produsen,45000.0,Rp,CMR01,BD-PIHPS
2026-09-30,1771,harga_pihps_produsen,43350.0,Rp,CMR02,BD-PIHPS
2026-09-30,1771,harga_pihps_produsen,40000.0,Rp,CRW01,BD-PIHPS
2026-09-30,1771,harga_pihps_produsen,41000.0,Rp,CRW02,BD-PIHPS
2026-09-30,1771,harga_pihps_produsen,25850.0,Rp,DAY01,BD-PIHPS
2026-09-30,1771,harga_pihps_produsen,150000.0,Rp,DSP01,BD-PIHPS
2026-09-30,1771,harga_pihps_produsen,150000.0,Rp,DSP02,BD-PIHPS
2026-09-30,1771,harga_pihps_produsen,25750.0,Rp,TLR01,BD-PIHPS
2026-10-01,1771,harga_pihps,15700.0,Rp,BRS01,BD-PIHPS
2026-10-01,1771,harga_pihps,12650.0,Rp,BRS02,BD-PIHPS
2026-10-01,1771,harga_pihps,16300.0,Rp,BRS03,BD-PIHPS
2026-10-01,1771,harga_pihps,16400.0,Rp,BRS04,BD-PIHPS
2026-10-01,1771,harga_pihps,17750.0,Rp,BRS05,BD-PIHPS
2026-10-01,1771,harga_pihps,17000.0,Rp,BRS06,BD-PIHPS
2026-10-01,1771,harga_pihps,38750.0,Rp,BWM01,BD-PIHPS
2026-10-01,1771,harga_pihps,38750.0,Rp,BWP01,BD-PIHPS
2026-10-01,1771,harga_pihps,65000.0,Rp,CMR01,BD-PIHPS
2026-10-01,1771,harga_pihps,71250.0,Rp,CMR02,BD-PIHPS
2026-10-01,1771,harga_pihps,61250.0,Rp,CRW01,BD-PIHPS
2026-10-01,1771,harga_pihps,81250.0,Rp,CRW02,BD-PIHPS
2026-10-01,1771,harga_pihps,42500.0,Rp,DAY01,BD-PIHPS
2026-10-01,1771,harga_pihps,160000.0,Rp,DSP01,BD-PIHPS
2026-10-01,1771,harga_pihps,150000.0,Rp,DSP02,BD-PIHPS
2026-10-01,1771,harga_pihps,19000.0,Rp,GLP01,BD-PIHPS
2026-10-01,1771,harga_pihps,19750.0,Rp,GLP02,BD-PIHPS
2026-10-01,1771,harga_pihps,20000.0,Rp,MGR01,BD-PIHPS
2026-10-01,1771,harga_pihps,24000.0,Rp,MGR02,BD-PIHPS
2026-10-01,1771,harga_pihps,23250.0,Rp,MGR03,BD-PIHPS
2026-10-01,1771,harga_pihps,29000.0,Rp,TLR01,BD-PIHPS
2026-10-01,1771,harga_pihps_grosir,14200.0,Rp,BRS01,BD-PIHPS
2026-10-01,1771,harga_pihps_grosir,13700.0,Rp,BRS02,BD-PIHPS
2026-10-01,1771,harga_pihps_grosir,15500.0,Rp,BRS03,BD-PIHPS
2026-10-01,1771,harga_pihps_grosir,15700.0,Rp,BRS04,BD-PIHPS
2026-10-01,1771,harga_pihps_grosir,16050.0,Rp,BRS05,BD-PIHPS
2026-10-01,1771,harga_pihps_grosir,16050.0,Rp,BRS06,BD-PIHPS
2026-10-01,1771,harga_pihps_grosir,28500.0,Rp,BWM01,BD-PIHPS
2026-10-01,1771,harga_pihps_grosir,26500.0,Rp,BWP01,BD-PIHPS
2026-10-01,1771,harga_pihps_grosir,59000.0,Rp,CMR01,BD-PIHPS
2026-10-01,1771,harga_pihps_grosir,64000.0,Rp,CMR02,BD-PIHPS
2026-10-01,1771,harga_pihps_grosir,51500.0,Rp,CRW01,BD-PIHPS
2026-10-01,1771,harga_pihps_grosir,70000.0,Rp,CRW02,BD-PIHPS
2026-10-01,1771,harga_pihps_grosir,38250.0,Rp,DAY01,BD-PIHPS
2026-10-01,1771,harga_pihps_grosir,142500.0,Rp,DSP01,BD-PIHPS
2026-10-01,1771,harga_pihps_grosir,102500.0,Rp,DSP02,BD-PIHPS
2026-10-01,1771,harga_pihps_grosir,18750.0,Rp,GLP01,BD-PIHPS
2026-10-01,1771,harga_pihps_grosir,19000.0,Rp,MGR01,BD-PIHPS
2026-10-01,1771,harga_pihps_grosir,22750.0,Rp,MGR02,BD-PIHPS
2026-10-01,1771,harga_pihps_grosir,22500.0,Rp,MGR03,BD-PIHPS
2026-10-01,1771,harga_pihps_grosir,25650.0,Rp,TLR01,BD-PIHPS
2026-10-01,1771,harga_pihps_produsen,14000.0,Rp,BRS02,BD-PIHPS
2026-10-01,1771,harga_pihps_produsen,14400.0,Rp,BRS03,BD-PIHPS
2026-10-01,1771,harga_pihps_produsen,15650.0,Rp,BRS04,BD-PIHPS
2026-10-01,1771,harga_pihps_produsen,16500.0,Rp,BRS06,BD-PIHPS
2026-10-01,1771,harga_pihps_produsen,45000.0,Rp,CMR01,BD-PIHPS
2026-10-01,1771,harga_pihps_produsen,43350.0,Rp,CMR02,BD-PIHPS
2026-10-01,1771,harga_pihps_produsen,40000.0,Rp,CRW01,BD-PIHPS
2026-10-01,1771,harga_pihps_produsen,41000.0,Rp,CRW02,BD-PIHPS
2026-10-01,1771,harga_pihps_produsen,25850.0,Rp,DAY01,BD-PIHPS
2026-10-01,1771,harga_pihps_produsen,150000.0,Rp,DSP01,BD-PIHPS
2026-10-01,1771,harga_pihps_produsen,150000.0,Rp,DSP02,BD-PIHPS
2026-10-01,1771,harga_pihps_produsen,25750.0,Rp,TLR01,BD-PIHPS
2026-10-02,1771,harga_pihps,15700.0,Rp,BRS01,BD-PIHPS
2026-10-02,1771,harga_pihps,12650.0,Rp,BRS02,BD-PIHPS
2026-10-02,1771,harga_pihps,16300.0,Rp,BRS03,BD-PIHPS
2026-10-02,1771,harga_pihps,16400.0,Rp,BRS04,BD-PIHPS
2026-10-02,1771,harga_pihps,17750.0,Rp,BRS05,BD-PIHPS
2026-10-02,1771,harga_pihps,17000.0,Rp,BRS06,BD-PIHPS
2026-10-02,1771,harga_pihps,38750.0,Rp,BWM01,BD-PIHPS
2026-10-02,1771,harga_pihps,38750.0,Rp,BWP01,BD-PIHPS
2026-10-02,1771,harga_pihps,66250.0,Rp,CMR01,BD-PIHPS
2026-10-02,1771,harga_pihps,72500.0,Rp,CMR02,BD-PIHPS
2026-10-02,1771,harga_pihps,61250.0,Rp,CRW01,BD-PIHPS
2026-10-02,1771,harga_pihps,81250.0,Rp,CRW02,BD-PIHPS
2026-10-02,1771,harga_pihps,41500.0,Rp,DAY01,BD-PIHPS
2026-10-02,1771,harga_pihps,160000.0,Rp,DSP01,BD-PIHPS
2026-10-02,1771,harga_pihps,150000.0,Rp,DSP02,BD-PIHPS
2026-10-02,1771,harga_pihps,19000.0,Rp,GLP01,BD-PIHPS
2026-10-02,1771,harga_pihps,19750.0,Rp,GLP02,BD-PIHPS
2026-10-02,1771,harga_pihps,20000.0,Rp,MGR01,BD-PIHPS
2026-10-02,1771,harga_pihps,24000.0,Rp,MGR02,BD-PIHPS
2026-10-02,1771,harga_pihps,23250.0,Rp,MGR03,BD-PIHPS
2026-10-02,1771,harga_pihps,29000.0,Rp,TLR01,BD-PIHPS
2026-10-02,1771,harga_pihps_grosir,14200.0,Rp,BRS01,BD-PIHPS
2026-10-02,1771,harga_pihps_grosir,13700.0,Rp,BRS02,BD-PIHPS
2026-10-02,1771,harga_pihps_grosir,15500.0,Rp,BRS03,BD-PIHPS
2026-10-02,1771,harga_pihps_grosir,15700.0,Rp,BRS04,BD-PIHPS
2026-10-02,1771,harga_pihps_grosir,16050.0,Rp,BRS05,BD-PIHPS
2026-10-02,1771,harga_pihps_grosir,16050.0,Rp,BRS06,BD-PIHPS
2026-10-02,1771,harga_pihps_grosir,28500.0,Rp,BWM01,BD-PIHPS
2026-10-02,1771,harga_pihps_grosir,26500.0,Rp,BWP01,BD-PIHPS
2026-10-02,1771,harga_pihps_grosir,59000.0,Rp,CMR01,BD-PIHPS
2026-10-02,1771,harga_pihps_grosir,64000.0,Rp,CMR02,BD-PIHPS
2026-10-02,1771,harga_pihps_grosir,51500.0,Rp,CRW01,BD-PIHPS
2026-10-02,1771,harga_pihps_grosir,70000.0,Rp,CRW02,BD-PIHPS
2026-10-02,1771,harga_pihps_grosir,38250.0,Rp,DAY01,BD-PIHPS
2026-10-02,1771,harga_pihps_grosir,142500.0,Rp,DSP01,BD-PIHPS
2026-10-02,1771,harga_pihps_grosir,102500.0,Rp,DSP02,BD-PIHPS
2026-10-02,1771,harga_pihps_grosir,18750.0,Rp,GLP01,BD-PIHPS
2026-10-02,1771,harga_pihps_grosir,19000.0,Rp,MGR01,BD-PIHPS
2026-10-02,1771,harga_pihps_grosir,22750.0,Rp,MGR02,BD-PIHPS
2026-10-02,1771,harga_pihps_grosir,22500.0,Rp,MGR03,BD-PIHPS
2026-10-02,1771,harga_pihps_grosir,25650.0,Rp,TLR01,BD-PIHPS
2026-10-02,1771,harga_pihps_produsen,14000.0,Rp,BRS02,BD-PIHPS
2026-10-02,1771,harga_pihps_produsen,14400.0,Rp,BRS03,BD-PIHPS
2026-10-02,1771,harga_pihps_produsen,15650.0,Rp,BRS04,BD-PIHPS
2026-10-02,1771,harga_pihps_produsen,16500.0,Rp,BRS06,BD-PIHPS
2026-10-02,1771,harga_pihps_produsen,45000.0,Rp,CMR01,BD-PIHPS
2026-10-02,1771,harga_pihps_produsen,43350.0,Rp,CMR02,BD-PIHPS
2026-10-02,1771,harga_pihps_produsen,40000.0,Rp,CRW01,BD-PIHPS
2026-10-02,1771,harga_pihps_produsen,41000.0,Rp,CRW02,BD-PIHPS
2026-10-02,1771,harga_pihps_produsen,25850.0,Rp,DAY01,BD-PIHPS
2026-10-02,1771,harga_pihps_produsen,150000.0,Rp,DSP01,BD-PIHPS
2026-10-02,1771,harga_pihps_produsen,150000.0,Rp,DSP02,BD-PIHPS
2026-10-02,1771,harga_pihps_produsen,25750.0,Rp,TLR01,BD-PIHPS
2026-10-05,1771,harga_pihps,15700.0,Rp,BRS01,BD-PIHPS
2026-10-05,1771,harga_pihps,12650.0,Rp,BRS02,BD-PIHPS
2026-10-05,1771,harga_pihps,16300.0,Rp,BRS03,BD-PIHPS
2026-10-05,1771,harga_pihps,16400.0,Rp,BRS04,BD-PIHPS
2026-10-05,1771,harga_pihps,17750.0,Rp,BRS05,BD-PIHPS
2026-10-05,1771,harga_pihps,17000.0,Rp,BRS06,BD-PIHPS
2026-10-05,1771,harga_pihps,38750.0,Rp,BWM01,BD-PIHPS
2026-10-05,1771,harga_pihps,38750.0,Rp,BWP01,BD-PIHPS
2026-10-05,1771,harga_pihps,68750.0,Rp,CMR01,BD-PIHPS
2026-10-05,1771,harga_pihps,76250.0,Rp,CMR02,BD-PIHPS
2026-10-05,1771,harga_pihps,65000.0,Rp,CRW01,BD-PIHPS
2026-10-05,1771,harga_pihps,82500.0,Rp,CRW02,BD-PIHPS
2026-10-05,1771,harga_pihps,40500.0,Rp,DAY01,BD-PIHPS
2026-10-05,1771,harga_pihps,160000.0,Rp,DSP01,BD-PIHPS
2026-10-05,1771,harga_pihps,150000.0,Rp,DSP02,BD-PIHPS
2026-10-05,1771,harga_pihps,19000.0,Rp,GLP01,BD-PIHPS
2026-10-05,1771,harga_pihps,19750.0,Rp,GLP02,BD-PIHPS
2026-10-05,1771,harga_pihps,20000.0,Rp,MGR01,BD-PIHPS
2026-10-05,1771,harga_pihps,24000.0,Rp,MGR02,BD-PIHPS
2026-10-05,1771,harga_pihps,23250.0,Rp,MGR03,BD-PIHPS
2026-10-05,1771,harga_pihps,29000.0,Rp,TLR01,BD-PIHPS
2026-10-05,1771,harga_pihps_grosir,14200.0,Rp,BRS01,BD-PIHPS
2026-10-05,1771,harga_pihps_grosir,13700.0,Rp,BRS02,BD-PIHPS
2026-10-05,1771,harga_pihps_grosir,15500.0,Rp,BRS03,BD-PIHPS
2026-10-05,1771,harga_pihps_grosir,15700.0,Rp,BRS04,BD-PIHPS
2026-10-05,1771,harga_pihps_grosir,16050.0,Rp,BRS05,BD-PIHPS
2026-10-05,1771,harga_pihps_grosir,16050.0,Rp,BRS06,BD-PIHPS
2026-10-05,1771,harga_pihps_grosir,28500.0,Rp,BWM01,BD-PIHPS
2026-10-05,1771,harga_pihps_grosir,26500.0,Rp,BWP01,BD-PIHPS
2026-10-05,1771,harga_pihps_grosir,59000.0,Rp,CMR01,BD-PIHPS
2026-10-05,1771,harga_pihps_grosir,64000.0,Rp,CMR02,BD-PIHPS
2026-10-05,1771,harga_pihps_grosir,51500.0,Rp,CRW01,BD-PIHPS
2026-10-05,1771,harga_pihps_grosir,70000.0,Rp,CRW02,BD-PIHPS
2026-10-05,1771,harga_pihps_grosir,38250.0,Rp,DAY01,BD-PIHPS
2026-10-05,1771,harga_pihps_grosir,142500.0,Rp,DSP01,BD-PIHPS
2026-10-05,1771,harga_pihps_grosir,102500.0,Rp,DSP02,BD-PIHPS
2026-10-05,1771,harga_pihps_grosir,18750.0,Rp,GLP01,BD-PIHPS
2026-10-05,1771,harga_pihps_grosir,19000.0,Rp,MGR01,BD-PIHPS
2026-10-05,1771,harga_pihps_grosir,22750.0,Rp,MGR02,BD-PIHPS
2026-10-05,1771,harga_pihps_grosir,22500.0,Rp,MGR03,BD-PIHPS
2026-10-05,1771,harga_pihps_grosir,25650.0,Rp,TLR01,BD-PIHPS
2026-10-05,1771,harga_pihps_produsen,14000.0,Rp,BRS02,BD-PIHPS
2026-10-05,1771,harga_pihps_produsen,14400.0,Rp,BRS03,BD-PIHPS
2026-10-05,1771,harga_pihps_produsen,15650.0,Rp,BRS04,BD-PIHPS
2026-10-05,1771,harga_pihps_produsen,16500.0,Rp,BRS06,BD-PIHPS
2026-10-05,1771,harga_pihps_produsen,45000.0,Rp,CMR01,BD-PIHPS
2026-10-05,1771,harga_pihps_produsen,43350.0,Rp,CMR02,BD-PIHPS
2026-10-05,1771,harga_pihps_produsen,40000.0,Rp,CRW01,BD-PIHPS
2026-10-05,1771,harga_pihps_produsen,41000.0,Rp,CRW02,BD-PIHPS
2026-10-05,1771,harga_pihps_produsen,25850.0,Rp,DAY01,BD-PIHPS
2026-10-05,1771,harga_pihps_produsen,150000.0,Rp,DSP01,BD-PIHPS
2026-10-05,1771,harga_pihps_produsen,150000.0,Rp,DSP02,BD-PIHPS
2026-10-05,1771,harga_pihps_produsen,25750.0,Rp,TLR01,BD-PIHPS
2026-10-06,1771,harga_pihps,15700.0,Rp,BRS01,BD-PIHPS
2026-10-06,1771,harga_pihps,12650.0,Rp,BRS02,BD-PIHPS
2026-10-06,1771,harga_pihps,16300.0,Rp,BRS03,BD-PIHPS
2026-10-06,1771,harga_pihps,16400.0,Rp,BRS04,BD-PIHPS
2026-10-06,1771,harga_pihps,17750.0,Rp,BRS05,BD-PIHPS
2026-10-06,1771,harga_pihps,17000.0,Rp,BRS06,BD-PIHPS
2026-10-06,1771,harga_pihps,38750.0,Rp,BWM01,BD-PIHPS
2026-10-06,1771,harga_pihps,38750.0,Rp,BWP01,BD-PIHPS
2026-10-06,1771,harga_pihps,70000.0,Rp,CMR01,BD-PIHPS
2026-10-06,1771,harga_pihps,77500.0,Rp,CMR02,BD-PIHPS
2026-10-06,1771,harga_pihps,65000.0,Rp,CRW01,BD-PIHPS
2026-10-06,1771,harga_pihps,85000.0,Rp,CRW02,BD-PIHPS
2026-10-06,1771,harga_pihps,40000.0,Rp,DAY01,BD-PIHPS
2026-10-06,1771,harga_pihps,160000.0,Rp,DSP01,BD-PIHPS
2026-10-06,1771,harga_pihps,150000.0,Rp,DSP02,BD-PIHPS
2026-10-06,1771,harga_pihps,19000.0,Rp,GLP01,BD-PIHPS
2026-10-06,1771,harga_pihps,19750.0,Rp,GLP02,BD-PIHPS
2026-10-06,1771,harga_pihps,20000.0,Rp,MGR01,BD-PIHPS
2026-10-06,1771,harga_pihps,24000.0,Rp,MGR02,BD-PIHPS
2026-10-06,1771,harga_pihps,23250.0,Rp,MGR03,BD-PIHPS
2026-10-06,1771,harga_pihps,29000.0,Rp,TLR01,BD-PIHPS
2026-10-06,1771,harga_pihps_grosir,14200.0,Rp,BRS01,BD-PIHPS
2026-10-06,1771,harga_pihps_grosir,13700.0,Rp,BRS02,BD-PIHPS
2026-10-06,1771,harga_pihps_grosir,15500.0,Rp,BRS03,BD-PIHPS
2026-10-06,1771,harga_pihps_grosir,15700.0,Rp,BRS04,BD-PIHPS
2026-10-06,1771,harga_pihps_grosir,16050.0,Rp,BRS05,BD-PIHPS
2026-10-06,1771,harga_pihps_grosir,16050.0,Rp,BRS06,BD-PIHPS
2026-10-06,1771,harga_pihps_grosir,28500.0,Rp,BWM01,BD-PIHPS
2026-10-06,1771,harga_pihps_grosir,26500.0,Rp,BWP01,BD-PIHPS
2026-10-06,1771,harga_pihps_grosir,59000.0,Rp,CMR01,BD-PIHPS
2026-10-06,1771,harga_pihps_grosir,64000.0,Rp,CMR02,BD-PIHPS
2026-10-06,1771,harga_pihps_grosir,51500.0,Rp,CRW01,BD-PIHPS
2026-10-06,1771,harga_pihps_grosir,70000.0,Rp,CRW02,BD-PIHPS
2026-10-06,1771,harga_pihps_grosir,38250.0,Rp,DAY01,BD-PIHPS
2026-10-06,1771,harga_pihps_grosir,142500.0,Rp,DSP01,BD-PIHPS
2026-10-06,1771,harga_pihps_grosir,102500.0,Rp,DSP02,BD-PIHPS
2026-10-06,1771,harga_pihps_grosir,18750.0,Rp,GLP01,BD-PIHPS
2026-10-06,1771,harga_pihps_grosir,19000.0,Rp,MGR01,BD-PIHPS
2026-10-06,1771,harga_pihps_grosir,22750.0,Rp,MGR02,BD-PIHPS
2026-10-06,1771,harga_pihps_grosir,22500.0,Rp,MGR03,BD-PIHPS
2026-10-06,1771,harga_pihps_grosir,25650.0,Rp,TLR01,BD-PIHPS
2026-10-06,1771,harga_pihps_modern,15450.0,Rp,BRS01,BD-PIHPS
2026-10-06,1771,harga_pihps_modern,15100.0,Rp,BRS02,BD-PIHPS
2026-10-06,1771,harga_pihps_modern,16350.0,Rp,BRS03,BD-PIHPS
2026-10-06,1771,harga_pihps_modern,16250.0,Rp,BRS04,BD-PIHPS
2026-10-06,1771,harga_pihps_modern,15250.0,Rp,BRS05,BD-PIHPS
2026-10-06,1771,harga_pihps_modern,17700.0,Rp,BRS06,BD-PIHPS
2026-10-06,1771,harga_pihps_modern,57450.0,Rp,BWM01,BD-PIHPS
2026-10-06,1771,harga_pihps_modern,47950.0,Rp,BWP01,BD-PIHPS
2026-10-06,1771,harga_pihps_modern,92950.0,Rp,CMR01,BD-PIHPS
2026-10-06,1771,harga_pihps_modern,69950.0,Rp,CMR02,BD-PIHPS
2026-10-06,1771,harga_pihps_modern,72450.0,Rp,CRW01,BD-PIHPS
2026-10-06,1771,harga_pihps_modern,85450.0,Rp,CRW02,BD-PIHPS
2026-10-06,1771,harga_pihps_modern,47450.0,Rp,DAY01,BD-PIHPS
2026-10-06,1771,harga_pihps_modern,156950.0,Rp,DSP01,BD-PIHPS
2026-10-06,1771,harga_pihps_modern,154950.0,Rp,DSP02,BD-PIHPS
2026-10-06,1771,harga_pihps_modern,17350.0,Rp,GLP01,BD-PIHPS
2026-10-06,1771,harga_pihps_modern,17850.0,Rp,GLP02,BD-PIHPS
2026-10-06,1771,harga_pihps_modern,21350.0,Rp,MGR02,BD-PIHPS
2026-10-06,1771,harga_pihps_modern,24800.0,Rp,MGR03,BD-PIHPS
2026-10-06,1771,harga_pihps_modern,28550.0,Rp,TLR01,BD-PIHPS
2026-10-06,1771,harga_pihps_produsen,14000.0,Rp,BRS02,BD-PIHPS
2026-10-06,1771,harga_pihps_produsen,14400.0,Rp,BRS03,BD-PIHPS
2026-10-06,1771,harga_pihps_produsen,15650.0,Rp,BRS04,BD-PIHPS
2026-10-06,1771,harga_pihps_produsen,16500.0,Rp,BRS06,BD-PIHPS
2026-10-06,1771,harga_pihps_produsen,45000.0,Rp,CMR01,BD-PIHPS
2026-10-06,1771,harga_pihps_produsen,43350.0,Rp,CMR02,BD-PIHPS
2026-10-06,1771,harga_pihps_produsen,40000.0,Rp,CRW01,BD-PIHPS
2026-10-06,1771,harga_pihps_produsen,41000.0,Rp,CRW02,BD-PIHPS
2026-10-06,1771,harga_pihps_produsen,25850.0,Rp,DAY01,BD-PIHPS
2026-10-06,1771,harga_pihps_produsen,150000.0,Rp,DSP01,BD-PIHPS
2026-10-06,1771,harga_pihps_produsen,150000.0,Rp,DSP02,BD-PIHPS
2026-10-06,1771,harga_pihps_produsen,25750.0,Rp,TLR01,BD-PIHPS
2026-10-07,1771,harga_pihps,15700.0,Rp,BRS01,BD-PIHPS
2026-10-07,1771,harga_pihps,12650.0,Rp,BRS02,BD-PIHPS
2026-10-07,1771,harga_pihps,16300.0,Rp,BRS03,BD-PIHPS
2026-10-07,1771,harga_pihps,16400.0,Rp,BRS04,BD-PIHPS
2026-10-07,1771,harga_pihps,17750.0,Rp,BRS05,BD-PIHPS
2026-10-07,1771,harga_pihps,17000.0,Rp,BRS06,BD-PIHPS
2026-10-07,1771,harga_pihps,38750.0,Rp,BWM01,BD-PIHPS
2026-10-07,1771,harga_pihps,38750.0,Rp,BWP01,BD-PIHPS
2026-10-07,1771,harga_pihps,73750.0,Rp,CMR01,BD-PIHPS
2026-10-07,1771,harga_pihps,80000.0,Rp,CMR02,BD-PIHPS
2026-10-07,1771,harga_pihps,73750.0,Rp,CRW01,BD-PIHPS
2026-10-07,1771,harga_pihps,86250.0,Rp,CRW02,BD-PIHPS
2026-10-07,1771,harga_pihps,40000.0,Rp,DAY01,BD-PIHPS
2026-10-07,1771,harga_pihps,160000.0,Rp,DSP01,BD-PIHPS
2026-10-07,1771,harga_pihps,150000.0,Rp,DSP02,BD-PIHPS
2026-10-07,1771,harga_pihps,19000.0,Rp,GLP01,BD-PIHPS
2026-10-07,1771,harga_pihps,19750.0,Rp,GLP02,BD-PIHPS
2026-10-07,1771,harga_pihps,20000.0,Rp,MGR01,BD-PIHPS
2026-10-07,1771,harga_pihps,24000.0,Rp,MGR02,BD-PIHPS
2026-10-07,1771,harga_pihps,23250.0,Rp,MGR03,BD-PIHPS
2026-10-07,1771,harga_pihps,29000.0,Rp,TLR01,BD-PIHPS
2026-10-07,1771,harga_pihps_grosir,14200.0,Rp,BRS01,BD-PIHPS
2026-10-07,1771,harga_pihps_grosir,13700.0,Rp,BRS02,BD-PIHPS
2026-10-07,1771,harga_pihps_grosir,15500.0,Rp,BRS03,BD-PIHPS
2026-10-07,1771,harga_pihps_grosir,15700.0,Rp,BRS04,BD-PIHPS
2026-10-07,1771,harga_pihps_grosir,16050.0,Rp,BRS05,BD-PIHPS
2026-10-07,1771,harga_pihps_grosir,16050.0,Rp,BRS06,BD-PIHPS
2026-10-07,1771,harga_pihps_grosir,28500.0,Rp,BWM01,BD-PIHPS
2026-10-07,1771,harga_pihps_grosir,26500.0,Rp,BWP01,BD-PIHPS
2026-10-07,1771,harga_pihps_grosir,59000.0,Rp,CMR01,BD-PIHPS
2026-10-07,1771,harga_pihps_grosir,64000.0,Rp,CMR02,BD-PIHPS
2026-10-07,1771,harga_pihps_grosir,51500.0,Rp,CRW01,BD-PIHPS
2026-10-07,1771,harga_pihps_grosir,70000.0,Rp,CRW02,BD-PIHPS
2026-10-07,1771,harga_pihps_grosir,38250.0,Rp,DAY01,BD-PIHPS
2026-10-07,1771,harga_pihps_grosir,142500.0,Rp,DSP01,BD-PIHPS
2026-10-07,1771,harga_pihps_grosir,102500.0,Rp,DSP02,BD-PIHPS
2026-10-07,1771,harga_pihps_grosir,18750.0,Rp,GLP01,BD-PIHPS
2026-10-07,1771,harga_pihps_grosir,19000.0,Rp,MGR01,BD-PIHPS
2026-10-07,1771,harga_pihps_grosir,22750.0,Rp,MGR02,BD-PIHPS
2026-10-07,1771,harga_pihps_grosir,22500.0,Rp,MGR03,BD-PIHPS
2026-10-07,1771,harga_pihps_grosir,25650.0,Rp,TLR01,BD-PIHPS
2026-10-07,1771,harga_pihps_modern,15450.0,Rp,BRS01,BD-PIHPS
2026-10-07,1771,harga_pihps_modern,15100.0,Rp,BRS02,BD-PIHPS
2026-10-07,1771,harga_pihps_modern,16350.0,Rp,BRS03,BD-PIHPS
2026-10-07,1771,harga_pihps_modern,16250.0,Rp,BRS04,BD-PIHPS
2026-10-07,1771,harga_pihps_modern,15250.0,Rp,BRS05,BD-PIHPS
2026-10-07,1771,harga_pihps_modern,17700.0,Rp,BRS06,BD-PIHPS
2026-10-07,1771,harga_pihps_modern,57450.0,Rp,BWM01,BD-PIHPS
2026-10-07,1771,harga_pihps_modern,47950.0,Rp,BWP01,BD-PIHPS
2026-10-07,1771,harga_pihps_modern,92950.0,Rp,CMR01,BD-PIHPS
2026-10-07,1771,harga_pihps_modern,69950.0,Rp,CMR02,BD-PIHPS
2026-10-07,1771,harga_pihps_modern,72450.0,Rp,CRW01,BD-PIHPS
2026-10-07,1771,harga_pihps_modern,85450.0,Rp,CRW02,BD-PIHPS
2026-10-07,1771,harga_pihps_modern,47450.0,Rp,DAY01,BD-PIHPS
2026-10-07,1771,harga_pihps_modern,156950.0,Rp,DSP01,BD-PIHPS
2026-10-07,1771,harga_pihps_modern,154950.0,Rp,DSP02,BD-PIHPS
2026-10-07,1771,harga_pihps_modern,17350.0,Rp,GLP01,BD-PIHPS
2026-10-07,1771,harga_pihps_modern,17850.0,Rp,GLP02,BD-PIHPS
2026-10-07,1771,harga_pihps_modern,21350.0,Rp,MGR02,BD-PIHPS
2026-10-07,1771,harga_pihps_modern,24800.0,Rp,MGR03,BD-PIHPS
2026-10-07,1771,harga_pihps_modern,28550.0,Rp,TLR01,BD-PIHPS
2026-10-07,1771,harga_pihps_produsen,14000.0,Rp,BRS02,BD-PIHPS
2026-10-07,1771,harga_pihps_produsen,14400.0,Rp,BRS03,BD-PIHPS
2026-10-07,1771,harga_pihps_produsen,15650.0,Rp,BRS04,BD-PIHPS
2026-10-07,1771,harga_pihps_produsen,16500.0,Rp,BRS06,BD-PIHPS
2026-10-07,1771,harga_pihps_produsen,45000.0,Rp,CMR01,BD-PIHPS
2026-10-07,1771,harga_pihps_produsen,43350.0,Rp,CMR02,BD-PIHPS
2026-10-07,1771,harga_pihps_produsen,40000.0,Rp,CRW01,BD-PIHPS
2026-10-07,1771,harga_pihps_produsen,41000.0,Rp,CRW02,BD-PIHPS
2026-10-07,1771,harga_pihps_produsen,25850.0,Rp,DAY01,BD-PIHPS
2026-10-07,1771,harga_pihps_produsen,150000.0,Rp,DSP01,BD-PIHPS
2026-10-07,1771,harga_pihps_produsen,150000.0,Rp,DSP02,BD-PIHPS
2026-10-07,1771,harga_pihps_produsen,25750.0,Rp,TLR01,BD-PIHPS
2026-10-08,1771,harga_pihps,15700.0,Rp,BRS01,BD-PIHPS
2026-10-08,1771,harga_pihps,13150.0,Rp,BRS02,BD-PIHPS
2026-10-08,1771,harga_pihps,16300.0,Rp,BRS03,BD-PIHPS
2026-10-08,1771,harga_pihps,16400.0,Rp,BRS04,BD-PIHPS
2026-10-08,1771,harga_pihps,17750.0,Rp,BRS05,BD-PIHPS
2026-10-08,1771,harga_pihps,17150.0,Rp,BRS06,BD-PIHPS
2026-10-08,1771,harga_pihps,38750.0,Rp,BWM01,BD-PIHPS
2026-10-08,1771,harga_pihps,38750.0,Rp,BWP01,BD-PIHPS
2026-10-08,1771,harga_pihps,77500.0,Rp,CMR01,BD-PIHPS
2026-10-08,1771,harga_pihps,85000.0,Rp,CMR02,BD-PIHPS
2026-10-08,1771,harga_pihps,76250.0,Rp,CRW01,BD-PIHPS
2026-10-08,1771,harga_pihps,86250.0,Rp,CRW02,BD-PIHPS
2026-10-08,1771,harga_pihps,40000.0,Rp,DAY01,BD-PIHPS
2026-10-08,1771,harga_pihps,160000.0,Rp,DSP01,BD-PIHPS
2026-10-08,1771,harga_pihps,150000.0,Rp,DSP02,BD-PIHPS
2026-10-08,1771,harga_pihps,19250.0,Rp,GLP01,BD-PIHPS
2026-10-08,1771,harga_pihps,19750.0,Rp,GLP02,BD-PIHPS
2026-10-08,1771,harga_pihps,20000.0,Rp,MGR01,BD-PIHPS
2026-10-08,1771,harga_pihps,24000.0,Rp,MGR02,BD-PIHPS
2026-10-08,1771,harga_pihps,23250.0,Rp,MGR03,BD-PIHPS
2026-10-08,1771,harga_pihps,28800.0,Rp,TLR01,BD-PIHPS
2026-10-08,1771,harga_pihps_grosir,14200.0,Rp,BRS01,BD-PIHPS
2026-10-08,1771,harga_pihps_grosir,13700.0,Rp,BRS02,BD-PIHPS
2026-10-08,1771,harga_pihps_grosir,15500.0,Rp,BRS03,BD-PIHPS
2026-10-08,1771,harga_pihps_grosir,15700.0,Rp,BRS04,BD-PIHPS
2026-10-08,1771,harga_pihps_grosir,16050.0,Rp,BRS05,BD-PIHPS
2026-10-08,1771,harga_pihps_grosir,16050.0,Rp,BRS06,BD-PIHPS
2026-10-08,1771,harga_pihps_grosir,28500.0,Rp,BWM01,BD-PIHPS
2026-10-08,1771,harga_pihps_grosir,26500.0,Rp,BWP01,BD-PIHPS
2026-10-08,1771,harga_pihps_grosir,67500.0,Rp,CMR01,BD-PIHPS
2026-10-08,1771,harga_pihps_grosir,72000.0,Rp,CMR02,BD-PIHPS
2026-10-08,1771,harga_pihps_grosir,59000.0,Rp,CRW01,BD-PIHPS
2026-10-08,1771,harga_pihps_grosir,77000.0,Rp,CRW02,BD-PIHPS
2026-10-08,1771,harga_pihps_grosir,35750.0,Rp,DAY01,BD-PIHPS
2026-10-08,1771,harga_pihps_grosir,142500.0,Rp,DSP01,BD-PIHPS
2026-10-08,1771,harga_pihps_grosir,102500.0,Rp,DSP02,BD-PIHPS
2026-10-08,1771,harga_pihps_grosir,19000.0,Rp,GLP01,BD-PIHPS
2026-10-08,1771,harga_pihps_grosir,19000.0,Rp,MGR01,BD-PIHPS
2026-10-08,1771,harga_pihps_grosir,22750.0,Rp,MGR02,BD-PIHPS
2026-10-08,1771,harga_pihps_grosir,22500.0,Rp,MGR03,BD-PIHPS
2026-10-08,1771,harga_pihps_grosir,25100.0,Rp,TLR01,BD-PIHPS
2026-10-08,1771,harga_pihps_modern,15450.0,Rp,BRS01,BD-PIHPS
2026-10-08,1771,harga_pihps_modern,15100.0,Rp,BRS02,BD-PIHPS
2026-10-08,1771,harga_pihps_modern,16350.0,Rp,BRS03,BD-PIHPS
2026-10-08,1771,harga_pihps_modern,16250.0,Rp,BRS04,BD-PIHPS
2026-10-08,1771,harga_pihps_modern,15250.0,Rp,BRS05,BD-PIHPS
2026-10-08,1771,harga_pihps_modern,17700.0,Rp,BRS06,BD-PIHPS
2026-10-08,1771,harga_pihps_modern,57450.0,Rp,BWM01,BD-PIHPS
2026-10-08,1771,harga_pihps_modern,47950.0,Rp,BWP01,BD-PIHPS
2026-10-08,1771,harga_pihps_modern,92950.0,Rp,CMR01,BD-PIHPS
2026-10-08,1771,harga_pihps_modern,69950.0,Rp,CMR02,BD-PIHPS
2026-10-08,1771,harga_pihps_modern,72450.0,Rp,CRW01,BD-PIHPS
2026-10-08,1771,harga_pihps_modern,85450.0,Rp,CRW02,BD-PIHPS
2026-10-08,1771,harga_pihps_modern,47450.0,Rp,DAY01,BD-PIHPS
2026-10-08,1771,harga_pihps_modern,156950.0,Rp,DSP01,BD-PIHPS
2026-10-08,1771,harga_pihps_modern,154950.0,Rp,DSP02,BD-PIHPS
2026-10-08,1771,harga_pihps_modern,17350.0,Rp,GLP01,BD-PIHPS
2026-10-08,1771,harga_pihps_modern,17850.0,Rp,GLP02,BD-PIHPS
2026-10-08,1771,harga_pihps_modern,21350.0,Rp,MGR02,BD-PIHPS
2026-10-08,1771,harga_pihps_modern,24800.0,Rp,MGR03,BD-PIHPS
2026-10-08,1771,harga_pihps_modern,28550.0,Rp,TLR01,BD-PIHPS
2026-10-08,1771,harga_pihps_produsen,14000.0,Rp,BRS02,BD-PIHPS
2026-10-08,1771,harga_pihps_produsen,14400.0,Rp,BRS03,BD-PIHPS
2026-10-08,1771,harga_pihps_produsen,15650.0,Rp,BRS04,BD-PIHPS
2026-10-08,1771,harga_pihps_produsen,16500.0,Rp,BRS06,BD-PIHPS
2026-10-08,1771,harga_pihps_produsen,45000.0,Rp,CMR01,BD-PIHPS
2026-10-08,1771,harga_pihps_produsen,43350.0,Rp,CMR02,BD-PIHPS
2026-10-08,1771,harga_pihps_produsen,40000.0,Rp,CRW01,BD-PIHPS
2026-10-08,1771,harga_pihps_produsen,41000.0,Rp,CRW02,BD-PIHPS
2026-10-08,1771,harga_pihps_produsen,25850.0,Rp,DAY01,BD-PIHPS
2026-10-08,1771,harga_pihps_produsen,150000.0,Rp,DSP01,BD-PIHPS
2026-10-08,1771,harga_pihps_produsen,150000.0,Rp,DSP02,BD-PIHPS
2026-10-08,1771,harga_pihps_produsen,25750.0,Rp,TLR01,BD-PIHPS
2026-10-09,1771,harga_pihps,15700.0,Rp,BRS01,BD-PIHPS
2026-10-09,1771,harga_pihps,13400.0,Rp,BRS02,BD-PIHPS
2026-10-09,1771,harga_pihps,16300.0,Rp,BRS03,BD-PIHPS
2026-10-09,1771,harga_pihps,16400.0,Rp,BRS04,BD-PIHPS
2026-10-09,1771,harga_pihps,17750.0,Rp,BRS05,BD-PIHPS
2026-10-09,1771,harga_pihps,17150.0,Rp,BRS06,BD-PIHPS
2026-10-09,1771,harga_pihps,40000.0,Rp,BWM01,BD-PIHPS
2026-10-09,1771,harga_pihps,38750.0,Rp,BWP01,BD-PIHPS
2026-10-09,1771,harga_pihps,77500.0,Rp,CMR01,BD-PIHPS
2026-10-09,1771,harga_pihps,85000.0,Rp,CMR02,BD-PIHPS
2026-10-09,1771,harga_pihps,76250.0,Rp,CRW01,BD-PIHPS
2026-10-09,1771,harga_pihps,86250.0,Rp,CRW02,BD-PIHPS
2026-10-09,1771,harga_pihps,39500.0,Rp,DAY01,BD-PIHPS
2026-10-09,1771,harga_pihps,160000.0,Rp,DSP01,BD-PIHPS
2026-10-09,1771,harga_pihps,150000.0,Rp,DSP02,BD-PIHPS
2026-10-09,1771,harga_pihps,19250.0,Rp,GLP01,BD-PIHPS
2026-10-09,1771,harga_pihps,19750.0,Rp,GLP02,BD-PIHPS
2026-10-09,1771,harga_pihps,20000.0,Rp,MGR01,BD-PIHPS
2026-10-09,1771,harga_pihps,24000.0,Rp,MGR02,BD-PIHPS
2026-10-09,1771,harga_pihps,23250.0,Rp,MGR03,BD-PIHPS
2026-10-09,1771,harga_pihps,28600.0,Rp,TLR01,BD-PIHPS
2026-10-09,1771,harga_pihps_grosir,14200.0,Rp,BRS01,BD-PIHPS
2026-10-09,1771,harga_pihps_grosir,13700.0,Rp,BRS02,BD-PIHPS
2026-10-09,1771,harga_pihps_grosir,15500.0,Rp,BRS03,BD-PIHPS
2026-10-09,1771,harga_pihps_grosir,15700.0,Rp,BRS04,BD-PIHPS
2026-10-09,1771,harga_pihps_grosir,16050.0,Rp,BRS05,BD-PIHPS
2026-10-09,1771,harga_pihps_grosir,16050.0,Rp,BRS06,BD-PIHPS
2026-10-09,1771,harga_pihps_grosir,28500.0,Rp,BWM01,BD-PIHPS
2026-10-09,1771,harga_pihps_grosir,26500.0,Rp,BWP01,BD-PIHPS
2026-10-09,1771,harga_pihps_grosir,67500.0,Rp,CMR01,BD-PIHPS
2026-10-09,1771,harga_pihps_grosir,72000.0,Rp,CMR02,BD-PIHPS
2026-10-09,1771,harga_pihps_grosir,59000.0,Rp,CRW01,BD-PIHPS
2026-10-09,1771,harga_pihps_grosir,77000.0,Rp,CRW02,BD-PIHPS
2026-10-09,1771,harga_pihps_grosir,35750.0,Rp,DAY01,BD-PIHPS
2026-10-09,1771,harga_pihps_grosir,142500.0,Rp,DSP01,BD-PIHPS
2026-10-09,1771,harga_pihps_grosir,102500.0,Rp,DSP02,BD-PIHPS
2026-10-09,1771,harga_pihps_grosir,19000.0,Rp,GLP01,BD-PIHPS
2026-10-09,1771,harga_pihps_grosir,19000.0,Rp,MGR01,BD-PIHPS
2026-10-09,1771,harga_pihps_grosir,22750.0,Rp,MGR02,BD-PIHPS
2026-10-09,1771,harga_pihps_grosir,22500.0,Rp,MGR03,BD-PIHPS
2026-10-09,1771,harga_pihps_grosir,25100.0,Rp,TLR01,BD-PIHPS
2026-10-09,1771,harga_pihps_modern,15450.0,Rp,BRS01,BD-PIHPS
2026-10-09,1771,harga_pihps_modern,15100.0,Rp,BRS02,BD-PIHPS
2026-10-09,1771,harga_pihps_modern,16350.0,Rp,BRS03,BD-PIHPS
2026-10-09,1771,harga_pihps_modern,16250.0,Rp,BRS04,BD-PIHPS
2026-10-09,1771,harga_pihps_modern,15250.0,Rp,BRS05,BD-PIHPS
2026-10-09,1771,harga_pihps_modern,17700.0,Rp,BRS06,BD-PIHPS
2026-10-09,1771,harga_pihps_modern,57450.0,Rp,BWM01,BD-PIHPS
2026-10-09,1771,harga_pihps_modern,47950.0,Rp,BWP01,BD-PIHPS
2026-10-09,1771,harga_pihps_modern,92950.0,Rp,CMR01,BD-PIHPS
2026-10-09,1771,harga_pihps_modern,69950.0,Rp,CMR02,BD-PIHPS
2026-10-09,1771,harga_pihps_modern,72450.0,Rp,CRW01,BD-PIHPS
2026-10-09,1771,harga_pihps_modern,85450.0,Rp,CRW02,BD-PIHPS
2026-10-09,1771,harga_pihps_modern,47450.0,Rp,DAY01,BD-PIHPS
2026-10-09,1771,harga_pihps_modern,156950.0,Rp,DSP01,BD-PIHPS
2026-10-09,1771,harga_pihps_modern,154950.0,Rp,DSP02,BD-PIHPS
2026-10-09,1771,harga_pihps_modern,17350.0,Rp,GLP01,BD-PIHPS
2026-10-09,1771,harga_pihps_modern,17850.0,Rp,GLP02,BD-PIHPS
2026-10-09,1771,harga_pihps_modern,21350.0,Rp,MGR02,BD-PIHPS
2026-10-09,1771,harga_pihps_modern,24800.0,Rp,MGR03,BD-PIHPS
2026-10-09,1771,harga_pihps_modern,28550.0,Rp,TLR01,BD-PIHPS
2026-10-09,1771,harga_pihps_produsen,14000.0,Rp,BRS02,BD-PIHPS
2026-10-09,1771,harga_pihps_produsen,14400.0,Rp,BRS03,BD-PIHPS
2026-10-09,1771,harga_pihps_produsen,15650.0,Rp,BRS04,BD-PIHPS
2026-10-09,1771,harga_pihps_produsen,16500.0,Rp,BRS06,BD-PIHPS
2026-10-09,1771,harga_pihps_produsen,45000.0,Rp,CMR01,BD-PIHPS
2026-10-09,1771,harga_pihps_produsen,43350.0,Rp,CMR02,BD-PIHPS
2026-10-09,1771,harga_pihps_produsen,40000.0,Rp,CRW01,BD-PIHPS
2026-10-09,1771,harga_pihps_produsen,41000.0,Rp,CRW02,BD-PIHPS
2026-10-09,1771,harga_pihps_produsen,25850.0,Rp,DAY01,BD-PIHPS
2026-10-09,1771,harga_pihps_produsen,150000.0,Rp,DSP01,BD-PIHPS
2026-10-09,1771,harga_pihps_produsen,150000.0,Rp,DSP02,BD-PIHPS
2026-10-09,1771,harga_pihps_produsen,25750.0,Rp,TLR01,BD-PIHPS
