tanggal,kode_pasar,kode_varian,harga,satuan,kode_sumber,petugas,responden,id_klien,waktu_input,catatan
2023-01-02,PHP17,BRS01,10450,kg,BD-PIHPS,,,,,"PIHPS Provinsi Bengkulu (rata-rata pasar tradisional), bukan harga Bengkulu Tengah"
2023-01-02,PHP17,BRS02,12400,kg,BD-PIHPS,,,,,"PIHPS Provinsi Bengkulu (rata-rata pasar tradisional), bukan harga Bengkulu Tengah"
2023-01-02,PHP17,BRS03,12500,kg,BD-PIHPS,,,,,"PIHPS Provinsi Bengkulu (rata-rata pasar tradisional), bukan harga Bengkulu Tengah"
2023-01-02,PHP17,BRS04,12850,kg,BD-PIHPS,,,,,"PIHPS Provinsi Bengkulu (rata-rata pasar tradisional), bukan harga Bengkulu Tengah"
2023-01-02,PHP17,BRS05,13550,kg,BD-PIHPS,,,,,"PIHPS Provinsi Bengkulu (rata-rata pasar tradisional), bukan harga Bengkulu Tengah"
2023-01-02,PHP17,BRS06,13350,kg,BD-PIHPS,,,,,"PIHPS Provinsi Bengkulu (rata-rata pasar tradisional), bukan harga Bengkulu Tengah"
2023-01-02,PHP17,BWM01,36650,kg,BD-PIHPS,,,,,"PIHPS Provinsi Bengkulu (rata-rata pasar tradisional), bukan harga Bengkulu Tengah"
2023-01-02,PHP17,BWP01,27750,kg,BD-PIHPS,,,,,"PIHPS Provinsi Bengkulu (rata-rata pasar tradisional), bukan harga Bengkulu Tengah"
2023-01-02,PHP17,CMR01,30500,kg,BD-PIHPS,,,,,"PIHPS Provinsi Bengkulu (rata-rata pasar tradisional), bukan harga Bengkulu Tengah"
2023-01-02,PHP17,CMR02,34250,kg,BD-PIHPS,,,,,"PIHPS Provinsi Bengkulu (rata-rata pasar tradisional), bukan harga Bengkulu Tengah"
2023-01-02,PHP17,CRW01,48000,kg,BD-PIHPS,,,,,"PIHPS Provinsi Bengkulu (rata-rata pasar tradisional), bukan harga Bengkulu Tengah"
2023-01-02,PHP17,CRW02,39150,kg,BD-PIHPS,,,,,"PIHPS Provinsi Bengkulu (rata-rata pasar tradisional), bukan harga Bengkulu Tengah"
2023-01-02,PHP17,DAY01,37650,kg,BD-PIHPS,,,,,"PIHPS Provinsi Bengkulu (rata-rata pasar tradisional), bukan harga Bengkulu Tengah"
2023-01-02,PHP17,DSP01,137500,kg,BD-PIHPS,,,,,"PIHPS Provinsi Bengkulu (rata-rata pasar tradisional), bukan harga Bengkulu Tengah"
2023-01-02,PHP17,DSP02,137500,kg,BD-PIHPS,,,,,"PIHPS Provinsi Bengkulu (rata-rata pasar tradisional), bukan harga Bengkulu Tengah"
2023-01-02,PHP17,GLP01,13900,kg,BD-PIHPS,,,,,"PIHPS Provinsi Bengkulu (rata-rata pasar tradisional), bukan harga Bengkulu Tengah"
2023-01-02,PHP17,GLP02,14800,kg,BD-PIHPS,,,,,"PIHPS Provinsi Bengkulu (rata-rata pasar tradisional), bukan harga Bengkulu Tengah"
2023-01-02,PHP17,MGR01,14700,liter,BD-PIHPS,,,,,"PIHPS Provinsi Bengkulu (rata-rata pasar tradisional), bukan harga Bengkulu Tengah"
2023-01-02,PHP17,MGR02,21200,liter,BD-PIHPS,,,,,"PIHPS Provinsi Bengkulu (rata-rata pasar tradisional), bukan harga Bengkulu Tengah"
2023-01-02,PHP17,MGR03,17700,liter,BD-PIHPS,,,,,"PIHPS Provinsi Bengkulu (rata-rata pasar tradisional), bukan harga Bengkulu Tengah"
2023-01-02,PHP17,TLR01,30600,kg,BD-PIHPS,,,,,"PIHPS Provinsi Bengkulu (rata-rata pasar tradisional), bukan harga Bengkulu Tengah"
2023-01-03,PHP17,BRS01,10450,kg,BD-PIHPS,,,,,"PIHPS Provinsi Bengkulu (rata-rata pasar tradisional), bukan harga Bengkulu Tengah"
2023-01-03,PHP17,BRS02,12400,kg,BD-PIHPS,,,,,"PIHPS Provinsi Bengkulu (rata-rata pasar tradisional), bukan harga Bengkulu Tengah"
2023-01-03,PHP17,BRS03,12500,kg,BD-PIHPS,,,,,"PIHPS Provinsi Bengkulu (rata-rata pasar tradisional), bukan harga Bengkulu Tengah"
2023-01-03,PHP17,BRS04,12850,kg,BD-PIHPS,,,,,"PIHPS Provinsi Bengkulu (rata-rata pasar tradisional), bukan harga Bengkulu Tengah"
2023-01-03,PHP17,BRS05,13550,kg,BD-PIHPS,,,,,"PIHPS Provinsi Bengkulu (rata-rata pasar tradisional), bukan harga Bengkulu Tengah"
2023-01-03,PHP17,BRS06,13350,kg,BD-PIHPS,,,,,"PIHPS Provinsi Bengkulu (rata-rata pasar tradisional), bukan harga Bengkulu Tengah"
2023-01-03,PHP17,BWM01,36750,kg,BD-PIHPS,,,,,"PIHPS Provinsi Bengkulu (rata-rata pasar tradisional), bukan harga Bengkulu Tengah"
2023-01-03,PHP17,BWP01,27500,kg,BD-PIHPS,,,,,"PIHPS Provinsi Bengkulu (rata-rata pasar tradisional), bukan harga Bengkulu Tengah"
2023-01-03,PHP17,CMR01,32650,kg,BD-PIHPS,,,,,"PIHPS Provinsi Bengkulu (rata-rata pasar tradisional), bukan harga Bengkulu Tengah"
2023-01-03,PHP17,CMR02,36900,kg,BD-PIHPS,,,,,"PIHPS Provinsi Bengkulu (rata-rata pasar tradisional), bukan harga Bengkulu Tengah"
2023-01-03,PHP17,CRW01,48900,kg,BD-PIHPS,,,,,"PIHPS Provinsi Bengkulu (rata-rata pasar tradisional), bukan harga Bengkulu Tengah"
2023-01-03,PHP17,CRW02,39850,kg,BD-PIHPS,,,,,"PIHPS Provinsi Bengkulu (rata-rata pasar tradisional), bukan harga Bengkulu Tengah"
2023-01-03,PHP17,DAY01,37650,kg,BD-PIHPS,,,,,"PIHPS Provinsi Bengkulu (rata-rata pasar tradisional), bukan harga Bengkulu Tengah"
2023-01-03,PHP17,DSP01,137500,kg,BD-PIHPS,,,,,"PIHPS Provinsi Bengkulu (rata-rata pasar tradisional), bukan harga Bengkulu Tengah"
2023-01-03,PHP17,DSP02,137500,kg,BD-PIHPS,,,,,"PIHPS Provinsi Bengkulu (rata-rata pasar tradisional), bukan harga Bengkulu Tengah"
2023-01-03,PHP17,GLP01,13900,kg,BD-PIHPS,,,,,"PIHPS Provinsi Bengkulu (rata-rata pasar tradisional), bukan harga Bengkulu Tengah"
2023-01-03,PHP17,GLP02,14800,kg,BD-PIHPS,,,,,"PIHPS Provinsi Bengkulu (rata-rata pasar tradisional), bukan harga Bengkulu Tengah"
2023-01-03,PHP17,MGR01,14700,liter,BD-PIHPS,,,,,"PIHPS Provinsi Bengkulu (rata-rata pasar tradisional), bukan harga Bengkulu Tengah"
2023-01-03,PHP17,MGR02,21200,liter,BD-PIHPS,,,,,"PIHPS Provinsi Bengkulu (rata-rata pasar tradisional), bukan harga Bengkulu Tengah"
2023-01-03,PHP17,MGR03,17700,liter,BD-PIHPS,,,,,"PIHPS Provinsi Bengkulu (rata-rata pasar tradisional), bukan harga Bengkulu Tengah"
2023-01-03,PHP17,TLR01,30600,kg,BD-PIHPS,,,,,"PIHPS Provinsi Bengkulu (rata-rata pasar tradisional), bukan harga Bengkulu Tengah"
2023-01-04,PHP17,BRS01,10500,kg,BD-PIHPS,,,,,"PIHPS Provinsi Bengkulu (rata-rata pasar tradisional), bukan harga Bengkulu Tengah"
2023-01-04,PHP17,BRS02,12400,kg,BD-PIHPS,,,,,"PIHPS Provinsi Bengkulu (rata-rata pasar tradisional), bukan harga Bengkulu Tengah"
2023-01-04,PHP17,BRS03,12600,kg,BD-PIHPS,,,,,"PIHPS Provinsi Bengkulu (rata-rata pasar tradisional), bukan harga Bengkulu Tengah"
2023-01-04,PHP17,BRS04,12850,kg,BD-PIHPS,,,,,"PIHPS Provinsi Bengkulu (rata-rata pasar tradisional), bukan harga Bengkulu Tengah"
2023-01-04,PHP17,BRS05,13550,kg,BD-PIHPS,,,,,"PIHPS Provinsi Bengkulu (rata-rata pasar tradisional), bukan harga Bengkulu Tengah"
2023-01-04,PHP17,BRS06,13350,kg,BD-PIHPS,,,,,"PIHPS Provinsi Bengkulu (rata-rata pasar tradisional), bukan harga Bengkulu Tengah"
2023-01-04,PHP17,BWM01,36750,kg,BD-PIHPS,,,,,"PIHPS Provinsi Bengkulu (rata-rata pasar tradisional), bukan harga Bengkulu Tengah"
2023-01-04,PHP17,BWP01,27500,kg,BD-PIHPS,,,,,"PIHPS Provinsi Bengkulu (rata-rata pasar tradisional), bukan harga Bengkulu Tengah"
2023-01-04,PHP17,CMR01,34250,kg,BD-PIHPS,,,,,"PIHPS Provinsi Bengkulu (rata-rata pasar tradisional), bukan harga Bengkulu Tengah"
2023-01-04,PHP17,CMR02,39000,kg,BD-PIHPS,,,,,"PIHPS Provinsi Bengkulu (rata-rata pasar tradisional), bukan harga Bengkulu Tengah"
2023-01-04,PHP17,CRW01,50650,kg,BD-PIHPS,,,,,"PIHPS Provinsi Bengkulu (rata-rata pasar tradisional), bukan harga Bengkulu Tengah"
2023-01-04,PHP17,CRW02,40600,kg,BD-PIHPS,,,,,"PIHPS Provinsi Bengkulu (rata-rata pasar tradisional), bukan harga Bengkulu Tengah"
2023-01-04,PHP17,DAY01,37650,kg,BD-PIHPS,,,,,"PIHPS Provinsi Bengkulu (rata-rata pasar tradisional), bukan harga Bengkulu Tengah"
2023-01-04,PHP17,DSP01,137500,kg,BD-PIHPS,,,,,"PIHPS Provinsi Bengkulu (rata-rata pasar tradisional), bukan harga Bengkulu Tengah"
2023-01-04,PHP17,DSP02,137500,kg,BD-PIHPS,,,,,"PIHPS Provinsi Bengkulu (rata-rata pasar tradisional), bukan harga Bengkulu Tengah"
2023-01-04,PHP17,GLP01,13900,kg,BD-PIHPS,,,,,"PIHPS Provinsi Bengkulu (rata-rata pasar tradisional), bukan harga Bengkulu Tengah"
2023-01-04,PHP17,GLP02,14800,kg,BD-PIHPS,,,,,"PIHPS Provinsi Bengkulu (rata-rata pasar tradisional), bukan harga Bengkulu Tengah"
2023-01-04,PHP17,MGR01,14700,liter,BD-PIHPS,,,,,"PIHPS Provinsi Bengkulu (rata-rata pasar tradisional), bukan harga Bengkulu Tengah"
2023-01-04,PHP17,MGR02,21200,liter,BD-PIHPS,,,,,"PIHPS Provinsi Bengkulu (rata-rata pasar tradisional), bukan harga Bengkulu Tengah"
2023-01-04,PHP17,MGR03,17700,liter,BD-PIHPS,,,,,"PIHPS Provinsi Bengkulu (rata-rata pasar tradisional), bukan harga Bengkulu Tengah"
2023-01-04,PHP17,TLR01,30600,kg,BD-PIHPS,,,,,"PIHPS Provinsi Bengkulu (rata-rata pasar tradisional), bukan harga Bengkulu Tengah"
2023-01-05,PHP17,BRS01,10500,kg,BD-PIHPS,,,,,"PIHPS Provinsi Bengkulu (rata-rata pasar tradisional), bukan harga Bengkulu Tengah"
2023-01-05,PHP17,BRS02,12400,kg,BD-PIHPS,,,,,"PIHPS Provinsi Bengkulu (rata-rata pasar tradisional), bukan harga Bengkulu Tengah"
2023-01-05,PHP17,BRS03,12600,kg,BD-PIHPS,,,,,"PIHPS Provinsi Bengkulu (rata-rata pasar tradisional), bukan harga Bengkulu Tengah"
2023-01-05,PHP17,BRS04,12850,kg,BD-PIHPS,,,,,"PIHPS Provinsi Bengkulu (rata-rata pasar tradisional), bukan harga Bengkulu Tengah"
2023-01-05,PHP17,BRS05,13550,kg,BD-PIHPS,,,,,"PIHPS Provinsi Bengkulu (rata-rata pasar tradisional), bukan harga Bengkulu Tengah"
2023-01-05,PHP17,BRS06,13350,kg,BD-PIHPS,,,,,"PIHPS Provinsi Bengkulu (rata-rata pasar tradisional), bukan harga Bengkulu Tengah"
2023-01-05,PHP17,BWM01,35900,kg,BD-PIHPS,,,,,"PIHPS Provinsi Bengkulu (rata-rata pasar tradisional), bukan harga Bengkulu Tengah"
2023-01-05,PHP17,BWP01,27650,kg,BD-PIHPS,,,,,"PIHPS Provinsi Bengkulu (rata-rata pasar tradisional), bukan harga Bengkulu Tengah"
2023-01-05,PHP17,CMR01,34250,kg,BD-PIHPS,,,,,"PIHPS Provinsi Bengkulu (rata-rata pasar tradisional), bukan harga Bengkulu Tengah"
2023-01-05,PHP17,CMR02,39250,kg,BD-PIHPS,,,,,"PIHPS Provinsi Bengkulu (rata-rata pasar tradisional), bukan harga Bengkulu Tengah"
2023-01-05,PHP17,CRW01,52650,kg,BD-PIHPS,,,,,"PIHPS Provinsi Bengkulu (rata-rata pasar tradisional), bukan harga Bengkulu Tengah"
2023-01-05,PHP17,CRW02,41600,kg,BD-PIHPS,,,,,"PIHPS Provinsi Bengkulu (rata-rata pasar tradisional), bukan harga Bengkulu Tengah"
2023-01-05,PHP17,DAY01,36150,kg,BD-PIHPS,,,,,"PIHPS Provinsi Bengkulu (rata-rata pasar tradisional), bukan harga Bengkulu Tengah"
2023-01-05,PHP17,DSP01,137500,kg,BD-PIHPS,,,,,"PIHPS Provinsi Bengkulu (rata-rata pasar tradisional), bukan harga Bengkulu Tengah"
2023-01-05,PHP17,DSP02,137500,kg,BD-PIHPS,,,,,"PIHPS Provinsi Bengkulu (rata-rata pasar tradisional), bukan harga Bengkulu Tengah"
2023-01-05,PHP17,GLP01,13900,kg,BD-PIHPS,,,,,"PIHPS Provinsi Bengkulu (rata-rata pasar tradisional), bukan harga Bengkulu Tengah"
2023-01-05,PHP17,GLP02,14800,kg,BD-PIHPS,,,,,"PIHPS Provinsi Bengkulu (rata-rata pasar tradisional), bukan harga Bengkulu Tengah"
2023-01-05,PHP17,MGR01,14700,liter,BD-PIHPS,,,,,"PIHPS Provinsi Bengkulu (rata-rata pasar tradisional), bukan harga Bengkulu Tengah"
2023-01-05,PHP17,MGR02,21200,liter,BD-PIHPS,,,,,"PIHPS Provinsi Bengkulu (rata-rata pasar tradisional), bukan harga Bengkulu Tengah"
2023-01-05,PHP17,MGR03,17700,liter,BD-PIHPS,,,,,"PIHPS Provinsi Bengkulu (rata-rata pasar tradisional), bukan harga Bengkulu Tengah"
2023-01-05,PHP17,TLR01,30600,kg,BD-PIHPS,,,,,"PIHPS Provinsi Bengkulu (rata-rata pasar tradisional), bukan harga Bengkulu Tengah"
2023-01-06,PHP17,BRS01,10500,kg,BD-PIHPS,,,,,"PIHPS Provinsi Bengkulu (rata-rata pasar tradisional), bukan harga Bengkulu Tengah"
2023-01-06,PHP17,BRS02,12400,kg,BD-PIHPS,,,,,"PIHPS Provinsi Bengkulu (rata-rata pasar tradisional), bukan harga Bengkulu Tengah"
2023-01-06,PHP17,BRS03,12600,kg,BD-PIHPS,,,,,"PIHPS Provinsi Bengkulu (rata-rata pasar tradisional), bukan harga Bengkulu Tengah"
2023-01-06,PHP17,BRS04,12850,kg,BD-PIHPS,,,,,"PIHPS Provinsi Bengkulu (rata-rata pasar tradisional), bukan harga Bengkulu Tengah"
2023-01-06,PHP17,BRS05,13550,kg,BD-PIHPS,,,,,"PIHPS Provinsi Bengkulu (rata-rata pasar tradisional), bukan harga Bengkulu Tengah"
2023-01-06,PHP17,BRS06,13350,kg,BD-PIHPS,,,,,"PIHPS Provinsi Bengkulu (rata-rata pasar tradisional), bukan harga Bengkulu Tengah"
2023-01-06,PHP17,BWM01,35650,kg,BD-PIHPS,,,,,"PIHPS Provinsi Bengkulu (rata-rata pasar tradisional), bukan harga Bengkulu Tengah"
2023-01-06,PHP17,BWP01,27650,kg,BD-PIHPS,,,,,"PIHPS Provinsi Bengkulu (rata-rata pasar tradisional), bukan harga Bengkulu Tengah"
2023-01-06,PHP17,CMR01,34000,kg,BD-PIHPS,,,,,"PIHPS Provinsi Bengkulu (rata-rata pasar tradisional), bukan harga Bengkulu Tengah"
2023-01-06,PHP17,CMR02,39150,kg,BD-PIHPS,,,,,"PIHPS Provinsi Bengkulu (rata-rata pasar tradisional), bukan harga Bengkulu Tengah"
2023-01-06,PHP17,CRW01,54000,kg,BD-PIHPS,,,,,"PIHPS Provinsi Bengkulu (rata-rata pasar tradisional), bukan harga Bengkulu Tengah"
2023-01-06,PHP17,CRW02,42000,kg,BD-PIHPS,,,,,"PIHPS Provinsi Bengkulu (rata-rata pasar tradisional), bukan harga Bengkulu Tengah"
2023-01-06,PHP17,DAY01,35250,kg,BD-PIHPS,,,,,"PIHPS Provinsi Bengkulu (rata-rata pasar tradisional), bukan harga Bengkulu Tengah"
2023-01-06,PHP17,DSP01,137500,kg,BD-PIHPS,,,,,"PIHPS Provinsi Bengkulu (rata-rata pasar tradisional), bukan harga Bengkulu Tengah"
2023-01-06,PHP17,DSP02,137500,kg,BD-PIHPS,,,,,"PIHPS Provinsi Bengkulu (rata-rata pasar tradisional), bukan harga Bengkulu Tengah"
2023-01-06,PHP17,GLP01,13900,kg,BD-PIHPS,,,,,"PIHPS Provinsi Bengkulu (rata-rata pasar tradisional), bukan harga Bengkulu Tengah"
2023-01-06,PHP17,GLP02,14800,kg,BD-PIHPS,,,,,"PIHPS Provinsi Bengkulu (rata-rata pasar tradisional), bukan harga Bengkulu Tengah"
2023-01-06,PHP17,MGR01,14650,liter,BD-PIHPS,,,,,"PIHPS Provinsi Bengkulu (rata-rata pasar tradisional), bukan harga Bengkulu Tengah"
2023-01-06,PHP17,MGR02,21200,liter,BD-PIHPS,,,,,"PIHPS Provinsi Bengkulu (rata-rata pasar tradisional), bukan harga Bengkulu Tengah"
2023-01-06,PHP17,MGR03,17700,liter,BD-PIHPS,,,,,"PIHPS Provinsi Bengkulu (rata-rata pasar tradisional), bukan harga Bengkulu Tengah"
2023-01-06,PHP17,TLR01,30400,kg,BD-PIHPS,,,,,"PIHPS Provinsi Bengkulu (rata-rata pasar tradisional), bukan harga Bengkulu Tengah"
2023-01-09,PHP17,BRS01,10500,kg,BD-PIHPS,,,,,"PIHPS Provinsi Bengkulu (rata-rata pasar tradisional), bukan harga Bengkulu Tengah"
2023-01-09,PHP17,BRS02,12400,kg,BD-PIHPS,,,,,"PIHPS Provinsi Bengkulu (rata-rata pasar tradisional), bukan harga Bengkulu Tengah"
2023-01-09,PHP17,BRS03,12600,kg,BD-PIHPS,,,,,"PIHPS Provinsi Bengkulu (rata-rata pasar tradisional), bukan harga Bengkulu Tengah"
2023-01-09,PHP17,BRS04,12850,kg,BD-PIHPS,,,,,"PIHPS Provinsi Bengkulu (rata-rata pasar tradisional), bukan harga Bengkulu Tengah"
2023-01-09,PHP17,BRS05,13550,kg,BD-PIHPS,,,,,"PIHPS Provinsi Bengkulu (rata-rata pasar tradisional), bukan harga Bengkulu Tengah"
2023-01-09,PHP17,BRS06,13350,kg,BD-PIHPS,,,,,"PIHPS Provinsi Bengkulu (rata-rata pasar tradisional), bukan harga Bengkulu Tengah"
2023-01-09,PHP17,BWM01,35400,kg,BD-PIHPS,,,,,"PIHPS Provinsi Bengkulu (rata-rata pasar tradisional), bukan harga Bengkulu Tengah"
2023-01-09,PHP17,BWP01,27900,kg,BD-PIHPS,,,,,"PIHPS Provinsi Bengkulu (rata-rata pasar tradisional), bukan harga Bengkulu Tengah"
2023-01-09,PHP17,CMR01,36250,kg,BD-PIHPS,,,,,"PIHPS Provinsi Bengkulu (rata-rata pasar tradisional), bukan harga Bengkulu Tengah"
2023-01-09,PHP17,CMR02,42500,kg,BD-PIHPS,,,,,"PIHPS Provinsi Bengkulu (rata-rata pasar tradisional), bukan harga Bengkulu Tengah"
2023-01-09,PHP17,CRW01,53900,kg,BD-PIHPS,,,,,"PIHPS Provinsi Bengkulu (rata-rata pasar tradisional), bukan harga Bengkulu Tengah"
2023-01-09,PHP17,CRW02,42150,kg,BD-PIHPS,,,,,"PIHPS Provinsi Bengkulu (rata-rata pasar tradisional), bukan harga Bengkulu Tengah"
2023-01-09,PHP17,DAY01,34250,kg,BD-PIHPS,,,,,"PIHPS Provinsi Bengkulu (rata-rata pasar tradisional), bukan harga Bengkulu Tengah"
2023-01-09,PHP17,DSP01,137500,kg,BD-PIHPS,,,,,"PIHPS Provinsi Bengkulu (rata-rata pasar tradisional), bukan harga Bengkulu Tengah"
2023-01-09,PHP17,DSP02,137500,kg,BD-PIHPS,,,,,"PIHPS Provinsi Bengkulu (rata-rata pasar tradisional), bukan harga Bengkulu Tengah"
2023-01-09,PHP17,GLP01,13900,kg,BD-PIHPS,,,,,"PIHPS Provinsi Bengkulu (rata-rata pasar tradisional), bukan harga Bengkulu Tengah"
2023-01-09,PHP17,GLP02,14800,kg,BD-PIHPS,,,,,"PIHPS Provinsi Bengkulu (rata-rata pasar tradisional), bukan harga Bengkulu Tengah"
2023-01-09,PHP17,MGR01,14650,liter,BD-PIHPS,,,,,"PIHPS Provinsi Bengkulu (rata-rata pasar tradisional), bukan harga Bengkulu Tengah"
2023-01-09,PHP17,MGR02,21200,liter,BD-PIHPS,,,,,"PIHPS Provinsi Bengkulu (rata-rata pasar tradisional), bukan harga Bengkulu Tengah"
2023-01-09,PHP17,MGR03,17700,liter,BD-PIHPS,,,,,"PIHPS Provinsi Bengkulu (rata-rata pasar tradisional), bukan harga Bengkulu Tengah"
2023-01-09,PHP17,TLR01,30400,kg,BD-PIHPS,,,,,"PIHPS Provinsi Bengkulu (rata-rata pasar tradisional), bukan harga Bengkulu Tengah"
2023-01-10,PHP17,BRS01,10500,kg,BD-PIHPS,,,,,"PIHPS Provinsi Bengkulu (rata-rata pasar tradisional), bukan harga Bengkulu Tengah"
2023-01-10,PHP17,BRS02,12400,kg,BD-PIHPS,,,,,"PIHPS Provinsi Bengkulu (rata-rata pasar tradisional), bukan harga Bengkulu Tengah"
2023-01-10,PHP17,BRS03,12600,kg,BD-PIHPS,,,,,"PIHPS Provinsi Bengkulu (rata-rata pasar tradisional), bukan harga Bengkulu Tengah"
2023-01-10,PHP17,BRS04,12850,kg,BD-PIHPS,,,,,"PIHPS Provinsi Bengkulu (rata-rata pasar tradisional), bukan harga Bengkulu Tengah"
2023-01-10,PHP17,BRS05,13550,kg,BD-PIHPS,,,,,"PIHPS Provinsi Bengkulu (rata-rata pasar tradisional), bukan harga Bengkulu Tengah"
2023-01-10,PHP17,BRS06,13350,kg,BD-PIHPS,,,,,"PIHPS Provinsi Bengkulu (rata-rata pasar tradisional), bukan harga Bengkulu Tengah"
2023-01-10,PHP17,BWM01,35400,kg,BD-PIHPS,,,,,"PIHPS Provinsi Bengkulu (rata-rata pasar tradisional), bukan harga Bengkulu Tengah"
2023-01-10,PHP17,BWP01,28150,kg,BD-PIHPS,,,,,"PIHPS Provinsi Bengkulu (rata-rata pasar tradisional), bukan harga Bengkulu Tengah"
2023-01-10,PHP17,CMR01,39750,kg,BD-PIHPS,,,,,"PIHPS Provinsi Bengkulu (rata-rata pasar tradisional), bukan harga Bengkulu Tengah"
2023-01-10,PHP17,CMR02,46000,kg,BD-PIHPS,,,,,"PIHPS Provinsi Bengkulu (rata-rata pasar tradisional), bukan harga Bengkulu Tengah"
2023-01-10,PHP17,CRW01,53400,kg,BD-PIHPS,,,,,"PIHPS Provinsi Bengkulu (rata-rata pasar tradisional), bukan harga Bengkulu Tengah"
2023-01-10,PHP17,CRW02,43400,kg,BD-PIHPS,,,,,"PIHPS Provinsi Bengkulu (rata-rata pasar tradisional), bukan harga Bengkulu Tengah"
2023-01-10,PHP17,DAY01,34250,kg,BD-PIHPS,,,,,"PIHPS Provinsi Bengkulu (rata-rata pasar tradisional), bukan harga Bengkulu Tengah"
2023-01-10,PHP17,DSP01,137500,kg,BD-PIHPS,,,,,"PIHPS Provinsi Bengkulu (rata-rata pasar tradisional), bukan harga Bengkulu Tengah"
2023-01-10,PHP17,DSP02,137500,kg,BD-PIHPS,,,,,"PIHPS Provinsi Bengkulu (rata-rata pasar tradisional), bukan harga Bengkulu Tengah"
2023-01-10,PHP17,GLP01,13900,kg,BD-PIHPS,,,,,"PIHPS Provinsi Bengkulu (rata-rata pasar tradisional), bukan harga Bengkulu Tengah"
2023-01-10,PHP17,GLP02,14800,kg,BD-PIHPS,,,,,"PIHPS Provinsi Bengkulu (rata-rata pasar tradisional), bukan harga Bengkulu Tengah"
2023-01-10,PHP17,MGR01,14650,liter,BD-PIHPS,,,,,"PIHPS Provinsi Bengkulu (rata-rata pasar tradisional), bukan harga Bengkulu Tengah"
2023-01-10,PHP17,MGR02,21200,liter,BD-PIHPS,,,,,"PIHPS Provinsi Bengkulu (rata-rata pasar tradisional), bukan harga Bengkulu Tengah"
2023-01-10,PHP17,MGR03,17700,liter,BD-PIHPS,,,,,"PIHPS Provinsi Bengkulu (rata-rata pasar tradisional), bukan harga Bengkulu Tengah"
2023-01-10,PHP17,TLR01,30400,kg,BD-PIHPS,,,,,"PIHPS Provinsi Bengkulu (rata-rata pasar tradisional), bukan harga Bengkulu Tengah"
2023-01-11,PHP17,BRS01,10500,kg,BD-PIHPS,,,,,"PIHPS Provinsi Bengkulu (rata-rata pasar tradisional), bukan harga Bengkulu Tengah"
2023-01-11,PHP17,BRS02,12400,kg,BD-PIHPS,,,,,"PIHPS Provinsi Bengkulu (rata-rata pasar tradisional), bukan harga Bengkulu Tengah"
2023-01-11,PHP17,BRS03,12600,kg,BD-PIHPS,,,,,"PIHPS Provinsi Bengkulu (rata-rata pasar tradisional), bukan harga Bengkulu Tengah"
2023-01-11,PHP17,BRS04,12850,kg,BD-PIHPS,,,,,"PIHPS Provinsi Bengkulu (rata-rata pasar tradisional), bukan harga Bengkulu Tengah"
2023-01-11,PHP17,BRS05,13550,kg,BD-PIHPS,,,,,"PIHPS Provinsi Bengkulu (rata-rata pasar tradisional), bukan harga Bengkulu Tengah"
2023-01-11,PHP17,BRS06,13350,kg,BD-PIHPS,,,,,"PIHPS Provinsi Bengkulu (rata-rata pasar tradisional), bukan harga Bengkulu Tengah"
2023-01-11,PHP17,BWM01,35900,kg,BD-PIHPS,,,,,"PIHPS Provinsi Bengkulu (rata-rata pasar tradisional), bukan harga Bengkulu Tengah"
2023-01-11,PHP17,BWP01,27650,kg,BD-PIHPS,,,,,"PIHPS Provinsi Bengkulu (rata-rata pasar tradisional), bukan harga Bengkulu Tengah"
2023-01-11,PHP17,CMR01,39750,kg,BD-PIHPS,,,,,"PIHPS Provinsi Bengkulu (rata-rata pasar tradisional), bukan harga Bengkulu Tengah"
2023-01-11,PHP17,CMR02,45900,kg,BD-PIHPS,,,,,"PIHPS Provinsi Bengkulu (rata-rata pasar tradisional), bukan harga Bengkulu Tengah"
2023-01-11,PHP17,CRW01,52400,kg,BD-PIHPS,,,,,"PIHPS Provinsi Bengkulu (rata-rata pasar tradisional), bukan harga Bengkulu Tengah"
2023-01-11,PHP17,CRW02,44950,kg,BD-PIHPS,,,,,"PIHPS Provinsi Bengkulu (rata-rata pasar tradisional), bukan harga Bengkulu Tengah"
2023-01-11,PHP17,DAY01,33000,kg,BD-PIHPS,,,,,"PIHPS Provinsi Bengkulu (rata-rata pasar tradisional), bukan harga Bengkulu Tengah"
2023-01-11,PHP17,DSP01,137500,kg,BD-PIHPS,,,,,"PIHPS Provinsi Bengkulu (rata-rata pasar tradisional), bukan harga Bengkulu Tengah"
2023-01-11,PHP17,DSP02,137500,kg,BD-PIHPS,,,,,"PIHPS Provinsi Bengkulu (rata-rata pasar tradisional), bukan harga Bengkulu Tengah"
2023-01-11,PHP17,GLP01,13900,kg,BD-PIHPS,,,,,"PIHPS Provinsi Bengkulu (rata-rata pasar tradisional), bukan harga Bengkulu Tengah"
2023-01-11,PHP17,GLP02,14800,kg,BD-PIHPS,,,,,"PIHPS Provinsi Bengkulu (rata-rata pasar tradisional), bukan harga Bengkulu Tengah"
2023-01-11,PHP17,MGR01,14650,liter,BD-PIHPS,,,,,"PIHPS Provinsi Bengkulu (rata-rata pasar tradisional), bukan harga Bengkulu Tengah"
2023-01-11,PHP17,MGR02,21200,liter,BD-PIHPS,,,,,"PIHPS Provinsi Bengkulu (rata-rata pasar tradisional), bukan harga Bengkulu Tengah"
2023-01-11,PHP17,MGR03,17700,liter,BD-PIHPS,,,,,"PIHPS Provinsi Bengkulu (rata-rata pasar tradisional), bukan harga Bengkulu Tengah"
2023-01-11,PHP17,TLR01,30400,kg,BD-PIHPS,,,,,"PIHPS Provinsi Bengkulu (rata-rata pasar tradisional), bukan harga Bengkulu Tengah"
2023-01-12,PHP17,BRS01,10500,kg,BD-PIHPS,,,,,"PIHPS Provinsi Bengkulu (rata-rata pasar tradisional), bukan harga Bengkulu Tengah"
2023-01-12,PHP17,BRS02,12400,kg,BD-PIHPS,,,,,"PIHPS Provinsi Bengkulu (rata-rata pasar tradisional), bukan harga Bengkulu Tengah"
2023-01-12,PHP17,BRS03,12600,kg,BD-PIHPS,,,,,"PIHPS Provinsi Bengkulu (rata-rata pasar tradisional), bukan harga Bengkulu Tengah"
2023-01-12,PHP17,BRS04,12850,kg,BD-PIHPS,,,,,"PIHPS Provinsi Bengkulu (rata-rata pasar tradisional), bukan harga Bengkulu Tengah"
2023-01-12,PHP17,BRS05,13550,kg,BD-PIHPS,,,,,"PIHPS Provinsi Bengkulu (rata-rata pasar tradisional), bukan harga Bengkulu Tengah"
2023-01-12,PHP17,BRS06,13350,kg,BD-PIHPS,,,,,"PIHPS Provinsi Bengkulu (rata-rata pasar tradisional), bukan harga Bengkulu Tengah"
2023-01-12,PHP17,BWM01,38900,kg,BD-PIHPS,,,,,"PIHPS Provinsi Bengkulu (rata-rata pasar tradisional), bukan harga Bengkulu Tengah"
2023-01-12,PHP17,BWP01,27250,kg,BD-PIHPS,,,,,"PIHPS Provinsi Bengkulu (rata-rata pasar tradisional), bukan harga Bengkulu Tengah"
2023-01-12,PHP17,CMR01,40750,kg,BD-PIHPS,,,,,"PIHPS Provinsi Bengkulu (rata-rata pasar tradisional), bukan harga Bengkulu Tengah"
2023-01-12,PHP17,CMR02,46250,kg,BD-PIHPS,,,,,"PIHPS Provinsi Bengkulu (rata-rata pasar tradisional), bukan harga Bengkulu Tengah"
2023-01-12,PHP17,CRW01,51250,kg,BD-PIHPS,,,,,"PIHPS Provinsi Bengkulu (rata-rata pasar tradisional), bukan harga Bengkulu Tengah"
2023-01-12,PHP17,CRW02,46850,kg,BD-PIHPS,,,,,"PIHPS Provinsi Bengkulu (rata-rata pasar tradisional), bukan harga Bengkulu Tengah"
2023-01-12,PHP17,DAY01,32150,kg,BD-PIHPS,,,,,"PIHPS Provinsi Bengkulu (rata-rata pasar tradisional), bukan harga Bengkulu Tengah"
2023-01-12,PHP17,DSP01,137500,kg,BD-PIHPS,,,,,"PIHPS Provinsi Bengkulu (rata-rata pasar tradisional), bukan harga Bengkulu Tengah"
2023-01-12,PHP17,DSP02,137500,kg,BD-PIHPS,,,,,"PIHPS Provinsi Bengkulu (rata-rata pasar tradisional), bukan harga Bengkulu Tengah"
2023-01-12,PHP17,GLP01,13900,kg,BD-PIHPS,,,,,"PIHPS Provinsi Bengkulu (rata-rata pasar tradisional), bukan harga Bengkulu Tengah"
2023-01-12,PHP17,GLP02,14800,kg,BD-PIHPS,,,,,"PIHPS Provinsi Bengkulu (rata-rata pasar tradisional), bukan harga Bengkulu Tengah"
2023-01-12,PHP17,MGR01,14650,liter,BD-PIHPS,,,,,"PIHPS Provinsi Bengkulu (rata-rata pasar tradisional), bukan harga Bengkulu Tengah"
2023-01-12,PHP17,MGR02,21200,liter,BD-PIHPS,,,,,"PIHPS Provinsi Bengkulu (rata-rata pasar tradisional), bukan harga Bengkulu Tengah"
2023-01-12,PHP17,MGR03,17700,liter,BD-PIHPS,,,,,"PIHPS Provinsi Bengkulu (rata-rata pasar tradisional), bukan harga Bengkulu Tengah"
2023-01-12,PHP17,TLR01,30200,kg,BD-PIHPS,,,,,"PIHPS Provinsi Bengkulu (rata-rata pasar tradisional), bukan harga Bengkulu Tengah"
2023-01-13,PHP17,BRS01,10500,kg,BD-PIHPS,,,,,"PIHPS Provinsi Bengkulu (rata-rata pasar tradisional), bukan harga Bengkulu Tengah"
2023-01-13,PHP17,BRS02,12400,kg,BD-PIHPS,,,,,"PIHPS Provinsi Bengkulu (rata-rata pasar tradisional), bukan harga Bengkulu Tengah"
2023-01-13,PHP17,BRS03,12600,kg,BD-PIHPS,,,,,"PIHPS Provinsi Bengkulu (rata-rata pasar tradisional), bukan harga Bengkulu Tengah"
2023-01-13,PHP17,BRS04,12850,kg,BD-PIHPS,,,,,"PIHPS Provinsi Bengkulu (rata-rata pasar tradisional), bukan harga Bengkulu Tengah"
2023-01-13,PHP17,BRS05,13550,kg,BD-PIHPS,,,,,"PIHPS Provinsi Bengkulu (rata-rata pasar tradisional), bukan harga Bengkulu Tengah"
2023-01-13,PHP17,BRS06,13350,kg,BD-PIHPS,,,,,"PIHPS Provinsi Bengkulu (rata-rata pasar tradisional), bukan harga Bengkulu Tengah"
2023-01-13,PHP17,BWM01,39750,kg,BD-PIHPS,,,,,"PIHPS Provinsi Bengkulu (rata-rata pasar tradisional), bukan harga Bengkulu Tengah"
2023-01-13,PHP17,BWP01,27250,kg,BD-PIHPS,,,,,"PIHPS Provinsi Bengkulu (rata-rata pasar tradisional), bukan harga Bengkulu Tengah"
2023-01-13,PHP17,CMR01,40500,kg,BD-PIHPS,,,,,"PIHPS Provinsi Bengkulu (rata-rata pasar tradisional), bukan harga Bengkulu Tengah"
2023-01-13,PHP17,CMR02,45000,kg,BD-PIHPS,,,,,"PIHPS Provinsi Bengkulu (rata-rata pasar tradisional), bukan harga Bengkulu Tengah"
2023-01-13,PHP17,CRW01,51900,kg,BD-PIHPS,,,,,"PIHPS Provinsi Bengkulu (rata-rata pasar tradisional), bukan harga Bengkulu Tengah"
2023-01-13,PHP17,CRW02,45750,kg,BD-PIHPS,,,,,"PIHPS Provinsi Bengkulu (rata-rata pasar tradisional), bukan harga Bengkulu Tengah"
2023-01-13,PHP17,DAY01,30400,kg,BD-PIHPS,,,,,"PIHPS Provinsi Bengkulu (rata-rata pasar tradisional), bukan harga Bengkulu Tengah"
2023-01-13,PHP17,DSP01,137500,kg,BD-PIHPS,,,,,"PIHPS Provinsi Bengkulu (rata-rata pasar tradisional), bukan harga Bengkulu Tengah"
2023-01-13,PHP17,DSP02,137500,kg,BD-PIHPS,,,,,"PIHPS Provinsi Bengkulu (rata-rata pasar tradisional), bukan harga Bengkulu Tengah"
2023-01-13,PHP17,GLP01,13900,kg,BD-PIHPS,,,,,"PIHPS Provinsi Bengkulu (rata-rata pasar tradisional), bukan harga Bengkulu Tengah"
2023-01-13,PHP17,GLP02,14800,kg,BD-PIHPS,,,,,"PIHPS Provinsi Bengkulu (rata-rata pasar tradisional), bukan harga Bengkulu Tengah"
2023-01-13,PHP17,MGR01,14650,liter,BD-PIHPS,,,,,"PIHPS Provinsi Bengkulu (rata-rata pasar tradisional), bukan harga Bengkulu Tengah"
2023-01-13,PHP17,MGR02,21200,liter,BD-PIHPS,,,,,"PIHPS Provinsi Bengkulu (rata-rata pasar tradisional), bukan harga Bengkulu Tengah"
2023-01-13,PHP17,MGR03,17700,liter,BD-PIHPS,,,,,"PIHPS Provinsi Bengkulu (rata-rata pasar tradisional), bukan harga Bengkulu Tengah"
2023-01-13,PHP17,TLR01,30200,kg,BD-PIHPS,,,,,"PIHPS Provinsi Bengkulu (rata-rata pasar tradisional), bukan harga Bengkulu Tengah"
2023-01-16,PHP17,BRS01,10500,kg,BD-PIHPS,,,,,"PIHPS Provinsi Bengkulu (rata-rata pasar tradisional), bukan harga Bengkulu Tengah"
2023-01-16,PHP17,BRS02,12400,kg,BD-PIHPS,,,,,"PIHPS Provinsi Bengkulu (rata-rata pasar tradisional), bukan harga Bengkulu Tengah"
2023-01-16,PHP17,BRS03,12600,kg,BD-PIHPS,,,,,"PIHPS Provinsi Bengkulu (rata-rata pasar tradisional), bukan harga Bengkulu Tengah"
2023-01-16,PHP17,BRS04,12850,kg,BD-PIHPS,,,,,"PIHPS Provinsi Bengkulu (rata-rata pasar tradisional), bukan harga Bengkulu Tengah"
2023-01-16,PHP17,BRS05,13550,kg,BD-PIHPS,,,,,"PIHPS Provinsi Bengkulu (rata-rata pasar tradisional), bukan harga Bengkulu Tengah"
2023-01-16,PHP17,BRS06,13350,kg,BD-PIHPS,,,,,"PIHPS Provinsi Bengkulu (rata-rata pasar tradisional), bukan harga Bengkulu Tengah"
2023-01-16,PHP17,BWM01,40150,kg,BD-PIHPS,,,,,"PIHPS Provinsi Bengkulu (rata-rata pasar tradisional), bukan harga Bengkulu Tengah"
2023-01-16,PHP17,BWP01,27250,kg,BD-PIHPS,,,,,"PIHPS Provinsi Bengkulu (rata-rata pasar tradisional), bukan harga Bengkulu Tengah"
2023-01-16,PHP17,CMR01,37900,kg,BD-PIHPS,,,,,"PIHPS Provinsi Bengkulu (rata-rata pasar tradisional), bukan harga Bengkulu Tengah"
2023-01-16,PHP17,CMR02,42650,kg,BD-PIHPS,,,,,"PIHPS Provinsi Bengkulu (rata-rata pasar tradisional), bukan harga Bengkulu Tengah"
2023-01-16,PHP17,CRW01,50900,kg,BD-PIHPS,,,,,"PIHPS Provinsi Bengkulu (rata-rata pasar tradisional), bukan harga Bengkulu Tengah"
2023-01-16,PHP17,CRW02,44700,kg,BD-PIHPS,,,,,"PIHPS Provinsi Bengkulu (rata-rata pasar tradisional), bukan harga Bengkulu Tengah"
2023-01-16,PHP17,DAY01,29900,kg,BD-PIHPS,,,,,"PIHPS Provinsi Bengkulu (rata-rata pasar tradisional), bukan harga Bengkulu Tengah"
2023-01-16,PHP17,DSP01,137500,kg,BD-PIHPS,,,,,"PIHPS Provinsi Bengkulu (rata-rata pasar tradisional), bukan harga Bengkulu Tengah"
2023-01-16,PHP17,DSP02,137500,kg,BD-PIHPS,,,,,"PIHPS Provinsi Bengkulu (rata-rata pasar tradisional), bukan harga Bengkulu Tengah"
2023-01-16,PHP17,GLP01,13900,kg,BD-PIHPS,,,,,"PIHPS Provinsi Bengkulu (rata-rata pasar tradisional), bukan harga Bengkulu Tengah"
2023-01-16,PHP17,GLP02,14800,kg,BD-PIHPS,,,,,"PIHPS Provinsi Bengkulu (rata-rata pasar tradisional), bukan harga Bengkulu Tengah"
2023-01-16,PHP17,MGR01,14650,liter,BD-PIHPS,,,,,"PIHPS Provinsi Bengkulu (rata-rata pasar tradisional), bukan harga Bengkulu Tengah"
2023-01-16,PHP17,MGR02,21200,liter,BD-PIHPS,,,,,"PIHPS Provinsi Bengkulu (rata-rata pasar tradisional), bukan harga Bengkulu Tengah"
2023-01-16,PHP17,MGR03,17700,liter,BD-PIHPS,,,,,"PIHPS Provinsi Bengkulu (rata-rata pasar tradisional), bukan harga Bengkulu Tengah"
2023-01-16,PHP17,TLR01,30200,kg,BD-PIHPS,,,,,"PIHPS Provinsi Bengkulu (rata-rata pasar tradisional), bukan harga Bengkulu Tengah"
2023-01-17,PHP17,BRS01,10500,kg,BD-PIHPS,,,,,"PIHPS Provinsi Bengkulu (rata-rata pasar tradisional), bukan harga Bengkulu Tengah"
2023-01-17,PHP17,BRS02,12400,kg,BD-PIHPS,,,,,"PIHPS Provinsi Bengkulu (rata-rata pasar tradisional), bukan harga Bengkulu Tengah"
2023-01-17,PHP17,BRS03,12600,kg,BD-PIHPS,,,,,"PIHPS Provinsi Bengkulu (rata-rata pasar tradisional), bukan harga Bengkulu Tengah"
2023-01-17,PHP17,BRS04,12850,kg,BD-PIHPS,,,,,"PIHPS Provinsi Bengkulu (rata-rata pasar tradisional), bukan harga Bengkulu Tengah"
2023-01-17,PHP17,BRS05,13550,kg,BD-PIHPS,,,,,"PIHPS Provinsi Bengkulu (rata-rata pasar tradisional), bukan harga Bengkulu Tengah"
2023-01-17,PHP17,BRS06,13350,kg,BD-PIHPS,,,,,"PIHPS Provinsi Bengkulu (rata-rata pasar tradisional), bukan harga Bengkulu Tengah"
2023-01-17,PHP17,BWM01,41500,kg,BD-PIHPS,,,,,"PIHPS Provinsi Bengkulu (rata-rata pasar tradisional), bukan harga Bengkulu Tengah"
2023-01-17,PHP17,BWP01,27750,kg,BD-PIHPS,,,,,"PIHPS Provinsi Bengkulu (rata-rata pasar tradisional), bukan harga Bengkulu Tengah"
2023-01-17,PHP17,CMR01,36150,kg,BD-PIHPS,,,,,"PIHPS Provinsi Bengkulu (rata-rata pasar tradisional), bukan harga Bengkulu Tengah"
2023-01-17,PHP17,CMR02,40900,kg,BD-PIHPS,,,,,"PIHPS Provinsi Bengkulu (rata-rata pasar tradisional), bukan harga Bengkulu Tengah"
2023-01-17,PHP17,CRW01,48500,kg,BD-PIHPS,,,,,"PIHPS Provinsi Bengkulu (rata-rata pasar tradisional), bukan harga Bengkulu Tengah"
2023-01-17,PHP17,CRW02,42750,kg,BD-PIHPS,,,,,"PIHPS Provinsi Bengkulu (rata-rata pasar tradisional), bukan harga Bengkulu Tengah"
2023-01-17,PHP17,DAY01,29900,kg,BD-PIHPS,,,,,"PIHPS Provinsi Bengkulu (rata-rata pasar tradisional), bukan harga Bengkulu Tengah"
2023-01-17,PHP17,DSP01,137500,kg,BD-PIHPS,,,,,"PIHPS Provinsi Bengkulu (rata-rata pasar tradisional), bukan harga Bengkulu Tengah"
2023-01-17,PHP17,DSP02,137500,kg,BD-PIHPS,,,,,"PIHPS Provinsi Bengkulu (rata-rata pasar tradisional), bukan harga Bengkulu Tengah"
2023-01-17,PHP17,GLP01,13900,kg,BD-PIHPS,,,,,"PIHPS Provinsi Bengkulu (rata-rata pasar tradisional), bukan harga Bengkulu Tengah"
2023-01-17,PHP17,GLP02,14800,kg,BD-PIHPS,,,,,"PIHPS Provinsi Bengkulu (rata-rata pasar tradisional), bukan harga Bengkulu Tengah"
2023-01-17,PHP17,MGR01,14650,liter,BD-PIHPS,,,,,"PIHPS Provinsi Bengkulu (rata-rata pasar tradisional), bukan harga Bengkulu Tengah"
2023-01-17,PHP17,MGR02,21200,liter,BD-PIHPS,,,,,"PIHPS Provinsi Bengkulu (rata-rata pasar tradisional), bukan harga Bengkulu Tengah"
2023-01-17,PHP17,MGR03,17700,liter,BD-PIHPS,,,,,"PIHPS Provinsi Bengkulu (rata-rata pasar tradisional), bukan harga Bengkulu Tengah"
2023-01-17,PHP17,TLR01,30200,kg,BD-PIHPS,,,,,"PIHPS Provinsi Bengkulu (rata-rata pasar tradisional), bukan harga Bengkulu Tengah"
2023-01-18,PHP17,BRS01,10550,kg,BD-PIHPS,,,,,"PIHPS Provinsi Bengkulu (rata-rata pasar tradisional), bukan harga Bengkulu Tengah"
2023-01-18,PHP17,BRS02,12400,kg,BD-PIHPS,,,,,"PIHPS Provinsi Bengkulu (rata-rata pasar tradisional), bukan harga Bengkulu Tengah"
2023-01-18,PHP17,BRS03,12600,kg,BD-PIHPS,,,,,"PIHPS Provinsi Bengkulu (rata-rata pasar tradisional), bukan harga Bengkulu Tengah"
2023-01-18,PHP17,BRS04,12850,kg,BD-PIHPS,,,,,"PIHPS Provinsi Bengkulu (rata-rata pasar tradisional), bukan harga Bengkulu Tengah"
2023-01-18,PHP17,BRS05,13550,kg,BD-PIHPS,,,,,"PIHPS Provinsi Bengkulu (rata-rata pasar tradisional), bukan harga Bengkulu Tengah"
2023-01-18,PHP17,BRS06,13350,kg,BD-PIHPS,,,,,"PIHPS Provinsi Bengkulu (rata-rata pasar tradisional), bukan harga Bengkulu Tengah"
2023-01-18,PHP17,BWM01,41900,kg,BD-PIHPS,,,,,"PIHPS Provinsi Bengkulu (rata-rata pasar tradisional), bukan harga Bengkulu Tengah"
2023-01-18,PHP17,BWP01,28250,kg,BD-PIHPS,,,,,"PIHPS Provinsi Bengkulu (rata-rata pasar tradisional), bukan harga Bengkulu Tengah"
2023-01-18,PHP17,CMR01,34500,kg,BD-PIHPS,,,,,"PIHPS Provinsi Bengkulu (rata-rata pasar tradisional), bukan harga Bengkulu Tengah"
2023-01-18,PHP17,CMR02,40650,kg,BD-PIHPS,,,,,"PIHPS Provinsi Bengkulu (rata-rata pasar tradisional), bukan harga Bengkulu Tengah"
2023-01-18,PHP17,CRW01,47500,kg,BD-PIHPS,,,,,"PIHPS Provinsi Bengkulu (rata-rata pasar tradisional), bukan harga Bengkulu Tengah"
2023-01-18,PHP17,CRW02,40950,kg,BD-PIHPS,,,,,"PIHPS Provinsi Bengkulu (rata-rata pasar tradisional), bukan harga Bengkulu Tengah"
2023-01-18,PHP17,DAY01,29900,kg,BD-PIHPS,,,,,"PIHPS Provinsi Bengkulu (rata-rata pasar tradisional), bukan harga Bengkulu Tengah"
2023-01-18,PHP17,DSP01,137500,kg,BD-PIHPS,,,,,"PIHPS Provinsi Bengkulu (rata-rata pasar tradisional), bukan harga Bengkulu Tengah"
2023-01-18,PHP17,DSP02,137500,kg,BD-PIHPS,,,,,"PIHPS Provinsi Bengkulu (rata-rata pasar tradisional), bukan harga Bengkulu Tengah"
2023-01-18,PHP17,GLP01,13900,kg,BD-PIHPS,,,,,"PIHPS Provinsi Bengkulu (rata-rata pasar tradisional), bukan harga Bengkulu Tengah"
2023-01-18,PHP17,GLP02,14800,kg,BD-PIHPS,,,,,"PIHPS Provinsi Bengkulu (rata-rata pasar tradisional), bukan harga Bengkulu Tengah"
2023-01-18,PHP17,MGR01,14650,liter,BD-PIHPS,,,,,"PIHPS Provinsi Bengkulu (rata-rata pasar tradisional), bukan harga Bengkulu Tengah"
2023-01-18,PHP17,MGR02,21200,liter,BD-PIHPS,,,,,"PIHPS Provinsi Bengkulu (rata-rata pasar tradisional), bukan harga Bengkulu Tengah"
2023-01-18,PHP17,MGR03,17700,liter,BD-PIHPS,,,,,"PIHPS Provinsi Bengkulu (rata-rata pasar tradisional), bukan harga Bengkulu Tengah"
2023-01-18,PHP17,TLR01,29950,kg,BD-PIHPS,,,,,"PIHPS Provinsi Bengkulu (rata-rata pasar tradisional), bukan harga Bengkulu Tengah"
2023-01-19,PHP17,BRS01,10550,kg,BD-PIHPS,,,,,"PIHPS Provinsi Bengkulu (rata-rata pasar tradisional), bukan harga Bengkulu Tengah"
2023-01-19,PHP17,BRS02,12400,kg,BD-PIHPS,,,,,"PIHPS Provinsi Bengkulu (rata-rata pasar tradisional), bukan harga Bengkulu Tengah"
2023-01-19,PHP17,BRS03,12600,kg,BD-PIHPS,,,,,"PIHPS Provinsi Bengkulu (rata-rata pasar tradisional), bukan harga Bengkulu Tengah"
2023-01-19,PHP17,BRS04,12850,kg,BD-PIHPS,,,,,"PIHPS Provinsi Bengkulu (rata-rata pasar tradisional), bukan harga Bengkulu Tengah"
2023-01-19,PHP17,BRS05,13550,kg,BD-PIHPS,,,,,"PIHPS Provinsi Bengkulu (rata-rata pasar tradisional), bukan harga Bengkulu Tengah"
2023-01-19,PHP17,BRS06,13350,kg,BD-PIHPS,,,,,"PIHPS Provinsi Bengkulu (rata-rata pasar tradisional), bukan harga Bengkulu Tengah"
2023-01-19,PHP17,BWM01,42900,kg,BD-PIHPS,,,,,"PIHPS Provinsi Bengkulu (rata-rata pasar tradisional), bukan harga Bengkulu Tengah"
2023-01-19,PHP17,BWP01,28900,kg,BD-PIHPS,,,,,"PIHPS Provinsi Bengkulu (rata-rata pasar tradisional), bukan harga Bengkulu Tengah"
2023-01-19,PHP17,CMR01,33250,kg,BD-PIHPS,,,,,"PIHPS Provinsi Bengkulu (rata-rata pasar tradisional), bukan harga Bengkulu Tengah"
2023-01-19,PHP17,CMR02,38900,kg,BD-PIHPS,,,,,"PIHPS Provinsi Bengkulu (rata-rata pasar tradisional), bukan harga Bengkulu Tengah"
2023-01-19,PHP17,CRW01,47250,kg,BD-PIHPS,,,,,"PIHPS Provinsi Bengkulu (rata-rata pasar tradisional), bukan harga Bengkulu Tengah"
2023-01-19,PHP17,CRW02,39950,kg,BD-PIHPS,,,,,"PIHPS Provinsi Bengkulu (rata-rata pasar tradisional), bukan harga Bengkulu Tengah"
2023-01-19,PHP17,DAY01,28650,kg,BD-PIHPS,,,,,"PIHPS Provinsi Bengkulu (rata-rata pasar tradisional), bukan harga Bengkulu Tengah"
2023-01-19,PHP17,DSP01,137500,kg,BD-PIHPS,,,,,"PIHPS Provinsi Bengkulu (rata-rata pasar tradisional), bukan harga Bengkulu Tengah"
2023-01-19,PHP17,DSP02,137500,kg,BD-PIHPS,,,,,"PIHPS Provinsi Bengkulu (rata-rata pasar tradisional), bukan harga Bengkulu Tengah"
2023-01-19,PHP17,GLP01,13900,kg,BD-PIHPS,,,,,"PIHPS Provinsi Bengkulu (rata-rata pasar tradisional), bukan harga Bengkulu Tengah"
2023-01-19,PHP17,GLP02,14800,kg,BD-PIHPS,,,,,"PIHPS Provinsi Bengkulu (rata-rata pasar tradisional), bukan harga Bengkulu Tengah"
2023-01-19,PHP17,MGR01,14650,liter,BD-PIHPS,,,,,"PIHPS Provinsi Bengkulu (rata-rata pasar tradisional), bukan harga Bengkulu Tengah"
2023-01-19,PHP17,MGR02,21200,liter,BD-PIHPS,,,,,"PIHPS Provinsi Bengkulu (rata-rata pasar tradisional), bukan harga Bengkulu Tengah"
2023-01-19,PHP17,MGR03,17700,liter,BD-PIHPS,,,,,"PIHPS Provinsi Bengkulu (rata-rata pasar tradisional), bukan harga Bengkulu Tengah"
2023-01-19,PHP17,TLR01,29950,kg,BD-PIHPS,,,,,"PIHPS Provinsi Bengkulu (rata-rata pasar tradisional), bukan harga Bengkulu Tengah"
2023-01-20,PHP17,BRS01,10550,kg,BD-PIHPS,,,,,"PIHPS Provinsi Bengkulu (rata-rata pasar tradisional), bukan harga Bengkulu Tengah"
2023-01-20,PHP17,BRS02,12400,kg,BD-PIHPS,,,,,"PIHPS Provinsi Bengkulu (rata-rata pasar tradisional), bukan harga Bengkulu Tengah"
2023-01-20,PHP17,BRS03,12600,kg,BD-PIHPS,,,,,"PIHPS Provinsi Bengkulu (rata-rata pasar tradisional), bukan harga Bengkulu Tengah"
2023-01-20,PHP17,BRS04,12850,kg,BD-PIHPS,,,,,"PIHPS Provinsi Bengkulu (rata-rata pasar tradisional), bukan harga Bengkulu Tengah"
2023-01-20,PHP17,BRS05,13550,kg,BD-PIHPS,,,,,"PIHPS Provinsi Bengkulu (rata-rata pasar tradisional), bukan harga Bengkulu Tengah"
2023-01-20,PHP17,BRS06,13350,kg,BD-PIHPS,,,,,"PIHPS Provinsi Bengkulu (rata-rata pasar tradisional), bukan harga Bengkulu Tengah"
2023-01-20,PHP17,BWM01,42650,kg,BD-PIHPS,,,,,"PIHPS Provinsi Bengkulu (rata-rata pasar tradisional), bukan harga Bengkulu Tengah"
2023-01-20,PHP17,BWP01,28650,kg,BD-PIHPS,,,,,"PIHPS Provinsi Bengkulu (rata-rata pasar tradisional), bukan harga Bengkulu Tengah"
2023-01-20,PHP17,CMR01,32650,kg,BD-PIHPS,,,,,"PIHPS Provinsi Bengkulu (rata-rata pasar tradisional), bukan harga Bengkulu Tengah"
2023-01-20,PHP17,CMR02,37650,kg,BD-PIHPS,,,,,"PIHPS Provinsi Bengkulu (rata-rata pasar tradisional), bukan harga Bengkulu Tengah"
2023-01-20,PHP17,CRW01,46400,kg,BD-PIHPS,,,,,"PIHPS Provinsi Bengkulu (rata-rata pasar tradisional), bukan harga Bengkulu Tengah"
2023-01-20,PHP17,CRW02,39050,kg,BD-PIHPS,,,,,"PIHPS Provinsi Bengkulu (rata-rata pasar tradisional), bukan harga Bengkulu Tengah"
2023-01-20,PHP17,DAY01,28650,kg,BD-PIHPS,,,,,"PIHPS Provinsi Bengkulu (rata-rata pasar tradisional), bukan harga Bengkulu Tengah"
2023-01-20,PHP17,DSP01,137500,kg,BD-PIHPS,,,,,"PIHPS Provinsi Bengkulu (rata-rata pasar tradisional), bukan harga Bengkulu Tengah"
2023-01-20,PHP17,DSP02,137500,kg,BD-PIHPS,,,,,"PIHPS Provinsi Bengkulu (rata-rata pasar tradisional), bukan harga Bengkulu Tengah"
2023-01-20,PHP17,GLP01,13900,kg,BD-PIHPS,,,,,"PIHPS Provinsi Bengkulu (rata-rata pasar tradisional), bukan harga Bengkulu Tengah"
2023-01-20,PHP17,GLP02,14800,kg,BD-PIHPS,,,,,"PIHPS Provinsi Bengkulu (rata-rata pasar tradisional), bukan harga Bengkulu Tengah"
2023-01-20,PHP17,MGR01,14650,liter,BD-PIHPS,,,,,"PIHPS Provinsi Bengkulu (rata-rata pasar tradisional), bukan harga Bengkulu Tengah"
2023-01-20,PHP17,MGR02,21200,liter,BD-PIHPS,,,,,"PIHPS Provinsi Bengkulu (rata-rata pasar tradisional), bukan harga Bengkulu Tengah"
2023-01-20,PHP17,MGR03,17700,liter,BD-PIHPS,,,,,"PIHPS Provinsi Bengkulu (rata-rata pasar tradisional), bukan harga Bengkulu Tengah"
2023-01-20,PHP17,TLR01,29950,kg,BD-PIHPS,,,,,"PIHPS Provinsi Bengkulu (rata-rata pasar tradisional), bukan harga Bengkulu Tengah"
2023-01-23,PHP17,BRS01,10550,kg,BD-PIHPS,,,,,"PIHPS Provinsi Bengkulu (rata-rata pasar tradisional), bukan harga Bengkulu Tengah"
2023-01-23,PHP17,BRS02,12400,kg,BD-PIHPS,,,,,"PIHPS Provinsi Bengkulu (rata-rata pasar tradisional), bukan harga Bengkulu Tengah"
2023-01-23,PHP17,BRS03,12600,kg,BD-PIHPS,,,,,"PIHPS Provinsi Bengkulu (rata-rata pasar tradisional), bukan harga Bengkulu Tengah"
2023-01-23,PHP17,BRS04,12850,kg,BD-PIHPS,,,,,"PIHPS Provinsi Bengkulu (rata-rata pasar tradisional), bukan harga Bengkulu Tengah"
2023-01-23,PHP17,BRS05,13550,kg,BD-PIHPS,,,,,"PIHPS Provinsi Bengkulu (rata-rata pasar tradisional), bukan harga Bengkulu Tengah"
2023-01-23,PHP17,BRS06,13350,kg,BD-PIHPS,,,,,"PIHPS Provinsi Bengkulu (rata-rata pasar tradisional), bukan harga Bengkulu Tengah"
2023-01-23,PHP17,BWM01,42650,kg,BD-PIHPS,,,,,"PIHPS Provinsi Bengkulu (rata-rata pasar tradisional), bukan harga Bengkulu Tengah"
2023-01-23,PHP17,BWP01,28650,kg,BD-PIHPS,,,,,"PIHPS Provinsi Bengkulu (rata-rata pasar tradisional), bukan harga Bengkulu Tengah"
2023-01-23,PHP17,CMR01,32650,kg,BD-PIHPS,,,,,"PIHPS Provinsi Bengkulu (rata-rata pasar tradisional), bukan harga Bengkulu Tengah"
2023-01-23,PHP17,CMR02,37650,kg,BD-PIHPS,,,,,"PIHPS Provinsi Bengkulu (rata-rata pasar tradisional), bukan harga Bengkulu Tengah"
2023-01-23,PHP17,CRW01,46400,kg,BD-PIHPS,,,,,"PIHPS Provinsi Bengkulu (rata-rata pasar tradisional), bukan harga Bengkulu Tengah"
2023-01-23,PHP17,CRW02,39050,kg,BD-PIHPS,,,,,"PIHPS Provinsi Bengkulu (rata-rata pasar tradisional), bukan harga Bengkulu Tengah"
2023-01-23,PHP17,DAY01,28650,kg,BD-PIHPS,,,,,"PIHPS Provinsi Bengkulu (rata-rata pasar tradisional), bukan harga Bengkulu Tengah"
2023-01-23,PHP17,DSP01,137500,kg,BD-PIHPS,,,,,"PIHPS Provinsi Bengkulu (rata-rata pasar tradisional), bukan harga Bengkulu Tengah"
2023-01-23,PHP17,DSP02,137500,kg,BD-PIHPS,,,,,"PIHPS Provinsi Bengkulu (rata-rata pasar tradisional), bukan harga Bengkulu Tengah"
2023-01-23,PHP17,GLP01,13900,kg,BD-PIHPS,,,,,"PIHPS Provinsi Bengkulu (rata-rata pasar tradisional), bukan harga Bengkulu Tengah"
2023-01-23,PHP17,GLP02,14800,kg,BD-PIHPS,,,,,"PIHPS Provinsi Bengkulu (rata-rata pasar tradisional), bukan harga Bengkulu Tengah"
2023-01-23,PHP17,MGR01,14650,liter,BD-PIHPS,,,,,"PIHPS Provinsi Bengkulu (rata-rata pasar tradisional), bukan harga Bengkulu Tengah"
2023-01-23,PHP17,MGR02,21200,liter,BD-PIHPS,,,,,"PIHPS Provinsi Bengkulu (rata-rata pasar tradisional), bukan harga Bengkulu Tengah"
2023-01-23,PHP17,MGR03,17700,liter,BD-PIHPS,,,,,"PIHPS Provinsi Bengkulu (rata-rata pasar tradisional), bukan harga Bengkulu Tengah"
2023-01-23,PHP17,TLR01,29950,kg,BD-PIHPS,,,,,"PIHPS Provinsi Bengkulu (rata-rata pasar tradisional), bukan harga Bengkulu Tengah"
2023-01-24,PHP17,BRS01,10550,kg,BD-PIHPS,,,,,"PIHPS Provinsi Bengkulu (rata-rata pasar tradisional), bukan harga Bengkulu Tengah"
2023-01-24,PHP17,BRS02,12400,kg,BD-PIHPS,,,,,"PIHPS Provinsi Bengkulu (rata-rata pasar tradisional), bukan harga Bengkulu Tengah"
2023-01-24,PHP17,BRS03,12600,kg,BD-PIHPS,,,,,"PIHPS Provinsi Bengkulu (rata-rata pasar tradisional), bukan harga Bengkulu Tengah"
2023-01-24,PHP17,BRS04,12850,kg,BD-PIHPS,,,,,"PIHPS Provinsi Bengkulu (rata-rata pasar tradisional), bukan harga Bengkulu Tengah"
2023-01-24,PHP17,BRS05,13550,kg,BD-PIHPS,,,,,"PIHPS Provinsi Bengkulu (rata-rata pasar tradisional), bukan harga Bengkulu Tengah"
2023-01-24,PHP17,BRS06,13350,kg,BD-PIHPS,,,,,"PIHPS Provinsi Bengkulu (rata-rata pasar tradisional), bukan harga Bengkulu Tengah"
2023-01-24,PHP17,BWM01,42650,kg,BD-PIHPS,,,,,"PIHPS Provinsi Bengkulu (rata-rata pasar tradisional), bukan harga Bengkulu Tengah"
2023-01-24,PHP17,BWP01,29250,kg,BD-PIHPS,,,,,"PIHPS Provinsi Bengkulu (rata-rata pasar tradisional), bukan harga Bengkulu Tengah"
2023-01-24,PHP17,CMR01,35500,kg,BD-PIHPS,,,,,"PIHPS Provinsi Bengkulu (rata-rata pasar tradisional), bukan harga Bengkulu Tengah"
2023-01-24,PHP17,CMR02,41750,kg,BD-PIHPS,,,,,"PIHPS Provinsi Bengkulu (rata-rata pasar tradisional), bukan harga Bengkulu Tengah"
2023-01-24,PHP17,CRW01,45250,kg,BD-PIHPS,,,,,"PIHPS Provinsi Bengkulu (rata-rata pasar tradisional), bukan harga Bengkulu Tengah"
2023-01-24,PHP17,CRW02,37100,kg,BD-PIHPS,,,,,"PIHPS Provinsi Bengkulu (rata-rata pasar tradisional), bukan harga Bengkulu Tengah"
2023-01-24,PHP17,DAY01,27400,kg,BD-PIHPS,,,,,"PIHPS Provinsi Bengkulu (rata-rata pasar tradisional), bukan harga Bengkulu Tengah"
2023-01-24,PHP17,DSP01,137500,kg,BD-PIHPS,,,,,"PIHPS Provinsi Bengkulu (rata-rata pasar tradisional), bukan harga Bengkulu Tengah"
2023-01-24,PHP17,DSP02,137500,kg,BD-PIHPS,,,,,"PIHPS Provinsi Bengkulu (rata-rata pasar tradisional), bukan harga Bengkulu Tengah"
2023-01-24,PHP17,GLP01,13900,kg,BD-PIHPS,,,,,"PIHPS Provinsi Bengkulu (rata-rata pasar tradisional), bukan harga Bengkulu Tengah"
2023-01-24,PHP17,GLP02,14800,kg,BD-PIHPS,,,,,"PIHPS Provinsi Bengkulu (rata-rata pasar tradisional), bukan harga Bengkulu Tengah"
2023-01-24,PHP17,MGR01,14650,liter,BD-PIHPS,,,,,"PIHPS Provinsi Bengkulu (rata-rata pasar tradisional), bukan harga Bengkulu Tengah"
2023-01-24,PHP17,MGR02,21200,liter,BD-PIHPS,,,,,"PIHPS Provinsi Bengkulu (rata-rata pasar tradisional), bukan harga Bengkulu Tengah"
2023-01-24,PHP17,MGR03,17700,liter,BD-PIHPS,,,,,"PIHPS Provinsi Bengkulu (rata-rata pasar tradisional), bukan harga Bengkulu Tengah"
2023-01-24,PHP17,TLR01,29950,kg,BD-PIHPS,,,,,"PIHPS Provinsi Bengkulu (rata-rata pasar tradisional), bukan harga Bengkulu Tengah"
2023-01-25,PHP17,BRS01,10550,kg,BD-PIHPS,,,,,"PIHPS Provinsi Bengkulu (rata-rata pasar tradisional), bukan harga Bengkulu Tengah"
2023-01-25,PHP17,BRS02,12400,kg,BD-PIHPS,,,,,"PIHPS Provinsi Bengkulu (rata-rata pasar tradisional), bukan harga Bengkulu Tengah"
2023-01-25,PHP17,BRS03,12600,kg,BD-PIHPS,,,,,"PIHPS Provinsi Bengkulu (rata-rata pasar tradisional), bukan harga Bengkulu Tengah"
2023-01-25,PHP17,BRS04,12850,kg,BD-PIHPS,,,,,"PIHPS Provinsi Bengkulu (rata-rata pasar tradisional), bukan harga Bengkulu Tengah"
2023-01-25,PHP17,BRS05,13550,kg,BD-PIHPS,,,,,"PIHPS Provinsi Bengkulu (rata-rata pasar tradisional), bukan harga Bengkulu Tengah"
2023-01-25,PHP17,BRS06,13350,kg,BD-PIHPS,,,,,"PIHPS Provinsi Bengkulu (rata-rata pasar tradisional), bukan harga Bengkulu Tengah"
2023-01-25,PHP17,BWM01,42900,kg,BD-PIHPS,,,,,"PIHPS Provinsi Bengkulu (rata-rata pasar tradisional), bukan harga Bengkulu Tengah"
2023-01-25,PHP17,BWP01,30150,kg,BD-PIHPS,,,,,"PIHPS Provinsi Bengkulu (rata-rata pasar tradisional), bukan harga Bengkulu Tengah"
2023-01-25,PHP17,CMR01,39150,kg,BD-PIHPS,,,,,"PIHPS Provinsi Bengkulu (rata-rata pasar tradisional), bukan harga Bengkulu Tengah"
2023-01-25,PHP17,CMR02,45150,kg,BD-PIHPS,,,,,"PIHPS Provinsi Bengkulu (rata-rata pasar tradisional), bukan harga Bengkulu Tengah"
2023-01-25,PHP17,CRW01,44150,kg,BD-PIHPS,,,,,"PIHPS Provinsi Bengkulu (rata-rata pasar tradisional), bukan harga Bengkulu Tengah"
2023-01-25,PHP17,CRW02,35250,kg,BD-PIHPS,,,,,"PIHPS Provinsi Bengkulu (rata-rata pasar tradisional), bukan harga Bengkulu Tengah"
2023-01-25,PHP17,DAY01,27250,kg,BD-PIHPS,,,,,"PIHPS Provinsi Bengkulu (rata-rata pasar tradisional), bukan harga Bengkulu Tengah"
2023-01-25,PHP17,DSP01,137500,kg,BD-PIHPS,,,,,"PIHPS Provinsi Bengkulu (rata-rata pasar tradisional), bukan harga Bengkulu Tengah"
2023-01-25,PHP17,DSP02,137500,kg,BD-PIHPS,,,,,"PIHPS Provinsi Bengkulu (rata-rata pasar tradisional), bukan harga Bengkulu Tengah"
2023-01-25,PHP17,GLP01,13950,kg,BD-PIHPS,,,,,"PIHPS Provinsi Bengkulu (rata-rata pasar tradisional), bukan harga Bengkulu Tengah"
2023-01-25,PHP17,GLP02,14900,kg,BD-PIHPS,,,,,"PIHPS Provinsi Bengkulu (rata-rata pasar tradisional), bukan harga Bengkulu Tengah"
2023-01-25,PHP17,MGR01,14650,liter,BD-PIHPS,,,,,"PIHPS Provinsi Bengkulu (rata-rata pasar tradisional), bukan harga Bengkulu Tengah"
2023-01-25,PHP17,MGR02,21200,liter,BD-PIHPS,,,,,"PIHPS Provinsi Bengkulu (rata-rata pasar tradisional), bukan harga Bengkulu Tengah"
2023-01-25,PHP17,MGR03,17700,liter,BD-PIHPS,,,,,"PIHPS Provinsi Bengkulu (rata-rata pasar tradisional), bukan harga Bengkulu Tengah"
2023-01-25,PHP17,TLR01,29950,kg,BD-PIHPS,,,,,"PIHPS Provinsi Bengkulu (rata-rata pasar tradisional), bukan harga Bengkulu Tengah"
2023-01-26,PHP17,BRS01,10550,kg,BD-PIHPS,,,,,"PIHPS Provinsi Bengkulu (rata-rata pasar tradisional), bukan harga Bengkulu Tengah"
2023-01-26,PHP17,BRS02,12400,kg,BD-PIHPS,,,,,"PIHPS Provinsi Bengkulu (rata-rata pasar tradisional), bukan harga Bengkulu Tengah"
2023-01-26,PHP17,BRS03,12600,kg,BD-PIHPS,,,,,"PIHPS Provinsi Bengkulu (rata-rata pasar tradisional), bukan harga Bengkulu Tengah"
2023-01-26,PHP17,BRS04,12850,kg,BD-PIHPS,,,,,"PIHPS Provinsi Bengkulu (rata-rata pasar tradisional), bukan harga Bengkulu Tengah"
2023-01-26,PHP17,BRS05,13550,kg,BD-PIHPS,,,,,"PIHPS Provinsi Bengkulu (rata-rata pasar tradisional), bukan harga Bengkulu Tengah"
2023-01-26,PHP17,BRS06,13350,kg,BD-PIHPS,,,,,"PIHPS Provinsi Bengkulu (rata-rata pasar tradisional), bukan harga Bengkulu Tengah"
2023-01-26,PHP17,BWM01,42900,kg,BD-PIHPS,,,,,"PIHPS Provinsi Bengkulu (rata-rata pasar tradisional), bukan harga Bengkulu Tengah"
2023-01-26,PHP17,BWP01,29500,kg,BD-PIHPS,,,,,"PIHPS Provinsi Bengkulu (rata-rata pasar tradisional), bukan harga Bengkulu Tengah"
2023-01-26,PHP17,CMR01,40150,kg,BD-PIHPS,,,,,"PIHPS Provinsi Bengkulu (rata-rata pasar tradisional), bukan harga Bengkulu Tengah"
2023-01-26,PHP17,CMR02,45900,kg,BD-PIHPS,,,,,"PIHPS Provinsi Bengkulu (rata-rata pasar tradisional), bukan harga Bengkulu Tengah"
2023-01-26,PHP17,CRW01,43750,kg,BD-PIHPS,,,,,"PIHPS Provinsi Bengkulu (rata-rata pasar tradisional), bukan harga Bengkulu Tengah"
2023-01-26,PHP17,CRW02,36000,kg,BD-PIHPS,,,,,"PIHPS Provinsi Bengkulu (rata-rata pasar tradisional), bukan harga Bengkulu Tengah"
2023-01-26,PHP17,DAY01,28750,kg,BD-PIHPS,,,,,"PIHPS Provinsi Bengkulu (rata-rata pasar tradisional), bukan harga Bengkulu Tengah"
2023-01-26,PHP17,DSP01,137500,kg,BD-PIHPS,,,,,"PIHPS Provinsi Bengkulu (rata-rata pasar tradisional), bukan harga Bengkulu Tengah"
2023-01-26,PHP17,DSP02,137500,kg,BD-PIHPS,,,,,"PIHPS Provinsi Bengkulu (rata-rata pasar tradisional), bukan harga Bengkulu Tengah"
2023-01-26,PHP17,GLP01,13950,kg,BD-PIHPS,,,,,"PIHPS Provinsi Bengkulu (rata-rata pasar tradisional), bukan harga Bengkulu Tengah"
2023-01-26,PHP17,GLP02,14900,kg,BD-PIHPS,,,,,"PIHPS Provinsi Bengkulu (rata-rata pasar tradisional), bukan harga Bengkulu Tengah"
2023-01-26,PHP17,MGR01,14650,liter,BD-PIHPS,,,,,"PIHPS Provinsi Bengkulu (rata-rata pasar tradisional), bukan harga Bengkulu Tengah"
2023-01-26,PHP17,MGR02,21200,liter,BD-PIHPS,,,,,"PIHPS Provinsi Bengkulu (rata-rata pasar tradisional), bukan harga Bengkulu Tengah"
2023-01-26,PHP17,MGR03,17700,liter,BD-PIHPS,,,,,"PIHPS Provinsi Bengkulu (rata-rata pasar tradisional), bukan harga Bengkulu Tengah"
2023-01-26,PHP17,TLR01,29950,kg,BD-PIHPS,,,,,"PIHPS Provinsi Bengkulu (rata-rata pasar tradisional), bukan harga Bengkulu Tengah"
2023-01-27,PHP17,BRS01,10550,kg,BD-PIHPS,,,,,"PIHPS Provinsi Bengkulu (rata-rata pasar tradisional), bukan harga Bengkulu Tengah"
2023-01-27,PHP17,BRS02,12400,kg,BD-PIHPS,,,,,"PIHPS Provinsi Bengkulu (rata-rata pasar tradisional), bukan harga Bengkulu Tengah"
2023-01-27,PHP17,BRS03,12600,kg,BD-PIHPS,,,,,"PIHPS Provinsi Bengkulu (rata-rata pasar tradisional), bukan harga Bengkulu Tengah"
2023-01-27,PHP17,BRS04,12850,kg,BD-PIHPS,,,,,"PIHPS Provinsi Bengkulu (rata-rata pasar tradisional), bukan harga Bengkulu Tengah"
2023-01-27,PHP17,BRS05,13550,kg,BD-PIHPS,,,,,"PIHPS Provinsi Bengkulu (rata-rata pasar tradisional), bukan harga Bengkulu Tengah"
2023-01-27,PHP17,BRS06,13400,kg,BD-PIHPS,,,,,"PIHPS Provinsi Bengkulu (rata-rata pasar tradisional), bukan harga Bengkulu Tengah"
2023-01-27,PHP17,BWM01,42750,kg,BD-PIHPS,,,,,"PIHPS Provinsi Bengkulu (rata-rata pasar tradisional), bukan harga Bengkulu Tengah"
2023-01-27,PHP17,BWP01,29000,kg,BD-PIHPS,,,,,"PIHPS Provinsi Bengkulu (rata-rata pasar tradisional), bukan harga Bengkulu Tengah"
2023-01-27,PHP17,CMR01,39650,kg,BD-PIHPS,,,,,"PIHPS Provinsi Bengkulu (rata-rata pasar tradisional), bukan harga Bengkulu Tengah"
2023-01-27,PHP17,CMR02,46150,kg,BD-PIHPS,,,,,"PIHPS Provinsi Bengkulu (rata-rata pasar tradisional), bukan harga Bengkulu Tengah"
2023-01-27,PHP17,CRW01,43500,kg,BD-PIHPS,,,,,"PIHPS Provinsi Bengkulu (rata-rata pasar tradisional), bukan harga Bengkulu Tengah"
2023-01-27,PHP17,CRW02,37350,kg,BD-PIHPS,,,,,"PIHPS Provinsi Bengkulu (rata-rata pasar tradisional), bukan harga Bengkulu Tengah"
2023-01-27,PHP17,DAY01,28750,kg,BD-PIHPS,,,,,"PIHPS Provinsi Bengkulu (rata-rata pasar tradisional), bukan harga Bengkulu Tengah"
2023-01-27,PHP17,DSP01,137500,kg,BD-PIHPS,,,,,"PIHPS Provinsi Bengkulu (rata-rata pasar tradisional), bukan harga Bengkulu Tengah"
2023-01-27,PHP17,DSP02,137500,kg,BD-PIHPS,,,,,"PIHPS Provinsi Bengkulu (rata-rata pasar tradisional), bukan harga Bengkulu Tengah"
2023-01-27,PHP17,GLP01,13950,kg,BD-PIHPS,,,,,"PIHPS Provinsi Bengkulu (rata-rata pasar tradisional), bukan harga Bengkulu Tengah"
2023-01-27,PHP17,GLP02,14900,kg,BD-PIHPS,,,,,"PIHPS Provinsi Bengkulu (rata-rata pasar tradisional), bukan harga Bengkulu Tengah"
2023-01-27,PHP17,MGR01,14650,liter,BD-PIHPS,,,,,"PIHPS Provinsi Bengkulu (rata-rata pasar tradisional), bukan harga Bengkulu Tengah"
2023-01-27,PHP17,MGR02,21200,liter,BD-PIHPS,,,,,"PIHPS Provinsi Bengkulu (rata-rata pasar tradisional), bukan harga Bengkulu Tengah"
2023-01-27,PHP17,MGR03,17700,liter,BD-PIHPS,,,,,"PIHPS Provinsi Bengkulu (rata-rata pasar tradisional), bukan harga Bengkulu Tengah"
2023-01-27,PHP17,TLR01,29950,kg,BD-PIHPS,,,,,"PIHPS Provinsi Bengkulu (rata-rata pasar tradisional), bukan harga Bengkulu Tengah"
2023-01-30,PHP17,BRS01,10550,kg,BD-PIHPS,,,,,"PIHPS Provinsi Bengkulu (rata-rata pasar tradisional), bukan harga Bengkulu Tengah"
2023-01-30,PHP17,BRS02,12400,kg,BD-PIHPS,,,,,"PIHPS Provinsi Bengkulu (rata-rata pasar tradisional), bukan harga Bengkulu Tengah"
2023-01-30,PHP17,BRS03,12600,kg,BD-PIHPS,,,,,"PIHPS Provinsi Bengkulu (rata-rata pasar tradisional), bukan harga Bengkulu Tengah"
2023-01-30,PHP17,BRS04,12850,kg,BD-PIHPS,,,,,"PIHPS Provinsi Bengkulu (rata-rata pasar tradisional), bukan harga Bengkulu Tengah"
2023-01-30,PHP17,BRS05,13550,kg,BD-PIHPS,,,,,"PIHPS Provinsi Bengkulu (rata-rata pasar tradisional), bukan harga Bengkulu Tengah"
2023-01-30,PHP17,BRS06,13400,kg,BD-PIHPS,,,,,"PIHPS Provinsi Bengkulu (rata-rata pasar tradisional), bukan harga Bengkulu Tengah"
2023-01-30,PHP17,BWM01,42900,kg,BD-PIHPS,,,,,"PIHPS Provinsi Bengkulu (rata-rata pasar tradisional), bukan harga Bengkulu Tengah"
2023-01-30,PHP17,BWP01,29650,kg,BD-PIHPS,,,,,"PIHPS Provinsi Bengkulu (rata-rata pasar tradisional), bukan harga Bengkulu Tengah"
2023-01-30,PHP17,CMR01,40750,kg,BD-PIHPS,,,,,"PIHPS Provinsi Bengkulu (rata-rata pasar tradisional), bukan harga Bengkulu Tengah"
2023-01-30,PHP17,CMR02,46400,kg,BD-PIHPS,,,,,"PIHPS Provinsi Bengkulu (rata-rata pasar tradisional), bukan harga Bengkulu Tengah"
2023-01-30,PHP17,CRW01,44500,kg,BD-PIHPS,,,,,"PIHPS Provinsi Bengkulu (rata-rata pasar tradisional), bukan harga Bengkulu Tengah"
2023-01-30,PHP17,CRW02,37150,kg,BD-PIHPS,,,,,"PIHPS Provinsi Bengkulu (rata-rata pasar tradisional), bukan harga Bengkulu Tengah"
2023-01-30,PHP17,DAY01,27150,kg,BD-PIHPS,,,,,"PIHPS Provinsi Bengkulu (rata-rata pasar tradisional), bukan harga Bengkulu Tengah"
2023-01-30,PHP17,DSP01,137500,kg,BD-PIHPS,,,,,"PIHPS Provinsi Bengkulu (rata-rata pasar tradisional), bukan harga Bengkulu Tengah"
2023-01-30,PHP17,DSP02,137500,kg,BD-PIHPS,,,,,"PIHPS Provinsi Bengkulu (rata-rata pasar tradisional), bukan harga Bengkulu Tengah"
2023-01-30,PHP17,GLP01,13950,kg,BD-PIHPS,,,,,"PIHPS Provinsi Bengkulu (rata-rata pasar tradisional), bukan harga Bengkulu Tengah"
2023-01-30,PHP17,GLP02,14900,kg,BD-PIHPS,,,,,"PIHPS Provinsi Bengkulu (rata-rata pasar tradisional), bukan harga Bengkulu Tengah"
2023-01-30,PHP17,MGR01,14650,liter,BD-PIHPS,,,,,"PIHPS Provinsi Bengkulu (rata-rata pasar tradisional), bukan harga Bengkulu Tengah"
2023-01-30,PHP17,MGR02,21200,liter,BD-PIHPS,,,,,"PIHPS Provinsi Bengkulu (rata-rata pasar tradisional), bukan harga Bengkulu Tengah"
2023-01-30,PHP17,MGR03,17700,liter,BD-PIHPS,,,,,"PIHPS Provinsi Bengkulu (rata-rata pasar tradisional), bukan harga Bengkulu Tengah"
2023-01-30,PHP17,TLR01,29950,kg,BD-PIHPS,,,,,"PIHPS Provinsi Bengkulu (rata-rata pasar tradisional), bukan harga Bengkulu Tengah"
2023-01-31,PHP17,BRS01,10700,kg,BD-PIHPS,,,,,"PIHPS Provinsi Bengkulu (rata-rata pasar tradisional), bukan harga Bengkulu Tengah"
2023-01-31,PHP17,BRS02,12600,kg,BD-PIHPS,,,,,"PIHPS Provinsi Bengkulu (rata-rata pasar tradisional), bukan harga Bengkulu Tengah"
2023-01-31,PHP17,BRS03,12600,kg,BD-PIHPS,,,,,"PIHPS Provinsi Bengkulu (rata-rata pasar tradisional), bukan harga Bengkulu Tengah"
2023-01-31,PHP17,BRS04,13000,kg,BD-PIHPS,,,,,"PIHPS Provinsi Bengkulu (rata-rata pasar tradisional), bukan harga Bengkulu Tengah"
2023-01-31,PHP17,BRS05,13600,kg,BD-PIHPS,,,,,"PIHPS Provinsi Bengkulu (rata-rata pasar tradisional), bukan harga Bengkulu Tengah"
2023-01-31,PHP17,BRS06,13650,kg,BD-PIHPS,,,,,"PIHPS Provinsi Bengkulu (rata-rata pasar tradisional), bukan harga Bengkulu Tengah"
2023-01-31,PHP17,BWM01,42900,kg,BD-PIHPS,,,,,"PIHPS Provinsi Bengkulu (rata-rata pasar tradisional), bukan harga Bengkulu Tengah"
2023-01-31,PHP17,BWP01,30000,kg,BD-PIHPS,,,,,"PIHPS Provinsi Bengkulu (rata-rata pasar tradisional), bukan harga Bengkulu Tengah"
2023-01-31,PHP17,CMR01,41000,kg,BD-PIHPS,,,,,"PIHPS Provinsi Bengkulu (rata-rata pasar tradisional), bukan harga Bengkulu Tengah"
2023-01-31,PHP17,CMR02,46250,kg,BD-PIHPS,,,,,"PIHPS Provinsi Bengkulu (rata-rata pasar tradisional), bukan harga Bengkulu Tengah"
2023-01-31,PHP17,CRW01,46000,kg,BD-PIHPS,,,,,"PIHPS Provinsi Bengkulu (rata-rata pasar tradisional), bukan harga Bengkulu Tengah"
2023-01-31,PHP17,CRW02,37700,kg,BD-PIHPS,,,,,"PIHPS Provinsi Bengkulu (rata-rata pasar tradisional), bukan harga Bengkulu Tengah"
2023-01-31,PHP17,DAY01,27150,kg,BD-PIHPS,,,,,"PIHPS Provinsi Bengkulu (rata-rata pasar tradisional), bukan harga Bengkulu Tengah"
2023-01-31,PHP17,DSP01,137500,kg,BD-PIHPS,,,,,"PIHPS Provinsi Bengkulu (rata-rata pasar tradisional), bukan harga Bengkulu Tengah"
2023-01-31,PHP17,DSP02,137500,kg,BD-PIHPS,,,,,"PIHPS Provinsi Bengkulu (rata-rata pasar tradisional), bukan harga Bengkulu Tengah"
2023-01-31,PHP17,GLP01,13950,kg,BD-PIHPS,,,,,"PIHPS Provinsi Bengkulu (rata-rata pasar tradisional), bukan harga Bengkulu Tengah"
2023-01-31,PHP17,GLP02,14900,kg,BD-PIHPS,,,,,"PIHPS Provinsi Bengkulu (rata-rata pasar tradisional), bukan harga Bengkulu Tengah"
2023-01-31,PHP17,MGR01,14650,liter,BD-PIHPS,,,,,"PIHPS Provinsi Bengkulu (rata-rata pasar tradisional), bukan harga Bengkulu Tengah"
2023-01-31,PHP17,MGR02,21200,liter,BD-PIHPS,,,,,"PIHPS Provinsi Bengkulu (rata-rata pasar tradisional), bukan harga Bengkulu Tengah"
2023-01-31,PHP17,MGR03,17700,liter,BD-PIHPS,,,,,"PIHPS Provinsi Bengkulu (rata-rata pasar tradisional), bukan harga Bengkulu Tengah"
2023-01-31,PHP17,TLR01,29950,kg,BD-PIHPS,,,,,"PIHPS Provinsi Bengkulu (rata-rata pasar tradisional), bukan harga Bengkulu Tengah"
2023-02-01,PHP17,BRS01,10700,kg,BD-PIHPS,,,,,"PIHPS Provinsi Bengkulu (rata-rata pasar tradisional), bukan harga Bengkulu Tengah"
2023-02-01,PHP17,BRS02,12600,kg,BD-PIHPS,,,,,"PIHPS Provinsi Bengkulu (rata-rata pasar tradisional), bukan harga Bengkulu Tengah"
2023-02-01,PHP17,BRS03,12600,kg,BD-PIHPS,,,,,"PIHPS Provinsi Bengkulu (rata-rata pasar tradisional), bukan harga Bengkulu Tengah"
2023-02-01,PHP17,BRS04,13000,kg,BD-PIHPS,,,,,"PIHPS Provinsi Bengkulu (rata-rata pasar tradisional), bukan harga Bengkulu Tengah"
2023-02-01,PHP17,BRS05,13600,kg,BD-PIHPS,,,,,"PIHPS Provinsi Bengkulu (rata-rata pasar tradisional), bukan harga Bengkulu Tengah"
2023-02-01,PHP17,BRS06,13650,kg,BD-PIHPS,,,,,"PIHPS Provinsi Bengkulu (rata-rata pasar tradisional), bukan harga Bengkulu Tengah"
2023-02-01,PHP17,BWM01,42900,kg,BD-PIHPS,,,,,"PIHPS Provinsi Bengkulu (rata-rata pasar tradisional), bukan harga Bengkulu Tengah"
2023-02-01,PHP17,BWP01,29750,kg,BD-PIHPS,,,,,"PIHPS Provinsi Bengkulu (rata-rata pasar tradisional), bukan harga Bengkulu Tengah"
2023-02-01,PHP17,CMR01,38500,kg,BD-PIHPS,,,,,"PIHPS Provinsi Bengkulu (rata-rata pasar tradisional), bukan harga Bengkulu Tengah"
2023-02-01,PHP17,CMR02,44400,kg,BD-PIHPS,,,,,"PIHPS Provinsi Bengkulu (rata-rata pasar tradisional), bukan harga Bengkulu Tengah"
2023-02-01,PHP17,CRW01,46000,kg,BD-PIHPS,,,,,"PIHPS Provinsi Bengkulu (rata-rata pasar tradisional), bukan harga Bengkulu Tengah"
2023-02-01,PHP17,CRW02,37800,kg,BD-PIHPS,,,,,"PIHPS Provinsi Bengkulu (rata-rata pasar tradisional), bukan harga Bengkulu Tengah"
2023-02-01,PHP17,DAY01,28750,kg,BD-PIHPS,,,,,"PIHPS Provinsi Bengkulu (rata-rata pasar tradisional), bukan harga Bengkulu Tengah"
2023-02-01,PHP17,DSP01,137500,kg,BD-PIHPS,,,,,"PIHPS Provinsi Bengkulu (rata-rata pasar tradisional), bukan harga Bengkulu Tengah"
2023-02-01,PHP17,DSP02,137500,kg,BD-PIHPS,,,,,"PIHPS Provinsi Bengkulu (rata-rata pasar tradisional), bukan harga Bengkulu Tengah"
2023-02-01,PHP17,GLP01,14050,kg,BD-PIHPS,,,,,"PIHPS Provinsi Bengkulu (rata-rata pasar tradisional), bukan harga Bengkulu Tengah"
2023-02-01,PHP17,GLP02,15000,kg,BD-PIHPS,,,,,"PIHPS Provinsi Bengkulu (rata-rata pasar tradisional), bukan harga Bengkulu Tengah"
2023-02-01,PHP17,MGR01,14650,liter,BD-PIHPS,,,,,"PIHPS Provinsi Bengkulu (rata-rata pasar tradisional), bukan harga Bengkulu Tengah"
2023-02-01,PHP17,MGR02,21550,liter,BD-PIHPS,,,,,"PIHPS Provinsi Bengkulu (rata-rata pasar tradisional), bukan harga Bengkulu Tengah"
2023-02-01,PHP17,MGR03,17700,liter,BD-PIHPS,,,,,"PIHPS Provinsi Bengkulu (rata-rata pasar tradisional), bukan harga Bengkulu Tengah"
2023-02-01,PHP17,TLR01,29950,kg,BD-PIHPS,,,,,"PIHPS Provinsi Bengkulu (rata-rata pasar tradisional), bukan harga Bengkulu Tengah"
2023-02-02,PHP17,BRS01,10700,kg,BD-PIHPS,,,,,"PIHPS Provinsi Bengkulu (rata-rata pasar tradisional), bukan harga Bengkulu Tengah"
2023-02-02,PHP17,BRS02,12600,kg,BD-PIHPS,,,,,"PIHPS Provinsi Bengkulu (rata-rata pasar tradisional), bukan harga Bengkulu Tengah"
2023-02-02,PHP17,BRS03,12600,kg,BD-PIHPS,,,,,"PIHPS Provinsi Bengkulu (rata-rata pasar tradisional), bukan harga Bengkulu Tengah"
2023-02-02,PHP17,BRS04,13000,kg,BD-PIHPS,,,,,"PIHPS Provinsi Bengkulu (rata-rata pasar tradisional), bukan harga Bengkulu Tengah"
2023-02-02,PHP17,BRS05,13600,kg,BD-PIHPS,,,,,"PIHPS Provinsi Bengkulu (rata-rata pasar tradisional), bukan harga Bengkulu Tengah"
2023-02-02,PHP17,BRS06,13650,kg,BD-PIHPS,,,,,"PIHPS Provinsi Bengkulu (rata-rata pasar tradisional), bukan harga Bengkulu Tengah"
2023-02-02,PHP17,BWM01,42900,kg,BD-PIHPS,,,,,"PIHPS Provinsi Bengkulu (rata-rata pasar tradisional), bukan harga Bengkulu Tengah"
2023-02-02,PHP17,BWP01,30400,kg,BD-PIHPS,,,,,"PIHPS Provinsi Bengkulu (rata-rata pasar tradisional), bukan harga Bengkulu Tengah"
2023-02-02,PHP17,CMR01,38150,kg,BD-PIHPS,,,,,"PIHPS Provinsi Bengkulu (rata-rata pasar tradisional), bukan harga Bengkulu Tengah"
2023-02-02,PHP17,CMR02,42750,kg,BD-PIHPS,,,,,"PIHPS Provinsi Bengkulu (rata-rata pasar tradisional), bukan harga Bengkulu Tengah"
2023-02-02,PHP17,CRW01,45750,kg,BD-PIHPS,,,,,"PIHPS Provinsi Bengkulu (rata-rata pasar tradisional), bukan harga Bengkulu Tengah"
2023-02-02,PHP17,CRW02,38400,kg,BD-PIHPS,,,,,"PIHPS Provinsi Bengkulu (rata-rata pasar tradisional), bukan harga Bengkulu Tengah"
2023-02-02,PHP17,DAY01,28750,kg,BD-PIHPS,,,,,"PIHPS Provinsi Bengkulu (rata-rata pasar tradisional), bukan harga Bengkulu Tengah"
2023-02-02,PHP17,DSP01,137500,kg,BD-PIHPS,,,,,"PIHPS Provinsi Bengkulu (rata-rata pasar tradisional), bukan harga Bengkulu Tengah"
2023-02-02,PHP17,DSP02,137500,kg,BD-PIHPS,,,,,"PIHPS Provinsi Bengkulu (rata-rata pasar tradisional), bukan harga Bengkulu Tengah"
2023-02-02,PHP17,GLP01,14050,kg,BD-PIHPS,,,,,"PIHPS Provinsi Bengkulu (rata-rata pasar tradisional), bukan harga Bengkulu Tengah"
2023-02-02,PHP17,GLP02,15000,kg,BD-PIHPS,,,,,"PIHPS Provinsi Bengkulu (rata-rata pasar tradisional), bukan harga Bengkulu Tengah"
2023-02-02,PHP17,MGR01,14650,liter,BD-PIHPS,,,,,"PIHPS Provinsi Bengkulu (rata-rata pasar tradisional), bukan harga Bengkulu Tengah"
2023-02-02,PHP17,MGR02,21550,liter,BD-PIHPS,,,,,"PIHPS Provinsi Bengkulu (rata-rata pasar tradisional), bukan harga Bengkulu Tengah"
2023-02-02,PHP17,MGR03,17700,liter,BD-PIHPS,,,,,"PIHPS Provinsi Bengkulu (rata-rata pasar tradisional), bukan harga Bengkulu Tengah"
2023-02-02,PHP17,TLR01,29950,kg,BD-PIHPS,,,,,"PIHPS Provinsi Bengkulu (rata-rata pasar tradisional), bukan harga Bengkulu Tengah"
2023-02-03,PHP17,BRS01,10800,kg,BD-PIHPS,,,,,"PIHPS Provinsi Bengkulu (rata-rata pasar tradisional), bukan harga Bengkulu Tengah"
2023-02-03,PHP17,BRS02,12600,kg,BD-PIHPS,,,,,"PIHPS Provinsi Bengkulu (rata-rata pasar tradisional), bukan harga Bengkulu Tengah"
2023-02-03,PHP17,BRS03,12600,kg,BD-PIHPS,,,,,"PIHPS Provinsi Bengkulu (rata-rata pasar tradisional), bukan harga Bengkulu Tengah"
2023-02-03,PHP17,BRS04,13100,kg,BD-PIHPS,,,,,"PIHPS Provinsi Bengkulu (rata-rata pasar tradisional), bukan harga Bengkulu Tengah"
2023-02-03,PHP17,BRS05,13650,kg,BD-PIHPS,,,,,"PIHPS Provinsi Bengkulu (rata-rata pasar tradisional), bukan harga Bengkulu Tengah"
2023-02-03,PHP17,BRS06,13650,kg,BD-PIHPS,,,,,"PIHPS Provinsi Bengkulu (rata-rata pasar tradisional), bukan harga Bengkulu Tengah"
2023-02-03,PHP17,BWM01,42900,kg,BD-PIHPS,,,,,"PIHPS Provinsi Bengkulu (rata-rata pasar tradisional), bukan harga Bengkulu Tengah"
2023-02-03,PHP17,BWP01,30900,kg,BD-PIHPS,,,,,"PIHPS Provinsi Bengkulu (rata-rata pasar tradisional), bukan harga Bengkulu Tengah"
2023-02-03,PHP17,CMR01,38750,kg,BD-PIHPS,,,,,"PIHPS Provinsi Bengkulu (rata-rata pasar tradisional), bukan harga Bengkulu Tengah"
2023-02-03,PHP17,CMR02,45000,kg,BD-PIHPS,,,,,"PIHPS Provinsi Bengkulu (rata-rata pasar tradisional), bukan harga Bengkulu Tengah"
2023-02-03,PHP17,CRW01,46150,kg,BD-PIHPS,,,,,"PIHPS Provinsi Bengkulu (rata-rata pasar tradisional), bukan harga Bengkulu Tengah"
2023-02-03,PHP17,CRW02,39250,kg,BD-PIHPS,,,,,"PIHPS Provinsi Bengkulu (rata-rata pasar tradisional), bukan harga Bengkulu Tengah"
2023-02-03,PHP17,DAY01,28000,kg,BD-PIHPS,,,,,"PIHPS Provinsi Bengkulu (rata-rata pasar tradisional), bukan harga Bengkulu Tengah"
2023-02-03,PHP17,DSP01,137500,kg,BD-PIHPS,,,,,"PIHPS Provinsi Bengkulu (rata-rata pasar tradisional), bukan harga Bengkulu Tengah"
2023-02-03,PHP17,DSP02,137500,kg,BD-PIHPS,,,,,"PIHPS Provinsi Bengkulu (rata-rata pasar tradisional), bukan harga Bengkulu Tengah"
2023-02-03,PHP17,GLP01,14050,kg,BD-PIHPS,,,,,"PIHPS Provinsi Bengkulu (rata-rata pasar tradisional), bukan harga Bengkulu Tengah"
2023-02-03,PHP17,GLP02,15000,kg,BD-PIHPS,,,,,"PIHPS Provinsi Bengkulu (rata-rata pasar tradisional), bukan harga Bengkulu Tengah"
2023-02-03,PHP17,MGR01,14650,liter,BD-PIHPS,,,,,"PIHPS Provinsi Bengkulu (rata-rata pasar tradisional), bukan harga Bengkulu Tengah"
2023-02-03,PHP17,MGR02,21550,liter,BD-PIHPS,,,,,"PIHPS Provinsi Bengkulu (rata-rata pasar tradisional), bukan harga Bengkulu Tengah"
2023-02-03,PHP17,MGR03,17700,liter,BD-PIHPS,,,,,"PIHPS Provinsi Bengkulu (rata-rata pasar tradisional), bukan harga Bengkulu Tengah"
2023-02-03,PHP17,TLR01,29500,kg,BD-PIHPS,,,,,"PIHPS Provinsi Bengkulu (rata-rata pasar tradisional), bukan harga Bengkulu Tengah"
2023-02-06,PHP17,BRS01,10800,kg,BD-PIHPS,,,,,"PIHPS Provinsi Bengkulu (rata-rata pasar tradisional), bukan harga Bengkulu Tengah"
2023-02-06,PHP17,BRS02,12600,kg,BD-PIHPS,,,,,"PIHPS Provinsi Bengkulu (rata-rata pasar tradisional), bukan harga Bengkulu Tengah"
2023-02-06,PHP17,BRS03,12600,kg,BD-PIHPS,,,,,"PIHPS Provinsi Bengkulu (rata-rata pasar tradisional), bukan harga Bengkulu Tengah"
2023-02-06,PHP17,BRS04,13100,kg,BD-PIHPS,,,,,"PIHPS Provinsi Bengkulu (rata-rata pasar tradisional), bukan harga Bengkulu Tengah"
2023-02-06,PHP17,BRS05,13650,kg,BD-PIHPS,,,,,"PIHPS Provinsi Bengkulu (rata-rata pasar tradisional), bukan harga Bengkulu Tengah"
2023-02-06,PHP17,BRS06,13650,kg,BD-PIHPS,,,,,"PIHPS Provinsi Bengkulu (rata-rata pasar tradisional), bukan harga Bengkulu Tengah"
2023-02-06,PHP17,BWM01,42650,kg,BD-PIHPS,,,,,"PIHPS Provinsi Bengkulu (rata-rata pasar tradisional), bukan harga Bengkulu Tengah"
2023-02-06,PHP17,BWP01,30500,kg,BD-PIHPS,,,,,"PIHPS Provinsi Bengkulu (rata-rata pasar tradisional), bukan harga Bengkulu Tengah"
2023-02-06,PHP17,CMR01,39000,kg,BD-PIHPS,,,,,"PIHPS Provinsi Bengkulu (rata-rata pasar tradisional), bukan harga Bengkulu Tengah"
2023-02-06,PHP17,CMR02,44500,kg,BD-PIHPS,,,,,"PIHPS Provinsi Bengkulu (rata-rata pasar tradisional), bukan harga Bengkulu Tengah"
2023-02-06,PHP17,CRW01,46150,kg,BD-PIHPS,,,,,"PIHPS Provinsi Bengkulu (rata-rata pasar tradisional), bukan harga Bengkulu Tengah"
2023-02-06,PHP17,CRW02,39500,kg,BD-PIHPS,,,,,"PIHPS Provinsi Bengkulu (rata-rata pasar tradisional), bukan harga Bengkulu Tengah"
2023-02-06,PHP17,DAY01,27750,kg,BD-PIHPS,,,,,"PIHPS Provinsi Bengkulu (rata-rata pasar tradisional), bukan harga Bengkulu Tengah"
2023-02-06,PHP17,DSP01,137500,kg,BD-PIHPS,,,,,"PIHPS Provinsi Bengkulu (rata-rata pasar tradisional), bukan harga Bengkulu Tengah"
2023-02-06,PHP17,DSP02,137500,kg,BD-PIHPS,,,,,"PIHPS Provinsi Bengkulu (rata-rata pasar tradisional), bukan harga Bengkulu Tengah"
2023-02-06,PHP17,GLP01,14150,kg,BD-PIHPS,,,,,"PIHPS Provinsi Bengkulu (rata-rata pasar tradisional), bukan harga Bengkulu Tengah"
2023-02-06,PHP17,GLP02,15000,kg,BD-PIHPS,,,,,"PIHPS Provinsi Bengkulu (rata-rata pasar tradisional), bukan harga Bengkulu Tengah"
2023-02-06,PHP17,MGR01,14650,liter,BD-PIHPS,,,,,"PIHPS Provinsi Bengkulu (rata-rata pasar tradisional), bukan harga Bengkulu Tengah"
2023-02-06,PHP17,MGR02,21550,liter,BD-PIHPS,,,,,"PIHPS Provinsi Bengkulu (rata-rata pasar tradisional), bukan harga Bengkulu Tengah"
2023-02-06,PHP17,MGR03,17700,liter,BD-PIHPS,,,,,"PIHPS Provinsi Bengkulu (rata-rata pasar tradisional), bukan harga Bengkulu Tengah"
2023-02-06,PHP17,TLR01,29500,kg,BD-PIHPS,,,,,"PIHPS Provinsi Bengkulu (rata-rata pasar tradisional), bukan harga Bengkulu Tengah"
2023-02-07,PHP17,BRS01,10800,kg,BD-PIHPS,,,,,"PIHPS Provinsi Bengkulu (rata-rata pasar tradisional), bukan harga Bengkulu Tengah"
2023-02-07,PHP17,BRS02,12600,kg,BD-PIHPS,,,,,"PIHPS Provinsi Bengkulu (rata-rata pasar tradisional), bukan harga Bengkulu Tengah"
2023-02-07,PHP17,BRS03,12600,kg,BD-PIHPS,,,,,"PIHPS Provinsi Bengkulu (rata-rata pasar tradisional), bukan harga Bengkulu Tengah"
2023-02-07,PHP17,BRS04,13100,kg,BD-PIHPS,,,,,"PIHPS Provinsi Bengkulu (rata-rata pasar tradisional), bukan harga Bengkulu Tengah"
2023-02-07,PHP17,BRS05,13650,kg,BD-PIHPS,,,,,"PIHPS Provinsi Bengkulu (rata-rata pasar tradisional), bukan harga Bengkulu Tengah"
2023-02-07,PHP17,BRS06,13650,kg,BD-PIHPS,,,,,"PIHPS Provinsi Bengkulu (rata-rata pasar tradisional), bukan harga Bengkulu Tengah"
2023-02-07,PHP17,BWM01,42650,kg,BD-PIHPS,,,,,"PIHPS Provinsi Bengkulu (rata-rata pasar tradisional), bukan harga Bengkulu Tengah"
2023-02-07,PHP17,BWP01,30900,kg,BD-PIHPS,,,,,"PIHPS Provinsi Bengkulu (rata-rata pasar tradisional), bukan harga Bengkulu Tengah"
2023-02-07,PHP17,CMR01,39500,kg,BD-PIHPS,,,,,"PIHPS Provinsi Bengkulu (rata-rata pasar tradisional), bukan harga Bengkulu Tengah"
2023-02-07,PHP17,CMR02,44900,kg,BD-PIHPS,,,,,"PIHPS Provinsi Bengkulu (rata-rata pasar tradisional), bukan harga Bengkulu Tengah"
2023-02-07,PHP17,CRW01,47400,kg,BD-PIHPS,,,,,"PIHPS Provinsi Bengkulu (rata-rata pasar tradisional), bukan harga Bengkulu Tengah"
2023-02-07,PHP17,CRW02,39450,kg,BD-PIHPS,,,,,"PIHPS Provinsi Bengkulu (rata-rata pasar tradisional), bukan harga Bengkulu Tengah"
2023-02-07,PHP17,DAY01,28400,kg,BD-PIHPS,,,,,"PIHPS Provinsi Bengkulu (rata-rata pasar tradisional), bukan harga Bengkulu Tengah"
2023-02-07,PHP17,DSP01,137500,kg,BD-PIHPS,,,,,"PIHPS Provinsi Bengkulu (rata-rata pasar tradisional), bukan harga Bengkulu Tengah"
2023-02-07,PHP17,DSP02,137500,kg,BD-PIHPS,,,,,"PIHPS Provinsi Bengkulu (rata-rata pasar tradisional), bukan harga Bengkulu Tengah"
2023-02-07,PHP17,GLP01,14150,kg,BD-PIHPS,,,,,"PIHPS Provinsi Bengkulu (rata-rata pasar tradisional), bukan harga Bengkulu Tengah"
2023-02-07,PHP17,GLP02,15000,kg,BD-PIHPS,,,,,"PIHPS Provinsi Bengkulu (rata-rata pasar tradisional), bukan harga Bengkulu Tengah"
2023-02-07,PHP17,MGR01,14650,liter,BD-PIHPS,,,,,"PIHPS Provinsi Bengkulu (rata-rata pasar tradisional), bukan harga Bengkulu Tengah"
2023-02-07,PHP17,MGR02,21550,liter,BD-PIHPS,,,,,"PIHPS Provinsi Bengkulu (rata-rata pasar tradisional), bukan harga Bengkulu Tengah"
2023-02-07,PHP17,MGR03,17700,liter,BD-PIHPS,,,,,"PIHPS Provinsi Bengkulu (rata-rata pasar tradisional), bukan harga Bengkulu Tengah"
2023-02-07,PHP17,TLR01,28500,kg,BD-PIHPS,,,,,"PIHPS Provinsi Bengkulu (rata-rata pasar tradisional), bukan harga Bengkulu Tengah"
2023-02-08,PHP17,BRS01,10800,kg,BD-PIHPS,,,,,"PIHPS Provinsi Bengkulu (rata-rata pasar tradisional), bukan harga Bengkulu Tengah"
2023-02-08,PHP17,BRS02,12600,kg,BD-PIHPS,,,,,"PIHPS Provinsi Bengkulu (rata-rata pasar tradisional), bukan harga Bengkulu Tengah"
2023-02-08,PHP17,BRS03,12600,kg,BD-PIHPS,,,,,"PIHPS Provinsi Bengkulu (rata-rata pasar tradisional), bukan harga Bengkulu Tengah"
2023-02-08,PHP17,BRS04,13100,kg,BD-PIHPS,,,,,"PIHPS Provinsi Bengkulu (rata-rata pasar tradisional), bukan harga Bengkulu Tengah"
2023-02-08,PHP17,BRS05,13650,kg,BD-PIHPS,,,,,"PIHPS Provinsi Bengkulu (rata-rata pasar tradisional), bukan harga Bengkulu Tengah"
2023-02-08,PHP17,BRS06,13650,kg,BD-PIHPS,,,,,"PIHPS Provinsi Bengkulu (rata-rata pasar tradisional), bukan harga Bengkulu Tengah"
2023-02-08,PHP17,BWM01,42650,kg,BD-PIHPS,,,,,"PIHPS Provinsi Bengkulu (rata-rata pasar tradisional), bukan harga Bengkulu Tengah"
2023-02-08,PHP17,BWP01,30900,kg,BD-PIHPS,,,,,"PIHPS Provinsi Bengkulu (rata-rata pasar tradisional), bukan harga Bengkulu Tengah"
2023-02-08,PHP17,CMR01,37650,kg,BD-PIHPS,,,,,"PIHPS Provinsi Bengkulu (rata-rata pasar tradisional), bukan harga Bengkulu Tengah"
2023-02-08,PHP17,CMR02,43400,kg,BD-PIHPS,,,,,"PIHPS Provinsi Bengkulu (rata-rata pasar tradisional), bukan harga Bengkulu Tengah"
2023-02-08,PHP17,CRW01,46750,kg,BD-PIHPS,,,,,"PIHPS Provinsi Bengkulu (rata-rata pasar tradisional), bukan harga Bengkulu Tengah"
2023-02-08,PHP17,CRW02,39450,kg,BD-PIHPS,,,,,"PIHPS Provinsi Bengkulu (rata-rata pasar tradisional), bukan harga Bengkulu Tengah"
2023-02-08,PHP17,DAY01,28900,kg,BD-PIHPS,,,,,"PIHPS Provinsi Bengkulu (rata-rata pasar tradisional), bukan harga Bengkulu Tengah"
2023-02-08,PHP17,DSP01,137500,kg,BD-PIHPS,,,,,"PIHPS Provinsi Bengkulu (rata-rata pasar tradisional), bukan harga Bengkulu Tengah"
2023-02-08,PHP17,DSP02,137500,kg,BD-PIHPS,,,,,"PIHPS Provinsi Bengkulu (rata-rata pasar tradisional), bukan harga Bengkulu Tengah"
2023-02-08,PHP17,GLP01,14150,kg,BD-PIHPS,,,,,"PIHPS Provinsi Bengkulu (rata-rata pasar tradisional), bukan harga Bengkulu Tengah"
2023-02-08,PHP17,GLP02,15000,kg,BD-PIHPS,,,,,"PIHPS Provinsi Bengkulu (rata-rata pasar tradisional), bukan harga Bengkulu Tengah"
2023-02-08,PHP17,MGR01,14650,liter,BD-PIHPS,,,,,"PIHPS Provinsi Bengkulu (rata-rata pasar tradisional), bukan harga Bengkulu Tengah"
2023-02-08,PHP17,MGR02,21550,liter,BD-PIHPS,,,,,"PIHPS Provinsi Bengkulu (rata-rata pasar tradisional), bukan harga Bengkulu Tengah"
2023-02-08,PHP17,MGR03,17700,liter,BD-PIHPS,,,,,"PIHPS Provinsi Bengkulu (rata-rata pasar tradisional), bukan harga Bengkulu Tengah"
2023-02-08,PHP17,TLR01,28500,kg,BD-PIHPS,,,,,"PIHPS Provinsi Bengkulu (rata-rata pasar tradisional), bukan harga Bengkulu Tengah"
2023-02-09,PHP17,BRS01,10850,kg,BD-PIHPS,,,,,"PIHPS Provinsi Bengkulu (rata-rata pasar tradisional), bukan harga Bengkulu Tengah"
2023-02-09,PHP17,BRS02,12600,kg,BD-PIHPS,,,,,"PIHPS Provinsi Bengkulu (rata-rata pasar tradisional), bukan harga Bengkulu Tengah"
2023-02-09,PHP17,BRS03,12600,kg,BD-PIHPS,,,,,"PIHPS Provinsi Bengkulu (rata-rata pasar tradisional), bukan harga Bengkulu Tengah"
2023-02-09,PHP17,BRS04,13100,kg,BD-PIHPS,,,,,"PIHPS Provinsi Bengkulu (rata-rata pasar tradisional), bukan harga Bengkulu Tengah"
2023-02-09,PHP17,BRS05,13650,kg,BD-PIHPS,,,,,"PIHPS Provinsi Bengkulu (rata-rata pasar tradisional), bukan harga Bengkulu Tengah"
2023-02-09,PHP17,BRS06,13650,kg,BD-PIHPS,,,,,"PIHPS Provinsi Bengkulu (rata-rata pasar tradisional), bukan harga Bengkulu Tengah"
2023-02-09,PHP17,BWM01,42650,kg,BD-PIHPS,,,,,"PIHPS Provinsi Bengkulu (rata-rata pasar tradisional), bukan harga Bengkulu Tengah"
2023-02-09,PHP17,BWP01,30900,kg,BD-PIHPS,,,,,"PIHPS Provinsi Bengkulu (rata-rata pasar tradisional), bukan harga Bengkulu Tengah"
2023-02-09,PHP17,CMR01,37000,kg,BD-PIHPS,,,,,"PIHPS Provinsi Bengkulu (rata-rata pasar tradisional), bukan harga Bengkulu Tengah"
2023-02-09,PHP17,CMR02,41900,kg,BD-PIHPS,,,,,"PIHPS Provinsi Bengkulu (rata-rata pasar tradisional), bukan harga Bengkulu Tengah"
2023-02-09,PHP17,CRW01,47400,kg,BD-PIHPS,,,,,"PIHPS Provinsi Bengkulu (rata-rata pasar tradisional), bukan harga Bengkulu Tengah"
2023-02-09,PHP17,CRW02,40000,kg,BD-PIHPS,,,,,"PIHPS Provinsi Bengkulu (rata-rata pasar tradisional), bukan harga Bengkulu Tengah"
2023-02-09,PHP17,DAY01,28900,kg,BD-PIHPS,,,,,"PIHPS Provinsi Bengkulu (rata-rata pasar tradisional), bukan harga Bengkulu Tengah"
2023-02-09,PHP17,DSP01,137500,kg,BD-PIHPS,,,,,"PIHPS Provinsi Bengkulu (rata-rata pasar tradisional), bukan harga Bengkulu Tengah"
2023-02-09,PHP17,DSP02,137500,kg,BD-PIHPS,,,,,"PIHPS Provinsi Bengkulu (rata-rata pasar tradisional), bukan harga Bengkulu Tengah"
2023-02-09,PHP17,GLP01,14150,kg,BD-PIHPS,,,,,"PIHPS Provinsi Bengkulu (rata-rata pasar tradisional), bukan harga Bengkulu Tengah"
2023-02-09,PHP17,GLP02,15000,kg,BD-PIHPS,,,,,"PIHPS Provinsi Bengkulu (rata-rata pasar tradisional), bukan harga Bengkulu Tengah"
2023-02-09,PHP17,MGR01,14650,liter,BD-PIHPS,,,,,"PIHPS Provinsi Bengkulu (rata-rata pasar tradisional), bukan harga Bengkulu Tengah"
2023-02-09,PHP17,MGR02,21550,liter,BD-PIHPS,,,,,"PIHPS Provinsi Bengkulu (rata-rata pasar tradisional), bukan harga Bengkulu Tengah"
2023-02-09,PHP17,MGR03,17700,liter,BD-PIHPS,,,,,"PIHPS Provinsi Bengkulu (rata-rata pasar tradisional), bukan harga Bengkulu Tengah"
2023-02-09,PHP17,TLR01,28500,kg,BD-PIHPS,,,,,"PIHPS Provinsi Bengkulu (rata-rata pasar tradisional), bukan harga Bengkulu Tengah"
2023-02-10,PHP17,BRS01,10850,kg,BD-PIHPS,,,,,"PIHPS Provinsi Bengkulu (rata-rata pasar tradisional), bukan harga Bengkulu Tengah"
2023-02-10,PHP17,BRS02,12600,kg,BD-PIHPS,,,,,"PIHPS Provinsi Bengkulu (rata-rata pasar tradisional), bukan harga Bengkulu Tengah"
2023-02-10,PHP17,BRS03,12600,kg,BD-PIHPS,,,,,"PIHPS Provinsi Bengkulu (rata-rata pasar tradisional), bukan harga Bengkulu Tengah"
2023-02-10,PHP17,BRS04,13100,kg,BD-PIHPS,,,,,"PIHPS Provinsi Bengkulu (rata-rata pasar tradisional), bukan harga Bengkulu Tengah"
2023-02-10,PHP17,BRS05,13650,kg,BD-PIHPS,,,,,"PIHPS Provinsi Bengkulu (rata-rata pasar tradisional), bukan harga Bengkulu Tengah"
2023-02-10,PHP17,BRS06,13650,kg,BD-PIHPS,,,,,"PIHPS Provinsi Bengkulu (rata-rata pasar tradisional), bukan harga Bengkulu Tengah"
2023-02-10,PHP17,BWM01,42150,kg,BD-PIHPS,,,,,"PIHPS Provinsi Bengkulu (rata-rata pasar tradisional), bukan harga Bengkulu Tengah"
2023-02-10,PHP17,BWP01,30900,kg,BD-PIHPS,,,,,"PIHPS Provinsi Bengkulu (rata-rata pasar tradisional), bukan harga Bengkulu Tengah"
2023-02-10,PHP17,CMR01,38150,kg,BD-PIHPS,,,,,"PIHPS Provinsi Bengkulu (rata-rata pasar tradisional), bukan harga Bengkulu Tengah"
2023-02-10,PHP17,CMR02,42750,kg,BD-PIHPS,,,,,"PIHPS Provinsi Bengkulu (rata-rata pasar tradisional), bukan harga Bengkulu Tengah"
2023-02-10,PHP17,CRW01,47650,kg,BD-PIHPS,,,,,"PIHPS Provinsi Bengkulu (rata-rata pasar tradisional), bukan harga Bengkulu Tengah"
2023-02-10,PHP17,CRW02,41100,kg,BD-PIHPS,,,,,"PIHPS Provinsi Bengkulu (rata-rata pasar tradisional), bukan harga Bengkulu Tengah"
2023-02-10,PHP17,DAY01,28650,kg,BD-PIHPS,,,,,"PIHPS Provinsi Bengkulu (rata-rata pasar tradisional), bukan harga Bengkulu Tengah"
2023-02-10,PHP17,DSP01,137500,kg,BD-PIHPS,,,,,"PIHPS Provinsi Bengkulu (rata-rata pasar tradisional), bukan harga Bengkulu Tengah"
2023-02-10,PHP17,DSP02,137500,kg,BD-PIHPS,,,,,"PIHPS Provinsi Bengkulu (rata-rata pasar tradisional), bukan harga Bengkulu Tengah"
2023-02-10,PHP17,GLP01,14150,kg,BD-PIHPS,,,,,"PIHPS Provinsi Bengkulu (rata-rata pasar tradisional), bukan harga Bengkulu Tengah"
2023-02-10,PHP17,GLP02,15000,kg,BD-PIHPS,,,,,"PIHPS Provinsi Bengkulu (rata-rata pasar tradisional), bukan harga Bengkulu Tengah"
2023-02-10,PHP17,MGR01,14650,liter,BD-PIHPS,,,,,"PIHPS Provinsi Bengkulu (rata-rata pasar tradisional), bukan harga Bengkulu Tengah"
2023-02-10,PHP17,MGR02,21550,liter,BD-PIHPS,,,,,"PIHPS Provinsi Bengkulu (rata-rata pasar tradisional), bukan harga Bengkulu Tengah"
2023-02-10,PHP17,MGR03,17700,liter,BD-PIHPS,,,,,"PIHPS Provinsi Bengkulu (rata-rata pasar tradisional), bukan harga Bengkulu Tengah"
2023-02-10,PHP17,TLR01,28500,kg,BD-PIHPS,,,,,"PIHPS Provinsi Bengkulu (rata-rata pasar tradisional), bukan harga Bengkulu Tengah"
2023-02-13,PHP17,BRS01,10850,kg,BD-PIHPS,,,,,"PIHPS Provinsi Bengkulu (rata-rata pasar tradisional), bukan harga Bengkulu Tengah"
2023-02-13,PHP17,BRS02,12600,kg,BD-PIHPS,,,,,"PIHPS Provinsi Bengkulu (rata-rata pasar tradisional), bukan harga Bengkulu Tengah"
2023-02-13,PHP17,BRS03,12600,kg,BD-PIHPS,,,,,"PIHPS Provinsi Bengkulu (rata-rata pasar tradisional), bukan harga Bengkulu Tengah"
2023-02-13,PHP17,BRS04,13100,kg,BD-PIHPS,,,,,"PIHPS Provinsi Bengkulu (rata-rata pasar tradisional), bukan harga Bengkulu Tengah"
2023-02-13,PHP17,BRS05,13650,kg,BD-PIHPS,,,,,"PIHPS Provinsi Bengkulu (rata-rata pasar tradisional), bukan harga Bengkulu Tengah"
2023-02-13,PHP17,BRS06,13650,kg,BD-PIHPS,,,,,"PIHPS Provinsi Bengkulu (rata-rata pasar tradisional), bukan harga Bengkulu Tengah"
2023-02-13,PHP17,BWM01,42150,kg,BD-PIHPS,,,,,"PIHPS Provinsi Bengkulu (rata-rata pasar tradisional), bukan harga Bengkulu Tengah"
2023-02-13,PHP17,BWP01,30150,kg,BD-PIHPS,,,,,"PIHPS Provinsi Bengkulu (rata-rata pasar tradisional), bukan harga Bengkulu Tengah"
2023-02-13,PHP17,CMR01,36650,kg,BD-PIHPS,,,,,"PIHPS Provinsi Bengkulu (rata-rata pasar tradisional), bukan harga Bengkulu Tengah"
2023-02-13,PHP17,CMR02,41150,kg,BD-PIHPS,,,,,"PIHPS Provinsi Bengkulu (rata-rata pasar tradisional), bukan harga Bengkulu Tengah"
2023-02-13,PHP17,CRW01,47250,kg,BD-PIHPS,,,,,"PIHPS Provinsi Bengkulu (rata-rata pasar tradisional), bukan harga Bengkulu Tengah"
2023-02-13,PHP17,CRW02,41000,kg,BD-PIHPS,,,,,"PIHPS Provinsi Bengkulu (rata-rata pasar tradisional), bukan harga Bengkulu Tengah"
2023-02-13,PHP17,DAY01,28900,kg,BD-PIHPS,,,,,"PIHPS Provinsi Bengkulu (rata-rata pasar tradisional), bukan harga Bengkulu Tengah"
2023-02-13,PHP17,DSP01,137500,kg,BD-PIHPS,,,,,"PIHPS Provinsi Bengkulu (rata-rata pasar tradisional), bukan harga Bengkulu Tengah"
2023-02-13,PHP17,DSP02,137500,kg,BD-PIHPS,,,,,"PIHPS Provinsi Bengkulu (rata-rata pasar tradisional), bukan harga Bengkulu Tengah"
2023-02-13,PHP17,GLP01,14150,kg,BD-PIHPS,,,,,"PIHPS Provinsi Bengkulu (rata-rata pasar tradisional), bukan harga Bengkulu Tengah"
2023-02-13,PHP17,GLP02,15000,kg,BD-PIHPS,,,,,"PIHPS Provinsi Bengkulu (rata-rata pasar tradisional), bukan harga Bengkulu Tengah"
2023-02-13,PHP17,MGR01,14650,liter,BD-PIHPS,,,,,"PIHPS Provinsi Bengkulu (rata-rata pasar tradisional), bukan harga Bengkulu Tengah"
2023-02-13,PHP17,MGR02,21550,liter,BD-PIHPS,,,,,"PIHPS Provinsi Bengkulu (rata-rata pasar tradisional), bukan harga Bengkulu Tengah"
2023-02-13,PHP17,MGR03,17700,liter,BD-PIHPS,,,,,"PIHPS Provinsi Bengkulu (rata-rata pasar tradisional), bukan harga Bengkulu Tengah"
2023-02-13,PHP17,TLR01,28500,kg,BD-PIHPS,,,,,"PIHPS Provinsi Bengkulu (rata-rata pasar tradisional), bukan harga Bengkulu Tengah"
2023-02-14,PHP17,BRS01,10900,kg,BD-PIHPS,,,,,"PIHPS Provinsi Bengkulu (rata-rata pasar tradisional), bukan harga Bengkulu Tengah"
2023-02-14,PHP17,BRS02,12750,kg,BD-PIHPS,,,,,"PIHPS Provinsi Bengkulu (rata-rata pasar tradisional), bukan harga Bengkulu Tengah"
2023-02-14,PHP17,BRS03,12850,kg,BD-PIHPS,,,,,"PIHPS Provinsi Bengkulu (rata-rata pasar tradisional), bukan harga Bengkulu Tengah"
2023-02-14,PHP17,BRS04,13250,kg,BD-PIHPS,,,,,"PIHPS Provinsi Bengkulu (rata-rata pasar tradisional), bukan harga Bengkulu Tengah"
2023-02-14,PHP17,BRS05,13750,kg,BD-PIHPS,,,,,"PIHPS Provinsi Bengkulu (rata-rata pasar tradisional), bukan harga Bengkulu Tengah"
2023-02-14,PHP17,BRS06,13750,kg,BD-PIHPS,,,,,"PIHPS Provinsi Bengkulu (rata-rata pasar tradisional), bukan harga Bengkulu Tengah"
2023-02-14,PHP17,BWM01,40900,kg,BD-PIHPS,,,,,"PIHPS Provinsi Bengkulu (rata-rata pasar tradisional), bukan harga Bengkulu Tengah"
2023-02-14,PHP17,BWP01,29500,kg,BD-PIHPS,,,,,"PIHPS Provinsi Bengkulu (rata-rata pasar tradisional), bukan harga Bengkulu Tengah"
2023-02-14,PHP17,CMR01,35500,kg,BD-PIHPS,,,,,"PIHPS Provinsi Bengkulu (rata-rata pasar tradisional), bukan harga Bengkulu Tengah"
2023-02-14,PHP17,CMR02,39750,kg,BD-PIHPS,,,,,"PIHPS Provinsi Bengkulu (rata-rata pasar tradisional), bukan harga Bengkulu Tengah"
2023-02-14,PHP17,CRW01,46750,kg,BD-PIHPS,,,,,"PIHPS Provinsi Bengkulu (rata-rata pasar tradisional), bukan harga Bengkulu Tengah"
2023-02-14,PHP17,CRW02,39950,kg,BD-PIHPS,,,,,"PIHPS Provinsi Bengkulu (rata-rata pasar tradisional), bukan harga Bengkulu Tengah"
2023-02-14,PHP17,DAY01,28900,kg,BD-PIHPS,,,,,"PIHPS Provinsi Bengkulu (rata-rata pasar tradisional), bukan harga Bengkulu Tengah"
2023-02-14,PHP17,DSP01,137500,kg,BD-PIHPS,,,,,"PIHPS Provinsi Bengkulu (rata-rata pasar tradisional), bukan harga Bengkulu Tengah"
2023-02-14,PHP17,DSP02,137500,kg,BD-PIHPS,,,,,"PIHPS Provinsi Bengkulu (rata-rata pasar tradisional), bukan harga Bengkulu Tengah"
2023-02-14,PHP17,GLP01,14150,kg,BD-PIHPS,,,,,"PIHPS Provinsi Bengkulu (rata-rata pasar tradisional), bukan harga Bengkulu Tengah"
2023-02-14,PHP17,GLP02,15000,kg,BD-PIHPS,,,,,"PIHPS Provinsi Bengkulu (rata-rata pasar tradisional), bukan harga Bengkulu Tengah"
2023-02-14,PHP17,MGR01,14650,liter,BD-PIHPS,,,,,"PIHPS Provinsi Bengkulu (rata-rata pasar tradisional), bukan harga Bengkulu Tengah"
2023-02-14,PHP17,MGR02,21550,liter,BD-PIHPS,,,,,"PIHPS Provinsi Bengkulu (rata-rata pasar tradisional), bukan harga Bengkulu Tengah"
2023-02-14,PHP17,MGR03,17700,liter,BD-PIHPS,,,,,"PIHPS Provinsi Bengkulu (rata-rata pasar tradisional), bukan harga Bengkulu Tengah"
2023-02-14,PHP17,TLR01,28500,kg,BD-PIHPS,,,,,"PIHPS Provinsi Bengkulu (rata-rata pasar tradisional), bukan harga Bengkulu Tengah"
2023-02-15,PHP17,BRS01,10900,kg,BD-PIHPS,,,,,"PIHPS Provinsi Bengkulu (rata-rata pasar tradisional), bukan harga Bengkulu Tengah"
2023-02-15,PHP17,BRS02,12750,kg,BD-PIHPS,,,,,"PIHPS Provinsi Bengkulu (rata-rata pasar tradisional), bukan harga Bengkulu Tengah"
2023-02-15,PHP17,BRS03,12850,kg,BD-PIHPS,,,,,"PIHPS Provinsi Bengkulu (rata-rata pasar tradisional), bukan harga Bengkulu Tengah"
2023-02-15,PHP17,BRS04,13250,kg,BD-PIHPS,,,,,"PIHPS Provinsi Bengkulu (rata-rata pasar tradisional), bukan harga Bengkulu Tengah"
2023-02-15,PHP17,BRS05,13750,kg,BD-PIHPS,,,,,"PIHPS Provinsi Bengkulu (rata-rata pasar tradisional), bukan harga Bengkulu Tengah"
2023-02-15,PHP17,BRS06,13750,kg,BD-PIHPS,,,,,"PIHPS Provinsi Bengkulu (rata-rata pasar tradisional), bukan harga Bengkulu Tengah"
2023-02-15,PHP17,BWM01,40900,kg,BD-PIHPS,,,,,"PIHPS Provinsi Bengkulu (rata-rata pasar tradisional), bukan harga Bengkulu Tengah"
2023-02-15,PHP17,BWP01,28500,kg,BD-PIHPS,,,,,"PIHPS Provinsi Bengkulu (rata-rata pasar tradisional), bukan harga Bengkulu Tengah"
2023-02-15,PHP17,CMR01,35000,kg,BD-PIHPS,,,,,"PIHPS Provinsi Bengkulu (rata-rata pasar tradisional), bukan harga Bengkulu Tengah"
2023-02-15,PHP17,CMR02,38650,kg,BD-PIHPS,,,,,"PIHPS Provinsi Bengkulu (rata-rata pasar tradisional), bukan harga Bengkulu Tengah"
2023-02-15,PHP17,CRW01,46250,kg,BD-PIHPS,,,,,"PIHPS Provinsi Bengkulu (rata-rata pasar tradisional), bukan harga Bengkulu Tengah"
2023-02-15,PHP17,CRW02,39700,kg,BD-PIHPS,,,,,"PIHPS Provinsi Bengkulu (rata-rata pasar tradisional), bukan harga Bengkulu Tengah"
2023-02-15,PHP17,DAY01,29750,kg,BD-PIHPS,,,,,"PIHPS Provinsi Bengkulu (rata-rata pasar tradisional), bukan harga Bengkulu Tengah"
2023-02-15,PHP17,DSP01,137500,kg,BD-PIHPS,,,,,"PIHPS Provinsi Bengkulu (rata-rata pasar tradisional), bukan harga Bengkulu Tengah"
2023-02-15,PHP17,DSP02,137500,kg,BD-PIHPS,,,,,"PIHPS Provinsi Bengkulu (rata-rata pasar tradisional), bukan harga Bengkulu Tengah"
2023-02-15,PHP17,GLP01,14150,kg,BD-PIHPS,,,,,"PIHPS Provinsi Bengkulu (rata-rata pasar tradisional), bukan harga Bengkulu Tengah"
2023-02-15,PHP17,GLP02,15000,kg,BD-PIHPS,,,,,"PIHPS Provinsi Bengkulu (rata-rata pasar tradisional), bukan harga Bengkulu Tengah"
2023-02-15,PHP17,MGR01,14650,liter,BD-PIHPS,,,,,"PIHPS Provinsi Bengkulu (rata-rata pasar tradisional), bukan harga Bengkulu Tengah"
2023-02-15,PHP17,MGR02,21550,liter,BD-PIHPS,,,,,"PIHPS Provinsi Bengkulu (rata-rata pasar tradisional), bukan harga Bengkulu Tengah"
2023-02-15,PHP17,MGR03,17700,liter,BD-PIHPS,,,,,"PIHPS Provinsi Bengkulu (rata-rata pasar tradisional), bukan harga Bengkulu Tengah"
2023-02-15,PHP17,TLR01,28250,kg,BD-PIHPS,,,,,"PIHPS Provinsi Bengkulu (rata-rata pasar tradisional), bukan harga Bengkulu Tengah"
2023-02-16,PHP17,BRS01,10900,kg,BD-PIHPS,,,,,"PIHPS Provinsi Bengkulu (rata-rata pasar tradisional), bukan harga Bengkulu Tengah"
2023-02-16,PHP17,BRS02,12750,kg,BD-PIHPS,,,,,"PIHPS Provinsi Bengkulu (rata-rata pasar tradisional), bukan harga Bengkulu Tengah"
2023-02-16,PHP17,BRS03,12850,kg,BD-PIHPS,,,,,"PIHPS Provinsi Bengkulu (rata-rata pasar tradisional), bukan harga Bengkulu Tengah"
2023-02-16,PHP17,BRS04,13250,kg,BD-PIHPS,,,,,"PIHPS Provinsi Bengkulu (rata-rata pasar tradisional), bukan harga Bengkulu Tengah"
2023-02-16,PHP17,BRS05,13750,kg,BD-PIHPS,,,,,"PIHPS Provinsi Bengkulu (rata-rata pasar tradisional), bukan harga Bengkulu Tengah"
2023-02-16,PHP17,BRS06,13750,kg,BD-PIHPS,,,,,"PIHPS Provinsi Bengkulu (rata-rata pasar tradisional), bukan harga Bengkulu Tengah"
2023-02-16,PHP17,BWM01,40500,kg,BD-PIHPS,,,,,"PIHPS Provinsi Bengkulu (rata-rata pasar tradisional), bukan harga Bengkulu Tengah"
2023-02-16,PHP17,BWP01,28500,kg,BD-PIHPS,,,,,"PIHPS Provinsi Bengkulu (rata-rata pasar tradisional), bukan harga Bengkulu Tengah"
2023-02-16,PHP17,CMR01,33400,kg,BD-PIHPS,,,,,"PIHPS Provinsi Bengkulu (rata-rata pasar tradisional), bukan harga Bengkulu Tengah"
2023-02-16,PHP17,CMR02,37000,kg,BD-PIHPS,,,,,"PIHPS Provinsi Bengkulu (rata-rata pasar tradisional), bukan harga Bengkulu Tengah"
2023-02-16,PHP17,CRW01,46250,kg,BD-PIHPS,,,,,"PIHPS Provinsi Bengkulu (rata-rata pasar tradisional), bukan harga Bengkulu Tengah"
2023-02-16,PHP17,CRW02,38700,kg,BD-PIHPS,,,,,"PIHPS Provinsi Bengkulu (rata-rata pasar tradisional), bukan harga Bengkulu Tengah"
2023-02-16,PHP17,DAY01,29750,kg,BD-PIHPS,,,,,"PIHPS Provinsi Bengkulu (rata-rata pasar tradisional), bukan harga Bengkulu Tengah"
2023-02-16,PHP17,DSP01,137500,kg,BD-PIHPS,,,,,"PIHPS Provinsi Bengkulu (rata-rata pasar tradisional), bukan harga Bengkulu Tengah"
2023-02-16,PHP17,DSP02,137500,kg,BD-PIHPS,,,,,"PIHPS Provinsi Bengkulu (rata-rata pasar tradisional), bukan harga Bengkulu Tengah"
2023-02-16,PHP17,GLP01,14150,kg,BD-PIHPS,,,,,"PIHPS Provinsi Bengkulu (rata-rata pasar tradisional), bukan harga Bengkulu Tengah"
2023-02-16,PHP17,GLP02,15000,kg,BD-PIHPS,,,,,"PIHPS Provinsi Bengkulu (rata-rata pasar tradisional), bukan harga Bengkulu Tengah"
2023-02-16,PHP17,MGR01,14650,liter,BD-PIHPS,,,,,"PIHPS Provinsi Bengkulu (rata-rata pasar tradisional), bukan harga Bengkulu Tengah"
2023-02-16,PHP17,MGR02,21550,liter,BD-PIHPS,,,,,"PIHPS Provinsi Bengkulu (rata-rata pasar tradisional), bukan harga Bengkulu Tengah"
2023-02-16,PHP17,MGR03,17700,liter,BD-PIHPS,,,,,"PIHPS Provinsi Bengkulu (rata-rata pasar tradisional), bukan harga Bengkulu Tengah"
2023-02-16,PHP17,TLR01,27950,kg,BD-PIHPS,,,,,"PIHPS Provinsi Bengkulu (rata-rata pasar tradisional), bukan harga Bengkulu Tengah"
2023-02-17,PHP17,BRS01,10950,kg,BD-PIHPS,,,,,"PIHPS Provinsi Bengkulu (rata-rata pasar tradisional), bukan harga Bengkulu Tengah"
2023-02-17,PHP17,BRS02,12800,kg,BD-PIHPS,,,,,"PIHPS Provinsi Bengkulu (rata-rata pasar tradisional), bukan harga Bengkulu Tengah"
2023-02-17,PHP17,BRS03,12950,kg,BD-PIHPS,,,,,"PIHPS Provinsi Bengkulu (rata-rata pasar tradisional), bukan harga Bengkulu Tengah"
2023-02-17,PHP17,BRS04,13250,kg,BD-PIHPS,,,,,"PIHPS Provinsi Bengkulu (rata-rata pasar tradisional), bukan harga Bengkulu Tengah"
2023-02-17,PHP17,BRS05,13800,kg,BD-PIHPS,,,,,"PIHPS Provinsi Bengkulu (rata-rata pasar tradisional), bukan harga Bengkulu Tengah"
2023-02-17,PHP17,BRS06,13800,kg,BD-PIHPS,,,,,"PIHPS Provinsi Bengkulu (rata-rata pasar tradisional), bukan harga Bengkulu Tengah"
2023-02-17,PHP17,BWM01,38400,kg,BD-PIHPS,,,,,"PIHPS Provinsi Bengkulu (rata-rata pasar tradisional), bukan harga Bengkulu Tengah"
2023-02-17,PHP17,BWP01,28400,kg,BD-PIHPS,,,,,"PIHPS Provinsi Bengkulu (rata-rata pasar tradisional), bukan harga Bengkulu Tengah"
2023-02-17,PHP17,CMR01,35150,kg,BD-PIHPS,,,,,"PIHPS Provinsi Bengkulu (rata-rata pasar tradisional), bukan harga Bengkulu Tengah"
2023-02-17,PHP17,CMR02,40250,kg,BD-PIHPS,,,,,"PIHPS Provinsi Bengkulu (rata-rata pasar tradisional), bukan harga Bengkulu Tengah"
2023-02-17,PHP17,CRW01,45400,kg,BD-PIHPS,,,,,"PIHPS Provinsi Bengkulu (rata-rata pasar tradisional), bukan harga Bengkulu Tengah"
2023-02-17,PHP17,CRW02,38450,kg,BD-PIHPS,,,,,"PIHPS Provinsi Bengkulu (rata-rata pasar tradisional), bukan harga Bengkulu Tengah"
2023-02-17,PHP17,DAY01,29750,kg,BD-PIHPS,,,,,"PIHPS Provinsi Bengkulu (rata-rata pasar tradisional), bukan harga Bengkulu Tengah"
2023-02-17,PHP17,DSP01,137500,kg,BD-PIHPS,,,,,"PIHPS Provinsi Bengkulu (rata-rata pasar tradisional), bukan harga Bengkulu Tengah"
2023-02-17,PHP17,DSP02,137500,kg,BD-PIHPS,,,,,"PIHPS Provinsi Bengkulu (rata-rata pasar tradisional), bukan harga Bengkulu Tengah"
2023-02-17,PHP17,GLP01,14150,kg,BD-PIHPS,,,,,"PIHPS Provinsi Bengkulu (rata-rata pasar tradisional), bukan harga Bengkulu Tengah"
2023-02-17,PHP17,GLP02,15000,kg,BD-PIHPS,,,,,"PIHPS Provinsi Bengkulu (rata-rata pasar tradisional), bukan harga Bengkulu Tengah"
2023-02-17,PHP17,MGR01,14650,liter,BD-PIHPS,,,,,"PIHPS Provinsi Bengkulu (rata-rata pasar tradisional), bukan harga Bengkulu Tengah"
2023-02-17,PHP17,MGR02,21550,liter,BD-PIHPS,,,,,"PIHPS Provinsi Bengkulu (rata-rata pasar tradisional), bukan harga Bengkulu Tengah"
2023-02-17,PHP17,MGR03,17700,liter,BD-PIHPS,,,,,"PIHPS Provinsi Bengkulu (rata-rata pasar tradisional), bukan harga Bengkulu Tengah"
2023-02-17,PHP17,TLR01,27950,kg,BD-PIHPS,,,,,"PIHPS Provinsi Bengkulu (rata-rata pasar tradisional), bukan harga Bengkulu Tengah"
2023-02-20,PHP17,BRS01,10950,kg,BD-PIHPS,,,,,"PIHPS Provinsi Bengkulu (rata-rata pasar tradisional), bukan harga Bengkulu Tengah"
2023-02-20,PHP17,BRS02,12800,kg,BD-PIHPS,,,,,"PIHPS Provinsi Bengkulu (rata-rata pasar tradisional), bukan harga Bengkulu Tengah"
2023-02-20,PHP17,BRS03,12950,kg,BD-PIHPS,,,,,"PIHPS Provinsi Bengkulu (rata-rata pasar tradisional), bukan harga Bengkulu Tengah"
2023-02-20,PHP17,BRS04,13250,kg,BD-PIHPS,,,,,"PIHPS Provinsi Bengkulu (rata-rata pasar tradisional), bukan harga Bengkulu Tengah"
2023-02-20,PHP17,BRS05,13800,kg,BD-PIHPS,,,,,"PIHPS Provinsi Bengkulu (rata-rata pasar tradisional), bukan harga Bengkulu Tengah"
2023-02-20,PHP17,BRS06,13800,kg,BD-PIHPS,,,,,"PIHPS Provinsi Bengkulu (rata-rata pasar tradisional), bukan harga Bengkulu Tengah"
2023-02-20,PHP17,BWM01,38900,kg,BD-PIHPS,,,,,"PIHPS Provinsi Bengkulu (rata-rata pasar tradisional), bukan harga Bengkulu Tengah"
2023-02-20,PHP17,BWP01,29500,kg,BD-PIHPS,,,,,"PIHPS Provinsi Bengkulu (rata-rata pasar tradisional), bukan harga Bengkulu Tengah"
2023-02-20,PHP17,CMR01,35150,kg,BD-PIHPS,,,,,"PIHPS Provinsi Bengkulu (rata-rata pasar tradisional), bukan harga Bengkulu Tengah"
2023-02-20,PHP17,CMR02,41900,kg,BD-PIHPS,,,,,"PIHPS Provinsi Bengkulu (rata-rata pasar tradisional), bukan harga Bengkulu Tengah"
2023-02-20,PHP17,CRW01,45000,kg,BD-PIHPS,,,,,"PIHPS Provinsi Bengkulu (rata-rata pasar tradisional), bukan harga Bengkulu Tengah"
2023-02-20,PHP17,CRW02,39650,kg,BD-PIHPS,,,,,"PIHPS Provinsi Bengkulu (rata-rata pasar tradisional), bukan harga Bengkulu Tengah"
2023-02-20,PHP17,DAY01,29500,kg,BD-PIHPS,,,,,"PIHPS Provinsi Bengkulu (rata-rata pasar tradisional), bukan harga Bengkulu Tengah"
2023-02-20,PHP17,DSP01,137500,kg,BD-PIHPS,,,,,"PIHPS Provinsi Bengkulu (rata-rata pasar tradisional), bukan harga Bengkulu Tengah"
2023-02-20,PHP17,DSP02,137500,kg,BD-PIHPS,,,,,"PIHPS Provinsi Bengkulu (rata-rata pasar tradisional), bukan harga Bengkulu Tengah"
2023-02-20,PHP17,GLP01,14150,kg,BD-PIHPS,,,,,"PIHPS Provinsi Bengkulu (rata-rata pasar tradisional), bukan harga Bengkulu Tengah"
2023-02-20,PHP17,GLP02,15000,kg,BD-PIHPS,,,,,"PIHPS Provinsi Bengkulu (rata-rata pasar tradisional), bukan harga Bengkulu Tengah"
2023-02-20,PHP17,MGR01,14650,liter,BD-PIHPS,,,,,"PIHPS Provinsi Bengkulu (rata-rata pasar tradisional), bukan harga Bengkulu Tengah"
2023-02-20,PHP17,MGR02,21550,liter,BD-PIHPS,,,,,"PIHPS Provinsi Bengkulu (rata-rata pasar tradisional), bukan harga Bengkulu Tengah"
2023-02-20,PHP17,MGR03,17950,liter,BD-PIHPS,,,,,"PIHPS Provinsi Bengkulu (rata-rata pasar tradisional), bukan harga Bengkulu Tengah"
2023-02-20,PHP17,TLR01,27850,kg,BD-PIHPS,,,,,"PIHPS Provinsi Bengkulu (rata-rata pasar tradisional), bukan harga Bengkulu Tengah"
2023-02-21,PHP17,BRS01,10950,kg,BD-PIHPS,,,,,"PIHPS Provinsi Bengkulu (rata-rata pasar tradisional), bukan harga Bengkulu Tengah"
2023-02-21,PHP17,BRS02,12800,kg,BD-PIHPS,,,,,"PIHPS Provinsi Bengkulu (rata-rata pasar tradisional), bukan harga Bengkulu Tengah"
2023-02-21,PHP17,BRS03,12950,kg,BD-PIHPS,,,,,"PIHPS Provinsi Bengkulu (rata-rata pasar tradisional), bukan harga Bengkulu Tengah"
2023-02-21,PHP17,BRS04,13250,kg,BD-PIHPS,,,,,"PIHPS Provinsi Bengkulu (rata-rata pasar tradisional), bukan harga Bengkulu Tengah"
2023-02-21,PHP17,BRS05,13800,kg,BD-PIHPS,,,,,"PIHPS Provinsi Bengkulu (rata-rata pasar tradisional), bukan harga Bengkulu Tengah"
2023-02-21,PHP17,BRS06,13800,kg,BD-PIHPS,,,,,"PIHPS Provinsi Bengkulu (rata-rata pasar tradisional), bukan harga Bengkulu Tengah"
2023-02-21,PHP17,BWM01,39500,kg,BD-PIHPS,,,,,"PIHPS Provinsi Bengkulu (rata-rata pasar tradisional), bukan harga Bengkulu Tengah"
2023-02-21,PHP17,BWP01,30250,kg,BD-PIHPS,,,,,"PIHPS Provinsi Bengkulu (rata-rata pasar tradisional), bukan harga Bengkulu Tengah"
2023-02-21,PHP17,CMR01,35150,kg,BD-PIHPS,,,,,"PIHPS Provinsi Bengkulu (rata-rata pasar tradisional), bukan harga Bengkulu Tengah"
2023-02-21,PHP17,CMR02,42400,kg,BD-PIHPS,,,,,"PIHPS Provinsi Bengkulu (rata-rata pasar tradisional), bukan harga Bengkulu Tengah"
2023-02-21,PHP17,CRW01,45150,kg,BD-PIHPS,,,,,"PIHPS Provinsi Bengkulu (rata-rata pasar tradisional), bukan harga Bengkulu Tengah"
2023-02-21,PHP17,CRW02,40150,kg,BD-PIHPS,,,,,"PIHPS Provinsi Bengkulu (rata-rata pasar tradisional), bukan harga Bengkulu Tengah"
2023-02-21,PHP17,DAY01,29150,kg,BD-PIHPS,,,,,"PIHPS Provinsi Bengkulu (rata-rata pasar tradisional), bukan harga Bengkulu Tengah"
2023-02-21,PHP17,DSP01,137500,kg,BD-PIHPS,,,,,"PIHPS Provinsi Bengkulu (rata-rata pasar tradisional), bukan harga Bengkulu Tengah"
2023-02-21,PHP17,DSP02,137500,kg,BD-PIHPS,,,,,"PIHPS Provinsi Bengkulu (rata-rata pasar tradisional), bukan harga Bengkulu Tengah"
2023-02-21,PHP17,GLP01,14150,kg,BD-PIHPS,,,,,"PIHPS Provinsi Bengkulu (rata-rata pasar tradisional), bukan harga Bengkulu Tengah"
2023-02-21,PHP17,GLP02,15000,kg,BD-PIHPS,,,,,"PIHPS Provinsi Bengkulu (rata-rata pasar tradisional), bukan harga Bengkulu Tengah"
2023-02-21,PHP17,MGR01,15150,liter,BD-PIHPS,,,,,"PIHPS Provinsi Bengkulu (rata-rata pasar tradisional), bukan harga Bengkulu Tengah"
2023-02-21,PHP17,MGR02,21550,liter,BD-PIHPS,,,,,"PIHPS Provinsi Bengkulu (rata-rata pasar tradisional), bukan harga Bengkulu Tengah"
2023-02-21,PHP17,MGR03,17950,liter,BD-PIHPS,,,,,"PIHPS Provinsi Bengkulu (rata-rata pasar tradisional), bukan harga Bengkulu Tengah"
2023-02-21,PHP17,TLR01,27850,kg,BD-PIHPS,,,,,"PIHPS Provinsi Bengkulu (rata-rata pasar tradisional), bukan harga Bengkulu Tengah"
2023-02-22,PHP17,BRS01,10950,kg,BD-PIHPS,,,,,"PIHPS Provinsi Bengkulu (rata-rata pasar tradisional), bukan harga Bengkulu Tengah"
2023-02-22,PHP17,BRS02,12800,kg,BD-PIHPS,,,,,"PIHPS Provinsi Bengkulu (rata-rata pasar tradisional), bukan harga Bengkulu Tengah"
2023-02-22,PHP17,BRS03,12950,kg,BD-PIHPS,,,,,"PIHPS Provinsi Bengkulu (rata-rata pasar tradisional), bukan harga Bengkulu Tengah"
2023-02-22,PHP17,BRS04,13250,kg,BD-PIHPS,,,,,"PIHPS Provinsi Bengkulu (rata-rata pasar tradisional), bukan harga Bengkulu Tengah"
2023-02-22,PHP17,BRS05,13800,kg,BD-PIHPS,,,,,"PIHPS Provinsi Bengkulu (rata-rata pasar tradisional), bukan harga Bengkulu Tengah"
2023-02-22,PHP17,BRS06,13800,kg,BD-PIHPS,,,,,"PIHPS Provinsi Bengkulu (rata-rata pasar tradisional), bukan harga Bengkulu Tengah"
2023-02-22,PHP17,BWM01,39750,kg,BD-PIHPS,,,,,"PIHPS Provinsi Bengkulu (rata-rata pasar tradisional), bukan harga Bengkulu Tengah"
2023-02-22,PHP17,BWP01,30500,kg,BD-PIHPS,,,,,"PIHPS Provinsi Bengkulu (rata-rata pasar tradisional), bukan harga Bengkulu Tengah"
2023-02-22,PHP17,CMR01,36500,kg,BD-PIHPS,,,,,"PIHPS Provinsi Bengkulu (rata-rata pasar tradisional), bukan harga Bengkulu Tengah"
2023-02-22,PHP17,CMR02,43400,kg,BD-PIHPS,,,,,"PIHPS Provinsi Bengkulu (rata-rata pasar tradisional), bukan harga Bengkulu Tengah"
2023-02-22,PHP17,CRW01,43250,kg,BD-PIHPS,,,,,"PIHPS Provinsi Bengkulu (rata-rata pasar tradisional), bukan harga Bengkulu Tengah"
2023-02-22,PHP17,CRW02,40400,kg,BD-PIHPS,,,,,"PIHPS Provinsi Bengkulu (rata-rata pasar tradisional), bukan harga Bengkulu Tengah"
2023-02-22,PHP17,DAY01,29400,kg,BD-PIHPS,,,,,"PIHPS Provinsi Bengkulu (rata-rata pasar tradisional), bukan harga Bengkulu Tengah"
2023-02-22,PHP17,DSP01,137500,kg,BD-PIHPS,,,,,"PIHPS Provinsi Bengkulu (rata-rata pasar tradisional), bukan harga Bengkulu Tengah"
2023-02-22,PHP17,DSP02,137500,kg,BD-PIHPS,,,,,"PIHPS Provinsi Bengkulu (rata-rata pasar tradisional), bukan harga Bengkulu Tengah"
2023-02-22,PHP17,GLP01,14150,kg,BD-PIHPS,,,,,"PIHPS Provinsi Bengkulu (rata-rata pasar tradisional), bukan harga Bengkulu Tengah"
2023-02-22,PHP17,GLP02,15000,kg,BD-PIHPS,,,,,"PIHPS Provinsi Bengkulu (rata-rata pasar tradisional), bukan harga Bengkulu Tengah"
2023-02-22,PHP17,MGR01,16000,liter,BD-PIHPS,,,,,"PIHPS Provinsi Bengkulu (rata-rata pasar tradisional), bukan harga Bengkulu Tengah"
2023-02-22,PHP17,MGR02,21550,liter,BD-PIHPS,,,,,"PIHPS Provinsi Bengkulu (rata-rata pasar tradisional), bukan harga Bengkulu Tengah"
2023-02-22,PHP17,MGR03,18250,liter,BD-PIHPS,,,,,"PIHPS Provinsi Bengkulu (rata-rata pasar tradisional), bukan harga Bengkulu Tengah"
2023-02-22,PHP17,TLR01,27850,kg,BD-PIHPS,,,,,"PIHPS Provinsi Bengkulu (rata-rata pasar tradisional), bukan harga Bengkulu Tengah"
2023-02-23,PHP17,BRS01,10950,kg,BD-PIHPS,,,,,"PIHPS Provinsi Bengkulu (rata-rata pasar tradisional), bukan harga Bengkulu Tengah"
2023-02-23,PHP17,BRS02,12800,kg,BD-PIHPS,,,,,"PIHPS Provinsi Bengkulu (rata-rata pasar tradisional), bukan harga Bengkulu Tengah"
2023-02-23,PHP17,BRS03,12950,kg,BD-PIHPS,,,,,"PIHPS Provinsi Bengkulu (rata-rata pasar tradisional), bukan harga Bengkulu Tengah"
2023-02-23,PHP17,BRS04,13250,kg,BD-PIHPS,,,,,"PIHPS Provinsi Bengkulu (rata-rata pasar tradisional), bukan harga Bengkulu Tengah"
2023-02-23,PHP17,BRS05,13800,kg,BD-PIHPS,,,,,"PIHPS Provinsi Bengkulu (rata-rata pasar tradisional), bukan harga Bengkulu Tengah"
2023-02-23,PHP17,BRS06,13800,kg,BD-PIHPS,,,,,"PIHPS Provinsi Bengkulu (rata-rata pasar tradisional), bukan harga Bengkulu Tengah"
2023-02-23,PHP17,BWM01,39400,kg,BD-PIHPS,,,,,"PIHPS Provinsi Bengkulu (rata-rata pasar tradisional), bukan harga Bengkulu Tengah"
2023-02-23,PHP17,BWP01,30500,kg,BD-PIHPS,,,,,"PIHPS Provinsi Bengkulu (rata-rata pasar tradisional), bukan harga Bengkulu Tengah"
2023-02-23,PHP17,CMR01,38150,kg,BD-PIHPS,,,,,"PIHPS Provinsi Bengkulu (rata-rata pasar tradisional), bukan harga Bengkulu Tengah"
2023-02-23,PHP17,CMR02,45650,kg,BD-PIHPS,,,,,"PIHPS Provinsi Bengkulu (rata-rata pasar tradisional), bukan harga Bengkulu Tengah"
2023-02-23,PHP17,CRW01,42250,kg,BD-PIHPS,,,,,"PIHPS Provinsi Bengkulu (rata-rata pasar tradisional), bukan harga Bengkulu Tengah"
2023-02-23,PHP17,CRW02,41150,kg,BD-PIHPS,,,,,"PIHPS Provinsi Bengkulu (rata-rata pasar tradisional), bukan harga Bengkulu Tengah"
2023-02-23,PHP17,DAY01,29400,kg,BD-PIHPS,,,,,"PIHPS Provinsi Bengkulu (rata-rata pasar tradisional), bukan harga Bengkulu Tengah"
2023-02-23,PHP17,DSP01,137500,kg,BD-PIHPS,,,,,"PIHPS Provinsi Bengkulu (rata-rata pasar tradisional), bukan harga Bengkulu Tengah"
2023-02-23,PHP17,DSP02,137500,kg,BD-PIHPS,,,,,"PIHPS Provinsi Bengkulu (rata-rata pasar tradisional), bukan harga Bengkulu Tengah"
2023-02-23,PHP17,GLP01,14150,kg,BD-PIHPS,,,,,"PIHPS Provinsi Bengkulu (rata-rata pasar tradisional), bukan harga Bengkulu Tengah"
2023-02-23,PHP17,GLP02,15000,kg,BD-PIHPS,,,,,"PIHPS Provinsi Bengkulu (rata-rata pasar tradisional), bukan harga Bengkulu Tengah"
2023-02-23,PHP17,MGR01,16000,liter,BD-PIHPS,,,,,"PIHPS Provinsi Bengkulu (rata-rata pasar tradisional), bukan harga Bengkulu Tengah"
2023-02-23,PHP17,MGR02,21550,liter,BD-PIHPS,,,,,"PIHPS Provinsi Bengkulu (rata-rata pasar tradisional), bukan harga Bengkulu Tengah"
2023-02-23,PHP17,MGR03,18250,liter,BD-PIHPS,,,,,"PIHPS Provinsi Bengkulu (rata-rata pasar tradisional), bukan harga Bengkulu Tengah"
2023-02-23,PHP17,TLR01,27750,kg,BD-PIHPS,,,,,"PIHPS Provinsi Bengkulu (rata-rata pasar tradisional), bukan harga Bengkulu Tengah"
2023-02-24,PHP17,BRS01,11050,kg,BD-PIHPS,,,,,"PIHPS Provinsi Bengkulu (rata-rata pasar tradisional), bukan harga Bengkulu Tengah"
2023-02-24,PHP17,BRS02,12800,kg,BD-PIHPS,,,,,"PIHPS Provinsi Bengkulu (rata-rata pasar tradisional), bukan harga Bengkulu Tengah"
2023-02-24,PHP17,BRS03,12950,kg,BD-PIHPS,,,,,"PIHPS Provinsi Bengkulu (rata-rata pasar tradisional), bukan harga Bengkulu Tengah"
2023-02-24,PHP17,BRS04,13250,kg,BD-PIHPS,,,,,"PIHPS Provinsi Bengkulu (rata-rata pasar tradisional), bukan harga Bengkulu Tengah"
2023-02-24,PHP17,BRS05,13800,kg,BD-PIHPS,,,,,"PIHPS Provinsi Bengkulu (rata-rata pasar tradisional), bukan harga Bengkulu Tengah"
2023-02-24,PHP17,BRS06,13800,kg,BD-PIHPS,,,,,"PIHPS Provinsi Bengkulu (rata-rata pasar tradisional), bukan harga Bengkulu Tengah"
2023-02-24,PHP17,BWM01,39900,kg,BD-PIHPS,,,,,"PIHPS Provinsi Bengkulu (rata-rata pasar tradisional), bukan harga Bengkulu Tengah"
2023-02-24,PHP17,BWP01,31150,kg,BD-PIHPS,,,,,"PIHPS Provinsi Bengkulu (rata-rata pasar tradisional), bukan harga Bengkulu Tengah"
2023-02-24,PHP17,CMR01,40900,kg,BD-PIHPS,,,,,"PIHPS Provinsi Bengkulu (rata-rata pasar tradisional), bukan harga Bengkulu Tengah"
2023-02-24,PHP17,CMR02,46900,kg,BD-PIHPS,,,,,"PIHPS Provinsi Bengkulu (rata-rata pasar tradisional), bukan harga Bengkulu Tengah"
2023-02-24,PHP17,CRW01,42750,kg,BD-PIHPS,,,,,"PIHPS Provinsi Bengkulu (rata-rata pasar tradisional), bukan harga Bengkulu Tengah"
2023-02-24,PHP17,CRW02,42650,kg,BD-PIHPS,,,,,"PIHPS Provinsi Bengkulu (rata-rata pasar tradisional), bukan harga Bengkulu Tengah"
2023-02-24,PHP17,DAY01,29400,kg,BD-PIHPS,,,,,"PIHPS Provinsi Bengkulu (rata-rata pasar tradisional), bukan harga Bengkulu Tengah"
2023-02-24,PHP17,DSP01,137500,kg,BD-PIHPS,,,,,"PIHPS Provinsi Bengkulu (rata-rata pasar tradisional), bukan harga Bengkulu Tengah"
2023-02-24,PHP17,DSP02,137500,kg,BD-PIHPS,,,,,"PIHPS Provinsi Bengkulu (rata-rata pasar tradisional), bukan harga Bengkulu Tengah"
2023-02-24,PHP17,GLP01,14150,kg,BD-PIHPS,,,,,"PIHPS Provinsi Bengkulu (rata-rata pasar tradisional), bukan harga Bengkulu Tengah"
2023-02-24,PHP17,GLP02,15000,kg,BD-PIHPS,,,,,"PIHPS Provinsi Bengkulu (rata-rata pasar tradisional), bukan harga Bengkulu Tengah"
2023-02-24,PHP17,MGR01,16000,liter,BD-PIHPS,,,,,"PIHPS Provinsi Bengkulu (rata-rata pasar tradisional), bukan harga Bengkulu Tengah"
2023-02-24,PHP17,MGR02,21550,liter,BD-PIHPS,,,,,"PIHPS Provinsi Bengkulu (rata-rata pasar tradisional), bukan harga Bengkulu Tengah"
2023-02-24,PHP17,MGR03,18250,liter,BD-PIHPS,,,,,"PIHPS Provinsi Bengkulu (rata-rata pasar tradisional), bukan harga Bengkulu Tengah"
2023-02-24,PHP17,TLR01,27750,kg,BD-PIHPS,,,,,"PIHPS Provinsi Bengkulu (rata-rata pasar tradisional), bukan harga Bengkulu Tengah"
2023-02-27,PHP17,BRS01,11050,kg,BD-PIHPS,,,,,"PIHPS Provinsi Bengkulu (rata-rata pasar tradisional), bukan harga Bengkulu Tengah"
2023-02-27,PHP17,BRS02,12800,kg,BD-PIHPS,,,,,"PIHPS Provinsi Bengkulu (rata-rata pasar tradisional), bukan harga Bengkulu Tengah"
2023-02-27,PHP17,BRS03,12950,kg,BD-PIHPS,,,,,"PIHPS Provinsi Bengkulu (rata-rata pasar tradisional), bukan harga Bengkulu Tengah"
2023-02-27,PHP17,BRS04,13250,kg,BD-PIHPS,,,,,"PIHPS Provinsi Bengkulu (rata-rata pasar tradisional), bukan harga Bengkulu Tengah"
2023-02-27,PHP17,BRS05,13800,kg,BD-PIHPS,,,,,"PIHPS Provinsi Bengkulu (rata-rata pasar tradisional), bukan harga Bengkulu Tengah"
2023-02-27,PHP17,BRS06,13800,kg,BD-PIHPS,,,,,"PIHPS Provinsi Bengkulu (rata-rata pasar tradisional), bukan harga Bengkulu Tengah"
2023-02-27,PHP17,BWM01,39000,kg,BD-PIHPS,,,,,"PIHPS Provinsi Bengkulu (rata-rata pasar tradisional), bukan harga Bengkulu Tengah"
2023-02-27,PHP17,BWP01,30900,kg,BD-PIHPS,,,,,"PIHPS Provinsi Bengkulu (rata-rata pasar tradisional), bukan harga Bengkulu Tengah"
2023-02-27,PHP17,CMR01,42250,kg,BD-PIHPS,,,,,"PIHPS Provinsi Bengkulu (rata-rata pasar tradisional), bukan harga Bengkulu Tengah"
2023-02-27,PHP17,CMR02,47900,kg,BD-PIHPS,,,,,"PIHPS Provinsi Bengkulu (rata-rata pasar tradisional), bukan harga Bengkulu Tengah"
2023-02-27,PHP17,CRW01,42900,kg,BD-PIHPS,,,,,"PIHPS Provinsi Bengkulu (rata-rata pasar tradisional), bukan harga Bengkulu Tengah"
2023-02-27,PHP17,CRW02,44050,kg,BD-PIHPS,,,,,"PIHPS Provinsi Bengkulu (rata-rata pasar tradisional), bukan harga Bengkulu Tengah"
2023-02-27,PHP17,DAY01,29400,kg,BD-PIHPS,,,,,"PIHPS Provinsi Bengkulu (rata-rata pasar tradisional), bukan harga Bengkulu Tengah"
2023-02-27,PHP17,DSP01,137500,kg,BD-PIHPS,,,,,"PIHPS Provinsi Bengkulu (rata-rata pasar tradisional), bukan harga Bengkulu Tengah"
2023-02-27,PHP17,DSP02,137500,kg,BD-PIHPS,,,,,"PIHPS Provinsi Bengkulu (rata-rata pasar tradisional), bukan harga Bengkulu Tengah"
2023-02-27,PHP17,GLP01,14150,kg,BD-PIHPS,,,,,"PIHPS Provinsi Bengkulu (rata-rata pasar tradisional), bukan harga Bengkulu Tengah"
2023-02-27,PHP17,GLP02,15000,kg,BD-PIHPS,,,,,"PIHPS Provinsi Bengkulu (rata-rata pasar tradisional), bukan harga Bengkulu Tengah"
2023-02-27,PHP17,MGR01,16000,liter,BD-PIHPS,,,,,"PIHPS Provinsi Bengkulu (rata-rata pasar tradisional), bukan harga Bengkulu Tengah"
2023-02-27,PHP17,MGR02,21550,liter,BD-PIHPS,,,,,"PIHPS Provinsi Bengkulu (rata-rata pasar tradisional), bukan harga Bengkulu Tengah"
2023-02-27,PHP17,MGR03,18250,liter,BD-PIHPS,,,,,"PIHPS Provinsi Bengkulu (rata-rata pasar tradisional), bukan harga Bengkulu Tengah"
2023-02-27,PHP17,TLR01,27750,kg,BD-PIHPS,,,,,"PIHPS Provinsi Bengkulu (rata-rata pasar tradisional), bukan harga Bengkulu Tengah"
2023-02-28,PHP17,BRS01,11050,kg,BD-PIHPS,,,,,"PIHPS Provinsi Bengkulu (rata-rata pasar tradisional), bukan harga Bengkulu Tengah"
2023-02-28,PHP17,BRS02,12800,kg,BD-PIHPS,,,,,"PIHPS Provinsi Bengkulu (rata-rata pasar tradisional), bukan harga Bengkulu Tengah"
2023-02-28,PHP17,BRS03,12950,kg,BD-PIHPS,,,,,"PIHPS Provinsi Bengkulu (rata-rata pasar tradisional), bukan harga Bengkulu Tengah"
2023-02-28,PHP17,BRS04,13250,kg,BD-PIHPS,,,,,"PIHPS Provinsi Bengkulu (rata-rata pasar tradisional), bukan harga Bengkulu Tengah"
2023-02-28,PHP17,BRS05,13800,kg,BD-PIHPS,,,,,"PIHPS Provinsi Bengkulu (rata-rata pasar tradisional), bukan harga Bengkulu Tengah"
2023-02-28,PHP17,BRS06,13800,kg,BD-PIHPS,,,,,"PIHPS Provinsi Bengkulu (rata-rata pasar tradisional), bukan harga Bengkulu Tengah"
2023-02-28,PHP17,BWM01,37500,kg,BD-PIHPS,,,,,"PIHPS Provinsi Bengkulu (rata-rata pasar tradisional), bukan harga Bengkulu Tengah"
2023-02-28,PHP17,BWP01,31900,kg,BD-PIHPS,,,,,"PIHPS Provinsi Bengkulu (rata-rata pasar tradisional), bukan harga Bengkulu Tengah"
2023-02-28,PHP17,CMR01,42000,kg,BD-PIHPS,,,,,"PIHPS Provinsi Bengkulu (rata-rata pasar tradisional), bukan harga Bengkulu Tengah"
2023-02-28,PHP17,CMR02,46900,kg,BD-PIHPS,,,,,"PIHPS Provinsi Bengkulu (rata-rata pasar tradisional), bukan harga Bengkulu Tengah"
2023-02-28,PHP17,CRW01,40650,kg,BD-PIHPS,,,,,"PIHPS Provinsi Bengkulu (rata-rata pasar tradisional), bukan harga Bengkulu Tengah"
2023-02-28,PHP17,CRW02,44750,kg,BD-PIHPS,,,,,"PIHPS Provinsi Bengkulu (rata-rata pasar tradisional), bukan harga Bengkulu Tengah"
2023-02-28,PHP17,DAY01,30150,kg,BD-PIHPS,,,,,"PIHPS Provinsi Bengkulu (rata-rata pasar tradisional), bukan harga Bengkulu Tengah"
2023-02-28,PHP17,DSP01,137500,kg,BD-PIHPS,,,,,"PIHPS Provinsi Bengkulu (rata-rata pasar tradisional), bukan harga Bengkulu Tengah"
2023-02-28,PHP17,DSP02,137500,kg,BD-PIHPS,,,,,"PIHPS Provinsi Bengkulu (rata-rata pasar tradisional), bukan harga Bengkulu Tengah"
2023-02-28,PHP17,GLP01,14150,kg,BD-PIHPS,,,,,"PIHPS Provinsi Bengkulu (rata-rata pasar tradisional), bukan harga Bengkulu Tengah"
2023-02-28,PHP17,GLP02,15000,kg,BD-PIHPS,,,,,"PIHPS Provinsi Bengkulu (rata-rata pasar tradisional), bukan harga Bengkulu Tengah"
2023-02-28,PHP17,MGR01,16000,liter,BD-PIHPS,,,,,"PIHPS Provinsi Bengkulu (rata-rata pasar tradisional), bukan harga Bengkulu Tengah"
2023-02-28,PHP17,MGR02,21550,liter,BD-PIHPS,,,,,"PIHPS Provinsi Bengkulu (rata-rata pasar tradisional), bukan harga Bengkulu Tengah"
2023-02-28,PHP17,MGR03,18250,liter,BD-PIHPS,,,,,"PIHPS Provinsi Bengkulu (rata-rata pasar tradisional), bukan harga Bengkulu Tengah"
2023-02-28,PHP17,TLR01,27200,kg,BD-PIHPS,,,,,"PIHPS Provinsi Bengkulu (rata-rata pasar tradisional), bukan harga Bengkulu Tengah"
2023-03-01,PHP17,BRS01,11050,kg,BD-PIHPS,,,,,"PIHPS Provinsi Bengkulu (rata-rata pasar tradisional), bukan harga Bengkulu Tengah"
2023-03-01,PHP17,BRS02,12800,kg,BD-PIHPS,,,,,"PIHPS Provinsi Bengkulu (rata-rata pasar tradisional), bukan harga Bengkulu Tengah"
2023-03-01,PHP17,BRS03,12950,kg,BD-PIHPS,,,,,"PIHPS Provinsi Bengkulu (rata-rata pasar tradisional), bukan harga Bengkulu Tengah"
2023-03-01,PHP17,BRS04,13250,kg,BD-PIHPS,,,,,"PIHPS Provinsi Bengkulu (rata-rata pasar tradisional), bukan harga Bengkulu Tengah"
2023-03-01,PHP17,BRS05,13800,kg,BD-PIHPS,,,,,"PIHPS Provinsi Bengkulu (rata-rata pasar tradisional), bukan harga Bengkulu Tengah"
2023-03-01,PHP17,BRS06,13800,kg,BD-PIHPS,,,,,"PIHPS Provinsi Bengkulu (rata-rata pasar tradisional), bukan harga Bengkulu Tengah"
2023-03-01,PHP17,BWM01,35400,kg,BD-PIHPS,,,,,"PIHPS Provinsi Bengkulu (rata-rata pasar tradisional), bukan harga Bengkulu Tengah"
2023-03-01,PHP17,BWP01,32900,kg,BD-PIHPS,,,,,"PIHPS Provinsi Bengkulu (rata-rata pasar tradisional), bukan harga Bengkulu Tengah"
2023-03-01,PHP17,CMR01,42250,kg,BD-PIHPS,,,,,"PIHPS Provinsi Bengkulu (rata-rata pasar tradisional), bukan harga Bengkulu Tengah"
2023-03-01,PHP17,CMR02,46500,kg,BD-PIHPS,,,,,"PIHPS Provinsi Bengkulu (rata-rata pasar tradisional), bukan harga Bengkulu Tengah"
2023-03-01,PHP17,CRW01,39000,kg,BD-PIHPS,,,,,"PIHPS Provinsi Bengkulu (rata-rata pasar tradisional), bukan harga Bengkulu Tengah"
2023-03-01,PHP17,CRW02,44250,kg,BD-PIHPS,,,,,"PIHPS Provinsi Bengkulu (rata-rata pasar tradisional), bukan harga Bengkulu Tengah"
2023-03-01,PHP17,DAY01,30150,kg,BD-PIHPS,,,,,"PIHPS Provinsi Bengkulu (rata-rata pasar tradisional), bukan harga Bengkulu Tengah"
2023-03-01,PHP17,DSP01,137500,kg,BD-PIHPS,,,,,"PIHPS Provinsi Bengkulu (rata-rata pasar tradisional), bukan harga Bengkulu Tengah"
2023-03-01,PHP17,DSP02,137500,kg,BD-PIHPS,,,,,"PIHPS Provinsi Bengkulu (rata-rata pasar tradisional), bukan harga Bengkulu Tengah"
2023-03-01,PHP17,GLP01,14150,kg,BD-PIHPS,,,,,"PIHPS Provinsi Bengkulu (rata-rata pasar tradisional), bukan harga Bengkulu Tengah"
2023-03-01,PHP17,GLP02,15000,kg,BD-PIHPS,,,,,"PIHPS Provinsi Bengkulu (rata-rata pasar tradisional), bukan harga Bengkulu Tengah"
2023-03-01,PHP17,MGR01,16000,liter,BD-PIHPS,,,,,"PIHPS Provinsi Bengkulu (rata-rata pasar tradisional), bukan harga Bengkulu Tengah"
2023-03-01,PHP17,MGR02,21550,liter,BD-PIHPS,,,,,"PIHPS Provinsi Bengkulu (rata-rata pasar tradisional), bukan harga Bengkulu Tengah"
2023-03-01,PHP17,MGR03,18250,liter,BD-PIHPS,,,,,"PIHPS Provinsi Bengkulu (rata-rata pasar tradisional), bukan harga Bengkulu Tengah"
2023-03-01,PHP17,TLR01,27200,kg,BD-PIHPS,,,,,"PIHPS Provinsi Bengkulu (rata-rata pasar tradisional), bukan harga Bengkulu Tengah"
2023-03-02,PHP17,BRS01,11050,kg,BD-PIHPS,,,,,"PIHPS Provinsi Bengkulu (rata-rata pasar tradisional), bukan harga Bengkulu Tengah"
2023-03-02,PHP17,BRS02,12800,kg,BD-PIHPS,,,,,"PIHPS Provinsi Bengkulu (rata-rata pasar tradisional), bukan harga Bengkulu Tengah"
2023-03-02,PHP17,BRS03,12950,kg,BD-PIHPS,,,,,"PIHPS Provinsi Bengkulu (rata-rata pasar tradisional), bukan harga Bengkulu Tengah"
2023-03-02,PHP17,BRS04,13200,kg,BD-PIHPS,,,,,"PIHPS Provinsi Bengkulu (rata-rata pasar tradisional), bukan harga Bengkulu Tengah"
2023-03-02,PHP17,BRS05,13750,kg,BD-PIHPS,,,,,"PIHPS Provinsi Bengkulu (rata-rata pasar tradisional), bukan harga Bengkulu Tengah"
2023-03-02,PHP17,BRS06,13750,kg,BD-PIHPS,,,,,"PIHPS Provinsi Bengkulu (rata-rata pasar tradisional), bukan harga Bengkulu Tengah"
2023-03-02,PHP17,BWM01,36500,kg,BD-PIHPS,,,,,"PIHPS Provinsi Bengkulu (rata-rata pasar tradisional), bukan harga Bengkulu Tengah"
2023-03-02,PHP17,BWP01,32900,kg,BD-PIHPS,,,,,"PIHPS Provinsi Bengkulu (rata-rata pasar tradisional), bukan harga Bengkulu Tengah"
2023-03-02,PHP17,CMR01,41000,kg,BD-PIHPS,,,,,"PIHPS Provinsi Bengkulu (rata-rata pasar tradisional), bukan harga Bengkulu Tengah"
2023-03-02,PHP17,CMR02,46250,kg,BD-PIHPS,,,,,"PIHPS Provinsi Bengkulu (rata-rata pasar tradisional), bukan harga Bengkulu Tengah"
2023-03-02,PHP17,CRW01,38150,kg,BD-PIHPS,,,,,"PIHPS Provinsi Bengkulu (rata-rata pasar tradisional), bukan harga Bengkulu Tengah"
2023-03-02,PHP17,CRW02,44800,kg,BD-PIHPS,,,,,"PIHPS Provinsi Bengkulu (rata-rata pasar tradisional), bukan harga Bengkulu Tengah"
2023-03-02,PHP17,DAY01,30150,kg,BD-PIHPS,,,,,"PIHPS Provinsi Bengkulu (rata-rata pasar tradisional), bukan harga Bengkulu Tengah"
2023-03-02,PHP17,DSP01,137500,kg,BD-PIHPS,,,,,"PIHPS Provinsi Bengkulu (rata-rata pasar tradisional), bukan harga Bengkulu Tengah"
2023-03-02,PHP17,DSP02,137500,kg,BD-PIHPS,,,,,"PIHPS Provinsi Bengkulu (rata-rata pasar tradisional), bukan harga Bengkulu Tengah"
2023-03-02,PHP17,GLP01,14150,kg,BD-PIHPS,,,,,"PIHPS Provinsi Bengkulu (rata-rata pasar tradisional), bukan harga Bengkulu Tengah"
2023-03-02,PHP17,GLP02,15000,kg,BD-PIHPS,,,,,"PIHPS Provinsi Bengkulu (rata-rata pasar tradisional), bukan harga Bengkulu Tengah"
2023-03-02,PHP17,MGR01,16000,liter,BD-PIHPS,,,,,"PIHPS Provinsi Bengkulu (rata-rata pasar tradisional), bukan harga Bengkulu Tengah"
2023-03-02,PHP17,MGR02,21550,liter,BD-PIHPS,,,,,"PIHPS Provinsi Bengkulu (rata-rata pasar tradisional), bukan harga Bengkulu Tengah"
2023-03-02,PHP17,MGR03,18250,liter,BD-PIHPS,,,,,"PIHPS Provinsi Bengkulu (rata-rata pasar tradisional), bukan harga Bengkulu Tengah"
2023-03-02,PHP17,TLR01,27000,kg,BD-PIHPS,,,,,"PIHPS Provinsi Bengkulu (rata-rata pasar tradisional), bukan harga Bengkulu Tengah"
2023-03-03,PHP17,BRS01,11050,kg,BD-PIHPS,,,,,"PIHPS Provinsi Bengkulu (rata-rata pasar tradisional), bukan harga Bengkulu Tengah"
2023-03-03,PHP17,BRS02,12800,kg,BD-PIHPS,,,,,"PIHPS Provinsi Bengkulu (rata-rata pasar tradisional), bukan harga Bengkulu Tengah"
2023-03-03,PHP17,BRS03,12950,kg,BD-PIHPS,,,,,"PIHPS Provinsi Bengkulu (rata-rata pasar tradisional), bukan harga Bengkulu Tengah"
2023-03-03,PHP17,BRS04,13200,kg,BD-PIHPS,,,,,"PIHPS Provinsi Bengkulu (rata-rata pasar tradisional), bukan harga Bengkulu Tengah"
2023-03-03,PHP17,BRS05,13750,kg,BD-PIHPS,,,,,"PIHPS Provinsi Bengkulu (rata-rata pasar tradisional), bukan harga Bengkulu Tengah"
2023-03-03,PHP17,BRS06,13750,kg,BD-PIHPS,,,,,"PIHPS Provinsi Bengkulu (rata-rata pasar tradisional), bukan harga Bengkulu Tengah"
2023-03-03,PHP17,BWM01,36400,kg,BD-PIHPS,,,,,"PIHPS Provinsi Bengkulu (rata-rata pasar tradisional), bukan harga Bengkulu Tengah"
2023-03-03,PHP17,BWP01,32900,kg,BD-PIHPS,,,,,"PIHPS Provinsi Bengkulu (rata-rata pasar tradisional), bukan harga Bengkulu Tengah"
2023-03-03,PHP17,CMR01,39750,kg,BD-PIHPS,,,,,"PIHPS Provinsi Bengkulu (rata-rata pasar tradisional), bukan harga Bengkulu Tengah"
2023-03-03,PHP17,CMR02,44750,kg,BD-PIHPS,,,,,"PIHPS Provinsi Bengkulu (rata-rata pasar tradisional), bukan harga Bengkulu Tengah"
2023-03-03,PHP17,CRW01,36650,kg,BD-PIHPS,,,,,"PIHPS Provinsi Bengkulu (rata-rata pasar tradisional), bukan harga Bengkulu Tengah"
2023-03-03,PHP17,CRW02,45250,kg,BD-PIHPS,,,,,"PIHPS Provinsi Bengkulu (rata-rata pasar tradisional), bukan harga Bengkulu Tengah"
2023-03-03,PHP17,DAY01,30400,kg,BD-PIHPS,,,,,"PIHPS Provinsi Bengkulu (rata-rata pasar tradisional), bukan harga Bengkulu Tengah"
2023-03-03,PHP17,DSP01,137500,kg,BD-PIHPS,,,,,"PIHPS Provinsi Bengkulu (rata-rata pasar tradisional), bukan harga Bengkulu Tengah"
2023-03-03,PHP17,DSP02,137500,kg,BD-PIHPS,,,,,"PIHPS Provinsi Bengkulu (rata-rata pasar tradisional), bukan harga Bengkulu Tengah"
2023-03-03,PHP17,GLP01,14150,kg,BD-PIHPS,,,,,"PIHPS Provinsi Bengkulu (rata-rata pasar tradisional), bukan harga Bengkulu Tengah"
2023-03-03,PHP17,GLP02,15000,kg,BD-PIHPS,,,,,"PIHPS Provinsi Bengkulu (rata-rata pasar tradisional), bukan harga Bengkulu Tengah"
2023-03-03,PHP17,MGR01,16000,liter,BD-PIHPS,,,,,"PIHPS Provinsi Bengkulu (rata-rata pasar tradisional), bukan harga Bengkulu Tengah"
2023-03-03,PHP17,MGR02,21550,liter,BD-PIHPS,,,,,"PIHPS Provinsi Bengkulu (rata-rata pasar tradisional), bukan harga Bengkulu Tengah"
2023-03-03,PHP17,MGR03,18250,liter,BD-PIHPS,,,,,"PIHPS Provinsi Bengkulu (rata-rata pasar tradisional), bukan harga Bengkulu Tengah"
2023-03-03,PHP17,TLR01,27000,kg,BD-PIHPS,,,,,"PIHPS Provinsi Bengkulu (rata-rata pasar tradisional), bukan harga Bengkulu Tengah"
2023-03-06,PHP17,BRS01,11050,kg,BD-PIHPS,,,,,"PIHPS Provinsi Bengkulu (rata-rata pasar tradisional), bukan harga Bengkulu Tengah"
2023-03-06,PHP17,BRS02,12800,kg,BD-PIHPS,,,,,"PIHPS Provinsi Bengkulu (rata-rata pasar tradisional), bukan harga Bengkulu Tengah"
2023-03-06,PHP17,BRS03,12950,kg,BD-PIHPS,,,,,"PIHPS Provinsi Bengkulu (rata-rata pasar tradisional), bukan harga Bengkulu Tengah"
2023-03-06,PHP17,BRS04,13200,kg,BD-PIHPS,,,,,"PIHPS Provinsi Bengkulu (rata-rata pasar tradisional), bukan harga Bengkulu Tengah"
2023-03-06,PHP17,BRS05,13750,kg,BD-PIHPS,,,,,"PIHPS Provinsi Bengkulu (rata-rata pasar tradisional), bukan harga Bengkulu Tengah"
2023-03-06,PHP17,BRS06,13750,kg,BD-PIHPS,,,,,"PIHPS Provinsi Bengkulu (rata-rata pasar tradisional), bukan harga Bengkulu Tengah"
2023-03-06,PHP17,BWM01,35650,kg,BD-PIHPS,,,,,"PIHPS Provinsi Bengkulu (rata-rata pasar tradisional), bukan harga Bengkulu Tengah"
2023-03-06,PHP17,BWP01,33000,kg,BD-PIHPS,,,,,"PIHPS Provinsi Bengkulu (rata-rata pasar tradisional), bukan harga Bengkulu Tengah"
2023-03-06,PHP17,CMR01,39750,kg,BD-PIHPS,,,,,"PIHPS Provinsi Bengkulu (rata-rata pasar tradisional), bukan harga Bengkulu Tengah"
2023-03-06,PHP17,CMR02,44250,kg,BD-PIHPS,,,,,"PIHPS Provinsi Bengkulu (rata-rata pasar tradisional), bukan harga Bengkulu Tengah"
2023-03-06,PHP17,CRW01,36500,kg,BD-PIHPS,,,,,"PIHPS Provinsi Bengkulu (rata-rata pasar tradisional), bukan harga Bengkulu Tengah"
2023-03-06,PHP17,CRW02,43600,kg,BD-PIHPS,,,,,"PIHPS Provinsi Bengkulu (rata-rata pasar tradisional), bukan harga Bengkulu Tengah"
2023-03-06,PHP17,DAY01,30400,kg,BD-PIHPS,,,,,"PIHPS Provinsi Bengkulu (rata-rata pasar tradisional), bukan harga Bengkulu Tengah"
2023-03-06,PHP17,DSP01,137500,kg,BD-PIHPS,,,,,"PIHPS Provinsi Bengkulu (rata-rata pasar tradisional), bukan harga Bengkulu Tengah"
2023-03-06,PHP17,DSP02,137500,kg,BD-PIHPS,,,,,"PIHPS Provinsi Bengkulu (rata-rata pasar tradisional), bukan harga Bengkulu Tengah"
2023-03-06,PHP17,GLP01,14150,kg,BD-PIHPS,,,,,"PIHPS Provinsi Bengkulu (rata-rata pasar tradisional), bukan harga Bengkulu Tengah"
2023-03-06,PHP17,GLP02,15000,kg,BD-PIHPS,,,,,"PIHPS Provinsi Bengkulu (rata-rata pasar tradisional), bukan harga Bengkulu Tengah"
2023-03-06,PHP17,MGR01,16000,liter,BD-PIHPS,,,,,"PIHPS Provinsi Bengkulu (rata-rata pasar tradisional), bukan harga Bengkulu Tengah"
2023-03-06,PHP17,MGR02,21550,liter,BD-PIHPS,,,,,"PIHPS Provinsi Bengkulu (rata-rata pasar tradisional), bukan harga Bengkulu Tengah"
2023-03-06,PHP17,MGR03,18250,liter,BD-PIHPS,,,,,"PIHPS Provinsi Bengkulu (rata-rata pasar tradisional), bukan harga Bengkulu Tengah"
2023-03-06,PHP17,TLR01,27000,kg,BD-PIHPS,,,,,"PIHPS Provinsi Bengkulu (rata-rata pasar tradisional), bukan harga Bengkulu Tengah"
2023-03-07,PHP17,BRS01,11050,kg,BD-PIHPS,,,,,"PIHPS Provinsi Bengkulu (rata-rata pasar tradisional), bukan harga Bengkulu Tengah"
2023-03-07,PHP17,BRS02,12800,kg,BD-PIHPS,,,,,"PIHPS Provinsi Bengkulu (rata-rata pasar tradisional), bukan harga Bengkulu Tengah"
2023-03-07,PHP17,BRS03,12950,kg,BD-PIHPS,,,,,"PIHPS Provinsi Bengkulu (rata-rata pasar tradisional), bukan harga Bengkulu Tengah"
2023-03-07,PHP17,BRS04,13200,kg,BD-PIHPS,,,,,"PIHPS Provinsi Bengkulu (rata-rata pasar tradisional), bukan harga Bengkulu Tengah"
2023-03-07,PHP17,BRS05,13750,kg,BD-PIHPS,,,,,"PIHPS Provinsi Bengkulu (rata-rata pasar tradisional), bukan harga Bengkulu Tengah"
2023-03-07,PHP17,BRS06,13750,kg,BD-PIHPS,,,,,"PIHPS Provinsi Bengkulu (rata-rata pasar tradisional), bukan harga Bengkulu Tengah"
2023-03-07,PHP17,BWM01,35150,kg,BD-PIHPS,,,,,"PIHPS Provinsi Bengkulu (rata-rata pasar tradisional), bukan harga Bengkulu Tengah"
2023-03-07,PHP17,BWP01,32250,kg,BD-PIHPS,,,,,"PIHPS Provinsi Bengkulu (rata-rata pasar tradisional), bukan harga Bengkulu Tengah"
2023-03-07,PHP17,CMR01,39400,kg,BD-PIHPS,,,,,"PIHPS Provinsi Bengkulu (rata-rata pasar tradisional), bukan harga Bengkulu Tengah"
2023-03-07,PHP17,CMR02,43150,kg,BD-PIHPS,,,,,"PIHPS Provinsi Bengkulu (rata-rata pasar tradisional), bukan harga Bengkulu Tengah"
2023-03-07,PHP17,CRW01,36250,kg,BD-PIHPS,,,,,"PIHPS Provinsi Bengkulu (rata-rata pasar tradisional), bukan harga Bengkulu Tengah"
2023-03-07,PHP17,CRW02,42550,kg,BD-PIHPS,,,,,"PIHPS Provinsi Bengkulu (rata-rata pasar tradisional), bukan harga Bengkulu Tengah"
2023-03-07,PHP17,DAY01,30400,kg,BD-PIHPS,,,,,"PIHPS Provinsi Bengkulu (rata-rata pasar tradisional), bukan harga Bengkulu Tengah"
2023-03-07,PHP17,DSP01,137500,kg,BD-PIHPS,,,,,"PIHPS Provinsi Bengkulu (rata-rata pasar tradisional), bukan harga Bengkulu Tengah"
2023-03-07,PHP17,DSP02,137500,kg,BD-PIHPS,,,,,"PIHPS Provinsi Bengkulu (rata-rata pasar tradisional), bukan harga Bengkulu Tengah"
2023-03-07,PHP17,GLP01,14150,kg,BD-PIHPS,,,,,"PIHPS Provinsi Bengkulu (rata-rata pasar tradisional), bukan harga Bengkulu Tengah"
2023-03-07,PHP17,GLP02,15000,kg,BD-PIHPS,,,,,"PIHPS Provinsi Bengkulu (rata-rata pasar tradisional), bukan harga Bengkulu Tengah"
2023-03-07,PHP17,MGR01,16000,liter,BD-PIHPS,,,,,"PIHPS Provinsi Bengkulu (rata-rata pasar tradisional), bukan harga Bengkulu Tengah"
2023-03-07,PHP17,MGR02,21550,liter,BD-PIHPS,,,,,"PIHPS Provinsi Bengkulu (rata-rata pasar tradisional), bukan harga Bengkulu Tengah"
2023-03-07,PHP17,MGR03,18250,liter,BD-PIHPS,,,,,"PIHPS Provinsi Bengkulu (rata-rata pasar tradisional), bukan harga Bengkulu Tengah"
2023-03-07,PHP17,TLR01,27000,kg,BD-PIHPS,,,,,"PIHPS Provinsi Bengkulu (rata-rata pasar tradisional), bukan harga Bengkulu Tengah"
2023-03-08,PHP17,BRS01,11050,kg,BD-PIHPS,,,,,"PIHPS Provinsi Bengkulu (rata-rata pasar tradisional), bukan harga Bengkulu Tengah"
2023-03-08,PHP17,BRS02,12800,kg,BD-PIHPS,,,,,"PIHPS Provinsi Bengkulu (rata-rata pasar tradisional), bukan harga Bengkulu Tengah"
2023-03-08,PHP17,BRS03,12950,kg,BD-PIHPS,,,,,"PIHPS Provinsi Bengkulu (rata-rata pasar tradisional), bukan harga Bengkulu Tengah"
2023-03-08,PHP17,BRS04,13200,kg,BD-PIHPS,,,,,"PIHPS Provinsi Bengkulu (rata-rata pasar tradisional), bukan harga Bengkulu Tengah"
2023-03-08,PHP17,BRS05,13750,kg,BD-PIHPS,,,,,"PIHPS Provinsi Bengkulu (rata-rata pasar tradisional), bukan harga Bengkulu Tengah"
2023-03-08,PHP17,BRS06,13750,kg,BD-PIHPS,,,,,"PIHPS Provinsi Bengkulu (rata-rata pasar tradisional), bukan harga Bengkulu Tengah"
2023-03-08,PHP17,BWM01,35400,kg,BD-PIHPS,,,,,"PIHPS Provinsi Bengkulu (rata-rata pasar tradisional), bukan harga Bengkulu Tengah"
2023-03-08,PHP17,BWP01,33000,kg,BD-PIHPS,,,,,"PIHPS Provinsi Bengkulu (rata-rata pasar tradisional), bukan harga Bengkulu Tengah"
2023-03-08,PHP17,CMR01,38900,kg,BD-PIHPS,,,,,"PIHPS Provinsi Bengkulu (rata-rata pasar tradisional), bukan harga Bengkulu Tengah"
2023-03-08,PHP17,CMR02,42150,kg,BD-PIHPS,,,,,"PIHPS Provinsi Bengkulu (rata-rata pasar tradisional), bukan harga Bengkulu Tengah"
2023-03-08,PHP17,CRW01,36400,kg,BD-PIHPS,,,,,"PIHPS Provinsi Bengkulu (rata-rata pasar tradisional), bukan harga Bengkulu Tengah"
2023-03-08,PHP17,CRW02,42500,kg,BD-PIHPS,,,,,"PIHPS Provinsi Bengkulu (rata-rata pasar tradisional), bukan harga Bengkulu Tengah"
2023-03-08,PHP17,DAY01,30400,kg,BD-PIHPS,,,,,"PIHPS Provinsi Bengkulu (rata-rata pasar tradisional), bukan harga Bengkulu Tengah"
2023-03-08,PHP17,DSP01,137500,kg,BD-PIHPS,,,,,"PIHPS Provinsi Bengkulu (rata-rata pasar tradisional), bukan harga Bengkulu Tengah"
2023-03-08,PHP17,DSP02,137500,kg,BD-PIHPS,,,,,"PIHPS Provinsi Bengkulu (rata-rata pasar tradisional), bukan harga Bengkulu Tengah"
2023-03-08,PHP17,GLP01,14150,kg,BD-PIHPS,,,,,"PIHPS Provinsi Bengkulu (rata-rata pasar tradisional), bukan harga Bengkulu Tengah"
2023-03-08,PHP17,GLP02,15000,kg,BD-PIHPS,,,,,"PIHPS Provinsi Bengkulu (rata-rata pasar tradisional), bukan harga Bengkulu Tengah"
2023-03-08,PHP17,MGR01,16000,liter,BD-PIHPS,,,,,"PIHPS Provinsi Bengkulu (rata-rata pasar tradisional), bukan harga Bengkulu Tengah"
2023-03-08,PHP17,MGR02,21550,liter,BD-PIHPS,,,,,"PIHPS Provinsi Bengkulu (rata-rata pasar tradisional), bukan harga Bengkulu Tengah"
2023-03-08,PHP17,MGR03,18250,liter,BD-PIHPS,,,,,"PIHPS Provinsi Bengkulu (rata-rata pasar tradisional), bukan harga Bengkulu Tengah"
2023-03-08,PHP17,TLR01,26500,kg,BD-PIHPS,,,,,"PIHPS Provinsi Bengkulu (rata-rata pasar tradisional), bukan harga Bengkulu Tengah"
2023-03-09,PHP17,BRS01,11050,kg,BD-PIHPS,,,,,"PIHPS Provinsi Bengkulu (rata-rata pasar tradisional), bukan harga Bengkulu Tengah"
2023-03-09,PHP17,BRS02,12800,kg,BD-PIHPS,,,,,"PIHPS Provinsi Bengkulu (rata-rata pasar tradisional), bukan harga Bengkulu Tengah"
2023-03-09,PHP17,BRS03,12950,kg,BD-PIHPS,,,,,"PIHPS Provinsi Bengkulu (rata-rata pasar tradisional), bukan harga Bengkulu Tengah"
2023-03-09,PHP17,BRS04,13200,kg,BD-PIHPS,,,,,"PIHPS Provinsi Bengkulu (rata-rata pasar tradisional), bukan harga Bengkulu Tengah"
2023-03-09,PHP17,BRS05,13750,kg,BD-PIHPS,,,,,"PIHPS Provinsi Bengkulu (rata-rata pasar tradisional), bukan harga Bengkulu Tengah"
2023-03-09,PHP17,BRS06,13750,kg,BD-PIHPS,,,,,"PIHPS Provinsi Bengkulu (rata-rata pasar tradisional), bukan harga Bengkulu Tengah"
2023-03-09,PHP17,BWM01,35250,kg,BD-PIHPS,,,,,"PIHPS Provinsi Bengkulu (rata-rata pasar tradisional), bukan harga Bengkulu Tengah"
2023-03-09,PHP17,BWP01,33500,kg,BD-PIHPS,,,,,"PIHPS Provinsi Bengkulu (rata-rata pasar tradisional), bukan harga Bengkulu Tengah"
2023-03-09,PHP17,CMR01,38150,kg,BD-PIHPS,,,,,"PIHPS Provinsi Bengkulu (rata-rata pasar tradisional), bukan harga Bengkulu Tengah"
2023-03-09,PHP17,CMR02,41250,kg,BD-PIHPS,,,,,"PIHPS Provinsi Bengkulu (rata-rata pasar tradisional), bukan harga Bengkulu Tengah"
2023-03-09,PHP17,CRW01,37150,kg,BD-PIHPS,,,,,"PIHPS Provinsi Bengkulu (rata-rata pasar tradisional), bukan harga Bengkulu Tengah"
2023-03-09,PHP17,CRW02,43250,kg,BD-PIHPS,,,,,"PIHPS Provinsi Bengkulu (rata-rata pasar tradisional), bukan harga Bengkulu Tengah"
2023-03-09,PHP17,DAY01,30400,kg,BD-PIHPS,,,,,"PIHPS Provinsi Bengkulu (rata-rata pasar tradisional), bukan harga Bengkulu Tengah"
2023-03-09,PHP17,DSP01,137500,kg,BD-PIHPS,,,,,"PIHPS Provinsi Bengkulu (rata-rata pasar tradisional), bukan harga Bengkulu Tengah"
2023-03-09,PHP17,DSP02,137500,kg,BD-PIHPS,,,,,"PIHPS Provinsi Bengkulu (rata-rata pasar tradisional), bukan harga Bengkulu Tengah"
2023-03-09,PHP17,GLP01,14150,kg,BD-PIHPS,,,,,"PIHPS Provinsi Bengkulu (rata-rata pasar tradisional), bukan harga Bengkulu Tengah"
2023-03-09,PHP17,GLP02,15000,kg,BD-PIHPS,,,,,"PIHPS Provinsi Bengkulu (rata-rata pasar tradisional), bukan harga Bengkulu Tengah"
2023-03-09,PHP17,MGR01,16000,liter,BD-PIHPS,,,,,"PIHPS Provinsi Bengkulu (rata-rata pasar tradisional), bukan harga Bengkulu Tengah"
2023-03-09,PHP17,MGR02,21550,liter,BD-PIHPS,,,,,"PIHPS Provinsi Bengkulu (rata-rata pasar tradisional), bukan harga Bengkulu Tengah"
2023-03-09,PHP17,MGR03,18250,liter,BD-PIHPS,,,,,"PIHPS Provinsi Bengkulu (rata-rata pasar tradisional), bukan harga Bengkulu Tengah"
2023-03-09,PHP17,TLR01,26500,kg,BD-PIHPS,,,,,"PIHPS Provinsi Bengkulu (rata-rata pasar tradisional), bukan harga Bengkulu Tengah"
2023-03-10,PHP17,BRS01,11050,kg,BD-PIHPS,,,,,"PIHPS Provinsi Bengkulu (rata-rata pasar tradisional), bukan harga Bengkulu Tengah"
2023-03-10,PHP17,BRS02,12800,kg,BD-PIHPS,,,,,"PIHPS Provinsi Bengkulu (rata-rata pasar tradisional), bukan harga Bengkulu Tengah"
2023-03-10,PHP17,BRS03,12950,kg,BD-PIHPS,,,,,"PIHPS Provinsi Bengkulu (rata-rata pasar tradisional), bukan harga Bengkulu Tengah"
2023-03-10,PHP17,BRS04,13200,kg,BD-PIHPS,,,,,"PIHPS Provinsi Bengkulu (rata-rata pasar tradisional), bukan harga Bengkulu Tengah"
2023-03-10,PHP17,BRS05,13750,kg,BD-PIHPS,,,,,"PIHPS Provinsi Bengkulu (rata-rata pasar tradisional), bukan harga Bengkulu Tengah"
2023-03-10,PHP17,BRS06,13750,kg,BD-PIHPS,,,,,"PIHPS Provinsi Bengkulu (rata-rata pasar tradisional), bukan harga Bengkulu Tengah"
2023-03-10,PHP17,BWM01,36000,kg,BD-PIHPS,,,,,"PIHPS Provinsi Bengkulu (rata-rata pasar tradisional), bukan harga Bengkulu Tengah"
2023-03-10,PHP17,BWP01,33000,kg,BD-PIHPS,,,,,"PIHPS Provinsi Bengkulu (rata-rata pasar tradisional), bukan harga Bengkulu Tengah"
2023-03-10,PHP17,CMR01,39150,kg,BD-PIHPS,,,,,"PIHPS Provinsi Bengkulu (rata-rata pasar tradisional), bukan harga Bengkulu Tengah"
2023-03-10,PHP17,CMR02,41900,kg,BD-PIHPS,,,,,"PIHPS Provinsi Bengkulu (rata-rata pasar tradisional), bukan harga Bengkulu Tengah"
2023-03-10,PHP17,CRW01,39000,kg,BD-PIHPS,,,,,"PIHPS Provinsi Bengkulu (rata-rata pasar tradisional), bukan harga Bengkulu Tengah"
2023-03-10,PHP17,CRW02,42800,kg,BD-PIHPS,,,,,"PIHPS Provinsi Bengkulu (rata-rata pasar tradisional), bukan harga Bengkulu Tengah"
2023-03-10,PHP17,DAY01,30400,kg,BD-PIHPS,,,,,"PIHPS Provinsi Bengkulu (rata-rata pasar tradisional), bukan harga Bengkulu Tengah"
2023-03-10,PHP17,DSP01,137500,kg,BD-PIHPS,,,,,"PIHPS Provinsi Bengkulu (rata-rata pasar tradisional), bukan harga Bengkulu Tengah"
2023-03-10,PHP17,DSP02,137500,kg,BD-PIHPS,,,,,"PIHPS Provinsi Bengkulu (rata-rata pasar tradisional), bukan harga Bengkulu Tengah"
2023-03-10,PHP17,GLP01,14150,kg,BD-PIHPS,,,,,"PIHPS Provinsi Bengkulu (rata-rata pasar tradisional), bukan harga Bengkulu Tengah"
2023-03-10,PHP17,GLP02,15000,kg,BD-PIHPS,,,,,"PIHPS Provinsi Bengkulu (rata-rata pasar tradisional), bukan harga Bengkulu Tengah"
2023-03-10,PHP17,MGR01,16000,liter,BD-PIHPS,,,,,"PIHPS Provinsi Bengkulu (rata-rata pasar tradisional), bukan harga Bengkulu Tengah"
2023-03-10,PHP17,MGR02,21550,liter,BD-PIHPS,,,,,"PIHPS Provinsi Bengkulu (rata-rata pasar tradisional), bukan harga Bengkulu Tengah"
2023-03-10,PHP17,MGR03,18250,liter,BD-PIHPS,,,,,"PIHPS Provinsi Bengkulu (rata-rata pasar tradisional), bukan harga Bengkulu Tengah"
2023-03-10,PHP17,TLR01,26500,kg,BD-PIHPS,,,,,"PIHPS Provinsi Bengkulu (rata-rata pasar tradisional), bukan harga Bengkulu Tengah"
2023-03-13,PHP17,BRS01,11050,kg,BD-PIHPS,,,,,"PIHPS Provinsi Bengkulu (rata-rata pasar tradisional), bukan harga Bengkulu Tengah"
2023-03-13,PHP17,BRS02,12800,kg,BD-PIHPS,,,,,"PIHPS Provinsi Bengkulu (rata-rata pasar tradisional), bukan harga Bengkulu Tengah"
2023-03-13,PHP17,BRS03,12950,kg,BD-PIHPS,,,,,"PIHPS Provinsi Bengkulu (rata-rata pasar tradisional), bukan harga Bengkulu Tengah"
2023-03-13,PHP17,BRS04,13200,kg,BD-PIHPS,,,,,"PIHPS Provinsi Bengkulu (rata-rata pasar tradisional), bukan harga Bengkulu Tengah"
2023-03-13,PHP17,BRS05,13750,kg,BD-PIHPS,,,,,"PIHPS Provinsi Bengkulu (rata-rata pasar tradisional), bukan harga Bengkulu Tengah"
2023-03-13,PHP17,BRS06,13750,kg,BD-PIHPS,,,,,"PIHPS Provinsi Bengkulu (rata-rata pasar tradisional), bukan harga Bengkulu Tengah"
2023-03-13,PHP17,BWM01,36400,kg,BD-PIHPS,,,,,"PIHPS Provinsi Bengkulu (rata-rata pasar tradisional), bukan harga Bengkulu Tengah"
2023-03-13,PHP17,BWP01,32500,kg,BD-PIHPS,,,,,"PIHPS Provinsi Bengkulu (rata-rata pasar tradisional), bukan harga Bengkulu Tengah"
2023-03-13,PHP17,CMR01,37650,kg,BD-PIHPS,,,,,"PIHPS Provinsi Bengkulu (rata-rata pasar tradisional), bukan harga Bengkulu Tengah"
2023-03-13,PHP17,CMR02,41000,kg,BD-PIHPS,,,,,"PIHPS Provinsi Bengkulu (rata-rata pasar tradisional), bukan harga Bengkulu Tengah"
2023-03-13,PHP17,CRW01,38750,kg,BD-PIHPS,,,,,"PIHPS Provinsi Bengkulu (rata-rata pasar tradisional), bukan harga Bengkulu Tengah"
2023-03-13,PHP17,CRW02,42400,kg,BD-PIHPS,,,,,"PIHPS Provinsi Bengkulu (rata-rata pasar tradisional), bukan harga Bengkulu Tengah"
2023-03-13,PHP17,DAY01,30750,kg,BD-PIHPS,,,,,"PIHPS Provinsi Bengkulu (rata-rata pasar tradisional), bukan harga Bengkulu Tengah"
2023-03-13,PHP17,DSP01,137500,kg,BD-PIHPS,,,,,"PIHPS Provinsi Bengkulu (rata-rata pasar tradisional), bukan harga Bengkulu Tengah"
2023-03-13,PHP17,DSP02,137500,kg,BD-PIHPS,,,,,"PIHPS Provinsi Bengkulu (rata-rata pasar tradisional), bukan harga Bengkulu Tengah"
2023-03-13,PHP17,GLP01,14150,kg,BD-PIHPS,,,,,"PIHPS Provinsi Bengkulu (rata-rata pasar tradisional), bukan harga Bengkulu Tengah"
2023-03-13,PHP17,GLP02,15000,kg,BD-PIHPS,,,,,"PIHPS Provinsi Bengkulu (rata-rata pasar tradisional), bukan harga Bengkulu Tengah"
2023-03-13,PHP17,MGR01,16000,liter,BD-PIHPS,,,,,"PIHPS Provinsi Bengkulu (rata-rata pasar tradisional), bukan harga Bengkulu Tengah"
2023-03-13,PHP17,MGR02,21550,liter,BD-PIHPS,,,,,"PIHPS Provinsi Bengkulu (rata-rata pasar tradisional), bukan harga Bengkulu Tengah"
2023-03-13,PHP17,MGR03,18250,liter,BD-PIHPS,,,,,"PIHPS Provinsi Bengkulu (rata-rata pasar tradisional), bukan harga Bengkulu Tengah"
2023-03-13,PHP17,TLR01,26500,kg,BD-PIHPS,,,,,"PIHPS Provinsi Bengkulu (rata-rata pasar tradisional), bukan harga Bengkulu Tengah"
2023-03-14,PHP17,BRS01,11100,kg,BD-PIHPS,,,,,"PIHPS Provinsi Bengkulu (rata-rata pasar tradisional), bukan harga Bengkulu Tengah"
2023-03-14,PHP17,BRS02,12850,kg,BD-PIHPS,,,,,"PIHPS Provinsi Bengkulu (rata-rata pasar tradisional), bukan harga Bengkulu Tengah"
2023-03-14,PHP17,BRS03,12950,kg,BD-PIHPS,,,,,"PIHPS Provinsi Bengkulu (rata-rata pasar tradisional), bukan harga Bengkulu Tengah"
2023-03-14,PHP17,BRS04,13250,kg,BD-PIHPS,,,,,"PIHPS Provinsi Bengkulu (rata-rata pasar tradisional), bukan harga Bengkulu Tengah"
2023-03-14,PHP17,BRS05,13750,kg,BD-PIHPS,,,,,"PIHPS Provinsi Bengkulu (rata-rata pasar tradisional), bukan harga Bengkulu Tengah"
2023-03-14,PHP17,BRS06,13750,kg,BD-PIHPS,,,,,"PIHPS Provinsi Bengkulu (rata-rata pasar tradisional), bukan harga Bengkulu Tengah"
2023-03-14,PHP17,BWM01,36250,kg,BD-PIHPS,,,,,"PIHPS Provinsi Bengkulu (rata-rata pasar tradisional), bukan harga Bengkulu Tengah"
2023-03-14,PHP17,BWP01,32900,kg,BD-PIHPS,,,,,"PIHPS Provinsi Bengkulu (rata-rata pasar tradisional), bukan harga Bengkulu Tengah"
2023-03-14,PHP17,CMR01,37000,kg,BD-PIHPS,,,,,"PIHPS Provinsi Bengkulu (rata-rata pasar tradisional), bukan harga Bengkulu Tengah"
2023-03-14,PHP17,CMR02,41750,kg,BD-PIHPS,,,,,"PIHPS Provinsi Bengkulu (rata-rata pasar tradisional), bukan harga Bengkulu Tengah"
2023-03-14,PHP17,CRW01,39750,kg,BD-PIHPS,,,,,"PIHPS Provinsi Bengkulu (rata-rata pasar tradisional), bukan harga Bengkulu Tengah"
2023-03-14,PHP17,CRW02,41700,kg,BD-PIHPS,,,,,"PIHPS Provinsi Bengkulu (rata-rata pasar tradisional), bukan harga Bengkulu Tengah"
2023-03-14,PHP17,DAY01,30750,kg,BD-PIHPS,,,,,"PIHPS Provinsi Bengkulu (rata-rata pasar tradisional), bukan harga Bengkulu Tengah"
2023-03-14,PHP17,DSP01,137500,kg,BD-PIHPS,,,,,"PIHPS Provinsi Bengkulu (rata-rata pasar tradisional), bukan harga Bengkulu Tengah"
2023-03-14,PHP17,DSP02,137500,kg,BD-PIHPS,,,,,"PIHPS Provinsi Bengkulu (rata-rata pasar tradisional), bukan harga Bengkulu Tengah"
2023-03-14,PHP17,GLP01,14150,kg,BD-PIHPS,,,,,"PIHPS Provinsi Bengkulu (rata-rata pasar tradisional), bukan harga Bengkulu Tengah"
2023-03-14,PHP17,GLP02,15000,kg,BD-PIHPS,,,,,"PIHPS Provinsi Bengkulu (rata-rata pasar tradisional), bukan harga Bengkulu Tengah"
2023-03-14,PHP17,MGR01,16000,liter,BD-PIHPS,,,,,"PIHPS Provinsi Bengkulu (rata-rata pasar tradisional), bukan harga Bengkulu Tengah"
2023-03-14,PHP17,MGR02,21550,liter,BD-PIHPS,,,,,"PIHPS Provinsi Bengkulu (rata-rata pasar tradisional), bukan harga Bengkulu Tengah"
2023-03-14,PHP17,MGR03,18250,liter,BD-PIHPS,,,,,"PIHPS Provinsi Bengkulu (rata-rata pasar tradisional), bukan harga Bengkulu Tengah"
2023-03-14,PHP17,TLR01,26900,kg,BD-PIHPS,,,,,"PIHPS Provinsi Bengkulu (rata-rata pasar tradisional), bukan harga Bengkulu Tengah"
2023-03-15,PHP17,BRS01,11100,kg,BD-PIHPS,,,,,"PIHPS Provinsi Bengkulu (rata-rata pasar tradisional), bukan harga Bengkulu Tengah"
2023-03-15,PHP17,BRS02,12850,kg,BD-PIHPS,,,,,"PIHPS Provinsi Bengkulu (rata-rata pasar tradisional), bukan harga Bengkulu Tengah"
2023-03-15,PHP17,BRS03,12950,kg,BD-PIHPS,,,,,"PIHPS Provinsi Bengkulu (rata-rata pasar tradisional), bukan harga Bengkulu Tengah"
2023-03-15,PHP17,BRS04,13250,kg,BD-PIHPS,,,,,"PIHPS Provinsi Bengkulu (rata-rata pasar tradisional), bukan harga Bengkulu Tengah"
2023-03-15,PHP17,BRS05,13750,kg,BD-PIHPS,,,,,"PIHPS Provinsi Bengkulu (rata-rata pasar tradisional), bukan harga Bengkulu Tengah"
2023-03-15,PHP17,BRS06,13750,kg,BD-PIHPS,,,,,"PIHPS Provinsi Bengkulu (rata-rata pasar tradisional), bukan harga Bengkulu Tengah"
2023-03-15,PHP17,BWM01,36400,kg,BD-PIHPS,,,,,"PIHPS Provinsi Bengkulu (rata-rata pasar tradisional), bukan harga Bengkulu Tengah"
2023-03-15,PHP17,BWP01,33750,kg,BD-PIHPS,,,,,"PIHPS Provinsi Bengkulu (rata-rata pasar tradisional), bukan harga Bengkulu Tengah"
2023-03-15,PHP17,CMR01,39000,kg,BD-PIHPS,,,,,"PIHPS Provinsi Bengkulu (rata-rata pasar tradisional), bukan harga Bengkulu Tengah"
2023-03-15,PHP17,CMR02,42650,kg,BD-PIHPS,,,,,"PIHPS Provinsi Bengkulu (rata-rata pasar tradisional), bukan harga Bengkulu Tengah"
2023-03-15,PHP17,CRW01,40650,kg,BD-PIHPS,,,,,"PIHPS Provinsi Bengkulu (rata-rata pasar tradisional), bukan harga Bengkulu Tengah"
2023-03-15,PHP17,CRW02,42450,kg,BD-PIHPS,,,,,"PIHPS Provinsi Bengkulu (rata-rata pasar tradisional), bukan harga Bengkulu Tengah"
2023-03-15,PHP17,DAY01,31250,kg,BD-PIHPS,,,,,"PIHPS Provinsi Bengkulu (rata-rata pasar tradisional), bukan harga Bengkulu Tengah"
2023-03-15,PHP17,DSP01,137500,kg,BD-PIHPS,,,,,"PIHPS Provinsi Bengkulu (rata-rata pasar tradisional), bukan harga Bengkulu Tengah"
2023-03-15,PHP17,DSP02,137500,kg,BD-PIHPS,,,,,"PIHPS Provinsi Bengkulu (rata-rata pasar tradisional), bukan harga Bengkulu Tengah"
2023-03-15,PHP17,GLP01,14150,kg,BD-PIHPS,,,,,"PIHPS Provinsi Bengkulu (rata-rata pasar tradisional), bukan harga Bengkulu Tengah"
2023-03-15,PHP17,GLP02,15000,kg,BD-PIHPS,,,,,"PIHPS Provinsi Bengkulu (rata-rata pasar tradisional), bukan harga Bengkulu Tengah"
2023-03-15,PHP17,MGR01,16000,liter,BD-PIHPS,,,,,"PIHPS Provinsi Bengkulu (rata-rata pasar tradisional), bukan harga Bengkulu Tengah"
2023-03-15,PHP17,MGR02,21550,liter,BD-PIHPS,,,,,"PIHPS Provinsi Bengkulu (rata-rata pasar tradisional), bukan harga Bengkulu Tengah"
2023-03-15,PHP17,MGR03,18250,liter,BD-PIHPS,,,,,"PIHPS Provinsi Bengkulu (rata-rata pasar tradisional), bukan harga Bengkulu Tengah"
2023-03-15,PHP17,TLR01,27000,kg,BD-PIHPS,,,,,"PIHPS Provinsi Bengkulu (rata-rata pasar tradisional), bukan harga Bengkulu Tengah"
2023-03-16,PHP17,BRS01,11100,kg,BD-PIHPS,,,,,"PIHPS Provinsi Bengkulu (rata-rata pasar tradisional), bukan harga Bengkulu Tengah"
2023-03-16,PHP17,BRS02,12850,kg,BD-PIHPS,,,,,"PIHPS Provinsi Bengkulu (rata-rata pasar tradisional), bukan harga Bengkulu Tengah"
2023-03-16,PHP17,BRS03,12950,kg,BD-PIHPS,,,,,"PIHPS Provinsi Bengkulu (rata-rata pasar tradisional), bukan harga Bengkulu Tengah"
2023-03-16,PHP17,BRS04,13250,kg,BD-PIHPS,,,,,"PIHPS Provinsi Bengkulu (rata-rata pasar tradisional), bukan harga Bengkulu Tengah"
2023-03-16,PHP17,BRS05,13750,kg,BD-PIHPS,,,,,"PIHPS Provinsi Bengkulu (rata-rata pasar tradisional), bukan harga Bengkulu Tengah"
2023-03-16,PHP17,BRS06,13750,kg,BD-PIHPS,,,,,"PIHPS Provinsi Bengkulu (rata-rata pasar tradisional), bukan harga Bengkulu Tengah"
2023-03-16,PHP17,BWM01,35750,kg,BD-PIHPS,,,,,"PIHPS Provinsi Bengkulu (rata-rata pasar tradisional), bukan harga Bengkulu Tengah"
2023-03-16,PHP17,BWP01,33750,kg,BD-PIHPS,,,,,"PIHPS Provinsi Bengkulu (rata-rata pasar tradisional), bukan harga Bengkulu Tengah"
2023-03-16,PHP17,CMR01,40750,kg,BD-PIHPS,,,,,"PIHPS Provinsi Bengkulu (rata-rata pasar tradisional), bukan harga Bengkulu Tengah"
2023-03-16,PHP17,CMR02,43500,kg,BD-PIHPS,,,,,"PIHPS Provinsi Bengkulu (rata-rata pasar tradisional), bukan harga Bengkulu Tengah"
2023-03-16,PHP17,CRW01,41250,kg,BD-PIHPS,,,,,"PIHPS Provinsi Bengkulu (rata-rata pasar tradisional), bukan harga Bengkulu Tengah"
2023-03-16,PHP17,CRW02,42900,kg,BD-PIHPS,,,,,"PIHPS Provinsi Bengkulu (rata-rata pasar tradisional), bukan harga Bengkulu Tengah"
2023-03-16,PHP17,DAY01,32250,kg,BD-PIHPS,,,,,"PIHPS Provinsi Bengkulu (rata-rata pasar tradisional), bukan harga Bengkulu Tengah"
2023-03-16,PHP17,DSP01,137500,kg,BD-PIHPS,,,,,"PIHPS Provinsi Bengkulu (rata-rata pasar tradisional), bukan harga Bengkulu Tengah"
2023-03-16,PHP17,DSP02,137500,kg,BD-PIHPS,,,,,"PIHPS Provinsi Bengkulu (rata-rata pasar tradisional), bukan harga Bengkulu Tengah"
2023-03-16,PHP17,GLP01,14150,kg,BD-PIHPS,,,,,"PIHPS Provinsi Bengkulu (rata-rata pasar tradisional), bukan harga Bengkulu Tengah"
2023-03-16,PHP17,GLP02,15000,kg,BD-PIHPS,,,,,"PIHPS Provinsi Bengkulu (rata-rata pasar tradisional), bukan harga Bengkulu Tengah"
2023-03-16,PHP17,MGR01,16000,liter,BD-PIHPS,,,,,"PIHPS Provinsi Bengkulu (rata-rata pasar tradisional), bukan harga Bengkulu Tengah"
2023-03-16,PHP17,MGR02,21550,liter,BD-PIHPS,,,,,"PIHPS Provinsi Bengkulu (rata-rata pasar tradisional), bukan harga Bengkulu Tengah"
2023-03-16,PHP17,MGR03,18250,liter,BD-PIHPS,,,,,"PIHPS Provinsi Bengkulu (rata-rata pasar tradisional), bukan harga Bengkulu Tengah"
2023-03-16,PHP17,TLR01,27300,kg,BD-PIHPS,,,,,"PIHPS Provinsi Bengkulu (rata-rata pasar tradisional), bukan harga Bengkulu Tengah"
2023-03-17,PHP17,BRS01,11100,kg,BD-PIHPS,,,,,"PIHPS Provinsi Bengkulu (rata-rata pasar tradisional), bukan harga Bengkulu Tengah"
2023-03-17,PHP17,BRS02,12850,kg,BD-PIHPS,,,,,"PIHPS Provinsi Bengkulu (rata-rata pasar tradisional), bukan harga Bengkulu Tengah"
2023-03-17,PHP17,BRS03,12950,kg,BD-PIHPS,,,,,"PIHPS Provinsi Bengkulu (rata-rata pasar tradisional), bukan harga Bengkulu Tengah"
2023-03-17,PHP17,BRS04,13250,kg,BD-PIHPS,,,,,"PIHPS Provinsi Bengkulu (rata-rata pasar tradisional), bukan harga Bengkulu Tengah"
2023-03-17,PHP17,BRS05,13750,kg,BD-PIHPS,,,,,"PIHPS Provinsi Bengkulu (rata-rata pasar tradisional), bukan harga Bengkulu Tengah"
2023-03-17,PHP17,BRS06,13750,kg,BD-PIHPS,,,,,"PIHPS Provinsi Bengkulu (rata-rata pasar tradisional), bukan harga Bengkulu Tengah"
2023-03-17,PHP17,BWM01,37500,kg,BD-PIHPS,,,,,"PIHPS Provinsi Bengkulu (rata-rata pasar tradisional), bukan harga Bengkulu Tengah"
2023-03-17,PHP17,BWP01,35150,kg,BD-PIHPS,,,,,"PIHPS Provinsi Bengkulu (rata-rata pasar tradisional), bukan harga Bengkulu Tengah"
2023-03-17,PHP17,CMR01,39000,kg,BD-PIHPS,,,,,"PIHPS Provinsi Bengkulu (rata-rata pasar tradisional), bukan harga Bengkulu Tengah"
2023-03-17,PHP17,CMR02,42400,kg,BD-PIHPS,,,,,"PIHPS Provinsi Bengkulu (rata-rata pasar tradisional), bukan harga Bengkulu Tengah"
2023-03-17,PHP17,CRW01,39150,kg,BD-PIHPS,,,,,"PIHPS Provinsi Bengkulu (rata-rata pasar tradisional), bukan harga Bengkulu Tengah"
2023-03-17,PHP17,CRW02,42450,kg,BD-PIHPS,,,,,"PIHPS Provinsi Bengkulu (rata-rata pasar tradisional), bukan harga Bengkulu Tengah"
2023-03-17,PHP17,DAY01,32250,kg,BD-PIHPS,,,,,"PIHPS Provinsi Bengkulu (rata-rata pasar tradisional), bukan harga Bengkulu Tengah"
2023-03-17,PHP17,DSP01,137500,kg,BD-PIHPS,,,,,"PIHPS Provinsi Bengkulu (rata-rata pasar tradisional), bukan harga Bengkulu Tengah"
2023-03-17,PHP17,DSP02,137500,kg,BD-PIHPS,,,,,"PIHPS Provinsi Bengkulu (rata-rata pasar tradisional), bukan harga Bengkulu Tengah"
2023-03-17,PHP17,GLP01,14150,kg,BD-PIHPS,,,,,"PIHPS Provinsi Bengkulu (rata-rata pasar tradisional), bukan harga Bengkulu Tengah"
2023-03-17,PHP17,GLP02,15000,kg,BD-PIHPS,,,,,"PIHPS Provinsi Bengkulu (rata-rata pasar tradisional), bukan harga Bengkulu Tengah"
2023-03-17,PHP17,MGR01,16000,liter,BD-PIHPS,,,,,"PIHPS Provinsi Bengkulu (rata-rata pasar tradisional), bukan harga Bengkulu Tengah"
2023-03-17,PHP17,MGR02,21550,liter,BD-PIHPS,,,,,"PIHPS Provinsi Bengkulu (rata-rata pasar tradisional), bukan harga Bengkulu Tengah"
2023-03-17,PHP17,MGR03,18250,liter,BD-PIHPS,,,,,"PIHPS Provinsi Bengkulu (rata-rata pasar tradisional), bukan harga Bengkulu Tengah"
2023-03-17,PHP17,TLR01,27300,kg,BD-PIHPS,,,,,"PIHPS Provinsi Bengkulu (rata-rata pasar tradisional), bukan harga Bengkulu Tengah"
2023-03-20,PHP17,BRS01,11100,kg,BD-PIHPS,,,,,"PIHPS Provinsi Bengkulu (rata-rata pasar tradisional), bukan harga Bengkulu Tengah"
2023-03-20,PHP17,BRS02,12850,kg,BD-PIHPS,,,,,"PIHPS Provinsi Bengkulu (rata-rata pasar tradisional), bukan harga Bengkulu Tengah"
2023-03-20,PHP17,BRS03,12950,kg,BD-PIHPS,,,,,"PIHPS Provinsi Bengkulu (rata-rata pasar tradisional), bukan harga Bengkulu Tengah"
2023-03-20,PHP17,BRS04,13250,kg,BD-PIHPS,,,,,"PIHPS Provinsi Bengkulu (rata-rata pasar tradisional), bukan harga Bengkulu Tengah"
2023-03-20,PHP17,BRS05,13750,kg,BD-PIHPS,,,,,"PIHPS Provinsi Bengkulu (rata-rata pasar tradisional), bukan harga Bengkulu Tengah"
2023-03-20,PHP17,BRS06,13750,kg,BD-PIHPS,,,,,"PIHPS Provinsi Bengkulu (rata-rata pasar tradisional), bukan harga Bengkulu Tengah"
2023-03-20,PHP17,BWM01,38250,kg,BD-PIHPS,,,,,"PIHPS Provinsi Bengkulu (rata-rata pasar tradisional), bukan harga Bengkulu Tengah"
2023-03-20,PHP17,BWP01,33500,kg,BD-PIHPS,,,,,"PIHPS Provinsi Bengkulu (rata-rata pasar tradisional), bukan harga Bengkulu Tengah"
2023-03-20,PHP17,CMR01,38000,kg,BD-PIHPS,,,,,"PIHPS Provinsi Bengkulu (rata-rata pasar tradisional), bukan harga Bengkulu Tengah"
2023-03-20,PHP17,CMR02,41900,kg,BD-PIHPS,,,,,"PIHPS Provinsi Bengkulu (rata-rata pasar tradisional), bukan harga Bengkulu Tengah"
2023-03-20,PHP17,CRW01,38650,kg,BD-PIHPS,,,,,"PIHPS Provinsi Bengkulu (rata-rata pasar tradisional), bukan harga Bengkulu Tengah"
2023-03-20,PHP17,CRW02,42450,kg,BD-PIHPS,,,,,"PIHPS Provinsi Bengkulu (rata-rata pasar tradisional), bukan harga Bengkulu Tengah"
2023-03-20,PHP17,DAY01,32000,kg,BD-PIHPS,,,,,"PIHPS Provinsi Bengkulu (rata-rata pasar tradisional), bukan harga Bengkulu Tengah"
2023-03-20,PHP17,DSP01,137500,kg,BD-PIHPS,,,,,"PIHPS Provinsi Bengkulu (rata-rata pasar tradisional), bukan harga Bengkulu Tengah"
2023-03-20,PHP17,DSP02,137500,kg,BD-PIHPS,,,,,"PIHPS Provinsi Bengkulu (rata-rata pasar tradisional), bukan harga Bengkulu Tengah"
2023-03-20,PHP17,GLP01,14150,kg,BD-PIHPS,,,,,"PIHPS Provinsi Bengkulu (rata-rata pasar tradisional), bukan harga Bengkulu Tengah"
2023-03-20,PHP17,GLP02,15000,kg,BD-PIHPS,,,,,"PIHPS Provinsi Bengkulu (rata-rata pasar tradisional), bukan harga Bengkulu Tengah"
2023-03-20,PHP17,MGR01,16000,liter,BD-PIHPS,,,,,"PIHPS Provinsi Bengkulu (rata-rata pasar tradisional), bukan harga Bengkulu Tengah"
2023-03-20,PHP17,MGR02,21550,liter,BD-PIHPS,,,,,"PIHPS Provinsi Bengkulu (rata-rata pasar tradisional), bukan harga Bengkulu Tengah"
2023-03-20,PHP17,MGR03,18250,liter,BD-PIHPS,,,,,"PIHPS Provinsi Bengkulu (rata-rata pasar tradisional), bukan harga Bengkulu Tengah"
2023-03-20,PHP17,TLR01,27900,kg,BD-PIHPS,,,,,"PIHPS Provinsi Bengkulu (rata-rata pasar tradisional), bukan harga Bengkulu Tengah"
2023-03-21,PHP17,BRS01,11100,kg,BD-PIHPS,,,,,"PIHPS Provinsi Bengkulu (rata-rata pasar tradisional), bukan harga Bengkulu Tengah"
2023-03-21,PHP17,BRS02,12850,kg,BD-PIHPS,,,,,"PIHPS Provinsi Bengkulu (rata-rata pasar tradisional), bukan harga Bengkulu Tengah"
2023-03-21,PHP17,BRS03,12950,kg,BD-PIHPS,,,,,"PIHPS Provinsi Bengkulu (rata-rata pasar tradisional), bukan harga Bengkulu Tengah"
2023-03-21,PHP17,BRS04,13250,kg,BD-PIHPS,,,,,"PIHPS Provinsi Bengkulu (rata-rata pasar tradisional), bukan harga Bengkulu Tengah"
2023-03-21,PHP17,BRS05,13750,kg,BD-PIHPS,,,,,"PIHPS Provinsi Bengkulu (rata-rata pasar tradisional), bukan harga Bengkulu Tengah"
2023-03-21,PHP17,BRS06,13750,kg,BD-PIHPS,,,,,"PIHPS Provinsi Bengkulu (rata-rata pasar tradisional), bukan harga Bengkulu Tengah"
2023-03-21,PHP17,BWM01,38900,kg,BD-PIHPS,,,,,"PIHPS Provinsi Bengkulu (rata-rata pasar tradisional), bukan harga Bengkulu Tengah"
2023-03-21,PHP17,BWP01,32750,kg,BD-PIHPS,,,,,"PIHPS Provinsi Bengkulu (rata-rata pasar tradisional), bukan harga Bengkulu Tengah"
2023-03-21,PHP17,CMR01,37000,kg,BD-PIHPS,,,,,"PIHPS Provinsi Bengkulu (rata-rata pasar tradisional), bukan harga Bengkulu Tengah"
2023-03-21,PHP17,CMR02,42150,kg,BD-PIHPS,,,,,"PIHPS Provinsi Bengkulu (rata-rata pasar tradisional), bukan harga Bengkulu Tengah"
2023-03-21,PHP17,CRW01,38250,kg,BD-PIHPS,,,,,"PIHPS Provinsi Bengkulu (rata-rata pasar tradisional), bukan harga Bengkulu Tengah"
2023-03-21,PHP17,CRW02,43100,kg,BD-PIHPS,,,,,"PIHPS Provinsi Bengkulu (rata-rata pasar tradisional), bukan harga Bengkulu Tengah"
2023-03-21,PHP17,DAY01,32000,kg,BD-PIHPS,,,,,"PIHPS Provinsi Bengkulu (rata-rata pasar tradisional), bukan harga Bengkulu Tengah"
2023-03-21,PHP17,DSP01,137500,kg,BD-PIHPS,,,,,"PIHPS Provinsi Bengkulu (rata-rata pasar tradisional), bukan harga Bengkulu Tengah"
2023-03-21,PHP17,DSP02,137500,kg,BD-PIHPS,,,,,"PIHPS Provinsi Bengkulu (rata-rata pasar tradisional), bukan harga Bengkulu Tengah"
2023-03-21,PHP17,GLP01,14150,kg,BD-PIHPS,,,,,"PIHPS Provinsi Bengkulu (rata-rata pasar tradisional), bukan harga Bengkulu Tengah"
2023-03-21,PHP17,GLP02,15000,kg,BD-PIHPS,,,,,"PIHPS Provinsi Bengkulu (rata-rata pasar tradisional), bukan harga Bengkulu Tengah"
2023-03-21,PHP17,MGR01,16000,liter,BD-PIHPS,,,,,"PIHPS Provinsi Bengkulu (rata-rata pasar tradisional), bukan harga Bengkulu Tengah"
2023-03-21,PHP17,MGR02,21550,liter,BD-PIHPS,,,,,"PIHPS Provinsi Bengkulu (rata-rata pasar tradisional), bukan harga Bengkulu Tengah"
2023-03-21,PHP17,MGR03,18250,liter,BD-PIHPS,,,,,"PIHPS Provinsi Bengkulu (rata-rata pasar tradisional), bukan harga Bengkulu Tengah"
2023-03-21,PHP17,TLR01,27900,kg,BD-PIHPS,,,,,"PIHPS Provinsi Bengkulu (rata-rata pasar tradisional), bukan harga Bengkulu Tengah"
2023-03-22,PHP17,BRS01,11100,kg,BD-PIHPS,,,,,"PIHPS Provinsi Bengkulu (rata-rata pasar tradisional), bukan harga Bengkulu Tengah"
2023-03-22,PHP17,BRS02,12850,kg,BD-PIHPS,,,,,"PIHPS Provinsi Bengkulu (rata-rata pasar tradisional), bukan harga Bengkulu Tengah"
2023-03-22,PHP17,BRS03,12950,kg,BD-PIHPS,,,,,"PIHPS Provinsi Bengkulu (rata-rata pasar tradisional), bukan harga Bengkulu Tengah"
2023-03-22,PHP17,BRS04,13250,kg,BD-PIHPS,,,,,"PIHPS Provinsi Bengkulu (rata-rata pasar tradisional), bukan harga Bengkulu Tengah"
2023-03-22,PHP17,BRS05,13750,kg,BD-PIHPS,,,,,"PIHPS Provinsi Bengkulu (rata-rata pasar tradisional), bukan harga Bengkulu Tengah"
2023-03-22,PHP17,BRS06,13750,kg,BD-PIHPS,,,,,"PIHPS Provinsi Bengkulu (rata-rata pasar tradisional), bukan harga Bengkulu Tengah"
2023-03-22,PHP17,BWM01,38900,kg,BD-PIHPS,,,,,"PIHPS Provinsi Bengkulu (rata-rata pasar tradisional), bukan harga Bengkulu Tengah"
2023-03-22,PHP17,BWP01,32750,kg,BD-PIHPS,,,,,"PIHPS Provinsi Bengkulu (rata-rata pasar tradisional), bukan harga Bengkulu Tengah"
2023-03-22,PHP17,CMR01,37000,kg,BD-PIHPS,,,,,"PIHPS Provinsi Bengkulu (rata-rata pasar tradisional), bukan harga Bengkulu Tengah"
2023-03-22,PHP17,CMR02,42150,kg,BD-PIHPS,,,,,"PIHPS Provinsi Bengkulu (rata-rata pasar tradisional), bukan harga Bengkulu Tengah"
2023-03-22,PHP17,CRW01,38250,kg,BD-PIHPS,,,,,"PIHPS Provinsi Bengkulu (rata-rata pasar tradisional), bukan harga Bengkulu Tengah"
2023-03-22,PHP17,CRW02,43100,kg,BD-PIHPS,,,,,"PIHPS Provinsi Bengkulu (rata-rata pasar tradisional), bukan harga Bengkulu Tengah"
2023-03-22,PHP17,DAY01,32000,kg,BD-PIHPS,,,,,"PIHPS Provinsi Bengkulu (rata-rata pasar tradisional), bukan harga Bengkulu Tengah"
2023-03-22,PHP17,DSP01,137500,kg,BD-PIHPS,,,,,"PIHPS Provinsi Bengkulu (rata-rata pasar tradisional), bukan harga Bengkulu Tengah"
2023-03-22,PHP17,DSP02,137500,kg,BD-PIHPS,,,,,"PIHPS Provinsi Bengkulu (rata-rata pasar tradisional), bukan harga Bengkulu Tengah"
2023-03-22,PHP17,GLP01,14150,kg,BD-PIHPS,,,,,"PIHPS Provinsi Bengkulu (rata-rata pasar tradisional), bukan harga Bengkulu Tengah"
2023-03-22,PHP17,GLP02,15000,kg,BD-PIHPS,,,,,"PIHPS Provinsi Bengkulu (rata-rata pasar tradisional), bukan harga Bengkulu Tengah"
2023-03-22,PHP17,MGR01,16000,liter,BD-PIHPS,,,,,"PIHPS Provinsi Bengkulu (rata-rata pasar tradisional), bukan harga Bengkulu Tengah"
2023-03-22,PHP17,MGR02,21550,liter,BD-PIHPS,,,,,"PIHPS Provinsi Bengkulu (rata-rata pasar tradisional), bukan harga Bengkulu Tengah"
2023-03-22,PHP17,MGR03,18250,liter,BD-PIHPS,,,,,"PIHPS Provinsi Bengkulu (rata-rata pasar tradisional), bukan harga Bengkulu Tengah"
2023-03-22,PHP17,TLR01,27900,kg,BD-PIHPS,,,,,"PIHPS Provinsi Bengkulu (rata-rata pasar tradisional), bukan harga Bengkulu Tengah"
2023-03-23,PHP17,BRS01,11100,kg,BD-PIHPS,,,,,"PIHPS Provinsi Bengkulu (rata-rata pasar tradisional), bukan harga Bengkulu Tengah"
2023-03-23,PHP17,BRS02,12850,kg,BD-PIHPS,,,,,"PIHPS Provinsi Bengkulu (rata-rata pasar tradisional), bukan harga Bengkulu Tengah"
2023-03-23,PHP17,BRS03,12950,kg,BD-PIHPS,,,,,"PIHPS Provinsi Bengkulu (rata-rata pasar tradisional), bukan harga Bengkulu Tengah"
2023-03-23,PHP17,BRS04,13250,kg,BD-PIHPS,,,,,"PIHPS Provinsi Bengkulu (rata-rata pasar tradisional), bukan harga Bengkulu Tengah"
2023-03-23,PHP17,BRS05,13750,kg,BD-PIHPS,,,,,"PIHPS Provinsi Bengkulu (rata-rata pasar tradisional), bukan harga Bengkulu Tengah"
2023-03-23,PHP17,BRS06,13750,kg,BD-PIHPS,,,,,"PIHPS Provinsi Bengkulu (rata-rata pasar tradisional), bukan harga Bengkulu Tengah"
2023-03-23,PHP17,BWM01,38900,kg,BD-PIHPS,,,,,"PIHPS Provinsi Bengkulu (rata-rata pasar tradisional), bukan harga Bengkulu Tengah"
2023-03-23,PHP17,BWP01,32750,kg,BD-PIHPS,,,,,"PIHPS Provinsi Bengkulu (rata-rata pasar tradisional), bukan harga Bengkulu Tengah"
2023-03-23,PHP17,CMR01,37000,kg,BD-PIHPS,,,,,"PIHPS Provinsi Bengkulu (rata-rata pasar tradisional), bukan harga Bengkulu Tengah"
2023-03-23,PHP17,CMR02,42150,kg,BD-PIHPS,,,,,"PIHPS Provinsi Bengkulu (rata-rata pasar tradisional), bukan harga Bengkulu Tengah"
2023-03-23,PHP17,CRW01,38250,kg,BD-PIHPS,,,,,"PIHPS Provinsi Bengkulu (rata-rata pasar tradisional), bukan harga Bengkulu Tengah"
2023-03-23,PHP17,CRW02,43100,kg,BD-PIHPS,,,,,"PIHPS Provinsi Bengkulu (rata-rata pasar tradisional), bukan harga Bengkulu Tengah"
2023-03-23,PHP17,DAY01,32000,kg,BD-PIHPS,,,,,"PIHPS Provinsi Bengkulu (rata-rata pasar tradisional), bukan harga Bengkulu Tengah"
2023-03-23,PHP17,DSP01,137500,kg,BD-PIHPS,,,,,"PIHPS Provinsi Bengkulu (rata-rata pasar tradisional), bukan harga Bengkulu Tengah"
2023-03-23,PHP17,DSP02,137500,kg,BD-PIHPS,,,,,"PIHPS Provinsi Bengkulu (rata-rata pasar tradisional), bukan harga Bengkulu Tengah"
2023-03-23,PHP17,GLP01,14150,kg,BD-PIHPS,,,,,"PIHPS Provinsi Bengkulu (rata-rata pasar tradisional), bukan harga Bengkulu Tengah"
2023-03-23,PHP17,GLP02,15000,kg,BD-PIHPS,,,,,"PIHPS Provinsi Bengkulu (rata-rata pasar tradisional), bukan harga Bengkulu Tengah"
2023-03-23,PHP17,MGR01,16000,liter,BD-PIHPS,,,,,"PIHPS Provinsi Bengkulu (rata-rata pasar tradisional), bukan harga Bengkulu Tengah"
2023-03-23,PHP17,MGR02,21550,liter,BD-PIHPS,,,,,"PIHPS Provinsi Bengkulu (rata-rata pasar tradisional), bukan harga Bengkulu Tengah"
2023-03-23,PHP17,MGR03,18250,liter,BD-PIHPS,,,,,"PIHPS Provinsi Bengkulu (rata-rata pasar tradisional), bukan harga Bengkulu Tengah"
2023-03-23,PHP17,TLR01,27900,kg,BD-PIHPS,,,,,"PIHPS Provinsi Bengkulu (rata-rata pasar tradisional), bukan harga Bengkulu Tengah"
2023-03-24,PHP17,BRS01,11100,kg,BD-PIHPS,,,,,"PIHPS Provinsi Bengkulu (rata-rata pasar tradisional), bukan harga Bengkulu Tengah"
2023-03-24,PHP17,BRS02,12850,kg,BD-PIHPS,,,,,"PIHPS Provinsi Bengkulu (rata-rata pasar tradisional), bukan harga Bengkulu Tengah"
2023-03-24,PHP17,BRS03,12950,kg,BD-PIHPS,,,,,"PIHPS Provinsi Bengkulu (rata-rata pasar tradisional), bukan harga Bengkulu Tengah"
2023-03-24,PHP17,BRS04,13250,kg,BD-PIHPS,,,,,"PIHPS Provinsi Bengkulu (rata-rata pasar tradisional), bukan harga Bengkulu Tengah"
2023-03-24,PHP17,BRS05,13750,kg,BD-PIHPS,,,,,"PIHPS Provinsi Bengkulu (rata-rata pasar tradisional), bukan harga Bengkulu Tengah"
2023-03-24,PHP17,BRS06,13750,kg,BD-PIHPS,,,,,"PIHPS Provinsi Bengkulu (rata-rata pasar tradisional), bukan harga Bengkulu Tengah"
2023-03-24,PHP17,BWM01,37400,kg,BD-PIHPS,,,,,"PIHPS Provinsi Bengkulu (rata-rata pasar tradisional), bukan harga Bengkulu Tengah"
2023-03-24,PHP17,BWP01,32400,kg,BD-PIHPS,,,,,"PIHPS Provinsi Bengkulu (rata-rata pasar tradisional), bukan harga Bengkulu Tengah"
2023-03-24,PHP17,CMR01,34000,kg,BD-PIHPS,,,,,"PIHPS Provinsi Bengkulu (rata-rata pasar tradisional), bukan harga Bengkulu Tengah"
2023-03-24,PHP17,CMR02,38900,kg,BD-PIHPS,,,,,"PIHPS Provinsi Bengkulu (rata-rata pasar tradisional), bukan harga Bengkulu Tengah"
2023-03-24,PHP17,CRW01,39400,kg,BD-PIHPS,,,,,"PIHPS Provinsi Bengkulu (rata-rata pasar tradisional), bukan harga Bengkulu Tengah"
2023-03-24,PHP17,CRW02,42600,kg,BD-PIHPS,,,,,"PIHPS Provinsi Bengkulu (rata-rata pasar tradisional), bukan harga Bengkulu Tengah"
2023-03-24,PHP17,DAY01,32000,kg,BD-PIHPS,,,,,"PIHPS Provinsi Bengkulu (rata-rata pasar tradisional), bukan harga Bengkulu Tengah"
2023-03-24,PHP17,DSP01,137500,kg,BD-PIHPS,,,,,"PIHPS Provinsi Bengkulu (rata-rata pasar tradisional), bukan harga Bengkulu Tengah"
2023-03-24,PHP17,DSP02,137500,kg,BD-PIHPS,,,,,"PIHPS Provinsi Bengkulu (rata-rata pasar tradisional), bukan harga Bengkulu Tengah"
2023-03-24,PHP17,GLP01,14150,kg,BD-PIHPS,,,,,"PIHPS Provinsi Bengkulu (rata-rata pasar tradisional), bukan harga Bengkulu Tengah"
2023-03-24,PHP17,GLP02,15000,kg,BD-PIHPS,,,,,"PIHPS Provinsi Bengkulu (rata-rata pasar tradisional), bukan harga Bengkulu Tengah"
2023-03-24,PHP17,MGR01,16000,liter,BD-PIHPS,,,,,"PIHPS Provinsi Bengkulu (rata-rata pasar tradisional), bukan harga Bengkulu Tengah"
2023-03-24,PHP17,MGR02,21550,liter,BD-PIHPS,,,,,"PIHPS Provinsi Bengkulu (rata-rata pasar tradisional), bukan harga Bengkulu Tengah"
2023-03-24,PHP17,MGR03,18250,liter,BD-PIHPS,,,,,"PIHPS Provinsi Bengkulu (rata-rata pasar tradisional), bukan harga Bengkulu Tengah"
2023-03-24,PHP17,TLR01,28100,kg,BD-PIHPS,,,,,"PIHPS Provinsi Bengkulu (rata-rata pasar tradisional), bukan harga Bengkulu Tengah"
2023-03-27,PHP17,BRS01,11100,kg,BD-PIHPS,,,,,"PIHPS Provinsi Bengkulu (rata-rata pasar tradisional), bukan harga Bengkulu Tengah"
2023-03-27,PHP17,BRS02,12850,kg,BD-PIHPS,,,,,"PIHPS Provinsi Bengkulu (rata-rata pasar tradisional), bukan harga Bengkulu Tengah"
2023-03-27,PHP17,BRS03,12950,kg,BD-PIHPS,,,,,"PIHPS Provinsi Bengkulu (rata-rata pasar tradisional), bukan harga Bengkulu Tengah"
2023-03-27,PHP17,BRS04,13250,kg,BD-PIHPS,,,,,"PIHPS Provinsi Bengkulu (rata-rata pasar tradisional), bukan harga Bengkulu Tengah"
2023-03-27,PHP17,BRS05,13750,kg,BD-PIHPS,,,,,"PIHPS Provinsi Bengkulu (rata-rata pasar tradisional), bukan harga Bengkulu Tengah"
2023-03-27,PHP17,BRS06,13750,kg,BD-PIHPS,,,,,"PIHPS Provinsi Bengkulu (rata-rata pasar tradisional), bukan harga Bengkulu Tengah"
2023-03-27,PHP17,BWM01,38000,kg,BD-PIHPS,,,,,"PIHPS Provinsi Bengkulu (rata-rata pasar tradisional), bukan harga Bengkulu Tengah"
2023-03-27,PHP17,BWP01,33150,kg,BD-PIHPS,,,,,"PIHPS Provinsi Bengkulu (rata-rata pasar tradisional), bukan harga Bengkulu Tengah"
2023-03-27,PHP17,CMR01,32150,kg,BD-PIHPS,,,,,"PIHPS Provinsi Bengkulu (rata-rata pasar tradisional), bukan harga Bengkulu Tengah"
2023-03-27,PHP17,CMR02,36400,kg,BD-PIHPS,,,,,"PIHPS Provinsi Bengkulu (rata-rata pasar tradisional), bukan harga Bengkulu Tengah"
2023-03-27,PHP17,CRW01,38500,kg,BD-PIHPS,,,,,"PIHPS Provinsi Bengkulu (rata-rata pasar tradisional), bukan harga Bengkulu Tengah"
2023-03-27,PHP17,CRW02,41200,kg,BD-PIHPS,,,,,"PIHPS Provinsi Bengkulu (rata-rata pasar tradisional), bukan harga Bengkulu Tengah"
2023-03-27,PHP17,DAY01,29750,kg,BD-PIHPS,,,,,"PIHPS Provinsi Bengkulu (rata-rata pasar tradisional), bukan harga Bengkulu Tengah"
2023-03-27,PHP17,DSP01,137500,kg,BD-PIHPS,,,,,"PIHPS Provinsi Bengkulu (rata-rata pasar tradisional), bukan harga Bengkulu Tengah"
2023-03-27,PHP17,DSP02,137500,kg,BD-PIHPS,,,,,"PIHPS Provinsi Bengkulu (rata-rata pasar tradisional), bukan harga Bengkulu Tengah"
2023-03-27,PHP17,GLP01,14150,kg,BD-PIHPS,,,,,"PIHPS Provinsi Bengkulu (rata-rata pasar tradisional), bukan harga Bengkulu Tengah"
2023-03-27,PHP17,GLP02,15000,kg,BD-PIHPS,,,,,"PIHPS Provinsi Bengkulu (rata-rata pasar tradisional), bukan harga Bengkulu Tengah"
2023-03-27,PHP17,MGR01,16000,liter,BD-PIHPS,,,,,"PIHPS Provinsi Bengkulu (rata-rata pasar tradisional), bukan harga Bengkulu Tengah"
2023-03-27,PHP17,MGR02,21550,liter,BD-PIHPS,,,,,"PIHPS Provinsi Bengkulu (rata-rata pasar tradisional), bukan harga Bengkulu Tengah"
2023-03-27,PHP17,MGR03,18250,liter,BD-PIHPS,,,,,"PIHPS Provinsi Bengkulu (rata-rata pasar tradisional), bukan harga Bengkulu Tengah"
2023-03-27,PHP17,TLR01,28100,kg,BD-PIHPS,,,,,"PIHPS Provinsi Bengkulu (rata-rata pasar tradisional), bukan harga Bengkulu Tengah"
2023-03-28,PHP17,BRS01,11150,kg,BD-PIHPS,,,,,"PIHPS Provinsi Bengkulu (rata-rata pasar tradisional), bukan harga Bengkulu Tengah"
2023-03-28,PHP17,BRS02,12850,kg,BD-PIHPS,,,,,"PIHPS Provinsi Bengkulu (rata-rata pasar tradisional), bukan harga Bengkulu Tengah"
2023-03-28,PHP17,BRS03,13000,kg,BD-PIHPS,,,,,"PIHPS Provinsi Bengkulu (rata-rata pasar tradisional), bukan harga Bengkulu Tengah"
2023-03-28,PHP17,BRS04,13300,kg,BD-PIHPS,,,,,"PIHPS Provinsi Bengkulu (rata-rata pasar tradisional), bukan harga Bengkulu Tengah"
2023-03-28,PHP17,BRS05,13750,kg,BD-PIHPS,,,,,"PIHPS Provinsi Bengkulu (rata-rata pasar tradisional), bukan harga Bengkulu Tengah"
2023-03-28,PHP17,BRS06,13750,kg,BD-PIHPS,,,,,"PIHPS Provinsi Bengkulu (rata-rata pasar tradisional), bukan harga Bengkulu Tengah"
2023-03-28,PHP17,BWM01,38900,kg,BD-PIHPS,,,,,"PIHPS Provinsi Bengkulu (rata-rata pasar tradisional), bukan harga Bengkulu Tengah"
2023-03-28,PHP17,BWP01,33500,kg,BD-PIHPS,,,,,"PIHPS Provinsi Bengkulu (rata-rata pasar tradisional), bukan harga Bengkulu Tengah"
2023-03-28,PHP17,CMR01,30000,kg,BD-PIHPS,,,,,"PIHPS Provinsi Bengkulu (rata-rata pasar tradisional), bukan harga Bengkulu Tengah"
2023-03-28,PHP17,CMR02,34250,kg,BD-PIHPS,,,,,"PIHPS Provinsi Bengkulu (rata-rata pasar tradisional), bukan harga Bengkulu Tengah"
2023-03-28,PHP17,CRW01,37750,kg,BD-PIHPS,,,,,"PIHPS Provinsi Bengkulu (rata-rata pasar tradisional), bukan harga Bengkulu Tengah"
2023-03-28,PHP17,CRW02,40250,kg,BD-PIHPS,,,,,"PIHPS Provinsi Bengkulu (rata-rata pasar tradisional), bukan harga Bengkulu Tengah"
2023-03-28,PHP17,DAY01,29750,kg,BD-PIHPS,,,,,"PIHPS Provinsi Bengkulu (rata-rata pasar tradisional), bukan harga Bengkulu Tengah"
2023-03-28,PHP17,DSP01,137500,kg,BD-PIHPS,,,,,"PIHPS Provinsi Bengkulu (rata-rata pasar tradisional), bukan harga Bengkulu Tengah"
2023-03-28,PHP17,DSP02,137500,kg,BD-PIHPS,,,,,"PIHPS Provinsi Bengkulu (rata-rata pasar tradisional), bukan harga Bengkulu Tengah"
2023-03-28,PHP17,GLP01,14150,kg,BD-PIHPS,,,,,"PIHPS Provinsi Bengkulu (rata-rata pasar tradisional), bukan harga Bengkulu Tengah"
2023-03-28,PHP17,GLP02,15000,kg,BD-PIHPS,,,,,"PIHPS Provinsi Bengkulu (rata-rata pasar tradisional), bukan harga Bengkulu Tengah"
2023-03-28,PHP17,MGR01,16000,liter,BD-PIHPS,,,,,"PIHPS Provinsi Bengkulu (rata-rata pasar tradisional), bukan harga Bengkulu Tengah"
2023-03-28,PHP17,MGR02,21550,liter,BD-PIHPS,,,,,"PIHPS Provinsi Bengkulu (rata-rata pasar tradisional), bukan harga Bengkulu Tengah"
2023-03-28,PHP17,MGR03,18500,liter,BD-PIHPS,,,,,"PIHPS Provinsi Bengkulu (rata-rata pasar tradisional), bukan harga Bengkulu Tengah"
2023-03-28,PHP17,TLR01,28100,kg,BD-PIHPS,,,,,"PIHPS Provinsi Bengkulu (rata-rata pasar tradisional), bukan harga Bengkulu Tengah"
2023-03-29,PHP17,BRS01,11150,kg,BD-PIHPS,,,,,"PIHPS Provinsi Bengkulu (rata-rata pasar tradisional), bukan harga Bengkulu Tengah"
2023-03-29,PHP17,BRS02,12850,kg,BD-PIHPS,,,,,"PIHPS Provinsi Bengkulu (rata-rata pasar tradisional), bukan harga Bengkulu Tengah"
2023-03-29,PHP17,BRS03,13000,kg,BD-PIHPS,,,,,"PIHPS Provinsi Bengkulu (rata-rata pasar tradisional), bukan harga Bengkulu Tengah"
2023-03-29,PHP17,BRS04,13300,kg,BD-PIHPS,,,,,"PIHPS Provinsi Bengkulu (rata-rata pasar tradisional), bukan harga Bengkulu Tengah"
2023-03-29,PHP17,BRS05,13750,kg,BD-PIHPS,,,,,"PIHPS Provinsi Bengkulu (rata-rata pasar tradisional), bukan harga Bengkulu Tengah"
2023-03-29,PHP17,BRS06,13750,kg,BD-PIHPS,,,,,"PIHPS Provinsi Bengkulu (rata-rata pasar tradisional), bukan harga Bengkulu Tengah"
2023-03-29,PHP17,BWM01,38900,kg,BD-PIHPS,,,,,"PIHPS Provinsi Bengkulu (rata-rata pasar tradisional), bukan harga Bengkulu Tengah"
2023-03-29,PHP17,BWP01,33500,kg,BD-PIHPS,,,,,"PIHPS Provinsi Bengkulu (rata-rata pasar tradisional), bukan harga Bengkulu Tengah"
2023-03-29,PHP17,CMR01,30400,kg,BD-PIHPS,,,,,"PIHPS Provinsi Bengkulu (rata-rata pasar tradisional), bukan harga Bengkulu Tengah"
2023-03-29,PHP17,CMR02,34400,kg,BD-PIHPS,,,,,"PIHPS Provinsi Bengkulu (rata-rata pasar tradisional), bukan harga Bengkulu Tengah"
2023-03-29,PHP17,CRW01,36650,kg,BD-PIHPS,,,,,"PIHPS Provinsi Bengkulu (rata-rata pasar tradisional), bukan harga Bengkulu Tengah"
2023-03-29,PHP17,CRW02,38350,kg,BD-PIHPS,,,,,"PIHPS Provinsi Bengkulu (rata-rata pasar tradisional), bukan harga Bengkulu Tengah"
2023-03-29,PHP17,DAY01,29750,kg,BD-PIHPS,,,,,"PIHPS Provinsi Bengkulu (rata-rata pasar tradisional), bukan harga Bengkulu Tengah"
2023-03-29,PHP17,DSP01,137500,kg,BD-PIHPS,,,,,"PIHPS Provinsi Bengkulu (rata-rata pasar tradisional), bukan harga Bengkulu Tengah"
2023-03-29,PHP17,DSP02,137500,kg,BD-PIHPS,,,,,"PIHPS Provinsi Bengkulu (rata-rata pasar tradisional), bukan harga Bengkulu Tengah"
2023-03-29,PHP17,GLP01,14150,kg,BD-PIHPS,,,,,"PIHPS Provinsi Bengkulu (rata-rata pasar tradisional), bukan harga Bengkulu Tengah"
2023-03-29,PHP17,GLP02,15000,kg,BD-PIHPS,,,,,"PIHPS Provinsi Bengkulu (rata-rata pasar tradisional), bukan harga Bengkulu Tengah"
2023-03-29,PHP17,MGR01,16000,liter,BD-PIHPS,,,,,"PIHPS Provinsi Bengkulu (rata-rata pasar tradisional), bukan harga Bengkulu Tengah"
2023-03-29,PHP17,MGR02,21550,liter,BD-PIHPS,,,,,"PIHPS Provinsi Bengkulu (rata-rata pasar tradisional), bukan harga Bengkulu Tengah"
2023-03-29,PHP17,MGR03,18500,liter,BD-PIHPS,,,,,"PIHPS Provinsi Bengkulu (rata-rata pasar tradisional), bukan harga Bengkulu Tengah"
2023-03-29,PHP17,TLR01,28100,kg,BD-PIHPS,,,,,"PIHPS Provinsi Bengkulu (rata-rata pasar tradisional), bukan harga Bengkulu Tengah"
2023-03-30,PHP17,BRS01,11150,kg,BD-PIHPS,,,,,"PIHPS Provinsi Bengkulu (rata-rata pasar tradisional), bukan harga Bengkulu Tengah"
2023-03-30,PHP17,BRS02,12850,kg,BD-PIHPS,,,,,"PIHPS Provinsi Bengkulu (rata-rata pasar tradisional), bukan harga Bengkulu Tengah"
2023-03-30,PHP17,BRS03,13000,kg,BD-PIHPS,,,,,"PIHPS Provinsi Bengkulu (rata-rata pasar tradisional), bukan harga Bengkulu Tengah"
2023-03-30,PHP17,BRS04,13300,kg,BD-PIHPS,,,,,"PIHPS Provinsi Bengkulu (rata-rata pasar tradisional), bukan harga Bengkulu Tengah"
2023-03-30,PHP17,BRS05,13750,kg,BD-PIHPS,,,,,"PIHPS Provinsi Bengkulu (rata-rata pasar tradisional), bukan harga Bengkulu Tengah"
2023-03-30,PHP17,BRS06,13750,kg,BD-PIHPS,,,,,"PIHPS Provinsi Bengkulu (rata-rata pasar tradisional), bukan harga Bengkulu Tengah"
2023-03-30,PHP17,BWM01,38750,kg,BD-PIHPS,,,,,"PIHPS Provinsi Bengkulu (rata-rata pasar tradisional), bukan harga Bengkulu Tengah"
2023-03-30,PHP17,BWP01,33500,kg,BD-PIHPS,,,,,"PIHPS Provinsi Bengkulu (rata-rata pasar tradisional), bukan harga Bengkulu Tengah"
2023-03-30,PHP17,CMR01,28750,kg,BD-PIHPS,,,,,"PIHPS Provinsi Bengkulu (rata-rata pasar tradisional), bukan harga Bengkulu Tengah"
2023-03-30,PHP17,CMR02,33750,kg,BD-PIHPS,,,,,"PIHPS Provinsi Bengkulu (rata-rata pasar tradisional), bukan harga Bengkulu Tengah"
2023-03-30,PHP17,CRW01,35400,kg,BD-PIHPS,,,,,"PIHPS Provinsi Bengkulu (rata-rata pasar tradisional), bukan harga Bengkulu Tengah"
2023-03-30,PHP17,CRW02,36150,kg,BD-PIHPS,,,,,"PIHPS Provinsi Bengkulu (rata-rata pasar tradisional), bukan harga Bengkulu Tengah"
2023-03-30,PHP17,DAY01,29750,kg,BD-PIHPS,,,,,"PIHPS Provinsi Bengkulu (rata-rata pasar tradisional), bukan harga Bengkulu Tengah"
2023-03-30,PHP17,DSP01,137500,kg,BD-PIHPS,,,,,"PIHPS Provinsi Bengkulu (rata-rata pasar tradisional), bukan harga Bengkulu Tengah"
2023-03-30,PHP17,DSP02,137500,kg,BD-PIHPS,,,,,"PIHPS Provinsi Bengkulu (rata-rata pasar tradisional), bukan harga Bengkulu Tengah"
2023-03-30,PHP17,GLP01,14150,kg,BD-PIHPS,,,,,"PIHPS Provinsi Bengkulu (rata-rata pasar tradisional), bukan harga Bengkulu Tengah"
2023-03-30,PHP17,GLP02,15000,kg,BD-PIHPS,,,,,"PIHPS Provinsi Bengkulu (rata-rata pasar tradisional), bukan harga Bengkulu Tengah"
2023-03-30,PHP17,MGR01,16000,liter,BD-PIHPS,,,,,"PIHPS Provinsi Bengkulu (rata-rata pasar tradisional), bukan harga Bengkulu Tengah"
2023-03-30,PHP17,MGR02,21550,liter,BD-PIHPS,,,,,"PIHPS Provinsi Bengkulu (rata-rata pasar tradisional), bukan harga Bengkulu Tengah"
2023-03-30,PHP17,MGR03,18500,liter,BD-PIHPS,,,,,"PIHPS Provinsi Bengkulu (rata-rata pasar tradisional), bukan harga Bengkulu Tengah"
2023-03-30,PHP17,TLR01,28100,kg,BD-PIHPS,,,,,"PIHPS Provinsi Bengkulu (rata-rata pasar tradisional), bukan harga Bengkulu Tengah"
2023-03-31,PHP17,BRS01,11150,kg,BD-PIHPS,,,,,"PIHPS Provinsi Bengkulu (rata-rata pasar tradisional), bukan harga Bengkulu Tengah"
2023-03-31,PHP17,BRS02,12850,kg,BD-PIHPS,,,,,"PIHPS Provinsi Bengkulu (rata-rata pasar tradisional), bukan harga Bengkulu Tengah"
2023-03-31,PHP17,BRS03,13000,kg,BD-PIHPS,,,,,"PIHPS Provinsi Bengkulu (rata-rata pasar tradisional), bukan harga Bengkulu Tengah"
2023-03-31,PHP17,BRS04,13300,kg,BD-PIHPS,,,,,"PIHPS Provinsi Bengkulu (rata-rata pasar tradisional), bukan harga Bengkulu Tengah"
2023-03-31,PHP17,BRS05,13750,kg,BD-PIHPS,,,,,"PIHPS Provinsi Bengkulu (rata-rata pasar tradisional), bukan harga Bengkulu Tengah"
2023-03-31,PHP17,BRS06,13750,kg,BD-PIHPS,,,,,"PIHPS Provinsi Bengkulu (rata-rata pasar tradisional), bukan harga Bengkulu Tengah"
2023-03-31,PHP17,BWM01,37650,kg,BD-PIHPS,,,,,"PIHPS Provinsi Bengkulu (rata-rata pasar tradisional), bukan harga Bengkulu Tengah"
2023-03-31,PHP17,BWP01,32250,kg,BD-PIHPS,,,,,"PIHPS Provinsi Bengkulu (rata-rata pasar tradisional), bukan harga Bengkulu Tengah"
2023-03-31,PHP17,CMR01,25650,kg,BD-PIHPS,,,,,"PIHPS Provinsi Bengkulu (rata-rata pasar tradisional), bukan harga Bengkulu Tengah"
2023-03-31,PHP17,CMR02,30400,kg,BD-PIHPS,,,,,"PIHPS Provinsi Bengkulu (rata-rata pasar tradisional), bukan harga Bengkulu Tengah"
2023-03-31,PHP17,CRW01,34900,kg,BD-PIHPS,,,,,"PIHPS Provinsi Bengkulu (rata-rata pasar tradisional), bukan harga Bengkulu Tengah"
2023-03-31,PHP17,CRW02,33500,kg,BD-PIHPS,,,,,"PIHPS Provinsi Bengkulu (rata-rata pasar tradisional), bukan harga Bengkulu Tengah"
2023-03-31,PHP17,DAY01,29750,kg,BD-PIHPS,,,,,"PIHPS Provinsi Bengkulu (rata-rata pasar tradisional), bukan harga Bengkulu Tengah"
2023-03-31,PHP17,DSP01,137500,kg,BD-PIHPS,,,,,"PIHPS Provinsi Bengkulu (rata-rata pasar tradisional), bukan harga Bengkulu Tengah"
2023-03-31,PHP17,DSP02,137500,kg,BD-PIHPS,,,,,"PIHPS Provinsi Bengkulu (rata-rata pasar tradisional), bukan harga Bengkulu Tengah"
2023-03-31,PHP17,GLP01,14150,kg,BD-PIHPS,,,,,"PIHPS Provinsi Bengkulu (rata-rata pasar tradisional), bukan harga Bengkulu Tengah"
2023-03-31,PHP17,GLP02,15000,kg,BD-PIHPS,,,,,"PIHPS Provinsi Bengkulu (rata-rata pasar tradisional), bukan harga Bengkulu Tengah"
2023-03-31,PHP17,MGR01,16000,liter,BD-PIHPS,,,,,"PIHPS Provinsi Bengkulu (rata-rata pasar tradisional), bukan harga Bengkulu Tengah"
2023-03-31,PHP17,MGR02,21550,liter,BD-PIHPS,,,,,"PIHPS Provinsi Bengkulu (rata-rata pasar tradisional), bukan harga Bengkulu Tengah"
2023-03-31,PHP17,MGR03,18500,liter,BD-PIHPS,,,,,"PIHPS Provinsi Bengkulu (rata-rata pasar tradisional), bukan harga Bengkulu Tengah"
2023-03-31,PHP17,TLR01,28100,kg,BD-PIHPS,,,,,"PIHPS Provinsi Bengkulu (rata-rata pasar tradisional), bukan harga Bengkulu Tengah"
2023-04-03,PHP17,BRS01,11150,kg,BD-PIHPS,,,,,"PIHPS Provinsi Bengkulu (rata-rata pasar tradisional), bukan harga Bengkulu Tengah"
2023-04-03,PHP17,BRS02,12850,kg,BD-PIHPS,,,,,"PIHPS Provinsi Bengkulu (rata-rata pasar tradisional), bukan harga Bengkulu Tengah"
2023-04-03,PHP17,BRS03,13000,kg,BD-PIHPS,,,,,"PIHPS Provinsi Bengkulu (rata-rata pasar tradisional), bukan harga Bengkulu Tengah"
2023-04-03,PHP17,BRS04,13300,kg,BD-PIHPS,,,,,"PIHPS Provinsi Bengkulu (rata-rata pasar tradisional), bukan harga Bengkulu Tengah"
2023-04-03,PHP17,BRS05,13750,kg,BD-PIHPS,,,,,"PIHPS Provinsi Bengkulu (rata-rata pasar tradisional), bukan harga Bengkulu Tengah"
2023-04-03,PHP17,BRS06,13750,kg,BD-PIHPS,,,,,"PIHPS Provinsi Bengkulu (rata-rata pasar tradisional), bukan harga Bengkulu Tengah"
2023-04-03,PHP17,BWM01,37400,kg,BD-PIHPS,,,,,"PIHPS Provinsi Bengkulu (rata-rata pasar tradisional), bukan harga Bengkulu Tengah"
2023-04-03,PHP17,BWP01,32650,kg,BD-PIHPS,,,,,"PIHPS Provinsi Bengkulu (rata-rata pasar tradisional), bukan harga Bengkulu Tengah"
2023-04-03,PHP17,CMR01,25400,kg,BD-PIHPS,,,,,"PIHPS Provinsi Bengkulu (rata-rata pasar tradisional), bukan harga Bengkulu Tengah"
2023-04-03,PHP17,CMR02,29750,kg,BD-PIHPS,,,,,"PIHPS Provinsi Bengkulu (rata-rata pasar tradisional), bukan harga Bengkulu Tengah"
2023-04-03,PHP17,CRW01,33000,kg,BD-PIHPS,,,,,"PIHPS Provinsi Bengkulu (rata-rata pasar tradisional), bukan harga Bengkulu Tengah"
2023-04-03,PHP17,CRW02,33000,kg,BD-PIHPS,,,,,"PIHPS Provinsi Bengkulu (rata-rata pasar tradisional), bukan harga Bengkulu Tengah"
2023-04-03,PHP17,DAY01,27900,kg,BD-PIHPS,,,,,"PIHPS Provinsi Bengkulu (rata-rata pasar tradisional), bukan harga Bengkulu Tengah"
2023-04-03,PHP17,DSP01,137500,kg,BD-PIHPS,,,,,"PIHPS Provinsi Bengkulu (rata-rata pasar tradisional), bukan harga Bengkulu Tengah"
2023-04-03,PHP17,DSP02,137500,kg,BD-PIHPS,,,,,"PIHPS Provinsi Bengkulu (rata-rata pasar tradisional), bukan harga Bengkulu Tengah"
2023-04-03,PHP17,GLP01,14150,kg,BD-PIHPS,,,,,"PIHPS Provinsi Bengkulu (rata-rata pasar tradisional), bukan harga Bengkulu Tengah"
2023-04-03,PHP17,GLP02,15000,kg,BD-PIHPS,,,,,"PIHPS Provinsi Bengkulu (rata-rata pasar tradisional), bukan harga Bengkulu Tengah"
2023-04-03,PHP17,MGR01,16000,liter,BD-PIHPS,,,,,"PIHPS Provinsi Bengkulu (rata-rata pasar tradisional), bukan harga Bengkulu Tengah"
2023-04-03,PHP17,MGR02,21550,liter,BD-PIHPS,,,,,"PIHPS Provinsi Bengkulu (rata-rata pasar tradisional), bukan harga Bengkulu Tengah"
2023-04-03,PHP17,MGR03,18500,liter,BD-PIHPS,,,,,"PIHPS Provinsi Bengkulu (rata-rata pasar tradisional), bukan harga Bengkulu Tengah"
2023-04-03,PHP17,TLR01,28100,kg,BD-PIHPS,,,,,"PIHPS Provinsi Bengkulu (rata-rata pasar tradisional), bukan harga Bengkulu Tengah"
2023-04-04,PHP17,BRS01,11150,kg,BD-PIHPS,,,,,"PIHPS Provinsi Bengkulu (rata-rata pasar tradisional), bukan harga Bengkulu Tengah"
2023-04-04,PHP17,BRS02,12850,kg,BD-PIHPS,,,,,"PIHPS Provinsi Bengkulu (rata-rata pasar tradisional), bukan harga Bengkulu Tengah"
2023-04-04,PHP17,BRS03,13000,kg,BD-PIHPS,,,,,"PIHPS Provinsi Bengkulu (rata-rata pasar tradisional), bukan harga Bengkulu Tengah"
2023-04-04,PHP17,BRS04,13300,kg,BD-PIHPS,,,,,"PIHPS Provinsi Bengkulu (rata-rata pasar tradisional), bukan harga Bengkulu Tengah"
2023-04-04,PHP17,BRS05,13750,kg,BD-PIHPS,,,,,"PIHPS Provinsi Bengkulu (rata-rata pasar tradisional), bukan harga Bengkulu Tengah"
2023-04-04,PHP17,BRS06,13750,kg,BD-PIHPS,,,,,"PIHPS Provinsi Bengkulu (rata-rata pasar tradisional), bukan harga Bengkulu Tengah"
2023-04-04,PHP17,BWM01,37650,kg,BD-PIHPS,,,,,"PIHPS Provinsi Bengkulu (rata-rata pasar tradisional), bukan harga Bengkulu Tengah"
2023-04-04,PHP17,BWP01,32400,kg,BD-PIHPS,,,,,"PIHPS Provinsi Bengkulu (rata-rata pasar tradisional), bukan harga Bengkulu Tengah"
2023-04-04,PHP17,CMR01,24650,kg,BD-PIHPS,,,,,"PIHPS Provinsi Bengkulu (rata-rata pasar tradisional), bukan harga Bengkulu Tengah"
2023-04-04,PHP17,CMR02,28750,kg,BD-PIHPS,,,,,"PIHPS Provinsi Bengkulu (rata-rata pasar tradisional), bukan harga Bengkulu Tengah"
2023-04-04,PHP17,CRW01,30000,kg,BD-PIHPS,,,,,"PIHPS Provinsi Bengkulu (rata-rata pasar tradisional), bukan harga Bengkulu Tengah"
2023-04-04,PHP17,CRW02,31550,kg,BD-PIHPS,,,,,"PIHPS Provinsi Bengkulu (rata-rata pasar tradisional), bukan harga Bengkulu Tengah"
2023-04-04,PHP17,DAY01,27750,kg,BD-PIHPS,,,,,"PIHPS Provinsi Bengkulu (rata-rata pasar tradisional), bukan harga Bengkulu Tengah"
2023-04-04,PHP17,DSP01,137500,kg,BD-PIHPS,,,,,"PIHPS Provinsi Bengkulu (rata-rata pasar tradisional), bukan harga Bengkulu Tengah"
2023-04-04,PHP17,DSP02,137500,kg,BD-PIHPS,,,,,"PIHPS Provinsi Bengkulu (rata-rata pasar tradisional), bukan harga Bengkulu Tengah"
2023-04-04,PHP17,GLP01,14150,kg,BD-PIHPS,,,,,"PIHPS Provinsi Bengkulu (rata-rata pasar tradisional), bukan harga Bengkulu Tengah"
2023-04-04,PHP17,GLP02,15000,kg,BD-PIHPS,,,,,"PIHPS Provinsi Bengkulu (rata-rata pasar tradisional), bukan harga Bengkulu Tengah"
2023-04-04,PHP17,MGR01,16000,liter,BD-PIHPS,,,,,"PIHPS Provinsi Bengkulu (rata-rata pasar tradisional), bukan harga Bengkulu Tengah"
2023-04-04,PHP17,MGR02,21700,liter,BD-PIHPS,,,,,"PIHPS Provinsi Bengkulu (rata-rata pasar tradisional), bukan harga Bengkulu Tengah"
2023-04-04,PHP17,MGR03,18900,liter,BD-PIHPS,,,,,"PIHPS Provinsi Bengkulu (rata-rata pasar tradisional), bukan harga Bengkulu Tengah"
2023-04-04,PHP17,TLR01,28300,kg,BD-PIHPS,,,,,"PIHPS Provinsi Bengkulu (rata-rata pasar tradisional), bukan harga Bengkulu Tengah"
2023-04-05,PHP17,BRS01,11150,kg,BD-PIHPS,,,,,"PIHPS Provinsi Bengkulu (rata-rata pasar tradisional), bukan harga Bengkulu Tengah"
2023-04-05,PHP17,BRS02,12850,kg,BD-PIHPS,,,,,"PIHPS Provinsi Bengkulu (rata-rata pasar tradisional), bukan harga Bengkulu Tengah"
2023-04-05,PHP17,BRS03,13000,kg,BD-PIHPS,,,,,"PIHPS Provinsi Bengkulu (rata-rata pasar tradisional), bukan harga Bengkulu Tengah"
2023-04-05,PHP17,BRS04,13300,kg,BD-PIHPS,,,,,"PIHPS Provinsi Bengkulu (rata-rata pasar tradisional), bukan harga Bengkulu Tengah"
2023-04-05,PHP17,BRS05,13750,kg,BD-PIHPS,,,,,"PIHPS Provinsi Bengkulu (rata-rata pasar tradisional), bukan harga Bengkulu Tengah"
2023-04-05,PHP17,BRS06,13750,kg,BD-PIHPS,,,,,"PIHPS Provinsi Bengkulu (rata-rata pasar tradisional), bukan harga Bengkulu Tengah"
2023-04-05,PHP17,BWM01,37400,kg,BD-PIHPS,,,,,"PIHPS Provinsi Bengkulu (rata-rata pasar tradisional), bukan harga Bengkulu Tengah"
2023-04-05,PHP17,BWP01,32000,kg,BD-PIHPS,,,,,"PIHPS Provinsi Bengkulu (rata-rata pasar tradisional), bukan harga Bengkulu Tengah"
2023-04-05,PHP17,CMR01,24250,kg,BD-PIHPS,,,,,"PIHPS Provinsi Bengkulu (rata-rata pasar tradisional), bukan harga Bengkulu Tengah"
2023-04-05,PHP17,CMR02,27900,kg,BD-PIHPS,,,,,"PIHPS Provinsi Bengkulu (rata-rata pasar tradisional), bukan harga Bengkulu Tengah"
2023-04-05,PHP17,CRW01,29500,kg,BD-PIHPS,,,,,"PIHPS Provinsi Bengkulu (rata-rata pasar tradisional), bukan harga Bengkulu Tengah"
2023-04-05,PHP17,CRW02,29850,kg,BD-PIHPS,,,,,"PIHPS Provinsi Bengkulu (rata-rata pasar tradisional), bukan harga Bengkulu Tengah"
2023-04-05,PHP17,DAY01,27150,kg,BD-PIHPS,,,,,"PIHPS Provinsi Bengkulu (rata-rata pasar tradisional), bukan harga Bengkulu Tengah"
2023-04-05,PHP17,DSP01,137500,kg,BD-PIHPS,,,,,"PIHPS Provinsi Bengkulu (rata-rata pasar tradisional), bukan harga Bengkulu Tengah"
2023-04-05,PHP17,DSP02,137500,kg,BD-PIHPS,,,,,"PIHPS Provinsi Bengkulu (rata-rata pasar tradisional), bukan harga Bengkulu Tengah"
2023-04-05,PHP17,GLP01,14150,kg,BD-PIHPS,,,,,"PIHPS Provinsi Bengkulu (rata-rata pasar tradisional), bukan harga Bengkulu Tengah"
2023-04-05,PHP17,GLP02,15000,kg,BD-PIHPS,,,,,"PIHPS Provinsi Bengkulu (rata-rata pasar tradisional), bukan harga Bengkulu Tengah"
2023-04-05,PHP17,MGR01,16000,liter,BD-PIHPS,,,,,"PIHPS Provinsi Bengkulu (rata-rata pasar tradisional), bukan harga Bengkulu Tengah"
2023-04-05,PHP17,MGR02,21700,liter,BD-PIHPS,,,,,"PIHPS Provinsi Bengkulu (rata-rata pasar tradisional), bukan harga Bengkulu Tengah"
2023-04-05,PHP17,MGR03,18900,liter,BD-PIHPS,,,,,"PIHPS Provinsi Bengkulu (rata-rata pasar tradisional), bukan harga Bengkulu Tengah"
2023-04-05,PHP17,TLR01,28500,kg,BD-PIHPS,,,,,"PIHPS Provinsi Bengkulu (rata-rata pasar tradisional), bukan harga Bengkulu Tengah"
2023-04-06,PHP17,BRS01,11150,kg,BD-PIHPS,,,,,"PIHPS Provinsi Bengkulu (rata-rata pasar tradisional), bukan harga Bengkulu Tengah"
2023-04-06,PHP17,BRS02,12850,kg,BD-PIHPS,,,,,"PIHPS Provinsi Bengkulu (rata-rata pasar tradisional), bukan harga Bengkulu Tengah"
2023-04-06,PHP17,BRS03,13000,kg,BD-PIHPS,,,,,"PIHPS Provinsi Bengkulu (rata-rata pasar tradisional), bukan harga Bengkulu Tengah"
2023-04-06,PHP17,BRS04,13300,kg,BD-PIHPS,,,,,"PIHPS Provinsi Bengkulu (rata-rata pasar tradisional), bukan harga Bengkulu Tengah"
2023-04-06,PHP17,BRS05,13750,kg,BD-PIHPS,,,,,"PIHPS Provinsi Bengkulu (rata-rata pasar tradisional), bukan harga Bengkulu Tengah"
2023-04-06,PHP17,BRS06,13750,kg,BD-PIHPS,,,,,"PIHPS Provinsi Bengkulu (rata-rata pasar tradisional), bukan harga Bengkulu Tengah"
2023-04-06,PHP17,BWM01,36900,kg,BD-PIHPS,,,,,"PIHPS Provinsi Bengkulu (rata-rata pasar tradisional), bukan harga Bengkulu Tengah"
2023-04-06,PHP17,BWP01,31500,kg,BD-PIHPS,,,,,"PIHPS Provinsi Bengkulu (rata-rata pasar tradisional), bukan harga Bengkulu Tengah"
2023-04-06,PHP17,CMR01,23900,kg,BD-PIHPS,,,,,"PIHPS Provinsi Bengkulu (rata-rata pasar tradisional), bukan harga Bengkulu Tengah"
2023-04-06,PHP17,CMR02,26650,kg,BD-PIHPS,,,,,"PIHPS Provinsi Bengkulu (rata-rata pasar tradisional), bukan harga Bengkulu Tengah"
2023-04-06,PHP17,CRW01,28900,kg,BD-PIHPS,,,,,"PIHPS Provinsi Bengkulu (rata-rata pasar tradisional), bukan harga Bengkulu Tengah"
2023-04-06,PHP17,CRW02,28300,kg,BD-PIHPS,,,,,"PIHPS Provinsi Bengkulu (rata-rata pasar tradisional), bukan harga Bengkulu Tengah"
2023-04-06,PHP17,DAY01,27150,kg,BD-PIHPS,,,,,"PIHPS Provinsi Bengkulu (rata-rata pasar tradisional), bukan harga Bengkulu Tengah"
2023-04-06,PHP17,DSP01,137500,kg,BD-PIHPS,,,,,"PIHPS Provinsi Bengkulu (rata-rata pasar tradisional), bukan harga Bengkulu Tengah"
2023-04-06,PHP17,DSP02,137500,kg,BD-PIHPS,,,,,"PIHPS Provinsi Bengkulu (rata-rata pasar tradisional), bukan harga Bengkulu Tengah"
2023-04-06,PHP17,GLP01,14150,kg,BD-PIHPS,,,,,"PIHPS Provinsi Bengkulu (rata-rata pasar tradisional), bukan harga Bengkulu Tengah"
2023-04-06,PHP17,GLP02,15000,kg,BD-PIHPS,,,,,"PIHPS Provinsi Bengkulu (rata-rata pasar tradisional), bukan harga Bengkulu Tengah"
2023-04-06,PHP17,MGR01,16000,liter,BD-PIHPS,,,,,"PIHPS Provinsi Bengkulu (rata-rata pasar tradisional), bukan harga Bengkulu Tengah"
2023-04-06,PHP17,MGR02,21700,liter,BD-PIHPS,,,,,"PIHPS Provinsi Bengkulu (rata-rata pasar tradisional), bukan harga Bengkulu Tengah"
2023-04-06,PHP17,MGR03,18900,liter,BD-PIHPS,,,,,"PIHPS Provinsi Bengkulu (rata-rata pasar tradisional), bukan harga Bengkulu Tengah"
2023-04-06,PHP17,TLR01,28500,kg,BD-PIHPS,,,,,"PIHPS Provinsi Bengkulu (rata-rata pasar tradisional), bukan harga Bengkulu Tengah"
2023-04-07,PHP17,BRS01,11150,kg,BD-PIHPS,,,,,"PIHPS Provinsi Bengkulu (rata-rata pasar tradisional), bukan harga Bengkulu Tengah"
2023-04-07,PHP17,BRS02,12850,kg,BD-PIHPS,,,,,"PIHPS Provinsi Bengkulu (rata-rata pasar tradisional), bukan harga Bengkulu Tengah"
2023-04-07,PHP17,BRS03,13000,kg,BD-PIHPS,,,,,"PIHPS Provinsi Bengkulu (rata-rata pasar tradisional), bukan harga Bengkulu Tengah"
2023-04-07,PHP17,BRS04,13300,kg,BD-PIHPS,,,,,"PIHPS Provinsi Bengkulu (rata-rata pasar tradisional), bukan harga Bengkulu Tengah"
2023-04-07,PHP17,BRS05,13750,kg,BD-PIHPS,,,,,"PIHPS Provinsi Bengkulu (rata-rata pasar tradisional), bukan harga Bengkulu Tengah"
2023-04-07,PHP17,BRS06,13750,kg,BD-PIHPS,,,,,"PIHPS Provinsi Bengkulu (rata-rata pasar tradisional), bukan harga Bengkulu Tengah"
2023-04-07,PHP17,BWM01,36900,kg,BD-PIHPS,,,,,"PIHPS Provinsi Bengkulu (rata-rata pasar tradisional), bukan harga Bengkulu Tengah"
2023-04-07,PHP17,BWP01,31500,kg,BD-PIHPS,,,,,"PIHPS Provinsi Bengkulu (rata-rata pasar tradisional), bukan harga Bengkulu Tengah"
2023-04-07,PHP17,CMR01,23900,kg,BD-PIHPS,,,,,"PIHPS Provinsi Bengkulu (rata-rata pasar tradisional), bukan harga Bengkulu Tengah"
2023-04-07,PHP17,CMR02,26650,kg,BD-PIHPS,,,,,"PIHPS Provinsi Bengkulu (rata-rata pasar tradisional), bukan harga Bengkulu Tengah"
2023-04-07,PHP17,CRW01,28900,kg,BD-PIHPS,,,,,"PIHPS Provinsi Bengkulu (rata-rata pasar tradisional), bukan harga Bengkulu Tengah"
2023-04-07,PHP17,CRW02,28300,kg,BD-PIHPS,,,,,"PIHPS Provinsi Bengkulu (rata-rata pasar tradisional), bukan harga Bengkulu Tengah"
2023-04-07,PHP17,DAY01,27150,kg,BD-PIHPS,,,,,"PIHPS Provinsi Bengkulu (rata-rata pasar tradisional), bukan harga Bengkulu Tengah"
2023-04-07,PHP17,DSP01,137500,kg,BD-PIHPS,,,,,"PIHPS Provinsi Bengkulu (rata-rata pasar tradisional), bukan harga Bengkulu Tengah"
2023-04-07,PHP17,DSP02,137500,kg,BD-PIHPS,,,,,"PIHPS Provinsi Bengkulu (rata-rata pasar tradisional), bukan harga Bengkulu Tengah"
2023-04-07,PHP17,GLP01,14150,kg,BD-PIHPS,,,,,"PIHPS Provinsi Bengkulu (rata-rata pasar tradisional), bukan harga Bengkulu Tengah"
2023-04-07,PHP17,GLP02,15000,kg,BD-PIHPS,,,,,"PIHPS Provinsi Bengkulu (rata-rata pasar tradisional), bukan harga Bengkulu Tengah"
2023-04-07,PHP17,MGR01,16000,liter,BD-PIHPS,,,,,"PIHPS Provinsi Bengkulu (rata-rata pasar tradisional), bukan harga Bengkulu Tengah"
2023-04-07,PHP17,MGR02,21700,liter,BD-PIHPS,,,,,"PIHPS Provinsi Bengkulu (rata-rata pasar tradisional), bukan harga Bengkulu Tengah"
2023-04-07,PHP17,MGR03,18900,liter,BD-PIHPS,,,,,"PIHPS Provinsi Bengkulu (rata-rata pasar tradisional), bukan harga Bengkulu Tengah"
2023-04-07,PHP17,TLR01,28500,kg,BD-PIHPS,,,,,"PIHPS Provinsi Bengkulu (rata-rata pasar tradisional), bukan harga Bengkulu Tengah"
2023-04-10,PHP17,BRS01,11150,kg,BD-PIHPS,,,,,"PIHPS Provinsi Bengkulu (rata-rata pasar tradisional), bukan harga Bengkulu Tengah"
2023-04-10,PHP17,BRS02,12850,kg,BD-PIHPS,,,,,"PIHPS Provinsi Bengkulu (rata-rata pasar tradisional), bukan harga Bengkulu Tengah"
2023-04-10,PHP17,BRS03,13000,kg,BD-PIHPS,,,,,"PIHPS Provinsi Bengkulu (rata-rata pasar tradisional), bukan harga Bengkulu Tengah"
2023-04-10,PHP17,BRS04,13300,kg,BD-PIHPS,,,,,"PIHPS Provinsi Bengkulu (rata-rata pasar tradisional), bukan harga Bengkulu Tengah"
2023-04-10,PHP17,BRS05,13750,kg,BD-PIHPS,,,,,"PIHPS Provinsi Bengkulu (rata-rata pasar tradisional), bukan harga Bengkulu Tengah"
2023-04-10,PHP17,BRS06,13750,kg,BD-PIHPS,,,,,"PIHPS Provinsi Bengkulu (rata-rata pasar tradisional), bukan harga Bengkulu Tengah"
2023-04-10,PHP17,BWM01,36900,kg,BD-PIHPS,,,,,"PIHPS Provinsi Bengkulu (rata-rata pasar tradisional), bukan harga Bengkulu Tengah"
2023-04-10,PHP17,BWP01,31500,kg,BD-PIHPS,,,,,"PIHPS Provinsi Bengkulu (rata-rata pasar tradisional), bukan harga Bengkulu Tengah"
2023-04-10,PHP17,CMR01,22750,kg,BD-PIHPS,,,,,"PIHPS Provinsi Bengkulu (rata-rata pasar tradisional), bukan harga Bengkulu Tengah"
2023-04-10,PHP17,CMR02,26500,kg,BD-PIHPS,,,,,"PIHPS Provinsi Bengkulu (rata-rata pasar tradisional), bukan harga Bengkulu Tengah"
2023-04-10,PHP17,CRW01,28900,kg,BD-PIHPS,,,,,"PIHPS Provinsi Bengkulu (rata-rata pasar tradisional), bukan harga Bengkulu Tengah"
2023-04-10,PHP17,CRW02,27300,kg,BD-PIHPS,,,,,"PIHPS Provinsi Bengkulu (rata-rata pasar tradisional), bukan harga Bengkulu Tengah"
2023-04-10,PHP17,DAY01,25750,kg,BD-PIHPS,,,,,"PIHPS Provinsi Bengkulu (rata-rata pasar tradisional), bukan harga Bengkulu Tengah"
2023-04-10,PHP17,DSP01,137500,kg,BD-PIHPS,,,,,"PIHPS Provinsi Bengkulu (rata-rata pasar tradisional), bukan harga Bengkulu Tengah"
2023-04-10,PHP17,DSP02,137500,kg,BD-PIHPS,,,,,"PIHPS Provinsi Bengkulu (rata-rata pasar tradisional), bukan harga Bengkulu Tengah"
2023-04-10,PHP17,GLP01,14150,kg,BD-PIHPS,,,,,"PIHPS Provinsi Bengkulu (rata-rata pasar tradisional), bukan harga Bengkulu Tengah"
2023-04-10,PHP17,GLP02,15000,kg,BD-PIHPS,,,,,"PIHPS Provinsi Bengkulu (rata-rata pasar tradisional), bukan harga Bengkulu Tengah"
2023-04-10,PHP17,MGR01,16000,liter,BD-PIHPS,,,,,"PIHPS Provinsi Bengkulu (rata-rata pasar tradisional), bukan harga Bengkulu Tengah"
2023-04-10,PHP17,MGR02,21700,liter,BD-PIHPS,,,,,"PIHPS Provinsi Bengkulu (rata-rata pasar tradisional), bukan harga Bengkulu Tengah"
2023-04-10,PHP17,MGR03,18900,liter,BD-PIHPS,,,,,"PIHPS Provinsi Bengkulu (rata-rata pasar tradisional), bukan harga Bengkulu Tengah"
2023-04-10,PHP17,TLR01,28500,kg,BD-PIHPS,,,,,"PIHPS Provinsi Bengkulu (rata-rata pasar tradisional), bukan harga Bengkulu Tengah"
2023-04-11,PHP17,BRS01,11150,kg,BD-PIHPS,,,,,"PIHPS Provinsi Bengkulu (rata-rata pasar tradisional), bukan harga Bengkulu Tengah"
2023-04-11,PHP17,BRS02,12850,kg,BD-PIHPS,,,,,"PIHPS Provinsi Bengkulu (rata-rata pasar tradisional), bukan harga Bengkulu Tengah"
2023-04-11,PHP17,BRS03,13000,kg,BD-PIHPS,,,,,"PIHPS Provinsi Bengkulu (rata-rata pasar tradisional), bukan harga Bengkulu Tengah"
2023-04-11,PHP17,BRS04,13300,kg,BD-PIHPS,,,,,"PIHPS Provinsi Bengkulu (rata-rata pasar tradisional), bukan harga Bengkulu Tengah"
2023-04-11,PHP17,BRS05,13750,kg,BD-PIHPS,,,,,"PIHPS Provinsi Bengkulu (rata-rata pasar tradisional), bukan harga Bengkulu Tengah"
2023-04-11,PHP17,BRS06,13750,kg,BD-PIHPS,,,,,"PIHPS Provinsi Bengkulu (rata-rata pasar tradisional), bukan harga Bengkulu Tengah"
2023-04-11,PHP17,BWM01,36900,kg,BD-PIHPS,,,,,"PIHPS Provinsi Bengkulu (rata-rata pasar tradisional), bukan harga Bengkulu Tengah"
2023-04-11,PHP17,BWP01,31500,kg,BD-PIHPS,,,,,"PIHPS Provinsi Bengkulu (rata-rata pasar tradisional), bukan harga Bengkulu Tengah"
2023-04-11,PHP17,CMR01,21750,kg,BD-PIHPS,,,,,"PIHPS Provinsi Bengkulu (rata-rata pasar tradisional), bukan harga Bengkulu Tengah"
2023-04-11,PHP17,CMR02,25750,kg,BD-PIHPS,,,,,"PIHPS Provinsi Bengkulu (rata-rata pasar tradisional), bukan harga Bengkulu Tengah"
2023-04-11,PHP17,CRW01,29250,kg,BD-PIHPS,,,,,"PIHPS Provinsi Bengkulu (rata-rata pasar tradisional), bukan harga Bengkulu Tengah"
2023-04-11,PHP17,CRW02,26300,kg,BD-PIHPS,,,,,"PIHPS Provinsi Bengkulu (rata-rata pasar tradisional), bukan harga Bengkulu Tengah"
2023-04-11,PHP17,DAY01,25500,kg,BD-PIHPS,,,,,"PIHPS Provinsi Bengkulu (rata-rata pasar tradisional), bukan harga Bengkulu Tengah"
2023-04-11,PHP17,DSP01,137500,kg,BD-PIHPS,,,,,"PIHPS Provinsi Bengkulu (rata-rata pasar tradisional), bukan harga Bengkulu Tengah"
2023-04-11,PHP17,DSP02,137500,kg,BD-PIHPS,,,,,"PIHPS Provinsi Bengkulu (rata-rata pasar tradisional), bukan harga Bengkulu Tengah"
2023-04-11,PHP17,GLP01,14150,kg,BD-PIHPS,,,,,"PIHPS Provinsi Bengkulu (rata-rata pasar tradisional), bukan harga Bengkulu Tengah"
2023-04-11,PHP17,GLP02,15000,kg,BD-PIHPS,,,,,"PIHPS Provinsi Bengkulu (rata-rata pasar tradisional), bukan harga Bengkulu Tengah"
2023-04-11,PHP17,MGR01,16000,liter,BD-PIHPS,,,,,"PIHPS Provinsi Bengkulu (rata-rata pasar tradisional), bukan harga Bengkulu Tengah"
2023-04-11,PHP17,MGR02,21700,liter,BD-PIHPS,,,,,"PIHPS Provinsi Bengkulu (rata-rata pasar tradisional), bukan harga Bengkulu Tengah"
2023-04-11,PHP17,MGR03,18900,liter,BD-PIHPS,,,,,"PIHPS Provinsi Bengkulu (rata-rata pasar tradisional), bukan harga Bengkulu Tengah"
2023-04-11,PHP17,TLR01,28500,kg,BD-PIHPS,,,,,"PIHPS Provinsi Bengkulu (rata-rata pasar tradisional), bukan harga Bengkulu Tengah"
2023-04-12,PHP17,BRS01,11150,kg,BD-PIHPS,,,,,"PIHPS Provinsi Bengkulu (rata-rata pasar tradisional), bukan harga Bengkulu Tengah"
2023-04-12,PHP17,BRS02,12850,kg,BD-PIHPS,,,,,"PIHPS Provinsi Bengkulu (rata-rata pasar tradisional), bukan harga Bengkulu Tengah"
2023-04-12,PHP17,BRS03,13000,kg,BD-PIHPS,,,,,"PIHPS Provinsi Bengkulu (rata-rata pasar tradisional), bukan harga Bengkulu Tengah"
2023-04-12,PHP17,BRS04,13300,kg,BD-PIHPS,,,,,"PIHPS Provinsi Bengkulu (rata-rata pasar tradisional), bukan harga Bengkulu Tengah"
2023-04-12,PHP17,BRS05,13750,kg,BD-PIHPS,,,,,"PIHPS Provinsi Bengkulu (rata-rata pasar tradisional), bukan harga Bengkulu Tengah"
2023-04-12,PHP17,BRS06,13750,kg,BD-PIHPS,,,,,"PIHPS Provinsi Bengkulu (rata-rata pasar tradisional), bukan harga Bengkulu Tengah"
2023-04-12,PHP17,BWM01,36250,kg,BD-PIHPS,,,,,"PIHPS Provinsi Bengkulu (rata-rata pasar tradisional), bukan harga Bengkulu Tengah"
2023-04-12,PHP17,BWP01,31750,kg,BD-PIHPS,,,,,"PIHPS Provinsi Bengkulu (rata-rata pasar tradisional), bukan harga Bengkulu Tengah"
2023-04-12,PHP17,CMR01,21750,kg,BD-PIHPS,,,,,"PIHPS Provinsi Bengkulu (rata-rata pasar tradisional), bukan harga Bengkulu Tengah"
2023-04-12,PHP17,CMR02,26750,kg,BD-PIHPS,,,,,"PIHPS Provinsi Bengkulu (rata-rata pasar tradisional), bukan harga Bengkulu Tengah"
2023-04-12,PHP17,CRW01,30250,kg,BD-PIHPS,,,,,"PIHPS Provinsi Bengkulu (rata-rata pasar tradisional), bukan harga Bengkulu Tengah"
2023-04-12,PHP17,CRW02,26800,kg,BD-PIHPS,,,,,"PIHPS Provinsi Bengkulu (rata-rata pasar tradisional), bukan harga Bengkulu Tengah"
2023-04-12,PHP17,DAY01,27650,kg,BD-PIHPS,,,,,"PIHPS Provinsi Bengkulu (rata-rata pasar tradisional), bukan harga Bengkulu Tengah"
2023-04-12,PHP17,DSP01,137500,kg,BD-PIHPS,,,,,"PIHPS Provinsi Bengkulu (rata-rata pasar tradisional), bukan harga Bengkulu Tengah"
2023-04-12,PHP17,DSP02,137500,kg,BD-PIHPS,,,,,"PIHPS Provinsi Bengkulu (rata-rata pasar tradisional), bukan harga Bengkulu Tengah"
2023-04-12,PHP17,GLP01,14150,kg,BD-PIHPS,,,,,"PIHPS Provinsi Bengkulu (rata-rata pasar tradisional), bukan harga Bengkulu Tengah"
2023-04-12,PHP17,GLP02,15000,kg,BD-PIHPS,,,,,"PIHPS Provinsi Bengkulu (rata-rata pasar tradisional), bukan harga Bengkulu Tengah"
2023-04-12,PHP17,MGR01,16000,liter,BD-PIHPS,,,,,"PIHPS Provinsi Bengkulu (rata-rata pasar tradisional), bukan harga Bengkulu Tengah"
2023-04-12,PHP17,MGR02,21700,liter,BD-PIHPS,,,,,"PIHPS Provinsi Bengkulu (rata-rata pasar tradisional), bukan harga Bengkulu Tengah"
2023-04-12,PHP17,MGR03,18900,liter,BD-PIHPS,,,,,"PIHPS Provinsi Bengkulu (rata-rata pasar tradisional), bukan harga Bengkulu Tengah"
2023-04-12,PHP17,TLR01,28500,kg,BD-PIHPS,,,,,"PIHPS Provinsi Bengkulu (rata-rata pasar tradisional), bukan harga Bengkulu Tengah"
2023-04-13,PHP17,BRS01,11200,kg,BD-PIHPS,,,,,"PIHPS Provinsi Bengkulu (rata-rata pasar tradisional), bukan harga Bengkulu Tengah"
2023-04-13,PHP17,BRS02,12850,kg,BD-PIHPS,,,,,"PIHPS Provinsi Bengkulu (rata-rata pasar tradisional), bukan harga Bengkulu Tengah"
2023-04-13,PHP17,BRS03,13000,kg,BD-PIHPS,,,,,"PIHPS Provinsi Bengkulu (rata-rata pasar tradisional), bukan harga Bengkulu Tengah"
2023-04-13,PHP17,BRS04,13300,kg,BD-PIHPS,,,,,"PIHPS Provinsi Bengkulu (rata-rata pasar tradisional), bukan harga Bengkulu Tengah"
2023-04-13,PHP17,BRS05,13700,kg,BD-PIHPS,,,,,"PIHPS Provinsi Bengkulu (rata-rata pasar tradisional), bukan harga Bengkulu Tengah"
2023-04-13,PHP17,BRS06,13750,kg,BD-PIHPS,,,,,"PIHPS Provinsi Bengkulu (rata-rata pasar tradisional), bukan harga Bengkulu Tengah"
2023-04-13,PHP17,BWM01,36250,kg,BD-PIHPS,,,,,"PIHPS Provinsi Bengkulu (rata-rata pasar tradisional), bukan harga Bengkulu Tengah"
2023-04-13,PHP17,BWP01,32750,kg,BD-PIHPS,,,,,"PIHPS Provinsi Bengkulu (rata-rata pasar tradisional), bukan harga Bengkulu Tengah"
2023-04-13,PHP17,CMR01,21900,kg,BD-PIHPS,,,,,"PIHPS Provinsi Bengkulu (rata-rata pasar tradisional), bukan harga Bengkulu Tengah"
2023-04-13,PHP17,CMR02,27150,kg,BD-PIHPS,,,,,"PIHPS Provinsi Bengkulu (rata-rata pasar tradisional), bukan harga Bengkulu Tengah"
2023-04-13,PHP17,CRW01,30250,kg,BD-PIHPS,,,,,"PIHPS Provinsi Bengkulu (rata-rata pasar tradisional), bukan harga Bengkulu Tengah"
2023-04-13,PHP17,CRW02,25900,kg,BD-PIHPS,,,,,"PIHPS Provinsi Bengkulu (rata-rata pasar tradisional), bukan harga Bengkulu Tengah"
2023-04-13,PHP17,DAY01,27650,kg,BD-PIHPS,,,,,"PIHPS Provinsi Bengkulu (rata-rata pasar tradisional), bukan harga Bengkulu Tengah"
2023-04-13,PHP17,DSP01,137500,kg,BD-PIHPS,,,,,"PIHPS Provinsi Bengkulu (rata-rata pasar tradisional), bukan harga Bengkulu Tengah"
2023-04-13,PHP17,DSP02,137500,kg,BD-PIHPS,,,,,"PIHPS Provinsi Bengkulu (rata-rata pasar tradisional), bukan harga Bengkulu Tengah"
2023-04-13,PHP17,GLP01,14150,kg,BD-PIHPS,,,,,"PIHPS Provinsi Bengkulu (rata-rata pasar tradisional), bukan harga Bengkulu Tengah"
2023-04-13,PHP17,GLP02,15050,kg,BD-PIHPS,,,,,"PIHPS Provinsi Bengkulu (rata-rata pasar tradisional), bukan harga Bengkulu Tengah"
2023-04-13,PHP17,MGR01,16000,liter,BD-PIHPS,,,,,"PIHPS Provinsi Bengkulu (rata-rata pasar tradisional), bukan harga Bengkulu Tengah"
2023-04-13,PHP17,MGR02,21450,liter,BD-PIHPS,,,,,"PIHPS Provinsi Bengkulu (rata-rata pasar tradisional), bukan harga Bengkulu Tengah"
2023-04-13,PHP17,MGR03,18900,liter,BD-PIHPS,,,,,"PIHPS Provinsi Bengkulu (rata-rata pasar tradisional), bukan harga Bengkulu Tengah"
2023-04-13,PHP17,TLR01,28400,kg,BD-PIHPS,,,,,"PIHPS Provinsi Bengkulu (rata-rata pasar tradisional), bukan harga Bengkulu Tengah"
2023-04-14,PHP17,BRS01,11200,kg,BD-PIHPS,,,,,"PIHPS Provinsi Bengkulu (rata-rata pasar tradisional), bukan harga Bengkulu Tengah"
2023-04-14,PHP17,BRS02,12850,kg,BD-PIHPS,,,,,"PIHPS Provinsi Bengkulu (rata-rata pasar tradisional), bukan harga Bengkulu Tengah"
2023-04-14,PHP17,BRS03,13000,kg,BD-PIHPS,,,,,"PIHPS Provinsi Bengkulu (rata-rata pasar tradisional), bukan harga Bengkulu Tengah"
2023-04-14,PHP17,BRS04,13300,kg,BD-PIHPS,,,,,"PIHPS Provinsi Bengkulu (rata-rata pasar tradisional), bukan harga Bengkulu Tengah"
2023-04-14,PHP17,BRS05,13700,kg,BD-PIHPS,,,,,"PIHPS Provinsi Bengkulu (rata-rata pasar tradisional), bukan harga Bengkulu Tengah"
2023-04-14,PHP17,BRS06,13750,kg,BD-PIHPS,,,,,"PIHPS Provinsi Bengkulu (rata-rata pasar tradisional), bukan harga Bengkulu Tengah"
2023-04-14,PHP17,BWM01,37650,kg,BD-PIHPS,,,,,"PIHPS Provinsi Bengkulu (rata-rata pasar tradisional), bukan harga Bengkulu Tengah"
2023-04-14,PHP17,BWP01,32650,kg,BD-PIHPS,,,,,"PIHPS Provinsi Bengkulu (rata-rata pasar tradisional), bukan harga Bengkulu Tengah"
2023-04-14,PHP17,CMR01,22400,kg,BD-PIHPS,,,,,"PIHPS Provinsi Bengkulu (rata-rata pasar tradisional), bukan harga Bengkulu Tengah"
2023-04-14,PHP17,CMR02,27650,kg,BD-PIHPS,,,,,"PIHPS Provinsi Bengkulu (rata-rata pasar tradisional), bukan harga Bengkulu Tengah"
2023-04-14,PHP17,CRW01,31150,kg,BD-PIHPS,,,,,"PIHPS Provinsi Bengkulu (rata-rata pasar tradisional), bukan harga Bengkulu Tengah"
2023-04-14,PHP17,CRW02,28350,kg,BD-PIHPS,,,,,"PIHPS Provinsi Bengkulu (rata-rata pasar tradisional), bukan harga Bengkulu Tengah"
2023-04-14,PHP17,DAY01,29750,kg,BD-PIHPS,,,,,"PIHPS Provinsi Bengkulu (rata-rata pasar tradisional), bukan harga Bengkulu Tengah"
2023-04-14,PHP17,DSP01,137500,kg,BD-PIHPS,,,,,"PIHPS Provinsi Bengkulu (rata-rata pasar tradisional), bukan harga Bengkulu Tengah"
2023-04-14,PHP17,DSP02,137500,kg,BD-PIHPS,,,,,"PIHPS Provinsi Bengkulu (rata-rata pasar tradisional), bukan harga Bengkulu Tengah"
2023-04-14,PHP17,GLP01,14150,kg,BD-PIHPS,,,,,"PIHPS Provinsi Bengkulu (rata-rata pasar tradisional), bukan harga Bengkulu Tengah"
2023-04-14,PHP17,GLP02,15050,kg,BD-PIHPS,,,,,"PIHPS Provinsi Bengkulu (rata-rata pasar tradisional), bukan harga Bengkulu Tengah"
2023-04-14,PHP17,MGR01,16000,liter,BD-PIHPS,,,,,"PIHPS Provinsi Bengkulu (rata-rata pasar tradisional), bukan harga Bengkulu Tengah"
2023-04-14,PHP17,MGR02,21450,liter,BD-PIHPS,,,,,"PIHPS Provinsi Bengkulu (rata-rata pasar tradisional), bukan harga Bengkulu Tengah"
2023-04-14,PHP17,MGR03,18900,liter,BD-PIHPS,,,,,"PIHPS Provinsi Bengkulu (rata-rata pasar tradisional), bukan harga Bengkulu Tengah"
2023-04-14,PHP17,TLR01,28400,kg,BD-PIHPS,,,,,"PIHPS Provinsi Bengkulu (rata-rata pasar tradisional), bukan harga Bengkulu Tengah"
2023-04-17,PHP17,BRS01,11200,kg,BD-PIHPS,,,,,"PIHPS Provinsi Bengkulu (rata-rata pasar tradisional), bukan harga Bengkulu Tengah"
2023-04-17,PHP17,BRS02,12850,kg,BD-PIHPS,,,,,"PIHPS Provinsi Bengkulu (rata-rata pasar tradisional), bukan harga Bengkulu Tengah"
2023-04-17,PHP17,BRS03,13000,kg,BD-PIHPS,,,,,"PIHPS Provinsi Bengkulu (rata-rata pasar tradisional), bukan harga Bengkulu Tengah"
2023-04-17,PHP17,BRS04,13300,kg,BD-PIHPS,,,,,"PIHPS Provinsi Bengkulu (rata-rata pasar tradisional), bukan harga Bengkulu Tengah"
2023-04-17,PHP17,BRS05,13700,kg,BD-PIHPS,,,,,"PIHPS Provinsi Bengkulu (rata-rata pasar tradisional), bukan harga Bengkulu Tengah"
2023-04-17,PHP17,BRS06,13750,kg,BD-PIHPS,,,,,"PIHPS Provinsi Bengkulu (rata-rata pasar tradisional), bukan harga Bengkulu Tengah"
2023-04-17,PHP17,BWM01,37650,kg,BD-PIHPS,,,,,"PIHPS Provinsi Bengkulu (rata-rata pasar tradisional), bukan harga Bengkulu Tengah"
2023-04-17,PHP17,BWP01,33250,kg,BD-PIHPS,,,,,"PIHPS Provinsi Bengkulu (rata-rata pasar tradisional), bukan harga Bengkulu Tengah"
2023-04-17,PHP17,CMR01,24250,kg,BD-PIHPS,,,,,"PIHPS Provinsi Bengkulu (rata-rata pasar tradisional), bukan harga Bengkulu Tengah"
2023-04-17,PHP17,CMR02,29400,kg,BD-PIHPS,,,,,"PIHPS Provinsi Bengkulu (rata-rata pasar tradisional), bukan harga Bengkulu Tengah"
2023-04-17,PHP17,CRW01,32750,kg,BD-PIHPS,,,,,"PIHPS Provinsi Bengkulu (rata-rata pasar tradisional), bukan harga Bengkulu Tengah"
2023-04-17,PHP17,CRW02,27700,kg,BD-PIHPS,,,,,"PIHPS Provinsi Bengkulu (rata-rata pasar tradisional), bukan harga Bengkulu Tengah"
2023-04-17,PHP17,DAY01,31000,kg,BD-PIHPS,,,,,"PIHPS Provinsi Bengkulu (rata-rata pasar tradisional), bukan harga Bengkulu Tengah"
2023-04-17,PHP17,DSP01,137500,kg,BD-PIHPS,,,,,"PIHPS Provinsi Bengkulu (rata-rata pasar tradisional), bukan harga Bengkulu Tengah"
2023-04-17,PHP17,DSP02,137500,kg,BD-PIHPS,,,,,"PIHPS Provinsi Bengkulu (rata-rata pasar tradisional), bukan harga Bengkulu Tengah"
2023-04-17,PHP17,GLP01,14150,kg,BD-PIHPS,,,,,"PIHPS Provinsi Bengkulu (rata-rata pasar tradisional), bukan harga Bengkulu Tengah"
2023-04-17,PHP17,GLP02,15050,kg,BD-PIHPS,,,,,"PIHPS Provinsi Bengkulu (rata-rata pasar tradisional), bukan harga Bengkulu Tengah"
2023-04-17,PHP17,MGR01,16000,liter,BD-PIHPS,,,,,"PIHPS Provinsi Bengkulu (rata-rata pasar tradisional), bukan harga Bengkulu Tengah"
2023-04-17,PHP17,MGR02,21450,liter,BD-PIHPS,,,,,"PIHPS Provinsi Bengkulu (rata-rata pasar tradisional), bukan harga Bengkulu Tengah"
2023-04-17,PHP17,MGR03,18900,liter,BD-PIHPS,,,,,"PIHPS Provinsi Bengkulu (rata-rata pasar tradisional), bukan harga Bengkulu Tengah"
2023-04-17,PHP17,TLR01,28400,kg,BD-PIHPS,,,,,"PIHPS Provinsi Bengkulu (rata-rata pasar tradisional), bukan harga Bengkulu Tengah"
2023-04-18,PHP17,BRS01,11200,kg,BD-PIHPS,,,,,"PIHPS Provinsi Bengkulu (rata-rata pasar tradisional), bukan harga Bengkulu Tengah"
2023-04-18,PHP17,BRS02,12850,kg,BD-PIHPS,,,,,"PIHPS Provinsi Bengkulu (rata-rata pasar tradisional), bukan harga Bengkulu Tengah"
2023-04-18,PHP17,BRS03,13000,kg,BD-PIHPS,,,,,"PIHPS Provinsi Bengkulu (rata-rata pasar tradisional), bukan harga Bengkulu Tengah"
2023-04-18,PHP17,BRS04,13300,kg,BD-PIHPS,,,,,"PIHPS Provinsi Bengkulu (rata-rata pasar tradisional), bukan harga Bengkulu Tengah"
2023-04-18,PHP17,BRS05,13700,kg,BD-PIHPS,,,,,"PIHPS Provinsi Bengkulu (rata-rata pasar tradisional), bukan harga Bengkulu Tengah"
2023-04-18,PHP17,BRS06,13750,kg,BD-PIHPS,,,,,"PIHPS Provinsi Bengkulu (rata-rata pasar tradisional), bukan harga Bengkulu Tengah"
2023-04-18,PHP17,BWM01,37150,kg,BD-PIHPS,,,,,"PIHPS Provinsi Bengkulu (rata-rata pasar tradisional), bukan harga Bengkulu Tengah"
2023-04-18,PHP17,BWP01,33150,kg,BD-PIHPS,,,,,"PIHPS Provinsi Bengkulu (rata-rata pasar tradisional), bukan harga Bengkulu Tengah"
2023-04-18,PHP17,CMR01,26500,kg,BD-PIHPS,,,,,"PIHPS Provinsi Bengkulu (rata-rata pasar tradisional), bukan harga Bengkulu Tengah"
2023-04-18,PHP17,CMR02,30750,kg,BD-PIHPS,,,,,"PIHPS Provinsi Bengkulu (rata-rata pasar tradisional), bukan harga Bengkulu Tengah"
2023-04-18,PHP17,CRW01,33750,kg,BD-PIHPS,,,,,"PIHPS Provinsi Bengkulu (rata-rata pasar tradisional), bukan harga Bengkulu Tengah"
2023-04-18,PHP17,CRW02,27500,kg,BD-PIHPS,,,,,"PIHPS Provinsi Bengkulu (rata-rata pasar tradisional), bukan harga Bengkulu Tengah"
2023-04-18,PHP17,DAY01,31750,kg,BD-PIHPS,,,,,"PIHPS Provinsi Bengkulu (rata-rata pasar tradisional), bukan harga Bengkulu Tengah"
2023-04-18,PHP17,DSP01,137500,kg,BD-PIHPS,,,,,"PIHPS Provinsi Bengkulu (rata-rata pasar tradisional), bukan harga Bengkulu Tengah"
2023-04-18,PHP17,DSP02,137500,kg,BD-PIHPS,,,,,"PIHPS Provinsi Bengkulu (rata-rata pasar tradisional), bukan harga Bengkulu Tengah"
2023-04-18,PHP17,GLP01,14150,kg,BD-PIHPS,,,,,"PIHPS Provinsi Bengkulu (rata-rata pasar tradisional), bukan harga Bengkulu Tengah"
2023-04-18,PHP17,GLP02,15050,kg,BD-PIHPS,,,,,"PIHPS Provinsi Bengkulu (rata-rata pasar tradisional), bukan harga Bengkulu Tengah"
2023-04-18,PHP17,MGR01,16000,liter,BD-PIHPS,,,,,"PIHPS Provinsi Bengkulu (rata-rata pasar tradisional), bukan harga Bengkulu Tengah"
2023-04-18,PHP17,MGR02,21450,liter,BD-PIHPS,,,,,"PIHPS Provinsi Bengkulu (rata-rata pasar tradisional), bukan harga Bengkulu Tengah"
2023-04-18,PHP17,MGR03,18900,liter,BD-PIHPS,,,,,"PIHPS Provinsi Bengkulu (rata-rata pasar tradisional), bukan harga Bengkulu Tengah"
2023-04-18,PHP17,TLR01,29200,kg,BD-PIHPS,,,,,"PIHPS Provinsi Bengkulu (rata-rata pasar tradisional), bukan harga Bengkulu Tengah"
2023-04-19,PHP17,BRS01,11200,kg,BD-PIHPS,,,,,"PIHPS Provinsi Bengkulu (rata-rata pasar tradisional), bukan harga Bengkulu Tengah"
2023-04-19,PHP17,BRS02,12850,kg,BD-PIHPS,,,,,"PIHPS Provinsi Bengkulu (rata-rata pasar tradisional), bukan harga Bengkulu Tengah"
2023-04-19,PHP17,BRS03,13000,kg,BD-PIHPS,,,,,"PIHPS Provinsi Bengkulu (rata-rata pasar tradisional), bukan harga Bengkulu Tengah"
2023-04-19,PHP17,BRS04,13300,kg,BD-PIHPS,,,,,"PIHPS Provinsi Bengkulu (rata-rata pasar tradisional), bukan harga Bengkulu Tengah"
2023-04-19,PHP17,BRS05,13700,kg,BD-PIHPS,,,,,"PIHPS Provinsi Bengkulu (rata-rata pasar tradisional), bukan harga Bengkulu Tengah"
2023-04-19,PHP17,BRS06,13750,kg,BD-PIHPS,,,,,"PIHPS Provinsi Bengkulu (rata-rata pasar tradisional), bukan harga Bengkulu Tengah"
2023-04-19,PHP17,BWM01,37150,kg,BD-PIHPS,,,,,"PIHPS Provinsi Bengkulu (rata-rata pasar tradisional), bukan harga Bengkulu Tengah"
2023-04-19,PHP17,BWP01,33150,kg,BD-PIHPS,,,,,"PIHPS Provinsi Bengkulu (rata-rata pasar tradisional), bukan harga Bengkulu Tengah"
2023-04-19,PHP17,CMR01,26500,kg,BD-PIHPS,,,,,"PIHPS Provinsi Bengkulu (rata-rata pasar tradisional), bukan harga Bengkulu Tengah"
2023-04-19,PHP17,CMR02,30750,kg,BD-PIHPS,,,,,"PIHPS Provinsi Bengkulu (rata-rata pasar tradisional), bukan harga Bengkulu Tengah"
2023-04-19,PHP17,CRW01,33750,kg,BD-PIHPS,,,,,"PIHPS Provinsi Bengkulu (rata-rata pasar tradisional), bukan harga Bengkulu Tengah"
2023-04-19,PHP17,CRW02,27500,kg,BD-PIHPS,,,,,"PIHPS Provinsi Bengkulu (rata-rata pasar tradisional), bukan harga Bengkulu Tengah"
2023-04-19,PHP17,DAY01,31750,kg,BD-PIHPS,,,,,"PIHPS Provinsi Bengkulu (rata-rata pasar tradisional), bukan harga Bengkulu Tengah"
2023-04-19,PHP17,DSP01,137500,kg,BD-PIHPS,,,,,"PIHPS Provinsi Bengkulu (rata-rata pasar tradisional), bukan harga Bengkulu Tengah"
2023-04-19,PHP17,DSP02,137500,kg,BD-PIHPS,,,,,"PIHPS Provinsi Bengkulu (rata-rata pasar tradisional), bukan harga Bengkulu Tengah"
2023-04-19,PHP17,GLP01,14150,kg,BD-PIHPS,,,,,"PIHPS Provinsi Bengkulu (rata-rata pasar tradisional), bukan harga Bengkulu Tengah"
2023-04-19,PHP17,GLP02,15050,kg,BD-PIHPS,,,,,"PIHPS Provinsi Bengkulu (rata-rata pasar tradisional), bukan harga Bengkulu Tengah"
2023-04-19,PHP17,MGR01,16000,liter,BD-PIHPS,,,,,"PIHPS Provinsi Bengkulu (rata-rata pasar tradisional), bukan harga Bengkulu Tengah"
2023-04-19,PHP17,MGR02,21450,liter,BD-PIHPS,,,,,"PIHPS Provinsi Bengkulu (rata-rata pasar tradisional), bukan harga Bengkulu Tengah"
2023-04-19,PHP17,MGR03,18900,liter,BD-PIHPS,,,,,"PIHPS Provinsi Bengkulu (rata-rata pasar tradisional), bukan harga Bengkulu Tengah"
2023-04-19,PHP17,TLR01,29200,kg,BD-PIHPS,,,,,"PIHPS Provinsi Bengkulu (rata-rata pasar tradisional), bukan harga Bengkulu Tengah"
2023-04-20,PHP17,BRS01,11200,kg,BD-PIHPS,,,,,"PIHPS Provinsi Bengkulu (rata-rata pasar tradisional), bukan harga Bengkulu Tengah"
2023-04-20,PHP17,BRS02,12850,kg,BD-PIHPS,,,,,"PIHPS Provinsi Bengkulu (rata-rata pasar tradisional), bukan harga Bengkulu Tengah"
2023-04-20,PHP17,BRS03,13000,kg,BD-PIHPS,,,,,"PIHPS Provinsi Bengkulu (rata-rata pasar tradisional), bukan harga Bengkulu Tengah"
2023-04-20,PHP17,BRS04,13300,kg,BD-PIHPS,,,,,"PIHPS Provinsi Bengkulu (rata-rata pasar tradisional), bukan harga Bengkulu Tengah"
2023-04-20,PHP17,BRS05,13700,kg,BD-PIHPS,,,,,"PIHPS Provinsi Bengkulu (rata-rata pasar tradisional), bukan harga Bengkulu Tengah"
2023-04-20,PHP17,BRS06,13750,kg,BD-PIHPS,,,,,"PIHPS Provinsi Bengkulu (rata-rata pasar tradisional), bukan harga Bengkulu Tengah"
2023-04-20,PHP17,BWM01,37150,kg,BD-PIHPS,,,,,"PIHPS Provinsi Bengkulu (rata-rata pasar tradisional), bukan harga Bengkulu Tengah"
2023-04-20,PHP17,BWP01,33150,kg,BD-PIHPS,,,,,"PIHPS Provinsi Bengkulu (rata-rata pasar tradisional), bukan harga Bengkulu Tengah"
2023-04-20,PHP17,CMR01,26500,kg,BD-PIHPS,,,,,"PIHPS Provinsi Bengkulu (rata-rata pasar tradisional), bukan harga Bengkulu Tengah"
2023-04-20,PHP17,CMR02,30750,kg,BD-PIHPS,,,,,"PIHPS Provinsi Bengkulu (rata-rata pasar tradisional), bukan harga Bengkulu Tengah"
2023-04-20,PHP17,CRW01,33750,kg,BD-PIHPS,,,,,"PIHPS Provinsi Bengkulu (rata-rata pasar tradisional), bukan harga Bengkulu Tengah"
2023-04-20,PHP17,CRW02,27500,kg,BD-PIHPS,,,,,"PIHPS Provinsi Bengkulu (rata-rata pasar tradisional), bukan harga Bengkulu Tengah"
2023-04-20,PHP17,DAY01,31750,kg,BD-PIHPS,,,,,"PIHPS Provinsi Bengkulu (rata-rata pasar tradisional), bukan harga Bengkulu Tengah"
2023-04-20,PHP17,DSP01,137500,kg,BD-PIHPS,,,,,"PIHPS Provinsi Bengkulu (rata-rata pasar tradisional), bukan harga Bengkulu Tengah"
2023-04-20,PHP17,DSP02,137500,kg,BD-PIHPS,,,,,"PIHPS Provinsi Bengkulu (rata-rata pasar tradisional), bukan harga Bengkulu Tengah"
2023-04-20,PHP17,GLP01,14150,kg,BD-PIHPS,,,,,"PIHPS Provinsi Bengkulu (rata-rata pasar tradisional), bukan harga Bengkulu Tengah"
2023-04-20,PHP17,GLP02,15050,kg,BD-PIHPS,,,,,"PIHPS Provinsi Bengkulu (rata-rata pasar tradisional), bukan harga Bengkulu Tengah"
2023-04-20,PHP17,MGR01,16000,liter,BD-PIHPS,,,,,"PIHPS Provinsi Bengkulu (rata-rata pasar tradisional), bukan harga Bengkulu Tengah"
2023-04-20,PHP17,MGR02,21450,liter,BD-PIHPS,,,,,"PIHPS Provinsi Bengkulu (rata-rata pasar tradisional), bukan harga Bengkulu Tengah"
2023-04-20,PHP17,MGR03,18900,liter,BD-PIHPS,,,,,"PIHPS Provinsi Bengkulu (rata-rata pasar tradisional), bukan harga Bengkulu Tengah"
2023-04-20,PHP17,TLR01,29200,kg,BD-PIHPS,,,,,"PIHPS Provinsi Bengkulu (rata-rata pasar tradisional), bukan harga Bengkulu Tengah"
2023-04-21,PHP17,BRS01,11200,kg,BD-PIHPS,,,,,"PIHPS Provinsi Bengkulu (rata-rata pasar tradisional), bukan harga Bengkulu Tengah"
2023-04-21,PHP17,BRS02,12850,kg,BD-PIHPS,,,,,"PIHPS Provinsi Bengkulu (rata-rata pasar tradisional), bukan harga Bengkulu Tengah"
2023-04-21,PHP17,BRS03,13000,kg,BD-PIHPS,,,,,"PIHPS Provinsi Bengkulu (rata-rata pasar tradisional), bukan harga Bengkulu Tengah"
2023-04-21,PHP17,BRS04,13300,kg,BD-PIHPS,,,,,"PIHPS Provinsi Bengkulu (rata-rata pasar tradisional), bukan harga Bengkulu Tengah"
2023-04-21,PHP17,BRS05,13700,kg,BD-PIHPS,,,,,"PIHPS Provinsi Bengkulu (rata-rata pasar tradisional), bukan harga Bengkulu Tengah"
2023-04-21,PHP17,BRS06,13750,kg,BD-PIHPS,,,,,"PIHPS Provinsi Bengkulu (rata-rata pasar tradisional), bukan harga Bengkulu Tengah"
2023-04-21,PHP17,BWM01,37150,kg,BD-PIHPS,,,,,"PIHPS Provinsi Bengkulu (rata-rata pasar tradisional), bukan harga Bengkulu Tengah"
2023-04-21,PHP17,BWP01,33150,kg,BD-PIHPS,,,,,"PIHPS Provinsi Bengkulu (rata-rata pasar tradisional), bukan harga Bengkulu Tengah"
2023-04-21,PHP17,CMR01,26500,kg,BD-PIHPS,,,,,"PIHPS Provinsi Bengkulu (rata-rata pasar tradisional), bukan harga Bengkulu Tengah"
2023-04-21,PHP17,CMR02,30750,kg,BD-PIHPS,,,,,"PIHPS Provinsi Bengkulu (rata-rata pasar tradisional), bukan harga Bengkulu Tengah"
2023-04-21,PHP17,CRW01,33750,kg,BD-PIHPS,,,,,"PIHPS Provinsi Bengkulu (rata-rata pasar tradisional), bukan harga Bengkulu Tengah"
2023-04-21,PHP17,CRW02,27500,kg,BD-PIHPS,,,,,"PIHPS Provinsi Bengkulu (rata-rata pasar tradisional), bukan harga Bengkulu Tengah"
2023-04-21,PHP17,DAY01,31750,kg,BD-PIHPS,,,,,"PIHPS Provinsi Bengkulu (rata-rata pasar tradisional), bukan harga Bengkulu Tengah"
2023-04-21,PHP17,DSP01,137500,kg,BD-PIHPS,,,,,"PIHPS Provinsi Bengkulu (rata-rata pasar tradisional), bukan harga Bengkulu Tengah"
2023-04-21,PHP17,DSP02,137500,kg,BD-PIHPS,,,,,"PIHPS Provinsi Bengkulu (rata-rata pasar tradisional), bukan harga Bengkulu Tengah"
2023-04-21,PHP17,GLP01,14150,kg,BD-PIHPS,,,,,"PIHPS Provinsi Bengkulu (rata-rata pasar tradisional), bukan harga Bengkulu Tengah"
2023-04-21,PHP17,GLP02,15050,kg,BD-PIHPS,,,,,"PIHPS Provinsi Bengkulu (rata-rata pasar tradisional), bukan harga Bengkulu Tengah"
2023-04-21,PHP17,MGR01,16000,liter,BD-PIHPS,,,,,"PIHPS Provinsi Bengkulu (rata-rata pasar tradisional), bukan harga Bengkulu Tengah"
2023-04-21,PHP17,MGR02,21450,liter,BD-PIHPS,,,,,"PIHPS Provinsi Bengkulu (rata-rata pasar tradisional), bukan harga Bengkulu Tengah"
2023-04-21,PHP17,MGR03,18900,liter,BD-PIHPS,,,,,"PIHPS Provinsi Bengkulu (rata-rata pasar tradisional), bukan harga Bengkulu Tengah"
2023-04-21,PHP17,TLR01,29200,kg,BD-PIHPS,,,,,"PIHPS Provinsi Bengkulu (rata-rata pasar tradisional), bukan harga Bengkulu Tengah"
2023-04-24,PHP17,BRS01,11200,kg,BD-PIHPS,,,,,"PIHPS Provinsi Bengkulu (rata-rata pasar tradisional), bukan harga Bengkulu Tengah"
2023-04-24,PHP17,BRS02,12850,kg,BD-PIHPS,,,,,"PIHPS Provinsi Bengkulu (rata-rata pasar tradisional), bukan harga Bengkulu Tengah"
2023-04-24,PHP17,BRS03,13000,kg,BD-PIHPS,,,,,"PIHPS Provinsi Bengkulu (rata-rata pasar tradisional), bukan harga Bengkulu Tengah"
2023-04-24,PHP17,BRS04,13300,kg,BD-PIHPS,,,,,"PIHPS Provinsi Bengkulu (rata-rata pasar tradisional), bukan harga Bengkulu Tengah"
2023-04-24,PHP17,BRS05,13700,kg,BD-PIHPS,,,,,"PIHPS Provinsi Bengkulu (rata-rata pasar tradisional), bukan harga Bengkulu Tengah"
2023-04-24,PHP17,BRS06,13750,kg,BD-PIHPS,,,,,"PIHPS Provinsi Bengkulu (rata-rata pasar tradisional), bukan harga Bengkulu Tengah"
2023-04-24,PHP17,BWM01,37150,kg,BD-PIHPS,,,,,"PIHPS Provinsi Bengkulu (rata-rata pasar tradisional), bukan harga Bengkulu Tengah"
2023-04-24,PHP17,BWP01,33150,kg,BD-PIHPS,,,,,"PIHPS Provinsi Bengkulu (rata-rata pasar tradisional), bukan harga Bengkulu Tengah"
2023-04-24,PHP17,CMR01,26500,kg,BD-PIHPS,,,,,"PIHPS Provinsi Bengkulu (rata-rata pasar tradisional), bukan harga Bengkulu Tengah"
2023-04-24,PHP17,CMR02,30750,kg,BD-PIHPS,,,,,"PIHPS Provinsi Bengkulu (rata-rata pasar tradisional), bukan harga Bengkulu Tengah"
2023-04-24,PHP17,CRW01,33750,kg,BD-PIHPS,,,,,"PIHPS Provinsi Bengkulu (rata-rata pasar tradisional), bukan harga Bengkulu Tengah"
2023-04-24,PHP17,CRW02,27500,kg,BD-PIHPS,,,,,"PIHPS Provinsi Bengkulu (rata-rata pasar tradisional), bukan harga Bengkulu Tengah"
2023-04-24,PHP17,DAY01,31750,kg,BD-PIHPS,,,,,"PIHPS Provinsi Bengkulu (rata-rata pasar tradisional), bukan harga Bengkulu Tengah"
2023-04-24,PHP17,DSP01,137500,kg,BD-PIHPS,,,,,"PIHPS Provinsi Bengkulu (rata-rata pasar tradisional), bukan harga Bengkulu Tengah"
2023-04-24,PHP17,DSP02,137500,kg,BD-PIHPS,,,,,"PIHPS Provinsi Bengkulu (rata-rata pasar tradisional), bukan harga Bengkulu Tengah"
2023-04-24,PHP17,GLP01,14150,kg,BD-PIHPS,,,,,"PIHPS Provinsi Bengkulu (rata-rata pasar tradisional), bukan harga Bengkulu Tengah"
2023-04-24,PHP17,GLP02,15050,kg,BD-PIHPS,,,,,"PIHPS Provinsi Bengkulu (rata-rata pasar tradisional), bukan harga Bengkulu Tengah"
2023-04-24,PHP17,MGR01,16000,liter,BD-PIHPS,,,,,"PIHPS Provinsi Bengkulu (rata-rata pasar tradisional), bukan harga Bengkulu Tengah"
2023-04-24,PHP17,MGR02,21450,liter,BD-PIHPS,,,,,"PIHPS Provinsi Bengkulu (rata-rata pasar tradisional), bukan harga Bengkulu Tengah"
2023-04-24,PHP17,MGR03,18900,liter,BD-PIHPS,,,,,"PIHPS Provinsi Bengkulu (rata-rata pasar tradisional), bukan harga Bengkulu Tengah"
2023-04-24,PHP17,TLR01,29200,kg,BD-PIHPS,,,,,"PIHPS Provinsi Bengkulu (rata-rata pasar tradisional), bukan harga Bengkulu Tengah"
2023-04-25,PHP17,BRS01,11200,kg,BD-PIHPS,,,,,"PIHPS Provinsi Bengkulu (rata-rata pasar tradisional), bukan harga Bengkulu Tengah"
2023-04-25,PHP17,BRS02,12850,kg,BD-PIHPS,,,,,"PIHPS Provinsi Bengkulu (rata-rata pasar tradisional), bukan harga Bengkulu Tengah"
2023-04-25,PHP17,BRS03,13000,kg,BD-PIHPS,,,,,"PIHPS Provinsi Bengkulu (rata-rata pasar tradisional), bukan harga Bengkulu Tengah"
2023-04-25,PHP17,BRS04,13300,kg,BD-PIHPS,,,,,"PIHPS Provinsi Bengkulu (rata-rata pasar tradisional), bukan harga Bengkulu Tengah"
2023-04-25,PHP17,BRS05,13700,kg,BD-PIHPS,,,,,"PIHPS Provinsi Bengkulu (rata-rata pasar tradisional), bukan harga Bengkulu Tengah"
2023-04-25,PHP17,BRS06,13750,kg,BD-PIHPS,,,,,"PIHPS Provinsi Bengkulu (rata-rata pasar tradisional), bukan harga Bengkulu Tengah"
2023-04-25,PHP17,BWM01,37150,kg,BD-PIHPS,,,,,"PIHPS Provinsi Bengkulu (rata-rata pasar tradisional), bukan harga Bengkulu Tengah"
2023-04-25,PHP17,BWP01,33150,kg,BD-PIHPS,,,,,"PIHPS Provinsi Bengkulu (rata-rata pasar tradisional), bukan harga Bengkulu Tengah"
2023-04-25,PHP17,CMR01,26500,kg,BD-PIHPS,,,,,"PIHPS Provinsi Bengkulu (rata-rata pasar tradisional), bukan harga Bengkulu Tengah"
2023-04-25,PHP17,CMR02,30750,kg,BD-PIHPS,,,,,"PIHPS Provinsi Bengkulu (rata-rata pasar tradisional), bukan harga Bengkulu Tengah"
2023-04-25,PHP17,CRW01,33750,kg,BD-PIHPS,,,,,"PIHPS Provinsi Bengkulu (rata-rata pasar tradisional), bukan harga Bengkulu Tengah"
2023-04-25,PHP17,CRW02,27500,kg,BD-PIHPS,,,,,"PIHPS Provinsi Bengkulu (rata-rata pasar tradisional), bukan harga Bengkulu Tengah"
2023-04-25,PHP17,DAY01,31750,kg,BD-PIHPS,,,,,"PIHPS Provinsi Bengkulu (rata-rata pasar tradisional), bukan harga Bengkulu Tengah"
2023-04-25,PHP17,DSP01,137500,kg,BD-PIHPS,,,,,"PIHPS Provinsi Bengkulu (rata-rata pasar tradisional), bukan harga Bengkulu Tengah"
2023-04-25,PHP17,DSP02,137500,kg,BD-PIHPS,,,,,"PIHPS Provinsi Bengkulu (rata-rata pasar tradisional), bukan harga Bengkulu Tengah"
2023-04-25,PHP17,GLP01,14150,kg,BD-PIHPS,,,,,"PIHPS Provinsi Bengkulu (rata-rata pasar tradisional), bukan harga Bengkulu Tengah"
2023-04-25,PHP17,GLP02,15050,kg,BD-PIHPS,,,,,"PIHPS Provinsi Bengkulu (rata-rata pasar tradisional), bukan harga Bengkulu Tengah"
2023-04-25,PHP17,MGR01,16000,liter,BD-PIHPS,,,,,"PIHPS Provinsi Bengkulu (rata-rata pasar tradisional), bukan harga Bengkulu Tengah"
2023-04-25,PHP17,MGR02,21450,liter,BD-PIHPS,,,,,"PIHPS Provinsi Bengkulu (rata-rata pasar tradisional), bukan harga Bengkulu Tengah"
2023-04-25,PHP17,MGR03,18900,liter,BD-PIHPS,,,,,"PIHPS Provinsi Bengkulu (rata-rata pasar tradisional), bukan harga Bengkulu Tengah"
2023-04-25,PHP17,TLR01,29200,kg,BD-PIHPS,,,,,"PIHPS Provinsi Bengkulu (rata-rata pasar tradisional), bukan harga Bengkulu Tengah"
2023-04-26,PHP17,BRS01,11200,kg,BD-PIHPS,,,,,"PIHPS Provinsi Bengkulu (rata-rata pasar tradisional), bukan harga Bengkulu Tengah"
2023-04-26,PHP17,BRS02,12850,kg,BD-PIHPS,,,,,"PIHPS Provinsi Bengkulu (rata-rata pasar tradisional), bukan harga Bengkulu Tengah"
2023-04-26,PHP17,BRS03,13000,kg,BD-PIHPS,,,,,"PIHPS Provinsi Bengkulu (rata-rata pasar tradisional), bukan harga Bengkulu Tengah"
2023-04-26,PHP17,BRS04,13300,kg,BD-PIHPS,,,,,"PIHPS Provinsi Bengkulu (rata-rata pasar tradisional), bukan harga Bengkulu Tengah"
2023-04-26,PHP17,BRS05,13700,kg,BD-PIHPS,,,,,"PIHPS Provinsi Bengkulu (rata-rata pasar tradisional), bukan harga Bengkulu Tengah"
2023-04-26,PHP17,BRS06,13750,kg,BD-PIHPS,,,,,"PIHPS Provinsi Bengkulu (rata-rata pasar tradisional), bukan harga Bengkulu Tengah"
2023-04-26,PHP17,BWM01,38750,kg,BD-PIHPS,,,,,"PIHPS Provinsi Bengkulu (rata-rata pasar tradisional), bukan harga Bengkulu Tengah"
2023-04-26,PHP17,BWP01,34400,kg,BD-PIHPS,,,,,"PIHPS Provinsi Bengkulu (rata-rata pasar tradisional), bukan harga Bengkulu Tengah"
2023-04-26,PHP17,CMR01,31500,kg,BD-PIHPS,,,,,"PIHPS Provinsi Bengkulu (rata-rata pasar tradisional), bukan harga Bengkulu Tengah"
2023-04-26,PHP17,CMR02,35400,kg,BD-PIHPS,,,,,"PIHPS Provinsi Bengkulu (rata-rata pasar tradisional), bukan harga Bengkulu Tengah"
2023-04-26,PHP17,CRW01,37650,kg,BD-PIHPS,,,,,"PIHPS Provinsi Bengkulu (rata-rata pasar tradisional), bukan harga Bengkulu Tengah"
2023-04-26,PHP17,CRW02,30350,kg,BD-PIHPS,,,,,"PIHPS Provinsi Bengkulu (rata-rata pasar tradisional), bukan harga Bengkulu Tengah"
2023-04-26,PHP17,DAY01,37650,kg,BD-PIHPS,,,,,"PIHPS Provinsi Bengkulu (rata-rata pasar tradisional), bukan harga Bengkulu Tengah"
2023-04-26,PHP17,DSP01,137500,kg,BD-PIHPS,,,,,"PIHPS Provinsi Bengkulu (rata-rata pasar tradisional), bukan harga Bengkulu Tengah"
2023-04-26,PHP17,DSP02,137500,kg,BD-PIHPS,,,,,"PIHPS Provinsi Bengkulu (rata-rata pasar tradisional), bukan harga Bengkulu Tengah"
2023-04-26,PHP17,GLP01,14150,kg,BD-PIHPS,,,,,"PIHPS Provinsi Bengkulu (rata-rata pasar tradisional), bukan harga Bengkulu Tengah"
2023-04-26,PHP17,GLP02,15050,kg,BD-PIHPS,,,,,"PIHPS Provinsi Bengkulu (rata-rata pasar tradisional), bukan harga Bengkulu Tengah"
2023-04-26,PHP17,MGR01,16000,liter,BD-PIHPS,,,,,"PIHPS Provinsi Bengkulu (rata-rata pasar tradisional), bukan harga Bengkulu Tengah"
2023-04-26,PHP17,MGR02,21450,liter,BD-PIHPS,,,,,"PIHPS Provinsi Bengkulu (rata-rata pasar tradisional), bukan harga Bengkulu Tengah"
2023-04-26,PHP17,MGR03,18900,liter,BD-PIHPS,,,,,"PIHPS Provinsi Bengkulu (rata-rata pasar tradisional), bukan harga Bengkulu Tengah"
2023-04-26,PHP17,TLR01,29200,kg,BD-PIHPS,,,,,"PIHPS Provinsi Bengkulu (rata-rata pasar tradisional), bukan harga Bengkulu Tengah"
2023-04-27,PHP17,BRS01,11200,kg,BD-PIHPS,,,,,"PIHPS Provinsi Bengkulu (rata-rata pasar tradisional), bukan harga Bengkulu Tengah"
2023-04-27,PHP17,BRS02,12850,kg,BD-PIHPS,,,,,"PIHPS Provinsi Bengkulu (rata-rata pasar tradisional), bukan harga Bengkulu Tengah"
2023-04-27,PHP17,BRS03,13000,kg,BD-PIHPS,,,,,"PIHPS Provinsi Bengkulu (rata-rata pasar tradisional), bukan harga Bengkulu Tengah"
2023-04-27,PHP17,BRS04,13300,kg,BD-PIHPS,,,,,"PIHPS Provinsi Bengkulu (rata-rata pasar tradisional), bukan harga Bengkulu Tengah"
2023-04-27,PHP17,BRS05,13700,kg,BD-PIHPS,,,,,"PIHPS Provinsi Bengkulu (rata-rata pasar tradisional), bukan harga Bengkulu Tengah"
2023-04-27,PHP17,BRS06,13750,kg,BD-PIHPS,,,,,"PIHPS Provinsi Bengkulu (rata-rata pasar tradisional), bukan harga Bengkulu Tengah"
2023-04-27,PHP17,BWM01,38500,kg,BD-PIHPS,,,,,"PIHPS Provinsi Bengkulu (rata-rata pasar tradisional), bukan harga Bengkulu Tengah"
2023-04-27,PHP17,BWP01,35400,kg,BD-PIHPS,,,,,"PIHPS Provinsi Bengkulu (rata-rata pasar tradisional), bukan harga Bengkulu Tengah"
2023-04-27,PHP17,CMR01,29250,kg,BD-PIHPS,,,,,"PIHPS Provinsi Bengkulu (rata-rata pasar tradisional), bukan harga Bengkulu Tengah"
2023-04-27,PHP17,CMR02,33150,kg,BD-PIHPS,,,,,"PIHPS Provinsi Bengkulu (rata-rata pasar tradisional), bukan harga Bengkulu Tengah"
2023-04-27,PHP17,CRW01,36150,kg,BD-PIHPS,,,,,"PIHPS Provinsi Bengkulu (rata-rata pasar tradisional), bukan harga Bengkulu Tengah"
2023-04-27,PHP17,CRW02,28600,kg,BD-PIHPS,,,,,"PIHPS Provinsi Bengkulu (rata-rata pasar tradisional), bukan harga Bengkulu Tengah"
2023-04-27,PHP17,DAY01,36000,kg,BD-PIHPS,,,,,"PIHPS Provinsi Bengkulu (rata-rata pasar tradisional), bukan harga Bengkulu Tengah"
2023-04-27,PHP17,DSP01,137500,kg,BD-PIHPS,,,,,"PIHPS Provinsi Bengkulu (rata-rata pasar tradisional), bukan harga Bengkulu Tengah"
2023-04-27,PHP17,DSP02,137500,kg,BD-PIHPS,,,,,"PIHPS Provinsi Bengkulu (rata-rata pasar tradisional), bukan harga Bengkulu Tengah"
2023-04-27,PHP17,GLP01,14150,kg,BD-PIHPS,,,,,"PIHPS Provinsi Bengkulu (rata-rata pasar tradisional), bukan harga Bengkulu Tengah"
2023-04-27,PHP17,GLP02,15050,kg,BD-PIHPS,,,,,"PIHPS Provinsi Bengkulu (rata-rata pasar tradisional), bukan harga Bengkulu Tengah"
2023-04-27,PHP17,MGR01,16000,liter,BD-PIHPS,,,,,"PIHPS Provinsi Bengkulu (rata-rata pasar tradisional), bukan harga Bengkulu Tengah"
2023-04-27,PHP17,MGR02,21450,liter,BD-PIHPS,,,,,"PIHPS Provinsi Bengkulu (rata-rata pasar tradisional), bukan harga Bengkulu Tengah"
2023-04-27,PHP17,MGR03,18900,liter,BD-PIHPS,,,,,"PIHPS Provinsi Bengkulu (rata-rata pasar tradisional), bukan harga Bengkulu Tengah"
2023-04-27,PHP17,TLR01,29200,kg,BD-PIHPS,,,,,"PIHPS Provinsi Bengkulu (rata-rata pasar tradisional), bukan harga Bengkulu Tengah"
2023-04-28,PHP17,BRS01,11200,kg,BD-PIHPS,,,,,"PIHPS Provinsi Bengkulu (rata-rata pasar tradisional), bukan harga Bengkulu Tengah"
2023-04-28,PHP17,BRS02,12850,kg,BD-PIHPS,,,,,"PIHPS Provinsi Bengkulu (rata-rata pasar tradisional), bukan harga Bengkulu Tengah"
2023-04-28,PHP17,BRS03,13000,kg,BD-PIHPS,,,,,"PIHPS Provinsi Bengkulu (rata-rata pasar tradisional), bukan harga Bengkulu Tengah"
2023-04-28,PHP17,BRS04,13300,kg,BD-PIHPS,,,,,"PIHPS Provinsi Bengkulu (rata-rata pasar tradisional), bukan harga Bengkulu Tengah"
2023-04-28,PHP17,BRS05,13700,kg,BD-PIHPS,,,,,"PIHPS Provinsi Bengkulu (rata-rata pasar tradisional), bukan harga Bengkulu Tengah"
2023-04-28,PHP17,BRS06,13750,kg,BD-PIHPS,,,,,"PIHPS Provinsi Bengkulu (rata-rata pasar tradisional), bukan harga Bengkulu Tengah"
2023-04-28,PHP17,BWM01,37750,kg,BD-PIHPS,,,,,"PIHPS Provinsi Bengkulu (rata-rata pasar tradisional), bukan harga Bengkulu Tengah"
2023-04-28,PHP17,BWP01,36150,kg,BD-PIHPS,,,,,"PIHPS Provinsi Bengkulu (rata-rata pasar tradisional), bukan harga Bengkulu Tengah"
2023-04-28,PHP17,CMR01,27000,kg,BD-PIHPS,,,,,"PIHPS Provinsi Bengkulu (rata-rata pasar tradisional), bukan harga Bengkulu Tengah"
2023-04-28,PHP17,CMR02,30150,kg,BD-PIHPS,,,,,"PIHPS Provinsi Bengkulu (rata-rata pasar tradisional), bukan harga Bengkulu Tengah"
2023-04-28,PHP17,CRW01,34400,kg,BD-PIHPS,,,,,"PIHPS Provinsi Bengkulu (rata-rata pasar tradisional), bukan harga Bengkulu Tengah"
2023-04-28,PHP17,CRW02,27200,kg,BD-PIHPS,,,,,"PIHPS Provinsi Bengkulu (rata-rata pasar tradisional), bukan harga Bengkulu Tengah"
2023-04-28,PHP17,DAY01,35400,kg,BD-PIHPS,,,,,"PIHPS Provinsi Bengkulu (rata-rata pasar tradisional), bukan harga Bengkulu Tengah"
2023-04-28,PHP17,DSP01,137500,kg,BD-PIHPS,,,,,"PIHPS Provinsi Bengkulu (rata-rata pasar tradisional), bukan harga Bengkulu Tengah"
2023-04-28,PHP17,DSP02,137500,kg,BD-PIHPS,,,,,"PIHPS Provinsi Bengkulu (rata-rata pasar tradisional), bukan harga Bengkulu Tengah"
2023-04-28,PHP17,GLP01,14150,kg,BD-PIHPS,,,,,"PIHPS Provinsi Bengkulu (rata-rata pasar tradisional), bukan harga Bengkulu Tengah"
2023-04-28,PHP17,GLP02,15050,kg,BD-PIHPS,,,,,"PIHPS Provinsi Bengkulu (rata-rata pasar tradisional), bukan harga Bengkulu Tengah"
2023-04-28,PHP17,MGR01,16000,liter,BD-PIHPS,,,,,"PIHPS Provinsi Bengkulu (rata-rata pasar tradisional), bukan harga Bengkulu Tengah"
2023-04-28,PHP17,MGR02,21450,liter,BD-PIHPS,,,,,"PIHPS Provinsi Bengkulu (rata-rata pasar tradisional), bukan harga Bengkulu Tengah"
2023-04-28,PHP17,MGR03,18900,liter,BD-PIHPS,,,,,"PIHPS Provinsi Bengkulu (rata-rata pasar tradisional), bukan harga Bengkulu Tengah"
2023-04-28,PHP17,TLR01,28900,kg,BD-PIHPS,,,,,"PIHPS Provinsi Bengkulu (rata-rata pasar tradisional), bukan harga Bengkulu Tengah"
2023-05-01,PHP17,BRS01,11200,kg,BD-PIHPS,,,,,"PIHPS Provinsi Bengkulu (rata-rata pasar tradisional), bukan harga Bengkulu Tengah"
2023-05-01,PHP17,BRS02,12850,kg,BD-PIHPS,,,,,"PIHPS Provinsi Bengkulu (rata-rata pasar tradisional), bukan harga Bengkulu Tengah"
2023-05-01,PHP17,BRS03,13000,kg,BD-PIHPS,,,,,"PIHPS Provinsi Bengkulu (rata-rata pasar tradisional), bukan harga Bengkulu Tengah"
2023-05-01,PHP17,BRS04,13300,kg,BD-PIHPS,,,,,"PIHPS Provinsi Bengkulu (rata-rata pasar tradisional), bukan harga Bengkulu Tengah"
2023-05-01,PHP17,BRS05,13700,kg,BD-PIHPS,,,,,"PIHPS Provinsi Bengkulu (rata-rata pasar tradisional), bukan harga Bengkulu Tengah"
2023-05-01,PHP17,BRS06,13750,kg,BD-PIHPS,,,,,"PIHPS Provinsi Bengkulu (rata-rata pasar tradisional), bukan harga Bengkulu Tengah"
2023-05-01,PHP17,BWM01,37750,kg,BD-PIHPS,,,,,"PIHPS Provinsi Bengkulu (rata-rata pasar tradisional), bukan harga Bengkulu Tengah"
2023-05-01,PHP17,BWP01,36150,kg,BD-PIHPS,,,,,"PIHPS Provinsi Bengkulu (rata-rata pasar tradisional), bukan harga Bengkulu Tengah"
2023-05-01,PHP17,CMR01,27000,kg,BD-PIHPS,,,,,"PIHPS Provinsi Bengkulu (rata-rata pasar tradisional), bukan harga Bengkulu Tengah"
2023-05-01,PHP17,CMR02,30150,kg,BD-PIHPS,,,,,"PIHPS Provinsi Bengkulu (rata-rata pasar tradisional), bukan harga Bengkulu Tengah"
2023-05-01,PHP17,CRW01,34400,kg,BD-PIHPS,,,,,"PIHPS Provinsi Bengkulu (rata-rata pasar tradisional), bukan harga Bengkulu Tengah"
2023-05-01,PHP17,CRW02,27200,kg,BD-PIHPS,,,,,"PIHPS Provinsi Bengkulu (rata-rata pasar tradisional), bukan harga Bengkulu Tengah"
2023-05-01,PHP17,DAY01,35400,kg,BD-PIHPS,,,,,"PIHPS Provinsi Bengkulu (rata-rata pasar tradisional), bukan harga Bengkulu Tengah"
2023-05-01,PHP17,DSP01,137500,kg,BD-PIHPS,,,,,"PIHPS Provinsi Bengkulu (rata-rata pasar tradisional), bukan harga Bengkulu Tengah"
2023-05-01,PHP17,DSP02,137500,kg,BD-PIHPS,,,,,"PIHPS Provinsi Bengkulu (rata-rata pasar tradisional), bukan harga Bengkulu Tengah"
2023-05-01,PHP17,GLP01,14150,kg,BD-PIHPS,,,,,"PIHPS Provinsi Bengkulu (rata-rata pasar tradisional), bukan harga Bengkulu Tengah"
2023-05-01,PHP17,GLP02,15050,kg,BD-PIHPS,,,,,"PIHPS Provinsi Bengkulu (rata-rata pasar tradisional), bukan harga Bengkulu Tengah"
2023-05-01,PHP17,MGR01,16000,liter,BD-PIHPS,,,,,"PIHPS Provinsi Bengkulu (rata-rata pasar tradisional), bukan harga Bengkulu Tengah"
2023-05-01,PHP17,MGR02,21450,liter,BD-PIHPS,,,,,"PIHPS Provinsi Bengkulu (rata-rata pasar tradisional), bukan harga Bengkulu Tengah"
2023-05-01,PHP17,MGR03,18900,liter,BD-PIHPS,,,,,"PIHPS Provinsi Bengkulu (rata-rata pasar tradisional), bukan harga Bengkulu Tengah"
2023-05-01,PHP17,TLR01,28900,kg,BD-PIHPS,,,,,"PIHPS Provinsi Bengkulu (rata-rata pasar tradisional), bukan harga Bengkulu Tengah"
2023-05-02,PHP17,BRS01,11200,kg,BD-PIHPS,,,,,"PIHPS Provinsi Bengkulu (rata-rata pasar tradisional), bukan harga Bengkulu Tengah"
2023-05-02,PHP17,BRS02,12850,kg,BD-PIHPS,,,,,"PIHPS Provinsi Bengkulu (rata-rata pasar tradisional), bukan harga Bengkulu Tengah"
2023-05-02,PHP17,BRS03,13000,kg,BD-PIHPS,,,,,"PIHPS Provinsi Bengkulu (rata-rata pasar tradisional), bukan harga Bengkulu Tengah"
2023-05-02,PHP17,BRS04,13300,kg,BD-PIHPS,,,,,"PIHPS Provinsi Bengkulu (rata-rata pasar tradisional), bukan harga Bengkulu Tengah"
2023-05-02,PHP17,BRS05,13700,kg,BD-PIHPS,,,,,"PIHPS Provinsi Bengkulu (rata-rata pasar tradisional), bukan harga Bengkulu Tengah"
2023-05-02,PHP17,BRS06,13750,kg,BD-PIHPS,,,,,"PIHPS Provinsi Bengkulu (rata-rata pasar tradisional), bukan harga Bengkulu Tengah"
2023-05-02,PHP17,BWM01,38150,kg,BD-PIHPS,,,,,"PIHPS Provinsi Bengkulu (rata-rata pasar tradisional), bukan harga Bengkulu Tengah"
2023-05-02,PHP17,BWP01,35650,kg,BD-PIHPS,,,,,"PIHPS Provinsi Bengkulu (rata-rata pasar tradisional), bukan harga Bengkulu Tengah"
2023-05-02,PHP17,CMR01,24250,kg,BD-PIHPS,,,,,"PIHPS Provinsi Bengkulu (rata-rata pasar tradisional), bukan harga Bengkulu Tengah"
2023-05-02,PHP17,CMR02,28250,kg,BD-PIHPS,,,,,"PIHPS Provinsi Bengkulu (rata-rata pasar tradisional), bukan harga Bengkulu Tengah"
2023-05-02,PHP17,CRW01,28500,kg,BD-PIHPS,,,,,"PIHPS Provinsi Bengkulu (rata-rata pasar tradisional), bukan harga Bengkulu Tengah"
2023-05-02,PHP17,CRW02,22650,kg,BD-PIHPS,,,,,"PIHPS Provinsi Bengkulu (rata-rata pasar tradisional), bukan harga Bengkulu Tengah"
2023-05-02,PHP17,DAY01,34650,kg,BD-PIHPS,,,,,"PIHPS Provinsi Bengkulu (rata-rata pasar tradisional), bukan harga Bengkulu Tengah"
2023-05-02,PHP17,DSP01,137500,kg,BD-PIHPS,,,,,"PIHPS Provinsi Bengkulu (rata-rata pasar tradisional), bukan harga Bengkulu Tengah"
2023-05-02,PHP17,DSP02,137500,kg,BD-PIHPS,,,,,"PIHPS Provinsi Bengkulu (rata-rata pasar tradisional), bukan harga Bengkulu Tengah"
2023-05-02,PHP17,GLP01,14150,kg,BD-PIHPS,,,,,"PIHPS Provinsi Bengkulu (rata-rata pasar tradisional), bukan harga Bengkulu Tengah"
2023-05-02,PHP17,GLP02,15050,kg,BD-PIHPS,,,,,"PIHPS Provinsi Bengkulu (rata-rata pasar tradisional), bukan harga Bengkulu Tengah"
2023-05-02,PHP17,MGR01,16000,liter,BD-PIHPS,,,,,"PIHPS Provinsi Bengkulu (rata-rata pasar tradisional), bukan harga Bengkulu Tengah"
2023-05-02,PHP17,MGR02,21450,liter,BD-PIHPS,,,,,"PIHPS Provinsi Bengkulu (rata-rata pasar tradisional), bukan harga Bengkulu Tengah"
2023-05-02,PHP17,MGR03,18900,liter,BD-PIHPS,,,,,"PIHPS Provinsi Bengkulu (rata-rata pasar tradisional), bukan harga Bengkulu Tengah"
2023-05-02,PHP17,TLR01,28900,kg,BD-PIHPS,,,,,"PIHPS Provinsi Bengkulu (rata-rata pasar tradisional), bukan harga Bengkulu Tengah"
2023-05-03,PHP17,BRS01,11650,kg,BD-PIHPS,,,,,"PIHPS Provinsi Bengkulu (rata-rata pasar tradisional), bukan harga Bengkulu Tengah"
2023-05-03,PHP17,BRS02,12900,kg,BD-PIHPS,,,,,"PIHPS Provinsi Bengkulu (rata-rata pasar tradisional), bukan harga Bengkulu Tengah"
2023-05-03,PHP17,BRS03,13100,kg,BD-PIHPS,,,,,"PIHPS Provinsi Bengkulu (rata-rata pasar tradisional), bukan harga Bengkulu Tengah"
2023-05-03,PHP17,BRS04,13300,kg,BD-PIHPS,,,,,"PIHPS Provinsi Bengkulu (rata-rata pasar tradisional), bukan harga Bengkulu Tengah"
2023-05-03,PHP17,BRS05,13750,kg,BD-PIHPS,,,,,"PIHPS Provinsi Bengkulu (rata-rata pasar tradisional), bukan harga Bengkulu Tengah"
2023-05-03,PHP17,BRS06,13850,kg,BD-PIHPS,,,,,"PIHPS Provinsi Bengkulu (rata-rata pasar tradisional), bukan harga Bengkulu Tengah"
2023-05-03,PHP17,BWM01,38000,kg,BD-PIHPS,,,,,"PIHPS Provinsi Bengkulu (rata-rata pasar tradisional), bukan harga Bengkulu Tengah"
2023-05-03,PHP17,BWP01,35900,kg,BD-PIHPS,,,,,"PIHPS Provinsi Bengkulu (rata-rata pasar tradisional), bukan harga Bengkulu Tengah"
2023-05-03,PHP17,CMR01,21900,kg,BD-PIHPS,,,,,"PIHPS Provinsi Bengkulu (rata-rata pasar tradisional), bukan harga Bengkulu Tengah"
2023-05-03,PHP17,CMR02,25750,kg,BD-PIHPS,,,,,"PIHPS Provinsi Bengkulu (rata-rata pasar tradisional), bukan harga Bengkulu Tengah"
2023-05-03,PHP17,CRW01,25150,kg,BD-PIHPS,,,,,"PIHPS Provinsi Bengkulu (rata-rata pasar tradisional), bukan harga Bengkulu Tengah"
2023-05-03,PHP17,CRW02,20600,kg,BD-PIHPS,,,,,"PIHPS Provinsi Bengkulu (rata-rata pasar tradisional), bukan harga Bengkulu Tengah"
2023-05-03,PHP17,DAY01,34150,kg,BD-PIHPS,,,,,"PIHPS Provinsi Bengkulu (rata-rata pasar tradisional), bukan harga Bengkulu Tengah"
2023-05-03,PHP17,DSP01,137500,kg,BD-PIHPS,,,,,"PIHPS Provinsi Bengkulu (rata-rata pasar tradisional), bukan harga Bengkulu Tengah"
2023-05-03,PHP17,DSP02,137500,kg,BD-PIHPS,,,,,"PIHPS Provinsi Bengkulu (rata-rata pasar tradisional), bukan harga Bengkulu Tengah"
2023-05-03,PHP17,GLP01,14150,kg,BD-PIHPS,,,,,"PIHPS Provinsi Bengkulu (rata-rata pasar tradisional), bukan harga Bengkulu Tengah"
2023-05-03,PHP17,GLP02,15050,kg,BD-PIHPS,,,,,"PIHPS Provinsi Bengkulu (rata-rata pasar tradisional), bukan harga Bengkulu Tengah"
2023-05-03,PHP17,MGR01,16000,liter,BD-PIHPS,,,,,"PIHPS Provinsi Bengkulu (rata-rata pasar tradisional), bukan harga Bengkulu Tengah"
2023-05-03,PHP17,MGR02,21450,liter,BD-PIHPS,,,,,"PIHPS Provinsi Bengkulu (rata-rata pasar tradisional), bukan harga Bengkulu Tengah"
2023-05-03,PHP17,MGR03,18900,liter,BD-PIHPS,,,,,"PIHPS Provinsi Bengkulu (rata-rata pasar tradisional), bukan harga Bengkulu Tengah"
2023-05-03,PHP17,TLR01,28200,kg,BD-PIHPS,,,,,"PIHPS Provinsi Bengkulu (rata-rata pasar tradisional), bukan harga Bengkulu Tengah"
2023-05-04,PHP17,BRS01,11650,kg,BD-PIHPS,,,,,"PIHPS Provinsi Bengkulu (rata-rata pasar tradisional), bukan harga Bengkulu Tengah"
2023-05-04,PHP17,BRS02,12900,kg,BD-PIHPS,,,,,"PIHPS Provinsi Bengkulu (rata-rata pasar tradisional), bukan harga Bengkulu Tengah"
2023-05-04,PHP17,BRS03,13100,kg,BD-PIHPS,,,,,"PIHPS Provinsi Bengkulu (rata-rata pasar tradisional), bukan harga Bengkulu Tengah"
2023-05-04,PHP17,BRS04,13300,kg,BD-PIHPS,,,,,"PIHPS Provinsi Bengkulu (rata-rata pasar tradisional), bukan harga Bengkulu Tengah"
2023-05-04,PHP17,BRS05,13750,kg,BD-PIHPS,,,,,"PIHPS Provinsi Bengkulu (rata-rata pasar tradisional), bukan harga Bengkulu Tengah"
2023-05-04,PHP17,BRS06,13850,kg,BD-PIHPS,,,,,"PIHPS Provinsi Bengkulu (rata-rata pasar tradisional), bukan harga Bengkulu Tengah"
2023-05-04,PHP17,BWM01,36900,kg,BD-PIHPS,,,,,"PIHPS Provinsi Bengkulu (rata-rata pasar tradisional), bukan harga Bengkulu Tengah"
2023-05-04,PHP17,BWP01,35900,kg,BD-PIHPS,,,,,"PIHPS Provinsi Bengkulu (rata-rata pasar tradisional), bukan harga Bengkulu Tengah"
2023-05-04,PHP17,CMR01,22650,kg,BD-PIHPS,,,,,"PIHPS Provinsi Bengkulu (rata-rata pasar tradisional), bukan harga Bengkulu Tengah"
2023-05-04,PHP17,CMR02,26650,kg,BD-PIHPS,,,,,"PIHPS Provinsi Bengkulu (rata-rata pasar tradisional), bukan harga Bengkulu Tengah"
2023-05-04,PHP17,CRW01,26650,kg,BD-PIHPS,,,,,"PIHPS Provinsi Bengkulu (rata-rata pasar tradisional), bukan harga Bengkulu Tengah"
2023-05-04,PHP17,CRW02,22050,kg,BD-PIHPS,,,,,"PIHPS Provinsi Bengkulu (rata-rata pasar tradisional), bukan harga Bengkulu Tengah"
2023-05-04,PHP17,DAY01,34000,kg,BD-PIHPS,,,,,"PIHPS Provinsi Bengkulu (rata-rata pasar tradisional), bukan harga Bengkulu Tengah"
2023-05-04,PHP17,DSP01,137500,kg,BD-PIHPS,,,,,"PIHPS Provinsi Bengkulu (rata-rata pasar tradisional), bukan harga Bengkulu Tengah"
2023-05-04,PHP17,DSP02,137500,kg,BD-PIHPS,,,,,"PIHPS Provinsi Bengkulu (rata-rata pasar tradisional), bukan harga Bengkulu Tengah"
2023-05-04,PHP17,GLP01,14150,kg,BD-PIHPS,,,,,"PIHPS Provinsi Bengkulu (rata-rata pasar tradisional), bukan harga Bengkulu Tengah"
2023-05-04,PHP17,GLP02,15050,kg,BD-PIHPS,,,,,"PIHPS Provinsi Bengkulu (rata-rata pasar tradisional), bukan harga Bengkulu Tengah"
2023-05-04,PHP17,MGR01,16000,liter,BD-PIHPS,,,,,"PIHPS Provinsi Bengkulu (rata-rata pasar tradisional), bukan harga Bengkulu Tengah"
2023-05-04,PHP17,MGR02,21450,liter,BD-PIHPS,,,,,"PIHPS Provinsi Bengkulu (rata-rata pasar tradisional), bukan harga Bengkulu Tengah"
2023-05-04,PHP17,MGR03,19500,liter,BD-PIHPS,,,,,"PIHPS Provinsi Bengkulu (rata-rata pasar tradisional), bukan harga Bengkulu Tengah"
2023-05-04,PHP17,TLR01,28200,kg,BD-PIHPS,,,,,"PIHPS Provinsi Bengkulu (rata-rata pasar tradisional), bukan harga Bengkulu Tengah"
2023-05-05,PHP17,BRS01,11650,kg,BD-PIHPS,,,,,"PIHPS Provinsi Bengkulu (rata-rata pasar tradisional), bukan harga Bengkulu Tengah"
2023-05-05,PHP17,BRS02,12900,kg,BD-PIHPS,,,,,"PIHPS Provinsi Bengkulu (rata-rata pasar tradisional), bukan harga Bengkulu Tengah"
2023-05-05,PHP17,BRS03,13100,kg,BD-PIHPS,,,,,"PIHPS Provinsi Bengkulu (rata-rata pasar tradisional), bukan harga Bengkulu Tengah"
2023-05-05,PHP17,BRS04,13300,kg,BD-PIHPS,,,,,"PIHPS Provinsi Bengkulu (rata-rata pasar tradisional), bukan harga Bengkulu Tengah"
2023-05-05,PHP17,BRS05,13750,kg,BD-PIHPS,,,,,"PIHPS Provinsi Bengkulu (rata-rata pasar tradisional), bukan harga Bengkulu Tengah"
2023-05-05,PHP17,BRS06,13850,kg,BD-PIHPS,,,,,"PIHPS Provinsi Bengkulu (rata-rata pasar tradisional), bukan harga Bengkulu Tengah"
2023-05-05,PHP17,BWM01,36900,kg,BD-PIHPS,,,,,"PIHPS Provinsi Bengkulu (rata-rata pasar tradisional), bukan harga Bengkulu Tengah"
2023-05-05,PHP17,BWP01,35900,kg,BD-PIHPS,,,,,"PIHPS Provinsi Bengkulu (rata-rata pasar tradisional), bukan harga Bengkulu Tengah"
2023-05-05,PHP17,CMR01,24400,kg,BD-PIHPS,,,,,"PIHPS Provinsi Bengkulu (rata-rata pasar tradisional), bukan harga Bengkulu Tengah"
2023-05-05,PHP17,CMR02,28900,kg,BD-PIHPS,,,,,"PIHPS Provinsi Bengkulu (rata-rata pasar tradisional), bukan harga Bengkulu Tengah"
2023-05-05,PHP17,CRW01,28250,kg,BD-PIHPS,,,,,"PIHPS Provinsi Bengkulu (rata-rata pasar tradisional), bukan harga Bengkulu Tengah"
2023-05-05,PHP17,CRW02,22850,kg,BD-PIHPS,,,,,"PIHPS Provinsi Bengkulu (rata-rata pasar tradisional), bukan harga Bengkulu Tengah"
2023-05-05,PHP17,DAY01,34000,kg,BD-PIHPS,,,,,"PIHPS Provinsi Bengkulu (rata-rata pasar tradisional), bukan harga Bengkulu Tengah"
2023-05-05,PHP17,DSP01,137500,kg,BD-PIHPS,,,,,"PIHPS Provinsi Bengkulu (rata-rata pasar tradisional), bukan harga Bengkulu Tengah"
2023-05-05,PHP17,DSP02,137500,kg,BD-PIHPS,,,,,"PIHPS Provinsi Bengkulu (rata-rata pasar tradisional), bukan harga Bengkulu Tengah"
2023-05-05,PHP17,GLP01,14150,kg,BD-PIHPS,,,,,"PIHPS Provinsi Bengkulu (rata-rata pasar tradisional), bukan harga Bengkulu Tengah"
2023-05-05,PHP17,GLP02,15050,kg,BD-PIHPS,,,,,"PIHPS Provinsi Bengkulu (rata-rata pasar tradisional), bukan harga Bengkulu Tengah"
2023-05-05,PHP17,MGR01,16000,liter,BD-PIHPS,,,,,"PIHPS Provinsi Bengkulu (rata-rata pasar tradisional), bukan harga Bengkulu Tengah"
2023-05-05,PHP17,MGR02,21450,liter,BD-PIHPS,,,,,"PIHPS Provinsi Bengkulu (rata-rata pasar tradisional), bukan harga Bengkulu Tengah"
2023-05-05,PHP17,MGR03,19500,liter,BD-PIHPS,,,,,"PIHPS Provinsi Bengkulu (rata-rata pasar tradisional), bukan harga Bengkulu Tengah"
2023-05-05,PHP17,TLR01,28200,kg,BD-PIHPS,,,,,"PIHPS Provinsi Bengkulu (rata-rata pasar tradisional), bukan harga Bengkulu Tengah"
2023-05-08,PHP17,BRS01,11650,kg,BD-PIHPS,,,,,"PIHPS Provinsi Bengkulu (rata-rata pasar tradisional), bukan harga Bengkulu Tengah"
2023-05-08,PHP17,BRS02,12900,kg,BD-PIHPS,,,,,"PIHPS Provinsi Bengkulu (rata-rata pasar tradisional), bukan harga Bengkulu Tengah"
2023-05-08,PHP17,BRS03,13100,kg,BD-PIHPS,,,,,"PIHPS Provinsi Bengkulu (rata-rata pasar tradisional), bukan harga Bengkulu Tengah"
2023-05-08,PHP17,BRS04,13300,kg,BD-PIHPS,,,,,"PIHPS Provinsi Bengkulu (rata-rata pasar tradisional), bukan harga Bengkulu Tengah"
2023-05-08,PHP17,BRS05,13750,kg,BD-PIHPS,,,,,"PIHPS Provinsi Bengkulu (rata-rata pasar tradisional), bukan harga Bengkulu Tengah"
2023-05-08,PHP17,BRS06,13850,kg,BD-PIHPS,,,,,"PIHPS Provinsi Bengkulu (rata-rata pasar tradisional), bukan harga Bengkulu Tengah"
2023-05-08,PHP17,BWM01,37650,kg,BD-PIHPS,,,,,"PIHPS Provinsi Bengkulu (rata-rata pasar tradisional), bukan harga Bengkulu Tengah"
2023-05-08,PHP17,BWP01,36500,kg,BD-PIHPS,,,,,"PIHPS Provinsi Bengkulu (rata-rata pasar tradisional), bukan harga Bengkulu Tengah"
2023-05-08,PHP17,CMR01,23000,kg,BD-PIHPS,,,,,"PIHPS Provinsi Bengkulu (rata-rata pasar tradisional), bukan harga Bengkulu Tengah"
2023-05-08,PHP17,CMR02,27000,kg,BD-PIHPS,,,,,"PIHPS Provinsi Bengkulu (rata-rata pasar tradisional), bukan harga Bengkulu Tengah"
2023-05-08,PHP17,CRW01,27150,kg,BD-PIHPS,,,,,"PIHPS Provinsi Bengkulu (rata-rata pasar tradisional), bukan harga Bengkulu Tengah"
2023-05-08,PHP17,CRW02,21900,kg,BD-PIHPS,,,,,"PIHPS Provinsi Bengkulu (rata-rata pasar tradisional), bukan harga Bengkulu Tengah"
2023-05-08,PHP17,DAY01,35150,kg,BD-PIHPS,,,,,"PIHPS Provinsi Bengkulu (rata-rata pasar tradisional), bukan harga Bengkulu Tengah"
2023-05-08,PHP17,DSP01,137500,kg,BD-PIHPS,,,,,"PIHPS Provinsi Bengkulu (rata-rata pasar tradisional), bukan harga Bengkulu Tengah"
2023-05-08,PHP17,DSP02,137500,kg,BD-PIHPS,,,,,"PIHPS Provinsi Bengkulu (rata-rata pasar tradisional), bukan harga Bengkulu Tengah"
2023-05-08,PHP17,GLP01,14150,kg,BD-PIHPS,,,,,"PIHPS Provinsi Bengkulu (rata-rata pasar tradisional), bukan harga Bengkulu Tengah"
2023-05-08,PHP17,GLP02,15200,kg,BD-PIHPS,,,,,"PIHPS Provinsi Bengkulu (rata-rata pasar tradisional), bukan harga Bengkulu Tengah"
2023-05-08,PHP17,MGR01,16000,liter,BD-PIHPS,,,,,"PIHPS Provinsi Bengkulu (rata-rata pasar tradisional), bukan harga Bengkulu Tengah"
2023-05-08,PHP17,MGR02,21450,liter,BD-PIHPS,,,,,"PIHPS Provinsi Bengkulu (rata-rata pasar tradisional), bukan harga Bengkulu Tengah"
2023-05-08,PHP17,MGR03,19500,liter,BD-PIHPS,,,,,"PIHPS Provinsi Bengkulu (rata-rata pasar tradisional), bukan harga Bengkulu Tengah"
2023-05-08,PHP17,TLR01,28200,kg,BD-PIHPS,,,,,"PIHPS Provinsi Bengkulu (rata-rata pasar tradisional), bukan harga Bengkulu Tengah"
2023-05-09,PHP17,BRS01,11650,kg,BD-PIHPS,,,,,"PIHPS Provinsi Bengkulu (rata-rata pasar tradisional), bukan harga Bengkulu Tengah"
2023-05-09,PHP17,BRS02,12900,kg,BD-PIHPS,,,,,"PIHPS Provinsi Bengkulu (rata-rata pasar tradisional), bukan harga Bengkulu Tengah"
2023-05-09,PHP17,BRS03,13100,kg,BD-PIHPS,,,,,"PIHPS Provinsi Bengkulu (rata-rata pasar tradisional), bukan harga Bengkulu Tengah"
2023-05-09,PHP17,BRS04,13300,kg,BD-PIHPS,,,,,"PIHPS Provinsi Bengkulu (rata-rata pasar tradisional), bukan harga Bengkulu Tengah"
2023-05-09,PHP17,BRS05,13750,kg,BD-PIHPS,,,,,"PIHPS Provinsi Bengkulu (rata-rata pasar tradisional), bukan harga Bengkulu Tengah"
2023-05-09,PHP17,BRS06,13850,kg,BD-PIHPS,,,,,"PIHPS Provinsi Bengkulu (rata-rata pasar tradisional), bukan harga Bengkulu Tengah"
2023-05-09,PHP17,BWM01,38250,kg,BD-PIHPS,,,,,"PIHPS Provinsi Bengkulu (rata-rata pasar tradisional), bukan harga Bengkulu Tengah"
2023-05-09,PHP17,BWP01,37400,kg,BD-PIHPS,,,,,"PIHPS Provinsi Bengkulu (rata-rata pasar tradisional), bukan harga Bengkulu Tengah"
2023-05-09,PHP17,CMR01,22500,kg,BD-PIHPS,,,,,"PIHPS Provinsi Bengkulu (rata-rata pasar tradisional), bukan harga Bengkulu Tengah"
2023-05-09,PHP17,CMR02,27150,kg,BD-PIHPS,,,,,"PIHPS Provinsi Bengkulu (rata-rata pasar tradisional), bukan harga Bengkulu Tengah"
2023-05-09,PHP17,CRW01,27000,kg,BD-PIHPS,,,,,"PIHPS Provinsi Bengkulu (rata-rata pasar tradisional), bukan harga Bengkulu Tengah"
2023-05-09,PHP17,CRW02,21750,kg,BD-PIHPS,,,,,"PIHPS Provinsi Bengkulu (rata-rata pasar tradisional), bukan harga Bengkulu Tengah"
2023-05-09,PHP17,DAY01,35900,kg,BD-PIHPS,,,,,"PIHPS Provinsi Bengkulu (rata-rata pasar tradisional), bukan harga Bengkulu Tengah"
2023-05-09,PHP17,DSP01,137500,kg,BD-PIHPS,,,,,"PIHPS Provinsi Bengkulu (rata-rata pasar tradisional), bukan harga Bengkulu Tengah"
2023-05-09,PHP17,DSP02,137500,kg,BD-PIHPS,,,,,"PIHPS Provinsi Bengkulu (rata-rata pasar tradisional), bukan harga Bengkulu Tengah"
2023-05-09,PHP17,GLP01,14150,kg,BD-PIHPS,,,,,"PIHPS Provinsi Bengkulu (rata-rata pasar tradisional), bukan harga Bengkulu Tengah"
2023-05-09,PHP17,GLP02,15200,kg,BD-PIHPS,,,,,"PIHPS Provinsi Bengkulu (rata-rata pasar tradisional), bukan harga Bengkulu Tengah"
2023-05-09,PHP17,MGR01,16000,liter,BD-PIHPS,,,,,"PIHPS Provinsi Bengkulu (rata-rata pasar tradisional), bukan harga Bengkulu Tengah"
2023-05-09,PHP17,MGR02,21450,liter,BD-PIHPS,,,,,"PIHPS Provinsi Bengkulu (rata-rata pasar tradisional), bukan harga Bengkulu Tengah"
2023-05-09,PHP17,MGR03,19500,liter,BD-PIHPS,,,,,"PIHPS Provinsi Bengkulu (rata-rata pasar tradisional), bukan harga Bengkulu Tengah"
2023-05-09,PHP17,TLR01,28200,kg,BD-PIHPS,,,,,"PIHPS Provinsi Bengkulu (rata-rata pasar tradisional), bukan harga Bengkulu Tengah"
2023-05-10,PHP17,BRS01,11650,kg,BD-PIHPS,,,,,"PIHPS Provinsi Bengkulu (rata-rata pasar tradisional), bukan harga Bengkulu Tengah"
2023-05-10,PHP17,BRS02,12900,kg,BD-PIHPS,,,,,"PIHPS Provinsi Bengkulu (rata-rata pasar tradisional), bukan harga Bengkulu Tengah"
2023-05-10,PHP17,BRS03,13100,kg,BD-PIHPS,,,,,"PIHPS Provinsi Bengkulu (rata-rata pasar tradisional), bukan harga Bengkulu Tengah"
2023-05-10,PHP17,BRS04,13300,kg,BD-PIHPS,,,,,"PIHPS Provinsi Bengkulu (rata-rata pasar tradisional), bukan harga Bengkulu Tengah"
2023-05-10,PHP17,BRS05,13750,kg,BD-PIHPS,,,,,"PIHPS Provinsi Bengkulu (rata-rata pasar tradisional), bukan harga Bengkulu Tengah"
2023-05-10,PHP17,BRS06,13850,kg,BD-PIHPS,,,,,"PIHPS Provinsi Bengkulu (rata-rata pasar tradisional), bukan harga Bengkulu Tengah"
2023-05-10,PHP17,BWM01,38650,kg,BD-PIHPS,,,,,"PIHPS Provinsi Bengkulu (rata-rata pasar tradisional), bukan harga Bengkulu Tengah"
2023-05-10,PHP17,BWP01,37400,kg,BD-PIHPS,,,,,"PIHPS Provinsi Bengkulu (rata-rata pasar tradisional), bukan harga Bengkulu Tengah"
2023-05-10,PHP17,CMR01,23900,kg,BD-PIHPS,,,,,"PIHPS Provinsi Bengkulu (rata-rata pasar tradisional), bukan harga Bengkulu Tengah"
2023-05-10,PHP17,CMR02,28150,kg,BD-PIHPS,,,,,"PIHPS Provinsi Bengkulu (rata-rata pasar tradisional), bukan harga Bengkulu Tengah"
2023-05-10,PHP17,CRW01,27750,kg,BD-PIHPS,,,,,"PIHPS Provinsi Bengkulu (rata-rata pasar tradisional), bukan harga Bengkulu Tengah"
2023-05-10,PHP17,CRW02,23400,kg,BD-PIHPS,,,,,"PIHPS Provinsi Bengkulu (rata-rata pasar tradisional), bukan harga Bengkulu Tengah"
2023-05-10,PHP17,DAY01,36400,kg,BD-PIHPS,,,,,"PIHPS Provinsi Bengkulu (rata-rata pasar tradisional), bukan harga Bengkulu Tengah"
2023-05-10,PHP17,DSP01,137500,kg,BD-PIHPS,,,,,"PIHPS Provinsi Bengkulu (rata-rata pasar tradisional), bukan harga Bengkulu Tengah"
2023-05-10,PHP17,DSP02,137500,kg,BD-PIHPS,,,,,"PIHPS Provinsi Bengkulu (rata-rata pasar tradisional), bukan harga Bengkulu Tengah"
2023-05-10,PHP17,GLP01,14150,kg,BD-PIHPS,,,,,"PIHPS Provinsi Bengkulu (rata-rata pasar tradisional), bukan harga Bengkulu Tengah"
2023-05-10,PHP17,GLP02,15200,kg,BD-PIHPS,,,,,"PIHPS Provinsi Bengkulu (rata-rata pasar tradisional), bukan harga Bengkulu Tengah"
2023-05-10,PHP17,MGR01,16000,liter,BD-PIHPS,,,,,"PIHPS Provinsi Bengkulu (rata-rata pasar tradisional), bukan harga Bengkulu Tengah"
2023-05-10,PHP17,MGR02,21450,liter,BD-PIHPS,,,,,"PIHPS Provinsi Bengkulu (rata-rata pasar tradisional), bukan harga Bengkulu Tengah"
2023-05-10,PHP17,MGR03,19500,liter,BD-PIHPS,,,,,"PIHPS Provinsi Bengkulu (rata-rata pasar tradisional), bukan harga Bengkulu Tengah"
2023-05-10,PHP17,TLR01,28200,kg,BD-PIHPS,,,,,"PIHPS Provinsi Bengkulu (rata-rata pasar tradisional), bukan harga Bengkulu Tengah"
2023-05-11,PHP17,BRS01,11650,kg,BD-PIHPS,,,,,"PIHPS Provinsi Bengkulu (rata-rata pasar tradisional), bukan harga Bengkulu Tengah"
2023-05-11,PHP17,BRS02,12900,kg,BD-PIHPS,,,,,"PIHPS Provinsi Bengkulu (rata-rata pasar tradisional), bukan harga Bengkulu Tengah"
2023-05-11,PHP17,BRS03,13100,kg,BD-PIHPS,,,,,"PIHPS Provinsi Bengkulu (rata-rata pasar tradisional), bukan harga Bengkulu Tengah"
2023-05-11,PHP17,BRS04,13300,kg,BD-PIHPS,,,,,"PIHPS Provinsi Bengkulu (rata-rata pasar tradisional), bukan harga Bengkulu Tengah"
2023-05-11,PHP17,BRS05,13750,kg,BD-PIHPS,,,,,"PIHPS Provinsi Bengkulu (rata-rata pasar tradisional), bukan harga Bengkulu Tengah"
2023-05-11,PHP17,BRS06,13850,kg,BD-PIHPS,,,,,"PIHPS Provinsi Bengkulu (rata-rata pasar tradisional), bukan harga Bengkulu Tengah"
2023-05-11,PHP17,BWM01,38650,kg,BD-PIHPS,,,,,"PIHPS Provinsi Bengkulu (rata-rata pasar tradisional), bukan harga Bengkulu Tengah"
2023-05-11,PHP17,BWP01,37150,kg,BD-PIHPS,,,,,"PIHPS Provinsi Bengkulu (rata-rata pasar tradisional), bukan harga Bengkulu Tengah"
2023-05-11,PHP17,CMR01,25500,kg,BD-PIHPS,,,,,"PIHPS Provinsi Bengkulu (rata-rata pasar tradisional), bukan harga Bengkulu Tengah"
2023-05-11,PHP17,CMR02,29750,kg,BD-PIHPS,,,,,"PIHPS Provinsi Bengkulu (rata-rata pasar tradisional), bukan harga Bengkulu Tengah"
2023-05-11,PHP17,CRW01,28400,kg,BD-PIHPS,,,,,"PIHPS Provinsi Bengkulu (rata-rata pasar tradisional), bukan harga Bengkulu Tengah"
2023-05-11,PHP17,CRW02,25000,kg,BD-PIHPS,,,,,"PIHPS Provinsi Bengkulu (rata-rata pasar tradisional), bukan harga Bengkulu Tengah"
2023-05-11,PHP17,DAY01,36400,kg,BD-PIHPS,,,,,"PIHPS Provinsi Bengkulu (rata-rata pasar tradisional), bukan harga Bengkulu Tengah"
2023-05-11,PHP17,DSP01,137500,kg,BD-PIHPS,,,,,"PIHPS Provinsi Bengkulu (rata-rata pasar tradisional), bukan harga Bengkulu Tengah"
2023-05-11,PHP17,DSP02,137500,kg,BD-PIHPS,,,,,"PIHPS Provinsi Bengkulu (rata-rata pasar tradisional), bukan harga Bengkulu Tengah"
2023-05-11,PHP17,GLP01,14150,kg,BD-PIHPS,,,,,"PIHPS Provinsi Bengkulu (rata-rata pasar tradisional), bukan harga Bengkulu Tengah"
2023-05-11,PHP17,GLP02,15200,kg,BD-PIHPS,,,,,"PIHPS Provinsi Bengkulu (rata-rata pasar tradisional), bukan harga Bengkulu Tengah"
2023-05-11,PHP17,MGR01,16000,liter,BD-PIHPS,,,,,"PIHPS Provinsi Bengkulu (rata-rata pasar tradisional), bukan harga Bengkulu Tengah"
2023-05-11,PHP17,MGR02,21450,liter,BD-PIHPS,,,,,"PIHPS Provinsi Bengkulu (rata-rata pasar tradisional), bukan harga Bengkulu Tengah"
2023-05-11,PHP17,MGR03,19500,liter,BD-PIHPS,,,,,"PIHPS Provinsi Bengkulu (rata-rata pasar tradisional), bukan harga Bengkulu Tengah"
2023-05-11,PHP17,TLR01,28200,kg,BD-PIHPS,,,,,"PIHPS Provinsi Bengkulu (rata-rata pasar tradisional), bukan harga Bengkulu Tengah"
2023-05-12,PHP17,BRS01,11650,kg,BD-PIHPS,,,,,"PIHPS Provinsi Bengkulu (rata-rata pasar tradisional), bukan harga Bengkulu Tengah"
2023-05-12,PHP17,BRS02,12900,kg,BD-PIHPS,,,,,"PIHPS Provinsi Bengkulu (rata-rata pasar tradisional), bukan harga Bengkulu Tengah"
2023-05-12,PHP17,BRS03,13100,kg,BD-PIHPS,,,,,"PIHPS Provinsi Bengkulu (rata-rata pasar tradisional), bukan harga Bengkulu Tengah"
2023-05-12,PHP17,BRS04,13300,kg,BD-PIHPS,,,,,"PIHPS Provinsi Bengkulu (rata-rata pasar tradisional), bukan harga Bengkulu Tengah"
2023-05-12,PHP17,BRS05,13750,kg,BD-PIHPS,,,,,"PIHPS Provinsi Bengkulu (rata-rata pasar tradisional), bukan harga Bengkulu Tengah"
2023-05-12,PHP17,BRS06,13850,kg,BD-PIHPS,,,,,"PIHPS Provinsi Bengkulu (rata-rata pasar tradisional), bukan harga Bengkulu Tengah"
2023-05-12,PHP17,BWM01,37900,kg,BD-PIHPS,,,,,"PIHPS Provinsi Bengkulu (rata-rata pasar tradisional), bukan harga Bengkulu Tengah"
2023-05-12,PHP17,BWP01,36900,kg,BD-PIHPS,,,,,"PIHPS Provinsi Bengkulu (rata-rata pasar tradisional), bukan harga Bengkulu Tengah"
2023-05-12,PHP17,CMR01,22650,kg,BD-PIHPS,,,,,"PIHPS Provinsi Bengkulu (rata-rata pasar tradisional), bukan harga Bengkulu Tengah"
2023-05-12,PHP17,CMR02,26150,kg,BD-PIHPS,,,,,"PIHPS Provinsi Bengkulu (rata-rata pasar tradisional), bukan harga Bengkulu Tengah"
2023-05-12,PHP17,CRW01,25650,kg,BD-PIHPS,,,,,"PIHPS Provinsi Bengkulu (rata-rata pasar tradisional), bukan harga Bengkulu Tengah"
2023-05-12,PHP17,CRW02,24400,kg,BD-PIHPS,,,,,"PIHPS Provinsi Bengkulu (rata-rata pasar tradisional), bukan harga Bengkulu Tengah"
2023-05-12,PHP17,DAY01,36650,kg,BD-PIHPS,,,,,"PIHPS Provinsi Bengkulu (rata-rata pasar tradisional), bukan harga Bengkulu Tengah"
2023-05-12,PHP17,DSP01,137500,kg,BD-PIHPS,,,,,"PIHPS Provinsi Bengkulu (rata-rata pasar tradisional), bukan harga Bengkulu Tengah"
2023-05-12,PHP17,DSP02,137500,kg,BD-PIHPS,,,,,"PIHPS Provinsi Bengkulu (rata-rata pasar tradisional), bukan harga Bengkulu Tengah"
2023-05-12,PHP17,GLP01,14150,kg,BD-PIHPS,,,,,"PIHPS Provinsi Bengkulu (rata-rata pasar tradisional), bukan harga Bengkulu Tengah"
2023-05-12,PHP17,GLP02,15200,kg,BD-PIHPS,,,,,"PIHPS Provinsi Bengkulu (rata-rata pasar tradisional), bukan harga Bengkulu Tengah"
2023-05-12,PHP17,MGR01,16000,liter,BD-PIHPS,,,,,"PIHPS Provinsi Bengkulu (rata-rata pasar tradisional), bukan harga Bengkulu Tengah"
2023-05-12,PHP17,MGR02,21450,liter,BD-PIHPS,,,,,"PIHPS Provinsi Bengkulu (rata-rata pasar tradisional), bukan harga Bengkulu Tengah"
2023-05-12,PHP17,MGR03,19500,liter,BD-PIHPS,,,,,"PIHPS Provinsi Bengkulu (rata-rata pasar tradisional), bukan harga Bengkulu Tengah"
2023-05-12,PHP17,TLR01,28200,kg,BD-PIHPS,,,,,"PIHPS Provinsi Bengkulu (rata-rata pasar tradisional), bukan harga Bengkulu Tengah"
2023-05-15,PHP17,BRS01,11650,kg,BD-PIHPS,,,,,"PIHPS Provinsi Bengkulu (rata-rata pasar tradisional), bukan harga Bengkulu Tengah"
2023-05-15,PHP17,BRS02,12900,kg,BD-PIHPS,,,,,"PIHPS Provinsi Bengkulu (rata-rata pasar tradisional), bukan harga Bengkulu Tengah"
2023-05-15,PHP17,BRS03,13100,kg,BD-PIHPS,,,,,"PIHPS Provinsi Bengkulu (rata-rata pasar tradisional), bukan harga Bengkulu Tengah"
2023-05-15,PHP17,BRS04,13300,kg,BD-PIHPS,,,,,"PIHPS Provinsi Bengkulu (rata-rata pasar tradisional), bukan harga Bengkulu Tengah"
2023-05-15,PHP17,BRS05,13750,kg,BD-PIHPS,,,,,"PIHPS Provinsi Bengkulu (rata-rata pasar tradisional), bukan harga Bengkulu Tengah"
2023-05-15,PHP17,BRS06,13850,kg,BD-PIHPS,,,,,"PIHPS Provinsi Bengkulu (rata-rata pasar tradisional), bukan harga Bengkulu Tengah"
2023-05-15,PHP17,BWM01,37150,kg,BD-PIHPS,,,,,"PIHPS Provinsi Bengkulu (rata-rata pasar tradisional), bukan harga Bengkulu Tengah"
2023-05-15,PHP17,BWP01,36900,kg,BD-PIHPS,,,,,"PIHPS Provinsi Bengkulu (rata-rata pasar tradisional), bukan harga Bengkulu Tengah"
2023-05-15,PHP17,CMR01,21650,kg,BD-PIHPS,,,,,"PIHPS Provinsi Bengkulu (rata-rata pasar tradisional), bukan harga Bengkulu Tengah"
2023-05-15,PHP17,CMR02,24650,kg,BD-PIHPS,,,,,"PIHPS Provinsi Bengkulu (rata-rata pasar tradisional), bukan harga Bengkulu Tengah"
2023-05-15,PHP17,CRW01,25400,kg,BD-PIHPS,,,,,"PIHPS Provinsi Bengkulu (rata-rata pasar tradisional), bukan harga Bengkulu Tengah"
2023-05-15,PHP17,CRW02,22550,kg,BD-PIHPS,,,,,"PIHPS Provinsi Bengkulu (rata-rata pasar tradisional), bukan harga Bengkulu Tengah"
2023-05-15,PHP17,DAY01,38150,kg,BD-PIHPS,,,,,"PIHPS Provinsi Bengkulu (rata-rata pasar tradisional), bukan harga Bengkulu Tengah"
2023-05-15,PHP17,DSP01,137500,kg,BD-PIHPS,,,,,"PIHPS Provinsi Bengkulu (rata-rata pasar tradisional), bukan harga Bengkulu Tengah"
2023-05-15,PHP17,DSP02,137500,kg,BD-PIHPS,,,,,"PIHPS Provinsi Bengkulu (rata-rata pasar tradisional), bukan harga Bengkulu Tengah"
2023-05-15,PHP17,GLP01,14150,kg,BD-PIHPS,,,,,"PIHPS Provinsi Bengkulu (rata-rata pasar tradisional), bukan harga Bengkulu Tengah"
2023-05-15,PHP17,GLP02,15200,kg,BD-PIHPS,,,,,"PIHPS Provinsi Bengkulu (rata-rata pasar tradisional), bukan harga Bengkulu Tengah"
2023-05-15,PHP17,MGR01,16000,liter,BD-PIHPS,,,,,"PIHPS Provinsi Bengkulu (rata-rata pasar tradisional), bukan harga Bengkulu Tengah"
2023-05-15,PHP17,MGR02,21450,liter,BD-PIHPS,,,,,"PIHPS Provinsi Bengkulu (rata-rata pasar tradisional), bukan harga Bengkulu Tengah"
2023-05-15,PHP17,MGR03,19500,liter,BD-PIHPS,,,,,"PIHPS Provinsi Bengkulu (rata-rata pasar tradisional), bukan harga Bengkulu Tengah"
2023-05-15,PHP17,TLR01,28200,kg,BD-PIHPS,,,,,"PIHPS Provinsi Bengkulu (rata-rata pasar tradisional), bukan harga Bengkulu Tengah"
2023-05-16,PHP17,BRS01,11650,kg,BD-PIHPS,,,,,"PIHPS Provinsi Bengkulu (rata-rata pasar tradisional), bukan harga Bengkulu Tengah"
2023-05-16,PHP17,BRS02,12900,kg,BD-PIHPS,,,,,"PIHPS Provinsi Bengkulu (rata-rata pasar tradisional), bukan harga Bengkulu Tengah"
2023-05-16,PHP17,BRS03,13100,kg,BD-PIHPS,,,,,"PIHPS Provinsi Bengkulu (rata-rata pasar tradisional), bukan harga Bengkulu Tengah"
2023-05-16,PHP17,BRS04,13300,kg,BD-PIHPS,,,,,"PIHPS Provinsi Bengkulu (rata-rata pasar tradisional), bukan harga Bengkulu Tengah"
2023-05-16,PHP17,BRS05,13750,kg,BD-PIHPS,,,,,"PIHPS Provinsi Bengkulu (rata-rata pasar tradisional), bukan harga Bengkulu Tengah"
2023-05-16,PHP17,BRS06,13850,kg,BD-PIHPS,,,,,"PIHPS Provinsi Bengkulu (rata-rata pasar tradisional), bukan harga Bengkulu Tengah"
2023-05-16,PHP17,BWM01,37150,kg,BD-PIHPS,,,,,"PIHPS Provinsi Bengkulu (rata-rata pasar tradisional), bukan harga Bengkulu Tengah"
2023-05-16,PHP17,BWP01,37000,kg,BD-PIHPS,,,,,"PIHPS Provinsi Bengkulu (rata-rata pasar tradisional), bukan harga Bengkulu Tengah"
2023-05-16,PHP17,CMR01,20000,kg,BD-PIHPS,,,,,"PIHPS Provinsi Bengkulu (rata-rata pasar tradisional), bukan harga Bengkulu Tengah"
2023-05-16,PHP17,CMR02,24400,kg,BD-PIHPS,,,,,"PIHPS Provinsi Bengkulu (rata-rata pasar tradisional), bukan harga Bengkulu Tengah"
2023-05-16,PHP17,CRW01,24650,kg,BD-PIHPS,,,,,"PIHPS Provinsi Bengkulu (rata-rata pasar tradisional), bukan harga Bengkulu Tengah"
2023-05-16,PHP17,CRW02,22100,kg,BD-PIHPS,,,,,"PIHPS Provinsi Bengkulu (rata-rata pasar tradisional), bukan harga Bengkulu Tengah"
2023-05-16,PHP17,DAY01,38250,kg,BD-PIHPS,,,,,"PIHPS Provinsi Bengkulu (rata-rata pasar tradisional), bukan harga Bengkulu Tengah"
2023-05-16,PHP17,DSP01,137500,kg,BD-PIHPS,,,,,"PIHPS Provinsi Bengkulu (rata-rata pasar tradisional), bukan harga Bengkulu Tengah"
2023-05-16,PHP17,DSP02,137500,kg,BD-PIHPS,,,,,"PIHPS Provinsi Bengkulu (rata-rata pasar tradisional), bukan harga Bengkulu Tengah"
2023-05-16,PHP17,GLP01,14150,kg,BD-PIHPS,,,,,"PIHPS Provinsi Bengkulu (rata-rata pasar tradisional), bukan harga Bengkulu Tengah"
2023-05-16,PHP17,GLP02,15200,kg,BD-PIHPS,,,,,"PIHPS Provinsi Bengkulu (rata-rata pasar tradisional), bukan harga Bengkulu Tengah"
2023-05-16,PHP17,MGR01,16000,liter,BD-PIHPS,,,,,"PIHPS Provinsi Bengkulu (rata-rata pasar tradisional), bukan harga Bengkulu Tengah"
2023-05-16,PHP17,MGR02,21450,liter,BD-PIHPS,,,,,"PIHPS Provinsi Bengkulu (rata-rata pasar tradisional), bukan harga Bengkulu Tengah"
2023-05-16,PHP17,MGR03,19500,liter,BD-PIHPS,,,,,"PIHPS Provinsi Bengkulu (rata-rata pasar tradisional), bukan harga Bengkulu Tengah"
2023-05-16,PHP17,TLR01,28200,kg,BD-PIHPS,,,,,"PIHPS Provinsi Bengkulu (rata-rata pasar tradisional), bukan harga Bengkulu Tengah"
2023-05-17,PHP17,BRS01,11650,kg,BD-PIHPS,,,,,"PIHPS Provinsi Bengkulu (rata-rata pasar tradisional), bukan harga Bengkulu Tengah"
2023-05-17,PHP17,BRS02,12900,kg,BD-PIHPS,,,,,"PIHPS Provinsi Bengkulu (rata-rata pasar tradisional), bukan harga Bengkulu Tengah"
2023-05-17,PHP17,BRS03,13100,kg,BD-PIHPS,,,,,"PIHPS Provinsi Bengkulu (rata-rata pasar tradisional), bukan harga Bengkulu Tengah"
2023-05-17,PHP17,BRS04,13300,kg,BD-PIHPS,,,,,"PIHPS Provinsi Bengkulu (rata-rata pasar tradisional), bukan harga Bengkulu Tengah"
2023-05-17,PHP17,BRS05,13750,kg,BD-PIHPS,,,,,"PIHPS Provinsi Bengkulu (rata-rata pasar tradisional), bukan harga Bengkulu Tengah"
2023-05-17,PHP17,BRS06,13850,kg,BD-PIHPS,,,,,"PIHPS Provinsi Bengkulu (rata-rata pasar tradisional), bukan harga Bengkulu Tengah"
2023-05-17,PHP17,BWM01,37650,kg,BD-PIHPS,,,,,"PIHPS Provinsi Bengkulu (rata-rata pasar tradisional), bukan harga Bengkulu Tengah"
2023-05-17,PHP17,BWP01,37750,kg,BD-PIHPS,,,,,"PIHPS Provinsi Bengkulu (rata-rata pasar tradisional), bukan harga Bengkulu Tengah"
2023-05-17,PHP17,CMR01,18900,kg,BD-PIHPS,,,,,"PIHPS Provinsi Bengkulu (rata-rata pasar tradisional), bukan harga Bengkulu Tengah"
2023-05-17,PHP17,CMR02,23400,kg,BD-PIHPS,,,,,"PIHPS Provinsi Bengkulu (rata-rata pasar tradisional), bukan harga Bengkulu Tengah"
2023-05-17,PHP17,CRW01,24900,kg,BD-PIHPS,,,,,"PIHPS Provinsi Bengkulu (rata-rata pasar tradisional), bukan harga Bengkulu Tengah"
2023-05-17,PHP17,CRW02,22700,kg,BD-PIHPS,,,,,"PIHPS Provinsi Bengkulu (rata-rata pasar tradisional), bukan harga Bengkulu Tengah"
2023-05-17,PHP17,DAY01,39750,kg,BD-PIHPS,,,,,"PIHPS Provinsi Bengkulu (rata-rata pasar tradisional), bukan harga Bengkulu Tengah"
2023-05-17,PHP17,DSP01,137500,kg,BD-PIHPS,,,,,"PIHPS Provinsi Bengkulu (rata-rata pasar tradisional), bukan harga Bengkulu Tengah"
2023-05-17,PHP17,DSP02,137500,kg,BD-PIHPS,,,,,"PIHPS Provinsi Bengkulu (rata-rata pasar tradisional), bukan harga Bengkulu Tengah"
2023-05-17,PHP17,GLP01,14150,kg,BD-PIHPS,,,,,"PIHPS Provinsi Bengkulu (rata-rata pasar tradisional), bukan harga Bengkulu Tengah"
2023-05-17,PHP17,GLP02,15200,kg,BD-PIHPS,,,,,"PIHPS Provinsi Bengkulu (rata-rata pasar tradisional), bukan harga Bengkulu Tengah"
2023-05-17,PHP17,MGR01,16000,liter,BD-PIHPS,,,,,"PIHPS Provinsi Bengkulu (rata-rata pasar tradisional), bukan harga Bengkulu Tengah"
2023-05-17,PHP17,MGR02,21450,liter,BD-PIHPS,,,,,"PIHPS Provinsi Bengkulu (rata-rata pasar tradisional), bukan harga Bengkulu Tengah"
2023-05-17,PHP17,MGR03,19500,liter,BD-PIHPS,,,,,"PIHPS Provinsi Bengkulu (rata-rata pasar tradisional), bukan harga Bengkulu Tengah"
2023-05-17,PHP17,TLR01,28600,kg,BD-PIHPS,,,,,"PIHPS Provinsi Bengkulu (rata-rata pasar tradisional), bukan harga Bengkulu Tengah"
2023-05-18,PHP17,BRS01,11650,kg,BD-PIHPS,,,,,"PIHPS Provinsi Bengkulu (rata-rata pasar tradisional), bukan harga Bengkulu Tengah"
2023-05-18,PHP17,BRS02,12900,kg,BD-PIHPS,,,,,"PIHPS Provinsi Bengkulu (rata-rata pasar tradisional), bukan harga Bengkulu Tengah"
2023-05-18,PHP17,BRS03,13100,kg,BD-PIHPS,,,,,"PIHPS Provinsi Bengkulu (rata-rata pasar tradisional), bukan harga Bengkulu Tengah"
2023-05-18,PHP17,BRS04,13300,kg,BD-PIHPS,,,,,"PIHPS Provinsi Bengkulu (rata-rata pasar tradisional), bukan harga Bengkulu Tengah"
2023-05-18,PHP17,BRS05,13750,kg,BD-PIHPS,,,,,"PIHPS Provinsi Bengkulu (rata-rata pasar tradisional), bukan harga Bengkulu Tengah"
2023-05-18,PHP17,BRS06,13850,kg,BD-PIHPS,,,,,"PIHPS Provinsi Bengkulu (rata-rata pasar tradisional), bukan harga Bengkulu Tengah"
2023-05-18,PHP17,BWM01,37650,kg,BD-PIHPS,,,,,"PIHPS Provinsi Bengkulu (rata-rata pasar tradisional), bukan harga Bengkulu Tengah"
2023-05-18,PHP17,BWP01,37750,kg,BD-PIHPS,,,,,"PIHPS Provinsi Bengkulu (rata-rata pasar tradisional), bukan harga Bengkulu Tengah"
2023-05-18,PHP17,CMR01,18900,kg,BD-PIHPS,,,,,"PIHPS Provinsi Bengkulu (rata-rata pasar tradisional), bukan harga Bengkulu Tengah"
2023-05-18,PHP17,CMR02,23400,kg,BD-PIHPS,,,,,"PIHPS Provinsi Bengkulu (rata-rata pasar tradisional), bukan harga Bengkulu Tengah"
2023-05-18,PHP17,CRW01,24900,kg,BD-PIHPS,,,,,"PIHPS Provinsi Bengkulu (rata-rata pasar tradisional), bukan harga Bengkulu Tengah"
2023-05-18,PHP17,CRW02,22700,kg,BD-PIHPS,,,,,"PIHPS Provinsi Bengkulu (rata-rata pasar tradisional), bukan harga Bengkulu Tengah"
2023-05-18,PHP17,DAY01,39750,kg,BD-PIHPS,,,,,"PIHPS Provinsi Bengkulu (rata-rata pasar tradisional), bukan harga Bengkulu Tengah"
2023-05-18,PHP17,DSP01,137500,kg,BD-PIHPS,,,,,"PIHPS Provinsi Bengkulu (rata-rata pasar tradisional), bukan harga Bengkulu Tengah"
2023-05-18,PHP17,DSP02,137500,kg,BD-PIHPS,,,,,"PIHPS Provinsi Bengkulu (rata-rata pasar tradisional), bukan harga Bengkulu Tengah"
2023-05-18,PHP17,GLP01,14150,kg,BD-PIHPS,,,,,"PIHPS Provinsi Bengkulu (rata-rata pasar tradisional), bukan harga Bengkulu Tengah"
2023-05-18,PHP17,GLP02,15200,kg,BD-PIHPS,,,,,"PIHPS Provinsi Bengkulu (rata-rata pasar tradisional), bukan harga Bengkulu Tengah"
2023-05-18,PHP17,MGR01,16000,liter,BD-PIHPS,,,,,"PIHPS Provinsi Bengkulu (rata-rata pasar tradisional), bukan harga Bengkulu Tengah"
2023-05-18,PHP17,MGR02,21450,liter,BD-PIHPS,,,,,"PIHPS Provinsi Bengkulu (rata-rata pasar tradisional), bukan harga Bengkulu Tengah"
2023-05-18,PHP17,MGR03,19500,liter,BD-PIHPS,,,,,"PIHPS Provinsi Bengkulu (rata-rata pasar tradisional), bukan harga Bengkulu Tengah"
2023-05-18,PHP17,TLR01,28600,kg,BD-PIHPS,,,,,"PIHPS Provinsi Bengkulu (rata-rata pasar tradisional), bukan harga Bengkulu Tengah"
2023-05-19,PHP17,BRS01,11650,kg,BD-PIHPS,,,,,"PIHPS Provinsi Bengkulu (rata-rata pasar tradisional), bukan harga Bengkulu Tengah"
2023-05-19,PHP17,BRS02,12900,kg,BD-PIHPS,,,,,"PIHPS Provinsi Bengkulu (rata-rata pasar tradisional), bukan harga Bengkulu Tengah"
2023-05-19,PHP17,BRS03,13100,kg,BD-PIHPS,,,,,"PIHPS Provinsi Bengkulu (rata-rata pasar tradisional), bukan harga Bengkulu Tengah"
2023-05-19,PHP17,BRS04,13300,kg,BD-PIHPS,,,,,"PIHPS Provinsi Bengkulu (rata-rata pasar tradisional), bukan harga Bengkulu Tengah"
2023-05-19,PHP17,BRS05,13750,kg,BD-PIHPS,,,,,"PIHPS Provinsi Bengkulu (rata-rata pasar tradisional), bukan harga Bengkulu Tengah"
2023-05-19,PHP17,BRS06,13850,kg,BD-PIHPS,,,,,"PIHPS Provinsi Bengkulu (rata-rata pasar tradisional), bukan harga Bengkulu Tengah"
2023-05-19,PHP17,BWM01,37000,kg,BD-PIHPS,,,,,"PIHPS Provinsi Bengkulu (rata-rata pasar tradisional), bukan harga Bengkulu Tengah"
2023-05-19,PHP17,BWP01,37750,kg,BD-PIHPS,,,,,"PIHPS Provinsi Bengkulu (rata-rata pasar tradisional), bukan harga Bengkulu Tengah"
2023-05-19,PHP17,CMR01,18400,kg,BD-PIHPS,,,,,"PIHPS Provinsi Bengkulu (rata-rata pasar tradisional), bukan harga Bengkulu Tengah"
2023-05-19,PHP17,CMR02,23400,kg,BD-PIHPS,,,,,"PIHPS Provinsi Bengkulu (rata-rata pasar tradisional), bukan harga Bengkulu Tengah"
2023-05-19,PHP17,CRW01,24900,kg,BD-PIHPS,,,,,"PIHPS Provinsi Bengkulu (rata-rata pasar tradisional), bukan harga Bengkulu Tengah"
2023-05-19,PHP17,CRW02,22700,kg,BD-PIHPS,,,,,"PIHPS Provinsi Bengkulu (rata-rata pasar tradisional), bukan harga Bengkulu Tengah"
2023-05-19,PHP17,DAY01,39750,kg,BD-PIHPS,,,,,"PIHPS Provinsi Bengkulu (rata-rata pasar tradisional), bukan harga Bengkulu Tengah"
2023-05-19,PHP17,DSP01,137500,kg,BD-PIHPS,,,,,"PIHPS Provinsi Bengkulu (rata-rata pasar tradisional), bukan harga Bengkulu Tengah"
2023-05-19,PHP17,DSP02,137500,kg,BD-PIHPS,,,,,"PIHPS Provinsi Bengkulu (rata-rata pasar tradisional), bukan harga Bengkulu Tengah"
2023-05-19,PHP17,GLP01,14150,kg,BD-PIHPS,,,,,"PIHPS Provinsi Bengkulu (rata-rata pasar tradisional), bukan harga Bengkulu Tengah"
2023-05-19,PHP17,GLP02,15200,kg,BD-PIHPS,,,,,"PIHPS Provinsi Bengkulu (rata-rata pasar tradisional), bukan harga Bengkulu Tengah"
2023-05-19,PHP17,MGR01,16000,liter,BD-PIHPS,,,,,"PIHPS Provinsi Bengkulu (rata-rata pasar tradisional), bukan harga Bengkulu Tengah"
2023-05-19,PHP17,MGR02,21450,liter,BD-PIHPS,,,,,"PIHPS Provinsi Bengkulu (rata-rata pasar tradisional), bukan harga Bengkulu Tengah"
2023-05-19,PHP17,MGR03,19500,liter,BD-PIHPS,,,,,"PIHPS Provinsi Bengkulu (rata-rata pasar tradisional), bukan harga Bengkulu Tengah"
2023-05-19,PHP17,TLR01,28900,kg,BD-PIHPS,,,,,"PIHPS Provinsi Bengkulu (rata-rata pasar tradisional), bukan harga Bengkulu Tengah"
2023-05-22,PHP17,BRS01,11650,kg,BD-PIHPS,,,,,"PIHPS Provinsi Bengkulu (rata-rata pasar tradisional), bukan harga Bengkulu Tengah"
2023-05-22,PHP17,BRS02,12900,kg,BD-PIHPS,,,,,"PIHPS Provinsi Bengkulu (rata-rata pasar tradisional), bukan harga Bengkulu Tengah"
2023-05-22,PHP17,BRS03,13100,kg,BD-PIHPS,,,,,"PIHPS Provinsi Bengkulu (rata-rata pasar tradisional), bukan harga Bengkulu Tengah"
2023-05-22,PHP17,BRS04,13300,kg,BD-PIHPS,,,,,"PIHPS Provinsi Bengkulu (rata-rata pasar tradisional), bukan harga Bengkulu Tengah"
2023-05-22,PHP17,BRS05,13750,kg,BD-PIHPS,,,,,"PIHPS Provinsi Bengkulu (rata-rata pasar tradisional), bukan harga Bengkulu Tengah"
2023-05-22,PHP17,BRS06,13850,kg,BD-PIHPS,,,,,"PIHPS Provinsi Bengkulu (rata-rata pasar tradisional), bukan harga Bengkulu Tengah"
2023-05-22,PHP17,BWM01,35750,kg,BD-PIHPS,,,,,"PIHPS Provinsi Bengkulu (rata-rata pasar tradisional), bukan harga Bengkulu Tengah"
2023-05-22,PHP17,BWP01,37400,kg,BD-PIHPS,,,,,"PIHPS Provinsi Bengkulu (rata-rata pasar tradisional), bukan harga Bengkulu Tengah"
2023-05-22,PHP17,CMR01,18000,kg,BD-PIHPS,,,,,"PIHPS Provinsi Bengkulu (rata-rata pasar tradisional), bukan harga Bengkulu Tengah"
2023-05-22,PHP17,CMR02,22750,kg,BD-PIHPS,,,,,"PIHPS Provinsi Bengkulu (rata-rata pasar tradisional), bukan harga Bengkulu Tengah"
2023-05-22,PHP17,CRW01,25000,kg,BD-PIHPS,,,,,"PIHPS Provinsi Bengkulu (rata-rata pasar tradisional), bukan harga Bengkulu Tengah"
2023-05-22,PHP17,CRW02,22350,kg,BD-PIHPS,,,,,"PIHPS Provinsi Bengkulu (rata-rata pasar tradisional), bukan harga Bengkulu Tengah"
2023-05-22,PHP17,DAY01,40000,kg,BD-PIHPS,,,,,"PIHPS Provinsi Bengkulu (rata-rata pasar tradisional), bukan harga Bengkulu Tengah"
2023-05-22,PHP17,DSP01,137500,kg,BD-PIHPS,,,,,"PIHPS Provinsi Bengkulu (rata-rata pasar tradisional), bukan harga Bengkulu Tengah"
2023-05-22,PHP17,DSP02,137500,kg,BD-PIHPS,,,,,"PIHPS Provinsi Bengkulu (rata-rata pasar tradisional), bukan harga Bengkulu Tengah"
2023-05-22,PHP17,GLP01,14150,kg,BD-PIHPS,,,,,"PIHPS Provinsi Bengkulu (rata-rata pasar tradisional), bukan harga Bengkulu Tengah"
2023-05-22,PHP17,GLP02,15200,kg,BD-PIHPS,,,,,"PIHPS Provinsi Bengkulu (rata-rata pasar tradisional), bukan harga Bengkulu Tengah"
2023-05-22,PHP17,MGR01,16000,liter,BD-PIHPS,,,,,"PIHPS Provinsi Bengkulu (rata-rata pasar tradisional), bukan harga Bengkulu Tengah"
2023-05-22,PHP17,MGR02,21450,liter,BD-PIHPS,,,,,"PIHPS Provinsi Bengkulu (rata-rata pasar tradisional), bukan harga Bengkulu Tengah"
2023-05-22,PHP17,MGR03,19500,liter,BD-PIHPS,,,,,"PIHPS Provinsi Bengkulu (rata-rata pasar tradisional), bukan harga Bengkulu Tengah"
2023-05-22,PHP17,TLR01,28800,kg,BD-PIHPS,,,,,"PIHPS Provinsi Bengkulu (rata-rata pasar tradisional), bukan harga Bengkulu Tengah"
2023-05-23,PHP17,BRS01,11700,kg,BD-PIHPS,,,,,"PIHPS Provinsi Bengkulu (rata-rata pasar tradisional), bukan harga Bengkulu Tengah"
2023-05-23,PHP17,BRS02,12900,kg,BD-PIHPS,,,,,"PIHPS Provinsi Bengkulu (rata-rata pasar tradisional), bukan harga Bengkulu Tengah"
2023-05-23,PHP17,BRS03,13200,kg,BD-PIHPS,,,,,"PIHPS Provinsi Bengkulu (rata-rata pasar tradisional), bukan harga Bengkulu Tengah"
2023-05-23,PHP17,BRS04,13400,kg,BD-PIHPS,,,,,"PIHPS Provinsi Bengkulu (rata-rata pasar tradisional), bukan harga Bengkulu Tengah"
2023-05-23,PHP17,BRS05,13850,kg,BD-PIHPS,,,,,"PIHPS Provinsi Bengkulu (rata-rata pasar tradisional), bukan harga Bengkulu Tengah"
2023-05-23,PHP17,BRS06,13850,kg,BD-PIHPS,,,,,"PIHPS Provinsi Bengkulu (rata-rata pasar tradisional), bukan harga Bengkulu Tengah"
2023-05-23,PHP17,BWM01,35250,kg,BD-PIHPS,,,,,"PIHPS Provinsi Bengkulu (rata-rata pasar tradisional), bukan harga Bengkulu Tengah"
2023-05-23,PHP17,BWP01,37400,kg,BD-PIHPS,,,,,"PIHPS Provinsi Bengkulu (rata-rata pasar tradisional), bukan harga Bengkulu Tengah"
2023-05-23,PHP17,CMR01,17750,kg,BD-PIHPS,,,,,"PIHPS Provinsi Bengkulu (rata-rata pasar tradisional), bukan harga Bengkulu Tengah"
2023-05-23,PHP17,CMR02,22400,kg,BD-PIHPS,,,,,"PIHPS Provinsi Bengkulu (rata-rata pasar tradisional), bukan harga Bengkulu Tengah"
2023-05-23,PHP17,CRW01,24500,kg,BD-PIHPS,,,,,"PIHPS Provinsi Bengkulu (rata-rata pasar tradisional), bukan harga Bengkulu Tengah"
2023-05-23,PHP17,CRW02,22350,kg,BD-PIHPS,,,,,"PIHPS Provinsi Bengkulu (rata-rata pasar tradisional), bukan harga Bengkulu Tengah"
2023-05-23,PHP17,DAY01,40000,kg,BD-PIHPS,,,,,"PIHPS Provinsi Bengkulu (rata-rata pasar tradisional), bukan harga Bengkulu Tengah"
2023-05-23,PHP17,DSP01,137500,kg,BD-PIHPS,,,,,"PIHPS Provinsi Bengkulu (rata-rata pasar tradisional), bukan harga Bengkulu Tengah"
2023-05-23,PHP17,DSP02,137500,kg,BD-PIHPS,,,,,"PIHPS Provinsi Bengkulu (rata-rata pasar tradisional), bukan harga Bengkulu Tengah"
2023-05-23,PHP17,GLP01,14150,kg,BD-PIHPS,,,,,"PIHPS Provinsi Bengkulu (rata-rata pasar tradisional), bukan harga Bengkulu Tengah"
2023-05-23,PHP17,GLP02,15200,kg,BD-PIHPS,,,,,"PIHPS Provinsi Bengkulu (rata-rata pasar tradisional), bukan harga Bengkulu Tengah"
2023-05-23,PHP17,MGR01,16000,liter,BD-PIHPS,,,,,"PIHPS Provinsi Bengkulu (rata-rata pasar tradisional), bukan harga Bengkulu Tengah"
2023-05-23,PHP17,MGR02,21450,liter,BD-PIHPS,,,,,"PIHPS Provinsi Bengkulu (rata-rata pasar tradisional), bukan harga Bengkulu Tengah"
2023-05-23,PHP17,MGR03,19500,liter,BD-PIHPS,,,,,"PIHPS Provinsi Bengkulu (rata-rata pasar tradisional), bukan harga Bengkulu Tengah"
2023-05-23,PHP17,TLR01,28800,kg,BD-PIHPS,,,,,"PIHPS Provinsi Bengkulu (rata-rata pasar tradisional), bukan harga Bengkulu Tengah"
2023-05-24,PHP17,BRS01,11700,kg,BD-PIHPS,,,,,"PIHPS Provinsi Bengkulu (rata-rata pasar tradisional), bukan harga Bengkulu Tengah"
2023-05-24,PHP17,BRS02,12900,kg,BD-PIHPS,,,,,"PIHPS Provinsi Bengkulu (rata-rata pasar tradisional), bukan harga Bengkulu Tengah"
2023-05-24,PHP17,BRS03,13200,kg,BD-PIHPS,,,,,"PIHPS Provinsi Bengkulu (rata-rata pasar tradisional), bukan harga Bengkulu Tengah"
2023-05-24,PHP17,BRS04,13400,kg,BD-PIHPS,,,,,"PIHPS Provinsi Bengkulu (rata-rata pasar tradisional), bukan harga Bengkulu Tengah"
2023-05-24,PHP17,BRS05,13850,kg,BD-PIHPS,,,,,"PIHPS Provinsi Bengkulu (rata-rata pasar tradisional), bukan harga Bengkulu Tengah"
2023-05-24,PHP17,BRS06,13850,kg,BD-PIHPS,,,,,"PIHPS Provinsi Bengkulu (rata-rata pasar tradisional), bukan harga Bengkulu Tengah"
2023-05-24,PHP17,BWM01,35000,kg,BD-PIHPS,,,,,"PIHPS Provinsi Bengkulu (rata-rata pasar tradisional), bukan harga Bengkulu Tengah"
2023-05-24,PHP17,BWP01,38150,kg,BD-PIHPS,,,,,"PIHPS Provinsi Bengkulu (rata-rata pasar tradisional), bukan harga Bengkulu Tengah"
2023-05-24,PHP17,CMR01,17650,kg,BD-PIHPS,,,,,"PIHPS Provinsi Bengkulu (rata-rata pasar tradisional), bukan harga Bengkulu Tengah"
2023-05-24,PHP17,CMR02,22150,kg,BD-PIHPS,,,,,"PIHPS Provinsi Bengkulu (rata-rata pasar tradisional), bukan harga Bengkulu Tengah"
2023-05-24,PHP17,CRW01,25150,kg,BD-PIHPS,,,,,"PIHPS Provinsi Bengkulu (rata-rata pasar tradisional), bukan harga Bengkulu Tengah"
2023-05-24,PHP17,CRW02,21950,kg,BD-PIHPS,,,,,"PIHPS Provinsi Bengkulu (rata-rata pasar tradisional), bukan harga Bengkulu Tengah"
2023-05-24,PHP17,DAY01,38650,kg,BD-PIHPS,,,,,"PIHPS Provinsi Bengkulu (rata-rata pasar tradisional), bukan harga Bengkulu Tengah"
2023-05-24,PHP17,DSP01,137500,kg,BD-PIHPS,,,,,"PIHPS Provinsi Bengkulu (rata-rata pasar tradisional), bukan harga Bengkulu Tengah"
2023-05-24,PHP17,DSP02,137500,kg,BD-PIHPS,,,,,"PIHPS Provinsi Bengkulu (rata-rata pasar tradisional), bukan harga Bengkulu Tengah"
2023-05-24,PHP17,GLP01,14150,kg,BD-PIHPS,,,,,"PIHPS Provinsi Bengkulu (rata-rata pasar tradisional), bukan harga Bengkulu Tengah"
2023-05-24,PHP17,GLP02,15200,kg,BD-PIHPS,,,,,"PIHPS Provinsi Bengkulu (rata-rata pasar tradisional), bukan harga Bengkulu Tengah"
2023-05-24,PHP17,MGR01,16000,liter,BD-PIHPS,,,,,"PIHPS Provinsi Bengkulu (rata-rata pasar tradisional), bukan harga Bengkulu Tengah"
2023-05-24,PHP17,MGR02,21450,liter,BD-PIHPS,,,,,"PIHPS Provinsi Bengkulu (rata-rata pasar tradisional), bukan harga Bengkulu Tengah"
2023-05-24,PHP17,MGR03,19500,liter,BD-PIHPS,,,,,"PIHPS Provinsi Bengkulu (rata-rata pasar tradisional), bukan harga Bengkulu Tengah"
2023-05-24,PHP17,TLR01,28800,kg,BD-PIHPS,,,,,"PIHPS Provinsi Bengkulu (rata-rata pasar tradisional), bukan harga Bengkulu Tengah"
2023-05-25,PHP17,BRS01,11700,kg,BD-PIHPS,,,,,"PIHPS Provinsi Bengkulu (rata-rata pasar tradisional), bukan harga Bengkulu Tengah"
2023-05-25,PHP17,BRS02,12900,kg,BD-PIHPS,,,,,"PIHPS Provinsi Bengkulu (rata-rata pasar tradisional), bukan harga Bengkulu Tengah"
2023-05-25,PHP17,BRS03,13200,kg,BD-PIHPS,,,,,"PIHPS Provinsi Bengkulu (rata-rata pasar tradisional), bukan harga Bengkulu Tengah"
2023-05-25,PHP17,BRS04,13400,kg,BD-PIHPS,,,,,"PIHPS Provinsi Bengkulu (rata-rata pasar tradisional), bukan harga Bengkulu Tengah"
2023-05-25,PHP17,BRS05,13850,kg,BD-PIHPS,,,,,"PIHPS Provinsi Bengkulu (rata-rata pasar tradisional), bukan harga Bengkulu Tengah"
2023-05-25,PHP17,BRS06,13850,kg,BD-PIHPS,,,,,"PIHPS Provinsi Bengkulu (rata-rata pasar tradisional), bukan harga Bengkulu Tengah"
2023-05-25,PHP17,BWM01,34650,kg,BD-PIHPS,,,,,"PIHPS Provinsi Bengkulu (rata-rata pasar tradisional), bukan harga Bengkulu Tengah"
2023-05-25,PHP17,BWP01,38400,kg,BD-PIHPS,,,,,"PIHPS Provinsi Bengkulu (rata-rata pasar tradisional), bukan harga Bengkulu Tengah"
2023-05-25,PHP17,CMR01,17650,kg,BD-PIHPS,,,,,"PIHPS Provinsi Bengkulu (rata-rata pasar tradisional), bukan harga Bengkulu Tengah"
2023-05-25,PHP17,CMR02,22150,kg,BD-PIHPS,,,,,"PIHPS Provinsi Bengkulu (rata-rata pasar tradisional), bukan harga Bengkulu Tengah"
2023-05-25,PHP17,CRW01,25400,kg,BD-PIHPS,,,,,"PIHPS Provinsi Bengkulu (rata-rata pasar tradisional), bukan harga Bengkulu Tengah"
2023-05-25,PHP17,CRW02,21400,kg,BD-PIHPS,,,,,"PIHPS Provinsi Bengkulu (rata-rata pasar tradisional), bukan harga Bengkulu Tengah"
2023-05-25,PHP17,DAY01,38650,kg,BD-PIHPS,,,,,"PIHPS Provinsi Bengkulu (rata-rata pasar tradisional), bukan harga Bengkulu Tengah"
2023-05-25,PHP17,DSP01,137500,kg,BD-PIHPS,,,,,"PIHPS Provinsi Bengkulu (rata-rata pasar tradisional), bukan harga Bengkulu Tengah"
2023-05-25,PHP17,DSP02,137500,kg,BD-PIHPS,,,,,"PIHPS Provinsi Bengkulu (rata-rata pasar tradisional), bukan harga Bengkulu Tengah"
2023-05-25,PHP17,GLP01,14150,kg,BD-PIHPS,,,,,"PIHPS Provinsi Bengkulu (rata-rata pasar tradisional), bukan harga Bengkulu Tengah"
2023-05-25,PHP17,GLP02,15200,kg,BD-PIHPS,,,,,"PIHPS Provinsi Bengkulu (rata-rata pasar tradisional), bukan harga Bengkulu Tengah"
2023-05-25,PHP17,MGR01,16000,liter,BD-PIHPS,,,,,"PIHPS Provinsi Bengkulu (rata-rata pasar tradisional), bukan harga Bengkulu Tengah"
2023-05-25,PHP17,MGR02,21450,liter,BD-PIHPS,,,,,"PIHPS Provinsi Bengkulu (rata-rata pasar tradisional), bukan harga Bengkulu Tengah"
2023-05-25,PHP17,MGR03,19500,liter,BD-PIHPS,,,,,"PIHPS Provinsi Bengkulu (rata-rata pasar tradisional), bukan harga Bengkulu Tengah"
2023-05-25,PHP17,TLR01,28850,kg,BD-PIHPS,,,,,"PIHPS Provinsi Bengkulu (rata-rata pasar tradisional), bukan harga Bengkulu Tengah"
2023-05-26,PHP17,BRS01,11700,kg,BD-PIHPS,,,,,"PIHPS Provinsi Bengkulu (rata-rata pasar tradisional), bukan harga Bengkulu Tengah"
2023-05-26,PHP17,BRS02,12900,kg,BD-PIHPS,,,,,"PIHPS Provinsi Bengkulu (rata-rata pasar tradisional), bukan harga Bengkulu Tengah"
2023-05-26,PHP17,BRS03,13200,kg,BD-PIHPS,,,,,"PIHPS Provinsi Bengkulu (rata-rata pasar tradisional), bukan harga Bengkulu Tengah"
2023-05-26,PHP17,BRS04,13400,kg,BD-PIHPS,,,,,"PIHPS Provinsi Bengkulu (rata-rata pasar tradisional), bukan harga Bengkulu Tengah"
2023-05-26,PHP17,BRS05,13850,kg,BD-PIHPS,,,,,"PIHPS Provinsi Bengkulu (rata-rata pasar tradisional), bukan harga Bengkulu Tengah"
2023-05-26,PHP17,BRS06,13850,kg,BD-PIHPS,,,,,"PIHPS Provinsi Bengkulu (rata-rata pasar tradisional), bukan harga Bengkulu Tengah"
2023-05-26,PHP17,BWM01,35150,kg,BD-PIHPS,,,,,"PIHPS Provinsi Bengkulu (rata-rata pasar tradisional), bukan harga Bengkulu Tengah"
2023-05-26,PHP17,BWP01,37900,kg,BD-PIHPS,,,,,"PIHPS Provinsi Bengkulu (rata-rata pasar tradisional), bukan harga Bengkulu Tengah"
2023-05-26,PHP17,CMR01,17750,kg,BD-PIHPS,,,,,"PIHPS Provinsi Bengkulu (rata-rata pasar tradisional), bukan harga Bengkulu Tengah"
2023-05-26,PHP17,CMR02,21900,kg,BD-PIHPS,,,,,"PIHPS Provinsi Bengkulu (rata-rata pasar tradisional), bukan harga Bengkulu Tengah"
2023-05-26,PHP17,CRW01,26250,kg,BD-PIHPS,,,,,"PIHPS Provinsi Bengkulu (rata-rata pasar tradisional), bukan harga Bengkulu Tengah"
2023-05-26,PHP17,CRW02,22550,kg,BD-PIHPS,,,,,"PIHPS Provinsi Bengkulu (rata-rata pasar tradisional), bukan harga Bengkulu Tengah"
2023-05-26,PHP17,DAY01,38400,kg,BD-PIHPS,,,,,"PIHPS Provinsi Bengkulu (rata-rata pasar tradisional), bukan harga Bengkulu Tengah"
2023-05-26,PHP17,DSP01,137500,kg,BD-PIHPS,,,,,"PIHPS Provinsi Bengkulu (rata-rata pasar tradisional), bukan harga Bengkulu Tengah"
2023-05-26,PHP17,DSP02,137500,kg,BD-PIHPS,,,,,"PIHPS Provinsi Bengkulu (rata-rata pasar tradisional), bukan harga Bengkulu Tengah"
2023-05-26,PHP17,GLP01,14150,kg,BD-PIHPS,,,,,"PIHPS Provinsi Bengkulu (rata-rata pasar tradisional), bukan harga Bengkulu Tengah"
2023-05-26,PHP17,GLP02,15200,kg,BD-PIHPS,,,,,"PIHPS Provinsi Bengkulu (rata-rata pasar tradisional), bukan harga Bengkulu Tengah"
2023-05-26,PHP17,MGR01,16000,liter,BD-PIHPS,,,,,"PIHPS Provinsi Bengkulu (rata-rata pasar tradisional), bukan harga Bengkulu Tengah"
2023-05-26,PHP17,MGR02,21450,liter,BD-PIHPS,,,,,"PIHPS Provinsi Bengkulu (rata-rata pasar tradisional), bukan harga Bengkulu Tengah"
2023-05-26,PHP17,MGR03,19500,liter,BD-PIHPS,,,,,"PIHPS Provinsi Bengkulu (rata-rata pasar tradisional), bukan harga Bengkulu Tengah"
2023-05-26,PHP17,TLR01,28850,kg,BD-PIHPS,,,,,"PIHPS Provinsi Bengkulu (rata-rata pasar tradisional), bukan harga Bengkulu Tengah"
2023-05-29,PHP17,BRS01,11700,kg,BD-PIHPS,,,,,"PIHPS Provinsi Bengkulu (rata-rata pasar tradisional), bukan harga Bengkulu Tengah"
2023-05-29,PHP17,BRS02,12900,kg,BD-PIHPS,,,,,"PIHPS Provinsi Bengkulu (rata-rata pasar tradisional), bukan harga Bengkulu Tengah"
2023-05-29,PHP17,BRS03,13200,kg,BD-PIHPS,,,,,"PIHPS Provinsi Bengkulu (rata-rata pasar tradisional), bukan harga Bengkulu Tengah"
2023-05-29,PHP17,BRS04,13400,kg,BD-PIHPS,,,,,"PIHPS Provinsi Bengkulu (rata-rata pasar tradisional), bukan harga Bengkulu Tengah"
2023-05-29,PHP17,BRS05,13850,kg,BD-PIHPS,,,,,"PIHPS Provinsi Bengkulu (rata-rata pasar tradisional), bukan harga Bengkulu Tengah"
2023-05-29,PHP17,BRS06,13850,kg,BD-PIHPS,,,,,"PIHPS Provinsi Bengkulu (rata-rata pasar tradisional), bukan harga Bengkulu Tengah"
2023-05-29,PHP17,BWM01,35900,kg,BD-PIHPS,,,,,"PIHPS Provinsi Bengkulu (rata-rata pasar tradisional), bukan harga Bengkulu Tengah"
2023-05-29,PHP17,BWP01,39400,kg,BD-PIHPS,,,,,"PIHPS Provinsi Bengkulu (rata-rata pasar tradisional), bukan harga Bengkulu Tengah"
2023-05-29,PHP17,CMR01,19000,kg,BD-PIHPS,,,,,"PIHPS Provinsi Bengkulu (rata-rata pasar tradisional), bukan harga Bengkulu Tengah"
2023-05-29,PHP17,CMR02,23150,kg,BD-PIHPS,,,,,"PIHPS Provinsi Bengkulu (rata-rata pasar tradisional), bukan harga Bengkulu Tengah"
2023-05-29,PHP17,CRW01,26900,kg,BD-PIHPS,,,,,"PIHPS Provinsi Bengkulu (rata-rata pasar tradisional), bukan harga Bengkulu Tengah"
2023-05-29,PHP17,CRW02,23350,kg,BD-PIHPS,,,,,"PIHPS Provinsi Bengkulu (rata-rata pasar tradisional), bukan harga Bengkulu Tengah"
2023-05-29,PHP17,DAY01,37900,kg,BD-PIHPS,,,,,"PIHPS Provinsi Bengkulu (rata-rata pasar tradisional), bukan harga Bengkulu Tengah"
2023-05-29,PHP17,DSP01,137500,kg,BD-PIHPS,,,,,"PIHPS Provinsi Bengkulu (rata-rata pasar tradisional), bukan harga Bengkulu Tengah"
2023-05-29,PHP17,DSP02,137500,kg,BD-PIHPS,,,,,"PIHPS Provinsi Bengkulu (rata-rata pasar tradisional), bukan harga Bengkulu Tengah"
2023-05-29,PHP17,GLP01,14150,kg,BD-PIHPS,,,,,"PIHPS Provinsi Bengkulu (rata-rata pasar tradisional), bukan harga Bengkulu Tengah"
2023-05-29,PHP17,GLP02,15200,kg,BD-PIHPS,,,,,"PIHPS Provinsi Bengkulu (rata-rata pasar tradisional), bukan harga Bengkulu Tengah"
2023-05-29,PHP17,MGR01,16000,liter,BD-PIHPS,,,,,"PIHPS Provinsi Bengkulu (rata-rata pasar tradisional), bukan harga Bengkulu Tengah"
2023-05-29,PHP17,MGR02,21450,liter,BD-PIHPS,,,,,"PIHPS Provinsi Bengkulu (rata-rata pasar tradisional), bukan harga Bengkulu Tengah"
2023-05-29,PHP17,MGR03,19500,liter,BD-PIHPS,,,,,"PIHPS Provinsi Bengkulu (rata-rata pasar tradisional), bukan harga Bengkulu Tengah"
2023-05-29,PHP17,TLR01,28850,kg,BD-PIHPS,,,,,"PIHPS Provinsi Bengkulu (rata-rata pasar tradisional), bukan harga Bengkulu Tengah"
2023-05-30,PHP17,BRS01,11700,kg,BD-PIHPS,,,,,"PIHPS Provinsi Bengkulu (rata-rata pasar tradisional), bukan harga Bengkulu Tengah"
2023-05-30,PHP17,BRS02,12900,kg,BD-PIHPS,,,,,"PIHPS Provinsi Bengkulu (rata-rata pasar tradisional), bukan harga Bengkulu Tengah"
2023-05-30,PHP17,BRS03,13200,kg,BD-PIHPS,,,,,"PIHPS Provinsi Bengkulu (rata-rata pasar tradisional), bukan harga Bengkulu Tengah"
2023-05-30,PHP17,BRS04,13400,kg,BD-PIHPS,,,,,"PIHPS Provinsi Bengkulu (rata-rata pasar tradisional), bukan harga Bengkulu Tengah"
2023-05-30,PHP17,BRS05,13850,kg,BD-PIHPS,,,,,"PIHPS Provinsi Bengkulu (rata-rata pasar tradisional), bukan harga Bengkulu Tengah"
2023-05-30,PHP17,BRS06,13850,kg,BD-PIHPS,,,,,"PIHPS Provinsi Bengkulu (rata-rata pasar tradisional), bukan harga Bengkulu Tengah"
2023-05-30,PHP17,BWM01,36250,kg,BD-PIHPS,,,,,"PIHPS Provinsi Bengkulu (rata-rata pasar tradisional), bukan harga Bengkulu Tengah"
2023-05-30,PHP17,BWP01,39650,kg,BD-PIHPS,,,,,"PIHPS Provinsi Bengkulu (rata-rata pasar tradisional), bukan harga Bengkulu Tengah"
2023-05-30,PHP17,CMR01,19750,kg,BD-PIHPS,,,,,"PIHPS Provinsi Bengkulu (rata-rata pasar tradisional), bukan harga Bengkulu Tengah"
2023-05-30,PHP17,CMR02,24500,kg,BD-PIHPS,,,,,"PIHPS Provinsi Bengkulu (rata-rata pasar tradisional), bukan harga Bengkulu Tengah"
2023-05-30,PHP17,CRW01,27500,kg,BD-PIHPS,,,,,"PIHPS Provinsi Bengkulu (rata-rata pasar tradisional), bukan harga Bengkulu Tengah"
2023-05-30,PHP17,CRW02,23350,kg,BD-PIHPS,,,,,"PIHPS Provinsi Bengkulu (rata-rata pasar tradisional), bukan harga Bengkulu Tengah"
2023-05-30,PHP17,DAY01,37900,kg,BD-PIHPS,,,,,"PIHPS Provinsi Bengkulu (rata-rata pasar tradisional), bukan harga Bengkulu Tengah"
2023-05-30,PHP17,DSP01,137500,kg,BD-PIHPS,,,,,"PIHPS Provinsi Bengkulu (rata-rata pasar tradisional), bukan harga Bengkulu Tengah"
2023-05-30,PHP17,DSP02,137500,kg,BD-PIHPS,,,,,"PIHPS Provinsi Bengkulu (rata-rata pasar tradisional), bukan harga Bengkulu Tengah"
2023-05-30,PHP17,GLP01,14150,kg,BD-PIHPS,,,,,"PIHPS Provinsi Bengkulu (rata-rata pasar tradisional), bukan harga Bengkulu Tengah"
2023-05-30,PHP17,GLP02,15200,kg,BD-PIHPS,,,,,"PIHPS Provinsi Bengkulu (rata-rata pasar tradisional), bukan harga Bengkulu Tengah"
2023-05-30,PHP17,MGR01,16000,liter,BD-PIHPS,,,,,"PIHPS Provinsi Bengkulu (rata-rata pasar tradisional), bukan harga Bengkulu Tengah"
2023-05-30,PHP17,MGR02,21450,liter,BD-PIHPS,,,,,"PIHPS Provinsi Bengkulu (rata-rata pasar tradisional), bukan harga Bengkulu Tengah"
2023-05-30,PHP17,MGR03,19500,liter,BD-PIHPS,,,,,"PIHPS Provinsi Bengkulu (rata-rata pasar tradisional), bukan harga Bengkulu Tengah"
2023-05-30,PHP17,TLR01,28850,kg,BD-PIHPS,,,,,"PIHPS Provinsi Bengkulu (rata-rata pasar tradisional), bukan harga Bengkulu Tengah"
2023-05-31,PHP17,BRS01,11700,kg,BD-PIHPS,,,,,"PIHPS Provinsi Bengkulu (rata-rata pasar tradisional), bukan harga Bengkulu Tengah"
2023-05-31,PHP17,BRS02,12900,kg,BD-PIHPS,,,,,"PIHPS Provinsi Bengkulu (rata-rata pasar tradisional), bukan harga Bengkulu Tengah"
2023-05-31,PHP17,BRS03,13300,kg,BD-PIHPS,,,,,"PIHPS Provinsi Bengkulu (rata-rata pasar tradisional), bukan harga Bengkulu Tengah"
2023-05-31,PHP17,BRS04,13500,kg,BD-PIHPS,,,,,"PIHPS Provinsi Bengkulu (rata-rata pasar tradisional), bukan harga Bengkulu Tengah"
2023-05-31,PHP17,BRS05,13850,kg,BD-PIHPS,,,,,"PIHPS Provinsi Bengkulu (rata-rata pasar tradisional), bukan harga Bengkulu Tengah"
2023-05-31,PHP17,BRS06,13900,kg,BD-PIHPS,,,,,"PIHPS Provinsi Bengkulu (rata-rata pasar tradisional), bukan harga Bengkulu Tengah"
2023-05-31,PHP17,BWM01,36400,kg,BD-PIHPS,,,,,"PIHPS Provinsi Bengkulu (rata-rata pasar tradisional), bukan harga Bengkulu Tengah"
2023-05-31,PHP17,BWP01,39900,kg,BD-PIHPS,,,,,"PIHPS Provinsi Bengkulu (rata-rata pasar tradisional), bukan harga Bengkulu Tengah"
2023-05-31,PHP17,CMR01,18900,kg,BD-PIHPS,,,,,"PIHPS Provinsi Bengkulu (rata-rata pasar tradisional), bukan harga Bengkulu Tengah"
2023-05-31,PHP17,CMR02,24150,kg,BD-PIHPS,,,,,"PIHPS Provinsi Bengkulu (rata-rata pasar tradisional), bukan harga Bengkulu Tengah"
2023-05-31,PHP17,CRW01,28050,kg,BD-PIHPS,,,,,"PIHPS Provinsi Bengkulu (rata-rata pasar tradisional), bukan harga Bengkulu Tengah"
2023-05-31,PHP17,CRW02,23200,kg,BD-PIHPS,,,,,"PIHPS Provinsi Bengkulu (rata-rata pasar tradisional), bukan harga Bengkulu Tengah"
2023-05-31,PHP17,DAY01,36900,kg,BD-PIHPS,,,,,"PIHPS Provinsi Bengkulu (rata-rata pasar tradisional), bukan harga Bengkulu Tengah"
2023-05-31,PHP17,DSP01,137500,kg,BD-PIHPS,,,,,"PIHPS Provinsi Bengkulu (rata-rata pasar tradisional), bukan harga Bengkulu Tengah"
2023-05-31,PHP17,DSP02,137500,kg,BD-PIHPS,,,,,"PIHPS Provinsi Bengkulu (rata-rata pasar tradisional), bukan harga Bengkulu Tengah"
2023-05-31,PHP17,GLP01,14150,kg,BD-PIHPS,,,,,"PIHPS Provinsi Bengkulu (rata-rata pasar tradisional), bukan harga Bengkulu Tengah"
2023-05-31,PHP17,GLP02,15200,kg,BD-PIHPS,,,,,"PIHPS Provinsi Bengkulu (rata-rata pasar tradisional), bukan harga Bengkulu Tengah"
2023-05-31,PHP17,MGR01,16000,liter,BD-PIHPS,,,,,"PIHPS Provinsi Bengkulu (rata-rata pasar tradisional), bukan harga Bengkulu Tengah"
2023-05-31,PHP17,MGR02,21450,liter,BD-PIHPS,,,,,"PIHPS Provinsi Bengkulu (rata-rata pasar tradisional), bukan harga Bengkulu Tengah"
2023-05-31,PHP17,MGR03,19500,liter,BD-PIHPS,,,,,"PIHPS Provinsi Bengkulu (rata-rata pasar tradisional), bukan harga Bengkulu Tengah"
2023-05-31,PHP17,TLR01,28400,kg,BD-PIHPS,,,,,"PIHPS Provinsi Bengkulu (rata-rata pasar tradisional), bukan harga Bengkulu Tengah"
2023-06-01,PHP17,BRS01,11700,kg,BD-PIHPS,,,,,"PIHPS Provinsi Bengkulu (rata-rata pasar tradisional), bukan harga Bengkulu Tengah"
2023-06-01,PHP17,BRS02,12900,kg,BD-PIHPS,,,,,"PIHPS Provinsi Bengkulu (rata-rata pasar tradisional), bukan harga Bengkulu Tengah"
2023-06-01,PHP17,BRS03,13300,kg,BD-PIHPS,,,,,"PIHPS Provinsi Bengkulu (rata-rata pasar tradisional), bukan harga Bengkulu Tengah"
2023-06-01,PHP17,BRS04,13500,kg,BD-PIHPS,,,,,"PIHPS Provinsi Bengkulu (rata-rata pasar tradisional), bukan harga Bengkulu Tengah"
2023-06-01,PHP17,BRS05,13850,kg,BD-PIHPS,,,,,"PIHPS Provinsi Bengkulu (rata-rata pasar tradisional), bukan harga Bengkulu Tengah"
2023-06-01,PHP17,BRS06,13900,kg,BD-PIHPS,,,,,"PIHPS Provinsi Bengkulu (rata-rata pasar tradisional), bukan harga Bengkulu Tengah"
2023-06-01,PHP17,BWM01,36400,kg,BD-PIHPS,,,,,"PIHPS Provinsi Bengkulu (rata-rata pasar tradisional), bukan harga Bengkulu Tengah"
2023-06-01,PHP17,BWP01,39900,kg,BD-PIHPS,,,,,"PIHPS Provinsi Bengkulu (rata-rata pasar tradisional), bukan harga Bengkulu Tengah"
2023-06-01,PHP17,CMR01,18900,kg,BD-PIHPS,,,,,"PIHPS Provinsi Bengkulu (rata-rata pasar tradisional), bukan harga Bengkulu Tengah"
2023-06-01,PHP17,CMR02,24150,kg,BD-PIHPS,,,,,"PIHPS Provinsi Bengkulu (rata-rata pasar tradisional), bukan harga Bengkulu Tengah"
2023-06-01,PHP17,CRW01,28050,kg,BD-PIHPS,,,,,"PIHPS Provinsi Bengkulu (rata-rata pasar tradisional), bukan harga Bengkulu Tengah"
2023-06-01,PHP17,CRW02,23200,kg,BD-PIHPS,,,,,"PIHPS Provinsi Bengkulu (rata-rata pasar tradisional), bukan harga Bengkulu Tengah"
2023-06-01,PHP17,DAY01,36900,kg,BD-PIHPS,,,,,"PIHPS Provinsi Bengkulu (rata-rata pasar tradisional), bukan harga Bengkulu Tengah"
2023-06-01,PHP17,DSP01,137500,kg,BD-PIHPS,,,,,"PIHPS Provinsi Bengkulu (rata-rata pasar tradisional), bukan harga Bengkulu Tengah"
2023-06-01,PHP17,DSP02,137500,kg,BD-PIHPS,,,,,"PIHPS Provinsi Bengkulu (rata-rata pasar tradisional), bukan harga Bengkulu Tengah"
2023-06-01,PHP17,GLP01,14150,kg,BD-PIHPS,,,,,"PIHPS Provinsi Bengkulu (rata-rata pasar tradisional), bukan harga Bengkulu Tengah"
2023-06-01,PHP17,GLP02,15200,kg,BD-PIHPS,,,,,"PIHPS Provinsi Bengkulu (rata-rata pasar tradisional), bukan harga Bengkulu Tengah"
2023-06-01,PHP17,MGR01,16000,liter,BD-PIHPS,,,,,"PIHPS Provinsi Bengkulu (rata-rata pasar tradisional), bukan harga Bengkulu Tengah"
2023-06-01,PHP17,MGR02,21450,liter,BD-PIHPS,,,,,"PIHPS Provinsi Bengkulu (rata-rata pasar tradisional), bukan harga Bengkulu Tengah"
2023-06-01,PHP17,MGR03,19500,liter,BD-PIHPS,,,,,"PIHPS Provinsi Bengkulu (rata-rata pasar tradisional), bukan harga Bengkulu Tengah"
2023-06-01,PHP17,TLR01,28400,kg,BD-PIHPS,,,,,"PIHPS Provinsi Bengkulu (rata-rata pasar tradisional), bukan harga Bengkulu Tengah"
2023-06-02,PHP17,BRS01,11700,kg,BD-PIHPS,,,,,"PIHPS Provinsi Bengkulu (rata-rata pasar tradisional), bukan harga Bengkulu Tengah"
2023-06-02,PHP17,BRS02,12900,kg,BD-PIHPS,,,,,"PIHPS Provinsi Bengkulu (rata-rata pasar tradisional), bukan harga Bengkulu Tengah"
2023-06-02,PHP17,BRS03,13300,kg,BD-PIHPS,,,,,"PIHPS Provinsi Bengkulu (rata-rata pasar tradisional), bukan harga Bengkulu Tengah"
2023-06-02,PHP17,BRS04,13500,kg,BD-PIHPS,,,,,"PIHPS Provinsi Bengkulu (rata-rata pasar tradisional), bukan harga Bengkulu Tengah"
2023-06-02,PHP17,BRS05,13850,kg,BD-PIHPS,,,,,"PIHPS Provinsi Bengkulu (rata-rata pasar tradisional), bukan harga Bengkulu Tengah"
2023-06-02,PHP17,BRS06,13900,kg,BD-PIHPS,,,,,"PIHPS Provinsi Bengkulu (rata-rata pasar tradisional), bukan harga Bengkulu Tengah"
2023-06-02,PHP17,BWM01,36400,kg,BD-PIHPS,,,,,"PIHPS Provinsi Bengkulu (rata-rata pasar tradisional), bukan harga Bengkulu Tengah"
2023-06-02,PHP17,BWP01,39900,kg,BD-PIHPS,,,,,"PIHPS Provinsi Bengkulu (rata-rata pasar tradisional), bukan harga Bengkulu Tengah"
2023-06-02,PHP17,CMR01,18900,kg,BD-PIHPS,,,,,"PIHPS Provinsi Bengkulu (rata-rata pasar tradisional), bukan harga Bengkulu Tengah"
2023-06-02,PHP17,CMR02,24150,kg,BD-PIHPS,,,,,"PIHPS Provinsi Bengkulu (rata-rata pasar tradisional), bukan harga Bengkulu Tengah"
2023-06-02,PHP17,CRW01,28050,kg,BD-PIHPS,,,,,"PIHPS Provinsi Bengkulu (rata-rata pasar tradisional), bukan harga Bengkulu Tengah"
2023-06-02,PHP17,CRW02,23200,kg,BD-PIHPS,,,,,"PIHPS Provinsi Bengkulu (rata-rata pasar tradisional), bukan harga Bengkulu Tengah"
2023-06-02,PHP17,DAY01,36900,kg,BD-PIHPS,,,,,"PIHPS Provinsi Bengkulu (rata-rata pasar tradisional), bukan harga Bengkulu Tengah"
2023-06-02,PHP17,DSP01,137500,kg,BD-PIHPS,,,,,"PIHPS Provinsi Bengkulu (rata-rata pasar tradisional), bukan harga Bengkulu Tengah"
2023-06-02,PHP17,DSP02,137500,kg,BD-PIHPS,,,,,"PIHPS Provinsi Bengkulu (rata-rata pasar tradisional), bukan harga Bengkulu Tengah"
2023-06-02,PHP17,GLP01,14150,kg,BD-PIHPS,,,,,"PIHPS Provinsi Bengkulu (rata-rata pasar tradisional), bukan harga Bengkulu Tengah"
2023-06-02,PHP17,GLP02,15200,kg,BD-PIHPS,,,,,"PIHPS Provinsi Bengkulu (rata-rata pasar tradisional), bukan harga Bengkulu Tengah"
2023-06-02,PHP17,MGR01,16000,liter,BD-PIHPS,,,,,"PIHPS Provinsi Bengkulu (rata-rata pasar tradisional), bukan harga Bengkulu Tengah"
2023-06-02,PHP17,MGR02,21450,liter,BD-PIHPS,,,,,"PIHPS Provinsi Bengkulu (rata-rata pasar tradisional), bukan harga Bengkulu Tengah"
2023-06-02,PHP17,MGR03,19500,liter,BD-PIHPS,,,,,"PIHPS Provinsi Bengkulu (rata-rata pasar tradisional), bukan harga Bengkulu Tengah"
2023-06-02,PHP17,TLR01,28400,kg,BD-PIHPS,,,,,"PIHPS Provinsi Bengkulu (rata-rata pasar tradisional), bukan harga Bengkulu Tengah"
2023-06-05,PHP17,BRS01,11700,kg,BD-PIHPS,,,,,"PIHPS Provinsi Bengkulu (rata-rata pasar tradisional), bukan harga Bengkulu Tengah"
2023-06-05,PHP17,BRS02,12900,kg,BD-PIHPS,,,,,"PIHPS Provinsi Bengkulu (rata-rata pasar tradisional), bukan harga Bengkulu Tengah"
2023-06-05,PHP17,BRS03,13300,kg,BD-PIHPS,,,,,"PIHPS Provinsi Bengkulu (rata-rata pasar tradisional), bukan harga Bengkulu Tengah"
2023-06-05,PHP17,BRS04,13500,kg,BD-PIHPS,,,,,"PIHPS Provinsi Bengkulu (rata-rata pasar tradisional), bukan harga Bengkulu Tengah"
2023-06-05,PHP17,BRS05,13850,kg,BD-PIHPS,,,,,"PIHPS Provinsi Bengkulu (rata-rata pasar tradisional), bukan harga Bengkulu Tengah"
2023-06-05,PHP17,BRS06,13900,kg,BD-PIHPS,,,,,"PIHPS Provinsi Bengkulu (rata-rata pasar tradisional), bukan harga Bengkulu Tengah"
2023-06-05,PHP17,BWM01,36150,kg,BD-PIHPS,,,,,"PIHPS Provinsi Bengkulu (rata-rata pasar tradisional), bukan harga Bengkulu Tengah"
2023-06-05,PHP17,BWP01,39400,kg,BD-PIHPS,,,,,"PIHPS Provinsi Bengkulu (rata-rata pasar tradisional), bukan harga Bengkulu Tengah"
2023-06-05,PHP17,CMR01,20150,kg,BD-PIHPS,,,,,"PIHPS Provinsi Bengkulu (rata-rata pasar tradisional), bukan harga Bengkulu Tengah"
2023-06-05,PHP17,CMR02,25500,kg,BD-PIHPS,,,,,"PIHPS Provinsi Bengkulu (rata-rata pasar tradisional), bukan harga Bengkulu Tengah"
2023-06-05,PHP17,CRW01,29150,kg,BD-PIHPS,,,,,"PIHPS Provinsi Bengkulu (rata-rata pasar tradisional), bukan harga Bengkulu Tengah"
2023-06-05,PHP17,CRW02,23500,kg,BD-PIHPS,,,,,"PIHPS Provinsi Bengkulu (rata-rata pasar tradisional), bukan harga Bengkulu Tengah"
2023-06-05,PHP17,DAY01,35750,kg,BD-PIHPS,,,,,"PIHPS Provinsi Bengkulu (rata-rata pasar tradisional), bukan harga Bengkulu Tengah"
2023-06-05,PHP17,DSP01,137500,kg,BD-PIHPS,,,,,"PIHPS Provinsi Bengkulu (rata-rata pasar tradisional), bukan harga Bengkulu Tengah"
2023-06-05,PHP17,DSP02,137500,kg,BD-PIHPS,,,,,"PIHPS Provinsi Bengkulu (rata-rata pasar tradisional), bukan harga Bengkulu Tengah"
2023-06-05,PHP17,GLP01,14150,kg,BD-PIHPS,,,,,"PIHPS Provinsi Bengkulu (rata-rata pasar tradisional), bukan harga Bengkulu Tengah"
2023-06-05,PHP17,GLP02,15200,kg,BD-PIHPS,,,,,"PIHPS Provinsi Bengkulu (rata-rata pasar tradisional), bukan harga Bengkulu Tengah"
2023-06-05,PHP17,MGR01,16000,liter,BD-PIHPS,,,,,"PIHPS Provinsi Bengkulu (rata-rata pasar tradisional), bukan harga Bengkulu Tengah"
2023-06-05,PHP17,MGR02,21450,liter,BD-PIHPS,,,,,"PIHPS Provinsi Bengkulu (rata-rata pasar tradisional), bukan harga Bengkulu Tengah"
2023-06-05,PHP17,MGR03,19500,liter,BD-PIHPS,,,,,"PIHPS Provinsi Bengkulu (rata-rata pasar tradisional), bukan harga Bengkulu Tengah"
2023-06-05,PHP17,TLR01,28400,kg,BD-PIHPS,,,,,"PIHPS Provinsi Bengkulu (rata-rata pasar tradisional), bukan harga Bengkulu Tengah"
2023-06-06,PHP17,BRS01,11750,kg,BD-PIHPS,,,,,"PIHPS Provinsi Bengkulu (rata-rata pasar tradisional), bukan harga Bengkulu Tengah"
2023-06-06,PHP17,BRS02,12900,kg,BD-PIHPS,,,,,"PIHPS Provinsi Bengkulu (rata-rata pasar tradisional), bukan harga Bengkulu Tengah"
2023-06-06,PHP17,BRS03,13300,kg,BD-PIHPS,,,,,"PIHPS Provinsi Bengkulu (rata-rata pasar tradisional), bukan harga Bengkulu Tengah"
2023-06-06,PHP17,BRS04,13500,kg,BD-PIHPS,,,,,"PIHPS Provinsi Bengkulu (rata-rata pasar tradisional), bukan harga Bengkulu Tengah"
2023-06-06,PHP17,BRS05,13850,kg,BD-PIHPS,,,,,"PIHPS Provinsi Bengkulu (rata-rata pasar tradisional), bukan harga Bengkulu Tengah"
2023-06-06,PHP17,BRS06,13900,kg,BD-PIHPS,,,,,"PIHPS Provinsi Bengkulu (rata-rata pasar tradisional), bukan harga Bengkulu Tengah"
2023-06-06,PHP17,BWM01,35900,kg,BD-PIHPS,,,,,"PIHPS Provinsi Bengkulu (rata-rata pasar tradisional), bukan harga Bengkulu Tengah"
2023-06-06,PHP17,BWP01,39750,kg,BD-PIHPS,,,,,"PIHPS Provinsi Bengkulu (rata-rata pasar tradisional), bukan harga Bengkulu Tengah"
2023-06-06,PHP17,CMR01,21150,kg,BD-PIHPS,,,,,"PIHPS Provinsi Bengkulu (rata-rata pasar tradisional), bukan harga Bengkulu Tengah"
2023-06-06,PHP17,CMR02,26000,kg,BD-PIHPS,,,,,"PIHPS Provinsi Bengkulu (rata-rata pasar tradisional), bukan harga Bengkulu Tengah"
2023-06-06,PHP17,CRW01,30500,kg,BD-PIHPS,,,,,"PIHPS Provinsi Bengkulu (rata-rata pasar tradisional), bukan harga Bengkulu Tengah"
2023-06-06,PHP17,CRW02,23500,kg,BD-PIHPS,,,,,"PIHPS Provinsi Bengkulu (rata-rata pasar tradisional), bukan harga Bengkulu Tengah"
2023-06-06,PHP17,DAY01,35400,kg,BD-PIHPS,,,,,"PIHPS Provinsi Bengkulu (rata-rata pasar tradisional), bukan harga Bengkulu Tengah"
2023-06-06,PHP17,DSP01,137500,kg,BD-PIHPS,,,,,"PIHPS Provinsi Bengkulu (rata-rata pasar tradisional), bukan harga Bengkulu Tengah"
2023-06-06,PHP17,DSP02,137500,kg,BD-PIHPS,,,,,"PIHPS Provinsi Bengkulu (rata-rata pasar tradisional), bukan harga Bengkulu Tengah"
2023-06-06,PHP17,GLP01,14450,kg,BD-PIHPS,,,,,"PIHPS Provinsi Bengkulu (rata-rata pasar tradisional), bukan harga Bengkulu Tengah"
2023-06-06,PHP17,GLP02,15250,kg,BD-PIHPS,,,,,"PIHPS Provinsi Bengkulu (rata-rata pasar tradisional), bukan harga Bengkulu Tengah"
2023-06-06,PHP17,MGR01,15700,liter,BD-PIHPS,,,,,"PIHPS Provinsi Bengkulu (rata-rata pasar tradisional), bukan harga Bengkulu Tengah"
2023-06-06,PHP17,MGR02,21450,liter,BD-PIHPS,,,,,"PIHPS Provinsi Bengkulu (rata-rata pasar tradisional), bukan harga Bengkulu Tengah"
2023-06-06,PHP17,MGR03,19500,liter,BD-PIHPS,,,,,"PIHPS Provinsi Bengkulu (rata-rata pasar tradisional), bukan harga Bengkulu Tengah"
2023-06-06,PHP17,TLR01,28400,kg,BD-PIHPS,,,,,"PIHPS Provinsi Bengkulu (rata-rata pasar tradisional), bukan harga Bengkulu Tengah"
2023-06-07,PHP17,BRS01,11750,kg,BD-PIHPS,,,,,"PIHPS Provinsi Bengkulu (rata-rata pasar tradisional), bukan harga Bengkulu Tengah"
2023-06-07,PHP17,BRS02,12900,kg,BD-PIHPS,,,,,"PIHPS Provinsi Bengkulu (rata-rata pasar tradisional), bukan harga Bengkulu Tengah"
2023-06-07,PHP17,BRS03,13300,kg,BD-PIHPS,,,,,"PIHPS Provinsi Bengkulu (rata-rata pasar tradisional), bukan harga Bengkulu Tengah"
2023-06-07,PHP17,BRS04,13500,kg,BD-PIHPS,,,,,"PIHPS Provinsi Bengkulu (rata-rata pasar tradisional), bukan harga Bengkulu Tengah"
2023-06-07,PHP17,BRS05,13850,kg,BD-PIHPS,,,,,"PIHPS Provinsi Bengkulu (rata-rata pasar tradisional), bukan harga Bengkulu Tengah"
2023-06-07,PHP17,BRS06,13900,kg,BD-PIHPS,,,,,"PIHPS Provinsi Bengkulu (rata-rata pasar tradisional), bukan harga Bengkulu Tengah"
2023-06-07,PHP17,BWM01,35900,kg,BD-PIHPS,,,,,"PIHPS Provinsi Bengkulu (rata-rata pasar tradisional), bukan harga Bengkulu Tengah"
2023-06-07,PHP17,BWP01,39500,kg,BD-PIHPS,,,,,"PIHPS Provinsi Bengkulu (rata-rata pasar tradisional), bukan harga Bengkulu Tengah"
2023-06-07,PHP17,CMR01,22000,kg,BD-PIHPS,,,,,"PIHPS Provinsi Bengkulu (rata-rata pasar tradisional), bukan harga Bengkulu Tengah"
2023-06-07,PHP17,CMR02,27000,kg,BD-PIHPS,,,,,"PIHPS Provinsi Bengkulu (rata-rata pasar tradisional), bukan harga Bengkulu Tengah"
2023-06-07,PHP17,CRW01,30900,kg,BD-PIHPS,,,,,"PIHPS Provinsi Bengkulu (rata-rata pasar tradisional), bukan harga Bengkulu Tengah"
2023-06-07,PHP17,CRW02,23650,kg,BD-PIHPS,,,,,"PIHPS Provinsi Bengkulu (rata-rata pasar tradisional), bukan harga Bengkulu Tengah"
2023-06-07,PHP17,DAY01,34500,kg,BD-PIHPS,,,,,"PIHPS Provinsi Bengkulu (rata-rata pasar tradisional), bukan harga Bengkulu Tengah"
2023-06-07,PHP17,DSP01,137500,kg,BD-PIHPS,,,,,"PIHPS Provinsi Bengkulu (rata-rata pasar tradisional), bukan harga Bengkulu Tengah"
2023-06-07,PHP17,DSP02,137500,kg,BD-PIHPS,,,,,"PIHPS Provinsi Bengkulu (rata-rata pasar tradisional), bukan harga Bengkulu Tengah"
2023-06-07,PHP17,GLP01,14450,kg,BD-PIHPS,,,,,"PIHPS Provinsi Bengkulu (rata-rata pasar tradisional), bukan harga Bengkulu Tengah"
2023-06-07,PHP17,GLP02,15250,kg,BD-PIHPS,,,,,"PIHPS Provinsi Bengkulu (rata-rata pasar tradisional), bukan harga Bengkulu Tengah"
2023-06-07,PHP17,MGR01,15700,liter,BD-PIHPS,,,,,"PIHPS Provinsi Bengkulu (rata-rata pasar tradisional), bukan harga Bengkulu Tengah"
2023-06-07,PHP17,MGR02,21450,liter,BD-PIHPS,,,,,"PIHPS Provinsi Bengkulu (rata-rata pasar tradisional), bukan harga Bengkulu Tengah"
2023-06-07,PHP17,MGR03,19500,liter,BD-PIHPS,,,,,"PIHPS Provinsi Bengkulu (rata-rata pasar tradisional), bukan harga Bengkulu Tengah"
2023-06-07,PHP17,TLR01,28400,kg,BD-PIHPS,,,,,"PIHPS Provinsi Bengkulu (rata-rata pasar tradisional), bukan harga Bengkulu Tengah"
2023-06-08,PHP17,BRS01,11750,kg,BD-PIHPS,,,,,"PIHPS Provinsi Bengkulu (rata-rata pasar tradisional), bukan harga Bengkulu Tengah"
2023-06-08,PHP17,BRS02,12900,kg,BD-PIHPS,,,,,"PIHPS Provinsi Bengkulu (rata-rata pasar tradisional), bukan harga Bengkulu Tengah"
2023-06-08,PHP17,BRS03,13350,kg,BD-PIHPS,,,,,"PIHPS Provinsi Bengkulu (rata-rata pasar tradisional), bukan harga Bengkulu Tengah"
2023-06-08,PHP17,BRS04,13550,kg,BD-PIHPS,,,,,"PIHPS Provinsi Bengkulu (rata-rata pasar tradisional), bukan harga Bengkulu Tengah"
2023-06-08,PHP17,BRS05,13900,kg,BD-PIHPS,,,,,"PIHPS Provinsi Bengkulu (rata-rata pasar tradisional), bukan harga Bengkulu Tengah"
2023-06-08,PHP17,BRS06,14000,kg,BD-PIHPS,,,,,"PIHPS Provinsi Bengkulu (rata-rata pasar tradisional), bukan harga Bengkulu Tengah"
2023-06-08,PHP17,BWM01,35900,kg,BD-PIHPS,,,,,"PIHPS Provinsi Bengkulu (rata-rata pasar tradisional), bukan harga Bengkulu Tengah"
2023-06-08,PHP17,BWP01,39500,kg,BD-PIHPS,,,,,"PIHPS Provinsi Bengkulu (rata-rata pasar tradisional), bukan harga Bengkulu Tengah"
2023-06-08,PHP17,CMR01,22000,kg,BD-PIHPS,,,,,"PIHPS Provinsi Bengkulu (rata-rata pasar tradisional), bukan harga Bengkulu Tengah"
2023-06-08,PHP17,CMR02,27150,kg,BD-PIHPS,,,,,"PIHPS Provinsi Bengkulu (rata-rata pasar tradisional), bukan harga Bengkulu Tengah"
2023-06-08,PHP17,CRW01,31150,kg,BD-PIHPS,,,,,"PIHPS Provinsi Bengkulu (rata-rata pasar tradisional), bukan harga Bengkulu Tengah"
2023-06-08,PHP17,CRW02,23650,kg,BD-PIHPS,,,,,"PIHPS Provinsi Bengkulu (rata-rata pasar tradisional), bukan harga Bengkulu Tengah"
2023-06-08,PHP17,DAY01,34500,kg,BD-PIHPS,,,,,"PIHPS Provinsi Bengkulu (rata-rata pasar tradisional), bukan harga Bengkulu Tengah"
2023-06-08,PHP17,DSP01,137500,kg,BD-PIHPS,,,,,"PIHPS Provinsi Bengkulu (rata-rata pasar tradisional), bukan harga Bengkulu Tengah"
2023-06-08,PHP17,DSP02,137500,kg,BD-PIHPS,,,,,"PIHPS Provinsi Bengkulu (rata-rata pasar tradisional), bukan harga Bengkulu Tengah"
2023-06-08,PHP17,GLP01,14650,kg,BD-PIHPS,,,,,"PIHPS Provinsi Bengkulu (rata-rata pasar tradisional), bukan harga Bengkulu Tengah"
2023-06-08,PHP17,GLP02,15250,kg,BD-PIHPS,,,,,"PIHPS Provinsi Bengkulu (rata-rata pasar tradisional), bukan harga Bengkulu Tengah"
2023-06-08,PHP17,MGR01,15200,liter,BD-PIHPS,,,,,"PIHPS Provinsi Bengkulu (rata-rata pasar tradisional), bukan harga Bengkulu Tengah"
2023-06-08,PHP17,MGR02,21450,liter,BD-PIHPS,,,,,"PIHPS Provinsi Bengkulu (rata-rata pasar tradisional), bukan harga Bengkulu Tengah"
2023-06-08,PHP17,MGR03,19500,liter,BD-PIHPS,,,,,"PIHPS Provinsi Bengkulu (rata-rata pasar tradisional), bukan harga Bengkulu Tengah"
2023-06-08,PHP17,TLR01,28400,kg,BD-PIHPS,,,,,"PIHPS Provinsi Bengkulu (rata-rata pasar tradisional), bukan harga Bengkulu Tengah"
2023-06-09,PHP17,BRS01,11750,kg,BD-PIHPS,,,,,"PIHPS Provinsi Bengkulu (rata-rata pasar tradisional), bukan harga Bengkulu Tengah"
2023-06-09,PHP17,BRS02,12900,kg,BD-PIHPS,,,,,"PIHPS Provinsi Bengkulu (rata-rata pasar tradisional), bukan harga Bengkulu Tengah"
2023-06-09,PHP17,BRS03,13350,kg,BD-PIHPS,,,,,"PIHPS Provinsi Bengkulu (rata-rata pasar tradisional), bukan harga Bengkulu Tengah"
2023-06-09,PHP17,BRS04,13550,kg,BD-PIHPS,,,,,"PIHPS Provinsi Bengkulu (rata-rata pasar tradisional), bukan harga Bengkulu Tengah"
2023-06-09,PHP17,BRS05,13900,kg,BD-PIHPS,,,,,"PIHPS Provinsi Bengkulu (rata-rata pasar tradisional), bukan harga Bengkulu Tengah"
2023-06-09,PHP17,BRS06,14000,kg,BD-PIHPS,,,,,"PIHPS Provinsi Bengkulu (rata-rata pasar tradisional), bukan harga Bengkulu Tengah"
2023-06-09,PHP17,BWM01,37050,kg,BD-PIHPS,,,,,"PIHPS Provinsi Bengkulu (rata-rata pasar tradisional), bukan harga Bengkulu Tengah"
2023-06-09,PHP17,BWP01,40250,kg,BD-PIHPS,,,,,"PIHPS Provinsi Bengkulu (rata-rata pasar tradisional), bukan harga Bengkulu Tengah"
2023-06-09,PHP17,CMR01,22400,kg,BD-PIHPS,,,,,"PIHPS Provinsi Bengkulu (rata-rata pasar tradisional), bukan harga Bengkulu Tengah"
2023-06-09,PHP17,CMR02,27000,kg,BD-PIHPS,,,,,"PIHPS Provinsi Bengkulu (rata-rata pasar tradisional), bukan harga Bengkulu Tengah"
2023-06-09,PHP17,CRW01,30900,kg,BD-PIHPS,,,,,"PIHPS Provinsi Bengkulu (rata-rata pasar tradisional), bukan harga Bengkulu Tengah"
2023-06-09,PHP17,CRW02,24450,kg,BD-PIHPS,,,,,"PIHPS Provinsi Bengkulu (rata-rata pasar tradisional), bukan harga Bengkulu Tengah"
2023-06-09,PHP17,DAY01,36650,kg,BD-PIHPS,,,,,"PIHPS Provinsi Bengkulu (rata-rata pasar tradisional), bukan harga Bengkulu Tengah"
2023-06-09,PHP17,DSP01,137500,kg,BD-PIHPS,,,,,"PIHPS Provinsi Bengkulu (rata-rata pasar tradisional), bukan harga Bengkulu Tengah"
2023-06-09,PHP17,DSP02,137500,kg,BD-PIHPS,,,,,"PIHPS Provinsi Bengkulu (rata-rata pasar tradisional), bukan harga Bengkulu Tengah"
2023-06-09,PHP17,GLP01,14650,kg,BD-PIHPS,,,,,"PIHPS Provinsi Bengkulu (rata-rata pasar tradisional), bukan harga Bengkulu Tengah"
2023-06-09,PHP17,GLP02,15250,kg,BD-PIHPS,,,,,"PIHPS Provinsi Bengkulu (rata-rata pasar tradisional), bukan harga Bengkulu Tengah"
2023-06-09,PHP17,MGR01,15200,liter,BD-PIHPS,,,,,"PIHPS Provinsi Bengkulu (rata-rata pasar tradisional), bukan harga Bengkulu Tengah"
2023-06-09,PHP17,MGR02,21450,liter,BD-PIHPS,,,,,"PIHPS Provinsi Bengkulu (rata-rata pasar tradisional), bukan harga Bengkulu Tengah"
2023-06-09,PHP17,MGR03,19500,liter,BD-PIHPS,,,,,"PIHPS Provinsi Bengkulu (rata-rata pasar tradisional), bukan harga Bengkulu Tengah"
2023-06-09,PHP17,TLR01,28400,kg,BD-PIHPS,,,,,"PIHPS Provinsi Bengkulu (rata-rata pasar tradisional), bukan harga Bengkulu Tengah"
2023-06-12,PHP17,BRS01,11750,kg,BD-PIHPS,,,,,"PIHPS Provinsi Bengkulu (rata-rata pasar tradisional), bukan harga Bengkulu Tengah"
2023-06-12,PHP17,BRS02,12900,kg,BD-PIHPS,,,,,"PIHPS Provinsi Bengkulu (rata-rata pasar tradisional), bukan harga Bengkulu Tengah"
2023-06-12,PHP17,BRS03,13350,kg,BD-PIHPS,,,,,"PIHPS Provinsi Bengkulu (rata-rata pasar tradisional), bukan harga Bengkulu Tengah"
2023-06-12,PHP17,BRS04,13550,kg,BD-PIHPS,,,,,"PIHPS Provinsi Bengkulu (rata-rata pasar tradisional), bukan harga Bengkulu Tengah"
2023-06-12,PHP17,BRS05,13900,kg,BD-PIHPS,,,,,"PIHPS Provinsi Bengkulu (rata-rata pasar tradisional), bukan harga Bengkulu Tengah"
2023-06-12,PHP17,BRS06,14000,kg,BD-PIHPS,,,,,"PIHPS Provinsi Bengkulu (rata-rata pasar tradisional), bukan harga Bengkulu Tengah"
2023-06-12,PHP17,BWM01,38250,kg,BD-PIHPS,,,,,"PIHPS Provinsi Bengkulu (rata-rata pasar tradisional), bukan harga Bengkulu Tengah"
2023-06-12,PHP17,BWP01,40500,kg,BD-PIHPS,,,,,"PIHPS Provinsi Bengkulu (rata-rata pasar tradisional), bukan harga Bengkulu Tengah"
2023-06-12,PHP17,CMR01,22400,kg,BD-PIHPS,,,,,"PIHPS Provinsi Bengkulu (rata-rata pasar tradisional), bukan harga Bengkulu Tengah"
2023-06-12,PHP17,CMR02,26500,kg,BD-PIHPS,,,,,"PIHPS Provinsi Bengkulu (rata-rata pasar tradisional), bukan harga Bengkulu Tengah"
2023-06-12,PHP17,CRW01,31400,kg,BD-PIHPS,,,,,"PIHPS Provinsi Bengkulu (rata-rata pasar tradisional), bukan harga Bengkulu Tengah"
2023-06-12,PHP17,CRW02,26000,kg,BD-PIHPS,,,,,"PIHPS Provinsi Bengkulu (rata-rata pasar tradisional), bukan harga Bengkulu Tengah"
2023-06-12,PHP17,DAY01,37650,kg,BD-PIHPS,,,,,"PIHPS Provinsi Bengkulu (rata-rata pasar tradisional), bukan harga Bengkulu Tengah"
2023-06-12,PHP17,DSP01,137500,kg,BD-PIHPS,,,,,"PIHPS Provinsi Bengkulu (rata-rata pasar tradisional), bukan harga Bengkulu Tengah"
2023-06-12,PHP17,DSP02,137500,kg,BD-PIHPS,,,,,"PIHPS Provinsi Bengkulu (rata-rata pasar tradisional), bukan harga Bengkulu Tengah"
2023-06-12,PHP17,GLP01,14650,kg,BD-PIHPS,,,,,"PIHPS Provinsi Bengkulu (rata-rata pasar tradisional), bukan harga Bengkulu Tengah"
2023-06-12,PHP17,GLP02,15250,kg,BD-PIHPS,,,,,"PIHPS Provinsi Bengkulu (rata-rata pasar tradisional), bukan harga Bengkulu Tengah"
2023-06-12,PHP17,MGR01,15200,liter,BD-PIHPS,,,,,"PIHPS Provinsi Bengkulu (rata-rata pasar tradisional), bukan harga Bengkulu Tengah"
2023-06-12,PHP17,MGR02,21450,liter,BD-PIHPS,,,,,"PIHPS Provinsi Bengkulu (rata-rata pasar tradisional), bukan harga Bengkulu Tengah"
2023-06-12,PHP17,MGR03,19500,liter,BD-PIHPS,,,,,"PIHPS Provinsi Bengkulu (rata-rata pasar tradisional), bukan harga Bengkulu Tengah"
2023-06-12,PHP17,TLR01,28500,kg,BD-PIHPS,,,,,"PIHPS Provinsi Bengkulu (rata-rata pasar tradisional), bukan harga Bengkulu Tengah"
2023-06-13,PHP17,BRS01,11750,kg,BD-PIHPS,,,,,"PIHPS Provinsi Bengkulu (rata-rata pasar tradisional), bukan harga Bengkulu Tengah"
2023-06-13,PHP17,BRS02,12900,kg,BD-PIHPS,,,,,"PIHPS Provinsi Bengkulu (rata-rata pasar tradisional), bukan harga Bengkulu Tengah"
2023-06-13,PHP17,BRS03,13350,kg,BD-PIHPS,,,,,"PIHPS Provinsi Bengkulu (rata-rata pasar tradisional), bukan harga Bengkulu Tengah"
2023-06-13,PHP17,BRS04,13550,kg,BD-PIHPS,,,,,"PIHPS Provinsi Bengkulu (rata-rata pasar tradisional), bukan harga Bengkulu Tengah"
2023-06-13,PHP17,BRS05,13950,kg,BD-PIHPS,,,,,"PIHPS Provinsi Bengkulu (rata-rata pasar tradisional), bukan harga Bengkulu Tengah"
2023-06-13,PHP17,BRS06,14050,kg,BD-PIHPS,,,,,"PIHPS Provinsi Bengkulu (rata-rata pasar tradisional), bukan harga Bengkulu Tengah"
2023-06-13,PHP17,BWM01,39900,kg,BD-PIHPS,,,,,"PIHPS Provinsi Bengkulu (rata-rata pasar tradisional), bukan harga Bengkulu Tengah"
2023-06-13,PHP17,BWP01,40750,kg,BD-PIHPS,,,,,"PIHPS Provinsi Bengkulu (rata-rata pasar tradisional), bukan harga Bengkulu Tengah"
2023-06-13,PHP17,CMR01,21650,kg,BD-PIHPS,,,,,"PIHPS Provinsi Bengkulu (rata-rata pasar tradisional), bukan harga Bengkulu Tengah"
2023-06-13,PHP17,CMR02,25900,kg,BD-PIHPS,,,,,"PIHPS Provinsi Bengkulu (rata-rata pasar tradisional), bukan harga Bengkulu Tengah"
2023-06-13,PHP17,CRW01,30900,kg,BD-PIHPS,,,,,"PIHPS Provinsi Bengkulu (rata-rata pasar tradisional), bukan harga Bengkulu Tengah"
2023-06-13,PHP17,CRW02,27450,kg,BD-PIHPS,,,,,"PIHPS Provinsi Bengkulu (rata-rata pasar tradisional), bukan harga Bengkulu Tengah"
2023-06-13,PHP17,DAY01,37750,kg,BD-PIHPS,,,,,"PIHPS Provinsi Bengkulu (rata-rata pasar tradisional), bukan harga Bengkulu Tengah"
2023-06-13,PHP17,DSP01,137500,kg,BD-PIHPS,,,,,"PIHPS Provinsi Bengkulu (rata-rata pasar tradisional), bukan harga Bengkulu Tengah"
2023-06-13,PHP17,DSP02,137500,kg,BD-PIHPS,,,,,"PIHPS Provinsi Bengkulu (rata-rata pasar tradisional), bukan harga Bengkulu Tengah"
2023-06-13,PHP17,GLP01,14650,kg,BD-PIHPS,,,,,"PIHPS Provinsi Bengkulu (rata-rata pasar tradisional), bukan harga Bengkulu Tengah"
2023-06-13,PHP17,GLP02,15250,kg,BD-PIHPS,,,,,"PIHPS Provinsi Bengkulu (rata-rata pasar tradisional), bukan harga Bengkulu Tengah"
2023-06-13,PHP17,MGR01,15200,liter,BD-PIHPS,,,,,"PIHPS Provinsi Bengkulu (rata-rata pasar tradisional), bukan harga Bengkulu Tengah"
2023-06-13,PHP17,MGR02,21450,liter,BD-PIHPS,,,,,"PIHPS Provinsi Bengkulu (rata-rata pasar tradisional), bukan harga Bengkulu Tengah"
2023-06-13,PHP17,MGR03,19500,liter,BD-PIHPS,,,,,"PIHPS Provinsi Bengkulu (rata-rata pasar tradisional), bukan harga Bengkulu Tengah"
2023-06-13,PHP17,TLR01,29150,kg,BD-PIHPS,,,,,"PIHPS Provinsi Bengkulu (rata-rata pasar tradisional), bukan harga Bengkulu Tengah"
2023-06-14,PHP17,BRS01,11750,kg,BD-PIHPS,,,,,"PIHPS Provinsi Bengkulu (rata-rata pasar tradisional), bukan harga Bengkulu Tengah"
2023-06-14,PHP17,BRS02,12900,kg,BD-PIHPS,,,,,"PIHPS Provinsi Bengkulu (rata-rata pasar tradisional), bukan harga Bengkulu Tengah"
2023-06-14,PHP17,BRS03,13350,kg,BD-PIHPS,,,,,"PIHPS Provinsi Bengkulu (rata-rata pasar tradisional), bukan harga Bengkulu Tengah"
2023-06-14,PHP17,BRS04,13550,kg,BD-PIHPS,,,,,"PIHPS Provinsi Bengkulu (rata-rata pasar tradisional), bukan harga Bengkulu Tengah"
2023-06-14,PHP17,BRS05,13950,kg,BD-PIHPS,,,,,"PIHPS Provinsi Bengkulu (rata-rata pasar tradisional), bukan harga Bengkulu Tengah"
2023-06-14,PHP17,BRS06,14050,kg,BD-PIHPS,,,,,"PIHPS Provinsi Bengkulu (rata-rata pasar tradisional), bukan harga Bengkulu Tengah"
2023-06-14,PHP17,BWM01,40150,kg,BD-PIHPS,,,,,"PIHPS Provinsi Bengkulu (rata-rata pasar tradisional), bukan harga Bengkulu Tengah"
2023-06-14,PHP17,BWP01,41000,kg,BD-PIHPS,,,,,"PIHPS Provinsi Bengkulu (rata-rata pasar tradisional), bukan harga Bengkulu Tengah"
2023-06-14,PHP17,CMR01,22150,kg,BD-PIHPS,,,,,"PIHPS Provinsi Bengkulu (rata-rata pasar tradisional), bukan harga Bengkulu Tengah"
2023-06-14,PHP17,CMR02,25650,kg,BD-PIHPS,,,,,"PIHPS Provinsi Bengkulu (rata-rata pasar tradisional), bukan harga Bengkulu Tengah"
2023-06-14,PHP17,CRW01,31900,kg,BD-PIHPS,,,,,"PIHPS Provinsi Bengkulu (rata-rata pasar tradisional), bukan harga Bengkulu Tengah"
2023-06-14,PHP17,CRW02,27200,kg,BD-PIHPS,,,,,"PIHPS Provinsi Bengkulu (rata-rata pasar tradisional), bukan harga Bengkulu Tengah"
2023-06-14,PHP17,DAY01,37750,kg,BD-PIHPS,,,,,"PIHPS Provinsi Bengkulu (rata-rata pasar tradisional), bukan harga Bengkulu Tengah"
2023-06-14,PHP17,DSP01,137500,kg,BD-PIHPS,,,,,"PIHPS Provinsi Bengkulu (rata-rata pasar tradisional), bukan harga Bengkulu Tengah"
2023-06-14,PHP17,DSP02,137500,kg,BD-PIHPS,,,,,"PIHPS Provinsi Bengkulu (rata-rata pasar tradisional), bukan harga Bengkulu Tengah"
2023-06-14,PHP17,GLP01,14650,kg,BD-PIHPS,,,,,"PIHPS Provinsi Bengkulu (rata-rata pasar tradisional), bukan harga Bengkulu Tengah"
2023-06-14,PHP17,GLP02,15250,kg,BD-PIHPS,,,,,"PIHPS Provinsi Bengkulu (rata-rata pasar tradisional), bukan harga Bengkulu Tengah"
2023-06-14,PHP17,MGR01,15150,liter,BD-PIHPS,,,,,"PIHPS Provinsi Bengkulu (rata-rata pasar tradisional), bukan harga Bengkulu Tengah"
2023-06-14,PHP17,MGR02,21450,liter,BD-PIHPS,,,,,"PIHPS Provinsi Bengkulu (rata-rata pasar tradisional), bukan harga Bengkulu Tengah"
2023-06-14,PHP17,MGR03,19500,liter,BD-PIHPS,,,,,"PIHPS Provinsi Bengkulu (rata-rata pasar tradisional), bukan harga Bengkulu Tengah"
2023-06-14,PHP17,TLR01,28950,kg,BD-PIHPS,,,,,"PIHPS Provinsi Bengkulu (rata-rata pasar tradisional), bukan harga Bengkulu Tengah"
2023-06-15,PHP17,BRS01,11750,kg,BD-PIHPS,,,,,"PIHPS Provinsi Bengkulu (rata-rata pasar tradisional), bukan harga Bengkulu Tengah"
2023-06-15,PHP17,BRS02,12900,kg,BD-PIHPS,,,,,"PIHPS Provinsi Bengkulu (rata-rata pasar tradisional), bukan harga Bengkulu Tengah"
2023-06-15,PHP17,BRS03,13350,kg,BD-PIHPS,,,,,"PIHPS Provinsi Bengkulu (rata-rata pasar tradisional), bukan harga Bengkulu Tengah"
2023-06-15,PHP17,BRS04,13550,kg,BD-PIHPS,,,,,"PIHPS Provinsi Bengkulu (rata-rata pasar tradisional), bukan harga Bengkulu Tengah"
2023-06-15,PHP17,BRS05,13950,kg,BD-PIHPS,,,,,"PIHPS Provinsi Bengkulu (rata-rata pasar tradisional), bukan harga Bengkulu Tengah"
2023-06-15,PHP17,BRS06,14050,kg,BD-PIHPS,,,,,"PIHPS Provinsi Bengkulu (rata-rata pasar tradisional), bukan harga Bengkulu Tengah"
2023-06-15,PHP17,BWM01,39750,kg,BD-PIHPS,,,,,"PIHPS Provinsi Bengkulu (rata-rata pasar tradisional), bukan harga Bengkulu Tengah"
2023-06-15,PHP17,BWP01,41000,kg,BD-PIHPS,,,,,"PIHPS Provinsi Bengkulu (rata-rata pasar tradisional), bukan harga Bengkulu Tengah"
2023-06-15,PHP17,CMR01,22000,kg,BD-PIHPS,,,,,"PIHPS Provinsi Bengkulu (rata-rata pasar tradisional), bukan harga Bengkulu Tengah"
2023-06-15,PHP17,CMR02,26150,kg,BD-PIHPS,,,,,"PIHPS Provinsi Bengkulu (rata-rata pasar tradisional), bukan harga Bengkulu Tengah"
2023-06-15,PHP17,CRW01,32000,kg,BD-PIHPS,,,,,"PIHPS Provinsi Bengkulu (rata-rata pasar tradisional), bukan harga Bengkulu Tengah"
2023-06-15,PHP17,CRW02,26800,kg,BD-PIHPS,,,,,"PIHPS Provinsi Bengkulu (rata-rata pasar tradisional), bukan harga Bengkulu Tengah"
2023-06-15,PHP17,DAY01,37750,kg,BD-PIHPS,,,,,"PIHPS Provinsi Bengkulu (rata-rata pasar tradisional), bukan harga Bengkulu Tengah"
2023-06-15,PHP17,DSP01,137500,kg,BD-PIHPS,,,,,"PIHPS Provinsi Bengkulu (rata-rata pasar tradisional), bukan harga Bengkulu Tengah"
2023-06-15,PHP17,DSP02,137500,kg,BD-PIHPS,,,,,"PIHPS Provinsi Bengkulu (rata-rata pasar tradisional), bukan harga Bengkulu Tengah"
2023-06-15,PHP17,GLP01,14650,kg,BD-PIHPS,,,,,"PIHPS Provinsi Bengkulu (rata-rata pasar tradisional), bukan harga Bengkulu Tengah"
2023-06-15,PHP17,GLP02,15250,kg,BD-PIHPS,,,,,"PIHPS Provinsi Bengkulu (rata-rata pasar tradisional), bukan harga Bengkulu Tengah"
2023-06-15,PHP17,MGR01,15150,liter,BD-PIHPS,,,,,"PIHPS Provinsi Bengkulu (rata-rata pasar tradisional), bukan harga Bengkulu Tengah"
2023-06-15,PHP17,MGR02,21450,liter,BD-PIHPS,,,,,"PIHPS Provinsi Bengkulu (rata-rata pasar tradisional), bukan harga Bengkulu Tengah"
2023-06-15,PHP17,MGR03,19500,liter,BD-PIHPS,,,,,"PIHPS Provinsi Bengkulu (rata-rata pasar tradisional), bukan harga Bengkulu Tengah"
2023-06-15,PHP17,TLR01,28950,kg,BD-PIHPS,,,,,"PIHPS Provinsi Bengkulu (rata-rata pasar tradisional), bukan harga Bengkulu Tengah"
2023-06-16,PHP17,BRS01,11750,kg,BD-PIHPS,,,,,"PIHPS Provinsi Bengkulu (rata-rata pasar tradisional), bukan harga Bengkulu Tengah"
2023-06-16,PHP17,BRS02,12900,kg,BD-PIHPS,,,,,"PIHPS Provinsi Bengkulu (rata-rata pasar tradisional), bukan harga Bengkulu Tengah"
2023-06-16,PHP17,BRS03,13350,kg,BD-PIHPS,,,,,"PIHPS Provinsi Bengkulu (rata-rata pasar tradisional), bukan harga Bengkulu Tengah"
2023-06-16,PHP17,BRS04,13550,kg,BD-PIHPS,,,,,"PIHPS Provinsi Bengkulu (rata-rata pasar tradisional), bukan harga Bengkulu Tengah"
2023-06-16,PHP17,BRS05,13950,kg,BD-PIHPS,,,,,"PIHPS Provinsi Bengkulu (rata-rata pasar tradisional), bukan harga Bengkulu Tengah"
2023-06-16,PHP17,BRS06,14050,kg,BD-PIHPS,,,,,"PIHPS Provinsi Bengkulu (rata-rata pasar tradisional), bukan harga Bengkulu Tengah"
2023-06-16,PHP17,BWM01,41900,kg,BD-PIHPS,,,,,"PIHPS Provinsi Bengkulu (rata-rata pasar tradisional), bukan harga Bengkulu Tengah"
2023-06-16,PHP17,BWP01,41000,kg,BD-PIHPS,,,,,"PIHPS Provinsi Bengkulu (rata-rata pasar tradisional), bukan harga Bengkulu Tengah"
2023-06-16,PHP17,CMR01,21900,kg,BD-PIHPS,,,,,"PIHPS Provinsi Bengkulu (rata-rata pasar tradisional), bukan harga Bengkulu Tengah"
2023-06-16,PHP17,CMR02,25400,kg,BD-PIHPS,,,,,"PIHPS Provinsi Bengkulu (rata-rata pasar tradisional), bukan harga Bengkulu Tengah"
2023-06-16,PHP17,CRW01,32250,kg,BD-PIHPS,,,,,"PIHPS Provinsi Bengkulu (rata-rata pasar tradisional), bukan harga Bengkulu Tengah"
2023-06-16,PHP17,CRW02,27350,kg,BD-PIHPS,,,,,"PIHPS Provinsi Bengkulu (rata-rata pasar tradisional), bukan harga Bengkulu Tengah"
2023-06-16,PHP17,DAY01,37650,kg,BD-PIHPS,,,,,"PIHPS Provinsi Bengkulu (rata-rata pasar tradisional), bukan harga Bengkulu Tengah"
2023-06-16,PHP17,DSP01,137500,kg,BD-PIHPS,,,,,"PIHPS Provinsi Bengkulu (rata-rata pasar tradisional), bukan harga Bengkulu Tengah"
2023-06-16,PHP17,DSP02,137500,kg,BD-PIHPS,,,,,"PIHPS Provinsi Bengkulu (rata-rata pasar tradisional), bukan harga Bengkulu Tengah"
2023-06-16,PHP17,GLP01,14700,kg,BD-PIHPS,,,,,"PIHPS Provinsi Bengkulu (rata-rata pasar tradisional), bukan harga Bengkulu Tengah"
2023-06-16,PHP17,GLP02,15250,kg,BD-PIHPS,,,,,"PIHPS Provinsi Bengkulu (rata-rata pasar tradisional), bukan harga Bengkulu Tengah"
2023-06-16,PHP17,MGR01,15250,liter,BD-PIHPS,,,,,"PIHPS Provinsi Bengkulu (rata-rata pasar tradisional), bukan harga Bengkulu Tengah"
2023-06-16,PHP17,MGR02,20750,liter,BD-PIHPS,,,,,"PIHPS Provinsi Bengkulu (rata-rata pasar tradisional), bukan harga Bengkulu Tengah"
2023-06-16,PHP17,MGR03,18900,liter,BD-PIHPS,,,,,"PIHPS Provinsi Bengkulu (rata-rata pasar tradisional), bukan harga Bengkulu Tengah"
2023-06-16,PHP17,TLR01,28950,kg,BD-PIHPS,,,,,"PIHPS Provinsi Bengkulu (rata-rata pasar tradisional), bukan harga Bengkulu Tengah"
2023-06-19,PHP17,BRS01,11750,kg,BD-PIHPS,,,,,"PIHPS Provinsi Bengkulu (rata-rata pasar tradisional), bukan harga Bengkulu Tengah"
2023-06-19,PHP17,BRS02,12900,kg,BD-PIHPS,,,,,"PIHPS Provinsi Bengkulu (rata-rata pasar tradisional), bukan harga Bengkulu Tengah"
2023-06-19,PHP17,BRS03,13350,kg,BD-PIHPS,,,,,"PIHPS Provinsi Bengkulu (rata-rata pasar tradisional), bukan harga Bengkulu Tengah"
2023-06-19,PHP17,BRS04,13550,kg,BD-PIHPS,,,,,"PIHPS Provinsi Bengkulu (rata-rata pasar tradisional), bukan harga Bengkulu Tengah"
2023-06-19,PHP17,BRS05,13950,kg,BD-PIHPS,,,,,"PIHPS Provinsi Bengkulu (rata-rata pasar tradisional), bukan harga Bengkulu Tengah"
2023-06-19,PHP17,BRS06,14050,kg,BD-PIHPS,,,,,"PIHPS Provinsi Bengkulu (rata-rata pasar tradisional), bukan harga Bengkulu Tengah"
2023-06-19,PHP17,BWM01,42000,kg,BD-PIHPS,,,,,"PIHPS Provinsi Bengkulu (rata-rata pasar tradisional), bukan harga Bengkulu Tengah"
2023-06-19,PHP17,BWP01,40400,kg,BD-PIHPS,,,,,"PIHPS Provinsi Bengkulu (rata-rata pasar tradisional), bukan harga Bengkulu Tengah"
2023-06-19,PHP17,CMR01,22650,kg,BD-PIHPS,,,,,"PIHPS Provinsi Bengkulu (rata-rata pasar tradisional), bukan harga Bengkulu Tengah"
2023-06-19,PHP17,CMR02,26500,kg,BD-PIHPS,,,,,"PIHPS Provinsi Bengkulu (rata-rata pasar tradisional), bukan harga Bengkulu Tengah"
2023-06-19,PHP17,CRW01,32000,kg,BD-PIHPS,,,,,"PIHPS Provinsi Bengkulu (rata-rata pasar tradisional), bukan harga Bengkulu Tengah"
2023-06-19,PHP17,CRW02,27400,kg,BD-PIHPS,,,,,"PIHPS Provinsi Bengkulu (rata-rata pasar tradisional), bukan harga Bengkulu Tengah"
2023-06-19,PHP17,DAY01,37650,kg,BD-PIHPS,,,,,"PIHPS Provinsi Bengkulu (rata-rata pasar tradisional), bukan harga Bengkulu Tengah"
2023-06-19,PHP17,DSP01,137500,kg,BD-PIHPS,,,,,"PIHPS Provinsi Bengkulu (rata-rata pasar tradisional), bukan harga Bengkulu Tengah"
2023-06-19,PHP17,DSP02,137500,kg,BD-PIHPS,,,,,"PIHPS Provinsi Bengkulu (rata-rata pasar tradisional), bukan harga Bengkulu Tengah"
2023-06-19,PHP17,GLP01,14700,kg,BD-PIHPS,,,,,"PIHPS Provinsi Bengkulu (rata-rata pasar tradisional), bukan harga Bengkulu Tengah"
2023-06-19,PHP17,GLP02,15250,kg,BD-PIHPS,,,,,"PIHPS Provinsi Bengkulu (rata-rata pasar tradisional), bukan harga Bengkulu Tengah"
2023-06-19,PHP17,MGR01,15250,liter,BD-PIHPS,,,,,"PIHPS Provinsi Bengkulu (rata-rata pasar tradisional), bukan harga Bengkulu Tengah"
2023-06-19,PHP17,MGR02,20750,liter,BD-PIHPS,,,,,"PIHPS Provinsi Bengkulu (rata-rata pasar tradisional), bukan harga Bengkulu Tengah"
2023-06-19,PHP17,MGR03,18900,liter,BD-PIHPS,,,,,"PIHPS Provinsi Bengkulu (rata-rata pasar tradisional), bukan harga Bengkulu Tengah"
2023-06-19,PHP17,TLR01,28950,kg,BD-PIHPS,,,,,"PIHPS Provinsi Bengkulu (rata-rata pasar tradisional), bukan harga Bengkulu Tengah"
2023-06-20,PHP17,BRS01,11750,kg,BD-PIHPS,,,,,"PIHPS Provinsi Bengkulu (rata-rata pasar tradisional), bukan harga Bengkulu Tengah"
2023-06-20,PHP17,BRS02,12900,kg,BD-PIHPS,,,,,"PIHPS Provinsi Bengkulu (rata-rata pasar tradisional), bukan harga Bengkulu Tengah"
2023-06-20,PHP17,BRS03,13350,kg,BD-PIHPS,,,,,"PIHPS Provinsi Bengkulu (rata-rata pasar tradisional), bukan harga Bengkulu Tengah"
2023-06-20,PHP17,BRS04,13550,kg,BD-PIHPS,,,,,"PIHPS Provinsi Bengkulu (rata-rata pasar tradisional), bukan harga Bengkulu Tengah"
2023-06-20,PHP17,BRS05,13950,kg,BD-PIHPS,,,,,"PIHPS Provinsi Bengkulu (rata-rata pasar tradisional), bukan harga Bengkulu Tengah"
2023-06-20,PHP17,BRS06,14050,kg,BD-PIHPS,,,,,"PIHPS Provinsi Bengkulu (rata-rata pasar tradisional), bukan harga Bengkulu Tengah"
2023-06-20,PHP17,BWM01,43000,kg,BD-PIHPS,,,,,"PIHPS Provinsi Bengkulu (rata-rata pasar tradisional), bukan harga Bengkulu Tengah"
2023-06-20,PHP17,BWP01,40900,kg,BD-PIHPS,,,,,"PIHPS Provinsi Bengkulu (rata-rata pasar tradisional), bukan harga Bengkulu Tengah"
2023-06-20,PHP17,CMR01,22650,kg,BD-PIHPS,,,,,"PIHPS Provinsi Bengkulu (rata-rata pasar tradisional), bukan harga Bengkulu Tengah"
2023-06-20,PHP17,CMR02,26750,kg,BD-PIHPS,,,,,"PIHPS Provinsi Bengkulu (rata-rata pasar tradisional), bukan harga Bengkulu Tengah"
2023-06-20,PHP17,CRW01,31250,kg,BD-PIHPS,,,,,"PIHPS Provinsi Bengkulu (rata-rata pasar tradisional), bukan harga Bengkulu Tengah"
2023-06-20,PHP17,CRW02,27500,kg,BD-PIHPS,,,,,"PIHPS Provinsi Bengkulu (rata-rata pasar tradisional), bukan harga Bengkulu Tengah"
2023-06-20,PHP17,DAY01,37900,kg,BD-PIHPS,,,,,"PIHPS Provinsi Bengkulu (rata-rata pasar tradisional), bukan harga Bengkulu Tengah"
2023-06-20,PHP17,DSP01,137500,kg,BD-PIHPS,,,,,"PIHPS Provinsi Bengkulu (rata-rata pasar tradisional), bukan harga Bengkulu Tengah"
2023-06-20,PHP17,DSP02,137500,kg,BD-PIHPS,,,,,"PIHPS Provinsi Bengkulu (rata-rata pasar tradisional), bukan harga Bengkulu Tengah"
2023-06-20,PHP17,GLP01,14700,kg,BD-PIHPS,,,,,"PIHPS Provinsi Bengkulu (rata-rata pasar tradisional), bukan harga Bengkulu Tengah"
2023-06-20,PHP17,GLP02,15250,kg,BD-PIHPS,,,,,"PIHPS Provinsi Bengkulu (rata-rata pasar tradisional), bukan harga Bengkulu Tengah"
2023-06-20,PHP17,MGR01,15250,liter,BD-PIHPS,,,,,"PIHPS Provinsi Bengkulu (rata-rata pasar tradisional), bukan harga Bengkulu Tengah"
2023-06-20,PHP17,MGR02,20750,liter,BD-PIHPS,,,,,"PIHPS Provinsi Bengkulu (rata-rata pasar tradisional), bukan harga Bengkulu Tengah"
2023-06-20,PHP17,MGR03,18050,liter,BD-PIHPS,,,,,"PIHPS Provinsi Bengkulu (rata-rata pasar tradisional), bukan harga Bengkulu Tengah"
2023-06-20,PHP17,TLR01,28950,kg,BD-PIHPS,,,,,"PIHPS Provinsi Bengkulu (rata-rata pasar tradisional), bukan harga Bengkulu Tengah"
2023-06-21,PHP17,BRS01,11750,kg,BD-PIHPS,,,,,"PIHPS Provinsi Bengkulu (rata-rata pasar tradisional), bukan harga Bengkulu Tengah"
2023-06-21,PHP17,BRS02,12900,kg,BD-PIHPS,,,,,"PIHPS Provinsi Bengkulu (rata-rata pasar tradisional), bukan harga Bengkulu Tengah"
2023-06-21,PHP17,BRS03,13350,kg,BD-PIHPS,,,,,"PIHPS Provinsi Bengkulu (rata-rata pasar tradisional), bukan harga Bengkulu Tengah"
2023-06-21,PHP17,BRS04,13550,kg,BD-PIHPS,,,,,"PIHPS Provinsi Bengkulu (rata-rata pasar tradisional), bukan harga Bengkulu Tengah"
2023-06-21,PHP17,BRS05,13950,kg,BD-PIHPS,,,,,"PIHPS Provinsi Bengkulu (rata-rata pasar tradisional), bukan harga Bengkulu Tengah"
2023-06-21,PHP17,BRS06,14050,kg,BD-PIHPS,,,,,"PIHPS Provinsi Bengkulu (rata-rata pasar tradisional), bukan harga Bengkulu Tengah"
2023-06-21,PHP17,BWM01,43400,kg,BD-PIHPS,,,,,"PIHPS Provinsi Bengkulu (rata-rata pasar tradisional), bukan harga Bengkulu Tengah"
2023-06-21,PHP17,BWP01,41000,kg,BD-PIHPS,,,,,"PIHPS Provinsi Bengkulu (rata-rata pasar tradisional), bukan harga Bengkulu Tengah"
2023-06-21,PHP17,CMR01,22900,kg,BD-PIHPS,,,,,"PIHPS Provinsi Bengkulu (rata-rata pasar tradisional), bukan harga Bengkulu Tengah"
2023-06-21,PHP17,CMR02,27250,kg,BD-PIHPS,,,,,"PIHPS Provinsi Bengkulu (rata-rata pasar tradisional), bukan harga Bengkulu Tengah"
2023-06-21,PHP17,CRW01,31150,kg,BD-PIHPS,,,,,"PIHPS Provinsi Bengkulu (rata-rata pasar tradisional), bukan harga Bengkulu Tengah"
2023-06-21,PHP17,CRW02,26900,kg,BD-PIHPS,,,,,"PIHPS Provinsi Bengkulu (rata-rata pasar tradisional), bukan harga Bengkulu Tengah"
2023-06-21,PHP17,DAY01,37900,kg,BD-PIHPS,,,,,"PIHPS Provinsi Bengkulu (rata-rata pasar tradisional), bukan harga Bengkulu Tengah"
2023-06-21,PHP17,DSP01,137500,kg,BD-PIHPS,,,,,"PIHPS Provinsi Bengkulu (rata-rata pasar tradisional), bukan harga Bengkulu Tengah"
2023-06-21,PHP17,DSP02,137500,kg,BD-PIHPS,,,,,"PIHPS Provinsi Bengkulu (rata-rata pasar tradisional), bukan harga Bengkulu Tengah"
2023-06-21,PHP17,GLP01,14700,kg,BD-PIHPS,,,,,"PIHPS Provinsi Bengkulu (rata-rata pasar tradisional), bukan harga Bengkulu Tengah"
2023-06-21,PHP17,GLP02,15250,kg,BD-PIHPS,,,,,"PIHPS Provinsi Bengkulu (rata-rata pasar tradisional), bukan harga Bengkulu Tengah"
2023-06-21,PHP17,MGR01,15250,liter,BD-PIHPS,,,,,"PIHPS Provinsi Bengkulu (rata-rata pasar tradisional), bukan harga Bengkulu Tengah"
2023-06-21,PHP17,MGR02,20750,liter,BD-PIHPS,,,,,"PIHPS Provinsi Bengkulu (rata-rata pasar tradisional), bukan harga Bengkulu Tengah"
2023-06-21,PHP17,MGR03,18050,liter,BD-PIHPS,,,,,"PIHPS Provinsi Bengkulu (rata-rata pasar tradisional), bukan harga Bengkulu Tengah"
2023-06-21,PHP17,TLR01,28950,kg,BD-PIHPS,,,,,"PIHPS Provinsi Bengkulu (rata-rata pasar tradisional), bukan harga Bengkulu Tengah"
2023-06-22,PHP17,BRS01,11700,kg,BD-PIHPS,,,,,"PIHPS Provinsi Bengkulu (rata-rata pasar tradisional), bukan harga Bengkulu Tengah"
2023-06-22,PHP17,BRS02,12900,kg,BD-PIHPS,,,,,"PIHPS Provinsi Bengkulu (rata-rata pasar tradisional), bukan harga Bengkulu Tengah"
2023-06-22,PHP17,BRS03,13400,kg,BD-PIHPS,,,,,"PIHPS Provinsi Bengkulu (rata-rata pasar tradisional), bukan harga Bengkulu Tengah"
2023-06-22,PHP17,BRS04,13600,kg,BD-PIHPS,,,,,"PIHPS Provinsi Bengkulu (rata-rata pasar tradisional), bukan harga Bengkulu Tengah"
2023-06-22,PHP17,BRS05,13950,kg,BD-PIHPS,,,,,"PIHPS Provinsi Bengkulu (rata-rata pasar tradisional), bukan harga Bengkulu Tengah"
2023-06-22,PHP17,BRS06,14050,kg,BD-PIHPS,,,,,"PIHPS Provinsi Bengkulu (rata-rata pasar tradisional), bukan harga Bengkulu Tengah"
2023-06-22,PHP17,BWM01,44250,kg,BD-PIHPS,,,,,"PIHPS Provinsi Bengkulu (rata-rata pasar tradisional), bukan harga Bengkulu Tengah"
2023-06-22,PHP17,BWP01,41000,kg,BD-PIHPS,,,,,"PIHPS Provinsi Bengkulu (rata-rata pasar tradisional), bukan harga Bengkulu Tengah"
2023-06-22,PHP17,CMR01,23500,kg,BD-PIHPS,,,,,"PIHPS Provinsi Bengkulu (rata-rata pasar tradisional), bukan harga Bengkulu Tengah"
2023-06-22,PHP17,CMR02,27750,kg,BD-PIHPS,,,,,"PIHPS Provinsi Bengkulu (rata-rata pasar tradisional), bukan harga Bengkulu Tengah"
2023-06-22,PHP17,CRW01,31650,kg,BD-PIHPS,,,,,"PIHPS Provinsi Bengkulu (rata-rata pasar tradisional), bukan harga Bengkulu Tengah"
2023-06-22,PHP17,CRW02,26900,kg,BD-PIHPS,,,,,"PIHPS Provinsi Bengkulu (rata-rata pasar tradisional), bukan harga Bengkulu Tengah"
2023-06-22,PHP17,DAY01,37900,kg,BD-PIHPS,,,,,"PIHPS Provinsi Bengkulu (rata-rata pasar tradisional), bukan harga Bengkulu Tengah"
2023-06-22,PHP17,DSP01,137500,kg,BD-PIHPS,,,,,"PIHPS Provinsi Bengkulu (rata-rata pasar tradisional), bukan harga Bengkulu Tengah"
2023-06-22,PHP17,DSP02,137500,kg,BD-PIHPS,,,,,"PIHPS Provinsi Bengkulu (rata-rata pasar tradisional), bukan harga Bengkulu Tengah"
2023-06-22,PHP17,GLP01,14700,kg,BD-PIHPS,,,,,"PIHPS Provinsi Bengkulu (rata-rata pasar tradisional), bukan harga Bengkulu Tengah"
2023-06-22,PHP17,GLP02,15250,kg,BD-PIHPS,,,,,"PIHPS Provinsi Bengkulu (rata-rata pasar tradisional), bukan harga Bengkulu Tengah"
2023-06-22,PHP17,MGR01,15250,liter,BD-PIHPS,,,,,"PIHPS Provinsi Bengkulu (rata-rata pasar tradisional), bukan harga Bengkulu Tengah"
2023-06-22,PHP17,MGR02,20750,liter,BD-PIHPS,,,,,"PIHPS Provinsi Bengkulu (rata-rata pasar tradisional), bukan harga Bengkulu Tengah"
2023-06-22,PHP17,MGR03,18050,liter,BD-PIHPS,,,,,"PIHPS Provinsi Bengkulu (rata-rata pasar tradisional), bukan harga Bengkulu Tengah"
2023-06-22,PHP17,TLR01,28950,kg,BD-PIHPS,,,,,"PIHPS Provinsi Bengkulu (rata-rata pasar tradisional), bukan harga Bengkulu Tengah"
2023-06-23,PHP17,BRS01,11700,kg,BD-PIHPS,,,,,"PIHPS Provinsi Bengkulu (rata-rata pasar tradisional), bukan harga Bengkulu Tengah"
2023-06-23,PHP17,BRS02,12900,kg,BD-PIHPS,,,,,"PIHPS Provinsi Bengkulu (rata-rata pasar tradisional), bukan harga Bengkulu Tengah"
2023-06-23,PHP17,BRS03,13400,kg,BD-PIHPS,,,,,"PIHPS Provinsi Bengkulu (rata-rata pasar tradisional), bukan harga Bengkulu Tengah"
2023-06-23,PHP17,BRS04,13600,kg,BD-PIHPS,,,,,"PIHPS Provinsi Bengkulu (rata-rata pasar tradisional), bukan harga Bengkulu Tengah"
2023-06-23,PHP17,BRS05,13950,kg,BD-PIHPS,,,,,"PIHPS Provinsi Bengkulu (rata-rata pasar tradisional), bukan harga Bengkulu Tengah"
2023-06-23,PHP17,BRS06,14050,kg,BD-PIHPS,,,,,"PIHPS Provinsi Bengkulu (rata-rata pasar tradisional), bukan harga Bengkulu Tengah"
2023-06-23,PHP17,BWM01,44500,kg,BD-PIHPS,,,,,"PIHPS Provinsi Bengkulu (rata-rata pasar tradisional), bukan harga Bengkulu Tengah"
2023-06-23,PHP17,BWP01,41000,kg,BD-PIHPS,,,,,"PIHPS Provinsi Bengkulu (rata-rata pasar tradisional), bukan harga Bengkulu Tengah"
2023-06-23,PHP17,CMR01,24500,kg,BD-PIHPS,,,,,"PIHPS Provinsi Bengkulu (rata-rata pasar tradisional), bukan harga Bengkulu Tengah"
2023-06-23,PHP17,CMR02,27500,kg,BD-PIHPS,,,,,"PIHPS Provinsi Bengkulu (rata-rata pasar tradisional), bukan harga Bengkulu Tengah"
2023-06-23,PHP17,CRW01,32150,kg,BD-PIHPS,,,,,"PIHPS Provinsi Bengkulu (rata-rata pasar tradisional), bukan harga Bengkulu Tengah"
2023-06-23,PHP17,CRW02,26550,kg,BD-PIHPS,,,,,"PIHPS Provinsi Bengkulu (rata-rata pasar tradisional), bukan harga Bengkulu Tengah"
2023-06-23,PHP17,DAY01,38650,kg,BD-PIHPS,,,,,"PIHPS Provinsi Bengkulu (rata-rata pasar tradisional), bukan harga Bengkulu Tengah"
2023-06-23,PHP17,DSP01,137500,kg,BD-PIHPS,,,,,"PIHPS Provinsi Bengkulu (rata-rata pasar tradisional), bukan harga Bengkulu Tengah"
2023-06-23,PHP17,DSP02,137500,kg,BD-PIHPS,,,,,"PIHPS Provinsi Bengkulu (rata-rata pasar tradisional), bukan harga Bengkulu Tengah"
2023-06-23,PHP17,GLP01,14700,kg,BD-PIHPS,,,,,"PIHPS Provinsi Bengkulu (rata-rata pasar tradisional), bukan harga Bengkulu Tengah"
2023-06-23,PHP17,GLP02,15250,kg,BD-PIHPS,,,,,"PIHPS Provinsi Bengkulu (rata-rata pasar tradisional), bukan harga Bengkulu Tengah"
2023-06-23,PHP17,MGR01,15250,liter,BD-PIHPS,,,,,"PIHPS Provinsi Bengkulu (rata-rata pasar tradisional), bukan harga Bengkulu Tengah"
2023-06-23,PHP17,MGR02,20750,liter,BD-PIHPS,,,,,"PIHPS Provinsi Bengkulu (rata-rata pasar tradisional), bukan harga Bengkulu Tengah"
2023-06-23,PHP17,MGR03,18050,liter,BD-PIHPS,,,,,"PIHPS Provinsi Bengkulu (rata-rata pasar tradisional), bukan harga Bengkulu Tengah"
2023-06-23,PHP17,TLR01,28950,kg,BD-PIHPS,,,,,"PIHPS Provinsi Bengkulu (rata-rata pasar tradisional), bukan harga Bengkulu Tengah"
2023-06-26,PHP17,BRS01,11700,kg,BD-PIHPS,,,,,"PIHPS Provinsi Bengkulu (rata-rata pasar tradisional), bukan harga Bengkulu Tengah"
2023-06-26,PHP17,BRS02,12900,kg,BD-PIHPS,,,,,"PIHPS Provinsi Bengkulu (rata-rata pasar tradisional), bukan harga Bengkulu Tengah"
2023-06-26,PHP17,BRS03,13400,kg,BD-PIHPS,,,,,"PIHPS Provinsi Bengkulu (rata-rata pasar tradisional), bukan harga Bengkulu Tengah"
2023-06-26,PHP17,BRS04,13600,kg,BD-PIHPS,,,,,"PIHPS Provinsi Bengkulu (rata-rata pasar tradisional), bukan harga Bengkulu Tengah"
2023-06-26,PHP17,BRS05,13950,kg,BD-PIHPS,,,,,"PIHPS Provinsi Bengkulu (rata-rata pasar tradisional), bukan harga Bengkulu Tengah"
2023-06-26,PHP17,BRS06,14050,kg,BD-PIHPS,,,,,"PIHPS Provinsi Bengkulu (rata-rata pasar tradisional), bukan harga Bengkulu Tengah"
2023-06-26,PHP17,BWM01,44500,kg,BD-PIHPS,,,,,"PIHPS Provinsi Bengkulu (rata-rata pasar tradisional), bukan harga Bengkulu Tengah"
2023-06-26,PHP17,BWP01,40750,kg,BD-PIHPS,,,,,"PIHPS Provinsi Bengkulu (rata-rata pasar tradisional), bukan harga Bengkulu Tengah"
2023-06-26,PHP17,CMR01,26000,kg,BD-PIHPS,,,,,"PIHPS Provinsi Bengkulu (rata-rata pasar tradisional), bukan harga Bengkulu Tengah"
2023-06-26,PHP17,CMR02,30250,kg,BD-PIHPS,,,,,"PIHPS Provinsi Bengkulu (rata-rata pasar tradisional), bukan harga Bengkulu Tengah"
2023-06-26,PHP17,CRW01,32650,kg,BD-PIHPS,,,,,"PIHPS Provinsi Bengkulu (rata-rata pasar tradisional), bukan harga Bengkulu Tengah"
2023-06-26,PHP17,CRW02,26450,kg,BD-PIHPS,,,,,"PIHPS Provinsi Bengkulu (rata-rata pasar tradisional), bukan harga Bengkulu Tengah"
2023-06-26,PHP17,DAY01,38750,kg,BD-PIHPS,,,,,"PIHPS Provinsi Bengkulu (rata-rata pasar tradisional), bukan harga Bengkulu Tengah"
2023-06-26,PHP17,DSP01,137500,kg,BD-PIHPS,,,,,"PIHPS Provinsi Bengkulu (rata-rata pasar tradisional), bukan harga Bengkulu Tengah"
2023-06-26,PHP17,DSP02,137500,kg,BD-PIHPS,,,,,"PIHPS Provinsi Bengkulu (rata-rata pasar tradisional), bukan harga Bengkulu Tengah"
2023-06-26,PHP17,GLP01,14700,kg,BD-PIHPS,,,,,"PIHPS Provinsi Bengkulu (rata-rata pasar tradisional), bukan harga Bengkulu Tengah"
2023-06-26,PHP17,GLP02,15250,kg,BD-PIHPS,,,,,"PIHPS Provinsi Bengkulu (rata-rata pasar tradisional), bukan harga Bengkulu Tengah"
2023-06-26,PHP17,MGR01,15000,liter,BD-PIHPS,,,,,"PIHPS Provinsi Bengkulu (rata-rata pasar tradisional), bukan harga Bengkulu Tengah"
2023-06-26,PHP17,MGR02,20000,liter,BD-PIHPS,,,,,"PIHPS Provinsi Bengkulu (rata-rata pasar tradisional), bukan harga Bengkulu Tengah"
2023-06-26,PHP17,MGR03,17700,liter,BD-PIHPS,,,,,"PIHPS Provinsi Bengkulu (rata-rata pasar tradisional), bukan harga Bengkulu Tengah"
2023-06-26,PHP17,TLR01,29050,kg,BD-PIHPS,,,,,"PIHPS Provinsi Bengkulu (rata-rata pasar tradisional), bukan harga Bengkulu Tengah"
2023-06-27,PHP17,BRS01,11700,kg,BD-PIHPS,,,,,"PIHPS Provinsi Bengkulu (rata-rata pasar tradisional), bukan harga Bengkulu Tengah"
2023-06-27,PHP17,BRS02,12900,kg,BD-PIHPS,,,,,"PIHPS Provinsi Bengkulu (rata-rata pasar tradisional), bukan harga Bengkulu Tengah"
2023-06-27,PHP17,BRS03,13400,kg,BD-PIHPS,,,,,"PIHPS Provinsi Bengkulu (rata-rata pasar tradisional), bukan harga Bengkulu Tengah"
2023-06-27,PHP17,BRS04,13600,kg,BD-PIHPS,,,,,"PIHPS Provinsi Bengkulu (rata-rata pasar tradisional), bukan harga Bengkulu Tengah"
2023-06-27,PHP17,BRS05,13950,kg,BD-PIHPS,,,,,"PIHPS Provinsi Bengkulu (rata-rata pasar tradisional), bukan harga Bengkulu Tengah"
2023-06-27,PHP17,BRS06,14050,kg,BD-PIHPS,,,,,"PIHPS Provinsi Bengkulu (rata-rata pasar tradisional), bukan harga Bengkulu Tengah"
2023-06-27,PHP17,BWM01,44400,kg,BD-PIHPS,,,,,"PIHPS Provinsi Bengkulu (rata-rata pasar tradisional), bukan harga Bengkulu Tengah"
2023-06-27,PHP17,BWP01,40750,kg,BD-PIHPS,,,,,"PIHPS Provinsi Bengkulu (rata-rata pasar tradisional), bukan harga Bengkulu Tengah"
2023-06-27,PHP17,CMR01,28650,kg,BD-PIHPS,,,,,"PIHPS Provinsi Bengkulu (rata-rata pasar tradisional), bukan harga Bengkulu Tengah"
2023-06-27,PHP17,CMR02,33650,kg,BD-PIHPS,,,,,"PIHPS Provinsi Bengkulu (rata-rata pasar tradisional), bukan harga Bengkulu Tengah"
2023-06-27,PHP17,CRW01,33900,kg,BD-PIHPS,,,,,"PIHPS Provinsi Bengkulu (rata-rata pasar tradisional), bukan harga Bengkulu Tengah"
2023-06-27,PHP17,CRW02,26450,kg,BD-PIHPS,,,,,"PIHPS Provinsi Bengkulu (rata-rata pasar tradisional), bukan harga Bengkulu Tengah"
2023-06-27,PHP17,DAY01,38750,kg,BD-PIHPS,,,,,"PIHPS Provinsi Bengkulu (rata-rata pasar tradisional), bukan harga Bengkulu Tengah"
2023-06-27,PHP17,DSP01,137500,kg,BD-PIHPS,,,,,"PIHPS Provinsi Bengkulu (rata-rata pasar tradisional), bukan harga Bengkulu Tengah"
2023-06-27,PHP17,DSP02,137500,kg,BD-PIHPS,,,,,"PIHPS Provinsi Bengkulu (rata-rata pasar tradisional), bukan harga Bengkulu Tengah"
2023-06-27,PHP17,GLP01,14700,kg,BD-PIHPS,,,,,"PIHPS Provinsi Bengkulu (rata-rata pasar tradisional), bukan harga Bengkulu Tengah"
2023-06-27,PHP17,GLP02,15400,kg,BD-PIHPS,,,,,"PIHPS Provinsi Bengkulu (rata-rata pasar tradisional), bukan harga Bengkulu Tengah"
2023-06-27,PHP17,MGR01,14950,liter,BD-PIHPS,,,,,"PIHPS Provinsi Bengkulu (rata-rata pasar tradisional), bukan harga Bengkulu Tengah"
2023-06-27,PHP17,MGR02,20000,liter,BD-PIHPS,,,,,"PIHPS Provinsi Bengkulu (rata-rata pasar tradisional), bukan harga Bengkulu Tengah"
2023-06-27,PHP17,MGR03,17700,liter,BD-PIHPS,,,,,"PIHPS Provinsi Bengkulu (rata-rata pasar tradisional), bukan harga Bengkulu Tengah"
2023-06-27,PHP17,TLR01,29050,kg,BD-PIHPS,,,,,"PIHPS Provinsi Bengkulu (rata-rata pasar tradisional), bukan harga Bengkulu Tengah"
2023-06-28,PHP17,BRS01,11700,kg,BD-PIHPS,,,,,"PIHPS Provinsi Bengkulu (rata-rata pasar tradisional), bukan harga Bengkulu Tengah"
2023-06-28,PHP17,BRS02,12900,kg,BD-PIHPS,,,,,"PIHPS Provinsi Bengkulu (rata-rata pasar tradisional), bukan harga Bengkulu Tengah"
2023-06-28,PHP17,BRS03,13400,kg,BD-PIHPS,,,,,"PIHPS Provinsi Bengkulu (rata-rata pasar tradisional), bukan harga Bengkulu Tengah"
2023-06-28,PHP17,BRS04,13600,kg,BD-PIHPS,,,,,"PIHPS Provinsi Bengkulu (rata-rata pasar tradisional), bukan harga Bengkulu Tengah"
2023-06-28,PHP17,BRS05,13950,kg,BD-PIHPS,,,,,"PIHPS Provinsi Bengkulu (rata-rata pasar tradisional), bukan harga Bengkulu Tengah"
2023-06-28,PHP17,BRS06,14050,kg,BD-PIHPS,,,,,"PIHPS Provinsi Bengkulu (rata-rata pasar tradisional), bukan harga Bengkulu Tengah"
2023-06-28,PHP17,BWM01,44400,kg,BD-PIHPS,,,,,"PIHPS Provinsi Bengkulu (rata-rata pasar tradisional), bukan harga Bengkulu Tengah"
2023-06-28,PHP17,BWP01,40750,kg,BD-PIHPS,,,,,"PIHPS Provinsi Bengkulu (rata-rata pasar tradisional), bukan harga Bengkulu Tengah"
2023-06-28,PHP17,CMR01,28650,kg,BD-PIHPS,,,,,"PIHPS Provinsi Bengkulu (rata-rata pasar tradisional), bukan harga Bengkulu Tengah"
2023-06-28,PHP17,CMR02,33650,kg,BD-PIHPS,,,,,"PIHPS Provinsi Bengkulu (rata-rata pasar tradisional), bukan harga Bengkulu Tengah"
2023-06-28,PHP17,CRW01,33900,kg,BD-PIHPS,,,,,"PIHPS Provinsi Bengkulu (rata-rata pasar tradisional), bukan harga Bengkulu Tengah"
2023-06-28,PHP17,CRW02,26450,kg,BD-PIHPS,,,,,"PIHPS Provinsi Bengkulu (rata-rata pasar tradisional), bukan harga Bengkulu Tengah"
2023-06-28,PHP17,DAY01,38750,kg,BD-PIHPS,,,,,"PIHPS Provinsi Bengkulu (rata-rata pasar tradisional), bukan harga Bengkulu Tengah"
2023-06-28,PHP17,DSP01,137500,kg,BD-PIHPS,,,,,"PIHPS Provinsi Bengkulu (rata-rata pasar tradisional), bukan harga Bengkulu Tengah"
2023-06-28,PHP17,DSP02,137500,kg,BD-PIHPS,,,,,"PIHPS Provinsi Bengkulu (rata-rata pasar tradisional), bukan harga Bengkulu Tengah"
2023-06-28,PHP17,GLP01,14700,kg,BD-PIHPS,,,,,"PIHPS Provinsi Bengkulu (rata-rata pasar tradisional), bukan harga Bengkulu Tengah"
2023-06-28,PHP17,GLP02,15400,kg,BD-PIHPS,,,,,"PIHPS Provinsi Bengkulu (rata-rata pasar tradisional), bukan harga Bengkulu Tengah"
2023-06-28,PHP17,MGR01,14950,liter,BD-PIHPS,,,,,"PIHPS Provinsi Bengkulu (rata-rata pasar tradisional), bukan harga Bengkulu Tengah"
2023-06-28,PHP17,MGR02,20000,liter,BD-PIHPS,,,,,"PIHPS Provinsi Bengkulu (rata-rata pasar tradisional), bukan harga Bengkulu Tengah"
2023-06-28,PHP17,MGR03,17700,liter,BD-PIHPS,,,,,"PIHPS Provinsi Bengkulu (rata-rata pasar tradisional), bukan harga Bengkulu Tengah"
2023-06-28,PHP17,TLR01,29050,kg,BD-PIHPS,,,,,"PIHPS Provinsi Bengkulu (rata-rata pasar tradisional), bukan harga Bengkulu Tengah"
2023-06-29,PHP17,BRS01,11700,kg,BD-PIHPS,,,,,"PIHPS Provinsi Bengkulu (rata-rata pasar tradisional), bukan harga Bengkulu Tengah"
2023-06-29,PHP17,BRS02,12900,kg,BD-PIHPS,,,,,"PIHPS Provinsi Bengkulu (rata-rata pasar tradisional), bukan harga Bengkulu Tengah"
2023-06-29,PHP17,BRS03,13400,kg,BD-PIHPS,,,,,"PIHPS Provinsi Bengkulu (rata-rata pasar tradisional), bukan harga Bengkulu Tengah"
2023-06-29,PHP17,BRS04,13600,kg,BD-PIHPS,,,,,"PIHPS Provinsi Bengkulu (rata-rata pasar tradisional), bukan harga Bengkulu Tengah"
2023-06-29,PHP17,BRS05,13950,kg,BD-PIHPS,,,,,"PIHPS Provinsi Bengkulu (rata-rata pasar tradisional), bukan harga Bengkulu Tengah"
2023-06-29,PHP17,BRS06,14050,kg,BD-PIHPS,,,,,"PIHPS Provinsi Bengkulu (rata-rata pasar tradisional), bukan harga Bengkulu Tengah"
2023-06-29,PHP17,BWM01,44400,kg,BD-PIHPS,,,,,"PIHPS Provinsi Bengkulu (rata-rata pasar tradisional), bukan harga Bengkulu Tengah"
2023-06-29,PHP17,BWP01,40750,kg,BD-PIHPS,,,,,"PIHPS Provinsi Bengkulu (rata-rata pasar tradisional), bukan harga Bengkulu Tengah"
2023-06-29,PHP17,CMR01,28650,kg,BD-PIHPS,,,,,"PIHPS Provinsi Bengkulu (rata-rata pasar tradisional), bukan harga Bengkulu Tengah"
2023-06-29,PHP17,CMR02,33650,kg,BD-PIHPS,,,,,"PIHPS Provinsi Bengkulu (rata-rata pasar tradisional), bukan harga Bengkulu Tengah"
2023-06-29,PHP17,CRW01,33900,kg,BD-PIHPS,,,,,"PIHPS Provinsi Bengkulu (rata-rata pasar tradisional), bukan harga Bengkulu Tengah"
2023-06-29,PHP17,CRW02,26450,kg,BD-PIHPS,,,,,"PIHPS Provinsi Bengkulu (rata-rata pasar tradisional), bukan harga Bengkulu Tengah"
2023-06-29,PHP17,DAY01,38750,kg,BD-PIHPS,,,,,"PIHPS Provinsi Bengkulu (rata-rata pasar tradisional), bukan harga Bengkulu Tengah"
2023-06-29,PHP17,DSP01,137500,kg,BD-PIHPS,,,,,"PIHPS Provinsi Bengkulu (rata-rata pasar tradisional), bukan harga Bengkulu Tengah"
2023-06-29,PHP17,DSP02,137500,kg,BD-PIHPS,,,,,"PIHPS Provinsi Bengkulu (rata-rata pasar tradisional), bukan harga Bengkulu Tengah"
2023-06-29,PHP17,GLP01,14700,kg,BD-PIHPS,,,,,"PIHPS Provinsi Bengkulu (rata-rata pasar tradisional), bukan harga Bengkulu Tengah"
2023-06-29,PHP17,GLP02,15400,kg,BD-PIHPS,,,,,"PIHPS Provinsi Bengkulu (rata-rata pasar tradisional), bukan harga Bengkulu Tengah"
2023-06-29,PHP17,MGR01,14950,liter,BD-PIHPS,,,,,"PIHPS Provinsi Bengkulu (rata-rata pasar tradisional), bukan harga Bengkulu Tengah"
2023-06-29,PHP17,MGR02,20000,liter,BD-PIHPS,,,,,"PIHPS Provinsi Bengkulu (rata-rata pasar tradisional), bukan harga Bengkulu Tengah"
2023-06-29,PHP17,MGR03,17700,liter,BD-PIHPS,,,,,"PIHPS Provinsi Bengkulu (rata-rata pasar tradisional), bukan harga Bengkulu Tengah"
2023-06-29,PHP17,TLR01,29050,kg,BD-PIHPS,,,,,"PIHPS Provinsi Bengkulu (rata-rata pasar tradisional), bukan harga Bengkulu Tengah"
2023-06-30,PHP17,BRS01,11700,kg,BD-PIHPS,,,,,"PIHPS Provinsi Bengkulu (rata-rata pasar tradisional), bukan harga Bengkulu Tengah"
2023-06-30,PHP17,BRS02,12900,kg,BD-PIHPS,,,,,"PIHPS Provinsi Bengkulu (rata-rata pasar tradisional), bukan harga Bengkulu Tengah"
2023-06-30,PHP17,BRS03,13400,kg,BD-PIHPS,,,,,"PIHPS Provinsi Bengkulu (rata-rata pasar tradisional), bukan harga Bengkulu Tengah"
2023-06-30,PHP17,BRS04,13600,kg,BD-PIHPS,,,,,"PIHPS Provinsi Bengkulu (rata-rata pasar tradisional), bukan harga Bengkulu Tengah"
2023-06-30,PHP17,BRS05,13950,kg,BD-PIHPS,,,,,"PIHPS Provinsi Bengkulu (rata-rata pasar tradisional), bukan harga Bengkulu Tengah"
2023-06-30,PHP17,BRS06,14050,kg,BD-PIHPS,,,,,"PIHPS Provinsi Bengkulu (rata-rata pasar tradisional), bukan harga Bengkulu Tengah"
2023-06-30,PHP17,BWM01,44400,kg,BD-PIHPS,,,,,"PIHPS Provinsi Bengkulu (rata-rata pasar tradisional), bukan harga Bengkulu Tengah"
2023-06-30,PHP17,BWP01,40750,kg,BD-PIHPS,,,,,"PIHPS Provinsi Bengkulu (rata-rata pasar tradisional), bukan harga Bengkulu Tengah"
2023-06-30,PHP17,CMR01,28650,kg,BD-PIHPS,,,,,"PIHPS Provinsi Bengkulu (rata-rata pasar tradisional), bukan harga Bengkulu Tengah"
2023-06-30,PHP17,CMR02,33650,kg,BD-PIHPS,,,,,"PIHPS Provinsi Bengkulu (rata-rata pasar tradisional), bukan harga Bengkulu Tengah"
2023-06-30,PHP17,CRW01,33900,kg,BD-PIHPS,,,,,"PIHPS Provinsi Bengkulu (rata-rata pasar tradisional), bukan harga Bengkulu Tengah"
2023-06-30,PHP17,CRW02,26450,kg,BD-PIHPS,,,,,"PIHPS Provinsi Bengkulu (rata-rata pasar tradisional), bukan harga Bengkulu Tengah"
2023-06-30,PHP17,DAY01,38750,kg,BD-PIHPS,,,,,"PIHPS Provinsi Bengkulu (rata-rata pasar tradisional), bukan harga Bengkulu Tengah"
2023-06-30,PHP17,DSP01,137500,kg,BD-PIHPS,,,,,"PIHPS Provinsi Bengkulu (rata-rata pasar tradisional), bukan harga Bengkulu Tengah"
2023-06-30,PHP17,DSP02,137500,kg,BD-PIHPS,,,,,"PIHPS Provinsi Bengkulu (rata-rata pasar tradisional), bukan harga Bengkulu Tengah"
2023-06-30,PHP17,GLP01,14700,kg,BD-PIHPS,,,,,"PIHPS Provinsi Bengkulu (rata-rata pasar tradisional), bukan harga Bengkulu Tengah"
2023-06-30,PHP17,GLP02,15400,kg,BD-PIHPS,,,,,"PIHPS Provinsi Bengkulu (rata-rata pasar tradisional), bukan harga Bengkulu Tengah"
2023-06-30,PHP17,MGR01,14950,liter,BD-PIHPS,,,,,"PIHPS Provinsi Bengkulu (rata-rata pasar tradisional), bukan harga Bengkulu Tengah"
2023-06-30,PHP17,MGR02,20000,liter,BD-PIHPS,,,,,"PIHPS Provinsi Bengkulu (rata-rata pasar tradisional), bukan harga Bengkulu Tengah"
2023-06-30,PHP17,MGR03,17700,liter,BD-PIHPS,,,,,"PIHPS Provinsi Bengkulu (rata-rata pasar tradisional), bukan harga Bengkulu Tengah"
2023-06-30,PHP17,TLR01,29050,kg,BD-PIHPS,,,,,"PIHPS Provinsi Bengkulu (rata-rata pasar tradisional), bukan harga Bengkulu Tengah"
2023-07-03,PHP17,BRS01,11700,kg,BD-PIHPS,,,,,"PIHPS Provinsi Bengkulu (rata-rata pasar tradisional), bukan harga Bengkulu Tengah"
2023-07-03,PHP17,BRS02,12900,kg,BD-PIHPS,,,,,"PIHPS Provinsi Bengkulu (rata-rata pasar tradisional), bukan harga Bengkulu Tengah"
2023-07-03,PHP17,BRS03,13400,kg,BD-PIHPS,,,,,"PIHPS Provinsi Bengkulu (rata-rata pasar tradisional), bukan harga Bengkulu Tengah"
2023-07-03,PHP17,BRS04,13600,kg,BD-PIHPS,,,,,"PIHPS Provinsi Bengkulu (rata-rata pasar tradisional), bukan harga Bengkulu Tengah"
2023-07-03,PHP17,BRS05,13950,kg,BD-PIHPS,,,,,"PIHPS Provinsi Bengkulu (rata-rata pasar tradisional), bukan harga Bengkulu Tengah"
2023-07-03,PHP17,BRS06,14050,kg,BD-PIHPS,,,,,"PIHPS Provinsi Bengkulu (rata-rata pasar tradisional), bukan harga Bengkulu Tengah"
2023-07-03,PHP17,BWM01,43650,kg,BD-PIHPS,,,,,"PIHPS Provinsi Bengkulu (rata-rata pasar tradisional), bukan harga Bengkulu Tengah"
2023-07-03,PHP17,BWP01,41750,kg,BD-PIHPS,,,,,"PIHPS Provinsi Bengkulu (rata-rata pasar tradisional), bukan harga Bengkulu Tengah"
2023-07-03,PHP17,CMR01,35500,kg,BD-PIHPS,,,,,"PIHPS Provinsi Bengkulu (rata-rata pasar tradisional), bukan harga Bengkulu Tengah"
2023-07-03,PHP17,CMR02,39500,kg,BD-PIHPS,,,,,"PIHPS Provinsi Bengkulu (rata-rata pasar tradisional), bukan harga Bengkulu Tengah"
2023-07-03,PHP17,CRW01,38000,kg,BD-PIHPS,,,,,"PIHPS Provinsi Bengkulu (rata-rata pasar tradisional), bukan harga Bengkulu Tengah"
2023-07-03,PHP17,CRW02,27650,kg,BD-PIHPS,,,,,"PIHPS Provinsi Bengkulu (rata-rata pasar tradisional), bukan harga Bengkulu Tengah"
2023-07-03,PHP17,DAY01,40000,kg,BD-PIHPS,,,,,"PIHPS Provinsi Bengkulu (rata-rata pasar tradisional), bukan harga Bengkulu Tengah"
2023-07-03,PHP17,DSP01,137500,kg,BD-PIHPS,,,,,"PIHPS Provinsi Bengkulu (rata-rata pasar tradisional), bukan harga Bengkulu Tengah"
2023-07-03,PHP17,DSP02,137500,kg,BD-PIHPS,,,,,"PIHPS Provinsi Bengkulu (rata-rata pasar tradisional), bukan harga Bengkulu Tengah"
2023-07-03,PHP17,GLP01,14700,kg,BD-PIHPS,,,,,"PIHPS Provinsi Bengkulu (rata-rata pasar tradisional), bukan harga Bengkulu Tengah"
2023-07-03,PHP17,GLP02,15400,kg,BD-PIHPS,,,,,"PIHPS Provinsi Bengkulu (rata-rata pasar tradisional), bukan harga Bengkulu Tengah"
2023-07-03,PHP17,MGR01,14950,liter,BD-PIHPS,,,,,"PIHPS Provinsi Bengkulu (rata-rata pasar tradisional), bukan harga Bengkulu Tengah"
2023-07-03,PHP17,MGR02,20000,liter,BD-PIHPS,,,,,"PIHPS Provinsi Bengkulu (rata-rata pasar tradisional), bukan harga Bengkulu Tengah"
2023-07-03,PHP17,MGR03,17700,liter,BD-PIHPS,,,,,"PIHPS Provinsi Bengkulu (rata-rata pasar tradisional), bukan harga Bengkulu Tengah"
2023-07-03,PHP17,TLR01,29050,kg,BD-PIHPS,,,,,"PIHPS Provinsi Bengkulu (rata-rata pasar tradisional), bukan harga Bengkulu Tengah"
2023-07-04,PHP17,BRS01,11700,kg,BD-PIHPS,,,,,"PIHPS Provinsi Bengkulu (rata-rata pasar tradisional), bukan harga Bengkulu Tengah"
2023-07-04,PHP17,BRS02,12900,kg,BD-PIHPS,,,,,"PIHPS Provinsi Bengkulu (rata-rata pasar tradisional), bukan harga Bengkulu Tengah"
2023-07-04,PHP17,BRS03,13400,kg,BD-PIHPS,,,,,"PIHPS Provinsi Bengkulu (rata-rata pasar tradisional), bukan harga Bengkulu Tengah"
2023-07-04,PHP17,BRS04,13600,kg,BD-PIHPS,,,,,"PIHPS Provinsi Bengkulu (rata-rata pasar tradisional), bukan harga Bengkulu Tengah"
2023-07-04,PHP17,BRS05,13950,kg,BD-PIHPS,,,,,"PIHPS Provinsi Bengkulu (rata-rata pasar tradisional), bukan harga Bengkulu Tengah"
2023-07-04,PHP17,BRS06,14050,kg,BD-PIHPS,,,,,"PIHPS Provinsi Bengkulu (rata-rata pasar tradisional), bukan harga Bengkulu Tengah"
2023-07-04,PHP17,BWM01,43150,kg,BD-PIHPS,,,,,"PIHPS Provinsi Bengkulu (rata-rata pasar tradisional), bukan harga Bengkulu Tengah"
2023-07-04,PHP17,BWP01,41750,kg,BD-PIHPS,,,,,"PIHPS Provinsi Bengkulu (rata-rata pasar tradisional), bukan harga Bengkulu Tengah"
2023-07-04,PHP17,CMR01,38400,kg,BD-PIHPS,,,,,"PIHPS Provinsi Bengkulu (rata-rata pasar tradisional), bukan harga Bengkulu Tengah"
2023-07-04,PHP17,CMR02,42400,kg,BD-PIHPS,,,,,"PIHPS Provinsi Bengkulu (rata-rata pasar tradisional), bukan harga Bengkulu Tengah"
2023-07-04,PHP17,CRW01,40150,kg,BD-PIHPS,,,,,"PIHPS Provinsi Bengkulu (rata-rata pasar tradisional), bukan harga Bengkulu Tengah"
2023-07-04,PHP17,CRW02,28850,kg,BD-PIHPS,,,,,"PIHPS Provinsi Bengkulu (rata-rata pasar tradisional), bukan harga Bengkulu Tengah"
2023-07-04,PHP17,DAY01,40000,kg,BD-PIHPS,,,,,"PIHPS Provinsi Bengkulu (rata-rata pasar tradisional), bukan harga Bengkulu Tengah"
2023-07-04,PHP17,DSP01,137500,kg,BD-PIHPS,,,,,"PIHPS Provinsi Bengkulu (rata-rata pasar tradisional), bukan harga Bengkulu Tengah"
2023-07-04,PHP17,DSP02,137500,kg,BD-PIHPS,,,,,"PIHPS Provinsi Bengkulu (rata-rata pasar tradisional), bukan harga Bengkulu Tengah"
2023-07-04,PHP17,GLP01,14700,kg,BD-PIHPS,,,,,"PIHPS Provinsi Bengkulu (rata-rata pasar tradisional), bukan harga Bengkulu Tengah"
2023-07-04,PHP17,GLP02,15400,kg,BD-PIHPS,,,,,"PIHPS Provinsi Bengkulu (rata-rata pasar tradisional), bukan harga Bengkulu Tengah"
2023-07-04,PHP17,MGR01,14950,liter,BD-PIHPS,,,,,"PIHPS Provinsi Bengkulu (rata-rata pasar tradisional), bukan harga Bengkulu Tengah"
2023-07-04,PHP17,MGR02,20000,liter,BD-PIHPS,,,,,"PIHPS Provinsi Bengkulu (rata-rata pasar tradisional), bukan harga Bengkulu Tengah"
2023-07-04,PHP17,MGR03,17700,liter,BD-PIHPS,,,,,"PIHPS Provinsi Bengkulu (rata-rata pasar tradisional), bukan harga Bengkulu Tengah"
2023-07-04,PHP17,TLR01,29350,kg,BD-PIHPS,,,,,"PIHPS Provinsi Bengkulu (rata-rata pasar tradisional), bukan harga Bengkulu Tengah"
2023-07-05,PHP17,BRS01,11700,kg,BD-PIHPS,,,,,"PIHPS Provinsi Bengkulu (rata-rata pasar tradisional), bukan harga Bengkulu Tengah"
2023-07-05,PHP17,BRS02,12900,kg,BD-PIHPS,,,,,"PIHPS Provinsi Bengkulu (rata-rata pasar tradisional), bukan harga Bengkulu Tengah"
2023-07-05,PHP17,BRS03,13400,kg,BD-PIHPS,,,,,"PIHPS Provinsi Bengkulu (rata-rata pasar tradisional), bukan harga Bengkulu Tengah"
2023-07-05,PHP17,BRS04,13600,kg,BD-PIHPS,,,,,"PIHPS Provinsi Bengkulu (rata-rata pasar tradisional), bukan harga Bengkulu Tengah"
2023-07-05,PHP17,BRS05,13950,kg,BD-PIHPS,,,,,"PIHPS Provinsi Bengkulu (rata-rata pasar tradisional), bukan harga Bengkulu Tengah"
2023-07-05,PHP17,BRS06,14050,kg,BD-PIHPS,,,,,"PIHPS Provinsi Bengkulu (rata-rata pasar tradisional), bukan harga Bengkulu Tengah"
2023-07-05,PHP17,BWM01,42750,kg,BD-PIHPS,,,,,"PIHPS Provinsi Bengkulu (rata-rata pasar tradisional), bukan harga Bengkulu Tengah"
2023-07-05,PHP17,BWP01,41750,kg,BD-PIHPS,,,,,"PIHPS Provinsi Bengkulu (rata-rata pasar tradisional), bukan harga Bengkulu Tengah"
2023-07-05,PHP17,CMR01,35400,kg,BD-PIHPS,,,,,"PIHPS Provinsi Bengkulu (rata-rata pasar tradisional), bukan harga Bengkulu Tengah"
2023-07-05,PHP17,CMR02,39500,kg,BD-PIHPS,,,,,"PIHPS Provinsi Bengkulu (rata-rata pasar tradisional), bukan harga Bengkulu Tengah"
2023-07-05,PHP17,CRW01,38400,kg,BD-PIHPS,,,,,"PIHPS Provinsi Bengkulu (rata-rata pasar tradisional), bukan harga Bengkulu Tengah"
2023-07-05,PHP17,CRW02,28300,kg,BD-PIHPS,,,,,"PIHPS Provinsi Bengkulu (rata-rata pasar tradisional), bukan harga Bengkulu Tengah"
2023-07-05,PHP17,DAY01,40000,kg,BD-PIHPS,,,,,"PIHPS Provinsi Bengkulu (rata-rata pasar tradisional), bukan harga Bengkulu Tengah"
2023-07-05,PHP17,DSP01,137500,kg,BD-PIHPS,,,,,"PIHPS Provinsi Bengkulu (rata-rata pasar tradisional), bukan harga Bengkulu Tengah"
2023-07-05,PHP17,DSP02,137500,kg,BD-PIHPS,,,,,"PIHPS Provinsi Bengkulu (rata-rata pasar tradisional), bukan harga Bengkulu Tengah"
2023-07-05,PHP17,GLP01,14700,kg,BD-PIHPS,,,,,"PIHPS Provinsi Bengkulu (rata-rata pasar tradisional), bukan harga Bengkulu Tengah"
2023-07-05,PHP17,GLP02,15400,kg,BD-PIHPS,,,,,"PIHPS Provinsi Bengkulu (rata-rata pasar tradisional), bukan harga Bengkulu Tengah"
2023-07-05,PHP17,MGR01,14950,liter,BD-PIHPS,,,,,"PIHPS Provinsi Bengkulu (rata-rata pasar tradisional), bukan harga Bengkulu Tengah"
2023-07-05,PHP17,MGR02,19950,liter,BD-PIHPS,,,,,"PIHPS Provinsi Bengkulu (rata-rata pasar tradisional), bukan harga Bengkulu Tengah"
2023-07-05,PHP17,MGR03,17700,liter,BD-PIHPS,,,,,"PIHPS Provinsi Bengkulu (rata-rata pasar tradisional), bukan harga Bengkulu Tengah"
2023-07-05,PHP17,TLR01,29350,kg,BD-PIHPS,,,,,"PIHPS Provinsi Bengkulu (rata-rata pasar tradisional), bukan harga Bengkulu Tengah"
2023-07-06,PHP17,BRS01,11700,kg,BD-PIHPS,,,,,"PIHPS Provinsi Bengkulu (rata-rata pasar tradisional), bukan harga Bengkulu Tengah"
2023-07-06,PHP17,BRS02,12900,kg,BD-PIHPS,,,,,"PIHPS Provinsi Bengkulu (rata-rata pasar tradisional), bukan harga Bengkulu Tengah"
2023-07-06,PHP17,BRS03,13400,kg,BD-PIHPS,,,,,"PIHPS Provinsi Bengkulu (rata-rata pasar tradisional), bukan harga Bengkulu Tengah"
2023-07-06,PHP17,BRS04,13600,kg,BD-PIHPS,,,,,"PIHPS Provinsi Bengkulu (rata-rata pasar tradisional), bukan harga Bengkulu Tengah"
2023-07-06,PHP17,BRS05,13950,kg,BD-PIHPS,,,,,"PIHPS Provinsi Bengkulu (rata-rata pasar tradisional), bukan harga Bengkulu Tengah"
2023-07-06,PHP17,BRS06,14050,kg,BD-PIHPS,,,,,"PIHPS Provinsi Bengkulu (rata-rata pasar tradisional), bukan harga Bengkulu Tengah"
2023-07-06,PHP17,BWM01,42150,kg,BD-PIHPS,,,,,"PIHPS Provinsi Bengkulu (rata-rata pasar tradisional), bukan harga Bengkulu Tengah"
2023-07-06,PHP17,BWP01,41750,kg,BD-PIHPS,,,,,"PIHPS Provinsi Bengkulu (rata-rata pasar tradisional), bukan harga Bengkulu Tengah"
2023-07-06,PHP17,CMR01,32900,kg,BD-PIHPS,,,,,"PIHPS Provinsi Bengkulu (rata-rata pasar tradisional), bukan harga Bengkulu Tengah"
2023-07-06,PHP17,CMR02,36400,kg,BD-PIHPS,,,,,"PIHPS Provinsi Bengkulu (rata-rata pasar tradisional), bukan harga Bengkulu Tengah"
2023-07-06,PHP17,CRW01,37500,kg,BD-PIHPS,,,,,"PIHPS Provinsi Bengkulu (rata-rata pasar tradisional), bukan harga Bengkulu Tengah"
2023-07-06,PHP17,CRW02,27150,kg,BD-PIHPS,,,,,"PIHPS Provinsi Bengkulu (rata-rata pasar tradisional), bukan harga Bengkulu Tengah"
2023-07-06,PHP17,DAY01,40000,kg,BD-PIHPS,,,,,"PIHPS Provinsi Bengkulu (rata-rata pasar tradisional), bukan harga Bengkulu Tengah"
2023-07-06,PHP17,DSP01,137500,kg,BD-PIHPS,,,,,"PIHPS Provinsi Bengkulu (rata-rata pasar tradisional), bukan harga Bengkulu Tengah"
2023-07-06,PHP17,DSP02,137500,kg,BD-PIHPS,,,,,"PIHPS Provinsi Bengkulu (rata-rata pasar tradisional), bukan harga Bengkulu Tengah"
2023-07-06,PHP17,GLP01,14700,kg,BD-PIHPS,,,,,"PIHPS Provinsi Bengkulu (rata-rata pasar tradisional), bukan harga Bengkulu Tengah"
2023-07-06,PHP17,GLP02,15400,kg,BD-PIHPS,,,,,"PIHPS Provinsi Bengkulu (rata-rata pasar tradisional), bukan harga Bengkulu Tengah"
2023-07-06,PHP17,MGR01,14950,liter,BD-PIHPS,,,,,"PIHPS Provinsi Bengkulu (rata-rata pasar tradisional), bukan harga Bengkulu Tengah"
2023-07-06,PHP17,MGR02,19950,liter,BD-PIHPS,,,,,"PIHPS Provinsi Bengkulu (rata-rata pasar tradisional), bukan harga Bengkulu Tengah"
2023-07-06,PHP17,MGR03,17700,liter,BD-PIHPS,,,,,"PIHPS Provinsi Bengkulu (rata-rata pasar tradisional), bukan harga Bengkulu Tengah"
2023-07-06,PHP17,TLR01,29350,kg,BD-PIHPS,,,,,"PIHPS Provinsi Bengkulu (rata-rata pasar tradisional), bukan harga Bengkulu Tengah"
2023-07-07,PHP17,BRS01,11700,kg,BD-PIHPS,,,,,"PIHPS Provinsi Bengkulu (rata-rata pasar tradisional), bukan harga Bengkulu Tengah"
2023-07-07,PHP17,BRS02,12900,kg,BD-PIHPS,,,,,"PIHPS Provinsi Bengkulu (rata-rata pasar tradisional), bukan harga Bengkulu Tengah"
2023-07-07,PHP17,BRS03,13400,kg,BD-PIHPS,,,,,"PIHPS Provinsi Bengkulu (rata-rata pasar tradisional), bukan harga Bengkulu Tengah"
2023-07-07,PHP17,BRS04,13600,kg,BD-PIHPS,,,,,"PIHPS Provinsi Bengkulu (rata-rata pasar tradisional), bukan harga Bengkulu Tengah"
2023-07-07,PHP17,BRS05,13950,kg,BD-PIHPS,,,,,"PIHPS Provinsi Bengkulu (rata-rata pasar tradisional), bukan harga Bengkulu Tengah"
2023-07-07,PHP17,BRS06,14050,kg,BD-PIHPS,,,,,"PIHPS Provinsi Bengkulu (rata-rata pasar tradisional), bukan harga Bengkulu Tengah"
2023-07-07,PHP17,BWM01,42400,kg,BD-PIHPS,,,,,"PIHPS Provinsi Bengkulu (rata-rata pasar tradisional), bukan harga Bengkulu Tengah"
2023-07-07,PHP17,BWP01,42000,kg,BD-PIHPS,,,,,"PIHPS Provinsi Bengkulu (rata-rata pasar tradisional), bukan harga Bengkulu Tengah"
2023-07-07,PHP17,CMR01,31250,kg,BD-PIHPS,,,,,"PIHPS Provinsi Bengkulu (rata-rata pasar tradisional), bukan harga Bengkulu Tengah"
2023-07-07,PHP17,CMR02,34900,kg,BD-PIHPS,,,,,"PIHPS Provinsi Bengkulu (rata-rata pasar tradisional), bukan harga Bengkulu Tengah"
2023-07-07,PHP17,CRW01,35650,kg,BD-PIHPS,,,,,"PIHPS Provinsi Bengkulu (rata-rata pasar tradisional), bukan harga Bengkulu Tengah"
2023-07-07,PHP17,CRW02,26900,kg,BD-PIHPS,,,,,"PIHPS Provinsi Bengkulu (rata-rata pasar tradisional), bukan harga Bengkulu Tengah"
2023-07-07,PHP17,DAY01,40000,kg,BD-PIHPS,,,,,"PIHPS Provinsi Bengkulu (rata-rata pasar tradisional), bukan harga Bengkulu Tengah"
2023-07-07,PHP17,DSP01,137500,kg,BD-PIHPS,,,,,"PIHPS Provinsi Bengkulu (rata-rata pasar tradisional), bukan harga Bengkulu Tengah"
2023-07-07,PHP17,DSP02,137500,kg,BD-PIHPS,,,,,"PIHPS Provinsi Bengkulu (rata-rata pasar tradisional), bukan harga Bengkulu Tengah"
2023-07-07,PHP17,GLP01,14700,kg,BD-PIHPS,,,,,"PIHPS Provinsi Bengkulu (rata-rata pasar tradisional), bukan harga Bengkulu Tengah"
2023-07-07,PHP17,GLP02,15400,kg,BD-PIHPS,,,,,"PIHPS Provinsi Bengkulu (rata-rata pasar tradisional), bukan harga Bengkulu Tengah"
2023-07-07,PHP17,MGR01,14950,liter,BD-PIHPS,,,,,"PIHPS Provinsi Bengkulu (rata-rata pasar tradisional), bukan harga Bengkulu Tengah"
2023-07-07,PHP17,MGR02,19950,liter,BD-PIHPS,,,,,"PIHPS Provinsi Bengkulu (rata-rata pasar tradisional), bukan harga Bengkulu Tengah"
2023-07-07,PHP17,MGR03,17700,liter,BD-PIHPS,,,,,"PIHPS Provinsi Bengkulu (rata-rata pasar tradisional), bukan harga Bengkulu Tengah"
2023-07-07,PHP17,TLR01,29350,kg,BD-PIHPS,,,,,"PIHPS Provinsi Bengkulu (rata-rata pasar tradisional), bukan harga Bengkulu Tengah"
2023-07-10,PHP17,BRS01,11700,kg,BD-PIHPS,,,,,"PIHPS Provinsi Bengkulu (rata-rata pasar tradisional), bukan harga Bengkulu Tengah"
2023-07-10,PHP17,BRS02,12900,kg,BD-PIHPS,,,,,"PIHPS Provinsi Bengkulu (rata-rata pasar tradisional), bukan harga Bengkulu Tengah"
2023-07-10,PHP17,BRS03,13400,kg,BD-PIHPS,,,,,"PIHPS Provinsi Bengkulu (rata-rata pasar tradisional), bukan harga Bengkulu Tengah"
2023-07-10,PHP17,BRS04,13600,kg,BD-PIHPS,,,,,"PIHPS Provinsi Bengkulu (rata-rata pasar tradisional), bukan harga Bengkulu Tengah"
2023-07-10,PHP17,BRS05,13950,kg,BD-PIHPS,,,,,"PIHPS Provinsi Bengkulu (rata-rata pasar tradisional), bukan harga Bengkulu Tengah"
2023-07-10,PHP17,BRS06,14050,kg,BD-PIHPS,,,,,"PIHPS Provinsi Bengkulu (rata-rata pasar tradisional), bukan harga Bengkulu Tengah"
2023-07-10,PHP17,BWM01,42000,kg,BD-PIHPS,,,,,"PIHPS Provinsi Bengkulu (rata-rata pasar tradisional), bukan harga Bengkulu Tengah"
2023-07-10,PHP17,BWP01,41400,kg,BD-PIHPS,,,,,"PIHPS Provinsi Bengkulu (rata-rata pasar tradisional), bukan harga Bengkulu Tengah"
2023-07-10,PHP17,CMR01,32650,kg,BD-PIHPS,,,,,"PIHPS Provinsi Bengkulu (rata-rata pasar tradisional), bukan harga Bengkulu Tengah"
2023-07-10,PHP17,CMR02,35750,kg,BD-PIHPS,,,,,"PIHPS Provinsi Bengkulu (rata-rata pasar tradisional), bukan harga Bengkulu Tengah"
2023-07-10,PHP17,CRW01,35750,kg,BD-PIHPS,,,,,"PIHPS Provinsi Bengkulu (rata-rata pasar tradisional), bukan harga Bengkulu Tengah"
2023-07-10,PHP17,CRW02,27050,kg,BD-PIHPS,,,,,"PIHPS Provinsi Bengkulu (rata-rata pasar tradisional), bukan harga Bengkulu Tengah"
2023-07-10,PHP17,DAY01,38150,kg,BD-PIHPS,,,,,"PIHPS Provinsi Bengkulu (rata-rata pasar tradisional), bukan harga Bengkulu Tengah"
2023-07-10,PHP17,DSP01,137500,kg,BD-PIHPS,,,,,"PIHPS Provinsi Bengkulu (rata-rata pasar tradisional), bukan harga Bengkulu Tengah"
2023-07-10,PHP17,DSP02,137500,kg,BD-PIHPS,,,,,"PIHPS Provinsi Bengkulu (rata-rata pasar tradisional), bukan harga Bengkulu Tengah"
2023-07-10,PHP17,GLP01,14700,kg,BD-PIHPS,,,,,"PIHPS Provinsi Bengkulu (rata-rata pasar tradisional), bukan harga Bengkulu Tengah"
2023-07-10,PHP17,GLP02,15400,kg,BD-PIHPS,,,,,"PIHPS Provinsi Bengkulu (rata-rata pasar tradisional), bukan harga Bengkulu Tengah"
2023-07-10,PHP17,MGR01,14950,liter,BD-PIHPS,,,,,"PIHPS Provinsi Bengkulu (rata-rata pasar tradisional), bukan harga Bengkulu Tengah"
2023-07-10,PHP17,MGR02,19950,liter,BD-PIHPS,,,,,"PIHPS Provinsi Bengkulu (rata-rata pasar tradisional), bukan harga Bengkulu Tengah"
2023-07-10,PHP17,MGR03,17700,liter,BD-PIHPS,,,,,"PIHPS Provinsi Bengkulu (rata-rata pasar tradisional), bukan harga Bengkulu Tengah"
2023-07-10,PHP17,TLR01,29350,kg,BD-PIHPS,,,,,"PIHPS Provinsi Bengkulu (rata-rata pasar tradisional), bukan harga Bengkulu Tengah"
2023-07-11,PHP17,BRS01,11700,kg,BD-PIHPS,,,,,"PIHPS Provinsi Bengkulu (rata-rata pasar tradisional), bukan harga Bengkulu Tengah"
2023-07-11,PHP17,BRS02,12900,kg,BD-PIHPS,,,,,"PIHPS Provinsi Bengkulu (rata-rata pasar tradisional), bukan harga Bengkulu Tengah"
2023-07-11,PHP17,BRS03,13400,kg,BD-PIHPS,,,,,"PIHPS Provinsi Bengkulu (rata-rata pasar tradisional), bukan harga Bengkulu Tengah"
2023-07-11,PHP17,BRS04,13600,kg,BD-PIHPS,,,,,"PIHPS Provinsi Bengkulu (rata-rata pasar tradisional), bukan harga Bengkulu Tengah"
2023-07-11,PHP17,BRS05,13950,kg,BD-PIHPS,,,,,"PIHPS Provinsi Bengkulu (rata-rata pasar tradisional), bukan harga Bengkulu Tengah"
2023-07-11,PHP17,BRS06,14050,kg,BD-PIHPS,,,,,"PIHPS Provinsi Bengkulu (rata-rata pasar tradisional), bukan harga Bengkulu Tengah"
2023-07-11,PHP17,BWM01,41750,kg,BD-PIHPS,,,,,"PIHPS Provinsi Bengkulu (rata-rata pasar tradisional), bukan harga Bengkulu Tengah"
2023-07-11,PHP17,BWP01,41400,kg,BD-PIHPS,,,,,"PIHPS Provinsi Bengkulu (rata-rata pasar tradisional), bukan harga Bengkulu Tengah"
2023-07-11,PHP17,CMR01,32750,kg,BD-PIHPS,,,,,"PIHPS Provinsi Bengkulu (rata-rata pasar tradisional), bukan harga Bengkulu Tengah"
2023-07-11,PHP17,CMR02,36150,kg,BD-PIHPS,,,,,"PIHPS Provinsi Bengkulu (rata-rata pasar tradisional), bukan harga Bengkulu Tengah"
2023-07-11,PHP17,CRW01,36000,kg,BD-PIHPS,,,,,"PIHPS Provinsi Bengkulu (rata-rata pasar tradisional), bukan harga Bengkulu Tengah"
2023-07-11,PHP17,CRW02,27400,kg,BD-PIHPS,,,,,"PIHPS Provinsi Bengkulu (rata-rata pasar tradisional), bukan harga Bengkulu Tengah"
2023-07-11,PHP17,DAY01,38150,kg,BD-PIHPS,,,,,"PIHPS Provinsi Bengkulu (rata-rata pasar tradisional), bukan harga Bengkulu Tengah"
2023-07-11,PHP17,DSP01,137500,kg,BD-PIHPS,,,,,"PIHPS Provinsi Bengkulu (rata-rata pasar tradisional), bukan harga Bengkulu Tengah"
2023-07-11,PHP17,DSP02,137500,kg,BD-PIHPS,,,,,"PIHPS Provinsi Bengkulu (rata-rata pasar tradisional), bukan harga Bengkulu Tengah"
2023-07-11,PHP17,GLP01,14700,kg,BD-PIHPS,,,,,"PIHPS Provinsi Bengkulu (rata-rata pasar tradisional), bukan harga Bengkulu Tengah"
2023-07-11,PHP17,GLP02,15400,kg,BD-PIHPS,,,,,"PIHPS Provinsi Bengkulu (rata-rata pasar tradisional), bukan harga Bengkulu Tengah"
2023-07-11,PHP17,MGR01,14950,liter,BD-PIHPS,,,,,"PIHPS Provinsi Bengkulu (rata-rata pasar tradisional), bukan harga Bengkulu Tengah"
2023-07-11,PHP17,MGR02,19800,liter,BD-PIHPS,,,,,"PIHPS Provinsi Bengkulu (rata-rata pasar tradisional), bukan harga Bengkulu Tengah"
2023-07-11,PHP17,MGR03,17700,liter,BD-PIHPS,,,,,"PIHPS Provinsi Bengkulu (rata-rata pasar tradisional), bukan harga Bengkulu Tengah"
2023-07-11,PHP17,TLR01,29350,kg,BD-PIHPS,,,,,"PIHPS Provinsi Bengkulu (rata-rata pasar tradisional), bukan harga Bengkulu Tengah"
2023-07-12,PHP17,BRS01,11700,kg,BD-PIHPS,,,,,"PIHPS Provinsi Bengkulu (rata-rata pasar tradisional), bukan harga Bengkulu Tengah"
2023-07-12,PHP17,BRS02,12900,kg,BD-PIHPS,,,,,"PIHPS Provinsi Bengkulu (rata-rata pasar tradisional), bukan harga Bengkulu Tengah"
2023-07-12,PHP17,BRS03,13400,kg,BD-PIHPS,,,,,"PIHPS Provinsi Bengkulu (rata-rata pasar tradisional), bukan harga Bengkulu Tengah"
2023-07-12,PHP17,BRS04,13600,kg,BD-PIHPS,,,,,"PIHPS Provinsi Bengkulu (rata-rata pasar tradisional), bukan harga Bengkulu Tengah"
2023-07-12,PHP17,BRS05,13950,kg,BD-PIHPS,,,,,"PIHPS Provinsi Bengkulu (rata-rata pasar tradisional), bukan harga Bengkulu Tengah"
2023-07-12,PHP17,BRS06,14050,kg,BD-PIHPS,,,,,"PIHPS Provinsi Bengkulu (rata-rata pasar tradisional), bukan harga Bengkulu Tengah"
2023-07-12,PHP17,BWM01,40000,kg,BD-PIHPS,,,,,"PIHPS Provinsi Bengkulu (rata-rata pasar tradisional), bukan harga Bengkulu Tengah"
2023-07-12,PHP17,BWP01,41150,kg,BD-PIHPS,,,,,"PIHPS Provinsi Bengkulu (rata-rata pasar tradisional), bukan harga Bengkulu Tengah"
2023-07-12,PHP17,CMR01,33400,kg,BD-PIHPS,,,,,"PIHPS Provinsi Bengkulu (rata-rata pasar tradisional), bukan harga Bengkulu Tengah"
2023-07-12,PHP17,CMR02,36500,kg,BD-PIHPS,,,,,"PIHPS Provinsi Bengkulu (rata-rata pasar tradisional), bukan harga Bengkulu Tengah"
2023-07-12,PHP17,CRW01,36250,kg,BD-PIHPS,,,,,"PIHPS Provinsi Bengkulu (rata-rata pasar tradisional), bukan harga Bengkulu Tengah"
2023-07-12,PHP17,CRW02,26600,kg,BD-PIHPS,,,,,"PIHPS Provinsi Bengkulu (rata-rata pasar tradisional), bukan harga Bengkulu Tengah"
2023-07-12,PHP17,DAY01,38150,kg,BD-PIHPS,,,,,"PIHPS Provinsi Bengkulu (rata-rata pasar tradisional), bukan harga Bengkulu Tengah"
2023-07-12,PHP17,DSP01,137500,kg,BD-PIHPS,,,,,"PIHPS Provinsi Bengkulu (rata-rata pasar tradisional), bukan harga Bengkulu Tengah"
2023-07-12,PHP17,DSP02,137500,kg,BD-PIHPS,,,,,"PIHPS Provinsi Bengkulu (rata-rata pasar tradisional), bukan harga Bengkulu Tengah"
2023-07-12,PHP17,GLP01,14700,kg,BD-PIHPS,,,,,"PIHPS Provinsi Bengkulu (rata-rata pasar tradisional), bukan harga Bengkulu Tengah"
2023-07-12,PHP17,GLP02,15400,kg,BD-PIHPS,,,,,"PIHPS Provinsi Bengkulu (rata-rata pasar tradisional), bukan harga Bengkulu Tengah"
2023-07-12,PHP17,MGR01,14950,liter,BD-PIHPS,,,,,"PIHPS Provinsi Bengkulu (rata-rata pasar tradisional), bukan harga Bengkulu Tengah"
2023-07-12,PHP17,MGR02,19800,liter,BD-PIHPS,,,,,"PIHPS Provinsi Bengkulu (rata-rata pasar tradisional), bukan harga Bengkulu Tengah"
2023-07-12,PHP17,MGR03,17700,liter,BD-PIHPS,,,,,"PIHPS Provinsi Bengkulu (rata-rata pasar tradisional), bukan harga Bengkulu Tengah"
2023-07-12,PHP17,TLR01,29350,kg,BD-PIHPS,,,,,"PIHPS Provinsi Bengkulu (rata-rata pasar tradisional), bukan harga Bengkulu Tengah"
2023-07-13,PHP17,BRS01,11700,kg,BD-PIHPS,,,,,"PIHPS Provinsi Bengkulu (rata-rata pasar tradisional), bukan harga Bengkulu Tengah"
2023-07-13,PHP17,BRS02,12900,kg,BD-PIHPS,,,,,"PIHPS Provinsi Bengkulu (rata-rata pasar tradisional), bukan harga Bengkulu Tengah"
2023-07-13,PHP17,BRS03,13400,kg,BD-PIHPS,,,,,"PIHPS Provinsi Bengkulu (rata-rata pasar tradisional), bukan harga Bengkulu Tengah"
2023-07-13,PHP17,BRS04,13600,kg,BD-PIHPS,,,,,"PIHPS Provinsi Bengkulu (rata-rata pasar tradisional), bukan harga Bengkulu Tengah"
2023-07-13,PHP17,BRS05,13950,kg,BD-PIHPS,,,,,"PIHPS Provinsi Bengkulu (rata-rata pasar tradisional), bukan harga Bengkulu Tengah"
2023-07-13,PHP17,BRS06,14050,kg,BD-PIHPS,,,,,"PIHPS Provinsi Bengkulu (rata-rata pasar tradisional), bukan harga Bengkulu Tengah"
2023-07-13,PHP17,BWM01,39500,kg,BD-PIHPS,,,,,"PIHPS Provinsi Bengkulu (rata-rata pasar tradisional), bukan harga Bengkulu Tengah"
2023-07-13,PHP17,BWP01,41650,kg,BD-PIHPS,,,,,"PIHPS Provinsi Bengkulu (rata-rata pasar tradisional), bukan harga Bengkulu Tengah"
2023-07-13,PHP17,CMR01,34400,kg,BD-PIHPS,,,,,"PIHPS Provinsi Bengkulu (rata-rata pasar tradisional), bukan harga Bengkulu Tengah"
2023-07-13,PHP17,CMR02,37150,kg,BD-PIHPS,,,,,"PIHPS Provinsi Bengkulu (rata-rata pasar tradisional), bukan harga Bengkulu Tengah"
2023-07-13,PHP17,CRW01,35150,kg,BD-PIHPS,,,,,"PIHPS Provinsi Bengkulu (rata-rata pasar tradisional), bukan harga Bengkulu Tengah"
2023-07-13,PHP17,CRW02,25900,kg,BD-PIHPS,,,,,"PIHPS Provinsi Bengkulu (rata-rata pasar tradisional), bukan harga Bengkulu Tengah"
2023-07-13,PHP17,DAY01,38000,kg,BD-PIHPS,,,,,"PIHPS Provinsi Bengkulu (rata-rata pasar tradisional), bukan harga Bengkulu Tengah"
2023-07-13,PHP17,DSP01,137500,kg,BD-PIHPS,,,,,"PIHPS Provinsi Bengkulu (rata-rata pasar tradisional), bukan harga Bengkulu Tengah"
2023-07-13,PHP17,DSP02,137500,kg,BD-PIHPS,,,,,"PIHPS Provinsi Bengkulu (rata-rata pasar tradisional), bukan harga Bengkulu Tengah"
2023-07-13,PHP17,GLP01,14700,kg,BD-PIHPS,,,,,"PIHPS Provinsi Bengkulu (rata-rata pasar tradisional), bukan harga Bengkulu Tengah"
2023-07-13,PHP17,GLP02,15400,kg,BD-PIHPS,,,,,"PIHPS Provinsi Bengkulu (rata-rata pasar tradisional), bukan harga Bengkulu Tengah"
2023-07-13,PHP17,MGR01,15250,liter,BD-PIHPS,,,,,"PIHPS Provinsi Bengkulu (rata-rata pasar tradisional), bukan harga Bengkulu Tengah"
2023-07-13,PHP17,MGR02,20050,liter,BD-PIHPS,,,,,"PIHPS Provinsi Bengkulu (rata-rata pasar tradisional), bukan harga Bengkulu Tengah"
2023-07-13,PHP17,MGR03,17750,liter,BD-PIHPS,,,,,"PIHPS Provinsi Bengkulu (rata-rata pasar tradisional), bukan harga Bengkulu Tengah"
2023-07-13,PHP17,TLR01,29350,kg,BD-PIHPS,,,,,"PIHPS Provinsi Bengkulu (rata-rata pasar tradisional), bukan harga Bengkulu Tengah"
2023-07-14,PHP17,BRS01,11700,kg,BD-PIHPS,,,,,"PIHPS Provinsi Bengkulu (rata-rata pasar tradisional), bukan harga Bengkulu Tengah"
2023-07-14,PHP17,BRS02,12900,kg,BD-PIHPS,,,,,"PIHPS Provinsi Bengkulu (rata-rata pasar tradisional), bukan harga Bengkulu Tengah"
2023-07-14,PHP17,BRS03,13400,kg,BD-PIHPS,,,,,"PIHPS Provinsi Bengkulu (rata-rata pasar tradisional), bukan harga Bengkulu Tengah"
2023-07-14,PHP17,BRS04,13600,kg,BD-PIHPS,,,,,"PIHPS Provinsi Bengkulu (rata-rata pasar tradisional), bukan harga Bengkulu Tengah"
2023-07-14,PHP17,BRS05,13950,kg,BD-PIHPS,,,,,"PIHPS Provinsi Bengkulu (rata-rata pasar tradisional), bukan harga Bengkulu Tengah"
2023-07-14,PHP17,BRS06,14050,kg,BD-PIHPS,,,,,"PIHPS Provinsi Bengkulu (rata-rata pasar tradisional), bukan harga Bengkulu Tengah"
2023-07-14,PHP17,BWM01,38750,kg,BD-PIHPS,,,,,"PIHPS Provinsi Bengkulu (rata-rata pasar tradisional), bukan harga Bengkulu Tengah"
2023-07-14,PHP17,BWP01,42000,kg,BD-PIHPS,,,,,"PIHPS Provinsi Bengkulu (rata-rata pasar tradisional), bukan harga Bengkulu Tengah"
2023-07-14,PHP17,CMR01,34750,kg,BD-PIHPS,,,,,"PIHPS Provinsi Bengkulu (rata-rata pasar tradisional), bukan harga Bengkulu Tengah"
2023-07-14,PHP17,CMR02,38150,kg,BD-PIHPS,,,,,"PIHPS Provinsi Bengkulu (rata-rata pasar tradisional), bukan harga Bengkulu Tengah"
2023-07-14,PHP17,CRW01,34500,kg,BD-PIHPS,,,,,"PIHPS Provinsi Bengkulu (rata-rata pasar tradisional), bukan harga Bengkulu Tengah"
2023-07-14,PHP17,CRW02,25550,kg,BD-PIHPS,,,,,"PIHPS Provinsi Bengkulu (rata-rata pasar tradisional), bukan harga Bengkulu Tengah"
2023-07-14,PHP17,DAY01,38000,kg,BD-PIHPS,,,,,"PIHPS Provinsi Bengkulu (rata-rata pasar tradisional), bukan harga Bengkulu Tengah"
2023-07-14,PHP17,DSP01,137500,kg,BD-PIHPS,,,,,"PIHPS Provinsi Bengkulu (rata-rata pasar tradisional), bukan harga Bengkulu Tengah"
2023-07-14,PHP17,DSP02,137500,kg,BD-PIHPS,,,,,"PIHPS Provinsi Bengkulu (rata-rata pasar tradisional), bukan harga Bengkulu Tengah"
2023-07-14,PHP17,GLP01,14550,kg,BD-PIHPS,,,,,"PIHPS Provinsi Bengkulu (rata-rata pasar tradisional), bukan harga Bengkulu Tengah"
2023-07-14,PHP17,GLP02,15300,kg,BD-PIHPS,,,,,"PIHPS Provinsi Bengkulu (rata-rata pasar tradisional), bukan harga Bengkulu Tengah"
2023-07-14,PHP17,MGR01,15300,liter,BD-PIHPS,,,,,"PIHPS Provinsi Bengkulu (rata-rata pasar tradisional), bukan harga Bengkulu Tengah"
2023-07-14,PHP17,MGR02,20200,liter,BD-PIHPS,,,,,"PIHPS Provinsi Bengkulu (rata-rata pasar tradisional), bukan harga Bengkulu Tengah"
2023-07-14,PHP17,MGR03,17700,liter,BD-PIHPS,,,,,"PIHPS Provinsi Bengkulu (rata-rata pasar tradisional), bukan harga Bengkulu Tengah"
2023-07-14,PHP17,TLR01,29350,kg,BD-PIHPS,,,,,"PIHPS Provinsi Bengkulu (rata-rata pasar tradisional), bukan harga Bengkulu Tengah"
2023-07-17,PHP17,BRS01,11700,kg,BD-PIHPS,,,,,"PIHPS Provinsi Bengkulu (rata-rata pasar tradisional), bukan harga Bengkulu Tengah"
2023-07-17,PHP17,BRS02,12900,kg,BD-PIHPS,,,,,"PIHPS Provinsi Bengkulu (rata-rata pasar tradisional), bukan harga Bengkulu Tengah"
2023-07-17,PHP17,BRS03,13400,kg,BD-PIHPS,,,,,"PIHPS Provinsi Bengkulu (rata-rata pasar tradisional), bukan harga Bengkulu Tengah"
2023-07-17,PHP17,BRS04,13600,kg,BD-PIHPS,,,,,"PIHPS Provinsi Bengkulu (rata-rata pasar tradisional), bukan harga Bengkulu Tengah"
2023-07-17,PHP17,BRS05,13950,kg,BD-PIHPS,,,,,"PIHPS Provinsi Bengkulu (rata-rata pasar tradisional), bukan harga Bengkulu Tengah"
2023-07-17,PHP17,BRS06,14050,kg,BD-PIHPS,,,,,"PIHPS Provinsi Bengkulu (rata-rata pasar tradisional), bukan harga Bengkulu Tengah"
2023-07-17,PHP17,BWM01,37150,kg,BD-PIHPS,,,,,"PIHPS Provinsi Bengkulu (rata-rata pasar tradisional), bukan harga Bengkulu Tengah"
2023-07-17,PHP17,BWP01,42000,kg,BD-PIHPS,,,,,"PIHPS Provinsi Bengkulu (rata-rata pasar tradisional), bukan harga Bengkulu Tengah"
2023-07-17,PHP17,CMR01,36000,kg,BD-PIHPS,,,,,"PIHPS Provinsi Bengkulu (rata-rata pasar tradisional), bukan harga Bengkulu Tengah"
2023-07-17,PHP17,CMR02,40500,kg,BD-PIHPS,,,,,"PIHPS Provinsi Bengkulu (rata-rata pasar tradisional), bukan harga Bengkulu Tengah"
2023-07-17,PHP17,CRW01,35650,kg,BD-PIHPS,,,,,"PIHPS Provinsi Bengkulu (rata-rata pasar tradisional), bukan harga Bengkulu Tengah"
2023-07-17,PHP17,CRW02,25400,kg,BD-PIHPS,,,,,"PIHPS Provinsi Bengkulu (rata-rata pasar tradisional), bukan harga Bengkulu Tengah"
2023-07-17,PHP17,DAY01,36000,kg,BD-PIHPS,,,,,"PIHPS Provinsi Bengkulu (rata-rata pasar tradisional), bukan harga Bengkulu Tengah"
2023-07-17,PHP17,DSP01,137500,kg,BD-PIHPS,,,,,"PIHPS Provinsi Bengkulu (rata-rata pasar tradisional), bukan harga Bengkulu Tengah"
2023-07-17,PHP17,DSP02,137500,kg,BD-PIHPS,,,,,"PIHPS Provinsi Bengkulu (rata-rata pasar tradisional), bukan harga Bengkulu Tengah"
2023-07-17,PHP17,GLP01,14550,kg,BD-PIHPS,,,,,"PIHPS Provinsi Bengkulu (rata-rata pasar tradisional), bukan harga Bengkulu Tengah"
2023-07-17,PHP17,GLP02,15300,kg,BD-PIHPS,,,,,"PIHPS Provinsi Bengkulu (rata-rata pasar tradisional), bukan harga Bengkulu Tengah"
2023-07-17,PHP17,MGR01,15300,liter,BD-PIHPS,,,,,"PIHPS Provinsi Bengkulu (rata-rata pasar tradisional), bukan harga Bengkulu Tengah"
2023-07-17,PHP17,MGR02,20200,liter,BD-PIHPS,,,,,"PIHPS Provinsi Bengkulu (rata-rata pasar tradisional), bukan harga Bengkulu Tengah"
2023-07-17,PHP17,MGR03,17700,liter,BD-PIHPS,,,,,"PIHPS Provinsi Bengkulu (rata-rata pasar tradisional), bukan harga Bengkulu Tengah"
2023-07-17,PHP17,TLR01,29350,kg,BD-PIHPS,,,,,"PIHPS Provinsi Bengkulu (rata-rata pasar tradisional), bukan harga Bengkulu Tengah"
2023-07-18,PHP17,BRS01,11700,kg,BD-PIHPS,,,,,"PIHPS Provinsi Bengkulu (rata-rata pasar tradisional), bukan harga Bengkulu Tengah"
2023-07-18,PHP17,BRS02,12900,kg,BD-PIHPS,,,,,"PIHPS Provinsi Bengkulu (rata-rata pasar tradisional), bukan harga Bengkulu Tengah"
2023-07-18,PHP17,BRS03,13400,kg,BD-PIHPS,,,,,"PIHPS Provinsi Bengkulu (rata-rata pasar tradisional), bukan harga Bengkulu Tengah"
2023-07-18,PHP17,BRS04,13600,kg,BD-PIHPS,,,,,"PIHPS Provinsi Bengkulu (rata-rata pasar tradisional), bukan harga Bengkulu Tengah"
2023-07-18,PHP17,BRS05,13950,kg,BD-PIHPS,,,,,"PIHPS Provinsi Bengkulu (rata-rata pasar tradisional), bukan harga Bengkulu Tengah"
2023-07-18,PHP17,BRS06,14050,kg,BD-PIHPS,,,,,"PIHPS Provinsi Bengkulu (rata-rata pasar tradisional), bukan harga Bengkulu Tengah"
2023-07-18,PHP17,BWM01,35000,kg,BD-PIHPS,,,,,"PIHPS Provinsi Bengkulu (rata-rata pasar tradisional), bukan harga Bengkulu Tengah"
2023-07-18,PHP17,BWP01,41750,kg,BD-PIHPS,,,,,"PIHPS Provinsi Bengkulu (rata-rata pasar tradisional), bukan harga Bengkulu Tengah"
2023-07-18,PHP17,CMR01,36400,kg,BD-PIHPS,,,,,"PIHPS Provinsi Bengkulu (rata-rata pasar tradisional), bukan harga Bengkulu Tengah"
2023-07-18,PHP17,CMR02,41400,kg,BD-PIHPS,,,,,"PIHPS Provinsi Bengkulu (rata-rata pasar tradisional), bukan harga Bengkulu Tengah"
2023-07-18,PHP17,CRW01,36250,kg,BD-PIHPS,,,,,"PIHPS Provinsi Bengkulu (rata-rata pasar tradisional), bukan harga Bengkulu Tengah"
2023-07-18,PHP17,CRW02,26300,kg,BD-PIHPS,,,,,"PIHPS Provinsi Bengkulu (rata-rata pasar tradisional), bukan harga Bengkulu Tengah"
2023-07-18,PHP17,DAY01,35900,kg,BD-PIHPS,,,,,"PIHPS Provinsi Bengkulu (rata-rata pasar tradisional), bukan harga Bengkulu Tengah"
2023-07-18,PHP17,DSP01,137500,kg,BD-PIHPS,,,,,"PIHPS Provinsi Bengkulu (rata-rata pasar tradisional), bukan harga Bengkulu Tengah"
2023-07-18,PHP17,DSP02,137500,kg,BD-PIHPS,,,,,"PIHPS Provinsi Bengkulu (rata-rata pasar tradisional), bukan harga Bengkulu Tengah"
2023-07-18,PHP17,GLP01,14550,kg,BD-PIHPS,,,,,"PIHPS Provinsi Bengkulu (rata-rata pasar tradisional), bukan harga Bengkulu Tengah"
2023-07-18,PHP17,GLP02,15300,kg,BD-PIHPS,,,,,"PIHPS Provinsi Bengkulu (rata-rata pasar tradisional), bukan harga Bengkulu Tengah"
2023-07-18,PHP17,MGR01,15300,liter,BD-PIHPS,,,,,"PIHPS Provinsi Bengkulu (rata-rata pasar tradisional), bukan harga Bengkulu Tengah"
2023-07-18,PHP17,MGR02,20200,liter,BD-PIHPS,,,,,"PIHPS Provinsi Bengkulu (rata-rata pasar tradisional), bukan harga Bengkulu Tengah"
2023-07-18,PHP17,MGR03,17700,liter,BD-PIHPS,,,,,"PIHPS Provinsi Bengkulu (rata-rata pasar tradisional), bukan harga Bengkulu Tengah"
2023-07-18,PHP17,TLR01,29350,kg,BD-PIHPS,,,,,"PIHPS Provinsi Bengkulu (rata-rata pasar tradisional), bukan harga Bengkulu Tengah"
2023-07-19,PHP17,BRS01,11700,kg,BD-PIHPS,,,,,"PIHPS Provinsi Bengkulu (rata-rata pasar tradisional), bukan harga Bengkulu Tengah"
2023-07-19,PHP17,BRS02,12900,kg,BD-PIHPS,,,,,"PIHPS Provinsi Bengkulu (rata-rata pasar tradisional), bukan harga Bengkulu Tengah"
2023-07-19,PHP17,BRS03,13400,kg,BD-PIHPS,,,,,"PIHPS Provinsi Bengkulu (rata-rata pasar tradisional), bukan harga Bengkulu Tengah"
2023-07-19,PHP17,BRS04,13600,kg,BD-PIHPS,,,,,"PIHPS Provinsi Bengkulu (rata-rata pasar tradisional), bukan harga Bengkulu Tengah"
2023-07-19,PHP17,BRS05,13950,kg,BD-PIHPS,,,,,"PIHPS Provinsi Bengkulu (rata-rata pasar tradisional), bukan harga Bengkulu Tengah"
2023-07-19,PHP17,BRS06,14050,kg,BD-PIHPS,,,,,"PIHPS Provinsi Bengkulu (rata-rata pasar tradisional), bukan harga Bengkulu Tengah"
2023-07-19,PHP17,BWM01,35000,kg,BD-PIHPS,,,,,"PIHPS Provinsi Bengkulu (rata-rata pasar tradisional), bukan harga Bengkulu Tengah"
2023-07-19,PHP17,BWP01,41750,kg,BD-PIHPS,,,,,"PIHPS Provinsi Bengkulu (rata-rata pasar tradisional), bukan harga Bengkulu Tengah"
2023-07-19,PHP17,CMR01,36400,kg,BD-PIHPS,,,,,"PIHPS Provinsi Bengkulu (rata-rata pasar tradisional), bukan harga Bengkulu Tengah"
2023-07-19,PHP17,CMR02,41400,kg,BD-PIHPS,,,,,"PIHPS Provinsi Bengkulu (rata-rata pasar tradisional), bukan harga Bengkulu Tengah"
2023-07-19,PHP17,CRW01,36250,kg,BD-PIHPS,,,,,"PIHPS Provinsi Bengkulu (rata-rata pasar tradisional), bukan harga Bengkulu Tengah"
2023-07-19,PHP17,CRW02,26300,kg,BD-PIHPS,,,,,"PIHPS Provinsi Bengkulu (rata-rata pasar tradisional), bukan harga Bengkulu Tengah"
2023-07-19,PHP17,DAY01,35900,kg,BD-PIHPS,,,,,"PIHPS Provinsi Bengkulu (rata-rata pasar tradisional), bukan harga Bengkulu Tengah"
2023-07-19,PHP17,DSP01,137500,kg,BD-PIHPS,,,,,"PIHPS Provinsi Bengkulu (rata-rata pasar tradisional), bukan harga Bengkulu Tengah"
2023-07-19,PHP17,DSP02,137500,kg,BD-PIHPS,,,,,"PIHPS Provinsi Bengkulu (rata-rata pasar tradisional), bukan harga Bengkulu Tengah"
2023-07-19,PHP17,GLP01,14550,kg,BD-PIHPS,,,,,"PIHPS Provinsi Bengkulu (rata-rata pasar tradisional), bukan harga Bengkulu Tengah"
2023-07-19,PHP17,GLP02,15300,kg,BD-PIHPS,,,,,"PIHPS Provinsi Bengkulu (rata-rata pasar tradisional), bukan harga Bengkulu Tengah"
2023-07-19,PHP17,MGR01,15300,liter,BD-PIHPS,,,,,"PIHPS Provinsi Bengkulu (rata-rata pasar tradisional), bukan harga Bengkulu Tengah"
2023-07-19,PHP17,MGR02,20200,liter,BD-PIHPS,,,,,"PIHPS Provinsi Bengkulu (rata-rata pasar tradisional), bukan harga Bengkulu Tengah"
2023-07-19,PHP17,MGR03,17700,liter,BD-PIHPS,,,,,"PIHPS Provinsi Bengkulu (rata-rata pasar tradisional), bukan harga Bengkulu Tengah"
2023-07-19,PHP17,TLR01,29350,kg,BD-PIHPS,,,,,"PIHPS Provinsi Bengkulu (rata-rata pasar tradisional), bukan harga Bengkulu Tengah"
2023-07-20,PHP17,BRS01,11700,kg,BD-PIHPS,,,,,"PIHPS Provinsi Bengkulu (rata-rata pasar tradisional), bukan harga Bengkulu Tengah"
2023-07-20,PHP17,BRS02,12900,kg,BD-PIHPS,,,,,"PIHPS Provinsi Bengkulu (rata-rata pasar tradisional), bukan harga Bengkulu Tengah"
2023-07-20,PHP17,BRS03,13400,kg,BD-PIHPS,,,,,"PIHPS Provinsi Bengkulu (rata-rata pasar tradisional), bukan harga Bengkulu Tengah"
2023-07-20,PHP17,BRS04,13600,kg,BD-PIHPS,,,,,"PIHPS Provinsi Bengkulu (rata-rata pasar tradisional), bukan harga Bengkulu Tengah"
2023-07-20,PHP17,BRS05,13950,kg,BD-PIHPS,,,,,"PIHPS Provinsi Bengkulu (rata-rata pasar tradisional), bukan harga Bengkulu Tengah"
2023-07-20,PHP17,BRS06,14050,kg,BD-PIHPS,,,,,"PIHPS Provinsi Bengkulu (rata-rata pasar tradisional), bukan harga Bengkulu Tengah"
2023-07-20,PHP17,BWM01,34500,kg,BD-PIHPS,,,,,"PIHPS Provinsi Bengkulu (rata-rata pasar tradisional), bukan harga Bengkulu Tengah"
2023-07-20,PHP17,BWP01,41750,kg,BD-PIHPS,,,,,"PIHPS Provinsi Bengkulu (rata-rata pasar tradisional), bukan harga Bengkulu Tengah"
2023-07-20,PHP17,CMR01,35250,kg,BD-PIHPS,,,,,"PIHPS Provinsi Bengkulu (rata-rata pasar tradisional), bukan harga Bengkulu Tengah"
2023-07-20,PHP17,CMR02,40000,kg,BD-PIHPS,,,,,"PIHPS Provinsi Bengkulu (rata-rata pasar tradisional), bukan harga Bengkulu Tengah"
2023-07-20,PHP17,CRW01,36500,kg,BD-PIHPS,,,,,"PIHPS Provinsi Bengkulu (rata-rata pasar tradisional), bukan harga Bengkulu Tengah"
2023-07-20,PHP17,CRW02,26300,kg,BD-PIHPS,,,,,"PIHPS Provinsi Bengkulu (rata-rata pasar tradisional), bukan harga Bengkulu Tengah"
2023-07-20,PHP17,DAY01,35400,kg,BD-PIHPS,,,,,"PIHPS Provinsi Bengkulu (rata-rata pasar tradisional), bukan harga Bengkulu Tengah"
2023-07-20,PHP17,DSP01,137500,kg,BD-PIHPS,,,,,"PIHPS Provinsi Bengkulu (rata-rata pasar tradisional), bukan harga Bengkulu Tengah"
2023-07-20,PHP17,DSP02,137500,kg,BD-PIHPS,,,,,"PIHPS Provinsi Bengkulu (rata-rata pasar tradisional), bukan harga Bengkulu Tengah"
2023-07-20,PHP17,GLP01,14550,kg,BD-PIHPS,,,,,"PIHPS Provinsi Bengkulu (rata-rata pasar tradisional), bukan harga Bengkulu Tengah"
2023-07-20,PHP17,GLP02,15300,kg,BD-PIHPS,,,,,"PIHPS Provinsi Bengkulu (rata-rata pasar tradisional), bukan harga Bengkulu Tengah"
2023-07-20,PHP17,MGR01,15300,liter,BD-PIHPS,,,,,"PIHPS Provinsi Bengkulu (rata-rata pasar tradisional), bukan harga Bengkulu Tengah"
2023-07-20,PHP17,MGR02,20300,liter,BD-PIHPS,,,,,"PIHPS Provinsi Bengkulu (rata-rata pasar tradisional), bukan harga Bengkulu Tengah"
2023-07-20,PHP17,MGR03,17700,liter,BD-PIHPS,,,,,"PIHPS Provinsi Bengkulu (rata-rata pasar tradisional), bukan harga Bengkulu Tengah"
2023-07-20,PHP17,TLR01,29350,kg,BD-PIHPS,,,,,"PIHPS Provinsi Bengkulu (rata-rata pasar tradisional), bukan harga Bengkulu Tengah"
2023-07-21,PHP17,BRS01,11700,kg,BD-PIHPS,,,,,"PIHPS Provinsi Bengkulu (rata-rata pasar tradisional), bukan harga Bengkulu Tengah"
2023-07-21,PHP17,BRS02,12900,kg,BD-PIHPS,,,,,"PIHPS Provinsi Bengkulu (rata-rata pasar tradisional), bukan harga Bengkulu Tengah"
2023-07-21,PHP17,BRS03,13400,kg,BD-PIHPS,,,,,"PIHPS Provinsi Bengkulu (rata-rata pasar tradisional), bukan harga Bengkulu Tengah"
2023-07-21,PHP17,BRS04,13600,kg,BD-PIHPS,,,,,"PIHPS Provinsi Bengkulu (rata-rata pasar tradisional), bukan harga Bengkulu Tengah"
2023-07-21,PHP17,BRS05,13950,kg,BD-PIHPS,,,,,"PIHPS Provinsi Bengkulu (rata-rata pasar tradisional), bukan harga Bengkulu Tengah"
2023-07-21,PHP17,BRS06,14000,kg,BD-PIHPS,,,,,"PIHPS Provinsi Bengkulu (rata-rata pasar tradisional), bukan harga Bengkulu Tengah"
2023-07-21,PHP17,BWM01,34000,kg,BD-PIHPS,,,,,"PIHPS Provinsi Bengkulu (rata-rata pasar tradisional), bukan harga Bengkulu Tengah"
2023-07-21,PHP17,BWP01,41750,kg,BD-PIHPS,,,,,"PIHPS Provinsi Bengkulu (rata-rata pasar tradisional), bukan harga Bengkulu Tengah"
2023-07-21,PHP17,CMR01,33000,kg,BD-PIHPS,,,,,"PIHPS Provinsi Bengkulu (rata-rata pasar tradisional), bukan harga Bengkulu Tengah"
2023-07-21,PHP17,CMR02,37250,kg,BD-PIHPS,,,,,"PIHPS Provinsi Bengkulu (rata-rata pasar tradisional), bukan harga Bengkulu Tengah"
2023-07-21,PHP17,CRW01,36900,kg,BD-PIHPS,,,,,"PIHPS Provinsi Bengkulu (rata-rata pasar tradisional), bukan harga Bengkulu Tengah"
2023-07-21,PHP17,CRW02,26350,kg,BD-PIHPS,,,,,"PIHPS Provinsi Bengkulu (rata-rata pasar tradisional), bukan harga Bengkulu Tengah"
2023-07-21,PHP17,DAY01,35400,kg,BD-PIHPS,,,,,"PIHPS Provinsi Bengkulu (rata-rata pasar tradisional), bukan harga Bengkulu Tengah"
2023-07-21,PHP17,DSP01,137500,kg,BD-PIHPS,,,,,"PIHPS Provinsi Bengkulu (rata-rata pasar tradisional), bukan harga Bengkulu Tengah"
2023-07-21,PHP17,DSP02,137500,kg,BD-PIHPS,,,,,"PIHPS Provinsi Bengkulu (rata-rata pasar tradisional), bukan harga Bengkulu Tengah"
2023-07-21,PHP17,GLP01,14550,kg,BD-PIHPS,,,,,"PIHPS Provinsi Bengkulu (rata-rata pasar tradisional), bukan harga Bengkulu Tengah"
2023-07-21,PHP17,GLP02,15300,kg,BD-PIHPS,,,,,"PIHPS Provinsi Bengkulu (rata-rata pasar tradisional), bukan harga Bengkulu Tengah"
2023-07-21,PHP17,MGR01,15300,liter,BD-PIHPS,,,,,"PIHPS Provinsi Bengkulu (rata-rata pasar tradisional), bukan harga Bengkulu Tengah"
2023-07-21,PHP17,MGR02,20300,liter,BD-PIHPS,,,,,"PIHPS Provinsi Bengkulu (rata-rata pasar tradisional), bukan harga Bengkulu Tengah"
2023-07-21,PHP17,MGR03,17700,liter,BD-PIHPS,,,,,"PIHPS Provinsi Bengkulu (rata-rata pasar tradisional), bukan harga Bengkulu Tengah"
2023-07-21,PHP17,TLR01,29250,kg,BD-PIHPS,,,,,"PIHPS Provinsi Bengkulu (rata-rata pasar tradisional), bukan harga Bengkulu Tengah"
2023-07-24,PHP17,BRS01,11700,kg,BD-PIHPS,,,,,"PIHPS Provinsi Bengkulu (rata-rata pasar tradisional), bukan harga Bengkulu Tengah"
2023-07-24,PHP17,BRS02,12900,kg,BD-PIHPS,,,,,"PIHPS Provinsi Bengkulu (rata-rata pasar tradisional), bukan harga Bengkulu Tengah"
2023-07-24,PHP17,BRS03,13400,kg,BD-PIHPS,,,,,"PIHPS Provinsi Bengkulu (rata-rata pasar tradisional), bukan harga Bengkulu Tengah"
2023-07-24,PHP17,BRS04,13600,kg,BD-PIHPS,,,,,"PIHPS Provinsi Bengkulu (rata-rata pasar tradisional), bukan harga Bengkulu Tengah"
2023-07-24,PHP17,BRS05,13950,kg,BD-PIHPS,,,,,"PIHPS Provinsi Bengkulu (rata-rata pasar tradisional), bukan harga Bengkulu Tengah"
2023-07-24,PHP17,BRS06,14000,kg,BD-PIHPS,,,,,"PIHPS Provinsi Bengkulu (rata-rata pasar tradisional), bukan harga Bengkulu Tengah"
2023-07-24,PHP17,BWM01,33250,kg,BD-PIHPS,,,,,"PIHPS Provinsi Bengkulu (rata-rata pasar tradisional), bukan harga Bengkulu Tengah"
2023-07-24,PHP17,BWP01,41150,kg,BD-PIHPS,,,,,"PIHPS Provinsi Bengkulu (rata-rata pasar tradisional), bukan harga Bengkulu Tengah"
2023-07-24,PHP17,CMR01,33150,kg,BD-PIHPS,,,,,"PIHPS Provinsi Bengkulu (rata-rata pasar tradisional), bukan harga Bengkulu Tengah"
2023-07-24,PHP17,CMR02,37250,kg,BD-PIHPS,,,,,"PIHPS Provinsi Bengkulu (rata-rata pasar tradisional), bukan harga Bengkulu Tengah"
2023-07-24,PHP17,CRW01,35400,kg,BD-PIHPS,,,,,"PIHPS Provinsi Bengkulu (rata-rata pasar tradisional), bukan harga Bengkulu Tengah"
2023-07-24,PHP17,CRW02,26450,kg,BD-PIHPS,,,,,"PIHPS Provinsi Bengkulu (rata-rata pasar tradisional), bukan harga Bengkulu Tengah"
2023-07-24,PHP17,DAY01,33500,kg,BD-PIHPS,,,,,"PIHPS Provinsi Bengkulu (rata-rata pasar tradisional), bukan harga Bengkulu Tengah"
2023-07-24,PHP17,DSP01,137500,kg,BD-PIHPS,,,,,"PIHPS Provinsi Bengkulu (rata-rata pasar tradisional), bukan harga Bengkulu Tengah"
2023-07-24,PHP17,DSP02,137500,kg,BD-PIHPS,,,,,"PIHPS Provinsi Bengkulu (rata-rata pasar tradisional), bukan harga Bengkulu Tengah"
2023-07-24,PHP17,GLP01,14550,kg,BD-PIHPS,,,,,"PIHPS Provinsi Bengkulu (rata-rata pasar tradisional), bukan harga Bengkulu Tengah"
2023-07-24,PHP17,GLP02,15300,kg,BD-PIHPS,,,,,"PIHPS Provinsi Bengkulu (rata-rata pasar tradisional), bukan harga Bengkulu Tengah"
2023-07-24,PHP17,MGR01,15300,liter,BD-PIHPS,,,,,"PIHPS Provinsi Bengkulu (rata-rata pasar tradisional), bukan harga Bengkulu Tengah"
2023-07-24,PHP17,MGR02,20300,liter,BD-PIHPS,,,,,"PIHPS Provinsi Bengkulu (rata-rata pasar tradisional), bukan harga Bengkulu Tengah"
2023-07-24,PHP17,MGR03,17700,liter,BD-PIHPS,,,,,"PIHPS Provinsi Bengkulu (rata-rata pasar tradisional), bukan harga Bengkulu Tengah"
2023-07-24,PHP17,TLR01,29250,kg,BD-PIHPS,,,,,"PIHPS Provinsi Bengkulu (rata-rata pasar tradisional), bukan harga Bengkulu Tengah"
2023-07-25,PHP17,BRS01,11700,kg,BD-PIHPS,,,,,"PIHPS Provinsi Bengkulu (rata-rata pasar tradisional), bukan harga Bengkulu Tengah"
2023-07-25,PHP17,BRS02,12900,kg,BD-PIHPS,,,,,"PIHPS Provinsi Bengkulu (rata-rata pasar tradisional), bukan harga Bengkulu Tengah"
2023-07-25,PHP17,BRS03,13400,kg,BD-PIHPS,,,,,"PIHPS Provinsi Bengkulu (rata-rata pasar tradisional), bukan harga Bengkulu Tengah"
2023-07-25,PHP17,BRS04,13600,kg,BD-PIHPS,,,,,"PIHPS Provinsi Bengkulu (rata-rata pasar tradisional), bukan harga Bengkulu Tengah"
2023-07-25,PHP17,BRS05,13900,kg,BD-PIHPS,,,,,"PIHPS Provinsi Bengkulu (rata-rata pasar tradisional), bukan harga Bengkulu Tengah"
2023-07-25,PHP17,BRS06,13900,kg,BD-PIHPS,,,,,"PIHPS Provinsi Bengkulu (rata-rata pasar tradisional), bukan harga Bengkulu Tengah"
2023-07-25,PHP17,BWM01,32000,kg,BD-PIHPS,,,,,"PIHPS Provinsi Bengkulu (rata-rata pasar tradisional), bukan harga Bengkulu Tengah"
2023-07-25,PHP17,BWP01,40250,kg,BD-PIHPS,,,,,"PIHPS Provinsi Bengkulu (rata-rata pasar tradisional), bukan harga Bengkulu Tengah"
2023-07-25,PHP17,CMR01,32650,kg,BD-PIHPS,,,,,"PIHPS Provinsi Bengkulu (rata-rata pasar tradisional), bukan harga Bengkulu Tengah"
2023-07-25,PHP17,CMR02,36900,kg,BD-PIHPS,,,,,"PIHPS Provinsi Bengkulu (rata-rata pasar tradisional), bukan harga Bengkulu Tengah"
2023-07-25,PHP17,CRW01,34400,kg,BD-PIHPS,,,,,"PIHPS Provinsi Bengkulu (rata-rata pasar tradisional), bukan harga Bengkulu Tengah"
2023-07-25,PHP17,CRW02,25950,kg,BD-PIHPS,,,,,"PIHPS Provinsi Bengkulu (rata-rata pasar tradisional), bukan harga Bengkulu Tengah"
2023-07-25,PHP17,DAY01,31900,kg,BD-PIHPS,,,,,"PIHPS Provinsi Bengkulu (rata-rata pasar tradisional), bukan harga Bengkulu Tengah"
2023-07-25,PHP17,DSP01,137500,kg,BD-PIHPS,,,,,"PIHPS Provinsi Bengkulu (rata-rata pasar tradisional), bukan harga Bengkulu Tengah"
2023-07-25,PHP17,DSP02,137500,kg,BD-PIHPS,,,,,"PIHPS Provinsi Bengkulu (rata-rata pasar tradisional), bukan harga Bengkulu Tengah"
2023-07-25,PHP17,GLP01,14550,kg,BD-PIHPS,,,,,"PIHPS Provinsi Bengkulu (rata-rata pasar tradisional), bukan harga Bengkulu Tengah"
2023-07-25,PHP17,GLP02,15300,kg,BD-PIHPS,,,,,"PIHPS Provinsi Bengkulu (rata-rata pasar tradisional), bukan harga Bengkulu Tengah"
2023-07-25,PHP17,MGR01,15450,liter,BD-PIHPS,,,,,"PIHPS Provinsi Bengkulu (rata-rata pasar tradisional), bukan harga Bengkulu Tengah"
2023-07-25,PHP17,MGR02,20300,liter,BD-PIHPS,,,,,"PIHPS Provinsi Bengkulu (rata-rata pasar tradisional), bukan harga Bengkulu Tengah"
2023-07-25,PHP17,MGR03,17700,liter,BD-PIHPS,,,,,"PIHPS Provinsi Bengkulu (rata-rata pasar tradisional), bukan harga Bengkulu Tengah"
2023-07-25,PHP17,TLR01,29350,kg,BD-PIHPS,,,,,"PIHPS Provinsi Bengkulu (rata-rata pasar tradisional), bukan harga Bengkulu Tengah"
2023-07-26,PHP17,BRS01,11700,kg,BD-PIHPS,,,,,"PIHPS Provinsi Bengkulu (rata-rata pasar tradisional), bukan harga Bengkulu Tengah"
2023-07-26,PHP17,BRS02,12900,kg,BD-PIHPS,,,,,"PIHPS Provinsi Bengkulu (rata-rata pasar tradisional), bukan harga Bengkulu Tengah"
2023-07-26,PHP17,BRS03,13400,kg,BD-PIHPS,,,,,"PIHPS Provinsi Bengkulu (rata-rata pasar tradisional), bukan harga Bengkulu Tengah"
2023-07-26,PHP17,BRS04,13600,kg,BD-PIHPS,,,,,"PIHPS Provinsi Bengkulu (rata-rata pasar tradisional), bukan harga Bengkulu Tengah"
2023-07-26,PHP17,BRS05,13900,kg,BD-PIHPS,,,,,"PIHPS Provinsi Bengkulu (rata-rata pasar tradisional), bukan harga Bengkulu Tengah"
2023-07-26,PHP17,BRS06,13900,kg,BD-PIHPS,,,,,"PIHPS Provinsi Bengkulu (rata-rata pasar tradisional), bukan harga Bengkulu Tengah"
2023-07-26,PHP17,BWM01,32000,kg,BD-PIHPS,,,,,"PIHPS Provinsi Bengkulu (rata-rata pasar tradisional), bukan harga Bengkulu Tengah"
2023-07-26,PHP17,BWP01,40400,kg,BD-PIHPS,,,,,"PIHPS Provinsi Bengkulu (rata-rata pasar tradisional), bukan harga Bengkulu Tengah"
2023-07-26,PHP17,CMR01,31900,kg,BD-PIHPS,,,,,"PIHPS Provinsi Bengkulu (rata-rata pasar tradisional), bukan harga Bengkulu Tengah"
2023-07-26,PHP17,CMR02,35500,kg,BD-PIHPS,,,,,"PIHPS Provinsi Bengkulu (rata-rata pasar tradisional), bukan harga Bengkulu Tengah"
2023-07-26,PHP17,CRW01,34900,kg,BD-PIHPS,,,,,"PIHPS Provinsi Bengkulu (rata-rata pasar tradisional), bukan harga Bengkulu Tengah"
2023-07-26,PHP17,CRW02,25850,kg,BD-PIHPS,,,,,"PIHPS Provinsi Bengkulu (rata-rata pasar tradisional), bukan harga Bengkulu Tengah"
2023-07-26,PHP17,DAY01,31900,kg,BD-PIHPS,,,,,"PIHPS Provinsi Bengkulu (rata-rata pasar tradisional), bukan harga Bengkulu Tengah"
2023-07-26,PHP17,DSP01,137500,kg,BD-PIHPS,,,,,"PIHPS Provinsi Bengkulu (rata-rata pasar tradisional), bukan harga Bengkulu Tengah"
2023-07-26,PHP17,DSP02,137500,kg,BD-PIHPS,,,,,"PIHPS Provinsi Bengkulu (rata-rata pasar tradisional), bukan harga Bengkulu Tengah"
2023-07-26,PHP17,GLP01,14550,kg,BD-PIHPS,,,,,"PIHPS Provinsi Bengkulu (rata-rata pasar tradisional), bukan harga Bengkulu Tengah"
2023-07-26,PHP17,GLP02,15300,kg,BD-PIHPS,,,,,"PIHPS Provinsi Bengkulu (rata-rata pasar tradisional), bukan harga Bengkulu Tengah"
2023-07-26,PHP17,MGR01,15450,liter,BD-PIHPS,,,,,"PIHPS Provinsi Bengkulu (rata-rata pasar tradisional), bukan harga Bengkulu Tengah"
2023-07-26,PHP17,MGR02,20300,liter,BD-PIHPS,,,,,"PIHPS Provinsi Bengkulu (rata-rata pasar tradisional), bukan harga Bengkulu Tengah"
2023-07-26,PHP17,MGR03,17700,liter,BD-PIHPS,,,,,"PIHPS Provinsi Bengkulu (rata-rata pasar tradisional), bukan harga Bengkulu Tengah"
2023-07-26,PHP17,TLR01,29350,kg,BD-PIHPS,,,,,"PIHPS Provinsi Bengkulu (rata-rata pasar tradisional), bukan harga Bengkulu Tengah"
2023-07-27,PHP17,BRS01,11700,kg,BD-PIHPS,,,,,"PIHPS Provinsi Bengkulu (rata-rata pasar tradisional), bukan harga Bengkulu Tengah"
2023-07-27,PHP17,BRS02,12900,kg,BD-PIHPS,,,,,"PIHPS Provinsi Bengkulu (rata-rata pasar tradisional), bukan harga Bengkulu Tengah"
2023-07-27,PHP17,BRS03,13400,kg,BD-PIHPS,,,,,"PIHPS Provinsi Bengkulu (rata-rata pasar tradisional), bukan harga Bengkulu Tengah"
2023-07-27,PHP17,BRS04,13600,kg,BD-PIHPS,,,,,"PIHPS Provinsi Bengkulu (rata-rata pasar tradisional), bukan harga Bengkulu Tengah"
2023-07-27,PHP17,BRS05,13900,kg,BD-PIHPS,,,,,"PIHPS Provinsi Bengkulu (rata-rata pasar tradisional), bukan harga Bengkulu Tengah"
2023-07-27,PHP17,BRS06,13850,kg,BD-PIHPS,,,,,"PIHPS Provinsi Bengkulu (rata-rata pasar tradisional), bukan harga Bengkulu Tengah"
2023-07-27,PHP17,BWM01,32250,kg,BD-PIHPS,,,,,"PIHPS Provinsi Bengkulu (rata-rata pasar tradisional), bukan harga Bengkulu Tengah"
2023-07-27,PHP17,BWP01,40900,kg,BD-PIHPS,,,,,"PIHPS Provinsi Bengkulu (rata-rata pasar tradisional), bukan harga Bengkulu Tengah"
2023-07-27,PHP17,CMR01,30900,kg,BD-PIHPS,,,,,"PIHPS Provinsi Bengkulu (rata-rata pasar tradisional), bukan harga Bengkulu Tengah"
2023-07-27,PHP17,CMR02,34750,kg,BD-PIHPS,,,,,"PIHPS Provinsi Bengkulu (rata-rata pasar tradisional), bukan harga Bengkulu Tengah"
2023-07-27,PHP17,CRW01,35400,kg,BD-PIHPS,,,,,"PIHPS Provinsi Bengkulu (rata-rata pasar tradisional), bukan harga Bengkulu Tengah"
2023-07-27,PHP17,CRW02,26750,kg,BD-PIHPS,,,,,"PIHPS Provinsi Bengkulu (rata-rata pasar tradisional), bukan harga Bengkulu Tengah"
2023-07-27,PHP17,DAY01,31900,kg,BD-PIHPS,,,,,"PIHPS Provinsi Bengkulu (rata-rata pasar tradisional), bukan harga Bengkulu Tengah"
2023-07-27,PHP17,DSP01,137500,kg,BD-PIHPS,,,,,"PIHPS Provinsi Bengkulu (rata-rata pasar tradisional), bukan harga Bengkulu Tengah"
2023-07-27,PHP17,DSP02,137500,kg,BD-PIHPS,,,,,"PIHPS Provinsi Bengkulu (rata-rata pasar tradisional), bukan harga Bengkulu Tengah"
2023-07-27,PHP17,GLP01,14550,kg,BD-PIHPS,,,,,"PIHPS Provinsi Bengkulu (rata-rata pasar tradisional), bukan harga Bengkulu Tengah"
2023-07-27,PHP17,GLP02,15300,kg,BD-PIHPS,,,,,"PIHPS Provinsi Bengkulu (rata-rata pasar tradisional), bukan harga Bengkulu Tengah"
2023-07-27,PHP17,MGR01,15500,liter,BD-PIHPS,,,,,"PIHPS Provinsi Bengkulu (rata-rata pasar tradisional), bukan harga Bengkulu Tengah"
2023-07-27,PHP17,MGR02,20300,liter,BD-PIHPS,,,,,"PIHPS Provinsi Bengkulu (rata-rata pasar tradisional), bukan harga Bengkulu Tengah"
2023-07-27,PHP17,MGR03,17700,liter,BD-PIHPS,,,,,"PIHPS Provinsi Bengkulu (rata-rata pasar tradisional), bukan harga Bengkulu Tengah"
2023-07-27,PHP17,TLR01,29350,kg,BD-PIHPS,,,,,"PIHPS Provinsi Bengkulu (rata-rata pasar tradisional), bukan harga Bengkulu Tengah"
2023-07-28,PHP17,BRS01,11700,kg,BD-PIHPS,,,,,"PIHPS Provinsi Bengkulu (rata-rata pasar tradisional), bukan harga Bengkulu Tengah"
2023-07-28,PHP17,BRS02,12900,kg,BD-PIHPS,,,,,"PIHPS Provinsi Bengkulu (rata-rata pasar tradisional), bukan harga Bengkulu Tengah"
2023-07-28,PHP17,BRS03,13400,kg,BD-PIHPS,,,,,"PIHPS Provinsi Bengkulu (rata-rata pasar tradisional), bukan harga Bengkulu Tengah"
2023-07-28,PHP17,BRS04,13600,kg,BD-PIHPS,,,,,"PIHPS Provinsi Bengkulu (rata-rata pasar tradisional), bukan harga Bengkulu Tengah"
2023-07-28,PHP17,BRS05,13800,kg,BD-PIHPS,,,,,"PIHPS Provinsi Bengkulu (rata-rata pasar tradisional), bukan harga Bengkulu Tengah"
2023-07-28,PHP17,BRS06,13750,kg,BD-PIHPS,,,,,"PIHPS Provinsi Bengkulu (rata-rata pasar tradisional), bukan harga Bengkulu Tengah"
2023-07-28,PHP17,BWM01,33900,kg,BD-PIHPS,,,,,"PIHPS Provinsi Bengkulu (rata-rata pasar tradisional), bukan harga Bengkulu Tengah"
2023-07-28,PHP17,BWP01,40900,kg,BD-PIHPS,,,,,"PIHPS Provinsi Bengkulu (rata-rata pasar tradisional), bukan harga Bengkulu Tengah"
2023-07-28,PHP17,CMR01,31150,kg,BD-PIHPS,,,,,"PIHPS Provinsi Bengkulu (rata-rata pasar tradisional), bukan harga Bengkulu Tengah"
2023-07-28,PHP17,CMR02,34900,kg,BD-PIHPS,,,,,"PIHPS Provinsi Bengkulu (rata-rata pasar tradisional), bukan harga Bengkulu Tengah"
2023-07-28,PHP17,CRW01,35150,kg,BD-PIHPS,,,,,"PIHPS Provinsi Bengkulu (rata-rata pasar tradisional), bukan harga Bengkulu Tengah"
2023-07-28,PHP17,CRW02,26650,kg,BD-PIHPS,,,,,"PIHPS Provinsi Bengkulu (rata-rata pasar tradisional), bukan harga Bengkulu Tengah"
2023-07-28,PHP17,DAY01,31900,kg,BD-PIHPS,,,,,"PIHPS Provinsi Bengkulu (rata-rata pasar tradisional), bukan harga Bengkulu Tengah"
2023-07-28,PHP17,DSP01,137500,kg,BD-PIHPS,,,,,"PIHPS Provinsi Bengkulu (rata-rata pasar tradisional), bukan harga Bengkulu Tengah"
2023-07-28,PHP17,DSP02,137500,kg,BD-PIHPS,,,,,"PIHPS Provinsi Bengkulu (rata-rata pasar tradisional), bukan harga Bengkulu Tengah"
2023-07-28,PHP17,GLP01,14550,kg,BD-PIHPS,,,,,"PIHPS Provinsi Bengkulu (rata-rata pasar tradisional), bukan harga Bengkulu Tengah"
2023-07-28,PHP17,GLP02,15300,kg,BD-PIHPS,,,,,"PIHPS Provinsi Bengkulu (rata-rata pasar tradisional), bukan harga Bengkulu Tengah"
2023-07-28,PHP17,MGR01,15500,liter,BD-PIHPS,,,,,"PIHPS Provinsi Bengkulu (rata-rata pasar tradisional), bukan harga Bengkulu Tengah"
2023-07-28,PHP17,MGR02,20300,liter,BD-PIHPS,,,,,"PIHPS Provinsi Bengkulu (rata-rata pasar tradisional), bukan harga Bengkulu Tengah"
2023-07-28,PHP17,MGR03,17700,liter,BD-PIHPS,,,,,"PIHPS Provinsi Bengkulu (rata-rata pasar tradisional), bukan harga Bengkulu Tengah"
2023-07-28,PHP17,TLR01,29350,kg,BD-PIHPS,,,,,"PIHPS Provinsi Bengkulu (rata-rata pasar tradisional), bukan harga Bengkulu Tengah"
2023-07-31,PHP17,BRS01,11700,kg,BD-PIHPS,,,,,"PIHPS Provinsi Bengkulu (rata-rata pasar tradisional), bukan harga Bengkulu Tengah"
2023-07-31,PHP17,BRS02,12900,kg,BD-PIHPS,,,,,"PIHPS Provinsi Bengkulu (rata-rata pasar tradisional), bukan harga Bengkulu Tengah"
2023-07-31,PHP17,BRS03,13400,kg,BD-PIHPS,,,,,"PIHPS Provinsi Bengkulu (rata-rata pasar tradisional), bukan harga Bengkulu Tengah"
2023-07-31,PHP17,BRS04,13600,kg,BD-PIHPS,,,,,"PIHPS Provinsi Bengkulu (rata-rata pasar tradisional), bukan harga Bengkulu Tengah"
2023-07-31,PHP17,BRS05,13800,kg,BD-PIHPS,,,,,"PIHPS Provinsi Bengkulu (rata-rata pasar tradisional), bukan harga Bengkulu Tengah"
2023-07-31,PHP17,BRS06,13750,kg,BD-PIHPS,,,,,"PIHPS Provinsi Bengkulu (rata-rata pasar tradisional), bukan harga Bengkulu Tengah"
2023-07-31,PHP17,BWM01,32650,kg,BD-PIHPS,,,,,"PIHPS Provinsi Bengkulu (rata-rata pasar tradisional), bukan harga Bengkulu Tengah"
2023-07-31,PHP17,BWP01,40900,kg,BD-PIHPS,,,,,"PIHPS Provinsi Bengkulu (rata-rata pasar tradisional), bukan harga Bengkulu Tengah"
2023-07-31,PHP17,CMR01,30400,kg,BD-PIHPS,,,,,"PIHPS Provinsi Bengkulu (rata-rata pasar tradisional), bukan harga Bengkulu Tengah"
2023-07-31,PHP17,CMR02,33650,kg,BD-PIHPS,,,,,"PIHPS Provinsi Bengkulu (rata-rata pasar tradisional), bukan harga Bengkulu Tengah"
2023-07-31,PHP17,CRW01,35400,kg,BD-PIHPS,,,,,"PIHPS Provinsi Bengkulu (rata-rata pasar tradisional), bukan harga Bengkulu Tengah"
2023-07-31,PHP17,CRW02,27850,kg,BD-PIHPS,,,,,"PIHPS Provinsi Bengkulu (rata-rata pasar tradisional), bukan harga Bengkulu Tengah"
2023-07-31,PHP17,DAY01,29750,kg,BD-PIHPS,,,,,"PIHPS Provinsi Bengkulu (rata-rata pasar tradisional), bukan harga Bengkulu Tengah"
2023-07-31,PHP17,DSP01,136900,kg,BD-PIHPS,,,,,"PIHPS Provinsi Bengkulu (rata-rata pasar tradisional), bukan harga Bengkulu Tengah"
2023-07-31,PHP17,DSP02,136900,kg,BD-PIHPS,,,,,"PIHPS Provinsi Bengkulu (rata-rata pasar tradisional), bukan harga Bengkulu Tengah"
2023-07-31,PHP17,GLP01,14550,kg,BD-PIHPS,,,,,"PIHPS Provinsi Bengkulu (rata-rata pasar tradisional), bukan harga Bengkulu Tengah"
2023-07-31,PHP17,GLP02,15300,kg,BD-PIHPS,,,,,"PIHPS Provinsi Bengkulu (rata-rata pasar tradisional), bukan harga Bengkulu Tengah"
2023-07-31,PHP17,MGR01,15500,liter,BD-PIHPS,,,,,"PIHPS Provinsi Bengkulu (rata-rata pasar tradisional), bukan harga Bengkulu Tengah"
2023-07-31,PHP17,MGR02,20300,liter,BD-PIHPS,,,,,"PIHPS Provinsi Bengkulu (rata-rata pasar tradisional), bukan harga Bengkulu Tengah"
2023-07-31,PHP17,MGR03,17700,liter,BD-PIHPS,,,,,"PIHPS Provinsi Bengkulu (rata-rata pasar tradisional), bukan harga Bengkulu Tengah"
2023-07-31,PHP17,TLR01,29350,kg,BD-PIHPS,,,,,"PIHPS Provinsi Bengkulu (rata-rata pasar tradisional), bukan harga Bengkulu Tengah"
2023-08-01,PHP17,BRS01,11700,kg,BD-PIHPS,,,,,"PIHPS Provinsi Bengkulu (rata-rata pasar tradisional), bukan harga Bengkulu Tengah"
2023-08-01,PHP17,BRS02,12900,kg,BD-PIHPS,,,,,"PIHPS Provinsi Bengkulu (rata-rata pasar tradisional), bukan harga Bengkulu Tengah"
2023-08-01,PHP17,BRS03,13400,kg,BD-PIHPS,,,,,"PIHPS Provinsi Bengkulu (rata-rata pasar tradisional), bukan harga Bengkulu Tengah"
2023-08-01,PHP17,BRS04,13600,kg,BD-PIHPS,,,,,"PIHPS Provinsi Bengkulu (rata-rata pasar tradisional), bukan harga Bengkulu Tengah"
2023-08-01,PHP17,BRS05,13800,kg,BD-PIHPS,,,,,"PIHPS Provinsi Bengkulu (rata-rata pasar tradisional), bukan harga Bengkulu Tengah"
2023-08-01,PHP17,BRS06,13750,kg,BD-PIHPS,,,,,"PIHPS Provinsi Bengkulu (rata-rata pasar tradisional), bukan harga Bengkulu Tengah"
2023-08-01,PHP17,BWM01,31900,kg,BD-PIHPS,,,,,"PIHPS Provinsi Bengkulu (rata-rata pasar tradisional), bukan harga Bengkulu Tengah"
2023-08-01,PHP17,BWP01,40900,kg,BD-PIHPS,,,,,"PIHPS Provinsi Bengkulu (rata-rata pasar tradisional), bukan harga Bengkulu Tengah"
2023-08-01,PHP17,CMR01,29650,kg,BD-PIHPS,,,,,"PIHPS Provinsi Bengkulu (rata-rata pasar tradisional), bukan harga Bengkulu Tengah"
2023-08-01,PHP17,CMR02,33150,kg,BD-PIHPS,,,,,"PIHPS Provinsi Bengkulu (rata-rata pasar tradisional), bukan harga Bengkulu Tengah"
2023-08-01,PHP17,CRW01,35650,kg,BD-PIHPS,,,,,"PIHPS Provinsi Bengkulu (rata-rata pasar tradisional), bukan harga Bengkulu Tengah"
2023-08-01,PHP17,CRW02,28550,kg,BD-PIHPS,,,,,"PIHPS Provinsi Bengkulu (rata-rata pasar tradisional), bukan harga Bengkulu Tengah"
2023-08-01,PHP17,DAY01,28650,kg,BD-PIHPS,,,,,"PIHPS Provinsi Bengkulu (rata-rata pasar tradisional), bukan harga Bengkulu Tengah"
2023-08-01,PHP17,DSP01,136900,kg,BD-PIHPS,,,,,"PIHPS Provinsi Bengkulu (rata-rata pasar tradisional), bukan harga Bengkulu Tengah"
2023-08-01,PHP17,DSP02,136900,kg,BD-PIHPS,,,,,"PIHPS Provinsi Bengkulu (rata-rata pasar tradisional), bukan harga Bengkulu Tengah"
2023-08-01,PHP17,GLP01,14550,kg,BD-PIHPS,,,,,"PIHPS Provinsi Bengkulu (rata-rata pasar tradisional), bukan harga Bengkulu Tengah"
2023-08-01,PHP17,GLP02,15300,kg,BD-PIHPS,,,,,"PIHPS Provinsi Bengkulu (rata-rata pasar tradisional), bukan harga Bengkulu Tengah"
2023-08-01,PHP17,MGR01,15500,liter,BD-PIHPS,,,,,"PIHPS Provinsi Bengkulu (rata-rata pasar tradisional), bukan harga Bengkulu Tengah"
2023-08-01,PHP17,MGR02,20300,liter,BD-PIHPS,,,,,"PIHPS Provinsi Bengkulu (rata-rata pasar tradisional), bukan harga Bengkulu Tengah"
2023-08-01,PHP17,MGR03,17700,liter,BD-PIHPS,,,,,"PIHPS Provinsi Bengkulu (rata-rata pasar tradisional), bukan harga Bengkulu Tengah"
2023-08-01,PHP17,TLR01,29350,kg,BD-PIHPS,,,,,"PIHPS Provinsi Bengkulu (rata-rata pasar tradisional), bukan harga Bengkulu Tengah"
2023-08-02,PHP17,BRS01,11700,kg,BD-PIHPS,,,,,"PIHPS Provinsi Bengkulu (rata-rata pasar tradisional), bukan harga Bengkulu Tengah"
2023-08-02,PHP17,BRS02,12900,kg,BD-PIHPS,,,,,"PIHPS Provinsi Bengkulu (rata-rata pasar tradisional), bukan harga Bengkulu Tengah"
2023-08-02,PHP17,BRS03,13400,kg,BD-PIHPS,,,,,"PIHPS Provinsi Bengkulu (rata-rata pasar tradisional), bukan harga Bengkulu Tengah"
2023-08-02,PHP17,BRS04,13600,kg,BD-PIHPS,,,,,"PIHPS Provinsi Bengkulu (rata-rata pasar tradisional), bukan harga Bengkulu Tengah"
2023-08-02,PHP17,BRS05,13800,kg,BD-PIHPS,,,,,"PIHPS Provinsi Bengkulu (rata-rata pasar tradisional), bukan harga Bengkulu Tengah"
2023-08-02,PHP17,BRS06,13750,kg,BD-PIHPS,,,,,"PIHPS Provinsi Bengkulu (rata-rata pasar tradisional), bukan harga Bengkulu Tengah"
2023-08-02,PHP17,BWM01,31650,kg,BD-PIHPS,,,,,"PIHPS Provinsi Bengkulu (rata-rata pasar tradisional), bukan harga Bengkulu Tengah"
2023-08-02,PHP17,BWP01,41150,kg,BD-PIHPS,,,,,"PIHPS Provinsi Bengkulu (rata-rata pasar tradisional), bukan harga Bengkulu Tengah"
2023-08-02,PHP17,CMR01,28750,kg,BD-PIHPS,,,,,"PIHPS Provinsi Bengkulu (rata-rata pasar tradisional), bukan harga Bengkulu Tengah"
2023-08-02,PHP17,CMR02,32400,kg,BD-PIHPS,,,,,"PIHPS Provinsi Bengkulu (rata-rata pasar tradisional), bukan harga Bengkulu Tengah"
2023-08-02,PHP17,CRW01,35000,kg,BD-PIHPS,,,,,"PIHPS Provinsi Bengkulu (rata-rata pasar tradisional), bukan harga Bengkulu Tengah"
2023-08-02,PHP17,CRW02,28000,kg,BD-PIHPS,,,,,"PIHPS Provinsi Bengkulu (rata-rata pasar tradisional), bukan harga Bengkulu Tengah"
2023-08-02,PHP17,DAY01,28250,kg,BD-PIHPS,,,,,"PIHPS Provinsi Bengkulu (rata-rata pasar tradisional), bukan harga Bengkulu Tengah"
2023-08-02,PHP17,DSP01,136900,kg,BD-PIHPS,,,,,"PIHPS Provinsi Bengkulu (rata-rata pasar tradisional), bukan harga Bengkulu Tengah"
2023-08-02,PHP17,DSP02,136900,kg,BD-PIHPS,,,,,"PIHPS Provinsi Bengkulu (rata-rata pasar tradisional), bukan harga Bengkulu Tengah"
2023-08-02,PHP17,GLP01,14550,kg,BD-PIHPS,,,,,"PIHPS Provinsi Bengkulu (rata-rata pasar tradisional), bukan harga Bengkulu Tengah"
2023-08-02,PHP17,GLP02,15300,kg,BD-PIHPS,,,,,"PIHPS Provinsi Bengkulu (rata-rata pasar tradisional), bukan harga Bengkulu Tengah"
2023-08-02,PHP17,MGR01,15500,liter,BD-PIHPS,,,,,"PIHPS Provinsi Bengkulu (rata-rata pasar tradisional), bukan harga Bengkulu Tengah"
2023-08-02,PHP17,MGR02,20300,liter,BD-PIHPS,,,,,"PIHPS Provinsi Bengkulu (rata-rata pasar tradisional), bukan harga Bengkulu Tengah"
2023-08-02,PHP17,MGR03,17700,liter,BD-PIHPS,,,,,"PIHPS Provinsi Bengkulu (rata-rata pasar tradisional), bukan harga Bengkulu Tengah"
2023-08-02,PHP17,TLR01,29350,kg,BD-PIHPS,,,,,"PIHPS Provinsi Bengkulu (rata-rata pasar tradisional), bukan harga Bengkulu Tengah"
2023-08-03,PHP17,BRS01,11700,kg,BD-PIHPS,,,,,"PIHPS Provinsi Bengkulu (rata-rata pasar tradisional), bukan harga Bengkulu Tengah"
2023-08-03,PHP17,BRS02,12900,kg,BD-PIHPS,,,,,"PIHPS Provinsi Bengkulu (rata-rata pasar tradisional), bukan harga Bengkulu Tengah"
2023-08-03,PHP17,BRS03,13400,kg,BD-PIHPS,,,,,"PIHPS Provinsi Bengkulu (rata-rata pasar tradisional), bukan harga Bengkulu Tengah"
2023-08-03,PHP17,BRS04,13600,kg,BD-PIHPS,,,,,"PIHPS Provinsi Bengkulu (rata-rata pasar tradisional), bukan harga Bengkulu Tengah"
2023-08-03,PHP17,BRS05,13800,kg,BD-PIHPS,,,,,"PIHPS Provinsi Bengkulu (rata-rata pasar tradisional), bukan harga Bengkulu Tengah"
2023-08-03,PHP17,BRS06,13750,kg,BD-PIHPS,,,,,"PIHPS Provinsi Bengkulu (rata-rata pasar tradisional), bukan harga Bengkulu Tengah"
2023-08-03,PHP17,BWM01,31500,kg,BD-PIHPS,,,,,"PIHPS Provinsi Bengkulu (rata-rata pasar tradisional), bukan harga Bengkulu Tengah"
2023-08-03,PHP17,BWP01,41250,kg,BD-PIHPS,,,,,"PIHPS Provinsi Bengkulu (rata-rata pasar tradisional), bukan harga Bengkulu Tengah"
2023-08-03,PHP17,CMR01,28500,kg,BD-PIHPS,,,,,"PIHPS Provinsi Bengkulu (rata-rata pasar tradisional), bukan harga Bengkulu Tengah"
2023-08-03,PHP17,CMR02,32000,kg,BD-PIHPS,,,,,"PIHPS Provinsi Bengkulu (rata-rata pasar tradisional), bukan harga Bengkulu Tengah"
2023-08-03,PHP17,CRW01,35250,kg,BD-PIHPS,,,,,"PIHPS Provinsi Bengkulu (rata-rata pasar tradisional), bukan harga Bengkulu Tengah"
2023-08-03,PHP17,CRW02,28100,kg,BD-PIHPS,,,,,"PIHPS Provinsi Bengkulu (rata-rata pasar tradisional), bukan harga Bengkulu Tengah"
2023-08-03,PHP17,DAY01,27650,kg,BD-PIHPS,,,,,"PIHPS Provinsi Bengkulu (rata-rata pasar tradisional), bukan harga Bengkulu Tengah"
2023-08-03,PHP17,DSP01,136900,kg,BD-PIHPS,,,,,"PIHPS Provinsi Bengkulu (rata-rata pasar tradisional), bukan harga Bengkulu Tengah"
2023-08-03,PHP17,DSP02,136900,kg,BD-PIHPS,,,,,"PIHPS Provinsi Bengkulu (rata-rata pasar tradisional), bukan harga Bengkulu Tengah"
2023-08-03,PHP17,GLP01,14550,kg,BD-PIHPS,,,,,"PIHPS Provinsi Bengkulu (rata-rata pasar tradisional), bukan harga Bengkulu Tengah"
2023-08-03,PHP17,GLP02,15300,kg,BD-PIHPS,,,,,"PIHPS Provinsi Bengkulu (rata-rata pasar tradisional), bukan harga Bengkulu Tengah"
2023-08-03,PHP17,MGR01,15500,liter,BD-PIHPS,,,,,"PIHPS Provinsi Bengkulu (rata-rata pasar tradisional), bukan harga Bengkulu Tengah"
2023-08-03,PHP17,MGR02,20300,liter,BD-PIHPS,,,,,"PIHPS Provinsi Bengkulu (rata-rata pasar tradisional), bukan harga Bengkulu Tengah"
2023-08-03,PHP17,MGR03,17700,liter,BD-PIHPS,,,,,"PIHPS Provinsi Bengkulu (rata-rata pasar tradisional), bukan harga Bengkulu Tengah"
2023-08-03,PHP17,TLR01,29450,kg,BD-PIHPS,,,,,"PIHPS Provinsi Bengkulu (rata-rata pasar tradisional), bukan harga Bengkulu Tengah"
2023-08-04,PHP17,BRS01,11700,kg,BD-PIHPS,,,,,"PIHPS Provinsi Bengkulu (rata-rata pasar tradisional), bukan harga Bengkulu Tengah"
2023-08-04,PHP17,BRS02,12900,kg,BD-PIHPS,,,,,"PIHPS Provinsi Bengkulu (rata-rata pasar tradisional), bukan harga Bengkulu Tengah"
2023-08-04,PHP17,BRS03,13400,kg,BD-PIHPS,,,,,"PIHPS Provinsi Bengkulu (rata-rata pasar tradisional), bukan harga Bengkulu Tengah"
2023-08-04,PHP17,BRS04,13600,kg,BD-PIHPS,,,,,"PIHPS Provinsi Bengkulu (rata-rata pasar tradisional), bukan harga Bengkulu Tengah"
2023-08-04,PHP17,BRS05,13800,kg,BD-PIHPS,,,,,"PIHPS Provinsi Bengkulu (rata-rata pasar tradisional), bukan harga Bengkulu Tengah"
2023-08-04,PHP17,BRS06,13750,kg,BD-PIHPS,,,,,"PIHPS Provinsi Bengkulu (rata-rata pasar tradisional), bukan harga Bengkulu Tengah"
2023-08-04,PHP17,BWM01,32500,kg,BD-PIHPS,,,,,"PIHPS Provinsi Bengkulu (rata-rata pasar tradisional), bukan harga Bengkulu Tengah"
2023-08-04,PHP17,BWP01,41250,kg,BD-PIHPS,,,,,"PIHPS Provinsi Bengkulu (rata-rata pasar tradisional), bukan harga Bengkulu Tengah"
2023-08-04,PHP17,CMR01,29900,kg,BD-PIHPS,,,,,"PIHPS Provinsi Bengkulu (rata-rata pasar tradisional), bukan harga Bengkulu Tengah"
2023-08-04,PHP17,CMR02,33500,kg,BD-PIHPS,,,,,"PIHPS Provinsi Bengkulu (rata-rata pasar tradisional), bukan harga Bengkulu Tengah"
2023-08-04,PHP17,CRW01,35500,kg,BD-PIHPS,,,,,"PIHPS Provinsi Bengkulu (rata-rata pasar tradisional), bukan harga Bengkulu Tengah"
2023-08-04,PHP17,CRW02,28650,kg,BD-PIHPS,,,,,"PIHPS Provinsi Bengkulu (rata-rata pasar tradisional), bukan harga Bengkulu Tengah"
2023-08-04,PHP17,DAY01,27400,kg,BD-PIHPS,,,,,"PIHPS Provinsi Bengkulu (rata-rata pasar tradisional), bukan harga Bengkulu Tengah"
2023-08-04,PHP17,DSP01,136900,kg,BD-PIHPS,,,,,"PIHPS Provinsi Bengkulu (rata-rata pasar tradisional), bukan harga Bengkulu Tengah"
2023-08-04,PHP17,DSP02,136900,kg,BD-PIHPS,,,,,"PIHPS Provinsi Bengkulu (rata-rata pasar tradisional), bukan harga Bengkulu Tengah"
2023-08-04,PHP17,GLP01,14550,kg,BD-PIHPS,,,,,"PIHPS Provinsi Bengkulu (rata-rata pasar tradisional), bukan harga Bengkulu Tengah"
2023-08-04,PHP17,GLP02,15300,kg,BD-PIHPS,,,,,"PIHPS Provinsi Bengkulu (rata-rata pasar tradisional), bukan harga Bengkulu Tengah"
2023-08-04,PHP17,MGR01,15500,liter,BD-PIHPS,,,,,"PIHPS Provinsi Bengkulu (rata-rata pasar tradisional), bukan harga Bengkulu Tengah"
2023-08-04,PHP17,MGR02,20400,liter,BD-PIHPS,,,,,"PIHPS Provinsi Bengkulu (rata-rata pasar tradisional), bukan harga Bengkulu Tengah"
2023-08-04,PHP17,MGR03,17700,liter,BD-PIHPS,,,,,"PIHPS Provinsi Bengkulu (rata-rata pasar tradisional), bukan harga Bengkulu Tengah"
2023-08-04,PHP17,TLR01,29450,kg,BD-PIHPS,,,,,"PIHPS Provinsi Bengkulu (rata-rata pasar tradisional), bukan harga Bengkulu Tengah"
2023-08-07,PHP17,BRS01,11700,kg,BD-PIHPS,,,,,"PIHPS Provinsi Bengkulu (rata-rata pasar tradisional), bukan harga Bengkulu Tengah"
2023-08-07,PHP17,BRS02,12900,kg,BD-PIHPS,,,,,"PIHPS Provinsi Bengkulu (rata-rata pasar tradisional), bukan harga Bengkulu Tengah"
2023-08-07,PHP17,BRS03,13400,kg,BD-PIHPS,,,,,"PIHPS Provinsi Bengkulu (rata-rata pasar tradisional), bukan harga Bengkulu Tengah"
2023-08-07,PHP17,BRS04,13600,kg,BD-PIHPS,,,,,"PIHPS Provinsi Bengkulu (rata-rata pasar tradisional), bukan harga Bengkulu Tengah"
2023-08-07,PHP17,BRS05,13800,kg,BD-PIHPS,,,,,"PIHPS Provinsi Bengkulu (rata-rata pasar tradisional), bukan harga Bengkulu Tengah"
2023-08-07,PHP17,BRS06,13750,kg,BD-PIHPS,,,,,"PIHPS Provinsi Bengkulu (rata-rata pasar tradisional), bukan harga Bengkulu Tengah"
2023-08-07,PHP17,BWM01,32250,kg,BD-PIHPS,,,,,"PIHPS Provinsi Bengkulu (rata-rata pasar tradisional), bukan harga Bengkulu Tengah"
2023-08-07,PHP17,BWP01,40750,kg,BD-PIHPS,,,,,"PIHPS Provinsi Bengkulu (rata-rata pasar tradisional), bukan harga Bengkulu Tengah"
2023-08-07,PHP17,CMR01,28500,kg,BD-PIHPS,,,,,"PIHPS Provinsi Bengkulu (rata-rata pasar tradisional), bukan harga Bengkulu Tengah"
2023-08-07,PHP17,CMR02,32650,kg,BD-PIHPS,,,,,"PIHPS Provinsi Bengkulu (rata-rata pasar tradisional), bukan harga Bengkulu Tengah"
2023-08-07,PHP17,CRW01,36400,kg,BD-PIHPS,,,,,"PIHPS Provinsi Bengkulu (rata-rata pasar tradisional), bukan harga Bengkulu Tengah"
2023-08-07,PHP17,CRW02,29000,kg,BD-PIHPS,,,,,"PIHPS Provinsi Bengkulu (rata-rata pasar tradisional), bukan harga Bengkulu Tengah"
2023-08-07,PHP17,DAY01,27250,kg,BD-PIHPS,,,,,"PIHPS Provinsi Bengkulu (rata-rata pasar tradisional), bukan harga Bengkulu Tengah"
2023-08-07,PHP17,DSP01,136900,kg,BD-PIHPS,,,,,"PIHPS Provinsi Bengkulu (rata-rata pasar tradisional), bukan harga Bengkulu Tengah"
2023-08-07,PHP17,DSP02,136900,kg,BD-PIHPS,,,,,"PIHPS Provinsi Bengkulu (rata-rata pasar tradisional), bukan harga Bengkulu Tengah"
2023-08-07,PHP17,GLP01,14550,kg,BD-PIHPS,,,,,"PIHPS Provinsi Bengkulu (rata-rata pasar tradisional), bukan harga Bengkulu Tengah"
2023-08-07,PHP17,GLP02,15300,kg,BD-PIHPS,,,,,"PIHPS Provinsi Bengkulu (rata-rata pasar tradisional), bukan harga Bengkulu Tengah"
2023-08-07,PHP17,MGR01,15500,liter,BD-PIHPS,,,,,"PIHPS Provinsi Bengkulu (rata-rata pasar tradisional), bukan harga Bengkulu Tengah"
2023-08-07,PHP17,MGR02,20400,liter,BD-PIHPS,,,,,"PIHPS Provinsi Bengkulu (rata-rata pasar tradisional), bukan harga Bengkulu Tengah"
2023-08-07,PHP17,MGR03,17700,liter,BD-PIHPS,,,,,"PIHPS Provinsi Bengkulu (rata-rata pasar tradisional), bukan harga Bengkulu Tengah"
2023-08-07,PHP17,TLR01,29450,kg,BD-PIHPS,,,,,"PIHPS Provinsi Bengkulu (rata-rata pasar tradisional), bukan harga Bengkulu Tengah"
2023-08-08,PHP17,BRS01,11700,kg,BD-PIHPS,,,,,"PIHPS Provinsi Bengkulu (rata-rata pasar tradisional), bukan harga Bengkulu Tengah"
2023-08-08,PHP17,BRS02,12900,kg,BD-PIHPS,,,,,"PIHPS Provinsi Bengkulu (rata-rata pasar tradisional), bukan harga Bengkulu Tengah"
2023-08-08,PHP17,BRS03,13400,kg,BD-PIHPS,,,,,"PIHPS Provinsi Bengkulu (rata-rata pasar tradisional), bukan harga Bengkulu Tengah"
2023-08-08,PHP17,BRS04,13600,kg,BD-PIHPS,,,,,"PIHPS Provinsi Bengkulu (rata-rata pasar tradisional), bukan harga Bengkulu Tengah"
2023-08-08,PHP17,BRS05,13800,kg,BD-PIHPS,,,,,"PIHPS Provinsi Bengkulu (rata-rata pasar tradisional), bukan harga Bengkulu Tengah"
2023-08-08,PHP17,BRS06,13750,kg,BD-PIHPS,,,,,"PIHPS Provinsi Bengkulu (rata-rata pasar tradisional), bukan harga Bengkulu Tengah"
2023-08-08,PHP17,BWM01,31750,kg,BD-PIHPS,,,,,"PIHPS Provinsi Bengkulu (rata-rata pasar tradisional), bukan harga Bengkulu Tengah"
2023-08-08,PHP17,BWP01,39650,kg,BD-PIHPS,,,,,"PIHPS Provinsi Bengkulu (rata-rata pasar tradisional), bukan harga Bengkulu Tengah"
2023-08-08,PHP17,CMR01,28250,kg,BD-PIHPS,,,,,"PIHPS Provinsi Bengkulu (rata-rata pasar tradisional), bukan harga Bengkulu Tengah"
2023-08-08,PHP17,CMR02,31750,kg,BD-PIHPS,,,,,"PIHPS Provinsi Bengkulu (rata-rata pasar tradisional), bukan harga Bengkulu Tengah"
2023-08-08,PHP17,CRW01,36150,kg,BD-PIHPS,,,,,"PIHPS Provinsi Bengkulu (rata-rata pasar tradisional), bukan harga Bengkulu Tengah"
2023-08-08,PHP17,CRW02,28600,kg,BD-PIHPS,,,,,"PIHPS Provinsi Bengkulu (rata-rata pasar tradisional), bukan harga Bengkulu Tengah"
2023-08-08,PHP17,DAY01,28000,kg,BD-PIHPS,,,,,"PIHPS Provinsi Bengkulu (rata-rata pasar tradisional), bukan harga Bengkulu Tengah"
2023-08-08,PHP17,DSP01,136900,kg,BD-PIHPS,,,,,"PIHPS Provinsi Bengkulu (rata-rata pasar tradisional), bukan harga Bengkulu Tengah"
2023-08-08,PHP17,DSP02,136900,kg,BD-PIHPS,,,,,"PIHPS Provinsi Bengkulu (rata-rata pasar tradisional), bukan harga Bengkulu Tengah"
2023-08-08,PHP17,GLP01,14550,kg,BD-PIHPS,,,,,"PIHPS Provinsi Bengkulu (rata-rata pasar tradisional), bukan harga Bengkulu Tengah"
2023-08-08,PHP17,GLP02,15300,kg,BD-PIHPS,,,,,"PIHPS Provinsi Bengkulu (rata-rata pasar tradisional), bukan harga Bengkulu Tengah"
2023-08-08,PHP17,MGR01,15450,liter,BD-PIHPS,,,,,"PIHPS Provinsi Bengkulu (rata-rata pasar tradisional), bukan harga Bengkulu Tengah"
2023-08-08,PHP17,MGR02,20250,liter,BD-PIHPS,,,,,"PIHPS Provinsi Bengkulu (rata-rata pasar tradisional), bukan harga Bengkulu Tengah"
2023-08-08,PHP17,MGR03,17700,liter,BD-PIHPS,,,,,"PIHPS Provinsi Bengkulu (rata-rata pasar tradisional), bukan harga Bengkulu Tengah"
2023-08-08,PHP17,TLR01,29450,kg,BD-PIHPS,,,,,"PIHPS Provinsi Bengkulu (rata-rata pasar tradisional), bukan harga Bengkulu Tengah"
2023-08-09,PHP17,BRS01,11700,kg,BD-PIHPS,,,,,"PIHPS Provinsi Bengkulu (rata-rata pasar tradisional), bukan harga Bengkulu Tengah"
2023-08-09,PHP17,BRS02,12900,kg,BD-PIHPS,,,,,"PIHPS Provinsi Bengkulu (rata-rata pasar tradisional), bukan harga Bengkulu Tengah"
2023-08-09,PHP17,BRS03,13400,kg,BD-PIHPS,,,,,"PIHPS Provinsi Bengkulu (rata-rata pasar tradisional), bukan harga Bengkulu Tengah"
2023-08-09,PHP17,BRS04,13600,kg,BD-PIHPS,,,,,"PIHPS Provinsi Bengkulu (rata-rata pasar tradisional), bukan harga Bengkulu Tengah"
2023-08-09,PHP17,BRS05,13800,kg,BD-PIHPS,,,,,"PIHPS Provinsi Bengkulu (rata-rata pasar tradisional), bukan harga Bengkulu Tengah"
2023-08-09,PHP17,BRS06,13750,kg,BD-PIHPS,,,,,"PIHPS Provinsi Bengkulu (rata-rata pasar tradisional), bukan harga Bengkulu Tengah"
2023-08-09,PHP17,BWM01,32000,kg,BD-PIHPS,,,,,"PIHPS Provinsi Bengkulu (rata-rata pasar tradisional), bukan harga Bengkulu Tengah"
2023-08-09,PHP17,BWP01,39400,kg,BD-PIHPS,,,,,"PIHPS Provinsi Bengkulu (rata-rata pasar tradisional), bukan harga Bengkulu Tengah"
2023-08-09,PHP17,CMR01,28000,kg,BD-PIHPS,,,,,"PIHPS Provinsi Bengkulu (rata-rata pasar tradisional), bukan harga Bengkulu Tengah"
2023-08-09,PHP17,CMR02,32150,kg,BD-PIHPS,,,,,"PIHPS Provinsi Bengkulu (rata-rata pasar tradisional), bukan harga Bengkulu Tengah"
2023-08-09,PHP17,CRW01,35750,kg,BD-PIHPS,,,,,"PIHPS Provinsi Bengkulu (rata-rata pasar tradisional), bukan harga Bengkulu Tengah"
2023-08-09,PHP17,CRW02,29300,kg,BD-PIHPS,,,,,"PIHPS Provinsi Bengkulu (rata-rata pasar tradisional), bukan harga Bengkulu Tengah"
2023-08-09,PHP17,DAY01,30000,kg,BD-PIHPS,,,,,"PIHPS Provinsi Bengkulu (rata-rata pasar tradisional), bukan harga Bengkulu Tengah"
2023-08-09,PHP17,DSP01,135000,kg,BD-PIHPS,,,,,"PIHPS Provinsi Bengkulu (rata-rata pasar tradisional), bukan harga Bengkulu Tengah"
2023-08-09,PHP17,DSP02,135000,kg,BD-PIHPS,,,,,"PIHPS Provinsi Bengkulu (rata-rata pasar tradisional), bukan harga Bengkulu Tengah"
2023-08-09,PHP17,GLP01,14550,kg,BD-PIHPS,,,,,"PIHPS Provinsi Bengkulu (rata-rata pasar tradisional), bukan harga Bengkulu Tengah"
2023-08-09,PHP17,GLP02,15500,kg,BD-PIHPS,,,,,"PIHPS Provinsi Bengkulu (rata-rata pasar tradisional), bukan harga Bengkulu Tengah"
2023-08-09,PHP17,MGR01,15300,liter,BD-PIHPS,,,,,"PIHPS Provinsi Bengkulu (rata-rata pasar tradisional), bukan harga Bengkulu Tengah"
2023-08-09,PHP17,MGR02,20250,liter,BD-PIHPS,,,,,"PIHPS Provinsi Bengkulu (rata-rata pasar tradisional), bukan harga Bengkulu Tengah"
2023-08-09,PHP17,MGR03,17700,liter,BD-PIHPS,,,,,"PIHPS Provinsi Bengkulu (rata-rata pasar tradisional), bukan harga Bengkulu Tengah"
2023-08-09,PHP17,TLR01,29450,kg,BD-PIHPS,,,,,"PIHPS Provinsi Bengkulu (rata-rata pasar tradisional), bukan harga Bengkulu Tengah"
2023-08-10,PHP17,BRS01,11700,kg,BD-PIHPS,,,,,"PIHPS Provinsi Bengkulu (rata-rata pasar tradisional), bukan harga Bengkulu Tengah"
2023-08-10,PHP17,BRS02,12900,kg,BD-PIHPS,,,,,"PIHPS Provinsi Bengkulu (rata-rata pasar tradisional), bukan harga Bengkulu Tengah"
2023-08-10,PHP17,BRS03,13400,kg,BD-PIHPS,,,,,"PIHPS Provinsi Bengkulu (rata-rata pasar tradisional), bukan harga Bengkulu Tengah"
2023-08-10,PHP17,BRS04,13600,kg,BD-PIHPS,,,,,"PIHPS Provinsi Bengkulu (rata-rata pasar tradisional), bukan harga Bengkulu Tengah"
2023-08-10,PHP17,BRS05,13800,kg,BD-PIHPS,,,,,"PIHPS Provinsi Bengkulu (rata-rata pasar tradisional), bukan harga Bengkulu Tengah"
2023-08-10,PHP17,BRS06,13750,kg,BD-PIHPS,,,,,"PIHPS Provinsi Bengkulu (rata-rata pasar tradisional), bukan harga Bengkulu Tengah"
2023-08-10,PHP17,BWM01,32000,kg,BD-PIHPS,,,,,"PIHPS Provinsi Bengkulu (rata-rata pasar tradisional), bukan harga Bengkulu Tengah"
2023-08-10,PHP17,BWP01,38900,kg,BD-PIHPS,,,,,"PIHPS Provinsi Bengkulu (rata-rata pasar tradisional), bukan harga Bengkulu Tengah"
2023-08-10,PHP17,CMR01,27400,kg,BD-PIHPS,,,,,"PIHPS Provinsi Bengkulu (rata-rata pasar tradisional), bukan harga Bengkulu Tengah"
2023-08-10,PHP17,CMR02,31650,kg,BD-PIHPS,,,,,"PIHPS Provinsi Bengkulu (rata-rata pasar tradisional), bukan harga Bengkulu Tengah"
2023-08-10,PHP17,CRW01,34750,kg,BD-PIHPS,,,,,"PIHPS Provinsi Bengkulu (rata-rata pasar tradisional), bukan harga Bengkulu Tengah"
2023-08-10,PHP17,CRW02,29800,kg,BD-PIHPS,,,,,"PIHPS Provinsi Bengkulu (rata-rata pasar tradisional), bukan harga Bengkulu Tengah"
2023-08-10,PHP17,DAY01,30000,kg,BD-PIHPS,,,,,"PIHPS Provinsi Bengkulu (rata-rata pasar tradisional), bukan harga Bengkulu Tengah"
2023-08-10,PHP17,DSP01,135000,kg,BD-PIHPS,,,,,"PIHPS Provinsi Bengkulu (rata-rata pasar tradisional), bukan harga Bengkulu Tengah"
2023-08-10,PHP17,DSP02,135000,kg,BD-PIHPS,,,,,"PIHPS Provinsi Bengkulu (rata-rata pasar tradisional), bukan harga Bengkulu Tengah"
2023-08-10,PHP17,GLP01,14550,kg,BD-PIHPS,,,,,"PIHPS Provinsi Bengkulu (rata-rata pasar tradisional), bukan harga Bengkulu Tengah"
2023-08-10,PHP17,GLP02,15500,kg,BD-PIHPS,,,,,"PIHPS Provinsi Bengkulu (rata-rata pasar tradisional), bukan harga Bengkulu Tengah"
2023-08-10,PHP17,MGR01,15300,liter,BD-PIHPS,,,,,"PIHPS Provinsi Bengkulu (rata-rata pasar tradisional), bukan harga Bengkulu Tengah"
2023-08-10,PHP17,MGR02,20250,liter,BD-PIHPS,,,,,"PIHPS Provinsi Bengkulu (rata-rata pasar tradisional), bukan harga Bengkulu Tengah"
2023-08-10,PHP17,MGR03,17700,liter,BD-PIHPS,,,,,"PIHPS Provinsi Bengkulu (rata-rata pasar tradisional), bukan harga Bengkulu Tengah"
2023-08-10,PHP17,TLR01,29450,kg,BD-PIHPS,,,,,"PIHPS Provinsi Bengkulu (rata-rata pasar tradisional), bukan harga Bengkulu Tengah"
2023-08-11,PHP17,BRS01,11800,kg,BD-PIHPS,,,,,"PIHPS Provinsi Bengkulu (rata-rata pasar tradisional), bukan harga Bengkulu Tengah"
2023-08-11,PHP17,BRS02,12950,kg,BD-PIHPS,,,,,"PIHPS Provinsi Bengkulu (rata-rata pasar tradisional), bukan harga Bengkulu Tengah"
2023-08-11,PHP17,BRS03,13500,kg,BD-PIHPS,,,,,"PIHPS Provinsi Bengkulu (rata-rata pasar tradisional), bukan harga Bengkulu Tengah"
2023-08-11,PHP17,BRS04,13650,kg,BD-PIHPS,,,,,"PIHPS Provinsi Bengkulu (rata-rata pasar tradisional), bukan harga Bengkulu Tengah"
2023-08-11,PHP17,BRS05,13800,kg,BD-PIHPS,,,,,"PIHPS Provinsi Bengkulu (rata-rata pasar tradisional), bukan harga Bengkulu Tengah"
2023-08-11,PHP17,BRS06,13900,kg,BD-PIHPS,,,,,"PIHPS Provinsi Bengkulu (rata-rata pasar tradisional), bukan harga Bengkulu Tengah"
2023-08-11,PHP17,BWM01,32250,kg,BD-PIHPS,,,,,"PIHPS Provinsi Bengkulu (rata-rata pasar tradisional), bukan harga Bengkulu Tengah"
2023-08-11,PHP17,BWP01,39150,kg,BD-PIHPS,,,,,"PIHPS Provinsi Bengkulu (rata-rata pasar tradisional), bukan harga Bengkulu Tengah"
2023-08-11,PHP17,CMR01,28000,kg,BD-PIHPS,,,,,"PIHPS Provinsi Bengkulu (rata-rata pasar tradisional), bukan harga Bengkulu Tengah"
2023-08-11,PHP17,CMR02,32750,kg,BD-PIHPS,,,,,"PIHPS Provinsi Bengkulu (rata-rata pasar tradisional), bukan harga Bengkulu Tengah"
2023-08-11,PHP17,CRW01,33900,kg,BD-PIHPS,,,,,"PIHPS Provinsi Bengkulu (rata-rata pasar tradisional), bukan harga Bengkulu Tengah"
2023-08-11,PHP17,CRW02,28700,kg,BD-PIHPS,,,,,"PIHPS Provinsi Bengkulu (rata-rata pasar tradisional), bukan harga Bengkulu Tengah"
2023-08-11,PHP17,DAY01,30000,kg,BD-PIHPS,,,,,"PIHPS Provinsi Bengkulu (rata-rata pasar tradisional), bukan harga Bengkulu Tengah"
2023-08-11,PHP17,DSP01,135000,kg,BD-PIHPS,,,,,"PIHPS Provinsi Bengkulu (rata-rata pasar tradisional), bukan harga Bengkulu Tengah"
2023-08-11,PHP17,DSP02,135000,kg,BD-PIHPS,,,,,"PIHPS Provinsi Bengkulu (rata-rata pasar tradisional), bukan harga Bengkulu Tengah"
2023-08-11,PHP17,GLP01,14550,kg,BD-PIHPS,,,,,"PIHPS Provinsi Bengkulu (rata-rata pasar tradisional), bukan harga Bengkulu Tengah"
2023-08-11,PHP17,GLP02,15500,kg,BD-PIHPS,,,,,"PIHPS Provinsi Bengkulu (rata-rata pasar tradisional), bukan harga Bengkulu Tengah"
2023-08-11,PHP17,MGR01,15300,liter,BD-PIHPS,,,,,"PIHPS Provinsi Bengkulu (rata-rata pasar tradisional), bukan harga Bengkulu Tengah"
2023-08-11,PHP17,MGR02,20250,liter,BD-PIHPS,,,,,"PIHPS Provinsi Bengkulu (rata-rata pasar tradisional), bukan harga Bengkulu Tengah"
2023-08-11,PHP17,MGR03,17700,liter,BD-PIHPS,,,,,"PIHPS Provinsi Bengkulu (rata-rata pasar tradisional), bukan harga Bengkulu Tengah"
2023-08-11,PHP17,TLR01,29450,kg,BD-PIHPS,,,,,"PIHPS Provinsi Bengkulu (rata-rata pasar tradisional), bukan harga Bengkulu Tengah"
2023-08-14,PHP17,BRS01,11800,kg,BD-PIHPS,,,,,"PIHPS Provinsi Bengkulu (rata-rata pasar tradisional), bukan harga Bengkulu Tengah"
2023-08-14,PHP17,BRS02,12950,kg,BD-PIHPS,,,,,"PIHPS Provinsi Bengkulu (rata-rata pasar tradisional), bukan harga Bengkulu Tengah"
2023-08-14,PHP17,BRS03,13500,kg,BD-PIHPS,,,,,"PIHPS Provinsi Bengkulu (rata-rata pasar tradisional), bukan harga Bengkulu Tengah"
2023-08-14,PHP17,BRS04,13650,kg,BD-PIHPS,,,,,"PIHPS Provinsi Bengkulu (rata-rata pasar tradisional), bukan harga Bengkulu Tengah"
2023-08-14,PHP17,BRS05,13800,kg,BD-PIHPS,,,,,"PIHPS Provinsi Bengkulu (rata-rata pasar tradisional), bukan harga Bengkulu Tengah"
2023-08-14,PHP17,BRS06,13900,kg,BD-PIHPS,,,,,"PIHPS Provinsi Bengkulu (rata-rata pasar tradisional), bukan harga Bengkulu Tengah"
2023-08-14,PHP17,BWM01,30500,kg,BD-PIHPS,,,,,"PIHPS Provinsi Bengkulu (rata-rata pasar tradisional), bukan harga Bengkulu Tengah"
2023-08-14,PHP17,BWP01,39650,kg,BD-PIHPS,,,,,"PIHPS Provinsi Bengkulu (rata-rata pasar tradisional), bukan harga Bengkulu Tengah"
2023-08-14,PHP17,CMR01,28400,kg,BD-PIHPS,,,,,"PIHPS Provinsi Bengkulu (rata-rata pasar tradisional), bukan harga Bengkulu Tengah"
2023-08-14,PHP17,CMR02,32650,kg,BD-PIHPS,,,,,"PIHPS Provinsi Bengkulu (rata-rata pasar tradisional), bukan harga Bengkulu Tengah"
2023-08-14,PHP17,CRW01,31900,kg,BD-PIHPS,,,,,"PIHPS Provinsi Bengkulu (rata-rata pasar tradisional), bukan harga Bengkulu Tengah"
2023-08-14,PHP17,CRW02,29200,kg,BD-PIHPS,,,,,"PIHPS Provinsi Bengkulu (rata-rata pasar tradisional), bukan harga Bengkulu Tengah"
2023-08-14,PHP17,DAY01,31150,kg,BD-PIHPS,,,,,"PIHPS Provinsi Bengkulu (rata-rata pasar tradisional), bukan harga Bengkulu Tengah"
2023-08-14,PHP17,DSP01,135000,kg,BD-PIHPS,,,,,"PIHPS Provinsi Bengkulu (rata-rata pasar tradisional), bukan harga Bengkulu Tengah"
2023-08-14,PHP17,DSP02,135000,kg,BD-PIHPS,,,,,"PIHPS Provinsi Bengkulu (rata-rata pasar tradisional), bukan harga Bengkulu Tengah"
2023-08-14,PHP17,GLP01,14550,kg,BD-PIHPS,,,,,"PIHPS Provinsi Bengkulu (rata-rata pasar tradisional), bukan harga Bengkulu Tengah"
2023-08-14,PHP17,GLP02,15500,kg,BD-PIHPS,,,,,"PIHPS Provinsi Bengkulu (rata-rata pasar tradisional), bukan harga Bengkulu Tengah"
2023-08-14,PHP17,MGR01,15300,liter,BD-PIHPS,,,,,"PIHPS Provinsi Bengkulu (rata-rata pasar tradisional), bukan harga Bengkulu Tengah"
2023-08-14,PHP17,MGR02,20250,liter,BD-PIHPS,,,,,"PIHPS Provinsi Bengkulu (rata-rata pasar tradisional), bukan harga Bengkulu Tengah"
2023-08-14,PHP17,MGR03,17700,liter,BD-PIHPS,,,,,"PIHPS Provinsi Bengkulu (rata-rata pasar tradisional), bukan harga Bengkulu Tengah"
2023-08-14,PHP17,TLR01,29450,kg,BD-PIHPS,,,,,"PIHPS Provinsi Bengkulu (rata-rata pasar tradisional), bukan harga Bengkulu Tengah"
2023-08-15,PHP17,BRS01,11800,kg,BD-PIHPS,,,,,"PIHPS Provinsi Bengkulu (rata-rata pasar tradisional), bukan harga Bengkulu Tengah"
2023-08-15,PHP17,BRS02,12950,kg,BD-PIHPS,,,,,"PIHPS Provinsi Bengkulu (rata-rata pasar tradisional), bukan harga Bengkulu Tengah"
2023-08-15,PHP17,BRS03,13500,kg,BD-PIHPS,,,,,"PIHPS Provinsi Bengkulu (rata-rata pasar tradisional), bukan harga Bengkulu Tengah"
2023-08-15,PHP17,BRS04,13650,kg,BD-PIHPS,,,,,"PIHPS Provinsi Bengkulu (rata-rata pasar tradisional), bukan harga Bengkulu Tengah"
2023-08-15,PHP17,BRS05,13800,kg,BD-PIHPS,,,,,"PIHPS Provinsi Bengkulu (rata-rata pasar tradisional), bukan harga Bengkulu Tengah"
2023-08-15,PHP17,BRS06,13900,kg,BD-PIHPS,,,,,"PIHPS Provinsi Bengkulu (rata-rata pasar tradisional), bukan harga Bengkulu Tengah"
2023-08-15,PHP17,BWM01,30250,kg,BD-PIHPS,,,,,"PIHPS Provinsi Bengkulu (rata-rata pasar tradisional), bukan harga Bengkulu Tengah"
2023-08-15,PHP17,BWP01,40400,kg,BD-PIHPS,,,,,"PIHPS Provinsi Bengkulu (rata-rata pasar tradisional), bukan harga Bengkulu Tengah"
2023-08-15,PHP17,CMR01,28500,kg,BD-PIHPS,,,,,"PIHPS Provinsi Bengkulu (rata-rata pasar tradisional), bukan harga Bengkulu Tengah"
2023-08-15,PHP17,CMR02,33150,kg,BD-PIHPS,,,,,"PIHPS Provinsi Bengkulu (rata-rata pasar tradisional), bukan harga Bengkulu Tengah"
2023-08-15,PHP17,CRW01,30650,kg,BD-PIHPS,,,,,"PIHPS Provinsi Bengkulu (rata-rata pasar tradisional), bukan harga Bengkulu Tengah"
2023-08-15,PHP17,CRW02,29400,kg,BD-PIHPS,,,,,"PIHPS Provinsi Bengkulu (rata-rata pasar tradisional), bukan harga Bengkulu Tengah"
2023-08-15,PHP17,DAY01,31500,kg,BD-PIHPS,,,,,"PIHPS Provinsi Bengkulu (rata-rata pasar tradisional), bukan harga Bengkulu Tengah"
2023-08-15,PHP17,DSP01,135000,kg,BD-PIHPS,,,,,"PIHPS Provinsi Bengkulu (rata-rata pasar tradisional), bukan harga Bengkulu Tengah"
2023-08-15,PHP17,DSP02,135000,kg,BD-PIHPS,,,,,"PIHPS Provinsi Bengkulu (rata-rata pasar tradisional), bukan harga Bengkulu Tengah"
2023-08-15,PHP17,GLP01,14550,kg,BD-PIHPS,,,,,"PIHPS Provinsi Bengkulu (rata-rata pasar tradisional), bukan harga Bengkulu Tengah"
2023-08-15,PHP17,GLP02,15500,kg,BD-PIHPS,,,,,"PIHPS Provinsi Bengkulu (rata-rata pasar tradisional), bukan harga Bengkulu Tengah"
2023-08-15,PHP17,MGR01,15300,liter,BD-PIHPS,,,,,"PIHPS Provinsi Bengkulu (rata-rata pasar tradisional), bukan harga Bengkulu Tengah"
2023-08-15,PHP17,MGR02,20250,liter,BD-PIHPS,,,,,"PIHPS Provinsi Bengkulu (rata-rata pasar tradisional), bukan harga Bengkulu Tengah"
2023-08-15,PHP17,MGR03,17700,liter,BD-PIHPS,,,,,"PIHPS Provinsi Bengkulu (rata-rata pasar tradisional), bukan harga Bengkulu Tengah"
2023-08-15,PHP17,TLR01,29450,kg,BD-PIHPS,,,,,"PIHPS Provinsi Bengkulu (rata-rata pasar tradisional), bukan harga Bengkulu Tengah"
2023-08-16,PHP17,BRS01,11800,kg,BD-PIHPS,,,,,"PIHPS Provinsi Bengkulu (rata-rata pasar tradisional), bukan harga Bengkulu Tengah"
2023-08-16,PHP17,BRS02,12950,kg,BD-PIHPS,,,,,"PIHPS Provinsi Bengkulu (rata-rata pasar tradisional), bukan harga Bengkulu Tengah"
2023-08-16,PHP17,BRS03,13500,kg,BD-PIHPS,,,,,"PIHPS Provinsi Bengkulu (rata-rata pasar tradisional), bukan harga Bengkulu Tengah"
2023-08-16,PHP17,BRS04,13650,kg,BD-PIHPS,,,,,"PIHPS Provinsi Bengkulu (rata-rata pasar tradisional), bukan harga Bengkulu Tengah"
2023-08-16,PHP17,BRS05,13800,kg,BD-PIHPS,,,,,"PIHPS Provinsi Bengkulu (rata-rata pasar tradisional), bukan harga Bengkulu Tengah"
2023-08-16,PHP17,BRS06,13900,kg,BD-PIHPS,,,,,"PIHPS Provinsi Bengkulu (rata-rata pasar tradisional), bukan harga Bengkulu Tengah"
2023-08-16,PHP17,BWM01,29250,kg,BD-PIHPS,,,,,"PIHPS Provinsi Bengkulu (rata-rata pasar tradisional), bukan harga Bengkulu Tengah"
2023-08-16,PHP17,BWP01,40250,kg,BD-PIHPS,,,,,"PIHPS Provinsi Bengkulu (rata-rata pasar tradisional), bukan harga Bengkulu Tengah"
2023-08-16,PHP17,CMR01,28500,kg,BD-PIHPS,,,,,"PIHPS Provinsi Bengkulu (rata-rata pasar tradisional), bukan harga Bengkulu Tengah"
2023-08-16,PHP17,CMR02,33000,kg,BD-PIHPS,,,,,"PIHPS Provinsi Bengkulu (rata-rata pasar tradisional), bukan harga Bengkulu Tengah"
2023-08-16,PHP17,CRW01,30250,kg,BD-PIHPS,,,,,"PIHPS Provinsi Bengkulu (rata-rata pasar tradisional), bukan harga Bengkulu Tengah"
2023-08-16,PHP17,CRW02,29550,kg,BD-PIHPS,,,,,"PIHPS Provinsi Bengkulu (rata-rata pasar tradisional), bukan harga Bengkulu Tengah"
2023-08-16,PHP17,DAY01,33250,kg,BD-PIHPS,,,,,"PIHPS Provinsi Bengkulu (rata-rata pasar tradisional), bukan harga Bengkulu Tengah"
2023-08-16,PHP17,DSP01,135000,kg,BD-PIHPS,,,,,"PIHPS Provinsi Bengkulu (rata-rata pasar tradisional), bukan harga Bengkulu Tengah"
2023-08-16,PHP17,DSP02,135000,kg,BD-PIHPS,,,,,"PIHPS Provinsi Bengkulu (rata-rata pasar tradisional), bukan harga Bengkulu Tengah"
2023-08-16,PHP17,GLP01,14550,kg,BD-PIHPS,,,,,"PIHPS Provinsi Bengkulu (rata-rata pasar tradisional), bukan harga Bengkulu Tengah"
2023-08-16,PHP17,GLP02,15500,kg,BD-PIHPS,,,,,"PIHPS Provinsi Bengkulu (rata-rata pasar tradisional), bukan harga Bengkulu Tengah"
2023-08-16,PHP17,MGR01,15300,liter,BD-PIHPS,,,,,"PIHPS Provinsi Bengkulu (rata-rata pasar tradisional), bukan harga Bengkulu Tengah"
2023-08-16,PHP17,MGR02,20250,liter,BD-PIHPS,,,,,"PIHPS Provinsi Bengkulu (rata-rata pasar tradisional), bukan harga Bengkulu Tengah"
2023-08-16,PHP17,MGR03,17700,liter,BD-PIHPS,,,,,"PIHPS Provinsi Bengkulu (rata-rata pasar tradisional), bukan harga Bengkulu Tengah"
2023-08-16,PHP17,TLR01,29450,kg,BD-PIHPS,,,,,"PIHPS Provinsi Bengkulu (rata-rata pasar tradisional), bukan harga Bengkulu Tengah"
2023-08-17,PHP17,BRS01,11800,kg,BD-PIHPS,,,,,"PIHPS Provinsi Bengkulu (rata-rata pasar tradisional), bukan harga Bengkulu Tengah"
2023-08-17,PHP17,BRS02,12950,kg,BD-PIHPS,,,,,"PIHPS Provinsi Bengkulu (rata-rata pasar tradisional), bukan harga Bengkulu Tengah"
2023-08-17,PHP17,BRS03,13500,kg,BD-PIHPS,,,,,"PIHPS Provinsi Bengkulu (rata-rata pasar tradisional), bukan harga Bengkulu Tengah"
2023-08-17,PHP17,BRS04,13650,kg,BD-PIHPS,,,,,"PIHPS Provinsi Bengkulu (rata-rata pasar tradisional), bukan harga Bengkulu Tengah"
2023-08-17,PHP17,BRS05,13800,kg,BD-PIHPS,,,,,"PIHPS Provinsi Bengkulu (rata-rata pasar tradisional), bukan harga Bengkulu Tengah"
2023-08-17,PHP17,BRS06,13900,kg,BD-PIHPS,,,,,"PIHPS Provinsi Bengkulu (rata-rata pasar tradisional), bukan harga Bengkulu Tengah"
2023-08-17,PHP17,BWM01,29250,kg,BD-PIHPS,,,,,"PIHPS Provinsi Bengkulu (rata-rata pasar tradisional), bukan harga Bengkulu Tengah"
2023-08-17,PHP17,BWP01,40250,kg,BD-PIHPS,,,,,"PIHPS Provinsi Bengkulu (rata-rata pasar tradisional), bukan harga Bengkulu Tengah"
2023-08-17,PHP17,CMR01,28500,kg,BD-PIHPS,,,,,"PIHPS Provinsi Bengkulu (rata-rata pasar tradisional), bukan harga Bengkulu Tengah"
2023-08-17,PHP17,CMR02,33000,kg,BD-PIHPS,,,,,"PIHPS Provinsi Bengkulu (rata-rata pasar tradisional), bukan harga Bengkulu Tengah"
2023-08-17,PHP17,CRW01,30250,kg,BD-PIHPS,,,,,"PIHPS Provinsi Bengkulu (rata-rata pasar tradisional), bukan harga Bengkulu Tengah"
2023-08-17,PHP17,CRW02,29550,kg,BD-PIHPS,,,,,"PIHPS Provinsi Bengkulu (rata-rata pasar tradisional), bukan harga Bengkulu Tengah"
2023-08-17,PHP17,DAY01,33250,kg,BD-PIHPS,,,,,"PIHPS Provinsi Bengkulu (rata-rata pasar tradisional), bukan harga Bengkulu Tengah"
2023-08-17,PHP17,DSP01,135000,kg,BD-PIHPS,,,,,"PIHPS Provinsi Bengkulu (rata-rata pasar tradisional), bukan harga Bengkulu Tengah"
2023-08-17,PHP17,DSP02,135000,kg,BD-PIHPS,,,,,"PIHPS Provinsi Bengkulu (rata-rata pasar tradisional), bukan harga Bengkulu Tengah"
2023-08-17,PHP17,GLP01,14550,kg,BD-PIHPS,,,,,"PIHPS Provinsi Bengkulu (rata-rata pasar tradisional), bukan harga Bengkulu Tengah"
2023-08-17,PHP17,GLP02,15500,kg,BD-PIHPS,,,,,"PIHPS Provinsi Bengkulu (rata-rata pasar tradisional), bukan harga Bengkulu Tengah"
2023-08-17,PHP17,MGR01,15300,liter,BD-PIHPS,,,,,"PIHPS Provinsi Bengkulu (rata-rata pasar tradisional), bukan harga Bengkulu Tengah"
2023-08-17,PHP17,MGR02,20250,liter,BD-PIHPS,,,,,"PIHPS Provinsi Bengkulu (rata-rata pasar tradisional), bukan harga Bengkulu Tengah"
2023-08-17,PHP17,MGR03,17700,liter,BD-PIHPS,,,,,"PIHPS Provinsi Bengkulu (rata-rata pasar tradisional), bukan harga Bengkulu Tengah"
2023-08-17,PHP17,TLR01,29450,kg,BD-PIHPS,,,,,"PIHPS Provinsi Bengkulu (rata-rata pasar tradisional), bukan harga Bengkulu Tengah"
2023-08-18,PHP17,BRS01,11800,kg,BD-PIHPS,,,,,"PIHPS Provinsi Bengkulu (rata-rata pasar tradisional), bukan harga Bengkulu Tengah"
2023-08-18,PHP17,BRS02,12950,kg,BD-PIHPS,,,,,"PIHPS Provinsi Bengkulu (rata-rata pasar tradisional), bukan harga Bengkulu Tengah"
2023-08-18,PHP17,BRS03,13500,kg,BD-PIHPS,,,,,"PIHPS Provinsi Bengkulu (rata-rata pasar tradisional), bukan harga Bengkulu Tengah"
2023-08-18,PHP17,BRS04,13650,kg,BD-PIHPS,,,,,"PIHPS Provinsi Bengkulu (rata-rata pasar tradisional), bukan harga Bengkulu Tengah"
2023-08-18,PHP17,BRS05,13800,kg,BD-PIHPS,,,,,"PIHPS Provinsi Bengkulu (rata-rata pasar tradisional), bukan harga Bengkulu Tengah"
2023-08-18,PHP17,BRS06,13900,kg,BD-PIHPS,,,,,"PIHPS Provinsi Bengkulu (rata-rata pasar tradisional), bukan harga Bengkulu Tengah"
2023-08-18,PHP17,BWM01,28150,kg,BD-PIHPS,,,,,"PIHPS Provinsi Bengkulu (rata-rata pasar tradisional), bukan harga Bengkulu Tengah"
2023-08-18,PHP17,BWP01,39150,kg,BD-PIHPS,,,,,"PIHPS Provinsi Bengkulu (rata-rata pasar tradisional), bukan harga Bengkulu Tengah"
2023-08-18,PHP17,CMR01,30000,kg,BD-PIHPS,,,,,"PIHPS Provinsi Bengkulu (rata-rata pasar tradisional), bukan harga Bengkulu Tengah"
2023-08-18,PHP17,CMR02,34400,kg,BD-PIHPS,,,,,"PIHPS Provinsi Bengkulu (rata-rata pasar tradisional), bukan harga Bengkulu Tengah"
2023-08-18,PHP17,CRW01,30400,kg,BD-PIHPS,,,,,"PIHPS Provinsi Bengkulu (rata-rata pasar tradisional), bukan harga Bengkulu Tengah"
2023-08-18,PHP17,CRW02,30200,kg,BD-PIHPS,,,,,"PIHPS Provinsi Bengkulu (rata-rata pasar tradisional), bukan harga Bengkulu Tengah"
2023-08-18,PHP17,DAY01,33750,kg,BD-PIHPS,,,,,"PIHPS Provinsi Bengkulu (rata-rata pasar tradisional), bukan harga Bengkulu Tengah"
2023-08-18,PHP17,DSP01,135000,kg,BD-PIHPS,,,,,"PIHPS Provinsi Bengkulu (rata-rata pasar tradisional), bukan harga Bengkulu Tengah"
2023-08-18,PHP17,DSP02,135000,kg,BD-PIHPS,,,,,"PIHPS Provinsi Bengkulu (rata-rata pasar tradisional), bukan harga Bengkulu Tengah"
2023-08-18,PHP17,GLP01,14550,kg,BD-PIHPS,,,,,"PIHPS Provinsi Bengkulu (rata-rata pasar tradisional), bukan harga Bengkulu Tengah"
2023-08-18,PHP17,GLP02,15500,kg,BD-PIHPS,,,,,"PIHPS Provinsi Bengkulu (rata-rata pasar tradisional), bukan harga Bengkulu Tengah"
2023-08-18,PHP17,MGR01,15300,liter,BD-PIHPS,,,,,"PIHPS Provinsi Bengkulu (rata-rata pasar tradisional), bukan harga Bengkulu Tengah"
2023-08-18,PHP17,MGR02,20250,liter,BD-PIHPS,,,,,"PIHPS Provinsi Bengkulu (rata-rata pasar tradisional), bukan harga Bengkulu Tengah"
2023-08-18,PHP17,MGR03,17700,liter,BD-PIHPS,,,,,"PIHPS Provinsi Bengkulu (rata-rata pasar tradisional), bukan harga Bengkulu Tengah"
2023-08-18,PHP17,TLR01,29450,kg,BD-PIHPS,,,,,"PIHPS Provinsi Bengkulu (rata-rata pasar tradisional), bukan harga Bengkulu Tengah"
2023-08-21,PHP17,BRS01,11800,kg,BD-PIHPS,,,,,"PIHPS Provinsi Bengkulu (rata-rata pasar tradisional), bukan harga Bengkulu Tengah"
2023-08-21,PHP17,BRS02,12950,kg,BD-PIHPS,,,,,"PIHPS Provinsi Bengkulu (rata-rata pasar tradisional), bukan harga Bengkulu Tengah"
2023-08-21,PHP17,BRS03,13500,kg,BD-PIHPS,,,,,"PIHPS Provinsi Bengkulu (rata-rata pasar tradisional), bukan harga Bengkulu Tengah"
2023-08-21,PHP17,BRS04,13650,kg,BD-PIHPS,,,,,"PIHPS Provinsi Bengkulu (rata-rata pasar tradisional), bukan harga Bengkulu Tengah"
2023-08-21,PHP17,BRS05,13800,kg,BD-PIHPS,,,,,"PIHPS Provinsi Bengkulu (rata-rata pasar tradisional), bukan harga Bengkulu Tengah"
2023-08-21,PHP17,BRS06,13900,kg,BD-PIHPS,,,,,"PIHPS Provinsi Bengkulu (rata-rata pasar tradisional), bukan harga Bengkulu Tengah"
2023-08-21,PHP17,BWM01,28650,kg,BD-PIHPS,,,,,"PIHPS Provinsi Bengkulu (rata-rata pasar tradisional), bukan harga Bengkulu Tengah"
2023-08-21,PHP17,BWP01,38750,kg,BD-PIHPS,,,,,"PIHPS Provinsi Bengkulu (rata-rata pasar tradisional), bukan harga Bengkulu Tengah"
2023-08-21,PHP17,CMR01,31150,kg,BD-PIHPS,,,,,"PIHPS Provinsi Bengkulu (rata-rata pasar tradisional), bukan harga Bengkulu Tengah"
2023-08-21,PHP17,CMR02,35650,kg,BD-PIHPS,,,,,"PIHPS Provinsi Bengkulu (rata-rata pasar tradisional), bukan harga Bengkulu Tengah"
2023-08-21,PHP17,CRW01,30500,kg,BD-PIHPS,,,,,"PIHPS Provinsi Bengkulu (rata-rata pasar tradisional), bukan harga Bengkulu Tengah"
2023-08-21,PHP17,CRW02,28800,kg,BD-PIHPS,,,,,"PIHPS Provinsi Bengkulu (rata-rata pasar tradisional), bukan harga Bengkulu Tengah"
2023-08-21,PHP17,DAY01,33750,kg,BD-PIHPS,,,,,"PIHPS Provinsi Bengkulu (rata-rata pasar tradisional), bukan harga Bengkulu Tengah"
2023-08-21,PHP17,DSP01,135000,kg,BD-PIHPS,,,,,"PIHPS Provinsi Bengkulu (rata-rata pasar tradisional), bukan harga Bengkulu Tengah"
2023-08-21,PHP17,DSP02,135000,kg,BD-PIHPS,,,,,"PIHPS Provinsi Bengkulu (rata-rata pasar tradisional), bukan harga Bengkulu Tengah"
2023-08-21,PHP17,GLP01,14550,kg,BD-PIHPS,,,,,"PIHPS Provinsi Bengkulu (rata-rata pasar tradisional), bukan harga Bengkulu Tengah"
2023-08-21,PHP17,GLP02,15500,kg,BD-PIHPS,,,,,"PIHPS Provinsi Bengkulu (rata-rata pasar tradisional), bukan harga Bengkulu Tengah"
2023-08-21,PHP17,MGR01,15250,liter,BD-PIHPS,,,,,"PIHPS Provinsi Bengkulu (rata-rata pasar tradisional), bukan harga Bengkulu Tengah"
2023-08-21,PHP17,MGR02,20250,liter,BD-PIHPS,,,,,"PIHPS Provinsi Bengkulu (rata-rata pasar tradisional), bukan harga Bengkulu Tengah"
2023-08-21,PHP17,MGR03,17700,liter,BD-PIHPS,,,,,"PIHPS Provinsi Bengkulu (rata-rata pasar tradisional), bukan harga Bengkulu Tengah"
2023-08-21,PHP17,TLR01,29450,kg,BD-PIHPS,,,,,"PIHPS Provinsi Bengkulu (rata-rata pasar tradisional), bukan harga Bengkulu Tengah"
2023-08-22,PHP17,BRS01,11800,kg,BD-PIHPS,,,,,"PIHPS Provinsi Bengkulu (rata-rata pasar tradisional), bukan harga Bengkulu Tengah"
2023-08-22,PHP17,BRS02,12900,kg,BD-PIHPS,,,,,"PIHPS Provinsi Bengkulu (rata-rata pasar tradisional), bukan harga Bengkulu Tengah"
2023-08-22,PHP17,BRS03,13600,kg,BD-PIHPS,,,,,"PIHPS Provinsi Bengkulu (rata-rata pasar tradisional), bukan harga Bengkulu Tengah"
2023-08-22,PHP17,BRS04,13850,kg,BD-PIHPS,,,,,"PIHPS Provinsi Bengkulu (rata-rata pasar tradisional), bukan harga Bengkulu Tengah"
2023-08-22,PHP17,BRS05,14050,kg,BD-PIHPS,,,,,"PIHPS Provinsi Bengkulu (rata-rata pasar tradisional), bukan harga Bengkulu Tengah"
2023-08-22,PHP17,BRS06,14050,kg,BD-PIHPS,,,,,"PIHPS Provinsi Bengkulu (rata-rata pasar tradisional), bukan harga Bengkulu Tengah"
2023-08-22,PHP17,BWM01,29400,kg,BD-PIHPS,,,,,"PIHPS Provinsi Bengkulu (rata-rata pasar tradisional), bukan harga Bengkulu Tengah"
2023-08-22,PHP17,BWP01,38500,kg,BD-PIHPS,,,,,"PIHPS Provinsi Bengkulu (rata-rata pasar tradisional), bukan harga Bengkulu Tengah"
2023-08-22,PHP17,CMR01,32150,kg,BD-PIHPS,,,,,"PIHPS Provinsi Bengkulu (rata-rata pasar tradisional), bukan harga Bengkulu Tengah"
2023-08-22,PHP17,CMR02,35900,kg,BD-PIHPS,,,,,"PIHPS Provinsi Bengkulu (rata-rata pasar tradisional), bukan harga Bengkulu Tengah"
2023-08-22,PHP17,CRW01,29750,kg,BD-PIHPS,,,,,"PIHPS Provinsi Bengkulu (rata-rata pasar tradisional), bukan harga Bengkulu Tengah"
2023-08-22,PHP17,CRW02,28350,kg,BD-PIHPS,,,,,"PIHPS Provinsi Bengkulu (rata-rata pasar tradisional), bukan harga Bengkulu Tengah"
2023-08-22,PHP17,DAY01,33750,kg,BD-PIHPS,,,,,"PIHPS Provinsi Bengkulu (rata-rata pasar tradisional), bukan harga Bengkulu Tengah"
2023-08-22,PHP17,DSP01,135000,kg,BD-PIHPS,,,,,"PIHPS Provinsi Bengkulu (rata-rata pasar tradisional), bukan harga Bengkulu Tengah"
2023-08-22,PHP17,DSP02,135000,kg,BD-PIHPS,,,,,"PIHPS Provinsi Bengkulu (rata-rata pasar tradisional), bukan harga Bengkulu Tengah"
2023-08-22,PHP17,GLP01,14500,kg,BD-PIHPS,,,,,"PIHPS Provinsi Bengkulu (rata-rata pasar tradisional), bukan harga Bengkulu Tengah"
2023-08-22,PHP17,GLP02,15450,kg,BD-PIHPS,,,,,"PIHPS Provinsi Bengkulu (rata-rata pasar tradisional), bukan harga Bengkulu Tengah"
2023-08-22,PHP17,MGR01,15250,liter,BD-PIHPS,,,,,"PIHPS Provinsi Bengkulu (rata-rata pasar tradisional), bukan harga Bengkulu Tengah"
2023-08-22,PHP17,MGR02,20250,liter,BD-PIHPS,,,,,"PIHPS Provinsi Bengkulu (rata-rata pasar tradisional), bukan harga Bengkulu Tengah"
2023-08-22,PHP17,MGR03,17700,liter,BD-PIHPS,,,,,"PIHPS Provinsi Bengkulu (rata-rata pasar tradisional), bukan harga Bengkulu Tengah"
2023-08-22,PHP17,TLR01,29450,kg,BD-PIHPS,,,,,"PIHPS Provinsi Bengkulu (rata-rata pasar tradisional), bukan harga Bengkulu Tengah"
2023-08-23,PHP17,BRS01,11800,kg,BD-PIHPS,,,,,"PIHPS Provinsi Bengkulu (rata-rata pasar tradisional), bukan harga Bengkulu Tengah"
2023-08-23,PHP17,BRS02,12900,kg,BD-PIHPS,,,,,"PIHPS Provinsi Bengkulu (rata-rata pasar tradisional), bukan harga Bengkulu Tengah"
2023-08-23,PHP17,BRS03,13600,kg,BD-PIHPS,,,,,"PIHPS Provinsi Bengkulu (rata-rata pasar tradisional), bukan harga Bengkulu Tengah"
2023-08-23,PHP17,BRS04,13850,kg,BD-PIHPS,,,,,"PIHPS Provinsi Bengkulu (rata-rata pasar tradisional), bukan harga Bengkulu Tengah"
2023-08-23,PHP17,BRS05,14050,kg,BD-PIHPS,,,,,"PIHPS Provinsi Bengkulu (rata-rata pasar tradisional), bukan harga Bengkulu Tengah"
2023-08-23,PHP17,BRS06,14050,kg,BD-PIHPS,,,,,"PIHPS Provinsi Bengkulu (rata-rata pasar tradisional), bukan harga Bengkulu Tengah"
2023-08-23,PHP17,BWM01,28900,kg,BD-PIHPS,,,,,"PIHPS Provinsi Bengkulu (rata-rata pasar tradisional), bukan harga Bengkulu Tengah"
2023-08-23,PHP17,BWP01,37500,kg,BD-PIHPS,,,,,"PIHPS Provinsi Bengkulu (rata-rata pasar tradisional), bukan harga Bengkulu Tengah"
2023-08-23,PHP17,CMR01,33400,kg,BD-PIHPS,,,,,"PIHPS Provinsi Bengkulu (rata-rata pasar tradisional), bukan harga Bengkulu Tengah"
2023-08-23,PHP17,CMR02,37000,kg,BD-PIHPS,,,,,"PIHPS Provinsi Bengkulu (rata-rata pasar tradisional), bukan harga Bengkulu Tengah"
2023-08-23,PHP17,CRW01,29900,kg,BD-PIHPS,,,,,"PIHPS Provinsi Bengkulu (rata-rata pasar tradisional), bukan harga Bengkulu Tengah"
2023-08-23,PHP17,CRW02,28450,kg,BD-PIHPS,,,,,"PIHPS Provinsi Bengkulu (rata-rata pasar tradisional), bukan harga Bengkulu Tengah"
2023-08-23,PHP17,DAY01,34500,kg,BD-PIHPS,,,,,"PIHPS Provinsi Bengkulu (rata-rata pasar tradisional), bukan harga Bengkulu Tengah"
2023-08-23,PHP17,DSP01,135000,kg,BD-PIHPS,,,,,"PIHPS Provinsi Bengkulu (rata-rata pasar tradisional), bukan harga Bengkulu Tengah"
2023-08-23,PHP17,DSP02,135000,kg,BD-PIHPS,,,,,"PIHPS Provinsi Bengkulu (rata-rata pasar tradisional), bukan harga Bengkulu Tengah"
2023-08-23,PHP17,GLP01,14500,kg,BD-PIHPS,,,,,"PIHPS Provinsi Bengkulu (rata-rata pasar tradisional), bukan harga Bengkulu Tengah"
2023-08-23,PHP17,GLP02,15450,kg,BD-PIHPS,,,,,"PIHPS Provinsi Bengkulu (rata-rata pasar tradisional), bukan harga Bengkulu Tengah"
2023-08-23,PHP17,MGR01,15250,liter,BD-PIHPS,,,,,"PIHPS Provinsi Bengkulu (rata-rata pasar tradisional), bukan harga Bengkulu Tengah"
2023-08-23,PHP17,MGR02,20050,liter,BD-PIHPS,,,,,"PIHPS Provinsi Bengkulu (rata-rata pasar tradisional), bukan harga Bengkulu Tengah"
2023-08-23,PHP17,MGR03,17700,liter,BD-PIHPS,,,,,"PIHPS Provinsi Bengkulu (rata-rata pasar tradisional), bukan harga Bengkulu Tengah"
2023-08-23,PHP17,TLR01,29450,kg,BD-PIHPS,,,,,"PIHPS Provinsi Bengkulu (rata-rata pasar tradisional), bukan harga Bengkulu Tengah"
2023-08-24,PHP17,BRS01,11800,kg,BD-PIHPS,,,,,"PIHPS Provinsi Bengkulu (rata-rata pasar tradisional), bukan harga Bengkulu Tengah"
2023-08-24,PHP17,BRS02,12900,kg,BD-PIHPS,,,,,"PIHPS Provinsi Bengkulu (rata-rata pasar tradisional), bukan harga Bengkulu Tengah"
2023-08-24,PHP17,BRS03,13600,kg,BD-PIHPS,,,,,"PIHPS Provinsi Bengkulu (rata-rata pasar tradisional), bukan harga Bengkulu Tengah"
2023-08-24,PHP17,BRS04,13850,kg,BD-PIHPS,,,,,"PIHPS Provinsi Bengkulu (rata-rata pasar tradisional), bukan harga Bengkulu Tengah"
2023-08-24,PHP17,BRS05,14050,kg,BD-PIHPS,,,,,"PIHPS Provinsi Bengkulu (rata-rata pasar tradisional), bukan harga Bengkulu Tengah"
2023-08-24,PHP17,BRS06,14050,kg,BD-PIHPS,,,,,"PIHPS Provinsi Bengkulu (rata-rata pasar tradisional), bukan harga Bengkulu Tengah"
2023-08-24,PHP17,BWM01,28650,kg,BD-PIHPS,,,,,"PIHPS Provinsi Bengkulu (rata-rata pasar tradisional), bukan harga Bengkulu Tengah"
2023-08-24,PHP17,BWP01,37250,kg,BD-PIHPS,,,,,"PIHPS Provinsi Bengkulu (rata-rata pasar tradisional), bukan harga Bengkulu Tengah"
2023-08-24,PHP17,CMR01,34500,kg,BD-PIHPS,,,,,"PIHPS Provinsi Bengkulu (rata-rata pasar tradisional), bukan harga Bengkulu Tengah"
2023-08-24,PHP17,CMR02,38750,kg,BD-PIHPS,,,,,"PIHPS Provinsi Bengkulu (rata-rata pasar tradisional), bukan harga Bengkulu Tengah"
2023-08-24,PHP17,CRW01,29500,kg,BD-PIHPS,,,,,"PIHPS Provinsi Bengkulu (rata-rata pasar tradisional), bukan harga Bengkulu Tengah"
2023-08-24,PHP17,CRW02,28650,kg,BD-PIHPS,,,,,"PIHPS Provinsi Bengkulu (rata-rata pasar tradisional), bukan harga Bengkulu Tengah"
2023-08-24,PHP17,DAY01,34500,kg,BD-PIHPS,,,,,"PIHPS Provinsi Bengkulu (rata-rata pasar tradisional), bukan harga Bengkulu Tengah"
2023-08-24,PHP17,DSP01,135000,kg,BD-PIHPS,,,,,"PIHPS Provinsi Bengkulu (rata-rata pasar tradisional), bukan harga Bengkulu Tengah"
2023-08-24,PHP17,DSP02,135000,kg,BD-PIHPS,,,,,"PIHPS Provinsi Bengkulu (rata-rata pasar tradisional), bukan harga Bengkulu Tengah"
2023-08-24,PHP17,GLP01,14500,kg,BD-PIHPS,,,,,"PIHPS Provinsi Bengkulu (rata-rata pasar tradisional), bukan harga Bengkulu Tengah"
2023-08-24,PHP17,GLP02,15450,kg,BD-PIHPS,,,,,"PIHPS Provinsi Bengkulu (rata-rata pasar tradisional), bukan harga Bengkulu Tengah"
2023-08-24,PHP17,MGR01,15250,liter,BD-PIHPS,,,,,"PIHPS Provinsi Bengkulu (rata-rata pasar tradisional), bukan harga Bengkulu Tengah"
2023-08-24,PHP17,MGR02,20050,liter,BD-PIHPS,,,,,"PIHPS Provinsi Bengkulu (rata-rata pasar tradisional), bukan harga Bengkulu Tengah"
2023-08-24,PHP17,MGR03,17700,liter,BD-PIHPS,,,,,"PIHPS Provinsi Bengkulu (rata-rata pasar tradisional), bukan harga Bengkulu Tengah"
2023-08-24,PHP17,TLR01,29450,kg,BD-PIHPS,,,,,"PIHPS Provinsi Bengkulu (rata-rata pasar tradisional), bukan harga Bengkulu Tengah"
2023-08-25,PHP17,BRS01,11800,kg,BD-PIHPS,,,,,"PIHPS Provinsi Bengkulu (rata-rata pasar tradisional), bukan harga Bengkulu Tengah"
2023-08-25,PHP17,BRS02,12900,kg,BD-PIHPS,,,,,"PIHPS Provinsi Bengkulu (rata-rata pasar tradisional), bukan harga Bengkulu Tengah"
2023-08-25,PHP17,BRS03,13600,kg,BD-PIHPS,,,,,"PIHPS Provinsi Bengkulu (rata-rata pasar tradisional), bukan harga Bengkulu Tengah"
2023-08-25,PHP17,BRS04,13850,kg,BD-PIHPS,,,,,"PIHPS Provinsi Bengkulu (rata-rata pasar tradisional), bukan harga Bengkulu Tengah"
2023-08-25,PHP17,BRS05,14050,kg,BD-PIHPS,,,,,"PIHPS Provinsi Bengkulu (rata-rata pasar tradisional), bukan harga Bengkulu Tengah"
2023-08-25,PHP17,BRS06,14050,kg,BD-PIHPS,,,,,"PIHPS Provinsi Bengkulu (rata-rata pasar tradisional), bukan harga Bengkulu Tengah"
2023-08-25,PHP17,BWM01,27500,kg,BD-PIHPS,,,,,"PIHPS Provinsi Bengkulu (rata-rata pasar tradisional), bukan harga Bengkulu Tengah"
2023-08-25,PHP17,BWP01,38400,kg,BD-PIHPS,,,,,"PIHPS Provinsi Bengkulu (rata-rata pasar tradisional), bukan harga Bengkulu Tengah"
2023-08-25,PHP17,CMR01,37900,kg,BD-PIHPS,,,,,"PIHPS Provinsi Bengkulu (rata-rata pasar tradisional), bukan harga Bengkulu Tengah"
2023-08-25,PHP17,CMR02,42500,kg,BD-PIHPS,,,,,"PIHPS Provinsi Bengkulu (rata-rata pasar tradisional), bukan harga Bengkulu Tengah"
2023-08-25,PHP17,CRW01,28150,kg,BD-PIHPS,,,,,"PIHPS Provinsi Bengkulu (rata-rata pasar tradisional), bukan harga Bengkulu Tengah"
2023-08-25,PHP17,CRW02,28850,kg,BD-PIHPS,,,,,"PIHPS Provinsi Bengkulu (rata-rata pasar tradisional), bukan harga Bengkulu Tengah"
2023-08-25,PHP17,DAY01,34000,kg,BD-PIHPS,,,,,"PIHPS Provinsi Bengkulu (rata-rata pasar tradisional), bukan harga Bengkulu Tengah"
2023-08-25,PHP17,DSP01,135000,kg,BD-PIHPS,,,,,"PIHPS Provinsi Bengkulu (rata-rata pasar tradisional), bukan harga Bengkulu Tengah"
2023-08-25,PHP17,DSP02,135000,kg,BD-PIHPS,,,,,"PIHPS Provinsi Bengkulu (rata-rata pasar tradisional), bukan harga Bengkulu Tengah"
2023-08-25,PHP17,GLP01,14500,kg,BD-PIHPS,,,,,"PIHPS Provinsi Bengkulu (rata-rata pasar tradisional), bukan harga Bengkulu Tengah"
2023-08-25,PHP17,GLP02,15450,kg,BD-PIHPS,,,,,"PIHPS Provinsi Bengkulu (rata-rata pasar tradisional), bukan harga Bengkulu Tengah"
2023-08-25,PHP17,MGR01,15250,liter,BD-PIHPS,,,,,"PIHPS Provinsi Bengkulu (rata-rata pasar tradisional), bukan harga Bengkulu Tengah"
2023-08-25,PHP17,MGR02,20050,liter,BD-PIHPS,,,,,"PIHPS Provinsi Bengkulu (rata-rata pasar tradisional), bukan harga Bengkulu Tengah"
2023-08-25,PHP17,MGR03,17700,liter,BD-PIHPS,,,,,"PIHPS Provinsi Bengkulu (rata-rata pasar tradisional), bukan harga Bengkulu Tengah"
2023-08-25,PHP17,TLR01,29450,kg,BD-PIHPS,,,,,"PIHPS Provinsi Bengkulu (rata-rata pasar tradisional), bukan harga Bengkulu Tengah"
2023-08-28,PHP17,BRS01,12050,kg,BD-PIHPS,,,,,"PIHPS Provinsi Bengkulu (rata-rata pasar tradisional), bukan harga Bengkulu Tengah"
2023-08-28,PHP17,BRS02,13000,kg,BD-PIHPS,,,,,"PIHPS Provinsi Bengkulu (rata-rata pasar tradisional), bukan harga Bengkulu Tengah"
2023-08-28,PHP17,BRS03,13700,kg,BD-PIHPS,,,,,"PIHPS Provinsi Bengkulu (rata-rata pasar tradisional), bukan harga Bengkulu Tengah"
2023-08-28,PHP17,BRS04,14050,kg,BD-PIHPS,,,,,"PIHPS Provinsi Bengkulu (rata-rata pasar tradisional), bukan harga Bengkulu Tengah"
2023-08-28,PHP17,BRS05,14150,kg,BD-PIHPS,,,,,"PIHPS Provinsi Bengkulu (rata-rata pasar tradisional), bukan harga Bengkulu Tengah"
2023-08-28,PHP17,BRS06,14300,kg,BD-PIHPS,,,,,"PIHPS Provinsi Bengkulu (rata-rata pasar tradisional), bukan harga Bengkulu Tengah"
2023-08-28,PHP17,BWM01,27400,kg,BD-PIHPS,,,,,"PIHPS Provinsi Bengkulu (rata-rata pasar tradisional), bukan harga Bengkulu Tengah"
2023-08-28,PHP17,BWP01,38150,kg,BD-PIHPS,,,,,"PIHPS Provinsi Bengkulu (rata-rata pasar tradisional), bukan harga Bengkulu Tengah"
2023-08-28,PHP17,CMR01,39750,kg,BD-PIHPS,,,,,"PIHPS Provinsi Bengkulu (rata-rata pasar tradisional), bukan harga Bengkulu Tengah"
2023-08-28,PHP17,CMR02,43150,kg,BD-PIHPS,,,,,"PIHPS Provinsi Bengkulu (rata-rata pasar tradisional), bukan harga Bengkulu Tengah"
2023-08-28,PHP17,CRW01,28150,kg,BD-PIHPS,,,,,"PIHPS Provinsi Bengkulu (rata-rata pasar tradisional), bukan harga Bengkulu Tengah"
2023-08-28,PHP17,CRW02,29050,kg,BD-PIHPS,,,,,"PIHPS Provinsi Bengkulu (rata-rata pasar tradisional), bukan harga Bengkulu Tengah"
2023-08-28,PHP17,DAY01,33250,kg,BD-PIHPS,,,,,"PIHPS Provinsi Bengkulu (rata-rata pasar tradisional), bukan harga Bengkulu Tengah"
2023-08-28,PHP17,DSP01,135000,kg,BD-PIHPS,,,,,"PIHPS Provinsi Bengkulu (rata-rata pasar tradisional), bukan harga Bengkulu Tengah"
2023-08-28,PHP17,DSP02,135000,kg,BD-PIHPS,,,,,"PIHPS Provinsi Bengkulu (rata-rata pasar tradisional), bukan harga Bengkulu Tengah"
2023-08-28,PHP17,GLP01,14500,kg,BD-PIHPS,,,,,"PIHPS Provinsi Bengkulu (rata-rata pasar tradisional), bukan harga Bengkulu Tengah"
2023-08-28,PHP17,GLP02,15450,kg,BD-PIHPS,,,,,"PIHPS Provinsi Bengkulu (rata-rata pasar tradisional), bukan harga Bengkulu Tengah"
2023-08-28,PHP17,MGR01,15250,liter,BD-PIHPS,,,,,"PIHPS Provinsi Bengkulu (rata-rata pasar tradisional), bukan harga Bengkulu Tengah"
2023-08-28,PHP17,MGR02,20050,liter,BD-PIHPS,,,,,"PIHPS Provinsi Bengkulu (rata-rata pasar tradisional), bukan harga Bengkulu Tengah"
2023-08-28,PHP17,MGR03,17700,liter,BD-PIHPS,,,,,"PIHPS Provinsi Bengkulu (rata-rata pasar tradisional), bukan harga Bengkulu Tengah"
2023-08-28,PHP17,TLR01,29450,kg,BD-PIHPS,,,,,"PIHPS Provinsi Bengkulu (rata-rata pasar tradisional), bukan harga Bengkulu Tengah"
2023-08-29,PHP17,BRS01,12450,kg,BD-PIHPS,,,,,"PIHPS Provinsi Bengkulu (rata-rata pasar tradisional), bukan harga Bengkulu Tengah"
2023-08-29,PHP17,BRS02,13100,kg,BD-PIHPS,,,,,"PIHPS Provinsi Bengkulu (rata-rata pasar tradisional), bukan harga Bengkulu Tengah"
2023-08-29,PHP17,BRS03,13700,kg,BD-PIHPS,,,,,"PIHPS Provinsi Bengkulu (rata-rata pasar tradisional), bukan harga Bengkulu Tengah"
2023-08-29,PHP17,BRS04,14250,kg,BD-PIHPS,,,,,"PIHPS Provinsi Bengkulu (rata-rata pasar tradisional), bukan harga Bengkulu Tengah"
2023-08-29,PHP17,BRS05,14500,kg,BD-PIHPS,,,,,"PIHPS Provinsi Bengkulu (rata-rata pasar tradisional), bukan harga Bengkulu Tengah"
2023-08-29,PHP17,BRS06,14500,kg,BD-PIHPS,,,,,"PIHPS Provinsi Bengkulu (rata-rata pasar tradisional), bukan harga Bengkulu Tengah"
2023-08-29,PHP17,BWM01,27900,kg,BD-PIHPS,,,,,"PIHPS Provinsi Bengkulu (rata-rata pasar tradisional), bukan harga Bengkulu Tengah"
2023-08-29,PHP17,BWP01,38150,kg,BD-PIHPS,,,,,"PIHPS Provinsi Bengkulu (rata-rata pasar tradisional), bukan harga Bengkulu Tengah"
2023-08-29,PHP17,CMR01,40650,kg,BD-PIHPS,,,,,"PIHPS Provinsi Bengkulu (rata-rata pasar tradisional), bukan harga Bengkulu Tengah"
2023-08-29,PHP17,CMR02,44150,kg,BD-PIHPS,,,,,"PIHPS Provinsi Bengkulu (rata-rata pasar tradisional), bukan harga Bengkulu Tengah"
2023-08-29,PHP17,CRW01,28150,kg,BD-PIHPS,,,,,"PIHPS Provinsi Bengkulu (rata-rata pasar tradisional), bukan harga Bengkulu Tengah"
2023-08-29,PHP17,CRW02,28550,kg,BD-PIHPS,,,,,"PIHPS Provinsi Bengkulu (rata-rata pasar tradisional), bukan harga Bengkulu Tengah"
2023-08-29,PHP17,DAY01,33150,kg,BD-PIHPS,,,,,"PIHPS Provinsi Bengkulu (rata-rata pasar tradisional), bukan harga Bengkulu Tengah"
2023-08-29,PHP17,DSP01,135000,kg,BD-PIHPS,,,,,"PIHPS Provinsi Bengkulu (rata-rata pasar tradisional), bukan harga Bengkulu Tengah"
2023-08-29,PHP17,DSP02,135000,kg,BD-PIHPS,,,,,"PIHPS Provinsi Bengkulu (rata-rata pasar tradisional), bukan harga Bengkulu Tengah"
2023-08-29,PHP17,GLP01,14500,kg,BD-PIHPS,,,,,"PIHPS Provinsi Bengkulu (rata-rata pasar tradisional), bukan harga Bengkulu Tengah"
2023-08-29,PHP17,GLP02,15400,kg,BD-PIHPS,,,,,"PIHPS Provinsi Bengkulu (rata-rata pasar tradisional), bukan harga Bengkulu Tengah"
2023-08-29,PHP17,MGR01,15150,liter,BD-PIHPS,,,,,"PIHPS Provinsi Bengkulu (rata-rata pasar tradisional), bukan harga Bengkulu Tengah"
2023-08-29,PHP17,MGR02,19700,liter,BD-PIHPS,,,,,"PIHPS Provinsi Bengkulu (rata-rata pasar tradisional), bukan harga Bengkulu Tengah"
2023-08-29,PHP17,MGR03,17650,liter,BD-PIHPS,,,,,"PIHPS Provinsi Bengkulu (rata-rata pasar tradisional), bukan harga Bengkulu Tengah"
2023-08-29,PHP17,TLR01,29000,kg,BD-PIHPS,,,,,"PIHPS Provinsi Bengkulu (rata-rata pasar tradisional), bukan harga Bengkulu Tengah"
2023-08-30,PHP17,BRS01,12450,kg,BD-PIHPS,,,,,"PIHPS Provinsi Bengkulu (rata-rata pasar tradisional), bukan harga Bengkulu Tengah"
2023-08-30,PHP17,BRS02,13100,kg,BD-PIHPS,,,,,"PIHPS Provinsi Bengkulu (rata-rata pasar tradisional), bukan harga Bengkulu Tengah"
2023-08-30,PHP17,BRS03,13700,kg,BD-PIHPS,,,,,"PIHPS Provinsi Bengkulu (rata-rata pasar tradisional), bukan harga Bengkulu Tengah"
2023-08-30,PHP17,BRS04,14250,kg,BD-PIHPS,,,,,"PIHPS Provinsi Bengkulu (rata-rata pasar tradisional), bukan harga Bengkulu Tengah"
2023-08-30,PHP17,BRS05,14500,kg,BD-PIHPS,,,,,"PIHPS Provinsi Bengkulu (rata-rata pasar tradisional), bukan harga Bengkulu Tengah"
2023-08-30,PHP17,BRS06,14500,kg,BD-PIHPS,,,,,"PIHPS Provinsi Bengkulu (rata-rata pasar tradisional), bukan harga Bengkulu Tengah"
2023-08-30,PHP17,BWM01,27000,kg,BD-PIHPS,,,,,"PIHPS Provinsi Bengkulu (rata-rata pasar tradisional), bukan harga Bengkulu Tengah"
2023-08-30,PHP17,BWP01,38750,kg,BD-PIHPS,,,,,"PIHPS Provinsi Bengkulu (rata-rata pasar tradisional), bukan harga Bengkulu Tengah"
2023-08-30,PHP17,CMR01,39750,kg,BD-PIHPS,,,,,"PIHPS Provinsi Bengkulu (rata-rata pasar tradisional), bukan harga Bengkulu Tengah"
2023-08-30,PHP17,CMR02,43750,kg,BD-PIHPS,,,,,"PIHPS Provinsi Bengkulu (rata-rata pasar tradisional), bukan harga Bengkulu Tengah"
2023-08-30,PHP17,CRW01,27750,kg,BD-PIHPS,,,,,"PIHPS Provinsi Bengkulu (rata-rata pasar tradisional), bukan harga Bengkulu Tengah"
2023-08-30,PHP17,CRW02,29100,kg,BD-PIHPS,,,,,"PIHPS Provinsi Bengkulu (rata-rata pasar tradisional), bukan harga Bengkulu Tengah"
2023-08-30,PHP17,DAY01,33150,kg,BD-PIHPS,,,,,"PIHPS Provinsi Bengkulu (rata-rata pasar tradisional), bukan harga Bengkulu Tengah"
2023-08-30,PHP17,DSP01,135000,kg,BD-PIHPS,,,,,"PIHPS Provinsi Bengkulu (rata-rata pasar tradisional), bukan harga Bengkulu Tengah"
2023-08-30,PHP17,DSP02,135000,kg,BD-PIHPS,,,,,"PIHPS Provinsi Bengkulu (rata-rata pasar tradisional), bukan harga Bengkulu Tengah"
2023-08-30,PHP17,GLP01,14500,kg,BD-PIHPS,,,,,"PIHPS Provinsi Bengkulu (rata-rata pasar tradisional), bukan harga Bengkulu Tengah"
2023-08-30,PHP17,GLP02,15300,kg,BD-PIHPS,,,,,"PIHPS Provinsi Bengkulu (rata-rata pasar tradisional), bukan harga Bengkulu Tengah"
2023-08-30,PHP17,MGR01,15150,liter,BD-PIHPS,,,,,"PIHPS Provinsi Bengkulu (rata-rata pasar tradisional), bukan harga Bengkulu Tengah"
2023-08-30,PHP17,MGR02,19700,liter,BD-PIHPS,,,,,"PIHPS Provinsi Bengkulu (rata-rata pasar tradisional), bukan harga Bengkulu Tengah"
2023-08-30,PHP17,MGR03,17500,liter,BD-PIHPS,,,,,"PIHPS Provinsi Bengkulu (rata-rata pasar tradisional), bukan harga Bengkulu Tengah"
2023-08-30,PHP17,TLR01,29000,kg,BD-PIHPS,,,,,"PIHPS Provinsi Bengkulu (rata-rata pasar tradisional), bukan harga Bengkulu Tengah"
2023-08-31,PHP17,BRS01,12450,kg,BD-PIHPS,,,,,"PIHPS Provinsi Bengkulu (rata-rata pasar tradisional), bukan harga Bengkulu Tengah"
2023-08-31,PHP17,BRS02,13100,kg,BD-PIHPS,,,,,"PIHPS Provinsi Bengkulu (rata-rata pasar tradisional), bukan harga Bengkulu Tengah"
2023-08-31,PHP17,BRS03,13700,kg,BD-PIHPS,,,,,"PIHPS Provinsi Bengkulu (rata-rata pasar tradisional), bukan harga Bengkulu Tengah"
2023-08-31,PHP17,BRS04,14250,kg,BD-PIHPS,,,,,"PIHPS Provinsi Bengkulu (rata-rata pasar tradisional), bukan harga Bengkulu Tengah"
2023-08-31,PHP17,BRS05,14650,kg,BD-PIHPS,,,,,"PIHPS Provinsi Bengkulu (rata-rata pasar tradisional), bukan harga Bengkulu Tengah"
2023-08-31,PHP17,BRS06,14650,kg,BD-PIHPS,,,,,"PIHPS Provinsi Bengkulu (rata-rata pasar tradisional), bukan harga Bengkulu Tengah"
2023-08-31,PHP17,BWM01,26400,kg,BD-PIHPS,,,,,"PIHPS Provinsi Bengkulu (rata-rata pasar tradisional), bukan harga Bengkulu Tengah"
2023-08-31,PHP17,BWP01,39250,kg,BD-PIHPS,,,,,"PIHPS Provinsi Bengkulu (rata-rata pasar tradisional), bukan harga Bengkulu Tengah"
2023-08-31,PHP17,CMR01,38500,kg,BD-PIHPS,,,,,"PIHPS Provinsi Bengkulu (rata-rata pasar tradisional), bukan harga Bengkulu Tengah"
2023-08-31,PHP17,CMR02,42150,kg,BD-PIHPS,,,,,"PIHPS Provinsi Bengkulu (rata-rata pasar tradisional), bukan harga Bengkulu Tengah"
2023-08-31,PHP17,CRW01,27750,kg,BD-PIHPS,,,,,"PIHPS Provinsi Bengkulu (rata-rata pasar tradisional), bukan harga Bengkulu Tengah"
2023-08-31,PHP17,CRW02,29500,kg,BD-PIHPS,,,,,"PIHPS Provinsi Bengkulu (rata-rata pasar tradisional), bukan harga Bengkulu Tengah"
2023-08-31,PHP17,DAY01,32900,kg,BD-PIHPS,,,,,"PIHPS Provinsi Bengkulu (rata-rata pasar tradisional), bukan harga Bengkulu Tengah"
2023-08-31,PHP17,DSP01,135000,kg,BD-PIHPS,,,,,"PIHPS Provinsi Bengkulu (rata-rata pasar tradisional), bukan harga Bengkulu Tengah"
2023-08-31,PHP17,DSP02,135000,kg,BD-PIHPS,,,,,"PIHPS Provinsi Bengkulu (rata-rata pasar tradisional), bukan harga Bengkulu Tengah"
2023-08-31,PHP17,GLP01,14500,kg,BD-PIHPS,,,,,"PIHPS Provinsi Bengkulu (rata-rata pasar tradisional), bukan harga Bengkulu Tengah"
2023-08-31,PHP17,GLP02,15300,kg,BD-PIHPS,,,,,"PIHPS Provinsi Bengkulu (rata-rata pasar tradisional), bukan harga Bengkulu Tengah"
2023-08-31,PHP17,MGR01,15150,liter,BD-PIHPS,,,,,"PIHPS Provinsi Bengkulu (rata-rata pasar tradisional), bukan harga Bengkulu Tengah"
2023-08-31,PHP17,MGR02,19700,liter,BD-PIHPS,,,,,"PIHPS Provinsi Bengkulu (rata-rata pasar tradisional), bukan harga Bengkulu Tengah"
2023-08-31,PHP17,MGR03,17500,liter,BD-PIHPS,,,,,"PIHPS Provinsi Bengkulu (rata-rata pasar tradisional), bukan harga Bengkulu Tengah"
2023-08-31,PHP17,TLR01,29000,kg,BD-PIHPS,,,,,"PIHPS Provinsi Bengkulu (rata-rata pasar tradisional), bukan harga Bengkulu Tengah"
2023-09-01,PHP17,BRS01,12450,kg,BD-PIHPS,,,,,"PIHPS Provinsi Bengkulu (rata-rata pasar tradisional), bukan harga Bengkulu Tengah"
2023-09-01,PHP17,BRS02,13100,kg,BD-PIHPS,,,,,"PIHPS Provinsi Bengkulu (rata-rata pasar tradisional), bukan harga Bengkulu Tengah"
2023-09-01,PHP17,BRS03,13700,kg,BD-PIHPS,,,,,"PIHPS Provinsi Bengkulu (rata-rata pasar tradisional), bukan harga Bengkulu Tengah"
2023-09-01,PHP17,BRS04,14250,kg,BD-PIHPS,,,,,"PIHPS Provinsi Bengkulu (rata-rata pasar tradisional), bukan harga Bengkulu Tengah"
2023-09-01,PHP17,BRS05,14650,kg,BD-PIHPS,,,,,"PIHPS Provinsi Bengkulu (rata-rata pasar tradisional), bukan harga Bengkulu Tengah"
2023-09-01,PHP17,BRS06,14650,kg,BD-PIHPS,,,,,"PIHPS Provinsi Bengkulu (rata-rata pasar tradisional), bukan harga Bengkulu Tengah"
2023-09-01,PHP17,BWM01,26750,kg,BD-PIHPS,,,,,"PIHPS Provinsi Bengkulu (rata-rata pasar tradisional), bukan harga Bengkulu Tengah"
2023-09-01,PHP17,BWP01,38000,kg,BD-PIHPS,,,,,"PIHPS Provinsi Bengkulu (rata-rata pasar tradisional), bukan harga Bengkulu Tengah"
2023-09-01,PHP17,CMR01,37650,kg,BD-PIHPS,,,,,"PIHPS Provinsi Bengkulu (rata-rata pasar tradisional), bukan harga Bengkulu Tengah"
2023-09-01,PHP17,CMR02,40750,kg,BD-PIHPS,,,,,"PIHPS Provinsi Bengkulu (rata-rata pasar tradisional), bukan harga Bengkulu Tengah"
2023-09-01,PHP17,CRW01,26750,kg,BD-PIHPS,,,,,"PIHPS Provinsi Bengkulu (rata-rata pasar tradisional), bukan harga Bengkulu Tengah"
2023-09-01,PHP17,CRW02,27950,kg,BD-PIHPS,,,,,"PIHPS Provinsi Bengkulu (rata-rata pasar tradisional), bukan harga Bengkulu Tengah"
2023-09-01,PHP17,DAY01,32400,kg,BD-PIHPS,,,,,"PIHPS Provinsi Bengkulu (rata-rata pasar tradisional), bukan harga Bengkulu Tengah"
2023-09-01,PHP17,DSP01,135000,kg,BD-PIHPS,,,,,"PIHPS Provinsi Bengkulu (rata-rata pasar tradisional), bukan harga Bengkulu Tengah"
2023-09-01,PHP17,DSP02,135000,kg,BD-PIHPS,,,,,"PIHPS Provinsi Bengkulu (rata-rata pasar tradisional), bukan harga Bengkulu Tengah"
2023-09-01,PHP17,GLP01,14500,kg,BD-PIHPS,,,,,"PIHPS Provinsi Bengkulu (rata-rata pasar tradisional), bukan harga Bengkulu Tengah"
2023-09-01,PHP17,GLP02,15300,kg,BD-PIHPS,,,,,"PIHPS Provinsi Bengkulu (rata-rata pasar tradisional), bukan harga Bengkulu Tengah"
2023-09-01,PHP17,MGR01,15150,liter,BD-PIHPS,,,,,"PIHPS Provinsi Bengkulu (rata-rata pasar tradisional), bukan harga Bengkulu Tengah"
2023-09-01,PHP17,MGR02,19700,liter,BD-PIHPS,,,,,"PIHPS Provinsi Bengkulu (rata-rata pasar tradisional), bukan harga Bengkulu Tengah"
2023-09-01,PHP17,MGR03,17500,liter,BD-PIHPS,,,,,"PIHPS Provinsi Bengkulu (rata-rata pasar tradisional), bukan harga Bengkulu Tengah"
2023-09-01,PHP17,TLR01,29000,kg,BD-PIHPS,,,,,"PIHPS Provinsi Bengkulu (rata-rata pasar tradisional), bukan harga Bengkulu Tengah"
2023-09-04,PHP17,BRS01,12450,kg,BD-PIHPS,,,,,"PIHPS Provinsi Bengkulu (rata-rata pasar tradisional), bukan harga Bengkulu Tengah"
2023-09-04,PHP17,BRS02,13250,kg,BD-PIHPS,,,,,"PIHPS Provinsi Bengkulu (rata-rata pasar tradisional), bukan harga Bengkulu Tengah"
2023-09-04,PHP17,BRS03,13900,kg,BD-PIHPS,,,,,"PIHPS Provinsi Bengkulu (rata-rata pasar tradisional), bukan harga Bengkulu Tengah"
2023-09-04,PHP17,BRS04,14450,kg,BD-PIHPS,,,,,"PIHPS Provinsi Bengkulu (rata-rata pasar tradisional), bukan harga Bengkulu Tengah"
2023-09-04,PHP17,BRS05,14850,kg,BD-PIHPS,,,,,"PIHPS Provinsi Bengkulu (rata-rata pasar tradisional), bukan harga Bengkulu Tengah"
2023-09-04,PHP17,BRS06,14850,kg,BD-PIHPS,,,,,"PIHPS Provinsi Bengkulu (rata-rata pasar tradisional), bukan harga Bengkulu Tengah"
2023-09-04,PHP17,BWM01,26500,kg,BD-PIHPS,,,,,"PIHPS Provinsi Bengkulu (rata-rata pasar tradisional), bukan harga Bengkulu Tengah"
2023-09-04,PHP17,BWP01,38250,kg,BD-PIHPS,,,,,"PIHPS Provinsi Bengkulu (rata-rata pasar tradisional), bukan harga Bengkulu Tengah"
2023-09-04,PHP17,CMR01,37000,kg,BD-PIHPS,,,,,"PIHPS Provinsi Bengkulu (rata-rata pasar tradisional), bukan harga Bengkulu Tengah"
2023-09-04,PHP17,CMR02,40500,kg,BD-PIHPS,,,,,"PIHPS Provinsi Bengkulu (rata-rata pasar tradisional), bukan harga Bengkulu Tengah"
2023-09-04,PHP17,CRW01,27650,kg,BD-PIHPS,,,,,"PIHPS Provinsi Bengkulu (rata-rata pasar tradisional), bukan harga Bengkulu Tengah"
2023-09-04,PHP17,CRW02,26800,kg,BD-PIHPS,,,,,"PIHPS Provinsi Bengkulu (rata-rata pasar tradisional), bukan harga Bengkulu Tengah"
2023-09-04,PHP17,DAY01,31900,kg,BD-PIHPS,,,,,"PIHPS Provinsi Bengkulu (rata-rata pasar tradisional), bukan harga Bengkulu Tengah"
2023-09-04,PHP17,DSP01,136250,kg,BD-PIHPS,,,,,"PIHPS Provinsi Bengkulu (rata-rata pasar tradisional), bukan harga Bengkulu Tengah"
2023-09-04,PHP17,DSP02,135000,kg,BD-PIHPS,,,,,"PIHPS Provinsi Bengkulu (rata-rata pasar tradisional), bukan harga Bengkulu Tengah"
2023-09-04,PHP17,GLP01,14650,kg,BD-PIHPS,,,,,"PIHPS Provinsi Bengkulu (rata-rata pasar tradisional), bukan harga Bengkulu Tengah"
2023-09-04,PHP17,GLP02,15400,kg,BD-PIHPS,,,,,"PIHPS Provinsi Bengkulu (rata-rata pasar tradisional), bukan harga Bengkulu Tengah"
2023-09-04,PHP17,MGR01,14950,liter,BD-PIHPS,,,,,"PIHPS Provinsi Bengkulu (rata-rata pasar tradisional), bukan harga Bengkulu Tengah"
2023-09-04,PHP17,MGR02,19300,liter,BD-PIHPS,,,,,"PIHPS Provinsi Bengkulu (rata-rata pasar tradisional), bukan harga Bengkulu Tengah"
2023-09-04,PHP17,MGR03,17500,liter,BD-PIHPS,,,,,"PIHPS Provinsi Bengkulu (rata-rata pasar tradisional), bukan harga Bengkulu Tengah"
2023-09-04,PHP17,TLR01,28600,kg,BD-PIHPS,,,,,"PIHPS Provinsi Bengkulu (rata-rata pasar tradisional), bukan harga Bengkulu Tengah"
2023-09-05,PHP17,BRS01,12450,kg,BD-PIHPS,,,,,"PIHPS Provinsi Bengkulu (rata-rata pasar tradisional), bukan harga Bengkulu Tengah"
2023-09-05,PHP17,BRS02,13300,kg,BD-PIHPS,,,,,"PIHPS Provinsi Bengkulu (rata-rata pasar tradisional), bukan harga Bengkulu Tengah"
2023-09-05,PHP17,BRS03,13900,kg,BD-PIHPS,,,,,"PIHPS Provinsi Bengkulu (rata-rata pasar tradisional), bukan harga Bengkulu Tengah"
2023-09-05,PHP17,BRS04,14450,kg,BD-PIHPS,,,,,"PIHPS Provinsi Bengkulu (rata-rata pasar tradisional), bukan harga Bengkulu Tengah"
2023-09-05,PHP17,BRS05,14850,kg,BD-PIHPS,,,,,"PIHPS Provinsi Bengkulu (rata-rata pasar tradisional), bukan harga Bengkulu Tengah"
2023-09-05,PHP17,BRS06,14850,kg,BD-PIHPS,,,,,"PIHPS Provinsi Bengkulu (rata-rata pasar tradisional), bukan harga Bengkulu Tengah"
2023-09-05,PHP17,BWM01,26150,kg,BD-PIHPS,,,,,"PIHPS Provinsi Bengkulu (rata-rata pasar tradisional), bukan harga Bengkulu Tengah"
2023-09-05,PHP17,BWP01,39000,kg,BD-PIHPS,,,,,"PIHPS Provinsi Bengkulu (rata-rata pasar tradisional), bukan harga Bengkulu Tengah"
2023-09-05,PHP17,CMR01,36650,kg,BD-PIHPS,,,,,"PIHPS Provinsi Bengkulu (rata-rata pasar tradisional), bukan harga Bengkulu Tengah"
2023-09-05,PHP17,CMR02,41000,kg,BD-PIHPS,,,,,"PIHPS Provinsi Bengkulu (rata-rata pasar tradisional), bukan harga Bengkulu Tengah"
2023-09-05,PHP17,CRW01,27750,kg,BD-PIHPS,,,,,"PIHPS Provinsi Bengkulu (rata-rata pasar tradisional), bukan harga Bengkulu Tengah"
2023-09-05,PHP17,CRW02,25950,kg,BD-PIHPS,,,,,"PIHPS Provinsi Bengkulu (rata-rata pasar tradisional), bukan harga Bengkulu Tengah"
2023-09-05,PHP17,DAY01,31900,kg,BD-PIHPS,,,,,"PIHPS Provinsi Bengkulu (rata-rata pasar tradisional), bukan harga Bengkulu Tengah"
2023-09-05,PHP17,DSP01,136250,kg,BD-PIHPS,,,,,"PIHPS Provinsi Bengkulu (rata-rata pasar tradisional), bukan harga Bengkulu Tengah"
2023-09-05,PHP17,DSP02,135000,kg,BD-PIHPS,,,,,"PIHPS Provinsi Bengkulu (rata-rata pasar tradisional), bukan harga Bengkulu Tengah"
2023-09-05,PHP17,GLP01,14750,kg,BD-PIHPS,,,,,"PIHPS Provinsi Bengkulu (rata-rata pasar tradisional), bukan harga Bengkulu Tengah"
2023-09-05,PHP17,GLP02,15400,kg,BD-PIHPS,,,,,"PIHPS Provinsi Bengkulu (rata-rata pasar tradisional), bukan harga Bengkulu Tengah"
2023-09-05,PHP17,MGR01,14950,liter,BD-PIHPS,,,,,"PIHPS Provinsi Bengkulu (rata-rata pasar tradisional), bukan harga Bengkulu Tengah"
2023-09-05,PHP17,MGR02,19300,liter,BD-PIHPS,,,,,"PIHPS Provinsi Bengkulu (rata-rata pasar tradisional), bukan harga Bengkulu Tengah"
2023-09-05,PHP17,MGR03,17500,liter,BD-PIHPS,,,,,"PIHPS Provinsi Bengkulu (rata-rata pasar tradisional), bukan harga Bengkulu Tengah"
2023-09-05,PHP17,TLR01,28600,kg,BD-PIHPS,,,,,"PIHPS Provinsi Bengkulu (rata-rata pasar tradisional), bukan harga Bengkulu Tengah"
2023-09-06,PHP17,BRS01,12450,kg,BD-PIHPS,,,,,"PIHPS Provinsi Bengkulu (rata-rata pasar tradisional), bukan harga Bengkulu Tengah"
2023-09-06,PHP17,BRS02,13300,kg,BD-PIHPS,,,,,"PIHPS Provinsi Bengkulu (rata-rata pasar tradisional), bukan harga Bengkulu Tengah"
2023-09-06,PHP17,BRS03,13900,kg,BD-PIHPS,,,,,"PIHPS Provinsi Bengkulu (rata-rata pasar tradisional), bukan harga Bengkulu Tengah"
2023-09-06,PHP17,BRS04,14450,kg,BD-PIHPS,,,,,"PIHPS Provinsi Bengkulu (rata-rata pasar tradisional), bukan harga Bengkulu Tengah"
2023-09-06,PHP17,BRS05,14850,kg,BD-PIHPS,,,,,"PIHPS Provinsi Bengkulu (rata-rata pasar tradisional), bukan harga Bengkulu Tengah"
2023-09-06,PHP17,BRS06,14850,kg,BD-PIHPS,,,,,"PIHPS Provinsi Bengkulu (rata-rata pasar tradisional), bukan harga Bengkulu Tengah"
2023-09-06,PHP17,BWM01,25650,kg,BD-PIHPS,,,,,"PIHPS Provinsi Bengkulu (rata-rata pasar tradisional), bukan harga Bengkulu Tengah"
2023-09-06,PHP17,BWP01,38000,kg,BD-PIHPS,,,,,"PIHPS Provinsi Bengkulu (rata-rata pasar tradisional), bukan harga Bengkulu Tengah"
2023-09-06,PHP17,CMR01,37250,kg,BD-PIHPS,,,,,"PIHPS Provinsi Bengkulu (rata-rata pasar tradisional), bukan harga Bengkulu Tengah"
2023-09-06,PHP17,CMR02,41150,kg,BD-PIHPS,,,,,"PIHPS Provinsi Bengkulu (rata-rata pasar tradisional), bukan harga Bengkulu Tengah"
2023-09-06,PHP17,CRW01,27250,kg,BD-PIHPS,,,,,"PIHPS Provinsi Bengkulu (rata-rata pasar tradisional), bukan harga Bengkulu Tengah"
2023-09-06,PHP17,CRW02,25450,kg,BD-PIHPS,,,,,"PIHPS Provinsi Bengkulu (rata-rata pasar tradisional), bukan harga Bengkulu Tengah"
2023-09-06,PHP17,DAY01,31900,kg,BD-PIHPS,,,,,"PIHPS Provinsi Bengkulu (rata-rata pasar tradisional), bukan harga Bengkulu Tengah"
2023-09-06,PHP17,DSP01,136250,kg,BD-PIHPS,,,,,"PIHPS Provinsi Bengkulu (rata-rata pasar tradisional), bukan harga Bengkulu Tengah"
2023-09-06,PHP17,DSP02,135000,kg,BD-PIHPS,,,,,"PIHPS Provinsi Bengkulu (rata-rata pasar tradisional), bukan harga Bengkulu Tengah"
2023-09-06,PHP17,GLP01,14750,kg,BD-PIHPS,,,,,"PIHPS Provinsi Bengkulu (rata-rata pasar tradisional), bukan harga Bengkulu Tengah"
2023-09-06,PHP17,GLP02,15400,kg,BD-PIHPS,,,,,"PIHPS Provinsi Bengkulu (rata-rata pasar tradisional), bukan harga Bengkulu Tengah"
2023-09-06,PHP17,MGR01,14950,liter,BD-PIHPS,,,,,"PIHPS Provinsi Bengkulu (rata-rata pasar tradisional), bukan harga Bengkulu Tengah"
2023-09-06,PHP17,MGR02,19200,liter,BD-PIHPS,,,,,"PIHPS Provinsi Bengkulu (rata-rata pasar tradisional), bukan harga Bengkulu Tengah"
2023-09-06,PHP17,MGR03,17450,liter,BD-PIHPS,,,,,"PIHPS Provinsi Bengkulu (rata-rata pasar tradisional), bukan harga Bengkulu Tengah"
2023-09-06,PHP17,TLR01,28600,kg,BD-PIHPS,,,,,"PIHPS Provinsi Bengkulu (rata-rata pasar tradisional), bukan harga Bengkulu Tengah"
2023-09-07,PHP17,BRS01,12450,kg,BD-PIHPS,,,,,"PIHPS Provinsi Bengkulu (rata-rata pasar tradisional), bukan harga Bengkulu Tengah"
2023-09-07,PHP17,BRS02,13300,kg,BD-PIHPS,,,,,"PIHPS Provinsi Bengkulu (rata-rata pasar tradisional), bukan harga Bengkulu Tengah"
2023-09-07,PHP17,BRS03,13900,kg,BD-PIHPS,,,,,"PIHPS Provinsi Bengkulu (rata-rata pasar tradisional), bukan harga Bengkulu Tengah"
2023-09-07,PHP17,BRS04,14450,kg,BD-PIHPS,,,,,"PIHPS Provinsi Bengkulu (rata-rata pasar tradisional), bukan harga Bengkulu Tengah"
2023-09-07,PHP17,BRS05,14850,kg,BD-PIHPS,,,,,"PIHPS Provinsi Bengkulu (rata-rata pasar tradisional), bukan harga Bengkulu Tengah"
2023-09-07,PHP17,BRS06,14850,kg,BD-PIHPS,,,,,"PIHPS Provinsi Bengkulu (rata-rata pasar tradisional), bukan harga Bengkulu Tengah"
2023-09-07,PHP17,BWM01,25000,kg,BD-PIHPS,,,,,"PIHPS Provinsi Bengkulu (rata-rata pasar tradisional), bukan harga Bengkulu Tengah"
2023-09-07,PHP17,BWP01,36150,kg,BD-PIHPS,,,,,"PIHPS Provinsi Bengkulu (rata-rata pasar tradisional), bukan harga Bengkulu Tengah"
2023-09-07,PHP17,CMR01,37750,kg,BD-PIHPS,,,,,"PIHPS Provinsi Bengkulu (rata-rata pasar tradisional), bukan harga Bengkulu Tengah"
2023-09-07,PHP17,CMR02,41150,kg,BD-PIHPS,,,,,"PIHPS Provinsi Bengkulu (rata-rata pasar tradisional), bukan harga Bengkulu Tengah"
2023-09-07,PHP17,CRW01,28000,kg,BD-PIHPS,,,,,"PIHPS Provinsi Bengkulu (rata-rata pasar tradisional), bukan harga Bengkulu Tengah"
2023-09-07,PHP17,CRW02,26050,kg,BD-PIHPS,,,,,"PIHPS Provinsi Bengkulu (rata-rata pasar tradisional), bukan harga Bengkulu Tengah"
2023-09-07,PHP17,DAY01,31900,kg,BD-PIHPS,,,,,"PIHPS Provinsi Bengkulu (rata-rata pasar tradisional), bukan harga Bengkulu Tengah"
2023-09-07,PHP17,DSP01,136250,kg,BD-PIHPS,,,,,"PIHPS Provinsi Bengkulu (rata-rata pasar tradisional), bukan harga Bengkulu Tengah"
2023-09-07,PHP17,DSP02,135000,kg,BD-PIHPS,,,,,"PIHPS Provinsi Bengkulu (rata-rata pasar tradisional), bukan harga Bengkulu Tengah"
2023-09-07,PHP17,GLP01,14750,kg,BD-PIHPS,,,,,"PIHPS Provinsi Bengkulu (rata-rata pasar tradisional), bukan harga Bengkulu Tengah"
2023-09-07,PHP17,GLP02,15400,kg,BD-PIHPS,,,,,"PIHPS Provinsi Bengkulu (rata-rata pasar tradisional), bukan harga Bengkulu Tengah"
2023-09-07,PHP17,MGR01,14950,liter,BD-PIHPS,,,,,"PIHPS Provinsi Bengkulu (rata-rata pasar tradisional), bukan harga Bengkulu Tengah"
2023-09-07,PHP17,MGR02,19200,liter,BD-PIHPS,,,,,"PIHPS Provinsi Bengkulu (rata-rata pasar tradisional), bukan harga Bengkulu Tengah"
2023-09-07,PHP17,MGR03,17450,liter,BD-PIHPS,,,,,"PIHPS Provinsi Bengkulu (rata-rata pasar tradisional), bukan harga Bengkulu Tengah"
2023-09-07,PHP17,TLR01,28600,kg,BD-PIHPS,,,,,"PIHPS Provinsi Bengkulu (rata-rata pasar tradisional), bukan harga Bengkulu Tengah"
2023-09-08,PHP17,BRS01,12450,kg,BD-PIHPS,,,,,"PIHPS Provinsi Bengkulu (rata-rata pasar tradisional), bukan harga Bengkulu Tengah"
2023-09-08,PHP17,BRS02,13300,kg,BD-PIHPS,,,,,"PIHPS Provinsi Bengkulu (rata-rata pasar tradisional), bukan harga Bengkulu Tengah"
2023-09-08,PHP17,BRS03,13900,kg,BD-PIHPS,,,,,"PIHPS Provinsi Bengkulu (rata-rata pasar tradisional), bukan harga Bengkulu Tengah"
2023-09-08,PHP17,BRS04,14450,kg,BD-PIHPS,,,,,"PIHPS Provinsi Bengkulu (rata-rata pasar tradisional), bukan harga Bengkulu Tengah"
2023-09-08,PHP17,BRS05,14850,kg,BD-PIHPS,,,,,"PIHPS Provinsi Bengkulu (rata-rata pasar tradisional), bukan harga Bengkulu Tengah"
2023-09-08,PHP17,BRS06,14850,kg,BD-PIHPS,,,,,"PIHPS Provinsi Bengkulu (rata-rata pasar tradisional), bukan harga Bengkulu Tengah"
2023-09-08,PHP17,BWM01,25000,kg,BD-PIHPS,,,,,"PIHPS Provinsi Bengkulu (rata-rata pasar tradisional), bukan harga Bengkulu Tengah"
2023-09-08,PHP17,BWP01,35750,kg,BD-PIHPS,,,,,"PIHPS Provinsi Bengkulu (rata-rata pasar tradisional), bukan harga Bengkulu Tengah"
2023-09-08,PHP17,CMR01,34900,kg,BD-PIHPS,,,,,"PIHPS Provinsi Bengkulu (rata-rata pasar tradisional), bukan harga Bengkulu Tengah"
2023-09-08,PHP17,CMR02,38900,kg,BD-PIHPS,,,,,"PIHPS Provinsi Bengkulu (rata-rata pasar tradisional), bukan harga Bengkulu Tengah"
2023-09-08,PHP17,CRW01,26900,kg,BD-PIHPS,,,,,"PIHPS Provinsi Bengkulu (rata-rata pasar tradisional), bukan harga Bengkulu Tengah"
2023-09-08,PHP17,CRW02,26200,kg,BD-PIHPS,,,,,"PIHPS Provinsi Bengkulu (rata-rata pasar tradisional), bukan harga Bengkulu Tengah"
2023-09-08,PHP17,DAY01,31900,kg,BD-PIHPS,,,,,"PIHPS Provinsi Bengkulu (rata-rata pasar tradisional), bukan harga Bengkulu Tengah"
2023-09-08,PHP17,DSP01,136250,kg,BD-PIHPS,,,,,"PIHPS Provinsi Bengkulu (rata-rata pasar tradisional), bukan harga Bengkulu Tengah"
2023-09-08,PHP17,DSP02,135000,kg,BD-PIHPS,,,,,"PIHPS Provinsi Bengkulu (rata-rata pasar tradisional), bukan harga Bengkulu Tengah"
2023-09-08,PHP17,GLP01,14750,kg,BD-PIHPS,,,,,"PIHPS Provinsi Bengkulu (rata-rata pasar tradisional), bukan harga Bengkulu Tengah"
2023-09-08,PHP17,GLP02,15400,kg,BD-PIHPS,,,,,"PIHPS Provinsi Bengkulu (rata-rata pasar tradisional), bukan harga Bengkulu Tengah"
2023-09-08,PHP17,MGR01,14950,liter,BD-PIHPS,,,,,"PIHPS Provinsi Bengkulu (rata-rata pasar tradisional), bukan harga Bengkulu Tengah"
2023-09-08,PHP17,MGR02,19200,liter,BD-PIHPS,,,,,"PIHPS Provinsi Bengkulu (rata-rata pasar tradisional), bukan harga Bengkulu Tengah"
2023-09-08,PHP17,MGR03,17450,liter,BD-PIHPS,,,,,"PIHPS Provinsi Bengkulu (rata-rata pasar tradisional), bukan harga Bengkulu Tengah"
2023-09-08,PHP17,TLR01,28500,kg,BD-PIHPS,,,,,"PIHPS Provinsi Bengkulu (rata-rata pasar tradisional), bukan harga Bengkulu Tengah"
2023-09-11,PHP17,BRS01,12450,kg,BD-PIHPS,,,,,"PIHPS Provinsi Bengkulu (rata-rata pasar tradisional), bukan harga Bengkulu Tengah"
2023-09-11,PHP17,BRS02,13300,kg,BD-PIHPS,,,,,"PIHPS Provinsi Bengkulu (rata-rata pasar tradisional), bukan harga Bengkulu Tengah"
2023-09-11,PHP17,BRS03,13900,kg,BD-PIHPS,,,,,"PIHPS Provinsi Bengkulu (rata-rata pasar tradisional), bukan harga Bengkulu Tengah"
2023-09-11,PHP17,BRS04,14450,kg,BD-PIHPS,,,,,"PIHPS Provinsi Bengkulu (rata-rata pasar tradisional), bukan harga Bengkulu Tengah"
2023-09-11,PHP17,BRS05,14850,kg,BD-PIHPS,,,,,"PIHPS Provinsi Bengkulu (rata-rata pasar tradisional), bukan harga Bengkulu Tengah"
2023-09-11,PHP17,BRS06,14850,kg,BD-PIHPS,,,,,"PIHPS Provinsi Bengkulu (rata-rata pasar tradisional), bukan harga Bengkulu Tengah"
2023-09-11,PHP17,BWM01,24650,kg,BD-PIHPS,,,,,"PIHPS Provinsi Bengkulu (rata-rata pasar tradisional), bukan harga Bengkulu Tengah"
2023-09-11,PHP17,BWP01,36150,kg,BD-PIHPS,,,,,"PIHPS Provinsi Bengkulu (rata-rata pasar tradisional), bukan harga Bengkulu Tengah"
2023-09-11,PHP17,CMR01,33900,kg,BD-PIHPS,,,,,"PIHPS Provinsi Bengkulu (rata-rata pasar tradisional), bukan harga Bengkulu Tengah"
2023-09-11,PHP17,CMR02,37250,kg,BD-PIHPS,,,,,"PIHPS Provinsi Bengkulu (rata-rata pasar tradisional), bukan harga Bengkulu Tengah"
2023-09-11,PHP17,CRW01,27650,kg,BD-PIHPS,,,,,"PIHPS Provinsi Bengkulu (rata-rata pasar tradisional), bukan harga Bengkulu Tengah"
2023-09-11,PHP17,CRW02,24950,kg,BD-PIHPS,,,,,"PIHPS Provinsi Bengkulu (rata-rata pasar tradisional), bukan harga Bengkulu Tengah"
2023-09-11,PHP17,DAY01,31900,kg,BD-PIHPS,,,,,"PIHPS Provinsi Bengkulu (rata-rata pasar tradisional), bukan harga Bengkulu Tengah"
2023-09-11,PHP17,DSP01,136250,kg,BD-PIHPS,,,,,"PIHPS Provinsi Bengkulu (rata-rata pasar tradisional), bukan harga Bengkulu Tengah"
2023-09-11,PHP17,DSP02,135000,kg,BD-PIHPS,,,,,"PIHPS Provinsi Bengkulu (rata-rata pasar tradisional), bukan harga Bengkulu Tengah"
2023-09-11,PHP17,GLP01,14900,kg,BD-PIHPS,,,,,"PIHPS Provinsi Bengkulu (rata-rata pasar tradisional), bukan harga Bengkulu Tengah"
2023-09-11,PHP17,GLP02,15400,kg,BD-PIHPS,,,,,"PIHPS Provinsi Bengkulu (rata-rata pasar tradisional), bukan harga Bengkulu Tengah"
2023-09-11,PHP17,MGR01,14950,liter,BD-PIHPS,,,,,"PIHPS Provinsi Bengkulu (rata-rata pasar tradisional), bukan harga Bengkulu Tengah"
2023-09-11,PHP17,MGR02,19300,liter,BD-PIHPS,,,,,"PIHPS Provinsi Bengkulu (rata-rata pasar tradisional), bukan harga Bengkulu Tengah"
2023-09-11,PHP17,MGR03,17450,liter,BD-PIHPS,,,,,"PIHPS Provinsi Bengkulu (rata-rata pasar tradisional), bukan harga Bengkulu Tengah"
2023-09-11,PHP17,TLR01,28300,kg,BD-PIHPS,,,,,"PIHPS Provinsi Bengkulu (rata-rata pasar tradisional), bukan harga Bengkulu Tengah"
2023-09-12,PHP17,BRS01,12450,kg,BD-PIHPS,,,,,"PIHPS Provinsi Bengkulu (rata-rata pasar tradisional), bukan harga Bengkulu Tengah"
2023-09-12,PHP17,BRS02,13300,kg,BD-PIHPS,,,,,"PIHPS Provinsi Bengkulu (rata-rata pasar tradisional), bukan harga Bengkulu Tengah"
2023-09-12,PHP17,BRS03,13900,kg,BD-PIHPS,,,,,"PIHPS Provinsi Bengkulu (rata-rata pasar tradisional), bukan harga Bengkulu Tengah"
2023-09-12,PHP17,BRS04,14450,kg,BD-PIHPS,,,,,"PIHPS Provinsi Bengkulu (rata-rata pasar tradisional), bukan harga Bengkulu Tengah"
2023-09-12,PHP17,BRS05,14850,kg,BD-PIHPS,,,,,"PIHPS Provinsi Bengkulu (rata-rata pasar tradisional), bukan harga Bengkulu Tengah"
2023-09-12,PHP17,BRS06,14850,kg,BD-PIHPS,,,,,"PIHPS Provinsi Bengkulu (rata-rata pasar tradisional), bukan harga Bengkulu Tengah"
2023-09-12,PHP17,BWM01,24900,kg,BD-PIHPS,,,,,"PIHPS Provinsi Bengkulu (rata-rata pasar tradisional), bukan harga Bengkulu Tengah"
2023-09-12,PHP17,BWP01,36650,kg,BD-PIHPS,,,,,"PIHPS Provinsi Bengkulu (rata-rata pasar tradisional), bukan harga Bengkulu Tengah"
2023-09-12,PHP17,CMR01,32750,kg,BD-PIHPS,,,,,"PIHPS Provinsi Bengkulu (rata-rata pasar tradisional), bukan harga Bengkulu Tengah"
2023-09-12,PHP17,CMR02,36250,kg,BD-PIHPS,,,,,"PIHPS Provinsi Bengkulu (rata-rata pasar tradisional), bukan harga Bengkulu Tengah"
2023-09-12,PHP17,CRW01,28650,kg,BD-PIHPS,,,,,"PIHPS Provinsi Bengkulu (rata-rata pasar tradisional), bukan harga Bengkulu Tengah"
2023-09-12,PHP17,CRW02,24450,kg,BD-PIHPS,,,,,"PIHPS Provinsi Bengkulu (rata-rata pasar tradisional), bukan harga Bengkulu Tengah"
2023-09-12,PHP17,DAY01,31900,kg,BD-PIHPS,,,,,"PIHPS Provinsi Bengkulu (rata-rata pasar tradisional), bukan harga Bengkulu Tengah"
2023-09-12,PHP17,DSP01,136250,kg,BD-PIHPS,,,,,"PIHPS Provinsi Bengkulu (rata-rata pasar tradisional), bukan harga Bengkulu Tengah"
2023-09-12,PHP17,DSP02,135000,kg,BD-PIHPS,,,,,"PIHPS Provinsi Bengkulu (rata-rata pasar tradisional), bukan harga Bengkulu Tengah"
2023-09-12,PHP17,GLP01,14900,kg,BD-PIHPS,,,,,"PIHPS Provinsi Bengkulu (rata-rata pasar tradisional), bukan harga Bengkulu Tengah"
2023-09-12,PHP17,GLP02,15400,kg,BD-PIHPS,,,,,"PIHPS Provinsi Bengkulu (rata-rata pasar tradisional), bukan harga Bengkulu Tengah"
2023-09-12,PHP17,MGR01,14800,liter,BD-PIHPS,,,,,"PIHPS Provinsi Bengkulu (rata-rata pasar tradisional), bukan harga Bengkulu Tengah"
2023-09-12,PHP17,MGR02,19300,liter,BD-PIHPS,,,,,"PIHPS Provinsi Bengkulu (rata-rata pasar tradisional), bukan harga Bengkulu Tengah"
2023-09-12,PHP17,MGR03,17450,liter,BD-PIHPS,,,,,"PIHPS Provinsi Bengkulu (rata-rata pasar tradisional), bukan harga Bengkulu Tengah"
2023-09-12,PHP17,TLR01,28300,kg,BD-PIHPS,,,,,"PIHPS Provinsi Bengkulu (rata-rata pasar tradisional), bukan harga Bengkulu Tengah"
2023-09-13,PHP17,BRS01,12450,kg,BD-PIHPS,,,,,"PIHPS Provinsi Bengkulu (rata-rata pasar tradisional), bukan harga Bengkulu Tengah"
2023-09-13,PHP17,BRS02,13300,kg,BD-PIHPS,,,,,"PIHPS Provinsi Bengkulu (rata-rata pasar tradisional), bukan harga Bengkulu Tengah"
2023-09-13,PHP17,BRS03,13900,kg,BD-PIHPS,,,,,"PIHPS Provinsi Bengkulu (rata-rata pasar tradisional), bukan harga Bengkulu Tengah"
2023-09-13,PHP17,BRS04,14450,kg,BD-PIHPS,,,,,"PIHPS Provinsi Bengkulu (rata-rata pasar tradisional), bukan harga Bengkulu Tengah"
2023-09-13,PHP17,BRS05,14850,kg,BD-PIHPS,,,,,"PIHPS Provinsi Bengkulu (rata-rata pasar tradisional), bukan harga Bengkulu Tengah"
2023-09-13,PHP17,BRS06,14850,kg,BD-PIHPS,,,,,"PIHPS Provinsi Bengkulu (rata-rata pasar tradisional), bukan harga Bengkulu Tengah"
2023-09-13,PHP17,BWM01,25150,kg,BD-PIHPS,,,,,"PIHPS Provinsi Bengkulu (rata-rata pasar tradisional), bukan harga Bengkulu Tengah"
2023-09-13,PHP17,BWP01,36650,kg,BD-PIHPS,,,,,"PIHPS Provinsi Bengkulu (rata-rata pasar tradisional), bukan harga Bengkulu Tengah"
2023-09-13,PHP17,CMR01,31400,kg,BD-PIHPS,,,,,"PIHPS Provinsi Bengkulu (rata-rata pasar tradisional), bukan harga Bengkulu Tengah"
2023-09-13,PHP17,CMR02,36000,kg,BD-PIHPS,,,,,"PIHPS Provinsi Bengkulu (rata-rata pasar tradisional), bukan harga Bengkulu Tengah"
2023-09-13,PHP17,CRW01,28900,kg,BD-PIHPS,,,,,"PIHPS Provinsi Bengkulu (rata-rata pasar tradisional), bukan harga Bengkulu Tengah"
2023-09-13,PHP17,CRW02,25200,kg,BD-PIHPS,,,,,"PIHPS Provinsi Bengkulu (rata-rata pasar tradisional), bukan harga Bengkulu Tengah"
2023-09-13,PHP17,DAY01,31400,kg,BD-PIHPS,,,,,"PIHPS Provinsi Bengkulu (rata-rata pasar tradisional), bukan harga Bengkulu Tengah"
2023-09-13,PHP17,DSP01,136250,kg,BD-PIHPS,,,,,"PIHPS Provinsi Bengkulu (rata-rata pasar tradisional), bukan harga Bengkulu Tengah"
2023-09-13,PHP17,DSP02,135000,kg,BD-PIHPS,,,,,"PIHPS Provinsi Bengkulu (rata-rata pasar tradisional), bukan harga Bengkulu Tengah"
2023-09-13,PHP17,GLP01,14900,kg,BD-PIHPS,,,,,"PIHPS Provinsi Bengkulu (rata-rata pasar tradisional), bukan harga Bengkulu Tengah"
2023-09-13,PHP17,GLP02,15400,kg,BD-PIHPS,,,,,"PIHPS Provinsi Bengkulu (rata-rata pasar tradisional), bukan harga Bengkulu Tengah"
2023-09-13,PHP17,MGR01,14800,liter,BD-PIHPS,,,,,"PIHPS Provinsi Bengkulu (rata-rata pasar tradisional), bukan harga Bengkulu Tengah"
2023-09-13,PHP17,MGR02,19300,liter,BD-PIHPS,,,,,"PIHPS Provinsi Bengkulu (rata-rata pasar tradisional), bukan harga Bengkulu Tengah"
2023-09-13,PHP17,MGR03,17450,liter,BD-PIHPS,,,,,"PIHPS Provinsi Bengkulu (rata-rata pasar tradisional), bukan harga Bengkulu Tengah"
2023-09-13,PHP17,TLR01,28300,kg,BD-PIHPS,,,,,"PIHPS Provinsi Bengkulu (rata-rata pasar tradisional), bukan harga Bengkulu Tengah"
2023-09-14,PHP17,BRS01,12450,kg,BD-PIHPS,,,,,"PIHPS Provinsi Bengkulu (rata-rata pasar tradisional), bukan harga Bengkulu Tengah"
2023-09-14,PHP17,BRS02,13400,kg,BD-PIHPS,,,,,"PIHPS Provinsi Bengkulu (rata-rata pasar tradisional), bukan harga Bengkulu Tengah"
2023-09-14,PHP17,BRS03,14000,kg,BD-PIHPS,,,,,"PIHPS Provinsi Bengkulu (rata-rata pasar tradisional), bukan harga Bengkulu Tengah"
2023-09-14,PHP17,BRS04,14500,kg,BD-PIHPS,,,,,"PIHPS Provinsi Bengkulu (rata-rata pasar tradisional), bukan harga Bengkulu Tengah"
2023-09-14,PHP17,BRS05,14850,kg,BD-PIHPS,,,,,"PIHPS Provinsi Bengkulu (rata-rata pasar tradisional), bukan harga Bengkulu Tengah"
2023-09-14,PHP17,BRS06,14900,kg,BD-PIHPS,,,,,"PIHPS Provinsi Bengkulu (rata-rata pasar tradisional), bukan harga Bengkulu Tengah"
2023-09-14,PHP17,BWM01,25150,kg,BD-PIHPS,,,,,"PIHPS Provinsi Bengkulu (rata-rata pasar tradisional), bukan harga Bengkulu Tengah"
2023-09-14,PHP17,BWP01,36900,kg,BD-PIHPS,,,,,"PIHPS Provinsi Bengkulu (rata-rata pasar tradisional), bukan harga Bengkulu Tengah"
2023-09-14,PHP17,CMR01,31150,kg,BD-PIHPS,,,,,"PIHPS Provinsi Bengkulu (rata-rata pasar tradisional), bukan harga Bengkulu Tengah"
2023-09-14,PHP17,CMR02,35400,kg,BD-PIHPS,,,,,"PIHPS Provinsi Bengkulu (rata-rata pasar tradisional), bukan harga Bengkulu Tengah"
2023-09-14,PHP17,CRW01,29400,kg,BD-PIHPS,,,,,"PIHPS Provinsi Bengkulu (rata-rata pasar tradisional), bukan harga Bengkulu Tengah"
2023-09-14,PHP17,CRW02,24850,kg,BD-PIHPS,,,,,"PIHPS Provinsi Bengkulu (rata-rata pasar tradisional), bukan harga Bengkulu Tengah"
2023-09-14,PHP17,DAY01,31400,kg,BD-PIHPS,,,,,"PIHPS Provinsi Bengkulu (rata-rata pasar tradisional), bukan harga Bengkulu Tengah"
2023-09-14,PHP17,DSP01,136250,kg,BD-PIHPS,,,,,"PIHPS Provinsi Bengkulu (rata-rata pasar tradisional), bukan harga Bengkulu Tengah"
2023-09-14,PHP17,DSP02,135000,kg,BD-PIHPS,,,,,"PIHPS Provinsi Bengkulu (rata-rata pasar tradisional), bukan harga Bengkulu Tengah"
2023-09-14,PHP17,GLP01,14900,kg,BD-PIHPS,,,,,"PIHPS Provinsi Bengkulu (rata-rata pasar tradisional), bukan harga Bengkulu Tengah"
2023-09-14,PHP17,GLP02,15400,kg,BD-PIHPS,,,,,"PIHPS Provinsi Bengkulu (rata-rata pasar tradisional), bukan harga Bengkulu Tengah"
2023-09-14,PHP17,MGR01,14800,liter,BD-PIHPS,,,,,"PIHPS Provinsi Bengkulu (rata-rata pasar tradisional), bukan harga Bengkulu Tengah"
2023-09-14,PHP17,MGR02,19300,liter,BD-PIHPS,,,,,"PIHPS Provinsi Bengkulu (rata-rata pasar tradisional), bukan harga Bengkulu Tengah"
2023-09-14,PHP17,MGR03,17450,liter,BD-PIHPS,,,,,"PIHPS Provinsi Bengkulu (rata-rata pasar tradisional), bukan harga Bengkulu Tengah"
2023-09-14,PHP17,TLR01,28300,kg,BD-PIHPS,,,,,"PIHPS Provinsi Bengkulu (rata-rata pasar tradisional), bukan harga Bengkulu Tengah"
2023-09-15,PHP17,BRS01,12450,kg,BD-PIHPS,,,,,"PIHPS Provinsi Bengkulu (rata-rata pasar tradisional), bukan harga Bengkulu Tengah"
2023-09-15,PHP17,BRS02,13400,kg,BD-PIHPS,,,,,"PIHPS Provinsi Bengkulu (rata-rata pasar tradisional), bukan harga Bengkulu Tengah"
2023-09-15,PHP17,BRS03,14000,kg,BD-PIHPS,,,,,"PIHPS Provinsi Bengkulu (rata-rata pasar tradisional), bukan harga Bengkulu Tengah"
2023-09-15,PHP17,BRS04,14500,kg,BD-PIHPS,,,,,"PIHPS Provinsi Bengkulu (rata-rata pasar tradisional), bukan harga Bengkulu Tengah"
2023-09-15,PHP17,BRS05,14850,kg,BD-PIHPS,,,,,"PIHPS Provinsi Bengkulu (rata-rata pasar tradisional), bukan harga Bengkulu Tengah"
2023-09-15,PHP17,BRS06,14900,kg,BD-PIHPS,,,,,"PIHPS Provinsi Bengkulu (rata-rata pasar tradisional), bukan harga Bengkulu Tengah"
2023-09-15,PHP17,BWM01,24650,kg,BD-PIHPS,,,,,"PIHPS Provinsi Bengkulu (rata-rata pasar tradisional), bukan harga Bengkulu Tengah"
2023-09-15,PHP17,BWP01,36900,kg,BD-PIHPS,,,,,"PIHPS Provinsi Bengkulu (rata-rata pasar tradisional), bukan harga Bengkulu Tengah"
2023-09-15,PHP17,CMR01,30650,kg,BD-PIHPS,,,,,"PIHPS Provinsi Bengkulu (rata-rata pasar tradisional), bukan harga Bengkulu Tengah"
2023-09-15,PHP17,CMR02,34500,kg,BD-PIHPS,,,,,"PIHPS Provinsi Bengkulu (rata-rata pasar tradisional), bukan harga Bengkulu Tengah"
2023-09-15,PHP17,CRW01,29400,kg,BD-PIHPS,,,,,"PIHPS Provinsi Bengkulu (rata-rata pasar tradisional), bukan harga Bengkulu Tengah"
2023-09-15,PHP17,CRW02,24500,kg,BD-PIHPS,,,,,"PIHPS Provinsi Bengkulu (rata-rata pasar tradisional), bukan harga Bengkulu Tengah"
2023-09-15,PHP17,DAY01,30000,kg,BD-PIHPS,,,,,"PIHPS Provinsi Bengkulu (rata-rata pasar tradisional), bukan harga Bengkulu Tengah"
2023-09-15,PHP17,DSP01,136250,kg,BD-PIHPS,,,,,"PIHPS Provinsi Bengkulu (rata-rata pasar tradisional), bukan harga Bengkulu Tengah"
2023-09-15,PHP17,DSP02,135000,kg,BD-PIHPS,,,,,"PIHPS Provinsi Bengkulu (rata-rata pasar tradisional), bukan harga Bengkulu Tengah"
2023-09-15,PHP17,GLP01,14900,kg,BD-PIHPS,,,,,"PIHPS Provinsi Bengkulu (rata-rata pasar tradisional), bukan harga Bengkulu Tengah"
2023-09-15,PHP17,GLP02,15400,kg,BD-PIHPS,,,,,"PIHPS Provinsi Bengkulu (rata-rata pasar tradisional), bukan harga Bengkulu Tengah"
2023-09-15,PHP17,MGR01,14800,liter,BD-PIHPS,,,,,"PIHPS Provinsi Bengkulu (rata-rata pasar tradisional), bukan harga Bengkulu Tengah"
2023-09-15,PHP17,MGR02,19300,liter,BD-PIHPS,,,,,"PIHPS Provinsi Bengkulu (rata-rata pasar tradisional), bukan harga Bengkulu Tengah"
2023-09-15,PHP17,MGR03,17450,liter,BD-PIHPS,,,,,"PIHPS Provinsi Bengkulu (rata-rata pasar tradisional), bukan harga Bengkulu Tengah"
2023-09-15,PHP17,TLR01,28300,kg,BD-PIHPS,,,,,"PIHPS Provinsi Bengkulu (rata-rata pasar tradisional), bukan harga Bengkulu Tengah"
2023-09-18,PHP17,BRS01,12450,kg,BD-PIHPS,,,,,"PIHPS Provinsi Bengkulu (rata-rata pasar tradisional), bukan harga Bengkulu Tengah"
2023-09-18,PHP17,BRS02,13400,kg,BD-PIHPS,,,,,"PIHPS Provinsi Bengkulu (rata-rata pasar tradisional), bukan harga Bengkulu Tengah"
2023-09-18,PHP17,BRS03,14000,kg,BD-PIHPS,,,,,"PIHPS Provinsi Bengkulu (rata-rata pasar tradisional), bukan harga Bengkulu Tengah"
2023-09-18,PHP17,BRS04,14500,kg,BD-PIHPS,,,,,"PIHPS Provinsi Bengkulu (rata-rata pasar tradisional), bukan harga Bengkulu Tengah"
2023-09-18,PHP17,BRS05,14850,kg,BD-PIHPS,,,,,"PIHPS Provinsi Bengkulu (rata-rata pasar tradisional), bukan harga Bengkulu Tengah"
2023-09-18,PHP17,BRS06,14900,kg,BD-PIHPS,,,,,"PIHPS Provinsi Bengkulu (rata-rata pasar tradisional), bukan harga Bengkulu Tengah"
2023-09-18,PHP17,BWM01,24150,kg,BD-PIHPS,,,,,"PIHPS Provinsi Bengkulu (rata-rata pasar tradisional), bukan harga Bengkulu Tengah"
2023-09-18,PHP17,BWP01,36650,kg,BD-PIHPS,,,,,"PIHPS Provinsi Bengkulu (rata-rata pasar tradisional), bukan harga Bengkulu Tengah"
2023-09-18,PHP17,CMR01,29900,kg,BD-PIHPS,,,,,"PIHPS Provinsi Bengkulu (rata-rata pasar tradisional), bukan harga Bengkulu Tengah"
2023-09-18,PHP17,CMR02,34250,kg,BD-PIHPS,,,,,"PIHPS Provinsi Bengkulu (rata-rata pasar tradisional), bukan harga Bengkulu Tengah"
2023-09-18,PHP17,CRW01,29400,kg,BD-PIHPS,,,,,"PIHPS Provinsi Bengkulu (rata-rata pasar tradisional), bukan harga Bengkulu Tengah"
2023-09-18,PHP17,CRW02,24350,kg,BD-PIHPS,,,,,"PIHPS Provinsi Bengkulu (rata-rata pasar tradisional), bukan harga Bengkulu Tengah"
2023-09-18,PHP17,DAY01,29150,kg,BD-PIHPS,,,,,"PIHPS Provinsi Bengkulu (rata-rata pasar tradisional), bukan harga Bengkulu Tengah"
2023-09-18,PHP17,DSP01,136250,kg,BD-PIHPS,,,,,"PIHPS Provinsi Bengkulu (rata-rata pasar tradisional), bukan harga Bengkulu Tengah"
2023-09-18,PHP17,DSP02,135000,kg,BD-PIHPS,,,,,"PIHPS Provinsi Bengkulu (rata-rata pasar tradisional), bukan harga Bengkulu Tengah"
2023-09-18,PHP17,GLP01,15050,kg,BD-PIHPS,,,,,"PIHPS Provinsi Bengkulu (rata-rata pasar tradisional), bukan harga Bengkulu Tengah"
2023-09-18,PHP17,GLP02,15650,kg,BD-PIHPS,,,,,"PIHPS Provinsi Bengkulu (rata-rata pasar tradisional), bukan harga Bengkulu Tengah"
2023-09-18,PHP17,MGR01,14800,liter,BD-PIHPS,,,,,"PIHPS Provinsi Bengkulu (rata-rata pasar tradisional), bukan harga Bengkulu Tengah"
2023-09-18,PHP17,MGR02,19300,liter,BD-PIHPS,,,,,"PIHPS Provinsi Bengkulu (rata-rata pasar tradisional), bukan harga Bengkulu Tengah"
2023-09-18,PHP17,MGR03,17450,liter,BD-PIHPS,,,,,"PIHPS Provinsi Bengkulu (rata-rata pasar tradisional), bukan harga Bengkulu Tengah"
2023-09-18,PHP17,TLR01,28300,kg,BD-PIHPS,,,,,"PIHPS Provinsi Bengkulu (rata-rata pasar tradisional), bukan harga Bengkulu Tengah"
2023-09-19,PHP17,BRS01,12450,kg,BD-PIHPS,,,,,"PIHPS Provinsi Bengkulu (rata-rata pasar tradisional), bukan harga Bengkulu Tengah"
2023-09-19,PHP17,BRS02,13400,kg,BD-PIHPS,,,,,"PIHPS Provinsi Bengkulu (rata-rata pasar tradisional), bukan harga Bengkulu Tengah"
2023-09-19,PHP17,BRS03,14000,kg,BD-PIHPS,,,,,"PIHPS Provinsi Bengkulu (rata-rata pasar tradisional), bukan harga Bengkulu Tengah"
2023-09-19,PHP17,BRS04,14500,kg,BD-PIHPS,,,,,"PIHPS Provinsi Bengkulu (rata-rata pasar tradisional), bukan harga Bengkulu Tengah"
2023-09-19,PHP17,BRS05,14850,kg,BD-PIHPS,,,,,"PIHPS Provinsi Bengkulu (rata-rata pasar tradisional), bukan harga Bengkulu Tengah"
2023-09-19,PHP17,BRS06,14900,kg,BD-PIHPS,,,,,"PIHPS Provinsi Bengkulu (rata-rata pasar tradisional), bukan harga Bengkulu Tengah"
2023-09-19,PHP17,BWM01,22500,kg,BD-PIHPS,,,,,"PIHPS Provinsi Bengkulu (rata-rata pasar tradisional), bukan harga Bengkulu Tengah"
2023-09-19,PHP17,BWP01,36150,kg,BD-PIHPS,,,,,"PIHPS Provinsi Bengkulu (rata-rata pasar tradisional), bukan harga Bengkulu Tengah"
2023-09-19,PHP17,CMR01,28750,kg,BD-PIHPS,,,,,"PIHPS Provinsi Bengkulu (rata-rata pasar tradisional), bukan harga Bengkulu Tengah"
2023-09-19,PHP17,CMR02,33150,kg,BD-PIHPS,,,,,"PIHPS Provinsi Bengkulu (rata-rata pasar tradisional), bukan harga Bengkulu Tengah"
2023-09-19,PHP17,CRW01,28750,kg,BD-PIHPS,,,,,"PIHPS Provinsi Bengkulu (rata-rata pasar tradisional), bukan harga Bengkulu Tengah"
2023-09-19,PHP17,CRW02,23700,kg,BD-PIHPS,,,,,"PIHPS Provinsi Bengkulu (rata-rata pasar tradisional), bukan harga Bengkulu Tengah"
2023-09-19,PHP17,DAY01,29400,kg,BD-PIHPS,,,,,"PIHPS Provinsi Bengkulu (rata-rata pasar tradisional), bukan harga Bengkulu Tengah"
2023-09-19,PHP17,DSP01,136250,kg,BD-PIHPS,,,,,"PIHPS Provinsi Bengkulu (rata-rata pasar tradisional), bukan harga Bengkulu Tengah"
2023-09-19,PHP17,DSP02,135000,kg,BD-PIHPS,,,,,"PIHPS Provinsi Bengkulu (rata-rata pasar tradisional), bukan harga Bengkulu Tengah"
2023-09-19,PHP17,GLP01,15050,kg,BD-PIHPS,,,,,"PIHPS Provinsi Bengkulu (rata-rata pasar tradisional), bukan harga Bengkulu Tengah"
2023-09-19,PHP17,GLP02,15650,kg,BD-PIHPS,,,,,"PIHPS Provinsi Bengkulu (rata-rata pasar tradisional), bukan harga Bengkulu Tengah"
2023-09-19,PHP17,MGR01,14800,liter,BD-PIHPS,,,,,"PIHPS Provinsi Bengkulu (rata-rata pasar tradisional), bukan harga Bengkulu Tengah"
2023-09-19,PHP17,MGR02,19200,liter,BD-PIHPS,,,,,"PIHPS Provinsi Bengkulu (rata-rata pasar tradisional), bukan harga Bengkulu Tengah"
2023-09-19,PHP17,MGR03,17500,liter,BD-PIHPS,,,,,"PIHPS Provinsi Bengkulu (rata-rata pasar tradisional), bukan harga Bengkulu Tengah"
2023-09-19,PHP17,TLR01,27300,kg,BD-PIHPS,,,,,"PIHPS Provinsi Bengkulu (rata-rata pasar tradisional), bukan harga Bengkulu Tengah"
2023-09-20,PHP17,BRS01,12550,kg,BD-PIHPS,,,,,"PIHPS Provinsi Bengkulu (rata-rata pasar tradisional), bukan harga Bengkulu Tengah"
2023-09-20,PHP17,BRS02,13600,kg,BD-PIHPS,,,,,"PIHPS Provinsi Bengkulu (rata-rata pasar tradisional), bukan harga Bengkulu Tengah"
2023-09-20,PHP17,BRS03,14000,kg,BD-PIHPS,,,,,"PIHPS Provinsi Bengkulu (rata-rata pasar tradisional), bukan harga Bengkulu Tengah"
2023-09-20,PHP17,BRS04,14600,kg,BD-PIHPS,,,,,"PIHPS Provinsi Bengkulu (rata-rata pasar tradisional), bukan harga Bengkulu Tengah"
2023-09-20,PHP17,BRS05,15000,kg,BD-PIHPS,,,,,"PIHPS Provinsi Bengkulu (rata-rata pasar tradisional), bukan harga Bengkulu Tengah"
2023-09-20,PHP17,BRS06,14950,kg,BD-PIHPS,,,,,"PIHPS Provinsi Bengkulu (rata-rata pasar tradisional), bukan harga Bengkulu Tengah"
2023-09-20,PHP17,BWM01,22900,kg,BD-PIHPS,,,,,"PIHPS Provinsi Bengkulu (rata-rata pasar tradisional), bukan harga Bengkulu Tengah"
2023-09-20,PHP17,BWP01,36150,kg,BD-PIHPS,,,,,"PIHPS Provinsi Bengkulu (rata-rata pasar tradisional), bukan harga Bengkulu Tengah"
2023-09-20,PHP17,CMR01,28750,kg,BD-PIHPS,,,,,"PIHPS Provinsi Bengkulu (rata-rata pasar tradisional), bukan harga Bengkulu Tengah"
2023-09-20,PHP17,CMR02,32900,kg,BD-PIHPS,,,,,"PIHPS Provinsi Bengkulu (rata-rata pasar tradisional), bukan harga Bengkulu Tengah"
2023-09-20,PHP17,CRW01,29500,kg,BD-PIHPS,,,,,"PIHPS Provinsi Bengkulu (rata-rata pasar tradisional), bukan harga Bengkulu Tengah"
2023-09-20,PHP17,CRW02,23900,kg,BD-PIHPS,,,,,"PIHPS Provinsi Bengkulu (rata-rata pasar tradisional), bukan harga Bengkulu Tengah"
2023-09-20,PHP17,DAY01,29150,kg,BD-PIHPS,,,,,"PIHPS Provinsi Bengkulu (rata-rata pasar tradisional), bukan harga Bengkulu Tengah"
2023-09-20,PHP17,DSP01,136250,kg,BD-PIHPS,,,,,"PIHPS Provinsi Bengkulu (rata-rata pasar tradisional), bukan harga Bengkulu Tengah"
2023-09-20,PHP17,DSP02,135000,kg,BD-PIHPS,,,,,"PIHPS Provinsi Bengkulu (rata-rata pasar tradisional), bukan harga Bengkulu Tengah"
2023-09-20,PHP17,GLP01,15050,kg,BD-PIHPS,,,,,"PIHPS Provinsi Bengkulu (rata-rata pasar tradisional), bukan harga Bengkulu Tengah"
2023-09-20,PHP17,GLP02,15650,kg,BD-PIHPS,,,,,"PIHPS Provinsi Bengkulu (rata-rata pasar tradisional), bukan harga Bengkulu Tengah"
2023-09-20,PHP17,MGR01,14800,liter,BD-PIHPS,,,,,"PIHPS Provinsi Bengkulu (rata-rata pasar tradisional), bukan harga Bengkulu Tengah"
2023-09-20,PHP17,MGR02,19200,liter,BD-PIHPS,,,,,"PIHPS Provinsi Bengkulu (rata-rata pasar tradisional), bukan harga Bengkulu Tengah"
2023-09-20,PHP17,MGR03,17500,liter,BD-PIHPS,,,,,"PIHPS Provinsi Bengkulu (rata-rata pasar tradisional), bukan harga Bengkulu Tengah"
2023-09-20,PHP17,TLR01,28000,kg,BD-PIHPS,,,,,"PIHPS Provinsi Bengkulu (rata-rata pasar tradisional), bukan harga Bengkulu Tengah"
2023-09-21,PHP17,BRS01,12750,kg,BD-PIHPS,,,,,"PIHPS Provinsi Bengkulu (rata-rata pasar tradisional), bukan harga Bengkulu Tengah"
2023-09-21,PHP17,BRS02,13650,kg,BD-PIHPS,,,,,"PIHPS Provinsi Bengkulu (rata-rata pasar tradisional), bukan harga Bengkulu Tengah"
2023-09-21,PHP17,BRS03,14000,kg,BD-PIHPS,,,,,"PIHPS Provinsi Bengkulu (rata-rata pasar tradisional), bukan harga Bengkulu Tengah"
2023-09-21,PHP17,BRS04,14600,kg,BD-PIHPS,,,,,"PIHPS Provinsi Bengkulu (rata-rata pasar tradisional), bukan harga Bengkulu Tengah"
2023-09-21,PHP17,BRS05,15000,kg,BD-PIHPS,,,,,"PIHPS Provinsi Bengkulu (rata-rata pasar tradisional), bukan harga Bengkulu Tengah"
2023-09-21,PHP17,BRS06,14950,kg,BD-PIHPS,,,,,"PIHPS Provinsi Bengkulu (rata-rata pasar tradisional), bukan harga Bengkulu Tengah"
2023-09-21,PHP17,BWM01,23150,kg,BD-PIHPS,,,,,"PIHPS Provinsi Bengkulu (rata-rata pasar tradisional), bukan harga Bengkulu Tengah"
2023-09-21,PHP17,BWP01,36000,kg,BD-PIHPS,,,,,"PIHPS Provinsi Bengkulu (rata-rata pasar tradisional), bukan harga Bengkulu Tengah"
2023-09-21,PHP17,CMR01,28750,kg,BD-PIHPS,,,,,"PIHPS Provinsi Bengkulu (rata-rata pasar tradisional), bukan harga Bengkulu Tengah"
2023-09-21,PHP17,CMR02,32900,kg,BD-PIHPS,,,,,"PIHPS Provinsi Bengkulu (rata-rata pasar tradisional), bukan harga Bengkulu Tengah"
2023-09-21,PHP17,CRW01,29750,kg,BD-PIHPS,,,,,"PIHPS Provinsi Bengkulu (rata-rata pasar tradisional), bukan harga Bengkulu Tengah"
2023-09-21,PHP17,CRW02,23650,kg,BD-PIHPS,,,,,"PIHPS Provinsi Bengkulu (rata-rata pasar tradisional), bukan harga Bengkulu Tengah"
2023-09-21,PHP17,DAY01,29150,kg,BD-PIHPS,,,,,"PIHPS Provinsi Bengkulu (rata-rata pasar tradisional), bukan harga Bengkulu Tengah"
2023-09-21,PHP17,DSP01,136250,kg,BD-PIHPS,,,,,"PIHPS Provinsi Bengkulu (rata-rata pasar tradisional), bukan harga Bengkulu Tengah"
2023-09-21,PHP17,DSP02,135000,kg,BD-PIHPS,,,,,"PIHPS Provinsi Bengkulu (rata-rata pasar tradisional), bukan harga Bengkulu Tengah"
2023-09-21,PHP17,GLP01,15050,kg,BD-PIHPS,,,,,"PIHPS Provinsi Bengkulu (rata-rata pasar tradisional), bukan harga Bengkulu Tengah"
2023-09-21,PHP17,GLP02,15650,kg,BD-PIHPS,,,,,"PIHPS Provinsi Bengkulu (rata-rata pasar tradisional), bukan harga Bengkulu Tengah"
2023-09-21,PHP17,MGR01,14800,liter,BD-PIHPS,,,,,"PIHPS Provinsi Bengkulu (rata-rata pasar tradisional), bukan harga Bengkulu Tengah"
2023-09-21,PHP17,MGR02,19200,liter,BD-PIHPS,,,,,"PIHPS Provinsi Bengkulu (rata-rata pasar tradisional), bukan harga Bengkulu Tengah"
2023-09-21,PHP17,MGR03,17500,liter,BD-PIHPS,,,,,"PIHPS Provinsi Bengkulu (rata-rata pasar tradisional), bukan harga Bengkulu Tengah"
2023-09-21,PHP17,TLR01,28000,kg,BD-PIHPS,,,,,"PIHPS Provinsi Bengkulu (rata-rata pasar tradisional), bukan harga Bengkulu Tengah"
2023-09-22,PHP17,BRS01,12900,kg,BD-PIHPS,,,,,"PIHPS Provinsi Bengkulu (rata-rata pasar tradisional), bukan harga Bengkulu Tengah"
2023-09-22,PHP17,BRS02,13800,kg,BD-PIHPS,,,,,"PIHPS Provinsi Bengkulu (rata-rata pasar tradisional), bukan harga Bengkulu Tengah"
2023-09-22,PHP17,BRS03,14050,kg,BD-PIHPS,,,,,"PIHPS Provinsi Bengkulu (rata-rata pasar tradisional), bukan harga Bengkulu Tengah"
2023-09-22,PHP17,BRS04,14650,kg,BD-PIHPS,,,,,"PIHPS Provinsi Bengkulu (rata-rata pasar tradisional), bukan harga Bengkulu Tengah"
2023-09-22,PHP17,BRS05,15000,kg,BD-PIHPS,,,,,"PIHPS Provinsi Bengkulu (rata-rata pasar tradisional), bukan harga Bengkulu Tengah"
2023-09-22,PHP17,BRS06,15000,kg,BD-PIHPS,,,,,"PIHPS Provinsi Bengkulu (rata-rata pasar tradisional), bukan harga Bengkulu Tengah"
2023-09-22,PHP17,BWM01,23250,kg,BD-PIHPS,,,,,"PIHPS Provinsi Bengkulu (rata-rata pasar tradisional), bukan harga Bengkulu Tengah"
2023-09-22,PHP17,BWP01,35650,kg,BD-PIHPS,,,,,"PIHPS Provinsi Bengkulu (rata-rata pasar tradisional), bukan harga Bengkulu Tengah"
2023-09-22,PHP17,CMR01,27250,kg,BD-PIHPS,,,,,"PIHPS Provinsi Bengkulu (rata-rata pasar tradisional), bukan harga Bengkulu Tengah"
2023-09-22,PHP17,CMR02,31250,kg,BD-PIHPS,,,,,"PIHPS Provinsi Bengkulu (rata-rata pasar tradisional), bukan harga Bengkulu Tengah"
2023-09-22,PHP17,CRW01,30150,kg,BD-PIHPS,,,,,"PIHPS Provinsi Bengkulu (rata-rata pasar tradisional), bukan harga Bengkulu Tengah"
2023-09-22,PHP17,CRW02,23000,kg,BD-PIHPS,,,,,"PIHPS Provinsi Bengkulu (rata-rata pasar tradisional), bukan harga Bengkulu Tengah"
2023-09-22,PHP17,DAY01,29150,kg,BD-PIHPS,,,,,"PIHPS Provinsi Bengkulu (rata-rata pasar tradisional), bukan harga Bengkulu Tengah"
2023-09-22,PHP17,DSP01,136250,kg,BD-PIHPS,,,,,"PIHPS Provinsi Bengkulu (rata-rata pasar tradisional), bukan harga Bengkulu Tengah"
2023-09-22,PHP17,DSP02,135000,kg,BD-PIHPS,,,,,"PIHPS Provinsi Bengkulu (rata-rata pasar tradisional), bukan harga Bengkulu Tengah"
2023-09-22,PHP17,GLP01,15200,kg,BD-PIHPS,,,,,"PIHPS Provinsi Bengkulu (rata-rata pasar tradisional), bukan harga Bengkulu Tengah"
2023-09-22,PHP17,GLP02,15700,kg,BD-PIHPS,,,,,"PIHPS Provinsi Bengkulu (rata-rata pasar tradisional), bukan harga Bengkulu Tengah"
2023-09-22,PHP17,MGR01,14800,liter,BD-PIHPS,,,,,"PIHPS Provinsi Bengkulu (rata-rata pasar tradisional), bukan harga Bengkulu Tengah"
2023-09-22,PHP17,MGR02,19200,liter,BD-PIHPS,,,,,"PIHPS Provinsi Bengkulu (rata-rata pasar tradisional), bukan harga Bengkulu Tengah"
2023-09-22,PHP17,MGR03,17500,liter,BD-PIHPS,,,,,"PIHPS Provinsi Bengkulu (rata-rata pasar tradisional), bukan harga Bengkulu Tengah"
2023-09-22,PHP17,TLR01,28000,kg,BD-PIHPS,,,,,"PIHPS Provinsi Bengkulu (rata-rata pasar tradisional), bukan harga Bengkulu Tengah"
2023-09-25,PHP17,BRS01,13050,kg,BD-PIHPS,,,,,"PIHPS Provinsi Bengkulu (rata-rata pasar tradisional), bukan harga Bengkulu Tengah"
2023-09-25,PHP17,BRS02,13850,kg,BD-PIHPS,,,,,"PIHPS Provinsi Bengkulu (rata-rata pasar tradisional), bukan harga Bengkulu Tengah"
2023-09-25,PHP17,BRS03,14050,kg,BD-PIHPS,,,,,"PIHPS Provinsi Bengkulu (rata-rata pasar tradisional), bukan harga Bengkulu Tengah"
2023-09-25,PHP17,BRS04,14650,kg,BD-PIHPS,,,,,"PIHPS Provinsi Bengkulu (rata-rata pasar tradisional), bukan harga Bengkulu Tengah"
2023-09-25,PHP17,BRS05,15000,kg,BD-PIHPS,,,,,"PIHPS Provinsi Bengkulu (rata-rata pasar tradisional), bukan harga Bengkulu Tengah"
2023-09-25,PHP17,BRS06,15000,kg,BD-PIHPS,,,,,"PIHPS Provinsi Bengkulu (rata-rata pasar tradisional), bukan harga Bengkulu Tengah"
2023-09-25,PHP17,BWM01,23000,kg,BD-PIHPS,,,,,"PIHPS Provinsi Bengkulu (rata-rata pasar tradisional), bukan harga Bengkulu Tengah"
2023-09-25,PHP17,BWP01,36750,kg,BD-PIHPS,,,,,"PIHPS Provinsi Bengkulu (rata-rata pasar tradisional), bukan harga Bengkulu Tengah"
2023-09-25,PHP17,CMR01,30750,kg,BD-PIHPS,,,,,"PIHPS Provinsi Bengkulu (rata-rata pasar tradisional), bukan harga Bengkulu Tengah"
2023-09-25,PHP17,CMR02,34650,kg,BD-PIHPS,,,,,"PIHPS Provinsi Bengkulu (rata-rata pasar tradisional), bukan harga Bengkulu Tengah"
2023-09-25,PHP17,CRW01,30150,kg,BD-PIHPS,,,,,"PIHPS Provinsi Bengkulu (rata-rata pasar tradisional), bukan harga Bengkulu Tengah"
2023-09-25,PHP17,CRW02,23750,kg,BD-PIHPS,,,,,"PIHPS Provinsi Bengkulu (rata-rata pasar tradisional), bukan harga Bengkulu Tengah"
2023-09-25,PHP17,DAY01,29150,kg,BD-PIHPS,,,,,"PIHPS Provinsi Bengkulu (rata-rata pasar tradisional), bukan harga Bengkulu Tengah"
2023-09-25,PHP17,DSP01,136250,kg,BD-PIHPS,,,,,"PIHPS Provinsi Bengkulu (rata-rata pasar tradisional), bukan harga Bengkulu Tengah"
2023-09-25,PHP17,DSP02,135000,kg,BD-PIHPS,,,,,"PIHPS Provinsi Bengkulu (rata-rata pasar tradisional), bukan harga Bengkulu Tengah"
2023-09-25,PHP17,GLP01,15200,kg,BD-PIHPS,,,,,"PIHPS Provinsi Bengkulu (rata-rata pasar tradisional), bukan harga Bengkulu Tengah"
2023-09-25,PHP17,GLP02,15700,kg,BD-PIHPS,,,,,"PIHPS Provinsi Bengkulu (rata-rata pasar tradisional), bukan harga Bengkulu Tengah"
2023-09-25,PHP17,MGR01,14800,liter,BD-PIHPS,,,,,"PIHPS Provinsi Bengkulu (rata-rata pasar tradisional), bukan harga Bengkulu Tengah"
2023-09-25,PHP17,MGR02,19200,liter,BD-PIHPS,,,,,"PIHPS Provinsi Bengkulu (rata-rata pasar tradisional), bukan harga Bengkulu Tengah"
2023-09-25,PHP17,MGR03,17500,liter,BD-PIHPS,,,,,"PIHPS Provinsi Bengkulu (rata-rata pasar tradisional), bukan harga Bengkulu Tengah"
2023-09-25,PHP17,TLR01,28000,kg,BD-PIHPS,,,,,"PIHPS Provinsi Bengkulu (rata-rata pasar tradisional), bukan harga Bengkulu Tengah"
2023-09-26,PHP17,BRS01,13050,kg,BD-PIHPS,,,,,"PIHPS Provinsi Bengkulu (rata-rata pasar tradisional), bukan harga Bengkulu Tengah"
2023-09-26,PHP17,BRS02,13850,kg,BD-PIHPS,,,,,"PIHPS Provinsi Bengkulu (rata-rata pasar tradisional), bukan harga Bengkulu Tengah"
2023-09-26,PHP17,BRS03,14050,kg,BD-PIHPS,,,,,"PIHPS Provinsi Bengkulu (rata-rata pasar tradisional), bukan harga Bengkulu Tengah"
2023-09-26,PHP17,BRS04,14650,kg,BD-PIHPS,,,,,"PIHPS Provinsi Bengkulu (rata-rata pasar tradisional), bukan harga Bengkulu Tengah"
2023-09-26,PHP17,BRS05,15000,kg,BD-PIHPS,,,,,"PIHPS Provinsi Bengkulu (rata-rata pasar tradisional), bukan harga Bengkulu Tengah"
2023-09-26,PHP17,BRS06,15000,kg,BD-PIHPS,,,,,"PIHPS Provinsi Bengkulu (rata-rata pasar tradisional), bukan harga Bengkulu Tengah"
2023-09-26,PHP17,BWM01,23000,kg,BD-PIHPS,,,,,"PIHPS Provinsi Bengkulu (rata-rata pasar tradisional), bukan harga Bengkulu Tengah"
2023-09-26,PHP17,BWP01,36750,kg,BD-PIHPS,,,,,"PIHPS Provinsi Bengkulu (rata-rata pasar tradisional), bukan harga Bengkulu Tengah"
2023-09-26,PHP17,CMR01,33900,kg,BD-PIHPS,,,,,"PIHPS Provinsi Bengkulu (rata-rata pasar tradisional), bukan harga Bengkulu Tengah"
2023-09-26,PHP17,CMR02,38150,kg,BD-PIHPS,,,,,"PIHPS Provinsi Bengkulu (rata-rata pasar tradisional), bukan harga Bengkulu Tengah"
2023-09-26,PHP17,CRW01,30400,kg,BD-PIHPS,,,,,"PIHPS Provinsi Bengkulu (rata-rata pasar tradisional), bukan harga Bengkulu Tengah"
2023-09-26,PHP17,CRW02,24250,kg,BD-PIHPS,,,,,"PIHPS Provinsi Bengkulu (rata-rata pasar tradisional), bukan harga Bengkulu Tengah"
2023-09-26,PHP17,DAY01,29150,kg,BD-PIHPS,,,,,"PIHPS Provinsi Bengkulu (rata-rata pasar tradisional), bukan harga Bengkulu Tengah"
2023-09-26,PHP17,DSP01,136250,kg,BD-PIHPS,,,,,"PIHPS Provinsi Bengkulu (rata-rata pasar tradisional), bukan harga Bengkulu Tengah"
2023-09-26,PHP17,DSP02,135000,kg,BD-PIHPS,,,,,"PIHPS Provinsi Bengkulu (rata-rata pasar tradisional), bukan harga Bengkulu Tengah"
2023-09-26,PHP17,GLP01,15200,kg,BD-PIHPS,,,,,"PIHPS Provinsi Bengkulu (rata-rata pasar tradisional), bukan harga Bengkulu Tengah"
2023-09-26,PHP17,GLP02,15700,kg,BD-PIHPS,,,,,"PIHPS Provinsi Bengkulu (rata-rata pasar tradisional), bukan harga Bengkulu Tengah"
2023-09-26,PHP17,MGR01,14800,liter,BD-PIHPS,,,,,"PIHPS Provinsi Bengkulu (rata-rata pasar tradisional), bukan harga Bengkulu Tengah"
2023-09-26,PHP17,MGR02,19200,liter,BD-PIHPS,,,,,"PIHPS Provinsi Bengkulu (rata-rata pasar tradisional), bukan harga Bengkulu Tengah"
2023-09-26,PHP17,MGR03,17500,liter,BD-PIHPS,,,,,"PIHPS Provinsi Bengkulu (rata-rata pasar tradisional), bukan harga Bengkulu Tengah"
2023-09-26,PHP17,TLR01,27350,kg,BD-PIHPS,,,,,"PIHPS Provinsi Bengkulu (rata-rata pasar tradisional), bukan harga Bengkulu Tengah"
2023-09-27,PHP17,BRS01,13050,kg,BD-PIHPS,,,,,"PIHPS Provinsi Bengkulu (rata-rata pasar tradisional), bukan harga Bengkulu Tengah"
2023-09-27,PHP17,BRS02,13850,kg,BD-PIHPS,,,,,"PIHPS Provinsi Bengkulu (rata-rata pasar tradisional), bukan harga Bengkulu Tengah"
2023-09-27,PHP17,BRS03,14050,kg,BD-PIHPS,,,,,"PIHPS Provinsi Bengkulu (rata-rata pasar tradisional), bukan harga Bengkulu Tengah"
2023-09-27,PHP17,BRS04,14650,kg,BD-PIHPS,,,,,"PIHPS Provinsi Bengkulu (rata-rata pasar tradisional), bukan harga Bengkulu Tengah"
2023-09-27,PHP17,BRS05,15000,kg,BD-PIHPS,,,,,"PIHPS Provinsi Bengkulu (rata-rata pasar tradisional), bukan harga Bengkulu Tengah"
2023-09-27,PHP17,BRS06,15000,kg,BD-PIHPS,,,,,"PIHPS Provinsi Bengkulu (rata-rata pasar tradisional), bukan harga Bengkulu Tengah"
2023-09-27,PHP17,BWM01,23650,kg,BD-PIHPS,,,,,"PIHPS Provinsi Bengkulu (rata-rata pasar tradisional), bukan harga Bengkulu Tengah"
2023-09-27,PHP17,BWP01,37500,kg,BD-PIHPS,,,,,"PIHPS Provinsi Bengkulu (rata-rata pasar tradisional), bukan harga Bengkulu Tengah"
2023-09-27,PHP17,CMR01,35750,kg,BD-PIHPS,,,,,"PIHPS Provinsi Bengkulu (rata-rata pasar tradisional), bukan harga Bengkulu Tengah"
2023-09-27,PHP17,CMR02,40250,kg,BD-PIHPS,,,,,"PIHPS Provinsi Bengkulu (rata-rata pasar tradisional), bukan harga Bengkulu Tengah"
2023-09-27,PHP17,CRW01,30500,kg,BD-PIHPS,,,,,"PIHPS Provinsi Bengkulu (rata-rata pasar tradisional), bukan harga Bengkulu Tengah"
2023-09-27,PHP17,CRW02,24550,kg,BD-PIHPS,,,,,"PIHPS Provinsi Bengkulu (rata-rata pasar tradisional), bukan harga Bengkulu Tengah"
2023-09-27,PHP17,DAY01,28000,kg,BD-PIHPS,,,,,"PIHPS Provinsi Bengkulu (rata-rata pasar tradisional), bukan harga Bengkulu Tengah"
2023-09-27,PHP17,DSP01,136250,kg,BD-PIHPS,,,,,"PIHPS Provinsi Bengkulu (rata-rata pasar tradisional), bukan harga Bengkulu Tengah"
2023-09-27,PHP17,DSP02,135000,kg,BD-PIHPS,,,,,"PIHPS Provinsi Bengkulu (rata-rata pasar tradisional), bukan harga Bengkulu Tengah"
2023-09-27,PHP17,GLP01,15200,kg,BD-PIHPS,,,,,"PIHPS Provinsi Bengkulu (rata-rata pasar tradisional), bukan harga Bengkulu Tengah"
2023-09-27,PHP17,GLP02,15700,kg,BD-PIHPS,,,,,"PIHPS Provinsi Bengkulu (rata-rata pasar tradisional), bukan harga Bengkulu Tengah"
2023-09-27,PHP17,MGR01,14800,liter,BD-PIHPS,,,,,"PIHPS Provinsi Bengkulu (rata-rata pasar tradisional), bukan harga Bengkulu Tengah"
2023-09-27,PHP17,MGR02,19200,liter,BD-PIHPS,,,,,"PIHPS Provinsi Bengkulu (rata-rata pasar tradisional), bukan harga Bengkulu Tengah"
2023-09-27,PHP17,MGR03,17500,liter,BD-PIHPS,,,,,"PIHPS Provinsi Bengkulu (rata-rata pasar tradisional), bukan harga Bengkulu Tengah"
2023-09-27,PHP17,TLR01,27350,kg,BD-PIHPS,,,,,"PIHPS Provinsi Bengkulu (rata-rata pasar tradisional), bukan harga Bengkulu Tengah"
2023-09-28,PHP17,BRS01,13050,kg,BD-PIHPS,,,,,"PIHPS Provinsi Bengkulu (rata-rata pasar tradisional), bukan harga Bengkulu Tengah"
2023-09-28,PHP17,BRS02,13850,kg,BD-PIHPS,,,,,"PIHPS Provinsi Bengkulu (rata-rata pasar tradisional), bukan harga Bengkulu Tengah"
2023-09-28,PHP17,BRS03,14050,kg,BD-PIHPS,,,,,"PIHPS Provinsi Bengkulu (rata-rata pasar tradisional), bukan harga Bengkulu Tengah"
2023-09-28,PHP17,BRS04,14650,kg,BD-PIHPS,,,,,"PIHPS Provinsi Bengkulu (rata-rata pasar tradisional), bukan harga Bengkulu Tengah"
2023-09-28,PHP17,BRS05,15000,kg,BD-PIHPS,,,,,"PIHPS Provinsi Bengkulu (rata-rata pasar tradisional), bukan harga Bengkulu Tengah"
2023-09-28,PHP17,BRS06,15000,kg,BD-PIHPS,,,,,"PIHPS Provinsi Bengkulu (rata-rata pasar tradisional), bukan harga Bengkulu Tengah"
2023-09-28,PHP17,BWM01,23650,kg,BD-PIHPS,,,,,"PIHPS Provinsi Bengkulu (rata-rata pasar tradisional), bukan harga Bengkulu Tengah"
2023-09-28,PHP17,BWP01,37500,kg,BD-PIHPS,,,,,"PIHPS Provinsi Bengkulu (rata-rata pasar tradisional), bukan harga Bengkulu Tengah"
2023-09-28,PHP17,CMR01,35750,kg,BD-PIHPS,,,,,"PIHPS Provinsi Bengkulu (rata-rata pasar tradisional), bukan harga Bengkulu Tengah"
2023-09-28,PHP17,CMR02,40250,kg,BD-PIHPS,,,,,"PIHPS Provinsi Bengkulu (rata-rata pasar tradisional), bukan harga Bengkulu Tengah"
2023-09-28,PHP17,CRW01,30500,kg,BD-PIHPS,,,,,"PIHPS Provinsi Bengkulu (rata-rata pasar tradisional), bukan harga Bengkulu Tengah"
2023-09-28,PHP17,CRW02,24550,kg,BD-PIHPS,,,,,"PIHPS Provinsi Bengkulu (rata-rata pasar tradisional), bukan harga Bengkulu Tengah"
2023-09-28,PHP17,DAY01,28000,kg,BD-PIHPS,,,,,"PIHPS Provinsi Bengkulu (rata-rata pasar tradisional), bukan harga Bengkulu Tengah"
2023-09-28,PHP17,DSP01,136250,kg,BD-PIHPS,,,,,"PIHPS Provinsi Bengkulu (rata-rata pasar tradisional), bukan harga Bengkulu Tengah"
2023-09-28,PHP17,DSP02,135000,kg,BD-PIHPS,,,,,"PIHPS Provinsi Bengkulu (rata-rata pasar tradisional), bukan harga Bengkulu Tengah"
2023-09-28,PHP17,GLP01,15200,kg,BD-PIHPS,,,,,"PIHPS Provinsi Bengkulu (rata-rata pasar tradisional), bukan harga Bengkulu Tengah"
2023-09-28,PHP17,GLP02,15700,kg,BD-PIHPS,,,,,"PIHPS Provinsi Bengkulu (rata-rata pasar tradisional), bukan harga Bengkulu Tengah"
2023-09-28,PHP17,MGR01,14800,liter,BD-PIHPS,,,,,"PIHPS Provinsi Bengkulu (rata-rata pasar tradisional), bukan harga Bengkulu Tengah"
2023-09-28,PHP17,MGR02,19200,liter,BD-PIHPS,,,,,"PIHPS Provinsi Bengkulu (rata-rata pasar tradisional), bukan harga Bengkulu Tengah"
2023-09-28,PHP17,MGR03,17500,liter,BD-PIHPS,,,,,"PIHPS Provinsi Bengkulu (rata-rata pasar tradisional), bukan harga Bengkulu Tengah"
2023-09-28,PHP17,TLR01,27350,kg,BD-PIHPS,,,,,"PIHPS Provinsi Bengkulu (rata-rata pasar tradisional), bukan harga Bengkulu Tengah"
2023-09-29,PHP17,BRS01,13050,kg,BD-PIHPS,,,,,"PIHPS Provinsi Bengkulu (rata-rata pasar tradisional), bukan harga Bengkulu Tengah"
2023-09-29,PHP17,BRS02,13850,kg,BD-PIHPS,,,,,"PIHPS Provinsi Bengkulu (rata-rata pasar tradisional), bukan harga Bengkulu Tengah"
2023-09-29,PHP17,BRS03,14050,kg,BD-PIHPS,,,,,"PIHPS Provinsi Bengkulu (rata-rata pasar tradisional), bukan harga Bengkulu Tengah"
2023-09-29,PHP17,BRS04,14700,kg,BD-PIHPS,,,,,"PIHPS Provinsi Bengkulu (rata-rata pasar tradisional), bukan harga Bengkulu Tengah"
2023-09-29,PHP17,BRS05,15000,kg,BD-PIHPS,,,,,"PIHPS Provinsi Bengkulu (rata-rata pasar tradisional), bukan harga Bengkulu Tengah"
2023-09-29,PHP17,BRS06,15000,kg,BD-PIHPS,,,,,"PIHPS Provinsi Bengkulu (rata-rata pasar tradisional), bukan harga Bengkulu Tengah"
2023-09-29,PHP17,BWM01,23150,kg,BD-PIHPS,,,,,"PIHPS Provinsi Bengkulu (rata-rata pasar tradisional), bukan harga Bengkulu Tengah"
2023-09-29,PHP17,BWP01,37150,kg,BD-PIHPS,,,,,"PIHPS Provinsi Bengkulu (rata-rata pasar tradisional), bukan harga Bengkulu Tengah"
2023-09-29,PHP17,CMR01,39900,kg,BD-PIHPS,,,,,"PIHPS Provinsi Bengkulu (rata-rata pasar tradisional), bukan harga Bengkulu Tengah"
2023-09-29,PHP17,CMR02,43250,kg,BD-PIHPS,,,,,"PIHPS Provinsi Bengkulu (rata-rata pasar tradisional), bukan harga Bengkulu Tengah"
2023-09-29,PHP17,CRW01,32000,kg,BD-PIHPS,,,,,"PIHPS Provinsi Bengkulu (rata-rata pasar tradisional), bukan harga Bengkulu Tengah"
2023-09-29,PHP17,CRW02,25050,kg,BD-PIHPS,,,,,"PIHPS Provinsi Bengkulu (rata-rata pasar tradisional), bukan harga Bengkulu Tengah"
2023-09-29,PHP17,DAY01,29650,kg,BD-PIHPS,,,,,"PIHPS Provinsi Bengkulu (rata-rata pasar tradisional), bukan harga Bengkulu Tengah"
2023-09-29,PHP17,DSP01,136250,kg,BD-PIHPS,,,,,"PIHPS Provinsi Bengkulu (rata-rata pasar tradisional), bukan harga Bengkulu Tengah"
2023-09-29,PHP17,DSP02,135000,kg,BD-PIHPS,,,,,"PIHPS Provinsi Bengkulu (rata-rata pasar tradisional), bukan harga Bengkulu Tengah"
2023-09-29,PHP17,GLP01,15200,kg,BD-PIHPS,,,,,"PIHPS Provinsi Bengkulu (rata-rata pasar tradisional), bukan harga Bengkulu Tengah"
2023-09-29,PHP17,GLP02,15700,kg,BD-PIHPS,,,,,"PIHPS Provinsi Bengkulu (rata-rata pasar tradisional), bukan harga Bengkulu Tengah"
2023-09-29,PHP17,MGR01,14800,liter,BD-PIHPS,,,,,"PIHPS Provinsi Bengkulu (rata-rata pasar tradisional), bukan harga Bengkulu Tengah"
2023-09-29,PHP17,MGR02,19150,liter,BD-PIHPS,,,,,"PIHPS Provinsi Bengkulu (rata-rata pasar tradisional), bukan harga Bengkulu Tengah"
2023-09-29,PHP17,MGR03,17500,liter,BD-PIHPS,,,,,"PIHPS Provinsi Bengkulu (rata-rata pasar tradisional), bukan harga Bengkulu Tengah"
2023-09-29,PHP17,TLR01,27350,kg,BD-PIHPS,,,,,"PIHPS Provinsi Bengkulu (rata-rata pasar tradisional), bukan harga Bengkulu Tengah"
2023-10-02,PHP17,BRS01,13050,kg,BD-PIHPS,,,,,"PIHPS Provinsi Bengkulu (rata-rata pasar tradisional), bukan harga Bengkulu Tengah"
2023-10-02,PHP17,BRS02,13850,kg,BD-PIHPS,,,,,"PIHPS Provinsi Bengkulu (rata-rata pasar tradisional), bukan harga Bengkulu Tengah"
2023-10-02,PHP17,BRS03,14050,kg,BD-PIHPS,,,,,"PIHPS Provinsi Bengkulu (rata-rata pasar tradisional), bukan harga Bengkulu Tengah"
2023-10-02,PHP17,BRS04,14650,kg,BD-PIHPS,,,,,"PIHPS Provinsi Bengkulu (rata-rata pasar tradisional), bukan harga Bengkulu Tengah"
2023-10-02,PHP17,BRS05,15000,kg,BD-PIHPS,,,,,"PIHPS Provinsi Bengkulu (rata-rata pasar tradisional), bukan harga Bengkulu Tengah"
2023-10-02,PHP17,BRS06,15000,kg,BD-PIHPS,,,,,"PIHPS Provinsi Bengkulu (rata-rata pasar tradisional), bukan harga Bengkulu Tengah"
2023-10-02,PHP17,BWM01,22650,kg,BD-PIHPS,,,,,"PIHPS Provinsi Bengkulu (rata-rata pasar tradisional), bukan harga Bengkulu Tengah"
2023-10-02,PHP17,BWP01,36650,kg,BD-PIHPS,,,,,"PIHPS Provinsi Bengkulu (rata-rata pasar tradisional), bukan harga Bengkulu Tengah"
2023-10-02,PHP17,CMR01,39650,kg,BD-PIHPS,,,,,"PIHPS Provinsi Bengkulu (rata-rata pasar tradisional), bukan harga Bengkulu Tengah"
2023-10-02,PHP17,CMR02,43900,kg,BD-PIHPS,,,,,"PIHPS Provinsi Bengkulu (rata-rata pasar tradisional), bukan harga Bengkulu Tengah"
2023-10-02,PHP17,CRW01,31750,kg,BD-PIHPS,,,,,"PIHPS Provinsi Bengkulu (rata-rata pasar tradisional), bukan harga Bengkulu Tengah"
2023-10-02,PHP17,CRW02,25900,kg,BD-PIHPS,,,,,"PIHPS Provinsi Bengkulu (rata-rata pasar tradisional), bukan harga Bengkulu Tengah"
2023-10-02,PHP17,DAY01,29650,kg,BD-PIHPS,,,,,"PIHPS Provinsi Bengkulu (rata-rata pasar tradisional), bukan harga Bengkulu Tengah"
2023-10-02,PHP17,DSP01,136250,kg,BD-PIHPS,,,,,"PIHPS Provinsi Bengkulu (rata-rata pasar tradisional), bukan harga Bengkulu Tengah"
2023-10-02,PHP17,DSP02,135000,kg,BD-PIHPS,,,,,"PIHPS Provinsi Bengkulu (rata-rata pasar tradisional), bukan harga Bengkulu Tengah"
2023-10-02,PHP17,GLP01,15250,kg,BD-PIHPS,,,,,"PIHPS Provinsi Bengkulu (rata-rata pasar tradisional), bukan harga Bengkulu Tengah"
2023-10-02,PHP17,GLP02,15900,kg,BD-PIHPS,,,,,"PIHPS Provinsi Bengkulu (rata-rata pasar tradisional), bukan harga Bengkulu Tengah"
2023-10-02,PHP17,MGR01,14900,liter,BD-PIHPS,,,,,"PIHPS Provinsi Bengkulu (rata-rata pasar tradisional), bukan harga Bengkulu Tengah"
2023-10-02,PHP17,MGR02,19150,liter,BD-PIHPS,,,,,"PIHPS Provinsi Bengkulu (rata-rata pasar tradisional), bukan harga Bengkulu Tengah"
2023-10-02,PHP17,MGR03,17250,liter,BD-PIHPS,,,,,"PIHPS Provinsi Bengkulu (rata-rata pasar tradisional), bukan harga Bengkulu Tengah"
2023-10-02,PHP17,TLR01,26550,kg,BD-PIHPS,,,,,"PIHPS Provinsi Bengkulu (rata-rata pasar tradisional), bukan harga Bengkulu Tengah"
2023-10-03,PHP17,BRS01,13350,kg,BD-PIHPS,,,,,"PIHPS Provinsi Bengkulu (rata-rata pasar tradisional), bukan harga Bengkulu Tengah"
2023-10-03,PHP17,BRS02,14150,kg,BD-PIHPS,,,,,"PIHPS Provinsi Bengkulu (rata-rata pasar tradisional), bukan harga Bengkulu Tengah"
2023-10-03,PHP17,BRS03,14150,kg,BD-PIHPS,,,,,"PIHPS Provinsi Bengkulu (rata-rata pasar tradisional), bukan harga Bengkulu Tengah"
2023-10-03,PHP17,BRS04,14750,kg,BD-PIHPS,,,,,"PIHPS Provinsi Bengkulu (rata-rata pasar tradisional), bukan harga Bengkulu Tengah"
2023-10-03,PHP17,BRS05,15050,kg,BD-PIHPS,,,,,"PIHPS Provinsi Bengkulu (rata-rata pasar tradisional), bukan harga Bengkulu Tengah"
2023-10-03,PHP17,BRS06,15100,kg,BD-PIHPS,,,,,"PIHPS Provinsi Bengkulu (rata-rata pasar tradisional), bukan harga Bengkulu Tengah"
2023-10-03,PHP17,BWM01,22400,kg,BD-PIHPS,,,,,"PIHPS Provinsi Bengkulu (rata-rata pasar tradisional), bukan harga Bengkulu Tengah"
2023-10-03,PHP17,BWP01,36650,kg,BD-PIHPS,,,,,"PIHPS Provinsi Bengkulu (rata-rata pasar tradisional), bukan harga Bengkulu Tengah"
2023-10-03,PHP17,CMR01,40750,kg,BD-PIHPS,,,,,"PIHPS Provinsi Bengkulu (rata-rata pasar tradisional), bukan harga Bengkulu Tengah"
2023-10-03,PHP17,CMR02,44900,kg,BD-PIHPS,,,,,"PIHPS Provinsi Bengkulu (rata-rata pasar tradisional), bukan harga Bengkulu Tengah"
2023-10-03,PHP17,CRW01,32150,kg,BD-PIHPS,,,,,"PIHPS Provinsi Bengkulu (rata-rata pasar tradisional), bukan harga Bengkulu Tengah"
2023-10-03,PHP17,CRW02,26550,kg,BD-PIHPS,,,,,"PIHPS Provinsi Bengkulu (rata-rata pasar tradisional), bukan harga Bengkulu Tengah"
2023-10-03,PHP17,DAY01,30000,kg,BD-PIHPS,,,,,"PIHPS Provinsi Bengkulu (rata-rata pasar tradisional), bukan harga Bengkulu Tengah"
2023-10-03,PHP17,DSP01,136250,kg,BD-PIHPS,,,,,"PIHPS Provinsi Bengkulu (rata-rata pasar tradisional), bukan harga Bengkulu Tengah"
2023-10-03,PHP17,DSP02,135000,kg,BD-PIHPS,,,,,"PIHPS Provinsi Bengkulu (rata-rata pasar tradisional), bukan harga Bengkulu Tengah"
2023-10-03,PHP17,GLP01,15250,kg,BD-PIHPS,,,,,"PIHPS Provinsi Bengkulu (rata-rata pasar tradisional), bukan harga Bengkulu Tengah"
2023-10-03,PHP17,GLP02,16200,kg,BD-PIHPS,,,,,"PIHPS Provinsi Bengkulu (rata-rata pasar tradisional), bukan harga Bengkulu Tengah"
2023-10-03,PHP17,MGR01,14900,liter,BD-PIHPS,,,,,"PIHPS Provinsi Bengkulu (rata-rata pasar tradisional), bukan harga Bengkulu Tengah"
2023-10-03,PHP17,MGR02,19150,liter,BD-PIHPS,,,,,"PIHPS Provinsi Bengkulu (rata-rata pasar tradisional), bukan harga Bengkulu Tengah"
2023-10-03,PHP17,MGR03,17300,liter,BD-PIHPS,,,,,"PIHPS Provinsi Bengkulu (rata-rata pasar tradisional), bukan harga Bengkulu Tengah"
2023-10-03,PHP17,TLR01,26550,kg,BD-PIHPS,,,,,"PIHPS Provinsi Bengkulu (rata-rata pasar tradisional), bukan harga Bengkulu Tengah"
2023-10-04,PHP17,BRS01,13350,kg,BD-PIHPS,,,,,"PIHPS Provinsi Bengkulu (rata-rata pasar tradisional), bukan harga Bengkulu Tengah"
2023-10-04,PHP17,BRS02,14150,kg,BD-PIHPS,,,,,"PIHPS Provinsi Bengkulu (rata-rata pasar tradisional), bukan harga Bengkulu Tengah"
2023-10-04,PHP17,BRS03,14150,kg,BD-PIHPS,,,,,"PIHPS Provinsi Bengkulu (rata-rata pasar tradisional), bukan harga Bengkulu Tengah"
2023-10-04,PHP17,BRS04,14750,kg,BD-PIHPS,,,,,"PIHPS Provinsi Bengkulu (rata-rata pasar tradisional), bukan harga Bengkulu Tengah"
2023-10-04,PHP17,BRS05,15050,kg,BD-PIHPS,,,,,"PIHPS Provinsi Bengkulu (rata-rata pasar tradisional), bukan harga Bengkulu Tengah"
2023-10-04,PHP17,BRS06,15100,kg,BD-PIHPS,,,,,"PIHPS Provinsi Bengkulu (rata-rata pasar tradisional), bukan harga Bengkulu Tengah"
2023-10-04,PHP17,BWM01,21650,kg,BD-PIHPS,,,,,"PIHPS Provinsi Bengkulu (rata-rata pasar tradisional), bukan harga Bengkulu Tengah"
2023-10-04,PHP17,BWP01,36900,kg,BD-PIHPS,,,,,"PIHPS Provinsi Bengkulu (rata-rata pasar tradisional), bukan harga Bengkulu Tengah"
2023-10-04,PHP17,CMR01,38150,kg,BD-PIHPS,,,,,"PIHPS Provinsi Bengkulu (rata-rata pasar tradisional), bukan harga Bengkulu Tengah"
2023-10-04,PHP17,CMR02,42150,kg,BD-PIHPS,,,,,"PIHPS Provinsi Bengkulu (rata-rata pasar tradisional), bukan harga Bengkulu Tengah"
2023-10-04,PHP17,CRW01,31900,kg,BD-PIHPS,,,,,"PIHPS Provinsi Bengkulu (rata-rata pasar tradisional), bukan harga Bengkulu Tengah"
2023-10-04,PHP17,CRW02,26250,kg,BD-PIHPS,,,,,"PIHPS Provinsi Bengkulu (rata-rata pasar tradisional), bukan harga Bengkulu Tengah"
2023-10-04,PHP17,DAY01,30000,kg,BD-PIHPS,,,,,"PIHPS Provinsi Bengkulu (rata-rata pasar tradisional), bukan harga Bengkulu Tengah"
2023-10-04,PHP17,DSP01,136250,kg,BD-PIHPS,,,,,"PIHPS Provinsi Bengkulu (rata-rata pasar tradisional), bukan harga Bengkulu Tengah"
2023-10-04,PHP17,DSP02,135000,kg,BD-PIHPS,,,,,"PIHPS Provinsi Bengkulu (rata-rata pasar tradisional), bukan harga Bengkulu Tengah"
2023-10-04,PHP17,GLP01,15250,kg,BD-PIHPS,,,,,"PIHPS Provinsi Bengkulu (rata-rata pasar tradisional), bukan harga Bengkulu Tengah"
2023-10-04,PHP17,GLP02,16200,kg,BD-PIHPS,,,,,"PIHPS Provinsi Bengkulu (rata-rata pasar tradisional), bukan harga Bengkulu Tengah"
2023-10-04,PHP17,MGR01,14900,liter,BD-PIHPS,,,,,"PIHPS Provinsi Bengkulu (rata-rata pasar tradisional), bukan harga Bengkulu Tengah"
2023-10-04,PHP17,MGR02,19150,liter,BD-PIHPS,,,,,"PIHPS Provinsi Bengkulu (rata-rata pasar tradisional), bukan harga Bengkulu Tengah"
2023-10-04,PHP17,MGR03,17300,liter,BD-PIHPS,,,,,"PIHPS Provinsi Bengkulu (rata-rata pasar tradisional), bukan harga Bengkulu Tengah"
2023-10-04,PHP17,TLR01,26350,kg,BD-PIHPS,,,,,"PIHPS Provinsi Bengkulu (rata-rata pasar tradisional), bukan harga Bengkulu Tengah"
2023-10-05,PHP17,BRS01,13350,kg,BD-PIHPS,,,,,"PIHPS Provinsi Bengkulu (rata-rata pasar tradisional), bukan harga Bengkulu Tengah"
2023-10-05,PHP17,BRS02,14150,kg,BD-PIHPS,,,,,"PIHPS Provinsi Bengkulu (rata-rata pasar tradisional), bukan harga Bengkulu Tengah"
2023-10-05,PHP17,BRS03,14150,kg,BD-PIHPS,,,,,"PIHPS Provinsi Bengkulu (rata-rata pasar tradisional), bukan harga Bengkulu Tengah"
2023-10-05,PHP17,BRS04,14750,kg,BD-PIHPS,,,,,"PIHPS Provinsi Bengkulu (rata-rata pasar tradisional), bukan harga Bengkulu Tengah"
2023-10-05,PHP17,BRS05,15050,kg,BD-PIHPS,,,,,"PIHPS Provinsi Bengkulu (rata-rata pasar tradisional), bukan harga Bengkulu Tengah"
2023-10-05,PHP17,BRS06,15100,kg,BD-PIHPS,,,,,"PIHPS Provinsi Bengkulu (rata-rata pasar tradisional), bukan harga Bengkulu Tengah"
2023-10-05,PHP17,BWM01,21400,kg,BD-PIHPS,,,,,"PIHPS Provinsi Bengkulu (rata-rata pasar tradisional), bukan harga Bengkulu Tengah"
2023-10-05,PHP17,BWP01,36400,kg,BD-PIHPS,,,,,"PIHPS Provinsi Bengkulu (rata-rata pasar tradisional), bukan harga Bengkulu Tengah"
2023-10-05,PHP17,CMR01,35750,kg,BD-PIHPS,,,,,"PIHPS Provinsi Bengkulu (rata-rata pasar tradisional), bukan harga Bengkulu Tengah"
2023-10-05,PHP17,CMR02,39500,kg,BD-PIHPS,,,,,"PIHPS Provinsi Bengkulu (rata-rata pasar tradisional), bukan harga Bengkulu Tengah"
2023-10-05,PHP17,CRW01,31650,kg,BD-PIHPS,,,,,"PIHPS Provinsi Bengkulu (rata-rata pasar tradisional), bukan harga Bengkulu Tengah"
2023-10-05,PHP17,CRW02,25900,kg,BD-PIHPS,,,,,"PIHPS Provinsi Bengkulu (rata-rata pasar tradisional), bukan harga Bengkulu Tengah"
2023-10-05,PHP17,DAY01,30000,kg,BD-PIHPS,,,,,"PIHPS Provinsi Bengkulu (rata-rata pasar tradisional), bukan harga Bengkulu Tengah"
2023-10-05,PHP17,DSP01,136250,kg,BD-PIHPS,,,,,"PIHPS Provinsi Bengkulu (rata-rata pasar tradisional), bukan harga Bengkulu Tengah"
2023-10-05,PHP17,DSP02,135000,kg,BD-PIHPS,,,,,"PIHPS Provinsi Bengkulu (rata-rata pasar tradisional), bukan harga Bengkulu Tengah"
2023-10-05,PHP17,GLP01,15250,kg,BD-PIHPS,,,,,"PIHPS Provinsi Bengkulu (rata-rata pasar tradisional), bukan harga Bengkulu Tengah"
2023-10-05,PHP17,GLP02,16200,kg,BD-PIHPS,,,,,"PIHPS Provinsi Bengkulu (rata-rata pasar tradisional), bukan harga Bengkulu Tengah"
2023-10-05,PHP17,MGR01,14900,liter,BD-PIHPS,,,,,"PIHPS Provinsi Bengkulu (rata-rata pasar tradisional), bukan harga Bengkulu Tengah"
2023-10-05,PHP17,MGR02,19150,liter,BD-PIHPS,,,,,"PIHPS Provinsi Bengkulu (rata-rata pasar tradisional), bukan harga Bengkulu Tengah"
2023-10-05,PHP17,MGR03,17300,liter,BD-PIHPS,,,,,"PIHPS Provinsi Bengkulu (rata-rata pasar tradisional), bukan harga Bengkulu Tengah"
2023-10-05,PHP17,TLR01,26350,kg,BD-PIHPS,,,,,"PIHPS Provinsi Bengkulu (rata-rata pasar tradisional), bukan harga Bengkulu Tengah"
2023-10-06,PHP17,BRS01,13350,kg,BD-PIHPS,,,,,"PIHPS Provinsi Bengkulu (rata-rata pasar tradisional), bukan harga Bengkulu Tengah"
2023-10-06,PHP17,BRS02,14150,kg,BD-PIHPS,,,,,"PIHPS Provinsi Bengkulu (rata-rata pasar tradisional), bukan harga Bengkulu Tengah"
2023-10-06,PHP17,BRS03,14150,kg,BD-PIHPS,,,,,"PIHPS Provinsi Bengkulu (rata-rata pasar tradisional), bukan harga Bengkulu Tengah"
2023-10-06,PHP17,BRS04,14750,kg,BD-PIHPS,,,,,"PIHPS Provinsi Bengkulu (rata-rata pasar tradisional), bukan harga Bengkulu Tengah"
2023-10-06,PHP17,BRS05,15050,kg,BD-PIHPS,,,,,"PIHPS Provinsi Bengkulu (rata-rata pasar tradisional), bukan harga Bengkulu Tengah"
2023-10-06,PHP17,BRS06,15100,kg,BD-PIHPS,,,,,"PIHPS Provinsi Bengkulu (rata-rata pasar tradisional), bukan harga Bengkulu Tengah"
2023-10-06,PHP17,BWM01,21900,kg,BD-PIHPS,,,,,"PIHPS Provinsi Bengkulu (rata-rata pasar tradisional), bukan harga Bengkulu Tengah"
2023-10-06,PHP17,BWP01,35400,kg,BD-PIHPS,,,,,"PIHPS Provinsi Bengkulu (rata-rata pasar tradisional), bukan harga Bengkulu Tengah"
2023-10-06,PHP17,CMR01,37250,kg,BD-PIHPS,,,,,"PIHPS Provinsi Bengkulu (rata-rata pasar tradisional), bukan harga Bengkulu Tengah"
2023-10-06,PHP17,CMR02,41500,kg,BD-PIHPS,,,,,"PIHPS Provinsi Bengkulu (rata-rata pasar tradisional), bukan harga Bengkulu Tengah"
2023-10-06,PHP17,CRW01,33400,kg,BD-PIHPS,,,,,"PIHPS Provinsi Bengkulu (rata-rata pasar tradisional), bukan harga Bengkulu Tengah"
2023-10-06,PHP17,CRW02,26750,kg,BD-PIHPS,,,,,"PIHPS Provinsi Bengkulu (rata-rata pasar tradisional), bukan harga Bengkulu Tengah"
2023-10-06,PHP17,DAY01,30000,kg,BD-PIHPS,,,,,"PIHPS Provinsi Bengkulu (rata-rata pasar tradisional), bukan harga Bengkulu Tengah"
2023-10-06,PHP17,DSP01,136250,kg,BD-PIHPS,,,,,"PIHPS Provinsi Bengkulu (rata-rata pasar tradisional), bukan harga Bengkulu Tengah"
2023-10-06,PHP17,DSP02,135000,kg,BD-PIHPS,,,,,"PIHPS Provinsi Bengkulu (rata-rata pasar tradisional), bukan harga Bengkulu Tengah"
2023-10-06,PHP17,GLP01,15250,kg,BD-PIHPS,,,,,"PIHPS Provinsi Bengkulu (rata-rata pasar tradisional), bukan harga Bengkulu Tengah"
2023-10-06,PHP17,GLP02,16200,kg,BD-PIHPS,,,,,"PIHPS Provinsi Bengkulu (rata-rata pasar tradisional), bukan harga Bengkulu Tengah"
2023-10-06,PHP17,MGR01,14900,liter,BD-PIHPS,,,,,"PIHPS Provinsi Bengkulu (rata-rata pasar tradisional), bukan harga Bengkulu Tengah"
2023-10-06,PHP17,MGR02,19150,liter,BD-PIHPS,,,,,"PIHPS Provinsi Bengkulu (rata-rata pasar tradisional), bukan harga Bengkulu Tengah"
2023-10-06,PHP17,MGR03,17300,liter,BD-PIHPS,,,,,"PIHPS Provinsi Bengkulu (rata-rata pasar tradisional), bukan harga Bengkulu Tengah"
2023-10-06,PHP17,TLR01,26250,kg,BD-PIHPS,,,,,"PIHPS Provinsi Bengkulu (rata-rata pasar tradisional), bukan harga Bengkulu Tengah"
2023-10-09,PHP17,BRS01,13350,kg,BD-PIHPS,,,,,"PIHPS Provinsi Bengkulu (rata-rata pasar tradisional), bukan harga Bengkulu Tengah"
2023-10-09,PHP17,BRS02,14150,kg,BD-PIHPS,,,,,"PIHPS Provinsi Bengkulu (rata-rata pasar tradisional), bukan harga Bengkulu Tengah"
2023-10-09,PHP17,BRS03,14150,kg,BD-PIHPS,,,,,"PIHPS Provinsi Bengkulu (rata-rata pasar tradisional), bukan harga Bengkulu Tengah"
2023-10-09,PHP17,BRS04,14750,kg,BD-PIHPS,,,,,"PIHPS Provinsi Bengkulu (rata-rata pasar tradisional), bukan harga Bengkulu Tengah"
2023-10-09,PHP17,BRS05,15050,kg,BD-PIHPS,,,,,"PIHPS Provinsi Bengkulu (rata-rata pasar tradisional), bukan harga Bengkulu Tengah"
2023-10-09,PHP17,BRS06,15100,kg,BD-PIHPS,,,,,"PIHPS Provinsi Bengkulu (rata-rata pasar tradisional), bukan harga Bengkulu Tengah"
2023-10-09,PHP17,BWM01,23250,kg,BD-PIHPS,,,,,"PIHPS Provinsi Bengkulu (rata-rata pasar tradisional), bukan harga Bengkulu Tengah"
2023-10-09,PHP17,BWP01,35650,kg,BD-PIHPS,,,,,"PIHPS Provinsi Bengkulu (rata-rata pasar tradisional), bukan harga Bengkulu Tengah"
2023-10-09,PHP17,CMR01,36250,kg,BD-PIHPS,,,,,"PIHPS Provinsi Bengkulu (rata-rata pasar tradisional), bukan harga Bengkulu Tengah"
2023-10-09,PHP17,CMR02,39500,kg,BD-PIHPS,,,,,"PIHPS Provinsi Bengkulu (rata-rata pasar tradisional), bukan harga Bengkulu Tengah"
2023-10-09,PHP17,CRW01,33900,kg,BD-PIHPS,,,,,"PIHPS Provinsi Bengkulu (rata-rata pasar tradisional), bukan harga Bengkulu Tengah"
2023-10-09,PHP17,CRW02,28200,kg,BD-PIHPS,,,,,"PIHPS Provinsi Bengkulu (rata-rata pasar tradisional), bukan harga Bengkulu Tengah"
2023-10-09,PHP17,DAY01,30500,kg,BD-PIHPS,,,,,"PIHPS Provinsi Bengkulu (rata-rata pasar tradisional), bukan harga Bengkulu Tengah"
2023-10-09,PHP17,DSP01,136250,kg,BD-PIHPS,,,,,"PIHPS Provinsi Bengkulu (rata-rata pasar tradisional), bukan harga Bengkulu Tengah"
2023-10-09,PHP17,DSP02,135000,kg,BD-PIHPS,,,,,"PIHPS Provinsi Bengkulu (rata-rata pasar tradisional), bukan harga Bengkulu Tengah"
2023-10-09,PHP17,GLP01,15250,kg,BD-PIHPS,,,,,"PIHPS Provinsi Bengkulu (rata-rata pasar tradisional), bukan harga Bengkulu Tengah"
2023-10-09,PHP17,GLP02,16200,kg,BD-PIHPS,,,,,"PIHPS Provinsi Bengkulu (rata-rata pasar tradisional), bukan harga Bengkulu Tengah"
2023-10-09,PHP17,MGR01,14900,liter,BD-PIHPS,,,,,"PIHPS Provinsi Bengkulu (rata-rata pasar tradisional), bukan harga Bengkulu Tengah"
2023-10-09,PHP17,MGR02,19150,liter,BD-PIHPS,,,,,"PIHPS Provinsi Bengkulu (rata-rata pasar tradisional), bukan harga Bengkulu Tengah"
2023-10-09,PHP17,MGR03,17300,liter,BD-PIHPS,,,,,"PIHPS Provinsi Bengkulu (rata-rata pasar tradisional), bukan harga Bengkulu Tengah"
2023-10-09,PHP17,TLR01,26250,kg,BD-PIHPS,,,,,"PIHPS Provinsi Bengkulu (rata-rata pasar tradisional), bukan harga Bengkulu Tengah"
2023-10-10,PHP17,BRS01,13350,kg,BD-PIHPS,,,,,"PIHPS Provinsi Bengkulu (rata-rata pasar tradisional), bukan harga Bengkulu Tengah"
2023-10-10,PHP17,BRS02,14150,kg,BD-PIHPS,,,,,"PIHPS Provinsi Bengkulu (rata-rata pasar tradisional), bukan harga Bengkulu Tengah"
2023-10-10,PHP17,BRS03,14150,kg,BD-PIHPS,,,,,"PIHPS Provinsi Bengkulu (rata-rata pasar tradisional), bukan harga Bengkulu Tengah"
2023-10-10,PHP17,BRS04,14750,kg,BD-PIHPS,,,,,"PIHPS Provinsi Bengkulu (rata-rata pasar tradisional), bukan harga Bengkulu Tengah"
2023-10-10,PHP17,BRS05,15050,kg,BD-PIHPS,,,,,"PIHPS Provinsi Bengkulu (rata-rata pasar tradisional), bukan harga Bengkulu Tengah"
2023-10-10,PHP17,BRS06,15100,kg,BD-PIHPS,,,,,"PIHPS Provinsi Bengkulu (rata-rata pasar tradisional), bukan harga Bengkulu Tengah"
2023-10-10,PHP17,BWM01,23900,kg,BD-PIHPS,,,,,"PIHPS Provinsi Bengkulu (rata-rata pasar tradisional), bukan harga Bengkulu Tengah"
2023-10-10,PHP17,BWP01,36150,kg,BD-PIHPS,,,,,"PIHPS Provinsi Bengkulu (rata-rata pasar tradisional), bukan harga Bengkulu Tengah"
2023-10-10,PHP17,CMR01,35900,kg,BD-PIHPS,,,,,"PIHPS Provinsi Bengkulu (rata-rata pasar tradisional), bukan harga Bengkulu Tengah"
2023-10-10,PHP17,CMR02,39400,kg,BD-PIHPS,,,,,"PIHPS Provinsi Bengkulu (rata-rata pasar tradisional), bukan harga Bengkulu Tengah"
2023-10-10,PHP17,CRW01,33500,kg,BD-PIHPS,,,,,"PIHPS Provinsi Bengkulu (rata-rata pasar tradisional), bukan harga Bengkulu Tengah"
2023-10-10,PHP17,CRW02,28950,kg,BD-PIHPS,,,,,"PIHPS Provinsi Bengkulu (rata-rata pasar tradisional), bukan harga Bengkulu Tengah"
2023-10-10,PHP17,DAY01,30500,kg,BD-PIHPS,,,,,"PIHPS Provinsi Bengkulu (rata-rata pasar tradisional), bukan harga Bengkulu Tengah"
2023-10-10,PHP17,DSP01,136250,kg,BD-PIHPS,,,,,"PIHPS Provinsi Bengkulu (rata-rata pasar tradisional), bukan harga Bengkulu Tengah"
2023-10-10,PHP17,DSP02,135000,kg,BD-PIHPS,,,,,"PIHPS Provinsi Bengkulu (rata-rata pasar tradisional), bukan harga Bengkulu Tengah"
2023-10-10,PHP17,GLP01,15250,kg,BD-PIHPS,,,,,"PIHPS Provinsi Bengkulu (rata-rata pasar tradisional), bukan harga Bengkulu Tengah"
2023-10-10,PHP17,GLP02,16250,kg,BD-PIHPS,,,,,"PIHPS Provinsi Bengkulu (rata-rata pasar tradisional), bukan harga Bengkulu Tengah"
2023-10-10,PHP17,MGR01,14900,liter,BD-PIHPS,,,,,"PIHPS Provinsi Bengkulu (rata-rata pasar tradisional), bukan harga Bengkulu Tengah"
2023-10-10,PHP17,MGR02,19150,liter,BD-PIHPS,,,,,"PIHPS Provinsi Bengkulu (rata-rata pasar tradisional), bukan harga Bengkulu Tengah"
2023-10-10,PHP17,MGR03,17300,liter,BD-PIHPS,,,,,"PIHPS Provinsi Bengkulu (rata-rata pasar tradisional), bukan harga Bengkulu Tengah"
2023-10-10,PHP17,TLR01,26250,kg,BD-PIHPS,,,,,"PIHPS Provinsi Bengkulu (rata-rata pasar tradisional), bukan harga Bengkulu Tengah"
2023-10-11,PHP17,BRS01,13350,kg,BD-PIHPS,,,,,"PIHPS Provinsi Bengkulu (rata-rata pasar tradisional), bukan harga Bengkulu Tengah"
2023-10-11,PHP17,BRS02,14150,kg,BD-PIHPS,,,,,"PIHPS Provinsi Bengkulu (rata-rata pasar tradisional), bukan harga Bengkulu Tengah"
2023-10-11,PHP17,BRS03,14150,kg,BD-PIHPS,,,,,"PIHPS Provinsi Bengkulu (rata-rata pasar tradisional), bukan harga Bengkulu Tengah"
2023-10-11,PHP17,BRS04,14750,kg,BD-PIHPS,,,,,"PIHPS Provinsi Bengkulu (rata-rata pasar tradisional), bukan harga Bengkulu Tengah"
2023-10-11,PHP17,BRS05,15050,kg,BD-PIHPS,,,,,"PIHPS Provinsi Bengkulu (rata-rata pasar tradisional), bukan harga Bengkulu Tengah"
2023-10-11,PHP17,BRS06,15100,kg,BD-PIHPS,,,,,"PIHPS Provinsi Bengkulu (rata-rata pasar tradisional), bukan harga Bengkulu Tengah"
2023-10-11,PHP17,BWM01,24150,kg,BD-PIHPS,,,,,"PIHPS Provinsi Bengkulu (rata-rata pasar tradisional), bukan harga Bengkulu Tengah"
2023-10-11,PHP17,BWP01,35900,kg,BD-PIHPS,,,,,"PIHPS Provinsi Bengkulu (rata-rata pasar tradisional), bukan harga Bengkulu Tengah"
2023-10-11,PHP17,CMR01,35250,kg,BD-PIHPS,,,,,"PIHPS Provinsi Bengkulu (rata-rata pasar tradisional), bukan harga Bengkulu Tengah"
2023-10-11,PHP17,CMR02,38900,kg,BD-PIHPS,,,,,"PIHPS Provinsi Bengkulu (rata-rata pasar tradisional), bukan harga Bengkulu Tengah"
2023-10-11,PHP17,CRW01,33650,kg,BD-PIHPS,,,,,"PIHPS Provinsi Bengkulu (rata-rata pasar tradisional), bukan harga Bengkulu Tengah"
2023-10-11,PHP17,CRW02,30000,kg,BD-PIHPS,,,,,"PIHPS Provinsi Bengkulu (rata-rata pasar tradisional), bukan harga Bengkulu Tengah"
2023-10-11,PHP17,DAY01,31900,kg,BD-PIHPS,,,,,"PIHPS Provinsi Bengkulu (rata-rata pasar tradisional), bukan harga Bengkulu Tengah"
2023-10-11,PHP17,DSP01,136250,kg,BD-PIHPS,,,,,"PIHPS Provinsi Bengkulu (rata-rata pasar tradisional), bukan harga Bengkulu Tengah"
2023-10-11,PHP17,DSP02,135000,kg,BD-PIHPS,,,,,"PIHPS Provinsi Bengkulu (rata-rata pasar tradisional), bukan harga Bengkulu Tengah"
2023-10-11,PHP17,GLP01,15250,kg,BD-PIHPS,,,,,"PIHPS Provinsi Bengkulu (rata-rata pasar tradisional), bukan harga Bengkulu Tengah"
2023-10-11,PHP17,GLP02,16250,kg,BD-PIHPS,,,,,"PIHPS Provinsi Bengkulu (rata-rata pasar tradisional), bukan harga Bengkulu Tengah"
2023-10-11,PHP17,MGR01,14900,liter,BD-PIHPS,,,,,"PIHPS Provinsi Bengkulu (rata-rata pasar tradisional), bukan harga Bengkulu Tengah"
2023-10-11,PHP17,MGR02,19150,liter,BD-PIHPS,,,,,"PIHPS Provinsi Bengkulu (rata-rata pasar tradisional), bukan harga Bengkulu Tengah"
2023-10-11,PHP17,MGR03,17300,liter,BD-PIHPS,,,,,"PIHPS Provinsi Bengkulu (rata-rata pasar tradisional), bukan harga Bengkulu Tengah"
2023-10-11,PHP17,TLR01,26250,kg,BD-PIHPS,,,,,"PIHPS Provinsi Bengkulu (rata-rata pasar tradisional), bukan harga Bengkulu Tengah"
2023-10-12,PHP17,BRS01,13350,kg,BD-PIHPS,,,,,"PIHPS Provinsi Bengkulu (rata-rata pasar tradisional), bukan harga Bengkulu Tengah"
2023-10-12,PHP17,BRS02,14150,kg,BD-PIHPS,,,,,"PIHPS Provinsi Bengkulu (rata-rata pasar tradisional), bukan harga Bengkulu Tengah"
2023-10-12,PHP17,BRS03,14200,kg,BD-PIHPS,,,,,"PIHPS Provinsi Bengkulu (rata-rata pasar tradisional), bukan harga Bengkulu Tengah"
2023-10-12,PHP17,BRS04,14750,kg,BD-PIHPS,,,,,"PIHPS Provinsi Bengkulu (rata-rata pasar tradisional), bukan harga Bengkulu Tengah"
2023-10-12,PHP17,BRS05,15050,kg,BD-PIHPS,,,,,"PIHPS Provinsi Bengkulu (rata-rata pasar tradisional), bukan harga Bengkulu Tengah"
2023-10-12,PHP17,BRS06,15100,kg,BD-PIHPS,,,,,"PIHPS Provinsi Bengkulu (rata-rata pasar tradisional), bukan harga Bengkulu Tengah"
2023-10-12,PHP17,BWM01,25000,kg,BD-PIHPS,,,,,"PIHPS Provinsi Bengkulu (rata-rata pasar tradisional), bukan harga Bengkulu Tengah"
2023-10-12,PHP17,BWP01,36000,kg,BD-PIHPS,,,,,"PIHPS Provinsi Bengkulu (rata-rata pasar tradisional), bukan harga Bengkulu Tengah"
2023-10-12,PHP17,CMR01,35000,kg,BD-PIHPS,,,,,"PIHPS Provinsi Bengkulu (rata-rata pasar tradisional), bukan harga Bengkulu Tengah"
2023-10-12,PHP17,CMR02,38650,kg,BD-PIHPS,,,,,"PIHPS Provinsi Bengkulu (rata-rata pasar tradisional), bukan harga Bengkulu Tengah"
2023-10-12,PHP17,CRW01,33500,kg,BD-PIHPS,,,,,"PIHPS Provinsi Bengkulu (rata-rata pasar tradisional), bukan harga Bengkulu Tengah"
2023-10-12,PHP17,CRW02,31250,kg,BD-PIHPS,,,,,"PIHPS Provinsi Bengkulu (rata-rata pasar tradisional), bukan harga Bengkulu Tengah"
2023-10-12,PHP17,DAY01,31900,kg,BD-PIHPS,,,,,"PIHPS Provinsi Bengkulu (rata-rata pasar tradisional), bukan harga Bengkulu Tengah"
2023-10-12,PHP17,DSP01,136250,kg,BD-PIHPS,,,,,"PIHPS Provinsi Bengkulu (rata-rata pasar tradisional), bukan harga Bengkulu Tengah"
2023-10-12,PHP17,DSP02,135000,kg,BD-PIHPS,,,,,"PIHPS Provinsi Bengkulu (rata-rata pasar tradisional), bukan harga Bengkulu Tengah"
2023-10-12,PHP17,GLP01,15250,kg,BD-PIHPS,,,,,"PIHPS Provinsi Bengkulu (rata-rata pasar tradisional), bukan harga Bengkulu Tengah"
2023-10-12,PHP17,GLP02,16250,kg,BD-PIHPS,,,,,"PIHPS Provinsi Bengkulu (rata-rata pasar tradisional), bukan harga Bengkulu Tengah"
2023-10-12,PHP17,MGR01,14900,liter,BD-PIHPS,,,,,"PIHPS Provinsi Bengkulu (rata-rata pasar tradisional), bukan harga Bengkulu Tengah"
2023-10-12,PHP17,MGR02,19150,liter,BD-PIHPS,,,,,"PIHPS Provinsi Bengkulu (rata-rata pasar tradisional), bukan harga Bengkulu Tengah"
2023-10-12,PHP17,MGR03,17300,liter,BD-PIHPS,,,,,"PIHPS Provinsi Bengkulu (rata-rata pasar tradisional), bukan harga Bengkulu Tengah"
2023-10-12,PHP17,TLR01,26250,kg,BD-PIHPS,,,,,"PIHPS Provinsi Bengkulu (rata-rata pasar tradisional), bukan harga Bengkulu Tengah"
2023-10-13,PHP17,BRS01,13350,kg,BD-PIHPS,,,,,"PIHPS Provinsi Bengkulu (rata-rata pasar tradisional), bukan harga Bengkulu Tengah"
2023-10-13,PHP17,BRS02,14150,kg,BD-PIHPS,,,,,"PIHPS Provinsi Bengkulu (rata-rata pasar tradisional), bukan harga Bengkulu Tengah"
2023-10-13,PHP17,BRS03,14200,kg,BD-PIHPS,,,,,"PIHPS Provinsi Bengkulu (rata-rata pasar tradisional), bukan harga Bengkulu Tengah"
2023-10-13,PHP17,BRS04,14750,kg,BD-PIHPS,,,,,"PIHPS Provinsi Bengkulu (rata-rata pasar tradisional), bukan harga Bengkulu Tengah"
2023-10-13,PHP17,BRS05,15050,kg,BD-PIHPS,,,,,"PIHPS Provinsi Bengkulu (rata-rata pasar tradisional), bukan harga Bengkulu Tengah"
2023-10-13,PHP17,BRS06,15100,kg,BD-PIHPS,,,,,"PIHPS Provinsi Bengkulu (rata-rata pasar tradisional), bukan harga Bengkulu Tengah"
2023-10-13,PHP17,BWM01,25000,kg,BD-PIHPS,,,,,"PIHPS Provinsi Bengkulu (rata-rata pasar tradisional), bukan harga Bengkulu Tengah"
2023-10-13,PHP17,BWP01,34900,kg,BD-PIHPS,,,,,"PIHPS Provinsi Bengkulu (rata-rata pasar tradisional), bukan harga Bengkulu Tengah"
2023-10-13,PHP17,CMR01,34250,kg,BD-PIHPS,,,,,"PIHPS Provinsi Bengkulu (rata-rata pasar tradisional), bukan harga Bengkulu Tengah"
2023-10-13,PHP17,CMR02,38150,kg,BD-PIHPS,,,,,"PIHPS Provinsi Bengkulu (rata-rata pasar tradisional), bukan harga Bengkulu Tengah"
2023-10-13,PHP17,CRW01,31900,kg,BD-PIHPS,,,,,"PIHPS Provinsi Bengkulu (rata-rata pasar tradisional), bukan harga Bengkulu Tengah"
2023-10-13,PHP17,CRW02,32050,kg,BD-PIHPS,,,,,"PIHPS Provinsi Bengkulu (rata-rata pasar tradisional), bukan harga Bengkulu Tengah"
2023-10-13,PHP17,DAY01,31900,kg,BD-PIHPS,,,,,"PIHPS Provinsi Bengkulu (rata-rata pasar tradisional), bukan harga Bengkulu Tengah"
2023-10-13,PHP17,DSP01,136250,kg,BD-PIHPS,,,,,"PIHPS Provinsi Bengkulu (rata-rata pasar tradisional), bukan harga Bengkulu Tengah"
2023-10-13,PHP17,DSP02,135000,kg,BD-PIHPS,,,,,"PIHPS Provinsi Bengkulu (rata-rata pasar tradisional), bukan harga Bengkulu Tengah"
2023-10-13,PHP17,GLP01,15250,kg,BD-PIHPS,,,,,"PIHPS Provinsi Bengkulu (rata-rata pasar tradisional), bukan harga Bengkulu Tengah"
2023-10-13,PHP17,GLP02,16250,kg,BD-PIHPS,,,,,"PIHPS Provinsi Bengkulu (rata-rata pasar tradisional), bukan harga Bengkulu Tengah"
2023-10-13,PHP17,MGR01,14900,liter,BD-PIHPS,,,,,"PIHPS Provinsi Bengkulu (rata-rata pasar tradisional), bukan harga Bengkulu Tengah"
2023-10-13,PHP17,MGR02,19150,liter,BD-PIHPS,,,,,"PIHPS Provinsi Bengkulu (rata-rata pasar tradisional), bukan harga Bengkulu Tengah"
2023-10-13,PHP17,MGR03,17300,liter,BD-PIHPS,,,,,"PIHPS Provinsi Bengkulu (rata-rata pasar tradisional), bukan harga Bengkulu Tengah"
2023-10-13,PHP17,TLR01,26250,kg,BD-PIHPS,,,,,"PIHPS Provinsi Bengkulu (rata-rata pasar tradisional), bukan harga Bengkulu Tengah"
2023-10-16,PHP17,BRS01,13350,kg,BD-PIHPS,,,,,"PIHPS Provinsi Bengkulu (rata-rata pasar tradisional), bukan harga Bengkulu Tengah"
2023-10-16,PHP17,BRS02,14150,kg,BD-PIHPS,,,,,"PIHPS Provinsi Bengkulu (rata-rata pasar tradisional), bukan harga Bengkulu Tengah"
2023-10-16,PHP17,BRS03,14200,kg,BD-PIHPS,,,,,"PIHPS Provinsi Bengkulu (rata-rata pasar tradisional), bukan harga Bengkulu Tengah"
2023-10-16,PHP17,BRS04,14750,kg,BD-PIHPS,,,,,"PIHPS Provinsi Bengkulu (rata-rata pasar tradisional), bukan harga Bengkulu Tengah"
2023-10-16,PHP17,BRS05,15050,kg,BD-PIHPS,,,,,"PIHPS Provinsi Bengkulu (rata-rata pasar tradisional), bukan harga Bengkulu Tengah"
2023-10-16,PHP17,BRS06,15100,kg,BD-PIHPS,,,,,"PIHPS Provinsi Bengkulu (rata-rata pasar tradisional), bukan harga Bengkulu Tengah"
2023-10-16,PHP17,BWM01,25000,kg,BD-PIHPS,,,,,"PIHPS Provinsi Bengkulu (rata-rata pasar tradisional), bukan harga Bengkulu Tengah"
2023-10-16,PHP17,BWP01,35900,kg,BD-PIHPS,,,,,"PIHPS Provinsi Bengkulu (rata-rata pasar tradisional), bukan harga Bengkulu Tengah"
2023-10-16,PHP17,CMR01,33150,kg,BD-PIHPS,,,,,"PIHPS Provinsi Bengkulu (rata-rata pasar tradisional), bukan harga Bengkulu Tengah"
2023-10-16,PHP17,CMR02,36400,kg,BD-PIHPS,,,,,"PIHPS Provinsi Bengkulu (rata-rata pasar tradisional), bukan harga Bengkulu Tengah"
2023-10-16,PHP17,CRW01,32500,kg,BD-PIHPS,,,,,"PIHPS Provinsi Bengkulu (rata-rata pasar tradisional), bukan harga Bengkulu Tengah"
2023-10-16,PHP17,CRW02,33050,kg,BD-PIHPS,,,,,"PIHPS Provinsi Bengkulu (rata-rata pasar tradisional), bukan harga Bengkulu Tengah"
2023-10-16,PHP17,DAY01,30650,kg,BD-PIHPS,,,,,"PIHPS Provinsi Bengkulu (rata-rata pasar tradisional), bukan harga Bengkulu Tengah"
2023-10-16,PHP17,DSP01,136250,kg,BD-PIHPS,,,,,"PIHPS Provinsi Bengkulu (rata-rata pasar tradisional), bukan harga Bengkulu Tengah"
2023-10-16,PHP17,DSP02,135000,kg,BD-PIHPS,,,,,"PIHPS Provinsi Bengkulu (rata-rata pasar tradisional), bukan harga Bengkulu Tengah"
2023-10-16,PHP17,GLP01,15250,kg,BD-PIHPS,,,,,"PIHPS Provinsi Bengkulu (rata-rata pasar tradisional), bukan harga Bengkulu Tengah"
2023-10-16,PHP17,GLP02,16250,kg,BD-PIHPS,,,,,"PIHPS Provinsi Bengkulu (rata-rata pasar tradisional), bukan harga Bengkulu Tengah"
2023-10-16,PHP17,MGR01,15000,liter,BD-PIHPS,,,,,"PIHPS Provinsi Bengkulu (rata-rata pasar tradisional), bukan harga Bengkulu Tengah"
2023-10-16,PHP17,MGR02,19250,liter,BD-PIHPS,,,,,"PIHPS Provinsi Bengkulu (rata-rata pasar tradisional), bukan harga Bengkulu Tengah"
2023-10-16,PHP17,MGR03,17300,liter,BD-PIHPS,,,,,"PIHPS Provinsi Bengkulu (rata-rata pasar tradisional), bukan harga Bengkulu Tengah"
2023-10-16,PHP17,TLR01,26250,kg,BD-PIHPS,,,,,"PIHPS Provinsi Bengkulu (rata-rata pasar tradisional), bukan harga Bengkulu Tengah"
2023-10-17,PHP17,BRS01,13350,kg,BD-PIHPS,,,,,"PIHPS Provinsi Bengkulu (rata-rata pasar tradisional), bukan harga Bengkulu Tengah"
2023-10-17,PHP17,BRS02,14150,kg,BD-PIHPS,,,,,"PIHPS Provinsi Bengkulu (rata-rata pasar tradisional), bukan harga Bengkulu Tengah"
2023-10-17,PHP17,BRS03,14200,kg,BD-PIHPS,,,,,"PIHPS Provinsi Bengkulu (rata-rata pasar tradisional), bukan harga Bengkulu Tengah"
2023-10-17,PHP17,BRS04,14750,kg,BD-PIHPS,,,,,"PIHPS Provinsi Bengkulu (rata-rata pasar tradisional), bukan harga Bengkulu Tengah"
2023-10-17,PHP17,BRS05,15050,kg,BD-PIHPS,,,,,"PIHPS Provinsi Bengkulu (rata-rata pasar tradisional), bukan harga Bengkulu Tengah"
2023-10-17,PHP17,BRS06,15100,kg,BD-PIHPS,,,,,"PIHPS Provinsi Bengkulu (rata-rata pasar tradisional), bukan harga Bengkulu Tengah"
2023-10-17,PHP17,BWM01,24650,kg,BD-PIHPS,,,,,"PIHPS Provinsi Bengkulu (rata-rata pasar tradisional), bukan harga Bengkulu Tengah"
2023-10-17,PHP17,BWP01,35900,kg,BD-PIHPS,,,,,"PIHPS Provinsi Bengkulu (rata-rata pasar tradisional), bukan harga Bengkulu Tengah"
2023-10-17,PHP17,CMR01,32650,kg,BD-PIHPS,,,,,"PIHPS Provinsi Bengkulu (rata-rata pasar tradisional), bukan harga Bengkulu Tengah"
2023-10-17,PHP17,CMR02,36150,kg,BD-PIHPS,,,,,"PIHPS Provinsi Bengkulu (rata-rata pasar tradisional), bukan harga Bengkulu Tengah"
2023-10-17,PHP17,CRW01,32000,kg,BD-PIHPS,,,,,"PIHPS Provinsi Bengkulu (rata-rata pasar tradisional), bukan harga Bengkulu Tengah"
2023-10-17,PHP17,CRW02,33200,kg,BD-PIHPS,,,,,"PIHPS Provinsi Bengkulu (rata-rata pasar tradisional), bukan harga Bengkulu Tengah"
2023-10-17,PHP17,DAY01,29900,kg,BD-PIHPS,,,,,"PIHPS Provinsi Bengkulu (rata-rata pasar tradisional), bukan harga Bengkulu Tengah"
2023-10-17,PHP17,DSP01,136250,kg,BD-PIHPS,,,,,"PIHPS Provinsi Bengkulu (rata-rata pasar tradisional), bukan harga Bengkulu Tengah"
2023-10-17,PHP17,DSP02,135000,kg,BD-PIHPS,,,,,"PIHPS Provinsi Bengkulu (rata-rata pasar tradisional), bukan harga Bengkulu Tengah"
2023-10-17,PHP17,GLP01,15300,kg,BD-PIHPS,,,,,"PIHPS Provinsi Bengkulu (rata-rata pasar tradisional), bukan harga Bengkulu Tengah"
2023-10-17,PHP17,GLP02,16300,kg,BD-PIHPS,,,,,"PIHPS Provinsi Bengkulu (rata-rata pasar tradisional), bukan harga Bengkulu Tengah"
2023-10-17,PHP17,MGR01,15000,liter,BD-PIHPS,,,,,"PIHPS Provinsi Bengkulu (rata-rata pasar tradisional), bukan harga Bengkulu Tengah"
2023-10-17,PHP17,MGR02,19250,liter,BD-PIHPS,,,,,"PIHPS Provinsi Bengkulu (rata-rata pasar tradisional), bukan harga Bengkulu Tengah"
2023-10-17,PHP17,MGR03,17200,liter,BD-PIHPS,,,,,"PIHPS Provinsi Bengkulu (rata-rata pasar tradisional), bukan harga Bengkulu Tengah"
2023-10-17,PHP17,TLR01,26150,kg,BD-PIHPS,,,,,"PIHPS Provinsi Bengkulu (rata-rata pasar tradisional), bukan harga Bengkulu Tengah"
2023-10-18,PHP17,BRS01,13350,kg,BD-PIHPS,,,,,"PIHPS Provinsi Bengkulu (rata-rata pasar tradisional), bukan harga Bengkulu Tengah"
2023-10-18,PHP17,BRS02,14150,kg,BD-PIHPS,,,,,"PIHPS Provinsi Bengkulu (rata-rata pasar tradisional), bukan harga Bengkulu Tengah"
2023-10-18,PHP17,BRS03,14200,kg,BD-PIHPS,,,,,"PIHPS Provinsi Bengkulu (rata-rata pasar tradisional), bukan harga Bengkulu Tengah"
2023-10-18,PHP17,BRS04,14750,kg,BD-PIHPS,,,,,"PIHPS Provinsi Bengkulu (rata-rata pasar tradisional), bukan harga Bengkulu Tengah"
2023-10-18,PHP17,BRS05,15050,kg,BD-PIHPS,,,,,"PIHPS Provinsi Bengkulu (rata-rata pasar tradisional), bukan harga Bengkulu Tengah"
2023-10-18,PHP17,BRS06,15100,kg,BD-PIHPS,,,,,"PIHPS Provinsi Bengkulu (rata-rata pasar tradisional), bukan harga Bengkulu Tengah"
2023-10-18,PHP17,BWM01,24250,kg,BD-PIHPS,,,,,"PIHPS Provinsi Bengkulu (rata-rata pasar tradisional), bukan harga Bengkulu Tengah"
2023-10-18,PHP17,BWP01,35900,kg,BD-PIHPS,,,,,"PIHPS Provinsi Bengkulu (rata-rata pasar tradisional), bukan harga Bengkulu Tengah"
2023-10-18,PHP17,CMR01,32250,kg,BD-PIHPS,,,,,"PIHPS Provinsi Bengkulu (rata-rata pasar tradisional), bukan harga Bengkulu Tengah"
2023-10-18,PHP17,CMR02,35500,kg,BD-PIHPS,,,,,"PIHPS Provinsi Bengkulu (rata-rata pasar tradisional), bukan harga Bengkulu Tengah"
2023-10-18,PHP17,CRW01,32000,kg,BD-PIHPS,,,,,"PIHPS Provinsi Bengkulu (rata-rata pasar tradisional), bukan harga Bengkulu Tengah"
2023-10-18,PHP17,CRW02,33050,kg,BD-PIHPS,,,,,"PIHPS Provinsi Bengkulu (rata-rata pasar tradisional), bukan harga Bengkulu Tengah"
2023-10-18,PHP17,DAY01,29150,kg,BD-PIHPS,,,,,"PIHPS Provinsi Bengkulu (rata-rata pasar tradisional), bukan harga Bengkulu Tengah"
2023-10-18,PHP17,DSP01,136250,kg,BD-PIHPS,,,,,"PIHPS Provinsi Bengkulu (rata-rata pasar tradisional), bukan harga Bengkulu Tengah"
2023-10-18,PHP17,DSP02,135000,kg,BD-PIHPS,,,,,"PIHPS Provinsi Bengkulu (rata-rata pasar tradisional), bukan harga Bengkulu Tengah"
2023-10-18,PHP17,GLP01,15300,kg,BD-PIHPS,,,,,"PIHPS Provinsi Bengkulu (rata-rata pasar tradisional), bukan harga Bengkulu Tengah"
2023-10-18,PHP17,GLP02,16300,kg,BD-PIHPS,,,,,"PIHPS Provinsi Bengkulu (rata-rata pasar tradisional), bukan harga Bengkulu Tengah"
2023-10-18,PHP17,MGR01,15000,liter,BD-PIHPS,,,,,"PIHPS Provinsi Bengkulu (rata-rata pasar tradisional), bukan harga Bengkulu Tengah"
2023-10-18,PHP17,MGR02,19250,liter,BD-PIHPS,,,,,"PIHPS Provinsi Bengkulu (rata-rata pasar tradisional), bukan harga Bengkulu Tengah"
2023-10-18,PHP17,MGR03,17200,liter,BD-PIHPS,,,,,"PIHPS Provinsi Bengkulu (rata-rata pasar tradisional), bukan harga Bengkulu Tengah"
2023-10-18,PHP17,TLR01,26150,kg,BD-PIHPS,,,,,"PIHPS Provinsi Bengkulu (rata-rata pasar tradisional), bukan harga Bengkulu Tengah"
2023-10-19,PHP17,BRS01,13350,kg,BD-PIHPS,,,,,"PIHPS Provinsi Bengkulu (rata-rata pasar tradisional), bukan harga Bengkulu Tengah"
2023-10-19,PHP17,BRS02,14150,kg,BD-PIHPS,,,,,"PIHPS Provinsi Bengkulu (rata-rata pasar tradisional), bukan harga Bengkulu Tengah"
2023-10-19,PHP17,BRS03,14200,kg,BD-PIHPS,,,,,"PIHPS Provinsi Bengkulu (rata-rata pasar tradisional), bukan harga Bengkulu Tengah"
2023-10-19,PHP17,BRS04,14750,kg,BD-PIHPS,,,,,"PIHPS Provinsi Bengkulu (rata-rata pasar tradisional), bukan harga Bengkulu Tengah"
2023-10-19,PHP17,BRS05,15050,kg,BD-PIHPS,,,,,"PIHPS Provinsi Bengkulu (rata-rata pasar tradisional), bukan harga Bengkulu Tengah"
2023-10-19,PHP17,BRS06,15100,kg,BD-PIHPS,,,,,"PIHPS Provinsi Bengkulu (rata-rata pasar tradisional), bukan harga Bengkulu Tengah"
2023-10-19,PHP17,BWM01,24750,kg,BD-PIHPS,,,,,"PIHPS Provinsi Bengkulu (rata-rata pasar tradisional), bukan harga Bengkulu Tengah"
2023-10-19,PHP17,BWP01,35900,kg,BD-PIHPS,,,,,"PIHPS Provinsi Bengkulu (rata-rata pasar tradisional), bukan harga Bengkulu Tengah"
2023-10-19,PHP17,CMR01,30750,kg,BD-PIHPS,,,,,"PIHPS Provinsi Bengkulu (rata-rata pasar tradisional), bukan harga Bengkulu Tengah"
2023-10-19,PHP17,CMR02,34500,kg,BD-PIHPS,,,,,"PIHPS Provinsi Bengkulu (rata-rata pasar tradisional), bukan harga Bengkulu Tengah"
2023-10-19,PHP17,CRW01,30400,kg,BD-PIHPS,,,,,"PIHPS Provinsi Bengkulu (rata-rata pasar tradisional), bukan harga Bengkulu Tengah"
2023-10-19,PHP17,CRW02,32050,kg,BD-PIHPS,,,,,"PIHPS Provinsi Bengkulu (rata-rata pasar tradisional), bukan harga Bengkulu Tengah"
2023-10-19,PHP17,DAY01,29150,kg,BD-PIHPS,,,,,"PIHPS Provinsi Bengkulu (rata-rata pasar tradisional), bukan harga Bengkulu Tengah"
2023-10-19,PHP17,DSP01,136250,kg,BD-PIHPS,,,,,"PIHPS Provinsi Bengkulu (rata-rata pasar tradisional), bukan harga Bengkulu Tengah"
2023-10-19,PHP17,DSP02,135000,kg,BD-PIHPS,,,,,"PIHPS Provinsi Bengkulu (rata-rata pasar tradisional), bukan harga Bengkulu Tengah"
2023-10-19,PHP17,GLP01,15300,kg,BD-PIHPS,,,,,"PIHPS Provinsi Bengkulu (rata-rata pasar tradisional), bukan harga Bengkulu Tengah"
2023-10-19,PHP17,GLP02,16300,kg,BD-PIHPS,,,,,"PIHPS Provinsi Bengkulu (rata-rata pasar tradisional), bukan harga Bengkulu Tengah"
2023-10-19,PHP17,MGR01,15000,liter,BD-PIHPS,,,,,"PIHPS Provinsi Bengkulu (rata-rata pasar tradisional), bukan harga Bengkulu Tengah"
2023-10-19,PHP17,MGR02,19250,liter,BD-PIHPS,,,,,"PIHPS Provinsi Bengkulu (rata-rata pasar tradisional), bukan harga Bengkulu Tengah"
2023-10-19,PHP17,MGR03,17200,liter,BD-PIHPS,,,,,"PIHPS Provinsi Bengkulu (rata-rata pasar tradisional), bukan harga Bengkulu Tengah"
2023-10-19,PHP17,TLR01,26150,kg,BD-PIHPS,,,,,"PIHPS Provinsi Bengkulu (rata-rata pasar tradisional), bukan harga Bengkulu Tengah"
2023-10-20,PHP17,BRS01,13350,kg,BD-PIHPS,,,,,"PIHPS Provinsi Bengkulu (rata-rata pasar tradisional), bukan harga Bengkulu Tengah"
2023-10-20,PHP17,BRS02,14150,kg,BD-PIHPS,,,,,"PIHPS Provinsi Bengkulu (rata-rata pasar tradisional), bukan harga Bengkulu Tengah"
2023-10-20,PHP17,BRS03,14200,kg,BD-PIHPS,,,,,"PIHPS Provinsi Bengkulu (rata-rata pasar tradisional), bukan harga Bengkulu Tengah"
2023-10-20,PHP17,BRS04,14750,kg,BD-PIHPS,,,,,"PIHPS Provinsi Bengkulu (rata-rata pasar tradisional), bukan harga Bengkulu Tengah"
2023-10-20,PHP17,BRS05,15050,kg,BD-PIHPS,,,,,"PIHPS Provinsi Bengkulu (rata-rata pasar tradisional), bukan harga Bengkulu Tengah"
2023-10-20,PHP17,BRS06,15100,kg,BD-PIHPS,,,,,"PIHPS Provinsi Bengkulu (rata-rata pasar tradisional), bukan harga Bengkulu Tengah"
2023-10-20,PHP17,BWM01,25500,kg,BD-PIHPS,,,,,"PIHPS Provinsi Bengkulu (rata-rata pasar tradisional), bukan harga Bengkulu Tengah"
2023-10-20,PHP17,BWP01,36000,kg,BD-PIHPS,,,,,"PIHPS Provinsi Bengkulu (rata-rata pasar tradisional), bukan harga Bengkulu Tengah"
2023-10-20,PHP17,CMR01,31650,kg,BD-PIHPS,,,,,"PIHPS Provinsi Bengkulu (rata-rata pasar tradisional), bukan harga Bengkulu Tengah"
2023-10-20,PHP17,CMR02,36650,kg,BD-PIHPS,,,,,"PIHPS Provinsi Bengkulu (rata-rata pasar tradisional), bukan harga Bengkulu Tengah"
2023-10-20,PHP17,CRW01,30750,kg,BD-PIHPS,,,,,"PIHPS Provinsi Bengkulu (rata-rata pasar tradisional), bukan harga Bengkulu Tengah"
2023-10-20,PHP17,CRW02,32100,kg,BD-PIHPS,,,,,"PIHPS Provinsi Bengkulu (rata-rata pasar tradisional), bukan harga Bengkulu Tengah"
2023-10-20,PHP17,DAY01,29650,kg,BD-PIHPS,,,,,"PIHPS Provinsi Bengkulu (rata-rata pasar tradisional), bukan harga Bengkulu Tengah"
2023-10-20,PHP17,DSP01,136250,kg,BD-PIHPS,,,,,"PIHPS Provinsi Bengkulu (rata-rata pasar tradisional), bukan harga Bengkulu Tengah"
2023-10-20,PHP17,DSP02,135000,kg,BD-PIHPS,,,,,"PIHPS Provinsi Bengkulu (rata-rata pasar tradisional), bukan harga Bengkulu Tengah"
2023-10-20,PHP17,GLP01,15300,kg,BD-PIHPS,,,,,"PIHPS Provinsi Bengkulu (rata-rata pasar tradisional), bukan harga Bengkulu Tengah"
2023-10-20,PHP17,GLP02,16300,kg,BD-PIHPS,,,,,"PIHPS Provinsi Bengkulu (rata-rata pasar tradisional), bukan harga Bengkulu Tengah"
2023-10-20,PHP17,MGR01,15000,liter,BD-PIHPS,,,,,"PIHPS Provinsi Bengkulu (rata-rata pasar tradisional), bukan harga Bengkulu Tengah"
2023-10-20,PHP17,MGR02,19250,liter,BD-PIHPS,,,,,"PIHPS Provinsi Bengkulu (rata-rata pasar tradisional), bukan harga Bengkulu Tengah"
2023-10-20,PHP17,MGR03,17200,liter,BD-PIHPS,,,,,"PIHPS Provinsi Bengkulu (rata-rata pasar tradisional), bukan harga Bengkulu Tengah"
2023-10-20,PHP17,TLR01,26150,kg,BD-PIHPS,,,,,"PIHPS Provinsi Bengkulu (rata-rata pasar tradisional), bukan harga Bengkulu Tengah"
2023-10-23,PHP17,BRS01,13350,kg,BD-PIHPS,,,,,"PIHPS Provinsi Bengkulu (rata-rata pasar tradisional), bukan harga Bengkulu Tengah"
2023-10-23,PHP17,BRS02,14200,kg,BD-PIHPS,,,,,"PIHPS Provinsi Bengkulu (rata-rata pasar tradisional), bukan harga Bengkulu Tengah"
2023-10-23,PHP17,BRS03,14200,kg,BD-PIHPS,,,,,"PIHPS Provinsi Bengkulu (rata-rata pasar tradisional), bukan harga Bengkulu Tengah"
2023-10-23,PHP17,BRS04,14800,kg,BD-PIHPS,,,,,"PIHPS Provinsi Bengkulu (rata-rata pasar tradisional), bukan harga Bengkulu Tengah"
2023-10-23,PHP17,BRS05,15050,kg,BD-PIHPS,,,,,"PIHPS Provinsi Bengkulu (rata-rata pasar tradisional), bukan harga Bengkulu Tengah"
2023-10-23,PHP17,BRS06,15100,kg,BD-PIHPS,,,,,"PIHPS Provinsi Bengkulu (rata-rata pasar tradisional), bukan harga Bengkulu Tengah"
2023-10-23,PHP17,BWM01,24400,kg,BD-PIHPS,,,,,"PIHPS Provinsi Bengkulu (rata-rata pasar tradisional), bukan harga Bengkulu Tengah"
2023-10-23,PHP17,BWP01,35900,kg,BD-PIHPS,,,,,"PIHPS Provinsi Bengkulu (rata-rata pasar tradisional), bukan harga Bengkulu Tengah"
2023-10-23,PHP17,CMR01,30900,kg,BD-PIHPS,,,,,"PIHPS Provinsi Bengkulu (rata-rata pasar tradisional), bukan harga Bengkulu Tengah"
2023-10-23,PHP17,CMR02,36250,kg,BD-PIHPS,,,,,"PIHPS Provinsi Bengkulu (rata-rata pasar tradisional), bukan harga Bengkulu Tengah"
2023-10-23,PHP17,CRW01,32250,kg,BD-PIHPS,,,,,"PIHPS Provinsi Bengkulu (rata-rata pasar tradisional), bukan harga Bengkulu Tengah"
2023-10-23,PHP17,CRW02,33350,kg,BD-PIHPS,,,,,"PIHPS Provinsi Bengkulu (rata-rata pasar tradisional), bukan harga Bengkulu Tengah"
2023-10-23,PHP17,DAY01,29650,kg,BD-PIHPS,,,,,"PIHPS Provinsi Bengkulu (rata-rata pasar tradisional), bukan harga Bengkulu Tengah"
2023-10-23,PHP17,DSP01,136250,kg,BD-PIHPS,,,,,"PIHPS Provinsi Bengkulu (rata-rata pasar tradisional), bukan harga Bengkulu Tengah"
2023-10-23,PHP17,DSP02,135000,kg,BD-PIHPS,,,,,"PIHPS Provinsi Bengkulu (rata-rata pasar tradisional), bukan harga Bengkulu Tengah"
2023-10-23,PHP17,GLP01,15300,kg,BD-PIHPS,,,,,"PIHPS Provinsi Bengkulu (rata-rata pasar tradisional), bukan harga Bengkulu Tengah"
2023-10-23,PHP17,GLP02,16300,kg,BD-PIHPS,,,,,"PIHPS Provinsi Bengkulu (rata-rata pasar tradisional), bukan harga Bengkulu Tengah"
2023-10-23,PHP17,MGR01,15000,liter,BD-PIHPS,,,,,"PIHPS Provinsi Bengkulu (rata-rata pasar tradisional), bukan harga Bengkulu Tengah"
2023-10-23,PHP17,MGR02,19250,liter,BD-PIHPS,,,,,"PIHPS Provinsi Bengkulu (rata-rata pasar tradisional), bukan harga Bengkulu Tengah"
2023-10-23,PHP17,MGR03,17200,liter,BD-PIHPS,,,,,"PIHPS Provinsi Bengkulu (rata-rata pasar tradisional), bukan harga Bengkulu Tengah"
2023-10-23,PHP17,TLR01,26150,kg,BD-PIHPS,,,,,"PIHPS Provinsi Bengkulu (rata-rata pasar tradisional), bukan harga Bengkulu Tengah"
2023-10-24,PHP17,BRS01,13350,kg,BD-PIHPS,,,,,"PIHPS Provinsi Bengkulu (rata-rata pasar tradisional), bukan harga Bengkulu Tengah"
2023-10-24,PHP17,BRS02,14200,kg,BD-PIHPS,,,,,"PIHPS Provinsi Bengkulu (rata-rata pasar tradisional), bukan harga Bengkulu Tengah"
2023-10-24,PHP17,BRS03,14200,kg,BD-PIHPS,,,,,"PIHPS Provinsi Bengkulu (rata-rata pasar tradisional), bukan harga Bengkulu Tengah"
2023-10-24,PHP17,BRS04,14800,kg,BD-PIHPS,,,,,"PIHPS Provinsi Bengkulu (rata-rata pasar tradisional), bukan harga Bengkulu Tengah"
2023-10-24,PHP17,BRS05,15050,kg,BD-PIHPS,,,,,"PIHPS Provinsi Bengkulu (rata-rata pasar tradisional), bukan harga Bengkulu Tengah"
2023-10-24,PHP17,BRS06,15100,kg,BD-PIHPS,,,,,"PIHPS Provinsi Bengkulu (rata-rata pasar tradisional), bukan harga Bengkulu Tengah"
2023-10-24,PHP17,BWM01,23500,kg,BD-PIHPS,,,,,"PIHPS Provinsi Bengkulu (rata-rata pasar tradisional), bukan harga Bengkulu Tengah"
2023-10-24,PHP17,BWP01,35750,kg,BD-PIHPS,,,,,"PIHPS Provinsi Bengkulu (rata-rata pasar tradisional), bukan harga Bengkulu Tengah"
2023-10-24,PHP17,CMR01,29500,kg,BD-PIHPS,,,,,"PIHPS Provinsi Bengkulu (rata-rata pasar tradisional), bukan harga Bengkulu Tengah"
2023-10-24,PHP17,CMR02,35750,kg,BD-PIHPS,,,,,"PIHPS Provinsi Bengkulu (rata-rata pasar tradisional), bukan harga Bengkulu Tengah"
2023-10-24,PHP17,CRW01,32750,kg,BD-PIHPS,,,,,"PIHPS Provinsi Bengkulu (rata-rata pasar tradisional), bukan harga Bengkulu Tengah"
2023-10-24,PHP17,CRW02,34400,kg,BD-PIHPS,,,,,"PIHPS Provinsi Bengkulu (rata-rata pasar tradisional), bukan harga Bengkulu Tengah"
2023-10-24,PHP17,DAY01,29650,kg,BD-PIHPS,,,,,"PIHPS Provinsi Bengkulu (rata-rata pasar tradisional), bukan harga Bengkulu Tengah"
2023-10-24,PHP17,DSP01,136250,kg,BD-PIHPS,,,,,"PIHPS Provinsi Bengkulu (rata-rata pasar tradisional), bukan harga Bengkulu Tengah"
2023-10-24,PHP17,DSP02,135000,kg,BD-PIHPS,,,,,"PIHPS Provinsi Bengkulu (rata-rata pasar tradisional), bukan harga Bengkulu Tengah"
2023-10-24,PHP17,GLP01,15300,kg,BD-PIHPS,,,,,"PIHPS Provinsi Bengkulu (rata-rata pasar tradisional), bukan harga Bengkulu Tengah"
2023-10-24,PHP17,GLP02,16250,kg,BD-PIHPS,,,,,"PIHPS Provinsi Bengkulu (rata-rata pasar tradisional), bukan harga Bengkulu Tengah"
2023-10-24,PHP17,MGR01,15000,liter,BD-PIHPS,,,,,"PIHPS Provinsi Bengkulu (rata-rata pasar tradisional), bukan harga Bengkulu Tengah"
2023-10-24,PHP17,MGR02,19250,liter,BD-PIHPS,,,,,"PIHPS Provinsi Bengkulu (rata-rata pasar tradisional), bukan harga Bengkulu Tengah"
2023-10-24,PHP17,MGR03,17200,liter,BD-PIHPS,,,,,"PIHPS Provinsi Bengkulu (rata-rata pasar tradisional), bukan harga Bengkulu Tengah"
2023-10-24,PHP17,TLR01,26050,kg,BD-PIHPS,,,,,"PIHPS Provinsi Bengkulu (rata-rata pasar tradisional), bukan harga Bengkulu Tengah"
2023-10-25,PHP17,BRS01,13350,kg,BD-PIHPS,,,,,"PIHPS Provinsi Bengkulu (rata-rata pasar tradisional), bukan harga Bengkulu Tengah"
2023-10-25,PHP17,BRS02,14200,kg,BD-PIHPS,,,,,"PIHPS Provinsi Bengkulu (rata-rata pasar tradisional), bukan harga Bengkulu Tengah"
2023-10-25,PHP17,BRS03,14200,kg,BD-PIHPS,,,,,"PIHPS Provinsi Bengkulu (rata-rata pasar tradisional), bukan harga Bengkulu Tengah"
2023-10-25,PHP17,BRS04,14800,kg,BD-PIHPS,,,,,"PIHPS Provinsi Bengkulu (rata-rata pasar tradisional), bukan harga Bengkulu Tengah"
2023-10-25,PHP17,BRS05,15050,kg,BD-PIHPS,,,,,"PIHPS Provinsi Bengkulu (rata-rata pasar tradisional), bukan harga Bengkulu Tengah"
2023-10-25,PHP17,BRS06,15100,kg,BD-PIHPS,,,,,"PIHPS Provinsi Bengkulu (rata-rata pasar tradisional), bukan harga Bengkulu Tengah"
2023-10-25,PHP17,BWM01,23500,kg,BD-PIHPS,,,,,"PIHPS Provinsi Bengkulu (rata-rata pasar tradisional), bukan harga Bengkulu Tengah"
2023-10-25,PHP17,BWP01,35750,kg,BD-PIHPS,,,,,"PIHPS Provinsi Bengkulu (rata-rata pasar tradisional), bukan harga Bengkulu Tengah"
2023-10-25,PHP17,CMR01,31900,kg,BD-PIHPS,,,,,"PIHPS Provinsi Bengkulu (rata-rata pasar tradisional), bukan harga Bengkulu Tengah"
2023-10-25,PHP17,CMR02,34800,kg,BD-PIHPS,,,,,"PIHPS Provinsi Bengkulu (rata-rata pasar tradisional), bukan harga Bengkulu Tengah"
2023-10-25,PHP17,CRW01,34150,kg,BD-PIHPS,,,,,"PIHPS Provinsi Bengkulu (rata-rata pasar tradisional), bukan harga Bengkulu Tengah"
2023-10-25,PHP17,CRW02,28000,kg,BD-PIHPS,,,,,"PIHPS Provinsi Bengkulu (rata-rata pasar tradisional), bukan harga Bengkulu Tengah"
2023-10-25,PHP17,DAY01,29650,kg,BD-PIHPS,,,,,"PIHPS Provinsi Bengkulu (rata-rata pasar tradisional), bukan harga Bengkulu Tengah"
2023-10-25,PHP17,DSP01,136250,kg,BD-PIHPS,,,,,"PIHPS Provinsi Bengkulu (rata-rata pasar tradisional), bukan harga Bengkulu Tengah"
2023-10-25,PHP17,DSP02,135000,kg,BD-PIHPS,,,,,"PIHPS Provinsi Bengkulu (rata-rata pasar tradisional), bukan harga Bengkulu Tengah"
2023-10-25,PHP17,GLP01,15300,kg,BD-PIHPS,,,,,"PIHPS Provinsi Bengkulu (rata-rata pasar tradisional), bukan harga Bengkulu Tengah"
2023-10-25,PHP17,GLP02,16250,kg,BD-PIHPS,,,,,"PIHPS Provinsi Bengkulu (rata-rata pasar tradisional), bukan harga Bengkulu Tengah"
2023-10-25,PHP17,MGR01,15000,liter,BD-PIHPS,,,,,"PIHPS Provinsi Bengkulu (rata-rata pasar tradisional), bukan harga Bengkulu Tengah"
2023-10-25,PHP17,MGR02,19250,liter,BD-PIHPS,,,,,"PIHPS Provinsi Bengkulu (rata-rata pasar tradisional), bukan harga Bengkulu Tengah"
2023-10-25,PHP17,MGR03,17200,liter,BD-PIHPS,,,,,"PIHPS Provinsi Bengkulu (rata-rata pasar tradisional), bukan harga Bengkulu Tengah"
2023-10-25,PHP17,TLR01,26050,kg,BD-PIHPS,,,,,"PIHPS Provinsi Bengkulu (rata-rata pasar tradisional), bukan harga Bengkulu Tengah"
2023-10-26,PHP17,BRS01,13350,kg,BD-PIHPS,,,,,"PIHPS Provinsi Bengkulu (rata-rata pasar tradisional), bukan harga Bengkulu Tengah"
2023-10-26,PHP17,BRS02,14200,kg,BD-PIHPS,,,,,"PIHPS Provinsi Bengkulu (rata-rata pasar tradisional), bukan harga Bengkulu Tengah"
2023-10-26,PHP17,BRS03,14200,kg,BD-PIHPS,,,,,"PIHPS Provinsi Bengkulu (rata-rata pasar tradisional), bukan harga Bengkulu Tengah"
2023-10-26,PHP17,BRS04,14800,kg,BD-PIHPS,,,,,"PIHPS Provinsi Bengkulu (rata-rata pasar tradisional), bukan harga Bengkulu Tengah"
2023-10-26,PHP17,BRS05,15050,kg,BD-PIHPS,,,,,"PIHPS Provinsi Bengkulu (rata-rata pasar tradisional), bukan harga Bengkulu Tengah"
2023-10-26,PHP17,BRS06,15100,kg,BD-PIHPS,,,,,"PIHPS Provinsi Bengkulu (rata-rata pasar tradisional), bukan harga Bengkulu Tengah"
2023-10-26,PHP17,BWM01,23500,kg,BD-PIHPS,,,,,"PIHPS Provinsi Bengkulu (rata-rata pasar tradisional), bukan harga Bengkulu Tengah"
2023-10-26,PHP17,BWP01,35750,kg,BD-PIHPS,,,,,"PIHPS Provinsi Bengkulu (rata-rata pasar tradisional), bukan harga Bengkulu Tengah"
2023-10-26,PHP17,CMR01,33250,kg,BD-PIHPS,,,,,"PIHPS Provinsi Bengkulu (rata-rata pasar tradisional), bukan harga Bengkulu Tengah"
2023-10-26,PHP17,CMR02,38750,kg,BD-PIHPS,,,,,"PIHPS Provinsi Bengkulu (rata-rata pasar tradisional), bukan harga Bengkulu Tengah"
2023-10-26,PHP17,CRW01,34650,kg,BD-PIHPS,,,,,"PIHPS Provinsi Bengkulu (rata-rata pasar tradisional), bukan harga Bengkulu Tengah"
2023-10-26,PHP17,CRW02,35450,kg,BD-PIHPS,,,,,"PIHPS Provinsi Bengkulu (rata-rata pasar tradisional), bukan harga Bengkulu Tengah"
2023-10-26,PHP17,DAY01,29650,kg,BD-PIHPS,,,,,"PIHPS Provinsi Bengkulu (rata-rata pasar tradisional), bukan harga Bengkulu Tengah"
2023-10-26,PHP17,DSP01,136250,kg,BD-PIHPS,,,,,"PIHPS Provinsi Bengkulu (rata-rata pasar tradisional), bukan harga Bengkulu Tengah"
2023-10-26,PHP17,DSP02,135000,kg,BD-PIHPS,,,,,"PIHPS Provinsi Bengkulu (rata-rata pasar tradisional), bukan harga Bengkulu Tengah"
2023-10-26,PHP17,GLP01,15300,kg,BD-PIHPS,,,,,"PIHPS Provinsi Bengkulu (rata-rata pasar tradisional), bukan harga Bengkulu Tengah"
2023-10-26,PHP17,GLP02,16250,kg,BD-PIHPS,,,,,"PIHPS Provinsi Bengkulu (rata-rata pasar tradisional), bukan harga Bengkulu Tengah"
2023-10-26,PHP17,MGR01,15000,liter,BD-PIHPS,,,,,"PIHPS Provinsi Bengkulu (rata-rata pasar tradisional), bukan harga Bengkulu Tengah"
2023-10-26,PHP17,MGR02,19250,liter,BD-PIHPS,,,,,"PIHPS Provinsi Bengkulu (rata-rata pasar tradisional), bukan harga Bengkulu Tengah"
2023-10-26,PHP17,MGR03,17200,liter,BD-PIHPS,,,,,"PIHPS Provinsi Bengkulu (rata-rata pasar tradisional), bukan harga Bengkulu Tengah"
2023-10-26,PHP17,TLR01,26050,kg,BD-PIHPS,,,,,"PIHPS Provinsi Bengkulu (rata-rata pasar tradisional), bukan harga Bengkulu Tengah"
2023-10-27,PHP17,BRS01,13350,kg,BD-PIHPS,,,,,"PIHPS Provinsi Bengkulu (rata-rata pasar tradisional), bukan harga Bengkulu Tengah"
2023-10-27,PHP17,BRS02,14200,kg,BD-PIHPS,,,,,"PIHPS Provinsi Bengkulu (rata-rata pasar tradisional), bukan harga Bengkulu Tengah"
2023-10-27,PHP17,BRS03,14200,kg,BD-PIHPS,,,,,"PIHPS Provinsi Bengkulu (rata-rata pasar tradisional), bukan harga Bengkulu Tengah"
2023-10-27,PHP17,BRS04,14800,kg,BD-PIHPS,,,,,"PIHPS Provinsi Bengkulu (rata-rata pasar tradisional), bukan harga Bengkulu Tengah"
2023-10-27,PHP17,BRS05,15050,kg,BD-PIHPS,,,,,"PIHPS Provinsi Bengkulu (rata-rata pasar tradisional), bukan harga Bengkulu Tengah"
2023-10-27,PHP17,BRS06,15100,kg,BD-PIHPS,,,,,"PIHPS Provinsi Bengkulu (rata-rata pasar tradisional), bukan harga Bengkulu Tengah"
2023-10-27,PHP17,BWM01,22400,kg,BD-PIHPS,,,,,"PIHPS Provinsi Bengkulu (rata-rata pasar tradisional), bukan harga Bengkulu Tengah"
2023-10-27,PHP17,BWP01,35400,kg,BD-PIHPS,,,,,"PIHPS Provinsi Bengkulu (rata-rata pasar tradisional), bukan harga Bengkulu Tengah"
2023-10-27,PHP17,CMR01,38650,kg,BD-PIHPS,,,,,"PIHPS Provinsi Bengkulu (rata-rata pasar tradisional), bukan harga Bengkulu Tengah"
2023-10-27,PHP17,CMR02,43750,kg,BD-PIHPS,,,,,"PIHPS Provinsi Bengkulu (rata-rata pasar tradisional), bukan harga Bengkulu Tengah"
2023-10-27,PHP17,CRW01,36150,kg,BD-PIHPS,,,,,"PIHPS Provinsi Bengkulu (rata-rata pasar tradisional), bukan harga Bengkulu Tengah"
2023-10-27,PHP17,CRW02,37450,kg,BD-PIHPS,,,,,"PIHPS Provinsi Bengkulu (rata-rata pasar tradisional), bukan harga Bengkulu Tengah"
2023-10-27,PHP17,DAY01,29650,kg,BD-PIHPS,,,,,"PIHPS Provinsi Bengkulu (rata-rata pasar tradisional), bukan harga Bengkulu Tengah"
2023-10-27,PHP17,DSP01,136250,kg,BD-PIHPS,,,,,"PIHPS Provinsi Bengkulu (rata-rata pasar tradisional), bukan harga Bengkulu Tengah"
2023-10-27,PHP17,DSP02,135000,kg,BD-PIHPS,,,,,"PIHPS Provinsi Bengkulu (rata-rata pasar tradisional), bukan harga Bengkulu Tengah"
2023-10-27,PHP17,GLP01,15300,kg,BD-PIHPS,,,,,"PIHPS Provinsi Bengkulu (rata-rata pasar tradisional), bukan harga Bengkulu Tengah"
2023-10-27,PHP17,GLP02,16250,kg,BD-PIHPS,,,,,"PIHPS Provinsi Bengkulu (rata-rata pasar tradisional), bukan harga Bengkulu Tengah"
2023-10-27,PHP17,MGR01,15000,liter,BD-PIHPS,,,,,"PIHPS Provinsi Bengkulu (rata-rata pasar tradisional), bukan harga Bengkulu Tengah"
2023-10-27,PHP17,MGR02,19250,liter,BD-PIHPS,,,,,"PIHPS Provinsi Bengkulu (rata-rata pasar tradisional), bukan harga Bengkulu Tengah"
2023-10-27,PHP17,MGR03,17200,liter,BD-PIHPS,,,,,"PIHPS Provinsi Bengkulu (rata-rata pasar tradisional), bukan harga Bengkulu Tengah"
2023-10-27,PHP17,TLR01,26050,kg,BD-PIHPS,,,,,"PIHPS Provinsi Bengkulu (rata-rata pasar tradisional), bukan harga Bengkulu Tengah"
2023-10-30,PHP17,BRS01,13350,kg,BD-PIHPS,,,,,"PIHPS Provinsi Bengkulu (rata-rata pasar tradisional), bukan harga Bengkulu Tengah"
2023-10-30,PHP17,BRS02,14200,kg,BD-PIHPS,,,,,"PIHPS Provinsi Bengkulu (rata-rata pasar tradisional), bukan harga Bengkulu Tengah"
2023-10-30,PHP17,BRS03,14200,kg,BD-PIHPS,,,,,"PIHPS Provinsi Bengkulu (rata-rata pasar tradisional), bukan harga Bengkulu Tengah"
2023-10-30,PHP17,BRS04,14800,kg,BD-PIHPS,,,,,"PIHPS Provinsi Bengkulu (rata-rata pasar tradisional), bukan harga Bengkulu Tengah"
2023-10-30,PHP17,BRS05,15050,kg,BD-PIHPS,,,,,"PIHPS Provinsi Bengkulu (rata-rata pasar tradisional), bukan harga Bengkulu Tengah"
2023-10-30,PHP17,BRS06,15100,kg,BD-PIHPS,,,,,"PIHPS Provinsi Bengkulu (rata-rata pasar tradisional), bukan harga Bengkulu Tengah"
2023-10-30,PHP17,BWM01,22000,kg,BD-PIHPS,,,,,"PIHPS Provinsi Bengkulu (rata-rata pasar tradisional), bukan harga Bengkulu Tengah"
2023-10-30,PHP17,BWP01,35400,kg,BD-PIHPS,,,,,"PIHPS Provinsi Bengkulu (rata-rata pasar tradisional), bukan harga Bengkulu Tengah"
2023-10-30,PHP17,CMR01,54900,kg,BD-PIHPS,,,,,"PIHPS Provinsi Bengkulu (rata-rata pasar tradisional), bukan harga Bengkulu Tengah"
2023-10-30,PHP17,CMR02,61650,kg,BD-PIHPS,,,,,"PIHPS Provinsi Bengkulu (rata-rata pasar tradisional), bukan harga Bengkulu Tengah"
2023-10-30,PHP17,CRW01,42500,kg,BD-PIHPS,,,,,"PIHPS Provinsi Bengkulu (rata-rata pasar tradisional), bukan harga Bengkulu Tengah"
2023-10-30,PHP17,CRW02,45000,kg,BD-PIHPS,,,,,"PIHPS Provinsi Bengkulu (rata-rata pasar tradisional), bukan harga Bengkulu Tengah"
2023-10-30,PHP17,DAY01,28150,kg,BD-PIHPS,,,,,"PIHPS Provinsi Bengkulu (rata-rata pasar tradisional), bukan harga Bengkulu Tengah"
2023-10-30,PHP17,DSP01,136250,kg,BD-PIHPS,,,,,"PIHPS Provinsi Bengkulu (rata-rata pasar tradisional), bukan harga Bengkulu Tengah"
2023-10-30,PHP17,DSP02,135000,kg,BD-PIHPS,,,,,"PIHPS Provinsi Bengkulu (rata-rata pasar tradisional), bukan harga Bengkulu Tengah"
2023-10-30,PHP17,GLP01,15300,kg,BD-PIHPS,,,,,"PIHPS Provinsi Bengkulu (rata-rata pasar tradisional), bukan harga Bengkulu Tengah"
2023-10-30,PHP17,GLP02,16250,kg,BD-PIHPS,,,,,"PIHPS Provinsi Bengkulu (rata-rata pasar tradisional), bukan harga Bengkulu Tengah"
2023-10-30,PHP17,MGR01,15000,liter,BD-PIHPS,,,,,"PIHPS Provinsi Bengkulu (rata-rata pasar tradisional), bukan harga Bengkulu Tengah"
2023-10-30,PHP17,MGR02,19250,liter,BD-PIHPS,,,,,"PIHPS Provinsi Bengkulu (rata-rata pasar tradisional), bukan harga Bengkulu Tengah"
2023-10-30,PHP17,MGR03,17200,liter,BD-PIHPS,,,,,"PIHPS Provinsi Bengkulu (rata-rata pasar tradisional), bukan harga Bengkulu Tengah"
2023-10-30,PHP17,TLR01,26050,kg,BD-PIHPS,,,,,"PIHPS Provinsi Bengkulu (rata-rata pasar tradisional), bukan harga Bengkulu Tengah"
2023-10-31,PHP17,BRS01,13350,kg,BD-PIHPS,,,,,"PIHPS Provinsi Bengkulu (rata-rata pasar tradisional), bukan harga Bengkulu Tengah"
2023-10-31,PHP17,BRS02,14250,kg,BD-PIHPS,,,,,"PIHPS Provinsi Bengkulu (rata-rata pasar tradisional), bukan harga Bengkulu Tengah"
2023-10-31,PHP17,BRS03,14200,kg,BD-PIHPS,,,,,"PIHPS Provinsi Bengkulu (rata-rata pasar tradisional), bukan harga Bengkulu Tengah"
2023-10-31,PHP17,BRS04,14850,kg,BD-PIHPS,,,,,"PIHPS Provinsi Bengkulu (rata-rata pasar tradisional), bukan harga Bengkulu Tengah"
2023-10-31,PHP17,BRS05,15100,kg,BD-PIHPS,,,,,"PIHPS Provinsi Bengkulu (rata-rata pasar tradisional), bukan harga Bengkulu Tengah"
2023-10-31,PHP17,BRS06,15150,kg,BD-PIHPS,,,,,"PIHPS Provinsi Bengkulu (rata-rata pasar tradisional), bukan harga Bengkulu Tengah"
2023-10-31,PHP17,BWM01,22650,kg,BD-PIHPS,,,,,"PIHPS Provinsi Bengkulu (rata-rata pasar tradisional), bukan harga Bengkulu Tengah"
2023-10-31,PHP17,BWP01,35400,kg,BD-PIHPS,,,,,"PIHPS Provinsi Bengkulu (rata-rata pasar tradisional), bukan harga Bengkulu Tengah"
2023-10-31,PHP17,CMR01,59500,kg,BD-PIHPS,,,,,"PIHPS Provinsi Bengkulu (rata-rata pasar tradisional), bukan harga Bengkulu Tengah"
2023-10-31,PHP17,CMR02,65150,kg,BD-PIHPS,,,,,"PIHPS Provinsi Bengkulu (rata-rata pasar tradisional), bukan harga Bengkulu Tengah"
2023-10-31,PHP17,CRW01,45250,kg,BD-PIHPS,,,,,"PIHPS Provinsi Bengkulu (rata-rata pasar tradisional), bukan harga Bengkulu Tengah"
2023-10-31,PHP17,CRW02,47100,kg,BD-PIHPS,,,,,"PIHPS Provinsi Bengkulu (rata-rata pasar tradisional), bukan harga Bengkulu Tengah"
2023-10-31,PHP17,DAY01,28150,kg,BD-PIHPS,,,,,"PIHPS Provinsi Bengkulu (rata-rata pasar tradisional), bukan harga Bengkulu Tengah"
2023-10-31,PHP17,DSP01,136250,kg,BD-PIHPS,,,,,"PIHPS Provinsi Bengkulu (rata-rata pasar tradisional), bukan harga Bengkulu Tengah"
2023-10-31,PHP17,DSP02,135000,kg,BD-PIHPS,,,,,"PIHPS Provinsi Bengkulu (rata-rata pasar tradisional), bukan harga Bengkulu Tengah"
2023-10-31,PHP17,GLP01,15300,kg,BD-PIHPS,,,,,"PIHPS Provinsi Bengkulu (rata-rata pasar tradisional), bukan harga Bengkulu Tengah"
2023-10-31,PHP17,GLP02,16250,kg,BD-PIHPS,,,,,"PIHPS Provinsi Bengkulu (rata-rata pasar tradisional), bukan harga Bengkulu Tengah"
2023-10-31,PHP17,MGR01,15000,liter,BD-PIHPS,,,,,"PIHPS Provinsi Bengkulu (rata-rata pasar tradisional), bukan harga Bengkulu Tengah"
2023-10-31,PHP17,MGR02,19250,liter,BD-PIHPS,,,,,"PIHPS Provinsi Bengkulu (rata-rata pasar tradisional), bukan harga Bengkulu Tengah"
2023-10-31,PHP17,MGR03,17200,liter,BD-PIHPS,,,,,"PIHPS Provinsi Bengkulu (rata-rata pasar tradisional), bukan harga Bengkulu Tengah"
2023-10-31,PHP17,TLR01,26050,kg,BD-PIHPS,,,,,"PIHPS Provinsi Bengkulu (rata-rata pasar tradisional), bukan harga Bengkulu Tengah"
2023-11-01,PHP17,BRS01,13350,kg,BD-PIHPS,,,,,"PIHPS Provinsi Bengkulu (rata-rata pasar tradisional), bukan harga Bengkulu Tengah"
2023-11-01,PHP17,BRS02,14250,kg,BD-PIHPS,,,,,"PIHPS Provinsi Bengkulu (rata-rata pasar tradisional), bukan harga Bengkulu Tengah"
2023-11-01,PHP17,BRS03,14200,kg,BD-PIHPS,,,,,"PIHPS Provinsi Bengkulu (rata-rata pasar tradisional), bukan harga Bengkulu Tengah"
2023-11-01,PHP17,BRS04,14850,kg,BD-PIHPS,,,,,"PIHPS Provinsi Bengkulu (rata-rata pasar tradisional), bukan harga Bengkulu Tengah"
2023-11-01,PHP17,BRS05,15100,kg,BD-PIHPS,,,,,"PIHPS Provinsi Bengkulu (rata-rata pasar tradisional), bukan harga Bengkulu Tengah"
2023-11-01,PHP17,BRS06,15150,kg,BD-PIHPS,,,,,"PIHPS Provinsi Bengkulu (rata-rata pasar tradisional), bukan harga Bengkulu Tengah"
2023-11-01,PHP17,BWM01,22900,kg,BD-PIHPS,,,,,"PIHPS Provinsi Bengkulu (rata-rata pasar tradisional), bukan harga Bengkulu Tengah"
2023-11-01,PHP17,BWP01,35400,kg,BD-PIHPS,,,,,"PIHPS Provinsi Bengkulu (rata-rata pasar tradisional), bukan harga Bengkulu Tengah"
2023-11-01,PHP17,CMR01,58150,kg,BD-PIHPS,,,,,"PIHPS Provinsi Bengkulu (rata-rata pasar tradisional), bukan harga Bengkulu Tengah"
2023-11-01,PHP17,CMR02,63650,kg,BD-PIHPS,,,,,"PIHPS Provinsi Bengkulu (rata-rata pasar tradisional), bukan harga Bengkulu Tengah"
2023-11-01,PHP17,CRW01,45400,kg,BD-PIHPS,,,,,"PIHPS Provinsi Bengkulu (rata-rata pasar tradisional), bukan harga Bengkulu Tengah"
2023-11-01,PHP17,CRW02,48200,kg,BD-PIHPS,,,,,"PIHPS Provinsi Bengkulu (rata-rata pasar tradisional), bukan harga Bengkulu Tengah"
2023-11-01,PHP17,DAY01,28150,kg,BD-PIHPS,,,,,"PIHPS Provinsi Bengkulu (rata-rata pasar tradisional), bukan harga Bengkulu Tengah"
2023-11-01,PHP17,DSP01,136250,kg,BD-PIHPS,,,,,"PIHPS Provinsi Bengkulu (rata-rata pasar tradisional), bukan harga Bengkulu Tengah"
2023-11-01,PHP17,DSP02,135000,kg,BD-PIHPS,,,,,"PIHPS Provinsi Bengkulu (rata-rata pasar tradisional), bukan harga Bengkulu Tengah"
2023-11-01,PHP17,GLP01,15900,kg,BD-PIHPS,,,,,"PIHPS Provinsi Bengkulu (rata-rata pasar tradisional), bukan harga Bengkulu Tengah"
2023-11-01,PHP17,GLP02,16300,kg,BD-PIHPS,,,,,"PIHPS Provinsi Bengkulu (rata-rata pasar tradisional), bukan harga Bengkulu Tengah"
2023-11-01,PHP17,MGR01,15000,liter,BD-PIHPS,,,,,"PIHPS Provinsi Bengkulu (rata-rata pasar tradisional), bukan harga Bengkulu Tengah"
2023-11-01,PHP17,MGR02,19150,liter,BD-PIHPS,,,,,"PIHPS Provinsi Bengkulu (rata-rata pasar tradisional), bukan harga Bengkulu Tengah"
2023-11-01,PHP17,MGR03,17250,liter,BD-PIHPS,,,,,"PIHPS Provinsi Bengkulu (rata-rata pasar tradisional), bukan harga Bengkulu Tengah"
2023-11-01,PHP17,TLR01,26050,kg,BD-PIHPS,,,,,"PIHPS Provinsi Bengkulu (rata-rata pasar tradisional), bukan harga Bengkulu Tengah"
2023-11-02,PHP17,BRS01,13350,kg,BD-PIHPS,,,,,"PIHPS Provinsi Bengkulu (rata-rata pasar tradisional), bukan harga Bengkulu Tengah"
2023-11-02,PHP17,BRS02,14250,kg,BD-PIHPS,,,,,"PIHPS Provinsi Bengkulu (rata-rata pasar tradisional), bukan harga Bengkulu Tengah"
2023-11-02,PHP17,BRS03,14200,kg,BD-PIHPS,,,,,"PIHPS Provinsi Bengkulu (rata-rata pasar tradisional), bukan harga Bengkulu Tengah"
2023-11-02,PHP17,BRS04,14850,kg,BD-PIHPS,,,,,"PIHPS Provinsi Bengkulu (rata-rata pasar tradisional), bukan harga Bengkulu Tengah"
2023-11-02,PHP17,BRS05,15100,kg,BD-PIHPS,,,,,"PIHPS Provinsi Bengkulu (rata-rata pasar tradisional), bukan harga Bengkulu Tengah"
2023-11-02,PHP17,BRS06,15150,kg,BD-PIHPS,,,,,"PIHPS Provinsi Bengkulu (rata-rata pasar tradisional), bukan harga Bengkulu Tengah"
2023-11-02,PHP17,BWM01,23150,kg,BD-PIHPS,,,,,"PIHPS Provinsi Bengkulu (rata-rata pasar tradisional), bukan harga Bengkulu Tengah"
2023-11-02,PHP17,BWP01,35500,kg,BD-PIHPS,,,,,"PIHPS Provinsi Bengkulu (rata-rata pasar tradisional), bukan harga Bengkulu Tengah"
2023-11-02,PHP17,CMR01,57500,kg,BD-PIHPS,,,,,"PIHPS Provinsi Bengkulu (rata-rata pasar tradisional), bukan harga Bengkulu Tengah"
2023-11-02,PHP17,CMR02,61500,kg,BD-PIHPS,,,,,"PIHPS Provinsi Bengkulu (rata-rata pasar tradisional), bukan harga Bengkulu Tengah"
2023-11-02,PHP17,CRW01,46250,kg,BD-PIHPS,,,,,"PIHPS Provinsi Bengkulu (rata-rata pasar tradisional), bukan harga Bengkulu Tengah"
2023-11-02,PHP17,CRW02,48500,kg,BD-PIHPS,,,,,"PIHPS Provinsi Bengkulu (rata-rata pasar tradisional), bukan harga Bengkulu Tengah"
2023-11-02,PHP17,DAY01,28150,kg,BD-PIHPS,,,,,"PIHPS Provinsi Bengkulu (rata-rata pasar tradisional), bukan harga Bengkulu Tengah"
2023-11-02,PHP17,DSP01,136250,kg,BD-PIHPS,,,,,"PIHPS Provinsi Bengkulu (rata-rata pasar tradisional), bukan harga Bengkulu Tengah"
2023-11-02,PHP17,DSP02,135000,kg,BD-PIHPS,,,,,"PIHPS Provinsi Bengkulu (rata-rata pasar tradisional), bukan harga Bengkulu Tengah"
2023-11-02,PHP17,GLP01,15900,kg,BD-PIHPS,,,,,"PIHPS Provinsi Bengkulu (rata-rata pasar tradisional), bukan harga Bengkulu Tengah"
2023-11-02,PHP17,GLP02,16300,kg,BD-PIHPS,,,,,"PIHPS Provinsi Bengkulu (rata-rata pasar tradisional), bukan harga Bengkulu Tengah"
2023-11-02,PHP17,MGR01,15000,liter,BD-PIHPS,,,,,"PIHPS Provinsi Bengkulu (rata-rata pasar tradisional), bukan harga Bengkulu Tengah"
2023-11-02,PHP17,MGR02,19150,liter,BD-PIHPS,,,,,"PIHPS Provinsi Bengkulu (rata-rata pasar tradisional), bukan harga Bengkulu Tengah"
2023-11-02,PHP17,MGR03,17200,liter,BD-PIHPS,,,,,"PIHPS Provinsi Bengkulu (rata-rata pasar tradisional), bukan harga Bengkulu Tengah"
2023-11-02,PHP17,TLR01,26050,kg,BD-PIHPS,,,,,"PIHPS Provinsi Bengkulu (rata-rata pasar tradisional), bukan harga Bengkulu Tengah"
2023-11-03,PHP17,BRS01,13350,kg,BD-PIHPS,,,,,"PIHPS Provinsi Bengkulu (rata-rata pasar tradisional), bukan harga Bengkulu Tengah"
2023-11-03,PHP17,BRS02,14250,kg,BD-PIHPS,,,,,"PIHPS Provinsi Bengkulu (rata-rata pasar tradisional), bukan harga Bengkulu Tengah"
2023-11-03,PHP17,BRS03,14200,kg,BD-PIHPS,,,,,"PIHPS Provinsi Bengkulu (rata-rata pasar tradisional), bukan harga Bengkulu Tengah"
2023-11-03,PHP17,BRS04,14850,kg,BD-PIHPS,,,,,"PIHPS Provinsi Bengkulu (rata-rata pasar tradisional), bukan harga Bengkulu Tengah"
2023-11-03,PHP17,BRS05,15100,kg,BD-PIHPS,,,,,"PIHPS Provinsi Bengkulu (rata-rata pasar tradisional), bukan harga Bengkulu Tengah"
2023-11-03,PHP17,BRS06,15150,kg,BD-PIHPS,,,,,"PIHPS Provinsi Bengkulu (rata-rata pasar tradisional), bukan harga Bengkulu Tengah"
2023-11-03,PHP17,BWM01,23500,kg,BD-PIHPS,,,,,"PIHPS Provinsi Bengkulu (rata-rata pasar tradisional), bukan harga Bengkulu Tengah"
2023-11-03,PHP17,BWP01,35750,kg,BD-PIHPS,,,,,"PIHPS Provinsi Bengkulu (rata-rata pasar tradisional), bukan harga Bengkulu Tengah"
2023-11-03,PHP17,CMR01,51250,kg,BD-PIHPS,,,,,"PIHPS Provinsi Bengkulu (rata-rata pasar tradisional), bukan harga Bengkulu Tengah"
2023-11-03,PHP17,CMR02,55500,kg,BD-PIHPS,,,,,"PIHPS Provinsi Bengkulu (rata-rata pasar tradisional), bukan harga Bengkulu Tengah"
2023-11-03,PHP17,CRW01,44900,kg,BD-PIHPS,,,,,"PIHPS Provinsi Bengkulu (rata-rata pasar tradisional), bukan harga Bengkulu Tengah"
2023-11-03,PHP17,CRW02,47900,kg,BD-PIHPS,,,,,"PIHPS Provinsi Bengkulu (rata-rata pasar tradisional), bukan harga Bengkulu Tengah"
2023-11-03,PHP17,DAY01,28150,kg,BD-PIHPS,,,,,"PIHPS Provinsi Bengkulu (rata-rata pasar tradisional), bukan harga Bengkulu Tengah"
2023-11-03,PHP17,DSP01,136250,kg,BD-PIHPS,,,,,"PIHPS Provinsi Bengkulu (rata-rata pasar tradisional), bukan harga Bengkulu Tengah"
2023-11-03,PHP17,DSP02,135000,kg,BD-PIHPS,,,,,"PIHPS Provinsi Bengkulu (rata-rata pasar tradisional), bukan harga Bengkulu Tengah"
2023-11-03,PHP17,GLP01,15950,kg,BD-PIHPS,,,,,"PIHPS Provinsi Bengkulu (rata-rata pasar tradisional), bukan harga Bengkulu Tengah"
2023-11-03,PHP17,GLP02,16400,kg,BD-PIHPS,,,,,"PIHPS Provinsi Bengkulu (rata-rata pasar tradisional), bukan harga Bengkulu Tengah"
2023-11-03,PHP17,MGR01,15000,liter,BD-PIHPS,,,,,"PIHPS Provinsi Bengkulu (rata-rata pasar tradisional), bukan harga Bengkulu Tengah"
2023-11-03,PHP17,MGR02,19150,liter,BD-PIHPS,,,,,"PIHPS Provinsi Bengkulu (rata-rata pasar tradisional), bukan harga Bengkulu Tengah"
2023-11-03,PHP17,MGR03,17200,liter,BD-PIHPS,,,,,"PIHPS Provinsi Bengkulu (rata-rata pasar tradisional), bukan harga Bengkulu Tengah"
2023-11-03,PHP17,TLR01,26050,kg,BD-PIHPS,,,,,"PIHPS Provinsi Bengkulu (rata-rata pasar tradisional), bukan harga Bengkulu Tengah"
2023-11-06,PHP17,BRS01,13350,kg,BD-PIHPS,,,,,"PIHPS Provinsi Bengkulu (rata-rata pasar tradisional), bukan harga Bengkulu Tengah"
2023-11-06,PHP17,BRS02,14300,kg,BD-PIHPS,,,,,"PIHPS Provinsi Bengkulu (rata-rata pasar tradisional), bukan harga Bengkulu Tengah"
2023-11-06,PHP17,BRS03,14200,kg,BD-PIHPS,,,,,"PIHPS Provinsi Bengkulu (rata-rata pasar tradisional), bukan harga Bengkulu Tengah"
2023-11-06,PHP17,BRS04,14850,kg,BD-PIHPS,,,,,"PIHPS Provinsi Bengkulu (rata-rata pasar tradisional), bukan harga Bengkulu Tengah"
2023-11-06,PHP17,BRS05,15100,kg,BD-PIHPS,,,,,"PIHPS Provinsi Bengkulu (rata-rata pasar tradisional), bukan harga Bengkulu Tengah"
2023-11-06,PHP17,BRS06,15150,kg,BD-PIHPS,,,,,"PIHPS Provinsi Bengkulu (rata-rata pasar tradisional), bukan harga Bengkulu Tengah"
2023-11-06,PHP17,BWM01,25250,kg,BD-PIHPS,,,,,"PIHPS Provinsi Bengkulu (rata-rata pasar tradisional), bukan harga Bengkulu Tengah"
2023-11-06,PHP17,BWP01,34750,kg,BD-PIHPS,,,,,"PIHPS Provinsi Bengkulu (rata-rata pasar tradisional), bukan harga Bengkulu Tengah"
2023-11-06,PHP17,CMR01,55650,kg,BD-PIHPS,,,,,"PIHPS Provinsi Bengkulu (rata-rata pasar tradisional), bukan harga Bengkulu Tengah"
2023-11-06,PHP17,CMR02,60400,kg,BD-PIHPS,,,,,"PIHPS Provinsi Bengkulu (rata-rata pasar tradisional), bukan harga Bengkulu Tengah"
2023-11-06,PHP17,CRW01,53250,kg,BD-PIHPS,,,,,"PIHPS Provinsi Bengkulu (rata-rata pasar tradisional), bukan harga Bengkulu Tengah"
2023-11-06,PHP17,CRW02,50300,kg,BD-PIHPS,,,,,"PIHPS Provinsi Bengkulu (rata-rata pasar tradisional), bukan harga Bengkulu Tengah"
2023-11-06,PHP17,DAY01,28150,kg,BD-PIHPS,,,,,"PIHPS Provinsi Bengkulu (rata-rata pasar tradisional), bukan harga Bengkulu Tengah"
2023-11-06,PHP17,DSP01,136250,kg,BD-PIHPS,,,,,"PIHPS Provinsi Bengkulu (rata-rata pasar tradisional), bukan harga Bengkulu Tengah"
2023-11-06,PHP17,DSP02,135000,kg,BD-PIHPS,,,,,"PIHPS Provinsi Bengkulu (rata-rata pasar tradisional), bukan harga Bengkulu Tengah"
2023-11-06,PHP17,GLP01,15950,kg,BD-PIHPS,,,,,"PIHPS Provinsi Bengkulu (rata-rata pasar tradisional), bukan harga Bengkulu Tengah"
2023-11-06,PHP17,GLP02,16400,kg,BD-PIHPS,,,,,"PIHPS Provinsi Bengkulu (rata-rata pasar tradisional), bukan harga Bengkulu Tengah"
2023-11-06,PHP17,MGR01,15000,liter,BD-PIHPS,,,,,"PIHPS Provinsi Bengkulu (rata-rata pasar tradisional), bukan harga Bengkulu Tengah"
2023-11-06,PHP17,MGR02,19150,liter,BD-PIHPS,,,,,"PIHPS Provinsi Bengkulu (rata-rata pasar tradisional), bukan harga Bengkulu Tengah"
2023-11-06,PHP17,MGR03,17200,liter,BD-PIHPS,,,,,"PIHPS Provinsi Bengkulu (rata-rata pasar tradisional), bukan harga Bengkulu Tengah"
2023-11-06,PHP17,TLR01,26050,kg,BD-PIHPS,,,,,"PIHPS Provinsi Bengkulu (rata-rata pasar tradisional), bukan harga Bengkulu Tengah"
2023-11-07,PHP17,BRS01,13350,kg,BD-PIHPS,,,,,"PIHPS Provinsi Bengkulu (rata-rata pasar tradisional), bukan harga Bengkulu Tengah"
2023-11-07,PHP17,BRS02,14300,kg,BD-PIHPS,,,,,"PIHPS Provinsi Bengkulu (rata-rata pasar tradisional), bukan harga Bengkulu Tengah"
2023-11-07,PHP17,BRS03,14200,kg,BD-PIHPS,,,,,"PIHPS Provinsi Bengkulu (rata-rata pasar tradisional), bukan harga Bengkulu Tengah"
2023-11-07,PHP17,BRS04,14800,kg,BD-PIHPS,,,,,"PIHPS Provinsi Bengkulu (rata-rata pasar tradisional), bukan harga Bengkulu Tengah"
2023-11-07,PHP17,BRS05,15100,kg,BD-PIHPS,,,,,"PIHPS Provinsi Bengkulu (rata-rata pasar tradisional), bukan harga Bengkulu Tengah"
2023-11-07,PHP17,BRS06,15100,kg,BD-PIHPS,,,,,"PIHPS Provinsi Bengkulu (rata-rata pasar tradisional), bukan harga Bengkulu Tengah"
2023-11-07,PHP17,BWM01,27400,kg,BD-PIHPS,,,,,"PIHPS Provinsi Bengkulu (rata-rata pasar tradisional), bukan harga Bengkulu Tengah"
2023-11-07,PHP17,BWP01,33750,kg,BD-PIHPS,,,,,"PIHPS Provinsi Bengkulu (rata-rata pasar tradisional), bukan harga Bengkulu Tengah"
2023-11-07,PHP17,CMR01,60250,kg,BD-PIHPS,,,,,"PIHPS Provinsi Bengkulu (rata-rata pasar tradisional), bukan harga Bengkulu Tengah"
2023-11-07,PHP17,CMR02,65150,kg,BD-PIHPS,,,,,"PIHPS Provinsi Bengkulu (rata-rata pasar tradisional), bukan harga Bengkulu Tengah"
2023-11-07,PHP17,CRW01,58500,kg,BD-PIHPS,,,,,"PIHPS Provinsi Bengkulu (rata-rata pasar tradisional), bukan harga Bengkulu Tengah"
2023-11-07,PHP17,CRW02,51450,kg,BD-PIHPS,,,,,"PIHPS Provinsi Bengkulu (rata-rata pasar tradisional), bukan harga Bengkulu Tengah"
2023-11-07,PHP17,DAY01,28150,kg,BD-PIHPS,,,,,"PIHPS Provinsi Bengkulu (rata-rata pasar tradisional), bukan harga Bengkulu Tengah"
2023-11-07,PHP17,DSP01,136250,kg,BD-PIHPS,,,,,"PIHPS Provinsi Bengkulu (rata-rata pasar tradisional), bukan harga Bengkulu Tengah"
2023-11-07,PHP17,DSP02,135000,kg,BD-PIHPS,,,,,"PIHPS Provinsi Bengkulu (rata-rata pasar tradisional), bukan harga Bengkulu Tengah"
2023-11-07,PHP17,GLP01,16300,kg,BD-PIHPS,,,,,"PIHPS Provinsi Bengkulu (rata-rata pasar tradisional), bukan harga Bengkulu Tengah"
2023-11-07,PHP17,GLP02,16400,kg,BD-PIHPS,,,,,"PIHPS Provinsi Bengkulu (rata-rata pasar tradisional), bukan harga Bengkulu Tengah"
2023-11-07,PHP17,MGR01,15000,liter,BD-PIHPS,,,,,"PIHPS Provinsi Bengkulu (rata-rata pasar tradisional), bukan harga Bengkulu Tengah"
2023-11-07,PHP17,MGR02,18950,liter,BD-PIHPS,,,,,"PIHPS Provinsi Bengkulu (rata-rata pasar tradisional), bukan harga Bengkulu Tengah"
2023-11-07,PHP17,MGR03,17200,liter,BD-PIHPS,,,,,"PIHPS Provinsi Bengkulu (rata-rata pasar tradisional), bukan harga Bengkulu Tengah"
2023-11-07,PHP17,TLR01,26050,kg,BD-PIHPS,,,,,"PIHPS Provinsi Bengkulu (rata-rata pasar tradisional), bukan harga Bengkulu Tengah"
2023-11-08,PHP17,BRS01,13350,kg,BD-PIHPS,,,,,"PIHPS Provinsi Bengkulu (rata-rata pasar tradisional), bukan harga Bengkulu Tengah"
2023-11-08,PHP17,BRS02,14300,kg,BD-PIHPS,,,,,"PIHPS Provinsi Bengkulu (rata-rata pasar tradisional), bukan harga Bengkulu Tengah"
2023-11-08,PHP17,BRS03,14200,kg,BD-PIHPS,,,,,"PIHPS Provinsi Bengkulu (rata-rata pasar tradisional), bukan harga Bengkulu Tengah"
2023-11-08,PHP17,BRS04,14800,kg,BD-PIHPS,,,,,"PIHPS Provinsi Bengkulu (rata-rata pasar tradisional), bukan harga Bengkulu Tengah"
2023-11-08,PHP17,BRS05,15100,kg,BD-PIHPS,,,,,"PIHPS Provinsi Bengkulu (rata-rata pasar tradisional), bukan harga Bengkulu Tengah"
2023-11-08,PHP17,BRS06,15100,kg,BD-PIHPS,,,,,"PIHPS Provinsi Bengkulu (rata-rata pasar tradisional), bukan harga Bengkulu Tengah"
2023-11-08,PHP17,BWM01,27150,kg,BD-PIHPS,,,,,"PIHPS Provinsi Bengkulu (rata-rata pasar tradisional), bukan harga Bengkulu Tengah"
2023-11-08,PHP17,BWP01,34250,kg,BD-PIHPS,,,,,"PIHPS Provinsi Bengkulu (rata-rata pasar tradisional), bukan harga Bengkulu Tengah"
2023-11-08,PHP17,CMR01,62500,kg,BD-PIHPS,,,,,"PIHPS Provinsi Bengkulu (rata-rata pasar tradisional), bukan harga Bengkulu Tengah"
2023-11-08,PHP17,CMR02,67250,kg,BD-PIHPS,,,,,"PIHPS Provinsi Bengkulu (rata-rata pasar tradisional), bukan harga Bengkulu Tengah"
2023-11-08,PHP17,CRW01,61650,kg,BD-PIHPS,,,,,"PIHPS Provinsi Bengkulu (rata-rata pasar tradisional), bukan harga Bengkulu Tengah"
2023-11-08,PHP17,CRW02,51900,kg,BD-PIHPS,,,,,"PIHPS Provinsi Bengkulu (rata-rata pasar tradisional), bukan harga Bengkulu Tengah"
2023-11-08,PHP17,DAY01,28150,kg,BD-PIHPS,,,,,"PIHPS Provinsi Bengkulu (rata-rata pasar tradisional), bukan harga Bengkulu Tengah"
2023-11-08,PHP17,DSP01,136250,kg,BD-PIHPS,,,,,"PIHPS Provinsi Bengkulu (rata-rata pasar tradisional), bukan harga Bengkulu Tengah"
2023-11-08,PHP17,DSP02,135000,kg,BD-PIHPS,,,,,"PIHPS Provinsi Bengkulu (rata-rata pasar tradisional), bukan harga Bengkulu Tengah"
2023-11-08,PHP17,GLP01,16300,kg,BD-PIHPS,,,,,"PIHPS Provinsi Bengkulu (rata-rata pasar tradisional), bukan harga Bengkulu Tengah"
2023-11-08,PHP17,GLP02,16400,kg,BD-PIHPS,,,,,"PIHPS Provinsi Bengkulu (rata-rata pasar tradisional), bukan harga Bengkulu Tengah"
2023-11-08,PHP17,MGR01,15000,liter,BD-PIHPS,,,,,"PIHPS Provinsi Bengkulu (rata-rata pasar tradisional), bukan harga Bengkulu Tengah"
2023-11-08,PHP17,MGR02,18950,liter,BD-PIHPS,,,,,"PIHPS Provinsi Bengkulu (rata-rata pasar tradisional), bukan harga Bengkulu Tengah"
2023-11-08,PHP17,MGR03,17200,liter,BD-PIHPS,,,,,"PIHPS Provinsi Bengkulu (rata-rata pasar tradisional), bukan harga Bengkulu Tengah"
2023-11-08,PHP17,TLR01,26050,kg,BD-PIHPS,,,,,"PIHPS Provinsi Bengkulu (rata-rata pasar tradisional), bukan harga Bengkulu Tengah"
2023-11-09,PHP17,BRS01,13350,kg,BD-PIHPS,,,,,"PIHPS Provinsi Bengkulu (rata-rata pasar tradisional), bukan harga Bengkulu Tengah"
2023-11-09,PHP17,BRS02,14300,kg,BD-PIHPS,,,,,"PIHPS Provinsi Bengkulu (rata-rata pasar tradisional), bukan harga Bengkulu Tengah"
2023-11-09,PHP17,BRS03,14200,kg,BD-PIHPS,,,,,"PIHPS Provinsi Bengkulu (rata-rata pasar tradisional), bukan harga Bengkulu Tengah"
2023-11-09,PHP17,BRS04,14800,kg,BD-PIHPS,,,,,"PIHPS Provinsi Bengkulu (rata-rata pasar tradisional), bukan harga Bengkulu Tengah"
2023-11-09,PHP17,BRS05,15100,kg,BD-PIHPS,,,,,"PIHPS Provinsi Bengkulu (rata-rata pasar tradisional), bukan harga Bengkulu Tengah"
2023-11-09,PHP17,BRS06,15100,kg,BD-PIHPS,,,,,"PIHPS Provinsi Bengkulu (rata-rata pasar tradisional), bukan harga Bengkulu Tengah"
2023-11-09,PHP17,BWM01,26000,kg,BD-PIHPS,,,,,"PIHPS Provinsi Bengkulu (rata-rata pasar tradisional), bukan harga Bengkulu Tengah"
2023-11-09,PHP17,BWP01,34650,kg,BD-PIHPS,,,,,"PIHPS Provinsi Bengkulu (rata-rata pasar tradisional), bukan harga Bengkulu Tengah"
2023-11-09,PHP17,CMR01,64650,kg,BD-PIHPS,,,,,"PIHPS Provinsi Bengkulu (rata-rata pasar tradisional), bukan harga Bengkulu Tengah"
2023-11-09,PHP17,CMR02,69500,kg,BD-PIHPS,,,,,"PIHPS Provinsi Bengkulu (rata-rata pasar tradisional), bukan harga Bengkulu Tengah"
2023-11-09,PHP17,CRW01,64900,kg,BD-PIHPS,,,,,"PIHPS Provinsi Bengkulu (rata-rata pasar tradisional), bukan harga Bengkulu Tengah"
2023-11-09,PHP17,CRW02,52900,kg,BD-PIHPS,,,,,"PIHPS Provinsi Bengkulu (rata-rata pasar tradisional), bukan harga Bengkulu Tengah"
2023-11-09,PHP17,DAY01,28150,kg,BD-PIHPS,,,,,"PIHPS Provinsi Bengkulu (rata-rata pasar tradisional), bukan harga Bengkulu Tengah"
2023-11-09,PHP17,DSP01,136250,kg,BD-PIHPS,,,,,"PIHPS Provinsi Bengkulu (rata-rata pasar tradisional), bukan harga Bengkulu Tengah"
2023-11-09,PHP17,DSP02,135000,kg,BD-PIHPS,,,,,"PIHPS Provinsi Bengkulu (rata-rata pasar tradisional), bukan harga Bengkulu Tengah"
2023-11-09,PHP17,GLP01,16300,kg,BD-PIHPS,,,,,"PIHPS Provinsi Bengkulu (rata-rata pasar tradisional), bukan harga Bengkulu Tengah"
2023-11-09,PHP17,GLP02,16400,kg,BD-PIHPS,,,,,"PIHPS Provinsi Bengkulu (rata-rata pasar tradisional), bukan harga Bengkulu Tengah"
2023-11-09,PHP17,MGR01,15000,liter,BD-PIHPS,,,,,"PIHPS Provinsi Bengkulu (rata-rata pasar tradisional), bukan harga Bengkulu Tengah"
2023-11-09,PHP17,MGR02,18950,liter,BD-PIHPS,,,,,"PIHPS Provinsi Bengkulu (rata-rata pasar tradisional), bukan harga Bengkulu Tengah"
2023-11-09,PHP17,MGR03,17200,liter,BD-PIHPS,,,,,"PIHPS Provinsi Bengkulu (rata-rata pasar tradisional), bukan harga Bengkulu Tengah"
2023-11-09,PHP17,TLR01,26050,kg,BD-PIHPS,,,,,"PIHPS Provinsi Bengkulu (rata-rata pasar tradisional), bukan harga Bengkulu Tengah"
2023-11-10,PHP17,BRS01,13350,kg,BD-PIHPS,,,,,"PIHPS Provinsi Bengkulu (rata-rata pasar tradisional), bukan harga Bengkulu Tengah"
2023-11-10,PHP17,BRS02,14300,kg,BD-PIHPS,,,,,"PIHPS Provinsi Bengkulu (rata-rata pasar tradisional), bukan harga Bengkulu Tengah"
2023-11-10,PHP17,BRS03,14200,kg,BD-PIHPS,,,,,"PIHPS Provinsi Bengkulu (rata-rata pasar tradisional), bukan harga Bengkulu Tengah"
2023-11-10,PHP17,BRS04,14800,kg,BD-PIHPS,,,,,"PIHPS Provinsi Bengkulu (rata-rata pasar tradisional), bukan harga Bengkulu Tengah"
2023-11-10,PHP17,BRS05,15100,kg,BD-PIHPS,,,,,"PIHPS Provinsi Bengkulu (rata-rata pasar tradisional), bukan harga Bengkulu Tengah"
2023-11-10,PHP17,BRS06,15100,kg,BD-PIHPS,,,,,"PIHPS Provinsi Bengkulu (rata-rata pasar tradisional), bukan harga Bengkulu Tengah"
2023-11-10,PHP17,BWM01,27000,kg,BD-PIHPS,,,,,"PIHPS Provinsi Bengkulu (rata-rata pasar tradisional), bukan harga Bengkulu Tengah"
2023-11-10,PHP17,BWP01,34500,kg,BD-PIHPS,,,,,"PIHPS Provinsi Bengkulu (rata-rata pasar tradisional), bukan harga Bengkulu Tengah"
2023-11-10,PHP17,CMR01,68150,kg,BD-PIHPS,,,,,"PIHPS Provinsi Bengkulu (rata-rata pasar tradisional), bukan harga Bengkulu Tengah"
2023-11-10,PHP17,CMR02,72150,kg,BD-PIHPS,,,,,"PIHPS Provinsi Bengkulu (rata-rata pasar tradisional), bukan harga Bengkulu Tengah"
2023-11-10,PHP17,CRW01,67000,kg,BD-PIHPS,,,,,"PIHPS Provinsi Bengkulu (rata-rata pasar tradisional), bukan harga Bengkulu Tengah"
2023-11-10,PHP17,CRW02,53550,kg,BD-PIHPS,,,,,"PIHPS Provinsi Bengkulu (rata-rata pasar tradisional), bukan harga Bengkulu Tengah"
2023-11-10,PHP17,DAY01,28150,kg,BD-PIHPS,,,,,"PIHPS Provinsi Bengkulu (rata-rata pasar tradisional), bukan harga Bengkulu Tengah"
2023-11-10,PHP17,DSP01,136250,kg,BD-PIHPS,,,,,"PIHPS Provinsi Bengkulu (rata-rata pasar tradisional), bukan harga Bengkulu Tengah"
2023-11-10,PHP17,DSP02,135000,kg,BD-PIHPS,,,,,"PIHPS Provinsi Bengkulu (rata-rata pasar tradisional), bukan harga Bengkulu Tengah"
2023-11-10,PHP17,GLP01,16300,kg,BD-PIHPS,,,,,"PIHPS Provinsi Bengkulu (rata-rata pasar tradisional), bukan harga Bengkulu Tengah"
2023-11-10,PHP17,GLP02,16400,kg,BD-PIHPS,,,,,"PIHPS Provinsi Bengkulu (rata-rata pasar tradisional), bukan harga Bengkulu Tengah"
2023-11-10,PHP17,MGR01,15000,liter,BD-PIHPS,,,,,"PIHPS Provinsi Bengkulu (rata-rata pasar tradisional), bukan harga Bengkulu Tengah"
2023-11-10,PHP17,MGR02,18950,liter,BD-PIHPS,,,,,"PIHPS Provinsi Bengkulu (rata-rata pasar tradisional), bukan harga Bengkulu Tengah"
2023-11-10,PHP17,MGR03,17200,liter,BD-PIHPS,,,,,"PIHPS Provinsi Bengkulu (rata-rata pasar tradisional), bukan harga Bengkulu Tengah"
2023-11-10,PHP17,TLR01,26050,kg,BD-PIHPS,,,,,"PIHPS Provinsi Bengkulu (rata-rata pasar tradisional), bukan harga Bengkulu Tengah"
2023-11-13,PHP17,BRS01,13350,kg,BD-PIHPS,,,,,"PIHPS Provinsi Bengkulu (rata-rata pasar tradisional), bukan harga Bengkulu Tengah"
2023-11-13,PHP17,BRS02,14300,kg,BD-PIHPS,,,,,"PIHPS Provinsi Bengkulu (rata-rata pasar tradisional), bukan harga Bengkulu Tengah"
2023-11-13,PHP17,BRS03,14200,kg,BD-PIHPS,,,,,"PIHPS Provinsi Bengkulu (rata-rata pasar tradisional), bukan harga Bengkulu Tengah"
2023-11-13,PHP17,BRS04,14800,kg,BD-PIHPS,,,,,"PIHPS Provinsi Bengkulu (rata-rata pasar tradisional), bukan harga Bengkulu Tengah"
2023-11-13,PHP17,BRS05,15100,kg,BD-PIHPS,,,,,"PIHPS Provinsi Bengkulu (rata-rata pasar tradisional), bukan harga Bengkulu Tengah"
2023-11-13,PHP17,BRS06,15100,kg,BD-PIHPS,,,,,"PIHPS Provinsi Bengkulu (rata-rata pasar tradisional), bukan harga Bengkulu Tengah"
2023-11-13,PHP17,BWM01,27900,kg,BD-PIHPS,,,,,"PIHPS Provinsi Bengkulu (rata-rata pasar tradisional), bukan harga Bengkulu Tengah"
2023-11-13,PHP17,BWP01,34250,kg,BD-PIHPS,,,,,"PIHPS Provinsi Bengkulu (rata-rata pasar tradisional), bukan harga Bengkulu Tengah"
2023-11-13,PHP17,CMR01,70500,kg,BD-PIHPS,,,,,"PIHPS Provinsi Bengkulu (rata-rata pasar tradisional), bukan harga Bengkulu Tengah"
2023-11-13,PHP17,CMR02,74400,kg,BD-PIHPS,,,,,"PIHPS Provinsi Bengkulu (rata-rata pasar tradisional), bukan harga Bengkulu Tengah"
2023-11-13,PHP17,CRW01,68150,kg,BD-PIHPS,,,,,"PIHPS Provinsi Bengkulu (rata-rata pasar tradisional), bukan harga Bengkulu Tengah"
2023-11-13,PHP17,CRW02,55050,kg,BD-PIHPS,,,,,"PIHPS Provinsi Bengkulu (rata-rata pasar tradisional), bukan harga Bengkulu Tengah"
2023-11-13,PHP17,DAY01,28150,kg,BD-PIHPS,,,,,"PIHPS Provinsi Bengkulu (rata-rata pasar tradisional), bukan harga Bengkulu Tengah"
2023-11-13,PHP17,DSP01,136250,kg,BD-PIHPS,,,,,"PIHPS Provinsi Bengkulu (rata-rata pasar tradisional), bukan harga Bengkulu Tengah"
2023-11-13,PHP17,DSP02,135000,kg,BD-PIHPS,,,,,"PIHPS Provinsi Bengkulu (rata-rata pasar tradisional), bukan harga Bengkulu Tengah"
2023-11-13,PHP17,GLP01,16550,kg,BD-PIHPS,,,,,"PIHPS Provinsi Bengkulu (rata-rata pasar tradisional), bukan harga Bengkulu Tengah"
2023-11-13,PHP17,GLP02,16400,kg,BD-PIHPS,,,,,"PIHPS Provinsi Bengkulu (rata-rata pasar tradisional), bukan harga Bengkulu Tengah"
2023-11-13,PHP17,MGR01,15000,liter,BD-PIHPS,,,,,"PIHPS Provinsi Bengkulu (rata-rata pasar tradisional), bukan harga Bengkulu Tengah"
2023-11-13,PHP17,MGR02,18950,liter,BD-PIHPS,,,,,"PIHPS Provinsi Bengkulu (rata-rata pasar tradisional), bukan harga Bengkulu Tengah"
2023-11-13,PHP17,MGR03,17200,liter,BD-PIHPS,,,,,"PIHPS Provinsi Bengkulu (rata-rata pasar tradisional), bukan harga Bengkulu Tengah"
2023-11-13,PHP17,TLR01,26050,kg,BD-PIHPS,,,,,"PIHPS Provinsi Bengkulu (rata-rata pasar tradisional), bukan harga Bengkulu Tengah"
2023-11-14,PHP17,BRS01,13750,kg,BD-PIHPS,,,,,"PIHPS Provinsi Bengkulu (rata-rata pasar tradisional), bukan harga Bengkulu Tengah"
2023-11-14,PHP17,BRS02,14850,kg,BD-PIHPS,,,,,"PIHPS Provinsi Bengkulu (rata-rata pasar tradisional), bukan harga Bengkulu Tengah"
2023-11-14,PHP17,BRS03,14200,kg,BD-PIHPS,,,,,"PIHPS Provinsi Bengkulu (rata-rata pasar tradisional), bukan harga Bengkulu Tengah"
2023-11-14,PHP17,BRS04,14800,kg,BD-PIHPS,,,,,"PIHPS Provinsi Bengkulu (rata-rata pasar tradisional), bukan harga Bengkulu Tengah"
2023-11-14,PHP17,BRS05,15100,kg,BD-PIHPS,,,,,"PIHPS Provinsi Bengkulu (rata-rata pasar tradisional), bukan harga Bengkulu Tengah"
2023-11-14,PHP17,BRS06,15100,kg,BD-PIHPS,,,,,"PIHPS Provinsi Bengkulu (rata-rata pasar tradisional), bukan harga Bengkulu Tengah"
2023-11-14,PHP17,BWM01,28900,kg,BD-PIHPS,,,,,"PIHPS Provinsi Bengkulu (rata-rata pasar tradisional), bukan harga Bengkulu Tengah"
2023-11-14,PHP17,BWP01,34400,kg,BD-PIHPS,,,,,"PIHPS Provinsi Bengkulu (rata-rata pasar tradisional), bukan harga Bengkulu Tengah"
2023-11-14,PHP17,CMR01,72250,kg,BD-PIHPS,,,,,"PIHPS Provinsi Bengkulu (rata-rata pasar tradisional), bukan harga Bengkulu Tengah"
2023-11-14,PHP17,CMR02,77900,kg,BD-PIHPS,,,,,"PIHPS Provinsi Bengkulu (rata-rata pasar tradisional), bukan harga Bengkulu Tengah"
2023-11-14,PHP17,CRW01,68900,kg,BD-PIHPS,,,,,"PIHPS Provinsi Bengkulu (rata-rata pasar tradisional), bukan harga Bengkulu Tengah"
2023-11-14,PHP17,CRW02,56100,kg,BD-PIHPS,,,,,"PIHPS Provinsi Bengkulu (rata-rata pasar tradisional), bukan harga Bengkulu Tengah"
2023-11-14,PHP17,DAY01,28150,kg,BD-PIHPS,,,,,"PIHPS Provinsi Bengkulu (rata-rata pasar tradisional), bukan harga Bengkulu Tengah"
2023-11-14,PHP17,DSP01,136250,kg,BD-PIHPS,,,,,"PIHPS Provinsi Bengkulu (rata-rata pasar tradisional), bukan harga Bengkulu Tengah"
2023-11-14,PHP17,DSP02,135000,kg,BD-PIHPS,,,,,"PIHPS Provinsi Bengkulu (rata-rata pasar tradisional), bukan harga Bengkulu Tengah"
2023-11-14,PHP17,GLP01,16550,kg,BD-PIHPS,,,,,"PIHPS Provinsi Bengkulu (rata-rata pasar tradisional), bukan harga Bengkulu Tengah"
2023-11-14,PHP17,GLP02,16400,kg,BD-PIHPS,,,,,"PIHPS Provinsi Bengkulu (rata-rata pasar tradisional), bukan harga Bengkulu Tengah"
2023-11-14,PHP17,MGR01,15000,liter,BD-PIHPS,,,,,"PIHPS Provinsi Bengkulu (rata-rata pasar tradisional), bukan harga Bengkulu Tengah"
2023-11-14,PHP17,MGR02,18950,liter,BD-PIHPS,,,,,"PIHPS Provinsi Bengkulu (rata-rata pasar tradisional), bukan harga Bengkulu Tengah"
2023-11-14,PHP17,MGR03,17200,liter,BD-PIHPS,,,,,"PIHPS Provinsi Bengkulu (rata-rata pasar tradisional), bukan harga Bengkulu Tengah"
2023-11-14,PHP17,TLR01,26050,kg,BD-PIHPS,,,,,"PIHPS Provinsi Bengkulu (rata-rata pasar tradisional), bukan harga Bengkulu Tengah"
2023-11-15,PHP17,BRS01,13750,kg,BD-PIHPS,,,,,"PIHPS Provinsi Bengkulu (rata-rata pasar tradisional), bukan harga Bengkulu Tengah"
2023-11-15,PHP17,BRS02,14850,kg,BD-PIHPS,,,,,"PIHPS Provinsi Bengkulu (rata-rata pasar tradisional), bukan harga Bengkulu Tengah"
2023-11-15,PHP17,BRS03,14200,kg,BD-PIHPS,,,,,"PIHPS Provinsi Bengkulu (rata-rata pasar tradisional), bukan harga Bengkulu Tengah"
2023-11-15,PHP17,BRS04,14800,kg,BD-PIHPS,,,,,"PIHPS Provinsi Bengkulu (rata-rata pasar tradisional), bukan harga Bengkulu Tengah"
2023-11-15,PHP17,BRS05,15100,kg,BD-PIHPS,,,,,"PIHPS Provinsi Bengkulu (rata-rata pasar tradisional), bukan harga Bengkulu Tengah"
2023-11-15,PHP17,BRS06,15100,kg,BD-PIHPS,,,,,"PIHPS Provinsi Bengkulu (rata-rata pasar tradisional), bukan harga Bengkulu Tengah"
2023-11-15,PHP17,BWM01,28900,kg,BD-PIHPS,,,,,"PIHPS Provinsi Bengkulu (rata-rata pasar tradisional), bukan harga Bengkulu Tengah"
2023-11-15,PHP17,BWP01,35000,kg,BD-PIHPS,,,,,"PIHPS Provinsi Bengkulu (rata-rata pasar tradisional), bukan harga Bengkulu Tengah"
2023-11-15,PHP17,CMR01,72000,kg,BD-PIHPS,,,,,"PIHPS Provinsi Bengkulu (rata-rata pasar tradisional), bukan harga Bengkulu Tengah"
2023-11-15,PHP17,CMR02,77900,kg,BD-PIHPS,,,,,"PIHPS Provinsi Bengkulu (rata-rata pasar tradisional), bukan harga Bengkulu Tengah"
2023-11-15,PHP17,CRW01,67900,kg,BD-PIHPS,,,,,"PIHPS Provinsi Bengkulu (rata-rata pasar tradisional), bukan harga Bengkulu Tengah"
2023-11-15,PHP17,CRW02,56200,kg,BD-PIHPS,,,,,"PIHPS Provinsi Bengkulu (rata-rata pasar tradisional), bukan harga Bengkulu Tengah"
2023-11-15,PHP17,DAY01,28150,kg,BD-PIHPS,,,,,"PIHPS Provinsi Bengkulu (rata-rata pasar tradisional), bukan harga Bengkulu Tengah"
2023-11-15,PHP17,DSP01,136250,kg,BD-PIHPS,,,,,"PIHPS Provinsi Bengkulu (rata-rata pasar tradisional), bukan harga Bengkulu Tengah"
2023-11-15,PHP17,DSP02,135000,kg,BD-PIHPS,,,,,"PIHPS Provinsi Bengkulu (rata-rata pasar tradisional), bukan harga Bengkulu Tengah"
2023-11-15,PHP17,GLP01,16550,kg,BD-PIHPS,,,,,"PIHPS Provinsi Bengkulu (rata-rata pasar tradisional), bukan harga Bengkulu Tengah"
2023-11-15,PHP17,GLP02,16400,kg,BD-PIHPS,,,,,"PIHPS Provinsi Bengkulu (rata-rata pasar tradisional), bukan harga Bengkulu Tengah"
2023-11-15,PHP17,MGR01,15000,liter,BD-PIHPS,,,,,"PIHPS Provinsi Bengkulu (rata-rata pasar tradisional), bukan harga Bengkulu Tengah"
2023-11-15,PHP17,MGR02,18950,liter,BD-PIHPS,,,,,"PIHPS Provinsi Bengkulu (rata-rata pasar tradisional), bukan harga Bengkulu Tengah"
2023-11-15,PHP17,MGR03,17200,liter,BD-PIHPS,,,,,"PIHPS Provinsi Bengkulu (rata-rata pasar tradisional), bukan harga Bengkulu Tengah"
2023-11-15,PHP17,TLR01,26050,kg,BD-PIHPS,,,,,"PIHPS Provinsi Bengkulu (rata-rata pasar tradisional), bukan harga Bengkulu Tengah"
2023-11-16,PHP17,BRS01,13750,kg,BD-PIHPS,,,,,"PIHPS Provinsi Bengkulu (rata-rata pasar tradisional), bukan harga Bengkulu Tengah"
2023-11-16,PHP17,BRS02,14850,kg,BD-PIHPS,,,,,"PIHPS Provinsi Bengkulu (rata-rata pasar tradisional), bukan harga Bengkulu Tengah"
2023-11-16,PHP17,BRS03,14200,kg,BD-PIHPS,,,,,"PIHPS Provinsi Bengkulu (rata-rata pasar tradisional), bukan harga Bengkulu Tengah"
2023-11-16,PHP17,BRS04,14800,kg,BD-PIHPS,,,,,"PIHPS Provinsi Bengkulu (rata-rata pasar tradisional), bukan harga Bengkulu Tengah"
2023-11-16,PHP17,BRS05,15100,kg,BD-PIHPS,,,,,"PIHPS Provinsi Bengkulu (rata-rata pasar tradisional), bukan harga Bengkulu Tengah"
2023-11-16,PHP17,BRS06,15100,kg,BD-PIHPS,,,,,"PIHPS Provinsi Bengkulu (rata-rata pasar tradisional), bukan harga Bengkulu Tengah"
2023-11-16,PHP17,BWM01,28250,kg,BD-PIHPS,,,,,"PIHPS Provinsi Bengkulu (rata-rata pasar tradisional), bukan harga Bengkulu Tengah"
2023-11-16,PHP17,BWP01,35000,kg,BD-PIHPS,,,,,"PIHPS Provinsi Bengkulu (rata-rata pasar tradisional), bukan harga Bengkulu Tengah"
2023-11-16,PHP17,CMR01,71900,kg,BD-PIHPS,,,,,"PIHPS Provinsi Bengkulu (rata-rata pasar tradisional), bukan harga Bengkulu Tengah"
2023-11-16,PHP17,CMR02,77500,kg,BD-PIHPS,,,,,"PIHPS Provinsi Bengkulu (rata-rata pasar tradisional), bukan harga Bengkulu Tengah"
2023-11-16,PHP17,CRW01,66500,kg,BD-PIHPS,,,,,"PIHPS Provinsi Bengkulu (rata-rata pasar tradisional), bukan harga Bengkulu Tengah"
2023-11-16,PHP17,CRW02,56650,kg,BD-PIHPS,,,,,"PIHPS Provinsi Bengkulu (rata-rata pasar tradisional), bukan harga Bengkulu Tengah"
2023-11-16,PHP17,DAY01,28150,kg,BD-PIHPS,,,,,"PIHPS Provinsi Bengkulu (rata-rata pasar tradisional), bukan harga Bengkulu Tengah"
2023-11-16,PHP17,DSP01,136250,kg,BD-PIHPS,,,,,"PIHPS Provinsi Bengkulu (rata-rata pasar tradisional), bukan harga Bengkulu Tengah"
2023-11-16,PHP17,DSP02,135000,kg,BD-PIHPS,,,,,"PIHPS Provinsi Bengkulu (rata-rata pasar tradisional), bukan harga Bengkulu Tengah"
2023-11-16,PHP17,GLP01,16550,kg,BD-PIHPS,,,,,"PIHPS Provinsi Bengkulu (rata-rata pasar tradisional), bukan harga Bengkulu Tengah"
2023-11-16,PHP17,GLP02,16400,kg,BD-PIHPS,,,,,"PIHPS Provinsi Bengkulu (rata-rata pasar tradisional), bukan harga Bengkulu Tengah"
2023-11-16,PHP17,MGR01,15000,liter,BD-PIHPS,,,,,"PIHPS Provinsi Bengkulu (rata-rata pasar tradisional), bukan harga Bengkulu Tengah"
2023-11-16,PHP17,MGR02,18950,liter,BD-PIHPS,,,,,"PIHPS Provinsi Bengkulu (rata-rata pasar tradisional), bukan harga Bengkulu Tengah"
2023-11-16,PHP17,MGR03,17200,liter,BD-PIHPS,,,,,"PIHPS Provinsi Bengkulu (rata-rata pasar tradisional), bukan harga Bengkulu Tengah"
2023-11-16,PHP17,TLR01,26050,kg,BD-PIHPS,,,,,"PIHPS Provinsi Bengkulu (rata-rata pasar tradisional), bukan harga Bengkulu Tengah"
2023-11-17,PHP17,BRS01,13900,kg,BD-PIHPS,,,,,"PIHPS Provinsi Bengkulu (rata-rata pasar tradisional), bukan harga Bengkulu Tengah"
2023-11-17,PHP17,BRS02,14850,kg,BD-PIHPS,,,,,"PIHPS Provinsi Bengkulu (rata-rata pasar tradisional), bukan harga Bengkulu Tengah"
2023-11-17,PHP17,BRS03,14200,kg,BD-PIHPS,,,,,"PIHPS Provinsi Bengkulu (rata-rata pasar tradisional), bukan harga Bengkulu Tengah"
2023-11-17,PHP17,BRS04,14800,kg,BD-PIHPS,,,,,"PIHPS Provinsi Bengkulu (rata-rata pasar tradisional), bukan harga Bengkulu Tengah"
2023-11-17,PHP17,BRS05,15100,kg,BD-PIHPS,,,,,"PIHPS Provinsi Bengkulu (rata-rata pasar tradisional), bukan harga Bengkulu Tengah"
2023-11-17,PHP17,BRS06,15100,kg,BD-PIHPS,,,,,"PIHPS Provinsi Bengkulu (rata-rata pasar tradisional), bukan harga Bengkulu Tengah"
2023-11-17,PHP17,BWM01,28900,kg,BD-PIHPS,,,,,"PIHPS Provinsi Bengkulu (rata-rata pasar tradisional), bukan harga Bengkulu Tengah"
2023-11-17,PHP17,BWP01,35150,kg,BD-PIHPS,,,,,"PIHPS Provinsi Bengkulu (rata-rata pasar tradisional), bukan harga Bengkulu Tengah"
2023-11-17,PHP17,CMR01,67500,kg,BD-PIHPS,,,,,"PIHPS Provinsi Bengkulu (rata-rata pasar tradisional), bukan harga Bengkulu Tengah"
2023-11-17,PHP17,CMR02,73250,kg,BD-PIHPS,,,,,"PIHPS Provinsi Bengkulu (rata-rata pasar tradisional), bukan harga Bengkulu Tengah"
2023-11-17,PHP17,CRW01,66500,kg,BD-PIHPS,,,,,"PIHPS Provinsi Bengkulu (rata-rata pasar tradisional), bukan harga Bengkulu Tengah"
2023-11-17,PHP17,CRW02,57100,kg,BD-PIHPS,,,,,"PIHPS Provinsi Bengkulu (rata-rata pasar tradisional), bukan harga Bengkulu Tengah"
2023-11-17,PHP17,DAY01,28150,kg,BD-PIHPS,,,,,"PIHPS Provinsi Bengkulu (rata-rata pasar tradisional), bukan harga Bengkulu Tengah"
2023-11-17,PHP17,DSP01,136250,kg,BD-PIHPS,,,,,"PIHPS Provinsi Bengkulu (rata-rata pasar tradisional), bukan harga Bengkulu Tengah"
2023-11-17,PHP17,DSP02,135000,kg,BD-PIHPS,,,,,"PIHPS Provinsi Bengkulu (rata-rata pasar tradisional), bukan harga Bengkulu Tengah"
2023-11-17,PHP17,GLP01,16550,kg,BD-PIHPS,,,,,"PIHPS Provinsi Bengkulu (rata-rata pasar tradisional), bukan harga Bengkulu Tengah"
2023-11-17,PHP17,GLP02,16400,kg,BD-PIHPS,,,,,"PIHPS Provinsi Bengkulu (rata-rata pasar tradisional), bukan harga Bengkulu Tengah"
2023-11-17,PHP17,MGR01,15000,liter,BD-PIHPS,,,,,"PIHPS Provinsi Bengkulu (rata-rata pasar tradisional), bukan harga Bengkulu Tengah"
2023-11-17,PHP17,MGR02,18950,liter,BD-PIHPS,,,,,"PIHPS Provinsi Bengkulu (rata-rata pasar tradisional), bukan harga Bengkulu Tengah"
2023-11-17,PHP17,MGR03,17200,liter,BD-PIHPS,,,,,"PIHPS Provinsi Bengkulu (rata-rata pasar tradisional), bukan harga Bengkulu Tengah"
2023-11-17,PHP17,TLR01,26050,kg,BD-PIHPS,,,,,"PIHPS Provinsi Bengkulu (rata-rata pasar tradisional), bukan harga Bengkulu Tengah"
2023-11-20,PHP17,BRS01,13900,kg,BD-PIHPS,,,,,"PIHPS Provinsi Bengkulu (rata-rata pasar tradisional), bukan harga Bengkulu Tengah"
2023-11-20,PHP17,BRS02,14850,kg,BD-PIHPS,,,,,"PIHPS Provinsi Bengkulu (rata-rata pasar tradisional), bukan harga Bengkulu Tengah"
2023-11-20,PHP17,BRS03,14200,kg,BD-PIHPS,,,,,"PIHPS Provinsi Bengkulu (rata-rata pasar tradisional), bukan harga Bengkulu Tengah"
2023-11-20,PHP17,BRS04,14800,kg,BD-PIHPS,,,,,"PIHPS Provinsi Bengkulu (rata-rata pasar tradisional), bukan harga Bengkulu Tengah"
2023-11-20,PHP17,BRS05,15100,kg,BD-PIHPS,,,,,"PIHPS Provinsi Bengkulu (rata-rata pasar tradisional), bukan harga Bengkulu Tengah"
2023-11-20,PHP17,BRS06,15100,kg,BD-PIHPS,,,,,"PIHPS Provinsi Bengkulu (rata-rata pasar tradisional), bukan harga Bengkulu Tengah"
2023-11-20,PHP17,BWM01,30250,kg,BD-PIHPS,,,,,"PIHPS Provinsi Bengkulu (rata-rata pasar tradisional), bukan harga Bengkulu Tengah"
2023-11-20,PHP17,BWP01,35400,kg,BD-PIHPS,,,,,"PIHPS Provinsi Bengkulu (rata-rata pasar tradisional), bukan harga Bengkulu Tengah"
2023-11-20,PHP17,CMR01,71250,kg,BD-PIHPS,,,,,"PIHPS Provinsi Bengkulu (rata-rata pasar tradisional), bukan harga Bengkulu Tengah"
2023-11-20,PHP17,CMR02,76650,kg,BD-PIHPS,,,,,"PIHPS Provinsi Bengkulu (rata-rata pasar tradisional), bukan harga Bengkulu Tengah"
2023-11-20,PHP17,CRW01,68750,kg,BD-PIHPS,,,,,"PIHPS Provinsi Bengkulu (rata-rata pasar tradisional), bukan harga Bengkulu Tengah"
2023-11-20,PHP17,CRW02,58200,kg,BD-PIHPS,,,,,"PIHPS Provinsi Bengkulu (rata-rata pasar tradisional), bukan harga Bengkulu Tengah"
2023-11-20,PHP17,DAY01,27150,kg,BD-PIHPS,,,,,"PIHPS Provinsi Bengkulu (rata-rata pasar tradisional), bukan harga Bengkulu Tengah"
2023-11-20,PHP17,DSP01,136250,kg,BD-PIHPS,,,,,"PIHPS Provinsi Bengkulu (rata-rata pasar tradisional), bukan harga Bengkulu Tengah"
2023-11-20,PHP17,DSP02,135000,kg,BD-PIHPS,,,,,"PIHPS Provinsi Bengkulu (rata-rata pasar tradisional), bukan harga Bengkulu Tengah"
2023-11-20,PHP17,GLP01,17000,kg,BD-PIHPS,,,,,"PIHPS Provinsi Bengkulu (rata-rata pasar tradisional), bukan harga Bengkulu Tengah"
2023-11-20,PHP17,GLP02,16750,kg,BD-PIHPS,,,,,"PIHPS Provinsi Bengkulu (rata-rata pasar tradisional), bukan harga Bengkulu Tengah"
2023-11-20,PHP17,MGR01,15000,liter,BD-PIHPS,,,,,"PIHPS Provinsi Bengkulu (rata-rata pasar tradisional), bukan harga Bengkulu Tengah"
2023-11-20,PHP17,MGR02,18950,liter,BD-PIHPS,,,,,"PIHPS Provinsi Bengkulu (rata-rata pasar tradisional), bukan harga Bengkulu Tengah"
2023-11-20,PHP17,MGR03,17200,liter,BD-PIHPS,,,,,"PIHPS Provinsi Bengkulu (rata-rata pasar tradisional), bukan harga Bengkulu Tengah"
2023-11-20,PHP17,TLR01,26050,kg,BD-PIHPS,,,,,"PIHPS Provinsi Bengkulu (rata-rata pasar tradisional), bukan harga Bengkulu Tengah"
2023-11-21,PHP17,BRS01,13900,kg,BD-PIHPS,,,,,"PIHPS Provinsi Bengkulu (rata-rata pasar tradisional), bukan harga Bengkulu Tengah"
2023-11-21,PHP17,BRS02,14850,kg,BD-PIHPS,,,,,"PIHPS Provinsi Bengkulu (rata-rata pasar tradisional), bukan harga Bengkulu Tengah"
2023-11-21,PHP17,BRS03,14200,kg,BD-PIHPS,,,,,"PIHPS Provinsi Bengkulu (rata-rata pasar tradisional), bukan harga Bengkulu Tengah"
2023-11-21,PHP17,BRS04,14800,kg,BD-PIHPS,,,,,"PIHPS Provinsi Bengkulu (rata-rata pasar tradisional), bukan harga Bengkulu Tengah"
2023-11-21,PHP17,BRS05,15100,kg,BD-PIHPS,,,,,"PIHPS Provinsi Bengkulu (rata-rata pasar tradisional), bukan harga Bengkulu Tengah"
2023-11-21,PHP17,BRS06,15100,kg,BD-PIHPS,,,,,"PIHPS Provinsi Bengkulu (rata-rata pasar tradisional), bukan harga Bengkulu Tengah"
2023-11-21,PHP17,BWM01,31150,kg,BD-PIHPS,,,,,"PIHPS Provinsi Bengkulu (rata-rata pasar tradisional), bukan harga Bengkulu Tengah"
2023-11-21,PHP17,BWP01,34400,kg,BD-PIHPS,,,,,"PIHPS Provinsi Bengkulu (rata-rata pasar tradisional), bukan harga Bengkulu Tengah"
2023-11-21,PHP17,CMR01,73000,kg,BD-PIHPS,,,,,"PIHPS Provinsi Bengkulu (rata-rata pasar tradisional), bukan harga Bengkulu Tengah"
2023-11-21,PHP17,CMR02,78250,kg,BD-PIHPS,,,,,"PIHPS Provinsi Bengkulu (rata-rata pasar tradisional), bukan harga Bengkulu Tengah"
2023-11-21,PHP17,CRW01,71150,kg,BD-PIHPS,,,,,"PIHPS Provinsi Bengkulu (rata-rata pasar tradisional), bukan harga Bengkulu Tengah"
2023-11-21,PHP17,CRW02,59650,kg,BD-PIHPS,,,,,"PIHPS Provinsi Bengkulu (rata-rata pasar tradisional), bukan harga Bengkulu Tengah"
2023-11-21,PHP17,DAY01,27150,kg,BD-PIHPS,,,,,"PIHPS Provinsi Bengkulu (rata-rata pasar tradisional), bukan harga Bengkulu Tengah"
2023-11-21,PHP17,DSP01,136250,kg,BD-PIHPS,,,,,"PIHPS Provinsi Bengkulu (rata-rata pasar tradisional), bukan harga Bengkulu Tengah"
2023-11-21,PHP17,DSP02,135000,kg,BD-PIHPS,,,,,"PIHPS Provinsi Bengkulu (rata-rata pasar tradisional), bukan harga Bengkulu Tengah"
2023-11-21,PHP17,GLP01,17000,kg,BD-PIHPS,,,,,"PIHPS Provinsi Bengkulu (rata-rata pasar tradisional), bukan harga Bengkulu Tengah"
2023-11-21,PHP17,GLP02,17150,kg,BD-PIHPS,,,,,"PIHPS Provinsi Bengkulu (rata-rata pasar tradisional), bukan harga Bengkulu Tengah"
2023-11-21,PHP17,MGR01,15000,liter,BD-PIHPS,,,,,"PIHPS Provinsi Bengkulu (rata-rata pasar tradisional), bukan harga Bengkulu Tengah"
2023-11-21,PHP17,MGR02,18950,liter,BD-PIHPS,,,,,"PIHPS Provinsi Bengkulu (rata-rata pasar tradisional), bukan harga Bengkulu Tengah"
2023-11-21,PHP17,MGR03,17200,liter,BD-PIHPS,,,,,"PIHPS Provinsi Bengkulu (rata-rata pasar tradisional), bukan harga Bengkulu Tengah"
2023-11-21,PHP17,TLR01,26050,kg,BD-PIHPS,,,,,"PIHPS Provinsi Bengkulu (rata-rata pasar tradisional), bukan harga Bengkulu Tengah"
2023-11-22,PHP17,BRS01,13900,kg,BD-PIHPS,,,,,"PIHPS Provinsi Bengkulu (rata-rata pasar tradisional), bukan harga Bengkulu Tengah"
2023-11-22,PHP17,BRS02,14850,kg,BD-PIHPS,,,,,"PIHPS Provinsi Bengkulu (rata-rata pasar tradisional), bukan harga Bengkulu Tengah"
2023-11-22,PHP17,BRS03,14500,kg,BD-PIHPS,,,,,"PIHPS Provinsi Bengkulu (rata-rata pasar tradisional), bukan harga Bengkulu Tengah"
2023-11-22,PHP17,BRS04,14800,kg,BD-PIHPS,,,,,"PIHPS Provinsi Bengkulu (rata-rata pasar tradisional), bukan harga Bengkulu Tengah"
2023-11-22,PHP17,BRS05,15100,kg,BD-PIHPS,,,,,"PIHPS Provinsi Bengkulu (rata-rata pasar tradisional), bukan harga Bengkulu Tengah"
2023-11-22,PHP17,BRS06,15100,kg,BD-PIHPS,,,,,"PIHPS Provinsi Bengkulu (rata-rata pasar tradisional), bukan harga Bengkulu Tengah"
2023-11-22,PHP17,BWM01,31000,kg,BD-PIHPS,,,,,"PIHPS Provinsi Bengkulu (rata-rata pasar tradisional), bukan harga Bengkulu Tengah"
2023-11-22,PHP17,BWP01,34000,kg,BD-PIHPS,,,,,"PIHPS Provinsi Bengkulu (rata-rata pasar tradisional), bukan harga Bengkulu Tengah"
2023-11-22,PHP17,CMR01,74150,kg,BD-PIHPS,,,,,"PIHPS Provinsi Bengkulu (rata-rata pasar tradisional), bukan harga Bengkulu Tengah"
2023-11-22,PHP17,CMR02,79750,kg,BD-PIHPS,,,,,"PIHPS Provinsi Bengkulu (rata-rata pasar tradisional), bukan harga Bengkulu Tengah"
2023-11-22,PHP17,CRW01,70500,kg,BD-PIHPS,,,,,"PIHPS Provinsi Bengkulu (rata-rata pasar tradisional), bukan harga Bengkulu Tengah"
2023-11-22,PHP17,CRW02,59650,kg,BD-PIHPS,,,,,"PIHPS Provinsi Bengkulu (rata-rata pasar tradisional), bukan harga Bengkulu Tengah"
2023-11-22,PHP17,DAY01,27150,kg,BD-PIHPS,,,,,"PIHPS Provinsi Bengkulu (rata-rata pasar tradisional), bukan harga Bengkulu Tengah"
2023-11-22,PHP17,DSP01,136250,kg,BD-PIHPS,,,,,"PIHPS Provinsi Bengkulu (rata-rata pasar tradisional), bukan harga Bengkulu Tengah"
2023-11-22,PHP17,DSP02,135000,kg,BD-PIHPS,,,,,"PIHPS Provinsi Bengkulu (rata-rata pasar tradisional), bukan harga Bengkulu Tengah"
2023-11-22,PHP17,GLP01,17000,kg,BD-PIHPS,,,,,"PIHPS Provinsi Bengkulu (rata-rata pasar tradisional), bukan harga Bengkulu Tengah"
2023-11-22,PHP17,GLP02,17150,kg,BD-PIHPS,,,,,"PIHPS Provinsi Bengkulu (rata-rata pasar tradisional), bukan harga Bengkulu Tengah"
2023-11-22,PHP17,MGR01,15000,liter,BD-PIHPS,,,,,"PIHPS Provinsi Bengkulu (rata-rata pasar tradisional), bukan harga Bengkulu Tengah"
2023-11-22,PHP17,MGR02,18950,liter,BD-PIHPS,,,,,"PIHPS Provinsi Bengkulu (rata-rata pasar tradisional), bukan harga Bengkulu Tengah"
2023-11-22,PHP17,MGR03,17200,liter,BD-PIHPS,,,,,"PIHPS Provinsi Bengkulu (rata-rata pasar tradisional), bukan harga Bengkulu Tengah"
2023-11-22,PHP17,TLR01,26050,kg,BD-PIHPS,,,,,"PIHPS Provinsi Bengkulu (rata-rata pasar tradisional), bukan harga Bengkulu Tengah"
2023-11-23,PHP17,BRS01,13900,kg,BD-PIHPS,,,,,"PIHPS Provinsi Bengkulu (rata-rata pasar tradisional), bukan harga Bengkulu Tengah"
2023-11-23,PHP17,BRS02,14850,kg,BD-PIHPS,,,,,"PIHPS Provinsi Bengkulu (rata-rata pasar tradisional), bukan harga Bengkulu Tengah"
2023-11-23,PHP17,BRS03,14500,kg,BD-PIHPS,,,,,"PIHPS Provinsi Bengkulu (rata-rata pasar tradisional), bukan harga Bengkulu Tengah"
2023-11-23,PHP17,BRS04,14800,kg,BD-PIHPS,,,,,"PIHPS Provinsi Bengkulu (rata-rata pasar tradisional), bukan harga Bengkulu Tengah"
2023-11-23,PHP17,BRS05,15100,kg,BD-PIHPS,,,,,"PIHPS Provinsi Bengkulu (rata-rata pasar tradisional), bukan harga Bengkulu Tengah"
2023-11-23,PHP17,BRS06,15100,kg,BD-PIHPS,,,,,"PIHPS Provinsi Bengkulu (rata-rata pasar tradisional), bukan harga Bengkulu Tengah"
2023-11-23,PHP17,BWM01,31000,kg,BD-PIHPS,,,,,"PIHPS Provinsi Bengkulu (rata-rata pasar tradisional), bukan harga Bengkulu Tengah"
2023-11-23,PHP17,BWP01,33750,kg,BD-PIHPS,,,,,"PIHPS Provinsi Bengkulu (rata-rata pasar tradisional), bukan harga Bengkulu Tengah"
2023-11-23,PHP17,CMR01,74750,kg,BD-PIHPS,,,,,"PIHPS Provinsi Bengkulu (rata-rata pasar tradisional), bukan harga Bengkulu Tengah"
2023-11-23,PHP17,CMR02,80500,kg,BD-PIHPS,,,,,"PIHPS Provinsi Bengkulu (rata-rata pasar tradisional), bukan harga Bengkulu Tengah"
2023-11-23,PHP17,CRW01,70250,kg,BD-PIHPS,,,,,"PIHPS Provinsi Bengkulu (rata-rata pasar tradisional), bukan harga Bengkulu Tengah"
2023-11-23,PHP17,CRW02,59650,kg,BD-PIHPS,,,,,"PIHPS Provinsi Bengkulu (rata-rata pasar tradisional), bukan harga Bengkulu Tengah"
2023-11-23,PHP17,DAY01,27150,kg,BD-PIHPS,,,,,"PIHPS Provinsi Bengkulu (rata-rata pasar tradisional), bukan harga Bengkulu Tengah"
2023-11-23,PHP17,DSP01,136250,kg,BD-PIHPS,,,,,"PIHPS Provinsi Bengkulu (rata-rata pasar tradisional), bukan harga Bengkulu Tengah"
2023-11-23,PHP17,DSP02,135000,kg,BD-PIHPS,,,,,"PIHPS Provinsi Bengkulu (rata-rata pasar tradisional), bukan harga Bengkulu Tengah"
2023-11-23,PHP17,GLP01,17000,kg,BD-PIHPS,,,,,"PIHPS Provinsi Bengkulu (rata-rata pasar tradisional), bukan harga Bengkulu Tengah"
2023-11-23,PHP17,GLP02,17150,kg,BD-PIHPS,,,,,"PIHPS Provinsi Bengkulu (rata-rata pasar tradisional), bukan harga Bengkulu Tengah"
2023-11-23,PHP17,MGR01,15000,liter,BD-PIHPS,,,,,"PIHPS Provinsi Bengkulu (rata-rata pasar tradisional), bukan harga Bengkulu Tengah"
2023-11-23,PHP17,MGR02,18950,liter,BD-PIHPS,,,,,"PIHPS Provinsi Bengkulu (rata-rata pasar tradisional), bukan harga Bengkulu Tengah"
2023-11-23,PHP17,MGR03,17200,liter,BD-PIHPS,,,,,"PIHPS Provinsi Bengkulu (rata-rata pasar tradisional), bukan harga Bengkulu Tengah"
2023-11-23,PHP17,TLR01,26050,kg,BD-PIHPS,,,,,"PIHPS Provinsi Bengkulu (rata-rata pasar tradisional), bukan harga Bengkulu Tengah"
2023-11-27,PHP17,BRS01,13900,kg,BD-PIHPS,,,,,"PIHPS Provinsi Bengkulu (rata-rata pasar tradisional), bukan harga Bengkulu Tengah"
2023-11-27,PHP17,BRS02,14850,kg,BD-PIHPS,,,,,"PIHPS Provinsi Bengkulu (rata-rata pasar tradisional), bukan harga Bengkulu Tengah"
2023-11-27,PHP17,BRS03,14500,kg,BD-PIHPS,,,,,"PIHPS Provinsi Bengkulu (rata-rata pasar tradisional), bukan harga Bengkulu Tengah"
2023-11-27,PHP17,BRS04,14850,kg,BD-PIHPS,,,,,"PIHPS Provinsi Bengkulu (rata-rata pasar tradisional), bukan harga Bengkulu Tengah"
2023-11-27,PHP17,BRS05,15100,kg,BD-PIHPS,,,,,"PIHPS Provinsi Bengkulu (rata-rata pasar tradisional), bukan harga Bengkulu Tengah"
2023-11-27,PHP17,BRS06,15150,kg,BD-PIHPS,,,,,"PIHPS Provinsi Bengkulu (rata-rata pasar tradisional), bukan harga Bengkulu Tengah"
2023-11-27,PHP17,BWM01,31400,kg,BD-PIHPS,,,,,"PIHPS Provinsi Bengkulu (rata-rata pasar tradisional), bukan harga Bengkulu Tengah"
2023-11-27,PHP17,BWP01,35000,kg,BD-PIHPS,,,,,"PIHPS Provinsi Bengkulu (rata-rata pasar tradisional), bukan harga Bengkulu Tengah"
2023-11-27,PHP17,CMR01,77250,kg,BD-PIHPS,,,,,"PIHPS Provinsi Bengkulu (rata-rata pasar tradisional), bukan harga Bengkulu Tengah"
2023-11-27,PHP17,CMR02,84400,kg,BD-PIHPS,,,,,"PIHPS Provinsi Bengkulu (rata-rata pasar tradisional), bukan harga Bengkulu Tengah"
2023-11-27,PHP17,CRW01,72250,kg,BD-PIHPS,,,,,"PIHPS Provinsi Bengkulu (rata-rata pasar tradisional), bukan harga Bengkulu Tengah"
2023-11-27,PHP17,CRW02,62950,kg,BD-PIHPS,,,,,"PIHPS Provinsi Bengkulu (rata-rata pasar tradisional), bukan harga Bengkulu Tengah"
2023-11-27,PHP17,DAY01,26500,kg,BD-PIHPS,,,,,"PIHPS Provinsi Bengkulu (rata-rata pasar tradisional), bukan harga Bengkulu Tengah"
2023-11-27,PHP17,DSP01,136250,kg,BD-PIHPS,,,,,"PIHPS Provinsi Bengkulu (rata-rata pasar tradisional), bukan harga Bengkulu Tengah"
2023-11-27,PHP17,DSP02,135000,kg,BD-PIHPS,,,,,"PIHPS Provinsi Bengkulu (rata-rata pasar tradisional), bukan harga Bengkulu Tengah"
2023-11-27,PHP17,GLP01,17000,kg,BD-PIHPS,,,,,"PIHPS Provinsi Bengkulu (rata-rata pasar tradisional), bukan harga Bengkulu Tengah"
2023-11-27,PHP17,GLP02,17150,kg,BD-PIHPS,,,,,"PIHPS Provinsi Bengkulu (rata-rata pasar tradisional), bukan harga Bengkulu Tengah"
2023-11-27,PHP17,MGR01,15500,liter,BD-PIHPS,,,,,"PIHPS Provinsi Bengkulu (rata-rata pasar tradisional), bukan harga Bengkulu Tengah"
2023-11-27,PHP17,MGR02,18950,liter,BD-PIHPS,,,,,"PIHPS Provinsi Bengkulu (rata-rata pasar tradisional), bukan harga Bengkulu Tengah"
2023-11-27,PHP17,MGR03,17200,liter,BD-PIHPS,,,,,"PIHPS Provinsi Bengkulu (rata-rata pasar tradisional), bukan harga Bengkulu Tengah"
2023-11-27,PHP17,TLR01,26650,kg,BD-PIHPS,,,,,"PIHPS Provinsi Bengkulu (rata-rata pasar tradisional), bukan harga Bengkulu Tengah"
2023-11-28,PHP17,BRS01,13900,kg,BD-PIHPS,,,,,"PIHPS Provinsi Bengkulu (rata-rata pasar tradisional), bukan harga Bengkulu Tengah"
2023-11-28,PHP17,BRS02,14850,kg,BD-PIHPS,,,,,"PIHPS Provinsi Bengkulu (rata-rata pasar tradisional), bukan harga Bengkulu Tengah"
2023-11-28,PHP17,BRS03,14500,kg,BD-PIHPS,,,,,"PIHPS Provinsi Bengkulu (rata-rata pasar tradisional), bukan harga Bengkulu Tengah"
2023-11-28,PHP17,BRS04,14850,kg,BD-PIHPS,,,,,"PIHPS Provinsi Bengkulu (rata-rata pasar tradisional), bukan harga Bengkulu Tengah"
2023-11-28,PHP17,BRS05,15100,kg,BD-PIHPS,,,,,"PIHPS Provinsi Bengkulu (rata-rata pasar tradisional), bukan harga Bengkulu Tengah"
2023-11-28,PHP17,BRS06,15150,kg,BD-PIHPS,,,,,"PIHPS Provinsi Bengkulu (rata-rata pasar tradisional), bukan harga Bengkulu Tengah"
2023-11-28,PHP17,BWM01,32000,kg,BD-PIHPS,,,,,"PIHPS Provinsi Bengkulu (rata-rata pasar tradisional), bukan harga Bengkulu Tengah"
2023-11-28,PHP17,BWP01,35250,kg,BD-PIHPS,,,,,"PIHPS Provinsi Bengkulu (rata-rata pasar tradisional), bukan harga Bengkulu Tengah"
2023-11-28,PHP17,CMR01,79150,kg,BD-PIHPS,,,,,"PIHPS Provinsi Bengkulu (rata-rata pasar tradisional), bukan harga Bengkulu Tengah"
2023-11-28,PHP17,CMR02,87750,kg,BD-PIHPS,,,,,"PIHPS Provinsi Bengkulu (rata-rata pasar tradisional), bukan harga Bengkulu Tengah"
2023-11-28,PHP17,CRW01,72650,kg,BD-PIHPS,,,,,"PIHPS Provinsi Bengkulu (rata-rata pasar tradisional), bukan harga Bengkulu Tengah"
2023-11-28,PHP17,CRW02,63800,kg,BD-PIHPS,,,,,"PIHPS Provinsi Bengkulu (rata-rata pasar tradisional), bukan harga Bengkulu Tengah"
2023-11-28,PHP17,DAY01,26500,kg,BD-PIHPS,,,,,"PIHPS Provinsi Bengkulu (rata-rata pasar tradisional), bukan harga Bengkulu Tengah"
2023-11-28,PHP17,DSP01,136250,kg,BD-PIHPS,,,,,"PIHPS Provinsi Bengkulu (rata-rata pasar tradisional), bukan harga Bengkulu Tengah"
2023-11-28,PHP17,DSP02,135000,kg,BD-PIHPS,,,,,"PIHPS Provinsi Bengkulu (rata-rata pasar tradisional), bukan harga Bengkulu Tengah"
2023-11-28,PHP17,GLP01,17000,kg,BD-PIHPS,,,,,"PIHPS Provinsi Bengkulu (rata-rata pasar tradisional), bukan harga Bengkulu Tengah"
2023-11-28,PHP17,GLP02,17150,kg,BD-PIHPS,,,,,"PIHPS Provinsi Bengkulu (rata-rata pasar tradisional), bukan harga Bengkulu Tengah"
2023-11-28,PHP17,MGR01,15500,liter,BD-PIHPS,,,,,"PIHPS Provinsi Bengkulu (rata-rata pasar tradisional), bukan harga Bengkulu Tengah"
2023-11-28,PHP17,MGR02,18950,liter,BD-PIHPS,,,,,"PIHPS Provinsi Bengkulu (rata-rata pasar tradisional), bukan harga Bengkulu Tengah"
2023-11-28,PHP17,MGR03,17200,liter,BD-PIHPS,,,,,"PIHPS Provinsi Bengkulu (rata-rata pasar tradisional), bukan harga Bengkulu Tengah"
2023-11-28,PHP17,TLR01,26650,kg,BD-PIHPS,,,,,"PIHPS Provinsi Bengkulu (rata-rata pasar tradisional), bukan harga Bengkulu Tengah"
2023-11-30,PHP17,BRS01,13900,kg,BD-PIHPS,,,,,"PIHPS Provinsi Bengkulu (rata-rata pasar tradisional), bukan harga Bengkulu Tengah"
2023-11-30,PHP17,BRS02,14900,kg,BD-PIHPS,,,,,"PIHPS Provinsi Bengkulu (rata-rata pasar tradisional), bukan harga Bengkulu Tengah"
2023-11-30,PHP17,BRS03,14500,kg,BD-PIHPS,,,,,"PIHPS Provinsi Bengkulu (rata-rata pasar tradisional), bukan harga Bengkulu Tengah"
2023-11-30,PHP17,BRS04,14850,kg,BD-PIHPS,,,,,"PIHPS Provinsi Bengkulu (rata-rata pasar tradisional), bukan harga Bengkulu Tengah"
2023-11-30,PHP17,BRS05,15100,kg,BD-PIHPS,,,,,"PIHPS Provinsi Bengkulu (rata-rata pasar tradisional), bukan harga Bengkulu Tengah"
2023-11-30,PHP17,BRS06,15150,kg,BD-PIHPS,,,,,"PIHPS Provinsi Bengkulu (rata-rata pasar tradisional), bukan harga Bengkulu Tengah"
2023-11-30,PHP17,BWM01,33250,kg,BD-PIHPS,,,,,"PIHPS Provinsi Bengkulu (rata-rata pasar tradisional), bukan harga Bengkulu Tengah"
2023-11-30,PHP17,BWP01,35250,kg,BD-PIHPS,,,,,"PIHPS Provinsi Bengkulu (rata-rata pasar tradisional), bukan harga Bengkulu Tengah"
2023-11-30,PHP17,CMR01,82400,kg,BD-PIHPS,,,,,"PIHPS Provinsi Bengkulu (rata-rata pasar tradisional), bukan harga Bengkulu Tengah"
2023-11-30,PHP17,CMR02,89000,kg,BD-PIHPS,,,,,"PIHPS Provinsi Bengkulu (rata-rata pasar tradisional), bukan harga Bengkulu Tengah"
2023-11-30,PHP17,CRW01,73250,kg,BD-PIHPS,,,,,"PIHPS Provinsi Bengkulu (rata-rata pasar tradisional), bukan harga Bengkulu Tengah"
2023-11-30,PHP17,CRW02,65400,kg,BD-PIHPS,,,,,"PIHPS Provinsi Bengkulu (rata-rata pasar tradisional), bukan harga Bengkulu Tengah"
2023-11-30,PHP17,DAY01,25900,kg,BD-PIHPS,,,,,"PIHPS Provinsi Bengkulu (rata-rata pasar tradisional), bukan harga Bengkulu Tengah"
2023-11-30,PHP17,DSP01,136250,kg,BD-PIHPS,,,,,"PIHPS Provinsi Bengkulu (rata-rata pasar tradisional), bukan harga Bengkulu Tengah"
2023-11-30,PHP17,DSP02,135000,kg,BD-PIHPS,,,,,"PIHPS Provinsi Bengkulu (rata-rata pasar tradisional), bukan harga Bengkulu Tengah"
2023-11-30,PHP17,GLP01,17000,kg,BD-PIHPS,,,,,"PIHPS Provinsi Bengkulu (rata-rata pasar tradisional), bukan harga Bengkulu Tengah"
2023-11-30,PHP17,GLP02,17150,kg,BD-PIHPS,,,,,"PIHPS Provinsi Bengkulu (rata-rata pasar tradisional), bukan harga Bengkulu Tengah"
2023-11-30,PHP17,MGR01,15500,liter,BD-PIHPS,,,,,"PIHPS Provinsi Bengkulu (rata-rata pasar tradisional), bukan harga Bengkulu Tengah"
2023-11-30,PHP17,MGR02,18950,liter,BD-PIHPS,,,,,"PIHPS Provinsi Bengkulu (rata-rata pasar tradisional), bukan harga Bengkulu Tengah"
2023-11-30,PHP17,MGR03,17200,liter,BD-PIHPS,,,,,"PIHPS Provinsi Bengkulu (rata-rata pasar tradisional), bukan harga Bengkulu Tengah"
2023-11-30,PHP17,TLR01,26650,kg,BD-PIHPS,,,,,"PIHPS Provinsi Bengkulu (rata-rata pasar tradisional), bukan harga Bengkulu Tengah"
2023-12-01,PHP17,BRS01,13900,kg,BD-PIHPS,,,,,"PIHPS Provinsi Bengkulu (rata-rata pasar tradisional), bukan harga Bengkulu Tengah"
2023-12-01,PHP17,BRS02,14900,kg,BD-PIHPS,,,,,"PIHPS Provinsi Bengkulu (rata-rata pasar tradisional), bukan harga Bengkulu Tengah"
2023-12-01,PHP17,BRS03,14500,kg,BD-PIHPS,,,,,"PIHPS Provinsi Bengkulu (rata-rata pasar tradisional), bukan harga Bengkulu Tengah"
2023-12-01,PHP17,BRS04,14850,kg,BD-PIHPS,,,,,"PIHPS Provinsi Bengkulu (rata-rata pasar tradisional), bukan harga Bengkulu Tengah"
2023-12-01,PHP17,BRS05,15100,kg,BD-PIHPS,,,,,"PIHPS Provinsi Bengkulu (rata-rata pasar tradisional), bukan harga Bengkulu Tengah"
2023-12-01,PHP17,BRS06,15150,kg,BD-PIHPS,,,,,"PIHPS Provinsi Bengkulu (rata-rata pasar tradisional), bukan harga Bengkulu Tengah"
2023-12-01,PHP17,BWM01,32500,kg,BD-PIHPS,,,,,"PIHPS Provinsi Bengkulu (rata-rata pasar tradisional), bukan harga Bengkulu Tengah"
2023-12-01,PHP17,BWP01,35000,kg,BD-PIHPS,,,,,"PIHPS Provinsi Bengkulu (rata-rata pasar tradisional), bukan harga Bengkulu Tengah"
2023-12-01,PHP17,CMR01,82750,kg,BD-PIHPS,,,,,"PIHPS Provinsi Bengkulu (rata-rata pasar tradisional), bukan harga Bengkulu Tengah"
2023-12-01,PHP17,CMR02,89000,kg,BD-PIHPS,,,,,"PIHPS Provinsi Bengkulu (rata-rata pasar tradisional), bukan harga Bengkulu Tengah"
2023-12-01,PHP17,CRW01,73250,kg,BD-PIHPS,,,,,"PIHPS Provinsi Bengkulu (rata-rata pasar tradisional), bukan harga Bengkulu Tengah"
2023-12-01,PHP17,CRW02,66250,kg,BD-PIHPS,,,,,"PIHPS Provinsi Bengkulu (rata-rata pasar tradisional), bukan harga Bengkulu Tengah"
2023-12-01,PHP17,DAY01,25900,kg,BD-PIHPS,,,,,"PIHPS Provinsi Bengkulu (rata-rata pasar tradisional), bukan harga Bengkulu Tengah"
2023-12-01,PHP17,DSP01,136250,kg,BD-PIHPS,,,,,"PIHPS Provinsi Bengkulu (rata-rata pasar tradisional), bukan harga Bengkulu Tengah"
2023-12-01,PHP17,DSP02,135000,kg,BD-PIHPS,,,,,"PIHPS Provinsi Bengkulu (rata-rata pasar tradisional), bukan harga Bengkulu Tengah"
2023-12-01,PHP17,GLP01,17000,kg,BD-PIHPS,,,,,"PIHPS Provinsi Bengkulu (rata-rata pasar tradisional), bukan harga Bengkulu Tengah"
2023-12-01,PHP17,GLP02,17150,kg,BD-PIHPS,,,,,"PIHPS Provinsi Bengkulu (rata-rata pasar tradisional), bukan harga Bengkulu Tengah"
2023-12-01,PHP17,MGR01,15500,liter,BD-PIHPS,,,,,"PIHPS Provinsi Bengkulu (rata-rata pasar tradisional), bukan harga Bengkulu Tengah"
2023-12-01,PHP17,MGR02,18950,liter,BD-PIHPS,,,,,"PIHPS Provinsi Bengkulu (rata-rata pasar tradisional), bukan harga Bengkulu Tengah"
2023-12-01,PHP17,MGR03,17200,liter,BD-PIHPS,,,,,"PIHPS Provinsi Bengkulu (rata-rata pasar tradisional), bukan harga Bengkulu Tengah"
2023-12-01,PHP17,TLR01,26650,kg,BD-PIHPS,,,,,"PIHPS Provinsi Bengkulu (rata-rata pasar tradisional), bukan harga Bengkulu Tengah"
2023-12-04,PHP17,BRS01,13900,kg,BD-PIHPS,,,,,"PIHPS Provinsi Bengkulu (rata-rata pasar tradisional), bukan harga Bengkulu Tengah"
2023-12-04,PHP17,BRS02,14900,kg,BD-PIHPS,,,,,"PIHPS Provinsi Bengkulu (rata-rata pasar tradisional), bukan harga Bengkulu Tengah"
2023-12-04,PHP17,BRS03,14500,kg,BD-PIHPS,,,,,"PIHPS Provinsi Bengkulu (rata-rata pasar tradisional), bukan harga Bengkulu Tengah"
2023-12-04,PHP17,BRS04,14850,kg,BD-PIHPS,,,,,"PIHPS Provinsi Bengkulu (rata-rata pasar tradisional), bukan harga Bengkulu Tengah"
2023-12-04,PHP17,BRS05,15100,kg,BD-PIHPS,,,,,"PIHPS Provinsi Bengkulu (rata-rata pasar tradisional), bukan harga Bengkulu Tengah"
2023-12-04,PHP17,BRS06,15150,kg,BD-PIHPS,,,,,"PIHPS Provinsi Bengkulu (rata-rata pasar tradisional), bukan harga Bengkulu Tengah"
2023-12-04,PHP17,BWM01,32150,kg,BD-PIHPS,,,,,"PIHPS Provinsi Bengkulu (rata-rata pasar tradisional), bukan harga Bengkulu Tengah"
2023-12-04,PHP17,BWP01,35000,kg,BD-PIHPS,,,,,"PIHPS Provinsi Bengkulu (rata-rata pasar tradisional), bukan harga Bengkulu Tengah"
2023-12-04,PHP17,CMR01,84250,kg,BD-PIHPS,,,,,"PIHPS Provinsi Bengkulu (rata-rata pasar tradisional), bukan harga Bengkulu Tengah"
2023-12-04,PHP17,CMR02,89400,kg,BD-PIHPS,,,,,"PIHPS Provinsi Bengkulu (rata-rata pasar tradisional), bukan harga Bengkulu Tengah"
2023-12-04,PHP17,CRW01,70900,kg,BD-PIHPS,,,,,"PIHPS Provinsi Bengkulu (rata-rata pasar tradisional), bukan harga Bengkulu Tengah"
2023-12-04,PHP17,CRW02,66850,kg,BD-PIHPS,,,,,"PIHPS Provinsi Bengkulu (rata-rata pasar tradisional), bukan harga Bengkulu Tengah"
2023-12-04,PHP17,DAY01,27150,kg,BD-PIHPS,,,,,"PIHPS Provinsi Bengkulu (rata-rata pasar tradisional), bukan harga Bengkulu Tengah"
2023-12-04,PHP17,DSP01,136250,kg,BD-PIHPS,,,,,"PIHPS Provinsi Bengkulu (rata-rata pasar tradisional), bukan harga Bengkulu Tengah"
2023-12-04,PHP17,DSP02,135000,kg,BD-PIHPS,,,,,"PIHPS Provinsi Bengkulu (rata-rata pasar tradisional), bukan harga Bengkulu Tengah"
2023-12-04,PHP17,GLP01,17000,kg,BD-PIHPS,,,,,"PIHPS Provinsi Bengkulu (rata-rata pasar tradisional), bukan harga Bengkulu Tengah"
2023-12-04,PHP17,GLP02,17250,kg,BD-PIHPS,,,,,"PIHPS Provinsi Bengkulu (rata-rata pasar tradisional), bukan harga Bengkulu Tengah"
2023-12-04,PHP17,MGR01,14750,liter,BD-PIHPS,,,,,"PIHPS Provinsi Bengkulu (rata-rata pasar tradisional), bukan harga Bengkulu Tengah"
2023-12-04,PHP17,MGR02,18800,liter,BD-PIHPS,,,,,"PIHPS Provinsi Bengkulu (rata-rata pasar tradisional), bukan harga Bengkulu Tengah"
2023-12-04,PHP17,MGR03,17200,liter,BD-PIHPS,,,,,"PIHPS Provinsi Bengkulu (rata-rata pasar tradisional), bukan harga Bengkulu Tengah"
2023-12-04,PHP17,TLR01,26650,kg,BD-PIHPS,,,,,"PIHPS Provinsi Bengkulu (rata-rata pasar tradisional), bukan harga Bengkulu Tengah"
2023-12-05,PHP17,BRS01,13900,kg,BD-PIHPS,,,,,"PIHPS Provinsi Bengkulu (rata-rata pasar tradisional), bukan harga Bengkulu Tengah"
2023-12-05,PHP17,BRS02,14900,kg,BD-PIHPS,,,,,"PIHPS Provinsi Bengkulu (rata-rata pasar tradisional), bukan harga Bengkulu Tengah"
2023-12-05,PHP17,BRS03,14500,kg,BD-PIHPS,,,,,"PIHPS Provinsi Bengkulu (rata-rata pasar tradisional), bukan harga Bengkulu Tengah"
2023-12-05,PHP17,BRS04,14850,kg,BD-PIHPS,,,,,"PIHPS Provinsi Bengkulu (rata-rata pasar tradisional), bukan harga Bengkulu Tengah"
2023-12-05,PHP17,BRS05,15100,kg,BD-PIHPS,,,,,"PIHPS Provinsi Bengkulu (rata-rata pasar tradisional), bukan harga Bengkulu Tengah"
2023-12-05,PHP17,BRS06,15150,kg,BD-PIHPS,,,,,"PIHPS Provinsi Bengkulu (rata-rata pasar tradisional), bukan harga Bengkulu Tengah"
2023-12-05,PHP17,BWM01,32150,kg,BD-PIHPS,,,,,"PIHPS Provinsi Bengkulu (rata-rata pasar tradisional), bukan harga Bengkulu Tengah"
2023-12-05,PHP17,BWP01,35150,kg,BD-PIHPS,,,,,"PIHPS Provinsi Bengkulu (rata-rata pasar tradisional), bukan harga Bengkulu Tengah"
2023-12-05,PHP17,CMR01,84250,kg,BD-PIHPS,,,,,"PIHPS Provinsi Bengkulu (rata-rata pasar tradisional), bukan harga Bengkulu Tengah"
2023-12-05,PHP17,CMR02,89250,kg,BD-PIHPS,,,,,"PIHPS Provinsi Bengkulu (rata-rata pasar tradisional), bukan harga Bengkulu Tengah"
2023-12-05,PHP17,CRW01,69250,kg,BD-PIHPS,,,,,"PIHPS Provinsi Bengkulu (rata-rata pasar tradisional), bukan harga Bengkulu Tengah"
2023-12-05,PHP17,CRW02,67450,kg,BD-PIHPS,,,,,"PIHPS Provinsi Bengkulu (rata-rata pasar tradisional), bukan harga Bengkulu Tengah"
2023-12-05,PHP17,DAY01,27150,kg,BD-PIHPS,,,,,"PIHPS Provinsi Bengkulu (rata-rata pasar tradisional), bukan harga Bengkulu Tengah"
2023-12-05,PHP17,DSP01,136250,kg,BD-PIHPS,,,,,"PIHPS Provinsi Bengkulu (rata-rata pasar tradisional), bukan harga Bengkulu Tengah"
2023-12-05,PHP17,DSP02,135000,kg,BD-PIHPS,,,,,"PIHPS Provinsi Bengkulu (rata-rata pasar tradisional), bukan harga Bengkulu Tengah"
2023-12-05,PHP17,GLP01,17000,kg,BD-PIHPS,,,,,"PIHPS Provinsi Bengkulu (rata-rata pasar tradisional), bukan harga Bengkulu Tengah"
2023-12-05,PHP17,GLP02,17400,kg,BD-PIHPS,,,,,"PIHPS Provinsi Bengkulu (rata-rata pasar tradisional), bukan harga Bengkulu Tengah"
2023-12-05,PHP17,MGR01,14750,liter,BD-PIHPS,,,,,"PIHPS Provinsi Bengkulu (rata-rata pasar tradisional), bukan harga Bengkulu Tengah"
2023-12-05,PHP17,MGR02,18950,liter,BD-PIHPS,,,,,"PIHPS Provinsi Bengkulu (rata-rata pasar tradisional), bukan harga Bengkulu Tengah"
2023-12-05,PHP17,MGR03,17400,liter,BD-PIHPS,,,,,"PIHPS Provinsi Bengkulu (rata-rata pasar tradisional), bukan harga Bengkulu Tengah"
2023-12-05,PHP17,TLR01,26950,kg,BD-PIHPS,,,,,"PIHPS Provinsi Bengkulu (rata-rata pasar tradisional), bukan harga Bengkulu Tengah"
2023-12-06,PHP17,BRS01,13900,kg,BD-PIHPS,,,,,"PIHPS Provinsi Bengkulu (rata-rata pasar tradisional), bukan harga Bengkulu Tengah"
2023-12-06,PHP17,BRS02,14900,kg,BD-PIHPS,,,,,"PIHPS Provinsi Bengkulu (rata-rata pasar tradisional), bukan harga Bengkulu Tengah"
2023-12-06,PHP17,BRS03,14500,kg,BD-PIHPS,,,,,"PIHPS Provinsi Bengkulu (rata-rata pasar tradisional), bukan harga Bengkulu Tengah"
2023-12-06,PHP17,BRS04,14800,kg,BD-PIHPS,,,,,"PIHPS Provinsi Bengkulu (rata-rata pasar tradisional), bukan harga Bengkulu Tengah"
2023-12-06,PHP17,BRS05,15100,kg,BD-PIHPS,,,,,"PIHPS Provinsi Bengkulu (rata-rata pasar tradisional), bukan harga Bengkulu Tengah"
2023-12-06,PHP17,BRS06,15100,kg,BD-PIHPS,,,,,"PIHPS Provinsi Bengkulu (rata-rata pasar tradisional), bukan harga Bengkulu Tengah"
2023-12-06,PHP17,BWM01,33250,kg,BD-PIHPS,,,,,"PIHPS Provinsi Bengkulu (rata-rata pasar tradisional), bukan harga Bengkulu Tengah"
2023-12-06,PHP17,BWP01,35250,kg,BD-PIHPS,,,,,"PIHPS Provinsi Bengkulu (rata-rata pasar tradisional), bukan harga Bengkulu Tengah"
2023-12-06,PHP17,CMR01,85000,kg,BD-PIHPS,,,,,"PIHPS Provinsi Bengkulu (rata-rata pasar tradisional), bukan harga Bengkulu Tengah"
2023-12-06,PHP17,CMR02,89500,kg,BD-PIHPS,,,,,"PIHPS Provinsi Bengkulu (rata-rata pasar tradisional), bukan harga Bengkulu Tengah"
2023-12-06,PHP17,CRW01,69250,kg,BD-PIHPS,,,,,"PIHPS Provinsi Bengkulu (rata-rata pasar tradisional), bukan harga Bengkulu Tengah"
2023-12-06,PHP17,CRW02,67450,kg,BD-PIHPS,,,,,"PIHPS Provinsi Bengkulu (rata-rata pasar tradisional), bukan harga Bengkulu Tengah"
2023-12-06,PHP17,DAY01,27150,kg,BD-PIHPS,,,,,"PIHPS Provinsi Bengkulu (rata-rata pasar tradisional), bukan harga Bengkulu Tengah"
2023-12-06,PHP17,DSP01,136250,kg,BD-PIHPS,,,,,"PIHPS Provinsi Bengkulu (rata-rata pasar tradisional), bukan harga Bengkulu Tengah"
2023-12-06,PHP17,DSP02,135000,kg,BD-PIHPS,,,,,"PIHPS Provinsi Bengkulu (rata-rata pasar tradisional), bukan harga Bengkulu Tengah"
2023-12-06,PHP17,GLP01,17000,kg,BD-PIHPS,,,,,"PIHPS Provinsi Bengkulu (rata-rata pasar tradisional), bukan harga Bengkulu Tengah"
2023-12-06,PHP17,GLP02,17400,kg,BD-PIHPS,,,,,"PIHPS Provinsi Bengkulu (rata-rata pasar tradisional), bukan harga Bengkulu Tengah"
2023-12-06,PHP17,MGR01,14750,liter,BD-PIHPS,,,,,"PIHPS Provinsi Bengkulu (rata-rata pasar tradisional), bukan harga Bengkulu Tengah"
2023-12-06,PHP17,MGR02,18950,liter,BD-PIHPS,,,,,"PIHPS Provinsi Bengkulu (rata-rata pasar tradisional), bukan harga Bengkulu Tengah"
2023-12-06,PHP17,MGR03,17400,liter,BD-PIHPS,,,,,"PIHPS Provinsi Bengkulu (rata-rata pasar tradisional), bukan harga Bengkulu Tengah"
2023-12-06,PHP17,TLR01,26950,kg,BD-PIHPS,,,,,"PIHPS Provinsi Bengkulu (rata-rata pasar tradisional), bukan harga Bengkulu Tengah"
2023-12-07,PHP17,BRS01,13900,kg,BD-PIHPS,,,,,"PIHPS Provinsi Bengkulu (rata-rata pasar tradisional), bukan harga Bengkulu Tengah"
2023-12-07,PHP17,BRS02,14900,kg,BD-PIHPS,,,,,"PIHPS Provinsi Bengkulu (rata-rata pasar tradisional), bukan harga Bengkulu Tengah"
2023-12-07,PHP17,BRS03,14500,kg,BD-PIHPS,,,,,"PIHPS Provinsi Bengkulu (rata-rata pasar tradisional), bukan harga Bengkulu Tengah"
2023-12-07,PHP17,BRS04,14800,kg,BD-PIHPS,,,,,"PIHPS Provinsi Bengkulu (rata-rata pasar tradisional), bukan harga Bengkulu Tengah"
2023-12-07,PHP17,BRS05,15100,kg,BD-PIHPS,,,,,"PIHPS Provinsi Bengkulu (rata-rata pasar tradisional), bukan harga Bengkulu Tengah"
2023-12-07,PHP17,BRS06,15100,kg,BD-PIHPS,,,,,"PIHPS Provinsi Bengkulu (rata-rata pasar tradisional), bukan harga Bengkulu Tengah"
2023-12-07,PHP17,BWM01,34400,kg,BD-PIHPS,,,,,"PIHPS Provinsi Bengkulu (rata-rata pasar tradisional), bukan harga Bengkulu Tengah"
2023-12-07,PHP17,BWP01,35250,kg,BD-PIHPS,,,,,"PIHPS Provinsi Bengkulu (rata-rata pasar tradisional), bukan harga Bengkulu Tengah"
2023-12-07,PHP17,CMR01,85250,kg,BD-PIHPS,,,,,"PIHPS Provinsi Bengkulu (rata-rata pasar tradisional), bukan harga Bengkulu Tengah"
2023-12-07,PHP17,CMR02,89500,kg,BD-PIHPS,,,,,"PIHPS Provinsi Bengkulu (rata-rata pasar tradisional), bukan harga Bengkulu Tengah"
2023-12-07,PHP17,CRW01,69250,kg,BD-PIHPS,,,,,"PIHPS Provinsi Bengkulu (rata-rata pasar tradisional), bukan harga Bengkulu Tengah"
2023-12-07,PHP17,CRW02,68050,kg,BD-PIHPS,,,,,"PIHPS Provinsi Bengkulu (rata-rata pasar tradisional), bukan harga Bengkulu Tengah"
2023-12-07,PHP17,DAY01,27150,kg,BD-PIHPS,,,,,"PIHPS Provinsi Bengkulu (rata-rata pasar tradisional), bukan harga Bengkulu Tengah"
2023-12-07,PHP17,DSP01,136250,kg,BD-PIHPS,,,,,"PIHPS Provinsi Bengkulu (rata-rata pasar tradisional), bukan harga Bengkulu Tengah"
2023-12-07,PHP17,DSP02,135000,kg,BD-PIHPS,,,,,"PIHPS Provinsi Bengkulu (rata-rata pasar tradisional), bukan harga Bengkulu Tengah"
2023-12-07,PHP17,GLP01,17000,kg,BD-PIHPS,,,,,"PIHPS Provinsi Bengkulu (rata-rata pasar tradisional), bukan harga Bengkulu Tengah"
2023-12-07,PHP17,GLP02,17400,kg,BD-PIHPS,,,,,"PIHPS Provinsi Bengkulu (rata-rata pasar tradisional), bukan harga Bengkulu Tengah"
2023-12-07,PHP17,MGR01,14750,liter,BD-PIHPS,,,,,"PIHPS Provinsi Bengkulu (rata-rata pasar tradisional), bukan harga Bengkulu Tengah"
2023-12-07,PHP17,MGR02,18950,liter,BD-PIHPS,,,,,"PIHPS Provinsi Bengkulu (rata-rata pasar tradisional), bukan harga Bengkulu Tengah"
2023-12-07,PHP17,MGR03,17400,liter,BD-PIHPS,,,,,"PIHPS Provinsi Bengkulu (rata-rata pasar tradisional), bukan harga Bengkulu Tengah"
2023-12-07,PHP17,TLR01,26950,kg,BD-PIHPS,,,,,"PIHPS Provinsi Bengkulu (rata-rata pasar tradisional), bukan harga Bengkulu Tengah"
2023-12-08,PHP17,BRS01,13900,kg,BD-PIHPS,,,,,"PIHPS Provinsi Bengkulu (rata-rata pasar tradisional), bukan harga Bengkulu Tengah"
2023-12-08,PHP17,BRS02,14900,kg,BD-PIHPS,,,,,"PIHPS Provinsi Bengkulu (rata-rata pasar tradisional), bukan harga Bengkulu Tengah"
2023-12-08,PHP17,BRS03,14500,kg,BD-PIHPS,,,,,"PIHPS Provinsi Bengkulu (rata-rata pasar tradisional), bukan harga Bengkulu Tengah"
2023-12-08,PHP17,BRS04,14800,kg,BD-PIHPS,,,,,"PIHPS Provinsi Bengkulu (rata-rata pasar tradisional), bukan harga Bengkulu Tengah"
2023-12-08,PHP17,BRS05,15100,kg,BD-PIHPS,,,,,"PIHPS Provinsi Bengkulu (rata-rata pasar tradisional), bukan harga Bengkulu Tengah"
2023-12-08,PHP17,BRS06,15100,kg,BD-PIHPS,,,,,"PIHPS Provinsi Bengkulu (rata-rata pasar tradisional), bukan harga Bengkulu Tengah"
2023-12-08,PHP17,BWM01,34650,kg,BD-PIHPS,,,,,"PIHPS Provinsi Bengkulu (rata-rata pasar tradisional), bukan harga Bengkulu Tengah"
2023-12-08,PHP17,BWP01,35250,kg,BD-PIHPS,,,,,"PIHPS Provinsi Bengkulu (rata-rata pasar tradisional), bukan harga Bengkulu Tengah"
2023-12-08,PHP17,CMR01,78900,kg,BD-PIHPS,,,,,"PIHPS Provinsi Bengkulu (rata-rata pasar tradisional), bukan harga Bengkulu Tengah"
2023-12-08,PHP17,CMR02,84650,kg,BD-PIHPS,,,,,"PIHPS Provinsi Bengkulu (rata-rata pasar tradisional), bukan harga Bengkulu Tengah"
2023-12-08,PHP17,CRW01,65000,kg,BD-PIHPS,,,,,"PIHPS Provinsi Bengkulu (rata-rata pasar tradisional), bukan harga Bengkulu Tengah"
2023-12-08,PHP17,CRW02,64750,kg,BD-PIHPS,,,,,"PIHPS Provinsi Bengkulu (rata-rata pasar tradisional), bukan harga Bengkulu Tengah"
2023-12-08,PHP17,DAY01,27150,kg,BD-PIHPS,,,,,"PIHPS Provinsi Bengkulu (rata-rata pasar tradisional), bukan harga Bengkulu Tengah"
2023-12-08,PHP17,DSP01,136250,kg,BD-PIHPS,,,,,"PIHPS Provinsi Bengkulu (rata-rata pasar tradisional), bukan harga Bengkulu Tengah"
2023-12-08,PHP17,DSP02,135000,kg,BD-PIHPS,,,,,"PIHPS Provinsi Bengkulu (rata-rata pasar tradisional), bukan harga Bengkulu Tengah"
2023-12-08,PHP17,GLP01,17000,kg,BD-PIHPS,,,,,"PIHPS Provinsi Bengkulu (rata-rata pasar tradisional), bukan harga Bengkulu Tengah"
2023-12-08,PHP17,GLP02,17400,kg,BD-PIHPS,,,,,"PIHPS Provinsi Bengkulu (rata-rata pasar tradisional), bukan harga Bengkulu Tengah"
2023-12-08,PHP17,MGR01,14750,liter,BD-PIHPS,,,,,"PIHPS Provinsi Bengkulu (rata-rata pasar tradisional), bukan harga Bengkulu Tengah"
2023-12-08,PHP17,MGR02,18950,liter,BD-PIHPS,,,,,"PIHPS Provinsi Bengkulu (rata-rata pasar tradisional), bukan harga Bengkulu Tengah"
2023-12-08,PHP17,MGR03,17400,liter,BD-PIHPS,,,,,"PIHPS Provinsi Bengkulu (rata-rata pasar tradisional), bukan harga Bengkulu Tengah"
2023-12-08,PHP17,TLR01,26950,kg,BD-PIHPS,,,,,"PIHPS Provinsi Bengkulu (rata-rata pasar tradisional), bukan harga Bengkulu Tengah"
2023-12-11,PHP17,BRS01,13900,kg,BD-PIHPS,,,,,"PIHPS Provinsi Bengkulu (rata-rata pasar tradisional), bukan harga Bengkulu Tengah"
2023-12-11,PHP17,BRS02,14900,kg,BD-PIHPS,,,,,"PIHPS Provinsi Bengkulu (rata-rata pasar tradisional), bukan harga Bengkulu Tengah"
2023-12-11,PHP17,BRS03,14500,kg,BD-PIHPS,,,,,"PIHPS Provinsi Bengkulu (rata-rata pasar tradisional), bukan harga Bengkulu Tengah"
2023-12-11,PHP17,BRS04,14800,kg,BD-PIHPS,,,,,"PIHPS Provinsi Bengkulu (rata-rata pasar tradisional), bukan harga Bengkulu Tengah"
2023-12-11,PHP17,BRS05,15100,kg,BD-PIHPS,,,,,"PIHPS Provinsi Bengkulu (rata-rata pasar tradisional), bukan harga Bengkulu Tengah"
2023-12-11,PHP17,BRS06,15100,kg,BD-PIHPS,,,,,"PIHPS Provinsi Bengkulu (rata-rata pasar tradisional), bukan harga Bengkulu Tengah"
2023-12-11,PHP17,BWM01,35000,kg,BD-PIHPS,,,,,"PIHPS Provinsi Bengkulu (rata-rata pasar tradisional), bukan harga Bengkulu Tengah"
2023-12-11,PHP17,BWP01,35900,kg,BD-PIHPS,,,,,"PIHPS Provinsi Bengkulu (rata-rata pasar tradisional), bukan harga Bengkulu Tengah"
2023-12-11,PHP17,CMR01,76000,kg,BD-PIHPS,,,,,"PIHPS Provinsi Bengkulu (rata-rata pasar tradisional), bukan harga Bengkulu Tengah"
2023-12-11,PHP17,CMR02,81500,kg,BD-PIHPS,,,,,"PIHPS Provinsi Bengkulu (rata-rata pasar tradisional), bukan harga Bengkulu Tengah"
2023-12-11,PHP17,CRW01,64500,kg,BD-PIHPS,,,,,"PIHPS Provinsi Bengkulu (rata-rata pasar tradisional), bukan harga Bengkulu Tengah"
2023-12-11,PHP17,CRW02,66250,kg,BD-PIHPS,,,,,"PIHPS Provinsi Bengkulu (rata-rata pasar tradisional), bukan harga Bengkulu Tengah"
2023-12-11,PHP17,DAY01,27400,kg,BD-PIHPS,,,,,"PIHPS Provinsi Bengkulu (rata-rata pasar tradisional), bukan harga Bengkulu Tengah"
2023-12-11,PHP17,DSP01,136250,kg,BD-PIHPS,,,,,"PIHPS Provinsi Bengkulu (rata-rata pasar tradisional), bukan harga Bengkulu Tengah"
2023-12-11,PHP17,DSP02,135000,kg,BD-PIHPS,,,,,"PIHPS Provinsi Bengkulu (rata-rata pasar tradisional), bukan harga Bengkulu Tengah"
2023-12-11,PHP17,GLP01,17050,kg,BD-PIHPS,,,,,"PIHPS Provinsi Bengkulu (rata-rata pasar tradisional), bukan harga Bengkulu Tengah"
2023-12-11,PHP17,GLP02,17500,kg,BD-PIHPS,,,,,"PIHPS Provinsi Bengkulu (rata-rata pasar tradisional), bukan harga Bengkulu Tengah"
2023-12-11,PHP17,MGR01,14750,liter,BD-PIHPS,,,,,"PIHPS Provinsi Bengkulu (rata-rata pasar tradisional), bukan harga Bengkulu Tengah"
2023-12-11,PHP17,MGR02,18950,liter,BD-PIHPS,,,,,"PIHPS Provinsi Bengkulu (rata-rata pasar tradisional), bukan harga Bengkulu Tengah"
2023-12-11,PHP17,MGR03,17400,liter,BD-PIHPS,,,,,"PIHPS Provinsi Bengkulu (rata-rata pasar tradisional), bukan harga Bengkulu Tengah"
2023-12-11,PHP17,TLR01,26900,kg,BD-PIHPS,,,,,"PIHPS Provinsi Bengkulu (rata-rata pasar tradisional), bukan harga Bengkulu Tengah"
2023-12-12,PHP17,BRS01,13900,kg,BD-PIHPS,,,,,"PIHPS Provinsi Bengkulu (rata-rata pasar tradisional), bukan harga Bengkulu Tengah"
2023-12-12,PHP17,BRS02,14900,kg,BD-PIHPS,,,,,"PIHPS Provinsi Bengkulu (rata-rata pasar tradisional), bukan harga Bengkulu Tengah"
2023-12-12,PHP17,BRS03,14500,kg,BD-PIHPS,,,,,"PIHPS Provinsi Bengkulu (rata-rata pasar tradisional), bukan harga Bengkulu Tengah"
2023-12-12,PHP17,BRS04,14800,kg,BD-PIHPS,,,,,"PIHPS Provinsi Bengkulu (rata-rata pasar tradisional), bukan harga Bengkulu Tengah"
2023-12-12,PHP17,BRS05,15100,kg,BD-PIHPS,,,,,"PIHPS Provinsi Bengkulu (rata-rata pasar tradisional), bukan harga Bengkulu Tengah"
2023-12-12,PHP17,BRS06,15100,kg,BD-PIHPS,,,,,"PIHPS Provinsi Bengkulu (rata-rata pasar tradisional), bukan harga Bengkulu Tengah"
2023-12-12,PHP17,BWM01,35000,kg,BD-PIHPS,,,,,"PIHPS Provinsi Bengkulu (rata-rata pasar tradisional), bukan harga Bengkulu Tengah"
2023-12-12,PHP17,BWP01,36150,kg,BD-PIHPS,,,,,"PIHPS Provinsi Bengkulu (rata-rata pasar tradisional), bukan harga Bengkulu Tengah"
2023-12-12,PHP17,CMR01,74650,kg,BD-PIHPS,,,,,"PIHPS Provinsi Bengkulu (rata-rata pasar tradisional), bukan harga Bengkulu Tengah"
2023-12-12,PHP17,CMR02,79750,kg,BD-PIHPS,,,,,"PIHPS Provinsi Bengkulu (rata-rata pasar tradisional), bukan harga Bengkulu Tengah"
2023-12-12,PHP17,CRW01,63400,kg,BD-PIHPS,,,,,"PIHPS Provinsi Bengkulu (rata-rata pasar tradisional), bukan harga Bengkulu Tengah"
2023-12-12,PHP17,CRW02,67500,kg,BD-PIHPS,,,,,"PIHPS Provinsi Bengkulu (rata-rata pasar tradisional), bukan harga Bengkulu Tengah"
2023-12-12,PHP17,DAY01,27400,kg,BD-PIHPS,,,,,"PIHPS Provinsi Bengkulu (rata-rata pasar tradisional), bukan harga Bengkulu Tengah"
2023-12-12,PHP17,DSP01,136250,kg,BD-PIHPS,,,,,"PIHPS Provinsi Bengkulu (rata-rata pasar tradisional), bukan harga Bengkulu Tengah"
2023-12-12,PHP17,DSP02,135000,kg,BD-PIHPS,,,,,"PIHPS Provinsi Bengkulu (rata-rata pasar tradisional), bukan harga Bengkulu Tengah"
2023-12-12,PHP17,GLP01,17050,kg,BD-PIHPS,,,,,"PIHPS Provinsi Bengkulu (rata-rata pasar tradisional), bukan harga Bengkulu Tengah"
2023-12-12,PHP17,GLP02,17500,kg,BD-PIHPS,,,,,"PIHPS Provinsi Bengkulu (rata-rata pasar tradisional), bukan harga Bengkulu Tengah"
2023-12-12,PHP17,MGR01,14800,liter,BD-PIHPS,,,,,"PIHPS Provinsi Bengkulu (rata-rata pasar tradisional), bukan harga Bengkulu Tengah"
2023-12-12,PHP17,MGR02,18950,liter,BD-PIHPS,,,,,"PIHPS Provinsi Bengkulu (rata-rata pasar tradisional), bukan harga Bengkulu Tengah"
2023-12-12,PHP17,MGR03,17450,liter,BD-PIHPS,,,,,"PIHPS Provinsi Bengkulu (rata-rata pasar tradisional), bukan harga Bengkulu Tengah"
2023-12-12,PHP17,TLR01,26900,kg,BD-PIHPS,,,,,"PIHPS Provinsi Bengkulu (rata-rata pasar tradisional), bukan harga Bengkulu Tengah"
2023-12-13,PHP17,BRS01,13950,kg,BD-PIHPS,,,,,"PIHPS Provinsi Bengkulu (rata-rata pasar tradisional), bukan harga Bengkulu Tengah"
2023-12-13,PHP17,BRS02,14800,kg,BD-PIHPS,,,,,"PIHPS Provinsi Bengkulu (rata-rata pasar tradisional), bukan harga Bengkulu Tengah"
2023-12-13,PHP17,BRS03,14600,kg,BD-PIHPS,,,,,"PIHPS Provinsi Bengkulu (rata-rata pasar tradisional), bukan harga Bengkulu Tengah"
2023-12-13,PHP17,BRS04,14800,kg,BD-PIHPS,,,,,"PIHPS Provinsi Bengkulu (rata-rata pasar tradisional), bukan harga Bengkulu Tengah"
2023-12-13,PHP17,BRS05,15150,kg,BD-PIHPS,,,,,"PIHPS Provinsi Bengkulu (rata-rata pasar tradisional), bukan harga Bengkulu Tengah"
2023-12-13,PHP17,BRS06,15150,kg,BD-PIHPS,,,,,"PIHPS Provinsi Bengkulu (rata-rata pasar tradisional), bukan harga Bengkulu Tengah"
2023-12-13,PHP17,BWM01,35250,kg,BD-PIHPS,,,,,"PIHPS Provinsi Bengkulu (rata-rata pasar tradisional), bukan harga Bengkulu Tengah"
2023-12-13,PHP17,BWP01,36150,kg,BD-PIHPS,,,,,"PIHPS Provinsi Bengkulu (rata-rata pasar tradisional), bukan harga Bengkulu Tengah"
2023-12-13,PHP17,CMR01,73500,kg,BD-PIHPS,,,,,"PIHPS Provinsi Bengkulu (rata-rata pasar tradisional), bukan harga Bengkulu Tengah"
2023-12-13,PHP17,CMR02,79500,kg,BD-PIHPS,,,,,"PIHPS Provinsi Bengkulu (rata-rata pasar tradisional), bukan harga Bengkulu Tengah"
2023-12-13,PHP17,CRW01,59500,kg,BD-PIHPS,,,,,"PIHPS Provinsi Bengkulu (rata-rata pasar tradisional), bukan harga Bengkulu Tengah"
2023-12-13,PHP17,CRW02,65350,kg,BD-PIHPS,,,,,"PIHPS Provinsi Bengkulu (rata-rata pasar tradisional), bukan harga Bengkulu Tengah"
2023-12-13,PHP17,DAY01,27500,kg,BD-PIHPS,,,,,"PIHPS Provinsi Bengkulu (rata-rata pasar tradisional), bukan harga Bengkulu Tengah"
2023-12-13,PHP17,DSP01,136250,kg,BD-PIHPS,,,,,"PIHPS Provinsi Bengkulu (rata-rata pasar tradisional), bukan harga Bengkulu Tengah"
2023-12-13,PHP17,DSP02,135000,kg,BD-PIHPS,,,,,"PIHPS Provinsi Bengkulu (rata-rata pasar tradisional), bukan harga Bengkulu Tengah"
2023-12-13,PHP17,GLP01,17200,kg,BD-PIHPS,,,,,"PIHPS Provinsi Bengkulu (rata-rata pasar tradisional), bukan harga Bengkulu Tengah"
2023-12-13,PHP17,GLP02,17500,kg,BD-PIHPS,,,,,"PIHPS Provinsi Bengkulu (rata-rata pasar tradisional), bukan harga Bengkulu Tengah"
2023-12-13,PHP17,MGR01,14800,liter,BD-PIHPS,,,,,"PIHPS Provinsi Bengkulu (rata-rata pasar tradisional), bukan harga Bengkulu Tengah"
2023-12-13,PHP17,MGR02,18800,liter,BD-PIHPS,,,,,"PIHPS Provinsi Bengkulu (rata-rata pasar tradisional), bukan harga Bengkulu Tengah"
2023-12-13,PHP17,MGR03,17450,liter,BD-PIHPS,,,,,"PIHPS Provinsi Bengkulu (rata-rata pasar tradisional), bukan harga Bengkulu Tengah"
2023-12-13,PHP17,TLR01,26900,kg,BD-PIHPS,,,,,"PIHPS Provinsi Bengkulu (rata-rata pasar tradisional), bukan harga Bengkulu Tengah"
2023-12-14,PHP17,BRS01,14000,kg,BD-PIHPS,,,,,"PIHPS Provinsi Bengkulu (rata-rata pasar tradisional), bukan harga Bengkulu Tengah"
2023-12-14,PHP17,BRS02,14800,kg,BD-PIHPS,,,,,"PIHPS Provinsi Bengkulu (rata-rata pasar tradisional), bukan harga Bengkulu Tengah"
2023-12-14,PHP17,BRS03,14650,kg,BD-PIHPS,,,,,"PIHPS Provinsi Bengkulu (rata-rata pasar tradisional), bukan harga Bengkulu Tengah"
2023-12-14,PHP17,BRS04,14800,kg,BD-PIHPS,,,,,"PIHPS Provinsi Bengkulu (rata-rata pasar tradisional), bukan harga Bengkulu Tengah"
2023-12-14,PHP17,BRS05,15150,kg,BD-PIHPS,,,,,"PIHPS Provinsi Bengkulu (rata-rata pasar tradisional), bukan harga Bengkulu Tengah"
2023-12-14,PHP17,BRS06,15150,kg,BD-PIHPS,,,,,"PIHPS Provinsi Bengkulu (rata-rata pasar tradisional), bukan harga Bengkulu Tengah"
2023-12-14,PHP17,BWM01,35250,kg,BD-PIHPS,,,,,"PIHPS Provinsi Bengkulu (rata-rata pasar tradisional), bukan harga Bengkulu Tengah"
2023-12-14,PHP17,BWP01,36150,kg,BD-PIHPS,,,,,"PIHPS Provinsi Bengkulu (rata-rata pasar tradisional), bukan harga Bengkulu Tengah"
2023-12-14,PHP17,CMR01,73250,kg,BD-PIHPS,,,,,"PIHPS Provinsi Bengkulu (rata-rata pasar tradisional), bukan harga Bengkulu Tengah"
2023-12-14,PHP17,CMR02,79150,kg,BD-PIHPS,,,,,"PIHPS Provinsi Bengkulu (rata-rata pasar tradisional), bukan harga Bengkulu Tengah"
2023-12-14,PHP17,CRW01,57000,kg,BD-PIHPS,,,,,"PIHPS Provinsi Bengkulu (rata-rata pasar tradisional), bukan harga Bengkulu Tengah"
2023-12-14,PHP17,CRW02,62200,kg,BD-PIHPS,,,,,"PIHPS Provinsi Bengkulu (rata-rata pasar tradisional), bukan harga Bengkulu Tengah"
2023-12-14,PHP17,DAY01,27500,kg,BD-PIHPS,,,,,"PIHPS Provinsi Bengkulu (rata-rata pasar tradisional), bukan harga Bengkulu Tengah"
2023-12-14,PHP17,DSP01,136250,kg,BD-PIHPS,,,,,"PIHPS Provinsi Bengkulu (rata-rata pasar tradisional), bukan harga Bengkulu Tengah"
2023-12-14,PHP17,DSP02,135000,kg,BD-PIHPS,,,,,"PIHPS Provinsi Bengkulu (rata-rata pasar tradisional), bukan harga Bengkulu Tengah"
2023-12-14,PHP17,GLP01,17200,kg,BD-PIHPS,,,,,"PIHPS Provinsi Bengkulu (rata-rata pasar tradisional), bukan harga Bengkulu Tengah"
2023-12-14,PHP17,GLP02,17500,kg,BD-PIHPS,,,,,"PIHPS Provinsi Bengkulu (rata-rata pasar tradisional), bukan harga Bengkulu Tengah"
2023-12-14,PHP17,MGR01,14800,liter,BD-PIHPS,,,,,"PIHPS Provinsi Bengkulu (rata-rata pasar tradisional), bukan harga Bengkulu Tengah"
2023-12-14,PHP17,MGR02,18800,liter,BD-PIHPS,,,,,"PIHPS Provinsi Bengkulu (rata-rata pasar tradisional), bukan harga Bengkulu Tengah"
2023-12-14,PHP17,MGR03,17450,liter,BD-PIHPS,,,,,"PIHPS Provinsi Bengkulu (rata-rata pasar tradisional), bukan harga Bengkulu Tengah"
2023-12-14,PHP17,TLR01,26900,kg,BD-PIHPS,,,,,"PIHPS Provinsi Bengkulu (rata-rata pasar tradisional), bukan harga Bengkulu Tengah"
2023-12-15,PHP17,BRS01,14000,kg,BD-PIHPS,,,,,"PIHPS Provinsi Bengkulu (rata-rata pasar tradisional), bukan harga Bengkulu Tengah"
2023-12-15,PHP17,BRS02,14800,kg,BD-PIHPS,,,,,"PIHPS Provinsi Bengkulu (rata-rata pasar tradisional), bukan harga Bengkulu Tengah"
2023-12-15,PHP17,BRS03,14650,kg,BD-PIHPS,,,,,"PIHPS Provinsi Bengkulu (rata-rata pasar tradisional), bukan harga Bengkulu Tengah"
2023-12-15,PHP17,BRS04,14800,kg,BD-PIHPS,,,,,"PIHPS Provinsi Bengkulu (rata-rata pasar tradisional), bukan harga Bengkulu Tengah"
2023-12-15,PHP17,BRS05,15150,kg,BD-PIHPS,,,,,"PIHPS Provinsi Bengkulu (rata-rata pasar tradisional), bukan harga Bengkulu Tengah"
2023-12-15,PHP17,BRS06,15150,kg,BD-PIHPS,,,,,"PIHPS Provinsi Bengkulu (rata-rata pasar tradisional), bukan harga Bengkulu Tengah"
2023-12-15,PHP17,BWM01,35650,kg,BD-PIHPS,,,,,"PIHPS Provinsi Bengkulu (rata-rata pasar tradisional), bukan harga Bengkulu Tengah"
2023-12-15,PHP17,BWP01,36150,kg,BD-PIHPS,,,,,"PIHPS Provinsi Bengkulu (rata-rata pasar tradisional), bukan harga Bengkulu Tengah"
2023-12-15,PHP17,CMR01,74900,kg,BD-PIHPS,,,,,"PIHPS Provinsi Bengkulu (rata-rata pasar tradisional), bukan harga Bengkulu Tengah"
2023-12-15,PHP17,CMR02,80900,kg,BD-PIHPS,,,,,"PIHPS Provinsi Bengkulu (rata-rata pasar tradisional), bukan harga Bengkulu Tengah"
2023-12-15,PHP17,CRW01,59250,kg,BD-PIHPS,,,,,"PIHPS Provinsi Bengkulu (rata-rata pasar tradisional), bukan harga Bengkulu Tengah"
2023-12-15,PHP17,CRW02,62400,kg,BD-PIHPS,,,,,"PIHPS Provinsi Bengkulu (rata-rata pasar tradisional), bukan harga Bengkulu Tengah"
2023-12-15,PHP17,DAY01,27500,kg,BD-PIHPS,,,,,"PIHPS Provinsi Bengkulu (rata-rata pasar tradisional), bukan harga Bengkulu Tengah"
2023-12-15,PHP17,DSP01,136250,kg,BD-PIHPS,,,,,"PIHPS Provinsi Bengkulu (rata-rata pasar tradisional), bukan harga Bengkulu Tengah"
2023-12-15,PHP17,DSP02,135000,kg,BD-PIHPS,,,,,"PIHPS Provinsi Bengkulu (rata-rata pasar tradisional), bukan harga Bengkulu Tengah"
2023-12-15,PHP17,GLP01,17200,kg,BD-PIHPS,,,,,"PIHPS Provinsi Bengkulu (rata-rata pasar tradisional), bukan harga Bengkulu Tengah"
2023-12-15,PHP17,GLP02,17500,kg,BD-PIHPS,,,,,"PIHPS Provinsi Bengkulu (rata-rata pasar tradisional), bukan harga Bengkulu Tengah"
2023-12-15,PHP17,MGR01,14800,liter,BD-PIHPS,,,,,"PIHPS Provinsi Bengkulu (rata-rata pasar tradisional), bukan harga Bengkulu Tengah"
2023-12-15,PHP17,MGR02,18800,liter,BD-PIHPS,,,,,"PIHPS Provinsi Bengkulu (rata-rata pasar tradisional), bukan harga Bengkulu Tengah"
2023-12-15,PHP17,MGR03,17450,liter,BD-PIHPS,,,,,"PIHPS Provinsi Bengkulu (rata-rata pasar tradisional), bukan harga Bengkulu Tengah"
2023-12-15,PHP17,TLR01,26900,kg,BD-PIHPS,,,,,"PIHPS Provinsi Bengkulu (rata-rata pasar tradisional), bukan harga Bengkulu Tengah"
2023-12-18,PHP17,BRS01,14000,kg,BD-PIHPS,,,,,"PIHPS Provinsi Bengkulu (rata-rata pasar tradisional), bukan harga Bengkulu Tengah"
2023-12-18,PHP17,BRS02,14800,kg,BD-PIHPS,,,,,"PIHPS Provinsi Bengkulu (rata-rata pasar tradisional), bukan harga Bengkulu Tengah"
2023-12-18,PHP17,BRS03,14650,kg,BD-PIHPS,,,,,"PIHPS Provinsi Bengkulu (rata-rata pasar tradisional), bukan harga Bengkulu Tengah"
2023-12-18,PHP17,BRS04,14800,kg,BD-PIHPS,,,,,"PIHPS Provinsi Bengkulu (rata-rata pasar tradisional), bukan harga Bengkulu Tengah"
2023-12-18,PHP17,BRS05,15150,kg,BD-PIHPS,,,,,"PIHPS Provinsi Bengkulu (rata-rata pasar tradisional), bukan harga Bengkulu Tengah"
2023-12-18,PHP17,BRS06,15150,kg,BD-PIHPS,,,,,"PIHPS Provinsi Bengkulu (rata-rata pasar tradisional), bukan harga Bengkulu Tengah"
2023-12-18,PHP17,BWM01,35500,kg,BD-PIHPS,,,,,"PIHPS Provinsi Bengkulu (rata-rata pasar tradisional), bukan harga Bengkulu Tengah"
2023-12-18,PHP17,BWP01,35500,kg,BD-PIHPS,,,,,"PIHPS Provinsi Bengkulu (rata-rata pasar tradisional), bukan harga Bengkulu Tengah"
2023-12-18,PHP17,CMR01,62000,kg,BD-PIHPS,,,,,"PIHPS Provinsi Bengkulu (rata-rata pasar tradisional), bukan harga Bengkulu Tengah"
2023-12-18,PHP17,CMR02,68000,kg,BD-PIHPS,,,,,"PIHPS Provinsi Bengkulu (rata-rata pasar tradisional), bukan harga Bengkulu Tengah"
2023-12-18,PHP17,CRW01,51150,kg,BD-PIHPS,,,,,"PIHPS Provinsi Bengkulu (rata-rata pasar tradisional), bukan harga Bengkulu Tengah"
2023-12-18,PHP17,CRW02,57150,kg,BD-PIHPS,,,,,"PIHPS Provinsi Bengkulu (rata-rata pasar tradisional), bukan harga Bengkulu Tengah"
2023-12-18,PHP17,DAY01,27500,kg,BD-PIHPS,,,,,"PIHPS Provinsi Bengkulu (rata-rata pasar tradisional), bukan harga Bengkulu Tengah"
2023-12-18,PHP17,DSP01,136250,kg,BD-PIHPS,,,,,"PIHPS Provinsi Bengkulu (rata-rata pasar tradisional), bukan harga Bengkulu Tengah"
2023-12-18,PHP17,DSP02,135000,kg,BD-PIHPS,,,,,"PIHPS Provinsi Bengkulu (rata-rata pasar tradisional), bukan harga Bengkulu Tengah"
2023-12-18,PHP17,GLP01,17200,kg,BD-PIHPS,,,,,"PIHPS Provinsi Bengkulu (rata-rata pasar tradisional), bukan harga Bengkulu Tengah"
2023-12-18,PHP17,GLP02,17500,kg,BD-PIHPS,,,,,"PIHPS Provinsi Bengkulu (rata-rata pasar tradisional), bukan harga Bengkulu Tengah"
2023-12-18,PHP17,MGR01,14800,liter,BD-PIHPS,,,,,"PIHPS Provinsi Bengkulu (rata-rata pasar tradisional), bukan harga Bengkulu Tengah"
2023-12-18,PHP17,MGR02,18800,liter,BD-PIHPS,,,,,"PIHPS Provinsi Bengkulu (rata-rata pasar tradisional), bukan harga Bengkulu Tengah"
2023-12-18,PHP17,MGR03,17450,liter,BD-PIHPS,,,,,"PIHPS Provinsi Bengkulu (rata-rata pasar tradisional), bukan harga Bengkulu Tengah"
2023-12-18,PHP17,TLR01,26900,kg,BD-PIHPS,,,,,"PIHPS Provinsi Bengkulu (rata-rata pasar tradisional), bukan harga Bengkulu Tengah"
2023-12-19,PHP17,BRS01,14000,kg,BD-PIHPS,,,,,"PIHPS Provinsi Bengkulu (rata-rata pasar tradisional), bukan harga Bengkulu Tengah"
2023-12-19,PHP17,BRS02,14800,kg,BD-PIHPS,,,,,"PIHPS Provinsi Bengkulu (rata-rata pasar tradisional), bukan harga Bengkulu Tengah"
2023-12-19,PHP17,BRS03,14650,kg,BD-PIHPS,,,,,"PIHPS Provinsi Bengkulu (rata-rata pasar tradisional), bukan harga Bengkulu Tengah"
2023-12-19,PHP17,BRS04,14800,kg,BD-PIHPS,,,,,"PIHPS Provinsi Bengkulu (rata-rata pasar tradisional), bukan harga Bengkulu Tengah"
2023-12-19,PHP17,BRS05,15150,kg,BD-PIHPS,,,,,"PIHPS Provinsi Bengkulu (rata-rata pasar tradisional), bukan harga Bengkulu Tengah"
2023-12-19,PHP17,BRS06,15150,kg,BD-PIHPS,,,,,"PIHPS Provinsi Bengkulu (rata-rata pasar tradisional), bukan harga Bengkulu Tengah"
2023-12-19,PHP17,BWM01,35500,kg,BD-PIHPS,,,,,"PIHPS Provinsi Bengkulu (rata-rata pasar tradisional), bukan harga Bengkulu Tengah"
2023-12-19,PHP17,BWP01,35500,kg,BD-PIHPS,,,,,"PIHPS Provinsi Bengkulu (rata-rata pasar tradisional), bukan harga Bengkulu Tengah"
2023-12-19,PHP17,CMR01,57500,kg,BD-PIHPS,,,,,"PIHPS Provinsi Bengkulu (rata-rata pasar tradisional), bukan harga Bengkulu Tengah"
2023-12-19,PHP17,CMR02,63250,kg,BD-PIHPS,,,,,"PIHPS Provinsi Bengkulu (rata-rata pasar tradisional), bukan harga Bengkulu Tengah"
2023-12-19,PHP17,CRW01,46250,kg,BD-PIHPS,,,,,"PIHPS Provinsi Bengkulu (rata-rata pasar tradisional), bukan harga Bengkulu Tengah"
2023-12-19,PHP17,CRW02,54000,kg,BD-PIHPS,,,,,"PIHPS Provinsi Bengkulu (rata-rata pasar tradisional), bukan harga Bengkulu Tengah"
2023-12-19,PHP17,DAY01,29150,kg,BD-PIHPS,,,,,"PIHPS Provinsi Bengkulu (rata-rata pasar tradisional), bukan harga Bengkulu Tengah"
2023-12-19,PHP17,DSP01,136250,kg,BD-PIHPS,,,,,"PIHPS Provinsi Bengkulu (rata-rata pasar tradisional), bukan harga Bengkulu Tengah"
2023-12-19,PHP17,DSP02,135000,kg,BD-PIHPS,,,,,"PIHPS Provinsi Bengkulu (rata-rata pasar tradisional), bukan harga Bengkulu Tengah"
2023-12-19,PHP17,GLP01,17200,kg,BD-PIHPS,,,,,"PIHPS Provinsi Bengkulu (rata-rata pasar tradisional), bukan harga Bengkulu Tengah"
2023-12-19,PHP17,GLP02,17500,kg,BD-PIHPS,,,,,"PIHPS Provinsi Bengkulu (rata-rata pasar tradisional), bukan harga Bengkulu Tengah"
2023-12-19,PHP17,MGR01,14800,liter,BD-PIHPS,,,,,"PIHPS Provinsi Bengkulu (rata-rata pasar tradisional), bukan harga Bengkulu Tengah"
2023-12-19,PHP17,MGR02,18800,liter,BD-PIHPS,,,,,"PIHPS Provinsi Bengkulu (rata-rata pasar tradisional), bukan harga Bengkulu Tengah"
2023-12-19,PHP17,MGR03,17450,liter,BD-PIHPS,,,,,"PIHPS Provinsi Bengkulu (rata-rata pasar tradisional), bukan harga Bengkulu Tengah"
2023-12-19,PHP17,TLR01,26900,kg,BD-PIHPS,,,,,"PIHPS Provinsi Bengkulu (rata-rata pasar tradisional), bukan harga Bengkulu Tengah"
2023-12-20,PHP17,BRS01,13900,kg,BD-PIHPS,,,,,"PIHPS Provinsi Bengkulu (rata-rata pasar tradisional), bukan harga Bengkulu Tengah"
2023-12-20,PHP17,BRS02,14800,kg,BD-PIHPS,,,,,"PIHPS Provinsi Bengkulu (rata-rata pasar tradisional), bukan harga Bengkulu Tengah"
2023-12-20,PHP17,BRS03,14700,kg,BD-PIHPS,,,,,"PIHPS Provinsi Bengkulu (rata-rata pasar tradisional), bukan harga Bengkulu Tengah"
2023-12-20,PHP17,BRS04,14850,kg,BD-PIHPS,,,,,"PIHPS Provinsi Bengkulu (rata-rata pasar tradisional), bukan harga Bengkulu Tengah"
2023-12-20,PHP17,BRS05,15100,kg,BD-PIHPS,,,,,"PIHPS Provinsi Bengkulu (rata-rata pasar tradisional), bukan harga Bengkulu Tengah"
2023-12-20,PHP17,BRS06,15200,kg,BD-PIHPS,,,,,"PIHPS Provinsi Bengkulu (rata-rata pasar tradisional), bukan harga Bengkulu Tengah"
2023-12-20,PHP17,BWM01,36500,kg,BD-PIHPS,,,,,"PIHPS Provinsi Bengkulu (rata-rata pasar tradisional), bukan harga Bengkulu Tengah"
2023-12-20,PHP17,BWP01,36150,kg,BD-PIHPS,,,,,"PIHPS Provinsi Bengkulu (rata-rata pasar tradisional), bukan harga Bengkulu Tengah"
2023-12-20,PHP17,CMR01,54500,kg,BD-PIHPS,,,,,"PIHPS Provinsi Bengkulu (rata-rata pasar tradisional), bukan harga Bengkulu Tengah"
2023-12-20,PHP17,CMR02,59850,kg,BD-PIHPS,,,,,"PIHPS Provinsi Bengkulu (rata-rata pasar tradisional), bukan harga Bengkulu Tengah"
2023-12-20,PHP17,CRW01,47000,kg,BD-PIHPS,,,,,"PIHPS Provinsi Bengkulu (rata-rata pasar tradisional), bukan harga Bengkulu Tengah"
2023-12-20,PHP17,CRW02,52400,kg,BD-PIHPS,,,,,"PIHPS Provinsi Bengkulu (rata-rata pasar tradisional), bukan harga Bengkulu Tengah"
2023-12-20,PHP17,DAY01,29350,kg,BD-PIHPS,,,,,"PIHPS Provinsi Bengkulu (rata-rata pasar tradisional), bukan harga Bengkulu Tengah"
2023-12-20,PHP17,DSP01,138350,kg,BD-PIHPS,,,,,"PIHPS Provinsi Bengkulu (rata-rata pasar tradisional), bukan harga Bengkulu Tengah"
2023-12-20,PHP17,DSP02,136650,kg,BD-PIHPS,,,,,"PIHPS Provinsi Bengkulu (rata-rata pasar tradisional), bukan harga Bengkulu Tengah"
2023-12-20,PHP17,GLP01,16900,kg,BD-PIHPS,,,,,"PIHPS Provinsi Bengkulu (rata-rata pasar tradisional), bukan harga Bengkulu Tengah"
2023-12-20,PHP17,GLP02,17500,kg,BD-PIHPS,,,,,"PIHPS Provinsi Bengkulu (rata-rata pasar tradisional), bukan harga Bengkulu Tengah"
2023-12-20,PHP17,MGR01,14650,liter,BD-PIHPS,,,,,"PIHPS Provinsi Bengkulu (rata-rata pasar tradisional), bukan harga Bengkulu Tengah"
2023-12-20,PHP17,MGR02,18750,liter,BD-PIHPS,,,,,"PIHPS Provinsi Bengkulu (rata-rata pasar tradisional), bukan harga Bengkulu Tengah"
2023-12-20,PHP17,MGR03,17250,liter,BD-PIHPS,,,,,"PIHPS Provinsi Bengkulu (rata-rata pasar tradisional), bukan harga Bengkulu Tengah"
2023-12-20,PHP17,TLR01,26900,kg,BD-PIHPS,,,,,"PIHPS Provinsi Bengkulu (rata-rata pasar tradisional), bukan harga Bengkulu Tengah"
2023-12-21,PHP17,BRS01,14000,kg,BD-PIHPS,,,,,"PIHPS Provinsi Bengkulu (rata-rata pasar tradisional), bukan harga Bengkulu Tengah"
2023-12-21,PHP17,BRS02,14800,kg,BD-PIHPS,,,,,"PIHPS Provinsi Bengkulu (rata-rata pasar tradisional), bukan harga Bengkulu Tengah"
2023-12-21,PHP17,BRS03,14650,kg,BD-PIHPS,,,,,"PIHPS Provinsi Bengkulu (rata-rata pasar tradisional), bukan harga Bengkulu Tengah"
2023-12-21,PHP17,BRS04,14800,kg,BD-PIHPS,,,,,"PIHPS Provinsi Bengkulu (rata-rata pasar tradisional), bukan harga Bengkulu Tengah"
2023-12-21,PHP17,BRS05,15150,kg,BD-PIHPS,,,,,"PIHPS Provinsi Bengkulu (rata-rata pasar tradisional), bukan harga Bengkulu Tengah"
2023-12-21,PHP17,BRS06,15150,kg,BD-PIHPS,,,,,"PIHPS Provinsi Bengkulu (rata-rata pasar tradisional), bukan harga Bengkulu Tengah"
2023-12-21,PHP17,BWM01,36150,kg,BD-PIHPS,,,,,"PIHPS Provinsi Bengkulu (rata-rata pasar tradisional), bukan harga Bengkulu Tengah"
2023-12-21,PHP17,BWP01,36250,kg,BD-PIHPS,,,,,"PIHPS Provinsi Bengkulu (rata-rata pasar tradisional), bukan harga Bengkulu Tengah"
2023-12-21,PHP17,CMR01,51000,kg,BD-PIHPS,,,,,"PIHPS Provinsi Bengkulu (rata-rata pasar tradisional), bukan harga Bengkulu Tengah"
2023-12-21,PHP17,CMR02,56400,kg,BD-PIHPS,,,,,"PIHPS Provinsi Bengkulu (rata-rata pasar tradisional), bukan harga Bengkulu Tengah"
2023-12-21,PHP17,CRW01,43500,kg,BD-PIHPS,,,,,"PIHPS Provinsi Bengkulu (rata-rata pasar tradisional), bukan harga Bengkulu Tengah"
2023-12-21,PHP17,CRW02,47950,kg,BD-PIHPS,,,,,"PIHPS Provinsi Bengkulu (rata-rata pasar tradisional), bukan harga Bengkulu Tengah"
2023-12-21,PHP17,DAY01,29400,kg,BD-PIHPS,,,,,"PIHPS Provinsi Bengkulu (rata-rata pasar tradisional), bukan harga Bengkulu Tengah"
2023-12-21,PHP17,DSP01,136250,kg,BD-PIHPS,,,,,"PIHPS Provinsi Bengkulu (rata-rata pasar tradisional), bukan harga Bengkulu Tengah"
2023-12-21,PHP17,DSP02,135000,kg,BD-PIHPS,,,,,"PIHPS Provinsi Bengkulu (rata-rata pasar tradisional), bukan harga Bengkulu Tengah"
2023-12-21,PHP17,GLP01,17200,kg,BD-PIHPS,,,,,"PIHPS Provinsi Bengkulu (rata-rata pasar tradisional), bukan harga Bengkulu Tengah"
2023-12-21,PHP17,GLP02,17500,kg,BD-PIHPS,,,,,"PIHPS Provinsi Bengkulu (rata-rata pasar tradisional), bukan harga Bengkulu Tengah"
2023-12-21,PHP17,MGR01,14800,liter,BD-PIHPS,,,,,"PIHPS Provinsi Bengkulu (rata-rata pasar tradisional), bukan harga Bengkulu Tengah"
2023-12-21,PHP17,MGR02,18800,liter,BD-PIHPS,,,,,"PIHPS Provinsi Bengkulu (rata-rata pasar tradisional), bukan harga Bengkulu Tengah"
2023-12-21,PHP17,MGR03,17450,liter,BD-PIHPS,,,,,"PIHPS Provinsi Bengkulu (rata-rata pasar tradisional), bukan harga Bengkulu Tengah"
2023-12-21,PHP17,TLR01,26950,kg,BD-PIHPS,,,,,"PIHPS Provinsi Bengkulu (rata-rata pasar tradisional), bukan harga Bengkulu Tengah"
2023-12-22,PHP17,BRS01,14000,kg,BD-PIHPS,,,,,"PIHPS Provinsi Bengkulu (rata-rata pasar tradisional), bukan harga Bengkulu Tengah"
2023-12-22,PHP17,BRS02,14800,kg,BD-PIHPS,,,,,"PIHPS Provinsi Bengkulu (rata-rata pasar tradisional), bukan harga Bengkulu Tengah"
2023-12-22,PHP17,BRS03,14650,kg,BD-PIHPS,,,,,"PIHPS Provinsi Bengkulu (rata-rata pasar tradisional), bukan harga Bengkulu Tengah"
2023-12-22,PHP17,BRS04,14900,kg,BD-PIHPS,,,,,"PIHPS Provinsi Bengkulu (rata-rata pasar tradisional), bukan harga Bengkulu Tengah"
2023-12-22,PHP17,BRS05,15150,kg,BD-PIHPS,,,,,"PIHPS Provinsi Bengkulu (rata-rata pasar tradisional), bukan harga Bengkulu Tengah"
2023-12-22,PHP17,BRS06,15150,kg,BD-PIHPS,,,,,"PIHPS Provinsi Bengkulu (rata-rata pasar tradisional), bukan harga Bengkulu Tengah"
2023-12-22,PHP17,BWM01,37000,kg,BD-PIHPS,,,,,"PIHPS Provinsi Bengkulu (rata-rata pasar tradisional), bukan harga Bengkulu Tengah"
2023-12-22,PHP17,BWP01,36400,kg,BD-PIHPS,,,,,"PIHPS Provinsi Bengkulu (rata-rata pasar tradisional), bukan harga Bengkulu Tengah"
2023-12-22,PHP17,CMR01,46000,kg,BD-PIHPS,,,,,"PIHPS Provinsi Bengkulu (rata-rata pasar tradisional), bukan harga Bengkulu Tengah"
2023-12-22,PHP17,CMR02,51000,kg,BD-PIHPS,,,,,"PIHPS Provinsi Bengkulu (rata-rata pasar tradisional), bukan harga Bengkulu Tengah"
2023-12-22,PHP17,CRW01,41750,kg,BD-PIHPS,,,,,"PIHPS Provinsi Bengkulu (rata-rata pasar tradisional), bukan harga Bengkulu Tengah"
2023-12-22,PHP17,CRW02,45700,kg,BD-PIHPS,,,,,"PIHPS Provinsi Bengkulu (rata-rata pasar tradisional), bukan harga Bengkulu Tengah"
2023-12-22,PHP17,DAY01,29400,kg,BD-PIHPS,,,,,"PIHPS Provinsi Bengkulu (rata-rata pasar tradisional), bukan harga Bengkulu Tengah"
2023-12-22,PHP17,DSP01,136250,kg,BD-PIHPS,,,,,"PIHPS Provinsi Bengkulu (rata-rata pasar tradisional), bukan harga Bengkulu Tengah"
2023-12-22,PHP17,DSP02,135000,kg,BD-PIHPS,,,,,"PIHPS Provinsi Bengkulu (rata-rata pasar tradisional), bukan harga Bengkulu Tengah"
2023-12-22,PHP17,GLP01,17200,kg,BD-PIHPS,,,,,"PIHPS Provinsi Bengkulu (rata-rata pasar tradisional), bukan harga Bengkulu Tengah"
2023-12-22,PHP17,GLP02,17500,kg,BD-PIHPS,,,,,"PIHPS Provinsi Bengkulu (rata-rata pasar tradisional), bukan harga Bengkulu Tengah"
2023-12-22,PHP17,MGR01,14800,liter,BD-PIHPS,,,,,"PIHPS Provinsi Bengkulu (rata-rata pasar tradisional), bukan harga Bengkulu Tengah"
2023-12-22,PHP17,MGR02,18800,liter,BD-PIHPS,,,,,"PIHPS Provinsi Bengkulu (rata-rata pasar tradisional), bukan harga Bengkulu Tengah"
2023-12-22,PHP17,MGR03,17450,liter,BD-PIHPS,,,,,"PIHPS Provinsi Bengkulu (rata-rata pasar tradisional), bukan harga Bengkulu Tengah"
2023-12-22,PHP17,TLR01,26950,kg,BD-PIHPS,,,,,"PIHPS Provinsi Bengkulu (rata-rata pasar tradisional), bukan harga Bengkulu Tengah"
2023-12-25,PHP17,BRS01,14000,kg,BD-PIHPS,,,,,"PIHPS Provinsi Bengkulu (rata-rata pasar tradisional), bukan harga Bengkulu Tengah"
2023-12-25,PHP17,BRS02,14800,kg,BD-PIHPS,,,,,"PIHPS Provinsi Bengkulu (rata-rata pasar tradisional), bukan harga Bengkulu Tengah"
2023-12-25,PHP17,BRS03,14650,kg,BD-PIHPS,,,,,"PIHPS Provinsi Bengkulu (rata-rata pasar tradisional), bukan harga Bengkulu Tengah"
2023-12-25,PHP17,BRS04,14900,kg,BD-PIHPS,,,,,"PIHPS Provinsi Bengkulu (rata-rata pasar tradisional), bukan harga Bengkulu Tengah"
2023-12-25,PHP17,BRS05,15150,kg,BD-PIHPS,,,,,"PIHPS Provinsi Bengkulu (rata-rata pasar tradisional), bukan harga Bengkulu Tengah"
2023-12-25,PHP17,BRS06,15150,kg,BD-PIHPS,,,,,"PIHPS Provinsi Bengkulu (rata-rata pasar tradisional), bukan harga Bengkulu Tengah"
2023-12-25,PHP17,BWM01,37000,kg,BD-PIHPS,,,,,"PIHPS Provinsi Bengkulu (rata-rata pasar tradisional), bukan harga Bengkulu Tengah"
2023-12-25,PHP17,BWP01,36400,kg,BD-PIHPS,,,,,"PIHPS Provinsi Bengkulu (rata-rata pasar tradisional), bukan harga Bengkulu Tengah"
2023-12-25,PHP17,CMR01,46000,kg,BD-PIHPS,,,,,"PIHPS Provinsi Bengkulu (rata-rata pasar tradisional), bukan harga Bengkulu Tengah"
2023-12-25,PHP17,CMR02,51000,kg,BD-PIHPS,,,,,"PIHPS Provinsi Bengkulu (rata-rata pasar tradisional), bukan harga Bengkulu Tengah"
2023-12-25,PHP17,CRW01,41750,kg,BD-PIHPS,,,,,"PIHPS Provinsi Bengkulu (rata-rata pasar tradisional), bukan harga Bengkulu Tengah"
2023-12-25,PHP17,CRW02,45700,kg,BD-PIHPS,,,,,"PIHPS Provinsi Bengkulu (rata-rata pasar tradisional), bukan harga Bengkulu Tengah"
2023-12-25,PHP17,DAY01,29400,kg,BD-PIHPS,,,,,"PIHPS Provinsi Bengkulu (rata-rata pasar tradisional), bukan harga Bengkulu Tengah"
2023-12-25,PHP17,DSP01,136250,kg,BD-PIHPS,,,,,"PIHPS Provinsi Bengkulu (rata-rata pasar tradisional), bukan harga Bengkulu Tengah"
2023-12-25,PHP17,DSP02,135000,kg,BD-PIHPS,,,,,"PIHPS Provinsi Bengkulu (rata-rata pasar tradisional), bukan harga Bengkulu Tengah"
2023-12-25,PHP17,GLP01,17200,kg,BD-PIHPS,,,,,"PIHPS Provinsi Bengkulu (rata-rata pasar tradisional), bukan harga Bengkulu Tengah"
2023-12-25,PHP17,GLP02,17500,kg,BD-PIHPS,,,,,"PIHPS Provinsi Bengkulu (rata-rata pasar tradisional), bukan harga Bengkulu Tengah"
2023-12-25,PHP17,MGR01,14800,liter,BD-PIHPS,,,,,"PIHPS Provinsi Bengkulu (rata-rata pasar tradisional), bukan harga Bengkulu Tengah"
2023-12-25,PHP17,MGR02,18800,liter,BD-PIHPS,,,,,"PIHPS Provinsi Bengkulu (rata-rata pasar tradisional), bukan harga Bengkulu Tengah"
2023-12-25,PHP17,MGR03,17450,liter,BD-PIHPS,,,,,"PIHPS Provinsi Bengkulu (rata-rata pasar tradisional), bukan harga Bengkulu Tengah"
2023-12-25,PHP17,TLR01,26950,kg,BD-PIHPS,,,,,"PIHPS Provinsi Bengkulu (rata-rata pasar tradisional), bukan harga Bengkulu Tengah"
2023-12-26,PHP17,BRS01,14000,kg,BD-PIHPS,,,,,"PIHPS Provinsi Bengkulu (rata-rata pasar tradisional), bukan harga Bengkulu Tengah"
2023-12-26,PHP17,BRS02,14800,kg,BD-PIHPS,,,,,"PIHPS Provinsi Bengkulu (rata-rata pasar tradisional), bukan harga Bengkulu Tengah"
2023-12-26,PHP17,BRS03,14650,kg,BD-PIHPS,,,,,"PIHPS Provinsi Bengkulu (rata-rata pasar tradisional), bukan harga Bengkulu Tengah"
2023-12-26,PHP17,BRS04,14900,kg,BD-PIHPS,,,,,"PIHPS Provinsi Bengkulu (rata-rata pasar tradisional), bukan harga Bengkulu Tengah"
2023-12-26,PHP17,BRS05,15150,kg,BD-PIHPS,,,,,"PIHPS Provinsi Bengkulu (rata-rata pasar tradisional), bukan harga Bengkulu Tengah"
2023-12-26,PHP17,BRS06,15150,kg,BD-PIHPS,,,,,"PIHPS Provinsi Bengkulu (rata-rata pasar tradisional), bukan harga Bengkulu Tengah"
2023-12-26,PHP17,BWM01,37000,kg,BD-PIHPS,,,,,"PIHPS Provinsi Bengkulu (rata-rata pasar tradisional), bukan harga Bengkulu Tengah"
2023-12-26,PHP17,BWP01,36400,kg,BD-PIHPS,,,,,"PIHPS Provinsi Bengkulu (rata-rata pasar tradisional), bukan harga Bengkulu Tengah"
2023-12-26,PHP17,CMR01,46000,kg,BD-PIHPS,,,,,"PIHPS Provinsi Bengkulu (rata-rata pasar tradisional), bukan harga Bengkulu Tengah"
2023-12-26,PHP17,CMR02,51000,kg,BD-PIHPS,,,,,"PIHPS Provinsi Bengkulu (rata-rata pasar tradisional), bukan harga Bengkulu Tengah"
2023-12-26,PHP17,CRW01,41750,kg,BD-PIHPS,,,,,"PIHPS Provinsi Bengkulu (rata-rata pasar tradisional), bukan harga Bengkulu Tengah"
2023-12-26,PHP17,CRW02,45700,kg,BD-PIHPS,,,,,"PIHPS Provinsi Bengkulu (rata-rata pasar tradisional), bukan harga Bengkulu Tengah"
2023-12-26,PHP17,DAY01,29400,kg,BD-PIHPS,,,,,"PIHPS Provinsi Bengkulu (rata-rata pasar tradisional), bukan harga Bengkulu Tengah"
2023-12-26,PHP17,DSP01,136250,kg,BD-PIHPS,,,,,"PIHPS Provinsi Bengkulu (rata-rata pasar tradisional), bukan harga Bengkulu Tengah"
2023-12-26,PHP17,DSP02,135000,kg,BD-PIHPS,,,,,"PIHPS Provinsi Bengkulu (rata-rata pasar tradisional), bukan harga Bengkulu Tengah"
2023-12-26,PHP17,GLP01,17200,kg,BD-PIHPS,,,,,"PIHPS Provinsi Bengkulu (rata-rata pasar tradisional), bukan harga Bengkulu Tengah"
2023-12-26,PHP17,GLP02,17500,kg,BD-PIHPS,,,,,"PIHPS Provinsi Bengkulu (rata-rata pasar tradisional), bukan harga Bengkulu Tengah"
2023-12-26,PHP17,MGR01,14800,liter,BD-PIHPS,,,,,"PIHPS Provinsi Bengkulu (rata-rata pasar tradisional), bukan harga Bengkulu Tengah"
2023-12-26,PHP17,MGR02,18800,liter,BD-PIHPS,,,,,"PIHPS Provinsi Bengkulu (rata-rata pasar tradisional), bukan harga Bengkulu Tengah"
2023-12-26,PHP17,MGR03,17450,liter,BD-PIHPS,,,,,"PIHPS Provinsi Bengkulu (rata-rata pasar tradisional), bukan harga Bengkulu Tengah"
2023-12-26,PHP17,TLR01,26950,kg,BD-PIHPS,,,,,"PIHPS Provinsi Bengkulu (rata-rata pasar tradisional), bukan harga Bengkulu Tengah"
2023-12-27,PHP17,BRS01,14000,kg,BD-PIHPS,,,,,"PIHPS Provinsi Bengkulu (rata-rata pasar tradisional), bukan harga Bengkulu Tengah"
2023-12-27,PHP17,BRS02,14800,kg,BD-PIHPS,,,,,"PIHPS Provinsi Bengkulu (rata-rata pasar tradisional), bukan harga Bengkulu Tengah"
2023-12-27,PHP17,BRS03,14650,kg,BD-PIHPS,,,,,"PIHPS Provinsi Bengkulu (rata-rata pasar tradisional), bukan harga Bengkulu Tengah"
2023-12-27,PHP17,BRS04,14900,kg,BD-PIHPS,,,,,"PIHPS Provinsi Bengkulu (rata-rata pasar tradisional), bukan harga Bengkulu Tengah"
2023-12-27,PHP17,BRS05,15150,kg,BD-PIHPS,,,,,"PIHPS Provinsi Bengkulu (rata-rata pasar tradisional), bukan harga Bengkulu Tengah"
2023-12-27,PHP17,BRS06,15150,kg,BD-PIHPS,,,,,"PIHPS Provinsi Bengkulu (rata-rata pasar tradisional), bukan harga Bengkulu Tengah"
2023-12-27,PHP17,BWM01,36750,kg,BD-PIHPS,,,,,"PIHPS Provinsi Bengkulu (rata-rata pasar tradisional), bukan harga Bengkulu Tengah"
2023-12-27,PHP17,BWP01,36400,kg,BD-PIHPS,,,,,"PIHPS Provinsi Bengkulu (rata-rata pasar tradisional), bukan harga Bengkulu Tengah"
2023-12-27,PHP17,CMR01,49250,kg,BD-PIHPS,,,,,"PIHPS Provinsi Bengkulu (rata-rata pasar tradisional), bukan harga Bengkulu Tengah"
2023-12-27,PHP17,CMR02,54650,kg,BD-PIHPS,,,,,"PIHPS Provinsi Bengkulu (rata-rata pasar tradisional), bukan harga Bengkulu Tengah"
2023-12-27,PHP17,CRW01,38750,kg,BD-PIHPS,,,,,"PIHPS Provinsi Bengkulu (rata-rata pasar tradisional), bukan harga Bengkulu Tengah"
2023-12-27,PHP17,CRW02,45350,kg,BD-PIHPS,,,,,"PIHPS Provinsi Bengkulu (rata-rata pasar tradisional), bukan harga Bengkulu Tengah"
2023-12-27,PHP17,DAY01,31400,kg,BD-PIHPS,,,,,"PIHPS Provinsi Bengkulu (rata-rata pasar tradisional), bukan harga Bengkulu Tengah"
2023-12-27,PHP17,DSP01,136250,kg,BD-PIHPS,,,,,"PIHPS Provinsi Bengkulu (rata-rata pasar tradisional), bukan harga Bengkulu Tengah"
2023-12-27,PHP17,DSP02,135000,kg,BD-PIHPS,,,,,"PIHPS Provinsi Bengkulu (rata-rata pasar tradisional), bukan harga Bengkulu Tengah"
2023-12-27,PHP17,GLP01,17200,kg,BD-PIHPS,,,,,"PIHPS Provinsi Bengkulu (rata-rata pasar tradisional), bukan harga Bengkulu Tengah"
2023-12-27,PHP17,GLP02,17500,kg,BD-PIHPS,,,,,"PIHPS Provinsi Bengkulu (rata-rata pasar tradisional), bukan harga Bengkulu Tengah"
2023-12-27,PHP17,MGR01,14800,liter,BD-PIHPS,,,,,"PIHPS Provinsi Bengkulu (rata-rata pasar tradisional), bukan harga Bengkulu Tengah"
2023-12-27,PHP17,MGR02,18800,liter,BD-PIHPS,,,,,"PIHPS Provinsi Bengkulu (rata-rata pasar tradisional), bukan harga Bengkulu Tengah"
2023-12-27,PHP17,MGR03,17450,liter,BD-PIHPS,,,,,"PIHPS Provinsi Bengkulu (rata-rata pasar tradisional), bukan harga Bengkulu Tengah"
2023-12-27,PHP17,TLR01,26950,kg,BD-PIHPS,,,,,"PIHPS Provinsi Bengkulu (rata-rata pasar tradisional), bukan harga Bengkulu Tengah"
2023-12-28,PHP17,BRS01,14000,kg,BD-PIHPS,,,,,"PIHPS Provinsi Bengkulu (rata-rata pasar tradisional), bukan harga Bengkulu Tengah"
2023-12-28,PHP17,BRS02,14800,kg,BD-PIHPS,,,,,"PIHPS Provinsi Bengkulu (rata-rata pasar tradisional), bukan harga Bengkulu Tengah"
2023-12-28,PHP17,BRS03,14650,kg,BD-PIHPS,,,,,"PIHPS Provinsi Bengkulu (rata-rata pasar tradisional), bukan harga Bengkulu Tengah"
2023-12-28,PHP17,BRS04,14900,kg,BD-PIHPS,,,,,"PIHPS Provinsi Bengkulu (rata-rata pasar tradisional), bukan harga Bengkulu Tengah"
2023-12-28,PHP17,BRS05,15150,kg,BD-PIHPS,,,,,"PIHPS Provinsi Bengkulu (rata-rata pasar tradisional), bukan harga Bengkulu Tengah"
2023-12-28,PHP17,BRS06,15150,kg,BD-PIHPS,,,,,"PIHPS Provinsi Bengkulu (rata-rata pasar tradisional), bukan harga Bengkulu Tengah"
2023-12-28,PHP17,BWM01,36650,kg,BD-PIHPS,,,,,"PIHPS Provinsi Bengkulu (rata-rata pasar tradisional), bukan harga Bengkulu Tengah"
2023-12-28,PHP17,BWP01,36900,kg,BD-PIHPS,,,,,"PIHPS Provinsi Bengkulu (rata-rata pasar tradisional), bukan harga Bengkulu Tengah"
2023-12-28,PHP17,CMR01,52650,kg,BD-PIHPS,,,,,"PIHPS Provinsi Bengkulu (rata-rata pasar tradisional), bukan harga Bengkulu Tengah"
2023-12-28,PHP17,CMR02,57900,kg,BD-PIHPS,,,,,"PIHPS Provinsi Bengkulu (rata-rata pasar tradisional), bukan harga Bengkulu Tengah"
2023-12-28,PHP17,CRW01,36900,kg,BD-PIHPS,,,,,"PIHPS Provinsi Bengkulu (rata-rata pasar tradisional), bukan harga Bengkulu Tengah"
2023-12-28,PHP17,CRW02,46200,kg,BD-PIHPS,,,,,"PIHPS Provinsi Bengkulu (rata-rata pasar tradisional), bukan harga Bengkulu Tengah"
2023-12-28,PHP17,DAY01,31900,kg,BD-PIHPS,,,,,"PIHPS Provinsi Bengkulu (rata-rata pasar tradisional), bukan harga Bengkulu Tengah"
2023-12-28,PHP17,DSP01,136250,kg,BD-PIHPS,,,,,"PIHPS Provinsi Bengkulu (rata-rata pasar tradisional), bukan harga Bengkulu Tengah"
2023-12-28,PHP17,DSP02,135000,kg,BD-PIHPS,,,,,"PIHPS Provinsi Bengkulu (rata-rata pasar tradisional), bukan harga Bengkulu Tengah"
2023-12-28,PHP17,GLP01,17200,kg,BD-PIHPS,,,,,"PIHPS Provinsi Bengkulu (rata-rata pasar tradisional), bukan harga Bengkulu Tengah"
2023-12-28,PHP17,GLP02,17500,kg,BD-PIHPS,,,,,"PIHPS Provinsi Bengkulu (rata-rata pasar tradisional), bukan harga Bengkulu Tengah"
2023-12-28,PHP17,MGR01,14800,liter,BD-PIHPS,,,,,"PIHPS Provinsi Bengkulu (rata-rata pasar tradisional), bukan harga Bengkulu Tengah"
2023-12-28,PHP17,MGR02,18800,liter,BD-PIHPS,,,,,"PIHPS Provinsi Bengkulu (rata-rata pasar tradisional), bukan harga Bengkulu Tengah"
2023-12-28,PHP17,MGR03,17450,liter,BD-PIHPS,,,,,"PIHPS Provinsi Bengkulu (rata-rata pasar tradisional), bukan harga Bengkulu Tengah"
2023-12-28,PHP17,TLR01,26950,kg,BD-PIHPS,,,,,"PIHPS Provinsi Bengkulu (rata-rata pasar tradisional), bukan harga Bengkulu Tengah"
2023-12-29,PHP17,BRS01,14000,kg,BD-PIHPS,,,,,"PIHPS Provinsi Bengkulu (rata-rata pasar tradisional), bukan harga Bengkulu Tengah"
2023-12-29,PHP17,BRS02,14800,kg,BD-PIHPS,,,,,"PIHPS Provinsi Bengkulu (rata-rata pasar tradisional), bukan harga Bengkulu Tengah"
2023-12-29,PHP17,BRS03,14650,kg,BD-PIHPS,,,,,"PIHPS Provinsi Bengkulu (rata-rata pasar tradisional), bukan harga Bengkulu Tengah"
2023-12-29,PHP17,BRS04,14900,kg,BD-PIHPS,,,,,"PIHPS Provinsi Bengkulu (rata-rata pasar tradisional), bukan harga Bengkulu Tengah"
2023-12-29,PHP17,BRS05,15150,kg,BD-PIHPS,,,,,"PIHPS Provinsi Bengkulu (rata-rata pasar tradisional), bukan harga Bengkulu Tengah"
2023-12-29,PHP17,BRS06,15150,kg,BD-PIHPS,,,,,"PIHPS Provinsi Bengkulu (rata-rata pasar tradisional), bukan harga Bengkulu Tengah"
2023-12-29,PHP17,BWM01,34650,kg,BD-PIHPS,,,,,"PIHPS Provinsi Bengkulu (rata-rata pasar tradisional), bukan harga Bengkulu Tengah"
2023-12-29,PHP17,BWP01,36400,kg,BD-PIHPS,,,,,"PIHPS Provinsi Bengkulu (rata-rata pasar tradisional), bukan harga Bengkulu Tengah"
2023-12-29,PHP17,CMR01,52650,kg,BD-PIHPS,,,,,"PIHPS Provinsi Bengkulu (rata-rata pasar tradisional), bukan harga Bengkulu Tengah"
2023-12-29,PHP17,CMR02,57900,kg,BD-PIHPS,,,,,"PIHPS Provinsi Bengkulu (rata-rata pasar tradisional), bukan harga Bengkulu Tengah"
2023-12-29,PHP17,CRW01,36650,kg,BD-PIHPS,,,,,"PIHPS Provinsi Bengkulu (rata-rata pasar tradisional), bukan harga Bengkulu Tengah"
2023-12-29,PHP17,CRW02,45750,kg,BD-PIHPS,,,,,"PIHPS Provinsi Bengkulu (rata-rata pasar tradisional), bukan harga Bengkulu Tengah"
2023-12-29,PHP17,DAY01,32400,kg,BD-PIHPS,,,,,"PIHPS Provinsi Bengkulu (rata-rata pasar tradisional), bukan harga Bengkulu Tengah"
2023-12-29,PHP17,DSP01,136250,kg,BD-PIHPS,,,,,"PIHPS Provinsi Bengkulu (rata-rata pasar tradisional), bukan harga Bengkulu Tengah"
2023-12-29,PHP17,DSP02,135000,kg,BD-PIHPS,,,,,"PIHPS Provinsi Bengkulu (rata-rata pasar tradisional), bukan harga Bengkulu Tengah"
2023-12-29,PHP17,GLP01,17200,kg,BD-PIHPS,,,,,"PIHPS Provinsi Bengkulu (rata-rata pasar tradisional), bukan harga Bengkulu Tengah"
2023-12-29,PHP17,GLP02,17500,kg,BD-PIHPS,,,,,"PIHPS Provinsi Bengkulu (rata-rata pasar tradisional), bukan harga Bengkulu Tengah"
2023-12-29,PHP17,MGR01,14800,liter,BD-PIHPS,,,,,"PIHPS Provinsi Bengkulu (rata-rata pasar tradisional), bukan harga Bengkulu Tengah"
2023-12-29,PHP17,MGR02,18800,liter,BD-PIHPS,,,,,"PIHPS Provinsi Bengkulu (rata-rata pasar tradisional), bukan harga Bengkulu Tengah"
2023-12-29,PHP17,MGR03,17450,liter,BD-PIHPS,,,,,"PIHPS Provinsi Bengkulu (rata-rata pasar tradisional), bukan harga Bengkulu Tengah"
2023-12-29,PHP17,TLR01,26950,kg,BD-PIHPS,,,,,"PIHPS Provinsi Bengkulu (rata-rata pasar tradisional), bukan harga Bengkulu Tengah"
