tanggal,kode_pasar,kode_varian,harga,satuan,kode_sumber,petugas,responden,id_klien,waktu_input,catatan
2025-01-01,PHP17,BRS01,14050,kg,BD-PIHPS,,,,,"PIHPS Provinsi Bengkulu (rata-rata pasar tradisional), bukan harga Bengkulu Tengah"
2025-01-01,PHP17,BRS02,14950,kg,BD-PIHPS,,,,,"PIHPS Provinsi Bengkulu (rata-rata pasar tradisional), bukan harga Bengkulu Tengah"
2025-01-01,PHP17,BRS03,15300,kg,BD-PIHPS,,,,,"PIHPS Provinsi Bengkulu (rata-rata pasar tradisional), bukan harga Bengkulu Tengah"
2025-01-01,PHP17,BRS04,15400,kg,BD-PIHPS,,,,,"PIHPS Provinsi Bengkulu (rata-rata pasar tradisional), bukan harga Bengkulu Tengah"
2025-01-01,PHP17,BRS05,15650,kg,BD-PIHPS,,,,,"PIHPS Provinsi Bengkulu (rata-rata pasar tradisional), bukan harga Bengkulu Tengah"
2025-01-01,PHP17,BRS06,15600,kg,BD-PIHPS,,,,,"PIHPS Provinsi Bengkulu (rata-rata pasar tradisional), bukan harga Bengkulu Tengah"
2025-01-01,PHP17,BWM01,41650,kg,BD-PIHPS,,,,,"PIHPS Provinsi Bengkulu (rata-rata pasar tradisional), bukan harga Bengkulu Tengah"
2025-01-01,PHP17,BWP01,44250,kg,BD-PIHPS,,,,,"PIHPS Provinsi Bengkulu (rata-rata pasar tradisional), bukan harga Bengkulu Tengah"
2025-01-01,PHP17,CMR01,49150,kg,BD-PIHPS,,,,,"PIHPS Provinsi Bengkulu (rata-rata pasar tradisional), bukan harga Bengkulu Tengah"
2025-01-01,PHP17,CMR02,54150,kg,BD-PIHPS,,,,,"PIHPS Provinsi Bengkulu (rata-rata pasar tradisional), bukan harga Bengkulu Tengah"
2025-01-01,PHP17,CRW01,47650,kg,BD-PIHPS,,,,,"PIHPS Provinsi Bengkulu (rata-rata pasar tradisional), bukan harga Bengkulu Tengah"
2025-01-01,PHP17,CRW02,37950,kg,BD-PIHPS,,,,,"PIHPS Provinsi Bengkulu (rata-rata pasar tradisional), bukan harga Bengkulu Tengah"
2025-01-01,PHP17,DAY01,38150,kg,BD-PIHPS,,,,,"PIHPS Provinsi Bengkulu (rata-rata pasar tradisional), bukan harga Bengkulu Tengah"
2025-01-01,PHP17,DSP01,135650,kg,BD-PIHPS,,,,,"PIHPS Provinsi Bengkulu (rata-rata pasar tradisional), bukan harga Bengkulu Tengah"
2025-01-01,PHP17,DSP02,135000,kg,BD-PIHPS,,,,,"PIHPS Provinsi Bengkulu (rata-rata pasar tradisional), bukan harga Bengkulu Tengah"
2025-01-01,PHP17,GLP01,17450,kg,BD-PIHPS,,,,,"PIHPS Provinsi Bengkulu (rata-rata pasar tradisional), bukan harga Bengkulu Tengah"
2025-01-01,PHP17,GLP02,19000,kg,BD-PIHPS,,,,,"PIHPS Provinsi Bengkulu (rata-rata pasar tradisional), bukan harga Bengkulu Tengah"
2025-01-01,PHP17,MGR01,17950,liter,BD-PIHPS,,,,,"PIHPS Provinsi Bengkulu (rata-rata pasar tradisional), bukan harga Bengkulu Tengah"
2025-01-01,PHP17,MGR02,20550,liter,BD-PIHPS,,,,,"PIHPS Provinsi Bengkulu (rata-rata pasar tradisional), bukan harga Bengkulu Tengah"
2025-01-01,PHP17,MGR03,19650,liter,BD-PIHPS,,,,,"PIHPS Provinsi Bengkulu (rata-rata pasar tradisional), bukan harga Bengkulu Tengah"
2025-01-01,PHP17,TLR01,29100,kg,BD-PIHPS,,,,,"PIHPS Provinsi Bengkulu (rata-rata pasar tradisional), bukan harga Bengkulu Tengah"
2025-01-02,PHP17,BRS01,14050,kg,BD-PIHPS,,,,,"PIHPS Provinsi Bengkulu (rata-rata pasar tradisional), bukan harga Bengkulu Tengah"
2025-01-02,PHP17,BRS02,14950,kg,BD-PIHPS,,,,,"PIHPS Provinsi Bengkulu (rata-rata pasar tradisional), bukan harga Bengkulu Tengah"
2025-01-02,PHP17,BRS03,15300,kg,BD-PIHPS,,,,,"PIHPS Provinsi Bengkulu (rata-rata pasar tradisional), bukan harga Bengkulu Tengah"
2025-01-02,PHP17,BRS04,15400,kg,BD-PIHPS,,,,,"PIHPS Provinsi Bengkulu (rata-rata pasar tradisional), bukan harga Bengkulu Tengah"
2025-01-02,PHP17,BRS05,15650,kg,BD-PIHPS,,,,,"PIHPS Provinsi Bengkulu (rata-rata pasar tradisional), bukan harga Bengkulu Tengah"
2025-01-02,PHP17,BRS06,15600,kg,BD-PIHPS,,,,,"PIHPS Provinsi Bengkulu (rata-rata pasar tradisional), bukan harga Bengkulu Tengah"
2025-01-02,PHP17,BWM01,41150,kg,BD-PIHPS,,,,,"PIHPS Provinsi Bengkulu (rata-rata pasar tradisional), bukan harga Bengkulu Tengah"
2025-01-02,PHP17,BWP01,43400,kg,BD-PIHPS,,,,,"PIHPS Provinsi Bengkulu (rata-rata pasar tradisional), bukan harga Bengkulu Tengah"
2025-01-02,PHP17,CMR01,48400,kg,BD-PIHPS,,,,,"PIHPS Provinsi Bengkulu (rata-rata pasar tradisional), bukan harga Bengkulu Tengah"
2025-01-02,PHP17,CMR02,53900,kg,BD-PIHPS,,,,,"PIHPS Provinsi Bengkulu (rata-rata pasar tradisional), bukan harga Bengkulu Tengah"
2025-01-02,PHP17,CRW01,45750,kg,BD-PIHPS,,,,,"PIHPS Provinsi Bengkulu (rata-rata pasar tradisional), bukan harga Bengkulu Tengah"
2025-01-02,PHP17,CRW02,37800,kg,BD-PIHPS,,,,,"PIHPS Provinsi Bengkulu (rata-rata pasar tradisional), bukan harga Bengkulu Tengah"
2025-01-02,PHP17,DAY01,36650,kg,BD-PIHPS,,,,,"PIHPS Provinsi Bengkulu (rata-rata pasar tradisional), bukan harga Bengkulu Tengah"
2025-01-02,PHP17,DSP01,135650,kg,BD-PIHPS,,,,,"PIHPS Provinsi Bengkulu (rata-rata pasar tradisional), bukan harga Bengkulu Tengah"
2025-01-02,PHP17,DSP02,135000,kg,BD-PIHPS,,,,,"PIHPS Provinsi Bengkulu (rata-rata pasar tradisional), bukan harga Bengkulu Tengah"
2025-01-02,PHP17,GLP01,17450,kg,BD-PIHPS,,,,,"PIHPS Provinsi Bengkulu (rata-rata pasar tradisional), bukan harga Bengkulu Tengah"
2025-01-02,PHP17,GLP02,19000,kg,BD-PIHPS,,,,,"PIHPS Provinsi Bengkulu (rata-rata pasar tradisional), bukan harga Bengkulu Tengah"
2025-01-02,PHP17,MGR01,17950,liter,BD-PIHPS,,,,,"PIHPS Provinsi Bengkulu (rata-rata pasar tradisional), bukan harga Bengkulu Tengah"
2025-01-02,PHP17,MGR02,20550,liter,BD-PIHPS,,,,,"PIHPS Provinsi Bengkulu (rata-rata pasar tradisional), bukan harga Bengkulu Tengah"
2025-01-02,PHP17,MGR03,19650,liter,BD-PIHPS,,,,,"PIHPS Provinsi Bengkulu (rata-rata pasar tradisional), bukan harga Bengkulu Tengah"
2025-01-02,PHP17,TLR01,29100,kg,BD-PIHPS,,,,,"PIHPS Provinsi Bengkulu (rata-rata pasar tradisional), bukan harga Bengkulu Tengah"
2025-01-03,PHP17,BRS01,14050,kg,BD-PIHPS,,,,,"PIHPS Provinsi Bengkulu (rata-rata pasar tradisional), bukan harga Bengkulu Tengah"
2025-01-03,PHP17,BRS02,14950,kg,BD-PIHPS,,,,,"PIHPS Provinsi Bengkulu (rata-rata pasar tradisional), bukan harga Bengkulu Tengah"
2025-01-03,PHP17,BRS03,15300,kg,BD-PIHPS,,,,,"PIHPS Provinsi Bengkulu (rata-rata pasar tradisional), bukan harga Bengkulu Tengah"
2025-01-03,PHP17,BRS04,15400,kg,BD-PIHPS,,,,,"PIHPS Provinsi Bengkulu (rata-rata pasar tradisional), bukan harga Bengkulu Tengah"
2025-01-03,PHP17,BRS05,15650,kg,BD-PIHPS,,,,,"PIHPS Provinsi Bengkulu (rata-rata pasar tradisional), bukan harga Bengkulu Tengah"
2025-01-03,PHP17,BRS06,15600,kg,BD-PIHPS,,,,,"PIHPS Provinsi Bengkulu (rata-rata pasar tradisional), bukan harga Bengkulu Tengah"
2025-01-03,PHP17,BWM01,41150,kg,BD-PIHPS,,,,,"PIHPS Provinsi Bengkulu (rata-rata pasar tradisional), bukan harga Bengkulu Tengah"
2025-01-03,PHP17,BWP01,43400,kg,BD-PIHPS,,,,,"PIHPS Provinsi Bengkulu (rata-rata pasar tradisional), bukan harga Bengkulu Tengah"
2025-01-03,PHP17,CMR01,46650,kg,BD-PIHPS,,,,,"PIHPS Provinsi Bengkulu (rata-rata pasar tradisional), bukan harga Bengkulu Tengah"
2025-01-03,PHP17,CMR02,52250,kg,BD-PIHPS,,,,,"PIHPS Provinsi Bengkulu (rata-rata pasar tradisional), bukan harga Bengkulu Tengah"
2025-01-03,PHP17,CRW01,44500,kg,BD-PIHPS,,,,,"PIHPS Provinsi Bengkulu (rata-rata pasar tradisional), bukan harga Bengkulu Tengah"
2025-01-03,PHP17,CRW02,37300,kg,BD-PIHPS,,,,,"PIHPS Provinsi Bengkulu (rata-rata pasar tradisional), bukan harga Bengkulu Tengah"
2025-01-03,PHP17,DAY01,36250,kg,BD-PIHPS,,,,,"PIHPS Provinsi Bengkulu (rata-rata pasar tradisional), bukan harga Bengkulu Tengah"
2025-01-03,PHP17,DSP01,135650,kg,BD-PIHPS,,,,,"PIHPS Provinsi Bengkulu (rata-rata pasar tradisional), bukan harga Bengkulu Tengah"
2025-01-03,PHP17,DSP02,135000,kg,BD-PIHPS,,,,,"PIHPS Provinsi Bengkulu (rata-rata pasar tradisional), bukan harga Bengkulu Tengah"
2025-01-03,PHP17,GLP01,17450,kg,BD-PIHPS,,,,,"PIHPS Provinsi Bengkulu (rata-rata pasar tradisional), bukan harga Bengkulu Tengah"
2025-01-03,PHP17,GLP02,19000,kg,BD-PIHPS,,,,,"PIHPS Provinsi Bengkulu (rata-rata pasar tradisional), bukan harga Bengkulu Tengah"
2025-01-03,PHP17,MGR01,17950,liter,BD-PIHPS,,,,,"PIHPS Provinsi Bengkulu (rata-rata pasar tradisional), bukan harga Bengkulu Tengah"
2025-01-03,PHP17,MGR02,20550,liter,BD-PIHPS,,,,,"PIHPS Provinsi Bengkulu (rata-rata pasar tradisional), bukan harga Bengkulu Tengah"
2025-01-03,PHP17,MGR03,19650,liter,BD-PIHPS,,,,,"PIHPS Provinsi Bengkulu (rata-rata pasar tradisional), bukan harga Bengkulu Tengah"
2025-01-03,PHP17,TLR01,29100,kg,BD-PIHPS,,,,,"PIHPS Provinsi Bengkulu (rata-rata pasar tradisional), bukan harga Bengkulu Tengah"
2025-01-06,PHP17,BRS01,14050,kg,BD-PIHPS,,,,,"PIHPS Provinsi Bengkulu (rata-rata pasar tradisional), bukan harga Bengkulu Tengah"
2025-01-06,PHP17,BRS02,14950,kg,BD-PIHPS,,,,,"PIHPS Provinsi Bengkulu (rata-rata pasar tradisional), bukan harga Bengkulu Tengah"
2025-01-06,PHP17,BRS03,15300,kg,BD-PIHPS,,,,,"PIHPS Provinsi Bengkulu (rata-rata pasar tradisional), bukan harga Bengkulu Tengah"
2025-01-06,PHP17,BRS04,15400,kg,BD-PIHPS,,,,,"PIHPS Provinsi Bengkulu (rata-rata pasar tradisional), bukan harga Bengkulu Tengah"
2025-01-06,PHP17,BRS05,15650,kg,BD-PIHPS,,,,,"PIHPS Provinsi Bengkulu (rata-rata pasar tradisional), bukan harga Bengkulu Tengah"
2025-01-06,PHP17,BRS06,15600,kg,BD-PIHPS,,,,,"PIHPS Provinsi Bengkulu (rata-rata pasar tradisional), bukan harga Bengkulu Tengah"
2025-01-06,PHP17,BWM01,41150,kg,BD-PIHPS,,,,,"PIHPS Provinsi Bengkulu (rata-rata pasar tradisional), bukan harga Bengkulu Tengah"
2025-01-06,PHP17,BWP01,43400,kg,BD-PIHPS,,,,,"PIHPS Provinsi Bengkulu (rata-rata pasar tradisional), bukan harga Bengkulu Tengah"
2025-01-06,PHP17,CMR01,44500,kg,BD-PIHPS,,,,,"PIHPS Provinsi Bengkulu (rata-rata pasar tradisional), bukan harga Bengkulu Tengah"
2025-01-06,PHP17,CMR02,49500,kg,BD-PIHPS,,,,,"PIHPS Provinsi Bengkulu (rata-rata pasar tradisional), bukan harga Bengkulu Tengah"
2025-01-06,PHP17,CRW01,46500,kg,BD-PIHPS,,,,,"PIHPS Provinsi Bengkulu (rata-rata pasar tradisional), bukan harga Bengkulu Tengah"
2025-01-06,PHP17,CRW02,38400,kg,BD-PIHPS,,,,,"PIHPS Provinsi Bengkulu (rata-rata pasar tradisional), bukan harga Bengkulu Tengah"
2025-01-06,PHP17,DAY01,36250,kg,BD-PIHPS,,,,,"PIHPS Provinsi Bengkulu (rata-rata pasar tradisional), bukan harga Bengkulu Tengah"
2025-01-06,PHP17,DSP01,135650,kg,BD-PIHPS,,,,,"PIHPS Provinsi Bengkulu (rata-rata pasar tradisional), bukan harga Bengkulu Tengah"
2025-01-06,PHP17,DSP02,135000,kg,BD-PIHPS,,,,,"PIHPS Provinsi Bengkulu (rata-rata pasar tradisional), bukan harga Bengkulu Tengah"
2025-01-06,PHP17,GLP01,17450,kg,BD-PIHPS,,,,,"PIHPS Provinsi Bengkulu (rata-rata pasar tradisional), bukan harga Bengkulu Tengah"
2025-01-06,PHP17,GLP02,19000,kg,BD-PIHPS,,,,,"PIHPS Provinsi Bengkulu (rata-rata pasar tradisional), bukan harga Bengkulu Tengah"
2025-01-06,PHP17,MGR01,18050,liter,BD-PIHPS,,,,,"PIHPS Provinsi Bengkulu (rata-rata pasar tradisional), bukan harga Bengkulu Tengah"
2025-01-06,PHP17,MGR02,21400,liter,BD-PIHPS,,,,,"PIHPS Provinsi Bengkulu (rata-rata pasar tradisional), bukan harga Bengkulu Tengah"
2025-01-06,PHP17,MGR03,20150,liter,BD-PIHPS,,,,,"PIHPS Provinsi Bengkulu (rata-rata pasar tradisional), bukan harga Bengkulu Tengah"
2025-01-06,PHP17,TLR01,29100,kg,BD-PIHPS,,,,,"PIHPS Provinsi Bengkulu (rata-rata pasar tradisional), bukan harga Bengkulu Tengah"
2025-01-07,PHP17,BRS01,14050,kg,BD-PIHPS,,,,,"PIHPS Provinsi Bengkulu (rata-rata pasar tradisional), bukan harga Bengkulu Tengah"
2025-01-07,PHP17,BRS02,14950,kg,BD-PIHPS,,,,,"PIHPS Provinsi Bengkulu (rata-rata pasar tradisional), bukan harga Bengkulu Tengah"
2025-01-07,PHP17,BRS03,15300,kg,BD-PIHPS,,,,,"PIHPS Provinsi Bengkulu (rata-rata pasar tradisional), bukan harga Bengkulu Tengah"
2025-01-07,PHP17,BRS04,15400,kg,BD-PIHPS,,,,,"PIHPS Provinsi Bengkulu (rata-rata pasar tradisional), bukan harga Bengkulu Tengah"
2025-01-07,PHP17,BRS05,15650,kg,BD-PIHPS,,,,,"PIHPS Provinsi Bengkulu (rata-rata pasar tradisional), bukan harga Bengkulu Tengah"
2025-01-07,PHP17,BRS06,15600,kg,BD-PIHPS,,,,,"PIHPS Provinsi Bengkulu (rata-rata pasar tradisional), bukan harga Bengkulu Tengah"
2025-01-07,PHP17,BWM01,41150,kg,BD-PIHPS,,,,,"PIHPS Provinsi Bengkulu (rata-rata pasar tradisional), bukan harga Bengkulu Tengah"
2025-01-07,PHP17,BWP01,43400,kg,BD-PIHPS,,,,,"PIHPS Provinsi Bengkulu (rata-rata pasar tradisional), bukan harga Bengkulu Tengah"
2025-01-07,PHP17,CMR01,42250,kg,BD-PIHPS,,,,,"PIHPS Provinsi Bengkulu (rata-rata pasar tradisional), bukan harga Bengkulu Tengah"
2025-01-07,PHP17,CMR02,46250,kg,BD-PIHPS,,,,,"PIHPS Provinsi Bengkulu (rata-rata pasar tradisional), bukan harga Bengkulu Tengah"
2025-01-07,PHP17,CRW01,48150,kg,BD-PIHPS,,,,,"PIHPS Provinsi Bengkulu (rata-rata pasar tradisional), bukan harga Bengkulu Tengah"
2025-01-07,PHP17,CRW02,39450,kg,BD-PIHPS,,,,,"PIHPS Provinsi Bengkulu (rata-rata pasar tradisional), bukan harga Bengkulu Tengah"
2025-01-07,PHP17,DAY01,36500,kg,BD-PIHPS,,,,,"PIHPS Provinsi Bengkulu (rata-rata pasar tradisional), bukan harga Bengkulu Tengah"
2025-01-07,PHP17,DSP01,135650,kg,BD-PIHPS,,,,,"PIHPS Provinsi Bengkulu (rata-rata pasar tradisional), bukan harga Bengkulu Tengah"
2025-01-07,PHP17,DSP02,135000,kg,BD-PIHPS,,,,,"PIHPS Provinsi Bengkulu (rata-rata pasar tradisional), bukan harga Bengkulu Tengah"
2025-01-07,PHP17,GLP01,17900,kg,BD-PIHPS,,,,,"PIHPS Provinsi Bengkulu (rata-rata pasar tradisional), bukan harga Bengkulu Tengah"
2025-01-07,PHP17,GLP02,19150,kg,BD-PIHPS,,,,,"PIHPS Provinsi Bengkulu (rata-rata pasar tradisional), bukan harga Bengkulu Tengah"
2025-01-07,PHP17,MGR01,18050,liter,BD-PIHPS,,,,,"PIHPS Provinsi Bengkulu (rata-rata pasar tradisional), bukan harga Bengkulu Tengah"
2025-01-07,PHP17,MGR02,21400,liter,BD-PIHPS,,,,,"PIHPS Provinsi Bengkulu (rata-rata pasar tradisional), bukan harga Bengkulu Tengah"
2025-01-07,PHP17,MGR03,20150,liter,BD-PIHPS,,,,,"PIHPS Provinsi Bengkulu (rata-rata pasar tradisional), bukan harga Bengkulu Tengah"
2025-01-07,PHP17,TLR01,29100,kg,BD-PIHPS,,,,,"PIHPS Provinsi Bengkulu (rata-rata pasar tradisional), bukan harga Bengkulu Tengah"
2025-01-08,PHP17,BRS01,13900,kg,BD-PIHPS,,,,,"PIHPS Provinsi Bengkulu (rata-rata pasar tradisional), bukan harga Bengkulu Tengah"
2025-01-08,PHP17,BRS02,14900,kg,BD-PIHPS,,,,,"PIHPS Provinsi Bengkulu (rata-rata pasar tradisional), bukan harga Bengkulu Tengah"
2025-01-08,PHP17,BRS03,15050,kg,BD-PIHPS,,,,,"PIHPS Provinsi Bengkulu (rata-rata pasar tradisional), bukan harga Bengkulu Tengah"
2025-01-08,PHP17,BRS04,15150,kg,BD-PIHPS,,,,,"PIHPS Provinsi Bengkulu (rata-rata pasar tradisional), bukan harga Bengkulu Tengah"
2025-01-08,PHP17,BRS05,15500,kg,BD-PIHPS,,,,,"PIHPS Provinsi Bengkulu (rata-rata pasar tradisional), bukan harga Bengkulu Tengah"
2025-01-08,PHP17,BRS06,15400,kg,BD-PIHPS,,,,,"PIHPS Provinsi Bengkulu (rata-rata pasar tradisional), bukan harga Bengkulu Tengah"
2025-01-08,PHP17,BWM01,40000,kg,BD-PIHPS,,,,,"PIHPS Provinsi Bengkulu (rata-rata pasar tradisional), bukan harga Bengkulu Tengah"
2025-01-08,PHP17,BWP01,43000,kg,BD-PIHPS,,,,,"PIHPS Provinsi Bengkulu (rata-rata pasar tradisional), bukan harga Bengkulu Tengah"
2025-01-08,PHP17,CMR01,41350,kg,BD-PIHPS,,,,,"PIHPS Provinsi Bengkulu (rata-rata pasar tradisional), bukan harga Bengkulu Tengah"
2025-01-08,PHP17,CMR02,44850,kg,BD-PIHPS,,,,,"PIHPS Provinsi Bengkulu (rata-rata pasar tradisional), bukan harga Bengkulu Tengah"
2025-01-08,PHP17,CRW01,50000,kg,BD-PIHPS,,,,,"PIHPS Provinsi Bengkulu (rata-rata pasar tradisional), bukan harga Bengkulu Tengah"
2025-01-08,PHP17,CRW02,41300,kg,BD-PIHPS,,,,,"PIHPS Provinsi Bengkulu (rata-rata pasar tradisional), bukan harga Bengkulu Tengah"
2025-01-08,PHP17,DAY01,36650,kg,BD-PIHPS,,,,,"PIHPS Provinsi Bengkulu (rata-rata pasar tradisional), bukan harga Bengkulu Tengah"
2025-01-08,PHP17,DSP01,134150,kg,BD-PIHPS,,,,,"PIHPS Provinsi Bengkulu (rata-rata pasar tradisional), bukan harga Bengkulu Tengah"
2025-01-08,PHP17,DSP02,133350,kg,BD-PIHPS,,,,,"PIHPS Provinsi Bengkulu (rata-rata pasar tradisional), bukan harga Bengkulu Tengah"
2025-01-08,PHP17,GLP01,18100,kg,BD-PIHPS,,,,,"PIHPS Provinsi Bengkulu (rata-rata pasar tradisional), bukan harga Bengkulu Tengah"
2025-01-08,PHP17,GLP02,19350,kg,BD-PIHPS,,,,,"PIHPS Provinsi Bengkulu (rata-rata pasar tradisional), bukan harga Bengkulu Tengah"
2025-01-08,PHP17,MGR01,17900,liter,BD-PIHPS,,,,,"PIHPS Provinsi Bengkulu (rata-rata pasar tradisional), bukan harga Bengkulu Tengah"
2025-01-08,PHP17,MGR02,21500,liter,BD-PIHPS,,,,,"PIHPS Provinsi Bengkulu (rata-rata pasar tradisional), bukan harga Bengkulu Tengah"
2025-01-08,PHP17,MGR03,20500,liter,BD-PIHPS,,,,,"PIHPS Provinsi Bengkulu (rata-rata pasar tradisional), bukan harga Bengkulu Tengah"
2025-01-08,PHP17,TLR01,29450,kg,BD-PIHPS,,,,,"PIHPS Provinsi Bengkulu (rata-rata pasar tradisional), bukan harga Bengkulu Tengah"
2025-01-09,PHP17,BRS01,14050,kg,BD-PIHPS,,,,,"PIHPS Provinsi Bengkulu (rata-rata pasar tradisional), bukan harga Bengkulu Tengah"
2025-01-09,PHP17,BRS02,14950,kg,BD-PIHPS,,,,,"PIHPS Provinsi Bengkulu (rata-rata pasar tradisional), bukan harga Bengkulu Tengah"
2025-01-09,PHP17,BRS03,15300,kg,BD-PIHPS,,,,,"PIHPS Provinsi Bengkulu (rata-rata pasar tradisional), bukan harga Bengkulu Tengah"
2025-01-09,PHP17,BRS04,15400,kg,BD-PIHPS,,,,,"PIHPS Provinsi Bengkulu (rata-rata pasar tradisional), bukan harga Bengkulu Tengah"
2025-01-09,PHP17,BRS05,15650,kg,BD-PIHPS,,,,,"PIHPS Provinsi Bengkulu (rata-rata pasar tradisional), bukan harga Bengkulu Tengah"
2025-01-09,PHP17,BRS06,15600,kg,BD-PIHPS,,,,,"PIHPS Provinsi Bengkulu (rata-rata pasar tradisional), bukan harga Bengkulu Tengah"
2025-01-09,PHP17,BWM01,41150,kg,BD-PIHPS,,,,,"PIHPS Provinsi Bengkulu (rata-rata pasar tradisional), bukan harga Bengkulu Tengah"
2025-01-09,PHP17,BWP01,42750,kg,BD-PIHPS,,,,,"PIHPS Provinsi Bengkulu (rata-rata pasar tradisional), bukan harga Bengkulu Tengah"
2025-01-09,PHP17,CMR01,39250,kg,BD-PIHPS,,,,,"PIHPS Provinsi Bengkulu (rata-rata pasar tradisional), bukan harga Bengkulu Tengah"
2025-01-09,PHP17,CMR02,44000,kg,BD-PIHPS,,,,,"PIHPS Provinsi Bengkulu (rata-rata pasar tradisional), bukan harga Bengkulu Tengah"
2025-01-09,PHP17,CRW01,51900,kg,BD-PIHPS,,,,,"PIHPS Provinsi Bengkulu (rata-rata pasar tradisional), bukan harga Bengkulu Tengah"
2025-01-09,PHP17,CRW02,42500,kg,BD-PIHPS,,,,,"PIHPS Provinsi Bengkulu (rata-rata pasar tradisional), bukan harga Bengkulu Tengah"
2025-01-09,PHP17,DAY01,36900,kg,BD-PIHPS,,,,,"PIHPS Provinsi Bengkulu (rata-rata pasar tradisional), bukan harga Bengkulu Tengah"
2025-01-09,PHP17,DSP01,135650,kg,BD-PIHPS,,,,,"PIHPS Provinsi Bengkulu (rata-rata pasar tradisional), bukan harga Bengkulu Tengah"
2025-01-09,PHP17,DSP02,135000,kg,BD-PIHPS,,,,,"PIHPS Provinsi Bengkulu (rata-rata pasar tradisional), bukan harga Bengkulu Tengah"
2025-01-09,PHP17,GLP01,18150,kg,BD-PIHPS,,,,,"PIHPS Provinsi Bengkulu (rata-rata pasar tradisional), bukan harga Bengkulu Tengah"
2025-01-09,PHP17,GLP02,19250,kg,BD-PIHPS,,,,,"PIHPS Provinsi Bengkulu (rata-rata pasar tradisional), bukan harga Bengkulu Tengah"
2025-01-09,PHP17,MGR01,18050,liter,BD-PIHPS,,,,,"PIHPS Provinsi Bengkulu (rata-rata pasar tradisional), bukan harga Bengkulu Tengah"
2025-01-09,PHP17,MGR02,21650,liter,BD-PIHPS,,,,,"PIHPS Provinsi Bengkulu (rata-rata pasar tradisional), bukan harga Bengkulu Tengah"
2025-01-09,PHP17,MGR03,20650,liter,BD-PIHPS,,,,,"PIHPS Provinsi Bengkulu (rata-rata pasar tradisional), bukan harga Bengkulu Tengah"
2025-01-09,PHP17,TLR01,29200,kg,BD-PIHPS,,,,,"PIHPS Provinsi Bengkulu (rata-rata pasar tradisional), bukan harga Bengkulu Tengah"
2025-01-10,PHP17,BRS01,14050,kg,BD-PIHPS,,,,,"PIHPS Provinsi Bengkulu (rata-rata pasar tradisional), bukan harga Bengkulu Tengah"
2025-01-10,PHP17,BRS02,14950,kg,BD-PIHPS,,,,,"PIHPS Provinsi Bengkulu (rata-rata pasar tradisional), bukan harga Bengkulu Tengah"
2025-01-10,PHP17,BRS03,15300,kg,BD-PIHPS,,,,,"PIHPS Provinsi Bengkulu (rata-rata pasar tradisional), bukan harga Bengkulu Tengah"
2025-01-10,PHP17,BRS04,15400,kg,BD-PIHPS,,,,,"PIHPS Provinsi Bengkulu (rata-rata pasar tradisional), bukan harga Bengkulu Tengah"
2025-01-10,PHP17,BRS05,15650,kg,BD-PIHPS,,,,,"PIHPS Provinsi Bengkulu (rata-rata pasar tradisional), bukan harga Bengkulu Tengah"
2025-01-10,PHP17,BRS06,15600,kg,BD-PIHPS,,,,,"PIHPS Provinsi Bengkulu (rata-rata pasar tradisional), bukan harga Bengkulu Tengah"
2025-01-10,PHP17,BWM01,41150,kg,BD-PIHPS,,,,,"PIHPS Provinsi Bengkulu (rata-rata pasar tradisional), bukan harga Bengkulu Tengah"
2025-01-10,PHP17,BWP01,43500,kg,BD-PIHPS,,,,,"PIHPS Provinsi Bengkulu (rata-rata pasar tradisional), bukan harga Bengkulu Tengah"
2025-01-10,PHP17,CMR01,41750,kg,BD-PIHPS,,,,,"PIHPS Provinsi Bengkulu (rata-rata pasar tradisional), bukan harga Bengkulu Tengah"
2025-01-10,PHP17,CMR02,46150,kg,BD-PIHPS,,,,,"PIHPS Provinsi Bengkulu (rata-rata pasar tradisional), bukan harga Bengkulu Tengah"
2025-01-10,PHP17,CRW01,54750,kg,BD-PIHPS,,,,,"PIHPS Provinsi Bengkulu (rata-rata pasar tradisional), bukan harga Bengkulu Tengah"
2025-01-10,PHP17,CRW02,46550,kg,BD-PIHPS,,,,,"PIHPS Provinsi Bengkulu (rata-rata pasar tradisional), bukan harga Bengkulu Tengah"
2025-01-10,PHP17,DAY01,37650,kg,BD-PIHPS,,,,,"PIHPS Provinsi Bengkulu (rata-rata pasar tradisional), bukan harga Bengkulu Tengah"
2025-01-10,PHP17,DSP01,135650,kg,BD-PIHPS,,,,,"PIHPS Provinsi Bengkulu (rata-rata pasar tradisional), bukan harga Bengkulu Tengah"
2025-01-10,PHP17,DSP02,135000,kg,BD-PIHPS,,,,,"PIHPS Provinsi Bengkulu (rata-rata pasar tradisional), bukan harga Bengkulu Tengah"
2025-01-10,PHP17,GLP01,18150,kg,BD-PIHPS,,,,,"PIHPS Provinsi Bengkulu (rata-rata pasar tradisional), bukan harga Bengkulu Tengah"
2025-01-10,PHP17,GLP02,19250,kg,BD-PIHPS,,,,,"PIHPS Provinsi Bengkulu (rata-rata pasar tradisional), bukan harga Bengkulu Tengah"
2025-01-10,PHP17,MGR01,18050,liter,BD-PIHPS,,,,,"PIHPS Provinsi Bengkulu (rata-rata pasar tradisional), bukan harga Bengkulu Tengah"
2025-01-10,PHP17,MGR02,21650,liter,BD-PIHPS,,,,,"PIHPS Provinsi Bengkulu (rata-rata pasar tradisional), bukan harga Bengkulu Tengah"
2025-01-10,PHP17,MGR03,20400,liter,BD-PIHPS,,,,,"PIHPS Provinsi Bengkulu (rata-rata pasar tradisional), bukan harga Bengkulu Tengah"
2025-01-10,PHP17,TLR01,29200,kg,BD-PIHPS,,,,,"PIHPS Provinsi Bengkulu (rata-rata pasar tradisional), bukan harga Bengkulu Tengah"
2025-01-13,PHP17,BRS01,14050,kg,BD-PIHPS,,,,,"PIHPS Provinsi Bengkulu (rata-rata pasar tradisional), bukan harga Bengkulu Tengah"
2025-01-13,PHP17,BRS02,14950,kg,BD-PIHPS,,,,,"PIHPS Provinsi Bengkulu (rata-rata pasar tradisional), bukan harga Bengkulu Tengah"
2025-01-13,PHP17,BRS03,15300,kg,BD-PIHPS,,,,,"PIHPS Provinsi Bengkulu (rata-rata pasar tradisional), bukan harga Bengkulu Tengah"
2025-01-13,PHP17,BRS04,15400,kg,BD-PIHPS,,,,,"PIHPS Provinsi Bengkulu (rata-rata pasar tradisional), bukan harga Bengkulu Tengah"
2025-01-13,PHP17,BRS05,15650,kg,BD-PIHPS,,,,,"PIHPS Provinsi Bengkulu (rata-rata pasar tradisional), bukan harga Bengkulu Tengah"
2025-01-13,PHP17,BRS06,15600,kg,BD-PIHPS,,,,,"PIHPS Provinsi Bengkulu (rata-rata pasar tradisional), bukan harga Bengkulu Tengah"
2025-01-13,PHP17,BWM01,40900,kg,BD-PIHPS,,,,,"PIHPS Provinsi Bengkulu (rata-rata pasar tradisional), bukan harga Bengkulu Tengah"
2025-01-13,PHP17,BWP01,42250,kg,BD-PIHPS,,,,,"PIHPS Provinsi Bengkulu (rata-rata pasar tradisional), bukan harga Bengkulu Tengah"
2025-01-13,PHP17,CMR01,42400,kg,BD-PIHPS,,,,,"PIHPS Provinsi Bengkulu (rata-rata pasar tradisional), bukan harga Bengkulu Tengah"
2025-01-13,PHP17,CMR02,47650,kg,BD-PIHPS,,,,,"PIHPS Provinsi Bengkulu (rata-rata pasar tradisional), bukan harga Bengkulu Tengah"
2025-01-13,PHP17,CRW01,52400,kg,BD-PIHPS,,,,,"PIHPS Provinsi Bengkulu (rata-rata pasar tradisional), bukan harga Bengkulu Tengah"
2025-01-13,PHP17,CRW02,48550,kg,BD-PIHPS,,,,,"PIHPS Provinsi Bengkulu (rata-rata pasar tradisional), bukan harga Bengkulu Tengah"
2025-01-13,PHP17,DAY01,38000,kg,BD-PIHPS,,,,,"PIHPS Provinsi Bengkulu (rata-rata pasar tradisional), bukan harga Bengkulu Tengah"
2025-01-13,PHP17,DSP01,135650,kg,BD-PIHPS,,,,,"PIHPS Provinsi Bengkulu (rata-rata pasar tradisional), bukan harga Bengkulu Tengah"
2025-01-13,PHP17,DSP02,135000,kg,BD-PIHPS,,,,,"PIHPS Provinsi Bengkulu (rata-rata pasar tradisional), bukan harga Bengkulu Tengah"
2025-01-13,PHP17,GLP01,18200,kg,BD-PIHPS,,,,,"PIHPS Provinsi Bengkulu (rata-rata pasar tradisional), bukan harga Bengkulu Tengah"
2025-01-13,PHP17,GLP02,19250,kg,BD-PIHPS,,,,,"PIHPS Provinsi Bengkulu (rata-rata pasar tradisional), bukan harga Bengkulu Tengah"
2025-01-13,PHP17,MGR01,18050,liter,BD-PIHPS,,,,,"PIHPS Provinsi Bengkulu (rata-rata pasar tradisional), bukan harga Bengkulu Tengah"
2025-01-13,PHP17,MGR02,21650,liter,BD-PIHPS,,,,,"PIHPS Provinsi Bengkulu (rata-rata pasar tradisional), bukan harga Bengkulu Tengah"
2025-01-13,PHP17,MGR03,20400,liter,BD-PIHPS,,,,,"PIHPS Provinsi Bengkulu (rata-rata pasar tradisional), bukan harga Bengkulu Tengah"
2025-01-13,PHP17,TLR01,29200,kg,BD-PIHPS,,,,,"PIHPS Provinsi Bengkulu (rata-rata pasar tradisional), bukan harga Bengkulu Tengah"
2025-01-14,PHP17,BRS01,14050,kg,BD-PIHPS,,,,,"PIHPS Provinsi Bengkulu (rata-rata pasar tradisional), bukan harga Bengkulu Tengah"
2025-01-14,PHP17,BRS02,14950,kg,BD-PIHPS,,,,,"PIHPS Provinsi Bengkulu (rata-rata pasar tradisional), bukan harga Bengkulu Tengah"
2025-01-14,PHP17,BRS03,15300,kg,BD-PIHPS,,,,,"PIHPS Provinsi Bengkulu (rata-rata pasar tradisional), bukan harga Bengkulu Tengah"
2025-01-14,PHP17,BRS04,15400,kg,BD-PIHPS,,,,,"PIHPS Provinsi Bengkulu (rata-rata pasar tradisional), bukan harga Bengkulu Tengah"
2025-01-14,PHP17,BRS05,15650,kg,BD-PIHPS,,,,,"PIHPS Provinsi Bengkulu (rata-rata pasar tradisional), bukan harga Bengkulu Tengah"
2025-01-14,PHP17,BRS06,15600,kg,BD-PIHPS,,,,,"PIHPS Provinsi Bengkulu (rata-rata pasar tradisional), bukan harga Bengkulu Tengah"
2025-01-14,PHP17,BWM01,39750,kg,BD-PIHPS,,,,,"PIHPS Provinsi Bengkulu (rata-rata pasar tradisional), bukan harga Bengkulu Tengah"
2025-01-14,PHP17,BWP01,41750,kg,BD-PIHPS,,,,,"PIHPS Provinsi Bengkulu (rata-rata pasar tradisional), bukan harga Bengkulu Tengah"
2025-01-14,PHP17,CMR01,43750,kg,BD-PIHPS,,,,,"PIHPS Provinsi Bengkulu (rata-rata pasar tradisional), bukan harga Bengkulu Tengah"
2025-01-14,PHP17,CMR02,50650,kg,BD-PIHPS,,,,,"PIHPS Provinsi Bengkulu (rata-rata pasar tradisional), bukan harga Bengkulu Tengah"
2025-01-14,PHP17,CRW01,49400,kg,BD-PIHPS,,,,,"PIHPS Provinsi Bengkulu (rata-rata pasar tradisional), bukan harga Bengkulu Tengah"
2025-01-14,PHP17,CRW02,50100,kg,BD-PIHPS,,,,,"PIHPS Provinsi Bengkulu (rata-rata pasar tradisional), bukan harga Bengkulu Tengah"
2025-01-14,PHP17,DAY01,38000,kg,BD-PIHPS,,,,,"PIHPS Provinsi Bengkulu (rata-rata pasar tradisional), bukan harga Bengkulu Tengah"
2025-01-14,PHP17,DSP01,135650,kg,BD-PIHPS,,,,,"PIHPS Provinsi Bengkulu (rata-rata pasar tradisional), bukan harga Bengkulu Tengah"
2025-01-14,PHP17,DSP02,135000,kg,BD-PIHPS,,,,,"PIHPS Provinsi Bengkulu (rata-rata pasar tradisional), bukan harga Bengkulu Tengah"
2025-01-14,PHP17,GLP01,18200,kg,BD-PIHPS,,,,,"PIHPS Provinsi Bengkulu (rata-rata pasar tradisional), bukan harga Bengkulu Tengah"
2025-01-14,PHP17,GLP02,19250,kg,BD-PIHPS,,,,,"PIHPS Provinsi Bengkulu (rata-rata pasar tradisional), bukan harga Bengkulu Tengah"
2025-01-14,PHP17,MGR01,18050,liter,BD-PIHPS,,,,,"PIHPS Provinsi Bengkulu (rata-rata pasar tradisional), bukan harga Bengkulu Tengah"
2025-01-14,PHP17,MGR02,21650,liter,BD-PIHPS,,,,,"PIHPS Provinsi Bengkulu (rata-rata pasar tradisional), bukan harga Bengkulu Tengah"
2025-01-14,PHP17,MGR03,20400,liter,BD-PIHPS,,,,,"PIHPS Provinsi Bengkulu (rata-rata pasar tradisional), bukan harga Bengkulu Tengah"
2025-01-14,PHP17,TLR01,29300,kg,BD-PIHPS,,,,,"PIHPS Provinsi Bengkulu (rata-rata pasar tradisional), bukan harga Bengkulu Tengah"
2025-01-15,PHP17,BRS01,14050,kg,BD-PIHPS,,,,,"PIHPS Provinsi Bengkulu (rata-rata pasar tradisional), bukan harga Bengkulu Tengah"
2025-01-15,PHP17,BRS02,14950,kg,BD-PIHPS,,,,,"PIHPS Provinsi Bengkulu (rata-rata pasar tradisional), bukan harga Bengkulu Tengah"
2025-01-15,PHP17,BRS03,15300,kg,BD-PIHPS,,,,,"PIHPS Provinsi Bengkulu (rata-rata pasar tradisional), bukan harga Bengkulu Tengah"
2025-01-15,PHP17,BRS04,15400,kg,BD-PIHPS,,,,,"PIHPS Provinsi Bengkulu (rata-rata pasar tradisional), bukan harga Bengkulu Tengah"
2025-01-15,PHP17,BRS05,15650,kg,BD-PIHPS,,,,,"PIHPS Provinsi Bengkulu (rata-rata pasar tradisional), bukan harga Bengkulu Tengah"
2025-01-15,PHP17,BRS06,15550,kg,BD-PIHPS,,,,,"PIHPS Provinsi Bengkulu (rata-rata pasar tradisional), bukan harga Bengkulu Tengah"
2025-01-15,PHP17,BWM01,40250,kg,BD-PIHPS,,,,,"PIHPS Provinsi Bengkulu (rata-rata pasar tradisional), bukan harga Bengkulu Tengah"
2025-01-15,PHP17,BWP01,42150,kg,BD-PIHPS,,,,,"PIHPS Provinsi Bengkulu (rata-rata pasar tradisional), bukan harga Bengkulu Tengah"
2025-01-15,PHP17,CMR01,47000,kg,BD-PIHPS,,,,,"PIHPS Provinsi Bengkulu (rata-rata pasar tradisional), bukan harga Bengkulu Tengah"
2025-01-15,PHP17,CMR02,54500,kg,BD-PIHPS,,,,,"PIHPS Provinsi Bengkulu (rata-rata pasar tradisional), bukan harga Bengkulu Tengah"
2025-01-15,PHP17,CRW01,50900,kg,BD-PIHPS,,,,,"PIHPS Provinsi Bengkulu (rata-rata pasar tradisional), bukan harga Bengkulu Tengah"
2025-01-15,PHP17,CRW02,51300,kg,BD-PIHPS,,,,,"PIHPS Provinsi Bengkulu (rata-rata pasar tradisional), bukan harga Bengkulu Tengah"
2025-01-15,PHP17,DAY01,37400,kg,BD-PIHPS,,,,,"PIHPS Provinsi Bengkulu (rata-rata pasar tradisional), bukan harga Bengkulu Tengah"
2025-01-15,PHP17,DSP01,135650,kg,BD-PIHPS,,,,,"PIHPS Provinsi Bengkulu (rata-rata pasar tradisional), bukan harga Bengkulu Tengah"
2025-01-15,PHP17,DSP02,135000,kg,BD-PIHPS,,,,,"PIHPS Provinsi Bengkulu (rata-rata pasar tradisional), bukan harga Bengkulu Tengah"
2025-01-15,PHP17,GLP01,18200,kg,BD-PIHPS,,,,,"PIHPS Provinsi Bengkulu (rata-rata pasar tradisional), bukan harga Bengkulu Tengah"
2025-01-15,PHP17,GLP02,19250,kg,BD-PIHPS,,,,,"PIHPS Provinsi Bengkulu (rata-rata pasar tradisional), bukan harga Bengkulu Tengah"
2025-01-15,PHP17,MGR01,18050,liter,BD-PIHPS,,,,,"PIHPS Provinsi Bengkulu (rata-rata pasar tradisional), bukan harga Bengkulu Tengah"
2025-01-15,PHP17,MGR02,21650,liter,BD-PIHPS,,,,,"PIHPS Provinsi Bengkulu (rata-rata pasar tradisional), bukan harga Bengkulu Tengah"
2025-01-15,PHP17,MGR03,20400,liter,BD-PIHPS,,,,,"PIHPS Provinsi Bengkulu (rata-rata pasar tradisional), bukan harga Bengkulu Tengah"
2025-01-15,PHP17,TLR01,29300,kg,BD-PIHPS,,,,,"PIHPS Provinsi Bengkulu (rata-rata pasar tradisional), bukan harga Bengkulu Tengah"
2025-01-16,PHP17,BRS01,14050,kg,BD-PIHPS,,,,,"PIHPS Provinsi Bengkulu (rata-rata pasar tradisional), bukan harga Bengkulu Tengah"
2025-01-16,PHP17,BRS02,14950,kg,BD-PIHPS,,,,,"PIHPS Provinsi Bengkulu (rata-rata pasar tradisional), bukan harga Bengkulu Tengah"
2025-01-16,PHP17,BRS03,15300,kg,BD-PIHPS,,,,,"PIHPS Provinsi Bengkulu (rata-rata pasar tradisional), bukan harga Bengkulu Tengah"
2025-01-16,PHP17,BRS04,15400,kg,BD-PIHPS,,,,,"PIHPS Provinsi Bengkulu (rata-rata pasar tradisional), bukan harga Bengkulu Tengah"
2025-01-16,PHP17,BRS05,15650,kg,BD-PIHPS,,,,,"PIHPS Provinsi Bengkulu (rata-rata pasar tradisional), bukan harga Bengkulu Tengah"
2025-01-16,PHP17,BRS06,15550,kg,BD-PIHPS,,,,,"PIHPS Provinsi Bengkulu (rata-rata pasar tradisional), bukan harga Bengkulu Tengah"
2025-01-16,PHP17,BWM01,40650,kg,BD-PIHPS,,,,,"PIHPS Provinsi Bengkulu (rata-rata pasar tradisional), bukan harga Bengkulu Tengah"
2025-01-16,PHP17,BWP01,42150,kg,BD-PIHPS,,,,,"PIHPS Provinsi Bengkulu (rata-rata pasar tradisional), bukan harga Bengkulu Tengah"
2025-01-16,PHP17,CMR01,51400,kg,BD-PIHPS,,,,,"PIHPS Provinsi Bengkulu (rata-rata pasar tradisional), bukan harga Bengkulu Tengah"
2025-01-16,PHP17,CMR02,58000,kg,BD-PIHPS,,,,,"PIHPS Provinsi Bengkulu (rata-rata pasar tradisional), bukan harga Bengkulu Tengah"
2025-01-16,PHP17,CRW01,52900,kg,BD-PIHPS,,,,,"PIHPS Provinsi Bengkulu (rata-rata pasar tradisional), bukan harga Bengkulu Tengah"
2025-01-16,PHP17,CRW02,52100,kg,BD-PIHPS,,,,,"PIHPS Provinsi Bengkulu (rata-rata pasar tradisional), bukan harga Bengkulu Tengah"
2025-01-16,PHP17,DAY01,37400,kg,BD-PIHPS,,,,,"PIHPS Provinsi Bengkulu (rata-rata pasar tradisional), bukan harga Bengkulu Tengah"
2025-01-16,PHP17,DSP01,135650,kg,BD-PIHPS,,,,,"PIHPS Provinsi Bengkulu (rata-rata pasar tradisional), bukan harga Bengkulu Tengah"
2025-01-16,PHP17,DSP02,135000,kg,BD-PIHPS,,,,,"PIHPS Provinsi Bengkulu (rata-rata pasar tradisional), bukan harga Bengkulu Tengah"
2025-01-16,PHP17,GLP01,18200,kg,BD-PIHPS,,,,,"PIHPS Provinsi Bengkulu (rata-rata pasar tradisional), bukan harga Bengkulu Tengah"
2025-01-16,PHP17,GLP02,19250,kg,BD-PIHPS,,,,,"PIHPS Provinsi Bengkulu (rata-rata pasar tradisional), bukan harga Bengkulu Tengah"
2025-01-16,PHP17,MGR01,18050,liter,BD-PIHPS,,,,,"PIHPS Provinsi Bengkulu (rata-rata pasar tradisional), bukan harga Bengkulu Tengah"
2025-01-16,PHP17,MGR02,21650,liter,BD-PIHPS,,,,,"PIHPS Provinsi Bengkulu (rata-rata pasar tradisional), bukan harga Bengkulu Tengah"
2025-01-16,PHP17,MGR03,20400,liter,BD-PIHPS,,,,,"PIHPS Provinsi Bengkulu (rata-rata pasar tradisional), bukan harga Bengkulu Tengah"
2025-01-16,PHP17,TLR01,29300,kg,BD-PIHPS,,,,,"PIHPS Provinsi Bengkulu (rata-rata pasar tradisional), bukan harga Bengkulu Tengah"
2025-01-17,PHP17,BRS01,14050,kg,BD-PIHPS,,,,,"PIHPS Provinsi Bengkulu (rata-rata pasar tradisional), bukan harga Bengkulu Tengah"
2025-01-17,PHP17,BRS02,14950,kg,BD-PIHPS,,,,,"PIHPS Provinsi Bengkulu (rata-rata pasar tradisional), bukan harga Bengkulu Tengah"
2025-01-17,PHP17,BRS03,15300,kg,BD-PIHPS,,,,,"PIHPS Provinsi Bengkulu (rata-rata pasar tradisional), bukan harga Bengkulu Tengah"
2025-01-17,PHP17,BRS04,15400,kg,BD-PIHPS,,,,,"PIHPS Provinsi Bengkulu (rata-rata pasar tradisional), bukan harga Bengkulu Tengah"
2025-01-17,PHP17,BRS05,15650,kg,BD-PIHPS,,,,,"PIHPS Provinsi Bengkulu (rata-rata pasar tradisional), bukan harga Bengkulu Tengah"
2025-01-17,PHP17,BRS06,15550,kg,BD-PIHPS,,,,,"PIHPS Provinsi Bengkulu (rata-rata pasar tradisional), bukan harga Bengkulu Tengah"
2025-01-17,PHP17,BWM01,40900,kg,BD-PIHPS,,,,,"PIHPS Provinsi Bengkulu (rata-rata pasar tradisional), bukan harga Bengkulu Tengah"
2025-01-17,PHP17,BWP01,43250,kg,BD-PIHPS,,,,,"PIHPS Provinsi Bengkulu (rata-rata pasar tradisional), bukan harga Bengkulu Tengah"
2025-01-17,PHP17,CMR01,53500,kg,BD-PIHPS,,,,,"PIHPS Provinsi Bengkulu (rata-rata pasar tradisional), bukan harga Bengkulu Tengah"
2025-01-17,PHP17,CMR02,58000,kg,BD-PIHPS,,,,,"PIHPS Provinsi Bengkulu (rata-rata pasar tradisional), bukan harga Bengkulu Tengah"
2025-01-17,PHP17,CRW01,59000,kg,BD-PIHPS,,,,,"PIHPS Provinsi Bengkulu (rata-rata pasar tradisional), bukan harga Bengkulu Tengah"
2025-01-17,PHP17,CRW02,53800,kg,BD-PIHPS,,,,,"PIHPS Provinsi Bengkulu (rata-rata pasar tradisional), bukan harga Bengkulu Tengah"
2025-01-17,PHP17,DAY01,37400,kg,BD-PIHPS,,,,,"PIHPS Provinsi Bengkulu (rata-rata pasar tradisional), bukan harga Bengkulu Tengah"
2025-01-17,PHP17,DSP01,135650,kg,BD-PIHPS,,,,,"PIHPS Provinsi Bengkulu (rata-rata pasar tradisional), bukan harga Bengkulu Tengah"
2025-01-17,PHP17,DSP02,135000,kg,BD-PIHPS,,,,,"PIHPS Provinsi Bengkulu (rata-rata pasar tradisional), bukan harga Bengkulu Tengah"
2025-01-17,PHP17,GLP01,18200,kg,BD-PIHPS,,,,,"PIHPS Provinsi Bengkulu (rata-rata pasar tradisional), bukan harga Bengkulu Tengah"
2025-01-17,PHP17,GLP02,19250,kg,BD-PIHPS,,,,,"PIHPS Provinsi Bengkulu (rata-rata pasar tradisional), bukan harga Bengkulu Tengah"
2025-01-17,PHP17,MGR01,18050,liter,BD-PIHPS,,,,,"PIHPS Provinsi Bengkulu (rata-rata pasar tradisional), bukan harga Bengkulu Tengah"
2025-01-17,PHP17,MGR02,21650,liter,BD-PIHPS,,,,,"PIHPS Provinsi Bengkulu (rata-rata pasar tradisional), bukan harga Bengkulu Tengah"
2025-01-17,PHP17,MGR03,20400,liter,BD-PIHPS,,,,,"PIHPS Provinsi Bengkulu (rata-rata pasar tradisional), bukan harga Bengkulu Tengah"
2025-01-17,PHP17,TLR01,29900,kg,BD-PIHPS,,,,,"PIHPS Provinsi Bengkulu (rata-rata pasar tradisional), bukan harga Bengkulu Tengah"
2025-01-20,PHP17,BRS01,14050,kg,BD-PIHPS,,,,,"PIHPS Provinsi Bengkulu (rata-rata pasar tradisional), bukan harga Bengkulu Tengah"
2025-01-20,PHP17,BRS02,14950,kg,BD-PIHPS,,,,,"PIHPS Provinsi Bengkulu (rata-rata pasar tradisional), bukan harga Bengkulu Tengah"
2025-01-20,PHP17,BRS03,15300,kg,BD-PIHPS,,,,,"PIHPS Provinsi Bengkulu (rata-rata pasar tradisional), bukan harga Bengkulu Tengah"
2025-01-20,PHP17,BRS04,15400,kg,BD-PIHPS,,,,,"PIHPS Provinsi Bengkulu (rata-rata pasar tradisional), bukan harga Bengkulu Tengah"
2025-01-20,PHP17,BRS05,15650,kg,BD-PIHPS,,,,,"PIHPS Provinsi Bengkulu (rata-rata pasar tradisional), bukan harga Bengkulu Tengah"
2025-01-20,PHP17,BRS06,15550,kg,BD-PIHPS,,,,,"PIHPS Provinsi Bengkulu (rata-rata pasar tradisional), bukan harga Bengkulu Tengah"
2025-01-20,PHP17,BWM01,40000,kg,BD-PIHPS,,,,,"PIHPS Provinsi Bengkulu (rata-rata pasar tradisional), bukan harga Bengkulu Tengah"
2025-01-20,PHP17,BWP01,43000,kg,BD-PIHPS,,,,,"PIHPS Provinsi Bengkulu (rata-rata pasar tradisional), bukan harga Bengkulu Tengah"
2025-01-20,PHP17,CMR01,53900,kg,BD-PIHPS,,,,,"PIHPS Provinsi Bengkulu (rata-rata pasar tradisional), bukan harga Bengkulu Tengah"
2025-01-20,PHP17,CMR02,57400,kg,BD-PIHPS,,,,,"PIHPS Provinsi Bengkulu (rata-rata pasar tradisional), bukan harga Bengkulu Tengah"
2025-01-20,PHP17,CRW01,59650,kg,BD-PIHPS,,,,,"PIHPS Provinsi Bengkulu (rata-rata pasar tradisional), bukan harga Bengkulu Tengah"
2025-01-20,PHP17,CRW02,53250,kg,BD-PIHPS,,,,,"PIHPS Provinsi Bengkulu (rata-rata pasar tradisional), bukan harga Bengkulu Tengah"
2025-01-20,PHP17,DAY01,36250,kg,BD-PIHPS,,,,,"PIHPS Provinsi Bengkulu (rata-rata pasar tradisional), bukan harga Bengkulu Tengah"
2025-01-20,PHP17,DSP01,135650,kg,BD-PIHPS,,,,,"PIHPS Provinsi Bengkulu (rata-rata pasar tradisional), bukan harga Bengkulu Tengah"
2025-01-20,PHP17,DSP02,135000,kg,BD-PIHPS,,,,,"PIHPS Provinsi Bengkulu (rata-rata pasar tradisional), bukan harga Bengkulu Tengah"
2025-01-20,PHP17,GLP01,18200,kg,BD-PIHPS,,,,,"PIHPS Provinsi Bengkulu (rata-rata pasar tradisional), bukan harga Bengkulu Tengah"
2025-01-20,PHP17,GLP02,19250,kg,BD-PIHPS,,,,,"PIHPS Provinsi Bengkulu (rata-rata pasar tradisional), bukan harga Bengkulu Tengah"
2025-01-20,PHP17,MGR01,18050,liter,BD-PIHPS,,,,,"PIHPS Provinsi Bengkulu (rata-rata pasar tradisional), bukan harga Bengkulu Tengah"
2025-01-20,PHP17,MGR02,21650,liter,BD-PIHPS,,,,,"PIHPS Provinsi Bengkulu (rata-rata pasar tradisional), bukan harga Bengkulu Tengah"
2025-01-20,PHP17,MGR03,20400,liter,BD-PIHPS,,,,,"PIHPS Provinsi Bengkulu (rata-rata pasar tradisional), bukan harga Bengkulu Tengah"
2025-01-20,PHP17,TLR01,29900,kg,BD-PIHPS,,,,,"PIHPS Provinsi Bengkulu (rata-rata pasar tradisional), bukan harga Bengkulu Tengah"
2025-01-21,PHP17,BRS01,14050,kg,BD-PIHPS,,,,,"PIHPS Provinsi Bengkulu (rata-rata pasar tradisional), bukan harga Bengkulu Tengah"
2025-01-21,PHP17,BRS02,14950,kg,BD-PIHPS,,,,,"PIHPS Provinsi Bengkulu (rata-rata pasar tradisional), bukan harga Bengkulu Tengah"
2025-01-21,PHP17,BRS03,15300,kg,BD-PIHPS,,,,,"PIHPS Provinsi Bengkulu (rata-rata pasar tradisional), bukan harga Bengkulu Tengah"
2025-01-21,PHP17,BRS04,15400,kg,BD-PIHPS,,,,,"PIHPS Provinsi Bengkulu (rata-rata pasar tradisional), bukan harga Bengkulu Tengah"
2025-01-21,PHP17,BRS05,15650,kg,BD-PIHPS,,,,,"PIHPS Provinsi Bengkulu (rata-rata pasar tradisional), bukan harga Bengkulu Tengah"
2025-01-21,PHP17,BRS06,15550,kg,BD-PIHPS,,,,,"PIHPS Provinsi Bengkulu (rata-rata pasar tradisional), bukan harga Bengkulu Tengah"
2025-01-21,PHP17,BWM01,40000,kg,BD-PIHPS,,,,,"PIHPS Provinsi Bengkulu (rata-rata pasar tradisional), bukan harga Bengkulu Tengah"
2025-01-21,PHP17,BWP01,43000,kg,BD-PIHPS,,,,,"PIHPS Provinsi Bengkulu (rata-rata pasar tradisional), bukan harga Bengkulu Tengah"
2025-01-21,PHP17,CMR01,53150,kg,BD-PIHPS,,,,,"PIHPS Provinsi Bengkulu (rata-rata pasar tradisional), bukan harga Bengkulu Tengah"
2025-01-21,PHP17,CMR02,56900,kg,BD-PIHPS,,,,,"PIHPS Provinsi Bengkulu (rata-rata pasar tradisional), bukan harga Bengkulu Tengah"
2025-01-21,PHP17,CRW01,58500,kg,BD-PIHPS,,,,,"PIHPS Provinsi Bengkulu (rata-rata pasar tradisional), bukan harga Bengkulu Tengah"
2025-01-21,PHP17,CRW02,53200,kg,BD-PIHPS,,,,,"PIHPS Provinsi Bengkulu (rata-rata pasar tradisional), bukan harga Bengkulu Tengah"
2025-01-21,PHP17,DAY01,36250,kg,BD-PIHPS,,,,,"PIHPS Provinsi Bengkulu (rata-rata pasar tradisional), bukan harga Bengkulu Tengah"
2025-01-21,PHP17,DSP01,135650,kg,BD-PIHPS,,,,,"PIHPS Provinsi Bengkulu (rata-rata pasar tradisional), bukan harga Bengkulu Tengah"
2025-01-21,PHP17,DSP02,135000,kg,BD-PIHPS,,,,,"PIHPS Provinsi Bengkulu (rata-rata pasar tradisional), bukan harga Bengkulu Tengah"
2025-01-21,PHP17,GLP01,18200,kg,BD-PIHPS,,,,,"PIHPS Provinsi Bengkulu (rata-rata pasar tradisional), bukan harga Bengkulu Tengah"
2025-01-21,PHP17,GLP02,19400,kg,BD-PIHPS,,,,,"PIHPS Provinsi Bengkulu (rata-rata pasar tradisional), bukan harga Bengkulu Tengah"
2025-01-21,PHP17,MGR01,18050,liter,BD-PIHPS,,,,,"PIHPS Provinsi Bengkulu (rata-rata pasar tradisional), bukan harga Bengkulu Tengah"
2025-01-21,PHP17,MGR02,21650,liter,BD-PIHPS,,,,,"PIHPS Provinsi Bengkulu (rata-rata pasar tradisional), bukan harga Bengkulu Tengah"
2025-01-21,PHP17,MGR03,20400,liter,BD-PIHPS,,,,,"PIHPS Provinsi Bengkulu (rata-rata pasar tradisional), bukan harga Bengkulu Tengah"
2025-01-21,PHP17,TLR01,29700,kg,BD-PIHPS,,,,,"PIHPS Provinsi Bengkulu (rata-rata pasar tradisional), bukan harga Bengkulu Tengah"
2025-01-22,PHP17,BRS01,14050,kg,BD-PIHPS,,,,,"PIHPS Provinsi Bengkulu (rata-rata pasar tradisional), bukan harga Bengkulu Tengah"
2025-01-22,PHP17,BRS02,14950,kg,BD-PIHPS,,,,,"PIHPS Provinsi Bengkulu (rata-rata pasar tradisional), bukan harga Bengkulu Tengah"
2025-01-22,PHP17,BRS03,15300,kg,BD-PIHPS,,,,,"PIHPS Provinsi Bengkulu (rata-rata pasar tradisional), bukan harga Bengkulu Tengah"
2025-01-22,PHP17,BRS04,15400,kg,BD-PIHPS,,,,,"PIHPS Provinsi Bengkulu (rata-rata pasar tradisional), bukan harga Bengkulu Tengah"
2025-01-22,PHP17,BRS05,15650,kg,BD-PIHPS,,,,,"PIHPS Provinsi Bengkulu (rata-rata pasar tradisional), bukan harga Bengkulu Tengah"
2025-01-22,PHP17,BRS06,15550,kg,BD-PIHPS,,,,,"PIHPS Provinsi Bengkulu (rata-rata pasar tradisional), bukan harga Bengkulu Tengah"
2025-01-22,PHP17,BWM01,40750,kg,BD-PIHPS,,,,,"PIHPS Provinsi Bengkulu (rata-rata pasar tradisional), bukan harga Bengkulu Tengah"
2025-01-22,PHP17,BWP01,43250,kg,BD-PIHPS,,,,,"PIHPS Provinsi Bengkulu (rata-rata pasar tradisional), bukan harga Bengkulu Tengah"
2025-01-22,PHP17,CMR01,54250,kg,BD-PIHPS,,,,,"PIHPS Provinsi Bengkulu (rata-rata pasar tradisional), bukan harga Bengkulu Tengah"
2025-01-22,PHP17,CMR02,58250,kg,BD-PIHPS,,,,,"PIHPS Provinsi Bengkulu (rata-rata pasar tradisional), bukan harga Bengkulu Tengah"
2025-01-22,PHP17,CRW01,60150,kg,BD-PIHPS,,,,,"PIHPS Provinsi Bengkulu (rata-rata pasar tradisional), bukan harga Bengkulu Tengah"
2025-01-22,PHP17,CRW02,53400,kg,BD-PIHPS,,,,,"PIHPS Provinsi Bengkulu (rata-rata pasar tradisional), bukan harga Bengkulu Tengah"
2025-01-22,PHP17,DAY01,35500,kg,BD-PIHPS,,,,,"PIHPS Provinsi Bengkulu (rata-rata pasar tradisional), bukan harga Bengkulu Tengah"
2025-01-22,PHP17,DSP01,135650,kg,BD-PIHPS,,,,,"PIHPS Provinsi Bengkulu (rata-rata pasar tradisional), bukan harga Bengkulu Tengah"
2025-01-22,PHP17,DSP02,135000,kg,BD-PIHPS,,,,,"PIHPS Provinsi Bengkulu (rata-rata pasar tradisional), bukan harga Bengkulu Tengah"
2025-01-22,PHP17,GLP01,18200,kg,BD-PIHPS,,,,,"PIHPS Provinsi Bengkulu (rata-rata pasar tradisional), bukan harga Bengkulu Tengah"
2025-01-22,PHP17,GLP02,19400,kg,BD-PIHPS,,,,,"PIHPS Provinsi Bengkulu (rata-rata pasar tradisional), bukan harga Bengkulu Tengah"
2025-01-22,PHP17,MGR01,18050,liter,BD-PIHPS,,,,,"PIHPS Provinsi Bengkulu (rata-rata pasar tradisional), bukan harga Bengkulu Tengah"
2025-01-22,PHP17,MGR02,21650,liter,BD-PIHPS,,,,,"PIHPS Provinsi Bengkulu (rata-rata pasar tradisional), bukan harga Bengkulu Tengah"
2025-01-22,PHP17,MGR03,20400,liter,BD-PIHPS,,,,,"PIHPS Provinsi Bengkulu (rata-rata pasar tradisional), bukan harga Bengkulu Tengah"
2025-01-22,PHP17,TLR01,29700,kg,BD-PIHPS,,,,,"PIHPS Provinsi Bengkulu (rata-rata pasar tradisional), bukan harga Bengkulu Tengah"
2025-01-23,PHP17,BRS01,14050,kg,BD-PIHPS,,,,,"PIHPS Provinsi Bengkulu (rata-rata pasar tradisional), bukan harga Bengkulu Tengah"
2025-01-23,PHP17,BRS02,14950,kg,BD-PIHPS,,,,,"PIHPS Provinsi Bengkulu (rata-rata pasar tradisional), bukan harga Bengkulu Tengah"
2025-01-23,PHP17,BRS03,15300,kg,BD-PIHPS,,,,,"PIHPS Provinsi Bengkulu (rata-rata pasar tradisional), bukan harga Bengkulu Tengah"
2025-01-23,PHP17,BRS04,15400,kg,BD-PIHPS,,,,,"PIHPS Provinsi Bengkulu (rata-rata pasar tradisional), bukan harga Bengkulu Tengah"
2025-01-23,PHP17,BRS05,15650,kg,BD-PIHPS,,,,,"PIHPS Provinsi Bengkulu (rata-rata pasar tradisional), bukan harga Bengkulu Tengah"
2025-01-23,PHP17,BRS06,15550,kg,BD-PIHPS,,,,,"PIHPS Provinsi Bengkulu (rata-rata pasar tradisional), bukan harga Bengkulu Tengah"
2025-01-23,PHP17,BWM01,41150,kg,BD-PIHPS,,,,,"PIHPS Provinsi Bengkulu (rata-rata pasar tradisional), bukan harga Bengkulu Tengah"
2025-01-23,PHP17,BWP01,44400,kg,BD-PIHPS,,,,,"PIHPS Provinsi Bengkulu (rata-rata pasar tradisional), bukan harga Bengkulu Tengah"
2025-01-23,PHP17,CMR01,55650,kg,BD-PIHPS,,,,,"PIHPS Provinsi Bengkulu (rata-rata pasar tradisional), bukan harga Bengkulu Tengah"
2025-01-23,PHP17,CMR02,60000,kg,BD-PIHPS,,,,,"PIHPS Provinsi Bengkulu (rata-rata pasar tradisional), bukan harga Bengkulu Tengah"
2025-01-23,PHP17,CRW01,61650,kg,BD-PIHPS,,,,,"PIHPS Provinsi Bengkulu (rata-rata pasar tradisional), bukan harga Bengkulu Tengah"
2025-01-23,PHP17,CRW02,54300,kg,BD-PIHPS,,,,,"PIHPS Provinsi Bengkulu (rata-rata pasar tradisional), bukan harga Bengkulu Tengah"
2025-01-23,PHP17,DAY01,35500,kg,BD-PIHPS,,,,,"PIHPS Provinsi Bengkulu (rata-rata pasar tradisional), bukan harga Bengkulu Tengah"
2025-01-23,PHP17,DSP01,135650,kg,BD-PIHPS,,,,,"PIHPS Provinsi Bengkulu (rata-rata pasar tradisional), bukan harga Bengkulu Tengah"
2025-01-23,PHP17,DSP02,135000,kg,BD-PIHPS,,,,,"PIHPS Provinsi Bengkulu (rata-rata pasar tradisional), bukan harga Bengkulu Tengah"
2025-01-23,PHP17,GLP01,18200,kg,BD-PIHPS,,,,,"PIHPS Provinsi Bengkulu (rata-rata pasar tradisional), bukan harga Bengkulu Tengah"
2025-01-23,PHP17,GLP02,19400,kg,BD-PIHPS,,,,,"PIHPS Provinsi Bengkulu (rata-rata pasar tradisional), bukan harga Bengkulu Tengah"
2025-01-23,PHP17,MGR01,18050,liter,BD-PIHPS,,,,,"PIHPS Provinsi Bengkulu (rata-rata pasar tradisional), bukan harga Bengkulu Tengah"
2025-01-23,PHP17,MGR02,21650,liter,BD-PIHPS,,,,,"PIHPS Provinsi Bengkulu (rata-rata pasar tradisional), bukan harga Bengkulu Tengah"
2025-01-23,PHP17,MGR03,20400,liter,BD-PIHPS,,,,,"PIHPS Provinsi Bengkulu (rata-rata pasar tradisional), bukan harga Bengkulu Tengah"
2025-01-23,PHP17,TLR01,29700,kg,BD-PIHPS,,,,,"PIHPS Provinsi Bengkulu (rata-rata pasar tradisional), bukan harga Bengkulu Tengah"
2025-01-24,PHP17,BRS01,14050,kg,BD-PIHPS,,,,,"PIHPS Provinsi Bengkulu (rata-rata pasar tradisional), bukan harga Bengkulu Tengah"
2025-01-24,PHP17,BRS02,14950,kg,BD-PIHPS,,,,,"PIHPS Provinsi Bengkulu (rata-rata pasar tradisional), bukan harga Bengkulu Tengah"
2025-01-24,PHP17,BRS03,15300,kg,BD-PIHPS,,,,,"PIHPS Provinsi Bengkulu (rata-rata pasar tradisional), bukan harga Bengkulu Tengah"
2025-01-24,PHP17,BRS04,15400,kg,BD-PIHPS,,,,,"PIHPS Provinsi Bengkulu (rata-rata pasar tradisional), bukan harga Bengkulu Tengah"
2025-01-24,PHP17,BRS05,15650,kg,BD-PIHPS,,,,,"PIHPS Provinsi Bengkulu (rata-rata pasar tradisional), bukan harga Bengkulu Tengah"
2025-01-24,PHP17,BRS06,15600,kg,BD-PIHPS,,,,,"PIHPS Provinsi Bengkulu (rata-rata pasar tradisional), bukan harga Bengkulu Tengah"
2025-01-24,PHP17,BWM01,40150,kg,BD-PIHPS,,,,,"PIHPS Provinsi Bengkulu (rata-rata pasar tradisional), bukan harga Bengkulu Tengah"
2025-01-24,PHP17,BWP01,42500,kg,BD-PIHPS,,,,,"PIHPS Provinsi Bengkulu (rata-rata pasar tradisional), bukan harga Bengkulu Tengah"
2025-01-24,PHP17,CMR01,54500,kg,BD-PIHPS,,,,,"PIHPS Provinsi Bengkulu (rata-rata pasar tradisional), bukan harga Bengkulu Tengah"
2025-01-24,PHP17,CMR02,58500,kg,BD-PIHPS,,,,,"PIHPS Provinsi Bengkulu (rata-rata pasar tradisional), bukan harga Bengkulu Tengah"
2025-01-24,PHP17,CRW01,60000,kg,BD-PIHPS,,,,,"PIHPS Provinsi Bengkulu (rata-rata pasar tradisional), bukan harga Bengkulu Tengah"
2025-01-24,PHP17,CRW02,51500,kg,BD-PIHPS,,,,,"PIHPS Provinsi Bengkulu (rata-rata pasar tradisional), bukan harga Bengkulu Tengah"
2025-01-24,PHP17,DAY01,35500,kg,BD-PIHPS,,,,,"PIHPS Provinsi Bengkulu (rata-rata pasar tradisional), bukan harga Bengkulu Tengah"
2025-01-24,PHP17,DSP01,135650,kg,BD-PIHPS,,,,,"PIHPS Provinsi Bengkulu (rata-rata pasar tradisional), bukan harga Bengkulu Tengah"
2025-01-24,PHP17,DSP02,135000,kg,BD-PIHPS,,,,,"PIHPS Provinsi Bengkulu (rata-rata pasar tradisional), bukan harga Bengkulu Tengah"
2025-01-24,PHP17,GLP01,18200,kg,BD-PIHPS,,,,,"PIHPS Provinsi Bengkulu (rata-rata pasar tradisional), bukan harga Bengkulu Tengah"
2025-01-24,PHP17,GLP02,19400,kg,BD-PIHPS,,,,,"PIHPS Provinsi Bengkulu (rata-rata pasar tradisional), bukan harga Bengkulu Tengah"
2025-01-24,PHP17,MGR01,18150,liter,BD-PIHPS,,,,,"PIHPS Provinsi Bengkulu (rata-rata pasar tradisional), bukan harga Bengkulu Tengah"
2025-01-24,PHP17,MGR02,21650,liter,BD-PIHPS,,,,,"PIHPS Provinsi Bengkulu (rata-rata pasar tradisional), bukan harga Bengkulu Tengah"
2025-01-24,PHP17,MGR03,20400,liter,BD-PIHPS,,,,,"PIHPS Provinsi Bengkulu (rata-rata pasar tradisional), bukan harga Bengkulu Tengah"
2025-01-24,PHP17,TLR01,29600,kg,BD-PIHPS,,,,,"PIHPS Provinsi Bengkulu (rata-rata pasar tradisional), bukan harga Bengkulu Tengah"
2025-01-27,PHP17,BRS01,14050,kg,BD-PIHPS,,,,,"PIHPS Provinsi Bengkulu (rata-rata pasar tradisional), bukan harga Bengkulu Tengah"
2025-01-27,PHP17,BRS02,14950,kg,BD-PIHPS,,,,,"PIHPS Provinsi Bengkulu (rata-rata pasar tradisional), bukan harga Bengkulu Tengah"
2025-01-27,PHP17,BRS03,15300,kg,BD-PIHPS,,,,,"PIHPS Provinsi Bengkulu (rata-rata pasar tradisional), bukan harga Bengkulu Tengah"
2025-01-27,PHP17,BRS04,15400,kg,BD-PIHPS,,,,,"PIHPS Provinsi Bengkulu (rata-rata pasar tradisional), bukan harga Bengkulu Tengah"
2025-01-27,PHP17,BRS05,15650,kg,BD-PIHPS,,,,,"PIHPS Provinsi Bengkulu (rata-rata pasar tradisional), bukan harga Bengkulu Tengah"
2025-01-27,PHP17,BRS06,15600,kg,BD-PIHPS,,,,,"PIHPS Provinsi Bengkulu (rata-rata pasar tradisional), bukan harga Bengkulu Tengah"
2025-01-27,PHP17,BWM01,40150,kg,BD-PIHPS,,,,,"PIHPS Provinsi Bengkulu (rata-rata pasar tradisional), bukan harga Bengkulu Tengah"
2025-01-27,PHP17,BWP01,42500,kg,BD-PIHPS,,,,,"PIHPS Provinsi Bengkulu (rata-rata pasar tradisional), bukan harga Bengkulu Tengah"
2025-01-27,PHP17,CMR01,54500,kg,BD-PIHPS,,,,,"PIHPS Provinsi Bengkulu (rata-rata pasar tradisional), bukan harga Bengkulu Tengah"
2025-01-27,PHP17,CMR02,58500,kg,BD-PIHPS,,,,,"PIHPS Provinsi Bengkulu (rata-rata pasar tradisional), bukan harga Bengkulu Tengah"
2025-01-27,PHP17,CRW01,60000,kg,BD-PIHPS,,,,,"PIHPS Provinsi Bengkulu (rata-rata pasar tradisional), bukan harga Bengkulu Tengah"
2025-01-27,PHP17,CRW02,51500,kg,BD-PIHPS,,,,,"PIHPS Provinsi Bengkulu (rata-rata pasar tradisional), bukan harga Bengkulu Tengah"
2025-01-27,PHP17,DAY01,35500,kg,BD-PIHPS,,,,,"PIHPS Provinsi Bengkulu (rata-rata pasar tradisional), bukan harga Bengkulu Tengah"
2025-01-27,PHP17,DSP01,135650,kg,BD-PIHPS,,,,,"PIHPS Provinsi Bengkulu (rata-rata pasar tradisional), bukan harga Bengkulu Tengah"
2025-01-27,PHP17,DSP02,135000,kg,BD-PIHPS,,,,,"PIHPS Provinsi Bengkulu (rata-rata pasar tradisional), bukan harga Bengkulu Tengah"
2025-01-27,PHP17,GLP01,18200,kg,BD-PIHPS,,,,,"PIHPS Provinsi Bengkulu (rata-rata pasar tradisional), bukan harga Bengkulu Tengah"
2025-01-27,PHP17,GLP02,19400,kg,BD-PIHPS,,,,,"PIHPS Provinsi Bengkulu (rata-rata pasar tradisional), bukan harga Bengkulu Tengah"
2025-01-27,PHP17,MGR01,18150,liter,BD-PIHPS,,,,,"PIHPS Provinsi Bengkulu (rata-rata pasar tradisional), bukan harga Bengkulu Tengah"
2025-01-27,PHP17,MGR02,21650,liter,BD-PIHPS,,,,,"PIHPS Provinsi Bengkulu (rata-rata pasar tradisional), bukan harga Bengkulu Tengah"
2025-01-27,PHP17,MGR03,20400,liter,BD-PIHPS,,,,,"PIHPS Provinsi Bengkulu (rata-rata pasar tradisional), bukan harga Bengkulu Tengah"
2025-01-27,PHP17,TLR01,29600,kg,BD-PIHPS,,,,,"PIHPS Provinsi Bengkulu (rata-rata pasar tradisional), bukan harga Bengkulu Tengah"
2025-01-28,PHP17,BRS01,14050,kg,BD-PIHPS,,,,,"PIHPS Provinsi Bengkulu (rata-rata pasar tradisional), bukan harga Bengkulu Tengah"
2025-01-28,PHP17,BRS02,14950,kg,BD-PIHPS,,,,,"PIHPS Provinsi Bengkulu (rata-rata pasar tradisional), bukan harga Bengkulu Tengah"
2025-01-28,PHP17,BRS03,15300,kg,BD-PIHPS,,,,,"PIHPS Provinsi Bengkulu (rata-rata pasar tradisional), bukan harga Bengkulu Tengah"
2025-01-28,PHP17,BRS04,15400,kg,BD-PIHPS,,,,,"PIHPS Provinsi Bengkulu (rata-rata pasar tradisional), bukan harga Bengkulu Tengah"
2025-01-28,PHP17,BRS05,15650,kg,BD-PIHPS,,,,,"PIHPS Provinsi Bengkulu (rata-rata pasar tradisional), bukan harga Bengkulu Tengah"
2025-01-28,PHP17,BRS06,15600,kg,BD-PIHPS,,,,,"PIHPS Provinsi Bengkulu (rata-rata pasar tradisional), bukan harga Bengkulu Tengah"
2025-01-28,PHP17,BWM01,40150,kg,BD-PIHPS,,,,,"PIHPS Provinsi Bengkulu (rata-rata pasar tradisional), bukan harga Bengkulu Tengah"
2025-01-28,PHP17,BWP01,42500,kg,BD-PIHPS,,,,,"PIHPS Provinsi Bengkulu (rata-rata pasar tradisional), bukan harga Bengkulu Tengah"
2025-01-28,PHP17,CMR01,54500,kg,BD-PIHPS,,,,,"PIHPS Provinsi Bengkulu (rata-rata pasar tradisional), bukan harga Bengkulu Tengah"
2025-01-28,PHP17,CMR02,58500,kg,BD-PIHPS,,,,,"PIHPS Provinsi Bengkulu (rata-rata pasar tradisional), bukan harga Bengkulu Tengah"
2025-01-28,PHP17,CRW01,60000,kg,BD-PIHPS,,,,,"PIHPS Provinsi Bengkulu (rata-rata pasar tradisional), bukan harga Bengkulu Tengah"
2025-01-28,PHP17,CRW02,51500,kg,BD-PIHPS,,,,,"PIHPS Provinsi Bengkulu (rata-rata pasar tradisional), bukan harga Bengkulu Tengah"
2025-01-28,PHP17,DAY01,35500,kg,BD-PIHPS,,,,,"PIHPS Provinsi Bengkulu (rata-rata pasar tradisional), bukan harga Bengkulu Tengah"
2025-01-28,PHP17,DSP01,135650,kg,BD-PIHPS,,,,,"PIHPS Provinsi Bengkulu (rata-rata pasar tradisional), bukan harga Bengkulu Tengah"
2025-01-28,PHP17,DSP02,135000,kg,BD-PIHPS,,,,,"PIHPS Provinsi Bengkulu (rata-rata pasar tradisional), bukan harga Bengkulu Tengah"
2025-01-28,PHP17,GLP01,18200,kg,BD-PIHPS,,,,,"PIHPS Provinsi Bengkulu (rata-rata pasar tradisional), bukan harga Bengkulu Tengah"
2025-01-28,PHP17,GLP02,19400,kg,BD-PIHPS,,,,,"PIHPS Provinsi Bengkulu (rata-rata pasar tradisional), bukan harga Bengkulu Tengah"
2025-01-28,PHP17,MGR01,18150,liter,BD-PIHPS,,,,,"PIHPS Provinsi Bengkulu (rata-rata pasar tradisional), bukan harga Bengkulu Tengah"
2025-01-28,PHP17,MGR02,21650,liter,BD-PIHPS,,,,,"PIHPS Provinsi Bengkulu (rata-rata pasar tradisional), bukan harga Bengkulu Tengah"
2025-01-28,PHP17,MGR03,20400,liter,BD-PIHPS,,,,,"PIHPS Provinsi Bengkulu (rata-rata pasar tradisional), bukan harga Bengkulu Tengah"
2025-01-28,PHP17,TLR01,29600,kg,BD-PIHPS,,,,,"PIHPS Provinsi Bengkulu (rata-rata pasar tradisional), bukan harga Bengkulu Tengah"
2025-01-29,PHP17,BRS01,14050,kg,BD-PIHPS,,,,,"PIHPS Provinsi Bengkulu (rata-rata pasar tradisional), bukan harga Bengkulu Tengah"
2025-01-29,PHP17,BRS02,14950,kg,BD-PIHPS,,,,,"PIHPS Provinsi Bengkulu (rata-rata pasar tradisional), bukan harga Bengkulu Tengah"
2025-01-29,PHP17,BRS03,15300,kg,BD-PIHPS,,,,,"PIHPS Provinsi Bengkulu (rata-rata pasar tradisional), bukan harga Bengkulu Tengah"
2025-01-29,PHP17,BRS04,15400,kg,BD-PIHPS,,,,,"PIHPS Provinsi Bengkulu (rata-rata pasar tradisional), bukan harga Bengkulu Tengah"
2025-01-29,PHP17,BRS05,15650,kg,BD-PIHPS,,,,,"PIHPS Provinsi Bengkulu (rata-rata pasar tradisional), bukan harga Bengkulu Tengah"
2025-01-29,PHP17,BRS06,15600,kg,BD-PIHPS,,,,,"PIHPS Provinsi Bengkulu (rata-rata pasar tradisional), bukan harga Bengkulu Tengah"
2025-01-29,PHP17,BWM01,40150,kg,BD-PIHPS,,,,,"PIHPS Provinsi Bengkulu (rata-rata pasar tradisional), bukan harga Bengkulu Tengah"
2025-01-29,PHP17,BWP01,42500,kg,BD-PIHPS,,,,,"PIHPS Provinsi Bengkulu (rata-rata pasar tradisional), bukan harga Bengkulu Tengah"
2025-01-29,PHP17,CMR01,54500,kg,BD-PIHPS,,,,,"PIHPS Provinsi Bengkulu (rata-rata pasar tradisional), bukan harga Bengkulu Tengah"
2025-01-29,PHP17,CMR02,58500,kg,BD-PIHPS,,,,,"PIHPS Provinsi Bengkulu (rata-rata pasar tradisional), bukan harga Bengkulu Tengah"
2025-01-29,PHP17,CRW01,60000,kg,BD-PIHPS,,,,,"PIHPS Provinsi Bengkulu (rata-rata pasar tradisional), bukan harga Bengkulu Tengah"
2025-01-29,PHP17,CRW02,51500,kg,BD-PIHPS,,,,,"PIHPS Provinsi Bengkulu (rata-rata pasar tradisional), bukan harga Bengkulu Tengah"
2025-01-29,PHP17,DAY01,35500,kg,BD-PIHPS,,,,,"PIHPS Provinsi Bengkulu (rata-rata pasar tradisional), bukan harga Bengkulu Tengah"
2025-01-29,PHP17,DSP01,135650,kg,BD-PIHPS,,,,,"PIHPS Provinsi Bengkulu (rata-rata pasar tradisional), bukan harga Bengkulu Tengah"
2025-01-29,PHP17,DSP02,135000,kg,BD-PIHPS,,,,,"PIHPS Provinsi Bengkulu (rata-rata pasar tradisional), bukan harga Bengkulu Tengah"
2025-01-29,PHP17,GLP01,18200,kg,BD-PIHPS,,,,,"PIHPS Provinsi Bengkulu (rata-rata pasar tradisional), bukan harga Bengkulu Tengah"
2025-01-29,PHP17,GLP02,19400,kg,BD-PIHPS,,,,,"PIHPS Provinsi Bengkulu (rata-rata pasar tradisional), bukan harga Bengkulu Tengah"
2025-01-29,PHP17,MGR01,18150,liter,BD-PIHPS,,,,,"PIHPS Provinsi Bengkulu (rata-rata pasar tradisional), bukan harga Bengkulu Tengah"
2025-01-29,PHP17,MGR02,21650,liter,BD-PIHPS,,,,,"PIHPS Provinsi Bengkulu (rata-rata pasar tradisional), bukan harga Bengkulu Tengah"
2025-01-29,PHP17,MGR03,20400,liter,BD-PIHPS,,,,,"PIHPS Provinsi Bengkulu (rata-rata pasar tradisional), bukan harga Bengkulu Tengah"
2025-01-29,PHP17,TLR01,29600,kg,BD-PIHPS,,,,,"PIHPS Provinsi Bengkulu (rata-rata pasar tradisional), bukan harga Bengkulu Tengah"
2025-01-30,PHP17,BRS01,14050,kg,BD-PIHPS,,,,,"PIHPS Provinsi Bengkulu (rata-rata pasar tradisional), bukan harga Bengkulu Tengah"
2025-01-30,PHP17,BRS02,14950,kg,BD-PIHPS,,,,,"PIHPS Provinsi Bengkulu (rata-rata pasar tradisional), bukan harga Bengkulu Tengah"
2025-01-30,PHP17,BRS03,15300,kg,BD-PIHPS,,,,,"PIHPS Provinsi Bengkulu (rata-rata pasar tradisional), bukan harga Bengkulu Tengah"
2025-01-30,PHP17,BRS04,15400,kg,BD-PIHPS,,,,,"PIHPS Provinsi Bengkulu (rata-rata pasar tradisional), bukan harga Bengkulu Tengah"
2025-01-30,PHP17,BRS05,15650,kg,BD-PIHPS,,,,,"PIHPS Provinsi Bengkulu (rata-rata pasar tradisional), bukan harga Bengkulu Tengah"
2025-01-30,PHP17,BRS06,15600,kg,BD-PIHPS,,,,,"PIHPS Provinsi Bengkulu (rata-rata pasar tradisional), bukan harga Bengkulu Tengah"
2025-01-30,PHP17,BWM01,40500,kg,BD-PIHPS,,,,,"PIHPS Provinsi Bengkulu (rata-rata pasar tradisional), bukan harga Bengkulu Tengah"
2025-01-30,PHP17,BWP01,42000,kg,BD-PIHPS,,,,,"PIHPS Provinsi Bengkulu (rata-rata pasar tradisional), bukan harga Bengkulu Tengah"
2025-01-30,PHP17,CMR01,58250,kg,BD-PIHPS,,,,,"PIHPS Provinsi Bengkulu (rata-rata pasar tradisional), bukan harga Bengkulu Tengah"
2025-01-30,PHP17,CMR02,56600,kg,BD-PIHPS,,,,,"PIHPS Provinsi Bengkulu (rata-rata pasar tradisional), bukan harga Bengkulu Tengah"
2025-01-30,PHP17,CRW01,62650,kg,BD-PIHPS,,,,,"PIHPS Provinsi Bengkulu (rata-rata pasar tradisional), bukan harga Bengkulu Tengah"
2025-01-30,PHP17,CRW02,40850,kg,BD-PIHPS,,,,,"PIHPS Provinsi Bengkulu (rata-rata pasar tradisional), bukan harga Bengkulu Tengah"
2025-01-30,PHP17,DAY01,35500,kg,BD-PIHPS,,,,,"PIHPS Provinsi Bengkulu (rata-rata pasar tradisional), bukan harga Bengkulu Tengah"
2025-01-30,PHP17,DSP01,135650,kg,BD-PIHPS,,,,,"PIHPS Provinsi Bengkulu (rata-rata pasar tradisional), bukan harga Bengkulu Tengah"
2025-01-30,PHP17,DSP02,135000,kg,BD-PIHPS,,,,,"PIHPS Provinsi Bengkulu (rata-rata pasar tradisional), bukan harga Bengkulu Tengah"
2025-01-30,PHP17,GLP01,18200,kg,BD-PIHPS,,,,,"PIHPS Provinsi Bengkulu (rata-rata pasar tradisional), bukan harga Bengkulu Tengah"
2025-01-30,PHP17,GLP02,19400,kg,BD-PIHPS,,,,,"PIHPS Provinsi Bengkulu (rata-rata pasar tradisional), bukan harga Bengkulu Tengah"
2025-01-30,PHP17,MGR01,18150,liter,BD-PIHPS,,,,,"PIHPS Provinsi Bengkulu (rata-rata pasar tradisional), bukan harga Bengkulu Tengah"
2025-01-30,PHP17,MGR02,21500,liter,BD-PIHPS,,,,,"PIHPS Provinsi Bengkulu (rata-rata pasar tradisional), bukan harga Bengkulu Tengah"
2025-01-30,PHP17,MGR03,20250,liter,BD-PIHPS,,,,,"PIHPS Provinsi Bengkulu (rata-rata pasar tradisional), bukan harga Bengkulu Tengah"
2025-01-30,PHP17,TLR01,29600,kg,BD-PIHPS,,,,,"PIHPS Provinsi Bengkulu (rata-rata pasar tradisional), bukan harga Bengkulu Tengah"
2025-01-31,PHP17,BRS01,14050,kg,BD-PIHPS,,,,,"PIHPS Provinsi Bengkulu (rata-rata pasar tradisional), bukan harga Bengkulu Tengah"
2025-01-31,PHP17,BRS02,14950,kg,BD-PIHPS,,,,,"PIHPS Provinsi Bengkulu (rata-rata pasar tradisional), bukan harga Bengkulu Tengah"
2025-01-31,PHP17,BRS03,15300,kg,BD-PIHPS,,,,,"PIHPS Provinsi Bengkulu (rata-rata pasar tradisional), bukan harga Bengkulu Tengah"
2025-01-31,PHP17,BRS04,15400,kg,BD-PIHPS,,,,,"PIHPS Provinsi Bengkulu (rata-rata pasar tradisional), bukan harga Bengkulu Tengah"
2025-01-31,PHP17,BRS05,15650,kg,BD-PIHPS,,,,,"PIHPS Provinsi Bengkulu (rata-rata pasar tradisional), bukan harga Bengkulu Tengah"
2025-01-31,PHP17,BRS06,15600,kg,BD-PIHPS,,,,,"PIHPS Provinsi Bengkulu (rata-rata pasar tradisional), bukan harga Bengkulu Tengah"
2025-01-31,PHP17,BWM01,40500,kg,BD-PIHPS,,,,,"PIHPS Provinsi Bengkulu (rata-rata pasar tradisional), bukan harga Bengkulu Tengah"
2025-01-31,PHP17,BWP01,42000,kg,BD-PIHPS,,,,,"PIHPS Provinsi Bengkulu (rata-rata pasar tradisional), bukan harga Bengkulu Tengah"
2025-01-31,PHP17,CMR01,51400,kg,BD-PIHPS,,,,,"PIHPS Provinsi Bengkulu (rata-rata pasar tradisional), bukan harga Bengkulu Tengah"
2025-01-31,PHP17,CMR02,56250,kg,BD-PIHPS,,,,,"PIHPS Provinsi Bengkulu (rata-rata pasar tradisional), bukan harga Bengkulu Tengah"
2025-01-31,PHP17,CRW01,60900,kg,BD-PIHPS,,,,,"PIHPS Provinsi Bengkulu (rata-rata pasar tradisional), bukan harga Bengkulu Tengah"
2025-01-31,PHP17,CRW02,47550,kg,BD-PIHPS,,,,,"PIHPS Provinsi Bengkulu (rata-rata pasar tradisional), bukan harga Bengkulu Tengah"
2025-01-31,PHP17,DAY01,35500,kg,BD-PIHPS,,,,,"PIHPS Provinsi Bengkulu (rata-rata pasar tradisional), bukan harga Bengkulu Tengah"
2025-01-31,PHP17,DSP01,135650,kg,BD-PIHPS,,,,,"PIHPS Provinsi Bengkulu (rata-rata pasar tradisional), bukan harga Bengkulu Tengah"
2025-01-31,PHP17,DSP02,135000,kg,BD-PIHPS,,,,,"PIHPS Provinsi Bengkulu (rata-rata pasar tradisional), bukan harga Bengkulu Tengah"
2025-01-31,PHP17,GLP01,18200,kg,BD-PIHPS,,,,,"PIHPS Provinsi Bengkulu (rata-rata pasar tradisional), bukan harga Bengkulu Tengah"
2025-01-31,PHP17,GLP02,19400,kg,BD-PIHPS,,,,,"PIHPS Provinsi Bengkulu (rata-rata pasar tradisional), bukan harga Bengkulu Tengah"
2025-01-31,PHP17,MGR01,18150,liter,BD-PIHPS,,,,,"PIHPS Provinsi Bengkulu (rata-rata pasar tradisional), bukan harga Bengkulu Tengah"
2025-01-31,PHP17,MGR02,21500,liter,BD-PIHPS,,,,,"PIHPS Provinsi Bengkulu (rata-rata pasar tradisional), bukan harga Bengkulu Tengah"
2025-01-31,PHP17,MGR03,20250,liter,BD-PIHPS,,,,,"PIHPS Provinsi Bengkulu (rata-rata pasar tradisional), bukan harga Bengkulu Tengah"
2025-01-31,PHP17,TLR01,29600,kg,BD-PIHPS,,,,,"PIHPS Provinsi Bengkulu (rata-rata pasar tradisional), bukan harga Bengkulu Tengah"
2025-02-03,PHP17,BRS01,14050,kg,BD-PIHPS,,,,,"PIHPS Provinsi Bengkulu (rata-rata pasar tradisional), bukan harga Bengkulu Tengah"
2025-02-03,PHP17,BRS02,14950,kg,BD-PIHPS,,,,,"PIHPS Provinsi Bengkulu (rata-rata pasar tradisional), bukan harga Bengkulu Tengah"
2025-02-03,PHP17,BRS03,15300,kg,BD-PIHPS,,,,,"PIHPS Provinsi Bengkulu (rata-rata pasar tradisional), bukan harga Bengkulu Tengah"
2025-02-03,PHP17,BRS04,15400,kg,BD-PIHPS,,,,,"PIHPS Provinsi Bengkulu (rata-rata pasar tradisional), bukan harga Bengkulu Tengah"
2025-02-03,PHP17,BRS05,15650,kg,BD-PIHPS,,,,,"PIHPS Provinsi Bengkulu (rata-rata pasar tradisional), bukan harga Bengkulu Tengah"
2025-02-03,PHP17,BRS06,15600,kg,BD-PIHPS,,,,,"PIHPS Provinsi Bengkulu (rata-rata pasar tradisional), bukan harga Bengkulu Tengah"
2025-02-03,PHP17,BWM01,40500,kg,BD-PIHPS,,,,,"PIHPS Provinsi Bengkulu (rata-rata pasar tradisional), bukan harga Bengkulu Tengah"
2025-02-03,PHP17,BWP01,42750,kg,BD-PIHPS,,,,,"PIHPS Provinsi Bengkulu (rata-rata pasar tradisional), bukan harga Bengkulu Tengah"
2025-02-03,PHP17,CMR01,52400,kg,BD-PIHPS,,,,,"PIHPS Provinsi Bengkulu (rata-rata pasar tradisional), bukan harga Bengkulu Tengah"
2025-02-03,PHP17,CMR02,57250,kg,BD-PIHPS,,,,,"PIHPS Provinsi Bengkulu (rata-rata pasar tradisional), bukan harga Bengkulu Tengah"
2025-02-03,PHP17,CRW01,61650,kg,BD-PIHPS,,,,,"PIHPS Provinsi Bengkulu (rata-rata pasar tradisional), bukan harga Bengkulu Tengah"
2025-02-03,PHP17,CRW02,48000,kg,BD-PIHPS,,,,,"PIHPS Provinsi Bengkulu (rata-rata pasar tradisional), bukan harga Bengkulu Tengah"
2025-02-03,PHP17,DAY01,33400,kg,BD-PIHPS,,,,,"PIHPS Provinsi Bengkulu (rata-rata pasar tradisional), bukan harga Bengkulu Tengah"
2025-02-03,PHP17,DSP01,135650,kg,BD-PIHPS,,,,,"PIHPS Provinsi Bengkulu (rata-rata pasar tradisional), bukan harga Bengkulu Tengah"
2025-02-03,PHP17,DSP02,135000,kg,BD-PIHPS,,,,,"PIHPS Provinsi Bengkulu (rata-rata pasar tradisional), bukan harga Bengkulu Tengah"
2025-02-03,PHP17,GLP01,18200,kg,BD-PIHPS,,,,,"PIHPS Provinsi Bengkulu (rata-rata pasar tradisional), bukan harga Bengkulu Tengah"
2025-02-03,PHP17,GLP02,19400,kg,BD-PIHPS,,,,,"PIHPS Provinsi Bengkulu (rata-rata pasar tradisional), bukan harga Bengkulu Tengah"
2025-02-03,PHP17,MGR01,18150,liter,BD-PIHPS,,,,,"PIHPS Provinsi Bengkulu (rata-rata pasar tradisional), bukan harga Bengkulu Tengah"
2025-02-03,PHP17,MGR02,21500,liter,BD-PIHPS,,,,,"PIHPS Provinsi Bengkulu (rata-rata pasar tradisional), bukan harga Bengkulu Tengah"
2025-02-03,PHP17,MGR03,20250,liter,BD-PIHPS,,,,,"PIHPS Provinsi Bengkulu (rata-rata pasar tradisional), bukan harga Bengkulu Tengah"
2025-02-03,PHP17,TLR01,29600,kg,BD-PIHPS,,,,,"PIHPS Provinsi Bengkulu (rata-rata pasar tradisional), bukan harga Bengkulu Tengah"
2025-02-04,PHP17,BRS01,14050,kg,BD-PIHPS,,,,,"PIHPS Provinsi Bengkulu (rata-rata pasar tradisional), bukan harga Bengkulu Tengah"
2025-02-04,PHP17,BRS02,14950,kg,BD-PIHPS,,,,,"PIHPS Provinsi Bengkulu (rata-rata pasar tradisional), bukan harga Bengkulu Tengah"
2025-02-04,PHP17,BRS03,15300,kg,BD-PIHPS,,,,,"PIHPS Provinsi Bengkulu (rata-rata pasar tradisional), bukan harga Bengkulu Tengah"
2025-02-04,PHP17,BRS04,15400,kg,BD-PIHPS,,,,,"PIHPS Provinsi Bengkulu (rata-rata pasar tradisional), bukan harga Bengkulu Tengah"
2025-02-04,PHP17,BRS05,15650,kg,BD-PIHPS,,,,,"PIHPS Provinsi Bengkulu (rata-rata pasar tradisional), bukan harga Bengkulu Tengah"
2025-02-04,PHP17,BRS06,15600,kg,BD-PIHPS,,,,,"PIHPS Provinsi Bengkulu (rata-rata pasar tradisional), bukan harga Bengkulu Tengah"
2025-02-04,PHP17,BWM01,40000,kg,BD-PIHPS,,,,,"PIHPS Provinsi Bengkulu (rata-rata pasar tradisional), bukan harga Bengkulu Tengah"
2025-02-04,PHP17,BWP01,42500,kg,BD-PIHPS,,,,,"PIHPS Provinsi Bengkulu (rata-rata pasar tradisional), bukan harga Bengkulu Tengah"
2025-02-04,PHP17,CMR01,55250,kg,BD-PIHPS,,,,,"PIHPS Provinsi Bengkulu (rata-rata pasar tradisional), bukan harga Bengkulu Tengah"
2025-02-04,PHP17,CMR02,61150,kg,BD-PIHPS,,,,,"PIHPS Provinsi Bengkulu (rata-rata pasar tradisional), bukan harga Bengkulu Tengah"
2025-02-04,PHP17,CRW01,64150,kg,BD-PIHPS,,,,,"PIHPS Provinsi Bengkulu (rata-rata pasar tradisional), bukan harga Bengkulu Tengah"
2025-02-04,PHP17,CRW02,50150,kg,BD-PIHPS,,,,,"PIHPS Provinsi Bengkulu (rata-rata pasar tradisional), bukan harga Bengkulu Tengah"
2025-02-04,PHP17,DAY01,33150,kg,BD-PIHPS,,,,,"PIHPS Provinsi Bengkulu (rata-rata pasar tradisional), bukan harga Bengkulu Tengah"
2025-02-04,PHP17,DSP01,135650,kg,BD-PIHPS,,,,,"PIHPS Provinsi Bengkulu (rata-rata pasar tradisional), bukan harga Bengkulu Tengah"
2025-02-04,PHP17,DSP02,135000,kg,BD-PIHPS,,,,,"PIHPS Provinsi Bengkulu (rata-rata pasar tradisional), bukan harga Bengkulu Tengah"
2025-02-04,PHP17,GLP01,18200,kg,BD-PIHPS,,,,,"PIHPS Provinsi Bengkulu (rata-rata pasar tradisional), bukan harga Bengkulu Tengah"
2025-02-04,PHP17,GLP02,19400,kg,BD-PIHPS,,,,,"PIHPS Provinsi Bengkulu (rata-rata pasar tradisional), bukan harga Bengkulu Tengah"
2025-02-04,PHP17,MGR01,18150,liter,BD-PIHPS,,,,,"PIHPS Provinsi Bengkulu (rata-rata pasar tradisional), bukan harga Bengkulu Tengah"
2025-02-04,PHP17,MGR02,21500,liter,BD-PIHPS,,,,,"PIHPS Provinsi Bengkulu (rata-rata pasar tradisional), bukan harga Bengkulu Tengah"
2025-02-04,PHP17,MGR03,20250,liter,BD-PIHPS,,,,,"PIHPS Provinsi Bengkulu (rata-rata pasar tradisional), bukan harga Bengkulu Tengah"
2025-02-04,PHP17,TLR01,29400,kg,BD-PIHPS,,,,,"PIHPS Provinsi Bengkulu (rata-rata pasar tradisional), bukan harga Bengkulu Tengah"
2025-02-05,PHP17,BRS01,14050,kg,BD-PIHPS,,,,,"PIHPS Provinsi Bengkulu (rata-rata pasar tradisional), bukan harga Bengkulu Tengah"
2025-02-05,PHP17,BRS02,14950,kg,BD-PIHPS,,,,,"PIHPS Provinsi Bengkulu (rata-rata pasar tradisional), bukan harga Bengkulu Tengah"
2025-02-05,PHP17,BRS03,15300,kg,BD-PIHPS,,,,,"PIHPS Provinsi Bengkulu (rata-rata pasar tradisional), bukan harga Bengkulu Tengah"
2025-02-05,PHP17,BRS04,15400,kg,BD-PIHPS,,,,,"PIHPS Provinsi Bengkulu (rata-rata pasar tradisional), bukan harga Bengkulu Tengah"
2025-02-05,PHP17,BRS05,15650,kg,BD-PIHPS,,,,,"PIHPS Provinsi Bengkulu (rata-rata pasar tradisional), bukan harga Bengkulu Tengah"
2025-02-05,PHP17,BRS06,15600,kg,BD-PIHPS,,,,,"PIHPS Provinsi Bengkulu (rata-rata pasar tradisional), bukan harga Bengkulu Tengah"
2025-02-05,PHP17,BWM01,38900,kg,BD-PIHPS,,,,,"PIHPS Provinsi Bengkulu (rata-rata pasar tradisional), bukan harga Bengkulu Tengah"
2025-02-05,PHP17,BWP01,42500,kg,BD-PIHPS,,,,,"PIHPS Provinsi Bengkulu (rata-rata pasar tradisional), bukan harga Bengkulu Tengah"
2025-02-05,PHP17,CMR01,56150,kg,BD-PIHPS,,,,,"PIHPS Provinsi Bengkulu (rata-rata pasar tradisional), bukan harga Bengkulu Tengah"
2025-02-05,PHP17,CMR02,62900,kg,BD-PIHPS,,,,,"PIHPS Provinsi Bengkulu (rata-rata pasar tradisional), bukan harga Bengkulu Tengah"
2025-02-05,PHP17,CRW01,66000,kg,BD-PIHPS,,,,,"PIHPS Provinsi Bengkulu (rata-rata pasar tradisional), bukan harga Bengkulu Tengah"
2025-02-05,PHP17,CRW02,52550,kg,BD-PIHPS,,,,,"PIHPS Provinsi Bengkulu (rata-rata pasar tradisional), bukan harga Bengkulu Tengah"
2025-02-05,PHP17,DAY01,33150,kg,BD-PIHPS,,,,,"PIHPS Provinsi Bengkulu (rata-rata pasar tradisional), bukan harga Bengkulu Tengah"
2025-02-05,PHP17,DSP01,135650,kg,BD-PIHPS,,,,,"PIHPS Provinsi Bengkulu (rata-rata pasar tradisional), bukan harga Bengkulu Tengah"
2025-02-05,PHP17,DSP02,135000,kg,BD-PIHPS,,,,,"PIHPS Provinsi Bengkulu (rata-rata pasar tradisional), bukan harga Bengkulu Tengah"
2025-02-05,PHP17,GLP01,18200,kg,BD-PIHPS,,,,,"PIHPS Provinsi Bengkulu (rata-rata pasar tradisional), bukan harga Bengkulu Tengah"
2025-02-05,PHP17,GLP02,19400,kg,BD-PIHPS,,,,,"PIHPS Provinsi Bengkulu (rata-rata pasar tradisional), bukan harga Bengkulu Tengah"
2025-02-05,PHP17,MGR01,18150,liter,BD-PIHPS,,,,,"PIHPS Provinsi Bengkulu (rata-rata pasar tradisional), bukan harga Bengkulu Tengah"
2025-02-05,PHP17,MGR02,21500,liter,BD-PIHPS,,,,,"PIHPS Provinsi Bengkulu (rata-rata pasar tradisional), bukan harga Bengkulu Tengah"
2025-02-05,PHP17,MGR03,20250,liter,BD-PIHPS,,,,,"PIHPS Provinsi Bengkulu (rata-rata pasar tradisional), bukan harga Bengkulu Tengah"
2025-02-05,PHP17,TLR01,29400,kg,BD-PIHPS,,,,,"PIHPS Provinsi Bengkulu (rata-rata pasar tradisional), bukan harga Bengkulu Tengah"
2025-02-06,PHP17,BRS01,14050,kg,BD-PIHPS,,,,,"PIHPS Provinsi Bengkulu (rata-rata pasar tradisional), bukan harga Bengkulu Tengah"
2025-02-06,PHP17,BRS02,14950,kg,BD-PIHPS,,,,,"PIHPS Provinsi Bengkulu (rata-rata pasar tradisional), bukan harga Bengkulu Tengah"
2025-02-06,PHP17,BRS03,15300,kg,BD-PIHPS,,,,,"PIHPS Provinsi Bengkulu (rata-rata pasar tradisional), bukan harga Bengkulu Tengah"
2025-02-06,PHP17,BRS04,15400,kg,BD-PIHPS,,,,,"PIHPS Provinsi Bengkulu (rata-rata pasar tradisional), bukan harga Bengkulu Tengah"
2025-02-06,PHP17,BRS05,15650,kg,BD-PIHPS,,,,,"PIHPS Provinsi Bengkulu (rata-rata pasar tradisional), bukan harga Bengkulu Tengah"
2025-02-06,PHP17,BRS06,15600,kg,BD-PIHPS,,,,,"PIHPS Provinsi Bengkulu (rata-rata pasar tradisional), bukan harga Bengkulu Tengah"
2025-02-06,PHP17,BWM01,38500,kg,BD-PIHPS,,,,,"PIHPS Provinsi Bengkulu (rata-rata pasar tradisional), bukan harga Bengkulu Tengah"
2025-02-06,PHP17,BWP01,42750,kg,BD-PIHPS,,,,,"PIHPS Provinsi Bengkulu (rata-rata pasar tradisional), bukan harga Bengkulu Tengah"
2025-02-06,PHP17,CMR01,59650,kg,BD-PIHPS,,,,,"PIHPS Provinsi Bengkulu (rata-rata pasar tradisional), bukan harga Bengkulu Tengah"
2025-02-06,PHP17,CMR02,65400,kg,BD-PIHPS,,,,,"PIHPS Provinsi Bengkulu (rata-rata pasar tradisional), bukan harga Bengkulu Tengah"
2025-02-06,PHP17,CRW01,72000,kg,BD-PIHPS,,,,,"PIHPS Provinsi Bengkulu (rata-rata pasar tradisional), bukan harga Bengkulu Tengah"
2025-02-06,PHP17,CRW02,54200,kg,BD-PIHPS,,,,,"PIHPS Provinsi Bengkulu (rata-rata pasar tradisional), bukan harga Bengkulu Tengah"
2025-02-06,PHP17,DAY01,33150,kg,BD-PIHPS,,,,,"PIHPS Provinsi Bengkulu (rata-rata pasar tradisional), bukan harga Bengkulu Tengah"
2025-02-06,PHP17,DSP01,135650,kg,BD-PIHPS,,,,,"PIHPS Provinsi Bengkulu (rata-rata pasar tradisional), bukan harga Bengkulu Tengah"
2025-02-06,PHP17,DSP02,135000,kg,BD-PIHPS,,,,,"PIHPS Provinsi Bengkulu (rata-rata pasar tradisional), bukan harga Bengkulu Tengah"
2025-02-06,PHP17,GLP01,18200,kg,BD-PIHPS,,,,,"PIHPS Provinsi Bengkulu (rata-rata pasar tradisional), bukan harga Bengkulu Tengah"
2025-02-06,PHP17,GLP02,19400,kg,BD-PIHPS,,,,,"PIHPS Provinsi Bengkulu (rata-rata pasar tradisional), bukan harga Bengkulu Tengah"
2025-02-06,PHP17,MGR01,18150,liter,BD-PIHPS,,,,,"PIHPS Provinsi Bengkulu (rata-rata pasar tradisional), bukan harga Bengkulu Tengah"
2025-02-06,PHP17,MGR02,21500,liter,BD-PIHPS,,,,,"PIHPS Provinsi Bengkulu (rata-rata pasar tradisional), bukan harga Bengkulu Tengah"
2025-02-06,PHP17,MGR03,20250,liter,BD-PIHPS,,,,,"PIHPS Provinsi Bengkulu (rata-rata pasar tradisional), bukan harga Bengkulu Tengah"
2025-02-06,PHP17,TLR01,29000,kg,BD-PIHPS,,,,,"PIHPS Provinsi Bengkulu (rata-rata pasar tradisional), bukan harga Bengkulu Tengah"
2025-02-07,PHP17,BRS01,14050,kg,BD-PIHPS,,,,,"PIHPS Provinsi Bengkulu (rata-rata pasar tradisional), bukan harga Bengkulu Tengah"
2025-02-07,PHP17,BRS02,14950,kg,BD-PIHPS,,,,,"PIHPS Provinsi Bengkulu (rata-rata pasar tradisional), bukan harga Bengkulu Tengah"
2025-02-07,PHP17,BRS03,15300,kg,BD-PIHPS,,,,,"PIHPS Provinsi Bengkulu (rata-rata pasar tradisional), bukan harga Bengkulu Tengah"
2025-02-07,PHP17,BRS04,15400,kg,BD-PIHPS,,,,,"PIHPS Provinsi Bengkulu (rata-rata pasar tradisional), bukan harga Bengkulu Tengah"
2025-02-07,PHP17,BRS05,15650,kg,BD-PIHPS,,,,,"PIHPS Provinsi Bengkulu (rata-rata pasar tradisional), bukan harga Bengkulu Tengah"
2025-02-07,PHP17,BRS06,15600,kg,BD-PIHPS,,,,,"PIHPS Provinsi Bengkulu (rata-rata pasar tradisional), bukan harga Bengkulu Tengah"
2025-02-07,PHP17,BWM01,38500,kg,BD-PIHPS,,,,,"PIHPS Provinsi Bengkulu (rata-rata pasar tradisional), bukan harga Bengkulu Tengah"
2025-02-07,PHP17,BWP01,42750,kg,BD-PIHPS,,,,,"PIHPS Provinsi Bengkulu (rata-rata pasar tradisional), bukan harga Bengkulu Tengah"
2025-02-07,PHP17,CMR01,55650,kg,BD-PIHPS,,,,,"PIHPS Provinsi Bengkulu (rata-rata pasar tradisional), bukan harga Bengkulu Tengah"
2025-02-07,PHP17,CMR02,60900,kg,BD-PIHPS,,,,,"PIHPS Provinsi Bengkulu (rata-rata pasar tradisional), bukan harga Bengkulu Tengah"
2025-02-07,PHP17,CRW01,76500,kg,BD-PIHPS,,,,,"PIHPS Provinsi Bengkulu (rata-rata pasar tradisional), bukan harga Bengkulu Tengah"
2025-02-07,PHP17,CRW02,54950,kg,BD-PIHPS,,,,,"PIHPS Provinsi Bengkulu (rata-rata pasar tradisional), bukan harga Bengkulu Tengah"
2025-02-07,PHP17,DAY01,33150,kg,BD-PIHPS,,,,,"PIHPS Provinsi Bengkulu (rata-rata pasar tradisional), bukan harga Bengkulu Tengah"
2025-02-07,PHP17,DSP01,135650,kg,BD-PIHPS,,,,,"PIHPS Provinsi Bengkulu (rata-rata pasar tradisional), bukan harga Bengkulu Tengah"
2025-02-07,PHP17,DSP02,135000,kg,BD-PIHPS,,,,,"PIHPS Provinsi Bengkulu (rata-rata pasar tradisional), bukan harga Bengkulu Tengah"
2025-02-07,PHP17,GLP01,18200,kg,BD-PIHPS,,,,,"PIHPS Provinsi Bengkulu (rata-rata pasar tradisional), bukan harga Bengkulu Tengah"
2025-02-07,PHP17,GLP02,19400,kg,BD-PIHPS,,,,,"PIHPS Provinsi Bengkulu (rata-rata pasar tradisional), bukan harga Bengkulu Tengah"
2025-02-07,PHP17,MGR01,18200,liter,BD-PIHPS,,,,,"PIHPS Provinsi Bengkulu (rata-rata pasar tradisional), bukan harga Bengkulu Tengah"
2025-02-07,PHP17,MGR02,21650,liter,BD-PIHPS,,,,,"PIHPS Provinsi Bengkulu (rata-rata pasar tradisional), bukan harga Bengkulu Tengah"
2025-02-07,PHP17,MGR03,20250,liter,BD-PIHPS,,,,,"PIHPS Provinsi Bengkulu (rata-rata pasar tradisional), bukan harga Bengkulu Tengah"
2025-02-07,PHP17,TLR01,29000,kg,BD-PIHPS,,,,,"PIHPS Provinsi Bengkulu (rata-rata pasar tradisional), bukan harga Bengkulu Tengah"
2025-02-10,PHP17,BRS01,14050,kg,BD-PIHPS,,,,,"PIHPS Provinsi Bengkulu (rata-rata pasar tradisional), bukan harga Bengkulu Tengah"
2025-02-10,PHP17,BRS02,14950,kg,BD-PIHPS,,,,,"PIHPS Provinsi Bengkulu (rata-rata pasar tradisional), bukan harga Bengkulu Tengah"
2025-02-10,PHP17,BRS03,15300,kg,BD-PIHPS,,,,,"PIHPS Provinsi Bengkulu (rata-rata pasar tradisional), bukan harga Bengkulu Tengah"
2025-02-10,PHP17,BRS04,15400,kg,BD-PIHPS,,,,,"PIHPS Provinsi Bengkulu (rata-rata pasar tradisional), bukan harga Bengkulu Tengah"
2025-02-10,PHP17,BRS05,15650,kg,BD-PIHPS,,,,,"PIHPS Provinsi Bengkulu (rata-rata pasar tradisional), bukan harga Bengkulu Tengah"
2025-02-10,PHP17,BRS06,15600,kg,BD-PIHPS,,,,,"PIHPS Provinsi Bengkulu (rata-rata pasar tradisional), bukan harga Bengkulu Tengah"
2025-02-10,PHP17,BWM01,38500,kg,BD-PIHPS,,,,,"PIHPS Provinsi Bengkulu (rata-rata pasar tradisional), bukan harga Bengkulu Tengah"
2025-02-10,PHP17,BWP01,42750,kg,BD-PIHPS,,,,,"PIHPS Provinsi Bengkulu (rata-rata pasar tradisional), bukan harga Bengkulu Tengah"
2025-02-10,PHP17,CMR01,51650,kg,BD-PIHPS,,,,,"PIHPS Provinsi Bengkulu (rata-rata pasar tradisional), bukan harga Bengkulu Tengah"
2025-02-10,PHP17,CMR02,56650,kg,BD-PIHPS,,,,,"PIHPS Provinsi Bengkulu (rata-rata pasar tradisional), bukan harga Bengkulu Tengah"
2025-02-10,PHP17,CRW01,77000,kg,BD-PIHPS,,,,,"PIHPS Provinsi Bengkulu (rata-rata pasar tradisional), bukan harga Bengkulu Tengah"
2025-02-10,PHP17,CRW02,53950,kg,BD-PIHPS,,,,,"PIHPS Provinsi Bengkulu (rata-rata pasar tradisional), bukan harga Bengkulu Tengah"
2025-02-10,PHP17,DAY01,33150,kg,BD-PIHPS,,,,,"PIHPS Provinsi Bengkulu (rata-rata pasar tradisional), bukan harga Bengkulu Tengah"
2025-02-10,PHP17,DSP01,135650,kg,BD-PIHPS,,,,,"PIHPS Provinsi Bengkulu (rata-rata pasar tradisional), bukan harga Bengkulu Tengah"
2025-02-10,PHP17,DSP02,135000,kg,BD-PIHPS,,,,,"PIHPS Provinsi Bengkulu (rata-rata pasar tradisional), bukan harga Bengkulu Tengah"
2025-02-10,PHP17,GLP01,18250,kg,BD-PIHPS,,,,,"PIHPS Provinsi Bengkulu (rata-rata pasar tradisional), bukan harga Bengkulu Tengah"
2025-02-10,PHP17,GLP02,19400,kg,BD-PIHPS,,,,,"PIHPS Provinsi Bengkulu (rata-rata pasar tradisional), bukan harga Bengkulu Tengah"
2025-02-10,PHP17,MGR01,18200,liter,BD-PIHPS,,,,,"PIHPS Provinsi Bengkulu (rata-rata pasar tradisional), bukan harga Bengkulu Tengah"
2025-02-10,PHP17,MGR02,21650,liter,BD-PIHPS,,,,,"PIHPS Provinsi Bengkulu (rata-rata pasar tradisional), bukan harga Bengkulu Tengah"
2025-02-10,PHP17,MGR03,20250,liter,BD-PIHPS,,,,,"PIHPS Provinsi Bengkulu (rata-rata pasar tradisional), bukan harga Bengkulu Tengah"
2025-02-10,PHP17,TLR01,29000,kg,BD-PIHPS,,,,,"PIHPS Provinsi Bengkulu (rata-rata pasar tradisional), bukan harga Bengkulu Tengah"
2025-02-11,PHP17,BRS01,14050,kg,BD-PIHPS,,,,,"PIHPS Provinsi Bengkulu (rata-rata pasar tradisional), bukan harga Bengkulu Tengah"
2025-02-11,PHP17,BRS02,14950,kg,BD-PIHPS,,,,,"PIHPS Provinsi Bengkulu (rata-rata pasar tradisional), bukan harga Bengkulu Tengah"
2025-02-11,PHP17,BRS03,15300,kg,BD-PIHPS,,,,,"PIHPS Provinsi Bengkulu (rata-rata pasar tradisional), bukan harga Bengkulu Tengah"
2025-02-11,PHP17,BRS04,15400,kg,BD-PIHPS,,,,,"PIHPS Provinsi Bengkulu (rata-rata pasar tradisional), bukan harga Bengkulu Tengah"
2025-02-11,PHP17,BRS05,15650,kg,BD-PIHPS,,,,,"PIHPS Provinsi Bengkulu (rata-rata pasar tradisional), bukan harga Bengkulu Tengah"
2025-02-11,PHP17,BRS06,15600,kg,BD-PIHPS,,,,,"PIHPS Provinsi Bengkulu (rata-rata pasar tradisional), bukan harga Bengkulu Tengah"
2025-02-11,PHP17,BWM01,39150,kg,BD-PIHPS,,,,,"PIHPS Provinsi Bengkulu (rata-rata pasar tradisional), bukan harga Bengkulu Tengah"
2025-02-11,PHP17,BWP01,42750,kg,BD-PIHPS,,,,,"PIHPS Provinsi Bengkulu (rata-rata pasar tradisional), bukan harga Bengkulu Tengah"
2025-02-11,PHP17,CMR01,48750,kg,BD-PIHPS,,,,,"PIHPS Provinsi Bengkulu (rata-rata pasar tradisional), bukan harga Bengkulu Tengah"
2025-02-11,PHP17,CMR02,53750,kg,BD-PIHPS,,,,,"PIHPS Provinsi Bengkulu (rata-rata pasar tradisional), bukan harga Bengkulu Tengah"
2025-02-11,PHP17,CRW01,77650,kg,BD-PIHPS,,,,,"PIHPS Provinsi Bengkulu (rata-rata pasar tradisional), bukan harga Bengkulu Tengah"
2025-02-11,PHP17,CRW02,53700,kg,BD-PIHPS,,,,,"PIHPS Provinsi Bengkulu (rata-rata pasar tradisional), bukan harga Bengkulu Tengah"
2025-02-11,PHP17,DAY01,33150,kg,BD-PIHPS,,,,,"PIHPS Provinsi Bengkulu (rata-rata pasar tradisional), bukan harga Bengkulu Tengah"
2025-02-11,PHP17,DSP01,135650,kg,BD-PIHPS,,,,,"PIHPS Provinsi Bengkulu (rata-rata pasar tradisional), bukan harga Bengkulu Tengah"
2025-02-11,PHP17,DSP02,135000,kg,BD-PIHPS,,,,,"PIHPS Provinsi Bengkulu (rata-rata pasar tradisional), bukan harga Bengkulu Tengah"
2025-02-11,PHP17,GLP01,18250,kg,BD-PIHPS,,,,,"PIHPS Provinsi Bengkulu (rata-rata pasar tradisional), bukan harga Bengkulu Tengah"
2025-02-11,PHP17,GLP02,19400,kg,BD-PIHPS,,,,,"PIHPS Provinsi Bengkulu (rata-rata pasar tradisional), bukan harga Bengkulu Tengah"
2025-02-11,PHP17,MGR01,18200,liter,BD-PIHPS,,,,,"PIHPS Provinsi Bengkulu (rata-rata pasar tradisional), bukan harga Bengkulu Tengah"
2025-02-11,PHP17,MGR02,21650,liter,BD-PIHPS,,,,,"PIHPS Provinsi Bengkulu (rata-rata pasar tradisional), bukan harga Bengkulu Tengah"
2025-02-11,PHP17,MGR03,20250,liter,BD-PIHPS,,,,,"PIHPS Provinsi Bengkulu (rata-rata pasar tradisional), bukan harga Bengkulu Tengah"
2025-02-11,PHP17,TLR01,29000,kg,BD-PIHPS,,,,,"PIHPS Provinsi Bengkulu (rata-rata pasar tradisional), bukan harga Bengkulu Tengah"
2025-02-12,PHP17,BRS01,14050,kg,BD-PIHPS,,,,,"PIHPS Provinsi Bengkulu (rata-rata pasar tradisional), bukan harga Bengkulu Tengah"
2025-02-12,PHP17,BRS02,14950,kg,BD-PIHPS,,,,,"PIHPS Provinsi Bengkulu (rata-rata pasar tradisional), bukan harga Bengkulu Tengah"
2025-02-12,PHP17,BRS03,15300,kg,BD-PIHPS,,,,,"PIHPS Provinsi Bengkulu (rata-rata pasar tradisional), bukan harga Bengkulu Tengah"
2025-02-12,PHP17,BRS04,15400,kg,BD-PIHPS,,,,,"PIHPS Provinsi Bengkulu (rata-rata pasar tradisional), bukan harga Bengkulu Tengah"
2025-02-12,PHP17,BRS05,15650,kg,BD-PIHPS,,,,,"PIHPS Provinsi Bengkulu (rata-rata pasar tradisional), bukan harga Bengkulu Tengah"
2025-02-12,PHP17,BRS06,15600,kg,BD-PIHPS,,,,,"PIHPS Provinsi Bengkulu (rata-rata pasar tradisional), bukan harga Bengkulu Tengah"
2025-02-12,PHP17,BWM01,39150,kg,BD-PIHPS,,,,,"PIHPS Provinsi Bengkulu (rata-rata pasar tradisional), bukan harga Bengkulu Tengah"
2025-02-12,PHP17,BWP01,42750,kg,BD-PIHPS,,,,,"PIHPS Provinsi Bengkulu (rata-rata pasar tradisional), bukan harga Bengkulu Tengah"
2025-02-12,PHP17,CMR01,48900,kg,BD-PIHPS,,,,,"PIHPS Provinsi Bengkulu (rata-rata pasar tradisional), bukan harga Bengkulu Tengah"
2025-02-12,PHP17,CMR02,53750,kg,BD-PIHPS,,,,,"PIHPS Provinsi Bengkulu (rata-rata pasar tradisional), bukan harga Bengkulu Tengah"
2025-02-12,PHP17,CRW01,77900,kg,BD-PIHPS,,,,,"PIHPS Provinsi Bengkulu (rata-rata pasar tradisional), bukan harga Bengkulu Tengah"
2025-02-12,PHP17,CRW02,53800,kg,BD-PIHPS,,,,,"PIHPS Provinsi Bengkulu (rata-rata pasar tradisional), bukan harga Bengkulu Tengah"
2025-02-12,PHP17,DAY01,32500,kg,BD-PIHPS,,,,,"PIHPS Provinsi Bengkulu (rata-rata pasar tradisional), bukan harga Bengkulu Tengah"
2025-02-12,PHP17,DSP01,135650,kg,BD-PIHPS,,,,,"PIHPS Provinsi Bengkulu (rata-rata pasar tradisional), bukan harga Bengkulu Tengah"
2025-02-12,PHP17,DSP02,135000,kg,BD-PIHPS,,,,,"PIHPS Provinsi Bengkulu (rata-rata pasar tradisional), bukan harga Bengkulu Tengah"
2025-02-12,PHP17,GLP01,18300,kg,BD-PIHPS,,,,,"PIHPS Provinsi Bengkulu (rata-rata pasar tradisional), bukan harga Bengkulu Tengah"
2025-02-12,PHP17,GLP02,19400,kg,BD-PIHPS,,,,,"PIHPS Provinsi Bengkulu (rata-rata pasar tradisional), bukan harga Bengkulu Tengah"
2025-02-12,PHP17,MGR01,18200,liter,BD-PIHPS,,,,,"PIHPS Provinsi Bengkulu (rata-rata pasar tradisional), bukan harga Bengkulu Tengah"
2025-02-12,PHP17,MGR02,21650,liter,BD-PIHPS,,,,,"PIHPS Provinsi Bengkulu (rata-rata pasar tradisional), bukan harga Bengkulu Tengah"
2025-02-12,PHP17,MGR03,20250,liter,BD-PIHPS,,,,,"PIHPS Provinsi Bengkulu (rata-rata pasar tradisional), bukan harga Bengkulu Tengah"
2025-02-12,PHP17,TLR01,29000,kg,BD-PIHPS,,,,,"PIHPS Provinsi Bengkulu (rata-rata pasar tradisional), bukan harga Bengkulu Tengah"
2025-02-13,PHP17,BRS01,14050,kg,BD-PIHPS,,,,,"PIHPS Provinsi Bengkulu (rata-rata pasar tradisional), bukan harga Bengkulu Tengah"
2025-02-13,PHP17,BRS02,14950,kg,BD-PIHPS,,,,,"PIHPS Provinsi Bengkulu (rata-rata pasar tradisional), bukan harga Bengkulu Tengah"
2025-02-13,PHP17,BRS03,15300,kg,BD-PIHPS,,,,,"PIHPS Provinsi Bengkulu (rata-rata pasar tradisional), bukan harga Bengkulu Tengah"
2025-02-13,PHP17,BRS04,15400,kg,BD-PIHPS,,,,,"PIHPS Provinsi Bengkulu (rata-rata pasar tradisional), bukan harga Bengkulu Tengah"
2025-02-13,PHP17,BRS05,15650,kg,BD-PIHPS,,,,,"PIHPS Provinsi Bengkulu (rata-rata pasar tradisional), bukan harga Bengkulu Tengah"
2025-02-13,PHP17,BRS06,15600,kg,BD-PIHPS,,,,,"PIHPS Provinsi Bengkulu (rata-rata pasar tradisional), bukan harga Bengkulu Tengah"
2025-02-13,PHP17,BWM01,39150,kg,BD-PIHPS,,,,,"PIHPS Provinsi Bengkulu (rata-rata pasar tradisional), bukan harga Bengkulu Tengah"
2025-02-13,PHP17,BWP01,42750,kg,BD-PIHPS,,,,,"PIHPS Provinsi Bengkulu (rata-rata pasar tradisional), bukan harga Bengkulu Tengah"
2025-02-13,PHP17,CMR01,49150,kg,BD-PIHPS,,,,,"PIHPS Provinsi Bengkulu (rata-rata pasar tradisional), bukan harga Bengkulu Tengah"
2025-02-13,PHP17,CMR02,52900,kg,BD-PIHPS,,,,,"PIHPS Provinsi Bengkulu (rata-rata pasar tradisional), bukan harga Bengkulu Tengah"
2025-02-13,PHP17,CRW01,78650,kg,BD-PIHPS,,,,,"PIHPS Provinsi Bengkulu (rata-rata pasar tradisional), bukan harga Bengkulu Tengah"
2025-02-13,PHP17,CRW02,52650,kg,BD-PIHPS,,,,,"PIHPS Provinsi Bengkulu (rata-rata pasar tradisional), bukan harga Bengkulu Tengah"
2025-02-13,PHP17,DAY01,32400,kg,BD-PIHPS,,,,,"PIHPS Provinsi Bengkulu (rata-rata pasar tradisional), bukan harga Bengkulu Tengah"
2025-02-13,PHP17,DSP01,135650,kg,BD-PIHPS,,,,,"PIHPS Provinsi Bengkulu (rata-rata pasar tradisional), bukan harga Bengkulu Tengah"
2025-02-13,PHP17,DSP02,135000,kg,BD-PIHPS,,,,,"PIHPS Provinsi Bengkulu (rata-rata pasar tradisional), bukan harga Bengkulu Tengah"
2025-02-13,PHP17,GLP01,18300,kg,BD-PIHPS,,,,,"PIHPS Provinsi Bengkulu (rata-rata pasar tradisional), bukan harga Bengkulu Tengah"
2025-02-13,PHP17,GLP02,19400,kg,BD-PIHPS,,,,,"PIHPS Provinsi Bengkulu (rata-rata pasar tradisional), bukan harga Bengkulu Tengah"
2025-02-13,PHP17,MGR01,18200,liter,BD-PIHPS,,,,,"PIHPS Provinsi Bengkulu (rata-rata pasar tradisional), bukan harga Bengkulu Tengah"
2025-02-13,PHP17,MGR02,21650,liter,BD-PIHPS,,,,,"PIHPS Provinsi Bengkulu (rata-rata pasar tradisional), bukan harga Bengkulu Tengah"
2025-02-13,PHP17,MGR03,20250,liter,BD-PIHPS,,,,,"PIHPS Provinsi Bengkulu (rata-rata pasar tradisional), bukan harga Bengkulu Tengah"
2025-02-13,PHP17,TLR01,28350,kg,BD-PIHPS,,,,,"PIHPS Provinsi Bengkulu (rata-rata pasar tradisional), bukan harga Bengkulu Tengah"
2025-02-14,PHP17,BRS01,14100,kg,BD-PIHPS,,,,,"PIHPS Provinsi Bengkulu (rata-rata pasar tradisional), bukan harga Bengkulu Tengah"
2025-02-14,PHP17,BRS02,15000,kg,BD-PIHPS,,,,,"PIHPS Provinsi Bengkulu (rata-rata pasar tradisional), bukan harga Bengkulu Tengah"
2025-02-14,PHP17,BRS03,15300,kg,BD-PIHPS,,,,,"PIHPS Provinsi Bengkulu (rata-rata pasar tradisional), bukan harga Bengkulu Tengah"
2025-02-14,PHP17,BRS04,15500,kg,BD-PIHPS,,,,,"PIHPS Provinsi Bengkulu (rata-rata pasar tradisional), bukan harga Bengkulu Tengah"
2025-02-14,PHP17,BRS05,15650,kg,BD-PIHPS,,,,,"PIHPS Provinsi Bengkulu (rata-rata pasar tradisional), bukan harga Bengkulu Tengah"
2025-02-14,PHP17,BRS06,15650,kg,BD-PIHPS,,,,,"PIHPS Provinsi Bengkulu (rata-rata pasar tradisional), bukan harga Bengkulu Tengah"
2025-02-14,PHP17,BWM01,38750,kg,BD-PIHPS,,,,,"PIHPS Provinsi Bengkulu (rata-rata pasar tradisional), bukan harga Bengkulu Tengah"
2025-02-14,PHP17,BWP01,42750,kg,BD-PIHPS,,,,,"PIHPS Provinsi Bengkulu (rata-rata pasar tradisional), bukan harga Bengkulu Tengah"
2025-02-14,PHP17,CMR01,49150,kg,BD-PIHPS,,,,,"PIHPS Provinsi Bengkulu (rata-rata pasar tradisional), bukan harga Bengkulu Tengah"
2025-02-14,PHP17,CMR02,52900,kg,BD-PIHPS,,,,,"PIHPS Provinsi Bengkulu (rata-rata pasar tradisional), bukan harga Bengkulu Tengah"
2025-02-14,PHP17,CRW01,78650,kg,BD-PIHPS,,,,,"PIHPS Provinsi Bengkulu (rata-rata pasar tradisional), bukan harga Bengkulu Tengah"
2025-02-14,PHP17,CRW02,52650,kg,BD-PIHPS,,,,,"PIHPS Provinsi Bengkulu (rata-rata pasar tradisional), bukan harga Bengkulu Tengah"
2025-02-14,PHP17,DAY01,32400,kg,BD-PIHPS,,,,,"PIHPS Provinsi Bengkulu (rata-rata pasar tradisional), bukan harga Bengkulu Tengah"
2025-02-14,PHP17,DSP01,135650,kg,BD-PIHPS,,,,,"PIHPS Provinsi Bengkulu (rata-rata pasar tradisional), bukan harga Bengkulu Tengah"
2025-02-14,PHP17,DSP02,135000,kg,BD-PIHPS,,,,,"PIHPS Provinsi Bengkulu (rata-rata pasar tradisional), bukan harga Bengkulu Tengah"
2025-02-14,PHP17,GLP01,18300,kg,BD-PIHPS,,,,,"PIHPS Provinsi Bengkulu (rata-rata pasar tradisional), bukan harga Bengkulu Tengah"
2025-02-14,PHP17,GLP02,19400,kg,BD-PIHPS,,,,,"PIHPS Provinsi Bengkulu (rata-rata pasar tradisional), bukan harga Bengkulu Tengah"
2025-02-14,PHP17,MGR01,18200,liter,BD-PIHPS,,,,,"PIHPS Provinsi Bengkulu (rata-rata pasar tradisional), bukan harga Bengkulu Tengah"
2025-02-14,PHP17,MGR02,21650,liter,BD-PIHPS,,,,,"PIHPS Provinsi Bengkulu (rata-rata pasar tradisional), bukan harga Bengkulu Tengah"
2025-02-14,PHP17,MGR03,20250,liter,BD-PIHPS,,,,,"PIHPS Provinsi Bengkulu (rata-rata pasar tradisional), bukan harga Bengkulu Tengah"
2025-02-14,PHP17,TLR01,28350,kg,BD-PIHPS,,,,,"PIHPS Provinsi Bengkulu (rata-rata pasar tradisional), bukan harga Bengkulu Tengah"
2025-02-17,PHP17,BRS01,14100,kg,BD-PIHPS,,,,,"PIHPS Provinsi Bengkulu (rata-rata pasar tradisional), bukan harga Bengkulu Tengah"
2025-02-17,PHP17,BRS02,15000,kg,BD-PIHPS,,,,,"PIHPS Provinsi Bengkulu (rata-rata pasar tradisional), bukan harga Bengkulu Tengah"
2025-02-17,PHP17,BRS03,15300,kg,BD-PIHPS,,,,,"PIHPS Provinsi Bengkulu (rata-rata pasar tradisional), bukan harga Bengkulu Tengah"
2025-02-17,PHP17,BRS04,15500,kg,BD-PIHPS,,,,,"PIHPS Provinsi Bengkulu (rata-rata pasar tradisional), bukan harga Bengkulu Tengah"
2025-02-17,PHP17,BRS05,15650,kg,BD-PIHPS,,,,,"PIHPS Provinsi Bengkulu (rata-rata pasar tradisional), bukan harga Bengkulu Tengah"
2025-02-17,PHP17,BRS06,15650,kg,BD-PIHPS,,,,,"PIHPS Provinsi Bengkulu (rata-rata pasar tradisional), bukan harga Bengkulu Tengah"
2025-02-17,PHP17,BWM01,41150,kg,BD-PIHPS,,,,,"PIHPS Provinsi Bengkulu (rata-rata pasar tradisional), bukan harga Bengkulu Tengah"
2025-02-17,PHP17,BWP01,43000,kg,BD-PIHPS,,,,,"PIHPS Provinsi Bengkulu (rata-rata pasar tradisional), bukan harga Bengkulu Tengah"
2025-02-17,PHP17,CMR01,47650,kg,BD-PIHPS,,,,,"PIHPS Provinsi Bengkulu (rata-rata pasar tradisional), bukan harga Bengkulu Tengah"
2025-02-17,PHP17,CMR02,52150,kg,BD-PIHPS,,,,,"PIHPS Provinsi Bengkulu (rata-rata pasar tradisional), bukan harga Bengkulu Tengah"
2025-02-17,PHP17,CRW01,80000,kg,BD-PIHPS,,,,,"PIHPS Provinsi Bengkulu (rata-rata pasar tradisional), bukan harga Bengkulu Tengah"
2025-02-17,PHP17,CRW02,54700,kg,BD-PIHPS,,,,,"PIHPS Provinsi Bengkulu (rata-rata pasar tradisional), bukan harga Bengkulu Tengah"
2025-02-17,PHP17,DAY01,31400,kg,BD-PIHPS,,,,,"PIHPS Provinsi Bengkulu (rata-rata pasar tradisional), bukan harga Bengkulu Tengah"
2025-02-17,PHP17,DSP01,135650,kg,BD-PIHPS,,,,,"PIHPS Provinsi Bengkulu (rata-rata pasar tradisional), bukan harga Bengkulu Tengah"
2025-02-17,PHP17,DSP02,135000,kg,BD-PIHPS,,,,,"PIHPS Provinsi Bengkulu (rata-rata pasar tradisional), bukan harga Bengkulu Tengah"
2025-02-17,PHP17,GLP01,18300,kg,BD-PIHPS,,,,,"PIHPS Provinsi Bengkulu (rata-rata pasar tradisional), bukan harga Bengkulu Tengah"
2025-02-17,PHP17,GLP02,19400,kg,BD-PIHPS,,,,,"PIHPS Provinsi Bengkulu (rata-rata pasar tradisional), bukan harga Bengkulu Tengah"
2025-02-17,PHP17,MGR01,18200,liter,BD-PIHPS,,,,,"PIHPS Provinsi Bengkulu (rata-rata pasar tradisional), bukan harga Bengkulu Tengah"
2025-02-17,PHP17,MGR02,21650,liter,BD-PIHPS,,,,,"PIHPS Provinsi Bengkulu (rata-rata pasar tradisional), bukan harga Bengkulu Tengah"
2025-02-17,PHP17,MGR03,20250,liter,BD-PIHPS,,,,,"PIHPS Provinsi Bengkulu (rata-rata pasar tradisional), bukan harga Bengkulu Tengah"
2025-02-17,PHP17,TLR01,28350,kg,BD-PIHPS,,,,,"PIHPS Provinsi Bengkulu (rata-rata pasar tradisional), bukan harga Bengkulu Tengah"
2025-02-18,PHP17,BRS01,14100,kg,BD-PIHPS,,,,,"PIHPS Provinsi Bengkulu (rata-rata pasar tradisional), bukan harga Bengkulu Tengah"
2025-02-18,PHP17,BRS02,15000,kg,BD-PIHPS,,,,,"PIHPS Provinsi Bengkulu (rata-rata pasar tradisional), bukan harga Bengkulu Tengah"
2025-02-18,PHP17,BRS03,15300,kg,BD-PIHPS,,,,,"PIHPS Provinsi Bengkulu (rata-rata pasar tradisional), bukan harga Bengkulu Tengah"
2025-02-18,PHP17,BRS04,15500,kg,BD-PIHPS,,,,,"PIHPS Provinsi Bengkulu (rata-rata pasar tradisional), bukan harga Bengkulu Tengah"
2025-02-18,PHP17,BRS05,15650,kg,BD-PIHPS,,,,,"PIHPS Provinsi Bengkulu (rata-rata pasar tradisional), bukan harga Bengkulu Tengah"
2025-02-18,PHP17,BRS06,15650,kg,BD-PIHPS,,,,,"PIHPS Provinsi Bengkulu (rata-rata pasar tradisional), bukan harga Bengkulu Tengah"
2025-02-18,PHP17,BWM01,42000,kg,BD-PIHPS,,,,,"PIHPS Provinsi Bengkulu (rata-rata pasar tradisional), bukan harga Bengkulu Tengah"
2025-02-18,PHP17,BWP01,43250,kg,BD-PIHPS,,,,,"PIHPS Provinsi Bengkulu (rata-rata pasar tradisional), bukan harga Bengkulu Tengah"
2025-02-18,PHP17,CMR01,45400,kg,BD-PIHPS,,,,,"PIHPS Provinsi Bengkulu (rata-rata pasar tradisional), bukan harga Bengkulu Tengah"
2025-02-18,PHP17,CMR02,50650,kg,BD-PIHPS,,,,,"PIHPS Provinsi Bengkulu (rata-rata pasar tradisional), bukan harga Bengkulu Tengah"
2025-02-18,PHP17,CRW01,81250,kg,BD-PIHPS,,,,,"PIHPS Provinsi Bengkulu (rata-rata pasar tradisional), bukan harga Bengkulu Tengah"
2025-02-18,PHP17,CRW02,55500,kg,BD-PIHPS,,,,,"PIHPS Provinsi Bengkulu (rata-rata pasar tradisional), bukan harga Bengkulu Tengah"
2025-02-18,PHP17,DAY01,31400,kg,BD-PIHPS,,,,,"PIHPS Provinsi Bengkulu (rata-rata pasar tradisional), bukan harga Bengkulu Tengah"
2025-02-18,PHP17,DSP01,135650,kg,BD-PIHPS,,,,,"PIHPS Provinsi Bengkulu (rata-rata pasar tradisional), bukan harga Bengkulu Tengah"
2025-02-18,PHP17,DSP02,135000,kg,BD-PIHPS,,,,,"PIHPS Provinsi Bengkulu (rata-rata pasar tradisional), bukan harga Bengkulu Tengah"
2025-02-18,PHP17,GLP01,18300,kg,BD-PIHPS,,,,,"PIHPS Provinsi Bengkulu (rata-rata pasar tradisional), bukan harga Bengkulu Tengah"
2025-02-18,PHP17,GLP02,19400,kg,BD-PIHPS,,,,,"PIHPS Provinsi Bengkulu (rata-rata pasar tradisional), bukan harga Bengkulu Tengah"
2025-02-18,PHP17,MGR01,18200,liter,BD-PIHPS,,,,,"PIHPS Provinsi Bengkulu (rata-rata pasar tradisional), bukan harga Bengkulu Tengah"
2025-02-18,PHP17,MGR02,21650,liter,BD-PIHPS,,,,,"PIHPS Provinsi Bengkulu (rata-rata pasar tradisional), bukan harga Bengkulu Tengah"
2025-02-18,PHP17,MGR03,20400,liter,BD-PIHPS,,,,,"PIHPS Provinsi Bengkulu (rata-rata pasar tradisional), bukan harga Bengkulu Tengah"
2025-02-18,PHP17,TLR01,28350,kg,BD-PIHPS,,,,,"PIHPS Provinsi Bengkulu (rata-rata pasar tradisional), bukan harga Bengkulu Tengah"
2025-02-19,PHP17,BRS01,14100,kg,BD-PIHPS,,,,,"PIHPS Provinsi Bengkulu (rata-rata pasar tradisional), bukan harga Bengkulu Tengah"
2025-02-19,PHP17,BRS02,15000,kg,BD-PIHPS,,,,,"PIHPS Provinsi Bengkulu (rata-rata pasar tradisional), bukan harga Bengkulu Tengah"
2025-02-19,PHP17,BRS03,15300,kg,BD-PIHPS,,,,,"PIHPS Provinsi Bengkulu (rata-rata pasar tradisional), bukan harga Bengkulu Tengah"
2025-02-19,PHP17,BRS04,15500,kg,BD-PIHPS,,,,,"PIHPS Provinsi Bengkulu (rata-rata pasar tradisional), bukan harga Bengkulu Tengah"
2025-02-19,PHP17,BRS05,15650,kg,BD-PIHPS,,,,,"PIHPS Provinsi Bengkulu (rata-rata pasar tradisional), bukan harga Bengkulu Tengah"
2025-02-19,PHP17,BRS06,15650,kg,BD-PIHPS,,,,,"PIHPS Provinsi Bengkulu (rata-rata pasar tradisional), bukan harga Bengkulu Tengah"
2025-02-19,PHP17,BWM01,40000,kg,BD-PIHPS,,,,,"PIHPS Provinsi Bengkulu (rata-rata pasar tradisional), bukan harga Bengkulu Tengah"
2025-02-19,PHP17,BWP01,43250,kg,BD-PIHPS,,,,,"PIHPS Provinsi Bengkulu (rata-rata pasar tradisional), bukan harga Bengkulu Tengah"
2025-02-19,PHP17,CMR01,42250,kg,BD-PIHPS,,,,,"PIHPS Provinsi Bengkulu (rata-rata pasar tradisional), bukan harga Bengkulu Tengah"
2025-02-19,PHP17,CMR02,48250,kg,BD-PIHPS,,,,,"PIHPS Provinsi Bengkulu (rata-rata pasar tradisional), bukan harga Bengkulu Tengah"
2025-02-19,PHP17,CRW01,77250,kg,BD-PIHPS,,,,,"PIHPS Provinsi Bengkulu (rata-rata pasar tradisional), bukan harga Bengkulu Tengah"
2025-02-19,PHP17,CRW02,53300,kg,BD-PIHPS,,,,,"PIHPS Provinsi Bengkulu (rata-rata pasar tradisional), bukan harga Bengkulu Tengah"
2025-02-19,PHP17,DAY01,31400,kg,BD-PIHPS,,,,,"PIHPS Provinsi Bengkulu (rata-rata pasar tradisional), bukan harga Bengkulu Tengah"
2025-02-19,PHP17,DSP01,135650,kg,BD-PIHPS,,,,,"PIHPS Provinsi Bengkulu (rata-rata pasar tradisional), bukan harga Bengkulu Tengah"
2025-02-19,PHP17,DSP02,135000,kg,BD-PIHPS,,,,,"PIHPS Provinsi Bengkulu (rata-rata pasar tradisional), bukan harga Bengkulu Tengah"
2025-02-19,PHP17,GLP01,18300,kg,BD-PIHPS,,,,,"PIHPS Provinsi Bengkulu (rata-rata pasar tradisional), bukan harga Bengkulu Tengah"
2025-02-19,PHP17,GLP02,19400,kg,BD-PIHPS,,,,,"PIHPS Provinsi Bengkulu (rata-rata pasar tradisional), bukan harga Bengkulu Tengah"
2025-02-19,PHP17,MGR01,18200,liter,BD-PIHPS,,,,,"PIHPS Provinsi Bengkulu (rata-rata pasar tradisional), bukan harga Bengkulu Tengah"
2025-02-19,PHP17,MGR02,21650,liter,BD-PIHPS,,,,,"PIHPS Provinsi Bengkulu (rata-rata pasar tradisional), bukan harga Bengkulu Tengah"
2025-02-19,PHP17,MGR03,20500,liter,BD-PIHPS,,,,,"PIHPS Provinsi Bengkulu (rata-rata pasar tradisional), bukan harga Bengkulu Tengah"
2025-02-19,PHP17,TLR01,28350,kg,BD-PIHPS,,,,,"PIHPS Provinsi Bengkulu (rata-rata pasar tradisional), bukan harga Bengkulu Tengah"
2025-02-20,PHP17,BRS01,14100,kg,BD-PIHPS,,,,,"PIHPS Provinsi Bengkulu (rata-rata pasar tradisional), bukan harga Bengkulu Tengah"
2025-02-20,PHP17,BRS02,15000,kg,BD-PIHPS,,,,,"PIHPS Provinsi Bengkulu (rata-rata pasar tradisional), bukan harga Bengkulu Tengah"
2025-02-20,PHP17,BRS03,15300,kg,BD-PIHPS,,,,,"PIHPS Provinsi Bengkulu (rata-rata pasar tradisional), bukan harga Bengkulu Tengah"
2025-02-20,PHP17,BRS04,15500,kg,BD-PIHPS,,,,,"PIHPS Provinsi Bengkulu (rata-rata pasar tradisional), bukan harga Bengkulu Tengah"
2025-02-20,PHP17,BRS05,15650,kg,BD-PIHPS,,,,,"PIHPS Provinsi Bengkulu (rata-rata pasar tradisional), bukan harga Bengkulu Tengah"
2025-02-20,PHP17,BRS06,15650,kg,BD-PIHPS,,,,,"PIHPS Provinsi Bengkulu (rata-rata pasar tradisional), bukan harga Bengkulu Tengah"
2025-02-20,PHP17,BWM01,38900,kg,BD-PIHPS,,,,,"PIHPS Provinsi Bengkulu (rata-rata pasar tradisional), bukan harga Bengkulu Tengah"
2025-02-20,PHP17,BWP01,43500,kg,BD-PIHPS,,,,,"PIHPS Provinsi Bengkulu (rata-rata pasar tradisional), bukan harga Bengkulu Tengah"
2025-02-20,PHP17,CMR01,39650,kg,BD-PIHPS,,,,,"PIHPS Provinsi Bengkulu (rata-rata pasar tradisional), bukan harga Bengkulu Tengah"
2025-02-20,PHP17,CMR02,44150,kg,BD-PIHPS,,,,,"PIHPS Provinsi Bengkulu (rata-rata pasar tradisional), bukan harga Bengkulu Tengah"
2025-02-20,PHP17,CRW01,73750,kg,BD-PIHPS,,,,,"PIHPS Provinsi Bengkulu (rata-rata pasar tradisional), bukan harga Bengkulu Tengah"
2025-02-20,PHP17,CRW02,51000,kg,BD-PIHPS,,,,,"PIHPS Provinsi Bengkulu (rata-rata pasar tradisional), bukan harga Bengkulu Tengah"
2025-02-20,PHP17,DAY01,31400,kg,BD-PIHPS,,,,,"PIHPS Provinsi Bengkulu (rata-rata pasar tradisional), bukan harga Bengkulu Tengah"
2025-02-20,PHP17,DSP01,135650,kg,BD-PIHPS,,,,,"PIHPS Provinsi Bengkulu (rata-rata pasar tradisional), bukan harga Bengkulu Tengah"
2025-02-20,PHP17,DSP02,135000,kg,BD-PIHPS,,,,,"PIHPS Provinsi Bengkulu (rata-rata pasar tradisional), bukan harga Bengkulu Tengah"
2025-02-20,PHP17,GLP01,18300,kg,BD-PIHPS,,,,,"PIHPS Provinsi Bengkulu (rata-rata pasar tradisional), bukan harga Bengkulu Tengah"
2025-02-20,PHP17,GLP02,19400,kg,BD-PIHPS,,,,,"PIHPS Provinsi Bengkulu (rata-rata pasar tradisional), bukan harga Bengkulu Tengah"
2025-02-20,PHP17,MGR01,18200,liter,BD-PIHPS,,,,,"PIHPS Provinsi Bengkulu (rata-rata pasar tradisional), bukan harga Bengkulu Tengah"
2025-02-20,PHP17,MGR02,21650,liter,BD-PIHPS,,,,,"PIHPS Provinsi Bengkulu (rata-rata pasar tradisional), bukan harga Bengkulu Tengah"
2025-02-20,PHP17,MGR03,20500,liter,BD-PIHPS,,,,,"PIHPS Provinsi Bengkulu (rata-rata pasar tradisional), bukan harga Bengkulu Tengah"
2025-02-20,PHP17,TLR01,28350,kg,BD-PIHPS,,,,,"PIHPS Provinsi Bengkulu (rata-rata pasar tradisional), bukan harga Bengkulu Tengah"
2025-02-21,PHP17,BRS01,14100,kg,BD-PIHPS,,,,,"PIHPS Provinsi Bengkulu (rata-rata pasar tradisional), bukan harga Bengkulu Tengah"
2025-02-21,PHP17,BRS02,15000,kg,BD-PIHPS,,,,,"PIHPS Provinsi Bengkulu (rata-rata pasar tradisional), bukan harga Bengkulu Tengah"
2025-02-21,PHP17,BRS03,15300,kg,BD-PIHPS,,,,,"PIHPS Provinsi Bengkulu (rata-rata pasar tradisional), bukan harga Bengkulu Tengah"
2025-02-21,PHP17,BRS04,15500,kg,BD-PIHPS,,,,,"PIHPS Provinsi Bengkulu (rata-rata pasar tradisional), bukan harga Bengkulu Tengah"
2025-02-21,PHP17,BRS05,15650,kg,BD-PIHPS,,,,,"PIHPS Provinsi Bengkulu (rata-rata pasar tradisional), bukan harga Bengkulu Tengah"
2025-02-21,PHP17,BRS06,15650,kg,BD-PIHPS,,,,,"PIHPS Provinsi Bengkulu (rata-rata pasar tradisional), bukan harga Bengkulu Tengah"
2025-02-21,PHP17,BWM01,38900,kg,BD-PIHPS,,,,,"PIHPS Provinsi Bengkulu (rata-rata pasar tradisional), bukan harga Bengkulu Tengah"
2025-02-21,PHP17,BWP01,44150,kg,BD-PIHPS,,,,,"PIHPS Provinsi Bengkulu (rata-rata pasar tradisional), bukan harga Bengkulu Tengah"
2025-02-21,PHP17,CMR01,39250,kg,BD-PIHPS,,,,,"PIHPS Provinsi Bengkulu (rata-rata pasar tradisional), bukan harga Bengkulu Tengah"
2025-02-21,PHP17,CMR02,43650,kg,BD-PIHPS,,,,,"PIHPS Provinsi Bengkulu (rata-rata pasar tradisional), bukan harga Bengkulu Tengah"
2025-02-21,PHP17,CRW01,71000,kg,BD-PIHPS,,,,,"PIHPS Provinsi Bengkulu (rata-rata pasar tradisional), bukan harga Bengkulu Tengah"
2025-02-21,PHP17,CRW02,50550,kg,BD-PIHPS,,,,,"PIHPS Provinsi Bengkulu (rata-rata pasar tradisional), bukan harga Bengkulu Tengah"
2025-02-21,PHP17,DAY01,31400,kg,BD-PIHPS,,,,,"PIHPS Provinsi Bengkulu (rata-rata pasar tradisional), bukan harga Bengkulu Tengah"
2025-02-21,PHP17,DSP01,135650,kg,BD-PIHPS,,,,,"PIHPS Provinsi Bengkulu (rata-rata pasar tradisional), bukan harga Bengkulu Tengah"
2025-02-21,PHP17,DSP02,135000,kg,BD-PIHPS,,,,,"PIHPS Provinsi Bengkulu (rata-rata pasar tradisional), bukan harga Bengkulu Tengah"
2025-02-21,PHP17,GLP01,18300,kg,BD-PIHPS,,,,,"PIHPS Provinsi Bengkulu (rata-rata pasar tradisional), bukan harga Bengkulu Tengah"
2025-02-21,PHP17,GLP02,19400,kg,BD-PIHPS,,,,,"PIHPS Provinsi Bengkulu (rata-rata pasar tradisional), bukan harga Bengkulu Tengah"
2025-02-21,PHP17,MGR01,18200,liter,BD-PIHPS,,,,,"PIHPS Provinsi Bengkulu (rata-rata pasar tradisional), bukan harga Bengkulu Tengah"
2025-02-21,PHP17,MGR02,21650,liter,BD-PIHPS,,,,,"PIHPS Provinsi Bengkulu (rata-rata pasar tradisional), bukan harga Bengkulu Tengah"
2025-02-21,PHP17,MGR03,20500,liter,BD-PIHPS,,,,,"PIHPS Provinsi Bengkulu (rata-rata pasar tradisional), bukan harga Bengkulu Tengah"
2025-02-21,PHP17,TLR01,27900,kg,BD-PIHPS,,,,,"PIHPS Provinsi Bengkulu (rata-rata pasar tradisional), bukan harga Bengkulu Tengah"
2025-02-24,PHP17,BRS01,14100,kg,BD-PIHPS,,,,,"PIHPS Provinsi Bengkulu (rata-rata pasar tradisional), bukan harga Bengkulu Tengah"
2025-02-24,PHP17,BRS02,15000,kg,BD-PIHPS,,,,,"PIHPS Provinsi Bengkulu (rata-rata pasar tradisional), bukan harga Bengkulu Tengah"
2025-02-24,PHP17,BRS03,15300,kg,BD-PIHPS,,,,,"PIHPS Provinsi Bengkulu (rata-rata pasar tradisional), bukan harga Bengkulu Tengah"
2025-02-24,PHP17,BRS04,15500,kg,BD-PIHPS,,,,,"PIHPS Provinsi Bengkulu (rata-rata pasar tradisional), bukan harga Bengkulu Tengah"
2025-02-24,PHP17,BRS05,15650,kg,BD-PIHPS,,,,,"PIHPS Provinsi Bengkulu (rata-rata pasar tradisional), bukan harga Bengkulu Tengah"
2025-02-24,PHP17,BRS06,15650,kg,BD-PIHPS,,,,,"PIHPS Provinsi Bengkulu (rata-rata pasar tradisional), bukan harga Bengkulu Tengah"
2025-02-24,PHP17,BWM01,40000,kg,BD-PIHPS,,,,,"PIHPS Provinsi Bengkulu (rata-rata pasar tradisional), bukan harga Bengkulu Tengah"
2025-02-24,PHP17,BWP01,43650,kg,BD-PIHPS,,,,,"PIHPS Provinsi Bengkulu (rata-rata pasar tradisional), bukan harga Bengkulu Tengah"
2025-02-24,PHP17,CMR01,43150,kg,BD-PIHPS,,,,,"PIHPS Provinsi Bengkulu (rata-rata pasar tradisional), bukan harga Bengkulu Tengah"
2025-02-24,PHP17,CMR02,46250,kg,BD-PIHPS,,,,,"PIHPS Provinsi Bengkulu (rata-rata pasar tradisional), bukan harga Bengkulu Tengah"
2025-02-24,PHP17,CRW01,68150,kg,BD-PIHPS,,,,,"PIHPS Provinsi Bengkulu (rata-rata pasar tradisional), bukan harga Bengkulu Tengah"
2025-02-24,PHP17,CRW02,50900,kg,BD-PIHPS,,,,,"PIHPS Provinsi Bengkulu (rata-rata pasar tradisional), bukan harga Bengkulu Tengah"
2025-02-24,PHP17,DAY01,31400,kg,BD-PIHPS,,,,,"PIHPS Provinsi Bengkulu (rata-rata pasar tradisional), bukan harga Bengkulu Tengah"
2025-02-24,PHP17,DSP01,135650,kg,BD-PIHPS,,,,,"PIHPS Provinsi Bengkulu (rata-rata pasar tradisional), bukan harga Bengkulu Tengah"
2025-02-24,PHP17,DSP02,135000,kg,BD-PIHPS,,,,,"PIHPS Provinsi Bengkulu (rata-rata pasar tradisional), bukan harga Bengkulu Tengah"
2025-02-24,PHP17,GLP01,18300,kg,BD-PIHPS,,,,,"PIHPS Provinsi Bengkulu (rata-rata pasar tradisional), bukan harga Bengkulu Tengah"
2025-02-24,PHP17,GLP02,19400,kg,BD-PIHPS,,,,,"PIHPS Provinsi Bengkulu (rata-rata pasar tradisional), bukan harga Bengkulu Tengah"
2025-02-24,PHP17,MGR01,18200,liter,BD-PIHPS,,,,,"PIHPS Provinsi Bengkulu (rata-rata pasar tradisional), bukan harga Bengkulu Tengah"
2025-02-24,PHP17,MGR02,21650,liter,BD-PIHPS,,,,,"PIHPS Provinsi Bengkulu (rata-rata pasar tradisional), bukan harga Bengkulu Tengah"
2025-02-24,PHP17,MGR03,20500,liter,BD-PIHPS,,,,,"PIHPS Provinsi Bengkulu (rata-rata pasar tradisional), bukan harga Bengkulu Tengah"
2025-02-24,PHP17,TLR01,27900,kg,BD-PIHPS,,,,,"PIHPS Provinsi Bengkulu (rata-rata pasar tradisional), bukan harga Bengkulu Tengah"
2025-02-25,PHP17,BRS01,14100,kg,BD-PIHPS,,,,,"PIHPS Provinsi Bengkulu (rata-rata pasar tradisional), bukan harga Bengkulu Tengah"
2025-02-25,PHP17,BRS02,15000,kg,BD-PIHPS,,,,,"PIHPS Provinsi Bengkulu (rata-rata pasar tradisional), bukan harga Bengkulu Tengah"
2025-02-25,PHP17,BRS03,15300,kg,BD-PIHPS,,,,,"PIHPS Provinsi Bengkulu (rata-rata pasar tradisional), bukan harga Bengkulu Tengah"
2025-02-25,PHP17,BRS04,15500,kg,BD-PIHPS,,,,,"PIHPS Provinsi Bengkulu (rata-rata pasar tradisional), bukan harga Bengkulu Tengah"
2025-02-25,PHP17,BRS05,15650,kg,BD-PIHPS,,,,,"PIHPS Provinsi Bengkulu (rata-rata pasar tradisional), bukan harga Bengkulu Tengah"
2025-02-25,PHP17,BRS06,15650,kg,BD-PIHPS,,,,,"PIHPS Provinsi Bengkulu (rata-rata pasar tradisional), bukan harga Bengkulu Tengah"
2025-02-25,PHP17,BWM01,40250,kg,BD-PIHPS,,,,,"PIHPS Provinsi Bengkulu (rata-rata pasar tradisional), bukan harga Bengkulu Tengah"
2025-02-25,PHP17,BWP01,43650,kg,BD-PIHPS,,,,,"PIHPS Provinsi Bengkulu (rata-rata pasar tradisional), bukan harga Bengkulu Tengah"
2025-02-25,PHP17,CMR01,45400,kg,BD-PIHPS,,,,,"PIHPS Provinsi Bengkulu (rata-rata pasar tradisional), bukan harga Bengkulu Tengah"
2025-02-25,PHP17,CMR02,48500,kg,BD-PIHPS,,,,,"PIHPS Provinsi Bengkulu (rata-rata pasar tradisional), bukan harga Bengkulu Tengah"
2025-02-25,PHP17,CRW01,65650,kg,BD-PIHPS,,,,,"PIHPS Provinsi Bengkulu (rata-rata pasar tradisional), bukan harga Bengkulu Tengah"
2025-02-25,PHP17,CRW02,51500,kg,BD-PIHPS,,,,,"PIHPS Provinsi Bengkulu (rata-rata pasar tradisional), bukan harga Bengkulu Tengah"
2025-02-25,PHP17,DAY01,31400,kg,BD-PIHPS,,,,,"PIHPS Provinsi Bengkulu (rata-rata pasar tradisional), bukan harga Bengkulu Tengah"
2025-02-25,PHP17,DSP01,135650,kg,BD-PIHPS,,,,,"PIHPS Provinsi Bengkulu (rata-rata pasar tradisional), bukan harga Bengkulu Tengah"
2025-02-25,PHP17,DSP02,120400,kg,BD-PIHPS,,,,,"PIHPS Provinsi Bengkulu (rata-rata pasar tradisional), bukan harga Bengkulu Tengah"
2025-02-25,PHP17,GLP01,18300,kg,BD-PIHPS,,,,,"PIHPS Provinsi Bengkulu (rata-rata pasar tradisional), bukan harga Bengkulu Tengah"
2025-02-25,PHP17,GLP02,19400,kg,BD-PIHPS,,,,,"PIHPS Provinsi Bengkulu (rata-rata pasar tradisional), bukan harga Bengkulu Tengah"
2025-02-25,PHP17,MGR01,18550,liter,BD-PIHPS,,,,,"PIHPS Provinsi Bengkulu (rata-rata pasar tradisional), bukan harga Bengkulu Tengah"
2025-02-25,PHP17,MGR02,21650,liter,BD-PIHPS,,,,,"PIHPS Provinsi Bengkulu (rata-rata pasar tradisional), bukan harga Bengkulu Tengah"
2025-02-25,PHP17,MGR03,20500,liter,BD-PIHPS,,,,,"PIHPS Provinsi Bengkulu (rata-rata pasar tradisional), bukan harga Bengkulu Tengah"
2025-02-25,PHP17,TLR01,27900,kg,BD-PIHPS,,,,,"PIHPS Provinsi Bengkulu (rata-rata pasar tradisional), bukan harga Bengkulu Tengah"
2025-02-26,PHP17,BRS01,14100,kg,BD-PIHPS,,,,,"PIHPS Provinsi Bengkulu (rata-rata pasar tradisional), bukan harga Bengkulu Tengah"
2025-02-26,PHP17,BRS02,15000,kg,BD-PIHPS,,,,,"PIHPS Provinsi Bengkulu (rata-rata pasar tradisional), bukan harga Bengkulu Tengah"
2025-02-26,PHP17,BRS03,15300,kg,BD-PIHPS,,,,,"PIHPS Provinsi Bengkulu (rata-rata pasar tradisional), bukan harga Bengkulu Tengah"
2025-02-26,PHP17,BRS04,15500,kg,BD-PIHPS,,,,,"PIHPS Provinsi Bengkulu (rata-rata pasar tradisional), bukan harga Bengkulu Tengah"
2025-02-26,PHP17,BRS05,15650,kg,BD-PIHPS,,,,,"PIHPS Provinsi Bengkulu (rata-rata pasar tradisional), bukan harga Bengkulu Tengah"
2025-02-26,PHP17,BRS06,15650,kg,BD-PIHPS,,,,,"PIHPS Provinsi Bengkulu (rata-rata pasar tradisional), bukan harga Bengkulu Tengah"
2025-02-26,PHP17,BWM01,41400,kg,BD-PIHPS,,,,,"PIHPS Provinsi Bengkulu (rata-rata pasar tradisional), bukan harga Bengkulu Tengah"
2025-02-26,PHP17,BWP01,43650,kg,BD-PIHPS,,,,,"PIHPS Provinsi Bengkulu (rata-rata pasar tradisional), bukan harga Bengkulu Tengah"
2025-02-26,PHP17,CMR01,45900,kg,BD-PIHPS,,,,,"PIHPS Provinsi Bengkulu (rata-rata pasar tradisional), bukan harga Bengkulu Tengah"
2025-02-26,PHP17,CMR02,49650,kg,BD-PIHPS,,,,,"PIHPS Provinsi Bengkulu (rata-rata pasar tradisional), bukan harga Bengkulu Tengah"
2025-02-26,PHP17,CRW01,66250,kg,BD-PIHPS,,,,,"PIHPS Provinsi Bengkulu (rata-rata pasar tradisional), bukan harga Bengkulu Tengah"
2025-02-26,PHP17,CRW02,51000,kg,BD-PIHPS,,,,,"PIHPS Provinsi Bengkulu (rata-rata pasar tradisional), bukan harga Bengkulu Tengah"
2025-02-26,PHP17,DAY01,32900,kg,BD-PIHPS,,,,,"PIHPS Provinsi Bengkulu (rata-rata pasar tradisional), bukan harga Bengkulu Tengah"
2025-02-26,PHP17,DSP01,135650,kg,BD-PIHPS,,,,,"PIHPS Provinsi Bengkulu (rata-rata pasar tradisional), bukan harga Bengkulu Tengah"
2025-02-26,PHP17,DSP02,135000,kg,BD-PIHPS,,,,,"PIHPS Provinsi Bengkulu (rata-rata pasar tradisional), bukan harga Bengkulu Tengah"
2025-02-26,PHP17,GLP01,18300,kg,BD-PIHPS,,,,,"PIHPS Provinsi Bengkulu (rata-rata pasar tradisional), bukan harga Bengkulu Tengah"
2025-02-26,PHP17,GLP02,19400,kg,BD-PIHPS,,,,,"PIHPS Provinsi Bengkulu (rata-rata pasar tradisional), bukan harga Bengkulu Tengah"
2025-02-26,PHP17,MGR01,18550,liter,BD-PIHPS,,,,,"PIHPS Provinsi Bengkulu (rata-rata pasar tradisional), bukan harga Bengkulu Tengah"
2025-02-26,PHP17,MGR02,21650,liter,BD-PIHPS,,,,,"PIHPS Provinsi Bengkulu (rata-rata pasar tradisional), bukan harga Bengkulu Tengah"
2025-02-26,PHP17,MGR03,20500,liter,BD-PIHPS,,,,,"PIHPS Provinsi Bengkulu (rata-rata pasar tradisional), bukan harga Bengkulu Tengah"
2025-02-26,PHP17,TLR01,28150,kg,BD-PIHPS,,,,,"PIHPS Provinsi Bengkulu (rata-rata pasar tradisional), bukan harga Bengkulu Tengah"
2025-02-27,PHP17,BRS01,14150,kg,BD-PIHPS,,,,,"PIHPS Provinsi Bengkulu (rata-rata pasar tradisional), bukan harga Bengkulu Tengah"
2025-02-27,PHP17,BRS02,15000,kg,BD-PIHPS,,,,,"PIHPS Provinsi Bengkulu (rata-rata pasar tradisional), bukan harga Bengkulu Tengah"
2025-02-27,PHP17,BRS03,15300,kg,BD-PIHPS,,,,,"PIHPS Provinsi Bengkulu (rata-rata pasar tradisional), bukan harga Bengkulu Tengah"
2025-02-27,PHP17,BRS04,15700,kg,BD-PIHPS,,,,,"PIHPS Provinsi Bengkulu (rata-rata pasar tradisional), bukan harga Bengkulu Tengah"
2025-02-27,PHP17,BRS05,15650,kg,BD-PIHPS,,,,,"PIHPS Provinsi Bengkulu (rata-rata pasar tradisional), bukan harga Bengkulu Tengah"
2025-02-27,PHP17,BRS06,15850,kg,BD-PIHPS,,,,,"PIHPS Provinsi Bengkulu (rata-rata pasar tradisional), bukan harga Bengkulu Tengah"
2025-02-27,PHP17,BWM01,42400,kg,BD-PIHPS,,,,,"PIHPS Provinsi Bengkulu (rata-rata pasar tradisional), bukan harga Bengkulu Tengah"
2025-02-27,PHP17,BWP01,43650,kg,BD-PIHPS,,,,,"PIHPS Provinsi Bengkulu (rata-rata pasar tradisional), bukan harga Bengkulu Tengah"
2025-02-27,PHP17,CMR01,49500,kg,BD-PIHPS,,,,,"PIHPS Provinsi Bengkulu (rata-rata pasar tradisional), bukan harga Bengkulu Tengah"
2025-02-27,PHP17,CMR02,55900,kg,BD-PIHPS,,,,,"PIHPS Provinsi Bengkulu (rata-rata pasar tradisional), bukan harga Bengkulu Tengah"
2025-02-27,PHP17,CRW01,66000,kg,BD-PIHPS,,,,,"PIHPS Provinsi Bengkulu (rata-rata pasar tradisional), bukan harga Bengkulu Tengah"
2025-02-27,PHP17,CRW02,54900,kg,BD-PIHPS,,,,,"PIHPS Provinsi Bengkulu (rata-rata pasar tradisional), bukan harga Bengkulu Tengah"
2025-02-27,PHP17,DAY01,33900,kg,BD-PIHPS,,,,,"PIHPS Provinsi Bengkulu (rata-rata pasar tradisional), bukan harga Bengkulu Tengah"
2025-02-27,PHP17,DSP01,137500,kg,BD-PIHPS,,,,,"PIHPS Provinsi Bengkulu (rata-rata pasar tradisional), bukan harga Bengkulu Tengah"
2025-02-27,PHP17,DSP02,137500,kg,BD-PIHPS,,,,,"PIHPS Provinsi Bengkulu (rata-rata pasar tradisional), bukan harga Bengkulu Tengah"
2025-02-27,PHP17,GLP01,18300,kg,BD-PIHPS,,,,,"PIHPS Provinsi Bengkulu (rata-rata pasar tradisional), bukan harga Bengkulu Tengah"
2025-02-27,PHP17,GLP02,19250,kg,BD-PIHPS,,,,,"PIHPS Provinsi Bengkulu (rata-rata pasar tradisional), bukan harga Bengkulu Tengah"
2025-02-27,PHP17,MGR01,18500,liter,BD-PIHPS,,,,,"PIHPS Provinsi Bengkulu (rata-rata pasar tradisional), bukan harga Bengkulu Tengah"
2025-02-27,PHP17,MGR02,21650,liter,BD-PIHPS,,,,,"PIHPS Provinsi Bengkulu (rata-rata pasar tradisional), bukan harga Bengkulu Tengah"
2025-02-27,PHP17,MGR03,20500,liter,BD-PIHPS,,,,,"PIHPS Provinsi Bengkulu (rata-rata pasar tradisional), bukan harga Bengkulu Tengah"
2025-02-27,PHP17,TLR01,28150,kg,BD-PIHPS,,,,,"PIHPS Provinsi Bengkulu (rata-rata pasar tradisional), bukan harga Bengkulu Tengah"
2025-02-28,PHP17,BRS01,14150,kg,BD-PIHPS,,,,,"PIHPS Provinsi Bengkulu (rata-rata pasar tradisional), bukan harga Bengkulu Tengah"
2025-02-28,PHP17,BRS02,15000,kg,BD-PIHPS,,,,,"PIHPS Provinsi Bengkulu (rata-rata pasar tradisional), bukan harga Bengkulu Tengah"
2025-02-28,PHP17,BRS03,15350,kg,BD-PIHPS,,,,,"PIHPS Provinsi Bengkulu (rata-rata pasar tradisional), bukan harga Bengkulu Tengah"
2025-02-28,PHP17,BRS04,15700,kg,BD-PIHPS,,,,,"PIHPS Provinsi Bengkulu (rata-rata pasar tradisional), bukan harga Bengkulu Tengah"
2025-02-28,PHP17,BRS05,15650,kg,BD-PIHPS,,,,,"PIHPS Provinsi Bengkulu (rata-rata pasar tradisional), bukan harga Bengkulu Tengah"
2025-02-28,PHP17,BRS06,15850,kg,BD-PIHPS,,,,,"PIHPS Provinsi Bengkulu (rata-rata pasar tradisional), bukan harga Bengkulu Tengah"
2025-02-28,PHP17,BWM01,43400,kg,BD-PIHPS,,,,,"PIHPS Provinsi Bengkulu (rata-rata pasar tradisional), bukan harga Bengkulu Tengah"
2025-02-28,PHP17,BWP01,44650,kg,BD-PIHPS,,,,,"PIHPS Provinsi Bengkulu (rata-rata pasar tradisional), bukan harga Bengkulu Tengah"
2025-02-28,PHP17,CMR01,51750,kg,BD-PIHPS,,,,,"PIHPS Provinsi Bengkulu (rata-rata pasar tradisional), bukan harga Bengkulu Tengah"
2025-02-28,PHP17,CMR02,58900,kg,BD-PIHPS,,,,,"PIHPS Provinsi Bengkulu (rata-rata pasar tradisional), bukan harga Bengkulu Tengah"
2025-02-28,PHP17,CRW01,66650,kg,BD-PIHPS,,,,,"PIHPS Provinsi Bengkulu (rata-rata pasar tradisional), bukan harga Bengkulu Tengah"
2025-02-28,PHP17,CRW02,58050,kg,BD-PIHPS,,,,,"PIHPS Provinsi Bengkulu (rata-rata pasar tradisional), bukan harga Bengkulu Tengah"
2025-02-28,PHP17,DAY01,35000,kg,BD-PIHPS,,,,,"PIHPS Provinsi Bengkulu (rata-rata pasar tradisional), bukan harga Bengkulu Tengah"
2025-02-28,PHP17,DSP01,137500,kg,BD-PIHPS,,,,,"PIHPS Provinsi Bengkulu (rata-rata pasar tradisional), bukan harga Bengkulu Tengah"
2025-02-28,PHP17,DSP02,137500,kg,BD-PIHPS,,,,,"PIHPS Provinsi Bengkulu (rata-rata pasar tradisional), bukan harga Bengkulu Tengah"
2025-02-28,PHP17,GLP01,18300,kg,BD-PIHPS,,,,,"PIHPS Provinsi Bengkulu (rata-rata pasar tradisional), bukan harga Bengkulu Tengah"
2025-02-28,PHP17,GLP02,19250,kg,BD-PIHPS,,,,,"PIHPS Provinsi Bengkulu (rata-rata pasar tradisional), bukan harga Bengkulu Tengah"
2025-02-28,PHP17,MGR01,18500,liter,BD-PIHPS,,,,,"PIHPS Provinsi Bengkulu (rata-rata pasar tradisional), bukan harga Bengkulu Tengah"
2025-02-28,PHP17,MGR02,21750,liter,BD-PIHPS,,,,,"PIHPS Provinsi Bengkulu (rata-rata pasar tradisional), bukan harga Bengkulu Tengah"
2025-02-28,PHP17,MGR03,20650,liter,BD-PIHPS,,,,,"PIHPS Provinsi Bengkulu (rata-rata pasar tradisional), bukan harga Bengkulu Tengah"
2025-02-28,PHP17,TLR01,28150,kg,BD-PIHPS,,,,,"PIHPS Provinsi Bengkulu (rata-rata pasar tradisional), bukan harga Bengkulu Tengah"
2025-03-03,PHP17,BRS01,14150,kg,BD-PIHPS,,,,,"PIHPS Provinsi Bengkulu (rata-rata pasar tradisional), bukan harga Bengkulu Tengah"
2025-03-03,PHP17,BRS02,15000,kg,BD-PIHPS,,,,,"PIHPS Provinsi Bengkulu (rata-rata pasar tradisional), bukan harga Bengkulu Tengah"
2025-03-03,PHP17,BRS03,15350,kg,BD-PIHPS,,,,,"PIHPS Provinsi Bengkulu (rata-rata pasar tradisional), bukan harga Bengkulu Tengah"
2025-03-03,PHP17,BRS04,15700,kg,BD-PIHPS,,,,,"PIHPS Provinsi Bengkulu (rata-rata pasar tradisional), bukan harga Bengkulu Tengah"
2025-03-03,PHP17,BRS05,15650,kg,BD-PIHPS,,,,,"PIHPS Provinsi Bengkulu (rata-rata pasar tradisional), bukan harga Bengkulu Tengah"
2025-03-03,PHP17,BRS06,15850,kg,BD-PIHPS,,,,,"PIHPS Provinsi Bengkulu (rata-rata pasar tradisional), bukan harga Bengkulu Tengah"
2025-03-03,PHP17,BWM01,43500,kg,BD-PIHPS,,,,,"PIHPS Provinsi Bengkulu (rata-rata pasar tradisional), bukan harga Bengkulu Tengah"
2025-03-03,PHP17,BWP01,45000,kg,BD-PIHPS,,,,,"PIHPS Provinsi Bengkulu (rata-rata pasar tradisional), bukan harga Bengkulu Tengah"
2025-03-03,PHP17,CMR01,53250,kg,BD-PIHPS,,,,,"PIHPS Provinsi Bengkulu (rata-rata pasar tradisional), bukan harga Bengkulu Tengah"
2025-03-03,PHP17,CMR02,59750,kg,BD-PIHPS,,,,,"PIHPS Provinsi Bengkulu (rata-rata pasar tradisional), bukan harga Bengkulu Tengah"
2025-03-03,PHP17,CRW01,65400,kg,BD-PIHPS,,,,,"PIHPS Provinsi Bengkulu (rata-rata pasar tradisional), bukan harga Bengkulu Tengah"
2025-03-03,PHP17,CRW02,59800,kg,BD-PIHPS,,,,,"PIHPS Provinsi Bengkulu (rata-rata pasar tradisional), bukan harga Bengkulu Tengah"
2025-03-03,PHP17,DAY01,34000,kg,BD-PIHPS,,,,,"PIHPS Provinsi Bengkulu (rata-rata pasar tradisional), bukan harga Bengkulu Tengah"
2025-03-03,PHP17,DSP01,135650,kg,BD-PIHPS,,,,,"PIHPS Provinsi Bengkulu (rata-rata pasar tradisional), bukan harga Bengkulu Tengah"
2025-03-03,PHP17,DSP02,135000,kg,BD-PIHPS,,,,,"PIHPS Provinsi Bengkulu (rata-rata pasar tradisional), bukan harga Bengkulu Tengah"
2025-03-03,PHP17,GLP01,18300,kg,BD-PIHPS,,,,,"PIHPS Provinsi Bengkulu (rata-rata pasar tradisional), bukan harga Bengkulu Tengah"
2025-03-03,PHP17,GLP02,19250,kg,BD-PIHPS,,,,,"PIHPS Provinsi Bengkulu (rata-rata pasar tradisional), bukan harga Bengkulu Tengah"
2025-03-03,PHP17,MGR01,18500,liter,BD-PIHPS,,,,,"PIHPS Provinsi Bengkulu (rata-rata pasar tradisional), bukan harga Bengkulu Tengah"
2025-03-03,PHP17,MGR02,21750,liter,BD-PIHPS,,,,,"PIHPS Provinsi Bengkulu (rata-rata pasar tradisional), bukan harga Bengkulu Tengah"
2025-03-03,PHP17,MGR03,20650,liter,BD-PIHPS,,,,,"PIHPS Provinsi Bengkulu (rata-rata pasar tradisional), bukan harga Bengkulu Tengah"
2025-03-03,PHP17,TLR01,28150,kg,BD-PIHPS,,,,,"PIHPS Provinsi Bengkulu (rata-rata pasar tradisional), bukan harga Bengkulu Tengah"
2025-03-04,PHP17,BRS01,14150,kg,BD-PIHPS,,,,,"PIHPS Provinsi Bengkulu (rata-rata pasar tradisional), bukan harga Bengkulu Tengah"
2025-03-04,PHP17,BRS02,15000,kg,BD-PIHPS,,,,,"PIHPS Provinsi Bengkulu (rata-rata pasar tradisional), bukan harga Bengkulu Tengah"
2025-03-04,PHP17,BRS03,15350,kg,BD-PIHPS,,,,,"PIHPS Provinsi Bengkulu (rata-rata pasar tradisional), bukan harga Bengkulu Tengah"
2025-03-04,PHP17,BRS04,15700,kg,BD-PIHPS,,,,,"PIHPS Provinsi Bengkulu (rata-rata pasar tradisional), bukan harga Bengkulu Tengah"
2025-03-04,PHP17,BRS05,15650,kg,BD-PIHPS,,,,,"PIHPS Provinsi Bengkulu (rata-rata pasar tradisional), bukan harga Bengkulu Tengah"
2025-03-04,PHP17,BRS06,15850,kg,BD-PIHPS,,,,,"PIHPS Provinsi Bengkulu (rata-rata pasar tradisional), bukan harga Bengkulu Tengah"
2025-03-04,PHP17,BWM01,44000,kg,BD-PIHPS,,,,,"PIHPS Provinsi Bengkulu (rata-rata pasar tradisional), bukan harga Bengkulu Tengah"
2025-03-04,PHP17,BWP01,46150,kg,BD-PIHPS,,,,,"PIHPS Provinsi Bengkulu (rata-rata pasar tradisional), bukan harga Bengkulu Tengah"
2025-03-04,PHP17,CMR01,55000,kg,BD-PIHPS,,,,,"PIHPS Provinsi Bengkulu (rata-rata pasar tradisional), bukan harga Bengkulu Tengah"
2025-03-04,PHP17,CMR02,61150,kg,BD-PIHPS,,,,,"PIHPS Provinsi Bengkulu (rata-rata pasar tradisional), bukan harga Bengkulu Tengah"
2025-03-04,PHP17,CRW01,64250,kg,BD-PIHPS,,,,,"PIHPS Provinsi Bengkulu (rata-rata pasar tradisional), bukan harga Bengkulu Tengah"
2025-03-04,PHP17,CRW02,62350,kg,BD-PIHPS,,,,,"PIHPS Provinsi Bengkulu (rata-rata pasar tradisional), bukan harga Bengkulu Tengah"
2025-03-04,PHP17,DAY01,34000,kg,BD-PIHPS,,,,,"PIHPS Provinsi Bengkulu (rata-rata pasar tradisional), bukan harga Bengkulu Tengah"
2025-03-04,PHP17,DSP01,135650,kg,BD-PIHPS,,,,,"PIHPS Provinsi Bengkulu (rata-rata pasar tradisional), bukan harga Bengkulu Tengah"
2025-03-04,PHP17,DSP02,135000,kg,BD-PIHPS,,,,,"PIHPS Provinsi Bengkulu (rata-rata pasar tradisional), bukan harga Bengkulu Tengah"
2025-03-04,PHP17,GLP01,18300,kg,BD-PIHPS,,,,,"PIHPS Provinsi Bengkulu (rata-rata pasar tradisional), bukan harga Bengkulu Tengah"
2025-03-04,PHP17,GLP02,19250,kg,BD-PIHPS,,,,,"PIHPS Provinsi Bengkulu (rata-rata pasar tradisional), bukan harga Bengkulu Tengah"
2025-03-04,PHP17,MGR01,18500,liter,BD-PIHPS,,,,,"PIHPS Provinsi Bengkulu (rata-rata pasar tradisional), bukan harga Bengkulu Tengah"
2025-03-04,PHP17,MGR02,21750,liter,BD-PIHPS,,,,,"PIHPS Provinsi Bengkulu (rata-rata pasar tradisional), bukan harga Bengkulu Tengah"
2025-03-04,PHP17,MGR03,20650,liter,BD-PIHPS,,,,,"PIHPS Provinsi Bengkulu (rata-rata pasar tradisional), bukan harga Bengkulu Tengah"
2025-03-04,PHP17,TLR01,28150,kg,BD-PIHPS,,,,,"PIHPS Provinsi Bengkulu (rata-rata pasar tradisional), bukan harga Bengkulu Tengah"
2025-03-05,PHP17,BRS01,14150,kg,BD-PIHPS,,,,,"PIHPS Provinsi Bengkulu (rata-rata pasar tradisional), bukan harga Bengkulu Tengah"
2025-03-05,PHP17,BRS02,15000,kg,BD-PIHPS,,,,,"PIHPS Provinsi Bengkulu (rata-rata pasar tradisional), bukan harga Bengkulu Tengah"
2025-03-05,PHP17,BRS03,15350,kg,BD-PIHPS,,,,,"PIHPS Provinsi Bengkulu (rata-rata pasar tradisional), bukan harga Bengkulu Tengah"
2025-03-05,PHP17,BRS04,15700,kg,BD-PIHPS,,,,,"PIHPS Provinsi Bengkulu (rata-rata pasar tradisional), bukan harga Bengkulu Tengah"
2025-03-05,PHP17,BRS05,15650,kg,BD-PIHPS,,,,,"PIHPS Provinsi Bengkulu (rata-rata pasar tradisional), bukan harga Bengkulu Tengah"
2025-03-05,PHP17,BRS06,15850,kg,BD-PIHPS,,,,,"PIHPS Provinsi Bengkulu (rata-rata pasar tradisional), bukan harga Bengkulu Tengah"
2025-03-05,PHP17,BWM01,44000,kg,BD-PIHPS,,,,,"PIHPS Provinsi Bengkulu (rata-rata pasar tradisional), bukan harga Bengkulu Tengah"
2025-03-05,PHP17,BWP01,46150,kg,BD-PIHPS,,,,,"PIHPS Provinsi Bengkulu (rata-rata pasar tradisional), bukan harga Bengkulu Tengah"
2025-03-05,PHP17,CMR01,51500,kg,BD-PIHPS,,,,,"PIHPS Provinsi Bengkulu (rata-rata pasar tradisional), bukan harga Bengkulu Tengah"
2025-03-05,PHP17,CMR02,57900,kg,BD-PIHPS,,,,,"PIHPS Provinsi Bengkulu (rata-rata pasar tradisional), bukan harga Bengkulu Tengah"
2025-03-05,PHP17,CRW01,65400,kg,BD-PIHPS,,,,,"PIHPS Provinsi Bengkulu (rata-rata pasar tradisional), bukan harga Bengkulu Tengah"
2025-03-05,PHP17,CRW02,62900,kg,BD-PIHPS,,,,,"PIHPS Provinsi Bengkulu (rata-rata pasar tradisional), bukan harga Bengkulu Tengah"
2025-03-05,PHP17,DAY01,33900,kg,BD-PIHPS,,,,,"PIHPS Provinsi Bengkulu (rata-rata pasar tradisional), bukan harga Bengkulu Tengah"
2025-03-05,PHP17,DSP01,135650,kg,BD-PIHPS,,,,,"PIHPS Provinsi Bengkulu (rata-rata pasar tradisional), bukan harga Bengkulu Tengah"
2025-03-05,PHP17,DSP02,135000,kg,BD-PIHPS,,,,,"PIHPS Provinsi Bengkulu (rata-rata pasar tradisional), bukan harga Bengkulu Tengah"
2025-03-05,PHP17,GLP01,18300,kg,BD-PIHPS,,,,,"PIHPS Provinsi Bengkulu (rata-rata pasar tradisional), bukan harga Bengkulu Tengah"
2025-03-05,PHP17,GLP02,19250,kg,BD-PIHPS,,,,,"PIHPS Provinsi Bengkulu (rata-rata pasar tradisional), bukan harga Bengkulu Tengah"
2025-03-05,PHP17,MGR01,18500,liter,BD-PIHPS,,,,,"PIHPS Provinsi Bengkulu (rata-rata pasar tradisional), bukan harga Bengkulu Tengah"
2025-03-05,PHP17,MGR02,21750,liter,BD-PIHPS,,,,,"PIHPS Provinsi Bengkulu (rata-rata pasar tradisional), bukan harga Bengkulu Tengah"
2025-03-05,PHP17,MGR03,20650,liter,BD-PIHPS,,,,,"PIHPS Provinsi Bengkulu (rata-rata pasar tradisional), bukan harga Bengkulu Tengah"
2025-03-05,PHP17,TLR01,28150,kg,BD-PIHPS,,,,,"PIHPS Provinsi Bengkulu (rata-rata pasar tradisional), bukan harga Bengkulu Tengah"
2025-03-06,PHP17,BRS01,14150,kg,BD-PIHPS,,,,,"PIHPS Provinsi Bengkulu (rata-rata pasar tradisional), bukan harga Bengkulu Tengah"
2025-03-06,PHP17,BRS02,15000,kg,BD-PIHPS,,,,,"PIHPS Provinsi Bengkulu (rata-rata pasar tradisional), bukan harga Bengkulu Tengah"
2025-03-06,PHP17,BRS03,15350,kg,BD-PIHPS,,,,,"PIHPS Provinsi Bengkulu (rata-rata pasar tradisional), bukan harga Bengkulu Tengah"
2025-03-06,PHP17,BRS04,15700,kg,BD-PIHPS,,,,,"PIHPS Provinsi Bengkulu (rata-rata pasar tradisional), bukan harga Bengkulu Tengah"
2025-03-06,PHP17,BRS05,15650,kg,BD-PIHPS,,,,,"PIHPS Provinsi Bengkulu (rata-rata pasar tradisional), bukan harga Bengkulu Tengah"
2025-03-06,PHP17,BRS06,15850,kg,BD-PIHPS,,,,,"PIHPS Provinsi Bengkulu (rata-rata pasar tradisional), bukan harga Bengkulu Tengah"
2025-03-06,PHP17,BWM01,44750,kg,BD-PIHPS,,,,,"PIHPS Provinsi Bengkulu (rata-rata pasar tradisional), bukan harga Bengkulu Tengah"
2025-03-06,PHP17,BWP01,45750,kg,BD-PIHPS,,,,,"PIHPS Provinsi Bengkulu (rata-rata pasar tradisional), bukan harga Bengkulu Tengah"
2025-03-06,PHP17,CMR01,47500,kg,BD-PIHPS,,,,,"PIHPS Provinsi Bengkulu (rata-rata pasar tradisional), bukan harga Bengkulu Tengah"
2025-03-06,PHP17,CMR02,53750,kg,BD-PIHPS,,,,,"PIHPS Provinsi Bengkulu (rata-rata pasar tradisional), bukan harga Bengkulu Tengah"
2025-03-06,PHP17,CRW01,67000,kg,BD-PIHPS,,,,,"PIHPS Provinsi Bengkulu (rata-rata pasar tradisional), bukan harga Bengkulu Tengah"
2025-03-06,PHP17,CRW02,61600,kg,BD-PIHPS,,,,,"PIHPS Provinsi Bengkulu (rata-rata pasar tradisional), bukan harga Bengkulu Tengah"
2025-03-06,PHP17,DAY01,33000,kg,BD-PIHPS,,,,,"PIHPS Provinsi Bengkulu (rata-rata pasar tradisional), bukan harga Bengkulu Tengah"
2025-03-06,PHP17,DSP01,135650,kg,BD-PIHPS,,,,,"PIHPS Provinsi Bengkulu (rata-rata pasar tradisional), bukan harga Bengkulu Tengah"
2025-03-06,PHP17,DSP02,135000,kg,BD-PIHPS,,,,,"PIHPS Provinsi Bengkulu (rata-rata pasar tradisional), bukan harga Bengkulu Tengah"
2025-03-06,PHP17,GLP01,18300,kg,BD-PIHPS,,,,,"PIHPS Provinsi Bengkulu (rata-rata pasar tradisional), bukan harga Bengkulu Tengah"
2025-03-06,PHP17,GLP02,19250,kg,BD-PIHPS,,,,,"PIHPS Provinsi Bengkulu (rata-rata pasar tradisional), bukan harga Bengkulu Tengah"
2025-03-06,PHP17,MGR01,18500,liter,BD-PIHPS,,,,,"PIHPS Provinsi Bengkulu (rata-rata pasar tradisional), bukan harga Bengkulu Tengah"
2025-03-06,PHP17,MGR02,21750,liter,BD-PIHPS,,,,,"PIHPS Provinsi Bengkulu (rata-rata pasar tradisional), bukan harga Bengkulu Tengah"
2025-03-06,PHP17,MGR03,20650,liter,BD-PIHPS,,,,,"PIHPS Provinsi Bengkulu (rata-rata pasar tradisional), bukan harga Bengkulu Tengah"
2025-03-06,PHP17,TLR01,28150,kg,BD-PIHPS,,,,,"PIHPS Provinsi Bengkulu (rata-rata pasar tradisional), bukan harga Bengkulu Tengah"
2025-03-07,PHP17,BRS01,14150,kg,BD-PIHPS,,,,,"PIHPS Provinsi Bengkulu (rata-rata pasar tradisional), bukan harga Bengkulu Tengah"
2025-03-07,PHP17,BRS02,15000,kg,BD-PIHPS,,,,,"PIHPS Provinsi Bengkulu (rata-rata pasar tradisional), bukan harga Bengkulu Tengah"
2025-03-07,PHP17,BRS03,15350,kg,BD-PIHPS,,,,,"PIHPS Provinsi Bengkulu (rata-rata pasar tradisional), bukan harga Bengkulu Tengah"
2025-03-07,PHP17,BRS04,15700,kg,BD-PIHPS,,,,,"PIHPS Provinsi Bengkulu (rata-rata pasar tradisional), bukan harga Bengkulu Tengah"
2025-03-07,PHP17,BRS05,15650,kg,BD-PIHPS,,,,,"PIHPS Provinsi Bengkulu (rata-rata pasar tradisional), bukan harga Bengkulu Tengah"
2025-03-07,PHP17,BRS06,15850,kg,BD-PIHPS,,,,,"PIHPS Provinsi Bengkulu (rata-rata pasar tradisional), bukan harga Bengkulu Tengah"
2025-03-07,PHP17,BWM01,43900,kg,BD-PIHPS,,,,,"PIHPS Provinsi Bengkulu (rata-rata pasar tradisional), bukan harga Bengkulu Tengah"
2025-03-07,PHP17,BWP01,45500,kg,BD-PIHPS,,,,,"PIHPS Provinsi Bengkulu (rata-rata pasar tradisional), bukan harga Bengkulu Tengah"
2025-03-07,PHP17,CMR01,37000,kg,BD-PIHPS,,,,,"PIHPS Provinsi Bengkulu (rata-rata pasar tradisional), bukan harga Bengkulu Tengah"
2025-03-07,PHP17,CMR02,41900,kg,BD-PIHPS,,,,,"PIHPS Provinsi Bengkulu (rata-rata pasar tradisional), bukan harga Bengkulu Tengah"
2025-03-07,PHP17,CRW01,64900,kg,BD-PIHPS,,,,,"PIHPS Provinsi Bengkulu (rata-rata pasar tradisional), bukan harga Bengkulu Tengah"
2025-03-07,PHP17,CRW02,58050,kg,BD-PIHPS,,,,,"PIHPS Provinsi Bengkulu (rata-rata pasar tradisional), bukan harga Bengkulu Tengah"
2025-03-07,PHP17,DAY01,32750,kg,BD-PIHPS,,,,,"PIHPS Provinsi Bengkulu (rata-rata pasar tradisional), bukan harga Bengkulu Tengah"
2025-03-07,PHP17,DSP01,135650,kg,BD-PIHPS,,,,,"PIHPS Provinsi Bengkulu (rata-rata pasar tradisional), bukan harga Bengkulu Tengah"
2025-03-07,PHP17,DSP02,135000,kg,BD-PIHPS,,,,,"PIHPS Provinsi Bengkulu (rata-rata pasar tradisional), bukan harga Bengkulu Tengah"
2025-03-07,PHP17,GLP01,18300,kg,BD-PIHPS,,,,,"PIHPS Provinsi Bengkulu (rata-rata pasar tradisional), bukan harga Bengkulu Tengah"
2025-03-07,PHP17,GLP02,19250,kg,BD-PIHPS,,,,,"PIHPS Provinsi Bengkulu (rata-rata pasar tradisional), bukan harga Bengkulu Tengah"
2025-03-07,PHP17,MGR01,18500,liter,BD-PIHPS,,,,,"PIHPS Provinsi Bengkulu (rata-rata pasar tradisional), bukan harga Bengkulu Tengah"
2025-03-07,PHP17,MGR02,21750,liter,BD-PIHPS,,,,,"PIHPS Provinsi Bengkulu (rata-rata pasar tradisional), bukan harga Bengkulu Tengah"
2025-03-07,PHP17,MGR03,20650,liter,BD-PIHPS,,,,,"PIHPS Provinsi Bengkulu (rata-rata pasar tradisional), bukan harga Bengkulu Tengah"
2025-03-07,PHP17,TLR01,28150,kg,BD-PIHPS,,,,,"PIHPS Provinsi Bengkulu (rata-rata pasar tradisional), bukan harga Bengkulu Tengah"
2025-03-10,PHP17,BRS01,14150,kg,BD-PIHPS,,,,,"PIHPS Provinsi Bengkulu (rata-rata pasar tradisional), bukan harga Bengkulu Tengah"
2025-03-10,PHP17,BRS02,15000,kg,BD-PIHPS,,,,,"PIHPS Provinsi Bengkulu (rata-rata pasar tradisional), bukan harga Bengkulu Tengah"
2025-03-10,PHP17,BRS03,15350,kg,BD-PIHPS,,,,,"PIHPS Provinsi Bengkulu (rata-rata pasar tradisional), bukan harga Bengkulu Tengah"
2025-03-10,PHP17,BRS04,15700,kg,BD-PIHPS,,,,,"PIHPS Provinsi Bengkulu (rata-rata pasar tradisional), bukan harga Bengkulu Tengah"
2025-03-10,PHP17,BRS05,15650,kg,BD-PIHPS,,,,,"PIHPS Provinsi Bengkulu (rata-rata pasar tradisional), bukan harga Bengkulu Tengah"
2025-03-10,PHP17,BRS06,15850,kg,BD-PIHPS,,,,,"PIHPS Provinsi Bengkulu (rata-rata pasar tradisional), bukan harga Bengkulu Tengah"
2025-03-10,PHP17,BWM01,43900,kg,BD-PIHPS,,,,,"PIHPS Provinsi Bengkulu (rata-rata pasar tradisional), bukan harga Bengkulu Tengah"
2025-03-10,PHP17,BWP01,45500,kg,BD-PIHPS,,,,,"PIHPS Provinsi Bengkulu (rata-rata pasar tradisional), bukan harga Bengkulu Tengah"
2025-03-10,PHP17,CMR01,38400,kg,BD-PIHPS,,,,,"PIHPS Provinsi Bengkulu (rata-rata pasar tradisional), bukan harga Bengkulu Tengah"
2025-03-10,PHP17,CMR02,42900,kg,BD-PIHPS,,,,,"PIHPS Provinsi Bengkulu (rata-rata pasar tradisional), bukan harga Bengkulu Tengah"
2025-03-10,PHP17,CRW01,60650,kg,BD-PIHPS,,,,,"PIHPS Provinsi Bengkulu (rata-rata pasar tradisional), bukan harga Bengkulu Tengah"
2025-03-10,PHP17,CRW02,56550,kg,BD-PIHPS,,,,,"PIHPS Provinsi Bengkulu (rata-rata pasar tradisional), bukan harga Bengkulu Tengah"
2025-03-10,PHP17,DAY01,32400,kg,BD-PIHPS,,,,,"PIHPS Provinsi Bengkulu (rata-rata pasar tradisional), bukan harga Bengkulu Tengah"
2025-03-10,PHP17,DSP01,135650,kg,BD-PIHPS,,,,,"PIHPS Provinsi Bengkulu (rata-rata pasar tradisional), bukan harga Bengkulu Tengah"
2025-03-10,PHP17,DSP02,135000,kg,BD-PIHPS,,,,,"PIHPS Provinsi Bengkulu (rata-rata pasar tradisional), bukan harga Bengkulu Tengah"
2025-03-10,PHP17,GLP01,18300,kg,BD-PIHPS,,,,,"PIHPS Provinsi Bengkulu (rata-rata pasar tradisional), bukan harga Bengkulu Tengah"
2025-03-10,PHP17,GLP02,19250,kg,BD-PIHPS,,,,,"PIHPS Provinsi Bengkulu (rata-rata pasar tradisional), bukan harga Bengkulu Tengah"
2025-03-10,PHP17,MGR01,18500,liter,BD-PIHPS,,,,,"PIHPS Provinsi Bengkulu (rata-rata pasar tradisional), bukan harga Bengkulu Tengah"
2025-03-10,PHP17,MGR02,21650,liter,BD-PIHPS,,,,,"PIHPS Provinsi Bengkulu (rata-rata pasar tradisional), bukan harga Bengkulu Tengah"
2025-03-10,PHP17,MGR03,20650,liter,BD-PIHPS,,,,,"PIHPS Provinsi Bengkulu (rata-rata pasar tradisional), bukan harga Bengkulu Tengah"
2025-03-10,PHP17,TLR01,28350,kg,BD-PIHPS,,,,,"PIHPS Provinsi Bengkulu (rata-rata pasar tradisional), bukan harga Bengkulu Tengah"
2025-03-11,PHP17,BRS01,14150,kg,BD-PIHPS,,,,,"PIHPS Provinsi Bengkulu (rata-rata pasar tradisional), bukan harga Bengkulu Tengah"
2025-03-11,PHP17,BRS02,15100,kg,BD-PIHPS,,,,,"PIHPS Provinsi Bengkulu (rata-rata pasar tradisional), bukan harga Bengkulu Tengah"
2025-03-11,PHP17,BRS03,15300,kg,BD-PIHPS,,,,,"PIHPS Provinsi Bengkulu (rata-rata pasar tradisional), bukan harga Bengkulu Tengah"
2025-03-11,PHP17,BRS04,15600,kg,BD-PIHPS,,,,,"PIHPS Provinsi Bengkulu (rata-rata pasar tradisional), bukan harga Bengkulu Tengah"
2025-03-11,PHP17,BRS05,15650,kg,BD-PIHPS,,,,,"PIHPS Provinsi Bengkulu (rata-rata pasar tradisional), bukan harga Bengkulu Tengah"
2025-03-11,PHP17,BRS06,15850,kg,BD-PIHPS,,,,,"PIHPS Provinsi Bengkulu (rata-rata pasar tradisional), bukan harga Bengkulu Tengah"
2025-03-11,PHP17,BWM01,45400,kg,BD-PIHPS,,,,,"PIHPS Provinsi Bengkulu (rata-rata pasar tradisional), bukan harga Bengkulu Tengah"
2025-03-11,PHP17,BWP01,46650,kg,BD-PIHPS,,,,,"PIHPS Provinsi Bengkulu (rata-rata pasar tradisional), bukan harga Bengkulu Tengah"
2025-03-11,PHP17,CMR01,37500,kg,BD-PIHPS,,,,,"PIHPS Provinsi Bengkulu (rata-rata pasar tradisional), bukan harga Bengkulu Tengah"
2025-03-11,PHP17,CMR02,42900,kg,BD-PIHPS,,,,,"PIHPS Provinsi Bengkulu (rata-rata pasar tradisional), bukan harga Bengkulu Tengah"
2025-03-11,PHP17,CRW01,56500,kg,BD-PIHPS,,,,,"PIHPS Provinsi Bengkulu (rata-rata pasar tradisional), bukan harga Bengkulu Tengah"
2025-03-11,PHP17,CRW02,56200,kg,BD-PIHPS,,,,,"PIHPS Provinsi Bengkulu (rata-rata pasar tradisional), bukan harga Bengkulu Tengah"
2025-03-11,PHP17,DAY01,32400,kg,BD-PIHPS,,,,,"PIHPS Provinsi Bengkulu (rata-rata pasar tradisional), bukan harga Bengkulu Tengah"
2025-03-11,PHP17,DSP01,135650,kg,BD-PIHPS,,,,,"PIHPS Provinsi Bengkulu (rata-rata pasar tradisional), bukan harga Bengkulu Tengah"
2025-03-11,PHP17,DSP02,135000,kg,BD-PIHPS,,,,,"PIHPS Provinsi Bengkulu (rata-rata pasar tradisional), bukan harga Bengkulu Tengah"
2025-03-11,PHP17,GLP01,18300,kg,BD-PIHPS,,,,,"PIHPS Provinsi Bengkulu (rata-rata pasar tradisional), bukan harga Bengkulu Tengah"
2025-03-11,PHP17,GLP02,19250,kg,BD-PIHPS,,,,,"PIHPS Provinsi Bengkulu (rata-rata pasar tradisional), bukan harga Bengkulu Tengah"
2025-03-11,PHP17,MGR01,18500,liter,BD-PIHPS,,,,,"PIHPS Provinsi Bengkulu (rata-rata pasar tradisional), bukan harga Bengkulu Tengah"
2025-03-11,PHP17,MGR02,21500,liter,BD-PIHPS,,,,,"PIHPS Provinsi Bengkulu (rata-rata pasar tradisional), bukan harga Bengkulu Tengah"
2025-03-11,PHP17,MGR03,20500,liter,BD-PIHPS,,,,,"PIHPS Provinsi Bengkulu (rata-rata pasar tradisional), bukan harga Bengkulu Tengah"
2025-03-11,PHP17,TLR01,28350,kg,BD-PIHPS,,,,,"PIHPS Provinsi Bengkulu (rata-rata pasar tradisional), bukan harga Bengkulu Tengah"
2025-03-12,PHP17,BRS01,14150,kg,BD-PIHPS,,,,,"PIHPS Provinsi Bengkulu (rata-rata pasar tradisional), bukan harga Bengkulu Tengah"
2025-03-12,PHP17,BRS02,15100,kg,BD-PIHPS,,,,,"PIHPS Provinsi Bengkulu (rata-rata pasar tradisional), bukan harga Bengkulu Tengah"
2025-03-12,PHP17,BRS03,15300,kg,BD-PIHPS,,,,,"PIHPS Provinsi Bengkulu (rata-rata pasar tradisional), bukan harga Bengkulu Tengah"
2025-03-12,PHP17,BRS04,15600,kg,BD-PIHPS,,,,,"PIHPS Provinsi Bengkulu (rata-rata pasar tradisional), bukan harga Bengkulu Tengah"
2025-03-12,PHP17,BRS05,15650,kg,BD-PIHPS,,,,,"PIHPS Provinsi Bengkulu (rata-rata pasar tradisional), bukan harga Bengkulu Tengah"
2025-03-12,PHP17,BRS06,15850,kg,BD-PIHPS,,,,,"PIHPS Provinsi Bengkulu (rata-rata pasar tradisional), bukan harga Bengkulu Tengah"
2025-03-12,PHP17,BWM01,45650,kg,BD-PIHPS,,,,,"PIHPS Provinsi Bengkulu (rata-rata pasar tradisional), bukan harga Bengkulu Tengah"
2025-03-12,PHP17,BWP01,46650,kg,BD-PIHPS,,,,,"PIHPS Provinsi Bengkulu (rata-rata pasar tradisional), bukan harga Bengkulu Tengah"
2025-03-12,PHP17,CMR01,35900,kg,BD-PIHPS,,,,,"PIHPS Provinsi Bengkulu (rata-rata pasar tradisional), bukan harga Bengkulu Tengah"
2025-03-12,PHP17,CMR02,40650,kg,BD-PIHPS,,,,,"PIHPS Provinsi Bengkulu (rata-rata pasar tradisional), bukan harga Bengkulu Tengah"
2025-03-12,PHP17,CRW01,58150,kg,BD-PIHPS,,,,,"PIHPS Provinsi Bengkulu (rata-rata pasar tradisional), bukan harga Bengkulu Tengah"
2025-03-12,PHP17,CRW02,54750,kg,BD-PIHPS,,,,,"PIHPS Provinsi Bengkulu (rata-rata pasar tradisional), bukan harga Bengkulu Tengah"
2025-03-12,PHP17,DAY01,32400,kg,BD-PIHPS,,,,,"PIHPS Provinsi Bengkulu (rata-rata pasar tradisional), bukan harga Bengkulu Tengah"
2025-03-12,PHP17,DSP01,135650,kg,BD-PIHPS,,,,,"PIHPS Provinsi Bengkulu (rata-rata pasar tradisional), bukan harga Bengkulu Tengah"
2025-03-12,PHP17,DSP02,135000,kg,BD-PIHPS,,,,,"PIHPS Provinsi Bengkulu (rata-rata pasar tradisional), bukan harga Bengkulu Tengah"
2025-03-12,PHP17,GLP01,18300,kg,BD-PIHPS,,,,,"PIHPS Provinsi Bengkulu (rata-rata pasar tradisional), bukan harga Bengkulu Tengah"
2025-03-12,PHP17,GLP02,19250,kg,BD-PIHPS,,,,,"PIHPS Provinsi Bengkulu (rata-rata pasar tradisional), bukan harga Bengkulu Tengah"
2025-03-12,PHP17,MGR01,18500,liter,BD-PIHPS,,,,,"PIHPS Provinsi Bengkulu (rata-rata pasar tradisional), bukan harga Bengkulu Tengah"
2025-03-12,PHP17,MGR02,21500,liter,BD-PIHPS,,,,,"PIHPS Provinsi Bengkulu (rata-rata pasar tradisional), bukan harga Bengkulu Tengah"
2025-03-12,PHP17,MGR03,20500,liter,BD-PIHPS,,,,,"PIHPS Provinsi Bengkulu (rata-rata pasar tradisional), bukan harga Bengkulu Tengah"
2025-03-12,PHP17,TLR01,28350,kg,BD-PIHPS,,,,,"PIHPS Provinsi Bengkulu (rata-rata pasar tradisional), bukan harga Bengkulu Tengah"
2025-03-13,PHP17,BRS01,14150,kg,BD-PIHPS,,,,,"PIHPS Provinsi Bengkulu (rata-rata pasar tradisional), bukan harga Bengkulu Tengah"
2025-03-13,PHP17,BRS02,15050,kg,BD-PIHPS,,,,,"PIHPS Provinsi Bengkulu (rata-rata pasar tradisional), bukan harga Bengkulu Tengah"
2025-03-13,PHP17,BRS03,15300,kg,BD-PIHPS,,,,,"PIHPS Provinsi Bengkulu (rata-rata pasar tradisional), bukan harga Bengkulu Tengah"
2025-03-13,PHP17,BRS04,15600,kg,BD-PIHPS,,,,,"PIHPS Provinsi Bengkulu (rata-rata pasar tradisional), bukan harga Bengkulu Tengah"
2025-03-13,PHP17,BRS05,15650,kg,BD-PIHPS,,,,,"PIHPS Provinsi Bengkulu (rata-rata pasar tradisional), bukan harga Bengkulu Tengah"
2025-03-13,PHP17,BRS06,15850,kg,BD-PIHPS,,,,,"PIHPS Provinsi Bengkulu (rata-rata pasar tradisional), bukan harga Bengkulu Tengah"
2025-03-13,PHP17,BWM01,45650,kg,BD-PIHPS,,,,,"PIHPS Provinsi Bengkulu (rata-rata pasar tradisional), bukan harga Bengkulu Tengah"
2025-03-13,PHP17,BWP01,46650,kg,BD-PIHPS,,,,,"PIHPS Provinsi Bengkulu (rata-rata pasar tradisional), bukan harga Bengkulu Tengah"
2025-03-13,PHP17,CMR01,35150,kg,BD-PIHPS,,,,,"PIHPS Provinsi Bengkulu (rata-rata pasar tradisional), bukan harga Bengkulu Tengah"
2025-03-13,PHP17,CMR02,39400,kg,BD-PIHPS,,,,,"PIHPS Provinsi Bengkulu (rata-rata pasar tradisional), bukan harga Bengkulu Tengah"
2025-03-13,PHP17,CRW01,56900,kg,BD-PIHPS,,,,,"PIHPS Provinsi Bengkulu (rata-rata pasar tradisional), bukan harga Bengkulu Tengah"
2025-03-13,PHP17,CRW02,52650,kg,BD-PIHPS,,,,,"PIHPS Provinsi Bengkulu (rata-rata pasar tradisional), bukan harga Bengkulu Tengah"
2025-03-13,PHP17,DAY01,32400,kg,BD-PIHPS,,,,,"PIHPS Provinsi Bengkulu (rata-rata pasar tradisional), bukan harga Bengkulu Tengah"
2025-03-13,PHP17,DSP01,135650,kg,BD-PIHPS,,,,,"PIHPS Provinsi Bengkulu (rata-rata pasar tradisional), bukan harga Bengkulu Tengah"
2025-03-13,PHP17,DSP02,135000,kg,BD-PIHPS,,,,,"PIHPS Provinsi Bengkulu (rata-rata pasar tradisional), bukan harga Bengkulu Tengah"
2025-03-13,PHP17,GLP01,18300,kg,BD-PIHPS,,,,,"PIHPS Provinsi Bengkulu (rata-rata pasar tradisional), bukan harga Bengkulu Tengah"
2025-03-13,PHP17,GLP02,19250,kg,BD-PIHPS,,,,,"PIHPS Provinsi Bengkulu (rata-rata pasar tradisional), bukan harga Bengkulu Tengah"
2025-03-13,PHP17,MGR01,18500,liter,BD-PIHPS,,,,,"PIHPS Provinsi Bengkulu (rata-rata pasar tradisional), bukan harga Bengkulu Tengah"
2025-03-13,PHP17,MGR02,21250,liter,BD-PIHPS,,,,,"PIHPS Provinsi Bengkulu (rata-rata pasar tradisional), bukan harga Bengkulu Tengah"
2025-03-13,PHP17,MGR03,20250,liter,BD-PIHPS,,,,,"PIHPS Provinsi Bengkulu (rata-rata pasar tradisional), bukan harga Bengkulu Tengah"
2025-03-13,PHP17,TLR01,28350,kg,BD-PIHPS,,,,,"PIHPS Provinsi Bengkulu (rata-rata pasar tradisional), bukan harga Bengkulu Tengah"
2025-03-14,PHP17,BRS01,14150,kg,BD-PIHPS,,,,,"PIHPS Provinsi Bengkulu (rata-rata pasar tradisional), bukan harga Bengkulu Tengah"
2025-03-14,PHP17,BRS02,15050,kg,BD-PIHPS,,,,,"PIHPS Provinsi Bengkulu (rata-rata pasar tradisional), bukan harga Bengkulu Tengah"
2025-03-14,PHP17,BRS03,15300,kg,BD-PIHPS,,,,,"PIHPS Provinsi Bengkulu (rata-rata pasar tradisional), bukan harga Bengkulu Tengah"
2025-03-14,PHP17,BRS04,15600,kg,BD-PIHPS,,,,,"PIHPS Provinsi Bengkulu (rata-rata pasar tradisional), bukan harga Bengkulu Tengah"
2025-03-14,PHP17,BRS05,15650,kg,BD-PIHPS,,,,,"PIHPS Provinsi Bengkulu (rata-rata pasar tradisional), bukan harga Bengkulu Tengah"
2025-03-14,PHP17,BRS06,15850,kg,BD-PIHPS,,,,,"PIHPS Provinsi Bengkulu (rata-rata pasar tradisional), bukan harga Bengkulu Tengah"
2025-03-14,PHP17,BWM01,45650,kg,BD-PIHPS,,,,,"PIHPS Provinsi Bengkulu (rata-rata pasar tradisional), bukan harga Bengkulu Tengah"
2025-03-14,PHP17,BWP01,46400,kg,BD-PIHPS,,,,,"PIHPS Provinsi Bengkulu (rata-rata pasar tradisional), bukan harga Bengkulu Tengah"
2025-03-14,PHP17,CMR01,32250,kg,BD-PIHPS,,,,,"PIHPS Provinsi Bengkulu (rata-rata pasar tradisional), bukan harga Bengkulu Tengah"
2025-03-14,PHP17,CMR02,36750,kg,BD-PIHPS,,,,,"PIHPS Provinsi Bengkulu (rata-rata pasar tradisional), bukan harga Bengkulu Tengah"
2025-03-14,PHP17,CRW01,51400,kg,BD-PIHPS,,,,,"PIHPS Provinsi Bengkulu (rata-rata pasar tradisional), bukan harga Bengkulu Tengah"
2025-03-14,PHP17,CRW02,49050,kg,BD-PIHPS,,,,,"PIHPS Provinsi Bengkulu (rata-rata pasar tradisional), bukan harga Bengkulu Tengah"
2025-03-14,PHP17,DAY01,31500,kg,BD-PIHPS,,,,,"PIHPS Provinsi Bengkulu (rata-rata pasar tradisional), bukan harga Bengkulu Tengah"
2025-03-14,PHP17,DSP01,135650,kg,BD-PIHPS,,,,,"PIHPS Provinsi Bengkulu (rata-rata pasar tradisional), bukan harga Bengkulu Tengah"
2025-03-14,PHP17,DSP02,135000,kg,BD-PIHPS,,,,,"PIHPS Provinsi Bengkulu (rata-rata pasar tradisional), bukan harga Bengkulu Tengah"
2025-03-14,PHP17,GLP01,18300,kg,BD-PIHPS,,,,,"PIHPS Provinsi Bengkulu (rata-rata pasar tradisional), bukan harga Bengkulu Tengah"
2025-03-14,PHP17,GLP02,19250,kg,BD-PIHPS,,,,,"PIHPS Provinsi Bengkulu (rata-rata pasar tradisional), bukan harga Bengkulu Tengah"
2025-03-14,PHP17,MGR01,18500,liter,BD-PIHPS,,,,,"PIHPS Provinsi Bengkulu (rata-rata pasar tradisional), bukan harga Bengkulu Tengah"
2025-03-14,PHP17,MGR02,21250,liter,BD-PIHPS,,,,,"PIHPS Provinsi Bengkulu (rata-rata pasar tradisional), bukan harga Bengkulu Tengah"
2025-03-14,PHP17,MGR03,20250,liter,BD-PIHPS,,,,,"PIHPS Provinsi Bengkulu (rata-rata pasar tradisional), bukan harga Bengkulu Tengah"
2025-03-14,PHP17,TLR01,28350,kg,BD-PIHPS,,,,,"PIHPS Provinsi Bengkulu (rata-rata pasar tradisional), bukan harga Bengkulu Tengah"
2025-03-17,PHP17,BRS01,14150,kg,BD-PIHPS,,,,,"PIHPS Provinsi Bengkulu (rata-rata pasar tradisional), bukan harga Bengkulu Tengah"
2025-03-17,PHP17,BRS02,15050,kg,BD-PIHPS,,,,,"PIHPS Provinsi Bengkulu (rata-rata pasar tradisional), bukan harga Bengkulu Tengah"
2025-03-17,PHP17,BRS03,15300,kg,BD-PIHPS,,,,,"PIHPS Provinsi Bengkulu (rata-rata pasar tradisional), bukan harga Bengkulu Tengah"
2025-03-17,PHP17,BRS04,15600,kg,BD-PIHPS,,,,,"PIHPS Provinsi Bengkulu (rata-rata pasar tradisional), bukan harga Bengkulu Tengah"
2025-03-17,PHP17,BRS05,15650,kg,BD-PIHPS,,,,,"PIHPS Provinsi Bengkulu (rata-rata pasar tradisional), bukan harga Bengkulu Tengah"
2025-03-17,PHP17,BRS06,15850,kg,BD-PIHPS,,,,,"PIHPS Provinsi Bengkulu (rata-rata pasar tradisional), bukan harga Bengkulu Tengah"
2025-03-17,PHP17,BWM01,45750,kg,BD-PIHPS,,,,,"PIHPS Provinsi Bengkulu (rata-rata pasar tradisional), bukan harga Bengkulu Tengah"
2025-03-17,PHP17,BWP01,46400,kg,BD-PIHPS,,,,,"PIHPS Provinsi Bengkulu (rata-rata pasar tradisional), bukan harga Bengkulu Tengah"
2025-03-17,PHP17,CMR01,36250,kg,BD-PIHPS,,,,,"PIHPS Provinsi Bengkulu (rata-rata pasar tradisional), bukan harga Bengkulu Tengah"
2025-03-17,PHP17,CMR02,40750,kg,BD-PIHPS,,,,,"PIHPS Provinsi Bengkulu (rata-rata pasar tradisional), bukan harga Bengkulu Tengah"
2025-03-17,PHP17,CRW01,54650,kg,BD-PIHPS,,,,,"PIHPS Provinsi Bengkulu (rata-rata pasar tradisional), bukan harga Bengkulu Tengah"
2025-03-17,PHP17,CRW02,51800,kg,BD-PIHPS,,,,,"PIHPS Provinsi Bengkulu (rata-rata pasar tradisional), bukan harga Bengkulu Tengah"
2025-03-17,PHP17,DAY01,31500,kg,BD-PIHPS,,,,,"PIHPS Provinsi Bengkulu (rata-rata pasar tradisional), bukan harga Bengkulu Tengah"
2025-03-17,PHP17,DSP01,135650,kg,BD-PIHPS,,,,,"PIHPS Provinsi Bengkulu (rata-rata pasar tradisional), bukan harga Bengkulu Tengah"
2025-03-17,PHP17,DSP02,135000,kg,BD-PIHPS,,,,,"PIHPS Provinsi Bengkulu (rata-rata pasar tradisional), bukan harga Bengkulu Tengah"
2025-03-17,PHP17,GLP01,18300,kg,BD-PIHPS,,,,,"PIHPS Provinsi Bengkulu (rata-rata pasar tradisional), bukan harga Bengkulu Tengah"
2025-03-17,PHP17,GLP02,19250,kg,BD-PIHPS,,,,,"PIHPS Provinsi Bengkulu (rata-rata pasar tradisional), bukan harga Bengkulu Tengah"
2025-03-17,PHP17,MGR01,18500,liter,BD-PIHPS,,,,,"PIHPS Provinsi Bengkulu (rata-rata pasar tradisional), bukan harga Bengkulu Tengah"
2025-03-17,PHP17,MGR02,21250,liter,BD-PIHPS,,,,,"PIHPS Provinsi Bengkulu (rata-rata pasar tradisional), bukan harga Bengkulu Tengah"
2025-03-17,PHP17,MGR03,20250,liter,BD-PIHPS,,,,,"PIHPS Provinsi Bengkulu (rata-rata pasar tradisional), bukan harga Bengkulu Tengah"
2025-03-17,PHP17,TLR01,28350,kg,BD-PIHPS,,,,,"PIHPS Provinsi Bengkulu (rata-rata pasar tradisional), bukan harga Bengkulu Tengah"
2025-03-18,PHP17,BRS01,14150,kg,BD-PIHPS,,,,,"PIHPS Provinsi Bengkulu (rata-rata pasar tradisional), bukan harga Bengkulu Tengah"
2025-03-18,PHP17,BRS02,15050,kg,BD-PIHPS,,,,,"PIHPS Provinsi Bengkulu (rata-rata pasar tradisional), bukan harga Bengkulu Tengah"
2025-03-18,PHP17,BRS03,15300,kg,BD-PIHPS,,,,,"PIHPS Provinsi Bengkulu (rata-rata pasar tradisional), bukan harga Bengkulu Tengah"
2025-03-18,PHP17,BRS04,15600,kg,BD-PIHPS,,,,,"PIHPS Provinsi Bengkulu (rata-rata pasar tradisional), bukan harga Bengkulu Tengah"
2025-03-18,PHP17,BRS05,15650,kg,BD-PIHPS,,,,,"PIHPS Provinsi Bengkulu (rata-rata pasar tradisional), bukan harga Bengkulu Tengah"
2025-03-18,PHP17,BRS06,15850,kg,BD-PIHPS,,,,,"PIHPS Provinsi Bengkulu (rata-rata pasar tradisional), bukan harga Bengkulu Tengah"
2025-03-18,PHP17,BWM01,45750,kg,BD-PIHPS,,,,,"PIHPS Provinsi Bengkulu (rata-rata pasar tradisional), bukan harga Bengkulu Tengah"
2025-03-18,PHP17,BWP01,46900,kg,BD-PIHPS,,,,,"PIHPS Provinsi Bengkulu (rata-rata pasar tradisional), bukan harga Bengkulu Tengah"
2025-03-18,PHP17,CMR01,39750,kg,BD-PIHPS,,,,,"PIHPS Provinsi Bengkulu (rata-rata pasar tradisional), bukan harga Bengkulu Tengah"
2025-03-18,PHP17,CMR02,44500,kg,BD-PIHPS,,,,,"PIHPS Provinsi Bengkulu (rata-rata pasar tradisional), bukan harga Bengkulu Tengah"
2025-03-18,PHP17,CRW01,58250,kg,BD-PIHPS,,,,,"PIHPS Provinsi Bengkulu (rata-rata pasar tradisional), bukan harga Bengkulu Tengah"
2025-03-18,PHP17,CRW02,54750,kg,BD-PIHPS,,,,,"PIHPS Provinsi Bengkulu (rata-rata pasar tradisional), bukan harga Bengkulu Tengah"
2025-03-18,PHP17,DAY01,31500,kg,BD-PIHPS,,,,,"PIHPS Provinsi Bengkulu (rata-rata pasar tradisional), bukan harga Bengkulu Tengah"
2025-03-18,PHP17,DSP01,135650,kg,BD-PIHPS,,,,,"PIHPS Provinsi Bengkulu (rata-rata pasar tradisional), bukan harga Bengkulu Tengah"
2025-03-18,PHP17,DSP02,135000,kg,BD-PIHPS,,,,,"PIHPS Provinsi Bengkulu (rata-rata pasar tradisional), bukan harga Bengkulu Tengah"
2025-03-18,PHP17,GLP01,18300,kg,BD-PIHPS,,,,,"PIHPS Provinsi Bengkulu (rata-rata pasar tradisional), bukan harga Bengkulu Tengah"
2025-03-18,PHP17,GLP02,19250,kg,BD-PIHPS,,,,,"PIHPS Provinsi Bengkulu (rata-rata pasar tradisional), bukan harga Bengkulu Tengah"
2025-03-18,PHP17,MGR01,18500,liter,BD-PIHPS,,,,,"PIHPS Provinsi Bengkulu (rata-rata pasar tradisional), bukan harga Bengkulu Tengah"
2025-03-18,PHP17,MGR02,21250,liter,BD-PIHPS,,,,,"PIHPS Provinsi Bengkulu (rata-rata pasar tradisional), bukan harga Bengkulu Tengah"
2025-03-18,PHP17,MGR03,20250,liter,BD-PIHPS,,,,,"PIHPS Provinsi Bengkulu (rata-rata pasar tradisional), bukan harga Bengkulu Tengah"
2025-03-18,PHP17,TLR01,28350,kg,BD-PIHPS,,,,,"PIHPS Provinsi Bengkulu (rata-rata pasar tradisional), bukan harga Bengkulu Tengah"
2025-03-19,PHP17,BRS01,14150,kg,BD-PIHPS,,,,,"PIHPS Provinsi Bengkulu (rata-rata pasar tradisional), bukan harga Bengkulu Tengah"
2025-03-19,PHP17,BRS02,15050,kg,BD-PIHPS,,,,,"PIHPS Provinsi Bengkulu (rata-rata pasar tradisional), bukan harga Bengkulu Tengah"
2025-03-19,PHP17,BRS03,15300,kg,BD-PIHPS,,,,,"PIHPS Provinsi Bengkulu (rata-rata pasar tradisional), bukan harga Bengkulu Tengah"
2025-03-19,PHP17,BRS04,15600,kg,BD-PIHPS,,,,,"PIHPS Provinsi Bengkulu (rata-rata pasar tradisional), bukan harga Bengkulu Tengah"
2025-03-19,PHP17,BRS05,15650,kg,BD-PIHPS,,,,,"PIHPS Provinsi Bengkulu (rata-rata pasar tradisional), bukan harga Bengkulu Tengah"
2025-03-19,PHP17,BRS06,15850,kg,BD-PIHPS,,,,,"PIHPS Provinsi Bengkulu (rata-rata pasar tradisional), bukan harga Bengkulu Tengah"
2025-03-19,PHP17,BWM01,44900,kg,BD-PIHPS,,,,,"PIHPS Provinsi Bengkulu (rata-rata pasar tradisional), bukan harga Bengkulu Tengah"
2025-03-19,PHP17,BWP01,46500,kg,BD-PIHPS,,,,,"PIHPS Provinsi Bengkulu (rata-rata pasar tradisional), bukan harga Bengkulu Tengah"
2025-03-19,PHP17,CMR01,39250,kg,BD-PIHPS,,,,,"PIHPS Provinsi Bengkulu (rata-rata pasar tradisional), bukan harga Bengkulu Tengah"
2025-03-19,PHP17,CMR02,42900,kg,BD-PIHPS,,,,,"PIHPS Provinsi Bengkulu (rata-rata pasar tradisional), bukan harga Bengkulu Tengah"
2025-03-19,PHP17,CRW01,56900,kg,BD-PIHPS,,,,,"PIHPS Provinsi Bengkulu (rata-rata pasar tradisional), bukan harga Bengkulu Tengah"
2025-03-19,PHP17,CRW02,55250,kg,BD-PIHPS,,,,,"PIHPS Provinsi Bengkulu (rata-rata pasar tradisional), bukan harga Bengkulu Tengah"
2025-03-19,PHP17,DAY01,30900,kg,BD-PIHPS,,,,,"PIHPS Provinsi Bengkulu (rata-rata pasar tradisional), bukan harga Bengkulu Tengah"
2025-03-19,PHP17,DSP01,135650,kg,BD-PIHPS,,,,,"PIHPS Provinsi Bengkulu (rata-rata pasar tradisional), bukan harga Bengkulu Tengah"
2025-03-19,PHP17,DSP02,135000,kg,BD-PIHPS,,,,,"PIHPS Provinsi Bengkulu (rata-rata pasar tradisional), bukan harga Bengkulu Tengah"
2025-03-19,PHP17,GLP01,18300,kg,BD-PIHPS,,,,,"PIHPS Provinsi Bengkulu (rata-rata pasar tradisional), bukan harga Bengkulu Tengah"
2025-03-19,PHP17,GLP02,19250,kg,BD-PIHPS,,,,,"PIHPS Provinsi Bengkulu (rata-rata pasar tradisional), bukan harga Bengkulu Tengah"
2025-03-19,PHP17,MGR01,18500,liter,BD-PIHPS,,,,,"PIHPS Provinsi Bengkulu (rata-rata pasar tradisional), bukan harga Bengkulu Tengah"
2025-03-19,PHP17,MGR02,21250,liter,BD-PIHPS,,,,,"PIHPS Provinsi Bengkulu (rata-rata pasar tradisional), bukan harga Bengkulu Tengah"
2025-03-19,PHP17,MGR03,20250,liter,BD-PIHPS,,,,,"PIHPS Provinsi Bengkulu (rata-rata pasar tradisional), bukan harga Bengkulu Tengah"
2025-03-19,PHP17,TLR01,28350,kg,BD-PIHPS,,,,,"PIHPS Provinsi Bengkulu (rata-rata pasar tradisional), bukan harga Bengkulu Tengah"
2025-03-20,PHP17,BRS01,14150,kg,BD-PIHPS,,,,,"PIHPS Provinsi Bengkulu (rata-rata pasar tradisional), bukan harga Bengkulu Tengah"
2025-03-20,PHP17,BRS02,15050,kg,BD-PIHPS,,,,,"PIHPS Provinsi Bengkulu (rata-rata pasar tradisional), bukan harga Bengkulu Tengah"
2025-03-20,PHP17,BRS03,15300,kg,BD-PIHPS,,,,,"PIHPS Provinsi Bengkulu (rata-rata pasar tradisional), bukan harga Bengkulu Tengah"
2025-03-20,PHP17,BRS04,15600,kg,BD-PIHPS,,,,,"PIHPS Provinsi Bengkulu (rata-rata pasar tradisional), bukan harga Bengkulu Tengah"
2025-03-20,PHP17,BRS05,15650,kg,BD-PIHPS,,,,,"PIHPS Provinsi Bengkulu (rata-rata pasar tradisional), bukan harga Bengkulu Tengah"
2025-03-20,PHP17,BRS06,15850,kg,BD-PIHPS,,,,,"PIHPS Provinsi Bengkulu (rata-rata pasar tradisional), bukan harga Bengkulu Tengah"
2025-03-20,PHP17,BWM01,44900,kg,BD-PIHPS,,,,,"PIHPS Provinsi Bengkulu (rata-rata pasar tradisional), bukan harga Bengkulu Tengah"
2025-03-20,PHP17,BWP01,46150,kg,BD-PIHPS,,,,,"PIHPS Provinsi Bengkulu (rata-rata pasar tradisional), bukan harga Bengkulu Tengah"
2025-03-20,PHP17,CMR01,37650,kg,BD-PIHPS,,,,,"PIHPS Provinsi Bengkulu (rata-rata pasar tradisional), bukan harga Bengkulu Tengah"
2025-03-20,PHP17,CMR02,41250,kg,BD-PIHPS,,,,,"PIHPS Provinsi Bengkulu (rata-rata pasar tradisional), bukan harga Bengkulu Tengah"
2025-03-20,PHP17,CRW01,56250,kg,BD-PIHPS,,,,,"PIHPS Provinsi Bengkulu (rata-rata pasar tradisional), bukan harga Bengkulu Tengah"
2025-03-20,PHP17,CRW02,55450,kg,BD-PIHPS,,,,,"PIHPS Provinsi Bengkulu (rata-rata pasar tradisional), bukan harga Bengkulu Tengah"
2025-03-20,PHP17,DAY01,30900,kg,BD-PIHPS,,,,,"PIHPS Provinsi Bengkulu (rata-rata pasar tradisional), bukan harga Bengkulu Tengah"
2025-03-20,PHP17,DSP01,135650,kg,BD-PIHPS,,,,,"PIHPS Provinsi Bengkulu (rata-rata pasar tradisional), bukan harga Bengkulu Tengah"
2025-03-20,PHP17,DSP02,135000,kg,BD-PIHPS,,,,,"PIHPS Provinsi Bengkulu (rata-rata pasar tradisional), bukan harga Bengkulu Tengah"
2025-03-20,PHP17,GLP01,18300,kg,BD-PIHPS,,,,,"PIHPS Provinsi Bengkulu (rata-rata pasar tradisional), bukan harga Bengkulu Tengah"
2025-03-20,PHP17,GLP02,19250,kg,BD-PIHPS,,,,,"PIHPS Provinsi Bengkulu (rata-rata pasar tradisional), bukan harga Bengkulu Tengah"
2025-03-20,PHP17,MGR01,18500,liter,BD-PIHPS,,,,,"PIHPS Provinsi Bengkulu (rata-rata pasar tradisional), bukan harga Bengkulu Tengah"
2025-03-20,PHP17,MGR02,21250,liter,BD-PIHPS,,,,,"PIHPS Provinsi Bengkulu (rata-rata pasar tradisional), bukan harga Bengkulu Tengah"
2025-03-20,PHP17,MGR03,20250,liter,BD-PIHPS,,,,,"PIHPS Provinsi Bengkulu (rata-rata pasar tradisional), bukan harga Bengkulu Tengah"
2025-03-20,PHP17,TLR01,28350,kg,BD-PIHPS,,,,,"PIHPS Provinsi Bengkulu (rata-rata pasar tradisional), bukan harga Bengkulu Tengah"
2025-03-21,PHP17,BRS01,14150,kg,BD-PIHPS,,,,,"PIHPS Provinsi Bengkulu (rata-rata pasar tradisional), bukan harga Bengkulu Tengah"
2025-03-21,PHP17,BRS02,15050,kg,BD-PIHPS,,,,,"PIHPS Provinsi Bengkulu (rata-rata pasar tradisional), bukan harga Bengkulu Tengah"
2025-03-21,PHP17,BRS03,15300,kg,BD-PIHPS,,,,,"PIHPS Provinsi Bengkulu (rata-rata pasar tradisional), bukan harga Bengkulu Tengah"
2025-03-21,PHP17,BRS04,15600,kg,BD-PIHPS,,,,,"PIHPS Provinsi Bengkulu (rata-rata pasar tradisional), bukan harga Bengkulu Tengah"
2025-03-21,PHP17,BRS05,15650,kg,BD-PIHPS,,,,,"PIHPS Provinsi Bengkulu (rata-rata pasar tradisional), bukan harga Bengkulu Tengah"
2025-03-21,PHP17,BRS06,15850,kg,BD-PIHPS,,,,,"PIHPS Provinsi Bengkulu (rata-rata pasar tradisional), bukan harga Bengkulu Tengah"
2025-03-21,PHP17,BWM01,45900,kg,BD-PIHPS,,,,,"PIHPS Provinsi Bengkulu (rata-rata pasar tradisional), bukan harga Bengkulu Tengah"
2025-03-21,PHP17,BWP01,46750,kg,BD-PIHPS,,,,,"PIHPS Provinsi Bengkulu (rata-rata pasar tradisional), bukan harga Bengkulu Tengah"
2025-03-21,PHP17,CMR01,34000,kg,BD-PIHPS,,,,,"PIHPS Provinsi Bengkulu (rata-rata pasar tradisional), bukan harga Bengkulu Tengah"
2025-03-21,PHP17,CMR02,38250,kg,BD-PIHPS,,,,,"PIHPS Provinsi Bengkulu (rata-rata pasar tradisional), bukan harga Bengkulu Tengah"
2025-03-21,PHP17,CRW01,53650,kg,BD-PIHPS,,,,,"PIHPS Provinsi Bengkulu (rata-rata pasar tradisional), bukan harga Bengkulu Tengah"
2025-03-21,PHP17,CRW02,55650,kg,BD-PIHPS,,,,,"PIHPS Provinsi Bengkulu (rata-rata pasar tradisional), bukan harga Bengkulu Tengah"
2025-03-21,PHP17,DAY01,32500,kg,BD-PIHPS,,,,,"PIHPS Provinsi Bengkulu (rata-rata pasar tradisional), bukan harga Bengkulu Tengah"
2025-03-21,PHP17,DSP01,135650,kg,BD-PIHPS,,,,,"PIHPS Provinsi Bengkulu (rata-rata pasar tradisional), bukan harga Bengkulu Tengah"
2025-03-21,PHP17,DSP02,135000,kg,BD-PIHPS,,,,,"PIHPS Provinsi Bengkulu (rata-rata pasar tradisional), bukan harga Bengkulu Tengah"
2025-03-21,PHP17,GLP01,18500,kg,BD-PIHPS,,,,,"PIHPS Provinsi Bengkulu (rata-rata pasar tradisional), bukan harga Bengkulu Tengah"
2025-03-21,PHP17,GLP02,19250,kg,BD-PIHPS,,,,,"PIHPS Provinsi Bengkulu (rata-rata pasar tradisional), bukan harga Bengkulu Tengah"
2025-03-21,PHP17,MGR01,18500,liter,BD-PIHPS,,,,,"PIHPS Provinsi Bengkulu (rata-rata pasar tradisional), bukan harga Bengkulu Tengah"
2025-03-21,PHP17,MGR02,21250,liter,BD-PIHPS,,,,,"PIHPS Provinsi Bengkulu (rata-rata pasar tradisional), bukan harga Bengkulu Tengah"
2025-03-21,PHP17,MGR03,20250,liter,BD-PIHPS,,,,,"PIHPS Provinsi Bengkulu (rata-rata pasar tradisional), bukan harga Bengkulu Tengah"
2025-03-21,PHP17,TLR01,28350,kg,BD-PIHPS,,,,,"PIHPS Provinsi Bengkulu (rata-rata pasar tradisional), bukan harga Bengkulu Tengah"
2025-03-24,PHP17,BRS01,14150,kg,BD-PIHPS,,,,,"PIHPS Provinsi Bengkulu (rata-rata pasar tradisional), bukan harga Bengkulu Tengah"
2025-03-24,PHP17,BRS02,15050,kg,BD-PIHPS,,,,,"PIHPS Provinsi Bengkulu (rata-rata pasar tradisional), bukan harga Bengkulu Tengah"
2025-03-24,PHP17,BRS03,15300,kg,BD-PIHPS,,,,,"PIHPS Provinsi Bengkulu (rata-rata pasar tradisional), bukan harga Bengkulu Tengah"
2025-03-24,PHP17,BRS04,15600,kg,BD-PIHPS,,,,,"PIHPS Provinsi Bengkulu (rata-rata pasar tradisional), bukan harga Bengkulu Tengah"
2025-03-24,PHP17,BRS05,15650,kg,BD-PIHPS,,,,,"PIHPS Provinsi Bengkulu (rata-rata pasar tradisional), bukan harga Bengkulu Tengah"
2025-03-24,PHP17,BRS06,15850,kg,BD-PIHPS,,,,,"PIHPS Provinsi Bengkulu (rata-rata pasar tradisional), bukan harga Bengkulu Tengah"
2025-03-24,PHP17,BWM01,46250,kg,BD-PIHPS,,,,,"PIHPS Provinsi Bengkulu (rata-rata pasar tradisional), bukan harga Bengkulu Tengah"
2025-03-24,PHP17,BWP01,46750,kg,BD-PIHPS,,,,,"PIHPS Provinsi Bengkulu (rata-rata pasar tradisional), bukan harga Bengkulu Tengah"
2025-03-24,PHP17,CMR01,34000,kg,BD-PIHPS,,,,,"PIHPS Provinsi Bengkulu (rata-rata pasar tradisional), bukan harga Bengkulu Tengah"
2025-03-24,PHP17,CMR02,38500,kg,BD-PIHPS,,,,,"PIHPS Provinsi Bengkulu (rata-rata pasar tradisional), bukan harga Bengkulu Tengah"
2025-03-24,PHP17,CRW01,54900,kg,BD-PIHPS,,,,,"PIHPS Provinsi Bengkulu (rata-rata pasar tradisional), bukan harga Bengkulu Tengah"
2025-03-24,PHP17,CRW02,55300,kg,BD-PIHPS,,,,,"PIHPS Provinsi Bengkulu (rata-rata pasar tradisional), bukan harga Bengkulu Tengah"
2025-03-24,PHP17,DAY01,31750,kg,BD-PIHPS,,,,,"PIHPS Provinsi Bengkulu (rata-rata pasar tradisional), bukan harga Bengkulu Tengah"
2025-03-24,PHP17,DSP01,135650,kg,BD-PIHPS,,,,,"PIHPS Provinsi Bengkulu (rata-rata pasar tradisional), bukan harga Bengkulu Tengah"
2025-03-24,PHP17,DSP02,135000,kg,BD-PIHPS,,,,,"PIHPS Provinsi Bengkulu (rata-rata pasar tradisional), bukan harga Bengkulu Tengah"
2025-03-24,PHP17,GLP01,18500,kg,BD-PIHPS,,,,,"PIHPS Provinsi Bengkulu (rata-rata pasar tradisional), bukan harga Bengkulu Tengah"
2025-03-24,PHP17,GLP02,19250,kg,BD-PIHPS,,,,,"PIHPS Provinsi Bengkulu (rata-rata pasar tradisional), bukan harga Bengkulu Tengah"
2025-03-24,PHP17,MGR01,18500,liter,BD-PIHPS,,,,,"PIHPS Provinsi Bengkulu (rata-rata pasar tradisional), bukan harga Bengkulu Tengah"
2025-03-24,PHP17,MGR02,21250,liter,BD-PIHPS,,,,,"PIHPS Provinsi Bengkulu (rata-rata pasar tradisional), bukan harga Bengkulu Tengah"
2025-03-24,PHP17,MGR03,20250,liter,BD-PIHPS,,,,,"PIHPS Provinsi Bengkulu (rata-rata pasar tradisional), bukan harga Bengkulu Tengah"
2025-03-24,PHP17,TLR01,28450,kg,BD-PIHPS,,,,,"PIHPS Provinsi Bengkulu (rata-rata pasar tradisional), bukan harga Bengkulu Tengah"
2025-03-25,PHP17,BRS01,14150,kg,BD-PIHPS,,,,,"PIHPS Provinsi Bengkulu (rata-rata pasar tradisional), bukan harga Bengkulu Tengah"
2025-03-25,PHP17,BRS02,15050,kg,BD-PIHPS,,,,,"PIHPS Provinsi Bengkulu (rata-rata pasar tradisional), bukan harga Bengkulu Tengah"
2025-03-25,PHP17,BRS03,15300,kg,BD-PIHPS,,,,,"PIHPS Provinsi Bengkulu (rata-rata pasar tradisional), bukan harga Bengkulu Tengah"
2025-03-25,PHP17,BRS04,15600,kg,BD-PIHPS,,,,,"PIHPS Provinsi Bengkulu (rata-rata pasar tradisional), bukan harga Bengkulu Tengah"
2025-03-25,PHP17,BRS05,15650,kg,BD-PIHPS,,,,,"PIHPS Provinsi Bengkulu (rata-rata pasar tradisional), bukan harga Bengkulu Tengah"
2025-03-25,PHP17,BRS06,15850,kg,BD-PIHPS,,,,,"PIHPS Provinsi Bengkulu (rata-rata pasar tradisional), bukan harga Bengkulu Tengah"
2025-03-25,PHP17,BWM01,45400,kg,BD-PIHPS,,,,,"PIHPS Provinsi Bengkulu (rata-rata pasar tradisional), bukan harga Bengkulu Tengah"
2025-03-25,PHP17,BWP01,46650,kg,BD-PIHPS,,,,,"PIHPS Provinsi Bengkulu (rata-rata pasar tradisional), bukan harga Bengkulu Tengah"
2025-03-25,PHP17,CMR01,33750,kg,BD-PIHPS,,,,,"PIHPS Provinsi Bengkulu (rata-rata pasar tradisional), bukan harga Bengkulu Tengah"
2025-03-25,PHP17,CMR02,34600,kg,BD-PIHPS,,,,,"PIHPS Provinsi Bengkulu (rata-rata pasar tradisional), bukan harga Bengkulu Tengah"
2025-03-25,PHP17,CRW01,55750,kg,BD-PIHPS,,,,,"PIHPS Provinsi Bengkulu (rata-rata pasar tradisional), bukan harga Bengkulu Tengah"
2025-03-25,PHP17,CRW02,47400,kg,BD-PIHPS,,,,,"PIHPS Provinsi Bengkulu (rata-rata pasar tradisional), bukan harga Bengkulu Tengah"
2025-03-25,PHP17,DAY01,31650,kg,BD-PIHPS,,,,,"PIHPS Provinsi Bengkulu (rata-rata pasar tradisional), bukan harga Bengkulu Tengah"
2025-03-25,PHP17,DSP01,135650,kg,BD-PIHPS,,,,,"PIHPS Provinsi Bengkulu (rata-rata pasar tradisional), bukan harga Bengkulu Tengah"
2025-03-25,PHP17,DSP02,135000,kg,BD-PIHPS,,,,,"PIHPS Provinsi Bengkulu (rata-rata pasar tradisional), bukan harga Bengkulu Tengah"
2025-03-25,PHP17,GLP01,18500,kg,BD-PIHPS,,,,,"PIHPS Provinsi Bengkulu (rata-rata pasar tradisional), bukan harga Bengkulu Tengah"
2025-03-25,PHP17,GLP02,19250,kg,BD-PIHPS,,,,,"PIHPS Provinsi Bengkulu (rata-rata pasar tradisional), bukan harga Bengkulu Tengah"
2025-03-25,PHP17,MGR01,18550,liter,BD-PIHPS,,,,,"PIHPS Provinsi Bengkulu (rata-rata pasar tradisional), bukan harga Bengkulu Tengah"
2025-03-25,PHP17,MGR02,21400,liter,BD-PIHPS,,,,,"PIHPS Provinsi Bengkulu (rata-rata pasar tradisional), bukan harga Bengkulu Tengah"
2025-03-25,PHP17,MGR03,20400,liter,BD-PIHPS,,,,,"PIHPS Provinsi Bengkulu (rata-rata pasar tradisional), bukan harga Bengkulu Tengah"
2025-03-25,PHP17,TLR01,28450,kg,BD-PIHPS,,,,,"PIHPS Provinsi Bengkulu (rata-rata pasar tradisional), bukan harga Bengkulu Tengah"
2025-03-26,PHP17,BRS01,14150,kg,BD-PIHPS,,,,,"PIHPS Provinsi Bengkulu (rata-rata pasar tradisional), bukan harga Bengkulu Tengah"
2025-03-26,PHP17,BRS02,15050,kg,BD-PIHPS,,,,,"PIHPS Provinsi Bengkulu (rata-rata pasar tradisional), bukan harga Bengkulu Tengah"
2025-03-26,PHP17,BRS03,15300,kg,BD-PIHPS,,,,,"PIHPS Provinsi Bengkulu (rata-rata pasar tradisional), bukan harga Bengkulu Tengah"
2025-03-26,PHP17,BRS04,15600,kg,BD-PIHPS,,,,,"PIHPS Provinsi Bengkulu (rata-rata pasar tradisional), bukan harga Bengkulu Tengah"
2025-03-26,PHP17,BRS05,15650,kg,BD-PIHPS,,,,,"PIHPS Provinsi Bengkulu (rata-rata pasar tradisional), bukan harga Bengkulu Tengah"
2025-03-26,PHP17,BRS06,15850,kg,BD-PIHPS,,,,,"PIHPS Provinsi Bengkulu (rata-rata pasar tradisional), bukan harga Bengkulu Tengah"
2025-03-26,PHP17,BWM01,45150,kg,BD-PIHPS,,,,,"PIHPS Provinsi Bengkulu (rata-rata pasar tradisional), bukan harga Bengkulu Tengah"
2025-03-26,PHP17,BWP01,46250,kg,BD-PIHPS,,,,,"PIHPS Provinsi Bengkulu (rata-rata pasar tradisional), bukan harga Bengkulu Tengah"
2025-03-26,PHP17,CMR01,37150,kg,BD-PIHPS,,,,,"PIHPS Provinsi Bengkulu (rata-rata pasar tradisional), bukan harga Bengkulu Tengah"
2025-03-26,PHP17,CMR02,41650,kg,BD-PIHPS,,,,,"PIHPS Provinsi Bengkulu (rata-rata pasar tradisional), bukan harga Bengkulu Tengah"
2025-03-26,PHP17,CRW01,58150,kg,BD-PIHPS,,,,,"PIHPS Provinsi Bengkulu (rata-rata pasar tradisional), bukan harga Bengkulu Tengah"
2025-03-26,PHP17,CRW02,55450,kg,BD-PIHPS,,,,,"PIHPS Provinsi Bengkulu (rata-rata pasar tradisional), bukan harga Bengkulu Tengah"
2025-03-26,PHP17,DAY01,32650,kg,BD-PIHPS,,,,,"PIHPS Provinsi Bengkulu (rata-rata pasar tradisional), bukan harga Bengkulu Tengah"
2025-03-26,PHP17,DSP01,135650,kg,BD-PIHPS,,,,,"PIHPS Provinsi Bengkulu (rata-rata pasar tradisional), bukan harga Bengkulu Tengah"
2025-03-26,PHP17,DSP02,135000,kg,BD-PIHPS,,,,,"PIHPS Provinsi Bengkulu (rata-rata pasar tradisional), bukan harga Bengkulu Tengah"
2025-03-26,PHP17,GLP01,18500,kg,BD-PIHPS,,,,,"PIHPS Provinsi Bengkulu (rata-rata pasar tradisional), bukan harga Bengkulu Tengah"
2025-03-26,PHP17,GLP02,19250,kg,BD-PIHPS,,,,,"PIHPS Provinsi Bengkulu (rata-rata pasar tradisional), bukan harga Bengkulu Tengah"
2025-03-26,PHP17,MGR01,18550,liter,BD-PIHPS,,,,,"PIHPS Provinsi Bengkulu (rata-rata pasar tradisional), bukan harga Bengkulu Tengah"
2025-03-26,PHP17,MGR02,21400,liter,BD-PIHPS,,,,,"PIHPS Provinsi Bengkulu (rata-rata pasar tradisional), bukan harga Bengkulu Tengah"
2025-03-26,PHP17,MGR03,20400,liter,BD-PIHPS,,,,,"PIHPS Provinsi Bengkulu (rata-rata pasar tradisional), bukan harga Bengkulu Tengah"
2025-03-26,PHP17,TLR01,28450,kg,BD-PIHPS,,,,,"PIHPS Provinsi Bengkulu (rata-rata pasar tradisional), bukan harga Bengkulu Tengah"
2025-03-27,PHP17,BRS01,14150,kg,BD-PIHPS,,,,,"PIHPS Provinsi Bengkulu (rata-rata pasar tradisional), bukan harga Bengkulu Tengah"
2025-03-27,PHP17,BRS02,15150,kg,BD-PIHPS,,,,,"PIHPS Provinsi Bengkulu (rata-rata pasar tradisional), bukan harga Bengkulu Tengah"
2025-03-27,PHP17,BRS03,15300,kg,BD-PIHPS,,,,,"PIHPS Provinsi Bengkulu (rata-rata pasar tradisional), bukan harga Bengkulu Tengah"
2025-03-27,PHP17,BRS04,15750,kg,BD-PIHPS,,,,,"PIHPS Provinsi Bengkulu (rata-rata pasar tradisional), bukan harga Bengkulu Tengah"
2025-03-27,PHP17,BRS05,15650,kg,BD-PIHPS,,,,,"PIHPS Provinsi Bengkulu (rata-rata pasar tradisional), bukan harga Bengkulu Tengah"
2025-03-27,PHP17,BRS06,15950,kg,BD-PIHPS,,,,,"PIHPS Provinsi Bengkulu (rata-rata pasar tradisional), bukan harga Bengkulu Tengah"
2025-03-27,PHP17,BWM01,44900,kg,BD-PIHPS,,,,,"PIHPS Provinsi Bengkulu (rata-rata pasar tradisional), bukan harga Bengkulu Tengah"
2025-03-27,PHP17,BWP01,45750,kg,BD-PIHPS,,,,,"PIHPS Provinsi Bengkulu (rata-rata pasar tradisional), bukan harga Bengkulu Tengah"
2025-03-27,PHP17,CMR01,42250,kg,BD-PIHPS,,,,,"PIHPS Provinsi Bengkulu (rata-rata pasar tradisional), bukan harga Bengkulu Tengah"
2025-03-27,PHP17,CMR02,47250,kg,BD-PIHPS,,,,,"PIHPS Provinsi Bengkulu (rata-rata pasar tradisional), bukan harga Bengkulu Tengah"
2025-03-27,PHP17,CRW01,60000,kg,BD-PIHPS,,,,,"PIHPS Provinsi Bengkulu (rata-rata pasar tradisional), bukan harga Bengkulu Tengah"
2025-03-27,PHP17,CRW02,56050,kg,BD-PIHPS,,,,,"PIHPS Provinsi Bengkulu (rata-rata pasar tradisional), bukan harga Bengkulu Tengah"
2025-03-27,PHP17,DAY01,32650,kg,BD-PIHPS,,,,,"PIHPS Provinsi Bengkulu (rata-rata pasar tradisional), bukan harga Bengkulu Tengah"
2025-03-27,PHP17,DSP01,135650,kg,BD-PIHPS,,,,,"PIHPS Provinsi Bengkulu (rata-rata pasar tradisional), bukan harga Bengkulu Tengah"
2025-03-27,PHP17,DSP02,135000,kg,BD-PIHPS,,,,,"PIHPS Provinsi Bengkulu (rata-rata pasar tradisional), bukan harga Bengkulu Tengah"
2025-03-27,PHP17,GLP01,18500,kg,BD-PIHPS,,,,,"PIHPS Provinsi Bengkulu (rata-rata pasar tradisional), bukan harga Bengkulu Tengah"
2025-03-27,PHP17,GLP02,19250,kg,BD-PIHPS,,,,,"PIHPS Provinsi Bengkulu (rata-rata pasar tradisional), bukan harga Bengkulu Tengah"
2025-03-27,PHP17,MGR01,18550,liter,BD-PIHPS,,,,,"PIHPS Provinsi Bengkulu (rata-rata pasar tradisional), bukan harga Bengkulu Tengah"
2025-03-27,PHP17,MGR02,21400,liter,BD-PIHPS,,,,,"PIHPS Provinsi Bengkulu (rata-rata pasar tradisional), bukan harga Bengkulu Tengah"
2025-03-27,PHP17,MGR03,20400,liter,BD-PIHPS,,,,,"PIHPS Provinsi Bengkulu (rata-rata pasar tradisional), bukan harga Bengkulu Tengah"
2025-03-27,PHP17,TLR01,28450,kg,BD-PIHPS,,,,,"PIHPS Provinsi Bengkulu (rata-rata pasar tradisional), bukan harga Bengkulu Tengah"
2025-03-28,PHP17,BRS01,14150,kg,BD-PIHPS,,,,,"PIHPS Provinsi Bengkulu (rata-rata pasar tradisional), bukan harga Bengkulu Tengah"
2025-03-28,PHP17,BRS02,15150,kg,BD-PIHPS,,,,,"PIHPS Provinsi Bengkulu (rata-rata pasar tradisional), bukan harga Bengkulu Tengah"
2025-03-28,PHP17,BRS03,15300,kg,BD-PIHPS,,,,,"PIHPS Provinsi Bengkulu (rata-rata pasar tradisional), bukan harga Bengkulu Tengah"
2025-03-28,PHP17,BRS04,15750,kg,BD-PIHPS,,,,,"PIHPS Provinsi Bengkulu (rata-rata pasar tradisional), bukan harga Bengkulu Tengah"
2025-03-28,PHP17,BRS05,15650,kg,BD-PIHPS,,,,,"PIHPS Provinsi Bengkulu (rata-rata pasar tradisional), bukan harga Bengkulu Tengah"
2025-03-28,PHP17,BRS06,15950,kg,BD-PIHPS,,,,,"PIHPS Provinsi Bengkulu (rata-rata pasar tradisional), bukan harga Bengkulu Tengah"
2025-03-28,PHP17,BWM01,44900,kg,BD-PIHPS,,,,,"PIHPS Provinsi Bengkulu (rata-rata pasar tradisional), bukan harga Bengkulu Tengah"
2025-03-28,PHP17,BWP01,45750,kg,BD-PIHPS,,,,,"PIHPS Provinsi Bengkulu (rata-rata pasar tradisional), bukan harga Bengkulu Tengah"
2025-03-28,PHP17,CMR01,42250,kg,BD-PIHPS,,,,,"PIHPS Provinsi Bengkulu (rata-rata pasar tradisional), bukan harga Bengkulu Tengah"
2025-03-28,PHP17,CMR02,47250,kg,BD-PIHPS,,,,,"PIHPS Provinsi Bengkulu (rata-rata pasar tradisional), bukan harga Bengkulu Tengah"
2025-03-28,PHP17,CRW01,60000,kg,BD-PIHPS,,,,,"PIHPS Provinsi Bengkulu (rata-rata pasar tradisional), bukan harga Bengkulu Tengah"
2025-03-28,PHP17,CRW02,56050,kg,BD-PIHPS,,,,,"PIHPS Provinsi Bengkulu (rata-rata pasar tradisional), bukan harga Bengkulu Tengah"
2025-03-28,PHP17,DAY01,32650,kg,BD-PIHPS,,,,,"PIHPS Provinsi Bengkulu (rata-rata pasar tradisional), bukan harga Bengkulu Tengah"
2025-03-28,PHP17,DSP01,135650,kg,BD-PIHPS,,,,,"PIHPS Provinsi Bengkulu (rata-rata pasar tradisional), bukan harga Bengkulu Tengah"
2025-03-28,PHP17,DSP02,135000,kg,BD-PIHPS,,,,,"PIHPS Provinsi Bengkulu (rata-rata pasar tradisional), bukan harga Bengkulu Tengah"
2025-03-28,PHP17,GLP01,18500,kg,BD-PIHPS,,,,,"PIHPS Provinsi Bengkulu (rata-rata pasar tradisional), bukan harga Bengkulu Tengah"
2025-03-28,PHP17,GLP02,19250,kg,BD-PIHPS,,,,,"PIHPS Provinsi Bengkulu (rata-rata pasar tradisional), bukan harga Bengkulu Tengah"
2025-03-28,PHP17,MGR01,18550,liter,BD-PIHPS,,,,,"PIHPS Provinsi Bengkulu (rata-rata pasar tradisional), bukan harga Bengkulu Tengah"
2025-03-28,PHP17,MGR02,21400,liter,BD-PIHPS,,,,,"PIHPS Provinsi Bengkulu (rata-rata pasar tradisional), bukan harga Bengkulu Tengah"
2025-03-28,PHP17,MGR03,20400,liter,BD-PIHPS,,,,,"PIHPS Provinsi Bengkulu (rata-rata pasar tradisional), bukan harga Bengkulu Tengah"
2025-03-28,PHP17,TLR01,28450,kg,BD-PIHPS,,,,,"PIHPS Provinsi Bengkulu (rata-rata pasar tradisional), bukan harga Bengkulu Tengah"
2025-03-31,PHP17,BRS01,14150,kg,BD-PIHPS,,,,,"PIHPS Provinsi Bengkulu (rata-rata pasar tradisional), bukan harga Bengkulu Tengah"
2025-03-31,PHP17,BRS02,15150,kg,BD-PIHPS,,,,,"PIHPS Provinsi Bengkulu (rata-rata pasar tradisional), bukan harga Bengkulu Tengah"
2025-03-31,PHP17,BRS03,15300,kg,BD-PIHPS,,,,,"PIHPS Provinsi Bengkulu (rata-rata pasar tradisional), bukan harga Bengkulu Tengah"
2025-03-31,PHP17,BRS04,15750,kg,BD-PIHPS,,,,,"PIHPS Provinsi Bengkulu (rata-rata pasar tradisional), bukan harga Bengkulu Tengah"
2025-03-31,PHP17,BRS05,15650,kg,BD-PIHPS,,,,,"PIHPS Provinsi Bengkulu (rata-rata pasar tradisional), bukan harga Bengkulu Tengah"
2025-03-31,PHP17,BRS06,15950,kg,BD-PIHPS,,,,,"PIHPS Provinsi Bengkulu (rata-rata pasar tradisional), bukan harga Bengkulu Tengah"
2025-03-31,PHP17,BWM01,44900,kg,BD-PIHPS,,,,,"PIHPS Provinsi Bengkulu (rata-rata pasar tradisional), bukan harga Bengkulu Tengah"
2025-03-31,PHP17,BWP01,45750,kg,BD-PIHPS,,,,,"PIHPS Provinsi Bengkulu (rata-rata pasar tradisional), bukan harga Bengkulu Tengah"
2025-03-31,PHP17,CMR01,42250,kg,BD-PIHPS,,,,,"PIHPS Provinsi Bengkulu (rata-rata pasar tradisional), bukan harga Bengkulu Tengah"
2025-03-31,PHP17,CMR02,47250,kg,BD-PIHPS,,,,,"PIHPS Provinsi Bengkulu (rata-rata pasar tradisional), bukan harga Bengkulu Tengah"
2025-03-31,PHP17,CRW01,60000,kg,BD-PIHPS,,,,,"PIHPS Provinsi Bengkulu (rata-rata pasar tradisional), bukan harga Bengkulu Tengah"
2025-03-31,PHP17,CRW02,56050,kg,BD-PIHPS,,,,,"PIHPS Provinsi Bengkulu (rata-rata pasar tradisional), bukan harga Bengkulu Tengah"
2025-03-31,PHP17,DAY01,32650,kg,BD-PIHPS,,,,,"PIHPS Provinsi Bengkulu (rata-rata pasar tradisional), bukan harga Bengkulu Tengah"
2025-03-31,PHP17,DSP01,135650,kg,BD-PIHPS,,,,,"PIHPS Provinsi Bengkulu (rata-rata pasar tradisional), bukan harga Bengkulu Tengah"
2025-03-31,PHP17,DSP02,135000,kg,BD-PIHPS,,,,,"PIHPS Provinsi Bengkulu (rata-rata pasar tradisional), bukan harga Bengkulu Tengah"
2025-03-31,PHP17,GLP01,18500,kg,BD-PIHPS,,,,,"PIHPS Provinsi Bengkulu (rata-rata pasar tradisional), bukan harga Bengkulu Tengah"
2025-03-31,PHP17,GLP02,19250,kg,BD-PIHPS,,,,,"PIHPS Provinsi Bengkulu (rata-rata pasar tradisional), bukan harga Bengkulu Tengah"
2025-03-31,PHP17,MGR01,18550,liter,BD-PIHPS,,,,,"PIHPS Provinsi Bengkulu (rata-rata pasar tradisional), bukan harga Bengkulu Tengah"
2025-03-31,PHP17,MGR02,21400,liter,BD-PIHPS,,,,,"PIHPS Provinsi Bengkulu (rata-rata pasar tradisional), bukan harga Bengkulu Tengah"
2025-03-31,PHP17,MGR03,20400,liter,BD-PIHPS,,,,,"PIHPS Provinsi Bengkulu (rata-rata pasar tradisional), bukan harga Bengkulu Tengah"
2025-03-31,PHP17,TLR01,28450,kg,BD-PIHPS,,,,,"PIHPS Provinsi Bengkulu (rata-rata pasar tradisional), bukan harga Bengkulu Tengah"
2025-04-01,PHP17,BRS01,14150,kg,BD-PIHPS,,,,,"PIHPS Provinsi Bengkulu (rata-rata pasar tradisional), bukan harga Bengkulu Tengah"
2025-04-01,PHP17,BRS02,15150,kg,BD-PIHPS,,,,,"PIHPS Provinsi Bengkulu (rata-rata pasar tradisional), bukan harga Bengkulu Tengah"
2025-04-01,PHP17,BRS03,15300,kg,BD-PIHPS,,,,,"PIHPS Provinsi Bengkulu (rata-rata pasar tradisional), bukan harga Bengkulu Tengah"
2025-04-01,PHP17,BRS04,15750,kg,BD-PIHPS,,,,,"PIHPS Provinsi Bengkulu (rata-rata pasar tradisional), bukan harga Bengkulu Tengah"
2025-04-01,PHP17,BRS05,15650,kg,BD-PIHPS,,,,,"PIHPS Provinsi Bengkulu (rata-rata pasar tradisional), bukan harga Bengkulu Tengah"
2025-04-01,PHP17,BRS06,15950,kg,BD-PIHPS,,,,,"PIHPS Provinsi Bengkulu (rata-rata pasar tradisional), bukan harga Bengkulu Tengah"
2025-04-01,PHP17,BWM01,44900,kg,BD-PIHPS,,,,,"PIHPS Provinsi Bengkulu (rata-rata pasar tradisional), bukan harga Bengkulu Tengah"
2025-04-01,PHP17,BWP01,45750,kg,BD-PIHPS,,,,,"PIHPS Provinsi Bengkulu (rata-rata pasar tradisional), bukan harga Bengkulu Tengah"
2025-04-01,PHP17,CMR01,42250,kg,BD-PIHPS,,,,,"PIHPS Provinsi Bengkulu (rata-rata pasar tradisional), bukan harga Bengkulu Tengah"
2025-04-01,PHP17,CMR02,47250,kg,BD-PIHPS,,,,,"PIHPS Provinsi Bengkulu (rata-rata pasar tradisional), bukan harga Bengkulu Tengah"
2025-04-01,PHP17,CRW01,60000,kg,BD-PIHPS,,,,,"PIHPS Provinsi Bengkulu (rata-rata pasar tradisional), bukan harga Bengkulu Tengah"
2025-04-01,PHP17,CRW02,56050,kg,BD-PIHPS,,,,,"PIHPS Provinsi Bengkulu (rata-rata pasar tradisional), bukan harga Bengkulu Tengah"
2025-04-01,PHP17,DAY01,32650,kg,BD-PIHPS,,,,,"PIHPS Provinsi Bengkulu (rata-rata pasar tradisional), bukan harga Bengkulu Tengah"
2025-04-01,PHP17,DSP01,135650,kg,BD-PIHPS,,,,,"PIHPS Provinsi Bengkulu (rata-rata pasar tradisional), bukan harga Bengkulu Tengah"
2025-04-01,PHP17,DSP02,135000,kg,BD-PIHPS,,,,,"PIHPS Provinsi Bengkulu (rata-rata pasar tradisional), bukan harga Bengkulu Tengah"
2025-04-01,PHP17,GLP01,18500,kg,BD-PIHPS,,,,,"PIHPS Provinsi Bengkulu (rata-rata pasar tradisional), bukan harga Bengkulu Tengah"
2025-04-01,PHP17,GLP02,19250,kg,BD-PIHPS,,,,,"PIHPS Provinsi Bengkulu (rata-rata pasar tradisional), bukan harga Bengkulu Tengah"
2025-04-01,PHP17,MGR01,18550,liter,BD-PIHPS,,,,,"PIHPS Provinsi Bengkulu (rata-rata pasar tradisional), bukan harga Bengkulu Tengah"
2025-04-01,PHP17,MGR02,21400,liter,BD-PIHPS,,,,,"PIHPS Provinsi Bengkulu (rata-rata pasar tradisional), bukan harga Bengkulu Tengah"
2025-04-01,PHP17,MGR03,20400,liter,BD-PIHPS,,,,,"PIHPS Provinsi Bengkulu (rata-rata pasar tradisional), bukan harga Bengkulu Tengah"
2025-04-01,PHP17,TLR01,28450,kg,BD-PIHPS,,,,,"PIHPS Provinsi Bengkulu (rata-rata pasar tradisional), bukan harga Bengkulu Tengah"
2025-04-02,PHP17,BRS01,14150,kg,BD-PIHPS,,,,,"PIHPS Provinsi Bengkulu (rata-rata pasar tradisional), bukan harga Bengkulu Tengah"
2025-04-02,PHP17,BRS02,15150,kg,BD-PIHPS,,,,,"PIHPS Provinsi Bengkulu (rata-rata pasar tradisional), bukan harga Bengkulu Tengah"
2025-04-02,PHP17,BRS03,15300,kg,BD-PIHPS,,,,,"PIHPS Provinsi Bengkulu (rata-rata pasar tradisional), bukan harga Bengkulu Tengah"
2025-04-02,PHP17,BRS04,15750,kg,BD-PIHPS,,,,,"PIHPS Provinsi Bengkulu (rata-rata pasar tradisional), bukan harga Bengkulu Tengah"
2025-04-02,PHP17,BRS05,15650,kg,BD-PIHPS,,,,,"PIHPS Provinsi Bengkulu (rata-rata pasar tradisional), bukan harga Bengkulu Tengah"
2025-04-02,PHP17,BRS06,15950,kg,BD-PIHPS,,,,,"PIHPS Provinsi Bengkulu (rata-rata pasar tradisional), bukan harga Bengkulu Tengah"
2025-04-02,PHP17,BWM01,44900,kg,BD-PIHPS,,,,,"PIHPS Provinsi Bengkulu (rata-rata pasar tradisional), bukan harga Bengkulu Tengah"
2025-04-02,PHP17,BWP01,45750,kg,BD-PIHPS,,,,,"PIHPS Provinsi Bengkulu (rata-rata pasar tradisional), bukan harga Bengkulu Tengah"
2025-04-02,PHP17,CMR01,42250,kg,BD-PIHPS,,,,,"PIHPS Provinsi Bengkulu (rata-rata pasar tradisional), bukan harga Bengkulu Tengah"
2025-04-02,PHP17,CMR02,47250,kg,BD-PIHPS,,,,,"PIHPS Provinsi Bengkulu (rata-rata pasar tradisional), bukan harga Bengkulu Tengah"
2025-04-02,PHP17,CRW01,60000,kg,BD-PIHPS,,,,,"PIHPS Provinsi Bengkulu (rata-rata pasar tradisional), bukan harga Bengkulu Tengah"
2025-04-02,PHP17,CRW02,56050,kg,BD-PIHPS,,,,,"PIHPS Provinsi Bengkulu (rata-rata pasar tradisional), bukan harga Bengkulu Tengah"
2025-04-02,PHP17,DAY01,32650,kg,BD-PIHPS,,,,,"PIHPS Provinsi Bengkulu (rata-rata pasar tradisional), bukan harga Bengkulu Tengah"
2025-04-02,PHP17,DSP01,135650,kg,BD-PIHPS,,,,,"PIHPS Provinsi Bengkulu (rata-rata pasar tradisional), bukan harga Bengkulu Tengah"
2025-04-02,PHP17,DSP02,135000,kg,BD-PIHPS,,,,,"PIHPS Provinsi Bengkulu (rata-rata pasar tradisional), bukan harga Bengkulu Tengah"
2025-04-02,PHP17,GLP01,18500,kg,BD-PIHPS,,,,,"PIHPS Provinsi Bengkulu (rata-rata pasar tradisional), bukan harga Bengkulu Tengah"
2025-04-02,PHP17,GLP02,19250,kg,BD-PIHPS,,,,,"PIHPS Provinsi Bengkulu (rata-rata pasar tradisional), bukan harga Bengkulu Tengah"
2025-04-02,PHP17,MGR01,18550,liter,BD-PIHPS,,,,,"PIHPS Provinsi Bengkulu (rata-rata pasar tradisional), bukan harga Bengkulu Tengah"
2025-04-02,PHP17,MGR02,21400,liter,BD-PIHPS,,,,,"PIHPS Provinsi Bengkulu (rata-rata pasar tradisional), bukan harga Bengkulu Tengah"
2025-04-02,PHP17,MGR03,20400,liter,BD-PIHPS,,,,,"PIHPS Provinsi Bengkulu (rata-rata pasar tradisional), bukan harga Bengkulu Tengah"
2025-04-02,PHP17,TLR01,28450,kg,BD-PIHPS,,,,,"PIHPS Provinsi Bengkulu (rata-rata pasar tradisional), bukan harga Bengkulu Tengah"
2025-04-03,PHP17,BRS01,14150,kg,BD-PIHPS,,,,,"PIHPS Provinsi Bengkulu (rata-rata pasar tradisional), bukan harga Bengkulu Tengah"
2025-04-03,PHP17,BRS02,15150,kg,BD-PIHPS,,,,,"PIHPS Provinsi Bengkulu (rata-rata pasar tradisional), bukan harga Bengkulu Tengah"
2025-04-03,PHP17,BRS03,15300,kg,BD-PIHPS,,,,,"PIHPS Provinsi Bengkulu (rata-rata pasar tradisional), bukan harga Bengkulu Tengah"
2025-04-03,PHP17,BRS04,15750,kg,BD-PIHPS,,,,,"PIHPS Provinsi Bengkulu (rata-rata pasar tradisional), bukan harga Bengkulu Tengah"
2025-04-03,PHP17,BRS05,15650,kg,BD-PIHPS,,,,,"PIHPS Provinsi Bengkulu (rata-rata pasar tradisional), bukan harga Bengkulu Tengah"
2025-04-03,PHP17,BRS06,15950,kg,BD-PIHPS,,,,,"PIHPS Provinsi Bengkulu (rata-rata pasar tradisional), bukan harga Bengkulu Tengah"
2025-04-03,PHP17,BWM01,44900,kg,BD-PIHPS,,,,,"PIHPS Provinsi Bengkulu (rata-rata pasar tradisional), bukan harga Bengkulu Tengah"
2025-04-03,PHP17,BWP01,45750,kg,BD-PIHPS,,,,,"PIHPS Provinsi Bengkulu (rata-rata pasar tradisional), bukan harga Bengkulu Tengah"
2025-04-03,PHP17,CMR01,42250,kg,BD-PIHPS,,,,,"PIHPS Provinsi Bengkulu (rata-rata pasar tradisional), bukan harga Bengkulu Tengah"
2025-04-03,PHP17,CMR02,47250,kg,BD-PIHPS,,,,,"PIHPS Provinsi Bengkulu (rata-rata pasar tradisional), bukan harga Bengkulu Tengah"
2025-04-03,PHP17,CRW01,60000,kg,BD-PIHPS,,,,,"PIHPS Provinsi Bengkulu (rata-rata pasar tradisional), bukan harga Bengkulu Tengah"
2025-04-03,PHP17,CRW02,56050,kg,BD-PIHPS,,,,,"PIHPS Provinsi Bengkulu (rata-rata pasar tradisional), bukan harga Bengkulu Tengah"
2025-04-03,PHP17,DAY01,32650,kg,BD-PIHPS,,,,,"PIHPS Provinsi Bengkulu (rata-rata pasar tradisional), bukan harga Bengkulu Tengah"
2025-04-03,PHP17,DSP01,135650,kg,BD-PIHPS,,,,,"PIHPS Provinsi Bengkulu (rata-rata pasar tradisional), bukan harga Bengkulu Tengah"
2025-04-03,PHP17,DSP02,135000,kg,BD-PIHPS,,,,,"PIHPS Provinsi Bengkulu (rata-rata pasar tradisional), bukan harga Bengkulu Tengah"
2025-04-03,PHP17,GLP01,18500,kg,BD-PIHPS,,,,,"PIHPS Provinsi Bengkulu (rata-rata pasar tradisional), bukan harga Bengkulu Tengah"
2025-04-03,PHP17,GLP02,19250,kg,BD-PIHPS,,,,,"PIHPS Provinsi Bengkulu (rata-rata pasar tradisional), bukan harga Bengkulu Tengah"
2025-04-03,PHP17,MGR01,18550,liter,BD-PIHPS,,,,,"PIHPS Provinsi Bengkulu (rata-rata pasar tradisional), bukan harga Bengkulu Tengah"
2025-04-03,PHP17,MGR02,21400,liter,BD-PIHPS,,,,,"PIHPS Provinsi Bengkulu (rata-rata pasar tradisional), bukan harga Bengkulu Tengah"
2025-04-03,PHP17,MGR03,20400,liter,BD-PIHPS,,,,,"PIHPS Provinsi Bengkulu (rata-rata pasar tradisional), bukan harga Bengkulu Tengah"
2025-04-03,PHP17,TLR01,28450,kg,BD-PIHPS,,,,,"PIHPS Provinsi Bengkulu (rata-rata pasar tradisional), bukan harga Bengkulu Tengah"
2025-04-04,PHP17,BRS01,14150,kg,BD-PIHPS,,,,,"PIHPS Provinsi Bengkulu (rata-rata pasar tradisional), bukan harga Bengkulu Tengah"
2025-04-04,PHP17,BRS02,15150,kg,BD-PIHPS,,,,,"PIHPS Provinsi Bengkulu (rata-rata pasar tradisional), bukan harga Bengkulu Tengah"
2025-04-04,PHP17,BRS03,15300,kg,BD-PIHPS,,,,,"PIHPS Provinsi Bengkulu (rata-rata pasar tradisional), bukan harga Bengkulu Tengah"
2025-04-04,PHP17,BRS04,15750,kg,BD-PIHPS,,,,,"PIHPS Provinsi Bengkulu (rata-rata pasar tradisional), bukan harga Bengkulu Tengah"
2025-04-04,PHP17,BRS05,15650,kg,BD-PIHPS,,,,,"PIHPS Provinsi Bengkulu (rata-rata pasar tradisional), bukan harga Bengkulu Tengah"
2025-04-04,PHP17,BRS06,15950,kg,BD-PIHPS,,,,,"PIHPS Provinsi Bengkulu (rata-rata pasar tradisional), bukan harga Bengkulu Tengah"
2025-04-04,PHP17,BWM01,44900,kg,BD-PIHPS,,,,,"PIHPS Provinsi Bengkulu (rata-rata pasar tradisional), bukan harga Bengkulu Tengah"
2025-04-04,PHP17,BWP01,45750,kg,BD-PIHPS,,,,,"PIHPS Provinsi Bengkulu (rata-rata pasar tradisional), bukan harga Bengkulu Tengah"
2025-04-04,PHP17,CMR01,42250,kg,BD-PIHPS,,,,,"PIHPS Provinsi Bengkulu (rata-rata pasar tradisional), bukan harga Bengkulu Tengah"
2025-04-04,PHP17,CMR02,47250,kg,BD-PIHPS,,,,,"PIHPS Provinsi Bengkulu (rata-rata pasar tradisional), bukan harga Bengkulu Tengah"
2025-04-04,PHP17,CRW01,60000,kg,BD-PIHPS,,,,,"PIHPS Provinsi Bengkulu (rata-rata pasar tradisional), bukan harga Bengkulu Tengah"
2025-04-04,PHP17,CRW02,56050,kg,BD-PIHPS,,,,,"PIHPS Provinsi Bengkulu (rata-rata pasar tradisional), bukan harga Bengkulu Tengah"
2025-04-04,PHP17,DAY01,32650,kg,BD-PIHPS,,,,,"PIHPS Provinsi Bengkulu (rata-rata pasar tradisional), bukan harga Bengkulu Tengah"
2025-04-04,PHP17,DSP01,135650,kg,BD-PIHPS,,,,,"PIHPS Provinsi Bengkulu (rata-rata pasar tradisional), bukan harga Bengkulu Tengah"
2025-04-04,PHP17,DSP02,135000,kg,BD-PIHPS,,,,,"PIHPS Provinsi Bengkulu (rata-rata pasar tradisional), bukan harga Bengkulu Tengah"
2025-04-04,PHP17,GLP01,18500,kg,BD-PIHPS,,,,,"PIHPS Provinsi Bengkulu (rata-rata pasar tradisional), bukan harga Bengkulu Tengah"
2025-04-04,PHP17,GLP02,19250,kg,BD-PIHPS,,,,,"PIHPS Provinsi Bengkulu (rata-rata pasar tradisional), bukan harga Bengkulu Tengah"
2025-04-04,PHP17,MGR01,18550,liter,BD-PIHPS,,,,,"PIHPS Provinsi Bengkulu (rata-rata pasar tradisional), bukan harga Bengkulu Tengah"
2025-04-04,PHP17,MGR02,21400,liter,BD-PIHPS,,,,,"PIHPS Provinsi Bengkulu (rata-rata pasar tradisional), bukan harga Bengkulu Tengah"
2025-04-04,PHP17,MGR03,20400,liter,BD-PIHPS,,,,,"PIHPS Provinsi Bengkulu (rata-rata pasar tradisional), bukan harga Bengkulu Tengah"
2025-04-04,PHP17,TLR01,28450,kg,BD-PIHPS,,,,,"PIHPS Provinsi Bengkulu (rata-rata pasar tradisional), bukan harga Bengkulu Tengah"
2025-04-07,PHP17,BRS01,14150,kg,BD-PIHPS,,,,,"PIHPS Provinsi Bengkulu (rata-rata pasar tradisional), bukan harga Bengkulu Tengah"
2025-04-07,PHP17,BRS02,15150,kg,BD-PIHPS,,,,,"PIHPS Provinsi Bengkulu (rata-rata pasar tradisional), bukan harga Bengkulu Tengah"
2025-04-07,PHP17,BRS03,15300,kg,BD-PIHPS,,,,,"PIHPS Provinsi Bengkulu (rata-rata pasar tradisional), bukan harga Bengkulu Tengah"
2025-04-07,PHP17,BRS04,15750,kg,BD-PIHPS,,,,,"PIHPS Provinsi Bengkulu (rata-rata pasar tradisional), bukan harga Bengkulu Tengah"
2025-04-07,PHP17,BRS05,15650,kg,BD-PIHPS,,,,,"PIHPS Provinsi Bengkulu (rata-rata pasar tradisional), bukan harga Bengkulu Tengah"
2025-04-07,PHP17,BRS06,15950,kg,BD-PIHPS,,,,,"PIHPS Provinsi Bengkulu (rata-rata pasar tradisional), bukan harga Bengkulu Tengah"
2025-04-07,PHP17,BWM01,44900,kg,BD-PIHPS,,,,,"PIHPS Provinsi Bengkulu (rata-rata pasar tradisional), bukan harga Bengkulu Tengah"
2025-04-07,PHP17,BWP01,45750,kg,BD-PIHPS,,,,,"PIHPS Provinsi Bengkulu (rata-rata pasar tradisional), bukan harga Bengkulu Tengah"
2025-04-07,PHP17,CMR01,42250,kg,BD-PIHPS,,,,,"PIHPS Provinsi Bengkulu (rata-rata pasar tradisional), bukan harga Bengkulu Tengah"
2025-04-07,PHP17,CMR02,47250,kg,BD-PIHPS,,,,,"PIHPS Provinsi Bengkulu (rata-rata pasar tradisional), bukan harga Bengkulu Tengah"
2025-04-07,PHP17,CRW01,60000,kg,BD-PIHPS,,,,,"PIHPS Provinsi Bengkulu (rata-rata pasar tradisional), bukan harga Bengkulu Tengah"
2025-04-07,PHP17,CRW02,56050,kg,BD-PIHPS,,,,,"PIHPS Provinsi Bengkulu (rata-rata pasar tradisional), bukan harga Bengkulu Tengah"
2025-04-07,PHP17,DAY01,32650,kg,BD-PIHPS,,,,,"PIHPS Provinsi Bengkulu (rata-rata pasar tradisional), bukan harga Bengkulu Tengah"
2025-04-07,PHP17,DSP01,135650,kg,BD-PIHPS,,,,,"PIHPS Provinsi Bengkulu (rata-rata pasar tradisional), bukan harga Bengkulu Tengah"
2025-04-07,PHP17,DSP02,135000,kg,BD-PIHPS,,,,,"PIHPS Provinsi Bengkulu (rata-rata pasar tradisional), bukan harga Bengkulu Tengah"
2025-04-07,PHP17,GLP01,18500,kg,BD-PIHPS,,,,,"PIHPS Provinsi Bengkulu (rata-rata pasar tradisional), bukan harga Bengkulu Tengah"
2025-04-07,PHP17,GLP02,19250,kg,BD-PIHPS,,,,,"PIHPS Provinsi Bengkulu (rata-rata pasar tradisional), bukan harga Bengkulu Tengah"
2025-04-07,PHP17,MGR01,18550,liter,BD-PIHPS,,,,,"PIHPS Provinsi Bengkulu (rata-rata pasar tradisional), bukan harga Bengkulu Tengah"
2025-04-07,PHP17,MGR02,21400,liter,BD-PIHPS,,,,,"PIHPS Provinsi Bengkulu (rata-rata pasar tradisional), bukan harga Bengkulu Tengah"
2025-04-07,PHP17,MGR03,20400,liter,BD-PIHPS,,,,,"PIHPS Provinsi Bengkulu (rata-rata pasar tradisional), bukan harga Bengkulu Tengah"
2025-04-07,PHP17,TLR01,28450,kg,BD-PIHPS,,,,,"PIHPS Provinsi Bengkulu (rata-rata pasar tradisional), bukan harga Bengkulu Tengah"
2025-04-08,PHP17,BRS01,14150,kg,BD-PIHPS,,,,,"PIHPS Provinsi Bengkulu (rata-rata pasar tradisional), bukan harga Bengkulu Tengah"
2025-04-08,PHP17,BRS02,15150,kg,BD-PIHPS,,,,,"PIHPS Provinsi Bengkulu (rata-rata pasar tradisional), bukan harga Bengkulu Tengah"
2025-04-08,PHP17,BRS03,15300,kg,BD-PIHPS,,,,,"PIHPS Provinsi Bengkulu (rata-rata pasar tradisional), bukan harga Bengkulu Tengah"
2025-04-08,PHP17,BRS04,15750,kg,BD-PIHPS,,,,,"PIHPS Provinsi Bengkulu (rata-rata pasar tradisional), bukan harga Bengkulu Tengah"
2025-04-08,PHP17,BRS05,15650,kg,BD-PIHPS,,,,,"PIHPS Provinsi Bengkulu (rata-rata pasar tradisional), bukan harga Bengkulu Tengah"
2025-04-08,PHP17,BRS06,15950,kg,BD-PIHPS,,,,,"PIHPS Provinsi Bengkulu (rata-rata pasar tradisional), bukan harga Bengkulu Tengah"
2025-04-08,PHP17,BWM01,46500,kg,BD-PIHPS,,,,,"PIHPS Provinsi Bengkulu (rata-rata pasar tradisional), bukan harga Bengkulu Tengah"
2025-04-08,PHP17,BWP01,46900,kg,BD-PIHPS,,,,,"PIHPS Provinsi Bengkulu (rata-rata pasar tradisional), bukan harga Bengkulu Tengah"
2025-04-08,PHP17,CMR01,39750,kg,BD-PIHPS,,,,,"PIHPS Provinsi Bengkulu (rata-rata pasar tradisional), bukan harga Bengkulu Tengah"
2025-04-08,PHP17,CMR02,43750,kg,BD-PIHPS,,,,,"PIHPS Provinsi Bengkulu (rata-rata pasar tradisional), bukan harga Bengkulu Tengah"
2025-04-08,PHP17,CRW01,56250,kg,BD-PIHPS,,,,,"PIHPS Provinsi Bengkulu (rata-rata pasar tradisional), bukan harga Bengkulu Tengah"
2025-04-08,PHP17,CRW02,51500,kg,BD-PIHPS,,,,,"PIHPS Provinsi Bengkulu (rata-rata pasar tradisional), bukan harga Bengkulu Tengah"
2025-04-08,PHP17,DAY01,32400,kg,BD-PIHPS,,,,,"PIHPS Provinsi Bengkulu (rata-rata pasar tradisional), bukan harga Bengkulu Tengah"
2025-04-08,PHP17,DSP01,135650,kg,BD-PIHPS,,,,,"PIHPS Provinsi Bengkulu (rata-rata pasar tradisional), bukan harga Bengkulu Tengah"
2025-04-08,PHP17,DSP02,135000,kg,BD-PIHPS,,,,,"PIHPS Provinsi Bengkulu (rata-rata pasar tradisional), bukan harga Bengkulu Tengah"
2025-04-08,PHP17,GLP01,18500,kg,BD-PIHPS,,,,,"PIHPS Provinsi Bengkulu (rata-rata pasar tradisional), bukan harga Bengkulu Tengah"
2025-04-08,PHP17,GLP02,19250,kg,BD-PIHPS,,,,,"PIHPS Provinsi Bengkulu (rata-rata pasar tradisional), bukan harga Bengkulu Tengah"
2025-04-08,PHP17,MGR01,18550,liter,BD-PIHPS,,,,,"PIHPS Provinsi Bengkulu (rata-rata pasar tradisional), bukan harga Bengkulu Tengah"
2025-04-08,PHP17,MGR02,21400,liter,BD-PIHPS,,,,,"PIHPS Provinsi Bengkulu (rata-rata pasar tradisional), bukan harga Bengkulu Tengah"
2025-04-08,PHP17,MGR03,20400,liter,BD-PIHPS,,,,,"PIHPS Provinsi Bengkulu (rata-rata pasar tradisional), bukan harga Bengkulu Tengah"
2025-04-08,PHP17,TLR01,28450,kg,BD-PIHPS,,,,,"PIHPS Provinsi Bengkulu (rata-rata pasar tradisional), bukan harga Bengkulu Tengah"
2025-04-09,PHP17,BRS01,14150,kg,BD-PIHPS,,,,,"PIHPS Provinsi Bengkulu (rata-rata pasar tradisional), bukan harga Bengkulu Tengah"
2025-04-09,PHP17,BRS02,15150,kg,BD-PIHPS,,,,,"PIHPS Provinsi Bengkulu (rata-rata pasar tradisional), bukan harga Bengkulu Tengah"
2025-04-09,PHP17,BRS03,15300,kg,BD-PIHPS,,,,,"PIHPS Provinsi Bengkulu (rata-rata pasar tradisional), bukan harga Bengkulu Tengah"
2025-04-09,PHP17,BRS04,15750,kg,BD-PIHPS,,,,,"PIHPS Provinsi Bengkulu (rata-rata pasar tradisional), bukan harga Bengkulu Tengah"
2025-04-09,PHP17,BRS05,15650,kg,BD-PIHPS,,,,,"PIHPS Provinsi Bengkulu (rata-rata pasar tradisional), bukan harga Bengkulu Tengah"
2025-04-09,PHP17,BRS06,15950,kg,BD-PIHPS,,,,,"PIHPS Provinsi Bengkulu (rata-rata pasar tradisional), bukan harga Bengkulu Tengah"
2025-04-09,PHP17,BWM01,47000,kg,BD-PIHPS,,,,,"PIHPS Provinsi Bengkulu (rata-rata pasar tradisional), bukan harga Bengkulu Tengah"
2025-04-09,PHP17,BWP01,47400,kg,BD-PIHPS,,,,,"PIHPS Provinsi Bengkulu (rata-rata pasar tradisional), bukan harga Bengkulu Tengah"
2025-04-09,PHP17,CMR01,37650,kg,BD-PIHPS,,,,,"PIHPS Provinsi Bengkulu (rata-rata pasar tradisional), bukan harga Bengkulu Tengah"
2025-04-09,PHP17,CMR02,41650,kg,BD-PIHPS,,,,,"PIHPS Provinsi Bengkulu (rata-rata pasar tradisional), bukan harga Bengkulu Tengah"
2025-04-09,PHP17,CRW01,50900,kg,BD-PIHPS,,,,,"PIHPS Provinsi Bengkulu (rata-rata pasar tradisional), bukan harga Bengkulu Tengah"
2025-04-09,PHP17,CRW02,48550,kg,BD-PIHPS,,,,,"PIHPS Provinsi Bengkulu (rata-rata pasar tradisional), bukan harga Bengkulu Tengah"
2025-04-09,PHP17,DAY01,32400,kg,BD-PIHPS,,,,,"PIHPS Provinsi Bengkulu (rata-rata pasar tradisional), bukan harga Bengkulu Tengah"
2025-04-09,PHP17,DSP01,135650,kg,BD-PIHPS,,,,,"PIHPS Provinsi Bengkulu (rata-rata pasar tradisional), bukan harga Bengkulu Tengah"
2025-04-09,PHP17,DSP02,135000,kg,BD-PIHPS,,,,,"PIHPS Provinsi Bengkulu (rata-rata pasar tradisional), bukan harga Bengkulu Tengah"
2025-04-09,PHP17,GLP01,18500,kg,BD-PIHPS,,,,,"PIHPS Provinsi Bengkulu (rata-rata pasar tradisional), bukan harga Bengkulu Tengah"
2025-04-09,PHP17,GLP02,19250,kg,BD-PIHPS,,,,,"PIHPS Provinsi Bengkulu (rata-rata pasar tradisional), bukan harga Bengkulu Tengah"
2025-04-09,PHP17,MGR01,18550,liter,BD-PIHPS,,,,,"PIHPS Provinsi Bengkulu (rata-rata pasar tradisional), bukan harga Bengkulu Tengah"
2025-04-09,PHP17,MGR02,21400,liter,BD-PIHPS,,,,,"PIHPS Provinsi Bengkulu (rata-rata pasar tradisional), bukan harga Bengkulu Tengah"
2025-04-09,PHP17,MGR03,20400,liter,BD-PIHPS,,,,,"PIHPS Provinsi Bengkulu (rata-rata pasar tradisional), bukan harga Bengkulu Tengah"
2025-04-09,PHP17,TLR01,28450,kg,BD-PIHPS,,,,,"PIHPS Provinsi Bengkulu (rata-rata pasar tradisional), bukan harga Bengkulu Tengah"
2025-04-10,PHP17,BRS01,14150,kg,BD-PIHPS,,,,,"PIHPS Provinsi Bengkulu (rata-rata pasar tradisional), bukan harga Bengkulu Tengah"
2025-04-10,PHP17,BRS02,15150,kg,BD-PIHPS,,,,,"PIHPS Provinsi Bengkulu (rata-rata pasar tradisional), bukan harga Bengkulu Tengah"
2025-04-10,PHP17,BRS03,15300,kg,BD-PIHPS,,,,,"PIHPS Provinsi Bengkulu (rata-rata pasar tradisional), bukan harga Bengkulu Tengah"
2025-04-10,PHP17,BRS04,15750,kg,BD-PIHPS,,,,,"PIHPS Provinsi Bengkulu (rata-rata pasar tradisional), bukan harga Bengkulu Tengah"
2025-04-10,PHP17,BRS05,15650,kg,BD-PIHPS,,,,,"PIHPS Provinsi Bengkulu (rata-rata pasar tradisional), bukan harga Bengkulu Tengah"
2025-04-10,PHP17,BRS06,15950,kg,BD-PIHPS,,,,,"PIHPS Provinsi Bengkulu (rata-rata pasar tradisional), bukan harga Bengkulu Tengah"
2025-04-10,PHP17,BWM01,47500,kg,BD-PIHPS,,,,,"PIHPS Provinsi Bengkulu (rata-rata pasar tradisional), bukan harga Bengkulu Tengah"
2025-04-10,PHP17,BWP01,47400,kg,BD-PIHPS,,,,,"PIHPS Provinsi Bengkulu (rata-rata pasar tradisional), bukan harga Bengkulu Tengah"
2025-04-10,PHP17,CMR01,39750,kg,BD-PIHPS,,,,,"PIHPS Provinsi Bengkulu (rata-rata pasar tradisional), bukan harga Bengkulu Tengah"
2025-04-10,PHP17,CMR02,43900,kg,BD-PIHPS,,,,,"PIHPS Provinsi Bengkulu (rata-rata pasar tradisional), bukan harga Bengkulu Tengah"
2025-04-10,PHP17,CRW01,48750,kg,BD-PIHPS,,,,,"PIHPS Provinsi Bengkulu (rata-rata pasar tradisional), bukan harga Bengkulu Tengah"
2025-04-10,PHP17,CRW02,45500,kg,BD-PIHPS,,,,,"PIHPS Provinsi Bengkulu (rata-rata pasar tradisional), bukan harga Bengkulu Tengah"
2025-04-10,PHP17,DAY01,30400,kg,BD-PIHPS,,,,,"PIHPS Provinsi Bengkulu (rata-rata pasar tradisional), bukan harga Bengkulu Tengah"
2025-04-10,PHP17,DSP01,135650,kg,BD-PIHPS,,,,,"PIHPS Provinsi Bengkulu (rata-rata pasar tradisional), bukan harga Bengkulu Tengah"
2025-04-10,PHP17,DSP02,135000,kg,BD-PIHPS,,,,,"PIHPS Provinsi Bengkulu (rata-rata pasar tradisional), bukan harga Bengkulu Tengah"
2025-04-10,PHP17,GLP01,18500,kg,BD-PIHPS,,,,,"PIHPS Provinsi Bengkulu (rata-rata pasar tradisional), bukan harga Bengkulu Tengah"
2025-04-10,PHP17,GLP02,19250,kg,BD-PIHPS,,,,,"PIHPS Provinsi Bengkulu (rata-rata pasar tradisional), bukan harga Bengkulu Tengah"
2025-04-10,PHP17,MGR01,18550,liter,BD-PIHPS,,,,,"PIHPS Provinsi Bengkulu (rata-rata pasar tradisional), bukan harga Bengkulu Tengah"
2025-04-10,PHP17,MGR02,21400,liter,BD-PIHPS,,,,,"PIHPS Provinsi Bengkulu (rata-rata pasar tradisional), bukan harga Bengkulu Tengah"
2025-04-10,PHP17,MGR03,20400,liter,BD-PIHPS,,,,,"PIHPS Provinsi Bengkulu (rata-rata pasar tradisional), bukan harga Bengkulu Tengah"
2025-04-10,PHP17,TLR01,28200,kg,BD-PIHPS,,,,,"PIHPS Provinsi Bengkulu (rata-rata pasar tradisional), bukan harga Bengkulu Tengah"
2025-04-11,PHP17,BRS01,14150,kg,BD-PIHPS,,,,,"PIHPS Provinsi Bengkulu (rata-rata pasar tradisional), bukan harga Bengkulu Tengah"
2025-04-11,PHP17,BRS02,15150,kg,BD-PIHPS,,,,,"PIHPS Provinsi Bengkulu (rata-rata pasar tradisional), bukan harga Bengkulu Tengah"
2025-04-11,PHP17,BRS03,15300,kg,BD-PIHPS,,,,,"PIHPS Provinsi Bengkulu (rata-rata pasar tradisional), bukan harga Bengkulu Tengah"
2025-04-11,PHP17,BRS04,15750,kg,BD-PIHPS,,,,,"PIHPS Provinsi Bengkulu (rata-rata pasar tradisional), bukan harga Bengkulu Tengah"
2025-04-11,PHP17,BRS05,15650,kg,BD-PIHPS,,,,,"PIHPS Provinsi Bengkulu (rata-rata pasar tradisional), bukan harga Bengkulu Tengah"
2025-04-11,PHP17,BRS06,15950,kg,BD-PIHPS,,,,,"PIHPS Provinsi Bengkulu (rata-rata pasar tradisional), bukan harga Bengkulu Tengah"
2025-04-11,PHP17,BWM01,49250,kg,BD-PIHPS,,,,,"PIHPS Provinsi Bengkulu (rata-rata pasar tradisional), bukan harga Bengkulu Tengah"
2025-04-11,PHP17,BWP01,47400,kg,BD-PIHPS,,,,,"PIHPS Provinsi Bengkulu (rata-rata pasar tradisional), bukan harga Bengkulu Tengah"
2025-04-11,PHP17,CMR01,41250,kg,BD-PIHPS,,,,,"PIHPS Provinsi Bengkulu (rata-rata pasar tradisional), bukan harga Bengkulu Tengah"
2025-04-11,PHP17,CMR02,45000,kg,BD-PIHPS,,,,,"PIHPS Provinsi Bengkulu (rata-rata pasar tradisional), bukan harga Bengkulu Tengah"
2025-04-11,PHP17,CRW01,47500,kg,BD-PIHPS,,,,,"PIHPS Provinsi Bengkulu (rata-rata pasar tradisional), bukan harga Bengkulu Tengah"
2025-04-11,PHP17,CRW02,44000,kg,BD-PIHPS,,,,,"PIHPS Provinsi Bengkulu (rata-rata pasar tradisional), bukan harga Bengkulu Tengah"
2025-04-11,PHP17,DAY01,30000,kg,BD-PIHPS,,,,,"PIHPS Provinsi Bengkulu (rata-rata pasar tradisional), bukan harga Bengkulu Tengah"
2025-04-11,PHP17,DSP01,135650,kg,BD-PIHPS,,,,,"PIHPS Provinsi Bengkulu (rata-rata pasar tradisional), bukan harga Bengkulu Tengah"
2025-04-11,PHP17,DSP02,135000,kg,BD-PIHPS,,,,,"PIHPS Provinsi Bengkulu (rata-rata pasar tradisional), bukan harga Bengkulu Tengah"
2025-04-11,PHP17,GLP01,18500,kg,BD-PIHPS,,,,,"PIHPS Provinsi Bengkulu (rata-rata pasar tradisional), bukan harga Bengkulu Tengah"
2025-04-11,PHP17,GLP02,19250,kg,BD-PIHPS,,,,,"PIHPS Provinsi Bengkulu (rata-rata pasar tradisional), bukan harga Bengkulu Tengah"
2025-04-11,PHP17,MGR01,18550,liter,BD-PIHPS,,,,,"PIHPS Provinsi Bengkulu (rata-rata pasar tradisional), bukan harga Bengkulu Tengah"
2025-04-11,PHP17,MGR02,21400,liter,BD-PIHPS,,,,,"PIHPS Provinsi Bengkulu (rata-rata pasar tradisional), bukan harga Bengkulu Tengah"
2025-04-11,PHP17,MGR03,20400,liter,BD-PIHPS,,,,,"PIHPS Provinsi Bengkulu (rata-rata pasar tradisional), bukan harga Bengkulu Tengah"
2025-04-11,PHP17,TLR01,28200,kg,BD-PIHPS,,,,,"PIHPS Provinsi Bengkulu (rata-rata pasar tradisional), bukan harga Bengkulu Tengah"
2025-04-14,PHP17,BRS01,14150,kg,BD-PIHPS,,,,,"PIHPS Provinsi Bengkulu (rata-rata pasar tradisional), bukan harga Bengkulu Tengah"
2025-04-14,PHP17,BRS02,15150,kg,BD-PIHPS,,,,,"PIHPS Provinsi Bengkulu (rata-rata pasar tradisional), bukan harga Bengkulu Tengah"
2025-04-14,PHP17,BRS03,15300,kg,BD-PIHPS,,,,,"PIHPS Provinsi Bengkulu (rata-rata pasar tradisional), bukan harga Bengkulu Tengah"
2025-04-14,PHP17,BRS04,15750,kg,BD-PIHPS,,,,,"PIHPS Provinsi Bengkulu (rata-rata pasar tradisional), bukan harga Bengkulu Tengah"
2025-04-14,PHP17,BRS05,15650,kg,BD-PIHPS,,,,,"PIHPS Provinsi Bengkulu (rata-rata pasar tradisional), bukan harga Bengkulu Tengah"
2025-04-14,PHP17,BRS06,15950,kg,BD-PIHPS,,,,,"PIHPS Provinsi Bengkulu (rata-rata pasar tradisional), bukan harga Bengkulu Tengah"
2025-04-14,PHP17,BWM01,50150,kg,BD-PIHPS,,,,,"PIHPS Provinsi Bengkulu (rata-rata pasar tradisional), bukan harga Bengkulu Tengah"
2025-04-14,PHP17,BWP01,47400,kg,BD-PIHPS,,,,,"PIHPS Provinsi Bengkulu (rata-rata pasar tradisional), bukan harga Bengkulu Tengah"
2025-04-14,PHP17,CMR01,44400,kg,BD-PIHPS,,,,,"PIHPS Provinsi Bengkulu (rata-rata pasar tradisional), bukan harga Bengkulu Tengah"
2025-04-14,PHP17,CMR02,47650,kg,BD-PIHPS,,,,,"PIHPS Provinsi Bengkulu (rata-rata pasar tradisional), bukan harga Bengkulu Tengah"
2025-04-14,PHP17,CRW01,45150,kg,BD-PIHPS,,,,,"PIHPS Provinsi Bengkulu (rata-rata pasar tradisional), bukan harga Bengkulu Tengah"
2025-04-14,PHP17,CRW02,46050,kg,BD-PIHPS,,,,,"PIHPS Provinsi Bengkulu (rata-rata pasar tradisional), bukan harga Bengkulu Tengah"
2025-04-14,PHP17,DAY01,30000,kg,BD-PIHPS,,,,,"PIHPS Provinsi Bengkulu (rata-rata pasar tradisional), bukan harga Bengkulu Tengah"
2025-04-14,PHP17,DSP01,135650,kg,BD-PIHPS,,,,,"PIHPS Provinsi Bengkulu (rata-rata pasar tradisional), bukan harga Bengkulu Tengah"
2025-04-14,PHP17,DSP02,135000,kg,BD-PIHPS,,,,,"PIHPS Provinsi Bengkulu (rata-rata pasar tradisional), bukan harga Bengkulu Tengah"
2025-04-14,PHP17,GLP01,18500,kg,BD-PIHPS,,,,,"PIHPS Provinsi Bengkulu (rata-rata pasar tradisional), bukan harga Bengkulu Tengah"
2025-04-14,PHP17,GLP02,19250,kg,BD-PIHPS,,,,,"PIHPS Provinsi Bengkulu (rata-rata pasar tradisional), bukan harga Bengkulu Tengah"
2025-04-14,PHP17,MGR01,18550,liter,BD-PIHPS,,,,,"PIHPS Provinsi Bengkulu (rata-rata pasar tradisional), bukan harga Bengkulu Tengah"
2025-04-14,PHP17,MGR02,21400,liter,BD-PIHPS,,,,,"PIHPS Provinsi Bengkulu (rata-rata pasar tradisional), bukan harga Bengkulu Tengah"
2025-04-14,PHP17,MGR03,20400,liter,BD-PIHPS,,,,,"PIHPS Provinsi Bengkulu (rata-rata pasar tradisional), bukan harga Bengkulu Tengah"
2025-04-14,PHP17,TLR01,28200,kg,BD-PIHPS,,,,,"PIHPS Provinsi Bengkulu (rata-rata pasar tradisional), bukan harga Bengkulu Tengah"
2025-04-15,PHP17,BRS01,14150,kg,BD-PIHPS,,,,,"PIHPS Provinsi Bengkulu (rata-rata pasar tradisional), bukan harga Bengkulu Tengah"
2025-04-15,PHP17,BRS02,15150,kg,BD-PIHPS,,,,,"PIHPS Provinsi Bengkulu (rata-rata pasar tradisional), bukan harga Bengkulu Tengah"
2025-04-15,PHP17,BRS03,15300,kg,BD-PIHPS,,,,,"PIHPS Provinsi Bengkulu (rata-rata pasar tradisional), bukan harga Bengkulu Tengah"
2025-04-15,PHP17,BRS04,15750,kg,BD-PIHPS,,,,,"PIHPS Provinsi Bengkulu (rata-rata pasar tradisional), bukan harga Bengkulu Tengah"
2025-04-15,PHP17,BRS05,15650,kg,BD-PIHPS,,,,,"PIHPS Provinsi Bengkulu (rata-rata pasar tradisional), bukan harga Bengkulu Tengah"
2025-04-15,PHP17,BRS06,15950,kg,BD-PIHPS,,,,,"PIHPS Provinsi Bengkulu (rata-rata pasar tradisional), bukan harga Bengkulu Tengah"
2025-04-15,PHP17,BWM01,51900,kg,BD-PIHPS,,,,,"PIHPS Provinsi Bengkulu (rata-rata pasar tradisional), bukan harga Bengkulu Tengah"
2025-04-15,PHP17,BWP01,47400,kg,BD-PIHPS,,,,,"PIHPS Provinsi Bengkulu (rata-rata pasar tradisional), bukan harga Bengkulu Tengah"
2025-04-15,PHP17,CMR01,48000,kg,BD-PIHPS,,,,,"PIHPS Provinsi Bengkulu (rata-rata pasar tradisional), bukan harga Bengkulu Tengah"
2025-04-15,PHP17,CMR02,51650,kg,BD-PIHPS,,,,,"PIHPS Provinsi Bengkulu (rata-rata pasar tradisional), bukan harga Bengkulu Tengah"
2025-04-15,PHP17,CRW01,43500,kg,BD-PIHPS,,,,,"PIHPS Provinsi Bengkulu (rata-rata pasar tradisional), bukan harga Bengkulu Tengah"
2025-04-15,PHP17,CRW02,49100,kg,BD-PIHPS,,,,,"PIHPS Provinsi Bengkulu (rata-rata pasar tradisional), bukan harga Bengkulu Tengah"
2025-04-15,PHP17,DAY01,30000,kg,BD-PIHPS,,,,,"PIHPS Provinsi Bengkulu (rata-rata pasar tradisional), bukan harga Bengkulu Tengah"
2025-04-15,PHP17,DSP01,135650,kg,BD-PIHPS,,,,,"PIHPS Provinsi Bengkulu (rata-rata pasar tradisional), bukan harga Bengkulu Tengah"
2025-04-15,PHP17,DSP02,135000,kg,BD-PIHPS,,,,,"PIHPS Provinsi Bengkulu (rata-rata pasar tradisional), bukan harga Bengkulu Tengah"
2025-04-15,PHP17,GLP01,18500,kg,BD-PIHPS,,,,,"PIHPS Provinsi Bengkulu (rata-rata pasar tradisional), bukan harga Bengkulu Tengah"
2025-04-15,PHP17,GLP02,19250,kg,BD-PIHPS,,,,,"PIHPS Provinsi Bengkulu (rata-rata pasar tradisional), bukan harga Bengkulu Tengah"
2025-04-15,PHP17,MGR01,18550,liter,BD-PIHPS,,,,,"PIHPS Provinsi Bengkulu (rata-rata pasar tradisional), bukan harga Bengkulu Tengah"
2025-04-15,PHP17,MGR02,21400,liter,BD-PIHPS,,,,,"PIHPS Provinsi Bengkulu (rata-rata pasar tradisional), bukan harga Bengkulu Tengah"
2025-04-15,PHP17,MGR03,20400,liter,BD-PIHPS,,,,,"PIHPS Provinsi Bengkulu (rata-rata pasar tradisional), bukan harga Bengkulu Tengah"
2025-04-15,PHP17,TLR01,28400,kg,BD-PIHPS,,,,,"PIHPS Provinsi Bengkulu (rata-rata pasar tradisional), bukan harga Bengkulu Tengah"
2025-04-16,PHP17,BRS01,14150,kg,BD-PIHPS,,,,,"PIHPS Provinsi Bengkulu (rata-rata pasar tradisional), bukan harga Bengkulu Tengah"
2025-04-16,PHP17,BRS02,15150,kg,BD-PIHPS,,,,,"PIHPS Provinsi Bengkulu (rata-rata pasar tradisional), bukan harga Bengkulu Tengah"
2025-04-16,PHP17,BRS03,15300,kg,BD-PIHPS,,,,,"PIHPS Provinsi Bengkulu (rata-rata pasar tradisional), bukan harga Bengkulu Tengah"
2025-04-16,PHP17,BRS04,15750,kg,BD-PIHPS,,,,,"PIHPS Provinsi Bengkulu (rata-rata pasar tradisional), bukan harga Bengkulu Tengah"
2025-04-16,PHP17,BRS05,15650,kg,BD-PIHPS,,,,,"PIHPS Provinsi Bengkulu (rata-rata pasar tradisional), bukan harga Bengkulu Tengah"
2025-04-16,PHP17,BRS06,15950,kg,BD-PIHPS,,,,,"PIHPS Provinsi Bengkulu (rata-rata pasar tradisional), bukan harga Bengkulu Tengah"
2025-04-16,PHP17,BWM01,52400,kg,BD-PIHPS,,,,,"PIHPS Provinsi Bengkulu (rata-rata pasar tradisional), bukan harga Bengkulu Tengah"
2025-04-16,PHP17,BWP01,47400,kg,BD-PIHPS,,,,,"PIHPS Provinsi Bengkulu (rata-rata pasar tradisional), bukan harga Bengkulu Tengah"
2025-04-16,PHP17,CMR01,50750,kg,BD-PIHPS,,,,,"PIHPS Provinsi Bengkulu (rata-rata pasar tradisional), bukan harga Bengkulu Tengah"
2025-04-16,PHP17,CMR02,54500,kg,BD-PIHPS,,,,,"PIHPS Provinsi Bengkulu (rata-rata pasar tradisional), bukan harga Bengkulu Tengah"
2025-04-16,PHP17,CRW01,42500,kg,BD-PIHPS,,,,,"PIHPS Provinsi Bengkulu (rata-rata pasar tradisional), bukan harga Bengkulu Tengah"
2025-04-16,PHP17,CRW02,50400,kg,BD-PIHPS,,,,,"PIHPS Provinsi Bengkulu (rata-rata pasar tradisional), bukan harga Bengkulu Tengah"
2025-04-16,PHP17,DAY01,30900,kg,BD-PIHPS,,,,,"PIHPS Provinsi Bengkulu (rata-rata pasar tradisional), bukan harga Bengkulu Tengah"
2025-04-16,PHP17,DSP01,135650,kg,BD-PIHPS,,,,,"PIHPS Provinsi Bengkulu (rata-rata pasar tradisional), bukan harga Bengkulu Tengah"
2025-04-16,PHP17,DSP02,135000,kg,BD-PIHPS,,,,,"PIHPS Provinsi Bengkulu (rata-rata pasar tradisional), bukan harga Bengkulu Tengah"
2025-04-16,PHP17,GLP01,18500,kg,BD-PIHPS,,,,,"PIHPS Provinsi Bengkulu (rata-rata pasar tradisional), bukan harga Bengkulu Tengah"
2025-04-16,PHP17,GLP02,19250,kg,BD-PIHPS,,,,,"PIHPS Provinsi Bengkulu (rata-rata pasar tradisional), bukan harga Bengkulu Tengah"
2025-04-16,PHP17,MGR01,18500,liter,BD-PIHPS,,,,,"PIHPS Provinsi Bengkulu (rata-rata pasar tradisional), bukan harga Bengkulu Tengah"
2025-04-16,PHP17,MGR02,21400,liter,BD-PIHPS,,,,,"PIHPS Provinsi Bengkulu (rata-rata pasar tradisional), bukan harga Bengkulu Tengah"
2025-04-16,PHP17,MGR03,20400,liter,BD-PIHPS,,,,,"PIHPS Provinsi Bengkulu (rata-rata pasar tradisional), bukan harga Bengkulu Tengah"
2025-04-16,PHP17,TLR01,28400,kg,BD-PIHPS,,,,,"PIHPS Provinsi Bengkulu (rata-rata pasar tradisional), bukan harga Bengkulu Tengah"
2025-04-17,PHP17,BRS01,14150,kg,BD-PIHPS,,,,,"PIHPS Provinsi Bengkulu (rata-rata pasar tradisional), bukan harga Bengkulu Tengah"
2025-04-17,PHP17,BRS02,15150,kg,BD-PIHPS,,,,,"PIHPS Provinsi Bengkulu (rata-rata pasar tradisional), bukan harga Bengkulu Tengah"
2025-04-17,PHP17,BRS03,15300,kg,BD-PIHPS,,,,,"PIHPS Provinsi Bengkulu (rata-rata pasar tradisional), bukan harga Bengkulu Tengah"
2025-04-17,PHP17,BRS04,15750,kg,BD-PIHPS,,,,,"PIHPS Provinsi Bengkulu (rata-rata pasar tradisional), bukan harga Bengkulu Tengah"
2025-04-17,PHP17,BRS05,15650,kg,BD-PIHPS,,,,,"PIHPS Provinsi Bengkulu (rata-rata pasar tradisional), bukan harga Bengkulu Tengah"
2025-04-17,PHP17,BRS06,15950,kg,BD-PIHPS,,,,,"PIHPS Provinsi Bengkulu (rata-rata pasar tradisional), bukan harga Bengkulu Tengah"
2025-04-17,PHP17,BWM01,51750,kg,BD-PIHPS,,,,,"PIHPS Provinsi Bengkulu (rata-rata pasar tradisional), bukan harga Bengkulu Tengah"
2025-04-17,PHP17,BWP01,47900,kg,BD-PIHPS,,,,,"PIHPS Provinsi Bengkulu (rata-rata pasar tradisional), bukan harga Bengkulu Tengah"
2025-04-17,PHP17,CMR01,53400,kg,BD-PIHPS,,,,,"PIHPS Provinsi Bengkulu (rata-rata pasar tradisional), bukan harga Bengkulu Tengah"
2025-04-17,PHP17,CMR02,57650,kg,BD-PIHPS,,,,,"PIHPS Provinsi Bengkulu (rata-rata pasar tradisional), bukan harga Bengkulu Tengah"
2025-04-17,PHP17,CRW01,37750,kg,BD-PIHPS,,,,,"PIHPS Provinsi Bengkulu (rata-rata pasar tradisional), bukan harga Bengkulu Tengah"
2025-04-17,PHP17,CRW02,53050,kg,BD-PIHPS,,,,,"PIHPS Provinsi Bengkulu (rata-rata pasar tradisional), bukan harga Bengkulu Tengah"
2025-04-17,PHP17,DAY01,30000,kg,BD-PIHPS,,,,,"PIHPS Provinsi Bengkulu (rata-rata pasar tradisional), bukan harga Bengkulu Tengah"
2025-04-17,PHP17,DSP01,135650,kg,BD-PIHPS,,,,,"PIHPS Provinsi Bengkulu (rata-rata pasar tradisional), bukan harga Bengkulu Tengah"
2025-04-17,PHP17,DSP02,135000,kg,BD-PIHPS,,,,,"PIHPS Provinsi Bengkulu (rata-rata pasar tradisional), bukan harga Bengkulu Tengah"
2025-04-17,PHP17,GLP01,18500,kg,BD-PIHPS,,,,,"PIHPS Provinsi Bengkulu (rata-rata pasar tradisional), bukan harga Bengkulu Tengah"
2025-04-17,PHP17,GLP02,19250,kg,BD-PIHPS,,,,,"PIHPS Provinsi Bengkulu (rata-rata pasar tradisional), bukan harga Bengkulu Tengah"
2025-04-17,PHP17,MGR01,18500,liter,BD-PIHPS,,,,,"PIHPS Provinsi Bengkulu (rata-rata pasar tradisional), bukan harga Bengkulu Tengah"
2025-04-17,PHP17,MGR02,21250,liter,BD-PIHPS,,,,,"PIHPS Provinsi Bengkulu (rata-rata pasar tradisional), bukan harga Bengkulu Tengah"
2025-04-17,PHP17,MGR03,20400,liter,BD-PIHPS,,,,,"PIHPS Provinsi Bengkulu (rata-rata pasar tradisional), bukan harga Bengkulu Tengah"
2025-04-17,PHP17,TLR01,28100,kg,BD-PIHPS,,,,,"PIHPS Provinsi Bengkulu (rata-rata pasar tradisional), bukan harga Bengkulu Tengah"
2025-04-18,PHP17,BRS01,14150,kg,BD-PIHPS,,,,,"PIHPS Provinsi Bengkulu (rata-rata pasar tradisional), bukan harga Bengkulu Tengah"
2025-04-18,PHP17,BRS02,15150,kg,BD-PIHPS,,,,,"PIHPS Provinsi Bengkulu (rata-rata pasar tradisional), bukan harga Bengkulu Tengah"
2025-04-18,PHP17,BRS03,15300,kg,BD-PIHPS,,,,,"PIHPS Provinsi Bengkulu (rata-rata pasar tradisional), bukan harga Bengkulu Tengah"
2025-04-18,PHP17,BRS04,15750,kg,BD-PIHPS,,,,,"PIHPS Provinsi Bengkulu (rata-rata pasar tradisional), bukan harga Bengkulu Tengah"
2025-04-18,PHP17,BRS05,15650,kg,BD-PIHPS,,,,,"PIHPS Provinsi Bengkulu (rata-rata pasar tradisional), bukan harga Bengkulu Tengah"
2025-04-18,PHP17,BRS06,15950,kg,BD-PIHPS,,,,,"PIHPS Provinsi Bengkulu (rata-rata pasar tradisional), bukan harga Bengkulu Tengah"
2025-04-18,PHP17,BWM01,51750,kg,BD-PIHPS,,,,,"PIHPS Provinsi Bengkulu (rata-rata pasar tradisional), bukan harga Bengkulu Tengah"
2025-04-18,PHP17,BWP01,47900,kg,BD-PIHPS,,,,,"PIHPS Provinsi Bengkulu (rata-rata pasar tradisional), bukan harga Bengkulu Tengah"
2025-04-18,PHP17,CMR01,53400,kg,BD-PIHPS,,,,,"PIHPS Provinsi Bengkulu (rata-rata pasar tradisional), bukan harga Bengkulu Tengah"
2025-04-18,PHP17,CMR02,57650,kg,BD-PIHPS,,,,,"PIHPS Provinsi Bengkulu (rata-rata pasar tradisional), bukan harga Bengkulu Tengah"
2025-04-18,PHP17,CRW01,37750,kg,BD-PIHPS,,,,,"PIHPS Provinsi Bengkulu (rata-rata pasar tradisional), bukan harga Bengkulu Tengah"
2025-04-18,PHP17,CRW02,53050,kg,BD-PIHPS,,,,,"PIHPS Provinsi Bengkulu (rata-rata pasar tradisional), bukan harga Bengkulu Tengah"
2025-04-18,PHP17,DAY01,30000,kg,BD-PIHPS,,,,,"PIHPS Provinsi Bengkulu (rata-rata pasar tradisional), bukan harga Bengkulu Tengah"
2025-04-18,PHP17,DSP01,135650,kg,BD-PIHPS,,,,,"PIHPS Provinsi Bengkulu (rata-rata pasar tradisional), bukan harga Bengkulu Tengah"
2025-04-18,PHP17,DSP02,135000,kg,BD-PIHPS,,,,,"PIHPS Provinsi Bengkulu (rata-rata pasar tradisional), bukan harga Bengkulu Tengah"
2025-04-18,PHP17,GLP01,18500,kg,BD-PIHPS,,,,,"PIHPS Provinsi Bengkulu (rata-rata pasar tradisional), bukan harga Bengkulu Tengah"
2025-04-18,PHP17,GLP02,19250,kg,BD-PIHPS,,,,,"PIHPS Provinsi Bengkulu (rata-rata pasar tradisional), bukan harga Bengkulu Tengah"
2025-04-18,PHP17,MGR01,18500,liter,BD-PIHPS,,,,,"PIHPS Provinsi Bengkulu (rata-rata pasar tradisional), bukan harga Bengkulu Tengah"
2025-04-18,PHP17,MGR02,21250,liter,BD-PIHPS,,,,,"PIHPS Provinsi Bengkulu (rata-rata pasar tradisional), bukan harga Bengkulu Tengah"
2025-04-18,PHP17,MGR03,20400,liter,BD-PIHPS,,,,,"PIHPS Provinsi Bengkulu (rata-rata pasar tradisional), bukan harga Bengkulu Tengah"
2025-04-18,PHP17,TLR01,28100,kg,BD-PIHPS,,,,,"PIHPS Provinsi Bengkulu (rata-rata pasar tradisional), bukan harga Bengkulu Tengah"
2025-04-21,PHP17,BRS01,14150,kg,BD-PIHPS,,,,,"PIHPS Provinsi Bengkulu (rata-rata pasar tradisional), bukan harga Bengkulu Tengah"
2025-04-21,PHP17,BRS02,15150,kg,BD-PIHPS,,,,,"PIHPS Provinsi Bengkulu (rata-rata pasar tradisional), bukan harga Bengkulu Tengah"
2025-04-21,PHP17,BRS03,15300,kg,BD-PIHPS,,,,,"PIHPS Provinsi Bengkulu (rata-rata pasar tradisional), bukan harga Bengkulu Tengah"
2025-04-21,PHP17,BRS04,15750,kg,BD-PIHPS,,,,,"PIHPS Provinsi Bengkulu (rata-rata pasar tradisional), bukan harga Bengkulu Tengah"
2025-04-21,PHP17,BRS05,15650,kg,BD-PIHPS,,,,,"PIHPS Provinsi Bengkulu (rata-rata pasar tradisional), bukan harga Bengkulu Tengah"
2025-04-21,PHP17,BRS06,15950,kg,BD-PIHPS,,,,,"PIHPS Provinsi Bengkulu (rata-rata pasar tradisional), bukan harga Bengkulu Tengah"
2025-04-21,PHP17,BWM01,50750,kg,BD-PIHPS,,,,,"PIHPS Provinsi Bengkulu (rata-rata pasar tradisional), bukan harga Bengkulu Tengah"
2025-04-21,PHP17,BWP01,48400,kg,BD-PIHPS,,,,,"PIHPS Provinsi Bengkulu (rata-rata pasar tradisional), bukan harga Bengkulu Tengah"
2025-04-21,PHP17,CMR01,53750,kg,BD-PIHPS,,,,,"PIHPS Provinsi Bengkulu (rata-rata pasar tradisional), bukan harga Bengkulu Tengah"
2025-04-21,PHP17,CMR02,58250,kg,BD-PIHPS,,,,,"PIHPS Provinsi Bengkulu (rata-rata pasar tradisional), bukan harga Bengkulu Tengah"
2025-04-21,PHP17,CRW01,37250,kg,BD-PIHPS,,,,,"PIHPS Provinsi Bengkulu (rata-rata pasar tradisional), bukan harga Bengkulu Tengah"
2025-04-21,PHP17,CRW02,50400,kg,BD-PIHPS,,,,,"PIHPS Provinsi Bengkulu (rata-rata pasar tradisional), bukan harga Bengkulu Tengah"
2025-04-21,PHP17,DAY01,28400,kg,BD-PIHPS,,,,,"PIHPS Provinsi Bengkulu (rata-rata pasar tradisional), bukan harga Bengkulu Tengah"
2025-04-21,PHP17,DSP01,135650,kg,BD-PIHPS,,,,,"PIHPS Provinsi Bengkulu (rata-rata pasar tradisional), bukan harga Bengkulu Tengah"
2025-04-21,PHP17,DSP02,135000,kg,BD-PIHPS,,,,,"PIHPS Provinsi Bengkulu (rata-rata pasar tradisional), bukan harga Bengkulu Tengah"
2025-04-21,PHP17,GLP01,18500,kg,BD-PIHPS,,,,,"PIHPS Provinsi Bengkulu (rata-rata pasar tradisional), bukan harga Bengkulu Tengah"
2025-04-21,PHP17,GLP02,19250,kg,BD-PIHPS,,,,,"PIHPS Provinsi Bengkulu (rata-rata pasar tradisional), bukan harga Bengkulu Tengah"
2025-04-21,PHP17,MGR01,18500,liter,BD-PIHPS,,,,,"PIHPS Provinsi Bengkulu (rata-rata pasar tradisional), bukan harga Bengkulu Tengah"
2025-04-21,PHP17,MGR02,21250,liter,BD-PIHPS,,,,,"PIHPS Provinsi Bengkulu (rata-rata pasar tradisional), bukan harga Bengkulu Tengah"
2025-04-21,PHP17,MGR03,20400,liter,BD-PIHPS,,,,,"PIHPS Provinsi Bengkulu (rata-rata pasar tradisional), bukan harga Bengkulu Tengah"
2025-04-21,PHP17,TLR01,28100,kg,BD-PIHPS,,,,,"PIHPS Provinsi Bengkulu (rata-rata pasar tradisional), bukan harga Bengkulu Tengah"
2025-04-22,PHP17,BRS01,14150,kg,BD-PIHPS,,,,,"PIHPS Provinsi Bengkulu (rata-rata pasar tradisional), bukan harga Bengkulu Tengah"
2025-04-22,PHP17,BRS02,15150,kg,BD-PIHPS,,,,,"PIHPS Provinsi Bengkulu (rata-rata pasar tradisional), bukan harga Bengkulu Tengah"
2025-04-22,PHP17,BRS03,15300,kg,BD-PIHPS,,,,,"PIHPS Provinsi Bengkulu (rata-rata pasar tradisional), bukan harga Bengkulu Tengah"
2025-04-22,PHP17,BRS04,15750,kg,BD-PIHPS,,,,,"PIHPS Provinsi Bengkulu (rata-rata pasar tradisional), bukan harga Bengkulu Tengah"
2025-04-22,PHP17,BRS05,15650,kg,BD-PIHPS,,,,,"PIHPS Provinsi Bengkulu (rata-rata pasar tradisional), bukan harga Bengkulu Tengah"
2025-04-22,PHP17,BRS06,15950,kg,BD-PIHPS,,,,,"PIHPS Provinsi Bengkulu (rata-rata pasar tradisional), bukan harga Bengkulu Tengah"
2025-04-22,PHP17,BWM01,51900,kg,BD-PIHPS,,,,,"PIHPS Provinsi Bengkulu (rata-rata pasar tradisional), bukan harga Bengkulu Tengah"
2025-04-22,PHP17,BWP01,48400,kg,BD-PIHPS,,,,,"PIHPS Provinsi Bengkulu (rata-rata pasar tradisional), bukan harga Bengkulu Tengah"
2025-04-22,PHP17,CMR01,54400,kg,BD-PIHPS,,,,,"PIHPS Provinsi Bengkulu (rata-rata pasar tradisional), bukan harga Bengkulu Tengah"
2025-04-22,PHP17,CMR02,58650,kg,BD-PIHPS,,,,,"PIHPS Provinsi Bengkulu (rata-rata pasar tradisional), bukan harga Bengkulu Tengah"
2025-04-22,PHP17,CRW01,36650,kg,BD-PIHPS,,,,,"PIHPS Provinsi Bengkulu (rata-rata pasar tradisional), bukan harga Bengkulu Tengah"
2025-04-22,PHP17,CRW02,51250,kg,BD-PIHPS,,,,,"PIHPS Provinsi Bengkulu (rata-rata pasar tradisional), bukan harga Bengkulu Tengah"
2025-04-22,PHP17,DAY01,27750,kg,BD-PIHPS,,,,,"PIHPS Provinsi Bengkulu (rata-rata pasar tradisional), bukan harga Bengkulu Tengah"
2025-04-22,PHP17,DSP01,135650,kg,BD-PIHPS,,,,,"PIHPS Provinsi Bengkulu (rata-rata pasar tradisional), bukan harga Bengkulu Tengah"
2025-04-22,PHP17,DSP02,135000,kg,BD-PIHPS,,,,,"PIHPS Provinsi Bengkulu (rata-rata pasar tradisional), bukan harga Bengkulu Tengah"
2025-04-22,PHP17,GLP01,18500,kg,BD-PIHPS,,,,,"PIHPS Provinsi Bengkulu (rata-rata pasar tradisional), bukan harga Bengkulu Tengah"
2025-04-22,PHP17,GLP02,19250,kg,BD-PIHPS,,,,,"PIHPS Provinsi Bengkulu (rata-rata pasar tradisional), bukan harga Bengkulu Tengah"
2025-04-22,PHP17,MGR01,18500,liter,BD-PIHPS,,,,,"PIHPS Provinsi Bengkulu (rata-rata pasar tradisional), bukan harga Bengkulu Tengah"
2025-04-22,PHP17,MGR02,21250,liter,BD-PIHPS,,,,,"PIHPS Provinsi Bengkulu (rata-rata pasar tradisional), bukan harga Bengkulu Tengah"
2025-04-22,PHP17,MGR03,20400,liter,BD-PIHPS,,,,,"PIHPS Provinsi Bengkulu (rata-rata pasar tradisional), bukan harga Bengkulu Tengah"
2025-04-22,PHP17,TLR01,28100,kg,BD-PIHPS,,,,,"PIHPS Provinsi Bengkulu (rata-rata pasar tradisional), bukan harga Bengkulu Tengah"
2025-04-23,PHP17,BRS01,14150,kg,BD-PIHPS,,,,,"PIHPS Provinsi Bengkulu (rata-rata pasar tradisional), bukan harga Bengkulu Tengah"
2025-04-23,PHP17,BRS02,15150,kg,BD-PIHPS,,,,,"PIHPS Provinsi Bengkulu (rata-rata pasar tradisional), bukan harga Bengkulu Tengah"
2025-04-23,PHP17,BRS03,15300,kg,BD-PIHPS,,,,,"PIHPS Provinsi Bengkulu (rata-rata pasar tradisional), bukan harga Bengkulu Tengah"
2025-04-23,PHP17,BRS04,15750,kg,BD-PIHPS,,,,,"PIHPS Provinsi Bengkulu (rata-rata pasar tradisional), bukan harga Bengkulu Tengah"
2025-04-23,PHP17,BRS05,15650,kg,BD-PIHPS,,,,,"PIHPS Provinsi Bengkulu (rata-rata pasar tradisional), bukan harga Bengkulu Tengah"
2025-04-23,PHP17,BRS06,15950,kg,BD-PIHPS,,,,,"PIHPS Provinsi Bengkulu (rata-rata pasar tradisional), bukan harga Bengkulu Tengah"
2025-04-23,PHP17,BWM01,51900,kg,BD-PIHPS,,,,,"PIHPS Provinsi Bengkulu (rata-rata pasar tradisional), bukan harga Bengkulu Tengah"
2025-04-23,PHP17,BWP01,47900,kg,BD-PIHPS,,,,,"PIHPS Provinsi Bengkulu (rata-rata pasar tradisional), bukan harga Bengkulu Tengah"
2025-04-23,PHP17,CMR01,51400,kg,BD-PIHPS,,,,,"PIHPS Provinsi Bengkulu (rata-rata pasar tradisional), bukan harga Bengkulu Tengah"
2025-04-23,PHP17,CMR02,56750,kg,BD-PIHPS,,,,,"PIHPS Provinsi Bengkulu (rata-rata pasar tradisional), bukan harga Bengkulu Tengah"
2025-04-23,PHP17,CRW01,35900,kg,BD-PIHPS,,,,,"PIHPS Provinsi Bengkulu (rata-rata pasar tradisional), bukan harga Bengkulu Tengah"
2025-04-23,PHP17,CRW02,47700,kg,BD-PIHPS,,,,,"PIHPS Provinsi Bengkulu (rata-rata pasar tradisional), bukan harga Bengkulu Tengah"
2025-04-23,PHP17,DAY01,27750,kg,BD-PIHPS,,,,,"PIHPS Provinsi Bengkulu (rata-rata pasar tradisional), bukan harga Bengkulu Tengah"
2025-04-23,PHP17,DSP01,135650,kg,BD-PIHPS,,,,,"PIHPS Provinsi Bengkulu (rata-rata pasar tradisional), bukan harga Bengkulu Tengah"
2025-04-23,PHP17,DSP02,135000,kg,BD-PIHPS,,,,,"PIHPS Provinsi Bengkulu (rata-rata pasar tradisional), bukan harga Bengkulu Tengah"
2025-04-23,PHP17,GLP01,18500,kg,BD-PIHPS,,,,,"PIHPS Provinsi Bengkulu (rata-rata pasar tradisional), bukan harga Bengkulu Tengah"
2025-04-23,PHP17,GLP02,19250,kg,BD-PIHPS,,,,,"PIHPS Provinsi Bengkulu (rata-rata pasar tradisional), bukan harga Bengkulu Tengah"
2025-04-23,PHP17,MGR01,18500,liter,BD-PIHPS,,,,,"PIHPS Provinsi Bengkulu (rata-rata pasar tradisional), bukan harga Bengkulu Tengah"
2025-04-23,PHP17,MGR02,21250,liter,BD-PIHPS,,,,,"PIHPS Provinsi Bengkulu (rata-rata pasar tradisional), bukan harga Bengkulu Tengah"
2025-04-23,PHP17,MGR03,20400,liter,BD-PIHPS,,,,,"PIHPS Provinsi Bengkulu (rata-rata pasar tradisional), bukan harga Bengkulu Tengah"
2025-04-23,PHP17,TLR01,28100,kg,BD-PIHPS,,,,,"PIHPS Provinsi Bengkulu (rata-rata pasar tradisional), bukan harga Bengkulu Tengah"
2025-04-24,PHP17,BRS01,14150,kg,BD-PIHPS,,,,,"PIHPS Provinsi Bengkulu (rata-rata pasar tradisional), bukan harga Bengkulu Tengah"
2025-04-24,PHP17,BRS02,15150,kg,BD-PIHPS,,,,,"PIHPS Provinsi Bengkulu (rata-rata pasar tradisional), bukan harga Bengkulu Tengah"
2025-04-24,PHP17,BRS03,15300,kg,BD-PIHPS,,,,,"PIHPS Provinsi Bengkulu (rata-rata pasar tradisional), bukan harga Bengkulu Tengah"
2025-04-24,PHP17,BRS04,15750,kg,BD-PIHPS,,,,,"PIHPS Provinsi Bengkulu (rata-rata pasar tradisional), bukan harga Bengkulu Tengah"
2025-04-24,PHP17,BRS05,15650,kg,BD-PIHPS,,,,,"PIHPS Provinsi Bengkulu (rata-rata pasar tradisional), bukan harga Bengkulu Tengah"
2025-04-24,PHP17,BRS06,15950,kg,BD-PIHPS,,,,,"PIHPS Provinsi Bengkulu (rata-rata pasar tradisional), bukan harga Bengkulu Tengah"
2025-04-24,PHP17,BWM01,51900,kg,BD-PIHPS,,,,,"PIHPS Provinsi Bengkulu (rata-rata pasar tradisional), bukan harga Bengkulu Tengah"
2025-04-24,PHP17,BWP01,47500,kg,BD-PIHPS,,,,,"PIHPS Provinsi Bengkulu (rata-rata pasar tradisional), bukan harga Bengkulu Tengah"
2025-04-24,PHP17,CMR01,48500,kg,BD-PIHPS,,,,,"PIHPS Provinsi Bengkulu (rata-rata pasar tradisional), bukan harga Bengkulu Tengah"
2025-04-24,PHP17,CMR02,54650,kg,BD-PIHPS,,,,,"PIHPS Provinsi Bengkulu (rata-rata pasar tradisional), bukan harga Bengkulu Tengah"
2025-04-24,PHP17,CRW01,34650,kg,BD-PIHPS,,,,,"PIHPS Provinsi Bengkulu (rata-rata pasar tradisional), bukan harga Bengkulu Tengah"
2025-04-24,PHP17,CRW02,43750,kg,BD-PIHPS,,,,,"PIHPS Provinsi Bengkulu (rata-rata pasar tradisional), bukan harga Bengkulu Tengah"
2025-04-24,PHP17,DAY01,27250,kg,BD-PIHPS,,,,,"PIHPS Provinsi Bengkulu (rata-rata pasar tradisional), bukan harga Bengkulu Tengah"
2025-04-24,PHP17,DSP01,135650,kg,BD-PIHPS,,,,,"PIHPS Provinsi Bengkulu (rata-rata pasar tradisional), bukan harga Bengkulu Tengah"
2025-04-24,PHP17,DSP02,135000,kg,BD-PIHPS,,,,,"PIHPS Provinsi Bengkulu (rata-rata pasar tradisional), bukan harga Bengkulu Tengah"
2025-04-24,PHP17,GLP01,18500,kg,BD-PIHPS,,,,,"PIHPS Provinsi Bengkulu (rata-rata pasar tradisional), bukan harga Bengkulu Tengah"
2025-04-24,PHP17,GLP02,19250,kg,BD-PIHPS,,,,,"PIHPS Provinsi Bengkulu (rata-rata pasar tradisional), bukan harga Bengkulu Tengah"
2025-04-24,PHP17,MGR01,18500,liter,BD-PIHPS,,,,,"PIHPS Provinsi Bengkulu (rata-rata pasar tradisional), bukan harga Bengkulu Tengah"
2025-04-24,PHP17,MGR02,21250,liter,BD-PIHPS,,,,,"PIHPS Provinsi Bengkulu (rata-rata pasar tradisional), bukan harga Bengkulu Tengah"
2025-04-24,PHP17,MGR03,20400,liter,BD-PIHPS,,,,,"PIHPS Provinsi Bengkulu (rata-rata pasar tradisional), bukan harga Bengkulu Tengah"
2025-04-24,PHP17,TLR01,28100,kg,BD-PIHPS,,,,,"PIHPS Provinsi Bengkulu (rata-rata pasar tradisional), bukan harga Bengkulu Tengah"
2025-04-25,PHP17,BRS01,14150,kg,BD-PIHPS,,,,,"PIHPS Provinsi Bengkulu (rata-rata pasar tradisional), bukan harga Bengkulu Tengah"
2025-04-25,PHP17,BRS02,15150,kg,BD-PIHPS,,,,,"PIHPS Provinsi Bengkulu (rata-rata pasar tradisional), bukan harga Bengkulu Tengah"
2025-04-25,PHP17,BRS03,15300,kg,BD-PIHPS,,,,,"PIHPS Provinsi Bengkulu (rata-rata pasar tradisional), bukan harga Bengkulu Tengah"
2025-04-25,PHP17,BRS04,15750,kg,BD-PIHPS,,,,,"PIHPS Provinsi Bengkulu (rata-rata pasar tradisional), bukan harga Bengkulu Tengah"
2025-04-25,PHP17,BRS05,15650,kg,BD-PIHPS,,,,,"PIHPS Provinsi Bengkulu (rata-rata pasar tradisional), bukan harga Bengkulu Tengah"
2025-04-25,PHP17,BRS06,15950,kg,BD-PIHPS,,,,,"PIHPS Provinsi Bengkulu (rata-rata pasar tradisional), bukan harga Bengkulu Tengah"
2025-04-25,PHP17,BWM01,49150,kg,BD-PIHPS,,,,,"PIHPS Provinsi Bengkulu (rata-rata pasar tradisional), bukan harga Bengkulu Tengah"
2025-04-25,PHP17,BWP01,46400,kg,BD-PIHPS,,,,,"PIHPS Provinsi Bengkulu (rata-rata pasar tradisional), bukan harga Bengkulu Tengah"
2025-04-25,PHP17,CMR01,46900,kg,BD-PIHPS,,,,,"PIHPS Provinsi Bengkulu (rata-rata pasar tradisional), bukan harga Bengkulu Tengah"
2025-04-25,PHP17,CMR02,50500,kg,BD-PIHPS,,,,,"PIHPS Provinsi Bengkulu (rata-rata pasar tradisional), bukan harga Bengkulu Tengah"
2025-04-25,PHP17,CRW01,32750,kg,BD-PIHPS,,,,,"PIHPS Provinsi Bengkulu (rata-rata pasar tradisional), bukan harga Bengkulu Tengah"
2025-04-25,PHP17,CRW02,31100,kg,BD-PIHPS,,,,,"PIHPS Provinsi Bengkulu (rata-rata pasar tradisional), bukan harga Bengkulu Tengah"
2025-04-25,PHP17,DAY01,27750,kg,BD-PIHPS,,,,,"PIHPS Provinsi Bengkulu (rata-rata pasar tradisional), bukan harga Bengkulu Tengah"
2025-04-25,PHP17,DSP01,135650,kg,BD-PIHPS,,,,,"PIHPS Provinsi Bengkulu (rata-rata pasar tradisional), bukan harga Bengkulu Tengah"
2025-04-25,PHP17,DSP02,135000,kg,BD-PIHPS,,,,,"PIHPS Provinsi Bengkulu (rata-rata pasar tradisional), bukan harga Bengkulu Tengah"
2025-04-25,PHP17,GLP01,18500,kg,BD-PIHPS,,,,,"PIHPS Provinsi Bengkulu (rata-rata pasar tradisional), bukan harga Bengkulu Tengah"
2025-04-25,PHP17,GLP02,19250,kg,BD-PIHPS,,,,,"PIHPS Provinsi Bengkulu (rata-rata pasar tradisional), bukan harga Bengkulu Tengah"
2025-04-25,PHP17,MGR01,18500,liter,BD-PIHPS,,,,,"PIHPS Provinsi Bengkulu (rata-rata pasar tradisional), bukan harga Bengkulu Tengah"
2025-04-25,PHP17,MGR02,21250,liter,BD-PIHPS,,,,,"PIHPS Provinsi Bengkulu (rata-rata pasar tradisional), bukan harga Bengkulu Tengah"
2025-04-25,PHP17,MGR03,20400,liter,BD-PIHPS,,,,,"PIHPS Provinsi Bengkulu (rata-rata pasar tradisional), bukan harga Bengkulu Tengah"
2025-04-25,PHP17,TLR01,28100,kg,BD-PIHPS,,,,,"PIHPS Provinsi Bengkulu (rata-rata pasar tradisional), bukan harga Bengkulu Tengah"
2025-04-28,PHP17,BRS01,14150,kg,BD-PIHPS,,,,,"PIHPS Provinsi Bengkulu (rata-rata pasar tradisional), bukan harga Bengkulu Tengah"
2025-04-28,PHP17,BRS02,15150,kg,BD-PIHPS,,,,,"PIHPS Provinsi Bengkulu (rata-rata pasar tradisional), bukan harga Bengkulu Tengah"
2025-04-28,PHP17,BRS03,15300,kg,BD-PIHPS,,,,,"PIHPS Provinsi Bengkulu (rata-rata pasar tradisional), bukan harga Bengkulu Tengah"
2025-04-28,PHP17,BRS04,15750,kg,BD-PIHPS,,,,,"PIHPS Provinsi Bengkulu (rata-rata pasar tradisional), bukan harga Bengkulu Tengah"
2025-04-28,PHP17,BRS05,15650,kg,BD-PIHPS,,,,,"PIHPS Provinsi Bengkulu (rata-rata pasar tradisional), bukan harga Bengkulu Tengah"
2025-04-28,PHP17,BRS06,15950,kg,BD-PIHPS,,,,,"PIHPS Provinsi Bengkulu (rata-rata pasar tradisional), bukan harga Bengkulu Tengah"
2025-04-28,PHP17,BWM01,49150,kg,BD-PIHPS,,,,,"PIHPS Provinsi Bengkulu (rata-rata pasar tradisional), bukan harga Bengkulu Tengah"
2025-04-28,PHP17,BWP01,46400,kg,BD-PIHPS,,,,,"PIHPS Provinsi Bengkulu (rata-rata pasar tradisional), bukan harga Bengkulu Tengah"
2025-04-28,PHP17,CMR01,44250,kg,BD-PIHPS,,,,,"PIHPS Provinsi Bengkulu (rata-rata pasar tradisional), bukan harga Bengkulu Tengah"
2025-04-28,PHP17,CMR02,50400,kg,BD-PIHPS,,,,,"PIHPS Provinsi Bengkulu (rata-rata pasar tradisional), bukan harga Bengkulu Tengah"
2025-04-28,PHP17,CRW01,32750,kg,BD-PIHPS,,,,,"PIHPS Provinsi Bengkulu (rata-rata pasar tradisional), bukan harga Bengkulu Tengah"
2025-04-28,PHP17,CRW02,37400,kg,BD-PIHPS,,,,,"PIHPS Provinsi Bengkulu (rata-rata pasar tradisional), bukan harga Bengkulu Tengah"
2025-04-28,PHP17,DAY01,27750,kg,BD-PIHPS,,,,,"PIHPS Provinsi Bengkulu (rata-rata pasar tradisional), bukan harga Bengkulu Tengah"
2025-04-28,PHP17,DSP01,135650,kg,BD-PIHPS,,,,,"PIHPS Provinsi Bengkulu (rata-rata pasar tradisional), bukan harga Bengkulu Tengah"
2025-04-28,PHP17,DSP02,135000,kg,BD-PIHPS,,,,,"PIHPS Provinsi Bengkulu (rata-rata pasar tradisional), bukan harga Bengkulu Tengah"
2025-04-28,PHP17,GLP01,18500,kg,BD-PIHPS,,,,,"PIHPS Provinsi Bengkulu (rata-rata pasar tradisional), bukan harga Bengkulu Tengah"
2025-04-28,PHP17,GLP02,19250,kg,BD-PIHPS,,,,,"PIHPS Provinsi Bengkulu (rata-rata pasar tradisional), bukan harga Bengkulu Tengah"
2025-04-28,PHP17,MGR01,18500,liter,BD-PIHPS,,,,,"PIHPS Provinsi Bengkulu (rata-rata pasar tradisional), bukan harga Bengkulu Tengah"
2025-04-28,PHP17,MGR02,21250,liter,BD-PIHPS,,,,,"PIHPS Provinsi Bengkulu (rata-rata pasar tradisional), bukan harga Bengkulu Tengah"
2025-04-28,PHP17,MGR03,20400,liter,BD-PIHPS,,,,,"PIHPS Provinsi Bengkulu (rata-rata pasar tradisional), bukan harga Bengkulu Tengah"
2025-04-28,PHP17,TLR01,28100,kg,BD-PIHPS,,,,,"PIHPS Provinsi Bengkulu (rata-rata pasar tradisional), bukan harga Bengkulu Tengah"
2025-04-29,PHP17,BRS01,14150,kg,BD-PIHPS,,,,,"PIHPS Provinsi Bengkulu (rata-rata pasar tradisional), bukan harga Bengkulu Tengah"
2025-04-29,PHP17,BRS02,15150,kg,BD-PIHPS,,,,,"PIHPS Provinsi Bengkulu (rata-rata pasar tradisional), bukan harga Bengkulu Tengah"
2025-04-29,PHP17,BRS03,15300,kg,BD-PIHPS,,,,,"PIHPS Provinsi Bengkulu (rata-rata pasar tradisional), bukan harga Bengkulu Tengah"
2025-04-29,PHP17,BRS04,15750,kg,BD-PIHPS,,,,,"PIHPS Provinsi Bengkulu (rata-rata pasar tradisional), bukan harga Bengkulu Tengah"
2025-04-29,PHP17,BRS05,15650,kg,BD-PIHPS,,,,,"PIHPS Provinsi Bengkulu (rata-rata pasar tradisional), bukan harga Bengkulu Tengah"
2025-04-29,PHP17,BRS06,15950,kg,BD-PIHPS,,,,,"PIHPS Provinsi Bengkulu (rata-rata pasar tradisional), bukan harga Bengkulu Tengah"
2025-04-29,PHP17,BWM01,49150,kg,BD-PIHPS,,,,,"PIHPS Provinsi Bengkulu (rata-rata pasar tradisional), bukan harga Bengkulu Tengah"
2025-04-29,PHP17,BWP01,47000,kg,BD-PIHPS,,,,,"PIHPS Provinsi Bengkulu (rata-rata pasar tradisional), bukan harga Bengkulu Tengah"
2025-04-29,PHP17,CMR01,41750,kg,BD-PIHPS,,,,,"PIHPS Provinsi Bengkulu (rata-rata pasar tradisional), bukan harga Bengkulu Tengah"
2025-04-29,PHP17,CMR02,49000,kg,BD-PIHPS,,,,,"PIHPS Provinsi Bengkulu (rata-rata pasar tradisional), bukan harga Bengkulu Tengah"
2025-04-29,PHP17,CRW01,32750,kg,BD-PIHPS,,,,,"PIHPS Provinsi Bengkulu (rata-rata pasar tradisional), bukan harga Bengkulu Tengah"
2025-04-29,PHP17,CRW02,33950,kg,BD-PIHPS,,,,,"PIHPS Provinsi Bengkulu (rata-rata pasar tradisional), bukan harga Bengkulu Tengah"
2025-04-29,PHP17,DAY01,28250,kg,BD-PIHPS,,,,,"PIHPS Provinsi Bengkulu (rata-rata pasar tradisional), bukan harga Bengkulu Tengah"
2025-04-29,PHP17,DSP01,135650,kg,BD-PIHPS,,,,,"PIHPS Provinsi Bengkulu (rata-rata pasar tradisional), bukan harga Bengkulu Tengah"
2025-04-29,PHP17,DSP02,135000,kg,BD-PIHPS,,,,,"PIHPS Provinsi Bengkulu (rata-rata pasar tradisional), bukan harga Bengkulu Tengah"
2025-04-29,PHP17,GLP01,18500,kg,BD-PIHPS,,,,,"PIHPS Provinsi Bengkulu (rata-rata pasar tradisional), bukan harga Bengkulu Tengah"
2025-04-29,PHP17,GLP02,19250,kg,BD-PIHPS,,,,,"PIHPS Provinsi Bengkulu (rata-rata pasar tradisional), bukan harga Bengkulu Tengah"
2025-04-29,PHP17,MGR01,18500,liter,BD-PIHPS,,,,,"PIHPS Provinsi Bengkulu (rata-rata pasar tradisional), bukan harga Bengkulu Tengah"
2025-04-29,PHP17,MGR02,21250,liter,BD-PIHPS,,,,,"PIHPS Provinsi Bengkulu (rata-rata pasar tradisional), bukan harga Bengkulu Tengah"
2025-04-29,PHP17,MGR03,20400,liter,BD-PIHPS,,,,,"PIHPS Provinsi Bengkulu (rata-rata pasar tradisional), bukan harga Bengkulu Tengah"
2025-04-29,PHP17,TLR01,28100,kg,BD-PIHPS,,,,,"PIHPS Provinsi Bengkulu (rata-rata pasar tradisional), bukan harga Bengkulu Tengah"
2025-04-30,PHP17,BRS01,14150,kg,BD-PIHPS,,,,,"PIHPS Provinsi Bengkulu (rata-rata pasar tradisional), bukan harga Bengkulu Tengah"
2025-04-30,PHP17,BRS02,15150,kg,BD-PIHPS,,,,,"PIHPS Provinsi Bengkulu (rata-rata pasar tradisional), bukan harga Bengkulu Tengah"
2025-04-30,PHP17,BRS03,15300,kg,BD-PIHPS,,,,,"PIHPS Provinsi Bengkulu (rata-rata pasar tradisional), bukan harga Bengkulu Tengah"
2025-04-30,PHP17,BRS04,15750,kg,BD-PIHPS,,,,,"PIHPS Provinsi Bengkulu (rata-rata pasar tradisional), bukan harga Bengkulu Tengah"
2025-04-30,PHP17,BRS05,15650,kg,BD-PIHPS,,,,,"PIHPS Provinsi Bengkulu (rata-rata pasar tradisional), bukan harga Bengkulu Tengah"
2025-04-30,PHP17,BRS06,15950,kg,BD-PIHPS,,,,,"PIHPS Provinsi Bengkulu (rata-rata pasar tradisional), bukan harga Bengkulu Tengah"
2025-04-30,PHP17,BWM01,48750,kg,BD-PIHPS,,,,,"PIHPS Provinsi Bengkulu (rata-rata pasar tradisional), bukan harga Bengkulu Tengah"
2025-04-30,PHP17,BWP01,47750,kg,BD-PIHPS,,,,,"PIHPS Provinsi Bengkulu (rata-rata pasar tradisional), bukan harga Bengkulu Tengah"
2025-04-30,PHP17,CMR01,40250,kg,BD-PIHPS,,,,,"PIHPS Provinsi Bengkulu (rata-rata pasar tradisional), bukan harga Bengkulu Tengah"
2025-04-30,PHP17,CMR02,46900,kg,BD-PIHPS,,,,,"PIHPS Provinsi Bengkulu (rata-rata pasar tradisional), bukan harga Bengkulu Tengah"
2025-04-30,PHP17,CRW01,33000,kg,BD-PIHPS,,,,,"PIHPS Provinsi Bengkulu (rata-rata pasar tradisional), bukan harga Bengkulu Tengah"
2025-04-30,PHP17,CRW02,31600,kg,BD-PIHPS,,,,,"PIHPS Provinsi Bengkulu (rata-rata pasar tradisional), bukan harga Bengkulu Tengah"
2025-04-30,PHP17,DAY01,28250,kg,BD-PIHPS,,,,,"PIHPS Provinsi Bengkulu (rata-rata pasar tradisional), bukan harga Bengkulu Tengah"
2025-04-30,PHP17,DSP01,135650,kg,BD-PIHPS,,,,,"PIHPS Provinsi Bengkulu (rata-rata pasar tradisional), bukan harga Bengkulu Tengah"
2025-04-30,PHP17,DSP02,135000,kg,BD-PIHPS,,,,,"PIHPS Provinsi Bengkulu (rata-rata pasar tradisional), bukan harga Bengkulu Tengah"
2025-04-30,PHP17,GLP01,18500,kg,BD-PIHPS,,,,,"PIHPS Provinsi Bengkulu (rata-rata pasar tradisional), bukan harga Bengkulu Tengah"
2025-04-30,PHP17,GLP02,19250,kg,BD-PIHPS,,,,,"PIHPS Provinsi Bengkulu (rata-rata pasar tradisional), bukan harga Bengkulu Tengah"
2025-04-30,PHP17,MGR01,18500,liter,BD-PIHPS,,,,,"PIHPS Provinsi Bengkulu (rata-rata pasar tradisional), bukan harga Bengkulu Tengah"
2025-04-30,PHP17,MGR02,21250,liter,BD-PIHPS,,,,,"PIHPS Provinsi Bengkulu (rata-rata pasar tradisional), bukan harga Bengkulu Tengah"
2025-04-30,PHP17,MGR03,20400,liter,BD-PIHPS,,,,,"PIHPS Provinsi Bengkulu (rata-rata pasar tradisional), bukan harga Bengkulu Tengah"
2025-04-30,PHP17,TLR01,28100,kg,BD-PIHPS,,,,,"PIHPS Provinsi Bengkulu (rata-rata pasar tradisional), bukan harga Bengkulu Tengah"
2025-05-01,PHP17,BRS01,14150,kg,BD-PIHPS,,,,,"PIHPS Provinsi Bengkulu (rata-rata pasar tradisional), bukan harga Bengkulu Tengah"
2025-05-01,PHP17,BRS02,15150,kg,BD-PIHPS,,,,,"PIHPS Provinsi Bengkulu (rata-rata pasar tradisional), bukan harga Bengkulu Tengah"
2025-05-01,PHP17,BRS03,15300,kg,BD-PIHPS,,,,,"PIHPS Provinsi Bengkulu (rata-rata pasar tradisional), bukan harga Bengkulu Tengah"
2025-05-01,PHP17,BRS04,15750,kg,BD-PIHPS,,,,,"PIHPS Provinsi Bengkulu (rata-rata pasar tradisional), bukan harga Bengkulu Tengah"
2025-05-01,PHP17,BRS05,15650,kg,BD-PIHPS,,,,,"PIHPS Provinsi Bengkulu (rata-rata pasar tradisional), bukan harga Bengkulu Tengah"
2025-05-01,PHP17,BRS06,15950,kg,BD-PIHPS,,,,,"PIHPS Provinsi Bengkulu (rata-rata pasar tradisional), bukan harga Bengkulu Tengah"
2025-05-01,PHP17,BWM01,48750,kg,BD-PIHPS,,,,,"PIHPS Provinsi Bengkulu (rata-rata pasar tradisional), bukan harga Bengkulu Tengah"
2025-05-01,PHP17,BWP01,47750,kg,BD-PIHPS,,,,,"PIHPS Provinsi Bengkulu (rata-rata pasar tradisional), bukan harga Bengkulu Tengah"
2025-05-01,PHP17,CMR01,40250,kg,BD-PIHPS,,,,,"PIHPS Provinsi Bengkulu (rata-rata pasar tradisional), bukan harga Bengkulu Tengah"
2025-05-01,PHP17,CMR02,46900,kg,BD-PIHPS,,,,,"PIHPS Provinsi Bengkulu (rata-rata pasar tradisional), bukan harga Bengkulu Tengah"
2025-05-01,PHP17,CRW01,33000,kg,BD-PIHPS,,,,,"PIHPS Provinsi Bengkulu (rata-rata pasar tradisional), bukan harga Bengkulu Tengah"
2025-05-01,PHP17,CRW02,31600,kg,BD-PIHPS,,,,,"PIHPS Provinsi Bengkulu (rata-rata pasar tradisional), bukan harga Bengkulu Tengah"
2025-05-01,PHP17,DAY01,28250,kg,BD-PIHPS,,,,,"PIHPS Provinsi Bengkulu (rata-rata pasar tradisional), bukan harga Bengkulu Tengah"
2025-05-01,PHP17,DSP01,135650,kg,BD-PIHPS,,,,,"PIHPS Provinsi Bengkulu (rata-rata pasar tradisional), bukan harga Bengkulu Tengah"
2025-05-01,PHP17,DSP02,135000,kg,BD-PIHPS,,,,,"PIHPS Provinsi Bengkulu (rata-rata pasar tradisional), bukan harga Bengkulu Tengah"
2025-05-01,PHP17,GLP01,18500,kg,BD-PIHPS,,,,,"PIHPS Provinsi Bengkulu (rata-rata pasar tradisional), bukan harga Bengkulu Tengah"
2025-05-01,PHP17,GLP02,19250,kg,BD-PIHPS,,,,,"PIHPS Provinsi Bengkulu (rata-rata pasar tradisional), bukan harga Bengkulu Tengah"
2025-05-01,PHP17,MGR01,18500,liter,BD-PIHPS,,,,,"PIHPS Provinsi Bengkulu (rata-rata pasar tradisional), bukan harga Bengkulu Tengah"
2025-05-01,PHP17,MGR02,21250,liter,BD-PIHPS,,,,,"PIHPS Provinsi Bengkulu (rata-rata pasar tradisional), bukan harga Bengkulu Tengah"
2025-05-01,PHP17,MGR03,20400,liter,BD-PIHPS,,,,,"PIHPS Provinsi Bengkulu (rata-rata pasar tradisional), bukan harga Bengkulu Tengah"
2025-05-01,PHP17,TLR01,28100,kg,BD-PIHPS,,,,,"PIHPS Provinsi Bengkulu (rata-rata pasar tradisional), bukan harga Bengkulu Tengah"
2025-05-02,PHP17,BRS01,14150,kg,BD-PIHPS,,,,,"PIHPS Provinsi Bengkulu (rata-rata pasar tradisional), bukan harga Bengkulu Tengah"
2025-05-02,PHP17,BRS02,15150,kg,BD-PIHPS,,,,,"PIHPS Provinsi Bengkulu (rata-rata pasar tradisional), bukan harga Bengkulu Tengah"
2025-05-02,PHP17,BRS03,15300,kg,BD-PIHPS,,,,,"PIHPS Provinsi Bengkulu (rata-rata pasar tradisional), bukan harga Bengkulu Tengah"
2025-05-02,PHP17,BRS04,15750,kg,BD-PIHPS,,,,,"PIHPS Provinsi Bengkulu (rata-rata pasar tradisional), bukan harga Bengkulu Tengah"
2025-05-02,PHP17,BRS05,15650,kg,BD-PIHPS,,,,,"PIHPS Provinsi Bengkulu (rata-rata pasar tradisional), bukan harga Bengkulu Tengah"
2025-05-02,PHP17,BRS06,15950,kg,BD-PIHPS,,,,,"PIHPS Provinsi Bengkulu (rata-rata pasar tradisional), bukan harga Bengkulu Tengah"
2025-05-02,PHP17,BWM01,49400,kg,BD-PIHPS,,,,,"PIHPS Provinsi Bengkulu (rata-rata pasar tradisional), bukan harga Bengkulu Tengah"
2025-05-02,PHP17,BWP01,48150,kg,BD-PIHPS,,,,,"PIHPS Provinsi Bengkulu (rata-rata pasar tradisional), bukan harga Bengkulu Tengah"
2025-05-02,PHP17,CMR01,40250,kg,BD-PIHPS,,,,,"PIHPS Provinsi Bengkulu (rata-rata pasar tradisional), bukan harga Bengkulu Tengah"
2025-05-02,PHP17,CMR02,45150,kg,BD-PIHPS,,,,,"PIHPS Provinsi Bengkulu (rata-rata pasar tradisional), bukan harga Bengkulu Tengah"
2025-05-02,PHP17,CRW01,33650,kg,BD-PIHPS,,,,,"PIHPS Provinsi Bengkulu (rata-rata pasar tradisional), bukan harga Bengkulu Tengah"
2025-05-02,PHP17,CRW02,31950,kg,BD-PIHPS,,,,,"PIHPS Provinsi Bengkulu (rata-rata pasar tradisional), bukan harga Bengkulu Tengah"
2025-05-02,PHP17,DAY01,28250,kg,BD-PIHPS,,,,,"PIHPS Provinsi Bengkulu (rata-rata pasar tradisional), bukan harga Bengkulu Tengah"
2025-05-02,PHP17,DSP01,135650,kg,BD-PIHPS,,,,,"PIHPS Provinsi Bengkulu (rata-rata pasar tradisional), bukan harga Bengkulu Tengah"
2025-05-02,PHP17,DSP02,135000,kg,BD-PIHPS,,,,,"PIHPS Provinsi Bengkulu (rata-rata pasar tradisional), bukan harga Bengkulu Tengah"
2025-05-02,PHP17,GLP01,18500,kg,BD-PIHPS,,,,,"PIHPS Provinsi Bengkulu (rata-rata pasar tradisional), bukan harga Bengkulu Tengah"
2025-05-02,PHP17,GLP02,19250,kg,BD-PIHPS,,,,,"PIHPS Provinsi Bengkulu (rata-rata pasar tradisional), bukan harga Bengkulu Tengah"
2025-05-02,PHP17,MGR01,18500,liter,BD-PIHPS,,,,,"PIHPS Provinsi Bengkulu (rata-rata pasar tradisional), bukan harga Bengkulu Tengah"
2025-05-02,PHP17,MGR02,21250,liter,BD-PIHPS,,,,,"PIHPS Provinsi Bengkulu (rata-rata pasar tradisional), bukan harga Bengkulu Tengah"
2025-05-02,PHP17,MGR03,20400,liter,BD-PIHPS,,,,,"PIHPS Provinsi Bengkulu (rata-rata pasar tradisional), bukan harga Bengkulu Tengah"
2025-05-02,PHP17,TLR01,28300,kg,BD-PIHPS,,,,,"PIHPS Provinsi Bengkulu (rata-rata pasar tradisional), bukan harga Bengkulu Tengah"
2025-05-05,PHP17,BRS01,14150,kg,BD-PIHPS,,,,,"PIHPS Provinsi Bengkulu (rata-rata pasar tradisional), bukan harga Bengkulu Tengah"
2025-05-05,PHP17,BRS02,15150,kg,BD-PIHPS,,,,,"PIHPS Provinsi Bengkulu (rata-rata pasar tradisional), bukan harga Bengkulu Tengah"
2025-05-05,PHP17,BRS03,15300,kg,BD-PIHPS,,,,,"PIHPS Provinsi Bengkulu (rata-rata pasar tradisional), bukan harga Bengkulu Tengah"
2025-05-05,PHP17,BRS04,15750,kg,BD-PIHPS,,,,,"PIHPS Provinsi Bengkulu (rata-rata pasar tradisional), bukan harga Bengkulu Tengah"
2025-05-05,PHP17,BRS05,15650,kg,BD-PIHPS,,,,,"PIHPS Provinsi Bengkulu (rata-rata pasar tradisional), bukan harga Bengkulu Tengah"
2025-05-05,PHP17,BRS06,15950,kg,BD-PIHPS,,,,,"PIHPS Provinsi Bengkulu (rata-rata pasar tradisional), bukan harga Bengkulu Tengah"
2025-05-05,PHP17,BWM01,47000,kg,BD-PIHPS,,,,,"PIHPS Provinsi Bengkulu (rata-rata pasar tradisional), bukan harga Bengkulu Tengah"
2025-05-05,PHP17,BWP01,46250,kg,BD-PIHPS,,,,,"PIHPS Provinsi Bengkulu (rata-rata pasar tradisional), bukan harga Bengkulu Tengah"
2025-05-05,PHP17,CMR01,38500,kg,BD-PIHPS,,,,,"PIHPS Provinsi Bengkulu (rata-rata pasar tradisional), bukan harga Bengkulu Tengah"
2025-05-05,PHP17,CMR02,42750,kg,BD-PIHPS,,,,,"PIHPS Provinsi Bengkulu (rata-rata pasar tradisional), bukan harga Bengkulu Tengah"
2025-05-05,PHP17,CRW01,34650,kg,BD-PIHPS,,,,,"PIHPS Provinsi Bengkulu (rata-rata pasar tradisional), bukan harga Bengkulu Tengah"
2025-05-05,PHP17,CRW02,30550,kg,BD-PIHPS,,,,,"PIHPS Provinsi Bengkulu (rata-rata pasar tradisional), bukan harga Bengkulu Tengah"
2025-05-05,PHP17,DAY01,28250,kg,BD-PIHPS,,,,,"PIHPS Provinsi Bengkulu (rata-rata pasar tradisional), bukan harga Bengkulu Tengah"
2025-05-05,PHP17,DSP01,135650,kg,BD-PIHPS,,,,,"PIHPS Provinsi Bengkulu (rata-rata pasar tradisional), bukan harga Bengkulu Tengah"
2025-05-05,PHP17,DSP02,135000,kg,BD-PIHPS,,,,,"PIHPS Provinsi Bengkulu (rata-rata pasar tradisional), bukan harga Bengkulu Tengah"
2025-05-05,PHP17,GLP01,18500,kg,BD-PIHPS,,,,,"PIHPS Provinsi Bengkulu (rata-rata pasar tradisional), bukan harga Bengkulu Tengah"
2025-05-05,PHP17,GLP02,19250,kg,BD-PIHPS,,,,,"PIHPS Provinsi Bengkulu (rata-rata pasar tradisional), bukan harga Bengkulu Tengah"
2025-05-05,PHP17,MGR01,18500,liter,BD-PIHPS,,,,,"PIHPS Provinsi Bengkulu (rata-rata pasar tradisional), bukan harga Bengkulu Tengah"
2025-05-05,PHP17,MGR02,21250,liter,BD-PIHPS,,,,,"PIHPS Provinsi Bengkulu (rata-rata pasar tradisional), bukan harga Bengkulu Tengah"
2025-05-05,PHP17,MGR03,20400,liter,BD-PIHPS,,,,,"PIHPS Provinsi Bengkulu (rata-rata pasar tradisional), bukan harga Bengkulu Tengah"
2025-05-05,PHP17,TLR01,28300,kg,BD-PIHPS,,,,,"PIHPS Provinsi Bengkulu (rata-rata pasar tradisional), bukan harga Bengkulu Tengah"
2025-05-06,PHP17,BRS01,14150,kg,BD-PIHPS,,,,,"PIHPS Provinsi Bengkulu (rata-rata pasar tradisional), bukan harga Bengkulu Tengah"
2025-05-06,PHP17,BRS02,15150,kg,BD-PIHPS,,,,,"PIHPS Provinsi Bengkulu (rata-rata pasar tradisional), bukan harga Bengkulu Tengah"
2025-05-06,PHP17,BRS03,15300,kg,BD-PIHPS,,,,,"PIHPS Provinsi Bengkulu (rata-rata pasar tradisional), bukan harga Bengkulu Tengah"
2025-05-06,PHP17,BRS04,15750,kg,BD-PIHPS,,,,,"PIHPS Provinsi Bengkulu (rata-rata pasar tradisional), bukan harga Bengkulu Tengah"
2025-05-06,PHP17,BRS05,15650,kg,BD-PIHPS,,,,,"PIHPS Provinsi Bengkulu (rata-rata pasar tradisional), bukan harga Bengkulu Tengah"
2025-05-06,PHP17,BRS06,15950,kg,BD-PIHPS,,,,,"PIHPS Provinsi Bengkulu (rata-rata pasar tradisional), bukan harga Bengkulu Tengah"
2025-05-06,PHP17,BWM01,45750,kg,BD-PIHPS,,,,,"PIHPS Provinsi Bengkulu (rata-rata pasar tradisional), bukan harga Bengkulu Tengah"
2025-05-06,PHP17,BWP01,44150,kg,BD-PIHPS,,,,,"PIHPS Provinsi Bengkulu (rata-rata pasar tradisional), bukan harga Bengkulu Tengah"
2025-05-06,PHP17,CMR01,36400,kg,BD-PIHPS,,,,,"PIHPS Provinsi Bengkulu (rata-rata pasar tradisional), bukan harga Bengkulu Tengah"
2025-05-06,PHP17,CMR02,40750,kg,BD-PIHPS,,,,,"PIHPS Provinsi Bengkulu (rata-rata pasar tradisional), bukan harga Bengkulu Tengah"
2025-05-06,PHP17,CRW01,33900,kg,BD-PIHPS,,,,,"PIHPS Provinsi Bengkulu (rata-rata pasar tradisional), bukan harga Bengkulu Tengah"
2025-05-06,PHP17,CRW02,29750,kg,BD-PIHPS,,,,,"PIHPS Provinsi Bengkulu (rata-rata pasar tradisional), bukan harga Bengkulu Tengah"
2025-05-06,PHP17,DAY01,28500,kg,BD-PIHPS,,,,,"PIHPS Provinsi Bengkulu (rata-rata pasar tradisional), bukan harga Bengkulu Tengah"
2025-05-06,PHP17,DSP01,135650,kg,BD-PIHPS,,,,,"PIHPS Provinsi Bengkulu (rata-rata pasar tradisional), bukan harga Bengkulu Tengah"
2025-05-06,PHP17,DSP02,135000,kg,BD-PIHPS,,,,,"PIHPS Provinsi Bengkulu (rata-rata pasar tradisional), bukan harga Bengkulu Tengah"
2025-05-06,PHP17,GLP01,18500,kg,BD-PIHPS,,,,,"PIHPS Provinsi Bengkulu (rata-rata pasar tradisional), bukan harga Bengkulu Tengah"
2025-05-06,PHP17,GLP02,19250,kg,BD-PIHPS,,,,,"PIHPS Provinsi Bengkulu (rata-rata pasar tradisional), bukan harga Bengkulu Tengah"
2025-05-06,PHP17,MGR01,18500,liter,BD-PIHPS,,,,,"PIHPS Provinsi Bengkulu (rata-rata pasar tradisional), bukan harga Bengkulu Tengah"
2025-05-06,PHP17,MGR02,21250,liter,BD-PIHPS,,,,,"PIHPS Provinsi Bengkulu (rata-rata pasar tradisional), bukan harga Bengkulu Tengah"
2025-05-06,PHP17,MGR03,20400,liter,BD-PIHPS,,,,,"PIHPS Provinsi Bengkulu (rata-rata pasar tradisional), bukan harga Bengkulu Tengah"
2025-05-06,PHP17,TLR01,28300,kg,BD-PIHPS,,,,,"PIHPS Provinsi Bengkulu (rata-rata pasar tradisional), bukan harga Bengkulu Tengah"
2025-05-07,PHP17,BRS01,14150,kg,BD-PIHPS,,,,,"PIHPS Provinsi Bengkulu (rata-rata pasar tradisional), bukan harga Bengkulu Tengah"
2025-05-07,PHP17,BRS02,15150,kg,BD-PIHPS,,,,,"PIHPS Provinsi Bengkulu (rata-rata pasar tradisional), bukan harga Bengkulu Tengah"
2025-05-07,PHP17,BRS03,15300,kg,BD-PIHPS,,,,,"PIHPS Provinsi Bengkulu (rata-rata pasar tradisional), bukan harga Bengkulu Tengah"
2025-05-07,PHP17,BRS04,15750,kg,BD-PIHPS,,,,,"PIHPS Provinsi Bengkulu (rata-rata pasar tradisional), bukan harga Bengkulu Tengah"
2025-05-07,PHP17,BRS05,15650,kg,BD-PIHPS,,,,,"PIHPS Provinsi Bengkulu (rata-rata pasar tradisional), bukan harga Bengkulu Tengah"
2025-05-07,PHP17,BRS06,15950,kg,BD-PIHPS,,,,,"PIHPS Provinsi Bengkulu (rata-rata pasar tradisional), bukan harga Bengkulu Tengah"
2025-05-07,PHP17,BWM01,46900,kg,BD-PIHPS,,,,,"PIHPS Provinsi Bengkulu (rata-rata pasar tradisional), bukan harga Bengkulu Tengah"
2025-05-07,PHP17,BWP01,45400,kg,BD-PIHPS,,,,,"PIHPS Provinsi Bengkulu (rata-rata pasar tradisional), bukan harga Bengkulu Tengah"
2025-05-07,PHP17,CMR01,38400,kg,BD-PIHPS,,,,,"PIHPS Provinsi Bengkulu (rata-rata pasar tradisional), bukan harga Bengkulu Tengah"
2025-05-07,PHP17,CMR02,42150,kg,BD-PIHPS,,,,,"PIHPS Provinsi Bengkulu (rata-rata pasar tradisional), bukan harga Bengkulu Tengah"
2025-05-07,PHP17,CRW01,34400,kg,BD-PIHPS,,,,,"PIHPS Provinsi Bengkulu (rata-rata pasar tradisional), bukan harga Bengkulu Tengah"
2025-05-07,PHP17,CRW02,29750,kg,BD-PIHPS,,,,,"PIHPS Provinsi Bengkulu (rata-rata pasar tradisional), bukan harga Bengkulu Tengah"
2025-05-07,PHP17,DAY01,28500,kg,BD-PIHPS,,,,,"PIHPS Provinsi Bengkulu (rata-rata pasar tradisional), bukan harga Bengkulu Tengah"
2025-05-07,PHP17,DSP01,135650,kg,BD-PIHPS,,,,,"PIHPS Provinsi Bengkulu (rata-rata pasar tradisional), bukan harga Bengkulu Tengah"
2025-05-07,PHP17,DSP02,135000,kg,BD-PIHPS,,,,,"PIHPS Provinsi Bengkulu (rata-rata pasar tradisional), bukan harga Bengkulu Tengah"
2025-05-07,PHP17,GLP01,18500,kg,BD-PIHPS,,,,,"PIHPS Provinsi Bengkulu (rata-rata pasar tradisional), bukan harga Bengkulu Tengah"
2025-05-07,PHP17,GLP02,19250,kg,BD-PIHPS,,,,,"PIHPS Provinsi Bengkulu (rata-rata pasar tradisional), bukan harga Bengkulu Tengah"
2025-05-07,PHP17,MGR01,18500,liter,BD-PIHPS,,,,,"PIHPS Provinsi Bengkulu (rata-rata pasar tradisional), bukan harga Bengkulu Tengah"
2025-05-07,PHP17,MGR02,21250,liter,BD-PIHPS,,,,,"PIHPS Provinsi Bengkulu (rata-rata pasar tradisional), bukan harga Bengkulu Tengah"
2025-05-07,PHP17,MGR03,20400,liter,BD-PIHPS,,,,,"PIHPS Provinsi Bengkulu (rata-rata pasar tradisional), bukan harga Bengkulu Tengah"
2025-05-07,PHP17,TLR01,28300,kg,BD-PIHPS,,,,,"PIHPS Provinsi Bengkulu (rata-rata pasar tradisional), bukan harga Bengkulu Tengah"
2025-05-08,PHP17,BRS01,14150,kg,BD-PIHPS,,,,,"PIHPS Provinsi Bengkulu (rata-rata pasar tradisional), bukan harga Bengkulu Tengah"
2025-05-08,PHP17,BRS02,15150,kg,BD-PIHPS,,,,,"PIHPS Provinsi Bengkulu (rata-rata pasar tradisional), bukan harga Bengkulu Tengah"
2025-05-08,PHP17,BRS03,15300,kg,BD-PIHPS,,,,,"PIHPS Provinsi Bengkulu (rata-rata pasar tradisional), bukan harga Bengkulu Tengah"
2025-05-08,PHP17,BRS04,15750,kg,BD-PIHPS,,,,,"PIHPS Provinsi Bengkulu (rata-rata pasar tradisional), bukan harga Bengkulu Tengah"
2025-05-08,PHP17,BRS05,15650,kg,BD-PIHPS,,,,,"PIHPS Provinsi Bengkulu (rata-rata pasar tradisional), bukan harga Bengkulu Tengah"
2025-05-08,PHP17,BRS06,15950,kg,BD-PIHPS,,,,,"PIHPS Provinsi Bengkulu (rata-rata pasar tradisional), bukan harga Bengkulu Tengah"
2025-05-08,PHP17,BWM01,46750,kg,BD-PIHPS,,,,,"PIHPS Provinsi Bengkulu (rata-rata pasar tradisional), bukan harga Bengkulu Tengah"
2025-05-08,PHP17,BWP01,45400,kg,BD-PIHPS,,,,,"PIHPS Provinsi Bengkulu (rata-rata pasar tradisional), bukan harga Bengkulu Tengah"
2025-05-08,PHP17,CMR01,39400,kg,BD-PIHPS,,,,,"PIHPS Provinsi Bengkulu (rata-rata pasar tradisional), bukan harga Bengkulu Tengah"
2025-05-08,PHP17,CMR02,43500,kg,BD-PIHPS,,,,,"PIHPS Provinsi Bengkulu (rata-rata pasar tradisional), bukan harga Bengkulu Tengah"
2025-05-08,PHP17,CRW01,36250,kg,BD-PIHPS,,,,,"PIHPS Provinsi Bengkulu (rata-rata pasar tradisional), bukan harga Bengkulu Tengah"
2025-05-08,PHP17,CRW02,29500,kg,BD-PIHPS,,,,,"PIHPS Provinsi Bengkulu (rata-rata pasar tradisional), bukan harga Bengkulu Tengah"
2025-05-08,PHP17,DAY01,28500,kg,BD-PIHPS,,,,,"PIHPS Provinsi Bengkulu (rata-rata pasar tradisional), bukan harga Bengkulu Tengah"
2025-05-08,PHP17,DSP01,135650,kg,BD-PIHPS,,,,,"PIHPS Provinsi Bengkulu (rata-rata pasar tradisional), bukan harga Bengkulu Tengah"
2025-05-08,PHP17,DSP02,135000,kg,BD-PIHPS,,,,,"PIHPS Provinsi Bengkulu (rata-rata pasar tradisional), bukan harga Bengkulu Tengah"
2025-05-08,PHP17,GLP01,18500,kg,BD-PIHPS,,,,,"PIHPS Provinsi Bengkulu (rata-rata pasar tradisional), bukan harga Bengkulu Tengah"
2025-05-08,PHP17,GLP02,19250,kg,BD-PIHPS,,,,,"PIHPS Provinsi Bengkulu (rata-rata pasar tradisional), bukan harga Bengkulu Tengah"
2025-05-08,PHP17,MGR01,18500,liter,BD-PIHPS,,,,,"PIHPS Provinsi Bengkulu (rata-rata pasar tradisional), bukan harga Bengkulu Tengah"
2025-05-08,PHP17,MGR02,21250,liter,BD-PIHPS,,,,,"PIHPS Provinsi Bengkulu (rata-rata pasar tradisional), bukan harga Bengkulu Tengah"
2025-05-08,PHP17,MGR03,20400,liter,BD-PIHPS,,,,,"PIHPS Provinsi Bengkulu (rata-rata pasar tradisional), bukan harga Bengkulu Tengah"
2025-05-08,PHP17,TLR01,28300,kg,BD-PIHPS,,,,,"PIHPS Provinsi Bengkulu (rata-rata pasar tradisional), bukan harga Bengkulu Tengah"
2025-05-09,PHP17,BRS01,14150,kg,BD-PIHPS,,,,,"PIHPS Provinsi Bengkulu (rata-rata pasar tradisional), bukan harga Bengkulu Tengah"
2025-05-09,PHP17,BRS02,15150,kg,BD-PIHPS,,,,,"PIHPS Provinsi Bengkulu (rata-rata pasar tradisional), bukan harga Bengkulu Tengah"
2025-05-09,PHP17,BRS03,15300,kg,BD-PIHPS,,,,,"PIHPS Provinsi Bengkulu (rata-rata pasar tradisional), bukan harga Bengkulu Tengah"
2025-05-09,PHP17,BRS04,15750,kg,BD-PIHPS,,,,,"PIHPS Provinsi Bengkulu (rata-rata pasar tradisional), bukan harga Bengkulu Tengah"
2025-05-09,PHP17,BRS05,15650,kg,BD-PIHPS,,,,,"PIHPS Provinsi Bengkulu (rata-rata pasar tradisional), bukan harga Bengkulu Tengah"
2025-05-09,PHP17,BRS06,15950,kg,BD-PIHPS,,,,,"PIHPS Provinsi Bengkulu (rata-rata pasar tradisional), bukan harga Bengkulu Tengah"
2025-05-09,PHP17,BWM01,46900,kg,BD-PIHPS,,,,,"PIHPS Provinsi Bengkulu (rata-rata pasar tradisional), bukan harga Bengkulu Tengah"
2025-05-09,PHP17,BWP01,45500,kg,BD-PIHPS,,,,,"PIHPS Provinsi Bengkulu (rata-rata pasar tradisional), bukan harga Bengkulu Tengah"
2025-05-09,PHP17,CMR01,40650,kg,BD-PIHPS,,,,,"PIHPS Provinsi Bengkulu (rata-rata pasar tradisional), bukan harga Bengkulu Tengah"
2025-05-09,PHP17,CMR02,44750,kg,BD-PIHPS,,,,,"PIHPS Provinsi Bengkulu (rata-rata pasar tradisional), bukan harga Bengkulu Tengah"
2025-05-09,PHP17,CRW01,38650,kg,BD-PIHPS,,,,,"PIHPS Provinsi Bengkulu (rata-rata pasar tradisional), bukan harga Bengkulu Tengah"
2025-05-09,PHP17,CRW02,29500,kg,BD-PIHPS,,,,,"PIHPS Provinsi Bengkulu (rata-rata pasar tradisional), bukan harga Bengkulu Tengah"
2025-05-09,PHP17,DAY01,29150,kg,BD-PIHPS,,,,,"PIHPS Provinsi Bengkulu (rata-rata pasar tradisional), bukan harga Bengkulu Tengah"
2025-05-09,PHP17,DSP01,135650,kg,BD-PIHPS,,,,,"PIHPS Provinsi Bengkulu (rata-rata pasar tradisional), bukan harga Bengkulu Tengah"
2025-05-09,PHP17,DSP02,135000,kg,BD-PIHPS,,,,,"PIHPS Provinsi Bengkulu (rata-rata pasar tradisional), bukan harga Bengkulu Tengah"
2025-05-09,PHP17,GLP01,18500,kg,BD-PIHPS,,,,,"PIHPS Provinsi Bengkulu (rata-rata pasar tradisional), bukan harga Bengkulu Tengah"
2025-05-09,PHP17,GLP02,19250,kg,BD-PIHPS,,,,,"PIHPS Provinsi Bengkulu (rata-rata pasar tradisional), bukan harga Bengkulu Tengah"
2025-05-09,PHP17,MGR01,18500,liter,BD-PIHPS,,,,,"PIHPS Provinsi Bengkulu (rata-rata pasar tradisional), bukan harga Bengkulu Tengah"
2025-05-09,PHP17,MGR02,21250,liter,BD-PIHPS,,,,,"PIHPS Provinsi Bengkulu (rata-rata pasar tradisional), bukan harga Bengkulu Tengah"
2025-05-09,PHP17,MGR03,20400,liter,BD-PIHPS,,,,,"PIHPS Provinsi Bengkulu (rata-rata pasar tradisional), bukan harga Bengkulu Tengah"
2025-05-09,PHP17,TLR01,28300,kg,BD-PIHPS,,,,,"PIHPS Provinsi Bengkulu (rata-rata pasar tradisional), bukan harga Bengkulu Tengah"
2025-05-12,PHP17,BRS01,14150,kg,BD-PIHPS,,,,,"PIHPS Provinsi Bengkulu (rata-rata pasar tradisional), bukan harga Bengkulu Tengah"
2025-05-12,PHP17,BRS02,15150,kg,BD-PIHPS,,,,,"PIHPS Provinsi Bengkulu (rata-rata pasar tradisional), bukan harga Bengkulu Tengah"
2025-05-12,PHP17,BRS03,15300,kg,BD-PIHPS,,,,,"PIHPS Provinsi Bengkulu (rata-rata pasar tradisional), bukan harga Bengkulu Tengah"
2025-05-12,PHP17,BRS04,15750,kg,BD-PIHPS,,,,,"PIHPS Provinsi Bengkulu (rata-rata pasar tradisional), bukan harga Bengkulu Tengah"
2025-05-12,PHP17,BRS05,15650,kg,BD-PIHPS,,,,,"PIHPS Provinsi Bengkulu (rata-rata pasar tradisional), bukan harga Bengkulu Tengah"
2025-05-12,PHP17,BRS06,15950,kg,BD-PIHPS,,,,,"PIHPS Provinsi Bengkulu (rata-rata pasar tradisional), bukan harga Bengkulu Tengah"
2025-05-12,PHP17,BWM01,46150,kg,BD-PIHPS,,,,,"PIHPS Provinsi Bengkulu (rata-rata pasar tradisional), bukan harga Bengkulu Tengah"
2025-05-12,PHP17,BWP01,45400,kg,BD-PIHPS,,,,,"PIHPS Provinsi Bengkulu (rata-rata pasar tradisional), bukan harga Bengkulu Tengah"
2025-05-12,PHP17,CMR01,40650,kg,BD-PIHPS,,,,,"PIHPS Provinsi Bengkulu (rata-rata pasar tradisional), bukan harga Bengkulu Tengah"
2025-05-12,PHP17,CMR02,44750,kg,BD-PIHPS,,,,,"PIHPS Provinsi Bengkulu (rata-rata pasar tradisional), bukan harga Bengkulu Tengah"
2025-05-12,PHP17,CRW01,38650,kg,BD-PIHPS,,,,,"PIHPS Provinsi Bengkulu (rata-rata pasar tradisional), bukan harga Bengkulu Tengah"
2025-05-12,PHP17,CRW02,29500,kg,BD-PIHPS,,,,,"PIHPS Provinsi Bengkulu (rata-rata pasar tradisional), bukan harga Bengkulu Tengah"
2025-05-12,PHP17,DAY01,29150,kg,BD-PIHPS,,,,,"PIHPS Provinsi Bengkulu (rata-rata pasar tradisional), bukan harga Bengkulu Tengah"
2025-05-12,PHP17,DSP01,135650,kg,BD-PIHPS,,,,,"PIHPS Provinsi Bengkulu (rata-rata pasar tradisional), bukan harga Bengkulu Tengah"
2025-05-12,PHP17,DSP02,119250,kg,BD-PIHPS,,,,,"PIHPS Provinsi Bengkulu (rata-rata pasar tradisional), bukan harga Bengkulu Tengah"
2025-05-12,PHP17,GLP01,18500,kg,BD-PIHPS,,,,,"PIHPS Provinsi Bengkulu (rata-rata pasar tradisional), bukan harga Bengkulu Tengah"
2025-05-12,PHP17,GLP02,19250,kg,BD-PIHPS,,,,,"PIHPS Provinsi Bengkulu (rata-rata pasar tradisional), bukan harga Bengkulu Tengah"
2025-05-12,PHP17,MGR01,18500,liter,BD-PIHPS,,,,,"PIHPS Provinsi Bengkulu (rata-rata pasar tradisional), bukan harga Bengkulu Tengah"
2025-05-12,PHP17,MGR02,21250,liter,BD-PIHPS,,,,,"PIHPS Provinsi Bengkulu (rata-rata pasar tradisional), bukan harga Bengkulu Tengah"
2025-05-12,PHP17,MGR03,20400,liter,BD-PIHPS,,,,,"PIHPS Provinsi Bengkulu (rata-rata pasar tradisional), bukan harga Bengkulu Tengah"
2025-05-12,PHP17,TLR01,28300,kg,BD-PIHPS,,,,,"PIHPS Provinsi Bengkulu (rata-rata pasar tradisional), bukan harga Bengkulu Tengah"
2025-05-13,PHP17,BRS01,14150,kg,BD-PIHPS,,,,,"PIHPS Provinsi Bengkulu (rata-rata pasar tradisional), bukan harga Bengkulu Tengah"
2025-05-13,PHP17,BRS02,15150,kg,BD-PIHPS,,,,,"PIHPS Provinsi Bengkulu (rata-rata pasar tradisional), bukan harga Bengkulu Tengah"
2025-05-13,PHP17,BRS03,15300,kg,BD-PIHPS,,,,,"PIHPS Provinsi Bengkulu (rata-rata pasar tradisional), bukan harga Bengkulu Tengah"
2025-05-13,PHP17,BRS04,15750,kg,BD-PIHPS,,,,,"PIHPS Provinsi Bengkulu (rata-rata pasar tradisional), bukan harga Bengkulu Tengah"
2025-05-13,PHP17,BRS05,15650,kg,BD-PIHPS,,,,,"PIHPS Provinsi Bengkulu (rata-rata pasar tradisional), bukan harga Bengkulu Tengah"
2025-05-13,PHP17,BRS06,15950,kg,BD-PIHPS,,,,,"PIHPS Provinsi Bengkulu (rata-rata pasar tradisional), bukan harga Bengkulu Tengah"
2025-05-13,PHP17,BWM01,46150,kg,BD-PIHPS,,,,,"PIHPS Provinsi Bengkulu (rata-rata pasar tradisional), bukan harga Bengkulu Tengah"
2025-05-13,PHP17,BWP01,45400,kg,BD-PIHPS,,,,,"PIHPS Provinsi Bengkulu (rata-rata pasar tradisional), bukan harga Bengkulu Tengah"
2025-05-13,PHP17,CMR01,40650,kg,BD-PIHPS,,,,,"PIHPS Provinsi Bengkulu (rata-rata pasar tradisional), bukan harga Bengkulu Tengah"
2025-05-13,PHP17,CMR02,44750,kg,BD-PIHPS,,,,,"PIHPS Provinsi Bengkulu (rata-rata pasar tradisional), bukan harga Bengkulu Tengah"
2025-05-13,PHP17,CRW01,38650,kg,BD-PIHPS,,,,,"PIHPS Provinsi Bengkulu (rata-rata pasar tradisional), bukan harga Bengkulu Tengah"
2025-05-13,PHP17,CRW02,29500,kg,BD-PIHPS,,,,,"PIHPS Provinsi Bengkulu (rata-rata pasar tradisional), bukan harga Bengkulu Tengah"
2025-05-13,PHP17,DAY01,29150,kg,BD-PIHPS,,,,,"PIHPS Provinsi Bengkulu (rata-rata pasar tradisional), bukan harga Bengkulu Tengah"
2025-05-13,PHP17,DSP01,135650,kg,BD-PIHPS,,,,,"PIHPS Provinsi Bengkulu (rata-rata pasar tradisional), bukan harga Bengkulu Tengah"
2025-05-13,PHP17,DSP02,135000,kg,BD-PIHPS,,,,,"PIHPS Provinsi Bengkulu (rata-rata pasar tradisional), bukan harga Bengkulu Tengah"
2025-05-13,PHP17,GLP01,18500,kg,BD-PIHPS,,,,,"PIHPS Provinsi Bengkulu (rata-rata pasar tradisional), bukan harga Bengkulu Tengah"
2025-05-13,PHP17,GLP02,19250,kg,BD-PIHPS,,,,,"PIHPS Provinsi Bengkulu (rata-rata pasar tradisional), bukan harga Bengkulu Tengah"
2025-05-13,PHP17,MGR01,18500,liter,BD-PIHPS,,,,,"PIHPS Provinsi Bengkulu (rata-rata pasar tradisional), bukan harga Bengkulu Tengah"
2025-05-13,PHP17,MGR02,21250,liter,BD-PIHPS,,,,,"PIHPS Provinsi Bengkulu (rata-rata pasar tradisional), bukan harga Bengkulu Tengah"
2025-05-13,PHP17,MGR03,20400,liter,BD-PIHPS,,,,,"PIHPS Provinsi Bengkulu (rata-rata pasar tradisional), bukan harga Bengkulu Tengah"
2025-05-13,PHP17,TLR01,28300,kg,BD-PIHPS,,,,,"PIHPS Provinsi Bengkulu (rata-rata pasar tradisional), bukan harga Bengkulu Tengah"
2025-05-14,PHP17,BRS01,14150,kg,BD-PIHPS,,,,,"PIHPS Provinsi Bengkulu (rata-rata pasar tradisional), bukan harga Bengkulu Tengah"
2025-05-14,PHP17,BRS02,15150,kg,BD-PIHPS,,,,,"PIHPS Provinsi Bengkulu (rata-rata pasar tradisional), bukan harga Bengkulu Tengah"
2025-05-14,PHP17,BRS03,15300,kg,BD-PIHPS,,,,,"PIHPS Provinsi Bengkulu (rata-rata pasar tradisional), bukan harga Bengkulu Tengah"
2025-05-14,PHP17,BRS04,15750,kg,BD-PIHPS,,,,,"PIHPS Provinsi Bengkulu (rata-rata pasar tradisional), bukan harga Bengkulu Tengah"
2025-05-14,PHP17,BRS05,15650,kg,BD-PIHPS,,,,,"PIHPS Provinsi Bengkulu (rata-rata pasar tradisional), bukan harga Bengkulu Tengah"
2025-05-14,PHP17,BRS06,15950,kg,BD-PIHPS,,,,,"PIHPS Provinsi Bengkulu (rata-rata pasar tradisional), bukan harga Bengkulu Tengah"
2025-05-14,PHP17,BWM01,45900,kg,BD-PIHPS,,,,,"PIHPS Provinsi Bengkulu (rata-rata pasar tradisional), bukan harga Bengkulu Tengah"
2025-05-14,PHP17,BWP01,42400,kg,BD-PIHPS,,,,,"PIHPS Provinsi Bengkulu (rata-rata pasar tradisional), bukan harga Bengkulu Tengah"
2025-05-14,PHP17,CMR01,38500,kg,BD-PIHPS,,,,,"PIHPS Provinsi Bengkulu (rata-rata pasar tradisional), bukan harga Bengkulu Tengah"
2025-05-14,PHP17,CMR02,41750,kg,BD-PIHPS,,,,,"PIHPS Provinsi Bengkulu (rata-rata pasar tradisional), bukan harga Bengkulu Tengah"
2025-05-14,PHP17,CRW01,36900,kg,BD-PIHPS,,,,,"PIHPS Provinsi Bengkulu (rata-rata pasar tradisional), bukan harga Bengkulu Tengah"
2025-05-14,PHP17,CRW02,29500,kg,BD-PIHPS,,,,,"PIHPS Provinsi Bengkulu (rata-rata pasar tradisional), bukan harga Bengkulu Tengah"
2025-05-14,PHP17,DAY01,32000,kg,BD-PIHPS,,,,,"PIHPS Provinsi Bengkulu (rata-rata pasar tradisional), bukan harga Bengkulu Tengah"
2025-05-14,PHP17,DSP01,135650,kg,BD-PIHPS,,,,,"PIHPS Provinsi Bengkulu (rata-rata pasar tradisional), bukan harga Bengkulu Tengah"
2025-05-14,PHP17,DSP02,135000,kg,BD-PIHPS,,,,,"PIHPS Provinsi Bengkulu (rata-rata pasar tradisional), bukan harga Bengkulu Tengah"
2025-05-14,PHP17,GLP01,18500,kg,BD-PIHPS,,,,,"PIHPS Provinsi Bengkulu (rata-rata pasar tradisional), bukan harga Bengkulu Tengah"
2025-05-14,PHP17,GLP02,19250,kg,BD-PIHPS,,,,,"PIHPS Provinsi Bengkulu (rata-rata pasar tradisional), bukan harga Bengkulu Tengah"
2025-05-14,PHP17,MGR01,18500,liter,BD-PIHPS,,,,,"PIHPS Provinsi Bengkulu (rata-rata pasar tradisional), bukan harga Bengkulu Tengah"
2025-05-14,PHP17,MGR02,21250,liter,BD-PIHPS,,,,,"PIHPS Provinsi Bengkulu (rata-rata pasar tradisional), bukan harga Bengkulu Tengah"
2025-05-14,PHP17,MGR03,20400,liter,BD-PIHPS,,,,,"PIHPS Provinsi Bengkulu (rata-rata pasar tradisional), bukan harga Bengkulu Tengah"
2025-05-14,PHP17,TLR01,28300,kg,BD-PIHPS,,,,,"PIHPS Provinsi Bengkulu (rata-rata pasar tradisional), bukan harga Bengkulu Tengah"
2025-05-15,PHP17,BRS01,14150,kg,BD-PIHPS,,,,,"PIHPS Provinsi Bengkulu (rata-rata pasar tradisional), bukan harga Bengkulu Tengah"
2025-05-15,PHP17,BRS02,15150,kg,BD-PIHPS,,,,,"PIHPS Provinsi Bengkulu (rata-rata pasar tradisional), bukan harga Bengkulu Tengah"
2025-05-15,PHP17,BRS03,15300,kg,BD-PIHPS,,,,,"PIHPS Provinsi Bengkulu (rata-rata pasar tradisional), bukan harga Bengkulu Tengah"
2025-05-15,PHP17,BRS04,15750,kg,BD-PIHPS,,,,,"PIHPS Provinsi Bengkulu (rata-rata pasar tradisional), bukan harga Bengkulu Tengah"
2025-05-15,PHP17,BRS05,15650,kg,BD-PIHPS,,,,,"PIHPS Provinsi Bengkulu (rata-rata pasar tradisional), bukan harga Bengkulu Tengah"
2025-05-15,PHP17,BRS06,15950,kg,BD-PIHPS,,,,,"PIHPS Provinsi Bengkulu (rata-rata pasar tradisional), bukan harga Bengkulu Tengah"
2025-05-15,PHP17,BWM01,44650,kg,BD-PIHPS,,,,,"PIHPS Provinsi Bengkulu (rata-rata pasar tradisional), bukan harga Bengkulu Tengah"
2025-05-15,PHP17,BWP01,41000,kg,BD-PIHPS,,,,,"PIHPS Provinsi Bengkulu (rata-rata pasar tradisional), bukan harga Bengkulu Tengah"
2025-05-15,PHP17,CMR01,35750,kg,BD-PIHPS,,,,,"PIHPS Provinsi Bengkulu (rata-rata pasar tradisional), bukan harga Bengkulu Tengah"
2025-05-15,PHP17,CMR02,39500,kg,BD-PIHPS,,,,,"PIHPS Provinsi Bengkulu (rata-rata pasar tradisional), bukan harga Bengkulu Tengah"
2025-05-15,PHP17,CRW01,35900,kg,BD-PIHPS,,,,,"PIHPS Provinsi Bengkulu (rata-rata pasar tradisional), bukan harga Bengkulu Tengah"
2025-05-15,PHP17,CRW02,28600,kg,BD-PIHPS,,,,,"PIHPS Provinsi Bengkulu (rata-rata pasar tradisional), bukan harga Bengkulu Tengah"
2025-05-15,PHP17,DAY01,33150,kg,BD-PIHPS,,,,,"PIHPS Provinsi Bengkulu (rata-rata pasar tradisional), bukan harga Bengkulu Tengah"
2025-05-15,PHP17,DSP01,135650,kg,BD-PIHPS,,,,,"PIHPS Provinsi Bengkulu (rata-rata pasar tradisional), bukan harga Bengkulu Tengah"
2025-05-15,PHP17,DSP02,135000,kg,BD-PIHPS,,,,,"PIHPS Provinsi Bengkulu (rata-rata pasar tradisional), bukan harga Bengkulu Tengah"
2025-05-15,PHP17,GLP01,18500,kg,BD-PIHPS,,,,,"PIHPS Provinsi Bengkulu (rata-rata pasar tradisional), bukan harga Bengkulu Tengah"
2025-05-15,PHP17,GLP02,19250,kg,BD-PIHPS,,,,,"PIHPS Provinsi Bengkulu (rata-rata pasar tradisional), bukan harga Bengkulu Tengah"
2025-05-15,PHP17,MGR01,18500,liter,BD-PIHPS,,,,,"PIHPS Provinsi Bengkulu (rata-rata pasar tradisional), bukan harga Bengkulu Tengah"
2025-05-15,PHP17,MGR02,21250,liter,BD-PIHPS,,,,,"PIHPS Provinsi Bengkulu (rata-rata pasar tradisional), bukan harga Bengkulu Tengah"
2025-05-15,PHP17,MGR03,20400,liter,BD-PIHPS,,,,,"PIHPS Provinsi Bengkulu (rata-rata pasar tradisional), bukan harga Bengkulu Tengah"
2025-05-15,PHP17,TLR01,28300,kg,BD-PIHPS,,,,,"PIHPS Provinsi Bengkulu (rata-rata pasar tradisional), bukan harga Bengkulu Tengah"
2025-05-16,PHP17,BRS01,14150,kg,BD-PIHPS,,,,,"PIHPS Provinsi Bengkulu (rata-rata pasar tradisional), bukan harga Bengkulu Tengah"
2025-05-16,PHP17,BRS02,15150,kg,BD-PIHPS,,,,,"PIHPS Provinsi Bengkulu (rata-rata pasar tradisional), bukan harga Bengkulu Tengah"
2025-05-16,PHP17,BRS03,15300,kg,BD-PIHPS,,,,,"PIHPS Provinsi Bengkulu (rata-rata pasar tradisional), bukan harga Bengkulu Tengah"
2025-05-16,PHP17,BRS04,15750,kg,BD-PIHPS,,,,,"PIHPS Provinsi Bengkulu (rata-rata pasar tradisional), bukan harga Bengkulu Tengah"
2025-05-16,PHP17,BRS05,15650,kg,BD-PIHPS,,,,,"PIHPS Provinsi Bengkulu (rata-rata pasar tradisional), bukan harga Bengkulu Tengah"
2025-05-16,PHP17,BRS06,15950,kg,BD-PIHPS,,,,,"PIHPS Provinsi Bengkulu (rata-rata pasar tradisional), bukan harga Bengkulu Tengah"
2025-05-16,PHP17,BWM01,44650,kg,BD-PIHPS,,,,,"PIHPS Provinsi Bengkulu (rata-rata pasar tradisional), bukan harga Bengkulu Tengah"
2025-05-16,PHP17,BWP01,42150,kg,BD-PIHPS,,,,,"PIHPS Provinsi Bengkulu (rata-rata pasar tradisional), bukan harga Bengkulu Tengah"
2025-05-16,PHP17,CMR01,35400,kg,BD-PIHPS,,,,,"PIHPS Provinsi Bengkulu (rata-rata pasar tradisional), bukan harga Bengkulu Tengah"
2025-05-16,PHP17,CMR02,39500,kg,BD-PIHPS,,,,,"PIHPS Provinsi Bengkulu (rata-rata pasar tradisional), bukan harga Bengkulu Tengah"
2025-05-16,PHP17,CRW01,36500,kg,BD-PIHPS,,,,,"PIHPS Provinsi Bengkulu (rata-rata pasar tradisional), bukan harga Bengkulu Tengah"
2025-05-16,PHP17,CRW02,29300,kg,BD-PIHPS,,,,,"PIHPS Provinsi Bengkulu (rata-rata pasar tradisional), bukan harga Bengkulu Tengah"
2025-05-16,PHP17,DAY01,33150,kg,BD-PIHPS,,,,,"PIHPS Provinsi Bengkulu (rata-rata pasar tradisional), bukan harga Bengkulu Tengah"
2025-05-16,PHP17,DSP01,135650,kg,BD-PIHPS,,,,,"PIHPS Provinsi Bengkulu (rata-rata pasar tradisional), bukan harga Bengkulu Tengah"
2025-05-16,PHP17,DSP02,135000,kg,BD-PIHPS,,,,,"PIHPS Provinsi Bengkulu (rata-rata pasar tradisional), bukan harga Bengkulu Tengah"
2025-05-16,PHP17,GLP01,18500,kg,BD-PIHPS,,,,,"PIHPS Provinsi Bengkulu (rata-rata pasar tradisional), bukan harga Bengkulu Tengah"
2025-05-16,PHP17,GLP02,19250,kg,BD-PIHPS,,,,,"PIHPS Provinsi Bengkulu (rata-rata pasar tradisional), bukan harga Bengkulu Tengah"
2025-05-16,PHP17,MGR01,18500,liter,BD-PIHPS,,,,,"PIHPS Provinsi Bengkulu (rata-rata pasar tradisional), bukan harga Bengkulu Tengah"
2025-05-16,PHP17,MGR02,21250,liter,BD-PIHPS,,,,,"PIHPS Provinsi Bengkulu (rata-rata pasar tradisional), bukan harga Bengkulu Tengah"
2025-05-16,PHP17,MGR03,20400,liter,BD-PIHPS,,,,,"PIHPS Provinsi Bengkulu (rata-rata pasar tradisional), bukan harga Bengkulu Tengah"
2025-05-16,PHP17,TLR01,28300,kg,BD-PIHPS,,,,,"PIHPS Provinsi Bengkulu (rata-rata pasar tradisional), bukan harga Bengkulu Tengah"
2025-05-19,PHP17,BRS01,14150,kg,BD-PIHPS,,,,,"PIHPS Provinsi Bengkulu (rata-rata pasar tradisional), bukan harga Bengkulu Tengah"
2025-05-19,PHP17,BRS02,15150,kg,BD-PIHPS,,,,,"PIHPS Provinsi Bengkulu (rata-rata pasar tradisional), bukan harga Bengkulu Tengah"
2025-05-19,PHP17,BRS03,15300,kg,BD-PIHPS,,,,,"PIHPS Provinsi Bengkulu (rata-rata pasar tradisional), bukan harga Bengkulu Tengah"
2025-05-19,PHP17,BRS04,15750,kg,BD-PIHPS,,,,,"PIHPS Provinsi Bengkulu (rata-rata pasar tradisional), bukan harga Bengkulu Tengah"
2025-05-19,PHP17,BRS05,15650,kg,BD-PIHPS,,,,,"PIHPS Provinsi Bengkulu (rata-rata pasar tradisional), bukan harga Bengkulu Tengah"
2025-05-19,PHP17,BRS06,15950,kg,BD-PIHPS,,,,,"PIHPS Provinsi Bengkulu (rata-rata pasar tradisional), bukan harga Bengkulu Tengah"
2025-05-19,PHP17,BWM01,44650,kg,BD-PIHPS,,,,,"PIHPS Provinsi Bengkulu (rata-rata pasar tradisional), bukan harga Bengkulu Tengah"
2025-05-19,PHP17,BWP01,42150,kg,BD-PIHPS,,,,,"PIHPS Provinsi Bengkulu (rata-rata pasar tradisional), bukan harga Bengkulu Tengah"
2025-05-19,PHP17,CMR01,34750,kg,BD-PIHPS,,,,,"PIHPS Provinsi Bengkulu (rata-rata pasar tradisional), bukan harga Bengkulu Tengah"
2025-05-19,PHP17,CMR02,38900,kg,BD-PIHPS,,,,,"PIHPS Provinsi Bengkulu (rata-rata pasar tradisional), bukan harga Bengkulu Tengah"
2025-05-19,PHP17,CRW01,35900,kg,BD-PIHPS,,,,,"PIHPS Provinsi Bengkulu (rata-rata pasar tradisional), bukan harga Bengkulu Tengah"
2025-05-19,PHP17,CRW02,27700,kg,BD-PIHPS,,,,,"PIHPS Provinsi Bengkulu (rata-rata pasar tradisional), bukan harga Bengkulu Tengah"
2025-05-19,PHP17,DAY01,34250,kg,BD-PIHPS,,,,,"PIHPS Provinsi Bengkulu (rata-rata pasar tradisional), bukan harga Bengkulu Tengah"
2025-05-19,PHP17,DSP01,135650,kg,BD-PIHPS,,,,,"PIHPS Provinsi Bengkulu (rata-rata pasar tradisional), bukan harga Bengkulu Tengah"
2025-05-19,PHP17,DSP02,135000,kg,BD-PIHPS,,,,,"PIHPS Provinsi Bengkulu (rata-rata pasar tradisional), bukan harga Bengkulu Tengah"
2025-05-19,PHP17,GLP01,18500,kg,BD-PIHPS,,,,,"PIHPS Provinsi Bengkulu (rata-rata pasar tradisional), bukan harga Bengkulu Tengah"
2025-05-19,PHP17,GLP02,19250,kg,BD-PIHPS,,,,,"PIHPS Provinsi Bengkulu (rata-rata pasar tradisional), bukan harga Bengkulu Tengah"
2025-05-19,PHP17,MGR01,18500,liter,BD-PIHPS,,,,,"PIHPS Provinsi Bengkulu (rata-rata pasar tradisional), bukan harga Bengkulu Tengah"
2025-05-19,PHP17,MGR02,21250,liter,BD-PIHPS,,,,,"PIHPS Provinsi Bengkulu (rata-rata pasar tradisional), bukan harga Bengkulu Tengah"
2025-05-19,PHP17,MGR03,20400,liter,BD-PIHPS,,,,,"PIHPS Provinsi Bengkulu (rata-rata pasar tradisional), bukan harga Bengkulu Tengah"
2025-05-19,PHP17,TLR01,28300,kg,BD-PIHPS,,,,,"PIHPS Provinsi Bengkulu (rata-rata pasar tradisional), bukan harga Bengkulu Tengah"
2025-05-20,PHP17,BRS01,14150,kg,BD-PIHPS,,,,,"PIHPS Provinsi Bengkulu (rata-rata pasar tradisional), bukan harga Bengkulu Tengah"
2025-05-20,PHP17,BRS02,15150,kg,BD-PIHPS,,,,,"PIHPS Provinsi Bengkulu (rata-rata pasar tradisional), bukan harga Bengkulu Tengah"
2025-05-20,PHP17,BRS03,15300,kg,BD-PIHPS,,,,,"PIHPS Provinsi Bengkulu (rata-rata pasar tradisional), bukan harga Bengkulu Tengah"
2025-05-20,PHP17,BRS04,15750,kg,BD-PIHPS,,,,,"PIHPS Provinsi Bengkulu (rata-rata pasar tradisional), bukan harga Bengkulu Tengah"
2025-05-20,PHP17,BRS05,15650,kg,BD-PIHPS,,,,,"PIHPS Provinsi Bengkulu (rata-rata pasar tradisional), bukan harga Bengkulu Tengah"
2025-05-20,PHP17,BRS06,15950,kg,BD-PIHPS,,,,,"PIHPS Provinsi Bengkulu (rata-rata pasar tradisional), bukan harga Bengkulu Tengah"
2025-05-20,PHP17,BWM01,45500,kg,BD-PIHPS,,,,,"PIHPS Provinsi Bengkulu (rata-rata pasar tradisional), bukan harga Bengkulu Tengah"
2025-05-20,PHP17,BWP01,41900,kg,BD-PIHPS,,,,,"PIHPS Provinsi Bengkulu (rata-rata pasar tradisional), bukan harga Bengkulu Tengah"
2025-05-20,PHP17,CMR01,34750,kg,BD-PIHPS,,,,,"PIHPS Provinsi Bengkulu (rata-rata pasar tradisional), bukan harga Bengkulu Tengah"
2025-05-20,PHP17,CMR02,38150,kg,BD-PIHPS,,,,,"PIHPS Provinsi Bengkulu (rata-rata pasar tradisional), bukan harga Bengkulu Tengah"
2025-05-20,PHP17,CRW01,35250,kg,BD-PIHPS,,,,,"PIHPS Provinsi Bengkulu (rata-rata pasar tradisional), bukan harga Bengkulu Tengah"
2025-05-20,PHP17,CRW02,26250,kg,BD-PIHPS,,,,,"PIHPS Provinsi Bengkulu (rata-rata pasar tradisional), bukan harga Bengkulu Tengah"
2025-05-20,PHP17,DAY01,34250,kg,BD-PIHPS,,,,,"PIHPS Provinsi Bengkulu (rata-rata pasar tradisional), bukan harga Bengkulu Tengah"
2025-05-20,PHP17,DSP01,135650,kg,BD-PIHPS,,,,,"PIHPS Provinsi Bengkulu (rata-rata pasar tradisional), bukan harga Bengkulu Tengah"
2025-05-20,PHP17,DSP02,135000,kg,BD-PIHPS,,,,,"PIHPS Provinsi Bengkulu (rata-rata pasar tradisional), bukan harga Bengkulu Tengah"
2025-05-20,PHP17,GLP01,18500,kg,BD-PIHPS,,,,,"PIHPS Provinsi Bengkulu (rata-rata pasar tradisional), bukan harga Bengkulu Tengah"
2025-05-20,PHP17,GLP02,19250,kg,BD-PIHPS,,,,,"PIHPS Provinsi Bengkulu (rata-rata pasar tradisional), bukan harga Bengkulu Tengah"
2025-05-20,PHP17,MGR01,18500,liter,BD-PIHPS,,,,,"PIHPS Provinsi Bengkulu (rata-rata pasar tradisional), bukan harga Bengkulu Tengah"
2025-05-20,PHP17,MGR02,21250,liter,BD-PIHPS,,,,,"PIHPS Provinsi Bengkulu (rata-rata pasar tradisional), bukan harga Bengkulu Tengah"
2025-05-20,PHP17,MGR03,20400,liter,BD-PIHPS,,,,,"PIHPS Provinsi Bengkulu (rata-rata pasar tradisional), bukan harga Bengkulu Tengah"
2025-05-20,PHP17,TLR01,28300,kg,BD-PIHPS,,,,,"PIHPS Provinsi Bengkulu (rata-rata pasar tradisional), bukan harga Bengkulu Tengah"
2025-05-21,PHP17,BRS01,14150,kg,BD-PIHPS,,,,,"PIHPS Provinsi Bengkulu (rata-rata pasar tradisional), bukan harga Bengkulu Tengah"
2025-05-21,PHP17,BRS02,15150,kg,BD-PIHPS,,,,,"PIHPS Provinsi Bengkulu (rata-rata pasar tradisional), bukan harga Bengkulu Tengah"
2025-05-21,PHP17,BRS03,15300,kg,BD-PIHPS,,,,,"PIHPS Provinsi Bengkulu (rata-rata pasar tradisional), bukan harga Bengkulu Tengah"
2025-05-21,PHP17,BRS04,15750,kg,BD-PIHPS,,,,,"PIHPS Provinsi Bengkulu (rata-rata pasar tradisional), bukan harga Bengkulu Tengah"
2025-05-21,PHP17,BRS05,15650,kg,BD-PIHPS,,,,,"PIHPS Provinsi Bengkulu (rata-rata pasar tradisional), bukan harga Bengkulu Tengah"
2025-05-21,PHP17,BRS06,15950,kg,BD-PIHPS,,,,,"PIHPS Provinsi Bengkulu (rata-rata pasar tradisional), bukan harga Bengkulu Tengah"
2025-05-21,PHP17,BWM01,45500,kg,BD-PIHPS,,,,,"PIHPS Provinsi Bengkulu (rata-rata pasar tradisional), bukan harga Bengkulu Tengah"
2025-05-21,PHP17,BWP01,42650,kg,BD-PIHPS,,,,,"PIHPS Provinsi Bengkulu (rata-rata pasar tradisional), bukan harga Bengkulu Tengah"
2025-05-21,PHP17,CMR01,34750,kg,BD-PIHPS,,,,,"PIHPS Provinsi Bengkulu (rata-rata pasar tradisional), bukan harga Bengkulu Tengah"
2025-05-21,PHP17,CMR02,39500,kg,BD-PIHPS,,,,,"PIHPS Provinsi Bengkulu (rata-rata pasar tradisional), bukan harga Bengkulu Tengah"
2025-05-21,PHP17,CRW01,35000,kg,BD-PIHPS,,,,,"PIHPS Provinsi Bengkulu (rata-rata pasar tradisional), bukan harga Bengkulu Tengah"
2025-05-21,PHP17,CRW02,25750,kg,BD-PIHPS,,,,,"PIHPS Provinsi Bengkulu (rata-rata pasar tradisional), bukan harga Bengkulu Tengah"
2025-05-21,PHP17,DAY01,34400,kg,BD-PIHPS,,,,,"PIHPS Provinsi Bengkulu (rata-rata pasar tradisional), bukan harga Bengkulu Tengah"
2025-05-21,PHP17,DSP01,135000,kg,BD-PIHPS,,,,,"PIHPS Provinsi Bengkulu (rata-rata pasar tradisional), bukan harga Bengkulu Tengah"
2025-05-21,PHP17,DSP02,134400,kg,BD-PIHPS,,,,,"PIHPS Provinsi Bengkulu (rata-rata pasar tradisional), bukan harga Bengkulu Tengah"
2025-05-21,PHP17,GLP01,18500,kg,BD-PIHPS,,,,,"PIHPS Provinsi Bengkulu (rata-rata pasar tradisional), bukan harga Bengkulu Tengah"
2025-05-21,PHP17,GLP02,19250,kg,BD-PIHPS,,,,,"PIHPS Provinsi Bengkulu (rata-rata pasar tradisional), bukan harga Bengkulu Tengah"
2025-05-21,PHP17,MGR01,18500,liter,BD-PIHPS,,,,,"PIHPS Provinsi Bengkulu (rata-rata pasar tradisional), bukan harga Bengkulu Tengah"
2025-05-21,PHP17,MGR02,21250,liter,BD-PIHPS,,,,,"PIHPS Provinsi Bengkulu (rata-rata pasar tradisional), bukan harga Bengkulu Tengah"
2025-05-21,PHP17,MGR03,20400,liter,BD-PIHPS,,,,,"PIHPS Provinsi Bengkulu (rata-rata pasar tradisional), bukan harga Bengkulu Tengah"
2025-05-21,PHP17,TLR01,28300,kg,BD-PIHPS,,,,,"PIHPS Provinsi Bengkulu (rata-rata pasar tradisional), bukan harga Bengkulu Tengah"
2025-05-22,PHP17,BRS01,14150,kg,BD-PIHPS,,,,,"PIHPS Provinsi Bengkulu (rata-rata pasar tradisional), bukan harga Bengkulu Tengah"
2025-05-22,PHP17,BRS02,15150,kg,BD-PIHPS,,,,,"PIHPS Provinsi Bengkulu (rata-rata pasar tradisional), bukan harga Bengkulu Tengah"
2025-05-22,PHP17,BRS03,15300,kg,BD-PIHPS,,,,,"PIHPS Provinsi Bengkulu (rata-rata pasar tradisional), bukan harga Bengkulu Tengah"
2025-05-22,PHP17,BRS04,15750,kg,BD-PIHPS,,,,,"PIHPS Provinsi Bengkulu (rata-rata pasar tradisional), bukan harga Bengkulu Tengah"
2025-05-22,PHP17,BRS05,15650,kg,BD-PIHPS,,,,,"PIHPS Provinsi Bengkulu (rata-rata pasar tradisional), bukan harga Bengkulu Tengah"
2025-05-22,PHP17,BRS06,15950,kg,BD-PIHPS,,,,,"PIHPS Provinsi Bengkulu (rata-rata pasar tradisional), bukan harga Bengkulu Tengah"
2025-05-22,PHP17,BWM01,45900,kg,BD-PIHPS,,,,,"PIHPS Provinsi Bengkulu (rata-rata pasar tradisional), bukan harga Bengkulu Tengah"
2025-05-22,PHP17,BWP01,43500,kg,BD-PIHPS,,,,,"PIHPS Provinsi Bengkulu (rata-rata pasar tradisional), bukan harga Bengkulu Tengah"
2025-05-22,PHP17,CMR01,35650,kg,BD-PIHPS,,,,,"PIHPS Provinsi Bengkulu (rata-rata pasar tradisional), bukan harga Bengkulu Tengah"
2025-05-22,PHP17,CMR02,40250,kg,BD-PIHPS,,,,,"PIHPS Provinsi Bengkulu (rata-rata pasar tradisional), bukan harga Bengkulu Tengah"
2025-05-22,PHP17,CRW01,35250,kg,BD-PIHPS,,,,,"PIHPS Provinsi Bengkulu (rata-rata pasar tradisional), bukan harga Bengkulu Tengah"
2025-05-22,PHP17,CRW02,26400,kg,BD-PIHPS,,,,,"PIHPS Provinsi Bengkulu (rata-rata pasar tradisional), bukan harga Bengkulu Tengah"
2025-05-22,PHP17,DAY01,34400,kg,BD-PIHPS,,,,,"PIHPS Provinsi Bengkulu (rata-rata pasar tradisional), bukan harga Bengkulu Tengah"
2025-05-22,PHP17,DSP01,135000,kg,BD-PIHPS,,,,,"PIHPS Provinsi Bengkulu (rata-rata pasar tradisional), bukan harga Bengkulu Tengah"
2025-05-22,PHP17,DSP02,134400,kg,BD-PIHPS,,,,,"PIHPS Provinsi Bengkulu (rata-rata pasar tradisional), bukan harga Bengkulu Tengah"
2025-05-22,PHP17,GLP01,18500,kg,BD-PIHPS,,,,,"PIHPS Provinsi Bengkulu (rata-rata pasar tradisional), bukan harga Bengkulu Tengah"
2025-05-22,PHP17,GLP02,19250,kg,BD-PIHPS,,,,,"PIHPS Provinsi Bengkulu (rata-rata pasar tradisional), bukan harga Bengkulu Tengah"
2025-05-22,PHP17,MGR01,18500,liter,BD-PIHPS,,,,,"PIHPS Provinsi Bengkulu (rata-rata pasar tradisional), bukan harga Bengkulu Tengah"
2025-05-22,PHP17,MGR02,21250,liter,BD-PIHPS,,,,,"PIHPS Provinsi Bengkulu (rata-rata pasar tradisional), bukan harga Bengkulu Tengah"
2025-05-22,PHP17,MGR03,20400,liter,BD-PIHPS,,,,,"PIHPS Provinsi Bengkulu (rata-rata pasar tradisional), bukan harga Bengkulu Tengah"
2025-05-22,PHP17,TLR01,28300,kg,BD-PIHPS,,,,,"PIHPS Provinsi Bengkulu (rata-rata pasar tradisional), bukan harga Bengkulu Tengah"
2025-05-23,PHP17,BRS01,14150,kg,BD-PIHPS,,,,,"PIHPS Provinsi Bengkulu (rata-rata pasar tradisional), bukan harga Bengkulu Tengah"
2025-05-23,PHP17,BRS02,15150,kg,BD-PIHPS,,,,,"PIHPS Provinsi Bengkulu (rata-rata pasar tradisional), bukan harga Bengkulu Tengah"
2025-05-23,PHP17,BRS03,15300,kg,BD-PIHPS,,,,,"PIHPS Provinsi Bengkulu (rata-rata pasar tradisional), bukan harga Bengkulu Tengah"
2025-05-23,PHP17,BRS04,15750,kg,BD-PIHPS,,,,,"PIHPS Provinsi Bengkulu (rata-rata pasar tradisional), bukan harga Bengkulu Tengah"
2025-05-23,PHP17,BRS05,15650,kg,BD-PIHPS,,,,,"PIHPS Provinsi Bengkulu (rata-rata pasar tradisional), bukan harga Bengkulu Tengah"
2025-05-23,PHP17,BRS06,15950,kg,BD-PIHPS,,,,,"PIHPS Provinsi Bengkulu (rata-rata pasar tradisional), bukan harga Bengkulu Tengah"
2025-05-23,PHP17,BWM01,45150,kg,BD-PIHPS,,,,,"PIHPS Provinsi Bengkulu (rata-rata pasar tradisional), bukan harga Bengkulu Tengah"
2025-05-23,PHP17,BWP01,43250,kg,BD-PIHPS,,,,,"PIHPS Provinsi Bengkulu (rata-rata pasar tradisional), bukan harga Bengkulu Tengah"
2025-05-23,PHP17,CMR01,32750,kg,BD-PIHPS,,,,,"PIHPS Provinsi Bengkulu (rata-rata pasar tradisional), bukan harga Bengkulu Tengah"
2025-05-23,PHP17,CMR02,36650,kg,BD-PIHPS,,,,,"PIHPS Provinsi Bengkulu (rata-rata pasar tradisional), bukan harga Bengkulu Tengah"
2025-05-23,PHP17,CRW01,35400,kg,BD-PIHPS,,,,,"PIHPS Provinsi Bengkulu (rata-rata pasar tradisional), bukan harga Bengkulu Tengah"
2025-05-23,PHP17,CRW02,26550,kg,BD-PIHPS,,,,,"PIHPS Provinsi Bengkulu (rata-rata pasar tradisional), bukan harga Bengkulu Tengah"
2025-05-23,PHP17,DAY01,34650,kg,BD-PIHPS,,,,,"PIHPS Provinsi Bengkulu (rata-rata pasar tradisional), bukan harga Bengkulu Tengah"
2025-05-23,PHP17,DSP01,135000,kg,BD-PIHPS,,,,,"PIHPS Provinsi Bengkulu (rata-rata pasar tradisional), bukan harga Bengkulu Tengah"
2025-05-23,PHP17,DSP02,134400,kg,BD-PIHPS,,,,,"PIHPS Provinsi Bengkulu (rata-rata pasar tradisional), bukan harga Bengkulu Tengah"
2025-05-23,PHP17,GLP01,18500,kg,BD-PIHPS,,,,,"PIHPS Provinsi Bengkulu (rata-rata pasar tradisional), bukan harga Bengkulu Tengah"
2025-05-23,PHP17,GLP02,19250,kg,BD-PIHPS,,,,,"PIHPS Provinsi Bengkulu (rata-rata pasar tradisional), bukan harga Bengkulu Tengah"
2025-05-23,PHP17,MGR01,18500,liter,BD-PIHPS,,,,,"PIHPS Provinsi Bengkulu (rata-rata pasar tradisional), bukan harga Bengkulu Tengah"
2025-05-23,PHP17,MGR02,21250,liter,BD-PIHPS,,,,,"PIHPS Provinsi Bengkulu (rata-rata pasar tradisional), bukan harga Bengkulu Tengah"
2025-05-23,PHP17,MGR03,20400,liter,BD-PIHPS,,,,,"PIHPS Provinsi Bengkulu (rata-rata pasar tradisional), bukan harga Bengkulu Tengah"
2025-05-23,PHP17,TLR01,28300,kg,BD-PIHPS,,,,,"PIHPS Provinsi Bengkulu (rata-rata pasar tradisional), bukan harga Bengkulu Tengah"
2025-05-26,PHP17,BRS01,14150,kg,BD-PIHPS,,,,,"PIHPS Provinsi Bengkulu (rata-rata pasar tradisional), bukan harga Bengkulu Tengah"
2025-05-26,PHP17,BRS02,15150,kg,BD-PIHPS,,,,,"PIHPS Provinsi Bengkulu (rata-rata pasar tradisional), bukan harga Bengkulu Tengah"
2025-05-26,PHP17,BRS03,15300,kg,BD-PIHPS,,,,,"PIHPS Provinsi Bengkulu (rata-rata pasar tradisional), bukan harga Bengkulu Tengah"
2025-05-26,PHP17,BRS04,15750,kg,BD-PIHPS,,,,,"PIHPS Provinsi Bengkulu (rata-rata pasar tradisional), bukan harga Bengkulu Tengah"
2025-05-26,PHP17,BRS05,15650,kg,BD-PIHPS,,,,,"PIHPS Provinsi Bengkulu (rata-rata pasar tradisional), bukan harga Bengkulu Tengah"
2025-05-26,PHP17,BRS06,15950,kg,BD-PIHPS,,,,,"PIHPS Provinsi Bengkulu (rata-rata pasar tradisional), bukan harga Bengkulu Tengah"
2025-05-26,PHP17,BWM01,45150,kg,BD-PIHPS,,,,,"PIHPS Provinsi Bengkulu (rata-rata pasar tradisional), bukan harga Bengkulu Tengah"
2025-05-26,PHP17,BWP01,43250,kg,BD-PIHPS,,,,,"PIHPS Provinsi Bengkulu (rata-rata pasar tradisional), bukan harga Bengkulu Tengah"
2025-05-26,PHP17,CMR01,35750,kg,BD-PIHPS,,,,,"PIHPS Provinsi Bengkulu (rata-rata pasar tradisional), bukan harga Bengkulu Tengah"
2025-05-26,PHP17,CMR02,35700,kg,BD-PIHPS,,,,,"PIHPS Provinsi Bengkulu (rata-rata pasar tradisional), bukan harga Bengkulu Tengah"
2025-05-26,PHP17,CRW01,36900,kg,BD-PIHPS,,,,,"PIHPS Provinsi Bengkulu (rata-rata pasar tradisional), bukan harga Bengkulu Tengah"
2025-05-26,PHP17,CRW02,25700,kg,BD-PIHPS,,,,,"PIHPS Provinsi Bengkulu (rata-rata pasar tradisional), bukan harga Bengkulu Tengah"
2025-05-26,PHP17,DAY01,34150,kg,BD-PIHPS,,,,,"PIHPS Provinsi Bengkulu (rata-rata pasar tradisional), bukan harga Bengkulu Tengah"
2025-05-26,PHP17,DSP01,135000,kg,BD-PIHPS,,,,,"PIHPS Provinsi Bengkulu (rata-rata pasar tradisional), bukan harga Bengkulu Tengah"
2025-05-26,PHP17,DSP02,134400,kg,BD-PIHPS,,,,,"PIHPS Provinsi Bengkulu (rata-rata pasar tradisional), bukan harga Bengkulu Tengah"
2025-05-26,PHP17,GLP01,18500,kg,BD-PIHPS,,,,,"PIHPS Provinsi Bengkulu (rata-rata pasar tradisional), bukan harga Bengkulu Tengah"
2025-05-26,PHP17,GLP02,19250,kg,BD-PIHPS,,,,,"PIHPS Provinsi Bengkulu (rata-rata pasar tradisional), bukan harga Bengkulu Tengah"
2025-05-26,PHP17,MGR01,18500,liter,BD-PIHPS,,,,,"PIHPS Provinsi Bengkulu (rata-rata pasar tradisional), bukan harga Bengkulu Tengah"
2025-05-26,PHP17,MGR02,21250,liter,BD-PIHPS,,,,,"PIHPS Provinsi Bengkulu (rata-rata pasar tradisional), bukan harga Bengkulu Tengah"
2025-05-26,PHP17,MGR03,20400,liter,BD-PIHPS,,,,,"PIHPS Provinsi Bengkulu (rata-rata pasar tradisional), bukan harga Bengkulu Tengah"
2025-05-26,PHP17,TLR01,28300,kg,BD-PIHPS,,,,,"PIHPS Provinsi Bengkulu (rata-rata pasar tradisional), bukan harga Bengkulu Tengah"
2025-05-27,PHP17,BRS01,14150,kg,BD-PIHPS,,,,,"PIHPS Provinsi Bengkulu (rata-rata pasar tradisional), bukan harga Bengkulu Tengah"
2025-05-27,PHP17,BRS02,15150,kg,BD-PIHPS,,,,,"PIHPS Provinsi Bengkulu (rata-rata pasar tradisional), bukan harga Bengkulu Tengah"
2025-05-27,PHP17,BRS03,15300,kg,BD-PIHPS,,,,,"PIHPS Provinsi Bengkulu (rata-rata pasar tradisional), bukan harga Bengkulu Tengah"
2025-05-27,PHP17,BRS04,15750,kg,BD-PIHPS,,,,,"PIHPS Provinsi Bengkulu (rata-rata pasar tradisional), bukan harga Bengkulu Tengah"
2025-05-27,PHP17,BRS05,15650,kg,BD-PIHPS,,,,,"PIHPS Provinsi Bengkulu (rata-rata pasar tradisional), bukan harga Bengkulu Tengah"
2025-05-27,PHP17,BRS06,15950,kg,BD-PIHPS,,,,,"PIHPS Provinsi Bengkulu (rata-rata pasar tradisional), bukan harga Bengkulu Tengah"
2025-05-27,PHP17,BWM01,45650,kg,BD-PIHPS,,,,,"PIHPS Provinsi Bengkulu (rata-rata pasar tradisional), bukan harga Bengkulu Tengah"
2025-05-27,PHP17,BWP01,43650,kg,BD-PIHPS,,,,,"PIHPS Provinsi Bengkulu (rata-rata pasar tradisional), bukan harga Bengkulu Tengah"
2025-05-27,PHP17,CMR01,34150,kg,BD-PIHPS,,,,,"PIHPS Provinsi Bengkulu (rata-rata pasar tradisional), bukan harga Bengkulu Tengah"
2025-05-27,PHP17,CMR02,38400,kg,BD-PIHPS,,,,,"PIHPS Provinsi Bengkulu (rata-rata pasar tradisional), bukan harga Bengkulu Tengah"
2025-05-27,PHP17,CRW01,35000,kg,BD-PIHPS,,,,,"PIHPS Provinsi Bengkulu (rata-rata pasar tradisional), bukan harga Bengkulu Tengah"
2025-05-27,PHP17,CRW02,26550,kg,BD-PIHPS,,,,,"PIHPS Provinsi Bengkulu (rata-rata pasar tradisional), bukan harga Bengkulu Tengah"
2025-05-27,PHP17,DAY01,34150,kg,BD-PIHPS,,,,,"PIHPS Provinsi Bengkulu (rata-rata pasar tradisional), bukan harga Bengkulu Tengah"
2025-05-27,PHP17,DSP01,135000,kg,BD-PIHPS,,,,,"PIHPS Provinsi Bengkulu (rata-rata pasar tradisional), bukan harga Bengkulu Tengah"
2025-05-27,PHP17,DSP02,134400,kg,BD-PIHPS,,,,,"PIHPS Provinsi Bengkulu (rata-rata pasar tradisional), bukan harga Bengkulu Tengah"
2025-05-27,PHP17,GLP01,18500,kg,BD-PIHPS,,,,,"PIHPS Provinsi Bengkulu (rata-rata pasar tradisional), bukan harga Bengkulu Tengah"
2025-05-27,PHP17,GLP02,19250,kg,BD-PIHPS,,,,,"PIHPS Provinsi Bengkulu (rata-rata pasar tradisional), bukan harga Bengkulu Tengah"
2025-05-27,PHP17,MGR01,18300,liter,BD-PIHPS,,,,,"PIHPS Provinsi Bengkulu (rata-rata pasar tradisional), bukan harga Bengkulu Tengah"
2025-05-27,PHP17,MGR02,21250,liter,BD-PIHPS,,,,,"PIHPS Provinsi Bengkulu (rata-rata pasar tradisional), bukan harga Bengkulu Tengah"
2025-05-27,PHP17,MGR03,20400,liter,BD-PIHPS,,,,,"PIHPS Provinsi Bengkulu (rata-rata pasar tradisional), bukan harga Bengkulu Tengah"
2025-05-27,PHP17,TLR01,28300,kg,BD-PIHPS,,,,,"PIHPS Provinsi Bengkulu (rata-rata pasar tradisional), bukan harga Bengkulu Tengah"
2025-05-28,PHP17,BRS01,14150,kg,BD-PIHPS,,,,,"PIHPS Provinsi Bengkulu (rata-rata pasar tradisional), bukan harga Bengkulu Tengah"
2025-05-28,PHP17,BRS02,15150,kg,BD-PIHPS,,,,,"PIHPS Provinsi Bengkulu (rata-rata pasar tradisional), bukan harga Bengkulu Tengah"
2025-05-28,PHP17,BRS03,15300,kg,BD-PIHPS,,,,,"PIHPS Provinsi Bengkulu (rata-rata pasar tradisional), bukan harga Bengkulu Tengah"
2025-05-28,PHP17,BRS04,15750,kg,BD-PIHPS,,,,,"PIHPS Provinsi Bengkulu (rata-rata pasar tradisional), bukan harga Bengkulu Tengah"
2025-05-28,PHP17,BRS05,15650,kg,BD-PIHPS,,,,,"PIHPS Provinsi Bengkulu (rata-rata pasar tradisional), bukan harga Bengkulu Tengah"
2025-05-28,PHP17,BRS06,15950,kg,BD-PIHPS,,,,,"PIHPS Provinsi Bengkulu (rata-rata pasar tradisional), bukan harga Bengkulu Tengah"
2025-05-28,PHP17,BWM01,46000,kg,BD-PIHPS,,,,,"PIHPS Provinsi Bengkulu (rata-rata pasar tradisional), bukan harga Bengkulu Tengah"
2025-05-28,PHP17,BWP01,43650,kg,BD-PIHPS,,,,,"PIHPS Provinsi Bengkulu (rata-rata pasar tradisional), bukan harga Bengkulu Tengah"
2025-05-28,PHP17,CMR01,32400,kg,BD-PIHPS,,,,,"PIHPS Provinsi Bengkulu (rata-rata pasar tradisional), bukan harga Bengkulu Tengah"
2025-05-28,PHP17,CMR02,36500,kg,BD-PIHPS,,,,,"PIHPS Provinsi Bengkulu (rata-rata pasar tradisional), bukan harga Bengkulu Tengah"
2025-05-28,PHP17,CRW01,34750,kg,BD-PIHPS,,,,,"PIHPS Provinsi Bengkulu (rata-rata pasar tradisional), bukan harga Bengkulu Tengah"
2025-05-28,PHP17,CRW02,26300,kg,BD-PIHPS,,,,,"PIHPS Provinsi Bengkulu (rata-rata pasar tradisional), bukan harga Bengkulu Tengah"
2025-05-28,PHP17,DAY01,34150,kg,BD-PIHPS,,,,,"PIHPS Provinsi Bengkulu (rata-rata pasar tradisional), bukan harga Bengkulu Tengah"
2025-05-28,PHP17,DSP01,135000,kg,BD-PIHPS,,,,,"PIHPS Provinsi Bengkulu (rata-rata pasar tradisional), bukan harga Bengkulu Tengah"
2025-05-28,PHP17,DSP02,134400,kg,BD-PIHPS,,,,,"PIHPS Provinsi Bengkulu (rata-rata pasar tradisional), bukan harga Bengkulu Tengah"
2025-05-28,PHP17,GLP01,18500,kg,BD-PIHPS,,,,,"PIHPS Provinsi Bengkulu (rata-rata pasar tradisional), bukan harga Bengkulu Tengah"
2025-05-28,PHP17,GLP02,19250,kg,BD-PIHPS,,,,,"PIHPS Provinsi Bengkulu (rata-rata pasar tradisional), bukan harga Bengkulu Tengah"
2025-05-28,PHP17,MGR01,18300,liter,BD-PIHPS,,,,,"PIHPS Provinsi Bengkulu (rata-rata pasar tradisional), bukan harga Bengkulu Tengah"
2025-05-28,PHP17,MGR02,21250,liter,BD-PIHPS,,,,,"PIHPS Provinsi Bengkulu (rata-rata pasar tradisional), bukan harga Bengkulu Tengah"
2025-05-28,PHP17,MGR03,20400,liter,BD-PIHPS,,,,,"PIHPS Provinsi Bengkulu (rata-rata pasar tradisional), bukan harga Bengkulu Tengah"
2025-05-28,PHP17,TLR01,28300,kg,BD-PIHPS,,,,,"PIHPS Provinsi Bengkulu (rata-rata pasar tradisional), bukan harga Bengkulu Tengah"
2025-05-29,PHP17,BRS01,14150,kg,BD-PIHPS,,,,,"PIHPS Provinsi Bengkulu (rata-rata pasar tradisional), bukan harga Bengkulu Tengah"
2025-05-29,PHP17,BRS02,15150,kg,BD-PIHPS,,,,,"PIHPS Provinsi Bengkulu (rata-rata pasar tradisional), bukan harga Bengkulu Tengah"
2025-05-29,PHP17,BRS03,15300,kg,BD-PIHPS,,,,,"PIHPS Provinsi Bengkulu (rata-rata pasar tradisional), bukan harga Bengkulu Tengah"
2025-05-29,PHP17,BRS04,15750,kg,BD-PIHPS,,,,,"PIHPS Provinsi Bengkulu (rata-rata pasar tradisional), bukan harga Bengkulu Tengah"
2025-05-29,PHP17,BRS05,15650,kg,BD-PIHPS,,,,,"PIHPS Provinsi Bengkulu (rata-rata pasar tradisional), bukan harga Bengkulu Tengah"
2025-05-29,PHP17,BRS06,15950,kg,BD-PIHPS,,,,,"PIHPS Provinsi Bengkulu (rata-rata pasar tradisional), bukan harga Bengkulu Tengah"
2025-05-29,PHP17,BWM01,46000,kg,BD-PIHPS,,,,,"PIHPS Provinsi Bengkulu (rata-rata pasar tradisional), bukan harga Bengkulu Tengah"
2025-05-29,PHP17,BWP01,43650,kg,BD-PIHPS,,,,,"PIHPS Provinsi Bengkulu (rata-rata pasar tradisional), bukan harga Bengkulu Tengah"
2025-05-29,PHP17,CMR01,31400,kg,BD-PIHPS,,,,,"PIHPS Provinsi Bengkulu (rata-rata pasar tradisional), bukan harga Bengkulu Tengah"
2025-05-29,PHP17,CMR02,36500,kg,BD-PIHPS,,,,,"PIHPS Provinsi Bengkulu (rata-rata pasar tradisional), bukan harga Bengkulu Tengah"
2025-05-29,PHP17,CRW01,34750,kg,BD-PIHPS,,,,,"PIHPS Provinsi Bengkulu (rata-rata pasar tradisional), bukan harga Bengkulu Tengah"
2025-05-29,PHP17,CRW02,26300,kg,BD-PIHPS,,,,,"PIHPS Provinsi Bengkulu (rata-rata pasar tradisional), bukan harga Bengkulu Tengah"
2025-05-29,PHP17,DAY01,34150,kg,BD-PIHPS,,,,,"PIHPS Provinsi Bengkulu (rata-rata pasar tradisional), bukan harga Bengkulu Tengah"
2025-05-29,PHP17,DSP01,135000,kg,BD-PIHPS,,,,,"PIHPS Provinsi Bengkulu (rata-rata pasar tradisional), bukan harga Bengkulu Tengah"
2025-05-29,PHP17,DSP02,134400,kg,BD-PIHPS,,,,,"PIHPS Provinsi Bengkulu (rata-rata pasar tradisional), bukan harga Bengkulu Tengah"
2025-05-29,PHP17,GLP01,18500,kg,BD-PIHPS,,,,,"PIHPS Provinsi Bengkulu (rata-rata pasar tradisional), bukan harga Bengkulu Tengah"
2025-05-29,PHP17,GLP02,19250,kg,BD-PIHPS,,,,,"PIHPS Provinsi Bengkulu (rata-rata pasar tradisional), bukan harga Bengkulu Tengah"
2025-05-29,PHP17,MGR01,18200,liter,BD-PIHPS,,,,,"PIHPS Provinsi Bengkulu (rata-rata pasar tradisional), bukan harga Bengkulu Tengah"
2025-05-29,PHP17,MGR02,21250,liter,BD-PIHPS,,,,,"PIHPS Provinsi Bengkulu (rata-rata pasar tradisional), bukan harga Bengkulu Tengah"
2025-05-29,PHP17,MGR03,20400,liter,BD-PIHPS,,,,,"PIHPS Provinsi Bengkulu (rata-rata pasar tradisional), bukan harga Bengkulu Tengah"
2025-05-29,PHP17,TLR01,28300,kg,BD-PIHPS,,,,,"PIHPS Provinsi Bengkulu (rata-rata pasar tradisional), bukan harga Bengkulu Tengah"
2025-05-30,PHP17,BRS01,14150,kg,BD-PIHPS,,,,,"PIHPS Provinsi Bengkulu (rata-rata pasar tradisional), bukan harga Bengkulu Tengah"
2025-05-30,PHP17,BRS02,15150,kg,BD-PIHPS,,,,,"PIHPS Provinsi Bengkulu (rata-rata pasar tradisional), bukan harga Bengkulu Tengah"
2025-05-30,PHP17,BRS03,15300,kg,BD-PIHPS,,,,,"PIHPS Provinsi Bengkulu (rata-rata pasar tradisional), bukan harga Bengkulu Tengah"
2025-05-30,PHP17,BRS04,15750,kg,BD-PIHPS,,,,,"PIHPS Provinsi Bengkulu (rata-rata pasar tradisional), bukan harga Bengkulu Tengah"
2025-05-30,PHP17,BRS05,15650,kg,BD-PIHPS,,,,,"PIHPS Provinsi Bengkulu (rata-rata pasar tradisional), bukan harga Bengkulu Tengah"
2025-05-30,PHP17,BRS06,15950,kg,BD-PIHPS,,,,,"PIHPS Provinsi Bengkulu (rata-rata pasar tradisional), bukan harga Bengkulu Tengah"
2025-05-30,PHP17,BWM01,46000,kg,BD-PIHPS,,,,,"PIHPS Provinsi Bengkulu (rata-rata pasar tradisional), bukan harga Bengkulu Tengah"
2025-05-30,PHP17,BWP01,43650,kg,BD-PIHPS,,,,,"PIHPS Provinsi Bengkulu (rata-rata pasar tradisional), bukan harga Bengkulu Tengah"
2025-05-30,PHP17,CMR01,31400,kg,BD-PIHPS,,,,,"PIHPS Provinsi Bengkulu (rata-rata pasar tradisional), bukan harga Bengkulu Tengah"
2025-05-30,PHP17,CMR02,36500,kg,BD-PIHPS,,,,,"PIHPS Provinsi Bengkulu (rata-rata pasar tradisional), bukan harga Bengkulu Tengah"
2025-05-30,PHP17,CRW01,34750,kg,BD-PIHPS,,,,,"PIHPS Provinsi Bengkulu (rata-rata pasar tradisional), bukan harga Bengkulu Tengah"
2025-05-30,PHP17,CRW02,26300,kg,BD-PIHPS,,,,,"PIHPS Provinsi Bengkulu (rata-rata pasar tradisional), bukan harga Bengkulu Tengah"
2025-05-30,PHP17,DAY01,34150,kg,BD-PIHPS,,,,,"PIHPS Provinsi Bengkulu (rata-rata pasar tradisional), bukan harga Bengkulu Tengah"
2025-05-30,PHP17,DSP01,135000,kg,BD-PIHPS,,,,,"PIHPS Provinsi Bengkulu (rata-rata pasar tradisional), bukan harga Bengkulu Tengah"
2025-05-30,PHP17,DSP02,134400,kg,BD-PIHPS,,,,,"PIHPS Provinsi Bengkulu (rata-rata pasar tradisional), bukan harga Bengkulu Tengah"
2025-05-30,PHP17,GLP01,18500,kg,BD-PIHPS,,,,,"PIHPS Provinsi Bengkulu (rata-rata pasar tradisional), bukan harga Bengkulu Tengah"
2025-05-30,PHP17,GLP02,19250,kg,BD-PIHPS,,,,,"PIHPS Provinsi Bengkulu (rata-rata pasar tradisional), bukan harga Bengkulu Tengah"
2025-05-30,PHP17,MGR01,18200,liter,BD-PIHPS,,,,,"PIHPS Provinsi Bengkulu (rata-rata pasar tradisional), bukan harga Bengkulu Tengah"
2025-05-30,PHP17,MGR02,21250,liter,BD-PIHPS,,,,,"PIHPS Provinsi Bengkulu (rata-rata pasar tradisional), bukan harga Bengkulu Tengah"
2025-05-30,PHP17,MGR03,20400,liter,BD-PIHPS,,,,,"PIHPS Provinsi Bengkulu (rata-rata pasar tradisional), bukan harga Bengkulu Tengah"
2025-05-30,PHP17,TLR01,28300,kg,BD-PIHPS,,,,,"PIHPS Provinsi Bengkulu (rata-rata pasar tradisional), bukan harga Bengkulu Tengah"
2025-06-02,PHP17,BRS01,14150,kg,BD-PIHPS,,,,,"PIHPS Provinsi Bengkulu (rata-rata pasar tradisional), bukan harga Bengkulu Tengah"
2025-06-02,PHP17,BRS02,15150,kg,BD-PIHPS,,,,,"PIHPS Provinsi Bengkulu (rata-rata pasar tradisional), bukan harga Bengkulu Tengah"
2025-06-02,PHP17,BRS03,15300,kg,BD-PIHPS,,,,,"PIHPS Provinsi Bengkulu (rata-rata pasar tradisional), bukan harga Bengkulu Tengah"
2025-06-02,PHP17,BRS04,15750,kg,BD-PIHPS,,,,,"PIHPS Provinsi Bengkulu (rata-rata pasar tradisional), bukan harga Bengkulu Tengah"
2025-06-02,PHP17,BRS05,15650,kg,BD-PIHPS,,,,,"PIHPS Provinsi Bengkulu (rata-rata pasar tradisional), bukan harga Bengkulu Tengah"
2025-06-02,PHP17,BRS06,15950,kg,BD-PIHPS,,,,,"PIHPS Provinsi Bengkulu (rata-rata pasar tradisional), bukan harga Bengkulu Tengah"
2025-06-02,PHP17,BWM01,45250,kg,BD-PIHPS,,,,,"PIHPS Provinsi Bengkulu (rata-rata pasar tradisional), bukan harga Bengkulu Tengah"
2025-06-02,PHP17,BWP01,43400,kg,BD-PIHPS,,,,,"PIHPS Provinsi Bengkulu (rata-rata pasar tradisional), bukan harga Bengkulu Tengah"
2025-06-02,PHP17,CMR01,31000,kg,BD-PIHPS,,,,,"PIHPS Provinsi Bengkulu (rata-rata pasar tradisional), bukan harga Bengkulu Tengah"
2025-06-02,PHP17,CMR02,35500,kg,BD-PIHPS,,,,,"PIHPS Provinsi Bengkulu (rata-rata pasar tradisional), bukan harga Bengkulu Tengah"
2025-06-02,PHP17,CRW01,35150,kg,BD-PIHPS,,,,,"PIHPS Provinsi Bengkulu (rata-rata pasar tradisional), bukan harga Bengkulu Tengah"
2025-06-02,PHP17,CRW02,27250,kg,BD-PIHPS,,,,,"PIHPS Provinsi Bengkulu (rata-rata pasar tradisional), bukan harga Bengkulu Tengah"
2025-06-02,PHP17,DAY01,35000,kg,BD-PIHPS,,,,,"PIHPS Provinsi Bengkulu (rata-rata pasar tradisional), bukan harga Bengkulu Tengah"
2025-06-02,PHP17,DSP01,135000,kg,BD-PIHPS,,,,,"PIHPS Provinsi Bengkulu (rata-rata pasar tradisional), bukan harga Bengkulu Tengah"
2025-06-02,PHP17,DSP02,134400,kg,BD-PIHPS,,,,,"PIHPS Provinsi Bengkulu (rata-rata pasar tradisional), bukan harga Bengkulu Tengah"
2025-06-02,PHP17,GLP01,18500,kg,BD-PIHPS,,,,,"PIHPS Provinsi Bengkulu (rata-rata pasar tradisional), bukan harga Bengkulu Tengah"
2025-06-02,PHP17,GLP02,19250,kg,BD-PIHPS,,,,,"PIHPS Provinsi Bengkulu (rata-rata pasar tradisional), bukan harga Bengkulu Tengah"
2025-06-02,PHP17,MGR01,18200,liter,BD-PIHPS,,,,,"PIHPS Provinsi Bengkulu (rata-rata pasar tradisional), bukan harga Bengkulu Tengah"
2025-06-02,PHP17,MGR02,21250,liter,BD-PIHPS,,,,,"PIHPS Provinsi Bengkulu (rata-rata pasar tradisional), bukan harga Bengkulu Tengah"
2025-06-02,PHP17,MGR03,20400,liter,BD-PIHPS,,,,,"PIHPS Provinsi Bengkulu (rata-rata pasar tradisional), bukan harga Bengkulu Tengah"
2025-06-02,PHP17,TLR01,28300,kg,BD-PIHPS,,,,,"PIHPS Provinsi Bengkulu (rata-rata pasar tradisional), bukan harga Bengkulu Tengah"
2025-06-03,PHP17,BRS01,14150,kg,BD-PIHPS,,,,,"PIHPS Provinsi Bengkulu (rata-rata pasar tradisional), bukan harga Bengkulu Tengah"
2025-06-03,PHP17,BRS02,15150,kg,BD-PIHPS,,,,,"PIHPS Provinsi Bengkulu (rata-rata pasar tradisional), bukan harga Bengkulu Tengah"
2025-06-03,PHP17,BRS03,15300,kg,BD-PIHPS,,,,,"PIHPS Provinsi Bengkulu (rata-rata pasar tradisional), bukan harga Bengkulu Tengah"
2025-06-03,PHP17,BRS04,15800,kg,BD-PIHPS,,,,,"PIHPS Provinsi Bengkulu (rata-rata pasar tradisional), bukan harga Bengkulu Tengah"
2025-06-03,PHP17,BRS05,15650,kg,BD-PIHPS,,,,,"PIHPS Provinsi Bengkulu (rata-rata pasar tradisional), bukan harga Bengkulu Tengah"
2025-06-03,PHP17,BRS06,16050,kg,BD-PIHPS,,,,,"PIHPS Provinsi Bengkulu (rata-rata pasar tradisional), bukan harga Bengkulu Tengah"
2025-06-03,PHP17,BWM01,45150,kg,BD-PIHPS,,,,,"PIHPS Provinsi Bengkulu (rata-rata pasar tradisional), bukan harga Bengkulu Tengah"
2025-06-03,PHP17,BWP01,43650,kg,BD-PIHPS,,,,,"PIHPS Provinsi Bengkulu (rata-rata pasar tradisional), bukan harga Bengkulu Tengah"
2025-06-03,PHP17,CMR01,31500,kg,BD-PIHPS,,,,,"PIHPS Provinsi Bengkulu (rata-rata pasar tradisional), bukan harga Bengkulu Tengah"
2025-06-03,PHP17,CMR02,35400,kg,BD-PIHPS,,,,,"PIHPS Provinsi Bengkulu (rata-rata pasar tradisional), bukan harga Bengkulu Tengah"
2025-06-03,PHP17,CRW01,35500,kg,BD-PIHPS,,,,,"PIHPS Provinsi Bengkulu (rata-rata pasar tradisional), bukan harga Bengkulu Tengah"
2025-06-03,PHP17,CRW02,27600,kg,BD-PIHPS,,,,,"PIHPS Provinsi Bengkulu (rata-rata pasar tradisional), bukan harga Bengkulu Tengah"
2025-06-03,PHP17,DAY01,35000,kg,BD-PIHPS,,,,,"PIHPS Provinsi Bengkulu (rata-rata pasar tradisional), bukan harga Bengkulu Tengah"
2025-06-03,PHP17,DSP01,135000,kg,BD-PIHPS,,,,,"PIHPS Provinsi Bengkulu (rata-rata pasar tradisional), bukan harga Bengkulu Tengah"
2025-06-03,PHP17,DSP02,134400,kg,BD-PIHPS,,,,,"PIHPS Provinsi Bengkulu (rata-rata pasar tradisional), bukan harga Bengkulu Tengah"
2025-06-03,PHP17,GLP01,18500,kg,BD-PIHPS,,,,,"PIHPS Provinsi Bengkulu (rata-rata pasar tradisional), bukan harga Bengkulu Tengah"
2025-06-03,PHP17,GLP02,19250,kg,BD-PIHPS,,,,,"PIHPS Provinsi Bengkulu (rata-rata pasar tradisional), bukan harga Bengkulu Tengah"
2025-06-03,PHP17,MGR01,18200,liter,BD-PIHPS,,,,,"PIHPS Provinsi Bengkulu (rata-rata pasar tradisional), bukan harga Bengkulu Tengah"
2025-06-03,PHP17,MGR02,21250,liter,BD-PIHPS,,,,,"PIHPS Provinsi Bengkulu (rata-rata pasar tradisional), bukan harga Bengkulu Tengah"
2025-06-03,PHP17,MGR03,20400,liter,BD-PIHPS,,,,,"PIHPS Provinsi Bengkulu (rata-rata pasar tradisional), bukan harga Bengkulu Tengah"
2025-06-03,PHP17,TLR01,28300,kg,BD-PIHPS,,,,,"PIHPS Provinsi Bengkulu (rata-rata pasar tradisional), bukan harga Bengkulu Tengah"
2025-06-04,PHP17,BRS01,14150,kg,BD-PIHPS,,,,,"PIHPS Provinsi Bengkulu (rata-rata pasar tradisional), bukan harga Bengkulu Tengah"
2025-06-04,PHP17,BRS02,15150,kg,BD-PIHPS,,,,,"PIHPS Provinsi Bengkulu (rata-rata pasar tradisional), bukan harga Bengkulu Tengah"
2025-06-04,PHP17,BRS03,15300,kg,BD-PIHPS,,,,,"PIHPS Provinsi Bengkulu (rata-rata pasar tradisional), bukan harga Bengkulu Tengah"
2025-06-04,PHP17,BRS04,15900,kg,BD-PIHPS,,,,,"PIHPS Provinsi Bengkulu (rata-rata pasar tradisional), bukan harga Bengkulu Tengah"
2025-06-04,PHP17,BRS05,15650,kg,BD-PIHPS,,,,,"PIHPS Provinsi Bengkulu (rata-rata pasar tradisional), bukan harga Bengkulu Tengah"
2025-06-04,PHP17,BRS06,16050,kg,BD-PIHPS,,,,,"PIHPS Provinsi Bengkulu (rata-rata pasar tradisional), bukan harga Bengkulu Tengah"
2025-06-04,PHP17,BWM01,45500,kg,BD-PIHPS,,,,,"PIHPS Provinsi Bengkulu (rata-rata pasar tradisional), bukan harga Bengkulu Tengah"
2025-06-04,PHP17,BWP01,43750,kg,BD-PIHPS,,,,,"PIHPS Provinsi Bengkulu (rata-rata pasar tradisional), bukan harga Bengkulu Tengah"
2025-06-04,PHP17,CMR01,34150,kg,BD-PIHPS,,,,,"PIHPS Provinsi Bengkulu (rata-rata pasar tradisional), bukan harga Bengkulu Tengah"
2025-06-04,PHP17,CMR02,37900,kg,BD-PIHPS,,,,,"PIHPS Provinsi Bengkulu (rata-rata pasar tradisional), bukan harga Bengkulu Tengah"
2025-06-04,PHP17,CRW01,37750,kg,BD-PIHPS,,,,,"PIHPS Provinsi Bengkulu (rata-rata pasar tradisional), bukan harga Bengkulu Tengah"
2025-06-04,PHP17,CRW02,27800,kg,BD-PIHPS,,,,,"PIHPS Provinsi Bengkulu (rata-rata pasar tradisional), bukan harga Bengkulu Tengah"
2025-06-04,PHP17,DAY01,35400,kg,BD-PIHPS,,,,,"PIHPS Provinsi Bengkulu (rata-rata pasar tradisional), bukan harga Bengkulu Tengah"
2025-06-04,PHP17,DSP01,135000,kg,BD-PIHPS,,,,,"PIHPS Provinsi Bengkulu (rata-rata pasar tradisional), bukan harga Bengkulu Tengah"
2025-06-04,PHP17,DSP02,134400,kg,BD-PIHPS,,,,,"PIHPS Provinsi Bengkulu (rata-rata pasar tradisional), bukan harga Bengkulu Tengah"
2025-06-04,PHP17,GLP01,18500,kg,BD-PIHPS,,,,,"PIHPS Provinsi Bengkulu (rata-rata pasar tradisional), bukan harga Bengkulu Tengah"
2025-06-04,PHP17,GLP02,19250,kg,BD-PIHPS,,,,,"PIHPS Provinsi Bengkulu (rata-rata pasar tradisional), bukan harga Bengkulu Tengah"
2025-06-04,PHP17,MGR01,18200,liter,BD-PIHPS,,,,,"PIHPS Provinsi Bengkulu (rata-rata pasar tradisional), bukan harga Bengkulu Tengah"
2025-06-04,PHP17,MGR02,21250,liter,BD-PIHPS,,,,,"PIHPS Provinsi Bengkulu (rata-rata pasar tradisional), bukan harga Bengkulu Tengah"
2025-06-04,PHP17,MGR03,20400,liter,BD-PIHPS,,,,,"PIHPS Provinsi Bengkulu (rata-rata pasar tradisional), bukan harga Bengkulu Tengah"
2025-06-04,PHP17,TLR01,28300,kg,BD-PIHPS,,,,,"PIHPS Provinsi Bengkulu (rata-rata pasar tradisional), bukan harga Bengkulu Tengah"
2025-06-05,PHP17,BRS01,14150,kg,BD-PIHPS,,,,,"PIHPS Provinsi Bengkulu (rata-rata pasar tradisional), bukan harga Bengkulu Tengah"
2025-06-05,PHP17,BRS02,15150,kg,BD-PIHPS,,,,,"PIHPS Provinsi Bengkulu (rata-rata pasar tradisional), bukan harga Bengkulu Tengah"
2025-06-05,PHP17,BRS03,15300,kg,BD-PIHPS,,,,,"PIHPS Provinsi Bengkulu (rata-rata pasar tradisional), bukan harga Bengkulu Tengah"
2025-06-05,PHP17,BRS04,15900,kg,BD-PIHPS,,,,,"PIHPS Provinsi Bengkulu (rata-rata pasar tradisional), bukan harga Bengkulu Tengah"
2025-06-05,PHP17,BRS05,15650,kg,BD-PIHPS,,,,,"PIHPS Provinsi Bengkulu (rata-rata pasar tradisional), bukan harga Bengkulu Tengah"
2025-06-05,PHP17,BRS06,16050,kg,BD-PIHPS,,,,,"PIHPS Provinsi Bengkulu (rata-rata pasar tradisional), bukan harga Bengkulu Tengah"
2025-06-05,PHP17,BWM01,45500,kg,BD-PIHPS,,,,,"PIHPS Provinsi Bengkulu (rata-rata pasar tradisional), bukan harga Bengkulu Tengah"
2025-06-05,PHP17,BWP01,44500,kg,BD-PIHPS,,,,,"PIHPS Provinsi Bengkulu (rata-rata pasar tradisional), bukan harga Bengkulu Tengah"
2025-06-05,PHP17,CMR01,35750,kg,BD-PIHPS,,,,,"PIHPS Provinsi Bengkulu (rata-rata pasar tradisional), bukan harga Bengkulu Tengah"
2025-06-05,PHP17,CMR02,40500,kg,BD-PIHPS,,,,,"PIHPS Provinsi Bengkulu (rata-rata pasar tradisional), bukan harga Bengkulu Tengah"
2025-06-05,PHP17,CRW01,40150,kg,BD-PIHPS,,,,,"PIHPS Provinsi Bengkulu (rata-rata pasar tradisional), bukan harga Bengkulu Tengah"
2025-06-05,PHP17,CRW02,30150,kg,BD-PIHPS,,,,,"PIHPS Provinsi Bengkulu (rata-rata pasar tradisional), bukan harga Bengkulu Tengah"
2025-06-05,PHP17,DAY01,36000,kg,BD-PIHPS,,,,,"PIHPS Provinsi Bengkulu (rata-rata pasar tradisional), bukan harga Bengkulu Tengah"
2025-06-05,PHP17,DSP01,135000,kg,BD-PIHPS,,,,,"PIHPS Provinsi Bengkulu (rata-rata pasar tradisional), bukan harga Bengkulu Tengah"
2025-06-05,PHP17,DSP02,134400,kg,BD-PIHPS,,,,,"PIHPS Provinsi Bengkulu (rata-rata pasar tradisional), bukan harga Bengkulu Tengah"
2025-06-05,PHP17,GLP01,18500,kg,BD-PIHPS,,,,,"PIHPS Provinsi Bengkulu (rata-rata pasar tradisional), bukan harga Bengkulu Tengah"
2025-06-05,PHP17,GLP02,19250,kg,BD-PIHPS,,,,,"PIHPS Provinsi Bengkulu (rata-rata pasar tradisional), bukan harga Bengkulu Tengah"
2025-06-05,PHP17,MGR01,18200,liter,BD-PIHPS,,,,,"PIHPS Provinsi Bengkulu (rata-rata pasar tradisional), bukan harga Bengkulu Tengah"
2025-06-05,PHP17,MGR02,21250,liter,BD-PIHPS,,,,,"PIHPS Provinsi Bengkulu (rata-rata pasar tradisional), bukan harga Bengkulu Tengah"
2025-06-05,PHP17,MGR03,20400,liter,BD-PIHPS,,,,,"PIHPS Provinsi Bengkulu (rata-rata pasar tradisional), bukan harga Bengkulu Tengah"
2025-06-05,PHP17,TLR01,28300,kg,BD-PIHPS,,,,,"PIHPS Provinsi Bengkulu (rata-rata pasar tradisional), bukan harga Bengkulu Tengah"
2025-06-06,PHP17,BRS01,14150,kg,BD-PIHPS,,,,,"PIHPS Provinsi Bengkulu (rata-rata pasar tradisional), bukan harga Bengkulu Tengah"
2025-06-06,PHP17,BRS02,15150,kg,BD-PIHPS,,,,,"PIHPS Provinsi Bengkulu (rata-rata pasar tradisional), bukan harga Bengkulu Tengah"
2025-06-06,PHP17,BRS03,15300,kg,BD-PIHPS,,,,,"PIHPS Provinsi Bengkulu (rata-rata pasar tradisional), bukan harga Bengkulu Tengah"
2025-06-06,PHP17,BRS04,15900,kg,BD-PIHPS,,,,,"PIHPS Provinsi Bengkulu (rata-rata pasar tradisional), bukan harga Bengkulu Tengah"
2025-06-06,PHP17,BRS05,15650,kg,BD-PIHPS,,,,,"PIHPS Provinsi Bengkulu (rata-rata pasar tradisional), bukan harga Bengkulu Tengah"
2025-06-06,PHP17,BRS06,16050,kg,BD-PIHPS,,,,,"PIHPS Provinsi Bengkulu (rata-rata pasar tradisional), bukan harga Bengkulu Tengah"
2025-06-06,PHP17,BWM01,45500,kg,BD-PIHPS,,,,,"PIHPS Provinsi Bengkulu (rata-rata pasar tradisional), bukan harga Bengkulu Tengah"
2025-06-06,PHP17,BWP01,44500,kg,BD-PIHPS,,,,,"PIHPS Provinsi Bengkulu (rata-rata pasar tradisional), bukan harga Bengkulu Tengah"
2025-06-06,PHP17,CMR01,35750,kg,BD-PIHPS,,,,,"PIHPS Provinsi Bengkulu (rata-rata pasar tradisional), bukan harga Bengkulu Tengah"
2025-06-06,PHP17,CMR02,40500,kg,BD-PIHPS,,,,,"PIHPS Provinsi Bengkulu (rata-rata pasar tradisional), bukan harga Bengkulu Tengah"
2025-06-06,PHP17,CRW01,40150,kg,BD-PIHPS,,,,,"PIHPS Provinsi Bengkulu (rata-rata pasar tradisional), bukan harga Bengkulu Tengah"
2025-06-06,PHP17,CRW02,30150,kg,BD-PIHPS,,,,,"PIHPS Provinsi Bengkulu (rata-rata pasar tradisional), bukan harga Bengkulu Tengah"
2025-06-06,PHP17,DAY01,36000,kg,BD-PIHPS,,,,,"PIHPS Provinsi Bengkulu (rata-rata pasar tradisional), bukan harga Bengkulu Tengah"
2025-06-06,PHP17,DSP01,135000,kg,BD-PIHPS,,,,,"PIHPS Provinsi Bengkulu (rata-rata pasar tradisional), bukan harga Bengkulu Tengah"
2025-06-06,PHP17,DSP02,134400,kg,BD-PIHPS,,,,,"PIHPS Provinsi Bengkulu (rata-rata pasar tradisional), bukan harga Bengkulu Tengah"
2025-06-06,PHP17,GLP01,18500,kg,BD-PIHPS,,,,,"PIHPS Provinsi Bengkulu (rata-rata pasar tradisional), bukan harga Bengkulu Tengah"
2025-06-06,PHP17,GLP02,19250,kg,BD-PIHPS,,,,,"PIHPS Provinsi Bengkulu (rata-rata pasar tradisional), bukan harga Bengkulu Tengah"
2025-06-06,PHP17,MGR01,18200,liter,BD-PIHPS,,,,,"PIHPS Provinsi Bengkulu (rata-rata pasar tradisional), bukan harga Bengkulu Tengah"
2025-06-06,PHP17,MGR02,21250,liter,BD-PIHPS,,,,,"PIHPS Provinsi Bengkulu (rata-rata pasar tradisional), bukan harga Bengkulu Tengah"
2025-06-06,PHP17,MGR03,20400,liter,BD-PIHPS,,,,,"PIHPS Provinsi Bengkulu (rata-rata pasar tradisional), bukan harga Bengkulu Tengah"
2025-06-06,PHP17,TLR01,28300,kg,BD-PIHPS,,,,,"PIHPS Provinsi Bengkulu (rata-rata pasar tradisional), bukan harga Bengkulu Tengah"
2025-06-09,PHP17,BRS01,14150,kg,BD-PIHPS,,,,,"PIHPS Provinsi Bengkulu (rata-rata pasar tradisional), bukan harga Bengkulu Tengah"
2025-06-09,PHP17,BRS02,15150,kg,BD-PIHPS,,,,,"PIHPS Provinsi Bengkulu (rata-rata pasar tradisional), bukan harga Bengkulu Tengah"
2025-06-09,PHP17,BRS03,15300,kg,BD-PIHPS,,,,,"PIHPS Provinsi Bengkulu (rata-rata pasar tradisional), bukan harga Bengkulu Tengah"
2025-06-09,PHP17,BRS04,15900,kg,BD-PIHPS,,,,,"PIHPS Provinsi Bengkulu (rata-rata pasar tradisional), bukan harga Bengkulu Tengah"
2025-06-09,PHP17,BRS05,15650,kg,BD-PIHPS,,,,,"PIHPS Provinsi Bengkulu (rata-rata pasar tradisional), bukan harga Bengkulu Tengah"
2025-06-09,PHP17,BRS06,16050,kg,BD-PIHPS,,,,,"PIHPS Provinsi Bengkulu (rata-rata pasar tradisional), bukan harga Bengkulu Tengah"
2025-06-09,PHP17,BWM01,45500,kg,BD-PIHPS,,,,,"PIHPS Provinsi Bengkulu (rata-rata pasar tradisional), bukan harga Bengkulu Tengah"
2025-06-09,PHP17,BWP01,44500,kg,BD-PIHPS,,,,,"PIHPS Provinsi Bengkulu (rata-rata pasar tradisional), bukan harga Bengkulu Tengah"
2025-06-09,PHP17,CMR01,35750,kg,BD-PIHPS,,,,,"PIHPS Provinsi Bengkulu (rata-rata pasar tradisional), bukan harga Bengkulu Tengah"
2025-06-09,PHP17,CMR02,40500,kg,BD-PIHPS,,,,,"PIHPS Provinsi Bengkulu (rata-rata pasar tradisional), bukan harga Bengkulu Tengah"
2025-06-09,PHP17,CRW01,40150,kg,BD-PIHPS,,,,,"PIHPS Provinsi Bengkulu (rata-rata pasar tradisional), bukan harga Bengkulu Tengah"
2025-06-09,PHP17,CRW02,30150,kg,BD-PIHPS,,,,,"PIHPS Provinsi Bengkulu (rata-rata pasar tradisional), bukan harga Bengkulu Tengah"
2025-06-09,PHP17,DAY01,36000,kg,BD-PIHPS,,,,,"PIHPS Provinsi Bengkulu (rata-rata pasar tradisional), bukan harga Bengkulu Tengah"
2025-06-09,PHP17,DSP01,135000,kg,BD-PIHPS,,,,,"PIHPS Provinsi Bengkulu (rata-rata pasar tradisional), bukan harga Bengkulu Tengah"
2025-06-09,PHP17,DSP02,134400,kg,BD-PIHPS,,,,,"PIHPS Provinsi Bengkulu (rata-rata pasar tradisional), bukan harga Bengkulu Tengah"
2025-06-09,PHP17,GLP01,18500,kg,BD-PIHPS,,,,,"PIHPS Provinsi Bengkulu (rata-rata pasar tradisional), bukan harga Bengkulu Tengah"
2025-06-09,PHP17,GLP02,19250,kg,BD-PIHPS,,,,,"PIHPS Provinsi Bengkulu (rata-rata pasar tradisional), bukan harga Bengkulu Tengah"
2025-06-09,PHP17,MGR01,18200,liter,BD-PIHPS,,,,,"PIHPS Provinsi Bengkulu (rata-rata pasar tradisional), bukan harga Bengkulu Tengah"
2025-06-09,PHP17,MGR02,21250,liter,BD-PIHPS,,,,,"PIHPS Provinsi Bengkulu (rata-rata pasar tradisional), bukan harga Bengkulu Tengah"
2025-06-09,PHP17,MGR03,20400,liter,BD-PIHPS,,,,,"PIHPS Provinsi Bengkulu (rata-rata pasar tradisional), bukan harga Bengkulu Tengah"
2025-06-09,PHP17,TLR01,28300,kg,BD-PIHPS,,,,,"PIHPS Provinsi Bengkulu (rata-rata pasar tradisional), bukan harga Bengkulu Tengah"
2025-06-10,PHP17,BRS01,14150,kg,BD-PIHPS,,,,,"PIHPS Provinsi Bengkulu (rata-rata pasar tradisional), bukan harga Bengkulu Tengah"
2025-06-10,PHP17,BRS02,15150,kg,BD-PIHPS,,,,,"PIHPS Provinsi Bengkulu (rata-rata pasar tradisional), bukan harga Bengkulu Tengah"
2025-06-10,PHP17,BRS03,15300,kg,BD-PIHPS,,,,,"PIHPS Provinsi Bengkulu (rata-rata pasar tradisional), bukan harga Bengkulu Tengah"
2025-06-10,PHP17,BRS04,15900,kg,BD-PIHPS,,,,,"PIHPS Provinsi Bengkulu (rata-rata pasar tradisional), bukan harga Bengkulu Tengah"
2025-06-10,PHP17,BRS05,15650,kg,BD-PIHPS,,,,,"PIHPS Provinsi Bengkulu (rata-rata pasar tradisional), bukan harga Bengkulu Tengah"
2025-06-10,PHP17,BRS06,16050,kg,BD-PIHPS,,,,,"PIHPS Provinsi Bengkulu (rata-rata pasar tradisional), bukan harga Bengkulu Tengah"
2025-06-10,PHP17,BWM01,42750,kg,BD-PIHPS,,,,,"PIHPS Provinsi Bengkulu (rata-rata pasar tradisional), bukan harga Bengkulu Tengah"
2025-06-10,PHP17,BWP01,41400,kg,BD-PIHPS,,,,,"PIHPS Provinsi Bengkulu (rata-rata pasar tradisional), bukan harga Bengkulu Tengah"
2025-06-10,PHP17,CMR01,32650,kg,BD-PIHPS,,,,,"PIHPS Provinsi Bengkulu (rata-rata pasar tradisional), bukan harga Bengkulu Tengah"
2025-06-10,PHP17,CMR02,37500,kg,BD-PIHPS,,,,,"PIHPS Provinsi Bengkulu (rata-rata pasar tradisional), bukan harga Bengkulu Tengah"
2025-06-10,PHP17,CRW01,40150,kg,BD-PIHPS,,,,,"PIHPS Provinsi Bengkulu (rata-rata pasar tradisional), bukan harga Bengkulu Tengah"
2025-06-10,PHP17,CRW02,29250,kg,BD-PIHPS,,,,,"PIHPS Provinsi Bengkulu (rata-rata pasar tradisional), bukan harga Bengkulu Tengah"
2025-06-10,PHP17,DAY01,33900,kg,BD-PIHPS,,,,,"PIHPS Provinsi Bengkulu (rata-rata pasar tradisional), bukan harga Bengkulu Tengah"
2025-06-10,PHP17,DSP01,135000,kg,BD-PIHPS,,,,,"PIHPS Provinsi Bengkulu (rata-rata pasar tradisional), bukan harga Bengkulu Tengah"
2025-06-10,PHP17,DSP02,134400,kg,BD-PIHPS,,,,,"PIHPS Provinsi Bengkulu (rata-rata pasar tradisional), bukan harga Bengkulu Tengah"
2025-06-10,PHP17,GLP01,18500,kg,BD-PIHPS,,,,,"PIHPS Provinsi Bengkulu (rata-rata pasar tradisional), bukan harga Bengkulu Tengah"
2025-06-10,PHP17,GLP02,19250,kg,BD-PIHPS,,,,,"PIHPS Provinsi Bengkulu (rata-rata pasar tradisional), bukan harga Bengkulu Tengah"
2025-06-10,PHP17,MGR01,18200,liter,BD-PIHPS,,,,,"PIHPS Provinsi Bengkulu (rata-rata pasar tradisional), bukan harga Bengkulu Tengah"
2025-06-10,PHP17,MGR02,21250,liter,BD-PIHPS,,,,,"PIHPS Provinsi Bengkulu (rata-rata pasar tradisional), bukan harga Bengkulu Tengah"
2025-06-10,PHP17,MGR03,20400,liter,BD-PIHPS,,,,,"PIHPS Provinsi Bengkulu (rata-rata pasar tradisional), bukan harga Bengkulu Tengah"
2025-06-10,PHP17,TLR01,28300,kg,BD-PIHPS,,,,,"PIHPS Provinsi Bengkulu (rata-rata pasar tradisional), bukan harga Bengkulu Tengah"
2025-06-11,PHP17,BRS01,14150,kg,BD-PIHPS,,,,,"PIHPS Provinsi Bengkulu (rata-rata pasar tradisional), bukan harga Bengkulu Tengah"
2025-06-11,PHP17,BRS02,15200,kg,BD-PIHPS,,,,,"PIHPS Provinsi Bengkulu (rata-rata pasar tradisional), bukan harga Bengkulu Tengah"
2025-06-11,PHP17,BRS03,15300,kg,BD-PIHPS,,,,,"PIHPS Provinsi Bengkulu (rata-rata pasar tradisional), bukan harga Bengkulu Tengah"
2025-06-11,PHP17,BRS04,16000,kg,BD-PIHPS,,,,,"PIHPS Provinsi Bengkulu (rata-rata pasar tradisional), bukan harga Bengkulu Tengah"
2025-06-11,PHP17,BRS05,15650,kg,BD-PIHPS,,,,,"PIHPS Provinsi Bengkulu (rata-rata pasar tradisional), bukan harga Bengkulu Tengah"
2025-06-11,PHP17,BRS06,16150,kg,BD-PIHPS,,,,,"PIHPS Provinsi Bengkulu (rata-rata pasar tradisional), bukan harga Bengkulu Tengah"
2025-06-11,PHP17,BWM01,41500,kg,BD-PIHPS,,,,,"PIHPS Provinsi Bengkulu (rata-rata pasar tradisional), bukan harga Bengkulu Tengah"
2025-06-11,PHP17,BWP01,38150,kg,BD-PIHPS,,,,,"PIHPS Provinsi Bengkulu (rata-rata pasar tradisional), bukan harga Bengkulu Tengah"
2025-06-11,PHP17,CMR01,31900,kg,BD-PIHPS,,,,,"PIHPS Provinsi Bengkulu (rata-rata pasar tradisional), bukan harga Bengkulu Tengah"
2025-06-11,PHP17,CMR02,36250,kg,BD-PIHPS,,,,,"PIHPS Provinsi Bengkulu (rata-rata pasar tradisional), bukan harga Bengkulu Tengah"
2025-06-11,PHP17,CRW01,40500,kg,BD-PIHPS,,,,,"PIHPS Provinsi Bengkulu (rata-rata pasar tradisional), bukan harga Bengkulu Tengah"
2025-06-11,PHP17,CRW02,29500,kg,BD-PIHPS,,,,,"PIHPS Provinsi Bengkulu (rata-rata pasar tradisional), bukan harga Bengkulu Tengah"
2025-06-11,PHP17,DAY01,33900,kg,BD-PIHPS,,,,,"PIHPS Provinsi Bengkulu (rata-rata pasar tradisional), bukan harga Bengkulu Tengah"
2025-06-11,PHP17,DSP01,135000,kg,BD-PIHPS,,,,,"PIHPS Provinsi Bengkulu (rata-rata pasar tradisional), bukan harga Bengkulu Tengah"
2025-06-11,PHP17,DSP02,134400,kg,BD-PIHPS,,,,,"PIHPS Provinsi Bengkulu (rata-rata pasar tradisional), bukan harga Bengkulu Tengah"
2025-06-11,PHP17,GLP01,18500,kg,BD-PIHPS,,,,,"PIHPS Provinsi Bengkulu (rata-rata pasar tradisional), bukan harga Bengkulu Tengah"
2025-06-11,PHP17,GLP02,19250,kg,BD-PIHPS,,,,,"PIHPS Provinsi Bengkulu (rata-rata pasar tradisional), bukan harga Bengkulu Tengah"
2025-06-11,PHP17,MGR01,18200,liter,BD-PIHPS,,,,,"PIHPS Provinsi Bengkulu (rata-rata pasar tradisional), bukan harga Bengkulu Tengah"
2025-06-11,PHP17,MGR02,21250,liter,BD-PIHPS,,,,,"PIHPS Provinsi Bengkulu (rata-rata pasar tradisional), bukan harga Bengkulu Tengah"
2025-06-11,PHP17,MGR03,20400,liter,BD-PIHPS,,,,,"PIHPS Provinsi Bengkulu (rata-rata pasar tradisional), bukan harga Bengkulu Tengah"
2025-06-11,PHP17,TLR01,28300,kg,BD-PIHPS,,,,,"PIHPS Provinsi Bengkulu (rata-rata pasar tradisional), bukan harga Bengkulu Tengah"
2025-06-12,PHP17,BRS01,14150,kg,BD-PIHPS,,,,,"PIHPS Provinsi Bengkulu (rata-rata pasar tradisional), bukan harga Bengkulu Tengah"
2025-06-12,PHP17,BRS02,15200,kg,BD-PIHPS,,,,,"PIHPS Provinsi Bengkulu (rata-rata pasar tradisional), bukan harga Bengkulu Tengah"
2025-06-12,PHP17,BRS03,15300,kg,BD-PIHPS,,,,,"PIHPS Provinsi Bengkulu (rata-rata pasar tradisional), bukan harga Bengkulu Tengah"
2025-06-12,PHP17,BRS04,16000,kg,BD-PIHPS,,,,,"PIHPS Provinsi Bengkulu (rata-rata pasar tradisional), bukan harga Bengkulu Tengah"
2025-06-12,PHP17,BRS05,15650,kg,BD-PIHPS,,,,,"PIHPS Provinsi Bengkulu (rata-rata pasar tradisional), bukan harga Bengkulu Tengah"
2025-06-12,PHP17,BRS06,16250,kg,BD-PIHPS,,,,,"PIHPS Provinsi Bengkulu (rata-rata pasar tradisional), bukan harga Bengkulu Tengah"
2025-06-12,PHP17,BWM01,41150,kg,BD-PIHPS,,,,,"PIHPS Provinsi Bengkulu (rata-rata pasar tradisional), bukan harga Bengkulu Tengah"
2025-06-12,PHP17,BWP01,37900,kg,BD-PIHPS,,,,,"PIHPS Provinsi Bengkulu (rata-rata pasar tradisional), bukan harga Bengkulu Tengah"
2025-06-12,PHP17,CMR01,31650,kg,BD-PIHPS,,,,,"PIHPS Provinsi Bengkulu (rata-rata pasar tradisional), bukan harga Bengkulu Tengah"
2025-06-12,PHP17,CMR02,36150,kg,BD-PIHPS,,,,,"PIHPS Provinsi Bengkulu (rata-rata pasar tradisional), bukan harga Bengkulu Tengah"
2025-06-12,PHP17,CRW01,39650,kg,BD-PIHPS,,,,,"PIHPS Provinsi Bengkulu (rata-rata pasar tradisional), bukan harga Bengkulu Tengah"
2025-06-12,PHP17,CRW02,29350,kg,BD-PIHPS,,,,,"PIHPS Provinsi Bengkulu (rata-rata pasar tradisional), bukan harga Bengkulu Tengah"
2025-06-12,PHP17,DAY01,33900,kg,BD-PIHPS,,,,,"PIHPS Provinsi Bengkulu (rata-rata pasar tradisional), bukan harga Bengkulu Tengah"
2025-06-12,PHP17,DSP01,135000,kg,BD-PIHPS,,,,,"PIHPS Provinsi Bengkulu (rata-rata pasar tradisional), bukan harga Bengkulu Tengah"
2025-06-12,PHP17,DSP02,134400,kg,BD-PIHPS,,,,,"PIHPS Provinsi Bengkulu (rata-rata pasar tradisional), bukan harga Bengkulu Tengah"
2025-06-12,PHP17,GLP01,18500,kg,BD-PIHPS,,,,,"PIHPS Provinsi Bengkulu (rata-rata pasar tradisional), bukan harga Bengkulu Tengah"
2025-06-12,PHP17,GLP02,19250,kg,BD-PIHPS,,,,,"PIHPS Provinsi Bengkulu (rata-rata pasar tradisional), bukan harga Bengkulu Tengah"
2025-06-12,PHP17,MGR01,18200,liter,BD-PIHPS,,,,,"PIHPS Provinsi Bengkulu (rata-rata pasar tradisional), bukan harga Bengkulu Tengah"
2025-06-12,PHP17,MGR02,21250,liter,BD-PIHPS,,,,,"PIHPS Provinsi Bengkulu (rata-rata pasar tradisional), bukan harga Bengkulu Tengah"
2025-06-12,PHP17,MGR03,20400,liter,BD-PIHPS,,,,,"PIHPS Provinsi Bengkulu (rata-rata pasar tradisional), bukan harga Bengkulu Tengah"
2025-06-12,PHP17,TLR01,28300,kg,BD-PIHPS,,,,,"PIHPS Provinsi Bengkulu (rata-rata pasar tradisional), bukan harga Bengkulu Tengah"
2025-06-13,PHP17,BRS01,14150,kg,BD-PIHPS,,,,,"PIHPS Provinsi Bengkulu (rata-rata pasar tradisional), bukan harga Bengkulu Tengah"
2025-06-13,PHP17,BRS02,15200,kg,BD-PIHPS,,,,,"PIHPS Provinsi Bengkulu (rata-rata pasar tradisional), bukan harga Bengkulu Tengah"
2025-06-13,PHP17,BRS03,15300,kg,BD-PIHPS,,,,,"PIHPS Provinsi Bengkulu (rata-rata pasar tradisional), bukan harga Bengkulu Tengah"
2025-06-13,PHP17,BRS04,16050,kg,BD-PIHPS,,,,,"PIHPS Provinsi Bengkulu (rata-rata pasar tradisional), bukan harga Bengkulu Tengah"
2025-06-13,PHP17,BRS05,15650,kg,BD-PIHPS,,,,,"PIHPS Provinsi Bengkulu (rata-rata pasar tradisional), bukan harga Bengkulu Tengah"
2025-06-13,PHP17,BRS06,16300,kg,BD-PIHPS,,,,,"PIHPS Provinsi Bengkulu (rata-rata pasar tradisional), bukan harga Bengkulu Tengah"
2025-06-13,PHP17,BWM01,41150,kg,BD-PIHPS,,,,,"PIHPS Provinsi Bengkulu (rata-rata pasar tradisional), bukan harga Bengkulu Tengah"
2025-06-13,PHP17,BWP01,37400,kg,BD-PIHPS,,,,,"PIHPS Provinsi Bengkulu (rata-rata pasar tradisional), bukan harga Bengkulu Tengah"
2025-06-13,PHP17,CMR01,30750,kg,BD-PIHPS,,,,,"PIHPS Provinsi Bengkulu (rata-rata pasar tradisional), bukan harga Bengkulu Tengah"
2025-06-13,PHP17,CMR02,35250,kg,BD-PIHPS,,,,,"PIHPS Provinsi Bengkulu (rata-rata pasar tradisional), bukan harga Bengkulu Tengah"
2025-06-13,PHP17,CRW01,39150,kg,BD-PIHPS,,,,,"PIHPS Provinsi Bengkulu (rata-rata pasar tradisional), bukan harga Bengkulu Tengah"
2025-06-13,PHP17,CRW02,29350,kg,BD-PIHPS,,,,,"PIHPS Provinsi Bengkulu (rata-rata pasar tradisional), bukan harga Bengkulu Tengah"
2025-06-13,PHP17,DAY01,33900,kg,BD-PIHPS,,,,,"PIHPS Provinsi Bengkulu (rata-rata pasar tradisional), bukan harga Bengkulu Tengah"
2025-06-13,PHP17,DSP01,135000,kg,BD-PIHPS,,,,,"PIHPS Provinsi Bengkulu (rata-rata pasar tradisional), bukan harga Bengkulu Tengah"
2025-06-13,PHP17,DSP02,135000,kg,BD-PIHPS,,,,,"PIHPS Provinsi Bengkulu (rata-rata pasar tradisional), bukan harga Bengkulu Tengah"
2025-06-13,PHP17,GLP01,18500,kg,BD-PIHPS,,,,,"PIHPS Provinsi Bengkulu (rata-rata pasar tradisional), bukan harga Bengkulu Tengah"
2025-06-13,PHP17,GLP02,19250,kg,BD-PIHPS,,,,,"PIHPS Provinsi Bengkulu (rata-rata pasar tradisional), bukan harga Bengkulu Tengah"
2025-06-13,PHP17,MGR01,18200,liter,BD-PIHPS,,,,,"PIHPS Provinsi Bengkulu (rata-rata pasar tradisional), bukan harga Bengkulu Tengah"
2025-06-13,PHP17,MGR02,21250,liter,BD-PIHPS,,,,,"PIHPS Provinsi Bengkulu (rata-rata pasar tradisional), bukan harga Bengkulu Tengah"
2025-06-13,PHP17,MGR03,20400,liter,BD-PIHPS,,,,,"PIHPS Provinsi Bengkulu (rata-rata pasar tradisional), bukan harga Bengkulu Tengah"
2025-06-13,PHP17,TLR01,28300,kg,BD-PIHPS,,,,,"PIHPS Provinsi Bengkulu (rata-rata pasar tradisional), bukan harga Bengkulu Tengah"
2025-06-16,PHP17,BRS01,14150,kg,BD-PIHPS,,,,,"PIHPS Provinsi Bengkulu (rata-rata pasar tradisional), bukan harga Bengkulu Tengah"
2025-06-16,PHP17,BRS02,15200,kg,BD-PIHPS,,,,,"PIHPS Provinsi Bengkulu (rata-rata pasar tradisional), bukan harga Bengkulu Tengah"
2025-06-16,PHP17,BRS03,15300,kg,BD-PIHPS,,,,,"PIHPS Provinsi Bengkulu (rata-rata pasar tradisional), bukan harga Bengkulu Tengah"
2025-06-16,PHP17,BRS04,16050,kg,BD-PIHPS,,,,,"PIHPS Provinsi Bengkulu (rata-rata pasar tradisional), bukan harga Bengkulu Tengah"
2025-06-16,PHP17,BRS05,15650,kg,BD-PIHPS,,,,,"PIHPS Provinsi Bengkulu (rata-rata pasar tradisional), bukan harga Bengkulu Tengah"
2025-06-16,PHP17,BRS06,16300,kg,BD-PIHPS,,,,,"PIHPS Provinsi Bengkulu (rata-rata pasar tradisional), bukan harga Bengkulu Tengah"
2025-06-16,PHP17,BWM01,41150,kg,BD-PIHPS,,,,,"PIHPS Provinsi Bengkulu (rata-rata pasar tradisional), bukan harga Bengkulu Tengah"
2025-06-16,PHP17,BWP01,37400,kg,BD-PIHPS,,,,,"PIHPS Provinsi Bengkulu (rata-rata pasar tradisional), bukan harga Bengkulu Tengah"
2025-06-16,PHP17,CMR01,30400,kg,BD-PIHPS,,,,,"PIHPS Provinsi Bengkulu (rata-rata pasar tradisional), bukan harga Bengkulu Tengah"
2025-06-16,PHP17,CMR02,34900,kg,BD-PIHPS,,,,,"PIHPS Provinsi Bengkulu (rata-rata pasar tradisional), bukan harga Bengkulu Tengah"
2025-06-16,PHP17,CRW01,36900,kg,BD-PIHPS,,,,,"PIHPS Provinsi Bengkulu (rata-rata pasar tradisional), bukan harga Bengkulu Tengah"
2025-06-16,PHP17,CRW02,29200,kg,BD-PIHPS,,,,,"PIHPS Provinsi Bengkulu (rata-rata pasar tradisional), bukan harga Bengkulu Tengah"
2025-06-16,PHP17,DAY01,31750,kg,BD-PIHPS,,,,,"PIHPS Provinsi Bengkulu (rata-rata pasar tradisional), bukan harga Bengkulu Tengah"
2025-06-16,PHP17,DSP01,135000,kg,BD-PIHPS,,,,,"PIHPS Provinsi Bengkulu (rata-rata pasar tradisional), bukan harga Bengkulu Tengah"
2025-06-16,PHP17,DSP02,135000,kg,BD-PIHPS,,,,,"PIHPS Provinsi Bengkulu (rata-rata pasar tradisional), bukan harga Bengkulu Tengah"
2025-06-16,PHP17,GLP01,18500,kg,BD-PIHPS,,,,,"PIHPS Provinsi Bengkulu (rata-rata pasar tradisional), bukan harga Bengkulu Tengah"
2025-06-16,PHP17,GLP02,19250,kg,BD-PIHPS,,,,,"PIHPS Provinsi Bengkulu (rata-rata pasar tradisional), bukan harga Bengkulu Tengah"
2025-06-16,PHP17,MGR01,18200,liter,BD-PIHPS,,,,,"PIHPS Provinsi Bengkulu (rata-rata pasar tradisional), bukan harga Bengkulu Tengah"
2025-06-16,PHP17,MGR02,21250,liter,BD-PIHPS,,,,,"PIHPS Provinsi Bengkulu (rata-rata pasar tradisional), bukan harga Bengkulu Tengah"
2025-06-16,PHP17,MGR03,20400,liter,BD-PIHPS,,,,,"PIHPS Provinsi Bengkulu (rata-rata pasar tradisional), bukan harga Bengkulu Tengah"
2025-06-16,PHP17,TLR01,27800,kg,BD-PIHPS,,,,,"PIHPS Provinsi Bengkulu (rata-rata pasar tradisional), bukan harga Bengkulu Tengah"
2025-06-17,PHP17,BRS01,14150,kg,BD-PIHPS,,,,,"PIHPS Provinsi Bengkulu (rata-rata pasar tradisional), bukan harga Bengkulu Tengah"
2025-06-17,PHP17,BRS02,15200,kg,BD-PIHPS,,,,,"PIHPS Provinsi Bengkulu (rata-rata pasar tradisional), bukan harga Bengkulu Tengah"
2025-06-17,PHP17,BRS03,15300,kg,BD-PIHPS,,,,,"PIHPS Provinsi Bengkulu (rata-rata pasar tradisional), bukan harga Bengkulu Tengah"
2025-06-17,PHP17,BRS04,16050,kg,BD-PIHPS,,,,,"PIHPS Provinsi Bengkulu (rata-rata pasar tradisional), bukan harga Bengkulu Tengah"
2025-06-17,PHP17,BRS05,15650,kg,BD-PIHPS,,,,,"PIHPS Provinsi Bengkulu (rata-rata pasar tradisional), bukan harga Bengkulu Tengah"
2025-06-17,PHP17,BRS06,16300,kg,BD-PIHPS,,,,,"PIHPS Provinsi Bengkulu (rata-rata pasar tradisional), bukan harga Bengkulu Tengah"
2025-06-17,PHP17,BWM01,40750,kg,BD-PIHPS,,,,,"PIHPS Provinsi Bengkulu (rata-rata pasar tradisional), bukan harga Bengkulu Tengah"
2025-06-17,PHP17,BWP01,36750,kg,BD-PIHPS,,,,,"PIHPS Provinsi Bengkulu (rata-rata pasar tradisional), bukan harga Bengkulu Tengah"
2025-06-17,PHP17,CMR01,30400,kg,BD-PIHPS,,,,,"PIHPS Provinsi Bengkulu (rata-rata pasar tradisional), bukan harga Bengkulu Tengah"
2025-06-17,PHP17,CMR02,34900,kg,BD-PIHPS,,,,,"PIHPS Provinsi Bengkulu (rata-rata pasar tradisional), bukan harga Bengkulu Tengah"
2025-06-17,PHP17,CRW01,36500,kg,BD-PIHPS,,,,,"PIHPS Provinsi Bengkulu (rata-rata pasar tradisional), bukan harga Bengkulu Tengah"
2025-06-17,PHP17,CRW02,28200,kg,BD-PIHPS,,,,,"PIHPS Provinsi Bengkulu (rata-rata pasar tradisional), bukan harga Bengkulu Tengah"
2025-06-17,PHP17,DAY01,30750,kg,BD-PIHPS,,,,,"PIHPS Provinsi Bengkulu (rata-rata pasar tradisional), bukan harga Bengkulu Tengah"
2025-06-17,PHP17,DSP01,135000,kg,BD-PIHPS,,,,,"PIHPS Provinsi Bengkulu (rata-rata pasar tradisional), bukan harga Bengkulu Tengah"
2025-06-17,PHP17,DSP02,135000,kg,BD-PIHPS,,,,,"PIHPS Provinsi Bengkulu (rata-rata pasar tradisional), bukan harga Bengkulu Tengah"
2025-06-17,PHP17,GLP01,18500,kg,BD-PIHPS,,,,,"PIHPS Provinsi Bengkulu (rata-rata pasar tradisional), bukan harga Bengkulu Tengah"
2025-06-17,PHP17,GLP02,19250,kg,BD-PIHPS,,,,,"PIHPS Provinsi Bengkulu (rata-rata pasar tradisional), bukan harga Bengkulu Tengah"
2025-06-17,PHP17,MGR01,18200,liter,BD-PIHPS,,,,,"PIHPS Provinsi Bengkulu (rata-rata pasar tradisional), bukan harga Bengkulu Tengah"
2025-06-17,PHP17,MGR02,21250,liter,BD-PIHPS,,,,,"PIHPS Provinsi Bengkulu (rata-rata pasar tradisional), bukan harga Bengkulu Tengah"
2025-06-17,PHP17,MGR03,20400,liter,BD-PIHPS,,,,,"PIHPS Provinsi Bengkulu (rata-rata pasar tradisional), bukan harga Bengkulu Tengah"
2025-06-17,PHP17,TLR01,27800,kg,BD-PIHPS,,,,,"PIHPS Provinsi Bengkulu (rata-rata pasar tradisional), bukan harga Bengkulu Tengah"
2025-06-18,PHP17,BRS01,14150,kg,BD-PIHPS,,,,,"PIHPS Provinsi Bengkulu (rata-rata pasar tradisional), bukan harga Bengkulu Tengah"
2025-06-18,PHP17,BRS02,15200,kg,BD-PIHPS,,,,,"PIHPS Provinsi Bengkulu (rata-rata pasar tradisional), bukan harga Bengkulu Tengah"
2025-06-18,PHP17,BRS03,15300,kg,BD-PIHPS,,,,,"PIHPS Provinsi Bengkulu (rata-rata pasar tradisional), bukan harga Bengkulu Tengah"
2025-06-18,PHP17,BRS04,16050,kg,BD-PIHPS,,,,,"PIHPS Provinsi Bengkulu (rata-rata pasar tradisional), bukan harga Bengkulu Tengah"
2025-06-18,PHP17,BRS05,15650,kg,BD-PIHPS,,,,,"PIHPS Provinsi Bengkulu (rata-rata pasar tradisional), bukan harga Bengkulu Tengah"
2025-06-18,PHP17,BRS06,16300,kg,BD-PIHPS,,,,,"PIHPS Provinsi Bengkulu (rata-rata pasar tradisional), bukan harga Bengkulu Tengah"
2025-06-18,PHP17,BWM01,42000,kg,BD-PIHPS,,,,,"PIHPS Provinsi Bengkulu (rata-rata pasar tradisional), bukan harga Bengkulu Tengah"
2025-06-18,PHP17,BWP01,36650,kg,BD-PIHPS,,,,,"PIHPS Provinsi Bengkulu (rata-rata pasar tradisional), bukan harga Bengkulu Tengah"
2025-06-18,PHP17,CMR01,28500,kg,BD-PIHPS,,,,,"PIHPS Provinsi Bengkulu (rata-rata pasar tradisional), bukan harga Bengkulu Tengah"
2025-06-18,PHP17,CMR02,32400,kg,BD-PIHPS,,,,,"PIHPS Provinsi Bengkulu (rata-rata pasar tradisional), bukan harga Bengkulu Tengah"
2025-06-18,PHP17,CRW01,35400,kg,BD-PIHPS,,,,,"PIHPS Provinsi Bengkulu (rata-rata pasar tradisional), bukan harga Bengkulu Tengah"
2025-06-18,PHP17,CRW02,28000,kg,BD-PIHPS,,,,,"PIHPS Provinsi Bengkulu (rata-rata pasar tradisional), bukan harga Bengkulu Tengah"
2025-06-18,PHP17,DAY01,30900,kg,BD-PIHPS,,,,,"PIHPS Provinsi Bengkulu (rata-rata pasar tradisional), bukan harga Bengkulu Tengah"
2025-06-18,PHP17,DSP01,135000,kg,BD-PIHPS,,,,,"PIHPS Provinsi Bengkulu (rata-rata pasar tradisional), bukan harga Bengkulu Tengah"
2025-06-18,PHP17,DSP02,135000,kg,BD-PIHPS,,,,,"PIHPS Provinsi Bengkulu (rata-rata pasar tradisional), bukan harga Bengkulu Tengah"
2025-06-18,PHP17,GLP01,18400,kg,BD-PIHPS,,,,,"PIHPS Provinsi Bengkulu (rata-rata pasar tradisional), bukan harga Bengkulu Tengah"
2025-06-18,PHP17,GLP02,19250,kg,BD-PIHPS,,,,,"PIHPS Provinsi Bengkulu (rata-rata pasar tradisional), bukan harga Bengkulu Tengah"
2025-06-18,PHP17,MGR01,18200,liter,BD-PIHPS,,,,,"PIHPS Provinsi Bengkulu (rata-rata pasar tradisional), bukan harga Bengkulu Tengah"
2025-06-18,PHP17,MGR02,21250,liter,BD-PIHPS,,,,,"PIHPS Provinsi Bengkulu (rata-rata pasar tradisional), bukan harga Bengkulu Tengah"
2025-06-18,PHP17,MGR03,20400,liter,BD-PIHPS,,,,,"PIHPS Provinsi Bengkulu (rata-rata pasar tradisional), bukan harga Bengkulu Tengah"
2025-06-18,PHP17,TLR01,27800,kg,BD-PIHPS,,,,,"PIHPS Provinsi Bengkulu (rata-rata pasar tradisional), bukan harga Bengkulu Tengah"
2025-06-19,PHP17,BRS01,14150,kg,BD-PIHPS,,,,,"PIHPS Provinsi Bengkulu (rata-rata pasar tradisional), bukan harga Bengkulu Tengah"
2025-06-19,PHP17,BRS02,15200,kg,BD-PIHPS,,,,,"PIHPS Provinsi Bengkulu (rata-rata pasar tradisional), bukan harga Bengkulu Tengah"
2025-06-19,PHP17,BRS03,15300,kg,BD-PIHPS,,,,,"PIHPS Provinsi Bengkulu (rata-rata pasar tradisional), bukan harga Bengkulu Tengah"
2025-06-19,PHP17,BRS04,16050,kg,BD-PIHPS,,,,,"PIHPS Provinsi Bengkulu (rata-rata pasar tradisional), bukan harga Bengkulu Tengah"
2025-06-19,PHP17,BRS05,15650,kg,BD-PIHPS,,,,,"PIHPS Provinsi Bengkulu (rata-rata pasar tradisional), bukan harga Bengkulu Tengah"
2025-06-19,PHP17,BRS06,16300,kg,BD-PIHPS,,,,,"PIHPS Provinsi Bengkulu (rata-rata pasar tradisional), bukan harga Bengkulu Tengah"
2025-06-19,PHP17,BWM01,43250,kg,BD-PIHPS,,,,,"PIHPS Provinsi Bengkulu (rata-rata pasar tradisional), bukan harga Bengkulu Tengah"
2025-06-19,PHP17,BWP01,36750,kg,BD-PIHPS,,,,,"PIHPS Provinsi Bengkulu (rata-rata pasar tradisional), bukan harga Bengkulu Tengah"
2025-06-19,PHP17,CMR01,27250,kg,BD-PIHPS,,,,,"PIHPS Provinsi Bengkulu (rata-rata pasar tradisional), bukan harga Bengkulu Tengah"
2025-06-19,PHP17,CMR02,31150,kg,BD-PIHPS,,,,,"PIHPS Provinsi Bengkulu (rata-rata pasar tradisional), bukan harga Bengkulu Tengah"
2025-06-19,PHP17,CRW01,35000,kg,BD-PIHPS,,,,,"PIHPS Provinsi Bengkulu (rata-rata pasar tradisional), bukan harga Bengkulu Tengah"
2025-06-19,PHP17,CRW02,27600,kg,BD-PIHPS,,,,,"PIHPS Provinsi Bengkulu (rata-rata pasar tradisional), bukan harga Bengkulu Tengah"
2025-06-19,PHP17,DAY01,30900,kg,BD-PIHPS,,,,,"PIHPS Provinsi Bengkulu (rata-rata pasar tradisional), bukan harga Bengkulu Tengah"
2025-06-19,PHP17,DSP01,135000,kg,BD-PIHPS,,,,,"PIHPS Provinsi Bengkulu (rata-rata pasar tradisional), bukan harga Bengkulu Tengah"
2025-06-19,PHP17,DSP02,135000,kg,BD-PIHPS,,,,,"PIHPS Provinsi Bengkulu (rata-rata pasar tradisional), bukan harga Bengkulu Tengah"
2025-06-19,PHP17,GLP01,18250,kg,BD-PIHPS,,,,,"PIHPS Provinsi Bengkulu (rata-rata pasar tradisional), bukan harga Bengkulu Tengah"
2025-06-19,PHP17,GLP02,19150,kg,BD-PIHPS,,,,,"PIHPS Provinsi Bengkulu (rata-rata pasar tradisional), bukan harga Bengkulu Tengah"
2025-06-19,PHP17,MGR01,18150,liter,BD-PIHPS,,,,,"PIHPS Provinsi Bengkulu (rata-rata pasar tradisional), bukan harga Bengkulu Tengah"
2025-06-19,PHP17,MGR02,21250,liter,BD-PIHPS,,,,,"PIHPS Provinsi Bengkulu (rata-rata pasar tradisional), bukan harga Bengkulu Tengah"
2025-06-19,PHP17,MGR03,20400,liter,BD-PIHPS,,,,,"PIHPS Provinsi Bengkulu (rata-rata pasar tradisional), bukan harga Bengkulu Tengah"
2025-06-19,PHP17,TLR01,27700,kg,BD-PIHPS,,,,,"PIHPS Provinsi Bengkulu (rata-rata pasar tradisional), bukan harga Bengkulu Tengah"
2025-06-20,PHP17,BRS01,14150,kg,BD-PIHPS,,,,,"PIHPS Provinsi Bengkulu (rata-rata pasar tradisional), bukan harga Bengkulu Tengah"
2025-06-20,PHP17,BRS02,15200,kg,BD-PIHPS,,,,,"PIHPS Provinsi Bengkulu (rata-rata pasar tradisional), bukan harga Bengkulu Tengah"
2025-06-20,PHP17,BRS03,15300,kg,BD-PIHPS,,,,,"PIHPS Provinsi Bengkulu (rata-rata pasar tradisional), bukan harga Bengkulu Tengah"
2025-06-20,PHP17,BRS04,16050,kg,BD-PIHPS,,,,,"PIHPS Provinsi Bengkulu (rata-rata pasar tradisional), bukan harga Bengkulu Tengah"
2025-06-20,PHP17,BRS05,15650,kg,BD-PIHPS,,,,,"PIHPS Provinsi Bengkulu (rata-rata pasar tradisional), bukan harga Bengkulu Tengah"
2025-06-20,PHP17,BRS06,16300,kg,BD-PIHPS,,,,,"PIHPS Provinsi Bengkulu (rata-rata pasar tradisional), bukan harga Bengkulu Tengah"
2025-06-20,PHP17,BWM01,43650,kg,BD-PIHPS,,,,,"PIHPS Provinsi Bengkulu (rata-rata pasar tradisional), bukan harga Bengkulu Tengah"
2025-06-20,PHP17,BWP01,37650,kg,BD-PIHPS,,,,,"PIHPS Provinsi Bengkulu (rata-rata pasar tradisional), bukan harga Bengkulu Tengah"
2025-06-20,PHP17,CMR01,28000,kg,BD-PIHPS,,,,,"PIHPS Provinsi Bengkulu (rata-rata pasar tradisional), bukan harga Bengkulu Tengah"
2025-06-20,PHP17,CMR02,31500,kg,BD-PIHPS,,,,,"PIHPS Provinsi Bengkulu (rata-rata pasar tradisional), bukan harga Bengkulu Tengah"
2025-06-20,PHP17,CRW01,34000,kg,BD-PIHPS,,,,,"PIHPS Provinsi Bengkulu (rata-rata pasar tradisional), bukan harga Bengkulu Tengah"
2025-06-20,PHP17,CRW02,27650,kg,BD-PIHPS,,,,,"PIHPS Provinsi Bengkulu (rata-rata pasar tradisional), bukan harga Bengkulu Tengah"
2025-06-20,PHP17,DAY01,31650,kg,BD-PIHPS,,,,,"PIHPS Provinsi Bengkulu (rata-rata pasar tradisional), bukan harga Bengkulu Tengah"
2025-06-20,PHP17,DSP01,135000,kg,BD-PIHPS,,,,,"PIHPS Provinsi Bengkulu (rata-rata pasar tradisional), bukan harga Bengkulu Tengah"
2025-06-20,PHP17,DSP02,135000,kg,BD-PIHPS,,,,,"PIHPS Provinsi Bengkulu (rata-rata pasar tradisional), bukan harga Bengkulu Tengah"
2025-06-20,PHP17,GLP01,18250,kg,BD-PIHPS,,,,,"PIHPS Provinsi Bengkulu (rata-rata pasar tradisional), bukan harga Bengkulu Tengah"
2025-06-20,PHP17,GLP02,19150,kg,BD-PIHPS,,,,,"PIHPS Provinsi Bengkulu (rata-rata pasar tradisional), bukan harga Bengkulu Tengah"
2025-06-20,PHP17,MGR01,18150,liter,BD-PIHPS,,,,,"PIHPS Provinsi Bengkulu (rata-rata pasar tradisional), bukan harga Bengkulu Tengah"
2025-06-20,PHP17,MGR02,21250,liter,BD-PIHPS,,,,,"PIHPS Provinsi Bengkulu (rata-rata pasar tradisional), bukan harga Bengkulu Tengah"
2025-06-20,PHP17,MGR03,20400,liter,BD-PIHPS,,,,,"PIHPS Provinsi Bengkulu (rata-rata pasar tradisional), bukan harga Bengkulu Tengah"
2025-06-20,PHP17,TLR01,27700,kg,BD-PIHPS,,,,,"PIHPS Provinsi Bengkulu (rata-rata pasar tradisional), bukan harga Bengkulu Tengah"
2025-06-23,PHP17,BRS01,14150,kg,BD-PIHPS,,,,,"PIHPS Provinsi Bengkulu (rata-rata pasar tradisional), bukan harga Bengkulu Tengah"
2025-06-23,PHP17,BRS02,15200,kg,BD-PIHPS,,,,,"PIHPS Provinsi Bengkulu (rata-rata pasar tradisional), bukan harga Bengkulu Tengah"
2025-06-23,PHP17,BRS03,15300,kg,BD-PIHPS,,,,,"PIHPS Provinsi Bengkulu (rata-rata pasar tradisional), bukan harga Bengkulu Tengah"
2025-06-23,PHP17,BRS04,16050,kg,BD-PIHPS,,,,,"PIHPS Provinsi Bengkulu (rata-rata pasar tradisional), bukan harga Bengkulu Tengah"
2025-06-23,PHP17,BRS05,15650,kg,BD-PIHPS,,,,,"PIHPS Provinsi Bengkulu (rata-rata pasar tradisional), bukan harga Bengkulu Tengah"
2025-06-23,PHP17,BRS06,16300,kg,BD-PIHPS,,,,,"PIHPS Provinsi Bengkulu (rata-rata pasar tradisional), bukan harga Bengkulu Tengah"
2025-06-23,PHP17,BWM01,44000,kg,BD-PIHPS,,,,,"PIHPS Provinsi Bengkulu (rata-rata pasar tradisional), bukan harga Bengkulu Tengah"
2025-06-23,PHP17,BWP01,37650,kg,BD-PIHPS,,,,,"PIHPS Provinsi Bengkulu (rata-rata pasar tradisional), bukan harga Bengkulu Tengah"
2025-06-23,PHP17,CMR01,30650,kg,BD-PIHPS,,,,,"PIHPS Provinsi Bengkulu (rata-rata pasar tradisional), bukan harga Bengkulu Tengah"
2025-06-23,PHP17,CMR02,34250,kg,BD-PIHPS,,,,,"PIHPS Provinsi Bengkulu (rata-rata pasar tradisional), bukan harga Bengkulu Tengah"
2025-06-23,PHP17,CRW01,36650,kg,BD-PIHPS,,,,,"PIHPS Provinsi Bengkulu (rata-rata pasar tradisional), bukan harga Bengkulu Tengah"
2025-06-23,PHP17,CRW02,29000,kg,BD-PIHPS,,,,,"PIHPS Provinsi Bengkulu (rata-rata pasar tradisional), bukan harga Bengkulu Tengah"
2025-06-23,PHP17,DAY01,31650,kg,BD-PIHPS,,,,,"PIHPS Provinsi Bengkulu (rata-rata pasar tradisional), bukan harga Bengkulu Tengah"
2025-06-23,PHP17,DSP01,135000,kg,BD-PIHPS,,,,,"PIHPS Provinsi Bengkulu (rata-rata pasar tradisional), bukan harga Bengkulu Tengah"
2025-06-23,PHP17,DSP02,135000,kg,BD-PIHPS,,,,,"PIHPS Provinsi Bengkulu (rata-rata pasar tradisional), bukan harga Bengkulu Tengah"
2025-06-23,PHP17,GLP01,18250,kg,BD-PIHPS,,,,,"PIHPS Provinsi Bengkulu (rata-rata pasar tradisional), bukan harga Bengkulu Tengah"
2025-06-23,PHP17,GLP02,19150,kg,BD-PIHPS,,,,,"PIHPS Provinsi Bengkulu (rata-rata pasar tradisional), bukan harga Bengkulu Tengah"
2025-06-23,PHP17,MGR01,18150,liter,BD-PIHPS,,,,,"PIHPS Provinsi Bengkulu (rata-rata pasar tradisional), bukan harga Bengkulu Tengah"
2025-06-23,PHP17,MGR02,21250,liter,BD-PIHPS,,,,,"PIHPS Provinsi Bengkulu (rata-rata pasar tradisional), bukan harga Bengkulu Tengah"
2025-06-23,PHP17,MGR03,20400,liter,BD-PIHPS,,,,,"PIHPS Provinsi Bengkulu (rata-rata pasar tradisional), bukan harga Bengkulu Tengah"
2025-06-23,PHP17,TLR01,27700,kg,BD-PIHPS,,,,,"PIHPS Provinsi Bengkulu (rata-rata pasar tradisional), bukan harga Bengkulu Tengah"
2025-06-24,PHP17,BRS01,14150,kg,BD-PIHPS,,,,,"PIHPS Provinsi Bengkulu (rata-rata pasar tradisional), bukan harga Bengkulu Tengah"
2025-06-24,PHP17,BRS02,15200,kg,BD-PIHPS,,,,,"PIHPS Provinsi Bengkulu (rata-rata pasar tradisional), bukan harga Bengkulu Tengah"
2025-06-24,PHP17,BRS03,15300,kg,BD-PIHPS,,,,,"PIHPS Provinsi Bengkulu (rata-rata pasar tradisional), bukan harga Bengkulu Tengah"
2025-06-24,PHP17,BRS04,16050,kg,BD-PIHPS,,,,,"PIHPS Provinsi Bengkulu (rata-rata pasar tradisional), bukan harga Bengkulu Tengah"
2025-06-24,PHP17,BRS05,15650,kg,BD-PIHPS,,,,,"PIHPS Provinsi Bengkulu (rata-rata pasar tradisional), bukan harga Bengkulu Tengah"
2025-06-24,PHP17,BRS06,16300,kg,BD-PIHPS,,,,,"PIHPS Provinsi Bengkulu (rata-rata pasar tradisional), bukan harga Bengkulu Tengah"
2025-06-24,PHP17,BWM01,44500,kg,BD-PIHPS,,,,,"PIHPS Provinsi Bengkulu (rata-rata pasar tradisional), bukan harga Bengkulu Tengah"
2025-06-24,PHP17,BWP01,39000,kg,BD-PIHPS,,,,,"PIHPS Provinsi Bengkulu (rata-rata pasar tradisional), bukan harga Bengkulu Tengah"
2025-06-24,PHP17,CMR01,31650,kg,BD-PIHPS,,,,,"PIHPS Provinsi Bengkulu (rata-rata pasar tradisional), bukan harga Bengkulu Tengah"
2025-06-24,PHP17,CMR02,35900,kg,BD-PIHPS,,,,,"PIHPS Provinsi Bengkulu (rata-rata pasar tradisional), bukan harga Bengkulu Tengah"
2025-06-24,PHP17,CRW01,39250,kg,BD-PIHPS,,,,,"PIHPS Provinsi Bengkulu (rata-rata pasar tradisional), bukan harga Bengkulu Tengah"
2025-06-24,PHP17,CRW02,29000,kg,BD-PIHPS,,,,,"PIHPS Provinsi Bengkulu (rata-rata pasar tradisional), bukan harga Bengkulu Tengah"
2025-06-24,PHP17,DAY01,32650,kg,BD-PIHPS,,,,,"PIHPS Provinsi Bengkulu (rata-rata pasar tradisional), bukan harga Bengkulu Tengah"
2025-06-24,PHP17,DSP01,135000,kg,BD-PIHPS,,,,,"PIHPS Provinsi Bengkulu (rata-rata pasar tradisional), bukan harga Bengkulu Tengah"
2025-06-24,PHP17,DSP02,135000,kg,BD-PIHPS,,,,,"PIHPS Provinsi Bengkulu (rata-rata pasar tradisional), bukan harga Bengkulu Tengah"
2025-06-24,PHP17,GLP01,18250,kg,BD-PIHPS,,,,,"PIHPS Provinsi Bengkulu (rata-rata pasar tradisional), bukan harga Bengkulu Tengah"
2025-06-24,PHP17,GLP02,19150,kg,BD-PIHPS,,,,,"PIHPS Provinsi Bengkulu (rata-rata pasar tradisional), bukan harga Bengkulu Tengah"
2025-06-24,PHP17,MGR01,18150,liter,BD-PIHPS,,,,,"PIHPS Provinsi Bengkulu (rata-rata pasar tradisional), bukan harga Bengkulu Tengah"
2025-06-24,PHP17,MGR02,21250,liter,BD-PIHPS,,,,,"PIHPS Provinsi Bengkulu (rata-rata pasar tradisional), bukan harga Bengkulu Tengah"
2025-06-24,PHP17,MGR03,20400,liter,BD-PIHPS,,,,,"PIHPS Provinsi Bengkulu (rata-rata pasar tradisional), bukan harga Bengkulu Tengah"
2025-06-24,PHP17,TLR01,27700,kg,BD-PIHPS,,,,,"PIHPS Provinsi Bengkulu (rata-rata pasar tradisional), bukan harga Bengkulu Tengah"
2025-06-25,PHP17,BRS01,14150,kg,BD-PIHPS,,,,,"PIHPS Provinsi Bengkulu (rata-rata pasar tradisional), bukan harga Bengkulu Tengah"
2025-06-25,PHP17,BRS02,15200,kg,BD-PIHPS,,,,,"PIHPS Provinsi Bengkulu (rata-rata pasar tradisional), bukan harga Bengkulu Tengah"
2025-06-25,PHP17,BRS03,15300,kg,BD-PIHPS,,,,,"PIHPS Provinsi Bengkulu (rata-rata pasar tradisional), bukan harga Bengkulu Tengah"
2025-06-25,PHP17,BRS04,16050,kg,BD-PIHPS,,,,,"PIHPS Provinsi Bengkulu (rata-rata pasar tradisional), bukan harga Bengkulu Tengah"
2025-06-25,PHP17,BRS05,15650,kg,BD-PIHPS,,,,,"PIHPS Provinsi Bengkulu (rata-rata pasar tradisional), bukan harga Bengkulu Tengah"
2025-06-25,PHP17,BRS06,16300,kg,BD-PIHPS,,,,,"PIHPS Provinsi Bengkulu (rata-rata pasar tradisional), bukan harga Bengkulu Tengah"
2025-06-25,PHP17,BWM01,44250,kg,BD-PIHPS,,,,,"PIHPS Provinsi Bengkulu (rata-rata pasar tradisional), bukan harga Bengkulu Tengah"
2025-06-25,PHP17,BWP01,39500,kg,BD-PIHPS,,,,,"PIHPS Provinsi Bengkulu (rata-rata pasar tradisional), bukan harga Bengkulu Tengah"
2025-06-25,PHP17,CMR01,30750,kg,BD-PIHPS,,,,,"PIHPS Provinsi Bengkulu (rata-rata pasar tradisional), bukan harga Bengkulu Tengah"
2025-06-25,PHP17,CMR02,35650,kg,BD-PIHPS,,,,,"PIHPS Provinsi Bengkulu (rata-rata pasar tradisional), bukan harga Bengkulu Tengah"
2025-06-25,PHP17,CRW01,39250,kg,BD-PIHPS,,,,,"PIHPS Provinsi Bengkulu (rata-rata pasar tradisional), bukan harga Bengkulu Tengah"
2025-06-25,PHP17,CRW02,29600,kg,BD-PIHPS,,,,,"PIHPS Provinsi Bengkulu (rata-rata pasar tradisional), bukan harga Bengkulu Tengah"
2025-06-25,PHP17,DAY01,32500,kg,BD-PIHPS,,,,,"PIHPS Provinsi Bengkulu (rata-rata pasar tradisional), bukan harga Bengkulu Tengah"
2025-06-25,PHP17,DSP01,135000,kg,BD-PIHPS,,,,,"PIHPS Provinsi Bengkulu (rata-rata pasar tradisional), bukan harga Bengkulu Tengah"
2025-06-25,PHP17,DSP02,135000,kg,BD-PIHPS,,,,,"PIHPS Provinsi Bengkulu (rata-rata pasar tradisional), bukan harga Bengkulu Tengah"
2025-06-25,PHP17,GLP01,18250,kg,BD-PIHPS,,,,,"PIHPS Provinsi Bengkulu (rata-rata pasar tradisional), bukan harga Bengkulu Tengah"
2025-06-25,PHP17,GLP02,19150,kg,BD-PIHPS,,,,,"PIHPS Provinsi Bengkulu (rata-rata pasar tradisional), bukan harga Bengkulu Tengah"
2025-06-25,PHP17,MGR01,18150,liter,BD-PIHPS,,,,,"PIHPS Provinsi Bengkulu (rata-rata pasar tradisional), bukan harga Bengkulu Tengah"
2025-06-25,PHP17,MGR02,21250,liter,BD-PIHPS,,,,,"PIHPS Provinsi Bengkulu (rata-rata pasar tradisional), bukan harga Bengkulu Tengah"
2025-06-25,PHP17,MGR03,20400,liter,BD-PIHPS,,,,,"PIHPS Provinsi Bengkulu (rata-rata pasar tradisional), bukan harga Bengkulu Tengah"
2025-06-25,PHP17,TLR01,27700,kg,BD-PIHPS,,,,,"PIHPS Provinsi Bengkulu (rata-rata pasar tradisional), bukan harga Bengkulu Tengah"
2025-06-26,PHP17,BRS01,14300,kg,BD-PIHPS,,,,,"PIHPS Provinsi Bengkulu (rata-rata pasar tradisional), bukan harga Bengkulu Tengah"
2025-06-26,PHP17,BRS02,15400,kg,BD-PIHPS,,,,,"PIHPS Provinsi Bengkulu (rata-rata pasar tradisional), bukan harga Bengkulu Tengah"
2025-06-26,PHP17,BRS03,15300,kg,BD-PIHPS,,,,,"PIHPS Provinsi Bengkulu (rata-rata pasar tradisional), bukan harga Bengkulu Tengah"
2025-06-26,PHP17,BRS04,16100,kg,BD-PIHPS,,,,,"PIHPS Provinsi Bengkulu (rata-rata pasar tradisional), bukan harga Bengkulu Tengah"
2025-06-26,PHP17,BRS05,15650,kg,BD-PIHPS,,,,,"PIHPS Provinsi Bengkulu (rata-rata pasar tradisional), bukan harga Bengkulu Tengah"
2025-06-26,PHP17,BRS06,16400,kg,BD-PIHPS,,,,,"PIHPS Provinsi Bengkulu (rata-rata pasar tradisional), bukan harga Bengkulu Tengah"
2025-06-26,PHP17,BWM01,43750,kg,BD-PIHPS,,,,,"PIHPS Provinsi Bengkulu (rata-rata pasar tradisional), bukan harga Bengkulu Tengah"
2025-06-26,PHP17,BWP01,39250,kg,BD-PIHPS,,,,,"PIHPS Provinsi Bengkulu (rata-rata pasar tradisional), bukan harga Bengkulu Tengah"
2025-06-26,PHP17,CMR01,30750,kg,BD-PIHPS,,,,,"PIHPS Provinsi Bengkulu (rata-rata pasar tradisional), bukan harga Bengkulu Tengah"
2025-06-26,PHP17,CMR02,35250,kg,BD-PIHPS,,,,,"PIHPS Provinsi Bengkulu (rata-rata pasar tradisional), bukan harga Bengkulu Tengah"
2025-06-26,PHP17,CRW01,39250,kg,BD-PIHPS,,,,,"PIHPS Provinsi Bengkulu (rata-rata pasar tradisional), bukan harga Bengkulu Tengah"
2025-06-26,PHP17,CRW02,29600,kg,BD-PIHPS,,,,,"PIHPS Provinsi Bengkulu (rata-rata pasar tradisional), bukan harga Bengkulu Tengah"
2025-06-26,PHP17,DAY01,31250,kg,BD-PIHPS,,,,,"PIHPS Provinsi Bengkulu (rata-rata pasar tradisional), bukan harga Bengkulu Tengah"
2025-06-26,PHP17,DSP01,135000,kg,BD-PIHPS,,,,,"PIHPS Provinsi Bengkulu (rata-rata pasar tradisional), bukan harga Bengkulu Tengah"
2025-06-26,PHP17,DSP02,134400,kg,BD-PIHPS,,,,,"PIHPS Provinsi Bengkulu (rata-rata pasar tradisional), bukan harga Bengkulu Tengah"
2025-06-26,PHP17,GLP01,18250,kg,BD-PIHPS,,,,,"PIHPS Provinsi Bengkulu (rata-rata pasar tradisional), bukan harga Bengkulu Tengah"
2025-06-26,PHP17,GLP02,19150,kg,BD-PIHPS,,,,,"PIHPS Provinsi Bengkulu (rata-rata pasar tradisional), bukan harga Bengkulu Tengah"
2025-06-26,PHP17,MGR01,18150,liter,BD-PIHPS,,,,,"PIHPS Provinsi Bengkulu (rata-rata pasar tradisional), bukan harga Bengkulu Tengah"
2025-06-26,PHP17,MGR02,21250,liter,BD-PIHPS,,,,,"PIHPS Provinsi Bengkulu (rata-rata pasar tradisional), bukan harga Bengkulu Tengah"
2025-06-26,PHP17,MGR03,20400,liter,BD-PIHPS,,,,,"PIHPS Provinsi Bengkulu (rata-rata pasar tradisional), bukan harga Bengkulu Tengah"
2025-06-26,PHP17,TLR01,27700,kg,BD-PIHPS,,,,,"PIHPS Provinsi Bengkulu (rata-rata pasar tradisional), bukan harga Bengkulu Tengah"
2025-06-27,PHP17,BRS01,14300,kg,BD-PIHPS,,,,,"PIHPS Provinsi Bengkulu (rata-rata pasar tradisional), bukan harga Bengkulu Tengah"
2025-06-27,PHP17,BRS02,15400,kg,BD-PIHPS,,,,,"PIHPS Provinsi Bengkulu (rata-rata pasar tradisional), bukan harga Bengkulu Tengah"
2025-06-27,PHP17,BRS03,15300,kg,BD-PIHPS,,,,,"PIHPS Provinsi Bengkulu (rata-rata pasar tradisional), bukan harga Bengkulu Tengah"
2025-06-27,PHP17,BRS04,16100,kg,BD-PIHPS,,,,,"PIHPS Provinsi Bengkulu (rata-rata pasar tradisional), bukan harga Bengkulu Tengah"
2025-06-27,PHP17,BRS05,15650,kg,BD-PIHPS,,,,,"PIHPS Provinsi Bengkulu (rata-rata pasar tradisional), bukan harga Bengkulu Tengah"
2025-06-27,PHP17,BRS06,16400,kg,BD-PIHPS,,,,,"PIHPS Provinsi Bengkulu (rata-rata pasar tradisional), bukan harga Bengkulu Tengah"
2025-06-27,PHP17,BWM01,43750,kg,BD-PIHPS,,,,,"PIHPS Provinsi Bengkulu (rata-rata pasar tradisional), bukan harga Bengkulu Tengah"
2025-06-27,PHP17,BWP01,39250,kg,BD-PIHPS,,,,,"PIHPS Provinsi Bengkulu (rata-rata pasar tradisional), bukan harga Bengkulu Tengah"
2025-06-27,PHP17,CMR01,30750,kg,BD-PIHPS,,,,,"PIHPS Provinsi Bengkulu (rata-rata pasar tradisional), bukan harga Bengkulu Tengah"
2025-06-27,PHP17,CMR02,35250,kg,BD-PIHPS,,,,,"PIHPS Provinsi Bengkulu (rata-rata pasar tradisional), bukan harga Bengkulu Tengah"
2025-06-27,PHP17,CRW01,39250,kg,BD-PIHPS,,,,,"PIHPS Provinsi Bengkulu (rata-rata pasar tradisional), bukan harga Bengkulu Tengah"
2025-06-27,PHP17,CRW02,29600,kg,BD-PIHPS,,,,,"PIHPS Provinsi Bengkulu (rata-rata pasar tradisional), bukan harga Bengkulu Tengah"
2025-06-27,PHP17,DAY01,31250,kg,BD-PIHPS,,,,,"PIHPS Provinsi Bengkulu (rata-rata pasar tradisional), bukan harga Bengkulu Tengah"
2025-06-27,PHP17,DSP01,135000,kg,BD-PIHPS,,,,,"PIHPS Provinsi Bengkulu (rata-rata pasar tradisional), bukan harga Bengkulu Tengah"
2025-06-27,PHP17,DSP02,134400,kg,BD-PIHPS,,,,,"PIHPS Provinsi Bengkulu (rata-rata pasar tradisional), bukan harga Bengkulu Tengah"
2025-06-27,PHP17,GLP01,18250,kg,BD-PIHPS,,,,,"PIHPS Provinsi Bengkulu (rata-rata pasar tradisional), bukan harga Bengkulu Tengah"
2025-06-27,PHP17,GLP02,19150,kg,BD-PIHPS,,,,,"PIHPS Provinsi Bengkulu (rata-rata pasar tradisional), bukan harga Bengkulu Tengah"
2025-06-27,PHP17,MGR01,18150,liter,BD-PIHPS,,,,,"PIHPS Provinsi Bengkulu (rata-rata pasar tradisional), bukan harga Bengkulu Tengah"
2025-06-27,PHP17,MGR02,21250,liter,BD-PIHPS,,,,,"PIHPS Provinsi Bengkulu (rata-rata pasar tradisional), bukan harga Bengkulu Tengah"
2025-06-27,PHP17,MGR03,20400,liter,BD-PIHPS,,,,,"PIHPS Provinsi Bengkulu (rata-rata pasar tradisional), bukan harga Bengkulu Tengah"
2025-06-27,PHP17,TLR01,27700,kg,BD-PIHPS,,,,,"PIHPS Provinsi Bengkulu (rata-rata pasar tradisional), bukan harga Bengkulu Tengah"
2025-06-30,PHP17,BRS01,14300,kg,BD-PIHPS,,,,,"PIHPS Provinsi Bengkulu (rata-rata pasar tradisional), bukan harga Bengkulu Tengah"
2025-06-30,PHP17,BRS02,15400,kg,BD-PIHPS,,,,,"PIHPS Provinsi Bengkulu (rata-rata pasar tradisional), bukan harga Bengkulu Tengah"
2025-06-30,PHP17,BRS03,15300,kg,BD-PIHPS,,,,,"PIHPS Provinsi Bengkulu (rata-rata pasar tradisional), bukan harga Bengkulu Tengah"
2025-06-30,PHP17,BRS04,16100,kg,BD-PIHPS,,,,,"PIHPS Provinsi Bengkulu (rata-rata pasar tradisional), bukan harga Bengkulu Tengah"
2025-06-30,PHP17,BRS05,15650,kg,BD-PIHPS,,,,,"PIHPS Provinsi Bengkulu (rata-rata pasar tradisional), bukan harga Bengkulu Tengah"
2025-06-30,PHP17,BRS06,16400,kg,BD-PIHPS,,,,,"PIHPS Provinsi Bengkulu (rata-rata pasar tradisional), bukan harga Bengkulu Tengah"
2025-06-30,PHP17,BWM01,45650,kg,BD-PIHPS,,,,,"PIHPS Provinsi Bengkulu (rata-rata pasar tradisional), bukan harga Bengkulu Tengah"
2025-06-30,PHP17,BWP01,38900,kg,BD-PIHPS,,,,,"PIHPS Provinsi Bengkulu (rata-rata pasar tradisional), bukan harga Bengkulu Tengah"
2025-06-30,PHP17,CMR01,30500,kg,BD-PIHPS,,,,,"PIHPS Provinsi Bengkulu (rata-rata pasar tradisional), bukan harga Bengkulu Tengah"
2025-06-30,PHP17,CMR02,34250,kg,BD-PIHPS,,,,,"PIHPS Provinsi Bengkulu (rata-rata pasar tradisional), bukan harga Bengkulu Tengah"
2025-06-30,PHP17,CRW01,38250,kg,BD-PIHPS,,,,,"PIHPS Provinsi Bengkulu (rata-rata pasar tradisional), bukan harga Bengkulu Tengah"
2025-06-30,PHP17,CRW02,30050,kg,BD-PIHPS,,,,,"PIHPS Provinsi Bengkulu (rata-rata pasar tradisional), bukan harga Bengkulu Tengah"
2025-06-30,PHP17,DAY01,31750,kg,BD-PIHPS,,,,,"PIHPS Provinsi Bengkulu (rata-rata pasar tradisional), bukan harga Bengkulu Tengah"
2025-06-30,PHP17,DSP01,135000,kg,BD-PIHPS,,,,,"PIHPS Provinsi Bengkulu (rata-rata pasar tradisional), bukan harga Bengkulu Tengah"
2025-06-30,PHP17,DSP02,134400,kg,BD-PIHPS,,,,,"PIHPS Provinsi Bengkulu (rata-rata pasar tradisional), bukan harga Bengkulu Tengah"
2025-06-30,PHP17,GLP01,18150,kg,BD-PIHPS,,,,,"PIHPS Provinsi Bengkulu (rata-rata pasar tradisional), bukan harga Bengkulu Tengah"
2025-06-30,PHP17,GLP02,19150,kg,BD-PIHPS,,,,,"PIHPS Provinsi Bengkulu (rata-rata pasar tradisional), bukan harga Bengkulu Tengah"
2025-06-30,PHP17,MGR01,17750,liter,BD-PIHPS,,,,,"PIHPS Provinsi Bengkulu (rata-rata pasar tradisional), bukan harga Bengkulu Tengah"
2025-06-30,PHP17,MGR02,21400,liter,BD-PIHPS,,,,,"PIHPS Provinsi Bengkulu (rata-rata pasar tradisional), bukan harga Bengkulu Tengah"
2025-06-30,PHP17,MGR03,20500,liter,BD-PIHPS,,,,,"PIHPS Provinsi Bengkulu (rata-rata pasar tradisional), bukan harga Bengkulu Tengah"
2025-06-30,PHP17,TLR01,27700,kg,BD-PIHPS,,,,,"PIHPS Provinsi Bengkulu (rata-rata pasar tradisional), bukan harga Bengkulu Tengah"
2025-07-01,PHP17,BRS01,14300,kg,BD-PIHPS,,,,,"PIHPS Provinsi Bengkulu (rata-rata pasar tradisional), bukan harga Bengkulu Tengah"
2025-07-01,PHP17,BRS02,15150,kg,BD-PIHPS,,,,,"PIHPS Provinsi Bengkulu (rata-rata pasar tradisional), bukan harga Bengkulu Tengah"
2025-07-01,PHP17,BRS03,15300,kg,BD-PIHPS,,,,,"PIHPS Provinsi Bengkulu (rata-rata pasar tradisional), bukan harga Bengkulu Tengah"
2025-07-01,PHP17,BRS04,16100,kg,BD-PIHPS,,,,,"PIHPS Provinsi Bengkulu (rata-rata pasar tradisional), bukan harga Bengkulu Tengah"
2025-07-01,PHP17,BRS05,15650,kg,BD-PIHPS,,,,,"PIHPS Provinsi Bengkulu (rata-rata pasar tradisional), bukan harga Bengkulu Tengah"
2025-07-01,PHP17,BRS06,16400,kg,BD-PIHPS,,,,,"PIHPS Provinsi Bengkulu (rata-rata pasar tradisional), bukan harga Bengkulu Tengah"
2025-07-01,PHP17,BWM01,46150,kg,BD-PIHPS,,,,,"PIHPS Provinsi Bengkulu (rata-rata pasar tradisional), bukan harga Bengkulu Tengah"
2025-07-01,PHP17,BWP01,38650,kg,BD-PIHPS,,,,,"PIHPS Provinsi Bengkulu (rata-rata pasar tradisional), bukan harga Bengkulu Tengah"
2025-07-01,PHP17,CMR01,28900,kg,BD-PIHPS,,,,,"PIHPS Provinsi Bengkulu (rata-rata pasar tradisional), bukan harga Bengkulu Tengah"
2025-07-01,PHP17,CMR02,32650,kg,BD-PIHPS,,,,,"PIHPS Provinsi Bengkulu (rata-rata pasar tradisional), bukan harga Bengkulu Tengah"
2025-07-01,PHP17,CRW01,37000,kg,BD-PIHPS,,,,,"PIHPS Provinsi Bengkulu (rata-rata pasar tradisional), bukan harga Bengkulu Tengah"
2025-07-01,PHP17,CRW02,30950,kg,BD-PIHPS,,,,,"PIHPS Provinsi Bengkulu (rata-rata pasar tradisional), bukan harga Bengkulu Tengah"
2025-07-01,PHP17,DAY01,32250,kg,BD-PIHPS,,,,,"PIHPS Provinsi Bengkulu (rata-rata pasar tradisional), bukan harga Bengkulu Tengah"
2025-07-01,PHP17,DSP01,135000,kg,BD-PIHPS,,,,,"PIHPS Provinsi Bengkulu (rata-rata pasar tradisional), bukan harga Bengkulu Tengah"
2025-07-01,PHP17,DSP02,134400,kg,BD-PIHPS,,,,,"PIHPS Provinsi Bengkulu (rata-rata pasar tradisional), bukan harga Bengkulu Tengah"
2025-07-01,PHP17,GLP01,17900,kg,BD-PIHPS,,,,,"PIHPS Provinsi Bengkulu (rata-rata pasar tradisional), bukan harga Bengkulu Tengah"
2025-07-01,PHP17,GLP02,19150,kg,BD-PIHPS,,,,,"PIHPS Provinsi Bengkulu (rata-rata pasar tradisional), bukan harga Bengkulu Tengah"
2025-07-01,PHP17,MGR01,17500,liter,BD-PIHPS,,,,,"PIHPS Provinsi Bengkulu (rata-rata pasar tradisional), bukan harga Bengkulu Tengah"
2025-07-01,PHP17,MGR02,21400,liter,BD-PIHPS,,,,,"PIHPS Provinsi Bengkulu (rata-rata pasar tradisional), bukan harga Bengkulu Tengah"
2025-07-01,PHP17,MGR03,20500,liter,BD-PIHPS,,,,,"PIHPS Provinsi Bengkulu (rata-rata pasar tradisional), bukan harga Bengkulu Tengah"
2025-07-01,PHP17,TLR01,27700,kg,BD-PIHPS,,,,,"PIHPS Provinsi Bengkulu (rata-rata pasar tradisional), bukan harga Bengkulu Tengah"
2025-07-02,PHP17,BRS01,14300,kg,BD-PIHPS,,,,,"PIHPS Provinsi Bengkulu (rata-rata pasar tradisional), bukan harga Bengkulu Tengah"
2025-07-02,PHP17,BRS02,15150,kg,BD-PIHPS,,,,,"PIHPS Provinsi Bengkulu (rata-rata pasar tradisional), bukan harga Bengkulu Tengah"
2025-07-02,PHP17,BRS03,15300,kg,BD-PIHPS,,,,,"PIHPS Provinsi Bengkulu (rata-rata pasar tradisional), bukan harga Bengkulu Tengah"
2025-07-02,PHP17,BRS04,16100,kg,BD-PIHPS,,,,,"PIHPS Provinsi Bengkulu (rata-rata pasar tradisional), bukan harga Bengkulu Tengah"
2025-07-02,PHP17,BRS05,15650,kg,BD-PIHPS,,,,,"PIHPS Provinsi Bengkulu (rata-rata pasar tradisional), bukan harga Bengkulu Tengah"
2025-07-02,PHP17,BRS06,16400,kg,BD-PIHPS,,,,,"PIHPS Provinsi Bengkulu (rata-rata pasar tradisional), bukan harga Bengkulu Tengah"
2025-07-02,PHP17,BWM01,46150,kg,BD-PIHPS,,,,,"PIHPS Provinsi Bengkulu (rata-rata pasar tradisional), bukan harga Bengkulu Tengah"
2025-07-02,PHP17,BWP01,38900,kg,BD-PIHPS,,,,,"PIHPS Provinsi Bengkulu (rata-rata pasar tradisional), bukan harga Bengkulu Tengah"
2025-07-02,PHP17,CMR01,27750,kg,BD-PIHPS,,,,,"PIHPS Provinsi Bengkulu (rata-rata pasar tradisional), bukan harga Bengkulu Tengah"
2025-07-02,PHP17,CMR02,31750,kg,BD-PIHPS,,,,,"PIHPS Provinsi Bengkulu (rata-rata pasar tradisional), bukan harga Bengkulu Tengah"
2025-07-02,PHP17,CRW01,34650,kg,BD-PIHPS,,,,,"PIHPS Provinsi Bengkulu (rata-rata pasar tradisional), bukan harga Bengkulu Tengah"
2025-07-02,PHP17,CRW02,32850,kg,BD-PIHPS,,,,,"PIHPS Provinsi Bengkulu (rata-rata pasar tradisional), bukan harga Bengkulu Tengah"
2025-07-02,PHP17,DAY01,32250,kg,BD-PIHPS,,,,,"PIHPS Provinsi Bengkulu (rata-rata pasar tradisional), bukan harga Bengkulu Tengah"
2025-07-02,PHP17,DSP01,135000,kg,BD-PIHPS,,,,,"PIHPS Provinsi Bengkulu (rata-rata pasar tradisional), bukan harga Bengkulu Tengah"
2025-07-02,PHP17,DSP02,134400,kg,BD-PIHPS,,,,,"PIHPS Provinsi Bengkulu (rata-rata pasar tradisional), bukan harga Bengkulu Tengah"
2025-07-02,PHP17,GLP01,17900,kg,BD-PIHPS,,,,,"PIHPS Provinsi Bengkulu (rata-rata pasar tradisional), bukan harga Bengkulu Tengah"
2025-07-02,PHP17,GLP02,19150,kg,BD-PIHPS,,,,,"PIHPS Provinsi Bengkulu (rata-rata pasar tradisional), bukan harga Bengkulu Tengah"
2025-07-02,PHP17,MGR01,17500,liter,BD-PIHPS,,,,,"PIHPS Provinsi Bengkulu (rata-rata pasar tradisional), bukan harga Bengkulu Tengah"
2025-07-02,PHP17,MGR02,21400,liter,BD-PIHPS,,,,,"PIHPS Provinsi Bengkulu (rata-rata pasar tradisional), bukan harga Bengkulu Tengah"
2025-07-02,PHP17,MGR03,20500,liter,BD-PIHPS,,,,,"PIHPS Provinsi Bengkulu (rata-rata pasar tradisional), bukan harga Bengkulu Tengah"
2025-07-02,PHP17,TLR01,27700,kg,BD-PIHPS,,,,,"PIHPS Provinsi Bengkulu (rata-rata pasar tradisional), bukan harga Bengkulu Tengah"
2025-07-03,PHP17,BRS01,14300,kg,BD-PIHPS,,,,,"PIHPS Provinsi Bengkulu (rata-rata pasar tradisional), bukan harga Bengkulu Tengah"
2025-07-03,PHP17,BRS02,15150,kg,BD-PIHPS,,,,,"PIHPS Provinsi Bengkulu (rata-rata pasar tradisional), bukan harga Bengkulu Tengah"
2025-07-03,PHP17,BRS03,15300,kg,BD-PIHPS,,,,,"PIHPS Provinsi Bengkulu (rata-rata pasar tradisional), bukan harga Bengkulu Tengah"
2025-07-03,PHP17,BRS04,16150,kg,BD-PIHPS,,,,,"PIHPS Provinsi Bengkulu (rata-rata pasar tradisional), bukan harga Bengkulu Tengah"
2025-07-03,PHP17,BRS05,15750,kg,BD-PIHPS,,,,,"PIHPS Provinsi Bengkulu (rata-rata pasar tradisional), bukan harga Bengkulu Tengah"
2025-07-03,PHP17,BRS06,16450,kg,BD-PIHPS,,,,,"PIHPS Provinsi Bengkulu (rata-rata pasar tradisional), bukan harga Bengkulu Tengah"
2025-07-03,PHP17,BWM01,46150,kg,BD-PIHPS,,,,,"PIHPS Provinsi Bengkulu (rata-rata pasar tradisional), bukan harga Bengkulu Tengah"
2025-07-03,PHP17,BWP01,38900,kg,BD-PIHPS,,,,,"PIHPS Provinsi Bengkulu (rata-rata pasar tradisional), bukan harga Bengkulu Tengah"
2025-07-03,PHP17,CMR01,27500,kg,BD-PIHPS,,,,,"PIHPS Provinsi Bengkulu (rata-rata pasar tradisional), bukan harga Bengkulu Tengah"
2025-07-03,PHP17,CMR02,31650,kg,BD-PIHPS,,,,,"PIHPS Provinsi Bengkulu (rata-rata pasar tradisional), bukan harga Bengkulu Tengah"
2025-07-03,PHP17,CRW01,34150,kg,BD-PIHPS,,,,,"PIHPS Provinsi Bengkulu (rata-rata pasar tradisional), bukan harga Bengkulu Tengah"
2025-07-03,PHP17,CRW02,33450,kg,BD-PIHPS,,,,,"PIHPS Provinsi Bengkulu (rata-rata pasar tradisional), bukan harga Bengkulu Tengah"
2025-07-03,PHP17,DAY01,32250,kg,BD-PIHPS,,,,,"PIHPS Provinsi Bengkulu (rata-rata pasar tradisional), bukan harga Bengkulu Tengah"
2025-07-03,PHP17,DSP01,135000,kg,BD-PIHPS,,,,,"PIHPS Provinsi Bengkulu (rata-rata pasar tradisional), bukan harga Bengkulu Tengah"
2025-07-03,PHP17,DSP02,134400,kg,BD-PIHPS,,,,,"PIHPS Provinsi Bengkulu (rata-rata pasar tradisional), bukan harga Bengkulu Tengah"
2025-07-03,PHP17,GLP01,17900,kg,BD-PIHPS,,,,,"PIHPS Provinsi Bengkulu (rata-rata pasar tradisional), bukan harga Bengkulu Tengah"
2025-07-03,PHP17,GLP02,19150,kg,BD-PIHPS,,,,,"PIHPS Provinsi Bengkulu (rata-rata pasar tradisional), bukan harga Bengkulu Tengah"
2025-07-03,PHP17,MGR01,17500,liter,BD-PIHPS,,,,,"PIHPS Provinsi Bengkulu (rata-rata pasar tradisional), bukan harga Bengkulu Tengah"
2025-07-03,PHP17,MGR02,21400,liter,BD-PIHPS,,,,,"PIHPS Provinsi Bengkulu (rata-rata pasar tradisional), bukan harga Bengkulu Tengah"
2025-07-03,PHP17,MGR03,20500,liter,BD-PIHPS,,,,,"PIHPS Provinsi Bengkulu (rata-rata pasar tradisional), bukan harga Bengkulu Tengah"
2025-07-03,PHP17,TLR01,27700,kg,BD-PIHPS,,,,,"PIHPS Provinsi Bengkulu (rata-rata pasar tradisional), bukan harga Bengkulu Tengah"
2025-07-04,PHP17,BRS01,14300,kg,BD-PIHPS,,,,,"PIHPS Provinsi Bengkulu (rata-rata pasar tradisional), bukan harga Bengkulu Tengah"
2025-07-04,PHP17,BRS02,15150,kg,BD-PIHPS,,,,,"PIHPS Provinsi Bengkulu (rata-rata pasar tradisional), bukan harga Bengkulu Tengah"
2025-07-04,PHP17,BRS03,15300,kg,BD-PIHPS,,,,,"PIHPS Provinsi Bengkulu (rata-rata pasar tradisional), bukan harga Bengkulu Tengah"
2025-07-04,PHP17,BRS04,16150,kg,BD-PIHPS,,,,,"PIHPS Provinsi Bengkulu (rata-rata pasar tradisional), bukan harga Bengkulu Tengah"
2025-07-04,PHP17,BRS05,15750,kg,BD-PIHPS,,,,,"PIHPS Provinsi Bengkulu (rata-rata pasar tradisional), bukan harga Bengkulu Tengah"
2025-07-04,PHP17,BRS06,16450,kg,BD-PIHPS,,,,,"PIHPS Provinsi Bengkulu (rata-rata pasar tradisional), bukan harga Bengkulu Tengah"
2025-07-04,PHP17,BWM01,47000,kg,BD-PIHPS,,,,,"PIHPS Provinsi Bengkulu (rata-rata pasar tradisional), bukan harga Bengkulu Tengah"
2025-07-04,PHP17,BWP01,39250,kg,BD-PIHPS,,,,,"PIHPS Provinsi Bengkulu (rata-rata pasar tradisional), bukan harga Bengkulu Tengah"
2025-07-04,PHP17,CMR01,29400,kg,BD-PIHPS,,,,,"PIHPS Provinsi Bengkulu (rata-rata pasar tradisional), bukan harga Bengkulu Tengah"
2025-07-04,PHP17,CMR02,33750,kg,BD-PIHPS,,,,,"PIHPS Provinsi Bengkulu (rata-rata pasar tradisional), bukan harga Bengkulu Tengah"
2025-07-04,PHP17,CRW01,37400,kg,BD-PIHPS,,,,,"PIHPS Provinsi Bengkulu (rata-rata pasar tradisional), bukan harga Bengkulu Tengah"
2025-07-04,PHP17,CRW02,34050,kg,BD-PIHPS,,,,,"PIHPS Provinsi Bengkulu (rata-rata pasar tradisional), bukan harga Bengkulu Tengah"
2025-07-04,PHP17,DAY01,32250,kg,BD-PIHPS,,,,,"PIHPS Provinsi Bengkulu (rata-rata pasar tradisional), bukan harga Bengkulu Tengah"
2025-07-04,PHP17,DSP01,135000,kg,BD-PIHPS,,,,,"PIHPS Provinsi Bengkulu (rata-rata pasar tradisional), bukan harga Bengkulu Tengah"
2025-07-04,PHP17,DSP02,134400,kg,BD-PIHPS,,,,,"PIHPS Provinsi Bengkulu (rata-rata pasar tradisional), bukan harga Bengkulu Tengah"
2025-07-04,PHP17,GLP01,17900,kg,BD-PIHPS,,,,,"PIHPS Provinsi Bengkulu (rata-rata pasar tradisional), bukan harga Bengkulu Tengah"
2025-07-04,PHP17,GLP02,19150,kg,BD-PIHPS,,,,,"PIHPS Provinsi Bengkulu (rata-rata pasar tradisional), bukan harga Bengkulu Tengah"
2025-07-04,PHP17,MGR01,17500,liter,BD-PIHPS,,,,,"PIHPS Provinsi Bengkulu (rata-rata pasar tradisional), bukan harga Bengkulu Tengah"
2025-07-04,PHP17,MGR02,21400,liter,BD-PIHPS,,,,,"PIHPS Provinsi Bengkulu (rata-rata pasar tradisional), bukan harga Bengkulu Tengah"
2025-07-04,PHP17,MGR03,20500,liter,BD-PIHPS,,,,,"PIHPS Provinsi Bengkulu (rata-rata pasar tradisional), bukan harga Bengkulu Tengah"
2025-07-04,PHP17,TLR01,27700,kg,BD-PIHPS,,,,,"PIHPS Provinsi Bengkulu (rata-rata pasar tradisional), bukan harga Bengkulu Tengah"
2025-07-07,PHP17,BRS01,14300,kg,BD-PIHPS,,,,,"PIHPS Provinsi Bengkulu (rata-rata pasar tradisional), bukan harga Bengkulu Tengah"
2025-07-07,PHP17,BRS02,15150,kg,BD-PIHPS,,,,,"PIHPS Provinsi Bengkulu (rata-rata pasar tradisional), bukan harga Bengkulu Tengah"
2025-07-07,PHP17,BRS03,15300,kg,BD-PIHPS,,,,,"PIHPS Provinsi Bengkulu (rata-rata pasar tradisional), bukan harga Bengkulu Tengah"
2025-07-07,PHP17,BRS04,16150,kg,BD-PIHPS,,,,,"PIHPS Provinsi Bengkulu (rata-rata pasar tradisional), bukan harga Bengkulu Tengah"
2025-07-07,PHP17,BRS05,15750,kg,BD-PIHPS,,,,,"PIHPS Provinsi Bengkulu (rata-rata pasar tradisional), bukan harga Bengkulu Tengah"
2025-07-07,PHP17,BRS06,16450,kg,BD-PIHPS,,,,,"PIHPS Provinsi Bengkulu (rata-rata pasar tradisional), bukan harga Bengkulu Tengah"
2025-07-07,PHP17,BWM01,46000,kg,BD-PIHPS,,,,,"PIHPS Provinsi Bengkulu (rata-rata pasar tradisional), bukan harga Bengkulu Tengah"
2025-07-07,PHP17,BWP01,38250,kg,BD-PIHPS,,,,,"PIHPS Provinsi Bengkulu (rata-rata pasar tradisional), bukan harga Bengkulu Tengah"
2025-07-07,PHP17,CMR01,30650,kg,BD-PIHPS,,,,,"PIHPS Provinsi Bengkulu (rata-rata pasar tradisional), bukan harga Bengkulu Tengah"
2025-07-07,PHP17,CMR02,35250,kg,BD-PIHPS,,,,,"PIHPS Provinsi Bengkulu (rata-rata pasar tradisional), bukan harga Bengkulu Tengah"
2025-07-07,PHP17,CRW01,38150,kg,BD-PIHPS,,,,,"PIHPS Provinsi Bengkulu (rata-rata pasar tradisional), bukan harga Bengkulu Tengah"
2025-07-07,PHP17,CRW02,35300,kg,BD-PIHPS,,,,,"PIHPS Provinsi Bengkulu (rata-rata pasar tradisional), bukan harga Bengkulu Tengah"
2025-07-07,PHP17,DAY01,35250,kg,BD-PIHPS,,,,,"PIHPS Provinsi Bengkulu (rata-rata pasar tradisional), bukan harga Bengkulu Tengah"
2025-07-07,PHP17,DSP01,135000,kg,BD-PIHPS,,,,,"PIHPS Provinsi Bengkulu (rata-rata pasar tradisional), bukan harga Bengkulu Tengah"
2025-07-07,PHP17,DSP02,134400,kg,BD-PIHPS,,,,,"PIHPS Provinsi Bengkulu (rata-rata pasar tradisional), bukan harga Bengkulu Tengah"
2025-07-07,PHP17,GLP01,17900,kg,BD-PIHPS,,,,,"PIHPS Provinsi Bengkulu (rata-rata pasar tradisional), bukan harga Bengkulu Tengah"
2025-07-07,PHP17,GLP02,19150,kg,BD-PIHPS,,,,,"PIHPS Provinsi Bengkulu (rata-rata pasar tradisional), bukan harga Bengkulu Tengah"
2025-07-07,PHP17,MGR01,17500,liter,BD-PIHPS,,,,,"PIHPS Provinsi Bengkulu (rata-rata pasar tradisional), bukan harga Bengkulu Tengah"
2025-07-07,PHP17,MGR02,21400,liter,BD-PIHPS,,,,,"PIHPS Provinsi Bengkulu (rata-rata pasar tradisional), bukan harga Bengkulu Tengah"
2025-07-07,PHP17,MGR03,20500,liter,BD-PIHPS,,,,,"PIHPS Provinsi Bengkulu (rata-rata pasar tradisional), bukan harga Bengkulu Tengah"
2025-07-07,PHP17,TLR01,27700,kg,BD-PIHPS,,,,,"PIHPS Provinsi Bengkulu (rata-rata pasar tradisional), bukan harga Bengkulu Tengah"
2025-07-08,PHP17,BRS01,14300,kg,BD-PIHPS,,,,,"PIHPS Provinsi Bengkulu (rata-rata pasar tradisional), bukan harga Bengkulu Tengah"
2025-07-08,PHP17,BRS02,15550,kg,BD-PIHPS,,,,,"PIHPS Provinsi Bengkulu (rata-rata pasar tradisional), bukan harga Bengkulu Tengah"
2025-07-08,PHP17,BRS03,15300,kg,BD-PIHPS,,,,,"PIHPS Provinsi Bengkulu (rata-rata pasar tradisional), bukan harga Bengkulu Tengah"
2025-07-08,PHP17,BRS04,16150,kg,BD-PIHPS,,,,,"PIHPS Provinsi Bengkulu (rata-rata pasar tradisional), bukan harga Bengkulu Tengah"
2025-07-08,PHP17,BRS05,15750,kg,BD-PIHPS,,,,,"PIHPS Provinsi Bengkulu (rata-rata pasar tradisional), bukan harga Bengkulu Tengah"
2025-07-08,PHP17,BRS06,16450,kg,BD-PIHPS,,,,,"PIHPS Provinsi Bengkulu (rata-rata pasar tradisional), bukan harga Bengkulu Tengah"
2025-07-08,PHP17,BWM01,46650,kg,BD-PIHPS,,,,,"PIHPS Provinsi Bengkulu (rata-rata pasar tradisional), bukan harga Bengkulu Tengah"
2025-07-08,PHP17,BWP01,37400,kg,BD-PIHPS,,,,,"PIHPS Provinsi Bengkulu (rata-rata pasar tradisional), bukan harga Bengkulu Tengah"
2025-07-08,PHP17,CMR01,30750,kg,BD-PIHPS,,,,,"PIHPS Provinsi Bengkulu (rata-rata pasar tradisional), bukan harga Bengkulu Tengah"
2025-07-08,PHP17,CMR02,35500,kg,BD-PIHPS,,,,,"PIHPS Provinsi Bengkulu (rata-rata pasar tradisional), bukan harga Bengkulu Tengah"
2025-07-08,PHP17,CRW01,39150,kg,BD-PIHPS,,,,,"PIHPS Provinsi Bengkulu (rata-rata pasar tradisional), bukan harga Bengkulu Tengah"
2025-07-08,PHP17,CRW02,36650,kg,BD-PIHPS,,,,,"PIHPS Provinsi Bengkulu (rata-rata pasar tradisional), bukan harga Bengkulu Tengah"
2025-07-08,PHP17,DAY01,35750,kg,BD-PIHPS,,,,,"PIHPS Provinsi Bengkulu (rata-rata pasar tradisional), bukan harga Bengkulu Tengah"
2025-07-08,PHP17,DSP01,135000,kg,BD-PIHPS,,,,,"PIHPS Provinsi Bengkulu (rata-rata pasar tradisional), bukan harga Bengkulu Tengah"
2025-07-08,PHP17,DSP02,134400,kg,BD-PIHPS,,,,,"PIHPS Provinsi Bengkulu (rata-rata pasar tradisional), bukan harga Bengkulu Tengah"
2025-07-08,PHP17,GLP01,17900,kg,BD-PIHPS,,,,,"PIHPS Provinsi Bengkulu (rata-rata pasar tradisional), bukan harga Bengkulu Tengah"
2025-07-08,PHP17,GLP02,19150,kg,BD-PIHPS,,,,,"PIHPS Provinsi Bengkulu (rata-rata pasar tradisional), bukan harga Bengkulu Tengah"
2025-07-08,PHP17,MGR01,17500,liter,BD-PIHPS,,,,,"PIHPS Provinsi Bengkulu (rata-rata pasar tradisional), bukan harga Bengkulu Tengah"
2025-07-08,PHP17,MGR02,21400,liter,BD-PIHPS,,,,,"PIHPS Provinsi Bengkulu (rata-rata pasar tradisional), bukan harga Bengkulu Tengah"
2025-07-08,PHP17,MGR03,20500,liter,BD-PIHPS,,,,,"PIHPS Provinsi Bengkulu (rata-rata pasar tradisional), bukan harga Bengkulu Tengah"
2025-07-08,PHP17,TLR01,27700,kg,BD-PIHPS,,,,,"PIHPS Provinsi Bengkulu (rata-rata pasar tradisional), bukan harga Bengkulu Tengah"
2025-07-09,PHP17,BRS01,14300,kg,BD-PIHPS,,,,,"PIHPS Provinsi Bengkulu (rata-rata pasar tradisional), bukan harga Bengkulu Tengah"
2025-07-09,PHP17,BRS02,15550,kg,BD-PIHPS,,,,,"PIHPS Provinsi Bengkulu (rata-rata pasar tradisional), bukan harga Bengkulu Tengah"
2025-07-09,PHP17,BRS03,15300,kg,BD-PIHPS,,,,,"PIHPS Provinsi Bengkulu (rata-rata pasar tradisional), bukan harga Bengkulu Tengah"
2025-07-09,PHP17,BRS04,16150,kg,BD-PIHPS,,,,,"PIHPS Provinsi Bengkulu (rata-rata pasar tradisional), bukan harga Bengkulu Tengah"
2025-07-09,PHP17,BRS05,15750,kg,BD-PIHPS,,,,,"PIHPS Provinsi Bengkulu (rata-rata pasar tradisional), bukan harga Bengkulu Tengah"
2025-07-09,PHP17,BRS06,16450,kg,BD-PIHPS,,,,,"PIHPS Provinsi Bengkulu (rata-rata pasar tradisional), bukan harga Bengkulu Tengah"
2025-07-09,PHP17,BWM01,46900,kg,BD-PIHPS,,,,,"PIHPS Provinsi Bengkulu (rata-rata pasar tradisional), bukan harga Bengkulu Tengah"
2025-07-09,PHP17,BWP01,37650,kg,BD-PIHPS,,,,,"PIHPS Provinsi Bengkulu (rata-rata pasar tradisional), bukan harga Bengkulu Tengah"
2025-07-09,PHP17,CMR01,31250,kg,BD-PIHPS,,,,,"PIHPS Provinsi Bengkulu (rata-rata pasar tradisional), bukan harga Bengkulu Tengah"
2025-07-09,PHP17,CMR02,35500,kg,BD-PIHPS,,,,,"PIHPS Provinsi Bengkulu (rata-rata pasar tradisional), bukan harga Bengkulu Tengah"
2025-07-09,PHP17,CRW01,40000,kg,BD-PIHPS,,,,,"PIHPS Provinsi Bengkulu (rata-rata pasar tradisional), bukan harga Bengkulu Tengah"
2025-07-09,PHP17,CRW02,36650,kg,BD-PIHPS,,,,,"PIHPS Provinsi Bengkulu (rata-rata pasar tradisional), bukan harga Bengkulu Tengah"
2025-07-09,PHP17,DAY01,35750,kg,BD-PIHPS,,,,,"PIHPS Provinsi Bengkulu (rata-rata pasar tradisional), bukan harga Bengkulu Tengah"
2025-07-09,PHP17,DSP01,135000,kg,BD-PIHPS,,,,,"PIHPS Provinsi Bengkulu (rata-rata pasar tradisional), bukan harga Bengkulu Tengah"
2025-07-09,PHP17,DSP02,134400,kg,BD-PIHPS,,,,,"PIHPS Provinsi Bengkulu (rata-rata pasar tradisional), bukan harga Bengkulu Tengah"
2025-07-09,PHP17,GLP01,17900,kg,BD-PIHPS,,,,,"PIHPS Provinsi Bengkulu (rata-rata pasar tradisional), bukan harga Bengkulu Tengah"
2025-07-09,PHP17,GLP02,19150,kg,BD-PIHPS,,,,,"PIHPS Provinsi Bengkulu (rata-rata pasar tradisional), bukan harga Bengkulu Tengah"
2025-07-09,PHP17,MGR01,17500,liter,BD-PIHPS,,,,,"PIHPS Provinsi Bengkulu (rata-rata pasar tradisional), bukan harga Bengkulu Tengah"
2025-07-09,PHP17,MGR02,21400,liter,BD-PIHPS,,,,,"PIHPS Provinsi Bengkulu (rata-rata pasar tradisional), bukan harga Bengkulu Tengah"
2025-07-09,PHP17,MGR03,20500,liter,BD-PIHPS,,,,,"PIHPS Provinsi Bengkulu (rata-rata pasar tradisional), bukan harga Bengkulu Tengah"
2025-07-09,PHP17,TLR01,28200,kg,BD-PIHPS,,,,,"PIHPS Provinsi Bengkulu (rata-rata pasar tradisional), bukan harga Bengkulu Tengah"
2025-07-10,PHP17,BRS01,14300,kg,BD-PIHPS,,,,,"PIHPS Provinsi Bengkulu (rata-rata pasar tradisional), bukan harga Bengkulu Tengah"
2025-07-10,PHP17,BRS02,15550,kg,BD-PIHPS,,,,,"PIHPS Provinsi Bengkulu (rata-rata pasar tradisional), bukan harga Bengkulu Tengah"
2025-07-10,PHP17,BRS03,15300,kg,BD-PIHPS,,,,,"PIHPS Provinsi Bengkulu (rata-rata pasar tradisional), bukan harga Bengkulu Tengah"
2025-07-10,PHP17,BRS04,16200,kg,BD-PIHPS,,,,,"PIHPS Provinsi Bengkulu (rata-rata pasar tradisional), bukan harga Bengkulu Tengah"
2025-07-10,PHP17,BRS05,15750,kg,BD-PIHPS,,,,,"PIHPS Provinsi Bengkulu (rata-rata pasar tradisional), bukan harga Bengkulu Tengah"
2025-07-10,PHP17,BRS06,16450,kg,BD-PIHPS,,,,,"PIHPS Provinsi Bengkulu (rata-rata pasar tradisional), bukan harga Bengkulu Tengah"
2025-07-10,PHP17,BWM01,47250,kg,BD-PIHPS,,,,,"PIHPS Provinsi Bengkulu (rata-rata pasar tradisional), bukan harga Bengkulu Tengah"
2025-07-10,PHP17,BWP01,39250,kg,BD-PIHPS,,,,,"PIHPS Provinsi Bengkulu (rata-rata pasar tradisional), bukan harga Bengkulu Tengah"
2025-07-10,PHP17,CMR01,31500,kg,BD-PIHPS,,,,,"PIHPS Provinsi Bengkulu (rata-rata pasar tradisional), bukan harga Bengkulu Tengah"
2025-07-10,PHP17,CMR02,35500,kg,BD-PIHPS,,,,,"PIHPS Provinsi Bengkulu (rata-rata pasar tradisional), bukan harga Bengkulu Tengah"
2025-07-10,PHP17,CRW01,40400,kg,BD-PIHPS,,,,,"PIHPS Provinsi Bengkulu (rata-rata pasar tradisional), bukan harga Bengkulu Tengah"
2025-07-10,PHP17,CRW02,36650,kg,BD-PIHPS,,,,,"PIHPS Provinsi Bengkulu (rata-rata pasar tradisional), bukan harga Bengkulu Tengah"
2025-07-10,PHP17,DAY01,36400,kg,BD-PIHPS,,,,,"PIHPS Provinsi Bengkulu (rata-rata pasar tradisional), bukan harga Bengkulu Tengah"
2025-07-10,PHP17,DSP01,135000,kg,BD-PIHPS,,,,,"PIHPS Provinsi Bengkulu (rata-rata pasar tradisional), bukan harga Bengkulu Tengah"
2025-07-10,PHP17,DSP02,134400,kg,BD-PIHPS,,,,,"PIHPS Provinsi Bengkulu (rata-rata pasar tradisional), bukan harga Bengkulu Tengah"
2025-07-10,PHP17,GLP01,17900,kg,BD-PIHPS,,,,,"PIHPS Provinsi Bengkulu (rata-rata pasar tradisional), bukan harga Bengkulu Tengah"
2025-07-10,PHP17,GLP02,19150,kg,BD-PIHPS,,,,,"PIHPS Provinsi Bengkulu (rata-rata pasar tradisional), bukan harga Bengkulu Tengah"
2025-07-10,PHP17,MGR01,17500,liter,BD-PIHPS,,,,,"PIHPS Provinsi Bengkulu (rata-rata pasar tradisional), bukan harga Bengkulu Tengah"
2025-07-10,PHP17,MGR02,21400,liter,BD-PIHPS,,,,,"PIHPS Provinsi Bengkulu (rata-rata pasar tradisional), bukan harga Bengkulu Tengah"
2025-07-10,PHP17,MGR03,20500,liter,BD-PIHPS,,,,,"PIHPS Provinsi Bengkulu (rata-rata pasar tradisional), bukan harga Bengkulu Tengah"
2025-07-10,PHP17,TLR01,28200,kg,BD-PIHPS,,,,,"PIHPS Provinsi Bengkulu (rata-rata pasar tradisional), bukan harga Bengkulu Tengah"
2025-07-11,PHP17,BRS01,14300,kg,BD-PIHPS,,,,,"PIHPS Provinsi Bengkulu (rata-rata pasar tradisional), bukan harga Bengkulu Tengah"
2025-07-11,PHP17,BRS02,15550,kg,BD-PIHPS,,,,,"PIHPS Provinsi Bengkulu (rata-rata pasar tradisional), bukan harga Bengkulu Tengah"
2025-07-11,PHP17,BRS03,15300,kg,BD-PIHPS,,,,,"PIHPS Provinsi Bengkulu (rata-rata pasar tradisional), bukan harga Bengkulu Tengah"
2025-07-11,PHP17,BRS04,16250,kg,BD-PIHPS,,,,,"PIHPS Provinsi Bengkulu (rata-rata pasar tradisional), bukan harga Bengkulu Tengah"
2025-07-11,PHP17,BRS05,15750,kg,BD-PIHPS,,,,,"PIHPS Provinsi Bengkulu (rata-rata pasar tradisional), bukan harga Bengkulu Tengah"
2025-07-11,PHP17,BRS06,16500,kg,BD-PIHPS,,,,,"PIHPS Provinsi Bengkulu (rata-rata pasar tradisional), bukan harga Bengkulu Tengah"
2025-07-11,PHP17,BWM01,46900,kg,BD-PIHPS,,,,,"PIHPS Provinsi Bengkulu (rata-rata pasar tradisional), bukan harga Bengkulu Tengah"
2025-07-11,PHP17,BWP01,39250,kg,BD-PIHPS,,,,,"PIHPS Provinsi Bengkulu (rata-rata pasar tradisional), bukan harga Bengkulu Tengah"
2025-07-11,PHP17,CMR01,31250,kg,BD-PIHPS,,,,,"PIHPS Provinsi Bengkulu (rata-rata pasar tradisional), bukan harga Bengkulu Tengah"
2025-07-11,PHP17,CMR02,35500,kg,BD-PIHPS,,,,,"PIHPS Provinsi Bengkulu (rata-rata pasar tradisional), bukan harga Bengkulu Tengah"
2025-07-11,PHP17,CRW01,41000,kg,BD-PIHPS,,,,,"PIHPS Provinsi Bengkulu (rata-rata pasar tradisional), bukan harga Bengkulu Tengah"
2025-07-11,PHP17,CRW02,36650,kg,BD-PIHPS,,,,,"PIHPS Provinsi Bengkulu (rata-rata pasar tradisional), bukan harga Bengkulu Tengah"
2025-07-11,PHP17,DAY01,36400,kg,BD-PIHPS,,,,,"PIHPS Provinsi Bengkulu (rata-rata pasar tradisional), bukan harga Bengkulu Tengah"
2025-07-11,PHP17,DSP01,135000,kg,BD-PIHPS,,,,,"PIHPS Provinsi Bengkulu (rata-rata pasar tradisional), bukan harga Bengkulu Tengah"
2025-07-11,PHP17,DSP02,134400,kg,BD-PIHPS,,,,,"PIHPS Provinsi Bengkulu (rata-rata pasar tradisional), bukan harga Bengkulu Tengah"
2025-07-11,PHP17,GLP01,17900,kg,BD-PIHPS,,,,,"PIHPS Provinsi Bengkulu (rata-rata pasar tradisional), bukan harga Bengkulu Tengah"
2025-07-11,PHP17,GLP02,19150,kg,BD-PIHPS,,,,,"PIHPS Provinsi Bengkulu (rata-rata pasar tradisional), bukan harga Bengkulu Tengah"
2025-07-11,PHP17,MGR01,17500,liter,BD-PIHPS,,,,,"PIHPS Provinsi Bengkulu (rata-rata pasar tradisional), bukan harga Bengkulu Tengah"
2025-07-11,PHP17,MGR02,21400,liter,BD-PIHPS,,,,,"PIHPS Provinsi Bengkulu (rata-rata pasar tradisional), bukan harga Bengkulu Tengah"
2025-07-11,PHP17,MGR03,20500,liter,BD-PIHPS,,,,,"PIHPS Provinsi Bengkulu (rata-rata pasar tradisional), bukan harga Bengkulu Tengah"
2025-07-11,PHP17,TLR01,28600,kg,BD-PIHPS,,,,,"PIHPS Provinsi Bengkulu (rata-rata pasar tradisional), bukan harga Bengkulu Tengah"
2025-07-14,PHP17,BRS01,14300,kg,BD-PIHPS,,,,,"PIHPS Provinsi Bengkulu (rata-rata pasar tradisional), bukan harga Bengkulu Tengah"
2025-07-14,PHP17,BRS02,15550,kg,BD-PIHPS,,,,,"PIHPS Provinsi Bengkulu (rata-rata pasar tradisional), bukan harga Bengkulu Tengah"
2025-07-14,PHP17,BRS03,15300,kg,BD-PIHPS,,,,,"PIHPS Provinsi Bengkulu (rata-rata pasar tradisional), bukan harga Bengkulu Tengah"
2025-07-14,PHP17,BRS04,16250,kg,BD-PIHPS,,,,,"PIHPS Provinsi Bengkulu (rata-rata pasar tradisional), bukan harga Bengkulu Tengah"
2025-07-14,PHP17,BRS05,15750,kg,BD-PIHPS,,,,,"PIHPS Provinsi Bengkulu (rata-rata pasar tradisional), bukan harga Bengkulu Tengah"
2025-07-14,PHP17,BRS06,16500,kg,BD-PIHPS,,,,,"PIHPS Provinsi Bengkulu (rata-rata pasar tradisional), bukan harga Bengkulu Tengah"
2025-07-14,PHP17,BWM01,49750,kg,BD-PIHPS,,,,,"PIHPS Provinsi Bengkulu (rata-rata pasar tradisional), bukan harga Bengkulu Tengah"
2025-07-14,PHP17,BWP01,38750,kg,BD-PIHPS,,,,,"PIHPS Provinsi Bengkulu (rata-rata pasar tradisional), bukan harga Bengkulu Tengah"
2025-07-14,PHP17,CMR01,29200,kg,BD-PIHPS,,,,,"PIHPS Provinsi Bengkulu (rata-rata pasar tradisional), bukan harga Bengkulu Tengah"
2025-07-14,PHP17,CMR02,37500,kg,BD-PIHPS,,,,,"PIHPS Provinsi Bengkulu (rata-rata pasar tradisional), bukan harga Bengkulu Tengah"
2025-07-14,PHP17,CRW01,39000,kg,BD-PIHPS,,,,,"PIHPS Provinsi Bengkulu (rata-rata pasar tradisional), bukan harga Bengkulu Tengah"
2025-07-14,PHP17,CRW02,37100,kg,BD-PIHPS,,,,,"PIHPS Provinsi Bengkulu (rata-rata pasar tradisional), bukan harga Bengkulu Tengah"
2025-07-14,PHP17,DAY01,36400,kg,BD-PIHPS,,,,,"PIHPS Provinsi Bengkulu (rata-rata pasar tradisional), bukan harga Bengkulu Tengah"
2025-07-14,PHP17,DSP01,135000,kg,BD-PIHPS,,,,,"PIHPS Provinsi Bengkulu (rata-rata pasar tradisional), bukan harga Bengkulu Tengah"
2025-07-14,PHP17,DSP02,134400,kg,BD-PIHPS,,,,,"PIHPS Provinsi Bengkulu (rata-rata pasar tradisional), bukan harga Bengkulu Tengah"
2025-07-14,PHP17,GLP01,17900,kg,BD-PIHPS,,,,,"PIHPS Provinsi Bengkulu (rata-rata pasar tradisional), bukan harga Bengkulu Tengah"
2025-07-14,PHP17,GLP02,19150,kg,BD-PIHPS,,,,,"PIHPS Provinsi Bengkulu (rata-rata pasar tradisional), bukan harga Bengkulu Tengah"
2025-07-14,PHP17,MGR01,17500,liter,BD-PIHPS,,,,,"PIHPS Provinsi Bengkulu (rata-rata pasar tradisional), bukan harga Bengkulu Tengah"
2025-07-14,PHP17,MGR02,21400,liter,BD-PIHPS,,,,,"PIHPS Provinsi Bengkulu (rata-rata pasar tradisional), bukan harga Bengkulu Tengah"
2025-07-14,PHP17,MGR03,20500,liter,BD-PIHPS,,,,,"PIHPS Provinsi Bengkulu (rata-rata pasar tradisional), bukan harga Bengkulu Tengah"
2025-07-14,PHP17,TLR01,28500,kg,BD-PIHPS,,,,,"PIHPS Provinsi Bengkulu (rata-rata pasar tradisional), bukan harga Bengkulu Tengah"
2025-07-15,PHP17,BRS01,14300,kg,BD-PIHPS,,,,,"PIHPS Provinsi Bengkulu (rata-rata pasar tradisional), bukan harga Bengkulu Tengah"
2025-07-15,PHP17,BRS02,15550,kg,BD-PIHPS,,,,,"PIHPS Provinsi Bengkulu (rata-rata pasar tradisional), bukan harga Bengkulu Tengah"
2025-07-15,PHP17,BRS03,15300,kg,BD-PIHPS,,,,,"PIHPS Provinsi Bengkulu (rata-rata pasar tradisional), bukan harga Bengkulu Tengah"
2025-07-15,PHP17,BRS04,16250,kg,BD-PIHPS,,,,,"PIHPS Provinsi Bengkulu (rata-rata pasar tradisional), bukan harga Bengkulu Tengah"
2025-07-15,PHP17,BRS05,15750,kg,BD-PIHPS,,,,,"PIHPS Provinsi Bengkulu (rata-rata pasar tradisional), bukan harga Bengkulu Tengah"
2025-07-15,PHP17,BRS06,16500,kg,BD-PIHPS,,,,,"PIHPS Provinsi Bengkulu (rata-rata pasar tradisional), bukan harga Bengkulu Tengah"
2025-07-15,PHP17,BWM01,50900,kg,BD-PIHPS,,,,,"PIHPS Provinsi Bengkulu (rata-rata pasar tradisional), bukan harga Bengkulu Tengah"
2025-07-15,PHP17,BWP01,38650,kg,BD-PIHPS,,,,,"PIHPS Provinsi Bengkulu (rata-rata pasar tradisional), bukan harga Bengkulu Tengah"
2025-07-15,PHP17,CMR01,31650,kg,BD-PIHPS,,,,,"PIHPS Provinsi Bengkulu (rata-rata pasar tradisional), bukan harga Bengkulu Tengah"
2025-07-15,PHP17,CMR02,37500,kg,BD-PIHPS,,,,,"PIHPS Provinsi Bengkulu (rata-rata pasar tradisional), bukan harga Bengkulu Tengah"
2025-07-15,PHP17,CRW01,43750,kg,BD-PIHPS,,,,,"PIHPS Provinsi Bengkulu (rata-rata pasar tradisional), bukan harga Bengkulu Tengah"
2025-07-15,PHP17,CRW02,36950,kg,BD-PIHPS,,,,,"PIHPS Provinsi Bengkulu (rata-rata pasar tradisional), bukan harga Bengkulu Tengah"
2025-07-15,PHP17,DAY01,36500,kg,BD-PIHPS,,,,,"PIHPS Provinsi Bengkulu (rata-rata pasar tradisional), bukan harga Bengkulu Tengah"
2025-07-15,PHP17,DSP01,135000,kg,BD-PIHPS,,,,,"PIHPS Provinsi Bengkulu (rata-rata pasar tradisional), bukan harga Bengkulu Tengah"
2025-07-15,PHP17,DSP02,134400,kg,BD-PIHPS,,,,,"PIHPS Provinsi Bengkulu (rata-rata pasar tradisional), bukan harga Bengkulu Tengah"
2025-07-15,PHP17,GLP01,17900,kg,BD-PIHPS,,,,,"PIHPS Provinsi Bengkulu (rata-rata pasar tradisional), bukan harga Bengkulu Tengah"
2025-07-15,PHP17,GLP02,19150,kg,BD-PIHPS,,,,,"PIHPS Provinsi Bengkulu (rata-rata pasar tradisional), bukan harga Bengkulu Tengah"
2025-07-15,PHP17,MGR01,17500,liter,BD-PIHPS,,,,,"PIHPS Provinsi Bengkulu (rata-rata pasar tradisional), bukan harga Bengkulu Tengah"
2025-07-15,PHP17,MGR02,21400,liter,BD-PIHPS,,,,,"PIHPS Provinsi Bengkulu (rata-rata pasar tradisional), bukan harga Bengkulu Tengah"
2025-07-15,PHP17,MGR03,20500,liter,BD-PIHPS,,,,,"PIHPS Provinsi Bengkulu (rata-rata pasar tradisional), bukan harga Bengkulu Tengah"
2025-07-15,PHP17,TLR01,28600,kg,BD-PIHPS,,,,,"PIHPS Provinsi Bengkulu (rata-rata pasar tradisional), bukan harga Bengkulu Tengah"
2025-07-16,PHP17,BRS01,14350,kg,BD-PIHPS,,,,,"PIHPS Provinsi Bengkulu (rata-rata pasar tradisional), bukan harga Bengkulu Tengah"
2025-07-16,PHP17,BRS02,15550,kg,BD-PIHPS,,,,,"PIHPS Provinsi Bengkulu (rata-rata pasar tradisional), bukan harga Bengkulu Tengah"
2025-07-16,PHP17,BRS03,15300,kg,BD-PIHPS,,,,,"PIHPS Provinsi Bengkulu (rata-rata pasar tradisional), bukan harga Bengkulu Tengah"
2025-07-16,PHP17,BRS04,16250,kg,BD-PIHPS,,,,,"PIHPS Provinsi Bengkulu (rata-rata pasar tradisional), bukan harga Bengkulu Tengah"
2025-07-16,PHP17,BRS05,15750,kg,BD-PIHPS,,,,,"PIHPS Provinsi Bengkulu (rata-rata pasar tradisional), bukan harga Bengkulu Tengah"
2025-07-16,PHP17,BRS06,16500,kg,BD-PIHPS,,,,,"PIHPS Provinsi Bengkulu (rata-rata pasar tradisional), bukan harga Bengkulu Tengah"
2025-07-16,PHP17,BWM01,50900,kg,BD-PIHPS,,,,,"PIHPS Provinsi Bengkulu (rata-rata pasar tradisional), bukan harga Bengkulu Tengah"
2025-07-16,PHP17,BWP01,40250,kg,BD-PIHPS,,,,,"PIHPS Provinsi Bengkulu (rata-rata pasar tradisional), bukan harga Bengkulu Tengah"
2025-07-16,PHP17,CMR01,32500,kg,BD-PIHPS,,,,,"PIHPS Provinsi Bengkulu (rata-rata pasar tradisional), bukan harga Bengkulu Tengah"
2025-07-16,PHP17,CMR02,36900,kg,BD-PIHPS,,,,,"PIHPS Provinsi Bengkulu (rata-rata pasar tradisional), bukan harga Bengkulu Tengah"
2025-07-16,PHP17,CRW01,44150,kg,BD-PIHPS,,,,,"PIHPS Provinsi Bengkulu (rata-rata pasar tradisional), bukan harga Bengkulu Tengah"
2025-07-16,PHP17,CRW02,37200,kg,BD-PIHPS,,,,,"PIHPS Provinsi Bengkulu (rata-rata pasar tradisional), bukan harga Bengkulu Tengah"
2025-07-16,PHP17,DAY01,36500,kg,BD-PIHPS,,,,,"PIHPS Provinsi Bengkulu (rata-rata pasar tradisional), bukan harga Bengkulu Tengah"
2025-07-16,PHP17,DSP01,135000,kg,BD-PIHPS,,,,,"PIHPS Provinsi Bengkulu (rata-rata pasar tradisional), bukan harga Bengkulu Tengah"
2025-07-16,PHP17,DSP02,134400,kg,BD-PIHPS,,,,,"PIHPS Provinsi Bengkulu (rata-rata pasar tradisional), bukan harga Bengkulu Tengah"
2025-07-16,PHP17,GLP01,17900,kg,BD-PIHPS,,,,,"PIHPS Provinsi Bengkulu (rata-rata pasar tradisional), bukan harga Bengkulu Tengah"
2025-07-16,PHP17,GLP02,19150,kg,BD-PIHPS,,,,,"PIHPS Provinsi Bengkulu (rata-rata pasar tradisional), bukan harga Bengkulu Tengah"
2025-07-16,PHP17,MGR01,17500,liter,BD-PIHPS,,,,,"PIHPS Provinsi Bengkulu (rata-rata pasar tradisional), bukan harga Bengkulu Tengah"
2025-07-16,PHP17,MGR02,21400,liter,BD-PIHPS,,,,,"PIHPS Provinsi Bengkulu (rata-rata pasar tradisional), bukan harga Bengkulu Tengah"
2025-07-16,PHP17,MGR03,20500,liter,BD-PIHPS,,,,,"PIHPS Provinsi Bengkulu (rata-rata pasar tradisional), bukan harga Bengkulu Tengah"
2025-07-16,PHP17,TLR01,28600,kg,BD-PIHPS,,,,,"PIHPS Provinsi Bengkulu (rata-rata pasar tradisional), bukan harga Bengkulu Tengah"
2025-07-17,PHP17,BRS01,14350,kg,BD-PIHPS,,,,,"PIHPS Provinsi Bengkulu (rata-rata pasar tradisional), bukan harga Bengkulu Tengah"
2025-07-17,PHP17,BRS02,15550,kg,BD-PIHPS,,,,,"PIHPS Provinsi Bengkulu (rata-rata pasar tradisional), bukan harga Bengkulu Tengah"
2025-07-17,PHP17,BRS03,15300,kg,BD-PIHPS,,,,,"PIHPS Provinsi Bengkulu (rata-rata pasar tradisional), bukan harga Bengkulu Tengah"
2025-07-17,PHP17,BRS04,16250,kg,BD-PIHPS,,,,,"PIHPS Provinsi Bengkulu (rata-rata pasar tradisional), bukan harga Bengkulu Tengah"
2025-07-17,PHP17,BRS05,15750,kg,BD-PIHPS,,,,,"PIHPS Provinsi Bengkulu (rata-rata pasar tradisional), bukan harga Bengkulu Tengah"
2025-07-17,PHP17,BRS06,16500,kg,BD-PIHPS,,,,,"PIHPS Provinsi Bengkulu (rata-rata pasar tradisional), bukan harga Bengkulu Tengah"
2025-07-17,PHP17,BWM01,50900,kg,BD-PIHPS,,,,,"PIHPS Provinsi Bengkulu (rata-rata pasar tradisional), bukan harga Bengkulu Tengah"
2025-07-17,PHP17,BWP01,40150,kg,BD-PIHPS,,,,,"PIHPS Provinsi Bengkulu (rata-rata pasar tradisional), bukan harga Bengkulu Tengah"
2025-07-17,PHP17,CMR01,31400,kg,BD-PIHPS,,,,,"PIHPS Provinsi Bengkulu (rata-rata pasar tradisional), bukan harga Bengkulu Tengah"
2025-07-17,PHP17,CMR02,37500,kg,BD-PIHPS,,,,,"PIHPS Provinsi Bengkulu (rata-rata pasar tradisional), bukan harga Bengkulu Tengah"
2025-07-17,PHP17,CRW01,43500,kg,BD-PIHPS,,,,,"PIHPS Provinsi Bengkulu (rata-rata pasar tradisional), bukan harga Bengkulu Tengah"
2025-07-17,PHP17,CRW02,37650,kg,BD-PIHPS,,,,,"PIHPS Provinsi Bengkulu (rata-rata pasar tradisional), bukan harga Bengkulu Tengah"
2025-07-17,PHP17,DAY01,38750,kg,BD-PIHPS,,,,,"PIHPS Provinsi Bengkulu (rata-rata pasar tradisional), bukan harga Bengkulu Tengah"
2025-07-17,PHP17,DSP01,135000,kg,BD-PIHPS,,,,,"PIHPS Provinsi Bengkulu (rata-rata pasar tradisional), bukan harga Bengkulu Tengah"
2025-07-17,PHP17,DSP02,134400,kg,BD-PIHPS,,,,,"PIHPS Provinsi Bengkulu (rata-rata pasar tradisional), bukan harga Bengkulu Tengah"
2025-07-17,PHP17,GLP01,17900,kg,BD-PIHPS,,,,,"PIHPS Provinsi Bengkulu (rata-rata pasar tradisional), bukan harga Bengkulu Tengah"
2025-07-17,PHP17,GLP02,19150,kg,BD-PIHPS,,,,,"PIHPS Provinsi Bengkulu (rata-rata pasar tradisional), bukan harga Bengkulu Tengah"
2025-07-17,PHP17,MGR01,17500,liter,BD-PIHPS,,,,,"PIHPS Provinsi Bengkulu (rata-rata pasar tradisional), bukan harga Bengkulu Tengah"
2025-07-17,PHP17,MGR02,21400,liter,BD-PIHPS,,,,,"PIHPS Provinsi Bengkulu (rata-rata pasar tradisional), bukan harga Bengkulu Tengah"
2025-07-17,PHP17,MGR03,20500,liter,BD-PIHPS,,,,,"PIHPS Provinsi Bengkulu (rata-rata pasar tradisional), bukan harga Bengkulu Tengah"
2025-07-17,PHP17,TLR01,28600,kg,BD-PIHPS,,,,,"PIHPS Provinsi Bengkulu (rata-rata pasar tradisional), bukan harga Bengkulu Tengah"
2025-07-18,PHP17,BRS01,14350,kg,BD-PIHPS,,,,,"PIHPS Provinsi Bengkulu (rata-rata pasar tradisional), bukan harga Bengkulu Tengah"
2025-07-18,PHP17,BRS02,15500,kg,BD-PIHPS,,,,,"PIHPS Provinsi Bengkulu (rata-rata pasar tradisional), bukan harga Bengkulu Tengah"
2025-07-18,PHP17,BRS03,15300,kg,BD-PIHPS,,,,,"PIHPS Provinsi Bengkulu (rata-rata pasar tradisional), bukan harga Bengkulu Tengah"
2025-07-18,PHP17,BRS04,16250,kg,BD-PIHPS,,,,,"PIHPS Provinsi Bengkulu (rata-rata pasar tradisional), bukan harga Bengkulu Tengah"
2025-07-18,PHP17,BRS05,15750,kg,BD-PIHPS,,,,,"PIHPS Provinsi Bengkulu (rata-rata pasar tradisional), bukan harga Bengkulu Tengah"
2025-07-18,PHP17,BRS06,16500,kg,BD-PIHPS,,,,,"PIHPS Provinsi Bengkulu (rata-rata pasar tradisional), bukan harga Bengkulu Tengah"
2025-07-18,PHP17,BWM01,50900,kg,BD-PIHPS,,,,,"PIHPS Provinsi Bengkulu (rata-rata pasar tradisional), bukan harga Bengkulu Tengah"
2025-07-18,PHP17,BWP01,39900,kg,BD-PIHPS,,,,,"PIHPS Provinsi Bengkulu (rata-rata pasar tradisional), bukan harga Bengkulu Tengah"
2025-07-18,PHP17,CMR01,31400,kg,BD-PIHPS,,,,,"PIHPS Provinsi Bengkulu (rata-rata pasar tradisional), bukan harga Bengkulu Tengah"
2025-07-18,PHP17,CMR02,37250,kg,BD-PIHPS,,,,,"PIHPS Provinsi Bengkulu (rata-rata pasar tradisional), bukan harga Bengkulu Tengah"
2025-07-18,PHP17,CRW01,44250,kg,BD-PIHPS,,,,,"PIHPS Provinsi Bengkulu (rata-rata pasar tradisional), bukan harga Bengkulu Tengah"
2025-07-18,PHP17,CRW02,38750,kg,BD-PIHPS,,,,,"PIHPS Provinsi Bengkulu (rata-rata pasar tradisional), bukan harga Bengkulu Tengah"
2025-07-18,PHP17,DAY01,38750,kg,BD-PIHPS,,,,,"PIHPS Provinsi Bengkulu (rata-rata pasar tradisional), bukan harga Bengkulu Tengah"
2025-07-18,PHP17,DSP01,135000,kg,BD-PIHPS,,,,,"PIHPS Provinsi Bengkulu (rata-rata pasar tradisional), bukan harga Bengkulu Tengah"
2025-07-18,PHP17,DSP02,134400,kg,BD-PIHPS,,,,,"PIHPS Provinsi Bengkulu (rata-rata pasar tradisional), bukan harga Bengkulu Tengah"
2025-07-18,PHP17,GLP01,17900,kg,BD-PIHPS,,,,,"PIHPS Provinsi Bengkulu (rata-rata pasar tradisional), bukan harga Bengkulu Tengah"
2025-07-18,PHP17,GLP02,19150,kg,BD-PIHPS,,,,,"PIHPS Provinsi Bengkulu (rata-rata pasar tradisional), bukan harga Bengkulu Tengah"
2025-07-18,PHP17,MGR01,17500,liter,BD-PIHPS,,,,,"PIHPS Provinsi Bengkulu (rata-rata pasar tradisional), bukan harga Bengkulu Tengah"
2025-07-18,PHP17,MGR02,21400,liter,BD-PIHPS,,,,,"PIHPS Provinsi Bengkulu (rata-rata pasar tradisional), bukan harga Bengkulu Tengah"
2025-07-18,PHP17,MGR03,20500,liter,BD-PIHPS,,,,,"PIHPS Provinsi Bengkulu (rata-rata pasar tradisional), bukan harga Bengkulu Tengah"
2025-07-18,PHP17,TLR01,28600,kg,BD-PIHPS,,,,,"PIHPS Provinsi Bengkulu (rata-rata pasar tradisional), bukan harga Bengkulu Tengah"
2025-07-21,PHP17,BRS01,14350,kg,BD-PIHPS,,,,,"PIHPS Provinsi Bengkulu (rata-rata pasar tradisional), bukan harga Bengkulu Tengah"
2025-07-21,PHP17,BRS02,13750,kg,BD-PIHPS,,,,,"PIHPS Provinsi Bengkulu (rata-rata pasar tradisional), bukan harga Bengkulu Tengah"
2025-07-21,PHP17,BRS03,15300,kg,BD-PIHPS,,,,,"PIHPS Provinsi Bengkulu (rata-rata pasar tradisional), bukan harga Bengkulu Tengah"
2025-07-21,PHP17,BRS04,16250,kg,BD-PIHPS,,,,,"PIHPS Provinsi Bengkulu (rata-rata pasar tradisional), bukan harga Bengkulu Tengah"
2025-07-21,PHP17,BRS05,15750,kg,BD-PIHPS,,,,,"PIHPS Provinsi Bengkulu (rata-rata pasar tradisional), bukan harga Bengkulu Tengah"
2025-07-21,PHP17,BRS06,16500,kg,BD-PIHPS,,,,,"PIHPS Provinsi Bengkulu (rata-rata pasar tradisional), bukan harga Bengkulu Tengah"
2025-07-21,PHP17,BWM01,50900,kg,BD-PIHPS,,,,,"PIHPS Provinsi Bengkulu (rata-rata pasar tradisional), bukan harga Bengkulu Tengah"
2025-07-21,PHP17,BWP01,39000,kg,BD-PIHPS,,,,,"PIHPS Provinsi Bengkulu (rata-rata pasar tradisional), bukan harga Bengkulu Tengah"
2025-07-21,PHP17,CMR01,31750,kg,BD-PIHPS,,,,,"PIHPS Provinsi Bengkulu (rata-rata pasar tradisional), bukan harga Bengkulu Tengah"
2025-07-21,PHP17,CMR02,36650,kg,BD-PIHPS,,,,,"PIHPS Provinsi Bengkulu (rata-rata pasar tradisional), bukan harga Bengkulu Tengah"
2025-07-21,PHP17,CRW01,43400,kg,BD-PIHPS,,,,,"PIHPS Provinsi Bengkulu (rata-rata pasar tradisional), bukan harga Bengkulu Tengah"
2025-07-21,PHP17,CRW02,36950,kg,BD-PIHPS,,,,,"PIHPS Provinsi Bengkulu (rata-rata pasar tradisional), bukan harga Bengkulu Tengah"
2025-07-21,PHP17,DAY01,38750,kg,BD-PIHPS,,,,,"PIHPS Provinsi Bengkulu (rata-rata pasar tradisional), bukan harga Bengkulu Tengah"
2025-07-21,PHP17,DSP01,135000,kg,BD-PIHPS,,,,,"PIHPS Provinsi Bengkulu (rata-rata pasar tradisional), bukan harga Bengkulu Tengah"
2025-07-21,PHP17,DSP02,134400,kg,BD-PIHPS,,,,,"PIHPS Provinsi Bengkulu (rata-rata pasar tradisional), bukan harga Bengkulu Tengah"
2025-07-21,PHP17,GLP01,17800,kg,BD-PIHPS,,,,,"PIHPS Provinsi Bengkulu (rata-rata pasar tradisional), bukan harga Bengkulu Tengah"
2025-07-21,PHP17,GLP02,19150,kg,BD-PIHPS,,,,,"PIHPS Provinsi Bengkulu (rata-rata pasar tradisional), bukan harga Bengkulu Tengah"
2025-07-21,PHP17,MGR01,17500,liter,BD-PIHPS,,,,,"PIHPS Provinsi Bengkulu (rata-rata pasar tradisional), bukan harga Bengkulu Tengah"
2025-07-21,PHP17,MGR02,21400,liter,BD-PIHPS,,,,,"PIHPS Provinsi Bengkulu (rata-rata pasar tradisional), bukan harga Bengkulu Tengah"
2025-07-21,PHP17,MGR03,20500,liter,BD-PIHPS,,,,,"PIHPS Provinsi Bengkulu (rata-rata pasar tradisional), bukan harga Bengkulu Tengah"
2025-07-21,PHP17,TLR01,28600,kg,BD-PIHPS,,,,,"PIHPS Provinsi Bengkulu (rata-rata pasar tradisional), bukan harga Bengkulu Tengah"
2025-07-22,PHP17,BRS01,14350,kg,BD-PIHPS,,,,,"PIHPS Provinsi Bengkulu (rata-rata pasar tradisional), bukan harga Bengkulu Tengah"
2025-07-22,PHP17,BRS02,15500,kg,BD-PIHPS,,,,,"PIHPS Provinsi Bengkulu (rata-rata pasar tradisional), bukan harga Bengkulu Tengah"
2025-07-22,PHP17,BRS03,15300,kg,BD-PIHPS,,,,,"PIHPS Provinsi Bengkulu (rata-rata pasar tradisional), bukan harga Bengkulu Tengah"
2025-07-22,PHP17,BRS04,16250,kg,BD-PIHPS,,,,,"PIHPS Provinsi Bengkulu (rata-rata pasar tradisional), bukan harga Bengkulu Tengah"
2025-07-22,PHP17,BRS05,15750,kg,BD-PIHPS,,,,,"PIHPS Provinsi Bengkulu (rata-rata pasar tradisional), bukan harga Bengkulu Tengah"
2025-07-22,PHP17,BRS06,16500,kg,BD-PIHPS,,,,,"PIHPS Provinsi Bengkulu (rata-rata pasar tradisional), bukan harga Bengkulu Tengah"
2025-07-22,PHP17,BWM01,50750,kg,BD-PIHPS,,,,,"PIHPS Provinsi Bengkulu (rata-rata pasar tradisional), bukan harga Bengkulu Tengah"
2025-07-22,PHP17,BWP01,38150,kg,BD-PIHPS,,,,,"PIHPS Provinsi Bengkulu (rata-rata pasar tradisional), bukan harga Bengkulu Tengah"
2025-07-22,PHP17,CMR01,31500,kg,BD-PIHPS,,,,,"PIHPS Provinsi Bengkulu (rata-rata pasar tradisional), bukan harga Bengkulu Tengah"
2025-07-22,PHP17,CMR02,35750,kg,BD-PIHPS,,,,,"PIHPS Provinsi Bengkulu (rata-rata pasar tradisional), bukan harga Bengkulu Tengah"
2025-07-22,PHP17,CRW01,44150,kg,BD-PIHPS,,,,,"PIHPS Provinsi Bengkulu (rata-rata pasar tradisional), bukan harga Bengkulu Tengah"
2025-07-22,PHP17,CRW02,35450,kg,BD-PIHPS,,,,,"PIHPS Provinsi Bengkulu (rata-rata pasar tradisional), bukan harga Bengkulu Tengah"
2025-07-22,PHP17,DAY01,38750,kg,BD-PIHPS,,,,,"PIHPS Provinsi Bengkulu (rata-rata pasar tradisional), bukan harga Bengkulu Tengah"
2025-07-22,PHP17,DSP01,135000,kg,BD-PIHPS,,,,,"PIHPS Provinsi Bengkulu (rata-rata pasar tradisional), bukan harga Bengkulu Tengah"
2025-07-22,PHP17,DSP02,134400,kg,BD-PIHPS,,,,,"PIHPS Provinsi Bengkulu (rata-rata pasar tradisional), bukan harga Bengkulu Tengah"
2025-07-22,PHP17,GLP01,17800,kg,BD-PIHPS,,,,,"PIHPS Provinsi Bengkulu (rata-rata pasar tradisional), bukan harga Bengkulu Tengah"
2025-07-22,PHP17,GLP02,19150,kg,BD-PIHPS,,,,,"PIHPS Provinsi Bengkulu (rata-rata pasar tradisional), bukan harga Bengkulu Tengah"
2025-07-22,PHP17,MGR01,17500,liter,BD-PIHPS,,,,,"PIHPS Provinsi Bengkulu (rata-rata pasar tradisional), bukan harga Bengkulu Tengah"
2025-07-22,PHP17,MGR02,21400,liter,BD-PIHPS,,,,,"PIHPS Provinsi Bengkulu (rata-rata pasar tradisional), bukan harga Bengkulu Tengah"
2025-07-22,PHP17,MGR03,20500,liter,BD-PIHPS,,,,,"PIHPS Provinsi Bengkulu (rata-rata pasar tradisional), bukan harga Bengkulu Tengah"
2025-07-22,PHP17,TLR01,28600,kg,BD-PIHPS,,,,,"PIHPS Provinsi Bengkulu (rata-rata pasar tradisional), bukan harga Bengkulu Tengah"
2025-07-23,PHP17,BRS01,14350,kg,BD-PIHPS,,,,,"PIHPS Provinsi Bengkulu (rata-rata pasar tradisional), bukan harga Bengkulu Tengah"
2025-07-23,PHP17,BRS02,15500,kg,BD-PIHPS,,,,,"PIHPS Provinsi Bengkulu (rata-rata pasar tradisional), bukan harga Bengkulu Tengah"
2025-07-23,PHP17,BRS03,15300,kg,BD-PIHPS,,,,,"PIHPS Provinsi Bengkulu (rata-rata pasar tradisional), bukan harga Bengkulu Tengah"
2025-07-23,PHP17,BRS04,16250,kg,BD-PIHPS,,,,,"PIHPS Provinsi Bengkulu (rata-rata pasar tradisional), bukan harga Bengkulu Tengah"
2025-07-23,PHP17,BRS05,15750,kg,BD-PIHPS,,,,,"PIHPS Provinsi Bengkulu (rata-rata pasar tradisional), bukan harga Bengkulu Tengah"
2025-07-23,PHP17,BRS06,16500,kg,BD-PIHPS,,,,,"PIHPS Provinsi Bengkulu (rata-rata pasar tradisional), bukan harga Bengkulu Tengah"
2025-07-23,PHP17,BWM01,54900,kg,BD-PIHPS,,,,,"PIHPS Provinsi Bengkulu (rata-rata pasar tradisional), bukan harga Bengkulu Tengah"
2025-07-23,PHP17,BWP01,38150,kg,BD-PIHPS,,,,,"PIHPS Provinsi Bengkulu (rata-rata pasar tradisional), bukan harga Bengkulu Tengah"
2025-07-23,PHP17,CMR01,32750,kg,BD-PIHPS,,,,,"PIHPS Provinsi Bengkulu (rata-rata pasar tradisional), bukan harga Bengkulu Tengah"
2025-07-23,PHP17,CMR02,36900,kg,BD-PIHPS,,,,,"PIHPS Provinsi Bengkulu (rata-rata pasar tradisional), bukan harga Bengkulu Tengah"
2025-07-23,PHP17,CRW01,44150,kg,BD-PIHPS,,,,,"PIHPS Provinsi Bengkulu (rata-rata pasar tradisional), bukan harga Bengkulu Tengah"
2025-07-23,PHP17,CRW02,35450,kg,BD-PIHPS,,,,,"PIHPS Provinsi Bengkulu (rata-rata pasar tradisional), bukan harga Bengkulu Tengah"
2025-07-23,PHP17,DAY01,38750,kg,BD-PIHPS,,,,,"PIHPS Provinsi Bengkulu (rata-rata pasar tradisional), bukan harga Bengkulu Tengah"
2025-07-23,PHP17,DSP01,135000,kg,BD-PIHPS,,,,,"PIHPS Provinsi Bengkulu (rata-rata pasar tradisional), bukan harga Bengkulu Tengah"
2025-07-23,PHP17,DSP02,134400,kg,BD-PIHPS,,,,,"PIHPS Provinsi Bengkulu (rata-rata pasar tradisional), bukan harga Bengkulu Tengah"
2025-07-23,PHP17,GLP01,17700,kg,BD-PIHPS,,,,,"PIHPS Provinsi Bengkulu (rata-rata pasar tradisional), bukan harga Bengkulu Tengah"
2025-07-23,PHP17,GLP02,19150,kg,BD-PIHPS,,,,,"PIHPS Provinsi Bengkulu (rata-rata pasar tradisional), bukan harga Bengkulu Tengah"
2025-07-23,PHP17,MGR01,17500,liter,BD-PIHPS,,,,,"PIHPS Provinsi Bengkulu (rata-rata pasar tradisional), bukan harga Bengkulu Tengah"
2025-07-23,PHP17,MGR02,21400,liter,BD-PIHPS,,,,,"PIHPS Provinsi Bengkulu (rata-rata pasar tradisional), bukan harga Bengkulu Tengah"
2025-07-23,PHP17,MGR03,20500,liter,BD-PIHPS,,,,,"PIHPS Provinsi Bengkulu (rata-rata pasar tradisional), bukan harga Bengkulu Tengah"
2025-07-23,PHP17,TLR01,28600,kg,BD-PIHPS,,,,,"PIHPS Provinsi Bengkulu (rata-rata pasar tradisional), bukan harga Bengkulu Tengah"
2025-07-24,PHP17,BRS01,14350,kg,BD-PIHPS,,,,,"PIHPS Provinsi Bengkulu (rata-rata pasar tradisional), bukan harga Bengkulu Tengah"
2025-07-24,PHP17,BRS02,15500,kg,BD-PIHPS,,,,,"PIHPS Provinsi Bengkulu (rata-rata pasar tradisional), bukan harga Bengkulu Tengah"
2025-07-24,PHP17,BRS03,15300,kg,BD-PIHPS,,,,,"PIHPS Provinsi Bengkulu (rata-rata pasar tradisional), bukan harga Bengkulu Tengah"
2025-07-24,PHP17,BRS04,16250,kg,BD-PIHPS,,,,,"PIHPS Provinsi Bengkulu (rata-rata pasar tradisional), bukan harga Bengkulu Tengah"
2025-07-24,PHP17,BRS05,15750,kg,BD-PIHPS,,,,,"PIHPS Provinsi Bengkulu (rata-rata pasar tradisional), bukan harga Bengkulu Tengah"
2025-07-24,PHP17,BRS06,16500,kg,BD-PIHPS,,,,,"PIHPS Provinsi Bengkulu (rata-rata pasar tradisional), bukan harga Bengkulu Tengah"
2025-07-24,PHP17,BWM01,55500,kg,BD-PIHPS,,,,,"PIHPS Provinsi Bengkulu (rata-rata pasar tradisional), bukan harga Bengkulu Tengah"
2025-07-24,PHP17,BWP01,38500,kg,BD-PIHPS,,,,,"PIHPS Provinsi Bengkulu (rata-rata pasar tradisional), bukan harga Bengkulu Tengah"
2025-07-24,PHP17,CMR01,32750,kg,BD-PIHPS,,,,,"PIHPS Provinsi Bengkulu (rata-rata pasar tradisional), bukan harga Bengkulu Tengah"
2025-07-24,PHP17,CMR02,38000,kg,BD-PIHPS,,,,,"PIHPS Provinsi Bengkulu (rata-rata pasar tradisional), bukan harga Bengkulu Tengah"
2025-07-24,PHP17,CRW01,43750,kg,BD-PIHPS,,,,,"PIHPS Provinsi Bengkulu (rata-rata pasar tradisional), bukan harga Bengkulu Tengah"
2025-07-24,PHP17,CRW02,35850,kg,BD-PIHPS,,,,,"PIHPS Provinsi Bengkulu (rata-rata pasar tradisional), bukan harga Bengkulu Tengah"
2025-07-24,PHP17,DAY01,38750,kg,BD-PIHPS,,,,,"PIHPS Provinsi Bengkulu (rata-rata pasar tradisional), bukan harga Bengkulu Tengah"
2025-07-24,PHP17,DSP01,135000,kg,BD-PIHPS,,,,,"PIHPS Provinsi Bengkulu (rata-rata pasar tradisional), bukan harga Bengkulu Tengah"
2025-07-24,PHP17,DSP02,134400,kg,BD-PIHPS,,,,,"PIHPS Provinsi Bengkulu (rata-rata pasar tradisional), bukan harga Bengkulu Tengah"
2025-07-24,PHP17,GLP01,17700,kg,BD-PIHPS,,,,,"PIHPS Provinsi Bengkulu (rata-rata pasar tradisional), bukan harga Bengkulu Tengah"
2025-07-24,PHP17,GLP02,19150,kg,BD-PIHPS,,,,,"PIHPS Provinsi Bengkulu (rata-rata pasar tradisional), bukan harga Bengkulu Tengah"
2025-07-24,PHP17,MGR01,17500,liter,BD-PIHPS,,,,,"PIHPS Provinsi Bengkulu (rata-rata pasar tradisional), bukan harga Bengkulu Tengah"
2025-07-24,PHP17,MGR02,21400,liter,BD-PIHPS,,,,,"PIHPS Provinsi Bengkulu (rata-rata pasar tradisional), bukan harga Bengkulu Tengah"
2025-07-24,PHP17,MGR03,20500,liter,BD-PIHPS,,,,,"PIHPS Provinsi Bengkulu (rata-rata pasar tradisional), bukan harga Bengkulu Tengah"
2025-07-24,PHP17,TLR01,28600,kg,BD-PIHPS,,,,,"PIHPS Provinsi Bengkulu (rata-rata pasar tradisional), bukan harga Bengkulu Tengah"
2025-07-25,PHP17,BRS01,14350,kg,BD-PIHPS,,,,,"PIHPS Provinsi Bengkulu (rata-rata pasar tradisional), bukan harga Bengkulu Tengah"
2025-07-25,PHP17,BRS02,15500,kg,BD-PIHPS,,,,,"PIHPS Provinsi Bengkulu (rata-rata pasar tradisional), bukan harga Bengkulu Tengah"
2025-07-25,PHP17,BRS03,15300,kg,BD-PIHPS,,,,,"PIHPS Provinsi Bengkulu (rata-rata pasar tradisional), bukan harga Bengkulu Tengah"
2025-07-25,PHP17,BRS04,16250,kg,BD-PIHPS,,,,,"PIHPS Provinsi Bengkulu (rata-rata pasar tradisional), bukan harga Bengkulu Tengah"
2025-07-25,PHP17,BRS05,15750,kg,BD-PIHPS,,,,,"PIHPS Provinsi Bengkulu (rata-rata pasar tradisional), bukan harga Bengkulu Tengah"
2025-07-25,PHP17,BRS06,16500,kg,BD-PIHPS,,,,,"PIHPS Provinsi Bengkulu (rata-rata pasar tradisional), bukan harga Bengkulu Tengah"
2025-07-25,PHP17,BWM01,57400,kg,BD-PIHPS,,,,,"PIHPS Provinsi Bengkulu (rata-rata pasar tradisional), bukan harga Bengkulu Tengah"
2025-07-25,PHP17,BWP01,40400,kg,BD-PIHPS,,,,,"PIHPS Provinsi Bengkulu (rata-rata pasar tradisional), bukan harga Bengkulu Tengah"
2025-07-25,PHP17,CMR01,31900,kg,BD-PIHPS,,,,,"PIHPS Provinsi Bengkulu (rata-rata pasar tradisional), bukan harga Bengkulu Tengah"
2025-07-25,PHP17,CMR02,36400,kg,BD-PIHPS,,,,,"PIHPS Provinsi Bengkulu (rata-rata pasar tradisional), bukan harga Bengkulu Tengah"
2025-07-25,PHP17,CRW01,44150,kg,BD-PIHPS,,,,,"PIHPS Provinsi Bengkulu (rata-rata pasar tradisional), bukan harga Bengkulu Tengah"
2025-07-25,PHP17,CRW02,35500,kg,BD-PIHPS,,,,,"PIHPS Provinsi Bengkulu (rata-rata pasar tradisional), bukan harga Bengkulu Tengah"
2025-07-25,PHP17,DAY01,38750,kg,BD-PIHPS,,,,,"PIHPS Provinsi Bengkulu (rata-rata pasar tradisional), bukan harga Bengkulu Tengah"
2025-07-25,PHP17,DSP01,135000,kg,BD-PIHPS,,,,,"PIHPS Provinsi Bengkulu (rata-rata pasar tradisional), bukan harga Bengkulu Tengah"
2025-07-25,PHP17,DSP02,134400,kg,BD-PIHPS,,,,,"PIHPS Provinsi Bengkulu (rata-rata pasar tradisional), bukan harga Bengkulu Tengah"
2025-07-25,PHP17,GLP01,17700,kg,BD-PIHPS,,,,,"PIHPS Provinsi Bengkulu (rata-rata pasar tradisional), bukan harga Bengkulu Tengah"
2025-07-25,PHP17,GLP02,19150,kg,BD-PIHPS,,,,,"PIHPS Provinsi Bengkulu (rata-rata pasar tradisional), bukan harga Bengkulu Tengah"
2025-07-25,PHP17,MGR01,17500,liter,BD-PIHPS,,,,,"PIHPS Provinsi Bengkulu (rata-rata pasar tradisional), bukan harga Bengkulu Tengah"
2025-07-25,PHP17,MGR02,21400,liter,BD-PIHPS,,,,,"PIHPS Provinsi Bengkulu (rata-rata pasar tradisional), bukan harga Bengkulu Tengah"
2025-07-25,PHP17,MGR03,20500,liter,BD-PIHPS,,,,,"PIHPS Provinsi Bengkulu (rata-rata pasar tradisional), bukan harga Bengkulu Tengah"
2025-07-25,PHP17,TLR01,28600,kg,BD-PIHPS,,,,,"PIHPS Provinsi Bengkulu (rata-rata pasar tradisional), bukan harga Bengkulu Tengah"
2025-07-28,PHP17,BRS01,14350,kg,BD-PIHPS,,,,,"PIHPS Provinsi Bengkulu (rata-rata pasar tradisional), bukan harga Bengkulu Tengah"
2025-07-28,PHP17,BRS02,15500,kg,BD-PIHPS,,,,,"PIHPS Provinsi Bengkulu (rata-rata pasar tradisional), bukan harga Bengkulu Tengah"
2025-07-28,PHP17,BRS03,15300,kg,BD-PIHPS,,,,,"PIHPS Provinsi Bengkulu (rata-rata pasar tradisional), bukan harga Bengkulu Tengah"
2025-07-28,PHP17,BRS04,16250,kg,BD-PIHPS,,,,,"PIHPS Provinsi Bengkulu (rata-rata pasar tradisional), bukan harga Bengkulu Tengah"
2025-07-28,PHP17,BRS05,15750,kg,BD-PIHPS,,,,,"PIHPS Provinsi Bengkulu (rata-rata pasar tradisional), bukan harga Bengkulu Tengah"
2025-07-28,PHP17,BRS06,16450,kg,BD-PIHPS,,,,,"PIHPS Provinsi Bengkulu (rata-rata pasar tradisional), bukan harga Bengkulu Tengah"
2025-07-28,PHP17,BWM01,58750,kg,BD-PIHPS,,,,,"PIHPS Provinsi Bengkulu (rata-rata pasar tradisional), bukan harga Bengkulu Tengah"
2025-07-28,PHP17,BWP01,40150,kg,BD-PIHPS,,,,,"PIHPS Provinsi Bengkulu (rata-rata pasar tradisional), bukan harga Bengkulu Tengah"
2025-07-28,PHP17,CMR01,30650,kg,BD-PIHPS,,,,,"PIHPS Provinsi Bengkulu (rata-rata pasar tradisional), bukan harga Bengkulu Tengah"
2025-07-28,PHP17,CMR02,35250,kg,BD-PIHPS,,,,,"PIHPS Provinsi Bengkulu (rata-rata pasar tradisional), bukan harga Bengkulu Tengah"
2025-07-28,PHP17,CRW01,42750,kg,BD-PIHPS,,,,,"PIHPS Provinsi Bengkulu (rata-rata pasar tradisional), bukan harga Bengkulu Tengah"
2025-07-28,PHP17,CRW02,34600,kg,BD-PIHPS,,,,,"PIHPS Provinsi Bengkulu (rata-rata pasar tradisional), bukan harga Bengkulu Tengah"
2025-07-28,PHP17,DAY01,36900,kg,BD-PIHPS,,,,,"PIHPS Provinsi Bengkulu (rata-rata pasar tradisional), bukan harga Bengkulu Tengah"
2025-07-28,PHP17,DSP01,135000,kg,BD-PIHPS,,,,,"PIHPS Provinsi Bengkulu (rata-rata pasar tradisional), bukan harga Bengkulu Tengah"
2025-07-28,PHP17,DSP02,134400,kg,BD-PIHPS,,,,,"PIHPS Provinsi Bengkulu (rata-rata pasar tradisional), bukan harga Bengkulu Tengah"
2025-07-28,PHP17,GLP01,17700,kg,BD-PIHPS,,,,,"PIHPS Provinsi Bengkulu (rata-rata pasar tradisional), bukan harga Bengkulu Tengah"
2025-07-28,PHP17,GLP02,18900,kg,BD-PIHPS,,,,,"PIHPS Provinsi Bengkulu (rata-rata pasar tradisional), bukan harga Bengkulu Tengah"
2025-07-28,PHP17,MGR01,17500,liter,BD-PIHPS,,,,,"PIHPS Provinsi Bengkulu (rata-rata pasar tradisional), bukan harga Bengkulu Tengah"
2025-07-28,PHP17,MGR02,21400,liter,BD-PIHPS,,,,,"PIHPS Provinsi Bengkulu (rata-rata pasar tradisional), bukan harga Bengkulu Tengah"
2025-07-28,PHP17,MGR03,20500,liter,BD-PIHPS,,,,,"PIHPS Provinsi Bengkulu (rata-rata pasar tradisional), bukan harga Bengkulu Tengah"
2025-07-28,PHP17,TLR01,28500,kg,BD-PIHPS,,,,,"PIHPS Provinsi Bengkulu (rata-rata pasar tradisional), bukan harga Bengkulu Tengah"
2025-07-29,PHP17,BRS01,14350,kg,BD-PIHPS,,,,,"PIHPS Provinsi Bengkulu (rata-rata pasar tradisional), bukan harga Bengkulu Tengah"
2025-07-29,PHP17,BRS02,15500,kg,BD-PIHPS,,,,,"PIHPS Provinsi Bengkulu (rata-rata pasar tradisional), bukan harga Bengkulu Tengah"
2025-07-29,PHP17,BRS03,15300,kg,BD-PIHPS,,,,,"PIHPS Provinsi Bengkulu (rata-rata pasar tradisional), bukan harga Bengkulu Tengah"
2025-07-29,PHP17,BRS04,16250,kg,BD-PIHPS,,,,,"PIHPS Provinsi Bengkulu (rata-rata pasar tradisional), bukan harga Bengkulu Tengah"
2025-07-29,PHP17,BRS05,15900,kg,BD-PIHPS,,,,,"PIHPS Provinsi Bengkulu (rata-rata pasar tradisional), bukan harga Bengkulu Tengah"
2025-07-29,PHP17,BRS06,16550,kg,BD-PIHPS,,,,,"PIHPS Provinsi Bengkulu (rata-rata pasar tradisional), bukan harga Bengkulu Tengah"
2025-07-29,PHP17,BWM01,59000,kg,BD-PIHPS,,,,,"PIHPS Provinsi Bengkulu (rata-rata pasar tradisional), bukan harga Bengkulu Tengah"
2025-07-29,PHP17,BWP01,40150,kg,BD-PIHPS,,,,,"PIHPS Provinsi Bengkulu (rata-rata pasar tradisional), bukan harga Bengkulu Tengah"
2025-07-29,PHP17,CMR01,30000,kg,BD-PIHPS,,,,,"PIHPS Provinsi Bengkulu (rata-rata pasar tradisional), bukan harga Bengkulu Tengah"
2025-07-29,PHP17,CMR02,34750,kg,BD-PIHPS,,,,,"PIHPS Provinsi Bengkulu (rata-rata pasar tradisional), bukan harga Bengkulu Tengah"
2025-07-29,PHP17,CRW01,42250,kg,BD-PIHPS,,,,,"PIHPS Provinsi Bengkulu (rata-rata pasar tradisional), bukan harga Bengkulu Tengah"
2025-07-29,PHP17,CRW02,34600,kg,BD-PIHPS,,,,,"PIHPS Provinsi Bengkulu (rata-rata pasar tradisional), bukan harga Bengkulu Tengah"
2025-07-29,PHP17,DAY01,36400,kg,BD-PIHPS,,,,,"PIHPS Provinsi Bengkulu (rata-rata pasar tradisional), bukan harga Bengkulu Tengah"
2025-07-29,PHP17,DSP01,135000,kg,BD-PIHPS,,,,,"PIHPS Provinsi Bengkulu (rata-rata pasar tradisional), bukan harga Bengkulu Tengah"
2025-07-29,PHP17,DSP02,134400,kg,BD-PIHPS,,,,,"PIHPS Provinsi Bengkulu (rata-rata pasar tradisional), bukan harga Bengkulu Tengah"
2025-07-29,PHP17,GLP01,17700,kg,BD-PIHPS,,,,,"PIHPS Provinsi Bengkulu (rata-rata pasar tradisional), bukan harga Bengkulu Tengah"
2025-07-29,PHP17,GLP02,18900,kg,BD-PIHPS,,,,,"PIHPS Provinsi Bengkulu (rata-rata pasar tradisional), bukan harga Bengkulu Tengah"
2025-07-29,PHP17,MGR01,17500,liter,BD-PIHPS,,,,,"PIHPS Provinsi Bengkulu (rata-rata pasar tradisional), bukan harga Bengkulu Tengah"
2025-07-29,PHP17,MGR02,21400,liter,BD-PIHPS,,,,,"PIHPS Provinsi Bengkulu (rata-rata pasar tradisional), bukan harga Bengkulu Tengah"
2025-07-29,PHP17,MGR03,20500,liter,BD-PIHPS,,,,,"PIHPS Provinsi Bengkulu (rata-rata pasar tradisional), bukan harga Bengkulu Tengah"
2025-07-29,PHP17,TLR01,28500,kg,BD-PIHPS,,,,,"PIHPS Provinsi Bengkulu (rata-rata pasar tradisional), bukan harga Bengkulu Tengah"
2025-07-30,PHP17,BRS01,14350,kg,BD-PIHPS,,,,,"PIHPS Provinsi Bengkulu (rata-rata pasar tradisional), bukan harga Bengkulu Tengah"
2025-07-30,PHP17,BRS02,15500,kg,BD-PIHPS,,,,,"PIHPS Provinsi Bengkulu (rata-rata pasar tradisional), bukan harga Bengkulu Tengah"
2025-07-30,PHP17,BRS03,15300,kg,BD-PIHPS,,,,,"PIHPS Provinsi Bengkulu (rata-rata pasar tradisional), bukan harga Bengkulu Tengah"
2025-07-30,PHP17,BRS04,16250,kg,BD-PIHPS,,,,,"PIHPS Provinsi Bengkulu (rata-rata pasar tradisional), bukan harga Bengkulu Tengah"
2025-07-30,PHP17,BRS05,15900,kg,BD-PIHPS,,,,,"PIHPS Provinsi Bengkulu (rata-rata pasar tradisional), bukan harga Bengkulu Tengah"
2025-07-30,PHP17,BRS06,16550,kg,BD-PIHPS,,,,,"PIHPS Provinsi Bengkulu (rata-rata pasar tradisional), bukan harga Bengkulu Tengah"
2025-07-30,PHP17,BWM01,60150,kg,BD-PIHPS,,,,,"PIHPS Provinsi Bengkulu (rata-rata pasar tradisional), bukan harga Bengkulu Tengah"
2025-07-30,PHP17,BWP01,39750,kg,BD-PIHPS,,,,,"PIHPS Provinsi Bengkulu (rata-rata pasar tradisional), bukan harga Bengkulu Tengah"
2025-07-30,PHP17,CMR01,30650,kg,BD-PIHPS,,,,,"PIHPS Provinsi Bengkulu (rata-rata pasar tradisional), bukan harga Bengkulu Tengah"
2025-07-30,PHP17,CMR02,35500,kg,BD-PIHPS,,,,,"PIHPS Provinsi Bengkulu (rata-rata pasar tradisional), bukan harga Bengkulu Tengah"
2025-07-30,PHP17,CRW01,42900,kg,BD-PIHPS,,,,,"PIHPS Provinsi Bengkulu (rata-rata pasar tradisional), bukan harga Bengkulu Tengah"
2025-07-30,PHP17,CRW02,34300,kg,BD-PIHPS,,,,,"PIHPS Provinsi Bengkulu (rata-rata pasar tradisional), bukan harga Bengkulu Tengah"
2025-07-30,PHP17,DAY01,36000,kg,BD-PIHPS,,,,,"PIHPS Provinsi Bengkulu (rata-rata pasar tradisional), bukan harga Bengkulu Tengah"
2025-07-30,PHP17,DSP01,135000,kg,BD-PIHPS,,,,,"PIHPS Provinsi Bengkulu (rata-rata pasar tradisional), bukan harga Bengkulu Tengah"
2025-07-30,PHP17,DSP02,134400,kg,BD-PIHPS,,,,,"PIHPS Provinsi Bengkulu (rata-rata pasar tradisional), bukan harga Bengkulu Tengah"
2025-07-30,PHP17,GLP01,17700,kg,BD-PIHPS,,,,,"PIHPS Provinsi Bengkulu (rata-rata pasar tradisional), bukan harga Bengkulu Tengah"
2025-07-30,PHP17,GLP02,18900,kg,BD-PIHPS,,,,,"PIHPS Provinsi Bengkulu (rata-rata pasar tradisional), bukan harga Bengkulu Tengah"
2025-07-30,PHP17,MGR01,17500,liter,BD-PIHPS,,,,,"PIHPS Provinsi Bengkulu (rata-rata pasar tradisional), bukan harga Bengkulu Tengah"
2025-07-30,PHP17,MGR02,21400,liter,BD-PIHPS,,,,,"PIHPS Provinsi Bengkulu (rata-rata pasar tradisional), bukan harga Bengkulu Tengah"
2025-07-30,PHP17,MGR03,20500,liter,BD-PIHPS,,,,,"PIHPS Provinsi Bengkulu (rata-rata pasar tradisional), bukan harga Bengkulu Tengah"
2025-07-30,PHP17,TLR01,28500,kg,BD-PIHPS,,,,,"PIHPS Provinsi Bengkulu (rata-rata pasar tradisional), bukan harga Bengkulu Tengah"
2025-07-31,PHP17,BRS01,14350,kg,BD-PIHPS,,,,,"PIHPS Provinsi Bengkulu (rata-rata pasar tradisional), bukan harga Bengkulu Tengah"
2025-07-31,PHP17,BRS02,15500,kg,BD-PIHPS,,,,,"PIHPS Provinsi Bengkulu (rata-rata pasar tradisional), bukan harga Bengkulu Tengah"
2025-07-31,PHP17,BRS03,15300,kg,BD-PIHPS,,,,,"PIHPS Provinsi Bengkulu (rata-rata pasar tradisional), bukan harga Bengkulu Tengah"
2025-07-31,PHP17,BRS04,16250,kg,BD-PIHPS,,,,,"PIHPS Provinsi Bengkulu (rata-rata pasar tradisional), bukan harga Bengkulu Tengah"
2025-07-31,PHP17,BRS05,15900,kg,BD-PIHPS,,,,,"PIHPS Provinsi Bengkulu (rata-rata pasar tradisional), bukan harga Bengkulu Tengah"
2025-07-31,PHP17,BRS06,16550,kg,BD-PIHPS,,,,,"PIHPS Provinsi Bengkulu (rata-rata pasar tradisional), bukan harga Bengkulu Tengah"
2025-07-31,PHP17,BWM01,61250,kg,BD-PIHPS,,,,,"PIHPS Provinsi Bengkulu (rata-rata pasar tradisional), bukan harga Bengkulu Tengah"
2025-07-31,PHP17,BWP01,39750,kg,BD-PIHPS,,,,,"PIHPS Provinsi Bengkulu (rata-rata pasar tradisional), bukan harga Bengkulu Tengah"
2025-07-31,PHP17,CMR01,31150,kg,BD-PIHPS,,,,,"PIHPS Provinsi Bengkulu (rata-rata pasar tradisional), bukan harga Bengkulu Tengah"
2025-07-31,PHP17,CMR02,35750,kg,BD-PIHPS,,,,,"PIHPS Provinsi Bengkulu (rata-rata pasar tradisional), bukan harga Bengkulu Tengah"
2025-07-31,PHP17,CRW01,43400,kg,BD-PIHPS,,,,,"PIHPS Provinsi Bengkulu (rata-rata pasar tradisional), bukan harga Bengkulu Tengah"
2025-07-31,PHP17,CRW02,34400,kg,BD-PIHPS,,,,,"PIHPS Provinsi Bengkulu (rata-rata pasar tradisional), bukan harga Bengkulu Tengah"
2025-07-31,PHP17,DAY01,35500,kg,BD-PIHPS,,,,,"PIHPS Provinsi Bengkulu (rata-rata pasar tradisional), bukan harga Bengkulu Tengah"
2025-07-31,PHP17,DSP01,135000,kg,BD-PIHPS,,,,,"PIHPS Provinsi Bengkulu (rata-rata pasar tradisional), bukan harga Bengkulu Tengah"
2025-07-31,PHP17,DSP02,134400,kg,BD-PIHPS,,,,,"PIHPS Provinsi Bengkulu (rata-rata pasar tradisional), bukan harga Bengkulu Tengah"
2025-07-31,PHP17,GLP01,17700,kg,BD-PIHPS,,,,,"PIHPS Provinsi Bengkulu (rata-rata pasar tradisional), bukan harga Bengkulu Tengah"
2025-07-31,PHP17,GLP02,18900,kg,BD-PIHPS,,,,,"PIHPS Provinsi Bengkulu (rata-rata pasar tradisional), bukan harga Bengkulu Tengah"
2025-07-31,PHP17,MGR01,17500,liter,BD-PIHPS,,,,,"PIHPS Provinsi Bengkulu (rata-rata pasar tradisional), bukan harga Bengkulu Tengah"
2025-07-31,PHP17,MGR02,21400,liter,BD-PIHPS,,,,,"PIHPS Provinsi Bengkulu (rata-rata pasar tradisional), bukan harga Bengkulu Tengah"
2025-07-31,PHP17,MGR03,20500,liter,BD-PIHPS,,,,,"PIHPS Provinsi Bengkulu (rata-rata pasar tradisional), bukan harga Bengkulu Tengah"
2025-07-31,PHP17,TLR01,28500,kg,BD-PIHPS,,,,,"PIHPS Provinsi Bengkulu (rata-rata pasar tradisional), bukan harga Bengkulu Tengah"
2025-08-01,PHP17,BRS01,14350,kg,BD-PIHPS,,,,,"PIHPS Provinsi Bengkulu (rata-rata pasar tradisional), bukan harga Bengkulu Tengah"
2025-08-01,PHP17,BRS02,15500,kg,BD-PIHPS,,,,,"PIHPS Provinsi Bengkulu (rata-rata pasar tradisional), bukan harga Bengkulu Tengah"
2025-08-01,PHP17,BRS03,15300,kg,BD-PIHPS,,,,,"PIHPS Provinsi Bengkulu (rata-rata pasar tradisional), bukan harga Bengkulu Tengah"
2025-08-01,PHP17,BRS04,16250,kg,BD-PIHPS,,,,,"PIHPS Provinsi Bengkulu (rata-rata pasar tradisional), bukan harga Bengkulu Tengah"
2025-08-01,PHP17,BRS05,15900,kg,BD-PIHPS,,,,,"PIHPS Provinsi Bengkulu (rata-rata pasar tradisional), bukan harga Bengkulu Tengah"
2025-08-01,PHP17,BRS06,16550,kg,BD-PIHPS,,,,,"PIHPS Provinsi Bengkulu (rata-rata pasar tradisional), bukan harga Bengkulu Tengah"
2025-08-01,PHP17,BWM01,61250,kg,BD-PIHPS,,,,,"PIHPS Provinsi Bengkulu (rata-rata pasar tradisional), bukan harga Bengkulu Tengah"
2025-08-01,PHP17,BWP01,39750,kg,BD-PIHPS,,,,,"PIHPS Provinsi Bengkulu (rata-rata pasar tradisional), bukan harga Bengkulu Tengah"
2025-08-01,PHP17,CMR01,33900,kg,BD-PIHPS,,,,,"PIHPS Provinsi Bengkulu (rata-rata pasar tradisional), bukan harga Bengkulu Tengah"
2025-08-01,PHP17,CMR02,38400,kg,BD-PIHPS,,,,,"PIHPS Provinsi Bengkulu (rata-rata pasar tradisional), bukan harga Bengkulu Tengah"
2025-08-01,PHP17,CRW01,43400,kg,BD-PIHPS,,,,,"PIHPS Provinsi Bengkulu (rata-rata pasar tradisional), bukan harga Bengkulu Tengah"
2025-08-01,PHP17,CRW02,34150,kg,BD-PIHPS,,,,,"PIHPS Provinsi Bengkulu (rata-rata pasar tradisional), bukan harga Bengkulu Tengah"
2025-08-01,PHP17,DAY01,35500,kg,BD-PIHPS,,,,,"PIHPS Provinsi Bengkulu (rata-rata pasar tradisional), bukan harga Bengkulu Tengah"
2025-08-01,PHP17,DSP01,135000,kg,BD-PIHPS,,,,,"PIHPS Provinsi Bengkulu (rata-rata pasar tradisional), bukan harga Bengkulu Tengah"
2025-08-01,PHP17,DSP02,134400,kg,BD-PIHPS,,,,,"PIHPS Provinsi Bengkulu (rata-rata pasar tradisional), bukan harga Bengkulu Tengah"
2025-08-01,PHP17,GLP01,17700,kg,BD-PIHPS,,,,,"PIHPS Provinsi Bengkulu (rata-rata pasar tradisional), bukan harga Bengkulu Tengah"
2025-08-01,PHP17,GLP02,18750,kg,BD-PIHPS,,,,,"PIHPS Provinsi Bengkulu (rata-rata pasar tradisional), bukan harga Bengkulu Tengah"
2025-08-01,PHP17,MGR01,17500,liter,BD-PIHPS,,,,,"PIHPS Provinsi Bengkulu (rata-rata pasar tradisional), bukan harga Bengkulu Tengah"
2025-08-01,PHP17,MGR02,21400,liter,BD-PIHPS,,,,,"PIHPS Provinsi Bengkulu (rata-rata pasar tradisional), bukan harga Bengkulu Tengah"
2025-08-01,PHP17,MGR03,20500,liter,BD-PIHPS,,,,,"PIHPS Provinsi Bengkulu (rata-rata pasar tradisional), bukan harga Bengkulu Tengah"
2025-08-01,PHP17,TLR01,28600,kg,BD-PIHPS,,,,,"PIHPS Provinsi Bengkulu (rata-rata pasar tradisional), bukan harga Bengkulu Tengah"
2025-08-04,PHP17,BRS01,14350,kg,BD-PIHPS,,,,,"PIHPS Provinsi Bengkulu (rata-rata pasar tradisional), bukan harga Bengkulu Tengah"
2025-08-04,PHP17,BRS02,15500,kg,BD-PIHPS,,,,,"PIHPS Provinsi Bengkulu (rata-rata pasar tradisional), bukan harga Bengkulu Tengah"
2025-08-04,PHP17,BRS03,15300,kg,BD-PIHPS,,,,,"PIHPS Provinsi Bengkulu (rata-rata pasar tradisional), bukan harga Bengkulu Tengah"
2025-08-04,PHP17,BRS04,16250,kg,BD-PIHPS,,,,,"PIHPS Provinsi Bengkulu (rata-rata pasar tradisional), bukan harga Bengkulu Tengah"
2025-08-04,PHP17,BRS05,15900,kg,BD-PIHPS,,,,,"PIHPS Provinsi Bengkulu (rata-rata pasar tradisional), bukan harga Bengkulu Tengah"
2025-08-04,PHP17,BRS06,16550,kg,BD-PIHPS,,,,,"PIHPS Provinsi Bengkulu (rata-rata pasar tradisional), bukan harga Bengkulu Tengah"
2025-08-04,PHP17,BWM01,59400,kg,BD-PIHPS,,,,,"PIHPS Provinsi Bengkulu (rata-rata pasar tradisional), bukan harga Bengkulu Tengah"
2025-08-04,PHP17,BWP01,39150,kg,BD-PIHPS,,,,,"PIHPS Provinsi Bengkulu (rata-rata pasar tradisional), bukan harga Bengkulu Tengah"
2025-08-04,PHP17,CMR01,35500,kg,BD-PIHPS,,,,,"PIHPS Provinsi Bengkulu (rata-rata pasar tradisional), bukan harga Bengkulu Tengah"
2025-08-04,PHP17,CMR02,41150,kg,BD-PIHPS,,,,,"PIHPS Provinsi Bengkulu (rata-rata pasar tradisional), bukan harga Bengkulu Tengah"
2025-08-04,PHP17,CRW01,42150,kg,BD-PIHPS,,,,,"PIHPS Provinsi Bengkulu (rata-rata pasar tradisional), bukan harga Bengkulu Tengah"
2025-08-04,PHP17,CRW02,31950,kg,BD-PIHPS,,,,,"PIHPS Provinsi Bengkulu (rata-rata pasar tradisional), bukan harga Bengkulu Tengah"
2025-08-04,PHP17,DAY01,35150,kg,BD-PIHPS,,,,,"PIHPS Provinsi Bengkulu (rata-rata pasar tradisional), bukan harga Bengkulu Tengah"
2025-08-04,PHP17,DSP01,135000,kg,BD-PIHPS,,,,,"PIHPS Provinsi Bengkulu (rata-rata pasar tradisional), bukan harga Bengkulu Tengah"
2025-08-04,PHP17,DSP02,134400,kg,BD-PIHPS,,,,,"PIHPS Provinsi Bengkulu (rata-rata pasar tradisional), bukan harga Bengkulu Tengah"
2025-08-04,PHP17,GLP01,17700,kg,BD-PIHPS,,,,,"PIHPS Provinsi Bengkulu (rata-rata pasar tradisional), bukan harga Bengkulu Tengah"
2025-08-04,PHP17,GLP02,18750,kg,BD-PIHPS,,,,,"PIHPS Provinsi Bengkulu (rata-rata pasar tradisional), bukan harga Bengkulu Tengah"
2025-08-04,PHP17,MGR01,17500,liter,BD-PIHPS,,,,,"PIHPS Provinsi Bengkulu (rata-rata pasar tradisional), bukan harga Bengkulu Tengah"
2025-08-04,PHP17,MGR02,21400,liter,BD-PIHPS,,,,,"PIHPS Provinsi Bengkulu (rata-rata pasar tradisional), bukan harga Bengkulu Tengah"
2025-08-04,PHP17,MGR03,20500,liter,BD-PIHPS,,,,,"PIHPS Provinsi Bengkulu (rata-rata pasar tradisional), bukan harga Bengkulu Tengah"
2025-08-04,PHP17,TLR01,28600,kg,BD-PIHPS,,,,,"PIHPS Provinsi Bengkulu (rata-rata pasar tradisional), bukan harga Bengkulu Tengah"
2025-08-05,PHP17,BRS01,14350,kg,BD-PIHPS,,,,,"PIHPS Provinsi Bengkulu (rata-rata pasar tradisional), bukan harga Bengkulu Tengah"
2025-08-05,PHP17,BRS02,15500,kg,BD-PIHPS,,,,,"PIHPS Provinsi Bengkulu (rata-rata pasar tradisional), bukan harga Bengkulu Tengah"
2025-08-05,PHP17,BRS03,15300,kg,BD-PIHPS,,,,,"PIHPS Provinsi Bengkulu (rata-rata pasar tradisional), bukan harga Bengkulu Tengah"
2025-08-05,PHP17,BRS04,16250,kg,BD-PIHPS,,,,,"PIHPS Provinsi Bengkulu (rata-rata pasar tradisional), bukan harga Bengkulu Tengah"
2025-08-05,PHP17,BRS05,15900,kg,BD-PIHPS,,,,,"PIHPS Provinsi Bengkulu (rata-rata pasar tradisional), bukan harga Bengkulu Tengah"
2025-08-05,PHP17,BRS06,16550,kg,BD-PIHPS,,,,,"PIHPS Provinsi Bengkulu (rata-rata pasar tradisional), bukan harga Bengkulu Tengah"
2025-08-05,PHP17,BWM01,58900,kg,BD-PIHPS,,,,,"PIHPS Provinsi Bengkulu (rata-rata pasar tradisional), bukan harga Bengkulu Tengah"
2025-08-05,PHP17,BWP01,40500,kg,BD-PIHPS,,,,,"PIHPS Provinsi Bengkulu (rata-rata pasar tradisional), bukan harga Bengkulu Tengah"
2025-08-05,PHP17,CMR01,35900,kg,BD-PIHPS,,,,,"PIHPS Provinsi Bengkulu (rata-rata pasar tradisional), bukan harga Bengkulu Tengah"
2025-08-05,PHP17,CMR02,43150,kg,BD-PIHPS,,,,,"PIHPS Provinsi Bengkulu (rata-rata pasar tradisional), bukan harga Bengkulu Tengah"
2025-08-05,PHP17,CRW01,40400,kg,BD-PIHPS,,,,,"PIHPS Provinsi Bengkulu (rata-rata pasar tradisional), bukan harga Bengkulu Tengah"
2025-08-05,PHP17,CRW02,29700,kg,BD-PIHPS,,,,,"PIHPS Provinsi Bengkulu (rata-rata pasar tradisional), bukan harga Bengkulu Tengah"
2025-08-05,PHP17,DAY01,35150,kg,BD-PIHPS,,,,,"PIHPS Provinsi Bengkulu (rata-rata pasar tradisional), bukan harga Bengkulu Tengah"
2025-08-05,PHP17,DSP01,135000,kg,BD-PIHPS,,,,,"PIHPS Provinsi Bengkulu (rata-rata pasar tradisional), bukan harga Bengkulu Tengah"
2025-08-05,PHP17,DSP02,134400,kg,BD-PIHPS,,,,,"PIHPS Provinsi Bengkulu (rata-rata pasar tradisional), bukan harga Bengkulu Tengah"
2025-08-05,PHP17,GLP01,17700,kg,BD-PIHPS,,,,,"PIHPS Provinsi Bengkulu (rata-rata pasar tradisional), bukan harga Bengkulu Tengah"
2025-08-05,PHP17,GLP02,18750,kg,BD-PIHPS,,,,,"PIHPS Provinsi Bengkulu (rata-rata pasar tradisional), bukan harga Bengkulu Tengah"
2025-08-05,PHP17,MGR01,17500,liter,BD-PIHPS,,,,,"PIHPS Provinsi Bengkulu (rata-rata pasar tradisional), bukan harga Bengkulu Tengah"
2025-08-05,PHP17,MGR02,21400,liter,BD-PIHPS,,,,,"PIHPS Provinsi Bengkulu (rata-rata pasar tradisional), bukan harga Bengkulu Tengah"
2025-08-05,PHP17,MGR03,20500,liter,BD-PIHPS,,,,,"PIHPS Provinsi Bengkulu (rata-rata pasar tradisional), bukan harga Bengkulu Tengah"
2025-08-05,PHP17,TLR01,28600,kg,BD-PIHPS,,,,,"PIHPS Provinsi Bengkulu (rata-rata pasar tradisional), bukan harga Bengkulu Tengah"
2025-08-06,PHP17,BRS01,14350,kg,BD-PIHPS,,,,,"PIHPS Provinsi Bengkulu (rata-rata pasar tradisional), bukan harga Bengkulu Tengah"
2025-08-06,PHP17,BRS02,15500,kg,BD-PIHPS,,,,,"PIHPS Provinsi Bengkulu (rata-rata pasar tradisional), bukan harga Bengkulu Tengah"
2025-08-06,PHP17,BRS03,15300,kg,BD-PIHPS,,,,,"PIHPS Provinsi Bengkulu (rata-rata pasar tradisional), bukan harga Bengkulu Tengah"
2025-08-06,PHP17,BRS04,16250,kg,BD-PIHPS,,,,,"PIHPS Provinsi Bengkulu (rata-rata pasar tradisional), bukan harga Bengkulu Tengah"
2025-08-06,PHP17,BRS05,15900,kg,BD-PIHPS,,,,,"PIHPS Provinsi Bengkulu (rata-rata pasar tradisional), bukan harga Bengkulu Tengah"
2025-08-06,PHP17,BRS06,16550,kg,BD-PIHPS,,,,,"PIHPS Provinsi Bengkulu (rata-rata pasar tradisional), bukan harga Bengkulu Tengah"
2025-08-06,PHP17,BWM01,58650,kg,BD-PIHPS,,,,,"PIHPS Provinsi Bengkulu (rata-rata pasar tradisional), bukan harga Bengkulu Tengah"
2025-08-06,PHP17,BWP01,40500,kg,BD-PIHPS,,,,,"PIHPS Provinsi Bengkulu (rata-rata pasar tradisional), bukan harga Bengkulu Tengah"
2025-08-06,PHP17,CMR01,38150,kg,BD-PIHPS,,,,,"PIHPS Provinsi Bengkulu (rata-rata pasar tradisional), bukan harga Bengkulu Tengah"
2025-08-06,PHP17,CMR02,43650,kg,BD-PIHPS,,,,,"PIHPS Provinsi Bengkulu (rata-rata pasar tradisional), bukan harga Bengkulu Tengah"
2025-08-06,PHP17,CRW01,41150,kg,BD-PIHPS,,,,,"PIHPS Provinsi Bengkulu (rata-rata pasar tradisional), bukan harga Bengkulu Tengah"
2025-08-06,PHP17,CRW02,30000,kg,BD-PIHPS,,,,,"PIHPS Provinsi Bengkulu (rata-rata pasar tradisional), bukan harga Bengkulu Tengah"
2025-08-06,PHP17,DAY01,35150,kg,BD-PIHPS,,,,,"PIHPS Provinsi Bengkulu (rata-rata pasar tradisional), bukan harga Bengkulu Tengah"
2025-08-06,PHP17,DSP01,135000,kg,BD-PIHPS,,,,,"PIHPS Provinsi Bengkulu (rata-rata pasar tradisional), bukan harga Bengkulu Tengah"
2025-08-06,PHP17,DSP02,134400,kg,BD-PIHPS,,,,,"PIHPS Provinsi Bengkulu (rata-rata pasar tradisional), bukan harga Bengkulu Tengah"
2025-08-06,PHP17,GLP01,17700,kg,BD-PIHPS,,,,,"PIHPS Provinsi Bengkulu (rata-rata pasar tradisional), bukan harga Bengkulu Tengah"
2025-08-06,PHP17,GLP02,18750,kg,BD-PIHPS,,,,,"PIHPS Provinsi Bengkulu (rata-rata pasar tradisional), bukan harga Bengkulu Tengah"
2025-08-06,PHP17,MGR01,17500,liter,BD-PIHPS,,,,,"PIHPS Provinsi Bengkulu (rata-rata pasar tradisional), bukan harga Bengkulu Tengah"
2025-08-06,PHP17,MGR02,21400,liter,BD-PIHPS,,,,,"PIHPS Provinsi Bengkulu (rata-rata pasar tradisional), bukan harga Bengkulu Tengah"
2025-08-06,PHP17,MGR03,20500,liter,BD-PIHPS,,,,,"PIHPS Provinsi Bengkulu (rata-rata pasar tradisional), bukan harga Bengkulu Tengah"
2025-08-06,PHP17,TLR01,28600,kg,BD-PIHPS,,,,,"PIHPS Provinsi Bengkulu (rata-rata pasar tradisional), bukan harga Bengkulu Tengah"
2025-08-07,PHP17,BRS01,14350,kg,BD-PIHPS,,,,,"PIHPS Provinsi Bengkulu (rata-rata pasar tradisional), bukan harga Bengkulu Tengah"
2025-08-07,PHP17,BRS02,15500,kg,BD-PIHPS,,,,,"PIHPS Provinsi Bengkulu (rata-rata pasar tradisional), bukan harga Bengkulu Tengah"
2025-08-07,PHP17,BRS03,15300,kg,BD-PIHPS,,,,,"PIHPS Provinsi Bengkulu (rata-rata pasar tradisional), bukan harga Bengkulu Tengah"
2025-08-07,PHP17,BRS04,16250,kg,BD-PIHPS,,,,,"PIHPS Provinsi Bengkulu (rata-rata pasar tradisional), bukan harga Bengkulu Tengah"
2025-08-07,PHP17,BRS05,15900,kg,BD-PIHPS,,,,,"PIHPS Provinsi Bengkulu (rata-rata pasar tradisional), bukan harga Bengkulu Tengah"
2025-08-07,PHP17,BRS06,16550,kg,BD-PIHPS,,,,,"PIHPS Provinsi Bengkulu (rata-rata pasar tradisional), bukan harga Bengkulu Tengah"
2025-08-07,PHP17,BWM01,59150,kg,BD-PIHPS,,,,,"PIHPS Provinsi Bengkulu (rata-rata pasar tradisional), bukan harga Bengkulu Tengah"
2025-08-07,PHP17,BWP01,40150,kg,BD-PIHPS,,,,,"PIHPS Provinsi Bengkulu (rata-rata pasar tradisional), bukan harga Bengkulu Tengah"
2025-08-07,PHP17,CMR01,38650,kg,BD-PIHPS,,,,,"PIHPS Provinsi Bengkulu (rata-rata pasar tradisional), bukan harga Bengkulu Tengah"
2025-08-07,PHP17,CMR02,44250,kg,BD-PIHPS,,,,,"PIHPS Provinsi Bengkulu (rata-rata pasar tradisional), bukan harga Bengkulu Tengah"
2025-08-07,PHP17,CRW01,40900,kg,BD-PIHPS,,,,,"PIHPS Provinsi Bengkulu (rata-rata pasar tradisional), bukan harga Bengkulu Tengah"
2025-08-07,PHP17,CRW02,30000,kg,BD-PIHPS,,,,,"PIHPS Provinsi Bengkulu (rata-rata pasar tradisional), bukan harga Bengkulu Tengah"
2025-08-07,PHP17,DAY01,34500,kg,BD-PIHPS,,,,,"PIHPS Provinsi Bengkulu (rata-rata pasar tradisional), bukan harga Bengkulu Tengah"
2025-08-07,PHP17,DSP01,135000,kg,BD-PIHPS,,,,,"PIHPS Provinsi Bengkulu (rata-rata pasar tradisional), bukan harga Bengkulu Tengah"
2025-08-07,PHP17,DSP02,134400,kg,BD-PIHPS,,,,,"PIHPS Provinsi Bengkulu (rata-rata pasar tradisional), bukan harga Bengkulu Tengah"
2025-08-07,PHP17,GLP01,17700,kg,BD-PIHPS,,,,,"PIHPS Provinsi Bengkulu (rata-rata pasar tradisional), bukan harga Bengkulu Tengah"
2025-08-07,PHP17,GLP02,18750,kg,BD-PIHPS,,,,,"PIHPS Provinsi Bengkulu (rata-rata pasar tradisional), bukan harga Bengkulu Tengah"
2025-08-07,PHP17,MGR01,17500,liter,BD-PIHPS,,,,,"PIHPS Provinsi Bengkulu (rata-rata pasar tradisional), bukan harga Bengkulu Tengah"
2025-08-07,PHP17,MGR02,21400,liter,BD-PIHPS,,,,,"PIHPS Provinsi Bengkulu (rata-rata pasar tradisional), bukan harga Bengkulu Tengah"
2025-08-07,PHP17,MGR03,20500,liter,BD-PIHPS,,,,,"PIHPS Provinsi Bengkulu (rata-rata pasar tradisional), bukan harga Bengkulu Tengah"
2025-08-07,PHP17,TLR01,28600,kg,BD-PIHPS,,,,,"PIHPS Provinsi Bengkulu (rata-rata pasar tradisional), bukan harga Bengkulu Tengah"
2025-08-08,PHP17,BRS01,14350,kg,BD-PIHPS,,,,,"PIHPS Provinsi Bengkulu (rata-rata pasar tradisional), bukan harga Bengkulu Tengah"
2025-08-08,PHP17,BRS02,15500,kg,BD-PIHPS,,,,,"PIHPS Provinsi Bengkulu (rata-rata pasar tradisional), bukan harga Bengkulu Tengah"
2025-08-08,PHP17,BRS03,15300,kg,BD-PIHPS,,,,,"PIHPS Provinsi Bengkulu (rata-rata pasar tradisional), bukan harga Bengkulu Tengah"
2025-08-08,PHP17,BRS04,16100,kg,BD-PIHPS,,,,,"PIHPS Provinsi Bengkulu (rata-rata pasar tradisional), bukan harga Bengkulu Tengah"
2025-08-08,PHP17,BRS05,15900,kg,BD-PIHPS,,,,,"PIHPS Provinsi Bengkulu (rata-rata pasar tradisional), bukan harga Bengkulu Tengah"
2025-08-08,PHP17,BRS06,16500,kg,BD-PIHPS,,,,,"PIHPS Provinsi Bengkulu (rata-rata pasar tradisional), bukan harga Bengkulu Tengah"
2025-08-08,PHP17,BWM01,58750,kg,BD-PIHPS,,,,,"PIHPS Provinsi Bengkulu (rata-rata pasar tradisional), bukan harga Bengkulu Tengah"
2025-08-08,PHP17,BWP01,40150,kg,BD-PIHPS,,,,,"PIHPS Provinsi Bengkulu (rata-rata pasar tradisional), bukan harga Bengkulu Tengah"
2025-08-08,PHP17,CMR01,38400,kg,BD-PIHPS,,,,,"PIHPS Provinsi Bengkulu (rata-rata pasar tradisional), bukan harga Bengkulu Tengah"
2025-08-08,PHP17,CMR02,43650,kg,BD-PIHPS,,,,,"PIHPS Provinsi Bengkulu (rata-rata pasar tradisional), bukan harga Bengkulu Tengah"
2025-08-08,PHP17,CRW01,40900,kg,BD-PIHPS,,,,,"PIHPS Provinsi Bengkulu (rata-rata pasar tradisional), bukan harga Bengkulu Tengah"
2025-08-08,PHP17,CRW02,30000,kg,BD-PIHPS,,,,,"PIHPS Provinsi Bengkulu (rata-rata pasar tradisional), bukan harga Bengkulu Tengah"
2025-08-08,PHP17,DAY01,33000,kg,BD-PIHPS,,,,,"PIHPS Provinsi Bengkulu (rata-rata pasar tradisional), bukan harga Bengkulu Tengah"
2025-08-08,PHP17,DSP01,135000,kg,BD-PIHPS,,,,,"PIHPS Provinsi Bengkulu (rata-rata pasar tradisional), bukan harga Bengkulu Tengah"
2025-08-08,PHP17,DSP02,134400,kg,BD-PIHPS,,,,,"PIHPS Provinsi Bengkulu (rata-rata pasar tradisional), bukan harga Bengkulu Tengah"
2025-08-08,PHP17,GLP01,17700,kg,BD-PIHPS,,,,,"PIHPS Provinsi Bengkulu (rata-rata pasar tradisional), bukan harga Bengkulu Tengah"
2025-08-08,PHP17,GLP02,18750,kg,BD-PIHPS,,,,,"PIHPS Provinsi Bengkulu (rata-rata pasar tradisional), bukan harga Bengkulu Tengah"
2025-08-08,PHP17,MGR01,17500,liter,BD-PIHPS,,,,,"PIHPS Provinsi Bengkulu (rata-rata pasar tradisional), bukan harga Bengkulu Tengah"
2025-08-08,PHP17,MGR02,21400,liter,BD-PIHPS,,,,,"PIHPS Provinsi Bengkulu (rata-rata pasar tradisional), bukan harga Bengkulu Tengah"
2025-08-08,PHP17,MGR03,20500,liter,BD-PIHPS,,,,,"PIHPS Provinsi Bengkulu (rata-rata pasar tradisional), bukan harga Bengkulu Tengah"
2025-08-08,PHP17,TLR01,28600,kg,BD-PIHPS,,,,,"PIHPS Provinsi Bengkulu (rata-rata pasar tradisional), bukan harga Bengkulu Tengah"
2025-08-11,PHP17,BRS01,14350,kg,BD-PIHPS,,,,,"PIHPS Provinsi Bengkulu (rata-rata pasar tradisional), bukan harga Bengkulu Tengah"
2025-08-11,PHP17,BRS02,15500,kg,BD-PIHPS,,,,,"PIHPS Provinsi Bengkulu (rata-rata pasar tradisional), bukan harga Bengkulu Tengah"
2025-08-11,PHP17,BRS03,15300,kg,BD-PIHPS,,,,,"PIHPS Provinsi Bengkulu (rata-rata pasar tradisional), bukan harga Bengkulu Tengah"
2025-08-11,PHP17,BRS04,16100,kg,BD-PIHPS,,,,,"PIHPS Provinsi Bengkulu (rata-rata pasar tradisional), bukan harga Bengkulu Tengah"
2025-08-11,PHP17,BRS05,15900,kg,BD-PIHPS,,,,,"PIHPS Provinsi Bengkulu (rata-rata pasar tradisional), bukan harga Bengkulu Tengah"
2025-08-11,PHP17,BRS06,16500,kg,BD-PIHPS,,,,,"PIHPS Provinsi Bengkulu (rata-rata pasar tradisional), bukan harga Bengkulu Tengah"
2025-08-11,PHP17,BWM01,61250,kg,BD-PIHPS,,,,,"PIHPS Provinsi Bengkulu (rata-rata pasar tradisional), bukan harga Bengkulu Tengah"
2025-08-11,PHP17,BWP01,39900,kg,BD-PIHPS,,,,,"PIHPS Provinsi Bengkulu (rata-rata pasar tradisional), bukan harga Bengkulu Tengah"
2025-08-11,PHP17,CMR01,37900,kg,BD-PIHPS,,,,,"PIHPS Provinsi Bengkulu (rata-rata pasar tradisional), bukan harga Bengkulu Tengah"
2025-08-11,PHP17,CMR02,42250,kg,BD-PIHPS,,,,,"PIHPS Provinsi Bengkulu (rata-rata pasar tradisional), bukan harga Bengkulu Tengah"
2025-08-11,PHP17,CRW01,41500,kg,BD-PIHPS,,,,,"PIHPS Provinsi Bengkulu (rata-rata pasar tradisional), bukan harga Bengkulu Tengah"
2025-08-11,PHP17,CRW02,29700,kg,BD-PIHPS,,,,,"PIHPS Provinsi Bengkulu (rata-rata pasar tradisional), bukan harga Bengkulu Tengah"
2025-08-11,PHP17,DAY01,32900,kg,BD-PIHPS,,,,,"PIHPS Provinsi Bengkulu (rata-rata pasar tradisional), bukan harga Bengkulu Tengah"
2025-08-11,PHP17,DSP01,135000,kg,BD-PIHPS,,,,,"PIHPS Provinsi Bengkulu (rata-rata pasar tradisional), bukan harga Bengkulu Tengah"
2025-08-11,PHP17,DSP02,134400,kg,BD-PIHPS,,,,,"PIHPS Provinsi Bengkulu (rata-rata pasar tradisional), bukan harga Bengkulu Tengah"
2025-08-11,PHP17,GLP01,17700,kg,BD-PIHPS,,,,,"PIHPS Provinsi Bengkulu (rata-rata pasar tradisional), bukan harga Bengkulu Tengah"
2025-08-11,PHP17,GLP02,18750,kg,BD-PIHPS,,,,,"PIHPS Provinsi Bengkulu (rata-rata pasar tradisional), bukan harga Bengkulu Tengah"
2025-08-11,PHP17,MGR01,17500,liter,BD-PIHPS,,,,,"PIHPS Provinsi Bengkulu (rata-rata pasar tradisional), bukan harga Bengkulu Tengah"
2025-08-11,PHP17,MGR02,21400,liter,BD-PIHPS,,,,,"PIHPS Provinsi Bengkulu (rata-rata pasar tradisional), bukan harga Bengkulu Tengah"
2025-08-11,PHP17,MGR03,20500,liter,BD-PIHPS,,,,,"PIHPS Provinsi Bengkulu (rata-rata pasar tradisional), bukan harga Bengkulu Tengah"
2025-08-11,PHP17,TLR01,28600,kg,BD-PIHPS,,,,,"PIHPS Provinsi Bengkulu (rata-rata pasar tradisional), bukan harga Bengkulu Tengah"
2025-08-12,PHP17,BRS01,14350,kg,BD-PIHPS,,,,,"PIHPS Provinsi Bengkulu (rata-rata pasar tradisional), bukan harga Bengkulu Tengah"
2025-08-12,PHP17,BRS02,15500,kg,BD-PIHPS,,,,,"PIHPS Provinsi Bengkulu (rata-rata pasar tradisional), bukan harga Bengkulu Tengah"
2025-08-12,PHP17,BRS03,15300,kg,BD-PIHPS,,,,,"PIHPS Provinsi Bengkulu (rata-rata pasar tradisional), bukan harga Bengkulu Tengah"
2025-08-12,PHP17,BRS04,16150,kg,BD-PIHPS,,,,,"PIHPS Provinsi Bengkulu (rata-rata pasar tradisional), bukan harga Bengkulu Tengah"
2025-08-12,PHP17,BRS05,15900,kg,BD-PIHPS,,,,,"PIHPS Provinsi Bengkulu (rata-rata pasar tradisional), bukan harga Bengkulu Tengah"
2025-08-12,PHP17,BRS06,16550,kg,BD-PIHPS,,,,,"PIHPS Provinsi Bengkulu (rata-rata pasar tradisional), bukan harga Bengkulu Tengah"
2025-08-12,PHP17,BWM01,61250,kg,BD-PIHPS,,,,,"PIHPS Provinsi Bengkulu (rata-rata pasar tradisional), bukan harga Bengkulu Tengah"
2025-08-12,PHP17,BWP01,39900,kg,BD-PIHPS,,,,,"PIHPS Provinsi Bengkulu (rata-rata pasar tradisional), bukan harga Bengkulu Tengah"
2025-08-12,PHP17,CMR01,36650,kg,BD-PIHPS,,,,,"PIHPS Provinsi Bengkulu (rata-rata pasar tradisional), bukan harga Bengkulu Tengah"
2025-08-12,PHP17,CMR02,40750,kg,BD-PIHPS,,,,,"PIHPS Provinsi Bengkulu (rata-rata pasar tradisional), bukan harga Bengkulu Tengah"
2025-08-12,PHP17,CRW01,40900,kg,BD-PIHPS,,,,,"PIHPS Provinsi Bengkulu (rata-rata pasar tradisional), bukan harga Bengkulu Tengah"
2025-08-12,PHP17,CRW02,29450,kg,BD-PIHPS,,,,,"PIHPS Provinsi Bengkulu (rata-rata pasar tradisional), bukan harga Bengkulu Tengah"
2025-08-12,PHP17,DAY01,32900,kg,BD-PIHPS,,,,,"PIHPS Provinsi Bengkulu (rata-rata pasar tradisional), bukan harga Bengkulu Tengah"
2025-08-12,PHP17,DSP01,135000,kg,BD-PIHPS,,,,,"PIHPS Provinsi Bengkulu (rata-rata pasar tradisional), bukan harga Bengkulu Tengah"
2025-08-12,PHP17,DSP02,134400,kg,BD-PIHPS,,,,,"PIHPS Provinsi Bengkulu (rata-rata pasar tradisional), bukan harga Bengkulu Tengah"
2025-08-12,PHP17,GLP01,17400,kg,BD-PIHPS,,,,,"PIHPS Provinsi Bengkulu (rata-rata pasar tradisional), bukan harga Bengkulu Tengah"
2025-08-12,PHP17,GLP02,18750,kg,BD-PIHPS,,,,,"PIHPS Provinsi Bengkulu (rata-rata pasar tradisional), bukan harga Bengkulu Tengah"
2025-08-12,PHP17,MGR01,17500,liter,BD-PIHPS,,,,,"PIHPS Provinsi Bengkulu (rata-rata pasar tradisional), bukan harga Bengkulu Tengah"
2025-08-12,PHP17,MGR02,21400,liter,BD-PIHPS,,,,,"PIHPS Provinsi Bengkulu (rata-rata pasar tradisional), bukan harga Bengkulu Tengah"
2025-08-12,PHP17,MGR03,20500,liter,BD-PIHPS,,,,,"PIHPS Provinsi Bengkulu (rata-rata pasar tradisional), bukan harga Bengkulu Tengah"
2025-08-12,PHP17,TLR01,28600,kg,BD-PIHPS,,,,,"PIHPS Provinsi Bengkulu (rata-rata pasar tradisional), bukan harga Bengkulu Tengah"
2025-08-13,PHP17,BRS01,14350,kg,BD-PIHPS,,,,,"PIHPS Provinsi Bengkulu (rata-rata pasar tradisional), bukan harga Bengkulu Tengah"
2025-08-13,PHP17,BRS02,15500,kg,BD-PIHPS,,,,,"PIHPS Provinsi Bengkulu (rata-rata pasar tradisional), bukan harga Bengkulu Tengah"
2025-08-13,PHP17,BRS03,15400,kg,BD-PIHPS,,,,,"PIHPS Provinsi Bengkulu (rata-rata pasar tradisional), bukan harga Bengkulu Tengah"
2025-08-13,PHP17,BRS04,16150,kg,BD-PIHPS,,,,,"PIHPS Provinsi Bengkulu (rata-rata pasar tradisional), bukan harga Bengkulu Tengah"
2025-08-13,PHP17,BRS05,15900,kg,BD-PIHPS,,,,,"PIHPS Provinsi Bengkulu (rata-rata pasar tradisional), bukan harga Bengkulu Tengah"
2025-08-13,PHP17,BRS06,16550,kg,BD-PIHPS,,,,,"PIHPS Provinsi Bengkulu (rata-rata pasar tradisional), bukan harga Bengkulu Tengah"
2025-08-13,PHP17,BWM01,59750,kg,BD-PIHPS,,,,,"PIHPS Provinsi Bengkulu (rata-rata pasar tradisional), bukan harga Bengkulu Tengah"
2025-08-13,PHP17,BWP01,39900,kg,BD-PIHPS,,,,,"PIHPS Provinsi Bengkulu (rata-rata pasar tradisional), bukan harga Bengkulu Tengah"
2025-08-13,PHP17,CMR01,35250,kg,BD-PIHPS,,,,,"PIHPS Provinsi Bengkulu (rata-rata pasar tradisional), bukan harga Bengkulu Tengah"
2025-08-13,PHP17,CMR02,39750,kg,BD-PIHPS,,,,,"PIHPS Provinsi Bengkulu (rata-rata pasar tradisional), bukan harga Bengkulu Tengah"
2025-08-13,PHP17,CRW01,39400,kg,BD-PIHPS,,,,,"PIHPS Provinsi Bengkulu (rata-rata pasar tradisional), bukan harga Bengkulu Tengah"
2025-08-13,PHP17,CRW02,27850,kg,BD-PIHPS,,,,,"PIHPS Provinsi Bengkulu (rata-rata pasar tradisional), bukan harga Bengkulu Tengah"
2025-08-13,PHP17,DAY01,33150,kg,BD-PIHPS,,,,,"PIHPS Provinsi Bengkulu (rata-rata pasar tradisional), bukan harga Bengkulu Tengah"
2025-08-13,PHP17,DSP01,135000,kg,BD-PIHPS,,,,,"PIHPS Provinsi Bengkulu (rata-rata pasar tradisional), bukan harga Bengkulu Tengah"
2025-08-13,PHP17,DSP02,134400,kg,BD-PIHPS,,,,,"PIHPS Provinsi Bengkulu (rata-rata pasar tradisional), bukan harga Bengkulu Tengah"
2025-08-13,PHP17,GLP01,17400,kg,BD-PIHPS,,,,,"PIHPS Provinsi Bengkulu (rata-rata pasar tradisional), bukan harga Bengkulu Tengah"
2025-08-13,PHP17,GLP02,18750,kg,BD-PIHPS,,,,,"PIHPS Provinsi Bengkulu (rata-rata pasar tradisional), bukan harga Bengkulu Tengah"
2025-08-13,PHP17,MGR01,17500,liter,BD-PIHPS,,,,,"PIHPS Provinsi Bengkulu (rata-rata pasar tradisional), bukan harga Bengkulu Tengah"
2025-08-13,PHP17,MGR02,21400,liter,BD-PIHPS,,,,,"PIHPS Provinsi Bengkulu (rata-rata pasar tradisional), bukan harga Bengkulu Tengah"
2025-08-13,PHP17,MGR03,20500,liter,BD-PIHPS,,,,,"PIHPS Provinsi Bengkulu (rata-rata pasar tradisional), bukan harga Bengkulu Tengah"
2025-08-13,PHP17,TLR01,28600,kg,BD-PIHPS,,,,,"PIHPS Provinsi Bengkulu (rata-rata pasar tradisional), bukan harga Bengkulu Tengah"
2025-08-14,PHP17,BRS01,14300,kg,BD-PIHPS,,,,,"PIHPS Provinsi Bengkulu (rata-rata pasar tradisional), bukan harga Bengkulu Tengah"
2025-08-14,PHP17,BRS02,15500,kg,BD-PIHPS,,,,,"PIHPS Provinsi Bengkulu (rata-rata pasar tradisional), bukan harga Bengkulu Tengah"
2025-08-14,PHP17,BRS03,15400,kg,BD-PIHPS,,,,,"PIHPS Provinsi Bengkulu (rata-rata pasar tradisional), bukan harga Bengkulu Tengah"
2025-08-14,PHP17,BRS04,16200,kg,BD-PIHPS,,,,,"PIHPS Provinsi Bengkulu (rata-rata pasar tradisional), bukan harga Bengkulu Tengah"
2025-08-14,PHP17,BRS05,15900,kg,BD-PIHPS,,,,,"PIHPS Provinsi Bengkulu (rata-rata pasar tradisional), bukan harga Bengkulu Tengah"
2025-08-14,PHP17,BRS06,16550,kg,BD-PIHPS,,,,,"PIHPS Provinsi Bengkulu (rata-rata pasar tradisional), bukan harga Bengkulu Tengah"
2025-08-14,PHP17,BWM01,57900,kg,BD-PIHPS,,,,,"PIHPS Provinsi Bengkulu (rata-rata pasar tradisional), bukan harga Bengkulu Tengah"
2025-08-14,PHP17,BWP01,40150,kg,BD-PIHPS,,,,,"PIHPS Provinsi Bengkulu (rata-rata pasar tradisional), bukan harga Bengkulu Tengah"
2025-08-14,PHP17,CMR01,35250,kg,BD-PIHPS,,,,,"PIHPS Provinsi Bengkulu (rata-rata pasar tradisional), bukan harga Bengkulu Tengah"
2025-08-14,PHP17,CMR02,38650,kg,BD-PIHPS,,,,,"PIHPS Provinsi Bengkulu (rata-rata pasar tradisional), bukan harga Bengkulu Tengah"
2025-08-14,PHP17,CRW01,38500,kg,BD-PIHPS,,,,,"PIHPS Provinsi Bengkulu (rata-rata pasar tradisional), bukan harga Bengkulu Tengah"
2025-08-14,PHP17,CRW02,27100,kg,BD-PIHPS,,,,,"PIHPS Provinsi Bengkulu (rata-rata pasar tradisional), bukan harga Bengkulu Tengah"
2025-08-14,PHP17,DAY01,32750,kg,BD-PIHPS,,,,,"PIHPS Provinsi Bengkulu (rata-rata pasar tradisional), bukan harga Bengkulu Tengah"
2025-08-14,PHP17,DSP01,135000,kg,BD-PIHPS,,,,,"PIHPS Provinsi Bengkulu (rata-rata pasar tradisional), bukan harga Bengkulu Tengah"
2025-08-14,PHP17,DSP02,134400,kg,BD-PIHPS,,,,,"PIHPS Provinsi Bengkulu (rata-rata pasar tradisional), bukan harga Bengkulu Tengah"
2025-08-14,PHP17,GLP01,17400,kg,BD-PIHPS,,,,,"PIHPS Provinsi Bengkulu (rata-rata pasar tradisional), bukan harga Bengkulu Tengah"
2025-08-14,PHP17,GLP02,18750,kg,BD-PIHPS,,,,,"PIHPS Provinsi Bengkulu (rata-rata pasar tradisional), bukan harga Bengkulu Tengah"
2025-08-14,PHP17,MGR01,17500,liter,BD-PIHPS,,,,,"PIHPS Provinsi Bengkulu (rata-rata pasar tradisional), bukan harga Bengkulu Tengah"
2025-08-14,PHP17,MGR02,21400,liter,BD-PIHPS,,,,,"PIHPS Provinsi Bengkulu (rata-rata pasar tradisional), bukan harga Bengkulu Tengah"
2025-08-14,PHP17,MGR03,20300,liter,BD-PIHPS,,,,,"PIHPS Provinsi Bengkulu (rata-rata pasar tradisional), bukan harga Bengkulu Tengah"
2025-08-14,PHP17,TLR01,28600,kg,BD-PIHPS,,,,,"PIHPS Provinsi Bengkulu (rata-rata pasar tradisional), bukan harga Bengkulu Tengah"
2025-08-15,PHP17,BRS01,14300,kg,BD-PIHPS,,,,,"PIHPS Provinsi Bengkulu (rata-rata pasar tradisional), bukan harga Bengkulu Tengah"
2025-08-15,PHP17,BRS02,15500,kg,BD-PIHPS,,,,,"PIHPS Provinsi Bengkulu (rata-rata pasar tradisional), bukan harga Bengkulu Tengah"
2025-08-15,PHP17,BRS03,15400,kg,BD-PIHPS,,,,,"PIHPS Provinsi Bengkulu (rata-rata pasar tradisional), bukan harga Bengkulu Tengah"
2025-08-15,PHP17,BRS04,16200,kg,BD-PIHPS,,,,,"PIHPS Provinsi Bengkulu (rata-rata pasar tradisional), bukan harga Bengkulu Tengah"
2025-08-15,PHP17,BRS05,15900,kg,BD-PIHPS,,,,,"PIHPS Provinsi Bengkulu (rata-rata pasar tradisional), bukan harga Bengkulu Tengah"
2025-08-15,PHP17,BRS06,16550,kg,BD-PIHPS,,,,,"PIHPS Provinsi Bengkulu (rata-rata pasar tradisional), bukan harga Bengkulu Tengah"
2025-08-15,PHP17,BWM01,57500,kg,BD-PIHPS,,,,,"PIHPS Provinsi Bengkulu (rata-rata pasar tradisional), bukan harga Bengkulu Tengah"
2025-08-15,PHP17,BWP01,38500,kg,BD-PIHPS,,,,,"PIHPS Provinsi Bengkulu (rata-rata pasar tradisional), bukan harga Bengkulu Tengah"
2025-08-15,PHP17,CMR01,33400,kg,BD-PIHPS,,,,,"PIHPS Provinsi Bengkulu (rata-rata pasar tradisional), bukan harga Bengkulu Tengah"
2025-08-15,PHP17,CMR02,38000,kg,BD-PIHPS,,,,,"PIHPS Provinsi Bengkulu (rata-rata pasar tradisional), bukan harga Bengkulu Tengah"
2025-08-15,PHP17,CRW01,38400,kg,BD-PIHPS,,,,,"PIHPS Provinsi Bengkulu (rata-rata pasar tradisional), bukan harga Bengkulu Tengah"
2025-08-15,PHP17,CRW02,26450,kg,BD-PIHPS,,,,,"PIHPS Provinsi Bengkulu (rata-rata pasar tradisional), bukan harga Bengkulu Tengah"
2025-08-15,PHP17,DAY01,33400,kg,BD-PIHPS,,,,,"PIHPS Provinsi Bengkulu (rata-rata pasar tradisional), bukan harga Bengkulu Tengah"
2025-08-15,PHP17,DSP01,135000,kg,BD-PIHPS,,,,,"PIHPS Provinsi Bengkulu (rata-rata pasar tradisional), bukan harga Bengkulu Tengah"
2025-08-15,PHP17,DSP02,134400,kg,BD-PIHPS,,,,,"PIHPS Provinsi Bengkulu (rata-rata pasar tradisional), bukan harga Bengkulu Tengah"
2025-08-15,PHP17,GLP01,17400,kg,BD-PIHPS,,,,,"PIHPS Provinsi Bengkulu (rata-rata pasar tradisional), bukan harga Bengkulu Tengah"
2025-08-15,PHP17,GLP02,18750,kg,BD-PIHPS,,,,,"PIHPS Provinsi Bengkulu (rata-rata pasar tradisional), bukan harga Bengkulu Tengah"
2025-08-15,PHP17,MGR01,17500,liter,BD-PIHPS,,,,,"PIHPS Provinsi Bengkulu (rata-rata pasar tradisional), bukan harga Bengkulu Tengah"
2025-08-15,PHP17,MGR02,21400,liter,BD-PIHPS,,,,,"PIHPS Provinsi Bengkulu (rata-rata pasar tradisional), bukan harga Bengkulu Tengah"
2025-08-15,PHP17,MGR03,20300,liter,BD-PIHPS,,,,,"PIHPS Provinsi Bengkulu (rata-rata pasar tradisional), bukan harga Bengkulu Tengah"
2025-08-15,PHP17,TLR01,28600,kg,BD-PIHPS,,,,,"PIHPS Provinsi Bengkulu (rata-rata pasar tradisional), bukan harga Bengkulu Tengah"
2025-08-18,PHP17,BRS01,14300,kg,BD-PIHPS,,,,,"PIHPS Provinsi Bengkulu (rata-rata pasar tradisional), bukan harga Bengkulu Tengah"
2025-08-18,PHP17,BRS02,15500,kg,BD-PIHPS,,,,,"PIHPS Provinsi Bengkulu (rata-rata pasar tradisional), bukan harga Bengkulu Tengah"
2025-08-18,PHP17,BRS03,15400,kg,BD-PIHPS,,,,,"PIHPS Provinsi Bengkulu (rata-rata pasar tradisional), bukan harga Bengkulu Tengah"
2025-08-18,PHP17,BRS04,16200,kg,BD-PIHPS,,,,,"PIHPS Provinsi Bengkulu (rata-rata pasar tradisional), bukan harga Bengkulu Tengah"
2025-08-18,PHP17,BRS05,15900,kg,BD-PIHPS,,,,,"PIHPS Provinsi Bengkulu (rata-rata pasar tradisional), bukan harga Bengkulu Tengah"
2025-08-18,PHP17,BRS06,16550,kg,BD-PIHPS,,,,,"PIHPS Provinsi Bengkulu (rata-rata pasar tradisional), bukan harga Bengkulu Tengah"
2025-08-18,PHP17,BWM01,57500,kg,BD-PIHPS,,,,,"PIHPS Provinsi Bengkulu (rata-rata pasar tradisional), bukan harga Bengkulu Tengah"
2025-08-18,PHP17,BWP01,38500,kg,BD-PIHPS,,,,,"PIHPS Provinsi Bengkulu (rata-rata pasar tradisional), bukan harga Bengkulu Tengah"
2025-08-18,PHP17,CMR01,33400,kg,BD-PIHPS,,,,,"PIHPS Provinsi Bengkulu (rata-rata pasar tradisional), bukan harga Bengkulu Tengah"
2025-08-18,PHP17,CMR02,38000,kg,BD-PIHPS,,,,,"PIHPS Provinsi Bengkulu (rata-rata pasar tradisional), bukan harga Bengkulu Tengah"
2025-08-18,PHP17,CRW01,38400,kg,BD-PIHPS,,,,,"PIHPS Provinsi Bengkulu (rata-rata pasar tradisional), bukan harga Bengkulu Tengah"
2025-08-18,PHP17,CRW02,26450,kg,BD-PIHPS,,,,,"PIHPS Provinsi Bengkulu (rata-rata pasar tradisional), bukan harga Bengkulu Tengah"
2025-08-18,PHP17,DAY01,33400,kg,BD-PIHPS,,,,,"PIHPS Provinsi Bengkulu (rata-rata pasar tradisional), bukan harga Bengkulu Tengah"
2025-08-18,PHP17,DSP01,135000,kg,BD-PIHPS,,,,,"PIHPS Provinsi Bengkulu (rata-rata pasar tradisional), bukan harga Bengkulu Tengah"
2025-08-18,PHP17,DSP02,134400,kg,BD-PIHPS,,,,,"PIHPS Provinsi Bengkulu (rata-rata pasar tradisional), bukan harga Bengkulu Tengah"
2025-08-18,PHP17,GLP01,17400,kg,BD-PIHPS,,,,,"PIHPS Provinsi Bengkulu (rata-rata pasar tradisional), bukan harga Bengkulu Tengah"
2025-08-18,PHP17,GLP02,18750,kg,BD-PIHPS,,,,,"PIHPS Provinsi Bengkulu (rata-rata pasar tradisional), bukan harga Bengkulu Tengah"
2025-08-18,PHP17,MGR01,17450,liter,BD-PIHPS,,,,,"PIHPS Provinsi Bengkulu (rata-rata pasar tradisional), bukan harga Bengkulu Tengah"
2025-08-18,PHP17,MGR02,21400,liter,BD-PIHPS,,,,,"PIHPS Provinsi Bengkulu (rata-rata pasar tradisional), bukan harga Bengkulu Tengah"
2025-08-18,PHP17,MGR03,20300,liter,BD-PIHPS,,,,,"PIHPS Provinsi Bengkulu (rata-rata pasar tradisional), bukan harga Bengkulu Tengah"
2025-08-18,PHP17,TLR01,28600,kg,BD-PIHPS,,,,,"PIHPS Provinsi Bengkulu (rata-rata pasar tradisional), bukan harga Bengkulu Tengah"
2025-08-19,PHP17,BRS01,14300,kg,BD-PIHPS,,,,,"PIHPS Provinsi Bengkulu (rata-rata pasar tradisional), bukan harga Bengkulu Tengah"
2025-08-19,PHP17,BRS02,15500,kg,BD-PIHPS,,,,,"PIHPS Provinsi Bengkulu (rata-rata pasar tradisional), bukan harga Bengkulu Tengah"
2025-08-19,PHP17,BRS03,15400,kg,BD-PIHPS,,,,,"PIHPS Provinsi Bengkulu (rata-rata pasar tradisional), bukan harga Bengkulu Tengah"
2025-08-19,PHP17,BRS04,16200,kg,BD-PIHPS,,,,,"PIHPS Provinsi Bengkulu (rata-rata pasar tradisional), bukan harga Bengkulu Tengah"
2025-08-19,PHP17,BRS05,15900,kg,BD-PIHPS,,,,,"PIHPS Provinsi Bengkulu (rata-rata pasar tradisional), bukan harga Bengkulu Tengah"
2025-08-19,PHP17,BRS06,16550,kg,BD-PIHPS,,,,,"PIHPS Provinsi Bengkulu (rata-rata pasar tradisional), bukan harga Bengkulu Tengah"
2025-08-19,PHP17,BWM01,54150,kg,BD-PIHPS,,,,,"PIHPS Provinsi Bengkulu (rata-rata pasar tradisional), bukan harga Bengkulu Tengah"
2025-08-19,PHP17,BWP01,38250,kg,BD-PIHPS,,,,,"PIHPS Provinsi Bengkulu (rata-rata pasar tradisional), bukan harga Bengkulu Tengah"
2025-08-19,PHP17,CMR01,36400,kg,BD-PIHPS,,,,,"PIHPS Provinsi Bengkulu (rata-rata pasar tradisional), bukan harga Bengkulu Tengah"
2025-08-19,PHP17,CMR02,40250,kg,BD-PIHPS,,,,,"PIHPS Provinsi Bengkulu (rata-rata pasar tradisional), bukan harga Bengkulu Tengah"
2025-08-19,PHP17,CRW01,39750,kg,BD-PIHPS,,,,,"PIHPS Provinsi Bengkulu (rata-rata pasar tradisional), bukan harga Bengkulu Tengah"
2025-08-19,PHP17,CRW02,27050,kg,BD-PIHPS,,,,,"PIHPS Provinsi Bengkulu (rata-rata pasar tradisional), bukan harga Bengkulu Tengah"
2025-08-19,PHP17,DAY01,33400,kg,BD-PIHPS,,,,,"PIHPS Provinsi Bengkulu (rata-rata pasar tradisional), bukan harga Bengkulu Tengah"
2025-08-19,PHP17,DSP01,135000,kg,BD-PIHPS,,,,,"PIHPS Provinsi Bengkulu (rata-rata pasar tradisional), bukan harga Bengkulu Tengah"
2025-08-19,PHP17,DSP02,134400,kg,BD-PIHPS,,,,,"PIHPS Provinsi Bengkulu (rata-rata pasar tradisional), bukan harga Bengkulu Tengah"
2025-08-19,PHP17,GLP01,17400,kg,BD-PIHPS,,,,,"PIHPS Provinsi Bengkulu (rata-rata pasar tradisional), bukan harga Bengkulu Tengah"
2025-08-19,PHP17,GLP02,18750,kg,BD-PIHPS,,,,,"PIHPS Provinsi Bengkulu (rata-rata pasar tradisional), bukan harga Bengkulu Tengah"
2025-08-19,PHP17,MGR01,17500,liter,BD-PIHPS,,,,,"PIHPS Provinsi Bengkulu (rata-rata pasar tradisional), bukan harga Bengkulu Tengah"
2025-08-19,PHP17,MGR02,21400,liter,BD-PIHPS,,,,,"PIHPS Provinsi Bengkulu (rata-rata pasar tradisional), bukan harga Bengkulu Tengah"
2025-08-19,PHP17,MGR03,20300,liter,BD-PIHPS,,,,,"PIHPS Provinsi Bengkulu (rata-rata pasar tradisional), bukan harga Bengkulu Tengah"
2025-08-19,PHP17,TLR01,28600,kg,BD-PIHPS,,,,,"PIHPS Provinsi Bengkulu (rata-rata pasar tradisional), bukan harga Bengkulu Tengah"
2025-08-20,PHP17,BRS01,14300,kg,BD-PIHPS,,,,,"PIHPS Provinsi Bengkulu (rata-rata pasar tradisional), bukan harga Bengkulu Tengah"
2025-08-20,PHP17,BRS02,15500,kg,BD-PIHPS,,,,,"PIHPS Provinsi Bengkulu (rata-rata pasar tradisional), bukan harga Bengkulu Tengah"
2025-08-20,PHP17,BRS03,15400,kg,BD-PIHPS,,,,,"PIHPS Provinsi Bengkulu (rata-rata pasar tradisional), bukan harga Bengkulu Tengah"
2025-08-20,PHP17,BRS04,16200,kg,BD-PIHPS,,,,,"PIHPS Provinsi Bengkulu (rata-rata pasar tradisional), bukan harga Bengkulu Tengah"
2025-08-20,PHP17,BRS05,15900,kg,BD-PIHPS,,,,,"PIHPS Provinsi Bengkulu (rata-rata pasar tradisional), bukan harga Bengkulu Tengah"
2025-08-20,PHP17,BRS06,16550,kg,BD-PIHPS,,,,,"PIHPS Provinsi Bengkulu (rata-rata pasar tradisional), bukan harga Bengkulu Tengah"
2025-08-20,PHP17,BWM01,53500,kg,BD-PIHPS,,,,,"PIHPS Provinsi Bengkulu (rata-rata pasar tradisional), bukan harga Bengkulu Tengah"
2025-08-20,PHP17,BWP01,37500,kg,BD-PIHPS,,,,,"PIHPS Provinsi Bengkulu (rata-rata pasar tradisional), bukan harga Bengkulu Tengah"
2025-08-20,PHP17,CMR01,38400,kg,BD-PIHPS,,,,,"PIHPS Provinsi Bengkulu (rata-rata pasar tradisional), bukan harga Bengkulu Tengah"
2025-08-20,PHP17,CMR02,41750,kg,BD-PIHPS,,,,,"PIHPS Provinsi Bengkulu (rata-rata pasar tradisional), bukan harga Bengkulu Tengah"
2025-08-20,PHP17,CRW01,40250,kg,BD-PIHPS,,,,,"PIHPS Provinsi Bengkulu (rata-rata pasar tradisional), bukan harga Bengkulu Tengah"
2025-08-20,PHP17,CRW02,27050,kg,BD-PIHPS,,,,,"PIHPS Provinsi Bengkulu (rata-rata pasar tradisional), bukan harga Bengkulu Tengah"
2025-08-20,PHP17,DAY01,33150,kg,BD-PIHPS,,,,,"PIHPS Provinsi Bengkulu (rata-rata pasar tradisional), bukan harga Bengkulu Tengah"
2025-08-20,PHP17,DSP01,135000,kg,BD-PIHPS,,,,,"PIHPS Provinsi Bengkulu (rata-rata pasar tradisional), bukan harga Bengkulu Tengah"
2025-08-20,PHP17,DSP02,134400,kg,BD-PIHPS,,,,,"PIHPS Provinsi Bengkulu (rata-rata pasar tradisional), bukan harga Bengkulu Tengah"
2025-08-20,PHP17,GLP01,17400,kg,BD-PIHPS,,,,,"PIHPS Provinsi Bengkulu (rata-rata pasar tradisional), bukan harga Bengkulu Tengah"
2025-08-20,PHP17,GLP02,18750,kg,BD-PIHPS,,,,,"PIHPS Provinsi Bengkulu (rata-rata pasar tradisional), bukan harga Bengkulu Tengah"
2025-08-20,PHP17,MGR01,17500,liter,BD-PIHPS,,,,,"PIHPS Provinsi Bengkulu (rata-rata pasar tradisional), bukan harga Bengkulu Tengah"
2025-08-20,PHP17,MGR02,21400,liter,BD-PIHPS,,,,,"PIHPS Provinsi Bengkulu (rata-rata pasar tradisional), bukan harga Bengkulu Tengah"
2025-08-20,PHP17,MGR03,20300,liter,BD-PIHPS,,,,,"PIHPS Provinsi Bengkulu (rata-rata pasar tradisional), bukan harga Bengkulu Tengah"
2025-08-20,PHP17,TLR01,28600,kg,BD-PIHPS,,,,,"PIHPS Provinsi Bengkulu (rata-rata pasar tradisional), bukan harga Bengkulu Tengah"
2025-08-21,PHP17,BRS01,14300,kg,BD-PIHPS,,,,,"PIHPS Provinsi Bengkulu (rata-rata pasar tradisional), bukan harga Bengkulu Tengah"
2025-08-21,PHP17,BRS02,15500,kg,BD-PIHPS,,,,,"PIHPS Provinsi Bengkulu (rata-rata pasar tradisional), bukan harga Bengkulu Tengah"
2025-08-21,PHP17,BRS03,15400,kg,BD-PIHPS,,,,,"PIHPS Provinsi Bengkulu (rata-rata pasar tradisional), bukan harga Bengkulu Tengah"
2025-08-21,PHP17,BRS04,16200,kg,BD-PIHPS,,,,,"PIHPS Provinsi Bengkulu (rata-rata pasar tradisional), bukan harga Bengkulu Tengah"
2025-08-21,PHP17,BRS05,15900,kg,BD-PIHPS,,,,,"PIHPS Provinsi Bengkulu (rata-rata pasar tradisional), bukan harga Bengkulu Tengah"
2025-08-21,PHP17,BRS06,16550,kg,BD-PIHPS,,,,,"PIHPS Provinsi Bengkulu (rata-rata pasar tradisional), bukan harga Bengkulu Tengah"
2025-08-21,PHP17,BWM01,51150,kg,BD-PIHPS,,,,,"PIHPS Provinsi Bengkulu (rata-rata pasar tradisional), bukan harga Bengkulu Tengah"
2025-08-21,PHP17,BWP01,37750,kg,BD-PIHPS,,,,,"PIHPS Provinsi Bengkulu (rata-rata pasar tradisional), bukan harga Bengkulu Tengah"
2025-08-21,PHP17,CMR01,36750,kg,BD-PIHPS,,,,,"PIHPS Provinsi Bengkulu (rata-rata pasar tradisional), bukan harga Bengkulu Tengah"
2025-08-21,PHP17,CMR02,39400,kg,BD-PIHPS,,,,,"PIHPS Provinsi Bengkulu (rata-rata pasar tradisional), bukan harga Bengkulu Tengah"
2025-08-21,PHP17,CRW01,39250,kg,BD-PIHPS,,,,,"PIHPS Provinsi Bengkulu (rata-rata pasar tradisional), bukan harga Bengkulu Tengah"
2025-08-21,PHP17,CRW02,25000,kg,BD-PIHPS,,,,,"PIHPS Provinsi Bengkulu (rata-rata pasar tradisional), bukan harga Bengkulu Tengah"
2025-08-21,PHP17,DAY01,33150,kg,BD-PIHPS,,,,,"PIHPS Provinsi Bengkulu (rata-rata pasar tradisional), bukan harga Bengkulu Tengah"
2025-08-21,PHP17,DSP01,135000,kg,BD-PIHPS,,,,,"PIHPS Provinsi Bengkulu (rata-rata pasar tradisional), bukan harga Bengkulu Tengah"
2025-08-21,PHP17,DSP02,134400,kg,BD-PIHPS,,,,,"PIHPS Provinsi Bengkulu (rata-rata pasar tradisional), bukan harga Bengkulu Tengah"
2025-08-21,PHP17,GLP01,17400,kg,BD-PIHPS,,,,,"PIHPS Provinsi Bengkulu (rata-rata pasar tradisional), bukan harga Bengkulu Tengah"
2025-08-21,PHP17,GLP02,18750,kg,BD-PIHPS,,,,,"PIHPS Provinsi Bengkulu (rata-rata pasar tradisional), bukan harga Bengkulu Tengah"
2025-08-21,PHP17,MGR01,17500,liter,BD-PIHPS,,,,,"PIHPS Provinsi Bengkulu (rata-rata pasar tradisional), bukan harga Bengkulu Tengah"
2025-08-21,PHP17,MGR02,21400,liter,BD-PIHPS,,,,,"PIHPS Provinsi Bengkulu (rata-rata pasar tradisional), bukan harga Bengkulu Tengah"
2025-08-21,PHP17,MGR03,20300,liter,BD-PIHPS,,,,,"PIHPS Provinsi Bengkulu (rata-rata pasar tradisional), bukan harga Bengkulu Tengah"
2025-08-21,PHP17,TLR01,28600,kg,BD-PIHPS,,,,,"PIHPS Provinsi Bengkulu (rata-rata pasar tradisional), bukan harga Bengkulu Tengah"
2025-08-22,PHP17,BRS01,14300,kg,BD-PIHPS,,,,,"PIHPS Provinsi Bengkulu (rata-rata pasar tradisional), bukan harga Bengkulu Tengah"
2025-08-22,PHP17,BRS02,15500,kg,BD-PIHPS,,,,,"PIHPS Provinsi Bengkulu (rata-rata pasar tradisional), bukan harga Bengkulu Tengah"
2025-08-22,PHP17,BRS03,15400,kg,BD-PIHPS,,,,,"PIHPS Provinsi Bengkulu (rata-rata pasar tradisional), bukan harga Bengkulu Tengah"
2025-08-22,PHP17,BRS04,16200,kg,BD-PIHPS,,,,,"PIHPS Provinsi Bengkulu (rata-rata pasar tradisional), bukan harga Bengkulu Tengah"
2025-08-22,PHP17,BRS05,15900,kg,BD-PIHPS,,,,,"PIHPS Provinsi Bengkulu (rata-rata pasar tradisional), bukan harga Bengkulu Tengah"
2025-08-22,PHP17,BRS06,16550,kg,BD-PIHPS,,,,,"PIHPS Provinsi Bengkulu (rata-rata pasar tradisional), bukan harga Bengkulu Tengah"
2025-08-22,PHP17,BWM01,49000,kg,BD-PIHPS,,,,,"PIHPS Provinsi Bengkulu (rata-rata pasar tradisional), bukan harga Bengkulu Tengah"
2025-08-22,PHP17,BWP01,37750,kg,BD-PIHPS,,,,,"PIHPS Provinsi Bengkulu (rata-rata pasar tradisional), bukan harga Bengkulu Tengah"
2025-08-22,PHP17,CMR01,33900,kg,BD-PIHPS,,,,,"PIHPS Provinsi Bengkulu (rata-rata pasar tradisional), bukan harga Bengkulu Tengah"
2025-08-22,PHP17,CMR02,37900,kg,BD-PIHPS,,,,,"PIHPS Provinsi Bengkulu (rata-rata pasar tradisional), bukan harga Bengkulu Tengah"
2025-08-22,PHP17,CRW01,37400,kg,BD-PIHPS,,,,,"PIHPS Provinsi Bengkulu (rata-rata pasar tradisional), bukan harga Bengkulu Tengah"
2025-08-22,PHP17,CRW02,23800,kg,BD-PIHPS,,,,,"PIHPS Provinsi Bengkulu (rata-rata pasar tradisional), bukan harga Bengkulu Tengah"
2025-08-22,PHP17,DAY01,33150,kg,BD-PIHPS,,,,,"PIHPS Provinsi Bengkulu (rata-rata pasar tradisional), bukan harga Bengkulu Tengah"
2025-08-22,PHP17,DSP01,135000,kg,BD-PIHPS,,,,,"PIHPS Provinsi Bengkulu (rata-rata pasar tradisional), bukan harga Bengkulu Tengah"
2025-08-22,PHP17,DSP02,134400,kg,BD-PIHPS,,,,,"PIHPS Provinsi Bengkulu (rata-rata pasar tradisional), bukan harga Bengkulu Tengah"
2025-08-22,PHP17,GLP01,17400,kg,BD-PIHPS,,,,,"PIHPS Provinsi Bengkulu (rata-rata pasar tradisional), bukan harga Bengkulu Tengah"
2025-08-22,PHP17,GLP02,18750,kg,BD-PIHPS,,,,,"PIHPS Provinsi Bengkulu (rata-rata pasar tradisional), bukan harga Bengkulu Tengah"
2025-08-22,PHP17,MGR01,17500,liter,BD-PIHPS,,,,,"PIHPS Provinsi Bengkulu (rata-rata pasar tradisional), bukan harga Bengkulu Tengah"
2025-08-22,PHP17,MGR02,21400,liter,BD-PIHPS,,,,,"PIHPS Provinsi Bengkulu (rata-rata pasar tradisional), bukan harga Bengkulu Tengah"
2025-08-22,PHP17,MGR03,20300,liter,BD-PIHPS,,,,,"PIHPS Provinsi Bengkulu (rata-rata pasar tradisional), bukan harga Bengkulu Tengah"
2025-08-22,PHP17,TLR01,28600,kg,BD-PIHPS,,,,,"PIHPS Provinsi Bengkulu (rata-rata pasar tradisional), bukan harga Bengkulu Tengah"
2025-08-25,PHP17,BRS01,14300,kg,BD-PIHPS,,,,,"PIHPS Provinsi Bengkulu (rata-rata pasar tradisional), bukan harga Bengkulu Tengah"
2025-08-25,PHP17,BRS02,15500,kg,BD-PIHPS,,,,,"PIHPS Provinsi Bengkulu (rata-rata pasar tradisional), bukan harga Bengkulu Tengah"
2025-08-25,PHP17,BRS03,15400,kg,BD-PIHPS,,,,,"PIHPS Provinsi Bengkulu (rata-rata pasar tradisional), bukan harga Bengkulu Tengah"
2025-08-25,PHP17,BRS04,16200,kg,BD-PIHPS,,,,,"PIHPS Provinsi Bengkulu (rata-rata pasar tradisional), bukan harga Bengkulu Tengah"
2025-08-25,PHP17,BRS05,15900,kg,BD-PIHPS,,,,,"PIHPS Provinsi Bengkulu (rata-rata pasar tradisional), bukan harga Bengkulu Tengah"
2025-08-25,PHP17,BRS06,16550,kg,BD-PIHPS,,,,,"PIHPS Provinsi Bengkulu (rata-rata pasar tradisional), bukan harga Bengkulu Tengah"
2025-08-25,PHP17,BWM01,45250,kg,BD-PIHPS,,,,,"PIHPS Provinsi Bengkulu (rata-rata pasar tradisional), bukan harga Bengkulu Tengah"
2025-08-25,PHP17,BWP01,37400,kg,BD-PIHPS,,,,,"PIHPS Provinsi Bengkulu (rata-rata pasar tradisional), bukan harga Bengkulu Tengah"
2025-08-25,PHP17,CMR01,33400,kg,BD-PIHPS,,,,,"PIHPS Provinsi Bengkulu (rata-rata pasar tradisional), bukan harga Bengkulu Tengah"
2025-08-25,PHP17,CMR02,37900,kg,BD-PIHPS,,,,,"PIHPS Provinsi Bengkulu (rata-rata pasar tradisional), bukan harga Bengkulu Tengah"
2025-08-25,PHP17,CRW01,39250,kg,BD-PIHPS,,,,,"PIHPS Provinsi Bengkulu (rata-rata pasar tradisional), bukan harga Bengkulu Tengah"
2025-08-25,PHP17,CRW02,25300,kg,BD-PIHPS,,,,,"PIHPS Provinsi Bengkulu (rata-rata pasar tradisional), bukan harga Bengkulu Tengah"
2025-08-25,PHP17,DAY01,33900,kg,BD-PIHPS,,,,,"PIHPS Provinsi Bengkulu (rata-rata pasar tradisional), bukan harga Bengkulu Tengah"
2025-08-25,PHP17,DSP01,135000,kg,BD-PIHPS,,,,,"PIHPS Provinsi Bengkulu (rata-rata pasar tradisional), bukan harga Bengkulu Tengah"
2025-08-25,PHP17,DSP02,134400,kg,BD-PIHPS,,,,,"PIHPS Provinsi Bengkulu (rata-rata pasar tradisional), bukan harga Bengkulu Tengah"
2025-08-25,PHP17,GLP01,17400,kg,BD-PIHPS,,,,,"PIHPS Provinsi Bengkulu (rata-rata pasar tradisional), bukan harga Bengkulu Tengah"
2025-08-25,PHP17,GLP02,18750,kg,BD-PIHPS,,,,,"PIHPS Provinsi Bengkulu (rata-rata pasar tradisional), bukan harga Bengkulu Tengah"
2025-08-25,PHP17,MGR01,17500,liter,BD-PIHPS,,,,,"PIHPS Provinsi Bengkulu (rata-rata pasar tradisional), bukan harga Bengkulu Tengah"
2025-08-25,PHP17,MGR02,21400,liter,BD-PIHPS,,,,,"PIHPS Provinsi Bengkulu (rata-rata pasar tradisional), bukan harga Bengkulu Tengah"
2025-08-25,PHP17,MGR03,20300,liter,BD-PIHPS,,,,,"PIHPS Provinsi Bengkulu (rata-rata pasar tradisional), bukan harga Bengkulu Tengah"
2025-08-25,PHP17,TLR01,28600,kg,BD-PIHPS,,,,,"PIHPS Provinsi Bengkulu (rata-rata pasar tradisional), bukan harga Bengkulu Tengah"
2025-08-26,PHP17,BRS01,14300,kg,BD-PIHPS,,,,,"PIHPS Provinsi Bengkulu (rata-rata pasar tradisional), bukan harga Bengkulu Tengah"
2025-08-26,PHP17,BRS02,15500,kg,BD-PIHPS,,,,,"PIHPS Provinsi Bengkulu (rata-rata pasar tradisional), bukan harga Bengkulu Tengah"
2025-08-26,PHP17,BRS03,15400,kg,BD-PIHPS,,,,,"PIHPS Provinsi Bengkulu (rata-rata pasar tradisional), bukan harga Bengkulu Tengah"
2025-08-26,PHP17,BRS04,16200,kg,BD-PIHPS,,,,,"PIHPS Provinsi Bengkulu (rata-rata pasar tradisional), bukan harga Bengkulu Tengah"
2025-08-26,PHP17,BRS05,15900,kg,BD-PIHPS,,,,,"PIHPS Provinsi Bengkulu (rata-rata pasar tradisional), bukan harga Bengkulu Tengah"
2025-08-26,PHP17,BRS06,16550,kg,BD-PIHPS,,,,,"PIHPS Provinsi Bengkulu (rata-rata pasar tradisional), bukan harga Bengkulu Tengah"
2025-08-26,PHP17,BWM01,43750,kg,BD-PIHPS,,,,,"PIHPS Provinsi Bengkulu (rata-rata pasar tradisional), bukan harga Bengkulu Tengah"
2025-08-26,PHP17,BWP01,37150,kg,BD-PIHPS,,,,,"PIHPS Provinsi Bengkulu (rata-rata pasar tradisional), bukan harga Bengkulu Tengah"
2025-08-26,PHP17,CMR01,32650,kg,BD-PIHPS,,,,,"PIHPS Provinsi Bengkulu (rata-rata pasar tradisional), bukan harga Bengkulu Tengah"
2025-08-26,PHP17,CMR02,38250,kg,BD-PIHPS,,,,,"PIHPS Provinsi Bengkulu (rata-rata pasar tradisional), bukan harga Bengkulu Tengah"
2025-08-26,PHP17,CRW01,40650,kg,BD-PIHPS,,,,,"PIHPS Provinsi Bengkulu (rata-rata pasar tradisional), bukan harga Bengkulu Tengah"
2025-08-26,PHP17,CRW02,26950,kg,BD-PIHPS,,,,,"PIHPS Provinsi Bengkulu (rata-rata pasar tradisional), bukan harga Bengkulu Tengah"
2025-08-26,PHP17,DAY01,33900,kg,BD-PIHPS,,,,,"PIHPS Provinsi Bengkulu (rata-rata pasar tradisional), bukan harga Bengkulu Tengah"
2025-08-26,PHP17,DSP01,135000,kg,BD-PIHPS,,,,,"PIHPS Provinsi Bengkulu (rata-rata pasar tradisional), bukan harga Bengkulu Tengah"
2025-08-26,PHP17,DSP02,134400,kg,BD-PIHPS,,,,,"PIHPS Provinsi Bengkulu (rata-rata pasar tradisional), bukan harga Bengkulu Tengah"
2025-08-26,PHP17,GLP01,17400,kg,BD-PIHPS,,,,,"PIHPS Provinsi Bengkulu (rata-rata pasar tradisional), bukan harga Bengkulu Tengah"
2025-08-26,PHP17,GLP02,18750,kg,BD-PIHPS,,,,,"PIHPS Provinsi Bengkulu (rata-rata pasar tradisional), bukan harga Bengkulu Tengah"
2025-08-26,PHP17,MGR01,17500,liter,BD-PIHPS,,,,,"PIHPS Provinsi Bengkulu (rata-rata pasar tradisional), bukan harga Bengkulu Tengah"
2025-08-26,PHP17,MGR02,21400,liter,BD-PIHPS,,,,,"PIHPS Provinsi Bengkulu (rata-rata pasar tradisional), bukan harga Bengkulu Tengah"
2025-08-26,PHP17,MGR03,20300,liter,BD-PIHPS,,,,,"PIHPS Provinsi Bengkulu (rata-rata pasar tradisional), bukan harga Bengkulu Tengah"
2025-08-26,PHP17,TLR01,28600,kg,BD-PIHPS,,,,,"PIHPS Provinsi Bengkulu (rata-rata pasar tradisional), bukan harga Bengkulu Tengah"
2025-08-27,PHP17,BRS01,14300,kg,BD-PIHPS,,,,,"PIHPS Provinsi Bengkulu (rata-rata pasar tradisional), bukan harga Bengkulu Tengah"
2025-08-27,PHP17,BRS02,15500,kg,BD-PIHPS,,,,,"PIHPS Provinsi Bengkulu (rata-rata pasar tradisional), bukan harga Bengkulu Tengah"
2025-08-27,PHP17,BRS03,15400,kg,BD-PIHPS,,,,,"PIHPS Provinsi Bengkulu (rata-rata pasar tradisional), bukan harga Bengkulu Tengah"
2025-08-27,PHP17,BRS04,16200,kg,BD-PIHPS,,,,,"PIHPS Provinsi Bengkulu (rata-rata pasar tradisional), bukan harga Bengkulu Tengah"
2025-08-27,PHP17,BRS05,15900,kg,BD-PIHPS,,,,,"PIHPS Provinsi Bengkulu (rata-rata pasar tradisional), bukan harga Bengkulu Tengah"
2025-08-27,PHP17,BRS06,16550,kg,BD-PIHPS,,,,,"PIHPS Provinsi Bengkulu (rata-rata pasar tradisional), bukan harga Bengkulu Tengah"
2025-08-27,PHP17,BWM01,45250,kg,BD-PIHPS,,,,,"PIHPS Provinsi Bengkulu (rata-rata pasar tradisional), bukan harga Bengkulu Tengah"
2025-08-27,PHP17,BWP01,38400,kg,BD-PIHPS,,,,,"PIHPS Provinsi Bengkulu (rata-rata pasar tradisional), bukan harga Bengkulu Tengah"
2025-08-27,PHP17,CMR01,34000,kg,BD-PIHPS,,,,,"PIHPS Provinsi Bengkulu (rata-rata pasar tradisional), bukan harga Bengkulu Tengah"
2025-08-27,PHP17,CMR02,40150,kg,BD-PIHPS,,,,,"PIHPS Provinsi Bengkulu (rata-rata pasar tradisional), bukan harga Bengkulu Tengah"
2025-08-27,PHP17,CRW01,41250,kg,BD-PIHPS,,,,,"PIHPS Provinsi Bengkulu (rata-rata pasar tradisional), bukan harga Bengkulu Tengah"
2025-08-27,PHP17,CRW02,27600,kg,BD-PIHPS,,,,,"PIHPS Provinsi Bengkulu (rata-rata pasar tradisional), bukan harga Bengkulu Tengah"
2025-08-27,PHP17,DAY01,33900,kg,BD-PIHPS,,,,,"PIHPS Provinsi Bengkulu (rata-rata pasar tradisional), bukan harga Bengkulu Tengah"
2025-08-27,PHP17,DSP01,135000,kg,BD-PIHPS,,,,,"PIHPS Provinsi Bengkulu (rata-rata pasar tradisional), bukan harga Bengkulu Tengah"
2025-08-27,PHP17,DSP02,134400,kg,BD-PIHPS,,,,,"PIHPS Provinsi Bengkulu (rata-rata pasar tradisional), bukan harga Bengkulu Tengah"
2025-08-27,PHP17,GLP01,17400,kg,BD-PIHPS,,,,,"PIHPS Provinsi Bengkulu (rata-rata pasar tradisional), bukan harga Bengkulu Tengah"
2025-08-27,PHP17,GLP02,18750,kg,BD-PIHPS,,,,,"PIHPS Provinsi Bengkulu (rata-rata pasar tradisional), bukan harga Bengkulu Tengah"
2025-08-27,PHP17,MGR01,17500,liter,BD-PIHPS,,,,,"PIHPS Provinsi Bengkulu (rata-rata pasar tradisional), bukan harga Bengkulu Tengah"
2025-08-27,PHP17,MGR02,21400,liter,BD-PIHPS,,,,,"PIHPS Provinsi Bengkulu (rata-rata pasar tradisional), bukan harga Bengkulu Tengah"
2025-08-27,PHP17,MGR03,20300,liter,BD-PIHPS,,,,,"PIHPS Provinsi Bengkulu (rata-rata pasar tradisional), bukan harga Bengkulu Tengah"
2025-08-27,PHP17,TLR01,28900,kg,BD-PIHPS,,,,,"PIHPS Provinsi Bengkulu (rata-rata pasar tradisional), bukan harga Bengkulu Tengah"
2025-08-28,PHP17,BRS01,14300,kg,BD-PIHPS,,,,,"PIHPS Provinsi Bengkulu (rata-rata pasar tradisional), bukan harga Bengkulu Tengah"
2025-08-28,PHP17,BRS02,15500,kg,BD-PIHPS,,,,,"PIHPS Provinsi Bengkulu (rata-rata pasar tradisional), bukan harga Bengkulu Tengah"
2025-08-28,PHP17,BRS03,15400,kg,BD-PIHPS,,,,,"PIHPS Provinsi Bengkulu (rata-rata pasar tradisional), bukan harga Bengkulu Tengah"
2025-08-28,PHP17,BRS04,16200,kg,BD-PIHPS,,,,,"PIHPS Provinsi Bengkulu (rata-rata pasar tradisional), bukan harga Bengkulu Tengah"
2025-08-28,PHP17,BRS05,15900,kg,BD-PIHPS,,,,,"PIHPS Provinsi Bengkulu (rata-rata pasar tradisional), bukan harga Bengkulu Tengah"
2025-08-28,PHP17,BRS06,16550,kg,BD-PIHPS,,,,,"PIHPS Provinsi Bengkulu (rata-rata pasar tradisional), bukan harga Bengkulu Tengah"
2025-08-28,PHP17,BWM01,46000,kg,BD-PIHPS,,,,,"PIHPS Provinsi Bengkulu (rata-rata pasar tradisional), bukan harga Bengkulu Tengah"
2025-08-28,PHP17,BWP01,38650,kg,BD-PIHPS,,,,,"PIHPS Provinsi Bengkulu (rata-rata pasar tradisional), bukan harga Bengkulu Tengah"
2025-08-28,PHP17,CMR01,35250,kg,BD-PIHPS,,,,,"PIHPS Provinsi Bengkulu (rata-rata pasar tradisional), bukan harga Bengkulu Tengah"
2025-08-28,PHP17,CMR02,40400,kg,BD-PIHPS,,,,,"PIHPS Provinsi Bengkulu (rata-rata pasar tradisional), bukan harga Bengkulu Tengah"
2025-08-28,PHP17,CRW01,41900,kg,BD-PIHPS,,,,,"PIHPS Provinsi Bengkulu (rata-rata pasar tradisional), bukan harga Bengkulu Tengah"
2025-08-28,PHP17,CRW02,28750,kg,BD-PIHPS,,,,,"PIHPS Provinsi Bengkulu (rata-rata pasar tradisional), bukan harga Bengkulu Tengah"
2025-08-28,PHP17,DAY01,33900,kg,BD-PIHPS,,,,,"PIHPS Provinsi Bengkulu (rata-rata pasar tradisional), bukan harga Bengkulu Tengah"
2025-08-28,PHP17,DSP01,135000,kg,BD-PIHPS,,,,,"PIHPS Provinsi Bengkulu (rata-rata pasar tradisional), bukan harga Bengkulu Tengah"
2025-08-28,PHP17,DSP02,134400,kg,BD-PIHPS,,,,,"PIHPS Provinsi Bengkulu (rata-rata pasar tradisional), bukan harga Bengkulu Tengah"
2025-08-28,PHP17,GLP01,17400,kg,BD-PIHPS,,,,,"PIHPS Provinsi Bengkulu (rata-rata pasar tradisional), bukan harga Bengkulu Tengah"
2025-08-28,PHP17,GLP02,18750,kg,BD-PIHPS,,,,,"PIHPS Provinsi Bengkulu (rata-rata pasar tradisional), bukan harga Bengkulu Tengah"
2025-08-28,PHP17,MGR01,17500,liter,BD-PIHPS,,,,,"PIHPS Provinsi Bengkulu (rata-rata pasar tradisional), bukan harga Bengkulu Tengah"
2025-08-28,PHP17,MGR02,21400,liter,BD-PIHPS,,,,,"PIHPS Provinsi Bengkulu (rata-rata pasar tradisional), bukan harga Bengkulu Tengah"
2025-08-28,PHP17,MGR03,20300,liter,BD-PIHPS,,,,,"PIHPS Provinsi Bengkulu (rata-rata pasar tradisional), bukan harga Bengkulu Tengah"
2025-08-28,PHP17,TLR01,28900,kg,BD-PIHPS,,,,,"PIHPS Provinsi Bengkulu (rata-rata pasar tradisional), bukan harga Bengkulu Tengah"
2025-08-29,PHP17,BRS01,14300,kg,BD-PIHPS,,,,,"PIHPS Provinsi Bengkulu (rata-rata pasar tradisional), bukan harga Bengkulu Tengah"
2025-08-29,PHP17,BRS02,15500,kg,BD-PIHPS,,,,,"PIHPS Provinsi Bengkulu (rata-rata pasar tradisional), bukan harga Bengkulu Tengah"
2025-08-29,PHP17,BRS03,15400,kg,BD-PIHPS,,,,,"PIHPS Provinsi Bengkulu (rata-rata pasar tradisional), bukan harga Bengkulu Tengah"
2025-08-29,PHP17,BRS04,16200,kg,BD-PIHPS,,,,,"PIHPS Provinsi Bengkulu (rata-rata pasar tradisional), bukan harga Bengkulu Tengah"
2025-08-29,PHP17,BRS05,15900,kg,BD-PIHPS,,,,,"PIHPS Provinsi Bengkulu (rata-rata pasar tradisional), bukan harga Bengkulu Tengah"
2025-08-29,PHP17,BRS06,16550,kg,BD-PIHPS,,,,,"PIHPS Provinsi Bengkulu (rata-rata pasar tradisional), bukan harga Bengkulu Tengah"
2025-08-29,PHP17,BWM01,45750,kg,BD-PIHPS,,,,,"PIHPS Provinsi Bengkulu (rata-rata pasar tradisional), bukan harga Bengkulu Tengah"
2025-08-29,PHP17,BWP01,38750,kg,BD-PIHPS,,,,,"PIHPS Provinsi Bengkulu (rata-rata pasar tradisional), bukan harga Bengkulu Tengah"
2025-08-29,PHP17,CMR01,34500,kg,BD-PIHPS,,,,,"PIHPS Provinsi Bengkulu (rata-rata pasar tradisional), bukan harga Bengkulu Tengah"
2025-08-29,PHP17,CMR02,38000,kg,BD-PIHPS,,,,,"PIHPS Provinsi Bengkulu (rata-rata pasar tradisional), bukan harga Bengkulu Tengah"
2025-08-29,PHP17,CRW01,42250,kg,BD-PIHPS,,,,,"PIHPS Provinsi Bengkulu (rata-rata pasar tradisional), bukan harga Bengkulu Tengah"
2025-08-29,PHP17,CRW02,28050,kg,BD-PIHPS,,,,,"PIHPS Provinsi Bengkulu (rata-rata pasar tradisional), bukan harga Bengkulu Tengah"
2025-08-29,PHP17,DAY01,34250,kg,BD-PIHPS,,,,,"PIHPS Provinsi Bengkulu (rata-rata pasar tradisional), bukan harga Bengkulu Tengah"
2025-08-29,PHP17,DSP01,135000,kg,BD-PIHPS,,,,,"PIHPS Provinsi Bengkulu (rata-rata pasar tradisional), bukan harga Bengkulu Tengah"
2025-08-29,PHP17,DSP02,134400,kg,BD-PIHPS,,,,,"PIHPS Provinsi Bengkulu (rata-rata pasar tradisional), bukan harga Bengkulu Tengah"
2025-08-29,PHP17,GLP01,17400,kg,BD-PIHPS,,,,,"PIHPS Provinsi Bengkulu (rata-rata pasar tradisional), bukan harga Bengkulu Tengah"
2025-08-29,PHP17,GLP02,18900,kg,BD-PIHPS,,,,,"PIHPS Provinsi Bengkulu (rata-rata pasar tradisional), bukan harga Bengkulu Tengah"
2025-08-29,PHP17,MGR01,15550,liter,BD-PIHPS,,,,,"PIHPS Provinsi Bengkulu (rata-rata pasar tradisional), bukan harga Bengkulu Tengah"
2025-08-29,PHP17,MGR02,21400,liter,BD-PIHPS,,,,,"PIHPS Provinsi Bengkulu (rata-rata pasar tradisional), bukan harga Bengkulu Tengah"
2025-08-29,PHP17,MGR03,20300,liter,BD-PIHPS,,,,,"PIHPS Provinsi Bengkulu (rata-rata pasar tradisional), bukan harga Bengkulu Tengah"
2025-08-29,PHP17,TLR01,28900,kg,BD-PIHPS,,,,,"PIHPS Provinsi Bengkulu (rata-rata pasar tradisional), bukan harga Bengkulu Tengah"
2025-09-01,PHP17,BRS01,14300,kg,BD-PIHPS,,,,,"PIHPS Provinsi Bengkulu (rata-rata pasar tradisional), bukan harga Bengkulu Tengah"
2025-09-01,PHP17,BRS02,15500,kg,BD-PIHPS,,,,,"PIHPS Provinsi Bengkulu (rata-rata pasar tradisional), bukan harga Bengkulu Tengah"
2025-09-01,PHP17,BRS03,15400,kg,BD-PIHPS,,,,,"PIHPS Provinsi Bengkulu (rata-rata pasar tradisional), bukan harga Bengkulu Tengah"
2025-09-01,PHP17,BRS04,16200,kg,BD-PIHPS,,,,,"PIHPS Provinsi Bengkulu (rata-rata pasar tradisional), bukan harga Bengkulu Tengah"
2025-09-01,PHP17,BRS05,15900,kg,BD-PIHPS,,,,,"PIHPS Provinsi Bengkulu (rata-rata pasar tradisional), bukan harga Bengkulu Tengah"
2025-09-01,PHP17,BRS06,16550,kg,BD-PIHPS,,,,,"PIHPS Provinsi Bengkulu (rata-rata pasar tradisional), bukan harga Bengkulu Tengah"
2025-09-01,PHP17,BWM01,44400,kg,BD-PIHPS,,,,,"PIHPS Provinsi Bengkulu (rata-rata pasar tradisional), bukan harga Bengkulu Tengah"
2025-09-01,PHP17,BWP01,38400,kg,BD-PIHPS,,,,,"PIHPS Provinsi Bengkulu (rata-rata pasar tradisional), bukan harga Bengkulu Tengah"
2025-09-01,PHP17,CMR01,41000,kg,BD-PIHPS,,,,,"PIHPS Provinsi Bengkulu (rata-rata pasar tradisional), bukan harga Bengkulu Tengah"
2025-09-01,PHP17,CMR02,46650,kg,BD-PIHPS,,,,,"PIHPS Provinsi Bengkulu (rata-rata pasar tradisional), bukan harga Bengkulu Tengah"
2025-09-01,PHP17,CRW01,43500,kg,BD-PIHPS,,,,,"PIHPS Provinsi Bengkulu (rata-rata pasar tradisional), bukan harga Bengkulu Tengah"
2025-09-01,PHP17,CRW02,27100,kg,BD-PIHPS,,,,,"PIHPS Provinsi Bengkulu (rata-rata pasar tradisional), bukan harga Bengkulu Tengah"
2025-09-01,PHP17,DAY01,34750,kg,BD-PIHPS,,,,,"PIHPS Provinsi Bengkulu (rata-rata pasar tradisional), bukan harga Bengkulu Tengah"
2025-09-01,PHP17,DSP01,135000,kg,BD-PIHPS,,,,,"PIHPS Provinsi Bengkulu (rata-rata pasar tradisional), bukan harga Bengkulu Tengah"
2025-09-01,PHP17,DSP02,134400,kg,BD-PIHPS,,,,,"PIHPS Provinsi Bengkulu (rata-rata pasar tradisional), bukan harga Bengkulu Tengah"
2025-09-01,PHP17,GLP01,17400,kg,BD-PIHPS,,,,,"PIHPS Provinsi Bengkulu (rata-rata pasar tradisional), bukan harga Bengkulu Tengah"
2025-09-01,PHP17,GLP02,18900,kg,BD-PIHPS,,,,,"PIHPS Provinsi Bengkulu (rata-rata pasar tradisional), bukan harga Bengkulu Tengah"
2025-09-01,PHP17,MGR01,17450,liter,BD-PIHPS,,,,,"PIHPS Provinsi Bengkulu (rata-rata pasar tradisional), bukan harga Bengkulu Tengah"
2025-09-01,PHP17,MGR02,21400,liter,BD-PIHPS,,,,,"PIHPS Provinsi Bengkulu (rata-rata pasar tradisional), bukan harga Bengkulu Tengah"
2025-09-01,PHP17,MGR03,20300,liter,BD-PIHPS,,,,,"PIHPS Provinsi Bengkulu (rata-rata pasar tradisional), bukan harga Bengkulu Tengah"
2025-09-01,PHP17,TLR01,28900,kg,BD-PIHPS,,,,,"PIHPS Provinsi Bengkulu (rata-rata pasar tradisional), bukan harga Bengkulu Tengah"
2025-09-02,PHP17,BRS01,14300,kg,BD-PIHPS,,,,,"PIHPS Provinsi Bengkulu (rata-rata pasar tradisional), bukan harga Bengkulu Tengah"
2025-09-02,PHP17,BRS02,15500,kg,BD-PIHPS,,,,,"PIHPS Provinsi Bengkulu (rata-rata pasar tradisional), bukan harga Bengkulu Tengah"
2025-09-02,PHP17,BRS03,15400,kg,BD-PIHPS,,,,,"PIHPS Provinsi Bengkulu (rata-rata pasar tradisional), bukan harga Bengkulu Tengah"
2025-09-02,PHP17,BRS04,16200,kg,BD-PIHPS,,,,,"PIHPS Provinsi Bengkulu (rata-rata pasar tradisional), bukan harga Bengkulu Tengah"
2025-09-02,PHP17,BRS05,15900,kg,BD-PIHPS,,,,,"PIHPS Provinsi Bengkulu (rata-rata pasar tradisional), bukan harga Bengkulu Tengah"
2025-09-02,PHP17,BRS06,16550,kg,BD-PIHPS,,,,,"PIHPS Provinsi Bengkulu (rata-rata pasar tradisional), bukan harga Bengkulu Tengah"
2025-09-02,PHP17,BWM01,43250,kg,BD-PIHPS,,,,,"PIHPS Provinsi Bengkulu (rata-rata pasar tradisional), bukan harga Bengkulu Tengah"
2025-09-02,PHP17,BWP01,38500,kg,BD-PIHPS,,,,,"PIHPS Provinsi Bengkulu (rata-rata pasar tradisional), bukan harga Bengkulu Tengah"
2025-09-02,PHP17,CMR01,46400,kg,BD-PIHPS,,,,,"PIHPS Provinsi Bengkulu (rata-rata pasar tradisional), bukan harga Bengkulu Tengah"
2025-09-02,PHP17,CMR02,50900,kg,BD-PIHPS,,,,,"PIHPS Provinsi Bengkulu (rata-rata pasar tradisional), bukan harga Bengkulu Tengah"
2025-09-02,PHP17,CRW01,44500,kg,BD-PIHPS,,,,,"PIHPS Provinsi Bengkulu (rata-rata pasar tradisional), bukan harga Bengkulu Tengah"
2025-09-02,PHP17,CRW02,26700,kg,BD-PIHPS,,,,,"PIHPS Provinsi Bengkulu (rata-rata pasar tradisional), bukan harga Bengkulu Tengah"
2025-09-02,PHP17,DAY01,34750,kg,BD-PIHPS,,,,,"PIHPS Provinsi Bengkulu (rata-rata pasar tradisional), bukan harga Bengkulu Tengah"
2025-09-02,PHP17,DSP01,135000,kg,BD-PIHPS,,,,,"PIHPS Provinsi Bengkulu (rata-rata pasar tradisional), bukan harga Bengkulu Tengah"
2025-09-02,PHP17,DSP02,134400,kg,BD-PIHPS,,,,,"PIHPS Provinsi Bengkulu (rata-rata pasar tradisional), bukan harga Bengkulu Tengah"
2025-09-02,PHP17,GLP01,17400,kg,BD-PIHPS,,,,,"PIHPS Provinsi Bengkulu (rata-rata pasar tradisional), bukan harga Bengkulu Tengah"
2025-09-02,PHP17,GLP02,18900,kg,BD-PIHPS,,,,,"PIHPS Provinsi Bengkulu (rata-rata pasar tradisional), bukan harga Bengkulu Tengah"
2025-09-02,PHP17,MGR01,17450,liter,BD-PIHPS,,,,,"PIHPS Provinsi Bengkulu (rata-rata pasar tradisional), bukan harga Bengkulu Tengah"
2025-09-02,PHP17,MGR02,21400,liter,BD-PIHPS,,,,,"PIHPS Provinsi Bengkulu (rata-rata pasar tradisional), bukan harga Bengkulu Tengah"
2025-09-02,PHP17,MGR03,20300,liter,BD-PIHPS,,,,,"PIHPS Provinsi Bengkulu (rata-rata pasar tradisional), bukan harga Bengkulu Tengah"
2025-09-02,PHP17,TLR01,29100,kg,BD-PIHPS,,,,,"PIHPS Provinsi Bengkulu (rata-rata pasar tradisional), bukan harga Bengkulu Tengah"
2025-09-03,PHP17,BRS01,14300,kg,BD-PIHPS,,,,,"PIHPS Provinsi Bengkulu (rata-rata pasar tradisional), bukan harga Bengkulu Tengah"
2025-09-03,PHP17,BRS02,15500,kg,BD-PIHPS,,,,,"PIHPS Provinsi Bengkulu (rata-rata pasar tradisional), bukan harga Bengkulu Tengah"
2025-09-03,PHP17,BRS03,15400,kg,BD-PIHPS,,,,,"PIHPS Provinsi Bengkulu (rata-rata pasar tradisional), bukan harga Bengkulu Tengah"
2025-09-03,PHP17,BRS04,16200,kg,BD-PIHPS,,,,,"PIHPS Provinsi Bengkulu (rata-rata pasar tradisional), bukan harga Bengkulu Tengah"
2025-09-03,PHP17,BRS05,15900,kg,BD-PIHPS,,,,,"PIHPS Provinsi Bengkulu (rata-rata pasar tradisional), bukan harga Bengkulu Tengah"
2025-09-03,PHP17,BRS06,16550,kg,BD-PIHPS,,,,,"PIHPS Provinsi Bengkulu (rata-rata pasar tradisional), bukan harga Bengkulu Tengah"
2025-09-03,PHP17,BWM01,44750,kg,BD-PIHPS,,,,,"PIHPS Provinsi Bengkulu (rata-rata pasar tradisional), bukan harga Bengkulu Tengah"
2025-09-03,PHP17,BWP01,39400,kg,BD-PIHPS,,,,,"PIHPS Provinsi Bengkulu (rata-rata pasar tradisional), bukan harga Bengkulu Tengah"
2025-09-03,PHP17,CMR01,49150,kg,BD-PIHPS,,,,,"PIHPS Provinsi Bengkulu (rata-rata pasar tradisional), bukan harga Bengkulu Tengah"
2025-09-03,PHP17,CMR02,53150,kg,BD-PIHPS,,,,,"PIHPS Provinsi Bengkulu (rata-rata pasar tradisional), bukan harga Bengkulu Tengah"
2025-09-03,PHP17,CRW01,44750,kg,BD-PIHPS,,,,,"PIHPS Provinsi Bengkulu (rata-rata pasar tradisional), bukan harga Bengkulu Tengah"
2025-09-03,PHP17,CRW02,28200,kg,BD-PIHPS,,,,,"PIHPS Provinsi Bengkulu (rata-rata pasar tradisional), bukan harga Bengkulu Tengah"
2025-09-03,PHP17,DAY01,34750,kg,BD-PIHPS,,,,,"PIHPS Provinsi Bengkulu (rata-rata pasar tradisional), bukan harga Bengkulu Tengah"
2025-09-03,PHP17,DSP01,135000,kg,BD-PIHPS,,,,,"PIHPS Provinsi Bengkulu (rata-rata pasar tradisional), bukan harga Bengkulu Tengah"
2025-09-03,PHP17,DSP02,134400,kg,BD-PIHPS,,,,,"PIHPS Provinsi Bengkulu (rata-rata pasar tradisional), bukan harga Bengkulu Tengah"
2025-09-03,PHP17,GLP01,17400,kg,BD-PIHPS,,,,,"PIHPS Provinsi Bengkulu (rata-rata pasar tradisional), bukan harga Bengkulu Tengah"
2025-09-03,PHP17,GLP02,18900,kg,BD-PIHPS,,,,,"PIHPS Provinsi Bengkulu (rata-rata pasar tradisional), bukan harga Bengkulu Tengah"
2025-09-03,PHP17,MGR01,17450,liter,BD-PIHPS,,,,,"PIHPS Provinsi Bengkulu (rata-rata pasar tradisional), bukan harga Bengkulu Tengah"
2025-09-03,PHP17,MGR02,21400,liter,BD-PIHPS,,,,,"PIHPS Provinsi Bengkulu (rata-rata pasar tradisional), bukan harga Bengkulu Tengah"
2025-09-03,PHP17,MGR03,20300,liter,BD-PIHPS,,,,,"PIHPS Provinsi Bengkulu (rata-rata pasar tradisional), bukan harga Bengkulu Tengah"
2025-09-03,PHP17,TLR01,29100,kg,BD-PIHPS,,,,,"PIHPS Provinsi Bengkulu (rata-rata pasar tradisional), bukan harga Bengkulu Tengah"
2025-09-04,PHP17,BRS01,14300,kg,BD-PIHPS,,,,,"PIHPS Provinsi Bengkulu (rata-rata pasar tradisional), bukan harga Bengkulu Tengah"
2025-09-04,PHP17,BRS02,15500,kg,BD-PIHPS,,,,,"PIHPS Provinsi Bengkulu (rata-rata pasar tradisional), bukan harga Bengkulu Tengah"
2025-09-04,PHP17,BRS03,15400,kg,BD-PIHPS,,,,,"PIHPS Provinsi Bengkulu (rata-rata pasar tradisional), bukan harga Bengkulu Tengah"
2025-09-04,PHP17,BRS04,16100,kg,BD-PIHPS,,,,,"PIHPS Provinsi Bengkulu (rata-rata pasar tradisional), bukan harga Bengkulu Tengah"
2025-09-04,PHP17,BRS05,15900,kg,BD-PIHPS,,,,,"PIHPS Provinsi Bengkulu (rata-rata pasar tradisional), bukan harga Bengkulu Tengah"
2025-09-04,PHP17,BRS06,16350,kg,BD-PIHPS,,,,,"PIHPS Provinsi Bengkulu (rata-rata pasar tradisional), bukan harga Bengkulu Tengah"
2025-09-04,PHP17,BWM01,44500,kg,BD-PIHPS,,,,,"PIHPS Provinsi Bengkulu (rata-rata pasar tradisional), bukan harga Bengkulu Tengah"
2025-09-04,PHP17,BWP01,40650,kg,BD-PIHPS,,,,,"PIHPS Provinsi Bengkulu (rata-rata pasar tradisional), bukan harga Bengkulu Tengah"
2025-09-04,PHP17,CMR01,47500,kg,BD-PIHPS,,,,,"PIHPS Provinsi Bengkulu (rata-rata pasar tradisional), bukan harga Bengkulu Tengah"
2025-09-04,PHP17,CMR02,51150,kg,BD-PIHPS,,,,,"PIHPS Provinsi Bengkulu (rata-rata pasar tradisional), bukan harga Bengkulu Tengah"
2025-09-04,PHP17,CRW01,44750,kg,BD-PIHPS,,,,,"PIHPS Provinsi Bengkulu (rata-rata pasar tradisional), bukan harga Bengkulu Tengah"
2025-09-04,PHP17,CRW02,27850,kg,BD-PIHPS,,,,,"PIHPS Provinsi Bengkulu (rata-rata pasar tradisional), bukan harga Bengkulu Tengah"
2025-09-04,PHP17,DAY01,35000,kg,BD-PIHPS,,,,,"PIHPS Provinsi Bengkulu (rata-rata pasar tradisional), bukan harga Bengkulu Tengah"
2025-09-04,PHP17,DSP01,135000,kg,BD-PIHPS,,,,,"PIHPS Provinsi Bengkulu (rata-rata pasar tradisional), bukan harga Bengkulu Tengah"
2025-09-04,PHP17,DSP02,134400,kg,BD-PIHPS,,,,,"PIHPS Provinsi Bengkulu (rata-rata pasar tradisional), bukan harga Bengkulu Tengah"
2025-09-04,PHP17,GLP01,17300,kg,BD-PIHPS,,,,,"PIHPS Provinsi Bengkulu (rata-rata pasar tradisional), bukan harga Bengkulu Tengah"
2025-09-04,PHP17,GLP02,18900,kg,BD-PIHPS,,,,,"PIHPS Provinsi Bengkulu (rata-rata pasar tradisional), bukan harga Bengkulu Tengah"
2025-09-04,PHP17,MGR01,17450,liter,BD-PIHPS,,,,,"PIHPS Provinsi Bengkulu (rata-rata pasar tradisional), bukan harga Bengkulu Tengah"
2025-09-04,PHP17,MGR02,21150,liter,BD-PIHPS,,,,,"PIHPS Provinsi Bengkulu (rata-rata pasar tradisional), bukan harga Bengkulu Tengah"
2025-09-04,PHP17,MGR03,20300,liter,BD-PIHPS,,,,,"PIHPS Provinsi Bengkulu (rata-rata pasar tradisional), bukan harga Bengkulu Tengah"
2025-09-04,PHP17,TLR01,29100,kg,BD-PIHPS,,,,,"PIHPS Provinsi Bengkulu (rata-rata pasar tradisional), bukan harga Bengkulu Tengah"
2025-09-05,PHP17,BRS01,14300,kg,BD-PIHPS,,,,,"PIHPS Provinsi Bengkulu (rata-rata pasar tradisional), bukan harga Bengkulu Tengah"
2025-09-05,PHP17,BRS02,15500,kg,BD-PIHPS,,,,,"PIHPS Provinsi Bengkulu (rata-rata pasar tradisional), bukan harga Bengkulu Tengah"
2025-09-05,PHP17,BRS03,15400,kg,BD-PIHPS,,,,,"PIHPS Provinsi Bengkulu (rata-rata pasar tradisional), bukan harga Bengkulu Tengah"
2025-09-05,PHP17,BRS04,16100,kg,BD-PIHPS,,,,,"PIHPS Provinsi Bengkulu (rata-rata pasar tradisional), bukan harga Bengkulu Tengah"
2025-09-05,PHP17,BRS05,15900,kg,BD-PIHPS,,,,,"PIHPS Provinsi Bengkulu (rata-rata pasar tradisional), bukan harga Bengkulu Tengah"
2025-09-05,PHP17,BRS06,16350,kg,BD-PIHPS,,,,,"PIHPS Provinsi Bengkulu (rata-rata pasar tradisional), bukan harga Bengkulu Tengah"
2025-09-05,PHP17,BWM01,44500,kg,BD-PIHPS,,,,,"PIHPS Provinsi Bengkulu (rata-rata pasar tradisional), bukan harga Bengkulu Tengah"
2025-09-05,PHP17,BWP01,40650,kg,BD-PIHPS,,,,,"PIHPS Provinsi Bengkulu (rata-rata pasar tradisional), bukan harga Bengkulu Tengah"
2025-09-05,PHP17,CMR01,47500,kg,BD-PIHPS,,,,,"PIHPS Provinsi Bengkulu (rata-rata pasar tradisional), bukan harga Bengkulu Tengah"
2025-09-05,PHP17,CMR02,51150,kg,BD-PIHPS,,,,,"PIHPS Provinsi Bengkulu (rata-rata pasar tradisional), bukan harga Bengkulu Tengah"
2025-09-05,PHP17,CRW01,44750,kg,BD-PIHPS,,,,,"PIHPS Provinsi Bengkulu (rata-rata pasar tradisional), bukan harga Bengkulu Tengah"
2025-09-05,PHP17,CRW02,27850,kg,BD-PIHPS,,,,,"PIHPS Provinsi Bengkulu (rata-rata pasar tradisional), bukan harga Bengkulu Tengah"
2025-09-05,PHP17,DAY01,35000,kg,BD-PIHPS,,,,,"PIHPS Provinsi Bengkulu (rata-rata pasar tradisional), bukan harga Bengkulu Tengah"
2025-09-05,PHP17,DSP01,135000,kg,BD-PIHPS,,,,,"PIHPS Provinsi Bengkulu (rata-rata pasar tradisional), bukan harga Bengkulu Tengah"
2025-09-05,PHP17,DSP02,134400,kg,BD-PIHPS,,,,,"PIHPS Provinsi Bengkulu (rata-rata pasar tradisional), bukan harga Bengkulu Tengah"
2025-09-05,PHP17,GLP01,17300,kg,BD-PIHPS,,,,,"PIHPS Provinsi Bengkulu (rata-rata pasar tradisional), bukan harga Bengkulu Tengah"
2025-09-05,PHP17,GLP02,18900,kg,BD-PIHPS,,,,,"PIHPS Provinsi Bengkulu (rata-rata pasar tradisional), bukan harga Bengkulu Tengah"
2025-09-05,PHP17,MGR01,17450,liter,BD-PIHPS,,,,,"PIHPS Provinsi Bengkulu (rata-rata pasar tradisional), bukan harga Bengkulu Tengah"
2025-09-05,PHP17,MGR02,21150,liter,BD-PIHPS,,,,,"PIHPS Provinsi Bengkulu (rata-rata pasar tradisional), bukan harga Bengkulu Tengah"
2025-09-05,PHP17,MGR03,20300,liter,BD-PIHPS,,,,,"PIHPS Provinsi Bengkulu (rata-rata pasar tradisional), bukan harga Bengkulu Tengah"
2025-09-05,PHP17,TLR01,29100,kg,BD-PIHPS,,,,,"PIHPS Provinsi Bengkulu (rata-rata pasar tradisional), bukan harga Bengkulu Tengah"
2025-09-08,PHP17,BRS01,14300,kg,BD-PIHPS,,,,,"PIHPS Provinsi Bengkulu (rata-rata pasar tradisional), bukan harga Bengkulu Tengah"
2025-09-08,PHP17,BRS02,15500,kg,BD-PIHPS,,,,,"PIHPS Provinsi Bengkulu (rata-rata pasar tradisional), bukan harga Bengkulu Tengah"
2025-09-08,PHP17,BRS03,15400,kg,BD-PIHPS,,,,,"PIHPS Provinsi Bengkulu (rata-rata pasar tradisional), bukan harga Bengkulu Tengah"
2025-09-08,PHP17,BRS04,16100,kg,BD-PIHPS,,,,,"PIHPS Provinsi Bengkulu (rata-rata pasar tradisional), bukan harga Bengkulu Tengah"
2025-09-08,PHP17,BRS05,15900,kg,BD-PIHPS,,,,,"PIHPS Provinsi Bengkulu (rata-rata pasar tradisional), bukan harga Bengkulu Tengah"
2025-09-08,PHP17,BRS06,16350,kg,BD-PIHPS,,,,,"PIHPS Provinsi Bengkulu (rata-rata pasar tradisional), bukan harga Bengkulu Tengah"
2025-09-08,PHP17,BWM01,43250,kg,BD-PIHPS,,,,,"PIHPS Provinsi Bengkulu (rata-rata pasar tradisional), bukan harga Bengkulu Tengah"
2025-09-08,PHP17,BWP01,39750,kg,BD-PIHPS,,,,,"PIHPS Provinsi Bengkulu (rata-rata pasar tradisional), bukan harga Bengkulu Tengah"
2025-09-08,PHP17,CMR01,56900,kg,BD-PIHPS,,,,,"PIHPS Provinsi Bengkulu (rata-rata pasar tradisional), bukan harga Bengkulu Tengah"
2025-09-08,PHP17,CMR02,62150,kg,BD-PIHPS,,,,,"PIHPS Provinsi Bengkulu (rata-rata pasar tradisional), bukan harga Bengkulu Tengah"
2025-09-08,PHP17,CRW01,44000,kg,BD-PIHPS,,,,,"PIHPS Provinsi Bengkulu (rata-rata pasar tradisional), bukan harga Bengkulu Tengah"
2025-09-08,PHP17,CRW02,27500,kg,BD-PIHPS,,,,,"PIHPS Provinsi Bengkulu (rata-rata pasar tradisional), bukan harga Bengkulu Tengah"
2025-09-08,PHP17,DAY01,37150,kg,BD-PIHPS,,,,,"PIHPS Provinsi Bengkulu (rata-rata pasar tradisional), bukan harga Bengkulu Tengah"
2025-09-08,PHP17,DSP01,135000,kg,BD-PIHPS,,,,,"PIHPS Provinsi Bengkulu (rata-rata pasar tradisional), bukan harga Bengkulu Tengah"
2025-09-08,PHP17,DSP02,134400,kg,BD-PIHPS,,,,,"PIHPS Provinsi Bengkulu (rata-rata pasar tradisional), bukan harga Bengkulu Tengah"
2025-09-08,PHP17,GLP01,17300,kg,BD-PIHPS,,,,,"PIHPS Provinsi Bengkulu (rata-rata pasar tradisional), bukan harga Bengkulu Tengah"
2025-09-08,PHP17,GLP02,18900,kg,BD-PIHPS,,,,,"PIHPS Provinsi Bengkulu (rata-rata pasar tradisional), bukan harga Bengkulu Tengah"
2025-09-08,PHP17,MGR01,17450,liter,BD-PIHPS,,,,,"PIHPS Provinsi Bengkulu (rata-rata pasar tradisional), bukan harga Bengkulu Tengah"
2025-09-08,PHP17,MGR02,21150,liter,BD-PIHPS,,,,,"PIHPS Provinsi Bengkulu (rata-rata pasar tradisional), bukan harga Bengkulu Tengah"
2025-09-08,PHP17,MGR03,20300,liter,BD-PIHPS,,,,,"PIHPS Provinsi Bengkulu (rata-rata pasar tradisional), bukan harga Bengkulu Tengah"
2025-09-08,PHP17,TLR01,29100,kg,BD-PIHPS,,,,,"PIHPS Provinsi Bengkulu (rata-rata pasar tradisional), bukan harga Bengkulu Tengah"
2025-09-09,PHP17,BRS01,14300,kg,BD-PIHPS,,,,,"PIHPS Provinsi Bengkulu (rata-rata pasar tradisional), bukan harga Bengkulu Tengah"
2025-09-09,PHP17,BRS02,15500,kg,BD-PIHPS,,,,,"PIHPS Provinsi Bengkulu (rata-rata pasar tradisional), bukan harga Bengkulu Tengah"
2025-09-09,PHP17,BRS03,15400,kg,BD-PIHPS,,,,,"PIHPS Provinsi Bengkulu (rata-rata pasar tradisional), bukan harga Bengkulu Tengah"
2025-09-09,PHP17,BRS04,16000,kg,BD-PIHPS,,,,,"PIHPS Provinsi Bengkulu (rata-rata pasar tradisional), bukan harga Bengkulu Tengah"
2025-09-09,PHP17,BRS05,15900,kg,BD-PIHPS,,,,,"PIHPS Provinsi Bengkulu (rata-rata pasar tradisional), bukan harga Bengkulu Tengah"
2025-09-09,PHP17,BRS06,16200,kg,BD-PIHPS,,,,,"PIHPS Provinsi Bengkulu (rata-rata pasar tradisional), bukan harga Bengkulu Tengah"
2025-09-09,PHP17,BWM01,42650,kg,BD-PIHPS,,,,,"PIHPS Provinsi Bengkulu (rata-rata pasar tradisional), bukan harga Bengkulu Tengah"
2025-09-09,PHP17,BWP01,38900,kg,BD-PIHPS,,,,,"PIHPS Provinsi Bengkulu (rata-rata pasar tradisional), bukan harga Bengkulu Tengah"
2025-09-09,PHP17,CMR01,61150,kg,BD-PIHPS,,,,,"PIHPS Provinsi Bengkulu (rata-rata pasar tradisional), bukan harga Bengkulu Tengah"
2025-09-09,PHP17,CMR02,66000,kg,BD-PIHPS,,,,,"PIHPS Provinsi Bengkulu (rata-rata pasar tradisional), bukan harga Bengkulu Tengah"
2025-09-09,PHP17,CRW01,43250,kg,BD-PIHPS,,,,,"PIHPS Provinsi Bengkulu (rata-rata pasar tradisional), bukan harga Bengkulu Tengah"
2025-09-09,PHP17,CRW02,26250,kg,BD-PIHPS,,,,,"PIHPS Provinsi Bengkulu (rata-rata pasar tradisional), bukan harga Bengkulu Tengah"
2025-09-09,PHP17,DAY01,37150,kg,BD-PIHPS,,,,,"PIHPS Provinsi Bengkulu (rata-rata pasar tradisional), bukan harga Bengkulu Tengah"
2025-09-09,PHP17,DSP01,135000,kg,BD-PIHPS,,,,,"PIHPS Provinsi Bengkulu (rata-rata pasar tradisional), bukan harga Bengkulu Tengah"
2025-09-09,PHP17,DSP02,134400,kg,BD-PIHPS,,,,,"PIHPS Provinsi Bengkulu (rata-rata pasar tradisional), bukan harga Bengkulu Tengah"
2025-09-09,PHP17,GLP01,17300,kg,BD-PIHPS,,,,,"PIHPS Provinsi Bengkulu (rata-rata pasar tradisional), bukan harga Bengkulu Tengah"
2025-09-09,PHP17,GLP02,18900,kg,BD-PIHPS,,,,,"PIHPS Provinsi Bengkulu (rata-rata pasar tradisional), bukan harga Bengkulu Tengah"
2025-09-09,PHP17,MGR01,17450,liter,BD-PIHPS,,,,,"PIHPS Provinsi Bengkulu (rata-rata pasar tradisional), bukan harga Bengkulu Tengah"
2025-09-09,PHP17,MGR02,21150,liter,BD-PIHPS,,,,,"PIHPS Provinsi Bengkulu (rata-rata pasar tradisional), bukan harga Bengkulu Tengah"
2025-09-09,PHP17,MGR03,20300,liter,BD-PIHPS,,,,,"PIHPS Provinsi Bengkulu (rata-rata pasar tradisional), bukan harga Bengkulu Tengah"
2025-09-09,PHP17,TLR01,29100,kg,BD-PIHPS,,,,,"PIHPS Provinsi Bengkulu (rata-rata pasar tradisional), bukan harga Bengkulu Tengah"
2025-09-10,PHP17,BRS01,14300,kg,BD-PIHPS,,,,,"PIHPS Provinsi Bengkulu (rata-rata pasar tradisional), bukan harga Bengkulu Tengah"
2025-09-10,PHP17,BRS02,15500,kg,BD-PIHPS,,,,,"PIHPS Provinsi Bengkulu (rata-rata pasar tradisional), bukan harga Bengkulu Tengah"
2025-09-10,PHP17,BRS03,15400,kg,BD-PIHPS,,,,,"PIHPS Provinsi Bengkulu (rata-rata pasar tradisional), bukan harga Bengkulu Tengah"
2025-09-10,PHP17,BRS04,16000,kg,BD-PIHPS,,,,,"PIHPS Provinsi Bengkulu (rata-rata pasar tradisional), bukan harga Bengkulu Tengah"
2025-09-10,PHP17,BRS05,15900,kg,BD-PIHPS,,,,,"PIHPS Provinsi Bengkulu (rata-rata pasar tradisional), bukan harga Bengkulu Tengah"
2025-09-10,PHP17,BRS06,16200,kg,BD-PIHPS,,,,,"PIHPS Provinsi Bengkulu (rata-rata pasar tradisional), bukan harga Bengkulu Tengah"
2025-09-10,PHP17,BWM01,42650,kg,BD-PIHPS,,,,,"PIHPS Provinsi Bengkulu (rata-rata pasar tradisional), bukan harga Bengkulu Tengah"
2025-09-10,PHP17,BWP01,38900,kg,BD-PIHPS,,,,,"PIHPS Provinsi Bengkulu (rata-rata pasar tradisional), bukan harga Bengkulu Tengah"
2025-09-10,PHP17,CMR01,61500,kg,BD-PIHPS,,,,,"PIHPS Provinsi Bengkulu (rata-rata pasar tradisional), bukan harga Bengkulu Tengah"
2025-09-10,PHP17,CMR02,66400,kg,BD-PIHPS,,,,,"PIHPS Provinsi Bengkulu (rata-rata pasar tradisional), bukan harga Bengkulu Tengah"
2025-09-10,PHP17,CRW01,42650,kg,BD-PIHPS,,,,,"PIHPS Provinsi Bengkulu (rata-rata pasar tradisional), bukan harga Bengkulu Tengah"
2025-09-10,PHP17,CRW02,27650,kg,BD-PIHPS,,,,,"PIHPS Provinsi Bengkulu (rata-rata pasar tradisional), bukan harga Bengkulu Tengah"
2025-09-10,PHP17,DAY01,40000,kg,BD-PIHPS,,,,,"PIHPS Provinsi Bengkulu (rata-rata pasar tradisional), bukan harga Bengkulu Tengah"
2025-09-10,PHP17,DSP01,135000,kg,BD-PIHPS,,,,,"PIHPS Provinsi Bengkulu (rata-rata pasar tradisional), bukan harga Bengkulu Tengah"
2025-09-10,PHP17,DSP02,134400,kg,BD-PIHPS,,,,,"PIHPS Provinsi Bengkulu (rata-rata pasar tradisional), bukan harga Bengkulu Tengah"
2025-09-10,PHP17,GLP01,17250,kg,BD-PIHPS,,,,,"PIHPS Provinsi Bengkulu (rata-rata pasar tradisional), bukan harga Bengkulu Tengah"
2025-09-10,PHP17,GLP02,18900,kg,BD-PIHPS,,,,,"PIHPS Provinsi Bengkulu (rata-rata pasar tradisional), bukan harga Bengkulu Tengah"
2025-09-10,PHP17,MGR01,17450,liter,BD-PIHPS,,,,,"PIHPS Provinsi Bengkulu (rata-rata pasar tradisional), bukan harga Bengkulu Tengah"
2025-09-10,PHP17,MGR02,21150,liter,BD-PIHPS,,,,,"PIHPS Provinsi Bengkulu (rata-rata pasar tradisional), bukan harga Bengkulu Tengah"
2025-09-10,PHP17,MGR03,20300,liter,BD-PIHPS,,,,,"PIHPS Provinsi Bengkulu (rata-rata pasar tradisional), bukan harga Bengkulu Tengah"
2025-09-10,PHP17,TLR01,29100,kg,BD-PIHPS,,,,,"PIHPS Provinsi Bengkulu (rata-rata pasar tradisional), bukan harga Bengkulu Tengah"
2025-09-11,PHP17,BRS01,14250,kg,BD-PIHPS,,,,,"PIHPS Provinsi Bengkulu (rata-rata pasar tradisional), bukan harga Bengkulu Tengah"
2025-09-11,PHP17,BRS02,15500,kg,BD-PIHPS,,,,,"PIHPS Provinsi Bengkulu (rata-rata pasar tradisional), bukan harga Bengkulu Tengah"
2025-09-11,PHP17,BRS03,15400,kg,BD-PIHPS,,,,,"PIHPS Provinsi Bengkulu (rata-rata pasar tradisional), bukan harga Bengkulu Tengah"
2025-09-11,PHP17,BRS04,15900,kg,BD-PIHPS,,,,,"PIHPS Provinsi Bengkulu (rata-rata pasar tradisional), bukan harga Bengkulu Tengah"
2025-09-11,PHP17,BRS05,15900,kg,BD-PIHPS,,,,,"PIHPS Provinsi Bengkulu (rata-rata pasar tradisional), bukan harga Bengkulu Tengah"
2025-09-11,PHP17,BRS06,16150,kg,BD-PIHPS,,,,,"PIHPS Provinsi Bengkulu (rata-rata pasar tradisional), bukan harga Bengkulu Tengah"
2025-09-11,PHP17,BWM01,42650,kg,BD-PIHPS,,,,,"PIHPS Provinsi Bengkulu (rata-rata pasar tradisional), bukan harga Bengkulu Tengah"
2025-09-11,PHP17,BWP01,38900,kg,BD-PIHPS,,,,,"PIHPS Provinsi Bengkulu (rata-rata pasar tradisional), bukan harga Bengkulu Tengah"
2025-09-11,PHP17,CMR01,62000,kg,BD-PIHPS,,,,,"PIHPS Provinsi Bengkulu (rata-rata pasar tradisional), bukan harga Bengkulu Tengah"
2025-09-11,PHP17,CMR02,67150,kg,BD-PIHPS,,,,,"PIHPS Provinsi Bengkulu (rata-rata pasar tradisional), bukan harga Bengkulu Tengah"
2025-09-11,PHP17,CRW01,43500,kg,BD-PIHPS,,,,,"PIHPS Provinsi Bengkulu (rata-rata pasar tradisional), bukan harga Bengkulu Tengah"
2025-09-11,PHP17,CRW02,29400,kg,BD-PIHPS,,,,,"PIHPS Provinsi Bengkulu (rata-rata pasar tradisional), bukan harga Bengkulu Tengah"
2025-09-11,PHP17,DAY01,40000,kg,BD-PIHPS,,,,,"PIHPS Provinsi Bengkulu (rata-rata pasar tradisional), bukan harga Bengkulu Tengah"
2025-09-11,PHP17,DSP01,135000,kg,BD-PIHPS,,,,,"PIHPS Provinsi Bengkulu (rata-rata pasar tradisional), bukan harga Bengkulu Tengah"
2025-09-11,PHP17,DSP02,134400,kg,BD-PIHPS,,,,,"PIHPS Provinsi Bengkulu (rata-rata pasar tradisional), bukan harga Bengkulu Tengah"
2025-09-11,PHP17,GLP01,17250,kg,BD-PIHPS,,,,,"PIHPS Provinsi Bengkulu (rata-rata pasar tradisional), bukan harga Bengkulu Tengah"
2025-09-11,PHP17,GLP02,18900,kg,BD-PIHPS,,,,,"PIHPS Provinsi Bengkulu (rata-rata pasar tradisional), bukan harga Bengkulu Tengah"
2025-09-11,PHP17,MGR01,17450,liter,BD-PIHPS,,,,,"PIHPS Provinsi Bengkulu (rata-rata pasar tradisional), bukan harga Bengkulu Tengah"
2025-09-11,PHP17,MGR02,21150,liter,BD-PIHPS,,,,,"PIHPS Provinsi Bengkulu (rata-rata pasar tradisional), bukan harga Bengkulu Tengah"
2025-09-11,PHP17,MGR03,20300,liter,BD-PIHPS,,,,,"PIHPS Provinsi Bengkulu (rata-rata pasar tradisional), bukan harga Bengkulu Tengah"
2025-09-11,PHP17,TLR01,29100,kg,BD-PIHPS,,,,,"PIHPS Provinsi Bengkulu (rata-rata pasar tradisional), bukan harga Bengkulu Tengah"
2025-09-12,PHP17,BRS01,14250,kg,BD-PIHPS,,,,,"PIHPS Provinsi Bengkulu (rata-rata pasar tradisional), bukan harga Bengkulu Tengah"
2025-09-12,PHP17,BRS02,15500,kg,BD-PIHPS,,,,,"PIHPS Provinsi Bengkulu (rata-rata pasar tradisional), bukan harga Bengkulu Tengah"
2025-09-12,PHP17,BRS03,15400,kg,BD-PIHPS,,,,,"PIHPS Provinsi Bengkulu (rata-rata pasar tradisional), bukan harga Bengkulu Tengah"
2025-09-12,PHP17,BRS04,15900,kg,BD-PIHPS,,,,,"PIHPS Provinsi Bengkulu (rata-rata pasar tradisional), bukan harga Bengkulu Tengah"
2025-09-12,PHP17,BRS05,15900,kg,BD-PIHPS,,,,,"PIHPS Provinsi Bengkulu (rata-rata pasar tradisional), bukan harga Bengkulu Tengah"
2025-09-12,PHP17,BRS06,16150,kg,BD-PIHPS,,,,,"PIHPS Provinsi Bengkulu (rata-rata pasar tradisional), bukan harga Bengkulu Tengah"
2025-09-12,PHP17,BWM01,43150,kg,BD-PIHPS,,,,,"PIHPS Provinsi Bengkulu (rata-rata pasar tradisional), bukan harga Bengkulu Tengah"
2025-09-12,PHP17,BWP01,40750,kg,BD-PIHPS,,,,,"PIHPS Provinsi Bengkulu (rata-rata pasar tradisional), bukan harga Bengkulu Tengah"
2025-09-12,PHP17,CMR01,57650,kg,BD-PIHPS,,,,,"PIHPS Provinsi Bengkulu (rata-rata pasar tradisional), bukan harga Bengkulu Tengah"
2025-09-12,PHP17,CMR02,63150,kg,BD-PIHPS,,,,,"PIHPS Provinsi Bengkulu (rata-rata pasar tradisional), bukan harga Bengkulu Tengah"
2025-09-12,PHP17,CRW01,44250,kg,BD-PIHPS,,,,,"PIHPS Provinsi Bengkulu (rata-rata pasar tradisional), bukan harga Bengkulu Tengah"
2025-09-12,PHP17,CRW02,28700,kg,BD-PIHPS,,,,,"PIHPS Provinsi Bengkulu (rata-rata pasar tradisional), bukan harga Bengkulu Tengah"
2025-09-12,PHP17,DAY01,40000,kg,BD-PIHPS,,,,,"PIHPS Provinsi Bengkulu (rata-rata pasar tradisional), bukan harga Bengkulu Tengah"
2025-09-12,PHP17,DSP01,135000,kg,BD-PIHPS,,,,,"PIHPS Provinsi Bengkulu (rata-rata pasar tradisional), bukan harga Bengkulu Tengah"
2025-09-12,PHP17,DSP02,134400,kg,BD-PIHPS,,,,,"PIHPS Provinsi Bengkulu (rata-rata pasar tradisional), bukan harga Bengkulu Tengah"
2025-09-12,PHP17,GLP01,17250,kg,BD-PIHPS,,,,,"PIHPS Provinsi Bengkulu (rata-rata pasar tradisional), bukan harga Bengkulu Tengah"
2025-09-12,PHP17,GLP02,18900,kg,BD-PIHPS,,,,,"PIHPS Provinsi Bengkulu (rata-rata pasar tradisional), bukan harga Bengkulu Tengah"
2025-09-12,PHP17,MGR01,17450,liter,BD-PIHPS,,,,,"PIHPS Provinsi Bengkulu (rata-rata pasar tradisional), bukan harga Bengkulu Tengah"
2025-09-12,PHP17,MGR02,21150,liter,BD-PIHPS,,,,,"PIHPS Provinsi Bengkulu (rata-rata pasar tradisional), bukan harga Bengkulu Tengah"
2025-09-12,PHP17,MGR03,20300,liter,BD-PIHPS,,,,,"PIHPS Provinsi Bengkulu (rata-rata pasar tradisional), bukan harga Bengkulu Tengah"
2025-09-12,PHP17,TLR01,29100,kg,BD-PIHPS,,,,,"PIHPS Provinsi Bengkulu (rata-rata pasar tradisional), bukan harga Bengkulu Tengah"
2025-09-15,PHP17,BRS01,14250,kg,BD-PIHPS,,,,,"PIHPS Provinsi Bengkulu (rata-rata pasar tradisional), bukan harga Bengkulu Tengah"
2025-09-15,PHP17,BRS02,15500,kg,BD-PIHPS,,,,,"PIHPS Provinsi Bengkulu (rata-rata pasar tradisional), bukan harga Bengkulu Tengah"
2025-09-15,PHP17,BRS03,15400,kg,BD-PIHPS,,,,,"PIHPS Provinsi Bengkulu (rata-rata pasar tradisional), bukan harga Bengkulu Tengah"
2025-09-15,PHP17,BRS04,15900,kg,BD-PIHPS,,,,,"PIHPS Provinsi Bengkulu (rata-rata pasar tradisional), bukan harga Bengkulu Tengah"
2025-09-15,PHP17,BRS05,15900,kg,BD-PIHPS,,,,,"PIHPS Provinsi Bengkulu (rata-rata pasar tradisional), bukan harga Bengkulu Tengah"
2025-09-15,PHP17,BRS06,16150,kg,BD-PIHPS,,,,,"PIHPS Provinsi Bengkulu (rata-rata pasar tradisional), bukan harga Bengkulu Tengah"
2025-09-15,PHP17,BWM01,43750,kg,BD-PIHPS,,,,,"PIHPS Provinsi Bengkulu (rata-rata pasar tradisional), bukan harga Bengkulu Tengah"
2025-09-15,PHP17,BWP01,40750,kg,BD-PIHPS,,,,,"PIHPS Provinsi Bengkulu (rata-rata pasar tradisional), bukan harga Bengkulu Tengah"
2025-09-15,PHP17,CMR01,59500,kg,BD-PIHPS,,,,,"PIHPS Provinsi Bengkulu (rata-rata pasar tradisional), bukan harga Bengkulu Tengah"
2025-09-15,PHP17,CMR02,64000,kg,BD-PIHPS,,,,,"PIHPS Provinsi Bengkulu (rata-rata pasar tradisional), bukan harga Bengkulu Tengah"
2025-09-15,PHP17,CRW01,44250,kg,BD-PIHPS,,,,,"PIHPS Provinsi Bengkulu (rata-rata pasar tradisional), bukan harga Bengkulu Tengah"
2025-09-15,PHP17,CRW02,28950,kg,BD-PIHPS,,,,,"PIHPS Provinsi Bengkulu (rata-rata pasar tradisional), bukan harga Bengkulu Tengah"
2025-09-15,PHP17,DAY01,38400,kg,BD-PIHPS,,,,,"PIHPS Provinsi Bengkulu (rata-rata pasar tradisional), bukan harga Bengkulu Tengah"
2025-09-15,PHP17,DSP01,135000,kg,BD-PIHPS,,,,,"PIHPS Provinsi Bengkulu (rata-rata pasar tradisional), bukan harga Bengkulu Tengah"
2025-09-15,PHP17,DSP02,134400,kg,BD-PIHPS,,,,,"PIHPS Provinsi Bengkulu (rata-rata pasar tradisional), bukan harga Bengkulu Tengah"
2025-09-15,PHP17,GLP01,17250,kg,BD-PIHPS,,,,,"PIHPS Provinsi Bengkulu (rata-rata pasar tradisional), bukan harga Bengkulu Tengah"
2025-09-15,PHP17,GLP02,18900,kg,BD-PIHPS,,,,,"PIHPS Provinsi Bengkulu (rata-rata pasar tradisional), bukan harga Bengkulu Tengah"
2025-09-15,PHP17,MGR01,17450,liter,BD-PIHPS,,,,,"PIHPS Provinsi Bengkulu (rata-rata pasar tradisional), bukan harga Bengkulu Tengah"
2025-09-15,PHP17,MGR02,21150,liter,BD-PIHPS,,,,,"PIHPS Provinsi Bengkulu (rata-rata pasar tradisional), bukan harga Bengkulu Tengah"
2025-09-15,PHP17,MGR03,20300,liter,BD-PIHPS,,,,,"PIHPS Provinsi Bengkulu (rata-rata pasar tradisional), bukan harga Bengkulu Tengah"
2025-09-15,PHP17,TLR01,29100,kg,BD-PIHPS,,,,,"PIHPS Provinsi Bengkulu (rata-rata pasar tradisional), bukan harga Bengkulu Tengah"
2025-09-16,PHP17,BRS01,14250,kg,BD-PIHPS,,,,,"PIHPS Provinsi Bengkulu (rata-rata pasar tradisional), bukan harga Bengkulu Tengah"
2025-09-16,PHP17,BRS02,15500,kg,BD-PIHPS,,,,,"PIHPS Provinsi Bengkulu (rata-rata pasar tradisional), bukan harga Bengkulu Tengah"
2025-09-16,PHP17,BRS03,15400,kg,BD-PIHPS,,,,,"PIHPS Provinsi Bengkulu (rata-rata pasar tradisional), bukan harga Bengkulu Tengah"
2025-09-16,PHP17,BRS04,15900,kg,BD-PIHPS,,,,,"PIHPS Provinsi Bengkulu (rata-rata pasar tradisional), bukan harga Bengkulu Tengah"
2025-09-16,PHP17,BRS05,15900,kg,BD-PIHPS,,,,,"PIHPS Provinsi Bengkulu (rata-rata pasar tradisional), bukan harga Bengkulu Tengah"
2025-09-16,PHP17,BRS06,16150,kg,BD-PIHPS,,,,,"PIHPS Provinsi Bengkulu (rata-rata pasar tradisional), bukan harga Bengkulu Tengah"
2025-09-16,PHP17,BWM01,41500,kg,BD-PIHPS,,,,,"PIHPS Provinsi Bengkulu (rata-rata pasar tradisional), bukan harga Bengkulu Tengah"
2025-09-16,PHP17,BWP01,40400,kg,BD-PIHPS,,,,,"PIHPS Provinsi Bengkulu (rata-rata pasar tradisional), bukan harga Bengkulu Tengah"
2025-09-16,PHP17,CMR01,62250,kg,BD-PIHPS,,,,,"PIHPS Provinsi Bengkulu (rata-rata pasar tradisional), bukan harga Bengkulu Tengah"
2025-09-16,PHP17,CMR02,66500,kg,BD-PIHPS,,,,,"PIHPS Provinsi Bengkulu (rata-rata pasar tradisional), bukan harga Bengkulu Tengah"
2025-09-16,PHP17,CRW01,42250,kg,BD-PIHPS,,,,,"PIHPS Provinsi Bengkulu (rata-rata pasar tradisional), bukan harga Bengkulu Tengah"
2025-09-16,PHP17,CRW02,29150,kg,BD-PIHPS,,,,,"PIHPS Provinsi Bengkulu (rata-rata pasar tradisional), bukan harga Bengkulu Tengah"
2025-09-16,PHP17,DAY01,38400,kg,BD-PIHPS,,,,,"PIHPS Provinsi Bengkulu (rata-rata pasar tradisional), bukan harga Bengkulu Tengah"
2025-09-16,PHP17,DSP01,135000,kg,BD-PIHPS,,,,,"PIHPS Provinsi Bengkulu (rata-rata pasar tradisional), bukan harga Bengkulu Tengah"
2025-09-16,PHP17,DSP02,134400,kg,BD-PIHPS,,,,,"PIHPS Provinsi Bengkulu (rata-rata pasar tradisional), bukan harga Bengkulu Tengah"
2025-09-16,PHP17,GLP01,17250,kg,BD-PIHPS,,,,,"PIHPS Provinsi Bengkulu (rata-rata pasar tradisional), bukan harga Bengkulu Tengah"
2025-09-16,PHP17,GLP02,18900,kg,BD-PIHPS,,,,,"PIHPS Provinsi Bengkulu (rata-rata pasar tradisional), bukan harga Bengkulu Tengah"
2025-09-16,PHP17,MGR01,17450,liter,BD-PIHPS,,,,,"PIHPS Provinsi Bengkulu (rata-rata pasar tradisional), bukan harga Bengkulu Tengah"
2025-09-16,PHP17,MGR02,21150,liter,BD-PIHPS,,,,,"PIHPS Provinsi Bengkulu (rata-rata pasar tradisional), bukan harga Bengkulu Tengah"
2025-09-16,PHP17,MGR03,20300,liter,BD-PIHPS,,,,,"PIHPS Provinsi Bengkulu (rata-rata pasar tradisional), bukan harga Bengkulu Tengah"
2025-09-16,PHP17,TLR01,29000,kg,BD-PIHPS,,,,,"PIHPS Provinsi Bengkulu (rata-rata pasar tradisional), bukan harga Bengkulu Tengah"
2025-09-17,PHP17,BRS01,14250,kg,BD-PIHPS,,,,,"PIHPS Provinsi Bengkulu (rata-rata pasar tradisional), bukan harga Bengkulu Tengah"
2025-09-17,PHP17,BRS02,15500,kg,BD-PIHPS,,,,,"PIHPS Provinsi Bengkulu (rata-rata pasar tradisional), bukan harga Bengkulu Tengah"
2025-09-17,PHP17,BRS03,15400,kg,BD-PIHPS,,,,,"PIHPS Provinsi Bengkulu (rata-rata pasar tradisional), bukan harga Bengkulu Tengah"
2025-09-17,PHP17,BRS04,15900,kg,BD-PIHPS,,,,,"PIHPS Provinsi Bengkulu (rata-rata pasar tradisional), bukan harga Bengkulu Tengah"
2025-09-17,PHP17,BRS05,15900,kg,BD-PIHPS,,,,,"PIHPS Provinsi Bengkulu (rata-rata pasar tradisional), bukan harga Bengkulu Tengah"
2025-09-17,PHP17,BRS06,16150,kg,BD-PIHPS,,,,,"PIHPS Provinsi Bengkulu (rata-rata pasar tradisional), bukan harga Bengkulu Tengah"
2025-09-17,PHP17,BWM01,39500,kg,BD-PIHPS,,,,,"PIHPS Provinsi Bengkulu (rata-rata pasar tradisional), bukan harga Bengkulu Tengah"
2025-09-17,PHP17,BWP01,40400,kg,BD-PIHPS,,,,,"PIHPS Provinsi Bengkulu (rata-rata pasar tradisional), bukan harga Bengkulu Tengah"
2025-09-17,PHP17,CMR01,63900,kg,BD-PIHPS,,,,,"PIHPS Provinsi Bengkulu (rata-rata pasar tradisional), bukan harga Bengkulu Tengah"
2025-09-17,PHP17,CMR02,68400,kg,BD-PIHPS,,,,,"PIHPS Provinsi Bengkulu (rata-rata pasar tradisional), bukan harga Bengkulu Tengah"
2025-09-17,PHP17,CRW01,41000,kg,BD-PIHPS,,,,,"PIHPS Provinsi Bengkulu (rata-rata pasar tradisional), bukan harga Bengkulu Tengah"
2025-09-17,PHP17,CRW02,29000,kg,BD-PIHPS,,,,,"PIHPS Provinsi Bengkulu (rata-rata pasar tradisional), bukan harga Bengkulu Tengah"
2025-09-17,PHP17,DAY01,39750,kg,BD-PIHPS,,,,,"PIHPS Provinsi Bengkulu (rata-rata pasar tradisional), bukan harga Bengkulu Tengah"
2025-09-17,PHP17,DSP01,135000,kg,BD-PIHPS,,,,,"PIHPS Provinsi Bengkulu (rata-rata pasar tradisional), bukan harga Bengkulu Tengah"
2025-09-17,PHP17,DSP02,134400,kg,BD-PIHPS,,,,,"PIHPS Provinsi Bengkulu (rata-rata pasar tradisional), bukan harga Bengkulu Tengah"
2025-09-17,PHP17,GLP01,17250,kg,BD-PIHPS,,,,,"PIHPS Provinsi Bengkulu (rata-rata pasar tradisional), bukan harga Bengkulu Tengah"
2025-09-17,PHP17,GLP02,18900,kg,BD-PIHPS,,,,,"PIHPS Provinsi Bengkulu (rata-rata pasar tradisional), bukan harga Bengkulu Tengah"
2025-09-17,PHP17,MGR01,17450,liter,BD-PIHPS,,,,,"PIHPS Provinsi Bengkulu (rata-rata pasar tradisional), bukan harga Bengkulu Tengah"
2025-09-17,PHP17,MGR02,21150,liter,BD-PIHPS,,,,,"PIHPS Provinsi Bengkulu (rata-rata pasar tradisional), bukan harga Bengkulu Tengah"
2025-09-17,PHP17,MGR03,20300,liter,BD-PIHPS,,,,,"PIHPS Provinsi Bengkulu (rata-rata pasar tradisional), bukan harga Bengkulu Tengah"
2025-09-17,PHP17,TLR01,29450,kg,BD-PIHPS,,,,,"PIHPS Provinsi Bengkulu (rata-rata pasar tradisional), bukan harga Bengkulu Tengah"
2025-09-18,PHP17,BRS01,14250,kg,BD-PIHPS,,,,,"PIHPS Provinsi Bengkulu (rata-rata pasar tradisional), bukan harga Bengkulu Tengah"
2025-09-18,PHP17,BRS02,15500,kg,BD-PIHPS,,,,,"PIHPS Provinsi Bengkulu (rata-rata pasar tradisional), bukan harga Bengkulu Tengah"
2025-09-18,PHP17,BRS03,15400,kg,BD-PIHPS,,,,,"PIHPS Provinsi Bengkulu (rata-rata pasar tradisional), bukan harga Bengkulu Tengah"
2025-09-18,PHP17,BRS04,15900,kg,BD-PIHPS,,,,,"PIHPS Provinsi Bengkulu (rata-rata pasar tradisional), bukan harga Bengkulu Tengah"
2025-09-18,PHP17,BRS05,15900,kg,BD-PIHPS,,,,,"PIHPS Provinsi Bengkulu (rata-rata pasar tradisional), bukan harga Bengkulu Tengah"
2025-09-18,PHP17,BRS06,16150,kg,BD-PIHPS,,,,,"PIHPS Provinsi Bengkulu (rata-rata pasar tradisional), bukan harga Bengkulu Tengah"
2025-09-18,PHP17,BWM01,38250,kg,BD-PIHPS,,,,,"PIHPS Provinsi Bengkulu (rata-rata pasar tradisional), bukan harga Bengkulu Tengah"
2025-09-18,PHP17,BWP01,39650,kg,BD-PIHPS,,,,,"PIHPS Provinsi Bengkulu (rata-rata pasar tradisional), bukan harga Bengkulu Tengah"
2025-09-18,PHP17,CMR01,64500,kg,BD-PIHPS,,,,,"PIHPS Provinsi Bengkulu (rata-rata pasar tradisional), bukan harga Bengkulu Tengah"
2025-09-18,PHP17,CMR02,70400,kg,BD-PIHPS,,,,,"PIHPS Provinsi Bengkulu (rata-rata pasar tradisional), bukan harga Bengkulu Tengah"
2025-09-18,PHP17,CRW01,42250,kg,BD-PIHPS,,,,,"PIHPS Provinsi Bengkulu (rata-rata pasar tradisional), bukan harga Bengkulu Tengah"
2025-09-18,PHP17,CRW02,30650,kg,BD-PIHPS,,,,,"PIHPS Provinsi Bengkulu (rata-rata pasar tradisional), bukan harga Bengkulu Tengah"
2025-09-18,PHP17,DAY01,40650,kg,BD-PIHPS,,,,,"PIHPS Provinsi Bengkulu (rata-rata pasar tradisional), bukan harga Bengkulu Tengah"
2025-09-18,PHP17,DSP01,135000,kg,BD-PIHPS,,,,,"PIHPS Provinsi Bengkulu (rata-rata pasar tradisional), bukan harga Bengkulu Tengah"
2025-09-18,PHP17,DSP02,134400,kg,BD-PIHPS,,,,,"PIHPS Provinsi Bengkulu (rata-rata pasar tradisional), bukan harga Bengkulu Tengah"
2025-09-18,PHP17,GLP01,17250,kg,BD-PIHPS,,,,,"PIHPS Provinsi Bengkulu (rata-rata pasar tradisional), bukan harga Bengkulu Tengah"
2025-09-18,PHP17,GLP02,18900,kg,BD-PIHPS,,,,,"PIHPS Provinsi Bengkulu (rata-rata pasar tradisional), bukan harga Bengkulu Tengah"
2025-09-18,PHP17,MGR01,17450,liter,BD-PIHPS,,,,,"PIHPS Provinsi Bengkulu (rata-rata pasar tradisional), bukan harga Bengkulu Tengah"
2025-09-18,PHP17,MGR02,21150,liter,BD-PIHPS,,,,,"PIHPS Provinsi Bengkulu (rata-rata pasar tradisional), bukan harga Bengkulu Tengah"
2025-09-18,PHP17,MGR03,20300,liter,BD-PIHPS,,,,,"PIHPS Provinsi Bengkulu (rata-rata pasar tradisional), bukan harga Bengkulu Tengah"
2025-09-18,PHP17,TLR01,29450,kg,BD-PIHPS,,,,,"PIHPS Provinsi Bengkulu (rata-rata pasar tradisional), bukan harga Bengkulu Tengah"
2025-09-19,PHP17,BRS01,14250,kg,BD-PIHPS,,,,,"PIHPS Provinsi Bengkulu (rata-rata pasar tradisional), bukan harga Bengkulu Tengah"
2025-09-19,PHP17,BRS02,15500,kg,BD-PIHPS,,,,,"PIHPS Provinsi Bengkulu (rata-rata pasar tradisional), bukan harga Bengkulu Tengah"
2025-09-19,PHP17,BRS03,15400,kg,BD-PIHPS,,,,,"PIHPS Provinsi Bengkulu (rata-rata pasar tradisional), bukan harga Bengkulu Tengah"
2025-09-19,PHP17,BRS04,15900,kg,BD-PIHPS,,,,,"PIHPS Provinsi Bengkulu (rata-rata pasar tradisional), bukan harga Bengkulu Tengah"
2025-09-19,PHP17,BRS05,15900,kg,BD-PIHPS,,,,,"PIHPS Provinsi Bengkulu (rata-rata pasar tradisional), bukan harga Bengkulu Tengah"
2025-09-19,PHP17,BRS06,16150,kg,BD-PIHPS,,,,,"PIHPS Provinsi Bengkulu (rata-rata pasar tradisional), bukan harga Bengkulu Tengah"
2025-09-19,PHP17,BWM01,38900,kg,BD-PIHPS,,,,,"PIHPS Provinsi Bengkulu (rata-rata pasar tradisional), bukan harga Bengkulu Tengah"
2025-09-19,PHP17,BWP01,39400,kg,BD-PIHPS,,,,,"PIHPS Provinsi Bengkulu (rata-rata pasar tradisional), bukan harga Bengkulu Tengah"
2025-09-19,PHP17,CMR01,65250,kg,BD-PIHPS,,,,,"PIHPS Provinsi Bengkulu (rata-rata pasar tradisional), bukan harga Bengkulu Tengah"
2025-09-19,PHP17,CMR02,71250,kg,BD-PIHPS,,,,,"PIHPS Provinsi Bengkulu (rata-rata pasar tradisional), bukan harga Bengkulu Tengah"
2025-09-19,PHP17,CRW01,43650,kg,BD-PIHPS,,,,,"PIHPS Provinsi Bengkulu (rata-rata pasar tradisional), bukan harga Bengkulu Tengah"
2025-09-19,PHP17,CRW02,32900,kg,BD-PIHPS,,,,,"PIHPS Provinsi Bengkulu (rata-rata pasar tradisional), bukan harga Bengkulu Tengah"
2025-09-19,PHP17,DAY01,40650,kg,BD-PIHPS,,,,,"PIHPS Provinsi Bengkulu (rata-rata pasar tradisional), bukan harga Bengkulu Tengah"
2025-09-19,PHP17,DSP01,135000,kg,BD-PIHPS,,,,,"PIHPS Provinsi Bengkulu (rata-rata pasar tradisional), bukan harga Bengkulu Tengah"
2025-09-19,PHP17,DSP02,134400,kg,BD-PIHPS,,,,,"PIHPS Provinsi Bengkulu (rata-rata pasar tradisional), bukan harga Bengkulu Tengah"
2025-09-19,PHP17,GLP01,17250,kg,BD-PIHPS,,,,,"PIHPS Provinsi Bengkulu (rata-rata pasar tradisional), bukan harga Bengkulu Tengah"
2025-09-19,PHP17,GLP02,19000,kg,BD-PIHPS,,,,,"PIHPS Provinsi Bengkulu (rata-rata pasar tradisional), bukan harga Bengkulu Tengah"
2025-09-19,PHP17,MGR01,17300,liter,BD-PIHPS,,,,,"PIHPS Provinsi Bengkulu (rata-rata pasar tradisional), bukan harga Bengkulu Tengah"
2025-09-19,PHP17,MGR02,21150,liter,BD-PIHPS,,,,,"PIHPS Provinsi Bengkulu (rata-rata pasar tradisional), bukan harga Bengkulu Tengah"
2025-09-19,PHP17,MGR03,20300,liter,BD-PIHPS,,,,,"PIHPS Provinsi Bengkulu (rata-rata pasar tradisional), bukan harga Bengkulu Tengah"
2025-09-19,PHP17,TLR01,29450,kg,BD-PIHPS,,,,,"PIHPS Provinsi Bengkulu (rata-rata pasar tradisional), bukan harga Bengkulu Tengah"
2025-09-22,PHP17,BRS01,14250,kg,BD-PIHPS,,,,,"PIHPS Provinsi Bengkulu (rata-rata pasar tradisional), bukan harga Bengkulu Tengah"
2025-09-22,PHP17,BRS02,15500,kg,BD-PIHPS,,,,,"PIHPS Provinsi Bengkulu (rata-rata pasar tradisional), bukan harga Bengkulu Tengah"
2025-09-22,PHP17,BRS03,15400,kg,BD-PIHPS,,,,,"PIHPS Provinsi Bengkulu (rata-rata pasar tradisional), bukan harga Bengkulu Tengah"
2025-09-22,PHP17,BRS04,15900,kg,BD-PIHPS,,,,,"PIHPS Provinsi Bengkulu (rata-rata pasar tradisional), bukan harga Bengkulu Tengah"
2025-09-22,PHP17,BRS05,15900,kg,BD-PIHPS,,,,,"PIHPS Provinsi Bengkulu (rata-rata pasar tradisional), bukan harga Bengkulu Tengah"
2025-09-22,PHP17,BRS06,16150,kg,BD-PIHPS,,,,,"PIHPS Provinsi Bengkulu (rata-rata pasar tradisional), bukan harga Bengkulu Tengah"
2025-09-22,PHP17,BWM01,38400,kg,BD-PIHPS,,,,,"PIHPS Provinsi Bengkulu (rata-rata pasar tradisional), bukan harga Bengkulu Tengah"
2025-09-22,PHP17,BWP01,39400,kg,BD-PIHPS,,,,,"PIHPS Provinsi Bengkulu (rata-rata pasar tradisional), bukan harga Bengkulu Tengah"
2025-09-22,PHP17,CMR01,65000,kg,BD-PIHPS,,,,,"PIHPS Provinsi Bengkulu (rata-rata pasar tradisional), bukan harga Bengkulu Tengah"
2025-09-22,PHP17,CMR02,68900,kg,BD-PIHPS,,,,,"PIHPS Provinsi Bengkulu (rata-rata pasar tradisional), bukan harga Bengkulu Tengah"
2025-09-22,PHP17,CRW01,43650,kg,BD-PIHPS,,,,,"PIHPS Provinsi Bengkulu (rata-rata pasar tradisional), bukan harga Bengkulu Tengah"
2025-09-22,PHP17,CRW02,31700,kg,BD-PIHPS,,,,,"PIHPS Provinsi Bengkulu (rata-rata pasar tradisional), bukan harga Bengkulu Tengah"
2025-09-22,PHP17,DAY01,40650,kg,BD-PIHPS,,,,,"PIHPS Provinsi Bengkulu (rata-rata pasar tradisional), bukan harga Bengkulu Tengah"
2025-09-22,PHP17,DSP01,135000,kg,BD-PIHPS,,,,,"PIHPS Provinsi Bengkulu (rata-rata pasar tradisional), bukan harga Bengkulu Tengah"
2025-09-22,PHP17,DSP02,134400,kg,BD-PIHPS,,,,,"PIHPS Provinsi Bengkulu (rata-rata pasar tradisional), bukan harga Bengkulu Tengah"
2025-09-22,PHP17,GLP01,17250,kg,BD-PIHPS,,,,,"PIHPS Provinsi Bengkulu (rata-rata pasar tradisional), bukan harga Bengkulu Tengah"
2025-09-22,PHP17,GLP02,19000,kg,BD-PIHPS,,,,,"PIHPS Provinsi Bengkulu (rata-rata pasar tradisional), bukan harga Bengkulu Tengah"
2025-09-22,PHP17,MGR01,17300,liter,BD-PIHPS,,,,,"PIHPS Provinsi Bengkulu (rata-rata pasar tradisional), bukan harga Bengkulu Tengah"
2025-09-22,PHP17,MGR02,21150,liter,BD-PIHPS,,,,,"PIHPS Provinsi Bengkulu (rata-rata pasar tradisional), bukan harga Bengkulu Tengah"
2025-09-22,PHP17,MGR03,20300,liter,BD-PIHPS,,,,,"PIHPS Provinsi Bengkulu (rata-rata pasar tradisional), bukan harga Bengkulu Tengah"
2025-09-22,PHP17,TLR01,29150,kg,BD-PIHPS,,,,,"PIHPS Provinsi Bengkulu (rata-rata pasar tradisional), bukan harga Bengkulu Tengah"
2025-09-23,PHP17,BRS01,14250,kg,BD-PIHPS,,,,,"PIHPS Provinsi Bengkulu (rata-rata pasar tradisional), bukan harga Bengkulu Tengah"
2025-09-23,PHP17,BRS02,15500,kg,BD-PIHPS,,,,,"PIHPS Provinsi Bengkulu (rata-rata pasar tradisional), bukan harga Bengkulu Tengah"
2025-09-23,PHP17,BRS03,15400,kg,BD-PIHPS,,,,,"PIHPS Provinsi Bengkulu (rata-rata pasar tradisional), bukan harga Bengkulu Tengah"
2025-09-23,PHP17,BRS04,15900,kg,BD-PIHPS,,,,,"PIHPS Provinsi Bengkulu (rata-rata pasar tradisional), bukan harga Bengkulu Tengah"
2025-09-23,PHP17,BRS05,15900,kg,BD-PIHPS,,,,,"PIHPS Provinsi Bengkulu (rata-rata pasar tradisional), bukan harga Bengkulu Tengah"
2025-09-23,PHP17,BRS06,16150,kg,BD-PIHPS,,,,,"PIHPS Provinsi Bengkulu (rata-rata pasar tradisional), bukan harga Bengkulu Tengah"
2025-09-23,PHP17,BWM01,38400,kg,BD-PIHPS,,,,,"PIHPS Provinsi Bengkulu (rata-rata pasar tradisional), bukan harga Bengkulu Tengah"
2025-09-23,PHP17,BWP01,39400,kg,BD-PIHPS,,,,,"PIHPS Provinsi Bengkulu (rata-rata pasar tradisional), bukan harga Bengkulu Tengah"
2025-09-23,PHP17,CMR01,66400,kg,BD-PIHPS,,,,,"PIHPS Provinsi Bengkulu (rata-rata pasar tradisional), bukan harga Bengkulu Tengah"
2025-09-23,PHP17,CMR02,70400,kg,BD-PIHPS,,,,,"PIHPS Provinsi Bengkulu (rata-rata pasar tradisional), bukan harga Bengkulu Tengah"
2025-09-23,PHP17,CRW01,43650,kg,BD-PIHPS,,,,,"PIHPS Provinsi Bengkulu (rata-rata pasar tradisional), bukan harga Bengkulu Tengah"
2025-09-23,PHP17,CRW02,30850,kg,BD-PIHPS,,,,,"PIHPS Provinsi Bengkulu (rata-rata pasar tradisional), bukan harga Bengkulu Tengah"
2025-09-23,PHP17,DAY01,40650,kg,BD-PIHPS,,,,,"PIHPS Provinsi Bengkulu (rata-rata pasar tradisional), bukan harga Bengkulu Tengah"
2025-09-23,PHP17,DSP01,135000,kg,BD-PIHPS,,,,,"PIHPS Provinsi Bengkulu (rata-rata pasar tradisional), bukan harga Bengkulu Tengah"
2025-09-23,PHP17,DSP02,134400,kg,BD-PIHPS,,,,,"PIHPS Provinsi Bengkulu (rata-rata pasar tradisional), bukan harga Bengkulu Tengah"
2025-09-23,PHP17,GLP01,17250,kg,BD-PIHPS,,,,,"PIHPS Provinsi Bengkulu (rata-rata pasar tradisional), bukan harga Bengkulu Tengah"
2025-09-23,PHP17,GLP02,19000,kg,BD-PIHPS,,,,,"PIHPS Provinsi Bengkulu (rata-rata pasar tradisional), bukan harga Bengkulu Tengah"
2025-09-23,PHP17,MGR01,17300,liter,BD-PIHPS,,,,,"PIHPS Provinsi Bengkulu (rata-rata pasar tradisional), bukan harga Bengkulu Tengah"
2025-09-23,PHP17,MGR02,21150,liter,BD-PIHPS,,,,,"PIHPS Provinsi Bengkulu (rata-rata pasar tradisional), bukan harga Bengkulu Tengah"
2025-09-23,PHP17,MGR03,20300,liter,BD-PIHPS,,,,,"PIHPS Provinsi Bengkulu (rata-rata pasar tradisional), bukan harga Bengkulu Tengah"
2025-09-23,PHP17,TLR01,29450,kg,BD-PIHPS,,,,,"PIHPS Provinsi Bengkulu (rata-rata pasar tradisional), bukan harga Bengkulu Tengah"
2025-09-24,PHP17,BRS01,14250,kg,BD-PIHPS,,,,,"PIHPS Provinsi Bengkulu (rata-rata pasar tradisional), bukan harga Bengkulu Tengah"
2025-09-24,PHP17,BRS02,15500,kg,BD-PIHPS,,,,,"PIHPS Provinsi Bengkulu (rata-rata pasar tradisional), bukan harga Bengkulu Tengah"
2025-09-24,PHP17,BRS03,15400,kg,BD-PIHPS,,,,,"PIHPS Provinsi Bengkulu (rata-rata pasar tradisional), bukan harga Bengkulu Tengah"
2025-09-24,PHP17,BRS04,15900,kg,BD-PIHPS,,,,,"PIHPS Provinsi Bengkulu (rata-rata pasar tradisional), bukan harga Bengkulu Tengah"
2025-09-24,PHP17,BRS05,15900,kg,BD-PIHPS,,,,,"PIHPS Provinsi Bengkulu (rata-rata pasar tradisional), bukan harga Bengkulu Tengah"
2025-09-24,PHP17,BRS06,16150,kg,BD-PIHPS,,,,,"PIHPS Provinsi Bengkulu (rata-rata pasar tradisional), bukan harga Bengkulu Tengah"
2025-09-24,PHP17,BWM01,38000,kg,BD-PIHPS,,,,,"PIHPS Provinsi Bengkulu (rata-rata pasar tradisional), bukan harga Bengkulu Tengah"
2025-09-24,PHP17,BWP01,38250,kg,BD-PIHPS,,,,,"PIHPS Provinsi Bengkulu (rata-rata pasar tradisional), bukan harga Bengkulu Tengah"
2025-09-24,PHP17,CMR01,63900,kg,BD-PIHPS,,,,,"PIHPS Provinsi Bengkulu (rata-rata pasar tradisional), bukan harga Bengkulu Tengah"
2025-09-24,PHP17,CMR02,67650,kg,BD-PIHPS,,,,,"PIHPS Provinsi Bengkulu (rata-rata pasar tradisional), bukan harga Bengkulu Tengah"
2025-09-24,PHP17,CRW01,42400,kg,BD-PIHPS,,,,,"PIHPS Provinsi Bengkulu (rata-rata pasar tradisional), bukan harga Bengkulu Tengah"
2025-09-24,PHP17,CRW02,30800,kg,BD-PIHPS,,,,,"PIHPS Provinsi Bengkulu (rata-rata pasar tradisional), bukan harga Bengkulu Tengah"
2025-09-24,PHP17,DAY01,40650,kg,BD-PIHPS,,,,,"PIHPS Provinsi Bengkulu (rata-rata pasar tradisional), bukan harga Bengkulu Tengah"
2025-09-24,PHP17,DSP01,135000,kg,BD-PIHPS,,,,,"PIHPS Provinsi Bengkulu (rata-rata pasar tradisional), bukan harga Bengkulu Tengah"
2025-09-24,PHP17,DSP02,134400,kg,BD-PIHPS,,,,,"PIHPS Provinsi Bengkulu (rata-rata pasar tradisional), bukan harga Bengkulu Tengah"
2025-09-24,PHP17,GLP01,17250,kg,BD-PIHPS,,,,,"PIHPS Provinsi Bengkulu (rata-rata pasar tradisional), bukan harga Bengkulu Tengah"
2025-09-24,PHP17,GLP02,19000,kg,BD-PIHPS,,,,,"PIHPS Provinsi Bengkulu (rata-rata pasar tradisional), bukan harga Bengkulu Tengah"
2025-09-24,PHP17,MGR01,17300,liter,BD-PIHPS,,,,,"PIHPS Provinsi Bengkulu (rata-rata pasar tradisional), bukan harga Bengkulu Tengah"
2025-09-24,PHP17,MGR02,21150,liter,BD-PIHPS,,,,,"PIHPS Provinsi Bengkulu (rata-rata pasar tradisional), bukan harga Bengkulu Tengah"
2025-09-24,PHP17,MGR03,20300,liter,BD-PIHPS,,,,,"PIHPS Provinsi Bengkulu (rata-rata pasar tradisional), bukan harga Bengkulu Tengah"
2025-09-24,PHP17,TLR01,29450,kg,BD-PIHPS,,,,,"PIHPS Provinsi Bengkulu (rata-rata pasar tradisional), bukan harga Bengkulu Tengah"
2025-09-25,PHP17,BRS01,14250,kg,BD-PIHPS,,,,,"PIHPS Provinsi Bengkulu (rata-rata pasar tradisional), bukan harga Bengkulu Tengah"
2025-09-25,PHP17,BRS02,15500,kg,BD-PIHPS,,,,,"PIHPS Provinsi Bengkulu (rata-rata pasar tradisional), bukan harga Bengkulu Tengah"
2025-09-25,PHP17,BRS03,15400,kg,BD-PIHPS,,,,,"PIHPS Provinsi Bengkulu (rata-rata pasar tradisional), bukan harga Bengkulu Tengah"
2025-09-25,PHP17,BRS04,15900,kg,BD-PIHPS,,,,,"PIHPS Provinsi Bengkulu (rata-rata pasar tradisional), bukan harga Bengkulu Tengah"
2025-09-25,PHP17,BRS05,15900,kg,BD-PIHPS,,,,,"PIHPS Provinsi Bengkulu (rata-rata pasar tradisional), bukan harga Bengkulu Tengah"
2025-09-25,PHP17,BRS06,16150,kg,BD-PIHPS,,,,,"PIHPS Provinsi Bengkulu (rata-rata pasar tradisional), bukan harga Bengkulu Tengah"
2025-09-25,PHP17,BWM01,39750,kg,BD-PIHPS,,,,,"PIHPS Provinsi Bengkulu (rata-rata pasar tradisional), bukan harga Bengkulu Tengah"
2025-09-25,PHP17,BWP01,38250,kg,BD-PIHPS,,,,,"PIHPS Provinsi Bengkulu (rata-rata pasar tradisional), bukan harga Bengkulu Tengah"
2025-09-25,PHP17,CMR01,62500,kg,BD-PIHPS,,,,,"PIHPS Provinsi Bengkulu (rata-rata pasar tradisional), bukan harga Bengkulu Tengah"
2025-09-25,PHP17,CMR02,66250,kg,BD-PIHPS,,,,,"PIHPS Provinsi Bengkulu (rata-rata pasar tradisional), bukan harga Bengkulu Tengah"
2025-09-25,PHP17,CRW01,41750,kg,BD-PIHPS,,,,,"PIHPS Provinsi Bengkulu (rata-rata pasar tradisional), bukan harga Bengkulu Tengah"
2025-09-25,PHP17,CRW02,32500,kg,BD-PIHPS,,,,,"PIHPS Provinsi Bengkulu (rata-rata pasar tradisional), bukan harga Bengkulu Tengah"
2025-09-25,PHP17,DAY01,40650,kg,BD-PIHPS,,,,,"PIHPS Provinsi Bengkulu (rata-rata pasar tradisional), bukan harga Bengkulu Tengah"
2025-09-25,PHP17,DSP01,135000,kg,BD-PIHPS,,,,,"PIHPS Provinsi Bengkulu (rata-rata pasar tradisional), bukan harga Bengkulu Tengah"
2025-09-25,PHP17,DSP02,134400,kg,BD-PIHPS,,,,,"PIHPS Provinsi Bengkulu (rata-rata pasar tradisional), bukan harga Bengkulu Tengah"
2025-09-25,PHP17,GLP01,17250,kg,BD-PIHPS,,,,,"PIHPS Provinsi Bengkulu (rata-rata pasar tradisional), bukan harga Bengkulu Tengah"
2025-09-25,PHP17,GLP02,19000,kg,BD-PIHPS,,,,,"PIHPS Provinsi Bengkulu (rata-rata pasar tradisional), bukan harga Bengkulu Tengah"
2025-09-25,PHP17,MGR01,17300,liter,BD-PIHPS,,,,,"PIHPS Provinsi Bengkulu (rata-rata pasar tradisional), bukan harga Bengkulu Tengah"
2025-09-25,PHP17,MGR02,21150,liter,BD-PIHPS,,,,,"PIHPS Provinsi Bengkulu (rata-rata pasar tradisional), bukan harga Bengkulu Tengah"
2025-09-25,PHP17,MGR03,20300,liter,BD-PIHPS,,,,,"PIHPS Provinsi Bengkulu (rata-rata pasar tradisional), bukan harga Bengkulu Tengah"
2025-09-25,PHP17,TLR01,29450,kg,BD-PIHPS,,,,,"PIHPS Provinsi Bengkulu (rata-rata pasar tradisional), bukan harga Bengkulu Tengah"
2025-09-26,PHP17,BRS01,14250,kg,BD-PIHPS,,,,,"PIHPS Provinsi Bengkulu (rata-rata pasar tradisional), bukan harga Bengkulu Tengah"
2025-09-26,PHP17,BRS02,15500,kg,BD-PIHPS,,,,,"PIHPS Provinsi Bengkulu (rata-rata pasar tradisional), bukan harga Bengkulu Tengah"
2025-09-26,PHP17,BRS03,15400,kg,BD-PIHPS,,,,,"PIHPS Provinsi Bengkulu (rata-rata pasar tradisional), bukan harga Bengkulu Tengah"
2025-09-26,PHP17,BRS04,15900,kg,BD-PIHPS,,,,,"PIHPS Provinsi Bengkulu (rata-rata pasar tradisional), bukan harga Bengkulu Tengah"
2025-09-26,PHP17,BRS05,15900,kg,BD-PIHPS,,,,,"PIHPS Provinsi Bengkulu (rata-rata pasar tradisional), bukan harga Bengkulu Tengah"
2025-09-26,PHP17,BRS06,16150,kg,BD-PIHPS,,,,,"PIHPS Provinsi Bengkulu (rata-rata pasar tradisional), bukan harga Bengkulu Tengah"
2025-09-26,PHP17,BWM01,40250,kg,BD-PIHPS,,,,,"PIHPS Provinsi Bengkulu (rata-rata pasar tradisional), bukan harga Bengkulu Tengah"
2025-09-26,PHP17,BWP01,38250,kg,BD-PIHPS,,,,,"PIHPS Provinsi Bengkulu (rata-rata pasar tradisional), bukan harga Bengkulu Tengah"
2025-09-26,PHP17,CMR01,62250,kg,BD-PIHPS,,,,,"PIHPS Provinsi Bengkulu (rata-rata pasar tradisional), bukan harga Bengkulu Tengah"
2025-09-26,PHP17,CMR02,66000,kg,BD-PIHPS,,,,,"PIHPS Provinsi Bengkulu (rata-rata pasar tradisional), bukan harga Bengkulu Tengah"
2025-09-26,PHP17,CRW01,39500,kg,BD-PIHPS,,,,,"PIHPS Provinsi Bengkulu (rata-rata pasar tradisional), bukan harga Bengkulu Tengah"
2025-09-26,PHP17,CRW02,31300,kg,BD-PIHPS,,,,,"PIHPS Provinsi Bengkulu (rata-rata pasar tradisional), bukan harga Bengkulu Tengah"
2025-09-26,PHP17,DAY01,40650,kg,BD-PIHPS,,,,,"PIHPS Provinsi Bengkulu (rata-rata pasar tradisional), bukan harga Bengkulu Tengah"
2025-09-26,PHP17,DSP01,135000,kg,BD-PIHPS,,,,,"PIHPS Provinsi Bengkulu (rata-rata pasar tradisional), bukan harga Bengkulu Tengah"
2025-09-26,PHP17,DSP02,134400,kg,BD-PIHPS,,,,,"PIHPS Provinsi Bengkulu (rata-rata pasar tradisional), bukan harga Bengkulu Tengah"
2025-09-26,PHP17,GLP01,17250,kg,BD-PIHPS,,,,,"PIHPS Provinsi Bengkulu (rata-rata pasar tradisional), bukan harga Bengkulu Tengah"
2025-09-26,PHP17,GLP02,19000,kg,BD-PIHPS,,,,,"PIHPS Provinsi Bengkulu (rata-rata pasar tradisional), bukan harga Bengkulu Tengah"
2025-09-26,PHP17,MGR01,17300,liter,BD-PIHPS,,,,,"PIHPS Provinsi Bengkulu (rata-rata pasar tradisional), bukan harga Bengkulu Tengah"
2025-09-26,PHP17,MGR02,21150,liter,BD-PIHPS,,,,,"PIHPS Provinsi Bengkulu (rata-rata pasar tradisional), bukan harga Bengkulu Tengah"
2025-09-26,PHP17,MGR03,20300,liter,BD-PIHPS,,,,,"PIHPS Provinsi Bengkulu (rata-rata pasar tradisional), bukan harga Bengkulu Tengah"
2025-09-26,PHP17,TLR01,29450,kg,BD-PIHPS,,,,,"PIHPS Provinsi Bengkulu (rata-rata pasar tradisional), bukan harga Bengkulu Tengah"
2025-09-29,PHP17,BRS01,14250,kg,BD-PIHPS,,,,,"PIHPS Provinsi Bengkulu (rata-rata pasar tradisional), bukan harga Bengkulu Tengah"
2025-09-29,PHP17,BRS02,15500,kg,BD-PIHPS,,,,,"PIHPS Provinsi Bengkulu (rata-rata pasar tradisional), bukan harga Bengkulu Tengah"
2025-09-29,PHP17,BRS03,15400,kg,BD-PIHPS,,,,,"PIHPS Provinsi Bengkulu (rata-rata pasar tradisional), bukan harga Bengkulu Tengah"
2025-09-29,PHP17,BRS04,15900,kg,BD-PIHPS,,,,,"PIHPS Provinsi Bengkulu (rata-rata pasar tradisional), bukan harga Bengkulu Tengah"
2025-09-29,PHP17,BRS05,15900,kg,BD-PIHPS,,,,,"PIHPS Provinsi Bengkulu (rata-rata pasar tradisional), bukan harga Bengkulu Tengah"
2025-09-29,PHP17,BRS06,16150,kg,BD-PIHPS,,,,,"PIHPS Provinsi Bengkulu (rata-rata pasar tradisional), bukan harga Bengkulu Tengah"
2025-09-29,PHP17,BWM01,40250,kg,BD-PIHPS,,,,,"PIHPS Provinsi Bengkulu (rata-rata pasar tradisional), bukan harga Bengkulu Tengah"
2025-09-29,PHP17,BWP01,38250,kg,BD-PIHPS,,,,,"PIHPS Provinsi Bengkulu (rata-rata pasar tradisional), bukan harga Bengkulu Tengah"
2025-09-29,PHP17,CMR01,59150,kg,BD-PIHPS,,,,,"PIHPS Provinsi Bengkulu (rata-rata pasar tradisional), bukan harga Bengkulu Tengah"
2025-09-29,PHP17,CMR02,63150,kg,BD-PIHPS,,,,,"PIHPS Provinsi Bengkulu (rata-rata pasar tradisional), bukan harga Bengkulu Tengah"
2025-09-29,PHP17,CRW01,39750,kg,BD-PIHPS,,,,,"PIHPS Provinsi Bengkulu (rata-rata pasar tradisional), bukan harga Bengkulu Tengah"
2025-09-29,PHP17,CRW02,30600,kg,BD-PIHPS,,,,,"PIHPS Provinsi Bengkulu (rata-rata pasar tradisional), bukan harga Bengkulu Tengah"
2025-09-29,PHP17,DAY01,38750,kg,BD-PIHPS,,,,,"PIHPS Provinsi Bengkulu (rata-rata pasar tradisional), bukan harga Bengkulu Tengah"
2025-09-29,PHP17,DSP01,135000,kg,BD-PIHPS,,,,,"PIHPS Provinsi Bengkulu (rata-rata pasar tradisional), bukan harga Bengkulu Tengah"
2025-09-29,PHP17,DSP02,134400,kg,BD-PIHPS,,,,,"PIHPS Provinsi Bengkulu (rata-rata pasar tradisional), bukan harga Bengkulu Tengah"
2025-09-29,PHP17,GLP01,17250,kg,BD-PIHPS,,,,,"PIHPS Provinsi Bengkulu (rata-rata pasar tradisional), bukan harga Bengkulu Tengah"
2025-09-29,PHP17,GLP02,19000,kg,BD-PIHPS,,,,,"PIHPS Provinsi Bengkulu (rata-rata pasar tradisional), bukan harga Bengkulu Tengah"
2025-09-29,PHP17,MGR01,17300,liter,BD-PIHPS,,,,,"PIHPS Provinsi Bengkulu (rata-rata pasar tradisional), bukan harga Bengkulu Tengah"
2025-09-29,PHP17,MGR02,21150,liter,BD-PIHPS,,,,,"PIHPS Provinsi Bengkulu (rata-rata pasar tradisional), bukan harga Bengkulu Tengah"
2025-09-29,PHP17,MGR03,20300,liter,BD-PIHPS,,,,,"PIHPS Provinsi Bengkulu (rata-rata pasar tradisional), bukan harga Bengkulu Tengah"
2025-09-29,PHP17,TLR01,29450,kg,BD-PIHPS,,,,,"PIHPS Provinsi Bengkulu (rata-rata pasar tradisional), bukan harga Bengkulu Tengah"
2025-09-30,PHP17,BRS01,14250,kg,BD-PIHPS,,,,,"PIHPS Provinsi Bengkulu (rata-rata pasar tradisional), bukan harga Bengkulu Tengah"
2025-09-30,PHP17,BRS02,15500,kg,BD-PIHPS,,,,,"PIHPS Provinsi Bengkulu (rata-rata pasar tradisional), bukan harga Bengkulu Tengah"
2025-09-30,PHP17,BRS03,15400,kg,BD-PIHPS,,,,,"PIHPS Provinsi Bengkulu (rata-rata pasar tradisional), bukan harga Bengkulu Tengah"
2025-09-30,PHP17,BRS04,15900,kg,BD-PIHPS,,,,,"PIHPS Provinsi Bengkulu (rata-rata pasar tradisional), bukan harga Bengkulu Tengah"
2025-09-30,PHP17,BRS05,15900,kg,BD-PIHPS,,,,,"PIHPS Provinsi Bengkulu (rata-rata pasar tradisional), bukan harga Bengkulu Tengah"
2025-09-30,PHP17,BRS06,16150,kg,BD-PIHPS,,,,,"PIHPS Provinsi Bengkulu (rata-rata pasar tradisional), bukan harga Bengkulu Tengah"
2025-09-30,PHP17,BWM01,39650,kg,BD-PIHPS,,,,,"PIHPS Provinsi Bengkulu (rata-rata pasar tradisional), bukan harga Bengkulu Tengah"
2025-09-30,PHP17,BWP01,38250,kg,BD-PIHPS,,,,,"PIHPS Provinsi Bengkulu (rata-rata pasar tradisional), bukan harga Bengkulu Tengah"
2025-09-30,PHP17,CMR01,56250,kg,BD-PIHPS,,,,,"PIHPS Provinsi Bengkulu (rata-rata pasar tradisional), bukan harga Bengkulu Tengah"
2025-09-30,PHP17,CMR02,60150,kg,BD-PIHPS,,,,,"PIHPS Provinsi Bengkulu (rata-rata pasar tradisional), bukan harga Bengkulu Tengah"
2025-09-30,PHP17,CRW01,39650,kg,BD-PIHPS,,,,,"PIHPS Provinsi Bengkulu (rata-rata pasar tradisional), bukan harga Bengkulu Tengah"
2025-09-30,PHP17,CRW02,29000,kg,BD-PIHPS,,,,,"PIHPS Provinsi Bengkulu (rata-rata pasar tradisional), bukan harga Bengkulu Tengah"
2025-09-30,PHP17,DAY01,38250,kg,BD-PIHPS,,,,,"PIHPS Provinsi Bengkulu (rata-rata pasar tradisional), bukan harga Bengkulu Tengah"
2025-09-30,PHP17,DSP01,135000,kg,BD-PIHPS,,,,,"PIHPS Provinsi Bengkulu (rata-rata pasar tradisional), bukan harga Bengkulu Tengah"
2025-09-30,PHP17,DSP02,134400,kg,BD-PIHPS,,,,,"PIHPS Provinsi Bengkulu (rata-rata pasar tradisional), bukan harga Bengkulu Tengah"
2025-09-30,PHP17,GLP01,17250,kg,BD-PIHPS,,,,,"PIHPS Provinsi Bengkulu (rata-rata pasar tradisional), bukan harga Bengkulu Tengah"
2025-09-30,PHP17,GLP02,19000,kg,BD-PIHPS,,,,,"PIHPS Provinsi Bengkulu (rata-rata pasar tradisional), bukan harga Bengkulu Tengah"
2025-09-30,PHP17,MGR01,17300,liter,BD-PIHPS,,,,,"PIHPS Provinsi Bengkulu (rata-rata pasar tradisional), bukan harga Bengkulu Tengah"
2025-09-30,PHP17,MGR02,21150,liter,BD-PIHPS,,,,,"PIHPS Provinsi Bengkulu (rata-rata pasar tradisional), bukan harga Bengkulu Tengah"
2025-09-30,PHP17,MGR03,20300,liter,BD-PIHPS,,,,,"PIHPS Provinsi Bengkulu (rata-rata pasar tradisional), bukan harga Bengkulu Tengah"
2025-09-30,PHP17,TLR01,29450,kg,BD-PIHPS,,,,,"PIHPS Provinsi Bengkulu (rata-rata pasar tradisional), bukan harga Bengkulu Tengah"
2025-10-01,PHP17,BRS01,14250,kg,BD-PIHPS,,,,,"PIHPS Provinsi Bengkulu (rata-rata pasar tradisional), bukan harga Bengkulu Tengah"
2025-10-01,PHP17,BRS02,15500,kg,BD-PIHPS,,,,,"PIHPS Provinsi Bengkulu (rata-rata pasar tradisional), bukan harga Bengkulu Tengah"
2025-10-01,PHP17,BRS03,15400,kg,BD-PIHPS,,,,,"PIHPS Provinsi Bengkulu (rata-rata pasar tradisional), bukan harga Bengkulu Tengah"
2025-10-01,PHP17,BRS04,15900,kg,BD-PIHPS,,,,,"PIHPS Provinsi Bengkulu (rata-rata pasar tradisional), bukan harga Bengkulu Tengah"
2025-10-01,PHP17,BRS05,15900,kg,BD-PIHPS,,,,,"PIHPS Provinsi Bengkulu (rata-rata pasar tradisional), bukan harga Bengkulu Tengah"
2025-10-01,PHP17,BRS06,16150,kg,BD-PIHPS,,,,,"PIHPS Provinsi Bengkulu (rata-rata pasar tradisional), bukan harga Bengkulu Tengah"
2025-10-01,PHP17,BWM01,40500,kg,BD-PIHPS,,,,,"PIHPS Provinsi Bengkulu (rata-rata pasar tradisional), bukan harga Bengkulu Tengah"
2025-10-01,PHP17,BWP01,39650,kg,BD-PIHPS,,,,,"PIHPS Provinsi Bengkulu (rata-rata pasar tradisional), bukan harga Bengkulu Tengah"
2025-10-01,PHP17,CMR01,57150,kg,BD-PIHPS,,,,,"PIHPS Provinsi Bengkulu (rata-rata pasar tradisional), bukan harga Bengkulu Tengah"
2025-10-01,PHP17,CMR02,61750,kg,BD-PIHPS,,,,,"PIHPS Provinsi Bengkulu (rata-rata pasar tradisional), bukan harga Bengkulu Tengah"
2025-10-01,PHP17,CRW01,39650,kg,BD-PIHPS,,,,,"PIHPS Provinsi Bengkulu (rata-rata pasar tradisional), bukan harga Bengkulu Tengah"
2025-10-01,PHP17,CRW02,31650,kg,BD-PIHPS,,,,,"PIHPS Provinsi Bengkulu (rata-rata pasar tradisional), bukan harga Bengkulu Tengah"
2025-10-01,PHP17,DAY01,38650,kg,BD-PIHPS,,,,,"PIHPS Provinsi Bengkulu (rata-rata pasar tradisional), bukan harga Bengkulu Tengah"
2025-10-01,PHP17,DSP01,135000,kg,BD-PIHPS,,,,,"PIHPS Provinsi Bengkulu (rata-rata pasar tradisional), bukan harga Bengkulu Tengah"
2025-10-01,PHP17,DSP02,134400,kg,BD-PIHPS,,,,,"PIHPS Provinsi Bengkulu (rata-rata pasar tradisional), bukan harga Bengkulu Tengah"
2025-10-01,PHP17,GLP01,17250,kg,BD-PIHPS,,,,,"PIHPS Provinsi Bengkulu (rata-rata pasar tradisional), bukan harga Bengkulu Tengah"
2025-10-01,PHP17,GLP02,19000,kg,BD-PIHPS,,,,,"PIHPS Provinsi Bengkulu (rata-rata pasar tradisional), bukan harga Bengkulu Tengah"
2025-10-01,PHP17,MGR01,17300,liter,BD-PIHPS,,,,,"PIHPS Provinsi Bengkulu (rata-rata pasar tradisional), bukan harga Bengkulu Tengah"
2025-10-01,PHP17,MGR02,21150,liter,BD-PIHPS,,,,,"PIHPS Provinsi Bengkulu (rata-rata pasar tradisional), bukan harga Bengkulu Tengah"
2025-10-01,PHP17,MGR03,20300,liter,BD-PIHPS,,,,,"PIHPS Provinsi Bengkulu (rata-rata pasar tradisional), bukan harga Bengkulu Tengah"
2025-10-01,PHP17,TLR01,29450,kg,BD-PIHPS,,,,,"PIHPS Provinsi Bengkulu (rata-rata pasar tradisional), bukan harga Bengkulu Tengah"
2025-10-02,PHP17,BRS01,14250,kg,BD-PIHPS,,,,,"PIHPS Provinsi Bengkulu (rata-rata pasar tradisional), bukan harga Bengkulu Tengah"
2025-10-02,PHP17,BRS02,15500,kg,BD-PIHPS,,,,,"PIHPS Provinsi Bengkulu (rata-rata pasar tradisional), bukan harga Bengkulu Tengah"
2025-10-02,PHP17,BRS03,15400,kg,BD-PIHPS,,,,,"PIHPS Provinsi Bengkulu (rata-rata pasar tradisional), bukan harga Bengkulu Tengah"
2025-10-02,PHP17,BRS04,15900,kg,BD-PIHPS,,,,,"PIHPS Provinsi Bengkulu (rata-rata pasar tradisional), bukan harga Bengkulu Tengah"
2025-10-02,PHP17,BRS05,15900,kg,BD-PIHPS,,,,,"PIHPS Provinsi Bengkulu (rata-rata pasar tradisional), bukan harga Bengkulu Tengah"
2025-10-02,PHP17,BRS06,16150,kg,BD-PIHPS,,,,,"PIHPS Provinsi Bengkulu (rata-rata pasar tradisional), bukan harga Bengkulu Tengah"
2025-10-02,PHP17,BWM01,40250,kg,BD-PIHPS,,,,,"PIHPS Provinsi Bengkulu (rata-rata pasar tradisional), bukan harga Bengkulu Tengah"
2025-10-02,PHP17,BWP01,39650,kg,BD-PIHPS,,,,,"PIHPS Provinsi Bengkulu (rata-rata pasar tradisional), bukan harga Bengkulu Tengah"
2025-10-02,PHP17,CMR01,54400,kg,BD-PIHPS,,,,,"PIHPS Provinsi Bengkulu (rata-rata pasar tradisional), bukan harga Bengkulu Tengah"
2025-10-02,PHP17,CMR02,59000,kg,BD-PIHPS,,,,,"PIHPS Provinsi Bengkulu (rata-rata pasar tradisional), bukan harga Bengkulu Tengah"
2025-10-02,PHP17,CRW01,38500,kg,BD-PIHPS,,,,,"PIHPS Provinsi Bengkulu (rata-rata pasar tradisional), bukan harga Bengkulu Tengah"
2025-10-02,PHP17,CRW02,30350,kg,BD-PIHPS,,,,,"PIHPS Provinsi Bengkulu (rata-rata pasar tradisional), bukan harga Bengkulu Tengah"
2025-10-02,PHP17,DAY01,38000,kg,BD-PIHPS,,,,,"PIHPS Provinsi Bengkulu (rata-rata pasar tradisional), bukan harga Bengkulu Tengah"
2025-10-02,PHP17,DSP01,135000,kg,BD-PIHPS,,,,,"PIHPS Provinsi Bengkulu (rata-rata pasar tradisional), bukan harga Bengkulu Tengah"
2025-10-02,PHP17,DSP02,134400,kg,BD-PIHPS,,,,,"PIHPS Provinsi Bengkulu (rata-rata pasar tradisional), bukan harga Bengkulu Tengah"
2025-10-02,PHP17,GLP01,17150,kg,BD-PIHPS,,,,,"PIHPS Provinsi Bengkulu (rata-rata pasar tradisional), bukan harga Bengkulu Tengah"
2025-10-02,PHP17,GLP02,19150,kg,BD-PIHPS,,,,,"PIHPS Provinsi Bengkulu (rata-rata pasar tradisional), bukan harga Bengkulu Tengah"
2025-10-02,PHP17,MGR01,17250,liter,BD-PIHPS,,,,,"PIHPS Provinsi Bengkulu (rata-rata pasar tradisional), bukan harga Bengkulu Tengah"
2025-10-02,PHP17,MGR02,21150,liter,BD-PIHPS,,,,,"PIHPS Provinsi Bengkulu (rata-rata pasar tradisional), bukan harga Bengkulu Tengah"
2025-10-02,PHP17,MGR03,20300,liter,BD-PIHPS,,,,,"PIHPS Provinsi Bengkulu (rata-rata pasar tradisional), bukan harga Bengkulu Tengah"
2025-10-02,PHP17,TLR01,29450,kg,BD-PIHPS,,,,,"PIHPS Provinsi Bengkulu (rata-rata pasar tradisional), bukan harga Bengkulu Tengah"
2025-10-03,PHP17,BRS01,14350,kg,BD-PIHPS,,,,,"PIHPS Provinsi Bengkulu (rata-rata pasar tradisional), bukan harga Bengkulu Tengah"
2025-10-03,PHP17,BRS02,15550,kg,BD-PIHPS,,,,,"PIHPS Provinsi Bengkulu (rata-rata pasar tradisional), bukan harga Bengkulu Tengah"
2025-10-03,PHP17,BRS03,15400,kg,BD-PIHPS,,,,,"PIHPS Provinsi Bengkulu (rata-rata pasar tradisional), bukan harga Bengkulu Tengah"
2025-10-03,PHP17,BRS04,16100,kg,BD-PIHPS,,,,,"PIHPS Provinsi Bengkulu (rata-rata pasar tradisional), bukan harga Bengkulu Tengah"
2025-10-03,PHP17,BRS05,15900,kg,BD-PIHPS,,,,,"PIHPS Provinsi Bengkulu (rata-rata pasar tradisional), bukan harga Bengkulu Tengah"
2025-10-03,PHP17,BRS06,16350,kg,BD-PIHPS,,,,,"PIHPS Provinsi Bengkulu (rata-rata pasar tradisional), bukan harga Bengkulu Tengah"
2025-10-03,PHP17,BWM01,40000,kg,BD-PIHPS,,,,,"PIHPS Provinsi Bengkulu (rata-rata pasar tradisional), bukan harga Bengkulu Tengah"
2025-10-03,PHP17,BWP01,39500,kg,BD-PIHPS,,,,,"PIHPS Provinsi Bengkulu (rata-rata pasar tradisional), bukan harga Bengkulu Tengah"
2025-10-03,PHP17,CMR01,51650,kg,BD-PIHPS,,,,,"PIHPS Provinsi Bengkulu (rata-rata pasar tradisional), bukan harga Bengkulu Tengah"
2025-10-03,PHP17,CMR02,56400,kg,BD-PIHPS,,,,,"PIHPS Provinsi Bengkulu (rata-rata pasar tradisional), bukan harga Bengkulu Tengah"
2025-10-03,PHP17,CRW01,37000,kg,BD-PIHPS,,,,,"PIHPS Provinsi Bengkulu (rata-rata pasar tradisional), bukan harga Bengkulu Tengah"
2025-10-03,PHP17,CRW02,29650,kg,BD-PIHPS,,,,,"PIHPS Provinsi Bengkulu (rata-rata pasar tradisional), bukan harga Bengkulu Tengah"
2025-10-03,PHP17,DAY01,38000,kg,BD-PIHPS,,,,,"PIHPS Provinsi Bengkulu (rata-rata pasar tradisional), bukan harga Bengkulu Tengah"
2025-10-03,PHP17,DSP01,135000,kg,BD-PIHPS,,,,,"PIHPS Provinsi Bengkulu (rata-rata pasar tradisional), bukan harga Bengkulu Tengah"
2025-10-03,PHP17,DSP02,134400,kg,BD-PIHPS,,,,,"PIHPS Provinsi Bengkulu (rata-rata pasar tradisional), bukan harga Bengkulu Tengah"
2025-10-03,PHP17,GLP01,17150,kg,BD-PIHPS,,,,,"PIHPS Provinsi Bengkulu (rata-rata pasar tradisional), bukan harga Bengkulu Tengah"
2025-10-03,PHP17,GLP02,19150,kg,BD-PIHPS,,,,,"PIHPS Provinsi Bengkulu (rata-rata pasar tradisional), bukan harga Bengkulu Tengah"
2025-10-03,PHP17,MGR01,17250,liter,BD-PIHPS,,,,,"PIHPS Provinsi Bengkulu (rata-rata pasar tradisional), bukan harga Bengkulu Tengah"
2025-10-03,PHP17,MGR02,21050,liter,BD-PIHPS,,,,,"PIHPS Provinsi Bengkulu (rata-rata pasar tradisional), bukan harga Bengkulu Tengah"
2025-10-03,PHP17,MGR03,20300,liter,BD-PIHPS,,,,,"PIHPS Provinsi Bengkulu (rata-rata pasar tradisional), bukan harga Bengkulu Tengah"
2025-10-03,PHP17,TLR01,29450,kg,BD-PIHPS,,,,,"PIHPS Provinsi Bengkulu (rata-rata pasar tradisional), bukan harga Bengkulu Tengah"
2025-10-06,PHP17,BRS01,14350,kg,BD-PIHPS,,,,,"PIHPS Provinsi Bengkulu (rata-rata pasar tradisional), bukan harga Bengkulu Tengah"
2025-10-06,PHP17,BRS02,15550,kg,BD-PIHPS,,,,,"PIHPS Provinsi Bengkulu (rata-rata pasar tradisional), bukan harga Bengkulu Tengah"
2025-10-06,PHP17,BRS03,15400,kg,BD-PIHPS,,,,,"PIHPS Provinsi Bengkulu (rata-rata pasar tradisional), bukan harga Bengkulu Tengah"
2025-10-06,PHP17,BRS04,16100,kg,BD-PIHPS,,,,,"PIHPS Provinsi Bengkulu (rata-rata pasar tradisional), bukan harga Bengkulu Tengah"
2025-10-06,PHP17,BRS05,15900,kg,BD-PIHPS,,,,,"PIHPS Provinsi Bengkulu (rata-rata pasar tradisional), bukan harga Bengkulu Tengah"
2025-10-06,PHP17,BRS06,16350,kg,BD-PIHPS,,,,,"PIHPS Provinsi Bengkulu (rata-rata pasar tradisional), bukan harga Bengkulu Tengah"
2025-10-06,PHP17,BWM01,40000,kg,BD-PIHPS,,,,,"PIHPS Provinsi Bengkulu (rata-rata pasar tradisional), bukan harga Bengkulu Tengah"
2025-10-06,PHP17,BWP01,39500,kg,BD-PIHPS,,,,,"PIHPS Provinsi Bengkulu (rata-rata pasar tradisional), bukan harga Bengkulu Tengah"
2025-10-06,PHP17,CMR01,58000,kg,BD-PIHPS,,,,,"PIHPS Provinsi Bengkulu (rata-rata pasar tradisional), bukan harga Bengkulu Tengah"
2025-10-06,PHP17,CMR02,63150,kg,BD-PIHPS,,,,,"PIHPS Provinsi Bengkulu (rata-rata pasar tradisional), bukan harga Bengkulu Tengah"
2025-10-06,PHP17,CRW01,36150,kg,BD-PIHPS,,,,,"PIHPS Provinsi Bengkulu (rata-rata pasar tradisional), bukan harga Bengkulu Tengah"
2025-10-06,PHP17,CRW02,29400,kg,BD-PIHPS,,,,,"PIHPS Provinsi Bengkulu (rata-rata pasar tradisional), bukan harga Bengkulu Tengah"
2025-10-06,PHP17,DAY01,38650,kg,BD-PIHPS,,,,,"PIHPS Provinsi Bengkulu (rata-rata pasar tradisional), bukan harga Bengkulu Tengah"
2025-10-06,PHP17,DSP01,135000,kg,BD-PIHPS,,,,,"PIHPS Provinsi Bengkulu (rata-rata pasar tradisional), bukan harga Bengkulu Tengah"
2025-10-06,PHP17,DSP02,134400,kg,BD-PIHPS,,,,,"PIHPS Provinsi Bengkulu (rata-rata pasar tradisional), bukan harga Bengkulu Tengah"
2025-10-06,PHP17,GLP01,17150,kg,BD-PIHPS,,,,,"PIHPS Provinsi Bengkulu (rata-rata pasar tradisional), bukan harga Bengkulu Tengah"
2025-10-06,PHP17,GLP02,19150,kg,BD-PIHPS,,,,,"PIHPS Provinsi Bengkulu (rata-rata pasar tradisional), bukan harga Bengkulu Tengah"
2025-10-06,PHP17,MGR01,17250,liter,BD-PIHPS,,,,,"PIHPS Provinsi Bengkulu (rata-rata pasar tradisional), bukan harga Bengkulu Tengah"
2025-10-06,PHP17,MGR02,21050,liter,BD-PIHPS,,,,,"PIHPS Provinsi Bengkulu (rata-rata pasar tradisional), bukan harga Bengkulu Tengah"
2025-10-06,PHP17,MGR03,20300,liter,BD-PIHPS,,,,,"PIHPS Provinsi Bengkulu (rata-rata pasar tradisional), bukan harga Bengkulu Tengah"
2025-10-06,PHP17,TLR01,29450,kg,BD-PIHPS,,,,,"PIHPS Provinsi Bengkulu (rata-rata pasar tradisional), bukan harga Bengkulu Tengah"
2025-10-07,PHP17,BRS01,14350,kg,BD-PIHPS,,,,,"PIHPS Provinsi Bengkulu (rata-rata pasar tradisional), bukan harga Bengkulu Tengah"
2025-10-07,PHP17,BRS02,15550,kg,BD-PIHPS,,,,,"PIHPS Provinsi Bengkulu (rata-rata pasar tradisional), bukan harga Bengkulu Tengah"
2025-10-07,PHP17,BRS03,15400,kg,BD-PIHPS,,,,,"PIHPS Provinsi Bengkulu (rata-rata pasar tradisional), bukan harga Bengkulu Tengah"
2025-10-07,PHP17,BRS04,16100,kg,BD-PIHPS,,,,,"PIHPS Provinsi Bengkulu (rata-rata pasar tradisional), bukan harga Bengkulu Tengah"
2025-10-07,PHP17,BRS05,15900,kg,BD-PIHPS,,,,,"PIHPS Provinsi Bengkulu (rata-rata pasar tradisional), bukan harga Bengkulu Tengah"
2025-10-07,PHP17,BRS06,16350,kg,BD-PIHPS,,,,,"PIHPS Provinsi Bengkulu (rata-rata pasar tradisional), bukan harga Bengkulu Tengah"
2025-10-07,PHP17,BWM01,40250,kg,BD-PIHPS,,,,,"PIHPS Provinsi Bengkulu (rata-rata pasar tradisional), bukan harga Bengkulu Tengah"
2025-10-07,PHP17,BWP01,39650,kg,BD-PIHPS,,,,,"PIHPS Provinsi Bengkulu (rata-rata pasar tradisional), bukan harga Bengkulu Tengah"
2025-10-07,PHP17,CMR01,62150,kg,BD-PIHPS,,,,,"PIHPS Provinsi Bengkulu (rata-rata pasar tradisional), bukan harga Bengkulu Tengah"
2025-10-07,PHP17,CMR02,67750,kg,BD-PIHPS,,,,,"PIHPS Provinsi Bengkulu (rata-rata pasar tradisional), bukan harga Bengkulu Tengah"
2025-10-07,PHP17,CRW01,37150,kg,BD-PIHPS,,,,,"PIHPS Provinsi Bengkulu (rata-rata pasar tradisional), bukan harga Bengkulu Tengah"
2025-10-07,PHP17,CRW02,29900,kg,BD-PIHPS,,,,,"PIHPS Provinsi Bengkulu (rata-rata pasar tradisional), bukan harga Bengkulu Tengah"
2025-10-07,PHP17,DAY01,38650,kg,BD-PIHPS,,,,,"PIHPS Provinsi Bengkulu (rata-rata pasar tradisional), bukan harga Bengkulu Tengah"
2025-10-07,PHP17,DSP01,135000,kg,BD-PIHPS,,,,,"PIHPS Provinsi Bengkulu (rata-rata pasar tradisional), bukan harga Bengkulu Tengah"
2025-10-07,PHP17,DSP02,134400,kg,BD-PIHPS,,,,,"PIHPS Provinsi Bengkulu (rata-rata pasar tradisional), bukan harga Bengkulu Tengah"
2025-10-07,PHP17,GLP01,17150,kg,BD-PIHPS,,,,,"PIHPS Provinsi Bengkulu (rata-rata pasar tradisional), bukan harga Bengkulu Tengah"
2025-10-07,PHP17,GLP02,19150,kg,BD-PIHPS,,,,,"PIHPS Provinsi Bengkulu (rata-rata pasar tradisional), bukan harga Bengkulu Tengah"
2025-10-07,PHP17,MGR01,17250,liter,BD-PIHPS,,,,,"PIHPS Provinsi Bengkulu (rata-rata pasar tradisional), bukan harga Bengkulu Tengah"
2025-10-07,PHP17,MGR02,21050,liter,BD-PIHPS,,,,,"PIHPS Provinsi Bengkulu (rata-rata pasar tradisional), bukan harga Bengkulu Tengah"
2025-10-07,PHP17,MGR03,20300,liter,BD-PIHPS,,,,,"PIHPS Provinsi Bengkulu (rata-rata pasar tradisional), bukan harga Bengkulu Tengah"
2025-10-07,PHP17,TLR01,29450,kg,BD-PIHPS,,,,,"PIHPS Provinsi Bengkulu (rata-rata pasar tradisional), bukan harga Bengkulu Tengah"
2025-10-08,PHP17,BRS01,14350,kg,BD-PIHPS,,,,,"PIHPS Provinsi Bengkulu (rata-rata pasar tradisional), bukan harga Bengkulu Tengah"
2025-10-08,PHP17,BRS02,15550,kg,BD-PIHPS,,,,,"PIHPS Provinsi Bengkulu (rata-rata pasar tradisional), bukan harga Bengkulu Tengah"
2025-10-08,PHP17,BRS03,15400,kg,BD-PIHPS,,,,,"PIHPS Provinsi Bengkulu (rata-rata pasar tradisional), bukan harga Bengkulu Tengah"
2025-10-08,PHP17,BRS04,16100,kg,BD-PIHPS,,,,,"PIHPS Provinsi Bengkulu (rata-rata pasar tradisional), bukan harga Bengkulu Tengah"
2025-10-08,PHP17,BRS05,15900,kg,BD-PIHPS,,,,,"PIHPS Provinsi Bengkulu (rata-rata pasar tradisional), bukan harga Bengkulu Tengah"
2025-10-08,PHP17,BRS06,16350,kg,BD-PIHPS,,,,,"PIHPS Provinsi Bengkulu (rata-rata pasar tradisional), bukan harga Bengkulu Tengah"
2025-10-08,PHP17,BWM01,40000,kg,BD-PIHPS,,,,,"PIHPS Provinsi Bengkulu (rata-rata pasar tradisional), bukan harga Bengkulu Tengah"
2025-10-08,PHP17,BWP01,39650,kg,BD-PIHPS,,,,,"PIHPS Provinsi Bengkulu (rata-rata pasar tradisional), bukan harga Bengkulu Tengah"
2025-10-08,PHP17,CMR01,61900,kg,BD-PIHPS,,,,,"PIHPS Provinsi Bengkulu (rata-rata pasar tradisional), bukan harga Bengkulu Tengah"
2025-10-08,PHP17,CMR02,67150,kg,BD-PIHPS,,,,,"PIHPS Provinsi Bengkulu (rata-rata pasar tradisional), bukan harga Bengkulu Tengah"
2025-10-08,PHP17,CRW01,37150,kg,BD-PIHPS,,,,,"PIHPS Provinsi Bengkulu (rata-rata pasar tradisional), bukan harga Bengkulu Tengah"
2025-10-08,PHP17,CRW02,29100,kg,BD-PIHPS,,,,,"PIHPS Provinsi Bengkulu (rata-rata pasar tradisional), bukan harga Bengkulu Tengah"
2025-10-08,PHP17,DAY01,36650,kg,BD-PIHPS,,,,,"PIHPS Provinsi Bengkulu (rata-rata pasar tradisional), bukan harga Bengkulu Tengah"
2025-10-08,PHP17,DSP01,135000,kg,BD-PIHPS,,,,,"PIHPS Provinsi Bengkulu (rata-rata pasar tradisional), bukan harga Bengkulu Tengah"
2025-10-08,PHP17,DSP02,134400,kg,BD-PIHPS,,,,,"PIHPS Provinsi Bengkulu (rata-rata pasar tradisional), bukan harga Bengkulu Tengah"
2025-10-08,PHP17,GLP01,17200,kg,BD-PIHPS,,,,,"PIHPS Provinsi Bengkulu (rata-rata pasar tradisional), bukan harga Bengkulu Tengah"
2025-10-08,PHP17,GLP02,19150,kg,BD-PIHPS,,,,,"PIHPS Provinsi Bengkulu (rata-rata pasar tradisional), bukan harga Bengkulu Tengah"
2025-10-08,PHP17,MGR01,17250,liter,BD-PIHPS,,,,,"PIHPS Provinsi Bengkulu (rata-rata pasar tradisional), bukan harga Bengkulu Tengah"
2025-10-08,PHP17,MGR02,21050,liter,BD-PIHPS,,,,,"PIHPS Provinsi Bengkulu (rata-rata pasar tradisional), bukan harga Bengkulu Tengah"
2025-10-08,PHP17,MGR03,20200,liter,BD-PIHPS,,,,,"PIHPS Provinsi Bengkulu (rata-rata pasar tradisional), bukan harga Bengkulu Tengah"
2025-10-08,PHP17,TLR01,28900,kg,BD-PIHPS,,,,,"PIHPS Provinsi Bengkulu (rata-rata pasar tradisional), bukan harga Bengkulu Tengah"
2025-10-09,PHP17,BRS01,14150,kg,BD-PIHPS,,,,,"PIHPS Provinsi Bengkulu (rata-rata pasar tradisional), bukan harga Bengkulu Tengah"
2025-10-09,PHP17,BRS02,15550,kg,BD-PIHPS,,,,,"PIHPS Provinsi Bengkulu (rata-rata pasar tradisional), bukan harga Bengkulu Tengah"
2025-10-09,PHP17,BRS03,15400,kg,BD-PIHPS,,,,,"PIHPS Provinsi Bengkulu (rata-rata pasar tradisional), bukan harga Bengkulu Tengah"
2025-10-09,PHP17,BRS04,15900,kg,BD-PIHPS,,,,,"PIHPS Provinsi Bengkulu (rata-rata pasar tradisional), bukan harga Bengkulu Tengah"
2025-10-09,PHP17,BRS05,15900,kg,BD-PIHPS,,,,,"PIHPS Provinsi Bengkulu (rata-rata pasar tradisional), bukan harga Bengkulu Tengah"
2025-10-09,PHP17,BRS06,16150,kg,BD-PIHPS,,,,,"PIHPS Provinsi Bengkulu (rata-rata pasar tradisional), bukan harga Bengkulu Tengah"
2025-10-09,PHP17,BWM01,40150,kg,BD-PIHPS,,,,,"PIHPS Provinsi Bengkulu (rata-rata pasar tradisional), bukan harga Bengkulu Tengah"
2025-10-09,PHP17,BWP01,39650,kg,BD-PIHPS,,,,,"PIHPS Provinsi Bengkulu (rata-rata pasar tradisional), bukan harga Bengkulu Tengah"
2025-10-09,PHP17,CMR01,62500,kg,BD-PIHPS,,,,,"PIHPS Provinsi Bengkulu (rata-rata pasar tradisional), bukan harga Bengkulu Tengah"
2025-10-09,PHP17,CMR02,67500,kg,BD-PIHPS,,,,,"PIHPS Provinsi Bengkulu (rata-rata pasar tradisional), bukan harga Bengkulu Tengah"
2025-10-09,PHP17,CRW01,37650,kg,BD-PIHPS,,,,,"PIHPS Provinsi Bengkulu (rata-rata pasar tradisional), bukan harga Bengkulu Tengah"
2025-10-09,PHP17,CRW02,28850,kg,BD-PIHPS,,,,,"PIHPS Provinsi Bengkulu (rata-rata pasar tradisional), bukan harga Bengkulu Tengah"
2025-10-09,PHP17,DAY01,36650,kg,BD-PIHPS,,,,,"PIHPS Provinsi Bengkulu (rata-rata pasar tradisional), bukan harga Bengkulu Tengah"
2025-10-09,PHP17,DSP01,135000,kg,BD-PIHPS,,,,,"PIHPS Provinsi Bengkulu (rata-rata pasar tradisional), bukan harga Bengkulu Tengah"
2025-10-09,PHP17,DSP02,134400,kg,BD-PIHPS,,,,,"PIHPS Provinsi Bengkulu (rata-rata pasar tradisional), bukan harga Bengkulu Tengah"
2025-10-09,PHP17,GLP01,17200,kg,BD-PIHPS,,,,,"PIHPS Provinsi Bengkulu (rata-rata pasar tradisional), bukan harga Bengkulu Tengah"
2025-10-09,PHP17,GLP02,19150,kg,BD-PIHPS,,,,,"PIHPS Provinsi Bengkulu (rata-rata pasar tradisional), bukan harga Bengkulu Tengah"
2025-10-09,PHP17,MGR01,17250,liter,BD-PIHPS,,,,,"PIHPS Provinsi Bengkulu (rata-rata pasar tradisional), bukan harga Bengkulu Tengah"
2025-10-09,PHP17,MGR02,21050,liter,BD-PIHPS,,,,,"PIHPS Provinsi Bengkulu (rata-rata pasar tradisional), bukan harga Bengkulu Tengah"
2025-10-09,PHP17,MGR03,20200,liter,BD-PIHPS,,,,,"PIHPS Provinsi Bengkulu (rata-rata pasar tradisional), bukan harga Bengkulu Tengah"
2025-10-09,PHP17,TLR01,28900,kg,BD-PIHPS,,,,,"PIHPS Provinsi Bengkulu (rata-rata pasar tradisional), bukan harga Bengkulu Tengah"
2025-10-10,PHP17,BRS01,14150,kg,BD-PIHPS,,,,,"PIHPS Provinsi Bengkulu (rata-rata pasar tradisional), bukan harga Bengkulu Tengah"
2025-10-10,PHP17,BRS02,15550,kg,BD-PIHPS,,,,,"PIHPS Provinsi Bengkulu (rata-rata pasar tradisional), bukan harga Bengkulu Tengah"
2025-10-10,PHP17,BRS03,15400,kg,BD-PIHPS,,,,,"PIHPS Provinsi Bengkulu (rata-rata pasar tradisional), bukan harga Bengkulu Tengah"
2025-10-10,PHP17,BRS04,15900,kg,BD-PIHPS,,,,,"PIHPS Provinsi Bengkulu (rata-rata pasar tradisional), bukan harga Bengkulu Tengah"
2025-10-10,PHP17,BRS05,15900,kg,BD-PIHPS,,,,,"PIHPS Provinsi Bengkulu (rata-rata pasar tradisional), bukan harga Bengkulu Tengah"
2025-10-10,PHP17,BRS06,16150,kg,BD-PIHPS,,,,,"PIHPS Provinsi Bengkulu (rata-rata pasar tradisional), bukan harga Bengkulu Tengah"
2025-10-10,PHP17,BWM01,40900,kg,BD-PIHPS,,,,,"PIHPS Provinsi Bengkulu (rata-rata pasar tradisional), bukan harga Bengkulu Tengah"
2025-10-10,PHP17,BWP01,39000,kg,BD-PIHPS,,,,,"PIHPS Provinsi Bengkulu (rata-rata pasar tradisional), bukan harga Bengkulu Tengah"
2025-10-10,PHP17,CMR01,63500,kg,BD-PIHPS,,,,,"PIHPS Provinsi Bengkulu (rata-rata pasar tradisional), bukan harga Bengkulu Tengah"
2025-10-10,PHP17,CMR02,68150,kg,BD-PIHPS,,,,,"PIHPS Provinsi Bengkulu (rata-rata pasar tradisional), bukan harga Bengkulu Tengah"
2025-10-10,PHP17,CRW01,37400,kg,BD-PIHPS,,,,,"PIHPS Provinsi Bengkulu (rata-rata pasar tradisional), bukan harga Bengkulu Tengah"
2025-10-10,PHP17,CRW02,29550,kg,BD-PIHPS,,,,,"PIHPS Provinsi Bengkulu (rata-rata pasar tradisional), bukan harga Bengkulu Tengah"
2025-10-10,PHP17,DAY01,36150,kg,BD-PIHPS,,,,,"PIHPS Provinsi Bengkulu (rata-rata pasar tradisional), bukan harga Bengkulu Tengah"
2025-10-10,PHP17,DSP01,135000,kg,BD-PIHPS,,,,,"PIHPS Provinsi Bengkulu (rata-rata pasar tradisional), bukan harga Bengkulu Tengah"
2025-10-10,PHP17,DSP02,134400,kg,BD-PIHPS,,,,,"PIHPS Provinsi Bengkulu (rata-rata pasar tradisional), bukan harga Bengkulu Tengah"
2025-10-10,PHP17,GLP01,17200,kg,BD-PIHPS,,,,,"PIHPS Provinsi Bengkulu (rata-rata pasar tradisional), bukan harga Bengkulu Tengah"
2025-10-10,PHP17,GLP02,19150,kg,BD-PIHPS,,,,,"PIHPS Provinsi Bengkulu (rata-rata pasar tradisional), bukan harga Bengkulu Tengah"
2025-10-10,PHP17,MGR01,17250,liter,BD-PIHPS,,,,,"PIHPS Provinsi Bengkulu (rata-rata pasar tradisional), bukan harga Bengkulu Tengah"
2025-10-10,PHP17,MGR02,21050,liter,BD-PIHPS,,,,,"PIHPS Provinsi Bengkulu (rata-rata pasar tradisional), bukan harga Bengkulu Tengah"
2025-10-10,PHP17,MGR03,20200,liter,BD-PIHPS,,,,,"PIHPS Provinsi Bengkulu (rata-rata pasar tradisional), bukan harga Bengkulu Tengah"
2025-10-10,PHP17,TLR01,28900,kg,BD-PIHPS,,,,,"PIHPS Provinsi Bengkulu (rata-rata pasar tradisional), bukan harga Bengkulu Tengah"
2025-10-13,PHP17,BRS01,14150,kg,BD-PIHPS,,,,,"PIHPS Provinsi Bengkulu (rata-rata pasar tradisional), bukan harga Bengkulu Tengah"
2025-10-13,PHP17,BRS02,15550,kg,BD-PIHPS,,,,,"PIHPS Provinsi Bengkulu (rata-rata pasar tradisional), bukan harga Bengkulu Tengah"
2025-10-13,PHP17,BRS03,15400,kg,BD-PIHPS,,,,,"PIHPS Provinsi Bengkulu (rata-rata pasar tradisional), bukan harga Bengkulu Tengah"
2025-10-13,PHP17,BRS04,15900,kg,BD-PIHPS,,,,,"PIHPS Provinsi Bengkulu (rata-rata pasar tradisional), bukan harga Bengkulu Tengah"
2025-10-13,PHP17,BRS05,15900,kg,BD-PIHPS,,,,,"PIHPS Provinsi Bengkulu (rata-rata pasar tradisional), bukan harga Bengkulu Tengah"
2025-10-13,PHP17,BRS06,16150,kg,BD-PIHPS,,,,,"PIHPS Provinsi Bengkulu (rata-rata pasar tradisional), bukan harga Bengkulu Tengah"
2025-10-13,PHP17,BWM01,42000,kg,BD-PIHPS,,,,,"PIHPS Provinsi Bengkulu (rata-rata pasar tradisional), bukan harga Bengkulu Tengah"
2025-10-13,PHP17,BWP01,39150,kg,BD-PIHPS,,,,,"PIHPS Provinsi Bengkulu (rata-rata pasar tradisional), bukan harga Bengkulu Tengah"
2025-10-13,PHP17,CMR01,59750,kg,BD-PIHPS,,,,,"PIHPS Provinsi Bengkulu (rata-rata pasar tradisional), bukan harga Bengkulu Tengah"
2025-10-13,PHP17,CMR02,64150,kg,BD-PIHPS,,,,,"PIHPS Provinsi Bengkulu (rata-rata pasar tradisional), bukan harga Bengkulu Tengah"
2025-10-13,PHP17,CRW01,36500,kg,BD-PIHPS,,,,,"PIHPS Provinsi Bengkulu (rata-rata pasar tradisional), bukan harga Bengkulu Tengah"
2025-10-13,PHP17,CRW02,29750,kg,BD-PIHPS,,,,,"PIHPS Provinsi Bengkulu (rata-rata pasar tradisional), bukan harga Bengkulu Tengah"
2025-10-13,PHP17,DAY01,38900,kg,BD-PIHPS,,,,,"PIHPS Provinsi Bengkulu (rata-rata pasar tradisional), bukan harga Bengkulu Tengah"
2025-10-13,PHP17,DSP01,135000,kg,BD-PIHPS,,,,,"PIHPS Provinsi Bengkulu (rata-rata pasar tradisional), bukan harga Bengkulu Tengah"
2025-10-13,PHP17,DSP02,134400,kg,BD-PIHPS,,,,,"PIHPS Provinsi Bengkulu (rata-rata pasar tradisional), bukan harga Bengkulu Tengah"
2025-10-13,PHP17,GLP01,17400,kg,BD-PIHPS,,,,,"PIHPS Provinsi Bengkulu (rata-rata pasar tradisional), bukan harga Bengkulu Tengah"
2025-10-13,PHP17,GLP02,19150,kg,BD-PIHPS,,,,,"PIHPS Provinsi Bengkulu (rata-rata pasar tradisional), bukan harga Bengkulu Tengah"
2025-10-13,PHP17,MGR01,17250,liter,BD-PIHPS,,,,,"PIHPS Provinsi Bengkulu (rata-rata pasar tradisional), bukan harga Bengkulu Tengah"
2025-10-13,PHP17,MGR02,21050,liter,BD-PIHPS,,,,,"PIHPS Provinsi Bengkulu (rata-rata pasar tradisional), bukan harga Bengkulu Tengah"
2025-10-13,PHP17,MGR03,20200,liter,BD-PIHPS,,,,,"PIHPS Provinsi Bengkulu (rata-rata pasar tradisional), bukan harga Bengkulu Tengah"
2025-10-13,PHP17,TLR01,28900,kg,BD-PIHPS,,,,,"PIHPS Provinsi Bengkulu (rata-rata pasar tradisional), bukan harga Bengkulu Tengah"
2025-10-14,PHP17,BRS01,14150,kg,BD-PIHPS,,,,,"PIHPS Provinsi Bengkulu (rata-rata pasar tradisional), bukan harga Bengkulu Tengah"
2025-10-14,PHP17,BRS02,15550,kg,BD-PIHPS,,,,,"PIHPS Provinsi Bengkulu (rata-rata pasar tradisional), bukan harga Bengkulu Tengah"
2025-10-14,PHP17,BRS03,15400,kg,BD-PIHPS,,,,,"PIHPS Provinsi Bengkulu (rata-rata pasar tradisional), bukan harga Bengkulu Tengah"
2025-10-14,PHP17,BRS04,15900,kg,BD-PIHPS,,,,,"PIHPS Provinsi Bengkulu (rata-rata pasar tradisional), bukan harga Bengkulu Tengah"
2025-10-14,PHP17,BRS05,15900,kg,BD-PIHPS,,,,,"PIHPS Provinsi Bengkulu (rata-rata pasar tradisional), bukan harga Bengkulu Tengah"
2025-10-14,PHP17,BRS06,16150,kg,BD-PIHPS,,,,,"PIHPS Provinsi Bengkulu (rata-rata pasar tradisional), bukan harga Bengkulu Tengah"
2025-10-14,PHP17,BWM01,41650,kg,BD-PIHPS,,,,,"PIHPS Provinsi Bengkulu (rata-rata pasar tradisional), bukan harga Bengkulu Tengah"
2025-10-14,PHP17,BWP01,38900,kg,BD-PIHPS,,,,,"PIHPS Provinsi Bengkulu (rata-rata pasar tradisional), bukan harga Bengkulu Tengah"
2025-10-14,PHP17,CMR01,55500,kg,BD-PIHPS,,,,,"PIHPS Provinsi Bengkulu (rata-rata pasar tradisional), bukan harga Bengkulu Tengah"
2025-10-14,PHP17,CMR02,60000,kg,BD-PIHPS,,,,,"PIHPS Provinsi Bengkulu (rata-rata pasar tradisional), bukan harga Bengkulu Tengah"
2025-10-14,PHP17,CRW01,35750,kg,BD-PIHPS,,,,,"PIHPS Provinsi Bengkulu (rata-rata pasar tradisional), bukan harga Bengkulu Tengah"
2025-10-14,PHP17,CRW02,29550,kg,BD-PIHPS,,,,,"PIHPS Provinsi Bengkulu (rata-rata pasar tradisional), bukan harga Bengkulu Tengah"
2025-10-14,PHP17,DAY01,39250,kg,BD-PIHPS,,,,,"PIHPS Provinsi Bengkulu (rata-rata pasar tradisional), bukan harga Bengkulu Tengah"
2025-10-14,PHP17,DSP01,135000,kg,BD-PIHPS,,,,,"PIHPS Provinsi Bengkulu (rata-rata pasar tradisional), bukan harga Bengkulu Tengah"
2025-10-14,PHP17,DSP02,134400,kg,BD-PIHPS,,,,,"PIHPS Provinsi Bengkulu (rata-rata pasar tradisional), bukan harga Bengkulu Tengah"
2025-10-14,PHP17,GLP01,17400,kg,BD-PIHPS,,,,,"PIHPS Provinsi Bengkulu (rata-rata pasar tradisional), bukan harga Bengkulu Tengah"
2025-10-14,PHP17,GLP02,19150,kg,BD-PIHPS,,,,,"PIHPS Provinsi Bengkulu (rata-rata pasar tradisional), bukan harga Bengkulu Tengah"
2025-10-14,PHP17,MGR01,17250,liter,BD-PIHPS,,,,,"PIHPS Provinsi Bengkulu (rata-rata pasar tradisional), bukan harga Bengkulu Tengah"
2025-10-14,PHP17,MGR02,21050,liter,BD-PIHPS,,,,,"PIHPS Provinsi Bengkulu (rata-rata pasar tradisional), bukan harga Bengkulu Tengah"
2025-10-14,PHP17,MGR03,20200,liter,BD-PIHPS,,,,,"PIHPS Provinsi Bengkulu (rata-rata pasar tradisional), bukan harga Bengkulu Tengah"
2025-10-14,PHP17,TLR01,30050,kg,BD-PIHPS,,,,,"PIHPS Provinsi Bengkulu (rata-rata pasar tradisional), bukan harga Bengkulu Tengah"
2025-10-15,PHP17,BRS01,14150,kg,BD-PIHPS,,,,,"PIHPS Provinsi Bengkulu (rata-rata pasar tradisional), bukan harga Bengkulu Tengah"
2025-10-15,PHP17,BRS02,15550,kg,BD-PIHPS,,,,,"PIHPS Provinsi Bengkulu (rata-rata pasar tradisional), bukan harga Bengkulu Tengah"
2025-10-15,PHP17,BRS03,15400,kg,BD-PIHPS,,,,,"PIHPS Provinsi Bengkulu (rata-rata pasar tradisional), bukan harga Bengkulu Tengah"
2025-10-15,PHP17,BRS04,15900,kg,BD-PIHPS,,,,,"PIHPS Provinsi Bengkulu (rata-rata pasar tradisional), bukan harga Bengkulu Tengah"
2025-10-15,PHP17,BRS05,15900,kg,BD-PIHPS,,,,,"PIHPS Provinsi Bengkulu (rata-rata pasar tradisional), bukan harga Bengkulu Tengah"
2025-10-15,PHP17,BRS06,16150,kg,BD-PIHPS,,,,,"PIHPS Provinsi Bengkulu (rata-rata pasar tradisional), bukan harga Bengkulu Tengah"
2025-10-15,PHP17,BWM01,41650,kg,BD-PIHPS,,,,,"PIHPS Provinsi Bengkulu (rata-rata pasar tradisional), bukan harga Bengkulu Tengah"
2025-10-15,PHP17,BWP01,39000,kg,BD-PIHPS,,,,,"PIHPS Provinsi Bengkulu (rata-rata pasar tradisional), bukan harga Bengkulu Tengah"
2025-10-15,PHP17,CMR01,53650,kg,BD-PIHPS,,,,,"PIHPS Provinsi Bengkulu (rata-rata pasar tradisional), bukan harga Bengkulu Tengah"
2025-10-15,PHP17,CMR02,58000,kg,BD-PIHPS,,,,,"PIHPS Provinsi Bengkulu (rata-rata pasar tradisional), bukan harga Bengkulu Tengah"
2025-10-15,PHP17,CRW01,35900,kg,BD-PIHPS,,,,,"PIHPS Provinsi Bengkulu (rata-rata pasar tradisional), bukan harga Bengkulu Tengah"
2025-10-15,PHP17,CRW02,29550,kg,BD-PIHPS,,,,,"PIHPS Provinsi Bengkulu (rata-rata pasar tradisional), bukan harga Bengkulu Tengah"
2025-10-15,PHP17,DAY01,39750,kg,BD-PIHPS,,,,,"PIHPS Provinsi Bengkulu (rata-rata pasar tradisional), bukan harga Bengkulu Tengah"
2025-10-15,PHP17,DSP01,135000,kg,BD-PIHPS,,,,,"PIHPS Provinsi Bengkulu (rata-rata pasar tradisional), bukan harga Bengkulu Tengah"
2025-10-15,PHP17,DSP02,134400,kg,BD-PIHPS,,,,,"PIHPS Provinsi Bengkulu (rata-rata pasar tradisional), bukan harga Bengkulu Tengah"
2025-10-15,PHP17,GLP01,17400,kg,BD-PIHPS,,,,,"PIHPS Provinsi Bengkulu (rata-rata pasar tradisional), bukan harga Bengkulu Tengah"
2025-10-15,PHP17,GLP02,19150,kg,BD-PIHPS,,,,,"PIHPS Provinsi Bengkulu (rata-rata pasar tradisional), bukan harga Bengkulu Tengah"
2025-10-15,PHP17,MGR01,17250,liter,BD-PIHPS,,,,,"PIHPS Provinsi Bengkulu (rata-rata pasar tradisional), bukan harga Bengkulu Tengah"
2025-10-15,PHP17,MGR02,21050,liter,BD-PIHPS,,,,,"PIHPS Provinsi Bengkulu (rata-rata pasar tradisional), bukan harga Bengkulu Tengah"
2025-10-15,PHP17,MGR03,20200,liter,BD-PIHPS,,,,,"PIHPS Provinsi Bengkulu (rata-rata pasar tradisional), bukan harga Bengkulu Tengah"
2025-10-15,PHP17,TLR01,30400,kg,BD-PIHPS,,,,,"PIHPS Provinsi Bengkulu (rata-rata pasar tradisional), bukan harga Bengkulu Tengah"
2025-10-16,PHP17,BRS01,14150,kg,BD-PIHPS,,,,,"PIHPS Provinsi Bengkulu (rata-rata pasar tradisional), bukan harga Bengkulu Tengah"
2025-10-16,PHP17,BRS02,15550,kg,BD-PIHPS,,,,,"PIHPS Provinsi Bengkulu (rata-rata pasar tradisional), bukan harga Bengkulu Tengah"
2025-10-16,PHP17,BRS03,15400,kg,BD-PIHPS,,,,,"PIHPS Provinsi Bengkulu (rata-rata pasar tradisional), bukan harga Bengkulu Tengah"
2025-10-16,PHP17,BRS04,15900,kg,BD-PIHPS,,,,,"PIHPS Provinsi Bengkulu (rata-rata pasar tradisional), bukan harga Bengkulu Tengah"
2025-10-16,PHP17,BRS05,15900,kg,BD-PIHPS,,,,,"PIHPS Provinsi Bengkulu (rata-rata pasar tradisional), bukan harga Bengkulu Tengah"
2025-10-16,PHP17,BRS06,16150,kg,BD-PIHPS,,,,,"PIHPS Provinsi Bengkulu (rata-rata pasar tradisional), bukan harga Bengkulu Tengah"
2025-10-16,PHP17,BWM01,40650,kg,BD-PIHPS,,,,,"PIHPS Provinsi Bengkulu (rata-rata pasar tradisional), bukan harga Bengkulu Tengah"
2025-10-16,PHP17,BWP01,38750,kg,BD-PIHPS,,,,,"PIHPS Provinsi Bengkulu (rata-rata pasar tradisional), bukan harga Bengkulu Tengah"
2025-10-16,PHP17,CMR01,52500,kg,BD-PIHPS,,,,,"PIHPS Provinsi Bengkulu (rata-rata pasar tradisional), bukan harga Bengkulu Tengah"
2025-10-16,PHP17,CMR02,57000,kg,BD-PIHPS,,,,,"PIHPS Provinsi Bengkulu (rata-rata pasar tradisional), bukan harga Bengkulu Tengah"
2025-10-16,PHP17,CRW01,34900,kg,BD-PIHPS,,,,,"PIHPS Provinsi Bengkulu (rata-rata pasar tradisional), bukan harga Bengkulu Tengah"
2025-10-16,PHP17,CRW02,29750,kg,BD-PIHPS,,,,,"PIHPS Provinsi Bengkulu (rata-rata pasar tradisional), bukan harga Bengkulu Tengah"
2025-10-16,PHP17,DAY01,40750,kg,BD-PIHPS,,,,,"PIHPS Provinsi Bengkulu (rata-rata pasar tradisional), bukan harga Bengkulu Tengah"
2025-10-16,PHP17,DSP01,135000,kg,BD-PIHPS,,,,,"PIHPS Provinsi Bengkulu (rata-rata pasar tradisional), bukan harga Bengkulu Tengah"
2025-10-16,PHP17,DSP02,134400,kg,BD-PIHPS,,,,,"PIHPS Provinsi Bengkulu (rata-rata pasar tradisional), bukan harga Bengkulu Tengah"
2025-10-16,PHP17,GLP01,17400,kg,BD-PIHPS,,,,,"PIHPS Provinsi Bengkulu (rata-rata pasar tradisional), bukan harga Bengkulu Tengah"
2025-10-16,PHP17,GLP02,19150,kg,BD-PIHPS,,,,,"PIHPS Provinsi Bengkulu (rata-rata pasar tradisional), bukan harga Bengkulu Tengah"
2025-10-16,PHP17,MGR01,17250,liter,BD-PIHPS,,,,,"PIHPS Provinsi Bengkulu (rata-rata pasar tradisional), bukan harga Bengkulu Tengah"
2025-10-16,PHP17,MGR02,21050,liter,BD-PIHPS,,,,,"PIHPS Provinsi Bengkulu (rata-rata pasar tradisional), bukan harga Bengkulu Tengah"
2025-10-16,PHP17,MGR03,20200,liter,BD-PIHPS,,,,,"PIHPS Provinsi Bengkulu (rata-rata pasar tradisional), bukan harga Bengkulu Tengah"
2025-10-16,PHP17,TLR01,30400,kg,BD-PIHPS,,,,,"PIHPS Provinsi Bengkulu (rata-rata pasar tradisional), bukan harga Bengkulu Tengah"
2025-10-17,PHP17,BRS01,14150,kg,BD-PIHPS,,,,,"PIHPS Provinsi Bengkulu (rata-rata pasar tradisional), bukan harga Bengkulu Tengah"
2025-10-17,PHP17,BRS02,15550,kg,BD-PIHPS,,,,,"PIHPS Provinsi Bengkulu (rata-rata pasar tradisional), bukan harga Bengkulu Tengah"
2025-10-17,PHP17,BRS03,15400,kg,BD-PIHPS,,,,,"PIHPS Provinsi Bengkulu (rata-rata pasar tradisional), bukan harga Bengkulu Tengah"
2025-10-17,PHP17,BRS04,15900,kg,BD-PIHPS,,,,,"PIHPS Provinsi Bengkulu (rata-rata pasar tradisional), bukan harga Bengkulu Tengah"
2025-10-17,PHP17,BRS05,15900,kg,BD-PIHPS,,,,,"PIHPS Provinsi Bengkulu (rata-rata pasar tradisional), bukan harga Bengkulu Tengah"
2025-10-17,PHP17,BRS06,16150,kg,BD-PIHPS,,,,,"PIHPS Provinsi Bengkulu (rata-rata pasar tradisional), bukan harga Bengkulu Tengah"
2025-10-17,PHP17,BWM01,42400,kg,BD-PIHPS,,,,,"PIHPS Provinsi Bengkulu (rata-rata pasar tradisional), bukan harga Bengkulu Tengah"
2025-10-17,PHP17,BWP01,38900,kg,BD-PIHPS,,,,,"PIHPS Provinsi Bengkulu (rata-rata pasar tradisional), bukan harga Bengkulu Tengah"
2025-10-17,PHP17,CMR01,54900,kg,BD-PIHPS,,,,,"PIHPS Provinsi Bengkulu (rata-rata pasar tradisional), bukan harga Bengkulu Tengah"
2025-10-17,PHP17,CMR02,59000,kg,BD-PIHPS,,,,,"PIHPS Provinsi Bengkulu (rata-rata pasar tradisional), bukan harga Bengkulu Tengah"
2025-10-17,PHP17,CRW01,38650,kg,BD-PIHPS,,,,,"PIHPS Provinsi Bengkulu (rata-rata pasar tradisional), bukan harga Bengkulu Tengah"
2025-10-17,PHP17,CRW02,31100,kg,BD-PIHPS,,,,,"PIHPS Provinsi Bengkulu (rata-rata pasar tradisional), bukan harga Bengkulu Tengah"
2025-10-17,PHP17,DAY01,40750,kg,BD-PIHPS,,,,,"PIHPS Provinsi Bengkulu (rata-rata pasar tradisional), bukan harga Bengkulu Tengah"
2025-10-17,PHP17,DSP01,135000,kg,BD-PIHPS,,,,,"PIHPS Provinsi Bengkulu (rata-rata pasar tradisional), bukan harga Bengkulu Tengah"
2025-10-17,PHP17,DSP02,134400,kg,BD-PIHPS,,,,,"PIHPS Provinsi Bengkulu (rata-rata pasar tradisional), bukan harga Bengkulu Tengah"
2025-10-17,PHP17,GLP01,17400,kg,BD-PIHPS,,,,,"PIHPS Provinsi Bengkulu (rata-rata pasar tradisional), bukan harga Bengkulu Tengah"
2025-10-17,PHP17,GLP02,19150,kg,BD-PIHPS,,,,,"PIHPS Provinsi Bengkulu (rata-rata pasar tradisional), bukan harga Bengkulu Tengah"
2025-10-17,PHP17,MGR01,17250,liter,BD-PIHPS,,,,,"PIHPS Provinsi Bengkulu (rata-rata pasar tradisional), bukan harga Bengkulu Tengah"
2025-10-17,PHP17,MGR02,21050,liter,BD-PIHPS,,,,,"PIHPS Provinsi Bengkulu (rata-rata pasar tradisional), bukan harga Bengkulu Tengah"
2025-10-17,PHP17,MGR03,20200,liter,BD-PIHPS,,,,,"PIHPS Provinsi Bengkulu (rata-rata pasar tradisional), bukan harga Bengkulu Tengah"
2025-10-17,PHP17,TLR01,30400,kg,BD-PIHPS,,,,,"PIHPS Provinsi Bengkulu (rata-rata pasar tradisional), bukan harga Bengkulu Tengah"
2025-10-20,PHP17,BRS01,14150,kg,BD-PIHPS,,,,,"PIHPS Provinsi Bengkulu (rata-rata pasar tradisional), bukan harga Bengkulu Tengah"
2025-10-20,PHP17,BRS02,15550,kg,BD-PIHPS,,,,,"PIHPS Provinsi Bengkulu (rata-rata pasar tradisional), bukan harga Bengkulu Tengah"
2025-10-20,PHP17,BRS03,15400,kg,BD-PIHPS,,,,,"PIHPS Provinsi Bengkulu (rata-rata pasar tradisional), bukan harga Bengkulu Tengah"
2025-10-20,PHP17,BRS04,15900,kg,BD-PIHPS,,,,,"PIHPS Provinsi Bengkulu (rata-rata pasar tradisional), bukan harga Bengkulu Tengah"
2025-10-20,PHP17,BRS05,15900,kg,BD-PIHPS,,,,,"PIHPS Provinsi Bengkulu (rata-rata pasar tradisional), bukan harga Bengkulu Tengah"
2025-10-20,PHP17,BRS06,16150,kg,BD-PIHPS,,,,,"PIHPS Provinsi Bengkulu (rata-rata pasar tradisional), bukan harga Bengkulu Tengah"
2025-10-20,PHP17,BWM01,41400,kg,BD-PIHPS,,,,,"PIHPS Provinsi Bengkulu (rata-rata pasar tradisional), bukan harga Bengkulu Tengah"
2025-10-20,PHP17,BWP01,39250,kg,BD-PIHPS,,,,,"PIHPS Provinsi Bengkulu (rata-rata pasar tradisional), bukan harga Bengkulu Tengah"
2025-10-20,PHP17,CMR01,55150,kg,BD-PIHPS,,,,,"PIHPS Provinsi Bengkulu (rata-rata pasar tradisional), bukan harga Bengkulu Tengah"
2025-10-20,PHP17,CMR02,61150,kg,BD-PIHPS,,,,,"PIHPS Provinsi Bengkulu (rata-rata pasar tradisional), bukan harga Bengkulu Tengah"
2025-10-20,PHP17,CRW01,35650,kg,BD-PIHPS,,,,,"PIHPS Provinsi Bengkulu (rata-rata pasar tradisional), bukan harga Bengkulu Tengah"
2025-10-20,PHP17,CRW02,28800,kg,BD-PIHPS,,,,,"PIHPS Provinsi Bengkulu (rata-rata pasar tradisional), bukan harga Bengkulu Tengah"
2025-10-20,PHP17,DAY01,39750,kg,BD-PIHPS,,,,,"PIHPS Provinsi Bengkulu (rata-rata pasar tradisional), bukan harga Bengkulu Tengah"
2025-10-20,PHP17,DSP01,135000,kg,BD-PIHPS,,,,,"PIHPS Provinsi Bengkulu (rata-rata pasar tradisional), bukan harga Bengkulu Tengah"
2025-10-20,PHP17,DSP02,134400,kg,BD-PIHPS,,,,,"PIHPS Provinsi Bengkulu (rata-rata pasar tradisional), bukan harga Bengkulu Tengah"
2025-10-20,PHP17,GLP01,17300,kg,BD-PIHPS,,,,,"PIHPS Provinsi Bengkulu (rata-rata pasar tradisional), bukan harga Bengkulu Tengah"
2025-10-20,PHP17,GLP02,19150,kg,BD-PIHPS,,,,,"PIHPS Provinsi Bengkulu (rata-rata pasar tradisional), bukan harga Bengkulu Tengah"
2025-10-20,PHP17,MGR01,17250,liter,BD-PIHPS,,,,,"PIHPS Provinsi Bengkulu (rata-rata pasar tradisional), bukan harga Bengkulu Tengah"
2025-10-20,PHP17,MGR02,21050,liter,BD-PIHPS,,,,,"PIHPS Provinsi Bengkulu (rata-rata pasar tradisional), bukan harga Bengkulu Tengah"
2025-10-20,PHP17,MGR03,20200,liter,BD-PIHPS,,,,,"PIHPS Provinsi Bengkulu (rata-rata pasar tradisional), bukan harga Bengkulu Tengah"
2025-10-20,PHP17,TLR01,30400,kg,BD-PIHPS,,,,,"PIHPS Provinsi Bengkulu (rata-rata pasar tradisional), bukan harga Bengkulu Tengah"
2025-10-21,PHP17,BRS01,14150,kg,BD-PIHPS,,,,,"PIHPS Provinsi Bengkulu (rata-rata pasar tradisional), bukan harga Bengkulu Tengah"
2025-10-21,PHP17,BRS02,15550,kg,BD-PIHPS,,,,,"PIHPS Provinsi Bengkulu (rata-rata pasar tradisional), bukan harga Bengkulu Tengah"
2025-10-21,PHP17,BRS03,15400,kg,BD-PIHPS,,,,,"PIHPS Provinsi Bengkulu (rata-rata pasar tradisional), bukan harga Bengkulu Tengah"
2025-10-21,PHP17,BRS04,15900,kg,BD-PIHPS,,,,,"PIHPS Provinsi Bengkulu (rata-rata pasar tradisional), bukan harga Bengkulu Tengah"
2025-10-21,PHP17,BRS05,15900,kg,BD-PIHPS,,,,,"PIHPS Provinsi Bengkulu (rata-rata pasar tradisional), bukan harga Bengkulu Tengah"
2025-10-21,PHP17,BRS06,16150,kg,BD-PIHPS,,,,,"PIHPS Provinsi Bengkulu (rata-rata pasar tradisional), bukan harga Bengkulu Tengah"
2025-10-21,PHP17,BWM01,41400,kg,BD-PIHPS,,,,,"PIHPS Provinsi Bengkulu (rata-rata pasar tradisional), bukan harga Bengkulu Tengah"
2025-10-21,PHP17,BWP01,39250,kg,BD-PIHPS,,,,,"PIHPS Provinsi Bengkulu (rata-rata pasar tradisional), bukan harga Bengkulu Tengah"
2025-10-21,PHP17,CMR01,56150,kg,BD-PIHPS,,,,,"PIHPS Provinsi Bengkulu (rata-rata pasar tradisional), bukan harga Bengkulu Tengah"
2025-10-21,PHP17,CMR02,61750,kg,BD-PIHPS,,,,,"PIHPS Provinsi Bengkulu (rata-rata pasar tradisional), bukan harga Bengkulu Tengah"
2025-10-21,PHP17,CRW01,33900,kg,BD-PIHPS,,,,,"PIHPS Provinsi Bengkulu (rata-rata pasar tradisional), bukan harga Bengkulu Tengah"
2025-10-21,PHP17,CRW02,27450,kg,BD-PIHPS,,,,,"PIHPS Provinsi Bengkulu (rata-rata pasar tradisional), bukan harga Bengkulu Tengah"
2025-10-21,PHP17,DAY01,39000,kg,BD-PIHPS,,,,,"PIHPS Provinsi Bengkulu (rata-rata pasar tradisional), bukan harga Bengkulu Tengah"
2025-10-21,PHP17,DSP01,135000,kg,BD-PIHPS,,,,,"PIHPS Provinsi Bengkulu (rata-rata pasar tradisional), bukan harga Bengkulu Tengah"
2025-10-21,PHP17,DSP02,134400,kg,BD-PIHPS,,,,,"PIHPS Provinsi Bengkulu (rata-rata pasar tradisional), bukan harga Bengkulu Tengah"
2025-10-21,PHP17,GLP01,17300,kg,BD-PIHPS,,,,,"PIHPS Provinsi Bengkulu (rata-rata pasar tradisional), bukan harga Bengkulu Tengah"
2025-10-21,PHP17,GLP02,19150,kg,BD-PIHPS,,,,,"PIHPS Provinsi Bengkulu (rata-rata pasar tradisional), bukan harga Bengkulu Tengah"
2025-10-21,PHP17,MGR01,17250,liter,BD-PIHPS,,,,,"PIHPS Provinsi Bengkulu (rata-rata pasar tradisional), bukan harga Bengkulu Tengah"
2025-10-21,PHP17,MGR02,21050,liter,BD-PIHPS,,,,,"PIHPS Provinsi Bengkulu (rata-rata pasar tradisional), bukan harga Bengkulu Tengah"
2025-10-21,PHP17,MGR03,20200,liter,BD-PIHPS,,,,,"PIHPS Provinsi Bengkulu (rata-rata pasar tradisional), bukan harga Bengkulu Tengah"
2025-10-21,PHP17,TLR01,29100,kg,BD-PIHPS,,,,,"PIHPS Provinsi Bengkulu (rata-rata pasar tradisional), bukan harga Bengkulu Tengah"
2025-10-22,PHP17,BRS01,14150,kg,BD-PIHPS,,,,,"PIHPS Provinsi Bengkulu (rata-rata pasar tradisional), bukan harga Bengkulu Tengah"
2025-10-22,PHP17,BRS02,15550,kg,BD-PIHPS,,,,,"PIHPS Provinsi Bengkulu (rata-rata pasar tradisional), bukan harga Bengkulu Tengah"
2025-10-22,PHP17,BRS03,15400,kg,BD-PIHPS,,,,,"PIHPS Provinsi Bengkulu (rata-rata pasar tradisional), bukan harga Bengkulu Tengah"
2025-10-22,PHP17,BRS04,15900,kg,BD-PIHPS,,,,,"PIHPS Provinsi Bengkulu (rata-rata pasar tradisional), bukan harga Bengkulu Tengah"
2025-10-22,PHP17,BRS05,15900,kg,BD-PIHPS,,,,,"PIHPS Provinsi Bengkulu (rata-rata pasar tradisional), bukan harga Bengkulu Tengah"
2025-10-22,PHP17,BRS06,16150,kg,BD-PIHPS,,,,,"PIHPS Provinsi Bengkulu (rata-rata pasar tradisional), bukan harga Bengkulu Tengah"
2025-10-22,PHP17,BWM01,40150,kg,BD-PIHPS,,,,,"PIHPS Provinsi Bengkulu (rata-rata pasar tradisional), bukan harga Bengkulu Tengah"
2025-10-22,PHP17,BWP01,38500,kg,BD-PIHPS,,,,,"PIHPS Provinsi Bengkulu (rata-rata pasar tradisional), bukan harga Bengkulu Tengah"
2025-10-22,PHP17,CMR01,55000,kg,BD-PIHPS,,,,,"PIHPS Provinsi Bengkulu (rata-rata pasar tradisional), bukan harga Bengkulu Tengah"
2025-10-22,PHP17,CMR02,60400,kg,BD-PIHPS,,,,,"PIHPS Provinsi Bengkulu (rata-rata pasar tradisional), bukan harga Bengkulu Tengah"
2025-10-22,PHP17,CRW01,33000,kg,BD-PIHPS,,,,,"PIHPS Provinsi Bengkulu (rata-rata pasar tradisional), bukan harga Bengkulu Tengah"
2025-10-22,PHP17,CRW02,27550,kg,BD-PIHPS,,,,,"PIHPS Provinsi Bengkulu (rata-rata pasar tradisional), bukan harga Bengkulu Tengah"
2025-10-22,PHP17,DAY01,38150,kg,BD-PIHPS,,,,,"PIHPS Provinsi Bengkulu (rata-rata pasar tradisional), bukan harga Bengkulu Tengah"
2025-10-22,PHP17,DSP01,135000,kg,BD-PIHPS,,,,,"PIHPS Provinsi Bengkulu (rata-rata pasar tradisional), bukan harga Bengkulu Tengah"
2025-10-22,PHP17,DSP02,134400,kg,BD-PIHPS,,,,,"PIHPS Provinsi Bengkulu (rata-rata pasar tradisional), bukan harga Bengkulu Tengah"
2025-10-22,PHP17,GLP01,17300,kg,BD-PIHPS,,,,,"PIHPS Provinsi Bengkulu (rata-rata pasar tradisional), bukan harga Bengkulu Tengah"
2025-10-22,PHP17,GLP02,19150,kg,BD-PIHPS,,,,,"PIHPS Provinsi Bengkulu (rata-rata pasar tradisional), bukan harga Bengkulu Tengah"
2025-10-22,PHP17,MGR01,17250,liter,BD-PIHPS,,,,,"PIHPS Provinsi Bengkulu (rata-rata pasar tradisional), bukan harga Bengkulu Tengah"
2025-10-22,PHP17,MGR02,20950,liter,BD-PIHPS,,,,,"PIHPS Provinsi Bengkulu (rata-rata pasar tradisional), bukan harga Bengkulu Tengah"
2025-10-22,PHP17,MGR03,20200,liter,BD-PIHPS,,,,,"PIHPS Provinsi Bengkulu (rata-rata pasar tradisional), bukan harga Bengkulu Tengah"
2025-10-22,PHP17,TLR01,29100,kg,BD-PIHPS,,,,,"PIHPS Provinsi Bengkulu (rata-rata pasar tradisional), bukan harga Bengkulu Tengah"
2025-10-23,PHP17,BRS01,14150,kg,BD-PIHPS,,,,,"PIHPS Provinsi Bengkulu (rata-rata pasar tradisional), bukan harga Bengkulu Tengah"
2025-10-23,PHP17,BRS02,15550,kg,BD-PIHPS,,,,,"PIHPS Provinsi Bengkulu (rata-rata pasar tradisional), bukan harga Bengkulu Tengah"
2025-10-23,PHP17,BRS03,15400,kg,BD-PIHPS,,,,,"PIHPS Provinsi Bengkulu (rata-rata pasar tradisional), bukan harga Bengkulu Tengah"
2025-10-23,PHP17,BRS04,15900,kg,BD-PIHPS,,,,,"PIHPS Provinsi Bengkulu (rata-rata pasar tradisional), bukan harga Bengkulu Tengah"
2025-10-23,PHP17,BRS05,15900,kg,BD-PIHPS,,,,,"PIHPS Provinsi Bengkulu (rata-rata pasar tradisional), bukan harga Bengkulu Tengah"
2025-10-23,PHP17,BRS06,16150,kg,BD-PIHPS,,,,,"PIHPS Provinsi Bengkulu (rata-rata pasar tradisional), bukan harga Bengkulu Tengah"
2025-10-23,PHP17,BWM01,39900,kg,BD-PIHPS,,,,,"PIHPS Provinsi Bengkulu (rata-rata pasar tradisional), bukan harga Bengkulu Tengah"
2025-10-23,PHP17,BWP01,38250,kg,BD-PIHPS,,,,,"PIHPS Provinsi Bengkulu (rata-rata pasar tradisional), bukan harga Bengkulu Tengah"
2025-10-23,PHP17,CMR01,56250,kg,BD-PIHPS,,,,,"PIHPS Provinsi Bengkulu (rata-rata pasar tradisional), bukan harga Bengkulu Tengah"
2025-10-23,PHP17,CMR02,60900,kg,BD-PIHPS,,,,,"PIHPS Provinsi Bengkulu (rata-rata pasar tradisional), bukan harga Bengkulu Tengah"
2025-10-23,PHP17,CRW01,33250,kg,BD-PIHPS,,,,,"PIHPS Provinsi Bengkulu (rata-rata pasar tradisional), bukan harga Bengkulu Tengah"
2025-10-23,PHP17,CRW02,26650,kg,BD-PIHPS,,,,,"PIHPS Provinsi Bengkulu (rata-rata pasar tradisional), bukan harga Bengkulu Tengah"
2025-10-23,PHP17,DAY01,38150,kg,BD-PIHPS,,,,,"PIHPS Provinsi Bengkulu (rata-rata pasar tradisional), bukan harga Bengkulu Tengah"
2025-10-23,PHP17,DSP01,135000,kg,BD-PIHPS,,,,,"PIHPS Provinsi Bengkulu (rata-rata pasar tradisional), bukan harga Bengkulu Tengah"
2025-10-23,PHP17,DSP02,134400,kg,BD-PIHPS,,,,,"PIHPS Provinsi Bengkulu (rata-rata pasar tradisional), bukan harga Bengkulu Tengah"
2025-10-23,PHP17,GLP01,17450,kg,BD-PIHPS,,,,,"PIHPS Provinsi Bengkulu (rata-rata pasar tradisional), bukan harga Bengkulu Tengah"
2025-10-23,PHP17,GLP02,19150,kg,BD-PIHPS,,,,,"PIHPS Provinsi Bengkulu (rata-rata pasar tradisional), bukan harga Bengkulu Tengah"
2025-10-23,PHP17,MGR01,17250,liter,BD-PIHPS,,,,,"PIHPS Provinsi Bengkulu (rata-rata pasar tradisional), bukan harga Bengkulu Tengah"
2025-10-23,PHP17,MGR02,20950,liter,BD-PIHPS,,,,,"PIHPS Provinsi Bengkulu (rata-rata pasar tradisional), bukan harga Bengkulu Tengah"
2025-10-23,PHP17,MGR03,20200,liter,BD-PIHPS,,,,,"PIHPS Provinsi Bengkulu (rata-rata pasar tradisional), bukan harga Bengkulu Tengah"
2025-10-23,PHP17,TLR01,29100,kg,BD-PIHPS,,,,,"PIHPS Provinsi Bengkulu (rata-rata pasar tradisional), bukan harga Bengkulu Tengah"
2025-10-24,PHP17,BRS01,14150,kg,BD-PIHPS,,,,,"PIHPS Provinsi Bengkulu (rata-rata pasar tradisional), bukan harga Bengkulu Tengah"
2025-10-24,PHP17,BRS02,15550,kg,BD-PIHPS,,,,,"PIHPS Provinsi Bengkulu (rata-rata pasar tradisional), bukan harga Bengkulu Tengah"
2025-10-24,PHP17,BRS03,15400,kg,BD-PIHPS,,,,,"PIHPS Provinsi Bengkulu (rata-rata pasar tradisional), bukan harga Bengkulu Tengah"
2025-10-24,PHP17,BRS04,15900,kg,BD-PIHPS,,,,,"PIHPS Provinsi Bengkulu (rata-rata pasar tradisional), bukan harga Bengkulu Tengah"
2025-10-24,PHP17,BRS05,15900,kg,BD-PIHPS,,,,,"PIHPS Provinsi Bengkulu (rata-rata pasar tradisional), bukan harga Bengkulu Tengah"
2025-10-24,PHP17,BRS06,16150,kg,BD-PIHPS,,,,,"PIHPS Provinsi Bengkulu (rata-rata pasar tradisional), bukan harga Bengkulu Tengah"
2025-10-24,PHP17,BWM01,41150,kg,BD-PIHPS,,,,,"PIHPS Provinsi Bengkulu (rata-rata pasar tradisional), bukan harga Bengkulu Tengah"
2025-10-24,PHP17,BWP01,37750,kg,BD-PIHPS,,,,,"PIHPS Provinsi Bengkulu (rata-rata pasar tradisional), bukan harga Bengkulu Tengah"
2025-10-24,PHP17,CMR01,58150,kg,BD-PIHPS,,,,,"PIHPS Provinsi Bengkulu (rata-rata pasar tradisional), bukan harga Bengkulu Tengah"
2025-10-24,PHP17,CMR02,62500,kg,BD-PIHPS,,,,,"PIHPS Provinsi Bengkulu (rata-rata pasar tradisional), bukan harga Bengkulu Tengah"
2025-10-24,PHP17,CRW01,35400,kg,BD-PIHPS,,,,,"PIHPS Provinsi Bengkulu (rata-rata pasar tradisional), bukan harga Bengkulu Tengah"
2025-10-24,PHP17,CRW02,27600,kg,BD-PIHPS,,,,,"PIHPS Provinsi Bengkulu (rata-rata pasar tradisional), bukan harga Bengkulu Tengah"
2025-10-24,PHP17,DAY01,38150,kg,BD-PIHPS,,,,,"PIHPS Provinsi Bengkulu (rata-rata pasar tradisional), bukan harga Bengkulu Tengah"
2025-10-24,PHP17,DSP01,135000,kg,BD-PIHPS,,,,,"PIHPS Provinsi Bengkulu (rata-rata pasar tradisional), bukan harga Bengkulu Tengah"
2025-10-24,PHP17,DSP02,134400,kg,BD-PIHPS,,,,,"PIHPS Provinsi Bengkulu (rata-rata pasar tradisional), bukan harga Bengkulu Tengah"
2025-10-24,PHP17,GLP01,17450,kg,BD-PIHPS,,,,,"PIHPS Provinsi Bengkulu (rata-rata pasar tradisional), bukan harga Bengkulu Tengah"
2025-10-24,PHP17,GLP02,19150,kg,BD-PIHPS,,,,,"PIHPS Provinsi Bengkulu (rata-rata pasar tradisional), bukan harga Bengkulu Tengah"
2025-10-24,PHP17,MGR01,17200,liter,BD-PIHPS,,,,,"PIHPS Provinsi Bengkulu (rata-rata pasar tradisional), bukan harga Bengkulu Tengah"
2025-10-24,PHP17,MGR02,20950,liter,BD-PIHPS,,,,,"PIHPS Provinsi Bengkulu (rata-rata pasar tradisional), bukan harga Bengkulu Tengah"
2025-10-24,PHP17,MGR03,20200,liter,BD-PIHPS,,,,,"PIHPS Provinsi Bengkulu (rata-rata pasar tradisional), bukan harga Bengkulu Tengah"
2025-10-24,PHP17,TLR01,29100,kg,BD-PIHPS,,,,,"PIHPS Provinsi Bengkulu (rata-rata pasar tradisional), bukan harga Bengkulu Tengah"
2025-10-27,PHP17,BRS01,14150,kg,BD-PIHPS,,,,,"PIHPS Provinsi Bengkulu (rata-rata pasar tradisional), bukan harga Bengkulu Tengah"
2025-10-27,PHP17,BRS02,15550,kg,BD-PIHPS,,,,,"PIHPS Provinsi Bengkulu (rata-rata pasar tradisional), bukan harga Bengkulu Tengah"
2025-10-27,PHP17,BRS03,15400,kg,BD-PIHPS,,,,,"PIHPS Provinsi Bengkulu (rata-rata pasar tradisional), bukan harga Bengkulu Tengah"
2025-10-27,PHP17,BRS04,15900,kg,BD-PIHPS,,,,,"PIHPS Provinsi Bengkulu (rata-rata pasar tradisional), bukan harga Bengkulu Tengah"
2025-10-27,PHP17,BRS05,15900,kg,BD-PIHPS,,,,,"PIHPS Provinsi Bengkulu (rata-rata pasar tradisional), bukan harga Bengkulu Tengah"
2025-10-27,PHP17,BRS06,16150,kg,BD-PIHPS,,,,,"PIHPS Provinsi Bengkulu (rata-rata pasar tradisional), bukan harga Bengkulu Tengah"
2025-10-27,PHP17,BWM01,40900,kg,BD-PIHPS,,,,,"PIHPS Provinsi Bengkulu (rata-rata pasar tradisional), bukan harga Bengkulu Tengah"
2025-10-27,PHP17,BWP01,37000,kg,BD-PIHPS,,,,,"PIHPS Provinsi Bengkulu (rata-rata pasar tradisional), bukan harga Bengkulu Tengah"
2025-10-27,PHP17,CMR01,59000,kg,BD-PIHPS,,,,,"PIHPS Provinsi Bengkulu (rata-rata pasar tradisional), bukan harga Bengkulu Tengah"
2025-10-27,PHP17,CMR02,64150,kg,BD-PIHPS,,,,,"PIHPS Provinsi Bengkulu (rata-rata pasar tradisional), bukan harga Bengkulu Tengah"
2025-10-27,PHP17,CRW01,34900,kg,BD-PIHPS,,,,,"PIHPS Provinsi Bengkulu (rata-rata pasar tradisional), bukan harga Bengkulu Tengah"
2025-10-27,PHP17,CRW02,26150,kg,BD-PIHPS,,,,,"PIHPS Provinsi Bengkulu (rata-rata pasar tradisional), bukan harga Bengkulu Tengah"
2025-10-27,PHP17,DAY01,37900,kg,BD-PIHPS,,,,,"PIHPS Provinsi Bengkulu (rata-rata pasar tradisional), bukan harga Bengkulu Tengah"
2025-10-27,PHP17,DSP01,135000,kg,BD-PIHPS,,,,,"PIHPS Provinsi Bengkulu (rata-rata pasar tradisional), bukan harga Bengkulu Tengah"
2025-10-27,PHP17,DSP02,134400,kg,BD-PIHPS,,,,,"PIHPS Provinsi Bengkulu (rata-rata pasar tradisional), bukan harga Bengkulu Tengah"
2025-10-27,PHP17,GLP01,17450,kg,BD-PIHPS,,,,,"PIHPS Provinsi Bengkulu (rata-rata pasar tradisional), bukan harga Bengkulu Tengah"
2025-10-27,PHP17,GLP02,19150,kg,BD-PIHPS,,,,,"PIHPS Provinsi Bengkulu (rata-rata pasar tradisional), bukan harga Bengkulu Tengah"
2025-10-27,PHP17,MGR01,17200,liter,BD-PIHPS,,,,,"PIHPS Provinsi Bengkulu (rata-rata pasar tradisional), bukan harga Bengkulu Tengah"
2025-10-27,PHP17,MGR02,20950,liter,BD-PIHPS,,,,,"PIHPS Provinsi Bengkulu (rata-rata pasar tradisional), bukan harga Bengkulu Tengah"
2025-10-27,PHP17,MGR03,20200,liter,BD-PIHPS,,,,,"PIHPS Provinsi Bengkulu (rata-rata pasar tradisional), bukan harga Bengkulu Tengah"
2025-10-27,PHP17,TLR01,29100,kg,BD-PIHPS,,,,,"PIHPS Provinsi Bengkulu (rata-rata pasar tradisional), bukan harga Bengkulu Tengah"
2025-10-28,PHP17,BRS01,14150,kg,BD-PIHPS,,,,,"PIHPS Provinsi Bengkulu (rata-rata pasar tradisional), bukan harga Bengkulu Tengah"
2025-10-28,PHP17,BRS02,15550,kg,BD-PIHPS,,,,,"PIHPS Provinsi Bengkulu (rata-rata pasar tradisional), bukan harga Bengkulu Tengah"
2025-10-28,PHP17,BRS03,15400,kg,BD-PIHPS,,,,,"PIHPS Provinsi Bengkulu (rata-rata pasar tradisional), bukan harga Bengkulu Tengah"
2025-10-28,PHP17,BRS04,15900,kg,BD-PIHPS,,,,,"PIHPS Provinsi Bengkulu (rata-rata pasar tradisional), bukan harga Bengkulu Tengah"
2025-10-28,PHP17,BRS05,15900,kg,BD-PIHPS,,,,,"PIHPS Provinsi Bengkulu (rata-rata pasar tradisional), bukan harga Bengkulu Tengah"
2025-10-28,PHP17,BRS06,16150,kg,BD-PIHPS,,,,,"PIHPS Provinsi Bengkulu (rata-rata pasar tradisional), bukan harga Bengkulu Tengah"
2025-10-28,PHP17,BWM01,40900,kg,BD-PIHPS,,,,,"PIHPS Provinsi Bengkulu (rata-rata pasar tradisional), bukan harga Bengkulu Tengah"
2025-10-28,PHP17,BWP01,37000,kg,BD-PIHPS,,,,,"PIHPS Provinsi Bengkulu (rata-rata pasar tradisional), bukan harga Bengkulu Tengah"
2025-10-28,PHP17,CMR01,59000,kg,BD-PIHPS,,,,,"PIHPS Provinsi Bengkulu (rata-rata pasar tradisional), bukan harga Bengkulu Tengah"
2025-10-28,PHP17,CMR02,64150,kg,BD-PIHPS,,,,,"PIHPS Provinsi Bengkulu (rata-rata pasar tradisional), bukan harga Bengkulu Tengah"
2025-10-28,PHP17,CRW01,32900,kg,BD-PIHPS,,,,,"PIHPS Provinsi Bengkulu (rata-rata pasar tradisional), bukan harga Bengkulu Tengah"
2025-10-28,PHP17,CRW02,24550,kg,BD-PIHPS,,,,,"PIHPS Provinsi Bengkulu (rata-rata pasar tradisional), bukan harga Bengkulu Tengah"
2025-10-28,PHP17,DAY01,36900,kg,BD-PIHPS,,,,,"PIHPS Provinsi Bengkulu (rata-rata pasar tradisional), bukan harga Bengkulu Tengah"
2025-10-28,PHP17,DSP01,135000,kg,BD-PIHPS,,,,,"PIHPS Provinsi Bengkulu (rata-rata pasar tradisional), bukan harga Bengkulu Tengah"
2025-10-28,PHP17,DSP02,134400,kg,BD-PIHPS,,,,,"PIHPS Provinsi Bengkulu (rata-rata pasar tradisional), bukan harga Bengkulu Tengah"
2025-10-28,PHP17,GLP01,17450,kg,BD-PIHPS,,,,,"PIHPS Provinsi Bengkulu (rata-rata pasar tradisional), bukan harga Bengkulu Tengah"
2025-10-28,PHP17,GLP02,19150,kg,BD-PIHPS,,,,,"PIHPS Provinsi Bengkulu (rata-rata pasar tradisional), bukan harga Bengkulu Tengah"
2025-10-28,PHP17,MGR01,17200,liter,BD-PIHPS,,,,,"PIHPS Provinsi Bengkulu (rata-rata pasar tradisional), bukan harga Bengkulu Tengah"
2025-10-28,PHP17,MGR02,20950,liter,BD-PIHPS,,,,,"PIHPS Provinsi Bengkulu (rata-rata pasar tradisional), bukan harga Bengkulu Tengah"
2025-10-28,PHP17,MGR03,20200,liter,BD-PIHPS,,,,,"PIHPS Provinsi Bengkulu (rata-rata pasar tradisional), bukan harga Bengkulu Tengah"
2025-10-28,PHP17,TLR01,29100,kg,BD-PIHPS,,,,,"PIHPS Provinsi Bengkulu (rata-rata pasar tradisional), bukan harga Bengkulu Tengah"
2025-10-29,PHP17,BRS01,14150,kg,BD-PIHPS,,,,,"PIHPS Provinsi Bengkulu (rata-rata pasar tradisional), bukan harga Bengkulu Tengah"
2025-10-29,PHP17,BRS02,15550,kg,BD-PIHPS,,,,,"PIHPS Provinsi Bengkulu (rata-rata pasar tradisional), bukan harga Bengkulu Tengah"
2025-10-29,PHP17,BRS03,15400,kg,BD-PIHPS,,,,,"PIHPS Provinsi Bengkulu (rata-rata pasar tradisional), bukan harga Bengkulu Tengah"
2025-10-29,PHP17,BRS04,15900,kg,BD-PIHPS,,,,,"PIHPS Provinsi Bengkulu (rata-rata pasar tradisional), bukan harga Bengkulu Tengah"
2025-10-29,PHP17,BRS05,15900,kg,BD-PIHPS,,,,,"PIHPS Provinsi Bengkulu (rata-rata pasar tradisional), bukan harga Bengkulu Tengah"
2025-10-29,PHP17,BRS06,16150,kg,BD-PIHPS,,,,,"PIHPS Provinsi Bengkulu (rata-rata pasar tradisional), bukan harga Bengkulu Tengah"
2025-10-29,PHP17,BWM01,40500,kg,BD-PIHPS,,,,,"PIHPS Provinsi Bengkulu (rata-rata pasar tradisional), bukan harga Bengkulu Tengah"
2025-10-29,PHP17,BWP01,37000,kg,BD-PIHPS,,,,,"PIHPS Provinsi Bengkulu (rata-rata pasar tradisional), bukan harga Bengkulu Tengah"
2025-10-29,PHP17,CMR01,57500,kg,BD-PIHPS,,,,,"PIHPS Provinsi Bengkulu (rata-rata pasar tradisional), bukan harga Bengkulu Tengah"
2025-10-29,PHP17,CMR02,62900,kg,BD-PIHPS,,,,,"PIHPS Provinsi Bengkulu (rata-rata pasar tradisional), bukan harga Bengkulu Tengah"
2025-10-29,PHP17,CRW01,32150,kg,BD-PIHPS,,,,,"PIHPS Provinsi Bengkulu (rata-rata pasar tradisional), bukan harga Bengkulu Tengah"
2025-10-29,PHP17,CRW02,23700,kg,BD-PIHPS,,,,,"PIHPS Provinsi Bengkulu (rata-rata pasar tradisional), bukan harga Bengkulu Tengah"
2025-10-29,PHP17,DAY01,36900,kg,BD-PIHPS,,,,,"PIHPS Provinsi Bengkulu (rata-rata pasar tradisional), bukan harga Bengkulu Tengah"
2025-10-29,PHP17,DSP01,135000,kg,BD-PIHPS,,,,,"PIHPS Provinsi Bengkulu (rata-rata pasar tradisional), bukan harga Bengkulu Tengah"
2025-10-29,PHP17,DSP02,134400,kg,BD-PIHPS,,,,,"PIHPS Provinsi Bengkulu (rata-rata pasar tradisional), bukan harga Bengkulu Tengah"
2025-10-29,PHP17,GLP01,17400,kg,BD-PIHPS,,,,,"PIHPS Provinsi Bengkulu (rata-rata pasar tradisional), bukan harga Bengkulu Tengah"
2025-10-29,PHP17,GLP02,19000,kg,BD-PIHPS,,,,,"PIHPS Provinsi Bengkulu (rata-rata pasar tradisional), bukan harga Bengkulu Tengah"
2025-10-29,PHP17,MGR01,17200,liter,BD-PIHPS,,,,,"PIHPS Provinsi Bengkulu (rata-rata pasar tradisional), bukan harga Bengkulu Tengah"
2025-10-29,PHP17,MGR02,20950,liter,BD-PIHPS,,,,,"PIHPS Provinsi Bengkulu (rata-rata pasar tradisional), bukan harga Bengkulu Tengah"
2025-10-29,PHP17,MGR03,20200,liter,BD-PIHPS,,,,,"PIHPS Provinsi Bengkulu (rata-rata pasar tradisional), bukan harga Bengkulu Tengah"
2025-10-29,PHP17,TLR01,29100,kg,BD-PIHPS,,,,,"PIHPS Provinsi Bengkulu (rata-rata pasar tradisional), bukan harga Bengkulu Tengah"
2025-10-30,PHP17,BRS01,14200,kg,BD-PIHPS,,,,,"PIHPS Provinsi Bengkulu (rata-rata pasar tradisional), bukan harga Bengkulu Tengah"
2025-10-30,PHP17,BRS02,15550,kg,BD-PIHPS,,,,,"PIHPS Provinsi Bengkulu (rata-rata pasar tradisional), bukan harga Bengkulu Tengah"
2025-10-30,PHP17,BRS03,15400,kg,BD-PIHPS,,,,,"PIHPS Provinsi Bengkulu (rata-rata pasar tradisional), bukan harga Bengkulu Tengah"
2025-10-30,PHP17,BRS04,15900,kg,BD-PIHPS,,,,,"PIHPS Provinsi Bengkulu (rata-rata pasar tradisional), bukan harga Bengkulu Tengah"
2025-10-30,PHP17,BRS05,15900,kg,BD-PIHPS,,,,,"PIHPS Provinsi Bengkulu (rata-rata pasar tradisional), bukan harga Bengkulu Tengah"
2025-10-30,PHP17,BRS06,16100,kg,BD-PIHPS,,,,,"PIHPS Provinsi Bengkulu (rata-rata pasar tradisional), bukan harga Bengkulu Tengah"
2025-10-30,PHP17,BWM01,40650,kg,BD-PIHPS,,,,,"PIHPS Provinsi Bengkulu (rata-rata pasar tradisional), bukan harga Bengkulu Tengah"
2025-10-30,PHP17,BWP01,36900,kg,BD-PIHPS,,,,,"PIHPS Provinsi Bengkulu (rata-rata pasar tradisional), bukan harga Bengkulu Tengah"
2025-10-30,PHP17,CMR01,57750,kg,BD-PIHPS,,,,,"PIHPS Provinsi Bengkulu (rata-rata pasar tradisional), bukan harga Bengkulu Tengah"
2025-10-30,PHP17,CMR02,62750,kg,BD-PIHPS,,,,,"PIHPS Provinsi Bengkulu (rata-rata pasar tradisional), bukan harga Bengkulu Tengah"
2025-10-30,PHP17,CRW01,33250,kg,BD-PIHPS,,,,,"PIHPS Provinsi Bengkulu (rata-rata pasar tradisional), bukan harga Bengkulu Tengah"
2025-10-30,PHP17,CRW02,24600,kg,BD-PIHPS,,,,,"PIHPS Provinsi Bengkulu (rata-rata pasar tradisional), bukan harga Bengkulu Tengah"
2025-10-30,PHP17,DAY01,36900,kg,BD-PIHPS,,,,,"PIHPS Provinsi Bengkulu (rata-rata pasar tradisional), bukan harga Bengkulu Tengah"
2025-10-30,PHP17,DSP01,135000,kg,BD-PIHPS,,,,,"PIHPS Provinsi Bengkulu (rata-rata pasar tradisional), bukan harga Bengkulu Tengah"
2025-10-30,PHP17,DSP02,134400,kg,BD-PIHPS,,,,,"PIHPS Provinsi Bengkulu (rata-rata pasar tradisional), bukan harga Bengkulu Tengah"
2025-10-30,PHP17,GLP01,17200,kg,BD-PIHPS,,,,,"PIHPS Provinsi Bengkulu (rata-rata pasar tradisional), bukan harga Bengkulu Tengah"
2025-10-30,PHP17,GLP02,19000,kg,BD-PIHPS,,,,,"PIHPS Provinsi Bengkulu (rata-rata pasar tradisional), bukan harga Bengkulu Tengah"
2025-10-30,PHP17,MGR01,17200,liter,BD-PIHPS,,,,,"PIHPS Provinsi Bengkulu (rata-rata pasar tradisional), bukan harga Bengkulu Tengah"
2025-10-30,PHP17,MGR02,20950,liter,BD-PIHPS,,,,,"PIHPS Provinsi Bengkulu (rata-rata pasar tradisional), bukan harga Bengkulu Tengah"
2025-10-30,PHP17,MGR03,20200,liter,BD-PIHPS,,,,,"PIHPS Provinsi Bengkulu (rata-rata pasar tradisional), bukan harga Bengkulu Tengah"
2025-10-30,PHP17,TLR01,29100,kg,BD-PIHPS,,,,,"PIHPS Provinsi Bengkulu (rata-rata pasar tradisional), bukan harga Bengkulu Tengah"
2025-10-31,PHP17,BRS01,14200,kg,BD-PIHPS,,,,,"PIHPS Provinsi Bengkulu (rata-rata pasar tradisional), bukan harga Bengkulu Tengah"
2025-10-31,PHP17,BRS02,15550,kg,BD-PIHPS,,,,,"PIHPS Provinsi Bengkulu (rata-rata pasar tradisional), bukan harga Bengkulu Tengah"
2025-10-31,PHP17,BRS03,15400,kg,BD-PIHPS,,,,,"PIHPS Provinsi Bengkulu (rata-rata pasar tradisional), bukan harga Bengkulu Tengah"
2025-10-31,PHP17,BRS04,15900,kg,BD-PIHPS,,,,,"PIHPS Provinsi Bengkulu (rata-rata pasar tradisional), bukan harga Bengkulu Tengah"
2025-10-31,PHP17,BRS05,15900,kg,BD-PIHPS,,,,,"PIHPS Provinsi Bengkulu (rata-rata pasar tradisional), bukan harga Bengkulu Tengah"
2025-10-31,PHP17,BRS06,16100,kg,BD-PIHPS,,,,,"PIHPS Provinsi Bengkulu (rata-rata pasar tradisional), bukan harga Bengkulu Tengah"
2025-10-31,PHP17,BWM01,39250,kg,BD-PIHPS,,,,,"PIHPS Provinsi Bengkulu (rata-rata pasar tradisional), bukan harga Bengkulu Tengah"
2025-10-31,PHP17,BWP01,36250,kg,BD-PIHPS,,,,,"PIHPS Provinsi Bengkulu (rata-rata pasar tradisional), bukan harga Bengkulu Tengah"
2025-10-31,PHP17,CMR01,54900,kg,BD-PIHPS,,,,,"PIHPS Provinsi Bengkulu (rata-rata pasar tradisional), bukan harga Bengkulu Tengah"
2025-10-31,PHP17,CMR02,60250,kg,BD-PIHPS,,,,,"PIHPS Provinsi Bengkulu (rata-rata pasar tradisional), bukan harga Bengkulu Tengah"
2025-10-31,PHP17,CRW01,32150,kg,BD-PIHPS,,,,,"PIHPS Provinsi Bengkulu (rata-rata pasar tradisional), bukan harga Bengkulu Tengah"
2025-10-31,PHP17,CRW02,24050,kg,BD-PIHPS,,,,,"PIHPS Provinsi Bengkulu (rata-rata pasar tradisional), bukan harga Bengkulu Tengah"
2025-10-31,PHP17,DAY01,36750,kg,BD-PIHPS,,,,,"PIHPS Provinsi Bengkulu (rata-rata pasar tradisional), bukan harga Bengkulu Tengah"
2025-10-31,PHP17,DSP01,135000,kg,BD-PIHPS,,,,,"PIHPS Provinsi Bengkulu (rata-rata pasar tradisional), bukan harga Bengkulu Tengah"
2025-10-31,PHP17,DSP02,134400,kg,BD-PIHPS,,,,,"PIHPS Provinsi Bengkulu (rata-rata pasar tradisional), bukan harga Bengkulu Tengah"
2025-10-31,PHP17,GLP01,17200,kg,BD-PIHPS,,,,,"PIHPS Provinsi Bengkulu (rata-rata pasar tradisional), bukan harga Bengkulu Tengah"
2025-10-31,PHP17,GLP02,19000,kg,BD-PIHPS,,,,,"PIHPS Provinsi Bengkulu (rata-rata pasar tradisional), bukan harga Bengkulu Tengah"
2025-10-31,PHP17,MGR01,17200,liter,BD-PIHPS,,,,,"PIHPS Provinsi Bengkulu (rata-rata pasar tradisional), bukan harga Bengkulu Tengah"
2025-10-31,PHP17,MGR02,20950,liter,BD-PIHPS,,,,,"PIHPS Provinsi Bengkulu (rata-rata pasar tradisional), bukan harga Bengkulu Tengah"
2025-10-31,PHP17,MGR03,20200,liter,BD-PIHPS,,,,,"PIHPS Provinsi Bengkulu (rata-rata pasar tradisional), bukan harga Bengkulu Tengah"
2025-10-31,PHP17,TLR01,29100,kg,BD-PIHPS,,,,,"PIHPS Provinsi Bengkulu (rata-rata pasar tradisional), bukan harga Bengkulu Tengah"
2025-11-03,PHP17,BRS01,14200,kg,BD-PIHPS,,,,,"PIHPS Provinsi Bengkulu (rata-rata pasar tradisional), bukan harga Bengkulu Tengah"
2025-11-03,PHP17,BRS02,15550,kg,BD-PIHPS,,,,,"PIHPS Provinsi Bengkulu (rata-rata pasar tradisional), bukan harga Bengkulu Tengah"
2025-11-03,PHP17,BRS03,15400,kg,BD-PIHPS,,,,,"PIHPS Provinsi Bengkulu (rata-rata pasar tradisional), bukan harga Bengkulu Tengah"
2025-11-03,PHP17,BRS04,15900,kg,BD-PIHPS,,,,,"PIHPS Provinsi Bengkulu (rata-rata pasar tradisional), bukan harga Bengkulu Tengah"
2025-11-03,PHP17,BRS05,15900,kg,BD-PIHPS,,,,,"PIHPS Provinsi Bengkulu (rata-rata pasar tradisional), bukan harga Bengkulu Tengah"
2025-11-03,PHP17,BRS06,16100,kg,BD-PIHPS,,,,,"PIHPS Provinsi Bengkulu (rata-rata pasar tradisional), bukan harga Bengkulu Tengah"
2025-11-03,PHP17,BWM01,38900,kg,BD-PIHPS,,,,,"PIHPS Provinsi Bengkulu (rata-rata pasar tradisional), bukan harga Bengkulu Tengah"
2025-11-03,PHP17,BWP01,36900,kg,BD-PIHPS,,,,,"PIHPS Provinsi Bengkulu (rata-rata pasar tradisional), bukan harga Bengkulu Tengah"
2025-11-03,PHP17,CMR01,57000,kg,BD-PIHPS,,,,,"PIHPS Provinsi Bengkulu (rata-rata pasar tradisional), bukan harga Bengkulu Tengah"
2025-11-03,PHP17,CMR02,61750,kg,BD-PIHPS,,,,,"PIHPS Provinsi Bengkulu (rata-rata pasar tradisional), bukan harga Bengkulu Tengah"
2025-11-03,PHP17,CRW01,34000,kg,BD-PIHPS,,,,,"PIHPS Provinsi Bengkulu (rata-rata pasar tradisional), bukan harga Bengkulu Tengah"
2025-11-03,PHP17,CRW02,24950,kg,BD-PIHPS,,,,,"PIHPS Provinsi Bengkulu (rata-rata pasar tradisional), bukan harga Bengkulu Tengah"
2025-11-03,PHP17,DAY01,36750,kg,BD-PIHPS,,,,,"PIHPS Provinsi Bengkulu (rata-rata pasar tradisional), bukan harga Bengkulu Tengah"
2025-11-03,PHP17,DSP01,135000,kg,BD-PIHPS,,,,,"PIHPS Provinsi Bengkulu (rata-rata pasar tradisional), bukan harga Bengkulu Tengah"
2025-11-03,PHP17,DSP02,134400,kg,BD-PIHPS,,,,,"PIHPS Provinsi Bengkulu (rata-rata pasar tradisional), bukan harga Bengkulu Tengah"
2025-11-03,PHP17,GLP01,17200,kg,BD-PIHPS,,,,,"PIHPS Provinsi Bengkulu (rata-rata pasar tradisional), bukan harga Bengkulu Tengah"
2025-11-03,PHP17,GLP02,19000,kg,BD-PIHPS,,,,,"PIHPS Provinsi Bengkulu (rata-rata pasar tradisional), bukan harga Bengkulu Tengah"
2025-11-03,PHP17,MGR01,17200,liter,BD-PIHPS,,,,,"PIHPS Provinsi Bengkulu (rata-rata pasar tradisional), bukan harga Bengkulu Tengah"
2025-11-03,PHP17,MGR02,20950,liter,BD-PIHPS,,,,,"PIHPS Provinsi Bengkulu (rata-rata pasar tradisional), bukan harga Bengkulu Tengah"
2025-11-03,PHP17,MGR03,20200,liter,BD-PIHPS,,,,,"PIHPS Provinsi Bengkulu (rata-rata pasar tradisional), bukan harga Bengkulu Tengah"
2025-11-03,PHP17,TLR01,29100,kg,BD-PIHPS,,,,,"PIHPS Provinsi Bengkulu (rata-rata pasar tradisional), bukan harga Bengkulu Tengah"
2025-11-04,PHP17,BRS01,14200,kg,BD-PIHPS,,,,,"PIHPS Provinsi Bengkulu (rata-rata pasar tradisional), bukan harga Bengkulu Tengah"
2025-11-04,PHP17,BRS02,15550,kg,BD-PIHPS,,,,,"PIHPS Provinsi Bengkulu (rata-rata pasar tradisional), bukan harga Bengkulu Tengah"
2025-11-04,PHP17,BRS03,15400,kg,BD-PIHPS,,,,,"PIHPS Provinsi Bengkulu (rata-rata pasar tradisional), bukan harga Bengkulu Tengah"
2025-11-04,PHP17,BRS04,15900,kg,BD-PIHPS,,,,,"PIHPS Provinsi Bengkulu (rata-rata pasar tradisional), bukan harga Bengkulu Tengah"
2025-11-04,PHP17,BRS05,15900,kg,BD-PIHPS,,,,,"PIHPS Provinsi Bengkulu (rata-rata pasar tradisional), bukan harga Bengkulu Tengah"
2025-11-04,PHP17,BRS06,16100,kg,BD-PIHPS,,,,,"PIHPS Provinsi Bengkulu (rata-rata pasar tradisional), bukan harga Bengkulu Tengah"
2025-11-04,PHP17,BWM01,38900,kg,BD-PIHPS,,,,,"PIHPS Provinsi Bengkulu (rata-rata pasar tradisional), bukan harga Bengkulu Tengah"
2025-11-04,PHP17,BWP01,36900,kg,BD-PIHPS,,,,,"PIHPS Provinsi Bengkulu (rata-rata pasar tradisional), bukan harga Bengkulu Tengah"
2025-11-04,PHP17,CMR01,58500,kg,BD-PIHPS,,,,,"PIHPS Provinsi Bengkulu (rata-rata pasar tradisional), bukan harga Bengkulu Tengah"
2025-11-04,PHP17,CMR02,62650,kg,BD-PIHPS,,,,,"PIHPS Provinsi Bengkulu (rata-rata pasar tradisional), bukan harga Bengkulu Tengah"
2025-11-04,PHP17,CRW01,35000,kg,BD-PIHPS,,,,,"PIHPS Provinsi Bengkulu (rata-rata pasar tradisional), bukan harga Bengkulu Tengah"
2025-11-04,PHP17,CRW02,25900,kg,BD-PIHPS,,,,,"PIHPS Provinsi Bengkulu (rata-rata pasar tradisional), bukan harga Bengkulu Tengah"
2025-11-04,PHP17,DAY01,36150,kg,BD-PIHPS,,,,,"PIHPS Provinsi Bengkulu (rata-rata pasar tradisional), bukan harga Bengkulu Tengah"
2025-11-04,PHP17,DSP01,135000,kg,BD-PIHPS,,,,,"PIHPS Provinsi Bengkulu (rata-rata pasar tradisional), bukan harga Bengkulu Tengah"
2025-11-04,PHP17,DSP02,134400,kg,BD-PIHPS,,,,,"PIHPS Provinsi Bengkulu (rata-rata pasar tradisional), bukan harga Bengkulu Tengah"
2025-11-04,PHP17,GLP01,17200,kg,BD-PIHPS,,,,,"PIHPS Provinsi Bengkulu (rata-rata pasar tradisional), bukan harga Bengkulu Tengah"
2025-11-04,PHP17,GLP02,19000,kg,BD-PIHPS,,,,,"PIHPS Provinsi Bengkulu (rata-rata pasar tradisional), bukan harga Bengkulu Tengah"
2025-11-04,PHP17,MGR01,17200,liter,BD-PIHPS,,,,,"PIHPS Provinsi Bengkulu (rata-rata pasar tradisional), bukan harga Bengkulu Tengah"
2025-11-04,PHP17,MGR02,20950,liter,BD-PIHPS,,,,,"PIHPS Provinsi Bengkulu (rata-rata pasar tradisional), bukan harga Bengkulu Tengah"
2025-11-04,PHP17,MGR03,20200,liter,BD-PIHPS,,,,,"PIHPS Provinsi Bengkulu (rata-rata pasar tradisional), bukan harga Bengkulu Tengah"
2025-11-04,PHP17,TLR01,29100,kg,BD-PIHPS,,,,,"PIHPS Provinsi Bengkulu (rata-rata pasar tradisional), bukan harga Bengkulu Tengah"
2025-11-05,PHP17,BRS01,14200,kg,BD-PIHPS,,,,,"PIHPS Provinsi Bengkulu (rata-rata pasar tradisional), bukan harga Bengkulu Tengah"
2025-11-05,PHP17,BRS02,15550,kg,BD-PIHPS,,,,,"PIHPS Provinsi Bengkulu (rata-rata pasar tradisional), bukan harga Bengkulu Tengah"
2025-11-05,PHP17,BRS03,15400,kg,BD-PIHPS,,,,,"PIHPS Provinsi Bengkulu (rata-rata pasar tradisional), bukan harga Bengkulu Tengah"
2025-11-05,PHP17,BRS04,15900,kg,BD-PIHPS,,,,,"PIHPS Provinsi Bengkulu (rata-rata pasar tradisional), bukan harga Bengkulu Tengah"
2025-11-05,PHP17,BRS05,15900,kg,BD-PIHPS,,,,,"PIHPS Provinsi Bengkulu (rata-rata pasar tradisional), bukan harga Bengkulu Tengah"
2025-11-05,PHP17,BRS06,16100,kg,BD-PIHPS,,,,,"PIHPS Provinsi Bengkulu (rata-rata pasar tradisional), bukan harga Bengkulu Tengah"
2025-11-05,PHP17,BWM01,39150,kg,BD-PIHPS,,,,,"PIHPS Provinsi Bengkulu (rata-rata pasar tradisional), bukan harga Bengkulu Tengah"
2025-11-05,PHP17,BWP01,36900,kg,BD-PIHPS,,,,,"PIHPS Provinsi Bengkulu (rata-rata pasar tradisional), bukan harga Bengkulu Tengah"
2025-11-05,PHP17,CMR01,55400,kg,BD-PIHPS,,,,,"PIHPS Provinsi Bengkulu (rata-rata pasar tradisional), bukan harga Bengkulu Tengah"
2025-11-05,PHP17,CMR02,60400,kg,BD-PIHPS,,,,,"PIHPS Provinsi Bengkulu (rata-rata pasar tradisional), bukan harga Bengkulu Tengah"
2025-11-05,PHP17,CRW01,35000,kg,BD-PIHPS,,,,,"PIHPS Provinsi Bengkulu (rata-rata pasar tradisional), bukan harga Bengkulu Tengah"
2025-11-05,PHP17,CRW02,25450,kg,BD-PIHPS,,,,,"PIHPS Provinsi Bengkulu (rata-rata pasar tradisional), bukan harga Bengkulu Tengah"
2025-11-05,PHP17,DAY01,35750,kg,BD-PIHPS,,,,,"PIHPS Provinsi Bengkulu (rata-rata pasar tradisional), bukan harga Bengkulu Tengah"
2025-11-05,PHP17,DSP01,135000,kg,BD-PIHPS,,,,,"PIHPS Provinsi Bengkulu (rata-rata pasar tradisional), bukan harga Bengkulu Tengah"
2025-11-05,PHP17,DSP02,134400,kg,BD-PIHPS,,,,,"PIHPS Provinsi Bengkulu (rata-rata pasar tradisional), bukan harga Bengkulu Tengah"
2025-11-05,PHP17,GLP01,17200,kg,BD-PIHPS,,,,,"PIHPS Provinsi Bengkulu (rata-rata pasar tradisional), bukan harga Bengkulu Tengah"
2025-11-05,PHP17,GLP02,19000,kg,BD-PIHPS,,,,,"PIHPS Provinsi Bengkulu (rata-rata pasar tradisional), bukan harga Bengkulu Tengah"
2025-11-05,PHP17,MGR01,17200,liter,BD-PIHPS,,,,,"PIHPS Provinsi Bengkulu (rata-rata pasar tradisional), bukan harga Bengkulu Tengah"
2025-11-05,PHP17,MGR02,20950,liter,BD-PIHPS,,,,,"PIHPS Provinsi Bengkulu (rata-rata pasar tradisional), bukan harga Bengkulu Tengah"
2025-11-05,PHP17,MGR03,20200,liter,BD-PIHPS,,,,,"PIHPS Provinsi Bengkulu (rata-rata pasar tradisional), bukan harga Bengkulu Tengah"
2025-11-05,PHP17,TLR01,29100,kg,BD-PIHPS,,,,,"PIHPS Provinsi Bengkulu (rata-rata pasar tradisional), bukan harga Bengkulu Tengah"
2025-11-06,PHP17,BRS01,14200,kg,BD-PIHPS,,,,,"PIHPS Provinsi Bengkulu (rata-rata pasar tradisional), bukan harga Bengkulu Tengah"
2025-11-06,PHP17,BRS02,15550,kg,BD-PIHPS,,,,,"PIHPS Provinsi Bengkulu (rata-rata pasar tradisional), bukan harga Bengkulu Tengah"
2025-11-06,PHP17,BRS03,15400,kg,BD-PIHPS,,,,,"PIHPS Provinsi Bengkulu (rata-rata pasar tradisional), bukan harga Bengkulu Tengah"
2025-11-06,PHP17,BRS04,15900,kg,BD-PIHPS,,,,,"PIHPS Provinsi Bengkulu (rata-rata pasar tradisional), bukan harga Bengkulu Tengah"
2025-11-06,PHP17,BRS05,15900,kg,BD-PIHPS,,,,,"PIHPS Provinsi Bengkulu (rata-rata pasar tradisional), bukan harga Bengkulu Tengah"
2025-11-06,PHP17,BRS06,16100,kg,BD-PIHPS,,,,,"PIHPS Provinsi Bengkulu (rata-rata pasar tradisional), bukan harga Bengkulu Tengah"
2025-11-06,PHP17,BWM01,39150,kg,BD-PIHPS,,,,,"PIHPS Provinsi Bengkulu (rata-rata pasar tradisional), bukan harga Bengkulu Tengah"
2025-11-06,PHP17,BWP01,36900,kg,BD-PIHPS,,,,,"PIHPS Provinsi Bengkulu (rata-rata pasar tradisional), bukan harga Bengkulu Tengah"
2025-11-06,PHP17,CMR01,53400,kg,BD-PIHPS,,,,,"PIHPS Provinsi Bengkulu (rata-rata pasar tradisional), bukan harga Bengkulu Tengah"
2025-11-06,PHP17,CMR02,58500,kg,BD-PIHPS,,,,,"PIHPS Provinsi Bengkulu (rata-rata pasar tradisional), bukan harga Bengkulu Tengah"
2025-11-06,PHP17,CRW01,34400,kg,BD-PIHPS,,,,,"PIHPS Provinsi Bengkulu (rata-rata pasar tradisional), bukan harga Bengkulu Tengah"
2025-11-06,PHP17,CRW02,25450,kg,BD-PIHPS,,,,,"PIHPS Provinsi Bengkulu (rata-rata pasar tradisional), bukan harga Bengkulu Tengah"
2025-11-06,PHP17,DAY01,35750,kg,BD-PIHPS,,,,,"PIHPS Provinsi Bengkulu (rata-rata pasar tradisional), bukan harga Bengkulu Tengah"
2025-11-06,PHP17,DSP01,135000,kg,BD-PIHPS,,,,,"PIHPS Provinsi Bengkulu (rata-rata pasar tradisional), bukan harga Bengkulu Tengah"
2025-11-06,PHP17,DSP02,134400,kg,BD-PIHPS,,,,,"PIHPS Provinsi Bengkulu (rata-rata pasar tradisional), bukan harga Bengkulu Tengah"
2025-11-06,PHP17,GLP01,17200,kg,BD-PIHPS,,,,,"PIHPS Provinsi Bengkulu (rata-rata pasar tradisional), bukan harga Bengkulu Tengah"
2025-11-06,PHP17,GLP02,19000,kg,BD-PIHPS,,,,,"PIHPS Provinsi Bengkulu (rata-rata pasar tradisional), bukan harga Bengkulu Tengah"
2025-11-06,PHP17,MGR01,17200,liter,BD-PIHPS,,,,,"PIHPS Provinsi Bengkulu (rata-rata pasar tradisional), bukan harga Bengkulu Tengah"
2025-11-06,PHP17,MGR02,20950,liter,BD-PIHPS,,,,,"PIHPS Provinsi Bengkulu (rata-rata pasar tradisional), bukan harga Bengkulu Tengah"
2025-11-06,PHP17,MGR03,20200,liter,BD-PIHPS,,,,,"PIHPS Provinsi Bengkulu (rata-rata pasar tradisional), bukan harga Bengkulu Tengah"
2025-11-06,PHP17,TLR01,29100,kg,BD-PIHPS,,,,,"PIHPS Provinsi Bengkulu (rata-rata pasar tradisional), bukan harga Bengkulu Tengah"
2025-11-07,PHP17,BRS01,14200,kg,BD-PIHPS,,,,,"PIHPS Provinsi Bengkulu (rata-rata pasar tradisional), bukan harga Bengkulu Tengah"
2025-11-07,PHP17,BRS02,15550,kg,BD-PIHPS,,,,,"PIHPS Provinsi Bengkulu (rata-rata pasar tradisional), bukan harga Bengkulu Tengah"
2025-11-07,PHP17,BRS03,15400,kg,BD-PIHPS,,,,,"PIHPS Provinsi Bengkulu (rata-rata pasar tradisional), bukan harga Bengkulu Tengah"
2025-11-07,PHP17,BRS04,15900,kg,BD-PIHPS,,,,,"PIHPS Provinsi Bengkulu (rata-rata pasar tradisional), bukan harga Bengkulu Tengah"
2025-11-07,PHP17,BRS05,15900,kg,BD-PIHPS,,,,,"PIHPS Provinsi Bengkulu (rata-rata pasar tradisional), bukan harga Bengkulu Tengah"
2025-11-07,PHP17,BRS06,16100,kg,BD-PIHPS,,,,,"PIHPS Provinsi Bengkulu (rata-rata pasar tradisional), bukan harga Bengkulu Tengah"
2025-11-07,PHP17,BWM01,40400,kg,BD-PIHPS,,,,,"PIHPS Provinsi Bengkulu (rata-rata pasar tradisional), bukan harga Bengkulu Tengah"
2025-11-07,PHP17,BWP01,37400,kg,BD-PIHPS,,,,,"PIHPS Provinsi Bengkulu (rata-rata pasar tradisional), bukan harga Bengkulu Tengah"
2025-11-07,PHP17,CMR01,56900,kg,BD-PIHPS,,,,,"PIHPS Provinsi Bengkulu (rata-rata pasar tradisional), bukan harga Bengkulu Tengah"
2025-11-07,PHP17,CMR02,61400,kg,BD-PIHPS,,,,,"PIHPS Provinsi Bengkulu (rata-rata pasar tradisional), bukan harga Bengkulu Tengah"
2025-11-07,PHP17,CRW01,37900,kg,BD-PIHPS,,,,,"PIHPS Provinsi Bengkulu (rata-rata pasar tradisional), bukan harga Bengkulu Tengah"
2025-11-07,PHP17,CRW02,27450,kg,BD-PIHPS,,,,,"PIHPS Provinsi Bengkulu (rata-rata pasar tradisional), bukan harga Bengkulu Tengah"
2025-11-07,PHP17,DAY01,35750,kg,BD-PIHPS,,,,,"PIHPS Provinsi Bengkulu (rata-rata pasar tradisional), bukan harga Bengkulu Tengah"
2025-11-07,PHP17,DSP01,135000,kg,BD-PIHPS,,,,,"PIHPS Provinsi Bengkulu (rata-rata pasar tradisional), bukan harga Bengkulu Tengah"
2025-11-07,PHP17,DSP02,134400,kg,BD-PIHPS,,,,,"PIHPS Provinsi Bengkulu (rata-rata pasar tradisional), bukan harga Bengkulu Tengah"
2025-11-07,PHP17,GLP01,17200,kg,BD-PIHPS,,,,,"PIHPS Provinsi Bengkulu (rata-rata pasar tradisional), bukan harga Bengkulu Tengah"
2025-11-07,PHP17,GLP02,19000,kg,BD-PIHPS,,,,,"PIHPS Provinsi Bengkulu (rata-rata pasar tradisional), bukan harga Bengkulu Tengah"
2025-11-07,PHP17,MGR01,17200,liter,BD-PIHPS,,,,,"PIHPS Provinsi Bengkulu (rata-rata pasar tradisional), bukan harga Bengkulu Tengah"
2025-11-07,PHP17,MGR02,20950,liter,BD-PIHPS,,,,,"PIHPS Provinsi Bengkulu (rata-rata pasar tradisional), bukan harga Bengkulu Tengah"
2025-11-07,PHP17,MGR03,20200,liter,BD-PIHPS,,,,,"PIHPS Provinsi Bengkulu (rata-rata pasar tradisional), bukan harga Bengkulu Tengah"
2025-11-07,PHP17,TLR01,29100,kg,BD-PIHPS,,,,,"PIHPS Provinsi Bengkulu (rata-rata pasar tradisional), bukan harga Bengkulu Tengah"
2025-11-10,PHP17,BRS01,14200,kg,BD-PIHPS,,,,,"PIHPS Provinsi Bengkulu (rata-rata pasar tradisional), bukan harga Bengkulu Tengah"
2025-11-10,PHP17,BRS02,15550,kg,BD-PIHPS,,,,,"PIHPS Provinsi Bengkulu (rata-rata pasar tradisional), bukan harga Bengkulu Tengah"
2025-11-10,PHP17,BRS03,15400,kg,BD-PIHPS,,,,,"PIHPS Provinsi Bengkulu (rata-rata pasar tradisional), bukan harga Bengkulu Tengah"
2025-11-10,PHP17,BRS04,15900,kg,BD-PIHPS,,,,,"PIHPS Provinsi Bengkulu (rata-rata pasar tradisional), bukan harga Bengkulu Tengah"
2025-11-10,PHP17,BRS05,15900,kg,BD-PIHPS,,,,,"PIHPS Provinsi Bengkulu (rata-rata pasar tradisional), bukan harga Bengkulu Tengah"
2025-11-10,PHP17,BRS06,16100,kg,BD-PIHPS,,,,,"PIHPS Provinsi Bengkulu (rata-rata pasar tradisional), bukan harga Bengkulu Tengah"
2025-11-10,PHP17,BWM01,40750,kg,BD-PIHPS,,,,,"PIHPS Provinsi Bengkulu (rata-rata pasar tradisional), bukan harga Bengkulu Tengah"
2025-11-10,PHP17,BWP01,37000,kg,BD-PIHPS,,,,,"PIHPS Provinsi Bengkulu (rata-rata pasar tradisional), bukan harga Bengkulu Tengah"
2025-11-10,PHP17,CMR01,58750,kg,BD-PIHPS,,,,,"PIHPS Provinsi Bengkulu (rata-rata pasar tradisional), bukan harga Bengkulu Tengah"
2025-11-10,PHP17,CMR02,63250,kg,BD-PIHPS,,,,,"PIHPS Provinsi Bengkulu (rata-rata pasar tradisional), bukan harga Bengkulu Tengah"
2025-11-10,PHP17,CRW01,37000,kg,BD-PIHPS,,,,,"PIHPS Provinsi Bengkulu (rata-rata pasar tradisional), bukan harga Bengkulu Tengah"
2025-11-10,PHP17,CRW02,26200,kg,BD-PIHPS,,,,,"PIHPS Provinsi Bengkulu (rata-rata pasar tradisional), bukan harga Bengkulu Tengah"
2025-11-10,PHP17,DAY01,35650,kg,BD-PIHPS,,,,,"PIHPS Provinsi Bengkulu (rata-rata pasar tradisional), bukan harga Bengkulu Tengah"
2025-11-10,PHP17,DSP01,135000,kg,BD-PIHPS,,,,,"PIHPS Provinsi Bengkulu (rata-rata pasar tradisional), bukan harga Bengkulu Tengah"
2025-11-10,PHP17,DSP02,134400,kg,BD-PIHPS,,,,,"PIHPS Provinsi Bengkulu (rata-rata pasar tradisional), bukan harga Bengkulu Tengah"
2025-11-10,PHP17,GLP01,17200,kg,BD-PIHPS,,,,,"PIHPS Provinsi Bengkulu (rata-rata pasar tradisional), bukan harga Bengkulu Tengah"
2025-11-10,PHP17,GLP02,19000,kg,BD-PIHPS,,,,,"PIHPS Provinsi Bengkulu (rata-rata pasar tradisional), bukan harga Bengkulu Tengah"
2025-11-10,PHP17,MGR01,17200,liter,BD-PIHPS,,,,,"PIHPS Provinsi Bengkulu (rata-rata pasar tradisional), bukan harga Bengkulu Tengah"
2025-11-10,PHP17,MGR02,20950,liter,BD-PIHPS,,,,,"PIHPS Provinsi Bengkulu (rata-rata pasar tradisional), bukan harga Bengkulu Tengah"
2025-11-10,PHP17,MGR03,20200,liter,BD-PIHPS,,,,,"PIHPS Provinsi Bengkulu (rata-rata pasar tradisional), bukan harga Bengkulu Tengah"
2025-11-10,PHP17,TLR01,29100,kg,BD-PIHPS,,,,,"PIHPS Provinsi Bengkulu (rata-rata pasar tradisional), bukan harga Bengkulu Tengah"
2025-11-11,PHP17,BRS01,14200,kg,BD-PIHPS,,,,,"PIHPS Provinsi Bengkulu (rata-rata pasar tradisional), bukan harga Bengkulu Tengah"
2025-11-11,PHP17,BRS02,14300,kg,BD-PIHPS,,,,,"PIHPS Provinsi Bengkulu (rata-rata pasar tradisional), bukan harga Bengkulu Tengah"
2025-11-11,PHP17,BRS03,15400,kg,BD-PIHPS,,,,,"PIHPS Provinsi Bengkulu (rata-rata pasar tradisional), bukan harga Bengkulu Tengah"
2025-11-11,PHP17,BRS04,15900,kg,BD-PIHPS,,,,,"PIHPS Provinsi Bengkulu (rata-rata pasar tradisional), bukan harga Bengkulu Tengah"
2025-11-11,PHP17,BRS05,15900,kg,BD-PIHPS,,,,,"PIHPS Provinsi Bengkulu (rata-rata pasar tradisional), bukan harga Bengkulu Tengah"
2025-11-11,PHP17,BRS06,16100,kg,BD-PIHPS,,,,,"PIHPS Provinsi Bengkulu (rata-rata pasar tradisional), bukan harga Bengkulu Tengah"
2025-11-11,PHP17,BWM01,39750,kg,BD-PIHPS,,,,,"PIHPS Provinsi Bengkulu (rata-rata pasar tradisional), bukan harga Bengkulu Tengah"
2025-11-11,PHP17,BWP01,36150,kg,BD-PIHPS,,,,,"PIHPS Provinsi Bengkulu (rata-rata pasar tradisional), bukan harga Bengkulu Tengah"
2025-11-11,PHP17,CMR01,60250,kg,BD-PIHPS,,,,,"PIHPS Provinsi Bengkulu (rata-rata pasar tradisional), bukan harga Bengkulu Tengah"
2025-11-11,PHP17,CMR02,65400,kg,BD-PIHPS,,,,,"PIHPS Provinsi Bengkulu (rata-rata pasar tradisional), bukan harga Bengkulu Tengah"
2025-11-11,PHP17,CRW01,35150,kg,BD-PIHPS,,,,,"PIHPS Provinsi Bengkulu (rata-rata pasar tradisional), bukan harga Bengkulu Tengah"
2025-11-11,PHP17,CRW02,25600,kg,BD-PIHPS,,,,,"PIHPS Provinsi Bengkulu (rata-rata pasar tradisional), bukan harga Bengkulu Tengah"
2025-11-11,PHP17,DAY01,35650,kg,BD-PIHPS,,,,,"PIHPS Provinsi Bengkulu (rata-rata pasar tradisional), bukan harga Bengkulu Tengah"
2025-11-11,PHP17,DSP01,135000,kg,BD-PIHPS,,,,,"PIHPS Provinsi Bengkulu (rata-rata pasar tradisional), bukan harga Bengkulu Tengah"
2025-11-11,PHP17,DSP02,134400,kg,BD-PIHPS,,,,,"PIHPS Provinsi Bengkulu (rata-rata pasar tradisional), bukan harga Bengkulu Tengah"
2025-11-11,PHP17,GLP01,17200,kg,BD-PIHPS,,,,,"PIHPS Provinsi Bengkulu (rata-rata pasar tradisional), bukan harga Bengkulu Tengah"
2025-11-11,PHP17,GLP02,19000,kg,BD-PIHPS,,,,,"PIHPS Provinsi Bengkulu (rata-rata pasar tradisional), bukan harga Bengkulu Tengah"
2025-11-11,PHP17,MGR01,17200,liter,BD-PIHPS,,,,,"PIHPS Provinsi Bengkulu (rata-rata pasar tradisional), bukan harga Bengkulu Tengah"
2025-11-11,PHP17,MGR02,20950,liter,BD-PIHPS,,,,,"PIHPS Provinsi Bengkulu (rata-rata pasar tradisional), bukan harga Bengkulu Tengah"
2025-11-11,PHP17,MGR03,20200,liter,BD-PIHPS,,,,,"PIHPS Provinsi Bengkulu (rata-rata pasar tradisional), bukan harga Bengkulu Tengah"
2025-11-11,PHP17,TLR01,29100,kg,BD-PIHPS,,,,,"PIHPS Provinsi Bengkulu (rata-rata pasar tradisional), bukan harga Bengkulu Tengah"
2025-11-12,PHP17,BRS01,14200,kg,BD-PIHPS,,,,,"PIHPS Provinsi Bengkulu (rata-rata pasar tradisional), bukan harga Bengkulu Tengah"
2025-11-12,PHP17,BRS02,15550,kg,BD-PIHPS,,,,,"PIHPS Provinsi Bengkulu (rata-rata pasar tradisional), bukan harga Bengkulu Tengah"
2025-11-12,PHP17,BRS03,15400,kg,BD-PIHPS,,,,,"PIHPS Provinsi Bengkulu (rata-rata pasar tradisional), bukan harga Bengkulu Tengah"
2025-11-12,PHP17,BRS04,15900,kg,BD-PIHPS,,,,,"PIHPS Provinsi Bengkulu (rata-rata pasar tradisional), bukan harga Bengkulu Tengah"
2025-11-12,PHP17,BRS05,15900,kg,BD-PIHPS,,,,,"PIHPS Provinsi Bengkulu (rata-rata pasar tradisional), bukan harga Bengkulu Tengah"
2025-11-12,PHP17,BRS06,16100,kg,BD-PIHPS,,,,,"PIHPS Provinsi Bengkulu (rata-rata pasar tradisional), bukan harga Bengkulu Tengah"
2025-11-12,PHP17,BWM01,40000,kg,BD-PIHPS,,,,,"PIHPS Provinsi Bengkulu (rata-rata pasar tradisional), bukan harga Bengkulu Tengah"
2025-11-12,PHP17,BWP01,36500,kg,BD-PIHPS,,,,,"PIHPS Provinsi Bengkulu (rata-rata pasar tradisional), bukan harga Bengkulu Tengah"
2025-11-12,PHP17,CMR01,60750,kg,BD-PIHPS,,,,,"PIHPS Provinsi Bengkulu (rata-rata pasar tradisional), bukan harga Bengkulu Tengah"
2025-11-12,PHP17,CMR02,65150,kg,BD-PIHPS,,,,,"PIHPS Provinsi Bengkulu (rata-rata pasar tradisional), bukan harga Bengkulu Tengah"
2025-11-12,PHP17,CRW01,37250,kg,BD-PIHPS,,,,,"PIHPS Provinsi Bengkulu (rata-rata pasar tradisional), bukan harga Bengkulu Tengah"
2025-11-12,PHP17,CRW02,27350,kg,BD-PIHPS,,,,,"PIHPS Provinsi Bengkulu (rata-rata pasar tradisional), bukan harga Bengkulu Tengah"
2025-11-12,PHP17,DAY01,35650,kg,BD-PIHPS,,,,,"PIHPS Provinsi Bengkulu (rata-rata pasar tradisional), bukan harga Bengkulu Tengah"
2025-11-12,PHP17,DSP01,135000,kg,BD-PIHPS,,,,,"PIHPS Provinsi Bengkulu (rata-rata pasar tradisional), bukan harga Bengkulu Tengah"
2025-11-12,PHP17,DSP02,134400,kg,BD-PIHPS,,,,,"PIHPS Provinsi Bengkulu (rata-rata pasar tradisional), bukan harga Bengkulu Tengah"
2025-11-12,PHP17,GLP01,17200,kg,BD-PIHPS,,,,,"PIHPS Provinsi Bengkulu (rata-rata pasar tradisional), bukan harga Bengkulu Tengah"
2025-11-12,PHP17,GLP02,19000,kg,BD-PIHPS,,,,,"PIHPS Provinsi Bengkulu (rata-rata pasar tradisional), bukan harga Bengkulu Tengah"
2025-11-12,PHP17,MGR01,17200,liter,BD-PIHPS,,,,,"PIHPS Provinsi Bengkulu (rata-rata pasar tradisional), bukan harga Bengkulu Tengah"
2025-11-12,PHP17,MGR02,20950,liter,BD-PIHPS,,,,,"PIHPS Provinsi Bengkulu (rata-rata pasar tradisional), bukan harga Bengkulu Tengah"
2025-11-12,PHP17,MGR03,20200,liter,BD-PIHPS,,,,,"PIHPS Provinsi Bengkulu (rata-rata pasar tradisional), bukan harga Bengkulu Tengah"
2025-11-12,PHP17,TLR01,29100,kg,BD-PIHPS,,,,,"PIHPS Provinsi Bengkulu (rata-rata pasar tradisional), bukan harga Bengkulu Tengah"
2025-11-13,PHP17,BRS01,14200,kg,BD-PIHPS,,,,,"PIHPS Provinsi Bengkulu (rata-rata pasar tradisional), bukan harga Bengkulu Tengah"
2025-11-13,PHP17,BRS02,15550,kg,BD-PIHPS,,,,,"PIHPS Provinsi Bengkulu (rata-rata pasar tradisional), bukan harga Bengkulu Tengah"
2025-11-13,PHP17,BRS03,15400,kg,BD-PIHPS,,,,,"PIHPS Provinsi Bengkulu (rata-rata pasar tradisional), bukan harga Bengkulu Tengah"
2025-11-13,PHP17,BRS04,15900,kg,BD-PIHPS,,,,,"PIHPS Provinsi Bengkulu (rata-rata pasar tradisional), bukan harga Bengkulu Tengah"
2025-11-13,PHP17,BRS05,15900,kg,BD-PIHPS,,,,,"PIHPS Provinsi Bengkulu (rata-rata pasar tradisional), bukan harga Bengkulu Tengah"
2025-11-13,PHP17,BRS06,16100,kg,BD-PIHPS,,,,,"PIHPS Provinsi Bengkulu (rata-rata pasar tradisional), bukan harga Bengkulu Tengah"
2025-11-13,PHP17,BWM01,40900,kg,BD-PIHPS,,,,,"PIHPS Provinsi Bengkulu (rata-rata pasar tradisional), bukan harga Bengkulu Tengah"
2025-11-13,PHP17,BWP01,37500,kg,BD-PIHPS,,,,,"PIHPS Provinsi Bengkulu (rata-rata pasar tradisional), bukan harga Bengkulu Tengah"
2025-11-13,PHP17,CMR01,60400,kg,BD-PIHPS,,,,,"PIHPS Provinsi Bengkulu (rata-rata pasar tradisional), bukan harga Bengkulu Tengah"
2025-11-13,PHP17,CMR02,64900,kg,BD-PIHPS,,,,,"PIHPS Provinsi Bengkulu (rata-rata pasar tradisional), bukan harga Bengkulu Tengah"
2025-11-13,PHP17,CRW01,38250,kg,BD-PIHPS,,,,,"PIHPS Provinsi Bengkulu (rata-rata pasar tradisional), bukan harga Bengkulu Tengah"
2025-11-13,PHP17,CRW02,29050,kg,BD-PIHPS,,,,,"PIHPS Provinsi Bengkulu (rata-rata pasar tradisional), bukan harga Bengkulu Tengah"
2025-11-13,PHP17,DAY01,35500,kg,BD-PIHPS,,,,,"PIHPS Provinsi Bengkulu (rata-rata pasar tradisional), bukan harga Bengkulu Tengah"
2025-11-13,PHP17,DSP01,135000,kg,BD-PIHPS,,,,,"PIHPS Provinsi Bengkulu (rata-rata pasar tradisional), bukan harga Bengkulu Tengah"
2025-11-13,PHP17,DSP02,134400,kg,BD-PIHPS,,,,,"PIHPS Provinsi Bengkulu (rata-rata pasar tradisional), bukan harga Bengkulu Tengah"
2025-11-13,PHP17,GLP01,17200,kg,BD-PIHPS,,,,,"PIHPS Provinsi Bengkulu (rata-rata pasar tradisional), bukan harga Bengkulu Tengah"
2025-11-13,PHP17,GLP02,19000,kg,BD-PIHPS,,,,,"PIHPS Provinsi Bengkulu (rata-rata pasar tradisional), bukan harga Bengkulu Tengah"
2025-11-13,PHP17,MGR01,17200,liter,BD-PIHPS,,,,,"PIHPS Provinsi Bengkulu (rata-rata pasar tradisional), bukan harga Bengkulu Tengah"
2025-11-13,PHP17,MGR02,20950,liter,BD-PIHPS,,,,,"PIHPS Provinsi Bengkulu (rata-rata pasar tradisional), bukan harga Bengkulu Tengah"
2025-11-13,PHP17,MGR03,20200,liter,BD-PIHPS,,,,,"PIHPS Provinsi Bengkulu (rata-rata pasar tradisional), bukan harga Bengkulu Tengah"
2025-11-13,PHP17,TLR01,29100,kg,BD-PIHPS,,,,,"PIHPS Provinsi Bengkulu (rata-rata pasar tradisional), bukan harga Bengkulu Tengah"
2025-11-14,PHP17,BRS01,14200,kg,BD-PIHPS,,,,,"PIHPS Provinsi Bengkulu (rata-rata pasar tradisional), bukan harga Bengkulu Tengah"
2025-11-14,PHP17,BRS02,14300,kg,BD-PIHPS,,,,,"PIHPS Provinsi Bengkulu (rata-rata pasar tradisional), bukan harga Bengkulu Tengah"
2025-11-14,PHP17,BRS03,15400,kg,BD-PIHPS,,,,,"PIHPS Provinsi Bengkulu (rata-rata pasar tradisional), bukan harga Bengkulu Tengah"
2025-11-14,PHP17,BRS04,15900,kg,BD-PIHPS,,,,,"PIHPS Provinsi Bengkulu (rata-rata pasar tradisional), bukan harga Bengkulu Tengah"
2025-11-14,PHP17,BRS05,15900,kg,BD-PIHPS,,,,,"PIHPS Provinsi Bengkulu (rata-rata pasar tradisional), bukan harga Bengkulu Tengah"
2025-11-14,PHP17,BRS06,16100,kg,BD-PIHPS,,,,,"PIHPS Provinsi Bengkulu (rata-rata pasar tradisional), bukan harga Bengkulu Tengah"
2025-11-14,PHP17,BWM01,40250,kg,BD-PIHPS,,,,,"PIHPS Provinsi Bengkulu (rata-rata pasar tradisional), bukan harga Bengkulu Tengah"
2025-11-14,PHP17,BWP01,37000,kg,BD-PIHPS,,,,,"PIHPS Provinsi Bengkulu (rata-rata pasar tradisional), bukan harga Bengkulu Tengah"
2025-11-14,PHP17,CMR01,59750,kg,BD-PIHPS,,,,,"PIHPS Provinsi Bengkulu (rata-rata pasar tradisional), bukan harga Bengkulu Tengah"
2025-11-14,PHP17,CMR02,65250,kg,BD-PIHPS,,,,,"PIHPS Provinsi Bengkulu (rata-rata pasar tradisional), bukan harga Bengkulu Tengah"
2025-11-14,PHP17,CRW01,35650,kg,BD-PIHPS,,,,,"PIHPS Provinsi Bengkulu (rata-rata pasar tradisional), bukan harga Bengkulu Tengah"
2025-11-14,PHP17,CRW02,26850,kg,BD-PIHPS,,,,,"PIHPS Provinsi Bengkulu (rata-rata pasar tradisional), bukan harga Bengkulu Tengah"
2025-11-14,PHP17,DAY01,37900,kg,BD-PIHPS,,,,,"PIHPS Provinsi Bengkulu (rata-rata pasar tradisional), bukan harga Bengkulu Tengah"
2025-11-14,PHP17,DSP01,135000,kg,BD-PIHPS,,,,,"PIHPS Provinsi Bengkulu (rata-rata pasar tradisional), bukan harga Bengkulu Tengah"
2025-11-14,PHP17,DSP02,134400,kg,BD-PIHPS,,,,,"PIHPS Provinsi Bengkulu (rata-rata pasar tradisional), bukan harga Bengkulu Tengah"
2025-11-14,PHP17,GLP01,17300,kg,BD-PIHPS,,,,,"PIHPS Provinsi Bengkulu (rata-rata pasar tradisional), bukan harga Bengkulu Tengah"
2025-11-14,PHP17,GLP02,19000,kg,BD-PIHPS,,,,,"PIHPS Provinsi Bengkulu (rata-rata pasar tradisional), bukan harga Bengkulu Tengah"
2025-11-14,PHP17,MGR01,17200,liter,BD-PIHPS,,,,,"PIHPS Provinsi Bengkulu (rata-rata pasar tradisional), bukan harga Bengkulu Tengah"
2025-11-14,PHP17,MGR02,20950,liter,BD-PIHPS,,,,,"PIHPS Provinsi Bengkulu (rata-rata pasar tradisional), bukan harga Bengkulu Tengah"
2025-11-14,PHP17,MGR03,20200,liter,BD-PIHPS,,,,,"PIHPS Provinsi Bengkulu (rata-rata pasar tradisional), bukan harga Bengkulu Tengah"
2025-11-14,PHP17,TLR01,29100,kg,BD-PIHPS,,,,,"PIHPS Provinsi Bengkulu (rata-rata pasar tradisional), bukan harga Bengkulu Tengah"
2025-11-17,PHP17,BRS01,14200,kg,BD-PIHPS,,,,,"PIHPS Provinsi Bengkulu (rata-rata pasar tradisional), bukan harga Bengkulu Tengah"
2025-11-17,PHP17,BRS02,15550,kg,BD-PIHPS,,,,,"PIHPS Provinsi Bengkulu (rata-rata pasar tradisional), bukan harga Bengkulu Tengah"
2025-11-17,PHP17,BRS03,15400,kg,BD-PIHPS,,,,,"PIHPS Provinsi Bengkulu (rata-rata pasar tradisional), bukan harga Bengkulu Tengah"
2025-11-17,PHP17,BRS04,15900,kg,BD-PIHPS,,,,,"PIHPS Provinsi Bengkulu (rata-rata pasar tradisional), bukan harga Bengkulu Tengah"
2025-11-17,PHP17,BRS05,15900,kg,BD-PIHPS,,,,,"PIHPS Provinsi Bengkulu (rata-rata pasar tradisional), bukan harga Bengkulu Tengah"
2025-11-17,PHP17,BRS06,16100,kg,BD-PIHPS,,,,,"PIHPS Provinsi Bengkulu (rata-rata pasar tradisional), bukan harga Bengkulu Tengah"
2025-11-17,PHP17,BWM01,41900,kg,BD-PIHPS,,,,,"PIHPS Provinsi Bengkulu (rata-rata pasar tradisional), bukan harga Bengkulu Tengah"
2025-11-17,PHP17,BWP01,37250,kg,BD-PIHPS,,,,,"PIHPS Provinsi Bengkulu (rata-rata pasar tradisional), bukan harga Bengkulu Tengah"
2025-11-17,PHP17,CMR01,60150,kg,BD-PIHPS,,,,,"PIHPS Provinsi Bengkulu (rata-rata pasar tradisional), bukan harga Bengkulu Tengah"
2025-11-17,PHP17,CMR02,65500,kg,BD-PIHPS,,,,,"PIHPS Provinsi Bengkulu (rata-rata pasar tradisional), bukan harga Bengkulu Tengah"
2025-11-17,PHP17,CRW01,36150,kg,BD-PIHPS,,,,,"PIHPS Provinsi Bengkulu (rata-rata pasar tradisional), bukan harga Bengkulu Tengah"
2025-11-17,PHP17,CRW02,27300,kg,BD-PIHPS,,,,,"PIHPS Provinsi Bengkulu (rata-rata pasar tradisional), bukan harga Bengkulu Tengah"
2025-11-17,PHP17,DAY01,38500,kg,BD-PIHPS,,,,,"PIHPS Provinsi Bengkulu (rata-rata pasar tradisional), bukan harga Bengkulu Tengah"
2025-11-17,PHP17,DSP01,135000,kg,BD-PIHPS,,,,,"PIHPS Provinsi Bengkulu (rata-rata pasar tradisional), bukan harga Bengkulu Tengah"
2025-11-17,PHP17,DSP02,134400,kg,BD-PIHPS,,,,,"PIHPS Provinsi Bengkulu (rata-rata pasar tradisional), bukan harga Bengkulu Tengah"
2025-11-17,PHP17,GLP01,17300,kg,BD-PIHPS,,,,,"PIHPS Provinsi Bengkulu (rata-rata pasar tradisional), bukan harga Bengkulu Tengah"
2025-11-17,PHP17,GLP02,19000,kg,BD-PIHPS,,,,,"PIHPS Provinsi Bengkulu (rata-rata pasar tradisional), bukan harga Bengkulu Tengah"
2025-11-17,PHP17,MGR01,17200,liter,BD-PIHPS,,,,,"PIHPS Provinsi Bengkulu (rata-rata pasar tradisional), bukan harga Bengkulu Tengah"
2025-11-17,PHP17,MGR02,20950,liter,BD-PIHPS,,,,,"PIHPS Provinsi Bengkulu (rata-rata pasar tradisional), bukan harga Bengkulu Tengah"
2025-11-17,PHP17,MGR03,20200,liter,BD-PIHPS,,,,,"PIHPS Provinsi Bengkulu (rata-rata pasar tradisional), bukan harga Bengkulu Tengah"
2025-11-17,PHP17,TLR01,29200,kg,BD-PIHPS,,,,,"PIHPS Provinsi Bengkulu (rata-rata pasar tradisional), bukan harga Bengkulu Tengah"
2025-11-18,PHP17,BRS01,14200,kg,BD-PIHPS,,,,,"PIHPS Provinsi Bengkulu (rata-rata pasar tradisional), bukan harga Bengkulu Tengah"
2025-11-18,PHP17,BRS02,15550,kg,BD-PIHPS,,,,,"PIHPS Provinsi Bengkulu (rata-rata pasar tradisional), bukan harga Bengkulu Tengah"
2025-11-18,PHP17,BRS03,15400,kg,BD-PIHPS,,,,,"PIHPS Provinsi Bengkulu (rata-rata pasar tradisional), bukan harga Bengkulu Tengah"
2025-11-18,PHP17,BRS04,15900,kg,BD-PIHPS,,,,,"PIHPS Provinsi Bengkulu (rata-rata pasar tradisional), bukan harga Bengkulu Tengah"
2025-11-18,PHP17,BRS05,15900,kg,BD-PIHPS,,,,,"PIHPS Provinsi Bengkulu (rata-rata pasar tradisional), bukan harga Bengkulu Tengah"
2025-11-18,PHP17,BRS06,16100,kg,BD-PIHPS,,,,,"PIHPS Provinsi Bengkulu (rata-rata pasar tradisional), bukan harga Bengkulu Tengah"
2025-11-18,PHP17,BWM01,42250,kg,BD-PIHPS,,,,,"PIHPS Provinsi Bengkulu (rata-rata pasar tradisional), bukan harga Bengkulu Tengah"
2025-11-18,PHP17,BWP01,37650,kg,BD-PIHPS,,,,,"PIHPS Provinsi Bengkulu (rata-rata pasar tradisional), bukan harga Bengkulu Tengah"
2025-11-18,PHP17,CMR01,62000,kg,BD-PIHPS,,,,,"PIHPS Provinsi Bengkulu (rata-rata pasar tradisional), bukan harga Bengkulu Tengah"
2025-11-18,PHP17,CMR02,66150,kg,BD-PIHPS,,,,,"PIHPS Provinsi Bengkulu (rata-rata pasar tradisional), bukan harga Bengkulu Tengah"
2025-11-18,PHP17,CRW01,37000,kg,BD-PIHPS,,,,,"PIHPS Provinsi Bengkulu (rata-rata pasar tradisional), bukan harga Bengkulu Tengah"
2025-11-18,PHP17,CRW02,28000,kg,BD-PIHPS,,,,,"PIHPS Provinsi Bengkulu (rata-rata pasar tradisional), bukan harga Bengkulu Tengah"
2025-11-18,PHP17,DAY01,38500,kg,BD-PIHPS,,,,,"PIHPS Provinsi Bengkulu (rata-rata pasar tradisional), bukan harga Bengkulu Tengah"
2025-11-18,PHP17,DSP01,135000,kg,BD-PIHPS,,,,,"PIHPS Provinsi Bengkulu (rata-rata pasar tradisional), bukan harga Bengkulu Tengah"
2025-11-18,PHP17,DSP02,134400,kg,BD-PIHPS,,,,,"PIHPS Provinsi Bengkulu (rata-rata pasar tradisional), bukan harga Bengkulu Tengah"
2025-11-18,PHP17,GLP01,17300,kg,BD-PIHPS,,,,,"PIHPS Provinsi Bengkulu (rata-rata pasar tradisional), bukan harga Bengkulu Tengah"
2025-11-18,PHP17,GLP02,19000,kg,BD-PIHPS,,,,,"PIHPS Provinsi Bengkulu (rata-rata pasar tradisional), bukan harga Bengkulu Tengah"
2025-11-18,PHP17,MGR01,17200,liter,BD-PIHPS,,,,,"PIHPS Provinsi Bengkulu (rata-rata pasar tradisional), bukan harga Bengkulu Tengah"
2025-11-18,PHP17,MGR02,20950,liter,BD-PIHPS,,,,,"PIHPS Provinsi Bengkulu (rata-rata pasar tradisional), bukan harga Bengkulu Tengah"
2025-11-18,PHP17,MGR03,20200,liter,BD-PIHPS,,,,,"PIHPS Provinsi Bengkulu (rata-rata pasar tradisional), bukan harga Bengkulu Tengah"
2025-11-18,PHP17,TLR01,29200,kg,BD-PIHPS,,,,,"PIHPS Provinsi Bengkulu (rata-rata pasar tradisional), bukan harga Bengkulu Tengah"
2025-11-19,PHP17,BRS01,14200,kg,BD-PIHPS,,,,,"PIHPS Provinsi Bengkulu (rata-rata pasar tradisional), bukan harga Bengkulu Tengah"
2025-11-19,PHP17,BRS02,15300,kg,BD-PIHPS,,,,,"PIHPS Provinsi Bengkulu (rata-rata pasar tradisional), bukan harga Bengkulu Tengah"
2025-11-19,PHP17,BRS03,15400,kg,BD-PIHPS,,,,,"PIHPS Provinsi Bengkulu (rata-rata pasar tradisional), bukan harga Bengkulu Tengah"
2025-11-19,PHP17,BRS04,15900,kg,BD-PIHPS,,,,,"PIHPS Provinsi Bengkulu (rata-rata pasar tradisional), bukan harga Bengkulu Tengah"
2025-11-19,PHP17,BRS05,15900,kg,BD-PIHPS,,,,,"PIHPS Provinsi Bengkulu (rata-rata pasar tradisional), bukan harga Bengkulu Tengah"
2025-11-19,PHP17,BRS06,16100,kg,BD-PIHPS,,,,,"PIHPS Provinsi Bengkulu (rata-rata pasar tradisional), bukan harga Bengkulu Tengah"
2025-11-19,PHP17,BWM01,42500,kg,BD-PIHPS,,,,,"PIHPS Provinsi Bengkulu (rata-rata pasar tradisional), bukan harga Bengkulu Tengah"
2025-11-19,PHP17,BWP01,38500,kg,BD-PIHPS,,,,,"PIHPS Provinsi Bengkulu (rata-rata pasar tradisional), bukan harga Bengkulu Tengah"
2025-11-19,PHP17,CMR01,57650,kg,BD-PIHPS,,,,,"PIHPS Provinsi Bengkulu (rata-rata pasar tradisional), bukan harga Bengkulu Tengah"
2025-11-19,PHP17,CMR02,61900,kg,BD-PIHPS,,,,,"PIHPS Provinsi Bengkulu (rata-rata pasar tradisional), bukan harga Bengkulu Tengah"
2025-11-19,PHP17,CRW01,34900,kg,BD-PIHPS,,,,,"PIHPS Provinsi Bengkulu (rata-rata pasar tradisional), bukan harga Bengkulu Tengah"
2025-11-19,PHP17,CRW02,28900,kg,BD-PIHPS,,,,,"PIHPS Provinsi Bengkulu (rata-rata pasar tradisional), bukan harga Bengkulu Tengah"
2025-11-19,PHP17,DAY01,39900,kg,BD-PIHPS,,,,,"PIHPS Provinsi Bengkulu (rata-rata pasar tradisional), bukan harga Bengkulu Tengah"
2025-11-19,PHP17,DSP01,135000,kg,BD-PIHPS,,,,,"PIHPS Provinsi Bengkulu (rata-rata pasar tradisional), bukan harga Bengkulu Tengah"
2025-11-19,PHP17,DSP02,134400,kg,BD-PIHPS,,,,,"PIHPS Provinsi Bengkulu (rata-rata pasar tradisional), bukan harga Bengkulu Tengah"
2025-11-19,PHP17,GLP01,17300,kg,BD-PIHPS,,,,,"PIHPS Provinsi Bengkulu (rata-rata pasar tradisional), bukan harga Bengkulu Tengah"
2025-11-19,PHP17,GLP02,19000,kg,BD-PIHPS,,,,,"PIHPS Provinsi Bengkulu (rata-rata pasar tradisional), bukan harga Bengkulu Tengah"
2025-11-19,PHP17,MGR01,17300,liter,BD-PIHPS,,,,,"PIHPS Provinsi Bengkulu (rata-rata pasar tradisional), bukan harga Bengkulu Tengah"
2025-11-19,PHP17,MGR02,20950,liter,BD-PIHPS,,,,,"PIHPS Provinsi Bengkulu (rata-rata pasar tradisional), bukan harga Bengkulu Tengah"
2025-11-19,PHP17,MGR03,20200,liter,BD-PIHPS,,,,,"PIHPS Provinsi Bengkulu (rata-rata pasar tradisional), bukan harga Bengkulu Tengah"
2025-11-19,PHP17,TLR01,29200,kg,BD-PIHPS,,,,,"PIHPS Provinsi Bengkulu (rata-rata pasar tradisional), bukan harga Bengkulu Tengah"
2025-11-20,PHP17,BRS01,14200,kg,BD-PIHPS,,,,,"PIHPS Provinsi Bengkulu (rata-rata pasar tradisional), bukan harga Bengkulu Tengah"
2025-11-20,PHP17,BRS02,15300,kg,BD-PIHPS,,,,,"PIHPS Provinsi Bengkulu (rata-rata pasar tradisional), bukan harga Bengkulu Tengah"
2025-11-20,PHP17,BRS03,15400,kg,BD-PIHPS,,,,,"PIHPS Provinsi Bengkulu (rata-rata pasar tradisional), bukan harga Bengkulu Tengah"
2025-11-20,PHP17,BRS04,15900,kg,BD-PIHPS,,,,,"PIHPS Provinsi Bengkulu (rata-rata pasar tradisional), bukan harga Bengkulu Tengah"
2025-11-20,PHP17,BRS05,15900,kg,BD-PIHPS,,,,,"PIHPS Provinsi Bengkulu (rata-rata pasar tradisional), bukan harga Bengkulu Tengah"
2025-11-20,PHP17,BRS06,16100,kg,BD-PIHPS,,,,,"PIHPS Provinsi Bengkulu (rata-rata pasar tradisional), bukan harga Bengkulu Tengah"
2025-11-20,PHP17,BWM01,42750,kg,BD-PIHPS,,,,,"PIHPS Provinsi Bengkulu (rata-rata pasar tradisional), bukan harga Bengkulu Tengah"
2025-11-20,PHP17,BWP01,38900,kg,BD-PIHPS,,,,,"PIHPS Provinsi Bengkulu (rata-rata pasar tradisional), bukan harga Bengkulu Tengah"
2025-11-20,PHP17,CMR01,54900,kg,BD-PIHPS,,,,,"PIHPS Provinsi Bengkulu (rata-rata pasar tradisional), bukan harga Bengkulu Tengah"
2025-11-20,PHP17,CMR02,58750,kg,BD-PIHPS,,,,,"PIHPS Provinsi Bengkulu (rata-rata pasar tradisional), bukan harga Bengkulu Tengah"
2025-11-20,PHP17,CRW01,32900,kg,BD-PIHPS,,,,,"PIHPS Provinsi Bengkulu (rata-rata pasar tradisional), bukan harga Bengkulu Tengah"
2025-11-20,PHP17,CRW02,29650,kg,BD-PIHPS,,,,,"PIHPS Provinsi Bengkulu (rata-rata pasar tradisional), bukan harga Bengkulu Tengah"
2025-11-20,PHP17,DAY01,40250,kg,BD-PIHPS,,,,,"PIHPS Provinsi Bengkulu (rata-rata pasar tradisional), bukan harga Bengkulu Tengah"
2025-11-20,PHP17,DSP01,135000,kg,BD-PIHPS,,,,,"PIHPS Provinsi Bengkulu (rata-rata pasar tradisional), bukan harga Bengkulu Tengah"
2025-11-20,PHP17,DSP02,134400,kg,BD-PIHPS,,,,,"PIHPS Provinsi Bengkulu (rata-rata pasar tradisional), bukan harga Bengkulu Tengah"
2025-11-20,PHP17,GLP01,17400,kg,BD-PIHPS,,,,,"PIHPS Provinsi Bengkulu (rata-rata pasar tradisional), bukan harga Bengkulu Tengah"
2025-11-20,PHP17,GLP02,19250,kg,BD-PIHPS,,,,,"PIHPS Provinsi Bengkulu (rata-rata pasar tradisional), bukan harga Bengkulu Tengah"
2025-11-20,PHP17,MGR01,17400,liter,BD-PIHPS,,,,,"PIHPS Provinsi Bengkulu (rata-rata pasar tradisional), bukan harga Bengkulu Tengah"
2025-11-20,PHP17,MGR02,20950,liter,BD-PIHPS,,,,,"PIHPS Provinsi Bengkulu (rata-rata pasar tradisional), bukan harga Bengkulu Tengah"
2025-11-20,PHP17,MGR03,20200,liter,BD-PIHPS,,,,,"PIHPS Provinsi Bengkulu (rata-rata pasar tradisional), bukan harga Bengkulu Tengah"
2025-11-20,PHP17,TLR01,29200,kg,BD-PIHPS,,,,,"PIHPS Provinsi Bengkulu (rata-rata pasar tradisional), bukan harga Bengkulu Tengah"
2025-11-21,PHP17,BRS01,14200,kg,BD-PIHPS,,,,,"PIHPS Provinsi Bengkulu (rata-rata pasar tradisional), bukan harga Bengkulu Tengah"
2025-11-21,PHP17,BRS02,15300,kg,BD-PIHPS,,,,,"PIHPS Provinsi Bengkulu (rata-rata pasar tradisional), bukan harga Bengkulu Tengah"
2025-11-21,PHP17,BRS03,15400,kg,BD-PIHPS,,,,,"PIHPS Provinsi Bengkulu (rata-rata pasar tradisional), bukan harga Bengkulu Tengah"
2025-11-21,PHP17,BRS04,15900,kg,BD-PIHPS,,,,,"PIHPS Provinsi Bengkulu (rata-rata pasar tradisional), bukan harga Bengkulu Tengah"
2025-11-21,PHP17,BRS05,15900,kg,BD-PIHPS,,,,,"PIHPS Provinsi Bengkulu (rata-rata pasar tradisional), bukan harga Bengkulu Tengah"
2025-11-21,PHP17,BRS06,16100,kg,BD-PIHPS,,,,,"PIHPS Provinsi Bengkulu (rata-rata pasar tradisional), bukan harga Bengkulu Tengah"
2025-11-21,PHP17,BWM01,43750,kg,BD-PIHPS,,,,,"PIHPS Provinsi Bengkulu (rata-rata pasar tradisional), bukan harga Bengkulu Tengah"
2025-11-21,PHP17,BWP01,39500,kg,BD-PIHPS,,,,,"PIHPS Provinsi Bengkulu (rata-rata pasar tradisional), bukan harga Bengkulu Tengah"
2025-11-21,PHP17,CMR01,58500,kg,BD-PIHPS,,,,,"PIHPS Provinsi Bengkulu (rata-rata pasar tradisional), bukan harga Bengkulu Tengah"
2025-11-21,PHP17,CMR02,63650,kg,BD-PIHPS,,,,,"PIHPS Provinsi Bengkulu (rata-rata pasar tradisional), bukan harga Bengkulu Tengah"
2025-11-21,PHP17,CRW01,36650,kg,BD-PIHPS,,,,,"PIHPS Provinsi Bengkulu (rata-rata pasar tradisional), bukan harga Bengkulu Tengah"
2025-11-21,PHP17,CRW02,30550,kg,BD-PIHPS,,,,,"PIHPS Provinsi Bengkulu (rata-rata pasar tradisional), bukan harga Bengkulu Tengah"
2025-11-21,PHP17,DAY01,40000,kg,BD-PIHPS,,,,,"PIHPS Provinsi Bengkulu (rata-rata pasar tradisional), bukan harga Bengkulu Tengah"
2025-11-21,PHP17,DSP01,135000,kg,BD-PIHPS,,,,,"PIHPS Provinsi Bengkulu (rata-rata pasar tradisional), bukan harga Bengkulu Tengah"
2025-11-21,PHP17,DSP02,134400,kg,BD-PIHPS,,,,,"PIHPS Provinsi Bengkulu (rata-rata pasar tradisional), bukan harga Bengkulu Tengah"
2025-11-21,PHP17,GLP01,17300,kg,BD-PIHPS,,,,,"PIHPS Provinsi Bengkulu (rata-rata pasar tradisional), bukan harga Bengkulu Tengah"
2025-11-21,PHP17,GLP02,19000,kg,BD-PIHPS,,,,,"PIHPS Provinsi Bengkulu (rata-rata pasar tradisional), bukan harga Bengkulu Tengah"
2025-11-21,PHP17,MGR01,17400,liter,BD-PIHPS,,,,,"PIHPS Provinsi Bengkulu (rata-rata pasar tradisional), bukan harga Bengkulu Tengah"
2025-11-21,PHP17,MGR02,20950,liter,BD-PIHPS,,,,,"PIHPS Provinsi Bengkulu (rata-rata pasar tradisional), bukan harga Bengkulu Tengah"
2025-11-21,PHP17,MGR03,20200,liter,BD-PIHPS,,,,,"PIHPS Provinsi Bengkulu (rata-rata pasar tradisional), bukan harga Bengkulu Tengah"
2025-11-21,PHP17,TLR01,29300,kg,BD-PIHPS,,,,,"PIHPS Provinsi Bengkulu (rata-rata pasar tradisional), bukan harga Bengkulu Tengah"
2025-11-24,PHP17,BRS01,14200,kg,BD-PIHPS,,,,,"PIHPS Provinsi Bengkulu (rata-rata pasar tradisional), bukan harga Bengkulu Tengah"
2025-11-24,PHP17,BRS02,15300,kg,BD-PIHPS,,,,,"PIHPS Provinsi Bengkulu (rata-rata pasar tradisional), bukan harga Bengkulu Tengah"
2025-11-24,PHP17,BRS03,15400,kg,BD-PIHPS,,,,,"PIHPS Provinsi Bengkulu (rata-rata pasar tradisional), bukan harga Bengkulu Tengah"
2025-11-24,PHP17,BRS04,15900,kg,BD-PIHPS,,,,,"PIHPS Provinsi Bengkulu (rata-rata pasar tradisional), bukan harga Bengkulu Tengah"
2025-11-24,PHP17,BRS05,15900,kg,BD-PIHPS,,,,,"PIHPS Provinsi Bengkulu (rata-rata pasar tradisional), bukan harga Bengkulu Tengah"
2025-11-24,PHP17,BRS06,16100,kg,BD-PIHPS,,,,,"PIHPS Provinsi Bengkulu (rata-rata pasar tradisional), bukan harga Bengkulu Tengah"
2025-11-24,PHP17,BWM01,44400,kg,BD-PIHPS,,,,,"PIHPS Provinsi Bengkulu (rata-rata pasar tradisional), bukan harga Bengkulu Tengah"
2025-11-24,PHP17,BWP01,40000,kg,BD-PIHPS,,,,,"PIHPS Provinsi Bengkulu (rata-rata pasar tradisional), bukan harga Bengkulu Tengah"
2025-11-24,PHP17,CMR01,61250,kg,BD-PIHPS,,,,,"PIHPS Provinsi Bengkulu (rata-rata pasar tradisional), bukan harga Bengkulu Tengah"
2025-11-24,PHP17,CMR02,66400,kg,BD-PIHPS,,,,,"PIHPS Provinsi Bengkulu (rata-rata pasar tradisional), bukan harga Bengkulu Tengah"
2025-11-24,PHP17,CRW01,37400,kg,BD-PIHPS,,,,,"PIHPS Provinsi Bengkulu (rata-rata pasar tradisional), bukan harga Bengkulu Tengah"
2025-11-24,PHP17,CRW02,31450,kg,BD-PIHPS,,,,,"PIHPS Provinsi Bengkulu (rata-rata pasar tradisional), bukan harga Bengkulu Tengah"
2025-11-24,PHP17,DAY01,40250,kg,BD-PIHPS,,,,,"PIHPS Provinsi Bengkulu (rata-rata pasar tradisional), bukan harga Bengkulu Tengah"
2025-11-24,PHP17,DSP01,135000,kg,BD-PIHPS,,,,,"PIHPS Provinsi Bengkulu (rata-rata pasar tradisional), bukan harga Bengkulu Tengah"
2025-11-24,PHP17,DSP02,134400,kg,BD-PIHPS,,,,,"PIHPS Provinsi Bengkulu (rata-rata pasar tradisional), bukan harga Bengkulu Tengah"
2025-11-24,PHP17,GLP01,17300,kg,BD-PIHPS,,,,,"PIHPS Provinsi Bengkulu (rata-rata pasar tradisional), bukan harga Bengkulu Tengah"
2025-11-24,PHP17,GLP02,19000,kg,BD-PIHPS,,,,,"PIHPS Provinsi Bengkulu (rata-rata pasar tradisional), bukan harga Bengkulu Tengah"
2025-11-24,PHP17,MGR01,17400,liter,BD-PIHPS,,,,,"PIHPS Provinsi Bengkulu (rata-rata pasar tradisional), bukan harga Bengkulu Tengah"
2025-11-24,PHP17,MGR02,20950,liter,BD-PIHPS,,,,,"PIHPS Provinsi Bengkulu (rata-rata pasar tradisional), bukan harga Bengkulu Tengah"
2025-11-24,PHP17,MGR03,20200,liter,BD-PIHPS,,,,,"PIHPS Provinsi Bengkulu (rata-rata pasar tradisional), bukan harga Bengkulu Tengah"
2025-11-24,PHP17,TLR01,29300,kg,BD-PIHPS,,,,,"PIHPS Provinsi Bengkulu (rata-rata pasar tradisional), bukan harga Bengkulu Tengah"
2025-11-25,PHP17,BRS01,14200,kg,BD-PIHPS,,,,,"PIHPS Provinsi Bengkulu (rata-rata pasar tradisional), bukan harga Bengkulu Tengah"
2025-11-25,PHP17,BRS02,15300,kg,BD-PIHPS,,,,,"PIHPS Provinsi Bengkulu (rata-rata pasar tradisional), bukan harga Bengkulu Tengah"
2025-11-25,PHP17,BRS03,15400,kg,BD-PIHPS,,,,,"PIHPS Provinsi Bengkulu (rata-rata pasar tradisional), bukan harga Bengkulu Tengah"
2025-11-25,PHP17,BRS04,15900,kg,BD-PIHPS,,,,,"PIHPS Provinsi Bengkulu (rata-rata pasar tradisional), bukan harga Bengkulu Tengah"
2025-11-25,PHP17,BRS05,15900,kg,BD-PIHPS,,,,,"PIHPS Provinsi Bengkulu (rata-rata pasar tradisional), bukan harga Bengkulu Tengah"
2025-11-25,PHP17,BRS06,16100,kg,BD-PIHPS,,,,,"PIHPS Provinsi Bengkulu (rata-rata pasar tradisional), bukan harga Bengkulu Tengah"
2025-11-25,PHP17,BWM01,44650,kg,BD-PIHPS,,,,,"PIHPS Provinsi Bengkulu (rata-rata pasar tradisional), bukan harga Bengkulu Tengah"
2025-11-25,PHP17,BWP01,40650,kg,BD-PIHPS,,,,,"PIHPS Provinsi Bengkulu (rata-rata pasar tradisional), bukan harga Bengkulu Tengah"
2025-11-25,PHP17,CMR01,64250,kg,BD-PIHPS,,,,,"PIHPS Provinsi Bengkulu (rata-rata pasar tradisional), bukan harga Bengkulu Tengah"
2025-11-25,PHP17,CMR02,68500,kg,BD-PIHPS,,,,,"PIHPS Provinsi Bengkulu (rata-rata pasar tradisional), bukan harga Bengkulu Tengah"
2025-11-25,PHP17,CRW01,37900,kg,BD-PIHPS,,,,,"PIHPS Provinsi Bengkulu (rata-rata pasar tradisional), bukan harga Bengkulu Tengah"
2025-11-25,PHP17,CRW02,32400,kg,BD-PIHPS,,,,,"PIHPS Provinsi Bengkulu (rata-rata pasar tradisional), bukan harga Bengkulu Tengah"
2025-11-25,PHP17,DAY01,40250,kg,BD-PIHPS,,,,,"PIHPS Provinsi Bengkulu (rata-rata pasar tradisional), bukan harga Bengkulu Tengah"
2025-11-25,PHP17,DSP01,135000,kg,BD-PIHPS,,,,,"PIHPS Provinsi Bengkulu (rata-rata pasar tradisional), bukan harga Bengkulu Tengah"
2025-11-25,PHP17,DSP02,134400,kg,BD-PIHPS,,,,,"PIHPS Provinsi Bengkulu (rata-rata pasar tradisional), bukan harga Bengkulu Tengah"
2025-11-25,PHP17,GLP01,17300,kg,BD-PIHPS,,,,,"PIHPS Provinsi Bengkulu (rata-rata pasar tradisional), bukan harga Bengkulu Tengah"
2025-11-25,PHP17,GLP02,19000,kg,BD-PIHPS,,,,,"PIHPS Provinsi Bengkulu (rata-rata pasar tradisional), bukan harga Bengkulu Tengah"
2025-11-25,PHP17,MGR01,17400,liter,BD-PIHPS,,,,,"PIHPS Provinsi Bengkulu (rata-rata pasar tradisional), bukan harga Bengkulu Tengah"
2025-11-25,PHP17,MGR02,20950,liter,BD-PIHPS,,,,,"PIHPS Provinsi Bengkulu (rata-rata pasar tradisional), bukan harga Bengkulu Tengah"
2025-11-25,PHP17,MGR03,20200,liter,BD-PIHPS,,,,,"PIHPS Provinsi Bengkulu (rata-rata pasar tradisional), bukan harga Bengkulu Tengah"
2025-11-25,PHP17,TLR01,29300,kg,BD-PIHPS,,,,,"PIHPS Provinsi Bengkulu (rata-rata pasar tradisional), bukan harga Bengkulu Tengah"
2025-11-26,PHP17,BRS01,14200,kg,BD-PIHPS,,,,,"PIHPS Provinsi Bengkulu (rata-rata pasar tradisional), bukan harga Bengkulu Tengah"
2025-11-26,PHP17,BRS02,15300,kg,BD-PIHPS,,,,,"PIHPS Provinsi Bengkulu (rata-rata pasar tradisional), bukan harga Bengkulu Tengah"
2025-11-26,PHP17,BRS03,15400,kg,BD-PIHPS,,,,,"PIHPS Provinsi Bengkulu (rata-rata pasar tradisional), bukan harga Bengkulu Tengah"
2025-11-26,PHP17,BRS04,15900,kg,BD-PIHPS,,,,,"PIHPS Provinsi Bengkulu (rata-rata pasar tradisional), bukan harga Bengkulu Tengah"
2025-11-26,PHP17,BRS05,15900,kg,BD-PIHPS,,,,,"PIHPS Provinsi Bengkulu (rata-rata pasar tradisional), bukan harga Bengkulu Tengah"
2025-11-26,PHP17,BRS06,16100,kg,BD-PIHPS,,,,,"PIHPS Provinsi Bengkulu (rata-rata pasar tradisional), bukan harga Bengkulu Tengah"
2025-11-26,PHP17,BWM01,44900,kg,BD-PIHPS,,,,,"PIHPS Provinsi Bengkulu (rata-rata pasar tradisional), bukan harga Bengkulu Tengah"
2025-11-26,PHP17,BWP01,41000,kg,BD-PIHPS,,,,,"PIHPS Provinsi Bengkulu (rata-rata pasar tradisional), bukan harga Bengkulu Tengah"
2025-11-26,PHP17,CMR01,63500,kg,BD-PIHPS,,,,,"PIHPS Provinsi Bengkulu (rata-rata pasar tradisional), bukan harga Bengkulu Tengah"
2025-11-26,PHP17,CMR02,67900,kg,BD-PIHPS,,,,,"PIHPS Provinsi Bengkulu (rata-rata pasar tradisional), bukan harga Bengkulu Tengah"
2025-11-26,PHP17,CRW01,37900,kg,BD-PIHPS,,,,,"PIHPS Provinsi Bengkulu (rata-rata pasar tradisional), bukan harga Bengkulu Tengah"
2025-11-26,PHP17,CRW02,32550,kg,BD-PIHPS,,,,,"PIHPS Provinsi Bengkulu (rata-rata pasar tradisional), bukan harga Bengkulu Tengah"
2025-11-26,PHP17,DAY01,41900,kg,BD-PIHPS,,,,,"PIHPS Provinsi Bengkulu (rata-rata pasar tradisional), bukan harga Bengkulu Tengah"
2025-11-26,PHP17,DSP01,135000,kg,BD-PIHPS,,,,,"PIHPS Provinsi Bengkulu (rata-rata pasar tradisional), bukan harga Bengkulu Tengah"
2025-11-26,PHP17,DSP02,134400,kg,BD-PIHPS,,,,,"PIHPS Provinsi Bengkulu (rata-rata pasar tradisional), bukan harga Bengkulu Tengah"
2025-11-26,PHP17,GLP01,17300,kg,BD-PIHPS,,,,,"PIHPS Provinsi Bengkulu (rata-rata pasar tradisional), bukan harga Bengkulu Tengah"
2025-11-26,PHP17,GLP02,19000,kg,BD-PIHPS,,,,,"PIHPS Provinsi Bengkulu (rata-rata pasar tradisional), bukan harga Bengkulu Tengah"
2025-11-26,PHP17,MGR01,17500,liter,BD-PIHPS,,,,,"PIHPS Provinsi Bengkulu (rata-rata pasar tradisional), bukan harga Bengkulu Tengah"
2025-11-26,PHP17,MGR02,20950,liter,BD-PIHPS,,,,,"PIHPS Provinsi Bengkulu (rata-rata pasar tradisional), bukan harga Bengkulu Tengah"
2025-11-26,PHP17,MGR03,20200,liter,BD-PIHPS,,,,,"PIHPS Provinsi Bengkulu (rata-rata pasar tradisional), bukan harga Bengkulu Tengah"
2025-11-26,PHP17,TLR01,29300,kg,BD-PIHPS,,,,,"PIHPS Provinsi Bengkulu (rata-rata pasar tradisional), bukan harga Bengkulu Tengah"
2025-11-27,PHP17,BRS01,14200,kg,BD-PIHPS,,,,,"PIHPS Provinsi Bengkulu (rata-rata pasar tradisional), bukan harga Bengkulu Tengah"
2025-11-27,PHP17,BRS02,15300,kg,BD-PIHPS,,,,,"PIHPS Provinsi Bengkulu (rata-rata pasar tradisional), bukan harga Bengkulu Tengah"
2025-11-27,PHP17,BRS03,15400,kg,BD-PIHPS,,,,,"PIHPS Provinsi Bengkulu (rata-rata pasar tradisional), bukan harga Bengkulu Tengah"
2025-11-27,PHP17,BRS04,15900,kg,BD-PIHPS,,,,,"PIHPS Provinsi Bengkulu (rata-rata pasar tradisional), bukan harga Bengkulu Tengah"
2025-11-27,PHP17,BRS05,15900,kg,BD-PIHPS,,,,,"PIHPS Provinsi Bengkulu (rata-rata pasar tradisional), bukan harga Bengkulu Tengah"
2025-11-27,PHP17,BRS06,16100,kg,BD-PIHPS,,,,,"PIHPS Provinsi Bengkulu (rata-rata pasar tradisional), bukan harga Bengkulu Tengah"
2025-11-27,PHP17,BWM01,44650,kg,BD-PIHPS,,,,,"PIHPS Provinsi Bengkulu (rata-rata pasar tradisional), bukan harga Bengkulu Tengah"
2025-11-27,PHP17,BWP01,40250,kg,BD-PIHPS,,,,,"PIHPS Provinsi Bengkulu (rata-rata pasar tradisional), bukan harga Bengkulu Tengah"
2025-11-27,PHP17,CMR01,61400,kg,BD-PIHPS,,,,,"PIHPS Provinsi Bengkulu (rata-rata pasar tradisional), bukan harga Bengkulu Tengah"
2025-11-27,PHP17,CMR02,64900,kg,BD-PIHPS,,,,,"PIHPS Provinsi Bengkulu (rata-rata pasar tradisional), bukan harga Bengkulu Tengah"
2025-11-27,PHP17,CRW01,35900,kg,BD-PIHPS,,,,,"PIHPS Provinsi Bengkulu (rata-rata pasar tradisional), bukan harga Bengkulu Tengah"
2025-11-27,PHP17,CRW02,31350,kg,BD-PIHPS,,,,,"PIHPS Provinsi Bengkulu (rata-rata pasar tradisional), bukan harga Bengkulu Tengah"
2025-11-27,PHP17,DAY01,42150,kg,BD-PIHPS,,,,,"PIHPS Provinsi Bengkulu (rata-rata pasar tradisional), bukan harga Bengkulu Tengah"
2025-11-27,PHP17,DSP01,135000,kg,BD-PIHPS,,,,,"PIHPS Provinsi Bengkulu (rata-rata pasar tradisional), bukan harga Bengkulu Tengah"
2025-11-27,PHP17,DSP02,134400,kg,BD-PIHPS,,,,,"PIHPS Provinsi Bengkulu (rata-rata pasar tradisional), bukan harga Bengkulu Tengah"
2025-11-27,PHP17,GLP01,17300,kg,BD-PIHPS,,,,,"PIHPS Provinsi Bengkulu (rata-rata pasar tradisional), bukan harga Bengkulu Tengah"
2025-11-27,PHP17,GLP02,19000,kg,BD-PIHPS,,,,,"PIHPS Provinsi Bengkulu (rata-rata pasar tradisional), bukan harga Bengkulu Tengah"
2025-11-27,PHP17,MGR01,17500,liter,BD-PIHPS,,,,,"PIHPS Provinsi Bengkulu (rata-rata pasar tradisional), bukan harga Bengkulu Tengah"
2025-11-27,PHP17,MGR02,20950,liter,BD-PIHPS,,,,,"PIHPS Provinsi Bengkulu (rata-rata pasar tradisional), bukan harga Bengkulu Tengah"
2025-11-27,PHP17,MGR03,20200,liter,BD-PIHPS,,,,,"PIHPS Provinsi Bengkulu (rata-rata pasar tradisional), bukan harga Bengkulu Tengah"
2025-11-27,PHP17,TLR01,29300,kg,BD-PIHPS,,,,,"PIHPS Provinsi Bengkulu (rata-rata pasar tradisional), bukan harga Bengkulu Tengah"
2025-11-28,PHP17,BRS01,14350,kg,BD-PIHPS,,,,,"PIHPS Provinsi Bengkulu (rata-rata pasar tradisional), bukan harga Bengkulu Tengah"
2025-11-28,PHP17,BRS02,15300,kg,BD-PIHPS,,,,,"PIHPS Provinsi Bengkulu (rata-rata pasar tradisional), bukan harga Bengkulu Tengah"
2025-11-28,PHP17,BRS03,15400,kg,BD-PIHPS,,,,,"PIHPS Provinsi Bengkulu (rata-rata pasar tradisional), bukan harga Bengkulu Tengah"
2025-11-28,PHP17,BRS04,15950,kg,BD-PIHPS,,,,,"PIHPS Provinsi Bengkulu (rata-rata pasar tradisional), bukan harga Bengkulu Tengah"
2025-11-28,PHP17,BRS05,15900,kg,BD-PIHPS,,,,,"PIHPS Provinsi Bengkulu (rata-rata pasar tradisional), bukan harga Bengkulu Tengah"
2025-11-28,PHP17,BRS06,16200,kg,BD-PIHPS,,,,,"PIHPS Provinsi Bengkulu (rata-rata pasar tradisional), bukan harga Bengkulu Tengah"
2025-11-28,PHP17,BWM01,44400,kg,BD-PIHPS,,,,,"PIHPS Provinsi Bengkulu (rata-rata pasar tradisional), bukan harga Bengkulu Tengah"
2025-11-28,PHP17,BWP01,40250,kg,BD-PIHPS,,,,,"PIHPS Provinsi Bengkulu (rata-rata pasar tradisional), bukan harga Bengkulu Tengah"
2025-11-28,PHP17,CMR01,61400,kg,BD-PIHPS,,,,,"PIHPS Provinsi Bengkulu (rata-rata pasar tradisional), bukan harga Bengkulu Tengah"
2025-11-28,PHP17,CMR02,63750,kg,BD-PIHPS,,,,,"PIHPS Provinsi Bengkulu (rata-rata pasar tradisional), bukan harga Bengkulu Tengah"
2025-11-28,PHP17,CRW01,35900,kg,BD-PIHPS,,,,,"PIHPS Provinsi Bengkulu (rata-rata pasar tradisional), bukan harga Bengkulu Tengah"
2025-11-28,PHP17,CRW02,31350,kg,BD-PIHPS,,,,,"PIHPS Provinsi Bengkulu (rata-rata pasar tradisional), bukan harga Bengkulu Tengah"
2025-11-28,PHP17,DAY01,41150,kg,BD-PIHPS,,,,,"PIHPS Provinsi Bengkulu (rata-rata pasar tradisional), bukan harga Bengkulu Tengah"
2025-11-28,PHP17,DSP01,135000,kg,BD-PIHPS,,,,,"PIHPS Provinsi Bengkulu (rata-rata pasar tradisional), bukan harga Bengkulu Tengah"
2025-11-28,PHP17,DSP02,134400,kg,BD-PIHPS,,,,,"PIHPS Provinsi Bengkulu (rata-rata pasar tradisional), bukan harga Bengkulu Tengah"
2025-11-28,PHP17,GLP01,17300,kg,BD-PIHPS,,,,,"PIHPS Provinsi Bengkulu (rata-rata pasar tradisional), bukan harga Bengkulu Tengah"
2025-11-28,PHP17,GLP02,19000,kg,BD-PIHPS,,,,,"PIHPS Provinsi Bengkulu (rata-rata pasar tradisional), bukan harga Bengkulu Tengah"
2025-11-28,PHP17,MGR01,17700,liter,BD-PIHPS,,,,,"PIHPS Provinsi Bengkulu (rata-rata pasar tradisional), bukan harga Bengkulu Tengah"
2025-11-28,PHP17,MGR02,20950,liter,BD-PIHPS,,,,,"PIHPS Provinsi Bengkulu (rata-rata pasar tradisional), bukan harga Bengkulu Tengah"
2025-11-28,PHP17,MGR03,20200,liter,BD-PIHPS,,,,,"PIHPS Provinsi Bengkulu (rata-rata pasar tradisional), bukan harga Bengkulu Tengah"
2025-11-28,PHP17,TLR01,29300,kg,BD-PIHPS,,,,,"PIHPS Provinsi Bengkulu (rata-rata pasar tradisional), bukan harga Bengkulu Tengah"
2025-12-01,PHP17,BRS01,14350,kg,BD-PIHPS,,,,,"PIHPS Provinsi Bengkulu (rata-rata pasar tradisional), bukan harga Bengkulu Tengah"
2025-12-01,PHP17,BRS02,15300,kg,BD-PIHPS,,,,,"PIHPS Provinsi Bengkulu (rata-rata pasar tradisional), bukan harga Bengkulu Tengah"
2025-12-01,PHP17,BRS03,15400,kg,BD-PIHPS,,,,,"PIHPS Provinsi Bengkulu (rata-rata pasar tradisional), bukan harga Bengkulu Tengah"
2025-12-01,PHP17,BRS04,15950,kg,BD-PIHPS,,,,,"PIHPS Provinsi Bengkulu (rata-rata pasar tradisional), bukan harga Bengkulu Tengah"
2025-12-01,PHP17,BRS05,15900,kg,BD-PIHPS,,,,,"PIHPS Provinsi Bengkulu (rata-rata pasar tradisional), bukan harga Bengkulu Tengah"
2025-12-01,PHP17,BRS06,16200,kg,BD-PIHPS,,,,,"PIHPS Provinsi Bengkulu (rata-rata pasar tradisional), bukan harga Bengkulu Tengah"
2025-12-01,PHP17,BWM01,44650,kg,BD-PIHPS,,,,,"PIHPS Provinsi Bengkulu (rata-rata pasar tradisional), bukan harga Bengkulu Tengah"
2025-12-01,PHP17,BWP01,40250,kg,BD-PIHPS,,,,,"PIHPS Provinsi Bengkulu (rata-rata pasar tradisional), bukan harga Bengkulu Tengah"
2025-12-01,PHP17,CMR01,67750,kg,BD-PIHPS,,,,,"PIHPS Provinsi Bengkulu (rata-rata pasar tradisional), bukan harga Bengkulu Tengah"
2025-12-01,PHP17,CMR02,70900,kg,BD-PIHPS,,,,,"PIHPS Provinsi Bengkulu (rata-rata pasar tradisional), bukan harga Bengkulu Tengah"
2025-12-01,PHP17,CRW01,39500,kg,BD-PIHPS,,,,,"PIHPS Provinsi Bengkulu (rata-rata pasar tradisional), bukan harga Bengkulu Tengah"
2025-12-01,PHP17,CRW02,34650,kg,BD-PIHPS,,,,,"PIHPS Provinsi Bengkulu (rata-rata pasar tradisional), bukan harga Bengkulu Tengah"
2025-12-01,PHP17,DAY01,42750,kg,BD-PIHPS,,,,,"PIHPS Provinsi Bengkulu (rata-rata pasar tradisional), bukan harga Bengkulu Tengah"
2025-12-01,PHP17,DSP01,135000,kg,BD-PIHPS,,,,,"PIHPS Provinsi Bengkulu (rata-rata pasar tradisional), bukan harga Bengkulu Tengah"
2025-12-01,PHP17,DSP02,134400,kg,BD-PIHPS,,,,,"PIHPS Provinsi Bengkulu (rata-rata pasar tradisional), bukan harga Bengkulu Tengah"
2025-12-01,PHP17,GLP01,17300,kg,BD-PIHPS,,,,,"PIHPS Provinsi Bengkulu (rata-rata pasar tradisional), bukan harga Bengkulu Tengah"
2025-12-01,PHP17,GLP02,19000,kg,BD-PIHPS,,,,,"PIHPS Provinsi Bengkulu (rata-rata pasar tradisional), bukan harga Bengkulu Tengah"
2025-12-01,PHP17,MGR01,17700,liter,BD-PIHPS,,,,,"PIHPS Provinsi Bengkulu (rata-rata pasar tradisional), bukan harga Bengkulu Tengah"
2025-12-01,PHP17,MGR02,20950,liter,BD-PIHPS,,,,,"PIHPS Provinsi Bengkulu (rata-rata pasar tradisional), bukan harga Bengkulu Tengah"
2025-12-01,PHP17,MGR03,20200,liter,BD-PIHPS,,,,,"PIHPS Provinsi Bengkulu (rata-rata pasar tradisional), bukan harga Bengkulu Tengah"
2025-12-01,PHP17,TLR01,29300,kg,BD-PIHPS,,,,,"PIHPS Provinsi Bengkulu (rata-rata pasar tradisional), bukan harga Bengkulu Tengah"
2025-12-02,PHP17,BRS01,14350,kg,BD-PIHPS,,,,,"PIHPS Provinsi Bengkulu (rata-rata pasar tradisional), bukan harga Bengkulu Tengah"
2025-12-02,PHP17,BRS02,15300,kg,BD-PIHPS,,,,,"PIHPS Provinsi Bengkulu (rata-rata pasar tradisional), bukan harga Bengkulu Tengah"
2025-12-02,PHP17,BRS03,15400,kg,BD-PIHPS,,,,,"PIHPS Provinsi Bengkulu (rata-rata pasar tradisional), bukan harga Bengkulu Tengah"
2025-12-02,PHP17,BRS04,15950,kg,BD-PIHPS,,,,,"PIHPS Provinsi Bengkulu (rata-rata pasar tradisional), bukan harga Bengkulu Tengah"
2025-12-02,PHP17,BRS05,15900,kg,BD-PIHPS,,,,,"PIHPS Provinsi Bengkulu (rata-rata pasar tradisional), bukan harga Bengkulu Tengah"
2025-12-02,PHP17,BRS06,16250,kg,BD-PIHPS,,,,,"PIHPS Provinsi Bengkulu (rata-rata pasar tradisional), bukan harga Bengkulu Tengah"
2025-12-02,PHP17,BWM01,44900,kg,BD-PIHPS,,,,,"PIHPS Provinsi Bengkulu (rata-rata pasar tradisional), bukan harga Bengkulu Tengah"
2025-12-02,PHP17,BWP01,40000,kg,BD-PIHPS,,,,,"PIHPS Provinsi Bengkulu (rata-rata pasar tradisional), bukan harga Bengkulu Tengah"
2025-12-02,PHP17,CMR01,72500,kg,BD-PIHPS,,,,,"PIHPS Provinsi Bengkulu (rata-rata pasar tradisional), bukan harga Bengkulu Tengah"
2025-12-02,PHP17,CMR02,76650,kg,BD-PIHPS,,,,,"PIHPS Provinsi Bengkulu (rata-rata pasar tradisional), bukan harga Bengkulu Tengah"
2025-12-02,PHP17,CRW01,41750,kg,BD-PIHPS,,,,,"PIHPS Provinsi Bengkulu (rata-rata pasar tradisional), bukan harga Bengkulu Tengah"
2025-12-02,PHP17,CRW02,37850,kg,BD-PIHPS,,,,,"PIHPS Provinsi Bengkulu (rata-rata pasar tradisional), bukan harga Bengkulu Tengah"
2025-12-02,PHP17,DAY01,43150,kg,BD-PIHPS,,,,,"PIHPS Provinsi Bengkulu (rata-rata pasar tradisional), bukan harga Bengkulu Tengah"
2025-12-02,PHP17,DSP01,135000,kg,BD-PIHPS,,,,,"PIHPS Provinsi Bengkulu (rata-rata pasar tradisional), bukan harga Bengkulu Tengah"
2025-12-02,PHP17,DSP02,134400,kg,BD-PIHPS,,,,,"PIHPS Provinsi Bengkulu (rata-rata pasar tradisional), bukan harga Bengkulu Tengah"
2025-12-02,PHP17,GLP01,17300,kg,BD-PIHPS,,,,,"PIHPS Provinsi Bengkulu (rata-rata pasar tradisional), bukan harga Bengkulu Tengah"
2025-12-02,PHP17,GLP02,19000,kg,BD-PIHPS,,,,,"PIHPS Provinsi Bengkulu (rata-rata pasar tradisional), bukan harga Bengkulu Tengah"
2025-12-02,PHP17,MGR01,17700,liter,BD-PIHPS,,,,,"PIHPS Provinsi Bengkulu (rata-rata pasar tradisional), bukan harga Bengkulu Tengah"
2025-12-02,PHP17,MGR02,20950,liter,BD-PIHPS,,,,,"PIHPS Provinsi Bengkulu (rata-rata pasar tradisional), bukan harga Bengkulu Tengah"
2025-12-02,PHP17,MGR03,20200,liter,BD-PIHPS,,,,,"PIHPS Provinsi Bengkulu (rata-rata pasar tradisional), bukan harga Bengkulu Tengah"
2025-12-02,PHP17,TLR01,29300,kg,BD-PIHPS,,,,,"PIHPS Provinsi Bengkulu (rata-rata pasar tradisional), bukan harga Bengkulu Tengah"
2025-12-03,PHP17,BRS01,14350,kg,BD-PIHPS,,,,,"PIHPS Provinsi Bengkulu (rata-rata pasar tradisional), bukan harga Bengkulu Tengah"
2025-12-03,PHP17,BRS02,15300,kg,BD-PIHPS,,,,,"PIHPS Provinsi Bengkulu (rata-rata pasar tradisional), bukan harga Bengkulu Tengah"
2025-12-03,PHP17,BRS03,15400,kg,BD-PIHPS,,,,,"PIHPS Provinsi Bengkulu (rata-rata pasar tradisional), bukan harga Bengkulu Tengah"
2025-12-03,PHP17,BRS04,15950,kg,BD-PIHPS,,,,,"PIHPS Provinsi Bengkulu (rata-rata pasar tradisional), bukan harga Bengkulu Tengah"
2025-12-03,PHP17,BRS05,15900,kg,BD-PIHPS,,,,,"PIHPS Provinsi Bengkulu (rata-rata pasar tradisional), bukan harga Bengkulu Tengah"
2025-12-03,PHP17,BRS06,16250,kg,BD-PIHPS,,,,,"PIHPS Provinsi Bengkulu (rata-rata pasar tradisional), bukan harga Bengkulu Tengah"
2025-12-03,PHP17,BWM01,45250,kg,BD-PIHPS,,,,,"PIHPS Provinsi Bengkulu (rata-rata pasar tradisional), bukan harga Bengkulu Tengah"
2025-12-03,PHP17,BWP01,40250,kg,BD-PIHPS,,,,,"PIHPS Provinsi Bengkulu (rata-rata pasar tradisional), bukan harga Bengkulu Tengah"
2025-12-03,PHP17,CMR01,67500,kg,BD-PIHPS,,,,,"PIHPS Provinsi Bengkulu (rata-rata pasar tradisional), bukan harga Bengkulu Tengah"
2025-12-03,PHP17,CMR02,72150,kg,BD-PIHPS,,,,,"PIHPS Provinsi Bengkulu (rata-rata pasar tradisional), bukan harga Bengkulu Tengah"
2025-12-03,PHP17,CRW01,50500,kg,BD-PIHPS,,,,,"PIHPS Provinsi Bengkulu (rata-rata pasar tradisional), bukan harga Bengkulu Tengah"
2025-12-03,PHP17,CRW02,43000,kg,BD-PIHPS,,,,,"PIHPS Provinsi Bengkulu (rata-rata pasar tradisional), bukan harga Bengkulu Tengah"
2025-12-03,PHP17,DAY01,43400,kg,BD-PIHPS,,,,,"PIHPS Provinsi Bengkulu (rata-rata pasar tradisional), bukan harga Bengkulu Tengah"
2025-12-03,PHP17,DSP01,136250,kg,BD-PIHPS,,,,,"PIHPS Provinsi Bengkulu (rata-rata pasar tradisional), bukan harga Bengkulu Tengah"
2025-12-03,PHP17,DSP02,135650,kg,BD-PIHPS,,,,,"PIHPS Provinsi Bengkulu (rata-rata pasar tradisional), bukan harga Bengkulu Tengah"
2025-12-03,PHP17,GLP01,17250,kg,BD-PIHPS,,,,,"PIHPS Provinsi Bengkulu (rata-rata pasar tradisional), bukan harga Bengkulu Tengah"
2025-12-03,PHP17,GLP02,18900,kg,BD-PIHPS,,,,,"PIHPS Provinsi Bengkulu (rata-rata pasar tradisional), bukan harga Bengkulu Tengah"
2025-12-03,PHP17,MGR01,17700,liter,BD-PIHPS,,,,,"PIHPS Provinsi Bengkulu (rata-rata pasar tradisional), bukan harga Bengkulu Tengah"
2025-12-03,PHP17,MGR02,20950,liter,BD-PIHPS,,,,,"PIHPS Provinsi Bengkulu (rata-rata pasar tradisional), bukan harga Bengkulu Tengah"
2025-12-03,PHP17,MGR03,20150,liter,BD-PIHPS,,,,,"PIHPS Provinsi Bengkulu (rata-rata pasar tradisional), bukan harga Bengkulu Tengah"
2025-12-03,PHP17,TLR01,29700,kg,BD-PIHPS,,,,,"PIHPS Provinsi Bengkulu (rata-rata pasar tradisional), bukan harga Bengkulu Tengah"
2025-12-04,PHP17,BRS01,14350,kg,BD-PIHPS,,,,,"PIHPS Provinsi Bengkulu (rata-rata pasar tradisional), bukan harga Bengkulu Tengah"
2025-12-04,PHP17,BRS02,15300,kg,BD-PIHPS,,,,,"PIHPS Provinsi Bengkulu (rata-rata pasar tradisional), bukan harga Bengkulu Tengah"
2025-12-04,PHP17,BRS03,15400,kg,BD-PIHPS,,,,,"PIHPS Provinsi Bengkulu (rata-rata pasar tradisional), bukan harga Bengkulu Tengah"
2025-12-04,PHP17,BRS04,16000,kg,BD-PIHPS,,,,,"PIHPS Provinsi Bengkulu (rata-rata pasar tradisional), bukan harga Bengkulu Tengah"
2025-12-04,PHP17,BRS05,15900,kg,BD-PIHPS,,,,,"PIHPS Provinsi Bengkulu (rata-rata pasar tradisional), bukan harga Bengkulu Tengah"
2025-12-04,PHP17,BRS06,16200,kg,BD-PIHPS,,,,,"PIHPS Provinsi Bengkulu (rata-rata pasar tradisional), bukan harga Bengkulu Tengah"
2025-12-04,PHP17,BWM01,46250,kg,BD-PIHPS,,,,,"PIHPS Provinsi Bengkulu (rata-rata pasar tradisional), bukan harga Bengkulu Tengah"
2025-12-04,PHP17,BWP01,40250,kg,BD-PIHPS,,,,,"PIHPS Provinsi Bengkulu (rata-rata pasar tradisional), bukan harga Bengkulu Tengah"
2025-12-04,PHP17,CMR01,64750,kg,BD-PIHPS,,,,,"PIHPS Provinsi Bengkulu (rata-rata pasar tradisional), bukan harga Bengkulu Tengah"
2025-12-04,PHP17,CMR02,69900,kg,BD-PIHPS,,,,,"PIHPS Provinsi Bengkulu (rata-rata pasar tradisional), bukan harga Bengkulu Tengah"
2025-12-04,PHP17,CRW01,54500,kg,BD-PIHPS,,,,,"PIHPS Provinsi Bengkulu (rata-rata pasar tradisional), bukan harga Bengkulu Tengah"
2025-12-04,PHP17,CRW02,45800,kg,BD-PIHPS,,,,,"PIHPS Provinsi Bengkulu (rata-rata pasar tradisional), bukan harga Bengkulu Tengah"
2025-12-04,PHP17,DAY01,43400,kg,BD-PIHPS,,,,,"PIHPS Provinsi Bengkulu (rata-rata pasar tradisional), bukan harga Bengkulu Tengah"
2025-12-04,PHP17,DSP01,136250,kg,BD-PIHPS,,,,,"PIHPS Provinsi Bengkulu (rata-rata pasar tradisional), bukan harga Bengkulu Tengah"
2025-12-04,PHP17,DSP02,135650,kg,BD-PIHPS,,,,,"PIHPS Provinsi Bengkulu (rata-rata pasar tradisional), bukan harga Bengkulu Tengah"
2025-12-04,PHP17,GLP01,17250,kg,BD-PIHPS,,,,,"PIHPS Provinsi Bengkulu (rata-rata pasar tradisional), bukan harga Bengkulu Tengah"
2025-12-04,PHP17,GLP02,18900,kg,BD-PIHPS,,,,,"PIHPS Provinsi Bengkulu (rata-rata pasar tradisional), bukan harga Bengkulu Tengah"
2025-12-04,PHP17,MGR01,17700,liter,BD-PIHPS,,,,,"PIHPS Provinsi Bengkulu (rata-rata pasar tradisional), bukan harga Bengkulu Tengah"
2025-12-04,PHP17,MGR02,20950,liter,BD-PIHPS,,,,,"PIHPS Provinsi Bengkulu (rata-rata pasar tradisional), bukan harga Bengkulu Tengah"
2025-12-04,PHP17,MGR03,20150,liter,BD-PIHPS,,,,,"PIHPS Provinsi Bengkulu (rata-rata pasar tradisional), bukan harga Bengkulu Tengah"
2025-12-04,PHP17,TLR01,29900,kg,BD-PIHPS,,,,,"PIHPS Provinsi Bengkulu (rata-rata pasar tradisional), bukan harga Bengkulu Tengah"
2025-12-05,PHP17,BRS01,14350,kg,BD-PIHPS,,,,,"PIHPS Provinsi Bengkulu (rata-rata pasar tradisional), bukan harga Bengkulu Tengah"
2025-12-05,PHP17,BRS02,15300,kg,BD-PIHPS,,,,,"PIHPS Provinsi Bengkulu (rata-rata pasar tradisional), bukan harga Bengkulu Tengah"
2025-12-05,PHP17,BRS03,15350,kg,BD-PIHPS,,,,,"PIHPS Provinsi Bengkulu (rata-rata pasar tradisional), bukan harga Bengkulu Tengah"
2025-12-05,PHP17,BRS04,15850,kg,BD-PIHPS,,,,,"PIHPS Provinsi Bengkulu (rata-rata pasar tradisional), bukan harga Bengkulu Tengah"
2025-12-05,PHP17,BRS05,15950,kg,BD-PIHPS,,,,,"PIHPS Provinsi Bengkulu (rata-rata pasar tradisional), bukan harga Bengkulu Tengah"
2025-12-05,PHP17,BRS06,16150,kg,BD-PIHPS,,,,,"PIHPS Provinsi Bengkulu (rata-rata pasar tradisional), bukan harga Bengkulu Tengah"
2025-12-05,PHP17,BWM01,49650,kg,BD-PIHPS,,,,,"PIHPS Provinsi Bengkulu (rata-rata pasar tradisional), bukan harga Bengkulu Tengah"
2025-12-05,PHP17,BWP01,41150,kg,BD-PIHPS,,,,,"PIHPS Provinsi Bengkulu (rata-rata pasar tradisional), bukan harga Bengkulu Tengah"
2025-12-05,PHP17,CMR01,68000,kg,BD-PIHPS,,,,,"PIHPS Provinsi Bengkulu (rata-rata pasar tradisional), bukan harga Bengkulu Tengah"
2025-12-05,PHP17,CMR02,73500,kg,BD-PIHPS,,,,,"PIHPS Provinsi Bengkulu (rata-rata pasar tradisional), bukan harga Bengkulu Tengah"
2025-12-05,PHP17,CRW01,56900,kg,BD-PIHPS,,,,,"PIHPS Provinsi Bengkulu (rata-rata pasar tradisional), bukan harga Bengkulu Tengah"
2025-12-05,PHP17,CRW02,49200,kg,BD-PIHPS,,,,,"PIHPS Provinsi Bengkulu (rata-rata pasar tradisional), bukan harga Bengkulu Tengah"
2025-12-05,PHP17,DAY01,43150,kg,BD-PIHPS,,,,,"PIHPS Provinsi Bengkulu (rata-rata pasar tradisional), bukan harga Bengkulu Tengah"
2025-12-05,PHP17,DSP01,136250,kg,BD-PIHPS,,,,,"PIHPS Provinsi Bengkulu (rata-rata pasar tradisional), bukan harga Bengkulu Tengah"
2025-12-05,PHP17,DSP02,135650,kg,BD-PIHPS,,,,,"PIHPS Provinsi Bengkulu (rata-rata pasar tradisional), bukan harga Bengkulu Tengah"
2025-12-05,PHP17,GLP01,17400,kg,BD-PIHPS,,,,,"PIHPS Provinsi Bengkulu (rata-rata pasar tradisional), bukan harga Bengkulu Tengah"
2025-12-05,PHP17,GLP02,18900,kg,BD-PIHPS,,,,,"PIHPS Provinsi Bengkulu (rata-rata pasar tradisional), bukan harga Bengkulu Tengah"
2025-12-05,PHP17,MGR01,18000,liter,BD-PIHPS,,,,,"PIHPS Provinsi Bengkulu (rata-rata pasar tradisional), bukan harga Bengkulu Tengah"
2025-12-05,PHP17,MGR02,20950,liter,BD-PIHPS,,,,,"PIHPS Provinsi Bengkulu (rata-rata pasar tradisional), bukan harga Bengkulu Tengah"
2025-12-05,PHP17,MGR03,20300,liter,BD-PIHPS,,,,,"PIHPS Provinsi Bengkulu (rata-rata pasar tradisional), bukan harga Bengkulu Tengah"
2025-12-05,PHP17,TLR01,29900,kg,BD-PIHPS,,,,,"PIHPS Provinsi Bengkulu (rata-rata pasar tradisional), bukan harga Bengkulu Tengah"
2025-12-08,PHP17,BRS01,14350,kg,BD-PIHPS,,,,,"PIHPS Provinsi Bengkulu (rata-rata pasar tradisional), bukan harga Bengkulu Tengah"
2025-12-08,PHP17,BRS02,15300,kg,BD-PIHPS,,,,,"PIHPS Provinsi Bengkulu (rata-rata pasar tradisional), bukan harga Bengkulu Tengah"
2025-12-08,PHP17,BRS03,15350,kg,BD-PIHPS,,,,,"PIHPS Provinsi Bengkulu (rata-rata pasar tradisional), bukan harga Bengkulu Tengah"
2025-12-08,PHP17,BRS04,15850,kg,BD-PIHPS,,,,,"PIHPS Provinsi Bengkulu (rata-rata pasar tradisional), bukan harga Bengkulu Tengah"
2025-12-08,PHP17,BRS05,15950,kg,BD-PIHPS,,,,,"PIHPS Provinsi Bengkulu (rata-rata pasar tradisional), bukan harga Bengkulu Tengah"
2025-12-08,PHP17,BRS06,16150,kg,BD-PIHPS,,,,,"PIHPS Provinsi Bengkulu (rata-rata pasar tradisional), bukan harga Bengkulu Tengah"
2025-12-08,PHP17,BWM01,50500,kg,BD-PIHPS,,,,,"PIHPS Provinsi Bengkulu (rata-rata pasar tradisional), bukan harga Bengkulu Tengah"
2025-12-08,PHP17,BWP01,41650,kg,BD-PIHPS,,,,,"PIHPS Provinsi Bengkulu (rata-rata pasar tradisional), bukan harga Bengkulu Tengah"
2025-12-08,PHP17,CMR01,64500,kg,BD-PIHPS,,,,,"PIHPS Provinsi Bengkulu (rata-rata pasar tradisional), bukan harga Bengkulu Tengah"
2025-12-08,PHP17,CMR02,71400,kg,BD-PIHPS,,,,,"PIHPS Provinsi Bengkulu (rata-rata pasar tradisional), bukan harga Bengkulu Tengah"
2025-12-08,PHP17,CRW01,56900,kg,BD-PIHPS,,,,,"PIHPS Provinsi Bengkulu (rata-rata pasar tradisional), bukan harga Bengkulu Tengah"
2025-12-08,PHP17,CRW02,48800,kg,BD-PIHPS,,,,,"PIHPS Provinsi Bengkulu (rata-rata pasar tradisional), bukan harga Bengkulu Tengah"
2025-12-08,PHP17,DAY01,43150,kg,BD-PIHPS,,,,,"PIHPS Provinsi Bengkulu (rata-rata pasar tradisional), bukan harga Bengkulu Tengah"
2025-12-08,PHP17,DSP01,136250,kg,BD-PIHPS,,,,,"PIHPS Provinsi Bengkulu (rata-rata pasar tradisional), bukan harga Bengkulu Tengah"
2025-12-08,PHP17,DSP02,135650,kg,BD-PIHPS,,,,,"PIHPS Provinsi Bengkulu (rata-rata pasar tradisional), bukan harga Bengkulu Tengah"
2025-12-08,PHP17,GLP01,17400,kg,BD-PIHPS,,,,,"PIHPS Provinsi Bengkulu (rata-rata pasar tradisional), bukan harga Bengkulu Tengah"
2025-12-08,PHP17,GLP02,18900,kg,BD-PIHPS,,,,,"PIHPS Provinsi Bengkulu (rata-rata pasar tradisional), bukan harga Bengkulu Tengah"
2025-12-08,PHP17,MGR01,18000,liter,BD-PIHPS,,,,,"PIHPS Provinsi Bengkulu (rata-rata pasar tradisional), bukan harga Bengkulu Tengah"
2025-12-08,PHP17,MGR02,20950,liter,BD-PIHPS,,,,,"PIHPS Provinsi Bengkulu (rata-rata pasar tradisional), bukan harga Bengkulu Tengah"
2025-12-08,PHP17,MGR03,20300,liter,BD-PIHPS,,,,,"PIHPS Provinsi Bengkulu (rata-rata pasar tradisional), bukan harga Bengkulu Tengah"
2025-12-08,PHP17,TLR01,29900,kg,BD-PIHPS,,,,,"PIHPS Provinsi Bengkulu (rata-rata pasar tradisional), bukan harga Bengkulu Tengah"
2025-12-09,PHP17,BRS01,14350,kg,BD-PIHPS,,,,,"PIHPS Provinsi Bengkulu (rata-rata pasar tradisional), bukan harga Bengkulu Tengah"
2025-12-09,PHP17,BRS02,15300,kg,BD-PIHPS,,,,,"PIHPS Provinsi Bengkulu (rata-rata pasar tradisional), bukan harga Bengkulu Tengah"
2025-12-09,PHP17,BRS03,15350,kg,BD-PIHPS,,,,,"PIHPS Provinsi Bengkulu (rata-rata pasar tradisional), bukan harga Bengkulu Tengah"
2025-12-09,PHP17,BRS04,15850,kg,BD-PIHPS,,,,,"PIHPS Provinsi Bengkulu (rata-rata pasar tradisional), bukan harga Bengkulu Tengah"
2025-12-09,PHP17,BRS05,15950,kg,BD-PIHPS,,,,,"PIHPS Provinsi Bengkulu (rata-rata pasar tradisional), bukan harga Bengkulu Tengah"
2025-12-09,PHP17,BRS06,16150,kg,BD-PIHPS,,,,,"PIHPS Provinsi Bengkulu (rata-rata pasar tradisional), bukan harga Bengkulu Tengah"
2025-12-09,PHP17,BWM01,51750,kg,BD-PIHPS,,,,,"PIHPS Provinsi Bengkulu (rata-rata pasar tradisional), bukan harga Bengkulu Tengah"
2025-12-09,PHP17,BWP01,41400,kg,BD-PIHPS,,,,,"PIHPS Provinsi Bengkulu (rata-rata pasar tradisional), bukan harga Bengkulu Tengah"
2025-12-09,PHP17,CMR01,61250,kg,BD-PIHPS,,,,,"PIHPS Provinsi Bengkulu (rata-rata pasar tradisional), bukan harga Bengkulu Tengah"
2025-12-09,PHP17,CMR02,67650,kg,BD-PIHPS,,,,,"PIHPS Provinsi Bengkulu (rata-rata pasar tradisional), bukan harga Bengkulu Tengah"
2025-12-09,PHP17,CRW01,55400,kg,BD-PIHPS,,,,,"PIHPS Provinsi Bengkulu (rata-rata pasar tradisional), bukan harga Bengkulu Tengah"
2025-12-09,PHP17,CRW02,49150,kg,BD-PIHPS,,,,,"PIHPS Provinsi Bengkulu (rata-rata pasar tradisional), bukan harga Bengkulu Tengah"
2025-12-09,PHP17,DAY01,43150,kg,BD-PIHPS,,,,,"PIHPS Provinsi Bengkulu (rata-rata pasar tradisional), bukan harga Bengkulu Tengah"
2025-12-09,PHP17,DSP01,136250,kg,BD-PIHPS,,,,,"PIHPS Provinsi Bengkulu (rata-rata pasar tradisional), bukan harga Bengkulu Tengah"
2025-12-09,PHP17,DSP02,135650,kg,BD-PIHPS,,,,,"PIHPS Provinsi Bengkulu (rata-rata pasar tradisional), bukan harga Bengkulu Tengah"
2025-12-09,PHP17,GLP01,17400,kg,BD-PIHPS,,,,,"PIHPS Provinsi Bengkulu (rata-rata pasar tradisional), bukan harga Bengkulu Tengah"
2025-12-09,PHP17,GLP02,18900,kg,BD-PIHPS,,,,,"PIHPS Provinsi Bengkulu (rata-rata pasar tradisional), bukan harga Bengkulu Tengah"
2025-12-09,PHP17,MGR01,18000,liter,BD-PIHPS,,,,,"PIHPS Provinsi Bengkulu (rata-rata pasar tradisional), bukan harga Bengkulu Tengah"
2025-12-09,PHP17,MGR02,20950,liter,BD-PIHPS,,,,,"PIHPS Provinsi Bengkulu (rata-rata pasar tradisional), bukan harga Bengkulu Tengah"
2025-12-09,PHP17,MGR03,20300,liter,BD-PIHPS,,,,,"PIHPS Provinsi Bengkulu (rata-rata pasar tradisional), bukan harga Bengkulu Tengah"
2025-12-09,PHP17,TLR01,29900,kg,BD-PIHPS,,,,,"PIHPS Provinsi Bengkulu (rata-rata pasar tradisional), bukan harga Bengkulu Tengah"
2025-12-10,PHP17,BRS01,14350,kg,BD-PIHPS,,,,,"PIHPS Provinsi Bengkulu (rata-rata pasar tradisional), bukan harga Bengkulu Tengah"
2025-12-10,PHP17,BRS02,15300,kg,BD-PIHPS,,,,,"PIHPS Provinsi Bengkulu (rata-rata pasar tradisional), bukan harga Bengkulu Tengah"
2025-12-10,PHP17,BRS03,15350,kg,BD-PIHPS,,,,,"PIHPS Provinsi Bengkulu (rata-rata pasar tradisional), bukan harga Bengkulu Tengah"
2025-12-10,PHP17,BRS04,15850,kg,BD-PIHPS,,,,,"PIHPS Provinsi Bengkulu (rata-rata pasar tradisional), bukan harga Bengkulu Tengah"
2025-12-10,PHP17,BRS05,15950,kg,BD-PIHPS,,,,,"PIHPS Provinsi Bengkulu (rata-rata pasar tradisional), bukan harga Bengkulu Tengah"
2025-12-10,PHP17,BRS06,16150,kg,BD-PIHPS,,,,,"PIHPS Provinsi Bengkulu (rata-rata pasar tradisional), bukan harga Bengkulu Tengah"
2025-12-10,PHP17,BWM01,50250,kg,BD-PIHPS,,,,,"PIHPS Provinsi Bengkulu (rata-rata pasar tradisional), bukan harga Bengkulu Tengah"
2025-12-10,PHP17,BWP01,41150,kg,BD-PIHPS,,,,,"PIHPS Provinsi Bengkulu (rata-rata pasar tradisional), bukan harga Bengkulu Tengah"
2025-12-10,PHP17,CMR01,62650,kg,BD-PIHPS,,,,,"PIHPS Provinsi Bengkulu (rata-rata pasar tradisional), bukan harga Bengkulu Tengah"
2025-12-10,PHP17,CMR02,69150,kg,BD-PIHPS,,,,,"PIHPS Provinsi Bengkulu (rata-rata pasar tradisional), bukan harga Bengkulu Tengah"
2025-12-10,PHP17,CRW01,54750,kg,BD-PIHPS,,,,,"PIHPS Provinsi Bengkulu (rata-rata pasar tradisional), bukan harga Bengkulu Tengah"
2025-12-10,PHP17,CRW02,49050,kg,BD-PIHPS,,,,,"PIHPS Provinsi Bengkulu (rata-rata pasar tradisional), bukan harga Bengkulu Tengah"
2025-12-10,PHP17,DAY01,43000,kg,BD-PIHPS,,,,,"PIHPS Provinsi Bengkulu (rata-rata pasar tradisional), bukan harga Bengkulu Tengah"
2025-12-10,PHP17,DSP01,136250,kg,BD-PIHPS,,,,,"PIHPS Provinsi Bengkulu (rata-rata pasar tradisional), bukan harga Bengkulu Tengah"
2025-12-10,PHP17,DSP02,135650,kg,BD-PIHPS,,,,,"PIHPS Provinsi Bengkulu (rata-rata pasar tradisional), bukan harga Bengkulu Tengah"
2025-12-10,PHP17,GLP01,17400,kg,BD-PIHPS,,,,,"PIHPS Provinsi Bengkulu (rata-rata pasar tradisional), bukan harga Bengkulu Tengah"
2025-12-10,PHP17,GLP02,18900,kg,BD-PIHPS,,,,,"PIHPS Provinsi Bengkulu (rata-rata pasar tradisional), bukan harga Bengkulu Tengah"
2025-12-10,PHP17,MGR01,18000,liter,BD-PIHPS,,,,,"PIHPS Provinsi Bengkulu (rata-rata pasar tradisional), bukan harga Bengkulu Tengah"
2025-12-10,PHP17,MGR02,20950,liter,BD-PIHPS,,,,,"PIHPS Provinsi Bengkulu (rata-rata pasar tradisional), bukan harga Bengkulu Tengah"
2025-12-10,PHP17,MGR03,20300,liter,BD-PIHPS,,,,,"PIHPS Provinsi Bengkulu (rata-rata pasar tradisional), bukan harga Bengkulu Tengah"
2025-12-10,PHP17,TLR01,29900,kg,BD-PIHPS,,,,,"PIHPS Provinsi Bengkulu (rata-rata pasar tradisional), bukan harga Bengkulu Tengah"
2025-12-11,PHP17,BRS01,14350,kg,BD-PIHPS,,,,,"PIHPS Provinsi Bengkulu (rata-rata pasar tradisional), bukan harga Bengkulu Tengah"
2025-12-11,PHP17,BRS02,15300,kg,BD-PIHPS,,,,,"PIHPS Provinsi Bengkulu (rata-rata pasar tradisional), bukan harga Bengkulu Tengah"
2025-12-11,PHP17,BRS03,15350,kg,BD-PIHPS,,,,,"PIHPS Provinsi Bengkulu (rata-rata pasar tradisional), bukan harga Bengkulu Tengah"
2025-12-11,PHP17,BRS04,15850,kg,BD-PIHPS,,,,,"PIHPS Provinsi Bengkulu (rata-rata pasar tradisional), bukan harga Bengkulu Tengah"
2025-12-11,PHP17,BRS05,15950,kg,BD-PIHPS,,,,,"PIHPS Provinsi Bengkulu (rata-rata pasar tradisional), bukan harga Bengkulu Tengah"
2025-12-11,PHP17,BRS06,16150,kg,BD-PIHPS,,,,,"PIHPS Provinsi Bengkulu (rata-rata pasar tradisional), bukan harga Bengkulu Tengah"
2025-12-11,PHP17,BWM01,50500,kg,BD-PIHPS,,,,,"PIHPS Provinsi Bengkulu (rata-rata pasar tradisional), bukan harga Bengkulu Tengah"
2025-12-11,PHP17,BWP01,41400,kg,BD-PIHPS,,,,,"PIHPS Provinsi Bengkulu (rata-rata pasar tradisional), bukan harga Bengkulu Tengah"
2025-12-11,PHP17,CMR01,64250,kg,BD-PIHPS,,,,,"PIHPS Provinsi Bengkulu (rata-rata pasar tradisional), bukan harga Bengkulu Tengah"
2025-12-11,PHP17,CMR02,71500,kg,BD-PIHPS,,,,,"PIHPS Provinsi Bengkulu (rata-rata pasar tradisional), bukan harga Bengkulu Tengah"
2025-12-11,PHP17,CRW01,55150,kg,BD-PIHPS,,,,,"PIHPS Provinsi Bengkulu (rata-rata pasar tradisional), bukan harga Bengkulu Tengah"
2025-12-11,PHP17,CRW02,49300,kg,BD-PIHPS,,,,,"PIHPS Provinsi Bengkulu (rata-rata pasar tradisional), bukan harga Bengkulu Tengah"
2025-12-11,PHP17,DAY01,43000,kg,BD-PIHPS,,,,,"PIHPS Provinsi Bengkulu (rata-rata pasar tradisional), bukan harga Bengkulu Tengah"
2025-12-11,PHP17,DSP01,136250,kg,BD-PIHPS,,,,,"PIHPS Provinsi Bengkulu (rata-rata pasar tradisional), bukan harga Bengkulu Tengah"
2025-12-11,PHP17,DSP02,135650,kg,BD-PIHPS,,,,,"PIHPS Provinsi Bengkulu (rata-rata pasar tradisional), bukan harga Bengkulu Tengah"
2025-12-11,PHP17,GLP01,17400,kg,BD-PIHPS,,,,,"PIHPS Provinsi Bengkulu (rata-rata pasar tradisional), bukan harga Bengkulu Tengah"
2025-12-11,PHP17,GLP02,18900,kg,BD-PIHPS,,,,,"PIHPS Provinsi Bengkulu (rata-rata pasar tradisional), bukan harga Bengkulu Tengah"
2025-12-11,PHP17,MGR01,18000,liter,BD-PIHPS,,,,,"PIHPS Provinsi Bengkulu (rata-rata pasar tradisional), bukan harga Bengkulu Tengah"
2025-12-11,PHP17,MGR02,20950,liter,BD-PIHPS,,,,,"PIHPS Provinsi Bengkulu (rata-rata pasar tradisional), bukan harga Bengkulu Tengah"
2025-12-11,PHP17,MGR03,20300,liter,BD-PIHPS,,,,,"PIHPS Provinsi Bengkulu (rata-rata pasar tradisional), bukan harga Bengkulu Tengah"
2025-12-11,PHP17,TLR01,29900,kg,BD-PIHPS,,,,,"PIHPS Provinsi Bengkulu (rata-rata pasar tradisional), bukan harga Bengkulu Tengah"
2025-12-12,PHP17,BRS01,14350,kg,BD-PIHPS,,,,,"PIHPS Provinsi Bengkulu (rata-rata pasar tradisional), bukan harga Bengkulu Tengah"
2025-12-12,PHP17,BRS02,15300,kg,BD-PIHPS,,,,,"PIHPS Provinsi Bengkulu (rata-rata pasar tradisional), bukan harga Bengkulu Tengah"
2025-12-12,PHP17,BRS03,15350,kg,BD-PIHPS,,,,,"PIHPS Provinsi Bengkulu (rata-rata pasar tradisional), bukan harga Bengkulu Tengah"
2025-12-12,PHP17,BRS04,15850,kg,BD-PIHPS,,,,,"PIHPS Provinsi Bengkulu (rata-rata pasar tradisional), bukan harga Bengkulu Tengah"
2025-12-12,PHP17,BRS05,15950,kg,BD-PIHPS,,,,,"PIHPS Provinsi Bengkulu (rata-rata pasar tradisional), bukan harga Bengkulu Tengah"
2025-12-12,PHP17,BRS06,16150,kg,BD-PIHPS,,,,,"PIHPS Provinsi Bengkulu (rata-rata pasar tradisional), bukan harga Bengkulu Tengah"
2025-12-12,PHP17,BWM01,50500,kg,BD-PIHPS,,,,,"PIHPS Provinsi Bengkulu (rata-rata pasar tradisional), bukan harga Bengkulu Tengah"
2025-12-12,PHP17,BWP01,41400,kg,BD-PIHPS,,,,,"PIHPS Provinsi Bengkulu (rata-rata pasar tradisional), bukan harga Bengkulu Tengah"
2025-12-12,PHP17,CMR01,68500,kg,BD-PIHPS,,,,,"PIHPS Provinsi Bengkulu (rata-rata pasar tradisional), bukan harga Bengkulu Tengah"
2025-12-12,PHP17,CMR02,74750,kg,BD-PIHPS,,,,,"PIHPS Provinsi Bengkulu (rata-rata pasar tradisional), bukan harga Bengkulu Tengah"
2025-12-12,PHP17,CRW01,51000,kg,BD-PIHPS,,,,,"PIHPS Provinsi Bengkulu (rata-rata pasar tradisional), bukan harga Bengkulu Tengah"
2025-12-12,PHP17,CRW02,48600,kg,BD-PIHPS,,,,,"PIHPS Provinsi Bengkulu (rata-rata pasar tradisional), bukan harga Bengkulu Tengah"
2025-12-12,PHP17,DAY01,41000,kg,BD-PIHPS,,,,,"PIHPS Provinsi Bengkulu (rata-rata pasar tradisional), bukan harga Bengkulu Tengah"
2025-12-12,PHP17,DSP01,136250,kg,BD-PIHPS,,,,,"PIHPS Provinsi Bengkulu (rata-rata pasar tradisional), bukan harga Bengkulu Tengah"
2025-12-12,PHP17,DSP02,135650,kg,BD-PIHPS,,,,,"PIHPS Provinsi Bengkulu (rata-rata pasar tradisional), bukan harga Bengkulu Tengah"
2025-12-12,PHP17,GLP01,17400,kg,BD-PIHPS,,,,,"PIHPS Provinsi Bengkulu (rata-rata pasar tradisional), bukan harga Bengkulu Tengah"
2025-12-12,PHP17,GLP02,18900,kg,BD-PIHPS,,,,,"PIHPS Provinsi Bengkulu (rata-rata pasar tradisional), bukan harga Bengkulu Tengah"
2025-12-12,PHP17,MGR01,18000,liter,BD-PIHPS,,,,,"PIHPS Provinsi Bengkulu (rata-rata pasar tradisional), bukan harga Bengkulu Tengah"
2025-12-12,PHP17,MGR02,21050,liter,BD-PIHPS,,,,,"PIHPS Provinsi Bengkulu (rata-rata pasar tradisional), bukan harga Bengkulu Tengah"
2025-12-12,PHP17,MGR03,20500,liter,BD-PIHPS,,,,,"PIHPS Provinsi Bengkulu (rata-rata pasar tradisional), bukan harga Bengkulu Tengah"
2025-12-12,PHP17,TLR01,29900,kg,BD-PIHPS,,,,,"PIHPS Provinsi Bengkulu (rata-rata pasar tradisional), bukan harga Bengkulu Tengah"
2025-12-15,PHP17,BRS01,14350,kg,BD-PIHPS,,,,,"PIHPS Provinsi Bengkulu (rata-rata pasar tradisional), bukan harga Bengkulu Tengah"
2025-12-15,PHP17,BRS02,15300,kg,BD-PIHPS,,,,,"PIHPS Provinsi Bengkulu (rata-rata pasar tradisional), bukan harga Bengkulu Tengah"
2025-12-15,PHP17,BRS03,15350,kg,BD-PIHPS,,,,,"PIHPS Provinsi Bengkulu (rata-rata pasar tradisional), bukan harga Bengkulu Tengah"
2025-12-15,PHP17,BRS04,15850,kg,BD-PIHPS,,,,,"PIHPS Provinsi Bengkulu (rata-rata pasar tradisional), bukan harga Bengkulu Tengah"
2025-12-15,PHP17,BRS05,15950,kg,BD-PIHPS,,,,,"PIHPS Provinsi Bengkulu (rata-rata pasar tradisional), bukan harga Bengkulu Tengah"
2025-12-15,PHP17,BRS06,16150,kg,BD-PIHPS,,,,,"PIHPS Provinsi Bengkulu (rata-rata pasar tradisional), bukan harga Bengkulu Tengah"
2025-12-15,PHP17,BWM01,49900,kg,BD-PIHPS,,,,,"PIHPS Provinsi Bengkulu (rata-rata pasar tradisional), bukan harga Bengkulu Tengah"
2025-12-15,PHP17,BWP01,41650,kg,BD-PIHPS,,,,,"PIHPS Provinsi Bengkulu (rata-rata pasar tradisional), bukan harga Bengkulu Tengah"
2025-12-15,PHP17,CMR01,69500,kg,BD-PIHPS,,,,,"PIHPS Provinsi Bengkulu (rata-rata pasar tradisional), bukan harga Bengkulu Tengah"
2025-12-15,PHP17,CMR02,75400,kg,BD-PIHPS,,,,,"PIHPS Provinsi Bengkulu (rata-rata pasar tradisional), bukan harga Bengkulu Tengah"
2025-12-15,PHP17,CRW01,52750,kg,BD-PIHPS,,,,,"PIHPS Provinsi Bengkulu (rata-rata pasar tradisional), bukan harga Bengkulu Tengah"
2025-12-15,PHP17,CRW02,50250,kg,BD-PIHPS,,,,,"PIHPS Provinsi Bengkulu (rata-rata pasar tradisional), bukan harga Bengkulu Tengah"
2025-12-15,PHP17,DAY01,41000,kg,BD-PIHPS,,,,,"PIHPS Provinsi Bengkulu (rata-rata pasar tradisional), bukan harga Bengkulu Tengah"
2025-12-15,PHP17,DSP01,136250,kg,BD-PIHPS,,,,,"PIHPS Provinsi Bengkulu (rata-rata pasar tradisional), bukan harga Bengkulu Tengah"
2025-12-15,PHP17,DSP02,135650,kg,BD-PIHPS,,,,,"PIHPS Provinsi Bengkulu (rata-rata pasar tradisional), bukan harga Bengkulu Tengah"
2025-12-15,PHP17,GLP01,17400,kg,BD-PIHPS,,,,,"PIHPS Provinsi Bengkulu (rata-rata pasar tradisional), bukan harga Bengkulu Tengah"
2025-12-15,PHP17,GLP02,18900,kg,BD-PIHPS,,,,,"PIHPS Provinsi Bengkulu (rata-rata pasar tradisional), bukan harga Bengkulu Tengah"
2025-12-15,PHP17,MGR01,18000,liter,BD-PIHPS,,,,,"PIHPS Provinsi Bengkulu (rata-rata pasar tradisional), bukan harga Bengkulu Tengah"
2025-12-15,PHP17,MGR02,21050,liter,BD-PIHPS,,,,,"PIHPS Provinsi Bengkulu (rata-rata pasar tradisional), bukan harga Bengkulu Tengah"
2025-12-15,PHP17,MGR03,20500,liter,BD-PIHPS,,,,,"PIHPS Provinsi Bengkulu (rata-rata pasar tradisional), bukan harga Bengkulu Tengah"
2025-12-15,PHP17,TLR01,29900,kg,BD-PIHPS,,,,,"PIHPS Provinsi Bengkulu (rata-rata pasar tradisional), bukan harga Bengkulu Tengah"
2025-12-16,PHP17,BRS01,14350,kg,BD-PIHPS,,,,,"PIHPS Provinsi Bengkulu (rata-rata pasar tradisional), bukan harga Bengkulu Tengah"
2025-12-16,PHP17,BRS02,15300,kg,BD-PIHPS,,,,,"PIHPS Provinsi Bengkulu (rata-rata pasar tradisional), bukan harga Bengkulu Tengah"
2025-12-16,PHP17,BRS03,15350,kg,BD-PIHPS,,,,,"PIHPS Provinsi Bengkulu (rata-rata pasar tradisional), bukan harga Bengkulu Tengah"
2025-12-16,PHP17,BRS04,15850,kg,BD-PIHPS,,,,,"PIHPS Provinsi Bengkulu (rata-rata pasar tradisional), bukan harga Bengkulu Tengah"
2025-12-16,PHP17,BRS05,15950,kg,BD-PIHPS,,,,,"PIHPS Provinsi Bengkulu (rata-rata pasar tradisional), bukan harga Bengkulu Tengah"
2025-12-16,PHP17,BRS06,16150,kg,BD-PIHPS,,,,,"PIHPS Provinsi Bengkulu (rata-rata pasar tradisional), bukan harga Bengkulu Tengah"
2025-12-16,PHP17,BWM01,48900,kg,BD-PIHPS,,,,,"PIHPS Provinsi Bengkulu (rata-rata pasar tradisional), bukan harga Bengkulu Tengah"
2025-12-16,PHP17,BWP01,42000,kg,BD-PIHPS,,,,,"PIHPS Provinsi Bengkulu (rata-rata pasar tradisional), bukan harga Bengkulu Tengah"
2025-12-16,PHP17,CMR01,70750,kg,BD-PIHPS,,,,,"PIHPS Provinsi Bengkulu (rata-rata pasar tradisional), bukan harga Bengkulu Tengah"
2025-12-16,PHP17,CMR02,76400,kg,BD-PIHPS,,,,,"PIHPS Provinsi Bengkulu (rata-rata pasar tradisional), bukan harga Bengkulu Tengah"
2025-12-16,PHP17,CRW01,58150,kg,BD-PIHPS,,,,,"PIHPS Provinsi Bengkulu (rata-rata pasar tradisional), bukan harga Bengkulu Tengah"
2025-12-16,PHP17,CRW02,51350,kg,BD-PIHPS,,,,,"PIHPS Provinsi Bengkulu (rata-rata pasar tradisional), bukan harga Bengkulu Tengah"
2025-12-16,PHP17,DAY01,41500,kg,BD-PIHPS,,,,,"PIHPS Provinsi Bengkulu (rata-rata pasar tradisional), bukan harga Bengkulu Tengah"
2025-12-16,PHP17,DSP01,136250,kg,BD-PIHPS,,,,,"PIHPS Provinsi Bengkulu (rata-rata pasar tradisional), bukan harga Bengkulu Tengah"
2025-12-16,PHP17,DSP02,135650,kg,BD-PIHPS,,,,,"PIHPS Provinsi Bengkulu (rata-rata pasar tradisional), bukan harga Bengkulu Tengah"
2025-12-16,PHP17,GLP01,17400,kg,BD-PIHPS,,,,,"PIHPS Provinsi Bengkulu (rata-rata pasar tradisional), bukan harga Bengkulu Tengah"
2025-12-16,PHP17,GLP02,18900,kg,BD-PIHPS,,,,,"PIHPS Provinsi Bengkulu (rata-rata pasar tradisional), bukan harga Bengkulu Tengah"
2025-12-16,PHP17,MGR01,18000,liter,BD-PIHPS,,,,,"PIHPS Provinsi Bengkulu (rata-rata pasar tradisional), bukan harga Bengkulu Tengah"
2025-12-16,PHP17,MGR02,21050,liter,BD-PIHPS,,,,,"PIHPS Provinsi Bengkulu (rata-rata pasar tradisional), bukan harga Bengkulu Tengah"
2025-12-16,PHP17,MGR03,20500,liter,BD-PIHPS,,,,,"PIHPS Provinsi Bengkulu (rata-rata pasar tradisional), bukan harga Bengkulu Tengah"
2025-12-16,PHP17,TLR01,30300,kg,BD-PIHPS,,,,,"PIHPS Provinsi Bengkulu (rata-rata pasar tradisional), bukan harga Bengkulu Tengah"
2025-12-17,PHP17,BRS01,14350,kg,BD-PIHPS,,,,,"PIHPS Provinsi Bengkulu (rata-rata pasar tradisional), bukan harga Bengkulu Tengah"
2025-12-17,PHP17,BRS02,15300,kg,BD-PIHPS,,,,,"PIHPS Provinsi Bengkulu (rata-rata pasar tradisional), bukan harga Bengkulu Tengah"
2025-12-17,PHP17,BRS03,15350,kg,BD-PIHPS,,,,,"PIHPS Provinsi Bengkulu (rata-rata pasar tradisional), bukan harga Bengkulu Tengah"
2025-12-17,PHP17,BRS04,15850,kg,BD-PIHPS,,,,,"PIHPS Provinsi Bengkulu (rata-rata pasar tradisional), bukan harga Bengkulu Tengah"
2025-12-17,PHP17,BRS05,15950,kg,BD-PIHPS,,,,,"PIHPS Provinsi Bengkulu (rata-rata pasar tradisional), bukan harga Bengkulu Tengah"
2025-12-17,PHP17,BRS06,16150,kg,BD-PIHPS,,,,,"PIHPS Provinsi Bengkulu (rata-rata pasar tradisional), bukan harga Bengkulu Tengah"
2025-12-17,PHP17,BWM01,48650,kg,BD-PIHPS,,,,,"PIHPS Provinsi Bengkulu (rata-rata pasar tradisional), bukan harga Bengkulu Tengah"
2025-12-17,PHP17,BWP01,42000,kg,BD-PIHPS,,,,,"PIHPS Provinsi Bengkulu (rata-rata pasar tradisional), bukan harga Bengkulu Tengah"
2025-12-17,PHP17,CMR01,68150,kg,BD-PIHPS,,,,,"PIHPS Provinsi Bengkulu (rata-rata pasar tradisional), bukan harga Bengkulu Tengah"
2025-12-17,PHP17,CMR02,72900,kg,BD-PIHPS,,,,,"PIHPS Provinsi Bengkulu (rata-rata pasar tradisional), bukan harga Bengkulu Tengah"
2025-12-17,PHP17,CRW01,57900,kg,BD-PIHPS,,,,,"PIHPS Provinsi Bengkulu (rata-rata pasar tradisional), bukan harga Bengkulu Tengah"
2025-12-17,PHP17,CRW02,49800,kg,BD-PIHPS,,,,,"PIHPS Provinsi Bengkulu (rata-rata pasar tradisional), bukan harga Bengkulu Tengah"
2025-12-17,PHP17,DAY01,41500,kg,BD-PIHPS,,,,,"PIHPS Provinsi Bengkulu (rata-rata pasar tradisional), bukan harga Bengkulu Tengah"
2025-12-17,PHP17,DSP01,136250,kg,BD-PIHPS,,,,,"PIHPS Provinsi Bengkulu (rata-rata pasar tradisional), bukan harga Bengkulu Tengah"
2025-12-17,PHP17,DSP02,135650,kg,BD-PIHPS,,,,,"PIHPS Provinsi Bengkulu (rata-rata pasar tradisional), bukan harga Bengkulu Tengah"
2025-12-17,PHP17,GLP01,17400,kg,BD-PIHPS,,,,,"PIHPS Provinsi Bengkulu (rata-rata pasar tradisional), bukan harga Bengkulu Tengah"
2025-12-17,PHP17,GLP02,18900,kg,BD-PIHPS,,,,,"PIHPS Provinsi Bengkulu (rata-rata pasar tradisional), bukan harga Bengkulu Tengah"
2025-12-17,PHP17,MGR01,18000,liter,BD-PIHPS,,,,,"PIHPS Provinsi Bengkulu (rata-rata pasar tradisional), bukan harga Bengkulu Tengah"
2025-12-17,PHP17,MGR02,21050,liter,BD-PIHPS,,,,,"PIHPS Provinsi Bengkulu (rata-rata pasar tradisional), bukan harga Bengkulu Tengah"
2025-12-17,PHP17,MGR03,20500,liter,BD-PIHPS,,,,,"PIHPS Provinsi Bengkulu (rata-rata pasar tradisional), bukan harga Bengkulu Tengah"
2025-12-17,PHP17,TLR01,30300,kg,BD-PIHPS,,,,,"PIHPS Provinsi Bengkulu (rata-rata pasar tradisional), bukan harga Bengkulu Tengah"
2025-12-18,PHP17,BRS01,14350,kg,BD-PIHPS,,,,,"PIHPS Provinsi Bengkulu (rata-rata pasar tradisional), bukan harga Bengkulu Tengah"
2025-12-18,PHP17,BRS02,15300,kg,BD-PIHPS,,,,,"PIHPS Provinsi Bengkulu (rata-rata pasar tradisional), bukan harga Bengkulu Tengah"
2025-12-18,PHP17,BRS03,15350,kg,BD-PIHPS,,,,,"PIHPS Provinsi Bengkulu (rata-rata pasar tradisional), bukan harga Bengkulu Tengah"
2025-12-18,PHP17,BRS04,15850,kg,BD-PIHPS,,,,,"PIHPS Provinsi Bengkulu (rata-rata pasar tradisional), bukan harga Bengkulu Tengah"
2025-12-18,PHP17,BRS05,15950,kg,BD-PIHPS,,,,,"PIHPS Provinsi Bengkulu (rata-rata pasar tradisional), bukan harga Bengkulu Tengah"
2025-12-18,PHP17,BRS06,16150,kg,BD-PIHPS,,,,,"PIHPS Provinsi Bengkulu (rata-rata pasar tradisional), bukan harga Bengkulu Tengah"
2025-12-18,PHP17,BWM01,47400,kg,BD-PIHPS,,,,,"PIHPS Provinsi Bengkulu (rata-rata pasar tradisional), bukan harga Bengkulu Tengah"
2025-12-18,PHP17,BWP01,42250,kg,BD-PIHPS,,,,,"PIHPS Provinsi Bengkulu (rata-rata pasar tradisional), bukan harga Bengkulu Tengah"
2025-12-18,PHP17,CMR01,66250,kg,BD-PIHPS,,,,,"PIHPS Provinsi Bengkulu (rata-rata pasar tradisional), bukan harga Bengkulu Tengah"
2025-12-18,PHP17,CMR02,71000,kg,BD-PIHPS,,,,,"PIHPS Provinsi Bengkulu (rata-rata pasar tradisional), bukan harga Bengkulu Tengah"
2025-12-18,PHP17,CRW01,58150,kg,BD-PIHPS,,,,,"PIHPS Provinsi Bengkulu (rata-rata pasar tradisional), bukan harga Bengkulu Tengah"
2025-12-18,PHP17,CRW02,50600,kg,BD-PIHPS,,,,,"PIHPS Provinsi Bengkulu (rata-rata pasar tradisional), bukan harga Bengkulu Tengah"
2025-12-18,PHP17,DAY01,41650,kg,BD-PIHPS,,,,,"PIHPS Provinsi Bengkulu (rata-rata pasar tradisional), bukan harga Bengkulu Tengah"
2025-12-18,PHP17,DSP01,136250,kg,BD-PIHPS,,,,,"PIHPS Provinsi Bengkulu (rata-rata pasar tradisional), bukan harga Bengkulu Tengah"
2025-12-18,PHP17,DSP02,135650,kg,BD-PIHPS,,,,,"PIHPS Provinsi Bengkulu (rata-rata pasar tradisional), bukan harga Bengkulu Tengah"
2025-12-18,PHP17,GLP01,17450,kg,BD-PIHPS,,,,,"PIHPS Provinsi Bengkulu (rata-rata pasar tradisional), bukan harga Bengkulu Tengah"
2025-12-18,PHP17,GLP02,18900,kg,BD-PIHPS,,,,,"PIHPS Provinsi Bengkulu (rata-rata pasar tradisional), bukan harga Bengkulu Tengah"
2025-12-18,PHP17,MGR01,18150,liter,BD-PIHPS,,,,,"PIHPS Provinsi Bengkulu (rata-rata pasar tradisional), bukan harga Bengkulu Tengah"
2025-12-18,PHP17,MGR02,21200,liter,BD-PIHPS,,,,,"PIHPS Provinsi Bengkulu (rata-rata pasar tradisional), bukan harga Bengkulu Tengah"
2025-12-18,PHP17,MGR03,20650,liter,BD-PIHPS,,,,,"PIHPS Provinsi Bengkulu (rata-rata pasar tradisional), bukan harga Bengkulu Tengah"
2025-12-18,PHP17,TLR01,31500,kg,BD-PIHPS,,,,,"PIHPS Provinsi Bengkulu (rata-rata pasar tradisional), bukan harga Bengkulu Tengah"
2025-12-19,PHP17,BRS01,14350,kg,BD-PIHPS,,,,,"PIHPS Provinsi Bengkulu (rata-rata pasar tradisional), bukan harga Bengkulu Tengah"
2025-12-19,PHP17,BRS02,15300,kg,BD-PIHPS,,,,,"PIHPS Provinsi Bengkulu (rata-rata pasar tradisional), bukan harga Bengkulu Tengah"
2025-12-19,PHP17,BRS03,15350,kg,BD-PIHPS,,,,,"PIHPS Provinsi Bengkulu (rata-rata pasar tradisional), bukan harga Bengkulu Tengah"
2025-12-19,PHP17,BRS04,15850,kg,BD-PIHPS,,,,,"PIHPS Provinsi Bengkulu (rata-rata pasar tradisional), bukan harga Bengkulu Tengah"
2025-12-19,PHP17,BRS05,15950,kg,BD-PIHPS,,,,,"PIHPS Provinsi Bengkulu (rata-rata pasar tradisional), bukan harga Bengkulu Tengah"
2025-12-19,PHP17,BRS06,16150,kg,BD-PIHPS,,,,,"PIHPS Provinsi Bengkulu (rata-rata pasar tradisional), bukan harga Bengkulu Tengah"
2025-12-19,PHP17,BWM01,46400,kg,BD-PIHPS,,,,,"PIHPS Provinsi Bengkulu (rata-rata pasar tradisional), bukan harga Bengkulu Tengah"
2025-12-19,PHP17,BWP01,41750,kg,BD-PIHPS,,,,,"PIHPS Provinsi Bengkulu (rata-rata pasar tradisional), bukan harga Bengkulu Tengah"
2025-12-19,PHP17,CMR01,63250,kg,BD-PIHPS,,,,,"PIHPS Provinsi Bengkulu (rata-rata pasar tradisional), bukan harga Bengkulu Tengah"
2025-12-19,PHP17,CMR02,68000,kg,BD-PIHPS,,,,,"PIHPS Provinsi Bengkulu (rata-rata pasar tradisional), bukan harga Bengkulu Tengah"
2025-12-19,PHP17,CRW01,57150,kg,BD-PIHPS,,,,,"PIHPS Provinsi Bengkulu (rata-rata pasar tradisional), bukan harga Bengkulu Tengah"
2025-12-19,PHP17,CRW02,51600,kg,BD-PIHPS,,,,,"PIHPS Provinsi Bengkulu (rata-rata pasar tradisional), bukan harga Bengkulu Tengah"
2025-12-19,PHP17,DAY01,41400,kg,BD-PIHPS,,,,,"PIHPS Provinsi Bengkulu (rata-rata pasar tradisional), bukan harga Bengkulu Tengah"
2025-12-19,PHP17,DSP01,136250,kg,BD-PIHPS,,,,,"PIHPS Provinsi Bengkulu (rata-rata pasar tradisional), bukan harga Bengkulu Tengah"
2025-12-19,PHP17,DSP02,135650,kg,BD-PIHPS,,,,,"PIHPS Provinsi Bengkulu (rata-rata pasar tradisional), bukan harga Bengkulu Tengah"
2025-12-19,PHP17,GLP01,17550,kg,BD-PIHPS,,,,,"PIHPS Provinsi Bengkulu (rata-rata pasar tradisional), bukan harga Bengkulu Tengah"
2025-12-19,PHP17,GLP02,18900,kg,BD-PIHPS,,,,,"PIHPS Provinsi Bengkulu (rata-rata pasar tradisional), bukan harga Bengkulu Tengah"
2025-12-19,PHP17,MGR01,18150,liter,BD-PIHPS,,,,,"PIHPS Provinsi Bengkulu (rata-rata pasar tradisional), bukan harga Bengkulu Tengah"
2025-12-19,PHP17,MGR02,21200,liter,BD-PIHPS,,,,,"PIHPS Provinsi Bengkulu (rata-rata pasar tradisional), bukan harga Bengkulu Tengah"
2025-12-19,PHP17,MGR03,20650,liter,BD-PIHPS,,,,,"PIHPS Provinsi Bengkulu (rata-rata pasar tradisional), bukan harga Bengkulu Tengah"
2025-12-19,PHP17,TLR01,31500,kg,BD-PIHPS,,,,,"PIHPS Provinsi Bengkulu (rata-rata pasar tradisional), bukan harga Bengkulu Tengah"
2025-12-22,PHP17,BRS01,14350,kg,BD-PIHPS,,,,,"PIHPS Provinsi Bengkulu (rata-rata pasar tradisional), bukan harga Bengkulu Tengah"
2025-12-22,PHP17,BRS02,15300,kg,BD-PIHPS,,,,,"PIHPS Provinsi Bengkulu (rata-rata pasar tradisional), bukan harga Bengkulu Tengah"
2025-12-22,PHP17,BRS03,15350,kg,BD-PIHPS,,,,,"PIHPS Provinsi Bengkulu (rata-rata pasar tradisional), bukan harga Bengkulu Tengah"
2025-12-22,PHP17,BRS04,15850,kg,BD-PIHPS,,,,,"PIHPS Provinsi Bengkulu (rata-rata pasar tradisional), bukan harga Bengkulu Tengah"
2025-12-22,PHP17,BRS05,15950,kg,BD-PIHPS,,,,,"PIHPS Provinsi Bengkulu (rata-rata pasar tradisional), bukan harga Bengkulu Tengah"
2025-12-22,PHP17,BRS06,16150,kg,BD-PIHPS,,,,,"PIHPS Provinsi Bengkulu (rata-rata pasar tradisional), bukan harga Bengkulu Tengah"
2025-12-22,PHP17,BWM01,46000,kg,BD-PIHPS,,,,,"PIHPS Provinsi Bengkulu (rata-rata pasar tradisional), bukan harga Bengkulu Tengah"
2025-12-22,PHP17,BWP01,41400,kg,BD-PIHPS,,,,,"PIHPS Provinsi Bengkulu (rata-rata pasar tradisional), bukan harga Bengkulu Tengah"
2025-12-22,PHP17,CMR01,56400,kg,BD-PIHPS,,,,,"PIHPS Provinsi Bengkulu (rata-rata pasar tradisional), bukan harga Bengkulu Tengah"
2025-12-22,PHP17,CMR02,61000,kg,BD-PIHPS,,,,,"PIHPS Provinsi Bengkulu (rata-rata pasar tradisional), bukan harga Bengkulu Tengah"
2025-12-22,PHP17,CRW01,58750,kg,BD-PIHPS,,,,,"PIHPS Provinsi Bengkulu (rata-rata pasar tradisional), bukan harga Bengkulu Tengah"
2025-12-22,PHP17,CRW02,51050,kg,BD-PIHPS,,,,,"PIHPS Provinsi Bengkulu (rata-rata pasar tradisional), bukan harga Bengkulu Tengah"
2025-12-22,PHP17,DAY01,40900,kg,BD-PIHPS,,,,,"PIHPS Provinsi Bengkulu (rata-rata pasar tradisional), bukan harga Bengkulu Tengah"
2025-12-22,PHP17,DSP01,136250,kg,BD-PIHPS,,,,,"PIHPS Provinsi Bengkulu (rata-rata pasar tradisional), bukan harga Bengkulu Tengah"
2025-12-22,PHP17,DSP02,135650,kg,BD-PIHPS,,,,,"PIHPS Provinsi Bengkulu (rata-rata pasar tradisional), bukan harga Bengkulu Tengah"
2025-12-22,PHP17,GLP01,17550,kg,BD-PIHPS,,,,,"PIHPS Provinsi Bengkulu (rata-rata pasar tradisional), bukan harga Bengkulu Tengah"
2025-12-22,PHP17,GLP02,18900,kg,BD-PIHPS,,,,,"PIHPS Provinsi Bengkulu (rata-rata pasar tradisional), bukan harga Bengkulu Tengah"
2025-12-22,PHP17,MGR01,18150,liter,BD-PIHPS,,,,,"PIHPS Provinsi Bengkulu (rata-rata pasar tradisional), bukan harga Bengkulu Tengah"
2025-12-22,PHP17,MGR02,21200,liter,BD-PIHPS,,,,,"PIHPS Provinsi Bengkulu (rata-rata pasar tradisional), bukan harga Bengkulu Tengah"
2025-12-22,PHP17,MGR03,20650,liter,BD-PIHPS,,,,,"PIHPS Provinsi Bengkulu (rata-rata pasar tradisional), bukan harga Bengkulu Tengah"
2025-12-22,PHP17,TLR01,31500,kg,BD-PIHPS,,,,,"PIHPS Provinsi Bengkulu (rata-rata pasar tradisional), bukan harga Bengkulu Tengah"
2025-12-23,PHP17,BRS01,14350,kg,BD-PIHPS,,,,,"PIHPS Provinsi Bengkulu (rata-rata pasar tradisional), bukan harga Bengkulu Tengah"
2025-12-23,PHP17,BRS02,15300,kg,BD-PIHPS,,,,,"PIHPS Provinsi Bengkulu (rata-rata pasar tradisional), bukan harga Bengkulu Tengah"
2025-12-23,PHP17,BRS03,15350,kg,BD-PIHPS,,,,,"PIHPS Provinsi Bengkulu (rata-rata pasar tradisional), bukan harga Bengkulu Tengah"
2025-12-23,PHP17,BRS04,15850,kg,BD-PIHPS,,,,,"PIHPS Provinsi Bengkulu (rata-rata pasar tradisional), bukan harga Bengkulu Tengah"
2025-12-23,PHP17,BRS05,15950,kg,BD-PIHPS,,,,,"PIHPS Provinsi Bengkulu (rata-rata pasar tradisional), bukan harga Bengkulu Tengah"
2025-12-23,PHP17,BRS06,16150,kg,BD-PIHPS,,,,,"PIHPS Provinsi Bengkulu (rata-rata pasar tradisional), bukan harga Bengkulu Tengah"
2025-12-23,PHP17,BWM01,45500,kg,BD-PIHPS,,,,,"PIHPS Provinsi Bengkulu (rata-rata pasar tradisional), bukan harga Bengkulu Tengah"
2025-12-23,PHP17,BWP01,40750,kg,BD-PIHPS,,,,,"PIHPS Provinsi Bengkulu (rata-rata pasar tradisional), bukan harga Bengkulu Tengah"
2025-12-23,PHP17,CMR01,51400,kg,BD-PIHPS,,,,,"PIHPS Provinsi Bengkulu (rata-rata pasar tradisional), bukan harga Bengkulu Tengah"
2025-12-23,PHP17,CMR02,56000,kg,BD-PIHPS,,,,,"PIHPS Provinsi Bengkulu (rata-rata pasar tradisional), bukan harga Bengkulu Tengah"
2025-12-23,PHP17,CRW01,58650,kg,BD-PIHPS,,,,,"PIHPS Provinsi Bengkulu (rata-rata pasar tradisional), bukan harga Bengkulu Tengah"
2025-12-23,PHP17,CRW02,50050,kg,BD-PIHPS,,,,,"PIHPS Provinsi Bengkulu (rata-rata pasar tradisional), bukan harga Bengkulu Tengah"
2025-12-23,PHP17,DAY01,40250,kg,BD-PIHPS,,,,,"PIHPS Provinsi Bengkulu (rata-rata pasar tradisional), bukan harga Bengkulu Tengah"
2025-12-23,PHP17,DSP01,136250,kg,BD-PIHPS,,,,,"PIHPS Provinsi Bengkulu (rata-rata pasar tradisional), bukan harga Bengkulu Tengah"
2025-12-23,PHP17,DSP02,135650,kg,BD-PIHPS,,,,,"PIHPS Provinsi Bengkulu (rata-rata pasar tradisional), bukan harga Bengkulu Tengah"
2025-12-23,PHP17,GLP01,17550,kg,BD-PIHPS,,,,,"PIHPS Provinsi Bengkulu (rata-rata pasar tradisional), bukan harga Bengkulu Tengah"
2025-12-23,PHP17,GLP02,18900,kg,BD-PIHPS,,,,,"PIHPS Provinsi Bengkulu (rata-rata pasar tradisional), bukan harga Bengkulu Tengah"
2025-12-23,PHP17,MGR01,18150,liter,BD-PIHPS,,,,,"PIHPS Provinsi Bengkulu (rata-rata pasar tradisional), bukan harga Bengkulu Tengah"
2025-12-23,PHP17,MGR02,21200,liter,BD-PIHPS,,,,,"PIHPS Provinsi Bengkulu (rata-rata pasar tradisional), bukan harga Bengkulu Tengah"
2025-12-23,PHP17,MGR03,20650,liter,BD-PIHPS,,,,,"PIHPS Provinsi Bengkulu (rata-rata pasar tradisional), bukan harga Bengkulu Tengah"
2025-12-23,PHP17,TLR01,31500,kg,BD-PIHPS,,,,,"PIHPS Provinsi Bengkulu (rata-rata pasar tradisional), bukan harga Bengkulu Tengah"
2025-12-24,PHP17,BRS01,14350,kg,BD-PIHPS,,,,,"PIHPS Provinsi Bengkulu (rata-rata pasar tradisional), bukan harga Bengkulu Tengah"
2025-12-24,PHP17,BRS02,15300,kg,BD-PIHPS,,,,,"PIHPS Provinsi Bengkulu (rata-rata pasar tradisional), bukan harga Bengkulu Tengah"
2025-12-24,PHP17,BRS03,15350,kg,BD-PIHPS,,,,,"PIHPS Provinsi Bengkulu (rata-rata pasar tradisional), bukan harga Bengkulu Tengah"
2025-12-24,PHP17,BRS04,15850,kg,BD-PIHPS,,,,,"PIHPS Provinsi Bengkulu (rata-rata pasar tradisional), bukan harga Bengkulu Tengah"
2025-12-24,PHP17,BRS05,15950,kg,BD-PIHPS,,,,,"PIHPS Provinsi Bengkulu (rata-rata pasar tradisional), bukan harga Bengkulu Tengah"
2025-12-24,PHP17,BRS06,16150,kg,BD-PIHPS,,,,,"PIHPS Provinsi Bengkulu (rata-rata pasar tradisional), bukan harga Bengkulu Tengah"
2025-12-24,PHP17,BWM01,45500,kg,BD-PIHPS,,,,,"PIHPS Provinsi Bengkulu (rata-rata pasar tradisional), bukan harga Bengkulu Tengah"
2025-12-24,PHP17,BWP01,40500,kg,BD-PIHPS,,,,,"PIHPS Provinsi Bengkulu (rata-rata pasar tradisional), bukan harga Bengkulu Tengah"
2025-12-24,PHP17,CMR01,55250,kg,BD-PIHPS,,,,,"PIHPS Provinsi Bengkulu (rata-rata pasar tradisional), bukan harga Bengkulu Tengah"
2025-12-24,PHP17,CMR02,60900,kg,BD-PIHPS,,,,,"PIHPS Provinsi Bengkulu (rata-rata pasar tradisional), bukan harga Bengkulu Tengah"
2025-12-24,PHP17,CRW01,60400,kg,BD-PIHPS,,,,,"PIHPS Provinsi Bengkulu (rata-rata pasar tradisional), bukan harga Bengkulu Tengah"
2025-12-24,PHP17,CRW02,50500,kg,BD-PIHPS,,,,,"PIHPS Provinsi Bengkulu (rata-rata pasar tradisional), bukan harga Bengkulu Tengah"
2025-12-24,PHP17,DAY01,40500,kg,BD-PIHPS,,,,,"PIHPS Provinsi Bengkulu (rata-rata pasar tradisional), bukan harga Bengkulu Tengah"
2025-12-24,PHP17,DSP01,136250,kg,BD-PIHPS,,,,,"PIHPS Provinsi Bengkulu (rata-rata pasar tradisional), bukan harga Bengkulu Tengah"
2025-12-24,PHP17,DSP02,135650,kg,BD-PIHPS,,,,,"PIHPS Provinsi Bengkulu (rata-rata pasar tradisional), bukan harga Bengkulu Tengah"
2025-12-24,PHP17,GLP01,17550,kg,BD-PIHPS,,,,,"PIHPS Provinsi Bengkulu (rata-rata pasar tradisional), bukan harga Bengkulu Tengah"
2025-12-24,PHP17,GLP02,18900,kg,BD-PIHPS,,,,,"PIHPS Provinsi Bengkulu (rata-rata pasar tradisional), bukan harga Bengkulu Tengah"
2025-12-24,PHP17,MGR01,18150,liter,BD-PIHPS,,,,,"PIHPS Provinsi Bengkulu (rata-rata pasar tradisional), bukan harga Bengkulu Tengah"
2025-12-24,PHP17,MGR02,21400,liter,BD-PIHPS,,,,,"PIHPS Provinsi Bengkulu (rata-rata pasar tradisional), bukan harga Bengkulu Tengah"
2025-12-24,PHP17,MGR03,20650,liter,BD-PIHPS,,,,,"PIHPS Provinsi Bengkulu (rata-rata pasar tradisional), bukan harga Bengkulu Tengah"
2025-12-24,PHP17,TLR01,31800,kg,BD-PIHPS,,,,,"PIHPS Provinsi Bengkulu (rata-rata pasar tradisional), bukan harga Bengkulu Tengah"
2025-12-25,PHP17,BRS01,14350,kg,BD-PIHPS,,,,,"PIHPS Provinsi Bengkulu (rata-rata pasar tradisional), bukan harga Bengkulu Tengah"
2025-12-25,PHP17,BRS02,15300,kg,BD-PIHPS,,,,,"PIHPS Provinsi Bengkulu (rata-rata pasar tradisional), bukan harga Bengkulu Tengah"
2025-12-25,PHP17,BRS03,15350,kg,BD-PIHPS,,,,,"PIHPS Provinsi Bengkulu (rata-rata pasar tradisional), bukan harga Bengkulu Tengah"
2025-12-25,PHP17,BRS04,15850,kg,BD-PIHPS,,,,,"PIHPS Provinsi Bengkulu (rata-rata pasar tradisional), bukan harga Bengkulu Tengah"
2025-12-25,PHP17,BRS05,15950,kg,BD-PIHPS,,,,,"PIHPS Provinsi Bengkulu (rata-rata pasar tradisional), bukan harga Bengkulu Tengah"
2025-12-25,PHP17,BRS06,16150,kg,BD-PIHPS,,,,,"PIHPS Provinsi Bengkulu (rata-rata pasar tradisional), bukan harga Bengkulu Tengah"
2025-12-25,PHP17,BWM01,45500,kg,BD-PIHPS,,,,,"PIHPS Provinsi Bengkulu (rata-rata pasar tradisional), bukan harga Bengkulu Tengah"
2025-12-25,PHP17,BWP01,40500,kg,BD-PIHPS,,,,,"PIHPS Provinsi Bengkulu (rata-rata pasar tradisional), bukan harga Bengkulu Tengah"
2025-12-25,PHP17,CMR01,55250,kg,BD-PIHPS,,,,,"PIHPS Provinsi Bengkulu (rata-rata pasar tradisional), bukan harga Bengkulu Tengah"
2025-12-25,PHP17,CMR02,60900,kg,BD-PIHPS,,,,,"PIHPS Provinsi Bengkulu (rata-rata pasar tradisional), bukan harga Bengkulu Tengah"
2025-12-25,PHP17,CRW01,60400,kg,BD-PIHPS,,,,,"PIHPS Provinsi Bengkulu (rata-rata pasar tradisional), bukan harga Bengkulu Tengah"
2025-12-25,PHP17,CRW02,50500,kg,BD-PIHPS,,,,,"PIHPS Provinsi Bengkulu (rata-rata pasar tradisional), bukan harga Bengkulu Tengah"
2025-12-25,PHP17,DAY01,40500,kg,BD-PIHPS,,,,,"PIHPS Provinsi Bengkulu (rata-rata pasar tradisional), bukan harga Bengkulu Tengah"
2025-12-25,PHP17,DSP01,136250,kg,BD-PIHPS,,,,,"PIHPS Provinsi Bengkulu (rata-rata pasar tradisional), bukan harga Bengkulu Tengah"
2025-12-25,PHP17,DSP02,135650,kg,BD-PIHPS,,,,,"PIHPS Provinsi Bengkulu (rata-rata pasar tradisional), bukan harga Bengkulu Tengah"
2025-12-25,PHP17,GLP01,17550,kg,BD-PIHPS,,,,,"PIHPS Provinsi Bengkulu (rata-rata pasar tradisional), bukan harga Bengkulu Tengah"
2025-12-25,PHP17,GLP02,18900,kg,BD-PIHPS,,,,,"PIHPS Provinsi Bengkulu (rata-rata pasar tradisional), bukan harga Bengkulu Tengah"
2025-12-25,PHP17,MGR01,18150,liter,BD-PIHPS,,,,,"PIHPS Provinsi Bengkulu (rata-rata pasar tradisional), bukan harga Bengkulu Tengah"
2025-12-25,PHP17,MGR02,21400,liter,BD-PIHPS,,,,,"PIHPS Provinsi Bengkulu (rata-rata pasar tradisional), bukan harga Bengkulu Tengah"
2025-12-25,PHP17,MGR03,20650,liter,BD-PIHPS,,,,,"PIHPS Provinsi Bengkulu (rata-rata pasar tradisional), bukan harga Bengkulu Tengah"
2025-12-25,PHP17,TLR01,31800,kg,BD-PIHPS,,,,,"PIHPS Provinsi Bengkulu (rata-rata pasar tradisional), bukan harga Bengkulu Tengah"
2025-12-26,PHP17,BRS01,14350,kg,BD-PIHPS,,,,,"PIHPS Provinsi Bengkulu (rata-rata pasar tradisional), bukan harga Bengkulu Tengah"
2025-12-26,PHP17,BRS02,15300,kg,BD-PIHPS,,,,,"PIHPS Provinsi Bengkulu (rata-rata pasar tradisional), bukan harga Bengkulu Tengah"
2025-12-26,PHP17,BRS03,15350,kg,BD-PIHPS,,,,,"PIHPS Provinsi Bengkulu (rata-rata pasar tradisional), bukan harga Bengkulu Tengah"
2025-12-26,PHP17,BRS04,15850,kg,BD-PIHPS,,,,,"PIHPS Provinsi Bengkulu (rata-rata pasar tradisional), bukan harga Bengkulu Tengah"
2025-12-26,PHP17,BRS05,15950,kg,BD-PIHPS,,,,,"PIHPS Provinsi Bengkulu (rata-rata pasar tradisional), bukan harga Bengkulu Tengah"
2025-12-26,PHP17,BRS06,16150,kg,BD-PIHPS,,,,,"PIHPS Provinsi Bengkulu (rata-rata pasar tradisional), bukan harga Bengkulu Tengah"
2025-12-26,PHP17,BWM01,45500,kg,BD-PIHPS,,,,,"PIHPS Provinsi Bengkulu (rata-rata pasar tradisional), bukan harga Bengkulu Tengah"
2025-12-26,PHP17,BWP01,40500,kg,BD-PIHPS,,,,,"PIHPS Provinsi Bengkulu (rata-rata pasar tradisional), bukan harga Bengkulu Tengah"
2025-12-26,PHP17,CMR01,55250,kg,BD-PIHPS,,,,,"PIHPS Provinsi Bengkulu (rata-rata pasar tradisional), bukan harga Bengkulu Tengah"
2025-12-26,PHP17,CMR02,60900,kg,BD-PIHPS,,,,,"PIHPS Provinsi Bengkulu (rata-rata pasar tradisional), bukan harga Bengkulu Tengah"
2025-12-26,PHP17,CRW01,60400,kg,BD-PIHPS,,,,,"PIHPS Provinsi Bengkulu (rata-rata pasar tradisional), bukan harga Bengkulu Tengah"
2025-12-26,PHP17,CRW02,50500,kg,BD-PIHPS,,,,,"PIHPS Provinsi Bengkulu (rata-rata pasar tradisional), bukan harga Bengkulu Tengah"
2025-12-26,PHP17,DAY01,40500,kg,BD-PIHPS,,,,,"PIHPS Provinsi Bengkulu (rata-rata pasar tradisional), bukan harga Bengkulu Tengah"
2025-12-26,PHP17,DSP01,136250,kg,BD-PIHPS,,,,,"PIHPS Provinsi Bengkulu (rata-rata pasar tradisional), bukan harga Bengkulu Tengah"
2025-12-26,PHP17,DSP02,135650,kg,BD-PIHPS,,,,,"PIHPS Provinsi Bengkulu (rata-rata pasar tradisional), bukan harga Bengkulu Tengah"
2025-12-26,PHP17,GLP01,17550,kg,BD-PIHPS,,,,,"PIHPS Provinsi Bengkulu (rata-rata pasar tradisional), bukan harga Bengkulu Tengah"
2025-12-26,PHP17,GLP02,18900,kg,BD-PIHPS,,,,,"PIHPS Provinsi Bengkulu (rata-rata pasar tradisional), bukan harga Bengkulu Tengah"
2025-12-26,PHP17,MGR01,18150,liter,BD-PIHPS,,,,,"PIHPS Provinsi Bengkulu (rata-rata pasar tradisional), bukan harga Bengkulu Tengah"
2025-12-26,PHP17,MGR02,21400,liter,BD-PIHPS,,,,,"PIHPS Provinsi Bengkulu (rata-rata pasar tradisional), bukan harga Bengkulu Tengah"
2025-12-26,PHP17,MGR03,20650,liter,BD-PIHPS,,,,,"PIHPS Provinsi Bengkulu (rata-rata pasar tradisional), bukan harga Bengkulu Tengah"
2025-12-26,PHP17,TLR01,31800,kg,BD-PIHPS,,,,,"PIHPS Provinsi Bengkulu (rata-rata pasar tradisional), bukan harga Bengkulu Tengah"
2025-12-29,PHP17,BRS01,14350,kg,BD-PIHPS,,,,,"PIHPS Provinsi Bengkulu (rata-rata pasar tradisional), bukan harga Bengkulu Tengah"
2025-12-29,PHP17,BRS02,15300,kg,BD-PIHPS,,,,,"PIHPS Provinsi Bengkulu (rata-rata pasar tradisional), bukan harga Bengkulu Tengah"
2025-12-29,PHP17,BRS03,15350,kg,BD-PIHPS,,,,,"PIHPS Provinsi Bengkulu (rata-rata pasar tradisional), bukan harga Bengkulu Tengah"
2025-12-29,PHP17,BRS04,15850,kg,BD-PIHPS,,,,,"PIHPS Provinsi Bengkulu (rata-rata pasar tradisional), bukan harga Bengkulu Tengah"
2025-12-29,PHP17,BRS05,15950,kg,BD-PIHPS,,,,,"PIHPS Provinsi Bengkulu (rata-rata pasar tradisional), bukan harga Bengkulu Tengah"
2025-12-29,PHP17,BRS06,16150,kg,BD-PIHPS,,,,,"PIHPS Provinsi Bengkulu (rata-rata pasar tradisional), bukan harga Bengkulu Tengah"
2025-12-29,PHP17,BWM01,45500,kg,BD-PIHPS,,,,,"PIHPS Provinsi Bengkulu (rata-rata pasar tradisional), bukan harga Bengkulu Tengah"
2025-12-29,PHP17,BWP01,40500,kg,BD-PIHPS,,,,,"PIHPS Provinsi Bengkulu (rata-rata pasar tradisional), bukan harga Bengkulu Tengah"
2025-12-29,PHP17,CMR01,51250,kg,BD-PIHPS,,,,,"PIHPS Provinsi Bengkulu (rata-rata pasar tradisional), bukan harga Bengkulu Tengah"
2025-12-29,PHP17,CMR02,56650,kg,BD-PIHPS,,,,,"PIHPS Provinsi Bengkulu (rata-rata pasar tradisional), bukan harga Bengkulu Tengah"
2025-12-29,PHP17,CRW01,62000,kg,BD-PIHPS,,,,,"PIHPS Provinsi Bengkulu (rata-rata pasar tradisional), bukan harga Bengkulu Tengah"
2025-12-29,PHP17,CRW02,50150,kg,BD-PIHPS,,,,,"PIHPS Provinsi Bengkulu (rata-rata pasar tradisional), bukan harga Bengkulu Tengah"
2025-12-29,PHP17,DAY01,40500,kg,BD-PIHPS,,,,,"PIHPS Provinsi Bengkulu (rata-rata pasar tradisional), bukan harga Bengkulu Tengah"
2025-12-29,PHP17,DSP01,136250,kg,BD-PIHPS,,,,,"PIHPS Provinsi Bengkulu (rata-rata pasar tradisional), bukan harga Bengkulu Tengah"
2025-12-29,PHP17,DSP02,135650,kg,BD-PIHPS,,,,,"PIHPS Provinsi Bengkulu (rata-rata pasar tradisional), bukan harga Bengkulu Tengah"
2025-12-29,PHP17,GLP01,17550,kg,BD-PIHPS,,,,,"PIHPS Provinsi Bengkulu (rata-rata pasar tradisional), bukan harga Bengkulu Tengah"
2025-12-29,PHP17,GLP02,18900,kg,BD-PIHPS,,,,,"PIHPS Provinsi Bengkulu (rata-rata pasar tradisional), bukan harga Bengkulu Tengah"
2025-12-29,PHP17,MGR01,18150,liter,BD-PIHPS,,,,,"PIHPS Provinsi Bengkulu (rata-rata pasar tradisional), bukan harga Bengkulu Tengah"
2025-12-29,PHP17,MGR02,21400,liter,BD-PIHPS,,,,,"PIHPS Provinsi Bengkulu (rata-rata pasar tradisional), bukan harga Bengkulu Tengah"
2025-12-29,PHP17,MGR03,20650,liter,BD-PIHPS,,,,,"PIHPS Provinsi Bengkulu (rata-rata pasar tradisional), bukan harga Bengkulu Tengah"
2025-12-29,PHP17,TLR01,31800,kg,BD-PIHPS,,,,,"PIHPS Provinsi Bengkulu (rata-rata pasar tradisional), bukan harga Bengkulu Tengah"
2025-12-30,PHP17,BRS01,14350,kg,BD-PIHPS,,,,,"PIHPS Provinsi Bengkulu (rata-rata pasar tradisional), bukan harga Bengkulu Tengah"
2025-12-30,PHP17,BRS02,15300,kg,BD-PIHPS,,,,,"PIHPS Provinsi Bengkulu (rata-rata pasar tradisional), bukan harga Bengkulu Tengah"
2025-12-30,PHP17,BRS03,15350,kg,BD-PIHPS,,,,,"PIHPS Provinsi Bengkulu (rata-rata pasar tradisional), bukan harga Bengkulu Tengah"
2025-12-30,PHP17,BRS04,15850,kg,BD-PIHPS,,,,,"PIHPS Provinsi Bengkulu (rata-rata pasar tradisional), bukan harga Bengkulu Tengah"
2025-12-30,PHP17,BRS05,15950,kg,BD-PIHPS,,,,,"PIHPS Provinsi Bengkulu (rata-rata pasar tradisional), bukan harga Bengkulu Tengah"
2025-12-30,PHP17,BRS06,16150,kg,BD-PIHPS,,,,,"PIHPS Provinsi Bengkulu (rata-rata pasar tradisional), bukan harga Bengkulu Tengah"
2025-12-30,PHP17,BWM01,45500,kg,BD-PIHPS,,,,,"PIHPS Provinsi Bengkulu (rata-rata pasar tradisional), bukan harga Bengkulu Tengah"
2025-12-30,PHP17,BWP01,40650,kg,BD-PIHPS,,,,,"PIHPS Provinsi Bengkulu (rata-rata pasar tradisional), bukan harga Bengkulu Tengah"
2025-12-30,PHP17,CMR01,47250,kg,BD-PIHPS,,,,,"PIHPS Provinsi Bengkulu (rata-rata pasar tradisional), bukan harga Bengkulu Tengah"
2025-12-30,PHP17,CMR02,52650,kg,BD-PIHPS,,,,,"PIHPS Provinsi Bengkulu (rata-rata pasar tradisional), bukan harga Bengkulu Tengah"
2025-12-30,PHP17,CRW01,63400,kg,BD-PIHPS,,,,,"PIHPS Provinsi Bengkulu (rata-rata pasar tradisional), bukan harga Bengkulu Tengah"
2025-12-30,PHP17,CRW02,51400,kg,BD-PIHPS,,,,,"PIHPS Provinsi Bengkulu (rata-rata pasar tradisional), bukan harga Bengkulu Tengah"
2025-12-30,PHP17,DAY01,40500,kg,BD-PIHPS,,,,,"PIHPS Provinsi Bengkulu (rata-rata pasar tradisional), bukan harga Bengkulu Tengah"
2025-12-30,PHP17,DSP01,136250,kg,BD-PIHPS,,,,,"PIHPS Provinsi Bengkulu (rata-rata pasar tradisional), bukan harga Bengkulu Tengah"
2025-12-30,PHP17,DSP02,135650,kg,BD-PIHPS,,,,,"PIHPS Provinsi Bengkulu (rata-rata pasar tradisional), bukan harga Bengkulu Tengah"
2025-12-30,PHP17,GLP01,17550,kg,BD-PIHPS,,,,,"PIHPS Provinsi Bengkulu (rata-rata pasar tradisional), bukan harga Bengkulu Tengah"
2025-12-30,PHP17,GLP02,18900,kg,BD-PIHPS,,,,,"PIHPS Provinsi Bengkulu (rata-rata pasar tradisional), bukan harga Bengkulu Tengah"
2025-12-30,PHP17,MGR01,18150,liter,BD-PIHPS,,,,,"PIHPS Provinsi Bengkulu (rata-rata pasar tradisional), bukan harga Bengkulu Tengah"
2025-12-30,PHP17,MGR02,21450,liter,BD-PIHPS,,,,,"PIHPS Provinsi Bengkulu (rata-rata pasar tradisional), bukan harga Bengkulu Tengah"
2025-12-30,PHP17,MGR03,20700,liter,BD-PIHPS,,,,,"PIHPS Provinsi Bengkulu (rata-rata pasar tradisional), bukan harga Bengkulu Tengah"
2025-12-30,PHP17,TLR01,31800,kg,BD-PIHPS,,,,,"PIHPS Provinsi Bengkulu (rata-rata pasar tradisional), bukan harga Bengkulu Tengah"
2025-12-31,PHP17,BRS01,14350,kg,BD-PIHPS,,,,,"PIHPS Provinsi Bengkulu (rata-rata pasar tradisional), bukan harga Bengkulu Tengah"
2025-12-31,PHP17,BRS02,15300,kg,BD-PIHPS,,,,,"PIHPS Provinsi Bengkulu (rata-rata pasar tradisional), bukan harga Bengkulu Tengah"
2025-12-31,PHP17,BRS03,15350,kg,BD-PIHPS,,,,,"PIHPS Provinsi Bengkulu (rata-rata pasar tradisional), bukan harga Bengkulu Tengah"
2025-12-31,PHP17,BRS04,15850,kg,BD-PIHPS,,,,,"PIHPS Provinsi Bengkulu (rata-rata pasar tradisional), bukan harga Bengkulu Tengah"
2025-12-31,PHP17,BRS05,15950,kg,BD-PIHPS,,,,,"PIHPS Provinsi Bengkulu (rata-rata pasar tradisional), bukan harga Bengkulu Tengah"
2025-12-31,PHP17,BRS06,16150,kg,BD-PIHPS,,,,,"PIHPS Provinsi Bengkulu (rata-rata pasar tradisional), bukan harga Bengkulu Tengah"
2025-12-31,PHP17,BWM01,44750,kg,BD-PIHPS,,,,,"PIHPS Provinsi Bengkulu (rata-rata pasar tradisional), bukan harga Bengkulu Tengah"
2025-12-31,PHP17,BWP01,41650,kg,BD-PIHPS,,,,,"PIHPS Provinsi Bengkulu (rata-rata pasar tradisional), bukan harga Bengkulu Tengah"
2025-12-31,PHP17,CMR01,43650,kg,BD-PIHPS,,,,,"PIHPS Provinsi Bengkulu (rata-rata pasar tradisional), bukan harga Bengkulu Tengah"
2025-12-31,PHP17,CMR02,49900,kg,BD-PIHPS,,,,,"PIHPS Provinsi Bengkulu (rata-rata pasar tradisional), bukan harga Bengkulu Tengah"
2025-12-31,PHP17,CRW01,65900,kg,BD-PIHPS,,,,,"PIHPS Provinsi Bengkulu (rata-rata pasar tradisional), bukan harga Bengkulu Tengah"
2025-12-31,PHP17,CRW02,50800,kg,BD-PIHPS,,,,,"PIHPS Provinsi Bengkulu (rata-rata pasar tradisional), bukan harga Bengkulu Tengah"
2025-12-31,PHP17,DAY01,40500,kg,BD-PIHPS,,,,,"PIHPS Provinsi Bengkulu (rata-rata pasar tradisional), bukan harga Bengkulu Tengah"
2025-12-31,PHP17,DSP01,136250,kg,BD-PIHPS,,,,,"PIHPS Provinsi Bengkulu (rata-rata pasar tradisional), bukan harga Bengkulu Tengah"
2025-12-31,PHP17,DSP02,135650,kg,BD-PIHPS,,,,,"PIHPS Provinsi Bengkulu (rata-rata pasar tradisional), bukan harga Bengkulu Tengah"
2025-12-31,PHP17,GLP01,17550,kg,BD-PIHPS,,,,,"PIHPS Provinsi Bengkulu (rata-rata pasar tradisional), bukan harga Bengkulu Tengah"
2025-12-31,PHP17,GLP02,18900,kg,BD-PIHPS,,,,,"PIHPS Provinsi Bengkulu (rata-rata pasar tradisional), bukan harga Bengkulu Tengah"
2025-12-31,PHP17,MGR01,18150,liter,BD-PIHPS,,,,,"PIHPS Provinsi Bengkulu (rata-rata pasar tradisional), bukan harga Bengkulu Tengah"
2025-12-31,PHP17,MGR02,21450,liter,BD-PIHPS,,,,,"PIHPS Provinsi Bengkulu (rata-rata pasar tradisional), bukan harga Bengkulu Tengah"
2025-12-31,PHP17,MGR03,20700,liter,BD-PIHPS,,,,,"PIHPS Provinsi Bengkulu (rata-rata pasar tradisional), bukan harga Bengkulu Tengah"
2025-12-31,PHP17,TLR01,31800,kg,BD-PIHPS,,,,,"PIHPS Provinsi Bengkulu (rata-rata pasar tradisional), bukan harga Bengkulu Tengah"
