tanggal,kode_pasar,kode_varian,harga,satuan,kode_sumber,petugas,responden,id_klien,waktu_input,catatan
2026-01-02,PSR91,CRW02,80000,kg,BD-SP2KP,,,,,SP2KP Kemendag: Cabai Rawit Merah (Pasar Kepahiang)
2026-01-02,PSR91,CRW01,80000,kg,BD-SP2KP,,,,,SP2KP Kemendag: Cabai Rawit Hijau (Pasar Kepahiang)
2026-01-02,PSR91,BWM01,45000,kg,BD-SP2KP,,,,,SP2KP Kemendag: Bawang Merah (Pasar Kepahiang)
2026-01-02,PSR91,GLP01,17000,kg,BD-SP2KP,,,,,SP2KP Kemendag: Gula Pasir Curah (Pasar Kepahiang)
2026-01-02,PSR91,GLP02,19000,kg,BD-SP2KP,,,,,SP2KP Kemendag: Gula Pasir Kemasan (Pasar Kepahiang)
2026-01-02,PSR91,MGR02,22000,liter,BD-SP2KP,,,,,SP2KP Kemendag: Minyak Goreng Sawit Kemasan Premium (Pasar Kepahiang)
2026-01-02,PSR91,DSP01,130000,kg,BD-SP2KP,,,,,SP2KP Kemendag: Daging Sapi Paha Belakang (Pasar Kepahiang)
2026-01-02,PSR91,CMR02,50000,kg,BD-SP2KP,,,,,SP2KP Kemendag: Cabai Merah Keriting (Pasar Kepahiang)
2026-01-02,PSR91,TLR01,29350,kg,BD-SP2KP,,,,,SP2KP Kemendag: Telur Ayam Ras (Pasar Kepahiang)
2026-01-02,PSR91,DAY01,40000,kg,BD-SP2KP,,,,,SP2KP Kemendag: Daging Ayam Ras (Pasar Kepahiang)
2026-01-02,PSR91,BWP01,35000,kg,BD-SP2KP,,,,,SP2KP Kemendag: Bawang Putih Honan (Pasar Kepahiang)
2026-01-02,PSR91,BRS05,15000,kg,BD-SP2KP,,,,,SP2KP Kemendag: Beras Premium (Pasar Kepahiang)
2026-01-02,PSR91,BRS03,13750,kg,BD-SP2KP,,,,,SP2KP Kemendag: Beras Medium (Pasar Kepahiang)
2026-01-02,PSR91,DSP02,130000,kg,BD-SP2KP,,,,,SP2KP Kemendag: Daging Sapi Paha Depan (Pasar Kepahiang)
2026-01-02,PSR91,CMR01,48000,kg,BD-SP2KP,,,,,SP2KP Kemendag: Cabai Merah Besar (Pasar Kepahiang)
2026-01-02,PSR01,CRW02,60000,kg,BD-SP2KP,,,,,SP2KP Kemendag: Cabai Rawit Merah (Pasar Taba Penanjung)
2026-01-02,PSR01,CRW01,60000,kg,BD-SP2KP,,,,,SP2KP Kemendag: Cabai Rawit Hijau (Pasar Taba Penanjung)
2026-01-02,PSR01,BWM01,40000,kg,BD-SP2KP,,,,,SP2KP Kemendag: Bawang Merah (Pasar Taba Penanjung)
2026-01-02,PSR01,GLP01,17000,kg,BD-SP2KP,,,,,SP2KP Kemendag: Gula Pasir Curah (Pasar Taba Penanjung)
2026-01-02,PSR01,GLP02,18000,kg,BD-SP2KP,,,,,SP2KP Kemendag: Gula Pasir Kemasan (Pasar Taba Penanjung)
2026-01-02,PSR01,MGR02,20000,liter,BD-SP2KP,,,,,SP2KP Kemendag: Minyak Goreng Sawit Kemasan Premium (Pasar Taba Penanjung)
2026-01-02,PSR01,DSP01,140000,kg,BD-SP2KP,,,,,SP2KP Kemendag: Daging Sapi Paha Belakang (Pasar Taba Penanjung)
2026-01-02,PSR01,CMR02,50000,kg,BD-SP2KP,,,,,SP2KP Kemendag: Cabai Merah Keriting (Pasar Taba Penanjung)
2026-01-02,PSR01,TLR01,30933,kg,BD-SP2KP,,,,,SP2KP Kemendag: Telur Ayam Ras (Pasar Taba Penanjung)
2026-01-02,PSR01,DAY01,35000,kg,BD-SP2KP,,,,,SP2KP Kemendag: Daging Ayam Ras (Pasar Taba Penanjung)
2026-01-02,PSR01,BWP01,40000,kg,BD-SP2KP,,,,,SP2KP Kemendag: Bawang Putih Honan (Pasar Taba Penanjung)
2026-01-02,PSR01,BRS05,16500,kg,BD-SP2KP,,,,,SP2KP Kemendag: Beras Premium (Pasar Taba Penanjung)
2026-01-02,PSR01,BRS03,13750,kg,BD-SP2KP,,,,,SP2KP Kemendag: Beras Medium (Pasar Taba Penanjung)
2026-01-02,PSR01,DSP02,140000,kg,BD-SP2KP,,,,,SP2KP Kemendag: Daging Sapi Paha Depan (Pasar Taba Penanjung)
2026-01-02,PSR01,CMR01,45000,kg,BD-SP2KP,,,,,SP2KP Kemendag: Cabai Merah Besar (Pasar Taba Penanjung)
2026-01-02,PSR92,CRW02,83333,kg,BD-SP2KP,,,,,SP2KP Kemendag: Cabai Rawit Merah (Pasar Panorama)
2026-01-02,PSR92,CRW01,83333,kg,BD-SP2KP,,,,,SP2KP Kemendag: Cabai Rawit Hijau (Pasar Panorama)
2026-01-02,PSR92,BWM01,56667,kg,BD-SP2KP,,,,,SP2KP Kemendag: Bawang Merah (Pasar Panorama)
2026-01-02,PSR92,GLP01,17500,kg,BD-SP2KP,,,,,SP2KP Kemendag: Gula Pasir Curah (Pasar Panorama)
2026-01-02,PSR92,GLP02,18000,kg,BD-SP2KP,,,,,SP2KP Kemendag: Gula Pasir Kemasan (Pasar Panorama)
2026-01-02,PSR92,MGR02,21000,liter,BD-SP2KP,,,,,SP2KP Kemendag: Minyak Goreng Sawit Kemasan Premium (Pasar Panorama)
2026-01-02,PSR92,DSP01,140000,kg,BD-SP2KP,,,,,SP2KP Kemendag: Daging Sapi Paha Belakang (Pasar Panorama)
2026-01-02,PSR92,CMR02,53333,kg,BD-SP2KP,,,,,SP2KP Kemendag: Cabai Merah Keriting (Pasar Panorama)
2026-01-02,PSR92,TLR01,33600,kg,BD-SP2KP,,,,,SP2KP Kemendag: Telur Ayam Ras (Pasar Panorama)
2026-01-02,PSR92,DAY01,40000,kg,BD-SP2KP,,,,,SP2KP Kemendag: Daging Ayam Ras (Pasar Panorama)
2026-01-02,PSR92,BWP01,40000,kg,BD-SP2KP,,,,,SP2KP Kemendag: Bawang Putih Honan (Pasar Panorama)
2026-01-02,PSR92,BRS05,16250,kg,BD-SP2KP,,,,,SP2KP Kemendag: Beras Premium (Pasar Panorama)
2026-01-02,PSR92,BRS03,13725,kg,BD-SP2KP,,,,,SP2KP Kemendag: Beras Medium (Pasar Panorama)
2026-01-02,PSR92,DSP02,140000,kg,BD-SP2KP,,,,,SP2KP Kemendag: Daging Sapi Paha Depan (Pasar Panorama)
2026-01-02,PSR92,CMR01,35000,kg,BD-SP2KP,,,,,SP2KP Kemendag: Cabai Merah Besar (Pasar Panorama)
2026-01-05,PSR91,CRW02,80000,kg,BD-SP2KP,,,,,SP2KP Kemendag: Cabai Rawit Merah (Pasar Kepahiang)
2026-01-05,PSR91,CRW01,80000,kg,BD-SP2KP,,,,,SP2KP Kemendag: Cabai Rawit Hijau (Pasar Kepahiang)
2026-01-05,PSR91,BWM01,45000,kg,BD-SP2KP,,,,,SP2KP Kemendag: Bawang Merah (Pasar Kepahiang)
2026-01-05,PSR91,GLP01,17000,kg,BD-SP2KP,,,,,SP2KP Kemendag: Gula Pasir Curah (Pasar Kepahiang)
2026-01-05,PSR91,MGR02,22000,liter,BD-SP2KP,,,,,SP2KP Kemendag: Minyak Goreng Sawit Kemasan Premium (Pasar Kepahiang)
2026-01-05,PSR91,DSP01,130000,kg,BD-SP2KP,,,,,SP2KP Kemendag: Daging Sapi Paha Belakang (Pasar Kepahiang)
2026-01-05,PSR91,CMR02,50000,kg,BD-SP2KP,,,,,SP2KP Kemendag: Cabai Merah Keriting (Pasar Kepahiang)
2026-01-05,PSR91,TLR01,29350,kg,BD-SP2KP,,,,,SP2KP Kemendag: Telur Ayam Ras (Pasar Kepahiang)
2026-01-05,PSR91,DAY01,40000,kg,BD-SP2KP,,,,,SP2KP Kemendag: Daging Ayam Ras (Pasar Kepahiang)
2026-01-05,PSR91,BRS05,15000,kg,BD-SP2KP,,,,,SP2KP Kemendag: Beras Premium (Pasar Kepahiang)
2026-01-05,PSR91,BRS03,13750,kg,BD-SP2KP,,,,,SP2KP Kemendag: Beras Medium (Pasar Kepahiang)
2026-01-05,PSR91,CMR01,48000,kg,BD-SP2KP,,,,,SP2KP Kemendag: Cabai Merah Besar (Pasar Kepahiang)
2026-01-05,PSR01,CRW02,60000,kg,BD-SP2KP,,,,,SP2KP Kemendag: Cabai Rawit Merah (Pasar Taba Penanjung)
2026-01-05,PSR01,CRW01,60000,kg,BD-SP2KP,,,,,SP2KP Kemendag: Cabai Rawit Hijau (Pasar Taba Penanjung)
2026-01-05,PSR01,BWM01,40000,kg,BD-SP2KP,,,,,SP2KP Kemendag: Bawang Merah (Pasar Taba Penanjung)
2026-01-05,PSR01,GLP01,17000,kg,BD-SP2KP,,,,,SP2KP Kemendag: Gula Pasir Curah (Pasar Taba Penanjung)
2026-01-05,PSR01,GLP02,18000,kg,BD-SP2KP,,,,,SP2KP Kemendag: Gula Pasir Kemasan (Pasar Taba Penanjung)
2026-01-05,PSR01,MGR02,20000,liter,BD-SP2KP,,,,,SP2KP Kemendag: Minyak Goreng Sawit Kemasan Premium (Pasar Taba Penanjung)
2026-01-05,PSR01,DSP01,140000,kg,BD-SP2KP,,,,,SP2KP Kemendag: Daging Sapi Paha Belakang (Pasar Taba Penanjung)
2026-01-05,PSR01,CMR02,50000,kg,BD-SP2KP,,,,,SP2KP Kemendag: Cabai Merah Keriting (Pasar Taba Penanjung)
2026-01-05,PSR01,TLR01,30933,kg,BD-SP2KP,,,,,SP2KP Kemendag: Telur Ayam Ras (Pasar Taba Penanjung)
2026-01-05,PSR01,DAY01,35000,kg,BD-SP2KP,,,,,SP2KP Kemendag: Daging Ayam Ras (Pasar Taba Penanjung)
2026-01-05,PSR01,BWP01,40000,kg,BD-SP2KP,,,,,SP2KP Kemendag: Bawang Putih Honan (Pasar Taba Penanjung)
2026-01-05,PSR01,BRS05,16500,kg,BD-SP2KP,,,,,SP2KP Kemendag: Beras Premium (Pasar Taba Penanjung)
2026-01-05,PSR01,BRS03,13750,kg,BD-SP2KP,,,,,SP2KP Kemendag: Beras Medium (Pasar Taba Penanjung)
2026-01-05,PSR01,DSP02,140000,kg,BD-SP2KP,,,,,SP2KP Kemendag: Daging Sapi Paha Depan (Pasar Taba Penanjung)
2026-01-05,PSR01,CMR01,45000,kg,BD-SP2KP,,,,,SP2KP Kemendag: Cabai Merah Besar (Pasar Taba Penanjung)
2026-01-05,PSR92,CRW02,80000,kg,BD-SP2KP,,,,,SP2KP Kemendag: Cabai Rawit Merah (Pasar Panorama)
2026-01-05,PSR92,CRW01,86667,kg,BD-SP2KP,,,,,SP2KP Kemendag: Cabai Rawit Hijau (Pasar Panorama)
2026-01-05,PSR92,BWM01,53333,kg,BD-SP2KP,,,,,SP2KP Kemendag: Bawang Merah (Pasar Panorama)
2026-01-05,PSR92,GLP01,17500,kg,BD-SP2KP,,,,,SP2KP Kemendag: Gula Pasir Curah (Pasar Panorama)
2026-01-05,PSR92,GLP02,18000,kg,BD-SP2KP,,,,,SP2KP Kemendag: Gula Pasir Kemasan (Pasar Panorama)
2026-01-05,PSR92,MGR02,21000,liter,BD-SP2KP,,,,,SP2KP Kemendag: Minyak Goreng Sawit Kemasan Premium (Pasar Panorama)
2026-01-05,PSR92,DSP01,140000,kg,BD-SP2KP,,,,,SP2KP Kemendag: Daging Sapi Paha Belakang (Pasar Panorama)
2026-01-05,PSR92,CMR02,46667,kg,BD-SP2KP,,,,,SP2KP Kemendag: Cabai Merah Keriting (Pasar Panorama)
2026-01-05,PSR92,TLR01,33600,kg,BD-SP2KP,,,,,SP2KP Kemendag: Telur Ayam Ras (Pasar Panorama)
2026-01-05,PSR92,DAY01,40000,kg,BD-SP2KP,,,,,SP2KP Kemendag: Daging Ayam Ras (Pasar Panorama)
2026-01-05,PSR92,BWP01,45000,kg,BD-SP2KP,,,,,SP2KP Kemendag: Bawang Putih Honan (Pasar Panorama)
2026-01-05,PSR92,BRS05,16250,kg,BD-SP2KP,,,,,SP2KP Kemendag: Beras Premium (Pasar Panorama)
2026-01-05,PSR92,BRS03,13725,kg,BD-SP2KP,,,,,SP2KP Kemendag: Beras Medium (Pasar Panorama)
2026-01-05,PSR92,DSP02,140000,kg,BD-SP2KP,,,,,SP2KP Kemendag: Daging Sapi Paha Depan (Pasar Panorama)
2026-01-05,PSR92,CMR01,35000,kg,BD-SP2KP,,,,,SP2KP Kemendag: Cabai Merah Besar (Pasar Panorama)
2026-01-06,PSR91,CRW02,80000,kg,BD-SP2KP,,,,,SP2KP Kemendag: Cabai Rawit Merah (Pasar Kepahiang)
2026-01-06,PSR91,CRW01,80000,kg,BD-SP2KP,,,,,SP2KP Kemendag: Cabai Rawit Hijau (Pasar Kepahiang)
2026-01-06,PSR91,BWM01,45000,kg,BD-SP2KP,,,,,SP2KP Kemendag: Bawang Merah (Pasar Kepahiang)
2026-01-06,PSR91,GLP01,17000,kg,BD-SP2KP,,,,,SP2KP Kemendag: Gula Pasir Curah (Pasar Kepahiang)
2026-01-06,PSR91,GLP02,19000,kg,BD-SP2KP,,,,,SP2KP Kemendag: Gula Pasir Kemasan (Pasar Kepahiang)
2026-01-06,PSR91,MGR02,22000,liter,BD-SP2KP,,,,,SP2KP Kemendag: Minyak Goreng Sawit Kemasan Premium (Pasar Kepahiang)
2026-01-06,PSR91,DSP01,130000,kg,BD-SP2KP,,,,,SP2KP Kemendag: Daging Sapi Paha Belakang (Pasar Kepahiang)
2026-01-06,PSR91,CMR02,50000,kg,BD-SP2KP,,,,,SP2KP Kemendag: Cabai Merah Keriting (Pasar Kepahiang)
2026-01-06,PSR91,TLR01,29350,kg,BD-SP2KP,,,,,SP2KP Kemendag: Telur Ayam Ras (Pasar Kepahiang)
2026-01-06,PSR91,DAY01,40000,kg,BD-SP2KP,,,,,SP2KP Kemendag: Daging Ayam Ras (Pasar Kepahiang)
2026-01-06,PSR91,BWP01,35000,kg,BD-SP2KP,,,,,SP2KP Kemendag: Bawang Putih Honan (Pasar Kepahiang)
2026-01-06,PSR91,BRS05,15000,kg,BD-SP2KP,,,,,SP2KP Kemendag: Beras Premium (Pasar Kepahiang)
2026-01-06,PSR91,BRS03,13750,kg,BD-SP2KP,,,,,SP2KP Kemendag: Beras Medium (Pasar Kepahiang)
2026-01-06,PSR91,DSP02,130000,kg,BD-SP2KP,,,,,SP2KP Kemendag: Daging Sapi Paha Depan (Pasar Kepahiang)
2026-01-06,PSR91,CMR01,48000,kg,BD-SP2KP,,,,,SP2KP Kemendag: Cabai Merah Besar (Pasar Kepahiang)
2026-01-06,PSR01,CRW02,60000,kg,BD-SP2KP,,,,,SP2KP Kemendag: Cabai Rawit Merah (Pasar Taba Penanjung)
2026-01-06,PSR01,CRW01,60000,kg,BD-SP2KP,,,,,SP2KP Kemendag: Cabai Rawit Hijau (Pasar Taba Penanjung)
2026-01-06,PSR01,BWM01,40000,kg,BD-SP2KP,,,,,SP2KP Kemendag: Bawang Merah (Pasar Taba Penanjung)
2026-01-06,PSR01,GLP01,17000,kg,BD-SP2KP,,,,,SP2KP Kemendag: Gula Pasir Curah (Pasar Taba Penanjung)
2026-01-06,PSR01,GLP02,18000,kg,BD-SP2KP,,,,,SP2KP Kemendag: Gula Pasir Kemasan (Pasar Taba Penanjung)
2026-01-06,PSR01,MGR02,20000,liter,BD-SP2KP,,,,,SP2KP Kemendag: Minyak Goreng Sawit Kemasan Premium (Pasar Taba Penanjung)
2026-01-06,PSR01,DSP01,140000,kg,BD-SP2KP,,,,,SP2KP Kemendag: Daging Sapi Paha Belakang (Pasar Taba Penanjung)
2026-01-06,PSR01,CMR02,50000,kg,BD-SP2KP,,,,,SP2KP Kemendag: Cabai Merah Keriting (Pasar Taba Penanjung)
2026-01-06,PSR01,TLR01,30933,kg,BD-SP2KP,,,,,SP2KP Kemendag: Telur Ayam Ras (Pasar Taba Penanjung)
2026-01-06,PSR01,DAY01,35000,kg,BD-SP2KP,,,,,SP2KP Kemendag: Daging Ayam Ras (Pasar Taba Penanjung)
2026-01-06,PSR01,BWP01,40000,kg,BD-SP2KP,,,,,SP2KP Kemendag: Bawang Putih Honan (Pasar Taba Penanjung)
2026-01-06,PSR01,BRS05,16500,kg,BD-SP2KP,,,,,SP2KP Kemendag: Beras Premium (Pasar Taba Penanjung)
2026-01-06,PSR01,BRS03,13750,kg,BD-SP2KP,,,,,SP2KP Kemendag: Beras Medium (Pasar Taba Penanjung)
2026-01-06,PSR01,DSP02,140000,kg,BD-SP2KP,,,,,SP2KP Kemendag: Daging Sapi Paha Depan (Pasar Taba Penanjung)
2026-01-06,PSR01,CMR01,45000,kg,BD-SP2KP,,,,,SP2KP Kemendag: Cabai Merah Besar (Pasar Taba Penanjung)
2026-01-06,PSR92,CRW02,80000,kg,BD-SP2KP,,,,,SP2KP Kemendag: Cabai Rawit Merah (Pasar Panorama)
2026-01-06,PSR92,CRW01,86667,kg,BD-SP2KP,,,,,SP2KP Kemendag: Cabai Rawit Hijau (Pasar Panorama)
2026-01-06,PSR92,BWM01,53333,kg,BD-SP2KP,,,,,SP2KP Kemendag: Bawang Merah (Pasar Panorama)
2026-01-06,PSR92,GLP01,17500,kg,BD-SP2KP,,,,,SP2KP Kemendag: Gula Pasir Curah (Pasar Panorama)
2026-01-06,PSR92,GLP02,18000,kg,BD-SP2KP,,,,,SP2KP Kemendag: Gula Pasir Kemasan (Pasar Panorama)
2026-01-06,PSR92,MGR02,21000,liter,BD-SP2KP,,,,,SP2KP Kemendag: Minyak Goreng Sawit Kemasan Premium (Pasar Panorama)
2026-01-06,PSR92,DSP01,140000,kg,BD-SP2KP,,,,,SP2KP Kemendag: Daging Sapi Paha Belakang (Pasar Panorama)
2026-01-06,PSR92,CMR02,46667,kg,BD-SP2KP,,,,,SP2KP Kemendag: Cabai Merah Keriting (Pasar Panorama)
2026-01-06,PSR92,TLR01,33600,kg,BD-SP2KP,,,,,SP2KP Kemendag: Telur Ayam Ras (Pasar Panorama)
2026-01-06,PSR92,DAY01,40000,kg,BD-SP2KP,,,,,SP2KP Kemendag: Daging Ayam Ras (Pasar Panorama)
2026-01-06,PSR92,BWP01,45000,kg,BD-SP2KP,,,,,SP2KP Kemendag: Bawang Putih Honan (Pasar Panorama)
2026-01-06,PSR92,BRS05,16250,kg,BD-SP2KP,,,,,SP2KP Kemendag: Beras Premium (Pasar Panorama)
2026-01-06,PSR92,BRS03,13725,kg,BD-SP2KP,,,,,SP2KP Kemendag: Beras Medium (Pasar Panorama)
2026-01-06,PSR92,DSP02,140000,kg,BD-SP2KP,,,,,SP2KP Kemendag: Daging Sapi Paha Depan (Pasar Panorama)
2026-01-06,PSR92,CMR01,35000,kg,BD-SP2KP,,,,,SP2KP Kemendag: Cabai Merah Besar (Pasar Panorama)
2026-01-07,PSR91,CRW02,80000,kg,BD-SP2KP,,,,,SP2KP Kemendag: Cabai Rawit Merah (Pasar Kepahiang)
2026-01-07,PSR91,CRW01,80000,kg,BD-SP2KP,,,,,SP2KP Kemendag: Cabai Rawit Hijau (Pasar Kepahiang)
2026-01-07,PSR91,BWM01,45000,kg,BD-SP2KP,,,,,SP2KP Kemendag: Bawang Merah (Pasar Kepahiang)
2026-01-07,PSR91,GLP01,17000,kg,BD-SP2KP,,,,,SP2KP Kemendag: Gula Pasir Curah (Pasar Kepahiang)
2026-01-07,PSR91,GLP02,19000,kg,BD-SP2KP,,,,,SP2KP Kemendag: Gula Pasir Kemasan (Pasar Kepahiang)
2026-01-07,PSR91,MGR02,22000,liter,BD-SP2KP,,,,,SP2KP Kemendag: Minyak Goreng Sawit Kemasan Premium (Pasar Kepahiang)
2026-01-07,PSR91,DSP01,130000,kg,BD-SP2KP,,,,,SP2KP Kemendag: Daging Sapi Paha Belakang (Pasar Kepahiang)
2026-01-07,PSR91,CMR02,45000,kg,BD-SP2KP,,,,,SP2KP Kemendag: Cabai Merah Keriting (Pasar Kepahiang)
2026-01-07,PSR91,TLR01,29350,kg,BD-SP2KP,,,,,SP2KP Kemendag: Telur Ayam Ras (Pasar Kepahiang)
2026-01-07,PSR91,DAY01,40000,kg,BD-SP2KP,,,,,SP2KP Kemendag: Daging Ayam Ras (Pasar Kepahiang)
2026-01-07,PSR91,BWP01,35000,kg,BD-SP2KP,,,,,SP2KP Kemendag: Bawang Putih Honan (Pasar Kepahiang)
2026-01-07,PSR91,BRS05,15000,kg,BD-SP2KP,,,,,SP2KP Kemendag: Beras Premium (Pasar Kepahiang)
2026-01-07,PSR91,BRS03,13750,kg,BD-SP2KP,,,,,SP2KP Kemendag: Beras Medium (Pasar Kepahiang)
2026-01-07,PSR91,DSP02,130000,kg,BD-SP2KP,,,,,SP2KP Kemendag: Daging Sapi Paha Depan (Pasar Kepahiang)
2026-01-07,PSR91,CMR01,40000,kg,BD-SP2KP,,,,,SP2KP Kemendag: Cabai Merah Besar (Pasar Kepahiang)
2026-01-07,PSR01,CRW02,60000,kg,BD-SP2KP,,,,,SP2KP Kemendag: Cabai Rawit Merah (Pasar Taba Penanjung)
2026-01-07,PSR01,CRW01,60000,kg,BD-SP2KP,,,,,SP2KP Kemendag: Cabai Rawit Hijau (Pasar Taba Penanjung)
2026-01-07,PSR01,BWM01,40000,kg,BD-SP2KP,,,,,SP2KP Kemendag: Bawang Merah (Pasar Taba Penanjung)
2026-01-07,PSR01,GLP01,17000,kg,BD-SP2KP,,,,,SP2KP Kemendag: Gula Pasir Curah (Pasar Taba Penanjung)
2026-01-07,PSR01,GLP02,18000,kg,BD-SP2KP,,,,,SP2KP Kemendag: Gula Pasir Kemasan (Pasar Taba Penanjung)
2026-01-07,PSR01,MGR02,20000,liter,BD-SP2KP,,,,,SP2KP Kemendag: Minyak Goreng Sawit Kemasan Premium (Pasar Taba Penanjung)
2026-01-07,PSR01,DSP01,140000,kg,BD-SP2KP,,,,,SP2KP Kemendag: Daging Sapi Paha Belakang (Pasar Taba Penanjung)
2026-01-07,PSR01,CMR02,50000,kg,BD-SP2KP,,,,,SP2KP Kemendag: Cabai Merah Keriting (Pasar Taba Penanjung)
2026-01-07,PSR01,TLR01,30933,kg,BD-SP2KP,,,,,SP2KP Kemendag: Telur Ayam Ras (Pasar Taba Penanjung)
2026-01-07,PSR01,DAY01,35000,kg,BD-SP2KP,,,,,SP2KP Kemendag: Daging Ayam Ras (Pasar Taba Penanjung)
2026-01-07,PSR01,BWP01,40000,kg,BD-SP2KP,,,,,SP2KP Kemendag: Bawang Putih Honan (Pasar Taba Penanjung)
2026-01-07,PSR01,BRS05,16500,kg,BD-SP2KP,,,,,SP2KP Kemendag: Beras Premium (Pasar Taba Penanjung)
2026-01-07,PSR01,BRS03,13750,kg,BD-SP2KP,,,,,SP2KP Kemendag: Beras Medium (Pasar Taba Penanjung)
2026-01-07,PSR01,DSP02,140000,kg,BD-SP2KP,,,,,SP2KP Kemendag: Daging Sapi Paha Depan (Pasar Taba Penanjung)
2026-01-07,PSR01,CMR01,45000,kg,BD-SP2KP,,,,,SP2KP Kemendag: Cabai Merah Besar (Pasar Taba Penanjung)
2026-01-07,PSR92,CRW02,80000,kg,BD-SP2KP,,,,,SP2KP Kemendag: Cabai Rawit Merah (Pasar Panorama)
2026-01-07,PSR92,CRW01,86667,kg,BD-SP2KP,,,,,SP2KP Kemendag: Cabai Rawit Hijau (Pasar Panorama)
2026-01-07,PSR92,BWM01,53333,kg,BD-SP2KP,,,,,SP2KP Kemendag: Bawang Merah (Pasar Panorama)
2026-01-07,PSR92,GLP01,17500,kg,BD-SP2KP,,,,,SP2KP Kemendag: Gula Pasir Curah (Pasar Panorama)
2026-01-07,PSR92,GLP02,18000,kg,BD-SP2KP,,,,,SP2KP Kemendag: Gula Pasir Kemasan (Pasar Panorama)
2026-01-07,PSR92,MGR02,21000,liter,BD-SP2KP,,,,,SP2KP Kemendag: Minyak Goreng Sawit Kemasan Premium (Pasar Panorama)
2026-01-07,PSR92,DSP01,140000,kg,BD-SP2KP,,,,,SP2KP Kemendag: Daging Sapi Paha Belakang (Pasar Panorama)
2026-01-07,PSR92,CMR02,46667,kg,BD-SP2KP,,,,,SP2KP Kemendag: Cabai Merah Keriting (Pasar Panorama)
2026-01-07,PSR92,TLR01,33600,kg,BD-SP2KP,,,,,SP2KP Kemendag: Telur Ayam Ras (Pasar Panorama)
2026-01-07,PSR92,DAY01,40000,kg,BD-SP2KP,,,,,SP2KP Kemendag: Daging Ayam Ras (Pasar Panorama)
2026-01-07,PSR92,BWP01,45000,kg,BD-SP2KP,,,,,SP2KP Kemendag: Bawang Putih Honan (Pasar Panorama)
2026-01-07,PSR92,BRS05,16250,kg,BD-SP2KP,,,,,SP2KP Kemendag: Beras Premium (Pasar Panorama)
2026-01-07,PSR92,BRS03,13725,kg,BD-SP2KP,,,,,SP2KP Kemendag: Beras Medium (Pasar Panorama)
2026-01-07,PSR92,DSP02,140000,kg,BD-SP2KP,,,,,SP2KP Kemendag: Daging Sapi Paha Depan (Pasar Panorama)
2026-01-07,PSR92,CMR01,35000,kg,BD-SP2KP,,,,,SP2KP Kemendag: Cabai Merah Besar (Pasar Panorama)
2026-01-08,PSR91,CRW02,80000,kg,BD-SP2KP,,,,,SP2KP Kemendag: Cabai Rawit Merah (Pasar Kepahiang)
2026-01-08,PSR91,CRW01,80000,kg,BD-SP2KP,,,,,SP2KP Kemendag: Cabai Rawit Hijau (Pasar Kepahiang)
2026-01-08,PSR91,BWM01,45000,kg,BD-SP2KP,,,,,SP2KP Kemendag: Bawang Merah (Pasar Kepahiang)
2026-01-08,PSR91,GLP01,17000,kg,BD-SP2KP,,,,,SP2KP Kemendag: Gula Pasir Curah (Pasar Kepahiang)
2026-01-08,PSR91,GLP02,19000,kg,BD-SP2KP,,,,,SP2KP Kemendag: Gula Pasir Kemasan (Pasar Kepahiang)
2026-01-08,PSR91,MGR02,22000,liter,BD-SP2KP,,,,,SP2KP Kemendag: Minyak Goreng Sawit Kemasan Premium (Pasar Kepahiang)
2026-01-08,PSR91,DSP01,130000,kg,BD-SP2KP,,,,,SP2KP Kemendag: Daging Sapi Paha Belakang (Pasar Kepahiang)
2026-01-08,PSR91,CMR02,45000,kg,BD-SP2KP,,,,,SP2KP Kemendag: Cabai Merah Keriting (Pasar Kepahiang)
2026-01-08,PSR91,TLR01,29350,kg,BD-SP2KP,,,,,SP2KP Kemendag: Telur Ayam Ras (Pasar Kepahiang)
2026-01-08,PSR91,DAY01,40000,kg,BD-SP2KP,,,,,SP2KP Kemendag: Daging Ayam Ras (Pasar Kepahiang)
2026-01-08,PSR91,BWP01,35000,kg,BD-SP2KP,,,,,SP2KP Kemendag: Bawang Putih Honan (Pasar Kepahiang)
2026-01-08,PSR91,BRS05,15000,kg,BD-SP2KP,,,,,SP2KP Kemendag: Beras Premium (Pasar Kepahiang)
2026-01-08,PSR91,BRS03,13750,kg,BD-SP2KP,,,,,SP2KP Kemendag: Beras Medium (Pasar Kepahiang)
2026-01-08,PSR91,DSP02,130000,kg,BD-SP2KP,,,,,SP2KP Kemendag: Daging Sapi Paha Depan (Pasar Kepahiang)
2026-01-08,PSR91,CMR01,40000,kg,BD-SP2KP,,,,,SP2KP Kemendag: Cabai Merah Besar (Pasar Kepahiang)
2026-01-08,PSR01,CRW02,75000,kg,BD-SP2KP,,,,,SP2KP Kemendag: Cabai Rawit Merah (Pasar Taba Penanjung)
2026-01-08,PSR01,CRW01,75000,kg,BD-SP2KP,,,,,SP2KP Kemendag: Cabai Rawit Hijau (Pasar Taba Penanjung)
2026-01-08,PSR01,BWM01,40000,kg,BD-SP2KP,,,,,SP2KP Kemendag: Bawang Merah (Pasar Taba Penanjung)
2026-01-08,PSR01,GLP01,17000,kg,BD-SP2KP,,,,,SP2KP Kemendag: Gula Pasir Curah (Pasar Taba Penanjung)
2026-01-08,PSR01,GLP02,18000,kg,BD-SP2KP,,,,,SP2KP Kemendag: Gula Pasir Kemasan (Pasar Taba Penanjung)
2026-01-08,PSR01,MGR02,21000,liter,BD-SP2KP,,,,,SP2KP Kemendag: Minyak Goreng Sawit Kemasan Premium (Pasar Taba Penanjung)
2026-01-08,PSR01,DSP01,140000,kg,BD-SP2KP,,,,,SP2KP Kemendag: Daging Sapi Paha Belakang (Pasar Taba Penanjung)
2026-01-08,PSR01,CMR02,45000,kg,BD-SP2KP,,,,,SP2KP Kemendag: Cabai Merah Keriting (Pasar Taba Penanjung)
2026-01-08,PSR01,TLR01,30933,kg,BD-SP2KP,,,,,SP2KP Kemendag: Telur Ayam Ras (Pasar Taba Penanjung)
2026-01-08,PSR01,DAY01,37000,kg,BD-SP2KP,,,,,SP2KP Kemendag: Daging Ayam Ras (Pasar Taba Penanjung)
2026-01-08,PSR01,BWP01,40000,kg,BD-SP2KP,,,,,SP2KP Kemendag: Bawang Putih Honan (Pasar Taba Penanjung)
2026-01-08,PSR01,BRS05,16500,kg,BD-SP2KP,,,,,SP2KP Kemendag: Beras Premium (Pasar Taba Penanjung)
2026-01-08,PSR01,BRS03,13750,kg,BD-SP2KP,,,,,SP2KP Kemendag: Beras Medium (Pasar Taba Penanjung)
2026-01-08,PSR01,DSP02,140000,kg,BD-SP2KP,,,,,SP2KP Kemendag: Daging Sapi Paha Depan (Pasar Taba Penanjung)
2026-01-08,PSR01,CMR01,40000,kg,BD-SP2KP,,,,,SP2KP Kemendag: Cabai Merah Besar (Pasar Taba Penanjung)
2026-01-08,PSR92,CRW02,80000,kg,BD-SP2KP,,,,,SP2KP Kemendag: Cabai Rawit Merah (Pasar Panorama)
2026-01-08,PSR92,CRW01,86667,kg,BD-SP2KP,,,,,SP2KP Kemendag: Cabai Rawit Hijau (Pasar Panorama)
2026-01-08,PSR92,BWM01,53333,kg,BD-SP2KP,,,,,SP2KP Kemendag: Bawang Merah (Pasar Panorama)
2026-01-08,PSR92,GLP01,17500,kg,BD-SP2KP,,,,,SP2KP Kemendag: Gula Pasir Curah (Pasar Panorama)
2026-01-08,PSR92,GLP02,18000,kg,BD-SP2KP,,,,,SP2KP Kemendag: Gula Pasir Kemasan (Pasar Panorama)
2026-01-08,PSR92,MGR02,21000,liter,BD-SP2KP,,,,,SP2KP Kemendag: Minyak Goreng Sawit Kemasan Premium (Pasar Panorama)
2026-01-08,PSR92,DSP01,140000,kg,BD-SP2KP,,,,,SP2KP Kemendag: Daging Sapi Paha Belakang (Pasar Panorama)
2026-01-08,PSR92,CMR02,46667,kg,BD-SP2KP,,,,,SP2KP Kemendag: Cabai Merah Keriting (Pasar Panorama)
2026-01-08,PSR92,TLR01,33600,kg,BD-SP2KP,,,,,SP2KP Kemendag: Telur Ayam Ras (Pasar Panorama)
2026-01-08,PSR92,DAY01,40000,kg,BD-SP2KP,,,,,SP2KP Kemendag: Daging Ayam Ras (Pasar Panorama)
2026-01-08,PSR92,BWP01,45000,kg,BD-SP2KP,,,,,SP2KP Kemendag: Bawang Putih Honan (Pasar Panorama)
2026-01-08,PSR92,BRS05,16250,kg,BD-SP2KP,,,,,SP2KP Kemendag: Beras Premium (Pasar Panorama)
2026-01-08,PSR92,BRS03,13725,kg,BD-SP2KP,,,,,SP2KP Kemendag: Beras Medium (Pasar Panorama)
2026-01-08,PSR92,DSP02,140000,kg,BD-SP2KP,,,,,SP2KP Kemendag: Daging Sapi Paha Depan (Pasar Panorama)
2026-01-08,PSR92,CMR01,35000,kg,BD-SP2KP,,,,,SP2KP Kemendag: Cabai Merah Besar (Pasar Panorama)
2026-01-09,PSR91,CRW02,80000,kg,BD-SP2KP,,,,,SP2KP Kemendag: Cabai Rawit Merah (Pasar Kepahiang)
2026-01-09,PSR91,CRW01,80000,kg,BD-SP2KP,,,,,SP2KP Kemendag: Cabai Rawit Hijau (Pasar Kepahiang)
2026-01-09,PSR91,BWM01,45000,kg,BD-SP2KP,,,,,SP2KP Kemendag: Bawang Merah (Pasar Kepahiang)
2026-01-09,PSR91,GLP01,17000,kg,BD-SP2KP,,,,,SP2KP Kemendag: Gula Pasir Curah (Pasar Kepahiang)
2026-01-09,PSR91,GLP02,19000,kg,BD-SP2KP,,,,,SP2KP Kemendag: Gula Pasir Kemasan (Pasar Kepahiang)
2026-01-09,PSR91,MGR02,22000,liter,BD-SP2KP,,,,,SP2KP Kemendag: Minyak Goreng Sawit Kemasan Premium (Pasar Kepahiang)
2026-01-09,PSR91,DSP01,130000,kg,BD-SP2KP,,,,,SP2KP Kemendag: Daging Sapi Paha Belakang (Pasar Kepahiang)
2026-01-09,PSR91,CMR02,40000,kg,BD-SP2KP,,,,,SP2KP Kemendag: Cabai Merah Keriting (Pasar Kepahiang)
2026-01-09,PSR91,TLR01,29350,kg,BD-SP2KP,,,,,SP2KP Kemendag: Telur Ayam Ras (Pasar Kepahiang)
2026-01-09,PSR91,DAY01,40000,kg,BD-SP2KP,,,,,SP2KP Kemendag: Daging Ayam Ras (Pasar Kepahiang)
2026-01-09,PSR91,BWP01,35000,kg,BD-SP2KP,,,,,SP2KP Kemendag: Bawang Putih Honan (Pasar Kepahiang)
2026-01-09,PSR91,BRS05,15000,kg,BD-SP2KP,,,,,SP2KP Kemendag: Beras Premium (Pasar Kepahiang)
2026-01-09,PSR91,BRS03,13750,kg,BD-SP2KP,,,,,SP2KP Kemendag: Beras Medium (Pasar Kepahiang)
2026-01-09,PSR91,DSP02,130000,kg,BD-SP2KP,,,,,SP2KP Kemendag: Daging Sapi Paha Depan (Pasar Kepahiang)
2026-01-09,PSR91,CMR01,38000,kg,BD-SP2KP,,,,,SP2KP Kemendag: Cabai Merah Besar (Pasar Kepahiang)
2026-01-09,PSR01,CRW02,75000,kg,BD-SP2KP,,,,,SP2KP Kemendag: Cabai Rawit Merah (Pasar Taba Penanjung)
2026-01-09,PSR01,CRW01,75000,kg,BD-SP2KP,,,,,SP2KP Kemendag: Cabai Rawit Hijau (Pasar Taba Penanjung)
2026-01-09,PSR01,BWM01,40000,kg,BD-SP2KP,,,,,SP2KP Kemendag: Bawang Merah (Pasar Taba Penanjung)
2026-01-09,PSR01,GLP01,17000,kg,BD-SP2KP,,,,,SP2KP Kemendag: Gula Pasir Curah (Pasar Taba Penanjung)
2026-01-09,PSR01,GLP02,18000,kg,BD-SP2KP,,,,,SP2KP Kemendag: Gula Pasir Kemasan (Pasar Taba Penanjung)
2026-01-09,PSR01,MGR02,21000,liter,BD-SP2KP,,,,,SP2KP Kemendag: Minyak Goreng Sawit Kemasan Premium (Pasar Taba Penanjung)
2026-01-09,PSR01,DSP01,140000,kg,BD-SP2KP,,,,,SP2KP Kemendag: Daging Sapi Paha Belakang (Pasar Taba Penanjung)
2026-01-09,PSR01,CMR02,45000,kg,BD-SP2KP,,,,,SP2KP Kemendag: Cabai Merah Keriting (Pasar Taba Penanjung)
2026-01-09,PSR01,TLR01,30933,kg,BD-SP2KP,,,,,SP2KP Kemendag: Telur Ayam Ras (Pasar Taba Penanjung)
2026-01-09,PSR01,DAY01,37000,kg,BD-SP2KP,,,,,SP2KP Kemendag: Daging Ayam Ras (Pasar Taba Penanjung)
2026-01-09,PSR01,BWP01,40000,kg,BD-SP2KP,,,,,SP2KP Kemendag: Bawang Putih Honan (Pasar Taba Penanjung)
2026-01-09,PSR01,BRS05,16500,kg,BD-SP2KP,,,,,SP2KP Kemendag: Beras Premium (Pasar Taba Penanjung)
2026-01-09,PSR01,BRS03,13750,kg,BD-SP2KP,,,,,SP2KP Kemendag: Beras Medium (Pasar Taba Penanjung)
2026-01-09,PSR01,DSP02,140000,kg,BD-SP2KP,,,,,SP2KP Kemendag: Daging Sapi Paha Depan (Pasar Taba Penanjung)
2026-01-09,PSR01,CMR01,40000,kg,BD-SP2KP,,,,,SP2KP Kemendag: Cabai Merah Besar (Pasar Taba Penanjung)
2026-01-09,PSR92,CRW02,80000,kg,BD-SP2KP,,,,,SP2KP Kemendag: Cabai Rawit Merah (Pasar Panorama)
2026-01-09,PSR92,CRW01,86667,kg,BD-SP2KP,,,,,SP2KP Kemendag: Cabai Rawit Hijau (Pasar Panorama)
2026-01-09,PSR92,BWM01,53333,kg,BD-SP2KP,,,,,SP2KP Kemendag: Bawang Merah (Pasar Panorama)
2026-01-09,PSR92,GLP01,17500,kg,BD-SP2KP,,,,,SP2KP Kemendag: Gula Pasir Curah (Pasar Panorama)
2026-01-09,PSR92,GLP02,18000,kg,BD-SP2KP,,,,,SP2KP Kemendag: Gula Pasir Kemasan (Pasar Panorama)
2026-01-09,PSR92,MGR02,21000,liter,BD-SP2KP,,,,,SP2KP Kemendag: Minyak Goreng Sawit Kemasan Premium (Pasar Panorama)
2026-01-09,PSR92,DSP01,140000,kg,BD-SP2KP,,,,,SP2KP Kemendag: Daging Sapi Paha Belakang (Pasar Panorama)
2026-01-09,PSR92,CMR02,46667,kg,BD-SP2KP,,,,,SP2KP Kemendag: Cabai Merah Keriting (Pasar Panorama)
2026-01-09,PSR92,TLR01,33600,kg,BD-SP2KP,,,,,SP2KP Kemendag: Telur Ayam Ras (Pasar Panorama)
2026-01-09,PSR92,DAY01,40000,kg,BD-SP2KP,,,,,SP2KP Kemendag: Daging Ayam Ras (Pasar Panorama)
2026-01-09,PSR92,BWP01,45000,kg,BD-SP2KP,,,,,SP2KP Kemendag: Bawang Putih Honan (Pasar Panorama)
2026-01-09,PSR92,BRS05,16250,kg,BD-SP2KP,,,,,SP2KP Kemendag: Beras Premium (Pasar Panorama)
2026-01-09,PSR92,BRS03,13725,kg,BD-SP2KP,,,,,SP2KP Kemendag: Beras Medium (Pasar Panorama)
2026-01-09,PSR92,DSP02,140000,kg,BD-SP2KP,,,,,SP2KP Kemendag: Daging Sapi Paha Depan (Pasar Panorama)
2026-01-09,PSR92,CMR01,35000,kg,BD-SP2KP,,,,,SP2KP Kemendag: Cabai Merah Besar (Pasar Panorama)
2026-01-12,PSR91,CRW02,80000,kg,BD-SP2KP,,,,,SP2KP Kemendag: Cabai Rawit Merah (Pasar Kepahiang)
2026-01-12,PSR91,CRW01,70000,kg,BD-SP2KP,,,,,SP2KP Kemendag: Cabai Rawit Hijau (Pasar Kepahiang)
2026-01-12,PSR91,BWM01,40000,kg,BD-SP2KP,,,,,SP2KP Kemendag: Bawang Merah (Pasar Kepahiang)
2026-01-12,PSR91,GLP01,17000,kg,BD-SP2KP,,,,,SP2KP Kemendag: Gula Pasir Curah (Pasar Kepahiang)
2026-01-12,PSR91,GLP02,19000,kg,BD-SP2KP,,,,,SP2KP Kemendag: Gula Pasir Kemasan (Pasar Kepahiang)
2026-01-12,PSR91,MGR02,22000,liter,BD-SP2KP,,,,,SP2KP Kemendag: Minyak Goreng Sawit Kemasan Premium (Pasar Kepahiang)
2026-01-12,PSR91,DSP01,130000,kg,BD-SP2KP,,,,,SP2KP Kemendag: Daging Sapi Paha Belakang (Pasar Kepahiang)
2026-01-12,PSR91,CMR02,40000,kg,BD-SP2KP,,,,,SP2KP Kemendag: Cabai Merah Keriting (Pasar Kepahiang)
2026-01-12,PSR91,TLR01,29350,kg,BD-SP2KP,,,,,SP2KP Kemendag: Telur Ayam Ras (Pasar Kepahiang)
2026-01-12,PSR91,DAY01,42000,kg,BD-SP2KP,,,,,SP2KP Kemendag: Daging Ayam Ras (Pasar Kepahiang)
2026-01-12,PSR91,BWP01,40000,kg,BD-SP2KP,,,,,SP2KP Kemendag: Bawang Putih Honan (Pasar Kepahiang)
2026-01-12,PSR91,BRS05,15000,kg,BD-SP2KP,,,,,SP2KP Kemendag: Beras Premium (Pasar Kepahiang)
2026-01-12,PSR91,BRS03,13750,kg,BD-SP2KP,,,,,SP2KP Kemendag: Beras Medium (Pasar Kepahiang)
2026-01-12,PSR91,DSP02,130000,kg,BD-SP2KP,,,,,SP2KP Kemendag: Daging Sapi Paha Depan (Pasar Kepahiang)
2026-01-12,PSR91,CMR01,38000,kg,BD-SP2KP,,,,,SP2KP Kemendag: Cabai Merah Besar (Pasar Kepahiang)
2026-01-12,PSR01,CRW02,75000,kg,BD-SP2KP,,,,,SP2KP Kemendag: Cabai Rawit Merah (Pasar Taba Penanjung)
2026-01-12,PSR01,CRW01,75000,kg,BD-SP2KP,,,,,SP2KP Kemendag: Cabai Rawit Hijau (Pasar Taba Penanjung)
2026-01-12,PSR01,BWM01,40000,kg,BD-SP2KP,,,,,SP2KP Kemendag: Bawang Merah (Pasar Taba Penanjung)
2026-01-12,PSR01,GLP01,17000,kg,BD-SP2KP,,,,,SP2KP Kemendag: Gula Pasir Curah (Pasar Taba Penanjung)
2026-01-12,PSR01,GLP02,18000,kg,BD-SP2KP,,,,,SP2KP Kemendag: Gula Pasir Kemasan (Pasar Taba Penanjung)
2026-01-12,PSR01,MGR02,21000,liter,BD-SP2KP,,,,,SP2KP Kemendag: Minyak Goreng Sawit Kemasan Premium (Pasar Taba Penanjung)
2026-01-12,PSR01,DSP01,140000,kg,BD-SP2KP,,,,,SP2KP Kemendag: Daging Sapi Paha Belakang (Pasar Taba Penanjung)
2026-01-12,PSR01,CMR02,45000,kg,BD-SP2KP,,,,,SP2KP Kemendag: Cabai Merah Keriting (Pasar Taba Penanjung)
2026-01-12,PSR01,TLR01,30933,kg,BD-SP2KP,,,,,SP2KP Kemendag: Telur Ayam Ras (Pasar Taba Penanjung)
2026-01-12,PSR01,DAY01,37000,kg,BD-SP2KP,,,,,SP2KP Kemendag: Daging Ayam Ras (Pasar Taba Penanjung)
2026-01-12,PSR01,BWP01,40000,kg,BD-SP2KP,,,,,SP2KP Kemendag: Bawang Putih Honan (Pasar Taba Penanjung)
2026-01-12,PSR01,BRS05,16500,kg,BD-SP2KP,,,,,SP2KP Kemendag: Beras Premium (Pasar Taba Penanjung)
2026-01-12,PSR01,BRS03,13750,kg,BD-SP2KP,,,,,SP2KP Kemendag: Beras Medium (Pasar Taba Penanjung)
2026-01-12,PSR01,DSP02,140000,kg,BD-SP2KP,,,,,SP2KP Kemendag: Daging Sapi Paha Depan (Pasar Taba Penanjung)
2026-01-12,PSR01,CMR01,40000,kg,BD-SP2KP,,,,,SP2KP Kemendag: Cabai Merah Besar (Pasar Taba Penanjung)
2026-01-12,PSR92,CRW02,80000,kg,BD-SP2KP,,,,,SP2KP Kemendag: Cabai Rawit Merah (Pasar Panorama)
2026-01-12,PSR92,CRW01,86667,kg,BD-SP2KP,,,,,SP2KP Kemendag: Cabai Rawit Hijau (Pasar Panorama)
2026-01-12,PSR92,BWM01,53333,kg,BD-SP2KP,,,,,SP2KP Kemendag: Bawang Merah (Pasar Panorama)
2026-01-12,PSR92,GLP01,17500,kg,BD-SP2KP,,,,,SP2KP Kemendag: Gula Pasir Curah (Pasar Panorama)
2026-01-12,PSR92,GLP02,18000,kg,BD-SP2KP,,,,,SP2KP Kemendag: Gula Pasir Kemasan (Pasar Panorama)
2026-01-12,PSR92,MGR02,21000,liter,BD-SP2KP,,,,,SP2KP Kemendag: Minyak Goreng Sawit Kemasan Premium (Pasar Panorama)
2026-01-12,PSR92,DSP01,140000,kg,BD-SP2KP,,,,,SP2KP Kemendag: Daging Sapi Paha Belakang (Pasar Panorama)
2026-01-12,PSR92,CMR02,46667,kg,BD-SP2KP,,,,,SP2KP Kemendag: Cabai Merah Keriting (Pasar Panorama)
2026-01-12,PSR92,TLR01,33600,kg,BD-SP2KP,,,,,SP2KP Kemendag: Telur Ayam Ras (Pasar Panorama)
2026-01-12,PSR92,DAY01,40000,kg,BD-SP2KP,,,,,SP2KP Kemendag: Daging Ayam Ras (Pasar Panorama)
2026-01-12,PSR92,BWP01,45000,kg,BD-SP2KP,,,,,SP2KP Kemendag: Bawang Putih Honan (Pasar Panorama)
2026-01-12,PSR92,BRS05,16250,kg,BD-SP2KP,,,,,SP2KP Kemendag: Beras Premium (Pasar Panorama)
2026-01-12,PSR92,BRS03,13725,kg,BD-SP2KP,,,,,SP2KP Kemendag: Beras Medium (Pasar Panorama)
2026-01-12,PSR92,DSP02,140000,kg,BD-SP2KP,,,,,SP2KP Kemendag: Daging Sapi Paha Depan (Pasar Panorama)
2026-01-12,PSR92,CMR01,35000,kg,BD-SP2KP,,,,,SP2KP Kemendag: Cabai Merah Besar (Pasar Panorama)
2026-01-13,PSR91,CRW02,80000,kg,BD-SP2KP,,,,,SP2KP Kemendag: Cabai Rawit Merah (Pasar Kepahiang)
2026-01-13,PSR91,CRW01,70000,kg,BD-SP2KP,,,,,SP2KP Kemendag: Cabai Rawit Hijau (Pasar Kepahiang)
2026-01-13,PSR91,BWM01,40000,kg,BD-SP2KP,,,,,SP2KP Kemendag: Bawang Merah (Pasar Kepahiang)
2026-01-13,PSR91,GLP01,17000,kg,BD-SP2KP,,,,,SP2KP Kemendag: Gula Pasir Curah (Pasar Kepahiang)
2026-01-13,PSR91,GLP02,19000,kg,BD-SP2KP,,,,,SP2KP Kemendag: Gula Pasir Kemasan (Pasar Kepahiang)
2026-01-13,PSR91,MGR02,22000,liter,BD-SP2KP,,,,,SP2KP Kemendag: Minyak Goreng Sawit Kemasan Premium (Pasar Kepahiang)
2026-01-13,PSR91,DSP01,130000,kg,BD-SP2KP,,,,,SP2KP Kemendag: Daging Sapi Paha Belakang (Pasar Kepahiang)
2026-01-13,PSR91,CMR02,40000,kg,BD-SP2KP,,,,,SP2KP Kemendag: Cabai Merah Keriting (Pasar Kepahiang)
2026-01-13,PSR91,TLR01,29350,kg,BD-SP2KP,,,,,SP2KP Kemendag: Telur Ayam Ras (Pasar Kepahiang)
2026-01-13,PSR91,DAY01,42000,kg,BD-SP2KP,,,,,SP2KP Kemendag: Daging Ayam Ras (Pasar Kepahiang)
2026-01-13,PSR91,BWP01,40000,kg,BD-SP2KP,,,,,SP2KP Kemendag: Bawang Putih Honan (Pasar Kepahiang)
2026-01-13,PSR91,BRS05,15000,kg,BD-SP2KP,,,,,SP2KP Kemendag: Beras Premium (Pasar Kepahiang)
2026-01-13,PSR91,BRS03,13750,kg,BD-SP2KP,,,,,SP2KP Kemendag: Beras Medium (Pasar Kepahiang)
2026-01-13,PSR91,DSP02,130000,kg,BD-SP2KP,,,,,SP2KP Kemendag: Daging Sapi Paha Depan (Pasar Kepahiang)
2026-01-13,PSR91,CMR01,38000,kg,BD-SP2KP,,,,,SP2KP Kemendag: Cabai Merah Besar (Pasar Kepahiang)
2026-01-13,PSR01,CRW02,75000,kg,BD-SP2KP,,,,,SP2KP Kemendag: Cabai Rawit Merah (Pasar Taba Penanjung)
2026-01-13,PSR01,CRW01,75000,kg,BD-SP2KP,,,,,SP2KP Kemendag: Cabai Rawit Hijau (Pasar Taba Penanjung)
2026-01-13,PSR01,BWM01,40000,kg,BD-SP2KP,,,,,SP2KP Kemendag: Bawang Merah (Pasar Taba Penanjung)
2026-01-13,PSR01,GLP01,17000,kg,BD-SP2KP,,,,,SP2KP Kemendag: Gula Pasir Curah (Pasar Taba Penanjung)
2026-01-13,PSR01,GLP02,18000,kg,BD-SP2KP,,,,,SP2KP Kemendag: Gula Pasir Kemasan (Pasar Taba Penanjung)
2026-01-13,PSR01,MGR02,21000,liter,BD-SP2KP,,,,,SP2KP Kemendag: Minyak Goreng Sawit Kemasan Premium (Pasar Taba Penanjung)
2026-01-13,PSR01,DSP01,140000,kg,BD-SP2KP,,,,,SP2KP Kemendag: Daging Sapi Paha Belakang (Pasar Taba Penanjung)
2026-01-13,PSR01,CMR02,45000,kg,BD-SP2KP,,,,,SP2KP Kemendag: Cabai Merah Keriting (Pasar Taba Penanjung)
2026-01-13,PSR01,TLR01,30933,kg,BD-SP2KP,,,,,SP2KP Kemendag: Telur Ayam Ras (Pasar Taba Penanjung)
2026-01-13,PSR01,DAY01,37000,kg,BD-SP2KP,,,,,SP2KP Kemendag: Daging Ayam Ras (Pasar Taba Penanjung)
2026-01-13,PSR01,BWP01,40000,kg,BD-SP2KP,,,,,SP2KP Kemendag: Bawang Putih Honan (Pasar Taba Penanjung)
2026-01-13,PSR01,BRS05,16500,kg,BD-SP2KP,,,,,SP2KP Kemendag: Beras Premium (Pasar Taba Penanjung)
2026-01-13,PSR01,BRS03,13750,kg,BD-SP2KP,,,,,SP2KP Kemendag: Beras Medium (Pasar Taba Penanjung)
2026-01-13,PSR01,DSP02,140000,kg,BD-SP2KP,,,,,SP2KP Kemendag: Daging Sapi Paha Depan (Pasar Taba Penanjung)
2026-01-13,PSR01,CMR01,40000,kg,BD-SP2KP,,,,,SP2KP Kemendag: Cabai Merah Besar (Pasar Taba Penanjung)
2026-01-13,PSR92,CRW02,80000,kg,BD-SP2KP,,,,,SP2KP Kemendag: Cabai Rawit Merah (Pasar Panorama)
2026-01-13,PSR92,CRW01,86667,kg,BD-SP2KP,,,,,SP2KP Kemendag: Cabai Rawit Hijau (Pasar Panorama)
2026-01-13,PSR92,BWM01,53333,kg,BD-SP2KP,,,,,SP2KP Kemendag: Bawang Merah (Pasar Panorama)
2026-01-13,PSR92,GLP01,17500,kg,BD-SP2KP,,,,,SP2KP Kemendag: Gula Pasir Curah (Pasar Panorama)
2026-01-13,PSR92,GLP02,18000,kg,BD-SP2KP,,,,,SP2KP Kemendag: Gula Pasir Kemasan (Pasar Panorama)
2026-01-13,PSR92,MGR02,21000,liter,BD-SP2KP,,,,,SP2KP Kemendag: Minyak Goreng Sawit Kemasan Premium (Pasar Panorama)
2026-01-13,PSR92,DSP01,140000,kg,BD-SP2KP,,,,,SP2KP Kemendag: Daging Sapi Paha Belakang (Pasar Panorama)
2026-01-13,PSR92,CMR02,46667,kg,BD-SP2KP,,,,,SP2KP Kemendag: Cabai Merah Keriting (Pasar Panorama)
2026-01-13,PSR92,TLR01,33600,kg,BD-SP2KP,,,,,SP2KP Kemendag: Telur Ayam Ras (Pasar Panorama)
2026-01-13,PSR92,DAY01,40000,kg,BD-SP2KP,,,,,SP2KP Kemendag: Daging Ayam Ras (Pasar Panorama)
2026-01-13,PSR92,BWP01,45000,kg,BD-SP2KP,,,,,SP2KP Kemendag: Bawang Putih Honan (Pasar Panorama)
2026-01-13,PSR92,BRS05,16250,kg,BD-SP2KP,,,,,SP2KP Kemendag: Beras Premium (Pasar Panorama)
2026-01-13,PSR92,BRS03,13725,kg,BD-SP2KP,,,,,SP2KP Kemendag: Beras Medium (Pasar Panorama)
2026-01-13,PSR92,DSP02,140000,kg,BD-SP2KP,,,,,SP2KP Kemendag: Daging Sapi Paha Depan (Pasar Panorama)
2026-01-13,PSR92,CMR01,35000,kg,BD-SP2KP,,,,,SP2KP Kemendag: Cabai Merah Besar (Pasar Panorama)
2026-01-14,PSR91,CRW02,70000,kg,BD-SP2KP,,,,,SP2KP Kemendag: Cabai Rawit Merah (Pasar Kepahiang)
2026-01-14,PSR91,CRW01,60000,kg,BD-SP2KP,,,,,SP2KP Kemendag: Cabai Rawit Hijau (Pasar Kepahiang)
2026-01-14,PSR91,BWM01,40000,kg,BD-SP2KP,,,,,SP2KP Kemendag: Bawang Merah (Pasar Kepahiang)
2026-01-14,PSR91,GLP01,17000,kg,BD-SP2KP,,,,,SP2KP Kemendag: Gula Pasir Curah (Pasar Kepahiang)
2026-01-14,PSR91,GLP02,19000,kg,BD-SP2KP,,,,,SP2KP Kemendag: Gula Pasir Kemasan (Pasar Kepahiang)
2026-01-14,PSR91,MGR02,22000,liter,BD-SP2KP,,,,,SP2KP Kemendag: Minyak Goreng Sawit Kemasan Premium (Pasar Kepahiang)
2026-01-14,PSR91,DSP01,130000,kg,BD-SP2KP,,,,,SP2KP Kemendag: Daging Sapi Paha Belakang (Pasar Kepahiang)
2026-01-14,PSR91,CMR02,40000,kg,BD-SP2KP,,,,,SP2KP Kemendag: Cabai Merah Keriting (Pasar Kepahiang)
2026-01-14,PSR91,TLR01,29350,kg,BD-SP2KP,,,,,SP2KP Kemendag: Telur Ayam Ras (Pasar Kepahiang)
2026-01-14,PSR91,DAY01,42000,kg,BD-SP2KP,,,,,SP2KP Kemendag: Daging Ayam Ras (Pasar Kepahiang)
2026-01-14,PSR91,BWP01,40000,kg,BD-SP2KP,,,,,SP2KP Kemendag: Bawang Putih Honan (Pasar Kepahiang)
2026-01-14,PSR91,BRS05,15000,kg,BD-SP2KP,,,,,SP2KP Kemendag: Beras Premium (Pasar Kepahiang)
2026-01-14,PSR91,BRS03,13750,kg,BD-SP2KP,,,,,SP2KP Kemendag: Beras Medium (Pasar Kepahiang)
2026-01-14,PSR91,DSP02,130000,kg,BD-SP2KP,,,,,SP2KP Kemendag: Daging Sapi Paha Depan (Pasar Kepahiang)
2026-01-14,PSR91,CMR01,35000,kg,BD-SP2KP,,,,,SP2KP Kemendag: Cabai Merah Besar (Pasar Kepahiang)
2026-01-14,PSR01,CRW02,75000,kg,BD-SP2KP,,,,,SP2KP Kemendag: Cabai Rawit Merah (Pasar Taba Penanjung)
2026-01-14,PSR01,CRW01,75000,kg,BD-SP2KP,,,,,SP2KP Kemendag: Cabai Rawit Hijau (Pasar Taba Penanjung)
2026-01-14,PSR01,BWM01,40000,kg,BD-SP2KP,,,,,SP2KP Kemendag: Bawang Merah (Pasar Taba Penanjung)
2026-01-14,PSR01,GLP01,17000,kg,BD-SP2KP,,,,,SP2KP Kemendag: Gula Pasir Curah (Pasar Taba Penanjung)
2026-01-14,PSR01,GLP02,18000,kg,BD-SP2KP,,,,,SP2KP Kemendag: Gula Pasir Kemasan (Pasar Taba Penanjung)
2026-01-14,PSR01,MGR02,21000,liter,BD-SP2KP,,,,,SP2KP Kemendag: Minyak Goreng Sawit Kemasan Premium (Pasar Taba Penanjung)
2026-01-14,PSR01,DSP01,140000,kg,BD-SP2KP,,,,,SP2KP Kemendag: Daging Sapi Paha Belakang (Pasar Taba Penanjung)
2026-01-14,PSR01,CMR02,45000,kg,BD-SP2KP,,,,,SP2KP Kemendag: Cabai Merah Keriting (Pasar Taba Penanjung)
2026-01-14,PSR01,TLR01,30933,kg,BD-SP2KP,,,,,SP2KP Kemendag: Telur Ayam Ras (Pasar Taba Penanjung)
2026-01-14,PSR01,DAY01,37000,kg,BD-SP2KP,,,,,SP2KP Kemendag: Daging Ayam Ras (Pasar Taba Penanjung)
2026-01-14,PSR01,BWP01,40000,kg,BD-SP2KP,,,,,SP2KP Kemendag: Bawang Putih Honan (Pasar Taba Penanjung)
2026-01-14,PSR01,BRS05,16500,kg,BD-SP2KP,,,,,SP2KP Kemendag: Beras Premium (Pasar Taba Penanjung)
2026-01-14,PSR01,BRS03,13750,kg,BD-SP2KP,,,,,SP2KP Kemendag: Beras Medium (Pasar Taba Penanjung)
2026-01-14,PSR01,DSP02,140000,kg,BD-SP2KP,,,,,SP2KP Kemendag: Daging Sapi Paha Depan (Pasar Taba Penanjung)
2026-01-14,PSR01,CMR01,40000,kg,BD-SP2KP,,,,,SP2KP Kemendag: Cabai Merah Besar (Pasar Taba Penanjung)
2026-01-14,PSR92,CRW02,80000,kg,BD-SP2KP,,,,,SP2KP Kemendag: Cabai Rawit Merah (Pasar Panorama)
2026-01-14,PSR92,CRW01,86667,kg,BD-SP2KP,,,,,SP2KP Kemendag: Cabai Rawit Hijau (Pasar Panorama)
2026-01-14,PSR92,BWM01,53333,kg,BD-SP2KP,,,,,SP2KP Kemendag: Bawang Merah (Pasar Panorama)
2026-01-14,PSR92,GLP01,17500,kg,BD-SP2KP,,,,,SP2KP Kemendag: Gula Pasir Curah (Pasar Panorama)
2026-01-14,PSR92,GLP02,18000,kg,BD-SP2KP,,,,,SP2KP Kemendag: Gula Pasir Kemasan (Pasar Panorama)
2026-01-14,PSR92,MGR02,22000,liter,BD-SP2KP,,,,,SP2KP Kemendag: Minyak Goreng Sawit Kemasan Premium (Pasar Panorama)
2026-01-14,PSR92,DSP01,140000,kg,BD-SP2KP,,,,,SP2KP Kemendag: Daging Sapi Paha Belakang (Pasar Panorama)
2026-01-14,PSR92,CMR02,46667,kg,BD-SP2KP,,,,,SP2KP Kemendag: Cabai Merah Keriting (Pasar Panorama)
2026-01-14,PSR92,TLR01,33600,kg,BD-SP2KP,,,,,SP2KP Kemendag: Telur Ayam Ras (Pasar Panorama)
2026-01-14,PSR92,DAY01,40000,kg,BD-SP2KP,,,,,SP2KP Kemendag: Daging Ayam Ras (Pasar Panorama)
2026-01-14,PSR92,BWP01,45000,kg,BD-SP2KP,,,,,SP2KP Kemendag: Bawang Putih Honan (Pasar Panorama)
2026-01-14,PSR92,BRS05,16250,kg,BD-SP2KP,,,,,SP2KP Kemendag: Beras Premium (Pasar Panorama)
2026-01-14,PSR92,BRS03,13725,kg,BD-SP2KP,,,,,SP2KP Kemendag: Beras Medium (Pasar Panorama)
2026-01-14,PSR92,DSP02,140000,kg,BD-SP2KP,,,,,SP2KP Kemendag: Daging Sapi Paha Depan (Pasar Panorama)
2026-01-14,PSR92,CMR01,35000,kg,BD-SP2KP,,,,,SP2KP Kemendag: Cabai Merah Besar (Pasar Panorama)
2026-01-15,PSR91,CRW02,70000,kg,BD-SP2KP,,,,,SP2KP Kemendag: Cabai Rawit Merah (Pasar Kepahiang)
2026-01-15,PSR91,CRW01,60000,kg,BD-SP2KP,,,,,SP2KP Kemendag: Cabai Rawit Hijau (Pasar Kepahiang)
2026-01-15,PSR91,BWM01,40000,kg,BD-SP2KP,,,,,SP2KP Kemendag: Bawang Merah (Pasar Kepahiang)
2026-01-15,PSR91,GLP01,17000,kg,BD-SP2KP,,,,,SP2KP Kemendag: Gula Pasir Curah (Pasar Kepahiang)
2026-01-15,PSR91,GLP02,19000,kg,BD-SP2KP,,,,,SP2KP Kemendag: Gula Pasir Kemasan (Pasar Kepahiang)
2026-01-15,PSR91,MGR02,22000,liter,BD-SP2KP,,,,,SP2KP Kemendag: Minyak Goreng Sawit Kemasan Premium (Pasar Kepahiang)
2026-01-15,PSR91,DSP01,130000,kg,BD-SP2KP,,,,,SP2KP Kemendag: Daging Sapi Paha Belakang (Pasar Kepahiang)
2026-01-15,PSR91,CMR02,40000,kg,BD-SP2KP,,,,,SP2KP Kemendag: Cabai Merah Keriting (Pasar Kepahiang)
2026-01-15,PSR91,TLR01,29350,kg,BD-SP2KP,,,,,SP2KP Kemendag: Telur Ayam Ras (Pasar Kepahiang)
2026-01-15,PSR91,DAY01,42000,kg,BD-SP2KP,,,,,SP2KP Kemendag: Daging Ayam Ras (Pasar Kepahiang)
2026-01-15,PSR91,BWP01,40000,kg,BD-SP2KP,,,,,SP2KP Kemendag: Bawang Putih Honan (Pasar Kepahiang)
2026-01-15,PSR91,BRS05,15000,kg,BD-SP2KP,,,,,SP2KP Kemendag: Beras Premium (Pasar Kepahiang)
2026-01-15,PSR91,BRS03,13750,kg,BD-SP2KP,,,,,SP2KP Kemendag: Beras Medium (Pasar Kepahiang)
2026-01-15,PSR91,DSP02,130000,kg,BD-SP2KP,,,,,SP2KP Kemendag: Daging Sapi Paha Depan (Pasar Kepahiang)
2026-01-15,PSR91,CMR01,35000,kg,BD-SP2KP,,,,,SP2KP Kemendag: Cabai Merah Besar (Pasar Kepahiang)
2026-01-15,PSR01,CRW02,75000,kg,BD-SP2KP,,,,,SP2KP Kemendag: Cabai Rawit Merah (Pasar Taba Penanjung)
2026-01-15,PSR01,CRW01,70000,kg,BD-SP2KP,,,,,SP2KP Kemendag: Cabai Rawit Hijau (Pasar Taba Penanjung)
2026-01-15,PSR01,BWM01,40000,kg,BD-SP2KP,,,,,SP2KP Kemendag: Bawang Merah (Pasar Taba Penanjung)
2026-01-15,PSR01,GLP01,17000,kg,BD-SP2KP,,,,,SP2KP Kemendag: Gula Pasir Curah (Pasar Taba Penanjung)
2026-01-15,PSR01,GLP02,18000,kg,BD-SP2KP,,,,,SP2KP Kemendag: Gula Pasir Kemasan (Pasar Taba Penanjung)
2026-01-15,PSR01,MGR02,21000,liter,BD-SP2KP,,,,,SP2KP Kemendag: Minyak Goreng Sawit Kemasan Premium (Pasar Taba Penanjung)
2026-01-15,PSR01,DSP01,140000,kg,BD-SP2KP,,,,,SP2KP Kemendag: Daging Sapi Paha Belakang (Pasar Taba Penanjung)
2026-01-15,PSR01,CMR02,40000,kg,BD-SP2KP,,,,,SP2KP Kemendag: Cabai Merah Keriting (Pasar Taba Penanjung)
2026-01-15,PSR01,TLR01,30933,kg,BD-SP2KP,,,,,SP2KP Kemendag: Telur Ayam Ras (Pasar Taba Penanjung)
2026-01-15,PSR01,DAY01,37000,kg,BD-SP2KP,,,,,SP2KP Kemendag: Daging Ayam Ras (Pasar Taba Penanjung)
2026-01-15,PSR01,BWP01,40000,kg,BD-SP2KP,,,,,SP2KP Kemendag: Bawang Putih Honan (Pasar Taba Penanjung)
2026-01-15,PSR01,BRS05,16500,kg,BD-SP2KP,,,,,SP2KP Kemendag: Beras Premium (Pasar Taba Penanjung)
2026-01-15,PSR01,BRS03,13750,kg,BD-SP2KP,,,,,SP2KP Kemendag: Beras Medium (Pasar Taba Penanjung)
2026-01-15,PSR01,DSP02,140000,kg,BD-SP2KP,,,,,SP2KP Kemendag: Daging Sapi Paha Depan (Pasar Taba Penanjung)
2026-01-15,PSR01,CMR01,35000,kg,BD-SP2KP,,,,,SP2KP Kemendag: Cabai Merah Besar (Pasar Taba Penanjung)
2026-01-15,PSR92,CRW02,80000,kg,BD-SP2KP,,,,,SP2KP Kemendag: Cabai Rawit Merah (Pasar Panorama)
2026-01-15,PSR92,CRW01,86667,kg,BD-SP2KP,,,,,SP2KP Kemendag: Cabai Rawit Hijau (Pasar Panorama)
2026-01-15,PSR92,BWM01,53333,kg,BD-SP2KP,,,,,SP2KP Kemendag: Bawang Merah (Pasar Panorama)
2026-01-15,PSR92,GLP01,17500,kg,BD-SP2KP,,,,,SP2KP Kemendag: Gula Pasir Curah (Pasar Panorama)
2026-01-15,PSR92,GLP02,18000,kg,BD-SP2KP,,,,,SP2KP Kemendag: Gula Pasir Kemasan (Pasar Panorama)
2026-01-15,PSR92,MGR02,22000,liter,BD-SP2KP,,,,,SP2KP Kemendag: Minyak Goreng Sawit Kemasan Premium (Pasar Panorama)
2026-01-15,PSR92,DSP01,140000,kg,BD-SP2KP,,,,,SP2KP Kemendag: Daging Sapi Paha Belakang (Pasar Panorama)
2026-01-15,PSR92,CMR02,40000,kg,BD-SP2KP,,,,,SP2KP Kemendag: Cabai Merah Keriting (Pasar Panorama)
2026-01-15,PSR92,TLR01,33600,kg,BD-SP2KP,,,,,SP2KP Kemendag: Telur Ayam Ras (Pasar Panorama)
2026-01-15,PSR92,DAY01,40000,kg,BD-SP2KP,,,,,SP2KP Kemendag: Daging Ayam Ras (Pasar Panorama)
2026-01-15,PSR92,BWP01,45000,kg,BD-SP2KP,,,,,SP2KP Kemendag: Bawang Putih Honan (Pasar Panorama)
2026-01-15,PSR92,BRS05,16250,kg,BD-SP2KP,,,,,SP2KP Kemendag: Beras Premium (Pasar Panorama)
2026-01-15,PSR92,BRS03,13725,kg,BD-SP2KP,,,,,SP2KP Kemendag: Beras Medium (Pasar Panorama)
2026-01-15,PSR92,DSP02,140000,kg,BD-SP2KP,,,,,SP2KP Kemendag: Daging Sapi Paha Depan (Pasar Panorama)
2026-01-15,PSR92,CMR01,35000,kg,BD-SP2KP,,,,,SP2KP Kemendag: Cabai Merah Besar (Pasar Panorama)
2026-01-19,PSR91,CRW02,40000,kg,BD-SP2KP,,,,,SP2KP Kemendag: Cabai Rawit Merah (Pasar Kepahiang)
2026-01-19,PSR91,CRW01,50000,kg,BD-SP2KP,,,,,SP2KP Kemendag: Cabai Rawit Hijau (Pasar Kepahiang)
2026-01-19,PSR91,BWM01,44000,kg,BD-SP2KP,,,,,SP2KP Kemendag: Bawang Merah (Pasar Kepahiang)
2026-01-19,PSR91,GLP01,17000,kg,BD-SP2KP,,,,,SP2KP Kemendag: Gula Pasir Curah (Pasar Kepahiang)
2026-01-19,PSR91,GLP02,19000,kg,BD-SP2KP,,,,,SP2KP Kemendag: Gula Pasir Kemasan (Pasar Kepahiang)
2026-01-19,PSR91,MGR02,22000,liter,BD-SP2KP,,,,,SP2KP Kemendag: Minyak Goreng Sawit Kemasan Premium (Pasar Kepahiang)
2026-01-19,PSR91,DSP01,130000,kg,BD-SP2KP,,,,,SP2KP Kemendag: Daging Sapi Paha Belakang (Pasar Kepahiang)
2026-01-19,PSR91,CMR02,38000,kg,BD-SP2KP,,,,,SP2KP Kemendag: Cabai Merah Keriting (Pasar Kepahiang)
2026-01-19,PSR91,TLR01,28300,kg,BD-SP2KP,,,,,SP2KP Kemendag: Telur Ayam Ras (Pasar Kepahiang)
2026-01-19,PSR91,DAY01,42000,kg,BD-SP2KP,,,,,SP2KP Kemendag: Daging Ayam Ras (Pasar Kepahiang)
2026-01-19,PSR91,BWP01,40000,kg,BD-SP2KP,,,,,SP2KP Kemendag: Bawang Putih Honan (Pasar Kepahiang)
2026-01-19,PSR91,BRS05,15000,kg,BD-SP2KP,,,,,SP2KP Kemendag: Beras Premium (Pasar Kepahiang)
2026-01-19,PSR91,BRS03,13750,kg,BD-SP2KP,,,,,SP2KP Kemendag: Beras Medium (Pasar Kepahiang)
2026-01-19,PSR91,DSP02,130000,kg,BD-SP2KP,,,,,SP2KP Kemendag: Daging Sapi Paha Depan (Pasar Kepahiang)
2026-01-19,PSR91,CMR01,35000,kg,BD-SP2KP,,,,,SP2KP Kemendag: Cabai Merah Besar (Pasar Kepahiang)
2026-01-19,PSR01,CRW02,75000,kg,BD-SP2KP,,,,,SP2KP Kemendag: Cabai Rawit Merah (Pasar Taba Penanjung)
2026-01-19,PSR01,CRW01,70000,kg,BD-SP2KP,,,,,SP2KP Kemendag: Cabai Rawit Hijau (Pasar Taba Penanjung)
2026-01-19,PSR01,BWM01,40000,kg,BD-SP2KP,,,,,SP2KP Kemendag: Bawang Merah (Pasar Taba Penanjung)
2026-01-19,PSR01,GLP01,17000,kg,BD-SP2KP,,,,,SP2KP Kemendag: Gula Pasir Curah (Pasar Taba Penanjung)
2026-01-19,PSR01,GLP02,18000,kg,BD-SP2KP,,,,,SP2KP Kemendag: Gula Pasir Kemasan (Pasar Taba Penanjung)
2026-01-19,PSR01,MGR02,21000,liter,BD-SP2KP,,,,,SP2KP Kemendag: Minyak Goreng Sawit Kemasan Premium (Pasar Taba Penanjung)
2026-01-19,PSR01,DSP01,140000,kg,BD-SP2KP,,,,,SP2KP Kemendag: Daging Sapi Paha Belakang (Pasar Taba Penanjung)
2026-01-19,PSR01,CMR02,40000,kg,BD-SP2KP,,,,,SP2KP Kemendag: Cabai Merah Keriting (Pasar Taba Penanjung)
2026-01-19,PSR01,TLR01,30933,kg,BD-SP2KP,,,,,SP2KP Kemendag: Telur Ayam Ras (Pasar Taba Penanjung)
2026-01-19,PSR01,DAY01,37000,kg,BD-SP2KP,,,,,SP2KP Kemendag: Daging Ayam Ras (Pasar Taba Penanjung)
2026-01-19,PSR01,BWP01,40000,kg,BD-SP2KP,,,,,SP2KP Kemendag: Bawang Putih Honan (Pasar Taba Penanjung)
2026-01-19,PSR01,BRS05,16500,kg,BD-SP2KP,,,,,SP2KP Kemendag: Beras Premium (Pasar Taba Penanjung)
2026-01-19,PSR01,BRS03,13750,kg,BD-SP2KP,,,,,SP2KP Kemendag: Beras Medium (Pasar Taba Penanjung)
2026-01-19,PSR01,DSP02,140000,kg,BD-SP2KP,,,,,SP2KP Kemendag: Daging Sapi Paha Depan (Pasar Taba Penanjung)
2026-01-19,PSR01,CMR01,35000,kg,BD-SP2KP,,,,,SP2KP Kemendag: Cabai Merah Besar (Pasar Taba Penanjung)
2026-01-19,PSR92,CRW02,80000,kg,BD-SP2KP,,,,,SP2KP Kemendag: Cabai Rawit Merah (Pasar Panorama)
2026-01-19,PSR92,CRW01,86667,kg,BD-SP2KP,,,,,SP2KP Kemendag: Cabai Rawit Hijau (Pasar Panorama)
2026-01-19,PSR92,BWM01,53333,kg,BD-SP2KP,,,,,SP2KP Kemendag: Bawang Merah (Pasar Panorama)
2026-01-19,PSR92,GLP01,17500,kg,BD-SP2KP,,,,,SP2KP Kemendag: Gula Pasir Curah (Pasar Panorama)
2026-01-19,PSR92,GLP02,18000,kg,BD-SP2KP,,,,,SP2KP Kemendag: Gula Pasir Kemasan (Pasar Panorama)
2026-01-19,PSR92,MGR02,22000,liter,BD-SP2KP,,,,,SP2KP Kemendag: Minyak Goreng Sawit Kemasan Premium (Pasar Panorama)
2026-01-19,PSR92,DSP01,140000,kg,BD-SP2KP,,,,,SP2KP Kemendag: Daging Sapi Paha Belakang (Pasar Panorama)
2026-01-19,PSR92,CMR02,40000,kg,BD-SP2KP,,,,,SP2KP Kemendag: Cabai Merah Keriting (Pasar Panorama)
2026-01-19,PSR92,TLR01,33600,kg,BD-SP2KP,,,,,SP2KP Kemendag: Telur Ayam Ras (Pasar Panorama)
2026-01-19,PSR92,DAY01,39333,kg,BD-SP2KP,,,,,SP2KP Kemendag: Daging Ayam Ras (Pasar Panorama)
2026-01-19,PSR92,BWP01,45000,kg,BD-SP2KP,,,,,SP2KP Kemendag: Bawang Putih Honan (Pasar Panorama)
2026-01-19,PSR92,BRS05,16250,kg,BD-SP2KP,,,,,SP2KP Kemendag: Beras Premium (Pasar Panorama)
2026-01-19,PSR92,BRS03,13725,kg,BD-SP2KP,,,,,SP2KP Kemendag: Beras Medium (Pasar Panorama)
2026-01-19,PSR92,DSP02,140000,kg,BD-SP2KP,,,,,SP2KP Kemendag: Daging Sapi Paha Depan (Pasar Panorama)
2026-01-19,PSR92,CMR01,35000,kg,BD-SP2KP,,,,,SP2KP Kemendag: Cabai Merah Besar (Pasar Panorama)
2026-01-20,PSR91,CRW02,50000,kg,BD-SP2KP,,,,,SP2KP Kemendag: Cabai Rawit Merah (Pasar Kepahiang)
2026-01-20,PSR91,CRW01,50000,kg,BD-SP2KP,,,,,SP2KP Kemendag: Cabai Rawit Hijau (Pasar Kepahiang)
2026-01-20,PSR91,BWM01,44000,kg,BD-SP2KP,,,,,SP2KP Kemendag: Bawang Merah (Pasar Kepahiang)
2026-01-20,PSR91,GLP01,17000,kg,BD-SP2KP,,,,,SP2KP Kemendag: Gula Pasir Curah (Pasar Kepahiang)
2026-01-20,PSR91,GLP02,19000,kg,BD-SP2KP,,,,,SP2KP Kemendag: Gula Pasir Kemasan (Pasar Kepahiang)
2026-01-20,PSR91,MGR02,22000,liter,BD-SP2KP,,,,,SP2KP Kemendag: Minyak Goreng Sawit Kemasan Premium (Pasar Kepahiang)
2026-01-20,PSR91,DSP01,130000,kg,BD-SP2KP,,,,,SP2KP Kemendag: Daging Sapi Paha Belakang (Pasar Kepahiang)
2026-01-20,PSR91,CMR02,38000,kg,BD-SP2KP,,,,,SP2KP Kemendag: Cabai Merah Keriting (Pasar Kepahiang)
2026-01-20,PSR91,TLR01,28300,kg,BD-SP2KP,,,,,SP2KP Kemendag: Telur Ayam Ras (Pasar Kepahiang)
2026-01-20,PSR91,DAY01,42000,kg,BD-SP2KP,,,,,SP2KP Kemendag: Daging Ayam Ras (Pasar Kepahiang)
2026-01-20,PSR91,BWP01,40000,kg,BD-SP2KP,,,,,SP2KP Kemendag: Bawang Putih Honan (Pasar Kepahiang)
2026-01-20,PSR91,BRS05,15000,kg,BD-SP2KP,,,,,SP2KP Kemendag: Beras Premium (Pasar Kepahiang)
2026-01-20,PSR91,BRS03,13750,kg,BD-SP2KP,,,,,SP2KP Kemendag: Beras Medium (Pasar Kepahiang)
2026-01-20,PSR91,DSP02,130000,kg,BD-SP2KP,,,,,SP2KP Kemendag: Daging Sapi Paha Depan (Pasar Kepahiang)
2026-01-20,PSR91,CMR01,35000,kg,BD-SP2KP,,,,,SP2KP Kemendag: Cabai Merah Besar (Pasar Kepahiang)
2026-01-20,PSR01,CRW02,75000,kg,BD-SP2KP,,,,,SP2KP Kemendag: Cabai Rawit Merah (Pasar Taba Penanjung)
2026-01-20,PSR01,CRW01,70000,kg,BD-SP2KP,,,,,SP2KP Kemendag: Cabai Rawit Hijau (Pasar Taba Penanjung)
2026-01-20,PSR01,BWM01,40000,kg,BD-SP2KP,,,,,SP2KP Kemendag: Bawang Merah (Pasar Taba Penanjung)
2026-01-20,PSR01,GLP01,17000,kg,BD-SP2KP,,,,,SP2KP Kemendag: Gula Pasir Curah (Pasar Taba Penanjung)
2026-01-20,PSR01,GLP02,18000,kg,BD-SP2KP,,,,,SP2KP Kemendag: Gula Pasir Kemasan (Pasar Taba Penanjung)
2026-01-20,PSR01,MGR02,21000,liter,BD-SP2KP,,,,,SP2KP Kemendag: Minyak Goreng Sawit Kemasan Premium (Pasar Taba Penanjung)
2026-01-20,PSR01,DSP01,140000,kg,BD-SP2KP,,,,,SP2KP Kemendag: Daging Sapi Paha Belakang (Pasar Taba Penanjung)
2026-01-20,PSR01,CMR02,40000,kg,BD-SP2KP,,,,,SP2KP Kemendag: Cabai Merah Keriting (Pasar Taba Penanjung)
2026-01-20,PSR01,TLR01,30933,kg,BD-SP2KP,,,,,SP2KP Kemendag: Telur Ayam Ras (Pasar Taba Penanjung)
2026-01-20,PSR01,DAY01,37000,kg,BD-SP2KP,,,,,SP2KP Kemendag: Daging Ayam Ras (Pasar Taba Penanjung)
2026-01-20,PSR01,BWP01,40000,kg,BD-SP2KP,,,,,SP2KP Kemendag: Bawang Putih Honan (Pasar Taba Penanjung)
2026-01-20,PSR01,BRS05,16500,kg,BD-SP2KP,,,,,SP2KP Kemendag: Beras Premium (Pasar Taba Penanjung)
2026-01-20,PSR01,BRS03,13750,kg,BD-SP2KP,,,,,SP2KP Kemendag: Beras Medium (Pasar Taba Penanjung)
2026-01-20,PSR01,DSP02,140000,kg,BD-SP2KP,,,,,SP2KP Kemendag: Daging Sapi Paha Depan (Pasar Taba Penanjung)
2026-01-20,PSR01,CMR01,35000,kg,BD-SP2KP,,,,,SP2KP Kemendag: Cabai Merah Besar (Pasar Taba Penanjung)
2026-01-20,PSR92,CRW02,80000,kg,BD-SP2KP,,,,,SP2KP Kemendag: Cabai Rawit Merah (Pasar Panorama)
2026-01-20,PSR92,CRW01,86667,kg,BD-SP2KP,,,,,SP2KP Kemendag: Cabai Rawit Hijau (Pasar Panorama)
2026-01-20,PSR92,BWM01,53333,kg,BD-SP2KP,,,,,SP2KP Kemendag: Bawang Merah (Pasar Panorama)
2026-01-20,PSR92,GLP01,17500,kg,BD-SP2KP,,,,,SP2KP Kemendag: Gula Pasir Curah (Pasar Panorama)
2026-01-20,PSR92,GLP02,18000,kg,BD-SP2KP,,,,,SP2KP Kemendag: Gula Pasir Kemasan (Pasar Panorama)
2026-01-20,PSR92,MGR02,22000,liter,BD-SP2KP,,,,,SP2KP Kemendag: Minyak Goreng Sawit Kemasan Premium (Pasar Panorama)
2026-01-20,PSR92,DSP01,140000,kg,BD-SP2KP,,,,,SP2KP Kemendag: Daging Sapi Paha Belakang (Pasar Panorama)
2026-01-20,PSR92,CMR02,40000,kg,BD-SP2KP,,,,,SP2KP Kemendag: Cabai Merah Keriting (Pasar Panorama)
2026-01-20,PSR92,TLR01,33600,kg,BD-SP2KP,,,,,SP2KP Kemendag: Telur Ayam Ras (Pasar Panorama)
2026-01-20,PSR92,DAY01,39333,kg,BD-SP2KP,,,,,SP2KP Kemendag: Daging Ayam Ras (Pasar Panorama)
2026-01-20,PSR92,BWP01,45000,kg,BD-SP2KP,,,,,SP2KP Kemendag: Bawang Putih Honan (Pasar Panorama)
2026-01-20,PSR92,BRS05,16250,kg,BD-SP2KP,,,,,SP2KP Kemendag: Beras Premium (Pasar Panorama)
2026-01-20,PSR92,BRS03,13725,kg,BD-SP2KP,,,,,SP2KP Kemendag: Beras Medium (Pasar Panorama)
2026-01-20,PSR92,DSP02,140000,kg,BD-SP2KP,,,,,SP2KP Kemendag: Daging Sapi Paha Depan (Pasar Panorama)
2026-01-20,PSR92,CMR01,35000,kg,BD-SP2KP,,,,,SP2KP Kemendag: Cabai Merah Besar (Pasar Panorama)
2026-01-21,PSR91,CRW02,50000,kg,BD-SP2KP,,,,,SP2KP Kemendag: Cabai Rawit Merah (Pasar Kepahiang)
2026-01-21,PSR91,CRW01,50000,kg,BD-SP2KP,,,,,SP2KP Kemendag: Cabai Rawit Hijau (Pasar Kepahiang)
2026-01-21,PSR91,BWM01,44000,kg,BD-SP2KP,,,,,SP2KP Kemendag: Bawang Merah (Pasar Kepahiang)
2026-01-21,PSR91,GLP01,17000,kg,BD-SP2KP,,,,,SP2KP Kemendag: Gula Pasir Curah (Pasar Kepahiang)
2026-01-21,PSR91,GLP02,19000,kg,BD-SP2KP,,,,,SP2KP Kemendag: Gula Pasir Kemasan (Pasar Kepahiang)
2026-01-21,PSR91,MGR02,21000,liter,BD-SP2KP,,,,,SP2KP Kemendag: Minyak Goreng Sawit Kemasan Premium (Pasar Kepahiang)
2026-01-21,PSR91,DSP01,130000,kg,BD-SP2KP,,,,,SP2KP Kemendag: Daging Sapi Paha Belakang (Pasar Kepahiang)
2026-01-21,PSR91,CMR02,35000,kg,BD-SP2KP,,,,,SP2KP Kemendag: Cabai Merah Keriting (Pasar Kepahiang)
2026-01-21,PSR91,TLR01,28300,kg,BD-SP2KP,,,,,SP2KP Kemendag: Telur Ayam Ras (Pasar Kepahiang)
2026-01-21,PSR91,DAY01,40000,kg,BD-SP2KP,,,,,SP2KP Kemendag: Daging Ayam Ras (Pasar Kepahiang)
2026-01-21,PSR91,BWP01,40000,kg,BD-SP2KP,,,,,SP2KP Kemendag: Bawang Putih Honan (Pasar Kepahiang)
2026-01-21,PSR91,BRS05,15000,kg,BD-SP2KP,,,,,SP2KP Kemendag: Beras Premium (Pasar Kepahiang)
2026-01-21,PSR91,BRS03,13750,kg,BD-SP2KP,,,,,SP2KP Kemendag: Beras Medium (Pasar Kepahiang)
2026-01-21,PSR91,DSP02,130000,kg,BD-SP2KP,,,,,SP2KP Kemendag: Daging Sapi Paha Depan (Pasar Kepahiang)
2026-01-21,PSR91,CMR01,30000,kg,BD-SP2KP,,,,,SP2KP Kemendag: Cabai Merah Besar (Pasar Kepahiang)
2026-01-21,PSR01,CRW02,75000,kg,BD-SP2KP,,,,,SP2KP Kemendag: Cabai Rawit Merah (Pasar Taba Penanjung)
2026-01-21,PSR01,CRW01,70000,kg,BD-SP2KP,,,,,SP2KP Kemendag: Cabai Rawit Hijau (Pasar Taba Penanjung)
2026-01-21,PSR01,BWM01,40000,kg,BD-SP2KP,,,,,SP2KP Kemendag: Bawang Merah (Pasar Taba Penanjung)
2026-01-21,PSR01,GLP01,17000,kg,BD-SP2KP,,,,,SP2KP Kemendag: Gula Pasir Curah (Pasar Taba Penanjung)
2026-01-21,PSR01,GLP02,18000,kg,BD-SP2KP,,,,,SP2KP Kemendag: Gula Pasir Kemasan (Pasar Taba Penanjung)
2026-01-21,PSR01,MGR02,21000,liter,BD-SP2KP,,,,,SP2KP Kemendag: Minyak Goreng Sawit Kemasan Premium (Pasar Taba Penanjung)
2026-01-21,PSR01,DSP01,140000,kg,BD-SP2KP,,,,,SP2KP Kemendag: Daging Sapi Paha Belakang (Pasar Taba Penanjung)
2026-01-21,PSR01,CMR02,40000,kg,BD-SP2KP,,,,,SP2KP Kemendag: Cabai Merah Keriting (Pasar Taba Penanjung)
2026-01-21,PSR01,TLR01,30933,kg,BD-SP2KP,,,,,SP2KP Kemendag: Telur Ayam Ras (Pasar Taba Penanjung)
2026-01-21,PSR01,DAY01,37000,kg,BD-SP2KP,,,,,SP2KP Kemendag: Daging Ayam Ras (Pasar Taba Penanjung)
2026-01-21,PSR01,BWP01,40000,kg,BD-SP2KP,,,,,SP2KP Kemendag: Bawang Putih Honan (Pasar Taba Penanjung)
2026-01-21,PSR01,BRS05,16500,kg,BD-SP2KP,,,,,SP2KP Kemendag: Beras Premium (Pasar Taba Penanjung)
2026-01-21,PSR01,BRS03,13750,kg,BD-SP2KP,,,,,SP2KP Kemendag: Beras Medium (Pasar Taba Penanjung)
2026-01-21,PSR01,DSP02,140000,kg,BD-SP2KP,,,,,SP2KP Kemendag: Daging Sapi Paha Depan (Pasar Taba Penanjung)
2026-01-21,PSR01,CMR01,35000,kg,BD-SP2KP,,,,,SP2KP Kemendag: Cabai Merah Besar (Pasar Taba Penanjung)
2026-01-21,PSR92,CRW02,80000,kg,BD-SP2KP,,,,,SP2KP Kemendag: Cabai Rawit Merah (Pasar Panorama)
2026-01-21,PSR92,CRW01,86667,kg,BD-SP2KP,,,,,SP2KP Kemendag: Cabai Rawit Hijau (Pasar Panorama)
2026-01-21,PSR92,BWM01,53333,kg,BD-SP2KP,,,,,SP2KP Kemendag: Bawang Merah (Pasar Panorama)
2026-01-21,PSR92,GLP01,17500,kg,BD-SP2KP,,,,,SP2KP Kemendag: Gula Pasir Curah (Pasar Panorama)
2026-01-21,PSR92,GLP02,18000,kg,BD-SP2KP,,,,,SP2KP Kemendag: Gula Pasir Kemasan (Pasar Panorama)
2026-01-21,PSR92,MGR02,22000,liter,BD-SP2KP,,,,,SP2KP Kemendag: Minyak Goreng Sawit Kemasan Premium (Pasar Panorama)
2026-01-21,PSR92,DSP01,140000,kg,BD-SP2KP,,,,,SP2KP Kemendag: Daging Sapi Paha Belakang (Pasar Panorama)
2026-01-21,PSR92,CMR02,40000,kg,BD-SP2KP,,,,,SP2KP Kemendag: Cabai Merah Keriting (Pasar Panorama)
2026-01-21,PSR92,TLR01,33600,kg,BD-SP2KP,,,,,SP2KP Kemendag: Telur Ayam Ras (Pasar Panorama)
2026-01-21,PSR92,DAY01,39333,kg,BD-SP2KP,,,,,SP2KP Kemendag: Daging Ayam Ras (Pasar Panorama)
2026-01-21,PSR92,BWP01,45000,kg,BD-SP2KP,,,,,SP2KP Kemendag: Bawang Putih Honan (Pasar Panorama)
2026-01-21,PSR92,BRS05,16250,kg,BD-SP2KP,,,,,SP2KP Kemendag: Beras Premium (Pasar Panorama)
2026-01-21,PSR92,BRS03,13725,kg,BD-SP2KP,,,,,SP2KP Kemendag: Beras Medium (Pasar Panorama)
2026-01-21,PSR92,DSP02,140000,kg,BD-SP2KP,,,,,SP2KP Kemendag: Daging Sapi Paha Depan (Pasar Panorama)
2026-01-21,PSR92,CMR01,35000,kg,BD-SP2KP,,,,,SP2KP Kemendag: Cabai Merah Besar (Pasar Panorama)
2026-01-22,PSR91,CRW02,50000,kg,BD-SP2KP,,,,,SP2KP Kemendag: Cabai Rawit Merah (Pasar Kepahiang)
2026-01-22,PSR91,CRW01,50000,kg,BD-SP2KP,,,,,SP2KP Kemendag: Cabai Rawit Hijau (Pasar Kepahiang)
2026-01-22,PSR91,BWM01,44000,kg,BD-SP2KP,,,,,SP2KP Kemendag: Bawang Merah (Pasar Kepahiang)
2026-01-22,PSR91,GLP01,17000,kg,BD-SP2KP,,,,,SP2KP Kemendag: Gula Pasir Curah (Pasar Kepahiang)
2026-01-22,PSR91,GLP02,19000,kg,BD-SP2KP,,,,,SP2KP Kemendag: Gula Pasir Kemasan (Pasar Kepahiang)
2026-01-22,PSR91,MGR02,21000,liter,BD-SP2KP,,,,,SP2KP Kemendag: Minyak Goreng Sawit Kemasan Premium (Pasar Kepahiang)
2026-01-22,PSR91,DSP01,130000,kg,BD-SP2KP,,,,,SP2KP Kemendag: Daging Sapi Paha Belakang (Pasar Kepahiang)
2026-01-22,PSR91,CMR02,35000,kg,BD-SP2KP,,,,,SP2KP Kemendag: Cabai Merah Keriting (Pasar Kepahiang)
2026-01-22,PSR91,TLR01,28300,kg,BD-SP2KP,,,,,SP2KP Kemendag: Telur Ayam Ras (Pasar Kepahiang)
2026-01-22,PSR91,DAY01,40000,kg,BD-SP2KP,,,,,SP2KP Kemendag: Daging Ayam Ras (Pasar Kepahiang)
2026-01-22,PSR91,BWP01,40000,kg,BD-SP2KP,,,,,SP2KP Kemendag: Bawang Putih Honan (Pasar Kepahiang)
2026-01-22,PSR91,BRS05,15000,kg,BD-SP2KP,,,,,SP2KP Kemendag: Beras Premium (Pasar Kepahiang)
2026-01-22,PSR91,BRS03,13750,kg,BD-SP2KP,,,,,SP2KP Kemendag: Beras Medium (Pasar Kepahiang)
2026-01-22,PSR91,DSP02,130000,kg,BD-SP2KP,,,,,SP2KP Kemendag: Daging Sapi Paha Depan (Pasar Kepahiang)
2026-01-22,PSR91,CMR01,30000,kg,BD-SP2KP,,,,,SP2KP Kemendag: Cabai Merah Besar (Pasar Kepahiang)
2026-01-22,PSR01,CRW02,60000,kg,BD-SP2KP,,,,,SP2KP Kemendag: Cabai Rawit Merah (Pasar Taba Penanjung)
2026-01-22,PSR01,CRW01,60000,kg,BD-SP2KP,,,,,SP2KP Kemendag: Cabai Rawit Hijau (Pasar Taba Penanjung)
2026-01-22,PSR01,BWM01,40000,kg,BD-SP2KP,,,,,SP2KP Kemendag: Bawang Merah (Pasar Taba Penanjung)
2026-01-22,PSR01,GLP01,17000,kg,BD-SP2KP,,,,,SP2KP Kemendag: Gula Pasir Curah (Pasar Taba Penanjung)
2026-01-22,PSR01,GLP02,18000,kg,BD-SP2KP,,,,,SP2KP Kemendag: Gula Pasir Kemasan (Pasar Taba Penanjung)
2026-01-22,PSR01,MGR02,21000,liter,BD-SP2KP,,,,,SP2KP Kemendag: Minyak Goreng Sawit Kemasan Premium (Pasar Taba Penanjung)
2026-01-22,PSR01,DSP01,140000,kg,BD-SP2KP,,,,,SP2KP Kemendag: Daging Sapi Paha Belakang (Pasar Taba Penanjung)
2026-01-22,PSR01,CMR02,40000,kg,BD-SP2KP,,,,,SP2KP Kemendag: Cabai Merah Keriting (Pasar Taba Penanjung)
2026-01-22,PSR01,TLR01,30933,kg,BD-SP2KP,,,,,SP2KP Kemendag: Telur Ayam Ras (Pasar Taba Penanjung)
2026-01-22,PSR01,DAY01,35000,kg,BD-SP2KP,,,,,SP2KP Kemendag: Daging Ayam Ras (Pasar Taba Penanjung)
2026-01-22,PSR01,BWP01,40000,kg,BD-SP2KP,,,,,SP2KP Kemendag: Bawang Putih Honan (Pasar Taba Penanjung)
2026-01-22,PSR01,BRS05,16500,kg,BD-SP2KP,,,,,SP2KP Kemendag: Beras Premium (Pasar Taba Penanjung)
2026-01-22,PSR01,BRS03,13750,kg,BD-SP2KP,,,,,SP2KP Kemendag: Beras Medium (Pasar Taba Penanjung)
2026-01-22,PSR01,DSP02,140000,kg,BD-SP2KP,,,,,SP2KP Kemendag: Daging Sapi Paha Depan (Pasar Taba Penanjung)
2026-01-22,PSR01,CMR01,30000,kg,BD-SP2KP,,,,,SP2KP Kemendag: Cabai Merah Besar (Pasar Taba Penanjung)
2026-01-22,PSR92,CRW02,80000,kg,BD-SP2KP,,,,,SP2KP Kemendag: Cabai Rawit Merah (Pasar Panorama)
2026-01-22,PSR92,CRW01,86667,kg,BD-SP2KP,,,,,SP2KP Kemendag: Cabai Rawit Hijau (Pasar Panorama)
2026-01-22,PSR92,BWM01,53333,kg,BD-SP2KP,,,,,SP2KP Kemendag: Bawang Merah (Pasar Panorama)
2026-01-22,PSR92,GLP01,17500,kg,BD-SP2KP,,,,,SP2KP Kemendag: Gula Pasir Curah (Pasar Panorama)
2026-01-22,PSR92,GLP02,18000,kg,BD-SP2KP,,,,,SP2KP Kemendag: Gula Pasir Kemasan (Pasar Panorama)
2026-01-22,PSR92,MGR02,22000,liter,BD-SP2KP,,,,,SP2KP Kemendag: Minyak Goreng Sawit Kemasan Premium (Pasar Panorama)
2026-01-22,PSR92,DSP01,140000,kg,BD-SP2KP,,,,,SP2KP Kemendag: Daging Sapi Paha Belakang (Pasar Panorama)
2026-01-22,PSR92,CMR02,40000,kg,BD-SP2KP,,,,,SP2KP Kemendag: Cabai Merah Keriting (Pasar Panorama)
2026-01-22,PSR92,TLR01,32000,kg,BD-SP2KP,,,,,SP2KP Kemendag: Telur Ayam Ras (Pasar Panorama)
2026-01-22,PSR92,DAY01,39333,kg,BD-SP2KP,,,,,SP2KP Kemendag: Daging Ayam Ras (Pasar Panorama)
2026-01-22,PSR92,BWP01,45000,kg,BD-SP2KP,,,,,SP2KP Kemendag: Bawang Putih Honan (Pasar Panorama)
2026-01-22,PSR92,BRS05,16250,kg,BD-SP2KP,,,,,SP2KP Kemendag: Beras Premium (Pasar Panorama)
2026-01-22,PSR92,BRS03,13725,kg,BD-SP2KP,,,,,SP2KP Kemendag: Beras Medium (Pasar Panorama)
2026-01-22,PSR92,DSP02,140000,kg,BD-SP2KP,,,,,SP2KP Kemendag: Daging Sapi Paha Depan (Pasar Panorama)
2026-01-22,PSR92,CMR01,35000,kg,BD-SP2KP,,,,,SP2KP Kemendag: Cabai Merah Besar (Pasar Panorama)
2026-01-23,PSR91,CRW02,60000,kg,BD-SP2KP,,,,,SP2KP Kemendag: Cabai Rawit Merah (Pasar Kepahiang)
2026-01-23,PSR91,CRW01,56667,kg,BD-SP2KP,,,,,SP2KP Kemendag: Cabai Rawit Hijau (Pasar Kepahiang)
2026-01-23,PSR91,BWM01,44000,kg,BD-SP2KP,,,,,SP2KP Kemendag: Bawang Merah (Pasar Kepahiang)
2026-01-23,PSR91,GLP01,17000,kg,BD-SP2KP,,,,,SP2KP Kemendag: Gula Pasir Curah (Pasar Kepahiang)
2026-01-23,PSR91,GLP02,19000,kg,BD-SP2KP,,,,,SP2KP Kemendag: Gula Pasir Kemasan (Pasar Kepahiang)
2026-01-23,PSR91,MGR02,21000,liter,BD-SP2KP,,,,,SP2KP Kemendag: Minyak Goreng Sawit Kemasan Premium (Pasar Kepahiang)
2026-01-23,PSR91,DSP01,130000,kg,BD-SP2KP,,,,,SP2KP Kemendag: Daging Sapi Paha Belakang (Pasar Kepahiang)
2026-01-23,PSR91,CMR02,35000,kg,BD-SP2KP,,,,,SP2KP Kemendag: Cabai Merah Keriting (Pasar Kepahiang)
2026-01-23,PSR91,TLR01,28300,kg,BD-SP2KP,,,,,SP2KP Kemendag: Telur Ayam Ras (Pasar Kepahiang)
2026-01-23,PSR91,DAY01,40000,kg,BD-SP2KP,,,,,SP2KP Kemendag: Daging Ayam Ras (Pasar Kepahiang)
2026-01-23,PSR91,BWP01,40000,kg,BD-SP2KP,,,,,SP2KP Kemendag: Bawang Putih Honan (Pasar Kepahiang)
2026-01-23,PSR91,BRS05,15000,kg,BD-SP2KP,,,,,SP2KP Kemendag: Beras Premium (Pasar Kepahiang)
2026-01-23,PSR91,BRS03,13750,kg,BD-SP2KP,,,,,SP2KP Kemendag: Beras Medium (Pasar Kepahiang)
2026-01-23,PSR91,DSP02,130000,kg,BD-SP2KP,,,,,SP2KP Kemendag: Daging Sapi Paha Depan (Pasar Kepahiang)
2026-01-23,PSR91,CMR01,30000,kg,BD-SP2KP,,,,,SP2KP Kemendag: Cabai Merah Besar (Pasar Kepahiang)
2026-01-23,PSR01,CRW02,60000,kg,BD-SP2KP,,,,,SP2KP Kemendag: Cabai Rawit Merah (Pasar Taba Penanjung)
2026-01-23,PSR01,CRW01,60000,kg,BD-SP2KP,,,,,SP2KP Kemendag: Cabai Rawit Hijau (Pasar Taba Penanjung)
2026-01-23,PSR01,BWM01,40000,kg,BD-SP2KP,,,,,SP2KP Kemendag: Bawang Merah (Pasar Taba Penanjung)
2026-01-23,PSR01,GLP01,17000,kg,BD-SP2KP,,,,,SP2KP Kemendag: Gula Pasir Curah (Pasar Taba Penanjung)
2026-01-23,PSR01,GLP02,18000,kg,BD-SP2KP,,,,,SP2KP Kemendag: Gula Pasir Kemasan (Pasar Taba Penanjung)
2026-01-23,PSR01,MGR02,21000,liter,BD-SP2KP,,,,,SP2KP Kemendag: Minyak Goreng Sawit Kemasan Premium (Pasar Taba Penanjung)
2026-01-23,PSR01,DSP01,140000,kg,BD-SP2KP,,,,,SP2KP Kemendag: Daging Sapi Paha Belakang (Pasar Taba Penanjung)
2026-01-23,PSR01,CMR02,40000,kg,BD-SP2KP,,,,,SP2KP Kemendag: Cabai Merah Keriting (Pasar Taba Penanjung)
2026-01-23,PSR01,TLR01,30933,kg,BD-SP2KP,,,,,SP2KP Kemendag: Telur Ayam Ras (Pasar Taba Penanjung)
2026-01-23,PSR01,DAY01,35000,kg,BD-SP2KP,,,,,SP2KP Kemendag: Daging Ayam Ras (Pasar Taba Penanjung)
2026-01-23,PSR01,BWP01,40000,kg,BD-SP2KP,,,,,SP2KP Kemendag: Bawang Putih Honan (Pasar Taba Penanjung)
2026-01-23,PSR01,BRS05,16500,kg,BD-SP2KP,,,,,SP2KP Kemendag: Beras Premium (Pasar Taba Penanjung)
2026-01-23,PSR01,BRS03,13750,kg,BD-SP2KP,,,,,SP2KP Kemendag: Beras Medium (Pasar Taba Penanjung)
2026-01-23,PSR01,DSP02,140000,kg,BD-SP2KP,,,,,SP2KP Kemendag: Daging Sapi Paha Depan (Pasar Taba Penanjung)
2026-01-23,PSR01,CMR01,30000,kg,BD-SP2KP,,,,,SP2KP Kemendag: Cabai Merah Besar (Pasar Taba Penanjung)
2026-01-23,PSR92,CRW02,63333,kg,BD-SP2KP,,,,,SP2KP Kemendag: Cabai Rawit Merah (Pasar Panorama)
2026-01-23,PSR92,CRW01,71667,kg,BD-SP2KP,,,,,SP2KP Kemendag: Cabai Rawit Hijau (Pasar Panorama)
2026-01-23,PSR92,BWM01,50000,kg,BD-SP2KP,,,,,SP2KP Kemendag: Bawang Merah (Pasar Panorama)
2026-01-23,PSR92,GLP01,17500,kg,BD-SP2KP,,,,,SP2KP Kemendag: Gula Pasir Curah (Pasar Panorama)
2026-01-23,PSR92,GLP02,18000,kg,BD-SP2KP,,,,,SP2KP Kemendag: Gula Pasir Kemasan (Pasar Panorama)
2026-01-23,PSR92,MGR02,22000,liter,BD-SP2KP,,,,,SP2KP Kemendag: Minyak Goreng Sawit Kemasan Premium (Pasar Panorama)
2026-01-23,PSR92,DSP01,140000,kg,BD-SP2KP,,,,,SP2KP Kemendag: Daging Sapi Paha Belakang (Pasar Panorama)
2026-01-23,PSR92,CMR02,38333,kg,BD-SP2KP,,,,,SP2KP Kemendag: Cabai Merah Keriting (Pasar Panorama)
2026-01-23,PSR92,TLR01,30400,kg,BD-SP2KP,,,,,SP2KP Kemendag: Telur Ayam Ras (Pasar Panorama)
2026-01-23,PSR92,DAY01,39333,kg,BD-SP2KP,,,,,SP2KP Kemendag: Daging Ayam Ras (Pasar Panorama)
2026-01-23,PSR92,BWP01,45000,kg,BD-SP2KP,,,,,SP2KP Kemendag: Bawang Putih Honan (Pasar Panorama)
2026-01-23,PSR92,BRS05,16250,kg,BD-SP2KP,,,,,SP2KP Kemendag: Beras Premium (Pasar Panorama)
2026-01-23,PSR92,BRS03,13725,kg,BD-SP2KP,,,,,SP2KP Kemendag: Beras Medium (Pasar Panorama)
2026-01-23,PSR92,DSP02,140000,kg,BD-SP2KP,,,,,SP2KP Kemendag: Daging Sapi Paha Depan (Pasar Panorama)
2026-01-23,PSR92,CMR01,35000,kg,BD-SP2KP,,,,,SP2KP Kemendag: Cabai Merah Besar (Pasar Panorama)
2026-01-26,PSR91,CRW02,60000,kg,BD-SP2KP,,,,,SP2KP Kemendag: Cabai Rawit Merah (Pasar Kepahiang)
2026-01-26,PSR91,CRW01,56667,kg,BD-SP2KP,,,,,SP2KP Kemendag: Cabai Rawit Hijau (Pasar Kepahiang)
2026-01-26,PSR91,BWM01,44000,kg,BD-SP2KP,,,,,SP2KP Kemendag: Bawang Merah (Pasar Kepahiang)
2026-01-26,PSR91,GLP01,17000,kg,BD-SP2KP,,,,,SP2KP Kemendag: Gula Pasir Curah (Pasar Kepahiang)
2026-01-26,PSR91,GLP02,19000,kg,BD-SP2KP,,,,,SP2KP Kemendag: Gula Pasir Kemasan (Pasar Kepahiang)
2026-01-26,PSR91,MGR02,21000,liter,BD-SP2KP,,,,,SP2KP Kemendag: Minyak Goreng Sawit Kemasan Premium (Pasar Kepahiang)
2026-01-26,PSR91,DSP01,130000,kg,BD-SP2KP,,,,,SP2KP Kemendag: Daging Sapi Paha Belakang (Pasar Kepahiang)
2026-01-26,PSR91,CMR02,35000,kg,BD-SP2KP,,,,,SP2KP Kemendag: Cabai Merah Keriting (Pasar Kepahiang)
2026-01-26,PSR91,TLR01,28300,kg,BD-SP2KP,,,,,SP2KP Kemendag: Telur Ayam Ras (Pasar Kepahiang)
2026-01-26,PSR91,DAY01,40000,kg,BD-SP2KP,,,,,SP2KP Kemendag: Daging Ayam Ras (Pasar Kepahiang)
2026-01-26,PSR91,BWP01,40000,kg,BD-SP2KP,,,,,SP2KP Kemendag: Bawang Putih Honan (Pasar Kepahiang)
2026-01-26,PSR91,BRS05,15000,kg,BD-SP2KP,,,,,SP2KP Kemendag: Beras Premium (Pasar Kepahiang)
2026-01-26,PSR91,BRS03,13750,kg,BD-SP2KP,,,,,SP2KP Kemendag: Beras Medium (Pasar Kepahiang)
2026-01-26,PSR91,DSP02,130000,kg,BD-SP2KP,,,,,SP2KP Kemendag: Daging Sapi Paha Depan (Pasar Kepahiang)
2026-01-26,PSR91,CMR01,30000,kg,BD-SP2KP,,,,,SP2KP Kemendag: Cabai Merah Besar (Pasar Kepahiang)
2026-01-26,PSR01,CRW02,60000,kg,BD-SP2KP,,,,,SP2KP Kemendag: Cabai Rawit Merah (Pasar Taba Penanjung)
2026-01-26,PSR01,CRW01,60000,kg,BD-SP2KP,,,,,SP2KP Kemendag: Cabai Rawit Hijau (Pasar Taba Penanjung)
2026-01-26,PSR01,BWM01,40000,kg,BD-SP2KP,,,,,SP2KP Kemendag: Bawang Merah (Pasar Taba Penanjung)
2026-01-26,PSR01,GLP01,17000,kg,BD-SP2KP,,,,,SP2KP Kemendag: Gula Pasir Curah (Pasar Taba Penanjung)
2026-01-26,PSR01,GLP02,18000,kg,BD-SP2KP,,,,,SP2KP Kemendag: Gula Pasir Kemasan (Pasar Taba Penanjung)
2026-01-26,PSR01,MGR02,21000,liter,BD-SP2KP,,,,,SP2KP Kemendag: Minyak Goreng Sawit Kemasan Premium (Pasar Taba Penanjung)
2026-01-26,PSR01,DSP01,140000,kg,BD-SP2KP,,,,,SP2KP Kemendag: Daging Sapi Paha Belakang (Pasar Taba Penanjung)
2026-01-26,PSR01,CMR02,40000,kg,BD-SP2KP,,,,,SP2KP Kemendag: Cabai Merah Keriting (Pasar Taba Penanjung)
2026-01-26,PSR01,TLR01,30933,kg,BD-SP2KP,,,,,SP2KP Kemendag: Telur Ayam Ras (Pasar Taba Penanjung)
2026-01-26,PSR01,DAY01,35000,kg,BD-SP2KP,,,,,SP2KP Kemendag: Daging Ayam Ras (Pasar Taba Penanjung)
2026-01-26,PSR01,BWP01,40000,kg,BD-SP2KP,,,,,SP2KP Kemendag: Bawang Putih Honan (Pasar Taba Penanjung)
2026-01-26,PSR01,BRS05,16500,kg,BD-SP2KP,,,,,SP2KP Kemendag: Beras Premium (Pasar Taba Penanjung)
2026-01-26,PSR01,BRS03,13750,kg,BD-SP2KP,,,,,SP2KP Kemendag: Beras Medium (Pasar Taba Penanjung)
2026-01-26,PSR01,DSP02,140000,kg,BD-SP2KP,,,,,SP2KP Kemendag: Daging Sapi Paha Depan (Pasar Taba Penanjung)
2026-01-26,PSR01,CMR01,30000,kg,BD-SP2KP,,,,,SP2KP Kemendag: Cabai Merah Besar (Pasar Taba Penanjung)
2026-01-26,PSR92,CRW02,58333,kg,BD-SP2KP,,,,,SP2KP Kemendag: Cabai Rawit Merah (Pasar Panorama)
2026-01-26,PSR92,CRW01,65000,kg,BD-SP2KP,,,,,SP2KP Kemendag: Cabai Rawit Hijau (Pasar Panorama)
2026-01-26,PSR92,BWM01,46667,kg,BD-SP2KP,,,,,SP2KP Kemendag: Bawang Merah (Pasar Panorama)
2026-01-26,PSR92,GLP01,18000,kg,BD-SP2KP,,,,,SP2KP Kemendag: Gula Pasir Curah (Pasar Panorama)
2026-01-26,PSR92,GLP02,18500,kg,BD-SP2KP,,,,,SP2KP Kemendag: Gula Pasir Kemasan (Pasar Panorama)
2026-01-26,PSR92,MGR02,22000,liter,BD-SP2KP,,,,,SP2KP Kemendag: Minyak Goreng Sawit Kemasan Premium (Pasar Panorama)
2026-01-26,PSR92,DSP01,140000,kg,BD-SP2KP,,,,,SP2KP Kemendag: Daging Sapi Paha Belakang (Pasar Panorama)
2026-01-26,PSR92,CMR02,38333,kg,BD-SP2KP,,,,,SP2KP Kemendag: Cabai Merah Keriting (Pasar Panorama)
2026-01-26,PSR92,TLR01,30400,kg,BD-SP2KP,,,,,SP2KP Kemendag: Telur Ayam Ras (Pasar Panorama)
2026-01-26,PSR92,DAY01,38000,kg,BD-SP2KP,,,,,SP2KP Kemendag: Daging Ayam Ras (Pasar Panorama)
2026-01-26,PSR92,BWP01,45000,kg,BD-SP2KP,,,,,SP2KP Kemendag: Bawang Putih Honan (Pasar Panorama)
2026-01-26,PSR92,BRS05,16250,kg,BD-SP2KP,,,,,SP2KP Kemendag: Beras Premium (Pasar Panorama)
2026-01-26,PSR92,BRS03,13725,kg,BD-SP2KP,,,,,SP2KP Kemendag: Beras Medium (Pasar Panorama)
2026-01-26,PSR92,DSP02,140000,kg,BD-SP2KP,,,,,SP2KP Kemendag: Daging Sapi Paha Depan (Pasar Panorama)
2026-01-26,PSR92,CMR01,35000,kg,BD-SP2KP,,,,,SP2KP Kemendag: Cabai Merah Besar (Pasar Panorama)
2026-01-27,PSR91,CRW02,60000,kg,BD-SP2KP,,,,,SP2KP Kemendag: Cabai Rawit Merah (Pasar Kepahiang)
2026-01-27,PSR91,CRW01,50000,kg,BD-SP2KP,,,,,SP2KP Kemendag: Cabai Rawit Hijau (Pasar Kepahiang)
2026-01-27,PSR91,BWM01,44000,kg,BD-SP2KP,,,,,SP2KP Kemendag: Bawang Merah (Pasar Kepahiang)
2026-01-27,PSR91,GLP01,17000,kg,BD-SP2KP,,,,,SP2KP Kemendag: Gula Pasir Curah (Pasar Kepahiang)
2026-01-27,PSR91,GLP02,19000,kg,BD-SP2KP,,,,,SP2KP Kemendag: Gula Pasir Kemasan (Pasar Kepahiang)
2026-01-27,PSR91,MGR02,21000,liter,BD-SP2KP,,,,,SP2KP Kemendag: Minyak Goreng Sawit Kemasan Premium (Pasar Kepahiang)
2026-01-27,PSR91,DSP01,130000,kg,BD-SP2KP,,,,,SP2KP Kemendag: Daging Sapi Paha Belakang (Pasar Kepahiang)
2026-01-27,PSR91,CMR02,35000,kg,BD-SP2KP,,,,,SP2KP Kemendag: Cabai Merah Keriting (Pasar Kepahiang)
2026-01-27,PSR91,TLR01,28300,kg,BD-SP2KP,,,,,SP2KP Kemendag: Telur Ayam Ras (Pasar Kepahiang)
2026-01-27,PSR91,DAY01,40000,kg,BD-SP2KP,,,,,SP2KP Kemendag: Daging Ayam Ras (Pasar Kepahiang)
2026-01-27,PSR91,BWP01,40000,kg,BD-SP2KP,,,,,SP2KP Kemendag: Bawang Putih Honan (Pasar Kepahiang)
2026-01-27,PSR91,BRS05,15000,kg,BD-SP2KP,,,,,SP2KP Kemendag: Beras Premium (Pasar Kepahiang)
2026-01-27,PSR91,BRS03,13750,kg,BD-SP2KP,,,,,SP2KP Kemendag: Beras Medium (Pasar Kepahiang)
2026-01-27,PSR91,DSP02,130000,kg,BD-SP2KP,,,,,SP2KP Kemendag: Daging Sapi Paha Depan (Pasar Kepahiang)
2026-01-27,PSR91,CMR01,30000,kg,BD-SP2KP,,,,,SP2KP Kemendag: Cabai Merah Besar (Pasar Kepahiang)
2026-01-27,PSR01,CRW02,60000,kg,BD-SP2KP,,,,,SP2KP Kemendag: Cabai Rawit Merah (Pasar Taba Penanjung)
2026-01-27,PSR01,CRW01,60000,kg,BD-SP2KP,,,,,SP2KP Kemendag: Cabai Rawit Hijau (Pasar Taba Penanjung)
2026-01-27,PSR01,BWM01,40000,kg,BD-SP2KP,,,,,SP2KP Kemendag: Bawang Merah (Pasar Taba Penanjung)
2026-01-27,PSR01,GLP01,17000,kg,BD-SP2KP,,,,,SP2KP Kemendag: Gula Pasir Curah (Pasar Taba Penanjung)
2026-01-27,PSR01,GLP02,18000,kg,BD-SP2KP,,,,,SP2KP Kemendag: Gula Pasir Kemasan (Pasar Taba Penanjung)
2026-01-27,PSR01,MGR02,21000,liter,BD-SP2KP,,,,,SP2KP Kemendag: Minyak Goreng Sawit Kemasan Premium (Pasar Taba Penanjung)
2026-01-27,PSR01,DSP01,140000,kg,BD-SP2KP,,,,,SP2KP Kemendag: Daging Sapi Paha Belakang (Pasar Taba Penanjung)
2026-01-27,PSR01,CMR02,40000,kg,BD-SP2KP,,,,,SP2KP Kemendag: Cabai Merah Keriting (Pasar Taba Penanjung)
2026-01-27,PSR01,TLR01,30933,kg,BD-SP2KP,,,,,SP2KP Kemendag: Telur Ayam Ras (Pasar Taba Penanjung)
2026-01-27,PSR01,DAY01,35000,kg,BD-SP2KP,,,,,SP2KP Kemendag: Daging Ayam Ras (Pasar Taba Penanjung)
2026-01-27,PSR01,BWP01,40000,kg,BD-SP2KP,,,,,SP2KP Kemendag: Bawang Putih Honan (Pasar Taba Penanjung)
2026-01-27,PSR01,BRS05,16500,kg,BD-SP2KP,,,,,SP2KP Kemendag: Beras Premium (Pasar Taba Penanjung)
2026-01-27,PSR01,BRS03,13750,kg,BD-SP2KP,,,,,SP2KP Kemendag: Beras Medium (Pasar Taba Penanjung)
2026-01-27,PSR01,DSP02,140000,kg,BD-SP2KP,,,,,SP2KP Kemendag: Daging Sapi Paha Depan (Pasar Taba Penanjung)
2026-01-27,PSR01,CMR01,30000,kg,BD-SP2KP,,,,,SP2KP Kemendag: Cabai Merah Besar (Pasar Taba Penanjung)
2026-01-27,PSR92,CRW02,58333,kg,BD-SP2KP,,,,,SP2KP Kemendag: Cabai Rawit Merah (Pasar Panorama)
2026-01-27,PSR92,CRW01,65000,kg,BD-SP2KP,,,,,SP2KP Kemendag: Cabai Rawit Hijau (Pasar Panorama)
2026-01-27,PSR92,BWM01,46667,kg,BD-SP2KP,,,,,SP2KP Kemendag: Bawang Merah (Pasar Panorama)
2026-01-27,PSR92,GLP01,18000,kg,BD-SP2KP,,,,,SP2KP Kemendag: Gula Pasir Curah (Pasar Panorama)
2026-01-27,PSR92,GLP02,18500,kg,BD-SP2KP,,,,,SP2KP Kemendag: Gula Pasir Kemasan (Pasar Panorama)
2026-01-27,PSR92,MGR02,22000,liter,BD-SP2KP,,,,,SP2KP Kemendag: Minyak Goreng Sawit Kemasan Premium (Pasar Panorama)
2026-01-27,PSR92,DSP01,140000,kg,BD-SP2KP,,,,,SP2KP Kemendag: Daging Sapi Paha Belakang (Pasar Panorama)
2026-01-27,PSR92,CMR02,38333,kg,BD-SP2KP,,,,,SP2KP Kemendag: Cabai Merah Keriting (Pasar Panorama)
2026-01-27,PSR92,TLR01,30400,kg,BD-SP2KP,,,,,SP2KP Kemendag: Telur Ayam Ras (Pasar Panorama)
2026-01-27,PSR92,DAY01,38000,kg,BD-SP2KP,,,,,SP2KP Kemendag: Daging Ayam Ras (Pasar Panorama)
2026-01-27,PSR92,BWP01,45000,kg,BD-SP2KP,,,,,SP2KP Kemendag: Bawang Putih Honan (Pasar Panorama)
2026-01-27,PSR92,BRS05,16250,kg,BD-SP2KP,,,,,SP2KP Kemendag: Beras Premium (Pasar Panorama)
2026-01-27,PSR92,BRS03,13725,kg,BD-SP2KP,,,,,SP2KP Kemendag: Beras Medium (Pasar Panorama)
2026-01-27,PSR92,DSP02,140000,kg,BD-SP2KP,,,,,SP2KP Kemendag: Daging Sapi Paha Depan (Pasar Panorama)
2026-01-27,PSR92,CMR01,35000,kg,BD-SP2KP,,,,,SP2KP Kemendag: Cabai Merah Besar (Pasar Panorama)
2026-01-28,PSR91,CRW02,60000,kg,BD-SP2KP,,,,,SP2KP Kemendag: Cabai Rawit Merah (Pasar Kepahiang)
2026-01-28,PSR91,CRW01,50000,kg,BD-SP2KP,,,,,SP2KP Kemendag: Cabai Rawit Hijau (Pasar Kepahiang)
2026-01-28,PSR91,BWM01,40000,kg,BD-SP2KP,,,,,SP2KP Kemendag: Bawang Merah (Pasar Kepahiang)
2026-01-28,PSR91,GLP01,17000,kg,BD-SP2KP,,,,,SP2KP Kemendag: Gula Pasir Curah (Pasar Kepahiang)
2026-01-28,PSR91,GLP02,19000,kg,BD-SP2KP,,,,,SP2KP Kemendag: Gula Pasir Kemasan (Pasar Kepahiang)
2026-01-28,PSR91,MGR02,21000,liter,BD-SP2KP,,,,,SP2KP Kemendag: Minyak Goreng Sawit Kemasan Premium (Pasar Kepahiang)
2026-01-28,PSR91,DSP01,130000,kg,BD-SP2KP,,,,,SP2KP Kemendag: Daging Sapi Paha Belakang (Pasar Kepahiang)
2026-01-28,PSR91,CMR02,35000,kg,BD-SP2KP,,,,,SP2KP Kemendag: Cabai Merah Keriting (Pasar Kepahiang)
2026-01-28,PSR91,TLR01,27750,kg,BD-SP2KP,,,,,SP2KP Kemendag: Telur Ayam Ras (Pasar Kepahiang)
2026-01-28,PSR91,DAY01,40000,kg,BD-SP2KP,,,,,SP2KP Kemendag: Daging Ayam Ras (Pasar Kepahiang)
2026-01-28,PSR91,BWP01,40000,kg,BD-SP2KP,,,,,SP2KP Kemendag: Bawang Putih Honan (Pasar Kepahiang)
2026-01-28,PSR91,BRS05,15000,kg,BD-SP2KP,,,,,SP2KP Kemendag: Beras Premium (Pasar Kepahiang)
2026-01-28,PSR91,BRS03,13750,kg,BD-SP2KP,,,,,SP2KP Kemendag: Beras Medium (Pasar Kepahiang)
2026-01-28,PSR91,DSP02,130000,kg,BD-SP2KP,,,,,SP2KP Kemendag: Daging Sapi Paha Depan (Pasar Kepahiang)
2026-01-28,PSR91,CMR01,30000,kg,BD-SP2KP,,,,,SP2KP Kemendag: Cabai Merah Besar (Pasar Kepahiang)
2026-01-28,PSR01,CRW02,60000,kg,BD-SP2KP,,,,,SP2KP Kemendag: Cabai Rawit Merah (Pasar Taba Penanjung)
2026-01-28,PSR01,CRW01,60000,kg,BD-SP2KP,,,,,SP2KP Kemendag: Cabai Rawit Hijau (Pasar Taba Penanjung)
2026-01-28,PSR01,BWM01,40000,kg,BD-SP2KP,,,,,SP2KP Kemendag: Bawang Merah (Pasar Taba Penanjung)
2026-01-28,PSR01,GLP01,18000,kg,BD-SP2KP,,,,,SP2KP Kemendag: Gula Pasir Curah (Pasar Taba Penanjung)
2026-01-28,PSR01,GLP02,18000,kg,BD-SP2KP,,,,,SP2KP Kemendag: Gula Pasir Kemasan (Pasar Taba Penanjung)
2026-01-28,PSR01,MGR02,21000,liter,BD-SP2KP,,,,,SP2KP Kemendag: Minyak Goreng Sawit Kemasan Premium (Pasar Taba Penanjung)
2026-01-28,PSR01,DSP01,140000,kg,BD-SP2KP,,,,,SP2KP Kemendag: Daging Sapi Paha Belakang (Pasar Taba Penanjung)
2026-01-28,PSR01,CMR02,40000,kg,BD-SP2KP,,,,,SP2KP Kemendag: Cabai Merah Keriting (Pasar Taba Penanjung)
2026-01-28,PSR01,TLR01,30000,kg,BD-SP2KP,,,,,SP2KP Kemendag: Telur Ayam Ras (Pasar Taba Penanjung)
2026-01-28,PSR01,DAY01,35000,kg,BD-SP2KP,,,,,SP2KP Kemendag: Daging Ayam Ras (Pasar Taba Penanjung)
2026-01-28,PSR01,BWP01,40000,kg,BD-SP2KP,,,,,SP2KP Kemendag: Bawang Putih Honan (Pasar Taba Penanjung)
2026-01-28,PSR01,BRS05,16500,kg,BD-SP2KP,,,,,SP2KP Kemendag: Beras Premium (Pasar Taba Penanjung)
2026-01-28,PSR01,BRS03,13750,kg,BD-SP2KP,,,,,SP2KP Kemendag: Beras Medium (Pasar Taba Penanjung)
2026-01-28,PSR01,DSP02,140000,kg,BD-SP2KP,,,,,SP2KP Kemendag: Daging Sapi Paha Depan (Pasar Taba Penanjung)
2026-01-28,PSR01,CMR01,30000,kg,BD-SP2KP,,,,,SP2KP Kemendag: Cabai Merah Besar (Pasar Taba Penanjung)
2026-01-28,PSR92,CRW02,58333,kg,BD-SP2KP,,,,,SP2KP Kemendag: Cabai Rawit Merah (Pasar Panorama)
2026-01-28,PSR92,CRW01,65000,kg,BD-SP2KP,,,,,SP2KP Kemendag: Cabai Rawit Hijau (Pasar Panorama)
2026-01-28,PSR92,BWM01,46667,kg,BD-SP2KP,,,,,SP2KP Kemendag: Bawang Merah (Pasar Panorama)
2026-01-28,PSR92,GLP01,18000,kg,BD-SP2KP,,,,,SP2KP Kemendag: Gula Pasir Curah (Pasar Panorama)
2026-01-28,PSR92,GLP02,18500,kg,BD-SP2KP,,,,,SP2KP Kemendag: Gula Pasir Kemasan (Pasar Panorama)
2026-01-28,PSR92,MGR02,22000,liter,BD-SP2KP,,,,,SP2KP Kemendag: Minyak Goreng Sawit Kemasan Premium (Pasar Panorama)
2026-01-28,PSR92,DSP01,140000,kg,BD-SP2KP,,,,,SP2KP Kemendag: Daging Sapi Paha Belakang (Pasar Panorama)
2026-01-28,PSR92,CMR02,38333,kg,BD-SP2KP,,,,,SP2KP Kemendag: Cabai Merah Keriting (Pasar Panorama)
2026-01-28,PSR92,TLR01,30400,kg,BD-SP2KP,,,,,SP2KP Kemendag: Telur Ayam Ras (Pasar Panorama)
2026-01-28,PSR92,DAY01,38000,kg,BD-SP2KP,,,,,SP2KP Kemendag: Daging Ayam Ras (Pasar Panorama)
2026-01-28,PSR92,BWP01,45000,kg,BD-SP2KP,,,,,SP2KP Kemendag: Bawang Putih Honan (Pasar Panorama)
2026-01-28,PSR92,BRS05,16250,kg,BD-SP2KP,,,,,SP2KP Kemendag: Beras Premium (Pasar Panorama)
2026-01-28,PSR92,BRS03,13725,kg,BD-SP2KP,,,,,SP2KP Kemendag: Beras Medium (Pasar Panorama)
2026-01-28,PSR92,DSP02,140000,kg,BD-SP2KP,,,,,SP2KP Kemendag: Daging Sapi Paha Depan (Pasar Panorama)
2026-01-28,PSR92,CMR01,35000,kg,BD-SP2KP,,,,,SP2KP Kemendag: Cabai Merah Besar (Pasar Panorama)
2026-01-29,PSR91,CRW02,60000,kg,BD-SP2KP,,,,,SP2KP Kemendag: Cabai Rawit Merah (Pasar Kepahiang)
2026-01-29,PSR91,CRW01,50000,kg,BD-SP2KP,,,,,SP2KP Kemendag: Cabai Rawit Hijau (Pasar Kepahiang)
2026-01-29,PSR91,BWM01,40000,kg,BD-SP2KP,,,,,SP2KP Kemendag: Bawang Merah (Pasar Kepahiang)
2026-01-29,PSR91,GLP01,17000,kg,BD-SP2KP,,,,,SP2KP Kemendag: Gula Pasir Curah (Pasar Kepahiang)
2026-01-29,PSR91,GLP02,19000,kg,BD-SP2KP,,,,,SP2KP Kemendag: Gula Pasir Kemasan (Pasar Kepahiang)
2026-01-29,PSR91,MGR02,21000,liter,BD-SP2KP,,,,,SP2KP Kemendag: Minyak Goreng Sawit Kemasan Premium (Pasar Kepahiang)
2026-01-29,PSR91,DSP01,130000,kg,BD-SP2KP,,,,,SP2KP Kemendag: Daging Sapi Paha Belakang (Pasar Kepahiang)
2026-01-29,PSR91,CMR02,35000,kg,BD-SP2KP,,,,,SP2KP Kemendag: Cabai Merah Keriting (Pasar Kepahiang)
2026-01-29,PSR91,TLR01,27750,kg,BD-SP2KP,,,,,SP2KP Kemendag: Telur Ayam Ras (Pasar Kepahiang)
2026-01-29,PSR91,DAY01,40000,kg,BD-SP2KP,,,,,SP2KP Kemendag: Daging Ayam Ras (Pasar Kepahiang)
2026-01-29,PSR91,BWP01,40000,kg,BD-SP2KP,,,,,SP2KP Kemendag: Bawang Putih Honan (Pasar Kepahiang)
2026-01-29,PSR91,BRS05,15000,kg,BD-SP2KP,,,,,SP2KP Kemendag: Beras Premium (Pasar Kepahiang)
2026-01-29,PSR91,BRS03,13750,kg,BD-SP2KP,,,,,SP2KP Kemendag: Beras Medium (Pasar Kepahiang)
2026-01-29,PSR91,DSP02,130000,kg,BD-SP2KP,,,,,SP2KP Kemendag: Daging Sapi Paha Depan (Pasar Kepahiang)
2026-01-29,PSR91,CMR01,30000,kg,BD-SP2KP,,,,,SP2KP Kemendag: Cabai Merah Besar (Pasar Kepahiang)
2026-01-29,PSR01,CRW02,60000,kg,BD-SP2KP,,,,,SP2KP Kemendag: Cabai Rawit Merah (Pasar Taba Penanjung)
2026-01-29,PSR01,CRW01,60000,kg,BD-SP2KP,,,,,SP2KP Kemendag: Cabai Rawit Hijau (Pasar Taba Penanjung)
2026-01-29,PSR01,BWM01,38000,kg,BD-SP2KP,,,,,SP2KP Kemendag: Bawang Merah (Pasar Taba Penanjung)
2026-01-29,PSR01,GLP01,18000,kg,BD-SP2KP,,,,,SP2KP Kemendag: Gula Pasir Curah (Pasar Taba Penanjung)
2026-01-29,PSR01,GLP02,18000,kg,BD-SP2KP,,,,,SP2KP Kemendag: Gula Pasir Kemasan (Pasar Taba Penanjung)
2026-01-29,PSR01,MGR02,21000,liter,BD-SP2KP,,,,,SP2KP Kemendag: Minyak Goreng Sawit Kemasan Premium (Pasar Taba Penanjung)
2026-01-29,PSR01,DSP01,140000,kg,BD-SP2KP,,,,,SP2KP Kemendag: Daging Sapi Paha Belakang (Pasar Taba Penanjung)
2026-01-29,PSR01,CMR02,40000,kg,BD-SP2KP,,,,,SP2KP Kemendag: Cabai Merah Keriting (Pasar Taba Penanjung)
2026-01-29,PSR01,TLR01,28266,kg,BD-SP2KP,,,,,SP2KP Kemendag: Telur Ayam Ras (Pasar Taba Penanjung)
2026-01-29,PSR01,DAY01,35000,kg,BD-SP2KP,,,,,SP2KP Kemendag: Daging Ayam Ras (Pasar Taba Penanjung)
2026-01-29,PSR01,BWP01,35000,kg,BD-SP2KP,,,,,SP2KP Kemendag: Bawang Putih Honan (Pasar Taba Penanjung)
2026-01-29,PSR01,BRS05,16500,kg,BD-SP2KP,,,,,SP2KP Kemendag: Beras Premium (Pasar Taba Penanjung)
2026-01-29,PSR01,BRS03,13750,kg,BD-SP2KP,,,,,SP2KP Kemendag: Beras Medium (Pasar Taba Penanjung)
2026-01-29,PSR01,DSP02,140000,kg,BD-SP2KP,,,,,SP2KP Kemendag: Daging Sapi Paha Depan (Pasar Taba Penanjung)
2026-01-29,PSR01,CMR01,35000,kg,BD-SP2KP,,,,,SP2KP Kemendag: Cabai Merah Besar (Pasar Taba Penanjung)
2026-01-29,PSR92,CRW02,58333,kg,BD-SP2KP,,,,,SP2KP Kemendag: Cabai Rawit Merah (Pasar Panorama)
2026-01-29,PSR92,CRW01,65000,kg,BD-SP2KP,,,,,SP2KP Kemendag: Cabai Rawit Hijau (Pasar Panorama)
2026-01-29,PSR92,BWM01,46667,kg,BD-SP2KP,,,,,SP2KP Kemendag: Bawang Merah (Pasar Panorama)
2026-01-29,PSR92,GLP01,18000,kg,BD-SP2KP,,,,,SP2KP Kemendag: Gula Pasir Curah (Pasar Panorama)
2026-01-29,PSR92,GLP02,18500,kg,BD-SP2KP,,,,,SP2KP Kemendag: Gula Pasir Kemasan (Pasar Panorama)
2026-01-29,PSR92,MGR02,22000,liter,BD-SP2KP,,,,,SP2KP Kemendag: Minyak Goreng Sawit Kemasan Premium (Pasar Panorama)
2026-01-29,PSR92,DSP01,140000,kg,BD-SP2KP,,,,,SP2KP Kemendag: Daging Sapi Paha Belakang (Pasar Panorama)
2026-01-29,PSR92,CMR02,38333,kg,BD-SP2KP,,,,,SP2KP Kemendag: Cabai Merah Keriting (Pasar Panorama)
2026-01-29,PSR92,TLR01,30400,kg,BD-SP2KP,,,,,SP2KP Kemendag: Telur Ayam Ras (Pasar Panorama)
2026-01-29,PSR92,DAY01,38000,kg,BD-SP2KP,,,,,SP2KP Kemendag: Daging Ayam Ras (Pasar Panorama)
2026-01-29,PSR92,BWP01,45000,kg,BD-SP2KP,,,,,SP2KP Kemendag: Bawang Putih Honan (Pasar Panorama)
2026-01-29,PSR92,BRS05,16250,kg,BD-SP2KP,,,,,SP2KP Kemendag: Beras Premium (Pasar Panorama)
2026-01-29,PSR92,BRS03,13725,kg,BD-SP2KP,,,,,SP2KP Kemendag: Beras Medium (Pasar Panorama)
2026-01-29,PSR92,DSP02,140000,kg,BD-SP2KP,,,,,SP2KP Kemendag: Daging Sapi Paha Depan (Pasar Panorama)
2026-01-29,PSR92,CMR01,35000,kg,BD-SP2KP,,,,,SP2KP Kemendag: Cabai Merah Besar (Pasar Panorama)
2026-01-30,PSR91,CRW02,60000,kg,BD-SP2KP,,,,,SP2KP Kemendag: Cabai Rawit Merah (Pasar Kepahiang)
2026-01-30,PSR91,CRW01,50000,kg,BD-SP2KP,,,,,SP2KP Kemendag: Cabai Rawit Hijau (Pasar Kepahiang)
2026-01-30,PSR91,BWM01,40000,kg,BD-SP2KP,,,,,SP2KP Kemendag: Bawang Merah (Pasar Kepahiang)
2026-01-30,PSR91,GLP01,17000,kg,BD-SP2KP,,,,,SP2KP Kemendag: Gula Pasir Curah (Pasar Kepahiang)
2026-01-30,PSR91,GLP02,19000,kg,BD-SP2KP,,,,,SP2KP Kemendag: Gula Pasir Kemasan (Pasar Kepahiang)
2026-01-30,PSR91,MGR02,21000,liter,BD-SP2KP,,,,,SP2KP Kemendag: Minyak Goreng Sawit Kemasan Premium (Pasar Kepahiang)
2026-01-30,PSR91,DSP01,130000,kg,BD-SP2KP,,,,,SP2KP Kemendag: Daging Sapi Paha Belakang (Pasar Kepahiang)
2026-01-30,PSR91,CMR02,35000,kg,BD-SP2KP,,,,,SP2KP Kemendag: Cabai Merah Keriting (Pasar Kepahiang)
2026-01-30,PSR91,TLR01,27750,kg,BD-SP2KP,,,,,SP2KP Kemendag: Telur Ayam Ras (Pasar Kepahiang)
2026-01-30,PSR91,DAY01,40000,kg,BD-SP2KP,,,,,SP2KP Kemendag: Daging Ayam Ras (Pasar Kepahiang)
2026-01-30,PSR91,BWP01,40000,kg,BD-SP2KP,,,,,SP2KP Kemendag: Bawang Putih Honan (Pasar Kepahiang)
2026-01-30,PSR91,BRS05,15000,kg,BD-SP2KP,,,,,SP2KP Kemendag: Beras Premium (Pasar Kepahiang)
2026-01-30,PSR91,BRS03,13750,kg,BD-SP2KP,,,,,SP2KP Kemendag: Beras Medium (Pasar Kepahiang)
2026-01-30,PSR91,DSP02,130000,kg,BD-SP2KP,,,,,SP2KP Kemendag: Daging Sapi Paha Depan (Pasar Kepahiang)
2026-01-30,PSR91,CMR01,30000,kg,BD-SP2KP,,,,,SP2KP Kemendag: Cabai Merah Besar (Pasar Kepahiang)
2026-01-30,PSR01,CRW02,60000,kg,BD-SP2KP,,,,,SP2KP Kemendag: Cabai Rawit Merah (Pasar Taba Penanjung)
2026-01-30,PSR01,CRW01,60000,kg,BD-SP2KP,,,,,SP2KP Kemendag: Cabai Rawit Hijau (Pasar Taba Penanjung)
2026-01-30,PSR01,BWM01,38000,kg,BD-SP2KP,,,,,SP2KP Kemendag: Bawang Merah (Pasar Taba Penanjung)
2026-01-30,PSR01,GLP01,18000,kg,BD-SP2KP,,,,,SP2KP Kemendag: Gula Pasir Curah (Pasar Taba Penanjung)
2026-01-30,PSR01,GLP02,18000,kg,BD-SP2KP,,,,,SP2KP Kemendag: Gula Pasir Kemasan (Pasar Taba Penanjung)
2026-01-30,PSR01,MGR02,21000,liter,BD-SP2KP,,,,,SP2KP Kemendag: Minyak Goreng Sawit Kemasan Premium (Pasar Taba Penanjung)
2026-01-30,PSR01,DSP01,140000,kg,BD-SP2KP,,,,,SP2KP Kemendag: Daging Sapi Paha Belakang (Pasar Taba Penanjung)
2026-01-30,PSR01,CMR02,40000,kg,BD-SP2KP,,,,,SP2KP Kemendag: Cabai Merah Keriting (Pasar Taba Penanjung)
2026-01-30,PSR01,TLR01,28266,kg,BD-SP2KP,,,,,SP2KP Kemendag: Telur Ayam Ras (Pasar Taba Penanjung)
2026-01-30,PSR01,DAY01,35000,kg,BD-SP2KP,,,,,SP2KP Kemendag: Daging Ayam Ras (Pasar Taba Penanjung)
2026-01-30,PSR01,BWP01,35000,kg,BD-SP2KP,,,,,SP2KP Kemendag: Bawang Putih Honan (Pasar Taba Penanjung)
2026-01-30,PSR01,BRS05,16500,kg,BD-SP2KP,,,,,SP2KP Kemendag: Beras Premium (Pasar Taba Penanjung)
2026-01-30,PSR01,BRS03,13750,kg,BD-SP2KP,,,,,SP2KP Kemendag: Beras Medium (Pasar Taba Penanjung)
2026-01-30,PSR01,DSP02,140000,kg,BD-SP2KP,,,,,SP2KP Kemendag: Daging Sapi Paha Depan (Pasar Taba Penanjung)
2026-01-30,PSR01,CMR01,35000,kg,BD-SP2KP,,,,,SP2KP Kemendag: Cabai Merah Besar (Pasar Taba Penanjung)
2026-01-30,PSR92,CRW02,65000,kg,BD-SP2KP,,,,,SP2KP Kemendag: Cabai Rawit Merah (Pasar Panorama)
2026-01-30,PSR92,CRW01,70000,kg,BD-SP2KP,,,,,SP2KP Kemendag: Cabai Rawit Hijau (Pasar Panorama)
2026-01-30,PSR92,BWM01,46667,kg,BD-SP2KP,,,,,SP2KP Kemendag: Bawang Merah (Pasar Panorama)
2026-01-30,PSR92,GLP01,18000,kg,BD-SP2KP,,,,,SP2KP Kemendag: Gula Pasir Curah (Pasar Panorama)
2026-01-30,PSR92,GLP02,18500,kg,BD-SP2KP,,,,,SP2KP Kemendag: Gula Pasir Kemasan (Pasar Panorama)
2026-01-30,PSR92,MGR02,22000,liter,BD-SP2KP,,,,,SP2KP Kemendag: Minyak Goreng Sawit Kemasan Premium (Pasar Panorama)
2026-01-30,PSR92,DSP01,140000,kg,BD-SP2KP,,,,,SP2KP Kemendag: Daging Sapi Paha Belakang (Pasar Panorama)
2026-01-30,PSR92,CMR02,38333,kg,BD-SP2KP,,,,,SP2KP Kemendag: Cabai Merah Keriting (Pasar Panorama)
2026-01-30,PSR92,TLR01,30400,kg,BD-SP2KP,,,,,SP2KP Kemendag: Telur Ayam Ras (Pasar Panorama)
2026-01-30,PSR92,DAY01,38000,kg,BD-SP2KP,,,,,SP2KP Kemendag: Daging Ayam Ras (Pasar Panorama)
2026-01-30,PSR92,BWP01,45000,kg,BD-SP2KP,,,,,SP2KP Kemendag: Bawang Putih Honan (Pasar Panorama)
2026-01-30,PSR92,BRS05,16250,kg,BD-SP2KP,,,,,SP2KP Kemendag: Beras Premium (Pasar Panorama)
2026-01-30,PSR92,BRS03,13725,kg,BD-SP2KP,,,,,SP2KP Kemendag: Beras Medium (Pasar Panorama)
2026-01-30,PSR92,DSP02,140000,kg,BD-SP2KP,,,,,SP2KP Kemendag: Daging Sapi Paha Depan (Pasar Panorama)
2026-01-30,PSR92,CMR01,35000,kg,BD-SP2KP,,,,,SP2KP Kemendag: Cabai Merah Besar (Pasar Panorama)
2026-02-02,PSR91,CRW02,80000,kg,BD-SP2KP,,,,,SP2KP Kemendag: Cabai Rawit Merah (Pasar Kepahiang)
2026-02-02,PSR91,CRW01,60000,kg,BD-SP2KP,,,,,SP2KP Kemendag: Cabai Rawit Hijau (Pasar Kepahiang)
2026-02-02,PSR91,BWM01,40000,kg,BD-SP2KP,,,,,SP2KP Kemendag: Bawang Merah (Pasar Kepahiang)
2026-02-02,PSR91,GLP01,17000,kg,BD-SP2KP,,,,,SP2KP Kemendag: Gula Pasir Curah (Pasar Kepahiang)
2026-02-02,PSR91,GLP02,19000,kg,BD-SP2KP,,,,,SP2KP Kemendag: Gula Pasir Kemasan (Pasar Kepahiang)
2026-02-02,PSR91,MGR02,21000,liter,BD-SP2KP,,,,,SP2KP Kemendag: Minyak Goreng Sawit Kemasan Premium (Pasar Kepahiang)
2026-02-02,PSR91,DSP01,130000,kg,BD-SP2KP,,,,,SP2KP Kemendag: Daging Sapi Paha Belakang (Pasar Kepahiang)
2026-02-02,PSR91,CMR02,40000,kg,BD-SP2KP,,,,,SP2KP Kemendag: Cabai Merah Keriting (Pasar Kepahiang)
2026-02-02,PSR91,TLR01,27750,kg,BD-SP2KP,,,,,SP2KP Kemendag: Telur Ayam Ras (Pasar Kepahiang)
2026-02-02,PSR91,DAY01,40000,kg,BD-SP2KP,,,,,SP2KP Kemendag: Daging Ayam Ras (Pasar Kepahiang)
2026-02-02,PSR91,BWP01,40000,kg,BD-SP2KP,,,,,SP2KP Kemendag: Bawang Putih Honan (Pasar Kepahiang)
2026-02-02,PSR91,BRS05,15000,kg,BD-SP2KP,,,,,SP2KP Kemendag: Beras Premium (Pasar Kepahiang)
2026-02-02,PSR91,BRS03,13750,kg,BD-SP2KP,,,,,SP2KP Kemendag: Beras Medium (Pasar Kepahiang)
2026-02-02,PSR91,DSP02,130000,kg,BD-SP2KP,,,,,SP2KP Kemendag: Daging Sapi Paha Depan (Pasar Kepahiang)
2026-02-02,PSR91,CMR01,35000,kg,BD-SP2KP,,,,,SP2KP Kemendag: Cabai Merah Besar (Pasar Kepahiang)
2026-02-02,PSR01,CRW02,60000,kg,BD-SP2KP,,,,,SP2KP Kemendag: Cabai Rawit Merah (Pasar Taba Penanjung)
2026-02-02,PSR01,CRW01,60000,kg,BD-SP2KP,,,,,SP2KP Kemendag: Cabai Rawit Hijau (Pasar Taba Penanjung)
2026-02-02,PSR01,BWM01,38000,kg,BD-SP2KP,,,,,SP2KP Kemendag: Bawang Merah (Pasar Taba Penanjung)
2026-02-02,PSR01,GLP01,18000,kg,BD-SP2KP,,,,,SP2KP Kemendag: Gula Pasir Curah (Pasar Taba Penanjung)
2026-02-02,PSR01,GLP02,18000,kg,BD-SP2KP,,,,,SP2KP Kemendag: Gula Pasir Kemasan (Pasar Taba Penanjung)
2026-02-02,PSR01,MGR02,21000,liter,BD-SP2KP,,,,,SP2KP Kemendag: Minyak Goreng Sawit Kemasan Premium (Pasar Taba Penanjung)
2026-02-02,PSR01,DSP01,140000,kg,BD-SP2KP,,,,,SP2KP Kemendag: Daging Sapi Paha Belakang (Pasar Taba Penanjung)
2026-02-02,PSR01,CMR02,40000,kg,BD-SP2KP,,,,,SP2KP Kemendag: Cabai Merah Keriting (Pasar Taba Penanjung)
2026-02-02,PSR01,TLR01,28266,kg,BD-SP2KP,,,,,SP2KP Kemendag: Telur Ayam Ras (Pasar Taba Penanjung)
2026-02-02,PSR01,DAY01,35000,kg,BD-SP2KP,,,,,SP2KP Kemendag: Daging Ayam Ras (Pasar Taba Penanjung)
2026-02-02,PSR01,BWP01,35000,kg,BD-SP2KP,,,,,SP2KP Kemendag: Bawang Putih Honan (Pasar Taba Penanjung)
2026-02-02,PSR01,BRS05,16500,kg,BD-SP2KP,,,,,SP2KP Kemendag: Beras Premium (Pasar Taba Penanjung)
2026-02-02,PSR01,BRS03,13750,kg,BD-SP2KP,,,,,SP2KP Kemendag: Beras Medium (Pasar Taba Penanjung)
2026-02-02,PSR01,DSP02,140000,kg,BD-SP2KP,,,,,SP2KP Kemendag: Daging Sapi Paha Depan (Pasar Taba Penanjung)
2026-02-02,PSR01,CMR01,35000,kg,BD-SP2KP,,,,,SP2KP Kemendag: Cabai Merah Besar (Pasar Taba Penanjung)
2026-02-02,PSR92,CRW02,65000,kg,BD-SP2KP,,,,,SP2KP Kemendag: Cabai Rawit Merah (Pasar Panorama)
2026-02-02,PSR92,CRW01,70000,kg,BD-SP2KP,,,,,SP2KP Kemendag: Cabai Rawit Hijau (Pasar Panorama)
2026-02-02,PSR92,BWM01,46667,kg,BD-SP2KP,,,,,SP2KP Kemendag: Bawang Merah (Pasar Panorama)
2026-02-02,PSR92,GLP01,18000,kg,BD-SP2KP,,,,,SP2KP Kemendag: Gula Pasir Curah (Pasar Panorama)
2026-02-02,PSR92,GLP02,18500,kg,BD-SP2KP,,,,,SP2KP Kemendag: Gula Pasir Kemasan (Pasar Panorama)
2026-02-02,PSR92,MGR02,22000,liter,BD-SP2KP,,,,,SP2KP Kemendag: Minyak Goreng Sawit Kemasan Premium (Pasar Panorama)
2026-02-02,PSR92,DSP01,140000,kg,BD-SP2KP,,,,,SP2KP Kemendag: Daging Sapi Paha Belakang (Pasar Panorama)
2026-02-02,PSR92,CMR02,60000,kg,BD-SP2KP,,,,,SP2KP Kemendag: Cabai Merah Keriting (Pasar Panorama)
2026-02-02,PSR92,TLR01,30400,kg,BD-SP2KP,,,,,SP2KP Kemendag: Telur Ayam Ras (Pasar Panorama)
2026-02-02,PSR92,DAY01,38000,kg,BD-SP2KP,,,,,SP2KP Kemendag: Daging Ayam Ras (Pasar Panorama)
2026-02-02,PSR92,BWP01,45000,kg,BD-SP2KP,,,,,SP2KP Kemendag: Bawang Putih Honan (Pasar Panorama)
2026-02-02,PSR92,BRS05,16250,kg,BD-SP2KP,,,,,SP2KP Kemendag: Beras Premium (Pasar Panorama)
2026-02-02,PSR92,BRS03,13725,kg,BD-SP2KP,,,,,SP2KP Kemendag: Beras Medium (Pasar Panorama)
2026-02-02,PSR92,DSP02,140000,kg,BD-SP2KP,,,,,SP2KP Kemendag: Daging Sapi Paha Depan (Pasar Panorama)
2026-02-02,PSR92,CMR01,35000,kg,BD-SP2KP,,,,,SP2KP Kemendag: Cabai Merah Besar (Pasar Panorama)
2026-02-03,PSR91,CRW02,80000,kg,BD-SP2KP,,,,,SP2KP Kemendag: Cabai Rawit Merah (Pasar Kepahiang)
2026-02-03,PSR91,CRW01,60000,kg,BD-SP2KP,,,,,SP2KP Kemendag: Cabai Rawit Hijau (Pasar Kepahiang)
2026-02-03,PSR91,BWM01,40000,kg,BD-SP2KP,,,,,SP2KP Kemendag: Bawang Merah (Pasar Kepahiang)
2026-02-03,PSR91,GLP01,17000,kg,BD-SP2KP,,,,,SP2KP Kemendag: Gula Pasir Curah (Pasar Kepahiang)
2026-02-03,PSR91,GLP02,19000,kg,BD-SP2KP,,,,,SP2KP Kemendag: Gula Pasir Kemasan (Pasar Kepahiang)
2026-02-03,PSR91,MGR02,21000,liter,BD-SP2KP,,,,,SP2KP Kemendag: Minyak Goreng Sawit Kemasan Premium (Pasar Kepahiang)
2026-02-03,PSR91,DSP01,130000,kg,BD-SP2KP,,,,,SP2KP Kemendag: Daging Sapi Paha Belakang (Pasar Kepahiang)
2026-02-03,PSR91,CMR02,40000,kg,BD-SP2KP,,,,,SP2KP Kemendag: Cabai Merah Keriting (Pasar Kepahiang)
2026-02-03,PSR91,TLR01,27750,kg,BD-SP2KP,,,,,SP2KP Kemendag: Telur Ayam Ras (Pasar Kepahiang)
2026-02-03,PSR91,DAY01,40000,kg,BD-SP2KP,,,,,SP2KP Kemendag: Daging Ayam Ras (Pasar Kepahiang)
2026-02-03,PSR91,BWP01,40000,kg,BD-SP2KP,,,,,SP2KP Kemendag: Bawang Putih Honan (Pasar Kepahiang)
2026-02-03,PSR91,BRS05,15000,kg,BD-SP2KP,,,,,SP2KP Kemendag: Beras Premium (Pasar Kepahiang)
2026-02-03,PSR91,BRS03,13750,kg,BD-SP2KP,,,,,SP2KP Kemendag: Beras Medium (Pasar Kepahiang)
2026-02-03,PSR91,DSP02,130000,kg,BD-SP2KP,,,,,SP2KP Kemendag: Daging Sapi Paha Depan (Pasar Kepahiang)
2026-02-03,PSR91,CMR01,35000,kg,BD-SP2KP,,,,,SP2KP Kemendag: Cabai Merah Besar (Pasar Kepahiang)
2026-02-03,PSR01,CRW02,60000,kg,BD-SP2KP,,,,,SP2KP Kemendag: Cabai Rawit Merah (Pasar Taba Penanjung)
2026-02-03,PSR01,CRW01,60000,kg,BD-SP2KP,,,,,SP2KP Kemendag: Cabai Rawit Hijau (Pasar Taba Penanjung)
2026-02-03,PSR01,BWM01,38000,kg,BD-SP2KP,,,,,SP2KP Kemendag: Bawang Merah (Pasar Taba Penanjung)
2026-02-03,PSR01,GLP01,18000,kg,BD-SP2KP,,,,,SP2KP Kemendag: Gula Pasir Curah (Pasar Taba Penanjung)
2026-02-03,PSR01,GLP02,18000,kg,BD-SP2KP,,,,,SP2KP Kemendag: Gula Pasir Kemasan (Pasar Taba Penanjung)
2026-02-03,PSR01,MGR02,21000,liter,BD-SP2KP,,,,,SP2KP Kemendag: Minyak Goreng Sawit Kemasan Premium (Pasar Taba Penanjung)
2026-02-03,PSR01,DSP01,140000,kg,BD-SP2KP,,,,,SP2KP Kemendag: Daging Sapi Paha Belakang (Pasar Taba Penanjung)
2026-02-03,PSR01,CMR02,40000,kg,BD-SP2KP,,,,,SP2KP Kemendag: Cabai Merah Keriting (Pasar Taba Penanjung)
2026-02-03,PSR01,TLR01,28266,kg,BD-SP2KP,,,,,SP2KP Kemendag: Telur Ayam Ras (Pasar Taba Penanjung)
2026-02-03,PSR01,DAY01,35000,kg,BD-SP2KP,,,,,SP2KP Kemendag: Daging Ayam Ras (Pasar Taba Penanjung)
2026-02-03,PSR01,BWP01,35000,kg,BD-SP2KP,,,,,SP2KP Kemendag: Bawang Putih Honan (Pasar Taba Penanjung)
2026-02-03,PSR01,BRS05,16500,kg,BD-SP2KP,,,,,SP2KP Kemendag: Beras Premium (Pasar Taba Penanjung)
2026-02-03,PSR01,BRS03,13750,kg,BD-SP2KP,,,,,SP2KP Kemendag: Beras Medium (Pasar Taba Penanjung)
2026-02-03,PSR01,DSP02,140000,kg,BD-SP2KP,,,,,SP2KP Kemendag: Daging Sapi Paha Depan (Pasar Taba Penanjung)
2026-02-03,PSR01,CMR01,35000,kg,BD-SP2KP,,,,,SP2KP Kemendag: Cabai Merah Besar (Pasar Taba Penanjung)
2026-02-03,PSR92,CRW02,65000,kg,BD-SP2KP,,,,,SP2KP Kemendag: Cabai Rawit Merah (Pasar Panorama)
2026-02-03,PSR92,CRW01,70000,kg,BD-SP2KP,,,,,SP2KP Kemendag: Cabai Rawit Hijau (Pasar Panorama)
2026-02-03,PSR92,BWM01,46667,kg,BD-SP2KP,,,,,SP2KP Kemendag: Bawang Merah (Pasar Panorama)
2026-02-03,PSR92,GLP01,18000,kg,BD-SP2KP,,,,,SP2KP Kemendag: Gula Pasir Curah (Pasar Panorama)
2026-02-03,PSR92,GLP02,18500,kg,BD-SP2KP,,,,,SP2KP Kemendag: Gula Pasir Kemasan (Pasar Panorama)
2026-02-03,PSR92,MGR02,22000,liter,BD-SP2KP,,,,,SP2KP Kemendag: Minyak Goreng Sawit Kemasan Premium (Pasar Panorama)
2026-02-03,PSR92,DSP01,140000,kg,BD-SP2KP,,,,,SP2KP Kemendag: Daging Sapi Paha Belakang (Pasar Panorama)
2026-02-03,PSR92,CMR02,60000,kg,BD-SP2KP,,,,,SP2KP Kemendag: Cabai Merah Keriting (Pasar Panorama)
2026-02-03,PSR92,TLR01,30400,kg,BD-SP2KP,,,,,SP2KP Kemendag: Telur Ayam Ras (Pasar Panorama)
2026-02-03,PSR92,DAY01,38000,kg,BD-SP2KP,,,,,SP2KP Kemendag: Daging Ayam Ras (Pasar Panorama)
2026-02-03,PSR92,BWP01,45000,kg,BD-SP2KP,,,,,SP2KP Kemendag: Bawang Putih Honan (Pasar Panorama)
2026-02-03,PSR92,BRS05,16250,kg,BD-SP2KP,,,,,SP2KP Kemendag: Beras Premium (Pasar Panorama)
2026-02-03,PSR92,BRS03,13725,kg,BD-SP2KP,,,,,SP2KP Kemendag: Beras Medium (Pasar Panorama)
2026-02-03,PSR92,DSP02,140000,kg,BD-SP2KP,,,,,SP2KP Kemendag: Daging Sapi Paha Depan (Pasar Panorama)
2026-02-03,PSR92,CMR01,35000,kg,BD-SP2KP,,,,,SP2KP Kemendag: Cabai Merah Besar (Pasar Panorama)
2026-02-04,PSR91,CRW02,80000,kg,BD-SP2KP,,,,,SP2KP Kemendag: Cabai Rawit Merah (Pasar Kepahiang)
2026-02-04,PSR91,CRW01,60000,kg,BD-SP2KP,,,,,SP2KP Kemendag: Cabai Rawit Hijau (Pasar Kepahiang)
2026-02-04,PSR91,BWM01,40000,kg,BD-SP2KP,,,,,SP2KP Kemendag: Bawang Merah (Pasar Kepahiang)
2026-02-04,PSR91,GLP01,17000,kg,BD-SP2KP,,,,,SP2KP Kemendag: Gula Pasir Curah (Pasar Kepahiang)
2026-02-04,PSR91,GLP02,19000,kg,BD-SP2KP,,,,,SP2KP Kemendag: Gula Pasir Kemasan (Pasar Kepahiang)
2026-02-04,PSR91,MGR02,21000,liter,BD-SP2KP,,,,,SP2KP Kemendag: Minyak Goreng Sawit Kemasan Premium (Pasar Kepahiang)
2026-02-04,PSR91,DSP01,130000,kg,BD-SP2KP,,,,,SP2KP Kemendag: Daging Sapi Paha Belakang (Pasar Kepahiang)
2026-02-04,PSR91,CMR02,50000,kg,BD-SP2KP,,,,,SP2KP Kemendag: Cabai Merah Keriting (Pasar Kepahiang)
2026-02-04,PSR91,TLR01,27750,kg,BD-SP2KP,,,,,SP2KP Kemendag: Telur Ayam Ras (Pasar Kepahiang)
2026-02-04,PSR91,DAY01,40000,kg,BD-SP2KP,,,,,SP2KP Kemendag: Daging Ayam Ras (Pasar Kepahiang)
2026-02-04,PSR91,BWP01,40000,kg,BD-SP2KP,,,,,SP2KP Kemendag: Bawang Putih Honan (Pasar Kepahiang)
2026-02-04,PSR91,BRS05,15000,kg,BD-SP2KP,,,,,SP2KP Kemendag: Beras Premium (Pasar Kepahiang)
2026-02-04,PSR91,BRS03,13750,kg,BD-SP2KP,,,,,SP2KP Kemendag: Beras Medium (Pasar Kepahiang)
2026-02-04,PSR91,DSP02,130000,kg,BD-SP2KP,,,,,SP2KP Kemendag: Daging Sapi Paha Depan (Pasar Kepahiang)
2026-02-04,PSR91,CMR01,45000,kg,BD-SP2KP,,,,,SP2KP Kemendag: Cabai Merah Besar (Pasar Kepahiang)
2026-02-04,PSR01,CRW02,60000,kg,BD-SP2KP,,,,,SP2KP Kemendag: Cabai Rawit Merah (Pasar Taba Penanjung)
2026-02-04,PSR01,CRW01,60000,kg,BD-SP2KP,,,,,SP2KP Kemendag: Cabai Rawit Hijau (Pasar Taba Penanjung)
2026-02-04,PSR01,BWM01,38000,kg,BD-SP2KP,,,,,SP2KP Kemendag: Bawang Merah (Pasar Taba Penanjung)
2026-02-04,PSR01,GLP01,18000,kg,BD-SP2KP,,,,,SP2KP Kemendag: Gula Pasir Curah (Pasar Taba Penanjung)
2026-02-04,PSR01,GLP02,18000,kg,BD-SP2KP,,,,,SP2KP Kemendag: Gula Pasir Kemasan (Pasar Taba Penanjung)
2026-02-04,PSR01,MGR02,21000,liter,BD-SP2KP,,,,,SP2KP Kemendag: Minyak Goreng Sawit Kemasan Premium (Pasar Taba Penanjung)
2026-02-04,PSR01,DSP01,140000,kg,BD-SP2KP,,,,,SP2KP Kemendag: Daging Sapi Paha Belakang (Pasar Taba Penanjung)
2026-02-04,PSR01,CMR02,40000,kg,BD-SP2KP,,,,,SP2KP Kemendag: Cabai Merah Keriting (Pasar Taba Penanjung)
2026-02-04,PSR01,TLR01,28266,kg,BD-SP2KP,,,,,SP2KP Kemendag: Telur Ayam Ras (Pasar Taba Penanjung)
2026-02-04,PSR01,DAY01,35000,kg,BD-SP2KP,,,,,SP2KP Kemendag: Daging Ayam Ras (Pasar Taba Penanjung)
2026-02-04,PSR01,BWP01,35000,kg,BD-SP2KP,,,,,SP2KP Kemendag: Bawang Putih Honan (Pasar Taba Penanjung)
2026-02-04,PSR01,BRS05,16500,kg,BD-SP2KP,,,,,SP2KP Kemendag: Beras Premium (Pasar Taba Penanjung)
2026-02-04,PSR01,BRS03,13750,kg,BD-SP2KP,,,,,SP2KP Kemendag: Beras Medium (Pasar Taba Penanjung)
2026-02-04,PSR01,DSP02,140000,kg,BD-SP2KP,,,,,SP2KP Kemendag: Daging Sapi Paha Depan (Pasar Taba Penanjung)
2026-02-04,PSR01,CMR01,35000,kg,BD-SP2KP,,,,,SP2KP Kemendag: Cabai Merah Besar (Pasar Taba Penanjung)
2026-02-04,PSR92,CRW02,65000,kg,BD-SP2KP,,,,,SP2KP Kemendag: Cabai Rawit Merah (Pasar Panorama)
2026-02-04,PSR92,CRW01,70000,kg,BD-SP2KP,,,,,SP2KP Kemendag: Cabai Rawit Hijau (Pasar Panorama)
2026-02-04,PSR92,BWM01,46667,kg,BD-SP2KP,,,,,SP2KP Kemendag: Bawang Merah (Pasar Panorama)
2026-02-04,PSR92,GLP01,18000,kg,BD-SP2KP,,,,,SP2KP Kemendag: Gula Pasir Curah (Pasar Panorama)
2026-02-04,PSR92,GLP02,18500,kg,BD-SP2KP,,,,,SP2KP Kemendag: Gula Pasir Kemasan (Pasar Panorama)
2026-02-04,PSR92,MGR02,22000,liter,BD-SP2KP,,,,,SP2KP Kemendag: Minyak Goreng Sawit Kemasan Premium (Pasar Panorama)
2026-02-04,PSR92,DSP01,140000,kg,BD-SP2KP,,,,,SP2KP Kemendag: Daging Sapi Paha Belakang (Pasar Panorama)
2026-02-04,PSR92,CMR02,60000,kg,BD-SP2KP,,,,,SP2KP Kemendag: Cabai Merah Keriting (Pasar Panorama)
2026-02-04,PSR92,TLR01,30400,kg,BD-SP2KP,,,,,SP2KP Kemendag: Telur Ayam Ras (Pasar Panorama)
2026-02-04,PSR92,DAY01,38000,kg,BD-SP2KP,,,,,SP2KP Kemendag: Daging Ayam Ras (Pasar Panorama)
2026-02-04,PSR92,BWP01,45000,kg,BD-SP2KP,,,,,SP2KP Kemendag: Bawang Putih Honan (Pasar Panorama)
2026-02-04,PSR92,BRS05,16250,kg,BD-SP2KP,,,,,SP2KP Kemendag: Beras Premium (Pasar Panorama)
2026-02-04,PSR92,BRS03,13725,kg,BD-SP2KP,,,,,SP2KP Kemendag: Beras Medium (Pasar Panorama)
2026-02-04,PSR92,DSP02,140000,kg,BD-SP2KP,,,,,SP2KP Kemendag: Daging Sapi Paha Depan (Pasar Panorama)
2026-02-04,PSR92,CMR01,35000,kg,BD-SP2KP,,,,,SP2KP Kemendag: Cabai Merah Besar (Pasar Panorama)
2026-02-05,PSR91,CRW02,80000,kg,BD-SP2KP,,,,,SP2KP Kemendag: Cabai Rawit Merah (Pasar Kepahiang)
2026-02-05,PSR91,CRW01,60000,kg,BD-SP2KP,,,,,SP2KP Kemendag: Cabai Rawit Hijau (Pasar Kepahiang)
2026-02-05,PSR91,BWM01,40000,kg,BD-SP2KP,,,,,SP2KP Kemendag: Bawang Merah (Pasar Kepahiang)
2026-02-05,PSR91,GLP01,17000,kg,BD-SP2KP,,,,,SP2KP Kemendag: Gula Pasir Curah (Pasar Kepahiang)
2026-02-05,PSR91,GLP02,19000,kg,BD-SP2KP,,,,,SP2KP Kemendag: Gula Pasir Kemasan (Pasar Kepahiang)
2026-02-05,PSR91,MGR02,21000,liter,BD-SP2KP,,,,,SP2KP Kemendag: Minyak Goreng Sawit Kemasan Premium (Pasar Kepahiang)
2026-02-05,PSR91,DSP01,130000,kg,BD-SP2KP,,,,,SP2KP Kemendag: Daging Sapi Paha Belakang (Pasar Kepahiang)
2026-02-05,PSR91,CMR02,50000,kg,BD-SP2KP,,,,,SP2KP Kemendag: Cabai Merah Keriting (Pasar Kepahiang)
2026-02-05,PSR91,TLR01,27750,kg,BD-SP2KP,,,,,SP2KP Kemendag: Telur Ayam Ras (Pasar Kepahiang)
2026-02-05,PSR91,DAY01,40000,kg,BD-SP2KP,,,,,SP2KP Kemendag: Daging Ayam Ras (Pasar Kepahiang)
2026-02-05,PSR91,BWP01,40000,kg,BD-SP2KP,,,,,SP2KP Kemendag: Bawang Putih Honan (Pasar Kepahiang)
2026-02-05,PSR91,BRS05,15000,kg,BD-SP2KP,,,,,SP2KP Kemendag: Beras Premium (Pasar Kepahiang)
2026-02-05,PSR91,BRS03,13750,kg,BD-SP2KP,,,,,SP2KP Kemendag: Beras Medium (Pasar Kepahiang)
2026-02-05,PSR91,DSP02,130000,kg,BD-SP2KP,,,,,SP2KP Kemendag: Daging Sapi Paha Depan (Pasar Kepahiang)
2026-02-05,PSR91,CMR01,45000,kg,BD-SP2KP,,,,,SP2KP Kemendag: Cabai Merah Besar (Pasar Kepahiang)
2026-02-05,PSR01,CRW02,80000,kg,BD-SP2KP,,,,,SP2KP Kemendag: Cabai Rawit Merah (Pasar Taba Penanjung)
2026-02-05,PSR01,CRW01,50000,kg,BD-SP2KP,,,,,SP2KP Kemendag: Cabai Rawit Hijau (Pasar Taba Penanjung)
2026-02-05,PSR01,BWM01,38000,kg,BD-SP2KP,,,,,SP2KP Kemendag: Bawang Merah (Pasar Taba Penanjung)
2026-02-05,PSR01,GLP01,18000,kg,BD-SP2KP,,,,,SP2KP Kemendag: Gula Pasir Curah (Pasar Taba Penanjung)
2026-02-05,PSR01,GLP02,19000,kg,BD-SP2KP,,,,,SP2KP Kemendag: Gula Pasir Kemasan (Pasar Taba Penanjung)
2026-02-05,PSR01,MGR02,21000,liter,BD-SP2KP,,,,,SP2KP Kemendag: Minyak Goreng Sawit Kemasan Premium (Pasar Taba Penanjung)
2026-02-05,PSR01,DSP01,140000,kg,BD-SP2KP,,,,,SP2KP Kemendag: Daging Sapi Paha Belakang (Pasar Taba Penanjung)
2026-02-05,PSR01,CMR02,55000,kg,BD-SP2KP,,,,,SP2KP Kemendag: Cabai Merah Keriting (Pasar Taba Penanjung)
2026-02-05,PSR01,TLR01,25600,kg,BD-SP2KP,,,,,SP2KP Kemendag: Telur Ayam Ras (Pasar Taba Penanjung)
2026-02-05,PSR01,DAY01,38000,kg,BD-SP2KP,,,,,SP2KP Kemendag: Daging Ayam Ras (Pasar Taba Penanjung)
2026-02-05,PSR01,BWP01,35000,kg,BD-SP2KP,,,,,SP2KP Kemendag: Bawang Putih Honan (Pasar Taba Penanjung)
2026-02-05,PSR01,BRS05,16500,kg,BD-SP2KP,,,,,SP2KP Kemendag: Beras Premium (Pasar Taba Penanjung)
2026-02-05,PSR01,BRS03,13750,kg,BD-SP2KP,,,,,SP2KP Kemendag: Beras Medium (Pasar Taba Penanjung)
2026-02-05,PSR01,DSP02,140000,kg,BD-SP2KP,,,,,SP2KP Kemendag: Daging Sapi Paha Depan (Pasar Taba Penanjung)
2026-02-05,PSR01,CMR01,48000,kg,BD-SP2KP,,,,,SP2KP Kemendag: Cabai Merah Besar (Pasar Taba Penanjung)
2026-02-05,PSR92,CRW02,65000,kg,BD-SP2KP,,,,,SP2KP Kemendag: Cabai Rawit Merah (Pasar Panorama)
2026-02-05,PSR92,CRW01,70000,kg,BD-SP2KP,,,,,SP2KP Kemendag: Cabai Rawit Hijau (Pasar Panorama)
2026-02-05,PSR92,BWM01,46667,kg,BD-SP2KP,,,,,SP2KP Kemendag: Bawang Merah (Pasar Panorama)
2026-02-05,PSR92,GLP01,18000,kg,BD-SP2KP,,,,,SP2KP Kemendag: Gula Pasir Curah (Pasar Panorama)
2026-02-05,PSR92,GLP02,18500,kg,BD-SP2KP,,,,,SP2KP Kemendag: Gula Pasir Kemasan (Pasar Panorama)
2026-02-05,PSR92,MGR02,22000,liter,BD-SP2KP,,,,,SP2KP Kemendag: Minyak Goreng Sawit Kemasan Premium (Pasar Panorama)
2026-02-05,PSR92,DSP01,140000,kg,BD-SP2KP,,,,,SP2KP Kemendag: Daging Sapi Paha Belakang (Pasar Panorama)
2026-02-05,PSR92,CMR02,60000,kg,BD-SP2KP,,,,,SP2KP Kemendag: Cabai Merah Keriting (Pasar Panorama)
2026-02-05,PSR92,TLR01,30400,kg,BD-SP2KP,,,,,SP2KP Kemendag: Telur Ayam Ras (Pasar Panorama)
2026-02-05,PSR92,DAY01,38000,kg,BD-SP2KP,,,,,SP2KP Kemendag: Daging Ayam Ras (Pasar Panorama)
2026-02-05,PSR92,BWP01,45000,kg,BD-SP2KP,,,,,SP2KP Kemendag: Bawang Putih Honan (Pasar Panorama)
2026-02-05,PSR92,BRS05,16250,kg,BD-SP2KP,,,,,SP2KP Kemendag: Beras Premium (Pasar Panorama)
2026-02-05,PSR92,BRS03,13725,kg,BD-SP2KP,,,,,SP2KP Kemendag: Beras Medium (Pasar Panorama)
2026-02-05,PSR92,DSP02,140000,kg,BD-SP2KP,,,,,SP2KP Kemendag: Daging Sapi Paha Depan (Pasar Panorama)
2026-02-05,PSR92,CMR01,35000,kg,BD-SP2KP,,,,,SP2KP Kemendag: Cabai Merah Besar (Pasar Panorama)
2026-02-06,PSR91,CRW02,80000,kg,BD-SP2KP,,,,,SP2KP Kemendag: Cabai Rawit Merah (Pasar Kepahiang)
2026-02-06,PSR91,CRW01,60000,kg,BD-SP2KP,,,,,SP2KP Kemendag: Cabai Rawit Hijau (Pasar Kepahiang)
2026-02-06,PSR91,BWM01,40000,kg,BD-SP2KP,,,,,SP2KP Kemendag: Bawang Merah (Pasar Kepahiang)
2026-02-06,PSR91,GLP01,17000,kg,BD-SP2KP,,,,,SP2KP Kemendag: Gula Pasir Curah (Pasar Kepahiang)
2026-02-06,PSR91,GLP02,19000,kg,BD-SP2KP,,,,,SP2KP Kemendag: Gula Pasir Kemasan (Pasar Kepahiang)
2026-02-06,PSR91,MGR02,21000,liter,BD-SP2KP,,,,,SP2KP Kemendag: Minyak Goreng Sawit Kemasan Premium (Pasar Kepahiang)
2026-02-06,PSR91,DSP01,130000,kg,BD-SP2KP,,,,,SP2KP Kemendag: Daging Sapi Paha Belakang (Pasar Kepahiang)
2026-02-06,PSR91,CMR02,55000,kg,BD-SP2KP,,,,,SP2KP Kemendag: Cabai Merah Keriting (Pasar Kepahiang)
2026-02-06,PSR91,TLR01,27750,kg,BD-SP2KP,,,,,SP2KP Kemendag: Telur Ayam Ras (Pasar Kepahiang)
2026-02-06,PSR91,DAY01,40000,kg,BD-SP2KP,,,,,SP2KP Kemendag: Daging Ayam Ras (Pasar Kepahiang)
2026-02-06,PSR91,BWP01,40000,kg,BD-SP2KP,,,,,SP2KP Kemendag: Bawang Putih Honan (Pasar Kepahiang)
2026-02-06,PSR91,BRS05,15000,kg,BD-SP2KP,,,,,SP2KP Kemendag: Beras Premium (Pasar Kepahiang)
2026-02-06,PSR91,BRS03,13750,kg,BD-SP2KP,,,,,SP2KP Kemendag: Beras Medium (Pasar Kepahiang)
2026-02-06,PSR91,DSP02,130000,kg,BD-SP2KP,,,,,SP2KP Kemendag: Daging Sapi Paha Depan (Pasar Kepahiang)
2026-02-06,PSR91,CMR01,50000,kg,BD-SP2KP,,,,,SP2KP Kemendag: Cabai Merah Besar (Pasar Kepahiang)
2026-02-06,PSR01,CRW02,80000,kg,BD-SP2KP,,,,,SP2KP Kemendag: Cabai Rawit Merah (Pasar Taba Penanjung)
2026-02-06,PSR01,CRW01,50000,kg,BD-SP2KP,,,,,SP2KP Kemendag: Cabai Rawit Hijau (Pasar Taba Penanjung)
2026-02-06,PSR01,BWM01,38000,kg,BD-SP2KP,,,,,SP2KP Kemendag: Bawang Merah (Pasar Taba Penanjung)
2026-02-06,PSR01,GLP01,18000,kg,BD-SP2KP,,,,,SP2KP Kemendag: Gula Pasir Curah (Pasar Taba Penanjung)
2026-02-06,PSR01,GLP02,19000,kg,BD-SP2KP,,,,,SP2KP Kemendag: Gula Pasir Kemasan (Pasar Taba Penanjung)
2026-02-06,PSR01,MGR02,21000,liter,BD-SP2KP,,,,,SP2KP Kemendag: Minyak Goreng Sawit Kemasan Premium (Pasar Taba Penanjung)
2026-02-06,PSR01,DSP01,140000,kg,BD-SP2KP,,,,,SP2KP Kemendag: Daging Sapi Paha Belakang (Pasar Taba Penanjung)
2026-02-06,PSR01,CMR02,55000,kg,BD-SP2KP,,,,,SP2KP Kemendag: Cabai Merah Keriting (Pasar Taba Penanjung)
2026-02-06,PSR01,TLR01,25600,kg,BD-SP2KP,,,,,SP2KP Kemendag: Telur Ayam Ras (Pasar Taba Penanjung)
2026-02-06,PSR01,DAY01,38000,kg,BD-SP2KP,,,,,SP2KP Kemendag: Daging Ayam Ras (Pasar Taba Penanjung)
2026-02-06,PSR01,BWP01,35000,kg,BD-SP2KP,,,,,SP2KP Kemendag: Bawang Putih Honan (Pasar Taba Penanjung)
2026-02-06,PSR01,BRS05,16500,kg,BD-SP2KP,,,,,SP2KP Kemendag: Beras Premium (Pasar Taba Penanjung)
2026-02-06,PSR01,BRS03,13750,kg,BD-SP2KP,,,,,SP2KP Kemendag: Beras Medium (Pasar Taba Penanjung)
2026-02-06,PSR01,DSP02,140000,kg,BD-SP2KP,,,,,SP2KP Kemendag: Daging Sapi Paha Depan (Pasar Taba Penanjung)
2026-02-06,PSR01,CMR01,48000,kg,BD-SP2KP,,,,,SP2KP Kemendag: Cabai Merah Besar (Pasar Taba Penanjung)
2026-02-06,PSR92,CRW02,90000,kg,BD-SP2KP,,,,,SP2KP Kemendag: Cabai Rawit Merah (Pasar Panorama)
2026-02-06,PSR92,CRW01,70000,kg,BD-SP2KP,,,,,SP2KP Kemendag: Cabai Rawit Hijau (Pasar Panorama)
2026-02-06,PSR92,BWM01,46667,kg,BD-SP2KP,,,,,SP2KP Kemendag: Bawang Merah (Pasar Panorama)
2026-02-06,PSR92,GLP01,18000,kg,BD-SP2KP,,,,,SP2KP Kemendag: Gula Pasir Curah (Pasar Panorama)
2026-02-06,PSR92,GLP02,18500,kg,BD-SP2KP,,,,,SP2KP Kemendag: Gula Pasir Kemasan (Pasar Panorama)
2026-02-06,PSR92,MGR02,22000,liter,BD-SP2KP,,,,,SP2KP Kemendag: Minyak Goreng Sawit Kemasan Premium (Pasar Panorama)
2026-02-06,PSR92,DSP01,140000,kg,BD-SP2KP,,,,,SP2KP Kemendag: Daging Sapi Paha Belakang (Pasar Panorama)
2026-02-06,PSR92,CMR02,63333,kg,BD-SP2KP,,,,,SP2KP Kemendag: Cabai Merah Keriting (Pasar Panorama)
2026-02-06,PSR92,TLR01,30400,kg,BD-SP2KP,,,,,SP2KP Kemendag: Telur Ayam Ras (Pasar Panorama)
2026-02-06,PSR92,DAY01,40000,kg,BD-SP2KP,,,,,SP2KP Kemendag: Daging Ayam Ras (Pasar Panorama)
2026-02-06,PSR92,BWP01,45000,kg,BD-SP2KP,,,,,SP2KP Kemendag: Bawang Putih Honan (Pasar Panorama)
2026-02-06,PSR92,BRS05,16250,kg,BD-SP2KP,,,,,SP2KP Kemendag: Beras Premium (Pasar Panorama)
2026-02-06,PSR92,BRS03,13725,kg,BD-SP2KP,,,,,SP2KP Kemendag: Beras Medium (Pasar Panorama)
2026-02-06,PSR92,DSP02,140000,kg,BD-SP2KP,,,,,SP2KP Kemendag: Daging Sapi Paha Depan (Pasar Panorama)
2026-02-06,PSR92,CMR01,35000,kg,BD-SP2KP,,,,,SP2KP Kemendag: Cabai Merah Besar (Pasar Panorama)
2026-02-09,PSR91,CRW02,80000,kg,BD-SP2KP,,,,,SP2KP Kemendag: Cabai Rawit Merah (Pasar Kepahiang)
2026-02-09,PSR91,CRW01,60000,kg,BD-SP2KP,,,,,SP2KP Kemendag: Cabai Rawit Hijau (Pasar Kepahiang)
2026-02-09,PSR91,BWM01,40000,kg,BD-SP2KP,,,,,SP2KP Kemendag: Bawang Merah (Pasar Kepahiang)
2026-02-09,PSR91,GLP01,17000,kg,BD-SP2KP,,,,,SP2KP Kemendag: Gula Pasir Curah (Pasar Kepahiang)
2026-02-09,PSR91,GLP02,19000,kg,BD-SP2KP,,,,,SP2KP Kemendag: Gula Pasir Kemasan (Pasar Kepahiang)
2026-02-09,PSR91,MGR02,21000,liter,BD-SP2KP,,,,,SP2KP Kemendag: Minyak Goreng Sawit Kemasan Premium (Pasar Kepahiang)
2026-02-09,PSR91,DSP01,130000,kg,BD-SP2KP,,,,,SP2KP Kemendag: Daging Sapi Paha Belakang (Pasar Kepahiang)
2026-02-09,PSR91,CMR02,45000,kg,BD-SP2KP,,,,,SP2KP Kemendag: Cabai Merah Keriting (Pasar Kepahiang)
2026-02-09,PSR91,TLR01,28450,kg,BD-SP2KP,,,,,SP2KP Kemendag: Telur Ayam Ras (Pasar Kepahiang)
2026-02-09,PSR91,DAY01,40000,kg,BD-SP2KP,,,,,SP2KP Kemendag: Daging Ayam Ras (Pasar Kepahiang)
2026-02-09,PSR91,BWP01,40000,kg,BD-SP2KP,,,,,SP2KP Kemendag: Bawang Putih Honan (Pasar Kepahiang)
2026-02-09,PSR91,BRS05,15400,kg,BD-SP2KP,,,,,SP2KP Kemendag: Beras Premium (Pasar Kepahiang)
2026-02-09,PSR91,BRS03,13750,kg,BD-SP2KP,,,,,SP2KP Kemendag: Beras Medium (Pasar Kepahiang)
2026-02-09,PSR91,DSP02,130000,kg,BD-SP2KP,,,,,SP2KP Kemendag: Daging Sapi Paha Depan (Pasar Kepahiang)
2026-02-09,PSR91,CMR01,46667,kg,BD-SP2KP,,,,,SP2KP Kemendag: Cabai Merah Besar (Pasar Kepahiang)
2026-02-09,PSR01,CRW02,80000,kg,BD-SP2KP,,,,,SP2KP Kemendag: Cabai Rawit Merah (Pasar Taba Penanjung)
2026-02-09,PSR01,CRW01,50000,kg,BD-SP2KP,,,,,SP2KP Kemendag: Cabai Rawit Hijau (Pasar Taba Penanjung)
2026-02-09,PSR01,BWM01,38000,kg,BD-SP2KP,,,,,SP2KP Kemendag: Bawang Merah (Pasar Taba Penanjung)
2026-02-09,PSR01,GLP01,18000,kg,BD-SP2KP,,,,,SP2KP Kemendag: Gula Pasir Curah (Pasar Taba Penanjung)
2026-02-09,PSR01,GLP02,19000,kg,BD-SP2KP,,,,,SP2KP Kemendag: Gula Pasir Kemasan (Pasar Taba Penanjung)
2026-02-09,PSR01,MGR02,21000,liter,BD-SP2KP,,,,,SP2KP Kemendag: Minyak Goreng Sawit Kemasan Premium (Pasar Taba Penanjung)
2026-02-09,PSR01,DSP01,140000,kg,BD-SP2KP,,,,,SP2KP Kemendag: Daging Sapi Paha Belakang (Pasar Taba Penanjung)
2026-02-09,PSR01,CMR02,55000,kg,BD-SP2KP,,,,,SP2KP Kemendag: Cabai Merah Keriting (Pasar Taba Penanjung)
2026-02-09,PSR01,TLR01,25600,kg,BD-SP2KP,,,,,SP2KP Kemendag: Telur Ayam Ras (Pasar Taba Penanjung)
2026-02-09,PSR01,DAY01,38000,kg,BD-SP2KP,,,,,SP2KP Kemendag: Daging Ayam Ras (Pasar Taba Penanjung)
2026-02-09,PSR01,BWP01,35000,kg,BD-SP2KP,,,,,SP2KP Kemendag: Bawang Putih Honan (Pasar Taba Penanjung)
2026-02-09,PSR01,BRS05,16500,kg,BD-SP2KP,,,,,SP2KP Kemendag: Beras Premium (Pasar Taba Penanjung)
2026-02-09,PSR01,BRS03,13750,kg,BD-SP2KP,,,,,SP2KP Kemendag: Beras Medium (Pasar Taba Penanjung)
2026-02-09,PSR01,DSP02,140000,kg,BD-SP2KP,,,,,SP2KP Kemendag: Daging Sapi Paha Depan (Pasar Taba Penanjung)
2026-02-09,PSR01,CMR01,48000,kg,BD-SP2KP,,,,,SP2KP Kemendag: Cabai Merah Besar (Pasar Taba Penanjung)
2026-02-09,PSR92,CRW02,81667,kg,BD-SP2KP,,,,,SP2KP Kemendag: Cabai Rawit Merah (Pasar Panorama)
2026-02-09,PSR92,CRW01,70000,kg,BD-SP2KP,,,,,SP2KP Kemendag: Cabai Rawit Hijau (Pasar Panorama)
2026-02-09,PSR92,BWM01,46667,kg,BD-SP2KP,,,,,SP2KP Kemendag: Bawang Merah (Pasar Panorama)
2026-02-09,PSR92,GLP01,17833,kg,BD-SP2KP,,,,,SP2KP Kemendag: Gula Pasir Curah (Pasar Panorama)
2026-02-09,PSR92,GLP02,18500,kg,BD-SP2KP,,,,,SP2KP Kemendag: Gula Pasir Kemasan (Pasar Panorama)
2026-02-09,PSR92,MGR02,22000,liter,BD-SP2KP,,,,,SP2KP Kemendag: Minyak Goreng Sawit Kemasan Premium (Pasar Panorama)
2026-02-09,PSR92,DSP01,140000,kg,BD-SP2KP,,,,,SP2KP Kemendag: Daging Sapi Paha Belakang (Pasar Panorama)
2026-02-09,PSR92,CMR02,50000,kg,BD-SP2KP,,,,,SP2KP Kemendag: Cabai Merah Keriting (Pasar Panorama)
2026-02-09,PSR92,TLR01,30400,kg,BD-SP2KP,,,,,SP2KP Kemendag: Telur Ayam Ras (Pasar Panorama)
2026-02-09,PSR92,DAY01,40000,kg,BD-SP2KP,,,,,SP2KP Kemendag: Daging Ayam Ras (Pasar Panorama)
2026-02-09,PSR92,BWP01,45000,kg,BD-SP2KP,,,,,SP2KP Kemendag: Bawang Putih Honan (Pasar Panorama)
2026-02-09,PSR92,BRS05,16250,kg,BD-SP2KP,,,,,SP2KP Kemendag: Beras Premium (Pasar Panorama)
2026-02-09,PSR92,BRS03,13725,kg,BD-SP2KP,,,,,SP2KP Kemendag: Beras Medium (Pasar Panorama)
2026-02-09,PSR92,DSP02,140000,kg,BD-SP2KP,,,,,SP2KP Kemendag: Daging Sapi Paha Depan (Pasar Panorama)
2026-02-09,PSR92,CMR01,35000,kg,BD-SP2KP,,,,,SP2KP Kemendag: Cabai Merah Besar (Pasar Panorama)
2026-02-10,PSR91,CRW02,80000,kg,BD-SP2KP,,,,,SP2KP Kemendag: Cabai Rawit Merah (Pasar Kepahiang)
2026-02-10,PSR91,CRW01,60000,kg,BD-SP2KP,,,,,SP2KP Kemendag: Cabai Rawit Hijau (Pasar Kepahiang)
2026-02-10,PSR91,BWM01,40000,kg,BD-SP2KP,,,,,SP2KP Kemendag: Bawang Merah (Pasar Kepahiang)
2026-02-10,PSR91,GLP01,17000,kg,BD-SP2KP,,,,,SP2KP Kemendag: Gula Pasir Curah (Pasar Kepahiang)
2026-02-10,PSR91,GLP02,19000,kg,BD-SP2KP,,,,,SP2KP Kemendag: Gula Pasir Kemasan (Pasar Kepahiang)
2026-02-10,PSR91,MGR02,21000,liter,BD-SP2KP,,,,,SP2KP Kemendag: Minyak Goreng Sawit Kemasan Premium (Pasar Kepahiang)
2026-02-10,PSR91,DSP01,130000,kg,BD-SP2KP,,,,,SP2KP Kemendag: Daging Sapi Paha Belakang (Pasar Kepahiang)
2026-02-10,PSR91,CMR02,45000,kg,BD-SP2KP,,,,,SP2KP Kemendag: Cabai Merah Keriting (Pasar Kepahiang)
2026-02-10,PSR91,TLR01,28800,kg,BD-SP2KP,,,,,SP2KP Kemendag: Telur Ayam Ras (Pasar Kepahiang)
2026-02-10,PSR91,DAY01,42000,kg,BD-SP2KP,,,,,SP2KP Kemendag: Daging Ayam Ras (Pasar Kepahiang)
2026-02-10,PSR91,BWP01,40000,kg,BD-SP2KP,,,,,SP2KP Kemendag: Bawang Putih Honan (Pasar Kepahiang)
2026-02-10,PSR91,BRS05,15400,kg,BD-SP2KP,,,,,SP2KP Kemendag: Beras Premium (Pasar Kepahiang)
2026-02-10,PSR91,BRS03,13750,kg,BD-SP2KP,,,,,SP2KP Kemendag: Beras Medium (Pasar Kepahiang)
2026-02-10,PSR91,DSP02,130000,kg,BD-SP2KP,,,,,SP2KP Kemendag: Daging Sapi Paha Depan (Pasar Kepahiang)
2026-02-10,PSR91,CMR01,45000,kg,BD-SP2KP,,,,,SP2KP Kemendag: Cabai Merah Besar (Pasar Kepahiang)
2026-02-10,PSR01,CRW02,80000,kg,BD-SP2KP,,,,,SP2KP Kemendag: Cabai Rawit Merah (Pasar Taba Penanjung)
2026-02-10,PSR01,CRW01,50000,kg,BD-SP2KP,,,,,SP2KP Kemendag: Cabai Rawit Hijau (Pasar Taba Penanjung)
2026-02-10,PSR01,BWM01,38000,kg,BD-SP2KP,,,,,SP2KP Kemendag: Bawang Merah (Pasar Taba Penanjung)
2026-02-10,PSR01,GLP01,18000,kg,BD-SP2KP,,,,,SP2KP Kemendag: Gula Pasir Curah (Pasar Taba Penanjung)
2026-02-10,PSR01,GLP02,19000,kg,BD-SP2KP,,,,,SP2KP Kemendag: Gula Pasir Kemasan (Pasar Taba Penanjung)
2026-02-10,PSR01,MGR02,21000,liter,BD-SP2KP,,,,,SP2KP Kemendag: Minyak Goreng Sawit Kemasan Premium (Pasar Taba Penanjung)
2026-02-10,PSR01,DSP01,140000,kg,BD-SP2KP,,,,,SP2KP Kemendag: Daging Sapi Paha Belakang (Pasar Taba Penanjung)
2026-02-10,PSR01,CMR02,55000,kg,BD-SP2KP,,,,,SP2KP Kemendag: Cabai Merah Keriting (Pasar Taba Penanjung)
2026-02-10,PSR01,TLR01,25600,kg,BD-SP2KP,,,,,SP2KP Kemendag: Telur Ayam Ras (Pasar Taba Penanjung)
2026-02-10,PSR01,DAY01,38000,kg,BD-SP2KP,,,,,SP2KP Kemendag: Daging Ayam Ras (Pasar Taba Penanjung)
2026-02-10,PSR01,BWP01,35000,kg,BD-SP2KP,,,,,SP2KP Kemendag: Bawang Putih Honan (Pasar Taba Penanjung)
2026-02-10,PSR01,BRS05,16500,kg,BD-SP2KP,,,,,SP2KP Kemendag: Beras Premium (Pasar Taba Penanjung)
2026-02-10,PSR01,BRS03,13750,kg,BD-SP2KP,,,,,SP2KP Kemendag: Beras Medium (Pasar Taba Penanjung)
2026-02-10,PSR01,DSP02,140000,kg,BD-SP2KP,,,,,SP2KP Kemendag: Daging Sapi Paha Depan (Pasar Taba Penanjung)
2026-02-10,PSR01,CMR01,48000,kg,BD-SP2KP,,,,,SP2KP Kemendag: Cabai Merah Besar (Pasar Taba Penanjung)
2026-02-10,PSR92,CRW02,81667,kg,BD-SP2KP,,,,,SP2KP Kemendag: Cabai Rawit Merah (Pasar Panorama)
2026-02-10,PSR92,CRW01,70000,kg,BD-SP2KP,,,,,SP2KP Kemendag: Cabai Rawit Hijau (Pasar Panorama)
2026-02-10,PSR92,BWM01,46667,kg,BD-SP2KP,,,,,SP2KP Kemendag: Bawang Merah (Pasar Panorama)
2026-02-10,PSR92,GLP01,17833,kg,BD-SP2KP,,,,,SP2KP Kemendag: Gula Pasir Curah (Pasar Panorama)
2026-02-10,PSR92,GLP02,18500,kg,BD-SP2KP,,,,,SP2KP Kemendag: Gula Pasir Kemasan (Pasar Panorama)
2026-02-10,PSR92,MGR02,22000,liter,BD-SP2KP,,,,,SP2KP Kemendag: Minyak Goreng Sawit Kemasan Premium (Pasar Panorama)
2026-02-10,PSR92,DSP01,140000,kg,BD-SP2KP,,,,,SP2KP Kemendag: Daging Sapi Paha Belakang (Pasar Panorama)
2026-02-10,PSR92,CMR02,50000,kg,BD-SP2KP,,,,,SP2KP Kemendag: Cabai Merah Keriting (Pasar Panorama)
2026-02-10,PSR92,TLR01,30400,kg,BD-SP2KP,,,,,SP2KP Kemendag: Telur Ayam Ras (Pasar Panorama)
2026-02-10,PSR92,DAY01,40000,kg,BD-SP2KP,,,,,SP2KP Kemendag: Daging Ayam Ras (Pasar Panorama)
2026-02-10,PSR92,BWP01,45000,kg,BD-SP2KP,,,,,SP2KP Kemendag: Bawang Putih Honan (Pasar Panorama)
2026-02-10,PSR92,BRS05,16250,kg,BD-SP2KP,,,,,SP2KP Kemendag: Beras Premium (Pasar Panorama)
2026-02-10,PSR92,BRS03,13725,kg,BD-SP2KP,,,,,SP2KP Kemendag: Beras Medium (Pasar Panorama)
2026-02-10,PSR92,DSP02,140000,kg,BD-SP2KP,,,,,SP2KP Kemendag: Daging Sapi Paha Depan (Pasar Panorama)
2026-02-10,PSR92,CMR01,35000,kg,BD-SP2KP,,,,,SP2KP Kemendag: Cabai Merah Besar (Pasar Panorama)
2026-02-11,PSR91,CRW02,80000,kg,BD-SP2KP,,,,,SP2KP Kemendag: Cabai Rawit Merah (Pasar Kepahiang)
2026-02-11,PSR91,CRW01,50000,kg,BD-SP2KP,,,,,SP2KP Kemendag: Cabai Rawit Hijau (Pasar Kepahiang)
2026-02-11,PSR91,BWM01,40000,kg,BD-SP2KP,,,,,SP2KP Kemendag: Bawang Merah (Pasar Kepahiang)
2026-02-11,PSR91,GLP01,18000,kg,BD-SP2KP,,,,,SP2KP Kemendag: Gula Pasir Curah (Pasar Kepahiang)
2026-02-11,PSR91,GLP02,19000,kg,BD-SP2KP,,,,,SP2KP Kemendag: Gula Pasir Kemasan (Pasar Kepahiang)
2026-02-11,PSR91,MGR02,21000,liter,BD-SP2KP,,,,,SP2KP Kemendag: Minyak Goreng Sawit Kemasan Premium (Pasar Kepahiang)
2026-02-11,PSR91,DSP01,130000,kg,BD-SP2KP,,,,,SP2KP Kemendag: Daging Sapi Paha Belakang (Pasar Kepahiang)
2026-02-11,PSR91,CMR02,45000,kg,BD-SP2KP,,,,,SP2KP Kemendag: Cabai Merah Keriting (Pasar Kepahiang)
2026-02-11,PSR91,TLR01,28800,kg,BD-SP2KP,,,,,SP2KP Kemendag: Telur Ayam Ras (Pasar Kepahiang)
2026-02-11,PSR91,DAY01,42000,kg,BD-SP2KP,,,,,SP2KP Kemendag: Daging Ayam Ras (Pasar Kepahiang)
2026-02-11,PSR91,BWP01,40000,kg,BD-SP2KP,,,,,SP2KP Kemendag: Bawang Putih Honan (Pasar Kepahiang)
2026-02-11,PSR91,BRS05,15400,kg,BD-SP2KP,,,,,SP2KP Kemendag: Beras Premium (Pasar Kepahiang)
2026-02-11,PSR91,BRS03,13750,kg,BD-SP2KP,,,,,SP2KP Kemendag: Beras Medium (Pasar Kepahiang)
2026-02-11,PSR91,DSP02,130000,kg,BD-SP2KP,,,,,SP2KP Kemendag: Daging Sapi Paha Depan (Pasar Kepahiang)
2026-02-11,PSR91,CMR01,40000,kg,BD-SP2KP,,,,,SP2KP Kemendag: Cabai Merah Besar (Pasar Kepahiang)
2026-02-11,PSR01,CRW02,80000,kg,BD-SP2KP,,,,,SP2KP Kemendag: Cabai Rawit Merah (Pasar Taba Penanjung)
2026-02-11,PSR01,CRW01,50000,kg,BD-SP2KP,,,,,SP2KP Kemendag: Cabai Rawit Hijau (Pasar Taba Penanjung)
2026-02-11,PSR01,BWM01,38000,kg,BD-SP2KP,,,,,SP2KP Kemendag: Bawang Merah (Pasar Taba Penanjung)
2026-02-11,PSR01,GLP01,18000,kg,BD-SP2KP,,,,,SP2KP Kemendag: Gula Pasir Curah (Pasar Taba Penanjung)
2026-02-11,PSR01,GLP02,19000,kg,BD-SP2KP,,,,,SP2KP Kemendag: Gula Pasir Kemasan (Pasar Taba Penanjung)
2026-02-11,PSR01,MGR02,21000,liter,BD-SP2KP,,,,,SP2KP Kemendag: Minyak Goreng Sawit Kemasan Premium (Pasar Taba Penanjung)
2026-02-11,PSR01,DSP01,140000,kg,BD-SP2KP,,,,,SP2KP Kemendag: Daging Sapi Paha Belakang (Pasar Taba Penanjung)
2026-02-11,PSR01,CMR02,55000,kg,BD-SP2KP,,,,,SP2KP Kemendag: Cabai Merah Keriting (Pasar Taba Penanjung)
2026-02-11,PSR01,TLR01,25600,kg,BD-SP2KP,,,,,SP2KP Kemendag: Telur Ayam Ras (Pasar Taba Penanjung)
2026-02-11,PSR01,DAY01,38000,kg,BD-SP2KP,,,,,SP2KP Kemendag: Daging Ayam Ras (Pasar Taba Penanjung)
2026-02-11,PSR01,BWP01,35000,kg,BD-SP2KP,,,,,SP2KP Kemendag: Bawang Putih Honan (Pasar Taba Penanjung)
2026-02-11,PSR01,BRS05,16500,kg,BD-SP2KP,,,,,SP2KP Kemendag: Beras Premium (Pasar Taba Penanjung)
2026-02-11,PSR01,BRS03,13750,kg,BD-SP2KP,,,,,SP2KP Kemendag: Beras Medium (Pasar Taba Penanjung)
2026-02-11,PSR01,DSP02,140000,kg,BD-SP2KP,,,,,SP2KP Kemendag: Daging Sapi Paha Depan (Pasar Taba Penanjung)
2026-02-11,PSR01,CMR01,48000,kg,BD-SP2KP,,,,,SP2KP Kemendag: Cabai Merah Besar (Pasar Taba Penanjung)
2026-02-11,PSR92,CRW02,83333,kg,BD-SP2KP,,,,,SP2KP Kemendag: Cabai Rawit Merah (Pasar Panorama)
2026-02-11,PSR92,CRW01,68333,kg,BD-SP2KP,,,,,SP2KP Kemendag: Cabai Rawit Hijau (Pasar Panorama)
2026-02-11,PSR92,BWM01,45000,kg,BD-SP2KP,,,,,SP2KP Kemendag: Bawang Merah (Pasar Panorama)
2026-02-11,PSR92,GLP01,17833,kg,BD-SP2KP,,,,,SP2KP Kemendag: Gula Pasir Curah (Pasar Panorama)
2026-02-11,PSR92,GLP02,18500,kg,BD-SP2KP,,,,,SP2KP Kemendag: Gula Pasir Kemasan (Pasar Panorama)
2026-02-11,PSR92,MGR02,22000,liter,BD-SP2KP,,,,,SP2KP Kemendag: Minyak Goreng Sawit Kemasan Premium (Pasar Panorama)
2026-02-11,PSR92,DSP01,140000,kg,BD-SP2KP,,,,,SP2KP Kemendag: Daging Sapi Paha Belakang (Pasar Panorama)
2026-02-11,PSR92,CMR02,53333,kg,BD-SP2KP,,,,,SP2KP Kemendag: Cabai Merah Keriting (Pasar Panorama)
2026-02-11,PSR92,TLR01,30400,kg,BD-SP2KP,,,,,SP2KP Kemendag: Telur Ayam Ras (Pasar Panorama)
2026-02-11,PSR92,DAY01,42000,kg,BD-SP2KP,,,,,SP2KP Kemendag: Daging Ayam Ras (Pasar Panorama)
2026-02-11,PSR92,BWP01,45000,kg,BD-SP2KP,,,,,SP2KP Kemendag: Bawang Putih Honan (Pasar Panorama)
2026-02-11,PSR92,BRS05,16250,kg,BD-SP2KP,,,,,SP2KP Kemendag: Beras Premium (Pasar Panorama)
2026-02-11,PSR92,BRS03,13725,kg,BD-SP2KP,,,,,SP2KP Kemendag: Beras Medium (Pasar Panorama)
2026-02-11,PSR92,DSP02,140000,kg,BD-SP2KP,,,,,SP2KP Kemendag: Daging Sapi Paha Depan (Pasar Panorama)
2026-02-11,PSR92,CMR01,35000,kg,BD-SP2KP,,,,,SP2KP Kemendag: Cabai Merah Besar (Pasar Panorama)
2026-02-12,PSR91,CRW02,80000,kg,BD-SP2KP,,,,,SP2KP Kemendag: Cabai Rawit Merah (Pasar Kepahiang)
2026-02-12,PSR91,CRW01,50000,kg,BD-SP2KP,,,,,SP2KP Kemendag: Cabai Rawit Hijau (Pasar Kepahiang)
2026-02-12,PSR91,BWM01,40000,kg,BD-SP2KP,,,,,SP2KP Kemendag: Bawang Merah (Pasar Kepahiang)
2026-02-12,PSR91,GLP01,18000,kg,BD-SP2KP,,,,,SP2KP Kemendag: Gula Pasir Curah (Pasar Kepahiang)
2026-02-12,PSR91,GLP02,19000,kg,BD-SP2KP,,,,,SP2KP Kemendag: Gula Pasir Kemasan (Pasar Kepahiang)
2026-02-12,PSR91,MGR02,21000,liter,BD-SP2KP,,,,,SP2KP Kemendag: Minyak Goreng Sawit Kemasan Premium (Pasar Kepahiang)
2026-02-12,PSR91,DSP01,140000,kg,BD-SP2KP,,,,,SP2KP Kemendag: Daging Sapi Paha Belakang (Pasar Kepahiang)
2026-02-12,PSR91,CMR02,45000,kg,BD-SP2KP,,,,,SP2KP Kemendag: Cabai Merah Keriting (Pasar Kepahiang)
2026-02-12,PSR91,TLR01,29155,kg,BD-SP2KP,,,,,SP2KP Kemendag: Telur Ayam Ras (Pasar Kepahiang)
2026-02-12,PSR91,DAY01,43000,kg,BD-SP2KP,,,,,SP2KP Kemendag: Daging Ayam Ras (Pasar Kepahiang)
2026-02-12,PSR91,BWP01,40000,kg,BD-SP2KP,,,,,SP2KP Kemendag: Bawang Putih Honan (Pasar Kepahiang)
2026-02-12,PSR91,BRS05,15400,kg,BD-SP2KP,,,,,SP2KP Kemendag: Beras Premium (Pasar Kepahiang)
2026-02-12,PSR91,BRS03,13750,kg,BD-SP2KP,,,,,SP2KP Kemendag: Beras Medium (Pasar Kepahiang)
2026-02-12,PSR91,DSP02,140000,kg,BD-SP2KP,,,,,SP2KP Kemendag: Daging Sapi Paha Depan (Pasar Kepahiang)
2026-02-12,PSR91,CMR01,40000,kg,BD-SP2KP,,,,,SP2KP Kemendag: Cabai Merah Besar (Pasar Kepahiang)
2026-02-12,PSR01,CRW02,75000,kg,BD-SP2KP,,,,,SP2KP Kemendag: Cabai Rawit Merah (Pasar Taba Penanjung)
2026-02-12,PSR01,CRW01,60000,kg,BD-SP2KP,,,,,SP2KP Kemendag: Cabai Rawit Hijau (Pasar Taba Penanjung)
2026-02-12,PSR01,BWM01,38000,kg,BD-SP2KP,,,,,SP2KP Kemendag: Bawang Merah (Pasar Taba Penanjung)
2026-02-12,PSR01,GLP01,18000,kg,BD-SP2KP,,,,,SP2KP Kemendag: Gula Pasir Curah (Pasar Taba Penanjung)
2026-02-12,PSR01,GLP02,19000,kg,BD-SP2KP,,,,,SP2KP Kemendag: Gula Pasir Kemasan (Pasar Taba Penanjung)
2026-02-12,PSR01,MGR02,21000,liter,BD-SP2KP,,,,,SP2KP Kemendag: Minyak Goreng Sawit Kemasan Premium (Pasar Taba Penanjung)
2026-02-12,PSR01,DSP01,140000,kg,BD-SP2KP,,,,,SP2KP Kemendag: Daging Sapi Paha Belakang (Pasar Taba Penanjung)
2026-02-12,PSR01,CMR02,50000,kg,BD-SP2KP,,,,,SP2KP Kemendag: Cabai Merah Keriting (Pasar Taba Penanjung)
2026-02-12,PSR01,TLR01,25600,kg,BD-SP2KP,,,,,SP2KP Kemendag: Telur Ayam Ras (Pasar Taba Penanjung)
2026-02-12,PSR01,DAY01,38000,kg,BD-SP2KP,,,,,SP2KP Kemendag: Daging Ayam Ras (Pasar Taba Penanjung)
2026-02-12,PSR01,BWP01,35000,kg,BD-SP2KP,,,,,SP2KP Kemendag: Bawang Putih Honan (Pasar Taba Penanjung)
2026-02-12,PSR01,BRS05,16500,kg,BD-SP2KP,,,,,SP2KP Kemendag: Beras Premium (Pasar Taba Penanjung)
2026-02-12,PSR01,BRS03,13750,kg,BD-SP2KP,,,,,SP2KP Kemendag: Beras Medium (Pasar Taba Penanjung)
2026-02-12,PSR01,DSP02,140000,kg,BD-SP2KP,,,,,SP2KP Kemendag: Daging Sapi Paha Depan (Pasar Taba Penanjung)
2026-02-12,PSR01,CMR01,45000,kg,BD-SP2KP,,,,,SP2KP Kemendag: Cabai Merah Besar (Pasar Taba Penanjung)
2026-02-12,PSR92,CRW02,83333,kg,BD-SP2KP,,,,,SP2KP Kemendag: Cabai Rawit Merah (Pasar Panorama)
2026-02-12,PSR92,CRW01,68333,kg,BD-SP2KP,,,,,SP2KP Kemendag: Cabai Rawit Hijau (Pasar Panorama)
2026-02-12,PSR92,BWM01,45000,kg,BD-SP2KP,,,,,SP2KP Kemendag: Bawang Merah (Pasar Panorama)
2026-02-12,PSR92,GLP01,17833,kg,BD-SP2KP,,,,,SP2KP Kemendag: Gula Pasir Curah (Pasar Panorama)
2026-02-12,PSR92,GLP02,18500,kg,BD-SP2KP,,,,,SP2KP Kemendag: Gula Pasir Kemasan (Pasar Panorama)
2026-02-12,PSR92,MGR02,22000,liter,BD-SP2KP,,,,,SP2KP Kemendag: Minyak Goreng Sawit Kemasan Premium (Pasar Panorama)
2026-02-12,PSR92,DSP01,140000,kg,BD-SP2KP,,,,,SP2KP Kemendag: Daging Sapi Paha Belakang (Pasar Panorama)
2026-02-12,PSR92,CMR02,53333,kg,BD-SP2KP,,,,,SP2KP Kemendag: Cabai Merah Keriting (Pasar Panorama)
2026-02-12,PSR92,TLR01,30400,kg,BD-SP2KP,,,,,SP2KP Kemendag: Telur Ayam Ras (Pasar Panorama)
2026-02-12,PSR92,DAY01,42000,kg,BD-SP2KP,,,,,SP2KP Kemendag: Daging Ayam Ras (Pasar Panorama)
2026-02-12,PSR92,BWP01,45000,kg,BD-SP2KP,,,,,SP2KP Kemendag: Bawang Putih Honan (Pasar Panorama)
2026-02-12,PSR92,BRS05,16250,kg,BD-SP2KP,,,,,SP2KP Kemendag: Beras Premium (Pasar Panorama)
2026-02-12,PSR92,BRS03,13725,kg,BD-SP2KP,,,,,SP2KP Kemendag: Beras Medium (Pasar Panorama)
2026-02-12,PSR92,DSP02,140000,kg,BD-SP2KP,,,,,SP2KP Kemendag: Daging Sapi Paha Depan (Pasar Panorama)
2026-02-12,PSR92,CMR01,35000,kg,BD-SP2KP,,,,,SP2KP Kemendag: Cabai Merah Besar (Pasar Panorama)
2026-02-13,PSR91,CRW02,80000,kg,BD-SP2KP,,,,,SP2KP Kemendag: Cabai Rawit Merah (Pasar Kepahiang)
2026-02-13,PSR91,CRW01,50000,kg,BD-SP2KP,,,,,SP2KP Kemendag: Cabai Rawit Hijau (Pasar Kepahiang)
2026-02-13,PSR91,BWM01,40000,kg,BD-SP2KP,,,,,SP2KP Kemendag: Bawang Merah (Pasar Kepahiang)
2026-02-13,PSR91,GLP01,18000,kg,BD-SP2KP,,,,,SP2KP Kemendag: Gula Pasir Curah (Pasar Kepahiang)
2026-02-13,PSR91,GLP02,19000,kg,BD-SP2KP,,,,,SP2KP Kemendag: Gula Pasir Kemasan (Pasar Kepahiang)
2026-02-13,PSR91,MGR02,21000,liter,BD-SP2KP,,,,,SP2KP Kemendag: Minyak Goreng Sawit Kemasan Premium (Pasar Kepahiang)
2026-02-13,PSR91,DSP01,140000,kg,BD-SP2KP,,,,,SP2KP Kemendag: Daging Sapi Paha Belakang (Pasar Kepahiang)
2026-02-13,PSR91,CMR02,45000,kg,BD-SP2KP,,,,,SP2KP Kemendag: Cabai Merah Keriting (Pasar Kepahiang)
2026-02-13,PSR91,TLR01,29155,kg,BD-SP2KP,,,,,SP2KP Kemendag: Telur Ayam Ras (Pasar Kepahiang)
2026-02-13,PSR91,DAY01,45000,kg,BD-SP2KP,,,,,SP2KP Kemendag: Daging Ayam Ras (Pasar Kepahiang)
2026-02-13,PSR91,BWP01,40000,kg,BD-SP2KP,,,,,SP2KP Kemendag: Bawang Putih Honan (Pasar Kepahiang)
2026-02-13,PSR91,BRS05,15400,kg,BD-SP2KP,,,,,SP2KP Kemendag: Beras Premium (Pasar Kepahiang)
2026-02-13,PSR91,BRS03,13750,kg,BD-SP2KP,,,,,SP2KP Kemendag: Beras Medium (Pasar Kepahiang)
2026-02-13,PSR91,DSP02,140000,kg,BD-SP2KP,,,,,SP2KP Kemendag: Daging Sapi Paha Depan (Pasar Kepahiang)
2026-02-13,PSR91,CMR01,40000,kg,BD-SP2KP,,,,,SP2KP Kemendag: Cabai Merah Besar (Pasar Kepahiang)
2026-02-13,PSR01,CRW02,75000,kg,BD-SP2KP,,,,,SP2KP Kemendag: Cabai Rawit Merah (Pasar Taba Penanjung)
2026-02-13,PSR01,CRW01,60000,kg,BD-SP2KP,,,,,SP2KP Kemendag: Cabai Rawit Hijau (Pasar Taba Penanjung)
2026-02-13,PSR01,BWM01,38000,kg,BD-SP2KP,,,,,SP2KP Kemendag: Bawang Merah (Pasar Taba Penanjung)
2026-02-13,PSR01,GLP01,18000,kg,BD-SP2KP,,,,,SP2KP Kemendag: Gula Pasir Curah (Pasar Taba Penanjung)
2026-02-13,PSR01,GLP02,19000,kg,BD-SP2KP,,,,,SP2KP Kemendag: Gula Pasir Kemasan (Pasar Taba Penanjung)
2026-02-13,PSR01,MGR02,21000,liter,BD-SP2KP,,,,,SP2KP Kemendag: Minyak Goreng Sawit Kemasan Premium (Pasar Taba Penanjung)
2026-02-13,PSR01,DSP01,140000,kg,BD-SP2KP,,,,,SP2KP Kemendag: Daging Sapi Paha Belakang (Pasar Taba Penanjung)
2026-02-13,PSR01,CMR02,50000,kg,BD-SP2KP,,,,,SP2KP Kemendag: Cabai Merah Keriting (Pasar Taba Penanjung)
2026-02-13,PSR01,TLR01,25600,kg,BD-SP2KP,,,,,SP2KP Kemendag: Telur Ayam Ras (Pasar Taba Penanjung)
2026-02-13,PSR01,DAY01,38000,kg,BD-SP2KP,,,,,SP2KP Kemendag: Daging Ayam Ras (Pasar Taba Penanjung)
2026-02-13,PSR01,BWP01,35000,kg,BD-SP2KP,,,,,SP2KP Kemendag: Bawang Putih Honan (Pasar Taba Penanjung)
2026-02-13,PSR01,BRS05,16500,kg,BD-SP2KP,,,,,SP2KP Kemendag: Beras Premium (Pasar Taba Penanjung)
2026-02-13,PSR01,BRS03,13750,kg,BD-SP2KP,,,,,SP2KP Kemendag: Beras Medium (Pasar Taba Penanjung)
2026-02-13,PSR01,DSP02,140000,kg,BD-SP2KP,,,,,SP2KP Kemendag: Daging Sapi Paha Depan (Pasar Taba Penanjung)
2026-02-13,PSR01,CMR01,45000,kg,BD-SP2KP,,,,,SP2KP Kemendag: Cabai Merah Besar (Pasar Taba Penanjung)
2026-02-13,PSR92,CRW02,83333,kg,BD-SP2KP,,,,,SP2KP Kemendag: Cabai Rawit Merah (Pasar Panorama)
2026-02-13,PSR92,CRW01,68333,kg,BD-SP2KP,,,,,SP2KP Kemendag: Cabai Rawit Hijau (Pasar Panorama)
2026-02-13,PSR92,BWM01,45000,kg,BD-SP2KP,,,,,SP2KP Kemendag: Bawang Merah (Pasar Panorama)
2026-02-13,PSR92,GLP01,17667,kg,BD-SP2KP,,,,,SP2KP Kemendag: Gula Pasir Curah (Pasar Panorama)
2026-02-13,PSR92,GLP02,18500,kg,BD-SP2KP,,,,,SP2KP Kemendag: Gula Pasir Kemasan (Pasar Panorama)
2026-02-13,PSR92,MGR02,22000,liter,BD-SP2KP,,,,,SP2KP Kemendag: Minyak Goreng Sawit Kemasan Premium (Pasar Panorama)
2026-02-13,PSR92,DSP01,140000,kg,BD-SP2KP,,,,,SP2KP Kemendag: Daging Sapi Paha Belakang (Pasar Panorama)
2026-02-13,PSR92,CMR02,53333,kg,BD-SP2KP,,,,,SP2KP Kemendag: Cabai Merah Keriting (Pasar Panorama)
2026-02-13,PSR92,TLR01,30400,kg,BD-SP2KP,,,,,SP2KP Kemendag: Telur Ayam Ras (Pasar Panorama)
2026-02-13,PSR92,DAY01,42000,kg,BD-SP2KP,,,,,SP2KP Kemendag: Daging Ayam Ras (Pasar Panorama)
2026-02-13,PSR92,BWP01,45000,kg,BD-SP2KP,,,,,SP2KP Kemendag: Bawang Putih Honan (Pasar Panorama)
2026-02-13,PSR92,BRS05,16250,kg,BD-SP2KP,,,,,SP2KP Kemendag: Beras Premium (Pasar Panorama)
2026-02-13,PSR92,BRS03,13725,kg,BD-SP2KP,,,,,SP2KP Kemendag: Beras Medium (Pasar Panorama)
2026-02-13,PSR92,DSP02,140000,kg,BD-SP2KP,,,,,SP2KP Kemendag: Daging Sapi Paha Depan (Pasar Panorama)
2026-02-13,PSR92,CMR01,35000,kg,BD-SP2KP,,,,,SP2KP Kemendag: Cabai Merah Besar (Pasar Panorama)
2026-02-18,PSR91,CRW02,80000,kg,BD-SP2KP,,,,,SP2KP Kemendag: Cabai Rawit Merah (Pasar Kepahiang)
2026-02-18,PSR91,CRW01,50000,kg,BD-SP2KP,,,,,SP2KP Kemendag: Cabai Rawit Hijau (Pasar Kepahiang)
2026-02-18,PSR91,BWM01,40000,kg,BD-SP2KP,,,,,SP2KP Kemendag: Bawang Merah (Pasar Kepahiang)
2026-02-18,PSR91,GLP01,18000,kg,BD-SP2KP,,,,,SP2KP Kemendag: Gula Pasir Curah (Pasar Kepahiang)
2026-02-18,PSR91,GLP02,19000,kg,BD-SP2KP,,,,,SP2KP Kemendag: Gula Pasir Kemasan (Pasar Kepahiang)
2026-02-18,PSR91,MGR02,21000,liter,BD-SP2KP,,,,,SP2KP Kemendag: Minyak Goreng Sawit Kemasan Premium (Pasar Kepahiang)
2026-02-18,PSR91,DSP01,140000,kg,BD-SP2KP,,,,,SP2KP Kemendag: Daging Sapi Paha Belakang (Pasar Kepahiang)
2026-02-18,PSR91,CMR02,45000,kg,BD-SP2KP,,,,,SP2KP Kemendag: Cabai Merah Keriting (Pasar Kepahiang)
2026-02-18,PSR91,TLR01,29155,kg,BD-SP2KP,,,,,SP2KP Kemendag: Telur Ayam Ras (Pasar Kepahiang)
2026-02-18,PSR91,DAY01,45000,kg,BD-SP2KP,,,,,SP2KP Kemendag: Daging Ayam Ras (Pasar Kepahiang)
2026-02-18,PSR91,BWP01,40000,kg,BD-SP2KP,,,,,SP2KP Kemendag: Bawang Putih Honan (Pasar Kepahiang)
2026-02-18,PSR91,BRS05,15400,kg,BD-SP2KP,,,,,SP2KP Kemendag: Beras Premium (Pasar Kepahiang)
2026-02-18,PSR91,BRS03,13750,kg,BD-SP2KP,,,,,SP2KP Kemendag: Beras Medium (Pasar Kepahiang)
2026-02-18,PSR91,DSP02,140000,kg,BD-SP2KP,,,,,SP2KP Kemendag: Daging Sapi Paha Depan (Pasar Kepahiang)
2026-02-18,PSR91,CMR01,40000,kg,BD-SP2KP,,,,,SP2KP Kemendag: Cabai Merah Besar (Pasar Kepahiang)
2026-02-18,PSR01,CRW02,75000,kg,BD-SP2KP,,,,,SP2KP Kemendag: Cabai Rawit Merah (Pasar Taba Penanjung)
2026-02-18,PSR01,CRW01,60000,kg,BD-SP2KP,,,,,SP2KP Kemendag: Cabai Rawit Hijau (Pasar Taba Penanjung)
2026-02-18,PSR01,BWM01,38000,kg,BD-SP2KP,,,,,SP2KP Kemendag: Bawang Merah (Pasar Taba Penanjung)
2026-02-18,PSR01,GLP01,18000,kg,BD-SP2KP,,,,,SP2KP Kemendag: Gula Pasir Curah (Pasar Taba Penanjung)
2026-02-18,PSR01,GLP02,19000,kg,BD-SP2KP,,,,,SP2KP Kemendag: Gula Pasir Kemasan (Pasar Taba Penanjung)
2026-02-18,PSR01,MGR02,21000,liter,BD-SP2KP,,,,,SP2KP Kemendag: Minyak Goreng Sawit Kemasan Premium (Pasar Taba Penanjung)
2026-02-18,PSR01,DSP01,140000,kg,BD-SP2KP,,,,,SP2KP Kemendag: Daging Sapi Paha Belakang (Pasar Taba Penanjung)
2026-02-18,PSR01,CMR02,50000,kg,BD-SP2KP,,,,,SP2KP Kemendag: Cabai Merah Keriting (Pasar Taba Penanjung)
2026-02-18,PSR01,TLR01,25600,kg,BD-SP2KP,,,,,SP2KP Kemendag: Telur Ayam Ras (Pasar Taba Penanjung)
2026-02-18,PSR01,DAY01,38000,kg,BD-SP2KP,,,,,SP2KP Kemendag: Daging Ayam Ras (Pasar Taba Penanjung)
2026-02-18,PSR01,BWP01,35000,kg,BD-SP2KP,,,,,SP2KP Kemendag: Bawang Putih Honan (Pasar Taba Penanjung)
2026-02-18,PSR01,BRS05,16500,kg,BD-SP2KP,,,,,SP2KP Kemendag: Beras Premium (Pasar Taba Penanjung)
2026-02-18,PSR01,BRS03,13750,kg,BD-SP2KP,,,,,SP2KP Kemendag: Beras Medium (Pasar Taba Penanjung)
2026-02-18,PSR01,DSP02,140000,kg,BD-SP2KP,,,,,SP2KP Kemendag: Daging Sapi Paha Depan (Pasar Taba Penanjung)
2026-02-18,PSR01,CMR01,45000,kg,BD-SP2KP,,,,,SP2KP Kemendag: Cabai Merah Besar (Pasar Taba Penanjung)
2026-02-18,PSR92,CRW02,80000,kg,BD-SP2KP,,,,,SP2KP Kemendag: Cabai Rawit Merah (Pasar Panorama)
2026-02-18,PSR92,CRW01,70000,kg,BD-SP2KP,,,,,SP2KP Kemendag: Cabai Rawit Hijau (Pasar Panorama)
2026-02-18,PSR92,BWM01,45000,kg,BD-SP2KP,,,,,SP2KP Kemendag: Bawang Merah (Pasar Panorama)
2026-02-18,PSR92,GLP01,17667,kg,BD-SP2KP,,,,,SP2KP Kemendag: Gula Pasir Curah (Pasar Panorama)
2026-02-18,PSR92,GLP02,18500,kg,BD-SP2KP,,,,,SP2KP Kemendag: Gula Pasir Kemasan (Pasar Panorama)
2026-02-18,PSR92,MGR02,22000,liter,BD-SP2KP,,,,,SP2KP Kemendag: Minyak Goreng Sawit Kemasan Premium (Pasar Panorama)
2026-02-18,PSR92,DSP01,150000,kg,BD-SP2KP,,,,,SP2KP Kemendag: Daging Sapi Paha Belakang (Pasar Panorama)
2026-02-18,PSR92,CMR02,56667,kg,BD-SP2KP,,,,,SP2KP Kemendag: Cabai Merah Keriting (Pasar Panorama)
2026-02-18,PSR92,TLR01,30400,kg,BD-SP2KP,,,,,SP2KP Kemendag: Telur Ayam Ras (Pasar Panorama)
2026-02-18,PSR92,DAY01,45000,kg,BD-SP2KP,,,,,SP2KP Kemendag: Daging Ayam Ras (Pasar Panorama)
2026-02-18,PSR92,BWP01,45000,kg,BD-SP2KP,,,,,SP2KP Kemendag: Bawang Putih Honan (Pasar Panorama)
2026-02-18,PSR92,BRS05,16250,kg,BD-SP2KP,,,,,SP2KP Kemendag: Beras Premium (Pasar Panorama)
2026-02-18,PSR92,BRS03,13725,kg,BD-SP2KP,,,,,SP2KP Kemendag: Beras Medium (Pasar Panorama)
2026-02-18,PSR92,DSP02,150000,kg,BD-SP2KP,,,,,SP2KP Kemendag: Daging Sapi Paha Depan (Pasar Panorama)
2026-02-18,PSR92,CMR01,35000,kg,BD-SP2KP,,,,,SP2KP Kemendag: Cabai Merah Besar (Pasar Panorama)
2026-02-19,PSR91,CRW02,80000,kg,BD-SP2KP,,,,,SP2KP Kemendag: Cabai Rawit Merah (Pasar Kepahiang)
2026-02-19,PSR91,CRW01,45000,kg,BD-SP2KP,,,,,SP2KP Kemendag: Cabai Rawit Hijau (Pasar Kepahiang)
2026-02-19,PSR91,BWM01,40000,kg,BD-SP2KP,,,,,SP2KP Kemendag: Bawang Merah (Pasar Kepahiang)
2026-02-19,PSR91,GLP01,18000,kg,BD-SP2KP,,,,,SP2KP Kemendag: Gula Pasir Curah (Pasar Kepahiang)
2026-02-19,PSR91,GLP02,19000,kg,BD-SP2KP,,,,,SP2KP Kemendag: Gula Pasir Kemasan (Pasar Kepahiang)
2026-02-19,PSR91,MGR02,21000,liter,BD-SP2KP,,,,,SP2KP Kemendag: Minyak Goreng Sawit Kemasan Premium (Pasar Kepahiang)
2026-02-19,PSR91,DSP01,140000,kg,BD-SP2KP,,,,,SP2KP Kemendag: Daging Sapi Paha Belakang (Pasar Kepahiang)
2026-02-19,PSR91,CMR02,45000,kg,BD-SP2KP,,,,,SP2KP Kemendag: Cabai Merah Keriting (Pasar Kepahiang)
2026-02-19,PSR91,TLR01,29155,kg,BD-SP2KP,,,,,SP2KP Kemendag: Telur Ayam Ras (Pasar Kepahiang)
2026-02-19,PSR91,DAY01,45000,kg,BD-SP2KP,,,,,SP2KP Kemendag: Daging Ayam Ras (Pasar Kepahiang)
2026-02-19,PSR91,BWP01,40000,kg,BD-SP2KP,,,,,SP2KP Kemendag: Bawang Putih Honan (Pasar Kepahiang)
2026-02-19,PSR91,BRS05,15400,kg,BD-SP2KP,,,,,SP2KP Kemendag: Beras Premium (Pasar Kepahiang)
2026-02-19,PSR91,BRS03,13750,kg,BD-SP2KP,,,,,SP2KP Kemendag: Beras Medium (Pasar Kepahiang)
2026-02-19,PSR91,DSP02,140000,kg,BD-SP2KP,,,,,SP2KP Kemendag: Daging Sapi Paha Depan (Pasar Kepahiang)
2026-02-19,PSR91,CMR01,40000,kg,BD-SP2KP,,,,,SP2KP Kemendag: Cabai Merah Besar (Pasar Kepahiang)
2026-02-19,PSR01,CRW02,80000,kg,BD-SP2KP,,,,,SP2KP Kemendag: Cabai Rawit Merah (Pasar Taba Penanjung)
2026-02-19,PSR01,CRW01,50000,kg,BD-SP2KP,,,,,SP2KP Kemendag: Cabai Rawit Hijau (Pasar Taba Penanjung)
2026-02-19,PSR01,BWM01,44000,kg,BD-SP2KP,,,,,SP2KP Kemendag: Bawang Merah (Pasar Taba Penanjung)
2026-02-19,PSR01,GLP01,18000,kg,BD-SP2KP,,,,,SP2KP Kemendag: Gula Pasir Curah (Pasar Taba Penanjung)
2026-02-19,PSR01,GLP02,19000,kg,BD-SP2KP,,,,,SP2KP Kemendag: Gula Pasir Kemasan (Pasar Taba Penanjung)
2026-02-19,PSR01,MGR02,21000,liter,BD-SP2KP,,,,,SP2KP Kemendag: Minyak Goreng Sawit Kemasan Premium (Pasar Taba Penanjung)
2026-02-19,PSR01,DSP01,140000,kg,BD-SP2KP,,,,,SP2KP Kemendag: Daging Sapi Paha Belakang (Pasar Taba Penanjung)
2026-02-19,PSR01,CMR02,45000,kg,BD-SP2KP,,,,,SP2KP Kemendag: Cabai Merah Keriting (Pasar Taba Penanjung)
2026-02-19,PSR01,TLR01,26700,kg,BD-SP2KP,,,,,SP2KP Kemendag: Telur Ayam Ras (Pasar Taba Penanjung)
2026-02-19,PSR01,DAY01,42000,kg,BD-SP2KP,,,,,SP2KP Kemendag: Daging Ayam Ras (Pasar Taba Penanjung)
2026-02-19,PSR01,BWP01,40000,kg,BD-SP2KP,,,,,SP2KP Kemendag: Bawang Putih Honan (Pasar Taba Penanjung)
2026-02-19,PSR01,BRS05,16500,kg,BD-SP2KP,,,,,SP2KP Kemendag: Beras Premium (Pasar Taba Penanjung)
2026-02-19,PSR01,BRS03,13750,kg,BD-SP2KP,,,,,SP2KP Kemendag: Beras Medium (Pasar Taba Penanjung)
2026-02-19,PSR01,DSP02,140000,kg,BD-SP2KP,,,,,SP2KP Kemendag: Daging Sapi Paha Depan (Pasar Taba Penanjung)
2026-02-19,PSR01,CMR01,40000,kg,BD-SP2KP,,,,,SP2KP Kemendag: Cabai Merah Besar (Pasar Taba Penanjung)
2026-02-19,PSR92,CRW02,80000,kg,BD-SP2KP,,,,,SP2KP Kemendag: Cabai Rawit Merah (Pasar Panorama)
2026-02-19,PSR92,CRW01,70000,kg,BD-SP2KP,,,,,SP2KP Kemendag: Cabai Rawit Hijau (Pasar Panorama)
2026-02-19,PSR92,BWM01,45000,kg,BD-SP2KP,,,,,SP2KP Kemendag: Bawang Merah (Pasar Panorama)
2026-02-19,PSR92,GLP01,17667,kg,BD-SP2KP,,,,,SP2KP Kemendag: Gula Pasir Curah (Pasar Panorama)
2026-02-19,PSR92,GLP02,18500,kg,BD-SP2KP,,,,,SP2KP Kemendag: Gula Pasir Kemasan (Pasar Panorama)
2026-02-19,PSR92,MGR02,22000,liter,BD-SP2KP,,,,,SP2KP Kemendag: Minyak Goreng Sawit Kemasan Premium (Pasar Panorama)
2026-02-19,PSR92,DSP01,150000,kg,BD-SP2KP,,,,,SP2KP Kemendag: Daging Sapi Paha Belakang (Pasar Panorama)
2026-02-19,PSR92,CMR02,56667,kg,BD-SP2KP,,,,,SP2KP Kemendag: Cabai Merah Keriting (Pasar Panorama)
2026-02-19,PSR92,TLR01,30400,kg,BD-SP2KP,,,,,SP2KP Kemendag: Telur Ayam Ras (Pasar Panorama)
2026-02-19,PSR92,DAY01,45000,kg,BD-SP2KP,,,,,SP2KP Kemendag: Daging Ayam Ras (Pasar Panorama)
2026-02-19,PSR92,BWP01,45000,kg,BD-SP2KP,,,,,SP2KP Kemendag: Bawang Putih Honan (Pasar Panorama)
2026-02-19,PSR92,BRS05,16250,kg,BD-SP2KP,,,,,SP2KP Kemendag: Beras Premium (Pasar Panorama)
2026-02-19,PSR92,BRS03,13725,kg,BD-SP2KP,,,,,SP2KP Kemendag: Beras Medium (Pasar Panorama)
2026-02-19,PSR92,DSP02,150000,kg,BD-SP2KP,,,,,SP2KP Kemendag: Daging Sapi Paha Depan (Pasar Panorama)
2026-02-19,PSR92,CMR01,35000,kg,BD-SP2KP,,,,,SP2KP Kemendag: Cabai Merah Besar (Pasar Panorama)
2026-02-20,PSR91,CRW02,80000,kg,BD-SP2KP,,,,,SP2KP Kemendag: Cabai Rawit Merah (Pasar Kepahiang)
2026-02-20,PSR91,CRW01,45000,kg,BD-SP2KP,,,,,SP2KP Kemendag: Cabai Rawit Hijau (Pasar Kepahiang)
2026-02-20,PSR91,BWM01,40000,kg,BD-SP2KP,,,,,SP2KP Kemendag: Bawang Merah (Pasar Kepahiang)
2026-02-20,PSR91,GLP01,18000,kg,BD-SP2KP,,,,,SP2KP Kemendag: Gula Pasir Curah (Pasar Kepahiang)
2026-02-20,PSR91,GLP02,19000,kg,BD-SP2KP,,,,,SP2KP Kemendag: Gula Pasir Kemasan (Pasar Kepahiang)
2026-02-20,PSR91,MGR02,21000,liter,BD-SP2KP,,,,,SP2KP Kemendag: Minyak Goreng Sawit Kemasan Premium (Pasar Kepahiang)
2026-02-20,PSR91,DSP01,140000,kg,BD-SP2KP,,,,,SP2KP Kemendag: Daging Sapi Paha Belakang (Pasar Kepahiang)
2026-02-20,PSR91,CMR02,45000,kg,BD-SP2KP,,,,,SP2KP Kemendag: Cabai Merah Keriting (Pasar Kepahiang)
2026-02-20,PSR91,TLR01,29155,kg,BD-SP2KP,,,,,SP2KP Kemendag: Telur Ayam Ras (Pasar Kepahiang)
2026-02-20,PSR91,DAY01,45000,kg,BD-SP2KP,,,,,SP2KP Kemendag: Daging Ayam Ras (Pasar Kepahiang)
2026-02-20,PSR91,BWP01,40000,kg,BD-SP2KP,,,,,SP2KP Kemendag: Bawang Putih Honan (Pasar Kepahiang)
2026-02-20,PSR91,BRS05,15400,kg,BD-SP2KP,,,,,SP2KP Kemendag: Beras Premium (Pasar Kepahiang)
2026-02-20,PSR91,BRS03,13750,kg,BD-SP2KP,,,,,SP2KP Kemendag: Beras Medium (Pasar Kepahiang)
2026-02-20,PSR91,DSP02,140000,kg,BD-SP2KP,,,,,SP2KP Kemendag: Daging Sapi Paha Depan (Pasar Kepahiang)
2026-02-20,PSR91,CMR01,40000,kg,BD-SP2KP,,,,,SP2KP Kemendag: Cabai Merah Besar (Pasar Kepahiang)
2026-02-20,PSR01,CRW02,80000,kg,BD-SP2KP,,,,,SP2KP Kemendag: Cabai Rawit Merah (Pasar Taba Penanjung)
2026-02-20,PSR01,CRW01,50000,kg,BD-SP2KP,,,,,SP2KP Kemendag: Cabai Rawit Hijau (Pasar Taba Penanjung)
2026-02-20,PSR01,BWM01,44000,kg,BD-SP2KP,,,,,SP2KP Kemendag: Bawang Merah (Pasar Taba Penanjung)
2026-02-20,PSR01,GLP01,18000,kg,BD-SP2KP,,,,,SP2KP Kemendag: Gula Pasir Curah (Pasar Taba Penanjung)
2026-02-20,PSR01,GLP02,19000,kg,BD-SP2KP,,,,,SP2KP Kemendag: Gula Pasir Kemasan (Pasar Taba Penanjung)
2026-02-20,PSR01,MGR02,21000,liter,BD-SP2KP,,,,,SP2KP Kemendag: Minyak Goreng Sawit Kemasan Premium (Pasar Taba Penanjung)
2026-02-20,PSR01,DSP01,140000,kg,BD-SP2KP,,,,,SP2KP Kemendag: Daging Sapi Paha Belakang (Pasar Taba Penanjung)
2026-02-20,PSR01,CMR02,45000,kg,BD-SP2KP,,,,,SP2KP Kemendag: Cabai Merah Keriting (Pasar Taba Penanjung)
2026-02-20,PSR01,TLR01,26700,kg,BD-SP2KP,,,,,SP2KP Kemendag: Telur Ayam Ras (Pasar Taba Penanjung)
2026-02-20,PSR01,DAY01,42000,kg,BD-SP2KP,,,,,SP2KP Kemendag: Daging Ayam Ras (Pasar Taba Penanjung)
2026-02-20,PSR01,BWP01,40000,kg,BD-SP2KP,,,,,SP2KP Kemendag: Bawang Putih Honan (Pasar Taba Penanjung)
2026-02-20,PSR01,BRS05,16500,kg,BD-SP2KP,,,,,SP2KP Kemendag: Beras Premium (Pasar Taba Penanjung)
2026-02-20,PSR01,BRS03,13750,kg,BD-SP2KP,,,,,SP2KP Kemendag: Beras Medium (Pasar Taba Penanjung)
2026-02-20,PSR01,DSP02,140000,kg,BD-SP2KP,,,,,SP2KP Kemendag: Daging Sapi Paha Depan (Pasar Taba Penanjung)
2026-02-20,PSR01,CMR01,40000,kg,BD-SP2KP,,,,,SP2KP Kemendag: Cabai Merah Besar (Pasar Taba Penanjung)
2026-02-20,PSR92,CRW02,80000,kg,BD-SP2KP,,,,,SP2KP Kemendag: Cabai Rawit Merah (Pasar Panorama)
2026-02-20,PSR92,CRW01,70000,kg,BD-SP2KP,,,,,SP2KP Kemendag: Cabai Rawit Hijau (Pasar Panorama)
2026-02-20,PSR92,BWM01,45000,kg,BD-SP2KP,,,,,SP2KP Kemendag: Bawang Merah (Pasar Panorama)
2026-02-20,PSR92,GLP01,17667,kg,BD-SP2KP,,,,,SP2KP Kemendag: Gula Pasir Curah (Pasar Panorama)
2026-02-20,PSR92,GLP02,18500,kg,BD-SP2KP,,,,,SP2KP Kemendag: Gula Pasir Kemasan (Pasar Panorama)
2026-02-20,PSR92,MGR02,22000,liter,BD-SP2KP,,,,,SP2KP Kemendag: Minyak Goreng Sawit Kemasan Premium (Pasar Panorama)
2026-02-20,PSR92,DSP01,150000,kg,BD-SP2KP,,,,,SP2KP Kemendag: Daging Sapi Paha Belakang (Pasar Panorama)
2026-02-20,PSR92,CMR02,56667,kg,BD-SP2KP,,,,,SP2KP Kemendag: Cabai Merah Keriting (Pasar Panorama)
2026-02-20,PSR92,TLR01,30400,kg,BD-SP2KP,,,,,SP2KP Kemendag: Telur Ayam Ras (Pasar Panorama)
2026-02-20,PSR92,DAY01,45000,kg,BD-SP2KP,,,,,SP2KP Kemendag: Daging Ayam Ras (Pasar Panorama)
2026-02-20,PSR92,BWP01,45000,kg,BD-SP2KP,,,,,SP2KP Kemendag: Bawang Putih Honan (Pasar Panorama)
2026-02-20,PSR92,BRS05,16250,kg,BD-SP2KP,,,,,SP2KP Kemendag: Beras Premium (Pasar Panorama)
2026-02-20,PSR92,BRS03,13725,kg,BD-SP2KP,,,,,SP2KP Kemendag: Beras Medium (Pasar Panorama)
2026-02-20,PSR92,DSP02,150000,kg,BD-SP2KP,,,,,SP2KP Kemendag: Daging Sapi Paha Depan (Pasar Panorama)
2026-02-20,PSR92,CMR01,35000,kg,BD-SP2KP,,,,,SP2KP Kemendag: Cabai Merah Besar (Pasar Panorama)
2026-02-23,PSR91,CRW02,70000,kg,BD-SP2KP,,,,,SP2KP Kemendag: Cabai Rawit Merah (Pasar Kepahiang)
2026-02-23,PSR91,CRW01,45000,kg,BD-SP2KP,,,,,SP2KP Kemendag: Cabai Rawit Hijau (Pasar Kepahiang)
2026-02-23,PSR91,BWM01,40000,kg,BD-SP2KP,,,,,SP2KP Kemendag: Bawang Merah (Pasar Kepahiang)
2026-02-23,PSR91,GLP01,18000,kg,BD-SP2KP,,,,,SP2KP Kemendag: Gula Pasir Curah (Pasar Kepahiang)
2026-02-23,PSR91,GLP02,19000,kg,BD-SP2KP,,,,,SP2KP Kemendag: Gula Pasir Kemasan (Pasar Kepahiang)
2026-02-23,PSR91,MGR02,21000,liter,BD-SP2KP,,,,,SP2KP Kemendag: Minyak Goreng Sawit Kemasan Premium (Pasar Kepahiang)
2026-02-23,PSR91,DSP01,140000,kg,BD-SP2KP,,,,,SP2KP Kemendag: Daging Sapi Paha Belakang (Pasar Kepahiang)
2026-02-23,PSR91,CMR02,45000,kg,BD-SP2KP,,,,,SP2KP Kemendag: Cabai Merah Keriting (Pasar Kepahiang)
2026-02-23,PSR91,TLR01,29155,kg,BD-SP2KP,,,,,SP2KP Kemendag: Telur Ayam Ras (Pasar Kepahiang)
2026-02-23,PSR91,DAY01,45000,kg,BD-SP2KP,,,,,SP2KP Kemendag: Daging Ayam Ras (Pasar Kepahiang)
2026-02-23,PSR91,BWP01,40000,kg,BD-SP2KP,,,,,SP2KP Kemendag: Bawang Putih Honan (Pasar Kepahiang)
2026-02-23,PSR91,BRS05,15400,kg,BD-SP2KP,,,,,SP2KP Kemendag: Beras Premium (Pasar Kepahiang)
2026-02-23,PSR91,BRS03,13750,kg,BD-SP2KP,,,,,SP2KP Kemendag: Beras Medium (Pasar Kepahiang)
2026-02-23,PSR91,DSP02,140000,kg,BD-SP2KP,,,,,SP2KP Kemendag: Daging Sapi Paha Depan (Pasar Kepahiang)
2026-02-23,PSR91,CMR01,45000,kg,BD-SP2KP,,,,,SP2KP Kemendag: Cabai Merah Besar (Pasar Kepahiang)
2026-02-23,PSR01,CRW02,80000,kg,BD-SP2KP,,,,,SP2KP Kemendag: Cabai Rawit Merah (Pasar Taba Penanjung)
2026-02-23,PSR01,CRW01,50000,kg,BD-SP2KP,,,,,SP2KP Kemendag: Cabai Rawit Hijau (Pasar Taba Penanjung)
2026-02-23,PSR01,BWM01,44000,kg,BD-SP2KP,,,,,SP2KP Kemendag: Bawang Merah (Pasar Taba Penanjung)
2026-02-23,PSR01,GLP01,18000,kg,BD-SP2KP,,,,,SP2KP Kemendag: Gula Pasir Curah (Pasar Taba Penanjung)
2026-02-23,PSR01,GLP02,19000,kg,BD-SP2KP,,,,,SP2KP Kemendag: Gula Pasir Kemasan (Pasar Taba Penanjung)
2026-02-23,PSR01,MGR02,21000,liter,BD-SP2KP,,,,,SP2KP Kemendag: Minyak Goreng Sawit Kemasan Premium (Pasar Taba Penanjung)
2026-02-23,PSR01,DSP01,140000,kg,BD-SP2KP,,,,,SP2KP Kemendag: Daging Sapi Paha Belakang (Pasar Taba Penanjung)
2026-02-23,PSR01,CMR02,45000,kg,BD-SP2KP,,,,,SP2KP Kemendag: Cabai Merah Keriting (Pasar Taba Penanjung)
2026-02-23,PSR01,TLR01,26700,kg,BD-SP2KP,,,,,SP2KP Kemendag: Telur Ayam Ras (Pasar Taba Penanjung)
2026-02-23,PSR01,DAY01,42000,kg,BD-SP2KP,,,,,SP2KP Kemendag: Daging Ayam Ras (Pasar Taba Penanjung)
2026-02-23,PSR01,BWP01,40000,kg,BD-SP2KP,,,,,SP2KP Kemendag: Bawang Putih Honan (Pasar Taba Penanjung)
2026-02-23,PSR01,BRS05,16500,kg,BD-SP2KP,,,,,SP2KP Kemendag: Beras Premium (Pasar Taba Penanjung)
2026-02-23,PSR01,BRS03,13750,kg,BD-SP2KP,,,,,SP2KP Kemendag: Beras Medium (Pasar Taba Penanjung)
2026-02-23,PSR01,DSP02,140000,kg,BD-SP2KP,,,,,SP2KP Kemendag: Daging Sapi Paha Depan (Pasar Taba Penanjung)
2026-02-23,PSR01,CMR01,40000,kg,BD-SP2KP,,,,,SP2KP Kemendag: Cabai Merah Besar (Pasar Taba Penanjung)
2026-02-23,PSR92,CRW02,80000,kg,BD-SP2KP,,,,,SP2KP Kemendag: Cabai Rawit Merah (Pasar Panorama)
2026-02-23,PSR92,CRW01,70000,kg,BD-SP2KP,,,,,SP2KP Kemendag: Cabai Rawit Hijau (Pasar Panorama)
2026-02-23,PSR92,BWM01,45000,kg,BD-SP2KP,,,,,SP2KP Kemendag: Bawang Merah (Pasar Panorama)
2026-02-23,PSR92,GLP01,17667,kg,BD-SP2KP,,,,,SP2KP Kemendag: Gula Pasir Curah (Pasar Panorama)
2026-02-23,PSR92,GLP02,18500,kg,BD-SP2KP,,,,,SP2KP Kemendag: Gula Pasir Kemasan (Pasar Panorama)
2026-02-23,PSR92,MGR02,22000,liter,BD-SP2KP,,,,,SP2KP Kemendag: Minyak Goreng Sawit Kemasan Premium (Pasar Panorama)
2026-02-23,PSR92,DSP01,150000,kg,BD-SP2KP,,,,,SP2KP Kemendag: Daging Sapi Paha Belakang (Pasar Panorama)
2026-02-23,PSR92,CMR02,56667,kg,BD-SP2KP,,,,,SP2KP Kemendag: Cabai Merah Keriting (Pasar Panorama)
2026-02-23,PSR92,TLR01,30400,kg,BD-SP2KP,,,,,SP2KP Kemendag: Telur Ayam Ras (Pasar Panorama)
2026-02-23,PSR92,DAY01,45000,kg,BD-SP2KP,,,,,SP2KP Kemendag: Daging Ayam Ras (Pasar Panorama)
2026-02-23,PSR92,BWP01,45000,kg,BD-SP2KP,,,,,SP2KP Kemendag: Bawang Putih Honan (Pasar Panorama)
2026-02-23,PSR92,BRS05,16250,kg,BD-SP2KP,,,,,SP2KP Kemendag: Beras Premium (Pasar Panorama)
2026-02-23,PSR92,BRS03,13725,kg,BD-SP2KP,,,,,SP2KP Kemendag: Beras Medium (Pasar Panorama)
2026-02-23,PSR92,DSP02,150000,kg,BD-SP2KP,,,,,SP2KP Kemendag: Daging Sapi Paha Depan (Pasar Panorama)
2026-02-23,PSR92,CMR01,35000,kg,BD-SP2KP,,,,,SP2KP Kemendag: Cabai Merah Besar (Pasar Panorama)
2026-02-24,PSR91,CRW02,70000,kg,BD-SP2KP,,,,,SP2KP Kemendag: Cabai Rawit Merah (Pasar Kepahiang)
2026-02-24,PSR91,CRW01,45000,kg,BD-SP2KP,,,,,SP2KP Kemendag: Cabai Rawit Hijau (Pasar Kepahiang)
2026-02-24,PSR91,BWM01,40000,kg,BD-SP2KP,,,,,SP2KP Kemendag: Bawang Merah (Pasar Kepahiang)
2026-02-24,PSR91,GLP01,18000,kg,BD-SP2KP,,,,,SP2KP Kemendag: Gula Pasir Curah (Pasar Kepahiang)
2026-02-24,PSR91,GLP02,19000,kg,BD-SP2KP,,,,,SP2KP Kemendag: Gula Pasir Kemasan (Pasar Kepahiang)
2026-02-24,PSR91,MGR02,21000,liter,BD-SP2KP,,,,,SP2KP Kemendag: Minyak Goreng Sawit Kemasan Premium (Pasar Kepahiang)
2026-02-24,PSR91,DSP01,140000,kg,BD-SP2KP,,,,,SP2KP Kemendag: Daging Sapi Paha Belakang (Pasar Kepahiang)
2026-02-24,PSR91,CMR02,45000,kg,BD-SP2KP,,,,,SP2KP Kemendag: Cabai Merah Keriting (Pasar Kepahiang)
2026-02-24,PSR91,TLR01,29155,kg,BD-SP2KP,,,,,SP2KP Kemendag: Telur Ayam Ras (Pasar Kepahiang)
2026-02-24,PSR91,DAY01,45000,kg,BD-SP2KP,,,,,SP2KP Kemendag: Daging Ayam Ras (Pasar Kepahiang)
2026-02-24,PSR91,BWP01,40000,kg,BD-SP2KP,,,,,SP2KP Kemendag: Bawang Putih Honan (Pasar Kepahiang)
2026-02-24,PSR91,BRS05,15400,kg,BD-SP2KP,,,,,SP2KP Kemendag: Beras Premium (Pasar Kepahiang)
2026-02-24,PSR91,BRS03,13750,kg,BD-SP2KP,,,,,SP2KP Kemendag: Beras Medium (Pasar Kepahiang)
2026-02-24,PSR91,DSP02,140000,kg,BD-SP2KP,,,,,SP2KP Kemendag: Daging Sapi Paha Depan (Pasar Kepahiang)
2026-02-24,PSR91,CMR01,45000,kg,BD-SP2KP,,,,,SP2KP Kemendag: Cabai Merah Besar (Pasar Kepahiang)
2026-02-24,PSR01,CRW02,80000,kg,BD-SP2KP,,,,,SP2KP Kemendag: Cabai Rawit Merah (Pasar Taba Penanjung)
2026-02-24,PSR01,CRW01,50000,kg,BD-SP2KP,,,,,SP2KP Kemendag: Cabai Rawit Hijau (Pasar Taba Penanjung)
2026-02-24,PSR01,BWM01,44000,kg,BD-SP2KP,,,,,SP2KP Kemendag: Bawang Merah (Pasar Taba Penanjung)
2026-02-24,PSR01,GLP01,18000,kg,BD-SP2KP,,,,,SP2KP Kemendag: Gula Pasir Curah (Pasar Taba Penanjung)
2026-02-24,PSR01,GLP02,19000,kg,BD-SP2KP,,,,,SP2KP Kemendag: Gula Pasir Kemasan (Pasar Taba Penanjung)
2026-02-24,PSR01,MGR02,21000,liter,BD-SP2KP,,,,,SP2KP Kemendag: Minyak Goreng Sawit Kemasan Premium (Pasar Taba Penanjung)
2026-02-24,PSR01,DSP01,140000,kg,BD-SP2KP,,,,,SP2KP Kemendag: Daging Sapi Paha Belakang (Pasar Taba Penanjung)
2026-02-24,PSR01,CMR02,45000,kg,BD-SP2KP,,,,,SP2KP Kemendag: Cabai Merah Keriting (Pasar Taba Penanjung)
2026-02-24,PSR01,TLR01,26700,kg,BD-SP2KP,,,,,SP2KP Kemendag: Telur Ayam Ras (Pasar Taba Penanjung)
2026-02-24,PSR01,DAY01,42000,kg,BD-SP2KP,,,,,SP2KP Kemendag: Daging Ayam Ras (Pasar Taba Penanjung)
2026-02-24,PSR01,BWP01,40000,kg,BD-SP2KP,,,,,SP2KP Kemendag: Bawang Putih Honan (Pasar Taba Penanjung)
2026-02-24,PSR01,BRS05,16500,kg,BD-SP2KP,,,,,SP2KP Kemendag: Beras Premium (Pasar Taba Penanjung)
2026-02-24,PSR01,BRS03,13750,kg,BD-SP2KP,,,,,SP2KP Kemendag: Beras Medium (Pasar Taba Penanjung)
2026-02-24,PSR01,DSP02,140000,kg,BD-SP2KP,,,,,SP2KP Kemendag: Daging Sapi Paha Depan (Pasar Taba Penanjung)
2026-02-24,PSR01,CMR01,40000,kg,BD-SP2KP,,,,,SP2KP Kemendag: Cabai Merah Besar (Pasar Taba Penanjung)
2026-02-24,PSR92,CRW02,80000,kg,BD-SP2KP,,,,,SP2KP Kemendag: Cabai Rawit Merah (Pasar Panorama)
2026-02-24,PSR92,CRW01,70000,kg,BD-SP2KP,,,,,SP2KP Kemendag: Cabai Rawit Hijau (Pasar Panorama)
2026-02-24,PSR92,BWM01,45000,kg,BD-SP2KP,,,,,SP2KP Kemendag: Bawang Merah (Pasar Panorama)
2026-02-24,PSR92,GLP01,17667,kg,BD-SP2KP,,,,,SP2KP Kemendag: Gula Pasir Curah (Pasar Panorama)
2026-02-24,PSR92,GLP02,18500,kg,BD-SP2KP,,,,,SP2KP Kemendag: Gula Pasir Kemasan (Pasar Panorama)
2026-02-24,PSR92,MGR02,22000,liter,BD-SP2KP,,,,,SP2KP Kemendag: Minyak Goreng Sawit Kemasan Premium (Pasar Panorama)
2026-02-24,PSR92,DSP01,140000,kg,BD-SP2KP,,,,,SP2KP Kemendag: Daging Sapi Paha Belakang (Pasar Panorama)
2026-02-24,PSR92,CMR02,56667,kg,BD-SP2KP,,,,,SP2KP Kemendag: Cabai Merah Keriting (Pasar Panorama)
2026-02-24,PSR92,TLR01,30400,kg,BD-SP2KP,,,,,SP2KP Kemendag: Telur Ayam Ras (Pasar Panorama)
2026-02-24,PSR92,DAY01,45000,kg,BD-SP2KP,,,,,SP2KP Kemendag: Daging Ayam Ras (Pasar Panorama)
2026-02-24,PSR92,BWP01,45000,kg,BD-SP2KP,,,,,SP2KP Kemendag: Bawang Putih Honan (Pasar Panorama)
2026-02-24,PSR92,BRS05,16250,kg,BD-SP2KP,,,,,SP2KP Kemendag: Beras Premium (Pasar Panorama)
2026-02-24,PSR92,BRS03,13725,kg,BD-SP2KP,,,,,SP2KP Kemendag: Beras Medium (Pasar Panorama)
2026-02-24,PSR92,DSP02,140000,kg,BD-SP2KP,,,,,SP2KP Kemendag: Daging Sapi Paha Depan (Pasar Panorama)
2026-02-24,PSR92,CMR01,35000,kg,BD-SP2KP,,,,,SP2KP Kemendag: Cabai Merah Besar (Pasar Panorama)
2026-02-25,PSR91,CRW02,70000,kg,BD-SP2KP,,,,,SP2KP Kemendag: Cabai Rawit Merah (Pasar Kepahiang)
2026-02-25,PSR91,CRW01,45000,kg,BD-SP2KP,,,,,SP2KP Kemendag: Cabai Rawit Hijau (Pasar Kepahiang)
2026-02-25,PSR91,BWM01,40000,kg,BD-SP2KP,,,,,SP2KP Kemendag: Bawang Merah (Pasar Kepahiang)
2026-02-25,PSR91,GLP01,18000,kg,BD-SP2KP,,,,,SP2KP Kemendag: Gula Pasir Curah (Pasar Kepahiang)
2026-02-25,PSR91,GLP02,19000,kg,BD-SP2KP,,,,,SP2KP Kemendag: Gula Pasir Kemasan (Pasar Kepahiang)
2026-02-25,PSR91,MGR02,21000,liter,BD-SP2KP,,,,,SP2KP Kemendag: Minyak Goreng Sawit Kemasan Premium (Pasar Kepahiang)
2026-02-25,PSR91,DSP01,140000,kg,BD-SP2KP,,,,,SP2KP Kemendag: Daging Sapi Paha Belakang (Pasar Kepahiang)
2026-02-25,PSR91,CMR02,45000,kg,BD-SP2KP,,,,,SP2KP Kemendag: Cabai Merah Keriting (Pasar Kepahiang)
2026-02-25,PSR91,TLR01,29155,kg,BD-SP2KP,,,,,SP2KP Kemendag: Telur Ayam Ras (Pasar Kepahiang)
2026-02-25,PSR91,DAY01,45000,kg,BD-SP2KP,,,,,SP2KP Kemendag: Daging Ayam Ras (Pasar Kepahiang)
2026-02-25,PSR91,BWP01,40000,kg,BD-SP2KP,,,,,SP2KP Kemendag: Bawang Putih Honan (Pasar Kepahiang)
2026-02-25,PSR91,BRS05,15400,kg,BD-SP2KP,,,,,SP2KP Kemendag: Beras Premium (Pasar Kepahiang)
2026-02-25,PSR91,BRS03,13750,kg,BD-SP2KP,,,,,SP2KP Kemendag: Beras Medium (Pasar Kepahiang)
2026-02-25,PSR91,DSP02,140000,kg,BD-SP2KP,,,,,SP2KP Kemendag: Daging Sapi Paha Depan (Pasar Kepahiang)
2026-02-25,PSR91,CMR01,40000,kg,BD-SP2KP,,,,,SP2KP Kemendag: Cabai Merah Besar (Pasar Kepahiang)
2026-02-25,PSR01,CRW02,80000,kg,BD-SP2KP,,,,,SP2KP Kemendag: Cabai Rawit Merah (Pasar Taba Penanjung)
2026-02-25,PSR01,CRW01,50000,kg,BD-SP2KP,,,,,SP2KP Kemendag: Cabai Rawit Hijau (Pasar Taba Penanjung)
2026-02-25,PSR01,BWM01,44000,kg,BD-SP2KP,,,,,SP2KP Kemendag: Bawang Merah (Pasar Taba Penanjung)
2026-02-25,PSR01,GLP01,18000,kg,BD-SP2KP,,,,,SP2KP Kemendag: Gula Pasir Curah (Pasar Taba Penanjung)
2026-02-25,PSR01,GLP02,19000,kg,BD-SP2KP,,,,,SP2KP Kemendag: Gula Pasir Kemasan (Pasar Taba Penanjung)
2026-02-25,PSR01,MGR02,21000,liter,BD-SP2KP,,,,,SP2KP Kemendag: Minyak Goreng Sawit Kemasan Premium (Pasar Taba Penanjung)
2026-02-25,PSR01,DSP01,140000,kg,BD-SP2KP,,,,,SP2KP Kemendag: Daging Sapi Paha Belakang (Pasar Taba Penanjung)
2026-02-25,PSR01,CMR02,45000,kg,BD-SP2KP,,,,,SP2KP Kemendag: Cabai Merah Keriting (Pasar Taba Penanjung)
2026-02-25,PSR01,TLR01,26700,kg,BD-SP2KP,,,,,SP2KP Kemendag: Telur Ayam Ras (Pasar Taba Penanjung)
2026-02-25,PSR01,DAY01,42000,kg,BD-SP2KP,,,,,SP2KP Kemendag: Daging Ayam Ras (Pasar Taba Penanjung)
2026-02-25,PSR01,BWP01,40000,kg,BD-SP2KP,,,,,SP2KP Kemendag: Bawang Putih Honan (Pasar Taba Penanjung)
2026-02-25,PSR01,BRS05,16500,kg,BD-SP2KP,,,,,SP2KP Kemendag: Beras Premium (Pasar Taba Penanjung)
2026-02-25,PSR01,BRS03,13750,kg,BD-SP2KP,,,,,SP2KP Kemendag: Beras Medium (Pasar Taba Penanjung)
2026-02-25,PSR01,DSP02,140000,kg,BD-SP2KP,,,,,SP2KP Kemendag: Daging Sapi Paha Depan (Pasar Taba Penanjung)
2026-02-25,PSR01,CMR01,40000,kg,BD-SP2KP,,,,,SP2KP Kemendag: Cabai Merah Besar (Pasar Taba Penanjung)
2026-02-25,PSR92,CRW02,86667,kg,BD-SP2KP,,,,,SP2KP Kemendag: Cabai Rawit Merah (Pasar Panorama)
2026-02-25,PSR92,CRW01,66667,kg,BD-SP2KP,,,,,SP2KP Kemendag: Cabai Rawit Hijau (Pasar Panorama)
2026-02-25,PSR92,BWM01,45000,kg,BD-SP2KP,,,,,SP2KP Kemendag: Bawang Merah (Pasar Panorama)
2026-02-25,PSR92,GLP01,17667,kg,BD-SP2KP,,,,,SP2KP Kemendag: Gula Pasir Curah (Pasar Panorama)
2026-02-25,PSR92,GLP02,18500,kg,BD-SP2KP,,,,,SP2KP Kemendag: Gula Pasir Kemasan (Pasar Panorama)
2026-02-25,PSR92,MGR02,22000,liter,BD-SP2KP,,,,,SP2KP Kemendag: Minyak Goreng Sawit Kemasan Premium (Pasar Panorama)
2026-02-25,PSR92,DSP01,140000,kg,BD-SP2KP,,,,,SP2KP Kemendag: Daging Sapi Paha Belakang (Pasar Panorama)
2026-02-25,PSR92,CMR02,43333,kg,BD-SP2KP,,,,,SP2KP Kemendag: Cabai Merah Keriting (Pasar Panorama)
2026-02-25,PSR92,TLR01,30400,kg,BD-SP2KP,,,,,SP2KP Kemendag: Telur Ayam Ras (Pasar Panorama)
2026-02-25,PSR92,DAY01,44333,kg,BD-SP2KP,,,,,SP2KP Kemendag: Daging Ayam Ras (Pasar Panorama)
2026-02-25,PSR92,BWP01,45000,kg,BD-SP2KP,,,,,SP2KP Kemendag: Bawang Putih Honan (Pasar Panorama)
2026-02-25,PSR92,BRS05,16250,kg,BD-SP2KP,,,,,SP2KP Kemendag: Beras Premium (Pasar Panorama)
2026-02-25,PSR92,BRS03,13725,kg,BD-SP2KP,,,,,SP2KP Kemendag: Beras Medium (Pasar Panorama)
2026-02-25,PSR92,DSP02,140000,kg,BD-SP2KP,,,,,SP2KP Kemendag: Daging Sapi Paha Depan (Pasar Panorama)
2026-02-25,PSR92,CMR01,35000,kg,BD-SP2KP,,,,,SP2KP Kemendag: Cabai Merah Besar (Pasar Panorama)
2026-02-26,PSR91,CRW02,70000,kg,BD-SP2KP,,,,,SP2KP Kemendag: Cabai Rawit Merah (Pasar Kepahiang)
2026-02-26,PSR91,CRW01,45000,kg,BD-SP2KP,,,,,SP2KP Kemendag: Cabai Rawit Hijau (Pasar Kepahiang)
2026-02-26,PSR91,BWM01,40000,kg,BD-SP2KP,,,,,SP2KP Kemendag: Bawang Merah (Pasar Kepahiang)
2026-02-26,PSR91,GLP01,18000,kg,BD-SP2KP,,,,,SP2KP Kemendag: Gula Pasir Curah (Pasar Kepahiang)
2026-02-26,PSR91,GLP02,19000,kg,BD-SP2KP,,,,,SP2KP Kemendag: Gula Pasir Kemasan (Pasar Kepahiang)
2026-02-26,PSR91,MGR02,21000,liter,BD-SP2KP,,,,,SP2KP Kemendag: Minyak Goreng Sawit Kemasan Premium (Pasar Kepahiang)
2026-02-26,PSR91,DSP01,140000,kg,BD-SP2KP,,,,,SP2KP Kemendag: Daging Sapi Paha Belakang (Pasar Kepahiang)
2026-02-26,PSR91,CMR02,35000,kg,BD-SP2KP,,,,,SP2KP Kemendag: Cabai Merah Keriting (Pasar Kepahiang)
2026-02-26,PSR91,TLR01,28800,kg,BD-SP2KP,,,,,SP2KP Kemendag: Telur Ayam Ras (Pasar Kepahiang)
2026-02-26,PSR91,DAY01,45000,kg,BD-SP2KP,,,,,SP2KP Kemendag: Daging Ayam Ras (Pasar Kepahiang)
2026-02-26,PSR91,BWP01,40000,kg,BD-SP2KP,,,,,SP2KP Kemendag: Bawang Putih Honan (Pasar Kepahiang)
2026-02-26,PSR91,BRS05,15500,kg,BD-SP2KP,,,,,SP2KP Kemendag: Beras Premium (Pasar Kepahiang)
2026-02-26,PSR91,BRS03,13750,kg,BD-SP2KP,,,,,SP2KP Kemendag: Beras Medium (Pasar Kepahiang)
2026-02-26,PSR91,DSP02,140000,kg,BD-SP2KP,,,,,SP2KP Kemendag: Daging Sapi Paha Depan (Pasar Kepahiang)
2026-02-26,PSR91,CMR01,35000,kg,BD-SP2KP,,,,,SP2KP Kemendag: Cabai Merah Besar (Pasar Kepahiang)
2026-02-26,PSR01,CRW02,70000,kg,BD-SP2KP,,,,,SP2KP Kemendag: Cabai Rawit Merah (Pasar Taba Penanjung)
2026-02-26,PSR01,CRW01,50000,kg,BD-SP2KP,,,,,SP2KP Kemendag: Cabai Rawit Hijau (Pasar Taba Penanjung)
2026-02-26,PSR01,BWM01,44000,kg,BD-SP2KP,,,,,SP2KP Kemendag: Bawang Merah (Pasar Taba Penanjung)
2026-02-26,PSR01,GLP01,18000,kg,BD-SP2KP,,,,,SP2KP Kemendag: Gula Pasir Curah (Pasar Taba Penanjung)
2026-02-26,PSR01,GLP02,19000,kg,BD-SP2KP,,,,,SP2KP Kemendag: Gula Pasir Kemasan (Pasar Taba Penanjung)
2026-02-26,PSR01,MGR02,21000,liter,BD-SP2KP,,,,,SP2KP Kemendag: Minyak Goreng Sawit Kemasan Premium (Pasar Taba Penanjung)
2026-02-26,PSR01,DSP01,140000,kg,BD-SP2KP,,,,,SP2KP Kemendag: Daging Sapi Paha Belakang (Pasar Taba Penanjung)
2026-02-26,PSR01,CMR02,40000,kg,BD-SP2KP,,,,,SP2KP Kemendag: Cabai Merah Keriting (Pasar Taba Penanjung)
2026-02-26,PSR01,TLR01,29300,kg,BD-SP2KP,,,,,SP2KP Kemendag: Telur Ayam Ras (Pasar Taba Penanjung)
2026-02-26,PSR01,DAY01,45000,kg,BD-SP2KP,,,,,SP2KP Kemendag: Daging Ayam Ras (Pasar Taba Penanjung)
2026-02-26,PSR01,BWP01,40000,kg,BD-SP2KP,,,,,SP2KP Kemendag: Bawang Putih Honan (Pasar Taba Penanjung)
2026-02-26,PSR01,BRS05,16500,kg,BD-SP2KP,,,,,SP2KP Kemendag: Beras Premium (Pasar Taba Penanjung)
2026-02-26,PSR01,BRS03,13750,kg,BD-SP2KP,,,,,SP2KP Kemendag: Beras Medium (Pasar Taba Penanjung)
2026-02-26,PSR01,DSP02,140000,kg,BD-SP2KP,,,,,SP2KP Kemendag: Daging Sapi Paha Depan (Pasar Taba Penanjung)
2026-02-26,PSR01,CMR01,35000,kg,BD-SP2KP,,,,,SP2KP Kemendag: Cabai Merah Besar (Pasar Taba Penanjung)
2026-02-26,PSR92,CRW02,86667,kg,BD-SP2KP,,,,,SP2KP Kemendag: Cabai Rawit Merah (Pasar Panorama)
2026-02-26,PSR92,CRW01,66667,kg,BD-SP2KP,,,,,SP2KP Kemendag: Cabai Rawit Hijau (Pasar Panorama)
2026-02-26,PSR92,BWM01,45000,kg,BD-SP2KP,,,,,SP2KP Kemendag: Bawang Merah (Pasar Panorama)
2026-02-26,PSR92,GLP01,17833,kg,BD-SP2KP,,,,,SP2KP Kemendag: Gula Pasir Curah (Pasar Panorama)
2026-02-26,PSR92,GLP02,18500,kg,BD-SP2KP,,,,,SP2KP Kemendag: Gula Pasir Kemasan (Pasar Panorama)
2026-02-26,PSR92,MGR02,22000,liter,BD-SP2KP,,,,,SP2KP Kemendag: Minyak Goreng Sawit Kemasan Premium (Pasar Panorama)
2026-02-26,PSR92,DSP01,140000,kg,BD-SP2KP,,,,,SP2KP Kemendag: Daging Sapi Paha Belakang (Pasar Panorama)
2026-02-26,PSR92,CMR02,43333,kg,BD-SP2KP,,,,,SP2KP Kemendag: Cabai Merah Keriting (Pasar Panorama)
2026-02-26,PSR92,TLR01,30400,kg,BD-SP2KP,,,,,SP2KP Kemendag: Telur Ayam Ras (Pasar Panorama)
2026-02-26,PSR92,DAY01,44333,kg,BD-SP2KP,,,,,SP2KP Kemendag: Daging Ayam Ras (Pasar Panorama)
2026-02-26,PSR92,BWP01,45000,kg,BD-SP2KP,,,,,SP2KP Kemendag: Bawang Putih Honan (Pasar Panorama)
2026-02-26,PSR92,BRS05,16250,kg,BD-SP2KP,,,,,SP2KP Kemendag: Beras Premium (Pasar Panorama)
2026-02-26,PSR92,BRS03,13725,kg,BD-SP2KP,,,,,SP2KP Kemendag: Beras Medium (Pasar Panorama)
2026-02-26,PSR92,DSP02,140000,kg,BD-SP2KP,,,,,SP2KP Kemendag: Daging Sapi Paha Depan (Pasar Panorama)
2026-02-26,PSR92,CMR01,35000,kg,BD-SP2KP,,,,,SP2KP Kemendag: Cabai Merah Besar (Pasar Panorama)
2026-02-27,PSR91,CRW02,65000,kg,BD-SP2KP,,,,,SP2KP Kemendag: Cabai Rawit Merah (Pasar Kepahiang)
2026-02-27,PSR91,CRW01,45000,kg,BD-SP2KP,,,,,SP2KP Kemendag: Cabai Rawit Hijau (Pasar Kepahiang)
2026-02-27,PSR91,BWM01,40000,kg,BD-SP2KP,,,,,SP2KP Kemendag: Bawang Merah (Pasar Kepahiang)
2026-02-27,PSR91,GLP01,18000,kg,BD-SP2KP,,,,,SP2KP Kemendag: Gula Pasir Curah (Pasar Kepahiang)
2026-02-27,PSR91,GLP02,19000,kg,BD-SP2KP,,,,,SP2KP Kemendag: Gula Pasir Kemasan (Pasar Kepahiang)
2026-02-27,PSR91,MGR02,21000,liter,BD-SP2KP,,,,,SP2KP Kemendag: Minyak Goreng Sawit Kemasan Premium (Pasar Kepahiang)
2026-02-27,PSR91,DSP01,140000,kg,BD-SP2KP,,,,,SP2KP Kemendag: Daging Sapi Paha Belakang (Pasar Kepahiang)
2026-02-27,PSR91,CMR02,35000,kg,BD-SP2KP,,,,,SP2KP Kemendag: Cabai Merah Keriting (Pasar Kepahiang)
2026-02-27,PSR91,TLR01,28800,kg,BD-SP2KP,,,,,SP2KP Kemendag: Telur Ayam Ras (Pasar Kepahiang)
2026-02-27,PSR91,DAY01,45000,kg,BD-SP2KP,,,,,SP2KP Kemendag: Daging Ayam Ras (Pasar Kepahiang)
2026-02-27,PSR91,BWP01,40000,kg,BD-SP2KP,,,,,SP2KP Kemendag: Bawang Putih Honan (Pasar Kepahiang)
2026-02-27,PSR91,BRS05,15500,kg,BD-SP2KP,,,,,SP2KP Kemendag: Beras Premium (Pasar Kepahiang)
2026-02-27,PSR91,BRS03,13750,kg,BD-SP2KP,,,,,SP2KP Kemendag: Beras Medium (Pasar Kepahiang)
2026-02-27,PSR91,DSP02,140000,kg,BD-SP2KP,,,,,SP2KP Kemendag: Daging Sapi Paha Depan (Pasar Kepahiang)
2026-02-27,PSR91,CMR01,35000,kg,BD-SP2KP,,,,,SP2KP Kemendag: Cabai Merah Besar (Pasar Kepahiang)
2026-02-27,PSR01,CRW02,70000,kg,BD-SP2KP,,,,,SP2KP Kemendag: Cabai Rawit Merah (Pasar Taba Penanjung)
2026-02-27,PSR01,CRW01,50000,kg,BD-SP2KP,,,,,SP2KP Kemendag: Cabai Rawit Hijau (Pasar Taba Penanjung)
2026-02-27,PSR01,BWM01,44000,kg,BD-SP2KP,,,,,SP2KP Kemendag: Bawang Merah (Pasar Taba Penanjung)
2026-02-27,PSR01,GLP01,18000,kg,BD-SP2KP,,,,,SP2KP Kemendag: Gula Pasir Curah (Pasar Taba Penanjung)
2026-02-27,PSR01,GLP02,19000,kg,BD-SP2KP,,,,,SP2KP Kemendag: Gula Pasir Kemasan (Pasar Taba Penanjung)
2026-02-27,PSR01,MGR02,21000,liter,BD-SP2KP,,,,,SP2KP Kemendag: Minyak Goreng Sawit Kemasan Premium (Pasar Taba Penanjung)
2026-02-27,PSR01,DSP01,140000,kg,BD-SP2KP,,,,,SP2KP Kemendag: Daging Sapi Paha Belakang (Pasar Taba Penanjung)
2026-02-27,PSR01,CMR02,40000,kg,BD-SP2KP,,,,,SP2KP Kemendag: Cabai Merah Keriting (Pasar Taba Penanjung)
2026-02-27,PSR01,TLR01,29300,kg,BD-SP2KP,,,,,SP2KP Kemendag: Telur Ayam Ras (Pasar Taba Penanjung)
2026-02-27,PSR01,DAY01,45000,kg,BD-SP2KP,,,,,SP2KP Kemendag: Daging Ayam Ras (Pasar Taba Penanjung)
2026-02-27,PSR01,BWP01,40000,kg,BD-SP2KP,,,,,SP2KP Kemendag: Bawang Putih Honan (Pasar Taba Penanjung)
2026-02-27,PSR01,BRS05,16500,kg,BD-SP2KP,,,,,SP2KP Kemendag: Beras Premium (Pasar Taba Penanjung)
2026-02-27,PSR01,BRS03,13750,kg,BD-SP2KP,,,,,SP2KP Kemendag: Beras Medium (Pasar Taba Penanjung)
2026-02-27,PSR01,DSP02,140000,kg,BD-SP2KP,,,,,SP2KP Kemendag: Daging Sapi Paha Depan (Pasar Taba Penanjung)
2026-02-27,PSR01,CMR01,35000,kg,BD-SP2KP,,,,,SP2KP Kemendag: Cabai Merah Besar (Pasar Taba Penanjung)
2026-02-27,PSR92,CRW02,73333,kg,BD-SP2KP,,,,,SP2KP Kemendag: Cabai Rawit Merah (Pasar Panorama)
2026-02-27,PSR92,CRW01,65000,kg,BD-SP2KP,,,,,SP2KP Kemendag: Cabai Rawit Hijau (Pasar Panorama)
2026-02-27,PSR92,BWM01,45000,kg,BD-SP2KP,,,,,SP2KP Kemendag: Bawang Merah (Pasar Panorama)
2026-02-27,PSR92,GLP01,17833,kg,BD-SP2KP,,,,,SP2KP Kemendag: Gula Pasir Curah (Pasar Panorama)
2026-02-27,PSR92,GLP02,18500,kg,BD-SP2KP,,,,,SP2KP Kemendag: Gula Pasir Kemasan (Pasar Panorama)
2026-02-27,PSR92,MGR02,22000,liter,BD-SP2KP,,,,,SP2KP Kemendag: Minyak Goreng Sawit Kemasan Premium (Pasar Panorama)
2026-02-27,PSR92,DSP01,140000,kg,BD-SP2KP,,,,,SP2KP Kemendag: Daging Sapi Paha Belakang (Pasar Panorama)
2026-02-27,PSR92,CMR02,40000,kg,BD-SP2KP,,,,,SP2KP Kemendag: Cabai Merah Keriting (Pasar Panorama)
2026-02-27,PSR92,TLR01,30400,kg,BD-SP2KP,,,,,SP2KP Kemendag: Telur Ayam Ras (Pasar Panorama)
2026-02-27,PSR92,DAY01,41667,kg,BD-SP2KP,,,,,SP2KP Kemendag: Daging Ayam Ras (Pasar Panorama)
2026-02-27,PSR92,BWP01,45000,kg,BD-SP2KP,,,,,SP2KP Kemendag: Bawang Putih Honan (Pasar Panorama)
2026-02-27,PSR92,BRS05,16250,kg,BD-SP2KP,,,,,SP2KP Kemendag: Beras Premium (Pasar Panorama)
2026-02-27,PSR92,BRS03,13725,kg,BD-SP2KP,,,,,SP2KP Kemendag: Beras Medium (Pasar Panorama)
2026-02-27,PSR92,DSP02,140000,kg,BD-SP2KP,,,,,SP2KP Kemendag: Daging Sapi Paha Depan (Pasar Panorama)
2026-02-27,PSR92,CMR01,35000,kg,BD-SP2KP,,,,,SP2KP Kemendag: Cabai Merah Besar (Pasar Panorama)
2026-03-02,PSR91,CRW02,60000,kg,BD-SP2KP,,,,,SP2KP Kemendag: Cabai Rawit Merah (Pasar Kepahiang)
2026-03-02,PSR91,CRW01,40000,kg,BD-SP2KP,,,,,SP2KP Kemendag: Cabai Rawit Hijau (Pasar Kepahiang)
2026-03-02,PSR91,BWM01,40000,kg,BD-SP2KP,,,,,SP2KP Kemendag: Bawang Merah (Pasar Kepahiang)
2026-03-02,PSR91,GLP01,18000,kg,BD-SP2KP,,,,,SP2KP Kemendag: Gula Pasir Curah (Pasar Kepahiang)
2026-03-02,PSR91,GLP02,19000,kg,BD-SP2KP,,,,,SP2KP Kemendag: Gula Pasir Kemasan (Pasar Kepahiang)
2026-03-02,PSR91,MGR02,21000,liter,BD-SP2KP,,,,,SP2KP Kemendag: Minyak Goreng Sawit Kemasan Premium (Pasar Kepahiang)
2026-03-02,PSR91,DSP01,140000,kg,BD-SP2KP,,,,,SP2KP Kemendag: Daging Sapi Paha Belakang (Pasar Kepahiang)
2026-03-02,PSR91,CMR02,35000,kg,BD-SP2KP,,,,,SP2KP Kemendag: Cabai Merah Keriting (Pasar Kepahiang)
2026-03-02,PSR91,TLR01,28800,kg,BD-SP2KP,,,,,SP2KP Kemendag: Telur Ayam Ras (Pasar Kepahiang)
2026-03-02,PSR91,DAY01,43000,kg,BD-SP2KP,,,,,SP2KP Kemendag: Daging Ayam Ras (Pasar Kepahiang)
2026-03-02,PSR91,BWP01,40000,kg,BD-SP2KP,,,,,SP2KP Kemendag: Bawang Putih Honan (Pasar Kepahiang)
2026-03-02,PSR91,BRS05,15500,kg,BD-SP2KP,,,,,SP2KP Kemendag: Beras Premium (Pasar Kepahiang)
2026-03-02,PSR91,BRS03,13750,kg,BD-SP2KP,,,,,SP2KP Kemendag: Beras Medium (Pasar Kepahiang)
2026-03-02,PSR91,DSP02,140000,kg,BD-SP2KP,,,,,SP2KP Kemendag: Daging Sapi Paha Depan (Pasar Kepahiang)
2026-03-02,PSR91,CMR01,30000,kg,BD-SP2KP,,,,,SP2KP Kemendag: Cabai Merah Besar (Pasar Kepahiang)
2026-03-02,PSR01,CRW02,70000,kg,BD-SP2KP,,,,,SP2KP Kemendag: Cabai Rawit Merah (Pasar Taba Penanjung)
2026-03-02,PSR01,CRW01,50000,kg,BD-SP2KP,,,,,SP2KP Kemendag: Cabai Rawit Hijau (Pasar Taba Penanjung)
2026-03-02,PSR01,BWM01,44000,kg,BD-SP2KP,,,,,SP2KP Kemendag: Bawang Merah (Pasar Taba Penanjung)
2026-03-02,PSR01,GLP01,18000,kg,BD-SP2KP,,,,,SP2KP Kemendag: Gula Pasir Curah (Pasar Taba Penanjung)
2026-03-02,PSR01,GLP02,19000,kg,BD-SP2KP,,,,,SP2KP Kemendag: Gula Pasir Kemasan (Pasar Taba Penanjung)
2026-03-02,PSR01,MGR02,21000,liter,BD-SP2KP,,,,,SP2KP Kemendag: Minyak Goreng Sawit Kemasan Premium (Pasar Taba Penanjung)
2026-03-02,PSR01,DSP01,140000,kg,BD-SP2KP,,,,,SP2KP Kemendag: Daging Sapi Paha Belakang (Pasar Taba Penanjung)
2026-03-02,PSR01,CMR02,40000,kg,BD-SP2KP,,,,,SP2KP Kemendag: Cabai Merah Keriting (Pasar Taba Penanjung)
2026-03-02,PSR01,TLR01,29300,kg,BD-SP2KP,,,,,SP2KP Kemendag: Telur Ayam Ras (Pasar Taba Penanjung)
2026-03-02,PSR01,DAY01,45000,kg,BD-SP2KP,,,,,SP2KP Kemendag: Daging Ayam Ras (Pasar Taba Penanjung)
2026-03-02,PSR01,BWP01,40000,kg,BD-SP2KP,,,,,SP2KP Kemendag: Bawang Putih Honan (Pasar Taba Penanjung)
2026-03-02,PSR01,BRS05,16500,kg,BD-SP2KP,,,,,SP2KP Kemendag: Beras Premium (Pasar Taba Penanjung)
2026-03-02,PSR01,BRS03,13750,kg,BD-SP2KP,,,,,SP2KP Kemendag: Beras Medium (Pasar Taba Penanjung)
2026-03-02,PSR01,DSP02,140000,kg,BD-SP2KP,,,,,SP2KP Kemendag: Daging Sapi Paha Depan (Pasar Taba Penanjung)
2026-03-02,PSR01,CMR01,35000,kg,BD-SP2KP,,,,,SP2KP Kemendag: Cabai Merah Besar (Pasar Taba Penanjung)
2026-03-02,PSR92,CRW02,73333,kg,BD-SP2KP,,,,,SP2KP Kemendag: Cabai Rawit Merah (Pasar Panorama)
2026-03-02,PSR92,CRW01,55000,kg,BD-SP2KP,,,,,SP2KP Kemendag: Cabai Rawit Hijau (Pasar Panorama)
2026-03-02,PSR92,BWM01,45000,kg,BD-SP2KP,,,,,SP2KP Kemendag: Bawang Merah (Pasar Panorama)
2026-03-02,PSR92,GLP01,17833,kg,BD-SP2KP,,,,,SP2KP Kemendag: Gula Pasir Curah (Pasar Panorama)
2026-03-02,PSR92,GLP02,18500,kg,BD-SP2KP,,,,,SP2KP Kemendag: Gula Pasir Kemasan (Pasar Panorama)
2026-03-02,PSR92,MGR02,22000,liter,BD-SP2KP,,,,,SP2KP Kemendag: Minyak Goreng Sawit Kemasan Premium (Pasar Panorama)
2026-03-02,PSR92,DSP01,140000,kg,BD-SP2KP,,,,,SP2KP Kemendag: Daging Sapi Paha Belakang (Pasar Panorama)
2026-03-02,PSR92,CMR02,43333,kg,BD-SP2KP,,,,,SP2KP Kemendag: Cabai Merah Keriting (Pasar Panorama)
2026-03-02,PSR92,TLR01,30400,kg,BD-SP2KP,,,,,SP2KP Kemendag: Telur Ayam Ras (Pasar Panorama)
2026-03-02,PSR92,DAY01,40667,kg,BD-SP2KP,,,,,SP2KP Kemendag: Daging Ayam Ras (Pasar Panorama)
2026-03-02,PSR92,BWP01,45000,kg,BD-SP2KP,,,,,SP2KP Kemendag: Bawang Putih Honan (Pasar Panorama)
2026-03-02,PSR92,BRS05,16000,kg,BD-SP2KP,,,,,SP2KP Kemendag: Beras Premium (Pasar Panorama)
2026-03-02,PSR92,BRS03,13725,kg,BD-SP2KP,,,,,SP2KP Kemendag: Beras Medium (Pasar Panorama)
2026-03-02,PSR92,DSP02,140000,kg,BD-SP2KP,,,,,SP2KP Kemendag: Daging Sapi Paha Depan (Pasar Panorama)
2026-03-02,PSR92,CMR01,35000,kg,BD-SP2KP,,,,,SP2KP Kemendag: Cabai Merah Besar (Pasar Panorama)
2026-03-03,PSR91,CRW02,55000,kg,BD-SP2KP,,,,,SP2KP Kemendag: Cabai Rawit Merah (Pasar Kepahiang)
2026-03-03,PSR91,CRW01,40000,kg,BD-SP2KP,,,,,SP2KP Kemendag: Cabai Rawit Hijau (Pasar Kepahiang)
2026-03-03,PSR91,BWM01,40000,kg,BD-SP2KP,,,,,SP2KP Kemendag: Bawang Merah (Pasar Kepahiang)
2026-03-03,PSR91,GLP01,18000,kg,BD-SP2KP,,,,,SP2KP Kemendag: Gula Pasir Curah (Pasar Kepahiang)
2026-03-03,PSR91,GLP02,19000,kg,BD-SP2KP,,,,,SP2KP Kemendag: Gula Pasir Kemasan (Pasar Kepahiang)
2026-03-03,PSR91,MGR02,21000,liter,BD-SP2KP,,,,,SP2KP Kemendag: Minyak Goreng Sawit Kemasan Premium (Pasar Kepahiang)
2026-03-03,PSR91,DSP01,140000,kg,BD-SP2KP,,,,,SP2KP Kemendag: Daging Sapi Paha Belakang (Pasar Kepahiang)
2026-03-03,PSR91,CMR02,30000,kg,BD-SP2KP,,,,,SP2KP Kemendag: Cabai Merah Keriting (Pasar Kepahiang)
2026-03-03,PSR91,TLR01,28800,kg,BD-SP2KP,,,,,SP2KP Kemendag: Telur Ayam Ras (Pasar Kepahiang)
2026-03-03,PSR91,DAY01,43000,kg,BD-SP2KP,,,,,SP2KP Kemendag: Daging Ayam Ras (Pasar Kepahiang)
2026-03-03,PSR91,BWP01,40000,kg,BD-SP2KP,,,,,SP2KP Kemendag: Bawang Putih Honan (Pasar Kepahiang)
2026-03-03,PSR91,BRS05,15500,kg,BD-SP2KP,,,,,SP2KP Kemendag: Beras Premium (Pasar Kepahiang)
2026-03-03,PSR91,BRS03,13750,kg,BD-SP2KP,,,,,SP2KP Kemendag: Beras Medium (Pasar Kepahiang)
2026-03-03,PSR91,DSP02,140000,kg,BD-SP2KP,,,,,SP2KP Kemendag: Daging Sapi Paha Depan (Pasar Kepahiang)
2026-03-03,PSR91,CMR01,30000,kg,BD-SP2KP,,,,,SP2KP Kemendag: Cabai Merah Besar (Pasar Kepahiang)
2026-03-03,PSR01,CRW02,70000,kg,BD-SP2KP,,,,,SP2KP Kemendag: Cabai Rawit Merah (Pasar Taba Penanjung)
2026-03-03,PSR01,CRW01,50000,kg,BD-SP2KP,,,,,SP2KP Kemendag: Cabai Rawit Hijau (Pasar Taba Penanjung)
2026-03-03,PSR01,BWM01,44000,kg,BD-SP2KP,,,,,SP2KP Kemendag: Bawang Merah (Pasar Taba Penanjung)
2026-03-03,PSR01,GLP01,18000,kg,BD-SP2KP,,,,,SP2KP Kemendag: Gula Pasir Curah (Pasar Taba Penanjung)
2026-03-03,PSR01,GLP02,19000,kg,BD-SP2KP,,,,,SP2KP Kemendag: Gula Pasir Kemasan (Pasar Taba Penanjung)
2026-03-03,PSR01,MGR02,21000,liter,BD-SP2KP,,,,,SP2KP Kemendag: Minyak Goreng Sawit Kemasan Premium (Pasar Taba Penanjung)
2026-03-03,PSR01,DSP01,140000,kg,BD-SP2KP,,,,,SP2KP Kemendag: Daging Sapi Paha Belakang (Pasar Taba Penanjung)
2026-03-03,PSR01,CMR02,40000,kg,BD-SP2KP,,,,,SP2KP Kemendag: Cabai Merah Keriting (Pasar Taba Penanjung)
2026-03-03,PSR01,TLR01,29300,kg,BD-SP2KP,,,,,SP2KP Kemendag: Telur Ayam Ras (Pasar Taba Penanjung)
2026-03-03,PSR01,DAY01,45000,kg,BD-SP2KP,,,,,SP2KP Kemendag: Daging Ayam Ras (Pasar Taba Penanjung)
2026-03-03,PSR01,BWP01,40000,kg,BD-SP2KP,,,,,SP2KP Kemendag: Bawang Putih Honan (Pasar Taba Penanjung)
2026-03-03,PSR01,BRS05,16500,kg,BD-SP2KP,,,,,SP2KP Kemendag: Beras Premium (Pasar Taba Penanjung)
2026-03-03,PSR01,BRS03,13750,kg,BD-SP2KP,,,,,SP2KP Kemendag: Beras Medium (Pasar Taba Penanjung)
2026-03-03,PSR01,DSP02,140000,kg,BD-SP2KP,,,,,SP2KP Kemendag: Daging Sapi Paha Depan (Pasar Taba Penanjung)
2026-03-03,PSR01,CMR01,35000,kg,BD-SP2KP,,,,,SP2KP Kemendag: Cabai Merah Besar (Pasar Taba Penanjung)
2026-03-03,PSR92,CRW02,73333,kg,BD-SP2KP,,,,,SP2KP Kemendag: Cabai Rawit Merah (Pasar Panorama)
2026-03-03,PSR92,CRW01,55000,kg,BD-SP2KP,,,,,SP2KP Kemendag: Cabai Rawit Hijau (Pasar Panorama)
2026-03-03,PSR92,BWM01,45000,kg,BD-SP2KP,,,,,SP2KP Kemendag: Bawang Merah (Pasar Panorama)
2026-03-03,PSR92,GLP01,17833,kg,BD-SP2KP,,,,,SP2KP Kemendag: Gula Pasir Curah (Pasar Panorama)
2026-03-03,PSR92,GLP02,18500,kg,BD-SP2KP,,,,,SP2KP Kemendag: Gula Pasir Kemasan (Pasar Panorama)
2026-03-03,PSR92,MGR02,22000,liter,BD-SP2KP,,,,,SP2KP Kemendag: Minyak Goreng Sawit Kemasan Premium (Pasar Panorama)
2026-03-03,PSR92,DSP01,140000,kg,BD-SP2KP,,,,,SP2KP Kemendag: Daging Sapi Paha Belakang (Pasar Panorama)
2026-03-03,PSR92,CMR02,43333,kg,BD-SP2KP,,,,,SP2KP Kemendag: Cabai Merah Keriting (Pasar Panorama)
2026-03-03,PSR92,TLR01,30400,kg,BD-SP2KP,,,,,SP2KP Kemendag: Telur Ayam Ras (Pasar Panorama)
2026-03-03,PSR92,DAY01,40667,kg,BD-SP2KP,,,,,SP2KP Kemendag: Daging Ayam Ras (Pasar Panorama)
2026-03-03,PSR92,BWP01,45000,kg,BD-SP2KP,,,,,SP2KP Kemendag: Bawang Putih Honan (Pasar Panorama)
2026-03-03,PSR92,BRS05,16000,kg,BD-SP2KP,,,,,SP2KP Kemendag: Beras Premium (Pasar Panorama)
2026-03-03,PSR92,BRS03,13725,kg,BD-SP2KP,,,,,SP2KP Kemendag: Beras Medium (Pasar Panorama)
2026-03-03,PSR92,DSP02,140000,kg,BD-SP2KP,,,,,SP2KP Kemendag: Daging Sapi Paha Depan (Pasar Panorama)
2026-03-03,PSR92,CMR01,35000,kg,BD-SP2KP,,,,,SP2KP Kemendag: Cabai Merah Besar (Pasar Panorama)
2026-03-04,PSR91,CRW02,55000,kg,BD-SP2KP,,,,,SP2KP Kemendag: Cabai Rawit Merah (Pasar Kepahiang)
2026-03-04,PSR91,CRW01,40000,kg,BD-SP2KP,,,,,SP2KP Kemendag: Cabai Rawit Hijau (Pasar Kepahiang)
2026-03-04,PSR91,BWM01,40000,kg,BD-SP2KP,,,,,SP2KP Kemendag: Bawang Merah (Pasar Kepahiang)
2026-03-04,PSR91,GLP01,18000,kg,BD-SP2KP,,,,,SP2KP Kemendag: Gula Pasir Curah (Pasar Kepahiang)
2026-03-04,PSR91,GLP02,19000,kg,BD-SP2KP,,,,,SP2KP Kemendag: Gula Pasir Kemasan (Pasar Kepahiang)
2026-03-04,PSR91,MGR02,21000,liter,BD-SP2KP,,,,,SP2KP Kemendag: Minyak Goreng Sawit Kemasan Premium (Pasar Kepahiang)
2026-03-04,PSR91,DSP01,140000,kg,BD-SP2KP,,,,,SP2KP Kemendag: Daging Sapi Paha Belakang (Pasar Kepahiang)
2026-03-04,PSR91,CMR02,30000,kg,BD-SP2KP,,,,,SP2KP Kemendag: Cabai Merah Keriting (Pasar Kepahiang)
2026-03-04,PSR91,TLR01,28800,kg,BD-SP2KP,,,,,SP2KP Kemendag: Telur Ayam Ras (Pasar Kepahiang)
2026-03-04,PSR91,DAY01,43000,kg,BD-SP2KP,,,,,SP2KP Kemendag: Daging Ayam Ras (Pasar Kepahiang)
2026-03-04,PSR91,BWP01,40000,kg,BD-SP2KP,,,,,SP2KP Kemendag: Bawang Putih Honan (Pasar Kepahiang)
2026-03-04,PSR91,BRS05,15500,kg,BD-SP2KP,,,,,SP2KP Kemendag: Beras Premium (Pasar Kepahiang)
2026-03-04,PSR91,BRS03,13750,kg,BD-SP2KP,,,,,SP2KP Kemendag: Beras Medium (Pasar Kepahiang)
2026-03-04,PSR91,DSP02,140000,kg,BD-SP2KP,,,,,SP2KP Kemendag: Daging Sapi Paha Depan (Pasar Kepahiang)
2026-03-04,PSR91,CMR01,30000,kg,BD-SP2KP,,,,,SP2KP Kemendag: Cabai Merah Besar (Pasar Kepahiang)
2026-03-04,PSR01,CRW02,70000,kg,BD-SP2KP,,,,,SP2KP Kemendag: Cabai Rawit Merah (Pasar Taba Penanjung)
2026-03-04,PSR01,CRW01,50000,kg,BD-SP2KP,,,,,SP2KP Kemendag: Cabai Rawit Hijau (Pasar Taba Penanjung)
2026-03-04,PSR01,BWM01,44000,kg,BD-SP2KP,,,,,SP2KP Kemendag: Bawang Merah (Pasar Taba Penanjung)
2026-03-04,PSR01,GLP01,18000,kg,BD-SP2KP,,,,,SP2KP Kemendag: Gula Pasir Curah (Pasar Taba Penanjung)
2026-03-04,PSR01,GLP02,18000,kg,BD-SP2KP,,,,,SP2KP Kemendag: Gula Pasir Kemasan (Pasar Taba Penanjung)
2026-03-04,PSR01,MGR02,21000,liter,BD-SP2KP,,,,,SP2KP Kemendag: Minyak Goreng Sawit Kemasan Premium (Pasar Taba Penanjung)
2026-03-04,PSR01,DSP01,140000,kg,BD-SP2KP,,,,,SP2KP Kemendag: Daging Sapi Paha Belakang (Pasar Taba Penanjung)
2026-03-04,PSR01,CMR02,40000,kg,BD-SP2KP,,,,,SP2KP Kemendag: Cabai Merah Keriting (Pasar Taba Penanjung)
2026-03-04,PSR01,TLR01,29300,kg,BD-SP2KP,,,,,SP2KP Kemendag: Telur Ayam Ras (Pasar Taba Penanjung)
2026-03-04,PSR01,DAY01,45000,kg,BD-SP2KP,,,,,SP2KP Kemendag: Daging Ayam Ras (Pasar Taba Penanjung)
2026-03-04,PSR01,BWP01,40000,kg,BD-SP2KP,,,,,SP2KP Kemendag: Bawang Putih Honan (Pasar Taba Penanjung)
2026-03-04,PSR01,BRS05,16000,kg,BD-SP2KP,,,,,SP2KP Kemendag: Beras Premium (Pasar Taba Penanjung)
2026-03-04,PSR01,BRS03,13750,kg,BD-SP2KP,,,,,SP2KP Kemendag: Beras Medium (Pasar Taba Penanjung)
2026-03-04,PSR01,DSP02,140000,kg,BD-SP2KP,,,,,SP2KP Kemendag: Daging Sapi Paha Depan (Pasar Taba Penanjung)
2026-03-04,PSR01,CMR01,35000,kg,BD-SP2KP,,,,,SP2KP Kemendag: Cabai Merah Besar (Pasar Taba Penanjung)
2026-03-04,PSR92,CRW02,66667,kg,BD-SP2KP,,,,,SP2KP Kemendag: Cabai Rawit Merah (Pasar Panorama)
2026-03-04,PSR92,CRW01,48333,kg,BD-SP2KP,,,,,SP2KP Kemendag: Cabai Rawit Hijau (Pasar Panorama)
2026-03-04,PSR92,BWM01,45000,kg,BD-SP2KP,,,,,SP2KP Kemendag: Bawang Merah (Pasar Panorama)
2026-03-04,PSR92,GLP01,18000,kg,BD-SP2KP,,,,,SP2KP Kemendag: Gula Pasir Curah (Pasar Panorama)
2026-03-04,PSR92,GLP02,18500,kg,BD-SP2KP,,,,,SP2KP Kemendag: Gula Pasir Kemasan (Pasar Panorama)
2026-03-04,PSR92,MGR02,22000,liter,BD-SP2KP,,,,,SP2KP Kemendag: Minyak Goreng Sawit Kemasan Premium (Pasar Panorama)
2026-03-04,PSR92,DSP01,140000,kg,BD-SP2KP,,,,,SP2KP Kemendag: Daging Sapi Paha Belakang (Pasar Panorama)
2026-03-04,PSR92,CMR02,36667,kg,BD-SP2KP,,,,,SP2KP Kemendag: Cabai Merah Keriting (Pasar Panorama)
2026-03-04,PSR92,TLR01,30400,kg,BD-SP2KP,,,,,SP2KP Kemendag: Telur Ayam Ras (Pasar Panorama)
2026-03-04,PSR92,DAY01,40667,kg,BD-SP2KP,,,,,SP2KP Kemendag: Daging Ayam Ras (Pasar Panorama)
2026-03-04,PSR92,BWP01,44333,kg,BD-SP2KP,,,,,SP2KP Kemendag: Bawang Putih Honan (Pasar Panorama)
2026-03-04,PSR92,BRS05,16000,kg,BD-SP2KP,,,,,SP2KP Kemendag: Beras Premium (Pasar Panorama)
2026-03-04,PSR92,BRS03,13725,kg,BD-SP2KP,,,,,SP2KP Kemendag: Beras Medium (Pasar Panorama)
2026-03-04,PSR92,DSP02,140000,kg,BD-SP2KP,,,,,SP2KP Kemendag: Daging Sapi Paha Depan (Pasar Panorama)
2026-03-04,PSR92,CMR01,35000,kg,BD-SP2KP,,,,,SP2KP Kemendag: Cabai Merah Besar (Pasar Panorama)
2026-03-05,PSR91,CRW02,55000,kg,BD-SP2KP,,,,,SP2KP Kemendag: Cabai Rawit Merah (Pasar Kepahiang)
2026-03-05,PSR91,CRW01,40000,kg,BD-SP2KP,,,,,SP2KP Kemendag: Cabai Rawit Hijau (Pasar Kepahiang)
2026-03-05,PSR91,BWM01,40000,kg,BD-SP2KP,,,,,SP2KP Kemendag: Bawang Merah (Pasar Kepahiang)
2026-03-05,PSR91,GLP01,18000,kg,BD-SP2KP,,,,,SP2KP Kemendag: Gula Pasir Curah (Pasar Kepahiang)
2026-03-05,PSR91,GLP02,19000,kg,BD-SP2KP,,,,,SP2KP Kemendag: Gula Pasir Kemasan (Pasar Kepahiang)
2026-03-05,PSR91,MGR02,21000,liter,BD-SP2KP,,,,,SP2KP Kemendag: Minyak Goreng Sawit Kemasan Premium (Pasar Kepahiang)
2026-03-05,PSR91,DSP01,140000,kg,BD-SP2KP,,,,,SP2KP Kemendag: Daging Sapi Paha Belakang (Pasar Kepahiang)
2026-03-05,PSR91,CMR02,30000,kg,BD-SP2KP,,,,,SP2KP Kemendag: Cabai Merah Keriting (Pasar Kepahiang)
2026-03-05,PSR91,TLR01,28800,kg,BD-SP2KP,,,,,SP2KP Kemendag: Telur Ayam Ras (Pasar Kepahiang)
2026-03-05,PSR91,DAY01,43000,kg,BD-SP2KP,,,,,SP2KP Kemendag: Daging Ayam Ras (Pasar Kepahiang)
2026-03-05,PSR91,BWP01,37000,kg,BD-SP2KP,,,,,SP2KP Kemendag: Bawang Putih Honan (Pasar Kepahiang)
2026-03-05,PSR91,BRS05,15500,kg,BD-SP2KP,,,,,SP2KP Kemendag: Beras Premium (Pasar Kepahiang)
2026-03-05,PSR91,BRS03,13750,kg,BD-SP2KP,,,,,SP2KP Kemendag: Beras Medium (Pasar Kepahiang)
2026-03-05,PSR91,DSP02,140000,kg,BD-SP2KP,,,,,SP2KP Kemendag: Daging Sapi Paha Depan (Pasar Kepahiang)
2026-03-05,PSR91,CMR01,30000,kg,BD-SP2KP,,,,,SP2KP Kemendag: Cabai Merah Besar (Pasar Kepahiang)
2026-03-05,PSR01,CRW02,70000,kg,BD-SP2KP,,,,,SP2KP Kemendag: Cabai Rawit Merah (Pasar Taba Penanjung)
2026-03-05,PSR01,CRW01,50000,kg,BD-SP2KP,,,,,SP2KP Kemendag: Cabai Rawit Hijau (Pasar Taba Penanjung)
2026-03-05,PSR01,BWM01,44000,kg,BD-SP2KP,,,,,SP2KP Kemendag: Bawang Merah (Pasar Taba Penanjung)
2026-03-05,PSR01,GLP01,18000,kg,BD-SP2KP,,,,,SP2KP Kemendag: Gula Pasir Curah (Pasar Taba Penanjung)
2026-03-05,PSR01,GLP02,18000,kg,BD-SP2KP,,,,,SP2KP Kemendag: Gula Pasir Kemasan (Pasar Taba Penanjung)
2026-03-05,PSR01,MGR02,21000,liter,BD-SP2KP,,,,,SP2KP Kemendag: Minyak Goreng Sawit Kemasan Premium (Pasar Taba Penanjung)
2026-03-05,PSR01,DSP01,140000,kg,BD-SP2KP,,,,,SP2KP Kemendag: Daging Sapi Paha Belakang (Pasar Taba Penanjung)
2026-03-05,PSR01,CMR02,40000,kg,BD-SP2KP,,,,,SP2KP Kemendag: Cabai Merah Keriting (Pasar Taba Penanjung)
2026-03-05,PSR01,TLR01,29300,kg,BD-SP2KP,,,,,SP2KP Kemendag: Telur Ayam Ras (Pasar Taba Penanjung)
2026-03-05,PSR01,DAY01,45000,kg,BD-SP2KP,,,,,SP2KP Kemendag: Daging Ayam Ras (Pasar Taba Penanjung)
2026-03-05,PSR01,BWP01,40000,kg,BD-SP2KP,,,,,SP2KP Kemendag: Bawang Putih Honan (Pasar Taba Penanjung)
2026-03-05,PSR01,BRS05,16000,kg,BD-SP2KP,,,,,SP2KP Kemendag: Beras Premium (Pasar Taba Penanjung)
2026-03-05,PSR01,BRS03,13750,kg,BD-SP2KP,,,,,SP2KP Kemendag: Beras Medium (Pasar Taba Penanjung)
2026-03-05,PSR01,DSP02,140000,kg,BD-SP2KP,,,,,SP2KP Kemendag: Daging Sapi Paha Depan (Pasar Taba Penanjung)
2026-03-05,PSR01,CMR01,35000,kg,BD-SP2KP,,,,,SP2KP Kemendag: Cabai Merah Besar (Pasar Taba Penanjung)
2026-03-05,PSR92,CRW02,66667,kg,BD-SP2KP,,,,,SP2KP Kemendag: Cabai Rawit Merah (Pasar Panorama)
2026-03-05,PSR92,CRW01,48333,kg,BD-SP2KP,,,,,SP2KP Kemendag: Cabai Rawit Hijau (Pasar Panorama)
2026-03-05,PSR92,BWM01,45000,kg,BD-SP2KP,,,,,SP2KP Kemendag: Bawang Merah (Pasar Panorama)
2026-03-05,PSR92,GLP01,18000,kg,BD-SP2KP,,,,,SP2KP Kemendag: Gula Pasir Curah (Pasar Panorama)
2026-03-05,PSR92,GLP02,18500,kg,BD-SP2KP,,,,,SP2KP Kemendag: Gula Pasir Kemasan (Pasar Panorama)
2026-03-05,PSR92,MGR02,22000,liter,BD-SP2KP,,,,,SP2KP Kemendag: Minyak Goreng Sawit Kemasan Premium (Pasar Panorama)
2026-03-05,PSR92,DSP01,140000,kg,BD-SP2KP,,,,,SP2KP Kemendag: Daging Sapi Paha Belakang (Pasar Panorama)
2026-03-05,PSR92,CMR02,36667,kg,BD-SP2KP,,,,,SP2KP Kemendag: Cabai Merah Keriting (Pasar Panorama)
2026-03-05,PSR92,TLR01,30400,kg,BD-SP2KP,,,,,SP2KP Kemendag: Telur Ayam Ras (Pasar Panorama)
2026-03-05,PSR92,DAY01,40667,kg,BD-SP2KP,,,,,SP2KP Kemendag: Daging Ayam Ras (Pasar Panorama)
2026-03-05,PSR92,BWP01,44333,kg,BD-SP2KP,,,,,SP2KP Kemendag: Bawang Putih Honan (Pasar Panorama)
2026-03-05,PSR92,BRS05,16000,kg,BD-SP2KP,,,,,SP2KP Kemendag: Beras Premium (Pasar Panorama)
2026-03-05,PSR92,BRS03,13725,kg,BD-SP2KP,,,,,SP2KP Kemendag: Beras Medium (Pasar Panorama)
2026-03-05,PSR92,DSP02,140000,kg,BD-SP2KP,,,,,SP2KP Kemendag: Daging Sapi Paha Depan (Pasar Panorama)
2026-03-05,PSR92,CMR01,35000,kg,BD-SP2KP,,,,,SP2KP Kemendag: Cabai Merah Besar (Pasar Panorama)
2026-03-06,PSR91,CRW02,55000,kg,BD-SP2KP,,,,,SP2KP Kemendag: Cabai Rawit Merah (Pasar Kepahiang)
2026-03-06,PSR91,CRW01,40000,kg,BD-SP2KP,,,,,SP2KP Kemendag: Cabai Rawit Hijau (Pasar Kepahiang)
2026-03-06,PSR91,BWM01,40000,kg,BD-SP2KP,,,,,SP2KP Kemendag: Bawang Merah (Pasar Kepahiang)
2026-03-06,PSR91,GLP01,18000,kg,BD-SP2KP,,,,,SP2KP Kemendag: Gula Pasir Curah (Pasar Kepahiang)
2026-03-06,PSR91,GLP02,19000,kg,BD-SP2KP,,,,,SP2KP Kemendag: Gula Pasir Kemasan (Pasar Kepahiang)
2026-03-06,PSR91,MGR02,21000,liter,BD-SP2KP,,,,,SP2KP Kemendag: Minyak Goreng Sawit Kemasan Premium (Pasar Kepahiang)
2026-03-06,PSR91,DSP01,140000,kg,BD-SP2KP,,,,,SP2KP Kemendag: Daging Sapi Paha Belakang (Pasar Kepahiang)
2026-03-06,PSR91,CMR02,30000,kg,BD-SP2KP,,,,,SP2KP Kemendag: Cabai Merah Keriting (Pasar Kepahiang)
2026-03-06,PSR91,TLR01,28800,kg,BD-SP2KP,,,,,SP2KP Kemendag: Telur Ayam Ras (Pasar Kepahiang)
2026-03-06,PSR91,DAY01,43000,kg,BD-SP2KP,,,,,SP2KP Kemendag: Daging Ayam Ras (Pasar Kepahiang)
2026-03-06,PSR91,BWP01,37000,kg,BD-SP2KP,,,,,SP2KP Kemendag: Bawang Putih Honan (Pasar Kepahiang)
2026-03-06,PSR91,BRS05,15500,kg,BD-SP2KP,,,,,SP2KP Kemendag: Beras Premium (Pasar Kepahiang)
2026-03-06,PSR91,BRS03,13750,kg,BD-SP2KP,,,,,SP2KP Kemendag: Beras Medium (Pasar Kepahiang)
2026-03-06,PSR91,DSP02,140000,kg,BD-SP2KP,,,,,SP2KP Kemendag: Daging Sapi Paha Depan (Pasar Kepahiang)
2026-03-06,PSR91,CMR01,30000,kg,BD-SP2KP,,,,,SP2KP Kemendag: Cabai Merah Besar (Pasar Kepahiang)
2026-03-06,PSR01,CRW02,65000,kg,BD-SP2KP,,,,,SP2KP Kemendag: Cabai Rawit Merah (Pasar Taba Penanjung)
2026-03-06,PSR01,CRW01,50000,kg,BD-SP2KP,,,,,SP2KP Kemendag: Cabai Rawit Hijau (Pasar Taba Penanjung)
2026-03-06,PSR01,BWM01,39000,kg,BD-SP2KP,,,,,SP2KP Kemendag: Bawang Merah (Pasar Taba Penanjung)
2026-03-06,PSR01,GLP01,18000,kg,BD-SP2KP,,,,,SP2KP Kemendag: Gula Pasir Curah (Pasar Taba Penanjung)
2026-03-06,PSR01,GLP02,18000,kg,BD-SP2KP,,,,,SP2KP Kemendag: Gula Pasir Kemasan (Pasar Taba Penanjung)
2026-03-06,PSR01,MGR02,21000,liter,BD-SP2KP,,,,,SP2KP Kemendag: Minyak Goreng Sawit Kemasan Premium (Pasar Taba Penanjung)
2026-03-06,PSR01,DSP01,140000,kg,BD-SP2KP,,,,,SP2KP Kemendag: Daging Sapi Paha Belakang (Pasar Taba Penanjung)
2026-03-06,PSR01,CMR02,35000,kg,BD-SP2KP,,,,,SP2KP Kemendag: Cabai Merah Keriting (Pasar Taba Penanjung)
2026-03-06,PSR01,TLR01,28800,kg,BD-SP2KP,,,,,SP2KP Kemendag: Telur Ayam Ras (Pasar Taba Penanjung)
2026-03-06,PSR01,DAY01,40000,kg,BD-SP2KP,,,,,SP2KP Kemendag: Daging Ayam Ras (Pasar Taba Penanjung)
2026-03-06,PSR01,BWP01,35000,kg,BD-SP2KP,,,,,SP2KP Kemendag: Bawang Putih Honan (Pasar Taba Penanjung)
2026-03-06,PSR01,BRS05,16000,kg,BD-SP2KP,,,,,SP2KP Kemendag: Beras Premium (Pasar Taba Penanjung)
2026-03-06,PSR01,BRS03,13750,kg,BD-SP2KP,,,,,SP2KP Kemendag: Beras Medium (Pasar Taba Penanjung)
2026-03-06,PSR01,DSP02,140000,kg,BD-SP2KP,,,,,SP2KP Kemendag: Daging Sapi Paha Depan (Pasar Taba Penanjung)
2026-03-06,PSR01,CMR01,30000,kg,BD-SP2KP,,,,,SP2KP Kemendag: Cabai Merah Besar (Pasar Taba Penanjung)
2026-03-06,PSR92,CRW02,66667,kg,BD-SP2KP,,,,,SP2KP Kemendag: Cabai Rawit Merah (Pasar Panorama)
2026-03-06,PSR92,CRW01,48333,kg,BD-SP2KP,,,,,SP2KP Kemendag: Cabai Rawit Hijau (Pasar Panorama)
2026-03-06,PSR92,BWM01,45000,kg,BD-SP2KP,,,,,SP2KP Kemendag: Bawang Merah (Pasar Panorama)
2026-03-06,PSR92,GLP01,18000,kg,BD-SP2KP,,,,,SP2KP Kemendag: Gula Pasir Curah (Pasar Panorama)
2026-03-06,PSR92,GLP02,18500,kg,BD-SP2KP,,,,,SP2KP Kemendag: Gula Pasir Kemasan (Pasar Panorama)
2026-03-06,PSR92,MGR02,22000,liter,BD-SP2KP,,,,,SP2KP Kemendag: Minyak Goreng Sawit Kemasan Premium (Pasar Panorama)
2026-03-06,PSR92,DSP01,140000,kg,BD-SP2KP,,,,,SP2KP Kemendag: Daging Sapi Paha Belakang (Pasar Panorama)
2026-03-06,PSR92,CMR02,40000,kg,BD-SP2KP,,,,,SP2KP Kemendag: Cabai Merah Keriting (Pasar Panorama)
2026-03-06,PSR92,TLR01,30400,kg,BD-SP2KP,,,,,SP2KP Kemendag: Telur Ayam Ras (Pasar Panorama)
2026-03-06,PSR92,DAY01,40667,kg,BD-SP2KP,,,,,SP2KP Kemendag: Daging Ayam Ras (Pasar Panorama)
2026-03-06,PSR92,BWP01,44333,kg,BD-SP2KP,,,,,SP2KP Kemendag: Bawang Putih Honan (Pasar Panorama)
2026-03-06,PSR92,BRS05,16000,kg,BD-SP2KP,,,,,SP2KP Kemendag: Beras Premium (Pasar Panorama)
2026-03-06,PSR92,BRS03,13725,kg,BD-SP2KP,,,,,SP2KP Kemendag: Beras Medium (Pasar Panorama)
2026-03-06,PSR92,DSP02,140000,kg,BD-SP2KP,,,,,SP2KP Kemendag: Daging Sapi Paha Depan (Pasar Panorama)
2026-03-06,PSR92,CMR01,35000,kg,BD-SP2KP,,,,,SP2KP Kemendag: Cabai Merah Besar (Pasar Panorama)
2026-03-09,PSR91,CRW02,65000,kg,BD-SP2KP,,,,,SP2KP Kemendag: Cabai Rawit Merah (Pasar Kepahiang)
2026-03-09,PSR91,CRW01,40000,kg,BD-SP2KP,,,,,SP2KP Kemendag: Cabai Rawit Hijau (Pasar Kepahiang)
2026-03-09,PSR91,BWM01,40000,kg,BD-SP2KP,,,,,SP2KP Kemendag: Bawang Merah (Pasar Kepahiang)
2026-03-09,PSR91,GLP01,18000,kg,BD-SP2KP,,,,,SP2KP Kemendag: Gula Pasir Curah (Pasar Kepahiang)
2026-03-09,PSR91,GLP02,19000,kg,BD-SP2KP,,,,,SP2KP Kemendag: Gula Pasir Kemasan (Pasar Kepahiang)
2026-03-09,PSR91,MGR02,21000,liter,BD-SP2KP,,,,,SP2KP Kemendag: Minyak Goreng Sawit Kemasan Premium (Pasar Kepahiang)
2026-03-09,PSR91,DSP01,140000,kg,BD-SP2KP,,,,,SP2KP Kemendag: Daging Sapi Paha Belakang (Pasar Kepahiang)
2026-03-09,PSR91,CMR02,30000,kg,BD-SP2KP,,,,,SP2KP Kemendag: Cabai Merah Keriting (Pasar Kepahiang)
2026-03-09,PSR91,TLR01,28800,kg,BD-SP2KP,,,,,SP2KP Kemendag: Telur Ayam Ras (Pasar Kepahiang)
2026-03-09,PSR91,DAY01,43000,kg,BD-SP2KP,,,,,SP2KP Kemendag: Daging Ayam Ras (Pasar Kepahiang)
2026-03-09,PSR91,BWP01,37000,kg,BD-SP2KP,,,,,SP2KP Kemendag: Bawang Putih Honan (Pasar Kepahiang)
2026-03-09,PSR91,BRS05,15500,kg,BD-SP2KP,,,,,SP2KP Kemendag: Beras Premium (Pasar Kepahiang)
2026-03-09,PSR91,BRS03,13750,kg,BD-SP2KP,,,,,SP2KP Kemendag: Beras Medium (Pasar Kepahiang)
2026-03-09,PSR91,DSP02,140000,kg,BD-SP2KP,,,,,SP2KP Kemendag: Daging Sapi Paha Depan (Pasar Kepahiang)
2026-03-09,PSR91,CMR01,30000,kg,BD-SP2KP,,,,,SP2KP Kemendag: Cabai Merah Besar (Pasar Kepahiang)
2026-03-09,PSR01,CRW02,65000,kg,BD-SP2KP,,,,,SP2KP Kemendag: Cabai Rawit Merah (Pasar Taba Penanjung)
2026-03-09,PSR01,CRW01,50000,kg,BD-SP2KP,,,,,SP2KP Kemendag: Cabai Rawit Hijau (Pasar Taba Penanjung)
2026-03-09,PSR01,BWM01,39000,kg,BD-SP2KP,,,,,SP2KP Kemendag: Bawang Merah (Pasar Taba Penanjung)
2026-03-09,PSR01,GLP01,18000,kg,BD-SP2KP,,,,,SP2KP Kemendag: Gula Pasir Curah (Pasar Taba Penanjung)
2026-03-09,PSR01,GLP02,18000,kg,BD-SP2KP,,,,,SP2KP Kemendag: Gula Pasir Kemasan (Pasar Taba Penanjung)
2026-03-09,PSR01,MGR02,21000,liter,BD-SP2KP,,,,,SP2KP Kemendag: Minyak Goreng Sawit Kemasan Premium (Pasar Taba Penanjung)
2026-03-09,PSR01,DSP01,140000,kg,BD-SP2KP,,,,,SP2KP Kemendag: Daging Sapi Paha Belakang (Pasar Taba Penanjung)
2026-03-09,PSR01,CMR02,35000,kg,BD-SP2KP,,,,,SP2KP Kemendag: Cabai Merah Keriting (Pasar Taba Penanjung)
2026-03-09,PSR01,TLR01,28800,kg,BD-SP2KP,,,,,SP2KP Kemendag: Telur Ayam Ras (Pasar Taba Penanjung)
2026-03-09,PSR01,DAY01,40000,kg,BD-SP2KP,,,,,SP2KP Kemendag: Daging Ayam Ras (Pasar Taba Penanjung)
2026-03-09,PSR01,BWP01,35000,kg,BD-SP2KP,,,,,SP2KP Kemendag: Bawang Putih Honan (Pasar Taba Penanjung)
2026-03-09,PSR01,BRS05,16000,kg,BD-SP2KP,,,,,SP2KP Kemendag: Beras Premium (Pasar Taba Penanjung)
2026-03-09,PSR01,BRS03,13750,kg,BD-SP2KP,,,,,SP2KP Kemendag: Beras Medium (Pasar Taba Penanjung)
2026-03-09,PSR01,DSP02,140000,kg,BD-SP2KP,,,,,SP2KP Kemendag: Daging Sapi Paha Depan (Pasar Taba Penanjung)
2026-03-09,PSR01,CMR01,30000,kg,BD-SP2KP,,,,,SP2KP Kemendag: Cabai Merah Besar (Pasar Taba Penanjung)
2026-03-09,PSR92,CRW02,85000,kg,BD-SP2KP,,,,,SP2KP Kemendag: Cabai Rawit Merah (Pasar Panorama)
2026-03-09,PSR92,CRW01,61667,kg,BD-SP2KP,,,,,SP2KP Kemendag: Cabai Rawit Hijau (Pasar Panorama)
2026-03-09,PSR92,BWM01,45000,kg,BD-SP2KP,,,,,SP2KP Kemendag: Bawang Merah (Pasar Panorama)
2026-03-09,PSR92,GLP01,18167,kg,BD-SP2KP,,,,,SP2KP Kemendag: Gula Pasir Curah (Pasar Panorama)
2026-03-09,PSR92,GLP02,18667,kg,BD-SP2KP,,,,,SP2KP Kemendag: Gula Pasir Kemasan (Pasar Panorama)
2026-03-09,PSR92,MGR02,22000,liter,BD-SP2KP,,,,,SP2KP Kemendag: Minyak Goreng Sawit Kemasan Premium (Pasar Panorama)
2026-03-09,PSR92,DSP01,140000,kg,BD-SP2KP,,,,,SP2KP Kemendag: Daging Sapi Paha Belakang (Pasar Panorama)
2026-03-09,PSR92,CMR02,36667,kg,BD-SP2KP,,,,,SP2KP Kemendag: Cabai Merah Keriting (Pasar Panorama)
2026-03-09,PSR92,TLR01,30400,kg,BD-SP2KP,,,,,SP2KP Kemendag: Telur Ayam Ras (Pasar Panorama)
2026-03-09,PSR92,DAY01,43000,kg,BD-SP2KP,,,,,SP2KP Kemendag: Daging Ayam Ras (Pasar Panorama)
2026-03-09,PSR92,BWP01,44333,kg,BD-SP2KP,,,,,SP2KP Kemendag: Bawang Putih Honan (Pasar Panorama)
2026-03-09,PSR92,BRS05,16000,kg,BD-SP2KP,,,,,SP2KP Kemendag: Beras Premium (Pasar Panorama)
2026-03-09,PSR92,BRS03,13725,kg,BD-SP2KP,,,,,SP2KP Kemendag: Beras Medium (Pasar Panorama)
2026-03-09,PSR92,DSP02,140000,kg,BD-SP2KP,,,,,SP2KP Kemendag: Daging Sapi Paha Depan (Pasar Panorama)
2026-03-09,PSR92,CMR01,35000,kg,BD-SP2KP,,,,,SP2KP Kemendag: Cabai Merah Besar (Pasar Panorama)
2026-03-10,PSR91,CRW02,65000,kg,BD-SP2KP,,,,,SP2KP Kemendag: Cabai Rawit Merah (Pasar Kepahiang)
2026-03-10,PSR91,CRW01,40000,kg,BD-SP2KP,,,,,SP2KP Kemendag: Cabai Rawit Hijau (Pasar Kepahiang)
2026-03-10,PSR91,BWM01,40000,kg,BD-SP2KP,,,,,SP2KP Kemendag: Bawang Merah (Pasar Kepahiang)
2026-03-10,PSR91,GLP01,18000,kg,BD-SP2KP,,,,,SP2KP Kemendag: Gula Pasir Curah (Pasar Kepahiang)
2026-03-10,PSR91,GLP02,19000,kg,BD-SP2KP,,,,,SP2KP Kemendag: Gula Pasir Kemasan (Pasar Kepahiang)
2026-03-10,PSR91,MGR02,21000,liter,BD-SP2KP,,,,,SP2KP Kemendag: Minyak Goreng Sawit Kemasan Premium (Pasar Kepahiang)
2026-03-10,PSR91,DSP01,140000,kg,BD-SP2KP,,,,,SP2KP Kemendag: Daging Sapi Paha Belakang (Pasar Kepahiang)
2026-03-10,PSR91,CMR02,30000,kg,BD-SP2KP,,,,,SP2KP Kemendag: Cabai Merah Keriting (Pasar Kepahiang)
2026-03-10,PSR91,TLR01,28800,kg,BD-SP2KP,,,,,SP2KP Kemendag: Telur Ayam Ras (Pasar Kepahiang)
2026-03-10,PSR91,DAY01,43000,kg,BD-SP2KP,,,,,SP2KP Kemendag: Daging Ayam Ras (Pasar Kepahiang)
2026-03-10,PSR91,BWP01,37000,kg,BD-SP2KP,,,,,SP2KP Kemendag: Bawang Putih Honan (Pasar Kepahiang)
2026-03-10,PSR91,BRS05,15500,kg,BD-SP2KP,,,,,SP2KP Kemendag: Beras Premium (Pasar Kepahiang)
2026-03-10,PSR91,BRS03,13750,kg,BD-SP2KP,,,,,SP2KP Kemendag: Beras Medium (Pasar Kepahiang)
2026-03-10,PSR91,DSP02,140000,kg,BD-SP2KP,,,,,SP2KP Kemendag: Daging Sapi Paha Depan (Pasar Kepahiang)
2026-03-10,PSR91,CMR01,30000,kg,BD-SP2KP,,,,,SP2KP Kemendag: Cabai Merah Besar (Pasar Kepahiang)
2026-03-10,PSR01,CRW02,65000,kg,BD-SP2KP,,,,,SP2KP Kemendag: Cabai Rawit Merah (Pasar Taba Penanjung)
2026-03-10,PSR01,CRW01,50000,kg,BD-SP2KP,,,,,SP2KP Kemendag: Cabai Rawit Hijau (Pasar Taba Penanjung)
2026-03-10,PSR01,BWM01,39000,kg,BD-SP2KP,,,,,SP2KP Kemendag: Bawang Merah (Pasar Taba Penanjung)
2026-03-10,PSR01,GLP01,18000,kg,BD-SP2KP,,,,,SP2KP Kemendag: Gula Pasir Curah (Pasar Taba Penanjung)
2026-03-10,PSR01,GLP02,18000,kg,BD-SP2KP,,,,,SP2KP Kemendag: Gula Pasir Kemasan (Pasar Taba Penanjung)
2026-03-10,PSR01,MGR02,21000,liter,BD-SP2KP,,,,,SP2KP Kemendag: Minyak Goreng Sawit Kemasan Premium (Pasar Taba Penanjung)
2026-03-10,PSR01,DSP01,140000,kg,BD-SP2KP,,,,,SP2KP Kemendag: Daging Sapi Paha Belakang (Pasar Taba Penanjung)
2026-03-10,PSR01,CMR02,35000,kg,BD-SP2KP,,,,,SP2KP Kemendag: Cabai Merah Keriting (Pasar Taba Penanjung)
2026-03-10,PSR01,TLR01,28800,kg,BD-SP2KP,,,,,SP2KP Kemendag: Telur Ayam Ras (Pasar Taba Penanjung)
2026-03-10,PSR01,DAY01,40000,kg,BD-SP2KP,,,,,SP2KP Kemendag: Daging Ayam Ras (Pasar Taba Penanjung)
2026-03-10,PSR01,BWP01,35000,kg,BD-SP2KP,,,,,SP2KP Kemendag: Bawang Putih Honan (Pasar Taba Penanjung)
2026-03-10,PSR01,BRS05,16000,kg,BD-SP2KP,,,,,SP2KP Kemendag: Beras Premium (Pasar Taba Penanjung)
2026-03-10,PSR01,BRS03,13750,kg,BD-SP2KP,,,,,SP2KP Kemendag: Beras Medium (Pasar Taba Penanjung)
2026-03-10,PSR01,DSP02,140000,kg,BD-SP2KP,,,,,SP2KP Kemendag: Daging Sapi Paha Depan (Pasar Taba Penanjung)
2026-03-10,PSR01,CMR01,30000,kg,BD-SP2KP,,,,,SP2KP Kemendag: Cabai Merah Besar (Pasar Taba Penanjung)
2026-03-10,PSR92,CRW02,85000,kg,BD-SP2KP,,,,,SP2KP Kemendag: Cabai Rawit Merah (Pasar Panorama)
2026-03-10,PSR92,CRW01,61667,kg,BD-SP2KP,,,,,SP2KP Kemendag: Cabai Rawit Hijau (Pasar Panorama)
2026-03-10,PSR92,BWM01,45000,kg,BD-SP2KP,,,,,SP2KP Kemendag: Bawang Merah (Pasar Panorama)
2026-03-10,PSR92,GLP01,18167,kg,BD-SP2KP,,,,,SP2KP Kemendag: Gula Pasir Curah (Pasar Panorama)
2026-03-10,PSR92,GLP02,19000,kg,BD-SP2KP,,,,,SP2KP Kemendag: Gula Pasir Kemasan (Pasar Panorama)
2026-03-10,PSR92,MGR02,22000,liter,BD-SP2KP,,,,,SP2KP Kemendag: Minyak Goreng Sawit Kemasan Premium (Pasar Panorama)
2026-03-10,PSR92,DSP01,140000,kg,BD-SP2KP,,,,,SP2KP Kemendag: Daging Sapi Paha Belakang (Pasar Panorama)
2026-03-10,PSR92,CMR02,36667,kg,BD-SP2KP,,,,,SP2KP Kemendag: Cabai Merah Keriting (Pasar Panorama)
2026-03-10,PSR92,TLR01,30400,kg,BD-SP2KP,,,,,SP2KP Kemendag: Telur Ayam Ras (Pasar Panorama)
2026-03-10,PSR92,DAY01,43000,kg,BD-SP2KP,,,,,SP2KP Kemendag: Daging Ayam Ras (Pasar Panorama)
2026-03-10,PSR92,BWP01,44333,kg,BD-SP2KP,,,,,SP2KP Kemendag: Bawang Putih Honan (Pasar Panorama)
2026-03-10,PSR92,BRS05,16000,kg,BD-SP2KP,,,,,SP2KP Kemendag: Beras Premium (Pasar Panorama)
2026-03-10,PSR92,BRS03,13725,kg,BD-SP2KP,,,,,SP2KP Kemendag: Beras Medium (Pasar Panorama)
2026-03-10,PSR92,DSP02,140000,kg,BD-SP2KP,,,,,SP2KP Kemendag: Daging Sapi Paha Depan (Pasar Panorama)
2026-03-10,PSR92,CMR01,35000,kg,BD-SP2KP,,,,,SP2KP Kemendag: Cabai Merah Besar (Pasar Panorama)
2026-03-11,PSR91,CRW02,65000,kg,BD-SP2KP,,,,,SP2KP Kemendag: Cabai Rawit Merah (Pasar Kepahiang)
2026-03-11,PSR91,CRW01,40000,kg,BD-SP2KP,,,,,SP2KP Kemendag: Cabai Rawit Hijau (Pasar Kepahiang)
2026-03-11,PSR91,BWM01,40000,kg,BD-SP2KP,,,,,SP2KP Kemendag: Bawang Merah (Pasar Kepahiang)
2026-03-11,PSR91,GLP01,18000,kg,BD-SP2KP,,,,,SP2KP Kemendag: Gula Pasir Curah (Pasar Kepahiang)
2026-03-11,PSR91,GLP02,19000,kg,BD-SP2KP,,,,,SP2KP Kemendag: Gula Pasir Kemasan (Pasar Kepahiang)
2026-03-11,PSR91,MGR02,21000,liter,BD-SP2KP,,,,,SP2KP Kemendag: Minyak Goreng Sawit Kemasan Premium (Pasar Kepahiang)
2026-03-11,PSR91,DSP01,140000,kg,BD-SP2KP,,,,,SP2KP Kemendag: Daging Sapi Paha Belakang (Pasar Kepahiang)
2026-03-11,PSR91,CMR02,30000,kg,BD-SP2KP,,,,,SP2KP Kemendag: Cabai Merah Keriting (Pasar Kepahiang)
2026-03-11,PSR91,TLR01,28800,kg,BD-SP2KP,,,,,SP2KP Kemendag: Telur Ayam Ras (Pasar Kepahiang)
2026-03-11,PSR91,DAY01,43000,kg,BD-SP2KP,,,,,SP2KP Kemendag: Daging Ayam Ras (Pasar Kepahiang)
2026-03-11,PSR91,BWP01,37000,kg,BD-SP2KP,,,,,SP2KP Kemendag: Bawang Putih Honan (Pasar Kepahiang)
2026-03-11,PSR91,BRS05,15500,kg,BD-SP2KP,,,,,SP2KP Kemendag: Beras Premium (Pasar Kepahiang)
2026-03-11,PSR91,BRS03,13750,kg,BD-SP2KP,,,,,SP2KP Kemendag: Beras Medium (Pasar Kepahiang)
2026-03-11,PSR91,DSP02,140000,kg,BD-SP2KP,,,,,SP2KP Kemendag: Daging Sapi Paha Depan (Pasar Kepahiang)
2026-03-11,PSR91,CMR01,30000,kg,BD-SP2KP,,,,,SP2KP Kemendag: Cabai Merah Besar (Pasar Kepahiang)
2026-03-11,PSR01,CRW02,65000,kg,BD-SP2KP,,,,,SP2KP Kemendag: Cabai Rawit Merah (Pasar Taba Penanjung)
2026-03-11,PSR01,CRW01,50000,kg,BD-SP2KP,,,,,SP2KP Kemendag: Cabai Rawit Hijau (Pasar Taba Penanjung)
2026-03-11,PSR01,BWM01,39000,kg,BD-SP2KP,,,,,SP2KP Kemendag: Bawang Merah (Pasar Taba Penanjung)
2026-03-11,PSR01,GLP01,18000,kg,BD-SP2KP,,,,,SP2KP Kemendag: Gula Pasir Curah (Pasar Taba Penanjung)
2026-03-11,PSR01,GLP02,18000,kg,BD-SP2KP,,,,,SP2KP Kemendag: Gula Pasir Kemasan (Pasar Taba Penanjung)
2026-03-11,PSR01,MGR02,21000,liter,BD-SP2KP,,,,,SP2KP Kemendag: Minyak Goreng Sawit Kemasan Premium (Pasar Taba Penanjung)
2026-03-11,PSR01,DSP01,140000,kg,BD-SP2KP,,,,,SP2KP Kemendag: Daging Sapi Paha Belakang (Pasar Taba Penanjung)
2026-03-11,PSR01,CMR02,35000,kg,BD-SP2KP,,,,,SP2KP Kemendag: Cabai Merah Keriting (Pasar Taba Penanjung)
2026-03-11,PSR01,TLR01,28800,kg,BD-SP2KP,,,,,SP2KP Kemendag: Telur Ayam Ras (Pasar Taba Penanjung)
2026-03-11,PSR01,DAY01,40000,kg,BD-SP2KP,,,,,SP2KP Kemendag: Daging Ayam Ras (Pasar Taba Penanjung)
2026-03-11,PSR01,BWP01,35000,kg,BD-SP2KP,,,,,SP2KP Kemendag: Bawang Putih Honan (Pasar Taba Penanjung)
2026-03-11,PSR01,BRS05,16000,kg,BD-SP2KP,,,,,SP2KP Kemendag: Beras Premium (Pasar Taba Penanjung)
2026-03-11,PSR01,BRS03,13750,kg,BD-SP2KP,,,,,SP2KP Kemendag: Beras Medium (Pasar Taba Penanjung)
2026-03-11,PSR01,DSP02,140000,kg,BD-SP2KP,,,,,SP2KP Kemendag: Daging Sapi Paha Depan (Pasar Taba Penanjung)
2026-03-11,PSR01,CMR01,30000,kg,BD-SP2KP,,,,,SP2KP Kemendag: Cabai Merah Besar (Pasar Taba Penanjung)
2026-03-11,PSR92,CRW02,85000,kg,BD-SP2KP,,,,,SP2KP Kemendag: Cabai Rawit Merah (Pasar Panorama)
2026-03-11,PSR92,CRW01,61667,kg,BD-SP2KP,,,,,SP2KP Kemendag: Cabai Rawit Hijau (Pasar Panorama)
2026-03-11,PSR92,BWM01,45000,kg,BD-SP2KP,,,,,SP2KP Kemendag: Bawang Merah (Pasar Panorama)
2026-03-11,PSR92,GLP01,18667,kg,BD-SP2KP,,,,,SP2KP Kemendag: Gula Pasir Curah (Pasar Panorama)
2026-03-11,PSR92,GLP02,19167,kg,BD-SP2KP,,,,,SP2KP Kemendag: Gula Pasir Kemasan (Pasar Panorama)
2026-03-11,PSR92,MGR02,22000,liter,BD-SP2KP,,,,,SP2KP Kemendag: Minyak Goreng Sawit Kemasan Premium (Pasar Panorama)
2026-03-11,PSR92,DSP01,140000,kg,BD-SP2KP,,,,,SP2KP Kemendag: Daging Sapi Paha Belakang (Pasar Panorama)
2026-03-11,PSR92,CMR02,36667,kg,BD-SP2KP,,,,,SP2KP Kemendag: Cabai Merah Keriting (Pasar Panorama)
2026-03-11,PSR92,TLR01,30400,kg,BD-SP2KP,,,,,SP2KP Kemendag: Telur Ayam Ras (Pasar Panorama)
2026-03-11,PSR92,DAY01,42333,kg,BD-SP2KP,,,,,SP2KP Kemendag: Daging Ayam Ras (Pasar Panorama)
2026-03-11,PSR92,BWP01,44333,kg,BD-SP2KP,,,,,SP2KP Kemendag: Bawang Putih Honan (Pasar Panorama)
2026-03-11,PSR92,BRS05,16000,kg,BD-SP2KP,,,,,SP2KP Kemendag: Beras Premium (Pasar Panorama)
2026-03-11,PSR92,BRS03,13725,kg,BD-SP2KP,,,,,SP2KP Kemendag: Beras Medium (Pasar Panorama)
2026-03-11,PSR92,DSP02,140000,kg,BD-SP2KP,,,,,SP2KP Kemendag: Daging Sapi Paha Depan (Pasar Panorama)
2026-03-11,PSR92,CMR01,35000,kg,BD-SP2KP,,,,,SP2KP Kemendag: Cabai Merah Besar (Pasar Panorama)
2026-03-12,PSR91,CRW02,65000,kg,BD-SP2KP,,,,,SP2KP Kemendag: Cabai Rawit Merah (Pasar Kepahiang)
2026-03-12,PSR91,CRW01,40000,kg,BD-SP2KP,,,,,SP2KP Kemendag: Cabai Rawit Hijau (Pasar Kepahiang)
2026-03-12,PSR91,BWM01,40000,kg,BD-SP2KP,,,,,SP2KP Kemendag: Bawang Merah (Pasar Kepahiang)
2026-03-12,PSR91,GLP01,18000,kg,BD-SP2KP,,,,,SP2KP Kemendag: Gula Pasir Curah (Pasar Kepahiang)
2026-03-12,PSR91,GLP02,19000,kg,BD-SP2KP,,,,,SP2KP Kemendag: Gula Pasir Kemasan (Pasar Kepahiang)
2026-03-12,PSR91,MGR02,21000,liter,BD-SP2KP,,,,,SP2KP Kemendag: Minyak Goreng Sawit Kemasan Premium (Pasar Kepahiang)
2026-03-12,PSR91,DSP01,140000,kg,BD-SP2KP,,,,,SP2KP Kemendag: Daging Sapi Paha Belakang (Pasar Kepahiang)
2026-03-12,PSR91,CMR02,30000,kg,BD-SP2KP,,,,,SP2KP Kemendag: Cabai Merah Keriting (Pasar Kepahiang)
2026-03-12,PSR91,TLR01,28800,kg,BD-SP2KP,,,,,SP2KP Kemendag: Telur Ayam Ras (Pasar Kepahiang)
2026-03-12,PSR91,DAY01,43000,kg,BD-SP2KP,,,,,SP2KP Kemendag: Daging Ayam Ras (Pasar Kepahiang)
2026-03-12,PSR91,BWP01,37000,kg,BD-SP2KP,,,,,SP2KP Kemendag: Bawang Putih Honan (Pasar Kepahiang)
2026-03-12,PSR91,BRS05,15500,kg,BD-SP2KP,,,,,SP2KP Kemendag: Beras Premium (Pasar Kepahiang)
2026-03-12,PSR91,BRS03,13750,kg,BD-SP2KP,,,,,SP2KP Kemendag: Beras Medium (Pasar Kepahiang)
2026-03-12,PSR91,DSP02,140000,kg,BD-SP2KP,,,,,SP2KP Kemendag: Daging Sapi Paha Depan (Pasar Kepahiang)
2026-03-12,PSR91,CMR01,30000,kg,BD-SP2KP,,,,,SP2KP Kemendag: Cabai Merah Besar (Pasar Kepahiang)
2026-03-12,PSR01,CRW02,60000,kg,BD-SP2KP,,,,,SP2KP Kemendag: Cabai Rawit Merah (Pasar Taba Penanjung)
2026-03-12,PSR01,CRW01,45000,kg,BD-SP2KP,,,,,SP2KP Kemendag: Cabai Rawit Hijau (Pasar Taba Penanjung)
2026-03-12,PSR01,BWM01,38000,kg,BD-SP2KP,,,,,SP2KP Kemendag: Bawang Merah (Pasar Taba Penanjung)
2026-03-12,PSR01,GLP01,18000,kg,BD-SP2KP,,,,,SP2KP Kemendag: Gula Pasir Curah (Pasar Taba Penanjung)
2026-03-12,PSR01,GLP02,18000,kg,BD-SP2KP,,,,,SP2KP Kemendag: Gula Pasir Kemasan (Pasar Taba Penanjung)
2026-03-12,PSR01,MGR02,21000,liter,BD-SP2KP,,,,,SP2KP Kemendag: Minyak Goreng Sawit Kemasan Premium (Pasar Taba Penanjung)
2026-03-12,PSR01,DSP01,150000,kg,BD-SP2KP,,,,,SP2KP Kemendag: Daging Sapi Paha Belakang (Pasar Taba Penanjung)
2026-03-12,PSR01,CMR02,33000,kg,BD-SP2KP,,,,,SP2KP Kemendag: Cabai Merah Keriting (Pasar Taba Penanjung)
2026-03-12,PSR01,TLR01,28200,kg,BD-SP2KP,,,,,SP2KP Kemendag: Telur Ayam Ras (Pasar Taba Penanjung)
2026-03-12,PSR01,DAY01,40000,kg,BD-SP2KP,,,,,SP2KP Kemendag: Daging Ayam Ras (Pasar Taba Penanjung)
2026-03-12,PSR01,BWP01,35000,kg,BD-SP2KP,,,,,SP2KP Kemendag: Bawang Putih Honan (Pasar Taba Penanjung)
2026-03-12,PSR01,BRS05,16000,kg,BD-SP2KP,,,,,SP2KP Kemendag: Beras Premium (Pasar Taba Penanjung)
2026-03-12,PSR01,BRS03,14375,kg,BD-SP2KP,,,,,SP2KP Kemendag: Beras Medium (Pasar Taba Penanjung)
2026-03-12,PSR01,DSP02,150000,kg,BD-SP2KP,,,,,SP2KP Kemendag: Daging Sapi Paha Depan (Pasar Taba Penanjung)
2026-03-12,PSR01,CMR01,30000,kg,BD-SP2KP,,,,,SP2KP Kemendag: Cabai Merah Besar (Pasar Taba Penanjung)
2026-03-12,PSR92,CRW02,85000,kg,BD-SP2KP,,,,,SP2KP Kemendag: Cabai Rawit Merah (Pasar Panorama)
2026-03-12,PSR92,CRW01,61667,kg,BD-SP2KP,,,,,SP2KP Kemendag: Cabai Rawit Hijau (Pasar Panorama)
2026-03-12,PSR92,BWM01,45000,kg,BD-SP2KP,,,,,SP2KP Kemendag: Bawang Merah (Pasar Panorama)
2026-03-12,PSR92,GLP01,18667,kg,BD-SP2KP,,,,,SP2KP Kemendag: Gula Pasir Curah (Pasar Panorama)
2026-03-12,PSR92,GLP02,19167,kg,BD-SP2KP,,,,,SP2KP Kemendag: Gula Pasir Kemasan (Pasar Panorama)
2026-03-12,PSR92,MGR02,22000,liter,BD-SP2KP,,,,,SP2KP Kemendag: Minyak Goreng Sawit Kemasan Premium (Pasar Panorama)
2026-03-12,PSR92,DSP01,140000,kg,BD-SP2KP,,,,,SP2KP Kemendag: Daging Sapi Paha Belakang (Pasar Panorama)
2026-03-12,PSR92,CMR02,36667,kg,BD-SP2KP,,,,,SP2KP Kemendag: Cabai Merah Keriting (Pasar Panorama)
2026-03-12,PSR92,TLR01,30400,kg,BD-SP2KP,,,,,SP2KP Kemendag: Telur Ayam Ras (Pasar Panorama)
2026-03-12,PSR92,DAY01,42333,kg,BD-SP2KP,,,,,SP2KP Kemendag: Daging Ayam Ras (Pasar Panorama)
2026-03-12,PSR92,BWP01,44333,kg,BD-SP2KP,,,,,SP2KP Kemendag: Bawang Putih Honan (Pasar Panorama)
2026-03-12,PSR92,BRS05,16000,kg,BD-SP2KP,,,,,SP2KP Kemendag: Beras Premium (Pasar Panorama)
2026-03-12,PSR92,BRS03,13725,kg,BD-SP2KP,,,,,SP2KP Kemendag: Beras Medium (Pasar Panorama)
2026-03-12,PSR92,DSP02,140000,kg,BD-SP2KP,,,,,SP2KP Kemendag: Daging Sapi Paha Depan (Pasar Panorama)
2026-03-12,PSR92,CMR01,35000,kg,BD-SP2KP,,,,,SP2KP Kemendag: Cabai Merah Besar (Pasar Panorama)
2026-03-13,PSR91,CRW02,65000,kg,BD-SP2KP,,,,,SP2KP Kemendag: Cabai Rawit Merah (Pasar Kepahiang)
2026-03-13,PSR91,CRW01,40000,kg,BD-SP2KP,,,,,SP2KP Kemendag: Cabai Rawit Hijau (Pasar Kepahiang)
2026-03-13,PSR91,BWM01,40000,kg,BD-SP2KP,,,,,SP2KP Kemendag: Bawang Merah (Pasar Kepahiang)
2026-03-13,PSR91,GLP01,18000,kg,BD-SP2KP,,,,,SP2KP Kemendag: Gula Pasir Curah (Pasar Kepahiang)
2026-03-13,PSR91,GLP02,19000,kg,BD-SP2KP,,,,,SP2KP Kemendag: Gula Pasir Kemasan (Pasar Kepahiang)
2026-03-13,PSR91,MGR02,21000,liter,BD-SP2KP,,,,,SP2KP Kemendag: Minyak Goreng Sawit Kemasan Premium (Pasar Kepahiang)
2026-03-13,PSR91,DSP01,140000,kg,BD-SP2KP,,,,,SP2KP Kemendag: Daging Sapi Paha Belakang (Pasar Kepahiang)
2026-03-13,PSR91,CMR02,30000,kg,BD-SP2KP,,,,,SP2KP Kemendag: Cabai Merah Keriting (Pasar Kepahiang)
2026-03-13,PSR91,TLR01,28800,kg,BD-SP2KP,,,,,SP2KP Kemendag: Telur Ayam Ras (Pasar Kepahiang)
2026-03-13,PSR91,DAY01,43000,kg,BD-SP2KP,,,,,SP2KP Kemendag: Daging Ayam Ras (Pasar Kepahiang)
2026-03-13,PSR91,BWP01,37000,kg,BD-SP2KP,,,,,SP2KP Kemendag: Bawang Putih Honan (Pasar Kepahiang)
2026-03-13,PSR91,BRS05,15500,kg,BD-SP2KP,,,,,SP2KP Kemendag: Beras Premium (Pasar Kepahiang)
2026-03-13,PSR91,BRS03,13750,kg,BD-SP2KP,,,,,SP2KP Kemendag: Beras Medium (Pasar Kepahiang)
2026-03-13,PSR91,DSP02,140000,kg,BD-SP2KP,,,,,SP2KP Kemendag: Daging Sapi Paha Depan (Pasar Kepahiang)
2026-03-13,PSR91,CMR01,30000,kg,BD-SP2KP,,,,,SP2KP Kemendag: Cabai Merah Besar (Pasar Kepahiang)
2026-03-13,PSR01,CRW02,60000,kg,BD-SP2KP,,,,,SP2KP Kemendag: Cabai Rawit Merah (Pasar Taba Penanjung)
2026-03-13,PSR01,CRW01,45000,kg,BD-SP2KP,,,,,SP2KP Kemendag: Cabai Rawit Hijau (Pasar Taba Penanjung)
2026-03-13,PSR01,BWM01,38000,kg,BD-SP2KP,,,,,SP2KP Kemendag: Bawang Merah (Pasar Taba Penanjung)
2026-03-13,PSR01,GLP01,18000,kg,BD-SP2KP,,,,,SP2KP Kemendag: Gula Pasir Curah (Pasar Taba Penanjung)
2026-03-13,PSR01,GLP02,18000,kg,BD-SP2KP,,,,,SP2KP Kemendag: Gula Pasir Kemasan (Pasar Taba Penanjung)
2026-03-13,PSR01,MGR02,21000,liter,BD-SP2KP,,,,,SP2KP Kemendag: Minyak Goreng Sawit Kemasan Premium (Pasar Taba Penanjung)
2026-03-13,PSR01,DSP01,150000,kg,BD-SP2KP,,,,,SP2KP Kemendag: Daging Sapi Paha Belakang (Pasar Taba Penanjung)
2026-03-13,PSR01,CMR02,33000,kg,BD-SP2KP,,,,,SP2KP Kemendag: Cabai Merah Keriting (Pasar Taba Penanjung)
2026-03-13,PSR01,TLR01,28200,kg,BD-SP2KP,,,,,SP2KP Kemendag: Telur Ayam Ras (Pasar Taba Penanjung)
2026-03-13,PSR01,DAY01,40000,kg,BD-SP2KP,,,,,SP2KP Kemendag: Daging Ayam Ras (Pasar Taba Penanjung)
2026-03-13,PSR01,BWP01,35000,kg,BD-SP2KP,,,,,SP2KP Kemendag: Bawang Putih Honan (Pasar Taba Penanjung)
2026-03-13,PSR01,BRS05,16000,kg,BD-SP2KP,,,,,SP2KP Kemendag: Beras Premium (Pasar Taba Penanjung)
2026-03-13,PSR01,BRS03,14375,kg,BD-SP2KP,,,,,SP2KP Kemendag: Beras Medium (Pasar Taba Penanjung)
2026-03-13,PSR01,DSP02,150000,kg,BD-SP2KP,,,,,SP2KP Kemendag: Daging Sapi Paha Depan (Pasar Taba Penanjung)
2026-03-13,PSR01,CMR01,30000,kg,BD-SP2KP,,,,,SP2KP Kemendag: Cabai Merah Besar (Pasar Taba Penanjung)
2026-03-13,PSR92,CRW02,85000,kg,BD-SP2KP,,,,,SP2KP Kemendag: Cabai Rawit Merah (Pasar Panorama)
2026-03-13,PSR92,CRW01,61667,kg,BD-SP2KP,,,,,SP2KP Kemendag: Cabai Rawit Hijau (Pasar Panorama)
2026-03-13,PSR92,BWM01,45000,kg,BD-SP2KP,,,,,SP2KP Kemendag: Bawang Merah (Pasar Panorama)
2026-03-13,PSR92,GLP01,18500,kg,BD-SP2KP,,,,,SP2KP Kemendag: Gula Pasir Curah (Pasar Panorama)
2026-03-13,PSR92,GLP02,19000,kg,BD-SP2KP,,,,,SP2KP Kemendag: Gula Pasir Kemasan (Pasar Panorama)
2026-03-13,PSR92,MGR02,22000,liter,BD-SP2KP,,,,,SP2KP Kemendag: Minyak Goreng Sawit Kemasan Premium (Pasar Panorama)
2026-03-13,PSR92,DSP01,140000,kg,BD-SP2KP,,,,,SP2KP Kemendag: Daging Sapi Paha Belakang (Pasar Panorama)
2026-03-13,PSR92,CMR02,36667,kg,BD-SP2KP,,,,,SP2KP Kemendag: Cabai Merah Keriting (Pasar Panorama)
2026-03-13,PSR92,TLR01,30400,kg,BD-SP2KP,,,,,SP2KP Kemendag: Telur Ayam Ras (Pasar Panorama)
2026-03-13,PSR92,DAY01,43000,kg,BD-SP2KP,,,,,SP2KP Kemendag: Daging Ayam Ras (Pasar Panorama)
2026-03-13,PSR92,BWP01,44333,kg,BD-SP2KP,,,,,SP2KP Kemendag: Bawang Putih Honan (Pasar Panorama)
2026-03-13,PSR92,BRS05,16000,kg,BD-SP2KP,,,,,SP2KP Kemendag: Beras Premium (Pasar Panorama)
2026-03-13,PSR92,BRS03,13725,kg,BD-SP2KP,,,,,SP2KP Kemendag: Beras Medium (Pasar Panorama)
2026-03-13,PSR92,DSP02,140000,kg,BD-SP2KP,,,,,SP2KP Kemendag: Daging Sapi Paha Depan (Pasar Panorama)
2026-03-13,PSR92,CMR01,35000,kg,BD-SP2KP,,,,,SP2KP Kemendag: Cabai Merah Besar (Pasar Panorama)
2026-03-16,PSR91,CRW02,75000,kg,BD-SP2KP,,,,,SP2KP Kemendag: Cabai Rawit Merah (Pasar Kepahiang)
2026-03-16,PSR91,CRW01,45000,kg,BD-SP2KP,,,,,SP2KP Kemendag: Cabai Rawit Hijau (Pasar Kepahiang)
2026-03-16,PSR91,BWM01,40000,kg,BD-SP2KP,,,,,SP2KP Kemendag: Bawang Merah (Pasar Kepahiang)
2026-03-16,PSR91,GLP01,18000,kg,BD-SP2KP,,,,,SP2KP Kemendag: Gula Pasir Curah (Pasar Kepahiang)
2026-03-16,PSR91,GLP02,19000,kg,BD-SP2KP,,,,,SP2KP Kemendag: Gula Pasir Kemasan (Pasar Kepahiang)
2026-03-16,PSR91,MGR02,21000,liter,BD-SP2KP,,,,,SP2KP Kemendag: Minyak Goreng Sawit Kemasan Premium (Pasar Kepahiang)
2026-03-16,PSR91,DSP01,140000,kg,BD-SP2KP,,,,,SP2KP Kemendag: Daging Sapi Paha Belakang (Pasar Kepahiang)
2026-03-16,PSR91,CMR02,30000,kg,BD-SP2KP,,,,,SP2KP Kemendag: Cabai Merah Keriting (Pasar Kepahiang)
2026-03-16,PSR91,TLR01,28800,kg,BD-SP2KP,,,,,SP2KP Kemendag: Telur Ayam Ras (Pasar Kepahiang)
2026-03-16,PSR91,DAY01,44333,kg,BD-SP2KP,,,,,SP2KP Kemendag: Daging Ayam Ras (Pasar Kepahiang)
2026-03-16,PSR91,BWP01,37000,kg,BD-SP2KP,,,,,SP2KP Kemendag: Bawang Putih Honan (Pasar Kepahiang)
2026-03-16,PSR91,BRS05,15500,kg,BD-SP2KP,,,,,SP2KP Kemendag: Beras Premium (Pasar Kepahiang)
2026-03-16,PSR91,BRS03,13750,kg,BD-SP2KP,,,,,SP2KP Kemendag: Beras Medium (Pasar Kepahiang)
2026-03-16,PSR91,DSP02,140000,kg,BD-SP2KP,,,,,SP2KP Kemendag: Daging Sapi Paha Depan (Pasar Kepahiang)
2026-03-16,PSR91,CMR01,30000,kg,BD-SP2KP,,,,,SP2KP Kemendag: Cabai Merah Besar (Pasar Kepahiang)
2026-03-16,PSR01,CRW02,60000,kg,BD-SP2KP,,,,,SP2KP Kemendag: Cabai Rawit Merah (Pasar Taba Penanjung)
2026-03-16,PSR01,CRW01,45000,kg,BD-SP2KP,,,,,SP2KP Kemendag: Cabai Rawit Hijau (Pasar Taba Penanjung)
2026-03-16,PSR01,BWM01,38000,kg,BD-SP2KP,,,,,SP2KP Kemendag: Bawang Merah (Pasar Taba Penanjung)
2026-03-16,PSR01,GLP01,18000,kg,BD-SP2KP,,,,,SP2KP Kemendag: Gula Pasir Curah (Pasar Taba Penanjung)
2026-03-16,PSR01,GLP02,18000,kg,BD-SP2KP,,,,,SP2KP Kemendag: Gula Pasir Kemasan (Pasar Taba Penanjung)
2026-03-16,PSR01,MGR02,21000,liter,BD-SP2KP,,,,,SP2KP Kemendag: Minyak Goreng Sawit Kemasan Premium (Pasar Taba Penanjung)
2026-03-16,PSR01,DSP01,150000,kg,BD-SP2KP,,,,,SP2KP Kemendag: Daging Sapi Paha Belakang (Pasar Taba Penanjung)
2026-03-16,PSR01,CMR02,33000,kg,BD-SP2KP,,,,,SP2KP Kemendag: Cabai Merah Keriting (Pasar Taba Penanjung)
2026-03-16,PSR01,TLR01,28200,kg,BD-SP2KP,,,,,SP2KP Kemendag: Telur Ayam Ras (Pasar Taba Penanjung)
2026-03-16,PSR01,DAY01,40000,kg,BD-SP2KP,,,,,SP2KP Kemendag: Daging Ayam Ras (Pasar Taba Penanjung)
2026-03-16,PSR01,BWP01,35000,kg,BD-SP2KP,,,,,SP2KP Kemendag: Bawang Putih Honan (Pasar Taba Penanjung)
2026-03-16,PSR01,BRS05,16000,kg,BD-SP2KP,,,,,SP2KP Kemendag: Beras Premium (Pasar Taba Penanjung)
2026-03-16,PSR01,BRS03,14375,kg,BD-SP2KP,,,,,SP2KP Kemendag: Beras Medium (Pasar Taba Penanjung)
2026-03-16,PSR01,DSP02,150000,kg,BD-SP2KP,,,,,SP2KP Kemendag: Daging Sapi Paha Depan (Pasar Taba Penanjung)
2026-03-16,PSR01,CMR01,30000,kg,BD-SP2KP,,,,,SP2KP Kemendag: Cabai Merah Besar (Pasar Taba Penanjung)
2026-03-16,PSR92,CRW02,51667,kg,BD-SP2KP,,,,,SP2KP Kemendag: Cabai Rawit Merah (Pasar Panorama)
2026-03-16,PSR92,CRW01,61667,kg,BD-SP2KP,,,,,SP2KP Kemendag: Cabai Rawit Hijau (Pasar Panorama)
2026-03-16,PSR92,BWM01,45000,kg,BD-SP2KP,,,,,SP2KP Kemendag: Bawang Merah (Pasar Panorama)
2026-03-16,PSR92,GLP01,18500,kg,BD-SP2KP,,,,,SP2KP Kemendag: Gula Pasir Curah (Pasar Panorama)
2026-03-16,PSR92,GLP02,19000,kg,BD-SP2KP,,,,,SP2KP Kemendag: Gula Pasir Kemasan (Pasar Panorama)
2026-03-16,PSR92,MGR02,22000,liter,BD-SP2KP,,,,,SP2KP Kemendag: Minyak Goreng Sawit Kemasan Premium (Pasar Panorama)
2026-03-16,PSR92,DSP01,140000,kg,BD-SP2KP,,,,,SP2KP Kemendag: Daging Sapi Paha Belakang (Pasar Panorama)
2026-03-16,PSR92,CMR02,35000,kg,BD-SP2KP,,,,,SP2KP Kemendag: Cabai Merah Keriting (Pasar Panorama)
2026-03-16,PSR92,TLR01,30400,kg,BD-SP2KP,,,,,SP2KP Kemendag: Telur Ayam Ras (Pasar Panorama)
2026-03-16,PSR92,DAY01,43000,kg,BD-SP2KP,,,,,SP2KP Kemendag: Daging Ayam Ras (Pasar Panorama)
2026-03-16,PSR92,BWP01,45000,kg,BD-SP2KP,,,,,SP2KP Kemendag: Bawang Putih Honan (Pasar Panorama)
2026-03-16,PSR92,BRS05,16000,kg,BD-SP2KP,,,,,SP2KP Kemendag: Beras Premium (Pasar Panorama)
2026-03-16,PSR92,BRS03,13725,kg,BD-SP2KP,,,,,SP2KP Kemendag: Beras Medium (Pasar Panorama)
2026-03-16,PSR92,DSP02,140000,kg,BD-SP2KP,,,,,SP2KP Kemendag: Daging Sapi Paha Depan (Pasar Panorama)
2026-03-16,PSR92,CMR01,35000,kg,BD-SP2KP,,,,,SP2KP Kemendag: Cabai Merah Besar (Pasar Panorama)
2026-03-17,PSR91,CRW02,75000,kg,BD-SP2KP,,,,,SP2KP Kemendag: Cabai Rawit Merah (Pasar Kepahiang)
2026-03-17,PSR91,CRW01,45000,kg,BD-SP2KP,,,,,SP2KP Kemendag: Cabai Rawit Hijau (Pasar Kepahiang)
2026-03-17,PSR91,BWM01,40000,kg,BD-SP2KP,,,,,SP2KP Kemendag: Bawang Merah (Pasar Kepahiang)
2026-03-17,PSR91,GLP01,18000,kg,BD-SP2KP,,,,,SP2KP Kemendag: Gula Pasir Curah (Pasar Kepahiang)
2026-03-17,PSR91,GLP02,19000,kg,BD-SP2KP,,,,,SP2KP Kemendag: Gula Pasir Kemasan (Pasar Kepahiang)
2026-03-17,PSR91,MGR02,21000,liter,BD-SP2KP,,,,,SP2KP Kemendag: Minyak Goreng Sawit Kemasan Premium (Pasar Kepahiang)
2026-03-17,PSR91,DSP01,140000,kg,BD-SP2KP,,,,,SP2KP Kemendag: Daging Sapi Paha Belakang (Pasar Kepahiang)
2026-03-17,PSR91,CMR02,55000,kg,BD-SP2KP,,,,,SP2KP Kemendag: Cabai Merah Keriting (Pasar Kepahiang)
2026-03-17,PSR91,TLR01,29300,kg,BD-SP2KP,,,,,SP2KP Kemendag: Telur Ayam Ras (Pasar Kepahiang)
2026-03-17,PSR91,DAY01,45000,kg,BD-SP2KP,,,,,SP2KP Kemendag: Daging Ayam Ras (Pasar Kepahiang)
2026-03-17,PSR91,BWP01,37000,kg,BD-SP2KP,,,,,SP2KP Kemendag: Bawang Putih Honan (Pasar Kepahiang)
2026-03-17,PSR91,BRS05,15500,kg,BD-SP2KP,,,,,SP2KP Kemendag: Beras Premium (Pasar Kepahiang)
2026-03-17,PSR91,BRS03,13750,kg,BD-SP2KP,,,,,SP2KP Kemendag: Beras Medium (Pasar Kepahiang)
2026-03-17,PSR91,DSP02,140000,kg,BD-SP2KP,,,,,SP2KP Kemendag: Daging Sapi Paha Depan (Pasar Kepahiang)
2026-03-17,PSR91,CMR01,50000,kg,BD-SP2KP,,,,,SP2KP Kemendag: Cabai Merah Besar (Pasar Kepahiang)
2026-03-17,PSR01,CRW02,60000,kg,BD-SP2KP,,,,,SP2KP Kemendag: Cabai Rawit Merah (Pasar Taba Penanjung)
2026-03-17,PSR01,CRW01,45000,kg,BD-SP2KP,,,,,SP2KP Kemendag: Cabai Rawit Hijau (Pasar Taba Penanjung)
2026-03-17,PSR01,BWM01,38000,kg,BD-SP2KP,,,,,SP2KP Kemendag: Bawang Merah (Pasar Taba Penanjung)
2026-03-17,PSR01,GLP01,18000,kg,BD-SP2KP,,,,,SP2KP Kemendag: Gula Pasir Curah (Pasar Taba Penanjung)
2026-03-17,PSR01,GLP02,18000,kg,BD-SP2KP,,,,,SP2KP Kemendag: Gula Pasir Kemasan (Pasar Taba Penanjung)
2026-03-17,PSR01,MGR02,21000,liter,BD-SP2KP,,,,,SP2KP Kemendag: Minyak Goreng Sawit Kemasan Premium (Pasar Taba Penanjung)
2026-03-17,PSR01,DSP01,150000,kg,BD-SP2KP,,,,,SP2KP Kemendag: Daging Sapi Paha Belakang (Pasar Taba Penanjung)
2026-03-17,PSR01,CMR02,33000,kg,BD-SP2KP,,,,,SP2KP Kemendag: Cabai Merah Keriting (Pasar Taba Penanjung)
2026-03-17,PSR01,TLR01,28200,kg,BD-SP2KP,,,,,SP2KP Kemendag: Telur Ayam Ras (Pasar Taba Penanjung)
2026-03-17,PSR01,DAY01,40000,kg,BD-SP2KP,,,,,SP2KP Kemendag: Daging Ayam Ras (Pasar Taba Penanjung)
2026-03-17,PSR01,BWP01,35000,kg,BD-SP2KP,,,,,SP2KP Kemendag: Bawang Putih Honan (Pasar Taba Penanjung)
2026-03-17,PSR01,BRS05,16000,kg,BD-SP2KP,,,,,SP2KP Kemendag: Beras Premium (Pasar Taba Penanjung)
2026-03-17,PSR01,BRS03,14375,kg,BD-SP2KP,,,,,SP2KP Kemendag: Beras Medium (Pasar Taba Penanjung)
2026-03-17,PSR01,DSP02,150000,kg,BD-SP2KP,,,,,SP2KP Kemendag: Daging Sapi Paha Depan (Pasar Taba Penanjung)
2026-03-17,PSR01,CMR01,30000,kg,BD-SP2KP,,,,,SP2KP Kemendag: Cabai Merah Besar (Pasar Taba Penanjung)
2026-03-17,PSR92,CRW02,61667,kg,BD-SP2KP,,,,,SP2KP Kemendag: Cabai Rawit Merah (Pasar Panorama)
2026-03-17,PSR92,CRW01,61667,kg,BD-SP2KP,,,,,SP2KP Kemendag: Cabai Rawit Hijau (Pasar Panorama)
2026-03-17,PSR92,BWM01,46667,kg,BD-SP2KP,,,,,SP2KP Kemendag: Bawang Merah (Pasar Panorama)
2026-03-17,PSR92,GLP01,18500,kg,BD-SP2KP,,,,,SP2KP Kemendag: Gula Pasir Curah (Pasar Panorama)
2026-03-17,PSR92,GLP02,19000,kg,BD-SP2KP,,,,,SP2KP Kemendag: Gula Pasir Kemasan (Pasar Panorama)
2026-03-17,PSR92,MGR02,22000,liter,BD-SP2KP,,,,,SP2KP Kemendag: Minyak Goreng Sawit Kemasan Premium (Pasar Panorama)
2026-03-17,PSR92,DSP01,150000,kg,BD-SP2KP,,,,,SP2KP Kemendag: Daging Sapi Paha Belakang (Pasar Panorama)
2026-03-17,PSR92,CMR02,51667,kg,BD-SP2KP,,,,,SP2KP Kemendag: Cabai Merah Keriting (Pasar Panorama)
2026-03-17,PSR92,TLR01,30400,kg,BD-SP2KP,,,,,SP2KP Kemendag: Telur Ayam Ras (Pasar Panorama)
2026-03-17,PSR92,DAY01,44000,kg,BD-SP2KP,,,,,SP2KP Kemendag: Daging Ayam Ras (Pasar Panorama)
2026-03-17,PSR92,BWP01,45000,kg,BD-SP2KP,,,,,SP2KP Kemendag: Bawang Putih Honan (Pasar Panorama)
2026-03-17,PSR92,BRS05,16000,kg,BD-SP2KP,,,,,SP2KP Kemendag: Beras Premium (Pasar Panorama)
2026-03-17,PSR92,BRS03,13725,kg,BD-SP2KP,,,,,SP2KP Kemendag: Beras Medium (Pasar Panorama)
2026-03-17,PSR92,DSP02,150000,kg,BD-SP2KP,,,,,SP2KP Kemendag: Daging Sapi Paha Depan (Pasar Panorama)
2026-03-17,PSR92,CMR01,35000,kg,BD-SP2KP,,,,,SP2KP Kemendag: Cabai Merah Besar (Pasar Panorama)
2026-03-18,PSR91,CRW02,75000,kg,BD-SP2KP,,,,,SP2KP Kemendag: Cabai Rawit Merah (Pasar Kepahiang)
2026-03-18,PSR91,CRW01,45000,kg,BD-SP2KP,,,,,SP2KP Kemendag: Cabai Rawit Hijau (Pasar Kepahiang)
2026-03-18,PSR91,BWM01,40000,kg,BD-SP2KP,,,,,SP2KP Kemendag: Bawang Merah (Pasar Kepahiang)
2026-03-18,PSR91,GLP01,18000,kg,BD-SP2KP,,,,,SP2KP Kemendag: Gula Pasir Curah (Pasar Kepahiang)
2026-03-18,PSR91,GLP02,19000,kg,BD-SP2KP,,,,,SP2KP Kemendag: Gula Pasir Kemasan (Pasar Kepahiang)
2026-03-18,PSR91,MGR02,21000,liter,BD-SP2KP,,,,,SP2KP Kemendag: Minyak Goreng Sawit Kemasan Premium (Pasar Kepahiang)
2026-03-18,PSR91,DSP01,140000,kg,BD-SP2KP,,,,,SP2KP Kemendag: Daging Sapi Paha Belakang (Pasar Kepahiang)
2026-03-18,PSR91,CMR02,55000,kg,BD-SP2KP,,,,,SP2KP Kemendag: Cabai Merah Keriting (Pasar Kepahiang)
2026-03-18,PSR91,TLR01,29300,kg,BD-SP2KP,,,,,SP2KP Kemendag: Telur Ayam Ras (Pasar Kepahiang)
2026-03-18,PSR91,DAY01,45000,kg,BD-SP2KP,,,,,SP2KP Kemendag: Daging Ayam Ras (Pasar Kepahiang)
2026-03-18,PSR91,BWP01,37000,kg,BD-SP2KP,,,,,SP2KP Kemendag: Bawang Putih Honan (Pasar Kepahiang)
2026-03-18,PSR91,BRS05,15500,kg,BD-SP2KP,,,,,SP2KP Kemendag: Beras Premium (Pasar Kepahiang)
2026-03-18,PSR91,BRS03,13750,kg,BD-SP2KP,,,,,SP2KP Kemendag: Beras Medium (Pasar Kepahiang)
2026-03-18,PSR91,DSP02,140000,kg,BD-SP2KP,,,,,SP2KP Kemendag: Daging Sapi Paha Depan (Pasar Kepahiang)
2026-03-18,PSR91,CMR01,50000,kg,BD-SP2KP,,,,,SP2KP Kemendag: Cabai Merah Besar (Pasar Kepahiang)
2026-03-18,PSR01,CRW02,60000,kg,BD-SP2KP,,,,,SP2KP Kemendag: Cabai Rawit Merah (Pasar Taba Penanjung)
2026-03-18,PSR01,CRW01,45000,kg,BD-SP2KP,,,,,SP2KP Kemendag: Cabai Rawit Hijau (Pasar Taba Penanjung)
2026-03-18,PSR01,BWM01,38000,kg,BD-SP2KP,,,,,SP2KP Kemendag: Bawang Merah (Pasar Taba Penanjung)
2026-03-18,PSR01,GLP01,18000,kg,BD-SP2KP,,,,,SP2KP Kemendag: Gula Pasir Curah (Pasar Taba Penanjung)
2026-03-18,PSR01,GLP02,18000,kg,BD-SP2KP,,,,,SP2KP Kemendag: Gula Pasir Kemasan (Pasar Taba Penanjung)
2026-03-18,PSR01,MGR02,21000,liter,BD-SP2KP,,,,,SP2KP Kemendag: Minyak Goreng Sawit Kemasan Premium (Pasar Taba Penanjung)
2026-03-18,PSR01,DSP01,150000,kg,BD-SP2KP,,,,,SP2KP Kemendag: Daging Sapi Paha Belakang (Pasar Taba Penanjung)
2026-03-18,PSR01,CMR02,33000,kg,BD-SP2KP,,,,,SP2KP Kemendag: Cabai Merah Keriting (Pasar Taba Penanjung)
2026-03-18,PSR01,TLR01,28200,kg,BD-SP2KP,,,,,SP2KP Kemendag: Telur Ayam Ras (Pasar Taba Penanjung)
2026-03-18,PSR01,DAY01,40000,kg,BD-SP2KP,,,,,SP2KP Kemendag: Daging Ayam Ras (Pasar Taba Penanjung)
2026-03-18,PSR01,BWP01,35000,kg,BD-SP2KP,,,,,SP2KP Kemendag: Bawang Putih Honan (Pasar Taba Penanjung)
2026-03-18,PSR01,BRS05,16000,kg,BD-SP2KP,,,,,SP2KP Kemendag: Beras Premium (Pasar Taba Penanjung)
2026-03-18,PSR01,BRS03,14375,kg,BD-SP2KP,,,,,SP2KP Kemendag: Beras Medium (Pasar Taba Penanjung)
2026-03-18,PSR01,DSP02,150000,kg,BD-SP2KP,,,,,SP2KP Kemendag: Daging Sapi Paha Depan (Pasar Taba Penanjung)
2026-03-18,PSR01,CMR01,30000,kg,BD-SP2KP,,,,,SP2KP Kemendag: Cabai Merah Besar (Pasar Taba Penanjung)
2026-03-18,PSR92,CRW02,66667,kg,BD-SP2KP,,,,,SP2KP Kemendag: Cabai Rawit Merah (Pasar Panorama)
2026-03-18,PSR92,CRW01,61667,kg,BD-SP2KP,,,,,SP2KP Kemendag: Cabai Rawit Hijau (Pasar Panorama)
2026-03-18,PSR92,BWM01,46667,kg,BD-SP2KP,,,,,SP2KP Kemendag: Bawang Merah (Pasar Panorama)
2026-03-18,PSR92,GLP01,18500,kg,BD-SP2KP,,,,,SP2KP Kemendag: Gula Pasir Curah (Pasar Panorama)
2026-03-18,PSR92,GLP02,19000,kg,BD-SP2KP,,,,,SP2KP Kemendag: Gula Pasir Kemasan (Pasar Panorama)
2026-03-18,PSR92,MGR02,22000,liter,BD-SP2KP,,,,,SP2KP Kemendag: Minyak Goreng Sawit Kemasan Premium (Pasar Panorama)
2026-03-18,PSR92,DSP01,150000,kg,BD-SP2KP,,,,,SP2KP Kemendag: Daging Sapi Paha Belakang (Pasar Panorama)
2026-03-18,PSR92,CMR02,60000,kg,BD-SP2KP,,,,,SP2KP Kemendag: Cabai Merah Keriting (Pasar Panorama)
2026-03-18,PSR92,TLR01,30400,kg,BD-SP2KP,,,,,SP2KP Kemendag: Telur Ayam Ras (Pasar Panorama)
2026-03-18,PSR92,DAY01,44000,kg,BD-SP2KP,,,,,SP2KP Kemendag: Daging Ayam Ras (Pasar Panorama)
2026-03-18,PSR92,BWP01,45000,kg,BD-SP2KP,,,,,SP2KP Kemendag: Bawang Putih Honan (Pasar Panorama)
2026-03-18,PSR92,BRS05,16000,kg,BD-SP2KP,,,,,SP2KP Kemendag: Beras Premium (Pasar Panorama)
2026-03-18,PSR92,BRS03,13725,kg,BD-SP2KP,,,,,SP2KP Kemendag: Beras Medium (Pasar Panorama)
2026-03-18,PSR92,DSP02,150000,kg,BD-SP2KP,,,,,SP2KP Kemendag: Daging Sapi Paha Depan (Pasar Panorama)
2026-03-18,PSR92,CMR01,35000,kg,BD-SP2KP,,,,,SP2KP Kemendag: Cabai Merah Besar (Pasar Panorama)
2026-03-19,PSR91,CRW02,70000,kg,BD-SP2KP,,,,,SP2KP Kemendag: Cabai Rawit Merah (Pasar Kepahiang)
2026-03-19,PSR91,CRW01,45000,kg,BD-SP2KP,,,,,SP2KP Kemendag: Cabai Rawit Hijau (Pasar Kepahiang)
2026-03-19,PSR91,BWM01,40000,kg,BD-SP2KP,,,,,SP2KP Kemendag: Bawang Merah (Pasar Kepahiang)
2026-03-19,PSR91,GLP01,18000,kg,BD-SP2KP,,,,,SP2KP Kemendag: Gula Pasir Curah (Pasar Kepahiang)
2026-03-19,PSR91,GLP02,18000,kg,BD-SP2KP,,,,,SP2KP Kemendag: Gula Pasir Kemasan (Pasar Kepahiang)
2026-03-19,PSR91,MGR02,21000,liter,BD-SP2KP,,,,,SP2KP Kemendag: Minyak Goreng Sawit Kemasan Premium (Pasar Kepahiang)
2026-03-19,PSR91,DSP01,160000,kg,BD-SP2KP,,,,,SP2KP Kemendag: Daging Sapi Paha Belakang (Pasar Kepahiang)
2026-03-19,PSR91,CMR02,50000,kg,BD-SP2KP,,,,,SP2KP Kemendag: Cabai Merah Keriting (Pasar Kepahiang)
2026-03-19,PSR91,TLR01,29300,kg,BD-SP2KP,,,,,SP2KP Kemendag: Telur Ayam Ras (Pasar Kepahiang)
2026-03-19,PSR91,DAY01,50000,kg,BD-SP2KP,,,,,SP2KP Kemendag: Daging Ayam Ras (Pasar Kepahiang)
2026-03-19,PSR91,BWP01,37000,kg,BD-SP2KP,,,,,SP2KP Kemendag: Bawang Putih Honan (Pasar Kepahiang)
2026-03-19,PSR91,BRS05,15500,kg,BD-SP2KP,,,,,SP2KP Kemendag: Beras Premium (Pasar Kepahiang)
2026-03-19,PSR91,BRS03,13750,kg,BD-SP2KP,,,,,SP2KP Kemendag: Beras Medium (Pasar Kepahiang)
2026-03-19,PSR91,DSP02,160000,kg,BD-SP2KP,,,,,SP2KP Kemendag: Daging Sapi Paha Depan (Pasar Kepahiang)
2026-03-19,PSR91,CMR01,45000,kg,BD-SP2KP,,,,,SP2KP Kemendag: Cabai Merah Besar (Pasar Kepahiang)
2026-03-19,PSR01,CRW02,70000,kg,BD-SP2KP,,,,,SP2KP Kemendag: Cabai Rawit Merah (Pasar Taba Penanjung)
2026-03-19,PSR01,CRW01,45000,kg,BD-SP2KP,,,,,SP2KP Kemendag: Cabai Rawit Hijau (Pasar Taba Penanjung)
2026-03-19,PSR01,BWM01,38000,kg,BD-SP2KP,,,,,SP2KP Kemendag: Bawang Merah (Pasar Taba Penanjung)
2026-03-19,PSR01,GLP01,18000,kg,BD-SP2KP,,,,,SP2KP Kemendag: Gula Pasir Curah (Pasar Taba Penanjung)
2026-03-19,PSR01,GLP02,18000,kg,BD-SP2KP,,,,,SP2KP Kemendag: Gula Pasir Kemasan (Pasar Taba Penanjung)
2026-03-19,PSR01,MGR02,21000,liter,BD-SP2KP,,,,,SP2KP Kemendag: Minyak Goreng Sawit Kemasan Premium (Pasar Taba Penanjung)
2026-03-19,PSR01,DSP01,150000,kg,BD-SP2KP,,,,,SP2KP Kemendag: Daging Sapi Paha Belakang (Pasar Taba Penanjung)
2026-03-19,PSR01,CMR02,45000,kg,BD-SP2KP,,,,,SP2KP Kemendag: Cabai Merah Keriting (Pasar Taba Penanjung)
2026-03-19,PSR01,TLR01,28200,kg,BD-SP2KP,,,,,SP2KP Kemendag: Telur Ayam Ras (Pasar Taba Penanjung)
2026-03-19,PSR01,DAY01,45000,kg,BD-SP2KP,,,,,SP2KP Kemendag: Daging Ayam Ras (Pasar Taba Penanjung)
2026-03-19,PSR01,BWP01,35000,kg,BD-SP2KP,,,,,SP2KP Kemendag: Bawang Putih Honan (Pasar Taba Penanjung)
2026-03-19,PSR01,BRS05,16000,kg,BD-SP2KP,,,,,SP2KP Kemendag: Beras Premium (Pasar Taba Penanjung)
2026-03-19,PSR01,BRS03,14375,kg,BD-SP2KP,,,,,SP2KP Kemendag: Beras Medium (Pasar Taba Penanjung)
2026-03-19,PSR01,DSP02,150000,kg,BD-SP2KP,,,,,SP2KP Kemendag: Daging Sapi Paha Depan (Pasar Taba Penanjung)
2026-03-19,PSR01,CMR01,40000,kg,BD-SP2KP,,,,,SP2KP Kemendag: Cabai Merah Besar (Pasar Taba Penanjung)
2026-03-19,PSR92,CRW02,73333,kg,BD-SP2KP,,,,,SP2KP Kemendag: Cabai Rawit Merah (Pasar Panorama)
2026-03-19,PSR92,CRW01,73333,kg,BD-SP2KP,,,,,SP2KP Kemendag: Cabai Rawit Hijau (Pasar Panorama)
2026-03-19,PSR92,BWM01,56000,kg,BD-SP2KP,,,,,SP2KP Kemendag: Bawang Merah (Pasar Panorama)
2026-03-19,PSR92,GLP01,18500,kg,BD-SP2KP,,,,,SP2KP Kemendag: Gula Pasir Curah (Pasar Panorama)
2026-03-19,PSR92,GLP02,19000,kg,BD-SP2KP,,,,,SP2KP Kemendag: Gula Pasir Kemasan (Pasar Panorama)
2026-03-19,PSR92,MGR02,22000,liter,BD-SP2KP,,,,,SP2KP Kemendag: Minyak Goreng Sawit Kemasan Premium (Pasar Panorama)
2026-03-19,PSR92,DSP01,150000,kg,BD-SP2KP,,,,,SP2KP Kemendag: Daging Sapi Paha Belakang (Pasar Panorama)
2026-03-19,PSR92,CMR02,63333,kg,BD-SP2KP,,,,,SP2KP Kemendag: Cabai Merah Keriting (Pasar Panorama)
2026-03-19,PSR92,TLR01,30400,kg,BD-SP2KP,,,,,SP2KP Kemendag: Telur Ayam Ras (Pasar Panorama)
2026-03-19,PSR92,DAY01,45000,kg,BD-SP2KP,,,,,SP2KP Kemendag: Daging Ayam Ras (Pasar Panorama)
2026-03-19,PSR92,BWP01,45000,kg,BD-SP2KP,,,,,SP2KP Kemendag: Bawang Putih Honan (Pasar Panorama)
2026-03-19,PSR92,BRS05,16000,kg,BD-SP2KP,,,,,SP2KP Kemendag: Beras Premium (Pasar Panorama)
2026-03-19,PSR92,BRS03,13725,kg,BD-SP2KP,,,,,SP2KP Kemendag: Beras Medium (Pasar Panorama)
2026-03-19,PSR92,DSP02,150000,kg,BD-SP2KP,,,,,SP2KP Kemendag: Daging Sapi Paha Depan (Pasar Panorama)
2026-03-19,PSR92,CMR01,35000,kg,BD-SP2KP,,,,,SP2KP Kemendag: Cabai Merah Besar (Pasar Panorama)
2026-03-20,PSR91,CRW02,70000,kg,BD-SP2KP,,,,,SP2KP Kemendag: Cabai Rawit Merah (Pasar Kepahiang)
2026-03-20,PSR91,CRW01,45000,kg,BD-SP2KP,,,,,SP2KP Kemendag: Cabai Rawit Hijau (Pasar Kepahiang)
2026-03-20,PSR91,BWM01,40000,kg,BD-SP2KP,,,,,SP2KP Kemendag: Bawang Merah (Pasar Kepahiang)
2026-03-20,PSR91,GLP01,18000,kg,BD-SP2KP,,,,,SP2KP Kemendag: Gula Pasir Curah (Pasar Kepahiang)
2026-03-20,PSR91,GLP02,19000,kg,BD-SP2KP,,,,,SP2KP Kemendag: Gula Pasir Kemasan (Pasar Kepahiang)
2026-03-20,PSR91,MGR02,21000,liter,BD-SP2KP,,,,,SP2KP Kemendag: Minyak Goreng Sawit Kemasan Premium (Pasar Kepahiang)
2026-03-20,PSR91,DSP01,160000,kg,BD-SP2KP,,,,,SP2KP Kemendag: Daging Sapi Paha Belakang (Pasar Kepahiang)
2026-03-20,PSR91,CMR02,50000,kg,BD-SP2KP,,,,,SP2KP Kemendag: Cabai Merah Keriting (Pasar Kepahiang)
2026-03-20,PSR91,TLR01,29300,kg,BD-SP2KP,,,,,SP2KP Kemendag: Telur Ayam Ras (Pasar Kepahiang)
2026-03-20,PSR91,DAY01,50000,kg,BD-SP2KP,,,,,SP2KP Kemendag: Daging Ayam Ras (Pasar Kepahiang)
2026-03-20,PSR91,BWP01,37000,kg,BD-SP2KP,,,,,SP2KP Kemendag: Bawang Putih Honan (Pasar Kepahiang)
2026-03-20,PSR91,BRS05,15500,kg,BD-SP2KP,,,,,SP2KP Kemendag: Beras Premium (Pasar Kepahiang)
2026-03-20,PSR91,BRS03,13750,kg,BD-SP2KP,,,,,SP2KP Kemendag: Beras Medium (Pasar Kepahiang)
2026-03-20,PSR91,DSP02,160000,kg,BD-SP2KP,,,,,SP2KP Kemendag: Daging Sapi Paha Depan (Pasar Kepahiang)
2026-03-20,PSR91,CMR01,45000,kg,BD-SP2KP,,,,,SP2KP Kemendag: Cabai Merah Besar (Pasar Kepahiang)
2026-03-20,PSR01,CRW02,70000,kg,BD-SP2KP,,,,,SP2KP Kemendag: Cabai Rawit Merah (Pasar Taba Penanjung)
2026-03-20,PSR01,CRW01,45000,kg,BD-SP2KP,,,,,SP2KP Kemendag: Cabai Rawit Hijau (Pasar Taba Penanjung)
2026-03-20,PSR01,BWM01,38000,kg,BD-SP2KP,,,,,SP2KP Kemendag: Bawang Merah (Pasar Taba Penanjung)
2026-03-20,PSR01,GLP01,18000,kg,BD-SP2KP,,,,,SP2KP Kemendag: Gula Pasir Curah (Pasar Taba Penanjung)
2026-03-20,PSR01,GLP02,18000,kg,BD-SP2KP,,,,,SP2KP Kemendag: Gula Pasir Kemasan (Pasar Taba Penanjung)
2026-03-20,PSR01,MGR02,21000,liter,BD-SP2KP,,,,,SP2KP Kemendag: Minyak Goreng Sawit Kemasan Premium (Pasar Taba Penanjung)
2026-03-20,PSR01,DSP01,150000,kg,BD-SP2KP,,,,,SP2KP Kemendag: Daging Sapi Paha Belakang (Pasar Taba Penanjung)
2026-03-20,PSR01,CMR02,45000,kg,BD-SP2KP,,,,,SP2KP Kemendag: Cabai Merah Keriting (Pasar Taba Penanjung)
2026-03-20,PSR01,TLR01,28200,kg,BD-SP2KP,,,,,SP2KP Kemendag: Telur Ayam Ras (Pasar Taba Penanjung)
2026-03-20,PSR01,DAY01,45000,kg,BD-SP2KP,,,,,SP2KP Kemendag: Daging Ayam Ras (Pasar Taba Penanjung)
2026-03-20,PSR01,BWP01,35000,kg,BD-SP2KP,,,,,SP2KP Kemendag: Bawang Putih Honan (Pasar Taba Penanjung)
2026-03-20,PSR01,BRS05,16000,kg,BD-SP2KP,,,,,SP2KP Kemendag: Beras Premium (Pasar Taba Penanjung)
2026-03-20,PSR01,BRS03,14375,kg,BD-SP2KP,,,,,SP2KP Kemendag: Beras Medium (Pasar Taba Penanjung)
2026-03-20,PSR01,DSP02,150000,kg,BD-SP2KP,,,,,SP2KP Kemendag: Daging Sapi Paha Depan (Pasar Taba Penanjung)
2026-03-20,PSR01,CMR01,40000,kg,BD-SP2KP,,,,,SP2KP Kemendag: Cabai Merah Besar (Pasar Taba Penanjung)
2026-03-20,PSR92,CRW02,73333,kg,BD-SP2KP,,,,,SP2KP Kemendag: Cabai Rawit Merah (Pasar Panorama)
2026-03-20,PSR92,CRW01,73333,kg,BD-SP2KP,,,,,SP2KP Kemendag: Cabai Rawit Hijau (Pasar Panorama)
2026-03-20,PSR92,BWM01,56000,kg,BD-SP2KP,,,,,SP2KP Kemendag: Bawang Merah (Pasar Panorama)
2026-03-20,PSR92,GLP01,18500,kg,BD-SP2KP,,,,,SP2KP Kemendag: Gula Pasir Curah (Pasar Panorama)
2026-03-20,PSR92,GLP02,19000,kg,BD-SP2KP,,,,,SP2KP Kemendag: Gula Pasir Kemasan (Pasar Panorama)
2026-03-20,PSR92,MGR02,22000,liter,BD-SP2KP,,,,,SP2KP Kemendag: Minyak Goreng Sawit Kemasan Premium (Pasar Panorama)
2026-03-20,PSR92,DSP01,150000,kg,BD-SP2KP,,,,,SP2KP Kemendag: Daging Sapi Paha Belakang (Pasar Panorama)
2026-03-20,PSR92,CMR02,63333,kg,BD-SP2KP,,,,,SP2KP Kemendag: Cabai Merah Keriting (Pasar Panorama)
2026-03-20,PSR92,TLR01,30400,kg,BD-SP2KP,,,,,SP2KP Kemendag: Telur Ayam Ras (Pasar Panorama)
2026-03-20,PSR92,DAY01,45000,kg,BD-SP2KP,,,,,SP2KP Kemendag: Daging Ayam Ras (Pasar Panorama)
2026-03-20,PSR92,BWP01,45000,kg,BD-SP2KP,,,,,SP2KP Kemendag: Bawang Putih Honan (Pasar Panorama)
2026-03-20,PSR92,BRS05,16000,kg,BD-SP2KP,,,,,SP2KP Kemendag: Beras Premium (Pasar Panorama)
2026-03-20,PSR92,BRS03,13725,kg,BD-SP2KP,,,,,SP2KP Kemendag: Beras Medium (Pasar Panorama)
2026-03-20,PSR92,DSP02,150000,kg,BD-SP2KP,,,,,SP2KP Kemendag: Daging Sapi Paha Depan (Pasar Panorama)
2026-03-20,PSR92,CMR01,35000,kg,BD-SP2KP,,,,,SP2KP Kemendag: Cabai Merah Besar (Pasar Panorama)
2026-03-25,PSR91,CRW02,60000,kg,BD-SP2KP,,,,,SP2KP Kemendag: Cabai Rawit Merah (Pasar Kepahiang)
2026-03-25,PSR91,CRW01,60000,kg,BD-SP2KP,,,,,SP2KP Kemendag: Cabai Rawit Hijau (Pasar Kepahiang)
2026-03-25,PSR91,BWM01,40000,kg,BD-SP2KP,,,,,SP2KP Kemendag: Bawang Merah (Pasar Kepahiang)
2026-03-25,PSR91,GLP01,18000,kg,BD-SP2KP,,,,,SP2KP Kemendag: Gula Pasir Curah (Pasar Kepahiang)
2026-03-25,PSR91,GLP02,19000,kg,BD-SP2KP,,,,,SP2KP Kemendag: Gula Pasir Kemasan (Pasar Kepahiang)
2026-03-25,PSR91,MGR02,21000,liter,BD-SP2KP,,,,,SP2KP Kemendag: Minyak Goreng Sawit Kemasan Premium (Pasar Kepahiang)
2026-03-25,PSR91,DSP01,140000,kg,BD-SP2KP,,,,,SP2KP Kemendag: Daging Sapi Paha Belakang (Pasar Kepahiang)
2026-03-25,PSR91,CMR02,35000,kg,BD-SP2KP,,,,,SP2KP Kemendag: Cabai Merah Keriting (Pasar Kepahiang)
2026-03-25,PSR91,TLR01,28800,kg,BD-SP2KP,,,,,SP2KP Kemendag: Telur Ayam Ras (Pasar Kepahiang)
2026-03-25,PSR91,DAY01,48000,kg,BD-SP2KP,,,,,SP2KP Kemendag: Daging Ayam Ras (Pasar Kepahiang)
2026-03-25,PSR91,BWP01,37000,kg,BD-SP2KP,,,,,SP2KP Kemendag: Bawang Putih Honan (Pasar Kepahiang)
2026-03-25,PSR91,BRS05,15500,kg,BD-SP2KP,,,,,SP2KP Kemendag: Beras Premium (Pasar Kepahiang)
2026-03-25,PSR91,BRS03,13750,kg,BD-SP2KP,,,,,SP2KP Kemendag: Beras Medium (Pasar Kepahiang)
2026-03-25,PSR91,DSP02,140000,kg,BD-SP2KP,,,,,SP2KP Kemendag: Daging Sapi Paha Depan (Pasar Kepahiang)
2026-03-25,PSR91,CMR01,30000,kg,BD-SP2KP,,,,,SP2KP Kemendag: Cabai Merah Besar (Pasar Kepahiang)
2026-03-25,PSR01,CRW02,70000,kg,BD-SP2KP,,,,,SP2KP Kemendag: Cabai Rawit Merah (Pasar Taba Penanjung)
2026-03-25,PSR01,CRW01,45000,kg,BD-SP2KP,,,,,SP2KP Kemendag: Cabai Rawit Hijau (Pasar Taba Penanjung)
2026-03-25,PSR01,BWM01,38000,kg,BD-SP2KP,,,,,SP2KP Kemendag: Bawang Merah (Pasar Taba Penanjung)
2026-03-25,PSR01,GLP01,18000,kg,BD-SP2KP,,,,,SP2KP Kemendag: Gula Pasir Curah (Pasar Taba Penanjung)
2026-03-25,PSR01,GLP02,18000,kg,BD-SP2KP,,,,,SP2KP Kemendag: Gula Pasir Kemasan (Pasar Taba Penanjung)
2026-03-25,PSR01,MGR02,21000,liter,BD-SP2KP,,,,,SP2KP Kemendag: Minyak Goreng Sawit Kemasan Premium (Pasar Taba Penanjung)
2026-03-25,PSR01,DSP01,150000,kg,BD-SP2KP,,,,,SP2KP Kemendag: Daging Sapi Paha Belakang (Pasar Taba Penanjung)
2026-03-25,PSR01,CMR02,45000,kg,BD-SP2KP,,,,,SP2KP Kemendag: Cabai Merah Keriting (Pasar Taba Penanjung)
2026-03-25,PSR01,TLR01,28200,kg,BD-SP2KP,,,,,SP2KP Kemendag: Telur Ayam Ras (Pasar Taba Penanjung)
2026-03-25,PSR01,DAY01,45000,kg,BD-SP2KP,,,,,SP2KP Kemendag: Daging Ayam Ras (Pasar Taba Penanjung)
2026-03-25,PSR01,BWP01,35000,kg,BD-SP2KP,,,,,SP2KP Kemendag: Bawang Putih Honan (Pasar Taba Penanjung)
2026-03-25,PSR01,BRS05,16000,kg,BD-SP2KP,,,,,SP2KP Kemendag: Beras Premium (Pasar Taba Penanjung)
2026-03-25,PSR01,BRS03,14375,kg,BD-SP2KP,,,,,SP2KP Kemendag: Beras Medium (Pasar Taba Penanjung)
2026-03-25,PSR01,DSP02,150000,kg,BD-SP2KP,,,,,SP2KP Kemendag: Daging Sapi Paha Depan (Pasar Taba Penanjung)
2026-03-25,PSR01,CMR01,40000,kg,BD-SP2KP,,,,,SP2KP Kemendag: Cabai Merah Besar (Pasar Taba Penanjung)
2026-03-25,PSR92,CRW02,78333,kg,BD-SP2KP,,,,,SP2KP Kemendag: Cabai Rawit Merah (Pasar Panorama)
2026-03-25,PSR92,CRW01,81667,kg,BD-SP2KP,,,,,SP2KP Kemendag: Cabai Rawit Hijau (Pasar Panorama)
2026-03-25,PSR92,BWM01,51667,kg,BD-SP2KP,,,,,SP2KP Kemendag: Bawang Merah (Pasar Panorama)
2026-03-25,PSR92,GLP01,18500,kg,BD-SP2KP,,,,,SP2KP Kemendag: Gula Pasir Curah (Pasar Panorama)
2026-03-25,PSR92,GLP02,19000,kg,BD-SP2KP,,,,,SP2KP Kemendag: Gula Pasir Kemasan (Pasar Panorama)
2026-03-25,PSR92,MGR02,22000,liter,BD-SP2KP,,,,,SP2KP Kemendag: Minyak Goreng Sawit Kemasan Premium (Pasar Panorama)
2026-03-25,PSR92,DSP01,150000,kg,BD-SP2KP,,,,,SP2KP Kemendag: Daging Sapi Paha Belakang (Pasar Panorama)
2026-03-25,PSR92,CMR02,46667,kg,BD-SP2KP,,,,,SP2KP Kemendag: Cabai Merah Keriting (Pasar Panorama)
2026-03-25,PSR92,TLR01,30400,kg,BD-SP2KP,,,,,SP2KP Kemendag: Telur Ayam Ras (Pasar Panorama)
2026-03-25,PSR92,DAY01,46000,kg,BD-SP2KP,,,,,SP2KP Kemendag: Daging Ayam Ras (Pasar Panorama)
2026-03-25,PSR92,BWP01,46667,kg,BD-SP2KP,,,,,SP2KP Kemendag: Bawang Putih Honan (Pasar Panorama)
2026-03-25,PSR92,BRS05,16000,kg,BD-SP2KP,,,,,SP2KP Kemendag: Beras Premium (Pasar Panorama)
2026-03-25,PSR92,BRS03,13750,kg,BD-SP2KP,,,,,SP2KP Kemendag: Beras Medium (Pasar Panorama)
2026-03-25,PSR92,DSP02,150000,kg,BD-SP2KP,,,,,SP2KP Kemendag: Daging Sapi Paha Depan (Pasar Panorama)
2026-03-25,PSR92,CMR01,35000,kg,BD-SP2KP,,,,,SP2KP Kemendag: Cabai Merah Besar (Pasar Panorama)
2026-03-26,PSR91,CRW02,60000,kg,BD-SP2KP,,,,,SP2KP Kemendag: Cabai Rawit Merah (Pasar Kepahiang)
2026-03-26,PSR91,CRW01,60000,kg,BD-SP2KP,,,,,SP2KP Kemendag: Cabai Rawit Hijau (Pasar Kepahiang)
2026-03-26,PSR91,BWM01,40000,kg,BD-SP2KP,,,,,SP2KP Kemendag: Bawang Merah (Pasar Kepahiang)
2026-03-26,PSR91,GLP01,18000,kg,BD-SP2KP,,,,,SP2KP Kemendag: Gula Pasir Curah (Pasar Kepahiang)
2026-03-26,PSR91,GLP02,19000,kg,BD-SP2KP,,,,,SP2KP Kemendag: Gula Pasir Kemasan (Pasar Kepahiang)
2026-03-26,PSR91,MGR02,21000,liter,BD-SP2KP,,,,,SP2KP Kemendag: Minyak Goreng Sawit Kemasan Premium (Pasar Kepahiang)
2026-03-26,PSR91,DSP01,140000,kg,BD-SP2KP,,,,,SP2KP Kemendag: Daging Sapi Paha Belakang (Pasar Kepahiang)
2026-03-26,PSR91,CMR02,35000,kg,BD-SP2KP,,,,,SP2KP Kemendag: Cabai Merah Keriting (Pasar Kepahiang)
2026-03-26,PSR91,TLR01,28000,kg,BD-SP2KP,,,,,SP2KP Kemendag: Telur Ayam Ras (Pasar Kepahiang)
2026-03-26,PSR91,DAY01,48000,kg,BD-SP2KP,,,,,SP2KP Kemendag: Daging Ayam Ras (Pasar Kepahiang)
2026-03-26,PSR91,BWP01,37000,kg,BD-SP2KP,,,,,SP2KP Kemendag: Bawang Putih Honan (Pasar Kepahiang)
2026-03-26,PSR91,BRS05,15500,kg,BD-SP2KP,,,,,SP2KP Kemendag: Beras Premium (Pasar Kepahiang)
2026-03-26,PSR91,BRS03,13750,kg,BD-SP2KP,,,,,SP2KP Kemendag: Beras Medium (Pasar Kepahiang)
2026-03-26,PSR91,DSP02,140000,kg,BD-SP2KP,,,,,SP2KP Kemendag: Daging Sapi Paha Depan (Pasar Kepahiang)
2026-03-26,PSR91,CMR01,30000,kg,BD-SP2KP,,,,,SP2KP Kemendag: Cabai Merah Besar (Pasar Kepahiang)
2026-03-26,PSR01,CRW02,70000,kg,BD-SP2KP,,,,,SP2KP Kemendag: Cabai Rawit Merah (Pasar Taba Penanjung)
2026-03-26,PSR01,CRW01,45000,kg,BD-SP2KP,,,,,SP2KP Kemendag: Cabai Rawit Hijau (Pasar Taba Penanjung)
2026-03-26,PSR01,BWM01,35000,kg,BD-SP2KP,,,,,SP2KP Kemendag: Bawang Merah (Pasar Taba Penanjung)
2026-03-26,PSR01,GLP01,18000,kg,BD-SP2KP,,,,,SP2KP Kemendag: Gula Pasir Curah (Pasar Taba Penanjung)
2026-03-26,PSR01,GLP02,18000,kg,BD-SP2KP,,,,,SP2KP Kemendag: Gula Pasir Kemasan (Pasar Taba Penanjung)
2026-03-26,PSR01,MGR02,21000,liter,BD-SP2KP,,,,,SP2KP Kemendag: Minyak Goreng Sawit Kemasan Premium (Pasar Taba Penanjung)
2026-03-26,PSR01,DSP01,150000,kg,BD-SP2KP,,,,,SP2KP Kemendag: Daging Sapi Paha Belakang (Pasar Taba Penanjung)
2026-03-26,PSR01,CMR02,35000,kg,BD-SP2KP,,,,,SP2KP Kemendag: Cabai Merah Keriting (Pasar Taba Penanjung)
2026-03-26,PSR01,TLR01,28200,kg,BD-SP2KP,,,,,SP2KP Kemendag: Telur Ayam Ras (Pasar Taba Penanjung)
2026-03-26,PSR01,DAY01,45000,kg,BD-SP2KP,,,,,SP2KP Kemendag: Daging Ayam Ras (Pasar Taba Penanjung)
2026-03-26,PSR01,BWP01,35000,kg,BD-SP2KP,,,,,SP2KP Kemendag: Bawang Putih Honan (Pasar Taba Penanjung)
2026-03-26,PSR01,BRS05,16000,kg,BD-SP2KP,,,,,SP2KP Kemendag: Beras Premium (Pasar Taba Penanjung)
2026-03-26,PSR01,BRS03,14375,kg,BD-SP2KP,,,,,SP2KP Kemendag: Beras Medium (Pasar Taba Penanjung)
2026-03-26,PSR01,DSP02,150000,kg,BD-SP2KP,,,,,SP2KP Kemendag: Daging Sapi Paha Depan (Pasar Taba Penanjung)
2026-03-26,PSR01,CMR01,30000,kg,BD-SP2KP,,,,,SP2KP Kemendag: Cabai Merah Besar (Pasar Taba Penanjung)
2026-03-26,PSR92,CRW02,78333,kg,BD-SP2KP,,,,,SP2KP Kemendag: Cabai Rawit Merah (Pasar Panorama)
2026-03-26,PSR92,CRW01,81667,kg,BD-SP2KP,,,,,SP2KP Kemendag: Cabai Rawit Hijau (Pasar Panorama)
2026-03-26,PSR92,BWM01,51667,kg,BD-SP2KP,,,,,SP2KP Kemendag: Bawang Merah (Pasar Panorama)
2026-03-26,PSR92,GLP01,18500,kg,BD-SP2KP,,,,,SP2KP Kemendag: Gula Pasir Curah (Pasar Panorama)
2026-03-26,PSR92,GLP02,19000,kg,BD-SP2KP,,,,,SP2KP Kemendag: Gula Pasir Kemasan (Pasar Panorama)
2026-03-26,PSR92,MGR02,22000,liter,BD-SP2KP,,,,,SP2KP Kemendag: Minyak Goreng Sawit Kemasan Premium (Pasar Panorama)
2026-03-26,PSR92,DSP01,150000,kg,BD-SP2KP,,,,,SP2KP Kemendag: Daging Sapi Paha Belakang (Pasar Panorama)
2026-03-26,PSR92,CMR02,46667,kg,BD-SP2KP,,,,,SP2KP Kemendag: Cabai Merah Keriting (Pasar Panorama)
2026-03-26,PSR92,TLR01,30400,kg,BD-SP2KP,,,,,SP2KP Kemendag: Telur Ayam Ras (Pasar Panorama)
2026-03-26,PSR92,DAY01,46000,kg,BD-SP2KP,,,,,SP2KP Kemendag: Daging Ayam Ras (Pasar Panorama)
2026-03-26,PSR92,BWP01,46667,kg,BD-SP2KP,,,,,SP2KP Kemendag: Bawang Putih Honan (Pasar Panorama)
2026-03-26,PSR92,BRS05,16000,kg,BD-SP2KP,,,,,SP2KP Kemendag: Beras Premium (Pasar Panorama)
2026-03-26,PSR92,BRS03,13750,kg,BD-SP2KP,,,,,SP2KP Kemendag: Beras Medium (Pasar Panorama)
2026-03-26,PSR92,DSP02,150000,kg,BD-SP2KP,,,,,SP2KP Kemendag: Daging Sapi Paha Depan (Pasar Panorama)
2026-03-26,PSR92,CMR01,35000,kg,BD-SP2KP,,,,,SP2KP Kemendag: Cabai Merah Besar (Pasar Panorama)
2026-03-27,PSR91,CRW02,60000,kg,BD-SP2KP,,,,,SP2KP Kemendag: Cabai Rawit Merah (Pasar Kepahiang)
2026-03-27,PSR91,CRW01,60000,kg,BD-SP2KP,,,,,SP2KP Kemendag: Cabai Rawit Hijau (Pasar Kepahiang)
2026-03-27,PSR91,BWM01,40000,kg,BD-SP2KP,,,,,SP2KP Kemendag: Bawang Merah (Pasar Kepahiang)
2026-03-27,PSR91,GLP01,18000,kg,BD-SP2KP,,,,,SP2KP Kemendag: Gula Pasir Curah (Pasar Kepahiang)
2026-03-27,PSR91,GLP02,19000,kg,BD-SP2KP,,,,,SP2KP Kemendag: Gula Pasir Kemasan (Pasar Kepahiang)
2026-03-27,PSR91,MGR02,21000,liter,BD-SP2KP,,,,,SP2KP Kemendag: Minyak Goreng Sawit Kemasan Premium (Pasar Kepahiang)
2026-03-27,PSR91,DSP01,140000,kg,BD-SP2KP,,,,,SP2KP Kemendag: Daging Sapi Paha Belakang (Pasar Kepahiang)
2026-03-27,PSR91,CMR02,30000,kg,BD-SP2KP,,,,,SP2KP Kemendag: Cabai Merah Keriting (Pasar Kepahiang)
2026-03-27,PSR91,TLR01,28000,kg,BD-SP2KP,,,,,SP2KP Kemendag: Telur Ayam Ras (Pasar Kepahiang)
2026-03-27,PSR91,DAY01,48000,kg,BD-SP2KP,,,,,SP2KP Kemendag: Daging Ayam Ras (Pasar Kepahiang)
2026-03-27,PSR91,BWP01,37000,kg,BD-SP2KP,,,,,SP2KP Kemendag: Bawang Putih Honan (Pasar Kepahiang)
2026-03-27,PSR91,BRS05,15500,kg,BD-SP2KP,,,,,SP2KP Kemendag: Beras Premium (Pasar Kepahiang)
2026-03-27,PSR91,BRS03,13750,kg,BD-SP2KP,,,,,SP2KP Kemendag: Beras Medium (Pasar Kepahiang)
2026-03-27,PSR91,DSP02,140000,kg,BD-SP2KP,,,,,SP2KP Kemendag: Daging Sapi Paha Depan (Pasar Kepahiang)
2026-03-27,PSR91,CMR01,25000,kg,BD-SP2KP,,,,,SP2KP Kemendag: Cabai Merah Besar (Pasar Kepahiang)
2026-03-27,PSR01,CRW02,70000,kg,BD-SP2KP,,,,,SP2KP Kemendag: Cabai Rawit Merah (Pasar Taba Penanjung)
2026-03-27,PSR01,CRW01,45000,kg,BD-SP2KP,,,,,SP2KP Kemendag: Cabai Rawit Hijau (Pasar Taba Penanjung)
2026-03-27,PSR01,BWM01,35000,kg,BD-SP2KP,,,,,SP2KP Kemendag: Bawang Merah (Pasar Taba Penanjung)
2026-03-27,PSR01,GLP01,18000,kg,BD-SP2KP,,,,,SP2KP Kemendag: Gula Pasir Curah (Pasar Taba Penanjung)
2026-03-27,PSR01,GLP02,18000,kg,BD-SP2KP,,,,,SP2KP Kemendag: Gula Pasir Kemasan (Pasar Taba Penanjung)
2026-03-27,PSR01,MGR02,21000,liter,BD-SP2KP,,,,,SP2KP Kemendag: Minyak Goreng Sawit Kemasan Premium (Pasar Taba Penanjung)
2026-03-27,PSR01,DSP01,150000,kg,BD-SP2KP,,,,,SP2KP Kemendag: Daging Sapi Paha Belakang (Pasar Taba Penanjung)
2026-03-27,PSR01,CMR02,35000,kg,BD-SP2KP,,,,,SP2KP Kemendag: Cabai Merah Keriting (Pasar Taba Penanjung)
2026-03-27,PSR01,TLR01,28200,kg,BD-SP2KP,,,,,SP2KP Kemendag: Telur Ayam Ras (Pasar Taba Penanjung)
2026-03-27,PSR01,DAY01,45000,kg,BD-SP2KP,,,,,SP2KP Kemendag: Daging Ayam Ras (Pasar Taba Penanjung)
2026-03-27,PSR01,BWP01,35000,kg,BD-SP2KP,,,,,SP2KP Kemendag: Bawang Putih Honan (Pasar Taba Penanjung)
2026-03-27,PSR01,BRS05,16000,kg,BD-SP2KP,,,,,SP2KP Kemendag: Beras Premium (Pasar Taba Penanjung)
2026-03-27,PSR01,BRS03,14375,kg,BD-SP2KP,,,,,SP2KP Kemendag: Beras Medium (Pasar Taba Penanjung)
2026-03-27,PSR01,DSP02,150000,kg,BD-SP2KP,,,,,SP2KP Kemendag: Daging Sapi Paha Depan (Pasar Taba Penanjung)
2026-03-27,PSR01,CMR01,30000,kg,BD-SP2KP,,,,,SP2KP Kemendag: Cabai Merah Besar (Pasar Taba Penanjung)
2026-03-27,PSR92,CRW02,60000,kg,BD-SP2KP,,,,,SP2KP Kemendag: Cabai Rawit Merah (Pasar Panorama)
2026-03-27,PSR92,CRW01,40000,kg,BD-SP2KP,,,,,SP2KP Kemendag: Cabai Rawit Hijau (Pasar Panorama)
2026-03-27,PSR92,BWM01,51667,kg,BD-SP2KP,,,,,SP2KP Kemendag: Bawang Merah (Pasar Panorama)
2026-03-27,PSR92,GLP01,18500,kg,BD-SP2KP,,,,,SP2KP Kemendag: Gula Pasir Curah (Pasar Panorama)
2026-03-27,PSR92,GLP02,19000,kg,BD-SP2KP,,,,,SP2KP Kemendag: Gula Pasir Kemasan (Pasar Panorama)
2026-03-27,PSR92,MGR02,22000,liter,BD-SP2KP,,,,,SP2KP Kemendag: Minyak Goreng Sawit Kemasan Premium (Pasar Panorama)
2026-03-27,PSR92,DSP01,150000,kg,BD-SP2KP,,,,,SP2KP Kemendag: Daging Sapi Paha Belakang (Pasar Panorama)
2026-03-27,PSR92,CMR02,23333,kg,BD-SP2KP,,,,,SP2KP Kemendag: Cabai Merah Keriting (Pasar Panorama)
2026-03-27,PSR92,TLR01,30400,kg,BD-SP2KP,,,,,SP2KP Kemendag: Telur Ayam Ras (Pasar Panorama)
2026-03-27,PSR92,DAY01,46000,kg,BD-SP2KP,,,,,SP2KP Kemendag: Daging Ayam Ras (Pasar Panorama)
2026-03-27,PSR92,BWP01,46667,kg,BD-SP2KP,,,,,SP2KP Kemendag: Bawang Putih Honan (Pasar Panorama)
2026-03-27,PSR92,BRS05,16000,kg,BD-SP2KP,,,,,SP2KP Kemendag: Beras Premium (Pasar Panorama)
2026-03-27,PSR92,BRS03,13750,kg,BD-SP2KP,,,,,SP2KP Kemendag: Beras Medium (Pasar Panorama)
2026-03-27,PSR92,DSP02,150000,kg,BD-SP2KP,,,,,SP2KP Kemendag: Daging Sapi Paha Depan (Pasar Panorama)
2026-03-27,PSR92,CMR01,35000,kg,BD-SP2KP,,,,,SP2KP Kemendag: Cabai Merah Besar (Pasar Panorama)
2026-03-30,PSR91,CRW02,45000,kg,BD-SP2KP,,,,,SP2KP Kemendag: Cabai Rawit Merah (Pasar Kepahiang)
2026-03-30,PSR91,CRW01,35000,kg,BD-SP2KP,,,,,SP2KP Kemendag: Cabai Rawit Hijau (Pasar Kepahiang)
2026-03-30,PSR91,BWM01,48000,kg,BD-SP2KP,,,,,SP2KP Kemendag: Bawang Merah (Pasar Kepahiang)
2026-03-30,PSR91,GLP01,18000,kg,BD-SP2KP,,,,,SP2KP Kemendag: Gula Pasir Curah (Pasar Kepahiang)
2026-03-30,PSR91,GLP02,19000,kg,BD-SP2KP,,,,,SP2KP Kemendag: Gula Pasir Kemasan (Pasar Kepahiang)
2026-03-30,PSR91,MGR02,21000,liter,BD-SP2KP,,,,,SP2KP Kemendag: Minyak Goreng Sawit Kemasan Premium (Pasar Kepahiang)
2026-03-30,PSR91,DSP01,140000,kg,BD-SP2KP,,,,,SP2KP Kemendag: Daging Sapi Paha Belakang (Pasar Kepahiang)
2026-03-30,PSR91,CMR02,40000,kg,BD-SP2KP,,,,,SP2KP Kemendag: Cabai Merah Keriting (Pasar Kepahiang)
2026-03-30,PSR91,TLR01,28000,kg,BD-SP2KP,,,,,SP2KP Kemendag: Telur Ayam Ras (Pasar Kepahiang)
2026-03-30,PSR91,DAY01,48000,kg,BD-SP2KP,,,,,SP2KP Kemendag: Daging Ayam Ras (Pasar Kepahiang)
2026-03-30,PSR91,BWP01,37000,kg,BD-SP2KP,,,,,SP2KP Kemendag: Bawang Putih Honan (Pasar Kepahiang)
2026-03-30,PSR91,BRS05,15500,kg,BD-SP2KP,,,,,SP2KP Kemendag: Beras Premium (Pasar Kepahiang)
2026-03-30,PSR91,BRS03,13750,kg,BD-SP2KP,,,,,SP2KP Kemendag: Beras Medium (Pasar Kepahiang)
2026-03-30,PSR91,DSP02,140000,kg,BD-SP2KP,,,,,SP2KP Kemendag: Daging Sapi Paha Depan (Pasar Kepahiang)
2026-03-30,PSR91,CMR01,35000,kg,BD-SP2KP,,,,,SP2KP Kemendag: Cabai Merah Besar (Pasar Kepahiang)
2026-03-30,PSR01,CRW02,70000,kg,BD-SP2KP,,,,,SP2KP Kemendag: Cabai Rawit Merah (Pasar Taba Penanjung)
2026-03-30,PSR01,CRW01,45000,kg,BD-SP2KP,,,,,SP2KP Kemendag: Cabai Rawit Hijau (Pasar Taba Penanjung)
2026-03-30,PSR01,BWM01,35000,kg,BD-SP2KP,,,,,SP2KP Kemendag: Bawang Merah (Pasar Taba Penanjung)
2026-03-30,PSR01,GLP01,18000,kg,BD-SP2KP,,,,,SP2KP Kemendag: Gula Pasir Curah (Pasar Taba Penanjung)
2026-03-30,PSR01,GLP02,18000,kg,BD-SP2KP,,,,,SP2KP Kemendag: Gula Pasir Kemasan (Pasar Taba Penanjung)
2026-03-30,PSR01,MGR02,21000,liter,BD-SP2KP,,,,,SP2KP Kemendag: Minyak Goreng Sawit Kemasan Premium (Pasar Taba Penanjung)
2026-03-30,PSR01,DSP01,150000,kg,BD-SP2KP,,,,,SP2KP Kemendag: Daging Sapi Paha Belakang (Pasar Taba Penanjung)
2026-03-30,PSR01,CMR02,35000,kg,BD-SP2KP,,,,,SP2KP Kemendag: Cabai Merah Keriting (Pasar Taba Penanjung)
2026-03-30,PSR01,TLR01,28200,kg,BD-SP2KP,,,,,SP2KP Kemendag: Telur Ayam Ras (Pasar Taba Penanjung)
2026-03-30,PSR01,DAY01,45000,kg,BD-SP2KP,,,,,SP2KP Kemendag: Daging Ayam Ras (Pasar Taba Penanjung)
2026-03-30,PSR01,BWP01,35000,kg,BD-SP2KP,,,,,SP2KP Kemendag: Bawang Putih Honan (Pasar Taba Penanjung)
2026-03-30,PSR01,BRS05,16000,kg,BD-SP2KP,,,,,SP2KP Kemendag: Beras Premium (Pasar Taba Penanjung)
2026-03-30,PSR01,BRS03,14375,kg,BD-SP2KP,,,,,SP2KP Kemendag: Beras Medium (Pasar Taba Penanjung)
2026-03-30,PSR01,DSP02,150000,kg,BD-SP2KP,,,,,SP2KP Kemendag: Daging Sapi Paha Depan (Pasar Taba Penanjung)
2026-03-30,PSR01,CMR01,30000,kg,BD-SP2KP,,,,,SP2KP Kemendag: Cabai Merah Besar (Pasar Taba Penanjung)
2026-03-30,PSR92,CRW02,63333,kg,BD-SP2KP,,,,,SP2KP Kemendag: Cabai Rawit Merah (Pasar Panorama)
2026-03-30,PSR92,CRW01,53333,kg,BD-SP2KP,,,,,SP2KP Kemendag: Cabai Rawit Hijau (Pasar Panorama)
2026-03-30,PSR92,BWM01,51667,kg,BD-SP2KP,,,,,SP2KP Kemendag: Bawang Merah (Pasar Panorama)
2026-03-30,PSR92,GLP01,18833,kg,BD-SP2KP,,,,,SP2KP Kemendag: Gula Pasir Curah (Pasar Panorama)
2026-03-30,PSR92,GLP02,19167,kg,BD-SP2KP,,,,,SP2KP Kemendag: Gula Pasir Kemasan (Pasar Panorama)
2026-03-30,PSR92,MGR02,22000,liter,BD-SP2KP,,,,,SP2KP Kemendag: Minyak Goreng Sawit Kemasan Premium (Pasar Panorama)
2026-03-30,PSR92,DSP01,150000,kg,BD-SP2KP,,,,,SP2KP Kemendag: Daging Sapi Paha Belakang (Pasar Panorama)
2026-03-30,PSR92,CMR02,31667,kg,BD-SP2KP,,,,,SP2KP Kemendag: Cabai Merah Keriting (Pasar Panorama)
2026-03-30,PSR92,TLR01,30400,kg,BD-SP2KP,,,,,SP2KP Kemendag: Telur Ayam Ras (Pasar Panorama)
2026-03-30,PSR92,DAY01,46000,kg,BD-SP2KP,,,,,SP2KP Kemendag: Daging Ayam Ras (Pasar Panorama)
2026-03-30,PSR92,BWP01,53333,kg,BD-SP2KP,,,,,SP2KP Kemendag: Bawang Putih Honan (Pasar Panorama)
2026-03-30,PSR92,BRS05,16000,kg,BD-SP2KP,,,,,SP2KP Kemendag: Beras Premium (Pasar Panorama)
2026-03-30,PSR92,BRS03,13750,kg,BD-SP2KP,,,,,SP2KP Kemendag: Beras Medium (Pasar Panorama)
2026-03-30,PSR92,DSP02,150000,kg,BD-SP2KP,,,,,SP2KP Kemendag: Daging Sapi Paha Depan (Pasar Panorama)
2026-03-30,PSR92,CMR01,35000,kg,BD-SP2KP,,,,,SP2KP Kemendag: Cabai Merah Besar (Pasar Panorama)
2026-03-31,PSR91,CRW02,45000,kg,BD-SP2KP,,,,,SP2KP Kemendag: Cabai Rawit Merah (Pasar Kepahiang)
2026-03-31,PSR91,CRW01,35000,kg,BD-SP2KP,,,,,SP2KP Kemendag: Cabai Rawit Hijau (Pasar Kepahiang)
2026-03-31,PSR91,BWM01,48000,kg,BD-SP2KP,,,,,SP2KP Kemendag: Bawang Merah (Pasar Kepahiang)
2026-03-31,PSR91,GLP01,18000,kg,BD-SP2KP,,,,,SP2KP Kemendag: Gula Pasir Curah (Pasar Kepahiang)
2026-03-31,PSR91,GLP02,19000,kg,BD-SP2KP,,,,,SP2KP Kemendag: Gula Pasir Kemasan (Pasar Kepahiang)
2026-03-31,PSR91,MGR02,21000,liter,BD-SP2KP,,,,,SP2KP Kemendag: Minyak Goreng Sawit Kemasan Premium (Pasar Kepahiang)
2026-03-31,PSR91,DSP01,140000,kg,BD-SP2KP,,,,,SP2KP Kemendag: Daging Sapi Paha Belakang (Pasar Kepahiang)
2026-03-31,PSR91,CMR02,40000,kg,BD-SP2KP,,,,,SP2KP Kemendag: Cabai Merah Keriting (Pasar Kepahiang)
2026-03-31,PSR91,TLR01,28000,kg,BD-SP2KP,,,,,SP2KP Kemendag: Telur Ayam Ras (Pasar Kepahiang)
2026-03-31,PSR91,DAY01,48000,kg,BD-SP2KP,,,,,SP2KP Kemendag: Daging Ayam Ras (Pasar Kepahiang)
2026-03-31,PSR91,BWP01,37000,kg,BD-SP2KP,,,,,SP2KP Kemendag: Bawang Putih Honan (Pasar Kepahiang)
2026-03-31,PSR91,BRS05,15500,kg,BD-SP2KP,,,,,SP2KP Kemendag: Beras Premium (Pasar Kepahiang)
2026-03-31,PSR91,BRS03,13750,kg,BD-SP2KP,,,,,SP2KP Kemendag: Beras Medium (Pasar Kepahiang)
2026-03-31,PSR91,DSP02,140000,kg,BD-SP2KP,,,,,SP2KP Kemendag: Daging Sapi Paha Depan (Pasar Kepahiang)
2026-03-31,PSR91,CMR01,35000,kg,BD-SP2KP,,,,,SP2KP Kemendag: Cabai Merah Besar (Pasar Kepahiang)
2026-03-31,PSR01,CRW02,70000,kg,BD-SP2KP,,,,,SP2KP Kemendag: Cabai Rawit Merah (Pasar Taba Penanjung)
2026-03-31,PSR01,CRW01,45000,kg,BD-SP2KP,,,,,SP2KP Kemendag: Cabai Rawit Hijau (Pasar Taba Penanjung)
2026-03-31,PSR01,BWM01,35000,kg,BD-SP2KP,,,,,SP2KP Kemendag: Bawang Merah (Pasar Taba Penanjung)
2026-03-31,PSR01,GLP01,18000,kg,BD-SP2KP,,,,,SP2KP Kemendag: Gula Pasir Curah (Pasar Taba Penanjung)
2026-03-31,PSR01,GLP02,18000,kg,BD-SP2KP,,,,,SP2KP Kemendag: Gula Pasir Kemasan (Pasar Taba Penanjung)
2026-03-31,PSR01,MGR02,21000,liter,BD-SP2KP,,,,,SP2KP Kemendag: Minyak Goreng Sawit Kemasan Premium (Pasar Taba Penanjung)
2026-03-31,PSR01,DSP01,150000,kg,BD-SP2KP,,,,,SP2KP Kemendag: Daging Sapi Paha Belakang (Pasar Taba Penanjung)
2026-03-31,PSR01,CMR02,35000,kg,BD-SP2KP,,,,,SP2KP Kemendag: Cabai Merah Keriting (Pasar Taba Penanjung)
2026-03-31,PSR01,TLR01,28200,kg,BD-SP2KP,,,,,SP2KP Kemendag: Telur Ayam Ras (Pasar Taba Penanjung)
2026-03-31,PSR01,DAY01,45000,kg,BD-SP2KP,,,,,SP2KP Kemendag: Daging Ayam Ras (Pasar Taba Penanjung)
2026-03-31,PSR01,BWP01,35000,kg,BD-SP2KP,,,,,SP2KP Kemendag: Bawang Putih Honan (Pasar Taba Penanjung)
2026-03-31,PSR01,BRS05,16000,kg,BD-SP2KP,,,,,SP2KP Kemendag: Beras Premium (Pasar Taba Penanjung)
2026-03-31,PSR01,BRS03,14375,kg,BD-SP2KP,,,,,SP2KP Kemendag: Beras Medium (Pasar Taba Penanjung)
2026-03-31,PSR01,DSP02,150000,kg,BD-SP2KP,,,,,SP2KP Kemendag: Daging Sapi Paha Depan (Pasar Taba Penanjung)
2026-03-31,PSR01,CMR01,30000,kg,BD-SP2KP,,,,,SP2KP Kemendag: Cabai Merah Besar (Pasar Taba Penanjung)
2026-03-31,PSR92,CRW02,63333,kg,BD-SP2KP,,,,,SP2KP Kemendag: Cabai Rawit Merah (Pasar Panorama)
2026-03-31,PSR92,CRW01,53333,kg,BD-SP2KP,,,,,SP2KP Kemendag: Cabai Rawit Hijau (Pasar Panorama)
2026-03-31,PSR92,BWM01,51667,kg,BD-SP2KP,,,,,SP2KP Kemendag: Bawang Merah (Pasar Panorama)
2026-03-31,PSR92,GLP01,18833,kg,BD-SP2KP,,,,,SP2KP Kemendag: Gula Pasir Curah (Pasar Panorama)
2026-03-31,PSR92,GLP02,19167,kg,BD-SP2KP,,,,,SP2KP Kemendag: Gula Pasir Kemasan (Pasar Panorama)
2026-03-31,PSR92,MGR02,22000,liter,BD-SP2KP,,,,,SP2KP Kemendag: Minyak Goreng Sawit Kemasan Premium (Pasar Panorama)
2026-03-31,PSR92,DSP01,150000,kg,BD-SP2KP,,,,,SP2KP Kemendag: Daging Sapi Paha Belakang (Pasar Panorama)
2026-03-31,PSR92,CMR02,31667,kg,BD-SP2KP,,,,,SP2KP Kemendag: Cabai Merah Keriting (Pasar Panorama)
2026-03-31,PSR92,TLR01,30400,kg,BD-SP2KP,,,,,SP2KP Kemendag: Telur Ayam Ras (Pasar Panorama)
2026-03-31,PSR92,DAY01,45000,kg,BD-SP2KP,,,,,SP2KP Kemendag: Daging Ayam Ras (Pasar Panorama)
2026-03-31,PSR92,BWP01,53333,kg,BD-SP2KP,,,,,SP2KP Kemendag: Bawang Putih Honan (Pasar Panorama)
2026-03-31,PSR92,BRS05,16000,kg,BD-SP2KP,,,,,SP2KP Kemendag: Beras Premium (Pasar Panorama)
2026-03-31,PSR92,BRS03,13750,kg,BD-SP2KP,,,,,SP2KP Kemendag: Beras Medium (Pasar Panorama)
2026-03-31,PSR92,DSP02,150000,kg,BD-SP2KP,,,,,SP2KP Kemendag: Daging Sapi Paha Depan (Pasar Panorama)
2026-03-31,PSR92,CMR01,35000,kg,BD-SP2KP,,,,,SP2KP Kemendag: Cabai Merah Besar (Pasar Panorama)
2026-04-01,PSR91,CRW02,45000,kg,BD-SP2KP,,,,,SP2KP Kemendag: Cabai Rawit Merah (Pasar Kepahiang)
2026-04-01,PSR91,CRW01,35000,kg,BD-SP2KP,,,,,SP2KP Kemendag: Cabai Rawit Hijau (Pasar Kepahiang)
2026-04-01,PSR91,BWM01,48000,kg,BD-SP2KP,,,,,SP2KP Kemendag: Bawang Merah (Pasar Kepahiang)
2026-04-01,PSR91,GLP01,18000,kg,BD-SP2KP,,,,,SP2KP Kemendag: Gula Pasir Curah (Pasar Kepahiang)
2026-04-01,PSR91,GLP02,19000,kg,BD-SP2KP,,,,,SP2KP Kemendag: Gula Pasir Kemasan (Pasar Kepahiang)
2026-04-01,PSR91,MGR02,21000,liter,BD-SP2KP,,,,,SP2KP Kemendag: Minyak Goreng Sawit Kemasan Premium (Pasar Kepahiang)
2026-04-01,PSR91,DSP01,140000,kg,BD-SP2KP,,,,,SP2KP Kemendag: Daging Sapi Paha Belakang (Pasar Kepahiang)
2026-04-01,PSR91,CMR02,35000,kg,BD-SP2KP,,,,,SP2KP Kemendag: Cabai Merah Keriting (Pasar Kepahiang)
2026-04-01,PSR91,TLR01,28000,kg,BD-SP2KP,,,,,SP2KP Kemendag: Telur Ayam Ras (Pasar Kepahiang)
2026-04-01,PSR91,DAY01,46000,kg,BD-SP2KP,,,,,SP2KP Kemendag: Daging Ayam Ras (Pasar Kepahiang)
2026-04-01,PSR91,BWP01,37000,kg,BD-SP2KP,,,,,SP2KP Kemendag: Bawang Putih Honan (Pasar Kepahiang)
2026-04-01,PSR91,BRS05,15500,kg,BD-SP2KP,,,,,SP2KP Kemendag: Beras Premium (Pasar Kepahiang)
2026-04-01,PSR91,BRS03,13750,kg,BD-SP2KP,,,,,SP2KP Kemendag: Beras Medium (Pasar Kepahiang)
2026-04-01,PSR91,DSP02,140000,kg,BD-SP2KP,,,,,SP2KP Kemendag: Daging Sapi Paha Depan (Pasar Kepahiang)
2026-04-01,PSR91,CMR01,30000,kg,BD-SP2KP,,,,,SP2KP Kemendag: Cabai Merah Besar (Pasar Kepahiang)
2026-04-01,PSR01,CRW02,70000,kg,BD-SP2KP,,,,,SP2KP Kemendag: Cabai Rawit Merah (Pasar Taba Penanjung)
2026-04-01,PSR01,CRW01,45000,kg,BD-SP2KP,,,,,SP2KP Kemendag: Cabai Rawit Hijau (Pasar Taba Penanjung)
2026-04-01,PSR01,BWM01,35000,kg,BD-SP2KP,,,,,SP2KP Kemendag: Bawang Merah (Pasar Taba Penanjung)
2026-04-01,PSR01,GLP01,18000,kg,BD-SP2KP,,,,,SP2KP Kemendag: Gula Pasir Curah (Pasar Taba Penanjung)
2026-04-01,PSR01,GLP02,18000,kg,BD-SP2KP,,,,,SP2KP Kemendag: Gula Pasir Kemasan (Pasar Taba Penanjung)
2026-04-01,PSR01,MGR02,21000,liter,BD-SP2KP,,,,,SP2KP Kemendag: Minyak Goreng Sawit Kemasan Premium (Pasar Taba Penanjung)
2026-04-01,PSR01,DSP01,150000,kg,BD-SP2KP,,,,,SP2KP Kemendag: Daging Sapi Paha Belakang (Pasar Taba Penanjung)
2026-04-01,PSR01,CMR02,35000,kg,BD-SP2KP,,,,,SP2KP Kemendag: Cabai Merah Keriting (Pasar Taba Penanjung)
2026-04-01,PSR01,TLR01,28200,kg,BD-SP2KP,,,,,SP2KP Kemendag: Telur Ayam Ras (Pasar Taba Penanjung)
2026-04-01,PSR01,DAY01,45000,kg,BD-SP2KP,,,,,SP2KP Kemendag: Daging Ayam Ras (Pasar Taba Penanjung)
2026-04-01,PSR01,BWP01,35000,kg,BD-SP2KP,,,,,SP2KP Kemendag: Bawang Putih Honan (Pasar Taba Penanjung)
2026-04-01,PSR01,BRS05,16000,kg,BD-SP2KP,,,,,SP2KP Kemendag: Beras Premium (Pasar Taba Penanjung)
2026-04-01,PSR01,BRS03,14375,kg,BD-SP2KP,,,,,SP2KP Kemendag: Beras Medium (Pasar Taba Penanjung)
2026-04-01,PSR01,DSP02,150000,kg,BD-SP2KP,,,,,SP2KP Kemendag: Daging Sapi Paha Depan (Pasar Taba Penanjung)
2026-04-01,PSR01,CMR01,30000,kg,BD-SP2KP,,,,,SP2KP Kemendag: Cabai Merah Besar (Pasar Taba Penanjung)
2026-04-01,PSR92,CRW02,63333,kg,BD-SP2KP,,,,,SP2KP Kemendag: Cabai Rawit Merah (Pasar Panorama)
2026-04-01,PSR92,CRW01,53333,kg,BD-SP2KP,,,,,SP2KP Kemendag: Cabai Rawit Hijau (Pasar Panorama)
2026-04-01,PSR92,BWM01,51667,kg,BD-SP2KP,,,,,SP2KP Kemendag: Bawang Merah (Pasar Panorama)
2026-04-01,PSR92,GLP01,18833,kg,BD-SP2KP,,,,,SP2KP Kemendag: Gula Pasir Curah (Pasar Panorama)
2026-04-01,PSR92,GLP02,19167,kg,BD-SP2KP,,,,,SP2KP Kemendag: Gula Pasir Kemasan (Pasar Panorama)
2026-04-01,PSR92,MGR02,22000,liter,BD-SP2KP,,,,,SP2KP Kemendag: Minyak Goreng Sawit Kemasan Premium (Pasar Panorama)
2026-04-01,PSR92,DSP01,150000,kg,BD-SP2KP,,,,,SP2KP Kemendag: Daging Sapi Paha Belakang (Pasar Panorama)
2026-04-01,PSR92,CMR02,31667,kg,BD-SP2KP,,,,,SP2KP Kemendag: Cabai Merah Keriting (Pasar Panorama)
2026-04-01,PSR92,TLR01,30400,kg,BD-SP2KP,,,,,SP2KP Kemendag: Telur Ayam Ras (Pasar Panorama)
2026-04-01,PSR92,DAY01,45000,kg,BD-SP2KP,,,,,SP2KP Kemendag: Daging Ayam Ras (Pasar Panorama)
2026-04-01,PSR92,BWP01,53333,kg,BD-SP2KP,,,,,SP2KP Kemendag: Bawang Putih Honan (Pasar Panorama)
2026-04-01,PSR92,BRS05,16000,kg,BD-SP2KP,,,,,SP2KP Kemendag: Beras Premium (Pasar Panorama)
2026-04-01,PSR92,BRS03,13750,kg,BD-SP2KP,,,,,SP2KP Kemendag: Beras Medium (Pasar Panorama)
2026-04-01,PSR92,DSP02,150000,kg,BD-SP2KP,,,,,SP2KP Kemendag: Daging Sapi Paha Depan (Pasar Panorama)
2026-04-01,PSR92,CMR01,35000,kg,BD-SP2KP,,,,,SP2KP Kemendag: Cabai Merah Besar (Pasar Panorama)
2026-04-02,PSR91,CRW02,45000,kg,BD-SP2KP,,,,,SP2KP Kemendag: Cabai Rawit Merah (Pasar Kepahiang)
2026-04-02,PSR91,CRW01,35000,kg,BD-SP2KP,,,,,SP2KP Kemendag: Cabai Rawit Hijau (Pasar Kepahiang)
2026-04-02,PSR91,BWM01,48000,kg,BD-SP2KP,,,,,SP2KP Kemendag: Bawang Merah (Pasar Kepahiang)
2026-04-02,PSR91,GLP01,18000,kg,BD-SP2KP,,,,,SP2KP Kemendag: Gula Pasir Curah (Pasar Kepahiang)
2026-04-02,PSR91,GLP02,19000,kg,BD-SP2KP,,,,,SP2KP Kemendag: Gula Pasir Kemasan (Pasar Kepahiang)
2026-04-02,PSR91,MGR02,21000,liter,BD-SP2KP,,,,,SP2KP Kemendag: Minyak Goreng Sawit Kemasan Premium (Pasar Kepahiang)
2026-04-02,PSR91,DSP01,140000,kg,BD-SP2KP,,,,,SP2KP Kemendag: Daging Sapi Paha Belakang (Pasar Kepahiang)
2026-04-02,PSR91,CMR02,35000,kg,BD-SP2KP,,,,,SP2KP Kemendag: Cabai Merah Keriting (Pasar Kepahiang)
2026-04-02,PSR91,TLR01,28000,kg,BD-SP2KP,,,,,SP2KP Kemendag: Telur Ayam Ras (Pasar Kepahiang)
2026-04-02,PSR91,DAY01,45000,kg,BD-SP2KP,,,,,SP2KP Kemendag: Daging Ayam Ras (Pasar Kepahiang)
2026-04-02,PSR91,BWP01,37000,kg,BD-SP2KP,,,,,SP2KP Kemendag: Bawang Putih Honan (Pasar Kepahiang)
2026-04-02,PSR91,BRS05,15500,kg,BD-SP2KP,,,,,SP2KP Kemendag: Beras Premium (Pasar Kepahiang)
2026-04-02,PSR91,BRS03,13750,kg,BD-SP2KP,,,,,SP2KP Kemendag: Beras Medium (Pasar Kepahiang)
2026-04-02,PSR91,DSP02,140000,kg,BD-SP2KP,,,,,SP2KP Kemendag: Daging Sapi Paha Depan (Pasar Kepahiang)
2026-04-02,PSR91,CMR01,30000,kg,BD-SP2KP,,,,,SP2KP Kemendag: Cabai Merah Besar (Pasar Kepahiang)
2026-04-02,PSR01,CRW02,40000,kg,BD-SP2KP,,,,,SP2KP Kemendag: Cabai Rawit Merah (Pasar Taba Penanjung)
2026-04-02,PSR01,CRW01,35000,kg,BD-SP2KP,,,,,SP2KP Kemendag: Cabai Rawit Hijau (Pasar Taba Penanjung)
2026-04-02,PSR01,BWM01,42000,kg,BD-SP2KP,,,,,SP2KP Kemendag: Bawang Merah (Pasar Taba Penanjung)
2026-04-02,PSR01,GLP01,18000,kg,BD-SP2KP,,,,,SP2KP Kemendag: Gula Pasir Curah (Pasar Taba Penanjung)
2026-04-02,PSR01,GLP02,18000,kg,BD-SP2KP,,,,,SP2KP Kemendag: Gula Pasir Kemasan (Pasar Taba Penanjung)
2026-04-02,PSR01,MGR02,21000,liter,BD-SP2KP,,,,,SP2KP Kemendag: Minyak Goreng Sawit Kemasan Premium (Pasar Taba Penanjung)
2026-04-02,PSR01,DSP01,150000,kg,BD-SP2KP,,,,,SP2KP Kemendag: Daging Sapi Paha Belakang (Pasar Taba Penanjung)
2026-04-02,PSR01,CMR02,35000,kg,BD-SP2KP,,,,,SP2KP Kemendag: Cabai Merah Keriting (Pasar Taba Penanjung)
2026-04-02,PSR01,TLR01,28200,kg,BD-SP2KP,,,,,SP2KP Kemendag: Telur Ayam Ras (Pasar Taba Penanjung)
2026-04-02,PSR01,DAY01,40000,kg,BD-SP2KP,,,,,SP2KP Kemendag: Daging Ayam Ras (Pasar Taba Penanjung)
2026-04-02,PSR01,BWP01,35000,kg,BD-SP2KP,,,,,SP2KP Kemendag: Bawang Putih Honan (Pasar Taba Penanjung)
2026-04-02,PSR01,BRS05,16000,kg,BD-SP2KP,,,,,SP2KP Kemendag: Beras Premium (Pasar Taba Penanjung)
2026-04-02,PSR01,BRS03,13750,kg,BD-SP2KP,,,,,SP2KP Kemendag: Beras Medium (Pasar Taba Penanjung)
2026-04-02,PSR01,DSP02,150000,kg,BD-SP2KP,,,,,SP2KP Kemendag: Daging Sapi Paha Depan (Pasar Taba Penanjung)
2026-04-02,PSR01,CMR01,30000,kg,BD-SP2KP,,,,,SP2KP Kemendag: Cabai Merah Besar (Pasar Taba Penanjung)
2026-04-02,PSR92,CRW02,63333,kg,BD-SP2KP,,,,,SP2KP Kemendag: Cabai Rawit Merah (Pasar Panorama)
2026-04-02,PSR92,CRW01,53333,kg,BD-SP2KP,,,,,SP2KP Kemendag: Cabai Rawit Hijau (Pasar Panorama)
2026-04-02,PSR92,BWM01,51667,kg,BD-SP2KP,,,,,SP2KP Kemendag: Bawang Merah (Pasar Panorama)
2026-04-02,PSR92,GLP01,18833,kg,BD-SP2KP,,,,,SP2KP Kemendag: Gula Pasir Curah (Pasar Panorama)
2026-04-02,PSR92,GLP02,19167,kg,BD-SP2KP,,,,,SP2KP Kemendag: Gula Pasir Kemasan (Pasar Panorama)
2026-04-02,PSR92,MGR02,22000,liter,BD-SP2KP,,,,,SP2KP Kemendag: Minyak Goreng Sawit Kemasan Premium (Pasar Panorama)
2026-04-02,PSR92,DSP01,150000,kg,BD-SP2KP,,,,,SP2KP Kemendag: Daging Sapi Paha Belakang (Pasar Panorama)
2026-04-02,PSR92,CMR02,35000,kg,BD-SP2KP,,,,,SP2KP Kemendag: Cabai Merah Keriting (Pasar Panorama)
2026-04-02,PSR92,TLR01,30400,kg,BD-SP2KP,,,,,SP2KP Kemendag: Telur Ayam Ras (Pasar Panorama)
2026-04-02,PSR92,DAY01,45000,kg,BD-SP2KP,,,,,SP2KP Kemendag: Daging Ayam Ras (Pasar Panorama)
2026-04-02,PSR92,BWP01,53333,kg,BD-SP2KP,,,,,SP2KP Kemendag: Bawang Putih Honan (Pasar Panorama)
2026-04-02,PSR92,BRS05,16000,kg,BD-SP2KP,,,,,SP2KP Kemendag: Beras Premium (Pasar Panorama)
2026-04-02,PSR92,BRS03,13750,kg,BD-SP2KP,,,,,SP2KP Kemendag: Beras Medium (Pasar Panorama)
2026-04-02,PSR92,DSP02,150000,kg,BD-SP2KP,,,,,SP2KP Kemendag: Daging Sapi Paha Depan (Pasar Panorama)
2026-04-02,PSR92,CMR01,35000,kg,BD-SP2KP,,,,,SP2KP Kemendag: Cabai Merah Besar (Pasar Panorama)
2026-04-06,PSR91,CRW02,55000,kg,BD-SP2KP,,,,,SP2KP Kemendag: Cabai Rawit Merah (Pasar Kepahiang)
2026-04-06,PSR91,CRW01,40000,kg,BD-SP2KP,,,,,SP2KP Kemendag: Cabai Rawit Hijau (Pasar Kepahiang)
2026-04-06,PSR91,BWM01,48000,kg,BD-SP2KP,,,,,SP2KP Kemendag: Bawang Merah (Pasar Kepahiang)
2026-04-06,PSR91,GLP01,18000,kg,BD-SP2KP,,,,,SP2KP Kemendag: Gula Pasir Curah (Pasar Kepahiang)
2026-04-06,PSR91,GLP02,19000,kg,BD-SP2KP,,,,,SP2KP Kemendag: Gula Pasir Kemasan (Pasar Kepahiang)
2026-04-06,PSR91,MGR02,21000,liter,BD-SP2KP,,,,,SP2KP Kemendag: Minyak Goreng Sawit Kemasan Premium (Pasar Kepahiang)
2026-04-06,PSR91,DSP01,140000,kg,BD-SP2KP,,,,,SP2KP Kemendag: Daging Sapi Paha Belakang (Pasar Kepahiang)
2026-04-06,PSR91,CMR02,40000,kg,BD-SP2KP,,,,,SP2KP Kemendag: Cabai Merah Keriting (Pasar Kepahiang)
2026-04-06,PSR91,TLR01,28000,kg,BD-SP2KP,,,,,SP2KP Kemendag: Telur Ayam Ras (Pasar Kepahiang)
2026-04-06,PSR91,DAY01,45000,kg,BD-SP2KP,,,,,SP2KP Kemendag: Daging Ayam Ras (Pasar Kepahiang)
2026-04-06,PSR91,BWP01,37000,kg,BD-SP2KP,,,,,SP2KP Kemendag: Bawang Putih Honan (Pasar Kepahiang)
2026-04-06,PSR91,BRS05,15500,kg,BD-SP2KP,,,,,SP2KP Kemendag: Beras Premium (Pasar Kepahiang)
2026-04-06,PSR91,BRS03,13750,kg,BD-SP2KP,,,,,SP2KP Kemendag: Beras Medium (Pasar Kepahiang)
2026-04-06,PSR91,DSP02,140000,kg,BD-SP2KP,,,,,SP2KP Kemendag: Daging Sapi Paha Depan (Pasar Kepahiang)
2026-04-06,PSR91,CMR01,35000,kg,BD-SP2KP,,,,,SP2KP Kemendag: Cabai Merah Besar (Pasar Kepahiang)
2026-04-06,PSR01,CRW02,40000,kg,BD-SP2KP,,,,,SP2KP Kemendag: Cabai Rawit Merah (Pasar Taba Penanjung)
2026-04-06,PSR01,CRW01,35000,kg,BD-SP2KP,,,,,SP2KP Kemendag: Cabai Rawit Hijau (Pasar Taba Penanjung)
2026-04-06,PSR01,BWM01,42000,kg,BD-SP2KP,,,,,SP2KP Kemendag: Bawang Merah (Pasar Taba Penanjung)
2026-04-06,PSR01,GLP01,18000,kg,BD-SP2KP,,,,,SP2KP Kemendag: Gula Pasir Curah (Pasar Taba Penanjung)
2026-04-06,PSR01,GLP02,18000,kg,BD-SP2KP,,,,,SP2KP Kemendag: Gula Pasir Kemasan (Pasar Taba Penanjung)
2026-04-06,PSR01,MGR02,21000,liter,BD-SP2KP,,,,,SP2KP Kemendag: Minyak Goreng Sawit Kemasan Premium (Pasar Taba Penanjung)
2026-04-06,PSR01,DSP01,150000,kg,BD-SP2KP,,,,,SP2KP Kemendag: Daging Sapi Paha Belakang (Pasar Taba Penanjung)
2026-04-06,PSR01,CMR02,35000,kg,BD-SP2KP,,,,,SP2KP Kemendag: Cabai Merah Keriting (Pasar Taba Penanjung)
2026-04-06,PSR01,TLR01,28200,kg,BD-SP2KP,,,,,SP2KP Kemendag: Telur Ayam Ras (Pasar Taba Penanjung)
2026-04-06,PSR01,DAY01,40000,kg,BD-SP2KP,,,,,SP2KP Kemendag: Daging Ayam Ras (Pasar Taba Penanjung)
2026-04-06,PSR01,BWP01,35000,kg,BD-SP2KP,,,,,SP2KP Kemendag: Bawang Putih Honan (Pasar Taba Penanjung)
2026-04-06,PSR01,BRS05,16000,kg,BD-SP2KP,,,,,SP2KP Kemendag: Beras Premium (Pasar Taba Penanjung)
2026-04-06,PSR01,BRS03,13750,kg,BD-SP2KP,,,,,SP2KP Kemendag: Beras Medium (Pasar Taba Penanjung)
2026-04-06,PSR01,DSP02,150000,kg,BD-SP2KP,,,,,SP2KP Kemendag: Daging Sapi Paha Depan (Pasar Taba Penanjung)
2026-04-06,PSR01,CMR01,30000,kg,BD-SP2KP,,,,,SP2KP Kemendag: Cabai Merah Besar (Pasar Taba Penanjung)
2026-04-06,PSR92,CRW02,63333,kg,BD-SP2KP,,,,,SP2KP Kemendag: Cabai Rawit Merah (Pasar Panorama)
2026-04-06,PSR92,CRW01,53333,kg,BD-SP2KP,,,,,SP2KP Kemendag: Cabai Rawit Hijau (Pasar Panorama)
2026-04-06,PSR92,BWM01,51667,kg,BD-SP2KP,,,,,SP2KP Kemendag: Bawang Merah (Pasar Panorama)
2026-04-06,PSR92,GLP01,18833,kg,BD-SP2KP,,,,,SP2KP Kemendag: Gula Pasir Curah (Pasar Panorama)
2026-04-06,PSR92,GLP02,19333,kg,BD-SP2KP,,,,,SP2KP Kemendag: Gula Pasir Kemasan (Pasar Panorama)
2026-04-06,PSR92,MGR02,22000,liter,BD-SP2KP,,,,,SP2KP Kemendag: Minyak Goreng Sawit Kemasan Premium (Pasar Panorama)
2026-04-06,PSR92,DSP01,150000,kg,BD-SP2KP,,,,,SP2KP Kemendag: Daging Sapi Paha Belakang (Pasar Panorama)
2026-04-06,PSR92,CMR02,36667,kg,BD-SP2KP,,,,,SP2KP Kemendag: Cabai Merah Keriting (Pasar Panorama)
2026-04-06,PSR92,TLR01,30400,kg,BD-SP2KP,,,,,SP2KP Kemendag: Telur Ayam Ras (Pasar Panorama)
2026-04-06,PSR92,DAY01,42000,kg,BD-SP2KP,,,,,SP2KP Kemendag: Daging Ayam Ras (Pasar Panorama)
2026-04-06,PSR92,BWP01,53333,kg,BD-SP2KP,,,,,SP2KP Kemendag: Bawang Putih Honan (Pasar Panorama)
2026-04-06,PSR92,BRS05,16000,kg,BD-SP2KP,,,,,SP2KP Kemendag: Beras Premium (Pasar Panorama)
2026-04-06,PSR92,BRS03,13750,kg,BD-SP2KP,,,,,SP2KP Kemendag: Beras Medium (Pasar Panorama)
2026-04-06,PSR92,DSP02,150000,kg,BD-SP2KP,,,,,SP2KP Kemendag: Daging Sapi Paha Depan (Pasar Panorama)
2026-04-06,PSR92,CMR01,35000,kg,BD-SP2KP,,,,,SP2KP Kemendag: Cabai Merah Besar (Pasar Panorama)
2026-04-07,PSR91,CRW02,55000,kg,BD-SP2KP,,,,,SP2KP Kemendag: Cabai Rawit Merah (Pasar Kepahiang)
2026-04-07,PSR91,CRW01,40000,kg,BD-SP2KP,,,,,SP2KP Kemendag: Cabai Rawit Hijau (Pasar Kepahiang)
2026-04-07,PSR91,BWM01,48000,kg,BD-SP2KP,,,,,SP2KP Kemendag: Bawang Merah (Pasar Kepahiang)
2026-04-07,PSR91,GLP01,18000,kg,BD-SP2KP,,,,,SP2KP Kemendag: Gula Pasir Curah (Pasar Kepahiang)
2026-04-07,PSR91,GLP02,19000,kg,BD-SP2KP,,,,,SP2KP Kemendag: Gula Pasir Kemasan (Pasar Kepahiang)
2026-04-07,PSR91,MGR02,21000,liter,BD-SP2KP,,,,,SP2KP Kemendag: Minyak Goreng Sawit Kemasan Premium (Pasar Kepahiang)
2026-04-07,PSR91,DSP01,140000,kg,BD-SP2KP,,,,,SP2KP Kemendag: Daging Sapi Paha Belakang (Pasar Kepahiang)
2026-04-07,PSR91,CMR02,40000,kg,BD-SP2KP,,,,,SP2KP Kemendag: Cabai Merah Keriting (Pasar Kepahiang)
2026-04-07,PSR91,TLR01,28000,kg,BD-SP2KP,,,,,SP2KP Kemendag: Telur Ayam Ras (Pasar Kepahiang)
2026-04-07,PSR91,DAY01,45000,kg,BD-SP2KP,,,,,SP2KP Kemendag: Daging Ayam Ras (Pasar Kepahiang)
2026-04-07,PSR91,BWP01,37000,kg,BD-SP2KP,,,,,SP2KP Kemendag: Bawang Putih Honan (Pasar Kepahiang)
2026-04-07,PSR91,BRS05,15500,kg,BD-SP2KP,,,,,SP2KP Kemendag: Beras Premium (Pasar Kepahiang)
2026-04-07,PSR91,BRS03,13750,kg,BD-SP2KP,,,,,SP2KP Kemendag: Beras Medium (Pasar Kepahiang)
2026-04-07,PSR91,DSP02,140000,kg,BD-SP2KP,,,,,SP2KP Kemendag: Daging Sapi Paha Depan (Pasar Kepahiang)
2026-04-07,PSR91,CMR01,35000,kg,BD-SP2KP,,,,,SP2KP Kemendag: Cabai Merah Besar (Pasar Kepahiang)
2026-04-07,PSR01,CRW02,40000,kg,BD-SP2KP,,,,,SP2KP Kemendag: Cabai Rawit Merah (Pasar Taba Penanjung)
2026-04-07,PSR01,CRW01,35000,kg,BD-SP2KP,,,,,SP2KP Kemendag: Cabai Rawit Hijau (Pasar Taba Penanjung)
2026-04-07,PSR01,BWM01,42000,kg,BD-SP2KP,,,,,SP2KP Kemendag: Bawang Merah (Pasar Taba Penanjung)
2026-04-07,PSR01,GLP01,18000,kg,BD-SP2KP,,,,,SP2KP Kemendag: Gula Pasir Curah (Pasar Taba Penanjung)
2026-04-07,PSR01,GLP02,18000,kg,BD-SP2KP,,,,,SP2KP Kemendag: Gula Pasir Kemasan (Pasar Taba Penanjung)
2026-04-07,PSR01,MGR02,21000,liter,BD-SP2KP,,,,,SP2KP Kemendag: Minyak Goreng Sawit Kemasan Premium (Pasar Taba Penanjung)
2026-04-07,PSR01,DSP01,150000,kg,BD-SP2KP,,,,,SP2KP Kemendag: Daging Sapi Paha Belakang (Pasar Taba Penanjung)
2026-04-07,PSR01,CMR02,35000,kg,BD-SP2KP,,,,,SP2KP Kemendag: Cabai Merah Keriting (Pasar Taba Penanjung)
2026-04-07,PSR01,TLR01,28200,kg,BD-SP2KP,,,,,SP2KP Kemendag: Telur Ayam Ras (Pasar Taba Penanjung)
2026-04-07,PSR01,DAY01,40000,kg,BD-SP2KP,,,,,SP2KP Kemendag: Daging Ayam Ras (Pasar Taba Penanjung)
2026-04-07,PSR01,BWP01,35000,kg,BD-SP2KP,,,,,SP2KP Kemendag: Bawang Putih Honan (Pasar Taba Penanjung)
2026-04-07,PSR01,BRS05,16000,kg,BD-SP2KP,,,,,SP2KP Kemendag: Beras Premium (Pasar Taba Penanjung)
2026-04-07,PSR01,BRS03,13750,kg,BD-SP2KP,,,,,SP2KP Kemendag: Beras Medium (Pasar Taba Penanjung)
2026-04-07,PSR01,DSP02,150000,kg,BD-SP2KP,,,,,SP2KP Kemendag: Daging Sapi Paha Depan (Pasar Taba Penanjung)
2026-04-07,PSR01,CMR01,30000,kg,BD-SP2KP,,,,,SP2KP Kemendag: Cabai Merah Besar (Pasar Taba Penanjung)
2026-04-07,PSR92,CRW02,63333,kg,BD-SP2KP,,,,,SP2KP Kemendag: Cabai Rawit Merah (Pasar Panorama)
2026-04-07,PSR92,CRW01,53333,kg,BD-SP2KP,,,,,SP2KP Kemendag: Cabai Rawit Hijau (Pasar Panorama)
2026-04-07,PSR92,BWM01,51667,kg,BD-SP2KP,,,,,SP2KP Kemendag: Bawang Merah (Pasar Panorama)
2026-04-07,PSR92,GLP01,18833,kg,BD-SP2KP,,,,,SP2KP Kemendag: Gula Pasir Curah (Pasar Panorama)
2026-04-07,PSR92,GLP02,19333,kg,BD-SP2KP,,,,,SP2KP Kemendag: Gula Pasir Kemasan (Pasar Panorama)
2026-04-07,PSR92,MGR02,22000,liter,BD-SP2KP,,,,,SP2KP Kemendag: Minyak Goreng Sawit Kemasan Premium (Pasar Panorama)
2026-04-07,PSR92,DSP01,150000,kg,BD-SP2KP,,,,,SP2KP Kemendag: Daging Sapi Paha Belakang (Pasar Panorama)
2026-04-07,PSR92,CMR02,36667,kg,BD-SP2KP,,,,,SP2KP Kemendag: Cabai Merah Keriting (Pasar Panorama)
2026-04-07,PSR92,TLR01,30400,kg,BD-SP2KP,,,,,SP2KP Kemendag: Telur Ayam Ras (Pasar Panorama)
2026-04-07,PSR92,DAY01,41000,kg,BD-SP2KP,,,,,SP2KP Kemendag: Daging Ayam Ras (Pasar Panorama)
2026-04-07,PSR92,BWP01,53333,kg,BD-SP2KP,,,,,SP2KP Kemendag: Bawang Putih Honan (Pasar Panorama)
2026-04-07,PSR92,BRS05,16000,kg,BD-SP2KP,,,,,SP2KP Kemendag: Beras Premium (Pasar Panorama)
2026-04-07,PSR92,BRS03,13750,kg,BD-SP2KP,,,,,SP2KP Kemendag: Beras Medium (Pasar Panorama)
2026-04-07,PSR92,DSP02,150000,kg,BD-SP2KP,,,,,SP2KP Kemendag: Daging Sapi Paha Depan (Pasar Panorama)
2026-04-07,PSR92,CMR01,35000,kg,BD-SP2KP,,,,,SP2KP Kemendag: Cabai Merah Besar (Pasar Panorama)
2026-04-08,PSR91,CRW02,55000,kg,BD-SP2KP,,,,,SP2KP Kemendag: Cabai Rawit Merah (Pasar Kepahiang)
2026-04-08,PSR91,CRW01,40000,kg,BD-SP2KP,,,,,SP2KP Kemendag: Cabai Rawit Hijau (Pasar Kepahiang)
2026-04-08,PSR91,BWM01,48000,kg,BD-SP2KP,,,,,SP2KP Kemendag: Bawang Merah (Pasar Kepahiang)
2026-04-08,PSR91,GLP01,18000,kg,BD-SP2KP,,,,,SP2KP Kemendag: Gula Pasir Curah (Pasar Kepahiang)
2026-04-08,PSR91,GLP02,19000,kg,BD-SP2KP,,,,,SP2KP Kemendag: Gula Pasir Kemasan (Pasar Kepahiang)
2026-04-08,PSR91,MGR02,21000,liter,BD-SP2KP,,,,,SP2KP Kemendag: Minyak Goreng Sawit Kemasan Premium (Pasar Kepahiang)
2026-04-08,PSR91,DSP01,140000,kg,BD-SP2KP,,,,,SP2KP Kemendag: Daging Sapi Paha Belakang (Pasar Kepahiang)
2026-04-08,PSR91,CMR02,40000,kg,BD-SP2KP,,,,,SP2KP Kemendag: Cabai Merah Keriting (Pasar Kepahiang)
2026-04-08,PSR91,TLR01,28000,kg,BD-SP2KP,,,,,SP2KP Kemendag: Telur Ayam Ras (Pasar Kepahiang)
2026-04-08,PSR91,DAY01,45000,kg,BD-SP2KP,,,,,SP2KP Kemendag: Daging Ayam Ras (Pasar Kepahiang)
2026-04-08,PSR91,BWP01,37000,kg,BD-SP2KP,,,,,SP2KP Kemendag: Bawang Putih Honan (Pasar Kepahiang)
2026-04-08,PSR91,BRS05,15500,kg,BD-SP2KP,,,,,SP2KP Kemendag: Beras Premium (Pasar Kepahiang)
2026-04-08,PSR91,BRS03,13750,kg,BD-SP2KP,,,,,SP2KP Kemendag: Beras Medium (Pasar Kepahiang)
2026-04-08,PSR91,DSP02,140000,kg,BD-SP2KP,,,,,SP2KP Kemendag: Daging Sapi Paha Depan (Pasar Kepahiang)
2026-04-08,PSR91,CMR01,35000,kg,BD-SP2KP,,,,,SP2KP Kemendag: Cabai Merah Besar (Pasar Kepahiang)
2026-04-08,PSR01,CRW02,40000,kg,BD-SP2KP,,,,,SP2KP Kemendag: Cabai Rawit Merah (Pasar Taba Penanjung)
2026-04-08,PSR01,CRW01,35000,kg,BD-SP2KP,,,,,SP2KP Kemendag: Cabai Rawit Hijau (Pasar Taba Penanjung)
2026-04-08,PSR01,BWM01,42000,kg,BD-SP2KP,,,,,SP2KP Kemendag: Bawang Merah (Pasar Taba Penanjung)
2026-04-08,PSR01,GLP01,18000,kg,BD-SP2KP,,,,,SP2KP Kemendag: Gula Pasir Curah (Pasar Taba Penanjung)
2026-04-08,PSR01,GLP02,18000,kg,BD-SP2KP,,,,,SP2KP Kemendag: Gula Pasir Kemasan (Pasar Taba Penanjung)
2026-04-08,PSR01,MGR02,21000,liter,BD-SP2KP,,,,,SP2KP Kemendag: Minyak Goreng Sawit Kemasan Premium (Pasar Taba Penanjung)
2026-04-08,PSR01,DSP01,150000,kg,BD-SP2KP,,,,,SP2KP Kemendag: Daging Sapi Paha Belakang (Pasar Taba Penanjung)
2026-04-08,PSR01,CMR02,35000,kg,BD-SP2KP,,,,,SP2KP Kemendag: Cabai Merah Keriting (Pasar Taba Penanjung)
2026-04-08,PSR01,TLR01,28200,kg,BD-SP2KP,,,,,SP2KP Kemendag: Telur Ayam Ras (Pasar Taba Penanjung)
2026-04-08,PSR01,DAY01,40000,kg,BD-SP2KP,,,,,SP2KP Kemendag: Daging Ayam Ras (Pasar Taba Penanjung)
2026-04-08,PSR01,BWP01,35000,kg,BD-SP2KP,,,,,SP2KP Kemendag: Bawang Putih Honan (Pasar Taba Penanjung)
2026-04-08,PSR01,BRS05,16000,kg,BD-SP2KP,,,,,SP2KP Kemendag: Beras Premium (Pasar Taba Penanjung)
2026-04-08,PSR01,BRS03,13750,kg,BD-SP2KP,,,,,SP2KP Kemendag: Beras Medium (Pasar Taba Penanjung)
2026-04-08,PSR01,DSP02,150000,kg,BD-SP2KP,,,,,SP2KP Kemendag: Daging Sapi Paha Depan (Pasar Taba Penanjung)
2026-04-08,PSR01,CMR01,30000,kg,BD-SP2KP,,,,,SP2KP Kemendag: Cabai Merah Besar (Pasar Taba Penanjung)
2026-04-08,PSR92,CRW02,66667,kg,BD-SP2KP,,,,,SP2KP Kemendag: Cabai Rawit Merah (Pasar Panorama)
2026-04-08,PSR92,CRW01,56667,kg,BD-SP2KP,,,,,SP2KP Kemendag: Cabai Rawit Hijau (Pasar Panorama)
2026-04-08,PSR92,BWM01,51667,kg,BD-SP2KP,,,,,SP2KP Kemendag: Bawang Merah (Pasar Panorama)
2026-04-08,PSR92,GLP01,18833,kg,BD-SP2KP,,,,,SP2KP Kemendag: Gula Pasir Curah (Pasar Panorama)
2026-04-08,PSR92,GLP02,19333,kg,BD-SP2KP,,,,,SP2KP Kemendag: Gula Pasir Kemasan (Pasar Panorama)
2026-04-08,PSR92,MGR02,22000,liter,BD-SP2KP,,,,,SP2KP Kemendag: Minyak Goreng Sawit Kemasan Premium (Pasar Panorama)
2026-04-08,PSR92,DSP01,150000,kg,BD-SP2KP,,,,,SP2KP Kemendag: Daging Sapi Paha Belakang (Pasar Panorama)
2026-04-08,PSR92,CMR02,36667,kg,BD-SP2KP,,,,,SP2KP Kemendag: Cabai Merah Keriting (Pasar Panorama)
2026-04-08,PSR92,TLR01,30400,kg,BD-SP2KP,,,,,SP2KP Kemendag: Telur Ayam Ras (Pasar Panorama)
2026-04-08,PSR92,DAY01,39333,kg,BD-SP2KP,,,,,SP2KP Kemendag: Daging Ayam Ras (Pasar Panorama)
2026-04-08,PSR92,BWP01,53333,kg,BD-SP2KP,,,,,SP2KP Kemendag: Bawang Putih Honan (Pasar Panorama)
2026-04-08,PSR92,BRS05,16000,kg,BD-SP2KP,,,,,SP2KP Kemendag: Beras Premium (Pasar Panorama)
2026-04-08,PSR92,BRS03,13750,kg,BD-SP2KP,,,,,SP2KP Kemendag: Beras Medium (Pasar Panorama)
2026-04-08,PSR92,DSP02,150000,kg,BD-SP2KP,,,,,SP2KP Kemendag: Daging Sapi Paha Depan (Pasar Panorama)
2026-04-08,PSR92,CMR01,35000,kg,BD-SP2KP,,,,,SP2KP Kemendag: Cabai Merah Besar (Pasar Panorama)
2026-04-09,PSR91,CRW02,55000,kg,BD-SP2KP,,,,,SP2KP Kemendag: Cabai Rawit Merah (Pasar Kepahiang)
2026-04-09,PSR91,CRW01,40000,kg,BD-SP2KP,,,,,SP2KP Kemendag: Cabai Rawit Hijau (Pasar Kepahiang)
2026-04-09,PSR91,BWM01,48000,kg,BD-SP2KP,,,,,SP2KP Kemendag: Bawang Merah (Pasar Kepahiang)
2026-04-09,PSR91,GLP01,18000,kg,BD-SP2KP,,,,,SP2KP Kemendag: Gula Pasir Curah (Pasar Kepahiang)
2026-04-09,PSR91,GLP02,19000,kg,BD-SP2KP,,,,,SP2KP Kemendag: Gula Pasir Kemasan (Pasar Kepahiang)
2026-04-09,PSR91,MGR02,22500,liter,BD-SP2KP,,,,,SP2KP Kemendag: Minyak Goreng Sawit Kemasan Premium (Pasar Kepahiang)
2026-04-09,PSR91,DSP01,140000,kg,BD-SP2KP,,,,,SP2KP Kemendag: Daging Sapi Paha Belakang (Pasar Kepahiang)
2026-04-09,PSR91,CMR02,40000,kg,BD-SP2KP,,,,,SP2KP Kemendag: Cabai Merah Keriting (Pasar Kepahiang)
2026-04-09,PSR91,TLR01,28000,kg,BD-SP2KP,,,,,SP2KP Kemendag: Telur Ayam Ras (Pasar Kepahiang)
2026-04-09,PSR91,DAY01,43000,kg,BD-SP2KP,,,,,SP2KP Kemendag: Daging Ayam Ras (Pasar Kepahiang)
2026-04-09,PSR91,BWP01,37000,kg,BD-SP2KP,,,,,SP2KP Kemendag: Bawang Putih Honan (Pasar Kepahiang)
2026-04-09,PSR91,BRS05,15500,kg,BD-SP2KP,,,,,SP2KP Kemendag: Beras Premium (Pasar Kepahiang)
2026-04-09,PSR91,BRS03,13750,kg,BD-SP2KP,,,,,SP2KP Kemendag: Beras Medium (Pasar Kepahiang)
2026-04-09,PSR91,DSP02,140000,kg,BD-SP2KP,,,,,SP2KP Kemendag: Daging Sapi Paha Depan (Pasar Kepahiang)
2026-04-09,PSR91,CMR01,35000,kg,BD-SP2KP,,,,,SP2KP Kemendag: Cabai Merah Besar (Pasar Kepahiang)
2026-04-09,PSR01,CRW02,45000,kg,BD-SP2KP,,,,,SP2KP Kemendag: Cabai Rawit Merah (Pasar Taba Penanjung)
2026-04-09,PSR01,CRW01,40000,kg,BD-SP2KP,,,,,SP2KP Kemendag: Cabai Rawit Hijau (Pasar Taba Penanjung)
2026-04-09,PSR01,BWM01,44000,kg,BD-SP2KP,,,,,SP2KP Kemendag: Bawang Merah (Pasar Taba Penanjung)
2026-04-09,PSR01,GLP01,18000,kg,BD-SP2KP,,,,,SP2KP Kemendag: Gula Pasir Curah (Pasar Taba Penanjung)
2026-04-09,PSR01,GLP02,18000,kg,BD-SP2KP,,,,,SP2KP Kemendag: Gula Pasir Kemasan (Pasar Taba Penanjung)
2026-04-09,PSR01,MGR02,21000,liter,BD-SP2KP,,,,,SP2KP Kemendag: Minyak Goreng Sawit Kemasan Premium (Pasar Taba Penanjung)
2026-04-09,PSR01,DSP01,150000,kg,BD-SP2KP,,,,,SP2KP Kemendag: Daging Sapi Paha Belakang (Pasar Taba Penanjung)
2026-04-09,PSR01,CMR02,35000,kg,BD-SP2KP,,,,,SP2KP Kemendag: Cabai Merah Keriting (Pasar Taba Penanjung)
2026-04-09,PSR01,TLR01,28200,kg,BD-SP2KP,,,,,SP2KP Kemendag: Telur Ayam Ras (Pasar Taba Penanjung)
2026-04-09,PSR01,DAY01,37000,kg,BD-SP2KP,,,,,SP2KP Kemendag: Daging Ayam Ras (Pasar Taba Penanjung)
2026-04-09,PSR01,BWP01,35000,kg,BD-SP2KP,,,,,SP2KP Kemendag: Bawang Putih Honan (Pasar Taba Penanjung)
2026-04-09,PSR01,BRS05,16000,kg,BD-SP2KP,,,,,SP2KP Kemendag: Beras Premium (Pasar Taba Penanjung)
2026-04-09,PSR01,BRS03,13750,kg,BD-SP2KP,,,,,SP2KP Kemendag: Beras Medium (Pasar Taba Penanjung)
2026-04-09,PSR01,DSP02,150000,kg,BD-SP2KP,,,,,SP2KP Kemendag: Daging Sapi Paha Depan (Pasar Taba Penanjung)
2026-04-09,PSR01,CMR01,30000,kg,BD-SP2KP,,,,,SP2KP Kemendag: Cabai Merah Besar (Pasar Taba Penanjung)
2026-04-09,PSR92,CRW02,66667,kg,BD-SP2KP,,,,,SP2KP Kemendag: Cabai Rawit Merah (Pasar Panorama)
2026-04-09,PSR92,CRW01,56667,kg,BD-SP2KP,,,,,SP2KP Kemendag: Cabai Rawit Hijau (Pasar Panorama)
2026-04-09,PSR92,BWM01,51667,kg,BD-SP2KP,,,,,SP2KP Kemendag: Bawang Merah (Pasar Panorama)
2026-04-09,PSR92,GLP01,18833,kg,BD-SP2KP,,,,,SP2KP Kemendag: Gula Pasir Curah (Pasar Panorama)
2026-04-09,PSR92,GLP02,19333,kg,BD-SP2KP,,,,,SP2KP Kemendag: Gula Pasir Kemasan (Pasar Panorama)
2026-04-09,PSR92,MGR02,22000,liter,BD-SP2KP,,,,,SP2KP Kemendag: Minyak Goreng Sawit Kemasan Premium (Pasar Panorama)
2026-04-09,PSR92,DSP01,150000,kg,BD-SP2KP,,,,,SP2KP Kemendag: Daging Sapi Paha Belakang (Pasar Panorama)
2026-04-09,PSR92,CMR02,36667,kg,BD-SP2KP,,,,,SP2KP Kemendag: Cabai Merah Keriting (Pasar Panorama)
2026-04-09,PSR92,TLR01,30400,kg,BD-SP2KP,,,,,SP2KP Kemendag: Telur Ayam Ras (Pasar Panorama)
2026-04-09,PSR92,DAY01,39333,kg,BD-SP2KP,,,,,SP2KP Kemendag: Daging Ayam Ras (Pasar Panorama)
2026-04-09,PSR92,BWP01,53333,kg,BD-SP2KP,,,,,SP2KP Kemendag: Bawang Putih Honan (Pasar Panorama)
2026-04-09,PSR92,BRS05,16000,kg,BD-SP2KP,,,,,SP2KP Kemendag: Beras Premium (Pasar Panorama)
2026-04-09,PSR92,BRS03,13750,kg,BD-SP2KP,,,,,SP2KP Kemendag: Beras Medium (Pasar Panorama)
2026-04-09,PSR92,DSP02,150000,kg,BD-SP2KP,,,,,SP2KP Kemendag: Daging Sapi Paha Depan (Pasar Panorama)
2026-04-09,PSR92,CMR01,35000,kg,BD-SP2KP,,,,,SP2KP Kemendag: Cabai Merah Besar (Pasar Panorama)
2026-04-10,PSR91,CRW02,55000,kg,BD-SP2KP,,,,,SP2KP Kemendag: Cabai Rawit Merah (Pasar Kepahiang)
2026-04-10,PSR91,CRW01,40000,kg,BD-SP2KP,,,,,SP2KP Kemendag: Cabai Rawit Hijau (Pasar Kepahiang)
2026-04-10,PSR91,BWM01,48000,kg,BD-SP2KP,,,,,SP2KP Kemendag: Bawang Merah (Pasar Kepahiang)
2026-04-10,PSR91,GLP01,18000,kg,BD-SP2KP,,,,,SP2KP Kemendag: Gula Pasir Curah (Pasar Kepahiang)
2026-04-10,PSR91,GLP02,19000,kg,BD-SP2KP,,,,,SP2KP Kemendag: Gula Pasir Kemasan (Pasar Kepahiang)
2026-04-10,PSR91,MGR02,22500,liter,BD-SP2KP,,,,,SP2KP Kemendag: Minyak Goreng Sawit Kemasan Premium (Pasar Kepahiang)
2026-04-10,PSR91,DSP01,140000,kg,BD-SP2KP,,,,,SP2KP Kemendag: Daging Sapi Paha Belakang (Pasar Kepahiang)
2026-04-10,PSR91,CMR02,40000,kg,BD-SP2KP,,,,,SP2KP Kemendag: Cabai Merah Keriting (Pasar Kepahiang)
2026-04-10,PSR91,TLR01,28000,kg,BD-SP2KP,,,,,SP2KP Kemendag: Telur Ayam Ras (Pasar Kepahiang)
2026-04-10,PSR91,DAY01,43000,kg,BD-SP2KP,,,,,SP2KP Kemendag: Daging Ayam Ras (Pasar Kepahiang)
2026-04-10,PSR91,BWP01,37000,kg,BD-SP2KP,,,,,SP2KP Kemendag: Bawang Putih Honan (Pasar Kepahiang)
2026-04-10,PSR91,BRS05,15500,kg,BD-SP2KP,,,,,SP2KP Kemendag: Beras Premium (Pasar Kepahiang)
2026-04-10,PSR91,BRS03,13750,kg,BD-SP2KP,,,,,SP2KP Kemendag: Beras Medium (Pasar Kepahiang)
2026-04-10,PSR91,DSP02,140000,kg,BD-SP2KP,,,,,SP2KP Kemendag: Daging Sapi Paha Depan (Pasar Kepahiang)
2026-04-10,PSR91,CMR01,35000,kg,BD-SP2KP,,,,,SP2KP Kemendag: Cabai Merah Besar (Pasar Kepahiang)
2026-04-10,PSR01,CRW02,45000,kg,BD-SP2KP,,,,,SP2KP Kemendag: Cabai Rawit Merah (Pasar Taba Penanjung)
2026-04-10,PSR01,CRW01,40000,kg,BD-SP2KP,,,,,SP2KP Kemendag: Cabai Rawit Hijau (Pasar Taba Penanjung)
2026-04-10,PSR01,BWM01,44000,kg,BD-SP2KP,,,,,SP2KP Kemendag: Bawang Merah (Pasar Taba Penanjung)
2026-04-10,PSR01,GLP01,18000,kg,BD-SP2KP,,,,,SP2KP Kemendag: Gula Pasir Curah (Pasar Taba Penanjung)
2026-04-10,PSR01,GLP02,18000,kg,BD-SP2KP,,,,,SP2KP Kemendag: Gula Pasir Kemasan (Pasar Taba Penanjung)
2026-04-10,PSR01,MGR02,21000,liter,BD-SP2KP,,,,,SP2KP Kemendag: Minyak Goreng Sawit Kemasan Premium (Pasar Taba Penanjung)
2026-04-10,PSR01,DSP01,150000,kg,BD-SP2KP,,,,,SP2KP Kemendag: Daging Sapi Paha Belakang (Pasar Taba Penanjung)
2026-04-10,PSR01,CMR02,35000,kg,BD-SP2KP,,,,,SP2KP Kemendag: Cabai Merah Keriting (Pasar Taba Penanjung)
2026-04-10,PSR01,TLR01,28200,kg,BD-SP2KP,,,,,SP2KP Kemendag: Telur Ayam Ras (Pasar Taba Penanjung)
2026-04-10,PSR01,DAY01,37000,kg,BD-SP2KP,,,,,SP2KP Kemendag: Daging Ayam Ras (Pasar Taba Penanjung)
2026-04-10,PSR01,BWP01,35000,kg,BD-SP2KP,,,,,SP2KP Kemendag: Bawang Putih Honan (Pasar Taba Penanjung)
2026-04-10,PSR01,BRS05,16000,kg,BD-SP2KP,,,,,SP2KP Kemendag: Beras Premium (Pasar Taba Penanjung)
2026-04-10,PSR01,BRS03,13750,kg,BD-SP2KP,,,,,SP2KP Kemendag: Beras Medium (Pasar Taba Penanjung)
2026-04-10,PSR01,DSP02,150000,kg,BD-SP2KP,,,,,SP2KP Kemendag: Daging Sapi Paha Depan (Pasar Taba Penanjung)
2026-04-10,PSR01,CMR01,30000,kg,BD-SP2KP,,,,,SP2KP Kemendag: Cabai Merah Besar (Pasar Taba Penanjung)
2026-04-10,PSR92,CRW02,66667,kg,BD-SP2KP,,,,,SP2KP Kemendag: Cabai Rawit Merah (Pasar Panorama)
2026-04-10,PSR92,CRW01,56667,kg,BD-SP2KP,,,,,SP2KP Kemendag: Cabai Rawit Hijau (Pasar Panorama)
2026-04-10,PSR92,BWM01,51667,kg,BD-SP2KP,,,,,SP2KP Kemendag: Bawang Merah (Pasar Panorama)
2026-04-10,PSR92,GLP01,18833,kg,BD-SP2KP,,,,,SP2KP Kemendag: Gula Pasir Curah (Pasar Panorama)
2026-04-10,PSR92,GLP02,19333,kg,BD-SP2KP,,,,,SP2KP Kemendag: Gula Pasir Kemasan (Pasar Panorama)
2026-04-10,PSR92,MGR02,22667,liter,BD-SP2KP,,,,,SP2KP Kemendag: Minyak Goreng Sawit Kemasan Premium (Pasar Panorama)
2026-04-10,PSR92,DSP01,150000,kg,BD-SP2KP,,,,,SP2KP Kemendag: Daging Sapi Paha Belakang (Pasar Panorama)
2026-04-10,PSR92,CMR02,36667,kg,BD-SP2KP,,,,,SP2KP Kemendag: Cabai Merah Keriting (Pasar Panorama)
2026-04-10,PSR92,TLR01,30400,kg,BD-SP2KP,,,,,SP2KP Kemendag: Telur Ayam Ras (Pasar Panorama)
2026-04-10,PSR92,DAY01,39333,kg,BD-SP2KP,,,,,SP2KP Kemendag: Daging Ayam Ras (Pasar Panorama)
2026-04-10,PSR92,BWP01,53333,kg,BD-SP2KP,,,,,SP2KP Kemendag: Bawang Putih Honan (Pasar Panorama)
2026-04-10,PSR92,BRS05,16000,kg,BD-SP2KP,,,,,SP2KP Kemendag: Beras Premium (Pasar Panorama)
2026-04-10,PSR92,BRS03,13750,kg,BD-SP2KP,,,,,SP2KP Kemendag: Beras Medium (Pasar Panorama)
2026-04-10,PSR92,DSP02,150000,kg,BD-SP2KP,,,,,SP2KP Kemendag: Daging Sapi Paha Depan (Pasar Panorama)
2026-04-10,PSR92,CMR01,35000,kg,BD-SP2KP,,,,,SP2KP Kemendag: Cabai Merah Besar (Pasar Panorama)
2026-04-13,PSR91,CRW02,55000,kg,BD-SP2KP,,,,,SP2KP Kemendag: Cabai Rawit Merah (Pasar Kepahiang)
2026-04-13,PSR91,CRW01,40000,kg,BD-SP2KP,,,,,SP2KP Kemendag: Cabai Rawit Hijau (Pasar Kepahiang)
2026-04-13,PSR91,BWM01,48000,kg,BD-SP2KP,,,,,SP2KP Kemendag: Bawang Merah (Pasar Kepahiang)
2026-04-13,PSR91,GLP01,18000,kg,BD-SP2KP,,,,,SP2KP Kemendag: Gula Pasir Curah (Pasar Kepahiang)
2026-04-13,PSR91,GLP02,19000,kg,BD-SP2KP,,,,,SP2KP Kemendag: Gula Pasir Kemasan (Pasar Kepahiang)
2026-04-13,PSR91,MGR02,22500,liter,BD-SP2KP,,,,,SP2KP Kemendag: Minyak Goreng Sawit Kemasan Premium (Pasar Kepahiang)
2026-04-13,PSR91,DSP01,140000,kg,BD-SP2KP,,,,,SP2KP Kemendag: Daging Sapi Paha Belakang (Pasar Kepahiang)
2026-04-13,PSR91,CMR02,35000,kg,BD-SP2KP,,,,,SP2KP Kemendag: Cabai Merah Keriting (Pasar Kepahiang)
2026-04-13,PSR91,TLR01,28000,kg,BD-SP2KP,,,,,SP2KP Kemendag: Telur Ayam Ras (Pasar Kepahiang)
2026-04-13,PSR91,DAY01,40000,kg,BD-SP2KP,,,,,SP2KP Kemendag: Daging Ayam Ras (Pasar Kepahiang)
2026-04-13,PSR91,BWP01,37000,kg,BD-SP2KP,,,,,SP2KP Kemendag: Bawang Putih Honan (Pasar Kepahiang)
2026-04-13,PSR91,BRS05,15500,kg,BD-SP2KP,,,,,SP2KP Kemendag: Beras Premium (Pasar Kepahiang)
2026-04-13,PSR91,BRS03,13750,kg,BD-SP2KP,,,,,SP2KP Kemendag: Beras Medium (Pasar Kepahiang)
2026-04-13,PSR91,DSP02,140000,kg,BD-SP2KP,,,,,SP2KP Kemendag: Daging Sapi Paha Depan (Pasar Kepahiang)
2026-04-13,PSR91,CMR01,30000,kg,BD-SP2KP,,,,,SP2KP Kemendag: Cabai Merah Besar (Pasar Kepahiang)
2026-04-13,PSR01,CRW02,45000,kg,BD-SP2KP,,,,,SP2KP Kemendag: Cabai Rawit Merah (Pasar Taba Penanjung)
2026-04-13,PSR01,CRW01,40000,kg,BD-SP2KP,,,,,SP2KP Kemendag: Cabai Rawit Hijau (Pasar Taba Penanjung)
2026-04-13,PSR01,BWM01,44000,kg,BD-SP2KP,,,,,SP2KP Kemendag: Bawang Merah (Pasar Taba Penanjung)
2026-04-13,PSR01,GLP01,18000,kg,BD-SP2KP,,,,,SP2KP Kemendag: Gula Pasir Curah (Pasar Taba Penanjung)
2026-04-13,PSR01,GLP02,18000,kg,BD-SP2KP,,,,,SP2KP Kemendag: Gula Pasir Kemasan (Pasar Taba Penanjung)
2026-04-13,PSR01,MGR02,21000,liter,BD-SP2KP,,,,,SP2KP Kemendag: Minyak Goreng Sawit Kemasan Premium (Pasar Taba Penanjung)
2026-04-13,PSR01,DSP01,150000,kg,BD-SP2KP,,,,,SP2KP Kemendag: Daging Sapi Paha Belakang (Pasar Taba Penanjung)
2026-04-13,PSR01,CMR02,35000,kg,BD-SP2KP,,,,,SP2KP Kemendag: Cabai Merah Keriting (Pasar Taba Penanjung)
2026-04-13,PSR01,TLR01,28200,kg,BD-SP2KP,,,,,SP2KP Kemendag: Telur Ayam Ras (Pasar Taba Penanjung)
2026-04-13,PSR01,DAY01,37000,kg,BD-SP2KP,,,,,SP2KP Kemendag: Daging Ayam Ras (Pasar Taba Penanjung)
2026-04-13,PSR01,BWP01,35000,kg,BD-SP2KP,,,,,SP2KP Kemendag: Bawang Putih Honan (Pasar Taba Penanjung)
2026-04-13,PSR01,BRS05,16000,kg,BD-SP2KP,,,,,SP2KP Kemendag: Beras Premium (Pasar Taba Penanjung)
2026-04-13,PSR01,BRS03,13750,kg,BD-SP2KP,,,,,SP2KP Kemendag: Beras Medium (Pasar Taba Penanjung)
2026-04-13,PSR01,DSP02,150000,kg,BD-SP2KP,,,,,SP2KP Kemendag: Daging Sapi Paha Depan (Pasar Taba Penanjung)
2026-04-13,PSR01,CMR01,30000,kg,BD-SP2KP,,,,,SP2KP Kemendag: Cabai Merah Besar (Pasar Taba Penanjung)
2026-04-13,PSR92,CRW02,66667,kg,BD-SP2KP,,,,,SP2KP Kemendag: Cabai Rawit Merah (Pasar Panorama)
2026-04-13,PSR92,CRW01,56667,kg,BD-SP2KP,,,,,SP2KP Kemendag: Cabai Rawit Hijau (Pasar Panorama)
2026-04-13,PSR92,BWM01,51667,kg,BD-SP2KP,,,,,SP2KP Kemendag: Bawang Merah (Pasar Panorama)
2026-04-13,PSR92,GLP01,18833,kg,BD-SP2KP,,,,,SP2KP Kemendag: Gula Pasir Curah (Pasar Panorama)
2026-04-13,PSR92,GLP02,19333,kg,BD-SP2KP,,,,,SP2KP Kemendag: Gula Pasir Kemasan (Pasar Panorama)
2026-04-13,PSR92,MGR02,22667,liter,BD-SP2KP,,,,,SP2KP Kemendag: Minyak Goreng Sawit Kemasan Premium (Pasar Panorama)
2026-04-13,PSR92,DSP01,150000,kg,BD-SP2KP,,,,,SP2KP Kemendag: Daging Sapi Paha Belakang (Pasar Panorama)
2026-04-13,PSR92,CMR02,36667,kg,BD-SP2KP,,,,,SP2KP Kemendag: Cabai Merah Keriting (Pasar Panorama)
2026-04-13,PSR92,TLR01,30400,kg,BD-SP2KP,,,,,SP2KP Kemendag: Telur Ayam Ras (Pasar Panorama)
2026-04-13,PSR92,DAY01,39333,kg,BD-SP2KP,,,,,SP2KP Kemendag: Daging Ayam Ras (Pasar Panorama)
2026-04-13,PSR92,BWP01,53333,kg,BD-SP2KP,,,,,SP2KP Kemendag: Bawang Putih Honan (Pasar Panorama)
2026-04-13,PSR92,BRS05,16000,kg,BD-SP2KP,,,,,SP2KP Kemendag: Beras Premium (Pasar Panorama)
2026-04-13,PSR92,BRS03,13750,kg,BD-SP2KP,,,,,SP2KP Kemendag: Beras Medium (Pasar Panorama)
2026-04-13,PSR92,DSP02,150000,kg,BD-SP2KP,,,,,SP2KP Kemendag: Daging Sapi Paha Depan (Pasar Panorama)
2026-04-13,PSR92,CMR01,35000,kg,BD-SP2KP,,,,,SP2KP Kemendag: Cabai Merah Besar (Pasar Panorama)
2026-04-14,PSR91,CRW02,55000,kg,BD-SP2KP,,,,,SP2KP Kemendag: Cabai Rawit Merah (Pasar Kepahiang)
2026-04-14,PSR91,CRW01,40000,kg,BD-SP2KP,,,,,SP2KP Kemendag: Cabai Rawit Hijau (Pasar Kepahiang)
2026-04-14,PSR91,BWM01,48000,kg,BD-SP2KP,,,,,SP2KP Kemendag: Bawang Merah (Pasar Kepahiang)
2026-04-14,PSR91,GLP01,18000,kg,BD-SP2KP,,,,,SP2KP Kemendag: Gula Pasir Curah (Pasar Kepahiang)
2026-04-14,PSR91,GLP02,19000,kg,BD-SP2KP,,,,,SP2KP Kemendag: Gula Pasir Kemasan (Pasar Kepahiang)
2026-04-14,PSR91,MGR02,22500,liter,BD-SP2KP,,,,,SP2KP Kemendag: Minyak Goreng Sawit Kemasan Premium (Pasar Kepahiang)
2026-04-14,PSR91,DSP01,140000,kg,BD-SP2KP,,,,,SP2KP Kemendag: Daging Sapi Paha Belakang (Pasar Kepahiang)
2026-04-14,PSR91,CMR02,35000,kg,BD-SP2KP,,,,,SP2KP Kemendag: Cabai Merah Keriting (Pasar Kepahiang)
2026-04-14,PSR91,TLR01,28000,kg,BD-SP2KP,,,,,SP2KP Kemendag: Telur Ayam Ras (Pasar Kepahiang)
2026-04-14,PSR91,DAY01,40000,kg,BD-SP2KP,,,,,SP2KP Kemendag: Daging Ayam Ras (Pasar Kepahiang)
2026-04-14,PSR91,BWP01,37000,kg,BD-SP2KP,,,,,SP2KP Kemendag: Bawang Putih Honan (Pasar Kepahiang)
2026-04-14,PSR91,BRS05,15500,kg,BD-SP2KP,,,,,SP2KP Kemendag: Beras Premium (Pasar Kepahiang)
2026-04-14,PSR91,BRS03,13750,kg,BD-SP2KP,,,,,SP2KP Kemendag: Beras Medium (Pasar Kepahiang)
2026-04-14,PSR91,DSP02,140000,kg,BD-SP2KP,,,,,SP2KP Kemendag: Daging Sapi Paha Depan (Pasar Kepahiang)
2026-04-14,PSR91,CMR01,30000,kg,BD-SP2KP,,,,,SP2KP Kemendag: Cabai Merah Besar (Pasar Kepahiang)
2026-04-14,PSR01,CRW02,45000,kg,BD-SP2KP,,,,,SP2KP Kemendag: Cabai Rawit Merah (Pasar Taba Penanjung)
2026-04-14,PSR01,CRW01,40000,kg,BD-SP2KP,,,,,SP2KP Kemendag: Cabai Rawit Hijau (Pasar Taba Penanjung)
2026-04-14,PSR01,BWM01,44000,kg,BD-SP2KP,,,,,SP2KP Kemendag: Bawang Merah (Pasar Taba Penanjung)
2026-04-14,PSR01,GLP01,18000,kg,BD-SP2KP,,,,,SP2KP Kemendag: Gula Pasir Curah (Pasar Taba Penanjung)
2026-04-14,PSR01,GLP02,18000,kg,BD-SP2KP,,,,,SP2KP Kemendag: Gula Pasir Kemasan (Pasar Taba Penanjung)
2026-04-14,PSR01,MGR02,21000,liter,BD-SP2KP,,,,,SP2KP Kemendag: Minyak Goreng Sawit Kemasan Premium (Pasar Taba Penanjung)
2026-04-14,PSR01,DSP01,150000,kg,BD-SP2KP,,,,,SP2KP Kemendag: Daging Sapi Paha Belakang (Pasar Taba Penanjung)
2026-04-14,PSR01,CMR02,35000,kg,BD-SP2KP,,,,,SP2KP Kemendag: Cabai Merah Keriting (Pasar Taba Penanjung)
2026-04-14,PSR01,TLR01,28200,kg,BD-SP2KP,,,,,SP2KP Kemendag: Telur Ayam Ras (Pasar Taba Penanjung)
2026-04-14,PSR01,DAY01,37000,kg,BD-SP2KP,,,,,SP2KP Kemendag: Daging Ayam Ras (Pasar Taba Penanjung)
2026-04-14,PSR01,BWP01,35000,kg,BD-SP2KP,,,,,SP2KP Kemendag: Bawang Putih Honan (Pasar Taba Penanjung)
2026-04-14,PSR01,BRS05,16000,kg,BD-SP2KP,,,,,SP2KP Kemendag: Beras Premium (Pasar Taba Penanjung)
2026-04-14,PSR01,BRS03,13750,kg,BD-SP2KP,,,,,SP2KP Kemendag: Beras Medium (Pasar Taba Penanjung)
2026-04-14,PSR01,DSP02,150000,kg,BD-SP2KP,,,,,SP2KP Kemendag: Daging Sapi Paha Depan (Pasar Taba Penanjung)
2026-04-14,PSR01,CMR01,30000,kg,BD-SP2KP,,,,,SP2KP Kemendag: Cabai Merah Besar (Pasar Taba Penanjung)
2026-04-14,PSR92,CRW02,66667,kg,BD-SP2KP,,,,,SP2KP Kemendag: Cabai Rawit Merah (Pasar Panorama)
2026-04-14,PSR92,CRW01,56667,kg,BD-SP2KP,,,,,SP2KP Kemendag: Cabai Rawit Hijau (Pasar Panorama)
2026-04-14,PSR92,BWM01,51667,kg,BD-SP2KP,,,,,SP2KP Kemendag: Bawang Merah (Pasar Panorama)
2026-04-14,PSR92,GLP01,18833,kg,BD-SP2KP,,,,,SP2KP Kemendag: Gula Pasir Curah (Pasar Panorama)
2026-04-14,PSR92,GLP02,19333,kg,BD-SP2KP,,,,,SP2KP Kemendag: Gula Pasir Kemasan (Pasar Panorama)
2026-04-14,PSR92,MGR02,22667,liter,BD-SP2KP,,,,,SP2KP Kemendag: Minyak Goreng Sawit Kemasan Premium (Pasar Panorama)
2026-04-14,PSR92,DSP01,150000,kg,BD-SP2KP,,,,,SP2KP Kemendag: Daging Sapi Paha Belakang (Pasar Panorama)
2026-04-14,PSR92,CMR02,36667,kg,BD-SP2KP,,,,,SP2KP Kemendag: Cabai Merah Keriting (Pasar Panorama)
2026-04-14,PSR92,TLR01,30400,kg,BD-SP2KP,,,,,SP2KP Kemendag: Telur Ayam Ras (Pasar Panorama)
2026-04-14,PSR92,DAY01,39333,kg,BD-SP2KP,,,,,SP2KP Kemendag: Daging Ayam Ras (Pasar Panorama)
2026-04-14,PSR92,BWP01,53333,kg,BD-SP2KP,,,,,SP2KP Kemendag: Bawang Putih Honan (Pasar Panorama)
2026-04-14,PSR92,BRS05,16000,kg,BD-SP2KP,,,,,SP2KP Kemendag: Beras Premium (Pasar Panorama)
2026-04-14,PSR92,BRS03,13750,kg,BD-SP2KP,,,,,SP2KP Kemendag: Beras Medium (Pasar Panorama)
2026-04-14,PSR92,DSP02,150000,kg,BD-SP2KP,,,,,SP2KP Kemendag: Daging Sapi Paha Depan (Pasar Panorama)
2026-04-14,PSR92,CMR01,35000,kg,BD-SP2KP,,,,,SP2KP Kemendag: Cabai Merah Besar (Pasar Panorama)
2026-04-15,PSR91,CRW02,55000,kg,BD-SP2KP,,,,,SP2KP Kemendag: Cabai Rawit Merah (Pasar Kepahiang)
2026-04-15,PSR91,CRW01,40000,kg,BD-SP2KP,,,,,SP2KP Kemendag: Cabai Rawit Hijau (Pasar Kepahiang)
2026-04-15,PSR91,BWM01,48000,kg,BD-SP2KP,,,,,SP2KP Kemendag: Bawang Merah (Pasar Kepahiang)
2026-04-15,PSR91,GLP01,18000,kg,BD-SP2KP,,,,,SP2KP Kemendag: Gula Pasir Curah (Pasar Kepahiang)
2026-04-15,PSR91,GLP02,19000,kg,BD-SP2KP,,,,,SP2KP Kemendag: Gula Pasir Kemasan (Pasar Kepahiang)
2026-04-15,PSR91,MGR02,22500,liter,BD-SP2KP,,,,,SP2KP Kemendag: Minyak Goreng Sawit Kemasan Premium (Pasar Kepahiang)
2026-04-15,PSR91,DSP01,140000,kg,BD-SP2KP,,,,,SP2KP Kemendag: Daging Sapi Paha Belakang (Pasar Kepahiang)
2026-04-15,PSR91,CMR02,35000,kg,BD-SP2KP,,,,,SP2KP Kemendag: Cabai Merah Keriting (Pasar Kepahiang)
2026-04-15,PSR91,TLR01,28000,kg,BD-SP2KP,,,,,SP2KP Kemendag: Telur Ayam Ras (Pasar Kepahiang)
2026-04-15,PSR91,DAY01,40000,kg,BD-SP2KP,,,,,SP2KP Kemendag: Daging Ayam Ras (Pasar Kepahiang)
2026-04-15,PSR91,BWP01,37000,kg,BD-SP2KP,,,,,SP2KP Kemendag: Bawang Putih Honan (Pasar Kepahiang)
2026-04-15,PSR91,BRS05,15500,kg,BD-SP2KP,,,,,SP2KP Kemendag: Beras Premium (Pasar Kepahiang)
2026-04-15,PSR91,BRS03,13750,kg,BD-SP2KP,,,,,SP2KP Kemendag: Beras Medium (Pasar Kepahiang)
2026-04-15,PSR91,DSP02,140000,kg,BD-SP2KP,,,,,SP2KP Kemendag: Daging Sapi Paha Depan (Pasar Kepahiang)
2026-04-15,PSR91,CMR01,30000,kg,BD-SP2KP,,,,,SP2KP Kemendag: Cabai Merah Besar (Pasar Kepahiang)
2026-04-15,PSR01,CRW02,45000,kg,BD-SP2KP,,,,,SP2KP Kemendag: Cabai Rawit Merah (Pasar Taba Penanjung)
2026-04-15,PSR01,CRW01,40000,kg,BD-SP2KP,,,,,SP2KP Kemendag: Cabai Rawit Hijau (Pasar Taba Penanjung)
2026-04-15,PSR01,BWM01,44000,kg,BD-SP2KP,,,,,SP2KP Kemendag: Bawang Merah (Pasar Taba Penanjung)
2026-04-15,PSR01,GLP01,18000,kg,BD-SP2KP,,,,,SP2KP Kemendag: Gula Pasir Curah (Pasar Taba Penanjung)
2026-04-15,PSR01,GLP02,18000,kg,BD-SP2KP,,,,,SP2KP Kemendag: Gula Pasir Kemasan (Pasar Taba Penanjung)
2026-04-15,PSR01,MGR02,21000,liter,BD-SP2KP,,,,,SP2KP Kemendag: Minyak Goreng Sawit Kemasan Premium (Pasar Taba Penanjung)
2026-04-15,PSR01,DSP01,150000,kg,BD-SP2KP,,,,,SP2KP Kemendag: Daging Sapi Paha Belakang (Pasar Taba Penanjung)
2026-04-15,PSR01,CMR02,35000,kg,BD-SP2KP,,,,,SP2KP Kemendag: Cabai Merah Keriting (Pasar Taba Penanjung)
2026-04-15,PSR01,TLR01,28200,kg,BD-SP2KP,,,,,SP2KP Kemendag: Telur Ayam Ras (Pasar Taba Penanjung)
2026-04-15,PSR01,DAY01,37000,kg,BD-SP2KP,,,,,SP2KP Kemendag: Daging Ayam Ras (Pasar Taba Penanjung)
2026-04-15,PSR01,BWP01,35000,kg,BD-SP2KP,,,,,SP2KP Kemendag: Bawang Putih Honan (Pasar Taba Penanjung)
2026-04-15,PSR01,BRS05,16000,kg,BD-SP2KP,,,,,SP2KP Kemendag: Beras Premium (Pasar Taba Penanjung)
2026-04-15,PSR01,BRS03,13750,kg,BD-SP2KP,,,,,SP2KP Kemendag: Beras Medium (Pasar Taba Penanjung)
2026-04-15,PSR01,DSP02,150000,kg,BD-SP2KP,,,,,SP2KP Kemendag: Daging Sapi Paha Depan (Pasar Taba Penanjung)
2026-04-15,PSR01,CMR01,30000,kg,BD-SP2KP,,,,,SP2KP Kemendag: Cabai Merah Besar (Pasar Taba Penanjung)
2026-04-15,PSR92,CRW02,66667,kg,BD-SP2KP,,,,,SP2KP Kemendag: Cabai Rawit Merah (Pasar Panorama)
2026-04-15,PSR92,CRW01,56667,kg,BD-SP2KP,,,,,SP2KP Kemendag: Cabai Rawit Hijau (Pasar Panorama)
2026-04-15,PSR92,BWM01,51667,kg,BD-SP2KP,,,,,SP2KP Kemendag: Bawang Merah (Pasar Panorama)
2026-04-15,PSR92,GLP01,18833,kg,BD-SP2KP,,,,,SP2KP Kemendag: Gula Pasir Curah (Pasar Panorama)
2026-04-15,PSR92,GLP02,19333,kg,BD-SP2KP,,,,,SP2KP Kemendag: Gula Pasir Kemasan (Pasar Panorama)
2026-04-15,PSR92,MGR02,22667,liter,BD-SP2KP,,,,,SP2KP Kemendag: Minyak Goreng Sawit Kemasan Premium (Pasar Panorama)
2026-04-15,PSR92,DSP01,150000,kg,BD-SP2KP,,,,,SP2KP Kemendag: Daging Sapi Paha Belakang (Pasar Panorama)
2026-04-15,PSR92,CMR02,36667,kg,BD-SP2KP,,,,,SP2KP Kemendag: Cabai Merah Keriting (Pasar Panorama)
2026-04-15,PSR92,TLR01,30400,kg,BD-SP2KP,,,,,SP2KP Kemendag: Telur Ayam Ras (Pasar Panorama)
2026-04-15,PSR92,DAY01,38667,kg,BD-SP2KP,,,,,SP2KP Kemendag: Daging Ayam Ras (Pasar Panorama)
2026-04-15,PSR92,BWP01,53333,kg,BD-SP2KP,,,,,SP2KP Kemendag: Bawang Putih Honan (Pasar Panorama)
2026-04-15,PSR92,BRS05,16000,kg,BD-SP2KP,,,,,SP2KP Kemendag: Beras Premium (Pasar Panorama)
2026-04-15,PSR92,BRS03,13750,kg,BD-SP2KP,,,,,SP2KP Kemendag: Beras Medium (Pasar Panorama)
2026-04-15,PSR92,DSP02,150000,kg,BD-SP2KP,,,,,SP2KP Kemendag: Daging Sapi Paha Depan (Pasar Panorama)
2026-04-15,PSR92,CMR01,35000,kg,BD-SP2KP,,,,,SP2KP Kemendag: Cabai Merah Besar (Pasar Panorama)
2026-04-16,PSR91,CRW02,55000,kg,BD-SP2KP,,,,,SP2KP Kemendag: Cabai Rawit Merah (Pasar Kepahiang)
2026-04-16,PSR91,CRW01,40000,kg,BD-SP2KP,,,,,SP2KP Kemendag: Cabai Rawit Hijau (Pasar Kepahiang)
2026-04-16,PSR91,BWM01,48000,kg,BD-SP2KP,,,,,SP2KP Kemendag: Bawang Merah (Pasar Kepahiang)
2026-04-16,PSR91,GLP01,18000,kg,BD-SP2KP,,,,,SP2KP Kemendag: Gula Pasir Curah (Pasar Kepahiang)
2026-04-16,PSR91,GLP02,19000,kg,BD-SP2KP,,,,,SP2KP Kemendag: Gula Pasir Kemasan (Pasar Kepahiang)
2026-04-16,PSR91,MGR02,22500,liter,BD-SP2KP,,,,,SP2KP Kemendag: Minyak Goreng Sawit Kemasan Premium (Pasar Kepahiang)
2026-04-16,PSR91,DSP01,140000,kg,BD-SP2KP,,,,,SP2KP Kemendag: Daging Sapi Paha Belakang (Pasar Kepahiang)
2026-04-16,PSR91,CMR02,35000,kg,BD-SP2KP,,,,,SP2KP Kemendag: Cabai Merah Keriting (Pasar Kepahiang)
2026-04-16,PSR91,TLR01,28000,kg,BD-SP2KP,,,,,SP2KP Kemendag: Telur Ayam Ras (Pasar Kepahiang)
2026-04-16,PSR91,DAY01,40000,kg,BD-SP2KP,,,,,SP2KP Kemendag: Daging Ayam Ras (Pasar Kepahiang)
2026-04-16,PSR91,BWP01,37000,kg,BD-SP2KP,,,,,SP2KP Kemendag: Bawang Putih Honan (Pasar Kepahiang)
2026-04-16,PSR91,BRS05,15500,kg,BD-SP2KP,,,,,SP2KP Kemendag: Beras Premium (Pasar Kepahiang)
2026-04-16,PSR91,BRS03,13750,kg,BD-SP2KP,,,,,SP2KP Kemendag: Beras Medium (Pasar Kepahiang)
2026-04-16,PSR91,DSP02,140000,kg,BD-SP2KP,,,,,SP2KP Kemendag: Daging Sapi Paha Depan (Pasar Kepahiang)
2026-04-16,PSR91,CMR01,30000,kg,BD-SP2KP,,,,,SP2KP Kemendag: Cabai Merah Besar (Pasar Kepahiang)
2026-04-16,PSR01,CRW02,45000,kg,BD-SP2KP,,,,,SP2KP Kemendag: Cabai Rawit Merah (Pasar Taba Penanjung)
2026-04-16,PSR01,CRW01,35000,kg,BD-SP2KP,,,,,SP2KP Kemendag: Cabai Rawit Hijau (Pasar Taba Penanjung)
2026-04-16,PSR01,BWM01,42000,kg,BD-SP2KP,,,,,SP2KP Kemendag: Bawang Merah (Pasar Taba Penanjung)
2026-04-16,PSR01,GLP01,19000,kg,BD-SP2KP,,,,,SP2KP Kemendag: Gula Pasir Curah (Pasar Taba Penanjung)
2026-04-16,PSR01,GLP02,19000,kg,BD-SP2KP,,,,,SP2KP Kemendag: Gula Pasir Kemasan (Pasar Taba Penanjung)
2026-04-16,PSR01,MGR02,22000,liter,BD-SP2KP,,,,,SP2KP Kemendag: Minyak Goreng Sawit Kemasan Premium (Pasar Taba Penanjung)
2026-04-16,PSR01,DSP01,150000,kg,BD-SP2KP,,,,,SP2KP Kemendag: Daging Sapi Paha Belakang (Pasar Taba Penanjung)
2026-04-16,PSR01,CMR02,35000,kg,BD-SP2KP,,,,,SP2KP Kemendag: Cabai Merah Keriting (Pasar Taba Penanjung)
2026-04-16,PSR01,TLR01,28200,kg,BD-SP2KP,,,,,SP2KP Kemendag: Telur Ayam Ras (Pasar Taba Penanjung)
2026-04-16,PSR01,DAY01,35000,kg,BD-SP2KP,,,,,SP2KP Kemendag: Daging Ayam Ras (Pasar Taba Penanjung)
2026-04-16,PSR01,BWP01,35000,kg,BD-SP2KP,,,,,SP2KP Kemendag: Bawang Putih Honan (Pasar Taba Penanjung)
2026-04-16,PSR01,BRS05,16000,kg,BD-SP2KP,,,,,SP2KP Kemendag: Beras Premium (Pasar Taba Penanjung)
2026-04-16,PSR01,BRS03,13750,kg,BD-SP2KP,,,,,SP2KP Kemendag: Beras Medium (Pasar Taba Penanjung)
2026-04-16,PSR01,DSP02,150000,kg,BD-SP2KP,,,,,SP2KP Kemendag: Daging Sapi Paha Depan (Pasar Taba Penanjung)
2026-04-16,PSR01,CMR01,30000,kg,BD-SP2KP,,,,,SP2KP Kemendag: Cabai Merah Besar (Pasar Taba Penanjung)
2026-04-16,PSR92,CRW02,66667,kg,BD-SP2KP,,,,,SP2KP Kemendag: Cabai Rawit Merah (Pasar Panorama)
2026-04-16,PSR92,CRW01,56667,kg,BD-SP2KP,,,,,SP2KP Kemendag: Cabai Rawit Hijau (Pasar Panorama)
2026-04-16,PSR92,BWM01,51667,kg,BD-SP2KP,,,,,SP2KP Kemendag: Bawang Merah (Pasar Panorama)
2026-04-16,PSR92,GLP01,18833,kg,BD-SP2KP,,,,,SP2KP Kemendag: Gula Pasir Curah (Pasar Panorama)
2026-04-16,PSR92,GLP02,19333,kg,BD-SP2KP,,,,,SP2KP Kemendag: Gula Pasir Kemasan (Pasar Panorama)
2026-04-16,PSR92,MGR02,22667,liter,BD-SP2KP,,,,,SP2KP Kemendag: Minyak Goreng Sawit Kemasan Premium (Pasar Panorama)
2026-04-16,PSR92,DSP01,150000,kg,BD-SP2KP,,,,,SP2KP Kemendag: Daging Sapi Paha Belakang (Pasar Panorama)
2026-04-16,PSR92,CMR02,36667,kg,BD-SP2KP,,,,,SP2KP Kemendag: Cabai Merah Keriting (Pasar Panorama)
2026-04-16,PSR92,TLR01,30400,kg,BD-SP2KP,,,,,SP2KP Kemendag: Telur Ayam Ras (Pasar Panorama)
2026-04-16,PSR92,DAY01,38667,kg,BD-SP2KP,,,,,SP2KP Kemendag: Daging Ayam Ras (Pasar Panorama)
2026-04-16,PSR92,BWP01,53333,kg,BD-SP2KP,,,,,SP2KP Kemendag: Bawang Putih Honan (Pasar Panorama)
2026-04-16,PSR92,BRS05,16000,kg,BD-SP2KP,,,,,SP2KP Kemendag: Beras Premium (Pasar Panorama)
2026-04-16,PSR92,BRS03,13750,kg,BD-SP2KP,,,,,SP2KP Kemendag: Beras Medium (Pasar Panorama)
2026-04-16,PSR92,DSP02,150000,kg,BD-SP2KP,,,,,SP2KP Kemendag: Daging Sapi Paha Depan (Pasar Panorama)
2026-04-16,PSR92,CMR01,35000,kg,BD-SP2KP,,,,,SP2KP Kemendag: Cabai Merah Besar (Pasar Panorama)
2026-04-17,PSR91,CRW02,60000,kg,BD-SP2KP,,,,,SP2KP Kemendag: Cabai Rawit Merah (Pasar Kepahiang)
2026-04-17,PSR91,CRW01,40000,kg,BD-SP2KP,,,,,SP2KP Kemendag: Cabai Rawit Hijau (Pasar Kepahiang)
2026-04-17,PSR91,BWM01,45000,kg,BD-SP2KP,,,,,SP2KP Kemendag: Bawang Merah (Pasar Kepahiang)
2026-04-17,PSR91,GLP01,19000,kg,BD-SP2KP,,,,,SP2KP Kemendag: Gula Pasir Curah (Pasar Kepahiang)
2026-04-17,PSR91,GLP02,19000,kg,BD-SP2KP,,,,,SP2KP Kemendag: Gula Pasir Kemasan (Pasar Kepahiang)
2026-04-17,PSR91,MGR02,22500,liter,BD-SP2KP,,,,,SP2KP Kemendag: Minyak Goreng Sawit Kemasan Premium (Pasar Kepahiang)
2026-04-17,PSR91,DSP01,140000,kg,BD-SP2KP,,,,,SP2KP Kemendag: Daging Sapi Paha Belakang (Pasar Kepahiang)
2026-04-17,PSR91,CMR02,35000,kg,BD-SP2KP,,,,,SP2KP Kemendag: Cabai Merah Keriting (Pasar Kepahiang)
2026-04-17,PSR91,TLR01,28000,kg,BD-SP2KP,,,,,SP2KP Kemendag: Telur Ayam Ras (Pasar Kepahiang)
2026-04-17,PSR91,DAY01,38000,kg,BD-SP2KP,,,,,SP2KP Kemendag: Daging Ayam Ras (Pasar Kepahiang)
2026-04-17,PSR91,BWP01,37000,kg,BD-SP2KP,,,,,SP2KP Kemendag: Bawang Putih Honan (Pasar Kepahiang)
2026-04-17,PSR91,BRS05,15500,kg,BD-SP2KP,,,,,SP2KP Kemendag: Beras Premium (Pasar Kepahiang)
2026-04-17,PSR91,BRS03,13750,kg,BD-SP2KP,,,,,SP2KP Kemendag: Beras Medium (Pasar Kepahiang)
2026-04-17,PSR91,DSP02,140000,kg,BD-SP2KP,,,,,SP2KP Kemendag: Daging Sapi Paha Depan (Pasar Kepahiang)
2026-04-17,PSR91,CMR01,30000,kg,BD-SP2KP,,,,,SP2KP Kemendag: Cabai Merah Besar (Pasar Kepahiang)
2026-04-17,PSR01,CRW02,45000,kg,BD-SP2KP,,,,,SP2KP Kemendag: Cabai Rawit Merah (Pasar Taba Penanjung)
2026-04-17,PSR01,CRW01,35000,kg,BD-SP2KP,,,,,SP2KP Kemendag: Cabai Rawit Hijau (Pasar Taba Penanjung)
2026-04-17,PSR01,BWM01,42000,kg,BD-SP2KP,,,,,SP2KP Kemendag: Bawang Merah (Pasar Taba Penanjung)
2026-04-17,PSR01,GLP01,19000,kg,BD-SP2KP,,,,,SP2KP Kemendag: Gula Pasir Curah (Pasar Taba Penanjung)
2026-04-17,PSR01,GLP02,19000,kg,BD-SP2KP,,,,,SP2KP Kemendag: Gula Pasir Kemasan (Pasar Taba Penanjung)
2026-04-17,PSR01,MGR02,22000,liter,BD-SP2KP,,,,,SP2KP Kemendag: Minyak Goreng Sawit Kemasan Premium (Pasar Taba Penanjung)
2026-04-17,PSR01,DSP01,150000,kg,BD-SP2KP,,,,,SP2KP Kemendag: Daging Sapi Paha Belakang (Pasar Taba Penanjung)
2026-04-17,PSR01,CMR02,35000,kg,BD-SP2KP,,,,,SP2KP Kemendag: Cabai Merah Keriting (Pasar Taba Penanjung)
2026-04-17,PSR01,TLR01,28200,kg,BD-SP2KP,,,,,SP2KP Kemendag: Telur Ayam Ras (Pasar Taba Penanjung)
2026-04-17,PSR01,DAY01,35000,kg,BD-SP2KP,,,,,SP2KP Kemendag: Daging Ayam Ras (Pasar Taba Penanjung)
2026-04-17,PSR01,BWP01,35000,kg,BD-SP2KP,,,,,SP2KP Kemendag: Bawang Putih Honan (Pasar Taba Penanjung)
2026-04-17,PSR01,BRS05,16000,kg,BD-SP2KP,,,,,SP2KP Kemendag: Beras Premium (Pasar Taba Penanjung)
2026-04-17,PSR01,BRS03,13750,kg,BD-SP2KP,,,,,SP2KP Kemendag: Beras Medium (Pasar Taba Penanjung)
2026-04-17,PSR01,DSP02,150000,kg,BD-SP2KP,,,,,SP2KP Kemendag: Daging Sapi Paha Depan (Pasar Taba Penanjung)
2026-04-17,PSR01,CMR01,30000,kg,BD-SP2KP,,,,,SP2KP Kemendag: Cabai Merah Besar (Pasar Taba Penanjung)
2026-04-17,PSR92,CRW02,66667,kg,BD-SP2KP,,,,,SP2KP Kemendag: Cabai Rawit Merah (Pasar Panorama)
2026-04-17,PSR92,CRW01,56667,kg,BD-SP2KP,,,,,SP2KP Kemendag: Cabai Rawit Hijau (Pasar Panorama)
2026-04-17,PSR92,BWM01,51667,kg,BD-SP2KP,,,,,SP2KP Kemendag: Bawang Merah (Pasar Panorama)
2026-04-17,PSR92,GLP01,18833,kg,BD-SP2KP,,,,,SP2KP Kemendag: Gula Pasir Curah (Pasar Panorama)
2026-04-17,PSR92,GLP02,19333,kg,BD-SP2KP,,,,,SP2KP Kemendag: Gula Pasir Kemasan (Pasar Panorama)
2026-04-17,PSR92,MGR02,22667,liter,BD-SP2KP,,,,,SP2KP Kemendag: Minyak Goreng Sawit Kemasan Premium (Pasar Panorama)
2026-04-17,PSR92,DSP01,150000,kg,BD-SP2KP,,,,,SP2KP Kemendag: Daging Sapi Paha Belakang (Pasar Panorama)
2026-04-17,PSR92,CMR02,36667,kg,BD-SP2KP,,,,,SP2KP Kemendag: Cabai Merah Keriting (Pasar Panorama)
2026-04-17,PSR92,TLR01,30400,kg,BD-SP2KP,,,,,SP2KP Kemendag: Telur Ayam Ras (Pasar Panorama)
2026-04-17,PSR92,DAY01,37333,kg,BD-SP2KP,,,,,SP2KP Kemendag: Daging Ayam Ras (Pasar Panorama)
2026-04-17,PSR92,BWP01,53333,kg,BD-SP2KP,,,,,SP2KP Kemendag: Bawang Putih Honan (Pasar Panorama)
2026-04-17,PSR92,BRS05,16000,kg,BD-SP2KP,,,,,SP2KP Kemendag: Beras Premium (Pasar Panorama)
2026-04-17,PSR92,BRS03,13750,kg,BD-SP2KP,,,,,SP2KP Kemendag: Beras Medium (Pasar Panorama)
2026-04-17,PSR92,DSP02,150000,kg,BD-SP2KP,,,,,SP2KP Kemendag: Daging Sapi Paha Depan (Pasar Panorama)
2026-04-17,PSR92,CMR01,35000,kg,BD-SP2KP,,,,,SP2KP Kemendag: Cabai Merah Besar (Pasar Panorama)
2026-04-20,PSR91,CRW02,60000,kg,BD-SP2KP,,,,,SP2KP Kemendag: Cabai Rawit Merah (Pasar Kepahiang)
2026-04-20,PSR91,CRW01,40000,kg,BD-SP2KP,,,,,SP2KP Kemendag: Cabai Rawit Hijau (Pasar Kepahiang)
2026-04-20,PSR91,BWM01,45000,kg,BD-SP2KP,,,,,SP2KP Kemendag: Bawang Merah (Pasar Kepahiang)
2026-04-20,PSR91,GLP01,19000,kg,BD-SP2KP,,,,,SP2KP Kemendag: Gula Pasir Curah (Pasar Kepahiang)
2026-04-20,PSR91,GLP02,19000,kg,BD-SP2KP,,,,,SP2KP Kemendag: Gula Pasir Kemasan (Pasar Kepahiang)
2026-04-20,PSR91,MGR02,23000,liter,BD-SP2KP,,,,,SP2KP Kemendag: Minyak Goreng Sawit Kemasan Premium (Pasar Kepahiang)
2026-04-20,PSR91,DSP01,140000,kg,BD-SP2KP,,,,,SP2KP Kemendag: Daging Sapi Paha Belakang (Pasar Kepahiang)
2026-04-20,PSR91,CMR02,35000,kg,BD-SP2KP,,,,,SP2KP Kemendag: Cabai Merah Keriting (Pasar Kepahiang)
2026-04-20,PSR91,TLR01,28000,kg,BD-SP2KP,,,,,SP2KP Kemendag: Telur Ayam Ras (Pasar Kepahiang)
2026-04-20,PSR91,DAY01,38000,kg,BD-SP2KP,,,,,SP2KP Kemendag: Daging Ayam Ras (Pasar Kepahiang)
2026-04-20,PSR91,BWP01,37000,kg,BD-SP2KP,,,,,SP2KP Kemendag: Bawang Putih Honan (Pasar Kepahiang)
2026-04-20,PSR91,BRS05,15500,kg,BD-SP2KP,,,,,SP2KP Kemendag: Beras Premium (Pasar Kepahiang)
2026-04-20,PSR91,BRS03,13750,kg,BD-SP2KP,,,,,SP2KP Kemendag: Beras Medium (Pasar Kepahiang)
2026-04-20,PSR91,DSP02,140000,kg,BD-SP2KP,,,,,SP2KP Kemendag: Daging Sapi Paha Depan (Pasar Kepahiang)
2026-04-20,PSR91,CMR01,30000,kg,BD-SP2KP,,,,,SP2KP Kemendag: Cabai Merah Besar (Pasar Kepahiang)
2026-04-20,PSR01,CRW02,45000,kg,BD-SP2KP,,,,,SP2KP Kemendag: Cabai Rawit Merah (Pasar Taba Penanjung)
2026-04-20,PSR01,CRW01,35000,kg,BD-SP2KP,,,,,SP2KP Kemendag: Cabai Rawit Hijau (Pasar Taba Penanjung)
2026-04-20,PSR01,BWM01,42000,kg,BD-SP2KP,,,,,SP2KP Kemendag: Bawang Merah (Pasar Taba Penanjung)
2026-04-20,PSR01,GLP01,19000,kg,BD-SP2KP,,,,,SP2KP Kemendag: Gula Pasir Curah (Pasar Taba Penanjung)
2026-04-20,PSR01,GLP02,19000,kg,BD-SP2KP,,,,,SP2KP Kemendag: Gula Pasir Kemasan (Pasar Taba Penanjung)
2026-04-20,PSR01,MGR02,22000,liter,BD-SP2KP,,,,,SP2KP Kemendag: Minyak Goreng Sawit Kemasan Premium (Pasar Taba Penanjung)
2026-04-20,PSR01,DSP01,150000,kg,BD-SP2KP,,,,,SP2KP Kemendag: Daging Sapi Paha Belakang (Pasar Taba Penanjung)
2026-04-20,PSR01,CMR02,35000,kg,BD-SP2KP,,,,,SP2KP Kemendag: Cabai Merah Keriting (Pasar Taba Penanjung)
2026-04-20,PSR01,TLR01,28200,kg,BD-SP2KP,,,,,SP2KP Kemendag: Telur Ayam Ras (Pasar Taba Penanjung)
2026-04-20,PSR01,DAY01,35000,kg,BD-SP2KP,,,,,SP2KP Kemendag: Daging Ayam Ras (Pasar Taba Penanjung)
2026-04-20,PSR01,BWP01,35000,kg,BD-SP2KP,,,,,SP2KP Kemendag: Bawang Putih Honan (Pasar Taba Penanjung)
2026-04-20,PSR01,BRS05,16000,kg,BD-SP2KP,,,,,SP2KP Kemendag: Beras Premium (Pasar Taba Penanjung)
2026-04-20,PSR01,BRS03,13750,kg,BD-SP2KP,,,,,SP2KP Kemendag: Beras Medium (Pasar Taba Penanjung)
2026-04-20,PSR01,DSP02,150000,kg,BD-SP2KP,,,,,SP2KP Kemendag: Daging Sapi Paha Depan (Pasar Taba Penanjung)
2026-04-20,PSR01,CMR01,30000,kg,BD-SP2KP,,,,,SP2KP Kemendag: Cabai Merah Besar (Pasar Taba Penanjung)
2026-04-20,PSR92,CRW02,66667,kg,BD-SP2KP,,,,,SP2KP Kemendag: Cabai Rawit Merah (Pasar Panorama)
2026-04-20,PSR92,CRW01,56667,kg,BD-SP2KP,,,,,SP2KP Kemendag: Cabai Rawit Hijau (Pasar Panorama)
2026-04-20,PSR92,BWM01,51667,kg,BD-SP2KP,,,,,SP2KP Kemendag: Bawang Merah (Pasar Panorama)
2026-04-20,PSR92,GLP01,18833,kg,BD-SP2KP,,,,,SP2KP Kemendag: Gula Pasir Curah (Pasar Panorama)
2026-04-20,PSR92,GLP02,19333,kg,BD-SP2KP,,,,,SP2KP Kemendag: Gula Pasir Kemasan (Pasar Panorama)
2026-04-20,PSR92,MGR02,23667,liter,BD-SP2KP,,,,,SP2KP Kemendag: Minyak Goreng Sawit Kemasan Premium (Pasar Panorama)
2026-04-20,PSR92,DSP01,150000,kg,BD-SP2KP,,,,,SP2KP Kemendag: Daging Sapi Paha Belakang (Pasar Panorama)
2026-04-20,PSR92,CMR02,49333,kg,BD-SP2KP,,,,,SP2KP Kemendag: Cabai Merah Keriting (Pasar Panorama)
2026-04-20,PSR92,TLR01,30400,kg,BD-SP2KP,,,,,SP2KP Kemendag: Telur Ayam Ras (Pasar Panorama)
2026-04-20,PSR92,DAY01,37333,kg,BD-SP2KP,,,,,SP2KP Kemendag: Daging Ayam Ras (Pasar Panorama)
2026-04-20,PSR92,BWP01,53333,kg,BD-SP2KP,,,,,SP2KP Kemendag: Bawang Putih Honan (Pasar Panorama)
2026-04-20,PSR92,BRS05,16000,kg,BD-SP2KP,,,,,SP2KP Kemendag: Beras Premium (Pasar Panorama)
2026-04-20,PSR92,BRS03,13750,kg,BD-SP2KP,,,,,SP2KP Kemendag: Beras Medium (Pasar Panorama)
2026-04-20,PSR92,DSP02,150000,kg,BD-SP2KP,,,,,SP2KP Kemendag: Daging Sapi Paha Depan (Pasar Panorama)
2026-04-20,PSR92,CMR01,35000,kg,BD-SP2KP,,,,,SP2KP Kemendag: Cabai Merah Besar (Pasar Panorama)
2026-04-21,PSR91,CRW02,60000,kg,BD-SP2KP,,,,,SP2KP Kemendag: Cabai Rawit Merah (Pasar Kepahiang)
2026-04-21,PSR91,CRW01,40000,kg,BD-SP2KP,,,,,SP2KP Kemendag: Cabai Rawit Hijau (Pasar Kepahiang)
2026-04-21,PSR91,BWM01,45000,kg,BD-SP2KP,,,,,SP2KP Kemendag: Bawang Merah (Pasar Kepahiang)
2026-04-21,PSR91,GLP01,19000,kg,BD-SP2KP,,,,,SP2KP Kemendag: Gula Pasir Curah (Pasar Kepahiang)
2026-04-21,PSR91,GLP02,19000,kg,BD-SP2KP,,,,,SP2KP Kemendag: Gula Pasir Kemasan (Pasar Kepahiang)
2026-04-21,PSR91,MGR02,23000,liter,BD-SP2KP,,,,,SP2KP Kemendag: Minyak Goreng Sawit Kemasan Premium (Pasar Kepahiang)
2026-04-21,PSR91,DSP01,140003,kg,BD-SP2KP,,,,,SP2KP Kemendag: Daging Sapi Paha Belakang (Pasar Kepahiang)
2026-04-21,PSR91,CMR02,35000,kg,BD-SP2KP,,,,,SP2KP Kemendag: Cabai Merah Keriting (Pasar Kepahiang)
2026-04-21,PSR91,TLR01,28000,kg,BD-SP2KP,,,,,SP2KP Kemendag: Telur Ayam Ras (Pasar Kepahiang)
2026-04-21,PSR91,DAY01,38000,kg,BD-SP2KP,,,,,SP2KP Kemendag: Daging Ayam Ras (Pasar Kepahiang)
2026-04-21,PSR91,BWP01,37000,kg,BD-SP2KP,,,,,SP2KP Kemendag: Bawang Putih Honan (Pasar Kepahiang)
2026-04-21,PSR91,BRS05,15500,kg,BD-SP2KP,,,,,SP2KP Kemendag: Beras Premium (Pasar Kepahiang)
2026-04-21,PSR91,BRS03,13750,kg,BD-SP2KP,,,,,SP2KP Kemendag: Beras Medium (Pasar Kepahiang)
2026-04-21,PSR91,DSP02,140000,kg,BD-SP2KP,,,,,SP2KP Kemendag: Daging Sapi Paha Depan (Pasar Kepahiang)
2026-04-21,PSR91,CMR01,30000,kg,BD-SP2KP,,,,,SP2KP Kemendag: Cabai Merah Besar (Pasar Kepahiang)
2026-04-21,PSR01,CRW02,45000,kg,BD-SP2KP,,,,,SP2KP Kemendag: Cabai Rawit Merah (Pasar Taba Penanjung)
2026-04-21,PSR01,CRW01,35000,kg,BD-SP2KP,,,,,SP2KP Kemendag: Cabai Rawit Hijau (Pasar Taba Penanjung)
2026-04-21,PSR01,BWM01,42000,kg,BD-SP2KP,,,,,SP2KP Kemendag: Bawang Merah (Pasar Taba Penanjung)
2026-04-21,PSR01,GLP01,19000,kg,BD-SP2KP,,,,,SP2KP Kemendag: Gula Pasir Curah (Pasar Taba Penanjung)
2026-04-21,PSR01,GLP02,19000,kg,BD-SP2KP,,,,,SP2KP Kemendag: Gula Pasir Kemasan (Pasar Taba Penanjung)
2026-04-21,PSR01,MGR02,22000,liter,BD-SP2KP,,,,,SP2KP Kemendag: Minyak Goreng Sawit Kemasan Premium (Pasar Taba Penanjung)
2026-04-21,PSR01,DSP01,150000,kg,BD-SP2KP,,,,,SP2KP Kemendag: Daging Sapi Paha Belakang (Pasar Taba Penanjung)
2026-04-21,PSR01,CMR02,35000,kg,BD-SP2KP,,,,,SP2KP Kemendag: Cabai Merah Keriting (Pasar Taba Penanjung)
2026-04-21,PSR01,TLR01,28200,kg,BD-SP2KP,,,,,SP2KP Kemendag: Telur Ayam Ras (Pasar Taba Penanjung)
2026-04-21,PSR01,DAY01,35000,kg,BD-SP2KP,,,,,SP2KP Kemendag: Daging Ayam Ras (Pasar Taba Penanjung)
2026-04-21,PSR01,BWP01,35000,kg,BD-SP2KP,,,,,SP2KP Kemendag: Bawang Putih Honan (Pasar Taba Penanjung)
2026-04-21,PSR01,BRS05,16000,kg,BD-SP2KP,,,,,SP2KP Kemendag: Beras Premium (Pasar Taba Penanjung)
2026-04-21,PSR01,BRS03,13750,kg,BD-SP2KP,,,,,SP2KP Kemendag: Beras Medium (Pasar Taba Penanjung)
2026-04-21,PSR01,DSP02,150000,kg,BD-SP2KP,,,,,SP2KP Kemendag: Daging Sapi Paha Depan (Pasar Taba Penanjung)
2026-04-21,PSR01,CMR01,30000,kg,BD-SP2KP,,,,,SP2KP Kemendag: Cabai Merah Besar (Pasar Taba Penanjung)
2026-04-21,PSR92,CRW02,66667,kg,BD-SP2KP,,,,,SP2KP Kemendag: Cabai Rawit Merah (Pasar Panorama)
2026-04-21,PSR92,CRW01,56667,kg,BD-SP2KP,,,,,SP2KP Kemendag: Cabai Rawit Hijau (Pasar Panorama)
2026-04-21,PSR92,BWM01,51667,kg,BD-SP2KP,,,,,SP2KP Kemendag: Bawang Merah (Pasar Panorama)
2026-04-21,PSR92,GLP01,18833,kg,BD-SP2KP,,,,,SP2KP Kemendag: Gula Pasir Curah (Pasar Panorama)
2026-04-21,PSR92,GLP02,19333,kg,BD-SP2KP,,,,,SP2KP Kemendag: Gula Pasir Kemasan (Pasar Panorama)
2026-04-21,PSR92,MGR02,23667,liter,BD-SP2KP,,,,,SP2KP Kemendag: Minyak Goreng Sawit Kemasan Premium (Pasar Panorama)
2026-04-21,PSR92,DSP01,150000,kg,BD-SP2KP,,,,,SP2KP Kemendag: Daging Sapi Paha Belakang (Pasar Panorama)
2026-04-21,PSR92,CMR02,49333,kg,BD-SP2KP,,,,,SP2KP Kemendag: Cabai Merah Keriting (Pasar Panorama)
2026-04-21,PSR92,TLR01,30400,kg,BD-SP2KP,,,,,SP2KP Kemendag: Telur Ayam Ras (Pasar Panorama)
2026-04-21,PSR92,DAY01,37333,kg,BD-SP2KP,,,,,SP2KP Kemendag: Daging Ayam Ras (Pasar Panorama)
2026-04-21,PSR92,BWP01,53333,kg,BD-SP2KP,,,,,SP2KP Kemendag: Bawang Putih Honan (Pasar Panorama)
2026-04-21,PSR92,BRS05,16000,kg,BD-SP2KP,,,,,SP2KP Kemendag: Beras Premium (Pasar Panorama)
2026-04-21,PSR92,BRS03,13750,kg,BD-SP2KP,,,,,SP2KP Kemendag: Beras Medium (Pasar Panorama)
2026-04-21,PSR92,DSP02,150000,kg,BD-SP2KP,,,,,SP2KP Kemendag: Daging Sapi Paha Depan (Pasar Panorama)
2026-04-21,PSR92,CMR01,35000,kg,BD-SP2KP,,,,,SP2KP Kemendag: Cabai Merah Besar (Pasar Panorama)
2026-04-22,PSR91,CRW02,60000,kg,BD-SP2KP,,,,,SP2KP Kemendag: Cabai Rawit Merah (Pasar Kepahiang)
2026-04-22,PSR91,CRW01,40000,kg,BD-SP2KP,,,,,SP2KP Kemendag: Cabai Rawit Hijau (Pasar Kepahiang)
2026-04-22,PSR91,BWM01,45000,kg,BD-SP2KP,,,,,SP2KP Kemendag: Bawang Merah (Pasar Kepahiang)
2026-04-22,PSR91,GLP01,19000,kg,BD-SP2KP,,,,,SP2KP Kemendag: Gula Pasir Curah (Pasar Kepahiang)
2026-04-22,PSR91,GLP02,19000,kg,BD-SP2KP,,,,,SP2KP Kemendag: Gula Pasir Kemasan (Pasar Kepahiang)
2026-04-22,PSR91,MGR02,23000,liter,BD-SP2KP,,,,,SP2KP Kemendag: Minyak Goreng Sawit Kemasan Premium (Pasar Kepahiang)
2026-04-22,PSR91,DSP01,140000,kg,BD-SP2KP,,,,,SP2KP Kemendag: Daging Sapi Paha Belakang (Pasar Kepahiang)
2026-04-22,PSR91,CMR02,40000,kg,BD-SP2KP,,,,,SP2KP Kemendag: Cabai Merah Keriting (Pasar Kepahiang)
2026-04-22,PSR91,TLR01,28000,kg,BD-SP2KP,,,,,SP2KP Kemendag: Telur Ayam Ras (Pasar Kepahiang)
2026-04-22,PSR91,DAY01,36000,kg,BD-SP2KP,,,,,SP2KP Kemendag: Daging Ayam Ras (Pasar Kepahiang)
2026-04-22,PSR91,BWP01,37000,kg,BD-SP2KP,,,,,SP2KP Kemendag: Bawang Putih Honan (Pasar Kepahiang)
2026-04-22,PSR91,BRS05,15500,kg,BD-SP2KP,,,,,SP2KP Kemendag: Beras Premium (Pasar Kepahiang)
2026-04-22,PSR91,BRS03,13750,kg,BD-SP2KP,,,,,SP2KP Kemendag: Beras Medium (Pasar Kepahiang)
2026-04-22,PSR91,DSP02,140000,kg,BD-SP2KP,,,,,SP2KP Kemendag: Daging Sapi Paha Depan (Pasar Kepahiang)
2026-04-22,PSR91,CMR01,35000,kg,BD-SP2KP,,,,,SP2KP Kemendag: Cabai Merah Besar (Pasar Kepahiang)
2026-04-22,PSR01,CRW02,45000,kg,BD-SP2KP,,,,,SP2KP Kemendag: Cabai Rawit Merah (Pasar Taba Penanjung)
2026-04-22,PSR01,CRW01,35000,kg,BD-SP2KP,,,,,SP2KP Kemendag: Cabai Rawit Hijau (Pasar Taba Penanjung)
2026-04-22,PSR01,BWM01,42000,kg,BD-SP2KP,,,,,SP2KP Kemendag: Bawang Merah (Pasar Taba Penanjung)
2026-04-22,PSR01,GLP01,19000,kg,BD-SP2KP,,,,,SP2KP Kemendag: Gula Pasir Curah (Pasar Taba Penanjung)
2026-04-22,PSR01,GLP02,19000,kg,BD-SP2KP,,,,,SP2KP Kemendag: Gula Pasir Kemasan (Pasar Taba Penanjung)
2026-04-22,PSR01,MGR02,22000,liter,BD-SP2KP,,,,,SP2KP Kemendag: Minyak Goreng Sawit Kemasan Premium (Pasar Taba Penanjung)
2026-04-22,PSR01,DSP01,150000,kg,BD-SP2KP,,,,,SP2KP Kemendag: Daging Sapi Paha Belakang (Pasar Taba Penanjung)
2026-04-22,PSR01,CMR02,35000,kg,BD-SP2KP,,,,,SP2KP Kemendag: Cabai Merah Keriting (Pasar Taba Penanjung)
2026-04-22,PSR01,TLR01,28200,kg,BD-SP2KP,,,,,SP2KP Kemendag: Telur Ayam Ras (Pasar Taba Penanjung)
2026-04-22,PSR01,DAY01,35000,kg,BD-SP2KP,,,,,SP2KP Kemendag: Daging Ayam Ras (Pasar Taba Penanjung)
2026-04-22,PSR01,BWP01,35000,kg,BD-SP2KP,,,,,SP2KP Kemendag: Bawang Putih Honan (Pasar Taba Penanjung)
2026-04-22,PSR01,BRS05,16000,kg,BD-SP2KP,,,,,SP2KP Kemendag: Beras Premium (Pasar Taba Penanjung)
2026-04-22,PSR01,BRS03,13750,kg,BD-SP2KP,,,,,SP2KP Kemendag: Beras Medium (Pasar Taba Penanjung)
2026-04-22,PSR01,DSP02,150000,kg,BD-SP2KP,,,,,SP2KP Kemendag: Daging Sapi Paha Depan (Pasar Taba Penanjung)
2026-04-22,PSR01,CMR01,30000,kg,BD-SP2KP,,,,,SP2KP Kemendag: Cabai Merah Besar (Pasar Taba Penanjung)
2026-04-22,PSR92,CRW02,66667,kg,BD-SP2KP,,,,,SP2KP Kemendag: Cabai Rawit Merah (Pasar Panorama)
2026-04-22,PSR92,CRW01,56667,kg,BD-SP2KP,,,,,SP2KP Kemendag: Cabai Rawit Hijau (Pasar Panorama)
2026-04-22,PSR92,BWM01,51667,kg,BD-SP2KP,,,,,SP2KP Kemendag: Bawang Merah (Pasar Panorama)
2026-04-22,PSR92,GLP01,18833,kg,BD-SP2KP,,,,,SP2KP Kemendag: Gula Pasir Curah (Pasar Panorama)
2026-04-22,PSR92,GLP02,19333,kg,BD-SP2KP,,,,,SP2KP Kemendag: Gula Pasir Kemasan (Pasar Panorama)
2026-04-22,PSR92,MGR02,23667,liter,BD-SP2KP,,,,,SP2KP Kemendag: Minyak Goreng Sawit Kemasan Premium (Pasar Panorama)
2026-04-22,PSR92,DSP01,150000,kg,BD-SP2KP,,,,,SP2KP Kemendag: Daging Sapi Paha Belakang (Pasar Panorama)
2026-04-22,PSR92,CMR02,49333,kg,BD-SP2KP,,,,,SP2KP Kemendag: Cabai Merah Keriting (Pasar Panorama)
2026-04-22,PSR92,TLR01,30400,kg,BD-SP2KP,,,,,SP2KP Kemendag: Telur Ayam Ras (Pasar Panorama)
2026-04-22,PSR92,DAY01,37333,kg,BD-SP2KP,,,,,SP2KP Kemendag: Daging Ayam Ras (Pasar Panorama)
2026-04-22,PSR92,BWP01,53333,kg,BD-SP2KP,,,,,SP2KP Kemendag: Bawang Putih Honan (Pasar Panorama)
2026-04-22,PSR92,BRS05,16000,kg,BD-SP2KP,,,,,SP2KP Kemendag: Beras Premium (Pasar Panorama)
2026-04-22,PSR92,BRS03,13750,kg,BD-SP2KP,,,,,SP2KP Kemendag: Beras Medium (Pasar Panorama)
2026-04-22,PSR92,DSP02,150000,kg,BD-SP2KP,,,,,SP2KP Kemendag: Daging Sapi Paha Depan (Pasar Panorama)
2026-04-22,PSR92,CMR01,35000,kg,BD-SP2KP,,,,,SP2KP Kemendag: Cabai Merah Besar (Pasar Panorama)
2026-04-23,PSR91,CRW02,60000,kg,BD-SP2KP,,,,,SP2KP Kemendag: Cabai Rawit Merah (Pasar Kepahiang)
2026-04-23,PSR91,CRW01,40000,kg,BD-SP2KP,,,,,SP2KP Kemendag: Cabai Rawit Hijau (Pasar Kepahiang)
2026-04-23,PSR91,BWM01,45000,kg,BD-SP2KP,,,,,SP2KP Kemendag: Bawang Merah (Pasar Kepahiang)
2026-04-23,PSR91,GLP01,19000,kg,BD-SP2KP,,,,,SP2KP Kemendag: Gula Pasir Curah (Pasar Kepahiang)
2026-04-23,PSR91,GLP02,19000,kg,BD-SP2KP,,,,,SP2KP Kemendag: Gula Pasir Kemasan (Pasar Kepahiang)
2026-04-23,PSR91,MGR02,23000,liter,BD-SP2KP,,,,,SP2KP Kemendag: Minyak Goreng Sawit Kemasan Premium (Pasar Kepahiang)
2026-04-23,PSR91,DSP01,140000,kg,BD-SP2KP,,,,,SP2KP Kemendag: Daging Sapi Paha Belakang (Pasar Kepahiang)
2026-04-23,PSR91,CMR02,40000,kg,BD-SP2KP,,,,,SP2KP Kemendag: Cabai Merah Keriting (Pasar Kepahiang)
2026-04-23,PSR91,TLR01,28000,kg,BD-SP2KP,,,,,SP2KP Kemendag: Telur Ayam Ras (Pasar Kepahiang)
2026-04-23,PSR91,DAY01,36000,kg,BD-SP2KP,,,,,SP2KP Kemendag: Daging Ayam Ras (Pasar Kepahiang)
2026-04-23,PSR91,BWP01,37000,kg,BD-SP2KP,,,,,SP2KP Kemendag: Bawang Putih Honan (Pasar Kepahiang)
2026-04-23,PSR91,BRS05,15500,kg,BD-SP2KP,,,,,SP2KP Kemendag: Beras Premium (Pasar Kepahiang)
2026-04-23,PSR91,BRS03,13750,kg,BD-SP2KP,,,,,SP2KP Kemendag: Beras Medium (Pasar Kepahiang)
2026-04-23,PSR91,DSP02,140000,kg,BD-SP2KP,,,,,SP2KP Kemendag: Daging Sapi Paha Depan (Pasar Kepahiang)
2026-04-23,PSR91,CMR01,35000,kg,BD-SP2KP,,,,,SP2KP Kemendag: Cabai Merah Besar (Pasar Kepahiang)
2026-04-23,PSR01,CRW02,60000,kg,BD-SP2KP,,,,,SP2KP Kemendag: Cabai Rawit Merah (Pasar Taba Penanjung)
2026-04-23,PSR01,CRW01,40000,kg,BD-SP2KP,,,,,SP2KP Kemendag: Cabai Rawit Hijau (Pasar Taba Penanjung)
2026-04-23,PSR01,BWM01,44000,kg,BD-SP2KP,,,,,SP2KP Kemendag: Bawang Merah (Pasar Taba Penanjung)
2026-04-23,PSR01,GLP01,19000,kg,BD-SP2KP,,,,,SP2KP Kemendag: Gula Pasir Curah (Pasar Taba Penanjung)
2026-04-23,PSR01,GLP02,19000,kg,BD-SP2KP,,,,,SP2KP Kemendag: Gula Pasir Kemasan (Pasar Taba Penanjung)
2026-04-23,PSR01,MGR02,22000,liter,BD-SP2KP,,,,,SP2KP Kemendag: Minyak Goreng Sawit Kemasan Premium (Pasar Taba Penanjung)
2026-04-23,PSR01,DSP01,150000,kg,BD-SP2KP,,,,,SP2KP Kemendag: Daging Sapi Paha Belakang (Pasar Taba Penanjung)
2026-04-23,PSR01,CMR02,43000,kg,BD-SP2KP,,,,,SP2KP Kemendag: Cabai Merah Keriting (Pasar Taba Penanjung)
2026-04-23,PSR01,TLR01,28200,kg,BD-SP2KP,,,,,SP2KP Kemendag: Telur Ayam Ras (Pasar Taba Penanjung)
2026-04-23,PSR01,DAY01,30000,kg,BD-SP2KP,,,,,SP2KP Kemendag: Daging Ayam Ras (Pasar Taba Penanjung)
2026-04-23,PSR01,BWP01,35000,kg,BD-SP2KP,,,,,SP2KP Kemendag: Bawang Putih Honan (Pasar Taba Penanjung)
2026-04-23,PSR01,BRS05,16000,kg,BD-SP2KP,,,,,SP2KP Kemendag: Beras Premium (Pasar Taba Penanjung)
2026-04-23,PSR01,BRS03,13750,kg,BD-SP2KP,,,,,SP2KP Kemendag: Beras Medium (Pasar Taba Penanjung)
2026-04-23,PSR01,DSP02,150000,kg,BD-SP2KP,,,,,SP2KP Kemendag: Daging Sapi Paha Depan (Pasar Taba Penanjung)
2026-04-23,PSR01,CMR01,40000,kg,BD-SP2KP,,,,,SP2KP Kemendag: Cabai Merah Besar (Pasar Taba Penanjung)
2026-04-23,PSR92,CRW02,66667,kg,BD-SP2KP,,,,,SP2KP Kemendag: Cabai Rawit Merah (Pasar Panorama)
2026-04-23,PSR92,CRW01,56667,kg,BD-SP2KP,,,,,SP2KP Kemendag: Cabai Rawit Hijau (Pasar Panorama)
2026-04-23,PSR92,BWM01,51667,kg,BD-SP2KP,,,,,SP2KP Kemendag: Bawang Merah (Pasar Panorama)
2026-04-23,PSR92,GLP01,18833,kg,BD-SP2KP,,,,,SP2KP Kemendag: Gula Pasir Curah (Pasar Panorama)
2026-04-23,PSR92,GLP02,19333,kg,BD-SP2KP,,,,,SP2KP Kemendag: Gula Pasir Kemasan (Pasar Panorama)
2026-04-23,PSR92,MGR02,23667,liter,BD-SP2KP,,,,,SP2KP Kemendag: Minyak Goreng Sawit Kemasan Premium (Pasar Panorama)
2026-04-23,PSR92,DSP01,150000,kg,BD-SP2KP,,,,,SP2KP Kemendag: Daging Sapi Paha Belakang (Pasar Panorama)
2026-04-23,PSR92,CMR02,49333,kg,BD-SP2KP,,,,,SP2KP Kemendag: Cabai Merah Keriting (Pasar Panorama)
2026-04-23,PSR92,TLR01,30400,kg,BD-SP2KP,,,,,SP2KP Kemendag: Telur Ayam Ras (Pasar Panorama)
2026-04-23,PSR92,DAY01,37333,kg,BD-SP2KP,,,,,SP2KP Kemendag: Daging Ayam Ras (Pasar Panorama)
2026-04-23,PSR92,BWP01,53333,kg,BD-SP2KP,,,,,SP2KP Kemendag: Bawang Putih Honan (Pasar Panorama)
2026-04-23,PSR92,BRS05,16000,kg,BD-SP2KP,,,,,SP2KP Kemendag: Beras Premium (Pasar Panorama)
2026-04-23,PSR92,BRS03,13750,kg,BD-SP2KP,,,,,SP2KP Kemendag: Beras Medium (Pasar Panorama)
2026-04-23,PSR92,DSP02,150000,kg,BD-SP2KP,,,,,SP2KP Kemendag: Daging Sapi Paha Depan (Pasar Panorama)
2026-04-23,PSR92,CMR01,35000,kg,BD-SP2KP,,,,,SP2KP Kemendag: Cabai Merah Besar (Pasar Panorama)
2026-04-24,PSR91,CRW02,60000,kg,BD-SP2KP,,,,,SP2KP Kemendag: Cabai Rawit Merah (Pasar Kepahiang)
2026-04-24,PSR91,CRW01,40000,kg,BD-SP2KP,,,,,SP2KP Kemendag: Cabai Rawit Hijau (Pasar Kepahiang)
2026-04-24,PSR91,BWM01,45000,kg,BD-SP2KP,,,,,SP2KP Kemendag: Bawang Merah (Pasar Kepahiang)
2026-04-24,PSR91,GLP01,19000,kg,BD-SP2KP,,,,,SP2KP Kemendag: Gula Pasir Curah (Pasar Kepahiang)
2026-04-24,PSR91,GLP02,19000,kg,BD-SP2KP,,,,,SP2KP Kemendag: Gula Pasir Kemasan (Pasar Kepahiang)
2026-04-24,PSR91,MGR02,23000,liter,BD-SP2KP,,,,,SP2KP Kemendag: Minyak Goreng Sawit Kemasan Premium (Pasar Kepahiang)
2026-04-24,PSR91,DSP01,140000,kg,BD-SP2KP,,,,,SP2KP Kemendag: Daging Sapi Paha Belakang (Pasar Kepahiang)
2026-04-24,PSR91,CMR02,40000,kg,BD-SP2KP,,,,,SP2KP Kemendag: Cabai Merah Keriting (Pasar Kepahiang)
2026-04-24,PSR91,TLR01,28000,kg,BD-SP2KP,,,,,SP2KP Kemendag: Telur Ayam Ras (Pasar Kepahiang)
2026-04-24,PSR91,DAY01,36000,kg,BD-SP2KP,,,,,SP2KP Kemendag: Daging Ayam Ras (Pasar Kepahiang)
2026-04-24,PSR91,BWP01,37000,kg,BD-SP2KP,,,,,SP2KP Kemendag: Bawang Putih Honan (Pasar Kepahiang)
2026-04-24,PSR91,BRS05,15500,kg,BD-SP2KP,,,,,SP2KP Kemendag: Beras Premium (Pasar Kepahiang)
2026-04-24,PSR91,BRS03,13750,kg,BD-SP2KP,,,,,SP2KP Kemendag: Beras Medium (Pasar Kepahiang)
2026-04-24,PSR91,DSP02,140000,kg,BD-SP2KP,,,,,SP2KP Kemendag: Daging Sapi Paha Depan (Pasar Kepahiang)
2026-04-24,PSR91,CMR01,35000,kg,BD-SP2KP,,,,,SP2KP Kemendag: Cabai Merah Besar (Pasar Kepahiang)
2026-04-24,PSR01,CRW02,60000,kg,BD-SP2KP,,,,,SP2KP Kemendag: Cabai Rawit Merah (Pasar Taba Penanjung)
2026-04-24,PSR01,CRW01,40000,kg,BD-SP2KP,,,,,SP2KP Kemendag: Cabai Rawit Hijau (Pasar Taba Penanjung)
2026-04-24,PSR01,BWM01,44000,kg,BD-SP2KP,,,,,SP2KP Kemendag: Bawang Merah (Pasar Taba Penanjung)
2026-04-24,PSR01,GLP01,19000,kg,BD-SP2KP,,,,,SP2KP Kemendag: Gula Pasir Curah (Pasar Taba Penanjung)
2026-04-24,PSR01,GLP02,19000,kg,BD-SP2KP,,,,,SP2KP Kemendag: Gula Pasir Kemasan (Pasar Taba Penanjung)
2026-04-24,PSR01,MGR02,22000,liter,BD-SP2KP,,,,,SP2KP Kemendag: Minyak Goreng Sawit Kemasan Premium (Pasar Taba Penanjung)
2026-04-24,PSR01,DSP01,150000,kg,BD-SP2KP,,,,,SP2KP Kemendag: Daging Sapi Paha Belakang (Pasar Taba Penanjung)
2026-04-24,PSR01,CMR02,43000,kg,BD-SP2KP,,,,,SP2KP Kemendag: Cabai Merah Keriting (Pasar Taba Penanjung)
2026-04-24,PSR01,TLR01,28200,kg,BD-SP2KP,,,,,SP2KP Kemendag: Telur Ayam Ras (Pasar Taba Penanjung)
2026-04-24,PSR01,DAY01,30000,kg,BD-SP2KP,,,,,SP2KP Kemendag: Daging Ayam Ras (Pasar Taba Penanjung)
2026-04-24,PSR01,BWP01,35000,kg,BD-SP2KP,,,,,SP2KP Kemendag: Bawang Putih Honan (Pasar Taba Penanjung)
2026-04-24,PSR01,BRS05,16000,kg,BD-SP2KP,,,,,SP2KP Kemendag: Beras Premium (Pasar Taba Penanjung)
2026-04-24,PSR01,BRS03,13750,kg,BD-SP2KP,,,,,SP2KP Kemendag: Beras Medium (Pasar Taba Penanjung)
2026-04-24,PSR01,DSP02,150000,kg,BD-SP2KP,,,,,SP2KP Kemendag: Daging Sapi Paha Depan (Pasar Taba Penanjung)
2026-04-24,PSR01,CMR01,40000,kg,BD-SP2KP,,,,,SP2KP Kemendag: Cabai Merah Besar (Pasar Taba Penanjung)
2026-04-24,PSR92,CRW02,66667,kg,BD-SP2KP,,,,,SP2KP Kemendag: Cabai Rawit Merah (Pasar Panorama)
2026-04-24,PSR92,CRW01,56667,kg,BD-SP2KP,,,,,SP2KP Kemendag: Cabai Rawit Hijau (Pasar Panorama)
2026-04-24,PSR92,BWM01,51667,kg,BD-SP2KP,,,,,SP2KP Kemendag: Bawang Merah (Pasar Panorama)
2026-04-24,PSR92,GLP01,18833,kg,BD-SP2KP,,,,,SP2KP Kemendag: Gula Pasir Curah (Pasar Panorama)
2026-04-24,PSR92,GLP02,19333,kg,BD-SP2KP,,,,,SP2KP Kemendag: Gula Pasir Kemasan (Pasar Panorama)
2026-04-24,PSR92,MGR02,23667,liter,BD-SP2KP,,,,,SP2KP Kemendag: Minyak Goreng Sawit Kemasan Premium (Pasar Panorama)
2026-04-24,PSR92,DSP01,150000,kg,BD-SP2KP,,,,,SP2KP Kemendag: Daging Sapi Paha Belakang (Pasar Panorama)
2026-04-24,PSR92,CMR02,49333,kg,BD-SP2KP,,,,,SP2KP Kemendag: Cabai Merah Keriting (Pasar Panorama)
2026-04-24,PSR92,TLR01,30400,kg,BD-SP2KP,,,,,SP2KP Kemendag: Telur Ayam Ras (Pasar Panorama)
2026-04-24,PSR92,DAY01,37333,kg,BD-SP2KP,,,,,SP2KP Kemendag: Daging Ayam Ras (Pasar Panorama)
2026-04-24,PSR92,BWP01,53333,kg,BD-SP2KP,,,,,SP2KP Kemendag: Bawang Putih Honan (Pasar Panorama)
2026-04-24,PSR92,BRS05,16000,kg,BD-SP2KP,,,,,SP2KP Kemendag: Beras Premium (Pasar Panorama)
2026-04-24,PSR92,BRS03,13750,kg,BD-SP2KP,,,,,SP2KP Kemendag: Beras Medium (Pasar Panorama)
2026-04-24,PSR92,DSP02,150000,kg,BD-SP2KP,,,,,SP2KP Kemendag: Daging Sapi Paha Depan (Pasar Panorama)
2026-04-24,PSR92,CMR01,35000,kg,BD-SP2KP,,,,,SP2KP Kemendag: Cabai Merah Besar (Pasar Panorama)
2026-04-27,PSR91,CRW02,60000,kg,BD-SP2KP,,,,,SP2KP Kemendag: Cabai Rawit Merah (Pasar Kepahiang)
2026-04-27,PSR91,CRW01,40000,kg,BD-SP2KP,,,,,SP2KP Kemendag: Cabai Rawit Hijau (Pasar Kepahiang)
2026-04-27,PSR91,BWM01,45000,kg,BD-SP2KP,,,,,SP2KP Kemendag: Bawang Merah (Pasar Kepahiang)
2026-04-27,PSR91,GLP01,19000,kg,BD-SP2KP,,,,,SP2KP Kemendag: Gula Pasir Curah (Pasar Kepahiang)
2026-04-27,PSR91,GLP02,19000,kg,BD-SP2KP,,,,,SP2KP Kemendag: Gula Pasir Kemasan (Pasar Kepahiang)
2026-04-27,PSR91,MGR02,23000,liter,BD-SP2KP,,,,,SP2KP Kemendag: Minyak Goreng Sawit Kemasan Premium (Pasar Kepahiang)
2026-04-27,PSR91,DSP01,140000,kg,BD-SP2KP,,,,,SP2KP Kemendag: Daging Sapi Paha Belakang (Pasar Kepahiang)
2026-04-27,PSR91,CMR02,43000,kg,BD-SP2KP,,,,,SP2KP Kemendag: Cabai Merah Keriting (Pasar Kepahiang)
2026-04-27,PSR91,TLR01,28000,kg,BD-SP2KP,,,,,SP2KP Kemendag: Telur Ayam Ras (Pasar Kepahiang)
2026-04-27,PSR91,DAY01,36000,kg,BD-SP2KP,,,,,SP2KP Kemendag: Daging Ayam Ras (Pasar Kepahiang)
2026-04-27,PSR91,BWP01,37000,kg,BD-SP2KP,,,,,SP2KP Kemendag: Bawang Putih Honan (Pasar Kepahiang)
2026-04-27,PSR91,BRS05,15500,kg,BD-SP2KP,,,,,SP2KP Kemendag: Beras Premium (Pasar Kepahiang)
2026-04-27,PSR91,BRS03,13750,kg,BD-SP2KP,,,,,SP2KP Kemendag: Beras Medium (Pasar Kepahiang)
2026-04-27,PSR91,DSP02,140000,kg,BD-SP2KP,,,,,SP2KP Kemendag: Daging Sapi Paha Depan (Pasar Kepahiang)
2026-04-27,PSR91,CMR01,40000,kg,BD-SP2KP,,,,,SP2KP Kemendag: Cabai Merah Besar (Pasar Kepahiang)
2026-04-27,PSR01,CRW02,60000,kg,BD-SP2KP,,,,,SP2KP Kemendag: Cabai Rawit Merah (Pasar Taba Penanjung)
2026-04-27,PSR01,CRW01,40000,kg,BD-SP2KP,,,,,SP2KP Kemendag: Cabai Rawit Hijau (Pasar Taba Penanjung)
2026-04-27,PSR01,BWM01,44000,kg,BD-SP2KP,,,,,SP2KP Kemendag: Bawang Merah (Pasar Taba Penanjung)
2026-04-27,PSR01,GLP01,19000,kg,BD-SP2KP,,,,,SP2KP Kemendag: Gula Pasir Curah (Pasar Taba Penanjung)
2026-04-27,PSR01,GLP02,19000,kg,BD-SP2KP,,,,,SP2KP Kemendag: Gula Pasir Kemasan (Pasar Taba Penanjung)
2026-04-27,PSR01,MGR02,22000,liter,BD-SP2KP,,,,,SP2KP Kemendag: Minyak Goreng Sawit Kemasan Premium (Pasar Taba Penanjung)
2026-04-27,PSR01,DSP01,150000,kg,BD-SP2KP,,,,,SP2KP Kemendag: Daging Sapi Paha Belakang (Pasar Taba Penanjung)
2026-04-27,PSR01,CMR02,43000,kg,BD-SP2KP,,,,,SP2KP Kemendag: Cabai Merah Keriting (Pasar Taba Penanjung)
2026-04-27,PSR01,TLR01,28200,kg,BD-SP2KP,,,,,SP2KP Kemendag: Telur Ayam Ras (Pasar Taba Penanjung)
2026-04-27,PSR01,DAY01,30000,kg,BD-SP2KP,,,,,SP2KP Kemendag: Daging Ayam Ras (Pasar Taba Penanjung)
2026-04-27,PSR01,BWP01,35000,kg,BD-SP2KP,,,,,SP2KP Kemendag: Bawang Putih Honan (Pasar Taba Penanjung)
2026-04-27,PSR01,BRS05,16000,kg,BD-SP2KP,,,,,SP2KP Kemendag: Beras Premium (Pasar Taba Penanjung)
2026-04-27,PSR01,BRS03,13750,kg,BD-SP2KP,,,,,SP2KP Kemendag: Beras Medium (Pasar Taba Penanjung)
2026-04-27,PSR01,DSP02,150000,kg,BD-SP2KP,,,,,SP2KP Kemendag: Daging Sapi Paha Depan (Pasar Taba Penanjung)
2026-04-27,PSR01,CMR01,40000,kg,BD-SP2KP,,,,,SP2KP Kemendag: Cabai Merah Besar (Pasar Taba Penanjung)
2026-04-27,PSR92,CRW02,66667,kg,BD-SP2KP,,,,,SP2KP Kemendag: Cabai Rawit Merah (Pasar Panorama)
2026-04-27,PSR92,CRW01,56667,kg,BD-SP2KP,,,,,SP2KP Kemendag: Cabai Rawit Hijau (Pasar Panorama)
2026-04-27,PSR92,BWM01,51667,kg,BD-SP2KP,,,,,SP2KP Kemendag: Bawang Merah (Pasar Panorama)
2026-04-27,PSR92,GLP01,18833,kg,BD-SP2KP,,,,,SP2KP Kemendag: Gula Pasir Curah (Pasar Panorama)
2026-04-27,PSR92,GLP02,19333,kg,BD-SP2KP,,,,,SP2KP Kemendag: Gula Pasir Kemasan (Pasar Panorama)
2026-04-27,PSR92,MGR02,23667,liter,BD-SP2KP,,,,,SP2KP Kemendag: Minyak Goreng Sawit Kemasan Premium (Pasar Panorama)
2026-04-27,PSR92,DSP01,150000,kg,BD-SP2KP,,,,,SP2KP Kemendag: Daging Sapi Paha Belakang (Pasar Panorama)
2026-04-27,PSR92,CMR02,49333,kg,BD-SP2KP,,,,,SP2KP Kemendag: Cabai Merah Keriting (Pasar Panorama)
2026-04-27,PSR92,TLR01,30400,kg,BD-SP2KP,,,,,SP2KP Kemendag: Telur Ayam Ras (Pasar Panorama)
2026-04-27,PSR92,DAY01,35667,kg,BD-SP2KP,,,,,SP2KP Kemendag: Daging Ayam Ras (Pasar Panorama)
2026-04-27,PSR92,BWP01,53333,kg,BD-SP2KP,,,,,SP2KP Kemendag: Bawang Putih Honan (Pasar Panorama)
2026-04-27,PSR92,BRS05,16000,kg,BD-SP2KP,,,,,SP2KP Kemendag: Beras Premium (Pasar Panorama)
2026-04-27,PSR92,BRS03,13750,kg,BD-SP2KP,,,,,SP2KP Kemendag: Beras Medium (Pasar Panorama)
2026-04-27,PSR92,DSP02,150000,kg,BD-SP2KP,,,,,SP2KP Kemendag: Daging Sapi Paha Depan (Pasar Panorama)
2026-04-27,PSR92,CMR01,35000,kg,BD-SP2KP,,,,,SP2KP Kemendag: Cabai Merah Besar (Pasar Panorama)
2026-04-28,PSR91,CRW02,60000,kg,BD-SP2KP,,,,,SP2KP Kemendag: Cabai Rawit Merah (Pasar Kepahiang)
2026-04-28,PSR91,CRW01,40000,kg,BD-SP2KP,,,,,SP2KP Kemendag: Cabai Rawit Hijau (Pasar Kepahiang)
2026-04-28,PSR91,BWM01,45000,kg,BD-SP2KP,,,,,SP2KP Kemendag: Bawang Merah (Pasar Kepahiang)
2026-04-28,PSR91,GLP01,19000,kg,BD-SP2KP,,,,,SP2KP Kemendag: Gula Pasir Curah (Pasar Kepahiang)
2026-04-28,PSR91,GLP02,19000,kg,BD-SP2KP,,,,,SP2KP Kemendag: Gula Pasir Kemasan (Pasar Kepahiang)
2026-04-28,PSR91,MGR02,23000,liter,BD-SP2KP,,,,,SP2KP Kemendag: Minyak Goreng Sawit Kemasan Premium (Pasar Kepahiang)
2026-04-28,PSR91,DSP01,140000,kg,BD-SP2KP,,,,,SP2KP Kemendag: Daging Sapi Paha Belakang (Pasar Kepahiang)
2026-04-28,PSR91,CMR02,43000,kg,BD-SP2KP,,,,,SP2KP Kemendag: Cabai Merah Keriting (Pasar Kepahiang)
2026-04-28,PSR91,TLR01,28000,kg,BD-SP2KP,,,,,SP2KP Kemendag: Telur Ayam Ras (Pasar Kepahiang)
2026-04-28,PSR91,DAY01,36000,kg,BD-SP2KP,,,,,SP2KP Kemendag: Daging Ayam Ras (Pasar Kepahiang)
2026-04-28,PSR91,BWP01,37000,kg,BD-SP2KP,,,,,SP2KP Kemendag: Bawang Putih Honan (Pasar Kepahiang)
2026-04-28,PSR91,BRS05,15500,kg,BD-SP2KP,,,,,SP2KP Kemendag: Beras Premium (Pasar Kepahiang)
2026-04-28,PSR91,BRS03,13750,kg,BD-SP2KP,,,,,SP2KP Kemendag: Beras Medium (Pasar Kepahiang)
2026-04-28,PSR91,DSP02,140000,kg,BD-SP2KP,,,,,SP2KP Kemendag: Daging Sapi Paha Depan (Pasar Kepahiang)
2026-04-28,PSR91,CMR01,40000,kg,BD-SP2KP,,,,,SP2KP Kemendag: Cabai Merah Besar (Pasar Kepahiang)
2026-04-28,PSR01,CRW02,60000,kg,BD-SP2KP,,,,,SP2KP Kemendag: Cabai Rawit Merah (Pasar Taba Penanjung)
2026-04-28,PSR01,CRW01,40000,kg,BD-SP2KP,,,,,SP2KP Kemendag: Cabai Rawit Hijau (Pasar Taba Penanjung)
2026-04-28,PSR01,BWM01,44000,kg,BD-SP2KP,,,,,SP2KP Kemendag: Bawang Merah (Pasar Taba Penanjung)
2026-04-28,PSR01,GLP01,19000,kg,BD-SP2KP,,,,,SP2KP Kemendag: Gula Pasir Curah (Pasar Taba Penanjung)
2026-04-28,PSR01,GLP02,19000,kg,BD-SP2KP,,,,,SP2KP Kemendag: Gula Pasir Kemasan (Pasar Taba Penanjung)
2026-04-28,PSR01,MGR02,22000,liter,BD-SP2KP,,,,,SP2KP Kemendag: Minyak Goreng Sawit Kemasan Premium (Pasar Taba Penanjung)
2026-04-28,PSR01,DSP01,150000,kg,BD-SP2KP,,,,,SP2KP Kemendag: Daging Sapi Paha Belakang (Pasar Taba Penanjung)
2026-04-28,PSR01,CMR02,43000,kg,BD-SP2KP,,,,,SP2KP Kemendag: Cabai Merah Keriting (Pasar Taba Penanjung)
2026-04-28,PSR01,TLR01,28200,kg,BD-SP2KP,,,,,SP2KP Kemendag: Telur Ayam Ras (Pasar Taba Penanjung)
2026-04-28,PSR01,DAY01,30000,kg,BD-SP2KP,,,,,SP2KP Kemendag: Daging Ayam Ras (Pasar Taba Penanjung)
2026-04-28,PSR01,BWP01,35000,kg,BD-SP2KP,,,,,SP2KP Kemendag: Bawang Putih Honan (Pasar Taba Penanjung)
2026-04-28,PSR01,BRS05,16000,kg,BD-SP2KP,,,,,SP2KP Kemendag: Beras Premium (Pasar Taba Penanjung)
2026-04-28,PSR01,BRS03,13750,kg,BD-SP2KP,,,,,SP2KP Kemendag: Beras Medium (Pasar Taba Penanjung)
2026-04-28,PSR01,DSP02,150000,kg,BD-SP2KP,,,,,SP2KP Kemendag: Daging Sapi Paha Depan (Pasar Taba Penanjung)
2026-04-28,PSR01,CMR01,40000,kg,BD-SP2KP,,,,,SP2KP Kemendag: Cabai Merah Besar (Pasar Taba Penanjung)
2026-04-28,PSR92,CRW02,60000,kg,BD-SP2KP,,,,,SP2KP Kemendag: Cabai Rawit Merah (Pasar Panorama)
2026-04-28,PSR92,CRW01,56667,kg,BD-SP2KP,,,,,SP2KP Kemendag: Cabai Rawit Hijau (Pasar Panorama)
2026-04-28,PSR92,BWM01,51667,kg,BD-SP2KP,,,,,SP2KP Kemendag: Bawang Merah (Pasar Panorama)
2026-04-28,PSR92,GLP01,18833,kg,BD-SP2KP,,,,,SP2KP Kemendag: Gula Pasir Curah (Pasar Panorama)
2026-04-28,PSR92,GLP02,19333,kg,BD-SP2KP,,,,,SP2KP Kemendag: Gula Pasir Kemasan (Pasar Panorama)
2026-04-28,PSR92,MGR02,23667,liter,BD-SP2KP,,,,,SP2KP Kemendag: Minyak Goreng Sawit Kemasan Premium (Pasar Panorama)
2026-04-28,PSR92,DSP01,150000,kg,BD-SP2KP,,,,,SP2KP Kemendag: Daging Sapi Paha Belakang (Pasar Panorama)
2026-04-28,PSR92,CMR02,53333,kg,BD-SP2KP,,,,,SP2KP Kemendag: Cabai Merah Keriting (Pasar Panorama)
2026-04-28,PSR92,TLR01,30400,kg,BD-SP2KP,,,,,SP2KP Kemendag: Telur Ayam Ras (Pasar Panorama)
2026-04-28,PSR92,DAY01,35667,kg,BD-SP2KP,,,,,SP2KP Kemendag: Daging Ayam Ras (Pasar Panorama)
2026-04-28,PSR92,BWP01,53333,kg,BD-SP2KP,,,,,SP2KP Kemendag: Bawang Putih Honan (Pasar Panorama)
2026-04-28,PSR92,BRS05,16000,kg,BD-SP2KP,,,,,SP2KP Kemendag: Beras Premium (Pasar Panorama)
2026-04-28,PSR92,BRS03,13750,kg,BD-SP2KP,,,,,SP2KP Kemendag: Beras Medium (Pasar Panorama)
2026-04-28,PSR92,DSP02,150000,kg,BD-SP2KP,,,,,SP2KP Kemendag: Daging Sapi Paha Depan (Pasar Panorama)
2026-04-28,PSR92,CMR01,35000,kg,BD-SP2KP,,,,,SP2KP Kemendag: Cabai Merah Besar (Pasar Panorama)
2026-04-29,PSR91,CRW02,60000,kg,BD-SP2KP,,,,,SP2KP Kemendag: Cabai Rawit Merah (Pasar Kepahiang)
2026-04-29,PSR91,CRW01,40000,kg,BD-SP2KP,,,,,SP2KP Kemendag: Cabai Rawit Hijau (Pasar Kepahiang)
2026-04-29,PSR91,BWM01,45000,kg,BD-SP2KP,,,,,SP2KP Kemendag: Bawang Merah (Pasar Kepahiang)
2026-04-29,PSR91,GLP01,19000,kg,BD-SP2KP,,,,,SP2KP Kemendag: Gula Pasir Curah (Pasar Kepahiang)
2026-04-29,PSR91,GLP02,19000,kg,BD-SP2KP,,,,,SP2KP Kemendag: Gula Pasir Kemasan (Pasar Kepahiang)
2026-04-29,PSR91,MGR02,23000,liter,BD-SP2KP,,,,,SP2KP Kemendag: Minyak Goreng Sawit Kemasan Premium (Pasar Kepahiang)
2026-04-29,PSR91,DSP01,140000,kg,BD-SP2KP,,,,,SP2KP Kemendag: Daging Sapi Paha Belakang (Pasar Kepahiang)
2026-04-29,PSR91,CMR02,43000,kg,BD-SP2KP,,,,,SP2KP Kemendag: Cabai Merah Keriting (Pasar Kepahiang)
2026-04-29,PSR91,TLR01,28000,kg,BD-SP2KP,,,,,SP2KP Kemendag: Telur Ayam Ras (Pasar Kepahiang)
2026-04-29,PSR91,DAY01,36000,kg,BD-SP2KP,,,,,SP2KP Kemendag: Daging Ayam Ras (Pasar Kepahiang)
2026-04-29,PSR91,BWP01,37000,kg,BD-SP2KP,,,,,SP2KP Kemendag: Bawang Putih Honan (Pasar Kepahiang)
2026-04-29,PSR91,BRS05,15500,kg,BD-SP2KP,,,,,SP2KP Kemendag: Beras Premium (Pasar Kepahiang)
2026-04-29,PSR91,BRS03,13750,kg,BD-SP2KP,,,,,SP2KP Kemendag: Beras Medium (Pasar Kepahiang)
2026-04-29,PSR91,DSP02,140000,kg,BD-SP2KP,,,,,SP2KP Kemendag: Daging Sapi Paha Depan (Pasar Kepahiang)
2026-04-29,PSR91,CMR01,40000,kg,BD-SP2KP,,,,,SP2KP Kemendag: Cabai Merah Besar (Pasar Kepahiang)
2026-04-29,PSR01,CRW02,60000,kg,BD-SP2KP,,,,,SP2KP Kemendag: Cabai Rawit Merah (Pasar Taba Penanjung)
2026-04-29,PSR01,CRW01,40000,kg,BD-SP2KP,,,,,SP2KP Kemendag: Cabai Rawit Hijau (Pasar Taba Penanjung)
2026-04-29,PSR01,BWM01,44000,kg,BD-SP2KP,,,,,SP2KP Kemendag: Bawang Merah (Pasar Taba Penanjung)
2026-04-29,PSR01,GLP01,19000,kg,BD-SP2KP,,,,,SP2KP Kemendag: Gula Pasir Curah (Pasar Taba Penanjung)
2026-04-29,PSR01,GLP02,19000,kg,BD-SP2KP,,,,,SP2KP Kemendag: Gula Pasir Kemasan (Pasar Taba Penanjung)
2026-04-29,PSR01,MGR02,22000,liter,BD-SP2KP,,,,,SP2KP Kemendag: Minyak Goreng Sawit Kemasan Premium (Pasar Taba Penanjung)
2026-04-29,PSR01,DSP01,150000,kg,BD-SP2KP,,,,,SP2KP Kemendag: Daging Sapi Paha Belakang (Pasar Taba Penanjung)
2026-04-29,PSR01,CMR02,43000,kg,BD-SP2KP,,,,,SP2KP Kemendag: Cabai Merah Keriting (Pasar Taba Penanjung)
2026-04-29,PSR01,TLR01,28200,kg,BD-SP2KP,,,,,SP2KP Kemendag: Telur Ayam Ras (Pasar Taba Penanjung)
2026-04-29,PSR01,DAY01,30000,kg,BD-SP2KP,,,,,SP2KP Kemendag: Daging Ayam Ras (Pasar Taba Penanjung)
2026-04-29,PSR01,BWP01,35000,kg,BD-SP2KP,,,,,SP2KP Kemendag: Bawang Putih Honan (Pasar Taba Penanjung)
2026-04-29,PSR01,BRS05,16000,kg,BD-SP2KP,,,,,SP2KP Kemendag: Beras Premium (Pasar Taba Penanjung)
2026-04-29,PSR01,BRS03,13750,kg,BD-SP2KP,,,,,SP2KP Kemendag: Beras Medium (Pasar Taba Penanjung)
2026-04-29,PSR01,DSP02,150000,kg,BD-SP2KP,,,,,SP2KP Kemendag: Daging Sapi Paha Depan (Pasar Taba Penanjung)
2026-04-29,PSR01,CMR01,40000,kg,BD-SP2KP,,,,,SP2KP Kemendag: Cabai Merah Besar (Pasar Taba Penanjung)
2026-04-29,PSR92,CRW02,60000,kg,BD-SP2KP,,,,,SP2KP Kemendag: Cabai Rawit Merah (Pasar Panorama)
2026-04-29,PSR92,CRW01,53333,kg,BD-SP2KP,,,,,SP2KP Kemendag: Cabai Rawit Hijau (Pasar Panorama)
2026-04-29,PSR92,BWM01,51667,kg,BD-SP2KP,,,,,SP2KP Kemendag: Bawang Merah (Pasar Panorama)
2026-04-29,PSR92,GLP01,18833,kg,BD-SP2KP,,,,,SP2KP Kemendag: Gula Pasir Curah (Pasar Panorama)
2026-04-29,PSR92,GLP02,19333,kg,BD-SP2KP,,,,,SP2KP Kemendag: Gula Pasir Kemasan (Pasar Panorama)
2026-04-29,PSR92,MGR02,23667,liter,BD-SP2KP,,,,,SP2KP Kemendag: Minyak Goreng Sawit Kemasan Premium (Pasar Panorama)
2026-04-29,PSR92,DSP01,150000,kg,BD-SP2KP,,,,,SP2KP Kemendag: Daging Sapi Paha Belakang (Pasar Panorama)
2026-04-29,PSR92,CMR02,53333,kg,BD-SP2KP,,,,,SP2KP Kemendag: Cabai Merah Keriting (Pasar Panorama)
2026-04-29,PSR92,TLR01,30400,kg,BD-SP2KP,,,,,SP2KP Kemendag: Telur Ayam Ras (Pasar Panorama)
2026-04-29,PSR92,DAY01,37667,kg,BD-SP2KP,,,,,SP2KP Kemendag: Daging Ayam Ras (Pasar Panorama)
2026-04-29,PSR92,BWP01,53333,kg,BD-SP2KP,,,,,SP2KP Kemendag: Bawang Putih Honan (Pasar Panorama)
2026-04-29,PSR92,BRS05,16000,kg,BD-SP2KP,,,,,SP2KP Kemendag: Beras Premium (Pasar Panorama)
2026-04-29,PSR92,BRS03,13750,kg,BD-SP2KP,,,,,SP2KP Kemendag: Beras Medium (Pasar Panorama)
2026-04-29,PSR92,DSP02,150000,kg,BD-SP2KP,,,,,SP2KP Kemendag: Daging Sapi Paha Depan (Pasar Panorama)
2026-04-29,PSR92,CMR01,35000,kg,BD-SP2KP,,,,,SP2KP Kemendag: Cabai Merah Besar (Pasar Panorama)
2026-04-30,PSR91,CRW02,60000,kg,BD-SP2KP,,,,,SP2KP Kemendag: Cabai Rawit Merah (Pasar Kepahiang)
2026-04-30,PSR91,CRW01,40000,kg,BD-SP2KP,,,,,SP2KP Kemendag: Cabai Rawit Hijau (Pasar Kepahiang)
2026-04-30,PSR91,BWM01,45000,kg,BD-SP2KP,,,,,SP2KP Kemendag: Bawang Merah (Pasar Kepahiang)
2026-04-30,PSR91,GLP01,19000,kg,BD-SP2KP,,,,,SP2KP Kemendag: Gula Pasir Curah (Pasar Kepahiang)
2026-04-30,PSR91,GLP02,19000,kg,BD-SP2KP,,,,,SP2KP Kemendag: Gula Pasir Kemasan (Pasar Kepahiang)
2026-04-30,PSR91,MGR02,23000,liter,BD-SP2KP,,,,,SP2KP Kemendag: Minyak Goreng Sawit Kemasan Premium (Pasar Kepahiang)
2026-04-30,PSR91,DSP01,140000,kg,BD-SP2KP,,,,,SP2KP Kemendag: Daging Sapi Paha Belakang (Pasar Kepahiang)
2026-04-30,PSR91,CMR02,43000,kg,BD-SP2KP,,,,,SP2KP Kemendag: Cabai Merah Keriting (Pasar Kepahiang)
2026-04-30,PSR91,TLR01,28000,kg,BD-SP2KP,,,,,SP2KP Kemendag: Telur Ayam Ras (Pasar Kepahiang)
2026-04-30,PSR91,DAY01,36000,kg,BD-SP2KP,,,,,SP2KP Kemendag: Daging Ayam Ras (Pasar Kepahiang)
2026-04-30,PSR91,BWP01,37000,kg,BD-SP2KP,,,,,SP2KP Kemendag: Bawang Putih Honan (Pasar Kepahiang)
2026-04-30,PSR91,BRS05,15500,kg,BD-SP2KP,,,,,SP2KP Kemendag: Beras Premium (Pasar Kepahiang)
2026-04-30,PSR91,BRS03,13750,kg,BD-SP2KP,,,,,SP2KP Kemendag: Beras Medium (Pasar Kepahiang)
2026-04-30,PSR91,DSP02,140000,kg,BD-SP2KP,,,,,SP2KP Kemendag: Daging Sapi Paha Depan (Pasar Kepahiang)
2026-04-30,PSR91,CMR01,40000,kg,BD-SP2KP,,,,,SP2KP Kemendag: Cabai Merah Besar (Pasar Kepahiang)
2026-04-30,PSR01,CRW02,60000,kg,BD-SP2KP,,,,,SP2KP Kemendag: Cabai Rawit Merah (Pasar Taba Penanjung)
2026-04-30,PSR01,CRW01,45000,kg,BD-SP2KP,,,,,SP2KP Kemendag: Cabai Rawit Hijau (Pasar Taba Penanjung)
2026-04-30,PSR01,BWM01,45000,kg,BD-SP2KP,,,,,SP2KP Kemendag: Bawang Merah (Pasar Taba Penanjung)
2026-04-30,PSR01,GLP01,19000,kg,BD-SP2KP,,,,,SP2KP Kemendag: Gula Pasir Curah (Pasar Taba Penanjung)
2026-04-30,PSR01,GLP02,19000,kg,BD-SP2KP,,,,,SP2KP Kemendag: Gula Pasir Kemasan (Pasar Taba Penanjung)
2026-04-30,PSR01,MGR02,22000,liter,BD-SP2KP,,,,,SP2KP Kemendag: Minyak Goreng Sawit Kemasan Premium (Pasar Taba Penanjung)
2026-04-30,PSR01,DSP01,150000,kg,BD-SP2KP,,,,,SP2KP Kemendag: Daging Sapi Paha Belakang (Pasar Taba Penanjung)
2026-04-30,PSR01,CMR02,43000,kg,BD-SP2KP,,,,,SP2KP Kemendag: Cabai Merah Keriting (Pasar Taba Penanjung)
2026-04-30,PSR01,TLR01,28200,kg,BD-SP2KP,,,,,SP2KP Kemendag: Telur Ayam Ras (Pasar Taba Penanjung)
2026-04-30,PSR01,DAY01,35000,kg,BD-SP2KP,,,,,SP2KP Kemendag: Daging Ayam Ras (Pasar Taba Penanjung)
2026-04-30,PSR01,BWP01,34000,kg,BD-SP2KP,,,,,SP2KP Kemendag: Bawang Putih Honan (Pasar Taba Penanjung)
2026-04-30,PSR01,BRS05,16000,kg,BD-SP2KP,,,,,SP2KP Kemendag: Beras Premium (Pasar Taba Penanjung)
2026-04-30,PSR01,BRS03,13750,kg,BD-SP2KP,,,,,SP2KP Kemendag: Beras Medium (Pasar Taba Penanjung)
2026-04-30,PSR01,DSP02,150000,kg,BD-SP2KP,,,,,SP2KP Kemendag: Daging Sapi Paha Depan (Pasar Taba Penanjung)
2026-04-30,PSR01,CMR01,40000,kg,BD-SP2KP,,,,,SP2KP Kemendag: Cabai Merah Besar (Pasar Taba Penanjung)
2026-04-30,PSR92,CRW02,60000,kg,BD-SP2KP,,,,,SP2KP Kemendag: Cabai Rawit Merah (Pasar Panorama)
2026-04-30,PSR92,CRW01,53333,kg,BD-SP2KP,,,,,SP2KP Kemendag: Cabai Rawit Hijau (Pasar Panorama)
2026-04-30,PSR92,BWM01,51667,kg,BD-SP2KP,,,,,SP2KP Kemendag: Bawang Merah (Pasar Panorama)
2026-04-30,PSR92,GLP01,18833,kg,BD-SP2KP,,,,,SP2KP Kemendag: Gula Pasir Curah (Pasar Panorama)
2026-04-30,PSR92,GLP02,19333,kg,BD-SP2KP,,,,,SP2KP Kemendag: Gula Pasir Kemasan (Pasar Panorama)
2026-04-30,PSR92,MGR02,23667,liter,BD-SP2KP,,,,,SP2KP Kemendag: Minyak Goreng Sawit Kemasan Premium (Pasar Panorama)
2026-04-30,PSR92,DSP01,150000,kg,BD-SP2KP,,,,,SP2KP Kemendag: Daging Sapi Paha Belakang (Pasar Panorama)
2026-04-30,PSR92,CMR02,53333,kg,BD-SP2KP,,,,,SP2KP Kemendag: Cabai Merah Keriting (Pasar Panorama)
2026-04-30,PSR92,TLR01,30400,kg,BD-SP2KP,,,,,SP2KP Kemendag: Telur Ayam Ras (Pasar Panorama)
2026-04-30,PSR92,DAY01,37667,kg,BD-SP2KP,,,,,SP2KP Kemendag: Daging Ayam Ras (Pasar Panorama)
2026-04-30,PSR92,BWP01,53333,kg,BD-SP2KP,,,,,SP2KP Kemendag: Bawang Putih Honan (Pasar Panorama)
2026-04-30,PSR92,BRS05,16000,kg,BD-SP2KP,,,,,SP2KP Kemendag: Beras Premium (Pasar Panorama)
2026-04-30,PSR92,BRS03,13750,kg,BD-SP2KP,,,,,SP2KP Kemendag: Beras Medium (Pasar Panorama)
2026-04-30,PSR92,DSP02,150000,kg,BD-SP2KP,,,,,SP2KP Kemendag: Daging Sapi Paha Depan (Pasar Panorama)
2026-04-30,PSR92,CMR01,35000,kg,BD-SP2KP,,,,,SP2KP Kemendag: Cabai Merah Besar (Pasar Panorama)
2026-05-04,PSR91,CRW02,60000,kg,BD-SP2KP,,,,,SP2KP Kemendag: Cabai Rawit Merah (Pasar Kepahiang)
2026-05-04,PSR91,CRW01,40000,kg,BD-SP2KP,,,,,SP2KP Kemendag: Cabai Rawit Hijau (Pasar Kepahiang)
2026-05-04,PSR91,BWM01,45000,kg,BD-SP2KP,,,,,SP2KP Kemendag: Bawang Merah (Pasar Kepahiang)
2026-05-04,PSR91,GLP01,19000,kg,BD-SP2KP,,,,,SP2KP Kemendag: Gula Pasir Curah (Pasar Kepahiang)
2026-05-04,PSR91,GLP02,19000,kg,BD-SP2KP,,,,,SP2KP Kemendag: Gula Pasir Kemasan (Pasar Kepahiang)
2026-05-04,PSR91,MGR02,23000,liter,BD-SP2KP,,,,,SP2KP Kemendag: Minyak Goreng Sawit Kemasan Premium (Pasar Kepahiang)
2026-05-04,PSR91,DSP01,140000,kg,BD-SP2KP,,,,,SP2KP Kemendag: Daging Sapi Paha Belakang (Pasar Kepahiang)
2026-05-04,PSR91,CMR02,43000,kg,BD-SP2KP,,,,,SP2KP Kemendag: Cabai Merah Keriting (Pasar Kepahiang)
2026-05-04,PSR91,TLR01,28000,kg,BD-SP2KP,,,,,SP2KP Kemendag: Telur Ayam Ras (Pasar Kepahiang)
2026-05-04,PSR91,DAY01,36000,kg,BD-SP2KP,,,,,SP2KP Kemendag: Daging Ayam Ras (Pasar Kepahiang)
2026-05-04,PSR91,BWP01,37000,kg,BD-SP2KP,,,,,SP2KP Kemendag: Bawang Putih Honan (Pasar Kepahiang)
2026-05-04,PSR91,BRS05,15500,kg,BD-SP2KP,,,,,SP2KP Kemendag: Beras Premium (Pasar Kepahiang)
2026-05-04,PSR91,BRS03,13750,kg,BD-SP2KP,,,,,SP2KP Kemendag: Beras Medium (Pasar Kepahiang)
2026-05-04,PSR91,DSP02,140000,kg,BD-SP2KP,,,,,SP2KP Kemendag: Daging Sapi Paha Depan (Pasar Kepahiang)
2026-05-04,PSR91,CMR01,40000,kg,BD-SP2KP,,,,,SP2KP Kemendag: Cabai Merah Besar (Pasar Kepahiang)
2026-05-04,PSR01,CRW02,60000,kg,BD-SP2KP,,,,,SP2KP Kemendag: Cabai Rawit Merah (Pasar Taba Penanjung)
2026-05-04,PSR01,CRW01,45000,kg,BD-SP2KP,,,,,SP2KP Kemendag: Cabai Rawit Hijau (Pasar Taba Penanjung)
2026-05-04,PSR01,BWM01,45000,kg,BD-SP2KP,,,,,SP2KP Kemendag: Bawang Merah (Pasar Taba Penanjung)
2026-05-04,PSR01,GLP01,19000,kg,BD-SP2KP,,,,,SP2KP Kemendag: Gula Pasir Curah (Pasar Taba Penanjung)
2026-05-04,PSR01,GLP02,19000,kg,BD-SP2KP,,,,,SP2KP Kemendag: Gula Pasir Kemasan (Pasar Taba Penanjung)
2026-05-04,PSR01,MGR02,22000,liter,BD-SP2KP,,,,,SP2KP Kemendag: Minyak Goreng Sawit Kemasan Premium (Pasar Taba Penanjung)
2026-05-04,PSR01,DSP01,150000,kg,BD-SP2KP,,,,,SP2KP Kemendag: Daging Sapi Paha Belakang (Pasar Taba Penanjung)
2026-05-04,PSR01,CMR02,43000,kg,BD-SP2KP,,,,,SP2KP Kemendag: Cabai Merah Keriting (Pasar Taba Penanjung)
2026-05-04,PSR01,TLR01,28200,kg,BD-SP2KP,,,,,SP2KP Kemendag: Telur Ayam Ras (Pasar Taba Penanjung)
2026-05-04,PSR01,DAY01,35000,kg,BD-SP2KP,,,,,SP2KP Kemendag: Daging Ayam Ras (Pasar Taba Penanjung)
2026-05-04,PSR01,BWP01,34000,kg,BD-SP2KP,,,,,SP2KP Kemendag: Bawang Putih Honan (Pasar Taba Penanjung)
2026-05-04,PSR01,BRS05,16000,kg,BD-SP2KP,,,,,SP2KP Kemendag: Beras Premium (Pasar Taba Penanjung)
2026-05-04,PSR01,BRS03,13750,kg,BD-SP2KP,,,,,SP2KP Kemendag: Beras Medium (Pasar Taba Penanjung)
2026-05-04,PSR01,DSP02,150000,kg,BD-SP2KP,,,,,SP2KP Kemendag: Daging Sapi Paha Depan (Pasar Taba Penanjung)
2026-05-04,PSR01,CMR01,40000,kg,BD-SP2KP,,,,,SP2KP Kemendag: Cabai Merah Besar (Pasar Taba Penanjung)
2026-05-04,PSR92,CRW02,60000,kg,BD-SP2KP,,,,,SP2KP Kemendag: Cabai Rawit Merah (Pasar Panorama)
2026-05-04,PSR92,CRW01,53333,kg,BD-SP2KP,,,,,SP2KP Kemendag: Cabai Rawit Hijau (Pasar Panorama)
2026-05-04,PSR92,BWM01,51667,kg,BD-SP2KP,,,,,SP2KP Kemendag: Bawang Merah (Pasar Panorama)
2026-05-04,PSR92,GLP01,18833,kg,BD-SP2KP,,,,,SP2KP Kemendag: Gula Pasir Curah (Pasar Panorama)
2026-05-04,PSR92,GLP02,19333,kg,BD-SP2KP,,,,,SP2KP Kemendag: Gula Pasir Kemasan (Pasar Panorama)
2026-05-04,PSR92,MGR02,23667,liter,BD-SP2KP,,,,,SP2KP Kemendag: Minyak Goreng Sawit Kemasan Premium (Pasar Panorama)
2026-05-04,PSR92,DSP01,150000,kg,BD-SP2KP,,,,,SP2KP Kemendag: Daging Sapi Paha Belakang (Pasar Panorama)
2026-05-04,PSR92,CMR02,48333,kg,BD-SP2KP,,,,,SP2KP Kemendag: Cabai Merah Keriting (Pasar Panorama)
2026-05-04,PSR92,TLR01,30400,kg,BD-SP2KP,,,,,SP2KP Kemendag: Telur Ayam Ras (Pasar Panorama)
2026-05-04,PSR92,DAY01,38000,kg,BD-SP2KP,,,,,SP2KP Kemendag: Daging Ayam Ras (Pasar Panorama)
2026-05-04,PSR92,BWP01,53333,kg,BD-SP2KP,,,,,SP2KP Kemendag: Bawang Putih Honan (Pasar Panorama)
2026-05-04,PSR92,BRS05,16000,kg,BD-SP2KP,,,,,SP2KP Kemendag: Beras Premium (Pasar Panorama)
2026-05-04,PSR92,BRS03,13750,kg,BD-SP2KP,,,,,SP2KP Kemendag: Beras Medium (Pasar Panorama)
2026-05-04,PSR92,DSP02,150000,kg,BD-SP2KP,,,,,SP2KP Kemendag: Daging Sapi Paha Depan (Pasar Panorama)
2026-05-04,PSR92,CMR01,35000,kg,BD-SP2KP,,,,,SP2KP Kemendag: Cabai Merah Besar (Pasar Panorama)
2026-05-05,PSR91,CRW02,60000,kg,BD-SP2KP,,,,,SP2KP Kemendag: Cabai Rawit Merah (Pasar Kepahiang)
2026-05-05,PSR91,CRW01,40000,kg,BD-SP2KP,,,,,SP2KP Kemendag: Cabai Rawit Hijau (Pasar Kepahiang)
2026-05-05,PSR91,BWM01,45000,kg,BD-SP2KP,,,,,SP2KP Kemendag: Bawang Merah (Pasar Kepahiang)
2026-05-05,PSR91,GLP01,19000,kg,BD-SP2KP,,,,,SP2KP Kemendag: Gula Pasir Curah (Pasar Kepahiang)
2026-05-05,PSR91,GLP02,19000,kg,BD-SP2KP,,,,,SP2KP Kemendag: Gula Pasir Kemasan (Pasar Kepahiang)
2026-05-05,PSR91,MGR02,23000,liter,BD-SP2KP,,,,,SP2KP Kemendag: Minyak Goreng Sawit Kemasan Premium (Pasar Kepahiang)
2026-05-05,PSR91,DSP01,140000,kg,BD-SP2KP,,,,,SP2KP Kemendag: Daging Sapi Paha Belakang (Pasar Kepahiang)
2026-05-05,PSR91,CMR02,43000,kg,BD-SP2KP,,,,,SP2KP Kemendag: Cabai Merah Keriting (Pasar Kepahiang)
2026-05-05,PSR91,TLR01,28000,kg,BD-SP2KP,,,,,SP2KP Kemendag: Telur Ayam Ras (Pasar Kepahiang)
2026-05-05,PSR91,DAY01,38000,kg,BD-SP2KP,,,,,SP2KP Kemendag: Daging Ayam Ras (Pasar Kepahiang)
2026-05-05,PSR91,BWP01,37000,kg,BD-SP2KP,,,,,SP2KP Kemendag: Bawang Putih Honan (Pasar Kepahiang)
2026-05-05,PSR91,BRS05,15500,kg,BD-SP2KP,,,,,SP2KP Kemendag: Beras Premium (Pasar Kepahiang)
2026-05-05,PSR91,BRS03,13750,kg,BD-SP2KP,,,,,SP2KP Kemendag: Beras Medium (Pasar Kepahiang)
2026-05-05,PSR91,DSP02,140000,kg,BD-SP2KP,,,,,SP2KP Kemendag: Daging Sapi Paha Depan (Pasar Kepahiang)
2026-05-05,PSR91,CMR01,40000,kg,BD-SP2KP,,,,,SP2KP Kemendag: Cabai Merah Besar (Pasar Kepahiang)
2026-05-05,PSR01,CRW02,60000,kg,BD-SP2KP,,,,,SP2KP Kemendag: Cabai Rawit Merah (Pasar Taba Penanjung)
2026-05-05,PSR01,CRW01,45000,kg,BD-SP2KP,,,,,SP2KP Kemendag: Cabai Rawit Hijau (Pasar Taba Penanjung)
2026-05-05,PSR01,BWM01,45000,kg,BD-SP2KP,,,,,SP2KP Kemendag: Bawang Merah (Pasar Taba Penanjung)
2026-05-05,PSR01,GLP01,19000,kg,BD-SP2KP,,,,,SP2KP Kemendag: Gula Pasir Curah (Pasar Taba Penanjung)
2026-05-05,PSR01,GLP02,19000,kg,BD-SP2KP,,,,,SP2KP Kemendag: Gula Pasir Kemasan (Pasar Taba Penanjung)
2026-05-05,PSR01,MGR02,22000,liter,BD-SP2KP,,,,,SP2KP Kemendag: Minyak Goreng Sawit Kemasan Premium (Pasar Taba Penanjung)
2026-05-05,PSR01,DSP01,150000,kg,BD-SP2KP,,,,,SP2KP Kemendag: Daging Sapi Paha Belakang (Pasar Taba Penanjung)
2026-05-05,PSR01,CMR02,43000,kg,BD-SP2KP,,,,,SP2KP Kemendag: Cabai Merah Keriting (Pasar Taba Penanjung)
2026-05-05,PSR01,TLR01,28200,kg,BD-SP2KP,,,,,SP2KP Kemendag: Telur Ayam Ras (Pasar Taba Penanjung)
2026-05-05,PSR01,DAY01,35000,kg,BD-SP2KP,,,,,SP2KP Kemendag: Daging Ayam Ras (Pasar Taba Penanjung)
2026-05-05,PSR01,BWP01,34000,kg,BD-SP2KP,,,,,SP2KP Kemendag: Bawang Putih Honan (Pasar Taba Penanjung)
2026-05-05,PSR01,BRS05,16000,kg,BD-SP2KP,,,,,SP2KP Kemendag: Beras Premium (Pasar Taba Penanjung)
2026-05-05,PSR01,BRS03,13750,kg,BD-SP2KP,,,,,SP2KP Kemendag: Beras Medium (Pasar Taba Penanjung)
2026-05-05,PSR01,DSP02,150000,kg,BD-SP2KP,,,,,SP2KP Kemendag: Daging Sapi Paha Depan (Pasar Taba Penanjung)
2026-05-05,PSR01,CMR01,40000,kg,BD-SP2KP,,,,,SP2KP Kemendag: Cabai Merah Besar (Pasar Taba Penanjung)
2026-05-05,PSR92,CRW02,60000,kg,BD-SP2KP,,,,,SP2KP Kemendag: Cabai Rawit Merah (Pasar Panorama)
2026-05-05,PSR92,CRW01,53333,kg,BD-SP2KP,,,,,SP2KP Kemendag: Cabai Rawit Hijau (Pasar Panorama)
2026-05-05,PSR92,BWM01,51667,kg,BD-SP2KP,,,,,SP2KP Kemendag: Bawang Merah (Pasar Panorama)
2026-05-05,PSR92,GLP01,18833,kg,BD-SP2KP,,,,,SP2KP Kemendag: Gula Pasir Curah (Pasar Panorama)
2026-05-05,PSR92,GLP02,19333,kg,BD-SP2KP,,,,,SP2KP Kemendag: Gula Pasir Kemasan (Pasar Panorama)
2026-05-05,PSR92,MGR02,23667,liter,BD-SP2KP,,,,,SP2KP Kemendag: Minyak Goreng Sawit Kemasan Premium (Pasar Panorama)
2026-05-05,PSR92,DSP01,150000,kg,BD-SP2KP,,,,,SP2KP Kemendag: Daging Sapi Paha Belakang (Pasar Panorama)
2026-05-05,PSR92,CMR02,48333,kg,BD-SP2KP,,,,,SP2KP Kemendag: Cabai Merah Keriting (Pasar Panorama)
2026-05-05,PSR92,TLR01,30400,kg,BD-SP2KP,,,,,SP2KP Kemendag: Telur Ayam Ras (Pasar Panorama)
2026-05-05,PSR92,DAY01,38000,kg,BD-SP2KP,,,,,SP2KP Kemendag: Daging Ayam Ras (Pasar Panorama)
2026-05-05,PSR92,BWP01,53333,kg,BD-SP2KP,,,,,SP2KP Kemendag: Bawang Putih Honan (Pasar Panorama)
2026-05-05,PSR92,BRS05,16000,kg,BD-SP2KP,,,,,SP2KP Kemendag: Beras Premium (Pasar Panorama)
2026-05-05,PSR92,BRS03,13750,kg,BD-SP2KP,,,,,SP2KP Kemendag: Beras Medium (Pasar Panorama)
2026-05-05,PSR92,DSP02,150000,kg,BD-SP2KP,,,,,SP2KP Kemendag: Daging Sapi Paha Depan (Pasar Panorama)
2026-05-05,PSR92,CMR01,35000,kg,BD-SP2KP,,,,,SP2KP Kemendag: Cabai Merah Besar (Pasar Panorama)
2026-05-06,PSR91,CRW02,60000,kg,BD-SP2KP,,,,,SP2KP Kemendag: Cabai Rawit Merah (Pasar Kepahiang)
2026-05-06,PSR91,CRW01,40000,kg,BD-SP2KP,,,,,SP2KP Kemendag: Cabai Rawit Hijau (Pasar Kepahiang)
2026-05-06,PSR91,BWM01,47000,kg,BD-SP2KP,,,,,SP2KP Kemendag: Bawang Merah (Pasar Kepahiang)
2026-05-06,PSR91,GLP01,19000,kg,BD-SP2KP,,,,,SP2KP Kemendag: Gula Pasir Curah (Pasar Kepahiang)
2026-05-06,PSR91,GLP02,19000,kg,BD-SP2KP,,,,,SP2KP Kemendag: Gula Pasir Kemasan (Pasar Kepahiang)
2026-05-06,PSR91,MGR02,23000,liter,BD-SP2KP,,,,,SP2KP Kemendag: Minyak Goreng Sawit Kemasan Premium (Pasar Kepahiang)
2026-05-06,PSR91,DSP01,140000,kg,BD-SP2KP,,,,,SP2KP Kemendag: Daging Sapi Paha Belakang (Pasar Kepahiang)
2026-05-06,PSR91,CMR02,43000,kg,BD-SP2KP,,,,,SP2KP Kemendag: Cabai Merah Keriting (Pasar Kepahiang)
2026-05-06,PSR91,TLR01,28000,kg,BD-SP2KP,,,,,SP2KP Kemendag: Telur Ayam Ras (Pasar Kepahiang)
2026-05-06,PSR91,DAY01,38000,kg,BD-SP2KP,,,,,SP2KP Kemendag: Daging Ayam Ras (Pasar Kepahiang)
2026-05-06,PSR91,BWP01,37000,kg,BD-SP2KP,,,,,SP2KP Kemendag: Bawang Putih Honan (Pasar Kepahiang)
2026-05-06,PSR91,BRS05,15500,kg,BD-SP2KP,,,,,SP2KP Kemendag: Beras Premium (Pasar Kepahiang)
2026-05-06,PSR91,BRS03,13750,kg,BD-SP2KP,,,,,SP2KP Kemendag: Beras Medium (Pasar Kepahiang)
2026-05-06,PSR91,DSP02,140000,kg,BD-SP2KP,,,,,SP2KP Kemendag: Daging Sapi Paha Depan (Pasar Kepahiang)
2026-05-06,PSR91,CMR01,40000,kg,BD-SP2KP,,,,,SP2KP Kemendag: Cabai Merah Besar (Pasar Kepahiang)
2026-05-06,PSR01,CRW02,60000,kg,BD-SP2KP,,,,,SP2KP Kemendag: Cabai Rawit Merah (Pasar Taba Penanjung)
2026-05-06,PSR01,CRW01,45000,kg,BD-SP2KP,,,,,SP2KP Kemendag: Cabai Rawit Hijau (Pasar Taba Penanjung)
2026-05-06,PSR01,BWM01,45000,kg,BD-SP2KP,,,,,SP2KP Kemendag: Bawang Merah (Pasar Taba Penanjung)
2026-05-06,PSR01,GLP01,19000,kg,BD-SP2KP,,,,,SP2KP Kemendag: Gula Pasir Curah (Pasar Taba Penanjung)
2026-05-06,PSR01,GLP02,19000,kg,BD-SP2KP,,,,,SP2KP Kemendag: Gula Pasir Kemasan (Pasar Taba Penanjung)
2026-05-06,PSR01,MGR02,22000,liter,BD-SP2KP,,,,,SP2KP Kemendag: Minyak Goreng Sawit Kemasan Premium (Pasar Taba Penanjung)
2026-05-06,PSR01,DSP01,150000,kg,BD-SP2KP,,,,,SP2KP Kemendag: Daging Sapi Paha Belakang (Pasar Taba Penanjung)
2026-05-06,PSR01,CMR02,43000,kg,BD-SP2KP,,,,,SP2KP Kemendag: Cabai Merah Keriting (Pasar Taba Penanjung)
2026-05-06,PSR01,TLR01,28200,kg,BD-SP2KP,,,,,SP2KP Kemendag: Telur Ayam Ras (Pasar Taba Penanjung)
2026-05-06,PSR01,DAY01,35000,kg,BD-SP2KP,,,,,SP2KP Kemendag: Daging Ayam Ras (Pasar Taba Penanjung)
2026-05-06,PSR01,BWP01,34000,kg,BD-SP2KP,,,,,SP2KP Kemendag: Bawang Putih Honan (Pasar Taba Penanjung)
2026-05-06,PSR01,BRS05,16000,kg,BD-SP2KP,,,,,SP2KP Kemendag: Beras Premium (Pasar Taba Penanjung)
2026-05-06,PSR01,BRS03,13750,kg,BD-SP2KP,,,,,SP2KP Kemendag: Beras Medium (Pasar Taba Penanjung)
2026-05-06,PSR01,DSP02,150000,kg,BD-SP2KP,,,,,SP2KP Kemendag: Daging Sapi Paha Depan (Pasar Taba Penanjung)
2026-05-06,PSR01,CMR01,40000,kg,BD-SP2KP,,,,,SP2KP Kemendag: Cabai Merah Besar (Pasar Taba Penanjung)
2026-05-06,PSR92,CRW02,60000,kg,BD-SP2KP,,,,,SP2KP Kemendag: Cabai Rawit Merah (Pasar Panorama)
2026-05-06,PSR92,CRW01,53333,kg,BD-SP2KP,,,,,SP2KP Kemendag: Cabai Rawit Hijau (Pasar Panorama)
2026-05-06,PSR92,BWM01,51667,kg,BD-SP2KP,,,,,SP2KP Kemendag: Bawang Merah (Pasar Panorama)
2026-05-06,PSR92,GLP01,18333,kg,BD-SP2KP,,,,,SP2KP Kemendag: Gula Pasir Curah (Pasar Panorama)
2026-05-06,PSR92,GLP02,19333,kg,BD-SP2KP,,,,,SP2KP Kemendag: Gula Pasir Kemasan (Pasar Panorama)
2026-05-06,PSR92,MGR02,23667,liter,BD-SP2KP,,,,,SP2KP Kemendag: Minyak Goreng Sawit Kemasan Premium (Pasar Panorama)
2026-05-06,PSR92,DSP01,150000,kg,BD-SP2KP,,,,,SP2KP Kemendag: Daging Sapi Paha Belakang (Pasar Panorama)
2026-05-06,PSR92,CMR02,51667,kg,BD-SP2KP,,,,,SP2KP Kemendag: Cabai Merah Keriting (Pasar Panorama)
2026-05-06,PSR92,TLR01,30400,kg,BD-SP2KP,,,,,SP2KP Kemendag: Telur Ayam Ras (Pasar Panorama)
2026-05-06,PSR92,DAY01,38000,kg,BD-SP2KP,,,,,SP2KP Kemendag: Daging Ayam Ras (Pasar Panorama)
2026-05-06,PSR92,BWP01,53333,kg,BD-SP2KP,,,,,SP2KP Kemendag: Bawang Putih Honan (Pasar Panorama)
2026-05-06,PSR92,BRS05,16000,kg,BD-SP2KP,,,,,SP2KP Kemendag: Beras Premium (Pasar Panorama)
2026-05-06,PSR92,BRS03,13750,kg,BD-SP2KP,,,,,SP2KP Kemendag: Beras Medium (Pasar Panorama)
2026-05-06,PSR92,DSP02,150000,kg,BD-SP2KP,,,,,SP2KP Kemendag: Daging Sapi Paha Depan (Pasar Panorama)
2026-05-06,PSR92,CMR01,35000,kg,BD-SP2KP,,,,,SP2KP Kemendag: Cabai Merah Besar (Pasar Panorama)
2026-05-07,PSR91,CRW02,60000,kg,BD-SP2KP,,,,,SP2KP Kemendag: Cabai Rawit Merah (Pasar Kepahiang)
2026-05-07,PSR91,CRW01,40000,kg,BD-SP2KP,,,,,SP2KP Kemendag: Cabai Rawit Hijau (Pasar Kepahiang)
2026-05-07,PSR91,BWM01,47000,kg,BD-SP2KP,,,,,SP2KP Kemendag: Bawang Merah (Pasar Kepahiang)
2026-05-07,PSR91,GLP01,18833,kg,BD-SP2KP,,,,,SP2KP Kemendag: Gula Pasir Curah (Pasar Kepahiang)
2026-05-07,PSR91,GLP02,19000,kg,BD-SP2KP,,,,,SP2KP Kemendag: Gula Pasir Kemasan (Pasar Kepahiang)
2026-05-07,PSR91,MGR02,23000,liter,BD-SP2KP,,,,,SP2KP Kemendag: Minyak Goreng Sawit Kemasan Premium (Pasar Kepahiang)
2026-05-07,PSR91,DSP01,140000,kg,BD-SP2KP,,,,,SP2KP Kemendag: Daging Sapi Paha Belakang (Pasar Kepahiang)
2026-05-07,PSR91,CMR02,50000,kg,BD-SP2KP,,,,,SP2KP Kemendag: Cabai Merah Keriting (Pasar Kepahiang)
2026-05-07,PSR91,TLR01,28000,kg,BD-SP2KP,,,,,SP2KP Kemendag: Telur Ayam Ras (Pasar Kepahiang)
2026-05-07,PSR91,DAY01,38000,kg,BD-SP2KP,,,,,SP2KP Kemendag: Daging Ayam Ras (Pasar Kepahiang)
2026-05-07,PSR91,BWP01,37000,kg,BD-SP2KP,,,,,SP2KP Kemendag: Bawang Putih Honan (Pasar Kepahiang)
2026-05-07,PSR91,BRS05,15500,kg,BD-SP2KP,,,,,SP2KP Kemendag: Beras Premium (Pasar Kepahiang)
2026-05-07,PSR91,BRS03,13750,kg,BD-SP2KP,,,,,SP2KP Kemendag: Beras Medium (Pasar Kepahiang)
2026-05-07,PSR91,DSP02,140000,kg,BD-SP2KP,,,,,SP2KP Kemendag: Daging Sapi Paha Depan (Pasar Kepahiang)
2026-05-07,PSR91,CMR01,45000,kg,BD-SP2KP,,,,,SP2KP Kemendag: Cabai Merah Besar (Pasar Kepahiang)
2026-05-07,PSR01,CRW02,60000,kg,BD-SP2KP,,,,,SP2KP Kemendag: Cabai Rawit Merah (Pasar Taba Penanjung)
2026-05-07,PSR01,CRW01,50000,kg,BD-SP2KP,,,,,SP2KP Kemendag: Cabai Rawit Hijau (Pasar Taba Penanjung)
2026-05-07,PSR01,BWM01,50000,kg,BD-SP2KP,,,,,SP2KP Kemendag: Bawang Merah (Pasar Taba Penanjung)
2026-05-07,PSR01,GLP01,19000,kg,BD-SP2KP,,,,,SP2KP Kemendag: Gula Pasir Curah (Pasar Taba Penanjung)
2026-05-07,PSR01,GLP02,19000,kg,BD-SP2KP,,,,,SP2KP Kemendag: Gula Pasir Kemasan (Pasar Taba Penanjung)
2026-05-07,PSR01,MGR02,22000,liter,BD-SP2KP,,,,,SP2KP Kemendag: Minyak Goreng Sawit Kemasan Premium (Pasar Taba Penanjung)
2026-05-07,PSR01,DSP01,150000,kg,BD-SP2KP,,,,,SP2KP Kemendag: Daging Sapi Paha Belakang (Pasar Taba Penanjung)
2026-05-07,PSR01,CMR02,50000,kg,BD-SP2KP,,,,,SP2KP Kemendag: Cabai Merah Keriting (Pasar Taba Penanjung)
2026-05-07,PSR01,TLR01,28200,kg,BD-SP2KP,,,,,SP2KP Kemendag: Telur Ayam Ras (Pasar Taba Penanjung)
2026-05-07,PSR01,DAY01,35000,kg,BD-SP2KP,,,,,SP2KP Kemendag: Daging Ayam Ras (Pasar Taba Penanjung)
2026-05-07,PSR01,BWP01,34000,kg,BD-SP2KP,,,,,SP2KP Kemendag: Bawang Putih Honan (Pasar Taba Penanjung)
2026-05-07,PSR01,BRS05,16000,kg,BD-SP2KP,,,,,SP2KP Kemendag: Beras Premium (Pasar Taba Penanjung)
2026-05-07,PSR01,BRS03,13750,kg,BD-SP2KP,,,,,SP2KP Kemendag: Beras Medium (Pasar Taba Penanjung)
2026-05-07,PSR01,DSP02,150000,kg,BD-SP2KP,,,,,SP2KP Kemendag: Daging Sapi Paha Depan (Pasar Taba Penanjung)
2026-05-07,PSR01,CMR01,50000,kg,BD-SP2KP,,,,,SP2KP Kemendag: Cabai Merah Besar (Pasar Taba Penanjung)
2026-05-07,PSR92,CRW02,60000,kg,BD-SP2KP,,,,,SP2KP Kemendag: Cabai Rawit Merah (Pasar Panorama)
2026-05-07,PSR92,CRW01,53333,kg,BD-SP2KP,,,,,SP2KP Kemendag: Cabai Rawit Hijau (Pasar Panorama)
2026-05-07,PSR92,BWM01,51667,kg,BD-SP2KP,,,,,SP2KP Kemendag: Bawang Merah (Pasar Panorama)
2026-05-07,PSR92,GLP01,18333,kg,BD-SP2KP,,,,,SP2KP Kemendag: Gula Pasir Curah (Pasar Panorama)
2026-05-07,PSR92,GLP02,19333,kg,BD-SP2KP,,,,,SP2KP Kemendag: Gula Pasir Kemasan (Pasar Panorama)
2026-05-07,PSR92,MGR02,23667,liter,BD-SP2KP,,,,,SP2KP Kemendag: Minyak Goreng Sawit Kemasan Premium (Pasar Panorama)
2026-05-07,PSR92,DSP01,150000,kg,BD-SP2KP,,,,,SP2KP Kemendag: Daging Sapi Paha Belakang (Pasar Panorama)
2026-05-07,PSR92,CMR02,51667,kg,BD-SP2KP,,,,,SP2KP Kemendag: Cabai Merah Keriting (Pasar Panorama)
2026-05-07,PSR92,TLR01,30400,kg,BD-SP2KP,,,,,SP2KP Kemendag: Telur Ayam Ras (Pasar Panorama)
2026-05-07,PSR92,DAY01,38000,kg,BD-SP2KP,,,,,SP2KP Kemendag: Daging Ayam Ras (Pasar Panorama)
2026-05-07,PSR92,BWP01,53333,kg,BD-SP2KP,,,,,SP2KP Kemendag: Bawang Putih Honan (Pasar Panorama)
2026-05-07,PSR92,BRS05,16000,kg,BD-SP2KP,,,,,SP2KP Kemendag: Beras Premium (Pasar Panorama)
2026-05-07,PSR92,BRS03,13750,kg,BD-SP2KP,,,,,SP2KP Kemendag: Beras Medium (Pasar Panorama)
2026-05-07,PSR92,DSP02,150000,kg,BD-SP2KP,,,,,SP2KP Kemendag: Daging Sapi Paha Depan (Pasar Panorama)
2026-05-07,PSR92,CMR01,35000,kg,BD-SP2KP,,,,,SP2KP Kemendag: Cabai Merah Besar (Pasar Panorama)
2026-05-08,PSR91,CRW02,60000,kg,BD-SP2KP,,,,,SP2KP Kemendag: Cabai Rawit Merah (Pasar Kepahiang)
2026-05-08,PSR91,CRW01,40000,kg,BD-SP2KP,,,,,SP2KP Kemendag: Cabai Rawit Hijau (Pasar Kepahiang)
2026-05-08,PSR91,BWM01,47000,kg,BD-SP2KP,,,,,SP2KP Kemendag: Bawang Merah (Pasar Kepahiang)
2026-05-08,PSR91,GLP01,18833,kg,BD-SP2KP,,,,,SP2KP Kemendag: Gula Pasir Curah (Pasar Kepahiang)
2026-05-08,PSR91,GLP02,19000,kg,BD-SP2KP,,,,,SP2KP Kemendag: Gula Pasir Kemasan (Pasar Kepahiang)
2026-05-08,PSR91,MGR02,23000,liter,BD-SP2KP,,,,,SP2KP Kemendag: Minyak Goreng Sawit Kemasan Premium (Pasar Kepahiang)
2026-05-08,PSR91,DSP01,140000,kg,BD-SP2KP,,,,,SP2KP Kemendag: Daging Sapi Paha Belakang (Pasar Kepahiang)
2026-05-08,PSR91,CMR02,50000,kg,BD-SP2KP,,,,,SP2KP Kemendag: Cabai Merah Keriting (Pasar Kepahiang)
2026-05-08,PSR91,TLR01,28000,kg,BD-SP2KP,,,,,SP2KP Kemendag: Telur Ayam Ras (Pasar Kepahiang)
2026-05-08,PSR91,DAY01,38000,kg,BD-SP2KP,,,,,SP2KP Kemendag: Daging Ayam Ras (Pasar Kepahiang)
2026-05-08,PSR91,BWP01,37000,kg,BD-SP2KP,,,,,SP2KP Kemendag: Bawang Putih Honan (Pasar Kepahiang)
2026-05-08,PSR91,BRS05,15500,kg,BD-SP2KP,,,,,SP2KP Kemendag: Beras Premium (Pasar Kepahiang)
2026-05-08,PSR91,BRS03,13750,kg,BD-SP2KP,,,,,SP2KP Kemendag: Beras Medium (Pasar Kepahiang)
2026-05-08,PSR91,DSP02,140000,kg,BD-SP2KP,,,,,SP2KP Kemendag: Daging Sapi Paha Depan (Pasar Kepahiang)
2026-05-08,PSR91,CMR01,45000,kg,BD-SP2KP,,,,,SP2KP Kemendag: Cabai Merah Besar (Pasar Kepahiang)
2026-05-08,PSR01,CRW02,60000,kg,BD-SP2KP,,,,,SP2KP Kemendag: Cabai Rawit Merah (Pasar Taba Penanjung)
2026-05-08,PSR01,CRW01,50000,kg,BD-SP2KP,,,,,SP2KP Kemendag: Cabai Rawit Hijau (Pasar Taba Penanjung)
2026-05-08,PSR01,BWM01,50000,kg,BD-SP2KP,,,,,SP2KP Kemendag: Bawang Merah (Pasar Taba Penanjung)
2026-05-08,PSR01,GLP01,19000,kg,BD-SP2KP,,,,,SP2KP Kemendag: Gula Pasir Curah (Pasar Taba Penanjung)
2026-05-08,PSR01,GLP02,19000,kg,BD-SP2KP,,,,,SP2KP Kemendag: Gula Pasir Kemasan (Pasar Taba Penanjung)
2026-05-08,PSR01,MGR02,22000,liter,BD-SP2KP,,,,,SP2KP Kemendag: Minyak Goreng Sawit Kemasan Premium (Pasar Taba Penanjung)
2026-05-08,PSR01,DSP01,150000,kg,BD-SP2KP,,,,,SP2KP Kemendag: Daging Sapi Paha Belakang (Pasar Taba Penanjung)
2026-05-08,PSR01,CMR02,50000,kg,BD-SP2KP,,,,,SP2KP Kemendag: Cabai Merah Keriting (Pasar Taba Penanjung)
2026-05-08,PSR01,TLR01,28200,kg,BD-SP2KP,,,,,SP2KP Kemendag: Telur Ayam Ras (Pasar Taba Penanjung)
2026-05-08,PSR01,DAY01,35000,kg,BD-SP2KP,,,,,SP2KP Kemendag: Daging Ayam Ras (Pasar Taba Penanjung)
2026-05-08,PSR01,BWP01,34000,kg,BD-SP2KP,,,,,SP2KP Kemendag: Bawang Putih Honan (Pasar Taba Penanjung)
2026-05-08,PSR01,BRS05,16000,kg,BD-SP2KP,,,,,SP2KP Kemendag: Beras Premium (Pasar Taba Penanjung)
2026-05-08,PSR01,BRS03,13750,kg,BD-SP2KP,,,,,SP2KP Kemendag: Beras Medium (Pasar Taba Penanjung)
2026-05-08,PSR01,DSP02,150000,kg,BD-SP2KP,,,,,SP2KP Kemendag: Daging Sapi Paha Depan (Pasar Taba Penanjung)
2026-05-08,PSR01,CMR01,50000,kg,BD-SP2KP,,,,,SP2KP Kemendag: Cabai Merah Besar (Pasar Taba Penanjung)
2026-05-08,PSR92,CRW02,66667,kg,BD-SP2KP,,,,,SP2KP Kemendag: Cabai Rawit Merah (Pasar Panorama)
2026-05-08,PSR92,CRW01,60000,kg,BD-SP2KP,,,,,SP2KP Kemendag: Cabai Rawit Hijau (Pasar Panorama)
2026-05-08,PSR92,BWM01,51667,kg,BD-SP2KP,,,,,SP2KP Kemendag: Bawang Merah (Pasar Panorama)
2026-05-08,PSR92,GLP01,18333,kg,BD-SP2KP,,,,,SP2KP Kemendag: Gula Pasir Curah (Pasar Panorama)
2026-05-08,PSR92,GLP02,19333,kg,BD-SP2KP,,,,,SP2KP Kemendag: Gula Pasir Kemasan (Pasar Panorama)
2026-05-08,PSR92,MGR02,23667,liter,BD-SP2KP,,,,,SP2KP Kemendag: Minyak Goreng Sawit Kemasan Premium (Pasar Panorama)
2026-05-08,PSR92,DSP01,150000,kg,BD-SP2KP,,,,,SP2KP Kemendag: Daging Sapi Paha Belakang (Pasar Panorama)
2026-05-08,PSR92,CMR02,55000,kg,BD-SP2KP,,,,,SP2KP Kemendag: Cabai Merah Keriting (Pasar Panorama)
2026-05-08,PSR92,TLR01,30400,kg,BD-SP2KP,,,,,SP2KP Kemendag: Telur Ayam Ras (Pasar Panorama)
2026-05-08,PSR92,DAY01,38000,kg,BD-SP2KP,,,,,SP2KP Kemendag: Daging Ayam Ras (Pasar Panorama)
2026-05-08,PSR92,BWP01,53333,kg,BD-SP2KP,,,,,SP2KP Kemendag: Bawang Putih Honan (Pasar Panorama)
2026-05-08,PSR92,BRS05,16000,kg,BD-SP2KP,,,,,SP2KP Kemendag: Beras Premium (Pasar Panorama)
2026-05-08,PSR92,BRS03,13750,kg,BD-SP2KP,,,,,SP2KP Kemendag: Beras Medium (Pasar Panorama)
2026-05-08,PSR92,DSP02,150000,kg,BD-SP2KP,,,,,SP2KP Kemendag: Daging Sapi Paha Depan (Pasar Panorama)
2026-05-08,PSR92,CMR01,35000,kg,BD-SP2KP,,,,,SP2KP Kemendag: Cabai Merah Besar (Pasar Panorama)
2026-05-11,PSR91,CRW02,70000,kg,BD-SP2KP,,,,,SP2KP Kemendag: Cabai Rawit Merah (Pasar Kepahiang)
2026-05-11,PSR91,CRW01,50000,kg,BD-SP2KP,,,,,SP2KP Kemendag: Cabai Rawit Hijau (Pasar Kepahiang)
2026-05-11,PSR91,BWM01,45000,kg,BD-SP2KP,,,,,SP2KP Kemendag: Bawang Merah (Pasar Kepahiang)
2026-05-11,PSR91,GLP01,18833,kg,BD-SP2KP,,,,,SP2KP Kemendag: Gula Pasir Curah (Pasar Kepahiang)
2026-05-11,PSR91,GLP02,19000,kg,BD-SP2KP,,,,,SP2KP Kemendag: Gula Pasir Kemasan (Pasar Kepahiang)
2026-05-11,PSR91,MGR02,23000,liter,BD-SP2KP,,,,,SP2KP Kemendag: Minyak Goreng Sawit Kemasan Premium (Pasar Kepahiang)
2026-05-11,PSR91,DSP01,140000,kg,BD-SP2KP,,,,,SP2KP Kemendag: Daging Sapi Paha Belakang (Pasar Kepahiang)
2026-05-11,PSR91,CMR02,53333,kg,BD-SP2KP,,,,,SP2KP Kemendag: Cabai Merah Keriting (Pasar Kepahiang)
2026-05-11,PSR91,TLR01,28000,kg,BD-SP2KP,,,,,SP2KP Kemendag: Telur Ayam Ras (Pasar Kepahiang)
2026-05-11,PSR91,DAY01,38000,kg,BD-SP2KP,,,,,SP2KP Kemendag: Daging Ayam Ras (Pasar Kepahiang)
2026-05-11,PSR91,BWP01,37000,kg,BD-SP2KP,,,,,SP2KP Kemendag: Bawang Putih Honan (Pasar Kepahiang)
2026-05-11,PSR91,BRS05,15500,kg,BD-SP2KP,,,,,SP2KP Kemendag: Beras Premium (Pasar Kepahiang)
2026-05-11,PSR91,BRS03,13750,kg,BD-SP2KP,,,,,SP2KP Kemendag: Beras Medium (Pasar Kepahiang)
2026-05-11,PSR91,DSP02,140000,kg,BD-SP2KP,,,,,SP2KP Kemendag: Daging Sapi Paha Depan (Pasar Kepahiang)
2026-05-11,PSR91,CMR01,50000,kg,BD-SP2KP,,,,,SP2KP Kemendag: Cabai Merah Besar (Pasar Kepahiang)
2026-05-11,PSR01,CRW02,60000,kg,BD-SP2KP,,,,,SP2KP Kemendag: Cabai Rawit Merah (Pasar Taba Penanjung)
2026-05-11,PSR01,CRW01,50000,kg,BD-SP2KP,,,,,SP2KP Kemendag: Cabai Rawit Hijau (Pasar Taba Penanjung)
2026-05-11,PSR01,BWM01,50000,kg,BD-SP2KP,,,,,SP2KP Kemendag: Bawang Merah (Pasar Taba Penanjung)
2026-05-11,PSR01,GLP01,19000,kg,BD-SP2KP,,,,,SP2KP Kemendag: Gula Pasir Curah (Pasar Taba Penanjung)
2026-05-11,PSR01,GLP02,19000,kg,BD-SP2KP,,,,,SP2KP Kemendag: Gula Pasir Kemasan (Pasar Taba Penanjung)
2026-05-11,PSR01,MGR02,22000,liter,BD-SP2KP,,,,,SP2KP Kemendag: Minyak Goreng Sawit Kemasan Premium (Pasar Taba Penanjung)
2026-05-11,PSR01,DSP01,150000,kg,BD-SP2KP,,,,,SP2KP Kemendag: Daging Sapi Paha Belakang (Pasar Taba Penanjung)
2026-05-11,PSR01,CMR02,50000,kg,BD-SP2KP,,,,,SP2KP Kemendag: Cabai Merah Keriting (Pasar Taba Penanjung)
2026-05-11,PSR01,TLR01,28200,kg,BD-SP2KP,,,,,SP2KP Kemendag: Telur Ayam Ras (Pasar Taba Penanjung)
2026-05-11,PSR01,DAY01,35000,kg,BD-SP2KP,,,,,SP2KP Kemendag: Daging Ayam Ras (Pasar Taba Penanjung)
2026-05-11,PSR01,BWP01,34000,kg,BD-SP2KP,,,,,SP2KP Kemendag: Bawang Putih Honan (Pasar Taba Penanjung)
2026-05-11,PSR01,BRS05,16000,kg,BD-SP2KP,,,,,SP2KP Kemendag: Beras Premium (Pasar Taba Penanjung)
2026-05-11,PSR01,BRS03,13750,kg,BD-SP2KP,,,,,SP2KP Kemendag: Beras Medium (Pasar Taba Penanjung)
2026-05-11,PSR01,DSP02,150000,kg,BD-SP2KP,,,,,SP2KP Kemendag: Daging Sapi Paha Depan (Pasar Taba Penanjung)
2026-05-11,PSR01,CMR01,50000,kg,BD-SP2KP,,,,,SP2KP Kemendag: Cabai Merah Besar (Pasar Taba Penanjung)
2026-05-11,PSR92,CRW02,76667,kg,BD-SP2KP,,,,,SP2KP Kemendag: Cabai Rawit Merah (Pasar Panorama)
2026-05-11,PSR92,CRW01,65000,kg,BD-SP2KP,,,,,SP2KP Kemendag: Cabai Rawit Hijau (Pasar Panorama)
2026-05-11,PSR92,BWM01,58333,kg,BD-SP2KP,,,,,SP2KP Kemendag: Bawang Merah (Pasar Panorama)
2026-05-11,PSR92,GLP01,18333,kg,BD-SP2KP,,,,,SP2KP Kemendag: Gula Pasir Curah (Pasar Panorama)
2026-05-11,PSR92,GLP02,19333,kg,BD-SP2KP,,,,,SP2KP Kemendag: Gula Pasir Kemasan (Pasar Panorama)
2026-05-11,PSR92,MGR02,23667,liter,BD-SP2KP,,,,,SP2KP Kemendag: Minyak Goreng Sawit Kemasan Premium (Pasar Panorama)
2026-05-11,PSR92,DSP01,150000,kg,BD-SP2KP,,,,,SP2KP Kemendag: Daging Sapi Paha Belakang (Pasar Panorama)
2026-05-11,PSR92,CMR02,61667,kg,BD-SP2KP,,,,,SP2KP Kemendag: Cabai Merah Keriting (Pasar Panorama)
2026-05-11,PSR92,TLR01,30400,kg,BD-SP2KP,,,,,SP2KP Kemendag: Telur Ayam Ras (Pasar Panorama)
2026-05-11,PSR92,DAY01,38000,kg,BD-SP2KP,,,,,SP2KP Kemendag: Daging Ayam Ras (Pasar Panorama)
2026-05-11,PSR92,BWP01,55000,kg,BD-SP2KP,,,,,SP2KP Kemendag: Bawang Putih Honan (Pasar Panorama)
2026-05-11,PSR92,BRS05,16000,kg,BD-SP2KP,,,,,SP2KP Kemendag: Beras Premium (Pasar Panorama)
2026-05-11,PSR92,BRS03,13750,kg,BD-SP2KP,,,,,SP2KP Kemendag: Beras Medium (Pasar Panorama)
2026-05-11,PSR92,DSP02,150000,kg,BD-SP2KP,,,,,SP2KP Kemendag: Daging Sapi Paha Depan (Pasar Panorama)
2026-05-11,PSR92,CMR01,35000,kg,BD-SP2KP,,,,,SP2KP Kemendag: Cabai Merah Besar (Pasar Panorama)
2026-05-12,PSR91,CRW02,65000,kg,BD-SP2KP,,,,,SP2KP Kemendag: Cabai Rawit Merah (Pasar Kepahiang)
2026-05-12,PSR91,CRW01,50000,kg,BD-SP2KP,,,,,SP2KP Kemendag: Cabai Rawit Hijau (Pasar Kepahiang)
2026-05-12,PSR91,BWM01,45000,kg,BD-SP2KP,,,,,SP2KP Kemendag: Bawang Merah (Pasar Kepahiang)
2026-05-12,PSR91,GLP01,18833,kg,BD-SP2KP,,,,,SP2KP Kemendag: Gula Pasir Curah (Pasar Kepahiang)
2026-05-12,PSR91,GLP02,19000,kg,BD-SP2KP,,,,,SP2KP Kemendag: Gula Pasir Kemasan (Pasar Kepahiang)
2026-05-12,PSR91,MGR02,23000,liter,BD-SP2KP,,,,,SP2KP Kemendag: Minyak Goreng Sawit Kemasan Premium (Pasar Kepahiang)
2026-05-12,PSR91,DSP01,140000,kg,BD-SP2KP,,,,,SP2KP Kemendag: Daging Sapi Paha Belakang (Pasar Kepahiang)
2026-05-12,PSR91,CMR02,50000,kg,BD-SP2KP,,,,,SP2KP Kemendag: Cabai Merah Keriting (Pasar Kepahiang)
2026-05-12,PSR91,TLR01,28000,kg,BD-SP2KP,,,,,SP2KP Kemendag: Telur Ayam Ras (Pasar Kepahiang)
2026-05-12,PSR91,DAY01,38000,kg,BD-SP2KP,,,,,SP2KP Kemendag: Daging Ayam Ras (Pasar Kepahiang)
2026-05-12,PSR91,BWP01,37000,kg,BD-SP2KP,,,,,SP2KP Kemendag: Bawang Putih Honan (Pasar Kepahiang)
2026-05-12,PSR91,BRS05,15400,kg,BD-SP2KP,,,,,SP2KP Kemendag: Beras Premium (Pasar Kepahiang)
2026-05-12,PSR91,BRS03,13750,kg,BD-SP2KP,,,,,SP2KP Kemendag: Beras Medium (Pasar Kepahiang)
2026-05-12,PSR91,DSP02,140000,kg,BD-SP2KP,,,,,SP2KP Kemendag: Daging Sapi Paha Depan (Pasar Kepahiang)
2026-05-12,PSR91,CMR01,50000,kg,BD-SP2KP,,,,,SP2KP Kemendag: Cabai Merah Besar (Pasar Kepahiang)
2026-05-12,PSR01,CRW02,60000,kg,BD-SP2KP,,,,,SP2KP Kemendag: Cabai Rawit Merah (Pasar Taba Penanjung)
2026-05-12,PSR01,CRW01,50000,kg,BD-SP2KP,,,,,SP2KP Kemendag: Cabai Rawit Hijau (Pasar Taba Penanjung)
2026-05-12,PSR01,BWM01,50000,kg,BD-SP2KP,,,,,SP2KP Kemendag: Bawang Merah (Pasar Taba Penanjung)
2026-05-12,PSR01,GLP01,19000,kg,BD-SP2KP,,,,,SP2KP Kemendag: Gula Pasir Curah (Pasar Taba Penanjung)
2026-05-12,PSR01,GLP02,19000,kg,BD-SP2KP,,,,,SP2KP Kemendag: Gula Pasir Kemasan (Pasar Taba Penanjung)
2026-05-12,PSR01,MGR02,22000,liter,BD-SP2KP,,,,,SP2KP Kemendag: Minyak Goreng Sawit Kemasan Premium (Pasar Taba Penanjung)
2026-05-12,PSR01,DSP01,150000,kg,BD-SP2KP,,,,,SP2KP Kemendag: Daging Sapi Paha Belakang (Pasar Taba Penanjung)
2026-05-12,PSR01,CMR02,50000,kg,BD-SP2KP,,,,,SP2KP Kemendag: Cabai Merah Keriting (Pasar Taba Penanjung)
2026-05-12,PSR01,TLR01,28200,kg,BD-SP2KP,,,,,SP2KP Kemendag: Telur Ayam Ras (Pasar Taba Penanjung)
2026-05-12,PSR01,DAY01,35000,kg,BD-SP2KP,,,,,SP2KP Kemendag: Daging Ayam Ras (Pasar Taba Penanjung)
2026-05-12,PSR01,BWP01,34000,kg,BD-SP2KP,,,,,SP2KP Kemendag: Bawang Putih Honan (Pasar Taba Penanjung)
2026-05-12,PSR01,BRS05,16000,kg,BD-SP2KP,,,,,SP2KP Kemendag: Beras Premium (Pasar Taba Penanjung)
2026-05-12,PSR01,BRS03,13750,kg,BD-SP2KP,,,,,SP2KP Kemendag: Beras Medium (Pasar Taba Penanjung)
2026-05-12,PSR01,DSP02,150000,kg,BD-SP2KP,,,,,SP2KP Kemendag: Daging Sapi Paha Depan (Pasar Taba Penanjung)
2026-05-12,PSR01,CMR01,50000,kg,BD-SP2KP,,,,,SP2KP Kemendag: Cabai Merah Besar (Pasar Taba Penanjung)
2026-05-12,PSR92,CRW02,76667,kg,BD-SP2KP,,,,,SP2KP Kemendag: Cabai Rawit Merah (Pasar Panorama)
2026-05-12,PSR92,CRW01,65000,kg,BD-SP2KP,,,,,SP2KP Kemendag: Cabai Rawit Hijau (Pasar Panorama)
2026-05-12,PSR92,BWM01,58333,kg,BD-SP2KP,,,,,SP2KP Kemendag: Bawang Merah (Pasar Panorama)
2026-05-12,PSR92,GLP01,18333,kg,BD-SP2KP,,,,,SP2KP Kemendag: Gula Pasir Curah (Pasar Panorama)
2026-05-12,PSR92,GLP02,19333,kg,BD-SP2KP,,,,,SP2KP Kemendag: Gula Pasir Kemasan (Pasar Panorama)
2026-05-12,PSR92,MGR02,23667,liter,BD-SP2KP,,,,,SP2KP Kemendag: Minyak Goreng Sawit Kemasan Premium (Pasar Panorama)
2026-05-12,PSR92,DSP01,150000,kg,BD-SP2KP,,,,,SP2KP Kemendag: Daging Sapi Paha Belakang (Pasar Panorama)
2026-05-12,PSR92,CMR02,61667,kg,BD-SP2KP,,,,,SP2KP Kemendag: Cabai Merah Keriting (Pasar Panorama)
2026-05-12,PSR92,TLR01,30400,kg,BD-SP2KP,,,,,SP2KP Kemendag: Telur Ayam Ras (Pasar Panorama)
2026-05-12,PSR92,DAY01,38000,kg,BD-SP2KP,,,,,SP2KP Kemendag: Daging Ayam Ras (Pasar Panorama)
2026-05-12,PSR92,BWP01,55000,kg,BD-SP2KP,,,,,SP2KP Kemendag: Bawang Putih Honan (Pasar Panorama)
2026-05-12,PSR92,BRS05,16000,kg,BD-SP2KP,,,,,SP2KP Kemendag: Beras Premium (Pasar Panorama)
2026-05-12,PSR92,BRS03,13750,kg,BD-SP2KP,,,,,SP2KP Kemendag: Beras Medium (Pasar Panorama)
2026-05-12,PSR92,DSP02,150000,kg,BD-SP2KP,,,,,SP2KP Kemendag: Daging Sapi Paha Depan (Pasar Panorama)
2026-05-12,PSR92,CMR01,35000,kg,BD-SP2KP,,,,,SP2KP Kemendag: Cabai Merah Besar (Pasar Panorama)
2026-05-13,PSR91,CRW02,65000,kg,BD-SP2KP,,,,,SP2KP Kemendag: Cabai Rawit Merah (Pasar Kepahiang)
2026-05-13,PSR91,CRW01,50000,kg,BD-SP2KP,,,,,SP2KP Kemendag: Cabai Rawit Hijau (Pasar Kepahiang)
2026-05-13,PSR91,BWM01,45000,kg,BD-SP2KP,,,,,SP2KP Kemendag: Bawang Merah (Pasar Kepahiang)
2026-05-13,PSR91,GLP01,18833,kg,BD-SP2KP,,,,,SP2KP Kemendag: Gula Pasir Curah (Pasar Kepahiang)
2026-05-13,PSR91,GLP02,19000,kg,BD-SP2KP,,,,,SP2KP Kemendag: Gula Pasir Kemasan (Pasar Kepahiang)
2026-05-13,PSR91,MGR02,23000,liter,BD-SP2KP,,,,,SP2KP Kemendag: Minyak Goreng Sawit Kemasan Premium (Pasar Kepahiang)
2026-05-13,PSR91,DSP01,140000,kg,BD-SP2KP,,,,,SP2KP Kemendag: Daging Sapi Paha Belakang (Pasar Kepahiang)
2026-05-13,PSR91,CMR02,50000,kg,BD-SP2KP,,,,,SP2KP Kemendag: Cabai Merah Keriting (Pasar Kepahiang)
2026-05-13,PSR91,TLR01,28000,kg,BD-SP2KP,,,,,SP2KP Kemendag: Telur Ayam Ras (Pasar Kepahiang)
2026-05-13,PSR91,DAY01,38000,kg,BD-SP2KP,,,,,SP2KP Kemendag: Daging Ayam Ras (Pasar Kepahiang)
2026-05-13,PSR91,BWP01,37000,kg,BD-SP2KP,,,,,SP2KP Kemendag: Bawang Putih Honan (Pasar Kepahiang)
2026-05-13,PSR91,BRS05,15400,kg,BD-SP2KP,,,,,SP2KP Kemendag: Beras Premium (Pasar Kepahiang)
2026-05-13,PSR91,BRS03,13750,kg,BD-SP2KP,,,,,SP2KP Kemendag: Beras Medium (Pasar Kepahiang)
2026-05-13,PSR91,DSP02,140000,kg,BD-SP2KP,,,,,SP2KP Kemendag: Daging Sapi Paha Depan (Pasar Kepahiang)
2026-05-13,PSR91,CMR01,50000,kg,BD-SP2KP,,,,,SP2KP Kemendag: Cabai Merah Besar (Pasar Kepahiang)
2026-05-13,PSR01,CRW02,60000,kg,BD-SP2KP,,,,,SP2KP Kemendag: Cabai Rawit Merah (Pasar Taba Penanjung)
2026-05-13,PSR01,CRW01,50000,kg,BD-SP2KP,,,,,SP2KP Kemendag: Cabai Rawit Hijau (Pasar Taba Penanjung)
2026-05-13,PSR01,BWM01,50000,kg,BD-SP2KP,,,,,SP2KP Kemendag: Bawang Merah (Pasar Taba Penanjung)
2026-05-13,PSR01,GLP01,19000,kg,BD-SP2KP,,,,,SP2KP Kemendag: Gula Pasir Curah (Pasar Taba Penanjung)
2026-05-13,PSR01,GLP02,19000,kg,BD-SP2KP,,,,,SP2KP Kemendag: Gula Pasir Kemasan (Pasar Taba Penanjung)
2026-05-13,PSR01,MGR02,22000,liter,BD-SP2KP,,,,,SP2KP Kemendag: Minyak Goreng Sawit Kemasan Premium (Pasar Taba Penanjung)
2026-05-13,PSR01,DSP01,150000,kg,BD-SP2KP,,,,,SP2KP Kemendag: Daging Sapi Paha Belakang (Pasar Taba Penanjung)
2026-05-13,PSR01,CMR02,50000,kg,BD-SP2KP,,,,,SP2KP Kemendag: Cabai Merah Keriting (Pasar Taba Penanjung)
2026-05-13,PSR01,TLR01,28200,kg,BD-SP2KP,,,,,SP2KP Kemendag: Telur Ayam Ras (Pasar Taba Penanjung)
2026-05-13,PSR01,DAY01,35000,kg,BD-SP2KP,,,,,SP2KP Kemendag: Daging Ayam Ras (Pasar Taba Penanjung)
2026-05-13,PSR01,BWP01,34000,kg,BD-SP2KP,,,,,SP2KP Kemendag: Bawang Putih Honan (Pasar Taba Penanjung)
2026-05-13,PSR01,BRS05,16000,kg,BD-SP2KP,,,,,SP2KP Kemendag: Beras Premium (Pasar Taba Penanjung)
2026-05-13,PSR01,BRS03,13750,kg,BD-SP2KP,,,,,SP2KP Kemendag: Beras Medium (Pasar Taba Penanjung)
2026-05-13,PSR01,DSP02,150000,kg,BD-SP2KP,,,,,SP2KP Kemendag: Daging Sapi Paha Depan (Pasar Taba Penanjung)
2026-05-13,PSR01,CMR01,50000,kg,BD-SP2KP,,,,,SP2KP Kemendag: Cabai Merah Besar (Pasar Taba Penanjung)
2026-05-13,PSR92,CRW02,76667,kg,BD-SP2KP,,,,,SP2KP Kemendag: Cabai Rawit Merah (Pasar Panorama)
2026-05-13,PSR92,CRW01,65000,kg,BD-SP2KP,,,,,SP2KP Kemendag: Cabai Rawit Hijau (Pasar Panorama)
2026-05-13,PSR92,BWM01,58333,kg,BD-SP2KP,,,,,SP2KP Kemendag: Bawang Merah (Pasar Panorama)
2026-05-13,PSR92,GLP01,18333,kg,BD-SP2KP,,,,,SP2KP Kemendag: Gula Pasir Curah (Pasar Panorama)
2026-05-13,PSR92,GLP02,19333,kg,BD-SP2KP,,,,,SP2KP Kemendag: Gula Pasir Kemasan (Pasar Panorama)
2026-05-13,PSR92,MGR02,23667,liter,BD-SP2KP,,,,,SP2KP Kemendag: Minyak Goreng Sawit Kemasan Premium (Pasar Panorama)
2026-05-13,PSR92,DSP01,150000,kg,BD-SP2KP,,,,,SP2KP Kemendag: Daging Sapi Paha Belakang (Pasar Panorama)
2026-05-13,PSR92,CMR02,61667,kg,BD-SP2KP,,,,,SP2KP Kemendag: Cabai Merah Keriting (Pasar Panorama)
2026-05-13,PSR92,TLR01,30400,kg,BD-SP2KP,,,,,SP2KP Kemendag: Telur Ayam Ras (Pasar Panorama)
2026-05-13,PSR92,DAY01,38000,kg,BD-SP2KP,,,,,SP2KP Kemendag: Daging Ayam Ras (Pasar Panorama)
2026-05-13,PSR92,BWP01,55000,kg,BD-SP2KP,,,,,SP2KP Kemendag: Bawang Putih Honan (Pasar Panorama)
2026-05-13,PSR92,BRS05,16000,kg,BD-SP2KP,,,,,SP2KP Kemendag: Beras Premium (Pasar Panorama)
2026-05-13,PSR92,BRS03,13750,kg,BD-SP2KP,,,,,SP2KP Kemendag: Beras Medium (Pasar Panorama)
2026-05-13,PSR92,DSP02,150000,kg,BD-SP2KP,,,,,SP2KP Kemendag: Daging Sapi Paha Depan (Pasar Panorama)
2026-05-13,PSR92,CMR01,35000,kg,BD-SP2KP,,,,,SP2KP Kemendag: Cabai Merah Besar (Pasar Panorama)
2026-05-18,PSR91,CRW02,65000,kg,BD-SP2KP,,,,,SP2KP Kemendag: Cabai Rawit Merah (Pasar Kepahiang)
2026-05-18,PSR91,CRW01,60000,kg,BD-SP2KP,,,,,SP2KP Kemendag: Cabai Rawit Hijau (Pasar Kepahiang)
2026-05-18,PSR91,BWM01,45000,kg,BD-SP2KP,,,,,SP2KP Kemendag: Bawang Merah (Pasar Kepahiang)
2026-05-18,PSR91,GLP01,18833,kg,BD-SP2KP,,,,,SP2KP Kemendag: Gula Pasir Curah (Pasar Kepahiang)
2026-05-18,PSR91,GLP02,19000,kg,BD-SP2KP,,,,,SP2KP Kemendag: Gula Pasir Kemasan (Pasar Kepahiang)
2026-05-18,PSR91,MGR02,23000,liter,BD-SP2KP,,,,,SP2KP Kemendag: Minyak Goreng Sawit Kemasan Premium (Pasar Kepahiang)
2026-05-18,PSR91,DSP01,140000,kg,BD-SP2KP,,,,,SP2KP Kemendag: Daging Sapi Paha Belakang (Pasar Kepahiang)
2026-05-18,PSR91,CMR02,50000,kg,BD-SP2KP,,,,,SP2KP Kemendag: Cabai Merah Keriting (Pasar Kepahiang)
2026-05-18,PSR91,TLR01,27000,kg,BD-SP2KP,,,,,SP2KP Kemendag: Telur Ayam Ras (Pasar Kepahiang)
2026-05-18,PSR91,DAY01,38000,kg,BD-SP2KP,,,,,SP2KP Kemendag: Daging Ayam Ras (Pasar Kepahiang)
2026-05-18,PSR91,BWP01,37000,kg,BD-SP2KP,,,,,SP2KP Kemendag: Bawang Putih Honan (Pasar Kepahiang)
2026-05-18,PSR91,BRS05,15400,kg,BD-SP2KP,,,,,SP2KP Kemendag: Beras Premium (Pasar Kepahiang)
2026-05-18,PSR91,BRS03,13750,kg,BD-SP2KP,,,,,SP2KP Kemendag: Beras Medium (Pasar Kepahiang)
2026-05-18,PSR91,DSP02,140000,kg,BD-SP2KP,,,,,SP2KP Kemendag: Daging Sapi Paha Depan (Pasar Kepahiang)
2026-05-18,PSR91,CMR01,50000,kg,BD-SP2KP,,,,,SP2KP Kemendag: Cabai Merah Besar (Pasar Kepahiang)
2026-05-18,PSR01,CRW02,60000,kg,BD-SP2KP,,,,,SP2KP Kemendag: Cabai Rawit Merah (Pasar Taba Penanjung)
2026-05-18,PSR01,CRW01,50000,kg,BD-SP2KP,,,,,SP2KP Kemendag: Cabai Rawit Hijau (Pasar Taba Penanjung)
2026-05-18,PSR01,BWM01,48000,kg,BD-SP2KP,,,,,SP2KP Kemendag: Bawang Merah (Pasar Taba Penanjung)
2026-05-18,PSR01,GLP01,18000,kg,BD-SP2KP,,,,,SP2KP Kemendag: Gula Pasir Curah (Pasar Taba Penanjung)
2026-05-18,PSR01,GLP02,18000,kg,BD-SP2KP,,,,,SP2KP Kemendag: Gula Pasir Kemasan (Pasar Taba Penanjung)
2026-05-18,PSR01,MGR02,22000,liter,BD-SP2KP,,,,,SP2KP Kemendag: Minyak Goreng Sawit Kemasan Premium (Pasar Taba Penanjung)
2026-05-18,PSR01,DSP01,150000,kg,BD-SP2KP,,,,,SP2KP Kemendag: Daging Sapi Paha Belakang (Pasar Taba Penanjung)
2026-05-18,PSR01,CMR02,50000,kg,BD-SP2KP,,,,,SP2KP Kemendag: Cabai Merah Keriting (Pasar Taba Penanjung)
2026-05-18,PSR01,TLR01,26600,kg,BD-SP2KP,,,,,SP2KP Kemendag: Telur Ayam Ras (Pasar Taba Penanjung)
2026-05-18,PSR01,DAY01,35000,kg,BD-SP2KP,,,,,SP2KP Kemendag: Daging Ayam Ras (Pasar Taba Penanjung)
2026-05-18,PSR01,BWP01,34000,kg,BD-SP2KP,,,,,SP2KP Kemendag: Bawang Putih Honan (Pasar Taba Penanjung)
2026-05-18,PSR01,BRS05,16000,kg,BD-SP2KP,,,,,SP2KP Kemendag: Beras Premium (Pasar Taba Penanjung)
2026-05-18,PSR01,BRS03,13750,kg,BD-SP2KP,,,,,SP2KP Kemendag: Beras Medium (Pasar Taba Penanjung)
2026-05-18,PSR01,DSP02,150000,kg,BD-SP2KP,,,,,SP2KP Kemendag: Daging Sapi Paha Depan (Pasar Taba Penanjung)
2026-05-18,PSR01,CMR01,50000,kg,BD-SP2KP,,,,,SP2KP Kemendag: Cabai Merah Besar (Pasar Taba Penanjung)
2026-05-18,PSR92,CRW02,78333,kg,BD-SP2KP,,,,,SP2KP Kemendag: Cabai Rawit Merah (Pasar Panorama)
2026-05-18,PSR92,CRW01,66667,kg,BD-SP2KP,,,,,SP2KP Kemendag: Cabai Rawit Hijau (Pasar Panorama)
2026-05-18,PSR92,BWM01,56667,kg,BD-SP2KP,,,,,SP2KP Kemendag: Bawang Merah (Pasar Panorama)
2026-05-18,PSR92,GLP01,18333,kg,BD-SP2KP,,,,,SP2KP Kemendag: Gula Pasir Curah (Pasar Panorama)
2026-05-18,PSR92,GLP02,19333,kg,BD-SP2KP,,,,,SP2KP Kemendag: Gula Pasir Kemasan (Pasar Panorama)
2026-05-18,PSR92,MGR02,23667,liter,BD-SP2KP,,,,,SP2KP Kemendag: Minyak Goreng Sawit Kemasan Premium (Pasar Panorama)
2026-05-18,PSR92,DSP01,150000,kg,BD-SP2KP,,,,,SP2KP Kemendag: Daging Sapi Paha Belakang (Pasar Panorama)
2026-05-18,PSR92,CMR02,58333,kg,BD-SP2KP,,,,,SP2KP Kemendag: Cabai Merah Keriting (Pasar Panorama)
2026-05-18,PSR92,TLR01,30400,kg,BD-SP2KP,,,,,SP2KP Kemendag: Telur Ayam Ras (Pasar Panorama)
2026-05-18,PSR92,DAY01,37333,kg,BD-SP2KP,,,,,SP2KP Kemendag: Daging Ayam Ras (Pasar Panorama)
2026-05-18,PSR92,BWP01,50000,kg,BD-SP2KP,,,,,SP2KP Kemendag: Bawang Putih Honan (Pasar Panorama)
2026-05-18,PSR92,BRS05,16000,kg,BD-SP2KP,,,,,SP2KP Kemendag: Beras Premium (Pasar Panorama)
2026-05-18,PSR92,BRS03,13750,kg,BD-SP2KP,,,,,SP2KP Kemendag: Beras Medium (Pasar Panorama)
2026-05-18,PSR92,DSP02,150000,kg,BD-SP2KP,,,,,SP2KP Kemendag: Daging Sapi Paha Depan (Pasar Panorama)
2026-05-18,PSR92,CMR01,35000,kg,BD-SP2KP,,,,,SP2KP Kemendag: Cabai Merah Besar (Pasar Panorama)
2026-05-19,PSR91,CRW02,65000,kg,BD-SP2KP,,,,,SP2KP Kemendag: Cabai Rawit Merah (Pasar Kepahiang)
2026-05-19,PSR91,CRW01,60000,kg,BD-SP2KP,,,,,SP2KP Kemendag: Cabai Rawit Hijau (Pasar Kepahiang)
2026-05-19,PSR91,BWM01,45000,kg,BD-SP2KP,,,,,SP2KP Kemendag: Bawang Merah (Pasar Kepahiang)
2026-05-19,PSR91,GLP01,18833,kg,BD-SP2KP,,,,,SP2KP Kemendag: Gula Pasir Curah (Pasar Kepahiang)
2026-05-19,PSR91,GLP02,19000,kg,BD-SP2KP,,,,,SP2KP Kemendag: Gula Pasir Kemasan (Pasar Kepahiang)
2026-05-19,PSR91,MGR02,23000,liter,BD-SP2KP,,,,,SP2KP Kemendag: Minyak Goreng Sawit Kemasan Premium (Pasar Kepahiang)
2026-05-19,PSR91,DSP01,140000,kg,BD-SP2KP,,,,,SP2KP Kemendag: Daging Sapi Paha Belakang (Pasar Kepahiang)
2026-05-19,PSR91,CMR02,50000,kg,BD-SP2KP,,,,,SP2KP Kemendag: Cabai Merah Keriting (Pasar Kepahiang)
2026-05-19,PSR91,TLR01,27000,kg,BD-SP2KP,,,,,SP2KP Kemendag: Telur Ayam Ras (Pasar Kepahiang)
2026-05-19,PSR91,DAY01,38000,kg,BD-SP2KP,,,,,SP2KP Kemendag: Daging Ayam Ras (Pasar Kepahiang)
2026-05-19,PSR91,BWP01,37000,kg,BD-SP2KP,,,,,SP2KP Kemendag: Bawang Putih Honan (Pasar Kepahiang)
2026-05-19,PSR91,BRS05,15400,kg,BD-SP2KP,,,,,SP2KP Kemendag: Beras Premium (Pasar Kepahiang)
2026-05-19,PSR91,BRS03,13750,kg,BD-SP2KP,,,,,SP2KP Kemendag: Beras Medium (Pasar Kepahiang)
2026-05-19,PSR91,DSP02,140000,kg,BD-SP2KP,,,,,SP2KP Kemendag: Daging Sapi Paha Depan (Pasar Kepahiang)
2026-05-19,PSR91,CMR01,50000,kg,BD-SP2KP,,,,,SP2KP Kemendag: Cabai Merah Besar (Pasar Kepahiang)
2026-05-19,PSR01,CRW02,60000,kg,BD-SP2KP,,,,,SP2KP Kemendag: Cabai Rawit Merah (Pasar Taba Penanjung)
2026-05-19,PSR01,CRW01,50000,kg,BD-SP2KP,,,,,SP2KP Kemendag: Cabai Rawit Hijau (Pasar Taba Penanjung)
2026-05-19,PSR01,BWM01,48000,kg,BD-SP2KP,,,,,SP2KP Kemendag: Bawang Merah (Pasar Taba Penanjung)
2026-05-19,PSR01,GLP01,18000,kg,BD-SP2KP,,,,,SP2KP Kemendag: Gula Pasir Curah (Pasar Taba Penanjung)
2026-05-19,PSR01,GLP02,18000,kg,BD-SP2KP,,,,,SP2KP Kemendag: Gula Pasir Kemasan (Pasar Taba Penanjung)
2026-05-19,PSR01,MGR02,22000,liter,BD-SP2KP,,,,,SP2KP Kemendag: Minyak Goreng Sawit Kemasan Premium (Pasar Taba Penanjung)
2026-05-19,PSR01,DSP01,150000,kg,BD-SP2KP,,,,,SP2KP Kemendag: Daging Sapi Paha Belakang (Pasar Taba Penanjung)
2026-05-19,PSR01,CMR02,50000,kg,BD-SP2KP,,,,,SP2KP Kemendag: Cabai Merah Keriting (Pasar Taba Penanjung)
2026-05-19,PSR01,TLR01,26600,kg,BD-SP2KP,,,,,SP2KP Kemendag: Telur Ayam Ras (Pasar Taba Penanjung)
2026-05-19,PSR01,DAY01,35000,kg,BD-SP2KP,,,,,SP2KP Kemendag: Daging Ayam Ras (Pasar Taba Penanjung)
2026-05-19,PSR01,BWP01,34000,kg,BD-SP2KP,,,,,SP2KP Kemendag: Bawang Putih Honan (Pasar Taba Penanjung)
2026-05-19,PSR01,BRS05,16000,kg,BD-SP2KP,,,,,SP2KP Kemendag: Beras Premium (Pasar Taba Penanjung)
2026-05-19,PSR01,BRS03,13750,kg,BD-SP2KP,,,,,SP2KP Kemendag: Beras Medium (Pasar Taba Penanjung)
2026-05-19,PSR01,DSP02,150000,kg,BD-SP2KP,,,,,SP2KP Kemendag: Daging Sapi Paha Depan (Pasar Taba Penanjung)
2026-05-19,PSR01,CMR01,50000,kg,BD-SP2KP,,,,,SP2KP Kemendag: Cabai Merah Besar (Pasar Taba Penanjung)
2026-05-19,PSR92,CRW02,78333,kg,BD-SP2KP,,,,,SP2KP Kemendag: Cabai Rawit Merah (Pasar Panorama)
2026-05-19,PSR92,CRW01,66667,kg,BD-SP2KP,,,,,SP2KP Kemendag: Cabai Rawit Hijau (Pasar Panorama)
2026-05-19,PSR92,BWM01,56667,kg,BD-SP2KP,,,,,SP2KP Kemendag: Bawang Merah (Pasar Panorama)
2026-05-19,PSR92,GLP01,18333,kg,BD-SP2KP,,,,,SP2KP Kemendag: Gula Pasir Curah (Pasar Panorama)
2026-05-19,PSR92,GLP02,19333,kg,BD-SP2KP,,,,,SP2KP Kemendag: Gula Pasir Kemasan (Pasar Panorama)
2026-05-19,PSR92,MGR02,23667,liter,BD-SP2KP,,,,,SP2KP Kemendag: Minyak Goreng Sawit Kemasan Premium (Pasar Panorama)
2026-05-19,PSR92,DSP01,150000,kg,BD-SP2KP,,,,,SP2KP Kemendag: Daging Sapi Paha Belakang (Pasar Panorama)
2026-05-19,PSR92,CMR02,58333,kg,BD-SP2KP,,,,,SP2KP Kemendag: Cabai Merah Keriting (Pasar Panorama)
2026-05-19,PSR92,TLR01,30400,kg,BD-SP2KP,,,,,SP2KP Kemendag: Telur Ayam Ras (Pasar Panorama)
2026-05-19,PSR92,DAY01,37333,kg,BD-SP2KP,,,,,SP2KP Kemendag: Daging Ayam Ras (Pasar Panorama)
2026-05-19,PSR92,BWP01,50000,kg,BD-SP2KP,,,,,SP2KP Kemendag: Bawang Putih Honan (Pasar Panorama)
2026-05-19,PSR92,BRS05,16000,kg,BD-SP2KP,,,,,SP2KP Kemendag: Beras Premium (Pasar Panorama)
2026-05-19,PSR92,BRS03,13750,kg,BD-SP2KP,,,,,SP2KP Kemendag: Beras Medium (Pasar Panorama)
2026-05-19,PSR92,DSP02,150000,kg,BD-SP2KP,,,,,SP2KP Kemendag: Daging Sapi Paha Depan (Pasar Panorama)
2026-05-19,PSR92,CMR01,35000,kg,BD-SP2KP,,,,,SP2KP Kemendag: Cabai Merah Besar (Pasar Panorama)
2026-05-20,PSR91,CRW02,65000,kg,BD-SP2KP,,,,,SP2KP Kemendag: Cabai Rawit Merah (Pasar Kepahiang)
2026-05-20,PSR91,CRW01,60000,kg,BD-SP2KP,,,,,SP2KP Kemendag: Cabai Rawit Hijau (Pasar Kepahiang)
2026-05-20,PSR91,BWM01,45000,kg,BD-SP2KP,,,,,SP2KP Kemendag: Bawang Merah (Pasar Kepahiang)
2026-05-20,PSR91,GLP01,18833,kg,BD-SP2KP,,,,,SP2KP Kemendag: Gula Pasir Curah (Pasar Kepahiang)
2026-05-20,PSR91,GLP02,19000,kg,BD-SP2KP,,,,,SP2KP Kemendag: Gula Pasir Kemasan (Pasar Kepahiang)
2026-05-20,PSR91,MGR02,23000,liter,BD-SP2KP,,,,,SP2KP Kemendag: Minyak Goreng Sawit Kemasan Premium (Pasar Kepahiang)
2026-05-20,PSR91,DSP01,140000,kg,BD-SP2KP,,,,,SP2KP Kemendag: Daging Sapi Paha Belakang (Pasar Kepahiang)
2026-05-20,PSR91,CMR02,50000,kg,BD-SP2KP,,,,,SP2KP Kemendag: Cabai Merah Keriting (Pasar Kepahiang)
2026-05-20,PSR91,TLR01,27000,kg,BD-SP2KP,,,,,SP2KP Kemendag: Telur Ayam Ras (Pasar Kepahiang)
2026-05-20,PSR91,DAY01,38000,kg,BD-SP2KP,,,,,SP2KP Kemendag: Daging Ayam Ras (Pasar Kepahiang)
2026-05-20,PSR91,BWP01,37000,kg,BD-SP2KP,,,,,SP2KP Kemendag: Bawang Putih Honan (Pasar Kepahiang)
2026-05-20,PSR91,BRS05,15400,kg,BD-SP2KP,,,,,SP2KP Kemendag: Beras Premium (Pasar Kepahiang)
2026-05-20,PSR91,BRS03,13750,kg,BD-SP2KP,,,,,SP2KP Kemendag: Beras Medium (Pasar Kepahiang)
2026-05-20,PSR91,DSP02,140000,kg,BD-SP2KP,,,,,SP2KP Kemendag: Daging Sapi Paha Depan (Pasar Kepahiang)
2026-05-20,PSR91,CMR01,50000,kg,BD-SP2KP,,,,,SP2KP Kemendag: Cabai Merah Besar (Pasar Kepahiang)
2026-05-20,PSR01,CRW02,60000,kg,BD-SP2KP,,,,,SP2KP Kemendag: Cabai Rawit Merah (Pasar Taba Penanjung)
2026-05-20,PSR01,CRW01,50000,kg,BD-SP2KP,,,,,SP2KP Kemendag: Cabai Rawit Hijau (Pasar Taba Penanjung)
2026-05-20,PSR01,BWM01,48000,kg,BD-SP2KP,,,,,SP2KP Kemendag: Bawang Merah (Pasar Taba Penanjung)
2026-05-20,PSR01,GLP01,18000,kg,BD-SP2KP,,,,,SP2KP Kemendag: Gula Pasir Curah (Pasar Taba Penanjung)
2026-05-20,PSR01,GLP02,18000,kg,BD-SP2KP,,,,,SP2KP Kemendag: Gula Pasir Kemasan (Pasar Taba Penanjung)
2026-05-20,PSR01,MGR02,22000,liter,BD-SP2KP,,,,,SP2KP Kemendag: Minyak Goreng Sawit Kemasan Premium (Pasar Taba Penanjung)
2026-05-20,PSR01,DSP01,150000,kg,BD-SP2KP,,,,,SP2KP Kemendag: Daging Sapi Paha Belakang (Pasar Taba Penanjung)
2026-05-20,PSR01,CMR02,50000,kg,BD-SP2KP,,,,,SP2KP Kemendag: Cabai Merah Keriting (Pasar Taba Penanjung)
2026-05-20,PSR01,TLR01,26600,kg,BD-SP2KP,,,,,SP2KP Kemendag: Telur Ayam Ras (Pasar Taba Penanjung)
2026-05-20,PSR01,DAY01,35000,kg,BD-SP2KP,,,,,SP2KP Kemendag: Daging Ayam Ras (Pasar Taba Penanjung)
2026-05-20,PSR01,BWP01,34000,kg,BD-SP2KP,,,,,SP2KP Kemendag: Bawang Putih Honan (Pasar Taba Penanjung)
2026-05-20,PSR01,BRS05,16000,kg,BD-SP2KP,,,,,SP2KP Kemendag: Beras Premium (Pasar Taba Penanjung)
2026-05-20,PSR01,BRS03,13750,kg,BD-SP2KP,,,,,SP2KP Kemendag: Beras Medium (Pasar Taba Penanjung)
2026-05-20,PSR01,DSP02,150000,kg,BD-SP2KP,,,,,SP2KP Kemendag: Daging Sapi Paha Depan (Pasar Taba Penanjung)
2026-05-20,PSR01,CMR01,50000,kg,BD-SP2KP,,,,,SP2KP Kemendag: Cabai Merah Besar (Pasar Taba Penanjung)
2026-05-20,PSR92,CRW02,85000,kg,BD-SP2KP,,,,,SP2KP Kemendag: Cabai Rawit Merah (Pasar Panorama)
2026-05-20,PSR92,CRW01,66667,kg,BD-SP2KP,,,,,SP2KP Kemendag: Cabai Rawit Hijau (Pasar Panorama)
2026-05-20,PSR92,BWM01,60000,kg,BD-SP2KP,,,,,SP2KP Kemendag: Bawang Merah (Pasar Panorama)
2026-05-20,PSR92,GLP01,18333,kg,BD-SP2KP,,,,,SP2KP Kemendag: Gula Pasir Curah (Pasar Panorama)
2026-05-20,PSR92,GLP02,19333,kg,BD-SP2KP,,,,,SP2KP Kemendag: Gula Pasir Kemasan (Pasar Panorama)
2026-05-20,PSR92,MGR02,23667,liter,BD-SP2KP,,,,,SP2KP Kemendag: Minyak Goreng Sawit Kemasan Premium (Pasar Panorama)
2026-05-20,PSR92,DSP01,150000,kg,BD-SP2KP,,,,,SP2KP Kemendag: Daging Sapi Paha Belakang (Pasar Panorama)
2026-05-20,PSR92,CMR02,61667,kg,BD-SP2KP,,,,,SP2KP Kemendag: Cabai Merah Keriting (Pasar Panorama)
2026-05-20,PSR92,TLR01,30400,kg,BD-SP2KP,,,,,SP2KP Kemendag: Telur Ayam Ras (Pasar Panorama)
2026-05-20,PSR92,DAY01,37333,kg,BD-SP2KP,,,,,SP2KP Kemendag: Daging Ayam Ras (Pasar Panorama)
2026-05-20,PSR92,BWP01,48333,kg,BD-SP2KP,,,,,SP2KP Kemendag: Bawang Putih Honan (Pasar Panorama)
2026-05-20,PSR92,BRS05,16000,kg,BD-SP2KP,,,,,SP2KP Kemendag: Beras Premium (Pasar Panorama)
2026-05-20,PSR92,BRS03,13750,kg,BD-SP2KP,,,,,SP2KP Kemendag: Beras Medium (Pasar Panorama)
2026-05-20,PSR92,DSP02,150000,kg,BD-SP2KP,,,,,SP2KP Kemendag: Daging Sapi Paha Depan (Pasar Panorama)
2026-05-20,PSR92,CMR01,35000,kg,BD-SP2KP,,,,,SP2KP Kemendag: Cabai Merah Besar (Pasar Panorama)
2026-05-21,PSR91,CRW02,65000,kg,BD-SP2KP,,,,,SP2KP Kemendag: Cabai Rawit Merah (Pasar Kepahiang)
2026-05-21,PSR91,CRW01,60000,kg,BD-SP2KP,,,,,SP2KP Kemendag: Cabai Rawit Hijau (Pasar Kepahiang)
2026-05-21,PSR91,BWM01,45000,kg,BD-SP2KP,,,,,SP2KP Kemendag: Bawang Merah (Pasar Kepahiang)
2026-05-21,PSR91,GLP01,18833,kg,BD-SP2KP,,,,,SP2KP Kemendag: Gula Pasir Curah (Pasar Kepahiang)
2026-05-21,PSR91,GLP02,19000,kg,BD-SP2KP,,,,,SP2KP Kemendag: Gula Pasir Kemasan (Pasar Kepahiang)
2026-05-21,PSR91,MGR02,23000,liter,BD-SP2KP,,,,,SP2KP Kemendag: Minyak Goreng Sawit Kemasan Premium (Pasar Kepahiang)
2026-05-21,PSR91,DSP01,140000,kg,BD-SP2KP,,,,,SP2KP Kemendag: Daging Sapi Paha Belakang (Pasar Kepahiang)
2026-05-21,PSR91,CMR02,50000,kg,BD-SP2KP,,,,,SP2KP Kemendag: Cabai Merah Keriting (Pasar Kepahiang)
2026-05-21,PSR91,TLR01,27000,kg,BD-SP2KP,,,,,SP2KP Kemendag: Telur Ayam Ras (Pasar Kepahiang)
2026-05-21,PSR91,DAY01,38000,kg,BD-SP2KP,,,,,SP2KP Kemendag: Daging Ayam Ras (Pasar Kepahiang)
2026-05-21,PSR91,BWP01,37000,kg,BD-SP2KP,,,,,SP2KP Kemendag: Bawang Putih Honan (Pasar Kepahiang)
2026-05-21,PSR91,BRS05,15400,kg,BD-SP2KP,,,,,SP2KP Kemendag: Beras Premium (Pasar Kepahiang)
2026-05-21,PSR91,BRS03,13750,kg,BD-SP2KP,,,,,SP2KP Kemendag: Beras Medium (Pasar Kepahiang)
2026-05-21,PSR91,DSP02,140000,kg,BD-SP2KP,,,,,SP2KP Kemendag: Daging Sapi Paha Depan (Pasar Kepahiang)
2026-05-21,PSR91,CMR01,50000,kg,BD-SP2KP,,,,,SP2KP Kemendag: Cabai Merah Besar (Pasar Kepahiang)
2026-05-21,PSR01,CRW02,60000,kg,BD-SP2KP,,,,,SP2KP Kemendag: Cabai Rawit Merah (Pasar Taba Penanjung)
2026-05-21,PSR01,CRW01,50000,kg,BD-SP2KP,,,,,SP2KP Kemendag: Cabai Rawit Hijau (Pasar Taba Penanjung)
2026-05-21,PSR01,BWM01,44000,kg,BD-SP2KP,,,,,SP2KP Kemendag: Bawang Merah (Pasar Taba Penanjung)
2026-05-21,PSR01,GLP01,18000,kg,BD-SP2KP,,,,,SP2KP Kemendag: Gula Pasir Curah (Pasar Taba Penanjung)
2026-05-21,PSR01,GLP02,18000,kg,BD-SP2KP,,,,,SP2KP Kemendag: Gula Pasir Kemasan (Pasar Taba Penanjung)
2026-05-21,PSR01,MGR02,23000,liter,BD-SP2KP,,,,,SP2KP Kemendag: Minyak Goreng Sawit Kemasan Premium (Pasar Taba Penanjung)
2026-05-21,PSR01,DSP01,150000,kg,BD-SP2KP,,,,,SP2KP Kemendag: Daging Sapi Paha Belakang (Pasar Taba Penanjung)
2026-05-21,PSR01,CMR02,50000,kg,BD-SP2KP,,,,,SP2KP Kemendag: Cabai Merah Keriting (Pasar Taba Penanjung)
2026-05-21,PSR01,TLR01,26600,kg,BD-SP2KP,,,,,SP2KP Kemendag: Telur Ayam Ras (Pasar Taba Penanjung)
2026-05-21,PSR01,DAY01,33000,kg,BD-SP2KP,,,,,SP2KP Kemendag: Daging Ayam Ras (Pasar Taba Penanjung)
2026-05-21,PSR01,BWP01,30000,kg,BD-SP2KP,,,,,SP2KP Kemendag: Bawang Putih Honan (Pasar Taba Penanjung)
2026-05-21,PSR01,BRS05,16000,kg,BD-SP2KP,,,,,SP2KP Kemendag: Beras Premium (Pasar Taba Penanjung)
2026-05-21,PSR01,BRS03,13750,kg,BD-SP2KP,,,,,SP2KP Kemendag: Beras Medium (Pasar Taba Penanjung)
2026-05-21,PSR01,DSP02,150000,kg,BD-SP2KP,,,,,SP2KP Kemendag: Daging Sapi Paha Depan (Pasar Taba Penanjung)
2026-05-21,PSR01,CMR01,50000,kg,BD-SP2KP,,,,,SP2KP Kemendag: Cabai Merah Besar (Pasar Taba Penanjung)
2026-05-21,PSR92,CRW02,85000,kg,BD-SP2KP,,,,,SP2KP Kemendag: Cabai Rawit Merah (Pasar Panorama)
2026-05-21,PSR92,CRW01,66667,kg,BD-SP2KP,,,,,SP2KP Kemendag: Cabai Rawit Hijau (Pasar Panorama)
2026-05-21,PSR92,BWM01,60000,kg,BD-SP2KP,,,,,SP2KP Kemendag: Bawang Merah (Pasar Panorama)
2026-05-21,PSR92,GLP01,18333,kg,BD-SP2KP,,,,,SP2KP Kemendag: Gula Pasir Curah (Pasar Panorama)
2026-05-21,PSR92,GLP02,19167,kg,BD-SP2KP,,,,,SP2KP Kemendag: Gula Pasir Kemasan (Pasar Panorama)
2026-05-21,PSR92,MGR02,23667,liter,BD-SP2KP,,,,,SP2KP Kemendag: Minyak Goreng Sawit Kemasan Premium (Pasar Panorama)
2026-05-21,PSR92,DSP01,150000,kg,BD-SP2KP,,,,,SP2KP Kemendag: Daging Sapi Paha Belakang (Pasar Panorama)
2026-05-21,PSR92,CMR02,61667,kg,BD-SP2KP,,,,,SP2KP Kemendag: Cabai Merah Keriting (Pasar Panorama)
2026-05-21,PSR92,TLR01,30400,kg,BD-SP2KP,,,,,SP2KP Kemendag: Telur Ayam Ras (Pasar Panorama)
2026-05-21,PSR92,DAY01,37333,kg,BD-SP2KP,,,,,SP2KP Kemendag: Daging Ayam Ras (Pasar Panorama)
2026-05-21,PSR92,BWP01,48333,kg,BD-SP2KP,,,,,SP2KP Kemendag: Bawang Putih Honan (Pasar Panorama)
2026-05-21,PSR92,BRS05,16000,kg,BD-SP2KP,,,,,SP2KP Kemendag: Beras Premium (Pasar Panorama)
2026-05-21,PSR92,BRS03,13750,kg,BD-SP2KP,,,,,SP2KP Kemendag: Beras Medium (Pasar Panorama)
2026-05-21,PSR92,DSP02,150000,kg,BD-SP2KP,,,,,SP2KP Kemendag: Daging Sapi Paha Depan (Pasar Panorama)
2026-05-21,PSR92,CMR01,35000,kg,BD-SP2KP,,,,,SP2KP Kemendag: Cabai Merah Besar (Pasar Panorama)
2026-05-22,PSR91,CRW02,65000,kg,BD-SP2KP,,,,,SP2KP Kemendag: Cabai Rawit Merah (Pasar Kepahiang)
2026-05-22,PSR91,CRW01,60000,kg,BD-SP2KP,,,,,SP2KP Kemendag: Cabai Rawit Hijau (Pasar Kepahiang)
2026-05-22,PSR91,BWM01,45000,kg,BD-SP2KP,,,,,SP2KP Kemendag: Bawang Merah (Pasar Kepahiang)
2026-05-22,PSR91,GLP01,18833,kg,BD-SP2KP,,,,,SP2KP Kemendag: Gula Pasir Curah (Pasar Kepahiang)
2026-05-22,PSR91,GLP02,19000,kg,BD-SP2KP,,,,,SP2KP Kemendag: Gula Pasir Kemasan (Pasar Kepahiang)
2026-05-22,PSR91,MGR02,23000,liter,BD-SP2KP,,,,,SP2KP Kemendag: Minyak Goreng Sawit Kemasan Premium (Pasar Kepahiang)
2026-05-22,PSR91,DSP01,140000,kg,BD-SP2KP,,,,,SP2KP Kemendag: Daging Sapi Paha Belakang (Pasar Kepahiang)
2026-05-22,PSR91,CMR02,50000,kg,BD-SP2KP,,,,,SP2KP Kemendag: Cabai Merah Keriting (Pasar Kepahiang)
2026-05-22,PSR91,TLR01,27000,kg,BD-SP2KP,,,,,SP2KP Kemendag: Telur Ayam Ras (Pasar Kepahiang)
2026-05-22,PSR91,DAY01,38000,kg,BD-SP2KP,,,,,SP2KP Kemendag: Daging Ayam Ras (Pasar Kepahiang)
2026-05-22,PSR91,BWP01,37000,kg,BD-SP2KP,,,,,SP2KP Kemendag: Bawang Putih Honan (Pasar Kepahiang)
2026-05-22,PSR91,BRS05,15400,kg,BD-SP2KP,,,,,SP2KP Kemendag: Beras Premium (Pasar Kepahiang)
2026-05-22,PSR91,BRS03,13750,kg,BD-SP2KP,,,,,SP2KP Kemendag: Beras Medium (Pasar Kepahiang)
2026-05-22,PSR91,DSP02,140000,kg,BD-SP2KP,,,,,SP2KP Kemendag: Daging Sapi Paha Depan (Pasar Kepahiang)
2026-05-22,PSR91,CMR01,50000,kg,BD-SP2KP,,,,,SP2KP Kemendag: Cabai Merah Besar (Pasar Kepahiang)
2026-05-22,PSR01,CRW02,60000,kg,BD-SP2KP,,,,,SP2KP Kemendag: Cabai Rawit Merah (Pasar Taba Penanjung)
2026-05-22,PSR01,CRW01,50000,kg,BD-SP2KP,,,,,SP2KP Kemendag: Cabai Rawit Hijau (Pasar Taba Penanjung)
2026-05-22,PSR01,BWM01,44000,kg,BD-SP2KP,,,,,SP2KP Kemendag: Bawang Merah (Pasar Taba Penanjung)
2026-05-22,PSR01,GLP01,18000,kg,BD-SP2KP,,,,,SP2KP Kemendag: Gula Pasir Curah (Pasar Taba Penanjung)
2026-05-22,PSR01,GLP02,18000,kg,BD-SP2KP,,,,,SP2KP Kemendag: Gula Pasir Kemasan (Pasar Taba Penanjung)
2026-05-22,PSR01,MGR02,23000,liter,BD-SP2KP,,,,,SP2KP Kemendag: Minyak Goreng Sawit Kemasan Premium (Pasar Taba Penanjung)
2026-05-22,PSR01,DSP01,150000,kg,BD-SP2KP,,,,,SP2KP Kemendag: Daging Sapi Paha Belakang (Pasar Taba Penanjung)
2026-05-22,PSR01,CMR02,50000,kg,BD-SP2KP,,,,,SP2KP Kemendag: Cabai Merah Keriting (Pasar Taba Penanjung)
2026-05-22,PSR01,TLR01,26600,kg,BD-SP2KP,,,,,SP2KP Kemendag: Telur Ayam Ras (Pasar Taba Penanjung)
2026-05-22,PSR01,DAY01,33000,kg,BD-SP2KP,,,,,SP2KP Kemendag: Daging Ayam Ras (Pasar Taba Penanjung)
2026-05-22,PSR01,BWP01,30000,kg,BD-SP2KP,,,,,SP2KP Kemendag: Bawang Putih Honan (Pasar Taba Penanjung)
2026-05-22,PSR01,BRS05,16000,kg,BD-SP2KP,,,,,SP2KP Kemendag: Beras Premium (Pasar Taba Penanjung)
2026-05-22,PSR01,BRS03,13750,kg,BD-SP2KP,,,,,SP2KP Kemendag: Beras Medium (Pasar Taba Penanjung)
2026-05-22,PSR01,DSP02,150000,kg,BD-SP2KP,,,,,SP2KP Kemendag: Daging Sapi Paha Depan (Pasar Taba Penanjung)
2026-05-22,PSR01,CMR01,50000,kg,BD-SP2KP,,,,,SP2KP Kemendag: Cabai Merah Besar (Pasar Taba Penanjung)
2026-05-22,PSR92,CRW02,85000,kg,BD-SP2KP,,,,,SP2KP Kemendag: Cabai Rawit Merah (Pasar Panorama)
2026-05-22,PSR92,CRW01,66667,kg,BD-SP2KP,,,,,SP2KP Kemendag: Cabai Rawit Hijau (Pasar Panorama)
2026-05-22,PSR92,BWM01,60000,kg,BD-SP2KP,,,,,SP2KP Kemendag: Bawang Merah (Pasar Panorama)
2026-05-22,PSR92,GLP01,18333,kg,BD-SP2KP,,,,,SP2KP Kemendag: Gula Pasir Curah (Pasar Panorama)
2026-05-22,PSR92,GLP02,19167,kg,BD-SP2KP,,,,,SP2KP Kemendag: Gula Pasir Kemasan (Pasar Panorama)
2026-05-22,PSR92,MGR02,23667,liter,BD-SP2KP,,,,,SP2KP Kemendag: Minyak Goreng Sawit Kemasan Premium (Pasar Panorama)
2026-05-22,PSR92,DSP01,150000,kg,BD-SP2KP,,,,,SP2KP Kemendag: Daging Sapi Paha Belakang (Pasar Panorama)
2026-05-22,PSR92,CMR02,65000,kg,BD-SP2KP,,,,,SP2KP Kemendag: Cabai Merah Keriting (Pasar Panorama)
2026-05-22,PSR92,TLR01,30400,kg,BD-SP2KP,,,,,SP2KP Kemendag: Telur Ayam Ras (Pasar Panorama)
2026-05-22,PSR92,DAY01,37667,kg,BD-SP2KP,,,,,SP2KP Kemendag: Daging Ayam Ras (Pasar Panorama)
2026-05-22,PSR92,BWP01,48333,kg,BD-SP2KP,,,,,SP2KP Kemendag: Bawang Putih Honan (Pasar Panorama)
2026-05-22,PSR92,BRS05,16000,kg,BD-SP2KP,,,,,SP2KP Kemendag: Beras Premium (Pasar Panorama)
2026-05-22,PSR92,BRS03,13750,kg,BD-SP2KP,,,,,SP2KP Kemendag: Beras Medium (Pasar Panorama)
2026-05-22,PSR92,DSP02,150000,kg,BD-SP2KP,,,,,SP2KP Kemendag: Daging Sapi Paha Depan (Pasar Panorama)
2026-05-22,PSR92,CMR01,35000,kg,BD-SP2KP,,,,,SP2KP Kemendag: Cabai Merah Besar (Pasar Panorama)
2026-05-25,PSR91,CRW02,65000,kg,BD-SP2KP,,,,,SP2KP Kemendag: Cabai Rawit Merah (Pasar Kepahiang)
2026-05-25,PSR91,CRW01,60000,kg,BD-SP2KP,,,,,SP2KP Kemendag: Cabai Rawit Hijau (Pasar Kepahiang)
2026-05-25,PSR91,BWM01,45000,kg,BD-SP2KP,,,,,SP2KP Kemendag: Bawang Merah (Pasar Kepahiang)
2026-05-25,PSR91,GLP01,18833,kg,BD-SP2KP,,,,,SP2KP Kemendag: Gula Pasir Curah (Pasar Kepahiang)
2026-05-25,PSR91,GLP02,19000,kg,BD-SP2KP,,,,,SP2KP Kemendag: Gula Pasir Kemasan (Pasar Kepahiang)
2026-05-25,PSR91,MGR02,23000,liter,BD-SP2KP,,,,,SP2KP Kemendag: Minyak Goreng Sawit Kemasan Premium (Pasar Kepahiang)
2026-05-25,PSR91,DSP01,140000,kg,BD-SP2KP,,,,,SP2KP Kemendag: Daging Sapi Paha Belakang (Pasar Kepahiang)
2026-05-25,PSR91,CMR02,60000,kg,BD-SP2KP,,,,,SP2KP Kemendag: Cabai Merah Keriting (Pasar Kepahiang)
2026-05-25,PSR91,TLR01,27000,kg,BD-SP2KP,,,,,SP2KP Kemendag: Telur Ayam Ras (Pasar Kepahiang)
2026-05-25,PSR91,DAY01,40000,kg,BD-SP2KP,,,,,SP2KP Kemendag: Daging Ayam Ras (Pasar Kepahiang)
2026-05-25,PSR91,BWP01,37000,kg,BD-SP2KP,,,,,SP2KP Kemendag: Bawang Putih Honan (Pasar Kepahiang)
2026-05-25,PSR91,BRS05,15400,kg,BD-SP2KP,,,,,SP2KP Kemendag: Beras Premium (Pasar Kepahiang)
2026-05-25,PSR91,BRS03,13750,kg,BD-SP2KP,,,,,SP2KP Kemendag: Beras Medium (Pasar Kepahiang)
2026-05-25,PSR91,DSP02,140000,kg,BD-SP2KP,,,,,SP2KP Kemendag: Daging Sapi Paha Depan (Pasar Kepahiang)
2026-05-25,PSR91,CMR01,55000,kg,BD-SP2KP,,,,,SP2KP Kemendag: Cabai Merah Besar (Pasar Kepahiang)
2026-05-25,PSR01,CRW02,60000,kg,BD-SP2KP,,,,,SP2KP Kemendag: Cabai Rawit Merah (Pasar Taba Penanjung)
2026-05-25,PSR01,CRW01,50000,kg,BD-SP2KP,,,,,SP2KP Kemendag: Cabai Rawit Hijau (Pasar Taba Penanjung)
2026-05-25,PSR01,BWM01,44000,kg,BD-SP2KP,,,,,SP2KP Kemendag: Bawang Merah (Pasar Taba Penanjung)
2026-05-25,PSR01,GLP01,18000,kg,BD-SP2KP,,,,,SP2KP Kemendag: Gula Pasir Curah (Pasar Taba Penanjung)
2026-05-25,PSR01,GLP02,18000,kg,BD-SP2KP,,,,,SP2KP Kemendag: Gula Pasir Kemasan (Pasar Taba Penanjung)
2026-05-25,PSR01,MGR02,23000,liter,BD-SP2KP,,,,,SP2KP Kemendag: Minyak Goreng Sawit Kemasan Premium (Pasar Taba Penanjung)
2026-05-25,PSR01,DSP01,150000,kg,BD-SP2KP,,,,,SP2KP Kemendag: Daging Sapi Paha Belakang (Pasar Taba Penanjung)
2026-05-25,PSR01,CMR02,50000,kg,BD-SP2KP,,,,,SP2KP Kemendag: Cabai Merah Keriting (Pasar Taba Penanjung)
2026-05-25,PSR01,TLR01,26600,kg,BD-SP2KP,,,,,SP2KP Kemendag: Telur Ayam Ras (Pasar Taba Penanjung)
2026-05-25,PSR01,DAY01,33000,kg,BD-SP2KP,,,,,SP2KP Kemendag: Daging Ayam Ras (Pasar Taba Penanjung)
2026-05-25,PSR01,BWP01,30000,kg,BD-SP2KP,,,,,SP2KP Kemendag: Bawang Putih Honan (Pasar Taba Penanjung)
2026-05-25,PSR01,BRS05,16000,kg,BD-SP2KP,,,,,SP2KP Kemendag: Beras Premium (Pasar Taba Penanjung)
2026-05-25,PSR01,BRS03,13750,kg,BD-SP2KP,,,,,SP2KP Kemendag: Beras Medium (Pasar Taba Penanjung)
2026-05-25,PSR01,DSP02,150000,kg,BD-SP2KP,,,,,SP2KP Kemendag: Daging Sapi Paha Depan (Pasar Taba Penanjung)
2026-05-25,PSR01,CMR01,50000,kg,BD-SP2KP,,,,,SP2KP Kemendag: Cabai Merah Besar (Pasar Taba Penanjung)
2026-05-25,PSR92,CRW02,93333,kg,BD-SP2KP,,,,,SP2KP Kemendag: Cabai Rawit Merah (Pasar Panorama)
2026-05-25,PSR92,CRW01,76667,kg,BD-SP2KP,,,,,SP2KP Kemendag: Cabai Rawit Hijau (Pasar Panorama)
2026-05-25,PSR92,BWM01,63333,kg,BD-SP2KP,,,,,SP2KP Kemendag: Bawang Merah (Pasar Panorama)
2026-05-25,PSR92,GLP01,18333,kg,BD-SP2KP,,,,,SP2KP Kemendag: Gula Pasir Curah (Pasar Panorama)
2026-05-25,PSR92,GLP02,19167,kg,BD-SP2KP,,,,,SP2KP Kemendag: Gula Pasir Kemasan (Pasar Panorama)
2026-05-25,PSR92,MGR02,23667,liter,BD-SP2KP,,,,,SP2KP Kemendag: Minyak Goreng Sawit Kemasan Premium (Pasar Panorama)
2026-05-25,PSR92,DSP01,150000,kg,BD-SP2KP,,,,,SP2KP Kemendag: Daging Sapi Paha Belakang (Pasar Panorama)
2026-05-25,PSR92,CMR02,66667,kg,BD-SP2KP,,,,,SP2KP Kemendag: Cabai Merah Keriting (Pasar Panorama)
2026-05-25,PSR92,TLR01,30400,kg,BD-SP2KP,,,,,SP2KP Kemendag: Telur Ayam Ras (Pasar Panorama)
2026-05-25,PSR92,DAY01,38000,kg,BD-SP2KP,,,,,SP2KP Kemendag: Daging Ayam Ras (Pasar Panorama)
2026-05-25,PSR92,BWP01,45000,kg,BD-SP2KP,,,,,SP2KP Kemendag: Bawang Putih Honan (Pasar Panorama)
2026-05-25,PSR92,BRS05,16000,kg,BD-SP2KP,,,,,SP2KP Kemendag: Beras Premium (Pasar Panorama)
2026-05-25,PSR92,BRS03,13750,kg,BD-SP2KP,,,,,SP2KP Kemendag: Beras Medium (Pasar Panorama)
2026-05-25,PSR92,DSP02,150000,kg,BD-SP2KP,,,,,SP2KP Kemendag: Daging Sapi Paha Depan (Pasar Panorama)
2026-05-25,PSR92,CMR01,35000,kg,BD-SP2KP,,,,,SP2KP Kemendag: Cabai Merah Besar (Pasar Panorama)
2026-05-26,PSR91,CRW02,65000,kg,BD-SP2KP,,,,,SP2KP Kemendag: Cabai Rawit Merah (Pasar Kepahiang)
2026-05-26,PSR91,CRW01,60000,kg,BD-SP2KP,,,,,SP2KP Kemendag: Cabai Rawit Hijau (Pasar Kepahiang)
2026-05-26,PSR91,BWM01,45000,kg,BD-SP2KP,,,,,SP2KP Kemendag: Bawang Merah (Pasar Kepahiang)
2026-05-26,PSR91,GLP01,18833,kg,BD-SP2KP,,,,,SP2KP Kemendag: Gula Pasir Curah (Pasar Kepahiang)
2026-05-26,PSR91,GLP02,19000,kg,BD-SP2KP,,,,,SP2KP Kemendag: Gula Pasir Kemasan (Pasar Kepahiang)
2026-05-26,PSR91,MGR02,23000,liter,BD-SP2KP,,,,,SP2KP Kemendag: Minyak Goreng Sawit Kemasan Premium (Pasar Kepahiang)
2026-05-26,PSR91,DSP01,150000,kg,BD-SP2KP,,,,,SP2KP Kemendag: Daging Sapi Paha Belakang (Pasar Kepahiang)
2026-05-26,PSR91,CMR02,60000,kg,BD-SP2KP,,,,,SP2KP Kemendag: Cabai Merah Keriting (Pasar Kepahiang)
2026-05-26,PSR91,TLR01,27000,kg,BD-SP2KP,,,,,SP2KP Kemendag: Telur Ayam Ras (Pasar Kepahiang)
2026-05-26,PSR91,DAY01,40000,kg,BD-SP2KP,,,,,SP2KP Kemendag: Daging Ayam Ras (Pasar Kepahiang)
2026-05-26,PSR91,BWP01,37000,kg,BD-SP2KP,,,,,SP2KP Kemendag: Bawang Putih Honan (Pasar Kepahiang)
2026-05-26,PSR91,BRS05,15400,kg,BD-SP2KP,,,,,SP2KP Kemendag: Beras Premium (Pasar Kepahiang)
2026-05-26,PSR91,BRS03,13750,kg,BD-SP2KP,,,,,SP2KP Kemendag: Beras Medium (Pasar Kepahiang)
2026-05-26,PSR91,DSP02,150000,kg,BD-SP2KP,,,,,SP2KP Kemendag: Daging Sapi Paha Depan (Pasar Kepahiang)
2026-05-26,PSR91,CMR01,55000,kg,BD-SP2KP,,,,,SP2KP Kemendag: Cabai Merah Besar (Pasar Kepahiang)
2026-05-26,PSR01,CRW02,60000,kg,BD-SP2KP,,,,,SP2KP Kemendag: Cabai Rawit Merah (Pasar Taba Penanjung)
2026-05-26,PSR01,CRW01,50000,kg,BD-SP2KP,,,,,SP2KP Kemendag: Cabai Rawit Hijau (Pasar Taba Penanjung)
2026-05-26,PSR01,BWM01,44000,kg,BD-SP2KP,,,,,SP2KP Kemendag: Bawang Merah (Pasar Taba Penanjung)
2026-05-26,PSR01,GLP01,18000,kg,BD-SP2KP,,,,,SP2KP Kemendag: Gula Pasir Curah (Pasar Taba Penanjung)
2026-05-26,PSR01,GLP02,18000,kg,BD-SP2KP,,,,,SP2KP Kemendag: Gula Pasir Kemasan (Pasar Taba Penanjung)
2026-05-26,PSR01,MGR02,23000,liter,BD-SP2KP,,,,,SP2KP Kemendag: Minyak Goreng Sawit Kemasan Premium (Pasar Taba Penanjung)
2026-05-26,PSR01,DSP01,150000,kg,BD-SP2KP,,,,,SP2KP Kemendag: Daging Sapi Paha Belakang (Pasar Taba Penanjung)
2026-05-26,PSR01,CMR02,50000,kg,BD-SP2KP,,,,,SP2KP Kemendag: Cabai Merah Keriting (Pasar Taba Penanjung)
2026-05-26,PSR01,TLR01,26600,kg,BD-SP2KP,,,,,SP2KP Kemendag: Telur Ayam Ras (Pasar Taba Penanjung)
2026-05-26,PSR01,DAY01,33000,kg,BD-SP2KP,,,,,SP2KP Kemendag: Daging Ayam Ras (Pasar Taba Penanjung)
2026-05-26,PSR01,BWP01,30000,kg,BD-SP2KP,,,,,SP2KP Kemendag: Bawang Putih Honan (Pasar Taba Penanjung)
2026-05-26,PSR01,BRS05,16000,kg,BD-SP2KP,,,,,SP2KP Kemendag: Beras Premium (Pasar Taba Penanjung)
2026-05-26,PSR01,BRS03,13750,kg,BD-SP2KP,,,,,SP2KP Kemendag: Beras Medium (Pasar Taba Penanjung)
2026-05-26,PSR01,DSP02,150000,kg,BD-SP2KP,,,,,SP2KP Kemendag: Daging Sapi Paha Depan (Pasar Taba Penanjung)
2026-05-26,PSR01,CMR01,50000,kg,BD-SP2KP,,,,,SP2KP Kemendag: Cabai Merah Besar (Pasar Taba Penanjung)
2026-05-26,PSR92,CRW02,93333,kg,BD-SP2KP,,,,,SP2KP Kemendag: Cabai Rawit Merah (Pasar Panorama)
2026-05-26,PSR92,CRW01,76667,kg,BD-SP2KP,,,,,SP2KP Kemendag: Cabai Rawit Hijau (Pasar Panorama)
2026-05-26,PSR92,BWM01,63333,kg,BD-SP2KP,,,,,SP2KP Kemendag: Bawang Merah (Pasar Panorama)
2026-05-26,PSR92,GLP01,18333,kg,BD-SP2KP,,,,,SP2KP Kemendag: Gula Pasir Curah (Pasar Panorama)
2026-05-26,PSR92,GLP02,19000,kg,BD-SP2KP,,,,,SP2KP Kemendag: Gula Pasir Kemasan (Pasar Panorama)
2026-05-26,PSR92,MGR02,23667,liter,BD-SP2KP,,,,,SP2KP Kemendag: Minyak Goreng Sawit Kemasan Premium (Pasar Panorama)
2026-05-26,PSR92,DSP01,150000,kg,BD-SP2KP,,,,,SP2KP Kemendag: Daging Sapi Paha Belakang (Pasar Panorama)
2026-05-26,PSR92,CMR02,66667,kg,BD-SP2KP,,,,,SP2KP Kemendag: Cabai Merah Keriting (Pasar Panorama)
2026-05-26,PSR92,TLR01,30400,kg,BD-SP2KP,,,,,SP2KP Kemendag: Telur Ayam Ras (Pasar Panorama)
2026-05-26,PSR92,DAY01,38667,kg,BD-SP2KP,,,,,SP2KP Kemendag: Daging Ayam Ras (Pasar Panorama)
2026-05-26,PSR92,BWP01,45000,kg,BD-SP2KP,,,,,SP2KP Kemendag: Bawang Putih Honan (Pasar Panorama)
2026-05-26,PSR92,BRS05,16000,kg,BD-SP2KP,,,,,SP2KP Kemendag: Beras Premium (Pasar Panorama)
2026-05-26,PSR92,BRS03,13750,kg,BD-SP2KP,,,,,SP2KP Kemendag: Beras Medium (Pasar Panorama)
2026-05-26,PSR92,DSP02,150000,kg,BD-SP2KP,,,,,SP2KP Kemendag: Daging Sapi Paha Depan (Pasar Panorama)
2026-05-26,PSR92,CMR01,35000,kg,BD-SP2KP,,,,,SP2KP Kemendag: Cabai Merah Besar (Pasar Panorama)
2026-05-29,PSR91,CRW02,70000,kg,BD-SP2KP,,,,,SP2KP Kemendag: Cabai Rawit Merah (Pasar Kepahiang)
2026-05-29,PSR91,CRW01,70000,kg,BD-SP2KP,,,,,SP2KP Kemendag: Cabai Rawit Hijau (Pasar Kepahiang)
2026-05-29,PSR91,BWM01,45000,kg,BD-SP2KP,,,,,SP2KP Kemendag: Bawang Merah (Pasar Kepahiang)
2026-05-29,PSR91,GLP01,18833,kg,BD-SP2KP,,,,,SP2KP Kemendag: Gula Pasir Curah (Pasar Kepahiang)
2026-05-29,PSR91,GLP02,19000,kg,BD-SP2KP,,,,,SP2KP Kemendag: Gula Pasir Kemasan (Pasar Kepahiang)
2026-05-29,PSR91,MGR02,23000,liter,BD-SP2KP,,,,,SP2KP Kemendag: Minyak Goreng Sawit Kemasan Premium (Pasar Kepahiang)
2026-05-29,PSR91,DSP01,140000,kg,BD-SP2KP,,,,,SP2KP Kemendag: Daging Sapi Paha Belakang (Pasar Kepahiang)
2026-05-29,PSR91,CMR02,70000,kg,BD-SP2KP,,,,,SP2KP Kemendag: Cabai Merah Keriting (Pasar Kepahiang)
2026-05-29,PSR91,TLR01,27000,kg,BD-SP2KP,,,,,SP2KP Kemendag: Telur Ayam Ras (Pasar Kepahiang)
2026-05-29,PSR91,DAY01,40000,kg,BD-SP2KP,,,,,SP2KP Kemendag: Daging Ayam Ras (Pasar Kepahiang)
2026-05-29,PSR91,BWP01,30000,kg,BD-SP2KP,,,,,SP2KP Kemendag: Bawang Putih Honan (Pasar Kepahiang)
2026-05-29,PSR91,BRS05,15400,kg,BD-SP2KP,,,,,SP2KP Kemendag: Beras Premium (Pasar Kepahiang)
2026-05-29,PSR91,BRS03,13750,kg,BD-SP2KP,,,,,SP2KP Kemendag: Beras Medium (Pasar Kepahiang)
2026-05-29,PSR91,DSP02,140000,kg,BD-SP2KP,,,,,SP2KP Kemendag: Daging Sapi Paha Depan (Pasar Kepahiang)
2026-05-29,PSR91,CMR01,68000,kg,BD-SP2KP,,,,,SP2KP Kemendag: Cabai Merah Besar (Pasar Kepahiang)
2026-05-29,PSR01,CRW02,60000,kg,BD-SP2KP,,,,,SP2KP Kemendag: Cabai Rawit Merah (Pasar Taba Penanjung)
2026-05-29,PSR01,CRW01,50000,kg,BD-SP2KP,,,,,SP2KP Kemendag: Cabai Rawit Hijau (Pasar Taba Penanjung)
2026-05-29,PSR01,BWM01,44000,kg,BD-SP2KP,,,,,SP2KP Kemendag: Bawang Merah (Pasar Taba Penanjung)
2026-05-29,PSR01,GLP01,18000,kg,BD-SP2KP,,,,,SP2KP Kemendag: Gula Pasir Curah (Pasar Taba Penanjung)
2026-05-29,PSR01,GLP02,18000,kg,BD-SP2KP,,,,,SP2KP Kemendag: Gula Pasir Kemasan (Pasar Taba Penanjung)
2026-05-29,PSR01,MGR02,23000,liter,BD-SP2KP,,,,,SP2KP Kemendag: Minyak Goreng Sawit Kemasan Premium (Pasar Taba Penanjung)
2026-05-29,PSR01,DSP01,150000,kg,BD-SP2KP,,,,,SP2KP Kemendag: Daging Sapi Paha Belakang (Pasar Taba Penanjung)
2026-05-29,PSR01,CMR02,50000,kg,BD-SP2KP,,,,,SP2KP Kemendag: Cabai Merah Keriting (Pasar Taba Penanjung)
2026-05-29,PSR01,TLR01,26600,kg,BD-SP2KP,,,,,SP2KP Kemendag: Telur Ayam Ras (Pasar Taba Penanjung)
2026-05-29,PSR01,DAY01,33000,kg,BD-SP2KP,,,,,SP2KP Kemendag: Daging Ayam Ras (Pasar Taba Penanjung)
2026-05-29,PSR01,BWP01,30000,kg,BD-SP2KP,,,,,SP2KP Kemendag: Bawang Putih Honan (Pasar Taba Penanjung)
2026-05-29,PSR01,BRS05,16000,kg,BD-SP2KP,,,,,SP2KP Kemendag: Beras Premium (Pasar Taba Penanjung)
2026-05-29,PSR01,BRS03,13750,kg,BD-SP2KP,,,,,SP2KP Kemendag: Beras Medium (Pasar Taba Penanjung)
2026-05-29,PSR01,DSP02,150000,kg,BD-SP2KP,,,,,SP2KP Kemendag: Daging Sapi Paha Depan (Pasar Taba Penanjung)
2026-05-29,PSR01,CMR01,50000,kg,BD-SP2KP,,,,,SP2KP Kemendag: Cabai Merah Besar (Pasar Taba Penanjung)
2026-05-29,PSR92,CRW02,93333,kg,BD-SP2KP,,,,,SP2KP Kemendag: Cabai Rawit Merah (Pasar Panorama)
2026-05-29,PSR92,CRW01,76667,kg,BD-SP2KP,,,,,SP2KP Kemendag: Cabai Rawit Hijau (Pasar Panorama)
2026-05-29,PSR92,BWM01,63333,kg,BD-SP2KP,,,,,SP2KP Kemendag: Bawang Merah (Pasar Panorama)
2026-05-29,PSR92,GLP01,18333,kg,BD-SP2KP,,,,,SP2KP Kemendag: Gula Pasir Curah (Pasar Panorama)
2026-05-29,PSR92,GLP02,19000,kg,BD-SP2KP,,,,,SP2KP Kemendag: Gula Pasir Kemasan (Pasar Panorama)
2026-05-29,PSR92,MGR02,23667,liter,BD-SP2KP,,,,,SP2KP Kemendag: Minyak Goreng Sawit Kemasan Premium (Pasar Panorama)
2026-05-29,PSR92,DSP01,150000,kg,BD-SP2KP,,,,,SP2KP Kemendag: Daging Sapi Paha Belakang (Pasar Panorama)
2026-05-29,PSR92,CMR02,66667,kg,BD-SP2KP,,,,,SP2KP Kemendag: Cabai Merah Keriting (Pasar Panorama)
2026-05-29,PSR92,TLR01,30400,kg,BD-SP2KP,,,,,SP2KP Kemendag: Telur Ayam Ras (Pasar Panorama)
2026-05-29,PSR92,DAY01,38667,kg,BD-SP2KP,,,,,SP2KP Kemendag: Daging Ayam Ras (Pasar Panorama)
2026-05-29,PSR92,BWP01,45000,kg,BD-SP2KP,,,,,SP2KP Kemendag: Bawang Putih Honan (Pasar Panorama)
2026-05-29,PSR92,BRS05,16000,kg,BD-SP2KP,,,,,SP2KP Kemendag: Beras Premium (Pasar Panorama)
2026-05-29,PSR92,BRS03,13750,kg,BD-SP2KP,,,,,SP2KP Kemendag: Beras Medium (Pasar Panorama)
2026-05-29,PSR92,DSP02,150000,kg,BD-SP2KP,,,,,SP2KP Kemendag: Daging Sapi Paha Depan (Pasar Panorama)
2026-05-29,PSR92,CMR01,35000,kg,BD-SP2KP,,,,,SP2KP Kemendag: Cabai Merah Besar (Pasar Panorama)
2026-06-02,PSR91,CRW02,85000,kg,BD-SP2KP,,,,,SP2KP Kemendag: Cabai Rawit Merah (Pasar Kepahiang)
2026-06-02,PSR91,CRW01,75000,kg,BD-SP2KP,,,,,SP2KP Kemendag: Cabai Rawit Hijau (Pasar Kepahiang)
2026-06-02,PSR91,BWM01,48000,kg,BD-SP2KP,,,,,SP2KP Kemendag: Bawang Merah (Pasar Kepahiang)
2026-06-02,PSR91,GLP01,18833,kg,BD-SP2KP,,,,,SP2KP Kemendag: Gula Pasir Curah (Pasar Kepahiang)
2026-06-02,PSR91,GLP02,19000,kg,BD-SP2KP,,,,,SP2KP Kemendag: Gula Pasir Kemasan (Pasar Kepahiang)
2026-06-02,PSR91,MGR02,23000,liter,BD-SP2KP,,,,,SP2KP Kemendag: Minyak Goreng Sawit Kemasan Premium (Pasar Kepahiang)
2026-06-02,PSR91,DSP01,140000,kg,BD-SP2KP,,,,,SP2KP Kemendag: Daging Sapi Paha Belakang (Pasar Kepahiang)
2026-06-02,PSR91,CMR02,40000,kg,BD-SP2KP,,,,,SP2KP Kemendag: Cabai Merah Keriting (Pasar Kepahiang)
2026-06-02,PSR91,TLR01,27000,kg,BD-SP2KP,,,,,SP2KP Kemendag: Telur Ayam Ras (Pasar Kepahiang)
2026-06-02,PSR91,DAY01,40000,kg,BD-SP2KP,,,,,SP2KP Kemendag: Daging Ayam Ras (Pasar Kepahiang)
2026-06-02,PSR91,BWP01,30000,kg,BD-SP2KP,,,,,SP2KP Kemendag: Bawang Putih Honan (Pasar Kepahiang)
2026-06-02,PSR91,BRS05,15400,kg,BD-SP2KP,,,,,SP2KP Kemendag: Beras Premium (Pasar Kepahiang)
2026-06-02,PSR91,BRS03,13750,kg,BD-SP2KP,,,,,SP2KP Kemendag: Beras Medium (Pasar Kepahiang)
2026-06-02,PSR91,DSP02,140000,kg,BD-SP2KP,,,,,SP2KP Kemendag: Daging Sapi Paha Depan (Pasar Kepahiang)
2026-06-02,PSR91,CMR01,40000,kg,BD-SP2KP,,,,,SP2KP Kemendag: Cabai Merah Besar (Pasar Kepahiang)
2026-06-02,PSR01,CRW02,60000,kg,BD-SP2KP,,,,,SP2KP Kemendag: Cabai Rawit Merah (Pasar Taba Penanjung)
2026-06-02,PSR01,CRW01,50000,kg,BD-SP2KP,,,,,SP2KP Kemendag: Cabai Rawit Hijau (Pasar Taba Penanjung)
2026-06-02,PSR01,BWM01,44000,kg,BD-SP2KP,,,,,SP2KP Kemendag: Bawang Merah (Pasar Taba Penanjung)
2026-06-02,PSR01,GLP01,18000,kg,BD-SP2KP,,,,,SP2KP Kemendag: Gula Pasir Curah (Pasar Taba Penanjung)
2026-06-02,PSR01,GLP02,18000,kg,BD-SP2KP,,,,,SP2KP Kemendag: Gula Pasir Kemasan (Pasar Taba Penanjung)
2026-06-02,PSR01,MGR02,23000,liter,BD-SP2KP,,,,,SP2KP Kemendag: Minyak Goreng Sawit Kemasan Premium (Pasar Taba Penanjung)
2026-06-02,PSR01,DSP01,150000,kg,BD-SP2KP,,,,,SP2KP Kemendag: Daging Sapi Paha Belakang (Pasar Taba Penanjung)
2026-06-02,PSR01,CMR02,50000,kg,BD-SP2KP,,,,,SP2KP Kemendag: Cabai Merah Keriting (Pasar Taba Penanjung)
2026-06-02,PSR01,TLR01,26600,kg,BD-SP2KP,,,,,SP2KP Kemendag: Telur Ayam Ras (Pasar Taba Penanjung)
2026-06-02,PSR01,DAY01,33000,kg,BD-SP2KP,,,,,SP2KP Kemendag: Daging Ayam Ras (Pasar Taba Penanjung)
2026-06-02,PSR01,BWP01,30000,kg,BD-SP2KP,,,,,SP2KP Kemendag: Bawang Putih Honan (Pasar Taba Penanjung)
2026-06-02,PSR01,BRS05,16000,kg,BD-SP2KP,,,,,SP2KP Kemendag: Beras Premium (Pasar Taba Penanjung)
2026-06-02,PSR01,BRS03,13750,kg,BD-SP2KP,,,,,SP2KP Kemendag: Beras Medium (Pasar Taba Penanjung)
2026-06-02,PSR01,DSP02,150000,kg,BD-SP2KP,,,,,SP2KP Kemendag: Daging Sapi Paha Depan (Pasar Taba Penanjung)
2026-06-02,PSR01,CMR01,50000,kg,BD-SP2KP,,,,,SP2KP Kemendag: Cabai Merah Besar (Pasar Taba Penanjung)
2026-06-02,PSR92,CRW02,86667,kg,BD-SP2KP,,,,,SP2KP Kemendag: Cabai Rawit Merah (Pasar Panorama)
2026-06-02,PSR92,CRW01,71667,kg,BD-SP2KP,,,,,SP2KP Kemendag: Cabai Rawit Hijau (Pasar Panorama)
2026-06-02,PSR92,BWM01,61667,kg,BD-SP2KP,,,,,SP2KP Kemendag: Bawang Merah (Pasar Panorama)
2026-06-02,PSR92,GLP01,18167,kg,BD-SP2KP,,,,,SP2KP Kemendag: Gula Pasir Curah (Pasar Panorama)
2026-06-02,PSR92,GLP02,19000,kg,BD-SP2KP,,,,,SP2KP Kemendag: Gula Pasir Kemasan (Pasar Panorama)
2026-06-02,PSR92,MGR02,23667,liter,BD-SP2KP,,,,,SP2KP Kemendag: Minyak Goreng Sawit Kemasan Premium (Pasar Panorama)
2026-06-02,PSR92,DSP01,150000,kg,BD-SP2KP,,,,,SP2KP Kemendag: Daging Sapi Paha Belakang (Pasar Panorama)
2026-06-02,PSR92,CMR02,63333,kg,BD-SP2KP,,,,,SP2KP Kemendag: Cabai Merah Keriting (Pasar Panorama)
2026-06-02,PSR92,TLR01,30400,kg,BD-SP2KP,,,,,SP2KP Kemendag: Telur Ayam Ras (Pasar Panorama)
2026-06-02,PSR92,DAY01,37667,kg,BD-SP2KP,,,,,SP2KP Kemendag: Daging Ayam Ras (Pasar Panorama)
2026-06-02,PSR92,BWP01,45000,kg,BD-SP2KP,,,,,SP2KP Kemendag: Bawang Putih Honan (Pasar Panorama)
2026-06-02,PSR92,BRS05,16000,kg,BD-SP2KP,,,,,SP2KP Kemendag: Beras Premium (Pasar Panorama)
2026-06-02,PSR92,BRS03,13750,kg,BD-SP2KP,,,,,SP2KP Kemendag: Beras Medium (Pasar Panorama)
2026-06-02,PSR92,DSP02,150000,kg,BD-SP2KP,,,,,SP2KP Kemendag: Daging Sapi Paha Depan (Pasar Panorama)
2026-06-02,PSR92,CMR01,35000,kg,BD-SP2KP,,,,,SP2KP Kemendag: Cabai Merah Besar (Pasar Panorama)
2026-06-03,PSR91,CRW02,80000,kg,BD-SP2KP,,,,,SP2KP Kemendag: Cabai Rawit Merah (Pasar Kepahiang)
2026-06-03,PSR91,CRW01,70000,kg,BD-SP2KP,,,,,SP2KP Kemendag: Cabai Rawit Hijau (Pasar Kepahiang)
2026-06-03,PSR91,BWM01,48000,kg,BD-SP2KP,,,,,SP2KP Kemendag: Bawang Merah (Pasar Kepahiang)
2026-06-03,PSR91,GLP01,18833,kg,BD-SP2KP,,,,,SP2KP Kemendag: Gula Pasir Curah (Pasar Kepahiang)
2026-06-03,PSR91,GLP02,19000,kg,BD-SP2KP,,,,,SP2KP Kemendag: Gula Pasir Kemasan (Pasar Kepahiang)
2026-06-03,PSR91,MGR02,23000,liter,BD-SP2KP,,,,,SP2KP Kemendag: Minyak Goreng Sawit Kemasan Premium (Pasar Kepahiang)
2026-06-03,PSR91,DSP01,140000,kg,BD-SP2KP,,,,,SP2KP Kemendag: Daging Sapi Paha Belakang (Pasar Kepahiang)
2026-06-03,PSR91,CMR02,35000,kg,BD-SP2KP,,,,,SP2KP Kemendag: Cabai Merah Keriting (Pasar Kepahiang)
2026-06-03,PSR91,TLR01,27700,kg,BD-SP2KP,,,,,SP2KP Kemendag: Telur Ayam Ras (Pasar Kepahiang)
2026-06-03,PSR91,DAY01,40000,kg,BD-SP2KP,,,,,SP2KP Kemendag: Daging Ayam Ras (Pasar Kepahiang)
2026-06-03,PSR91,BWP01,30000,kg,BD-SP2KP,,,,,SP2KP Kemendag: Bawang Putih Honan (Pasar Kepahiang)
2026-06-03,PSR91,BRS05,15400,kg,BD-SP2KP,,,,,SP2KP Kemendag: Beras Premium (Pasar Kepahiang)
2026-06-03,PSR91,BRS03,13750,kg,BD-SP2KP,,,,,SP2KP Kemendag: Beras Medium (Pasar Kepahiang)
2026-06-03,PSR91,DSP02,140000,kg,BD-SP2KP,,,,,SP2KP Kemendag: Daging Sapi Paha Depan (Pasar Kepahiang)
2026-06-03,PSR91,CMR01,35000,kg,BD-SP2KP,,,,,SP2KP Kemendag: Cabai Merah Besar (Pasar Kepahiang)
2026-06-03,PSR01,CRW02,60000,kg,BD-SP2KP,,,,,SP2KP Kemendag: Cabai Rawit Merah (Pasar Taba Penanjung)
2026-06-03,PSR01,CRW01,50000,kg,BD-SP2KP,,,,,SP2KP Kemendag: Cabai Rawit Hijau (Pasar Taba Penanjung)
2026-06-03,PSR01,BWM01,44000,kg,BD-SP2KP,,,,,SP2KP Kemendag: Bawang Merah (Pasar Taba Penanjung)
2026-06-03,PSR01,GLP01,18000,kg,BD-SP2KP,,,,,SP2KP Kemendag: Gula Pasir Curah (Pasar Taba Penanjung)
2026-06-03,PSR01,GLP02,18000,kg,BD-SP2KP,,,,,SP2KP Kemendag: Gula Pasir Kemasan (Pasar Taba Penanjung)
2026-06-03,PSR01,MGR02,23000,liter,BD-SP2KP,,,,,SP2KP Kemendag: Minyak Goreng Sawit Kemasan Premium (Pasar Taba Penanjung)
2026-06-03,PSR01,DSP01,150000,kg,BD-SP2KP,,,,,SP2KP Kemendag: Daging Sapi Paha Belakang (Pasar Taba Penanjung)
2026-06-03,PSR01,CMR02,50000,kg,BD-SP2KP,,,,,SP2KP Kemendag: Cabai Merah Keriting (Pasar Taba Penanjung)
2026-06-03,PSR01,TLR01,26600,kg,BD-SP2KP,,,,,SP2KP Kemendag: Telur Ayam Ras (Pasar Taba Penanjung)
2026-06-03,PSR01,DAY01,33000,kg,BD-SP2KP,,,,,SP2KP Kemendag: Daging Ayam Ras (Pasar Taba Penanjung)
2026-06-03,PSR01,BWP01,30000,kg,BD-SP2KP,,,,,SP2KP Kemendag: Bawang Putih Honan (Pasar Taba Penanjung)
2026-06-03,PSR01,BRS05,16000,kg,BD-SP2KP,,,,,SP2KP Kemendag: Beras Premium (Pasar Taba Penanjung)
2026-06-03,PSR01,BRS03,13750,kg,BD-SP2KP,,,,,SP2KP Kemendag: Beras Medium (Pasar Taba Penanjung)
2026-06-03,PSR01,DSP02,150000,kg,BD-SP2KP,,,,,SP2KP Kemendag: Daging Sapi Paha Depan (Pasar Taba Penanjung)
2026-06-03,PSR01,CMR01,50000,kg,BD-SP2KP,,,,,SP2KP Kemendag: Cabai Merah Besar (Pasar Taba Penanjung)
2026-06-03,PSR92,CRW02,86667,kg,BD-SP2KP,,,,,SP2KP Kemendag: Cabai Rawit Merah (Pasar Panorama)
2026-06-03,PSR92,CRW01,71667,kg,BD-SP2KP,,,,,SP2KP Kemendag: Cabai Rawit Hijau (Pasar Panorama)
2026-06-03,PSR92,BWM01,61667,kg,BD-SP2KP,,,,,SP2KP Kemendag: Bawang Merah (Pasar Panorama)
2026-06-03,PSR92,GLP01,18167,kg,BD-SP2KP,,,,,SP2KP Kemendag: Gula Pasir Curah (Pasar Panorama)
2026-06-03,PSR92,GLP02,19000,kg,BD-SP2KP,,,,,SP2KP Kemendag: Gula Pasir Kemasan (Pasar Panorama)
2026-06-03,PSR92,MGR02,23667,liter,BD-SP2KP,,,,,SP2KP Kemendag: Minyak Goreng Sawit Kemasan Premium (Pasar Panorama)
2026-06-03,PSR92,DSP01,150000,kg,BD-SP2KP,,,,,SP2KP Kemendag: Daging Sapi Paha Belakang (Pasar Panorama)
2026-06-03,PSR92,CMR02,63333,kg,BD-SP2KP,,,,,SP2KP Kemendag: Cabai Merah Keriting (Pasar Panorama)
2026-06-03,PSR92,TLR01,30400,kg,BD-SP2KP,,,,,SP2KP Kemendag: Telur Ayam Ras (Pasar Panorama)
2026-06-03,PSR92,DAY01,37667,kg,BD-SP2KP,,,,,SP2KP Kemendag: Daging Ayam Ras (Pasar Panorama)
2026-06-03,PSR92,BWP01,45000,kg,BD-SP2KP,,,,,SP2KP Kemendag: Bawang Putih Honan (Pasar Panorama)
2026-06-03,PSR92,BRS05,16250,kg,BD-SP2KP,,,,,SP2KP Kemendag: Beras Premium (Pasar Panorama)
2026-06-03,PSR92,BRS03,13750,kg,BD-SP2KP,,,,,SP2KP Kemendag: Beras Medium (Pasar Panorama)
2026-06-03,PSR92,DSP02,150000,kg,BD-SP2KP,,,,,SP2KP Kemendag: Daging Sapi Paha Depan (Pasar Panorama)
2026-06-03,PSR92,CMR01,35000,kg,BD-SP2KP,,,,,SP2KP Kemendag: Cabai Merah Besar (Pasar Panorama)
2026-06-04,PSR91,CRW02,80000,kg,BD-SP2KP,,,,,SP2KP Kemendag: Cabai Rawit Merah (Pasar Kepahiang)
2026-06-04,PSR91,CRW01,70000,kg,BD-SP2KP,,,,,SP2KP Kemendag: Cabai Rawit Hijau (Pasar Kepahiang)
2026-06-04,PSR91,BWM01,48000,kg,BD-SP2KP,,,,,SP2KP Kemendag: Bawang Merah (Pasar Kepahiang)
2026-06-04,PSR91,GLP01,18833,kg,BD-SP2KP,,,,,SP2KP Kemendag: Gula Pasir Curah (Pasar Kepahiang)
2026-06-04,PSR91,GLP02,19000,kg,BD-SP2KP,,,,,SP2KP Kemendag: Gula Pasir Kemasan (Pasar Kepahiang)
2026-06-04,PSR91,MGR02,23000,liter,BD-SP2KP,,,,,SP2KP Kemendag: Minyak Goreng Sawit Kemasan Premium (Pasar Kepahiang)
2026-06-04,PSR91,DSP01,140000,kg,BD-SP2KP,,,,,SP2KP Kemendag: Daging Sapi Paha Belakang (Pasar Kepahiang)
2026-06-04,PSR91,CMR02,35000,kg,BD-SP2KP,,,,,SP2KP Kemendag: Cabai Merah Keriting (Pasar Kepahiang)
2026-06-04,PSR91,TLR01,27700,kg,BD-SP2KP,,,,,SP2KP Kemendag: Telur Ayam Ras (Pasar Kepahiang)
2026-06-04,PSR91,DAY01,40000,kg,BD-SP2KP,,,,,SP2KP Kemendag: Daging Ayam Ras (Pasar Kepahiang)
2026-06-04,PSR91,BWP01,30000,kg,BD-SP2KP,,,,,SP2KP Kemendag: Bawang Putih Honan (Pasar Kepahiang)
2026-06-04,PSR91,BRS05,15400,kg,BD-SP2KP,,,,,SP2KP Kemendag: Beras Premium (Pasar Kepahiang)
2026-06-04,PSR91,BRS03,13750,kg,BD-SP2KP,,,,,SP2KP Kemendag: Beras Medium (Pasar Kepahiang)
2026-06-04,PSR91,DSP02,140000,kg,BD-SP2KP,,,,,SP2KP Kemendag: Daging Sapi Paha Depan (Pasar Kepahiang)
2026-06-04,PSR91,CMR01,35000,kg,BD-SP2KP,,,,,SP2KP Kemendag: Cabai Merah Besar (Pasar Kepahiang)
2026-06-04,PSR01,CRW02,60000,kg,BD-SP2KP,,,,,SP2KP Kemendag: Cabai Rawit Merah (Pasar Taba Penanjung)
2026-06-04,PSR01,CRW01,55000,kg,BD-SP2KP,,,,,SP2KP Kemendag: Cabai Rawit Hijau (Pasar Taba Penanjung)
2026-06-04,PSR01,BWM01,48000,kg,BD-SP2KP,,,,,SP2KP Kemendag: Bawang Merah (Pasar Taba Penanjung)
2026-06-04,PSR01,GLP01,18000,kg,BD-SP2KP,,,,,SP2KP Kemendag: Gula Pasir Curah (Pasar Taba Penanjung)
2026-06-04,PSR01,GLP02,18000,kg,BD-SP2KP,,,,,SP2KP Kemendag: Gula Pasir Kemasan (Pasar Taba Penanjung)
2026-06-04,PSR01,MGR02,23000,liter,BD-SP2KP,,,,,SP2KP Kemendag: Minyak Goreng Sawit Kemasan Premium (Pasar Taba Penanjung)
2026-06-04,PSR01,DSP01,150000,kg,BD-SP2KP,,,,,SP2KP Kemendag: Daging Sapi Paha Belakang (Pasar Taba Penanjung)
2026-06-04,PSR01,CMR02,50000,kg,BD-SP2KP,,,,,SP2KP Kemendag: Cabai Merah Keriting (Pasar Taba Penanjung)
2026-06-04,PSR01,TLR01,26600,kg,BD-SP2KP,,,,,SP2KP Kemendag: Telur Ayam Ras (Pasar Taba Penanjung)
2026-06-04,PSR01,DAY01,33000,kg,BD-SP2KP,,,,,SP2KP Kemendag: Daging Ayam Ras (Pasar Taba Penanjung)
2026-06-04,PSR01,BWP01,30000,kg,BD-SP2KP,,,,,SP2KP Kemendag: Bawang Putih Honan (Pasar Taba Penanjung)
2026-06-04,PSR01,BRS05,16000,kg,BD-SP2KP,,,,,SP2KP Kemendag: Beras Premium (Pasar Taba Penanjung)
2026-06-04,PSR01,BRS03,13750,kg,BD-SP2KP,,,,,SP2KP Kemendag: Beras Medium (Pasar Taba Penanjung)
2026-06-04,PSR01,DSP02,150000,kg,BD-SP2KP,,,,,SP2KP Kemendag: Daging Sapi Paha Depan (Pasar Taba Penanjung)
2026-06-04,PSR01,CMR01,50000,kg,BD-SP2KP,,,,,SP2KP Kemendag: Cabai Merah Besar (Pasar Taba Penanjung)
2026-06-04,PSR92,CRW02,86667,kg,BD-SP2KP,,,,,SP2KP Kemendag: Cabai Rawit Merah (Pasar Panorama)
2026-06-04,PSR92,CRW01,71667,kg,BD-SP2KP,,,,,SP2KP Kemendag: Cabai Rawit Hijau (Pasar Panorama)
2026-06-04,PSR92,BWM01,61667,kg,BD-SP2KP,,,,,SP2KP Kemendag: Bawang Merah (Pasar Panorama)
2026-06-04,PSR92,GLP01,18167,kg,BD-SP2KP,,,,,SP2KP Kemendag: Gula Pasir Curah (Pasar Panorama)
2026-06-04,PSR92,GLP02,19000,kg,BD-SP2KP,,,,,SP2KP Kemendag: Gula Pasir Kemasan (Pasar Panorama)
2026-06-04,PSR92,MGR02,23667,liter,BD-SP2KP,,,,,SP2KP Kemendag: Minyak Goreng Sawit Kemasan Premium (Pasar Panorama)
2026-06-04,PSR92,DSP01,150000,kg,BD-SP2KP,,,,,SP2KP Kemendag: Daging Sapi Paha Belakang (Pasar Panorama)
2026-06-04,PSR92,CMR02,66667,kg,BD-SP2KP,,,,,SP2KP Kemendag: Cabai Merah Keriting (Pasar Panorama)
2026-06-04,PSR92,TLR01,30400,kg,BD-SP2KP,,,,,SP2KP Kemendag: Telur Ayam Ras (Pasar Panorama)
2026-06-04,PSR92,DAY01,37333,kg,BD-SP2KP,,,,,SP2KP Kemendag: Daging Ayam Ras (Pasar Panorama)
2026-06-04,PSR92,BWP01,45000,kg,BD-SP2KP,,,,,SP2KP Kemendag: Bawang Putih Honan (Pasar Panorama)
2026-06-04,PSR92,BRS05,16250,kg,BD-SP2KP,,,,,SP2KP Kemendag: Beras Premium (Pasar Panorama)
2026-06-04,PSR92,BRS03,14250,kg,BD-SP2KP,,,,,SP2KP Kemendag: Beras Medium (Pasar Panorama)
2026-06-04,PSR92,DSP02,150000,kg,BD-SP2KP,,,,,SP2KP Kemendag: Daging Sapi Paha Depan (Pasar Panorama)
2026-06-04,PSR92,CMR01,35000,kg,BD-SP2KP,,,,,SP2KP Kemendag: Cabai Merah Besar (Pasar Panorama)
2026-06-05,PSR91,CRW02,80000,kg,BD-SP2KP,,,,,SP2KP Kemendag: Cabai Rawit Merah (Pasar Kepahiang)
2026-06-05,PSR91,CRW01,70000,kg,BD-SP2KP,,,,,SP2KP Kemendag: Cabai Rawit Hijau (Pasar Kepahiang)
2026-06-05,PSR91,BWM01,48000,kg,BD-SP2KP,,,,,SP2KP Kemendag: Bawang Merah (Pasar Kepahiang)
2026-06-05,PSR91,GLP01,18833,kg,BD-SP2KP,,,,,SP2KP Kemendag: Gula Pasir Curah (Pasar Kepahiang)
2026-06-05,PSR91,GLP02,19000,kg,BD-SP2KP,,,,,SP2KP Kemendag: Gula Pasir Kemasan (Pasar Kepahiang)
2026-06-05,PSR91,MGR02,23000,liter,BD-SP2KP,,,,,SP2KP Kemendag: Minyak Goreng Sawit Kemasan Premium (Pasar Kepahiang)
2026-06-05,PSR91,DSP01,140000,kg,BD-SP2KP,,,,,SP2KP Kemendag: Daging Sapi Paha Belakang (Pasar Kepahiang)
2026-06-05,PSR91,CMR02,35000,kg,BD-SP2KP,,,,,SP2KP Kemendag: Cabai Merah Keriting (Pasar Kepahiang)
2026-06-05,PSR91,TLR01,27700,kg,BD-SP2KP,,,,,SP2KP Kemendag: Telur Ayam Ras (Pasar Kepahiang)
2026-06-05,PSR91,DAY01,40000,kg,BD-SP2KP,,,,,SP2KP Kemendag: Daging Ayam Ras (Pasar Kepahiang)
2026-06-05,PSR91,BWP01,30000,kg,BD-SP2KP,,,,,SP2KP Kemendag: Bawang Putih Honan (Pasar Kepahiang)
2026-06-05,PSR91,BRS05,15400,kg,BD-SP2KP,,,,,SP2KP Kemendag: Beras Premium (Pasar Kepahiang)
2026-06-05,PSR91,BRS03,13750,kg,BD-SP2KP,,,,,SP2KP Kemendag: Beras Medium (Pasar Kepahiang)
2026-06-05,PSR91,DSP02,140000,kg,BD-SP2KP,,,,,SP2KP Kemendag: Daging Sapi Paha Depan (Pasar Kepahiang)
2026-06-05,PSR91,CMR01,35000,kg,BD-SP2KP,,,,,SP2KP Kemendag: Cabai Merah Besar (Pasar Kepahiang)
2026-06-05,PSR01,CRW02,60000,kg,BD-SP2KP,,,,,SP2KP Kemendag: Cabai Rawit Merah (Pasar Taba Penanjung)
2026-06-05,PSR01,CRW01,55000,kg,BD-SP2KP,,,,,SP2KP Kemendag: Cabai Rawit Hijau (Pasar Taba Penanjung)
2026-06-05,PSR01,BWM01,48000,kg,BD-SP2KP,,,,,SP2KP Kemendag: Bawang Merah (Pasar Taba Penanjung)
2026-06-05,PSR01,GLP01,18000,kg,BD-SP2KP,,,,,SP2KP Kemendag: Gula Pasir Curah (Pasar Taba Penanjung)
2026-06-05,PSR01,GLP02,18000,kg,BD-SP2KP,,,,,SP2KP Kemendag: Gula Pasir Kemasan (Pasar Taba Penanjung)
2026-06-05,PSR01,MGR02,23000,liter,BD-SP2KP,,,,,SP2KP Kemendag: Minyak Goreng Sawit Kemasan Premium (Pasar Taba Penanjung)
2026-06-05,PSR01,DSP01,150000,kg,BD-SP2KP,,,,,SP2KP Kemendag: Daging Sapi Paha Belakang (Pasar Taba Penanjung)
2026-06-05,PSR01,CMR02,50000,kg,BD-SP2KP,,,,,SP2KP Kemendag: Cabai Merah Keriting (Pasar Taba Penanjung)
2026-06-05,PSR01,TLR01,26600,kg,BD-SP2KP,,,,,SP2KP Kemendag: Telur Ayam Ras (Pasar Taba Penanjung)
2026-06-05,PSR01,DAY01,33000,kg,BD-SP2KP,,,,,SP2KP Kemendag: Daging Ayam Ras (Pasar Taba Penanjung)
2026-06-05,PSR01,BWP01,30000,kg,BD-SP2KP,,,,,SP2KP Kemendag: Bawang Putih Honan (Pasar Taba Penanjung)
2026-06-05,PSR01,BRS05,16000,kg,BD-SP2KP,,,,,SP2KP Kemendag: Beras Premium (Pasar Taba Penanjung)
2026-06-05,PSR01,BRS03,13750,kg,BD-SP2KP,,,,,SP2KP Kemendag: Beras Medium (Pasar Taba Penanjung)
2026-06-05,PSR01,DSP02,150000,kg,BD-SP2KP,,,,,SP2KP Kemendag: Daging Sapi Paha Depan (Pasar Taba Penanjung)
2026-06-05,PSR01,CMR01,50000,kg,BD-SP2KP,,,,,SP2KP Kemendag: Cabai Merah Besar (Pasar Taba Penanjung)
2026-06-05,PSR92,CRW02,86667,kg,BD-SP2KP,,,,,SP2KP Kemendag: Cabai Rawit Merah (Pasar Panorama)
2026-06-05,PSR92,CRW01,71667,kg,BD-SP2KP,,,,,SP2KP Kemendag: Cabai Rawit Hijau (Pasar Panorama)
2026-06-05,PSR92,BWM01,61667,kg,BD-SP2KP,,,,,SP2KP Kemendag: Bawang Merah (Pasar Panorama)
2026-06-05,PSR92,GLP01,18000,kg,BD-SP2KP,,,,,SP2KP Kemendag: Gula Pasir Curah (Pasar Panorama)
2026-06-05,PSR92,GLP02,19000,kg,BD-SP2KP,,,,,SP2KP Kemendag: Gula Pasir Kemasan (Pasar Panorama)
2026-06-05,PSR92,MGR02,23667,liter,BD-SP2KP,,,,,SP2KP Kemendag: Minyak Goreng Sawit Kemasan Premium (Pasar Panorama)
2026-06-05,PSR92,DSP01,150000,kg,BD-SP2KP,,,,,SP2KP Kemendag: Daging Sapi Paha Belakang (Pasar Panorama)
2026-06-05,PSR92,CMR02,70000,kg,BD-SP2KP,,,,,SP2KP Kemendag: Cabai Merah Keriting (Pasar Panorama)
2026-06-05,PSR92,TLR01,30400,kg,BD-SP2KP,,,,,SP2KP Kemendag: Telur Ayam Ras (Pasar Panorama)
2026-06-05,PSR92,DAY01,37333,kg,BD-SP2KP,,,,,SP2KP Kemendag: Daging Ayam Ras (Pasar Panorama)
2026-06-05,PSR92,BWP01,45000,kg,BD-SP2KP,,,,,SP2KP Kemendag: Bawang Putih Honan (Pasar Panorama)
2026-06-05,PSR92,BRS05,16250,kg,BD-SP2KP,,,,,SP2KP Kemendag: Beras Premium (Pasar Panorama)
2026-06-05,PSR92,BRS03,14250,kg,BD-SP2KP,,,,,SP2KP Kemendag: Beras Medium (Pasar Panorama)
2026-06-05,PSR92,DSP02,150000,kg,BD-SP2KP,,,,,SP2KP Kemendag: Daging Sapi Paha Depan (Pasar Panorama)
2026-06-05,PSR92,CMR01,35000,kg,BD-SP2KP,,,,,SP2KP Kemendag: Cabai Merah Besar (Pasar Panorama)
2026-06-08,PSR91,CRW02,80000,kg,BD-SP2KP,,,,,SP2KP Kemendag: Cabai Rawit Merah (Pasar Kepahiang)
2026-06-08,PSR91,CRW01,60000,kg,BD-SP2KP,,,,,SP2KP Kemendag: Cabai Rawit Hijau (Pasar Kepahiang)
2026-06-08,PSR91,BWM01,48000,kg,BD-SP2KP,,,,,SP2KP Kemendag: Bawang Merah (Pasar Kepahiang)
2026-06-08,PSR91,GLP01,18833,kg,BD-SP2KP,,,,,SP2KP Kemendag: Gula Pasir Curah (Pasar Kepahiang)
2026-06-08,PSR91,GLP02,19000,kg,BD-SP2KP,,,,,SP2KP Kemendag: Gula Pasir Kemasan (Pasar Kepahiang)
2026-06-08,PSR91,MGR02,23000,liter,BD-SP2KP,,,,,SP2KP Kemendag: Minyak Goreng Sawit Kemasan Premium (Pasar Kepahiang)
2026-06-08,PSR91,DSP01,140000,kg,BD-SP2KP,,,,,SP2KP Kemendag: Daging Sapi Paha Belakang (Pasar Kepahiang)
2026-06-08,PSR91,CMR02,50000,kg,BD-SP2KP,,,,,SP2KP Kemendag: Cabai Merah Keriting (Pasar Kepahiang)
2026-06-08,PSR91,TLR01,27700,kg,BD-SP2KP,,,,,SP2KP Kemendag: Telur Ayam Ras (Pasar Kepahiang)
2026-06-08,PSR91,DAY01,40000,kg,BD-SP2KP,,,,,SP2KP Kemendag: Daging Ayam Ras (Pasar Kepahiang)
2026-06-08,PSR91,BWP01,38000,kg,BD-SP2KP,,,,,SP2KP Kemendag: Bawang Putih Honan (Pasar Kepahiang)
2026-06-08,PSR91,BRS05,15400,kg,BD-SP2KP,,,,,SP2KP Kemendag: Beras Premium (Pasar Kepahiang)
2026-06-08,PSR91,BRS03,13750,kg,BD-SP2KP,,,,,SP2KP Kemendag: Beras Medium (Pasar Kepahiang)
2026-06-08,PSR91,DSP02,140000,kg,BD-SP2KP,,,,,SP2KP Kemendag: Daging Sapi Paha Depan (Pasar Kepahiang)
2026-06-08,PSR91,CMR01,45000,kg,BD-SP2KP,,,,,SP2KP Kemendag: Cabai Merah Besar (Pasar Kepahiang)
2026-06-08,PSR01,CRW02,60000,kg,BD-SP2KP,,,,,SP2KP Kemendag: Cabai Rawit Merah (Pasar Taba Penanjung)
2026-06-08,PSR01,CRW01,55000,kg,BD-SP2KP,,,,,SP2KP Kemendag: Cabai Rawit Hijau (Pasar Taba Penanjung)
2026-06-08,PSR01,BWM01,48000,kg,BD-SP2KP,,,,,SP2KP Kemendag: Bawang Merah (Pasar Taba Penanjung)
2026-06-08,PSR01,GLP01,18000,kg,BD-SP2KP,,,,,SP2KP Kemendag: Gula Pasir Curah (Pasar Taba Penanjung)
2026-06-08,PSR01,GLP02,18000,kg,BD-SP2KP,,,,,SP2KP Kemendag: Gula Pasir Kemasan (Pasar Taba Penanjung)
2026-06-08,PSR01,MGR02,23000,liter,BD-SP2KP,,,,,SP2KP Kemendag: Minyak Goreng Sawit Kemasan Premium (Pasar Taba Penanjung)
2026-06-08,PSR01,DSP01,150000,kg,BD-SP2KP,,,,,SP2KP Kemendag: Daging Sapi Paha Belakang (Pasar Taba Penanjung)
2026-06-08,PSR01,CMR02,50000,kg,BD-SP2KP,,,,,SP2KP Kemendag: Cabai Merah Keriting (Pasar Taba Penanjung)
2026-06-08,PSR01,TLR01,26600,kg,BD-SP2KP,,,,,SP2KP Kemendag: Telur Ayam Ras (Pasar Taba Penanjung)
2026-06-08,PSR01,DAY01,33000,kg,BD-SP2KP,,,,,SP2KP Kemendag: Daging Ayam Ras (Pasar Taba Penanjung)
2026-06-08,PSR01,BWP01,30000,kg,BD-SP2KP,,,,,SP2KP Kemendag: Bawang Putih Honan (Pasar Taba Penanjung)
2026-06-08,PSR01,BRS05,16000,kg,BD-SP2KP,,,,,SP2KP Kemendag: Beras Premium (Pasar Taba Penanjung)
2026-06-08,PSR01,BRS03,13750,kg,BD-SP2KP,,,,,SP2KP Kemendag: Beras Medium (Pasar Taba Penanjung)
2026-06-08,PSR01,DSP02,150000,kg,BD-SP2KP,,,,,SP2KP Kemendag: Daging Sapi Paha Depan (Pasar Taba Penanjung)
2026-06-08,PSR01,CMR01,50000,kg,BD-SP2KP,,,,,SP2KP Kemendag: Cabai Merah Besar (Pasar Taba Penanjung)
2026-06-08,PSR92,CRW02,91667,kg,BD-SP2KP,,,,,SP2KP Kemendag: Cabai Rawit Merah (Pasar Panorama)
2026-06-08,PSR92,CRW01,75000,kg,BD-SP2KP,,,,,SP2KP Kemendag: Cabai Rawit Hijau (Pasar Panorama)
2026-06-08,PSR92,BWM01,66667,kg,BD-SP2KP,,,,,SP2KP Kemendag: Bawang Merah (Pasar Panorama)
2026-06-08,PSR92,GLP01,18000,kg,BD-SP2KP,,,,,SP2KP Kemendag: Gula Pasir Curah (Pasar Panorama)
2026-06-08,PSR92,GLP02,19000,kg,BD-SP2KP,,,,,SP2KP Kemendag: Gula Pasir Kemasan (Pasar Panorama)
2026-06-08,PSR92,MGR02,23667,liter,BD-SP2KP,,,,,SP2KP Kemendag: Minyak Goreng Sawit Kemasan Premium (Pasar Panorama)
2026-06-08,PSR92,DSP01,150000,kg,BD-SP2KP,,,,,SP2KP Kemendag: Daging Sapi Paha Belakang (Pasar Panorama)
2026-06-08,PSR92,CMR02,70000,kg,BD-SP2KP,,,,,SP2KP Kemendag: Cabai Merah Keriting (Pasar Panorama)
2026-06-08,PSR92,TLR01,30400,kg,BD-SP2KP,,,,,SP2KP Kemendag: Telur Ayam Ras (Pasar Panorama)
2026-06-08,PSR92,DAY01,38000,kg,BD-SP2KP,,,,,SP2KP Kemendag: Daging Ayam Ras (Pasar Panorama)
2026-06-08,PSR92,BWP01,51667,kg,BD-SP2KP,,,,,SP2KP Kemendag: Bawang Putih Honan (Pasar Panorama)
2026-06-08,PSR92,BRS05,16250,kg,BD-SP2KP,,,,,SP2KP Kemendag: Beras Premium (Pasar Panorama)
2026-06-08,PSR92,BRS03,14250,kg,BD-SP2KP,,,,,SP2KP Kemendag: Beras Medium (Pasar Panorama)
2026-06-08,PSR92,DSP02,150000,kg,BD-SP2KP,,,,,SP2KP Kemendag: Daging Sapi Paha Depan (Pasar Panorama)
2026-06-08,PSR92,CMR01,35000,kg,BD-SP2KP,,,,,SP2KP Kemendag: Cabai Merah Besar (Pasar Panorama)
2026-06-09,PSR91,CRW02,80000,kg,BD-SP2KP,,,,,SP2KP Kemendag: Cabai Rawit Merah (Pasar Kepahiang)
2026-06-09,PSR91,CRW01,60000,kg,BD-SP2KP,,,,,SP2KP Kemendag: Cabai Rawit Hijau (Pasar Kepahiang)
2026-06-09,PSR91,BWM01,48000,kg,BD-SP2KP,,,,,SP2KP Kemendag: Bawang Merah (Pasar Kepahiang)
2026-06-09,PSR91,GLP01,18833,kg,BD-SP2KP,,,,,SP2KP Kemendag: Gula Pasir Curah (Pasar Kepahiang)
2026-06-09,PSR91,GLP02,19000,kg,BD-SP2KP,,,,,SP2KP Kemendag: Gula Pasir Kemasan (Pasar Kepahiang)
2026-06-09,PSR91,MGR02,23000,liter,BD-SP2KP,,,,,SP2KP Kemendag: Minyak Goreng Sawit Kemasan Premium (Pasar Kepahiang)
2026-06-09,PSR91,DSP01,140000,kg,BD-SP2KP,,,,,SP2KP Kemendag: Daging Sapi Paha Belakang (Pasar Kepahiang)
2026-06-09,PSR91,CMR02,45000,kg,BD-SP2KP,,,,,SP2KP Kemendag: Cabai Merah Keriting (Pasar Kepahiang)
2026-06-09,PSR91,TLR01,26700,kg,BD-SP2KP,,,,,SP2KP Kemendag: Telur Ayam Ras (Pasar Kepahiang)
2026-06-09,PSR91,DAY01,40000,kg,BD-SP2KP,,,,,SP2KP Kemendag: Daging Ayam Ras (Pasar Kepahiang)
2026-06-09,PSR91,BWP01,38000,kg,BD-SP2KP,,,,,SP2KP Kemendag: Bawang Putih Honan (Pasar Kepahiang)
2026-06-09,PSR91,BRS05,15400,kg,BD-SP2KP,,,,,SP2KP Kemendag: Beras Premium (Pasar Kepahiang)
2026-06-09,PSR91,BRS03,13750,kg,BD-SP2KP,,,,,SP2KP Kemendag: Beras Medium (Pasar Kepahiang)
2026-06-09,PSR91,DSP02,140000,kg,BD-SP2KP,,,,,SP2KP Kemendag: Daging Sapi Paha Depan (Pasar Kepahiang)
2026-06-09,PSR91,CMR01,40000,kg,BD-SP2KP,,,,,SP2KP Kemendag: Cabai Merah Besar (Pasar Kepahiang)
2026-06-09,PSR01,CRW02,60000,kg,BD-SP2KP,,,,,SP2KP Kemendag: Cabai Rawit Merah (Pasar Taba Penanjung)
2026-06-09,PSR01,CRW01,55000,kg,BD-SP2KP,,,,,SP2KP Kemendag: Cabai Rawit Hijau (Pasar Taba Penanjung)
2026-06-09,PSR01,BWM01,48000,kg,BD-SP2KP,,,,,SP2KP Kemendag: Bawang Merah (Pasar Taba Penanjung)
2026-06-09,PSR01,GLP01,18000,kg,BD-SP2KP,,,,,SP2KP Kemendag: Gula Pasir Curah (Pasar Taba Penanjung)
2026-06-09,PSR01,GLP02,18000,kg,BD-SP2KP,,,,,SP2KP Kemendag: Gula Pasir Kemasan (Pasar Taba Penanjung)
2026-06-09,PSR01,MGR02,23000,liter,BD-SP2KP,,,,,SP2KP Kemendag: Minyak Goreng Sawit Kemasan Premium (Pasar Taba Penanjung)
2026-06-09,PSR01,DSP01,150000,kg,BD-SP2KP,,,,,SP2KP Kemendag: Daging Sapi Paha Belakang (Pasar Taba Penanjung)
2026-06-09,PSR01,CMR02,50000,kg,BD-SP2KP,,,,,SP2KP Kemendag: Cabai Merah Keriting (Pasar Taba Penanjung)
2026-06-09,PSR01,TLR01,26600,kg,BD-SP2KP,,,,,SP2KP Kemendag: Telur Ayam Ras (Pasar Taba Penanjung)
2026-06-09,PSR01,DAY01,33000,kg,BD-SP2KP,,,,,SP2KP Kemendag: Daging Ayam Ras (Pasar Taba Penanjung)
2026-06-09,PSR01,BWP01,30000,kg,BD-SP2KP,,,,,SP2KP Kemendag: Bawang Putih Honan (Pasar Taba Penanjung)
2026-06-09,PSR01,BRS05,16000,kg,BD-SP2KP,,,,,SP2KP Kemendag: Beras Premium (Pasar Taba Penanjung)
2026-06-09,PSR01,BRS03,13750,kg,BD-SP2KP,,,,,SP2KP Kemendag: Beras Medium (Pasar Taba Penanjung)
2026-06-09,PSR01,DSP02,150000,kg,BD-SP2KP,,,,,SP2KP Kemendag: Daging Sapi Paha Depan (Pasar Taba Penanjung)
2026-06-09,PSR01,CMR01,50000,kg,BD-SP2KP,,,,,SP2KP Kemendag: Cabai Merah Besar (Pasar Taba Penanjung)
2026-06-09,PSR92,CRW02,91667,kg,BD-SP2KP,,,,,SP2KP Kemendag: Cabai Rawit Merah (Pasar Panorama)
2026-06-09,PSR92,CRW01,75000,kg,BD-SP2KP,,,,,SP2KP Kemendag: Cabai Rawit Hijau (Pasar Panorama)
2026-06-09,PSR92,BWM01,66667,kg,BD-SP2KP,,,,,SP2KP Kemendag: Bawang Merah (Pasar Panorama)
2026-06-09,PSR92,GLP01,18000,kg,BD-SP2KP,,,,,SP2KP Kemendag: Gula Pasir Curah (Pasar Panorama)
2026-06-09,PSR92,GLP02,19000,kg,BD-SP2KP,,,,,SP2KP Kemendag: Gula Pasir Kemasan (Pasar Panorama)
2026-06-09,PSR92,MGR02,23667,liter,BD-SP2KP,,,,,SP2KP Kemendag: Minyak Goreng Sawit Kemasan Premium (Pasar Panorama)
2026-06-09,PSR92,DSP01,150000,kg,BD-SP2KP,,,,,SP2KP Kemendag: Daging Sapi Paha Belakang (Pasar Panorama)
2026-06-09,PSR92,CMR02,70000,kg,BD-SP2KP,,,,,SP2KP Kemendag: Cabai Merah Keriting (Pasar Panorama)
2026-06-09,PSR92,TLR01,30400,kg,BD-SP2KP,,,,,SP2KP Kemendag: Telur Ayam Ras (Pasar Panorama)
2026-06-09,PSR92,DAY01,38000,kg,BD-SP2KP,,,,,SP2KP Kemendag: Daging Ayam Ras (Pasar Panorama)
2026-06-09,PSR92,BWP01,51667,kg,BD-SP2KP,,,,,SP2KP Kemendag: Bawang Putih Honan (Pasar Panorama)
2026-06-09,PSR92,BRS05,16250,kg,BD-SP2KP,,,,,SP2KP Kemendag: Beras Premium (Pasar Panorama)
2026-06-09,PSR92,BRS03,14250,kg,BD-SP2KP,,,,,SP2KP Kemendag: Beras Medium (Pasar Panorama)
2026-06-09,PSR92,DSP02,150000,kg,BD-SP2KP,,,,,SP2KP Kemendag: Daging Sapi Paha Depan (Pasar Panorama)
2026-06-09,PSR92,CMR01,35000,kg,BD-SP2KP,,,,,SP2KP Kemendag: Cabai Merah Besar (Pasar Panorama)
2026-06-10,PSR91,CRW02,75000,kg,BD-SP2KP,,,,,SP2KP Kemendag: Cabai Rawit Merah (Pasar Kepahiang)
2026-06-10,PSR91,CRW01,60000,kg,BD-SP2KP,,,,,SP2KP Kemendag: Cabai Rawit Hijau (Pasar Kepahiang)
2026-06-10,PSR91,BWM01,50000,kg,BD-SP2KP,,,,,SP2KP Kemendag: Bawang Merah (Pasar Kepahiang)
2026-06-10,PSR91,GLP01,18833,kg,BD-SP2KP,,,,,SP2KP Kemendag: Gula Pasir Curah (Pasar Kepahiang)
2026-06-10,PSR91,GLP02,19000,kg,BD-SP2KP,,,,,SP2KP Kemendag: Gula Pasir Kemasan (Pasar Kepahiang)
2026-06-10,PSR91,MGR02,23000,liter,BD-SP2KP,,,,,SP2KP Kemendag: Minyak Goreng Sawit Kemasan Premium (Pasar Kepahiang)
2026-06-10,PSR91,DSP01,140000,kg,BD-SP2KP,,,,,SP2KP Kemendag: Daging Sapi Paha Belakang (Pasar Kepahiang)
2026-06-10,PSR91,CMR02,45000,kg,BD-SP2KP,,,,,SP2KP Kemendag: Cabai Merah Keriting (Pasar Kepahiang)
2026-06-10,PSR91,TLR01,26700,kg,BD-SP2KP,,,,,SP2KP Kemendag: Telur Ayam Ras (Pasar Kepahiang)
2026-06-10,PSR91,DAY01,40000,kg,BD-SP2KP,,,,,SP2KP Kemendag: Daging Ayam Ras (Pasar Kepahiang)
2026-06-10,PSR91,BWP01,38000,kg,BD-SP2KP,,,,,SP2KP Kemendag: Bawang Putih Honan (Pasar Kepahiang)
2026-06-10,PSR91,BRS05,15400,kg,BD-SP2KP,,,,,SP2KP Kemendag: Beras Premium (Pasar Kepahiang)
2026-06-10,PSR91,BRS03,13750,kg,BD-SP2KP,,,,,SP2KP Kemendag: Beras Medium (Pasar Kepahiang)
2026-06-10,PSR91,DSP02,140000,kg,BD-SP2KP,,,,,SP2KP Kemendag: Daging Sapi Paha Depan (Pasar Kepahiang)
2026-06-10,PSR91,CMR01,40000,kg,BD-SP2KP,,,,,SP2KP Kemendag: Cabai Merah Besar (Pasar Kepahiang)
2026-06-10,PSR01,CRW02,60000,kg,BD-SP2KP,,,,,SP2KP Kemendag: Cabai Rawit Merah (Pasar Taba Penanjung)
2026-06-10,PSR01,CRW01,55000,kg,BD-SP2KP,,,,,SP2KP Kemendag: Cabai Rawit Hijau (Pasar Taba Penanjung)
2026-06-10,PSR01,BWM01,48000,kg,BD-SP2KP,,,,,SP2KP Kemendag: Bawang Merah (Pasar Taba Penanjung)
2026-06-10,PSR01,GLP01,18000,kg,BD-SP2KP,,,,,SP2KP Kemendag: Gula Pasir Curah (Pasar Taba Penanjung)
2026-06-10,PSR01,GLP02,18000,kg,BD-SP2KP,,,,,SP2KP Kemendag: Gula Pasir Kemasan (Pasar Taba Penanjung)
2026-06-10,PSR01,MGR02,23000,liter,BD-SP2KP,,,,,SP2KP Kemendag: Minyak Goreng Sawit Kemasan Premium (Pasar Taba Penanjung)
2026-06-10,PSR01,DSP01,150000,kg,BD-SP2KP,,,,,SP2KP Kemendag: Daging Sapi Paha Belakang (Pasar Taba Penanjung)
2026-06-10,PSR01,CMR02,50000,kg,BD-SP2KP,,,,,SP2KP Kemendag: Cabai Merah Keriting (Pasar Taba Penanjung)
2026-06-10,PSR01,TLR01,26600,kg,BD-SP2KP,,,,,SP2KP Kemendag: Telur Ayam Ras (Pasar Taba Penanjung)
2026-06-10,PSR01,DAY01,33000,kg,BD-SP2KP,,,,,SP2KP Kemendag: Daging Ayam Ras (Pasar Taba Penanjung)
2026-06-10,PSR01,BWP01,30000,kg,BD-SP2KP,,,,,SP2KP Kemendag: Bawang Putih Honan (Pasar Taba Penanjung)
2026-06-10,PSR01,BRS05,16000,kg,BD-SP2KP,,,,,SP2KP Kemendag: Beras Premium (Pasar Taba Penanjung)
2026-06-10,PSR01,BRS03,13750,kg,BD-SP2KP,,,,,SP2KP Kemendag: Beras Medium (Pasar Taba Penanjung)
2026-06-10,PSR01,DSP02,150000,kg,BD-SP2KP,,,,,SP2KP Kemendag: Daging Sapi Paha Depan (Pasar Taba Penanjung)
2026-06-10,PSR01,CMR01,50000,kg,BD-SP2KP,,,,,SP2KP Kemendag: Cabai Merah Besar (Pasar Taba Penanjung)
2026-06-10,PSR92,CRW02,91667,kg,BD-SP2KP,,,,,SP2KP Kemendag: Cabai Rawit Merah (Pasar Panorama)
2026-06-10,PSR92,CRW01,75000,kg,BD-SP2KP,,,,,SP2KP Kemendag: Cabai Rawit Hijau (Pasar Panorama)
2026-06-10,PSR92,BWM01,66667,kg,BD-SP2KP,,,,,SP2KP Kemendag: Bawang Merah (Pasar Panorama)
2026-06-10,PSR92,GLP01,18000,kg,BD-SP2KP,,,,,SP2KP Kemendag: Gula Pasir Curah (Pasar Panorama)
2026-06-10,PSR92,GLP02,19000,kg,BD-SP2KP,,,,,SP2KP Kemendag: Gula Pasir Kemasan (Pasar Panorama)
2026-06-10,PSR92,MGR02,23667,liter,BD-SP2KP,,,,,SP2KP Kemendag: Minyak Goreng Sawit Kemasan Premium (Pasar Panorama)
2026-06-10,PSR92,DSP01,150000,kg,BD-SP2KP,,,,,SP2KP Kemendag: Daging Sapi Paha Belakang (Pasar Panorama)
2026-06-10,PSR92,CMR02,70000,kg,BD-SP2KP,,,,,SP2KP Kemendag: Cabai Merah Keriting (Pasar Panorama)
2026-06-10,PSR92,TLR01,30400,kg,BD-SP2KP,,,,,SP2KP Kemendag: Telur Ayam Ras (Pasar Panorama)
2026-06-10,PSR92,DAY01,38000,kg,BD-SP2KP,,,,,SP2KP Kemendag: Daging Ayam Ras (Pasar Panorama)
2026-06-10,PSR92,BWP01,51667,kg,BD-SP2KP,,,,,SP2KP Kemendag: Bawang Putih Honan (Pasar Panorama)
2026-06-10,PSR92,BRS05,16250,kg,BD-SP2KP,,,,,SP2KP Kemendag: Beras Premium (Pasar Panorama)
2026-06-10,PSR92,BRS03,14250,kg,BD-SP2KP,,,,,SP2KP Kemendag: Beras Medium (Pasar Panorama)
2026-06-10,PSR92,DSP02,150000,kg,BD-SP2KP,,,,,SP2KP Kemendag: Daging Sapi Paha Depan (Pasar Panorama)
2026-06-10,PSR92,CMR01,35000,kg,BD-SP2KP,,,,,SP2KP Kemendag: Cabai Merah Besar (Pasar Panorama)
2026-06-11,PSR91,CRW02,75000,kg,BD-SP2KP,,,,,SP2KP Kemendag: Cabai Rawit Merah (Pasar Kepahiang)
2026-06-11,PSR91,CRW01,60000,kg,BD-SP2KP,,,,,SP2KP Kemendag: Cabai Rawit Hijau (Pasar Kepahiang)
2026-06-11,PSR91,BWM01,50000,kg,BD-SP2KP,,,,,SP2KP Kemendag: Bawang Merah (Pasar Kepahiang)
2026-06-11,PSR91,GLP01,18833,kg,BD-SP2KP,,,,,SP2KP Kemendag: Gula Pasir Curah (Pasar Kepahiang)
2026-06-11,PSR91,GLP02,19000,kg,BD-SP2KP,,,,,SP2KP Kemendag: Gula Pasir Kemasan (Pasar Kepahiang)
2026-06-11,PSR91,MGR02,23000,liter,BD-SP2KP,,,,,SP2KP Kemendag: Minyak Goreng Sawit Kemasan Premium (Pasar Kepahiang)
2026-06-11,PSR91,DSP01,140000,kg,BD-SP2KP,,,,,SP2KP Kemendag: Daging Sapi Paha Belakang (Pasar Kepahiang)
2026-06-11,PSR91,CMR02,45000,kg,BD-SP2KP,,,,,SP2KP Kemendag: Cabai Merah Keriting (Pasar Kepahiang)
2026-06-11,PSR91,TLR01,26700,kg,BD-SP2KP,,,,,SP2KP Kemendag: Telur Ayam Ras (Pasar Kepahiang)
2026-06-11,PSR91,DAY01,40000,kg,BD-SP2KP,,,,,SP2KP Kemendag: Daging Ayam Ras (Pasar Kepahiang)
2026-06-11,PSR91,BWP01,38000,kg,BD-SP2KP,,,,,SP2KP Kemendag: Bawang Putih Honan (Pasar Kepahiang)
2026-06-11,PSR91,BRS05,15400,kg,BD-SP2KP,,,,,SP2KP Kemendag: Beras Premium (Pasar Kepahiang)
2026-06-11,PSR91,BRS03,13750,kg,BD-SP2KP,,,,,SP2KP Kemendag: Beras Medium (Pasar Kepahiang)
2026-06-11,PSR91,DSP02,140000,kg,BD-SP2KP,,,,,SP2KP Kemendag: Daging Sapi Paha Depan (Pasar Kepahiang)
2026-06-11,PSR91,CMR01,40000,kg,BD-SP2KP,,,,,SP2KP Kemendag: Cabai Merah Besar (Pasar Kepahiang)
2026-06-11,PSR01,CRW02,60000,kg,BD-SP2KP,,,,,SP2KP Kemendag: Cabai Rawit Merah (Pasar Taba Penanjung)
2026-06-11,PSR01,CRW01,50000,kg,BD-SP2KP,,,,,SP2KP Kemendag: Cabai Rawit Hijau (Pasar Taba Penanjung)
2026-06-11,PSR01,BWM01,44000,kg,BD-SP2KP,,,,,SP2KP Kemendag: Bawang Merah (Pasar Taba Penanjung)
2026-06-11,PSR01,GLP01,18000,kg,BD-SP2KP,,,,,SP2KP Kemendag: Gula Pasir Curah (Pasar Taba Penanjung)
2026-06-11,PSR01,GLP02,18000,kg,BD-SP2KP,,,,,SP2KP Kemendag: Gula Pasir Kemasan (Pasar Taba Penanjung)
2026-06-11,PSR01,MGR02,23000,liter,BD-SP2KP,,,,,SP2KP Kemendag: Minyak Goreng Sawit Kemasan Premium (Pasar Taba Penanjung)
2026-06-11,PSR01,DSP01,150000,kg,BD-SP2KP,,,,,SP2KP Kemendag: Daging Sapi Paha Belakang (Pasar Taba Penanjung)
2026-06-11,PSR01,CMR02,50000,kg,BD-SP2KP,,,,,SP2KP Kemendag: Cabai Merah Keriting (Pasar Taba Penanjung)
2026-06-11,PSR01,TLR01,26600,kg,BD-SP2KP,,,,,SP2KP Kemendag: Telur Ayam Ras (Pasar Taba Penanjung)
2026-06-11,PSR01,DAY01,33000,kg,BD-SP2KP,,,,,SP2KP Kemendag: Daging Ayam Ras (Pasar Taba Penanjung)
2026-06-11,PSR01,BWP01,38000,kg,BD-SP2KP,,,,,SP2KP Kemendag: Bawang Putih Honan (Pasar Taba Penanjung)
2026-06-11,PSR01,BRS05,16000,kg,BD-SP2KP,,,,,SP2KP Kemendag: Beras Premium (Pasar Taba Penanjung)
2026-06-11,PSR01,BRS03,13750,kg,BD-SP2KP,,,,,SP2KP Kemendag: Beras Medium (Pasar Taba Penanjung)
2026-06-11,PSR01,DSP02,150000,kg,BD-SP2KP,,,,,SP2KP Kemendag: Daging Sapi Paha Depan (Pasar Taba Penanjung)
2026-06-11,PSR01,CMR01,50000,kg,BD-SP2KP,,,,,SP2KP Kemendag: Cabai Merah Besar (Pasar Taba Penanjung)
2026-06-11,PSR92,CRW02,91667,kg,BD-SP2KP,,,,,SP2KP Kemendag: Cabai Rawit Merah (Pasar Panorama)
2026-06-11,PSR92,CRW01,75000,kg,BD-SP2KP,,,,,SP2KP Kemendag: Cabai Rawit Hijau (Pasar Panorama)
2026-06-11,PSR92,BWM01,66667,kg,BD-SP2KP,,,,,SP2KP Kemendag: Bawang Merah (Pasar Panorama)
2026-06-11,PSR92,GLP01,18000,kg,BD-SP2KP,,,,,SP2KP Kemendag: Gula Pasir Curah (Pasar Panorama)
2026-06-11,PSR92,GLP02,19000,kg,BD-SP2KP,,,,,SP2KP Kemendag: Gula Pasir Kemasan (Pasar Panorama)
2026-06-11,PSR92,MGR02,23667,liter,BD-SP2KP,,,,,SP2KP Kemendag: Minyak Goreng Sawit Kemasan Premium (Pasar Panorama)
2026-06-11,PSR92,DSP01,150000,kg,BD-SP2KP,,,,,SP2KP Kemendag: Daging Sapi Paha Belakang (Pasar Panorama)
2026-06-11,PSR92,CMR02,70000,kg,BD-SP2KP,,,,,SP2KP Kemendag: Cabai Merah Keriting (Pasar Panorama)
2026-06-11,PSR92,TLR01,30400,kg,BD-SP2KP,,,,,SP2KP Kemendag: Telur Ayam Ras (Pasar Panorama)
2026-06-11,PSR92,DAY01,38000,kg,BD-SP2KP,,,,,SP2KP Kemendag: Daging Ayam Ras (Pasar Panorama)
2026-06-11,PSR92,BWP01,51667,kg,BD-SP2KP,,,,,SP2KP Kemendag: Bawang Putih Honan (Pasar Panorama)
2026-06-11,PSR92,BRS05,16250,kg,BD-SP2KP,,,,,SP2KP Kemendag: Beras Premium (Pasar Panorama)
2026-06-11,PSR92,BRS03,14250,kg,BD-SP2KP,,,,,SP2KP Kemendag: Beras Medium (Pasar Panorama)
2026-06-11,PSR92,DSP02,150000,kg,BD-SP2KP,,,,,SP2KP Kemendag: Daging Sapi Paha Depan (Pasar Panorama)
2026-06-11,PSR92,CMR01,35000,kg,BD-SP2KP,,,,,SP2KP Kemendag: Cabai Merah Besar (Pasar Panorama)
2026-06-12,PSR91,CRW02,75000,kg,BD-SP2KP,,,,,SP2KP Kemendag: Cabai Rawit Merah (Pasar Kepahiang)
2026-06-12,PSR91,CRW01,60000,kg,BD-SP2KP,,,,,SP2KP Kemendag: Cabai Rawit Hijau (Pasar Kepahiang)
2026-06-12,PSR91,BWM01,50000,kg,BD-SP2KP,,,,,SP2KP Kemendag: Bawang Merah (Pasar Kepahiang)
2026-06-12,PSR91,GLP01,18833,kg,BD-SP2KP,,,,,SP2KP Kemendag: Gula Pasir Curah (Pasar Kepahiang)
2026-06-12,PSR91,GLP02,19000,kg,BD-SP2KP,,,,,SP2KP Kemendag: Gula Pasir Kemasan (Pasar Kepahiang)
2026-06-12,PSR91,MGR02,23000,liter,BD-SP2KP,,,,,SP2KP Kemendag: Minyak Goreng Sawit Kemasan Premium (Pasar Kepahiang)
2026-06-12,PSR91,DSP01,140000,kg,BD-SP2KP,,,,,SP2KP Kemendag: Daging Sapi Paha Belakang (Pasar Kepahiang)
2026-06-12,PSR91,CMR02,45000,kg,BD-SP2KP,,,,,SP2KP Kemendag: Cabai Merah Keriting (Pasar Kepahiang)
2026-06-12,PSR91,TLR01,26700,kg,BD-SP2KP,,,,,SP2KP Kemendag: Telur Ayam Ras (Pasar Kepahiang)
2026-06-12,PSR91,DAY01,40000,kg,BD-SP2KP,,,,,SP2KP Kemendag: Daging Ayam Ras (Pasar Kepahiang)
2026-06-12,PSR91,BWP01,38000,kg,BD-SP2KP,,,,,SP2KP Kemendag: Bawang Putih Honan (Pasar Kepahiang)
2026-06-12,PSR91,BRS05,15400,kg,BD-SP2KP,,,,,SP2KP Kemendag: Beras Premium (Pasar Kepahiang)
2026-06-12,PSR91,BRS03,13750,kg,BD-SP2KP,,,,,SP2KP Kemendag: Beras Medium (Pasar Kepahiang)
2026-06-12,PSR91,DSP02,140000,kg,BD-SP2KP,,,,,SP2KP Kemendag: Daging Sapi Paha Depan (Pasar Kepahiang)
2026-06-12,PSR91,CMR01,40000,kg,BD-SP2KP,,,,,SP2KP Kemendag: Cabai Merah Besar (Pasar Kepahiang)
2026-06-12,PSR01,CRW02,60000,kg,BD-SP2KP,,,,,SP2KP Kemendag: Cabai Rawit Merah (Pasar Taba Penanjung)
2026-06-12,PSR01,CRW01,50000,kg,BD-SP2KP,,,,,SP2KP Kemendag: Cabai Rawit Hijau (Pasar Taba Penanjung)
2026-06-12,PSR01,BWM01,44000,kg,BD-SP2KP,,,,,SP2KP Kemendag: Bawang Merah (Pasar Taba Penanjung)
2026-06-12,PSR01,GLP01,18000,kg,BD-SP2KP,,,,,SP2KP Kemendag: Gula Pasir Curah (Pasar Taba Penanjung)
2026-06-12,PSR01,GLP02,18000,kg,BD-SP2KP,,,,,SP2KP Kemendag: Gula Pasir Kemasan (Pasar Taba Penanjung)
2026-06-12,PSR01,MGR02,23000,liter,BD-SP2KP,,,,,SP2KP Kemendag: Minyak Goreng Sawit Kemasan Premium (Pasar Taba Penanjung)
2026-06-12,PSR01,DSP01,150000,kg,BD-SP2KP,,,,,SP2KP Kemendag: Daging Sapi Paha Belakang (Pasar Taba Penanjung)
2026-06-12,PSR01,CMR02,50000,kg,BD-SP2KP,,,,,SP2KP Kemendag: Cabai Merah Keriting (Pasar Taba Penanjung)
2026-06-12,PSR01,TLR01,26600,kg,BD-SP2KP,,,,,SP2KP Kemendag: Telur Ayam Ras (Pasar Taba Penanjung)
2026-06-12,PSR01,DAY01,33000,kg,BD-SP2KP,,,,,SP2KP Kemendag: Daging Ayam Ras (Pasar Taba Penanjung)
2026-06-12,PSR01,BWP01,38000,kg,BD-SP2KP,,,,,SP2KP Kemendag: Bawang Putih Honan (Pasar Taba Penanjung)
2026-06-12,PSR01,BRS05,16000,kg,BD-SP2KP,,,,,SP2KP Kemendag: Beras Premium (Pasar Taba Penanjung)
2026-06-12,PSR01,BRS03,13750,kg,BD-SP2KP,,,,,SP2KP Kemendag: Beras Medium (Pasar Taba Penanjung)
2026-06-12,PSR01,DSP02,150000,kg,BD-SP2KP,,,,,SP2KP Kemendag: Daging Sapi Paha Depan (Pasar Taba Penanjung)
2026-06-12,PSR01,CMR01,50000,kg,BD-SP2KP,,,,,SP2KP Kemendag: Cabai Merah Besar (Pasar Taba Penanjung)
2026-06-12,PSR92,CRW02,91667,kg,BD-SP2KP,,,,,SP2KP Kemendag: Cabai Rawit Merah (Pasar Panorama)
2026-06-12,PSR92,CRW01,69333,kg,BD-SP2KP,,,,,SP2KP Kemendag: Cabai Rawit Hijau (Pasar Panorama)
2026-06-12,PSR92,BWM01,66667,kg,BD-SP2KP,,,,,SP2KP Kemendag: Bawang Merah (Pasar Panorama)
2026-06-12,PSR92,GLP01,18000,kg,BD-SP2KP,,,,,SP2KP Kemendag: Gula Pasir Curah (Pasar Panorama)
2026-06-12,PSR92,GLP02,19000,kg,BD-SP2KP,,,,,SP2KP Kemendag: Gula Pasir Kemasan (Pasar Panorama)
2026-06-12,PSR92,MGR02,23667,liter,BD-SP2KP,,,,,SP2KP Kemendag: Minyak Goreng Sawit Kemasan Premium (Pasar Panorama)
2026-06-12,PSR92,DSP01,150000,kg,BD-SP2KP,,,,,SP2KP Kemendag: Daging Sapi Paha Belakang (Pasar Panorama)
2026-06-12,PSR92,CMR02,70000,kg,BD-SP2KP,,,,,SP2KP Kemendag: Cabai Merah Keriting (Pasar Panorama)
2026-06-12,PSR92,TLR01,30400,kg,BD-SP2KP,,,,,SP2KP Kemendag: Telur Ayam Ras (Pasar Panorama)
2026-06-12,PSR92,DAY01,38000,kg,BD-SP2KP,,,,,SP2KP Kemendag: Daging Ayam Ras (Pasar Panorama)
2026-06-12,PSR92,BWP01,51667,kg,BD-SP2KP,,,,,SP2KP Kemendag: Bawang Putih Honan (Pasar Panorama)
2026-06-12,PSR92,BRS05,16250,kg,BD-SP2KP,,,,,SP2KP Kemendag: Beras Premium (Pasar Panorama)
2026-06-12,PSR92,BRS03,14250,kg,BD-SP2KP,,,,,SP2KP Kemendag: Beras Medium (Pasar Panorama)
2026-06-12,PSR92,DSP02,150000,kg,BD-SP2KP,,,,,SP2KP Kemendag: Daging Sapi Paha Depan (Pasar Panorama)
2026-06-12,PSR92,CMR01,35000,kg,BD-SP2KP,,,,,SP2KP Kemendag: Cabai Merah Besar (Pasar Panorama)
2026-06-15,PSR91,CRW02,75000,kg,BD-SP2KP,,,,,SP2KP Kemendag: Cabai Rawit Merah (Pasar Kepahiang)
2026-06-15,PSR91,CRW01,60000,kg,BD-SP2KP,,,,,SP2KP Kemendag: Cabai Rawit Hijau (Pasar Kepahiang)
2026-06-15,PSR91,BWM01,50000,kg,BD-SP2KP,,,,,SP2KP Kemendag: Bawang Merah (Pasar Kepahiang)
2026-06-15,PSR91,GLP01,18833,kg,BD-SP2KP,,,,,SP2KP Kemendag: Gula Pasir Curah (Pasar Kepahiang)
2026-06-15,PSR91,GLP02,19000,kg,BD-SP2KP,,,,,SP2KP Kemendag: Gula Pasir Kemasan (Pasar Kepahiang)
2026-06-15,PSR91,MGR02,23000,liter,BD-SP2KP,,,,,SP2KP Kemendag: Minyak Goreng Sawit Kemasan Premium (Pasar Kepahiang)
2026-06-15,PSR91,DSP01,140000,kg,BD-SP2KP,,,,,SP2KP Kemendag: Daging Sapi Paha Belakang (Pasar Kepahiang)
2026-06-15,PSR91,CMR02,45000,kg,BD-SP2KP,,,,,SP2KP Kemendag: Cabai Merah Keriting (Pasar Kepahiang)
2026-06-15,PSR91,TLR01,26700,kg,BD-SP2KP,,,,,SP2KP Kemendag: Telur Ayam Ras (Pasar Kepahiang)
2026-06-15,PSR91,DAY01,40000,kg,BD-SP2KP,,,,,SP2KP Kemendag: Daging Ayam Ras (Pasar Kepahiang)
2026-06-15,PSR91,BWP01,38000,kg,BD-SP2KP,,,,,SP2KP Kemendag: Bawang Putih Honan (Pasar Kepahiang)
2026-06-15,PSR91,BRS05,15400,kg,BD-SP2KP,,,,,SP2KP Kemendag: Beras Premium (Pasar Kepahiang)
2026-06-15,PSR91,BRS03,13750,kg,BD-SP2KP,,,,,SP2KP Kemendag: Beras Medium (Pasar Kepahiang)
2026-06-15,PSR91,DSP02,140000,kg,BD-SP2KP,,,,,SP2KP Kemendag: Daging Sapi Paha Depan (Pasar Kepahiang)
2026-06-15,PSR91,CMR01,40000,kg,BD-SP2KP,,,,,SP2KP Kemendag: Cabai Merah Besar (Pasar Kepahiang)
2026-06-15,PSR01,CRW02,60000,kg,BD-SP2KP,,,,,SP2KP Kemendag: Cabai Rawit Merah (Pasar Taba Penanjung)
2026-06-15,PSR01,CRW01,50000,kg,BD-SP2KP,,,,,SP2KP Kemendag: Cabai Rawit Hijau (Pasar Taba Penanjung)
2026-06-15,PSR01,BWM01,44000,kg,BD-SP2KP,,,,,SP2KP Kemendag: Bawang Merah (Pasar Taba Penanjung)
2026-06-15,PSR01,GLP01,18000,kg,BD-SP2KP,,,,,SP2KP Kemendag: Gula Pasir Curah (Pasar Taba Penanjung)
2026-06-15,PSR01,GLP02,18000,kg,BD-SP2KP,,,,,SP2KP Kemendag: Gula Pasir Kemasan (Pasar Taba Penanjung)
2026-06-15,PSR01,MGR02,23000,liter,BD-SP2KP,,,,,SP2KP Kemendag: Minyak Goreng Sawit Kemasan Premium (Pasar Taba Penanjung)
2026-06-15,PSR01,DSP01,150000,kg,BD-SP2KP,,,,,SP2KP Kemendag: Daging Sapi Paha Belakang (Pasar Taba Penanjung)
2026-06-15,PSR01,CMR02,50000,kg,BD-SP2KP,,,,,SP2KP Kemendag: Cabai Merah Keriting (Pasar Taba Penanjung)
2026-06-15,PSR01,TLR01,26600,kg,BD-SP2KP,,,,,SP2KP Kemendag: Telur Ayam Ras (Pasar Taba Penanjung)
2026-06-15,PSR01,DAY01,33000,kg,BD-SP2KP,,,,,SP2KP Kemendag: Daging Ayam Ras (Pasar Taba Penanjung)
2026-06-15,PSR01,BWP01,38000,kg,BD-SP2KP,,,,,SP2KP Kemendag: Bawang Putih Honan (Pasar Taba Penanjung)
2026-06-15,PSR01,BRS05,16000,kg,BD-SP2KP,,,,,SP2KP Kemendag: Beras Premium (Pasar Taba Penanjung)
2026-06-15,PSR01,BRS03,13750,kg,BD-SP2KP,,,,,SP2KP Kemendag: Beras Medium (Pasar Taba Penanjung)
2026-06-15,PSR01,DSP02,150000,kg,BD-SP2KP,,,,,SP2KP Kemendag: Daging Sapi Paha Depan (Pasar Taba Penanjung)
2026-06-15,PSR01,CMR01,50000,kg,BD-SP2KP,,,,,SP2KP Kemendag: Cabai Merah Besar (Pasar Taba Penanjung)
2026-06-15,PSR92,CRW02,93333,kg,BD-SP2KP,,,,,SP2KP Kemendag: Cabai Rawit Merah (Pasar Panorama)
2026-06-15,PSR92,CRW01,70000,kg,BD-SP2KP,,,,,SP2KP Kemendag: Cabai Rawit Hijau (Pasar Panorama)
2026-06-15,PSR92,BWM01,56667,kg,BD-SP2KP,,,,,SP2KP Kemendag: Bawang Merah (Pasar Panorama)
2026-06-15,PSR92,GLP01,18000,kg,BD-SP2KP,,,,,SP2KP Kemendag: Gula Pasir Curah (Pasar Panorama)
2026-06-15,PSR92,GLP02,19000,kg,BD-SP2KP,,,,,SP2KP Kemendag: Gula Pasir Kemasan (Pasar Panorama)
2026-06-15,PSR92,MGR02,23667,liter,BD-SP2KP,,,,,SP2KP Kemendag: Minyak Goreng Sawit Kemasan Premium (Pasar Panorama)
2026-06-15,PSR92,DSP01,150000,kg,BD-SP2KP,,,,,SP2KP Kemendag: Daging Sapi Paha Belakang (Pasar Panorama)
2026-06-15,PSR92,CMR02,58333,kg,BD-SP2KP,,,,,SP2KP Kemendag: Cabai Merah Keriting (Pasar Panorama)
2026-06-15,PSR92,TLR01,30400,kg,BD-SP2KP,,,,,SP2KP Kemendag: Telur Ayam Ras (Pasar Panorama)
2026-06-15,PSR92,DAY01,38000,kg,BD-SP2KP,,,,,SP2KP Kemendag: Daging Ayam Ras (Pasar Panorama)
2026-06-15,PSR92,BWP01,55000,kg,BD-SP2KP,,,,,SP2KP Kemendag: Bawang Putih Honan (Pasar Panorama)
2026-06-15,PSR92,BRS05,16250,kg,BD-SP2KP,,,,,SP2KP Kemendag: Beras Premium (Pasar Panorama)
2026-06-15,PSR92,BRS03,14375,kg,BD-SP2KP,,,,,SP2KP Kemendag: Beras Medium (Pasar Panorama)
2026-06-15,PSR92,DSP02,150000,kg,BD-SP2KP,,,,,SP2KP Kemendag: Daging Sapi Paha Depan (Pasar Panorama)
2026-06-15,PSR92,CMR01,35000,kg,BD-SP2KP,,,,,SP2KP Kemendag: Cabai Merah Besar (Pasar Panorama)
2026-06-17,PSR91,CRW02,75000,kg,BD-SP2KP,,,,,SP2KP Kemendag: Cabai Rawit Merah (Pasar Kepahiang)
2026-06-17,PSR91,CRW01,50000,kg,BD-SP2KP,,,,,SP2KP Kemendag: Cabai Rawit Hijau (Pasar Kepahiang)
2026-06-17,PSR91,BWM01,40000,kg,BD-SP2KP,,,,,SP2KP Kemendag: Bawang Merah (Pasar Kepahiang)
2026-06-17,PSR91,GLP01,18833,kg,BD-SP2KP,,,,,SP2KP Kemendag: Gula Pasir Curah (Pasar Kepahiang)
2026-06-17,PSR91,GLP02,19000,kg,BD-SP2KP,,,,,SP2KP Kemendag: Gula Pasir Kemasan (Pasar Kepahiang)
2026-06-17,PSR91,MGR02,23000,liter,BD-SP2KP,,,,,SP2KP Kemendag: Minyak Goreng Sawit Kemasan Premium (Pasar Kepahiang)
2026-06-17,PSR91,DSP01,140000,kg,BD-SP2KP,,,,,SP2KP Kemendag: Daging Sapi Paha Belakang (Pasar Kepahiang)
2026-06-17,PSR91,CMR02,45000,kg,BD-SP2KP,,,,,SP2KP Kemendag: Cabai Merah Keriting (Pasar Kepahiang)
2026-06-17,PSR91,TLR01,26700,kg,BD-SP2KP,,,,,SP2KP Kemendag: Telur Ayam Ras (Pasar Kepahiang)
2026-06-17,PSR91,DAY01,40000,kg,BD-SP2KP,,,,,SP2KP Kemendag: Daging Ayam Ras (Pasar Kepahiang)
2026-06-17,PSR91,BWP01,38000,kg,BD-SP2KP,,,,,SP2KP Kemendag: Bawang Putih Honan (Pasar Kepahiang)
2026-06-17,PSR91,BRS05,15400,kg,BD-SP2KP,,,,,SP2KP Kemendag: Beras Premium (Pasar Kepahiang)
2026-06-17,PSR91,BRS03,13750,kg,BD-SP2KP,,,,,SP2KP Kemendag: Beras Medium (Pasar Kepahiang)
2026-06-17,PSR91,DSP02,140000,kg,BD-SP2KP,,,,,SP2KP Kemendag: Daging Sapi Paha Depan (Pasar Kepahiang)
2026-06-17,PSR91,CMR01,40000,kg,BD-SP2KP,,,,,SP2KP Kemendag: Cabai Merah Besar (Pasar Kepahiang)
2026-06-17,PSR01,CRW02,60000,kg,BD-SP2KP,,,,,SP2KP Kemendag: Cabai Rawit Merah (Pasar Taba Penanjung)
2026-06-17,PSR01,CRW01,50000,kg,BD-SP2KP,,,,,SP2KP Kemendag: Cabai Rawit Hijau (Pasar Taba Penanjung)
2026-06-17,PSR01,BWM01,44000,kg,BD-SP2KP,,,,,SP2KP Kemendag: Bawang Merah (Pasar Taba Penanjung)
2026-06-17,PSR01,GLP01,18000,kg,BD-SP2KP,,,,,SP2KP Kemendag: Gula Pasir Curah (Pasar Taba Penanjung)
2026-06-17,PSR01,GLP02,18000,kg,BD-SP2KP,,,,,SP2KP Kemendag: Gula Pasir Kemasan (Pasar Taba Penanjung)
2026-06-17,PSR01,MGR02,23000,liter,BD-SP2KP,,,,,SP2KP Kemendag: Minyak Goreng Sawit Kemasan Premium (Pasar Taba Penanjung)
2026-06-17,PSR01,DSP01,150000,kg,BD-SP2KP,,,,,SP2KP Kemendag: Daging Sapi Paha Belakang (Pasar Taba Penanjung)
2026-06-17,PSR01,CMR02,50000,kg,BD-SP2KP,,,,,SP2KP Kemendag: Cabai Merah Keriting (Pasar Taba Penanjung)
2026-06-17,PSR01,TLR01,26600,kg,BD-SP2KP,,,,,SP2KP Kemendag: Telur Ayam Ras (Pasar Taba Penanjung)
2026-06-17,PSR01,DAY01,33000,kg,BD-SP2KP,,,,,SP2KP Kemendag: Daging Ayam Ras (Pasar Taba Penanjung)
2026-06-17,PSR01,BWP01,38000,kg,BD-SP2KP,,,,,SP2KP Kemendag: Bawang Putih Honan (Pasar Taba Penanjung)
2026-06-17,PSR01,BRS05,16000,kg,BD-SP2KP,,,,,SP2KP Kemendag: Beras Premium (Pasar Taba Penanjung)
2026-06-17,PSR01,BRS03,13750,kg,BD-SP2KP,,,,,SP2KP Kemendag: Beras Medium (Pasar Taba Penanjung)
2026-06-17,PSR01,DSP02,150000,kg,BD-SP2KP,,,,,SP2KP Kemendag: Daging Sapi Paha Depan (Pasar Taba Penanjung)
2026-06-17,PSR01,CMR01,50000,kg,BD-SP2KP,,,,,SP2KP Kemendag: Cabai Merah Besar (Pasar Taba Penanjung)
2026-06-17,PSR92,CRW02,93333,kg,BD-SP2KP,,,,,SP2KP Kemendag: Cabai Rawit Merah (Pasar Panorama)
2026-06-17,PSR92,CRW01,70000,kg,BD-SP2KP,,,,,SP2KP Kemendag: Cabai Rawit Hijau (Pasar Panorama)
2026-06-17,PSR92,BWM01,56667,kg,BD-SP2KP,,,,,SP2KP Kemendag: Bawang Merah (Pasar Panorama)
2026-06-17,PSR92,GLP01,18000,kg,BD-SP2KP,,,,,SP2KP Kemendag: Gula Pasir Curah (Pasar Panorama)
2026-06-17,PSR92,GLP02,19000,kg,BD-SP2KP,,,,,SP2KP Kemendag: Gula Pasir Kemasan (Pasar Panorama)
2026-06-17,PSR92,MGR02,23667,liter,BD-SP2KP,,,,,SP2KP Kemendag: Minyak Goreng Sawit Kemasan Premium (Pasar Panorama)
2026-06-17,PSR92,DSP01,150000,kg,BD-SP2KP,,,,,SP2KP Kemendag: Daging Sapi Paha Belakang (Pasar Panorama)
2026-06-17,PSR92,CMR02,58333,kg,BD-SP2KP,,,,,SP2KP Kemendag: Cabai Merah Keriting (Pasar Panorama)
2026-06-17,PSR92,TLR01,30400,kg,BD-SP2KP,,,,,SP2KP Kemendag: Telur Ayam Ras (Pasar Panorama)
2026-06-17,PSR92,DAY01,38000,kg,BD-SP2KP,,,,,SP2KP Kemendag: Daging Ayam Ras (Pasar Panorama)
2026-06-17,PSR92,BWP01,55000,kg,BD-SP2KP,,,,,SP2KP Kemendag: Bawang Putih Honan (Pasar Panorama)
2026-06-17,PSR92,BRS05,16250,kg,BD-SP2KP,,,,,SP2KP Kemendag: Beras Premium (Pasar Panorama)
2026-06-17,PSR92,BRS03,14375,kg,BD-SP2KP,,,,,SP2KP Kemendag: Beras Medium (Pasar Panorama)
2026-06-17,PSR92,DSP02,150000,kg,BD-SP2KP,,,,,SP2KP Kemendag: Daging Sapi Paha Depan (Pasar Panorama)
2026-06-17,PSR92,CMR01,35000,kg,BD-SP2KP,,,,,SP2KP Kemendag: Cabai Merah Besar (Pasar Panorama)
2026-06-18,PSR91,CRW02,75000,kg,BD-SP2KP,,,,,SP2KP Kemendag: Cabai Rawit Merah (Pasar Kepahiang)
2026-06-18,PSR91,CRW01,40000,kg,BD-SP2KP,,,,,SP2KP Kemendag: Cabai Rawit Hijau (Pasar Kepahiang)
2026-06-18,PSR91,BWM01,40000,kg,BD-SP2KP,,,,,SP2KP Kemendag: Bawang Merah (Pasar Kepahiang)
2026-06-18,PSR91,GLP01,18833,kg,BD-SP2KP,,,,,SP2KP Kemendag: Gula Pasir Curah (Pasar Kepahiang)
2026-06-18,PSR91,GLP02,19000,kg,BD-SP2KP,,,,,SP2KP Kemendag: Gula Pasir Kemasan (Pasar Kepahiang)
2026-06-18,PSR91,MGR02,23000,liter,BD-SP2KP,,,,,SP2KP Kemendag: Minyak Goreng Sawit Kemasan Premium (Pasar Kepahiang)
2026-06-18,PSR91,DSP01,140000,kg,BD-SP2KP,,,,,SP2KP Kemendag: Daging Sapi Paha Belakang (Pasar Kepahiang)
2026-06-18,PSR91,CMR02,45000,kg,BD-SP2KP,,,,,SP2KP Kemendag: Cabai Merah Keriting (Pasar Kepahiang)
2026-06-18,PSR91,TLR01,26700,kg,BD-SP2KP,,,,,SP2KP Kemendag: Telur Ayam Ras (Pasar Kepahiang)
2026-06-18,PSR91,DAY01,40000,kg,BD-SP2KP,,,,,SP2KP Kemendag: Daging Ayam Ras (Pasar Kepahiang)
2026-06-18,PSR91,BWP01,38000,kg,BD-SP2KP,,,,,SP2KP Kemendag: Bawang Putih Honan (Pasar Kepahiang)
2026-06-18,PSR91,BRS05,15400,kg,BD-SP2KP,,,,,SP2KP Kemendag: Beras Premium (Pasar Kepahiang)
2026-06-18,PSR91,BRS03,13750,kg,BD-SP2KP,,,,,SP2KP Kemendag: Beras Medium (Pasar Kepahiang)
2026-06-18,PSR91,DSP02,140000,kg,BD-SP2KP,,,,,SP2KP Kemendag: Daging Sapi Paha Depan (Pasar Kepahiang)
2026-06-18,PSR91,CMR01,40000,kg,BD-SP2KP,,,,,SP2KP Kemendag: Cabai Merah Besar (Pasar Kepahiang)
2026-06-18,PSR01,CRW02,60000,kg,BD-SP2KP,,,,,SP2KP Kemendag: Cabai Rawit Merah (Pasar Taba Penanjung)
2026-06-18,PSR01,CRW01,50000,kg,BD-SP2KP,,,,,SP2KP Kemendag: Cabai Rawit Hijau (Pasar Taba Penanjung)
2026-06-18,PSR01,BWM01,44000,kg,BD-SP2KP,,,,,SP2KP Kemendag: Bawang Merah (Pasar Taba Penanjung)
2026-06-18,PSR01,GLP01,18000,kg,BD-SP2KP,,,,,SP2KP Kemendag: Gula Pasir Curah (Pasar Taba Penanjung)
2026-06-18,PSR01,GLP02,18000,kg,BD-SP2KP,,,,,SP2KP Kemendag: Gula Pasir Kemasan (Pasar Taba Penanjung)
2026-06-18,PSR01,MGR02,23000,liter,BD-SP2KP,,,,,SP2KP Kemendag: Minyak Goreng Sawit Kemasan Premium (Pasar Taba Penanjung)
2026-06-18,PSR01,DSP01,150000,kg,BD-SP2KP,,,,,SP2KP Kemendag: Daging Sapi Paha Belakang (Pasar Taba Penanjung)
2026-06-18,PSR01,CMR02,50000,kg,BD-SP2KP,,,,,SP2KP Kemendag: Cabai Merah Keriting (Pasar Taba Penanjung)
2026-06-18,PSR01,TLR01,26600,kg,BD-SP2KP,,,,,SP2KP Kemendag: Telur Ayam Ras (Pasar Taba Penanjung)
2026-06-18,PSR01,DAY01,33000,kg,BD-SP2KP,,,,,SP2KP Kemendag: Daging Ayam Ras (Pasar Taba Penanjung)
2026-06-18,PSR01,BWP01,38000,kg,BD-SP2KP,,,,,SP2KP Kemendag: Bawang Putih Honan (Pasar Taba Penanjung)
2026-06-18,PSR01,BRS05,16000,kg,BD-SP2KP,,,,,SP2KP Kemendag: Beras Premium (Pasar Taba Penanjung)
2026-06-18,PSR01,BRS03,13750,kg,BD-SP2KP,,,,,SP2KP Kemendag: Beras Medium (Pasar Taba Penanjung)
2026-06-18,PSR01,DSP02,150000,kg,BD-SP2KP,,,,,SP2KP Kemendag: Daging Sapi Paha Depan (Pasar Taba Penanjung)
2026-06-18,PSR01,CMR01,50000,kg,BD-SP2KP,,,,,SP2KP Kemendag: Cabai Merah Besar (Pasar Taba Penanjung)
2026-06-18,PSR92,CRW02,93333,kg,BD-SP2KP,,,,,SP2KP Kemendag: Cabai Rawit Merah (Pasar Panorama)
2026-06-18,PSR92,CRW01,70000,kg,BD-SP2KP,,,,,SP2KP Kemendag: Cabai Rawit Hijau (Pasar Panorama)
2026-06-18,PSR92,BWM01,56667,kg,BD-SP2KP,,,,,SP2KP Kemendag: Bawang Merah (Pasar Panorama)
2026-06-18,PSR92,GLP01,18000,kg,BD-SP2KP,,,,,SP2KP Kemendag: Gula Pasir Curah (Pasar Panorama)
2026-06-18,PSR92,GLP02,19000,kg,BD-SP2KP,,,,,SP2KP Kemendag: Gula Pasir Kemasan (Pasar Panorama)
2026-06-18,PSR92,MGR02,23667,liter,BD-SP2KP,,,,,SP2KP Kemendag: Minyak Goreng Sawit Kemasan Premium (Pasar Panorama)
2026-06-18,PSR92,DSP01,150000,kg,BD-SP2KP,,,,,SP2KP Kemendag: Daging Sapi Paha Belakang (Pasar Panorama)
2026-06-18,PSR92,CMR02,58333,kg,BD-SP2KP,,,,,SP2KP Kemendag: Cabai Merah Keriting (Pasar Panorama)
2026-06-18,PSR92,TLR01,30400,kg,BD-SP2KP,,,,,SP2KP Kemendag: Telur Ayam Ras (Pasar Panorama)
2026-06-18,PSR92,DAY01,38000,kg,BD-SP2KP,,,,,SP2KP Kemendag: Daging Ayam Ras (Pasar Panorama)
2026-06-18,PSR92,BWP01,55000,kg,BD-SP2KP,,,,,SP2KP Kemendag: Bawang Putih Honan (Pasar Panorama)
2026-06-18,PSR92,BRS05,16250,kg,BD-SP2KP,,,,,SP2KP Kemendag: Beras Premium (Pasar Panorama)
2026-06-18,PSR92,BRS03,14375,kg,BD-SP2KP,,,,,SP2KP Kemendag: Beras Medium (Pasar Panorama)
2026-06-18,PSR92,DSP02,150000,kg,BD-SP2KP,,,,,SP2KP Kemendag: Daging Sapi Paha Depan (Pasar Panorama)
2026-06-18,PSR92,CMR01,35000,kg,BD-SP2KP,,,,,SP2KP Kemendag: Cabai Merah Besar (Pasar Panorama)
2026-06-19,PSR91,CRW02,75000,kg,BD-SP2KP,,,,,SP2KP Kemendag: Cabai Rawit Merah (Pasar Kepahiang)
2026-06-19,PSR91,CRW01,40000,kg,BD-SP2KP,,,,,SP2KP Kemendag: Cabai Rawit Hijau (Pasar Kepahiang)
2026-06-19,PSR91,BWM01,40000,kg,BD-SP2KP,,,,,SP2KP Kemendag: Bawang Merah (Pasar Kepahiang)
2026-06-19,PSR91,GLP01,18833,kg,BD-SP2KP,,,,,SP2KP Kemendag: Gula Pasir Curah (Pasar Kepahiang)
2026-06-19,PSR91,GLP02,19000,kg,BD-SP2KP,,,,,SP2KP Kemendag: Gula Pasir Kemasan (Pasar Kepahiang)
2026-06-19,PSR91,MGR02,23000,liter,BD-SP2KP,,,,,SP2KP Kemendag: Minyak Goreng Sawit Kemasan Premium (Pasar Kepahiang)
2026-06-19,PSR91,DSP01,140000,kg,BD-SP2KP,,,,,SP2KP Kemendag: Daging Sapi Paha Belakang (Pasar Kepahiang)
2026-06-19,PSR91,CMR02,45000,kg,BD-SP2KP,,,,,SP2KP Kemendag: Cabai Merah Keriting (Pasar Kepahiang)
2026-06-19,PSR91,TLR01,26700,kg,BD-SP2KP,,,,,SP2KP Kemendag: Telur Ayam Ras (Pasar Kepahiang)
2026-06-19,PSR91,DAY01,40000,kg,BD-SP2KP,,,,,SP2KP Kemendag: Daging Ayam Ras (Pasar Kepahiang)
2026-06-19,PSR91,BWP01,38000,kg,BD-SP2KP,,,,,SP2KP Kemendag: Bawang Putih Honan (Pasar Kepahiang)
2026-06-19,PSR91,BRS05,15400,kg,BD-SP2KP,,,,,SP2KP Kemendag: Beras Premium (Pasar Kepahiang)
2026-06-19,PSR91,BRS03,13750,kg,BD-SP2KP,,,,,SP2KP Kemendag: Beras Medium (Pasar Kepahiang)
2026-06-19,PSR91,DSP02,140000,kg,BD-SP2KP,,,,,SP2KP Kemendag: Daging Sapi Paha Depan (Pasar Kepahiang)
2026-06-19,PSR91,CMR01,40000,kg,BD-SP2KP,,,,,SP2KP Kemendag: Cabai Merah Besar (Pasar Kepahiang)
2026-06-19,PSR01,CRW02,60000,kg,BD-SP2KP,,,,,SP2KP Kemendag: Cabai Rawit Merah (Pasar Taba Penanjung)
2026-06-19,PSR01,CRW01,50000,kg,BD-SP2KP,,,,,SP2KP Kemendag: Cabai Rawit Hijau (Pasar Taba Penanjung)
2026-06-19,PSR01,BWM01,44000,kg,BD-SP2KP,,,,,SP2KP Kemendag: Bawang Merah (Pasar Taba Penanjung)
2026-06-19,PSR01,GLP01,18000,kg,BD-SP2KP,,,,,SP2KP Kemendag: Gula Pasir Curah (Pasar Taba Penanjung)
2026-06-19,PSR01,GLP02,18000,kg,BD-SP2KP,,,,,SP2KP Kemendag: Gula Pasir Kemasan (Pasar Taba Penanjung)
2026-06-19,PSR01,MGR02,23000,liter,BD-SP2KP,,,,,SP2KP Kemendag: Minyak Goreng Sawit Kemasan Premium (Pasar Taba Penanjung)
2026-06-19,PSR01,DSP01,150000,kg,BD-SP2KP,,,,,SP2KP Kemendag: Daging Sapi Paha Belakang (Pasar Taba Penanjung)
2026-06-19,PSR01,CMR02,50000,kg,BD-SP2KP,,,,,SP2KP Kemendag: Cabai Merah Keriting (Pasar Taba Penanjung)
2026-06-19,PSR01,TLR01,26600,kg,BD-SP2KP,,,,,SP2KP Kemendag: Telur Ayam Ras (Pasar Taba Penanjung)
2026-06-19,PSR01,DAY01,33000,kg,BD-SP2KP,,,,,SP2KP Kemendag: Daging Ayam Ras (Pasar Taba Penanjung)
2026-06-19,PSR01,BWP01,38000,kg,BD-SP2KP,,,,,SP2KP Kemendag: Bawang Putih Honan (Pasar Taba Penanjung)
2026-06-19,PSR01,BRS05,16000,kg,BD-SP2KP,,,,,SP2KP Kemendag: Beras Premium (Pasar Taba Penanjung)
2026-06-19,PSR01,BRS03,13750,kg,BD-SP2KP,,,,,SP2KP Kemendag: Beras Medium (Pasar Taba Penanjung)
2026-06-19,PSR01,DSP02,150000,kg,BD-SP2KP,,,,,SP2KP Kemendag: Daging Sapi Paha Depan (Pasar Taba Penanjung)
2026-06-19,PSR01,CMR01,50000,kg,BD-SP2KP,,,,,SP2KP Kemendag: Cabai Merah Besar (Pasar Taba Penanjung)
2026-06-19,PSR92,CRW02,93333,kg,BD-SP2KP,,,,,SP2KP Kemendag: Cabai Rawit Merah (Pasar Panorama)
2026-06-19,PSR92,CRW01,70000,kg,BD-SP2KP,,,,,SP2KP Kemendag: Cabai Rawit Hijau (Pasar Panorama)
2026-06-19,PSR92,BWM01,56667,kg,BD-SP2KP,,,,,SP2KP Kemendag: Bawang Merah (Pasar Panorama)
2026-06-19,PSR92,GLP01,18000,kg,BD-SP2KP,,,,,SP2KP Kemendag: Gula Pasir Curah (Pasar Panorama)
2026-06-19,PSR92,GLP02,19000,kg,BD-SP2KP,,,,,SP2KP Kemendag: Gula Pasir Kemasan (Pasar Panorama)
2026-06-19,PSR92,MGR02,23667,liter,BD-SP2KP,,,,,SP2KP Kemendag: Minyak Goreng Sawit Kemasan Premium (Pasar Panorama)
2026-06-19,PSR92,DSP01,150000,kg,BD-SP2KP,,,,,SP2KP Kemendag: Daging Sapi Paha Belakang (Pasar Panorama)
2026-06-19,PSR92,CMR02,58333,kg,BD-SP2KP,,,,,SP2KP Kemendag: Cabai Merah Keriting (Pasar Panorama)
2026-06-19,PSR92,TLR01,30400,kg,BD-SP2KP,,,,,SP2KP Kemendag: Telur Ayam Ras (Pasar Panorama)
2026-06-19,PSR92,DAY01,38000,kg,BD-SP2KP,,,,,SP2KP Kemendag: Daging Ayam Ras (Pasar Panorama)
2026-06-19,PSR92,BWP01,55000,kg,BD-SP2KP,,,,,SP2KP Kemendag: Bawang Putih Honan (Pasar Panorama)
2026-06-19,PSR92,BRS05,16417,kg,BD-SP2KP,,,,,SP2KP Kemendag: Beras Premium (Pasar Panorama)
2026-06-19,PSR92,BRS03,14375,kg,BD-SP2KP,,,,,SP2KP Kemendag: Beras Medium (Pasar Panorama)
2026-06-19,PSR92,DSP02,150000,kg,BD-SP2KP,,,,,SP2KP Kemendag: Daging Sapi Paha Depan (Pasar Panorama)
2026-06-19,PSR92,CMR01,35000,kg,BD-SP2KP,,,,,SP2KP Kemendag: Cabai Merah Besar (Pasar Panorama)
2026-06-22,PSR91,CRW02,70000,kg,BD-SP2KP,,,,,SP2KP Kemendag: Cabai Rawit Merah (Pasar Kepahiang)
2026-06-22,PSR91,CRW01,40000,kg,BD-SP2KP,,,,,SP2KP Kemendag: Cabai Rawit Hijau (Pasar Kepahiang)
2026-06-22,PSR91,BWM01,40000,kg,BD-SP2KP,,,,,SP2KP Kemendag: Bawang Merah (Pasar Kepahiang)
2026-06-22,PSR91,GLP01,18833,kg,BD-SP2KP,,,,,SP2KP Kemendag: Gula Pasir Curah (Pasar Kepahiang)
2026-06-22,PSR91,GLP02,19000,kg,BD-SP2KP,,,,,SP2KP Kemendag: Gula Pasir Kemasan (Pasar Kepahiang)
2026-06-22,PSR91,MGR02,23000,liter,BD-SP2KP,,,,,SP2KP Kemendag: Minyak Goreng Sawit Kemasan Premium (Pasar Kepahiang)
2026-06-22,PSR91,DSP01,140000,kg,BD-SP2KP,,,,,SP2KP Kemendag: Daging Sapi Paha Belakang (Pasar Kepahiang)
2026-06-22,PSR91,CMR02,45000,kg,BD-SP2KP,,,,,SP2KP Kemendag: Cabai Merah Keriting (Pasar Kepahiang)
2026-06-22,PSR91,TLR01,26700,kg,BD-SP2KP,,,,,SP2KP Kemendag: Telur Ayam Ras (Pasar Kepahiang)
2026-06-22,PSR91,DAY01,38000,kg,BD-SP2KP,,,,,SP2KP Kemendag: Daging Ayam Ras (Pasar Kepahiang)
2026-06-22,PSR91,BWP01,40000,kg,BD-SP2KP,,,,,SP2KP Kemendag: Bawang Putih Honan (Pasar Kepahiang)
2026-06-22,PSR91,BRS05,15400,kg,BD-SP2KP,,,,,SP2KP Kemendag: Beras Premium (Pasar Kepahiang)
2026-06-22,PSR91,BRS03,13750,kg,BD-SP2KP,,,,,SP2KP Kemendag: Beras Medium (Pasar Kepahiang)
2026-06-22,PSR91,DSP02,140000,kg,BD-SP2KP,,,,,SP2KP Kemendag: Daging Sapi Paha Depan (Pasar Kepahiang)
2026-06-22,PSR91,CMR01,40000,kg,BD-SP2KP,,,,,SP2KP Kemendag: Cabai Merah Besar (Pasar Kepahiang)
2026-06-22,PSR01,CRW02,60000,kg,BD-SP2KP,,,,,SP2KP Kemendag: Cabai Rawit Merah (Pasar Taba Penanjung)
2026-06-22,PSR01,CRW01,50000,kg,BD-SP2KP,,,,,SP2KP Kemendag: Cabai Rawit Hijau (Pasar Taba Penanjung)
2026-06-22,PSR01,BWM01,44000,kg,BD-SP2KP,,,,,SP2KP Kemendag: Bawang Merah (Pasar Taba Penanjung)
2026-06-22,PSR01,GLP01,18000,kg,BD-SP2KP,,,,,SP2KP Kemendag: Gula Pasir Curah (Pasar Taba Penanjung)
2026-06-22,PSR01,GLP02,18000,kg,BD-SP2KP,,,,,SP2KP Kemendag: Gula Pasir Kemasan (Pasar Taba Penanjung)
2026-06-22,PSR01,MGR02,23000,liter,BD-SP2KP,,,,,SP2KP Kemendag: Minyak Goreng Sawit Kemasan Premium (Pasar Taba Penanjung)
2026-06-22,PSR01,DSP01,150000,kg,BD-SP2KP,,,,,SP2KP Kemendag: Daging Sapi Paha Belakang (Pasar Taba Penanjung)
2026-06-22,PSR01,CMR02,50000,kg,BD-SP2KP,,,,,SP2KP Kemendag: Cabai Merah Keriting (Pasar Taba Penanjung)
2026-06-22,PSR01,TLR01,26600,kg,BD-SP2KP,,,,,SP2KP Kemendag: Telur Ayam Ras (Pasar Taba Penanjung)
2026-06-22,PSR01,DAY01,33000,kg,BD-SP2KP,,,,,SP2KP Kemendag: Daging Ayam Ras (Pasar Taba Penanjung)
2026-06-22,PSR01,BWP01,38000,kg,BD-SP2KP,,,,,SP2KP Kemendag: Bawang Putih Honan (Pasar Taba Penanjung)
2026-06-22,PSR01,BRS05,16000,kg,BD-SP2KP,,,,,SP2KP Kemendag: Beras Premium (Pasar Taba Penanjung)
2026-06-22,PSR01,BRS03,13750,kg,BD-SP2KP,,,,,SP2KP Kemendag: Beras Medium (Pasar Taba Penanjung)
2026-06-22,PSR01,DSP02,150000,kg,BD-SP2KP,,,,,SP2KP Kemendag: Daging Sapi Paha Depan (Pasar Taba Penanjung)
2026-06-22,PSR01,CMR01,50000,kg,BD-SP2KP,,,,,SP2KP Kemendag: Cabai Merah Besar (Pasar Taba Penanjung)
2026-06-22,PSR92,CRW02,80000,kg,BD-SP2KP,,,,,SP2KP Kemendag: Cabai Rawit Merah (Pasar Panorama)
2026-06-22,PSR92,CRW01,53333,kg,BD-SP2KP,,,,,SP2KP Kemendag: Cabai Rawit Hijau (Pasar Panorama)
2026-06-22,PSR92,BWM01,56667,kg,BD-SP2KP,,,,,SP2KP Kemendag: Bawang Merah (Pasar Panorama)
2026-06-22,PSR92,GLP01,18000,kg,BD-SP2KP,,,,,SP2KP Kemendag: Gula Pasir Curah (Pasar Panorama)
2026-06-22,PSR92,GLP02,19000,kg,BD-SP2KP,,,,,SP2KP Kemendag: Gula Pasir Kemasan (Pasar Panorama)
2026-06-22,PSR92,MGR02,23667,liter,BD-SP2KP,,,,,SP2KP Kemendag: Minyak Goreng Sawit Kemasan Premium (Pasar Panorama)
2026-06-22,PSR92,DSP01,150000,kg,BD-SP2KP,,,,,SP2KP Kemendag: Daging Sapi Paha Belakang (Pasar Panorama)
2026-06-22,PSR92,CMR02,56667,kg,BD-SP2KP,,,,,SP2KP Kemendag: Cabai Merah Keriting (Pasar Panorama)
2026-06-22,PSR92,TLR01,30400,kg,BD-SP2KP,,,,,SP2KP Kemendag: Telur Ayam Ras (Pasar Panorama)
2026-06-22,PSR92,DAY01,38000,kg,BD-SP2KP,,,,,SP2KP Kemendag: Daging Ayam Ras (Pasar Panorama)
2026-06-22,PSR92,BWP01,55000,kg,BD-SP2KP,,,,,SP2KP Kemendag: Bawang Putih Honan (Pasar Panorama)
2026-06-22,PSR92,BRS05,16250,kg,BD-SP2KP,,,,,SP2KP Kemendag: Beras Premium (Pasar Panorama)
2026-06-22,PSR92,BRS03,14375,kg,BD-SP2KP,,,,,SP2KP Kemendag: Beras Medium (Pasar Panorama)
2026-06-22,PSR92,DSP02,150000,kg,BD-SP2KP,,,,,SP2KP Kemendag: Daging Sapi Paha Depan (Pasar Panorama)
2026-06-22,PSR92,CMR01,35000,kg,BD-SP2KP,,,,,SP2KP Kemendag: Cabai Merah Besar (Pasar Panorama)
2026-06-23,PSR91,CRW02,70000,kg,BD-SP2KP,,,,,SP2KP Kemendag: Cabai Rawit Merah (Pasar Kepahiang)
2026-06-23,PSR91,CRW01,40000,kg,BD-SP2KP,,,,,SP2KP Kemendag: Cabai Rawit Hijau (Pasar Kepahiang)
2026-06-23,PSR91,BWM01,40000,kg,BD-SP2KP,,,,,SP2KP Kemendag: Bawang Merah (Pasar Kepahiang)
2026-06-23,PSR91,GLP01,18833,kg,BD-SP2KP,,,,,SP2KP Kemendag: Gula Pasir Curah (Pasar Kepahiang)
2026-06-23,PSR91,GLP02,19000,kg,BD-SP2KP,,,,,SP2KP Kemendag: Gula Pasir Kemasan (Pasar Kepahiang)
2026-06-23,PSR91,MGR02,23000,liter,BD-SP2KP,,,,,SP2KP Kemendag: Minyak Goreng Sawit Kemasan Premium (Pasar Kepahiang)
2026-06-23,PSR91,DSP01,140000,kg,BD-SP2KP,,,,,SP2KP Kemendag: Daging Sapi Paha Belakang (Pasar Kepahiang)
2026-06-23,PSR91,CMR02,45000,kg,BD-SP2KP,,,,,SP2KP Kemendag: Cabai Merah Keriting (Pasar Kepahiang)
2026-06-23,PSR91,TLR01,26700,kg,BD-SP2KP,,,,,SP2KP Kemendag: Telur Ayam Ras (Pasar Kepahiang)
2026-06-23,PSR91,DAY01,38000,kg,BD-SP2KP,,,,,SP2KP Kemendag: Daging Ayam Ras (Pasar Kepahiang)
2026-06-23,PSR91,BWP01,40000,kg,BD-SP2KP,,,,,SP2KP Kemendag: Bawang Putih Honan (Pasar Kepahiang)
2026-06-23,PSR91,BRS05,15400,kg,BD-SP2KP,,,,,SP2KP Kemendag: Beras Premium (Pasar Kepahiang)
2026-06-23,PSR91,BRS03,13750,kg,BD-SP2KP,,,,,SP2KP Kemendag: Beras Medium (Pasar Kepahiang)
2026-06-23,PSR91,DSP02,140000,kg,BD-SP2KP,,,,,SP2KP Kemendag: Daging Sapi Paha Depan (Pasar Kepahiang)
2026-06-23,PSR91,CMR01,40000,kg,BD-SP2KP,,,,,SP2KP Kemendag: Cabai Merah Besar (Pasar Kepahiang)
2026-06-23,PSR01,CRW02,60000,kg,BD-SP2KP,,,,,SP2KP Kemendag: Cabai Rawit Merah (Pasar Taba Penanjung)
2026-06-23,PSR01,CRW01,50000,kg,BD-SP2KP,,,,,SP2KP Kemendag: Cabai Rawit Hijau (Pasar Taba Penanjung)
2026-06-23,PSR01,BWM01,44000,kg,BD-SP2KP,,,,,SP2KP Kemendag: Bawang Merah (Pasar Taba Penanjung)
2026-06-23,PSR01,GLP01,18000,kg,BD-SP2KP,,,,,SP2KP Kemendag: Gula Pasir Curah (Pasar Taba Penanjung)
2026-06-23,PSR01,GLP02,18000,kg,BD-SP2KP,,,,,SP2KP Kemendag: Gula Pasir Kemasan (Pasar Taba Penanjung)
2026-06-23,PSR01,MGR02,23000,liter,BD-SP2KP,,,,,SP2KP Kemendag: Minyak Goreng Sawit Kemasan Premium (Pasar Taba Penanjung)
2026-06-23,PSR01,DSP01,150000,kg,BD-SP2KP,,,,,SP2KP Kemendag: Daging Sapi Paha Belakang (Pasar Taba Penanjung)
2026-06-23,PSR01,CMR02,50000,kg,BD-SP2KP,,,,,SP2KP Kemendag: Cabai Merah Keriting (Pasar Taba Penanjung)
2026-06-23,PSR01,TLR01,26600,kg,BD-SP2KP,,,,,SP2KP Kemendag: Telur Ayam Ras (Pasar Taba Penanjung)
2026-06-23,PSR01,DAY01,33000,kg,BD-SP2KP,,,,,SP2KP Kemendag: Daging Ayam Ras (Pasar Taba Penanjung)
2026-06-23,PSR01,BWP01,38000,kg,BD-SP2KP,,,,,SP2KP Kemendag: Bawang Putih Honan (Pasar Taba Penanjung)
2026-06-23,PSR01,BRS05,16000,kg,BD-SP2KP,,,,,SP2KP Kemendag: Beras Premium (Pasar Taba Penanjung)
2026-06-23,PSR01,BRS03,13750,kg,BD-SP2KP,,,,,SP2KP Kemendag: Beras Medium (Pasar Taba Penanjung)
2026-06-23,PSR01,DSP02,150000,kg,BD-SP2KP,,,,,SP2KP Kemendag: Daging Sapi Paha Depan (Pasar Taba Penanjung)
2026-06-23,PSR01,CMR01,50000,kg,BD-SP2KP,,,,,SP2KP Kemendag: Cabai Merah Besar (Pasar Taba Penanjung)
2026-06-23,PSR92,CRW02,80000,kg,BD-SP2KP,,,,,SP2KP Kemendag: Cabai Rawit Merah (Pasar Panorama)
2026-06-23,PSR92,CRW01,53333,kg,BD-SP2KP,,,,,SP2KP Kemendag: Cabai Rawit Hijau (Pasar Panorama)
2026-06-23,PSR92,BWM01,56667,kg,BD-SP2KP,,,,,SP2KP Kemendag: Bawang Merah (Pasar Panorama)
2026-06-23,PSR92,GLP01,18000,kg,BD-SP2KP,,,,,SP2KP Kemendag: Gula Pasir Curah (Pasar Panorama)
2026-06-23,PSR92,GLP02,19000,kg,BD-SP2KP,,,,,SP2KP Kemendag: Gula Pasir Kemasan (Pasar Panorama)
2026-06-23,PSR92,MGR02,23000,liter,BD-SP2KP,,,,,SP2KP Kemendag: Minyak Goreng Sawit Kemasan Premium (Pasar Panorama)
2026-06-23,PSR92,DSP01,150000,kg,BD-SP2KP,,,,,SP2KP Kemendag: Daging Sapi Paha Belakang (Pasar Panorama)
2026-06-23,PSR92,CMR02,56667,kg,BD-SP2KP,,,,,SP2KP Kemendag: Cabai Merah Keriting (Pasar Panorama)
2026-06-23,PSR92,TLR01,30400,kg,BD-SP2KP,,,,,SP2KP Kemendag: Telur Ayam Ras (Pasar Panorama)
2026-06-23,PSR92,DAY01,38000,kg,BD-SP2KP,,,,,SP2KP Kemendag: Daging Ayam Ras (Pasar Panorama)
2026-06-23,PSR92,BWP01,55000,kg,BD-SP2KP,,,,,SP2KP Kemendag: Bawang Putih Honan (Pasar Panorama)
2026-06-23,PSR92,BRS05,16250,kg,BD-SP2KP,,,,,SP2KP Kemendag: Beras Premium (Pasar Panorama)
2026-06-23,PSR92,BRS03,14375,kg,BD-SP2KP,,,,,SP2KP Kemendag: Beras Medium (Pasar Panorama)
2026-06-23,PSR92,DSP02,150000,kg,BD-SP2KP,,,,,SP2KP Kemendag: Daging Sapi Paha Depan (Pasar Panorama)
2026-06-23,PSR92,CMR01,35000,kg,BD-SP2KP,,,,,SP2KP Kemendag: Cabai Merah Besar (Pasar Panorama)
2026-06-24,PSR91,CRW02,70000,kg,BD-SP2KP,,,,,SP2KP Kemendag: Cabai Rawit Merah (Pasar Kepahiang)
2026-06-24,PSR91,CRW01,40000,kg,BD-SP2KP,,,,,SP2KP Kemendag: Cabai Rawit Hijau (Pasar Kepahiang)
2026-06-24,PSR91,BWM01,40000,kg,BD-SP2KP,,,,,SP2KP Kemendag: Bawang Merah (Pasar Kepahiang)
2026-06-24,PSR91,GLP01,18833,kg,BD-SP2KP,,,,,SP2KP Kemendag: Gula Pasir Curah (Pasar Kepahiang)
2026-06-24,PSR91,GLP02,19000,kg,BD-SP2KP,,,,,SP2KP Kemendag: Gula Pasir Kemasan (Pasar Kepahiang)
2026-06-24,PSR91,MGR02,23000,liter,BD-SP2KP,,,,,SP2KP Kemendag: Minyak Goreng Sawit Kemasan Premium (Pasar Kepahiang)
2026-06-24,PSR91,DSP01,140000,kg,BD-SP2KP,,,,,SP2KP Kemendag: Daging Sapi Paha Belakang (Pasar Kepahiang)
2026-06-24,PSR91,CMR02,45000,kg,BD-SP2KP,,,,,SP2KP Kemendag: Cabai Merah Keriting (Pasar Kepahiang)
2026-06-24,PSR91,TLR01,26700,kg,BD-SP2KP,,,,,SP2KP Kemendag: Telur Ayam Ras (Pasar Kepahiang)
2026-06-24,PSR91,DAY01,38000,kg,BD-SP2KP,,,,,SP2KP Kemendag: Daging Ayam Ras (Pasar Kepahiang)
2026-06-24,PSR91,BWP01,40000,kg,BD-SP2KP,,,,,SP2KP Kemendag: Bawang Putih Honan (Pasar Kepahiang)
2026-06-24,PSR91,BRS05,15400,kg,BD-SP2KP,,,,,SP2KP Kemendag: Beras Premium (Pasar Kepahiang)
2026-06-24,PSR91,BRS03,13750,kg,BD-SP2KP,,,,,SP2KP Kemendag: Beras Medium (Pasar Kepahiang)
2026-06-24,PSR91,DSP02,140000,kg,BD-SP2KP,,,,,SP2KP Kemendag: Daging Sapi Paha Depan (Pasar Kepahiang)
2026-06-24,PSR91,CMR01,40000,kg,BD-SP2KP,,,,,SP2KP Kemendag: Cabai Merah Besar (Pasar Kepahiang)
2026-06-24,PSR01,CRW02,60000,kg,BD-SP2KP,,,,,SP2KP Kemendag: Cabai Rawit Merah (Pasar Taba Penanjung)
2026-06-24,PSR01,CRW01,50000,kg,BD-SP2KP,,,,,SP2KP Kemendag: Cabai Rawit Hijau (Pasar Taba Penanjung)
2026-06-24,PSR01,BWM01,44000,kg,BD-SP2KP,,,,,SP2KP Kemendag: Bawang Merah (Pasar Taba Penanjung)
2026-06-24,PSR01,GLP01,18000,kg,BD-SP2KP,,,,,SP2KP Kemendag: Gula Pasir Curah (Pasar Taba Penanjung)
2026-06-24,PSR01,GLP02,18000,kg,BD-SP2KP,,,,,SP2KP Kemendag: Gula Pasir Kemasan (Pasar Taba Penanjung)
2026-06-24,PSR01,MGR02,23000,liter,BD-SP2KP,,,,,SP2KP Kemendag: Minyak Goreng Sawit Kemasan Premium (Pasar Taba Penanjung)
2026-06-24,PSR01,DSP01,150000,kg,BD-SP2KP,,,,,SP2KP Kemendag: Daging Sapi Paha Belakang (Pasar Taba Penanjung)
2026-06-24,PSR01,CMR02,50000,kg,BD-SP2KP,,,,,SP2KP Kemendag: Cabai Merah Keriting (Pasar Taba Penanjung)
2026-06-24,PSR01,TLR01,26600,kg,BD-SP2KP,,,,,SP2KP Kemendag: Telur Ayam Ras (Pasar Taba Penanjung)
2026-06-24,PSR01,DAY01,33000,kg,BD-SP2KP,,,,,SP2KP Kemendag: Daging Ayam Ras (Pasar Taba Penanjung)
2026-06-24,PSR01,BWP01,38000,kg,BD-SP2KP,,,,,SP2KP Kemendag: Bawang Putih Honan (Pasar Taba Penanjung)
2026-06-24,PSR01,BRS05,16000,kg,BD-SP2KP,,,,,SP2KP Kemendag: Beras Premium (Pasar Taba Penanjung)
2026-06-24,PSR01,BRS03,13750,kg,BD-SP2KP,,,,,SP2KP Kemendag: Beras Medium (Pasar Taba Penanjung)
2026-06-24,PSR01,DSP02,150000,kg,BD-SP2KP,,,,,SP2KP Kemendag: Daging Sapi Paha Depan (Pasar Taba Penanjung)
2026-06-24,PSR01,CMR01,50000,kg,BD-SP2KP,,,,,SP2KP Kemendag: Cabai Merah Besar (Pasar Taba Penanjung)
2026-06-24,PSR92,CRW02,80000,kg,BD-SP2KP,,,,,SP2KP Kemendag: Cabai Rawit Merah (Pasar Panorama)
2026-06-24,PSR92,CRW01,53333,kg,BD-SP2KP,,,,,SP2KP Kemendag: Cabai Rawit Hijau (Pasar Panorama)
2026-06-24,PSR92,BWM01,56667,kg,BD-SP2KP,,,,,SP2KP Kemendag: Bawang Merah (Pasar Panorama)
2026-06-24,PSR92,GLP01,18000,kg,BD-SP2KP,,,,,SP2KP Kemendag: Gula Pasir Curah (Pasar Panorama)
2026-06-24,PSR92,GLP02,19000,kg,BD-SP2KP,,,,,SP2KP Kemendag: Gula Pasir Kemasan (Pasar Panorama)
2026-06-24,PSR92,MGR02,23000,liter,BD-SP2KP,,,,,SP2KP Kemendag: Minyak Goreng Sawit Kemasan Premium (Pasar Panorama)
2026-06-24,PSR92,DSP01,150000,kg,BD-SP2KP,,,,,SP2KP Kemendag: Daging Sapi Paha Belakang (Pasar Panorama)
2026-06-24,PSR92,CMR02,56667,kg,BD-SP2KP,,,,,SP2KP Kemendag: Cabai Merah Keriting (Pasar Panorama)
2026-06-24,PSR92,TLR01,30400,kg,BD-SP2KP,,,,,SP2KP Kemendag: Telur Ayam Ras (Pasar Panorama)
2026-06-24,PSR92,DAY01,38000,kg,BD-SP2KP,,,,,SP2KP Kemendag: Daging Ayam Ras (Pasar Panorama)
2026-06-24,PSR92,BWP01,55000,kg,BD-SP2KP,,,,,SP2KP Kemendag: Bawang Putih Honan (Pasar Panorama)
2026-06-24,PSR92,BRS05,16250,kg,BD-SP2KP,,,,,SP2KP Kemendag: Beras Premium (Pasar Panorama)
2026-06-24,PSR92,BRS03,14375,kg,BD-SP2KP,,,,,SP2KP Kemendag: Beras Medium (Pasar Panorama)
2026-06-24,PSR92,DSP02,150000,kg,BD-SP2KP,,,,,SP2KP Kemendag: Daging Sapi Paha Depan (Pasar Panorama)
2026-06-24,PSR92,CMR01,35000,kg,BD-SP2KP,,,,,SP2KP Kemendag: Cabai Merah Besar (Pasar Panorama)
2026-06-25,PSR91,CRW02,70000,kg,BD-SP2KP,,,,,SP2KP Kemendag: Cabai Rawit Merah (Pasar Kepahiang)
2026-06-25,PSR91,CRW01,40000,kg,BD-SP2KP,,,,,SP2KP Kemendag: Cabai Rawit Hijau (Pasar Kepahiang)
2026-06-25,PSR91,BWM01,40000,kg,BD-SP2KP,,,,,SP2KP Kemendag: Bawang Merah (Pasar Kepahiang)
2026-06-25,PSR91,GLP01,18833,kg,BD-SP2KP,,,,,SP2KP Kemendag: Gula Pasir Curah (Pasar Kepahiang)
2026-06-25,PSR91,GLP02,19000,kg,BD-SP2KP,,,,,SP2KP Kemendag: Gula Pasir Kemasan (Pasar Kepahiang)
2026-06-25,PSR91,MGR02,23000,liter,BD-SP2KP,,,,,SP2KP Kemendag: Minyak Goreng Sawit Kemasan Premium (Pasar Kepahiang)
2026-06-25,PSR91,DSP01,140000,kg,BD-SP2KP,,,,,SP2KP Kemendag: Daging Sapi Paha Belakang (Pasar Kepahiang)
2026-06-25,PSR91,CMR02,45000,kg,BD-SP2KP,,,,,SP2KP Kemendag: Cabai Merah Keriting (Pasar Kepahiang)
2026-06-25,PSR91,TLR01,26700,kg,BD-SP2KP,,,,,SP2KP Kemendag: Telur Ayam Ras (Pasar Kepahiang)
2026-06-25,PSR91,DAY01,38000,kg,BD-SP2KP,,,,,SP2KP Kemendag: Daging Ayam Ras (Pasar Kepahiang)
2026-06-25,PSR91,BWP01,40000,kg,BD-SP2KP,,,,,SP2KP Kemendag: Bawang Putih Honan (Pasar Kepahiang)
2026-06-25,PSR91,BRS05,15400,kg,BD-SP2KP,,,,,SP2KP Kemendag: Beras Premium (Pasar Kepahiang)
2026-06-25,PSR91,BRS03,13750,kg,BD-SP2KP,,,,,SP2KP Kemendag: Beras Medium (Pasar Kepahiang)
2026-06-25,PSR91,DSP02,140000,kg,BD-SP2KP,,,,,SP2KP Kemendag: Daging Sapi Paha Depan (Pasar Kepahiang)
2026-06-25,PSR91,CMR01,40000,kg,BD-SP2KP,,,,,SP2KP Kemendag: Cabai Merah Besar (Pasar Kepahiang)
2026-06-25,PSR01,CRW02,60000,kg,BD-SP2KP,,,,,SP2KP Kemendag: Cabai Rawit Merah (Pasar Taba Penanjung)
2026-06-25,PSR01,CRW01,50000,kg,BD-SP2KP,,,,,SP2KP Kemendag: Cabai Rawit Hijau (Pasar Taba Penanjung)
2026-06-25,PSR01,BWM01,40000,kg,BD-SP2KP,,,,,SP2KP Kemendag: Bawang Merah (Pasar Taba Penanjung)
2026-06-25,PSR01,GLP01,18000,kg,BD-SP2KP,,,,,SP2KP Kemendag: Gula Pasir Curah (Pasar Taba Penanjung)
2026-06-25,PSR01,GLP02,18000,kg,BD-SP2KP,,,,,SP2KP Kemendag: Gula Pasir Kemasan (Pasar Taba Penanjung)
2026-06-25,PSR01,MGR02,23000,liter,BD-SP2KP,,,,,SP2KP Kemendag: Minyak Goreng Sawit Kemasan Premium (Pasar Taba Penanjung)
2026-06-25,PSR01,DSP01,150000,kg,BD-SP2KP,,,,,SP2KP Kemendag: Daging Sapi Paha Belakang (Pasar Taba Penanjung)
2026-06-25,PSR01,CMR02,50000,kg,BD-SP2KP,,,,,SP2KP Kemendag: Cabai Merah Keriting (Pasar Taba Penanjung)
2026-06-25,PSR01,TLR01,26600,kg,BD-SP2KP,,,,,SP2KP Kemendag: Telur Ayam Ras (Pasar Taba Penanjung)
2026-06-25,PSR01,DAY01,33000,kg,BD-SP2KP,,,,,SP2KP Kemendag: Daging Ayam Ras (Pasar Taba Penanjung)
2026-06-25,PSR01,BWP01,40000,kg,BD-SP2KP,,,,,SP2KP Kemendag: Bawang Putih Honan (Pasar Taba Penanjung)
2026-06-25,PSR01,BRS05,16000,kg,BD-SP2KP,,,,,SP2KP Kemendag: Beras Premium (Pasar Taba Penanjung)
2026-06-25,PSR01,BRS03,13750,kg,BD-SP2KP,,,,,SP2KP Kemendag: Beras Medium (Pasar Taba Penanjung)
2026-06-25,PSR01,DSP02,150000,kg,BD-SP2KP,,,,,SP2KP Kemendag: Daging Sapi Paha Depan (Pasar Taba Penanjung)
2026-06-25,PSR01,CMR01,45000,kg,BD-SP2KP,,,,,SP2KP Kemendag: Cabai Merah Besar (Pasar Taba Penanjung)
2026-06-25,PSR92,CRW02,80000,kg,BD-SP2KP,,,,,SP2KP Kemendag: Cabai Rawit Merah (Pasar Panorama)
2026-06-25,PSR92,CRW01,40000,kg,BD-SP2KP,,,,,SP2KP Kemendag: Cabai Rawit Hijau (Pasar Panorama)
2026-06-25,PSR92,BWM01,56667,kg,BD-SP2KP,,,,,SP2KP Kemendag: Bawang Merah (Pasar Panorama)
2026-06-25,PSR92,GLP01,18000,kg,BD-SP2KP,,,,,SP2KP Kemendag: Gula Pasir Curah (Pasar Panorama)
2026-06-25,PSR92,GLP02,19000,kg,BD-SP2KP,,,,,SP2KP Kemendag: Gula Pasir Kemasan (Pasar Panorama)
2026-06-25,PSR92,MGR02,23000,liter,BD-SP2KP,,,,,SP2KP Kemendag: Minyak Goreng Sawit Kemasan Premium (Pasar Panorama)
2026-06-25,PSR92,DSP01,150000,kg,BD-SP2KP,,,,,SP2KP Kemendag: Daging Sapi Paha Belakang (Pasar Panorama)
2026-06-25,PSR92,CMR02,56667,kg,BD-SP2KP,,,,,SP2KP Kemendag: Cabai Merah Keriting (Pasar Panorama)
2026-06-25,PSR92,TLR01,30400,kg,BD-SP2KP,,,,,SP2KP Kemendag: Telur Ayam Ras (Pasar Panorama)
2026-06-25,PSR92,DAY01,38000,kg,BD-SP2KP,,,,,SP2KP Kemendag: Daging Ayam Ras (Pasar Panorama)
2026-06-25,PSR92,BWP01,55000,kg,BD-SP2KP,,,,,SP2KP Kemendag: Bawang Putih Honan (Pasar Panorama)
2026-06-25,PSR92,BRS05,16250,kg,BD-SP2KP,,,,,SP2KP Kemendag: Beras Premium (Pasar Panorama)
2026-06-25,PSR92,BRS03,14375,kg,BD-SP2KP,,,,,SP2KP Kemendag: Beras Medium (Pasar Panorama)
2026-06-25,PSR92,DSP02,150000,kg,BD-SP2KP,,,,,SP2KP Kemendag: Daging Sapi Paha Depan (Pasar Panorama)
2026-06-25,PSR92,CMR01,35000,kg,BD-SP2KP,,,,,SP2KP Kemendag: Cabai Merah Besar (Pasar Panorama)
2026-06-26,PSR91,CRW02,70000,kg,BD-SP2KP,,,,,SP2KP Kemendag: Cabai Rawit Merah (Pasar Kepahiang)
2026-06-26,PSR91,CRW01,40000,kg,BD-SP2KP,,,,,SP2KP Kemendag: Cabai Rawit Hijau (Pasar Kepahiang)
2026-06-26,PSR91,BWM01,40000,kg,BD-SP2KP,,,,,SP2KP Kemendag: Bawang Merah (Pasar Kepahiang)
2026-06-26,PSR91,GLP01,18833,kg,BD-SP2KP,,,,,SP2KP Kemendag: Gula Pasir Curah (Pasar Kepahiang)
2026-06-26,PSR91,GLP02,19000,kg,BD-SP2KP,,,,,SP2KP Kemendag: Gula Pasir Kemasan (Pasar Kepahiang)
2026-06-26,PSR91,MGR02,23000,liter,BD-SP2KP,,,,,SP2KP Kemendag: Minyak Goreng Sawit Kemasan Premium (Pasar Kepahiang)
2026-06-26,PSR91,DSP01,140000,kg,BD-SP2KP,,,,,SP2KP Kemendag: Daging Sapi Paha Belakang (Pasar Kepahiang)
2026-06-26,PSR91,CMR02,45000,kg,BD-SP2KP,,,,,SP2KP Kemendag: Cabai Merah Keriting (Pasar Kepahiang)
2026-06-26,PSR91,TLR01,26700,kg,BD-SP2KP,,,,,SP2KP Kemendag: Telur Ayam Ras (Pasar Kepahiang)
2026-06-26,PSR91,DAY01,38000,kg,BD-SP2KP,,,,,SP2KP Kemendag: Daging Ayam Ras (Pasar Kepahiang)
2026-06-26,PSR91,BWP01,40000,kg,BD-SP2KP,,,,,SP2KP Kemendag: Bawang Putih Honan (Pasar Kepahiang)
2026-06-26,PSR91,BRS05,15400,kg,BD-SP2KP,,,,,SP2KP Kemendag: Beras Premium (Pasar Kepahiang)
2026-06-26,PSR91,BRS03,13750,kg,BD-SP2KP,,,,,SP2KP Kemendag: Beras Medium (Pasar Kepahiang)
2026-06-26,PSR91,DSP02,140000,kg,BD-SP2KP,,,,,SP2KP Kemendag: Daging Sapi Paha Depan (Pasar Kepahiang)
2026-06-26,PSR91,CMR01,40000,kg,BD-SP2KP,,,,,SP2KP Kemendag: Cabai Merah Besar (Pasar Kepahiang)
2026-06-26,PSR01,CRW02,60000,kg,BD-SP2KP,,,,,SP2KP Kemendag: Cabai Rawit Merah (Pasar Taba Penanjung)
2026-06-26,PSR01,CRW01,50000,kg,BD-SP2KP,,,,,SP2KP Kemendag: Cabai Rawit Hijau (Pasar Taba Penanjung)
2026-06-26,PSR01,BWM01,40000,kg,BD-SP2KP,,,,,SP2KP Kemendag: Bawang Merah (Pasar Taba Penanjung)
2026-06-26,PSR01,GLP01,18000,kg,BD-SP2KP,,,,,SP2KP Kemendag: Gula Pasir Curah (Pasar Taba Penanjung)
2026-06-26,PSR01,GLP02,18000,kg,BD-SP2KP,,,,,SP2KP Kemendag: Gula Pasir Kemasan (Pasar Taba Penanjung)
2026-06-26,PSR01,MGR02,23000,liter,BD-SP2KP,,,,,SP2KP Kemendag: Minyak Goreng Sawit Kemasan Premium (Pasar Taba Penanjung)
2026-06-26,PSR01,DSP01,150000,kg,BD-SP2KP,,,,,SP2KP Kemendag: Daging Sapi Paha Belakang (Pasar Taba Penanjung)
2026-06-26,PSR01,CMR02,50000,kg,BD-SP2KP,,,,,SP2KP Kemendag: Cabai Merah Keriting (Pasar Taba Penanjung)
2026-06-26,PSR01,TLR01,26600,kg,BD-SP2KP,,,,,SP2KP Kemendag: Telur Ayam Ras (Pasar Taba Penanjung)
2026-06-26,PSR01,DAY01,33000,kg,BD-SP2KP,,,,,SP2KP Kemendag: Daging Ayam Ras (Pasar Taba Penanjung)
2026-06-26,PSR01,BWP01,40000,kg,BD-SP2KP,,,,,SP2KP Kemendag: Bawang Putih Honan (Pasar Taba Penanjung)
2026-06-26,PSR01,BRS05,16000,kg,BD-SP2KP,,,,,SP2KP Kemendag: Beras Premium (Pasar Taba Penanjung)
2026-06-26,PSR01,BRS03,13750,kg,BD-SP2KP,,,,,SP2KP Kemendag: Beras Medium (Pasar Taba Penanjung)
2026-06-26,PSR01,DSP02,150000,kg,BD-SP2KP,,,,,SP2KP Kemendag: Daging Sapi Paha Depan (Pasar Taba Penanjung)
2026-06-26,PSR01,CMR01,45000,kg,BD-SP2KP,,,,,SP2KP Kemendag: Cabai Merah Besar (Pasar Taba Penanjung)
2026-06-26,PSR92,CRW02,80000,kg,BD-SP2KP,,,,,SP2KP Kemendag: Cabai Rawit Merah (Pasar Panorama)
2026-06-26,PSR92,CRW01,40000,kg,BD-SP2KP,,,,,SP2KP Kemendag: Cabai Rawit Hijau (Pasar Panorama)
2026-06-26,PSR92,BWM01,56667,kg,BD-SP2KP,,,,,SP2KP Kemendag: Bawang Merah (Pasar Panorama)
2026-06-26,PSR92,GLP01,18000,kg,BD-SP2KP,,,,,SP2KP Kemendag: Gula Pasir Curah (Pasar Panorama)
2026-06-26,PSR92,GLP02,19000,kg,BD-SP2KP,,,,,SP2KP Kemendag: Gula Pasir Kemasan (Pasar Panorama)
2026-06-26,PSR92,MGR02,23000,liter,BD-SP2KP,,,,,SP2KP Kemendag: Minyak Goreng Sawit Kemasan Premium (Pasar Panorama)
2026-06-26,PSR92,DSP01,150000,kg,BD-SP2KP,,,,,SP2KP Kemendag: Daging Sapi Paha Belakang (Pasar Panorama)
2026-06-26,PSR92,CMR02,56667,kg,BD-SP2KP,,,,,SP2KP Kemendag: Cabai Merah Keriting (Pasar Panorama)
2026-06-26,PSR92,TLR01,30400,kg,BD-SP2KP,,,,,SP2KP Kemendag: Telur Ayam Ras (Pasar Panorama)
2026-06-26,PSR92,DAY01,38000,kg,BD-SP2KP,,,,,SP2KP Kemendag: Daging Ayam Ras (Pasar Panorama)
2026-06-26,PSR92,BWP01,55000,kg,BD-SP2KP,,,,,SP2KP Kemendag: Bawang Putih Honan (Pasar Panorama)
2026-06-26,PSR92,BRS05,16250,kg,BD-SP2KP,,,,,SP2KP Kemendag: Beras Premium (Pasar Panorama)
2026-06-26,PSR92,BRS03,14375,kg,BD-SP2KP,,,,,SP2KP Kemendag: Beras Medium (Pasar Panorama)
2026-06-26,PSR92,DSP02,150000,kg,BD-SP2KP,,,,,SP2KP Kemendag: Daging Sapi Paha Depan (Pasar Panorama)
2026-06-26,PSR92,CMR01,35000,kg,BD-SP2KP,,,,,SP2KP Kemendag: Cabai Merah Besar (Pasar Panorama)
2026-06-29,PSR91,CRW02,70000,kg,BD-SP2KP,,,,,SP2KP Kemendag: Cabai Rawit Merah (Pasar Kepahiang)
2026-06-29,PSR91,CRW01,40000,kg,BD-SP2KP,,,,,SP2KP Kemendag: Cabai Rawit Hijau (Pasar Kepahiang)
2026-06-29,PSR91,BWM01,44000,kg,BD-SP2KP,,,,,SP2KP Kemendag: Bawang Merah (Pasar Kepahiang)
2026-06-29,PSR91,GLP01,18833,kg,BD-SP2KP,,,,,SP2KP Kemendag: Gula Pasir Curah (Pasar Kepahiang)
2026-06-29,PSR91,GLP02,19000,kg,BD-SP2KP,,,,,SP2KP Kemendag: Gula Pasir Kemasan (Pasar Kepahiang)
2026-06-29,PSR91,MGR02,23000,liter,BD-SP2KP,,,,,SP2KP Kemendag: Minyak Goreng Sawit Kemasan Premium (Pasar Kepahiang)
2026-06-29,PSR91,DSP01,140000,kg,BD-SP2KP,,,,,SP2KP Kemendag: Daging Sapi Paha Belakang (Pasar Kepahiang)
2026-06-29,PSR91,CMR02,45000,kg,BD-SP2KP,,,,,SP2KP Kemendag: Cabai Merah Keriting (Pasar Kepahiang)
2026-06-29,PSR91,TLR01,26700,kg,BD-SP2KP,,,,,SP2KP Kemendag: Telur Ayam Ras (Pasar Kepahiang)
2026-06-29,PSR91,DAY01,38000,kg,BD-SP2KP,,,,,SP2KP Kemendag: Daging Ayam Ras (Pasar Kepahiang)
2026-06-29,PSR91,BWP01,44000,kg,BD-SP2KP,,,,,SP2KP Kemendag: Bawang Putih Honan (Pasar Kepahiang)
2026-06-29,PSR91,BRS05,15400,kg,BD-SP2KP,,,,,SP2KP Kemendag: Beras Premium (Pasar Kepahiang)
2026-06-29,PSR91,BRS03,13750,kg,BD-SP2KP,,,,,SP2KP Kemendag: Beras Medium (Pasar Kepahiang)
2026-06-29,PSR91,DSP02,140000,kg,BD-SP2KP,,,,,SP2KP Kemendag: Daging Sapi Paha Depan (Pasar Kepahiang)
2026-06-29,PSR91,CMR01,40000,kg,BD-SP2KP,,,,,SP2KP Kemendag: Cabai Merah Besar (Pasar Kepahiang)
2026-06-29,PSR01,CRW02,60000,kg,BD-SP2KP,,,,,SP2KP Kemendag: Cabai Rawit Merah (Pasar Taba Penanjung)
2026-06-29,PSR01,CRW01,50000,kg,BD-SP2KP,,,,,SP2KP Kemendag: Cabai Rawit Hijau (Pasar Taba Penanjung)
2026-06-29,PSR01,BWM01,40000,kg,BD-SP2KP,,,,,SP2KP Kemendag: Bawang Merah (Pasar Taba Penanjung)
2026-06-29,PSR01,GLP01,18000,kg,BD-SP2KP,,,,,SP2KP Kemendag: Gula Pasir Curah (Pasar Taba Penanjung)
2026-06-29,PSR01,GLP02,18000,kg,BD-SP2KP,,,,,SP2KP Kemendag: Gula Pasir Kemasan (Pasar Taba Penanjung)
2026-06-29,PSR01,MGR02,23000,liter,BD-SP2KP,,,,,SP2KP Kemendag: Minyak Goreng Sawit Kemasan Premium (Pasar Taba Penanjung)
2026-06-29,PSR01,DSP01,150000,kg,BD-SP2KP,,,,,SP2KP Kemendag: Daging Sapi Paha Belakang (Pasar Taba Penanjung)
2026-06-29,PSR01,CMR02,50000,kg,BD-SP2KP,,,,,SP2KP Kemendag: Cabai Merah Keriting (Pasar Taba Penanjung)
2026-06-29,PSR01,TLR01,26600,kg,BD-SP2KP,,,,,SP2KP Kemendag: Telur Ayam Ras (Pasar Taba Penanjung)
2026-06-29,PSR01,DAY01,33000,kg,BD-SP2KP,,,,,SP2KP Kemendag: Daging Ayam Ras (Pasar Taba Penanjung)
2026-06-29,PSR01,BWP01,40000,kg,BD-SP2KP,,,,,SP2KP Kemendag: Bawang Putih Honan (Pasar Taba Penanjung)
2026-06-29,PSR01,BRS05,16000,kg,BD-SP2KP,,,,,SP2KP Kemendag: Beras Premium (Pasar Taba Penanjung)
2026-06-29,PSR01,BRS03,13750,kg,BD-SP2KP,,,,,SP2KP Kemendag: Beras Medium (Pasar Taba Penanjung)
2026-06-29,PSR01,DSP02,150000,kg,BD-SP2KP,,,,,SP2KP Kemendag: Daging Sapi Paha Depan (Pasar Taba Penanjung)
2026-06-29,PSR01,CMR01,45000,kg,BD-SP2KP,,,,,SP2KP Kemendag: Cabai Merah Besar (Pasar Taba Penanjung)
2026-06-29,PSR92,CRW02,80000,kg,BD-SP2KP,,,,,SP2KP Kemendag: Cabai Rawit Merah (Pasar Panorama)
2026-06-29,PSR92,CRW01,40000,kg,BD-SP2KP,,,,,SP2KP Kemendag: Cabai Rawit Hijau (Pasar Panorama)
2026-06-29,PSR92,BWM01,56667,kg,BD-SP2KP,,,,,SP2KP Kemendag: Bawang Merah (Pasar Panorama)
2026-06-29,PSR92,GLP01,18000,kg,BD-SP2KP,,,,,SP2KP Kemendag: Gula Pasir Curah (Pasar Panorama)
2026-06-29,PSR92,GLP02,19000,kg,BD-SP2KP,,,,,SP2KP Kemendag: Gula Pasir Kemasan (Pasar Panorama)
2026-06-29,PSR92,MGR02,23000,liter,BD-SP2KP,,,,,SP2KP Kemendag: Minyak Goreng Sawit Kemasan Premium (Pasar Panorama)
2026-06-29,PSR92,DSP01,150000,kg,BD-SP2KP,,,,,SP2KP Kemendag: Daging Sapi Paha Belakang (Pasar Panorama)
2026-06-29,PSR92,CMR02,53333,kg,BD-SP2KP,,,,,SP2KP Kemendag: Cabai Merah Keriting (Pasar Panorama)
2026-06-29,PSR92,TLR01,30400,kg,BD-SP2KP,,,,,SP2KP Kemendag: Telur Ayam Ras (Pasar Panorama)
2026-06-29,PSR92,DAY01,38000,kg,BD-SP2KP,,,,,SP2KP Kemendag: Daging Ayam Ras (Pasar Panorama)
2026-06-29,PSR92,BWP01,55000,kg,BD-SP2KP,,,,,SP2KP Kemendag: Bawang Putih Honan (Pasar Panorama)
2026-06-29,PSR92,BRS05,16250,kg,BD-SP2KP,,,,,SP2KP Kemendag: Beras Premium (Pasar Panorama)
2026-06-29,PSR92,BRS03,14375,kg,BD-SP2KP,,,,,SP2KP Kemendag: Beras Medium (Pasar Panorama)
2026-06-29,PSR92,DSP02,150000,kg,BD-SP2KP,,,,,SP2KP Kemendag: Daging Sapi Paha Depan (Pasar Panorama)
2026-06-29,PSR92,CMR01,35000,kg,BD-SP2KP,,,,,SP2KP Kemendag: Cabai Merah Besar (Pasar Panorama)
2026-06-30,PSR91,CRW02,70000,kg,BD-SP2KP,,,,,SP2KP Kemendag: Cabai Rawit Merah (Pasar Kepahiang)
2026-06-30,PSR91,CRW01,40000,kg,BD-SP2KP,,,,,SP2KP Kemendag: Cabai Rawit Hijau (Pasar Kepahiang)
2026-06-30,PSR91,BWM01,44000,kg,BD-SP2KP,,,,,SP2KP Kemendag: Bawang Merah (Pasar Kepahiang)
2026-06-30,PSR91,GLP01,18833,kg,BD-SP2KP,,,,,SP2KP Kemendag: Gula Pasir Curah (Pasar Kepahiang)
2026-06-30,PSR91,GLP02,19000,kg,BD-SP2KP,,,,,SP2KP Kemendag: Gula Pasir Kemasan (Pasar Kepahiang)
2026-06-30,PSR91,MGR02,23000,liter,BD-SP2KP,,,,,SP2KP Kemendag: Minyak Goreng Sawit Kemasan Premium (Pasar Kepahiang)
2026-06-30,PSR91,DSP01,140000,kg,BD-SP2KP,,,,,SP2KP Kemendag: Daging Sapi Paha Belakang (Pasar Kepahiang)
2026-06-30,PSR91,CMR02,45000,kg,BD-SP2KP,,,,,SP2KP Kemendag: Cabai Merah Keriting (Pasar Kepahiang)
2026-06-30,PSR91,TLR01,26700,kg,BD-SP2KP,,,,,SP2KP Kemendag: Telur Ayam Ras (Pasar Kepahiang)
2026-06-30,PSR91,DAY01,38000,kg,BD-SP2KP,,,,,SP2KP Kemendag: Daging Ayam Ras (Pasar Kepahiang)
2026-06-30,PSR91,BWP01,44000,kg,BD-SP2KP,,,,,SP2KP Kemendag: Bawang Putih Honan (Pasar Kepahiang)
2026-06-30,PSR91,BRS05,15400,kg,BD-SP2KP,,,,,SP2KP Kemendag: Beras Premium (Pasar Kepahiang)
2026-06-30,PSR91,BRS03,13750,kg,BD-SP2KP,,,,,SP2KP Kemendag: Beras Medium (Pasar Kepahiang)
2026-06-30,PSR91,DSP02,140000,kg,BD-SP2KP,,,,,SP2KP Kemendag: Daging Sapi Paha Depan (Pasar Kepahiang)
2026-06-30,PSR91,CMR01,40000,kg,BD-SP2KP,,,,,SP2KP Kemendag: Cabai Merah Besar (Pasar Kepahiang)
2026-06-30,PSR01,CRW02,60000,kg,BD-SP2KP,,,,,SP2KP Kemendag: Cabai Rawit Merah (Pasar Taba Penanjung)
2026-06-30,PSR01,CRW01,50000,kg,BD-SP2KP,,,,,SP2KP Kemendag: Cabai Rawit Hijau (Pasar Taba Penanjung)
2026-06-30,PSR01,BWM01,40000,kg,BD-SP2KP,,,,,SP2KP Kemendag: Bawang Merah (Pasar Taba Penanjung)
2026-06-30,PSR01,GLP01,18000,kg,BD-SP2KP,,,,,SP2KP Kemendag: Gula Pasir Curah (Pasar Taba Penanjung)
2026-06-30,PSR01,GLP02,18000,kg,BD-SP2KP,,,,,SP2KP Kemendag: Gula Pasir Kemasan (Pasar Taba Penanjung)
2026-06-30,PSR01,MGR02,23000,liter,BD-SP2KP,,,,,SP2KP Kemendag: Minyak Goreng Sawit Kemasan Premium (Pasar Taba Penanjung)
2026-06-30,PSR01,DSP01,150000,kg,BD-SP2KP,,,,,SP2KP Kemendag: Daging Sapi Paha Belakang (Pasar Taba Penanjung)
2026-06-30,PSR01,CMR02,50000,kg,BD-SP2KP,,,,,SP2KP Kemendag: Cabai Merah Keriting (Pasar Taba Penanjung)
2026-06-30,PSR01,TLR01,26600,kg,BD-SP2KP,,,,,SP2KP Kemendag: Telur Ayam Ras (Pasar Taba Penanjung)
2026-06-30,PSR01,DAY01,33000,kg,BD-SP2KP,,,,,SP2KP Kemendag: Daging Ayam Ras (Pasar Taba Penanjung)
2026-06-30,PSR01,BWP01,40000,kg,BD-SP2KP,,,,,SP2KP Kemendag: Bawang Putih Honan (Pasar Taba Penanjung)
2026-06-30,PSR01,BRS05,16000,kg,BD-SP2KP,,,,,SP2KP Kemendag: Beras Premium (Pasar Taba Penanjung)
2026-06-30,PSR01,BRS03,13750,kg,BD-SP2KP,,,,,SP2KP Kemendag: Beras Medium (Pasar Taba Penanjung)
2026-06-30,PSR01,DSP02,150000,kg,BD-SP2KP,,,,,SP2KP Kemendag: Daging Sapi Paha Depan (Pasar Taba Penanjung)
2026-06-30,PSR01,CMR01,45000,kg,BD-SP2KP,,,,,SP2KP Kemendag: Cabai Merah Besar (Pasar Taba Penanjung)
2026-06-30,PSR92,CRW02,80000,kg,BD-SP2KP,,,,,SP2KP Kemendag: Cabai Rawit Merah (Pasar Panorama)
2026-06-30,PSR92,CRW01,40000,kg,BD-SP2KP,,,,,SP2KP Kemendag: Cabai Rawit Hijau (Pasar Panorama)
2026-06-30,PSR92,BWM01,56667,kg,BD-SP2KP,,,,,SP2KP Kemendag: Bawang Merah (Pasar Panorama)
2026-06-30,PSR92,GLP01,18000,kg,BD-SP2KP,,,,,SP2KP Kemendag: Gula Pasir Curah (Pasar Panorama)
2026-06-30,PSR92,GLP02,19000,kg,BD-SP2KP,,,,,SP2KP Kemendag: Gula Pasir Kemasan (Pasar Panorama)
2026-06-30,PSR92,MGR02,23000,liter,BD-SP2KP,,,,,SP2KP Kemendag: Minyak Goreng Sawit Kemasan Premium (Pasar Panorama)
2026-06-30,PSR92,DSP01,150000,kg,BD-SP2KP,,,,,SP2KP Kemendag: Daging Sapi Paha Belakang (Pasar Panorama)
2026-06-30,PSR92,CMR02,53333,kg,BD-SP2KP,,,,,SP2KP Kemendag: Cabai Merah Keriting (Pasar Panorama)
2026-06-30,PSR92,TLR01,30400,kg,BD-SP2KP,,,,,SP2KP Kemendag: Telur Ayam Ras (Pasar Panorama)
2026-06-30,PSR92,DAY01,38000,kg,BD-SP2KP,,,,,SP2KP Kemendag: Daging Ayam Ras (Pasar Panorama)
2026-06-30,PSR92,BWP01,55000,kg,BD-SP2KP,,,,,SP2KP Kemendag: Bawang Putih Honan (Pasar Panorama)
2026-06-30,PSR92,BRS05,16250,kg,BD-SP2KP,,,,,SP2KP Kemendag: Beras Premium (Pasar Panorama)
2026-06-30,PSR92,BRS03,14375,kg,BD-SP2KP,,,,,SP2KP Kemendag: Beras Medium (Pasar Panorama)
2026-06-30,PSR92,DSP02,150000,kg,BD-SP2KP,,,,,SP2KP Kemendag: Daging Sapi Paha Depan (Pasar Panorama)
2026-06-30,PSR92,CMR01,35000,kg,BD-SP2KP,,,,,SP2KP Kemendag: Cabai Merah Besar (Pasar Panorama)
2026-07-01,PSR91,CRW02,70000,kg,BD-SP2KP,,,,,SP2KP Kemendag: Cabai Rawit Merah (Pasar Kepahiang)
2026-07-01,PSR91,CRW01,40000,kg,BD-SP2KP,,,,,SP2KP Kemendag: Cabai Rawit Hijau (Pasar Kepahiang)
2026-07-01,PSR91,BWM01,44000,kg,BD-SP2KP,,,,,SP2KP Kemendag: Bawang Merah (Pasar Kepahiang)
2026-07-01,PSR91,GLP01,18833,kg,BD-SP2KP,,,,,SP2KP Kemendag: Gula Pasir Curah (Pasar Kepahiang)
2026-07-01,PSR91,GLP02,19000,kg,BD-SP2KP,,,,,SP2KP Kemendag: Gula Pasir Kemasan (Pasar Kepahiang)
2026-07-01,PSR91,MGR02,23000,liter,BD-SP2KP,,,,,SP2KP Kemendag: Minyak Goreng Sawit Kemasan Premium (Pasar Kepahiang)
2026-07-01,PSR91,DSP01,140000,kg,BD-SP2KP,,,,,SP2KP Kemendag: Daging Sapi Paha Belakang (Pasar Kepahiang)
2026-07-01,PSR91,CMR02,45000,kg,BD-SP2KP,,,,,SP2KP Kemendag: Cabai Merah Keriting (Pasar Kepahiang)
2026-07-01,PSR91,TLR01,25600,kg,BD-SP2KP,,,,,SP2KP Kemendag: Telur Ayam Ras (Pasar Kepahiang)
2026-07-01,PSR91,DAY01,38000,kg,BD-SP2KP,,,,,SP2KP Kemendag: Daging Ayam Ras (Pasar Kepahiang)
2026-07-01,PSR91,BWP01,44000,kg,BD-SP2KP,,,,,SP2KP Kemendag: Bawang Putih Honan (Pasar Kepahiang)
2026-07-01,PSR91,BRS05,15400,kg,BD-SP2KP,,,,,SP2KP Kemendag: Beras Premium (Pasar Kepahiang)
2026-07-01,PSR91,BRS03,13750,kg,BD-SP2KP,,,,,SP2KP Kemendag: Beras Medium (Pasar Kepahiang)
2026-07-01,PSR91,DSP02,140000,kg,BD-SP2KP,,,,,SP2KP Kemendag: Daging Sapi Paha Depan (Pasar Kepahiang)
2026-07-01,PSR91,CMR01,40000,kg,BD-SP2KP,,,,,SP2KP Kemendag: Cabai Merah Besar (Pasar Kepahiang)
2026-07-01,PSR01,CRW02,60000,kg,BD-SP2KP,,,,,SP2KP Kemendag: Cabai Rawit Merah (Pasar Taba Penanjung)
2026-07-01,PSR01,CRW01,50000,kg,BD-SP2KP,,,,,SP2KP Kemendag: Cabai Rawit Hijau (Pasar Taba Penanjung)
2026-07-01,PSR01,BWM01,40000,kg,BD-SP2KP,,,,,SP2KP Kemendag: Bawang Merah (Pasar Taba Penanjung)
2026-07-01,PSR01,GLP01,18000,kg,BD-SP2KP,,,,,SP2KP Kemendag: Gula Pasir Curah (Pasar Taba Penanjung)
2026-07-01,PSR01,GLP02,18000,kg,BD-SP2KP,,,,,SP2KP Kemendag: Gula Pasir Kemasan (Pasar Taba Penanjung)
2026-07-01,PSR01,MGR02,23000,liter,BD-SP2KP,,,,,SP2KP Kemendag: Minyak Goreng Sawit Kemasan Premium (Pasar Taba Penanjung)
2026-07-01,PSR01,DSP01,150000,kg,BD-SP2KP,,,,,SP2KP Kemendag: Daging Sapi Paha Belakang (Pasar Taba Penanjung)
2026-07-01,PSR01,CMR02,50000,kg,BD-SP2KP,,,,,SP2KP Kemendag: Cabai Merah Keriting (Pasar Taba Penanjung)
2026-07-01,PSR01,TLR01,26600,kg,BD-SP2KP,,,,,SP2KP Kemendag: Telur Ayam Ras (Pasar Taba Penanjung)
2026-07-01,PSR01,DAY01,33000,kg,BD-SP2KP,,,,,SP2KP Kemendag: Daging Ayam Ras (Pasar Taba Penanjung)
2026-07-01,PSR01,BWP01,40000,kg,BD-SP2KP,,,,,SP2KP Kemendag: Bawang Putih Honan (Pasar Taba Penanjung)
2026-07-01,PSR01,BRS05,16000,kg,BD-SP2KP,,,,,SP2KP Kemendag: Beras Premium (Pasar Taba Penanjung)
2026-07-01,PSR01,BRS03,13750,kg,BD-SP2KP,,,,,SP2KP Kemendag: Beras Medium (Pasar Taba Penanjung)
2026-07-01,PSR01,DSP02,150000,kg,BD-SP2KP,,,,,SP2KP Kemendag: Daging Sapi Paha Depan (Pasar Taba Penanjung)
2026-07-01,PSR01,CMR01,45000,kg,BD-SP2KP,,,,,SP2KP Kemendag: Cabai Merah Besar (Pasar Taba Penanjung)
2026-07-01,PSR92,CRW02,80000,kg,BD-SP2KP,,,,,SP2KP Kemendag: Cabai Rawit Merah (Pasar Panorama)
2026-07-01,PSR92,CRW01,40000,kg,BD-SP2KP,,,,,SP2KP Kemendag: Cabai Rawit Hijau (Pasar Panorama)
2026-07-01,PSR92,BWM01,56667,kg,BD-SP2KP,,,,,SP2KP Kemendag: Bawang Merah (Pasar Panorama)
2026-07-01,PSR92,GLP01,18000,kg,BD-SP2KP,,,,,SP2KP Kemendag: Gula Pasir Curah (Pasar Panorama)
2026-07-01,PSR92,GLP02,19000,kg,BD-SP2KP,,,,,SP2KP Kemendag: Gula Pasir Kemasan (Pasar Panorama)
2026-07-01,PSR92,MGR02,23000,liter,BD-SP2KP,,,,,SP2KP Kemendag: Minyak Goreng Sawit Kemasan Premium (Pasar Panorama)
2026-07-01,PSR92,DSP01,150000,kg,BD-SP2KP,,,,,SP2KP Kemendag: Daging Sapi Paha Belakang (Pasar Panorama)
2026-07-01,PSR92,CMR02,53333,kg,BD-SP2KP,,,,,SP2KP Kemendag: Cabai Merah Keriting (Pasar Panorama)
2026-07-01,PSR92,TLR01,30400,kg,BD-SP2KP,,,,,SP2KP Kemendag: Telur Ayam Ras (Pasar Panorama)
2026-07-01,PSR92,DAY01,38000,kg,BD-SP2KP,,,,,SP2KP Kemendag: Daging Ayam Ras (Pasar Panorama)
2026-07-01,PSR92,BWP01,55000,kg,BD-SP2KP,,,,,SP2KP Kemendag: Bawang Putih Honan (Pasar Panorama)
2026-07-01,PSR92,BRS05,16250,kg,BD-SP2KP,,,,,SP2KP Kemendag: Beras Premium (Pasar Panorama)
2026-07-01,PSR92,BRS03,14375,kg,BD-SP2KP,,,,,SP2KP Kemendag: Beras Medium (Pasar Panorama)
2026-07-01,PSR92,DSP02,150000,kg,BD-SP2KP,,,,,SP2KP Kemendag: Daging Sapi Paha Depan (Pasar Panorama)
2026-07-01,PSR92,CMR01,35000,kg,BD-SP2KP,,,,,SP2KP Kemendag: Cabai Merah Besar (Pasar Panorama)
2026-07-02,PSR91,CRW02,70000,kg,BD-SP2KP,,,,,SP2KP Kemendag: Cabai Rawit Merah (Pasar Kepahiang)
2026-07-02,PSR91,CRW01,40000,kg,BD-SP2KP,,,,,SP2KP Kemendag: Cabai Rawit Hijau (Pasar Kepahiang)
2026-07-02,PSR91,BWM01,44000,kg,BD-SP2KP,,,,,SP2KP Kemendag: Bawang Merah (Pasar Kepahiang)
2026-07-02,PSR91,GLP01,18833,kg,BD-SP2KP,,,,,SP2KP Kemendag: Gula Pasir Curah (Pasar Kepahiang)
2026-07-02,PSR91,GLP02,19000,kg,BD-SP2KP,,,,,SP2KP Kemendag: Gula Pasir Kemasan (Pasar Kepahiang)
2026-07-02,PSR91,MGR02,23000,liter,BD-SP2KP,,,,,SP2KP Kemendag: Minyak Goreng Sawit Kemasan Premium (Pasar Kepahiang)
2026-07-02,PSR91,DSP01,140000,kg,BD-SP2KP,,,,,SP2KP Kemendag: Daging Sapi Paha Belakang (Pasar Kepahiang)
2026-07-02,PSR91,CMR02,45000,kg,BD-SP2KP,,,,,SP2KP Kemendag: Cabai Merah Keriting (Pasar Kepahiang)
2026-07-02,PSR91,TLR01,25600,kg,BD-SP2KP,,,,,SP2KP Kemendag: Telur Ayam Ras (Pasar Kepahiang)
2026-07-02,PSR91,DAY01,38000,kg,BD-SP2KP,,,,,SP2KP Kemendag: Daging Ayam Ras (Pasar Kepahiang)
2026-07-02,PSR91,BWP01,44000,kg,BD-SP2KP,,,,,SP2KP Kemendag: Bawang Putih Honan (Pasar Kepahiang)
2026-07-02,PSR91,BRS05,15400,kg,BD-SP2KP,,,,,SP2KP Kemendag: Beras Premium (Pasar Kepahiang)
2026-07-02,PSR91,BRS03,13750,kg,BD-SP2KP,,,,,SP2KP Kemendag: Beras Medium (Pasar Kepahiang)
2026-07-02,PSR91,DSP02,140000,kg,BD-SP2KP,,,,,SP2KP Kemendag: Daging Sapi Paha Depan (Pasar Kepahiang)
2026-07-02,PSR91,CMR01,40000,kg,BD-SP2KP,,,,,SP2KP Kemendag: Cabai Merah Besar (Pasar Kepahiang)
2026-07-02,PSR01,CRW02,50000,kg,BD-SP2KP,,,,,SP2KP Kemendag: Cabai Rawit Merah (Pasar Taba Penanjung)
2026-07-02,PSR01,CRW01,45000,kg,BD-SP2KP,,,,,SP2KP Kemendag: Cabai Rawit Hijau (Pasar Taba Penanjung)
2026-07-02,PSR01,BWM01,40000,kg,BD-SP2KP,,,,,SP2KP Kemendag: Bawang Merah (Pasar Taba Penanjung)
2026-07-02,PSR01,GLP01,18000,kg,BD-SP2KP,,,,,SP2KP Kemendag: Gula Pasir Curah (Pasar Taba Penanjung)
2026-07-02,PSR01,GLP02,18000,kg,BD-SP2KP,,,,,SP2KP Kemendag: Gula Pasir Kemasan (Pasar Taba Penanjung)
2026-07-02,PSR01,MGR02,23000,liter,BD-SP2KP,,,,,SP2KP Kemendag: Minyak Goreng Sawit Kemasan Premium (Pasar Taba Penanjung)
2026-07-02,PSR01,DSP01,150000,kg,BD-SP2KP,,,,,SP2KP Kemendag: Daging Sapi Paha Belakang (Pasar Taba Penanjung)
2026-07-02,PSR01,CMR02,45000,kg,BD-SP2KP,,,,,SP2KP Kemendag: Cabai Merah Keriting (Pasar Taba Penanjung)
2026-07-02,PSR01,TLR01,26600,kg,BD-SP2KP,,,,,SP2KP Kemendag: Telur Ayam Ras (Pasar Taba Penanjung)
2026-07-02,PSR01,DAY01,30000,kg,BD-SP2KP,,,,,SP2KP Kemendag: Daging Ayam Ras (Pasar Taba Penanjung)
2026-07-02,PSR01,BWP01,40000,kg,BD-SP2KP,,,,,SP2KP Kemendag: Bawang Putih Honan (Pasar Taba Penanjung)
2026-07-02,PSR01,BRS05,16000,kg,BD-SP2KP,,,,,SP2KP Kemendag: Beras Premium (Pasar Taba Penanjung)
2026-07-02,PSR01,BRS03,13750,kg,BD-SP2KP,,,,,SP2KP Kemendag: Beras Medium (Pasar Taba Penanjung)
2026-07-02,PSR01,DSP02,150000,kg,BD-SP2KP,,,,,SP2KP Kemendag: Daging Sapi Paha Depan (Pasar Taba Penanjung)
2026-07-02,PSR01,CMR01,45000,kg,BD-SP2KP,,,,,SP2KP Kemendag: Cabai Merah Besar (Pasar Taba Penanjung)
2026-07-02,PSR92,CRW02,80000,kg,BD-SP2KP,,,,,SP2KP Kemendag: Cabai Rawit Merah (Pasar Panorama)
2026-07-02,PSR92,CRW01,40000,kg,BD-SP2KP,,,,,SP2KP Kemendag: Cabai Rawit Hijau (Pasar Panorama)
2026-07-02,PSR92,BWM01,56667,kg,BD-SP2KP,,,,,SP2KP Kemendag: Bawang Merah (Pasar Panorama)
2026-07-02,PSR92,GLP01,18000,kg,BD-SP2KP,,,,,SP2KP Kemendag: Gula Pasir Curah (Pasar Panorama)
2026-07-02,PSR92,GLP02,19000,kg,BD-SP2KP,,,,,SP2KP Kemendag: Gula Pasir Kemasan (Pasar Panorama)
2026-07-02,PSR92,MGR02,23000,liter,BD-SP2KP,,,,,SP2KP Kemendag: Minyak Goreng Sawit Kemasan Premium (Pasar Panorama)
2026-07-02,PSR92,DSP01,150000,kg,BD-SP2KP,,,,,SP2KP Kemendag: Daging Sapi Paha Belakang (Pasar Panorama)
2026-07-02,PSR92,CMR02,53333,kg,BD-SP2KP,,,,,SP2KP Kemendag: Cabai Merah Keriting (Pasar Panorama)
2026-07-02,PSR92,TLR01,30400,kg,BD-SP2KP,,,,,SP2KP Kemendag: Telur Ayam Ras (Pasar Panorama)
2026-07-02,PSR92,DAY01,38000,kg,BD-SP2KP,,,,,SP2KP Kemendag: Daging Ayam Ras (Pasar Panorama)
2026-07-02,PSR92,BWP01,55000,kg,BD-SP2KP,,,,,SP2KP Kemendag: Bawang Putih Honan (Pasar Panorama)
2026-07-02,PSR92,BRS05,16250,kg,BD-SP2KP,,,,,SP2KP Kemendag: Beras Premium (Pasar Panorama)
2026-07-02,PSR92,BRS03,14375,kg,BD-SP2KP,,,,,SP2KP Kemendag: Beras Medium (Pasar Panorama)
2026-07-02,PSR92,DSP02,150000,kg,BD-SP2KP,,,,,SP2KP Kemendag: Daging Sapi Paha Depan (Pasar Panorama)
2026-07-02,PSR92,CMR01,35000,kg,BD-SP2KP,,,,,SP2KP Kemendag: Cabai Merah Besar (Pasar Panorama)
2026-07-03,PSR91,CRW02,70000,kg,BD-SP2KP,,,,,SP2KP Kemendag: Cabai Rawit Merah (Pasar Kepahiang)
2026-07-03,PSR91,CRW01,40000,kg,BD-SP2KP,,,,,SP2KP Kemendag: Cabai Rawit Hijau (Pasar Kepahiang)
2026-07-03,PSR91,BWM01,44000,kg,BD-SP2KP,,,,,SP2KP Kemendag: Bawang Merah (Pasar Kepahiang)
2026-07-03,PSR91,GLP01,18833,kg,BD-SP2KP,,,,,SP2KP Kemendag: Gula Pasir Curah (Pasar Kepahiang)
2026-07-03,PSR91,GLP02,19000,kg,BD-SP2KP,,,,,SP2KP Kemendag: Gula Pasir Kemasan (Pasar Kepahiang)
2026-07-03,PSR91,MGR02,23000,liter,BD-SP2KP,,,,,SP2KP Kemendag: Minyak Goreng Sawit Kemasan Premium (Pasar Kepahiang)
2026-07-03,PSR91,DSP01,140000,kg,BD-SP2KP,,,,,SP2KP Kemendag: Daging Sapi Paha Belakang (Pasar Kepahiang)
2026-07-03,PSR91,CMR02,45000,kg,BD-SP2KP,,,,,SP2KP Kemendag: Cabai Merah Keriting (Pasar Kepahiang)
2026-07-03,PSR91,TLR01,25600,kg,BD-SP2KP,,,,,SP2KP Kemendag: Telur Ayam Ras (Pasar Kepahiang)
2026-07-03,PSR91,DAY01,38000,kg,BD-SP2KP,,,,,SP2KP Kemendag: Daging Ayam Ras (Pasar Kepahiang)
2026-07-03,PSR91,BWP01,44000,kg,BD-SP2KP,,,,,SP2KP Kemendag: Bawang Putih Honan (Pasar Kepahiang)
2026-07-03,PSR91,BRS05,15400,kg,BD-SP2KP,,,,,SP2KP Kemendag: Beras Premium (Pasar Kepahiang)
2026-07-03,PSR91,BRS03,13750,kg,BD-SP2KP,,,,,SP2KP Kemendag: Beras Medium (Pasar Kepahiang)
2026-07-03,PSR91,DSP02,140000,kg,BD-SP2KP,,,,,SP2KP Kemendag: Daging Sapi Paha Depan (Pasar Kepahiang)
2026-07-03,PSR91,CMR01,40000,kg,BD-SP2KP,,,,,SP2KP Kemendag: Cabai Merah Besar (Pasar Kepahiang)
2026-07-03,PSR01,CRW02,50000,kg,BD-SP2KP,,,,,SP2KP Kemendag: Cabai Rawit Merah (Pasar Taba Penanjung)
2026-07-03,PSR01,CRW01,45000,kg,BD-SP2KP,,,,,SP2KP Kemendag: Cabai Rawit Hijau (Pasar Taba Penanjung)
2026-07-03,PSR01,BWM01,40000,kg,BD-SP2KP,,,,,SP2KP Kemendag: Bawang Merah (Pasar Taba Penanjung)
2026-07-03,PSR01,GLP01,18000,kg,BD-SP2KP,,,,,SP2KP Kemendag: Gula Pasir Curah (Pasar Taba Penanjung)
2026-07-03,PSR01,GLP02,18000,kg,BD-SP2KP,,,,,SP2KP Kemendag: Gula Pasir Kemasan (Pasar Taba Penanjung)
2026-07-03,PSR01,MGR02,23000,liter,BD-SP2KP,,,,,SP2KP Kemendag: Minyak Goreng Sawit Kemasan Premium (Pasar Taba Penanjung)
2026-07-03,PSR01,DSP01,150000,kg,BD-SP2KP,,,,,SP2KP Kemendag: Daging Sapi Paha Belakang (Pasar Taba Penanjung)
2026-07-03,PSR01,CMR02,45000,kg,BD-SP2KP,,,,,SP2KP Kemendag: Cabai Merah Keriting (Pasar Taba Penanjung)
2026-07-03,PSR01,TLR01,26600,kg,BD-SP2KP,,,,,SP2KP Kemendag: Telur Ayam Ras (Pasar Taba Penanjung)
2026-07-03,PSR01,DAY01,30000,kg,BD-SP2KP,,,,,SP2KP Kemendag: Daging Ayam Ras (Pasar Taba Penanjung)
2026-07-03,PSR01,BWP01,40000,kg,BD-SP2KP,,,,,SP2KP Kemendag: Bawang Putih Honan (Pasar Taba Penanjung)
2026-07-03,PSR01,BRS05,16000,kg,BD-SP2KP,,,,,SP2KP Kemendag: Beras Premium (Pasar Taba Penanjung)
2026-07-03,PSR01,BRS03,13750,kg,BD-SP2KP,,,,,SP2KP Kemendag: Beras Medium (Pasar Taba Penanjung)
2026-07-03,PSR01,DSP02,150000,kg,BD-SP2KP,,,,,SP2KP Kemendag: Daging Sapi Paha Depan (Pasar Taba Penanjung)
2026-07-03,PSR01,CMR01,45000,kg,BD-SP2KP,,,,,SP2KP Kemendag: Cabai Merah Besar (Pasar Taba Penanjung)
2026-07-03,PSR92,CRW02,75000,kg,BD-SP2KP,,,,,SP2KP Kemendag: Cabai Rawit Merah (Pasar Panorama)
2026-07-03,PSR92,CRW01,40000,kg,BD-SP2KP,,,,,SP2KP Kemendag: Cabai Rawit Hijau (Pasar Panorama)
2026-07-03,PSR92,BWM01,56667,kg,BD-SP2KP,,,,,SP2KP Kemendag: Bawang Merah (Pasar Panorama)
2026-07-03,PSR92,GLP01,18000,kg,BD-SP2KP,,,,,SP2KP Kemendag: Gula Pasir Curah (Pasar Panorama)
2026-07-03,PSR92,GLP02,19000,kg,BD-SP2KP,,,,,SP2KP Kemendag: Gula Pasir Kemasan (Pasar Panorama)
2026-07-03,PSR92,MGR02,23000,liter,BD-SP2KP,,,,,SP2KP Kemendag: Minyak Goreng Sawit Kemasan Premium (Pasar Panorama)
2026-07-03,PSR92,DSP01,150000,kg,BD-SP2KP,,,,,SP2KP Kemendag: Daging Sapi Paha Belakang (Pasar Panorama)
2026-07-03,PSR92,CMR02,50000,kg,BD-SP2KP,,,,,SP2KP Kemendag: Cabai Merah Keriting (Pasar Panorama)
2026-07-03,PSR92,TLR01,30400,kg,BD-SP2KP,,,,,SP2KP Kemendag: Telur Ayam Ras (Pasar Panorama)
2026-07-03,PSR92,DAY01,35667,kg,BD-SP2KP,,,,,SP2KP Kemendag: Daging Ayam Ras (Pasar Panorama)
2026-07-03,PSR92,BWP01,55000,kg,BD-SP2KP,,,,,SP2KP Kemendag: Bawang Putih Honan (Pasar Panorama)
2026-07-03,PSR92,BRS05,16500,kg,BD-SP2KP,,,,,SP2KP Kemendag: Beras Premium (Pasar Panorama)
2026-07-03,PSR92,BRS03,14625,kg,BD-SP2KP,,,,,SP2KP Kemendag: Beras Medium (Pasar Panorama)
2026-07-03,PSR92,DSP02,150000,kg,BD-SP2KP,,,,,SP2KP Kemendag: Daging Sapi Paha Depan (Pasar Panorama)
2026-07-03,PSR92,CMR01,35000,kg,BD-SP2KP,,,,,SP2KP Kemendag: Cabai Merah Besar (Pasar Panorama)
2026-07-06,PSR91,CRW02,58333,kg,BD-SP2KP,,,,,SP2KP Kemendag: Cabai Rawit Merah (Pasar Kepahiang)
2026-07-06,PSR91,CRW01,40000,kg,BD-SP2KP,,,,,SP2KP Kemendag: Cabai Rawit Hijau (Pasar Kepahiang)
2026-07-06,PSR91,BWM01,40000,kg,BD-SP2KP,,,,,SP2KP Kemendag: Bawang Merah (Pasar Kepahiang)
2026-07-06,PSR91,GLP01,18833,kg,BD-SP2KP,,,,,SP2KP Kemendag: Gula Pasir Curah (Pasar Kepahiang)
2026-07-06,PSR91,GLP02,19000,kg,BD-SP2KP,,,,,SP2KP Kemendag: Gula Pasir Kemasan (Pasar Kepahiang)
2026-07-06,PSR91,MGR02,23000,liter,BD-SP2KP,,,,,SP2KP Kemendag: Minyak Goreng Sawit Kemasan Premium (Pasar Kepahiang)
2026-07-06,PSR91,DSP01,140000,kg,BD-SP2KP,,,,,SP2KP Kemendag: Daging Sapi Paha Belakang (Pasar Kepahiang)
2026-07-06,PSR91,CMR02,40000,kg,BD-SP2KP,,,,,SP2KP Kemendag: Cabai Merah Keriting (Pasar Kepahiang)
2026-07-06,PSR91,TLR01,25600,kg,BD-SP2KP,,,,,SP2KP Kemendag: Telur Ayam Ras (Pasar Kepahiang)
2026-07-06,PSR91,DAY01,38000,kg,BD-SP2KP,,,,,SP2KP Kemendag: Daging Ayam Ras (Pasar Kepahiang)
2026-07-06,PSR91,BWP01,44000,kg,BD-SP2KP,,,,,SP2KP Kemendag: Bawang Putih Honan (Pasar Kepahiang)
2026-07-06,PSR91,BRS05,15400,kg,BD-SP2KP,,,,,SP2KP Kemendag: Beras Premium (Pasar Kepahiang)
2026-07-06,PSR91,BRS03,13750,kg,BD-SP2KP,,,,,SP2KP Kemendag: Beras Medium (Pasar Kepahiang)
2026-07-06,PSR91,DSP02,140000,kg,BD-SP2KP,,,,,SP2KP Kemendag: Daging Sapi Paha Depan (Pasar Kepahiang)
2026-07-06,PSR91,CMR01,40000,kg,BD-SP2KP,,,,,SP2KP Kemendag: Cabai Merah Besar (Pasar Kepahiang)
2026-07-06,PSR01,CRW02,50000,kg,BD-SP2KP,,,,,SP2KP Kemendag: Cabai Rawit Merah (Pasar Taba Penanjung)
2026-07-06,PSR01,CRW01,45000,kg,BD-SP2KP,,,,,SP2KP Kemendag: Cabai Rawit Hijau (Pasar Taba Penanjung)
2026-07-06,PSR01,BWM01,40000,kg,BD-SP2KP,,,,,SP2KP Kemendag: Bawang Merah (Pasar Taba Penanjung)
2026-07-06,PSR01,GLP01,18000,kg,BD-SP2KP,,,,,SP2KP Kemendag: Gula Pasir Curah (Pasar Taba Penanjung)
2026-07-06,PSR01,GLP02,18000,kg,BD-SP2KP,,,,,SP2KP Kemendag: Gula Pasir Kemasan (Pasar Taba Penanjung)
2026-07-06,PSR01,MGR02,23000,liter,BD-SP2KP,,,,,SP2KP Kemendag: Minyak Goreng Sawit Kemasan Premium (Pasar Taba Penanjung)
2026-07-06,PSR01,DSP01,150000,kg,BD-SP2KP,,,,,SP2KP Kemendag: Daging Sapi Paha Belakang (Pasar Taba Penanjung)
2026-07-06,PSR01,CMR02,45000,kg,BD-SP2KP,,,,,SP2KP Kemendag: Cabai Merah Keriting (Pasar Taba Penanjung)
2026-07-06,PSR01,TLR01,26600,kg,BD-SP2KP,,,,,SP2KP Kemendag: Telur Ayam Ras (Pasar Taba Penanjung)
2026-07-06,PSR01,DAY01,30000,kg,BD-SP2KP,,,,,SP2KP Kemendag: Daging Ayam Ras (Pasar Taba Penanjung)
2026-07-06,PSR01,BWP01,40000,kg,BD-SP2KP,,,,,SP2KP Kemendag: Bawang Putih Honan (Pasar Taba Penanjung)
2026-07-06,PSR01,BRS05,16000,kg,BD-SP2KP,,,,,SP2KP Kemendag: Beras Premium (Pasar Taba Penanjung)
2026-07-06,PSR01,BRS03,13750,kg,BD-SP2KP,,,,,SP2KP Kemendag: Beras Medium (Pasar Taba Penanjung)
2026-07-06,PSR01,DSP02,150000,kg,BD-SP2KP,,,,,SP2KP Kemendag: Daging Sapi Paha Depan (Pasar Taba Penanjung)
2026-07-06,PSR01,CMR01,45000,kg,BD-SP2KP,,,,,SP2KP Kemendag: Cabai Merah Besar (Pasar Taba Penanjung)
2026-07-06,PSR92,CRW02,75000,kg,BD-SP2KP,,,,,SP2KP Kemendag: Cabai Rawit Merah (Pasar Panorama)
2026-07-06,PSR92,CRW01,40000,kg,BD-SP2KP,,,,,SP2KP Kemendag: Cabai Rawit Hijau (Pasar Panorama)
2026-07-06,PSR92,BWM01,53333,kg,BD-SP2KP,,,,,SP2KP Kemendag: Bawang Merah (Pasar Panorama)
2026-07-06,PSR92,GLP01,18000,kg,BD-SP2KP,,,,,SP2KP Kemendag: Gula Pasir Curah (Pasar Panorama)
2026-07-06,PSR92,GLP02,19000,kg,BD-SP2KP,,,,,SP2KP Kemendag: Gula Pasir Kemasan (Pasar Panorama)
2026-07-06,PSR92,MGR02,23000,liter,BD-SP2KP,,,,,SP2KP Kemendag: Minyak Goreng Sawit Kemasan Premium (Pasar Panorama)
2026-07-06,PSR92,DSP01,150000,kg,BD-SP2KP,,,,,SP2KP Kemendag: Daging Sapi Paha Belakang (Pasar Panorama)
2026-07-06,PSR92,CMR02,50000,kg,BD-SP2KP,,,,,SP2KP Kemendag: Cabai Merah Keriting (Pasar Panorama)
2026-07-06,PSR92,TLR01,30400,kg,BD-SP2KP,,,,,SP2KP Kemendag: Telur Ayam Ras (Pasar Panorama)
2026-07-06,PSR92,DAY01,35667,kg,BD-SP2KP,,,,,SP2KP Kemendag: Daging Ayam Ras (Pasar Panorama)
2026-07-06,PSR92,BWP01,53333,kg,BD-SP2KP,,,,,SP2KP Kemendag: Bawang Putih Honan (Pasar Panorama)
2026-07-06,PSR92,BRS05,16500,kg,BD-SP2KP,,,,,SP2KP Kemendag: Beras Premium (Pasar Panorama)
2026-07-06,PSR92,BRS03,14625,kg,BD-SP2KP,,,,,SP2KP Kemendag: Beras Medium (Pasar Panorama)
2026-07-06,PSR92,DSP02,150000,kg,BD-SP2KP,,,,,SP2KP Kemendag: Daging Sapi Paha Depan (Pasar Panorama)
2026-07-06,PSR92,CMR01,35000,kg,BD-SP2KP,,,,,SP2KP Kemendag: Cabai Merah Besar (Pasar Panorama)
2026-07-07,PSR91,CRW02,58333,kg,BD-SP2KP,,,,,SP2KP Kemendag: Cabai Rawit Merah (Pasar Kepahiang)
2026-07-07,PSR91,CRW01,40000,kg,BD-SP2KP,,,,,SP2KP Kemendag: Cabai Rawit Hijau (Pasar Kepahiang)
2026-07-07,PSR91,BWM01,40000,kg,BD-SP2KP,,,,,SP2KP Kemendag: Bawang Merah (Pasar Kepahiang)
2026-07-07,PSR91,GLP01,18833,kg,BD-SP2KP,,,,,SP2KP Kemendag: Gula Pasir Curah (Pasar Kepahiang)
2026-07-07,PSR91,GLP02,19000,kg,BD-SP2KP,,,,,SP2KP Kemendag: Gula Pasir Kemasan (Pasar Kepahiang)
2026-07-07,PSR91,MGR02,23000,liter,BD-SP2KP,,,,,SP2KP Kemendag: Minyak Goreng Sawit Kemasan Premium (Pasar Kepahiang)
2026-07-07,PSR91,DSP01,140000,kg,BD-SP2KP,,,,,SP2KP Kemendag: Daging Sapi Paha Belakang (Pasar Kepahiang)
2026-07-07,PSR91,CMR02,40000,kg,BD-SP2KP,,,,,SP2KP Kemendag: Cabai Merah Keriting (Pasar Kepahiang)
2026-07-07,PSR91,TLR01,25600,kg,BD-SP2KP,,,,,SP2KP Kemendag: Telur Ayam Ras (Pasar Kepahiang)
2026-07-07,PSR91,DAY01,35000,kg,BD-SP2KP,,,,,SP2KP Kemendag: Daging Ayam Ras (Pasar Kepahiang)
2026-07-07,PSR91,BWP01,44000,kg,BD-SP2KP,,,,,SP2KP Kemendag: Bawang Putih Honan (Pasar Kepahiang)
2026-07-07,PSR91,BRS05,15400,kg,BD-SP2KP,,,,,SP2KP Kemendag: Beras Premium (Pasar Kepahiang)
2026-07-07,PSR91,BRS03,13750,kg,BD-SP2KP,,,,,SP2KP Kemendag: Beras Medium (Pasar Kepahiang)
2026-07-07,PSR91,DSP02,140000,kg,BD-SP2KP,,,,,SP2KP Kemendag: Daging Sapi Paha Depan (Pasar Kepahiang)
2026-07-07,PSR91,CMR01,40000,kg,BD-SP2KP,,,,,SP2KP Kemendag: Cabai Merah Besar (Pasar Kepahiang)
2026-07-07,PSR01,CRW02,50000,kg,BD-SP2KP,,,,,SP2KP Kemendag: Cabai Rawit Merah (Pasar Taba Penanjung)
2026-07-07,PSR01,CRW01,45000,kg,BD-SP2KP,,,,,SP2KP Kemendag: Cabai Rawit Hijau (Pasar Taba Penanjung)
2026-07-07,PSR01,BWM01,40000,kg,BD-SP2KP,,,,,SP2KP Kemendag: Bawang Merah (Pasar Taba Penanjung)
2026-07-07,PSR01,GLP01,18000,kg,BD-SP2KP,,,,,SP2KP Kemendag: Gula Pasir Curah (Pasar Taba Penanjung)
2026-07-07,PSR01,GLP02,18000,kg,BD-SP2KP,,,,,SP2KP Kemendag: Gula Pasir Kemasan (Pasar Taba Penanjung)
2026-07-07,PSR01,MGR02,23000,liter,BD-SP2KP,,,,,SP2KP Kemendag: Minyak Goreng Sawit Kemasan Premium (Pasar Taba Penanjung)
2026-07-07,PSR01,DSP01,150000,kg,BD-SP2KP,,,,,SP2KP Kemendag: Daging Sapi Paha Belakang (Pasar Taba Penanjung)
2026-07-07,PSR01,CMR02,45000,kg,BD-SP2KP,,,,,SP2KP Kemendag: Cabai Merah Keriting (Pasar Taba Penanjung)
2026-07-07,PSR01,TLR01,26600,kg,BD-SP2KP,,,,,SP2KP Kemendag: Telur Ayam Ras (Pasar Taba Penanjung)
2026-07-07,PSR01,DAY01,30000,kg,BD-SP2KP,,,,,SP2KP Kemendag: Daging Ayam Ras (Pasar Taba Penanjung)
2026-07-07,PSR01,BWP01,40000,kg,BD-SP2KP,,,,,SP2KP Kemendag: Bawang Putih Honan (Pasar Taba Penanjung)
2026-07-07,PSR01,BRS05,16000,kg,BD-SP2KP,,,,,SP2KP Kemendag: Beras Premium (Pasar Taba Penanjung)
2026-07-07,PSR01,BRS03,13750,kg,BD-SP2KP,,,,,SP2KP Kemendag: Beras Medium (Pasar Taba Penanjung)
2026-07-07,PSR01,DSP02,150000,kg,BD-SP2KP,,,,,SP2KP Kemendag: Daging Sapi Paha Depan (Pasar Taba Penanjung)
2026-07-07,PSR01,CMR01,45000,kg,BD-SP2KP,,,,,SP2KP Kemendag: Cabai Merah Besar (Pasar Taba Penanjung)
2026-07-07,PSR92,CRW02,75000,kg,BD-SP2KP,,,,,SP2KP Kemendag: Cabai Rawit Merah (Pasar Panorama)
2026-07-07,PSR92,CRW01,40000,kg,BD-SP2KP,,,,,SP2KP Kemendag: Cabai Rawit Hijau (Pasar Panorama)
2026-07-07,PSR92,BWM01,53333,kg,BD-SP2KP,,,,,SP2KP Kemendag: Bawang Merah (Pasar Panorama)
2026-07-07,PSR92,GLP01,18000,kg,BD-SP2KP,,,,,SP2KP Kemendag: Gula Pasir Curah (Pasar Panorama)
2026-07-07,PSR92,GLP02,19000,kg,BD-SP2KP,,,,,SP2KP Kemendag: Gula Pasir Kemasan (Pasar Panorama)
2026-07-07,PSR92,MGR02,23000,liter,BD-SP2KP,,,,,SP2KP Kemendag: Minyak Goreng Sawit Kemasan Premium (Pasar Panorama)
2026-07-07,PSR92,DSP01,150000,kg,BD-SP2KP,,,,,SP2KP Kemendag: Daging Sapi Paha Belakang (Pasar Panorama)
2026-07-07,PSR92,CMR02,50000,kg,BD-SP2KP,,,,,SP2KP Kemendag: Cabai Merah Keriting (Pasar Panorama)
2026-07-07,PSR92,TLR01,30400,kg,BD-SP2KP,,,,,SP2KP Kemendag: Telur Ayam Ras (Pasar Panorama)
2026-07-07,PSR92,DAY01,35667,kg,BD-SP2KP,,,,,SP2KP Kemendag: Daging Ayam Ras (Pasar Panorama)
2026-07-07,PSR92,BWP01,53333,kg,BD-SP2KP,,,,,SP2KP Kemendag: Bawang Putih Honan (Pasar Panorama)
2026-07-07,PSR92,BRS05,16500,kg,BD-SP2KP,,,,,SP2KP Kemendag: Beras Premium (Pasar Panorama)
2026-07-07,PSR92,BRS03,14625,kg,BD-SP2KP,,,,,SP2KP Kemendag: Beras Medium (Pasar Panorama)
2026-07-07,PSR92,DSP02,150000,kg,BD-SP2KP,,,,,SP2KP Kemendag: Daging Sapi Paha Depan (Pasar Panorama)
2026-07-07,PSR92,CMR01,35000,kg,BD-SP2KP,,,,,SP2KP Kemendag: Cabai Merah Besar (Pasar Panorama)
2026-07-08,PSR91,CRW02,58333,kg,BD-SP2KP,,,,,SP2KP Kemendag: Cabai Rawit Merah (Pasar Kepahiang)
2026-07-08,PSR91,CRW01,40000,kg,BD-SP2KP,,,,,SP2KP Kemendag: Cabai Rawit Hijau (Pasar Kepahiang)
2026-07-08,PSR91,BWM01,40000,kg,BD-SP2KP,,,,,SP2KP Kemendag: Bawang Merah (Pasar Kepahiang)
2026-07-08,PSR91,GLP01,18833,kg,BD-SP2KP,,,,,SP2KP Kemendag: Gula Pasir Curah (Pasar Kepahiang)
2026-07-08,PSR91,GLP02,19000,kg,BD-SP2KP,,,,,SP2KP Kemendag: Gula Pasir Kemasan (Pasar Kepahiang)
2026-07-08,PSR91,MGR02,23000,liter,BD-SP2KP,,,,,SP2KP Kemendag: Minyak Goreng Sawit Kemasan Premium (Pasar Kepahiang)
2026-07-08,PSR91,DSP01,140000,kg,BD-SP2KP,,,,,SP2KP Kemendag: Daging Sapi Paha Belakang (Pasar Kepahiang)
2026-07-08,PSR91,CMR02,40000,kg,BD-SP2KP,,,,,SP2KP Kemendag: Cabai Merah Keriting (Pasar Kepahiang)
2026-07-08,PSR91,TLR01,25600,kg,BD-SP2KP,,,,,SP2KP Kemendag: Telur Ayam Ras (Pasar Kepahiang)
2026-07-08,PSR91,DAY01,35000,kg,BD-SP2KP,,,,,SP2KP Kemendag: Daging Ayam Ras (Pasar Kepahiang)
2026-07-08,PSR91,BWP01,44000,kg,BD-SP2KP,,,,,SP2KP Kemendag: Bawang Putih Honan (Pasar Kepahiang)
2026-07-08,PSR91,BRS05,15400,kg,BD-SP2KP,,,,,SP2KP Kemendag: Beras Premium (Pasar Kepahiang)
2026-07-08,PSR91,BRS03,13750,kg,BD-SP2KP,,,,,SP2KP Kemendag: Beras Medium (Pasar Kepahiang)
2026-07-08,PSR91,DSP02,140000,kg,BD-SP2KP,,,,,SP2KP Kemendag: Daging Sapi Paha Depan (Pasar Kepahiang)
2026-07-08,PSR91,CMR01,40000,kg,BD-SP2KP,,,,,SP2KP Kemendag: Cabai Merah Besar (Pasar Kepahiang)
2026-07-08,PSR01,CRW02,50000,kg,BD-SP2KP,,,,,SP2KP Kemendag: Cabai Rawit Merah (Pasar Taba Penanjung)
2026-07-08,PSR01,CRW01,45000,kg,BD-SP2KP,,,,,SP2KP Kemendag: Cabai Rawit Hijau (Pasar Taba Penanjung)
2026-07-08,PSR01,BWM01,40000,kg,BD-SP2KP,,,,,SP2KP Kemendag: Bawang Merah (Pasar Taba Penanjung)
2026-07-08,PSR01,GLP01,18000,kg,BD-SP2KP,,,,,SP2KP Kemendag: Gula Pasir Curah (Pasar Taba Penanjung)
2026-07-08,PSR01,GLP02,18000,kg,BD-SP2KP,,,,,SP2KP Kemendag: Gula Pasir Kemasan (Pasar Taba Penanjung)
2026-07-08,PSR01,MGR02,23000,liter,BD-SP2KP,,,,,SP2KP Kemendag: Minyak Goreng Sawit Kemasan Premium (Pasar Taba Penanjung)
2026-07-08,PSR01,DSP01,150000,kg,BD-SP2KP,,,,,SP2KP Kemendag: Daging Sapi Paha Belakang (Pasar Taba Penanjung)
2026-07-08,PSR01,CMR02,45000,kg,BD-SP2KP,,,,,SP2KP Kemendag: Cabai Merah Keriting (Pasar Taba Penanjung)
2026-07-08,PSR01,TLR01,26600,kg,BD-SP2KP,,,,,SP2KP Kemendag: Telur Ayam Ras (Pasar Taba Penanjung)
2026-07-08,PSR01,DAY01,30000,kg,BD-SP2KP,,,,,SP2KP Kemendag: Daging Ayam Ras (Pasar Taba Penanjung)
2026-07-08,PSR01,BWP01,40000,kg,BD-SP2KP,,,,,SP2KP Kemendag: Bawang Putih Honan (Pasar Taba Penanjung)
2026-07-08,PSR01,BRS05,16000,kg,BD-SP2KP,,,,,SP2KP Kemendag: Beras Premium (Pasar Taba Penanjung)
2026-07-08,PSR01,BRS03,13750,kg,BD-SP2KP,,,,,SP2KP Kemendag: Beras Medium (Pasar Taba Penanjung)
2026-07-08,PSR01,DSP02,150000,kg,BD-SP2KP,,,,,SP2KP Kemendag: Daging Sapi Paha Depan (Pasar Taba Penanjung)
2026-07-08,PSR01,CMR01,45000,kg,BD-SP2KP,,,,,SP2KP Kemendag: Cabai Merah Besar (Pasar Taba Penanjung)
2026-07-08,PSR92,CRW02,65000,kg,BD-SP2KP,,,,,SP2KP Kemendag: Cabai Rawit Merah (Pasar Panorama)
2026-07-08,PSR92,CRW01,40000,kg,BD-SP2KP,,,,,SP2KP Kemendag: Cabai Rawit Hijau (Pasar Panorama)
2026-07-08,PSR92,BWM01,40000,kg,BD-SP2KP,,,,,SP2KP Kemendag: Bawang Merah (Pasar Panorama)
2026-07-08,PSR92,GLP01,18000,kg,BD-SP2KP,,,,,SP2KP Kemendag: Gula Pasir Curah (Pasar Panorama)
2026-07-08,PSR92,GLP02,19000,kg,BD-SP2KP,,,,,SP2KP Kemendag: Gula Pasir Kemasan (Pasar Panorama)
2026-07-08,PSR92,MGR02,23000,liter,BD-SP2KP,,,,,SP2KP Kemendag: Minyak Goreng Sawit Kemasan Premium (Pasar Panorama)
2026-07-08,PSR92,DSP01,150000,kg,BD-SP2KP,,,,,SP2KP Kemendag: Daging Sapi Paha Belakang (Pasar Panorama)
2026-07-08,PSR92,CMR02,50000,kg,BD-SP2KP,,,,,SP2KP Kemendag: Cabai Merah Keriting (Pasar Panorama)
2026-07-08,PSR92,TLR01,30400,kg,BD-SP2KP,,,,,SP2KP Kemendag: Telur Ayam Ras (Pasar Panorama)
2026-07-08,PSR92,DAY01,36000,kg,BD-SP2KP,,,,,SP2KP Kemendag: Daging Ayam Ras (Pasar Panorama)
2026-07-08,PSR92,BWP01,53333,kg,BD-SP2KP,,,,,SP2KP Kemendag: Bawang Putih Honan (Pasar Panorama)
2026-07-08,PSR92,BRS05,16500,kg,BD-SP2KP,,,,,SP2KP Kemendag: Beras Premium (Pasar Panorama)
2026-07-08,PSR92,BRS03,14625,kg,BD-SP2KP,,,,,SP2KP Kemendag: Beras Medium (Pasar Panorama)
2026-07-08,PSR92,DSP02,150000,kg,BD-SP2KP,,,,,SP2KP Kemendag: Daging Sapi Paha Depan (Pasar Panorama)
2026-07-08,PSR92,CMR01,35000,kg,BD-SP2KP,,,,,SP2KP Kemendag: Cabai Merah Besar (Pasar Panorama)
2026-07-09,PSR91,CRW02,58333,kg,BD-SP2KP,,,,,SP2KP Kemendag: Cabai Rawit Merah (Pasar Kepahiang)
2026-07-09,PSR91,CRW01,40000,kg,BD-SP2KP,,,,,SP2KP Kemendag: Cabai Rawit Hijau (Pasar Kepahiang)
2026-07-09,PSR91,BWM01,37000,kg,BD-SP2KP,,,,,SP2KP Kemendag: Bawang Merah (Pasar Kepahiang)
2026-07-09,PSR91,GLP01,18833,kg,BD-SP2KP,,,,,SP2KP Kemendag: Gula Pasir Curah (Pasar Kepahiang)
2026-07-09,PSR91,GLP02,19000,kg,BD-SP2KP,,,,,SP2KP Kemendag: Gula Pasir Kemasan (Pasar Kepahiang)
2026-07-09,PSR91,MGR02,23000,liter,BD-SP2KP,,,,,SP2KP Kemendag: Minyak Goreng Sawit Kemasan Premium (Pasar Kepahiang)
2026-07-09,PSR91,DSP01,140000,kg,BD-SP2KP,,,,,SP2KP Kemendag: Daging Sapi Paha Belakang (Pasar Kepahiang)
2026-07-09,PSR91,CMR02,40000,kg,BD-SP2KP,,,,,SP2KP Kemendag: Cabai Merah Keriting (Pasar Kepahiang)
2026-07-09,PSR91,TLR01,25600,kg,BD-SP2KP,,,,,SP2KP Kemendag: Telur Ayam Ras (Pasar Kepahiang)
2026-07-09,PSR91,DAY01,35000,kg,BD-SP2KP,,,,,SP2KP Kemendag: Daging Ayam Ras (Pasar Kepahiang)
2026-07-09,PSR91,BWP01,44000,kg,BD-SP2KP,,,,,SP2KP Kemendag: Bawang Putih Honan (Pasar Kepahiang)
2026-07-09,PSR91,BRS05,15400,kg,BD-SP2KP,,,,,SP2KP Kemendag: Beras Premium (Pasar Kepahiang)
2026-07-09,PSR91,BRS03,13750,kg,BD-SP2KP,,,,,SP2KP Kemendag: Beras Medium (Pasar Kepahiang)
2026-07-09,PSR91,DSP02,140000,kg,BD-SP2KP,,,,,SP2KP Kemendag: Daging Sapi Paha Depan (Pasar Kepahiang)
2026-07-09,PSR91,CMR01,40000,kg,BD-SP2KP,,,,,SP2KP Kemendag: Cabai Merah Besar (Pasar Kepahiang)
2026-07-09,PSR01,CRW02,50000,kg,BD-SP2KP,,,,,SP2KP Kemendag: Cabai Rawit Merah (Pasar Taba Penanjung)
2026-07-09,PSR01,CRW01,45000,kg,BD-SP2KP,,,,,SP2KP Kemendag: Cabai Rawit Hijau (Pasar Taba Penanjung)
2026-07-09,PSR01,BWM01,35000,kg,BD-SP2KP,,,,,SP2KP Kemendag: Bawang Merah (Pasar Taba Penanjung)
2026-07-09,PSR01,GLP01,18000,kg,BD-SP2KP,,,,,SP2KP Kemendag: Gula Pasir Curah (Pasar Taba Penanjung)
2026-07-09,PSR01,GLP02,18000,kg,BD-SP2KP,,,,,SP2KP Kemendag: Gula Pasir Kemasan (Pasar Taba Penanjung)
2026-07-09,PSR01,MGR02,23000,liter,BD-SP2KP,,,,,SP2KP Kemendag: Minyak Goreng Sawit Kemasan Premium (Pasar Taba Penanjung)
2026-07-09,PSR01,DSP01,150000,kg,BD-SP2KP,,,,,SP2KP Kemendag: Daging Sapi Paha Belakang (Pasar Taba Penanjung)
2026-07-09,PSR01,CMR02,45000,kg,BD-SP2KP,,,,,SP2KP Kemendag: Cabai Merah Keriting (Pasar Taba Penanjung)
2026-07-09,PSR01,TLR01,25600,kg,BD-SP2KP,,,,,SP2KP Kemendag: Telur Ayam Ras (Pasar Taba Penanjung)
2026-07-09,PSR01,DAY01,28000,kg,BD-SP2KP,,,,,SP2KP Kemendag: Daging Ayam Ras (Pasar Taba Penanjung)
2026-07-09,PSR01,BWP01,40000,kg,BD-SP2KP,,,,,SP2KP Kemendag: Bawang Putih Honan (Pasar Taba Penanjung)
2026-07-09,PSR01,BRS05,16000,kg,BD-SP2KP,,,,,SP2KP Kemendag: Beras Premium (Pasar Taba Penanjung)
2026-07-09,PSR01,BRS03,13750,kg,BD-SP2KP,,,,,SP2KP Kemendag: Beras Medium (Pasar Taba Penanjung)
2026-07-09,PSR01,DSP02,150000,kg,BD-SP2KP,,,,,SP2KP Kemendag: Daging Sapi Paha Depan (Pasar Taba Penanjung)
2026-07-09,PSR01,CMR01,40000,kg,BD-SP2KP,,,,,SP2KP Kemendag: Cabai Merah Besar (Pasar Taba Penanjung)
2026-07-09,PSR92,CRW02,65000,kg,BD-SP2KP,,,,,SP2KP Kemendag: Cabai Rawit Merah (Pasar Panorama)
2026-07-09,PSR92,CRW01,40000,kg,BD-SP2KP,,,,,SP2KP Kemendag: Cabai Rawit Hijau (Pasar Panorama)
2026-07-09,PSR92,BWM01,40000,kg,BD-SP2KP,,,,,SP2KP Kemendag: Bawang Merah (Pasar Panorama)
2026-07-09,PSR92,GLP01,18000,kg,BD-SP2KP,,,,,SP2KP Kemendag: Gula Pasir Curah (Pasar Panorama)
2026-07-09,PSR92,GLP02,19000,kg,BD-SP2KP,,,,,SP2KP Kemendag: Gula Pasir Kemasan (Pasar Panorama)
2026-07-09,PSR92,MGR02,23000,liter,BD-SP2KP,,,,,SP2KP Kemendag: Minyak Goreng Sawit Kemasan Premium (Pasar Panorama)
2026-07-09,PSR92,DSP01,150000,kg,BD-SP2KP,,,,,SP2KP Kemendag: Daging Sapi Paha Belakang (Pasar Panorama)
2026-07-09,PSR92,CMR02,50000,kg,BD-SP2KP,,,,,SP2KP Kemendag: Cabai Merah Keriting (Pasar Panorama)
2026-07-09,PSR92,TLR01,30400,kg,BD-SP2KP,,,,,SP2KP Kemendag: Telur Ayam Ras (Pasar Panorama)
2026-07-09,PSR92,DAY01,36000,kg,BD-SP2KP,,,,,SP2KP Kemendag: Daging Ayam Ras (Pasar Panorama)
2026-07-09,PSR92,BWP01,53333,kg,BD-SP2KP,,,,,SP2KP Kemendag: Bawang Putih Honan (Pasar Panorama)
2026-07-09,PSR92,BRS05,16500,kg,BD-SP2KP,,,,,SP2KP Kemendag: Beras Premium (Pasar Panorama)
2026-07-09,PSR92,BRS03,14625,kg,BD-SP2KP,,,,,SP2KP Kemendag: Beras Medium (Pasar Panorama)
2026-07-09,PSR92,DSP02,150000,kg,BD-SP2KP,,,,,SP2KP Kemendag: Daging Sapi Paha Depan (Pasar Panorama)
2026-07-09,PSR92,CMR01,35000,kg,BD-SP2KP,,,,,SP2KP Kemendag: Cabai Merah Besar (Pasar Panorama)
2026-07-10,PSR91,CRW02,58333,kg,BD-SP2KP,,,,,SP2KP Kemendag: Cabai Rawit Merah (Pasar Kepahiang)
2026-07-10,PSR91,CRW01,40000,kg,BD-SP2KP,,,,,SP2KP Kemendag: Cabai Rawit Hijau (Pasar Kepahiang)
2026-07-10,PSR91,BWM01,37000,kg,BD-SP2KP,,,,,SP2KP Kemendag: Bawang Merah (Pasar Kepahiang)
2026-07-10,PSR91,GLP01,18833,kg,BD-SP2KP,,,,,SP2KP Kemendag: Gula Pasir Curah (Pasar Kepahiang)
2026-07-10,PSR91,GLP02,19000,kg,BD-SP2KP,,,,,SP2KP Kemendag: Gula Pasir Kemasan (Pasar Kepahiang)
2026-07-10,PSR91,MGR02,23000,liter,BD-SP2KP,,,,,SP2KP Kemendag: Minyak Goreng Sawit Kemasan Premium (Pasar Kepahiang)
2026-07-10,PSR91,DSP01,140000,kg,BD-SP2KP,,,,,SP2KP Kemendag: Daging Sapi Paha Belakang (Pasar Kepahiang)
2026-07-10,PSR91,CMR02,40000,kg,BD-SP2KP,,,,,SP2KP Kemendag: Cabai Merah Keriting (Pasar Kepahiang)
2026-07-10,PSR91,TLR01,25600,kg,BD-SP2KP,,,,,SP2KP Kemendag: Telur Ayam Ras (Pasar Kepahiang)
2026-07-10,PSR91,DAY01,35000,kg,BD-SP2KP,,,,,SP2KP Kemendag: Daging Ayam Ras (Pasar Kepahiang)
2026-07-10,PSR91,BWP01,44000,kg,BD-SP2KP,,,,,SP2KP Kemendag: Bawang Putih Honan (Pasar Kepahiang)
2026-07-10,PSR91,BRS05,15400,kg,BD-SP2KP,,,,,SP2KP Kemendag: Beras Premium (Pasar Kepahiang)
2026-07-10,PSR91,BRS03,13750,kg,BD-SP2KP,,,,,SP2KP Kemendag: Beras Medium (Pasar Kepahiang)
2026-07-10,PSR91,DSP02,140000,kg,BD-SP2KP,,,,,SP2KP Kemendag: Daging Sapi Paha Depan (Pasar Kepahiang)
2026-07-10,PSR91,CMR01,40000,kg,BD-SP2KP,,,,,SP2KP Kemendag: Cabai Merah Besar (Pasar Kepahiang)
2026-07-10,PSR01,CRW02,50000,kg,BD-SP2KP,,,,,SP2KP Kemendag: Cabai Rawit Merah (Pasar Taba Penanjung)
2026-07-10,PSR01,CRW01,45000,kg,BD-SP2KP,,,,,SP2KP Kemendag: Cabai Rawit Hijau (Pasar Taba Penanjung)
2026-07-10,PSR01,BWM01,35000,kg,BD-SP2KP,,,,,SP2KP Kemendag: Bawang Merah (Pasar Taba Penanjung)
2026-07-10,PSR01,GLP01,18000,kg,BD-SP2KP,,,,,SP2KP Kemendag: Gula Pasir Curah (Pasar Taba Penanjung)
2026-07-10,PSR01,GLP02,18000,kg,BD-SP2KP,,,,,SP2KP Kemendag: Gula Pasir Kemasan (Pasar Taba Penanjung)
2026-07-10,PSR01,MGR02,23000,liter,BD-SP2KP,,,,,SP2KP Kemendag: Minyak Goreng Sawit Kemasan Premium (Pasar Taba Penanjung)
2026-07-10,PSR01,DSP01,150000,kg,BD-SP2KP,,,,,SP2KP Kemendag: Daging Sapi Paha Belakang (Pasar Taba Penanjung)
2026-07-10,PSR01,CMR02,45000,kg,BD-SP2KP,,,,,SP2KP Kemendag: Cabai Merah Keriting (Pasar Taba Penanjung)
2026-07-10,PSR01,TLR01,25600,kg,BD-SP2KP,,,,,SP2KP Kemendag: Telur Ayam Ras (Pasar Taba Penanjung)
2026-07-10,PSR01,DAY01,28000,kg,BD-SP2KP,,,,,SP2KP Kemendag: Daging Ayam Ras (Pasar Taba Penanjung)
2026-07-10,PSR01,BWP01,40000,kg,BD-SP2KP,,,,,SP2KP Kemendag: Bawang Putih Honan (Pasar Taba Penanjung)
2026-07-10,PSR01,BRS05,16000,kg,BD-SP2KP,,,,,SP2KP Kemendag: Beras Premium (Pasar Taba Penanjung)
2026-07-10,PSR01,BRS03,13750,kg,BD-SP2KP,,,,,SP2KP Kemendag: Beras Medium (Pasar Taba Penanjung)
2026-07-10,PSR01,DSP02,150000,kg,BD-SP2KP,,,,,SP2KP Kemendag: Daging Sapi Paha Depan (Pasar Taba Penanjung)
2026-07-10,PSR01,CMR01,40000,kg,BD-SP2KP,,,,,SP2KP Kemendag: Cabai Merah Besar (Pasar Taba Penanjung)
2026-07-10,PSR92,CRW02,65000,kg,BD-SP2KP,,,,,SP2KP Kemendag: Cabai Rawit Merah (Pasar Panorama)
2026-07-10,PSR92,CRW01,40000,kg,BD-SP2KP,,,,,SP2KP Kemendag: Cabai Rawit Hijau (Pasar Panorama)
2026-07-10,PSR92,BWM01,40000,kg,BD-SP2KP,,,,,SP2KP Kemendag: Bawang Merah (Pasar Panorama)
2026-07-10,PSR92,GLP01,18000,kg,BD-SP2KP,,,,,SP2KP Kemendag: Gula Pasir Curah (Pasar Panorama)
2026-07-10,PSR92,GLP02,19000,kg,BD-SP2KP,,,,,SP2KP Kemendag: Gula Pasir Kemasan (Pasar Panorama)
2026-07-10,PSR92,MGR02,23000,liter,BD-SP2KP,,,,,SP2KP Kemendag: Minyak Goreng Sawit Kemasan Premium (Pasar Panorama)
2026-07-10,PSR92,DSP01,150000,kg,BD-SP2KP,,,,,SP2KP Kemendag: Daging Sapi Paha Belakang (Pasar Panorama)
2026-07-10,PSR92,CMR02,50000,kg,BD-SP2KP,,,,,SP2KP Kemendag: Cabai Merah Keriting (Pasar Panorama)
2026-07-10,PSR92,TLR01,30400,kg,BD-SP2KP,,,,,SP2KP Kemendag: Telur Ayam Ras (Pasar Panorama)
2026-07-10,PSR92,DAY01,36000,kg,BD-SP2KP,,,,,SP2KP Kemendag: Daging Ayam Ras (Pasar Panorama)
2026-07-10,PSR92,BWP01,53333,kg,BD-SP2KP,,,,,SP2KP Kemendag: Bawang Putih Honan (Pasar Panorama)
2026-07-10,PSR92,BRS05,16500,kg,BD-SP2KP,,,,,SP2KP Kemendag: Beras Premium (Pasar Panorama)
2026-07-10,PSR92,BRS03,14625,kg,BD-SP2KP,,,,,SP2KP Kemendag: Beras Medium (Pasar Panorama)
2026-07-10,PSR92,DSP02,150000,kg,BD-SP2KP,,,,,SP2KP Kemendag: Daging Sapi Paha Depan (Pasar Panorama)
2026-07-10,PSR92,CMR01,35000,kg,BD-SP2KP,,,,,SP2KP Kemendag: Cabai Merah Besar (Pasar Panorama)
2026-07-13,PSR91,CRW02,58333,kg,BD-SP2KP,,,,,SP2KP Kemendag: Cabai Rawit Merah (Pasar Kepahiang)
2026-07-13,PSR91,CRW01,50000,kg,BD-SP2KP,,,,,SP2KP Kemendag: Cabai Rawit Hijau (Pasar Kepahiang)
2026-07-13,PSR91,BWM01,37000,kg,BD-SP2KP,,,,,SP2KP Kemendag: Bawang Merah (Pasar Kepahiang)
2026-07-13,PSR91,GLP01,18833,kg,BD-SP2KP,,,,,SP2KP Kemendag: Gula Pasir Curah (Pasar Kepahiang)
2026-07-13,PSR91,GLP02,19000,kg,BD-SP2KP,,,,,SP2KP Kemendag: Gula Pasir Kemasan (Pasar Kepahiang)
2026-07-13,PSR91,MGR02,23000,liter,BD-SP2KP,,,,,SP2KP Kemendag: Minyak Goreng Sawit Kemasan Premium (Pasar Kepahiang)
2026-07-13,PSR91,DSP01,140000,kg,BD-SP2KP,,,,,SP2KP Kemendag: Daging Sapi Paha Belakang (Pasar Kepahiang)
2026-07-13,PSR91,CMR02,40000,kg,BD-SP2KP,,,,,SP2KP Kemendag: Cabai Merah Keriting (Pasar Kepahiang)
2026-07-13,PSR91,TLR01,25600,kg,BD-SP2KP,,,,,SP2KP Kemendag: Telur Ayam Ras (Pasar Kepahiang)
2026-07-13,PSR91,DAY01,38000,kg,BD-SP2KP,,,,,SP2KP Kemendag: Daging Ayam Ras (Pasar Kepahiang)
2026-07-13,PSR91,BWP01,44000,kg,BD-SP2KP,,,,,SP2KP Kemendag: Bawang Putih Honan (Pasar Kepahiang)
2026-07-13,PSR91,BRS05,15400,kg,BD-SP2KP,,,,,SP2KP Kemendag: Beras Premium (Pasar Kepahiang)
2026-07-13,PSR91,BRS03,13750,kg,BD-SP2KP,,,,,SP2KP Kemendag: Beras Medium (Pasar Kepahiang)
2026-07-13,PSR91,DSP02,140000,kg,BD-SP2KP,,,,,SP2KP Kemendag: Daging Sapi Paha Depan (Pasar Kepahiang)
2026-07-13,PSR91,CMR01,40000,kg,BD-SP2KP,,,,,SP2KP Kemendag: Cabai Merah Besar (Pasar Kepahiang)
2026-07-13,PSR01,CRW02,50000,kg,BD-SP2KP,,,,,SP2KP Kemendag: Cabai Rawit Merah (Pasar Taba Penanjung)
2026-07-13,PSR01,CRW01,45000,kg,BD-SP2KP,,,,,SP2KP Kemendag: Cabai Rawit Hijau (Pasar Taba Penanjung)
2026-07-13,PSR01,BWM01,35000,kg,BD-SP2KP,,,,,SP2KP Kemendag: Bawang Merah (Pasar Taba Penanjung)
2026-07-13,PSR01,GLP01,18000,kg,BD-SP2KP,,,,,SP2KP Kemendag: Gula Pasir Curah (Pasar Taba Penanjung)
2026-07-13,PSR01,GLP02,18000,kg,BD-SP2KP,,,,,SP2KP Kemendag: Gula Pasir Kemasan (Pasar Taba Penanjung)
2026-07-13,PSR01,MGR02,23000,liter,BD-SP2KP,,,,,SP2KP Kemendag: Minyak Goreng Sawit Kemasan Premium (Pasar Taba Penanjung)
2026-07-13,PSR01,DSP01,150000,kg,BD-SP2KP,,,,,SP2KP Kemendag: Daging Sapi Paha Belakang (Pasar Taba Penanjung)
2026-07-13,PSR01,CMR02,45000,kg,BD-SP2KP,,,,,SP2KP Kemendag: Cabai Merah Keriting (Pasar Taba Penanjung)
2026-07-13,PSR01,TLR01,25600,kg,BD-SP2KP,,,,,SP2KP Kemendag: Telur Ayam Ras (Pasar Taba Penanjung)
2026-07-13,PSR01,DAY01,28000,kg,BD-SP2KP,,,,,SP2KP Kemendag: Daging Ayam Ras (Pasar Taba Penanjung)
2026-07-13,PSR01,BWP01,40000,kg,BD-SP2KP,,,,,SP2KP Kemendag: Bawang Putih Honan (Pasar Taba Penanjung)
2026-07-13,PSR01,BRS05,16000,kg,BD-SP2KP,,,,,SP2KP Kemendag: Beras Premium (Pasar Taba Penanjung)
2026-07-13,PSR01,BRS03,13750,kg,BD-SP2KP,,,,,SP2KP Kemendag: Beras Medium (Pasar Taba Penanjung)
2026-07-13,PSR01,DSP02,150000,kg,BD-SP2KP,,,,,SP2KP Kemendag: Daging Sapi Paha Depan (Pasar Taba Penanjung)
2026-07-13,PSR01,CMR01,40000,kg,BD-SP2KP,,,,,SP2KP Kemendag: Cabai Merah Besar (Pasar Taba Penanjung)
2026-07-13,PSR92,CRW02,76667,kg,BD-SP2KP,,,,,SP2KP Kemendag: Cabai Rawit Merah (Pasar Panorama)
2026-07-13,PSR92,CRW01,63333,kg,BD-SP2KP,,,,,SP2KP Kemendag: Cabai Rawit Hijau (Pasar Panorama)
2026-07-13,PSR92,BWM01,40000,kg,BD-SP2KP,,,,,SP2KP Kemendag: Bawang Merah (Pasar Panorama)
2026-07-13,PSR92,GLP01,18000,kg,BD-SP2KP,,,,,SP2KP Kemendag: Gula Pasir Curah (Pasar Panorama)
2026-07-13,PSR92,GLP02,19000,kg,BD-SP2KP,,,,,SP2KP Kemendag: Gula Pasir Kemasan (Pasar Panorama)
2026-07-13,PSR92,MGR02,23000,liter,BD-SP2KP,,,,,SP2KP Kemendag: Minyak Goreng Sawit Kemasan Premium (Pasar Panorama)
2026-07-13,PSR92,DSP01,150000,kg,BD-SP2KP,,,,,SP2KP Kemendag: Daging Sapi Paha Belakang (Pasar Panorama)
2026-07-13,PSR92,CMR02,56667,kg,BD-SP2KP,,,,,SP2KP Kemendag: Cabai Merah Keriting (Pasar Panorama)
2026-07-13,PSR92,TLR01,30400,kg,BD-SP2KP,,,,,SP2KP Kemendag: Telur Ayam Ras (Pasar Panorama)
2026-07-13,PSR92,DAY01,36000,kg,BD-SP2KP,,,,,SP2KP Kemendag: Daging Ayam Ras (Pasar Panorama)
2026-07-13,PSR92,BWP01,53333,kg,BD-SP2KP,,,,,SP2KP Kemendag: Bawang Putih Honan (Pasar Panorama)
2026-07-13,PSR92,BRS05,16500,kg,BD-SP2KP,,,,,SP2KP Kemendag: Beras Premium (Pasar Panorama)
2026-07-13,PSR92,BRS03,14625,kg,BD-SP2KP,,,,,SP2KP Kemendag: Beras Medium (Pasar Panorama)
2026-07-13,PSR92,DSP02,150000,kg,BD-SP2KP,,,,,SP2KP Kemendag: Daging Sapi Paha Depan (Pasar Panorama)
2026-07-13,PSR92,CMR01,35000,kg,BD-SP2KP,,,,,SP2KP Kemendag: Cabai Merah Besar (Pasar Panorama)
2026-07-14,PSR91,CRW02,58333,kg,BD-SP2KP,,,,,SP2KP Kemendag: Cabai Rawit Merah (Pasar Kepahiang)
2026-07-14,PSR91,CRW01,50000,kg,BD-SP2KP,,,,,SP2KP Kemendag: Cabai Rawit Hijau (Pasar Kepahiang)
2026-07-14,PSR91,BWM01,37000,kg,BD-SP2KP,,,,,SP2KP Kemendag: Bawang Merah (Pasar Kepahiang)
2026-07-14,PSR91,GLP01,18833,kg,BD-SP2KP,,,,,SP2KP Kemendag: Gula Pasir Curah (Pasar Kepahiang)
2026-07-14,PSR91,GLP02,19000,kg,BD-SP2KP,,,,,SP2KP Kemendag: Gula Pasir Kemasan (Pasar Kepahiang)
2026-07-14,PSR91,MGR02,23000,liter,BD-SP2KP,,,,,SP2KP Kemendag: Minyak Goreng Sawit Kemasan Premium (Pasar Kepahiang)
2026-07-14,PSR91,DSP01,140000,kg,BD-SP2KP,,,,,SP2KP Kemendag: Daging Sapi Paha Belakang (Pasar Kepahiang)
2026-07-14,PSR91,CMR02,40000,kg,BD-SP2KP,,,,,SP2KP Kemendag: Cabai Merah Keriting (Pasar Kepahiang)
2026-07-14,PSR91,TLR01,25600,kg,BD-SP2KP,,,,,SP2KP Kemendag: Telur Ayam Ras (Pasar Kepahiang)
2026-07-14,PSR91,DAY01,38000,kg,BD-SP2KP,,,,,SP2KP Kemendag: Daging Ayam Ras (Pasar Kepahiang)
2026-07-14,PSR91,BWP01,44000,kg,BD-SP2KP,,,,,SP2KP Kemendag: Bawang Putih Honan (Pasar Kepahiang)
2026-07-14,PSR91,BRS05,15400,kg,BD-SP2KP,,,,,SP2KP Kemendag: Beras Premium (Pasar Kepahiang)
2026-07-14,PSR91,BRS03,13750,kg,BD-SP2KP,,,,,SP2KP Kemendag: Beras Medium (Pasar Kepahiang)
2026-07-14,PSR91,DSP02,140000,kg,BD-SP2KP,,,,,SP2KP Kemendag: Daging Sapi Paha Depan (Pasar Kepahiang)
2026-07-14,PSR91,CMR01,40000,kg,BD-SP2KP,,,,,SP2KP Kemendag: Cabai Merah Besar (Pasar Kepahiang)
2026-07-14,PSR01,CRW02,50000,kg,BD-SP2KP,,,,,SP2KP Kemendag: Cabai Rawit Merah (Pasar Taba Penanjung)
2026-07-14,PSR01,CRW01,45000,kg,BD-SP2KP,,,,,SP2KP Kemendag: Cabai Rawit Hijau (Pasar Taba Penanjung)
2026-07-14,PSR01,BWM01,35000,kg,BD-SP2KP,,,,,SP2KP Kemendag: Bawang Merah (Pasar Taba Penanjung)
2026-07-14,PSR01,GLP01,18000,kg,BD-SP2KP,,,,,SP2KP Kemendag: Gula Pasir Curah (Pasar Taba Penanjung)
2026-07-14,PSR01,GLP02,18000,kg,BD-SP2KP,,,,,SP2KP Kemendag: Gula Pasir Kemasan (Pasar Taba Penanjung)
2026-07-14,PSR01,MGR02,23000,liter,BD-SP2KP,,,,,SP2KP Kemendag: Minyak Goreng Sawit Kemasan Premium (Pasar Taba Penanjung)
2026-07-14,PSR01,DSP01,150000,kg,BD-SP2KP,,,,,SP2KP Kemendag: Daging Sapi Paha Belakang (Pasar Taba Penanjung)
2026-07-14,PSR01,CMR02,45000,kg,BD-SP2KP,,,,,SP2KP Kemendag: Cabai Merah Keriting (Pasar Taba Penanjung)
2026-07-14,PSR01,TLR01,25600,kg,BD-SP2KP,,,,,SP2KP Kemendag: Telur Ayam Ras (Pasar Taba Penanjung)
2026-07-14,PSR01,DAY01,28000,kg,BD-SP2KP,,,,,SP2KP Kemendag: Daging Ayam Ras (Pasar Taba Penanjung)
2026-07-14,PSR01,BWP01,40000,kg,BD-SP2KP,,,,,SP2KP Kemendag: Bawang Putih Honan (Pasar Taba Penanjung)
2026-07-14,PSR01,BRS05,16000,kg,BD-SP2KP,,,,,SP2KP Kemendag: Beras Premium (Pasar Taba Penanjung)
2026-07-14,PSR01,BRS03,13750,kg,BD-SP2KP,,,,,SP2KP Kemendag: Beras Medium (Pasar Taba Penanjung)
2026-07-14,PSR01,DSP02,150000,kg,BD-SP2KP,,,,,SP2KP Kemendag: Daging Sapi Paha Depan (Pasar Taba Penanjung)
2026-07-14,PSR01,CMR01,40000,kg,BD-SP2KP,,,,,SP2KP Kemendag: Cabai Merah Besar (Pasar Taba Penanjung)
2026-07-14,PSR92,CRW02,76667,kg,BD-SP2KP,,,,,SP2KP Kemendag: Cabai Rawit Merah (Pasar Panorama)
2026-07-14,PSR92,CRW01,63333,kg,BD-SP2KP,,,,,SP2KP Kemendag: Cabai Rawit Hijau (Pasar Panorama)
2026-07-14,PSR92,BWM01,40000,kg,BD-SP2KP,,,,,SP2KP Kemendag: Bawang Merah (Pasar Panorama)
2026-07-14,PSR92,GLP01,18000,kg,BD-SP2KP,,,,,SP2KP Kemendag: Gula Pasir Curah (Pasar Panorama)
2026-07-14,PSR92,GLP02,19000,kg,BD-SP2KP,,,,,SP2KP Kemendag: Gula Pasir Kemasan (Pasar Panorama)
2026-07-14,PSR92,MGR02,23000,liter,BD-SP2KP,,,,,SP2KP Kemendag: Minyak Goreng Sawit Kemasan Premium (Pasar Panorama)
2026-07-14,PSR92,DSP01,150000,kg,BD-SP2KP,,,,,SP2KP Kemendag: Daging Sapi Paha Belakang (Pasar Panorama)
2026-07-14,PSR92,CMR02,56667,kg,BD-SP2KP,,,,,SP2KP Kemendag: Cabai Merah Keriting (Pasar Panorama)
2026-07-14,PSR92,TLR01,30400,kg,BD-SP2KP,,,,,SP2KP Kemendag: Telur Ayam Ras (Pasar Panorama)
2026-07-14,PSR92,DAY01,36000,kg,BD-SP2KP,,,,,SP2KP Kemendag: Daging Ayam Ras (Pasar Panorama)
2026-07-14,PSR92,BWP01,53333,kg,BD-SP2KP,,,,,SP2KP Kemendag: Bawang Putih Honan (Pasar Panorama)
2026-07-14,PSR92,BRS05,16500,kg,BD-SP2KP,,,,,SP2KP Kemendag: Beras Premium (Pasar Panorama)
2026-07-14,PSR92,BRS03,14625,kg,BD-SP2KP,,,,,SP2KP Kemendag: Beras Medium (Pasar Panorama)
2026-07-14,PSR92,DSP02,150000,kg,BD-SP2KP,,,,,SP2KP Kemendag: Daging Sapi Paha Depan (Pasar Panorama)
2026-07-14,PSR92,CMR01,35000,kg,BD-SP2KP,,,,,SP2KP Kemendag: Cabai Merah Besar (Pasar Panorama)
2026-07-15,PSR91,CRW02,56667,kg,BD-SP2KP,,,,,SP2KP Kemendag: Cabai Rawit Merah (Pasar Kepahiang)
2026-07-15,PSR91,CRW01,50000,kg,BD-SP2KP,,,,,SP2KP Kemendag: Cabai Rawit Hijau (Pasar Kepahiang)
2026-07-15,PSR91,BWM01,37000,kg,BD-SP2KP,,,,,SP2KP Kemendag: Bawang Merah (Pasar Kepahiang)
2026-07-15,PSR91,GLP01,18833,kg,BD-SP2KP,,,,,SP2KP Kemendag: Gula Pasir Curah (Pasar Kepahiang)
2026-07-15,PSR91,GLP02,19000,kg,BD-SP2KP,,,,,SP2KP Kemendag: Gula Pasir Kemasan (Pasar Kepahiang)
2026-07-15,PSR91,MGR02,23000,liter,BD-SP2KP,,,,,SP2KP Kemendag: Minyak Goreng Sawit Kemasan Premium (Pasar Kepahiang)
2026-07-15,PSR91,DSP01,140000,kg,BD-SP2KP,,,,,SP2KP Kemendag: Daging Sapi Paha Belakang (Pasar Kepahiang)
2026-07-15,PSR91,CMR02,40000,kg,BD-SP2KP,,,,,SP2KP Kemendag: Cabai Merah Keriting (Pasar Kepahiang)
2026-07-15,PSR91,TLR01,25600,kg,BD-SP2KP,,,,,SP2KP Kemendag: Telur Ayam Ras (Pasar Kepahiang)
2026-07-15,PSR91,DAY01,38000,kg,BD-SP2KP,,,,,SP2KP Kemendag: Daging Ayam Ras (Pasar Kepahiang)
2026-07-15,PSR91,BWP01,44000,kg,BD-SP2KP,,,,,SP2KP Kemendag: Bawang Putih Honan (Pasar Kepahiang)
2026-07-15,PSR91,BRS05,15400,kg,BD-SP2KP,,,,,SP2KP Kemendag: Beras Premium (Pasar Kepahiang)
2026-07-15,PSR91,BRS03,13750,kg,BD-SP2KP,,,,,SP2KP Kemendag: Beras Medium (Pasar Kepahiang)
2026-07-15,PSR91,DSP02,140000,kg,BD-SP2KP,,,,,SP2KP Kemendag: Daging Sapi Paha Depan (Pasar Kepahiang)
2026-07-15,PSR91,CMR01,40000,kg,BD-SP2KP,,,,,SP2KP Kemendag: Cabai Merah Besar (Pasar Kepahiang)
2026-07-15,PSR01,CRW02,50000,kg,BD-SP2KP,,,,,SP2KP Kemendag: Cabai Rawit Merah (Pasar Taba Penanjung)
2026-07-15,PSR01,CRW01,45000,kg,BD-SP2KP,,,,,SP2KP Kemendag: Cabai Rawit Hijau (Pasar Taba Penanjung)
2026-07-15,PSR01,BWM01,35000,kg,BD-SP2KP,,,,,SP2KP Kemendag: Bawang Merah (Pasar Taba Penanjung)
2026-07-15,PSR01,GLP01,18000,kg,BD-SP2KP,,,,,SP2KP Kemendag: Gula Pasir Curah (Pasar Taba Penanjung)
2026-07-15,PSR01,GLP02,18000,kg,BD-SP2KP,,,,,SP2KP Kemendag: Gula Pasir Kemasan (Pasar Taba Penanjung)
2026-07-15,PSR01,MGR02,23000,liter,BD-SP2KP,,,,,SP2KP Kemendag: Minyak Goreng Sawit Kemasan Premium (Pasar Taba Penanjung)
2026-07-15,PSR01,DSP01,150000,kg,BD-SP2KP,,,,,SP2KP Kemendag: Daging Sapi Paha Belakang (Pasar Taba Penanjung)
2026-07-15,PSR01,CMR02,45000,kg,BD-SP2KP,,,,,SP2KP Kemendag: Cabai Merah Keriting (Pasar Taba Penanjung)
2026-07-15,PSR01,TLR01,25600,kg,BD-SP2KP,,,,,SP2KP Kemendag: Telur Ayam Ras (Pasar Taba Penanjung)
2026-07-15,PSR01,DAY01,28000,kg,BD-SP2KP,,,,,SP2KP Kemendag: Daging Ayam Ras (Pasar Taba Penanjung)
2026-07-15,PSR01,BWP01,40000,kg,BD-SP2KP,,,,,SP2KP Kemendag: Bawang Putih Honan (Pasar Taba Penanjung)
2026-07-15,PSR01,BRS05,16000,kg,BD-SP2KP,,,,,SP2KP Kemendag: Beras Premium (Pasar Taba Penanjung)
2026-07-15,PSR01,BRS03,13750,kg,BD-SP2KP,,,,,SP2KP Kemendag: Beras Medium (Pasar Taba Penanjung)
2026-07-15,PSR01,DSP02,150000,kg,BD-SP2KP,,,,,SP2KP Kemendag: Daging Sapi Paha Depan (Pasar Taba Penanjung)
2026-07-15,PSR01,CMR01,40000,kg,BD-SP2KP,,,,,SP2KP Kemendag: Cabai Merah Besar (Pasar Taba Penanjung)
2026-07-15,PSR92,CRW02,76667,kg,BD-SP2KP,,,,,SP2KP Kemendag: Cabai Rawit Merah (Pasar Panorama)
2026-07-15,PSR92,CRW01,63333,kg,BD-SP2KP,,,,,SP2KP Kemendag: Cabai Rawit Hijau (Pasar Panorama)
2026-07-15,PSR92,BWM01,40000,kg,BD-SP2KP,,,,,SP2KP Kemendag: Bawang Merah (Pasar Panorama)
2026-07-15,PSR92,GLP01,18000,kg,BD-SP2KP,,,,,SP2KP Kemendag: Gula Pasir Curah (Pasar Panorama)
2026-07-15,PSR92,GLP02,19000,kg,BD-SP2KP,,,,,SP2KP Kemendag: Gula Pasir Kemasan (Pasar Panorama)
2026-07-15,PSR92,MGR02,23000,liter,BD-SP2KP,,,,,SP2KP Kemendag: Minyak Goreng Sawit Kemasan Premium (Pasar Panorama)
2026-07-15,PSR92,DSP01,150000,kg,BD-SP2KP,,,,,SP2KP Kemendag: Daging Sapi Paha Belakang (Pasar Panorama)
2026-07-15,PSR92,CMR02,53333,kg,BD-SP2KP,,,,,SP2KP Kemendag: Cabai Merah Keriting (Pasar Panorama)
2026-07-15,PSR92,TLR01,30400,kg,BD-SP2KP,,,,,SP2KP Kemendag: Telur Ayam Ras (Pasar Panorama)
2026-07-15,PSR92,DAY01,38000,kg,BD-SP2KP,,,,,SP2KP Kemendag: Daging Ayam Ras (Pasar Panorama)
2026-07-15,PSR92,BWP01,53333,kg,BD-SP2KP,,,,,SP2KP Kemendag: Bawang Putih Honan (Pasar Panorama)
2026-07-15,PSR92,BRS05,16625,kg,BD-SP2KP,,,,,SP2KP Kemendag: Beras Premium (Pasar Panorama)
2026-07-15,PSR92,BRS03,14625,kg,BD-SP2KP,,,,,SP2KP Kemendag: Beras Medium (Pasar Panorama)
2026-07-15,PSR92,DSP02,150000,kg,BD-SP2KP,,,,,SP2KP Kemendag: Daging Sapi Paha Depan (Pasar Panorama)
2026-07-15,PSR92,CMR01,35000,kg,BD-SP2KP,,,,,SP2KP Kemendag: Cabai Merah Besar (Pasar Panorama)
2026-07-16,PSR91,CRW02,56667,kg,BD-SP2KP,,,,,SP2KP Kemendag: Cabai Rawit Merah (Pasar Kepahiang)
2026-07-16,PSR91,CRW01,50000,kg,BD-SP2KP,,,,,SP2KP Kemendag: Cabai Rawit Hijau (Pasar Kepahiang)
2026-07-16,PSR91,BWM01,37000,kg,BD-SP2KP,,,,,SP2KP Kemendag: Bawang Merah (Pasar Kepahiang)
2026-07-16,PSR91,GLP01,18833,kg,BD-SP2KP,,,,,SP2KP Kemendag: Gula Pasir Curah (Pasar Kepahiang)
2026-07-16,PSR91,GLP02,19000,kg,BD-SP2KP,,,,,SP2KP Kemendag: Gula Pasir Kemasan (Pasar Kepahiang)
2026-07-16,PSR91,MGR02,23000,liter,BD-SP2KP,,,,,SP2KP Kemendag: Minyak Goreng Sawit Kemasan Premium (Pasar Kepahiang)
2026-07-16,PSR91,DSP01,140000,kg,BD-SP2KP,,,,,SP2KP Kemendag: Daging Sapi Paha Belakang (Pasar Kepahiang)
2026-07-16,PSR91,CMR02,40000,kg,BD-SP2KP,,,,,SP2KP Kemendag: Cabai Merah Keriting (Pasar Kepahiang)
2026-07-16,PSR91,TLR01,26700,kg,BD-SP2KP,,,,,SP2KP Kemendag: Telur Ayam Ras (Pasar Kepahiang)
2026-07-16,PSR91,DAY01,38000,kg,BD-SP2KP,,,,,SP2KP Kemendag: Daging Ayam Ras (Pasar Kepahiang)
2026-07-16,PSR91,BWP01,40000,kg,BD-SP2KP,,,,,SP2KP Kemendag: Bawang Putih Honan (Pasar Kepahiang)
2026-07-16,PSR91,BRS05,15400,kg,BD-SP2KP,,,,,SP2KP Kemendag: Beras Premium (Pasar Kepahiang)
2026-07-16,PSR91,BRS03,13750,kg,BD-SP2KP,,,,,SP2KP Kemendag: Beras Medium (Pasar Kepahiang)
2026-07-16,PSR91,DSP02,140000,kg,BD-SP2KP,,,,,SP2KP Kemendag: Daging Sapi Paha Depan (Pasar Kepahiang)
2026-07-16,PSR91,CMR01,40000,kg,BD-SP2KP,,,,,SP2KP Kemendag: Cabai Merah Besar (Pasar Kepahiang)
2026-07-16,PSR01,CRW02,50000,kg,BD-SP2KP,,,,,SP2KP Kemendag: Cabai Rawit Merah (Pasar Taba Penanjung)
2026-07-16,PSR01,CRW01,45000,kg,BD-SP2KP,,,,,SP2KP Kemendag: Cabai Rawit Hijau (Pasar Taba Penanjung)
2026-07-16,PSR01,BWM01,34000,kg,BD-SP2KP,,,,,SP2KP Kemendag: Bawang Merah (Pasar Taba Penanjung)
2026-07-16,PSR01,GLP01,18000,kg,BD-SP2KP,,,,,SP2KP Kemendag: Gula Pasir Curah (Pasar Taba Penanjung)
2026-07-16,PSR01,GLP02,18000,kg,BD-SP2KP,,,,,SP2KP Kemendag: Gula Pasir Kemasan (Pasar Taba Penanjung)
2026-07-16,PSR01,MGR02,23000,liter,BD-SP2KP,,,,,SP2KP Kemendag: Minyak Goreng Sawit Kemasan Premium (Pasar Taba Penanjung)
2026-07-16,PSR01,DSP01,150000,kg,BD-SP2KP,,,,,SP2KP Kemendag: Daging Sapi Paha Belakang (Pasar Taba Penanjung)
2026-07-16,PSR01,CMR02,40000,kg,BD-SP2KP,,,,,SP2KP Kemendag: Cabai Merah Keriting (Pasar Taba Penanjung)
2026-07-16,PSR01,TLR01,25600,kg,BD-SP2KP,,,,,SP2KP Kemendag: Telur Ayam Ras (Pasar Taba Penanjung)
2026-07-16,PSR01,DAY01,28000,kg,BD-SP2KP,,,,,SP2KP Kemendag: Daging Ayam Ras (Pasar Taba Penanjung)
2026-07-16,PSR01,BWP01,38000,kg,BD-SP2KP,,,,,SP2KP Kemendag: Bawang Putih Honan (Pasar Taba Penanjung)
2026-07-16,PSR01,BRS05,16000,kg,BD-SP2KP,,,,,SP2KP Kemendag: Beras Premium (Pasar Taba Penanjung)
2026-07-16,PSR01,BRS03,13750,kg,BD-SP2KP,,,,,SP2KP Kemendag: Beras Medium (Pasar Taba Penanjung)
2026-07-16,PSR01,DSP02,150000,kg,BD-SP2KP,,,,,SP2KP Kemendag: Daging Sapi Paha Depan (Pasar Taba Penanjung)
2026-07-16,PSR01,CMR01,40000,kg,BD-SP2KP,,,,,SP2KP Kemendag: Cabai Merah Besar (Pasar Taba Penanjung)
2026-07-16,PSR92,CRW02,76667,kg,BD-SP2KP,,,,,SP2KP Kemendag: Cabai Rawit Merah (Pasar Panorama)
2026-07-16,PSR92,CRW01,63333,kg,BD-SP2KP,,,,,SP2KP Kemendag: Cabai Rawit Hijau (Pasar Panorama)
2026-07-16,PSR92,BWM01,40000,kg,BD-SP2KP,,,,,SP2KP Kemendag: Bawang Merah (Pasar Panorama)
2026-07-16,PSR92,GLP01,18333,kg,BD-SP2KP,,,,,SP2KP Kemendag: Gula Pasir Curah (Pasar Panorama)
2026-07-16,PSR92,GLP02,19000,kg,BD-SP2KP,,,,,SP2KP Kemendag: Gula Pasir Kemasan (Pasar Panorama)
2026-07-16,PSR92,MGR02,23000,liter,BD-SP2KP,,,,,SP2KP Kemendag: Minyak Goreng Sawit Kemasan Premium (Pasar Panorama)
2026-07-16,PSR92,DSP01,150000,kg,BD-SP2KP,,,,,SP2KP Kemendag: Daging Sapi Paha Belakang (Pasar Panorama)
2026-07-16,PSR92,CMR02,53333,kg,BD-SP2KP,,,,,SP2KP Kemendag: Cabai Merah Keriting (Pasar Panorama)
2026-07-16,PSR92,TLR01,30400,kg,BD-SP2KP,,,,,SP2KP Kemendag: Telur Ayam Ras (Pasar Panorama)
2026-07-16,PSR92,DAY01,38000,kg,BD-SP2KP,,,,,SP2KP Kemendag: Daging Ayam Ras (Pasar Panorama)
2026-07-16,PSR92,BWP01,53333,kg,BD-SP2KP,,,,,SP2KP Kemendag: Bawang Putih Honan (Pasar Panorama)
2026-07-16,PSR92,BRS05,16750,kg,BD-SP2KP,,,,,SP2KP Kemendag: Beras Premium (Pasar Panorama)
2026-07-16,PSR92,BRS03,14625,kg,BD-SP2KP,,,,,SP2KP Kemendag: Beras Medium (Pasar Panorama)
2026-07-16,PSR92,DSP02,150000,kg,BD-SP2KP,,,,,SP2KP Kemendag: Daging Sapi Paha Depan (Pasar Panorama)
2026-07-16,PSR92,CMR01,35000,kg,BD-SP2KP,,,,,SP2KP Kemendag: Cabai Merah Besar (Pasar Panorama)
2026-07-17,PSR91,CRW02,56667,kg,BD-SP2KP,,,,,SP2KP Kemendag: Cabai Rawit Merah (Pasar Kepahiang)
2026-07-17,PSR91,CRW01,50000,kg,BD-SP2KP,,,,,SP2KP Kemendag: Cabai Rawit Hijau (Pasar Kepahiang)
2026-07-17,PSR91,BWM01,37000,kg,BD-SP2KP,,,,,SP2KP Kemendag: Bawang Merah (Pasar Kepahiang)
2026-07-17,PSR91,GLP01,18833,kg,BD-SP2KP,,,,,SP2KP Kemendag: Gula Pasir Curah (Pasar Kepahiang)
2026-07-17,PSR91,GLP02,19000,kg,BD-SP2KP,,,,,SP2KP Kemendag: Gula Pasir Kemasan (Pasar Kepahiang)
2026-07-17,PSR91,MGR02,23000,liter,BD-SP2KP,,,,,SP2KP Kemendag: Minyak Goreng Sawit Kemasan Premium (Pasar Kepahiang)
2026-07-17,PSR91,DSP01,140000,kg,BD-SP2KP,,,,,SP2KP Kemendag: Daging Sapi Paha Belakang (Pasar Kepahiang)
2026-07-17,PSR91,CMR02,40000,kg,BD-SP2KP,,,,,SP2KP Kemendag: Cabai Merah Keriting (Pasar Kepahiang)
2026-07-17,PSR91,TLR01,26700,kg,BD-SP2KP,,,,,SP2KP Kemendag: Telur Ayam Ras (Pasar Kepahiang)
2026-07-17,PSR91,DAY01,38000,kg,BD-SP2KP,,,,,SP2KP Kemendag: Daging Ayam Ras (Pasar Kepahiang)
2026-07-17,PSR91,BWP01,40000,kg,BD-SP2KP,,,,,SP2KP Kemendag: Bawang Putih Honan (Pasar Kepahiang)
2026-07-17,PSR91,BRS05,15400,kg,BD-SP2KP,,,,,SP2KP Kemendag: Beras Premium (Pasar Kepahiang)
2026-07-17,PSR91,BRS03,13750,kg,BD-SP2KP,,,,,SP2KP Kemendag: Beras Medium (Pasar Kepahiang)
2026-07-17,PSR91,DSP02,140000,kg,BD-SP2KP,,,,,SP2KP Kemendag: Daging Sapi Paha Depan (Pasar Kepahiang)
2026-07-17,PSR91,CMR01,40000,kg,BD-SP2KP,,,,,SP2KP Kemendag: Cabai Merah Besar (Pasar Kepahiang)
2026-07-17,PSR01,CRW02,50000,kg,BD-SP2KP,,,,,SP2KP Kemendag: Cabai Rawit Merah (Pasar Taba Penanjung)
2026-07-17,PSR01,CRW01,45000,kg,BD-SP2KP,,,,,SP2KP Kemendag: Cabai Rawit Hijau (Pasar Taba Penanjung)
2026-07-17,PSR01,BWM01,34000,kg,BD-SP2KP,,,,,SP2KP Kemendag: Bawang Merah (Pasar Taba Penanjung)
2026-07-17,PSR01,GLP01,18000,kg,BD-SP2KP,,,,,SP2KP Kemendag: Gula Pasir Curah (Pasar Taba Penanjung)
2026-07-17,PSR01,GLP02,18000,kg,BD-SP2KP,,,,,SP2KP Kemendag: Gula Pasir Kemasan (Pasar Taba Penanjung)
2026-07-17,PSR01,MGR02,23000,liter,BD-SP2KP,,,,,SP2KP Kemendag: Minyak Goreng Sawit Kemasan Premium (Pasar Taba Penanjung)
2026-07-17,PSR01,DSP01,150000,kg,BD-SP2KP,,,,,SP2KP Kemendag: Daging Sapi Paha Belakang (Pasar Taba Penanjung)
2026-07-17,PSR01,CMR02,40000,kg,BD-SP2KP,,,,,SP2KP Kemendag: Cabai Merah Keriting (Pasar Taba Penanjung)
2026-07-17,PSR01,TLR01,25600,kg,BD-SP2KP,,,,,SP2KP Kemendag: Telur Ayam Ras (Pasar Taba Penanjung)
2026-07-17,PSR01,DAY01,28000,kg,BD-SP2KP,,,,,SP2KP Kemendag: Daging Ayam Ras (Pasar Taba Penanjung)
2026-07-17,PSR01,BWP01,38000,kg,BD-SP2KP,,,,,SP2KP Kemendag: Bawang Putih Honan (Pasar Taba Penanjung)
2026-07-17,PSR01,BRS05,16000,kg,BD-SP2KP,,,,,SP2KP Kemendag: Beras Premium (Pasar Taba Penanjung)
2026-07-17,PSR01,BRS03,13750,kg,BD-SP2KP,,,,,SP2KP Kemendag: Beras Medium (Pasar Taba Penanjung)
2026-07-17,PSR01,DSP02,150000,kg,BD-SP2KP,,,,,SP2KP Kemendag: Daging Sapi Paha Depan (Pasar Taba Penanjung)
2026-07-17,PSR01,CMR01,40000,kg,BD-SP2KP,,,,,SP2KP Kemendag: Cabai Merah Besar (Pasar Taba Penanjung)
2026-07-17,PSR92,CRW02,76667,kg,BD-SP2KP,,,,,SP2KP Kemendag: Cabai Rawit Merah (Pasar Panorama)
2026-07-17,PSR92,CRW01,63333,kg,BD-SP2KP,,,,,SP2KP Kemendag: Cabai Rawit Hijau (Pasar Panorama)
2026-07-17,PSR92,BWM01,40000,kg,BD-SP2KP,,,,,SP2KP Kemendag: Bawang Merah (Pasar Panorama)
2026-07-17,PSR92,GLP01,18333,kg,BD-SP2KP,,,,,SP2KP Kemendag: Gula Pasir Curah (Pasar Panorama)
2026-07-17,PSR92,GLP02,19000,kg,BD-SP2KP,,,,,SP2KP Kemendag: Gula Pasir Kemasan (Pasar Panorama)
2026-07-17,PSR92,MGR02,23000,liter,BD-SP2KP,,,,,SP2KP Kemendag: Minyak Goreng Sawit Kemasan Premium (Pasar Panorama)
2026-07-17,PSR92,DSP01,150000,kg,BD-SP2KP,,,,,SP2KP Kemendag: Daging Sapi Paha Belakang (Pasar Panorama)
2026-07-17,PSR92,CMR02,53333,kg,BD-SP2KP,,,,,SP2KP Kemendag: Cabai Merah Keriting (Pasar Panorama)
2026-07-17,PSR92,TLR01,30400,kg,BD-SP2KP,,,,,SP2KP Kemendag: Telur Ayam Ras (Pasar Panorama)
2026-07-17,PSR92,DAY01,38333,kg,BD-SP2KP,,,,,SP2KP Kemendag: Daging Ayam Ras (Pasar Panorama)
2026-07-17,PSR92,BWP01,53333,kg,BD-SP2KP,,,,,SP2KP Kemendag: Bawang Putih Honan (Pasar Panorama)
2026-07-17,PSR92,BRS05,16750,kg,BD-SP2KP,,,,,SP2KP Kemendag: Beras Premium (Pasar Panorama)
2026-07-17,PSR92,BRS03,14625,kg,BD-SP2KP,,,,,SP2KP Kemendag: Beras Medium (Pasar Panorama)
2026-07-17,PSR92,DSP02,150000,kg,BD-SP2KP,,,,,SP2KP Kemendag: Daging Sapi Paha Depan (Pasar Panorama)
2026-07-17,PSR92,CMR01,35000,kg,BD-SP2KP,,,,,SP2KP Kemendag: Cabai Merah Besar (Pasar Panorama)
2026-07-20,PSR91,CRW02,56667,kg,BD-SP2KP,,,,,SP2KP Kemendag: Cabai Rawit Merah (Pasar Kepahiang)
2026-07-20,PSR91,CRW01,50000,kg,BD-SP2KP,,,,,SP2KP Kemendag: Cabai Rawit Hijau (Pasar Kepahiang)
2026-07-20,PSR91,BWM01,32000,kg,BD-SP2KP,,,,,SP2KP Kemendag: Bawang Merah (Pasar Kepahiang)
2026-07-20,PSR91,GLP01,18833,kg,BD-SP2KP,,,,,SP2KP Kemendag: Gula Pasir Curah (Pasar Kepahiang)
2026-07-20,PSR91,GLP02,19000,kg,BD-SP2KP,,,,,SP2KP Kemendag: Gula Pasir Kemasan (Pasar Kepahiang)
2026-07-20,PSR91,MGR02,23000,liter,BD-SP2KP,,,,,SP2KP Kemendag: Minyak Goreng Sawit Kemasan Premium (Pasar Kepahiang)
2026-07-20,PSR91,DSP01,140000,kg,BD-SP2KP,,,,,SP2KP Kemendag: Daging Sapi Paha Belakang (Pasar Kepahiang)
2026-07-20,PSR91,CMR02,40000,kg,BD-SP2KP,,,,,SP2KP Kemendag: Cabai Merah Keriting (Pasar Kepahiang)
2026-07-20,PSR91,TLR01,26700,kg,BD-SP2KP,,,,,SP2KP Kemendag: Telur Ayam Ras (Pasar Kepahiang)
2026-07-20,PSR91,DAY01,40000,kg,BD-SP2KP,,,,,SP2KP Kemendag: Daging Ayam Ras (Pasar Kepahiang)
2026-07-20,PSR91,BWP01,37000,kg,BD-SP2KP,,,,,SP2KP Kemendag: Bawang Putih Honan (Pasar Kepahiang)
2026-07-20,PSR91,BRS05,15400,kg,BD-SP2KP,,,,,SP2KP Kemendag: Beras Premium (Pasar Kepahiang)
2026-07-20,PSR91,BRS03,13750,kg,BD-SP2KP,,,,,SP2KP Kemendag: Beras Medium (Pasar Kepahiang)
2026-07-20,PSR91,DSP02,140000,kg,BD-SP2KP,,,,,SP2KP Kemendag: Daging Sapi Paha Depan (Pasar Kepahiang)
2026-07-20,PSR91,CMR01,35000,kg,BD-SP2KP,,,,,SP2KP Kemendag: Cabai Merah Besar (Pasar Kepahiang)
2026-07-20,PSR01,CRW02,50000,kg,BD-SP2KP,,,,,SP2KP Kemendag: Cabai Rawit Merah (Pasar Taba Penanjung)
2026-07-20,PSR01,CRW01,45000,kg,BD-SP2KP,,,,,SP2KP Kemendag: Cabai Rawit Hijau (Pasar Taba Penanjung)
2026-07-20,PSR01,BWM01,34000,kg,BD-SP2KP,,,,,SP2KP Kemendag: Bawang Merah (Pasar Taba Penanjung)
2026-07-20,PSR01,GLP01,18000,kg,BD-SP2KP,,,,,SP2KP Kemendag: Gula Pasir Curah (Pasar Taba Penanjung)
2026-07-20,PSR01,GLP02,18000,kg,BD-SP2KP,,,,,SP2KP Kemendag: Gula Pasir Kemasan (Pasar Taba Penanjung)
2026-07-20,PSR01,MGR02,23000,liter,BD-SP2KP,,,,,SP2KP Kemendag: Minyak Goreng Sawit Kemasan Premium (Pasar Taba Penanjung)
2026-07-20,PSR01,DSP01,150000,kg,BD-SP2KP,,,,,SP2KP Kemendag: Daging Sapi Paha Belakang (Pasar Taba Penanjung)
2026-07-20,PSR01,CMR02,40000,kg,BD-SP2KP,,,,,SP2KP Kemendag: Cabai Merah Keriting (Pasar Taba Penanjung)
2026-07-20,PSR01,TLR01,25600,kg,BD-SP2KP,,,,,SP2KP Kemendag: Telur Ayam Ras (Pasar Taba Penanjung)
2026-07-20,PSR01,DAY01,28000,kg,BD-SP2KP,,,,,SP2KP Kemendag: Daging Ayam Ras (Pasar Taba Penanjung)
2026-07-20,PSR01,BWP01,38000,kg,BD-SP2KP,,,,,SP2KP Kemendag: Bawang Putih Honan (Pasar Taba Penanjung)
2026-07-20,PSR01,BRS05,16000,kg,BD-SP2KP,,,,,SP2KP Kemendag: Beras Premium (Pasar Taba Penanjung)
2026-07-20,PSR01,BRS03,13750,kg,BD-SP2KP,,,,,SP2KP Kemendag: Beras Medium (Pasar Taba Penanjung)
2026-07-20,PSR01,DSP02,150000,kg,BD-SP2KP,,,,,SP2KP Kemendag: Daging Sapi Paha Depan (Pasar Taba Penanjung)
2026-07-20,PSR01,CMR01,40000,kg,BD-SP2KP,,,,,SP2KP Kemendag: Cabai Merah Besar (Pasar Taba Penanjung)
2026-07-20,PSR92,CRW02,76667,kg,BD-SP2KP,,,,,SP2KP Kemendag: Cabai Rawit Merah (Pasar Panorama)
2026-07-20,PSR92,CRW01,63333,kg,BD-SP2KP,,,,,SP2KP Kemendag: Cabai Rawit Hijau (Pasar Panorama)
2026-07-20,PSR92,BWM01,40000,kg,BD-SP2KP,,,,,SP2KP Kemendag: Bawang Merah (Pasar Panorama)
2026-07-20,PSR92,GLP01,18333,kg,BD-SP2KP,,,,,SP2KP Kemendag: Gula Pasir Curah (Pasar Panorama)
2026-07-20,PSR92,GLP02,19000,kg,BD-SP2KP,,,,,SP2KP Kemendag: Gula Pasir Kemasan (Pasar Panorama)
2026-07-20,PSR92,MGR02,23000,liter,BD-SP2KP,,,,,SP2KP Kemendag: Minyak Goreng Sawit Kemasan Premium (Pasar Panorama)
2026-07-20,PSR92,DSP01,150000,kg,BD-SP2KP,,,,,SP2KP Kemendag: Daging Sapi Paha Belakang (Pasar Panorama)
2026-07-20,PSR92,CMR02,53333,kg,BD-SP2KP,,,,,SP2KP Kemendag: Cabai Merah Keriting (Pasar Panorama)
2026-07-20,PSR92,TLR01,30400,kg,BD-SP2KP,,,,,SP2KP Kemendag: Telur Ayam Ras (Pasar Panorama)
2026-07-20,PSR92,DAY01,38333,kg,BD-SP2KP,,,,,SP2KP Kemendag: Daging Ayam Ras (Pasar Panorama)
2026-07-20,PSR92,BWP01,53333,kg,BD-SP2KP,,,,,SP2KP Kemendag: Bawang Putih Honan (Pasar Panorama)
2026-07-20,PSR92,BRS05,16750,kg,BD-SP2KP,,,,,SP2KP Kemendag: Beras Premium (Pasar Panorama)
2026-07-20,PSR92,BRS03,14625,kg,BD-SP2KP,,,,,SP2KP Kemendag: Beras Medium (Pasar Panorama)
2026-07-20,PSR92,DSP02,150000,kg,BD-SP2KP,,,,,SP2KP Kemendag: Daging Sapi Paha Depan (Pasar Panorama)
2026-07-20,PSR92,CMR01,35000,kg,BD-SP2KP,,,,,SP2KP Kemendag: Cabai Merah Besar (Pasar Panorama)
2026-07-21,PSR91,CRW02,56667,kg,BD-SP2KP,,,,,SP2KP Kemendag: Cabai Rawit Merah (Pasar Kepahiang)
2026-07-21,PSR91,CRW01,50000,kg,BD-SP2KP,,,,,SP2KP Kemendag: Cabai Rawit Hijau (Pasar Kepahiang)
2026-07-21,PSR91,BWM01,32000,kg,BD-SP2KP,,,,,SP2KP Kemendag: Bawang Merah (Pasar Kepahiang)
2026-07-21,PSR91,GLP01,18833,kg,BD-SP2KP,,,,,SP2KP Kemendag: Gula Pasir Curah (Pasar Kepahiang)
2026-07-21,PSR91,GLP02,19000,kg,BD-SP2KP,,,,,SP2KP Kemendag: Gula Pasir Kemasan (Pasar Kepahiang)
2026-07-21,PSR91,MGR02,23000,liter,BD-SP2KP,,,,,SP2KP Kemendag: Minyak Goreng Sawit Kemasan Premium (Pasar Kepahiang)
2026-07-21,PSR91,DSP01,140000,kg,BD-SP2KP,,,,,SP2KP Kemendag: Daging Sapi Paha Belakang (Pasar Kepahiang)
2026-07-21,PSR91,CMR02,40000,kg,BD-SP2KP,,,,,SP2KP Kemendag: Cabai Merah Keriting (Pasar Kepahiang)
2026-07-21,PSR91,TLR01,26700,kg,BD-SP2KP,,,,,SP2KP Kemendag: Telur Ayam Ras (Pasar Kepahiang)
2026-07-21,PSR91,DAY01,40000,kg,BD-SP2KP,,,,,SP2KP Kemendag: Daging Ayam Ras (Pasar Kepahiang)
2026-07-21,PSR91,BWP01,37000,kg,BD-SP2KP,,,,,SP2KP Kemendag: Bawang Putih Honan (Pasar Kepahiang)
2026-07-21,PSR91,BRS05,15400,kg,BD-SP2KP,,,,,SP2KP Kemendag: Beras Premium (Pasar Kepahiang)
2026-07-21,PSR91,BRS03,13750,kg,BD-SP2KP,,,,,SP2KP Kemendag: Beras Medium (Pasar Kepahiang)
2026-07-21,PSR91,DSP02,140000,kg,BD-SP2KP,,,,,SP2KP Kemendag: Daging Sapi Paha Depan (Pasar Kepahiang)
2026-07-21,PSR91,CMR01,35000,kg,BD-SP2KP,,,,,SP2KP Kemendag: Cabai Merah Besar (Pasar Kepahiang)
2026-07-21,PSR01,CRW02,50000,kg,BD-SP2KP,,,,,SP2KP Kemendag: Cabai Rawit Merah (Pasar Taba Penanjung)
2026-07-21,PSR01,CRW01,45000,kg,BD-SP2KP,,,,,SP2KP Kemendag: Cabai Rawit Hijau (Pasar Taba Penanjung)
2026-07-21,PSR01,BWM01,34000,kg,BD-SP2KP,,,,,SP2KP Kemendag: Bawang Merah (Pasar Taba Penanjung)
2026-07-21,PSR01,GLP01,18000,kg,BD-SP2KP,,,,,SP2KP Kemendag: Gula Pasir Curah (Pasar Taba Penanjung)
2026-07-21,PSR01,GLP02,18000,kg,BD-SP2KP,,,,,SP2KP Kemendag: Gula Pasir Kemasan (Pasar Taba Penanjung)
2026-07-21,PSR01,MGR02,23000,liter,BD-SP2KP,,,,,SP2KP Kemendag: Minyak Goreng Sawit Kemasan Premium (Pasar Taba Penanjung)
2026-07-21,PSR01,DSP01,150000,kg,BD-SP2KP,,,,,SP2KP Kemendag: Daging Sapi Paha Belakang (Pasar Taba Penanjung)
2026-07-21,PSR01,CMR02,40000,kg,BD-SP2KP,,,,,SP2KP Kemendag: Cabai Merah Keriting (Pasar Taba Penanjung)
2026-07-21,PSR01,TLR01,25600,kg,BD-SP2KP,,,,,SP2KP Kemendag: Telur Ayam Ras (Pasar Taba Penanjung)
2026-07-21,PSR01,DAY01,28000,kg,BD-SP2KP,,,,,SP2KP Kemendag: Daging Ayam Ras (Pasar Taba Penanjung)
2026-07-21,PSR01,BWP01,38000,kg,BD-SP2KP,,,,,SP2KP Kemendag: Bawang Putih Honan (Pasar Taba Penanjung)
2026-07-21,PSR01,BRS05,16000,kg,BD-SP2KP,,,,,SP2KP Kemendag: Beras Premium (Pasar Taba Penanjung)
2026-07-21,PSR01,BRS03,13750,kg,BD-SP2KP,,,,,SP2KP Kemendag: Beras Medium (Pasar Taba Penanjung)
2026-07-21,PSR01,DSP02,150000,kg,BD-SP2KP,,,,,SP2KP Kemendag: Daging Sapi Paha Depan (Pasar Taba Penanjung)
2026-07-21,PSR01,CMR01,40000,kg,BD-SP2KP,,,,,SP2KP Kemendag: Cabai Merah Besar (Pasar Taba Penanjung)
2026-07-21,PSR92,CRW02,76667,kg,BD-SP2KP,,,,,SP2KP Kemendag: Cabai Rawit Merah (Pasar Panorama)
2026-07-21,PSR92,CRW01,63333,kg,BD-SP2KP,,,,,SP2KP Kemendag: Cabai Rawit Hijau (Pasar Panorama)
2026-07-21,PSR92,BWM01,40000,kg,BD-SP2KP,,,,,SP2KP Kemendag: Bawang Merah (Pasar Panorama)
2026-07-21,PSR92,GLP01,18333,kg,BD-SP2KP,,,,,SP2KP Kemendag: Gula Pasir Curah (Pasar Panorama)
2026-07-21,PSR92,GLP02,19000,kg,BD-SP2KP,,,,,SP2KP Kemendag: Gula Pasir Kemasan (Pasar Panorama)
2026-07-21,PSR92,MGR02,23000,liter,BD-SP2KP,,,,,SP2KP Kemendag: Minyak Goreng Sawit Kemasan Premium (Pasar Panorama)
2026-07-21,PSR92,DSP01,150000,kg,BD-SP2KP,,,,,SP2KP Kemendag: Daging Sapi Paha Belakang (Pasar Panorama)
2026-07-21,PSR92,CMR02,53333,kg,BD-SP2KP,,,,,SP2KP Kemendag: Cabai Merah Keriting (Pasar Panorama)
2026-07-21,PSR92,TLR01,30400,kg,BD-SP2KP,,,,,SP2KP Kemendag: Telur Ayam Ras (Pasar Panorama)
2026-07-21,PSR92,DAY01,38333,kg,BD-SP2KP,,,,,SP2KP Kemendag: Daging Ayam Ras (Pasar Panorama)
2026-07-21,PSR92,BWP01,53333,kg,BD-SP2KP,,,,,SP2KP Kemendag: Bawang Putih Honan (Pasar Panorama)
2026-07-21,PSR92,BRS05,16750,kg,BD-SP2KP,,,,,SP2KP Kemendag: Beras Premium (Pasar Panorama)
2026-07-21,PSR92,BRS03,14625,kg,BD-SP2KP,,,,,SP2KP Kemendag: Beras Medium (Pasar Panorama)
2026-07-21,PSR92,DSP02,150000,kg,BD-SP2KP,,,,,SP2KP Kemendag: Daging Sapi Paha Depan (Pasar Panorama)
2026-07-21,PSR92,CMR01,35000,kg,BD-SP2KP,,,,,SP2KP Kemendag: Cabai Merah Besar (Pasar Panorama)
2026-07-22,PSR91,CRW02,50000,kg,BD-SP2KP,,,,,SP2KP Kemendag: Cabai Rawit Merah (Pasar Kepahiang)
2026-07-22,PSR91,CRW01,50000,kg,BD-SP2KP,,,,,SP2KP Kemendag: Cabai Rawit Hijau (Pasar Kepahiang)
2026-07-22,PSR91,BWM01,32000,kg,BD-SP2KP,,,,,SP2KP Kemendag: Bawang Merah (Pasar Kepahiang)
2026-07-22,PSR91,GLP01,18833,kg,BD-SP2KP,,,,,SP2KP Kemendag: Gula Pasir Curah (Pasar Kepahiang)
2026-07-22,PSR91,GLP02,19000,kg,BD-SP2KP,,,,,SP2KP Kemendag: Gula Pasir Kemasan (Pasar Kepahiang)
2026-07-22,PSR91,MGR02,23000,liter,BD-SP2KP,,,,,SP2KP Kemendag: Minyak Goreng Sawit Kemasan Premium (Pasar Kepahiang)
2026-07-22,PSR91,DSP01,140000,kg,BD-SP2KP,,,,,SP2KP Kemendag: Daging Sapi Paha Belakang (Pasar Kepahiang)
2026-07-22,PSR91,CMR02,40000,kg,BD-SP2KP,,,,,SP2KP Kemendag: Cabai Merah Keriting (Pasar Kepahiang)
2026-07-22,PSR91,TLR01,26700,kg,BD-SP2KP,,,,,SP2KP Kemendag: Telur Ayam Ras (Pasar Kepahiang)
2026-07-22,PSR91,DAY01,42000,kg,BD-SP2KP,,,,,SP2KP Kemendag: Daging Ayam Ras (Pasar Kepahiang)
2026-07-22,PSR91,BWP01,37000,kg,BD-SP2KP,,,,,SP2KP Kemendag: Bawang Putih Honan (Pasar Kepahiang)
2026-07-22,PSR91,BRS05,16000,kg,BD-SP2KP,,,,,SP2KP Kemendag: Beras Premium (Pasar Kepahiang)
2026-07-22,PSR91,BRS03,14600,kg,BD-SP2KP,,,,,SP2KP Kemendag: Beras Medium (Pasar Kepahiang)
2026-07-22,PSR91,DSP02,140000,kg,BD-SP2KP,,,,,SP2KP Kemendag: Daging Sapi Paha Depan (Pasar Kepahiang)
2026-07-22,PSR91,CMR01,35000,kg,BD-SP2KP,,,,,SP2KP Kemendag: Cabai Merah Besar (Pasar Kepahiang)
2026-07-22,PSR01,CRW02,50000,kg,BD-SP2KP,,,,,SP2KP Kemendag: Cabai Rawit Merah (Pasar Taba Penanjung)
2026-07-22,PSR01,CRW01,45000,kg,BD-SP2KP,,,,,SP2KP Kemendag: Cabai Rawit Hijau (Pasar Taba Penanjung)
2026-07-22,PSR01,BWM01,34000,kg,BD-SP2KP,,,,,SP2KP Kemendag: Bawang Merah (Pasar Taba Penanjung)
2026-07-22,PSR01,GLP01,18000,kg,BD-SP2KP,,,,,SP2KP Kemendag: Gula Pasir Curah (Pasar Taba Penanjung)
2026-07-22,PSR01,GLP02,18000,kg,BD-SP2KP,,,,,SP2KP Kemendag: Gula Pasir Kemasan (Pasar Taba Penanjung)
2026-07-22,PSR01,MGR02,23000,liter,BD-SP2KP,,,,,SP2KP Kemendag: Minyak Goreng Sawit Kemasan Premium (Pasar Taba Penanjung)
2026-07-22,PSR01,DSP01,150000,kg,BD-SP2KP,,,,,SP2KP Kemendag: Daging Sapi Paha Belakang (Pasar Taba Penanjung)
2026-07-22,PSR01,CMR02,40000,kg,BD-SP2KP,,,,,SP2KP Kemendag: Cabai Merah Keriting (Pasar Taba Penanjung)
2026-07-22,PSR01,TLR01,25600,kg,BD-SP2KP,,,,,SP2KP Kemendag: Telur Ayam Ras (Pasar Taba Penanjung)
2026-07-22,PSR01,DAY01,28000,kg,BD-SP2KP,,,,,SP2KP Kemendag: Daging Ayam Ras (Pasar Taba Penanjung)
2026-07-22,PSR01,BWP01,38000,kg,BD-SP2KP,,,,,SP2KP Kemendag: Bawang Putih Honan (Pasar Taba Penanjung)
2026-07-22,PSR01,BRS05,16000,kg,BD-SP2KP,,,,,SP2KP Kemendag: Beras Premium (Pasar Taba Penanjung)
2026-07-22,PSR01,BRS03,13750,kg,BD-SP2KP,,,,,SP2KP Kemendag: Beras Medium (Pasar Taba Penanjung)
2026-07-22,PSR01,DSP02,150000,kg,BD-SP2KP,,,,,SP2KP Kemendag: Daging Sapi Paha Depan (Pasar Taba Penanjung)
2026-07-22,PSR01,CMR01,40000,kg,BD-SP2KP,,,,,SP2KP Kemendag: Cabai Merah Besar (Pasar Taba Penanjung)
2026-07-22,PSR92,CRW02,76667,kg,BD-SP2KP,,,,,SP2KP Kemendag: Cabai Rawit Merah (Pasar Panorama)
2026-07-22,PSR92,CRW01,63333,kg,BD-SP2KP,,,,,SP2KP Kemendag: Cabai Rawit Hijau (Pasar Panorama)
2026-07-22,PSR92,BWM01,40000,kg,BD-SP2KP,,,,,SP2KP Kemendag: Bawang Merah (Pasar Panorama)
2026-07-22,PSR92,GLP01,18333,kg,BD-SP2KP,,,,,SP2KP Kemendag: Gula Pasir Curah (Pasar Panorama)
2026-07-22,PSR92,GLP02,19000,kg,BD-SP2KP,,,,,SP2KP Kemendag: Gula Pasir Kemasan (Pasar Panorama)
2026-07-22,PSR92,MGR02,23000,liter,BD-SP2KP,,,,,SP2KP Kemendag: Minyak Goreng Sawit Kemasan Premium (Pasar Panorama)
2026-07-22,PSR92,DSP01,150000,kg,BD-SP2KP,,,,,SP2KP Kemendag: Daging Sapi Paha Belakang (Pasar Panorama)
2026-07-22,PSR92,CMR02,50000,kg,BD-SP2KP,,,,,SP2KP Kemendag: Cabai Merah Keriting (Pasar Panorama)
2026-07-22,PSR92,TLR01,30400,kg,BD-SP2KP,,,,,SP2KP Kemendag: Telur Ayam Ras (Pasar Panorama)
2026-07-22,PSR92,DAY01,39000,kg,BD-SP2KP,,,,,SP2KP Kemendag: Daging Ayam Ras (Pasar Panorama)
2026-07-22,PSR92,BWP01,52667,kg,BD-SP2KP,,,,,SP2KP Kemendag: Bawang Putih Honan (Pasar Panorama)
2026-07-22,PSR92,BRS05,16750,kg,BD-SP2KP,,,,,SP2KP Kemendag: Beras Premium (Pasar Panorama)
2026-07-22,PSR92,BRS03,14625,kg,BD-SP2KP,,,,,SP2KP Kemendag: Beras Medium (Pasar Panorama)
2026-07-22,PSR92,DSP02,150000,kg,BD-SP2KP,,,,,SP2KP Kemendag: Daging Sapi Paha Depan (Pasar Panorama)
2026-07-22,PSR92,CMR01,35000,kg,BD-SP2KP,,,,,SP2KP Kemendag: Cabai Merah Besar (Pasar Panorama)
2026-07-23,PSR91,CRW02,50000,kg,BD-SP2KP,,,,,SP2KP Kemendag: Cabai Rawit Merah (Pasar Kepahiang)
2026-07-23,PSR91,CRW01,50000,kg,BD-SP2KP,,,,,SP2KP Kemendag: Cabai Rawit Hijau (Pasar Kepahiang)
2026-07-23,PSR91,BWM01,32000,kg,BD-SP2KP,,,,,SP2KP Kemendag: Bawang Merah (Pasar Kepahiang)
2026-07-23,PSR91,GLP01,18833,kg,BD-SP2KP,,,,,SP2KP Kemendag: Gula Pasir Curah (Pasar Kepahiang)
2026-07-23,PSR91,GLP02,19000,kg,BD-SP2KP,,,,,SP2KP Kemendag: Gula Pasir Kemasan (Pasar Kepahiang)
2026-07-23,PSR91,MGR02,23000,liter,BD-SP2KP,,,,,SP2KP Kemendag: Minyak Goreng Sawit Kemasan Premium (Pasar Kepahiang)
2026-07-23,PSR91,DSP01,140000,kg,BD-SP2KP,,,,,SP2KP Kemendag: Daging Sapi Paha Belakang (Pasar Kepahiang)
2026-07-23,PSR91,CMR02,40000,kg,BD-SP2KP,,,,,SP2KP Kemendag: Cabai Merah Keriting (Pasar Kepahiang)
2026-07-23,PSR91,TLR01,26700,kg,BD-SP2KP,,,,,SP2KP Kemendag: Telur Ayam Ras (Pasar Kepahiang)
2026-07-23,PSR91,DAY01,42000,kg,BD-SP2KP,,,,,SP2KP Kemendag: Daging Ayam Ras (Pasar Kepahiang)
2026-07-23,PSR91,BWP01,37000,kg,BD-SP2KP,,,,,SP2KP Kemendag: Bawang Putih Honan (Pasar Kepahiang)
2026-07-23,PSR91,BRS05,16000,kg,BD-SP2KP,,,,,SP2KP Kemendag: Beras Premium (Pasar Kepahiang)
2026-07-23,PSR91,BRS03,14600,kg,BD-SP2KP,,,,,SP2KP Kemendag: Beras Medium (Pasar Kepahiang)
2026-07-23,PSR91,DSP02,140000,kg,BD-SP2KP,,,,,SP2KP Kemendag: Daging Sapi Paha Depan (Pasar Kepahiang)
2026-07-23,PSR91,CMR01,35000,kg,BD-SP2KP,,,,,SP2KP Kemendag: Cabai Merah Besar (Pasar Kepahiang)
2026-07-23,PSR01,CRW02,55000,kg,BD-SP2KP,,,,,SP2KP Kemendag: Cabai Rawit Merah (Pasar Taba Penanjung)
2026-07-23,PSR01,CRW01,50000,kg,BD-SP2KP,,,,,SP2KP Kemendag: Cabai Rawit Hijau (Pasar Taba Penanjung)
2026-07-23,PSR01,BWM01,30000,kg,BD-SP2KP,,,,,SP2KP Kemendag: Bawang Merah (Pasar Taba Penanjung)
2026-07-23,PSR01,GLP01,18000,kg,BD-SP2KP,,,,,SP2KP Kemendag: Gula Pasir Curah (Pasar Taba Penanjung)
2026-07-23,PSR01,GLP02,18000,kg,BD-SP2KP,,,,,SP2KP Kemendag: Gula Pasir Kemasan (Pasar Taba Penanjung)
2026-07-23,PSR01,MGR02,23000,liter,BD-SP2KP,,,,,SP2KP Kemendag: Minyak Goreng Sawit Kemasan Premium (Pasar Taba Penanjung)
2026-07-23,PSR01,DSP01,150000,kg,BD-SP2KP,,,,,SP2KP Kemendag: Daging Sapi Paha Belakang (Pasar Taba Penanjung)
2026-07-23,PSR01,CMR02,40000,kg,BD-SP2KP,,,,,SP2KP Kemendag: Cabai Merah Keriting (Pasar Taba Penanjung)
2026-07-23,PSR01,TLR01,25600,kg,BD-SP2KP,,,,,SP2KP Kemendag: Telur Ayam Ras (Pasar Taba Penanjung)
2026-07-23,PSR01,DAY01,38000,kg,BD-SP2KP,,,,,SP2KP Kemendag: Daging Ayam Ras (Pasar Taba Penanjung)
2026-07-23,PSR01,BWP01,35000,kg,BD-SP2KP,,,,,SP2KP Kemendag: Bawang Putih Honan (Pasar Taba Penanjung)
2026-07-23,PSR01,BRS05,16000,kg,BD-SP2KP,,,,,SP2KP Kemendag: Beras Premium (Pasar Taba Penanjung)
2026-07-23,PSR01,BRS03,13750,kg,BD-SP2KP,,,,,SP2KP Kemendag: Beras Medium (Pasar Taba Penanjung)
2026-07-23,PSR01,DSP02,150000,kg,BD-SP2KP,,,,,SP2KP Kemendag: Daging Sapi Paha Depan (Pasar Taba Penanjung)
2026-07-23,PSR01,CMR01,40000,kg,BD-SP2KP,,,,,SP2KP Kemendag: Cabai Merah Besar (Pasar Taba Penanjung)
2026-07-23,PSR92,CRW02,76667,kg,BD-SP2KP,,,,,SP2KP Kemendag: Cabai Rawit Merah (Pasar Panorama)
2026-07-23,PSR92,CRW01,63333,kg,BD-SP2KP,,,,,SP2KP Kemendag: Cabai Rawit Hijau (Pasar Panorama)
2026-07-23,PSR92,BWM01,40000,kg,BD-SP2KP,,,,,SP2KP Kemendag: Bawang Merah (Pasar Panorama)
2026-07-23,PSR92,GLP01,18333,kg,BD-SP2KP,,,,,SP2KP Kemendag: Gula Pasir Curah (Pasar Panorama)
2026-07-23,PSR92,GLP02,19000,kg,BD-SP2KP,,,,,SP2KP Kemendag: Gula Pasir Kemasan (Pasar Panorama)
2026-07-23,PSR92,MGR02,23000,liter,BD-SP2KP,,,,,SP2KP Kemendag: Minyak Goreng Sawit Kemasan Premium (Pasar Panorama)
2026-07-23,PSR92,DSP01,150000,kg,BD-SP2KP,,,,,SP2KP Kemendag: Daging Sapi Paha Belakang (Pasar Panorama)
2026-07-23,PSR92,CMR02,50000,kg,BD-SP2KP,,,,,SP2KP Kemendag: Cabai Merah Keriting (Pasar Panorama)
2026-07-23,PSR92,TLR01,30400,kg,BD-SP2KP,,,,,SP2KP Kemendag: Telur Ayam Ras (Pasar Panorama)
2026-07-23,PSR92,DAY01,39000,kg,BD-SP2KP,,,,,SP2KP Kemendag: Daging Ayam Ras (Pasar Panorama)
2026-07-23,PSR92,BWP01,52667,kg,BD-SP2KP,,,,,SP2KP Kemendag: Bawang Putih Honan (Pasar Panorama)
2026-07-23,PSR92,BRS05,16750,kg,BD-SP2KP,,,,,SP2KP Kemendag: Beras Premium (Pasar Panorama)
2026-07-23,PSR92,BRS03,14625,kg,BD-SP2KP,,,,,SP2KP Kemendag: Beras Medium (Pasar Panorama)
2026-07-23,PSR92,DSP02,150000,kg,BD-SP2KP,,,,,SP2KP Kemendag: Daging Sapi Paha Depan (Pasar Panorama)
2026-07-23,PSR92,CMR01,35000,kg,BD-SP2KP,,,,,SP2KP Kemendag: Cabai Merah Besar (Pasar Panorama)
2026-07-24,PSR91,CRW02,50000,kg,BD-SP2KP,,,,,SP2KP Kemendag: Cabai Rawit Merah (Pasar Kepahiang)
2026-07-24,PSR91,CRW01,50000,kg,BD-SP2KP,,,,,SP2KP Kemendag: Cabai Rawit Hijau (Pasar Kepahiang)
2026-07-24,PSR91,BWM01,32000,kg,BD-SP2KP,,,,,SP2KP Kemendag: Bawang Merah (Pasar Kepahiang)
2026-07-24,PSR91,GLP01,18833,kg,BD-SP2KP,,,,,SP2KP Kemendag: Gula Pasir Curah (Pasar Kepahiang)
2026-07-24,PSR91,GLP02,19000,kg,BD-SP2KP,,,,,SP2KP Kemendag: Gula Pasir Kemasan (Pasar Kepahiang)
2026-07-24,PSR91,MGR02,23000,liter,BD-SP2KP,,,,,SP2KP Kemendag: Minyak Goreng Sawit Kemasan Premium (Pasar Kepahiang)
2026-07-24,PSR91,DSP01,140000,kg,BD-SP2KP,,,,,SP2KP Kemendag: Daging Sapi Paha Belakang (Pasar Kepahiang)
2026-07-24,PSR91,CMR02,40000,kg,BD-SP2KP,,,,,SP2KP Kemendag: Cabai Merah Keriting (Pasar Kepahiang)
2026-07-24,PSR91,TLR01,26700,kg,BD-SP2KP,,,,,SP2KP Kemendag: Telur Ayam Ras (Pasar Kepahiang)
2026-07-24,PSR91,DAY01,43000,kg,BD-SP2KP,,,,,SP2KP Kemendag: Daging Ayam Ras (Pasar Kepahiang)
2026-07-24,PSR91,BWP01,37000,kg,BD-SP2KP,,,,,SP2KP Kemendag: Bawang Putih Honan (Pasar Kepahiang)
2026-07-24,PSR91,BRS05,16000,kg,BD-SP2KP,,,,,SP2KP Kemendag: Beras Premium (Pasar Kepahiang)
2026-07-24,PSR91,BRS03,14600,kg,BD-SP2KP,,,,,SP2KP Kemendag: Beras Medium (Pasar Kepahiang)
2026-07-24,PSR91,DSP02,140000,kg,BD-SP2KP,,,,,SP2KP Kemendag: Daging Sapi Paha Depan (Pasar Kepahiang)
2026-07-24,PSR91,CMR01,35000,kg,BD-SP2KP,,,,,SP2KP Kemendag: Cabai Merah Besar (Pasar Kepahiang)
2026-07-24,PSR01,CRW02,55000,kg,BD-SP2KP,,,,,SP2KP Kemendag: Cabai Rawit Merah (Pasar Taba Penanjung)
2026-07-24,PSR01,CRW01,50000,kg,BD-SP2KP,,,,,SP2KP Kemendag: Cabai Rawit Hijau (Pasar Taba Penanjung)
2026-07-24,PSR01,BWM01,30000,kg,BD-SP2KP,,,,,SP2KP Kemendag: Bawang Merah (Pasar Taba Penanjung)
2026-07-24,PSR01,GLP01,18000,kg,BD-SP2KP,,,,,SP2KP Kemendag: Gula Pasir Curah (Pasar Taba Penanjung)
2026-07-24,PSR01,GLP02,18000,kg,BD-SP2KP,,,,,SP2KP Kemendag: Gula Pasir Kemasan (Pasar Taba Penanjung)
2026-07-24,PSR01,MGR02,23000,liter,BD-SP2KP,,,,,SP2KP Kemendag: Minyak Goreng Sawit Kemasan Premium (Pasar Taba Penanjung)
2026-07-24,PSR01,DSP01,150000,kg,BD-SP2KP,,,,,SP2KP Kemendag: Daging Sapi Paha Belakang (Pasar Taba Penanjung)
2026-07-24,PSR01,CMR02,40000,kg,BD-SP2KP,,,,,SP2KP Kemendag: Cabai Merah Keriting (Pasar Taba Penanjung)
2026-07-24,PSR01,TLR01,25600,kg,BD-SP2KP,,,,,SP2KP Kemendag: Telur Ayam Ras (Pasar Taba Penanjung)
2026-07-24,PSR01,DAY01,38000,kg,BD-SP2KP,,,,,SP2KP Kemendag: Daging Ayam Ras (Pasar Taba Penanjung)
2026-07-24,PSR01,BWP01,35000,kg,BD-SP2KP,,,,,SP2KP Kemendag: Bawang Putih Honan (Pasar Taba Penanjung)
2026-07-24,PSR01,BRS05,16000,kg,BD-SP2KP,,,,,SP2KP Kemendag: Beras Premium (Pasar Taba Penanjung)
2026-07-24,PSR01,BRS03,13750,kg,BD-SP2KP,,,,,SP2KP Kemendag: Beras Medium (Pasar Taba Penanjung)
2026-07-24,PSR01,DSP02,150000,kg,BD-SP2KP,,,,,SP2KP Kemendag: Daging Sapi Paha Depan (Pasar Taba Penanjung)
2026-07-24,PSR01,CMR01,40000,kg,BD-SP2KP,,,,,SP2KP Kemendag: Cabai Merah Besar (Pasar Taba Penanjung)
2026-07-24,PSR92,CRW02,76667,kg,BD-SP2KP,,,,,SP2KP Kemendag: Cabai Rawit Merah (Pasar Panorama)
2026-07-24,PSR92,CRW01,63333,kg,BD-SP2KP,,,,,SP2KP Kemendag: Cabai Rawit Hijau (Pasar Panorama)
2026-07-24,PSR92,BWM01,40000,kg,BD-SP2KP,,,,,SP2KP Kemendag: Bawang Merah (Pasar Panorama)
2026-07-24,PSR92,GLP01,18333,kg,BD-SP2KP,,,,,SP2KP Kemendag: Gula Pasir Curah (Pasar Panorama)
2026-07-24,PSR92,GLP02,19000,kg,BD-SP2KP,,,,,SP2KP Kemendag: Gula Pasir Kemasan (Pasar Panorama)
2026-07-24,PSR92,MGR02,23000,liter,BD-SP2KP,,,,,SP2KP Kemendag: Minyak Goreng Sawit Kemasan Premium (Pasar Panorama)
2026-07-24,PSR92,DSP01,150000,kg,BD-SP2KP,,,,,SP2KP Kemendag: Daging Sapi Paha Belakang (Pasar Panorama)
2026-07-24,PSR92,CMR02,48333,kg,BD-SP2KP,,,,,SP2KP Kemendag: Cabai Merah Keriting (Pasar Panorama)
2026-07-24,PSR92,TLR01,30400,kg,BD-SP2KP,,,,,SP2KP Kemendag: Telur Ayam Ras (Pasar Panorama)
2026-07-24,PSR92,DAY01,40000,kg,BD-SP2KP,,,,,SP2KP Kemendag: Daging Ayam Ras (Pasar Panorama)
2026-07-24,PSR92,BWP01,52667,kg,BD-SP2KP,,,,,SP2KP Kemendag: Bawang Putih Honan (Pasar Panorama)
2026-07-24,PSR92,BRS05,16750,kg,BD-SP2KP,,,,,SP2KP Kemendag: Beras Premium (Pasar Panorama)
2026-07-24,PSR92,BRS03,14625,kg,BD-SP2KP,,,,,SP2KP Kemendag: Beras Medium (Pasar Panorama)
2026-07-24,PSR92,DSP02,150000,kg,BD-SP2KP,,,,,SP2KP Kemendag: Daging Sapi Paha Depan (Pasar Panorama)
2026-07-24,PSR92,CMR01,35000,kg,BD-SP2KP,,,,,SP2KP Kemendag: Cabai Merah Besar (Pasar Panorama)
2026-07-27,PSR91,CRW02,50000,kg,BD-SP2KP,,,,,SP2KP Kemendag: Cabai Rawit Merah (Pasar Kepahiang)
2026-07-27,PSR91,CRW01,50000,kg,BD-SP2KP,,,,,SP2KP Kemendag: Cabai Rawit Hijau (Pasar Kepahiang)
2026-07-27,PSR91,BWM01,30000,kg,BD-SP2KP,,,,,SP2KP Kemendag: Bawang Merah (Pasar Kepahiang)
2026-07-27,PSR91,GLP01,18833,kg,BD-SP2KP,,,,,SP2KP Kemendag: Gula Pasir Curah (Pasar Kepahiang)
2026-07-27,PSR91,GLP02,19000,kg,BD-SP2KP,,,,,SP2KP Kemendag: Gula Pasir Kemasan (Pasar Kepahiang)
2026-07-27,PSR91,MGR02,23000,liter,BD-SP2KP,,,,,SP2KP Kemendag: Minyak Goreng Sawit Kemasan Premium (Pasar Kepahiang)
2026-07-27,PSR91,DSP01,140000,kg,BD-SP2KP,,,,,SP2KP Kemendag: Daging Sapi Paha Belakang (Pasar Kepahiang)
2026-07-27,PSR91,CMR02,45000,kg,BD-SP2KP,,,,,SP2KP Kemendag: Cabai Merah Keriting (Pasar Kepahiang)
2026-07-27,PSR91,TLR01,26700,kg,BD-SP2KP,,,,,SP2KP Kemendag: Telur Ayam Ras (Pasar Kepahiang)
2026-07-27,PSR91,DAY01,44000,kg,BD-SP2KP,,,,,SP2KP Kemendag: Daging Ayam Ras (Pasar Kepahiang)
2026-07-27,PSR91,BWP01,35000,kg,BD-SP2KP,,,,,SP2KP Kemendag: Bawang Putih Honan (Pasar Kepahiang)
2026-07-27,PSR91,BRS05,16000,kg,BD-SP2KP,,,,,SP2KP Kemendag: Beras Premium (Pasar Kepahiang)
2026-07-27,PSR91,BRS03,14600,kg,BD-SP2KP,,,,,SP2KP Kemendag: Beras Medium (Pasar Kepahiang)
2026-07-27,PSR91,DSP02,140000,kg,BD-SP2KP,,,,,SP2KP Kemendag: Daging Sapi Paha Depan (Pasar Kepahiang)
2026-07-27,PSR91,CMR01,40000,kg,BD-SP2KP,,,,,SP2KP Kemendag: Cabai Merah Besar (Pasar Kepahiang)
2026-07-27,PSR01,CRW02,55000,kg,BD-SP2KP,,,,,SP2KP Kemendag: Cabai Rawit Merah (Pasar Taba Penanjung)
2026-07-27,PSR01,CRW01,50000,kg,BD-SP2KP,,,,,SP2KP Kemendag: Cabai Rawit Hijau (Pasar Taba Penanjung)
2026-07-27,PSR01,BWM01,30000,kg,BD-SP2KP,,,,,SP2KP Kemendag: Bawang Merah (Pasar Taba Penanjung)
2026-07-27,PSR01,GLP01,18000,kg,BD-SP2KP,,,,,SP2KP Kemendag: Gula Pasir Curah (Pasar Taba Penanjung)
2026-07-27,PSR01,GLP02,18000,kg,BD-SP2KP,,,,,SP2KP Kemendag: Gula Pasir Kemasan (Pasar Taba Penanjung)
2026-07-27,PSR01,MGR02,23000,liter,BD-SP2KP,,,,,SP2KP Kemendag: Minyak Goreng Sawit Kemasan Premium (Pasar Taba Penanjung)
2026-07-27,PSR01,DSP01,150000,kg,BD-SP2KP,,,,,SP2KP Kemendag: Daging Sapi Paha Belakang (Pasar Taba Penanjung)
2026-07-27,PSR01,CMR02,40000,kg,BD-SP2KP,,,,,SP2KP Kemendag: Cabai Merah Keriting (Pasar Taba Penanjung)
2026-07-27,PSR01,TLR01,25600,kg,BD-SP2KP,,,,,SP2KP Kemendag: Telur Ayam Ras (Pasar Taba Penanjung)
2026-07-27,PSR01,DAY01,38000,kg,BD-SP2KP,,,,,SP2KP Kemendag: Daging Ayam Ras (Pasar Taba Penanjung)
2026-07-27,PSR01,BWP01,35000,kg,BD-SP2KP,,,,,SP2KP Kemendag: Bawang Putih Honan (Pasar Taba Penanjung)
2026-07-27,PSR01,BRS05,16000,kg,BD-SP2KP,,,,,SP2KP Kemendag: Beras Premium (Pasar Taba Penanjung)
2026-07-27,PSR01,BRS03,13750,kg,BD-SP2KP,,,,,SP2KP Kemendag: Beras Medium (Pasar Taba Penanjung)
2026-07-27,PSR01,DSP02,150000,kg,BD-SP2KP,,,,,SP2KP Kemendag: Daging Sapi Paha Depan (Pasar Taba Penanjung)
2026-07-27,PSR01,CMR01,40000,kg,BD-SP2KP,,,,,SP2KP Kemendag: Cabai Merah Besar (Pasar Taba Penanjung)
2026-07-27,PSR92,CRW02,76667,kg,BD-SP2KP,,,,,SP2KP Kemendag: Cabai Rawit Merah (Pasar Panorama)
2026-07-27,PSR92,CRW01,63333,kg,BD-SP2KP,,,,,SP2KP Kemendag: Cabai Rawit Hijau (Pasar Panorama)
2026-07-27,PSR92,BWM01,40000,kg,BD-SP2KP,,,,,SP2KP Kemendag: Bawang Merah (Pasar Panorama)
2026-07-27,PSR92,GLP01,18333,kg,BD-SP2KP,,,,,SP2KP Kemendag: Gula Pasir Curah (Pasar Panorama)
2026-07-27,PSR92,GLP02,19000,kg,BD-SP2KP,,,,,SP2KP Kemendag: Gula Pasir Kemasan (Pasar Panorama)
2026-07-27,PSR92,MGR02,23000,liter,BD-SP2KP,,,,,SP2KP Kemendag: Minyak Goreng Sawit Kemasan Premium (Pasar Panorama)
2026-07-27,PSR92,DSP01,150000,kg,BD-SP2KP,,,,,SP2KP Kemendag: Daging Sapi Paha Belakang (Pasar Panorama)
2026-07-27,PSR92,CMR02,48333,kg,BD-SP2KP,,,,,SP2KP Kemendag: Cabai Merah Keriting (Pasar Panorama)
2026-07-27,PSR92,TLR01,30400,kg,BD-SP2KP,,,,,SP2KP Kemendag: Telur Ayam Ras (Pasar Panorama)
2026-07-27,PSR92,DAY01,44000,kg,BD-SP2KP,,,,,SP2KP Kemendag: Daging Ayam Ras (Pasar Panorama)
2026-07-27,PSR92,BWP01,52667,kg,BD-SP2KP,,,,,SP2KP Kemendag: Bawang Putih Honan (Pasar Panorama)
2026-07-27,PSR92,BRS05,16750,kg,BD-SP2KP,,,,,SP2KP Kemendag: Beras Premium (Pasar Panorama)
2026-07-27,PSR92,BRS03,14625,kg,BD-SP2KP,,,,,SP2KP Kemendag: Beras Medium (Pasar Panorama)
2026-07-27,PSR92,DSP02,150000,kg,BD-SP2KP,,,,,SP2KP Kemendag: Daging Sapi Paha Depan (Pasar Panorama)
2026-07-27,PSR92,CMR01,35000,kg,BD-SP2KP,,,,,SP2KP Kemendag: Cabai Merah Besar (Pasar Panorama)
2026-07-28,PSR91,CRW02,50000,kg,BD-SP2KP,,,,,SP2KP Kemendag: Cabai Rawit Merah (Pasar Kepahiang)
2026-07-28,PSR91,CRW01,50000,kg,BD-SP2KP,,,,,SP2KP Kemendag: Cabai Rawit Hijau (Pasar Kepahiang)
2026-07-28,PSR91,BWM01,30000,kg,BD-SP2KP,,,,,SP2KP Kemendag: Bawang Merah (Pasar Kepahiang)
2026-07-28,PSR91,GLP01,18833,kg,BD-SP2KP,,,,,SP2KP Kemendag: Gula Pasir Curah (Pasar Kepahiang)
2026-07-28,PSR91,GLP02,19000,kg,BD-SP2KP,,,,,SP2KP Kemendag: Gula Pasir Kemasan (Pasar Kepahiang)
2026-07-28,PSR91,MGR02,23000,liter,BD-SP2KP,,,,,SP2KP Kemendag: Minyak Goreng Sawit Kemasan Premium (Pasar Kepahiang)
2026-07-28,PSR91,DSP01,140000,kg,BD-SP2KP,,,,,SP2KP Kemendag: Daging Sapi Paha Belakang (Pasar Kepahiang)
2026-07-28,PSR91,CMR02,45000,kg,BD-SP2KP,,,,,SP2KP Kemendag: Cabai Merah Keriting (Pasar Kepahiang)
2026-07-28,PSR91,TLR01,26700,kg,BD-SP2KP,,,,,SP2KP Kemendag: Telur Ayam Ras (Pasar Kepahiang)
2026-07-28,PSR91,DAY01,44000,kg,BD-SP2KP,,,,,SP2KP Kemendag: Daging Ayam Ras (Pasar Kepahiang)
2026-07-28,PSR91,BWP01,35000,kg,BD-SP2KP,,,,,SP2KP Kemendag: Bawang Putih Honan (Pasar Kepahiang)
2026-07-28,PSR91,BRS05,16000,kg,BD-SP2KP,,,,,SP2KP Kemendag: Beras Premium (Pasar Kepahiang)
2026-07-28,PSR91,BRS03,14600,kg,BD-SP2KP,,,,,SP2KP Kemendag: Beras Medium (Pasar Kepahiang)
2026-07-28,PSR91,DSP02,140000,kg,BD-SP2KP,,,,,SP2KP Kemendag: Daging Sapi Paha Depan (Pasar Kepahiang)
2026-07-28,PSR91,CMR01,40000,kg,BD-SP2KP,,,,,SP2KP Kemendag: Cabai Merah Besar (Pasar Kepahiang)
2026-07-28,PSR01,CRW02,55000,kg,BD-SP2KP,,,,,SP2KP Kemendag: Cabai Rawit Merah (Pasar Taba Penanjung)
2026-07-28,PSR01,CRW01,50000,kg,BD-SP2KP,,,,,SP2KP Kemendag: Cabai Rawit Hijau (Pasar Taba Penanjung)
2026-07-28,PSR01,BWM01,30000,kg,BD-SP2KP,,,,,SP2KP Kemendag: Bawang Merah (Pasar Taba Penanjung)
2026-07-28,PSR01,GLP01,18000,kg,BD-SP2KP,,,,,SP2KP Kemendag: Gula Pasir Curah (Pasar Taba Penanjung)
2026-07-28,PSR01,GLP02,18000,kg,BD-SP2KP,,,,,SP2KP Kemendag: Gula Pasir Kemasan (Pasar Taba Penanjung)
2026-07-28,PSR01,MGR02,23000,liter,BD-SP2KP,,,,,SP2KP Kemendag: Minyak Goreng Sawit Kemasan Premium (Pasar Taba Penanjung)
2026-07-28,PSR01,DSP01,150000,kg,BD-SP2KP,,,,,SP2KP Kemendag: Daging Sapi Paha Belakang (Pasar Taba Penanjung)
2026-07-28,PSR01,CMR02,40000,kg,BD-SP2KP,,,,,SP2KP Kemendag: Cabai Merah Keriting (Pasar Taba Penanjung)
2026-07-28,PSR01,TLR01,25600,kg,BD-SP2KP,,,,,SP2KP Kemendag: Telur Ayam Ras (Pasar Taba Penanjung)
2026-07-28,PSR01,DAY01,38000,kg,BD-SP2KP,,,,,SP2KP Kemendag: Daging Ayam Ras (Pasar Taba Penanjung)
2026-07-28,PSR01,BWP01,35000,kg,BD-SP2KP,,,,,SP2KP Kemendag: Bawang Putih Honan (Pasar Taba Penanjung)
2026-07-28,PSR01,BRS05,16000,kg,BD-SP2KP,,,,,SP2KP Kemendag: Beras Premium (Pasar Taba Penanjung)
2026-07-28,PSR01,BRS03,13750,kg,BD-SP2KP,,,,,SP2KP Kemendag: Beras Medium (Pasar Taba Penanjung)
2026-07-28,PSR01,DSP02,150000,kg,BD-SP2KP,,,,,SP2KP Kemendag: Daging Sapi Paha Depan (Pasar Taba Penanjung)
2026-07-28,PSR01,CMR01,40000,kg,BD-SP2KP,,,,,SP2KP Kemendag: Cabai Merah Besar (Pasar Taba Penanjung)
2026-07-28,PSR92,CRW02,76667,kg,BD-SP2KP,,,,,SP2KP Kemendag: Cabai Rawit Merah (Pasar Panorama)
2026-07-28,PSR92,CRW01,63333,kg,BD-SP2KP,,,,,SP2KP Kemendag: Cabai Rawit Hijau (Pasar Panorama)
2026-07-28,PSR92,BWM01,40000,kg,BD-SP2KP,,,,,SP2KP Kemendag: Bawang Merah (Pasar Panorama)
2026-07-28,PSR92,GLP01,18333,kg,BD-SP2KP,,,,,SP2KP Kemendag: Gula Pasir Curah (Pasar Panorama)
2026-07-28,PSR92,GLP02,19000,kg,BD-SP2KP,,,,,SP2KP Kemendag: Gula Pasir Kemasan (Pasar Panorama)
2026-07-28,PSR92,MGR02,23000,liter,BD-SP2KP,,,,,SP2KP Kemendag: Minyak Goreng Sawit Kemasan Premium (Pasar Panorama)
2026-07-28,PSR92,DSP01,150000,kg,BD-SP2KP,,,,,SP2KP Kemendag: Daging Sapi Paha Belakang (Pasar Panorama)
2026-07-28,PSR92,CMR02,48333,kg,BD-SP2KP,,,,,SP2KP Kemendag: Cabai Merah Keriting (Pasar Panorama)
2026-07-28,PSR92,TLR01,30400,kg,BD-SP2KP,,,,,SP2KP Kemendag: Telur Ayam Ras (Pasar Panorama)
2026-07-28,PSR92,DAY01,44000,kg,BD-SP2KP,,,,,SP2KP Kemendag: Daging Ayam Ras (Pasar Panorama)
2026-07-28,PSR92,BWP01,52667,kg,BD-SP2KP,,,,,SP2KP Kemendag: Bawang Putih Honan (Pasar Panorama)
2026-07-28,PSR92,BRS05,16750,kg,BD-SP2KP,,,,,SP2KP Kemendag: Beras Premium (Pasar Panorama)
2026-07-28,PSR92,BRS03,14625,kg,BD-SP2KP,,,,,SP2KP Kemendag: Beras Medium (Pasar Panorama)
2026-07-28,PSR92,DSP02,150000,kg,BD-SP2KP,,,,,SP2KP Kemendag: Daging Sapi Paha Depan (Pasar Panorama)
2026-07-28,PSR92,CMR01,35000,kg,BD-SP2KP,,,,,SP2KP Kemendag: Cabai Merah Besar (Pasar Panorama)
2026-07-29,PSR91,CRW02,50000,kg,BD-SP2KP,,,,,SP2KP Kemendag: Cabai Rawit Merah (Pasar Kepahiang)
2026-07-29,PSR91,CRW01,50000,kg,BD-SP2KP,,,,,SP2KP Kemendag: Cabai Rawit Hijau (Pasar Kepahiang)
2026-07-29,PSR91,BWM01,30000,kg,BD-SP2KP,,,,,SP2KP Kemendag: Bawang Merah (Pasar Kepahiang)
2026-07-29,PSR91,GLP01,18833,kg,BD-SP2KP,,,,,SP2KP Kemendag: Gula Pasir Curah (Pasar Kepahiang)
2026-07-29,PSR91,GLP02,19000,kg,BD-SP2KP,,,,,SP2KP Kemendag: Gula Pasir Kemasan (Pasar Kepahiang)
2026-07-29,PSR91,MGR02,23000,liter,BD-SP2KP,,,,,SP2KP Kemendag: Minyak Goreng Sawit Kemasan Premium (Pasar Kepahiang)
2026-07-29,PSR91,DSP01,140000,kg,BD-SP2KP,,,,,SP2KP Kemendag: Daging Sapi Paha Belakang (Pasar Kepahiang)
2026-07-29,PSR91,CMR02,45000,kg,BD-SP2KP,,,,,SP2KP Kemendag: Cabai Merah Keriting (Pasar Kepahiang)
2026-07-29,PSR91,TLR01,27750,kg,BD-SP2KP,,,,,SP2KP Kemendag: Telur Ayam Ras (Pasar Kepahiang)
2026-07-29,PSR91,DAY01,44000,kg,BD-SP2KP,,,,,SP2KP Kemendag: Daging Ayam Ras (Pasar Kepahiang)
2026-07-29,PSR91,BWP01,35000,kg,BD-SP2KP,,,,,SP2KP Kemendag: Bawang Putih Honan (Pasar Kepahiang)
2026-07-29,PSR91,BRS05,16000,kg,BD-SP2KP,,,,,SP2KP Kemendag: Beras Premium (Pasar Kepahiang)
2026-07-29,PSR91,BRS03,14600,kg,BD-SP2KP,,,,,SP2KP Kemendag: Beras Medium (Pasar Kepahiang)
2026-07-29,PSR91,DSP02,140000,kg,BD-SP2KP,,,,,SP2KP Kemendag: Daging Sapi Paha Depan (Pasar Kepahiang)
2026-07-29,PSR91,CMR01,40000,kg,BD-SP2KP,,,,,SP2KP Kemendag: Cabai Merah Besar (Pasar Kepahiang)
2026-07-29,PSR01,CRW02,55000,kg,BD-SP2KP,,,,,SP2KP Kemendag: Cabai Rawit Merah (Pasar Taba Penanjung)
2026-07-29,PSR01,CRW01,50000,kg,BD-SP2KP,,,,,SP2KP Kemendag: Cabai Rawit Hijau (Pasar Taba Penanjung)
2026-07-29,PSR01,BWM01,30000,kg,BD-SP2KP,,,,,SP2KP Kemendag: Bawang Merah (Pasar Taba Penanjung)
2026-07-29,PSR01,GLP01,18000,kg,BD-SP2KP,,,,,SP2KP Kemendag: Gula Pasir Curah (Pasar Taba Penanjung)
2026-07-29,PSR01,GLP02,18000,kg,BD-SP2KP,,,,,SP2KP Kemendag: Gula Pasir Kemasan (Pasar Taba Penanjung)
2026-07-29,PSR01,MGR02,23000,liter,BD-SP2KP,,,,,SP2KP Kemendag: Minyak Goreng Sawit Kemasan Premium (Pasar Taba Penanjung)
2026-07-29,PSR01,DSP01,150000,kg,BD-SP2KP,,,,,SP2KP Kemendag: Daging Sapi Paha Belakang (Pasar Taba Penanjung)
2026-07-29,PSR01,CMR02,40000,kg,BD-SP2KP,,,,,SP2KP Kemendag: Cabai Merah Keriting (Pasar Taba Penanjung)
2026-07-29,PSR01,TLR01,25600,kg,BD-SP2KP,,,,,SP2KP Kemendag: Telur Ayam Ras (Pasar Taba Penanjung)
2026-07-29,PSR01,DAY01,38000,kg,BD-SP2KP,,,,,SP2KP Kemendag: Daging Ayam Ras (Pasar Taba Penanjung)
2026-07-29,PSR01,BWP01,35000,kg,BD-SP2KP,,,,,SP2KP Kemendag: Bawang Putih Honan (Pasar Taba Penanjung)
2026-07-29,PSR01,BRS05,16000,kg,BD-SP2KP,,,,,SP2KP Kemendag: Beras Premium (Pasar Taba Penanjung)
2026-07-29,PSR01,BRS03,13750,kg,BD-SP2KP,,,,,SP2KP Kemendag: Beras Medium (Pasar Taba Penanjung)
2026-07-29,PSR01,DSP02,150000,kg,BD-SP2KP,,,,,SP2KP Kemendag: Daging Sapi Paha Depan (Pasar Taba Penanjung)
2026-07-29,PSR01,CMR01,40000,kg,BD-SP2KP,,,,,SP2KP Kemendag: Cabai Merah Besar (Pasar Taba Penanjung)
2026-07-29,PSR92,CRW02,66667,kg,BD-SP2KP,,,,,SP2KP Kemendag: Cabai Rawit Merah (Pasar Panorama)
2026-07-29,PSR92,CRW01,63333,kg,BD-SP2KP,,,,,SP2KP Kemendag: Cabai Rawit Hijau (Pasar Panorama)
2026-07-29,PSR92,BWM01,38333,kg,BD-SP2KP,,,,,SP2KP Kemendag: Bawang Merah (Pasar Panorama)
2026-07-29,PSR92,GLP01,18333,kg,BD-SP2KP,,,,,SP2KP Kemendag: Gula Pasir Curah (Pasar Panorama)
2026-07-29,PSR92,GLP02,19000,kg,BD-SP2KP,,,,,SP2KP Kemendag: Gula Pasir Kemasan (Pasar Panorama)
2026-07-29,PSR92,MGR02,23000,liter,BD-SP2KP,,,,,SP2KP Kemendag: Minyak Goreng Sawit Kemasan Premium (Pasar Panorama)
2026-07-29,PSR92,DSP01,160000,kg,BD-SP2KP,,,,,SP2KP Kemendag: Daging Sapi Paha Belakang (Pasar Panorama)
2026-07-29,PSR92,CMR02,48333,kg,BD-SP2KP,,,,,SP2KP Kemendag: Cabai Merah Keriting (Pasar Panorama)
2026-07-29,PSR92,TLR01,30400,kg,BD-SP2KP,,,,,SP2KP Kemendag: Telur Ayam Ras (Pasar Panorama)
2026-07-29,PSR92,DAY01,45000,kg,BD-SP2KP,,,,,SP2KP Kemendag: Daging Ayam Ras (Pasar Panorama)
2026-07-29,PSR92,BWP01,46667,kg,BD-SP2KP,,,,,SP2KP Kemendag: Bawang Putih Honan (Pasar Panorama)
2026-07-29,PSR92,BRS05,16750,kg,BD-SP2KP,,,,,SP2KP Kemendag: Beras Premium (Pasar Panorama)
2026-07-29,PSR92,BRS03,14625,kg,BD-SP2KP,,,,,SP2KP Kemendag: Beras Medium (Pasar Panorama)
2026-07-29,PSR92,DSP02,160000,kg,BD-SP2KP,,,,,SP2KP Kemendag: Daging Sapi Paha Depan (Pasar Panorama)
2026-07-29,PSR92,CMR01,35000,kg,BD-SP2KP,,,,,SP2KP Kemendag: Cabai Merah Besar (Pasar Panorama)
2026-07-30,PSR91,CRW02,50000,kg,BD-SP2KP,,,,,SP2KP Kemendag: Cabai Rawit Merah (Pasar Kepahiang)
2026-07-30,PSR91,CRW01,50000,kg,BD-SP2KP,,,,,SP2KP Kemendag: Cabai Rawit Hijau (Pasar Kepahiang)
2026-07-30,PSR91,BWM01,30000,kg,BD-SP2KP,,,,,SP2KP Kemendag: Bawang Merah (Pasar Kepahiang)
2026-07-30,PSR91,GLP01,18833,kg,BD-SP2KP,,,,,SP2KP Kemendag: Gula Pasir Curah (Pasar Kepahiang)
2026-07-30,PSR91,GLP02,19000,kg,BD-SP2KP,,,,,SP2KP Kemendag: Gula Pasir Kemasan (Pasar Kepahiang)
2026-07-30,PSR91,MGR02,23000,liter,BD-SP2KP,,,,,SP2KP Kemendag: Minyak Goreng Sawit Kemasan Premium (Pasar Kepahiang)
2026-07-30,PSR91,DSP01,140000,kg,BD-SP2KP,,,,,SP2KP Kemendag: Daging Sapi Paha Belakang (Pasar Kepahiang)
2026-07-30,PSR91,CMR02,45000,kg,BD-SP2KP,,,,,SP2KP Kemendag: Cabai Merah Keriting (Pasar Kepahiang)
2026-07-30,PSR91,TLR01,27750,kg,BD-SP2KP,,,,,SP2KP Kemendag: Telur Ayam Ras (Pasar Kepahiang)
2026-07-30,PSR91,DAY01,48000,kg,BD-SP2KP,,,,,SP2KP Kemendag: Daging Ayam Ras (Pasar Kepahiang)
2026-07-30,PSR91,BWP01,35000,kg,BD-SP2KP,,,,,SP2KP Kemendag: Bawang Putih Honan (Pasar Kepahiang)
2026-07-30,PSR91,BRS05,16000,kg,BD-SP2KP,,,,,SP2KP Kemendag: Beras Premium (Pasar Kepahiang)
2026-07-30,PSR91,BRS03,14600,kg,BD-SP2KP,,,,,SP2KP Kemendag: Beras Medium (Pasar Kepahiang)
2026-07-30,PSR91,DSP02,140000,kg,BD-SP2KP,,,,,SP2KP Kemendag: Daging Sapi Paha Depan (Pasar Kepahiang)
2026-07-30,PSR91,CMR01,40000,kg,BD-SP2KP,,,,,SP2KP Kemendag: Cabai Merah Besar (Pasar Kepahiang)
2026-07-30,PSR01,CRW02,50000,kg,BD-SP2KP,,,,,SP2KP Kemendag: Cabai Rawit Merah (Pasar Taba Penanjung)
2026-07-30,PSR01,CRW01,50000,kg,BD-SP2KP,,,,,SP2KP Kemendag: Cabai Rawit Hijau (Pasar Taba Penanjung)
2026-07-30,PSR01,BWM01,30000,kg,BD-SP2KP,,,,,SP2KP Kemendag: Bawang Merah (Pasar Taba Penanjung)
2026-07-30,PSR01,GLP01,18000,kg,BD-SP2KP,,,,,SP2KP Kemendag: Gula Pasir Curah (Pasar Taba Penanjung)
2026-07-30,PSR01,GLP02,18000,kg,BD-SP2KP,,,,,SP2KP Kemendag: Gula Pasir Kemasan (Pasar Taba Penanjung)
2026-07-30,PSR01,MGR02,23000,liter,BD-SP2KP,,,,,SP2KP Kemendag: Minyak Goreng Sawit Kemasan Premium (Pasar Taba Penanjung)
2026-07-30,PSR01,DSP01,150000,kg,BD-SP2KP,,,,,SP2KP Kemendag: Daging Sapi Paha Belakang (Pasar Taba Penanjung)
2026-07-30,PSR01,CMR02,40000,kg,BD-SP2KP,,,,,SP2KP Kemendag: Cabai Merah Keriting (Pasar Taba Penanjung)
2026-07-30,PSR01,TLR01,25600,kg,BD-SP2KP,,,,,SP2KP Kemendag: Telur Ayam Ras (Pasar Taba Penanjung)
2026-07-30,PSR01,DAY01,38000,kg,BD-SP2KP,,,,,SP2KP Kemendag: Daging Ayam Ras (Pasar Taba Penanjung)
2026-07-30,PSR01,BWP01,32000,kg,BD-SP2KP,,,,,SP2KP Kemendag: Bawang Putih Honan (Pasar Taba Penanjung)
2026-07-30,PSR01,BRS05,16500,kg,BD-SP2KP,,,,,SP2KP Kemendag: Beras Premium (Pasar Taba Penanjung)
2026-07-30,PSR01,BRS03,13750,kg,BD-SP2KP,,,,,SP2KP Kemendag: Beras Medium (Pasar Taba Penanjung)
2026-07-30,PSR01,DSP02,150000,kg,BD-SP2KP,,,,,SP2KP Kemendag: Daging Sapi Paha Depan (Pasar Taba Penanjung)
2026-07-30,PSR01,CMR01,40000,kg,BD-SP2KP,,,,,SP2KP Kemendag: Cabai Merah Besar (Pasar Taba Penanjung)
2026-07-30,PSR92,CRW02,66667,kg,BD-SP2KP,,,,,SP2KP Kemendag: Cabai Rawit Merah (Pasar Panorama)
2026-07-30,PSR92,CRW01,63333,kg,BD-SP2KP,,,,,SP2KP Kemendag: Cabai Rawit Hijau (Pasar Panorama)
2026-07-30,PSR92,BWM01,38333,kg,BD-SP2KP,,,,,SP2KP Kemendag: Bawang Merah (Pasar Panorama)
2026-07-30,PSR92,GLP01,18333,kg,BD-SP2KP,,,,,SP2KP Kemendag: Gula Pasir Curah (Pasar Panorama)
2026-07-30,PSR92,GLP02,19000,kg,BD-SP2KP,,,,,SP2KP Kemendag: Gula Pasir Kemasan (Pasar Panorama)
2026-07-30,PSR92,MGR02,23000,liter,BD-SP2KP,,,,,SP2KP Kemendag: Minyak Goreng Sawit Kemasan Premium (Pasar Panorama)
2026-07-30,PSR92,DSP01,160000,kg,BD-SP2KP,,,,,SP2KP Kemendag: Daging Sapi Paha Belakang (Pasar Panorama)
2026-07-30,PSR92,CMR02,48333,kg,BD-SP2KP,,,,,SP2KP Kemendag: Cabai Merah Keriting (Pasar Panorama)
2026-07-30,PSR92,TLR01,30400,kg,BD-SP2KP,,,,,SP2KP Kemendag: Telur Ayam Ras (Pasar Panorama)
2026-07-30,PSR92,DAY01,45000,kg,BD-SP2KP,,,,,SP2KP Kemendag: Daging Ayam Ras (Pasar Panorama)
2026-07-30,PSR92,BWP01,46667,kg,BD-SP2KP,,,,,SP2KP Kemendag: Bawang Putih Honan (Pasar Panorama)
2026-07-30,PSR92,BRS05,16750,kg,BD-SP2KP,,,,,SP2KP Kemendag: Beras Premium (Pasar Panorama)
2026-07-30,PSR92,BRS03,14625,kg,BD-SP2KP,,,,,SP2KP Kemendag: Beras Medium (Pasar Panorama)
2026-07-30,PSR92,DSP02,160000,kg,BD-SP2KP,,,,,SP2KP Kemendag: Daging Sapi Paha Depan (Pasar Panorama)
2026-07-30,PSR92,CMR01,35000,kg,BD-SP2KP,,,,,SP2KP Kemendag: Cabai Merah Besar (Pasar Panorama)
2026-07-31,PSR91,CRW02,50000,kg,BD-SP2KP,,,,,SP2KP Kemendag: Cabai Rawit Merah (Pasar Kepahiang)
2026-07-31,PSR91,CRW01,50000,kg,BD-SP2KP,,,,,SP2KP Kemendag: Cabai Rawit Hijau (Pasar Kepahiang)
2026-07-31,PSR91,BWM01,30000,kg,BD-SP2KP,,,,,SP2KP Kemendag: Bawang Merah (Pasar Kepahiang)
2026-07-31,PSR91,GLP01,18833,kg,BD-SP2KP,,,,,SP2KP Kemendag: Gula Pasir Curah (Pasar Kepahiang)
2026-07-31,PSR91,GLP02,19000,kg,BD-SP2KP,,,,,SP2KP Kemendag: Gula Pasir Kemasan (Pasar Kepahiang)
2026-07-31,PSR91,MGR02,23000,liter,BD-SP2KP,,,,,SP2KP Kemendag: Minyak Goreng Sawit Kemasan Premium (Pasar Kepahiang)
2026-07-31,PSR91,DSP01,140000,kg,BD-SP2KP,,,,,SP2KP Kemendag: Daging Sapi Paha Belakang (Pasar Kepahiang)
2026-07-31,PSR91,CMR02,45000,kg,BD-SP2KP,,,,,SP2KP Kemendag: Cabai Merah Keriting (Pasar Kepahiang)
2026-07-31,PSR91,TLR01,27750,kg,BD-SP2KP,,,,,SP2KP Kemendag: Telur Ayam Ras (Pasar Kepahiang)
2026-07-31,PSR91,DAY01,48000,kg,BD-SP2KP,,,,,SP2KP Kemendag: Daging Ayam Ras (Pasar Kepahiang)
2026-07-31,PSR91,BWP01,35000,kg,BD-SP2KP,,,,,SP2KP Kemendag: Bawang Putih Honan (Pasar Kepahiang)
2026-07-31,PSR91,BRS05,16000,kg,BD-SP2KP,,,,,SP2KP Kemendag: Beras Premium (Pasar Kepahiang)
2026-07-31,PSR91,BRS03,14600,kg,BD-SP2KP,,,,,SP2KP Kemendag: Beras Medium (Pasar Kepahiang)
2026-07-31,PSR91,DSP02,140000,kg,BD-SP2KP,,,,,SP2KP Kemendag: Daging Sapi Paha Depan (Pasar Kepahiang)
2026-07-31,PSR91,CMR01,40000,kg,BD-SP2KP,,,,,SP2KP Kemendag: Cabai Merah Besar (Pasar Kepahiang)
2026-07-31,PSR01,CRW02,50000,kg,BD-SP2KP,,,,,SP2KP Kemendag: Cabai Rawit Merah (Pasar Taba Penanjung)
2026-07-31,PSR01,CRW01,50000,kg,BD-SP2KP,,,,,SP2KP Kemendag: Cabai Rawit Hijau (Pasar Taba Penanjung)
2026-07-31,PSR01,BWM01,30000,kg,BD-SP2KP,,,,,SP2KP Kemendag: Bawang Merah (Pasar Taba Penanjung)
2026-07-31,PSR01,GLP01,18000,kg,BD-SP2KP,,,,,SP2KP Kemendag: Gula Pasir Curah (Pasar Taba Penanjung)
2026-07-31,PSR01,GLP02,18000,kg,BD-SP2KP,,,,,SP2KP Kemendag: Gula Pasir Kemasan (Pasar Taba Penanjung)
2026-07-31,PSR01,MGR02,23000,liter,BD-SP2KP,,,,,SP2KP Kemendag: Minyak Goreng Sawit Kemasan Premium (Pasar Taba Penanjung)
2026-07-31,PSR01,DSP01,150000,kg,BD-SP2KP,,,,,SP2KP Kemendag: Daging Sapi Paha Belakang (Pasar Taba Penanjung)
2026-07-31,PSR01,CMR02,40000,kg,BD-SP2KP,,,,,SP2KP Kemendag: Cabai Merah Keriting (Pasar Taba Penanjung)
2026-07-31,PSR01,TLR01,25600,kg,BD-SP2KP,,,,,SP2KP Kemendag: Telur Ayam Ras (Pasar Taba Penanjung)
2026-07-31,PSR01,DAY01,38000,kg,BD-SP2KP,,,,,SP2KP Kemendag: Daging Ayam Ras (Pasar Taba Penanjung)
2026-07-31,PSR01,BWP01,32000,kg,BD-SP2KP,,,,,SP2KP Kemendag: Bawang Putih Honan (Pasar Taba Penanjung)
2026-07-31,PSR01,BRS05,16500,kg,BD-SP2KP,,,,,SP2KP Kemendag: Beras Premium (Pasar Taba Penanjung)
2026-07-31,PSR01,BRS03,13750,kg,BD-SP2KP,,,,,SP2KP Kemendag: Beras Medium (Pasar Taba Penanjung)
2026-07-31,PSR01,DSP02,150000,kg,BD-SP2KP,,,,,SP2KP Kemendag: Daging Sapi Paha Depan (Pasar Taba Penanjung)
2026-07-31,PSR01,CMR01,40000,kg,BD-SP2KP,,,,,SP2KP Kemendag: Cabai Merah Besar (Pasar Taba Penanjung)
2026-07-31,PSR92,CRW02,66667,kg,BD-SP2KP,,,,,SP2KP Kemendag: Cabai Rawit Merah (Pasar Panorama)
2026-07-31,PSR92,CRW01,63333,kg,BD-SP2KP,,,,,SP2KP Kemendag: Cabai Rawit Hijau (Pasar Panorama)
2026-07-31,PSR92,BWM01,38333,kg,BD-SP2KP,,,,,SP2KP Kemendag: Bawang Merah (Pasar Panorama)
2026-07-31,PSR92,GLP01,18333,kg,BD-SP2KP,,,,,SP2KP Kemendag: Gula Pasir Curah (Pasar Panorama)
2026-07-31,PSR92,GLP02,19000,kg,BD-SP2KP,,,,,SP2KP Kemendag: Gula Pasir Kemasan (Pasar Panorama)
2026-07-31,PSR92,MGR02,23000,liter,BD-SP2KP,,,,,SP2KP Kemendag: Minyak Goreng Sawit Kemasan Premium (Pasar Panorama)
2026-07-31,PSR92,DSP01,160000,kg,BD-SP2KP,,,,,SP2KP Kemendag: Daging Sapi Paha Belakang (Pasar Panorama)
2026-07-31,PSR92,CMR02,50000,kg,BD-SP2KP,,,,,SP2KP Kemendag: Cabai Merah Keriting (Pasar Panorama)
2026-07-31,PSR92,TLR01,30400,kg,BD-SP2KP,,,,,SP2KP Kemendag: Telur Ayam Ras (Pasar Panorama)
2026-07-31,PSR92,DAY01,45000,kg,BD-SP2KP,,,,,SP2KP Kemendag: Daging Ayam Ras (Pasar Panorama)
2026-07-31,PSR92,BWP01,46667,kg,BD-SP2KP,,,,,SP2KP Kemendag: Bawang Putih Honan (Pasar Panorama)
2026-07-31,PSR92,BRS05,16750,kg,BD-SP2KP,,,,,SP2KP Kemendag: Beras Premium (Pasar Panorama)
2026-07-31,PSR92,BRS03,14625,kg,BD-SP2KP,,,,,SP2KP Kemendag: Beras Medium (Pasar Panorama)
2026-07-31,PSR92,DSP02,160000,kg,BD-SP2KP,,,,,SP2KP Kemendag: Daging Sapi Paha Depan (Pasar Panorama)
2026-07-31,PSR92,CMR01,35000,kg,BD-SP2KP,,,,,SP2KP Kemendag: Cabai Merah Besar (Pasar Panorama)
2026-08-03,PSR91,CRW02,60000,kg,BD-SP2KP,,,,,SP2KP Kemendag: Cabai Rawit Merah (Pasar Kepahiang)
2026-08-03,PSR91,CRW01,50000,kg,BD-SP2KP,,,,,SP2KP Kemendag: Cabai Rawit Hijau (Pasar Kepahiang)
2026-08-03,PSR91,BWM01,30000,kg,BD-SP2KP,,,,,SP2KP Kemendag: Bawang Merah (Pasar Kepahiang)
2026-08-03,PSR91,GLP01,18833,kg,BD-SP2KP,,,,,SP2KP Kemendag: Gula Pasir Curah (Pasar Kepahiang)
2026-08-03,PSR91,GLP02,19000,kg,BD-SP2KP,,,,,SP2KP Kemendag: Gula Pasir Kemasan (Pasar Kepahiang)
2026-08-03,PSR91,MGR02,23000,liter,BD-SP2KP,,,,,SP2KP Kemendag: Minyak Goreng Sawit Kemasan Premium (Pasar Kepahiang)
2026-08-03,PSR91,DSP01,140000,kg,BD-SP2KP,,,,,SP2KP Kemendag: Daging Sapi Paha Belakang (Pasar Kepahiang)
2026-08-03,PSR91,CMR02,45000,kg,BD-SP2KP,,,,,SP2KP Kemendag: Cabai Merah Keriting (Pasar Kepahiang)
2026-08-03,PSR91,TLR01,27750,kg,BD-SP2KP,,,,,SP2KP Kemendag: Telur Ayam Ras (Pasar Kepahiang)
2026-08-03,PSR91,DAY01,48000,kg,BD-SP2KP,,,,,SP2KP Kemendag: Daging Ayam Ras (Pasar Kepahiang)
2026-08-03,PSR91,BWP01,35000,kg,BD-SP2KP,,,,,SP2KP Kemendag: Bawang Putih Honan (Pasar Kepahiang)
2026-08-03,PSR91,BRS05,16000,kg,BD-SP2KP,,,,,SP2KP Kemendag: Beras Premium (Pasar Kepahiang)
2026-08-03,PSR91,BRS03,14600,kg,BD-SP2KP,,,,,SP2KP Kemendag: Beras Medium (Pasar Kepahiang)
2026-08-03,PSR91,DSP02,140000,kg,BD-SP2KP,,,,,SP2KP Kemendag: Daging Sapi Paha Depan (Pasar Kepahiang)
2026-08-03,PSR91,CMR01,40000,kg,BD-SP2KP,,,,,SP2KP Kemendag: Cabai Merah Besar (Pasar Kepahiang)
2026-08-03,PSR01,CRW02,50000,kg,BD-SP2KP,,,,,SP2KP Kemendag: Cabai Rawit Merah (Pasar Taba Penanjung)
2026-08-03,PSR01,CRW01,50000,kg,BD-SP2KP,,,,,SP2KP Kemendag: Cabai Rawit Hijau (Pasar Taba Penanjung)
2026-08-03,PSR01,BWM01,30000,kg,BD-SP2KP,,,,,SP2KP Kemendag: Bawang Merah (Pasar Taba Penanjung)
2026-08-03,PSR01,GLP01,18000,kg,BD-SP2KP,,,,,SP2KP Kemendag: Gula Pasir Curah (Pasar Taba Penanjung)
2026-08-03,PSR01,GLP02,18000,kg,BD-SP2KP,,,,,SP2KP Kemendag: Gula Pasir Kemasan (Pasar Taba Penanjung)
2026-08-03,PSR01,MGR02,23000,liter,BD-SP2KP,,,,,SP2KP Kemendag: Minyak Goreng Sawit Kemasan Premium (Pasar Taba Penanjung)
2026-08-03,PSR01,DSP01,150000,kg,BD-SP2KP,,,,,SP2KP Kemendag: Daging Sapi Paha Belakang (Pasar Taba Penanjung)
2026-08-03,PSR01,CMR02,40000,kg,BD-SP2KP,,,,,SP2KP Kemendag: Cabai Merah Keriting (Pasar Taba Penanjung)
2026-08-03,PSR01,TLR01,25600,kg,BD-SP2KP,,,,,SP2KP Kemendag: Telur Ayam Ras (Pasar Taba Penanjung)
2026-08-03,PSR01,DAY01,38000,kg,BD-SP2KP,,,,,SP2KP Kemendag: Daging Ayam Ras (Pasar Taba Penanjung)
2026-08-03,PSR01,BWP01,32000,kg,BD-SP2KP,,,,,SP2KP Kemendag: Bawang Putih Honan (Pasar Taba Penanjung)
2026-08-03,PSR01,BRS05,16500,kg,BD-SP2KP,,,,,SP2KP Kemendag: Beras Premium (Pasar Taba Penanjung)
2026-08-03,PSR01,BRS03,13750,kg,BD-SP2KP,,,,,SP2KP Kemendag: Beras Medium (Pasar Taba Penanjung)
2026-08-03,PSR01,DSP02,150000,kg,BD-SP2KP,,,,,SP2KP Kemendag: Daging Sapi Paha Depan (Pasar Taba Penanjung)
2026-08-03,PSR01,CMR01,40000,kg,BD-SP2KP,,,,,SP2KP Kemendag: Cabai Merah Besar (Pasar Taba Penanjung)
2026-08-03,PSR92,CRW02,68333,kg,BD-SP2KP,,,,,SP2KP Kemendag: Cabai Rawit Merah (Pasar Panorama)
2026-08-03,PSR92,CRW01,63333,kg,BD-SP2KP,,,,,SP2KP Kemendag: Cabai Rawit Hijau (Pasar Panorama)
2026-08-03,PSR92,BWM01,45000,kg,BD-SP2KP,,,,,SP2KP Kemendag: Bawang Merah (Pasar Panorama)
2026-08-03,PSR92,GLP01,18333,kg,BD-SP2KP,,,,,SP2KP Kemendag: Gula Pasir Curah (Pasar Panorama)
2026-08-03,PSR92,GLP02,19000,kg,BD-SP2KP,,,,,SP2KP Kemendag: Gula Pasir Kemasan (Pasar Panorama)
2026-08-03,PSR92,MGR02,23000,liter,BD-SP2KP,,,,,SP2KP Kemendag: Minyak Goreng Sawit Kemasan Premium (Pasar Panorama)
2026-08-03,PSR92,DSP01,160000,kg,BD-SP2KP,,,,,SP2KP Kemendag: Daging Sapi Paha Belakang (Pasar Panorama)
2026-08-03,PSR92,CMR02,59333,kg,BD-SP2KP,,,,,SP2KP Kemendag: Cabai Merah Keriting (Pasar Panorama)
2026-08-03,PSR92,TLR01,30400,kg,BD-SP2KP,,,,,SP2KP Kemendag: Telur Ayam Ras (Pasar Panorama)
2026-08-03,PSR92,DAY01,45000,kg,BD-SP2KP,,,,,SP2KP Kemendag: Daging Ayam Ras (Pasar Panorama)
2026-08-03,PSR92,BWP01,46667,kg,BD-SP2KP,,,,,SP2KP Kemendag: Bawang Putih Honan (Pasar Panorama)
2026-08-03,PSR92,BRS05,16750,kg,BD-SP2KP,,,,,SP2KP Kemendag: Beras Premium (Pasar Panorama)
2026-08-03,PSR92,BRS03,14625,kg,BD-SP2KP,,,,,SP2KP Kemendag: Beras Medium (Pasar Panorama)
2026-08-03,PSR92,DSP02,160000,kg,BD-SP2KP,,,,,SP2KP Kemendag: Daging Sapi Paha Depan (Pasar Panorama)
2026-08-03,PSR92,CMR01,35000,kg,BD-SP2KP,,,,,SP2KP Kemendag: Cabai Merah Besar (Pasar Panorama)
2026-08-04,PSR91,CRW02,60000,kg,BD-SP2KP,,,,,SP2KP Kemendag: Cabai Rawit Merah (Pasar Kepahiang)
2026-08-04,PSR91,CRW01,50000,kg,BD-SP2KP,,,,,SP2KP Kemendag: Cabai Rawit Hijau (Pasar Kepahiang)
2026-08-04,PSR91,BWM01,30000,kg,BD-SP2KP,,,,,SP2KP Kemendag: Bawang Merah (Pasar Kepahiang)
2026-08-04,PSR91,GLP01,18833,kg,BD-SP2KP,,,,,SP2KP Kemendag: Gula Pasir Curah (Pasar Kepahiang)
2026-08-04,PSR91,GLP02,19000,kg,BD-SP2KP,,,,,SP2KP Kemendag: Gula Pasir Kemasan (Pasar Kepahiang)
2026-08-04,PSR91,MGR02,23000,liter,BD-SP2KP,,,,,SP2KP Kemendag: Minyak Goreng Sawit Kemasan Premium (Pasar Kepahiang)
2026-08-04,PSR91,DSP01,140000,kg,BD-SP2KP,,,,,SP2KP Kemendag: Daging Sapi Paha Belakang (Pasar Kepahiang)
2026-08-04,PSR91,CMR02,45000,kg,BD-SP2KP,,,,,SP2KP Kemendag: Cabai Merah Keriting (Pasar Kepahiang)
2026-08-04,PSR91,TLR01,27750,kg,BD-SP2KP,,,,,SP2KP Kemendag: Telur Ayam Ras (Pasar Kepahiang)
2026-08-04,PSR91,DAY01,48000,kg,BD-SP2KP,,,,,SP2KP Kemendag: Daging Ayam Ras (Pasar Kepahiang)
2026-08-04,PSR91,BWP01,35000,kg,BD-SP2KP,,,,,SP2KP Kemendag: Bawang Putih Honan (Pasar Kepahiang)
2026-08-04,PSR91,BRS05,16000,kg,BD-SP2KP,,,,,SP2KP Kemendag: Beras Premium (Pasar Kepahiang)
2026-08-04,PSR91,BRS03,14600,kg,BD-SP2KP,,,,,SP2KP Kemendag: Beras Medium (Pasar Kepahiang)
2026-08-04,PSR91,DSP02,140000,kg,BD-SP2KP,,,,,SP2KP Kemendag: Daging Sapi Paha Depan (Pasar Kepahiang)
2026-08-04,PSR91,CMR01,40000,kg,BD-SP2KP,,,,,SP2KP Kemendag: Cabai Merah Besar (Pasar Kepahiang)
2026-08-04,PSR01,CRW02,50000,kg,BD-SP2KP,,,,,SP2KP Kemendag: Cabai Rawit Merah (Pasar Taba Penanjung)
2026-08-04,PSR01,CRW01,50000,kg,BD-SP2KP,,,,,SP2KP Kemendag: Cabai Rawit Hijau (Pasar Taba Penanjung)
2026-08-04,PSR01,BWM01,30000,kg,BD-SP2KP,,,,,SP2KP Kemendag: Bawang Merah (Pasar Taba Penanjung)
2026-08-04,PSR01,GLP01,18000,kg,BD-SP2KP,,,,,SP2KP Kemendag: Gula Pasir Curah (Pasar Taba Penanjung)
2026-08-04,PSR01,GLP02,18000,kg,BD-SP2KP,,,,,SP2KP Kemendag: Gula Pasir Kemasan (Pasar Taba Penanjung)
2026-08-04,PSR01,MGR02,23000,liter,BD-SP2KP,,,,,SP2KP Kemendag: Minyak Goreng Sawit Kemasan Premium (Pasar Taba Penanjung)
2026-08-04,PSR01,DSP01,150000,kg,BD-SP2KP,,,,,SP2KP Kemendag: Daging Sapi Paha Belakang (Pasar Taba Penanjung)
2026-08-04,PSR01,CMR02,40000,kg,BD-SP2KP,,,,,SP2KP Kemendag: Cabai Merah Keriting (Pasar Taba Penanjung)
2026-08-04,PSR01,TLR01,25600,kg,BD-SP2KP,,,,,SP2KP Kemendag: Telur Ayam Ras (Pasar Taba Penanjung)
2026-08-04,PSR01,DAY01,38000,kg,BD-SP2KP,,,,,SP2KP Kemendag: Daging Ayam Ras (Pasar Taba Penanjung)
2026-08-04,PSR01,BWP01,32000,kg,BD-SP2KP,,,,,SP2KP Kemendag: Bawang Putih Honan (Pasar Taba Penanjung)
2026-08-04,PSR01,BRS05,16500,kg,BD-SP2KP,,,,,SP2KP Kemendag: Beras Premium (Pasar Taba Penanjung)
2026-08-04,PSR01,BRS03,13750,kg,BD-SP2KP,,,,,SP2KP Kemendag: Beras Medium (Pasar Taba Penanjung)
2026-08-04,PSR01,DSP02,150000,kg,BD-SP2KP,,,,,SP2KP Kemendag: Daging Sapi Paha Depan (Pasar Taba Penanjung)
2026-08-04,PSR01,CMR01,40000,kg,BD-SP2KP,,,,,SP2KP Kemendag: Cabai Merah Besar (Pasar Taba Penanjung)
2026-08-04,PSR92,CRW02,68333,kg,BD-SP2KP,,,,,SP2KP Kemendag: Cabai Rawit Merah (Pasar Panorama)
2026-08-04,PSR92,CRW01,63333,kg,BD-SP2KP,,,,,SP2KP Kemendag: Cabai Rawit Hijau (Pasar Panorama)
2026-08-04,PSR92,BWM01,45000,kg,BD-SP2KP,,,,,SP2KP Kemendag: Bawang Merah (Pasar Panorama)
2026-08-04,PSR92,GLP01,18333,kg,BD-SP2KP,,,,,SP2KP Kemendag: Gula Pasir Curah (Pasar Panorama)
2026-08-04,PSR92,GLP02,19000,kg,BD-SP2KP,,,,,SP2KP Kemendag: Gula Pasir Kemasan (Pasar Panorama)
2026-08-04,PSR92,MGR02,23000,liter,BD-SP2KP,,,,,SP2KP Kemendag: Minyak Goreng Sawit Kemasan Premium (Pasar Panorama)
2026-08-04,PSR92,DSP01,160000,kg,BD-SP2KP,,,,,SP2KP Kemendag: Daging Sapi Paha Belakang (Pasar Panorama)
2026-08-04,PSR92,CMR02,52667,kg,BD-SP2KP,,,,,SP2KP Kemendag: Cabai Merah Keriting (Pasar Panorama)
2026-08-04,PSR92,TLR01,30400,kg,BD-SP2KP,,,,,SP2KP Kemendag: Telur Ayam Ras (Pasar Panorama)
2026-08-04,PSR92,DAY01,45000,kg,BD-SP2KP,,,,,SP2KP Kemendag: Daging Ayam Ras (Pasar Panorama)
2026-08-04,PSR92,BWP01,46667,kg,BD-SP2KP,,,,,SP2KP Kemendag: Bawang Putih Honan (Pasar Panorama)
2026-08-04,PSR92,BRS05,16750,kg,BD-SP2KP,,,,,SP2KP Kemendag: Beras Premium (Pasar Panorama)
2026-08-04,PSR92,BRS03,14625,kg,BD-SP2KP,,,,,SP2KP Kemendag: Beras Medium (Pasar Panorama)
2026-08-04,PSR92,DSP02,160000,kg,BD-SP2KP,,,,,SP2KP Kemendag: Daging Sapi Paha Depan (Pasar Panorama)
2026-08-04,PSR92,CMR01,35000,kg,BD-SP2KP,,,,,SP2KP Kemendag: Cabai Merah Besar (Pasar Panorama)
2026-08-05,PSR91,CRW02,60000,kg,BD-SP2KP,,,,,SP2KP Kemendag: Cabai Rawit Merah (Pasar Kepahiang)
2026-08-05,PSR91,CRW01,50000,kg,BD-SP2KP,,,,,SP2KP Kemendag: Cabai Rawit Hijau (Pasar Kepahiang)
2026-08-05,PSR91,BWM01,32000,kg,BD-SP2KP,,,,,SP2KP Kemendag: Bawang Merah (Pasar Kepahiang)
2026-08-05,PSR91,GLP01,18833,kg,BD-SP2KP,,,,,SP2KP Kemendag: Gula Pasir Curah (Pasar Kepahiang)
2026-08-05,PSR91,GLP02,19000,kg,BD-SP2KP,,,,,SP2KP Kemendag: Gula Pasir Kemasan (Pasar Kepahiang)
2026-08-05,PSR91,MGR02,23000,liter,BD-SP2KP,,,,,SP2KP Kemendag: Minyak Goreng Sawit Kemasan Premium (Pasar Kepahiang)
2026-08-05,PSR91,DSP01,140000,kg,BD-SP2KP,,,,,SP2KP Kemendag: Daging Sapi Paha Belakang (Pasar Kepahiang)
2026-08-05,PSR91,CMR02,45000,kg,BD-SP2KP,,,,,SP2KP Kemendag: Cabai Merah Keriting (Pasar Kepahiang)
2026-08-05,PSR91,TLR01,27750,kg,BD-SP2KP,,,,,SP2KP Kemendag: Telur Ayam Ras (Pasar Kepahiang)
2026-08-05,PSR91,DAY01,48000,kg,BD-SP2KP,,,,,SP2KP Kemendag: Daging Ayam Ras (Pasar Kepahiang)
2026-08-05,PSR91,BWP01,35000,kg,BD-SP2KP,,,,,SP2KP Kemendag: Bawang Putih Honan (Pasar Kepahiang)
2026-08-05,PSR91,BRS05,16000,kg,BD-SP2KP,,,,,SP2KP Kemendag: Beras Premium (Pasar Kepahiang)
2026-08-05,PSR91,BRS03,14600,kg,BD-SP2KP,,,,,SP2KP Kemendag: Beras Medium (Pasar Kepahiang)
2026-08-05,PSR91,DSP02,140000,kg,BD-SP2KP,,,,,SP2KP Kemendag: Daging Sapi Paha Depan (Pasar Kepahiang)
2026-08-05,PSR91,CMR01,40000,kg,BD-SP2KP,,,,,SP2KP Kemendag: Cabai Merah Besar (Pasar Kepahiang)
2026-08-05,PSR01,CRW02,50000,kg,BD-SP2KP,,,,,SP2KP Kemendag: Cabai Rawit Merah (Pasar Taba Penanjung)
2026-08-05,PSR01,CRW01,50000,kg,BD-SP2KP,,,,,SP2KP Kemendag: Cabai Rawit Hijau (Pasar Taba Penanjung)
2026-08-05,PSR01,BWM01,30000,kg,BD-SP2KP,,,,,SP2KP Kemendag: Bawang Merah (Pasar Taba Penanjung)
2026-08-05,PSR01,GLP01,18000,kg,BD-SP2KP,,,,,SP2KP Kemendag: Gula Pasir Curah (Pasar Taba Penanjung)
2026-08-05,PSR01,GLP02,18000,kg,BD-SP2KP,,,,,SP2KP Kemendag: Gula Pasir Kemasan (Pasar Taba Penanjung)
2026-08-05,PSR01,MGR02,23000,liter,BD-SP2KP,,,,,SP2KP Kemendag: Minyak Goreng Sawit Kemasan Premium (Pasar Taba Penanjung)
2026-08-05,PSR01,DSP01,150000,kg,BD-SP2KP,,,,,SP2KP Kemendag: Daging Sapi Paha Belakang (Pasar Taba Penanjung)
2026-08-05,PSR01,CMR02,40000,kg,BD-SP2KP,,,,,SP2KP Kemendag: Cabai Merah Keriting (Pasar Taba Penanjung)
2026-08-05,PSR01,TLR01,25600,kg,BD-SP2KP,,,,,SP2KP Kemendag: Telur Ayam Ras (Pasar Taba Penanjung)
2026-08-05,PSR01,DAY01,38000,kg,BD-SP2KP,,,,,SP2KP Kemendag: Daging Ayam Ras (Pasar Taba Penanjung)
2026-08-05,PSR01,BWP01,32000,kg,BD-SP2KP,,,,,SP2KP Kemendag: Bawang Putih Honan (Pasar Taba Penanjung)
2026-08-05,PSR01,BRS05,16500,kg,BD-SP2KP,,,,,SP2KP Kemendag: Beras Premium (Pasar Taba Penanjung)
2026-08-05,PSR01,BRS03,13750,kg,BD-SP2KP,,,,,SP2KP Kemendag: Beras Medium (Pasar Taba Penanjung)
2026-08-05,PSR01,DSP02,150000,kg,BD-SP2KP,,,,,SP2KP Kemendag: Daging Sapi Paha Depan (Pasar Taba Penanjung)
2026-08-05,PSR01,CMR01,40000,kg,BD-SP2KP,,,,,SP2KP Kemendag: Cabai Merah Besar (Pasar Taba Penanjung)
2026-08-05,PSR92,CRW02,68333,kg,BD-SP2KP,,,,,SP2KP Kemendag: Cabai Rawit Merah (Pasar Panorama)
2026-08-05,PSR92,CRW01,63333,kg,BD-SP2KP,,,,,SP2KP Kemendag: Cabai Rawit Hijau (Pasar Panorama)
2026-08-05,PSR92,BWM01,45000,kg,BD-SP2KP,,,,,SP2KP Kemendag: Bawang Merah (Pasar Panorama)
2026-08-05,PSR92,GLP01,18333,kg,BD-SP2KP,,,,,SP2KP Kemendag: Gula Pasir Curah (Pasar Panorama)
2026-08-05,PSR92,GLP02,19000,kg,BD-SP2KP,,,,,SP2KP Kemendag: Gula Pasir Kemasan (Pasar Panorama)
2026-08-05,PSR92,MGR02,23000,liter,BD-SP2KP,,,,,SP2KP Kemendag: Minyak Goreng Sawit Kemasan Premium (Pasar Panorama)
2026-08-05,PSR92,DSP01,160000,kg,BD-SP2KP,,,,,SP2KP Kemendag: Daging Sapi Paha Belakang (Pasar Panorama)
2026-08-05,PSR92,CMR02,52667,kg,BD-SP2KP,,,,,SP2KP Kemendag: Cabai Merah Keriting (Pasar Panorama)
2026-08-05,PSR92,TLR01,30400,kg,BD-SP2KP,,,,,SP2KP Kemendag: Telur Ayam Ras (Pasar Panorama)
2026-08-05,PSR92,DAY01,45000,kg,BD-SP2KP,,,,,SP2KP Kemendag: Daging Ayam Ras (Pasar Panorama)
2026-08-05,PSR92,BWP01,46667,kg,BD-SP2KP,,,,,SP2KP Kemendag: Bawang Putih Honan (Pasar Panorama)
2026-08-05,PSR92,BRS05,16750,kg,BD-SP2KP,,,,,SP2KP Kemendag: Beras Premium (Pasar Panorama)
2026-08-05,PSR92,BRS03,14625,kg,BD-SP2KP,,,,,SP2KP Kemendag: Beras Medium (Pasar Panorama)
2026-08-05,PSR92,DSP02,160000,kg,BD-SP2KP,,,,,SP2KP Kemendag: Daging Sapi Paha Depan (Pasar Panorama)
2026-08-05,PSR92,CMR01,35000,kg,BD-SP2KP,,,,,SP2KP Kemendag: Cabai Merah Besar (Pasar Panorama)
2026-08-06,PSR91,CRW02,60000,kg,BD-SP2KP,,,,,SP2KP Kemendag: Cabai Rawit Merah (Pasar Kepahiang)
2026-08-06,PSR91,CRW01,50000,kg,BD-SP2KP,,,,,SP2KP Kemendag: Cabai Rawit Hijau (Pasar Kepahiang)
2026-08-06,PSR91,BWM01,32000,kg,BD-SP2KP,,,,,SP2KP Kemendag: Bawang Merah (Pasar Kepahiang)
2026-08-06,PSR91,GLP01,18833,kg,BD-SP2KP,,,,,SP2KP Kemendag: Gula Pasir Curah (Pasar Kepahiang)
2026-08-06,PSR91,GLP02,19000,kg,BD-SP2KP,,,,,SP2KP Kemendag: Gula Pasir Kemasan (Pasar Kepahiang)
2026-08-06,PSR91,MGR02,23000,liter,BD-SP2KP,,,,,SP2KP Kemendag: Minyak Goreng Sawit Kemasan Premium (Pasar Kepahiang)
2026-08-06,PSR91,DSP01,140000,kg,BD-SP2KP,,,,,SP2KP Kemendag: Daging Sapi Paha Belakang (Pasar Kepahiang)
2026-08-06,PSR91,CMR02,45000,kg,BD-SP2KP,,,,,SP2KP Kemendag: Cabai Merah Keriting (Pasar Kepahiang)
2026-08-06,PSR91,TLR01,27750,kg,BD-SP2KP,,,,,SP2KP Kemendag: Telur Ayam Ras (Pasar Kepahiang)
2026-08-06,PSR91,DAY01,48000,kg,BD-SP2KP,,,,,SP2KP Kemendag: Daging Ayam Ras (Pasar Kepahiang)
2026-08-06,PSR91,BWP01,35000,kg,BD-SP2KP,,,,,SP2KP Kemendag: Bawang Putih Honan (Pasar Kepahiang)
2026-08-06,PSR91,BRS05,16000,kg,BD-SP2KP,,,,,SP2KP Kemendag: Beras Premium (Pasar Kepahiang)
2026-08-06,PSR91,BRS03,14600,kg,BD-SP2KP,,,,,SP2KP Kemendag: Beras Medium (Pasar Kepahiang)
2026-08-06,PSR91,DSP02,140000,kg,BD-SP2KP,,,,,SP2KP Kemendag: Daging Sapi Paha Depan (Pasar Kepahiang)
2026-08-06,PSR91,CMR01,40000,kg,BD-SP2KP,,,,,SP2KP Kemendag: Cabai Merah Besar (Pasar Kepahiang)
2026-08-06,PSR01,CRW02,55000,kg,BD-SP2KP,,,,,SP2KP Kemendag: Cabai Rawit Merah (Pasar Taba Penanjung)
2026-08-06,PSR01,CRW01,50000,kg,BD-SP2KP,,,,,SP2KP Kemendag: Cabai Rawit Hijau (Pasar Taba Penanjung)
2026-08-06,PSR01,BWM01,30000,kg,BD-SP2KP,,,,,SP2KP Kemendag: Bawang Merah (Pasar Taba Penanjung)
2026-08-06,PSR01,GLP01,18000,kg,BD-SP2KP,,,,,SP2KP Kemendag: Gula Pasir Curah (Pasar Taba Penanjung)
2026-08-06,PSR01,GLP02,18000,kg,BD-SP2KP,,,,,SP2KP Kemendag: Gula Pasir Kemasan (Pasar Taba Penanjung)
2026-08-06,PSR01,MGR02,23000,liter,BD-SP2KP,,,,,SP2KP Kemendag: Minyak Goreng Sawit Kemasan Premium (Pasar Taba Penanjung)
2026-08-06,PSR01,DSP01,160000,kg,BD-SP2KP,,,,,SP2KP Kemendag: Daging Sapi Paha Belakang (Pasar Taba Penanjung)
2026-08-06,PSR01,CMR02,45000,kg,BD-SP2KP,,,,,SP2KP Kemendag: Cabai Merah Keriting (Pasar Taba Penanjung)
2026-08-06,PSR01,TLR01,26600,kg,BD-SP2KP,,,,,SP2KP Kemendag: Telur Ayam Ras (Pasar Taba Penanjung)
2026-08-06,PSR01,DAY01,42000,kg,BD-SP2KP,,,,,SP2KP Kemendag: Daging Ayam Ras (Pasar Taba Penanjung)
2026-08-06,PSR01,BWP01,32000,kg,BD-SP2KP,,,,,SP2KP Kemendag: Bawang Putih Honan (Pasar Taba Penanjung)
2026-08-06,PSR01,BRS05,16500,kg,BD-SP2KP,,,,,SP2KP Kemendag: Beras Premium (Pasar Taba Penanjung)
2026-08-06,PSR01,BRS03,13750,kg,BD-SP2KP,,,,,SP2KP Kemendag: Beras Medium (Pasar Taba Penanjung)
2026-08-06,PSR01,DSP02,160000,kg,BD-SP2KP,,,,,SP2KP Kemendag: Daging Sapi Paha Depan (Pasar Taba Penanjung)
2026-08-06,PSR01,CMR01,45000,kg,BD-SP2KP,,,,,SP2KP Kemendag: Cabai Merah Besar (Pasar Taba Penanjung)
2026-08-06,PSR92,CRW02,68333,kg,BD-SP2KP,,,,,SP2KP Kemendag: Cabai Rawit Merah (Pasar Panorama)
2026-08-06,PSR92,CRW01,63333,kg,BD-SP2KP,,,,,SP2KP Kemendag: Cabai Rawit Hijau (Pasar Panorama)
2026-08-06,PSR92,BWM01,45000,kg,BD-SP2KP,,,,,SP2KP Kemendag: Bawang Merah (Pasar Panorama)
2026-08-06,PSR92,GLP01,18333,kg,BD-SP2KP,,,,,SP2KP Kemendag: Gula Pasir Curah (Pasar Panorama)
2026-08-06,PSR92,GLP02,19000,kg,BD-SP2KP,,,,,SP2KP Kemendag: Gula Pasir Kemasan (Pasar Panorama)
2026-08-06,PSR92,MGR02,23000,liter,BD-SP2KP,,,,,SP2KP Kemendag: Minyak Goreng Sawit Kemasan Premium (Pasar Panorama)
2026-08-06,PSR92,DSP01,160000,kg,BD-SP2KP,,,,,SP2KP Kemendag: Daging Sapi Paha Belakang (Pasar Panorama)
2026-08-06,PSR92,CMR02,52667,kg,BD-SP2KP,,,,,SP2KP Kemendag: Cabai Merah Keriting (Pasar Panorama)
2026-08-06,PSR92,TLR01,30400,kg,BD-SP2KP,,,,,SP2KP Kemendag: Telur Ayam Ras (Pasar Panorama)
2026-08-06,PSR92,DAY01,45000,kg,BD-SP2KP,,,,,SP2KP Kemendag: Daging Ayam Ras (Pasar Panorama)
2026-08-06,PSR92,BWP01,46667,kg,BD-SP2KP,,,,,SP2KP Kemendag: Bawang Putih Honan (Pasar Panorama)
2026-08-06,PSR92,BRS05,16750,kg,BD-SP2KP,,,,,SP2KP Kemendag: Beras Premium (Pasar Panorama)
2026-08-06,PSR92,BRS03,14625,kg,BD-SP2KP,,,,,SP2KP Kemendag: Beras Medium (Pasar Panorama)
2026-08-06,PSR92,DSP02,160000,kg,BD-SP2KP,,,,,SP2KP Kemendag: Daging Sapi Paha Depan (Pasar Panorama)
2026-08-06,PSR92,CMR01,35000,kg,BD-SP2KP,,,,,SP2KP Kemendag: Cabai Merah Besar (Pasar Panorama)
2026-08-07,PSR91,CRW02,60000,kg,BD-SP2KP,,,,,SP2KP Kemendag: Cabai Rawit Merah (Pasar Kepahiang)
2026-08-07,PSR91,CRW01,50000,kg,BD-SP2KP,,,,,SP2KP Kemendag: Cabai Rawit Hijau (Pasar Kepahiang)
2026-08-07,PSR91,BWM01,32000,kg,BD-SP2KP,,,,,SP2KP Kemendag: Bawang Merah (Pasar Kepahiang)
2026-08-07,PSR91,GLP01,18833,kg,BD-SP2KP,,,,,SP2KP Kemendag: Gula Pasir Curah (Pasar Kepahiang)
2026-08-07,PSR91,GLP02,19000,kg,BD-SP2KP,,,,,SP2KP Kemendag: Gula Pasir Kemasan (Pasar Kepahiang)
2026-08-07,PSR91,MGR02,23000,liter,BD-SP2KP,,,,,SP2KP Kemendag: Minyak Goreng Sawit Kemasan Premium (Pasar Kepahiang)
2026-08-07,PSR91,DSP01,140000,kg,BD-SP2KP,,,,,SP2KP Kemendag: Daging Sapi Paha Belakang (Pasar Kepahiang)
2026-08-07,PSR91,CMR02,45000,kg,BD-SP2KP,,,,,SP2KP Kemendag: Cabai Merah Keriting (Pasar Kepahiang)
2026-08-07,PSR91,TLR01,27750,kg,BD-SP2KP,,,,,SP2KP Kemendag: Telur Ayam Ras (Pasar Kepahiang)
2026-08-07,PSR91,DAY01,48000,kg,BD-SP2KP,,,,,SP2KP Kemendag: Daging Ayam Ras (Pasar Kepahiang)
2026-08-07,PSR91,BWP01,35000,kg,BD-SP2KP,,,,,SP2KP Kemendag: Bawang Putih Honan (Pasar Kepahiang)
2026-08-07,PSR91,BRS05,16000,kg,BD-SP2KP,,,,,SP2KP Kemendag: Beras Premium (Pasar Kepahiang)
2026-08-07,PSR91,BRS03,14600,kg,BD-SP2KP,,,,,SP2KP Kemendag: Beras Medium (Pasar Kepahiang)
2026-08-07,PSR91,DSP02,140000,kg,BD-SP2KP,,,,,SP2KP Kemendag: Daging Sapi Paha Depan (Pasar Kepahiang)
2026-08-07,PSR91,CMR01,40000,kg,BD-SP2KP,,,,,SP2KP Kemendag: Cabai Merah Besar (Pasar Kepahiang)
2026-08-07,PSR01,CRW02,55000,kg,BD-SP2KP,,,,,SP2KP Kemendag: Cabai Rawit Merah (Pasar Taba Penanjung)
2026-08-07,PSR01,CRW01,50000,kg,BD-SP2KP,,,,,SP2KP Kemendag: Cabai Rawit Hijau (Pasar Taba Penanjung)
2026-08-07,PSR01,BWM01,30000,kg,BD-SP2KP,,,,,SP2KP Kemendag: Bawang Merah (Pasar Taba Penanjung)
2026-08-07,PSR01,GLP01,18000,kg,BD-SP2KP,,,,,SP2KP Kemendag: Gula Pasir Curah (Pasar Taba Penanjung)
2026-08-07,PSR01,GLP02,18000,kg,BD-SP2KP,,,,,SP2KP Kemendag: Gula Pasir Kemasan (Pasar Taba Penanjung)
2026-08-07,PSR01,MGR02,23000,liter,BD-SP2KP,,,,,SP2KP Kemendag: Minyak Goreng Sawit Kemasan Premium (Pasar Taba Penanjung)
2026-08-07,PSR01,DSP01,160000,kg,BD-SP2KP,,,,,SP2KP Kemendag: Daging Sapi Paha Belakang (Pasar Taba Penanjung)
2026-08-07,PSR01,CMR02,45000,kg,BD-SP2KP,,,,,SP2KP Kemendag: Cabai Merah Keriting (Pasar Taba Penanjung)
2026-08-07,PSR01,TLR01,26600,kg,BD-SP2KP,,,,,SP2KP Kemendag: Telur Ayam Ras (Pasar Taba Penanjung)
2026-08-07,PSR01,DAY01,42000,kg,BD-SP2KP,,,,,SP2KP Kemendag: Daging Ayam Ras (Pasar Taba Penanjung)
2026-08-07,PSR01,BWP01,32000,kg,BD-SP2KP,,,,,SP2KP Kemendag: Bawang Putih Honan (Pasar Taba Penanjung)
2026-08-07,PSR01,BRS05,16500,kg,BD-SP2KP,,,,,SP2KP Kemendag: Beras Premium (Pasar Taba Penanjung)
2026-08-07,PSR01,BRS03,13750,kg,BD-SP2KP,,,,,SP2KP Kemendag: Beras Medium (Pasar Taba Penanjung)
2026-08-07,PSR01,DSP02,160000,kg,BD-SP2KP,,,,,SP2KP Kemendag: Daging Sapi Paha Depan (Pasar Taba Penanjung)
2026-08-07,PSR01,CMR01,45000,kg,BD-SP2KP,,,,,SP2KP Kemendag: Cabai Merah Besar (Pasar Taba Penanjung)
2026-08-07,PSR92,CRW02,68333,kg,BD-SP2KP,,,,,SP2KP Kemendag: Cabai Rawit Merah (Pasar Panorama)
2026-08-07,PSR92,CRW01,63333,kg,BD-SP2KP,,,,,SP2KP Kemendag: Cabai Rawit Hijau (Pasar Panorama)
2026-08-07,PSR92,BWM01,45000,kg,BD-SP2KP,,,,,SP2KP Kemendag: Bawang Merah (Pasar Panorama)
2026-08-07,PSR92,GLP01,18333,kg,BD-SP2KP,,,,,SP2KP Kemendag: Gula Pasir Curah (Pasar Panorama)
2026-08-07,PSR92,GLP02,19000,kg,BD-SP2KP,,,,,SP2KP Kemendag: Gula Pasir Kemasan (Pasar Panorama)
2026-08-07,PSR92,MGR02,23000,liter,BD-SP2KP,,,,,SP2KP Kemendag: Minyak Goreng Sawit Kemasan Premium (Pasar Panorama)
2026-08-07,PSR92,DSP01,160000,kg,BD-SP2KP,,,,,SP2KP Kemendag: Daging Sapi Paha Belakang (Pasar Panorama)
2026-08-07,PSR92,CMR02,52667,kg,BD-SP2KP,,,,,SP2KP Kemendag: Cabai Merah Keriting (Pasar Panorama)
2026-08-07,PSR92,TLR01,30400,kg,BD-SP2KP,,,,,SP2KP Kemendag: Telur Ayam Ras (Pasar Panorama)
2026-08-07,PSR92,DAY01,45000,kg,BD-SP2KP,,,,,SP2KP Kemendag: Daging Ayam Ras (Pasar Panorama)
2026-08-07,PSR92,BWP01,46667,kg,BD-SP2KP,,,,,SP2KP Kemendag: Bawang Putih Honan (Pasar Panorama)
2026-08-07,PSR92,BRS05,16750,kg,BD-SP2KP,,,,,SP2KP Kemendag: Beras Premium (Pasar Panorama)
2026-08-07,PSR92,BRS03,14625,kg,BD-SP2KP,,,,,SP2KP Kemendag: Beras Medium (Pasar Panorama)
2026-08-07,PSR92,DSP02,160000,kg,BD-SP2KP,,,,,SP2KP Kemendag: Daging Sapi Paha Depan (Pasar Panorama)
2026-08-07,PSR92,CMR01,35000,kg,BD-SP2KP,,,,,SP2KP Kemendag: Cabai Merah Besar (Pasar Panorama)
2026-08-10,PSR91,CRW02,55000,kg,BD-SP2KP,,,,,SP2KP Kemendag: Cabai Rawit Merah (Pasar Kepahiang)
2026-08-10,PSR91,CRW01,55000,kg,BD-SP2KP,,,,,SP2KP Kemendag: Cabai Rawit Hijau (Pasar Kepahiang)
2026-08-10,PSR91,BWM01,32000,kg,BD-SP2KP,,,,,SP2KP Kemendag: Bawang Merah (Pasar Kepahiang)
2026-08-10,PSR91,GLP01,18833,kg,BD-SP2KP,,,,,SP2KP Kemendag: Gula Pasir Curah (Pasar Kepahiang)
2026-08-10,PSR91,GLP02,19000,kg,BD-SP2KP,,,,,SP2KP Kemendag: Gula Pasir Kemasan (Pasar Kepahiang)
2026-08-10,PSR91,MGR02,23000,liter,BD-SP2KP,,,,,SP2KP Kemendag: Minyak Goreng Sawit Kemasan Premium (Pasar Kepahiang)
2026-08-10,PSR91,DSP01,140000,kg,BD-SP2KP,,,,,SP2KP Kemendag: Daging Sapi Paha Belakang (Pasar Kepahiang)
2026-08-10,PSR91,CMR02,45000,kg,BD-SP2KP,,,,,SP2KP Kemendag: Cabai Merah Keriting (Pasar Kepahiang)
2026-08-10,PSR91,TLR01,27750,kg,BD-SP2KP,,,,,SP2KP Kemendag: Telur Ayam Ras (Pasar Kepahiang)
2026-08-10,PSR91,DAY01,48000,kg,BD-SP2KP,,,,,SP2KP Kemendag: Daging Ayam Ras (Pasar Kepahiang)
2026-08-10,PSR91,BWP01,35000,kg,BD-SP2KP,,,,,SP2KP Kemendag: Bawang Putih Honan (Pasar Kepahiang)
2026-08-10,PSR91,BRS05,16000,kg,BD-SP2KP,,,,,SP2KP Kemendag: Beras Premium (Pasar Kepahiang)
2026-08-10,PSR91,BRS03,14600,kg,BD-SP2KP,,,,,SP2KP Kemendag: Beras Medium (Pasar Kepahiang)
2026-08-10,PSR91,DSP02,140000,kg,BD-SP2KP,,,,,SP2KP Kemendag: Daging Sapi Paha Depan (Pasar Kepahiang)
2026-08-10,PSR91,CMR01,40000,kg,BD-SP2KP,,,,,SP2KP Kemendag: Cabai Merah Besar (Pasar Kepahiang)
2026-08-10,PSR01,CRW02,55000,kg,BD-SP2KP,,,,,SP2KP Kemendag: Cabai Rawit Merah (Pasar Taba Penanjung)
2026-08-10,PSR01,CRW01,50000,kg,BD-SP2KP,,,,,SP2KP Kemendag: Cabai Rawit Hijau (Pasar Taba Penanjung)
2026-08-10,PSR01,BWM01,30000,kg,BD-SP2KP,,,,,SP2KP Kemendag: Bawang Merah (Pasar Taba Penanjung)
2026-08-10,PSR01,GLP01,18000,kg,BD-SP2KP,,,,,SP2KP Kemendag: Gula Pasir Curah (Pasar Taba Penanjung)
2026-08-10,PSR01,GLP02,18000,kg,BD-SP2KP,,,,,SP2KP Kemendag: Gula Pasir Kemasan (Pasar Taba Penanjung)
2026-08-10,PSR01,MGR02,23000,liter,BD-SP2KP,,,,,SP2KP Kemendag: Minyak Goreng Sawit Kemasan Premium (Pasar Taba Penanjung)
2026-08-10,PSR01,DSP01,160000,kg,BD-SP2KP,,,,,SP2KP Kemendag: Daging Sapi Paha Belakang (Pasar Taba Penanjung)
2026-08-10,PSR01,CMR02,45000,kg,BD-SP2KP,,,,,SP2KP Kemendag: Cabai Merah Keriting (Pasar Taba Penanjung)
2026-08-10,PSR01,TLR01,26600,kg,BD-SP2KP,,,,,SP2KP Kemendag: Telur Ayam Ras (Pasar Taba Penanjung)
2026-08-10,PSR01,DAY01,42000,kg,BD-SP2KP,,,,,SP2KP Kemendag: Daging Ayam Ras (Pasar Taba Penanjung)
2026-08-10,PSR01,BWP01,32000,kg,BD-SP2KP,,,,,SP2KP Kemendag: Bawang Putih Honan (Pasar Taba Penanjung)
2026-08-10,PSR01,BRS05,16500,kg,BD-SP2KP,,,,,SP2KP Kemendag: Beras Premium (Pasar Taba Penanjung)
2026-08-10,PSR01,BRS03,13750,kg,BD-SP2KP,,,,,SP2KP Kemendag: Beras Medium (Pasar Taba Penanjung)
2026-08-10,PSR01,DSP02,160000,kg,BD-SP2KP,,,,,SP2KP Kemendag: Daging Sapi Paha Depan (Pasar Taba Penanjung)
2026-08-10,PSR01,CMR01,45000,kg,BD-SP2KP,,,,,SP2KP Kemendag: Cabai Merah Besar (Pasar Taba Penanjung)
2026-08-10,PSR92,CRW02,68333,kg,BD-SP2KP,,,,,SP2KP Kemendag: Cabai Rawit Merah (Pasar Panorama)
2026-08-10,PSR92,CRW01,63333,kg,BD-SP2KP,,,,,SP2KP Kemendag: Cabai Rawit Hijau (Pasar Panorama)
2026-08-10,PSR92,BWM01,45000,kg,BD-SP2KP,,,,,SP2KP Kemendag: Bawang Merah (Pasar Panorama)
2026-08-10,PSR92,GLP01,18333,kg,BD-SP2KP,,,,,SP2KP Kemendag: Gula Pasir Curah (Pasar Panorama)
2026-08-10,PSR92,GLP02,19000,kg,BD-SP2KP,,,,,SP2KP Kemendag: Gula Pasir Kemasan (Pasar Panorama)
2026-08-10,PSR92,MGR02,23000,liter,BD-SP2KP,,,,,SP2KP Kemendag: Minyak Goreng Sawit Kemasan Premium (Pasar Panorama)
2026-08-10,PSR92,DSP01,160000,kg,BD-SP2KP,,,,,SP2KP Kemendag: Daging Sapi Paha Belakang (Pasar Panorama)
2026-08-10,PSR92,CMR02,52667,kg,BD-SP2KP,,,,,SP2KP Kemendag: Cabai Merah Keriting (Pasar Panorama)
2026-08-10,PSR92,TLR01,30400,kg,BD-SP2KP,,,,,SP2KP Kemendag: Telur Ayam Ras (Pasar Panorama)
2026-08-10,PSR92,DAY01,45667,kg,BD-SP2KP,,,,,SP2KP Kemendag: Daging Ayam Ras (Pasar Panorama)
2026-08-10,PSR92,BWP01,46667,kg,BD-SP2KP,,,,,SP2KP Kemendag: Bawang Putih Honan (Pasar Panorama)
2026-08-10,PSR92,BRS05,16750,kg,BD-SP2KP,,,,,SP2KP Kemendag: Beras Premium (Pasar Panorama)
2026-08-10,PSR92,BRS03,14625,kg,BD-SP2KP,,,,,SP2KP Kemendag: Beras Medium (Pasar Panorama)
2026-08-10,PSR92,DSP02,160000,kg,BD-SP2KP,,,,,SP2KP Kemendag: Daging Sapi Paha Depan (Pasar Panorama)
2026-08-10,PSR92,CMR01,35000,kg,BD-SP2KP,,,,,SP2KP Kemendag: Cabai Merah Besar (Pasar Panorama)
2026-08-11,PSR91,CRW02,60000,kg,BD-SP2KP,,,,,SP2KP Kemendag: Cabai Rawit Merah (Pasar Kepahiang)
2026-08-11,PSR91,CRW01,60000,kg,BD-SP2KP,,,,,SP2KP Kemendag: Cabai Rawit Hijau (Pasar Kepahiang)
2026-08-11,PSR91,BWM01,35000,kg,BD-SP2KP,,,,,SP2KP Kemendag: Bawang Merah (Pasar Kepahiang)
2026-08-11,PSR91,GLP01,18500,kg,BD-SP2KP,,,,,SP2KP Kemendag: Gula Pasir Curah (Pasar Kepahiang)
2026-08-11,PSR91,GLP02,19000,kg,BD-SP2KP,,,,,SP2KP Kemendag: Gula Pasir Kemasan (Pasar Kepahiang)
2026-08-11,PSR91,MGR02,23000,liter,BD-SP2KP,,,,,SP2KP Kemendag: Minyak Goreng Sawit Kemasan Premium (Pasar Kepahiang)
2026-08-11,PSR91,DSP01,140000,kg,BD-SP2KP,,,,,SP2KP Kemendag: Daging Sapi Paha Belakang (Pasar Kepahiang)
2026-08-11,PSR91,CMR02,45000,kg,BD-SP2KP,,,,,SP2KP Kemendag: Cabai Merah Keriting (Pasar Kepahiang)
2026-08-11,PSR91,TLR01,27750,kg,BD-SP2KP,,,,,SP2KP Kemendag: Telur Ayam Ras (Pasar Kepahiang)
2026-08-11,PSR91,DAY01,48000,kg,BD-SP2KP,,,,,SP2KP Kemendag: Daging Ayam Ras (Pasar Kepahiang)
2026-08-11,PSR91,BWP01,35000,kg,BD-SP2KP,,,,,SP2KP Kemendag: Bawang Putih Honan (Pasar Kepahiang)
2026-08-11,PSR91,BRS05,16000,kg,BD-SP2KP,,,,,SP2KP Kemendag: Beras Premium (Pasar Kepahiang)
2026-08-11,PSR91,BRS03,14600,kg,BD-SP2KP,,,,,SP2KP Kemendag: Beras Medium (Pasar Kepahiang)
2026-08-11,PSR91,DSP02,140000,kg,BD-SP2KP,,,,,SP2KP Kemendag: Daging Sapi Paha Depan (Pasar Kepahiang)
2026-08-11,PSR91,CMR01,40000,kg,BD-SP2KP,,,,,SP2KP Kemendag: Cabai Merah Besar (Pasar Kepahiang)
2026-08-11,PSR01,CRW02,55000,kg,BD-SP2KP,,,,,SP2KP Kemendag: Cabai Rawit Merah (Pasar Taba Penanjung)
2026-08-11,PSR01,CRW01,50000,kg,BD-SP2KP,,,,,SP2KP Kemendag: Cabai Rawit Hijau (Pasar Taba Penanjung)
2026-08-11,PSR01,BWM01,30000,kg,BD-SP2KP,,,,,SP2KP Kemendag: Bawang Merah (Pasar Taba Penanjung)
2026-08-11,PSR01,GLP01,18000,kg,BD-SP2KP,,,,,SP2KP Kemendag: Gula Pasir Curah (Pasar Taba Penanjung)
2026-08-11,PSR01,GLP02,18000,kg,BD-SP2KP,,,,,SP2KP Kemendag: Gula Pasir Kemasan (Pasar Taba Penanjung)
2026-08-11,PSR01,MGR02,23000,liter,BD-SP2KP,,,,,SP2KP Kemendag: Minyak Goreng Sawit Kemasan Premium (Pasar Taba Penanjung)
2026-08-11,PSR01,DSP01,160000,kg,BD-SP2KP,,,,,SP2KP Kemendag: Daging Sapi Paha Belakang (Pasar Taba Penanjung)
2026-08-11,PSR01,CMR02,45000,kg,BD-SP2KP,,,,,SP2KP Kemendag: Cabai Merah Keriting (Pasar Taba Penanjung)
2026-08-11,PSR01,TLR01,26600,kg,BD-SP2KP,,,,,SP2KP Kemendag: Telur Ayam Ras (Pasar Taba Penanjung)
2026-08-11,PSR01,DAY01,42000,kg,BD-SP2KP,,,,,SP2KP Kemendag: Daging Ayam Ras (Pasar Taba Penanjung)
2026-08-11,PSR01,BWP01,32000,kg,BD-SP2KP,,,,,SP2KP Kemendag: Bawang Putih Honan (Pasar Taba Penanjung)
2026-08-11,PSR01,BRS05,16500,kg,BD-SP2KP,,,,,SP2KP Kemendag: Beras Premium (Pasar Taba Penanjung)
2026-08-11,PSR01,BRS03,13750,kg,BD-SP2KP,,,,,SP2KP Kemendag: Beras Medium (Pasar Taba Penanjung)
2026-08-11,PSR01,DSP02,160000,kg,BD-SP2KP,,,,,SP2KP Kemendag: Daging Sapi Paha Depan (Pasar Taba Penanjung)
2026-08-11,PSR01,CMR01,45000,kg,BD-SP2KP,,,,,SP2KP Kemendag: Cabai Merah Besar (Pasar Taba Penanjung)
2026-08-11,PSR92,CRW02,68333,kg,BD-SP2KP,,,,,SP2KP Kemendag: Cabai Rawit Merah (Pasar Panorama)
2026-08-11,PSR92,CRW01,63333,kg,BD-SP2KP,,,,,SP2KP Kemendag: Cabai Rawit Hijau (Pasar Panorama)
2026-08-11,PSR92,BWM01,45000,kg,BD-SP2KP,,,,,SP2KP Kemendag: Bawang Merah (Pasar Panorama)
2026-08-11,PSR92,GLP01,18333,kg,BD-SP2KP,,,,,SP2KP Kemendag: Gula Pasir Curah (Pasar Panorama)
2026-08-11,PSR92,GLP02,19000,kg,BD-SP2KP,,,,,SP2KP Kemendag: Gula Pasir Kemasan (Pasar Panorama)
2026-08-11,PSR92,MGR02,23000,liter,BD-SP2KP,,,,,SP2KP Kemendag: Minyak Goreng Sawit Kemasan Premium (Pasar Panorama)
2026-08-11,PSR92,DSP01,160000,kg,BD-SP2KP,,,,,SP2KP Kemendag: Daging Sapi Paha Belakang (Pasar Panorama)
2026-08-11,PSR92,CMR02,52667,kg,BD-SP2KP,,,,,SP2KP Kemendag: Cabai Merah Keriting (Pasar Panorama)
2026-08-11,PSR92,TLR01,30400,kg,BD-SP2KP,,,,,SP2KP Kemendag: Telur Ayam Ras (Pasar Panorama)
2026-08-11,PSR92,DAY01,45667,kg,BD-SP2KP,,,,,SP2KP Kemendag: Daging Ayam Ras (Pasar Panorama)
2026-08-11,PSR92,BWP01,46667,kg,BD-SP2KP,,,,,SP2KP Kemendag: Bawang Putih Honan (Pasar Panorama)
2026-08-11,PSR92,BRS05,16750,kg,BD-SP2KP,,,,,SP2KP Kemendag: Beras Premium (Pasar Panorama)
2026-08-11,PSR92,BRS03,14625,kg,BD-SP2KP,,,,,SP2KP Kemendag: Beras Medium (Pasar Panorama)
2026-08-11,PSR92,DSP02,160000,kg,BD-SP2KP,,,,,SP2KP Kemendag: Daging Sapi Paha Depan (Pasar Panorama)
2026-08-11,PSR92,CMR01,35000,kg,BD-SP2KP,,,,,SP2KP Kemendag: Cabai Merah Besar (Pasar Panorama)
2026-08-12,PSR91,CRW02,60000,kg,BD-SP2KP,,,,,SP2KP Kemendag: Cabai Rawit Merah (Pasar Kepahiang)
2026-08-12,PSR91,CRW01,60000,kg,BD-SP2KP,,,,,SP2KP Kemendag: Cabai Rawit Hijau (Pasar Kepahiang)
2026-08-12,PSR91,BWM01,35000,kg,BD-SP2KP,,,,,SP2KP Kemendag: Bawang Merah (Pasar Kepahiang)
2026-08-12,PSR91,GLP01,18500,kg,BD-SP2KP,,,,,SP2KP Kemendag: Gula Pasir Curah (Pasar Kepahiang)
2026-08-12,PSR91,GLP02,19000,kg,BD-SP2KP,,,,,SP2KP Kemendag: Gula Pasir Kemasan (Pasar Kepahiang)
2026-08-12,PSR91,MGR02,23000,liter,BD-SP2KP,,,,,SP2KP Kemendag: Minyak Goreng Sawit Kemasan Premium (Pasar Kepahiang)
2026-08-12,PSR91,DSP01,140000,kg,BD-SP2KP,,,,,SP2KP Kemendag: Daging Sapi Paha Belakang (Pasar Kepahiang)
2026-08-12,PSR91,CMR02,45000,kg,BD-SP2KP,,,,,SP2KP Kemendag: Cabai Merah Keriting (Pasar Kepahiang)
2026-08-12,PSR91,TLR01,27750,kg,BD-SP2KP,,,,,SP2KP Kemendag: Telur Ayam Ras (Pasar Kepahiang)
2026-08-12,PSR91,DAY01,48000,kg,BD-SP2KP,,,,,SP2KP Kemendag: Daging Ayam Ras (Pasar Kepahiang)
2026-08-12,PSR91,BWP01,35000,kg,BD-SP2KP,,,,,SP2KP Kemendag: Bawang Putih Honan (Pasar Kepahiang)
2026-08-12,PSR91,BRS05,16000,kg,BD-SP2KP,,,,,SP2KP Kemendag: Beras Premium (Pasar Kepahiang)
2026-08-12,PSR91,BRS03,14600,kg,BD-SP2KP,,,,,SP2KP Kemendag: Beras Medium (Pasar Kepahiang)
2026-08-12,PSR91,DSP02,140000,kg,BD-SP2KP,,,,,SP2KP Kemendag: Daging Sapi Paha Depan (Pasar Kepahiang)
2026-08-12,PSR91,CMR01,40000,kg,BD-SP2KP,,,,,SP2KP Kemendag: Cabai Merah Besar (Pasar Kepahiang)
2026-08-12,PSR01,CRW02,55000,kg,BD-SP2KP,,,,,SP2KP Kemendag: Cabai Rawit Merah (Pasar Taba Penanjung)
2026-08-12,PSR01,CRW01,50000,kg,BD-SP2KP,,,,,SP2KP Kemendag: Cabai Rawit Hijau (Pasar Taba Penanjung)
2026-08-12,PSR01,BWM01,30000,kg,BD-SP2KP,,,,,SP2KP Kemendag: Bawang Merah (Pasar Taba Penanjung)
2026-08-12,PSR01,GLP01,18000,kg,BD-SP2KP,,,,,SP2KP Kemendag: Gula Pasir Curah (Pasar Taba Penanjung)
2026-08-12,PSR01,GLP02,18000,kg,BD-SP2KP,,,,,SP2KP Kemendag: Gula Pasir Kemasan (Pasar Taba Penanjung)
2026-08-12,PSR01,MGR02,23000,liter,BD-SP2KP,,,,,SP2KP Kemendag: Minyak Goreng Sawit Kemasan Premium (Pasar Taba Penanjung)
2026-08-12,PSR01,DSP01,160000,kg,BD-SP2KP,,,,,SP2KP Kemendag: Daging Sapi Paha Belakang (Pasar Taba Penanjung)
2026-08-12,PSR01,CMR02,45000,kg,BD-SP2KP,,,,,SP2KP Kemendag: Cabai Merah Keriting (Pasar Taba Penanjung)
2026-08-12,PSR01,TLR01,26600,kg,BD-SP2KP,,,,,SP2KP Kemendag: Telur Ayam Ras (Pasar Taba Penanjung)
2026-08-12,PSR01,DAY01,42000,kg,BD-SP2KP,,,,,SP2KP Kemendag: Daging Ayam Ras (Pasar Taba Penanjung)
2026-08-12,PSR01,BWP01,32000,kg,BD-SP2KP,,,,,SP2KP Kemendag: Bawang Putih Honan (Pasar Taba Penanjung)
2026-08-12,PSR01,BRS05,16500,kg,BD-SP2KP,,,,,SP2KP Kemendag: Beras Premium (Pasar Taba Penanjung)
2026-08-12,PSR01,BRS03,13750,kg,BD-SP2KP,,,,,SP2KP Kemendag: Beras Medium (Pasar Taba Penanjung)
2026-08-12,PSR01,DSP02,160000,kg,BD-SP2KP,,,,,SP2KP Kemendag: Daging Sapi Paha Depan (Pasar Taba Penanjung)
2026-08-12,PSR01,CMR01,45000,kg,BD-SP2KP,,,,,SP2KP Kemendag: Cabai Merah Besar (Pasar Taba Penanjung)
2026-08-12,PSR92,CRW02,68333,kg,BD-SP2KP,,,,,SP2KP Kemendag: Cabai Rawit Merah (Pasar Panorama)
2026-08-12,PSR92,CRW01,63333,kg,BD-SP2KP,,,,,SP2KP Kemendag: Cabai Rawit Hijau (Pasar Panorama)
2026-08-12,PSR92,BWM01,46667,kg,BD-SP2KP,,,,,SP2KP Kemendag: Bawang Merah (Pasar Panorama)
2026-08-12,PSR92,GLP01,18333,kg,BD-SP2KP,,,,,SP2KP Kemendag: Gula Pasir Curah (Pasar Panorama)
2026-08-12,PSR92,GLP02,19000,kg,BD-SP2KP,,,,,SP2KP Kemendag: Gula Pasir Kemasan (Pasar Panorama)
2026-08-12,PSR92,MGR02,23000,liter,BD-SP2KP,,,,,SP2KP Kemendag: Minyak Goreng Sawit Kemasan Premium (Pasar Panorama)
2026-08-12,PSR92,DSP01,160000,kg,BD-SP2KP,,,,,SP2KP Kemendag: Daging Sapi Paha Belakang (Pasar Panorama)
2026-08-12,PSR92,CMR02,50000,kg,BD-SP2KP,,,,,SP2KP Kemendag: Cabai Merah Keriting (Pasar Panorama)
2026-08-12,PSR92,TLR01,30400,kg,BD-SP2KP,,,,,SP2KP Kemendag: Telur Ayam Ras (Pasar Panorama)
2026-08-12,PSR92,DAY01,46000,kg,BD-SP2KP,,,,,SP2KP Kemendag: Daging Ayam Ras (Pasar Panorama)
2026-08-12,PSR92,BWP01,48333,kg,BD-SP2KP,,,,,SP2KP Kemendag: Bawang Putih Honan (Pasar Panorama)
2026-08-12,PSR92,BRS05,16750,kg,BD-SP2KP,,,,,SP2KP Kemendag: Beras Premium (Pasar Panorama)
2026-08-12,PSR92,BRS03,14625,kg,BD-SP2KP,,,,,SP2KP Kemendag: Beras Medium (Pasar Panorama)
2026-08-12,PSR92,DSP02,160000,kg,BD-SP2KP,,,,,SP2KP Kemendag: Daging Sapi Paha Depan (Pasar Panorama)
2026-08-12,PSR92,CMR01,35000,kg,BD-SP2KP,,,,,SP2KP Kemendag: Cabai Merah Besar (Pasar Panorama)
2026-08-13,PSR91,CRW02,60000,kg,BD-SP2KP,,,,,SP2KP Kemendag: Cabai Rawit Merah (Pasar Kepahiang)
2026-08-13,PSR91,CRW01,60000,kg,BD-SP2KP,,,,,SP2KP Kemendag: Cabai Rawit Hijau (Pasar Kepahiang)
2026-08-13,PSR91,BWM01,35000,kg,BD-SP2KP,,,,,SP2KP Kemendag: Bawang Merah (Pasar Kepahiang)
2026-08-13,PSR91,GLP01,18500,kg,BD-SP2KP,,,,,SP2KP Kemendag: Gula Pasir Curah (Pasar Kepahiang)
2026-08-13,PSR91,GLP02,19000,kg,BD-SP2KP,,,,,SP2KP Kemendag: Gula Pasir Kemasan (Pasar Kepahiang)
2026-08-13,PSR91,MGR02,23000,liter,BD-SP2KP,,,,,SP2KP Kemendag: Minyak Goreng Sawit Kemasan Premium (Pasar Kepahiang)
2026-08-13,PSR91,DSP01,140000,kg,BD-SP2KP,,,,,SP2KP Kemendag: Daging Sapi Paha Belakang (Pasar Kepahiang)
2026-08-13,PSR91,CMR02,45000,kg,BD-SP2KP,,,,,SP2KP Kemendag: Cabai Merah Keriting (Pasar Kepahiang)
2026-08-13,PSR91,TLR01,27750,kg,BD-SP2KP,,,,,SP2KP Kemendag: Telur Ayam Ras (Pasar Kepahiang)
2026-08-13,PSR91,DAY01,48000,kg,BD-SP2KP,,,,,SP2KP Kemendag: Daging Ayam Ras (Pasar Kepahiang)
2026-08-13,PSR91,BWP01,35000,kg,BD-SP2KP,,,,,SP2KP Kemendag: Bawang Putih Honan (Pasar Kepahiang)
2026-08-13,PSR91,BRS05,16000,kg,BD-SP2KP,,,,,SP2KP Kemendag: Beras Premium (Pasar Kepahiang)
2026-08-13,PSR91,BRS03,14600,kg,BD-SP2KP,,,,,SP2KP Kemendag: Beras Medium (Pasar Kepahiang)
2026-08-13,PSR91,DSP02,140000,kg,BD-SP2KP,,,,,SP2KP Kemendag: Daging Sapi Paha Depan (Pasar Kepahiang)
2026-08-13,PSR91,CMR01,40000,kg,BD-SP2KP,,,,,SP2KP Kemendag: Cabai Merah Besar (Pasar Kepahiang)
2026-08-13,PSR01,CRW02,55000,kg,BD-SP2KP,,,,,SP2KP Kemendag: Cabai Rawit Merah (Pasar Taba Penanjung)
2026-08-13,PSR01,CRW01,50000,kg,BD-SP2KP,,,,,SP2KP Kemendag: Cabai Rawit Hijau (Pasar Taba Penanjung)
2026-08-13,PSR01,BWM01,30000,kg,BD-SP2KP,,,,,SP2KP Kemendag: Bawang Merah (Pasar Taba Penanjung)
2026-08-13,PSR01,GLP01,18000,kg,BD-SP2KP,,,,,SP2KP Kemendag: Gula Pasir Curah (Pasar Taba Penanjung)
2026-08-13,PSR01,GLP02,18000,kg,BD-SP2KP,,,,,SP2KP Kemendag: Gula Pasir Kemasan (Pasar Taba Penanjung)
2026-08-13,PSR01,MGR02,23000,liter,BD-SP2KP,,,,,SP2KP Kemendag: Minyak Goreng Sawit Kemasan Premium (Pasar Taba Penanjung)
2026-08-13,PSR01,DSP01,160000,kg,BD-SP2KP,,,,,SP2KP Kemendag: Daging Sapi Paha Belakang (Pasar Taba Penanjung)
2026-08-13,PSR01,CMR02,40000,kg,BD-SP2KP,,,,,SP2KP Kemendag: Cabai Merah Keriting (Pasar Taba Penanjung)
2026-08-13,PSR01,TLR01,26600,kg,BD-SP2KP,,,,,SP2KP Kemendag: Telur Ayam Ras (Pasar Taba Penanjung)
2026-08-13,PSR01,DAY01,45000,kg,BD-SP2KP,,,,,SP2KP Kemendag: Daging Ayam Ras (Pasar Taba Penanjung)
2026-08-13,PSR01,BWP01,34000,kg,BD-SP2KP,,,,,SP2KP Kemendag: Bawang Putih Honan (Pasar Taba Penanjung)
2026-08-13,PSR01,BRS05,16500,kg,BD-SP2KP,,,,,SP2KP Kemendag: Beras Premium (Pasar Taba Penanjung)
2026-08-13,PSR01,BRS03,13750,kg,BD-SP2KP,,,,,SP2KP Kemendag: Beras Medium (Pasar Taba Penanjung)
2026-08-13,PSR01,DSP02,160000,kg,BD-SP2KP,,,,,SP2KP Kemendag: Daging Sapi Paha Depan (Pasar Taba Penanjung)
2026-08-13,PSR01,CMR01,35000,kg,BD-SP2KP,,,,,SP2KP Kemendag: Cabai Merah Besar (Pasar Taba Penanjung)
2026-08-13,PSR92,CRW02,68333,kg,BD-SP2KP,,,,,SP2KP Kemendag: Cabai Rawit Merah (Pasar Panorama)
2026-08-13,PSR92,CRW01,55000,kg,BD-SP2KP,,,,,SP2KP Kemendag: Cabai Rawit Hijau (Pasar Panorama)
2026-08-13,PSR92,BWM01,46667,kg,BD-SP2KP,,,,,SP2KP Kemendag: Bawang Merah (Pasar Panorama)
2026-08-13,PSR92,GLP01,18333,kg,BD-SP2KP,,,,,SP2KP Kemendag: Gula Pasir Curah (Pasar Panorama)
2026-08-13,PSR92,GLP02,19000,kg,BD-SP2KP,,,,,SP2KP Kemendag: Gula Pasir Kemasan (Pasar Panorama)
2026-08-13,PSR92,MGR02,23000,liter,BD-SP2KP,,,,,SP2KP Kemendag: Minyak Goreng Sawit Kemasan Premium (Pasar Panorama)
2026-08-13,PSR92,DSP01,160000,kg,BD-SP2KP,,,,,SP2KP Kemendag: Daging Sapi Paha Belakang (Pasar Panorama)
2026-08-13,PSR92,CMR02,50000,kg,BD-SP2KP,,,,,SP2KP Kemendag: Cabai Merah Keriting (Pasar Panorama)
2026-08-13,PSR92,TLR01,30400,kg,BD-SP2KP,,,,,SP2KP Kemendag: Telur Ayam Ras (Pasar Panorama)
2026-08-13,PSR92,DAY01,46000,kg,BD-SP2KP,,,,,SP2KP Kemendag: Daging Ayam Ras (Pasar Panorama)
2026-08-13,PSR92,BWP01,48333,kg,BD-SP2KP,,,,,SP2KP Kemendag: Bawang Putih Honan (Pasar Panorama)
2026-08-13,PSR92,BRS05,16750,kg,BD-SP2KP,,,,,SP2KP Kemendag: Beras Premium (Pasar Panorama)
2026-08-13,PSR92,BRS03,14625,kg,BD-SP2KP,,,,,SP2KP Kemendag: Beras Medium (Pasar Panorama)
2026-08-13,PSR92,DSP02,160000,kg,BD-SP2KP,,,,,SP2KP Kemendag: Daging Sapi Paha Depan (Pasar Panorama)
2026-08-13,PSR92,CMR01,35000,kg,BD-SP2KP,,,,,SP2KP Kemendag: Cabai Merah Besar (Pasar Panorama)
2026-08-14,PSR91,CRW02,60000,kg,BD-SP2KP,,,,,SP2KP Kemendag: Cabai Rawit Merah (Pasar Kepahiang)
2026-08-14,PSR91,CRW01,60000,kg,BD-SP2KP,,,,,SP2KP Kemendag: Cabai Rawit Hijau (Pasar Kepahiang)
2026-08-14,PSR91,BWM01,35000,kg,BD-SP2KP,,,,,SP2KP Kemendag: Bawang Merah (Pasar Kepahiang)
2026-08-14,PSR91,GLP01,18500,kg,BD-SP2KP,,,,,SP2KP Kemendag: Gula Pasir Curah (Pasar Kepahiang)
2026-08-14,PSR91,GLP02,19000,kg,BD-SP2KP,,,,,SP2KP Kemendag: Gula Pasir Kemasan (Pasar Kepahiang)
2026-08-14,PSR91,MGR02,23000,liter,BD-SP2KP,,,,,SP2KP Kemendag: Minyak Goreng Sawit Kemasan Premium (Pasar Kepahiang)
2026-08-14,PSR91,DSP01,140000,kg,BD-SP2KP,,,,,SP2KP Kemendag: Daging Sapi Paha Belakang (Pasar Kepahiang)
2026-08-14,PSR91,CMR02,40000,kg,BD-SP2KP,,,,,SP2KP Kemendag: Cabai Merah Keriting (Pasar Kepahiang)
2026-08-14,PSR91,TLR01,27750,kg,BD-SP2KP,,,,,SP2KP Kemendag: Telur Ayam Ras (Pasar Kepahiang)
2026-08-14,PSR91,DAY01,48000,kg,BD-SP2KP,,,,,SP2KP Kemendag: Daging Ayam Ras (Pasar Kepahiang)
2026-08-14,PSR91,BWP01,35000,kg,BD-SP2KP,,,,,SP2KP Kemendag: Bawang Putih Honan (Pasar Kepahiang)
2026-08-14,PSR91,BRS05,16000,kg,BD-SP2KP,,,,,SP2KP Kemendag: Beras Premium (Pasar Kepahiang)
2026-08-14,PSR91,BRS03,14600,kg,BD-SP2KP,,,,,SP2KP Kemendag: Beras Medium (Pasar Kepahiang)
2026-08-14,PSR91,DSP02,140000,kg,BD-SP2KP,,,,,SP2KP Kemendag: Daging Sapi Paha Depan (Pasar Kepahiang)
2026-08-14,PSR91,CMR01,35000,kg,BD-SP2KP,,,,,SP2KP Kemendag: Cabai Merah Besar (Pasar Kepahiang)
2026-08-14,PSR01,CRW02,55000,kg,BD-SP2KP,,,,,SP2KP Kemendag: Cabai Rawit Merah (Pasar Taba Penanjung)
2026-08-14,PSR01,CRW01,50000,kg,BD-SP2KP,,,,,SP2KP Kemendag: Cabai Rawit Hijau (Pasar Taba Penanjung)
2026-08-14,PSR01,BWM01,30000,kg,BD-SP2KP,,,,,SP2KP Kemendag: Bawang Merah (Pasar Taba Penanjung)
2026-08-14,PSR01,GLP01,18000,kg,BD-SP2KP,,,,,SP2KP Kemendag: Gula Pasir Curah (Pasar Taba Penanjung)
2026-08-14,PSR01,GLP02,18000,kg,BD-SP2KP,,,,,SP2KP Kemendag: Gula Pasir Kemasan (Pasar Taba Penanjung)
2026-08-14,PSR01,MGR02,23000,liter,BD-SP2KP,,,,,SP2KP Kemendag: Minyak Goreng Sawit Kemasan Premium (Pasar Taba Penanjung)
2026-08-14,PSR01,DSP01,160000,kg,BD-SP2KP,,,,,SP2KP Kemendag: Daging Sapi Paha Belakang (Pasar Taba Penanjung)
2026-08-14,PSR01,CMR02,40000,kg,BD-SP2KP,,,,,SP2KP Kemendag: Cabai Merah Keriting (Pasar Taba Penanjung)
2026-08-14,PSR01,TLR01,26600,kg,BD-SP2KP,,,,,SP2KP Kemendag: Telur Ayam Ras (Pasar Taba Penanjung)
2026-08-14,PSR01,DAY01,45000,kg,BD-SP2KP,,,,,SP2KP Kemendag: Daging Ayam Ras (Pasar Taba Penanjung)
2026-08-14,PSR01,BWP01,34000,kg,BD-SP2KP,,,,,SP2KP Kemendag: Bawang Putih Honan (Pasar Taba Penanjung)
2026-08-14,PSR01,BRS05,16500,kg,BD-SP2KP,,,,,SP2KP Kemendag: Beras Premium (Pasar Taba Penanjung)
2026-08-14,PSR01,BRS03,13750,kg,BD-SP2KP,,,,,SP2KP Kemendag: Beras Medium (Pasar Taba Penanjung)
2026-08-14,PSR01,DSP02,160000,kg,BD-SP2KP,,,,,SP2KP Kemendag: Daging Sapi Paha Depan (Pasar Taba Penanjung)
2026-08-14,PSR01,CMR01,35000,kg,BD-SP2KP,,,,,SP2KP Kemendag: Cabai Merah Besar (Pasar Taba Penanjung)
2026-08-14,PSR92,CRW02,68333,kg,BD-SP2KP,,,,,SP2KP Kemendag: Cabai Rawit Merah (Pasar Panorama)
2026-08-14,PSR92,CRW01,55000,kg,BD-SP2KP,,,,,SP2KP Kemendag: Cabai Rawit Hijau (Pasar Panorama)
2026-08-14,PSR92,BWM01,46667,kg,BD-SP2KP,,,,,SP2KP Kemendag: Bawang Merah (Pasar Panorama)
2026-08-14,PSR92,GLP01,18333,kg,BD-SP2KP,,,,,SP2KP Kemendag: Gula Pasir Curah (Pasar Panorama)
2026-08-14,PSR92,GLP02,19000,kg,BD-SP2KP,,,,,SP2KP Kemendag: Gula Pasir Kemasan (Pasar Panorama)
2026-08-14,PSR92,MGR02,23000,liter,BD-SP2KP,,,,,SP2KP Kemendag: Minyak Goreng Sawit Kemasan Premium (Pasar Panorama)
2026-08-14,PSR92,DSP01,160000,kg,BD-SP2KP,,,,,SP2KP Kemendag: Daging Sapi Paha Belakang (Pasar Panorama)
2026-08-14,PSR92,CMR02,50000,kg,BD-SP2KP,,,,,SP2KP Kemendag: Cabai Merah Keriting (Pasar Panorama)
2026-08-14,PSR92,TLR01,30400,kg,BD-SP2KP,,,,,SP2KP Kemendag: Telur Ayam Ras (Pasar Panorama)
2026-08-14,PSR92,DAY01,45000,kg,BD-SP2KP,,,,,SP2KP Kemendag: Daging Ayam Ras (Pasar Panorama)
2026-08-14,PSR92,BWP01,48333,kg,BD-SP2KP,,,,,SP2KP Kemendag: Bawang Putih Honan (Pasar Panorama)
2026-08-14,PSR92,BRS05,16750,kg,BD-SP2KP,,,,,SP2KP Kemendag: Beras Premium (Pasar Panorama)
2026-08-14,PSR92,BRS03,14625,kg,BD-SP2KP,,,,,SP2KP Kemendag: Beras Medium (Pasar Panorama)
2026-08-14,PSR92,DSP02,160000,kg,BD-SP2KP,,,,,SP2KP Kemendag: Daging Sapi Paha Depan (Pasar Panorama)
2026-08-14,PSR92,CMR01,35000,kg,BD-SP2KP,,,,,SP2KP Kemendag: Cabai Merah Besar (Pasar Panorama)
2026-08-18,PSR91,CRW02,60000,kg,BD-SP2KP,,,,,SP2KP Kemendag: Cabai Rawit Merah (Pasar Kepahiang)
2026-08-18,PSR91,CRW01,50000,kg,BD-SP2KP,,,,,SP2KP Kemendag: Cabai Rawit Hijau (Pasar Kepahiang)
2026-08-18,PSR91,BWM01,32000,kg,BD-SP2KP,,,,,SP2KP Kemendag: Bawang Merah (Pasar Kepahiang)
2026-08-18,PSR91,GLP01,18500,kg,BD-SP2KP,,,,,SP2KP Kemendag: Gula Pasir Curah (Pasar Kepahiang)
2026-08-18,PSR91,GLP02,19000,kg,BD-SP2KP,,,,,SP2KP Kemendag: Gula Pasir Kemasan (Pasar Kepahiang)
2026-08-18,PSR91,MGR02,23000,liter,BD-SP2KP,,,,,SP2KP Kemendag: Minyak Goreng Sawit Kemasan Premium (Pasar Kepahiang)
2026-08-18,PSR91,DSP01,140000,kg,BD-SP2KP,,,,,SP2KP Kemendag: Daging Sapi Paha Belakang (Pasar Kepahiang)
2026-08-18,PSR91,CMR02,40000,kg,BD-SP2KP,,,,,SP2KP Kemendag: Cabai Merah Keriting (Pasar Kepahiang)
2026-08-18,PSR91,TLR01,27750,kg,BD-SP2KP,,,,,SP2KP Kemendag: Telur Ayam Ras (Pasar Kepahiang)
2026-08-18,PSR91,DAY01,47000,kg,BD-SP2KP,,,,,SP2KP Kemendag: Daging Ayam Ras (Pasar Kepahiang)
2026-08-18,PSR91,BWP01,35000,kg,BD-SP2KP,,,,,SP2KP Kemendag: Bawang Putih Honan (Pasar Kepahiang)
2026-08-18,PSR91,BRS05,15567,kg,BD-SP2KP,,,,,SP2KP Kemendag: Beras Premium (Pasar Kepahiang)
2026-08-18,PSR91,BRS03,14000,kg,BD-SP2KP,,,,,SP2KP Kemendag: Beras Medium (Pasar Kepahiang)
2026-08-18,PSR91,DSP02,140000,kg,BD-SP2KP,,,,,SP2KP Kemendag: Daging Sapi Paha Depan (Pasar Kepahiang)
2026-08-18,PSR91,CMR01,35000,kg,BD-SP2KP,,,,,SP2KP Kemendag: Cabai Merah Besar (Pasar Kepahiang)
2026-08-18,PSR01,CRW02,55000,kg,BD-SP2KP,,,,,SP2KP Kemendag: Cabai Rawit Merah (Pasar Taba Penanjung)
2026-08-18,PSR01,CRW01,50000,kg,BD-SP2KP,,,,,SP2KP Kemendag: Cabai Rawit Hijau (Pasar Taba Penanjung)
2026-08-18,PSR01,BWM01,30000,kg,BD-SP2KP,,,,,SP2KP Kemendag: Bawang Merah (Pasar Taba Penanjung)
2026-08-18,PSR01,GLP01,18000,kg,BD-SP2KP,,,,,SP2KP Kemendag: Gula Pasir Curah (Pasar Taba Penanjung)
2026-08-18,PSR01,GLP02,18000,kg,BD-SP2KP,,,,,SP2KP Kemendag: Gula Pasir Kemasan (Pasar Taba Penanjung)
2026-08-18,PSR01,MGR02,23000,liter,BD-SP2KP,,,,,SP2KP Kemendag: Minyak Goreng Sawit Kemasan Premium (Pasar Taba Penanjung)
2026-08-18,PSR01,DSP01,160000,kg,BD-SP2KP,,,,,SP2KP Kemendag: Daging Sapi Paha Belakang (Pasar Taba Penanjung)
2026-08-18,PSR01,CMR02,40000,kg,BD-SP2KP,,,,,SP2KP Kemendag: Cabai Merah Keriting (Pasar Taba Penanjung)
2026-08-18,PSR01,TLR01,26600,kg,BD-SP2KP,,,,,SP2KP Kemendag: Telur Ayam Ras (Pasar Taba Penanjung)
2026-08-18,PSR01,DAY01,45000,kg,BD-SP2KP,,,,,SP2KP Kemendag: Daging Ayam Ras (Pasar Taba Penanjung)
2026-08-18,PSR01,BWP01,34000,kg,BD-SP2KP,,,,,SP2KP Kemendag: Bawang Putih Honan (Pasar Taba Penanjung)
2026-08-18,PSR01,BRS05,16500,kg,BD-SP2KP,,,,,SP2KP Kemendag: Beras Premium (Pasar Taba Penanjung)
2026-08-18,PSR01,BRS03,13750,kg,BD-SP2KP,,,,,SP2KP Kemendag: Beras Medium (Pasar Taba Penanjung)
2026-08-18,PSR01,DSP02,160000,kg,BD-SP2KP,,,,,SP2KP Kemendag: Daging Sapi Paha Depan (Pasar Taba Penanjung)
2026-08-18,PSR01,CMR01,35000,kg,BD-SP2KP,,,,,SP2KP Kemendag: Cabai Merah Besar (Pasar Taba Penanjung)
2026-08-18,PSR92,CRW02,68333,kg,BD-SP2KP,,,,,SP2KP Kemendag: Cabai Rawit Merah (Pasar Panorama)
2026-08-18,PSR92,CRW01,55000,kg,BD-SP2KP,,,,,SP2KP Kemendag: Cabai Rawit Hijau (Pasar Panorama)
2026-08-18,PSR92,BWM01,46667,kg,BD-SP2KP,,,,,SP2KP Kemendag: Bawang Merah (Pasar Panorama)
2026-08-18,PSR92,GLP01,18333,kg,BD-SP2KP,,,,,SP2KP Kemendag: Gula Pasir Curah (Pasar Panorama)
2026-08-18,PSR92,GLP02,19000,kg,BD-SP2KP,,,,,SP2KP Kemendag: Gula Pasir Kemasan (Pasar Panorama)
2026-08-18,PSR92,MGR02,23000,liter,BD-SP2KP,,,,,SP2KP Kemendag: Minyak Goreng Sawit Kemasan Premium (Pasar Panorama)
2026-08-18,PSR92,DSP01,160000,kg,BD-SP2KP,,,,,SP2KP Kemendag: Daging Sapi Paha Belakang (Pasar Panorama)
2026-08-18,PSR92,CMR02,50000,kg,BD-SP2KP,,,,,SP2KP Kemendag: Cabai Merah Keriting (Pasar Panorama)
2026-08-18,PSR92,TLR01,30400,kg,BD-SP2KP,,,,,SP2KP Kemendag: Telur Ayam Ras (Pasar Panorama)
2026-08-18,PSR92,DAY01,45000,kg,BD-SP2KP,,,,,SP2KP Kemendag: Daging Ayam Ras (Pasar Panorama)
2026-08-18,PSR92,BWP01,48333,kg,BD-SP2KP,,,,,SP2KP Kemendag: Bawang Putih Honan (Pasar Panorama)
2026-08-18,PSR92,BRS05,16750,kg,BD-SP2KP,,,,,SP2KP Kemendag: Beras Premium (Pasar Panorama)
2026-08-18,PSR92,BRS03,14625,kg,BD-SP2KP,,,,,SP2KP Kemendag: Beras Medium (Pasar Panorama)
2026-08-18,PSR92,DSP02,160000,kg,BD-SP2KP,,,,,SP2KP Kemendag: Daging Sapi Paha Depan (Pasar Panorama)
2026-08-18,PSR92,CMR01,35000,kg,BD-SP2KP,,,,,SP2KP Kemendag: Cabai Merah Besar (Pasar Panorama)
2026-08-19,PSR91,CRW02,60000,kg,BD-SP2KP,,,,,SP2KP Kemendag: Cabai Rawit Merah (Pasar Kepahiang)
2026-08-19,PSR91,CRW01,50000,kg,BD-SP2KP,,,,,SP2KP Kemendag: Cabai Rawit Hijau (Pasar Kepahiang)
2026-08-19,PSR91,BWM01,32000,kg,BD-SP2KP,,,,,SP2KP Kemendag: Bawang Merah (Pasar Kepahiang)
2026-08-19,PSR91,GLP01,18500,kg,BD-SP2KP,,,,,SP2KP Kemendag: Gula Pasir Curah (Pasar Kepahiang)
2026-08-19,PSR91,GLP02,19000,kg,BD-SP2KP,,,,,SP2KP Kemendag: Gula Pasir Kemasan (Pasar Kepahiang)
2026-08-19,PSR91,MGR02,23000,liter,BD-SP2KP,,,,,SP2KP Kemendag: Minyak Goreng Sawit Kemasan Premium (Pasar Kepahiang)
2026-08-19,PSR91,DSP01,140000,kg,BD-SP2KP,,,,,SP2KP Kemendag: Daging Sapi Paha Belakang (Pasar Kepahiang)
2026-08-19,PSR91,CMR02,40000,kg,BD-SP2KP,,,,,SP2KP Kemendag: Cabai Merah Keriting (Pasar Kepahiang)
2026-08-19,PSR91,TLR01,27750,kg,BD-SP2KP,,,,,SP2KP Kemendag: Telur Ayam Ras (Pasar Kepahiang)
2026-08-19,PSR91,DAY01,47000,kg,BD-SP2KP,,,,,SP2KP Kemendag: Daging Ayam Ras (Pasar Kepahiang)
2026-08-19,PSR91,BWP01,35000,kg,BD-SP2KP,,,,,SP2KP Kemendag: Bawang Putih Honan (Pasar Kepahiang)
2026-08-19,PSR91,BRS05,15550,kg,BD-SP2KP,,,,,SP2KP Kemendag: Beras Premium (Pasar Kepahiang)
2026-08-19,PSR91,BRS03,14000,kg,BD-SP2KP,,,,,SP2KP Kemendag: Beras Medium (Pasar Kepahiang)
2026-08-19,PSR91,DSP02,140000,kg,BD-SP2KP,,,,,SP2KP Kemendag: Daging Sapi Paha Depan (Pasar Kepahiang)
2026-08-19,PSR91,CMR01,35000,kg,BD-SP2KP,,,,,SP2KP Kemendag: Cabai Merah Besar (Pasar Kepahiang)
2026-08-19,PSR01,CRW02,55000,kg,BD-SP2KP,,,,,SP2KP Kemendag: Cabai Rawit Merah (Pasar Taba Penanjung)
2026-08-19,PSR01,CRW01,50000,kg,BD-SP2KP,,,,,SP2KP Kemendag: Cabai Rawit Hijau (Pasar Taba Penanjung)
2026-08-19,PSR01,BWM01,30000,kg,BD-SP2KP,,,,,SP2KP Kemendag: Bawang Merah (Pasar Taba Penanjung)
2026-08-19,PSR01,GLP01,18000,kg,BD-SP2KP,,,,,SP2KP Kemendag: Gula Pasir Curah (Pasar Taba Penanjung)
2026-08-19,PSR01,GLP02,18000,kg,BD-SP2KP,,,,,SP2KP Kemendag: Gula Pasir Kemasan (Pasar Taba Penanjung)
2026-08-19,PSR01,MGR02,23000,liter,BD-SP2KP,,,,,SP2KP Kemendag: Minyak Goreng Sawit Kemasan Premium (Pasar Taba Penanjung)
2026-08-19,PSR01,DSP01,160000,kg,BD-SP2KP,,,,,SP2KP Kemendag: Daging Sapi Paha Belakang (Pasar Taba Penanjung)
2026-08-19,PSR01,CMR02,40000,kg,BD-SP2KP,,,,,SP2KP Kemendag: Cabai Merah Keriting (Pasar Taba Penanjung)
2026-08-19,PSR01,TLR01,26600,kg,BD-SP2KP,,,,,SP2KP Kemendag: Telur Ayam Ras (Pasar Taba Penanjung)
2026-08-19,PSR01,DAY01,45000,kg,BD-SP2KP,,,,,SP2KP Kemendag: Daging Ayam Ras (Pasar Taba Penanjung)
2026-08-19,PSR01,BWP01,34000,kg,BD-SP2KP,,,,,SP2KP Kemendag: Bawang Putih Honan (Pasar Taba Penanjung)
2026-08-19,PSR01,BRS05,16500,kg,BD-SP2KP,,,,,SP2KP Kemendag: Beras Premium (Pasar Taba Penanjung)
2026-08-19,PSR01,BRS03,13750,kg,BD-SP2KP,,,,,SP2KP Kemendag: Beras Medium (Pasar Taba Penanjung)
2026-08-19,PSR01,DSP02,160000,kg,BD-SP2KP,,,,,SP2KP Kemendag: Daging Sapi Paha Depan (Pasar Taba Penanjung)
2026-08-19,PSR01,CMR01,35000,kg,BD-SP2KP,,,,,SP2KP Kemendag: Cabai Merah Besar (Pasar Taba Penanjung)
2026-08-19,PSR92,CRW02,76667,kg,BD-SP2KP,,,,,SP2KP Kemendag: Cabai Rawit Merah (Pasar Panorama)
2026-08-19,PSR92,CRW01,68333,kg,BD-SP2KP,,,,,SP2KP Kemendag: Cabai Rawit Hijau (Pasar Panorama)
2026-08-19,PSR92,BWM01,46667,kg,BD-SP2KP,,,,,SP2KP Kemendag: Bawang Merah (Pasar Panorama)
2026-08-19,PSR92,GLP01,18333,kg,BD-SP2KP,,,,,SP2KP Kemendag: Gula Pasir Curah (Pasar Panorama)
2026-08-19,PSR92,GLP02,19000,kg,BD-SP2KP,,,,,SP2KP Kemendag: Gula Pasir Kemasan (Pasar Panorama)
2026-08-19,PSR92,MGR02,23000,liter,BD-SP2KP,,,,,SP2KP Kemendag: Minyak Goreng Sawit Kemasan Premium (Pasar Panorama)
2026-08-19,PSR92,DSP01,160000,kg,BD-SP2KP,,,,,SP2KP Kemendag: Daging Sapi Paha Belakang (Pasar Panorama)
2026-08-19,PSR92,CMR02,53333,kg,BD-SP2KP,,,,,SP2KP Kemendag: Cabai Merah Keriting (Pasar Panorama)
2026-08-19,PSR92,TLR01,30400,kg,BD-SP2KP,,,,,SP2KP Kemendag: Telur Ayam Ras (Pasar Panorama)
2026-08-19,PSR92,DAY01,45000,kg,BD-SP2KP,,,,,SP2KP Kemendag: Daging Ayam Ras (Pasar Panorama)
2026-08-19,PSR92,BWP01,48333,kg,BD-SP2KP,,,,,SP2KP Kemendag: Bawang Putih Honan (Pasar Panorama)
2026-08-19,PSR92,BRS05,16750,kg,BD-SP2KP,,,,,SP2KP Kemendag: Beras Premium (Pasar Panorama)
2026-08-19,PSR92,BRS03,14625,kg,BD-SP2KP,,,,,SP2KP Kemendag: Beras Medium (Pasar Panorama)
2026-08-19,PSR92,DSP02,160000,kg,BD-SP2KP,,,,,SP2KP Kemendag: Daging Sapi Paha Depan (Pasar Panorama)
2026-08-19,PSR92,CMR01,35000,kg,BD-SP2KP,,,,,SP2KP Kemendag: Cabai Merah Besar (Pasar Panorama)
2026-08-20,PSR91,CRW02,60000,kg,BD-SP2KP,,,,,SP2KP Kemendag: Cabai Rawit Merah (Pasar Kepahiang)
2026-08-20,PSR91,CRW01,50000,kg,BD-SP2KP,,,,,SP2KP Kemendag: Cabai Rawit Hijau (Pasar Kepahiang)
2026-08-20,PSR91,BWM01,32000,kg,BD-SP2KP,,,,,SP2KP Kemendag: Bawang Merah (Pasar Kepahiang)
2026-08-20,PSR91,GLP01,18500,kg,BD-SP2KP,,,,,SP2KP Kemendag: Gula Pasir Curah (Pasar Kepahiang)
2026-08-20,PSR91,GLP02,19000,kg,BD-SP2KP,,,,,SP2KP Kemendag: Gula Pasir Kemasan (Pasar Kepahiang)
2026-08-20,PSR91,MGR02,23000,liter,BD-SP2KP,,,,,SP2KP Kemendag: Minyak Goreng Sawit Kemasan Premium (Pasar Kepahiang)
2026-08-20,PSR91,DSP01,140000,kg,BD-SP2KP,,,,,SP2KP Kemendag: Daging Sapi Paha Belakang (Pasar Kepahiang)
2026-08-20,PSR91,CMR02,40000,kg,BD-SP2KP,,,,,SP2KP Kemendag: Cabai Merah Keriting (Pasar Kepahiang)
2026-08-20,PSR91,TLR01,27750,kg,BD-SP2KP,,,,,SP2KP Kemendag: Telur Ayam Ras (Pasar Kepahiang)
2026-08-20,PSR91,DAY01,47000,kg,BD-SP2KP,,,,,SP2KP Kemendag: Daging Ayam Ras (Pasar Kepahiang)
2026-08-20,PSR91,BWP01,35000,kg,BD-SP2KP,,,,,SP2KP Kemendag: Bawang Putih Honan (Pasar Kepahiang)
2026-08-20,PSR91,BRS05,15550,kg,BD-SP2KP,,,,,SP2KP Kemendag: Beras Premium (Pasar Kepahiang)
2026-08-20,PSR91,BRS03,14000,kg,BD-SP2KP,,,,,SP2KP Kemendag: Beras Medium (Pasar Kepahiang)
2026-08-20,PSR91,DSP02,140000,kg,BD-SP2KP,,,,,SP2KP Kemendag: Daging Sapi Paha Depan (Pasar Kepahiang)
2026-08-20,PSR91,CMR01,35000,kg,BD-SP2KP,,,,,SP2KP Kemendag: Cabai Merah Besar (Pasar Kepahiang)
2026-08-20,PSR01,CRW02,60000,kg,BD-SP2KP,,,,,SP2KP Kemendag: Cabai Rawit Merah (Pasar Taba Penanjung)
2026-08-20,PSR01,CRW01,55000,kg,BD-SP2KP,,,,,SP2KP Kemendag: Cabai Rawit Hijau (Pasar Taba Penanjung)
2026-08-20,PSR01,BWM01,30000,kg,BD-SP2KP,,,,,SP2KP Kemendag: Bawang Merah (Pasar Taba Penanjung)
2026-08-20,PSR01,GLP01,18000,kg,BD-SP2KP,,,,,SP2KP Kemendag: Gula Pasir Curah (Pasar Taba Penanjung)
2026-08-20,PSR01,GLP02,18000,kg,BD-SP2KP,,,,,SP2KP Kemendag: Gula Pasir Kemasan (Pasar Taba Penanjung)
2026-08-20,PSR01,MGR02,23000,liter,BD-SP2KP,,,,,SP2KP Kemendag: Minyak Goreng Sawit Kemasan Premium (Pasar Taba Penanjung)
2026-08-20,PSR01,DSP01,160000,kg,BD-SP2KP,,,,,SP2KP Kemendag: Daging Sapi Paha Belakang (Pasar Taba Penanjung)
2026-08-20,PSR01,CMR02,40000,kg,BD-SP2KP,,,,,SP2KP Kemendag: Cabai Merah Keriting (Pasar Taba Penanjung)
2026-08-20,PSR01,TLR01,26600,kg,BD-SP2KP,,,,,SP2KP Kemendag: Telur Ayam Ras (Pasar Taba Penanjung)
2026-08-20,PSR01,DAY01,40000,kg,BD-SP2KP,,,,,SP2KP Kemendag: Daging Ayam Ras (Pasar Taba Penanjung)
2026-08-20,PSR01,BWP01,34000,kg,BD-SP2KP,,,,,SP2KP Kemendag: Bawang Putih Honan (Pasar Taba Penanjung)
2026-08-20,PSR01,BRS05,16500,kg,BD-SP2KP,,,,,SP2KP Kemendag: Beras Premium (Pasar Taba Penanjung)
2026-08-20,PSR01,BRS03,13750,kg,BD-SP2KP,,,,,SP2KP Kemendag: Beras Medium (Pasar Taba Penanjung)
2026-08-20,PSR01,DSP02,160000,kg,BD-SP2KP,,,,,SP2KP Kemendag: Daging Sapi Paha Depan (Pasar Taba Penanjung)
2026-08-20,PSR01,CMR01,35000,kg,BD-SP2KP,,,,,SP2KP Kemendag: Cabai Merah Besar (Pasar Taba Penanjung)
2026-08-20,PSR92,CRW02,76667,kg,BD-SP2KP,,,,,SP2KP Kemendag: Cabai Rawit Merah (Pasar Panorama)
2026-08-20,PSR92,CRW01,68333,kg,BD-SP2KP,,,,,SP2KP Kemendag: Cabai Rawit Hijau (Pasar Panorama)
2026-08-20,PSR92,BWM01,46667,kg,BD-SP2KP,,,,,SP2KP Kemendag: Bawang Merah (Pasar Panorama)
2026-08-20,PSR92,GLP01,18333,kg,BD-SP2KP,,,,,SP2KP Kemendag: Gula Pasir Curah (Pasar Panorama)
2026-08-20,PSR92,GLP02,19000,kg,BD-SP2KP,,,,,SP2KP Kemendag: Gula Pasir Kemasan (Pasar Panorama)
2026-08-20,PSR92,MGR02,23000,liter,BD-SP2KP,,,,,SP2KP Kemendag: Minyak Goreng Sawit Kemasan Premium (Pasar Panorama)
2026-08-20,PSR92,DSP01,160000,kg,BD-SP2KP,,,,,SP2KP Kemendag: Daging Sapi Paha Belakang (Pasar Panorama)
2026-08-20,PSR92,CMR02,53333,kg,BD-SP2KP,,,,,SP2KP Kemendag: Cabai Merah Keriting (Pasar Panorama)
2026-08-20,PSR92,TLR01,30400,kg,BD-SP2KP,,,,,SP2KP Kemendag: Telur Ayam Ras (Pasar Panorama)
2026-08-20,PSR92,DAY01,45000,kg,BD-SP2KP,,,,,SP2KP Kemendag: Daging Ayam Ras (Pasar Panorama)
2026-08-20,PSR92,BWP01,48333,kg,BD-SP2KP,,,,,SP2KP Kemendag: Bawang Putih Honan (Pasar Panorama)
2026-08-20,PSR92,BRS05,16750,kg,BD-SP2KP,,,,,SP2KP Kemendag: Beras Premium (Pasar Panorama)
2026-08-20,PSR92,BRS03,14625,kg,BD-SP2KP,,,,,SP2KP Kemendag: Beras Medium (Pasar Panorama)
2026-08-20,PSR92,DSP02,160000,kg,BD-SP2KP,,,,,SP2KP Kemendag: Daging Sapi Paha Depan (Pasar Panorama)
2026-08-20,PSR92,CMR01,35000,kg,BD-SP2KP,,,,,SP2KP Kemendag: Cabai Merah Besar (Pasar Panorama)
2026-08-21,PSR91,CRW02,60000,kg,BD-SP2KP,,,,,SP2KP Kemendag: Cabai Rawit Merah (Pasar Kepahiang)
2026-08-21,PSR91,CRW01,50000,kg,BD-SP2KP,,,,,SP2KP Kemendag: Cabai Rawit Hijau (Pasar Kepahiang)
2026-08-21,PSR91,BWM01,32000,kg,BD-SP2KP,,,,,SP2KP Kemendag: Bawang Merah (Pasar Kepahiang)
2026-08-21,PSR91,GLP01,18500,kg,BD-SP2KP,,,,,SP2KP Kemendag: Gula Pasir Curah (Pasar Kepahiang)
2026-08-21,PSR91,GLP02,19000,kg,BD-SP2KP,,,,,SP2KP Kemendag: Gula Pasir Kemasan (Pasar Kepahiang)
2026-08-21,PSR91,MGR02,23000,liter,BD-SP2KP,,,,,SP2KP Kemendag: Minyak Goreng Sawit Kemasan Premium (Pasar Kepahiang)
2026-08-21,PSR91,DSP01,140000,kg,BD-SP2KP,,,,,SP2KP Kemendag: Daging Sapi Paha Belakang (Pasar Kepahiang)
2026-08-21,PSR91,CMR02,35000,kg,BD-SP2KP,,,,,SP2KP Kemendag: Cabai Merah Keriting (Pasar Kepahiang)
2026-08-21,PSR91,TLR01,26600,kg,BD-SP2KP,,,,,SP2KP Kemendag: Telur Ayam Ras (Pasar Kepahiang)
2026-08-21,PSR91,DAY01,47000,kg,BD-SP2KP,,,,,SP2KP Kemendag: Daging Ayam Ras (Pasar Kepahiang)
2026-08-21,PSR91,BWP01,35000,kg,BD-SP2KP,,,,,SP2KP Kemendag: Bawang Putih Honan (Pasar Kepahiang)
2026-08-21,PSR91,BRS05,15550,kg,BD-SP2KP,,,,,SP2KP Kemendag: Beras Premium (Pasar Kepahiang)
2026-08-21,PSR91,BRS03,14000,kg,BD-SP2KP,,,,,SP2KP Kemendag: Beras Medium (Pasar Kepahiang)
2026-08-21,PSR91,DSP02,140000,kg,BD-SP2KP,,,,,SP2KP Kemendag: Daging Sapi Paha Depan (Pasar Kepahiang)
2026-08-21,PSR91,CMR01,33000,kg,BD-SP2KP,,,,,SP2KP Kemendag: Cabai Merah Besar (Pasar Kepahiang)
2026-08-21,PSR01,CRW02,60000,kg,BD-SP2KP,,,,,SP2KP Kemendag: Cabai Rawit Merah (Pasar Taba Penanjung)
2026-08-21,PSR01,CRW01,55000,kg,BD-SP2KP,,,,,SP2KP Kemendag: Cabai Rawit Hijau (Pasar Taba Penanjung)
2026-08-21,PSR01,BWM01,30000,kg,BD-SP2KP,,,,,SP2KP Kemendag: Bawang Merah (Pasar Taba Penanjung)
2026-08-21,PSR01,GLP01,18000,kg,BD-SP2KP,,,,,SP2KP Kemendag: Gula Pasir Curah (Pasar Taba Penanjung)
2026-08-21,PSR01,GLP02,18000,kg,BD-SP2KP,,,,,SP2KP Kemendag: Gula Pasir Kemasan (Pasar Taba Penanjung)
2026-08-21,PSR01,MGR02,23000,liter,BD-SP2KP,,,,,SP2KP Kemendag: Minyak Goreng Sawit Kemasan Premium (Pasar Taba Penanjung)
2026-08-21,PSR01,DSP01,160000,kg,BD-SP2KP,,,,,SP2KP Kemendag: Daging Sapi Paha Belakang (Pasar Taba Penanjung)
2026-08-21,PSR01,CMR02,40000,kg,BD-SP2KP,,,,,SP2KP Kemendag: Cabai Merah Keriting (Pasar Taba Penanjung)
2026-08-21,PSR01,TLR01,26600,kg,BD-SP2KP,,,,,SP2KP Kemendag: Telur Ayam Ras (Pasar Taba Penanjung)
2026-08-21,PSR01,DAY01,40000,kg,BD-SP2KP,,,,,SP2KP Kemendag: Daging Ayam Ras (Pasar Taba Penanjung)
2026-08-21,PSR01,BWP01,34000,kg,BD-SP2KP,,,,,SP2KP Kemendag: Bawang Putih Honan (Pasar Taba Penanjung)
2026-08-21,PSR01,BRS05,16500,kg,BD-SP2KP,,,,,SP2KP Kemendag: Beras Premium (Pasar Taba Penanjung)
2026-08-21,PSR01,BRS03,13750,kg,BD-SP2KP,,,,,SP2KP Kemendag: Beras Medium (Pasar Taba Penanjung)
2026-08-21,PSR01,DSP02,160000,kg,BD-SP2KP,,,,,SP2KP Kemendag: Daging Sapi Paha Depan (Pasar Taba Penanjung)
2026-08-21,PSR01,CMR01,35000,kg,BD-SP2KP,,,,,SP2KP Kemendag: Cabai Merah Besar (Pasar Taba Penanjung)
2026-08-21,PSR92,CRW02,70000,kg,BD-SP2KP,,,,,SP2KP Kemendag: Cabai Rawit Merah (Pasar Panorama)
2026-08-21,PSR92,CRW01,68333,kg,BD-SP2KP,,,,,SP2KP Kemendag: Cabai Rawit Hijau (Pasar Panorama)
2026-08-21,PSR92,BWM01,45000,kg,BD-SP2KP,,,,,SP2KP Kemendag: Bawang Merah (Pasar Panorama)
2026-08-21,PSR92,GLP01,18333,kg,BD-SP2KP,,,,,SP2KP Kemendag: Gula Pasir Curah (Pasar Panorama)
2026-08-21,PSR92,GLP02,19000,kg,BD-SP2KP,,,,,SP2KP Kemendag: Gula Pasir Kemasan (Pasar Panorama)
2026-08-21,PSR92,MGR02,23000,liter,BD-SP2KP,,,,,SP2KP Kemendag: Minyak Goreng Sawit Kemasan Premium (Pasar Panorama)
2026-08-21,PSR92,DSP01,160000,kg,BD-SP2KP,,,,,SP2KP Kemendag: Daging Sapi Paha Belakang (Pasar Panorama)
2026-08-21,PSR92,CMR02,51667,kg,BD-SP2KP,,,,,SP2KP Kemendag: Cabai Merah Keriting (Pasar Panorama)
2026-08-21,PSR92,TLR01,30400,kg,BD-SP2KP,,,,,SP2KP Kemendag: Telur Ayam Ras (Pasar Panorama)
2026-08-21,PSR92,DAY01,48000,kg,BD-SP2KP,,,,,SP2KP Kemendag: Daging Ayam Ras (Pasar Panorama)
2026-08-21,PSR92,BWP01,46667,kg,BD-SP2KP,,,,,SP2KP Kemendag: Bawang Putih Honan (Pasar Panorama)
2026-08-21,PSR92,BRS05,16750,kg,BD-SP2KP,,,,,SP2KP Kemendag: Beras Premium (Pasar Panorama)
2026-08-21,PSR92,BRS03,14625,kg,BD-SP2KP,,,,,SP2KP Kemendag: Beras Medium (Pasar Panorama)
2026-08-21,PSR92,DSP02,160000,kg,BD-SP2KP,,,,,SP2KP Kemendag: Daging Sapi Paha Depan (Pasar Panorama)
2026-08-21,PSR92,CMR01,35000,kg,BD-SP2KP,,,,,SP2KP Kemendag: Cabai Merah Besar (Pasar Panorama)
2026-08-24,PSR91,CRW02,60000,kg,BD-SP2KP,,,,,SP2KP Kemendag: Cabai Rawit Merah (Pasar Kepahiang)
2026-08-24,PSR91,CRW01,50000,kg,BD-SP2KP,,,,,SP2KP Kemendag: Cabai Rawit Hijau (Pasar Kepahiang)
2026-08-24,PSR91,BWM01,32000,kg,BD-SP2KP,,,,,SP2KP Kemendag: Bawang Merah (Pasar Kepahiang)
2026-08-24,PSR91,GLP01,18500,kg,BD-SP2KP,,,,,SP2KP Kemendag: Gula Pasir Curah (Pasar Kepahiang)
2026-08-24,PSR91,GLP02,19000,kg,BD-SP2KP,,,,,SP2KP Kemendag: Gula Pasir Kemasan (Pasar Kepahiang)
2026-08-24,PSR91,MGR02,23000,liter,BD-SP2KP,,,,,SP2KP Kemendag: Minyak Goreng Sawit Kemasan Premium (Pasar Kepahiang)
2026-08-24,PSR91,DSP01,140000,kg,BD-SP2KP,,,,,SP2KP Kemendag: Daging Sapi Paha Belakang (Pasar Kepahiang)
2026-08-24,PSR91,CMR02,35000,kg,BD-SP2KP,,,,,SP2KP Kemendag: Cabai Merah Keriting (Pasar Kepahiang)
2026-08-24,PSR91,TLR01,26600,kg,BD-SP2KP,,,,,SP2KP Kemendag: Telur Ayam Ras (Pasar Kepahiang)
2026-08-24,PSR91,DAY01,46000,kg,BD-SP2KP,,,,,SP2KP Kemendag: Daging Ayam Ras (Pasar Kepahiang)
2026-08-24,PSR91,BWP01,33000,kg,BD-SP2KP,,,,,SP2KP Kemendag: Bawang Putih Honan (Pasar Kepahiang)
2026-08-24,PSR91,BRS05,15550,kg,BD-SP2KP,,,,,SP2KP Kemendag: Beras Premium (Pasar Kepahiang)
2026-08-24,PSR91,BRS03,14000,kg,BD-SP2KP,,,,,SP2KP Kemendag: Beras Medium (Pasar Kepahiang)
2026-08-24,PSR91,DSP02,140000,kg,BD-SP2KP,,,,,SP2KP Kemendag: Daging Sapi Paha Depan (Pasar Kepahiang)
2026-08-24,PSR91,CMR01,32000,kg,BD-SP2KP,,,,,SP2KP Kemendag: Cabai Merah Besar (Pasar Kepahiang)
2026-08-24,PSR01,CRW02,60000,kg,BD-SP2KP,,,,,SP2KP Kemendag: Cabai Rawit Merah (Pasar Taba Penanjung)
2026-08-24,PSR01,CRW01,55000,kg,BD-SP2KP,,,,,SP2KP Kemendag: Cabai Rawit Hijau (Pasar Taba Penanjung)
2026-08-24,PSR01,BWM01,30000,kg,BD-SP2KP,,,,,SP2KP Kemendag: Bawang Merah (Pasar Taba Penanjung)
2026-08-24,PSR01,GLP01,18000,kg,BD-SP2KP,,,,,SP2KP Kemendag: Gula Pasir Curah (Pasar Taba Penanjung)
2026-08-24,PSR01,GLP02,18000,kg,BD-SP2KP,,,,,SP2KP Kemendag: Gula Pasir Kemasan (Pasar Taba Penanjung)
2026-08-24,PSR01,MGR02,23000,liter,BD-SP2KP,,,,,SP2KP Kemendag: Minyak Goreng Sawit Kemasan Premium (Pasar Taba Penanjung)
2026-08-24,PSR01,DSP01,160000,kg,BD-SP2KP,,,,,SP2KP Kemendag: Daging Sapi Paha Belakang (Pasar Taba Penanjung)
2026-08-24,PSR01,CMR02,40000,kg,BD-SP2KP,,,,,SP2KP Kemendag: Cabai Merah Keriting (Pasar Taba Penanjung)
2026-08-24,PSR01,TLR01,26600,kg,BD-SP2KP,,,,,SP2KP Kemendag: Telur Ayam Ras (Pasar Taba Penanjung)
2026-08-24,PSR01,DAY01,40000,kg,BD-SP2KP,,,,,SP2KP Kemendag: Daging Ayam Ras (Pasar Taba Penanjung)
2026-08-24,PSR01,BWP01,34000,kg,BD-SP2KP,,,,,SP2KP Kemendag: Bawang Putih Honan (Pasar Taba Penanjung)
2026-08-24,PSR01,BRS05,16500,kg,BD-SP2KP,,,,,SP2KP Kemendag: Beras Premium (Pasar Taba Penanjung)
2026-08-24,PSR01,BRS03,13750,kg,BD-SP2KP,,,,,SP2KP Kemendag: Beras Medium (Pasar Taba Penanjung)
2026-08-24,PSR01,DSP02,160000,kg,BD-SP2KP,,,,,SP2KP Kemendag: Daging Sapi Paha Depan (Pasar Taba Penanjung)
2026-08-24,PSR01,CMR01,35000,kg,BD-SP2KP,,,,,SP2KP Kemendag: Cabai Merah Besar (Pasar Taba Penanjung)
2026-08-24,PSR92,CRW02,70000,kg,BD-SP2KP,,,,,SP2KP Kemendag: Cabai Rawit Merah (Pasar Panorama)
2026-08-24,PSR92,CRW01,68333,kg,BD-SP2KP,,,,,SP2KP Kemendag: Cabai Rawit Hijau (Pasar Panorama)
2026-08-24,PSR92,BWM01,45000,kg,BD-SP2KP,,,,,SP2KP Kemendag: Bawang Merah (Pasar Panorama)
2026-08-24,PSR92,GLP01,18333,kg,BD-SP2KP,,,,,SP2KP Kemendag: Gula Pasir Curah (Pasar Panorama)
2026-08-24,PSR92,GLP02,19000,kg,BD-SP2KP,,,,,SP2KP Kemendag: Gula Pasir Kemasan (Pasar Panorama)
2026-08-24,PSR92,MGR02,23000,liter,BD-SP2KP,,,,,SP2KP Kemendag: Minyak Goreng Sawit Kemasan Premium (Pasar Panorama)
2026-08-24,PSR92,DSP01,160000,kg,BD-SP2KP,,,,,SP2KP Kemendag: Daging Sapi Paha Belakang (Pasar Panorama)
2026-08-24,PSR92,CMR02,48333,kg,BD-SP2KP,,,,,SP2KP Kemendag: Cabai Merah Keriting (Pasar Panorama)
2026-08-24,PSR92,TLR01,30400,kg,BD-SP2KP,,,,,SP2KP Kemendag: Telur Ayam Ras (Pasar Panorama)
2026-08-24,PSR92,DAY01,48000,kg,BD-SP2KP,,,,,SP2KP Kemendag: Daging Ayam Ras (Pasar Panorama)
2026-08-24,PSR92,BWP01,46667,kg,BD-SP2KP,,,,,SP2KP Kemendag: Bawang Putih Honan (Pasar Panorama)
2026-08-24,PSR92,BRS05,16750,kg,BD-SP2KP,,,,,SP2KP Kemendag: Beras Premium (Pasar Panorama)
2026-08-24,PSR92,BRS03,14625,kg,BD-SP2KP,,,,,SP2KP Kemendag: Beras Medium (Pasar Panorama)
2026-08-24,PSR92,DSP02,160000,kg,BD-SP2KP,,,,,SP2KP Kemendag: Daging Sapi Paha Depan (Pasar Panorama)
2026-08-24,PSR92,CMR01,35000,kg,BD-SP2KP,,,,,SP2KP Kemendag: Cabai Merah Besar (Pasar Panorama)
2026-08-26,PSR91,CRW02,60000,kg,BD-SP2KP,,,,,SP2KP Kemendag: Cabai Rawit Merah (Pasar Kepahiang)
2026-08-26,PSR91,CRW01,50000,kg,BD-SP2KP,,,,,SP2KP Kemendag: Cabai Rawit Hijau (Pasar Kepahiang)
2026-08-26,PSR91,BWM01,30000,kg,BD-SP2KP,,,,,SP2KP Kemendag: Bawang Merah (Pasar Kepahiang)
2026-08-26,PSR91,GLP01,18500,kg,BD-SP2KP,,,,,SP2KP Kemendag: Gula Pasir Curah (Pasar Kepahiang)
2026-08-26,PSR91,GLP02,19000,kg,BD-SP2KP,,,,,SP2KP Kemendag: Gula Pasir Kemasan (Pasar Kepahiang)
2026-08-26,PSR91,MGR02,23000,liter,BD-SP2KP,,,,,SP2KP Kemendag: Minyak Goreng Sawit Kemasan Premium (Pasar Kepahiang)
2026-08-26,PSR91,DSP01,140000,kg,BD-SP2KP,,,,,SP2KP Kemendag: Daging Sapi Paha Belakang (Pasar Kepahiang)
2026-08-26,PSR91,CMR02,35000,kg,BD-SP2KP,,,,,SP2KP Kemendag: Cabai Merah Keriting (Pasar Kepahiang)
2026-08-26,PSR91,TLR01,26600,kg,BD-SP2KP,,,,,SP2KP Kemendag: Telur Ayam Ras (Pasar Kepahiang)
2026-08-26,PSR91,DAY01,46000,kg,BD-SP2KP,,,,,SP2KP Kemendag: Daging Ayam Ras (Pasar Kepahiang)
2026-08-26,PSR91,BWP01,33000,kg,BD-SP2KP,,,,,SP2KP Kemendag: Bawang Putih Honan (Pasar Kepahiang)
2026-08-26,PSR91,BRS05,15550,kg,BD-SP2KP,,,,,SP2KP Kemendag: Beras Premium (Pasar Kepahiang)
2026-08-26,PSR91,BRS03,14000,kg,BD-SP2KP,,,,,SP2KP Kemendag: Beras Medium (Pasar Kepahiang)
2026-08-26,PSR91,DSP02,140000,kg,BD-SP2KP,,,,,SP2KP Kemendag: Daging Sapi Paha Depan (Pasar Kepahiang)
2026-08-26,PSR91,CMR01,32000,kg,BD-SP2KP,,,,,SP2KP Kemendag: Cabai Merah Besar (Pasar Kepahiang)
2026-08-26,PSR01,CRW02,60000,kg,BD-SP2KP,,,,,SP2KP Kemendag: Cabai Rawit Merah (Pasar Taba Penanjung)
2026-08-26,PSR01,CRW01,55000,kg,BD-SP2KP,,,,,SP2KP Kemendag: Cabai Rawit Hijau (Pasar Taba Penanjung)
2026-08-26,PSR01,BWM01,30000,kg,BD-SP2KP,,,,,SP2KP Kemendag: Bawang Merah (Pasar Taba Penanjung)
2026-08-26,PSR01,GLP01,18000,kg,BD-SP2KP,,,,,SP2KP Kemendag: Gula Pasir Curah (Pasar Taba Penanjung)
2026-08-26,PSR01,GLP02,18000,kg,BD-SP2KP,,,,,SP2KP Kemendag: Gula Pasir Kemasan (Pasar Taba Penanjung)
2026-08-26,PSR01,MGR02,23000,liter,BD-SP2KP,,,,,SP2KP Kemendag: Minyak Goreng Sawit Kemasan Premium (Pasar Taba Penanjung)
2026-08-26,PSR01,DSP01,160000,kg,BD-SP2KP,,,,,SP2KP Kemendag: Daging Sapi Paha Belakang (Pasar Taba Penanjung)
2026-08-26,PSR01,CMR02,40000,kg,BD-SP2KP,,,,,SP2KP Kemendag: Cabai Merah Keriting (Pasar Taba Penanjung)
2026-08-26,PSR01,TLR01,26600,kg,BD-SP2KP,,,,,SP2KP Kemendag: Telur Ayam Ras (Pasar Taba Penanjung)
2026-08-26,PSR01,DAY01,40000,kg,BD-SP2KP,,,,,SP2KP Kemendag: Daging Ayam Ras (Pasar Taba Penanjung)
2026-08-26,PSR01,BWP01,34000,kg,BD-SP2KP,,,,,SP2KP Kemendag: Bawang Putih Honan (Pasar Taba Penanjung)
2026-08-26,PSR01,BRS05,16500,kg,BD-SP2KP,,,,,SP2KP Kemendag: Beras Premium (Pasar Taba Penanjung)
2026-08-26,PSR01,BRS03,13750,kg,BD-SP2KP,,,,,SP2KP Kemendag: Beras Medium (Pasar Taba Penanjung)
2026-08-26,PSR01,DSP02,160000,kg,BD-SP2KP,,,,,SP2KP Kemendag: Daging Sapi Paha Depan (Pasar Taba Penanjung)
2026-08-26,PSR01,CMR01,35000,kg,BD-SP2KP,,,,,SP2KP Kemendag: Cabai Merah Besar (Pasar Taba Penanjung)
2026-08-26,PSR92,CRW02,70000,kg,BD-SP2KP,,,,,SP2KP Kemendag: Cabai Rawit Merah (Pasar Panorama)
2026-08-26,PSR92,CRW01,68333,kg,BD-SP2KP,,,,,SP2KP Kemendag: Cabai Rawit Hijau (Pasar Panorama)
2026-08-26,PSR92,BWM01,45000,kg,BD-SP2KP,,,,,SP2KP Kemendag: Bawang Merah (Pasar Panorama)
2026-08-26,PSR92,GLP01,18333,kg,BD-SP2KP,,,,,SP2KP Kemendag: Gula Pasir Curah (Pasar Panorama)
2026-08-26,PSR92,GLP02,19000,kg,BD-SP2KP,,,,,SP2KP Kemendag: Gula Pasir Kemasan (Pasar Panorama)
2026-08-26,PSR92,MGR02,23000,liter,BD-SP2KP,,,,,SP2KP Kemendag: Minyak Goreng Sawit Kemasan Premium (Pasar Panorama)
2026-08-26,PSR92,DSP01,160000,kg,BD-SP2KP,,,,,SP2KP Kemendag: Daging Sapi Paha Belakang (Pasar Panorama)
2026-08-26,PSR92,CMR02,48333,kg,BD-SP2KP,,,,,SP2KP Kemendag: Cabai Merah Keriting (Pasar Panorama)
2026-08-26,PSR92,TLR01,30400,kg,BD-SP2KP,,,,,SP2KP Kemendag: Telur Ayam Ras (Pasar Panorama)
2026-08-26,PSR92,DAY01,48000,kg,BD-SP2KP,,,,,SP2KP Kemendag: Daging Ayam Ras (Pasar Panorama)
2026-08-26,PSR92,BWP01,46667,kg,BD-SP2KP,,,,,SP2KP Kemendag: Bawang Putih Honan (Pasar Panorama)
2026-08-26,PSR92,BRS05,16750,kg,BD-SP2KP,,,,,SP2KP Kemendag: Beras Premium (Pasar Panorama)
2026-08-26,PSR92,BRS03,14625,kg,BD-SP2KP,,,,,SP2KP Kemendag: Beras Medium (Pasar Panorama)
2026-08-26,PSR92,DSP02,160000,kg,BD-SP2KP,,,,,SP2KP Kemendag: Daging Sapi Paha Depan (Pasar Panorama)
2026-08-26,PSR92,CMR01,35000,kg,BD-SP2KP,,,,,SP2KP Kemendag: Cabai Merah Besar (Pasar Panorama)
2026-08-27,PSR91,CRW02,60000,kg,BD-SP2KP,,,,,SP2KP Kemendag: Cabai Rawit Merah (Pasar Kepahiang)
2026-08-27,PSR91,CRW01,50000,kg,BD-SP2KP,,,,,SP2KP Kemendag: Cabai Rawit Hijau (Pasar Kepahiang)
2026-08-27,PSR91,BWM01,30000,kg,BD-SP2KP,,,,,SP2KP Kemendag: Bawang Merah (Pasar Kepahiang)
2026-08-27,PSR91,GLP01,18500,kg,BD-SP2KP,,,,,SP2KP Kemendag: Gula Pasir Curah (Pasar Kepahiang)
2026-08-27,PSR91,GLP02,19000,kg,BD-SP2KP,,,,,SP2KP Kemendag: Gula Pasir Kemasan (Pasar Kepahiang)
2026-08-27,PSR91,MGR02,23000,liter,BD-SP2KP,,,,,SP2KP Kemendag: Minyak Goreng Sawit Kemasan Premium (Pasar Kepahiang)
2026-08-27,PSR91,DSP01,140000,kg,BD-SP2KP,,,,,SP2KP Kemendag: Daging Sapi Paha Belakang (Pasar Kepahiang)
2026-08-27,PSR91,CMR02,35000,kg,BD-SP2KP,,,,,SP2KP Kemendag: Cabai Merah Keriting (Pasar Kepahiang)
2026-08-27,PSR91,TLR01,26600,kg,BD-SP2KP,,,,,SP2KP Kemendag: Telur Ayam Ras (Pasar Kepahiang)
2026-08-27,PSR91,DAY01,46000,kg,BD-SP2KP,,,,,SP2KP Kemendag: Daging Ayam Ras (Pasar Kepahiang)
2026-08-27,PSR91,BWP01,33000,kg,BD-SP2KP,,,,,SP2KP Kemendag: Bawang Putih Honan (Pasar Kepahiang)
2026-08-27,PSR91,BRS05,15550,kg,BD-SP2KP,,,,,SP2KP Kemendag: Beras Premium (Pasar Kepahiang)
2026-08-27,PSR91,BRS03,14000,kg,BD-SP2KP,,,,,SP2KP Kemendag: Beras Medium (Pasar Kepahiang)
2026-08-27,PSR91,DSP02,140000,kg,BD-SP2KP,,,,,SP2KP Kemendag: Daging Sapi Paha Depan (Pasar Kepahiang)
2026-08-27,PSR91,CMR01,32000,kg,BD-SP2KP,,,,,SP2KP Kemendag: Cabai Merah Besar (Pasar Kepahiang)
2026-08-27,PSR01,CRW02,60000,kg,BD-SP2KP,,,,,SP2KP Kemendag: Cabai Rawit Merah (Pasar Taba Penanjung)
2026-08-27,PSR01,CRW01,60000,kg,BD-SP2KP,,,,,SP2KP Kemendag: Cabai Rawit Hijau (Pasar Taba Penanjung)
2026-08-27,PSR01,BWM01,30000,kg,BD-SP2KP,,,,,SP2KP Kemendag: Bawang Merah (Pasar Taba Penanjung)
2026-08-27,PSR01,GLP01,18000,kg,BD-SP2KP,,,,,SP2KP Kemendag: Gula Pasir Curah (Pasar Taba Penanjung)
2026-08-27,PSR01,GLP02,18000,kg,BD-SP2KP,,,,,SP2KP Kemendag: Gula Pasir Kemasan (Pasar Taba Penanjung)
2026-08-27,PSR01,MGR02,23000,liter,BD-SP2KP,,,,,SP2KP Kemendag: Minyak Goreng Sawit Kemasan Premium (Pasar Taba Penanjung)
2026-08-27,PSR01,DSP01,160000,kg,BD-SP2KP,,,,,SP2KP Kemendag: Daging Sapi Paha Belakang (Pasar Taba Penanjung)
2026-08-27,PSR01,CMR02,40000,kg,BD-SP2KP,,,,,SP2KP Kemendag: Cabai Merah Keriting (Pasar Taba Penanjung)
2026-08-27,PSR01,TLR01,25600,kg,BD-SP2KP,,,,,SP2KP Kemendag: Telur Ayam Ras (Pasar Taba Penanjung)
2026-08-27,PSR01,DAY01,40000,kg,BD-SP2KP,,,,,SP2KP Kemendag: Daging Ayam Ras (Pasar Taba Penanjung)
2026-08-27,PSR01,BWP01,33000,kg,BD-SP2KP,,,,,SP2KP Kemendag: Bawang Putih Honan (Pasar Taba Penanjung)
2026-08-27,PSR01,BRS05,16500,kg,BD-SP2KP,,,,,SP2KP Kemendag: Beras Premium (Pasar Taba Penanjung)
2026-08-27,PSR01,BRS03,13750,kg,BD-SP2KP,,,,,SP2KP Kemendag: Beras Medium (Pasar Taba Penanjung)
2026-08-27,PSR01,DSP02,160000,kg,BD-SP2KP,,,,,SP2KP Kemendag: Daging Sapi Paha Depan (Pasar Taba Penanjung)
2026-08-27,PSR01,CMR01,35000,kg,BD-SP2KP,,,,,SP2KP Kemendag: Cabai Merah Besar (Pasar Taba Penanjung)
2026-08-27,PSR92,CRW02,70000,kg,BD-SP2KP,,,,,SP2KP Kemendag: Cabai Rawit Merah (Pasar Panorama)
2026-08-27,PSR92,CRW01,68333,kg,BD-SP2KP,,,,,SP2KP Kemendag: Cabai Rawit Hijau (Pasar Panorama)
2026-08-27,PSR92,BWM01,45000,kg,BD-SP2KP,,,,,SP2KP Kemendag: Bawang Merah (Pasar Panorama)
2026-08-27,PSR92,GLP01,18333,kg,BD-SP2KP,,,,,SP2KP Kemendag: Gula Pasir Curah (Pasar Panorama)
2026-08-27,PSR92,GLP02,19000,kg,BD-SP2KP,,,,,SP2KP Kemendag: Gula Pasir Kemasan (Pasar Panorama)
2026-08-27,PSR92,MGR02,23000,liter,BD-SP2KP,,,,,SP2KP Kemendag: Minyak Goreng Sawit Kemasan Premium (Pasar Panorama)
2026-08-27,PSR92,DSP01,160000,kg,BD-SP2KP,,,,,SP2KP Kemendag: Daging Sapi Paha Belakang (Pasar Panorama)
2026-08-27,PSR92,CMR02,48333,kg,BD-SP2KP,,,,,SP2KP Kemendag: Cabai Merah Keriting (Pasar Panorama)
2026-08-27,PSR92,TLR01,30400,kg,BD-SP2KP,,,,,SP2KP Kemendag: Telur Ayam Ras (Pasar Panorama)
2026-08-27,PSR92,DAY01,48000,kg,BD-SP2KP,,,,,SP2KP Kemendag: Daging Ayam Ras (Pasar Panorama)
2026-08-27,PSR92,BWP01,46667,kg,BD-SP2KP,,,,,SP2KP Kemendag: Bawang Putih Honan (Pasar Panorama)
2026-08-27,PSR92,BRS05,16750,kg,BD-SP2KP,,,,,SP2KP Kemendag: Beras Premium (Pasar Panorama)
2026-08-27,PSR92,BRS03,14625,kg,BD-SP2KP,,,,,SP2KP Kemendag: Beras Medium (Pasar Panorama)
2026-08-27,PSR92,DSP02,160000,kg,BD-SP2KP,,,,,SP2KP Kemendag: Daging Sapi Paha Depan (Pasar Panorama)
2026-08-27,PSR92,CMR01,35000,kg,BD-SP2KP,,,,,SP2KP Kemendag: Cabai Merah Besar (Pasar Panorama)
2026-08-28,PSR91,CRW02,60000,kg,BD-SP2KP,,,,,SP2KP Kemendag: Cabai Rawit Merah (Pasar Kepahiang)
2026-08-28,PSR91,CRW01,50000,kg,BD-SP2KP,,,,,SP2KP Kemendag: Cabai Rawit Hijau (Pasar Kepahiang)
2026-08-28,PSR91,BWM01,30000,kg,BD-SP2KP,,,,,SP2KP Kemendag: Bawang Merah (Pasar Kepahiang)
2026-08-28,PSR91,GLP01,18500,kg,BD-SP2KP,,,,,SP2KP Kemendag: Gula Pasir Curah (Pasar Kepahiang)
2026-08-28,PSR91,GLP02,19000,kg,BD-SP2KP,,,,,SP2KP Kemendag: Gula Pasir Kemasan (Pasar Kepahiang)
2026-08-28,PSR91,MGR02,23000,liter,BD-SP2KP,,,,,SP2KP Kemendag: Minyak Goreng Sawit Kemasan Premium (Pasar Kepahiang)
2026-08-28,PSR91,DSP01,140000,kg,BD-SP2KP,,,,,SP2KP Kemendag: Daging Sapi Paha Belakang (Pasar Kepahiang)
2026-08-28,PSR91,CMR02,35000,kg,BD-SP2KP,,,,,SP2KP Kemendag: Cabai Merah Keriting (Pasar Kepahiang)
2026-08-28,PSR91,TLR01,26600,kg,BD-SP2KP,,,,,SP2KP Kemendag: Telur Ayam Ras (Pasar Kepahiang)
2026-08-28,PSR91,DAY01,46000,kg,BD-SP2KP,,,,,SP2KP Kemendag: Daging Ayam Ras (Pasar Kepahiang)
2026-08-28,PSR91,BWP01,33000,kg,BD-SP2KP,,,,,SP2KP Kemendag: Bawang Putih Honan (Pasar Kepahiang)
2026-08-28,PSR91,BRS05,15550,kg,BD-SP2KP,,,,,SP2KP Kemendag: Beras Premium (Pasar Kepahiang)
2026-08-28,PSR91,BRS03,14000,kg,BD-SP2KP,,,,,SP2KP Kemendag: Beras Medium (Pasar Kepahiang)
2026-08-28,PSR91,DSP02,140000,kg,BD-SP2KP,,,,,SP2KP Kemendag: Daging Sapi Paha Depan (Pasar Kepahiang)
2026-08-28,PSR91,CMR01,32000,kg,BD-SP2KP,,,,,SP2KP Kemendag: Cabai Merah Besar (Pasar Kepahiang)
2026-08-28,PSR01,CRW02,60000,kg,BD-SP2KP,,,,,SP2KP Kemendag: Cabai Rawit Merah (Pasar Taba Penanjung)
2026-08-28,PSR01,CRW01,60000,kg,BD-SP2KP,,,,,SP2KP Kemendag: Cabai Rawit Hijau (Pasar Taba Penanjung)
2026-08-28,PSR01,BWM01,30000,kg,BD-SP2KP,,,,,SP2KP Kemendag: Bawang Merah (Pasar Taba Penanjung)
2026-08-28,PSR01,GLP01,18000,kg,BD-SP2KP,,,,,SP2KP Kemendag: Gula Pasir Curah (Pasar Taba Penanjung)
2026-08-28,PSR01,GLP02,18000,kg,BD-SP2KP,,,,,SP2KP Kemendag: Gula Pasir Kemasan (Pasar Taba Penanjung)
2026-08-28,PSR01,MGR02,23000,liter,BD-SP2KP,,,,,SP2KP Kemendag: Minyak Goreng Sawit Kemasan Premium (Pasar Taba Penanjung)
2026-08-28,PSR01,DSP01,160000,kg,BD-SP2KP,,,,,SP2KP Kemendag: Daging Sapi Paha Belakang (Pasar Taba Penanjung)
2026-08-28,PSR01,CMR02,40000,kg,BD-SP2KP,,,,,SP2KP Kemendag: Cabai Merah Keriting (Pasar Taba Penanjung)
2026-08-28,PSR01,TLR01,25600,kg,BD-SP2KP,,,,,SP2KP Kemendag: Telur Ayam Ras (Pasar Taba Penanjung)
2026-08-28,PSR01,DAY01,40000,kg,BD-SP2KP,,,,,SP2KP Kemendag: Daging Ayam Ras (Pasar Taba Penanjung)
2026-08-28,PSR01,BWP01,33000,kg,BD-SP2KP,,,,,SP2KP Kemendag: Bawang Putih Honan (Pasar Taba Penanjung)
2026-08-28,PSR01,BRS05,16500,kg,BD-SP2KP,,,,,SP2KP Kemendag: Beras Premium (Pasar Taba Penanjung)
2026-08-28,PSR01,BRS03,13750,kg,BD-SP2KP,,,,,SP2KP Kemendag: Beras Medium (Pasar Taba Penanjung)
2026-08-28,PSR01,DSP02,160000,kg,BD-SP2KP,,,,,SP2KP Kemendag: Daging Sapi Paha Depan (Pasar Taba Penanjung)
2026-08-28,PSR01,CMR01,35000,kg,BD-SP2KP,,,,,SP2KP Kemendag: Cabai Merah Besar (Pasar Taba Penanjung)
2026-08-28,PSR92,CRW02,70000,kg,BD-SP2KP,,,,,SP2KP Kemendag: Cabai Rawit Merah (Pasar Panorama)
2026-08-28,PSR92,CRW01,68333,kg,BD-SP2KP,,,,,SP2KP Kemendag: Cabai Rawit Hijau (Pasar Panorama)
2026-08-28,PSR92,BWM01,45000,kg,BD-SP2KP,,,,,SP2KP Kemendag: Bawang Merah (Pasar Panorama)
2026-08-28,PSR92,GLP01,18333,kg,BD-SP2KP,,,,,SP2KP Kemendag: Gula Pasir Curah (Pasar Panorama)
2026-08-28,PSR92,GLP02,19000,kg,BD-SP2KP,,,,,SP2KP Kemendag: Gula Pasir Kemasan (Pasar Panorama)
2026-08-28,PSR92,MGR02,23000,liter,BD-SP2KP,,,,,SP2KP Kemendag: Minyak Goreng Sawit Kemasan Premium (Pasar Panorama)
2026-08-28,PSR92,DSP01,160000,kg,BD-SP2KP,,,,,SP2KP Kemendag: Daging Sapi Paha Belakang (Pasar Panorama)
2026-08-28,PSR92,CMR02,48333,kg,BD-SP2KP,,,,,SP2KP Kemendag: Cabai Merah Keriting (Pasar Panorama)
2026-08-28,PSR92,TLR01,30400,kg,BD-SP2KP,,,,,SP2KP Kemendag: Telur Ayam Ras (Pasar Panorama)
2026-08-28,PSR92,DAY01,48000,kg,BD-SP2KP,,,,,SP2KP Kemendag: Daging Ayam Ras (Pasar Panorama)
2026-08-28,PSR92,BWP01,46667,kg,BD-SP2KP,,,,,SP2KP Kemendag: Bawang Putih Honan (Pasar Panorama)
2026-08-28,PSR92,BRS05,16750,kg,BD-SP2KP,,,,,SP2KP Kemendag: Beras Premium (Pasar Panorama)
2026-08-28,PSR92,BRS03,14625,kg,BD-SP2KP,,,,,SP2KP Kemendag: Beras Medium (Pasar Panorama)
2026-08-28,PSR92,DSP02,160000,kg,BD-SP2KP,,,,,SP2KP Kemendag: Daging Sapi Paha Depan (Pasar Panorama)
2026-08-28,PSR92,CMR01,35000,kg,BD-SP2KP,,,,,SP2KP Kemendag: Cabai Merah Besar (Pasar Panorama)
2026-08-31,PSR91,CRW02,60000,kg,BD-SP2KP,,,,,SP2KP Kemendag: Cabai Rawit Merah (Pasar Kepahiang)
2026-08-31,PSR91,CRW01,50000,kg,BD-SP2KP,,,,,SP2KP Kemendag: Cabai Rawit Hijau (Pasar Kepahiang)
2026-08-31,PSR91,BWM01,32000,kg,BD-SP2KP,,,,,SP2KP Kemendag: Bawang Merah (Pasar Kepahiang)
2026-08-31,PSR91,GLP01,18500,kg,BD-SP2KP,,,,,SP2KP Kemendag: Gula Pasir Curah (Pasar Kepahiang)
2026-08-31,PSR91,GLP02,19000,kg,BD-SP2KP,,,,,SP2KP Kemendag: Gula Pasir Kemasan (Pasar Kepahiang)
2026-08-31,PSR91,MGR02,23000,liter,BD-SP2KP,,,,,SP2KP Kemendag: Minyak Goreng Sawit Kemasan Premium (Pasar Kepahiang)
2026-08-31,PSR91,DSP01,140000,kg,BD-SP2KP,,,,,SP2KP Kemendag: Daging Sapi Paha Belakang (Pasar Kepahiang)
2026-08-31,PSR91,CMR02,45000,kg,BD-SP2KP,,,,,SP2KP Kemendag: Cabai Merah Keriting (Pasar Kepahiang)
2026-08-31,PSR91,TLR01,26600,kg,BD-SP2KP,,,,,SP2KP Kemendag: Telur Ayam Ras (Pasar Kepahiang)
2026-08-31,PSR91,DAY01,46000,kg,BD-SP2KP,,,,,SP2KP Kemendag: Daging Ayam Ras (Pasar Kepahiang)
2026-08-31,PSR91,BWP01,32000,kg,BD-SP2KP,,,,,SP2KP Kemendag: Bawang Putih Honan (Pasar Kepahiang)
2026-08-31,PSR91,BRS05,15550,kg,BD-SP2KP,,,,,SP2KP Kemendag: Beras Premium (Pasar Kepahiang)
2026-08-31,PSR91,BRS03,14000,kg,BD-SP2KP,,,,,SP2KP Kemendag: Beras Medium (Pasar Kepahiang)
2026-08-31,PSR91,DSP02,140000,kg,BD-SP2KP,,,,,SP2KP Kemendag: Daging Sapi Paha Depan (Pasar Kepahiang)
2026-08-31,PSR91,CMR01,45000,kg,BD-SP2KP,,,,,SP2KP Kemendag: Cabai Merah Besar (Pasar Kepahiang)
2026-08-31,PSR01,CRW02,60000,kg,BD-SP2KP,,,,,SP2KP Kemendag: Cabai Rawit Merah (Pasar Taba Penanjung)
2026-08-31,PSR01,CRW01,60000,kg,BD-SP2KP,,,,,SP2KP Kemendag: Cabai Rawit Hijau (Pasar Taba Penanjung)
2026-08-31,PSR01,BWM01,30000,kg,BD-SP2KP,,,,,SP2KP Kemendag: Bawang Merah (Pasar Taba Penanjung)
2026-08-31,PSR01,GLP01,18000,kg,BD-SP2KP,,,,,SP2KP Kemendag: Gula Pasir Curah (Pasar Taba Penanjung)
2026-08-31,PSR01,GLP02,18000,kg,BD-SP2KP,,,,,SP2KP Kemendag: Gula Pasir Kemasan (Pasar Taba Penanjung)
2026-08-31,PSR01,MGR02,23000,liter,BD-SP2KP,,,,,SP2KP Kemendag: Minyak Goreng Sawit Kemasan Premium (Pasar Taba Penanjung)
2026-08-31,PSR01,DSP01,160000,kg,BD-SP2KP,,,,,SP2KP Kemendag: Daging Sapi Paha Belakang (Pasar Taba Penanjung)
2026-08-31,PSR01,CMR02,40000,kg,BD-SP2KP,,,,,SP2KP Kemendag: Cabai Merah Keriting (Pasar Taba Penanjung)
2026-08-31,PSR01,TLR01,25600,kg,BD-SP2KP,,,,,SP2KP Kemendag: Telur Ayam Ras (Pasar Taba Penanjung)
2026-08-31,PSR01,DAY01,40000,kg,BD-SP2KP,,,,,SP2KP Kemendag: Daging Ayam Ras (Pasar Taba Penanjung)
2026-08-31,PSR01,BWP01,33000,kg,BD-SP2KP,,,,,SP2KP Kemendag: Bawang Putih Honan (Pasar Taba Penanjung)
2026-08-31,PSR01,BRS05,16500,kg,BD-SP2KP,,,,,SP2KP Kemendag: Beras Premium (Pasar Taba Penanjung)
2026-08-31,PSR01,BRS03,13750,kg,BD-SP2KP,,,,,SP2KP Kemendag: Beras Medium (Pasar Taba Penanjung)
2026-08-31,PSR01,DSP02,160000,kg,BD-SP2KP,,,,,SP2KP Kemendag: Daging Sapi Paha Depan (Pasar Taba Penanjung)
2026-08-31,PSR01,CMR01,35000,kg,BD-SP2KP,,,,,SP2KP Kemendag: Cabai Merah Besar (Pasar Taba Penanjung)
2026-08-31,PSR92,CRW02,70000,kg,BD-SP2KP,,,,,SP2KP Kemendag: Cabai Rawit Merah (Pasar Panorama)
2026-08-31,PSR92,CRW01,68333,kg,BD-SP2KP,,,,,SP2KP Kemendag: Cabai Rawit Hijau (Pasar Panorama)
2026-08-31,PSR92,BWM01,45000,kg,BD-SP2KP,,,,,SP2KP Kemendag: Bawang Merah (Pasar Panorama)
2026-08-31,PSR92,GLP01,18333,kg,BD-SP2KP,,,,,SP2KP Kemendag: Gula Pasir Curah (Pasar Panorama)
2026-08-31,PSR92,GLP02,19000,kg,BD-SP2KP,,,,,SP2KP Kemendag: Gula Pasir Kemasan (Pasar Panorama)
2026-08-31,PSR92,MGR02,23000,liter,BD-SP2KP,,,,,SP2KP Kemendag: Minyak Goreng Sawit Kemasan Premium (Pasar Panorama)
2026-08-31,PSR92,DSP01,160000,kg,BD-SP2KP,,,,,SP2KP Kemendag: Daging Sapi Paha Belakang (Pasar Panorama)
2026-08-31,PSR92,CMR02,48333,kg,BD-SP2KP,,,,,SP2KP Kemendag: Cabai Merah Keriting (Pasar Panorama)
2026-08-31,PSR92,TLR01,30400,kg,BD-SP2KP,,,,,SP2KP Kemendag: Telur Ayam Ras (Pasar Panorama)
2026-08-31,PSR92,DAY01,48000,kg,BD-SP2KP,,,,,SP2KP Kemendag: Daging Ayam Ras (Pasar Panorama)
2026-08-31,PSR92,BWP01,46667,kg,BD-SP2KP,,,,,SP2KP Kemendag: Bawang Putih Honan (Pasar Panorama)
2026-08-31,PSR92,BRS05,16750,kg,BD-SP2KP,,,,,SP2KP Kemendag: Beras Premium (Pasar Panorama)
2026-08-31,PSR92,BRS03,14625,kg,BD-SP2KP,,,,,SP2KP Kemendag: Beras Medium (Pasar Panorama)
2026-08-31,PSR92,DSP02,160000,kg,BD-SP2KP,,,,,SP2KP Kemendag: Daging Sapi Paha Depan (Pasar Panorama)
2026-08-31,PSR92,CMR01,35000,kg,BD-SP2KP,,,,,SP2KP Kemendag: Cabai Merah Besar (Pasar Panorama)
2026-09-01,PSR91,CRW02,60000,kg,BD-SP2KP,,,,,SP2KP Kemendag: Cabai Rawit Merah (Pasar Kepahiang)
2026-09-01,PSR91,CRW01,50000,kg,BD-SP2KP,,,,,SP2KP Kemendag: Cabai Rawit Hijau (Pasar Kepahiang)
2026-09-01,PSR91,BWM01,32000,kg,BD-SP2KP,,,,,SP2KP Kemendag: Bawang Merah (Pasar Kepahiang)
2026-09-01,PSR91,GLP01,18167,kg,BD-SP2KP,,,,,SP2KP Kemendag: Gula Pasir Curah (Pasar Kepahiang)
2026-09-01,PSR91,GLP02,19000,kg,BD-SP2KP,,,,,SP2KP Kemendag: Gula Pasir Kemasan (Pasar Kepahiang)
2026-09-01,PSR91,MGR02,23000,liter,BD-SP2KP,,,,,SP2KP Kemendag: Minyak Goreng Sawit Kemasan Premium (Pasar Kepahiang)
2026-09-01,PSR91,DSP01,140000,kg,BD-SP2KP,,,,,SP2KP Kemendag: Daging Sapi Paha Belakang (Pasar Kepahiang)
2026-09-01,PSR91,CMR02,45000,kg,BD-SP2KP,,,,,SP2KP Kemendag: Cabai Merah Keriting (Pasar Kepahiang)
2026-09-01,PSR91,TLR01,26600,kg,BD-SP2KP,,,,,SP2KP Kemendag: Telur Ayam Ras (Pasar Kepahiang)
2026-09-01,PSR91,DAY01,46000,kg,BD-SP2KP,,,,,SP2KP Kemendag: Daging Ayam Ras (Pasar Kepahiang)
2026-09-01,PSR91,BWP01,32000,kg,BD-SP2KP,,,,,SP2KP Kemendag: Bawang Putih Honan (Pasar Kepahiang)
2026-09-01,PSR91,BRS05,15550,kg,BD-SP2KP,,,,,SP2KP Kemendag: Beras Premium (Pasar Kepahiang)
2026-09-01,PSR91,BRS03,14000,kg,BD-SP2KP,,,,,SP2KP Kemendag: Beras Medium (Pasar Kepahiang)
2026-09-01,PSR91,DSP02,140000,kg,BD-SP2KP,,,,,SP2KP Kemendag: Daging Sapi Paha Depan (Pasar Kepahiang)
2026-09-01,PSR91,CMR01,45000,kg,BD-SP2KP,,,,,SP2KP Kemendag: Cabai Merah Besar (Pasar Kepahiang)
2026-09-01,PSR01,CRW02,60000,kg,BD-SP2KP,,,,,SP2KP Kemendag: Cabai Rawit Merah (Pasar Taba Penanjung)
2026-09-01,PSR01,CRW01,60000,kg,BD-SP2KP,,,,,SP2KP Kemendag: Cabai Rawit Hijau (Pasar Taba Penanjung)
2026-09-01,PSR01,BWM01,30000,kg,BD-SP2KP,,,,,SP2KP Kemendag: Bawang Merah (Pasar Taba Penanjung)
2026-09-01,PSR01,GLP01,18000,kg,BD-SP2KP,,,,,SP2KP Kemendag: Gula Pasir Curah (Pasar Taba Penanjung)
2026-09-01,PSR01,GLP02,18000,kg,BD-SP2KP,,,,,SP2KP Kemendag: Gula Pasir Kemasan (Pasar Taba Penanjung)
2026-09-01,PSR01,MGR02,23000,liter,BD-SP2KP,,,,,SP2KP Kemendag: Minyak Goreng Sawit Kemasan Premium (Pasar Taba Penanjung)
2026-09-01,PSR01,DSP01,160000,kg,BD-SP2KP,,,,,SP2KP Kemendag: Daging Sapi Paha Belakang (Pasar Taba Penanjung)
2026-09-01,PSR01,CMR02,40000,kg,BD-SP2KP,,,,,SP2KP Kemendag: Cabai Merah Keriting (Pasar Taba Penanjung)
2026-09-01,PSR01,TLR01,25600,kg,BD-SP2KP,,,,,SP2KP Kemendag: Telur Ayam Ras (Pasar Taba Penanjung)
2026-09-01,PSR01,DAY01,40000,kg,BD-SP2KP,,,,,SP2KP Kemendag: Daging Ayam Ras (Pasar Taba Penanjung)
2026-09-01,PSR01,BWP01,33000,kg,BD-SP2KP,,,,,SP2KP Kemendag: Bawang Putih Honan (Pasar Taba Penanjung)
2026-09-01,PSR01,BRS05,16500,kg,BD-SP2KP,,,,,SP2KP Kemendag: Beras Premium (Pasar Taba Penanjung)
2026-09-01,PSR01,BRS03,13750,kg,BD-SP2KP,,,,,SP2KP Kemendag: Beras Medium (Pasar Taba Penanjung)
2026-09-01,PSR01,DSP02,160000,kg,BD-SP2KP,,,,,SP2KP Kemendag: Daging Sapi Paha Depan (Pasar Taba Penanjung)
2026-09-01,PSR01,CMR01,35000,kg,BD-SP2KP,,,,,SP2KP Kemendag: Cabai Merah Besar (Pasar Taba Penanjung)
2026-09-01,PSR92,CRW02,70000,kg,BD-SP2KP,,,,,SP2KP Kemendag: Cabai Rawit Merah (Pasar Panorama)
2026-09-01,PSR92,CRW01,68333,kg,BD-SP2KP,,,,,SP2KP Kemendag: Cabai Rawit Hijau (Pasar Panorama)
2026-09-01,PSR92,BWM01,45000,kg,BD-SP2KP,,,,,SP2KP Kemendag: Bawang Merah (Pasar Panorama)
2026-09-01,PSR92,GLP01,18333,kg,BD-SP2KP,,,,,SP2KP Kemendag: Gula Pasir Curah (Pasar Panorama)
2026-09-01,PSR92,GLP02,19000,kg,BD-SP2KP,,,,,SP2KP Kemendag: Gula Pasir Kemasan (Pasar Panorama)
2026-09-01,PSR92,MGR02,23000,liter,BD-SP2KP,,,,,SP2KP Kemendag: Minyak Goreng Sawit Kemasan Premium (Pasar Panorama)
2026-09-01,PSR92,DSP01,160000,kg,BD-SP2KP,,,,,SP2KP Kemendag: Daging Sapi Paha Belakang (Pasar Panorama)
2026-09-01,PSR92,CMR02,48333,kg,BD-SP2KP,,,,,SP2KP Kemendag: Cabai Merah Keriting (Pasar Panorama)
2026-09-01,PSR92,TLR01,30400,kg,BD-SP2KP,,,,,SP2KP Kemendag: Telur Ayam Ras (Pasar Panorama)
2026-09-01,PSR92,DAY01,48000,kg,BD-SP2KP,,,,,SP2KP Kemendag: Daging Ayam Ras (Pasar Panorama)
2026-09-01,PSR92,BWP01,46667,kg,BD-SP2KP,,,,,SP2KP Kemendag: Bawang Putih Honan (Pasar Panorama)
2026-09-01,PSR92,BRS05,16750,kg,BD-SP2KP,,,,,SP2KP Kemendag: Beras Premium (Pasar Panorama)
2026-09-01,PSR92,BRS03,14625,kg,BD-SP2KP,,,,,SP2KP Kemendag: Beras Medium (Pasar Panorama)
2026-09-01,PSR92,DSP02,160000,kg,BD-SP2KP,,,,,SP2KP Kemendag: Daging Sapi Paha Depan (Pasar Panorama)
2026-09-01,PSR92,CMR01,35000,kg,BD-SP2KP,,,,,SP2KP Kemendag: Cabai Merah Besar (Pasar Panorama)
2026-09-02,PSR91,CRW02,60000,kg,BD-SP2KP,,,,,SP2KP Kemendag: Cabai Rawit Merah (Pasar Kepahiang)
2026-09-02,PSR91,CRW01,50000,kg,BD-SP2KP,,,,,SP2KP Kemendag: Cabai Rawit Hijau (Pasar Kepahiang)
2026-09-02,PSR91,BWM01,32000,kg,BD-SP2KP,,,,,SP2KP Kemendag: Bawang Merah (Pasar Kepahiang)
2026-09-02,PSR91,GLP01,18167,kg,BD-SP2KP,,,,,SP2KP Kemendag: Gula Pasir Curah (Pasar Kepahiang)
2026-09-02,PSR91,GLP02,19000,kg,BD-SP2KP,,,,,SP2KP Kemendag: Gula Pasir Kemasan (Pasar Kepahiang)
2026-09-02,PSR91,MGR02,23000,liter,BD-SP2KP,,,,,SP2KP Kemendag: Minyak Goreng Sawit Kemasan Premium (Pasar Kepahiang)
2026-09-02,PSR91,DSP01,140000,kg,BD-SP2KP,,,,,SP2KP Kemendag: Daging Sapi Paha Belakang (Pasar Kepahiang)
2026-09-02,PSR91,CMR02,45000,kg,BD-SP2KP,,,,,SP2KP Kemendag: Cabai Merah Keriting (Pasar Kepahiang)
2026-09-02,PSR91,TLR01,26600,kg,BD-SP2KP,,,,,SP2KP Kemendag: Telur Ayam Ras (Pasar Kepahiang)
2026-09-02,PSR91,DAY01,46000,kg,BD-SP2KP,,,,,SP2KP Kemendag: Daging Ayam Ras (Pasar Kepahiang)
2026-09-02,PSR91,BWP01,32000,kg,BD-SP2KP,,,,,SP2KP Kemendag: Bawang Putih Honan (Pasar Kepahiang)
2026-09-02,PSR91,BRS05,15500,kg,BD-SP2KP,,,,,SP2KP Kemendag: Beras Premium (Pasar Kepahiang)
2026-09-02,PSR91,BRS03,14000,kg,BD-SP2KP,,,,,SP2KP Kemendag: Beras Medium (Pasar Kepahiang)
2026-09-02,PSR91,DSP02,140000,kg,BD-SP2KP,,,,,SP2KP Kemendag: Daging Sapi Paha Depan (Pasar Kepahiang)
2026-09-02,PSR91,CMR01,45000,kg,BD-SP2KP,,,,,SP2KP Kemendag: Cabai Merah Besar (Pasar Kepahiang)
2026-09-02,PSR01,CRW02,60000,kg,BD-SP2KP,,,,,SP2KP Kemendag: Cabai Rawit Merah (Pasar Taba Penanjung)
2026-09-02,PSR01,CRW01,60000,kg,BD-SP2KP,,,,,SP2KP Kemendag: Cabai Rawit Hijau (Pasar Taba Penanjung)
2026-09-02,PSR01,BWM01,30000,kg,BD-SP2KP,,,,,SP2KP Kemendag: Bawang Merah (Pasar Taba Penanjung)
2026-09-02,PSR01,GLP01,18000,kg,BD-SP2KP,,,,,SP2KP Kemendag: Gula Pasir Curah (Pasar Taba Penanjung)
2026-09-02,PSR01,GLP02,18000,kg,BD-SP2KP,,,,,SP2KP Kemendag: Gula Pasir Kemasan (Pasar Taba Penanjung)
2026-09-02,PSR01,MGR02,23000,liter,BD-SP2KP,,,,,SP2KP Kemendag: Minyak Goreng Sawit Kemasan Premium (Pasar Taba Penanjung)
2026-09-02,PSR01,DSP01,160000,kg,BD-SP2KP,,,,,SP2KP Kemendag: Daging Sapi Paha Belakang (Pasar Taba Penanjung)
2026-09-02,PSR01,CMR02,40000,kg,BD-SP2KP,,,,,SP2KP Kemendag: Cabai Merah Keriting (Pasar Taba Penanjung)
2026-09-02,PSR01,TLR01,25600,kg,BD-SP2KP,,,,,SP2KP Kemendag: Telur Ayam Ras (Pasar Taba Penanjung)
2026-09-02,PSR01,DAY01,40000,kg,BD-SP2KP,,,,,SP2KP Kemendag: Daging Ayam Ras (Pasar Taba Penanjung)
2026-09-02,PSR01,BWP01,33000,kg,BD-SP2KP,,,,,SP2KP Kemendag: Bawang Putih Honan (Pasar Taba Penanjung)
2026-09-02,PSR01,BRS05,16500,kg,BD-SP2KP,,,,,SP2KP Kemendag: Beras Premium (Pasar Taba Penanjung)
2026-09-02,PSR01,BRS03,13750,kg,BD-SP2KP,,,,,SP2KP Kemendag: Beras Medium (Pasar Taba Penanjung)
2026-09-02,PSR01,DSP02,160000,kg,BD-SP2KP,,,,,SP2KP Kemendag: Daging Sapi Paha Depan (Pasar Taba Penanjung)
2026-09-02,PSR01,CMR01,35000,kg,BD-SP2KP,,,,,SP2KP Kemendag: Cabai Merah Besar (Pasar Taba Penanjung)
2026-09-02,PSR92,CRW02,70000,kg,BD-SP2KP,,,,,SP2KP Kemendag: Cabai Rawit Merah (Pasar Panorama)
2026-09-02,PSR92,CRW01,68333,kg,BD-SP2KP,,,,,SP2KP Kemendag: Cabai Rawit Hijau (Pasar Panorama)
2026-09-02,PSR92,BWM01,45000,kg,BD-SP2KP,,,,,SP2KP Kemendag: Bawang Merah (Pasar Panorama)
2026-09-02,PSR92,GLP01,18333,kg,BD-SP2KP,,,,,SP2KP Kemendag: Gula Pasir Curah (Pasar Panorama)
2026-09-02,PSR92,GLP02,19000,kg,BD-SP2KP,,,,,SP2KP Kemendag: Gula Pasir Kemasan (Pasar Panorama)
2026-09-02,PSR92,MGR02,23000,liter,BD-SP2KP,,,,,SP2KP Kemendag: Minyak Goreng Sawit Kemasan Premium (Pasar Panorama)
2026-09-02,PSR92,DSP01,160000,kg,BD-SP2KP,,,,,SP2KP Kemendag: Daging Sapi Paha Belakang (Pasar Panorama)
2026-09-02,PSR92,CMR02,51667,kg,BD-SP2KP,,,,,SP2KP Kemendag: Cabai Merah Keriting (Pasar Panorama)
2026-09-02,PSR92,TLR01,30400,kg,BD-SP2KP,,,,,SP2KP Kemendag: Telur Ayam Ras (Pasar Panorama)
2026-09-02,PSR92,DAY01,48000,kg,BD-SP2KP,,,,,SP2KP Kemendag: Daging Ayam Ras (Pasar Panorama)
2026-09-02,PSR92,BWP01,46667,kg,BD-SP2KP,,,,,SP2KP Kemendag: Bawang Putih Honan (Pasar Panorama)
2026-09-02,PSR92,BRS05,16750,kg,BD-SP2KP,,,,,SP2KP Kemendag: Beras Premium (Pasar Panorama)
2026-09-02,PSR92,BRS03,14625,kg,BD-SP2KP,,,,,SP2KP Kemendag: Beras Medium (Pasar Panorama)
2026-09-02,PSR92,DSP02,160000,kg,BD-SP2KP,,,,,SP2KP Kemendag: Daging Sapi Paha Depan (Pasar Panorama)
2026-09-02,PSR92,CMR01,35000,kg,BD-SP2KP,,,,,SP2KP Kemendag: Cabai Merah Besar (Pasar Panorama)
2026-09-03,PSR91,CRW02,60000,kg,BD-SP2KP,,,,,SP2KP Kemendag: Cabai Rawit Merah (Pasar Kepahiang)
2026-09-03,PSR91,CRW01,50000,kg,BD-SP2KP,,,,,SP2KP Kemendag: Cabai Rawit Hijau (Pasar Kepahiang)
2026-09-03,PSR91,BWM01,32000,kg,BD-SP2KP,,,,,SP2KP Kemendag: Bawang Merah (Pasar Kepahiang)
2026-09-03,PSR91,GLP01,18000,kg,BD-SP2KP,,,,,SP2KP Kemendag: Gula Pasir Curah (Pasar Kepahiang)
2026-09-03,PSR91,GLP02,19000,kg,BD-SP2KP,,,,,SP2KP Kemendag: Gula Pasir Kemasan (Pasar Kepahiang)
2026-09-03,PSR91,MGR02,23000,liter,BD-SP2KP,,,,,SP2KP Kemendag: Minyak Goreng Sawit Kemasan Premium (Pasar Kepahiang)
2026-09-03,PSR91,DSP01,140000,kg,BD-SP2KP,,,,,SP2KP Kemendag: Daging Sapi Paha Belakang (Pasar Kepahiang)
2026-09-03,PSR91,CMR02,45000,kg,BD-SP2KP,,,,,SP2KP Kemendag: Cabai Merah Keriting (Pasar Kepahiang)
2026-09-03,PSR91,TLR01,26600,kg,BD-SP2KP,,,,,SP2KP Kemendag: Telur Ayam Ras (Pasar Kepahiang)
2026-09-03,PSR91,DAY01,46000,kg,BD-SP2KP,,,,,SP2KP Kemendag: Daging Ayam Ras (Pasar Kepahiang)
2026-09-03,PSR91,BWP01,32000,kg,BD-SP2KP,,,,,SP2KP Kemendag: Bawang Putih Honan (Pasar Kepahiang)
2026-09-03,PSR91,BRS05,15500,kg,BD-SP2KP,,,,,SP2KP Kemendag: Beras Premium (Pasar Kepahiang)
2026-09-03,PSR91,BRS03,14000,kg,BD-SP2KP,,,,,SP2KP Kemendag: Beras Medium (Pasar Kepahiang)
2026-09-03,PSR91,DSP02,140000,kg,BD-SP2KP,,,,,SP2KP Kemendag: Daging Sapi Paha Depan (Pasar Kepahiang)
2026-09-03,PSR91,CMR01,45000,kg,BD-SP2KP,,,,,SP2KP Kemendag: Cabai Merah Besar (Pasar Kepahiang)
2026-09-03,PSR01,CRW02,55000,kg,BD-SP2KP,,,,,SP2KP Kemendag: Cabai Rawit Merah (Pasar Taba Penanjung)
2026-09-03,PSR01,CRW01,50000,kg,BD-SP2KP,,,,,SP2KP Kemendag: Cabai Rawit Hijau (Pasar Taba Penanjung)
2026-09-03,PSR01,BWM01,30000,kg,BD-SP2KP,,,,,SP2KP Kemendag: Bawang Merah (Pasar Taba Penanjung)
2026-09-03,PSR01,GLP01,18000,kg,BD-SP2KP,,,,,SP2KP Kemendag: Gula Pasir Curah (Pasar Taba Penanjung)
2026-09-03,PSR01,GLP02,18000,kg,BD-SP2KP,,,,,SP2KP Kemendag: Gula Pasir Kemasan (Pasar Taba Penanjung)
2026-09-03,PSR01,MGR02,23000,liter,BD-SP2KP,,,,,SP2KP Kemendag: Minyak Goreng Sawit Kemasan Premium (Pasar Taba Penanjung)
2026-09-03,PSR01,DSP01,160000,kg,BD-SP2KP,,,,,SP2KP Kemendag: Daging Sapi Paha Belakang (Pasar Taba Penanjung)
2026-09-03,PSR01,CMR02,45000,kg,BD-SP2KP,,,,,SP2KP Kemendag: Cabai Merah Keriting (Pasar Taba Penanjung)
2026-09-03,PSR01,TLR01,25600,kg,BD-SP2KP,,,,,SP2KP Kemendag: Telur Ayam Ras (Pasar Taba Penanjung)
2026-09-03,PSR01,DAY01,40000,kg,BD-SP2KP,,,,,SP2KP Kemendag: Daging Ayam Ras (Pasar Taba Penanjung)
2026-09-03,PSR01,BWP01,33000,kg,BD-SP2KP,,,,,SP2KP Kemendag: Bawang Putih Honan (Pasar Taba Penanjung)
2026-09-03,PSR01,BRS05,16500,kg,BD-SP2KP,,,,,SP2KP Kemendag: Beras Premium (Pasar Taba Penanjung)
2026-09-03,PSR01,BRS03,13750,kg,BD-SP2KP,,,,,SP2KP Kemendag: Beras Medium (Pasar Taba Penanjung)
2026-09-03,PSR01,DSP02,160000,kg,BD-SP2KP,,,,,SP2KP Kemendag: Daging Sapi Paha Depan (Pasar Taba Penanjung)
2026-09-03,PSR01,CMR01,40000,kg,BD-SP2KP,,,,,SP2KP Kemendag: Cabai Merah Besar (Pasar Taba Penanjung)
2026-09-03,PSR92,CRW02,70000,kg,BD-SP2KP,,,,,SP2KP Kemendag: Cabai Rawit Merah (Pasar Panorama)
2026-09-03,PSR92,CRW01,68333,kg,BD-SP2KP,,,,,SP2KP Kemendag: Cabai Rawit Hijau (Pasar Panorama)
2026-09-03,PSR92,BWM01,45000,kg,BD-SP2KP,,,,,SP2KP Kemendag: Bawang Merah (Pasar Panorama)
2026-09-03,PSR92,GLP01,18333,kg,BD-SP2KP,,,,,SP2KP Kemendag: Gula Pasir Curah (Pasar Panorama)
2026-09-03,PSR92,GLP02,19000,kg,BD-SP2KP,,,,,SP2KP Kemendag: Gula Pasir Kemasan (Pasar Panorama)
2026-09-03,PSR92,MGR02,23000,liter,BD-SP2KP,,,,,SP2KP Kemendag: Minyak Goreng Sawit Kemasan Premium (Pasar Panorama)
2026-09-03,PSR92,DSP01,160000,kg,BD-SP2KP,,,,,SP2KP Kemendag: Daging Sapi Paha Belakang (Pasar Panorama)
2026-09-03,PSR92,CMR02,51667,kg,BD-SP2KP,,,,,SP2KP Kemendag: Cabai Merah Keriting (Pasar Panorama)
2026-09-03,PSR92,TLR01,30400,kg,BD-SP2KP,,,,,SP2KP Kemendag: Telur Ayam Ras (Pasar Panorama)
2026-09-03,PSR92,DAY01,48000,kg,BD-SP2KP,,,,,SP2KP Kemendag: Daging Ayam Ras (Pasar Panorama)
2026-09-03,PSR92,BWP01,46667,kg,BD-SP2KP,,,,,SP2KP Kemendag: Bawang Putih Honan (Pasar Panorama)
2026-09-03,PSR92,BRS05,16750,kg,BD-SP2KP,,,,,SP2KP Kemendag: Beras Premium (Pasar Panorama)
2026-09-03,PSR92,BRS03,14625,kg,BD-SP2KP,,,,,SP2KP Kemendag: Beras Medium (Pasar Panorama)
2026-09-03,PSR92,DSP02,160000,kg,BD-SP2KP,,,,,SP2KP Kemendag: Daging Sapi Paha Depan (Pasar Panorama)
2026-09-03,PSR92,CMR01,35000,kg,BD-SP2KP,,,,,SP2KP Kemendag: Cabai Merah Besar (Pasar Panorama)
2026-09-04,PSR91,CRW02,60000,kg,BD-SP2KP,,,,,SP2KP Kemendag: Cabai Rawit Merah (Pasar Kepahiang)
2026-09-04,PSR91,CRW01,50000,kg,BD-SP2KP,,,,,SP2KP Kemendag: Cabai Rawit Hijau (Pasar Kepahiang)
2026-09-04,PSR91,BWM01,32000,kg,BD-SP2KP,,,,,SP2KP Kemendag: Bawang Merah (Pasar Kepahiang)
2026-09-04,PSR91,GLP01,18000,kg,BD-SP2KP,,,,,SP2KP Kemendag: Gula Pasir Curah (Pasar Kepahiang)
2026-09-04,PSR91,GLP02,19000,kg,BD-SP2KP,,,,,SP2KP Kemendag: Gula Pasir Kemasan (Pasar Kepahiang)
2026-09-04,PSR91,MGR02,23000,liter,BD-SP2KP,,,,,SP2KP Kemendag: Minyak Goreng Sawit Kemasan Premium (Pasar Kepahiang)
2026-09-04,PSR91,DSP01,140000,kg,BD-SP2KP,,,,,SP2KP Kemendag: Daging Sapi Paha Belakang (Pasar Kepahiang)
2026-09-04,PSR91,CMR02,45000,kg,BD-SP2KP,,,,,SP2KP Kemendag: Cabai Merah Keriting (Pasar Kepahiang)
2026-09-04,PSR91,TLR01,26600,kg,BD-SP2KP,,,,,SP2KP Kemendag: Telur Ayam Ras (Pasar Kepahiang)
2026-09-04,PSR91,DAY01,46000,kg,BD-SP2KP,,,,,SP2KP Kemendag: Daging Ayam Ras (Pasar Kepahiang)
2026-09-04,PSR91,BWP01,32000,kg,BD-SP2KP,,,,,SP2KP Kemendag: Bawang Putih Honan (Pasar Kepahiang)
2026-09-04,PSR91,BRS05,15500,kg,BD-SP2KP,,,,,SP2KP Kemendag: Beras Premium (Pasar Kepahiang)
2026-09-04,PSR91,BRS03,14000,kg,BD-SP2KP,,,,,SP2KP Kemendag: Beras Medium (Pasar Kepahiang)
2026-09-04,PSR91,DSP02,140000,kg,BD-SP2KP,,,,,SP2KP Kemendag: Daging Sapi Paha Depan (Pasar Kepahiang)
2026-09-04,PSR91,CMR01,45000,kg,BD-SP2KP,,,,,SP2KP Kemendag: Cabai Merah Besar (Pasar Kepahiang)
2026-09-04,PSR01,CRW02,55000,kg,BD-SP2KP,,,,,SP2KP Kemendag: Cabai Rawit Merah (Pasar Taba Penanjung)
2026-09-04,PSR01,CRW01,50000,kg,BD-SP2KP,,,,,SP2KP Kemendag: Cabai Rawit Hijau (Pasar Taba Penanjung)
2026-09-04,PSR01,BWM01,30000,kg,BD-SP2KP,,,,,SP2KP Kemendag: Bawang Merah (Pasar Taba Penanjung)
2026-09-04,PSR01,GLP01,18000,kg,BD-SP2KP,,,,,SP2KP Kemendag: Gula Pasir Curah (Pasar Taba Penanjung)
2026-09-04,PSR01,GLP02,18000,kg,BD-SP2KP,,,,,SP2KP Kemendag: Gula Pasir Kemasan (Pasar Taba Penanjung)
2026-09-04,PSR01,MGR02,23000,liter,BD-SP2KP,,,,,SP2KP Kemendag: Minyak Goreng Sawit Kemasan Premium (Pasar Taba Penanjung)
2026-09-04,PSR01,DSP01,160000,kg,BD-SP2KP,,,,,SP2KP Kemendag: Daging Sapi Paha Belakang (Pasar Taba Penanjung)
2026-09-04,PSR01,CMR02,45000,kg,BD-SP2KP,,,,,SP2KP Kemendag: Cabai Merah Keriting (Pasar Taba Penanjung)
2026-09-04,PSR01,TLR01,25600,kg,BD-SP2KP,,,,,SP2KP Kemendag: Telur Ayam Ras (Pasar Taba Penanjung)
2026-09-04,PSR01,DAY01,40000,kg,BD-SP2KP,,,,,SP2KP Kemendag: Daging Ayam Ras (Pasar Taba Penanjung)
2026-09-04,PSR01,BWP01,33000,kg,BD-SP2KP,,,,,SP2KP Kemendag: Bawang Putih Honan (Pasar Taba Penanjung)
2026-09-04,PSR01,BRS05,16500,kg,BD-SP2KP,,,,,SP2KP Kemendag: Beras Premium (Pasar Taba Penanjung)
2026-09-04,PSR01,BRS03,13750,kg,BD-SP2KP,,,,,SP2KP Kemendag: Beras Medium (Pasar Taba Penanjung)
2026-09-04,PSR01,DSP02,160000,kg,BD-SP2KP,,,,,SP2KP Kemendag: Daging Sapi Paha Depan (Pasar Taba Penanjung)
2026-09-04,PSR01,CMR01,40000,kg,BD-SP2KP,,,,,SP2KP Kemendag: Cabai Merah Besar (Pasar Taba Penanjung)
2026-09-04,PSR92,CRW02,70000,kg,BD-SP2KP,,,,,SP2KP Kemendag: Cabai Rawit Merah (Pasar Panorama)
2026-09-04,PSR92,CRW01,68333,kg,BD-SP2KP,,,,,SP2KP Kemendag: Cabai Rawit Hijau (Pasar Panorama)
2026-09-04,PSR92,BWM01,45000,kg,BD-SP2KP,,,,,SP2KP Kemendag: Bawang Merah (Pasar Panorama)
2026-09-04,PSR92,GLP01,18333,kg,BD-SP2KP,,,,,SP2KP Kemendag: Gula Pasir Curah (Pasar Panorama)
2026-09-04,PSR92,GLP02,19000,kg,BD-SP2KP,,,,,SP2KP Kemendag: Gula Pasir Kemasan (Pasar Panorama)
2026-09-04,PSR92,MGR02,23000,liter,BD-SP2KP,,,,,SP2KP Kemendag: Minyak Goreng Sawit Kemasan Premium (Pasar Panorama)
2026-09-04,PSR92,DSP01,160000,kg,BD-SP2KP,,,,,SP2KP Kemendag: Daging Sapi Paha Belakang (Pasar Panorama)
2026-09-04,PSR92,CMR02,60000,kg,BD-SP2KP,,,,,SP2KP Kemendag: Cabai Merah Keriting (Pasar Panorama)
2026-09-04,PSR92,TLR01,30400,kg,BD-SP2KP,,,,,SP2KP Kemendag: Telur Ayam Ras (Pasar Panorama)
2026-09-04,PSR92,DAY01,48000,kg,BD-SP2KP,,,,,SP2KP Kemendag: Daging Ayam Ras (Pasar Panorama)
2026-09-04,PSR92,BWP01,46667,kg,BD-SP2KP,,,,,SP2KP Kemendag: Bawang Putih Honan (Pasar Panorama)
2026-09-04,PSR92,BRS05,16750,kg,BD-SP2KP,,,,,SP2KP Kemendag: Beras Premium (Pasar Panorama)
2026-09-04,PSR92,BRS03,14625,kg,BD-SP2KP,,,,,SP2KP Kemendag: Beras Medium (Pasar Panorama)
2026-09-04,PSR92,DSP02,160000,kg,BD-SP2KP,,,,,SP2KP Kemendag: Daging Sapi Paha Depan (Pasar Panorama)
2026-09-04,PSR92,CMR01,35000,kg,BD-SP2KP,,,,,SP2KP Kemendag: Cabai Merah Besar (Pasar Panorama)
2026-09-07,PSR91,CRW02,60000,kg,BD-SP2KP,,,,,SP2KP Kemendag: Cabai Rawit Merah (Pasar Kepahiang)
2026-09-07,PSR91,CRW01,55000,kg,BD-SP2KP,,,,,SP2KP Kemendag: Cabai Rawit Hijau (Pasar Kepahiang)
2026-09-07,PSR91,BWM01,32000,kg,BD-SP2KP,,,,,SP2KP Kemendag: Bawang Merah (Pasar Kepahiang)
2026-09-07,PSR91,GLP01,18000,kg,BD-SP2KP,,,,,SP2KP Kemendag: Gula Pasir Curah (Pasar Kepahiang)
2026-09-07,PSR91,GLP02,19000,kg,BD-SP2KP,,,,,SP2KP Kemendag: Gula Pasir Kemasan (Pasar Kepahiang)
2026-09-07,PSR91,MGR02,23000,liter,BD-SP2KP,,,,,SP2KP Kemendag: Minyak Goreng Sawit Kemasan Premium (Pasar Kepahiang)
2026-09-07,PSR91,DSP01,140000,kg,BD-SP2KP,,,,,SP2KP Kemendag: Daging Sapi Paha Belakang (Pasar Kepahiang)
2026-09-07,PSR91,CMR02,55000,kg,BD-SP2KP,,,,,SP2KP Kemendag: Cabai Merah Keriting (Pasar Kepahiang)
2026-09-07,PSR91,TLR01,26600,kg,BD-SP2KP,,,,,SP2KP Kemendag: Telur Ayam Ras (Pasar Kepahiang)
2026-09-07,PSR91,DAY01,46000,kg,BD-SP2KP,,,,,SP2KP Kemendag: Daging Ayam Ras (Pasar Kepahiang)
2026-09-07,PSR91,BWP01,32000,kg,BD-SP2KP,,,,,SP2KP Kemendag: Bawang Putih Honan (Pasar Kepahiang)
2026-09-07,PSR91,BRS05,15500,kg,BD-SP2KP,,,,,SP2KP Kemendag: Beras Premium (Pasar Kepahiang)
2026-09-07,PSR91,BRS03,14000,kg,BD-SP2KP,,,,,SP2KP Kemendag: Beras Medium (Pasar Kepahiang)
2026-09-07,PSR91,DSP02,140000,kg,BD-SP2KP,,,,,SP2KP Kemendag: Daging Sapi Paha Depan (Pasar Kepahiang)
2026-09-07,PSR91,CMR01,55000,kg,BD-SP2KP,,,,,SP2KP Kemendag: Cabai Merah Besar (Pasar Kepahiang)
2026-09-07,PSR01,CRW02,55000,kg,BD-SP2KP,,,,,SP2KP Kemendag: Cabai Rawit Merah (Pasar Taba Penanjung)
2026-09-07,PSR01,CRW01,50000,kg,BD-SP2KP,,,,,SP2KP Kemendag: Cabai Rawit Hijau (Pasar Taba Penanjung)
2026-09-07,PSR01,BWM01,30000,kg,BD-SP2KP,,,,,SP2KP Kemendag: Bawang Merah (Pasar Taba Penanjung)
2026-09-07,PSR01,GLP01,18000,kg,BD-SP2KP,,,,,SP2KP Kemendag: Gula Pasir Curah (Pasar Taba Penanjung)
2026-09-07,PSR01,GLP02,18000,kg,BD-SP2KP,,,,,SP2KP Kemendag: Gula Pasir Kemasan (Pasar Taba Penanjung)
2026-09-07,PSR01,MGR02,23000,liter,BD-SP2KP,,,,,SP2KP Kemendag: Minyak Goreng Sawit Kemasan Premium (Pasar Taba Penanjung)
2026-09-07,PSR01,DSP01,160000,kg,BD-SP2KP,,,,,SP2KP Kemendag: Daging Sapi Paha Belakang (Pasar Taba Penanjung)
2026-09-07,PSR01,CMR02,45000,kg,BD-SP2KP,,,,,SP2KP Kemendag: Cabai Merah Keriting (Pasar Taba Penanjung)
2026-09-07,PSR01,TLR01,25600,kg,BD-SP2KP,,,,,SP2KP Kemendag: Telur Ayam Ras (Pasar Taba Penanjung)
2026-09-07,PSR01,DAY01,40000,kg,BD-SP2KP,,,,,SP2KP Kemendag: Daging Ayam Ras (Pasar Taba Penanjung)
2026-09-07,PSR01,BWP01,33000,kg,BD-SP2KP,,,,,SP2KP Kemendag: Bawang Putih Honan (Pasar Taba Penanjung)
2026-09-07,PSR01,BRS05,16500,kg,BD-SP2KP,,,,,SP2KP Kemendag: Beras Premium (Pasar Taba Penanjung)
2026-09-07,PSR01,BRS03,13750,kg,BD-SP2KP,,,,,SP2KP Kemendag: Beras Medium (Pasar Taba Penanjung)
2026-09-07,PSR01,DSP02,160000,kg,BD-SP2KP,,,,,SP2KP Kemendag: Daging Sapi Paha Depan (Pasar Taba Penanjung)
2026-09-07,PSR01,CMR01,40000,kg,BD-SP2KP,,,,,SP2KP Kemendag: Cabai Merah Besar (Pasar Taba Penanjung)
2026-09-07,PSR92,CRW02,70000,kg,BD-SP2KP,,,,,SP2KP Kemendag: Cabai Rawit Merah (Pasar Panorama)
2026-09-07,PSR92,CRW01,68333,kg,BD-SP2KP,,,,,SP2KP Kemendag: Cabai Rawit Hijau (Pasar Panorama)
2026-09-07,PSR92,BWM01,45000,kg,BD-SP2KP,,,,,SP2KP Kemendag: Bawang Merah (Pasar Panorama)
2026-09-07,PSR92,GLP01,18333,kg,BD-SP2KP,,,,,SP2KP Kemendag: Gula Pasir Curah (Pasar Panorama)
2026-09-07,PSR92,GLP02,19000,kg,BD-SP2KP,,,,,SP2KP Kemendag: Gula Pasir Kemasan (Pasar Panorama)
2026-09-07,PSR92,MGR02,23000,liter,BD-SP2KP,,,,,SP2KP Kemendag: Minyak Goreng Sawit Kemasan Premium (Pasar Panorama)
2026-09-07,PSR92,DSP01,160000,kg,BD-SP2KP,,,,,SP2KP Kemendag: Daging Sapi Paha Belakang (Pasar Panorama)
2026-09-07,PSR92,CMR02,60000,kg,BD-SP2KP,,,,,SP2KP Kemendag: Cabai Merah Keriting (Pasar Panorama)
2026-09-07,PSR92,TLR01,30400,kg,BD-SP2KP,,,,,SP2KP Kemendag: Telur Ayam Ras (Pasar Panorama)
2026-09-07,PSR92,DAY01,48000,kg,BD-SP2KP,,,,,SP2KP Kemendag: Daging Ayam Ras (Pasar Panorama)
2026-09-07,PSR92,BWP01,46667,kg,BD-SP2KP,,,,,SP2KP Kemendag: Bawang Putih Honan (Pasar Panorama)
2026-09-07,PSR92,BRS05,16750,kg,BD-SP2KP,,,,,SP2KP Kemendag: Beras Premium (Pasar Panorama)
2026-09-07,PSR92,BRS03,14625,kg,BD-SP2KP,,,,,SP2KP Kemendag: Beras Medium (Pasar Panorama)
2026-09-07,PSR92,DSP02,160000,kg,BD-SP2KP,,,,,SP2KP Kemendag: Daging Sapi Paha Depan (Pasar Panorama)
2026-09-07,PSR92,CMR01,35000,kg,BD-SP2KP,,,,,SP2KP Kemendag: Cabai Merah Besar (Pasar Panorama)
2026-09-08,PSR91,CRW02,60000,kg,BD-SP2KP,,,,,SP2KP Kemendag: Cabai Rawit Merah (Pasar Kepahiang)
2026-09-08,PSR91,CRW01,55000,kg,BD-SP2KP,,,,,SP2KP Kemendag: Cabai Rawit Hijau (Pasar Kepahiang)
2026-09-08,PSR91,BWM01,32000,kg,BD-SP2KP,,,,,SP2KP Kemendag: Bawang Merah (Pasar Kepahiang)
2026-09-08,PSR91,GLP01,18000,kg,BD-SP2KP,,,,,SP2KP Kemendag: Gula Pasir Curah (Pasar Kepahiang)
2026-09-08,PSR91,GLP02,19000,kg,BD-SP2KP,,,,,SP2KP Kemendag: Gula Pasir Kemasan (Pasar Kepahiang)
2026-09-08,PSR91,MGR02,23000,liter,BD-SP2KP,,,,,SP2KP Kemendag: Minyak Goreng Sawit Kemasan Premium (Pasar Kepahiang)
2026-09-08,PSR91,DSP01,140000,kg,BD-SP2KP,,,,,SP2KP Kemendag: Daging Sapi Paha Belakang (Pasar Kepahiang)
2026-09-08,PSR91,CMR02,55000,kg,BD-SP2KP,,,,,SP2KP Kemendag: Cabai Merah Keriting (Pasar Kepahiang)
2026-09-08,PSR91,TLR01,26600,kg,BD-SP2KP,,,,,SP2KP Kemendag: Telur Ayam Ras (Pasar Kepahiang)
2026-09-08,PSR91,DAY01,46000,kg,BD-SP2KP,,,,,SP2KP Kemendag: Daging Ayam Ras (Pasar Kepahiang)
2026-09-08,PSR91,BWP01,32000,kg,BD-SP2KP,,,,,SP2KP Kemendag: Bawang Putih Honan (Pasar Kepahiang)
2026-09-08,PSR91,BRS05,15500,kg,BD-SP2KP,,,,,SP2KP Kemendag: Beras Premium (Pasar Kepahiang)
2026-09-08,PSR91,BRS03,14000,kg,BD-SP2KP,,,,,SP2KP Kemendag: Beras Medium (Pasar Kepahiang)
2026-09-08,PSR91,DSP02,140000,kg,BD-SP2KP,,,,,SP2KP Kemendag: Daging Sapi Paha Depan (Pasar Kepahiang)
2026-09-08,PSR91,CMR01,55000,kg,BD-SP2KP,,,,,SP2KP Kemendag: Cabai Merah Besar (Pasar Kepahiang)
2026-09-08,PSR01,CRW02,55000,kg,BD-SP2KP,,,,,SP2KP Kemendag: Cabai Rawit Merah (Pasar Taba Penanjung)
2026-09-08,PSR01,CRW01,50000,kg,BD-SP2KP,,,,,SP2KP Kemendag: Cabai Rawit Hijau (Pasar Taba Penanjung)
2026-09-08,PSR01,BWM01,30000,kg,BD-SP2KP,,,,,SP2KP Kemendag: Bawang Merah (Pasar Taba Penanjung)
2026-09-08,PSR01,GLP01,18000,kg,BD-SP2KP,,,,,SP2KP Kemendag: Gula Pasir Curah (Pasar Taba Penanjung)
2026-09-08,PSR01,GLP02,18000,kg,BD-SP2KP,,,,,SP2KP Kemendag: Gula Pasir Kemasan (Pasar Taba Penanjung)
2026-09-08,PSR01,MGR02,23000,liter,BD-SP2KP,,,,,SP2KP Kemendag: Minyak Goreng Sawit Kemasan Premium (Pasar Taba Penanjung)
2026-09-08,PSR01,DSP01,160000,kg,BD-SP2KP,,,,,SP2KP Kemendag: Daging Sapi Paha Belakang (Pasar Taba Penanjung)
2026-09-08,PSR01,CMR02,45000,kg,BD-SP2KP,,,,,SP2KP Kemendag: Cabai Merah Keriting (Pasar Taba Penanjung)
2026-09-08,PSR01,TLR01,25600,kg,BD-SP2KP,,,,,SP2KP Kemendag: Telur Ayam Ras (Pasar Taba Penanjung)
2026-09-08,PSR01,DAY01,40000,kg,BD-SP2KP,,,,,SP2KP Kemendag: Daging Ayam Ras (Pasar Taba Penanjung)
2026-09-08,PSR01,BWP01,33000,kg,BD-SP2KP,,,,,SP2KP Kemendag: Bawang Putih Honan (Pasar Taba Penanjung)
2026-09-08,PSR01,BRS05,16500,kg,BD-SP2KP,,,,,SP2KP Kemendag: Beras Premium (Pasar Taba Penanjung)
2026-09-08,PSR01,BRS03,13750,kg,BD-SP2KP,,,,,SP2KP Kemendag: Beras Medium (Pasar Taba Penanjung)
2026-09-08,PSR01,DSP02,160000,kg,BD-SP2KP,,,,,SP2KP Kemendag: Daging Sapi Paha Depan (Pasar Taba Penanjung)
2026-09-08,PSR01,CMR01,40000,kg,BD-SP2KP,,,,,SP2KP Kemendag: Cabai Merah Besar (Pasar Taba Penanjung)
2026-09-08,PSR92,CRW02,70000,kg,BD-SP2KP,,,,,SP2KP Kemendag: Cabai Rawit Merah (Pasar Panorama)
2026-09-08,PSR92,CRW01,68333,kg,BD-SP2KP,,,,,SP2KP Kemendag: Cabai Rawit Hijau (Pasar Panorama)
2026-09-08,PSR92,BWM01,45000,kg,BD-SP2KP,,,,,SP2KP Kemendag: Bawang Merah (Pasar Panorama)
2026-09-08,PSR92,GLP01,18333,kg,BD-SP2KP,,,,,SP2KP Kemendag: Gula Pasir Curah (Pasar Panorama)
2026-09-08,PSR92,GLP02,19000,kg,BD-SP2KP,,,,,SP2KP Kemendag: Gula Pasir Kemasan (Pasar Panorama)
2026-09-08,PSR92,MGR02,23000,liter,BD-SP2KP,,,,,SP2KP Kemendag: Minyak Goreng Sawit Kemasan Premium (Pasar Panorama)
2026-09-08,PSR92,DSP01,160000,kg,BD-SP2KP,,,,,SP2KP Kemendag: Daging Sapi Paha Belakang (Pasar Panorama)
2026-09-08,PSR92,CMR02,60000,kg,BD-SP2KP,,,,,SP2KP Kemendag: Cabai Merah Keriting (Pasar Panorama)
2026-09-08,PSR92,TLR01,30400,kg,BD-SP2KP,,,,,SP2KP Kemendag: Telur Ayam Ras (Pasar Panorama)
2026-09-08,PSR92,DAY01,48000,kg,BD-SP2KP,,,,,SP2KP Kemendag: Daging Ayam Ras (Pasar Panorama)
2026-09-08,PSR92,BWP01,46667,kg,BD-SP2KP,,,,,SP2KP Kemendag: Bawang Putih Honan (Pasar Panorama)
2026-09-08,PSR92,BRS05,16750,kg,BD-SP2KP,,,,,SP2KP Kemendag: Beras Premium (Pasar Panorama)
2026-09-08,PSR92,BRS03,14625,kg,BD-SP2KP,,,,,SP2KP Kemendag: Beras Medium (Pasar Panorama)
2026-09-08,PSR92,DSP02,160000,kg,BD-SP2KP,,,,,SP2KP Kemendag: Daging Sapi Paha Depan (Pasar Panorama)
2026-09-08,PSR92,CMR01,35000,kg,BD-SP2KP,,,,,SP2KP Kemendag: Cabai Merah Besar (Pasar Panorama)
2026-09-09,PSR91,CRW02,60000,kg,BD-SP2KP,,,,,SP2KP Kemendag: Cabai Rawit Merah (Pasar Kepahiang)
2026-09-09,PSR91,CRW01,55000,kg,BD-SP2KP,,,,,SP2KP Kemendag: Cabai Rawit Hijau (Pasar Kepahiang)
2026-09-09,PSR91,BWM01,32000,kg,BD-SP2KP,,,,,SP2KP Kemendag: Bawang Merah (Pasar Kepahiang)
2026-09-09,PSR91,GLP01,18000,kg,BD-SP2KP,,,,,SP2KP Kemendag: Gula Pasir Curah (Pasar Kepahiang)
2026-09-09,PSR91,GLP02,19000,kg,BD-SP2KP,,,,,SP2KP Kemendag: Gula Pasir Kemasan (Pasar Kepahiang)
2026-09-09,PSR91,MGR02,23000,liter,BD-SP2KP,,,,,SP2KP Kemendag: Minyak Goreng Sawit Kemasan Premium (Pasar Kepahiang)
2026-09-09,PSR91,DSP01,140000,kg,BD-SP2KP,,,,,SP2KP Kemendag: Daging Sapi Paha Belakang (Pasar Kepahiang)
2026-09-09,PSR91,CMR02,55000,kg,BD-SP2KP,,,,,SP2KP Kemendag: Cabai Merah Keriting (Pasar Kepahiang)
2026-09-09,PSR91,TLR01,26600,kg,BD-SP2KP,,,,,SP2KP Kemendag: Telur Ayam Ras (Pasar Kepahiang)
2026-09-09,PSR91,DAY01,46000,kg,BD-SP2KP,,,,,SP2KP Kemendag: Daging Ayam Ras (Pasar Kepahiang)
2026-09-09,PSR91,BWP01,32000,kg,BD-SP2KP,,,,,SP2KP Kemendag: Bawang Putih Honan (Pasar Kepahiang)
2026-09-09,PSR91,BRS05,15500,kg,BD-SP2KP,,,,,SP2KP Kemendag: Beras Premium (Pasar Kepahiang)
2026-09-09,PSR91,BRS03,14000,kg,BD-SP2KP,,,,,SP2KP Kemendag: Beras Medium (Pasar Kepahiang)
2026-09-09,PSR91,DSP02,140000,kg,BD-SP2KP,,,,,SP2KP Kemendag: Daging Sapi Paha Depan (Pasar Kepahiang)
2026-09-09,PSR91,CMR01,55000,kg,BD-SP2KP,,,,,SP2KP Kemendag: Cabai Merah Besar (Pasar Kepahiang)
2026-09-09,PSR01,CRW02,55000,kg,BD-SP2KP,,,,,SP2KP Kemendag: Cabai Rawit Merah (Pasar Taba Penanjung)
2026-09-09,PSR01,CRW01,50000,kg,BD-SP2KP,,,,,SP2KP Kemendag: Cabai Rawit Hijau (Pasar Taba Penanjung)
2026-09-09,PSR01,BWM01,30000,kg,BD-SP2KP,,,,,SP2KP Kemendag: Bawang Merah (Pasar Taba Penanjung)
2026-09-09,PSR01,GLP01,18000,kg,BD-SP2KP,,,,,SP2KP Kemendag: Gula Pasir Curah (Pasar Taba Penanjung)
2026-09-09,PSR01,GLP02,18000,kg,BD-SP2KP,,,,,SP2KP Kemendag: Gula Pasir Kemasan (Pasar Taba Penanjung)
2026-09-09,PSR01,MGR02,23000,liter,BD-SP2KP,,,,,SP2KP Kemendag: Minyak Goreng Sawit Kemasan Premium (Pasar Taba Penanjung)
2026-09-09,PSR01,DSP01,160000,kg,BD-SP2KP,,,,,SP2KP Kemendag: Daging Sapi Paha Belakang (Pasar Taba Penanjung)
2026-09-09,PSR01,CMR02,45000,kg,BD-SP2KP,,,,,SP2KP Kemendag: Cabai Merah Keriting (Pasar Taba Penanjung)
2026-09-09,PSR01,TLR01,25600,kg,BD-SP2KP,,,,,SP2KP Kemendag: Telur Ayam Ras (Pasar Taba Penanjung)
2026-09-09,PSR01,DAY01,40000,kg,BD-SP2KP,,,,,SP2KP Kemendag: Daging Ayam Ras (Pasar Taba Penanjung)
2026-09-09,PSR01,BWP01,33000,kg,BD-SP2KP,,,,,SP2KP Kemendag: Bawang Putih Honan (Pasar Taba Penanjung)
2026-09-09,PSR01,BRS05,16500,kg,BD-SP2KP,,,,,SP2KP Kemendag: Beras Premium (Pasar Taba Penanjung)
2026-09-09,PSR01,BRS03,13750,kg,BD-SP2KP,,,,,SP2KP Kemendag: Beras Medium (Pasar Taba Penanjung)
2026-09-09,PSR01,DSP02,160000,kg,BD-SP2KP,,,,,SP2KP Kemendag: Daging Sapi Paha Depan (Pasar Taba Penanjung)
2026-09-09,PSR01,CMR01,40000,kg,BD-SP2KP,,,,,SP2KP Kemendag: Cabai Merah Besar (Pasar Taba Penanjung)
2026-09-09,PSR92,CRW02,70000,kg,BD-SP2KP,,,,,SP2KP Kemendag: Cabai Rawit Merah (Pasar Panorama)
2026-09-09,PSR92,CRW01,68333,kg,BD-SP2KP,,,,,SP2KP Kemendag: Cabai Rawit Hijau (Pasar Panorama)
2026-09-09,PSR92,BWM01,45000,kg,BD-SP2KP,,,,,SP2KP Kemendag: Bawang Merah (Pasar Panorama)
2026-09-09,PSR92,GLP01,18333,kg,BD-SP2KP,,,,,SP2KP Kemendag: Gula Pasir Curah (Pasar Panorama)
2026-09-09,PSR92,GLP02,19000,kg,BD-SP2KP,,,,,SP2KP Kemendag: Gula Pasir Kemasan (Pasar Panorama)
2026-09-09,PSR92,MGR02,23000,liter,BD-SP2KP,,,,,SP2KP Kemendag: Minyak Goreng Sawit Kemasan Premium (Pasar Panorama)
2026-09-09,PSR92,DSP01,160000,kg,BD-SP2KP,,,,,SP2KP Kemendag: Daging Sapi Paha Belakang (Pasar Panorama)
2026-09-09,PSR92,CMR02,60000,kg,BD-SP2KP,,,,,SP2KP Kemendag: Cabai Merah Keriting (Pasar Panorama)
2026-09-09,PSR92,TLR01,30400,kg,BD-SP2KP,,,,,SP2KP Kemendag: Telur Ayam Ras (Pasar Panorama)
2026-09-09,PSR92,DAY01,48000,kg,BD-SP2KP,,,,,SP2KP Kemendag: Daging Ayam Ras (Pasar Panorama)
2026-09-09,PSR92,BWP01,46667,kg,BD-SP2KP,,,,,SP2KP Kemendag: Bawang Putih Honan (Pasar Panorama)
2026-09-09,PSR92,BRS05,16750,kg,BD-SP2KP,,,,,SP2KP Kemendag: Beras Premium (Pasar Panorama)
2026-09-09,PSR92,BRS03,14625,kg,BD-SP2KP,,,,,SP2KP Kemendag: Beras Medium (Pasar Panorama)
2026-09-09,PSR92,DSP02,160000,kg,BD-SP2KP,,,,,SP2KP Kemendag: Daging Sapi Paha Depan (Pasar Panorama)
2026-09-09,PSR92,CMR01,35000,kg,BD-SP2KP,,,,,SP2KP Kemendag: Cabai Merah Besar (Pasar Panorama)
2026-09-10,PSR91,CRW02,60000,kg,BD-SP2KP,,,,,SP2KP Kemendag: Cabai Rawit Merah (Pasar Kepahiang)
2026-09-10,PSR91,CRW01,55000,kg,BD-SP2KP,,,,,SP2KP Kemendag: Cabai Rawit Hijau (Pasar Kepahiang)
2026-09-10,PSR91,BWM01,32000,kg,BD-SP2KP,,,,,SP2KP Kemendag: Bawang Merah (Pasar Kepahiang)
2026-09-10,PSR91,GLP01,18000,kg,BD-SP2KP,,,,,SP2KP Kemendag: Gula Pasir Curah (Pasar Kepahiang)
2026-09-10,PSR91,GLP02,19000,kg,BD-SP2KP,,,,,SP2KP Kemendag: Gula Pasir Kemasan (Pasar Kepahiang)
2026-09-10,PSR91,MGR02,23000,liter,BD-SP2KP,,,,,SP2KP Kemendag: Minyak Goreng Sawit Kemasan Premium (Pasar Kepahiang)
2026-09-10,PSR91,DSP01,140000,kg,BD-SP2KP,,,,,SP2KP Kemendag: Daging Sapi Paha Belakang (Pasar Kepahiang)
2026-09-10,PSR91,CMR02,50000,kg,BD-SP2KP,,,,,SP2KP Kemendag: Cabai Merah Keriting (Pasar Kepahiang)
2026-09-10,PSR91,TLR01,26600,kg,BD-SP2KP,,,,,SP2KP Kemendag: Telur Ayam Ras (Pasar Kepahiang)
2026-09-10,PSR91,DAY01,46000,kg,BD-SP2KP,,,,,SP2KP Kemendag: Daging Ayam Ras (Pasar Kepahiang)
2026-09-10,PSR91,BWP01,32000,kg,BD-SP2KP,,,,,SP2KP Kemendag: Bawang Putih Honan (Pasar Kepahiang)
2026-09-10,PSR91,BRS05,15500,kg,BD-SP2KP,,,,,SP2KP Kemendag: Beras Premium (Pasar Kepahiang)
2026-09-10,PSR91,BRS03,14000,kg,BD-SP2KP,,,,,SP2KP Kemendag: Beras Medium (Pasar Kepahiang)
2026-09-10,PSR91,DSP02,140000,kg,BD-SP2KP,,,,,SP2KP Kemendag: Daging Sapi Paha Depan (Pasar Kepahiang)
2026-09-10,PSR91,CMR01,50000,kg,BD-SP2KP,,,,,SP2KP Kemendag: Cabai Merah Besar (Pasar Kepahiang)
2026-09-10,PSR01,CRW02,60000,kg,BD-SP2KP,,,,,SP2KP Kemendag: Cabai Rawit Merah (Pasar Taba Penanjung)
2026-09-10,PSR01,CRW01,55000,kg,BD-SP2KP,,,,,SP2KP Kemendag: Cabai Rawit Hijau (Pasar Taba Penanjung)
2026-09-10,PSR01,BWM01,28000,kg,BD-SP2KP,,,,,SP2KP Kemendag: Bawang Merah (Pasar Taba Penanjung)
2026-09-10,PSR01,GLP01,18000,kg,BD-SP2KP,,,,,SP2KP Kemendag: Gula Pasir Curah (Pasar Taba Penanjung)
2026-09-10,PSR01,GLP02,18000,kg,BD-SP2KP,,,,,SP2KP Kemendag: Gula Pasir Kemasan (Pasar Taba Penanjung)
2026-09-10,PSR01,MGR02,22000,liter,BD-SP2KP,,,,,SP2KP Kemendag: Minyak Goreng Sawit Kemasan Premium (Pasar Taba Penanjung)
2026-09-10,PSR01,DSP01,160000,kg,BD-SP2KP,,,,,SP2KP Kemendag: Daging Sapi Paha Belakang (Pasar Taba Penanjung)
2026-09-10,PSR01,CMR02,55000,kg,BD-SP2KP,,,,,SP2KP Kemendag: Cabai Merah Keriting (Pasar Taba Penanjung)
2026-09-10,PSR01,TLR01,25600,kg,BD-SP2KP,,,,,SP2KP Kemendag: Telur Ayam Ras (Pasar Taba Penanjung)
2026-09-10,PSR01,DAY01,40000,kg,BD-SP2KP,,,,,SP2KP Kemendag: Daging Ayam Ras (Pasar Taba Penanjung)
2026-09-10,PSR01,BWP01,30000,kg,BD-SP2KP,,,,,SP2KP Kemendag: Bawang Putih Honan (Pasar Taba Penanjung)
2026-09-10,PSR01,BRS05,16500,kg,BD-SP2KP,,,,,SP2KP Kemendag: Beras Premium (Pasar Taba Penanjung)
2026-09-10,PSR01,BRS03,14375,kg,BD-SP2KP,,,,,SP2KP Kemendag: Beras Medium (Pasar Taba Penanjung)
2026-09-10,PSR01,DSP02,160000,kg,BD-SP2KP,,,,,SP2KP Kemendag: Daging Sapi Paha Depan (Pasar Taba Penanjung)
2026-09-10,PSR01,CMR01,50000,kg,BD-SP2KP,,,,,SP2KP Kemendag: Cabai Merah Besar (Pasar Taba Penanjung)
2026-09-10,PSR92,CRW02,70000,kg,BD-SP2KP,,,,,SP2KP Kemendag: Cabai Rawit Merah (Pasar Panorama)
2026-09-10,PSR92,CRW01,68333,kg,BD-SP2KP,,,,,SP2KP Kemendag: Cabai Rawit Hijau (Pasar Panorama)
2026-09-10,PSR92,BWM01,45000,kg,BD-SP2KP,,,,,SP2KP Kemendag: Bawang Merah (Pasar Panorama)
2026-09-10,PSR92,GLP01,18667,kg,BD-SP2KP,,,,,SP2KP Kemendag: Gula Pasir Curah (Pasar Panorama)
2026-09-10,PSR92,GLP02,19000,kg,BD-SP2KP,,,,,SP2KP Kemendag: Gula Pasir Kemasan (Pasar Panorama)
2026-09-10,PSR92,MGR02,23000,liter,BD-SP2KP,,,,,SP2KP Kemendag: Minyak Goreng Sawit Kemasan Premium (Pasar Panorama)
2026-09-10,PSR92,DSP01,160000,kg,BD-SP2KP,,,,,SP2KP Kemendag: Daging Sapi Paha Belakang (Pasar Panorama)
2026-09-10,PSR92,CMR02,60000,kg,BD-SP2KP,,,,,SP2KP Kemendag: Cabai Merah Keriting (Pasar Panorama)
2026-09-10,PSR92,TLR01,30400,kg,BD-SP2KP,,,,,SP2KP Kemendag: Telur Ayam Ras (Pasar Panorama)
2026-09-10,PSR92,DAY01,48000,kg,BD-SP2KP,,,,,SP2KP Kemendag: Daging Ayam Ras (Pasar Panorama)
2026-09-10,PSR92,BWP01,46667,kg,BD-SP2KP,,,,,SP2KP Kemendag: Bawang Putih Honan (Pasar Panorama)
2026-09-10,PSR92,BRS05,16750,kg,BD-SP2KP,,,,,SP2KP Kemendag: Beras Premium (Pasar Panorama)
2026-09-10,PSR92,BRS03,14625,kg,BD-SP2KP,,,,,SP2KP Kemendag: Beras Medium (Pasar Panorama)
2026-09-10,PSR92,DSP02,160000,kg,BD-SP2KP,,,,,SP2KP Kemendag: Daging Sapi Paha Depan (Pasar Panorama)
2026-09-10,PSR92,CMR01,35000,kg,BD-SP2KP,,,,,SP2KP Kemendag: Cabai Merah Besar (Pasar Panorama)
2026-09-11,PSR91,CRW02,60000,kg,BD-SP2KP,,,,,SP2KP Kemendag: Cabai Rawit Merah (Pasar Kepahiang)
2026-09-11,PSR91,CRW01,55000,kg,BD-SP2KP,,,,,SP2KP Kemendag: Cabai Rawit Hijau (Pasar Kepahiang)
2026-09-11,PSR91,BWM01,30000,kg,BD-SP2KP,,,,,SP2KP Kemendag: Bawang Merah (Pasar Kepahiang)
2026-09-11,PSR91,GLP01,18000,kg,BD-SP2KP,,,,,SP2KP Kemendag: Gula Pasir Curah (Pasar Kepahiang)
2026-09-11,PSR91,GLP02,19000,kg,BD-SP2KP,,,,,SP2KP Kemendag: Gula Pasir Kemasan (Pasar Kepahiang)
2026-09-11,PSR91,MGR02,23000,liter,BD-SP2KP,,,,,SP2KP Kemendag: Minyak Goreng Sawit Kemasan Premium (Pasar Kepahiang)
2026-09-11,PSR91,DSP01,140000,kg,BD-SP2KP,,,,,SP2KP Kemendag: Daging Sapi Paha Belakang (Pasar Kepahiang)
2026-09-11,PSR91,CMR02,50000,kg,BD-SP2KP,,,,,SP2KP Kemendag: Cabai Merah Keriting (Pasar Kepahiang)
2026-09-11,PSR91,TLR01,26600,kg,BD-SP2KP,,,,,SP2KP Kemendag: Telur Ayam Ras (Pasar Kepahiang)
2026-09-11,PSR91,DAY01,46000,kg,BD-SP2KP,,,,,SP2KP Kemendag: Daging Ayam Ras (Pasar Kepahiang)
2026-09-11,PSR91,BWP01,30000,kg,BD-SP2KP,,,,,SP2KP Kemendag: Bawang Putih Honan (Pasar Kepahiang)
2026-09-11,PSR91,BRS05,15500,kg,BD-SP2KP,,,,,SP2KP Kemendag: Beras Premium (Pasar Kepahiang)
2026-09-11,PSR91,BRS03,14000,kg,BD-SP2KP,,,,,SP2KP Kemendag: Beras Medium (Pasar Kepahiang)
2026-09-11,PSR91,DSP02,140000,kg,BD-SP2KP,,,,,SP2KP Kemendag: Daging Sapi Paha Depan (Pasar Kepahiang)
2026-09-11,PSR91,CMR01,50000,kg,BD-SP2KP,,,,,SP2KP Kemendag: Cabai Merah Besar (Pasar Kepahiang)
2026-09-11,PSR01,CRW02,60000,kg,BD-SP2KP,,,,,SP2KP Kemendag: Cabai Rawit Merah (Pasar Taba Penanjung)
2026-09-11,PSR01,CRW01,55000,kg,BD-SP2KP,,,,,SP2KP Kemendag: Cabai Rawit Hijau (Pasar Taba Penanjung)
2026-09-11,PSR01,BWM01,28000,kg,BD-SP2KP,,,,,SP2KP Kemendag: Bawang Merah (Pasar Taba Penanjung)
2026-09-11,PSR01,GLP01,18000,kg,BD-SP2KP,,,,,SP2KP Kemendag: Gula Pasir Curah (Pasar Taba Penanjung)
2026-09-11,PSR01,GLP02,18000,kg,BD-SP2KP,,,,,SP2KP Kemendag: Gula Pasir Kemasan (Pasar Taba Penanjung)
2026-09-11,PSR01,MGR02,22000,liter,BD-SP2KP,,,,,SP2KP Kemendag: Minyak Goreng Sawit Kemasan Premium (Pasar Taba Penanjung)
2026-09-11,PSR01,DSP01,160000,kg,BD-SP2KP,,,,,SP2KP Kemendag: Daging Sapi Paha Belakang (Pasar Taba Penanjung)
2026-09-11,PSR01,CMR02,55000,kg,BD-SP2KP,,,,,SP2KP Kemendag: Cabai Merah Keriting (Pasar Taba Penanjung)
2026-09-11,PSR01,TLR01,25600,kg,BD-SP2KP,,,,,SP2KP Kemendag: Telur Ayam Ras (Pasar Taba Penanjung)
2026-09-11,PSR01,DAY01,40000,kg,BD-SP2KP,,,,,SP2KP Kemendag: Daging Ayam Ras (Pasar Taba Penanjung)
2026-09-11,PSR01,BWP01,30000,kg,BD-SP2KP,,,,,SP2KP Kemendag: Bawang Putih Honan (Pasar Taba Penanjung)
2026-09-11,PSR01,BRS05,16500,kg,BD-SP2KP,,,,,SP2KP Kemendag: Beras Premium (Pasar Taba Penanjung)
2026-09-11,PSR01,BRS03,14375,kg,BD-SP2KP,,,,,SP2KP Kemendag: Beras Medium (Pasar Taba Penanjung)
2026-09-11,PSR01,DSP02,160000,kg,BD-SP2KP,,,,,SP2KP Kemendag: Daging Sapi Paha Depan (Pasar Taba Penanjung)
2026-09-11,PSR01,CMR01,50000,kg,BD-SP2KP,,,,,SP2KP Kemendag: Cabai Merah Besar (Pasar Taba Penanjung)
2026-09-11,PSR92,CRW02,70000,kg,BD-SP2KP,,,,,SP2KP Kemendag: Cabai Rawit Merah (Pasar Panorama)
2026-09-11,PSR92,CRW01,68333,kg,BD-SP2KP,,,,,SP2KP Kemendag: Cabai Rawit Hijau (Pasar Panorama)
2026-09-11,PSR92,BWM01,45000,kg,BD-SP2KP,,,,,SP2KP Kemendag: Bawang Merah (Pasar Panorama)
2026-09-11,PSR92,GLP01,18833,kg,BD-SP2KP,,,,,SP2KP Kemendag: Gula Pasir Curah (Pasar Panorama)
2026-09-11,PSR92,GLP02,19000,kg,BD-SP2KP,,,,,SP2KP Kemendag: Gula Pasir Kemasan (Pasar Panorama)
2026-09-11,PSR92,MGR02,23000,liter,BD-SP2KP,,,,,SP2KP Kemendag: Minyak Goreng Sawit Kemasan Premium (Pasar Panorama)
2026-09-11,PSR92,DSP01,160000,kg,BD-SP2KP,,,,,SP2KP Kemendag: Daging Sapi Paha Belakang (Pasar Panorama)
2026-09-11,PSR92,CMR02,60000,kg,BD-SP2KP,,,,,SP2KP Kemendag: Cabai Merah Keriting (Pasar Panorama)
2026-09-11,PSR92,TLR01,30400,kg,BD-SP2KP,,,,,SP2KP Kemendag: Telur Ayam Ras (Pasar Panorama)
2026-09-11,PSR92,DAY01,47667,kg,BD-SP2KP,,,,,SP2KP Kemendag: Daging Ayam Ras (Pasar Panorama)
2026-09-11,PSR92,BWP01,46667,kg,BD-SP2KP,,,,,SP2KP Kemendag: Bawang Putih Honan (Pasar Panorama)
2026-09-11,PSR92,BRS05,16750,kg,BD-SP2KP,,,,,SP2KP Kemendag: Beras Premium (Pasar Panorama)
2026-09-11,PSR92,BRS03,14625,kg,BD-SP2KP,,,,,SP2KP Kemendag: Beras Medium (Pasar Panorama)
2026-09-11,PSR92,DSP02,160000,kg,BD-SP2KP,,,,,SP2KP Kemendag: Daging Sapi Paha Depan (Pasar Panorama)
2026-09-11,PSR92,CMR01,35000,kg,BD-SP2KP,,,,,SP2KP Kemendag: Cabai Merah Besar (Pasar Panorama)
2026-09-14,PSR91,CRW02,60000,kg,BD-SP2KP,,,,,SP2KP Kemendag: Cabai Rawit Merah (Pasar Kepahiang)
2026-09-14,PSR91,CRW01,55000,kg,BD-SP2KP,,,,,SP2KP Kemendag: Cabai Rawit Hijau (Pasar Kepahiang)
2026-09-14,PSR91,BWM01,30000,kg,BD-SP2KP,,,,,SP2KP Kemendag: Bawang Merah (Pasar Kepahiang)
2026-09-14,PSR91,GLP01,18000,kg,BD-SP2KP,,,,,SP2KP Kemendag: Gula Pasir Curah (Pasar Kepahiang)
2026-09-14,PSR91,GLP02,19000,kg,BD-SP2KP,,,,,SP2KP Kemendag: Gula Pasir Kemasan (Pasar Kepahiang)
2026-09-14,PSR91,MGR02,23000,liter,BD-SP2KP,,,,,SP2KP Kemendag: Minyak Goreng Sawit Kemasan Premium (Pasar Kepahiang)
2026-09-14,PSR91,DSP01,140000,kg,BD-SP2KP,,,,,SP2KP Kemendag: Daging Sapi Paha Belakang (Pasar Kepahiang)
2026-09-14,PSR91,CMR02,50000,kg,BD-SP2KP,,,,,SP2KP Kemendag: Cabai Merah Keriting (Pasar Kepahiang)
2026-09-14,PSR91,TLR01,26600,kg,BD-SP2KP,,,,,SP2KP Kemendag: Telur Ayam Ras (Pasar Kepahiang)
2026-09-14,PSR91,DAY01,46000,kg,BD-SP2KP,,,,,SP2KP Kemendag: Daging Ayam Ras (Pasar Kepahiang)
2026-09-14,PSR91,BWP01,30000,kg,BD-SP2KP,,,,,SP2KP Kemendag: Bawang Putih Honan (Pasar Kepahiang)
2026-09-14,PSR91,BRS05,15500,kg,BD-SP2KP,,,,,SP2KP Kemendag: Beras Premium (Pasar Kepahiang)
2026-09-14,PSR91,BRS03,14000,kg,BD-SP2KP,,,,,SP2KP Kemendag: Beras Medium (Pasar Kepahiang)
2026-09-14,PSR91,DSP02,140000,kg,BD-SP2KP,,,,,SP2KP Kemendag: Daging Sapi Paha Depan (Pasar Kepahiang)
2026-09-14,PSR91,CMR01,50000,kg,BD-SP2KP,,,,,SP2KP Kemendag: Cabai Merah Besar (Pasar Kepahiang)
2026-09-14,PSR01,CRW02,60000,kg,BD-SP2KP,,,,,SP2KP Kemendag: Cabai Rawit Merah (Pasar Taba Penanjung)
2026-09-14,PSR01,CRW01,55000,kg,BD-SP2KP,,,,,SP2KP Kemendag: Cabai Rawit Hijau (Pasar Taba Penanjung)
2026-09-14,PSR01,BWM01,28000,kg,BD-SP2KP,,,,,SP2KP Kemendag: Bawang Merah (Pasar Taba Penanjung)
2026-09-14,PSR01,GLP01,18000,kg,BD-SP2KP,,,,,SP2KP Kemendag: Gula Pasir Curah (Pasar Taba Penanjung)
2026-09-14,PSR01,GLP02,18000,kg,BD-SP2KP,,,,,SP2KP Kemendag: Gula Pasir Kemasan (Pasar Taba Penanjung)
2026-09-14,PSR01,MGR02,22000,liter,BD-SP2KP,,,,,SP2KP Kemendag: Minyak Goreng Sawit Kemasan Premium (Pasar Taba Penanjung)
2026-09-14,PSR01,DSP01,160000,kg,BD-SP2KP,,,,,SP2KP Kemendag: Daging Sapi Paha Belakang (Pasar Taba Penanjung)
2026-09-14,PSR01,CMR02,55000,kg,BD-SP2KP,,,,,SP2KP Kemendag: Cabai Merah Keriting (Pasar Taba Penanjung)
2026-09-14,PSR01,TLR01,25600,kg,BD-SP2KP,,,,,SP2KP Kemendag: Telur Ayam Ras (Pasar Taba Penanjung)
2026-09-14,PSR01,DAY01,40000,kg,BD-SP2KP,,,,,SP2KP Kemendag: Daging Ayam Ras (Pasar Taba Penanjung)
2026-09-14,PSR01,BWP01,30000,kg,BD-SP2KP,,,,,SP2KP Kemendag: Bawang Putih Honan (Pasar Taba Penanjung)
2026-09-14,PSR01,BRS05,16500,kg,BD-SP2KP,,,,,SP2KP Kemendag: Beras Premium (Pasar Taba Penanjung)
2026-09-14,PSR01,BRS03,14375,kg,BD-SP2KP,,,,,SP2KP Kemendag: Beras Medium (Pasar Taba Penanjung)
2026-09-14,PSR01,DSP02,160000,kg,BD-SP2KP,,,,,SP2KP Kemendag: Daging Sapi Paha Depan (Pasar Taba Penanjung)
2026-09-14,PSR01,CMR01,50000,kg,BD-SP2KP,,,,,SP2KP Kemendag: Cabai Merah Besar (Pasar Taba Penanjung)
2026-09-14,PSR92,CRW02,70000,kg,BD-SP2KP,,,,,SP2KP Kemendag: Cabai Rawit Merah (Pasar Panorama)
2026-09-14,PSR92,CRW01,68333,kg,BD-SP2KP,,,,,SP2KP Kemendag: Cabai Rawit Hijau (Pasar Panorama)
2026-09-14,PSR92,BWM01,45000,kg,BD-SP2KP,,,,,SP2KP Kemendag: Bawang Merah (Pasar Panorama)
2026-09-14,PSR92,GLP01,18833,kg,BD-SP2KP,,,,,SP2KP Kemendag: Gula Pasir Curah (Pasar Panorama)
2026-09-14,PSR92,GLP02,19000,kg,BD-SP2KP,,,,,SP2KP Kemendag: Gula Pasir Kemasan (Pasar Panorama)
2026-09-14,PSR92,MGR02,23000,liter,BD-SP2KP,,,,,SP2KP Kemendag: Minyak Goreng Sawit Kemasan Premium (Pasar Panorama)
2026-09-14,PSR92,DSP01,160000,kg,BD-SP2KP,,,,,SP2KP Kemendag: Daging Sapi Paha Belakang (Pasar Panorama)
2026-09-14,PSR92,CMR02,60000,kg,BD-SP2KP,,,,,SP2KP Kemendag: Cabai Merah Keriting (Pasar Panorama)
2026-09-14,PSR92,TLR01,30400,kg,BD-SP2KP,,,,,SP2KP Kemendag: Telur Ayam Ras (Pasar Panorama)
2026-09-14,PSR92,DAY01,47667,kg,BD-SP2KP,,,,,SP2KP Kemendag: Daging Ayam Ras (Pasar Panorama)
2026-09-14,PSR92,BWP01,46667,kg,BD-SP2KP,,,,,SP2KP Kemendag: Bawang Putih Honan (Pasar Panorama)
2026-09-14,PSR92,BRS05,16750,kg,BD-SP2KP,,,,,SP2KP Kemendag: Beras Premium (Pasar Panorama)
2026-09-14,PSR92,BRS03,14625,kg,BD-SP2KP,,,,,SP2KP Kemendag: Beras Medium (Pasar Panorama)
2026-09-14,PSR92,DSP02,160000,kg,BD-SP2KP,,,,,SP2KP Kemendag: Daging Sapi Paha Depan (Pasar Panorama)
2026-09-14,PSR92,CMR01,35000,kg,BD-SP2KP,,,,,SP2KP Kemendag: Cabai Merah Besar (Pasar Panorama)
2026-09-15,PSR91,CRW02,60000,kg,BD-SP2KP,,,,,SP2KP Kemendag: Cabai Rawit Merah (Pasar Kepahiang)
2026-09-15,PSR91,CRW01,55000,kg,BD-SP2KP,,,,,SP2KP Kemendag: Cabai Rawit Hijau (Pasar Kepahiang)
2026-09-15,PSR91,BWM01,30000,kg,BD-SP2KP,,,,,SP2KP Kemendag: Bawang Merah (Pasar Kepahiang)
2026-09-15,PSR91,GLP01,18000,kg,BD-SP2KP,,,,,SP2KP Kemendag: Gula Pasir Curah (Pasar Kepahiang)
2026-09-15,PSR91,GLP02,19000,kg,BD-SP2KP,,,,,SP2KP Kemendag: Gula Pasir Kemasan (Pasar Kepahiang)
2026-09-15,PSR91,MGR02,23000,liter,BD-SP2KP,,,,,SP2KP Kemendag: Minyak Goreng Sawit Kemasan Premium (Pasar Kepahiang)
2026-09-15,PSR91,DSP01,140000,kg,BD-SP2KP,,,,,SP2KP Kemendag: Daging Sapi Paha Belakang (Pasar Kepahiang)
2026-09-15,PSR91,CMR02,55000,kg,BD-SP2KP,,,,,SP2KP Kemendag: Cabai Merah Keriting (Pasar Kepahiang)
2026-09-15,PSR91,TLR01,26600,kg,BD-SP2KP,,,,,SP2KP Kemendag: Telur Ayam Ras (Pasar Kepahiang)
2026-09-15,PSR91,DAY01,46000,kg,BD-SP2KP,,,,,SP2KP Kemendag: Daging Ayam Ras (Pasar Kepahiang)
2026-09-15,PSR91,BWP01,30000,kg,BD-SP2KP,,,,,SP2KP Kemendag: Bawang Putih Honan (Pasar Kepahiang)
2026-09-15,PSR91,BRS05,15500,kg,BD-SP2KP,,,,,SP2KP Kemendag: Beras Premium (Pasar Kepahiang)
2026-09-15,PSR91,BRS03,14000,kg,BD-SP2KP,,,,,SP2KP Kemendag: Beras Medium (Pasar Kepahiang)
2026-09-15,PSR91,DSP02,140000,kg,BD-SP2KP,,,,,SP2KP Kemendag: Daging Sapi Paha Depan (Pasar Kepahiang)
2026-09-15,PSR91,CMR01,55000,kg,BD-SP2KP,,,,,SP2KP Kemendag: Cabai Merah Besar (Pasar Kepahiang)
2026-09-15,PSR01,CRW02,60000,kg,BD-SP2KP,,,,,SP2KP Kemendag: Cabai Rawit Merah (Pasar Taba Penanjung)
2026-09-15,PSR01,CRW01,55000,kg,BD-SP2KP,,,,,SP2KP Kemendag: Cabai Rawit Hijau (Pasar Taba Penanjung)
2026-09-15,PSR01,BWM01,28000,kg,BD-SP2KP,,,,,SP2KP Kemendag: Bawang Merah (Pasar Taba Penanjung)
2026-09-15,PSR01,GLP01,18000,kg,BD-SP2KP,,,,,SP2KP Kemendag: Gula Pasir Curah (Pasar Taba Penanjung)
2026-09-15,PSR01,GLP02,18000,kg,BD-SP2KP,,,,,SP2KP Kemendag: Gula Pasir Kemasan (Pasar Taba Penanjung)
2026-09-15,PSR01,MGR02,22000,liter,BD-SP2KP,,,,,SP2KP Kemendag: Minyak Goreng Sawit Kemasan Premium (Pasar Taba Penanjung)
2026-09-15,PSR01,DSP01,160000,kg,BD-SP2KP,,,,,SP2KP Kemendag: Daging Sapi Paha Belakang (Pasar Taba Penanjung)
2026-09-15,PSR01,CMR02,55000,kg,BD-SP2KP,,,,,SP2KP Kemendag: Cabai Merah Keriting (Pasar Taba Penanjung)
2026-09-15,PSR01,TLR01,25600,kg,BD-SP2KP,,,,,SP2KP Kemendag: Telur Ayam Ras (Pasar Taba Penanjung)
2026-09-15,PSR01,DAY01,40000,kg,BD-SP2KP,,,,,SP2KP Kemendag: Daging Ayam Ras (Pasar Taba Penanjung)
2026-09-15,PSR01,BWP01,30000,kg,BD-SP2KP,,,,,SP2KP Kemendag: Bawang Putih Honan (Pasar Taba Penanjung)
2026-09-15,PSR01,BRS05,16500,kg,BD-SP2KP,,,,,SP2KP Kemendag: Beras Premium (Pasar Taba Penanjung)
2026-09-15,PSR01,BRS03,14375,kg,BD-SP2KP,,,,,SP2KP Kemendag: Beras Medium (Pasar Taba Penanjung)
2026-09-15,PSR01,DSP02,160000,kg,BD-SP2KP,,,,,SP2KP Kemendag: Daging Sapi Paha Depan (Pasar Taba Penanjung)
2026-09-15,PSR01,CMR01,50000,kg,BD-SP2KP,,,,,SP2KP Kemendag: Cabai Merah Besar (Pasar Taba Penanjung)
2026-09-15,PSR92,CRW02,70000,kg,BD-SP2KP,,,,,SP2KP Kemendag: Cabai Rawit Merah (Pasar Panorama)
2026-09-15,PSR92,CRW01,68333,kg,BD-SP2KP,,,,,SP2KP Kemendag: Cabai Rawit Hijau (Pasar Panorama)
2026-09-15,PSR92,BWM01,45000,kg,BD-SP2KP,,,,,SP2KP Kemendag: Bawang Merah (Pasar Panorama)
2026-09-15,PSR92,GLP01,18833,kg,BD-SP2KP,,,,,SP2KP Kemendag: Gula Pasir Curah (Pasar Panorama)
2026-09-15,PSR92,GLP02,19000,kg,BD-SP2KP,,,,,SP2KP Kemendag: Gula Pasir Kemasan (Pasar Panorama)
2026-09-15,PSR92,MGR02,23000,liter,BD-SP2KP,,,,,SP2KP Kemendag: Minyak Goreng Sawit Kemasan Premium (Pasar Panorama)
2026-09-15,PSR92,DSP01,160000,kg,BD-SP2KP,,,,,SP2KP Kemendag: Daging Sapi Paha Belakang (Pasar Panorama)
2026-09-15,PSR92,CMR02,60000,kg,BD-SP2KP,,,,,SP2KP Kemendag: Cabai Merah Keriting (Pasar Panorama)
2026-09-15,PSR92,TLR01,30400,kg,BD-SP2KP,,,,,SP2KP Kemendag: Telur Ayam Ras (Pasar Panorama)
2026-09-15,PSR92,DAY01,47667,kg,BD-SP2KP,,,,,SP2KP Kemendag: Daging Ayam Ras (Pasar Panorama)
2026-09-15,PSR92,BWP01,46667,kg,BD-SP2KP,,,,,SP2KP Kemendag: Bawang Putih Honan (Pasar Panorama)
2026-09-15,PSR92,BRS05,16750,kg,BD-SP2KP,,,,,SP2KP Kemendag: Beras Premium (Pasar Panorama)
2026-09-15,PSR92,BRS03,14625,kg,BD-SP2KP,,,,,SP2KP Kemendag: Beras Medium (Pasar Panorama)
2026-09-15,PSR92,DSP02,160000,kg,BD-SP2KP,,,,,SP2KP Kemendag: Daging Sapi Paha Depan (Pasar Panorama)
2026-09-15,PSR92,CMR01,35000,kg,BD-SP2KP,,,,,SP2KP Kemendag: Cabai Merah Besar (Pasar Panorama)
2026-09-16,PSR91,CRW02,60000,kg,BD-SP2KP,,,,,SP2KP Kemendag: Cabai Rawit Merah (Pasar Kepahiang)
2026-09-16,PSR91,CRW01,55000,kg,BD-SP2KP,,,,,SP2KP Kemendag: Cabai Rawit Hijau (Pasar Kepahiang)
2026-09-16,PSR91,BWM01,30000,kg,BD-SP2KP,,,,,SP2KP Kemendag: Bawang Merah (Pasar Kepahiang)
2026-09-16,PSR91,GLP01,18000,kg,BD-SP2KP,,,,,SP2KP Kemendag: Gula Pasir Curah (Pasar Kepahiang)
2026-09-16,PSR91,GLP02,19000,kg,BD-SP2KP,,,,,SP2KP Kemendag: Gula Pasir Kemasan (Pasar Kepahiang)
2026-09-16,PSR91,MGR02,23000,liter,BD-SP2KP,,,,,SP2KP Kemendag: Minyak Goreng Sawit Kemasan Premium (Pasar Kepahiang)
2026-09-16,PSR91,DSP01,140000,kg,BD-SP2KP,,,,,SP2KP Kemendag: Daging Sapi Paha Belakang (Pasar Kepahiang)
2026-09-16,PSR91,CMR02,55000,kg,BD-SP2KP,,,,,SP2KP Kemendag: Cabai Merah Keriting (Pasar Kepahiang)
2026-09-16,PSR91,TLR01,26600,kg,BD-SP2KP,,,,,SP2KP Kemendag: Telur Ayam Ras (Pasar Kepahiang)
2026-09-16,PSR91,DAY01,45000,kg,BD-SP2KP,,,,,SP2KP Kemendag: Daging Ayam Ras (Pasar Kepahiang)
2026-09-16,PSR91,BWP01,30000,kg,BD-SP2KP,,,,,SP2KP Kemendag: Bawang Putih Honan (Pasar Kepahiang)
2026-09-16,PSR91,BRS05,15500,kg,BD-SP2KP,,,,,SP2KP Kemendag: Beras Premium (Pasar Kepahiang)
2026-09-16,PSR91,BRS03,14000,kg,BD-SP2KP,,,,,SP2KP Kemendag: Beras Medium (Pasar Kepahiang)
2026-09-16,PSR91,DSP02,140000,kg,BD-SP2KP,,,,,SP2KP Kemendag: Daging Sapi Paha Depan (Pasar Kepahiang)
2026-09-16,PSR91,CMR01,55000,kg,BD-SP2KP,,,,,SP2KP Kemendag: Cabai Merah Besar (Pasar Kepahiang)
2026-09-16,PSR01,CRW02,60000,kg,BD-SP2KP,,,,,SP2KP Kemendag: Cabai Rawit Merah (Pasar Taba Penanjung)
2026-09-16,PSR01,CRW01,55000,kg,BD-SP2KP,,,,,SP2KP Kemendag: Cabai Rawit Hijau (Pasar Taba Penanjung)
2026-09-16,PSR01,BWM01,28000,kg,BD-SP2KP,,,,,SP2KP Kemendag: Bawang Merah (Pasar Taba Penanjung)
2026-09-16,PSR01,GLP01,18000,kg,BD-SP2KP,,,,,SP2KP Kemendag: Gula Pasir Curah (Pasar Taba Penanjung)
2026-09-16,PSR01,GLP02,18000,kg,BD-SP2KP,,,,,SP2KP Kemendag: Gula Pasir Kemasan (Pasar Taba Penanjung)
2026-09-16,PSR01,MGR02,22000,liter,BD-SP2KP,,,,,SP2KP Kemendag: Minyak Goreng Sawit Kemasan Premium (Pasar Taba Penanjung)
2026-09-16,PSR01,DSP01,160000,kg,BD-SP2KP,,,,,SP2KP Kemendag: Daging Sapi Paha Belakang (Pasar Taba Penanjung)
2026-09-16,PSR01,CMR02,55000,kg,BD-SP2KP,,,,,SP2KP Kemendag: Cabai Merah Keriting (Pasar Taba Penanjung)
2026-09-16,PSR01,TLR01,25600,kg,BD-SP2KP,,,,,SP2KP Kemendag: Telur Ayam Ras (Pasar Taba Penanjung)
2026-09-16,PSR01,DAY01,40000,kg,BD-SP2KP,,,,,SP2KP Kemendag: Daging Ayam Ras (Pasar Taba Penanjung)
2026-09-16,PSR01,BWP01,30000,kg,BD-SP2KP,,,,,SP2KP Kemendag: Bawang Putih Honan (Pasar Taba Penanjung)
2026-09-16,PSR01,BRS05,16500,kg,BD-SP2KP,,,,,SP2KP Kemendag: Beras Premium (Pasar Taba Penanjung)
2026-09-16,PSR01,BRS03,14375,kg,BD-SP2KP,,,,,SP2KP Kemendag: Beras Medium (Pasar Taba Penanjung)
2026-09-16,PSR01,DSP02,160000,kg,BD-SP2KP,,,,,SP2KP Kemendag: Daging Sapi Paha Depan (Pasar Taba Penanjung)
2026-09-16,PSR01,CMR01,50000,kg,BD-SP2KP,,,,,SP2KP Kemendag: Cabai Merah Besar (Pasar Taba Penanjung)
2026-09-16,PSR92,CRW02,70000,kg,BD-SP2KP,,,,,SP2KP Kemendag: Cabai Rawit Merah (Pasar Panorama)
2026-09-16,PSR92,CRW01,68333,kg,BD-SP2KP,,,,,SP2KP Kemendag: Cabai Rawit Hijau (Pasar Panorama)
2026-09-16,PSR92,BWM01,45000,kg,BD-SP2KP,,,,,SP2KP Kemendag: Bawang Merah (Pasar Panorama)
2026-09-16,PSR92,GLP01,18833,kg,BD-SP2KP,,,,,SP2KP Kemendag: Gula Pasir Curah (Pasar Panorama)
2026-09-16,PSR92,GLP02,19000,kg,BD-SP2KP,,,,,SP2KP Kemendag: Gula Pasir Kemasan (Pasar Panorama)
2026-09-16,PSR92,MGR02,23000,liter,BD-SP2KP,,,,,SP2KP Kemendag: Minyak Goreng Sawit Kemasan Premium (Pasar Panorama)
2026-09-16,PSR92,DSP01,160000,kg,BD-SP2KP,,,,,SP2KP Kemendag: Daging Sapi Paha Belakang (Pasar Panorama)
2026-09-16,PSR92,CMR02,60000,kg,BD-SP2KP,,,,,SP2KP Kemendag: Cabai Merah Keriting (Pasar Panorama)
2026-09-16,PSR92,TLR01,30400,kg,BD-SP2KP,,,,,SP2KP Kemendag: Telur Ayam Ras (Pasar Panorama)
2026-09-16,PSR92,DAY01,45667,kg,BD-SP2KP,,,,,SP2KP Kemendag: Daging Ayam Ras (Pasar Panorama)
2026-09-16,PSR92,BWP01,46667,kg,BD-SP2KP,,,,,SP2KP Kemendag: Bawang Putih Honan (Pasar Panorama)
2026-09-16,PSR92,BRS05,16750,kg,BD-SP2KP,,,,,SP2KP Kemendag: Beras Premium (Pasar Panorama)
2026-09-16,PSR92,BRS03,14625,kg,BD-SP2KP,,,,,SP2KP Kemendag: Beras Medium (Pasar Panorama)
2026-09-16,PSR92,DSP02,160000,kg,BD-SP2KP,,,,,SP2KP Kemendag: Daging Sapi Paha Depan (Pasar Panorama)
2026-09-16,PSR92,CMR01,35000,kg,BD-SP2KP,,,,,SP2KP Kemendag: Cabai Merah Besar (Pasar Panorama)
2026-09-17,PSR91,CRW02,60000,kg,BD-SP2KP,,,,,SP2KP Kemendag: Cabai Rawit Merah (Pasar Kepahiang)
2026-09-17,PSR91,CRW01,55000,kg,BD-SP2KP,,,,,SP2KP Kemendag: Cabai Rawit Hijau (Pasar Kepahiang)
2026-09-17,PSR91,BWM01,30000,kg,BD-SP2KP,,,,,SP2KP Kemendag: Bawang Merah (Pasar Kepahiang)
2026-09-17,PSR91,GLP01,18000,kg,BD-SP2KP,,,,,SP2KP Kemendag: Gula Pasir Curah (Pasar Kepahiang)
2026-09-17,PSR91,GLP02,19000,kg,BD-SP2KP,,,,,SP2KP Kemendag: Gula Pasir Kemasan (Pasar Kepahiang)
2026-09-17,PSR91,MGR02,23000,liter,BD-SP2KP,,,,,SP2KP Kemendag: Minyak Goreng Sawit Kemasan Premium (Pasar Kepahiang)
2026-09-17,PSR91,DSP01,140000,kg,BD-SP2KP,,,,,SP2KP Kemendag: Daging Sapi Paha Belakang (Pasar Kepahiang)
2026-09-17,PSR91,CMR02,55000,kg,BD-SP2KP,,,,,SP2KP Kemendag: Cabai Merah Keriting (Pasar Kepahiang)
2026-09-17,PSR91,TLR01,26600,kg,BD-SP2KP,,,,,SP2KP Kemendag: Telur Ayam Ras (Pasar Kepahiang)
2026-09-17,PSR91,DAY01,44000,kg,BD-SP2KP,,,,,SP2KP Kemendag: Daging Ayam Ras (Pasar Kepahiang)
2026-09-17,PSR91,BWP01,30000,kg,BD-SP2KP,,,,,SP2KP Kemendag: Bawang Putih Honan (Pasar Kepahiang)
2026-09-17,PSR91,BRS05,15500,kg,BD-SP2KP,,,,,SP2KP Kemendag: Beras Premium (Pasar Kepahiang)
2026-09-17,PSR91,BRS03,14000,kg,BD-SP2KP,,,,,SP2KP Kemendag: Beras Medium (Pasar Kepahiang)
2026-09-17,PSR91,DSP02,140000,kg,BD-SP2KP,,,,,SP2KP Kemendag: Daging Sapi Paha Depan (Pasar Kepahiang)
2026-09-17,PSR91,CMR01,55000,kg,BD-SP2KP,,,,,SP2KP Kemendag: Cabai Merah Besar (Pasar Kepahiang)
2026-09-17,PSR01,CRW02,65000,kg,BD-SP2KP,,,,,SP2KP Kemendag: Cabai Rawit Merah (Pasar Taba Penanjung)
2026-09-17,PSR01,CRW01,55000,kg,BD-SP2KP,,,,,SP2KP Kemendag: Cabai Rawit Hijau (Pasar Taba Penanjung)
2026-09-17,PSR01,BWM01,28000,kg,BD-SP2KP,,,,,SP2KP Kemendag: Bawang Merah (Pasar Taba Penanjung)
2026-09-17,PSR01,GLP01,18000,kg,BD-SP2KP,,,,,SP2KP Kemendag: Gula Pasir Curah (Pasar Taba Penanjung)
2026-09-17,PSR01,GLP02,18000,kg,BD-SP2KP,,,,,SP2KP Kemendag: Gula Pasir Kemasan (Pasar Taba Penanjung)
2026-09-17,PSR01,MGR02,22000,liter,BD-SP2KP,,,,,SP2KP Kemendag: Minyak Goreng Sawit Kemasan Premium (Pasar Taba Penanjung)
2026-09-17,PSR01,DSP01,160000,kg,BD-SP2KP,,,,,SP2KP Kemendag: Daging Sapi Paha Belakang (Pasar Taba Penanjung)
2026-09-17,PSR01,CMR02,60000,kg,BD-SP2KP,,,,,SP2KP Kemendag: Cabai Merah Keriting (Pasar Taba Penanjung)
2026-09-17,PSR01,TLR01,25600,kg,BD-SP2KP,,,,,SP2KP Kemendag: Telur Ayam Ras (Pasar Taba Penanjung)
2026-09-17,PSR01,DAY01,40000,kg,BD-SP2KP,,,,,SP2KP Kemendag: Daging Ayam Ras (Pasar Taba Penanjung)
2026-09-17,PSR01,BWP01,30000,kg,BD-SP2KP,,,,,SP2KP Kemendag: Bawang Putih Honan (Pasar Taba Penanjung)
2026-09-17,PSR01,BRS05,16500,kg,BD-SP2KP,,,,,SP2KP Kemendag: Beras Premium (Pasar Taba Penanjung)
2026-09-17,PSR01,BRS03,14375,kg,BD-SP2KP,,,,,SP2KP Kemendag: Beras Medium (Pasar Taba Penanjung)
2026-09-17,PSR01,DSP02,160000,kg,BD-SP2KP,,,,,SP2KP Kemendag: Daging Sapi Paha Depan (Pasar Taba Penanjung)
2026-09-17,PSR01,CMR01,55000,kg,BD-SP2KP,,,,,SP2KP Kemendag: Cabai Merah Besar (Pasar Taba Penanjung)
2026-09-17,PSR92,CRW02,70000,kg,BD-SP2KP,,,,,SP2KP Kemendag: Cabai Rawit Merah (Pasar Panorama)
2026-09-17,PSR92,CRW01,68333,kg,BD-SP2KP,,,,,SP2KP Kemendag: Cabai Rawit Hijau (Pasar Panorama)
2026-09-17,PSR92,BWM01,45000,kg,BD-SP2KP,,,,,SP2KP Kemendag: Bawang Merah (Pasar Panorama)
2026-09-17,PSR92,GLP01,18833,kg,BD-SP2KP,,,,,SP2KP Kemendag: Gula Pasir Curah (Pasar Panorama)
2026-09-17,PSR92,GLP02,19000,kg,BD-SP2KP,,,,,SP2KP Kemendag: Gula Pasir Kemasan (Pasar Panorama)
2026-09-17,PSR92,MGR02,23000,liter,BD-SP2KP,,,,,SP2KP Kemendag: Minyak Goreng Sawit Kemasan Premium (Pasar Panorama)
2026-09-17,PSR92,DSP01,160000,kg,BD-SP2KP,,,,,SP2KP Kemendag: Daging Sapi Paha Belakang (Pasar Panorama)
2026-09-17,PSR92,CMR02,70000,kg,BD-SP2KP,,,,,SP2KP Kemendag: Cabai Merah Keriting (Pasar Panorama)
2026-09-17,PSR92,TLR01,30400,kg,BD-SP2KP,,,,,SP2KP Kemendag: Telur Ayam Ras (Pasar Panorama)
2026-09-17,PSR92,DAY01,45667,kg,BD-SP2KP,,,,,SP2KP Kemendag: Daging Ayam Ras (Pasar Panorama)
2026-09-17,PSR92,BWP01,46667,kg,BD-SP2KP,,,,,SP2KP Kemendag: Bawang Putih Honan (Pasar Panorama)
2026-09-17,PSR92,BRS05,16750,kg,BD-SP2KP,,,,,SP2KP Kemendag: Beras Premium (Pasar Panorama)
2026-09-17,PSR92,BRS03,14625,kg,BD-SP2KP,,,,,SP2KP Kemendag: Beras Medium (Pasar Panorama)
2026-09-17,PSR92,DSP02,160000,kg,BD-SP2KP,,,,,SP2KP Kemendag: Daging Sapi Paha Depan (Pasar Panorama)
2026-09-17,PSR92,CMR01,35000,kg,BD-SP2KP,,,,,SP2KP Kemendag: Cabai Merah Besar (Pasar Panorama)
2026-09-18,PSR91,CRW02,60000,kg,BD-SP2KP,,,,,SP2KP Kemendag: Cabai Rawit Merah (Pasar Kepahiang)
2026-09-18,PSR91,CRW01,55000,kg,BD-SP2KP,,,,,SP2KP Kemendag: Cabai Rawit Hijau (Pasar Kepahiang)
2026-09-18,PSR91,BWM01,30000,kg,BD-SP2KP,,,,,SP2KP Kemendag: Bawang Merah (Pasar Kepahiang)
2026-09-18,PSR91,GLP01,18000,kg,BD-SP2KP,,,,,SP2KP Kemendag: Gula Pasir Curah (Pasar Kepahiang)
2026-09-18,PSR91,GLP02,19000,kg,BD-SP2KP,,,,,SP2KP Kemendag: Gula Pasir Kemasan (Pasar Kepahiang)
2026-09-18,PSR91,MGR02,23000,liter,BD-SP2KP,,,,,SP2KP Kemendag: Minyak Goreng Sawit Kemasan Premium (Pasar Kepahiang)
2026-09-18,PSR91,DSP01,140000,kg,BD-SP2KP,,,,,SP2KP Kemendag: Daging Sapi Paha Belakang (Pasar Kepahiang)
2026-09-18,PSR91,CMR02,55000,kg,BD-SP2KP,,,,,SP2KP Kemendag: Cabai Merah Keriting (Pasar Kepahiang)
2026-09-18,PSR91,TLR01,26600,kg,BD-SP2KP,,,,,SP2KP Kemendag: Telur Ayam Ras (Pasar Kepahiang)
2026-09-18,PSR91,DAY01,44000,kg,BD-SP2KP,,,,,SP2KP Kemendag: Daging Ayam Ras (Pasar Kepahiang)
2026-09-18,PSR91,BWP01,30000,kg,BD-SP2KP,,,,,SP2KP Kemendag: Bawang Putih Honan (Pasar Kepahiang)
2026-09-18,PSR91,BRS05,15500,kg,BD-SP2KP,,,,,SP2KP Kemendag: Beras Premium (Pasar Kepahiang)
2026-09-18,PSR91,BRS03,14000,kg,BD-SP2KP,,,,,SP2KP Kemendag: Beras Medium (Pasar Kepahiang)
2026-09-18,PSR91,DSP02,140000,kg,BD-SP2KP,,,,,SP2KP Kemendag: Daging Sapi Paha Depan (Pasar Kepahiang)
2026-09-18,PSR91,CMR01,55000,kg,BD-SP2KP,,,,,SP2KP Kemendag: Cabai Merah Besar (Pasar Kepahiang)
2026-09-18,PSR01,CRW02,65000,kg,BD-SP2KP,,,,,SP2KP Kemendag: Cabai Rawit Merah (Pasar Taba Penanjung)
2026-09-18,PSR01,CRW01,55000,kg,BD-SP2KP,,,,,SP2KP Kemendag: Cabai Rawit Hijau (Pasar Taba Penanjung)
2026-09-18,PSR01,BWM01,28000,kg,BD-SP2KP,,,,,SP2KP Kemendag: Bawang Merah (Pasar Taba Penanjung)
2026-09-18,PSR01,GLP01,18000,kg,BD-SP2KP,,,,,SP2KP Kemendag: Gula Pasir Curah (Pasar Taba Penanjung)
2026-09-18,PSR01,GLP02,18000,kg,BD-SP2KP,,,,,SP2KP Kemendag: Gula Pasir Kemasan (Pasar Taba Penanjung)
2026-09-18,PSR01,MGR02,22000,liter,BD-SP2KP,,,,,SP2KP Kemendag: Minyak Goreng Sawit Kemasan Premium (Pasar Taba Penanjung)
2026-09-18,PSR01,DSP01,160000,kg,BD-SP2KP,,,,,SP2KP Kemendag: Daging Sapi Paha Belakang (Pasar Taba Penanjung)
2026-09-18,PSR01,CMR02,60000,kg,BD-SP2KP,,,,,SP2KP Kemendag: Cabai Merah Keriting (Pasar Taba Penanjung)
2026-09-18,PSR01,TLR01,25600,kg,BD-SP2KP,,,,,SP2KP Kemendag: Telur Ayam Ras (Pasar Taba Penanjung)
2026-09-18,PSR01,DAY01,40000,kg,BD-SP2KP,,,,,SP2KP Kemendag: Daging Ayam Ras (Pasar Taba Penanjung)
2026-09-18,PSR01,BWP01,30000,kg,BD-SP2KP,,,,,SP2KP Kemendag: Bawang Putih Honan (Pasar Taba Penanjung)
2026-09-18,PSR01,BRS05,16500,kg,BD-SP2KP,,,,,SP2KP Kemendag: Beras Premium (Pasar Taba Penanjung)
2026-09-18,PSR01,BRS03,14375,kg,BD-SP2KP,,,,,SP2KP Kemendag: Beras Medium (Pasar Taba Penanjung)
2026-09-18,PSR01,DSP02,160000,kg,BD-SP2KP,,,,,SP2KP Kemendag: Daging Sapi Paha Depan (Pasar Taba Penanjung)
2026-09-18,PSR01,CMR01,55000,kg,BD-SP2KP,,,,,SP2KP Kemendag: Cabai Merah Besar (Pasar Taba Penanjung)
2026-09-18,PSR92,CRW02,86667,kg,BD-SP2KP,,,,,SP2KP Kemendag: Cabai Rawit Merah (Pasar Panorama)
2026-09-18,PSR92,CRW01,73333,kg,BD-SP2KP,,,,,SP2KP Kemendag: Cabai Rawit Hijau (Pasar Panorama)
2026-09-18,PSR92,BWM01,45000,kg,BD-SP2KP,,,,,SP2KP Kemendag: Bawang Merah (Pasar Panorama)
2026-09-18,PSR92,GLP01,18833,kg,BD-SP2KP,,,,,SP2KP Kemendag: Gula Pasir Curah (Pasar Panorama)
2026-09-18,PSR92,GLP02,19000,kg,BD-SP2KP,,,,,SP2KP Kemendag: Gula Pasir Kemasan (Pasar Panorama)
2026-09-18,PSR92,MGR02,23000,liter,BD-SP2KP,,,,,SP2KP Kemendag: Minyak Goreng Sawit Kemasan Premium (Pasar Panorama)
2026-09-18,PSR92,DSP01,160000,kg,BD-SP2KP,,,,,SP2KP Kemendag: Daging Sapi Paha Belakang (Pasar Panorama)
2026-09-18,PSR92,CMR02,73333,kg,BD-SP2KP,,,,,SP2KP Kemendag: Cabai Merah Keriting (Pasar Panorama)
2026-09-18,PSR92,TLR01,30400,kg,BD-SP2KP,,,,,SP2KP Kemendag: Telur Ayam Ras (Pasar Panorama)
2026-09-18,PSR92,DAY01,45667,kg,BD-SP2KP,,,,,SP2KP Kemendag: Daging Ayam Ras (Pasar Panorama)
2026-09-18,PSR92,BWP01,46667,kg,BD-SP2KP,,,,,SP2KP Kemendag: Bawang Putih Honan (Pasar Panorama)
2026-09-18,PSR92,BRS05,16750,kg,BD-SP2KP,,,,,SP2KP Kemendag: Beras Premium (Pasar Panorama)
2026-09-18,PSR92,BRS03,14625,kg,BD-SP2KP,,,,,SP2KP Kemendag: Beras Medium (Pasar Panorama)
2026-09-18,PSR92,DSP02,160000,kg,BD-SP2KP,,,,,SP2KP Kemendag: Daging Sapi Paha Depan (Pasar Panorama)
2026-09-18,PSR92,CMR01,35000,kg,BD-SP2KP,,,,,SP2KP Kemendag: Cabai Merah Besar (Pasar Panorama)
2026-09-21,PSR91,CRW02,60000,kg,BD-SP2KP,,,,,SP2KP Kemendag: Cabai Rawit Merah (Pasar Kepahiang)
2026-09-21,PSR91,CRW01,55000,kg,BD-SP2KP,,,,,SP2KP Kemendag: Cabai Rawit Hijau (Pasar Kepahiang)
2026-09-21,PSR91,BWM01,30000,kg,BD-SP2KP,,,,,SP2KP Kemendag: Bawang Merah (Pasar Kepahiang)
2026-09-21,PSR91,GLP01,18000,kg,BD-SP2KP,,,,,SP2KP Kemendag: Gula Pasir Curah (Pasar Kepahiang)
2026-09-21,PSR91,GLP02,19000,kg,BD-SP2KP,,,,,SP2KP Kemendag: Gula Pasir Kemasan (Pasar Kepahiang)
2026-09-21,PSR91,MGR02,23000,liter,BD-SP2KP,,,,,SP2KP Kemendag: Minyak Goreng Sawit Kemasan Premium (Pasar Kepahiang)
2026-09-21,PSR91,DSP01,140000,kg,BD-SP2KP,,,,,SP2KP Kemendag: Daging Sapi Paha Belakang (Pasar Kepahiang)
2026-09-21,PSR91,CMR02,60000,kg,BD-SP2KP,,,,,SP2KP Kemendag: Cabai Merah Keriting (Pasar Kepahiang)
2026-09-21,PSR91,TLR01,26600,kg,BD-SP2KP,,,,,SP2KP Kemendag: Telur Ayam Ras (Pasar Kepahiang)
2026-09-21,PSR91,DAY01,44000,kg,BD-SP2KP,,,,,SP2KP Kemendag: Daging Ayam Ras (Pasar Kepahiang)
2026-09-21,PSR91,BWP01,30000,kg,BD-SP2KP,,,,,SP2KP Kemendag: Bawang Putih Honan (Pasar Kepahiang)
2026-09-21,PSR91,BRS05,15500,kg,BD-SP2KP,,,,,SP2KP Kemendag: Beras Premium (Pasar Kepahiang)
2026-09-21,PSR91,BRS03,14000,kg,BD-SP2KP,,,,,SP2KP Kemendag: Beras Medium (Pasar Kepahiang)
2026-09-21,PSR91,DSP02,140000,kg,BD-SP2KP,,,,,SP2KP Kemendag: Daging Sapi Paha Depan (Pasar Kepahiang)
2026-09-21,PSR91,CMR01,55000,kg,BD-SP2KP,,,,,SP2KP Kemendag: Cabai Merah Besar (Pasar Kepahiang)
2026-09-21,PSR01,CRW02,65000,kg,BD-SP2KP,,,,,SP2KP Kemendag: Cabai Rawit Merah (Pasar Taba Penanjung)
2026-09-21,PSR01,CRW01,55000,kg,BD-SP2KP,,,,,SP2KP Kemendag: Cabai Rawit Hijau (Pasar Taba Penanjung)
2026-09-21,PSR01,BWM01,28000,kg,BD-SP2KP,,,,,SP2KP Kemendag: Bawang Merah (Pasar Taba Penanjung)
2026-09-21,PSR01,GLP01,18000,kg,BD-SP2KP,,,,,SP2KP Kemendag: Gula Pasir Curah (Pasar Taba Penanjung)
2026-09-21,PSR01,GLP02,18000,kg,BD-SP2KP,,,,,SP2KP Kemendag: Gula Pasir Kemasan (Pasar Taba Penanjung)
2026-09-21,PSR01,MGR02,22000,liter,BD-SP2KP,,,,,SP2KP Kemendag: Minyak Goreng Sawit Kemasan Premium (Pasar Taba Penanjung)
2026-09-21,PSR01,DSP01,160000,kg,BD-SP2KP,,,,,SP2KP Kemendag: Daging Sapi Paha Belakang (Pasar Taba Penanjung)
2026-09-21,PSR01,CMR02,60000,kg,BD-SP2KP,,,,,SP2KP Kemendag: Cabai Merah Keriting (Pasar Taba Penanjung)
2026-09-21,PSR01,TLR01,25600,kg,BD-SP2KP,,,,,SP2KP Kemendag: Telur Ayam Ras (Pasar Taba Penanjung)
2026-09-21,PSR01,DAY01,40000,kg,BD-SP2KP,,,,,SP2KP Kemendag: Daging Ayam Ras (Pasar Taba Penanjung)
2026-09-21,PSR01,BWP01,30000,kg,BD-SP2KP,,,,,SP2KP Kemendag: Bawang Putih Honan (Pasar Taba Penanjung)
2026-09-21,PSR01,BRS05,16500,kg,BD-SP2KP,,,,,SP2KP Kemendag: Beras Premium (Pasar Taba Penanjung)
2026-09-21,PSR01,BRS03,14375,kg,BD-SP2KP,,,,,SP2KP Kemendag: Beras Medium (Pasar Taba Penanjung)
2026-09-21,PSR01,DSP02,160000,kg,BD-SP2KP,,,,,SP2KP Kemendag: Daging Sapi Paha Depan (Pasar Taba Penanjung)
2026-09-21,PSR01,CMR01,55000,kg,BD-SP2KP,,,,,SP2KP Kemendag: Cabai Merah Besar (Pasar Taba Penanjung)
2026-09-21,PSR92,CRW02,86667,kg,BD-SP2KP,,,,,SP2KP Kemendag: Cabai Rawit Merah (Pasar Panorama)
2026-09-21,PSR92,CRW01,73333,kg,BD-SP2KP,,,,,SP2KP Kemendag: Cabai Rawit Hijau (Pasar Panorama)
2026-09-21,PSR92,BWM01,45000,kg,BD-SP2KP,,,,,SP2KP Kemendag: Bawang Merah (Pasar Panorama)
2026-09-21,PSR92,GLP01,18833,kg,BD-SP2KP,,,,,SP2KP Kemendag: Gula Pasir Curah (Pasar Panorama)
2026-09-21,PSR92,GLP02,19000,kg,BD-SP2KP,,,,,SP2KP Kemendag: Gula Pasir Kemasan (Pasar Panorama)
2026-09-21,PSR92,MGR02,23000,liter,BD-SP2KP,,,,,SP2KP Kemendag: Minyak Goreng Sawit Kemasan Premium (Pasar Panorama)
2026-09-21,PSR92,DSP01,160000,kg,BD-SP2KP,,,,,SP2KP Kemendag: Daging Sapi Paha Belakang (Pasar Panorama)
2026-09-21,PSR92,CMR02,71667,kg,BD-SP2KP,,,,,SP2KP Kemendag: Cabai Merah Keriting (Pasar Panorama)
2026-09-21,PSR92,TLR01,30400,kg,BD-SP2KP,,,,,SP2KP Kemendag: Telur Ayam Ras (Pasar Panorama)
2026-09-21,PSR92,DAY01,45000,kg,BD-SP2KP,,,,,SP2KP Kemendag: Daging Ayam Ras (Pasar Panorama)
2026-09-21,PSR92,BWP01,46667,kg,BD-SP2KP,,,,,SP2KP Kemendag: Bawang Putih Honan (Pasar Panorama)
2026-09-21,PSR92,BRS05,16750,kg,BD-SP2KP,,,,,SP2KP Kemendag: Beras Premium (Pasar Panorama)
2026-09-21,PSR92,BRS03,14625,kg,BD-SP2KP,,,,,SP2KP Kemendag: Beras Medium (Pasar Panorama)
2026-09-21,PSR92,DSP02,160000,kg,BD-SP2KP,,,,,SP2KP Kemendag: Daging Sapi Paha Depan (Pasar Panorama)
2026-09-21,PSR92,CMR01,35000,kg,BD-SP2KP,,,,,SP2KP Kemendag: Cabai Merah Besar (Pasar Panorama)
2026-09-22,PSR91,CRW02,60000,kg,BD-SP2KP,,,,,SP2KP Kemendag: Cabai Rawit Merah (Pasar Kepahiang)
2026-09-22,PSR91,CRW01,55000,kg,BD-SP2KP,,,,,SP2KP Kemendag: Cabai Rawit Hijau (Pasar Kepahiang)
2026-09-22,PSR91,BWM01,30000,kg,BD-SP2KP,,,,,SP2KP Kemendag: Bawang Merah (Pasar Kepahiang)
2026-09-22,PSR91,GLP01,18000,kg,BD-SP2KP,,,,,SP2KP Kemendag: Gula Pasir Curah (Pasar Kepahiang)
2026-09-22,PSR91,GLP02,19000,kg,BD-SP2KP,,,,,SP2KP Kemendag: Gula Pasir Kemasan (Pasar Kepahiang)
2026-09-22,PSR91,MGR02,23000,liter,BD-SP2KP,,,,,SP2KP Kemendag: Minyak Goreng Sawit Kemasan Premium (Pasar Kepahiang)
2026-09-22,PSR91,DSP01,140000,kg,BD-SP2KP,,,,,SP2KP Kemendag: Daging Sapi Paha Belakang (Pasar Kepahiang)
2026-09-22,PSR91,CMR02,60000,kg,BD-SP2KP,,,,,SP2KP Kemendag: Cabai Merah Keriting (Pasar Kepahiang)
2026-09-22,PSR91,TLR01,26600,kg,BD-SP2KP,,,,,SP2KP Kemendag: Telur Ayam Ras (Pasar Kepahiang)
2026-09-22,PSR91,DAY01,40000,kg,BD-SP2KP,,,,,SP2KP Kemendag: Daging Ayam Ras (Pasar Kepahiang)
2026-09-22,PSR91,BWP01,30000,kg,BD-SP2KP,,,,,SP2KP Kemendag: Bawang Putih Honan (Pasar Kepahiang)
2026-09-22,PSR91,BRS05,15500,kg,BD-SP2KP,,,,,SP2KP Kemendag: Beras Premium (Pasar Kepahiang)
2026-09-22,PSR91,BRS03,14000,kg,BD-SP2KP,,,,,SP2KP Kemendag: Beras Medium (Pasar Kepahiang)
2026-09-22,PSR91,DSP02,140000,kg,BD-SP2KP,,,,,SP2KP Kemendag: Daging Sapi Paha Depan (Pasar Kepahiang)
2026-09-22,PSR91,CMR01,55000,kg,BD-SP2KP,,,,,SP2KP Kemendag: Cabai Merah Besar (Pasar Kepahiang)
2026-09-22,PSR01,CRW02,65000,kg,BD-SP2KP,,,,,SP2KP Kemendag: Cabai Rawit Merah (Pasar Taba Penanjung)
2026-09-22,PSR01,CRW01,55000,kg,BD-SP2KP,,,,,SP2KP Kemendag: Cabai Rawit Hijau (Pasar Taba Penanjung)
2026-09-22,PSR01,BWM01,28000,kg,BD-SP2KP,,,,,SP2KP Kemendag: Bawang Merah (Pasar Taba Penanjung)
2026-09-22,PSR01,GLP01,18000,kg,BD-SP2KP,,,,,SP2KP Kemendag: Gula Pasir Curah (Pasar Taba Penanjung)
2026-09-22,PSR01,GLP02,18000,kg,BD-SP2KP,,,,,SP2KP Kemendag: Gula Pasir Kemasan (Pasar Taba Penanjung)
2026-09-22,PSR01,MGR02,22000,liter,BD-SP2KP,,,,,SP2KP Kemendag: Minyak Goreng Sawit Kemasan Premium (Pasar Taba Penanjung)
2026-09-22,PSR01,DSP01,160000,kg,BD-SP2KP,,,,,SP2KP Kemendag: Daging Sapi Paha Belakang (Pasar Taba Penanjung)
2026-09-22,PSR01,CMR02,60000,kg,BD-SP2KP,,,,,SP2KP Kemendag: Cabai Merah Keriting (Pasar Taba Penanjung)
2026-09-22,PSR01,TLR01,25600,kg,BD-SP2KP,,,,,SP2KP Kemendag: Telur Ayam Ras (Pasar Taba Penanjung)
2026-09-22,PSR01,DAY01,40000,kg,BD-SP2KP,,,,,SP2KP Kemendag: Daging Ayam Ras (Pasar Taba Penanjung)
2026-09-22,PSR01,BWP01,30000,kg,BD-SP2KP,,,,,SP2KP Kemendag: Bawang Putih Honan (Pasar Taba Penanjung)
2026-09-22,PSR01,BRS05,16500,kg,BD-SP2KP,,,,,SP2KP Kemendag: Beras Premium (Pasar Taba Penanjung)
2026-09-22,PSR01,BRS03,14375,kg,BD-SP2KP,,,,,SP2KP Kemendag: Beras Medium (Pasar Taba Penanjung)
2026-09-22,PSR01,DSP02,160000,kg,BD-SP2KP,,,,,SP2KP Kemendag: Daging Sapi Paha Depan (Pasar Taba Penanjung)
2026-09-22,PSR01,CMR01,55000,kg,BD-SP2KP,,,,,SP2KP Kemendag: Cabai Merah Besar (Pasar Taba Penanjung)
2026-09-22,PSR92,CRW02,86667,kg,BD-SP2KP,,,,,SP2KP Kemendag: Cabai Rawit Merah (Pasar Panorama)
2026-09-22,PSR92,CRW01,73333,kg,BD-SP2KP,,,,,SP2KP Kemendag: Cabai Rawit Hijau (Pasar Panorama)
2026-09-22,PSR92,BWM01,45000,kg,BD-SP2KP,,,,,SP2KP Kemendag: Bawang Merah (Pasar Panorama)
2026-09-22,PSR92,GLP01,18833,kg,BD-SP2KP,,,,,SP2KP Kemendag: Gula Pasir Curah (Pasar Panorama)
2026-09-22,PSR92,GLP02,19333,kg,BD-SP2KP,,,,,SP2KP Kemendag: Gula Pasir Kemasan (Pasar Panorama)
2026-09-22,PSR92,MGR02,23000,liter,BD-SP2KP,,,,,SP2KP Kemendag: Minyak Goreng Sawit Kemasan Premium (Pasar Panorama)
2026-09-22,PSR92,DSP01,160000,kg,BD-SP2KP,,,,,SP2KP Kemendag: Daging Sapi Paha Belakang (Pasar Panorama)
2026-09-22,PSR92,CMR02,71667,kg,BD-SP2KP,,,,,SP2KP Kemendag: Cabai Merah Keriting (Pasar Panorama)
2026-09-22,PSR92,TLR01,30400,kg,BD-SP2KP,,,,,SP2KP Kemendag: Telur Ayam Ras (Pasar Panorama)
2026-09-22,PSR92,DAY01,45000,kg,BD-SP2KP,,,,,SP2KP Kemendag: Daging Ayam Ras (Pasar Panorama)
2026-09-22,PSR92,BWP01,46667,kg,BD-SP2KP,,,,,SP2KP Kemendag: Bawang Putih Honan (Pasar Panorama)
2026-09-22,PSR92,BRS05,16750,kg,BD-SP2KP,,,,,SP2KP Kemendag: Beras Premium (Pasar Panorama)
2026-09-22,PSR92,BRS03,14625,kg,BD-SP2KP,,,,,SP2KP Kemendag: Beras Medium (Pasar Panorama)
2026-09-22,PSR92,DSP02,160000,kg,BD-SP2KP,,,,,SP2KP Kemendag: Daging Sapi Paha Depan (Pasar Panorama)
2026-09-22,PSR92,CMR01,35000,kg,BD-SP2KP,,,,,SP2KP Kemendag: Cabai Merah Besar (Pasar Panorama)
2026-09-23,PSR91,CRW02,60000,kg,BD-SP2KP,,,,,SP2KP Kemendag: Cabai Rawit Merah (Pasar Kepahiang)
2026-09-23,PSR91,CRW01,55000,kg,BD-SP2KP,,,,,SP2KP Kemendag: Cabai Rawit Hijau (Pasar Kepahiang)
2026-09-23,PSR91,BWM01,32000,kg,BD-SP2KP,,,,,SP2KP Kemendag: Bawang Merah (Pasar Kepahiang)
2026-09-23,PSR91,GLP01,18000,kg,BD-SP2KP,,,,,SP2KP Kemendag: Gula Pasir Curah (Pasar Kepahiang)
2026-09-23,PSR91,GLP02,19000,kg,BD-SP2KP,,,,,SP2KP Kemendag: Gula Pasir Kemasan (Pasar Kepahiang)
2026-09-23,PSR91,MGR02,23000,liter,BD-SP2KP,,,,,SP2KP Kemendag: Minyak Goreng Sawit Kemasan Premium (Pasar Kepahiang)
2026-09-23,PSR91,DSP01,140000,kg,BD-SP2KP,,,,,SP2KP Kemendag: Daging Sapi Paha Belakang (Pasar Kepahiang)
2026-09-23,PSR91,CMR02,60000,kg,BD-SP2KP,,,,,SP2KP Kemendag: Cabai Merah Keriting (Pasar Kepahiang)
2026-09-23,PSR91,TLR01,26600,kg,BD-SP2KP,,,,,SP2KP Kemendag: Telur Ayam Ras (Pasar Kepahiang)
2026-09-23,PSR91,DAY01,40000,kg,BD-SP2KP,,,,,SP2KP Kemendag: Daging Ayam Ras (Pasar Kepahiang)
2026-09-23,PSR91,BWP01,30000,kg,BD-SP2KP,,,,,SP2KP Kemendag: Bawang Putih Honan (Pasar Kepahiang)
2026-09-23,PSR91,BRS05,15500,kg,BD-SP2KP,,,,,SP2KP Kemendag: Beras Premium (Pasar Kepahiang)
2026-09-23,PSR91,BRS03,14000,kg,BD-SP2KP,,,,,SP2KP Kemendag: Beras Medium (Pasar Kepahiang)
2026-09-23,PSR91,DSP02,140000,kg,BD-SP2KP,,,,,SP2KP Kemendag: Daging Sapi Paha Depan (Pasar Kepahiang)
2026-09-23,PSR91,CMR01,55000,kg,BD-SP2KP,,,,,SP2KP Kemendag: Cabai Merah Besar (Pasar Kepahiang)
2026-09-23,PSR01,CRW02,65000,kg,BD-SP2KP,,,,,SP2KP Kemendag: Cabai Rawit Merah (Pasar Taba Penanjung)
2026-09-23,PSR01,CRW01,55000,kg,BD-SP2KP,,,,,SP2KP Kemendag: Cabai Rawit Hijau (Pasar Taba Penanjung)
2026-09-23,PSR01,BWM01,28000,kg,BD-SP2KP,,,,,SP2KP Kemendag: Bawang Merah (Pasar Taba Penanjung)
2026-09-23,PSR01,GLP01,18000,kg,BD-SP2KP,,,,,SP2KP Kemendag: Gula Pasir Curah (Pasar Taba Penanjung)
2026-09-23,PSR01,GLP02,18000,kg,BD-SP2KP,,,,,SP2KP Kemendag: Gula Pasir Kemasan (Pasar Taba Penanjung)
2026-09-23,PSR01,MGR02,22000,liter,BD-SP2KP,,,,,SP2KP Kemendag: Minyak Goreng Sawit Kemasan Premium (Pasar Taba Penanjung)
2026-09-23,PSR01,DSP01,160000,kg,BD-SP2KP,,,,,SP2KP Kemendag: Daging Sapi Paha Belakang (Pasar Taba Penanjung)
2026-09-23,PSR01,CMR02,60000,kg,BD-SP2KP,,,,,SP2KP Kemendag: Cabai Merah Keriting (Pasar Taba Penanjung)
2026-09-23,PSR01,TLR01,25600,kg,BD-SP2KP,,,,,SP2KP Kemendag: Telur Ayam Ras (Pasar Taba Penanjung)
2026-09-23,PSR01,DAY01,40000,kg,BD-SP2KP,,,,,SP2KP Kemendag: Daging Ayam Ras (Pasar Taba Penanjung)
2026-09-23,PSR01,BWP01,30000,kg,BD-SP2KP,,,,,SP2KP Kemendag: Bawang Putih Honan (Pasar Taba Penanjung)
2026-09-23,PSR01,BRS05,16500,kg,BD-SP2KP,,,,,SP2KP Kemendag: Beras Premium (Pasar Taba Penanjung)
2026-09-23,PSR01,BRS03,14375,kg,BD-SP2KP,,,,,SP2KP Kemendag: Beras Medium (Pasar Taba Penanjung)
2026-09-23,PSR01,DSP02,160000,kg,BD-SP2KP,,,,,SP2KP Kemendag: Daging Sapi Paha Depan (Pasar Taba Penanjung)
2026-09-23,PSR01,CMR01,55000,kg,BD-SP2KP,,,,,SP2KP Kemendag: Cabai Merah Besar (Pasar Taba Penanjung)
2026-09-23,PSR92,CRW02,86667,kg,BD-SP2KP,,,,,SP2KP Kemendag: Cabai Rawit Merah (Pasar Panorama)
2026-09-23,PSR92,CRW01,68333,kg,BD-SP2KP,,,,,SP2KP Kemendag: Cabai Rawit Hijau (Pasar Panorama)
2026-09-23,PSR92,BWM01,45000,kg,BD-SP2KP,,,,,SP2KP Kemendag: Bawang Merah (Pasar Panorama)
2026-09-23,PSR92,GLP01,18833,kg,BD-SP2KP,,,,,SP2KP Kemendag: Gula Pasir Curah (Pasar Panorama)
2026-09-23,PSR92,GLP02,19333,kg,BD-SP2KP,,,,,SP2KP Kemendag: Gula Pasir Kemasan (Pasar Panorama)
2026-09-23,PSR92,MGR02,23000,liter,BD-SP2KP,,,,,SP2KP Kemendag: Minyak Goreng Sawit Kemasan Premium (Pasar Panorama)
2026-09-23,PSR92,DSP01,160000,kg,BD-SP2KP,,,,,SP2KP Kemendag: Daging Sapi Paha Belakang (Pasar Panorama)
2026-09-23,PSR92,CMR02,70000,kg,BD-SP2KP,,,,,SP2KP Kemendag: Cabai Merah Keriting (Pasar Panorama)
2026-09-23,PSR92,TLR01,30400,kg,BD-SP2KP,,,,,SP2KP Kemendag: Telur Ayam Ras (Pasar Panorama)
2026-09-23,PSR92,DAY01,45000,kg,BD-SP2KP,,,,,SP2KP Kemendag: Daging Ayam Ras (Pasar Panorama)
2026-09-23,PSR92,BWP01,46667,kg,BD-SP2KP,,,,,SP2KP Kemendag: Bawang Putih Honan (Pasar Panorama)
2026-09-23,PSR92,BRS05,16750,kg,BD-SP2KP,,,,,SP2KP Kemendag: Beras Premium (Pasar Panorama)
2026-09-23,PSR92,BRS03,15400,kg,BD-SP2KP,,,,,SP2KP Kemendag: Beras Medium (Pasar Panorama)
2026-09-23,PSR92,DSP02,160000,kg,BD-SP2KP,,,,,SP2KP Kemendag: Daging Sapi Paha Depan (Pasar Panorama)
2026-09-23,PSR92,CMR01,35000,kg,BD-SP2KP,,,,,SP2KP Kemendag: Cabai Merah Besar (Pasar Panorama)
2026-09-24,PSR91,CRW02,60000,kg,BD-SP2KP,,,,,SP2KP Kemendag: Cabai Rawit Merah (Pasar Kepahiang)
2026-09-24,PSR91,CRW01,55000,kg,BD-SP2KP,,,,,SP2KP Kemendag: Cabai Rawit Hijau (Pasar Kepahiang)
2026-09-24,PSR91,BWM01,32000,kg,BD-SP2KP,,,,,SP2KP Kemendag: Bawang Merah (Pasar Kepahiang)
2026-09-24,PSR91,GLP01,18000,kg,BD-SP2KP,,,,,SP2KP Kemendag: Gula Pasir Curah (Pasar Kepahiang)
2026-09-24,PSR91,GLP02,19000,kg,BD-SP2KP,,,,,SP2KP Kemendag: Gula Pasir Kemasan (Pasar Kepahiang)
2026-09-24,PSR91,MGR02,23000,liter,BD-SP2KP,,,,,SP2KP Kemendag: Minyak Goreng Sawit Kemasan Premium (Pasar Kepahiang)
2026-09-24,PSR91,DSP01,140000,kg,BD-SP2KP,,,,,SP2KP Kemendag: Daging Sapi Paha Belakang (Pasar Kepahiang)
2026-09-24,PSR91,CMR02,60000,kg,BD-SP2KP,,,,,SP2KP Kemendag: Cabai Merah Keriting (Pasar Kepahiang)
2026-09-24,PSR91,TLR01,26600,kg,BD-SP2KP,,,,,SP2KP Kemendag: Telur Ayam Ras (Pasar Kepahiang)
2026-09-24,PSR91,DAY01,40000,kg,BD-SP2KP,,,,,SP2KP Kemendag: Daging Ayam Ras (Pasar Kepahiang)
2026-09-24,PSR91,BWP01,30000,kg,BD-SP2KP,,,,,SP2KP Kemendag: Bawang Putih Honan (Pasar Kepahiang)
2026-09-24,PSR91,BRS05,15500,kg,BD-SP2KP,,,,,SP2KP Kemendag: Beras Premium (Pasar Kepahiang)
2026-09-24,PSR91,BRS03,14000,kg,BD-SP2KP,,,,,SP2KP Kemendag: Beras Medium (Pasar Kepahiang)
2026-09-24,PSR91,DSP02,140000,kg,BD-SP2KP,,,,,SP2KP Kemendag: Daging Sapi Paha Depan (Pasar Kepahiang)
2026-09-24,PSR91,CMR01,55000,kg,BD-SP2KP,,,,,SP2KP Kemendag: Cabai Merah Besar (Pasar Kepahiang)
2026-09-24,PSR01,CRW02,65000,kg,BD-SP2KP,,,,,SP2KP Kemendag: Cabai Rawit Merah (Pasar Taba Penanjung)
2026-09-24,PSR01,CRW01,55000,kg,BD-SP2KP,,,,,SP2KP Kemendag: Cabai Rawit Hijau (Pasar Taba Penanjung)
2026-09-24,PSR01,BWM01,30000,kg,BD-SP2KP,,,,,SP2KP Kemendag: Bawang Merah (Pasar Taba Penanjung)
2026-09-24,PSR01,GLP01,18000,kg,BD-SP2KP,,,,,SP2KP Kemendag: Gula Pasir Curah (Pasar Taba Penanjung)
2026-09-24,PSR01,GLP02,18000,kg,BD-SP2KP,,,,,SP2KP Kemendag: Gula Pasir Kemasan (Pasar Taba Penanjung)
2026-09-24,PSR01,MGR02,22000,liter,BD-SP2KP,,,,,SP2KP Kemendag: Minyak Goreng Sawit Kemasan Premium (Pasar Taba Penanjung)
2026-09-24,PSR01,DSP01,160000,kg,BD-SP2KP,,,,,SP2KP Kemendag: Daging Sapi Paha Belakang (Pasar Taba Penanjung)
2026-09-24,PSR01,CMR02,60000,kg,BD-SP2KP,,,,,SP2KP Kemendag: Cabai Merah Keriting (Pasar Taba Penanjung)
2026-09-24,PSR01,TLR01,25600,kg,BD-SP2KP,,,,,SP2KP Kemendag: Telur Ayam Ras (Pasar Taba Penanjung)
2026-09-24,PSR01,DAY01,40000,kg,BD-SP2KP,,,,,SP2KP Kemendag: Daging Ayam Ras (Pasar Taba Penanjung)
2026-09-24,PSR01,BWP01,30000,kg,BD-SP2KP,,,,,SP2KP Kemendag: Bawang Putih Honan (Pasar Taba Penanjung)
2026-09-24,PSR01,BRS05,16500,kg,BD-SP2KP,,,,,SP2KP Kemendag: Beras Premium (Pasar Taba Penanjung)
2026-09-24,PSR01,BRS03,14375,kg,BD-SP2KP,,,,,SP2KP Kemendag: Beras Medium (Pasar Taba Penanjung)
2026-09-24,PSR01,DSP02,160000,kg,BD-SP2KP,,,,,SP2KP Kemendag: Daging Sapi Paha Depan (Pasar Taba Penanjung)
2026-09-24,PSR01,CMR01,55000,kg,BD-SP2KP,,,,,SP2KP Kemendag: Cabai Merah Besar (Pasar Taba Penanjung)
2026-09-24,PSR92,CRW02,86667,kg,BD-SP2KP,,,,,SP2KP Kemendag: Cabai Rawit Merah (Pasar Panorama)
2026-09-24,PSR92,CRW01,68333,kg,BD-SP2KP,,,,,SP2KP Kemendag: Cabai Rawit Hijau (Pasar Panorama)
2026-09-24,PSR92,BWM01,45000,kg,BD-SP2KP,,,,,SP2KP Kemendag: Bawang Merah (Pasar Panorama)
2026-09-24,PSR92,GLP01,18833,kg,BD-SP2KP,,,,,SP2KP Kemendag: Gula Pasir Curah (Pasar Panorama)
2026-09-24,PSR92,GLP02,19333,kg,BD-SP2KP,,,,,SP2KP Kemendag: Gula Pasir Kemasan (Pasar Panorama)
2026-09-24,PSR92,MGR02,23000,liter,BD-SP2KP,,,,,SP2KP Kemendag: Minyak Goreng Sawit Kemasan Premium (Pasar Panorama)
2026-09-24,PSR92,DSP01,160000,kg,BD-SP2KP,,,,,SP2KP Kemendag: Daging Sapi Paha Belakang (Pasar Panorama)
2026-09-24,PSR92,CMR02,70000,kg,BD-SP2KP,,,,,SP2KP Kemendag: Cabai Merah Keriting (Pasar Panorama)
2026-09-24,PSR92,TLR01,30400,kg,BD-SP2KP,,,,,SP2KP Kemendag: Telur Ayam Ras (Pasar Panorama)
2026-09-24,PSR92,DAY01,45000,kg,BD-SP2KP,,,,,SP2KP Kemendag: Daging Ayam Ras (Pasar Panorama)
2026-09-24,PSR92,BWP01,46667,kg,BD-SP2KP,,,,,SP2KP Kemendag: Bawang Putih Honan (Pasar Panorama)
2026-09-24,PSR92,BRS05,16750,kg,BD-SP2KP,,,,,SP2KP Kemendag: Beras Premium (Pasar Panorama)
2026-09-24,PSR92,BRS03,15400,kg,BD-SP2KP,,,,,SP2KP Kemendag: Beras Medium (Pasar Panorama)
2026-09-24,PSR92,DSP02,160000,kg,BD-SP2KP,,,,,SP2KP Kemendag: Daging Sapi Paha Depan (Pasar Panorama)
2026-09-24,PSR92,CMR01,35000,kg,BD-SP2KP,,,,,SP2KP Kemendag: Cabai Merah Besar (Pasar Panorama)
2026-09-25,PSR91,CRW02,60000,kg,BD-SP2KP,,,,,SP2KP Kemendag: Cabai Rawit Merah (Pasar Kepahiang)
2026-09-25,PSR91,CRW01,55000,kg,BD-SP2KP,,,,,SP2KP Kemendag: Cabai Rawit Hijau (Pasar Kepahiang)
2026-09-25,PSR91,BWM01,32000,kg,BD-SP2KP,,,,,SP2KP Kemendag: Bawang Merah (Pasar Kepahiang)
2026-09-25,PSR91,GLP01,18000,kg,BD-SP2KP,,,,,SP2KP Kemendag: Gula Pasir Curah (Pasar Kepahiang)
2026-09-25,PSR91,GLP02,19000,kg,BD-SP2KP,,,,,SP2KP Kemendag: Gula Pasir Kemasan (Pasar Kepahiang)
2026-09-25,PSR91,MGR02,23000,liter,BD-SP2KP,,,,,SP2KP Kemendag: Minyak Goreng Sawit Kemasan Premium (Pasar Kepahiang)
2026-09-25,PSR91,DSP01,140000,kg,BD-SP2KP,,,,,SP2KP Kemendag: Daging Sapi Paha Belakang (Pasar Kepahiang)
2026-09-25,PSR91,CMR02,60000,kg,BD-SP2KP,,,,,SP2KP Kemendag: Cabai Merah Keriting (Pasar Kepahiang)
2026-09-25,PSR91,TLR01,26600,kg,BD-SP2KP,,,,,SP2KP Kemendag: Telur Ayam Ras (Pasar Kepahiang)
2026-09-25,PSR91,DAY01,40000,kg,BD-SP2KP,,,,,SP2KP Kemendag: Daging Ayam Ras (Pasar Kepahiang)
2026-09-25,PSR91,BWP01,30000,kg,BD-SP2KP,,,,,SP2KP Kemendag: Bawang Putih Honan (Pasar Kepahiang)
2026-09-25,PSR91,BRS05,15500,kg,BD-SP2KP,,,,,SP2KP Kemendag: Beras Premium (Pasar Kepahiang)
2026-09-25,PSR91,BRS03,14000,kg,BD-SP2KP,,,,,SP2KP Kemendag: Beras Medium (Pasar Kepahiang)
2026-09-25,PSR91,DSP02,140000,kg,BD-SP2KP,,,,,SP2KP Kemendag: Daging Sapi Paha Depan (Pasar Kepahiang)
2026-09-25,PSR91,CMR01,55000,kg,BD-SP2KP,,,,,SP2KP Kemendag: Cabai Merah Besar (Pasar Kepahiang)
2026-09-25,PSR01,CRW02,65000,kg,BD-SP2KP,,,,,SP2KP Kemendag: Cabai Rawit Merah (Pasar Taba Penanjung)
2026-09-25,PSR01,CRW01,55000,kg,BD-SP2KP,,,,,SP2KP Kemendag: Cabai Rawit Hijau (Pasar Taba Penanjung)
2026-09-25,PSR01,BWM01,30000,kg,BD-SP2KP,,,,,SP2KP Kemendag: Bawang Merah (Pasar Taba Penanjung)
2026-09-25,PSR01,GLP01,18000,kg,BD-SP2KP,,,,,SP2KP Kemendag: Gula Pasir Curah (Pasar Taba Penanjung)
2026-09-25,PSR01,GLP02,18000,kg,BD-SP2KP,,,,,SP2KP Kemendag: Gula Pasir Kemasan (Pasar Taba Penanjung)
2026-09-25,PSR01,MGR02,22000,liter,BD-SP2KP,,,,,SP2KP Kemendag: Minyak Goreng Sawit Kemasan Premium (Pasar Taba Penanjung)
2026-09-25,PSR01,DSP01,160000,kg,BD-SP2KP,,,,,SP2KP Kemendag: Daging Sapi Paha Belakang (Pasar Taba Penanjung)
2026-09-25,PSR01,CMR02,60000,kg,BD-SP2KP,,,,,SP2KP Kemendag: Cabai Merah Keriting (Pasar Taba Penanjung)
2026-09-25,PSR01,TLR01,25600,kg,BD-SP2KP,,,,,SP2KP Kemendag: Telur Ayam Ras (Pasar Taba Penanjung)
2026-09-25,PSR01,DAY01,40000,kg,BD-SP2KP,,,,,SP2KP Kemendag: Daging Ayam Ras (Pasar Taba Penanjung)
2026-09-25,PSR01,BWP01,30000,kg,BD-SP2KP,,,,,SP2KP Kemendag: Bawang Putih Honan (Pasar Taba Penanjung)
2026-09-25,PSR01,BRS05,16500,kg,BD-SP2KP,,,,,SP2KP Kemendag: Beras Premium (Pasar Taba Penanjung)
2026-09-25,PSR01,BRS03,14375,kg,BD-SP2KP,,,,,SP2KP Kemendag: Beras Medium (Pasar Taba Penanjung)
2026-09-25,PSR01,DSP02,160000,kg,BD-SP2KP,,,,,SP2KP Kemendag: Daging Sapi Paha Depan (Pasar Taba Penanjung)
2026-09-25,PSR01,CMR01,55000,kg,BD-SP2KP,,,,,SP2KP Kemendag: Cabai Merah Besar (Pasar Taba Penanjung)
2026-09-25,PSR92,CRW02,86667,kg,BD-SP2KP,,,,,SP2KP Kemendag: Cabai Rawit Merah (Pasar Panorama)
2026-09-25,PSR92,CRW01,68333,kg,BD-SP2KP,,,,,SP2KP Kemendag: Cabai Rawit Hijau (Pasar Panorama)
2026-09-25,PSR92,BWM01,45000,kg,BD-SP2KP,,,,,SP2KP Kemendag: Bawang Merah (Pasar Panorama)
2026-09-25,PSR92,GLP01,18833,kg,BD-SP2KP,,,,,SP2KP Kemendag: Gula Pasir Curah (Pasar Panorama)
2026-09-25,PSR92,GLP02,19333,kg,BD-SP2KP,,,,,SP2KP Kemendag: Gula Pasir Kemasan (Pasar Panorama)
2026-09-25,PSR92,MGR02,23000,liter,BD-SP2KP,,,,,SP2KP Kemendag: Minyak Goreng Sawit Kemasan Premium (Pasar Panorama)
2026-09-25,PSR92,DSP01,160000,kg,BD-SP2KP,,,,,SP2KP Kemendag: Daging Sapi Paha Belakang (Pasar Panorama)
2026-09-25,PSR92,CMR02,66667,kg,BD-SP2KP,,,,,SP2KP Kemendag: Cabai Merah Keriting (Pasar Panorama)
2026-09-25,PSR92,TLR01,30400,kg,BD-SP2KP,,,,,SP2KP Kemendag: Telur Ayam Ras (Pasar Panorama)
2026-09-25,PSR92,DAY01,45000,kg,BD-SP2KP,,,,,SP2KP Kemendag: Daging Ayam Ras (Pasar Panorama)
2026-09-25,PSR92,BWP01,46667,kg,BD-SP2KP,,,,,SP2KP Kemendag: Bawang Putih Honan (Pasar Panorama)
2026-09-25,PSR92,BRS05,16750,kg,BD-SP2KP,,,,,SP2KP Kemendag: Beras Premium (Pasar Panorama)
2026-09-25,PSR92,BRS03,15400,kg,BD-SP2KP,,,,,SP2KP Kemendag: Beras Medium (Pasar Panorama)
2026-09-25,PSR92,DSP02,160000,kg,BD-SP2KP,,,,,SP2KP Kemendag: Daging Sapi Paha Depan (Pasar Panorama)
2026-09-25,PSR92,CMR01,35000,kg,BD-SP2KP,,,,,SP2KP Kemendag: Cabai Merah Besar (Pasar Panorama)
2026-09-28,PSR91,CRW02,65000,kg,BD-SP2KP,,,,,SP2KP Kemendag: Cabai Rawit Merah (Pasar Kepahiang)
2026-09-28,PSR91,CRW01,50000,kg,BD-SP2KP,,,,,SP2KP Kemendag: Cabai Rawit Hijau (Pasar Kepahiang)
2026-09-28,PSR91,BWM01,32000,kg,BD-SP2KP,,,,,SP2KP Kemendag: Bawang Merah (Pasar Kepahiang)
2026-09-28,PSR91,GLP01,18000,kg,BD-SP2KP,,,,,SP2KP Kemendag: Gula Pasir Curah (Pasar Kepahiang)
2026-09-28,PSR91,GLP02,19000,kg,BD-SP2KP,,,,,SP2KP Kemendag: Gula Pasir Kemasan (Pasar Kepahiang)
2026-09-28,PSR91,MGR02,23000,liter,BD-SP2KP,,,,,SP2KP Kemendag: Minyak Goreng Sawit Kemasan Premium (Pasar Kepahiang)
2026-09-28,PSR91,DSP01,140000,kg,BD-SP2KP,,,,,SP2KP Kemendag: Daging Sapi Paha Belakang (Pasar Kepahiang)
2026-09-28,PSR91,CMR02,65000,kg,BD-SP2KP,,,,,SP2KP Kemendag: Cabai Merah Keriting (Pasar Kepahiang)
2026-09-28,PSR91,TLR01,26600,kg,BD-SP2KP,,,,,SP2KP Kemendag: Telur Ayam Ras (Pasar Kepahiang)
2026-09-28,PSR91,DAY01,40000,kg,BD-SP2KP,,,,,SP2KP Kemendag: Daging Ayam Ras (Pasar Kepahiang)
2026-09-28,PSR91,BWP01,30000,kg,BD-SP2KP,,,,,SP2KP Kemendag: Bawang Putih Honan (Pasar Kepahiang)
2026-09-28,PSR91,BRS05,15500,kg,BD-SP2KP,,,,,SP2KP Kemendag: Beras Premium (Pasar Kepahiang)
2026-09-28,PSR91,BRS03,14000,kg,BD-SP2KP,,,,,SP2KP Kemendag: Beras Medium (Pasar Kepahiang)
2026-09-28,PSR91,DSP02,140000,kg,BD-SP2KP,,,,,SP2KP Kemendag: Daging Sapi Paha Depan (Pasar Kepahiang)
2026-09-28,PSR91,CMR01,60000,kg,BD-SP2KP,,,,,SP2KP Kemendag: Cabai Merah Besar (Pasar Kepahiang)
2026-09-28,PSR01,CRW02,65000,kg,BD-SP2KP,,,,,SP2KP Kemendag: Cabai Rawit Merah (Pasar Taba Penanjung)
2026-09-28,PSR01,CRW01,55000,kg,BD-SP2KP,,,,,SP2KP Kemendag: Cabai Rawit Hijau (Pasar Taba Penanjung)
2026-09-28,PSR01,BWM01,30000,kg,BD-SP2KP,,,,,SP2KP Kemendag: Bawang Merah (Pasar Taba Penanjung)
2026-09-28,PSR01,GLP01,18000,kg,BD-SP2KP,,,,,SP2KP Kemendag: Gula Pasir Curah (Pasar Taba Penanjung)
2026-09-28,PSR01,GLP02,18000,kg,BD-SP2KP,,,,,SP2KP Kemendag: Gula Pasir Kemasan (Pasar Taba Penanjung)
2026-09-28,PSR01,MGR02,22000,liter,BD-SP2KP,,,,,SP2KP Kemendag: Minyak Goreng Sawit Kemasan Premium (Pasar Taba Penanjung)
2026-09-28,PSR01,DSP01,160000,kg,BD-SP2KP,,,,,SP2KP Kemendag: Daging Sapi Paha Belakang (Pasar Taba Penanjung)
2026-09-28,PSR01,CMR02,60000,kg,BD-SP2KP,,,,,SP2KP Kemendag: Cabai Merah Keriting (Pasar Taba Penanjung)
2026-09-28,PSR01,TLR01,25600,kg,BD-SP2KP,,,,,SP2KP Kemendag: Telur Ayam Ras (Pasar Taba Penanjung)
2026-09-28,PSR01,DAY01,40000,kg,BD-SP2KP,,,,,SP2KP Kemendag: Daging Ayam Ras (Pasar Taba Penanjung)
2026-09-28,PSR01,BWP01,30000,kg,BD-SP2KP,,,,,SP2KP Kemendag: Bawang Putih Honan (Pasar Taba Penanjung)
2026-09-28,PSR01,BRS05,16500,kg,BD-SP2KP,,,,,SP2KP Kemendag: Beras Premium (Pasar Taba Penanjung)
2026-09-28,PSR01,BRS03,14375,kg,BD-SP2KP,,,,,SP2KP Kemendag: Beras Medium (Pasar Taba Penanjung)
2026-09-28,PSR01,DSP02,160000,kg,BD-SP2KP,,,,,SP2KP Kemendag: Daging Sapi Paha Depan (Pasar Taba Penanjung)
2026-09-28,PSR01,CMR01,55000,kg,BD-SP2KP,,,,,SP2KP Kemendag: Cabai Merah Besar (Pasar Taba Penanjung)
2026-09-28,PSR92,CRW02,86667,kg,BD-SP2KP,,,,,SP2KP Kemendag: Cabai Rawit Merah (Pasar Panorama)
2026-09-28,PSR92,CRW01,68333,kg,BD-SP2KP,,,,,SP2KP Kemendag: Cabai Rawit Hijau (Pasar Panorama)
2026-09-28,PSR92,BWM01,45000,kg,BD-SP2KP,,,,,SP2KP Kemendag: Bawang Merah (Pasar Panorama)
2026-09-28,PSR92,GLP01,18833,kg,BD-SP2KP,,,,,SP2KP Kemendag: Gula Pasir Curah (Pasar Panorama)
2026-09-28,PSR92,GLP02,19333,kg,BD-SP2KP,,,,,SP2KP Kemendag: Gula Pasir Kemasan (Pasar Panorama)
2026-09-28,PSR92,MGR02,23000,liter,BD-SP2KP,,,,,SP2KP Kemendag: Minyak Goreng Sawit Kemasan Premium (Pasar Panorama)
2026-09-28,PSR92,DSP01,160000,kg,BD-SP2KP,,,,,SP2KP Kemendag: Daging Sapi Paha Belakang (Pasar Panorama)
2026-09-28,PSR92,CMR02,66667,kg,BD-SP2KP,,,,,SP2KP Kemendag: Cabai Merah Keriting (Pasar Panorama)
2026-09-28,PSR92,TLR01,30400,kg,BD-SP2KP,,,,,SP2KP Kemendag: Telur Ayam Ras (Pasar Panorama)
2026-09-28,PSR92,DAY01,45000,kg,BD-SP2KP,,,,,SP2KP Kemendag: Daging Ayam Ras (Pasar Panorama)
2026-09-28,PSR92,BWP01,46667,kg,BD-SP2KP,,,,,SP2KP Kemendag: Bawang Putih Honan (Pasar Panorama)
2026-09-28,PSR92,BRS05,16750,kg,BD-SP2KP,,,,,SP2KP Kemendag: Beras Premium (Pasar Panorama)
2026-09-28,PSR92,BRS03,15400,kg,BD-SP2KP,,,,,SP2KP Kemendag: Beras Medium (Pasar Panorama)
2026-09-28,PSR92,DSP02,160000,kg,BD-SP2KP,,,,,SP2KP Kemendag: Daging Sapi Paha Depan (Pasar Panorama)
2026-09-28,PSR92,CMR01,35000,kg,BD-SP2KP,,,,,SP2KP Kemendag: Cabai Merah Besar (Pasar Panorama)
2026-09-29,PSR91,CRW02,65000,kg,BD-SP2KP,,,,,SP2KP Kemendag: Cabai Rawit Merah (Pasar Kepahiang)
2026-09-29,PSR91,CRW01,50000,kg,BD-SP2KP,,,,,SP2KP Kemendag: Cabai Rawit Hijau (Pasar Kepahiang)
2026-09-29,PSR91,BWM01,32000,kg,BD-SP2KP,,,,,SP2KP Kemendag: Bawang Merah (Pasar Kepahiang)
2026-09-29,PSR91,GLP01,18000,kg,BD-SP2KP,,,,,SP2KP Kemendag: Gula Pasir Curah (Pasar Kepahiang)
2026-09-29,PSR91,GLP02,19000,kg,BD-SP2KP,,,,,SP2KP Kemendag: Gula Pasir Kemasan (Pasar Kepahiang)
2026-09-29,PSR91,MGR02,23000,liter,BD-SP2KP,,,,,SP2KP Kemendag: Minyak Goreng Sawit Kemasan Premium (Pasar Kepahiang)
2026-09-29,PSR91,DSP01,140000,kg,BD-SP2KP,,,,,SP2KP Kemendag: Daging Sapi Paha Belakang (Pasar Kepahiang)
2026-09-29,PSR91,CMR02,65000,kg,BD-SP2KP,,,,,SP2KP Kemendag: Cabai Merah Keriting (Pasar Kepahiang)
2026-09-29,PSR91,TLR01,26600,kg,BD-SP2KP,,,,,SP2KP Kemendag: Telur Ayam Ras (Pasar Kepahiang)
2026-09-29,PSR91,DAY01,40000,kg,BD-SP2KP,,,,,SP2KP Kemendag: Daging Ayam Ras (Pasar Kepahiang)
2026-09-29,PSR91,BWP01,30000,kg,BD-SP2KP,,,,,SP2KP Kemendag: Bawang Putih Honan (Pasar Kepahiang)
2026-09-29,PSR91,BRS05,15500,kg,BD-SP2KP,,,,,SP2KP Kemendag: Beras Premium (Pasar Kepahiang)
2026-09-29,PSR91,BRS03,14000,kg,BD-SP2KP,,,,,SP2KP Kemendag: Beras Medium (Pasar Kepahiang)
2026-09-29,PSR91,DSP02,140000,kg,BD-SP2KP,,,,,SP2KP Kemendag: Daging Sapi Paha Depan (Pasar Kepahiang)
2026-09-29,PSR91,CMR01,60000,kg,BD-SP2KP,,,,,SP2KP Kemendag: Cabai Merah Besar (Pasar Kepahiang)
2026-09-29,PSR01,CRW02,65000,kg,BD-SP2KP,,,,,SP2KP Kemendag: Cabai Rawit Merah (Pasar Taba Penanjung)
2026-09-29,PSR01,CRW01,55000,kg,BD-SP2KP,,,,,SP2KP Kemendag: Cabai Rawit Hijau (Pasar Taba Penanjung)
2026-09-29,PSR01,BWM01,30000,kg,BD-SP2KP,,,,,SP2KP Kemendag: Bawang Merah (Pasar Taba Penanjung)
2026-09-29,PSR01,GLP01,18000,kg,BD-SP2KP,,,,,SP2KP Kemendag: Gula Pasir Curah (Pasar Taba Penanjung)
2026-09-29,PSR01,GLP02,18000,kg,BD-SP2KP,,,,,SP2KP Kemendag: Gula Pasir Kemasan (Pasar Taba Penanjung)
2026-09-29,PSR01,MGR02,22000,liter,BD-SP2KP,,,,,SP2KP Kemendag: Minyak Goreng Sawit Kemasan Premium (Pasar Taba Penanjung)
2026-09-29,PSR01,DSP01,160000,kg,BD-SP2KP,,,,,SP2KP Kemendag: Daging Sapi Paha Belakang (Pasar Taba Penanjung)
2026-09-29,PSR01,CMR02,60000,kg,BD-SP2KP,,,,,SP2KP Kemendag: Cabai Merah Keriting (Pasar Taba Penanjung)
2026-09-29,PSR01,TLR01,25600,kg,BD-SP2KP,,,,,SP2KP Kemendag: Telur Ayam Ras (Pasar Taba Penanjung)
2026-09-29,PSR01,DAY01,40000,kg,BD-SP2KP,,,,,SP2KP Kemendag: Daging Ayam Ras (Pasar Taba Penanjung)
2026-09-29,PSR01,BWP01,30000,kg,BD-SP2KP,,,,,SP2KP Kemendag: Bawang Putih Honan (Pasar Taba Penanjung)
2026-09-29,PSR01,BRS05,16500,kg,BD-SP2KP,,,,,SP2KP Kemendag: Beras Premium (Pasar Taba Penanjung)
2026-09-29,PSR01,BRS03,14375,kg,BD-SP2KP,,,,,SP2KP Kemendag: Beras Medium (Pasar Taba Penanjung)
2026-09-29,PSR01,DSP02,160000,kg,BD-SP2KP,,,,,SP2KP Kemendag: Daging Sapi Paha Depan (Pasar Taba Penanjung)
2026-09-29,PSR01,CMR01,55000,kg,BD-SP2KP,,,,,SP2KP Kemendag: Cabai Merah Besar (Pasar Taba Penanjung)
2026-09-29,PSR92,CRW02,86667,kg,BD-SP2KP,,,,,SP2KP Kemendag: Cabai Rawit Merah (Pasar Panorama)
2026-09-29,PSR92,CRW01,68333,kg,BD-SP2KP,,,,,SP2KP Kemendag: Cabai Rawit Hijau (Pasar Panorama)
2026-09-29,PSR92,BWM01,45000,kg,BD-SP2KP,,,,,SP2KP Kemendag: Bawang Merah (Pasar Panorama)
2026-09-29,PSR92,GLP01,18833,kg,BD-SP2KP,,,,,SP2KP Kemendag: Gula Pasir Curah (Pasar Panorama)
2026-09-29,PSR92,GLP02,19333,kg,BD-SP2KP,,,,,SP2KP Kemendag: Gula Pasir Kemasan (Pasar Panorama)
2026-09-29,PSR92,MGR02,23000,liter,BD-SP2KP,,,,,SP2KP Kemendag: Minyak Goreng Sawit Kemasan Premium (Pasar Panorama)
2026-09-29,PSR92,DSP01,160000,kg,BD-SP2KP,,,,,SP2KP Kemendag: Daging Sapi Paha Belakang (Pasar Panorama)
2026-09-29,PSR92,CMR02,66667,kg,BD-SP2KP,,,,,SP2KP Kemendag: Cabai Merah Keriting (Pasar Panorama)
2026-09-29,PSR92,TLR01,30400,kg,BD-SP2KP,,,,,SP2KP Kemendag: Telur Ayam Ras (Pasar Panorama)
2026-09-29,PSR92,DAY01,43000,kg,BD-SP2KP,,,,,SP2KP Kemendag: Daging Ayam Ras (Pasar Panorama)
2026-09-29,PSR92,BWP01,46667,kg,BD-SP2KP,,,,,SP2KP Kemendag: Bawang Putih Honan (Pasar Panorama)
2026-09-29,PSR92,BRS05,16750,kg,BD-SP2KP,,,,,SP2KP Kemendag: Beras Premium (Pasar Panorama)
2026-09-29,PSR92,BRS03,15400,kg,BD-SP2KP,,,,,SP2KP Kemendag: Beras Medium (Pasar Panorama)
2026-09-29,PSR92,DSP02,160000,kg,BD-SP2KP,,,,,SP2KP Kemendag: Daging Sapi Paha Depan (Pasar Panorama)
2026-09-29,PSR92,CMR01,35000,kg,BD-SP2KP,,,,,SP2KP Kemendag: Cabai Merah Besar (Pasar Panorama)
2026-09-30,PSR91,CRW02,65000,kg,BD-SP2KP,,,,,SP2KP Kemendag: Cabai Rawit Merah (Pasar Kepahiang)
2026-09-30,PSR91,CRW01,50000,kg,BD-SP2KP,,,,,SP2KP Kemendag: Cabai Rawit Hijau (Pasar Kepahiang)
2026-09-30,PSR91,BWM01,32000,kg,BD-SP2KP,,,,,SP2KP Kemendag: Bawang Merah (Pasar Kepahiang)
2026-09-30,PSR91,GLP01,18000,kg,BD-SP2KP,,,,,SP2KP Kemendag: Gula Pasir Curah (Pasar Kepahiang)
2026-09-30,PSR91,GLP02,19000,kg,BD-SP2KP,,,,,SP2KP Kemendag: Gula Pasir Kemasan (Pasar Kepahiang)
2026-09-30,PSR91,MGR02,23000,liter,BD-SP2KP,,,,,SP2KP Kemendag: Minyak Goreng Sawit Kemasan Premium (Pasar Kepahiang)
2026-09-30,PSR91,DSP01,140000,kg,BD-SP2KP,,,,,SP2KP Kemendag: Daging Sapi Paha Belakang (Pasar Kepahiang)
2026-09-30,PSR91,CMR02,65000,kg,BD-SP2KP,,,,,SP2KP Kemendag: Cabai Merah Keriting (Pasar Kepahiang)
2026-09-30,PSR91,TLR01,26600,kg,BD-SP2KP,,,,,SP2KP Kemendag: Telur Ayam Ras (Pasar Kepahiang)
2026-09-30,PSR91,DAY01,40000,kg,BD-SP2KP,,,,,SP2KP Kemendag: Daging Ayam Ras (Pasar Kepahiang)
2026-09-30,PSR91,BWP01,30000,kg,BD-SP2KP,,,,,SP2KP Kemendag: Bawang Putih Honan (Pasar Kepahiang)
2026-09-30,PSR91,BRS05,15500,kg,BD-SP2KP,,,,,SP2KP Kemendag: Beras Premium (Pasar Kepahiang)
2026-09-30,PSR91,BRS03,14000,kg,BD-SP2KP,,,,,SP2KP Kemendag: Beras Medium (Pasar Kepahiang)
2026-09-30,PSR91,DSP02,140000,kg,BD-SP2KP,,,,,SP2KP Kemendag: Daging Sapi Paha Depan (Pasar Kepahiang)
2026-09-30,PSR91,CMR01,60000,kg,BD-SP2KP,,,,,SP2KP Kemendag: Cabai Merah Besar (Pasar Kepahiang)
2026-09-30,PSR01,CRW02,65000,kg,BD-SP2KP,,,,,SP2KP Kemendag: Cabai Rawit Merah (Pasar Taba Penanjung)
2026-09-30,PSR01,CRW01,55000,kg,BD-SP2KP,,,,,SP2KP Kemendag: Cabai Rawit Hijau (Pasar Taba Penanjung)
2026-09-30,PSR01,BWM01,30000,kg,BD-SP2KP,,,,,SP2KP Kemendag: Bawang Merah (Pasar Taba Penanjung)
2026-09-30,PSR01,GLP01,18000,kg,BD-SP2KP,,,,,SP2KP Kemendag: Gula Pasir Curah (Pasar Taba Penanjung)
2026-09-30,PSR01,GLP02,18000,kg,BD-SP2KP,,,,,SP2KP Kemendag: Gula Pasir Kemasan (Pasar Taba Penanjung)
2026-09-30,PSR01,MGR02,22000,liter,BD-SP2KP,,,,,SP2KP Kemendag: Minyak Goreng Sawit Kemasan Premium (Pasar Taba Penanjung)
2026-09-30,PSR01,DSP01,160000,kg,BD-SP2KP,,,,,SP2KP Kemendag: Daging Sapi Paha Belakang (Pasar Taba Penanjung)
2026-09-30,PSR01,CMR02,60000,kg,BD-SP2KP,,,,,SP2KP Kemendag: Cabai Merah Keriting (Pasar Taba Penanjung)
2026-09-30,PSR01,TLR01,25600,kg,BD-SP2KP,,,,,SP2KP Kemendag: Telur Ayam Ras (Pasar Taba Penanjung)
2026-09-30,PSR01,DAY01,40000,kg,BD-SP2KP,,,,,SP2KP Kemendag: Daging Ayam Ras (Pasar Taba Penanjung)
2026-09-30,PSR01,BWP01,30000,kg,BD-SP2KP,,,,,SP2KP Kemendag: Bawang Putih Honan (Pasar Taba Penanjung)
2026-09-30,PSR01,BRS05,16500,kg,BD-SP2KP,,,,,SP2KP Kemendag: Beras Premium (Pasar Taba Penanjung)
2026-09-30,PSR01,BRS03,14375,kg,BD-SP2KP,,,,,SP2KP Kemendag: Beras Medium (Pasar Taba Penanjung)
2026-09-30,PSR01,DSP02,160000,kg,BD-SP2KP,,,,,SP2KP Kemendag: Daging Sapi Paha Depan (Pasar Taba Penanjung)
2026-09-30,PSR01,CMR01,55000,kg,BD-SP2KP,,,,,SP2KP Kemendag: Cabai Merah Besar (Pasar Taba Penanjung)
2026-09-30,PSR92,CRW02,86667,kg,BD-SP2KP,,,,,SP2KP Kemendag: Cabai Rawit Merah (Pasar Panorama)
2026-09-30,PSR92,CRW01,68333,kg,BD-SP2KP,,,,,SP2KP Kemendag: Cabai Rawit Hijau (Pasar Panorama)
2026-09-30,PSR92,BWM01,45000,kg,BD-SP2KP,,,,,SP2KP Kemendag: Bawang Merah (Pasar Panorama)
2026-09-30,PSR92,GLP01,18833,kg,BD-SP2KP,,,,,SP2KP Kemendag: Gula Pasir Curah (Pasar Panorama)
2026-09-30,PSR92,GLP02,19000,kg,BD-SP2KP,,,,,SP2KP Kemendag: Gula Pasir Kemasan (Pasar Panorama)
2026-09-30,PSR92,MGR02,23000,liter,BD-SP2KP,,,,,SP2KP Kemendag: Minyak Goreng Sawit Kemasan Premium (Pasar Panorama)
2026-09-30,PSR92,DSP01,160000,kg,BD-SP2KP,,,,,SP2KP Kemendag: Daging Sapi Paha Belakang (Pasar Panorama)
2026-09-30,PSR92,CMR02,66667,kg,BD-SP2KP,,,,,SP2KP Kemendag: Cabai Merah Keriting (Pasar Panorama)
2026-09-30,PSR92,TLR01,30400,kg,BD-SP2KP,,,,,SP2KP Kemendag: Telur Ayam Ras (Pasar Panorama)
2026-09-30,PSR92,DAY01,43000,kg,BD-SP2KP,,,,,SP2KP Kemendag: Daging Ayam Ras (Pasar Panorama)
2026-09-30,PSR92,BWP01,46667,kg,BD-SP2KP,,,,,SP2KP Kemendag: Bawang Putih Honan (Pasar Panorama)
2026-09-30,PSR92,BRS05,16750,kg,BD-SP2KP,,,,,SP2KP Kemendag: Beras Premium (Pasar Panorama)
2026-09-30,PSR92,BRS03,15400,kg,BD-SP2KP,,,,,SP2KP Kemendag: Beras Medium (Pasar Panorama)
2026-09-30,PSR92,DSP02,160000,kg,BD-SP2KP,,,,,SP2KP Kemendag: Daging Sapi Paha Depan (Pasar Panorama)
2026-09-30,PSR92,CMR01,35000,kg,BD-SP2KP,,,,,SP2KP Kemendag: Cabai Merah Besar (Pasar Panorama)
2026-10-01,PSR91,CRW02,65000,kg,BD-SP2KP,,,,,SP2KP Kemendag: Cabai Rawit Merah (Pasar Kepahiang)
2026-10-01,PSR91,CRW01,50000,kg,BD-SP2KP,,,,,SP2KP Kemendag: Cabai Rawit Hijau (Pasar Kepahiang)
2026-10-01,PSR91,BWM01,32000,kg,BD-SP2KP,,,,,SP2KP Kemendag: Bawang Merah (Pasar Kepahiang)
2026-10-01,PSR91,GLP01,18000,kg,BD-SP2KP,,,,,SP2KP Kemendag: Gula Pasir Curah (Pasar Kepahiang)
2026-10-01,PSR91,GLP02,19000,kg,BD-SP2KP,,,,,SP2KP Kemendag: Gula Pasir Kemasan (Pasar Kepahiang)
2026-10-01,PSR91,MGR02,23000,liter,BD-SP2KP,,,,,SP2KP Kemendag: Minyak Goreng Sawit Kemasan Premium (Pasar Kepahiang)
2026-10-01,PSR91,DSP01,140000,kg,BD-SP2KP,,,,,SP2KP Kemendag: Daging Sapi Paha Belakang (Pasar Kepahiang)
2026-10-01,PSR91,CMR02,65000,kg,BD-SP2KP,,,,,SP2KP Kemendag: Cabai Merah Keriting (Pasar Kepahiang)
2026-10-01,PSR91,TLR01,26600,kg,BD-SP2KP,,,,,SP2KP Kemendag: Telur Ayam Ras (Pasar Kepahiang)
2026-10-01,PSR91,DAY01,40000,kg,BD-SP2KP,,,,,SP2KP Kemendag: Daging Ayam Ras (Pasar Kepahiang)
2026-10-01,PSR91,BWP01,30000,kg,BD-SP2KP,,,,,SP2KP Kemendag: Bawang Putih Honan (Pasar Kepahiang)
2026-10-01,PSR91,BRS05,15500,kg,BD-SP2KP,,,,,SP2KP Kemendag: Beras Premium (Pasar Kepahiang)
2026-10-01,PSR91,BRS03,14000,kg,BD-SP2KP,,,,,SP2KP Kemendag: Beras Medium (Pasar Kepahiang)
2026-10-01,PSR91,DSP02,140000,kg,BD-SP2KP,,,,,SP2KP Kemendag: Daging Sapi Paha Depan (Pasar Kepahiang)
2026-10-01,PSR91,CMR01,60000,kg,BD-SP2KP,,,,,SP2KP Kemendag: Cabai Merah Besar (Pasar Kepahiang)
2026-10-01,PSR01,CRW02,70000,kg,BD-SP2KP,,,,,SP2KP Kemendag: Cabai Rawit Merah (Pasar Taba Penanjung)
2026-10-01,PSR01,CRW01,60000,kg,BD-SP2KP,,,,,SP2KP Kemendag: Cabai Rawit Hijau (Pasar Taba Penanjung)
2026-10-01,PSR01,BWM01,30000,kg,BD-SP2KP,,,,,SP2KP Kemendag: Bawang Merah (Pasar Taba Penanjung)
2026-10-01,PSR01,GLP01,18000,kg,BD-SP2KP,,,,,SP2KP Kemendag: Gula Pasir Curah (Pasar Taba Penanjung)
2026-10-01,PSR01,GLP02,18000,kg,BD-SP2KP,,,,,SP2KP Kemendag: Gula Pasir Kemasan (Pasar Taba Penanjung)
2026-10-01,PSR01,MGR02,22000,liter,BD-SP2KP,,,,,SP2KP Kemendag: Minyak Goreng Sawit Kemasan Premium (Pasar Taba Penanjung)
2026-10-01,PSR01,DSP01,160000,kg,BD-SP2KP,,,,,SP2KP Kemendag: Daging Sapi Paha Belakang (Pasar Taba Penanjung)
2026-10-01,PSR01,CMR02,60000,kg,BD-SP2KP,,,,,SP2KP Kemendag: Cabai Merah Keriting (Pasar Taba Penanjung)
2026-10-01,PSR01,TLR01,25600,kg,BD-SP2KP,,,,,SP2KP Kemendag: Telur Ayam Ras (Pasar Taba Penanjung)
2026-10-01,PSR01,DAY01,40000,kg,BD-SP2KP,,,,,SP2KP Kemendag: Daging Ayam Ras (Pasar Taba Penanjung)
2026-10-01,PSR01,BWP01,30000,kg,BD-SP2KP,,,,,SP2KP Kemendag: Bawang Putih Honan (Pasar Taba Penanjung)
2026-10-01,PSR01,BRS05,16500,kg,BD-SP2KP,,,,,SP2KP Kemendag: Beras Premium (Pasar Taba Penanjung)
2026-10-01,PSR01,BRS03,14375,kg,BD-SP2KP,,,,,SP2KP Kemendag: Beras Medium (Pasar Taba Penanjung)
2026-10-01,PSR01,DSP02,160000,kg,BD-SP2KP,,,,,SP2KP Kemendag: Daging Sapi Paha Depan (Pasar Taba Penanjung)
2026-10-01,PSR01,CMR01,55000,kg,BD-SP2KP,,,,,SP2KP Kemendag: Cabai Merah Besar (Pasar Taba Penanjung)
2026-10-01,PSR92,CRW02,86667,kg,BD-SP2KP,,,,,SP2KP Kemendag: Cabai Rawit Merah (Pasar Panorama)
2026-10-01,PSR92,CRW01,68333,kg,BD-SP2KP,,,,,SP2KP Kemendag: Cabai Rawit Hijau (Pasar Panorama)
2026-10-01,PSR92,BWM01,45000,kg,BD-SP2KP,,,,,SP2KP Kemendag: Bawang Merah (Pasar Panorama)
2026-10-01,PSR92,GLP01,18833,kg,BD-SP2KP,,,,,SP2KP Kemendag: Gula Pasir Curah (Pasar Panorama)
2026-10-01,PSR92,GLP02,19000,kg,BD-SP2KP,,,,,SP2KP Kemendag: Gula Pasir Kemasan (Pasar Panorama)
2026-10-01,PSR92,MGR02,23000,liter,BD-SP2KP,,,,,SP2KP Kemendag: Minyak Goreng Sawit Kemasan Premium (Pasar Panorama)
2026-10-01,PSR92,DSP01,160000,kg,BD-SP2KP,,,,,SP2KP Kemendag: Daging Sapi Paha Belakang (Pasar Panorama)
2026-10-01,PSR92,CMR02,66667,kg,BD-SP2KP,,,,,SP2KP Kemendag: Cabai Merah Keriting (Pasar Panorama)
2026-10-01,PSR92,TLR01,30400,kg,BD-SP2KP,,,,,SP2KP Kemendag: Telur Ayam Ras (Pasar Panorama)
2026-10-01,PSR92,DAY01,43000,kg,BD-SP2KP,,,,,SP2KP Kemendag: Daging Ayam Ras (Pasar Panorama)
2026-10-01,PSR92,BWP01,46667,kg,BD-SP2KP,,,,,SP2KP Kemendag: Bawang Putih Honan (Pasar Panorama)
2026-10-01,PSR92,BRS05,16750,kg,BD-SP2KP,,,,,SP2KP Kemendag: Beras Premium (Pasar Panorama)
2026-10-01,PSR92,BRS03,15400,kg,BD-SP2KP,,,,,SP2KP Kemendag: Beras Medium (Pasar Panorama)
2026-10-01,PSR92,DSP02,160000,kg,BD-SP2KP,,,,,SP2KP Kemendag: Daging Sapi Paha Depan (Pasar Panorama)
2026-10-01,PSR92,CMR01,35000,kg,BD-SP2KP,,,,,SP2KP Kemendag: Cabai Merah Besar (Pasar Panorama)
2026-10-02,PSR91,CRW02,65000,kg,BD-SP2KP,,,,,SP2KP Kemendag: Cabai Rawit Merah (Pasar Kepahiang)
2026-10-02,PSR91,CRW01,50000,kg,BD-SP2KP,,,,,SP2KP Kemendag: Cabai Rawit Hijau (Pasar Kepahiang)
2026-10-02,PSR91,BWM01,32000,kg,BD-SP2KP,,,,,SP2KP Kemendag: Bawang Merah (Pasar Kepahiang)
2026-10-02,PSR91,GLP01,18000,kg,BD-SP2KP,,,,,SP2KP Kemendag: Gula Pasir Curah (Pasar Kepahiang)
2026-10-02,PSR91,GLP02,19000,kg,BD-SP2KP,,,,,SP2KP Kemendag: Gula Pasir Kemasan (Pasar Kepahiang)
2026-10-02,PSR91,MGR02,23000,liter,BD-SP2KP,,,,,SP2KP Kemendag: Minyak Goreng Sawit Kemasan Premium (Pasar Kepahiang)
2026-10-02,PSR91,DSP01,140000,kg,BD-SP2KP,,,,,SP2KP Kemendag: Daging Sapi Paha Belakang (Pasar Kepahiang)
2026-10-02,PSR91,CMR02,65000,kg,BD-SP2KP,,,,,SP2KP Kemendag: Cabai Merah Keriting (Pasar Kepahiang)
2026-10-02,PSR91,TLR01,26600,kg,BD-SP2KP,,,,,SP2KP Kemendag: Telur Ayam Ras (Pasar Kepahiang)
2026-10-02,PSR91,DAY01,38000,kg,BD-SP2KP,,,,,SP2KP Kemendag: Daging Ayam Ras (Pasar Kepahiang)
2026-10-02,PSR91,BWP01,30000,kg,BD-SP2KP,,,,,SP2KP Kemendag: Bawang Putih Honan (Pasar Kepahiang)
2026-10-02,PSR91,BRS05,15500,kg,BD-SP2KP,,,,,SP2KP Kemendag: Beras Premium (Pasar Kepahiang)
2026-10-02,PSR91,BRS03,14000,kg,BD-SP2KP,,,,,SP2KP Kemendag: Beras Medium (Pasar Kepahiang)
2026-10-02,PSR91,DSP02,140000,kg,BD-SP2KP,,,,,SP2KP Kemendag: Daging Sapi Paha Depan (Pasar Kepahiang)
2026-10-02,PSR91,CMR01,60000,kg,BD-SP2KP,,,,,SP2KP Kemendag: Cabai Merah Besar (Pasar Kepahiang)
2026-10-02,PSR01,CRW02,70000,kg,BD-SP2KP,,,,,SP2KP Kemendag: Cabai Rawit Merah (Pasar Taba Penanjung)
2026-10-02,PSR01,CRW01,60000,kg,BD-SP2KP,,,,,SP2KP Kemendag: Cabai Rawit Hijau (Pasar Taba Penanjung)
2026-10-02,PSR01,BWM01,30000,kg,BD-SP2KP,,,,,SP2KP Kemendag: Bawang Merah (Pasar Taba Penanjung)
2026-10-02,PSR01,GLP01,18000,kg,BD-SP2KP,,,,,SP2KP Kemendag: Gula Pasir Curah (Pasar Taba Penanjung)
2026-10-02,PSR01,GLP02,18000,kg,BD-SP2KP,,,,,SP2KP Kemendag: Gula Pasir Kemasan (Pasar Taba Penanjung)
2026-10-02,PSR01,MGR02,22000,liter,BD-SP2KP,,,,,SP2KP Kemendag: Minyak Goreng Sawit Kemasan Premium (Pasar Taba Penanjung)
2026-10-02,PSR01,DSP01,160000,kg,BD-SP2KP,,,,,SP2KP Kemendag: Daging Sapi Paha Belakang (Pasar Taba Penanjung)
2026-10-02,PSR01,CMR02,60000,kg,BD-SP2KP,,,,,SP2KP Kemendag: Cabai Merah Keriting (Pasar Taba Penanjung)
2026-10-02,PSR01,TLR01,25600,kg,BD-SP2KP,,,,,SP2KP Kemendag: Telur Ayam Ras (Pasar Taba Penanjung)
2026-10-02,PSR01,DAY01,40000,kg,BD-SP2KP,,,,,SP2KP Kemendag: Daging Ayam Ras (Pasar Taba Penanjung)
2026-10-02,PSR01,BWP01,30000,kg,BD-SP2KP,,,,,SP2KP Kemendag: Bawang Putih Honan (Pasar Taba Penanjung)
2026-10-02,PSR01,BRS05,16500,kg,BD-SP2KP,,,,,SP2KP Kemendag: Beras Premium (Pasar Taba Penanjung)
2026-10-02,PSR01,BRS03,14375,kg,BD-SP2KP,,,,,SP2KP Kemendag: Beras Medium (Pasar Taba Penanjung)
2026-10-02,PSR01,DSP02,160000,kg,BD-SP2KP,,,,,SP2KP Kemendag: Daging Sapi Paha Depan (Pasar Taba Penanjung)
2026-10-02,PSR01,CMR01,55000,kg,BD-SP2KP,,,,,SP2KP Kemendag: Cabai Merah Besar (Pasar Taba Penanjung)
2026-10-02,PSR92,CRW02,86667,kg,BD-SP2KP,,,,,SP2KP Kemendag: Cabai Rawit Merah (Pasar Panorama)
2026-10-02,PSR92,CRW01,75000,kg,BD-SP2KP,,,,,SP2KP Kemendag: Cabai Rawit Hijau (Pasar Panorama)
2026-10-02,PSR92,BWM01,45000,kg,BD-SP2KP,,,,,SP2KP Kemendag: Bawang Merah (Pasar Panorama)
2026-10-02,PSR92,GLP01,18833,kg,BD-SP2KP,,,,,SP2KP Kemendag: Gula Pasir Curah (Pasar Panorama)
2026-10-02,PSR92,GLP02,19000,kg,BD-SP2KP,,,,,SP2KP Kemendag: Gula Pasir Kemasan (Pasar Panorama)
2026-10-02,PSR92,MGR02,23000,liter,BD-SP2KP,,,,,SP2KP Kemendag: Minyak Goreng Sawit Kemasan Premium (Pasar Panorama)
2026-10-02,PSR92,DSP01,160000,kg,BD-SP2KP,,,,,SP2KP Kemendag: Daging Sapi Paha Belakang (Pasar Panorama)
2026-10-02,PSR92,CMR02,76667,kg,BD-SP2KP,,,,,SP2KP Kemendag: Cabai Merah Keriting (Pasar Panorama)
2026-10-02,PSR92,TLR01,30400,kg,BD-SP2KP,,,,,SP2KP Kemendag: Telur Ayam Ras (Pasar Panorama)
2026-10-02,PSR92,DAY01,39333,kg,BD-SP2KP,,,,,SP2KP Kemendag: Daging Ayam Ras (Pasar Panorama)
2026-10-02,PSR92,BWP01,46667,kg,BD-SP2KP,,,,,SP2KP Kemendag: Bawang Putih Honan (Pasar Panorama)
2026-10-02,PSR92,BRS05,16750,kg,BD-SP2KP,,,,,SP2KP Kemendag: Beras Premium (Pasar Panorama)
2026-10-02,PSR92,BRS03,15400,kg,BD-SP2KP,,,,,SP2KP Kemendag: Beras Medium (Pasar Panorama)
2026-10-02,PSR92,DSP02,160000,kg,BD-SP2KP,,,,,SP2KP Kemendag: Daging Sapi Paha Depan (Pasar Panorama)
2026-10-02,PSR92,CMR01,35000,kg,BD-SP2KP,,,,,SP2KP Kemendag: Cabai Merah Besar (Pasar Panorama)
2026-10-05,PSR91,CRW02,70000,kg,BD-SP2KP,,,,,SP2KP Kemendag: Cabai Rawit Merah (Pasar Kepahiang)
2026-10-05,PSR91,CRW01,60000,kg,BD-SP2KP,,,,,SP2KP Kemendag: Cabai Rawit Hijau (Pasar Kepahiang)
2026-10-05,PSR91,BWM01,32000,kg,BD-SP2KP,,,,,SP2KP Kemendag: Bawang Merah (Pasar Kepahiang)
2026-10-05,PSR91,GLP01,18000,kg,BD-SP2KP,,,,,SP2KP Kemendag: Gula Pasir Curah (Pasar Kepahiang)
2026-10-05,PSR91,GLP02,19000,kg,BD-SP2KP,,,,,SP2KP Kemendag: Gula Pasir Kemasan (Pasar Kepahiang)
2026-10-05,PSR91,MGR02,23000,liter,BD-SP2KP,,,,,SP2KP Kemendag: Minyak Goreng Sawit Kemasan Premium (Pasar Kepahiang)
2026-10-05,PSR91,DSP01,140000,kg,BD-SP2KP,,,,,SP2KP Kemendag: Daging Sapi Paha Belakang (Pasar Kepahiang)
2026-10-05,PSR91,CMR02,75000,kg,BD-SP2KP,,,,,SP2KP Kemendag: Cabai Merah Keriting (Pasar Kepahiang)
2026-10-05,PSR91,TLR01,26600,kg,BD-SP2KP,,,,,SP2KP Kemendag: Telur Ayam Ras (Pasar Kepahiang)
2026-10-05,PSR91,DAY01,38000,kg,BD-SP2KP,,,,,SP2KP Kemendag: Daging Ayam Ras (Pasar Kepahiang)
2026-10-05,PSR91,BWP01,30000,kg,BD-SP2KP,,,,,SP2KP Kemendag: Bawang Putih Honan (Pasar Kepahiang)
2026-10-05,PSR91,BRS05,15500,kg,BD-SP2KP,,,,,SP2KP Kemendag: Beras Premium (Pasar Kepahiang)
2026-10-05,PSR91,BRS03,14000,kg,BD-SP2KP,,,,,SP2KP Kemendag: Beras Medium (Pasar Kepahiang)
2026-10-05,PSR91,DSP02,140000,kg,BD-SP2KP,,,,,SP2KP Kemendag: Daging Sapi Paha Depan (Pasar Kepahiang)
2026-10-05,PSR91,CMR01,70000,kg,BD-SP2KP,,,,,SP2KP Kemendag: Cabai Merah Besar (Pasar Kepahiang)
2026-10-05,PSR01,CRW02,70000,kg,BD-SP2KP,,,,,SP2KP Kemendag: Cabai Rawit Merah (Pasar Taba Penanjung)
2026-10-05,PSR01,CRW01,60000,kg,BD-SP2KP,,,,,SP2KP Kemendag: Cabai Rawit Hijau (Pasar Taba Penanjung)
2026-10-05,PSR01,BWM01,30000,kg,BD-SP2KP,,,,,SP2KP Kemendag: Bawang Merah (Pasar Taba Penanjung)
2026-10-05,PSR01,GLP01,18000,kg,BD-SP2KP,,,,,SP2KP Kemendag: Gula Pasir Curah (Pasar Taba Penanjung)
2026-10-05,PSR01,GLP02,18000,kg,BD-SP2KP,,,,,SP2KP Kemendag: Gula Pasir Kemasan (Pasar Taba Penanjung)
2026-10-05,PSR01,MGR02,22000,liter,BD-SP2KP,,,,,SP2KP Kemendag: Minyak Goreng Sawit Kemasan Premium (Pasar Taba Penanjung)
2026-10-05,PSR01,DSP01,160000,kg,BD-SP2KP,,,,,SP2KP Kemendag: Daging Sapi Paha Belakang (Pasar Taba Penanjung)
2026-10-05,PSR01,CMR02,60000,kg,BD-SP2KP,,,,,SP2KP Kemendag: Cabai Merah Keriting (Pasar Taba Penanjung)
2026-10-05,PSR01,TLR01,25600,kg,BD-SP2KP,,,,,SP2KP Kemendag: Telur Ayam Ras (Pasar Taba Penanjung)
2026-10-05,PSR01,DAY01,40000,kg,BD-SP2KP,,,,,SP2KP Kemendag: Daging Ayam Ras (Pasar Taba Penanjung)
2026-10-05,PSR01,BWP01,30000,kg,BD-SP2KP,,,,,SP2KP Kemendag: Bawang Putih Honan (Pasar Taba Penanjung)
2026-10-05,PSR01,BRS05,16500,kg,BD-SP2KP,,,,,SP2KP Kemendag: Beras Premium (Pasar Taba Penanjung)
2026-10-05,PSR01,BRS03,14375,kg,BD-SP2KP,,,,,SP2KP Kemendag: Beras Medium (Pasar Taba Penanjung)
2026-10-05,PSR01,DSP02,160000,kg,BD-SP2KP,,,,,SP2KP Kemendag: Daging Sapi Paha Depan (Pasar Taba Penanjung)
2026-10-05,PSR01,CMR01,55000,kg,BD-SP2KP,,,,,SP2KP Kemendag: Cabai Merah Besar (Pasar Taba Penanjung)
2026-10-05,PSR92,CRW02,93333,kg,BD-SP2KP,,,,,SP2KP Kemendag: Cabai Rawit Merah (Pasar Panorama)
2026-10-05,PSR92,CRW01,90000,kg,BD-SP2KP,,,,,SP2KP Kemendag: Cabai Rawit Hijau (Pasar Panorama)
2026-10-05,PSR92,BWM01,45000,kg,BD-SP2KP,,,,,SP2KP Kemendag: Bawang Merah (Pasar Panorama)
2026-10-05,PSR92,GLP01,18833,kg,BD-SP2KP,,,,,SP2KP Kemendag: Gula Pasir Curah (Pasar Panorama)
2026-10-05,PSR92,GLP02,19000,kg,BD-SP2KP,,,,,SP2KP Kemendag: Gula Pasir Kemasan (Pasar Panorama)
2026-10-05,PSR92,MGR02,23000,liter,BD-SP2KP,,,,,SP2KP Kemendag: Minyak Goreng Sawit Kemasan Premium (Pasar Panorama)
2026-10-05,PSR92,DSP01,160000,kg,BD-SP2KP,,,,,SP2KP Kemendag: Daging Sapi Paha Belakang (Pasar Panorama)
2026-10-05,PSR92,CMR02,86667,kg,BD-SP2KP,,,,,SP2KP Kemendag: Cabai Merah Keriting (Pasar Panorama)
2026-10-05,PSR92,TLR01,30400,kg,BD-SP2KP,,,,,SP2KP Kemendag: Telur Ayam Ras (Pasar Panorama)
2026-10-05,PSR92,DAY01,38667,kg,BD-SP2KP,,,,,SP2KP Kemendag: Daging Ayam Ras (Pasar Panorama)
2026-10-05,PSR92,BWP01,46667,kg,BD-SP2KP,,,,,SP2KP Kemendag: Bawang Putih Honan (Pasar Panorama)
2026-10-05,PSR92,BRS05,16750,kg,BD-SP2KP,,,,,SP2KP Kemendag: Beras Premium (Pasar Panorama)
2026-10-05,PSR92,BRS03,15400,kg,BD-SP2KP,,,,,SP2KP Kemendag: Beras Medium (Pasar Panorama)
2026-10-05,PSR92,DSP02,160000,kg,BD-SP2KP,,,,,SP2KP Kemendag: Daging Sapi Paha Depan (Pasar Panorama)
2026-10-05,PSR92,CMR01,35000,kg,BD-SP2KP,,,,,SP2KP Kemendag: Cabai Merah Besar (Pasar Panorama)
2026-10-06,PSR91,CRW02,70000,kg,BD-SP2KP,,,,,SP2KP Kemendag: Cabai Rawit Merah (Pasar Kepahiang)
2026-10-06,PSR91,CRW01,60000,kg,BD-SP2KP,,,,,SP2KP Kemendag: Cabai Rawit Hijau (Pasar Kepahiang)
2026-10-06,PSR91,BWM01,32000,kg,BD-SP2KP,,,,,SP2KP Kemendag: Bawang Merah (Pasar Kepahiang)
2026-10-06,PSR91,GLP01,18000,kg,BD-SP2KP,,,,,SP2KP Kemendag: Gula Pasir Curah (Pasar Kepahiang)
2026-10-06,PSR91,GLP02,19000,kg,BD-SP2KP,,,,,SP2KP Kemendag: Gula Pasir Kemasan (Pasar Kepahiang)
2026-10-06,PSR91,MGR02,23000,liter,BD-SP2KP,,,,,SP2KP Kemendag: Minyak Goreng Sawit Kemasan Premium (Pasar Kepahiang)
2026-10-06,PSR91,DSP01,140000,kg,BD-SP2KP,,,,,SP2KP Kemendag: Daging Sapi Paha Belakang (Pasar Kepahiang)
2026-10-06,PSR91,CMR02,75000,kg,BD-SP2KP,,,,,SP2KP Kemendag: Cabai Merah Keriting (Pasar Kepahiang)
2026-10-06,PSR91,TLR01,26600,kg,BD-SP2KP,,,,,SP2KP Kemendag: Telur Ayam Ras (Pasar Kepahiang)
2026-10-06,PSR91,DAY01,38000,kg,BD-SP2KP,,,,,SP2KP Kemendag: Daging Ayam Ras (Pasar Kepahiang)
2026-10-06,PSR91,BWP01,30000,kg,BD-SP2KP,,,,,SP2KP Kemendag: Bawang Putih Honan (Pasar Kepahiang)
2026-10-06,PSR91,BRS05,15500,kg,BD-SP2KP,,,,,SP2KP Kemendag: Beras Premium (Pasar Kepahiang)
2026-10-06,PSR91,BRS03,14000,kg,BD-SP2KP,,,,,SP2KP Kemendag: Beras Medium (Pasar Kepahiang)
2026-10-06,PSR91,DSP02,140000,kg,BD-SP2KP,,,,,SP2KP Kemendag: Daging Sapi Paha Depan (Pasar Kepahiang)
2026-10-06,PSR91,CMR01,70000,kg,BD-SP2KP,,,,,SP2KP Kemendag: Cabai Merah Besar (Pasar Kepahiang)
2026-10-06,PSR01,CRW02,70000,kg,BD-SP2KP,,,,,SP2KP Kemendag: Cabai Rawit Merah (Pasar Taba Penanjung)
2026-10-06,PSR01,CRW01,60000,kg,BD-SP2KP,,,,,SP2KP Kemendag: Cabai Rawit Hijau (Pasar Taba Penanjung)
2026-10-06,PSR01,BWM01,30000,kg,BD-SP2KP,,,,,SP2KP Kemendag: Bawang Merah (Pasar Taba Penanjung)
2026-10-06,PSR01,GLP01,18000,kg,BD-SP2KP,,,,,SP2KP Kemendag: Gula Pasir Curah (Pasar Taba Penanjung)
2026-10-06,PSR01,GLP02,18000,kg,BD-SP2KP,,,,,SP2KP Kemendag: Gula Pasir Kemasan (Pasar Taba Penanjung)
2026-10-06,PSR01,MGR02,22000,liter,BD-SP2KP,,,,,SP2KP Kemendag: Minyak Goreng Sawit Kemasan Premium (Pasar Taba Penanjung)
2026-10-06,PSR01,DSP01,160000,kg,BD-SP2KP,,,,,SP2KP Kemendag: Daging Sapi Paha Belakang (Pasar Taba Penanjung)
2026-10-06,PSR01,CMR02,60000,kg,BD-SP2KP,,,,,SP2KP Kemendag: Cabai Merah Keriting (Pasar Taba Penanjung)
2026-10-06,PSR01,TLR01,25600,kg,BD-SP2KP,,,,,SP2KP Kemendag: Telur Ayam Ras (Pasar Taba Penanjung)
2026-10-06,PSR01,DAY01,40000,kg,BD-SP2KP,,,,,SP2KP Kemendag: Daging Ayam Ras (Pasar Taba Penanjung)
2026-10-06,PSR01,BWP01,30000,kg,BD-SP2KP,,,,,SP2KP Kemendag: Bawang Putih Honan (Pasar Taba Penanjung)
2026-10-06,PSR01,BRS05,16500,kg,BD-SP2KP,,,,,SP2KP Kemendag: Beras Premium (Pasar Taba Penanjung)
2026-10-06,PSR01,BRS03,14375,kg,BD-SP2KP,,,,,SP2KP Kemendag: Beras Medium (Pasar Taba Penanjung)
2026-10-06,PSR01,DSP02,160000,kg,BD-SP2KP,,,,,SP2KP Kemendag: Daging Sapi Paha Depan (Pasar Taba Penanjung)
2026-10-06,PSR01,CMR01,55000,kg,BD-SP2KP,,,,,SP2KP Kemendag: Cabai Merah Besar (Pasar Taba Penanjung)
2026-10-06,PSR92,CRW02,93333,kg,BD-SP2KP,,,,,SP2KP Kemendag: Cabai Rawit Merah (Pasar Panorama)
2026-10-06,PSR92,CRW01,90000,kg,BD-SP2KP,,,,,SP2KP Kemendag: Cabai Rawit Hijau (Pasar Panorama)
2026-10-06,PSR92,BWM01,45000,kg,BD-SP2KP,,,,,SP2KP Kemendag: Bawang Merah (Pasar Panorama)
2026-10-06,PSR92,GLP01,18833,kg,BD-SP2KP,,,,,SP2KP Kemendag: Gula Pasir Curah (Pasar Panorama)
2026-10-06,PSR92,GLP02,19000,kg,BD-SP2KP,,,,,SP2KP Kemendag: Gula Pasir Kemasan (Pasar Panorama)
2026-10-06,PSR92,MGR02,23000,liter,BD-SP2KP,,,,,SP2KP Kemendag: Minyak Goreng Sawit Kemasan Premium (Pasar Panorama)
2026-10-06,PSR92,DSP01,160000,kg,BD-SP2KP,,,,,SP2KP Kemendag: Daging Sapi Paha Belakang (Pasar Panorama)
2026-10-06,PSR92,CMR02,86667,kg,BD-SP2KP,,,,,SP2KP Kemendag: Cabai Merah Keriting (Pasar Panorama)
2026-10-06,PSR92,TLR01,30400,kg,BD-SP2KP,,,,,SP2KP Kemendag: Telur Ayam Ras (Pasar Panorama)
2026-10-06,PSR92,DAY01,38667,kg,BD-SP2KP,,,,,SP2KP Kemendag: Daging Ayam Ras (Pasar Panorama)
2026-10-06,PSR92,BWP01,46667,kg,BD-SP2KP,,,,,SP2KP Kemendag: Bawang Putih Honan (Pasar Panorama)
2026-10-06,PSR92,BRS05,16750,kg,BD-SP2KP,,,,,SP2KP Kemendag: Beras Premium (Pasar Panorama)
2026-10-06,PSR92,BRS03,15400,kg,BD-SP2KP,,,,,SP2KP Kemendag: Beras Medium (Pasar Panorama)
2026-10-06,PSR92,DSP02,160000,kg,BD-SP2KP,,,,,SP2KP Kemendag: Daging Sapi Paha Depan (Pasar Panorama)
2026-10-06,PSR92,CMR01,35000,kg,BD-SP2KP,,,,,SP2KP Kemendag: Cabai Merah Besar (Pasar Panorama)
2026-10-07,PSR91,CRW02,70000,kg,BD-SP2KP,,,,,SP2KP Kemendag: Cabai Rawit Merah (Pasar Kepahiang)
2026-10-07,PSR91,CRW01,60000,kg,BD-SP2KP,,,,,SP2KP Kemendag: Cabai Rawit Hijau (Pasar Kepahiang)
2026-10-07,PSR91,BWM01,32000,kg,BD-SP2KP,,,,,SP2KP Kemendag: Bawang Merah (Pasar Kepahiang)
2026-10-07,PSR91,GLP01,18000,kg,BD-SP2KP,,,,,SP2KP Kemendag: Gula Pasir Curah (Pasar Kepahiang)
2026-10-07,PSR91,GLP02,19000,kg,BD-SP2KP,,,,,SP2KP Kemendag: Gula Pasir Kemasan (Pasar Kepahiang)
2026-10-07,PSR91,MGR02,23000,liter,BD-SP2KP,,,,,SP2KP Kemendag: Minyak Goreng Sawit Kemasan Premium (Pasar Kepahiang)
2026-10-07,PSR91,DSP01,140000,kg,BD-SP2KP,,,,,SP2KP Kemendag: Daging Sapi Paha Belakang (Pasar Kepahiang)
2026-10-07,PSR91,CMR02,75000,kg,BD-SP2KP,,,,,SP2KP Kemendag: Cabai Merah Keriting (Pasar Kepahiang)
2026-10-07,PSR91,TLR01,26600,kg,BD-SP2KP,,,,,SP2KP Kemendag: Telur Ayam Ras (Pasar Kepahiang)
2026-10-07,PSR91,DAY01,38000,kg,BD-SP2KP,,,,,SP2KP Kemendag: Daging Ayam Ras (Pasar Kepahiang)
2026-10-07,PSR91,BWP01,30000,kg,BD-SP2KP,,,,,SP2KP Kemendag: Bawang Putih Honan (Pasar Kepahiang)
2026-10-07,PSR91,BRS05,15500,kg,BD-SP2KP,,,,,SP2KP Kemendag: Beras Premium (Pasar Kepahiang)
2026-10-07,PSR91,BRS03,14000,kg,BD-SP2KP,,,,,SP2KP Kemendag: Beras Medium (Pasar Kepahiang)
2026-10-07,PSR91,DSP02,140000,kg,BD-SP2KP,,,,,SP2KP Kemendag: Daging Sapi Paha Depan (Pasar Kepahiang)
2026-10-07,PSR91,CMR01,70000,kg,BD-SP2KP,,,,,SP2KP Kemendag: Cabai Merah Besar (Pasar Kepahiang)
2026-10-07,PSR01,CRW02,70000,kg,BD-SP2KP,,,,,SP2KP Kemendag: Cabai Rawit Merah (Pasar Taba Penanjung)
2026-10-07,PSR01,CRW01,60000,kg,BD-SP2KP,,,,,SP2KP Kemendag: Cabai Rawit Hijau (Pasar Taba Penanjung)
2026-10-07,PSR01,BWM01,30000,kg,BD-SP2KP,,,,,SP2KP Kemendag: Bawang Merah (Pasar Taba Penanjung)
2026-10-07,PSR01,GLP01,18000,kg,BD-SP2KP,,,,,SP2KP Kemendag: Gula Pasir Curah (Pasar Taba Penanjung)
2026-10-07,PSR01,GLP02,18000,kg,BD-SP2KP,,,,,SP2KP Kemendag: Gula Pasir Kemasan (Pasar Taba Penanjung)
2026-10-07,PSR01,MGR02,22000,liter,BD-SP2KP,,,,,SP2KP Kemendag: Minyak Goreng Sawit Kemasan Premium (Pasar Taba Penanjung)
2026-10-07,PSR01,DSP01,160000,kg,BD-SP2KP,,,,,SP2KP Kemendag: Daging Sapi Paha Belakang (Pasar Taba Penanjung)
2026-10-07,PSR01,CMR02,60000,kg,BD-SP2KP,,,,,SP2KP Kemendag: Cabai Merah Keriting (Pasar Taba Penanjung)
2026-10-07,PSR01,TLR01,25600,kg,BD-SP2KP,,,,,SP2KP Kemendag: Telur Ayam Ras (Pasar Taba Penanjung)
2026-10-07,PSR01,DAY01,40000,kg,BD-SP2KP,,,,,SP2KP Kemendag: Daging Ayam Ras (Pasar Taba Penanjung)
2026-10-07,PSR01,BWP01,30000,kg,BD-SP2KP,,,,,SP2KP Kemendag: Bawang Putih Honan (Pasar Taba Penanjung)
2026-10-07,PSR01,BRS05,16500,kg,BD-SP2KP,,,,,SP2KP Kemendag: Beras Premium (Pasar Taba Penanjung)
2026-10-07,PSR01,BRS03,14375,kg,BD-SP2KP,,,,,SP2KP Kemendag: Beras Medium (Pasar Taba Penanjung)
2026-10-07,PSR01,DSP02,160000,kg,BD-SP2KP,,,,,SP2KP Kemendag: Daging Sapi Paha Depan (Pasar Taba Penanjung)
2026-10-07,PSR01,CMR01,55000,kg,BD-SP2KP,,,,,SP2KP Kemendag: Cabai Merah Besar (Pasar Taba Penanjung)
2026-10-07,PSR92,CRW02,93333,kg,BD-SP2KP,,,,,SP2KP Kemendag: Cabai Rawit Merah (Pasar Panorama)
2026-10-07,PSR92,CRW01,90000,kg,BD-SP2KP,,,,,SP2KP Kemendag: Cabai Rawit Hijau (Pasar Panorama)
2026-10-07,PSR92,BWM01,45000,kg,BD-SP2KP,,,,,SP2KP Kemendag: Bawang Merah (Pasar Panorama)
2026-10-07,PSR92,GLP01,19000,kg,BD-SP2KP,,,,,SP2KP Kemendag: Gula Pasir Curah (Pasar Panorama)
2026-10-07,PSR92,GLP02,19000,kg,BD-SP2KP,,,,,SP2KP Kemendag: Gula Pasir Kemasan (Pasar Panorama)
2026-10-07,PSR92,MGR02,23000,liter,BD-SP2KP,,,,,SP2KP Kemendag: Minyak Goreng Sawit Kemasan Premium (Pasar Panorama)
2026-10-07,PSR92,DSP01,160000,kg,BD-SP2KP,,,,,SP2KP Kemendag: Daging Sapi Paha Belakang (Pasar Panorama)
2026-10-07,PSR92,CMR02,86667,kg,BD-SP2KP,,,,,SP2KP Kemendag: Cabai Merah Keriting (Pasar Panorama)
2026-10-07,PSR92,TLR01,30400,kg,BD-SP2KP,,,,,SP2KP Kemendag: Telur Ayam Ras (Pasar Panorama)
2026-10-07,PSR92,DAY01,38667,kg,BD-SP2KP,,,,,SP2KP Kemendag: Daging Ayam Ras (Pasar Panorama)
2026-10-07,PSR92,BWP01,46667,kg,BD-SP2KP,,,,,SP2KP Kemendag: Bawang Putih Honan (Pasar Panorama)
2026-10-07,PSR92,BRS05,16750,kg,BD-SP2KP,,,,,SP2KP Kemendag: Beras Premium (Pasar Panorama)
2026-10-07,PSR92,BRS03,15400,kg,BD-SP2KP,,,,,SP2KP Kemendag: Beras Medium (Pasar Panorama)
2026-10-07,PSR92,DSP02,160000,kg,BD-SP2KP,,,,,SP2KP Kemendag: Daging Sapi Paha Depan (Pasar Panorama)
2026-10-07,PSR92,CMR01,35000,kg,BD-SP2KP,,,,,SP2KP Kemendag: Cabai Merah Besar (Pasar Panorama)
2026-10-08,PSR91,CRW02,70000,kg,BD-SP2KP,,,,,SP2KP Kemendag: Cabai Rawit Merah (Pasar Kepahiang)
2026-10-08,PSR91,CRW01,60000,kg,BD-SP2KP,,,,,SP2KP Kemendag: Cabai Rawit Hijau (Pasar Kepahiang)
2026-10-08,PSR91,BWM01,32000,kg,BD-SP2KP,,,,,SP2KP Kemendag: Bawang Merah (Pasar Kepahiang)
2026-10-08,PSR91,GLP01,18000,kg,BD-SP2KP,,,,,SP2KP Kemendag: Gula Pasir Curah (Pasar Kepahiang)
2026-10-08,PSR91,GLP02,19000,kg,BD-SP2KP,,,,,SP2KP Kemendag: Gula Pasir Kemasan (Pasar Kepahiang)
2026-10-08,PSR91,MGR02,23000,liter,BD-SP2KP,,,,,SP2KP Kemendag: Minyak Goreng Sawit Kemasan Premium (Pasar Kepahiang)
2026-10-08,PSR91,DSP01,140000,kg,BD-SP2KP,,,,,SP2KP Kemendag: Daging Sapi Paha Belakang (Pasar Kepahiang)
2026-10-08,PSR91,CMR02,75000,kg,BD-SP2KP,,,,,SP2KP Kemendag: Cabai Merah Keriting (Pasar Kepahiang)
2026-10-08,PSR91,TLR01,26600,kg,BD-SP2KP,,,,,SP2KP Kemendag: Telur Ayam Ras (Pasar Kepahiang)
2026-10-08,PSR91,DAY01,38000,kg,BD-SP2KP,,,,,SP2KP Kemendag: Daging Ayam Ras (Pasar Kepahiang)
2026-10-08,PSR91,BWP01,30000,kg,BD-SP2KP,,,,,SP2KP Kemendag: Bawang Putih Honan (Pasar Kepahiang)
2026-10-08,PSR91,BRS05,15500,kg,BD-SP2KP,,,,,SP2KP Kemendag: Beras Premium (Pasar Kepahiang)
2026-10-08,PSR91,BRS03,14000,kg,BD-SP2KP,,,,,SP2KP Kemendag: Beras Medium (Pasar Kepahiang)
2026-10-08,PSR91,DSP02,140000,kg,BD-SP2KP,,,,,SP2KP Kemendag: Daging Sapi Paha Depan (Pasar Kepahiang)
2026-10-08,PSR91,CMR01,70000,kg,BD-SP2KP,,,,,SP2KP Kemendag: Cabai Merah Besar (Pasar Kepahiang)
2026-10-08,PSR01,CRW02,80000,kg,BD-SP2KP,,,,,SP2KP Kemendag: Cabai Rawit Merah (Pasar Taba Penanjung)
2026-10-08,PSR01,CRW01,70000,kg,BD-SP2KP,,,,,SP2KP Kemendag: Cabai Rawit Hijau (Pasar Taba Penanjung)
2026-10-08,PSR01,BWM01,30000,kg,BD-SP2KP,,,,,SP2KP Kemendag: Bawang Merah (Pasar Taba Penanjung)
2026-10-08,PSR01,GLP01,18000,kg,BD-SP2KP,,,,,SP2KP Kemendag: Gula Pasir Curah (Pasar Taba Penanjung)
2026-10-08,PSR01,GLP02,18000,kg,BD-SP2KP,,,,,SP2KP Kemendag: Gula Pasir Kemasan (Pasar Taba Penanjung)
2026-10-08,PSR01,MGR02,22000,liter,BD-SP2KP,,,,,SP2KP Kemendag: Minyak Goreng Sawit Kemasan Premium (Pasar Taba Penanjung)
2026-10-08,PSR01,DSP01,160000,kg,BD-SP2KP,,,,,SP2KP Kemendag: Daging Sapi Paha Belakang (Pasar Taba Penanjung)
2026-10-08,PSR01,CMR02,75000,kg,BD-SP2KP,,,,,SP2KP Kemendag: Cabai Merah Keriting (Pasar Taba Penanjung)
2026-10-08,PSR01,TLR01,25600,kg,BD-SP2KP,,,,,SP2KP Kemendag: Telur Ayam Ras (Pasar Taba Penanjung)
2026-10-08,PSR01,DAY01,40000,kg,BD-SP2KP,,,,,SP2KP Kemendag: Daging Ayam Ras (Pasar Taba Penanjung)
2026-10-08,PSR01,BWP01,30000,kg,BD-SP2KP,,,,,SP2KP Kemendag: Bawang Putih Honan (Pasar Taba Penanjung)
2026-10-08,PSR01,BRS05,16500,kg,BD-SP2KP,,,,,SP2KP Kemendag: Beras Premium (Pasar Taba Penanjung)
2026-10-08,PSR01,BRS03,14375,kg,BD-SP2KP,,,,,SP2KP Kemendag: Beras Medium (Pasar Taba Penanjung)
2026-10-08,PSR01,DSP02,160000,kg,BD-SP2KP,,,,,SP2KP Kemendag: Daging Sapi Paha Depan (Pasar Taba Penanjung)
2026-10-08,PSR01,CMR01,70000,kg,BD-SP2KP,,,,,SP2KP Kemendag: Cabai Merah Besar (Pasar Taba Penanjung)
2026-10-08,PSR92,CRW02,93333,kg,BD-SP2KP,,,,,SP2KP Kemendag: Cabai Rawit Merah (Pasar Panorama)
2026-10-08,PSR92,CRW01,90000,kg,BD-SP2KP,,,,,SP2KP Kemendag: Cabai Rawit Hijau (Pasar Panorama)
2026-10-08,PSR92,BWM01,45000,kg,BD-SP2KP,,,,,SP2KP Kemendag: Bawang Merah (Pasar Panorama)
2026-10-08,PSR92,GLP01,19000,kg,BD-SP2KP,,,,,SP2KP Kemendag: Gula Pasir Curah (Pasar Panorama)
2026-10-08,PSR92,GLP02,19000,kg,BD-SP2KP,,,,,SP2KP Kemendag: Gula Pasir Kemasan (Pasar Panorama)
2026-10-08,PSR92,MGR02,23000,liter,BD-SP2KP,,,,,SP2KP Kemendag: Minyak Goreng Sawit Kemasan Premium (Pasar Panorama)
2026-10-08,PSR92,DSP01,160000,kg,BD-SP2KP,,,,,SP2KP Kemendag: Daging Sapi Paha Belakang (Pasar Panorama)
2026-10-08,PSR92,CMR02,86667,kg,BD-SP2KP,,,,,SP2KP Kemendag: Cabai Merah Keriting (Pasar Panorama)
2026-10-08,PSR92,TLR01,30400,kg,BD-SP2KP,,,,,SP2KP Kemendag: Telur Ayam Ras (Pasar Panorama)
2026-10-08,PSR92,DAY01,38667,kg,BD-SP2KP,,,,,SP2KP Kemendag: Daging Ayam Ras (Pasar Panorama)
2026-10-08,PSR92,BWP01,46667,kg,BD-SP2KP,,,,,SP2KP Kemendag: Bawang Putih Honan (Pasar Panorama)
2026-10-08,PSR92,BRS05,16750,kg,BD-SP2KP,,,,,SP2KP Kemendag: Beras Premium (Pasar Panorama)
2026-10-08,PSR92,BRS03,15400,kg,BD-SP2KP,,,,,SP2KP Kemendag: Beras Medium (Pasar Panorama)
2026-10-08,PSR92,DSP02,160000,kg,BD-SP2KP,,,,,SP2KP Kemendag: Daging Sapi Paha Depan (Pasar Panorama)
2026-10-08,PSR92,CMR01,35000,kg,BD-SP2KP,,,,,SP2KP Kemendag: Cabai Merah Besar (Pasar Panorama)
2026-10-09,PSR91,CRW02,70000,kg,BD-SP2KP,,,,,SP2KP Kemendag: Cabai Rawit Merah (Pasar Kepahiang)
2026-10-09,PSR91,CRW01,60000,kg,BD-SP2KP,,,,,SP2KP Kemendag: Cabai Rawit Hijau (Pasar Kepahiang)
2026-10-09,PSR91,BWM01,32000,kg,BD-SP2KP,,,,,SP2KP Kemendag: Bawang Merah (Pasar Kepahiang)
2026-10-09,PSR91,GLP01,18000,kg,BD-SP2KP,,,,,SP2KP Kemendag: Gula Pasir Curah (Pasar Kepahiang)
2026-10-09,PSR91,GLP02,19000,kg,BD-SP2KP,,,,,SP2KP Kemendag: Gula Pasir Kemasan (Pasar Kepahiang)
2026-10-09,PSR91,MGR02,23000,liter,BD-SP2KP,,,,,SP2KP Kemendag: Minyak Goreng Sawit Kemasan Premium (Pasar Kepahiang)
2026-10-09,PSR91,DSP01,140000,kg,BD-SP2KP,,,,,SP2KP Kemendag: Daging Sapi Paha Belakang (Pasar Kepahiang)
2026-10-09,PSR91,CMR02,75000,kg,BD-SP2KP,,,,,SP2KP Kemendag: Cabai Merah Keriting (Pasar Kepahiang)
2026-10-09,PSR91,TLR01,26600,kg,BD-SP2KP,,,,,SP2KP Kemendag: Telur Ayam Ras (Pasar Kepahiang)
2026-10-09,PSR91,DAY01,38000,kg,BD-SP2KP,,,,,SP2KP Kemendag: Daging Ayam Ras (Pasar Kepahiang)
2026-10-09,PSR91,BWP01,30000,kg,BD-SP2KP,,,,,SP2KP Kemendag: Bawang Putih Honan (Pasar Kepahiang)
2026-10-09,PSR91,BRS05,15500,kg,BD-SP2KP,,,,,SP2KP Kemendag: Beras Premium (Pasar Kepahiang)
2026-10-09,PSR91,BRS03,14000,kg,BD-SP2KP,,,,,SP2KP Kemendag: Beras Medium (Pasar Kepahiang)
2026-10-09,PSR91,DSP02,140000,kg,BD-SP2KP,,,,,SP2KP Kemendag: Daging Sapi Paha Depan (Pasar Kepahiang)
2026-10-09,PSR91,CMR01,70000,kg,BD-SP2KP,,,,,SP2KP Kemendag: Cabai Merah Besar (Pasar Kepahiang)
2026-10-09,PSR01,CRW02,80000,kg,BD-SP2KP,,,,,SP2KP Kemendag: Cabai Rawit Merah (Pasar Taba Penanjung)
2026-10-09,PSR01,CRW01,70000,kg,BD-SP2KP,,,,,SP2KP Kemendag: Cabai Rawit Hijau (Pasar Taba Penanjung)
2026-10-09,PSR01,BWM01,30000,kg,BD-SP2KP,,,,,SP2KP Kemendag: Bawang Merah (Pasar Taba Penanjung)
2026-10-09,PSR01,GLP01,18000,kg,BD-SP2KP,,,,,SP2KP Kemendag: Gula Pasir Curah (Pasar Taba Penanjung)
2026-10-09,PSR01,GLP02,18000,kg,BD-SP2KP,,,,,SP2KP Kemendag: Gula Pasir Kemasan (Pasar Taba Penanjung)
2026-10-09,PSR01,MGR02,22000,liter,BD-SP2KP,,,,,SP2KP Kemendag: Minyak Goreng Sawit Kemasan Premium (Pasar Taba Penanjung)
2026-10-09,PSR01,DSP01,160000,kg,BD-SP2KP,,,,,SP2KP Kemendag: Daging Sapi Paha Belakang (Pasar Taba Penanjung)
2026-10-09,PSR01,CMR02,75000,kg,BD-SP2KP,,,,,SP2KP Kemendag: Cabai Merah Keriting (Pasar Taba Penanjung)
2026-10-09,PSR01,TLR01,25600,kg,BD-SP2KP,,,,,SP2KP Kemendag: Telur Ayam Ras (Pasar Taba Penanjung)
2026-10-09,PSR01,DAY01,40000,kg,BD-SP2KP,,,,,SP2KP Kemendag: Daging Ayam Ras (Pasar Taba Penanjung)
2026-10-09,PSR01,BWP01,30000,kg,BD-SP2KP,,,,,SP2KP Kemendag: Bawang Putih Honan (Pasar Taba Penanjung)
2026-10-09,PSR01,BRS05,16500,kg,BD-SP2KP,,,,,SP2KP Kemendag: Beras Premium (Pasar Taba Penanjung)
2026-10-09,PSR01,BRS03,14375,kg,BD-SP2KP,,,,,SP2KP Kemendag: Beras Medium (Pasar Taba Penanjung)
2026-10-09,PSR01,DSP02,160000,kg,BD-SP2KP,,,,,SP2KP Kemendag: Daging Sapi Paha Depan (Pasar Taba Penanjung)
2026-10-09,PSR01,CMR01,70000,kg,BD-SP2KP,,,,,SP2KP Kemendag: Cabai Merah Besar (Pasar Taba Penanjung)
2026-10-09,PSR92,CRW02,100000,kg,BD-SP2KP,,,,,SP2KP Kemendag: Cabai Rawit Merah (Pasar Panorama)
2026-10-09,PSR92,CRW01,93333,kg,BD-SP2KP,,,,,SP2KP Kemendag: Cabai Rawit Hijau (Pasar Panorama)
2026-10-09,PSR92,BWM01,45000,kg,BD-SP2KP,,,,,SP2KP Kemendag: Bawang Merah (Pasar Panorama)
2026-10-09,PSR92,GLP01,19000,kg,BD-SP2KP,,,,,SP2KP Kemendag: Gula Pasir Curah (Pasar Panorama)
2026-10-09,PSR92,GLP02,19000,kg,BD-SP2KP,,,,,SP2KP Kemendag: Gula Pasir Kemasan (Pasar Panorama)
2026-10-09,PSR92,MGR02,23000,liter,BD-SP2KP,,,,,SP2KP Kemendag: Minyak Goreng Sawit Kemasan Premium (Pasar Panorama)
2026-10-09,PSR92,DSP01,160000,kg,BD-SP2KP,,,,,SP2KP Kemendag: Daging Sapi Paha Belakang (Pasar Panorama)
2026-10-09,PSR92,CMR02,98333,kg,BD-SP2KP,,,,,SP2KP Kemendag: Cabai Merah Keriting (Pasar Panorama)
2026-10-09,PSR92,TLR01,30400,kg,BD-SP2KP,,,,,SP2KP Kemendag: Telur Ayam Ras (Pasar Panorama)
2026-10-09,PSR92,DAY01,38000,kg,BD-SP2KP,,,,,SP2KP Kemendag: Daging Ayam Ras (Pasar Panorama)
2026-10-09,PSR92,BWP01,46667,kg,BD-SP2KP,,,,,SP2KP Kemendag: Bawang Putih Honan (Pasar Panorama)
2026-10-09,PSR92,BRS05,16750,kg,BD-SP2KP,,,,,SP2KP Kemendag: Beras Premium (Pasar Panorama)
2026-10-09,PSR92,BRS03,15400,kg,BD-SP2KP,,,,,SP2KP Kemendag: Beras Medium (Pasar Panorama)
2026-10-09,PSR92,DSP02,160000,kg,BD-SP2KP,,,,,SP2KP Kemendag: Daging Sapi Paha Depan (Pasar Panorama)
2026-10-09,PSR92,CMR01,35000,kg,BD-SP2KP,,,,,SP2KP Kemendag: Cabai Merah Besar (Pasar Panorama)
